# model=sk N=200 meanJ=0 seed=1106115043 distribution=gaussian field=0 num_fields=200 num_couplings=19900
0 0
1 0
2 0
3 0
4 0
5 0
6 0
7 0
8 0
9 0
10 0
11 0
12 0
13 0
14 0
15 0
16 0
17 0
18 0
19 0
20 0
21 0
22 0
23 0
24 0
25 0
26 0
27 0
28 0
29 0
30 0
31 0
32 0
33 0
34 0
35 0
36 0
37 0
38 0
39 0
40 0
41 0
42 0
43 0
44 0
45 0
46 0
47 0
48 0
49 0
50 0
51 0
52 0
53 0
54 0
55 0
56 0
57 0
58 0
59 0
60 0
61 0
62 0
63 0
64 0
65 0
66 0
67 0
68 0
69 0
70 0
71 0
72 0
73 0
74 0
75 0
76 0
77 0
78 0
79 0
80 0
81 0
82 0
83 0
84 0
85 0
86 0
87 0
88 0
89 0
90 0
91 0
92 0
93 0
94 0
95 0
96 0
97 0
98 0
99 0
100 0
101 0
102 0
103 0
104 0
105 0
106 0
107 0
108 0
109 0
110 0
111 0
112 0
113 0
114 0
115 0
116 0
117 0
118 0
119 0
120 0
121 0
122 0
123 0
124 0
125 0
126 0
127 0
128 0
129 0
130 0
131 0
132 0
133 0
134 0
135 0
136 0
137 0
138 0
139 0
140 0
141 0
142 0
143 0
144 0
145 0
146 0
147 0
148 0
149 0
150 0
151 0
152 0
153 0
154 0
155 0
156 0
157 0
158 0
159 0
160 0
161 0
162 0
163 0
164 0
165 0
166 0
167 0
168 0
169 0
170 0
171 0
172 0
173 0
174 0
175 0
176 0
177 0
178 0
179 0
180 0
181 0
182 0
183 0
184 0
185 0
186 0
187 0
188 0
189 0
190 0
191 0
192 0
193 0
194 0
195 0
196 0
197 0
198 0
199 0
0 1 0.00433
0 2 0.035
0 3 -0.01694
0 4 -0.03472
0 5 -0.03717
0 6 -0.00978
0 7 0.00997
0 8 0.01671
0 9 0.03094
0 10 0.11432
0 11 0.00577
0 12 -0.04349
0 13 -0.07743
0 14 0.04613
0 15 -0.03589
0 16 0.03211
0 17 -0.04897
0 18 0.06428
0 19 0.10564
0 20 -0.0466
0 21 0.04181
0 22 0.07821
0 23 -0.02308
0 24 0.00862
0 25 0.01342
0 26 0.0196
0 27 -0.03048
0 28 -0.06125
0 29 -0.11025
0 30 0.09624
0 31 0.14691
0 32 0.09986
0 33 -0.1348
0 34 0.01234
0 35 -0.07575
0 36 0.0505
0 37 -0.02891
0 38 0.02723
0 39 -0.15535
0 40 0.05545
0 41 0.00484
0 42 0.00348
0 43 -0.11267
0 44 -0.01394
0 45 -0.03842
0 46 -0.01534
0 47 -0.12805
0 48 0.05219
0 49 0.01184
0 50 -0.07375
0 51 0.07892
0 52 0.04617
0 53 0.02379
0 54 0.15191
0 55 0.09918
0 56 -0.02311
0 57 -0.05456
0 58 -0.08891
0 59 -0.0663
0 60 -0.04715
0 61 0.04445
0 62 0.07764
0 63 -0.06427
0 64 -0.02819
0 65 0.02926
0 66 0.12623
0 67 -0.01234
0 68 0.01028
0 69 0.05264
0 70 -0.0318
0 71 0.07741
0 72 -0.03207
0 73 0.0623
0 74 -0.02263
0 75 -0.10828
0 76 -0.01214
0 77 0.07673
0 78 -0.06274
0 79 0.03624
0 80 -0.07842
0 81 -0.01132
0 82 0.01522
0 83 0.07727
0 84 -0.02355
0 85 0.07937
0 86 0.01841
0 87 0.05366
0 88 0.00707
0 89 0.04088
0 90 -0.08591
0 91 -0.06036
0 92 0.06324
0 93 -0.09786
0 94 -0.14094
0 95 -0.09323
0 96 -0.02847
0 97 -0.06913
0 98 0.10222
0 99 -0.07442
0 100 -0.01343
0 101 -0.06164
0 102 -0.02407
0 103 -0.13615
0 104 -0.00587
0 105 0.02886
0 106 -0.01167
0 107 -0.04263
0 108 -0.00226
0 109 -0.02705
0 110 0.05587
0 111 0.00825
0 112 -0.05122
0 113 0.03794
0 114 -0.07553
0 115 0.02662
0 116 -0.00937
0 117 0.06338
0 118 0.03646
0 119 0.051
0 120 0.04759
0 121 0.03498
0 122 -0.01565
0 123 -0.01809
0 124 -0.05372
0 125 -0.04354
0 126 0.02677
0 127 -0.04591
0 128 0.01139
0 129 -0.04684
0 130 -0.00493
0 131 -0.10416
0 132 -0.01949
0 133 0.00842
0 134 0.01032
0 135 0.09053
0 136 -0.01001
0 137 -0.1917
0 138 -0.06915
0 139 0.03667
0 140 0.08151
0 141 -0.05
0 142 -0.06393
0 143 0.089
0 144 0.02227
0 145 -0.08613
0 146 -0.02991
0 147 -0.06406
0 148 0.02918
0 149 -0.0396
0 150 -0.01552
0 151 0.14984
0 152 0.11945
0 153 -0.05434
0 154 0.06719
0 155 0.01523
0 156 -0.05409
0 157 -0.0734
0 158 0.03835
0 159 -0.05984
0 160 0.02491
0 161 0.01542
0 162 0.02547
0 163 -0.00852
0 164 -0.00294
0 165 0.09322
0 166 -0.14042
0 167 -0.1292
0 168 -0.0569
0 169 -0.07141
0 170 0.00938
0 171 -0.16958
0 172 -0.04297
0 173 0.0039
0 174 0.05271
0 175 -0.17067
0 176 -0.07183
0 177 -0.0256
0 178 0.03913
0 179 -0.00246
0 180 0.17907
0 181 0.00618
0 182 0.0672
0 183 0.14106
0 184 -0.00875
0 185 -0.08053
0 186 -0.01547
0 187 0.0401
0 188 -0.00961
0 189 0.03576
0 190 0.14331
0 191 0.03282
0 192 -0.09503
0 193 -0.10134
0 194 0.15661
0 195 -0.01631
0 196 0.03244
0 197 0.00809
0 198 -0.03762
0 199 -0.03863
1 2 -0.00109
1 3 0.07371
1 4 0.11981
1 5 -0.09038
1 6 0.05659
1 7 0.02792
1 8 -0.05815
1 9 0.02978
1 10 0.09332
1 11 0.03029
1 12 -0.01987
1 13 -0.02934
1 14 0.07336
1 15 0.13674
1 16 0.15319
1 17 0.07381
1 18 -0.02995
1 19 0.1421
1 20 -0.01085
1 21 0.04346
1 22 -0.02279
1 23 0.00199
1 24 0.09362
1 25 -0.00813
1 26 -0.02125
1 27 -0.02295
1 28 0.0151
1 29 0.02354
1 30 0.09147
1 31 0.0593
1 32 0.05128
1 33 0.0137
1 34 -0.01476
1 35 -0.12112
1 36 0.01008
1 37 0.02464
1 38 0.03945
1 39 -0.05506
1 40 0.16018
1 41 -0.05551
1 42 0.01069
1 43 0.09165
1 44 -0.01202
1 45 0.02449
1 46 0.00607
1 47 -0.08102
1 48 -0.02009
1 49 0.03411
1 50 -0.11954
1 51 0.04028
1 52 0.04392
1 53 -0.13113
1 54 0.1189
1 55 0.17169
1 56 0.07028
1 57 0.08827
1 58 -0.04589
1 59 0.02592
1 60 -0.07486
1 61 -0.07137
1 62 0.12562
1 63 -0.01802
1 64 -0.0025
1 65 -0.03369
1 66 0.03636
1 67 -0.04513
1 68 -0.03391
1 69 -0.03938
1 70 -0.21344
1 71 -0.02154
1 72 0.04023
1 73 0.02908
1 74 0.03217
1 75 0.06449
1 76 0.03285
1 77 0.02966
1 78 -0.03906
1 79 -0.09554
1 80 0.04356
1 81 -0.01426
1 82 0.13815
1 83 -0.03474
1 84 -0.03401
1 85 -0.01089
1 86 0.02969
1 87 0.04656
1 88 -0.0904
1 89 0.00804
1 90 0.05559
1 91 -0.19441
1 92 0.07273
1 93 0.05624
1 94 -0.04311
1 95 -0.07541
1 96 0.02487
1 97 0.04513
1 98 -0.05027
1 99 0.01022
1 100 0.03415
1 101 -0.11933
1 102 -0.00662
1 103 -0.03362
1 104 -0.02434
1 105 -0.02081
1 106 -0.08154
1 107 -0.03704
1 108 0.03759
1 109 -0.05513
1 110 0.09107
1 111 0.04652
1 112 0.0158
1 113 -0.04581
1 114 0.05509
1 115 -0.04783
1 116 -0.0562
1 117 -0.02246
1 118 0.19656
1 119 0.04801
1 120 0.08579
1 121 0.03094
1 122 0.02755
1 123 0.09467
1 124 0.00445
1 125 0.14201
1 126 -0.0084
1 127 -0.02312
1 128 -0.04663
1 129 -0.03051
1 130 0.18759
1 131 0.14042
1 132 0.00865
1 133 -0.04575
1 134 0.02086
1 135 -0.1136
1 136 -0.05849
1 137 0.00892
1 138 -0.00953
1 139 -0.00148
1 140 0.00866
1 141 0.01224
1 142 -0.05109
1 143 0.0817
1 144 0.05916
1 145 -0.01161
1 146 -0.00409
1 147 -0.02402
1 148 -0.00211
1 149 0.02556
1 150 0.00698
1 151 0.00877
1 152 0.0075
1 153 0.088
1 154 0.0041
1 155 0.11836
1 156 -0.04697
1 157 0.01989
1 158 0.00092
1 159 0.01163
1 160 0.07541
1 161 0.23564
1 162 -0.04762
1 163 0.01325
1 164 0.07406
1 165 -0.02
1 166 -0.05975
1 167 0.04534
1 168 0.03313
1 169 0.02428
1 170 0.05083
1 171 -0.01367
1 172 -0.11349
1 173 0.00841
1 174 0.04458
1 175 0.0529
1 176 -0.0442
1 177 -0.04696
1 178 -0.04896
1 179 0.048
1 180 0.02525
1 181 -0.02842
1 182 -0.0561
1 183 -0.01569
1 184 0.08155
1 185 0.07984
1 186 0.05648
1 187 0.07636
1 188 -0.02396
1 189 0.04249
1 190 0.00079
1 191 0.12063
1 192 -0.09007
1 193 0.02737
1 194 0.03877
1 195 0.01123
1 196 0.02994
1 197 0.09202
1 198 0.02667
1 199 -0.15557
2 3 0.08702
2 4 -0.05045
2 5 0.17467
2 6 0.00216
2 7 0.15742
2 8 -0.04121
2 9 -0.07457
2 10 -0.01075
2 11 -0.02781
2 12 0.04677
2 13 -0.01753
2 14 0.02431
2 15 -0.00545
2 16 -0.12963
2 17 0.13353
2 18 -0.06751
2 19 0.01915
2 20 -0.05855
2 21 0.08105
2 22 0.00904
2 23 -0.0052
2 24 0.04218
2 25 0.07032
2 26 -0.00004
2 27 0.07913
2 28 0.10604
2 29 -0.00004
2 30 -0.09222
2 31 0.03673
2 32 -0.08933
2 33 0.06346
2 34 -0.13165
2 35 -0.04098
2 36 -0.01115
2 37 -0.01349
2 38 -0.04828
2 39 -0.0238
2 40 -0.08364
2 41 0.07659
2 42 0.09449
2 43 0.00687
2 44 -0.0753
2 45 0.05008
2 46 -0.04497
2 47 0.02674
2 48 -0.01634
2 49 0.00968
2 50 -0.04746
2 51 -0.05825
2 52 0.06314
2 53 0.0743
2 54 -0.0554
2 55 -0.05684
2 56 -0.05923
2 57 -0.01301
2 58 0.08481
2 59 0.04224
2 60 -0.02951
2 61 -0.14477
2 62 0.087
2 63 -0.04446
2 64 -0.0205
2 65 -0.13551
2 66 0.00006
2 67 0.00905
2 68 0.11582
2 69 0.10434
2 70 0.04732
2 71 -0.02387
2 72 0.01149
2 73 -0.05706
2 74 0.07526
2 75 0.09241
2 76 0.00991
2 77 -0.04692
2 78 -0.1715
2 79 0.05149
2 80 -0.0025
2 81 -0.00332
2 82 0.06876
2 83 0.03669
2 84 0.02388
2 85 0.02158
2 86 0.03666
2 87 0.00058
2 88 0.02485
2 89 -0.00448
2 90 -0.102
2 91 0.01115
2 92 -0.038
2 93 -0.08453
2 94 -0.03396
2 95 0.01991
2 96 -0.02162
2 97 0.02961
2 98 0.03086
2 99 -0.02357
2 100 -0.10503
2 101 -0.01351
2 102 -0.01545
2 103 0.0538
2 104 0.01121
2 105 -0.04013
2 106 0.02563
2 107 -0.12601
2 108 0.09337
2 109 -0.13035
2 110 -0.02913
2 111 -0.06519
2 112 -0.0361
2 113 -0.02704
2 114 0.07111
2 115 -0.05003
2 116 -0.01599
2 117 0.19399
2 118 0.00687
2 119 0.00198
2 120 -0.044
2 121 0.11824
2 122 0.02792
2 123 -0.00323
2 124 -0.00995
2 125 -0.08141
2 126 -0.06767
2 127 -0.06312
2 128 0.03462
2 129 -0.01577
2 130 -0.00772
2 131 0.09037
2 132 -0.06257
2 133 -0.09554
2 134 0.01382
2 135 0.00503
2 136 -0.04579
2 137 -0.03564
2 138 0.11588
2 139 -0.10217
2 140 0.03234
2 141 0.03245
2 142 -0.0554
2 143 -0.18855
2 144 0.16892
2 145 -0.07255
2 146 -0.06942
2 147 -0.03737
2 148 -0.05879
2 149 0.06221
2 150 -0.00828
2 151 0.10768
2 152 -0.06093
2 153 -0.00991
2 154 0.0225
2 155 -0.04194
2 156 -0.0582
2 157 0.07627
2 158 -0.0408
2 159 -0.01525
2 160 -0.04606
2 161 0.00502
2 162 -0.08466
2 163 0.06425
2 164 -0.01549
2 165 -0.01991
2 166 0.0636
2 167 -0.04839
2 168 -0.01419
2 169 0.07384
2 170 0.05659
2 171 0.09502
2 172 0.1039
2 173 0.02717
2 174 0.00629
2 175 0.0167
2 176 -0.13425
2 177 -0.0372
2 178 -0.03121
2 179 -0.00046
2 180 -0.0102
2 181 0.02952
2 182 0.03518
2 183 -0.15589
2 184 -0.18768
2 185 0.10829
2 186 -0.03178
2 187 0.00396
2 188 -0.10403
2 189 -0.09529
2 190 0.01552
2 191 -0.0982
2 192 -0.05088
2 193 0.02208
2 194 0.01481
2 195 -0.06121
2 196 0.00934
2 197 0.03048
2 198 -0.05756
2 199 0.02224
3 4 -0.02966
3 5 0.01494
3 6 -0.06033
3 7 0.04947
3 8 0.0533
3 9 0.00466
3 10 -0.05806
3 11 -0.04831
3 12 0.16052
3 13 0.03579
3 14 -0.0003
3 15 -0.03304
3 16 -0.09503
3 17 0.0594
3 18 -0.00478
3 19 -0.04087
3 20 0.06575
3 21 0.02336
3 22 -0.11718
3 23 -0.04626
3 24 0.13067
3 25 -0.09804
3 26 0.00724
3 27 -0.07738
3 28 -0.00916
3 29 -0.03011
3 30 -0.05632
3 31 -0.13325
3 32 -0.06732
3 33 -0.11415
3 34 0.03426
3 35 0.0997
3 36 -0.06539
3 37 0.04014
3 38 -0.06642
3 39 -0.10295
3 40 0.05892
3 41 0.01824
3 42 -0.15635
3 43 0.02863
3 44 -0.01681
3 45 -0.02739
3 46 -0.08389
3 47 -0.12896
3 48 0.1469
3 49 -0.04044
3 50 0.0121
3 51 -0.05496
3 52 -0.01334
3 53 -0.00883
3 54 0.03671
3 55 -0.09824
3 56 -0.11159
3 57 0.05025
3 58 0.04797
3 59 -0.05666
3 60 0.02626
3 61 0.01206
3 62 -0.10062
3 63 -0.12395
3 64 -0.04742
3 65 -0.0745
3 66 -0.05549
3 67 -0.00326
3 68 -0.02257
3 69 0.08773
3 70 0.07896
3 71 -0.04348
3 72 -0.02342
3 73 0.03792
3 74 0.03444
3 75 -0.05271
3 76 0.05168
3 77 0.11375
3 78 -0.05605
3 79 0.01788
3 80 0.07789
3 81 0.11365
3 82 0.06185
3 83 -0.1001
3 84 0.04187
3 85 -0.02309
3 86 -0.06044
3 87 -0.05722
3 88 0.03986
3 89 -0.01251
3 90 0.00223
3 91 0.02107
3 92 -0.01613
3 93 0.12549
3 94 -0.21308
3 95 0.07818
3 96 -0.12576
3 97 0.07789
3 98 0.07061
3 99 0.06443
3 100 0.06531
3 101 -0.0672
3 102 0.00988
3 103 0.02267
3 104 0.01245
3 105 -0.07883
3 106 -0.15006
3 107 -0.06009
3 108 0.08795
3 109 -0.00781
3 110 0.05351
3 111 -0.0674
3 112 -0.01714
3 113 -0.03589
3 114 0.09936
3 115 0.077
3 116 -0.0137
3 117 0.07653
3 118 0.03025
3 119 0.04515
3 120 0.06148
3 121 -0.03684
3 122 0.03414
3 123 -0.031
3 124 -0.04199
3 125 -0.05074
3 126 -0.01612
3 127 -0.03696
3 128 -0.01481
3 129 -0.02371
3 130 -0.02432
3 131 -0.01303
3 132 -0.00048
3 133 0.02722
3 134 0.10828
3 135 0.14285
3 136 0.05278
3 137 0.04833
3 138 -0.0242
3 139 -0.00691
3 140 -0.06436
3 141 -0.09572
3 142 0.13958
3 143 -0.14944
3 144 0.02182
3 145 0.04696
3 146 0.07299
3 147 -0.01997
3 148 0.05323
3 149 -0.09815
3 150 0.04008
3 151 -0.00856
3 152 0.05049
3 153 0.0365
3 154 -0.00723
3 155 0.06895
3 156 -0.0008
3 157 -0.00381
3 158 0.04396
3 159 0.01606
3 160 -0.10542
3 161 0.00486
3 162 -0.0762
3 163 -0.01108
3 164 -0.00644
3 165 0.05409
3 166 0.0704
3 167 -0.01157
3 168 0.04049
3 169 -0.10814
3 170 -0.01758
3 171 0.10981
3 172 -0.18029
3 173 -0.07
3 174 0.08413
3 175 0.06078
3 176 -0.03113
3 177 0.01255
3 178 0.00522
3 179 0.05313
3 180 -0.05935
3 181 -0.06025
3 182 -0.03677
3 183 0.09478
3 184 0.01958
3 185 -0.04763
3 186 -0.05458
3 187 0.01382
3 188 -0.03312
3 189 -0.01207
3 190 0.12773
3 191 0.03122
3 192 0.13103
3 193 0.05365
3 194 0.04374
3 195 -0.03245
3 196 -0.03559
3 197 0.01039
3 198 0.02206
3 199 0.09386
4 5 -0.01947
4 6 0.04636
4 7 0.09614
4 8 0.06007
4 9 -0.03003
4 10 -0.01319
4 11 -0.04787
4 12 0.00968
4 13 0.00259
4 14 -0.04221
4 15 -0.04132
4 16 0.12824
4 17 -0.10634
4 18 0.11588
4 19 0.12716
4 20 0.07605
4 21 0.01167
4 22 -0.07623
4 23 -0.01208
4 24 -0.03186
4 25 -0.00569
4 26 0.15583
4 27 -0.0399
4 28 -0.01771
4 29 -0.03028
4 30 -0.03692
4 31 -0.02335
4 32 0.03824
4 33 -0.05792
4 34 0.07068
4 35 -0.04393
4 36 -0.08645
4 37 -0.0569
4 38 -0.06672
4 39 -0.00389
4 40 0.05474
4 41 0.05788
4 42 0.02467
4 43 -0.03162
4 44 0.00683
4 45 -0.023
4 46 0.1938
4 47 0.02247
4 48 -0.07211
4 49 -0.0195
4 50 0.08271
4 51 0.05841
4 52 0.09515
4 53 0.01692
4 54 0.03124
4 55 0.07167
4 56 -0.03644
4 57 0.1412
4 58 -0.06148
4 59 -0.09237
4 60 -0.02402
4 61 -0.05054
4 62 0.10473
4 63 0.0239
4 64 -0.04143
4 65 -0.01883
4 66 -0.01325
4 67 0.01564
4 68 0.05536
4 69 0.04733
4 70 0.00761
4 71 0.04533
4 72 -0.05556
4 73 0.03648
4 74 -0.03058
4 75 0.10906
4 76 0.02088
4 77 -0.0831
4 78 0.07327
4 79 0.02829
4 80 0.05203
4 81 0.04241
4 82 0.03765
4 83 0.13733
4 84 0.04713
4 85 -0.12682
4 86 -0.00271
4 87 0.0719
4 88 0.10269
4 89 0.01404
4 90 0.01172
4 91 0.0421
4 92 0.01689
4 93 -0.01564
4 94 0.09352
4 95 0.01625
4 96 -0.04765
4 97 -0.13572
4 98 -0.01987
4 99 -0.05238
4 100 0.12053
4 101 0.09847
4 102 0.06174
4 103 0.08575
4 104 -0.2215
4 105 0.17287
4 106 -0.00465
4 107 0.08897
4 108 -0.05389
4 109 -0.05529
4 110 0.01097
4 111 0.05533
4 112 -0.01514
4 113 0.01535
4 114 0.0574
4 115 -0.08045
4 116 0.01223
4 117 0.0423
4 118 0.03434
4 119 0.13197
4 120 0.10155
4 121 0.00239
4 122 -0.13161
4 123 0.05416
4 124 -0.00179
4 125 0.0078
4 126 -0.08804
4 127 0.0118
4 128 -0.0829
4 129 -0.01472
4 130 -0.0878
4 131 -0.06585
4 132 -0.06378
4 133 0.16247
4 134 -0.00416
4 135 -0.06546
4 136 0.03372
4 137 0.01038
4 138 0.00152
4 139 0.00187
4 140 -0.10406
4 141 -0.0562
4 142 -0.16198
4 143 -0.13426
4 144 0.05398
4 145 -0.07477
4 146 -0.09327
4 147 0.00584
4 148 0.05482
4 149 -0.00039
4 150 -0.02736
4 151 0.02161
4 152 -0.02282
4 153 0.02254
4 154 -0.07484
4 155 -0.0682
4 156 -0.08933
4 157 -0.04589
4 158 -0.02893
4 159 -0.06689
4 160 -0.02562
4 161 0.00863
4 162 0.03193
4 163 -0.00687
4 164 0.06198
4 165 0.00416
4 166 -0.15902
4 167 0.03182
4 168 -0.02734
4 169 0.02731
4 170 -0.00108
4 171 -0.12098
4 172 0.02966
4 173 0.02247
4 174 -0.09873
4 175 0.00783
4 176 -0.00396
4 177 -0.02356
4 178 0.10484
4 179 0.04604
4 180 -0.03776
4 181 -0.10122
4 182 0.00611
4 183 -0.046
4 184 0.01398
4 185 0.08488
4 186 0.01057
4 187 -0.06198
4 188 0.08471
4 189 -0.09482
4 190 0.02273
4 191 -0.01514
4 192 -0.0039
4 193 -0.04285
4 194 0.05919
4 195 -0.01212
4 196 0.05344
4 197 0.04427
4 198 0.05892
4 199 0.05714
5 6 -0.14255
5 7 -0.09706
5 8 -0.04002
5 9 0.07555
5 10 0.03558
5 11 0.0392
5 12 -0.09756
5 13 -0.00946
5 14 0.04371
5 15 0.05562
5 16 0.09758
5 17 0.17378
5 18 0.02905
5 19 0.11149
5 20 0.06163
5 21 0.09967
5 22 -0.03418
5 23 -0.02489
5 24 0.05481
5 25 -0.08194
5 26 -0.081
5 27 -0.09009
5 28 -0.01356
5 29 -0.05078
5 30 -0.01433
5 31 0.0156
5 32 0.04889
5 33 -0.05046
5 34 -0.00434
5 35 -0.09054
5 36 -0.03179
5 37 0.09153
5 38 0.01212
5 39 0.06901
5 40 0.03285
5 41 -0.06305
5 42 -0.04098
5 43 -0.0638
5 44 0.06643
5 45 -0.15486
5 46 -0.11382
5 47 0.06472
5 48 0.05739
5 49 -0.06388
5 50 -0.14109
5 51 0.03902
5 52 0.09111
5 53 0.02816
5 54 -0.05645
5 55 0.0575
5 56 -0.06691
5 57 0.10964
5 58 0.02641
5 59 -0.02925
5 60 -0.02726
5 61 0.08328
5 62 0.02237
5 63 -0.02274
5 64 0.0423
5 65 0.11149
5 66 -0.01331
5 67 -0.0031
5 68 0.0604
5 69 0.0069
5 70 0.04334
5 71 0.07053
5 72 -0.02344
5 73 0.09278
5 74 -0.02541
5 75 0.08679
5 76 0.00274
5 77 -0.08182
5 78 0.046
5 79 -0.07647
5 80 -0.03458
5 81 0.03089
5 82 -0.02076
5 83 0.02294
5 84 0.05006
5 85 0.04756
5 86 -0.00528
5 87 0.02482
5 88 0.15068
5 89 0.03592
5 90 0.09376
5 91 0.05665
5 92 -0.03839
5 93 0.03207
5 94 -0.19203
5 95 -0.04154
5 96 -0.0108
5 97 -0.04275
5 98 0.00922
5 99 -0.00857
5 100 0.154
5 101 -0.09171
5 102 -0.0898
5 103 -0.04628
5 104 0.02116
5 105 -0.09246
5 106 -0.04613
5 107 -0.05704
5 108 -0.04258
5 109 -0.00318
5 110 0.00241
5 111 0.04137
5 112 0.08417
5 113 0.13354
5 114 0.09723
5 115 -0.0215
5 116 0.02249
5 117 -0.02714
5 118 -0.0704
5 119 -0.00306
5 120 -0.05933
5 121 -0.05884
5 122 0.00641
5 123 0.02888
5 124 -0.01215
5 125 -0.00565
5 126 0.02864
5 127 0.0925
5 128 -0.02381
5 129 -0.01353
5 130 0.02111
5 131 0.0353
5 132 -0.08875
5 133 0.14596
5 134 0.06005
5 135 0.04169
5 136 0.00098
5 137 -0.05209
5 138 -0.00424
5 139 0.05382
5 140 0.0779
5 141 -0.05488
5 142 -0.05899
5 143 0.11041
5 144 -0.08368
5 145 0.0258
5 146 -0.08837
5 147 0.08534
5 148 0.17548
5 149 -0.04314
5 150 -0.07351
5 151 0.01557
5 152 0.02093
5 153 -0.10801
5 154 0.0363
5 155 0.01718
5 156 0.03856
5 157 -0.07267
5 158 0.07137
5 159 0.00135
5 160 0.02292
5 161 -0.01778
5 162 0.01228
5 163 -0.07802
5 164 0.04912
5 165 0.0171
5 166 0.08201
5 167 -0.05051
5 168 -0.1353
5 169 0.02309
5 170 0.01995
5 171 0.06772
5 172 0.13237
5 173 0.09032
5 174 0.18554
5 175 -0.00458
5 176 -0.0077
5 177 0.07872
5 178 0.02362
5 179 -0.00586
5 180 0.05362
5 181 0.01864
5 182 0.06378
5 183 -0.03252
5 184 0.00674
5 185 0.03265
5 186 -0.02681
5 187 -0.00057
5 188 -0.05123
5 189 0.02203
5 190 0.03234
5 191 -0.03048
5 192 0.10153
5 193 0.03604
5 194 0.13638
5 195 -0.06571
5 196 0.02534
5 197 0.00436
5 198 -0.00162
5 199 0.06324
6 7 -0.01686
6 8 0.01474
6 9 -0.00008
6 10 0.04373
6 11 -0.01808
6 12 -0.07991
6 13 0.00269
6 14 0.0081
6 15 -0.07697
6 16 0.04456
6 17 0.03806
6 18 0.08743
6 19 -0.03151
6 20 0.04299
6 21 0.05885
6 22 -0.09571
6 23 0.00406
6 24 0.0347
6 25 -0.06818
6 26 -0.09611
6 27 0.12424
6 28 0.0672
6 29 0.06131
6 30 0.06426
6 31 0.07663
6 32 -0.10664
6 33 -0.08772
6 34 -0.05591
6 35 0.05269
6 36 -0.11385
6 37 -0.05605
6 38 -0.09506
6 39 -0.02268
6 40 -0.02928
6 41 -0.09737
6 42 0.03067
6 43 -0.03313
6 44 0.06156
6 45 0.00139
6 46 -0.02655
6 47 0.01034
6 48 0.07898
6 49 0.03687
6 50 -0.01592
6 51 0.06047
6 52 -0.07197
6 53 0.00423
6 54 -0.09159
6 55 0.03484
6 56 0.04218
6 57 -0.0305
6 58 0.07533
6 59 0.09322
6 60 -0.11775
6 61 -0.04518
6 62 0.01527
6 63 0.07457
6 64 0.01337
6 65 -0.03072
6 66 0.12945
6 67 0.08592
6 68 -0.04082
6 69 -0.0244
6 70 0.05614
6 71 0.05902
6 72 0.07851
6 73 -0.02706
6 74 0.02394
6 75 -0.01613
6 76 0.01987
6 77 0.02642
6 78 0.0042
6 79 0.02197
6 80 -0.0138
6 81 0.04527
6 82 0.16782
6 83 0.00425
6 84 -0.06565
6 85 0.0031
6 86 0.06812
6 87 0.00681
6 88 -0.03886
6 89 -0.02632
6 90 -0.11145
6 91 -0.04809
6 92 0.09588
6 93 -0.04025
6 94 0.06926
6 95 0.03221
6 96 -0.00473
6 97 0.0915
6 98 0.04069
6 99 0.05343
6 100 -0.01491
6 101 0.03285
6 102 -0.0861
6 103 -0.0788
6 104 0.07697
6 105 -0.03978
6 106 0.11163
6 107 -0.01107
6 108 -0.08407
6 109 -0.0518
6 110 0.01935
6 111 0.02503
6 112 0.10938
6 113 0.00055
6 114 0.06513
6 115 -0.03826
6 116 -0.09611
6 117 0.05701
6 118 0.106
6 119 -0.03817
6 120 0.00897
6 121 -0.0692
6 122 -0.02445
6 123 -0.09133
6 124 0.04404
6 125 -0.04275
6 126 -0.00911
6 127 0.0478
6 128 -0.03092
6 129 -0.01832
6 130 -0.07105
6 131 -0.11599
6 132 0.04265
6 133 0.0269
6 134 0.06242
6 135 0.07247
6 136 0.10368
6 137 -0.03012
6 138 -0.00744
6 139 0.13652
6 140 0.01907
6 141 0.11618
6 142 -0.10988
6 143 -0.08326
6 144 0.06545
6 145 0.00547
6 146 -0.00674
6 147 -0.07738
6 148 -0.02908
6 149 0.1023
6 150 -0.06269
6 151 0.01228
6 152 0.02194
6 153 -0.21033
6 154 -0.0228
6 155 0.04613
6 156 0.055
6 157 -0.07686
6 158 0.11979
6 159 -0.04834
6 160 -0.02966
6 161 -0.03784
6 162 0.03887
6 163 0.03534
6 164 -0.01245
6 165 0.06131
6 166 -0.03568
6 167 -0.00105
6 168 0.07258
6 169 0.06672
6 170 0.04631
6 171 0.0938
6 172 -0.02687
6 173 -0.0296
6 174 0.02157
6 175 0.01344
6 176 0.12489
6 177 -0.10932
6 178 0.01465
6 179 0.06189
6 180 -0.05032
6 181 -0.10786
6 182 0.02162
6 183 0.08221
6 184 -0.06428
6 185 -0.08594
6 186 0.01402
6 187 0.04908
6 188 0.0479
6 189 0.0609
6 190 -0.0389
6 191 -0.03199
6 192 -0.003
6 193 -0.08329
6 194 0.12471
6 195 0.05983
6 196 0.01914
6 197 -0.03125
6 198 0.11606
6 199 -0.04383
7 8 -0.13341
7 9 0.01035
7 10 0.0243
7 11 -0.08692
7 12 0.00681
7 13 -0.01234
7 14 -0.0853
7 15 0.00287
7 16 -0.10296
7 17 -0.09819
7 18 -0.01947
7 19 -0.01216
7 20 0.01824
7 21 -0.10511
7 22 0.01295
7 23 -0.03943
7 24 -0.08802
7 25 -0.01807
7 26 -0.06802
7 27 0.01018
7 28 -0.09448
7 29 0.00925
7 30 -0.04432
7 31 -0.02379
7 32 -0.09891
7 33 0.07564
7 34 -0.09923
7 35 -0.08187
7 36 0.14959
7 37 0.00039
7 38 -0.13888
7 39 -0.07704
7 40 -0.03354
7 41 -0.09469
7 42 -0.00541
7 43 0.07769
7 44 0.07559
7 45 0.12655
7 46 -0.05784
7 47 0.02275
7 48 -0.02843
7 49 -0.01664
7 50 -0.08904
7 51 -0.06803
7 52 0.12314
7 53 -0.12342
7 54 -0.06221
7 55 -0.03087
7 56 0.05381
7 57 0.02237
7 58 0.06857
7 59 -0.03
7 60 0.04864
7 61 0.02479
7 62 0.04929
7 63 -0.04055
7 64 -0.08835
7 65 0.04103
7 66 0.05949
7 67 -0.10315
7 68 -0.11642
7 69 0.00937
7 70 -0.02383
7 71 -0.05287
7 72 0.0422
7 73 0.02676
7 74 0.04656
7 75 -0.06732
7 76 -0.00229
7 77 -0.01741
7 78 0.05882
7 79 -0.06395
7 80 -0.0307
7 81 0.04252
7 82 0.05394
7 83 0.03026
7 84 -0.04211
7 85 -0.03044
7 86 0.10401
7 87 0.10075
7 88 -0.06022
7 89 0.04328
7 90 0.06217
7 91 -0.01655
7 92 -0.04044
7 93 -0.05225
7 94 0.09793
7 95 0.02801
7 96 -0.06571
7 97 0.04767
7 98 -0.05732
7 99 0.05243
7 100 0.03444
7 101 0.00061
7 102 0.00173
7 103 0.03251
7 104 0.01136
7 105 0.00861
7 106 0.10154
7 107 0.06957
7 108 0.12025
7 109 0.06898
7 110 -0.11228
7 111 -0.02176
7 112 -0.02783
7 113 0.04975
7 114 -0.1424
7 115 -0.02309
7 116 0.01535
7 117 0.05386
7 118 0.05254
7 119 0.09259
7 120 0.11784
7 121 -0.02471
7 122 0.03084
7 123 0.08257
7 124 0.10456
7 125 0.21121
7 126 -0.0998
7 127 -0.11329
7 128 0.0673
7 129 0.08692
7 130 -0.0856
7 131 -0.03969
7 132 0.03543
7 133 0.04457
7 134 -0.01436
7 135 -0.04278
7 136 -0.01762
7 137 -0.11032
7 138 0.07194
7 139 0.05296
7 140 -0.01646
7 141 0.00197
7 142 0.03565
7 143 -0.04423
7 144 -0.03531
7 145 0.09344
7 146 0.06747
7 147 0.00272
7 148 -0.03129
7 149 0.07315
7 150 -0.06354
7 151 -0.01438
7 152 -0.02328
7 153 0.00465
7 154 0.06422
7 155 0.06196
7 156 0.07174
7 157 0.10966
7 158 -0.01732
7 159 -0.10518
7 160 0.11524
7 161 -0.02663
7 162 -0.01846
7 163 -0.01398
7 164 -0.09789
7 165 -0.09727
7 166 0.01742
7 167 -0.03038
7 168 -0.07621
7 169 0.02077
7 170 0.07253
7 171 -0.03192
7 172 0.00972
7 173 -0.09695
7 174 0.01529
7 175 -0.00303
7 176 0.10501
7 177 -0.15592
7 178 0.10592
7 179 -0.07381
7 180 0.00472
7 181 -0.03657
7 182 0.10519
7 183 -0.03089
7 184 0.1028
7 185 -0.05399
7 186 -0.0877
7 187 0.03806
7 188 0.11575
7 189 0.15028
7 190 -0.02485
7 191 -0.04891
7 192 -0.08809
7 193 0.03978
7 194 -0.04655
7 195 -0.08123
7 196 -0.02756
7 197 -0.00757
7 198 0.08756
7 199 0.00826
8 9 -0.07824
8 10 0.07724
8 11 -0.00324
8 12 0.01988
8 13 -0.09039
8 14 0.05221
8 15 0.04805
8 16 0.00187
8 17 -0.12693
8 18 0.09352
8 19 -0.18053
8 20 0.02549
8 21 -0.06514
8 22 -0.09379
8 23 0.00598
8 24 -0.06667
8 25 0.07896
8 26 0.0586
8 27 -0.00123
8 28 0.06315
8 29 0.06819
8 30 -0.05966
8 31 0.03579
8 32 0.01456
8 33 -0.04819
8 34 -0.06438
8 35 0.04141
8 36 -0.00445
8 37 -0.035
8 38 0.02759
8 39 0.17178
8 40 0.02663
8 41 -0.04188
8 42 0.06946
8 43 -0.04725
8 44 -0.04161
8 45 -0.07744
8 46 0.03062
8 47 -0.061
8 48 0.0294
8 49 -0.00247
8 50 -0.07722
8 51 -0.01444
8 52 0.12687
8 53 0.03241
8 54 -0.04924
8 55 0.19252
8 56 -0.04789
8 57 -0.00989
8 58 0.14244
8 59 -0.00368
8 60 0.00074
8 61 0.02504
8 62 0.05059
8 63 -0.15169
8 64 0.0108
8 65 0.10634
8 66 0.05008
8 67 0.13371
8 68 -0.07297
8 69 -0.08063
8 70 -0.02406
8 71 0.02981
8 72 -0.04204
8 73 -0.03664
8 74 0.11891
8 75 0.00255
8 76 0.05565
8 77 0.11297
8 78 0.08218
8 79 -0.02888
8 80 0.04645
8 81 0.04447
8 82 0.08486
8 83 -0.05352
8 84 -0.15758
8 85 -0.12197
8 86 0.09972
8 87 0.10693
8 88 -0.03256
8 89 -0.20239
8 90 0.0972
8 91 -0.03212
8 92 0.00649
8 93 -0.22608
8 94 0.02588
8 95 0.09453
8 96 0.04447
8 97 0.04462
8 98 -0.09734
8 99 0.06357
8 100 -0.05879
8 101 0.01017
8 102 0.00968
8 103 0.03669
8 104 -0.01782
8 105 -0.0197
8 106 0.03783
8 107 0.00924
8 108 0.00056
8 109 -0.18048
8 110 0.01859
8 111 0.02463
8 112 0.04782
8 113 0.12633
8 114 0.06288
8 115 0.03885
8 116 -0.00351
8 117 0.04998
8 118 -0.06265
8 119 0.00841
8 120 0.00036
8 121 0.05527
8 122 -0.16255
8 123 -0.01025
8 124 -0.12568
8 125 -0.04141
8 126 -0.08047
8 127 0.06116
8 128 -0.09893
8 129 0.04984
8 130 -0.04517
8 131 0.04548
8 132 0.14991
8 133 0.03627
8 134 0.11156
8 135 -0.03872
8 136 0.06957
8 137 -0.10255
8 138 -0.02443
8 139 0.04613
8 140 -0.02537
8 141 -0.12533
8 142 0.02711
8 143 0.11968
8 144 -0.03655
8 145 0.02336
8 146 -0.05075
8 147 0.09963
8 148 0.04488
8 149 0.02585
8 150 0.03946
8 151 0.03432
8 152 -0.03958
8 153 0.02096
8 154 0.0584
8 155 -0.02225
8 156 0.11254
8 157 0.05248
8 158 -0.07165
8 159 0.10945
8 160 -0.03021
8 161 0.11482
8 162 -0.04099
8 163 -0.0578
8 164 0.0066
8 165 -0.02856
8 166 0.0652
8 167 -0.03116
8 168 -0.05302
8 169 -0.07602
8 170 0.07783
8 171 0.092
8 172 -0.06792
8 173 -0.02043
8 174 0.00133
8 175 0.02903
8 176 0.04116
8 177 -0.01273
8 178 -0.07356
8 179 -0.03378
8 180 -0.06708
8 181 -0.03923
8 182 0.01373
8 183 0.03418
8 184 -0.03639
8 185 0.00705
8 186 0.00116
8 187 -0.09361
8 188 0.04833
8 189 -0.0487
8 190 -0.05422
8 191 0.07096
8 192 -0.07653
8 193 0.09322
8 194 -0.0666
8 195 0.06573
8 196 -0.10409
8 197 -0.03352
8 198 0.08836
8 199 0.01364
9 10 0.08364
9 11 -0.00807
9 12 0.01799
9 13 0.02947
9 14 0.09547
9 15 0.01982
9 16 0.1169
9 17 -0.03343
9 18 -0.15707
9 19 0.03267
9 20 -0.09205
9 21 -0.00543
9 22 -0.08116
9 23 -0.03389
9 24 -0.0384
9 25 -0.10715
9 26 -0.0896
9 27 -0.03666
9 28 0.00922
9 29 -0.00141
9 30 0.03129
9 31 0.08259
9 32 -0.02589
9 33 0.15021
9 34 -0.05917
9 35 0.05917
9 36 0.02289
9 37 -0.06017
9 38 0.03731
9 39 0.08516
9 40 -0.02676
9 41 0.14015
9 42 -0.02665
9 43 0.05208
9 44 -0.04872
9 45 -0.06703
9 46 0.06156
9 47 -0.07798
9 48 -0.05791
9 49 -0.12521
9 50 0.11302
9 51 0.03717
9 52 -0.05037
9 53 -0.14098
9 54 -0.02184
9 55 -0.05521
9 56 -0.06508
9 57 -0.05695
9 58 -0.1454
9 59 -0.06172
9 60 -0.10173
9 61 0.06336
9 62 0.07848
9 63 0.01437
9 64 -0.07651
9 65 -0.17267
9 66 -0.03006
9 67 -0.0251
9 68 0.07166
9 69 0.09693
9 70 0.13382
9 71 0.148
9 72 -0.11085
9 73 0.03121
9 74 0.0168
9 75 -0.03311
9 76 -0.06089
9 77 0.053
9 78 -0.10312
9 79 -0.0052
9 80 -0.01096
9 81 -0.00629
9 82 -0.07526
9 83 0.03093
9 84 -0.05497
9 85 0.12319
9 86 -0.09129
9 87 -0.06479
9 88 0.0787
9 89 -0.07533
9 90 0.03361
9 91 0.10808
9 92 0.04169
9 93 -0.04616
9 94 -0.04358
9 95 -0.1557
9 96 0.13972
9 97 0.00193
9 98 -0.0517
9 99 -0.00232
9 100 0.09884
9 101 0.08194
9 102 -0.12149
9 103 0.00741
9 104 -0.02189
9 105 0.01935
9 106 -0.06553
9 107 0.07461
9 108 0.08162
9 109 -0.15144
9 110 -0.11808
9 111 -0.06572
9 112 -0.06694
9 113 -0.06068
9 114 -0.07423
9 115 0.11033
9 116 0.03746
9 117 -0.05867
9 118 0.08467
9 119 0.12511
9 120 0.00156
9 121 0.14448
9 122 0.07994
9 123 -0.06763
9 124 -0.12366
9 125 -0.00431
9 126 -0.0839
9 127 0.06974
9 128 -0.09877
9 129 -0.0943
9 130 0.03523
9 131 -0.04144
9 132 -0.07334
9 133 0.09179
9 134 0.00538
9 135 -0.10499
9 136 0.05762
9 137 -0.01055
9 138 -0.13362
9 139 -0.12191
9 140 0.04947
9 141 -0.0411
9 142 0.02932
9 143 -0.04533
9 144 -0.01022
9 145 -0.08437
9 146 -0.00782
9 147 0.07758
9 148 0.0366
9 149 -0.09718
9 150 0.05019
9 151 -0.07963
9 152 0.03229
9 153 0.07005
9 154 -0.09052
9 155 -0.1095
9 156 0.09719
9 157 -0.06751
9 158 0.00845
9 159 -0.01571
9 160 0.05323
9 161 0.11392
9 162 0.01386
9 163 0.00473
9 164 0.12146
9 165 0.06257
9 166 0.07429
9 167 0.10919
9 168 -0.06045
9 169 -0.08196
9 170 0.08893
9 171 0.0213
9 172 0.10576
9 173 0.04688
9 174 -0.04221
9 175 0.05378
9 176 0.06463
9 177 -0.02485
9 178 -0.10694
9 179 -0.01552
9 180 0.0458
9 181 -0.05641
9 182 -0.02429
9 183 -0.0907
9 184 -0.07888
9 185 -0.04392
9 186 0.03416
9 187 -0.02122
9 188 0.07702
9 189 0.00019
9 190 -0.06928
9 191 -0.0058
9 192 -0.11906
9 193 0.06924
9 194 -0.12327
9 195 -0.01591
9 196 -0.08603
9 197 -0.01518
9 198 -0.04405
9 199 0.0317
10 11 -0.0479
10 12 0.0424
10 13 0.01407
10 14 -0.0087
10 15 -0.09003
10 16 -0.04359
10 17 -0.00836
10 18 -0.056
10 19 -0.02992
10 20 -0.01154
10 21 0.07081
10 22 0.09909
10 23 -0.02847
10 24 -0.02939
10 25 -0.10582
10 26 0.02529
10 27 -0.0732
10 28 0.05083
10 29 -0.06584
10 30 -0.12167
10 31 -0.09463
10 32 0.07118
10 33 -0.04873
10 34 -0.09155
10 35 -0.0056
10 36 -0.09693
10 37 -0.01503
10 38 0.07494
10 39 0.05773
10 40 0.05441
10 41 0.07037
10 42 0.10313
10 43 -0.0245
10 44 -0.1093
10 45 0.0459
10 46 -0.03454
10 47 0.1744
10 48 -0.01303
10 49 0.11192
10 50 0.01821
10 51 -0.03877
10 52 -0.11819
10 53 0.07047
10 54 0.01418
10 55 -0.14394
10 56 -0.02334
10 57 0.09705
10 58 0.06214
10 59 -0.08835
10 60 -0.0141
10 61 0.02047
10 62 0.04499
10 63 0.02641
10 64 -0.06089
10 65 0.0143
10 66 -0.07418
10 67 0.09676
10 68 -0.05711
10 69 0.04431
10 70 0.03096
10 71 0.05183
10 72 0.00506
10 73 0.02534
10 74 0.10349
10 75 0.12993
10 76 -0.04506
10 77 0.03289
10 78 0.0311
10 79 0.00102
10 80 -0.0259
10 81 0.02351
10 82 0.16609
10 83 0.01562
10 84 -0.05378
10 85 -0.03698
10 86 0.01278
10 87 0.00582
10 88 0.0645
10 89 0.01721
10 90 0.04949
10 91 -0.08788
10 92 -0.0757
10 93 0.04167
10 94 -0.056
10 95 -0.0206
10 96 -0.08126
10 97 -0.12757
10 98 0.08406
10 99 -0.07752
10 100 0.07257
10 101 -0.07297
10 102 -0.13184
10 103 0.02405
10 104 0.01618
10 105 -0.17363
10 106 0.0276
10 107 0.12596
10 108 0.04975
10 109 0.11573
10 110 0.00193
10 111 0.05138
10 112 0.00063
10 113 -0.07966
10 114 -0.00573
10 115 0.00498
10 116 0.00675
10 117 -0.04226
10 118 0.09172
10 119 -0.05997
10 120 -0.16132
10 121 -0.08677
10 122 0.03666
10 123 -0.01624
10 124 0.06725
10 125 0.00874
10 126 -0.05273
10 127 -0.00468
10 128 -0.11185
10 129 0.11184
10 130 -0.13229
10 131 -0.06032
10 132 -0.03462
10 133 0.08468
10 134 0.01057
10 135 -0.07872
10 136 -0.0056
10 137 -0.08847
10 138 -0.04166
10 139 0.06561
10 140 -0.03257
10 141 -0.04698
10 142 0.05262
10 143 -0.04157
10 144 -0.08741
10 145 -0.01597
10 146 -0.1056
10 147 -0.01005
10 148 0.10209
10 149 0.12827
10 150 -0.06705
10 151 -0.19063
10 152 0.03407
10 153 0.11419
10 154 0.06004
10 155 0.06363
10 156 0.01613
10 157 -0.03495
10 158 -0.01069
10 159 -0.01212
10 160 0.02067
10 161 0.00007
10 162 -0.08285
10 163 0.07767
10 164 0.06076
10 165 -0.01237
10 166 0.06138
10 167 0.08652
10 168 -0.0713
10 169 0.0353
10 170 0.07212
10 171 -0.0043
10 172 0.0457
10 173 -0.08339
10 174 -0.08786
10 175 0.08485
10 176 -0.03466
10 177 0.06739
10 178 0.05114
10 179 0.08797
10 180 -0.09009
10 181 0.05355
10 182 -0.11472
10 183 -0.0134
10 184 -0.01046
10 185 0.04254
10 186 -0.00377
10 187 -0.11419
10 188 -0.18288
10 189 -0.04599
10 190 0.02195
10 191 -0.0517
10 192 0.06299
10 193 0.06642
10 194 0.10485
10 195 -0.03941
10 196 0.05569
10 197 0.07753
10 198 -0.08673
10 199 0.08862
11 12 -0.06471
11 13 0.02575
11 14 0.00485
11 15 0.01413
11 16 -0.01534
11 17 -0.00137
11 18 0.20381
11 19 0.12173
11 20 -0.04041
11 21 0.08053
11 22 0.07519
11 23 0.08584
11 24 0.12736
11 25 -0.07519
11 26 0.02169
11 27 0.08598
11 28 -0.05453
11 29 -0.01785
11 30 -0.09596
11 31 0.00749
11 32 0.03035
11 33 -0.09909
11 34 -0.00158
11 35 -0.01666
11 36 -0.00963
11 37 0.1067
11 38 -0.00863
11 39 0.0628
11 40 -0.00314
11 41 -0.06891
11 42 -0.03684
11 43 0.0997
11 44 -0.11537
11 45 -0.01256
11 46 -0.10099
11 47 -0.00638
11 48 -0.0413
11 49 -0.0591
11 50 -0.00118
11 51 0.03536
11 52 -0.01608
11 53 0.0417
11 54 0.07868
11 55 -0.02528
11 56 0.02786
11 57 -0.03441
11 58 0.04719
11 59 -0.03494
11 60 0.03501
11 61 0.00444
11 62 0.05218
11 63 -0.02796
11 64 0.0218
11 65 0.01162
11 66 0.08537
11 67 0.07791
11 68 -0.0123
11 69 0.01353
11 70 -0.00365
11 71 -0.06957
11 72 0.04205
11 73 0.07627
11 74 0.13087
11 75 -0.03316
11 76 0.01325
11 77 -0.15871
11 78 -0.08459
11 79 -0.15073
11 80 -0.08408
11 81 -0.09146
11 82 -0.02352
11 83 0.03289
11 84 -0.09649
11 85 0.19958
11 86 -0.01113
11 87 0.02375
11 88 -0.149
11 89 0.02955
11 90 0.05654
11 91 -0.07134
11 92 -0.05618
11 93 -0.03058
11 94 0.00745
11 95 -0.00416
11 96 0.04556
11 97 -0.05271
11 98 -0.1031
11 99 0.17303
11 100 -0.0239
11 101 -0.08712
11 102 -0.02948
11 103 -0.00723
11 104 -0.07344
11 105 0.11362
11 106 0.01018
11 107 0.03181
11 108 0.01372
11 109 0.10443
11 110 0.0336
11 111 -0.14974
11 112 -0.1056
11 113 0.07462
11 114 -0.00686
11 115 0.03056
11 116 -0.02216
11 117 -0.01186
11 118 0.00019
11 119 -0.0426
11 120 0.06706
11 121 0.03931
11 122 -0.06541
11 123 -0.08131
11 124 0.0107
11 125 0.01066
11 126 -0.06731
11 127 -0.08054
11 128 -0.00634
11 129 0.00643
11 130 -0.00955
11 131 0.02267
11 132 0.09476
11 133 0.03249
11 134 -0.0963
11 135 0.1168
11 136 0.1639
11 137 0.05971
11 138 -0.14282
11 139 -0.01512
11 140 0.05958
11 141 -0.02174
11 142 0.00694
11 143 0.0951
11 144 0.04506
11 145 0.03439
11 146 0.08554
11 147 -0.01156
11 148 0.00585
11 149 -0.05738
11 150 0.04529
11 151 0.10057
11 152 0.06127
11 153 -0.04196
11 154 0.07832
11 155 0.03159
11 156 -0.06332
11 157 -0.16445
11 158 -0.01573
11 159 0.13977
11 160 -0.06841
11 161 -0.03204
11 162 0.06222
11 163 -0.02102
11 164 0.02848
11 165 -0.10123
11 166 0.02553
11 167 0.05554
11 168 0.00176
11 169 -0.04851
11 170 -0.02466
11 171 -0.02153
11 172 -0.03617
11 173 0.20883
11 174 -0.04333
11 175 0.05916
11 176 0.10376
11 177 0.12186
11 178 0.02274
11 179 0.07033
11 180 0.03388
11 181 -0.02579
11 182 -0.12857
11 183 0.04341
11 184 -0.05437
11 185 -0.12714
11 186 -0.03746
11 187 -0.04619
11 188 0.02227
11 189 0.10659
11 190 -0.00367
11 191 0.05122
11 192 -0.09598
11 193 -0.01668
11 194 0.12533
11 195 0.00405
11 196 0.08218
11 197 0.06772
11 198 -0.08949
11 199 -0.07612
12 13 0.1316
12 14 0.01792
12 15 -0.07692
12 16 -0.12404
12 17 0.12557
12 18 -0.09072
12 19 -0.04437
12 20 0.0855
12 21 0.02324
12 22 -0.01657
12 23 -0.03181
12 24 -0.03536
12 25 0.15211
12 26 -0.06194
12 27 -0.01599
12 28 0.13696
12 29 -0.01147
12 30 0.06608
12 31 0.0119
12 32 -0.01794
12 33 0.05399
12 34 0.03382
12 35 0.01601
12 36 -0.00789
12 37 -0.08083
12 38 -0.05923
12 39 0.06622
12 40 -0.07507
12 41 -0.02135
12 42 -0.00922
12 43 0.00917
12 44 -0.05558
12 45 0.0047
12 46 0.10587
12 47 0.08127
12 48 0.09502
12 49 -0.09694
12 50 0.1091
12 51 -0.07919
12 52 -0.05237
12 53 0.0146
12 54 0.06681
12 55 -0.0347
12 56 -0.00294
12 57 0.061
12 58 -0.01113
12 59 0.00883
12 60 0.1248
12 61 0.12924
12 62 -0.06003
12 63 -0.01181
12 64 -0.10623
12 65 -0.03462
12 66 0.00219
12 67 0.03928
12 68 -0.13244
12 69 0.01375
12 70 -0.06857
12 71 -0.02871
12 72 0.03363
12 73 -0.065
12 74 0.02262
12 75 0.02927
12 76 -0.06585
12 77 0.01501
12 78 -0.08168
12 79 0.00224
12 80 -0.0108
12 81 0.00424
12 82 0.01159
12 83 0.05498
12 84 0.04252
12 85 -0.00282
12 86 0.0347
12 87 -0.01538
12 88 0.05825
12 89 -0.03221
12 90 -0.01557
12 91 0.04505
12 92 -0.03217
12 93 0.06646
12 94 0.02408
12 95 -0.10839
12 96 0.06824
12 97 -0.07108
12 98 -0.06227
12 99 -0.09123
12 100 0.13127
12 101 0.0854
12 102 -0.00929
12 103 0.09644
12 104 0.01445
12 105 0.04152
12 106 0.03256
12 107 0.0261
12 108 -0.07973
12 109 -0.08878
12 110 0.07027
12 111 0.02372
12 112 -0.10447
12 113 -0.03811
12 114 -0.15699
12 115 0.08739
12 116 0.09847
12 117 -0.02652
12 118 -0.01517
12 119 0.04845
12 120 0.06229
12 121 0.0726
12 122 -0.09572
12 123 0.0185
12 124 0.05727
12 125 -0.02659
12 126 0.12248
12 127 -0.06659
12 128 -0.02839
12 129 0.03732
12 130 -0.03233
12 131 0.20138
12 132 0.06495
12 133 0.09665
12 134 0.14779
12 135 -0.1077
12 136 -0.0488
12 137 0.04481
12 138 -0.05589
12 139 0.08505
12 140 -0.04662
12 141 0.16094
12 142 0.05422
12 143 0.03501
12 144 -0.10071
12 145 -0.02271
12 146 0.01895
12 147 -0.07991
12 148 -0.06258
12 149 -0.07406
12 150 -0.02786
12 151 -0.07886
12 152 -0.05395
12 153 0.04293
12 154 0.06836
12 155 -0.04961
12 156 -0.01866
12 157 -0.08624
12 158 0.04241
12 159 0.06914
12 160 0.02773
12 161 0.19556
12 162 0.04577
12 163 -0.05075
12 164 0.0937
12 165 -0.08473
12 166 -0.10212
12 167 -0.06796
12 168 0.04016
12 169 -0.0242
12 170 0.08177
12 171 0.14925
12 172 0.09863
12 173 -0.00872
12 174 -0.17029
12 175 0.07918
12 176 -0.02195
12 177 0.02365
12 178 0.01959
12 179 -0.02933
12 180 0.09823
12 181 0.12846
12 182 0.04108
12 183 -0.13349
12 184 -0.00937
12 185 -0.05077
12 186 -0.05739
12 187 0.04829
12 188 0.0009
12 189 -0.04592
12 190 -0.01801
12 191 0.06369
12 192 0.03331
12 193 0.01033
12 194 -0.12237
12 195 -0.02295
12 196 -0.12547
12 197 0.03484
12 198 0.10119
12 199 -0.00766
13 14 -0.04182
13 15 -0.01572
13 16 -0.03001
13 17 -0.0307
13 18 0.03737
13 19 0.0333
13 20 0.02004
13 21 -0.07695
13 22 0.00333
13 23 -0.01408
13 24 0.09107
13 25 -0.11359
13 26 -0.06135
13 27 -0.03991
13 28 -0.0798
13 29 -0.02753
13 30 -0.04186
13 31 0.05313
13 32 0.04008
13 33 -0.09438
13 34 -0.11844
13 35 -0.1242
13 36 -0.01355
13 37 0.02871
13 38 -0.00056
13 39 -0.01408
13 40 -0.03713
13 41 0.05617
13 42 -0.06309
13 43 0.0431
13 44 -0.04924
13 45 -0.09717
13 46 -0.08975
13 47 0.10595
13 48 -0.00812
13 49 -0.03624
13 50 0.03969
13 51 0.00969
13 52 -0.06902
13 53 -0.09842
13 54 0.1113
13 55 -0.01173
13 56 -0.0224
13 57 -0.11846
13 58 0.04507
13 59 -0.06387
13 60 0.11324
13 61 -0.04447
13 62 -0.04066
13 63 -0.00622
13 64 0.02991
13 65 -0.02433
13 66 -0.24259
13 67 -0.09264
13 68 -0.01595
13 69 0.06841
13 70 0.06681
13 71 -0.08273
13 72 -0.11109
13 73 0.07034
13 74 0.12367
13 75 -0.15015
13 76 -0.09918
13 77 -0.05252
13 78 0.00553
13 79 0.01546
13 80 0.10255
13 81 0.08853
13 82 -0.10104
13 83 -0.03669
13 84 0.13687
13 85 -0.03394
13 86 0.11189
13 87 0.08872
13 88 0.02389
13 89 0.07892
13 90 -0.04792
13 91 0.03684
13 92 -0.0378
13 93 -0.00015
13 94 -0.19824
13 95 0.05272
13 96 -0.04546
13 97 -0.08409
13 98 -0.11413
13 99 -0.04977
13 100 -0.06847
13 101 -0.01585
13 102 -0.04192
13 103 0.01028
13 104 0.03947
13 105 0.07364
13 106 0.10567
13 107 -0.02916
13 108 0.02168
13 109 -0.01377
13 110 -0.0222
13 111 0.03982
13 112 -0.12268
13 113 0.00601
13 114 -0.12474
13 115 0.13784
13 116 -0.0186
13 117 -0.00185
13 118 0.02285
13 119 -0.05134
13 120 0.02596
13 121 0.03633
13 122 0.01335
13 123 -0.0188
13 124 0.03769
13 125 -0.06318
13 126 0.10704
13 127 0.03752
13 128 -0.05723
13 129 -0.09083
13 130 0.10691
13 131 -0.0684
13 132 -0.08871
13 133 -0.06817
13 134 0.04344
13 135 0.0524
13 136 -0.05298
13 137 0.03014
13 138 -0.07223
13 139 0.05994
13 140 0.01056
13 141 0.03528
13 142 -0.02942
13 143 0.00222
13 144 -0.10397
13 145 -0.05819
13 146 -0.0099
13 147 0.01244
13 148 0.02494
13 149 0.09314
13 150 0.01382
13 151 -0.16129
13 152 0.08972
13 153 0.12958
13 154 -0.01662
13 155 -0.00953
13 156 0.04257
13 157 0.01378
13 158 0.12616
13 159 -0.05347
13 160 0.05044
13 161 -0.04926
13 162 0.04345
13 163 0.05794
13 164 -0.09891
13 165 -0.1211
13 166 -0.00466
13 167 -0.04589
13 168 0.06587
13 169 -0.05041
13 170 0.02567
13 171 -0.01765
13 172 -0.03142
13 173 -0.05156
13 174 0.08719
13 175 0.03135
13 176 0.1013
13 177 -0.03822
13 178 -0.02421
13 179 0.01444
13 180 0.04364
13 181 0.02673
13 182 0.04889
13 183 0.0166
13 184 0.06786
13 185 -0.04695
13 186 0.00203
13 187 -0.08579
13 188 0.19653
13 189 0.04362
13 190 0.08861
13 191 0.08843
13 192 -0.0422
13 193 0.00086
13 194 0.05692
13 195 -0.09411
13 196 -0.18483
13 197 -0.04063
13 198 -0.15996
13 199 -0.06963
14 15 0.08766
14 16 -0.01861
14 17 -0.12812
14 18 -0.05193
14 19 0.09233
14 20 -0.00741
14 21 0.02099
14 22 -0.00664
14 23 -0.07454
14 24 0.06937
14 25 -0.06774
14 26 0.04832
14 27 0.16736
14 28 -0.10841
14 29 -0.01182
14 30 -0.088
14 31 0.0154
14 32 0.01193
14 33 -0.02743
14 34 0.04876
14 35 -0.01139
14 36 -0.00129
14 37 -0.02046
14 38 0.0186
14 39 0.1692
14 40 0.04043
14 41 0.03422
14 42 -0.02974
14 43 -0.01377
14 44 -0.14755
14 45 0.03084
14 46 -0.00151
14 47 0.0367
14 48 -0.00754
14 49 0.10182
14 50 0.01788
14 51 0.02453
14 52 -0.00851
14 53 0.03732
14 54 -0.04868
14 55 -0.05749
14 56 -0.00297
14 57 -0.04727
14 58 -0.04393
14 59 -0.09571
14 60 0.02654
14 61 -0.07546
14 62 0.21827
14 63 -0.04645
14 64 0.0368
14 65 0.07303
14 66 0.01422
14 67 0.02052
14 68 0.03164
14 69 0.06645
14 70 0.02484
14 71 -0.0501
14 72 -0.09063
14 73 -0.01783
14 74 -0.01906
14 75 0.06938
14 76 -0.08374
14 77 -0.09472
14 78 0.14199
14 79 0.02185
14 80 0.03812
14 81 0.01042
14 82 0.06804
14 83 0.02085
14 84 -0.10811
14 85 -0.02256
14 86 -0.11505
14 87 -0.00223
14 88 -0.05748
14 89 -0.05879
14 90 -0.04143
14 91 0.09631
14 92 -0.00136
14 93 0.01174
14 94 0.0388
14 95 0.07954
14 96 0.01091
14 97 0.01734
14 98 0.07855
14 99 -0.04668
14 100 0.02612
14 101 0.10323
14 102 0.10031
14 103 -0.0088
14 104 -0.00006
14 105 0.03368
14 106 -0.03131
14 107 -0.0769
14 108 0.03849
14 109 0.11724
14 110 0.02271
14 111 0.09124
14 112 -0.0352
14 113 0.03532
14 114 -0.02795
14 115 -0.06022
14 116 -0.0667
14 117 -0.13749
14 118 0.05393
14 119 0.02573
14 120 0.00691
14 121 0.01595
14 122 0.0945
14 123 -0.06926
14 124 -0.04367
14 125 -0.00393
14 126 0.06155
14 127 0.08141
14 128 -0.01871
14 129 -0.02569
14 130 -0.05632
14 131 -0.06379
14 132 -0.00696
14 133 0.10665
14 134 -0.07351
14 135 0.04558
14 136 0.05627
14 137 0.00254
14 138 -0.07192
14 139 -0.10128
14 140 -0.10942
14 141 -0.04396
14 142 -0.01815
14 143 0.08112
14 144 -0.02644
14 145 -0.08769
14 146 -0.07245
14 147 0.07437
14 148 -0.12782
14 149 0.0974
14 150 -0.02788
14 151 -0.00232
14 152 0.20101
14 153 -0.00671
14 154 -0.02815
14 155 -0.09634
14 156 0.1125
14 157 0.07135
14 158 0.00034
14 159 0.04741
14 160 0.03995
14 161 0.0446
14 162 0.06555
14 163 -0.08776
14 164 0.10473
14 165 0.09136
14 166 0.17105
14 167 -0.12877
14 168 -0.044
14 169 0.05577
14 170 0.09064
14 171 -0.04456
14 172 -0.10651
14 173 -0.06553
14 174 0.06594
14 175 0.05704
14 176 -0.06294
14 177 0.11458
14 178 -0.03646
14 179 0.0204
14 180 -0.0108
14 181 0.06724
14 182 -0.00952
14 183 0.02468
14 184 -0.01796
14 185 0.11617
14 186 0.00744
14 187 0.00777
14 188 -0.04103
14 189 0.06305
14 190 -0.12869
14 191 -0.05797
14 192 -0.10913
14 193 0.11465
14 194 -0.05356
14 195 0.12304
14 196 0.06729
14 197 0.05476
14 198 0.05997
14 199 -0.0068
15 16 -0.13557
15 17 0.11087
15 18 0.01055
15 19 -0.08015
15 20 -0.07432
15 21 -0.06322
15 22 0.1184
15 23 -0.13005
15 24 -0.11221
15 25 0.03195
15 26 -0.02946
15 27 -0.0153
15 28 -0.09155
15 29 -0.07521
15 30 -0.0517
15 31 0.12693
15 32 -0.11743
15 33 -0.0751
15 34 0.00052
15 35 0.13898
15 36 -0.07521
15 37 -0.11323
15 38 0.10599
15 39 0.01201
15 40 -0.0832
15 41 0.04626
15 42 0.03271
15 43 0.03193
15 44 -0.05419
15 45 0.16402
15 46 -0.00565
15 47 0.04098
15 48 -0.01764
15 49 -0.04191
15 50 0.09998
15 51 -0.02122
15 52 -0.06001
15 53 -0.14922
15 54 0.0693
15 55 -0.02984
15 56 -0.00172
15 57 0.05171
15 58 0.09003
15 59 -0.02955
15 60 0.0252
15 61 -0.08749
15 62 -0.05719
15 63 -0.00552
15 64 0.18411
15 65 0.06114
15 66 0.03076
15 67 -0.00641
15 68 0.00734
15 69 -0.11735
15 70 -0.06338
15 71 -0.09112
15 72 -0.06021
15 73 0.02744
15 74 0.12874
15 75 -0.09999
15 76 0.01039
15 77 -0.01335
15 78 0.01064
15 79 -0.03568
15 80 -0.12038
15 81 0.00937
15 82 -0.04178
15 83 0.00484
15 84 -0.05763
15 85 0.06382
15 86 0.05938
15 87 -0.07856
15 88 0.11994
15 89 0.12866
15 90 0.01891
15 91 0.04172
15 92 0.07327
15 93 -0.04981
15 94 0.01384
15 95 -0.18529
15 96 -0.01091
15 97 0.04456
15 98 -0.15704
15 99 -0.08275
15 100 0.0731
15 101 -0.09122
15 102 -0.1309
15 103 -0.00812
15 104 0.0193
15 105 0.03044
15 106 -0.03957
15 107 -0.02826
15 108 -0.00441
15 109 0.10355
15 110 0.09954
15 111 0.06284
15 112 -0.03402
15 113 0.05861
15 114 0.09486
15 115 -0.06552
15 116 -0.03589
15 117 0.05556
15 118 -0.03366
15 119 -0.06129
15 120 -0.04804
15 121 0.05372
15 122 0.05101
15 123 -0.05966
15 124 0.05698
15 125 0.08505
15 126 -0.07763
15 127 -0.0881
15 128 -0.10156
15 129 0.07438
15 130 0.03591
15 131 0.03831
15 132 0.08487
15 133 -0.07117
15 134 0.07495
15 135 0.02746
15 136 0.00202
15 137 -0.08195
15 138 0.02717
15 139 0.01573
15 140 0.08964
15 141 -0.02728
15 142 -0.04328
15 143 0.0826
15 144 -0.07106
15 145 0.02028
15 146 0.05245
15 147 -0.11227
15 148 -0.16642
15 149 0.02755
15 150 0.06224
15 151 0.00981
15 152 0.2102
15 153 -0.01414
15 154 0.02343
15 155 -0.00505
15 156 0.01973
15 157 -0.03819
15 158 -0.0042
15 159 -0.07539
15 160 -0.00701
15 161 0.07438
15 162 -0.05877
15 163 0.14645
15 164 0.12532
15 165 0.05074
15 166 -0.00322
15 167 -0.13739
15 168 -0.07697
15 169 0.06434
15 170 -0.00296
15 171 -0.11437
15 172 -0.00946
15 173 -0.0851
15 174 -0.06131
15 175 -0.14647
15 176 0.02593
15 177 -0.00562
15 178 -0.04201
15 179 0.02936
15 180 0.09094
15 181 0.01282
15 182 0.03925
15 183 -0.00441
15 184 -0.09868
15 185 -0.00633
15 186 -0.02176
15 187 0.07217
15 188 -0.07794
15 189 0.11932
15 190 -0.07799
15 191 -0.12201
15 192 0.10111
15 193 -0.03164
15 194 0.07668
15 195 -0.08412
15 196 0.04203
15 197 0.04371
15 198 0.00396
15 199 0.16686
16 17 0.04566
16 18 -0.02523
16 19 -0.07039
16 20 -0.17392
16 21 -0.06689
16 22 -0.04137
16 23 -0.07512
16 24 -0.05739
16 25 -0.01711
16 26 -0.00366
16 27 -0.13336
16 28 0.10221
16 29 0.01658
16 30 -0.0029
16 31 0.13623
16 32 -0.0592
16 33 0.07806
16 34 -0.00653
16 35 -0.07383
16 36 0.03927
16 37 -0.07334
16 38 -0.0302
16 39 -0.0771
16 40 -0.04085
16 41 0.0151
16 42 -0.04472
16 43 -0.01608
16 44 0.02314
16 45 -0.05731
16 46 -0.06307
16 47 -0.02338
16 48 0.10887
16 49 -0.03155
16 50 -0.03928
16 51 -0.07724
16 52 0.14928
16 53 -0.06777
16 54 -0.01661
16 55 -0.07465
16 56 0.08907
16 57 -0.00585
16 58 -0.02407
16 59 -0.23459
16 60 -0.10502
16 61 -0.05698
16 62 0.0491
16 63 0.08076
16 64 -0.04908
16 65 0.0191
16 66 -0.08088
16 67 0.01658
16 68 0.03567
16 69 0.00567
16 70 -0.06681
16 71 0.14696
16 72 -0.03081
16 73 -0.20647
16 74 -0.05367
16 75 -0.0225
16 76 -0.016
16 77 -0.06549
16 78 -0.0793
16 79 -0.00649
16 80 0.03617
16 81 -0.05144
16 82 -0.01024
16 83 -0.11047
16 84 -0.01259
16 85 -0.02297
16 86 -0.13519
16 87 0.00932
16 88 0.12353
16 89 0.00005
16 90 -0.05653
16 91 -0.0759
16 92 0.05043
16 93 -0.00842
16 94 -0.06867
16 95 -0.08464
16 96 -0.14158
16 97 0.05587
16 98 0.03112
16 99 -0.07567
16 100 0.09768
16 101 -0.00799
16 102 -0.029
16 103 0.0248
16 104 -0.11815
16 105 -0.10024
16 106 -0.03611
16 107 -0.01055
16 108 -0.00461
16 109 0.03482
16 110 -0.07862
16 111 -0.0083
16 112 0.05455
16 113 0.06529
16 114 -0.00354
16 115 0.07555
16 116 0.03227
16 117 -0.06622
16 118 0.1833
16 119 0.03999
16 120 -0.05622
16 121 -0.05528
16 122 -0.00434
16 123 0.05231
16 124 0.11218
16 125 0.00813
16 126 -0.07258
16 127 -0.06318
16 128 0.03083
16 129 -0.01193
16 130 -0.01423
16 131 -0.00026
16 132 0.10162
16 133 -0.01687
16 134 0.03126
16 135 0.04797
16 136 0.00271
16 137 -0.00705
16 138 0.06553
16 139 0.05975
16 140 -0.06518
16 141 -0.02106
16 142 0.12411
16 143 -0.00793
16 144 0.03746
16 145 -0.00228
16 146 -0.08016
16 147 -0.09516
16 148 -0.07537
16 149 0.07388
16 150 -0.10151
16 151 0.02459
16 152 0.0363
16 153 -0.03979
16 154 -0.07724
16 155 -0.09355
16 156 0.06727
16 157 0.04766
16 158 -0.05012
16 159 -0.07487
16 160 -0.00569
16 161 -0.1068
16 162 0.01792
16 163 -0.04012
16 164 -0.09899
16 165 0.03405
16 166 0.02844
16 167 -0.19932
16 168 0.03469
16 169 0.04798
16 170 0.05968
16 171 0.02938
16 172 0.05831
16 173 0.14054
16 174 -0.12002
16 175 0.01121
16 176 -0.10518
16 177 -0.07973
16 178 0.02871
16 179 0.08273
16 180 0.06064
16 181 0.06971
16 182 -0.0669
16 183 -0.02396
16 184 0.04035
16 185 0.05071
16 186 0.08983
16 187 0.0449
16 188 0.05517
16 189 -0.02335
16 190 -0.10023
16 191 -0.00147
16 192 -0.01194
16 193 -0.02382
16 194 0.02095
16 195 -0.04931
16 196 0.05232
16 197 0.02363
16 198 -0.0299
16 199 0.06935
17 18 -0.05989
17 19 -0.01327
17 20 0.1253
17 21 0.03585
17 22 0.03765
17 23 -0.15512
17 24 0.04722
17 25 0.15697
17 26 0.05695
17 27 0.00284
17 28 0.00274
17 29 0.12517
17 30 0.00028
17 31 0.02042
17 32 0.08556
17 33 -0.00848
17 34 -0.09237
17 35 -0.0462
17 36 -0.02357
17 37 -0.02426
17 38 0.10799
17 39 -0.15197
17 40 -0.06211
17 41 -0.06301
17 42 0.00757
17 43 -0.02692
17 44 -0.03023
17 45 0.0258
17 46 -0.02632
17 47 0.03015
17 48 -0.01176
17 49 0.03216
17 50 -0.01808
17 51 0.13519
17 52 0.00189
17 53 0.13768
17 54 -0.09898
17 55 -0.08676
17 56 -0.0599
17 57 0.00204
17 58 0.04364
17 59 0.00761
17 60 -0.01564
17 61 -0.0313
17 62 0.11003
17 63 0.04183
17 64 0.00453
17 65 0.0576
17 66 0.02143
17 67 0.05446
17 68 0.07163
17 69 0.10144
17 70 0.0292
17 71 -0.03753
17 72 0.08309
17 73 -0.04622
17 74 -0.01473
17 75 -0.00081
17 76 -0.01017
17 77 0.01757
17 78 0.00026
17 79 -0.00499
17 80 0.05071
17 81 0.02227
17 82 0.11457
17 83 0.01634
17 84 -0.00111
17 85 0.00212
17 86 0.0539
17 87 -0.16241
17 88 -0.01605
17 89 0.07523
17 90 -0.0583
17 91 -0.01768
17 92 -0.04684
17 93 -0.03648
17 94 0.10195
17 95 0.09959
17 96 0.09323
17 97 0.02326
17 98 -0.02152
17 99 -0.0083
17 100 0.01218
17 101 0.06844
17 102 -0.07317
17 103 -0.05522
17 104 0.00463
17 105 0.05991
17 106 -0.13423
17 107 0.03773
17 108 -0.06833
17 109 -0.02322
17 110 -0.08246
17 111 0.02567
17 112 -0.14468
17 113 -0.02634
17 114 -0.07292
17 115 -0.02139
17 116 0.0098
17 117 0.02412
17 118 0.03536
17 119 -0.07155
17 120 -0.08468
17 121 0.0371
17 122 0.06893
17 123 -0.06752
17 124 0.00608
17 125 0.01902
17 126 -0.0935
17 127 0.00804
17 128 -0.08303
17 129 -0.07702
17 130 0.08067
17 131 -0.03365
17 132 0.07297
17 133 0.02317
17 134 -0.00807
17 135 -0.09872
17 136 0.05304
17 137 0.15931
17 138 0.05278
17 139 -0.14618
17 140 -0.08123
17 141 -0.0312
17 142 0.07118
17 143 0.07183
17 144 -0.00708
17 145 0.09592
17 146 0.183
17 147 0.00058
17 148 0.0396
17 149 -0.12582
17 150 -0.04664
17 151 0.03204
17 152 -0.0392
17 153 0.01732
17 154 0.051
17 155 -0.09597
17 156 -0.07669
17 157 -0.0042
17 158 0.03521
17 159 -0.19551
17 160 0.17216
17 161 -0.07263
17 162 0.076
17 163 -0.06173
17 164 0.0721
17 165 0.06032
17 166 -0.03292
17 167 -0.02335
17 168 -0.0882
17 169 -0.02107
17 170 0.02357
17 171 0.13901
17 172 0.10401
17 173 -0.10059
17 174 -0.0623
17 175 -0.08275
17 176 -0.03563
17 177 -0.04288
17 178 -0.07514
17 179 0.02552
17 180 0.01895
17 181 -0.03734
17 182 0.09089
17 183 0.05517
17 184 -0.06577
17 185 -0.06273
17 186 -0.02391
17 187 -0.03312
17 188 0.01179
17 189 0.06733
17 190 0.0606
17 191 0.01001
17 192 -0.14604
17 193 -0.10262
17 194 0.02788
17 195 -0.00121
17 196 0.01558
17 197 0.02296
17 198 -0.07193
17 199 -0.12347
18 19 0.02003
18 20 0.01678
18 21 -0.17749
18 22 0.01403
18 23 -0.09003
18 24 0.0248
18 25 -0.14433
18 26 0.13255
18 27 -0.0247
18 28 -0.00086
18 29 0.0112
18 30 0.14258
18 31 -0.03438
18 32 -0.1005
18 33 0.02029
18 34 -0.08351
18 35 0.04477
18 36 -0.11358
18 37 -0.1007
18 38 0.17533
18 39 0.08612
18 40 0.03807
18 41 0.04453
18 42 -0.06871
18 43 0.03589
18 44 0.14307
18 45 -0.03091
18 46 -0.07868
18 47 0.00126
18 48 0.02992
18 49 -0.01651
18 50 0.01212
18 51 0.00145
18 52 -0.03421
18 53 0.1099
18 54 -0.00066
18 55 0.03605
18 56 0.01905
18 57 -0.00101
18 58 -0.03686
18 59 -0.03849
18 60 0.1452
18 61 0.0386
18 62 -0.07399
18 63 -0.17161
18 64 -0.19518
18 65 0.06691
18 66 0.09753
18 67 0.01708
18 68 0.08551
18 69 -0.01356
18 70 0.10518
18 71 -0.02056
18 72 -0.01659
18 73 0.09802
18 74 0.01171
18 75 0.03669
18 76 0.02287
18 77 0.06935
18 78 0.00381
18 79 -0.09887
18 80 0.07473
18 81 -0.1106
18 82 0.00541
18 83 -0.00714
18 84 -0.00283
18 85 -0.04253
18 86 0.0005
18 87 0.02158
18 88 -0.07713
18 89 -0.0526
18 90 -0.05042
18 91 0.03094
18 92 0.02535
18 93 -0.01005
18 94 -0.18321
18 95 -0.0804
18 96 0.02062
18 97 0.01799
18 98 0.04778
18 99 -0.06744
18 100 -0.0395
18 101 -0.09983
18 102 0.03992
18 103 0.04927
18 104 -0.15457
18 105 0.04295
18 106 0.10122
18 107 -0.03472
18 108 0.13108
18 109 -0.10665
18 110 -0.10888
18 111 -0.0589
18 112 -0.07509
18 113 0.11079
18 114 0.00225
18 115 0.06503
18 116 0.18418
18 117 -0.044
18 118 -0.00706
18 119 0.01206
18 120 -0.09187
18 121 -0.05787
18 122 -0.04396
18 123 0.0784
18 124 0.06001
18 125 -0.00476
18 126 -0.06385
18 127 -0.13179
18 128 -0.12798
18 129 -0.16064
18 130 -0.07263
18 131 -0.02521
18 132 0.05544
18 133 0.02738
18 134 0.12964
18 135 -0.03951
18 136 0.0445
18 137 0.00218
18 138 -0.13483
18 139 0.03408
18 140 -0.07248
18 141 -0.03946
18 142 0.16178
18 143 0.05828
18 144 -0.03164
18 145 -0.05327
18 146 0.06319
18 147 0.09103
18 148 -0.03603
18 149 0.02108
18 150 -0.00869
18 151 0.02733
18 152 -0.03296
18 153 0.00129
18 154 0.00297
18 155 0.02715
18 156 -0.07064
18 157 -0.12131
18 158 -0.01546
18 159 0.07661
18 160 -0.01763
18 161 0.02528
18 162 0.00891
18 163 -0.08158
18 164 0.11206
18 165 0.02658
18 166 0.03455
18 167 -0.02436
18 168 -0.01387
18 169 -0.02
18 170 -0.10082
18 171 -0.03151
18 172 -0.02707
18 173 -0.02701
18 174 0.05414
18 175 -0.02101
18 176 0.06549
18 177 0.02695
18 178 0.07153
18 179 -0.04562
18 180 -0.0231
18 181 -0.14423
18 182 -0.17831
18 183 0.06093
18 184 0.02243
18 185 -0.11938
18 186 0.16684
18 187 0.1532
18 188 -0.02167
18 189 -0.09951
18 190 0.1667
18 191 0.04033
18 192 0.01668
18 193 -0.06135
18 194 0.14077
18 195 0.00199
18 196 -0.05411
18 197 -0.09782
18 198 -0.08405
18 199 0.01578
19 20 0.06589
19 21 -0.01123
19 22 0.01576
19 23 -0.11774
19 24 -0.0682
19 25 -0.01716
19 26 -0.05184
19 27 -0.07871
19 28 0.12996
19 29 0.05112
19 30 -0.08916
19 31 -0.00538
19 32 0.05092
19 33 0.06292
19 34 0.0082
19 35 -0.0809
19 36 0.13363
19 37 0.10413
19 38 0.00942
19 39 -0.06543
19 40 -0.00752
19 41 0.07068
19 42 0.04185
19 43 -0.01056
19 44 -0.02117
19 45 -0.05846
19 46 0.05637
19 47 -0.13397
19 48 -0.11131
19 49 -0.03362
19 50 -0.02503
19 51 0.01855
19 52 0.11244
19 53 -0.03437
19 54 0.00722
19 55 -0.2138
19 56 -0.09169
19 57 -0.08236
19 58 -0.12082
19 59 -0.03119
19 60 0.06733
19 61 -0.01479
19 62 0.0415
19 63 0.03847
19 64 -0.02741
19 65 0.07585
19 66 0.01102
19 67 -0.06103
19 68 0.03118
19 69 -0.00143
19 70 -0.03222
19 71 0.09195
19 72 -0.05991
19 73 -0.06781
19 74 0.07634
19 75 0.0268
19 76 -0.03601
19 77 -0.0494
19 78 -0.01886
19 79 -0.0897
19 80 0.02595
19 81 -0.01374
19 82 0.00932
19 83 0.0094
19 84 0.08078
19 85 -0.03578
19 86 0.09451
19 87 -0.10594
19 88 -0.03891
19 89 0.01677
19 90 0.0112
19 91 -0.11058
19 92 0.0147
19 93 0.06846
19 94 0.021
19 95 0.14461
19 96 0.02209
19 97 0.02224
19 98 0.02972
19 99 -0.03904
19 100 0.03122
19 101 -0.09422
19 102 -0.06465
19 103 -0.00592
19 104 -0.07767
19 105 0.07656
19 106 0.11646
19 107 -0.02581
19 108 -0.09489
19 109 -0.02352
19 110 -0.065
19 111 0.03243
19 112 -0.14937
19 113 -0.02727
19 114 -0.08766
19 115 0.06084
19 116 0.07472
19 117 0.00431
19 118 0.07403
19 119 0.07438
19 120 -0.04386
19 121 -0.00684
19 122 -0.00557
19 123 0.04521
19 124 0.00463
19 125 0.03693
19 126 0.015
19 127 -0.01191
19 128 -0.09007
19 129 0.00902
19 130 0.03549
19 131 -0.08351
19 132 0.06298
19 133 0.07339
19 134 -0.02351
19 135 0.03197
19 136 0.06486
19 137 -0.06055
19 138 0.06373
19 139 0.03971
19 140 0.02872
19 141 0.09347
19 142 -0.12304
19 143 -0.01848
19 144 -0.09872
19 145 -0.01765
19 146 0.12795
19 147 -0.00874
19 148 0.14149
19 149 -0.07191
19 150 0.01102
19 151 -0.05452
19 152 0.10915
19 153 -0.09792
19 154 0.01318
19 155 -0.03869
19 156 -0.04898
19 157 -0.01905
19 158 -0.0035
19 159 0.00371
19 160 -0.00195
19 161 0.01186
19 162 -0.01694
19 163 0.04349
19 164 0.02729
19 165 0.12015
19 166 -0.07178
19 167 0.02548
19 168 -0.03426
19 169 -0.05721
19 170 0.00485
19 171 0.10757
19 172 0.01614
19 173 -0.05142
19 174 0.01088
19 175 -0.06934
19 176 0.06912
19 177 -0.04385
19 178 -0.08555
19 179 -0.00865
19 180 -0.00598
19 181 0.04726
19 182 -0.02436
19 183 0.03464
19 184 -0.04612
19 185 0.03656
19 186 -0.06114
19 187 0.07138
19 188 -0.00007
19 189 -0.0599
19 190 -0.02605
19 191 -0.06218
19 192 -0.02608
19 193 0.02767
19 194 -0.01899
19 195 -0.05408
19 196 -0.1156
19 197 0.09076
19 198 0.12759
19 199 -0.03976
20 21 0.12452
20 22 0.05326
20 23 -0.0554
20 24 -0.075
20 25 -0.02754
20 26 -0.03014
20 27 -0.02411
20 28 -0.06561
20 29 0.02822
20 30 0.01059
20 31 0.00771
20 32 0.18584
20 33 -0.02211
20 34 0.02564
20 35 0.10136
20 36 -0.02281
20 37 0.14612
20 38 -0.00359
20 39 0.1046
20 40 -0.0525
20 41 -0.15325
20 42 -0.07013
20 43 -0.14607
20 44 0.01483
20 45 0.02375
20 46 -0.00671
20 47 0.06024
20 48 -0.02514
20 49 0.03551
20 50 0.02485
20 51 0.07186
20 52 0.0498
20 53 -0.04957
20 54 -0.01792
20 55 0.12701
20 56 -0.00815
20 57 0.08282
20 58 -0.06408
20 59 -0.11022
20 60 0.04376
20 61 0.13544
20 62 -0.16832
20 63 0.15577
20 64 -0.1028
20 65 -0.14828
20 66 0.06057
20 67 0.07632
20 68 -0.07088
20 69 0.06561
20 70 -0.04346
20 71 0.06024
20 72 -0.02211
20 73 0.07254
20 74 0.00555
20 75 0.07965
20 76 0.10867
20 77 0.08914
20 78 0.07012
20 79 0.05931
20 80 0.05545
20 81 0.08007
20 82 -0.03982
20 83 -0.04457
20 84 -0.05603
20 85 0.0844
20 86 0.06471
20 87 -0.01417
20 88 -0.05285
20 89 -0.06101
20 90 0.03442
20 91 0.06506
20 92 -0.05354
20 93 -0.02821
20 94 0.04461
20 95 -0.08407
20 96 0.06883
20 97 0.02812
20 98 0.02184
20 99 -0.09345
20 100 -0.00499
20 101 -0.01037
20 102 -0.06419
20 103 0.0271
20 104 0.0559
20 105 0.0928
20 106 0.05925
20 107 0.03003
20 108 0.0012
20 109 -0.05963
20 110 0.03356
20 111 -0.01024
20 112 0.05955
20 113 -0.0635
20 114 -0.0287
20 115 -0.03123
20 116 -0.07903
20 117 -0.02033
20 118 0.02532
20 119 -0.0763
20 120 -0.04892
20 121 0.10944
20 122 -0.05312
20 123 -0.07402
20 124 -0.10452
20 125 0.05194
20 126 0.00669
20 127 0.087
20 128 -0.24844
20 129 -0.03233
20 130 -0.00581
20 131 -0.0039
20 132 -0.09647
20 133 -0.01073
20 134 0.03547
20 135 -0.00013
20 136 0.01394
20 137 0.07806
20 138 0.08277
20 139 0.00799
20 140 -0.02096
20 141 -0.0035
20 142 0.06553
20 143 0.14259
20 144 0.04391
20 145 -0.00742
20 146 -0.08941
20 147 -0.10578
20 148 0.02104
20 149 -0.0141
20 150 -0.08132
20 151 0.06354
20 152 0.11134
20 153 0.0458
20 154 -0.08702
20 155 0.03598
20 156 0.01822
20 157 0.01769
20 158 0.06288
20 159 -0.02214
20 160 0.04318
20 161 -0.04335
20 162 0.18244
20 163 0.05101
20 164 -0.037
20 165 -0.05149
20 166 0.04116
20 167 0.09537
20 168 0.08666
20 169 -0.00015
20 170 0.06152
20 171 0.00374
20 172 -0.03729
20 173 0.09935
20 174 -0.07142
20 175 -0.03564
20 176 0.02904
20 177 -0.0145
20 178 -0.00481
20 179 -0.02403
20 180 0.09065
20 181 -0.0175
20 182 0.0076
20 183 -0.01997
20 184 0.17712
20 185 -0.06878
20 186 -0.0137
20 187 -0.10188
20 188 -0.07406
20 189 0.05171
20 190 0.08156
20 191 0.14325
20 192 0.03843
20 193 -0.06014
20 194 -0.05373
20 195 -0.18126
20 196 -0.05746
20 197 0.18215
20 198 0.16317
20 199 -0.03394
21 22 -0.00236
21 23 -0.06272
21 24 -0.09578
21 25 -0.13726
21 26 0.01284
21 27 0.08067
21 28 -0.04345
21 29 -0.01772
21 30 -0.04384
21 31 -0.18567
21 32 -0.05566
21 33 0.00665
21 34 0.05093
21 35 -0.07005
21 36 0.02462
21 37 -0.08587
21 38 -0.00463
21 39 -0.06016
21 40 -0.01558
21 41 0.06233
21 42 0.07862
21 43 0.08598
21 44 -0.01332
21 45 0.04131
21 46 0.06181
21 47 0.07938
21 48 -0.00949
21 49 0.11419
21 50 -0.06901
21 51 0.00855
21 52 -0.0075
21 53 -0.02283
21 54 0.04281
21 55 -0.12596
21 56 -0.15675
21 57 -0.07715
21 58 -0.06182
21 59 0.06699
21 60 0.00486
21 61 -0.11283
21 62 0.08364
21 63 0.02699
21 64 -0.00879
21 65 -0.01232
21 66 -0.02146
21 67 0.041
21 68 -0.09417
21 69 0.06235
21 70 -0.07667
21 71 -0.03016
21 72 0.13712
21 73 -0.06795
21 74 -0.0664
21 75 0.03807
21 76 -0.03885
21 77 -0.04079
21 78 0.08184
21 79 0.0254
21 80 -0.00845
21 81 -0.06165
21 82 -0.04962
21 83 0.00535
21 84 -0.0566
21 85 -0.10264
21 86 -0.00788
21 87 -0.05792
21 88 -0.12201
21 89 -0.0166
21 90 -0.00462
21 91 0.00227
21 92 -0.04504
21 93 -0.00582
21 94 -0.07107
21 95 -0.03172
21 96 0.03804
21 97 -0.02502
21 98 -0.07313
21 99 -0.12068
21 100 0.08918
21 101 0.06069
21 102 0.11597
21 103 0.01495
21 104 -0.10528
21 105 -0.00387
21 106 0.02385
21 107 -0.0025
21 108 0.00938
21 109 0.04312
21 110 -0.00721
21 111 -0.0202
21 112 -0.01889
21 113 0.02385
21 114 0.13599
21 115 0.03619
21 116 0.01789
21 117 0.159
21 118 0.14794
21 119 0.03158
21 120 -0.06653
21 121 -0.09005
21 122 -0.15936
21 123 0.07847
21 124 0.03807
21 125 -0.00746
21 126 0.06587
21 127 -0.05306
21 128 0.0811
21 129 0.05021
21 130 -0.03536
21 131 0.00394
21 132 -0.00776
21 133 0.0669
21 134 0.07719
21 135 0.01549
21 136 0.08632
21 137 -0.08937
21 138 -0.02575
21 139 0.07169
21 140 0.21352
21 141 -0.05034
21 142 0.05287
21 143 0.08852
21 144 -0.08557
21 145 -0.00083
21 146 -0.0017
21 147 0.17795
21 148 -0.0382
21 149 -0.01076
21 150 -0.07646
21 151 -0.00687
21 152 -0.06435
21 153 0.03128
21 154 0.03796
21 155 -0.07103
21 156 0.05011
21 157 -0.03155
21 158 0.07462
21 159 -0.0157
21 160 0.03602
21 161 -0.04264
21 162 0.08373
21 163 0.03794
21 164 0.02397
21 165 -0.09015
21 166 0.01019
21 167 0.03124
21 168 -0.06627
21 169 -0.08394
21 170 -0.05953
21 171 0.0771
21 172 -0.1163
21 173 -0.03491
21 174 -0.04597
21 175 0.05428
21 176 -0.01075
21 177 0.04325
21 178 0.15906
21 179 -0.00185
21 180 -0.02564
21 181 -0.045
21 182 -0.04689
21 183 -0.01558
21 184 -0.00277
21 185 -0.02535
21 186 -0.00715
21 187 -0.002
21 188 -0.02398
21 189 -0.036
21 190 0.04712
21 191 -0.03169
21 192 0.11399
21 193 0.02168
21 194 -0.05035
21 195 -0.02634
21 196 -0.0178
21 197 -0.09765
21 198 -0.0398
21 199 0.03873
22 23 0.05357
22 24 0.03305
22 25 -0.02198
22 26 -0.1336
22 27 -0.08789
22 28 0.00451
22 29 0.004
22 30 0.01982
22 31 -0.05887
22 32 -0.0087
22 33 0.02852
22 34 0.13783
22 35 0.00683
22 36 -0.04844
22 37 -0.08044
22 38 0.03046
22 39 -0.00504
22 40 -0.03838
22 41 0.13411
22 42 0.14806
22 43 -0.00331
22 44 0.05952
22 45 -0.08877
22 46 -0.02366
22 47 -0.02439
22 48 -0.05653
22 49 -0.04421
22 50 -0.00179
22 51 0.0511
22 52 -0.02747
22 53 0.03418
22 54 0.04578
22 55 -0.00489
22 56 0.05106
22 57 -0.06661
22 58 -0.06447
22 59 -0.01691
22 60 -0.0952
22 61 0.03442
22 62 -0.04593
22 63 -0.05801
22 64 -0.05043
22 65 -0.04316
22 66 0.14576
22 67 0.03819
22 68 -0.05452
22 69 0.06019
22 70 -0.01095
22 71 -0.02553
22 72 0.00228
22 73 -0.04445
22 74 -0.05218
22 75 -0.02381
22 76 -0.06336
22 77 0.05256
22 78 0.06354
22 79 -0.02736
22 80 0.02094
22 81 0.10826
22 82 -0.06322
22 83 0.01794
22 84 0.05522
22 85 0.17321
22 86 0.01749
22 87 -0.12421
22 88 -0.09344
22 89 -0.03656
22 90 -0.03037
22 91 -0.05828
22 92 0.03683
22 93 -0.00375
22 94 0.04162
22 95 0.00343
22 96 0.05982
22 97 -0.09276
22 98 0.01746
22 99 0.12462
22 100 -0.01797
22 101 -0.05531
22 102 0.01721
22 103 0.03985
22 104 0.00286
22 105 -0.00041
22 106 -0.05256
22 107 0.14069
22 108 0.09935
22 109 -0.01392
22 110 0.13874
22 111 -0.01088
22 112 0.00409
22 113 0.11995
22 114 -0.02397
22 115 -0.03679
22 116 -0.00622
22 117 0.01914
22 118 0.12994
22 119 -0.10175
22 120 0.05892
22 121 -0.08737
22 122 0.01605
22 123 -0.12616
22 124 0.04344
22 125 -0.06562
22 126 0.04495
22 127 -0.0723
22 128 -0.17375
22 129 0.04939
22 130 -0.06463
22 131 -0.08071
22 132 -0.0093
22 133 0.06118
22 134 0.05238
22 135 -0.03847
22 136 0.03139
22 137 -0.01103
22 138 0.04425
22 139 -0.12155
22 140 0.04513
22 141 -0.13369
22 142 0.02394
22 143 -0.02576
22 144 -0.14043
22 145 -0.00337
22 146 -0.12225
22 147 0.02794
22 148 0.03216
22 149 -0.04052
22 150 -0.10248
22 151 0.03488
22 152 0.0644
22 153 -0.07204
22 154 0.01011
22 155 0.03914
22 156 -0.03842
22 157 -0.11119
22 158 0.14131
22 159 0.0006
22 160 -0.17637
22 161 0.00819
22 162 0.1825
22 163 -0.04097
22 164 0.15873
22 165 0.00744
22 166 0.02798
22 167 0.00444
22 168 0.05691
22 169 -0.01976
22 170 0.13648
22 171 0.06718
22 172 -0.02552
22 173 -0.04751
22 174 0.01713
22 175 -0.01503
22 176 -0.12051
22 177 -0.0187
22 178 0.04435
22 179 -0.08267
22 180 0.05382
22 181 0.08426
22 182 -0.01768
22 183 0.02958
22 184 0.06574
22 185 -0.00118
22 186 0.01565
22 187 0.09113
22 188 0.06442
22 189 0.06557
22 190 -0.03427
22 191 -0.07473
22 192 -0.07411
22 193 -0.06004
22 194 -0.06605
22 195 0.02267
22 196 -0.09457
22 197 -0.01201
22 198 0.01922
22 199 -0.03365
23 24 -0.03823
23 25 -0.04279
23 26 0.05805
23 27 -0.01638
23 28 0.00269
23 29 -0.11167
23 30 -0.06166
23 31 0.09191
23 32 0.0264
23 33 -0.03381
23 34 0.09861
23 35 0.08491
23 36 0.14051
23 37 -0.00613
23 38 0.04596
23 39 -0.0167
23 40 0.03068
23 41 -0.02794
23 42 0.0283
23 43 -0.08088
23 44 0.07296
23 45 0.01805
23 46 0.057
23 47 0.01105
23 48 -0.02594
23 49 -0.10568
23 50 -0.05813
23 51 -0.02024
23 52 0.02061
23 53 -0.11883
23 54 0.13417
23 55 0.00466
23 56 0.0333
23 57 0.00623
23 58 0.09877
23 59 -0.08178
23 60 -0.06122
23 61 0.01091
23 62 -0.04549
23 63 -0.06367
23 64 0.07068
23 65 0.06752
23 66 0.08468
23 67 0.07958
23 68 -0.00084
23 69 0.00379
23 70 -0.08393
23 71 0.01326
23 72 0.03749
23 73 -0.00635
23 74 0.0508
23 75 -0.01265
23 76 -0.01359
23 77 -0.04157
23 78 0.01526
23 79 -0.0988
23 80 -0.02301
23 81 0.03753
23 82 0.01022
23 83 0.05927
23 84 -0.02586
23 85 0.06737
23 86 0.0217
23 87 0.0688
23 88 0.01973
23 89 0.00068
23 90 0.13026
23 91 0.17565
23 92 -0.00594
23 93 -0.18345
23 94 0.02974
23 95 -0.02324
23 96 -0.07818
23 97 0.00007
23 98 -0.14043
23 99 -0.03965
23 100 0.03093
23 101 -0.15377
23 102 0.05537
23 103 -0.00174
23 104 0.08566
23 105 -0.04003
23 106 -0.02015
23 107 0.03345
23 108 0.04078
23 109 -0.09679
23 110 0.04233
23 111 -0.00677
23 112 -0.12708
23 113 0.0755
23 114 -0.13145
23 115 -0.09287
23 116 -0.02285
23 117 -0.10318
23 118 -0.05789
23 119 0.01168
23 120 0.18435
23 121 -0.11843
23 122 -0.0456
23 123 -0.02605
23 124 0.11026
23 125 0.00942
23 126 0.00469
23 127 -0.02247
23 128 -0.06992
23 129 0.17128
23 130 -0.13925
23 131 0.01707
23 132 0.08367
23 133 -0.01814
23 134 -0.03414
23 135 -0.05377
23 136 0.17447
23 137 -0.02709
23 138 -0.00245
23 139 0.02092
23 140 -0.11477
23 141 0.00505
23 142 0.04754
23 143 0.10322
23 144 -0.11218
23 145 -0.00529
23 146 -0.11349
23 147 0.14617
23 148 0.0293
23 149 -0.12541
23 150 0.12593
23 151 0.01115
23 152 0.08861
23 153 0.08573
23 154 0.03437
23 155 -0.0024
23 156 -0.04563
23 157 -0.0796
23 158 0.00701
23 159 0.12116
23 160 0.02287
23 161 -0.07779
23 162 0.06866
23 163 -0.10248
23 164 0.00098
23 165 0.02858
23 166 -0.05877
23 167 0.10367
23 168 -0.08503
23 169 0.0816
23 170 -0.06077
23 171 -0.02178
23 172 0.05673
23 173 -0.01098
23 174 -0.11118
23 175 -0.01413
23 176 0.0214
23 177 0.02192
23 178 -0.17183
23 179 -0.09631
23 180 0.03251
23 181 0.0752
23 182 -0.14587
23 183 -0.0598
23 184 -0.03404
23 185 -0.03428
23 186 0.07069
23 187 0.05943
23 188 0.10047
23 189 -0.0263
23 190 -0.015
23 191 -0.10021
23 192 0.13132
23 193 0.04258
23 194 -0.08267
23 195 0.01817
23 196 -0.13471
23 197 -0.1091
23 198 0.04376
23 199 -0.08999
24 25 0.11443
24 26 0.00473
24 27 0.03308
24 28 0.04786
24 29 -0.01051
24 30 -0.00563
24 31 -0.00591
24 32 -0.0567
24 33 -0.09005
24 34 -0.02686
24 35 0.08416
24 36 0.03521
24 37 -0.13048
24 38 0.16488
24 39 -0.16631
24 40 -0.0172
24 41 0.0806
24 42 -0.07645
24 43 0.05896
24 44 0.06622
24 45 -0.02187
24 46 -0.09498
24 47 -0.06058
24 48 0.06358
24 49 -0.03512
24 50 -0.04085
24 51 0.01237
24 52 0.06284
24 53 -0.02037
24 54 0.05269
24 55 0.11798
24 56 -0.05053
24 57 0.01366
24 58 -0.02165
24 59 0.05255
24 60 0.01308
24 61 -0.01292
24 62 0.07357
24 63 0.06804
24 64 -0.01613
24 65 -0.00318
24 66 -0.03384
24 67 0.09797
24 68 0.08322
24 69 0.02103
24 70 0.08916
24 71 0.02533
24 72 0.04953
24 73 -0.02838
24 74 -0.06207
24 75 0.01915
24 76 0.14861
24 77 0.10257
24 78 0.03388
24 79 0.17631
24 80 0.02215
24 81 0.02318
24 82 0.0525
24 83 -0.14091
24 84 -0.09483
24 85 -0.06028
24 86 -0.06505
24 87 -0.13557
24 88 -0.06166
24 89 0.11968
24 90 0.02306
24 91 -0.04882
24 92 0.02078
24 93 0.00382
24 94 0.01898
24 95 -0.15064
24 96 0.06461
24 97 -0.02404
24 98 0.05687
24 99 -0.00263
24 100 -0.0314
24 101 0.01581
24 102 0.09588
24 103 -0.0158
24 104 0.07236
24 105 -0.08056
24 106 -0.09888
24 107 0.0531
24 108 0.02758
24 109 -0.09843
24 110 0.15159
24 111 -0.01651
24 112 -0.07536
24 113 0.07536
24 114 0.12285
24 115 0.01585
24 116 -0.00228
24 117 0.29125
24 118 0.05541
24 119 -0.02613
24 120 0.01625
24 121 -0.04104
24 122 0.06715
24 123 -0.08729
24 124 -0.05059
24 125 -0.06509
24 126 -0.03896
24 127 0.00111
24 128 0.03069
24 129 -0.01757
24 130 -0.03417
24 131 0.03566
24 132 -0.00776
24 133 0.00109
24 134 -0.04082
24 135 0.01327
24 136 -0.06326
24 137 -0.03545
24 138 -0.0705
24 139 -0.10045
24 140 -0.01745
24 141 -0.04663
24 142 -0.05193
24 143 -0.05874
24 144 -0.12662
24 145 0.00914
24 146 0.05116
24 147 -0.08634
24 148 -0.01214
24 149 0.0642
24 150 0.06994
24 151 0.09766
24 152 0.02173
24 153 0.00508
24 154 -0.00133
24 155 0.11798
24 156 0.04378
24 157 0.01048
24 158 0.04526
24 159 -0.04062
24 160 0.04241
24 161 0.05604
24 162 0.0729
24 163 0.17023
24 164 0.16886
24 165 -0.07389
24 166 -0.06329
24 167 -0.15178
24 168 -0.01655
24 169 -0.02548
24 170 -0.03217
24 171 -0.00932
24 172 0.05512
24 173 -0.06128
24 174 -0.06343
24 175 0.00053
24 176 -0.00362
24 177 -0.03398
24 178 0.08264
24 179 -0.01888
24 180 -0.08939
24 181 0.03923
24 182 -0.08142
24 183 0.03935
24 184 0.06656
24 185 -0.02806
24 186 0.05844
24 187 0.13854
24 188 -0.07728
24 189 -0.04655
24 190 -0.06871
24 191 0.1021
24 192 0.04375
24 193 0.03135
24 194 0.02654
24 195 -0.01285
24 196 -0.02859
24 197 0.16289
24 198 -0.03241
24 199 -0.08193
25 26 -0.24344
25 27 0.02414
25 28 0.00576
25 29 0.03909
25 30 -0.11676
25 31 -0.14406
25 32 -0.04543
25 33 0.06745
25 34 0.03835
25 35 -0.04763
25 36 0.08128
25 37 -0.04
25 38 -0.01118
25 39 -0.02756
25 40 -0.0501
25 41 0.04983
25 42 -0.03429
25 43 0.074
25 44 -0.00531
25 45 -0.0472
25 46 -0.12769
25 47 0.07443
25 48 -0.12947
25 49 -0.04443
25 50 -0.11033
25 51 -0.01133
25 52 0.06462
25 53 0.00946
25 54 -0.08523
25 55 -0.05821
25 56 0.15606
25 57 -0.01431
25 58 0.0573
25 59 -0.01831
25 60 -0.08999
25 61 -0.09748
25 62 -0.06643
25 63 0.0281
25 64 0.09216
25 65 0.12294
25 66 -0.02212
25 67 -0.09926
25 68 -0.01626
25 69 0.10813
25 70 -0.14031
25 71 0.04737
25 72 0.06634
25 73 0.00319
25 74 0.01681
25 75 -0.02446
25 76 0.09228
25 77 -0.05224
25 78 -0.01803
25 79 0.10959
25 80 -0.02255
25 81 0.06192
25 82 0.01187
25 83 -0.0344
25 84 -0.12826
25 85 0.15993
25 86 0.08223
25 87 -0.07838
25 88 -0.21485
25 89 0.00477
25 90 -0.04752
25 91 0.04321
25 92 -0.14167
25 93 0.06626
25 94 -0.03417
25 95 0.05708
25 96 0.11258
25 97 0.08001
25 98 0.0241
25 99 -0.02128
25 100 -0.15091
25 101 -0.02827
25 102 0.18306
25 103 -0.02908
25 104 -0.04026
25 105 -0.04871
25 106 0.05531
25 107 -0.03102
25 108 -0.01188
25 109 0.07468
25 110 0.06749
25 111 0.06746
25 112 -0.00549
25 113 -0.05521
25 114 -0.02901
25 115 -0.04362
25 116 0.03953
25 117 0.05803
25 118 -0.09543
25 119 0.00753
25 120 0.01308
25 121 0.02509
25 122 0.0114
25 123 -0.10904
25 124 0.07869
25 125 -0.05358
25 126 0.01936
25 127 -0.01327
25 128 -0.00429
25 129 0.01154
25 130 -0.04562
25 131 0.01981
25 132 -0.00265
25 133 0.01863
25 134 -0.00684
25 135 0.0733
25 136 0.02687
25 137 0.00048
25 138 0.00572
25 139 0.04666
25 140 0.03452
25 141 0.04807
25 142 0.02736
25 143 0.02834
25 144 0.12294
25 145 -0.04756
25 146 -0.00761
25 147 -0.05682
25 148 0.08357
25 149 0.10605
25 150 0.00157
25 151 0.02404
25 152 0.06864
25 153 -0.01724
25 154 0.06534
25 155 -0.0982
25 156 -0.05509
25 157 -0.0646
25 158 0.09067
25 159 0.05259
25 160 -0.08358
25 161 0.03492
25 162 0.0104
25 163 0.03547
25 164 -0.14052
25 165 -0.07911
25 166 -0.13928
25 167 -0.00154
25 168 -0.0504
25 169 0.05915
25 170 -0.14045
25 171 -0.03083
25 172 0.09802
25 173 0.01242
25 174 0.09202
25 175 -0.10897
25 176 0.06846
25 177 0.01906
25 178 -0.07009
25 179 -0.03499
25 180 -0.08176
25 181 0.09293
25 182 0.03334
25 183 0.01684
25 184 -0.00207
25 185 -0.04088
25 186 0.08854
25 187 -0.09296
25 188 0.01153
25 189 -0.11531
25 190 -0.00157
25 191 0.00005
25 192 0.1227
25 193 -0.03758
25 194 0.20688
25 195 0.08563
25 196 -0.08818
25 197 0.05231
25 198 -0.06144
25 199 0.05361
26 27 -0.00038
26 28 0.07397
26 29 -0.04842
26 30 0.08422
26 31 -0.00815
26 32 -0.12514
26 33 0.05673
26 34 0.06041
26 35 0.06805
26 36 -0.03686
26 37 0.0464
26 38 -0.02517
26 39 0.01225
26 40 -0.00969
26 41 -0.0515
26 42 0.09652
26 43 0.05621
26 44 0.01075
26 45 0.12765
26 46 -0.0325
26 47 -0.11319
26 48 -0.04502
26 49 -0.08087
26 50 0.03269
26 51 -0.09
26 52 0.09747
26 53 -0.15947
26 54 0.14391
26 55 -0.00789
26 56 -0.09404
26 57 0.00279
26 58 0.07481
26 59 -0.11267
26 60 -0.05267
26 61 0.12313
26 62 0.13108
26 63 -0.11268
26 64 0.0472
26 65 0.08393
26 66 0.07046
26 67 -0.15499
26 68 -0.06073
26 69 0.0167
26 70 -0.0319
26 71 -0.06919
26 72 0.04601
26 73 0.04743
26 74 0.0366
26 75 0.13785
26 76 -0.03712
26 77 -0.01756
26 78 0.0233
26 79 0.0102
26 80 0.01871
26 81 -0.03253
26 82 0.01572
26 83 0.06237
26 84 -0.06063
26 85 -0.0432
26 86 -0.1019
26 87 0.05741
26 88 0.07461
26 89 -0.07178
26 90 0.01769
26 91 -0.01775
26 92 -0.00486
26 93 0.04027
26 94 0.00072
26 95 -0.07551
26 96 -0.04339
26 97 0.04681
26 98 -0.09956
26 99 -0.02244
26 100 -0.13156
26 101 0.09282
26 102 0.02802
26 103 0.05769
26 104 -0.05356
26 105 -0.05156
26 106 0.06751
26 107 -0.0707
26 108 -0.11222
26 109 -0.07319
26 110 -0.0741
26 111 0.06004
26 112 0.04226
26 113 -0.04008
26 114 -0.10182
26 115 -0.04728
26 116 0.01695
26 117 0.05794
26 118 0.15636
26 119 -0.04375
26 120 -0.01443
26 121 0.01164
26 122 0.05792
26 123 0.12322
26 124 0.12842
26 125 0.06466
26 126 0.07479
26 127 -0.07453
26 128 0.029
26 129 0.04131
26 130 -0.00277
26 131 0.04183
26 132 -0.00247
26 133 0.03641
26 134 0.08507
26 135 -0.04499
26 136 0.04675
26 137 -0.10052
26 138 -0.01616
26 139 0.0414
26 140 -0.00592
26 141 -0.08442
26 142 -0.00738
26 143 -0.00932
26 144 -0.16121
26 145 -0.03916
26 146 0.04439
26 147 -0.12972
26 148 -0.02751
26 149 0.09633
26 150 0.14317
26 151 -0.05305
26 152 -0.00684
26 153 0.08381
26 154 -0.05733
26 155 0.08361
26 156 -0.04655
26 157 -0.00556
26 158 0.02665
26 159 0.14191
26 160 0.03376
26 161 0.00351
26 162 0.02057
26 163 -0.02088
26 164 0.10692
26 165 0.00853
26 166 0.0137
26 167 -0.01505
26 168 -0.03755
26 169 0.026
26 170 -0.13394
26 171 0.16888
26 172 0.00373
26 173 -0.08632
26 174 -0.09732
26 175 0.02055
26 176 0.0852
26 177 0.08441
26 178 0.01704
26 179 0.01276
26 180 -0.02588
26 181 -0.08868
26 182 -0.139
26 183 -0.1334
26 184 -0.08764
26 185 -0.0004
26 186 -0.00229
26 187 0.05046
26 188 0.03669
26 189 -0.02998
26 190 -0.01339
26 191 0.01808
26 192 0.04207
26 193 -0.00782
26 194 0.10493
26 195 -0.06377
26 196 0.10325
26 197 -0.00716
26 198 0.01798
26 199 0.11236
27 28 0.14651
27 29 0.03176
27 30 0.01324
27 31 -0.0364
27 32 0.03868
27 33 0.00989
27 34 -0.08358
27 35 -0.07968
27 36 -0.00955
27 37 0.01575
27 38 0.13466
27 39 0.03159
27 40 -0.05818
27 41 0.10808
27 42 0.04957
27 43 0.02682
27 44 -0.05297
27 45 -0.07537
27 46 -0.06555
27 47 0.07881
27 48 -0.00223
27 49 0.16915
27 50 -0.12684
27 51 -0.02057
27 52 0.12285
27 53 0.00221
27 54 0.02117
27 55 -0.02944
27 56 0.19969
27 57 -0.04505
27 58 0.07056
27 59 -0.07593
27 60 0.0186
27 61 0.00032
27 62 -0.06863
27 63 -0.01933
27 64 -0.08338
27 65 -0.09275
27 66 0.01932
27 67 -0.02295
27 68 -0.1096
27 69 0.00791
27 70 -0.06689
27 71 -0.09356
27 72 -0.12891
27 73 -0.07245
27 74 -0.11529
27 75 -0.00394
27 76 -0.05381
27 77 0.12248
27 78 0.22426
27 79 -0.02829
27 80 -0.16878
27 81 -0.07938
27 82 0.05532
27 83 0.10515
27 84 -0.13523
27 85 0.10087
27 86 -0.05426
27 87 0.06227
27 88 0.05512
27 89 -0.04053
27 90 0.04094
27 91 -0.05231
27 92 -0.03929
27 93 -0.0996
27 94 0.02145
27 95 -0.04339
27 96 -0.06602
27 97 -0.04
27 98 0.02139
27 99 -0.02109
27 100 0.01055
27 101 0.05392
27 102 0.02364
27 103 0.06706
27 104 0.03879
27 105 0.07994
27 106 0.03156
27 107 0.0801
27 108 0.09389
27 109 -0.03929
27 110 0.03788
27 111 0.04442
27 112 -0.02144
27 113 -0.06163
27 114 -0.00509
27 115 0.00814
27 116 0.04109
27 117 0.02778
27 118 -0.06418
27 119 -0.08795
27 120 -0.02272
27 121 0.06643
27 122 -0.00664
27 123 -0.11568
27 124 -0.00101
27 125 -0.01501
27 126 -0.08861
27 127 -0.08904
27 128 0.02896
27 129 -0.1206
27 130 0.01118
27 131 0.09823
27 132 -0.0208
27 133 -0.09276
27 134 -0.07873
27 135 -0.04397
27 136 0.01835
27 137 -0.03583
27 138 0.18948
27 139 0.00676
27 140 -0.10431
27 141 -0.03833
27 142 0.10073
27 143 0.04447
27 144 -0.04203
27 145 -0.00325
27 146 -0.04283
27 147 0.02973
27 148 -0.03644
27 149 0.08485
27 150 -0.12732
27 151 0.05613
27 152 0.10229
27 153 0.08414
27 154 -0.10471
27 155 -0.07373
27 156 0.09519
27 157 0.13102
27 158 -0.04265
27 159 0.00905
27 160 -0.05349
27 161 -0.03407
27 162 0.16428
27 163 0.07613
27 164 0.17291
27 165 0.14045
27 166 -0.00781
27 167 0.06267
27 168 -0.04665
27 169 -0.04869
27 170 -0.03889
27 171 0.01305
27 172 -0.01437
27 173 0.01803
27 174 0.0751
27 175 -0.0631
27 176 0.03898
27 177 -0.04816
27 178 -0.11022
27 179 0.0256
27 180 0.09334
27 181 -0.02951
27 182 0.03193
27 183 0.06516
27 184 -0.06854
27 185 -0.07428
27 186 -0.09299
27 187 0.05966
27 188 -0.03801
27 189 -0.01195
27 190 0.03366
27 191 -0.01217
27 192 0.0772
27 193 0.03637
27 194 0.10947
27 195 -0.00148
27 196 -0.00838
27 197 0.17199
27 198 -0.01563
27 199 0.033
28 29 -0.08348
28 30 -0.07461
28 31 -0.00628
28 32 -0.06554
28 33 -0.045
28 34 0.00047
28 35 -0.05048
28 36 0.04599
28 37 0.03102
28 38 0.02367
28 39 -0.15502
28 40 -0.07022
28 41 -0.10973
28 42 0.02282
28 43 0.01847
28 44 0.01012
28 45 -0.04609
28 46 -0.04286
28 47 0.15518
28 48 -0.02087
28 49 -0.00473
28 50 -0.02588
28 51 0.00864
28 52 0.04922
28 53 0.06133
28 54 0.04918
28 55 -0.06231
28 56 0.08091
28 57 -0.10054
28 58 0.01201
28 59 -0.06779
28 60 0.04057
28 61 -0.04286
28 62 -0.11522
28 63 -0.01979
28 64 -0.06541
28 65 -0.0235
28 66 0.06543
28 67 -0.01699
28 68 0.00009
28 69 0.02583
28 70 0.00749
28 71 -0.02874
28 72 -0.09399
28 73 -0.09375
28 74 0.04023
28 75 0.02095
28 76 -0.0283
28 77 0.06803
28 78 -0.01077
28 79 -0.12259
28 80 0.12093
28 81 0.09927
28 82 0.02605
28 83 -0.11128
28 84 0.1241
28 85 0.01214
28 86 -0.07547
28 87 0.06676
28 88 -0.07184
28 89 0.07489
28 90 -0.06546
28 91 0.0108
28 92 0.00173
28 93 0.0851
28 94 0.03948
28 95 0.09181
28 96 0.04683
28 97 -0.03763
28 98 -0.00243
28 99 0.07446
28 100 0.16843
28 101 0.08826
28 102 0.08897
28 103 -0.02281
28 104 0.06519
28 105 -0.07737
28 106 0.03465
28 107 -0.0247
28 108 -0.07624
28 109 0.18386
28 110 -0.06004
28 111 -0.01263
28 112 0.04078
28 113 -0.13692
28 114 -0.0516
28 115 0.05325
28 116 0.0694
28 117 0.05078
28 118 0.07212
28 119 0.03317
28 120 0.05705
28 121 -0.00167
28 122 0.04659
28 123 -0.02272
28 124 -0.03692
28 125 -0.1184
28 126 -0.03826
28 127 -0.05628
28 128 0.1137
28 129 0.05515
28 130 0.01302
28 131 -0.06862
28 132 -0.03502
28 133 0.03578
28 134 -0.13585
28 135 0.12078
28 136 0.08029
28 137 0.03428
28 138 -0.03742
28 139 -0.04803
28 140 -0.07495
28 141 -0.05136
28 142 0.0268
28 143 -0.01903
28 144 0.02695
28 145 -0.0171
28 146 0.1075
28 147 -0.07519
28 148 0.0098
28 149 0.07499
28 150 0.02569
28 151 -0.03125
28 152 0.03614
28 153 -0.03584
28 154 -0.06903
28 155 -0.11843
28 156 0.06911
28 157 -0.05037
28 158 -0.0098
28 159 -0.09174
28 160 0.02434
28 161 -0.09162
28 162 0.01209
28 163 0.02481
28 164 0.09076
28 165 -0.00657
28 166 0.0008
28 167 -0.00675
28 168 0.08577
28 169 0.03929
28 170 0.0248
28 171 -0.07376
28 172 -0.02149
28 173 -0.08067
28 174 -0.0212
28 175 -0.05635
28 176 0.04272
28 177 0.04054
28 178 0.03618
28 179 -0.01519
28 180 0.02123
28 181 0.03126
28 182 0.12813
28 183 -0.0325
28 184 0.07814
28 185 0.03673
28 186 -0.01962
28 187 -0.03463
28 188 0.09829
28 189 0.05155
28 190 -0.0606
28 191 -0.0558
28 192 0.05288
28 193 0.06171
28 194 -0.14604
28 195 0.02538
28 196 0.02669
28 197 -0.10547
28 198 0.00469
28 199 -0.09369
29 30 0.00798
29 31 -0.09219
29 32 -0.07308
29 33 -0.03864
29 34 -0.09307
29 35 -0.0263
29 36 0.00604
29 37 -0.03915
29 38 0.03728
29 39 0.09097
29 40 0.03903
29 41 -0.15054
29 42 -0.00435
29 43 0.07821
29 44 -0.11604
29 45 0.03819
29 46 -0.06132
29 47 -0.00423
29 48 0.01708
29 49 -0.0273
29 50 -0.04777
29 51 0.10008
29 52 0.06691
29 53 0.10709
29 54 -0.00893
29 55 -0.03242
29 56 -0.05019
29 57 -0.03975
29 58 0.08991
29 59 -0.01559
29 60 0.0305
29 61 -0.00828
29 62 -0.10156
29 63 0.16256
29 64 -0.05099
29 65 -0.00736
29 66 -0.01611
29 67 0.05452
29 68 0.04603
29 69 -0.05494
29 70 -0.1175
29 71 -0.08369
29 72 0.11561
29 73 -0.06692
29 74 0.00279
29 75 -0.0561
29 76 -0.12871
29 77 -0.00664
29 78 -0.01579
29 79 0.0114
29 80 0.01674
29 81 -0.03186
29 82 -0.11508
29 83 -0.05305
29 84 0.07791
29 85 0.07906
29 86 0.06559
29 87 -0.0374
29 88 0.0308
29 89 -0.01488
29 90 -0.05452
29 91 -0.00595
29 92 0.08584
29 93 -0.0527
29 94 -0.00375
29 95 0.01548
29 96 0.03052
29 97 0.01636
29 98 0.09043
29 99 0.04392
29 100 0.12834
29 101 0.00719
29 102 0.11471
29 103 -0.0403
29 104 0.00559
29 105 0.13069
29 106 0.06978
29 107 0.12612
29 108 -0.04092
29 109 -0.02686
29 110 -0.20511
29 111 0.02202
29 112 0.00335
29 113 -0.13167
29 114 0.13264
29 115 0.05409
29 116 -0.15892
29 117 0.0366
29 118 0.02189
29 119 0.0031
29 120 -0.02624
29 121 0.10921
29 122 0.02346
29 123 0.0186
29 124 0.01738
29 125 0.12372
29 126 0.01317
29 127 0.05798
29 128 -0.01156
29 129 0.00321
29 130 0.07406
29 131 0.01931
29 132 0.14964
29 133 0.00068
29 134 -0.04885
29 135 -0.05177
29 136 0.02559
29 137 -0.13362
29 138 0.04242
29 139 0.04729
29 140 0.00568
29 141 0.03947
29 142 -0.06836
29 143 -0.01922
29 144 0.05836
29 145 0.01232
29 146 0.00561
29 147 0.01111
29 148 -0.11338
29 149 0.01222
29 150 -0.04317
29 151 0.04753
29 152 -0.04832
29 153 0.06762
29 154 0.10882
29 155 -0.03668
29 156 0.0119
29 157 0.04263
29 158 0.09409
29 159 0.08722
29 160 -0.06743
29 161 0.04634
29 162 -0.04896
29 163 0.05947
29 164 -0.10509
29 165 -0.08226
29 166 -0.14948
29 167 -0.08614
29 168 -0.10556
29 169 -0.13175
29 170 0.00743
29 171 -0.03759
29 172 0.09287
29 173 -0.15434
29 174 0.05133
29 175 -0.09224
29 176 0.00936
29 177 0.01334
29 178 -0.03621
29 179 0.21886
29 180 0.11316
29 181 0.03428
29 182 0.09099
29 183 -0.10513
29 184 -0.00225
29 185 -0.14269
29 186 0.01231
29 187 0.12965
29 188 0.16811
29 189 -0.1405
29 190 0.11725
29 191 0.07593
29 192 0.00557
29 193 -0.14913
29 194 0.01114
29 195 0.00044
29 196 0.04422
29 197 0.10194
29 198 -0.19312
29 199 0.04902
30 31 0.03439
30 32 -0.10141
30 33 -0.03899
30 34 -0.0131
30 35 0.03857
30 36 -0.00557
30 37 -0.00887
30 38 0.04607
30 39 -0.0051
30 40 -0.10935
30 41 0.04962
30 42 -0.04931
30 43 -0.16817
30 44 -0.00698
30 45 -0.03477
30 46 -0.0419
30 47 0.05454
30 48 0.07084
30 49 0.00638
30 50 0.03887
30 51 -0.05056
30 52 0.00142
30 53 0.12704
30 54 0.11537
30 55 -0.02265
30 56 0.10843
30 57 -0.11667
30 58 -0.08703
30 59 0.06207
30 60 -0.01149
30 61 0.15931
30 62 -0.04333
30 63 -0.06639
30 64 -0.01134
30 65 0.00253
30 66 -0.07572
30 67 0.02292
30 68 -0.00118
30 69 0.07061
30 70 -0.07853
30 71 0.08667
30 72 -0.01536
30 73 0.02648
30 74 -0.00432
30 75 -0.08646
30 76 0.07285
30 77 -0.00853
30 78 -0.0924
30 79 -0.04887
30 80 -0.04672
30 81 -0.01775
30 82 -0.07816
30 83 0.11863
30 84 0.03432
30 85 -0.00411
30 86 0.04078
30 87 -0.00923
30 88 0.03373
30 89 0.05839
30 90 -0.01062
30 91 -0.04061
30 92 -0.08576
30 93 0.00889
30 94 0.03599
30 95 0.00328
30 96 0.04468
30 97 0.01004
30 98 -0.03739
30 99 -0.09239
30 100 0.02667
30 101 0.07052
30 102 -0.1415
30 103 -0.02874
30 104 0.02344
30 105 0.03409
30 106 -0.05573
30 107 -0.06819
30 108 0.06713
30 109 -0.05079
30 110 0.07701
30 111 0.02228
30 112 -0.11735
30 113 -0.08003
30 114 0.03497
30 115 0.06153
30 116 0.00152
30 117 -0.07076
30 118 0.16563
30 119 -0.1113
30 120 0.06044
30 121 -0.05358
30 122 -0.0707
30 123 0.01037
30 124 -0.05584
30 125 -0.0342
30 126 -0.03853
30 127 -0.00419
30 128 0.02613
30 129 0.01338
30 130 -0.09274
30 131 0.04166
30 132 0.01495
30 133 0.0144
30 134 0.00917
30 135 -0.03619
30 136 -0.06858
30 137 -0.02072
30 138 -0.04126
30 139 -0.04623
30 140 -0.04679
30 141 0.00528
30 142 -0.11494
30 143 0.07872
30 144 0.01915
30 145 0.16736
30 146 -0.12009
30 147 -0.10101
30 148 -0.0628
30 149 0.01828
30 150 0.02023
30 151 -0.00738
30 152 -0.13435
30 153 0.10467
30 154 -0.02414
30 155 -0.08691
30 156 0.04281
30 157 -0.05328
30 158 -0.03978
30 159 -0.05645
30 160 0.04972
30 161 -0.05653
30 162 -0.02399
30 163 -0.05156
30 164 0.00985
30 165 -0.04711
30 166 0.03336
30 167 -0.03414
30 168 -0.03756
30 169 0.03414
30 170 0.00023
30 171 0.02882
30 172 -0.03553
30 173 0.08935
30 174 0.08794
30 175 -0.00985
30 176 0.04381
30 177 -0.05864
30 178 0.06427
30 179 0.04289
30 180 -0.07108
30 181 0.09742
30 182 0.02534
30 183 0.00855
30 184 0.03618
30 185 0.06611
30 186 -0.01515
30 187 -0.05698
30 188 -0.02534
30 189 0.05608
30 190 0.02761
30 191 -0.15417
30 192 -0.01765
30 193 -0.04409
30 194 -0.08767
30 195 0.20562
30 196 -0.12024
30 197 0.00022
30 198 0.01421
30 199 -0.07746
31 32 -0.04262
31 33 -0.00279
31 34 -0.03935
31 35 0.03297
31 36 -0.06888
31 37 0.07478
31 38 -0.0495
31 39 0.01431
31 40 -0.11979
31 41 0.05401
31 42 0.00084
31 43 0.11242
31 44 0.00166
31 45 -0.00404
31 46 -0.01294
31 47 -0.00217
31 48 0.01923
31 49 -0.04788
31 50 0.05159
31 51 0.00025
31 52 0.02514
31 53 -0.00191
31 54 -0.03218
31 55 0.07431
31 56 -0.14638
31 57 -0.07665
31 58 -0.04727
31 59 -0.01237
31 60 -0.02441
31 61 -0.02224
31 62 -0.1027
31 63 -0.06413
31 64 -0.00584
31 65 0.00228
31 66 -0.08953
31 67 -0.09232
31 68 0.03877
31 69 0.03717
31 70 -0.04943
31 71 -0.05529
31 72 0.09625
31 73 -0.0887
31 74 0.00972
31 75 -0.12824
31 76 0.10424
31 77 -0.09289
31 78 -0.02877
31 79 0.10099
31 80 -0.00898
31 81 0.07682
31 82 0.03032
31 83 -0.02833
31 84 0.01112
31 85 0.04426
31 86 -0.06628
31 87 -0.23549
31 88 0.02228
31 89 0.1031
31 90 0.07749
31 91 0.06911
31 92 -0.00519
31 93 -0.1022
31 94 -0.15159
31 95 -0.11283
31 96 0.00366
31 97 0.02208
31 98 0.04392
31 99 -0.02333
31 100 0.13239
31 101 0.0123
31 102 0.04969
31 103 0.00108
31 104 0.00769
31 105 0.18271
31 106 -0.00156
31 107 0.06074
31 108 -0.05368
31 109 -0.0653
31 110 -0.11341
31 111 -0.15657
31 112 -0.03553
31 113 0.0431
31 114 0.06986
31 115 -0.07324
31 116 0.08659
31 117 -0.0696
31 118 0.04769
31 119 0.0092
31 120 -0.04126
31 121 -0.0851
31 122 0.00278
31 123 0.06034
31 124 -0.08482
31 125 0.03697
31 126 -0.07381
31 127 0.03209
31 128 -0.02982
31 129 0.01947
31 130 0.00292
31 131 -0.07016
31 132 -0.09308
31 133 -0.00107
31 134 -0.02313
31 135 0.01037
31 136 -0.12122
31 137 0.007
31 138 -0.06957
31 139 -0.00354
31 140 0.06187
31 141 0.06107
31 142 0.02594
31 143 -0.11763
31 144 -0.06625
31 145 0.02245
31 146 0.08998
31 147 -0.06401
31 148 -0.08372
31 149 0.02271
31 150 0.02902
31 151 0.09008
31 152 -0.00324
31 153 0.15187
31 154 0.02635
31 155 0.09393
31 156 -0.09365
31 157 0.06096
31 158 -0.07684
31 159 -0.0421
31 160 -0.0328
31 161 0.01697
31 162 0.04864
31 163 -0.04609
31 164 -0.04655
31 165 -0.03317
31 166 -0.13441
31 167 -0.07517
31 168 0.01265
31 169 -0.07247
31 170 -0.02979
31 171 0.14879
31 172 0.01456
31 173 -0.07181
31 174 0.00319
31 175 0.17681
31 176 0.05175
31 177 0.03619
31 178 0.12936
31 179 0.02163
31 180 -0.01023
31 181 -0.03269
31 182 0.00916
31 183 0.02205
31 184 -0.15166
31 185 0.02977
31 186 0.03887
31 187 -0.09792
31 188 -0.13757
31 189 0.01543
31 190 0.02615
31 191 -0.01331
31 192 0.0741
31 193 0.11415
31 194 -0.15647
31 195 -0.15367
31 196 0.02366
31 197 0.01158
31 198 0.09611
31 199 -0.04678
32 33 -0.08649
32 34 -0.00744
32 35 0.07041
32 36 0.01929
32 37 0.19107
32 38 0.02256
32 39 0.00621
32 40 0.04842
32 41 0.05532
32 42 0.11101
32 43 -0.03635
32 44 -0.0546
32 45 -0.01541
32 46 -0.03259
32 47 0.01455
32 48 -0.02206
32 49 -0.17461
32 50 0.17298
32 51 -0.03201
32 52 0.01313
32 53 -0.02984
32 54 -0.01081
32 55 0.15503
32 56 0.01387
32 57 0.09198
32 58 0.09776
32 59 -0.02117
32 60 -0.00192
32 61 -0.08512
32 62 0.02656
32 63 0.12868
32 64 -0.00962
32 65 0.01476
32 66 -0.03764
32 67 -0.04418
32 68 0.14867
32 69 -0.17284
32 70 0.02484
32 71 -0.13383
32 72 0.07692
32 73 -0.15869
32 74 0.00856
32 75 -0.04521
32 76 0.05256
32 77 0.07506
32 78 0.05828
32 79 -0.0235
32 80 0.03754
32 81 -0.03851
32 82 -0.02583
32 83 0.05166
32 84 0.06563
32 85 -0.08557
32 86 -0.01036
32 87 -0.1344
32 88 0.01221
32 89 -0.13231
32 90 0.02139
32 91 0.03618
32 92 -0.04512
32 93 -0.06442
32 94 -0.14141
32 95 0.02131
32 96 -0.08641
32 97 0.11653
32 98 -0.09462
32 99 0.06117
32 100 -0.04309
32 101 0.02081
32 102 -0.13987
32 103 -0.09081
32 104 -0.11799
32 105 -0.03929
32 106 -0.06602
32 107 -0.04513
32 108 -0.0232
32 109 0.0656
32 110 0.07078
32 111 0.05957
32 112 -0.06737
32 113 0.08389
32 114 0.06845
32 115 -0.15122
32 116 0.17298
32 117 0.03669
32 118 -0.07377
32 119 0.06771
32 120 0.11516
32 121 0.129
32 122 -0.00227
32 123 0.15799
32 124 -0.02509
32 125 -0.02821
32 126 -0.06111
32 127 -0.01112
32 128 -0.04156
32 129 -0.11201
32 130 0.10002
32 131 -0.07758
32 132 -0.03203
32 133 -0.16774
32 134 0.08927
32 135 -0.00533
32 136 -0.00613
32 137 -0.0916
32 138 0.09035
32 139 -0.05648
32 140 -0.10818
32 141 -0.16539
32 142 0.00011
32 143 -0.05364
32 144 0.00463
32 145 -0.08024
32 146 -0.02143
32 147 -0.03363
32 148 -0.08766
32 149 0.03169
32 150 -0.07467
32 151 -0.07503
32 152 0.06452
32 153 0.0739
32 154 0.00472
32 155 0.01349
32 156 -0.01449
32 157 -0.11711
32 158 0.13004
32 159 0.01259
32 160 -0.07
32 161 0.04228
32 162 0.07183
32 163 -0.07413
32 164 0.01708
32 165 -0.00486
32 166 0.00467
32 167 0.15412
32 168 -0.09521
32 169 -0.06282
32 170 -0.07959
32 171 -0.08643
32 172 -0.07991
32 173 -0.00442
32 174 0.04371
32 175 0.03083
32 176 -0.03
32 177 0.04319
32 178 -0.00851
32 179 0.01249
32 180 -0.01636
32 181 0.02367
32 182 0.00738
32 183 -0.11614
32 184 0.02532
32 185 0.02847
32 186 -0.09365
32 187 -0.00694
32 188 -0.00939
32 189 -0.019
32 190 0.06358
32 191 0.03155
32 192 -0.00362
32 193 0.10068
32 194 0.00403
32 195 0.04617
32 196 -0.04753
32 197 0.11613
32 198 -0.06791
32 199 0.03195
33 34 -0.02677
33 35 0.06173
33 36 -0.02376
33 37 -0.02705
33 38 0.09925
33 39 0.03533
33 40 0.06613
33 41 -0.07172
33 42 -0.13613
33 43 0.02167
33 44 -0.13967
33 45 -0.06355
33 46 -0.01827
33 47 -0.04257
33 48 0.05871
33 49 -0.10591
33 50 0.02858
33 51 0.06446
33 52 -0.10736
33 53 0.03125
33 54 -0.00406
33 55 0.05407
33 56 -0.01592
33 57 -0.05294
33 58 0.1218
33 59 -0.13813
33 60 0.05597
33 61 0.07539
33 62 -0.033
33 63 0.00803
33 64 -0.00374
33 65 -0.04718
33 66 0.08324
33 67 0.12004
33 68 -0.05991
33 69 -0.01625
33 70 0.18324
33 71 -0.09929
33 72 -0.07685
33 73 0.06181
33 74 -0.06387
33 75 0.04392
33 76 -0.10401
33 77 -0.05969
33 78 0.18777
33 79 0.14804
33 80 0.09978
33 81 0.07342
33 82 0.00368
33 83 0.02213
33 84 -0.00506
33 85 -0.04337
33 86 -0.03363
33 87 -0.05079
33 88 -0.00052
33 89 0.09122
33 90 0.06334
33 91 -0.07247
33 92 0.16008
33 93 0.00554
33 94 0.01566
33 95 0.01894
33 96 -0.02545
33 97 0.02792
33 98 -0.05707
33 99 0.08323
33 100 -0.0178
33 101 0.10461
33 102 0.03846
33 103 0.02675
33 104 0.03084
33 105 -0.02238
33 106 0.02874
33 107 -0.12692
33 108 0.04622
33 109 0.12018
33 110 -0.03138
33 111 -0.1114
33 112 -0.05461
33 113 -0.00331
33 114 0.06718
33 115 0.15061
33 116 0.08178
33 117 -0.05146
33 118 0.003
33 119 -0.01788
33 120 -0.0305
33 121 0.05173
33 122 -0.00907
33 123 -0.10201
33 124 0.00339
33 125 -0.03189
33 126 0.05249
33 127 -0.04823
33 128 -0.05212
33 129 0.0034
33 130 -0.08989
33 131 -0.06588
33 132 -0.08213
33 133 -0.02925
33 134 -0.07861
33 135 0.01784
33 136 -0.00852
33 137 0.05426
33 138 -0.08558
33 139 0.05501
33 140 -0.02106
33 141 0.07762
33 142 0.14114
33 143 0.04761
33 144 0.0244
33 145 0.08683
33 146 -0.08216
33 147 0.05123
33 148 -0.08131
33 149 -0.04943
33 150 -0.02637
33 151 0.05696
33 152 0.00217
33 153 0.08567
33 154 0.03722
33 155 -0.01235
33 156 -0.10235
33 157 0.03267
33 158 0.02529
33 159 0.06534
33 160 0.18335
33 161 0.02537
33 162 -0.08583
33 163 -0.0159
33 164 -0.03616
33 165 0.10571
33 166 -0.11431
33 167 0.11316
33 168 -0.06943
33 169 -0.0185
33 170 -0.14992
33 171 -0.11294
33 172 0.04818
33 173 0.04845
33 174 0.09836
33 175 0.04236
33 176 0.0393
33 177 -0.14518
33 178 -0.02373
33 179 -0.02695
33 180 -0.05897
33 181 -0.01207
33 182 0.03375
33 183 -0.00199
33 184 0.07381
33 185 -0.04354
33 186 0.00929
33 187 -0.01946
33 188 -0.03317
33 189 0.02269
33 190 0.11822
33 191 0.05687
33 192 -0.04516
33 193 0.05993
33 194 -0.01765
33 195 -0.07779
33 196 0.09208
33 197 0.0324
33 198 0.01971
33 199 -0.00259
34 35 -0.00456
34 36 0.0191
34 37 -0.00835
34 38 0.01613
34 39 -0.06805
34 40 0.06943
34 41 0.02308
34 42 0.10514
34 43 0.09661
34 44 -0.01762
34 45 -0.09606
34 46 -0.10442
34 47 0.04189
34 48 0.0724
34 49 0.01896
34 50 -0.17443
34 51 0.10786
34 52 -0.04631
34 53 0.10395
34 54 0.00222
34 55 0.17409
34 56 0.03989
34 57 -0.03739
34 58 0.02556
34 59 -0.02716
34 60 0.00382
34 61 -0.06864
34 62 0.01148
34 63 -0.02986
34 64 -0.02808
34 65 0.0568
34 66 -0.04498
34 67 0.08835
34 68 -0.05465
34 69 -0.02478
34 70 -0.07544
34 71 0.07246
34 72 0.12099
34 73 -0.03371
34 74 -0.0392
34 75 -0.0845
34 76 -0.0898
34 77 0.0327
34 78 -0.03685
34 79 -0.05389
34 80 0.00856
34 81 0.02468
34 82 0.00556
34 83 0.00446
34 84 -0.01691
34 85 0.11226
34 86 -0.01714
34 87 0.07487
34 88 -0.01287
34 89 -0.05051
34 90 0.13942
34 91 -0.06832
34 92 -0.21404
34 93 0.01405
34 94 -0.07283
34 95 -0.01015
34 96 0.0238
34 97 -0.12979
34 98 -0.00334
34 99 -0.00792
34 100 -0.01204
34 101 0.0407
34 102 0.01581
34 103 0.18468
34 104 0.06775
34 105 0.07107
34 106 0.04075
34 107 0.06089
34 108 -0.05726
34 109 -0.03554
34 110 0.03833
34 111 -0.05743
34 112 -0.07848
34 113 -0.11928
34 114 0.04173
34 115 0.05012
34 116 0.07916
34 117 -0.08288
34 118 0.11385
34 119 0.02439
34 120 0.14658
34 121 0.00906
34 122 -0.04921
34 123 0.07401
34 124 -0.0205
34 125 0.0997
34 126 0.03827
34 127 0.00428
34 128 -0.02299
34 129 0.01182
34 130 -0.00278
34 131 -0.04543
34 132 -0.08617
34 133 0.01291
34 134 0.00269
34 135 -0.03812
34 136 -0.06727
34 137 0.11173
34 138 0.11384
34 139 -0.04458
34 140 0.13189
34 141 -0.16101
34 142 0.08314
34 143 0.06398
34 144 -0.06208
34 145 -0.07101
34 146 -0.01534
34 147 0.00375
34 148 0.01505
34 149 0.0964
34 150 -0.02566
34 151 -0.08631
34 152 -0.01676
34 153 -0.02051
34 154 -0.0335
34 155 -0.02257
34 156 0.10962
34 157 -0.03922
34 158 0.03741
34 159 -0.1499
34 160 0.1752
34 161 0.01413
34 162 0.08115
34 163 -0.01568
34 164 -0.03334
34 165 0.00883
34 166 -0.05307
34 167 -0.0959
34 168 0.05362
34 169 -0.08105
34 170 0.05085
34 171 0.02675
34 172 -0.01205
34 173 0.0719
34 174 -0.07892
34 175 -0.07733
34 176 0.07294
34 177 -0.05802
34 178 -0.06005
34 179 -0.003
34 180 -0.1057
34 181 0.07878
34 182 0.11381
34 183 0.13056
34 184 -0.15381
34 185 0.03018
34 186 -0.02317
34 187 0.05261
34 188 -0.00241
34 189 -0.04114
34 190 -0.1013
34 191 0.06054
34 192 0.00984
34 193 0.0259
34 194 -0.0009
34 195 -0.04382
34 196 -0.07118
34 197 -0.05862
34 198 0.02538
34 199 -0.0475
35 36 0.00082
35 37 -0.02191
35 38 0.10194
35 39 -0.11722
35 40 -0.05383
35 41 -0.02482
35 42 -0.04585
35 43 0.03806
35 44 -0.02127
35 45 -0.0717
35 46 -0.10631
35 47 0.02734
35 48 -0.19945
35 49 -0.05028
35 50 0.05513
35 51 0.04003
35 52 0.04611
35 53 0.09548
35 54 0.03731
35 55 0.06102
35 56 0.14238
35 57 0.07882
35 58 0.00729
35 59 0.08593
35 60 0.02417
35 61 -0.04767
35 62 0.01253
35 63 -0.10788
35 64 -0.14629
35 65 -0.00019
35 66 -0.03848
35 67 -0.02466
35 68 -0.13476
35 69 0.01562
35 70 -0.08079
35 71 0.0436
35 72 0.02807
35 73 0.11131
35 74 -0.06082
35 75 0.10291
35 76 0.13949
35 77 -0.02278
35 78 0.1418
35 79 -0.00837
35 80 0.10943
35 81 -0.04858
35 82 -0.00578
35 83 0.05152
35 84 0.01158
35 85 0.00483
35 86 0.08214
35 87 0.07062
35 88 -0.01912
35 89 -0.02094
35 90 -0.10141
35 91 -0.03869
35 92 0.01005
35 93 0.02514
35 94 -0.05754
35 95 -0.0833
35 96 -0.01651
35 97 -0.09346
35 98 0.04015
35 99 -0.08193
35 100 0.04906
35 101 -0.05846
35 102 -0.05968
35 103 -0.02118
35 104 0.05339
35 105 0.0269
35 106 -0.10131
35 107 0.17801
35 108 0.01014
35 109 0.03126
35 110 0.03211
35 111 0.00329
35 112 -0.08166
35 113 -0.0185
35 114 0.08704
35 115 -0.09041
35 116 -0.02931
35 117 -0.05282
35 118 0.00721
35 119 0.08024
35 120 -0.10735
35 121 -0.01991
35 122 -0.0154
35 123 -0.039
35 124 0.01721
35 125 -0.0241
35 126 -0.07861
35 127 -0.05949
35 128 -0.00493
35 129 0.00485
35 130 0.03194
35 131 -0.09377
35 132 -0.06784
35 133 0.06277
35 134 0.00668
35 135 0.04036
35 136 -0.00104
35 137 0.05265
35 138 -0.0739
35 139 0.07222
35 140 0.03789
35 141 0.02293
35 142 -0.00836
35 143 0.06102
35 144 -0.06413
35 145 -0.1909
35 146 0.10699
35 147 0.00063
35 148 -0.04696
35 149 -0.05453
35 150 0.12486
35 151 0.0995
35 152 -0.16658
35 153 0.03777
35 154 -0.0039
35 155 0.02628
35 156 -0.09738
35 157 -0.02834
35 158 -0.04439
35 159 -0.10358
35 160 -0.03993
35 161 -0.10611
35 162 -0.15318
35 163 -0.06478
35 164 -0.11796
35 165 0.07635
35 166 -0.03632
35 167 0.05732
35 168 -0.06603
35 169 0.00309
35 170 -0.17058
35 171 -0.0334
35 172 0.08903
35 173 -0.11829
35 174 -0.01167
35 175 0.05137
35 176 0.00197
35 177 0.09477
35 178 -0.08932
35 179 0.048
35 180 -0.02082
35 181 -0.00359
35 182 0.04781
35 183 0.07385
35 184 -0.0306
35 185 0.02366
35 186 0.02745
35 187 -0.08379
35 188 0.03192
35 189 -0.06579
35 190 0.0053
35 191 -0.1084
35 192 0.09299
35 193 0.02393
35 194 -0.01058
35 195 0.04541
35 196 -0.08781
35 197 0.08394
35 198 -0.05347
35 199 -0.08618
36 37 -0.08448
36 38 0.05617
36 39 -0.00603
36 40 -0.0481
36 41 0.01388
36 42 -0.1281
36 43 -0.14384
36 44 0.09149
36 45 0.1565
36 46 -0.06298
36 47 0.03795
36 48 0.06656
36 49 0.12831
36 50 0.04593
36 51 -0.00009
36 52 0.03203
36 53 -0.12938
36 54 -0.05169
36 55 0.12791
36 56 0.0768
36 57 -0.13616
36 58 -0.04504
36 59 0.06557
36 60 -0.0141
36 61 0.02509
36 62 -0.11956
36 63 0.02597
36 64 0.12433
36 65 0.11091
36 66 0.0359
36 67 -0.03581
36 68 -0.13348
36 69 0.06219
36 70 -0.01921
36 71 0.00375
36 72 -0.04626
36 73 0.07657
36 74 -0.08129
36 75 0.05145
36 76 0.0221
36 77 -0.05212
36 78 -0.21246
36 79 0.03785
36 80 -0.063
36 81 -0.09988
36 82 0.05922
36 83 0.1019
36 84 -0.09436
36 85 0.1087
36 86 0.00781
36 87 0.09051
36 88 0.12275
36 89 0.02629
36 90 -0.03635
36 91 -0.00915
36 92 -0.14417
36 93 -0.04487
36 94 -0.03229
36 95 -0.00896
36 96 0.03869
36 97 0.05021
36 98 -0.01971
36 99 0.0149
36 100 0.00027
36 101 -0.01156
36 102 0.08637
36 103 -0.01104
36 104 -0.07352
36 105 -0.06803
36 106 -0.05971
36 107 0.01094
36 108 -0.03455
36 109 0.05028
36 110 -0.02838
36 111 -0.10276
36 112 0.0062
36 113 -0.06702
36 114 -0.10985
36 115 -0.13452
36 116 -0.0774
36 117 0.01136
36 118 -0.04027
36 119 -0.05433
36 120 0.0971
36 121 0.06255
36 122 0.00693
36 123 -0.04623
36 124 -0.05154
36 125 -0.00554
36 126 0.01058
36 127 0.09848
36 128 -0.04601
36 129 0.11594
36 130 0.06332
36 131 0.05578
36 132 0.01584
36 133 -0.08442
36 134 -0.10475
36 135 0.02108
36 136 -0.15868
36 137 -0.01505
36 138 0.03768
36 139 0.05864
36 140 -0.07839
36 141 0.03251
36 142 -0.05478
36 143 0.06533
36 144 0.06938
36 145 -0.01472
36 146 0.14251
36 147 -0.02268
36 148 -0.03002
36 149 0.09434
36 150 -0.02441
36 151 -0.06637
36 152 -0.16558
36 153 -0.08288
36 154 -0.05665
36 155 -0.16435
36 156 -0.00979
36 157 -0.07726
36 158 0.02981
36 159 0.05914
36 160 0.04021
36 161 0.0031
36 162 0.05788
36 163 -0.04147
36 164 -0.02998
36 165 0.08096
36 166 0.02816
36 167 0.16339
36 168 -0.02774
36 169 -0.00667
36 170 0.00084
36 171 0.04661
36 172 0.04224
36 173 0.04674
36 174 -0.0507
36 175 0.07962
36 176 0.00173
36 177 -0.02693
36 178 0.03503
36 179 0.03857
36 180 -0.04704
36 181 0.04911
36 182 0.03722
36 183 -0.07274
36 184 -0.0912
36 185 -0.0881
36 186 -0.02778
36 187 -0.02773
36 188 -0.05155
36 189 -0.10592
36 190 -0.05667
36 191 -0.01677
36 192 0.06855
36 193 -0.03352
36 194 0.09993
36 195 -0.07356
36 196 0.03567
36 197 0.0247
36 198 -0.02315
36 199 0.01845
37 38 -0.01615
37 39 0.08167
37 40 -0.03921
37 41 -0.08782
37 42 -0.05299
37 43 0.09571
37 44 0.11983
37 45 -0.0878
37 46 -0.08734
37 47 0.01371
37 48 0.0342
37 49 0.04186
37 50 -0.04926
37 51 0.02673
37 52 -0.00588
37 53 -0.06476
37 54 0.04243
37 55 0.0064
37 56 0.08583
37 57 -0.08363
37 58 0.11616
37 59 0.05657
37 60 -0.0474
37 61 -0.01272
37 62 -0.03547
37 63 -0.02178
37 64 -0.02936
37 65 0.03085
37 66 0.05956
37 67 0.06142
37 68 -0.00706
37 69 0.00168
37 70 -0.02836
37 71 0.07156
37 72 -0.04356
37 73 -0.08858
37 74 0.12944
37 75 -0.00216
37 76 0.03543
37 77 0.20583
37 78 0.00712
37 79 -0.09838
37 80 -0.06559
37 81 -0.11205
37 82 0.12016
37 83 -0.06817
37 84 0.10191
37 85 -0.00169
37 86 -0.04177
37 87 -0.07536
37 88 -0.03198
37 89 0.22299
37 90 0.00202
37 91 0.02155
37 92 -0.03032
37 93 0.0719
37 94 -0.00805
37 95 0.08421
37 96 -0.05037
37 97 0.07833
37 98 -0.05751
37 99 0.03327
37 100 -0.04456
37 101 -0.07906
37 102 0.02327
37 103 -0.0333
37 104 -0.06014
37 105 -0.02219
37 106 -0.03941
37 107 -0.0026
37 108 -0.06851
37 109 0.0584
37 110 -0.09488
37 111 0.01927
37 112 -0.03977
37 113 0.0162
37 114 -0.11996
37 115 0.05022
37 116 0.01208
37 117 -0.12867
37 118 -0.04031
37 119 -0.04241
37 120 -0.02857
37 121 0.04409
37 122 -0.05009
37 123 -0.00187
37 124 0.03926
37 125 0.01574
37 126 0.06412
37 127 0.09373
37 128 0.04298
37 129 -0.11033
37 130 -0.07253
37 131 0.02132
37 132 -0.0373
37 133 -0.00744
37 134 0.06081
37 135 0.03223
37 136 0.01562
37 137 -0.11767
37 138 -0.0211
37 139 0.05552
37 140 -0.02741
37 141 -0.15257
37 142 0.07548
37 143 0.01581
37 144 -0.0702
37 145 -0.07322
37 146 -0.03574
37 147 0.07346
37 148 0.03891
37 149 -0.08942
37 150 -0.06822
37 151 0.13327
37 152 0.05097
37 153 0.08922
37 154 -0.0051
37 155 0.03252
37 156 0.10096
37 157 0.02148
37 158 0.17649
37 159 -0.10231
37 160 -0.09678
37 161 0.06586
37 162 0.02232
37 163 -0.112
37 164 0.1272
37 165 0.07501
37 166 0.01307
37 167 -0.06398
37 168 -0.01351
37 169 0.09728
37 170 0.0408
37 171 0.07082
37 172 -0.05465
37 173 -0.09163
37 174 0.103
37 175 -0.0346
37 176 -0.08393
37 177 -0.08205
37 178 0.00347
37 179 -0.02632
37 180 -0.14032
37 181 0.0031
37 182 0.06801
37 183 0.03706
37 184 0.13472
37 185 -0.04402
37 186 -0.07855
37 187 -0.11641
37 188 0.03379
37 189 -0.00953
37 190 0.05979
37 191 0.05397
37 192 -0.10567
37 193 -0.04648
37 194 -0.05549
37 195 -0.09548
37 196 -0.08634
37 197 0.08897
37 198 -0.00151
37 199 0.05684
38 39 0.10708
38 40 -0.1114
38 41 -0.10751
38 42 -0.01244
38 43 -0.04422
38 44 -0.00921
38 45 -0.015
38 46 0.07294
38 47 0.08067
38 48 0.03909
38 49 0.08187
38 50 -0.04443
38 51 0.01124
38 52 0.05372
38 53 -0.05996
38 54 -0.02601
38 55 0.07306
38 56 -0.03731
38 57 0.02795
38 58 -0.12863
38 59 0.00738
38 60 0.00082
38 61 0.06466
38 62 -0.02263
38 63 0.0265
38 64 -0.04696
38 65 0.03655
38 66 -0.08679
38 67 -0.06183
38 68 -0.03178
38 69 -0.05155
38 70 -0.07205
38 71 0.00938
38 72 -0.03107
38 73 0.03617
38 74 -0.02976
38 75 -0.00324
38 76 -0.02101
38 77 0.03531
38 78 -0.07025
38 79 -0.01698
38 80 -0.04524
38 81 -0.01684
38 82 -0.1147
38 83 0.09634
38 84 -0.01912
38 85 0.04879
38 86 0.12361
38 87 -0.08593
38 88 0.16772
38 89 0.00954
38 90 -0.06955
38 91 -0.02288
38 92 -0.00529
38 93 0.00279
38 94 -0.03626
38 95 -0.0222
38 96 -0.04822
38 97 0.03442
38 98 0.00138
38 99 -0.06953
38 100 0.00623
38 101 0.02071
38 102 0.00482
38 103 0.00359
38 104 -0.04204
38 105 -0.08943
38 106 0.03282
38 107 0.02062
38 108 -0.05871
38 109 -0.02989
38 110 0.04089
38 111 0.03093
38 112 0.00492
38 113 -0.05552
38 114 -0.08445
38 115 0.08729
38 116 0.02978
38 117 0.03235
38 118 0.12718
38 119 -0.00077
38 120 -0.02914
38 121 0.12511
38 122 0.06619
38 123 0.08631
38 124 0.01042
38 125 -0.05121
38 126 -0.02024
38 127 0.00803
38 128 -0.11444
38 129 -0.02003
38 130 0.08127
38 131 -0.05551
38 132 -0.02186
38 133 -0.00442
38 134 0.03004
38 135 -0.02759
38 136 -0.00986
38 137 -0.03753
38 138 0.16892
38 139 0.15616
38 140 -0.00561
38 141 0.12507
38 142 0.07727
38 143 0.08506
38 144 0.05624
38 145 0.05451
38 146 0.05567
38 147 -0.11102
38 148 0.03527
38 149 0.02576
38 150 0.11031
38 151 -0.03908
38 152 -0.10259
38 153 0.07638
38 154 -0.02044
38 155 0.02129
38 156 -0.21403
38 157 -0.15184
38 158 -0.05973
38 159 -0.00714
38 160 0.00861
38 161 0.07276
38 162 -0.05355
38 163 0.05012
38 164 -0.07004
38 165 -0.04036
38 166 0.00286
38 167 -0.05643
38 168 0.00985
38 169 0.00827
38 170 -0.0077
38 171 -0.07131
38 172 0.06727
38 173 0.08421
38 174 -0.10804
38 175 -0.03208
38 176 -0.03887
38 177 0.01929
38 178 0.10908
38 179 0.12117
38 180 0.01222
38 181 -0.02453
38 182 0.0547
38 183 0.00668
38 184 0.16349
38 185 -0.087
38 186 0.07458
38 187 0.02077
38 188 0.09931
38 189 -0.07175
38 190 -0.04456
38 191 0.18759
38 192 -0.03204
38 193 -0.00592
38 194 -0.0234
38 195 -0.04627
38 196 -0.00565
38 197 0.09312
38 198 -0.08921
38 199 -0.00972
39 40 0.01774
39 41 -0.12183
39 42 -0.0758
39 43 -0.00981
39 44 0.00044
39 45 0.01054
39 46 -0.00255
39 47 -0.02716
39 48 -0.0818
39 49 0.03092
39 50 -0.01805
39 51 0.0734
39 52 -0.01467
39 53 -0.00201
39 54 0.14433
39 55 -0.00841
39 56 0.07634
39 57 -0.05659
39 58 -0.09807
39 59 0.05289
39 60 -0.01573
39 61 0.04685
39 62 -0.11951
39 63 0.07476
39 64 0.04568
39 65 -0.13049
39 66 -0.0154
39 67 0.00962
39 68 -0.07616
39 69 -0.07782
39 70 0.0292
39 71 0.16538
39 72 0.00292
39 73 0.00213
39 74 0.05285
39 75 -0.04853
39 76 -0.02341
39 77 0.06867
39 78 -0.00263
39 79 -0.03618
39 80 0.06071
39 81 0.02195
39 82 0.05785
39 83 -0.06634
39 84 -0.08089
39 85 0.02035
39 86 -0.10581
39 87 -0.05029
39 88 -0.04937
39 89 0.02857
39 90 -0.03751
39 91 0.0373
39 92 -0.04174
39 93 -0.11493
39 94 -0.07164
39 95 0.00852
39 96 0.00047
39 97 0.06575
39 98 0.00525
39 99 0.08142
39 100 -0.05849
39 101 -0.10205
39 102 0.03487
39 103 -0.08083
39 104 0.11054
39 105 -0.04002
39 106 -0.00211
39 107 -0.04084
39 108 0.10189
39 109 0.02002
39 110 0.14042
39 111 0.00283
39 112 0.03995
39 113 0.02778
39 114 -0.05263
39 115 0.10318
39 116 0.03345
39 117 -0.06946
39 118 0.06445
39 119 -0.04108
39 120 0.1086
39 121 0.12526
39 122 -0.03469
39 123 -0.00474
39 124 0.08921
39 125 0.10877
39 126 0.0966
39 127 0.1718
39 128 0.01534
39 129 -0.07698
39 130 0.02696
39 131 0.00333
39 132 0.00471
39 133 -0.13268
39 134 -0.07343
39 135 0.00573
39 136 -0.13813
39 137 -0.0723
39 138 0.04057
39 139 -0.04555
39 140 -0.06309
39 141 0.07789
39 142 -0.046
39 143 -0.00355
39 144 -0.10929
39 145 -0.00448
39 146 0.05783
39 147 -0.04202
39 148 0.00312
39 149 0.05989
39 150 -0.03736
39 151 0.08918
39 152 -0.01056
39 153 0.03877
39 154 0.03622
39 155 0.08389
39 156 0.05287
39 157 -0.0115
39 158 -0.03452
39 159 -0.03347
39 160 0.05034
39 161 -0.06241
39 162 -0.02777
39 163 -0.09438
39 164 -0.10358
39 165 -0.02255
39 166 -0.09901
39 167 0.06994
39 168 -0.14829
39 169 0.00918
39 170 0.00776
39 171 -0.03403
39 172 0.0371
39 173 0.05642
39 174 -0.04626
39 175 -0.01694
39 176 0.02428
39 177 -0.06714
39 178 -0.01714
39 179 -0.09103
39 180 0.11761
39 181 0.03184
39 182 0.0009
39 183 0.03903
39 184 0.00601
39 185 0.08942
39 186 -0.04401
39 187 0.01362
39 188 -0.04973
39 189 0.02577
39 190 0.05859
39 191 -0.00871
39 192 0.05572
39 193 0.08298
39 194 -0.03018
39 195 0.00153
39 196 -0.05806
39 197 -0.02838
39 198 -0.06611
39 199 0.1615
40 41 0.04337
40 42 -0.0273
40 43 -0.04245
40 44 0.01207
40 45 -0.14734
40 46 0.00931
40 47 0.07954
40 48 -0.0515
40 49 -0.05022
40 50 -0.01311
40 51 0.04289
40 52 0.01204
40 53 -0.01913
40 54 -0.04313
40 55 0.13485
40 56 0.03976
40 57 0.00246
40 58 -0.08423
40 59 -0.03387
40 60 0.04574
40 61 0.01405
40 62 0.00711
40 63 0.04867
40 64 -0.04871
40 65 0.09159
40 66 -0.02574
40 67 0.10814
40 68 0.05316
40 69 -0.05467
40 70 -0.0037
40 71 -0.04959
40 72 -0.00996
40 73 0.04756
40 74 -0.12327
40 75 0.18944
40 76 0.02523
40 77 -0.01926
40 78 0.0357
40 79 0.01294
40 80 -0.0825
40 81 -0.0239
40 82 -0.1499
40 83 -0.04726
40 84 -0.08428
40 85 -0.007
40 86 -0.09103
40 87 0.09038
40 88 -0.06441
40 89 0.11537
40 90 -0.02407
40 91 0.00681
40 92 0.06251
40 93 0.07228
40 94 0.08178
40 95 -0.00875
40 96 0.0129
40 97 -0.04999
40 98 -0.00745
40 99 -0.06417
40 100 -0.1974
40 101 -0.09543
40 102 -0.074
40 103 0.01941
40 104 -0.0046
40 105 0.0535
40 106 0.11513
40 107 0.07242
40 108 0.05639
40 109 0.00621
40 110 -0.00839
40 111 0.03008
40 112 0.14754
40 113 -0.0704
40 114 -0.10695
40 115 -0.06039
40 116 -0.01503
40 117 -0.01237
40 118 -0.07667
40 119 -0.03075
40 120 -0.02848
40 121 0.10583
40 122 -0.05968
40 123 0.04589
40 124 0.05443
40 125 0.06189
40 126 -0.03096
40 127 0.04948
40 128 0.02591
40 129 0.06505
40 130 -0.02796
40 131 0.12086
40 132 -0.00333
40 133 -0.10566
40 134 0.09567
40 135 -0.09196
40 136 -0.04347
40 137 0.02901
40 138 0.06184
40 139 0.08035
40 140 0.06222
40 141 0.00626
40 142 0.11525
40 143 0.11029
40 144 -0.06361
40 145 -0.02932
40 146 -0.06917
40 147 0.09808
40 148 0.06799
40 149 -0.07442
40 150 0.01769
40 151 -0.01175
40 152 0.05282
40 153 -0.0583
40 154 -0.01
40 155 -0.05181
40 156 -0.01417
40 157 -0.03383
40 158 -0.08245
40 159 -0.06805
40 160 0.04129
40 161 -0.13899
40 162 -0.09417
40 163 -0.14489
40 164 -0.1475
40 165 0.04419
40 166 -0.00114
40 167 -0.02531
40 168 0.17075
40 169 -0.03468
40 170 -0.05672
40 171 0.02156
40 172 -0.03416
40 173 0.05501
40 174 0.03247
40 175 0.03361
40 176 0.03038
40 177 -0.14246
40 178 0.05311
40 179 -0.03287
40 180 -0.16626
40 181 -0.02142
40 182 -0.11826
40 183 -0.04229
40 184 -0.08377
40 185 -0.04799
40 186 0.00656
40 187 -0.00168
40 188 -0.09586
40 189 0.0262
40 190 0.12135
40 191 0.04978
40 192 -0.00344
40 193 -0.0015
40 194 -0.11899
40 195 -0.01175
40 196 -0.01397
40 197 -0.09172
40 198 0.03538
40 199 -0.00992
41 42 0.0997
41 43 -0.10759
41 44 -0.15346
41 45 -0.05855
41 46 -0.03881
41 47 -0.03544
41 48 -0.0643
41 49 -0.04784
41 50 0.05273
41 51 -0.02581
41 52 -0.12515
41 53 -0.03045
41 54 -0.00322
41 55 0.06466
41 56 -0.00139
41 57 0.03652
41 58 0.01721
41 59 -0.00249
41 60 -0.0584
41 61 0.08693
41 62 -0.01257
41 63 -0.00077
41 64 0.05696
41 65 -0.09918
41 66 0.0541
41 67 -0.00902
41 68 -0.01214
41 69 -0.06548
41 70 0.08921
41 71 0.00349
41 72 0.03599
41 73 -0.06763
41 74 -0.03697
41 75 -0.03165
41 76 -0.162
41 77 -0.00163
41 78 -0.01648
41 79 -0.14014
41 80 -0.05954
41 81 0.05107
41 82 -0.06885
41 83 0.16617
41 84 0.03069
41 85 -0.03799
41 86 -0.01315
41 87 0.00307
41 88 -0.02814
41 89 0.04584
41 90 -0.00936
41 91 0.07382
41 92 -0.01385
41 93 0.00428
41 94 0.11206
41 95 0.08471
41 96 0.03233
41 97 0.02775
41 98 -0.00497
41 99 -0.111
41 100 -0.01438
41 101 0.12646
41 102 -0.0158
41 103 0.04295
41 104 0.05742
41 105 -0.02783
41 106 0.01871
41 107 0.04654
41 108 0.09335
41 109 -0.04498
41 110 0.06416
41 111 0.0428
41 112 -0.02972
41 113 -0.0488
41 114 0.15529
41 115 -0.0415
41 116 -0.06263
41 117 0.00262
41 118 0.01783
41 119 0.14515
41 120 -0.06088
41 121 0.09383
41 122 -0.0211
41 123 -0.0726
41 124 -0.06283
41 125 -0.00997
41 126 0.02569
41 127 0.09586
41 128 0.0532
41 129 -0.00943
41 130 0.00806
41 131 0.09367
41 132 0.08262
41 133 -0.0605
41 134 -0.03165
41 135 -0.0606
41 136 0.0778
41 137 -0.18089
41 138 -0.05148
41 139 -0.01487
41 140 0.13271
41 141 0.05124
41 142 -0.00702
41 143 -0.08924
41 144 -0.01789
41 145 -0.04218
41 146 -0.03705
41 147 -0.00625
41 148 0.01851
41 149 0.12205
41 150 -0.1085
41 151 -0.10964
41 152 -0.03343
41 153 0.02015
41 154 0.05471
41 155 0.02567
41 156 0.13556
41 157 0.16058
41 158 0.00669
41 159 -0.03814
41 160 0.06892
41 161 0.05895
41 162 -0.00454
41 163 -0.0444
41 164 -0.00905
41 165 0.07604
41 166 0.07008
41 167 0.07598
41 168 0.00133
41 169 -0.01958
41 170 -0.01969
41 171 -0.03108
41 172 0.0409
41 173 0.02739
41 174 -0.11069
41 175 0.04582
41 176 -0.09343
41 177 0.06298
41 178 -0.06782
41 179 0.10897
41 180 0.15546
41 181 -0.00469
41 182 0.0071
41 183 -0.1281
41 184 -0.00323
41 185 0.03842
41 186 0.10802
41 187 0.13443
41 188 -0.03372
41 189 0.08461
41 190 -0.03274
41 191 -0.07737
41 192 0.09564
41 193 -0.03148
41 194 0.05101
41 195 0.0461
41 196 0.05535
41 197 -0.02212
41 198 -0.01103
41 199 -0.02823
42 43 -0.01983
42 44 -0.02176
42 45 -0.00795
42 46 -0.00831
42 47 -0.00704
42 48 -0.02816
42 49 0.07429
42 50 -0.12675
42 51 0.08062
42 52 -0.0366
42 53 0.17749
42 54 -0.06293
42 55 -0.05579
42 56 0.05322
42 57 0.06224
42 58 -0.03269
42 59 -0.04371
42 60 -0.0137
42 61 -0.01394
42 62 -0.02508
42 63 0.03524
42 64 -0.00551
42 65 0.0304
42 66 -0.00484
42 67 -0.09913
42 68 -0.02372
42 69 0.11871
42 70 0.01232
42 71 0.03903
42 72 -0.01385
42 73 0.00306
42 74 -0.08579
42 75 -0.02698
42 76 -0.01631
42 77 0.01789
42 78 -0.0562
42 79 -0.13035
42 80 0.03652
42 81 0.0193
42 82 0.03166
42 83 0.03705
42 84 -0.01433
42 85 0.10249
42 86 0.17121
42 87 0.04543
42 88 0.03314
42 89 0.06958
42 90 0.07268
42 91 0.04229
42 92 -0.05352
42 93 0.04645
42 94 -0.08731
42 95 0.13511
42 96 0.09024
42 97 0.10918
42 98 0.03425
42 99 0.10079
42 100 -0.04953
42 101 -0.01502
42 102 -0.05427
42 103 -0.01462
42 104 -0.01847
42 105 -0.16149
42 106 -0.07986
42 107 0.00357
42 108 0.13071
42 109 -0.10972
42 110 -0.09738
42 111 0.0112
42 112 0.19972
42 113 -0.03392
42 114 -0.03863
42 115 0.02795
42 116 -0.0723
42 117 0.1821
42 118 -0.04695
42 119 -0.0012
42 120 -0.0112
42 121 -0.02562
42 122 -0.04856
42 123 0.07428
42 124 0.02301
42 125 -0.04904
42 126 -0.0215
42 127 0.00708
42 128 -0.07966
42 129 0.04905
42 130 0.05338
42 131 0.06594
42 132 0.06723
42 133 -0.02208
42 134 -0.01714
42 135 0.10827
42 136 0.05952
42 137 0.063
42 138 0.01773
42 139 -0.21677
42 140 0.1547
42 141 -0.035
42 142 -0.00329
42 143 -0.06503
42 144 -0.05232
42 145 -0.00477
42 146 0.05289
42 147 0.02833
42 148 -0.09538
42 149 0.02615
42 150 0.05902
42 151 -0.08345
42 152 -0.02063
42 153 -0.07982
42 154 -0.0863
42 155 -0.09576
42 156 -0.06363
42 157 0.05677
42 158 -0.06015
42 159 -0.06195
42 160 -0.03654
42 161 0.13661
42 162 0.12528
42 163 0.08215
42 164 -0.01597
42 165 0.10331
42 166 0.07158
42 167 -0.05101
42 168 0.05647
42 169 0.0249
42 170 0.00637
42 171 -0.06877
42 172 -0.04327
42 173 0.00939
42 174 -0.06351
42 175 0.11457
42 176 0.08377
42 177 -0.12397
42 178 0.05836
42 179 0.08014
42 180 0.00375
42 181 -0.05568
42 182 0.06035
42 183 -0.01858
42 184 0.04135
42 185 -0.15281
42 186 -0.005
42 187 0.05361
42 188 0.04466
42 189 -0.03168
42 190 0.02057
42 191 0.00222
42 192 0.04174
42 193 0.00992
42 194 0.00553
42 195 -0.10389
42 196 -0.07926
42 197 0.05569
42 198 -0.04132
42 199 -0.05887
43 44 -0.03632
43 45 0.01336
43 46 0.01262
43 47 0.07189
43 48 0.16163
43 49 -0.03286
43 50 -0.00922
43 51 -0.02663
43 52 -0.07201
43 53 -0.09302
43 54 -0.01019
43 55 -0.04539
43 56 -0.07072
43 57 0.16603
43 58 0.01629
43 59 -0.17829
43 60 0.10594
43 61 -0.08364
43 62 0.03875
43 63 -0.07398
43 64 -0.0694
43 65 -0.04404
43 66 0.0582
43 67 0.05366
43 68 0.00963
43 69 0.02389
43 70 0.00647
43 71 0.00086
43 72 0.05046
43 73 -0.05302
43 74 -0.17226
43 75 0.1195
43 76 0.02229
43 77 0.04945
43 78 -0.01088
43 79 -0.08879
43 80 0.05119
43 81 -0.06034
43 82 -0.09652
43 83 -0.06064
43 84 -0.01901
43 85 -0.03537
43 86 -0.08475
43 87 -0.06422
43 88 0.01237
43 89 0.02016
43 90 -0.06692
43 91 0.06674
43 92 0.04351
43 93 0.04942
43 94 -0.105
43 95 0.01373
43 96 0.20625
43 97 -0.11281
43 98 0.03439
43 99 0.05219
43 100 -0.10674
43 101 0.03713
43 102 -0.08088
43 103 0.00763
43 104 -0.12123
43 105 0.0085
43 106 0.13101
43 107 0.12317
43 108 -0.08265
43 109 0.11818
43 110 0.09793
43 111 -0.02174
43 112 0.01926
43 113 0.07308
43 114 0.01775
43 115 -0.16173
43 116 -0.10162
43 117 -0.0443
43 118 -0.00454
43 119 0.02339
43 120 -0.02067
43 121 -0.10334
43 122 -0.04122
43 123 0.05954
43 124 0.01058
43 125 0.03386
43 126 0.02347
43 127 -0.08372
43 128 -0.09061
43 129 0.04329
43 130 0.06949
43 131 -0.0134
43 132 -0.07696
43 133 0.04422
43 134 -0.09458
43 135 -0.05487
43 136 -0.04574
43 137 0.08915
43 138 0.01496
43 139 0.09465
43 140 -0.03037
43 141 0.10476
43 142 -0.13885
43 143 0.06371
43 144 -0.02597
43 145 -0.02239
43 146 0.01717
43 147 -0.07873
43 148 0.02143
43 149 0.05009
43 150 -0.14782
43 151 -0.00451
43 152 -0.06685
43 153 -0.10565
43 154 0.04337
43 155 0.09121
43 156 -0.00067
43 157 0.03136
43 158 -0.03097
43 159 -0.05666
43 160 0.03839
43 161 -0.11593
43 162 0.01372
43 163 -0.07549
43 164 -0.0017
43 165 -0.06504
43 166 -0.02188
43 167 0.06161
43 168 -0.07043
43 169 -0.02282
43 170 -0.13115
43 171 0.1569
43 172 -0.00718
43 173 -0.00375
43 174 -0.02483
43 175 0.05753
43 176 -0.07467
43 177 0.00698
43 178 0.05478
43 179 -0.04385
43 180 -0.00232
43 181 -0.0649
43 182 -0.00762
43 183 -0.01207
43 184 -0.03586
43 185 0.10263
43 186 -0.05058
43 187 0.09856
43 188 -0.12096
43 189 -0.04678
43 190 -0.08718
43 191 0.05183
43 192 -0.04394
43 193 0.01732
43 194 0.0567
43 195 0.04202
43 196 -0.0885
43 197 -0.04266
43 198 -0.01044
43 199 -0.02573
44 45 -0.07234
44 46 0.07258
44 47 -0.05597
44 48 0.09813
44 49 0.04065
44 50 0.00259
44 51 -0.02554
44 52 0.10394
44 53 0.08248
44 54 0.15057
44 55 -0.09861
44 56 0.05492
44 57 0.03067
44 58 -0.00355
44 59 -0.01437
44 60 0.01023
44 61 -0.05784
44 62 -0.05741
44 63 0.01357
44 64 -0.03952
44 65 0.05525
44 66 0.04861
44 67 -0.03603
44 68 0.02484
44 69 0.07824
44 70 0.04065
44 71 0.08046
44 72 0.07264
44 73 0.02406
44 74 0.07787
44 75 -0.04002
44 76 -0.03719
44 77 -0.01592
44 78 -0.0637
44 79 -0.03728
44 80 -0.00649
44 81 -0.0847
44 82 -0.01779
44 83 0.04495
44 84 0.02861
44 85 -0.05676
44 86 0.10122
44 87 0.08488
44 88 -0.04948
44 89 -0.02378
44 90 -0.08156
44 91 0.09407
44 92 0.02427
44 93 -0.00356
44 94 0.0475
44 95 -0.01632
44 96 -0.02528
44 97 -0.05747
44 98 -0.03509
44 99 -0.07982
44 100 -0.05028
44 101 -0.08121
44 102 0.09388
44 103 -0.07833
44 104 -0.07026
44 105 -0.01216
44 106 0.01019
44 107 0.05191
44 108 0.10692
44 109 0.00392
44 110 -0.00282
44 111 -0.03196
44 112 -0.00875
44 113 -0.03508
44 114 -0.07578
44 115 0.05555
44 116 -0.06946
44 117 0.08228
44 118 0.02053
44 119 -0.12006
44 120 -0.06535
44 121 -0.05331
44 122 -0.00757
44 123 0.02437
44 124 0.00188
44 125 0.09598
44 126 -0.01947
44 127 0.09676
44 128 -0.12838
44 129 0.0569
44 130 -0.0448
44 131 0.10635
44 132 -0.10224
44 133 -0.01997
44 134 0.17185
44 135 0.00259
44 136 0.04834
44 137 -0.01368
44 138 -0.04892
44 139 0.00593
44 140 -0.02533
44 141 0.06261
44 142 0.01025
44 143 0.10031
44 144 0.06003
44 145 0.0282
44 146 0.06632
44 147 -0.07043
44 148 -0.13366
44 149 0.02996
44 150 -0.09589
44 151 0.12719
44 152 0.0291
44 153 0.10484
44 154 -0.05396
44 155 0.03835
44 156 -0.04067
44 157 -0.00862
44 158 0.04057
44 159 -0.06982
44 160 0.04325
44 161 -0.00865
44 162 -0.08424
44 163 -0.081
44 164 -0.04585
44 165 -0.03307
44 166 -0.14991
44 167 -0.06211
44 168 0.03022
44 169 0.14962
44 170 -0.02899
44 171 0.0169
44 172 0.0991
44 173 0.04114
44 174 0.01669
44 175 -0.09213
44 176 0.13011
44 177 0.03655
44 178 0.03905
44 179 0.01303
44 180 -0.0357
44 181 -0.03521
44 182 -0.14916
44 183 -0.09874
44 184 0.03401
44 185 -0.09013
44 186 0.01901
44 187 0.00461
44 188 0.035
44 189 0.02236
44 190 -0.08615
44 191 0.07869
44 192 -0.04182
44 193 0.09524
44 194 -0.04949
44 195 0.10052
44 196 0.01445
44 197 0.0448
44 198 -0.01585
44 199 -0.05944
45 46 0.09328
45 47 -0.04024
45 48 0.00162
45 49 0.06413
45 50 0.01304
45 51 0.02316
45 52 -0.03658
45 53 -0.00696
45 54 0.02942
45 55 -0.14728
45 56 -0.04127
45 57 -0.0521
45 58 0.06541
45 59 -0.1032
45 60 0.04466
45 61 0.07522
45 62 0.01039
45 63 -0.01865
45 64 0.05655
45 65 0.07773
45 66 0.01189
45 67 0.03572
45 68 0.04965
45 69 0.05841
45 70 -0.07185
45 71 -0.0544
45 72 0.14789
45 73 -0.09093
45 74 -0.07595
45 75 -0.09422
45 76 0.09039
45 77 0.02705
45 78 0.02824
45 79 -0.06664
45 80 0.03019
45 81 0.00881
45 82 -0.0636
45 83 -0.03822
45 84 -0.07419
45 85 0.05783
45 86 0.01575
45 87 -0.07968
45 88 0.12466
45 89 -0.05983
45 90 -0.11105
45 91 0.08433
45 92 -0.09708
45 93 -0.13082
45 94 0.0492
45 95 -0.00712
45 96 -0.114
45 97 0.07434
45 98 0.05586
45 99 0.02689
45 100 0.03451
45 101 0.0088
45 102 0.03404
45 103 -0.01391
45 104 0.03579
45 105 -0.02812
45 106 0.03076
45 107 -0.10923
45 108 -0.01529
45 109 0.17407
45 110 -0.02661
45 111 -0.08263
45 112 0.02787
45 113 0.0843
45 114 0.04165
45 115 0.05751
45 116 -0.03999
45 117 -0.09103
45 118 0.07381
45 119 -0.01682
45 120 0.00431
45 121 0.00526
45 122 -0.00274
45 123 0.05082
45 124 -0.00401
45 125 -0.11981
45 126 0.07668
45 127 -0.11482
45 128 0.08493
45 129 -0.0474
45 130 -0.05104
45 131 0.06229
45 132 -0.02699
45 133 -0.01318
45 134 0.01089
45 135 -0.01224
45 136 -0.01555
45 137 0.12386
45 138 0.05163
45 139 -0.05975
45 140 0.08048
45 141 0.00373
45 142 0.15641
45 143 -0.05953
45 144 0.01369
45 145 -0.0382
45 146 0.01351
45 147 0.04872
45 148 0.1112
45 149 0.03689
45 150 0.06436
45 151 -0.02871
45 152 0.11391
45 153 0.06086
45 154 0.06655
45 155 -0.01395
45 156 0.06698
45 157 -0.03654
45 158 0.01346
45 159 0.02646
45 160 0.01196
45 161 0.0287
45 162 0.03477
45 163 -0.04457
45 164 0.06021
45 165 0.12673
45 166 -0.05479
45 167 -0.1225
45 168 0.06144
45 169 0.00255
45 170 -0.04914
45 171 -0.13112
45 172 0.00717
45 173 -0.09266
45 174 0.01066
45 175 0.13058
45 176 0.10211
45 177 0.01614
45 178 -0.03009
45 179 -0.01853
45 180 -0.06605
45 181 0.05103
45 182 -0.00401
45 183 -0.06588
45 184 -0.10846
45 185 -0.05987
45 186 -0.01339
45 187 0.09616
45 188 -0.07166
45 189 0.02865
45 190 0.06839
45 191 0.06372
45 192 0.03748
45 193 0.05325
45 194 0.02503
45 195 0.03847
45 196 -0.05232
45 197 -0.02078
45 198 -0.05462
45 199 -0.0332
46 47 0.01623
46 48 0.03044
46 49 -0.05134
46 50 -0.04985
46 51 -0.03442
46 52 -0.07747
46 53 -0.02063
46 54 0.04765
46 55 -0.01059
46 56 -0.16342
46 57 -0.10005
46 58 0.05207
46 59 0.08537
46 60 0.04898
46 61 -0.15896
46 62 0.05346
46 63 0.02768
46 64 0.01212
46 65 0.00103
46 66 0.02757
46 67 0.04922
46 68 -0.00194
46 69 0.01163
46 70 -0.10674
46 71 0.01327
46 72 -0.04325
46 73 -0.08355
46 74 -0.10179
46 75 0.06585
46 76 -0.00498
46 77 0.0195
46 78 0.00308
46 79 0.03466
46 80 0.01281
46 81 0.01051
46 82 0.07962
46 83 -0.03095
46 84 0.12429
46 85 -0.01946
46 86 -0.07231
46 87 0.03185
46 88 -0.00406
46 89 -0.05311
46 90 0.04543
46 91 -0.06485
46 92 -0.02843
46 93 -0.08957
46 94 -0.03139
46 95 0.03004
46 96 0.06212
46 97 0.05454
46 98 0.04948
46 99 -0.13609
46 100 0.06321
46 101 0.05139
46 102 0.0631
46 103 -0.00335
46 104 0.01627
46 105 -0.00322
46 106 -0.01963
46 107 0.10651
46 108 -0.02957
46 109 0.07936
46 110 0.03023
46 111 -0.09446
46 112 0.00536
46 113 0.0225
46 114 0.07114
46 115 0.03226
46 116 -0.05054
46 117 0.0481
46 118 -0.15593
46 119 0.03137
46 120 0.04295
46 121 -0.04433
46 122 0.06012
46 123 0.08158
46 124 -0.07135
46 125 -0.08788
46 126 0.0376
46 127 -0.0696
46 128 0.08519
46 129 0.02602
46 130 0.02514
46 131 0.02421
46 132 0.0819
46 133 0.03096
46 134 -0.00957
46 135 0.13142
46 136 -0.08324
46 137 -0.03314
46 138 0.05113
46 139 -0.04575
46 140 0.00084
46 141 0.03042
46 142 -0.00119
46 143 -0.07558
46 144 -0.0528
46 145 0.04035
46 146 0.01385
46 147 0.00967
46 148 0.0996
46 149 0.0625
46 150 0.10437
46 151 -0.02861
46 152 -0.1271
46 153 -0.01015
46 154 0.12194
46 155 -0.08198
46 156 -0.17356
46 157 -0.04085
46 158 -0.04934
46 159 -0.25603
46 160 0.11515
46 161 -0.01451
46 162 -0.009
46 163 -0.08349
46 164 0.0038
46 165 -0.01464
46 166 -0.07651
46 167 -0.01001
46 168 0.06847
46 169 0.00095
46 170 -0.03682
46 171 0.01401
46 172 0.02347
46 173 0.04967
46 174 -0.06314
46 175 -0.0934
46 176 0.03235
46 177 -0.05256
46 178 -0.09775
46 179 0.0048
46 180 0.09258
46 181 0.04937
46 182 0.09067
46 183 -0.08893
46 184 -0.00602
46 185 -0.04082
46 186 0.02477
46 187 0.04683
46 188 -0.09471
46 189 -0.01616
46 190 -0.09301
46 191 -0.05199
46 192 0.05255
46 193 -0.1484
46 194 0.03443
46 195 -0.18953
46 196 0.09328
46 197 0.01945
46 198 0.10349
46 199 0.02945
47 48 -0.15239
47 49 -0.07889
47 50 0.06177
47 51 0.01017
47 52 0.0707
47 53 -0.05989
47 54 0.07164
47 55 0.01383
47 56 0.01975
47 57 -0.01186
47 58 -0.17311
47 59 -0.08785
47 60 0.00025
47 61 0.01593
47 62 0.17844
47 63 -0.06836
47 64 -0.01666
47 65 0.01373
47 66 -0.07572
47 67 0.00365
47 68 0.05345
47 69 0.08156
47 70 0.02912
47 71 -0.0062
47 72 0.02488
47 73 0.05331
47 74 -0.0184
47 75 -0.21756
47 76 -0.12326
47 77 0.07064
47 78 0.12026
47 79 -0.11146
47 80 -0.09445
47 81 -0.02107
47 82 0.15435
47 83 -0.00184
47 84 0.06686
47 85 0.05299
47 86 -0.00969
47 87 0.12761
47 88 0.02528
47 89 0.07249
47 90 -0.02066
47 91 0.08373
47 92 -0.09435
47 93 0.14583
47 94 -0.03435
47 95 0.12453
47 96 0.10821
47 97 0.05169
47 98 0.05122
47 99 0.00888
47 100 0.0368
47 101 -0.09078
47 102 0.03885
47 103 -0.05986
47 104 -0.05006
47 105 0.02935
47 106 -0.06953
47 107 0.03729
47 108 -0.1054
47 109 0.08656
47 110 0.02991
47 111 0.04402
47 112 -0.09281
47 113 -0.00812
47 114 -0.14575
47 115 0.02811
47 116 0.06382
47 117 0.0905
47 118 -0.05621
47 119 0.20608
47 120 -0.01963
47 121 0.11708
47 122 0.05466
47 123 0.12081
47 124 0.07308
47 125 0.00548
47 126 0.01847
47 127 -0.03598
47 128 0.15153
47 129 -0.03429
47 130 0.0293
47 131 0.01683
47 132 0.02671
47 133 0.03621
47 134 -0.02825
47 135 0.08125
47 136 -0.02619
47 137 0.08835
47 138 -0.0768
47 139 -0.07163
47 140 -0.02389
47 141 0.03175
47 142 -0.01741
47 143 -0.03203
47 144 -0.07693
47 145 0.00205
47 146 -0.00718
47 147 0.0425
47 148 -0.04545
47 149 0.07408
47 150 -0.01283
47 151 -0.08068
47 152 -0.00975
47 153 0.0723
47 154 -0.05224
47 155 0.09219
47 156 -0.01626
47 157 0.01695
47 158 0.02429
47 159 -0.0612
47 160 -0.0603
47 161 0.02216
47 162 0.0605
47 163 0.05343
47 164 0.03565
47 165 0.05566
47 166 0.0355
47 167 -0.05172
47 168 -0.16864
47 169 -0.01578
47 170 -0.00853
47 171 -0.01841
47 172 -0.08522
47 173 -0.11466
47 174 -0.06168
47 175 -0.01672
47 176 -0.06436
47 177 -0.08183
47 178 -0.06222
47 179 -0.0602
47 180 -0.09504
47 181 0.08152
47 182 -0.07369
47 183 -0.01981
47 184 0.07817
47 185 -0.04917
47 186 0.02408
47 187 0.12553
47 188 0.04459
47 189 -0.03626
47 190 -0.02267
47 191 0.14898
47 192 0.03591
47 193 0.02026
47 194 0.04967
47 195 -0.01054
47 196 0.00198
47 197 0.00777
47 198 0.02161
47 199 -0.0168
48 49 -0.02528
48 50 0.07152
48 51 -0.11192
48 52 0.00685
48 53 -0.00185
48 54 0.0183
48 55 0.07964
48 56 -0.0494
48 57 -0.01281
48 58 -0.04665
48 59 0.0009
48 60 -0.00781
48 61 -0.05654
48 62 -0.06429
48 63 -0.00529
48 64 0.08888
48 65 -0.09616
48 66 0.02817
48 67 0.04407
48 68 -0.09305
48 69 -0.01206
48 70 -0.0039
48 71 -0.11034
48 72 0.00656
48 73 0.09191
48 74 -0.01022
48 75 -0.02079
48 76 0.04726
48 77 -0.02432
48 78 0.02271
48 79 0.19606
48 80 -0.00609
48 81 0.07322
48 82 -0.07435
48 83 -0.04158
48 84 -0.00788
48 85 0.06428
48 86 0.11575
48 87 0.13081
48 88 0.01035
48 89 -0.00131
48 90 -0.02742
48 91 -0.00024
48 92 -0.05472
48 93 -0.05136
48 94 -0.06506
48 95 0.03991
48 96 0.00446
48 97 0.09779
48 98 -0.01324
48 99 -0.06584
48 100 -0.07733
48 101 -0.00667
48 102 0.13152
48 103 -0.0397
48 104 -0.08084
48 105 0.0481
48 106 -0.06504
48 107 -0.02687
48 108 0.06923
48 109 -0.11692
48 110 -0.05062
48 111 -0.08713
48 112 0.02245
48 113 -0.01494
48 114 0.09119
48 115 -0.00296
48 116 -0.00182
48 117 -0.14031
48 118 0.09548
48 119 0.02739
48 120 0.10108
48 121 0.04437
48 122 0.08187
48 123 -0.07162
48 124 0.00924
48 125 0.13221
48 126 -0.03435
48 127 -0.04294
48 128 0.05104
48 129 -0.06338
48 130 0.06692
48 131 0.00555
48 132 0.03639
48 133 -0.05177
48 134 0.06308
48 135 -0.03541
48 136 -0.08576
48 137 0.08791
48 138 -0.11118
48 139 0.12894
48 140 -0.02565
48 141 0.02265
48 142 0.22696
48 143 0.00064
48 144 -0.0316
48 145 -0.0424
48 146 0.05252
48 147 0.03397
48 148 0.05174
48 149 0.03252
48 150 0.04389
48 151 -0.07826
48 152 -0.09486
48 153 -0.05084
48 154 -0.16838
48 155 0.08952
48 156 -0.03324
48 157 -0.01504
48 158 0.00703
48 159 0.06467
48 160 -0.07211
48 161 -0.06286
48 162 -0.03523
48 163 0.03656
48 164 -0.00469
48 165 0.04903
48 166 0.11283
48 167 0.02562
48 168 -0.05001
48 169 -0.03146
48 170 -0.18687
48 171 -0.02533
48 172 0.13843
48 173 0.02768
48 174 -0.07054
48 175 0.07968
48 176 -0.11973
48 177 -0.09004
48 178 0.0082
48 179 0.00731
48 180 -0.14791
48 181 -0.01931
48 182 0.00319
48 183 -0.01213
48 184 -0.086
48 185 0.0566
48 186 -0.01721
48 187 0.06992
48 188 -0.10261
48 189 -0.04639
48 190 -0.1224
48 191 0.15015
48 192 -0.05581
48 193 0.03256
48 194 -0.08485
48 195 -0.02175
48 196 -0.11468
48 197 0.02216
48 198 -0.01426
48 199 -0.00227
49 50 -0.00601
49 51 0.08437
49 52 -0.12049
49 53 0.07597
49 54 0.06599
49 55 -0.02198
49 56 0.05407
49 57 0.0034
49 58 0.06652
49 59 -0.0647
49 60 0.15848
49 61 -0.04408
49 62 0.02208
49 63 -0.03785
49 64 -0.02437
49 65 -0.01755
49 66 -0.00884
49 67 0.08792
49 68 -0.02551
49 69 -0.14451
49 70 -0.14291
49 71 -0.07935
49 72 0.04541
49 73 -0.13326
49 74 0.04333
49 75 0.00655
49 76 -0.04697
49 77 0.09643
49 78 -0.06869
49 79 -0.08908
49 80 0.00711
49 81 -0.08156
49 82 0.1164
49 83 -0.07369
49 84 -0.17129
49 85 -0.04013
49 86 0.12435
49 87 0.06549
49 88 0.08388
49 89 -0.09745
49 90 0.06393
49 91 0.02615
49 92 -0.15426
49 93 -0.03896
49 94 -0.14749
49 95 -0.02821
49 96 -0.0196
49 97 -0.02722
49 98 0.02551
49 99 -0.02022
49 100 -0.04286
49 101 -0.16729
49 102 -0.11054
49 103 -0.06604
49 104 -0.20433
49 105 -0.02121
49 106 0.07773
49 107 -0.01263
49 108 0.02689
49 109 -0.00301
49 110 0.08201
49 111 -0.05155
49 112 0.10856
49 113 -0.00035
49 114 -0.16467
49 115 -0.10668
49 116 -0.01474
49 117 0.11649
49 118 -0.06275
49 119 -0.11625
49 120 -0.07306
49 121 -0.11205
49 122 -0.03631
49 123 0.2127
49 124 0.02738
49 125 -0.0348
49 126 -0.07854
49 127 -0.02228
49 128 -0.02346
49 129 0.00084
49 130 0.007
49 131 0.03874
49 132 0.09114
49 133 -0.13846
49 134 -0.0565
49 135 0.10556
49 136 0.13899
49 137 0.0021
49 138 -0.10426
49 139 -0.04388
49 140 -0.0468
49 141 0.0011
49 142 0.03045
49 143 -0.01315
49 144 0.0125
49 145 -0.01682
49 146 -0.05722
49 147 0.01766
49 148 -0.01156
49 149 0.00763
49 150 0.07363
49 151 -0.0373
49 152 0.04344
49 153 0.016
49 154 0.02117
49 155 0.00152
49 156 -0.02232
49 157 0.02645
49 158 -0.00588
49 159 0.1186
49 160 -0.13114
49 161 0.05745
49 162 0.09938
49 163 -0.14009
49 164 0.02357
49 165 0.10368
49 166 0.02007
49 167 -0.04712
49 168 0.04505
49 169 0.00578
49 170 -0.01064
49 171 0.02973
49 172 0.03527
49 173 0.07454
49 174 -0.00078
49 175 -0.02003
49 176 -0.0514
49 177 0.06108
49 178 -0.06706
49 179 0.05409
49 180 0.17158
49 181 0.03811
49 182 0.15936
49 183 0.01352
49 184 0.05508
49 185 -0.10071
49 186 -0.0512
49 187 0.11731
49 188 -0.10276
49 189 -0.04129
49 190 -0.03683
49 191 -0.04261
49 192 0.04362
49 193 0.03228
49 194 0.05758
49 195 -0.05136
49 196 0.0786
49 197 -0.03581
49 198 -0.09958
49 199 0.03158
50 51 0.07792
50 52 -0.05603
50 53 -0.029
50 54 -0.09784
50 55 -0.05389
50 56 -0.00018
50 57 -0.04718
50 58 -0.02915
50 59 0.0064
50 60 -0.07205
50 61 -0.05076
50 62 0.0748
50 63 0.01214
50 64 -0.06203
50 65 -0.11782
50 66 0.05468
50 67 0.05546
50 68 0.04383
50 69 0.15157
50 70 -0.0527
50 71 -0.13591
50 72 -0.04731
50 73 -0.05545
50 74 0.03787
50 75 -0.11309
50 76 0.06872
50 77 -0.00934
50 78 -0.05096
50 79 0.03954
50 80 0.01301
50 81 -0.04843
50 82 0.00866
50 83 0.0744
50 84 -0.01107
50 85 -0.01206
50 86 0.0579
50 87 0.02359
50 88 0.04478
50 89 0.06953
50 90 -0.03554
50 91 0.05738
50 92 -0.10997
50 93 0.05584
50 94 -0.00787
50 95 0.07404
50 96 -0.10274
50 97 -0.00163
50 98 0.086
50 99 -0.09218
50 100 -0.01327
50 101 -0.07996
50 102 -0.09698
50 103 0.0122
50 104 -0.01623
50 105 -0.0678
50 106 0.00774
50 107 -0.04659
50 108 -0.06134
50 109 0.15155
50 110 0.12149
50 111 -0.00863
50 112 -0.08406
50 113 0.05379
50 114 0.03481
50 115 -0.01336
50 116 -0.13723
50 117 -0.02759
50 118 -0.03413
50 119 0.00677
50 120 -0.02538
50 121 0.04397
50 122 -0.06638
50 123 -0.06228
50 124 0.02334
50 125 -0.06058
50 126 -0.05847
50 127 -0.02308
50 128 -0.00879
50 129 -0.07104
50 130 -0.00187
50 131 0.1031
50 132 -0.0164
50 133 0.10787
50 134 -0.07509
50 135 0.06421
50 136 -0.00885
50 137 0.01273
50 138 -0.06324
50 139 -0.08104
50 140 -0.00986
50 141 -0.01918
50 142 0.02693
50 143 -0.02182
50 144 -0.08958
50 145 -0.02878
50 146 0.07291
50 147 0.05835
50 148 -0.07265
50 149 -0.03484
50 150 -0.04761
50 151 0.15339
50 152 0.05734
50 153 0.01373
50 154 -0.00022
50 155 0.12335
50 156 0.02964
50 157 0.03387
50 158 -0.07776
50 159 -0.03367
50 160 0.0763
50 161 -0.17328
50 162 0.04061
50 163 0.021
50 164 0.16434
50 165 -0.01217
50 166 -0.04054
50 167 0.05419
50 168 -0.01264
50 169 -0.03504
50 170 -0.00247
50 171 0.08248
50 172 -0.01401
50 173 0.0319
50 174 0.04202
50 175 0.03219
50 176 -0.13829
50 177 0.05447
50 178 -0.12672
50 179 -0.05069
50 180 0.06452
50 181 -0.07182
50 182 -0.04589
50 183 -0.18711
50 184 0.00449
50 185 0.08927
50 186 -0.02144
50 187 -0.05396
50 188 -0.03066
50 189 -0.0205
50 190 -0.00124
50 191 -0.06216
50 192 -0.03829
50 193 0.07614
50 194 0.10834
50 195 -0.04448
50 196 -0.14108
50 197 -0.1536
50 198 -0.02368
50 199 -0.0259
51 52 0.05247
51 53 -0.05944
51 54 0.03841
51 55 0.09194
51 56 -0.06901
51 57 -0.07982
51 58 -0.05408
51 59 0.08434
51 60 0.04451
51 61 0.05188
51 62 -0.0959
51 63 0.04169
51 64 -0.05091
51 65 0.1261
51 66 0.00183
51 67 0.05651
51 68 0.10833
51 69 -0.08401
51 70 0.05356
51 71 -0.06235
51 72 0.0578
51 73 0.0174
51 74 -0.16238
51 75 0.05699
51 76 0.13433
51 77 -0.01183
51 78 0.14755
51 79 -0.02004
51 80 0.05206
51 81 -0.08426
51 82 -0.07309
51 83 -0.05645
51 84 0.05409
51 85 0.00852
51 86 0.08934
51 87 -0.10354
51 88 -0.04343
51 89 -0.00372
51 90 -0.04154
51 91 0.00429
51 92 -0.04658
51 93 0.05356
51 94 0.17059
51 95 0.11943
51 96 -0.11851
51 97 -0.04063
51 98 0.00482
51 99 -0.0235
51 100 0.00689
51 101 0.0137
51 102 0.04205
51 103 -0.003
51 104 0.0411
51 105 -0.03654
51 106 -0.17805
51 107 -0.06186
51 108 -0.01731
51 109 -0.00777
51 110 -0.08981
51 111 0.00002
51 112 -0.03968
51 113 0.03002
51 114 -0.12579
51 115 0.08717
51 116 0.00757
51 117 0.03653
51 118 -0.13748
51 119 0.14206
51 120 -0.05158
51 121 -0.00005
51 122 0.07638
51 123 0.06507
51 124 0.02772
51 125 0.02697
51 126 0.06247
51 127 0.17989
51 128 0.03279
51 129 0.02573
51 130 -0.046
51 131 -0.04539
51 132 0.01828
51 133 0.08465
51 134 -0.06841
51 135 0.13252
51 136 0.02435
51 137 0.10951
51 138 0.04989
51 139 0.03677
51 140 0.10334
51 141 0.02404
51 142 0.08605
51 143 0.00182
51 144 0.06645
51 145 -0.01438
51 146 -0.03212
51 147 0.11339
51 148 0.01168
51 149 -0.05665
51 150 0.04855
51 151 -0.07285
51 152 -0.00287
51 153 -0.02236
51 154 0.0336
51 155 -0.09944
51 156 0.08421
51 157 0.00282
51 158 -0.0268
51 159 0.02091
51 160 -0.10988
51 161 -0.08119
51 162 0.07956
51 163 -0.05178
51 164 -0.03641
51 165 -0.08229
51 166 0.00332
51 167 0.0409
51 168 -0.04922
51 169 -0.0465
51 170 0.03795
51 171 0.02045
51 172 -0.05959
51 173 0.09642
51 174 -0.07084
51 175 -0.05705
51 176 -0.07884
51 177 -0.10791
51 178 -0.07188
51 179 0.0776
51 180 -0.09638
51 181 -0.00245
51 182 0.00183
51 183 -0.06386
51 184 -0.11975
51 185 -0.05889
51 186 0.02124
51 187 0.02052
51 188 0.07923
51 189 -0.03837
51 190 0.06987
51 191 -0.03088
51 192 -0.03182
51 193 -0.11786
51 194 -0.12492
51 195 -0.01679
51 196 0.11502
51 197 0.0367
51 198 -0.08932
51 199 -0.01345
52 53 -0.01581
52 54 0.07066
52 55 0.04873
52 56 -0.08135
52 57 -0.01237
52 58 -0.03972
52 59 0.00202
52 60 -0.08811
52 61 0.04644
52 62 0.0134
52 63 0.14131
52 64 -0.0787
52 65 -0.10124
52 66 0.12976
52 67 0.02624
52 68 -0.00394
52 69 -0.03571
52 70 -0.07621
52 71 -0.06135
52 72 -0.03614
52 73 -0.01415
52 74 0.10721
52 75 0.06478
52 76 -0.05645
52 77 0.05869
52 78 -0.00789
52 79 0.06988
52 80 -0.01223
52 81 -0.07079
52 82 -0.05958
52 83 -0.02019
52 84 -0.02818
52 85 -0.17401
52 86 0.16833
52 87 -0.0347
52 88 -0.01287
52 89 -0.02604
52 90 -0.07982
52 91 0.0076
52 92 -0.02094
52 93 0.00598
52 94 -0.1513
52 95 -0.02567
52 96 -0.02018
52 97 -0.00916
52 98 -0.00836
52 99 0.10092
52 100 0.01641
52 101 -0.01511
52 102 0.06572
52 103 0.09975
52 104 0.07603
52 105 0.03411
52 106 0.00839
52 107 -0.02413
52 108 -0.08901
52 109 0.16067
52 110 0.01714
52 111 0.00044
52 112 0.08416
52 113 0.06969
52 114 0.0051
52 115 -0.17034
52 116 -0.00368
52 117 0.0272
52 118 0.00022
52 119 -0.09276
52 120 0.05838
52 121 0.08624
52 122 0.04055
52 123 -0.0632
52 124 -0.04987
52 125 -0.00049
52 126 0.04662
52 127 -0.07596
52 128 -0.12765
52 129 -0.02602
52 130 -0.06298
52 131 0.02814
52 132 0.09915
52 133 -0.03199
52 134 -0.11647
52 135 -0.02102
52 136 0.07832
52 137 -0.02937
52 138 0.09073
52 139 0.06625
52 140 0.01248
52 141 -0.07814
52 142 0.04564
52 143 -0.20106
52 144 0.02804
52 145 -0.04915
52 146 -0.03631
52 147 -0.04195
52 148 -0.12559
52 149 0.04378
52 150 0.0598
52 151 0.01267
52 152 0.03917
52 153 -0.01063
52 154 0.12969
52 155 0.00688
52 156 -0.03284
52 157 -0.08008
52 158 -0.00619
52 159 -0.02747
52 160 -0.02394
52 161 -0.03702
52 162 0.07587
52 163 0.01069
52 164 -0.00279
52 165 0.02441
52 166 0.16119
52 167 -0.16201
52 168 -0.01092
52 169 -0.03965
52 170 -0.06316
52 171 0.0095
52 172 -0.09194
52 173 -0.02392
52 174 -0.03655
52 175 0.00926
52 176 0.05336
52 177 0.03086
52 178 -0.12229
52 179 0.09236
52 180 -0.04531
52 181 -0.03378
52 182 -0.01509
52 183 0.16526
52 184 0.0259
52 185 -0.04674
52 186 -0.06468
52 187 -0.00528
52 188 -0.01669
52 189 -0.08326
52 190 -0.04015
52 191 -0.12048
52 192 0.02717
52 193 0.03196
52 194 0.00976
52 195 0.00062
52 196 -0.12123
52 197 -0.07368
52 198 -0.04299
52 199 0.02717
53 54 0.04282
53 55 -0.11373
53 56 -0.01962
53 57 0.02073
53 58 0.01508
53 59 -0.01096
53 60 -0.20024
53 61 -0.00374
53 62 -0.0408
53 63 -0.05677
53 64 -0.07589
53 65 0.00985
53 66 0.10633
53 67 -0.0175
53 68 -0.05342
53 69 0.04542
53 70 -0.03262
53 71 -0.04652
53 72 -0.06344
53 73 -0.08143
53 74 0.06307
53 75 -0.05014
53 76 -0.04967
53 77 -0.02349
53 78 0.07605
53 79 0.04245
53 80 -0.05261
53 81 0.06646
53 82 -0.03914
53 83 -0.06658
53 84 0.00148
53 85 -0.02157
53 86 0.03903
53 87 0.03389
53 88 0.02595
53 89 -0.01289
53 90 0.15434
53 91 0.06324
53 92 -0.02529
53 93 0.00741
53 94 0.05853
53 95 -0.0557
53 96 0.02366
53 97 -0.02417
53 98 -0.05542
53 99 -0.07383
53 100 0.11327
53 101 -0.01244
53 102 0.13652
53 103 -0.0278
53 104 0.05603
53 105 0.07247
53 106 -0.00751
53 107 -0.00301
53 108 0.08407
53 109 0.09897
53 110 0.04827
53 111 0.0433
53 112 -0.02577
53 113 0.01896
53 114 -0.11468
53 115 0.10905
53 116 0.12865
53 117 -0.06344
53 118 0.00252
53 119 0.07814
53 120 -0.02946
53 121 0.02592
53 122 -0.0865
53 123 -0.03714
53 124 0.0751
53 125 -0.03096
53 126 0.04965
53 127 -0.01927
53 128 -0.03397
53 129 -0.01162
53 130 0.00779
53 131 -0.07621
53 132 -0.09287
53 133 -0.14385
53 134 -0.11176
53 135 0.06281
53 136 -0.13965
53 137 0.12089
53 138 -0.02643
53 139 -0.01215
53 140 -0.01472
53 141 0.03023
53 142 0.01707
53 143 0.02221
53 144 -0.11403
53 145 -0.0801
53 146 0.02247
53 147 -0.06251
53 148 0.05305
53 149 0.05079
53 150 0.05018
53 151 0.19452
53 152 -0.05888
53 153 0.08617
53 154 -0.04969
53 155 -0.06954
53 156 -0.08672
53 157 -0.11739
53 158 -0.02516
53 159 0.02489
53 160 -0.10045
53 161 -0.08105
53 162 0.06049
53 163 -0.03926
53 164 -0.05355
53 165 0.12359
53 166 0.06605
53 167 0.01272
53 168 0.06956
53 169 -0.02083
53 170 -0.01533
53 171 -0.10771
53 172 -0.02195
53 173 -0.11918
53 174 0.02104
53 175 -0.06612
53 176 0.07013
53 177 -0.03905
53 178 0.11551
53 179 0.05962
53 180 -0.00808
53 181 -0.02739
53 182 -0.13053
53 183 -0.05875
53 184 0.0279
53 185 -0.02749
53 186 0.06612
53 187 -0.07642
53 188 -0.05293
53 189 0.05633
53 190 -0.02801
53 191 -0.02446
53 192 -0.10518
53 193 -0.06494
53 194 0.01261
53 195 -0.11219
53 196 -0.02457
53 197 -0.00409
53 198 -0.01017
53 199 0.00365
54 55 -0.02801
54 56 -0.07779
54 57 -0.05245
54 58 0.09104
54 59 0.07143
54 60 -0.00644
54 61 -0.11505
54 62 -0.01689
54 63 -0.00105
54 64 -0.08837
54 65 0.12571
54 66 -0.02728
54 67 -0.12968
54 68 0.05817
54 69 0.03832
54 70 0.0433
54 71 0.2098
54 72 -0.05409
54 73 -0.06091
54 74 -0.10664
54 75 0.00632
54 76 0.06697
54 77 -0.02798
54 78 0.01242
54 79 -0.00454
54 80 0.02248
54 81 -0.13333
54 82 0.11195
54 83 0.04387
54 84 -0.00054
54 85 -0.10748
54 86 -0.09094
54 87 -0.01877
54 88 0.05175
54 89 -0.05444
54 90 -0.00346
54 91 -0.08598
54 92 -0.01786
54 93 0.08788
54 94 -0.09373
54 95 0.01491
54 96 0.05626
54 97 -0.14942
54 98 -0.05078
54 99 -0.03854
54 100 -0.16015
54 101 -0.0045
54 102 0.0059
54 103 -0.05053
54 104 -0.00973
54 105 0.0078
54 106 0.00711
54 107 0.08729
54 108 -0.02537
54 109 -0.01123
54 110 -0.11688
54 111 -0.05605
54 112 -0.12573
54 113 -0.00049
54 114 0.11
54 115 -0.049
54 116 0.07351
54 117 -0.08036
54 118 -0.01519
54 119 -0.03648
54 120 -0.03012
54 121 -0.02397
54 122 0.1155
54 123 -0.03827
54 124 -0.04081
54 125 -0.07401
54 126 -0.04983
54 127 0.03271
54 128 -0.03189
54 129 0.05506
54 130 -0.02802
54 131 0.10915
54 132 0.05428
54 133 -0.10583
54 134 -0.1023
54 135 -0.03248
54 136 -0.0468
54 137 -0.03579
54 138 -0.03154
54 139 0.09452
54 140 -0.17139
54 141 -0.02394
54 142 -0.07645
54 143 0.06828
54 144 -0.05233
54 145 -0.04936
54 146 -0.00236
54 147 0.00275
54 148 -0.01342
54 149 -0.10032
54 150 -0.04608
54 151 -0.09089
54 152 0.05171
54 153 -0.05503
54 154 -0.05815
54 155 -0.0137
54 156 -0.04225
54 157 0.04034
54 158 -0.01857
54 159 -0.10532
54 160 -0.08807
54 161 -0.02232
54 162 -0.06315
54 163 0.00731
54 164 0.02584
54 165 -0.11721
54 166 0.11668
54 167 0.01096
54 168 0.05061
54 169 0.03008
54 170 -0.00861
54 171 -0.02958
54 172 0.05351
54 173 -0.01226
54 174 0.01702
54 175 0.00434
54 176 -0.00879
54 177 0.01862
54 178 -0.06788
54 179 -0.02034
54 180 0.0194
54 181 -0.0714
54 182 -0.0814
54 183 -0.05999
54 184 -0.047
54 185 -0.03702
54 186 0.03327
54 187 -0.01907
54 188 -0.13505
54 189 0.16057
54 190 -0.00961
54 191 0.09411
54 192 -0.07869
54 193 0.13786
54 194 0.10613
54 195 0.07581
54 196 -0.03329
54 197 0.14369
54 198 0.06264
54 199 0.00162
55 56 -0.03672
55 57 0.00972
55 58 -0.08892
55 59 -0.02973
55 60 0.11143
55 61 -0.06729
55 62 -0.04589
55 63 -0.10014
55 64 0.0434
55 65 0.03192
55 66 0.04032
55 67 0.12798
55 68 -0.07603
55 69 0.00414
55 70 -0.05968
55 71 -0.06115
55 72 0.01329
55 73 -0.05141
55 74 -0.0161
55 75 -0.00568
55 76 0.07237
55 77 0.03931
55 78 0.05961
55 79 0.0396
55 80 0.0784
55 81 -0.01213
55 82 -0.12932
55 83 -0.02228
55 84 0.01051
55 85 -0.04278
55 86 -0.08024
55 87 0.04818
55 88 0.05084
55 89 -0.01243
55 90 0.08078
55 91 0.11165
55 92 0.00096
55 93 -0.00275
55 94 0.11135
55 95 0.00764
55 96 0.00135
55 97 0.0303
55 98 -0.08563
55 99 -0.02568
55 100 -0.01685
55 101 -0.03252
55 102 -0.05842
55 103 -0.03369
55 104 0.0758
55 105 -0.04221
55 106 0.04145
55 107 -0.0467
55 108 -0.07019
55 109 -0.10933
55 110 0.13802
55 111 0.04595
55 112 0.09488
55 113 -0.12613
55 114 0.06076
55 115 -0.04601
55 116 -0.02798
55 117 -0.11438
55 118 -0.0951
55 119 -0.04824
55 120 -0.10297
55 121 -0.02764
55 122 -0.03244
55 123 -0.00021
55 124 0.116
55 125 -0.1256
55 126 -0.05808
55 127 0.08484
55 128 -0.10606
55 129 -0.05143
55 130 0.00996
55 131 0.07312
55 132 -0.03992
55 133 0.05431
55 134 -0.05364
55 135 0.09052
55 136 0.04908
55 137 -0.01245
55 138 -0.01423
55 139 -0.06237
55 140 0.02337
55 141 0.00395
55 142 0.0938
55 143 -0.04434
55 144 -0.11428
55 145 -0.00272
55 146 0.07333
55 147 0.0362
55 148 -0.0154
55 149 -0.11829
55 150 0.12721
55 151 0.05329
55 152 0.02176
55 153 0.08258
55 154 -0.00782
55 155 0.09679
55 156 0.092
55 157 -0.06408
55 158 -0.063
55 159 -0.07622
55 160 -0.01544
55 161 0.02019
55 162 0.0712
55 163 -0.05569
55 164 -0.01078
55 165 0.08708
55 166 -0.06692
55 167 0.06266
55 168 -0.05628
55 169 0.01362
55 170 -0.09581
55 171 0.01664
55 172 0.14249
55 173 -0.07691
55 174 0.01723
55 175 0.07112
55 176 -0.00222
55 177 0.12142
55 178 -0.04683
55 179 -0.04818
55 180 0.03188
55 181 -0.08881
55 182 -0.12761
55 183 -0.04489
55 184 -0.04502
55 185 0.0273
55 186 -0.04984
55 187 -0.01006
55 188 0.01891
55 189 -0.03924
55 190 0.00294
55 191 0.11427
55 192 0.0529
55 193 0.05648
55 194 -0.02035
55 195 0.04007
55 196 0.05613
55 197 -0.02729
55 198 0.05786
55 199 0.00319
56 57 -0.0191
56 58 0.05681
56 59 0.027
56 60 -0.07318
56 61 -0.03092
56 62 0.00062
56 63 -0.01244
56 64 -0.05554
56 65 0.07093
56 66 0.05982
56 67 0.09126
56 68 -0.03937
56 69 0.04817
56 70 -0.01632
56 71 -0.08089
56 72 -0.05468
56 73 -0.02435
56 74 0.01794
56 75 0.00926
56 76 -0.00862
56 77 -0.05265
56 78 0.03273
56 79 0.01159
56 80 -0.05647
56 81 -0.0551
56 82 -0.07554
56 83 -0.02106
56 84 0.03692
56 85 -0.11901
56 86 -0.01923
56 87 -0.03793
56 88 0.03057
56 89 0.01857
56 90 0.02479
56 91 -0.06731
56 92 -0.0228
56 93 0.02637
56 94 -0.02807
56 95 -0.06387
56 96 -0.0091
56 97 0.10831
56 98 -0.01503
56 99 0.07948
56 100 -0.01379
56 101 -0.02451
56 102 0.06256
56 103 0.08884
56 104 0.00489
56 105 -0.03094
56 106 0.03784
56 107 -0.0745
56 108 0.08835
56 109 -0.13008
56 110 0.06629
56 111 0.03328
56 112 0.02649
56 113 0.0299
56 114 0.08323
56 115 0.03291
56 116 -0.04932
56 117 -0.07362
56 118 0.09145
56 119 0.117
56 120 -0.01184
56 121 0.09587
56 122 -0.05023
56 123 0.07582
56 124 0.10542
56 125 0.04635
56 126 -0.03654
56 127 -0.05373
56 128 -0.18824
56 129 -0.01458
56 130 0.07797
56 131 -0.07437
56 132 -0.04153
56 133 0.07412
56 134 0.02208
56 135 0.00391
56 136 0.09113
56 137 0.08986
56 138 -0.08825
56 139 -0.11542
56 140 0.02544
56 141 -0.05081
56 142 0.04017
56 143 -0.09525
56 144 -0.09629
56 145 -0.13406
56 146 0.08055
56 147 -0.01402
56 148 0.01259
56 149 0.05008
56 150 -0.05814
56 151 -0.06035
56 152 -0.03633
56 153 -0.13963
56 154 0.02599
56 155 -0.0278
56 156 -0.07562
56 157 -0.08722
56 158 0.10594
56 159 -0.0777
56 160 0.02356
56 161 0.03303
56 162 -0.01847
56 163 0.0966
56 164 -0.01317
56 165 0.08095
56 166 -0.05333
56 167 0.19318
56 168 -0.17128
56 169 -0.00666
56 170 -0.01813
56 171 -0.07238
56 172 0.0444
56 173 0.13803
56 174 0.01373
56 175 -0.031
56 176 0.04159
56 177 0.07277
56 178 0.03654
56 179 -0.15766
56 180 0.01792
56 181 -0.09421
56 182 -0.03365
56 183 0.01707
56 184 0.14047
56 185 -0.1188
56 186 -0.01304
56 187 0.05293
56 188 -0.011
56 189 -0.03481
56 190 0.05422
56 191 -0.16458
56 192 0.06938
56 193 -0.05598
56 194 -0.08585
56 195 -0.14965
56 196 -0.01212
56 197 -0.04578
56 198 0.07321
56 199 0.0749
57 58 -0.01237
57 59 -0.09071
57 60 -0.0019
57 61 0.04022
57 62 -0.07609
57 63 0.0248
57 64 0.06732
57 65 -0.06223
57 66 0.04818
57 67 -0.10199
57 68 0.03327
57 69 -0.04697
57 70 0.09929
57 71 -0.00841
57 72 0.04148
57 73 -0.02729
57 74 -0.0516
57 75 -0.00232
57 76 0.02165
57 77 0.01456
57 78 -0.0812
57 79 0.07289
57 80 -0.03988
57 81 -0.02356
57 82 -0.01068
57 83 0.08222
57 84 -0.09892
57 85 0.01114
57 86 0.03083
57 87 0.06019
57 88 -0.03281
57 89 -0.00913
57 90 -0.07774
57 91 0.04225
57 92 0.02729
57 93 -0.16993
57 94 0.13202
57 95 0.01804
57 96 -0.00763
57 97 0.02643
57 98 -0.03007
57 99 0.07901
57 100 0.01734
57 101 0.0099
57 102 0.05882
57 103 -0.03193
57 104 0.01545
57 105 0.06113
57 106 -0.07808
57 107 -0.01952
57 108 -0.08737
57 109 0.03899
57 110 -0.11758
57 111 -0.05583
57 112 -0.15373
57 113 0.00133
57 114 -0.11766
57 115 0.02049
57 116 -0.04238
57 117 0.08319
57 118 -0.06349
57 119 -0.01911
57 120 -0.09271
57 121 -0.13481
57 122 -0.08825
57 123 -0.05505
57 124 0.00706
57 125 0.07381
57 126 0.06426
57 127 -0.03862
57 128 0.07314
57 129 -0.04946
57 130 0.02551
57 131 -0.05504
57 132 -0.06812
57 133 0.09262
57 134 -0.03867
57 135 -0.05955
57 136 0.00891
57 137 0.00685
57 138 -0.04858
57 139 0.10068
57 140 0.03904
57 141 -0.04138
57 142 0.0129
57 143 0.04567
57 144 -0.21117
57 145 -0.02478
57 146 0.0784
57 147 -0.03572
57 148 -0.09019
57 149 0.14707
57 150 0.0364
57 151 0.069
57 152 -0.02444
57 153 -0.07849
57 154 0.02483
57 155 0.00704
57 156 -0.04731
57 157 0.02219
57 158 0.10672
57 159 0.09872
57 160 -0.08556
57 161 -0.0139
57 162 -0.0719
57 163 0.0384
57 164 0.0793
57 165 0.10775
57 166 -0.08656
57 167 0.01103
57 168 -0.14803
57 169 -0.11219
57 170 0.03663
57 171 0.0648
57 172 0.00611
57 173 0.03035
57 174 -0.0012
57 175 -0.00245
57 176 -0.00472
57 177 0.00587
57 178 0.07123
57 179 0.03638
57 180 -0.06779
57 181 0.03219
57 182 -0.12209
57 183 -0.01133
57 184 0.0698
57 185 -0.15405
57 186 0.138
57 187 -0.14278
57 188 0.03282
57 189 -0.0049
57 190 -0.08162
57 191 0.03778
57 192 0.06585
57 193 -0.10079
57 194 0.01976
57 195 -0.04304
57 196 -0.12149
57 197 -0.06052
57 198 0.03511
57 199 -0.14561
58 59 -0.00668
58 60 0.09177
58 61 -0.04928
58 62 0.05438
58 63 0.03333
58 64 0.06205
58 65 -0.09635
58 66 -0.0164
58 67 -0.01676
58 68 -0.06655
58 69 -0.06653
58 70 0.16763
58 71 0.17244
58 72 -0.02268
58 73 0.01516
58 74 0.09
58 75 0.02488
58 76 0.12578
58 77 -0.09025
58 78 -0.004
58 79 -0.03486
58 80 0.03596
58 81 0.07696
58 82 -0.11156
58 83 -0.1077
58 84 0.05093
58 85 0.00906
58 86 -0.03399
58 87 -0.09374
58 88 -0.06503
58 89 0.0853
58 90 -0.0542
58 91 0.07566
58 92 0.05486
58 93 0.11644
58 94 -0.05332
58 95 0.00981
58 96 0.01181
58 97 -0.03331
58 98 0.17119
58 99 0.0329
58 100 0.12539
58 101 -0.00347
58 102 0.14224
58 103 -0.00002
58 104 0.07754
58 105 0.06072
58 106 -0.11062
58 107 -0.07913
58 108 0.15587
58 109 0.07245
58 110 0.04874
58 111 -0.12118
58 112 -0.06724
58 113 0.14758
58 114 -0.10469
58 115 -0.05429
58 116 0.06976
58 117 -0.01999
58 118 0.00016
58 119 0.02368
58 120 -0.01738
58 121 0.00884
58 122 0.01481
58 123 -0.02665
58 124 0.02367
58 125 -0.00311
58 126 -0.05985
58 127 0.00153
58 128 -0.16136
58 129 -0.02681
58 130 -0.02742
58 131 -0.03482
58 132 -0.01899
58 133 0.08219
58 134 -0.09022
58 135 0.0766
58 136 0.07681
58 137 0.03985
58 138 0.0355
58 139 0.00776
58 140 0.0612
58 141 -0.00855
58 142 0.00857
58 143 -0.10892
58 144 0.01543
58 145 -0.01522
58 146 -0.10429
58 147 -0.20255
58 148 0.11644
58 149 0.01469
58 150 0.10506
58 151 -0.02994
58 152 0.12062
58 153 -0.00097
58 154 -0.15726
58 155 -0.02713
58 156 0.00697
58 157 0.01973
58 158 0.02903
58 159 -0.00204
58 160 -0.0011
58 161 0.1816
58 162 -0.0475
58 163 0.00543
58 164 -0.03941
58 165 0.01769
58 166 0.12401
58 167 0.13247
58 168 -0.03629
58 169 0.04779
58 170 -0.01145
58 171 0.03935
58 172 0.08098
58 173 0.00856
58 174 0.09609
58 175 -0.07083
58 176 -0.13439
58 177 -0.10904
58 178 -0.05451
58 179 -0.018
58 180 0.07054
58 181 0.01251
58 182 -0.00399
58 183 -0.00577
58 184 -0.02119
58 185 -0.02316
58 186 -0.11117
58 187 0.04542
58 188 -0.04435
58 189 0.044
58 190 -0.05219
58 191 0.09823
58 192 -0.00726
58 193 0.02453
58 194 -0.0319
58 195 0.08078
58 196 -0.07435
58 197 -0.06458
58 198 0.10838
58 199 -0.11412
59 60 -0.01802
59 61 -0.04087
59 62 0.0907
59 63 0.0478
59 64 -0.01839
59 65 -0.02414
59 66 -0.12214
59 67 0.03432
59 68 -0.03272
59 69 -0.01903
59 70 -0.02396
59 71 -0.08055
59 72 -0.03024
59 73 0.07079
59 74 -0.02777
59 75 0.01102
59 76 0.02315
59 77 -0.0009
59 78 0.13023
59 79 -0.04474
59 80 -0.03664
59 81 -0.03734
59 82 0.01186
59 83 -0.08667
59 84 -0.05229
59 85 0.04624
59 86 0.04667
59 87 -0.04588
59 88 -0.00779
59 89 0.15875
59 90 -0.00914
59 91 -0.01369
59 92 0.09654
59 93 0.05687
59 94 -0.07584
59 95 -0.01974
59 96 0.03397
59 97 0.03961
59 98 0.07946
59 99 -0.0145
59 100 0.0383
59 101 -0.04944
59 102 0.0061
59 103 0.14806
59 104 0.00971
59 105 -0.11414
59 106 -0.01431
59 107 0.01329
59 108 -0.03558
59 109 0.01479
59 110 0.08076
59 111 0.00783
59 112 -0.04561
59 113 0.01748
59 114 -0.03163
59 115 0.00202
59 116 -0.08402
59 117 0.1425
59 118 0.0211
59 119 -0.05042
59 120 0.02298
59 121 -0.04351
59 122 -0.05386
59 123 -0.06899
59 124 0.07409
59 125 0.01788
59 126 -0.03187
59 127 0.00447
59 128 -0.04092
59 129 -0.13104
59 130 -0.0295
59 131 -0.09126
59 132 0.1427
59 133 0.08406
59 134 0.0478
59 135 -0.04169
59 136 -0.10175
59 137 0.01926
59 138 0.04984
59 139 0.05725
59 140 -0.03617
59 141 -0.06555
59 142 0.05663
59 143 0.16656
59 144 -0.02679
59 145 -0.05136
59 146 0.09239
59 147 0.0829
59 148 0.00663
59 149 -0.01955
59 150 -0.05993
59 151 0.09982
59 152 0.02869
59 153 -0.08072
59 154 -0.01351
59 155 -0.09331
59 156 -0.03814
59 157 0.02493
59 158 -0.07343
59 159 -0.0472
59 160 0.14923
59 161 0.03578
59 162 -0.03253
59 163 0.03725
59 164 -0.00188
59 165 0.02549
59 166 -0.063
59 167 0.04761
59 168 -0.10575
59 169 0.01412
59 170 0.05772
59 171 0.03817
59 172 -0.00022
59 173 0.17343
59 174 -0.00552
59 175 -0.01397
59 176 0.03329
59 177 0.07162
59 178 0.00958
59 179 0.12887
59 180 -0.03952
59 181 -0.12442
59 182 0.12005
59 183 -0.00962
59 184 -0.01385
59 185 -0.05069
59 186 0.00515
59 187 0.02982
59 188 -0.01025
59 189 0.06973
59 190 0.14811
59 191 0.00127
59 192 0.01657
59 193 0.05001
59 194 -0.00768
59 195 0.03206
59 196 0.00067
59 197 -0.03728
59 198 -0.06124
59 199 0.03344
60 61 0.04919
60 62 0.10221
60 63 0.01925
60 64 0.05486
60 65 0.02286
60 66 -0.01382
60 67 -0.03211
60 68 -0.07457
60 69 0.00007
60 70 -0.02073
60 71 0.10013
60 72 0.0739
60 73 0.01858
60 74 -0.12278
60 75 -0.05449
60 76 0.04266
60 77 0.04885
60 78 -0.08607
60 79 -0.09552
60 80 -0.00676
60 81 0.05315
60 82 0.11283
60 83 -0.1106
60 84 -0.09651
60 85 0.09256
60 86 0.02547
60 87 0.02642
60 88 -0.11401
60 89 0.04209
60 90 -0.0186
60 91 -0.09395
60 92 -0.06345
60 93 -0.08805
60 94 -0.05826
60 95 0.07145
60 96 -0.1241
60 97 -0.02137
60 98 0.04015
60 99 0.0488
60 100 -0.09456
60 101 -0.13916
60 102 0.04794
60 103 -0.00414
60 104 0.11603
60 105 -0.02416
60 106 -0.07739
60 107 0.06645
60 108 0.04943
60 109 0.07508
60 110 0.03229
60 111 0.04763
60 112 0.02142
60 113 0.05866
60 114 0.07957
60 115 0.05721
60 116 0.10028
60 117 0.10333
60 118 -0.07073
60 119 -0.05865
60 120 0.00647
60 121 0.068
60 122 -0.03176
60 123 0.00214
60 124 -0.05899
60 125 -0.08015
60 126 0.0571
60 127 0.04749
60 128 0.02664
60 129 -0.15427
60 130 0.00836
60 131 -0.08234
60 132 -0.02064
60 133 -0.01133
60 134 -0.01547
60 135 -0.02469
60 136 -0.0975
60 137 0.03474
60 138 -0.02409
60 139 -0.02041
60 140 0.01264
60 141 0.09999
60 142 -0.01831
60 143 -0.06216
60 144 0.03186
60 145 -0.09067
60 146 0.04016
60 147 0.02615
60 148 0.08468
60 149 -0.05852
60 150 0.03001
60 151 -0.03762
60 152 -0.02315
60 153 0.05528
60 154 -0.07982
60 155 -0.09939
60 156 0.02669
60 157 -0.10798
60 158 -0.01339
60 159 -0.00692
60 160 -0.04456
60 161 0.07495
60 162 0.12087
60 163 0.13928
60 164 0.07013
60 165 -0.1109
60 166 0.07814
60 167 -0.06942
60 168 -0.06124
60 169 -0.08121
60 170 0.06967
60 171 -0.05685
60 172 -0.03439
60 173 0.0872
60 174 0.21107
60 175 -0.0902
60 176 0.00894
60 177 -0.06904
60 178 -0.03528
60 179 0.02567
60 180 -0.16378
60 181 -0.0517
60 182 0.02591
60 183 -0.0431
60 184 -0.06133
60 185 -0.10228
60 186 -0.1025
60 187 -0.00119
60 188 0.00988
60 189 -0.02764
60 190 -0.05865
60 191 -0.02466
60 192 -0.0438
60 193 -0.02271
60 194 0.02253
60 195 0.04093
60 196 0.00835
60 197 0.04897
60 198 0.01971
60 199 -0.03163
61 62 -0.1105
61 63 -0.00918
61 64 0.15952
61 65 0.00197
61 66 0.00717
61 67 0.15577
61 68 -0.00999
61 69 -0.08373
61 70 -0.1819
61 71 0.1222
61 72 -0.09671
61 73 0.05193
61 74 0.00092
61 75 -0.01866
61 76 0.02175
61 77 -0.02496
61 78 0.07335
61 79 -0.10302
61 80 -0.00329
61 81 0.1331
61 82 -0.02236
61 83 -0.02414
61 84 0.07307
61 85 0.05078
61 86 0.02265
61 87 0.074
61 88 -0.055
61 89 -0.05905
61 90 0.0449
61 91 0.0476
61 92 -0.02634
61 93 -0.11126
61 94 0.04794
61 95 -0.00665
61 96 -0.09184
61 97 -0.04951
61 98 -0.11476
61 99 0.1044
61 100 0.06225
61 101 -0.02376
61 102 -0.01418
61 103 0.02149
61 104 -0.12363
61 105 -0.10032
61 106 0.03358
61 107 -0.0303
61 108 -0.16091
61 109 -0.05716
61 110 -0.06245
61 111 0.00217
61 112 0.02244
61 113 0.05569
61 114 -0.0213
61 115 0.01085
61 116 0.00207
61 117 0.06105
61 118 0.16417
61 119 -0.1423
61 120 0.06698
61 121 0.05144
61 122 -0.06746
61 123 -0.05863
61 124 0.16312
61 125 0.02155
61 126 -0.07948
61 127 -0.03019
61 128 0.01968
61 129 0.09124
61 130 0.02609
61 131 -0.04866
61 132 0.09016
61 133 -0.03801
61 134 -0.07294
61 135 0.03638
61 136 0.01565
61 137 0.04706
61 138 0.05425
61 139 0.02172
61 140 0.00728
61 141 0.04473
61 142 0.0242
61 143 -0.00712
61 144 0.0562
61 145 0.01845
61 146 0.05726
61 147 -0.0907
61 148 -0.01477
61 149 0.09573
61 150 -0.07645
61 151 -0.01485
61 152 -0.04084
61 153 0.11927
61 154 0.15574
61 155 0.09428
61 156 0.05381
61 157 0.0525
61 158 0.0501
61 159 0.01005
61 160 -0.01526
61 161 0.03298
61 162 -0.08555
61 163 -0.06651
61 164 -0.12745
61 165 -0.09467
61 166 0.09525
61 167 0.02844
61 168 0.02007
61 169 -0.11175
61 170 -0.16411
61 171 0.01652
61 172 -0.01013
61 173 0.04181
61 174 0.13434
61 175 0.01999
61 176 0.06953
61 177 0.12443
61 178 -0.04415
61 179 -0.02287
61 180 -0.09832
61 181 0.0294
61 182 0.05631
61 183 0.07518
61 184 -0.03272
61 185 -0.18511
61 186 -0.08129
61 187 -0.04538
61 188 0.06739
61 189 -0.04188
61 190 -0.0557
61 191 -0.06909
61 192 0.02213
61 193 -0.06153
61 194 0.11506
61 195 0.06124
61 196 0.08401
61 197 -0.06139
61 198 -0.00688
61 199 0.01527
62 63 0.03338
62 64 -0.11327
62 65 -0.04204
62 66 -0.10844
62 67 0.03911
62 68 0.07117
62 69 -0.11429
62 70 -0.04676
62 71 0.01193
62 72 -0.09442
62 73 0.03794
62 74 0.00379
62 75 -0.06427
62 76 -0.06178
62 77 0.10271
62 78 0.16027
62 79 -0.05851
62 80 0.00708
62 81 -0.01244
62 82 0.03948
62 83 0.06333
62 84 -0.11647
62 85 -0.05092
62 86 0.04952
62 87 -0.05414
62 88 -0.01625
62 89 0.06788
62 90 0.01975
62 91 -0.07959
62 92 0.09351
62 93 -0.05795
62 94 -0.12178
62 95 0.02145
62 96 -0.04491
62 97 -0.0161
62 98 0.17799
62 99 0.00755
62 100 0.04625
62 101 -0.01822
62 102 -0.03089
62 103 -0.02033
62 104 0.05938
62 105 -0.04416
62 106 -0.10644
62 107 -0.03521
62 108 -0.12856
62 109 -0.02503
62 110 0.08864
62 111 0.03057
62 112 -0.10529
62 113 -0.04161
62 114 -0.07002
62 115 -0.13515
62 116 -0.18281
62 117 -0.06705
62 118 0.03143
62 119 -0.05639
62 120 0.00966
62 121 -0.00242
62 122 0.12882
62 123 -0.00767
62 124 0.0043
62 125 0.01331
62 126 0.00957
62 127 0.05039
62 128 -0.01236
62 129 -0.02018
62 130 0.07731
62 131 0.01304
62 132 -0.08223
62 133 -0.00375
62 134 -0.07869
62 135 -0.07655
62 136 -0.12154
62 137 0.05781
62 138 0.0998
62 139 0.23984
62 140 0.10478
62 141 0.00827
62 142 0.08089
62 143 0.12483
62 144 0.02717
62 145 0.03389
62 146 -0.04891
62 147 0.09281
62 148 -0.0059
62 149 0.17821
62 150 0.05263
62 151 0.12331
62 152 0.08702
62 153 0.08943
62 154 0.0352
62 155 0.00547
62 156 -0.03523
62 157 -0.01528
62 158 0.06678
62 159 -0.05565
62 160 0.04905
62 161 0.01059
62 162 -0.0628
62 163 -0.03779
62 164 -0.05917
62 165 0.00926
62 166 -0.00184
62 167 0.0269
62 168 0.19012
62 169 -0.10069
62 170 -0.07927
62 171 0.08065
62 172 -0.05914
62 173 0.07803
62 174 0.10998
62 175 0.06911
62 176 0.02173
62 177 -0.01726
62 178 -0.0745
62 179 0.1009
62 180 0.13676
62 181 -0.09238
62 182 -0.00416
62 183 -0.00039
62 184 -0.0744
62 185 0.07137
62 186 -0.01229
62 187 0.10209
62 188 -0.0452
62 189 0.07789
62 190 -0.02393
62 191 0.02827
62 192 -0.03293
62 193 0.09503
62 194 -0.14825
62 195 -0.0543
62 196 -0.04169
62 197 0.01588
62 198 -0.26727
62 199 -0.10444
63 64 0.10503
63 65 -0.07209
63 66 0.07351
63 67 -0.1437
63 68 0.00071
63 69 -0.08652
63 70 -0.01614
63 71 0.01459
63 72 0.10046
63 73 -0.03922
63 74 0.05521
63 75 0.11955
63 76 0.08604
63 77 0.0925
63 78 0.03112
63 79 -0.00463
63 80 -0.01027
63 81 0.00266
63 82 0.0459
63 83 0.04251
63 84 -0.00278
63 85 -0.09585
63 86 -0.06217
63 87 -0.14419
63 88 0.03266
63 89 -0.06507
63 90 0.07721
63 91 0.02436
63 92 0.01253
63 93 0.03016
63 94 -0.08746
63 95 0.00292
63 96 -0.03836
63 97 -0.04651
63 98 -0.0053
63 99 0.07324
63 100 0.01684
63 101 0.0316
63 102 -0.01679
63 103 -0.03754
63 104 -0.01474
63 105 -0.06472
63 106 0.03298
63 107 0.01566
63 108 -0.09834
63 109 -0.05958
63 110 0.01857
63 111 -0.05104
63 112 -0.08284
63 113 -0.08102
63 114 0.03482
63 115 0.00183
63 116 0.09354
63 117 -0.00085
63 118 0.01332
63 119 0.03085
63 120 -0.00844
63 121 0.04388
63 122 -0.08031
63 123 0.01467
63 124 -0.03808
63 125 -0.04921
63 126 -0.03279
63 127 -0.01733
63 128 0.1235
63 129 -0.06503
63 130 -0.05042
63 131 0.08532
63 132 -0.01444
63 133 -0.18318
63 134 0.01541
63 135 0.01344
63 136 0.06254
63 137 -0.00936
63 138 -0.06234
63 139 0.05693
63 140 -0.0481
63 141 0.24173
63 142 -0.08163
63 143 0.03883
63 144 0.0932
63 145 0.0452
63 146 0.01513
63 147 0.07167
63 148 -0.01129
63 149 0.10873
63 150 -0.06319
63 151 0.10836
63 152 -0.09895
63 153 -0.03123
63 154 -0.05767
63 155 -0.01131
63 156 -0.01932
63 157 0.02298
63 158 -0.02537
63 159 -0.07478
63 160 0.12603
63 161 -0.01387
63 162 -0.05582
63 163 0.0507
63 164 -0.05395
63 165 0.06727
63 166 0.06115
63 167 0.03426
63 168 0.01721
63 169 -0.0868
63 170 0.0502
63 171 0.08654
63 172 0.00243
63 173 -0.02074
63 174 -0.08826
63 175 -0.11958
63 176 0.01907
63 177 0.05946
63 178 -0.00133
63 179 0.06402
63 180 -0.0708
63 181 0.07867
63 182 -0.15058
63 183 0.09073
63 184 0.03291
63 185 -0.08087
63 186 -0.09562
63 187 -0.10812
63 188 0.01038
63 189 -0.06263
63 190 0.01658
63 191 -0.04692
63 192 0.13323
63 193 0.11289
63 194 0.07614
63 195 0.10168
63 196 0.05179
63 197 0.00323
63 198 0.03284
63 199 -0.05471
64 65 -0.03508
64 66 0.07266
64 67 -0.14196
64 68 -0.02192
64 69 -0.05528
64 70 0.0978
64 71 -0.01059
64 72 0.01782
64 73 0.05029
64 74 0.01029
64 75 0.11832
64 76 -0.00511
64 77 0.05369
64 78 -0.06539
64 79 0.09795
64 80 -0.03797
64 81 -0.04038
64 82 -0.11255
64 83 0.05342
64 84 0.04677
64 85 -0.05605
64 86 -0.03293
64 87 0.04551
64 88 -0.09786
64 89 -0.09083
64 90 -0.00107
64 91 0.01427
64 92 0.11901
64 93 -0.00649
64 94 0.07114
64 95 -0.07634
64 96 -0.04971
64 97 0.17123
64 98 -0.12512
64 99 -0.0006
64 100 -0.09491
64 101 -0.05822
64 102 -0.01362
64 103 -0.0279
64 104 0.00388
64 105 0.10325
64 106 0.01401
64 107 -0.10459
64 108 -0.01539
64 109 0.00555
64 110 0.20039
64 111 -0.12379
64 112 -0.053
64 113 -0.02025
64 114 0.09627
64 115 -0.05699
64 116 0.07653
64 117 -0.18394
64 118 -0.02111
64 119 0.0106
64 120 0.09109
64 121 -0.05707
64 122 0.08538
64 123 -0.07668
64 124 0.07797
64 125 -0.08236
64 126 0.01248
64 127 -0.01582
64 128 0.09971
64 129 -0.03706
64 130 -0.00029
64 131 0.09033
64 132 -0.02658
64 133 -0.08191
64 134 0.07297
64 135 -0.10765
64 136 -0.03165
64 137 0.0675
64 138 -0.05477
64 139 0.02756
64 140 0.01732
64 141 0.00512
64 142 0.05593
64 143 -0.04939
64 144 0.10117
64 145 -0.04833
64 146 -0.04138
64 147 0.00191
64 148 0.02042
64 149 -0.06711
64 150 0.13404
64 151 -0.02899
64 152 -0.13216
64 153 -0.09475
64 154 0.02266
64 155 -0.03187
64 156 0.04532
64 157 0.05691
64 158 -0.1121
64 159 0.01105
64 160 -0.1247
64 161 0.03276
64 162 -0.06041
64 163 0.07107
64 164 0.09285
64 165 -0.00015
64 166 -0.01219
64 167 -0.02628
64 168 0.19235
64 169 0.0111
64 170 0.15176
64 171 0.03656
64 172 -0.06582
64 173 -0.00591
64 174 -0.08609
64 175 0.0516
64 176 0.00217
64 177 0.00132
64 178 0.05228
64 179 0.03375
64 180 0.03742
64 181 -0.08569
64 182 0.0585
64 183 -0.05394
64 184 -0.00316
64 185 -0.01688
64 186 0.14501
64 187 -0.04268
64 188 -0.0748
64 189 -0.0793
64 190 0.10321
64 191 -0.03728
64 192 -0.09554
64 193 -0.09652
64 194 0.06594
64 195 0.01075
64 196 -0.08178
64 197 -0.00366
64 198 0.02492
64 199 -0.07695
65 66 -0.0864
65 67 0.00905
65 68 0.00453
65 69 -0.00279
65 70 -0.05291
65 71 -0.06364
65 72 -0.10372
65 73 -0.05548
65 74 -0.04495
65 75 0.08098
65 76 0.06176
65 77 -0.16094
65 78 -0.19116
65 79 0.11192
65 80 0.11101
65 81 0.05165
65 82 0.04125
65 83 0.03559
65 84 0.05966
65 85 0.10797
65 86 0.04062
65 87 0.00231
65 88 0.09589
65 89 -0.01985
65 90 -0.09067
65 91 -0.0247
65 92 -0.01218
65 93 0.06147
65 94 0.00478
65 95 0.05279
65 96 -0.09055
65 97 -0.00428
65 98 -0.02889
65 99 -0.03544
65 100 -0.1095
65 101 -0.1373
65 102 -0.06899
65 103 0.02969
65 104 -0.01308
65 105 -0.06964
65 106 -0.09841
65 107 0.05563
65 108 0.01249
65 109 0.10734
65 110 0.08328
65 111 0.0451
65 112 0.10084
65 113 0.07593
65 114 -0.02069
65 115 0.09116
65 116 0.08187
65 117 0.01789
65 118 0.10859
65 119 -0.0818
65 120 0.04748
65 121 -0.03375
65 122 -0.03056
65 123 -0.04172
65 124 -0.05021
65 125 0.06108
65 126 -0.03227
65 127 -0.06884
65 128 -0.04786
65 129 -0.14984
65 130 -0.02153
65 131 0.03306
65 132 -0.00232
65 133 -0.17972
65 134 -0.04314
65 135 0.04127
65 136 0.01355
65 137 -0.03006
65 138 -0.09918
65 139 -0.01437
65 140 -0.02147
65 141 -0.05555
65 142 -0.02819
65 143 0.02035
65 144 -0.00582
65 145 0.14238
65 146 0.18196
65 147 0.02226
65 148 0.03987
65 149 -0.07622
65 150 -0.03595
65 151 0.07068
65 152 -0.15965
65 153 -0.045
65 154 -0.04833
65 155 0.04872
65 156 0.02072
65 157 -0.02772
65 158 -0.03824
65 159 -0.06617
65 160 -0.08191
65 161 -0.05188
65 162 -0.03679
65 163 -0.02603
65 164 -0.02609
65 165 0.03871
65 166 0.01644
65 167 -0.02053
65 168 0.10698
65 169 -0.05523
65 170 -0.15643
65 171 0.08993
65 172 -0.06301
65 173 0.02877
65 174 0.05155
65 175 0.07413
65 176 -0.05837
65 177 -0.03372
65 178 0.02255
65 179 0.09453
65 180 -0.01834
65 181 -0.07897
65 182 0.11576
65 183 -0.09544
65 184 0.1006
65 185 -0.03305
65 186 -0.02767
65 187 0.00787
65 188 0.05822
65 189 0.02533
65 190 -0.04466
65 191 -0.04133
65 192 -0.04775
65 193 -0.05079
65 194 -0.12226
65 195 0.06939
65 196 0.09225
65 197 0.09256
65 198 -0.1152
65 199 0.04034
66 67 -0.06758
66 68 -0.05726
66 69 -0.01579
66 70 0.00439
66 71 -0.10783
66 72 -0.11472
66 73 0.0212
66 74 0.05357
66 75 0.04103
66 76 -0.01686
66 77 0.08104
66 78 -0.1303
66 79 -0.06865
66 80 -0.03525
66 81 0.05103
66 82 0.05415
66 83 -0.00291
66 84 0.05689
66 85 -0.0631
66 86 0.02361
66 87 0.03088
66 88 0.07026
66 89 -0.01485
66 90 0.03179
66 91 0.14672
66 92 0.09785
66 93 -0.01351
66 94 0.0125
66 95 -0.02378
66 96 -0.09117
66 97 0.05904
66 98 0.09042
66 99 0.05309
66 100 0.02792
66 101 0.00965
66 102 0.00492
66 103 0.04725
66 104 0.0942
66 105 0.08564
66 106 -0.14794
66 107 0.14289
66 108 0.18703
66 109 -0.04829
66 110 -0.07321
66 111 0.01072
66 112 0.0478
66 113 -0.08105
66 114 0.05132
66 115 -0.07741
66 116 0.02275
66 117 0.00895
66 118 0.09726
66 119 -0.00974
66 120 0.00257
66 121 -0.11173
66 122 -0.02039
66 123 0.05311
66 124 -0.07083
66 125 -0.11565
66 126 0.01952
66 127 0.05379
66 128 -0.03885
66 129 -0.09115
66 130 0.0643
66 131 -0.08135
66 132 0.04992
66 133 -0.18383
66 134 -0.00491
66 135 0.05933
66 136 -0.05527
66 137 0.05575
66 138 0.01595
66 139 -0.14153
66 140 -0.04688
66 141 -0.0248
66 142 0.07407
66 143 -0.10087
66 144 -0.00144
66 145 0.00187
66 146 -0.04952
66 147 -0.11361
66 148 0.00212
66 149 -0.02746
66 150 0.09337
66 151 -0.06769
66 152 -0.10701
66 153 -0.05257
66 154 -0.00104
66 155 -0.10384
66 156 -0.04787
66 157 -0.03502
66 158 -0.07983
66 159 -0.01473
66 160 -0.01153
66 161 0.05533
66 162 -0.01826
66 163 0.24189
66 164 -0.03846
66 165 -0.03841
66 166 0.14779
66 167 0.00751
66 168 0.04409
66 169 -0.01511
66 170 -0.08977
66 171 0.0069
66 172 0.00079
66 173 0.02214
66 174 -0.1677
66 175 0.11576
66 176 -0.07813
66 177 -0.01434
66 178 -0.02163
66 179 0.0507
66 180 0.0379
66 181 0.10125
66 182 -0.00321
66 183 0.04756
66 184 0.0942
66 185 -0.00391
66 186 0.04134
66 187 0.08082
66 188 0.02298
66 189 -0.08736
66 190 -0.0455
66 191 0.00923
66 192 -0.1083
66 193 -0.08274
66 194 -0.03395
66 195 0.00032
66 196 0.02183
66 197 -0.02715
66 198 -0.00419
66 199 -0.00511
67 68 -0.04587
67 69 0.07402
67 70 0.02545
67 71 -0.11534
67 72 -0.17059
67 73 -0.14678
67 74 -0.08398
67 75 -0.03204
67 76 -0.14035
67 77 0.12538
67 78 0.05688
67 79 -0.00819
67 80 0.08372
67 81 -0.0635
67 82 -0.03722
67 83 -0.05009
67 84 0.10481
67 85 0.08218
67 86 -0.03494
67 87 0.00981
67 88 -0.00918
67 89 0.1261
67 90 -0.03019
67 91 -0.06722
67 92 0.11851
67 93 0.0092
67 94 -0.05633
67 95 0.01928
67 96 -0.04834
67 97 -0.09659
67 98 -0.0241
67 99 -0.03193
67 100 0.04761
67 101 0.07016
67 102 0.14495
67 103 -0.09691
67 104 0.05469
67 105 -0.13326
67 106 0.11538
67 107 0.01575
67 108 0.05368
67 109 -0.01311
67 110 -0.04664
67 111 -0.03287
67 112 0.04334
67 113 0.11449
67 114 -0.07641
67 115 0.03842
67 116 0.0851
67 117 -0.08187
67 118 -0.09989
67 119 0.06782
67 120 0.04391
67 121 0.05864
67 122 0.03231
67 123 -0.14012
67 124 0.04526
67 125 -0.09806
67 126 0.05476
67 127 -0.00011
67 128 -0.00158
67 129 -0.10829
67 130 0.08853
67 131 -0.08204
67 132 0.01491
67 133 0.01613
67 134 0.06151
67 135 -0.02741
67 136 -0.04934
67 137 0.0737
67 138 -0.00038
67 139 0.03831
67 140 0.05675
67 141 -0.05015
67 142 -0.03784
67 143 -0.03206
67 144 -0.09658
67 145 -0.05851
67 146 -0.03742
67 147 -0.04673
67 148 0.07352
67 149 -0.1005
67 150 0.01155
67 151 -0.12464
67 152 -0.0149
67 153 0.00278
67 154 0.0725
67 155 0.07841
67 156 0.07253
67 157 0.05701
67 158 0.00246
67 159 -0.03382
67 160 0.04925
67 161 0.08655
67 162 0.04688
67 163 -0.00739
67 164 0.03793
67 165 -0.02222
67 166 0.04829
67 167 0.06758
67 168 -0.00555
67 169 0.00546
67 170 0.07474
67 171 -0.0725
67 172 0.04354
67 173 0.13034
67 174 -0.05658
67 175 -0.09304
67 176 0.03426
67 177 -0.00979
67 178 -0.01865
67 179 -0.11409
67 180 -0.0982
67 181 0.08219
67 182 0.01766
67 183 0.01434
67 184 0.12782
67 185 0.05003
67 186 0.17388
67 187 -0.0571
67 188 0.16814
67 189 -0.05692
67 190 -0.01065
67 191 -0.06686
67 192 -0.02432
67 193 0.04927
67 194 0.00635
67 195 0.01255
67 196 0.04416
67 197 -0.01628
67 198 -0.07692
67 199 -0.04389
68 69 -0.03088
68 70 -0.09608
68 71 -0.0043
68 72 0.00146
68 73 -0.10506
68 74 -0.01561
68 75 -0.02433
68 76 0.03825
68 77 0.09829
68 78 -0.01434
68 79 0.09096
68 80 0.01482
68 81 -0.10801
68 82 -0.09619
68 83 0.0606
68 84 0.02933
68 85 0.09988
68 86 -0.04573
68 87 -0.01979
68 88 -0.01668
68 89 -0.16471
68 90 -0.04337
68 91 -0.04567
68 92 0.04138
68 93 -0.03183
68 94 0.10853
68 95 0.00614
68 96 -0.08108
68 97 0.04024
68 98 -0.06601
68 99 0.14013
68 100 -0.02318
68 101 0.09829
68 102 0.12365
68 103 -0.17627
68 104 0.1488
68 105 0.03651
68 106 0.14183
68 107 0.12046
68 108 0.0254
68 109 0.02857
68 110 0.01297
68 111 -0.02343
68 112 0.11098
68 113 -0.09306
68 114 -0.07037
68 115 0.02674
68 116 -0.06076
68 117 -0.02604
68 118 0.09903
68 119 -0.0469
68 120 0.07426
68 121 -0.0165
68 122 -0.05418
68 123 -0.06556
68 124 -0.02598
68 125 0.02552
68 126 0.03886
68 127 -0.01603
68 128 -0.02482
68 129 0.02877
68 130 -0.03552
68 131 0.01254
68 132 0.17264
68 133 -0.10126
68 134 -0.11046
68 135 -0.03575
68 136 -0.10917
68 137 0.01663
68 138 -0.021
68 139 -0.02799
68 140 0.01783
68 141 -0.03559
68 142 -0.02764
68 143 -0.06325
68 144 -0.06837
68 145 -0.01796
68 146 -0.013
68 147 -0.12503
68 148 -0.09679
68 149 0.12856
68 150 -0.12247
68 151 -0.03945
68 152 -0.06986
68 153 0.02521
68 154 0.10104
68 155 0.1205
68 156 -0.05521
68 157 0.02399
68 158 -0.09791
68 159 -0.08625
68 160 -0.01971
68 161 0.08061
68 162 -0.01027
68 163 -0.0342
68 164 0.15923
68 165 0.07585
68 166 0.05533
68 167 -0.03163
68 168 -0.06412
68 169 -0.01211
68 170 -0.10718
68 171 0.01185
68 172 -0.10755
68 173 -0.03133
68 174 -0.1061
68 175 -0.09644
68 176 -0.16346
68 177 -0.01712
68 178 0.00797
68 179 0.03991
68 180 -0.0366
68 181 -0.11581
68 182 -0.06598
68 183 -0.03484
68 184 -0.0084
68 185 -0.01906
68 186 0.11333
68 187 0.13586
68 188 0.04509
68 189 -0.06354
68 190 0.07435
68 191 0.03052
68 192 0.00784
68 193 0.01986
68 194 -0.12957
68 195 0.04783
68 196 0.05812
68 197 -0.02315
68 198 0.03624
68 199 -0.00321
69 70 0.06179
69 71 0.04024
69 72 0.02393
69 73 0.02273
69 74 0.14584
69 75 -0.0459
69 76 -0.03816
69 77 -0.06346
69 78 0.00436
69 79 -0.03314
69 80 0.03683
69 81 -0.0571
69 82 -0.03114
69 83 0.03273
69 84 0.02445
69 85 0.101
69 86 0.0425
69 87 -0.02701
69 88 0.02234
69 89 0.02012
69 90 -0.01217
69 91 0.0074
69 92 0.01794
69 93 0.06923
69 94 -0.14836
69 95 -0.00362
69 96 -0.03496
69 97 -0.02382
69 98 0.00557
69 99 0.05786
69 100 0.13661
69 101 0.03154
69 102 -0.08547
69 103 0.05203
69 104 0.01316
69 105 0.03881
69 106 0.01848
69 107 -0.0192
69 108 -0.01165
69 109 0.02735
69 110 -0.04105
69 111 -0.02178
69 112 -0.0712
69 113 -0.09456
69 114 -0.10256
69 115 -0.06729
69 116 0.02812
69 117 -0.03705
69 118 0.01318
69 119 0.04189
69 120 -0.03673
69 121 -0.05558
69 122 0.0152
69 123 -0.04278
69 124 0.01556
69 125 0.02871
69 126 -0.01371
69 127 -0.19077
69 128 -0.05121
69 129 0.06394
69 130 -0.14521
69 131 0.00576
69 132 0.13033
69 133 0.01633
69 134 0.03976
69 135 -0.04752
69 136 0.04319
69 137 0.09166
69 138 -0.08177
69 139 -0.01947
69 140 0.01945
69 141 -0.03074
69 142 -0.00419
69 143 -0.03617
69 144 -0.15098
69 145 -0.057
69 146 0.01609
69 147 0.01653
69 148 -0.08681
69 149 0.05615
69 150 0.04845
69 151 -0.13729
69 152 0.12429
69 153 0.0069
69 154 0.0132
69 155 0.04589
69 156 0.01191
69 157 0.12602
69 158 -0.07333
69 159 -0.0569
69 160 -0.01064
69 161 -0.08036
69 162 -0.03657
69 163 0.12401
69 164 0.0772
69 165 0.04391
69 166 -0.1004
69 167 -0.10265
69 168 0.11148
69 169 -0.04448
69 170 0.04965
69 171 -0.02394
69 172 -0.02596
69 173 0.0262
69 174 0.02175
69 175 -0.02387
69 176 0.12266
69 177 -0.04297
69 178 -0.01387
69 179 -0.04234
69 180 -0.00247
69 181 0.1483
69 182 0.05522
69 183 0.02717
69 184 0.00837
69 185 0.18347
69 186 -0.09954
69 187 0.02834
69 188 0.10484
69 189 -0.0046
69 190 0.10596
69 191 -0.03727
69 192 0.10875
69 193 -0.06259
69 194 -0.0429
69 195 0.05565
69 196 -0.07924
69 197 -0.04716
69 198 0.05389
69 199 0.06214
70 71 -0.01954
70 72 0.10276
70 73 0.06692
70 74 -0.02869
70 75 -0.08512
70 76 -0.03454
70 77 -0.09495
70 78 0.08915
70 79 0.0772
70 80 -0.03499
70 81 -0.0424
70 82 0.04579
70 83 -0.03548
70 84 -0.05989
70 85 0.02355
70 86 0.07496
70 87 0.05572
70 88 0.09864
70 89 -0.06929
70 90 -0.00758
70 91 0.05618
70 92 -0.01328
70 93 -0.12311
70 94 0.00303
70 95 -0.07624
70 96 0.13873
70 97 -0.15223
70 98 0.00142
70 99 -0.04443
70 100 -0.00871
70 101 0.04005
70 102 0.01904
70 103 -0.00923
70 104 0.0034
70 105 0.02634
70 106 -0.09198
70 107 0.03226
70 108 0.06221
70 109 0.01389
70 110 0.03907
70 111 0.00267
70 112 -0.04742
70 113 0.0044
70 114 0.02663
70 115 -0.05929
70 116 -0.12282
70 117 0.04297
70 118 -0.01765
70 119 0.02344
70 120 0.05455
70 121 -0.03766
70 122 0.00246
70 123 -0.13087
70 124 0.12005
70 125 0.03866
70 126 -0.02632
70 127 -0.05462
70 128 0.02237
70 129 -0.00923
70 130 -0.01534
70 131 -0.05238
70 132 -0.06678
70 133 -0.1377
70 134 -0.02458
70 135 -0.07552
70 136 0.06179
70 137 0.0143
70 138 -0.05039
70 139 0.11615
70 140 -0.01493
70 141 0.06551
70 142 -0.02391
70 143 0.00498
70 144 -0.0997
70 145 0.09506
70 146 0.01748
70 147 0.05367
70 148 0.01833
70 149 -0.03383
70 150 0.04664
70 151 -0.11339
70 152 -0.02835
70 153 0.05661
70 154 -0.00101
70 155 0.04516
70 156 0.06893
70 157 -0.072
70 158 -0.04146
70 159 0.13244
70 160 -0.0447
70 161 0.0348
70 162 -0.01555
70 163 -0.04379
70 164 0.057
70 165 0.06672
70 166 0.06854
70 167 -0.08655
70 168 -0.03752
70 169 -0.00533
70 170 -0.01984
70 171 0.15638
70 172 -0.01944
70 173 -0.01882
70 174 -0.07072
70 175 0.11094
70 176 0.01543
70 177 0.114
70 178 -0.01634
70 179 0.18068
70 180 0.08465
70 181 0.06604
70 182 -0.00231
70 183 0.04095
70 184 0.01753
70 185 0.01362
70 186 0.03401
70 187 0.05464
70 188 0.03363
70 189 0.06238
70 190 0.04454
70 191 0.31925
70 192 -0.03632
70 193 -0.02187
70 194 -0.04988
70 195 -0.01517
70 196 -0.0749
70 197 -0.00183
70 198 -0.00404
70 199 -0.05167
71 72 -0.03267
71 73 -0.08985
71 74 -0.09516
71 75 -0.04565
71 76 -0.04857
71 77 0.02904
71 78 -0.07259
71 79 0.03566
71 80 -0.0061
71 81 -0.11591
71 82 0.04884
71 83 0.01856
71 84 -0.02505
71 85 0.06117
71 86 0.02479
71 87 -0.05615
71 88 -0.18196
71 89 0.08893
71 90 -0.0614
71 91 -0.00872
71 92 0.09023
71 93 0.00285
71 94 -0.18087
71 95 -0.05235
71 96 0.0476
71 97 0.0475
71 98 0.04185
71 99 -0.04413
71 100 -0.02746
71 101 -0.0586
71 102 0.05745
71 103 -0.06582
71 104 -0.01896
71 105 -0.03063
71 106 -0.1007
71 107 -0.0085
71 108 -0.03028
71 109 0.04
71 110 -0.00786
71 111 -0.11275
71 112 -0.03749
71 113 -0.10525
71 114 0.03924
71 115 -0.01737
71 116 0.01168
71 117 0.04359
71 118 -0.00718
71 119 0.00777
71 120 -0.00119
71 121 0.0685
71 122 0.05278
71 123 -0.02559
71 124 -0.02019
71 125 -0.0483
71 126 0.00033
71 127 -0.09943
71 128 0.06232
71 129 -0.06097
71 130 0.08549
71 131 0.0733
71 132 0.00347
71 133 0.18684
71 134 -0.01571
71 135 0.05791
71 136 -0.02051
71 137 0.00222
71 138 0.06158
71 139 -0.01925
71 140 0.06845
71 141 -0.11117
71 142 -0.07958
71 143 -0.01428
71 144 0.05989
71 145 -0.0446
71 146 -0.07216
71 147 -0.00367
71 148 0.11891
71 149 -0.10844
71 150 0.11547
71 151 0.02
71 152 -0.07722
71 153 -0.0673
71 154 -0.04166
71 155 0.00514
71 156 -0.1028
71 157 0.06524
71 158 0.0083
71 159 0.06283
71 160 -0.04921
71 161 0.06295
71 162 0.01152
71 163 -0.07888
71 164 -0.00179
71 165 0.09284
71 166 -0.07762
71 167 0.02739
71 168 0.03008
71 169 -0.06739
71 170 -0.03328
71 171 0.00854
71 172 0.10222
71 173 -0.00208
71 174 -0.0847
71 175 -0.07756
71 176 0.08441
71 177 0.07968
71 178 -0.12882
71 179 -0.01066
71 180 0.09698
71 181 -0.06261
71 182 0.01521
71 183 -0.07507
71 184 -0.00719
71 185 -0.09482
71 186 -0.07765
71 187 0.02159
71 188 -0.00489
71 189 -0.1165
71 190 0.09074
71 191 0.07084
71 192 0.04086
71 193 -0.04763
71 194 0.02689
71 195 0.01891
71 196 -0.00252
71 197 0.00574
71 198 0.09407
71 199 -0.02056
72 73 0.10844
72 74 0.03502
72 75 0.03384
72 76 0.0285
72 77 -0.05657
72 78 0.00155
72 79 -0.00187
72 80 -0.01958
72 81 -0.08754
72 82 0.00137
72 83 0.01508
72 84 0.08813
72 85 0.06215
72 86 0.00768
72 87 -0.05093
72 88 0.00938
72 89 -0.06806
72 90 -0.09835
72 91 0.10027
72 92 0.14618
72 93 0.03506
72 94 0.01557
72 95 -0.06606
72 96 -0.07485
72 97 0.07753
72 98 0.16725
72 99 -0.02703
72 100 0.0783
72 101 -0.06963
72 102 0.0194
72 103 -0.05904
72 104 -0.04935
72 105 0.00541
72 106 0.12595
72 107 -0.0943
72 108 -0.05064
72 109 -0.11727
72 110 0.0912
72 111 0.07013
72 112 -0.12411
72 113 -0.00538
72 114 -0.01829
72 115 0.01308
72 116 -0.02026
72 117 -0.07306
72 118 0.01617
72 119 0.01078
72 120 0.11281
72 121 0.05759
72 122 -0.04791
72 123 0.06176
72 124 -0.12043
72 125 0.04396
72 126 -0.07109
72 127 -0.10714
72 128 0.0953
72 129 0.03737
72 130 0.05086
72 131 0.06498
72 132 -0.07497
72 133 -0.01649
72 134 -0.07665
72 135 -0.0196
72 136 -0.07183
72 137 -0.01952
72 138 0.03931
72 139 0.09078
72 140 0.00628
72 141 -0.10029
72 142 -0.06167
72 143 -0.00809
72 144 0.13743
72 145 0.02282
72 146 -0.0105
72 147 -0.11188
72 148 0.09314
72 149 -0.04206
72 150 -0.05083
72 151 0.13451
72 152 0.01805
72 153 0.0444
72 154 -0.02704
72 155 0.03411
72 156 -0.19891
72 157 -0.00571
72 158 0.01656
72 159 0.14409
72 160 -0.0364
72 161 -0.05262
72 162 0.02258
72 163 0.0881
72 164 -0.03363
72 165 -0.00139
72 166 0.06031
72 167 0.01513
72 168 -0.15111
72 169 -0.08235
72 170 0.0695
72 171 0.03984
72 172 -0.08984
72 173 0.05657
72 174 -0.07665
72 175 -0.13915
72 176 -0.0503
72 177 0.09357
72 178 0.04534
72 179 -0.12567
72 180 0.09872
72 181 0.08881
72 182 0.0063
72 183 0.07417
72 184 -0.00153
72 185 -0.0833
72 186 -0.01409
72 187 0.08196
72 188 -0.08659
72 189 0.01298
72 190 -0.09054
72 191 -0.08266
72 192 -0.11181
72 193 -0.15846
72 194 -0.04336
72 195 -0.02098
72 196 0.10948
72 197 -0.0152
72 198 -0.06275
72 199 0.0527
73 74 -0.04535
73 75 0.10914
73 76 0.05424
73 77 -0.05757
73 78 -0.04316
73 79 0.02288
73 80 0.07968
73 81 0.09426
73 82 -0.02623
73 83 0.08342
73 84 -0.05667
73 85 -0.02045
73 86 0.02368
73 87 -0.07587
73 88 0.17132
73 89 0.04257
73 90 -0.0308
73 91 0.16499
73 92 -0.03687
73 93 0.0944
73 94 0.05018
73 95 -0.04279
73 96 0.04341
73 97 -0.11178
73 98 -0.02223
73 99 0.0928
73 100 0.01448
73 101 -0.02431
73 102 0.05682
73 103 -0.11691
73 104 -0.0468
73 105 0.15664
73 106 0.00706
73 107 0.07826
73 108 0.00266
73 109 0.13533
73 110 -0.03805
73 111 0.04194
73 112 0.02859
73 113 0.01294
73 114 0.03304
73 115 0.04878
73 116 0.08463
73 117 -0.06997
73 118 0.04616
73 119 0.08602
73 120 -0.08143
73 121 -0.02379
73 122 -0.04884
73 123 0.03912
73 124 -0.06399
73 125 -0.01418
73 126 0.07093
73 127 -0.01928
73 128 0.09772
73 129 -0.00616
73 130 -0.05989
73 131 -0.08423
73 132 -0.08243
73 133 -0.00173
73 134 -0.03597
73 135 0.04817
73 136 0.00818
73 137 0.00596
73 138 0.04138
73 139 -0.01575
73 140 0.04284
73 141 -0.04394
73 142 -0.01162
73 143 0.09141
73 144 -0.05883
73 145 -0.04603
73 146 -0.03942
73 147 0.02593
73 148 0.08633
73 149 0.08926
73 150 -0.03674
73 151 0.01288
73 152 -0.0062
73 153 0.05466
73 154 0.0303
73 155 -0.02472
73 156 -0.02878
73 157 -0.10312
73 158 -0.00106
73 159 0.07677
73 160 0.03079
73 161 0.19628
73 162 -0.04666
73 163 0.07743
73 164 0.00782
73 165 0.18508
73 166 -0.18331
73 167 -0.12003
73 168 -0.03263
73 169 -0.021
73 170 -0.06428
73 171 0.10684
73 172 -0.04976
73 173 -0.0596
73 174 0.11465
73 175 -0.07643
73 176 0.02241
73 177 -0.00582
73 178 0.08886
73 179 0.03783
73 180 0.05765
73 181 -0.09944
73 182 0.07386
73 183 -0.03149
73 184 0.02437
73 185 -0.04446
73 186 0.09975
73 187 -0.09408
73 188 -0.14077
73 189 0.02757
73 190 0.04366
73 191 -0.0831
73 192 0.09764
73 193 -0.03166
73 194 -0.04098
73 195 -0.00581
73 196 -0.13074
73 197 0.159
73 198 0.0278
73 199 -0.09735
74 75 -0.02768
74 76 -0.08834
74 77 -0.06028
74 78 0.02624
74 79 0.12078
74 80 0.03116
74 81 -0.09831
74 82 0.06197
74 83 -0.04427
74 84 -0.0234
74 85 0.06218
74 86 -0.03838
74 87 0.05478
74 88 -0.1674
74 89 -0.07822
74 90 0.0626
74 91 -0.00323
74 92 0.20227
74 93 0.04115
74 94 0.02429
74 95 0.11906
74 96 0.1007
74 97 -0.09098
74 98 -0.02568
74 99 -0.0679
74 100 0.00562
74 101 0.062
74 102 -0.0627
74 103 0.08381
74 104 -0.05726
74 105 0.05598
74 106 -0.03514
74 107 -0.00089
74 108 0.01534
74 109 -0.13425
74 110 -0.03448
74 111 0.01694
74 112 -0.01576
74 113 -0.08483
74 114 0.15512
74 115 -0.00118
74 116 0.04922
74 117 -0.14888
74 118 0.01143
74 119 0.07865
74 120 0.02088
74 121 -0.19831
74 122 -0.00905
74 123 -0.0406
74 124 -0.03968
74 125 -0.08608
74 126 -0.04698
74 127 0.00978
74 128 0.00828
74 129 0.06551
74 130 0.03778
74 131 0.02495
74 132 -0.01307
74 133 -0.02889
74 134 0.06605
74 135 0.08657
74 136 -0.09325
74 137 -0.08676
74 138 -0.08298
74 139 -0.1089
74 140 0.02805
74 141 -0.07546
74 142 0.01916
74 143 0.16152
74 144 -0.06265
74 145 -0.00125
74 146 -0.08708
74 147 -0.03942
74 148 0.02047
74 149 -0.04055
74 150 -0.04166
74 151 -0.01549
74 152 -0.04491
74 153 0.00348
74 154 -0.09357
74 155 0.08028
74 156 0.04101
74 157 -0.12392
74 158 -0.02023
74 159 -0.03928
74 160 0.01015
74 161 -0.0157
74 162 -0.04824
74 163 -0.06432
74 164 -0.03803
74 165 -0.07629
74 166 -0.04682
74 167 0.05417
74 168 0.03468
74 169 0.02626
74 170 -0.1235
74 171 0.01495
74 172 0.01471
74 173 -0.00675
74 174 0.10844
74 175 -0.01899
74 176 -0.09782
74 177 -0.09038
74 178 -0.05113
74 179 -0.16186
74 180 0.08092
74 181 -0.03103
74 182 -0.07183
74 183 -0.02807
74 184 -0.07352
74 185 0.03318
74 186 -0.01029
74 187 0.01445
74 188 -0.03165
74 189 -0.07922
74 190 0.13291
74 191 0.00189
74 192 -0.03003
74 193 -0.12538
74 194 0.02494
74 195 0.10075
74 196 0.01761
74 197 -0.04207
74 198 0.09318
74 199 0.08435
75 76 -0.05794
75 77 0.07368
75 78 0.02438
75 79 0.01649
75 80 0.02108
75 81 -0.00444
75 82 0.04272
75 83 0.10793
75 84 -0.02357
75 85 0.00353
75 86 -0.1246
75 87 0.05248
75 88 -0.04008
75 89 -0.0143
75 90 0.0967
75 91 -0.03246
75 92 -0.03086
75 93 0.00776
75 94 -0.0526
75 95 0.03477
75 96 0.07194
75 97 -0.01748
75 98 -0.02453
75 99 -0.0238
75 100 0.06116
75 101 0.07921
75 102 -0.05918
75 103 -0.12788
75 104 0.11494
75 105 -0.03843
75 106 -0.00151
75 107 -0.14881
75 108 -0.00634
75 109 -0.03829
75 110 0.03214
75 111 0.02223
75 112 -0.05131
75 113 -0.08853
75 114 0.06832
75 115 0.08579
75 116 0.0156
75 117 0.039
75 118 0.01764
75 119 0.06215
75 120 -0.14761
75 121 0.0425
75 122 0.00883
75 123 -0.08471
75 124 -0.02246
75 125 -0.06446
75 126 -0.01379
75 127 0.08973
75 128 -0.00495
75 129 -0.01978
75 130 -0.06268
75 131 0.08456
75 132 -0.01504
75 133 -0.01956
75 134 -0.05971
75 135 -0.02853
75 136 -0.07967
75 137 0.02698
75 138 0.03355
75 139 0.14776
75 140 0.10305
75 141 0.05822
75 142 -0.16832
75 143 -0.07377
75 144 -0.03261
75 145 -0.08397
75 146 -0.12855
75 147 -0.02533
75 148 0.11759
75 149 0.0507
75 150 -0.07092
75 151 -0.09706
75 152 0.01176
75 153 0.03894
75 154 -0.02723
75 155 0.00881
75 156 -0.05374
75 157 -0.03672
75 158 0.11812
75 159 0.07705
75 160 -0.02164
75 161 -0.01853
75 162 0.06578
75 163 0.02597
75 164 -0.05284
75 165 0.00868
75 166 0.09096
75 167 0.05262
75 168 0.0354
75 169 0.04023
75 170 0.09975
75 171 0.05162
75 172 0.02616
75 173 0.05753
75 174 0.03173
75 175 0.0962
75 176 -0.09608
75 177 -0.10218
75 178 -0.02875
75 179 -0.15789
75 180 0.08531
75 181 0.14231
75 182 -0.02038
75 183 0.00148
75 184 -0.08217
75 185 -0.06197
75 186 0.03336
75 187 -0.07593
75 188 -0.02404
75 189 -0.05897
75 190 0.03542
75 191 0.02045
75 192 -0.11678
75 193 0.06079
75 194 -0.15191
75 195 -0.00045
75 196 0.05484
75 197 -0.06985
75 198 0.04054
75 199 -0.06006
76 77 -0.02493
76 78 -0.01268
76 79 -0.10132
76 80 0.09498
76 81 0.05277
76 82 -0.0078
76 83 0.06169
76 84 0.1051
76 85 -0.04929
76 86 -0.04916
76 87 0.03834
76 88 -0.08051
76 89 0.12316
76 90 0.01153
76 91 -0.11885
76 92 0.03012
76 93 0.12919
76 94 -0.11347
76 95 0.07152
76 96 0.04023
76 97 -0.05001
76 98 0.09682
76 99 -0.00865
76 100 -0.13942
76 101 -0.16585
76 102 0.00223
76 103 -0.09968
76 104 0.1404
76 105 -0.10809
76 106 -0.13022
76 107 0.10067
76 108 0.10515
76 109 -0.11339
76 110 0.10374
76 111 0.02358
76 112 -0.05222
76 113 0.1135
76 114 0.14847
76 115 -0.06961
76 116 0.01663
76 117 0.00233
76 118 -0.04181
76 119 -0.11041
76 120 -0.05107
76 121 0.01701
76 122 -0.08286
76 123 0.0225
76 124 -0.06727
76 125 0.05461
76 126 -0.00978
76 127 -0.01326
76 128 0.04531
76 129 0.08324
76 130 -0.02713
76 131 -0.08643
76 132 -0.01274
76 133 -0.02057
76 134 -0.05184
76 135 0.01955
76 136 -0.0183
76 137 -0.08377
76 138 -0.03528
76 139 -0.02058
76 140 0.01126
76 141 0.00294
76 142 0.02592
76 143 -0.09449
76 144 0.02235
76 145 0.0047
76 146 -0.08853
76 147 -0.03008
76 148 -0.0622
76 149 0.05213
76 150 -0.08267
76 151 0.04857
76 152 0.05687
76 153 -0.0351
76 154 0.03425
76 155 -0.01215
76 156 -0.00184
76 157 0.06195
76 158 0.03338
76 159 0.01993
76 160 0.04174
76 161 0.19382
76 162 0.02033
76 163 0.00541
76 164 0.00759
76 165 -0.05806
76 166 0.03904
76 167 0.09023
76 168 0.08472
76 169 0.09173
76 170 0.00119
76 171 -0.0097
76 172 -0.05526
76 173 0.01097
76 174 0.10939
76 175 -0.11048
76 176 -0.12915
76 177 0.05233
76 178 0.03874
76 179 0.03107
76 180 -0.05506
76 181 0.01835
76 182 0.11336
76 183 0.09519
76 184 -0.03183
76 185 -0.0729
76 186 0.0107
76 187 -0.08924
76 188 -0.02682
76 189 -0.03232
76 190 0.01308
76 191 -0.13404
76 192 0.08234
76 193 -0.03587
76 194 -0.06166
76 195 0.12877
76 196 -0.07135
76 197 0.12799
76 198 -0.01504
76 199 -0.03224
77 78 0.10658
77 79 0.06779
77 80 0.10887
77 81 -0.00606
77 82 -0.01866
77 83 -0.00984
77 84 -0.02286
77 85 0.09299
77 86 -0.04786
77 87 -0.03124
77 88 -0.05934
77 89 0.01467
77 90 -0.00931
77 91 -0.07366
77 92 0.06422
77 93 -0.00507
77 94 0.17777
77 95 -0.04157
77 96 0.05014
77 97 -0.01249
77 98 -0.09033
77 99 0.0638
77 100 -0.04486
77 101 0.02906
77 102 -0.03891
77 103 -0.01356
77 104 0.04445
77 105 -0.12239
77 106 -0.06496
77 107 0.0592
77 108 0.00858
77 109 -0.02223
77 110 -0.03447
77 111 0.03033
77 112 -0.06206
77 113 -0.00439
77 114 0.00798
77 115 0.07391
77 116 0.02627
77 117 -0.06971
77 118 -0.01718
77 119 0.09225
77 120 -0.02516
77 121 0.04196
77 122 -0.03849
77 123 0.03357
77 124 -0.0196
77 125 0.04264
77 126 -0.05697
77 127 -0.00958
77 128 0.09272
77 129 -0.01291
77 130 0.0908
77 131 -0.09823
77 132 0.05023
77 133 0.07592
77 134 -0.10694
77 135 -0.01014
77 136 0.06416
77 137 0.0221
77 138 0.09766
77 139 -0.02228
77 140 0.00291
77 141 0.09295
77 142 0.0218
77 143 -0.10704
77 144 0.08257
77 145 0.08318
77 146 -0.04782
77 147 -0.08696
77 148 -0.05569
77 149 0.0293
77 150 0.07922
77 151 0.00201
77 152 -0.00442
77 153 0.09316
77 154 0.07317
77 155 -0.02602
77 156 -0.03094
77 157 0.02747
77 158 0.02619
77 159 -0.05424
77 160 0.12725
77 161 0.12983
77 162 -0.04527
77 163 -0.04591
77 164 -0.16191
77 165 0.05814
77 166 -0.08079
77 167 0.11845
77 168 -0.02821
77 169 0.00709
77 170 -0.01378
77 171 -0.01326
77 172 0.02522
77 173 -0.03393
77 174 0.17543
77 175 -0.06584
77 176 -0.04288
77 177 -0.04624
77 178 -0.01938
77 179 0.04874
77 180 0.04127
77 181 0.05246
77 182 -0.05827
77 183 0.05176
77 184 0.07743
77 185 -0.1255
77 186 -0.01438
77 187 -0.11112
77 188 0.01871
77 189 -0.06127
77 190 -0.02091
77 191 -0.13344
77 192 -0.02756
77 193 0.208
77 194 -0.07691
77 195 0.07186
77 196 -0.04103
77 197 0.05049
77 198 0.02323
77 199 -0.15888
78 79 0.05503
78 80 0.08952
78 81 -0.01004
78 82 0.09284
78 83 0.00846
78 84 -0.03748
78 85 -0.01467
78 86 0.05731
78 87 -0.04783
78 88 -0.04506
78 89 0.05353
78 90 0.01353
78 91 0.00869
78 92 -0.03112
78 93 0.11618
78 94 -0.0624
78 95 0.10582
78 96 -0.0018
78 97 -0.04623
78 98 -0.02031
78 99 0.01177
78 100 -0.14735
78 101 -0.00785
78 102 0.07841
78 103 0.082
78 104 0.06349
78 105 0.0147
78 106 0.03736
78 107 0.05432
78 108 0.08087
78 109 -0.10451
78 110 0.03898
78 111 -0.10763
78 112 0.08375
78 113 0.04325
78 114 0.07732
78 115 -0.10704
78 116 -0.12939
78 117 0.01728
78 118 0.00933
78 119 0.06548
78 120 -0.00997
78 121 -0.02283
78 122 -0.03672
78 123 -0.0328
78 124 -0.12036
78 125 0.02114
78 126 -0.01738
78 127 0.03872
78 128 0.05684
78 129 0.02258
78 130 0.0912
78 131 0.01969
78 132 0.06885
78 133 0.09693
78 134 0.06491
78 135 -0.01535
78 136 -0.10064
78 137 0.04321
78 138 0.08151
78 139 -0.0219
78 140 0.00448
78 141 0.08159
78 142 0.05902
78 143 -0.02956
78 144 -0.08711
78 145 -0.12989
78 146 -0.0351
78 147 0.09485
78 148 0.00153
78 149 0.04349
78 150 0.07771
78 151 -0.01597
78 152 -0.0119
78 153 -0.07971
78 154 -0.07876
78 155 0.02617
78 156 -0.01776
78 157 -0.03587
78 158 0.03777
78 159 -0.08068
78 160 -0.03623
78 161 -0.06881
78 162 0.09229
78 163 0.01775
78 164 0.0504
78 165 -0.04318
78 166 -0.07052
78 167 -0.06186
78 168 0.13052
78 169 0.10262
78 170 -0.0739
78 171 0.0532
78 172 0.00601
78 173 -0.0203
78 174 0.08359
78 175 -0.01964
78 176 0.07646
78 177 0.01297
78 178 0.03346
78 179 0.02756
78 180 0.03756
78 181 0.02765
78 182 0.05071
78 183 0.00585
78 184 -0.05332
78 185 -0.08158
78 186 0.0103
78 187 0.03093
78 188 -0.01404
78 189 -0.07373
78 190 -0.12927
78 191 -0.10358
78 192 0.00724
78 193 0.01787
78 194 -0.07445
78 195 0.0422
78 196 -0.03092
78 197 0.03186
78 198 -0.06745
78 199 0.09784
79 80 -0.13389
79 81 -0.02458
79 82 0.03715
79 83 0.02771
79 84 0.08426
79 85 0.017
79 86 0.09059
79 87 0.02238
79 88 -0.03798
79 89 -0.04354
79 90 -0.0739
79 91 -0.04918
79 92 -0.01417
79 93 -0.0767
79 94 -0.11168
79 95 -0.04463
79 96 -0.10414
79 97 0.0238
79 98 -0.09201
79 99 -0.05647
79 100 0.01504
79 101 0.09265
79 102 -0.02242
79 103 0.12988
79 104 0.06654
79 105 0.05767
79 106 0.02651
79 107 -0.07276
79 108 0.12965
79 109 -0.00876
79 110 0.04909
79 111 -0.1553
79 112 0.04321
79 113 -0.00715
79 114 -0.01799
79 115 -0.07701
79 116 0.14168
79 117 -0.05835
79 118 0.01297
79 119 -0.02366
79 120 0.01739
79 121 -0.06927
79 122 0.06606
79 123 0.01304
79 124 -0.09356
79 125 0.11084
79 126 0.14145
79 127 0.06594
79 128 -0.14264
79 129 0.04083
79 130 0.14141
79 131 0.05516
79 132 -0.02018
79 133 0.02825
79 134 0.0034
79 135 0.15633
79 136 0.06048
79 137 -0.00547
79 138 -0.05931
79 139 -0.01723
79 140 0.05855
79 141 0.07502
79 142 0.04274
79 143 -0.11526
79 144 0.03194
79 145 -0.03556
79 146 0.05309
79 147 -0.02979
79 148 -0.08656
79 149 0.11637
79 150 0.0018
79 151 -0.0765
79 152 -0.07222
79 153 0.04219
79 154 0.03683
79 155 0.13356
79 156 -0.03501
79 157 -0.01599
79 158 -0.15681
79 159 -0.02105
79 160 0.00547
79 161 0.01164
79 162 -0.18288
79 163 -0.05254
79 164 -0.01124
79 165 0.0757
79 166 0.02434
79 167 -0.06862
79 168 -0.06068
79 169 0.09793
79 170 0.00281
79 171 0.0704
79 172 0.12146
79 173 -0.04168
79 174 0.11184
79 175 -0.0593
79 176 0.01886
79 177 0.16713
79 178 -0.01892
79 179 -0.04624
79 180 -0.06194
79 181 0.04436
79 182 0.05946
79 183 0.04372
79 184 -0.02332
79 185 -0.15585
79 186 -0.0104
79 187 -0.04615
79 188 0.10907
79 189 0.06105
79 190 0.01567
79 191 -0.07449
79 192 -0.01081
79 193 -0.00001
79 194 0.10188
79 195 -0.16479
79 196 0.04295
79 197 -0.19464
79 198 0.08191
79 199 -0.05444
80 81 -0.04146
80 82 0.10289
80 83 -0.04077
80 84 -0.10654
80 85 0.00205
80 86 0.01453
80 87 -0.05195
80 88 0.09179
80 89 -0.0349
80 90 -0.01004
80 91 0.07402
80 92 -0.01712
80 93 -0.11467
80 94 -0.03843
80 95 -0.02803
80 96 0.04266
80 97 0.05395
80 98 -0.00667
80 99 0.0604
80 100 0.03991
80 101 0.10283
80 102 0.08326
80 103 0.13154
80 104 -0.05193
80 105 -0.10001
80 106 -0.01675
80 107 -0.01844
80 108 -0.14219
80 109 -0.05458
80 110 0.0441
80 111 -0.13649
80 112 -0.05256
80 113 0.04213
80 114 0.06457
80 115 0.05628
80 116 0.13366
80 117 0.04653
80 118 0.00766
80 119 -0.02561
80 120 0.05488
80 121 0.04319
80 122 -0.02438
80 123 0.00555
80 124 0.08392
80 125 -0.06839
80 126 -0.11879
80 127 -0.06253
80 128 -0.01506
80 129 -0.1075
80 130 0.13685
80 131 -0.09511
80 132 -0.02267
80 133 -0.00346
80 134 0.04098
80 135 0.11113
80 136 0.0258
80 137 -0.16256
80 138 0.06803
80 139 -0.04552
80 140 -0.02989
80 141 0.07596
80 142 -0.08782
80 143 -0.03119
80 144 -0.06988
80 145 0.06801
80 146 -0.03629
80 147 -0.08146
80 148 0.07614
80 149 0.13204
80 150 -0.02575
80 151 -0.02297
80 152 0.02755
80 153 0.10439
80 154 0.0563
80 155 -0.02363
80 156 -0.04571
80 157 0.00179
80 158 -0.18004
80 159 0.05578
80 160 -0.0372
80 161 0.09871
80 162 -0.00189
80 163 -0.08477
80 164 0.11091
80 165 0.13359
80 166 -0.02202
80 167 0.01282
80 168 0.11692
80 169 0.00706
80 170 0.11321
80 171 -0.01383
80 172 -0.1273
80 173 0.11344
80 174 -0.06905
80 175 0.09597
80 176 -0.04824
80 177 0.00159
80 178 -0.02071
80 179 0.01612
80 180 -0.11256
80 181 0.04635
80 182 -0.05584
80 183 0.00687
80 184 0.01326
80 185 0.01719
80 186 -0.08018
80 187 0.06278
80 188 -0.02107
80 189 0.07547
80 190 0.0051
80 191 -0.00215
80 192 -0.05458
80 193 0.00436
80 194 -0.01086
80 195 0.05508
80 196 0.06593
80 197 -0.11279
80 198 0.02131
80 199 -0.06945
81 82 -0.03824
81 83 0.02125
81 84 -0.10883
81 85 -0.03731
81 86 -0.01531
81 87 0.03272
81 88 0.07081
81 89 -0.09513
81 90 -0.10235
81 91 0.0067
81 92 0.00372
81 93 0.10524
81 94 0.01208
81 95 -0.04226
81 96 0.00529
81 97 -0.14677
81 98 0.03705
81 99 0.00626
81 100 -0.12238
81 101 0.00472
81 102 -0.04394
81 103 -0.02633
81 104 0.10818
81 105 0.05868
81 106 0.01069
81 107 0.01199
81 108 0.07943
81 109 -0.0064
81 110 0.02245
81 111 0.03031
81 112 -0.03231
81 113 0.04493
81 114 0.13084
81 115 -0.15506
81 116 -0.13223
81 117 -0.02566
81 118 -0.02357
81 119 0.01415
81 120 -0.04821
81 121 0.06983
81 122 0.12109
81 123 -0.01788
81 124 -0.03674
81 125 -0.04539
81 126 0.05767
81 127 -0.00504
81 128 0.06395
81 129 -0.07644
81 130 -0.02234
81 131 -0.01015
81 132 -0.0573
81 133 0.091
81 134 0.03924
81 135 -0.00077
81 136 0.01751
81 137 0.04611
81 138 -0.02508
81 139 0.02853
81 140 0.0585
81 141 -0.03969
81 142 0.04628
81 143 -0.17339
81 144 0.05103
81 145 0.01939
81 146 0.04053
81 147 -0.07617
81 148 -0.0345
81 149 0.01488
81 150 -0.05243
81 151 -0.02552
81 152 0.00537
81 153 0.1026
81 154 -0.07262
81 155 0.08276
81 156 0.01496
81 157 0.00383
81 158 -0.02631
81 159 0.0543
81 160 0.00691
81 161 -0.02684
81 162 -0.04128
81 163 -0.04991
81 164 -0.01856
81 165 -0.09826
81 166 -0.06823
81 167 0.06397
81 168 0.06415
81 169 -0.02779
81 170 -0.10407
81 171 0.0653
81 172 0.07533
81 173 0.04152
81 174 0.09657
81 175 0.12065
81 176 -0.00741
81 177 -0.02172
81 178 0.07674
81 179 -0.02179
81 180 -0.06088
81 181 0.16094
81 182 0.01909
81 183 -0.04843
81 184 0.04877
81 185 0.09557
81 186 0.04297
81 187 -0.03879
81 188 -0.08376
81 189 -0.08572
81 190 0.04913
81 191 -0.09514
81 192 -0.02941
81 193 -0.10688
81 194 0.10045
81 195 -0.05819
81 196 -0.06878
81 197 0.10666
81 198 -0.05439
81 199 0.04901
82 83 -0.06379
82 84 -0.06894
82 85 -0.17199
82 86 0.00622
82 87 0.04669
82 88 0.11791
82 89 0.02454
82 90 0.04235
82 91 0.11965
82 92 0.02333
82 93 0.00213
82 94 -0.00172
82 95 0.02132
82 96 0.10347
82 97 0.01096
82 98 -0.02832
82 99 -0.05653
82 100 -0.00623
82 101 -0.10553
82 102 -0.1394
82 103 0.03068
82 104 0.05918
82 105 -0.0121
82 106 0.11391
82 107 0.06104
82 108 -0.04917
82 109 0.11641
82 110 -0.01608
82 111 -0.0731
82 112 0.12739
82 113 0.15461
82 114 0.17072
82 115 0.14418
82 116 -0.01898
82 117 -0.09272
82 118 -0.00986
82 119 0.18367
82 120 -0.01167
82 121 0.02727
82 122 -0.10427
82 123 -0.01639
82 124 -0.0848
82 125 -0.0682
82 126 -0.09084
82 127 -0.02787
82 128 0.06305
82 129 -0.02277
82 130 0.04314
82 131 0.0012
82 132 -0.01631
82 133 -0.00434
82 134 -0.10491
82 135 -0.04979
82 136 0.0591
82 137 0.05636
82 138 -0.00826
82 139 0.02609
82 140 0.05563
82 141 -0.01807
82 142 0.02551
82 143 -0.00093
82 144 -0.04616
82 145 -0.02136
82 146 -0.02188
82 147 0.14501
82 148 -0.01348
82 149 0.00196
82 150 -0.08836
82 151 0.03868
82 152 0.00459
82 153 0.06997
82 154 0.11045
82 155 -0.01126
82 156 0.01957
82 157 -0.09682
82 158 0.07598
82 159 0.11053
82 160 -0.04
82 161 0.0895
82 162 -0.00587
82 163 -0.20679
82 164 0.144
82 165 0.11779
82 166 -0.03483
82 167 -0.06348
82 168 -0.04831
82 169 0.12877
82 170 0.02171
82 171 0.00277
82 172 -0.12171
82 173 -0.00867
82 174 -0.0263
82 175 0.08694
82 176 -0.04248
82 177 -0.03996
82 178 0.06936
82 179 -0.04261
82 180 0.0442
82 181 0.01965
82 182 0.05906
82 183 0.03142
82 184 -0.07749
82 185 -0.11163
82 186 -0.02623
82 187 -0.0352
82 188 -0.08714
82 189 -0.01577
82 190 0.07602
82 191 -0.01621
82 192 -0.03245
82 193 0.03239
82 194 0.09231
82 195 -0.0594
82 196 0.07532
82 197 0.12822
82 198 0.052
82 199 -0.05385
83 84 -0.04161
83 85 -0.01019
83 86 -0.01244
83 87 -0.06929
83 88 -0.10605
83 89 0.0316
83 90 -0.04074
83 91 -0.12175
83 92 0.12048
83 93 -0.05441
83 94 0.08329
83 95 -0.02477
83 96 0.0584
83 97 -0.02456
83 98 -0.04166
83 99 0.02031
83 100 -0.03001
83 101 0.0381
83 102 0.01269
83 103 -0.00619
83 104 -0.12195
83 105 0.11225
83 106 0.02122
83 107 0.10886
83 108 -0.0676
83 109 0.08141
83 110 -0.0575
83 111 0.02761
83 112 0.11774
83 113 -0.02535
83 114 0.0084
83 115 -0.06645
83 116 0.00034
83 117 -0.00488
83 118 0.09672
83 119 -0.07893
83 120 0.03112
83 121 0.10246
83 122 0.06852
83 123 0.08816
83 124 0.06612
83 125 0.15403
83 126 -0.01318
83 127 -0.06644
83 128 -0.12865
83 129 -0.01845
83 130 0.00759
83 131 -0.03926
83 132 0.00988
83 133 0.02163
83 134 -0.05145
83 135 0.00952
83 136 0.00228
83 137 -0.09363
83 138 -0.02685
83 139 -0.01958
83 140 -0.0625
83 141 0.10594
83 142 0.03964
83 143 -0.03878
83 144 0.01571
83 145 0.04572
83 146 -0.05516
83 147 0.03701
83 148 -0.03909
83 149 -0.04846
83 150 0.13106
83 151 -0.02233
83 152 0.07435
83 153 -0.1295
83 154 -0.01365
83 155 0.0131
83 156 -0.01698
83 157 0.02031
83 158 -0.00692
83 159 0.0025
83 160 -0.10936
83 161 0.06733
83 162 -0.0026
83 163 0.02095
83 164 0.03605
83 165 -0.03639
83 166 0.05278
83 167 0.17213
83 168 0.0188
83 169 -0.07506
83 170 -0.09334
83 171 -0.03274
83 172 -0.09274
83 173 0.02681
83 174 -0.10934
83 175 0.03974
83 176 0.02184
83 177 0.00323
83 178 -0.03327
83 179 0.11159
83 180 0.08924
83 181 0.16457
83 182 -0.02822
83 183 -0.00147
83 184 -0.03634
83 185 0.0584
83 186 0.06303
83 187 -0.02494
83 188 0.0635
83 189 -0.08235
83 190 0.04023
83 191 -0.16241
83 192 -0.00605
83 193 -0.05623
83 194 0.15018
83 195 -0.01582
83 196 -0.04024
83 197 0.02277
83 198 0.0375
83 199 0.0343
84 85 -0.09706
84 86 0.00623
84 87 0.16496
84 88 0.05999
84 89 -0.02698
84 90 -0.01186
84 91 -0.00135
84 92 0.03823
84 93 -0.03858
84 94 0.0355
84 95 0.00181
84 96 0.01376
84 97 0.0101
84 98 0.04738
84 99 0.05056
84 100 -0.03797
84 101 -0.00505
84 102 0.02206
84 103 0.03596
84 104 0.01549
84 105 0.09462
84 106 -0.0946
84 107 -0.07298
84 108 -0.11907
84 109 0.07192
84 110 0.11823
84 111 -0.03093
84 112 0.03989
84 113 -0.01298
84 114 0.01505
84 115 -0.05437
84 116 -0.09677
84 117 -0.02161
84 118 -0.07544
84 119 0.11593
84 120 0.04158
84 121 0.00384
84 122 0.05454
84 123 -0.20225
84 124 -0.01521
84 125 0.01126
84 126 0.01478
84 127 -0.06533
84 128 -0.11
84 129 -0.06047
84 130 0.02963
84 131 -0.08771
84 132 0.15538
84 133 0.06982
84 134 -0.10425
84 135 -0.06828
84 136 0.07513
84 137 0.06839
84 138 -0.05327
84 139 -0.03126
84 140 -0.06196
84 141 0.03839
84 142 -0.0158
84 143 0.10122
84 144 0.13029
84 145 -0.0065
84 146 0.00405
84 147 -0.04134
84 148 -0.05423
84 149 0.03498
84 150 0.17038
84 151 -0.02843
84 152 0.04203
84 153 0.0462
84 154 -0.05431
84 155 -0.00829
84 156 -0.03574
84 157 0.1051
84 158 0.01392
84 159 0.01942
84 160 -0.01672
84 161 0.03044
84 162 -0.02923
84 163 -0.05131
84 164 0.10559
84 165 0.00244
84 166 -0.10365
84 167 -0.03743
84 168 -0.01945
84 169 -0.02515
84 170 -0.04207
84 171 0.07001
84 172 0.02035
84 173 -0.08625
84 174 -0.02784
84 175 -0.08165
84 176 0.17324
84 177 -0.11539
84 178 0.01347
84 179 0.07112
84 180 0.10322
84 181 -0.15528
84 182 -0.06805
84 183 0.00301
84 184 -0.00653
84 185 0.18859
84 186 0.01504
84 187 -0.04898
84 188 0.06272
84 189 -0.05264
84 190 0.06073
84 191 0.11334
84 192 -0.07003
84 193 0.03175
84 194 0.01888
84 195 0.07926
84 196 -0.03429
84 197 -0.01768
84 198 -0.07881
84 199 0.0121
85 86 -0.06024
85 87 -0.02824
85 88 0.09417
85 89 -0.01529
85 90 0.02724
85 91 -0.06242
85 92 -0.07203
85 93 -0.04839
85 94 -0.05694
85 95 0.02224
85 96 0.06133
85 97 -0.00487
85 98 0.08352
85 99 -0.02639
85 100 0.09351
85 101 -0.15442
85 102 -0.04661
85 103 -0.04568
85 104 -0.07433
85 105 0.11548
85 106 -0.07168
85 107 -0.0009
85 108 0.04079
85 109 0.07397
85 110 0.10007
85 111 0.04407
85 112 -0.06639
85 113 -0.06499
85 114 0.06064
85 115 0.01691
85 116 0.08218
85 117 0.01176
85 118 0.03996
85 119 0.00269
85 120 -0.15328
85 121 -0.03212
85 122 -0.04147
85 123 0.07643
85 124 -0.04916
85 125 0.08893
85 126 0.04495
85 127 0.1309
85 128 0.06601
85 129 0.08128
85 130 0.02972
85 131 -0.06456
85 132 -0.16057
85 133 -0.00311
85 134 0.007
85 135 0.00028
85 136 0.03651
85 137 -0.13697
85 138 -0.05811
85 139 -0.05061
85 140 0.02958
85 141 -0.08822
85 142 -0.04746
85 143 -0.06744
85 144 0.07654
85 145 -0.04933
85 146 -0.0667
85 147 -0.07166
85 148 0.00578
85 149 -0.02983
85 150 0.09025
85 151 0.00095
85 152 -0.0442
85 153 -0.01406
85 154 0.05518
85 155 0.03056
85 156 -0.09238
85 157 -0.12182
85 158 0.11423
85 159 0.0233
85 160 0.06542
85 161 -0.02614
85 162 0.02214
85 163 0.17702
85 164 0.04741
85 165 -0.02375
85 166 -0.08539
85 167 0.00932
85 168 0.01148
85 169 -0.01157
85 170 0.03216
85 171 -0.01127
85 172 -0.12428
85 173 0.17854
85 174 -0.12463
85 175 -0.03678
85 176 0.02256
85 177 0.08527
85 178 -0.02035
85 179 -0.10871
85 180 -0.11767
85 181 0.0372
85 182 0.02734
85 183 0.09497
85 184 -0.05654
85 185 -0.02729
85 186 0.03078
85 187 -0.02153
85 188 -0.01138
85 189 -0.00467
85 190 -0.06119
85 191 0.14584
85 192 0.12084
85 193 0.00424
85 194 -0.05255
85 195 0.04489
85 196 0.04116
85 197 -0.04083
85 198 -0.04436
85 199 -0.09619
86 87 0.10092
86 88 0.13567
86 89 -0.1451
86 90 0.01332
86 91 0.07215
86 92 -0.01836
86 93 0.07997
86 94 -0.1118
86 95 -0.12123
86 96 0.07233
86 97 -0.05663
86 98 0.00866
86 99 -0.10729
86 100 0.12229
86 101 0.03238
86 102 -0.0633
86 103 0.06378
86 104 0.08111
86 105 -0.12205
86 106 -0.0272
86 107 -0.04377
86 108 0.14939
86 109 0.02203
86 110 -0.11879
86 111 0.0056
86 112 0.00306
86 113 -0.04647
86 114 -0.0633
86 115 -0.00908
86 116 -0.0658
86 117 0.078
86 118 0.06052
86 119 0.14247
86 120 -0.02941
86 121 -0.05454
86 122 -0.06845
86 123 0.02389
86 124 -0.02071
86 125 0.03338
86 126 0.08685
86 127 -0.0615
86 128 0.06281
86 129 0.00718
86 130 0.1401
86 131 0.10799
86 132 0.03094
86 133 -0.00849
86 134 -0.03368
86 135 0.03384
86 136 -0.05521
86 137 -0.04957
86 138 0.0497
86 139 -0.04356
86 140 -0.02682
86 141 -0.12641
86 142 -0.05971
86 143 -0.08342
86 144 -0.0811
86 145 -0.05678
86 146 0.07829
86 147 0.01658
86 148 -0.16441
86 149 0.14401
86 150 -0.07178
86 151 -0.02635
86 152 -0.07177
86 153 0.06264
86 154 0.07586
86 155 -0.02009
86 156 0.09694
86 157 -0.11303
86 158 -0.07117
86 159 0.00399
86 160 -0.17001
86 161 0.05224
86 162 -0.05121
86 163 -0.00601
86 164 0.03144
86 165 0.069
86 166 0.04945
86 167 0.04776
86 168 0.02729
86 169 -0.12641
86 170 -0.02436
86 171 0.11088
86 172 -0.04921
86 173 -0.01214
86 174 -0.02074
86 175 0.05313
86 176 0.05318
86 177 -0.02597
86 178 -0.03071
86 179 0.13867
86 180 -0.04659
86 181 -0.01464
86 182 0.0122
86 183 -0.09347
86 184 -0.07912
86 185 0.0059
86 186 0.03164
86 187 0.04589
86 188 0.00147
86 189 -0.05885
86 190 -0.00964
86 191 -0.01861
86 192 0.08008
86 193 0.00724
86 194 0.04947
86 195 -0.0023
86 196 -0.02214
86 197 0.04621
86 198 -0.04228
86 199 0.00916
87 88 0.05207
87 89 0.06494
87 90 -0.08925
87 91 -0.02038
87 92 -0.03354
87 93 0.1214
87 94 0.11627
87 95 -0.06866
87 96 0.11989
87 97 -0.05636
87 98 -0.04456
87 99 0.03156
87 100 -0.02829
87 101 -0.09928
87 102 -0.09856
87 103 0.07336
87 104 -0.01563
87 105 0.07674
87 106 0.03483
87 107 -0.04185
87 108 -0.0017
87 109 0.0389
87 110 0.16941
87 111 -0.02374
87 112 -0.03886
87 113 0.12614
87 114 0.04381
87 115 -0.0121
87 116 -0.00023
87 117 0.04018
87 118 0.00562
87 119 -0.05371
87 120 -0.01568
87 121 -0.07739
87 122 0.19543
87 123 0.09449
87 124 -0.06326
87 125 -0.03869
87 126 0.01475
87 127 0.10798
87 128 -0.04594
87 129 0.076
87 130 0.12823
87 131 -0.02359
87 132 -0.0242
87 133 0.15916
87 134 0.05554
87 135 0.05878
87 136 -0.00843
87 137 0.06876
87 138 0.01189
87 139 0.06948
87 140 -0.00192
87 141 -0.05186
87 142 0.08975
87 143 0.07021
87 144 0.07849
87 145 -0.00367
87 146 0.11779
87 147 0.01789
87 148 -0.03307
87 149 -0.11192
87 150 0.03436
87 151 0.02324
87 152 -0.01457
87 153 -0.05283
87 154 0.11519
87 155 0.07473
87 156 0.13031
87 157 -0.00819
87 158 -0.08071
87 159 -0.00988
87 160 -0.10247
87 161 0.06321
87 162 -0.03809
87 163 -0.1877
87 164 -0.05268
87 165 0.00924
87 166 0.0463
87 167 -0.0306
87 168 -0.04134
87 169 0.00106
87 170 0.06138
87 171 0.04477
87 172 -0.03427
87 173 0.13285
87 174 -0.03034
87 175 0.09023
87 176 0.1311
87 177 0.0593
87 178 -0.04901
87 179 -0.07153
87 180 -0.01343
87 181 0.03686
87 182 0.06122
87 183 0.03218
87 184 0.01745
87 185 0.12325
87 186 0.04483
87 187 -0.17636
87 188 -0.02414
87 189 0.09272
87 190 0.0665
87 191 -0.02215
87 192 -0.07673
87 193 0.06888
87 194 0.08714
87 195 0.06814
87 196 -0.12235
87 197 0.07637
87 198 0.07803
87 199 0.05196
88 89 0.06844
88 90 -0.01194
88 91 0.01064
88 92 -0.05271
88 93 -0.0807
88 94 -0.03758
88 95 -0.1184
88 96 -0.08366
88 97 0.06505
88 98 -0.03302
88 99 0.09142
88 100 0.06561
88 101 -0.06959
88 102 0.04532
88 103 0.00873
88 104 0.06202
88 105 0.04899
88 106 -0.14258
88 107 -0.07201
88 108 -0.07914
88 109 -0.05635
88 110 -0.03897
88 111 -0.02491
88 112 0.05783
88 113 -0.04051
88 114 0.01201
88 115 -0.09006
88 116 0.11962
88 117 0.08074
88 118 0.00005
88 119 0.04617
88 120 0.04958
88 121 0.039
88 122 -0.03023
88 123 0.04547
88 124 0.09424
88 125 -0.00068
88 126 -0.08155
88 127 -0.10405
88 128 0.04579
88 129 0.0357
88 130 -0.03177
88 131 0.06216
88 132 0.02925
88 133 0.06698
88 134 -0.00736
88 135 -0.05646
88 136 -0.02453
88 137 -0.14418
88 138 0.04292
88 139 0.02938
88 140 0.00649
88 141 -0.04185
88 142 -0.06532
88 143 0.0344
88 144 0.00721
88 145 -0.09725
88 146 0.02257
88 147 -0.08513
88 148 0.02754
88 149 0.05437
88 150 0.10544
88 151 0.01812
88 152 -0.0419
88 153 0.05683
88 154 -0.01271
88 155 -0.12489
88 156 -0.01852
88 157 0.012
88 158 -0.00677
88 159 0.01536
88 160 0.00394
88 161 -0.02081
88 162 -0.19251
88 163 0.14237
88 164 -0.08965
88 165 -0.1037
88 166 -0.04978
88 167 -0.00093
88 168 0.05222
88 169 -0.05852
88 170 -0.04579
88 171 -0.02449
88 172 -0.08993
88 173 -0.05619
88 174 -0.05717
88 175 -0.03353
88 176 0.1051
88 177 -0.05355
88 178 -0.01344
88 179 0.09823
88 180 -0.1086
88 181 -0.02879
88 182 0.04562
88 183 -0.01155
88 184 0.01925
88 185 0.04928
88 186 0.0255
88 187 -0.04965
88 188 0.02794
88 189 -0.0486
88 190 0.03769
88 191 0.04124
88 192 -0.07076
88 193 -0.03886
88 194 -0.08371
88 195 -0.1008
88 196 0.02035
88 197 0.08577
88 198 0.07946
88 199 -0.02276
89 90 -0.04967
89 91 -0.04844
89 92 0.06968
89 93 0.09452
89 94 0.11569
89 95 0.16156
89 96 0.02545
89 97 0.04614
89 98 -0.05333
89 99 -0.03703
89 100 0.09096
89 101 -0.06584
89 102 0.00192
89 103 0.06654
89 104 0.05366
89 105 -0.06466
89 106 -0.18053
89 107 0.02316
89 108 -0.0241
89 109 -0.04116
89 110 -0.05266
89 111 0.0041
89 112 0.00641
89 113 -0.02213
89 114 0.05637
89 115 -0.02778
89 116 -0.00195
89 117 0.00639
89 118 0.15039
89 119 0.00656
89 120 -0.11851
89 121 0.11411
89 122 0.09974
89 123 0.02397
89 124 -0.00553
89 125 0.03219
89 126 -0.00375
89 127 0.07801
89 128 -0.00104
89 129 -0.06903
89 130 0.09413
89 131 -0.13144
89 132 -0.10019
89 133 0.05194
89 134 -0.08693
89 135 -0.06076
89 136 -0.02701
89 137 -0.03517
89 138 0.07485
89 139 0.02579
89 140 0.17982
89 141 -0.14333
89 142 0.06061
89 143 -0.02927
89 144 0.09121
89 145 -0.01502
89 146 -0.07564
89 147 0.02692
89 148 0.05705
89 149 0.00606
89 150 -0.02777
89 151 0.02053
89 152 -0.04861
89 153 -0.03411
89 154 0.07717
89 155 0.06457
89 156 -0.10161
89 157 -0.03241
89 158 -0.00816
89 159 0.00357
89 160 0.00704
89 161 -0.05
89 162 0.07226
89 163 0.03473
89 164 -0.00067
89 165 -0.07583
89 166 0.00573
89 167 0.04624
89 168 -0.00849
89 169 0.01603
89 170 0.1938
89 171 0.04052
89 172 -0.07856
89 173 -0.02534
89 174 -0.03537
89 175 0.0765
89 176 -0.08714
89 177 0.06786
89 178 -0.06505
89 179 -0.08938
89 180 -0.05443
89 181 0.08209
89 182 -0.04333
89 183 0.19968
89 184 0.05343
89 185 0.05315
89 186 -0.00437
89 187 -0.08031
89 188 0.10428
89 189 -0.07646
89 190 0.06699
89 191 -0.07476
89 192 -0.04613
89 193 -0.05627
89 194 -0.02247
89 195 -0.07401
89 196 -0.19444
89 197 -0.04171
89 198 -0.16318
89 199 0.04347
90 91 -0.05895
90 92 0.11
90 93 -0.00639
90 94 -0.12388
90 95 0.0442
90 96 -0.03565
90 97 0.03252
90 98 0.04084
90 99 -0.04537
90 100 0.03273
90 101 -0.02645
90 102 0.01022
90 103 -0.04274
90 104 0.00367
90 105 0.03453
90 106 -0.12588
90 107 -0.06971
90 108 -0.02779
90 109 0.08714
90 110 0.03607
90 111 -0.07019
90 112 -0.12419
90 113 0.05933
90 114 0.01362
90 115 -0.08375
90 116 -0.04076
90 117 -0.04232
90 118 -0.08263
90 119 -0.12002
90 120 -0.01373
90 121 0.03914
90 122 -0.00125
90 123 -0.03147
90 124 -0.11757
90 125 0.13322
90 126 -0.04649
90 127 0.11538
90 128 -0.06473
90 129 0.05884
90 130 0.06694
90 131 -0.09405
90 132 -0.00866
90 133 0.02067
90 134 -0.09902
90 135 -0.09268
90 136 -0.06892
90 137 0.07738
90 138 0.05357
90 139 0.02872
90 140 0.0266
90 141 0.03657
90 142 -0.01064
90 143 0.11017
90 144 0.00095
90 145 -0.06337
90 146 0.14112
90 147 0.17091
90 148 0.0017
90 149 0.09842
90 150 -0.02016
90 151 0.05771
90 152 0.03136
90 153 -0.1408
90 154 -0.07387
90 155 -0.08067
90 156 -0.01117
90 157 -0.06704
90 158 0.08714
90 159 -0.06435
90 160 -0.14831
90 161 -0.00251
90 162 0.03408
90 163 0.11744
90 164 -0.05044
90 165 -0.11432
90 166 -0.03666
90 167 0.11685
90 168 -0.02809
90 169 -0.0562
90 170 -0.01873
90 171 -0.09469
90 172 -0.05508
90 173 -0.02388
90 174 0.01585
90 175 0.06242
90 176 -0.0005
90 177 0.04653
90 178 0.03283
90 179 -0.0059
90 180 -0.01908
90 181 -0.06209
90 182 0.02135
90 183 0.06682
90 184 0.00071
90 185 -0.08235
90 186 0.00734
90 187 0.03755
90 188 0.01632
90 189 -0.06041
90 190 -0.14877
90 191 0.05305
90 192 0.06148
90 193 -0.05158
90 194 0.03074
90 195 -0.01323
90 196 -0.06682
90 197 0.07631
90 198 0.0599
90 199 0.08362
91 92 -0.00199
91 93 0.0643
91 94 0.03229
91 95 -0.01437
91 96 -0.04172
91 97 -0.09963
91 98 -0.09387
91 99 -0.10417
91 100 -0.00212
91 101 -0.02168
91 102 0.08461
91 103 0.00021
91 104 -0.07167
91 105 -0.09601
91 106 0.00647
91 107 -0.0235
91 108 -0.01655
91 109 0.01481
91 110 -0.04734
91 111 -0.07232
91 112 -0.03716
91 113 0.06977
91 114 0.00517
91 115 0.04103
91 116 0.10183
91 117 0.02264
91 118 -0.06762
91 119 0.00969
91 120 0.06834
91 121 -0.012
91 122 0.0469
91 123 -0.0335
91 124 0.12042
91 125 0.11092
91 126 0.00861
91 127 0.04765
91 128 -0.08312
91 129 -0.009
91 130 0.04956
91 131 -0.0074
91 132 -0.01443
91 133 0.02244
91 134 0.07245
91 135 0.0105
91 136 -0.04232
91 137 0.03659
91 138 -0.06871
91 139 0.06833
91 140 -0.03097
91 141 -0.04017
91 142 0.06797
91 143 0.01642
91 144 -0.10658
91 145 0.00364
91 146 -0.00706
91 147 0.03278
91 148 -0.0661
91 149 0.03533
91 150 0.03958
91 151 0.05591
91 152 0.03018
91 153 0.07222
91 154 -0.04108
91 155 0.03668
91 156 -0.12595
91 157 -0.06663
91 158 -0.0682
91 159 0.10114
91 160 -0.13353
91 161 -0.16424
91 162 0.07603
91 163 0.03792
91 164 0.05875
91 165 -0.11223
91 166 0.08566
91 167 -0.06274
91 168 -0.01209
91 169 -0.01653
91 170 -0.07201
91 171 0.04165
91 172 0.0262
91 173 -0.00379
91 174 0.04519
91 175 -0.00154
91 176 -0.01437
91 177 -0.09548
91 178 0.00391
91 179 -0.11838
91 180 -0.10671
91 181 0.08799
91 182 -0.01834
91 183 -0.10493
91 184 -0.05168
91 185 -0.0756
91 186 0.03478
91 187 0.01206
91 188 0.0375
91 189 0.0127
91 190 0.01138
91 191 -0.0607
91 192 -0.04776
91 193 0.01092
91 194 0.10849
91 195 -0.05184
91 196 -0.08057
91 197 -0.06475
91 198 0.07916
91 199 0.02564
92 93 0.04369
92 94 -0.01078
92 95 -0.02987
92 96 -0.02108
92 97 0.0312
92 98 -0.04916
92 99 0.05201
92 100 -0.09176
92 101 0.03039
92 102 0.12199
92 103 -0.00977
92 104 -0.03052
92 105 -0.01564
92 106 0.03458
92 107 0.02039
92 108 -0.06887
92 109 -0.00608
92 110 0.06353
92 111 -0.10639
92 112 0.10289
92 113 0.11006
92 114 -0.13233
92 115 -0.0228
92 116 -0.09698
92 117 -0.02433
92 118 0.00966
92 119 -0.09469
92 120 -0.10716
92 121 -0.0158
92 122 0.11514
92 123 -0.04991
92 124 -0.03833
92 125 0.01511
92 126 0.0363
92 127 -0.03123
92 128 0.00435
92 129 0.13012
92 130 0.00238
92 131 0.06549
92 132 -0.01937
92 133 -0.00148
92 134 0.03097
92 135 -0.03931
92 136 0.01692
92 137 -0.01332
92 138 0.02323
92 139 0.10295
92 140 0.03931
92 141 0.00821
92 142 -0.17977
92 143 0.09751
92 144 0.10097
92 145 -0.04545
92 146 -0.03353
92 147 -0.05106
92 148 0.06847
92 149 0.03325
92 150 -0.00331
92 151 0.04433
92 152 0.00894
92 153 -0.01838
92 154 -0.07677
92 155 -0.06037
92 156 -0.02575
92 157 -0.11969
92 158 0.03452
92 159 -0.13193
92 160 0.03175
92 161 -0.03817
92 162 0.01075
92 163 -0.07689
92 164 0.08678
92 165 -0.00955
92 166 -0.04991
92 167 0.01942
92 168 0.11003
92 169 -0.17687
92 170 -0.0712
92 171 -0.07936
92 172 -0.00891
92 173 0.06991
92 174 0.06047
92 175 0.02263
92 176 -0.08439
92 177 0.08126
92 178 -0.08777
92 179 -0.02402
92 180 -0.02409
92 181 0.07001
92 182 -0.08108
92 183 0.03655
92 184 0.02465
92 185 0.09142
92 186 0.05813
92 187 -0.00754
92 188 -0.00183
92 189 0.0983
92 190 -0.08123
92 191 -0.12221
92 192 -0.00723
92 193 0.00173
92 194 0.04546
92 195 -0.0691
92 196 -0.04962
92 197 0.00032
92 198 -0.11492
92 199 0.08091
93 94 -0.02646
93 95 -0.04145
93 96 0.0234
93 97 -0.00493
93 98 -0.03211
93 99 0.02741
93 100 -0.00152
93 101 0.11193
93 102 0.2215
93 103 0.01662
93 104 0.05052
93 105 0.05186
93 106 -0.07025
93 107 0.05382
93 108 0.03218
93 109 0.05925
93 110 -0.15147
93 111 -0.01837
93 112 -0.03269
93 113 -0.02543
93 114 0.04287
93 115 0.09328
93 116 0.02
93 117 -0.00999
93 118 -0.12603
93 119 0.03005
93 120 -0.00924
93 121 0.07517
93 122 0.06288
93 123 -0.07115
93 124 -0.03717
93 125 0.00249
93 126 -0.01682
93 127 -0.00187
93 128 -0.06057
93 129 -0.05097
93 130 0.00653
93 131 -0.14415
93 132 -0.03343
93 133 -0.08299
93 134 0.00766
93 135 0.13702
93 136 0.02192
93 137 -0.08096
93 138 -0.02736
93 139 -0.12625
93 140 0.02789
93 141 0.06143
93 142 0.01629
93 143 0.06027
93 144 0.06489
93 145 0.01326
93 146 -0.1098
93 147 0.05022
93 148 -0.06573
93 149 -0.11692
93 150 -0.00376
93 151 0.09278
93 152 -0.06996
93 153 -0.03967
93 154 0.01631
93 155 0.00496
93 156 0.06788
93 157 0.08058
93 158 0.04813
93 159 0.04606
93 160 -0.01533
93 161 -0.05002
93 162 0.11408
93 163 0.03808
93 164 0.12543
93 165 -0.07966
93 166 0.01528
93 167 0.00984
93 168 0.05136
93 169 -0.06845
93 170 -0.09312
93 171 0.02937
93 172 0.00518
93 173 -0.10224
93 174 0.09638
93 175 0.0255
93 176 0.1053
93 177 0.12384
93 178 -0.04338
93 179 0.03691
93 180 -0.01715
93 181 0.11183
93 182 0.08496
93 183 0.0685
93 184 0.00857
93 185 -0.07744
93 186 -0.02123
93 187 -0.10119
93 188 -0.02161
93 189 -0.00697
93 190 0.03436
93 191 -0.14055
93 192 -0.00645
93 193 0.06843
93 194 -0.06817
93 195 -0.11424
93 196 0.12203
93 197 0.09224
93 198 0.05541
93 199 -0.02844
94 95 0.01414
94 96 0.05175
94 97 -0.05738
94 98 0.01049
94 99 0.02141
94 100 0.01936
94 101 -0.03862
94 102 0.0768
94 103 -0.0643
94 104 0.11262
94 105 -0.0598
94 106 -0.03953
94 107 0.00141
94 108 0.02158
94 109 0.02152
94 110 -0.02953
94 111 -0.00258
94 112 0.03581
94 113 -0.02591
94 114 0.12659
94 115 0.03203
94 116 0.03573
94 117 -0.16744
94 118 -0.06488
94 119 0.08253
94 120 -0.0089
94 121 -0.02346
94 122 -0.0153
94 123 -0.18994
94 124 -0.00372
94 125 0.09874
94 126 0.06138
94 127 0.10437
94 128 -0.00024
94 129 0.02282
94 130 0.06338
94 131 -0.04003
94 132 -0.00004
94 133 -0.09417
94 134 0.04188
94 135 0.03737
94 136 0.03394
94 137 -0.05624
94 138 -0.02551
94 139 0.05817
94 140 -0.12978
94 141 -0.03821
94 142 -0.13129
94 143 -0.1169
94 144 -0.01643
94 145 -0.00204
94 146 -0.00267
94 147 -0.03341
94 148 -0.09488
94 149 0.0072
94 150 -0.04354
94 151 0.03892
94 152 0.07899
94 153 0.12825
94 154 0.13534
94 155 -0.13295
94 156 0.07893
94 157 -0.02566
94 158 0.05927
94 159 -0.0908
94 160 -0.01677
94 161 0.145
94 162 -0.00654
94 163 -0.09111
94 164 -0.07334
94 165 0.04277
94 166 -0.02276
94 167 -0.01478
94 168 0.02813
94 169 0.0427
94 170 0.10687
94 171 -0.0474
94 172 -0.13118
94 173 0.00966
94 174 0.03449
94 175 0.2432
94 176 0.07035
94 177 0.12587
94 178 0.03133
94 179 0.09678
94 180 0.03728
94 181 0.11922
94 182 0.00212
94 183 0.01998
94 184 0.01536
94 185 -0.07219
94 186 -0.05679
94 187 0.04404
94 188 0.04773
94 189 0.06146
94 190 0.06491
94 191 0.08413
94 192 0.01727
94 193 0.00082
94 194 0.00095
94 195 0.05053
94 196 0.06235
94 197 0.11314
94 198 -0.01198
94 199 -0.04698
95 96 0.10105
95 97 0.10169
95 98 -0.08348
95 99 0.18295
95 100 0.02906
95 101 0.07637
95 102 -0.03415
95 103 -0.04474
95 104 0.02426
95 105 0.04554
95 106 0.10551
95 107 -0.09612
95 108 -0.02356
95 109 0.02565
95 110 0.05857
95 111 -0.01516
95 112 0.08669
95 113 -0.13255
95 114 0.06502
95 115 0.01048
95 116 -0.02867
95 117 -0.03949
95 118 0.163
95 119 0.0238
95 120 -0.13371
95 121 0.03479
95 122 0.07396
95 123 -0.03891
95 124 0.01335
95 125 -0.05075
95 126 0.00343
95 127 0.0428
95 128 -0.04043
95 129 -0.00694
95 130 0.0728
95 131 0.07337
95 132 -0.0468
95 133 -0.03227
95 134 0.02787
95 135 -0.0581
95 136 -0.05123
95 137 0.00069
95 138 0.09219
95 139 -0.08889
95 140 0.00837
95 141 0.1129
95 142 -0.04015
95 143 -0.11382
95 144 -0.00725
95 145 -0.06863
95 146 0.09427
95 147 -0.059
95 148 0.00946
95 149 -0.12402
95 150 0.07254
95 151 0.09577
95 152 -0.00615
95 153 -0.11429
95 154 0.10195
95 155 -0.00037
95 156 0.03663
95 157 -0.11276
95 158 -0.06
95 159 -0.01908
95 160 0.09737
95 161 0.04543
95 162 0.02285
95 163 -0.04738
95 164 -0.06244
95 165 -0.06675
95 166 -0.01945
95 167 -0.06392
95 168 -0.06479
95 169 0.061
95 170 -0.06175
95 171 -0.05623
95 172 0.05251
95 173 0.05525
95 174 -0.09232
95 175 0.1247
95 176 -0.11285
95 177 0.01477
95 178 0.10826
95 179 -0.0266
95 180 0.16249
95 181 -0.01136
95 182 -0.11035
95 183 0.19024
95 184 -0.10018
95 185 -0.00995
95 186 -0.00582
95 187 0.07967
95 188 -0.00665
95 189 -0.03949
95 190 -0.01511
95 191 0.06732
95 192 -0.01745
95 193 -0.02399
95 194 -0.02486
95 195 -0.03335
95 196 0.06876
95 197 -0.02402
95 198 -0.1544
95 199 0.04864
96 97 -0.07811
96 98 0.01124
96 99 0.02943
96 100 -0.00817
96 101 -0.0828
96 102 0.06787
96 103 -0.05244
96 104 0.141
96 105 0.00893
96 106 0.17408
96 107 0.05867
96 108 -0.09138
96 109 -0.03685
96 110 -0.05587
96 111 0.02124
96 112 0.09139
96 113 0.01296
96 114 -0.07869
96 115 -0.0162
96 116 0.06574
96 117 -0.03615
96 118 -0.00483
96 119 0.09091
96 120 0.07652
96 121 0.03095
96 122 0.01451
96 123 -0.07758
96 124 0.04071
96 125 -0.01733
96 126 -0.12345
96 127 -0.15564
96 128 0.08691
96 129 0.06751
96 130 -0.01838
96 131 -0.00789
96 132 0.03533
96 133 0.06143
96 134 -0.03993
96 135 0.04072
96 136 0.01168
96 137 0.05498
96 138 -0.00243
96 139 -0.08187
96 140 0.05697
96 141 -0.06427
96 142 -0.07011
96 143 0.12935
96 144 -0.09458
96 145 0.02677
96 146 -0.11118
96 147 -0.07251
96 148 0.00899
96 149 -0.04862
96 150 0.0102
96 151 0.03828
96 152 -0.14444
96 153 0.01923
96 154 -0.01127
96 155 -0.01288
96 156 0.00205
96 157 -0.11018
96 158 -0.05669
96 159 0.02292
96 160 0.03246
96 161 0.04795
96 162 0.01732
96 163 0.028
96 164 0.0123
96 165 -0.04973
96 166 -0.07211
96 167 0.10021
96 168 0.11958
96 169 0.03602
96 170 0.17729
96 171 0.03573
96 172 0.06228
96 173 0.00277
96 174 -0.10081
96 175 0.00673
96 176 -0.12236
96 177 0.1241
96 178 0.07813
96 179 0.01289
96 180 -0.04306
96 181 -0.05062
96 182 0.01625
96 183 -0.05367
96 184 0.09927
96 185 -0.05848
96 186 0.08785
96 187 0.10625
96 188 0.02886
96 189 0.01069
96 190 -0.01797
96 191 -0.0592
96 192 0.00961
96 193 -0.04893
96 194 -0.01585
96 195 0.04169
96 196 -0.02219
96 197 0.06015
96 198 0.04232
96 199 -0.02176
97 98 -0.08848
97 99 -0.02962
97 100 -0.03431
97 101 -0.03645
97 102 -0.01714
97 103 0.02056
97 104 -0.02088
97 105 -0.14002
97 106 0.04957
97 107 -0.04091
97 108 -0.06608
97 109 0.0274
97 110 0.16457
97 111 0.00341
97 112 0.06816
97 113 -0.01177
97 114 -0.01693
97 115 -0.04673
97 116 -0.09436
97 117 -0.09564
97 118 -0.10754
97 119 -0.03347
97 120 0.03476
97 121 0.0108
97 122 0.02804
97 123 -0.19354
97 124 0.00862
97 125 -0.06797
97 126 -0.00749
97 127 0.06922
97 128 0.07613
97 129 0.10658
97 130 0.10329
97 131 0.06644
97 132 0.06459
97 133 -0.08472
97 134 -0.07267
97 135 -0.08146
97 136 -0.03151
97 137 -0.06529
97 138 -0.01361
97 139 0.0415
97 140 0.06104
97 141 -0.07472
97 142 0.00981
97 143 -0.04315
97 144 -0.03087
97 145 -0.10066
97 146 0.11019
97 147 0.05313
97 148 0.06218
97 149 0.08923
97 150 -0.05417
97 151 -0.16298
97 152 -0.04922
97 153 0.05057
97 154 0.07366
97 155 -0.06045
97 156 0.0182
97 157 -0.02782
97 158 -0.05246
97 159 0.02265
97 160 0.02106
97 161 -0.08461
97 162 0.01249
97 163 0.05639
97 164 -0.04312
97 165 0.04912
97 166 -0.00958
97 167 0.06122
97 168 0.03824
97 169 0.07549
97 170 0.07712
97 171 -0.09797
97 172 -0.0747
97 173 0.08129
97 174 0.13079
97 175 0.038
97 176 -0.07923
97 177 -0.00268
97 178 -0.10477
97 179 -0.08713
97 180 -0.04602
97 181 -0.04977
97 182 0.03508
97 183 -0.01589
97 184 -0.03353
97 185 0.04235
97 186 0.06482
97 187 -0.19953
97 188 -0.12311
97 189 -0.13917
97 190 0.05991
97 191 0.05819
97 192 -0.00702
97 193 0.02823
97 194 0.02776
97 195 -0.02939
97 196 0.03851
97 197 0.0582
97 198 0.04118
97 199 0.0663
98 99 -0.02029
98 100 0.04091
98 101 -0.05326
98 102 0.01373
98 103 -0.0277
98 104 -0.02477
98 105 0.01287
98 106 0.04653
98 107 0.08224
98 108 0.00455
98 109 -0.0288
98 110 0.16176
98 111 0.00797
98 112 -0.04545
98 113 0.03091
98 114 0.06247
98 115 -0.02175
98 116 0.07455
98 117 0.13163
98 118 -0.11049
98 119 -0.13517
98 120 0.14097
98 121 -0.1267
98 122 -0.12813
98 123 0.0478
98 124 0.05696
98 125 0.08212
98 126 -0.02488
98 127 -0.02744
98 128 -0.01252
98 129 -0.10377
98 130 0.00513
98 131 -0.02302
98 132 0.00496
98 133 -0.17695
98 134 -0.07922
98 135 -0.07318
98 136 0.04079
98 137 0.12472
98 138 -0.06046
98 139 -0.07327
98 140 -0.0588
98 141 -0.06651
98 142 0.02072
98 143 0.07715
98 144 0.05255
98 145 0.01205
98 146 0.05601
98 147 0.08436
98 148 0.00262
98 149 -0.07827
98 150 0.09962
98 151 -0.10002
98 152 -0.04563
98 153 0.02623
98 154 0.02146
98 155 0.00647
98 156 0.01305
98 157 -0.00666
98 158 0.14166
98 159 -0.01139
98 160 -0.04909
98 161 -0.0982
98 162 0.07017
98 163 -0.08664
98 164 0.00472
98 165 0.04775
98 166 -0.02311
98 167 0.00959
98 168 0.00281
98 169 0.0278
98 170 -0.10697
98 171 -0.10834
98 172 -0.08579
98 173 0.01289
98 174 -0.051
98 175 0.09405
98 176 -0.07262
98 177 -0.06167
98 178 0.09793
98 179 -0.21584
98 180 0.02213
98 181 0.0327
98 182 -0.05694
98 183 0.10606
98 184 0.03871
98 185 0.06516
98 186 0.01582
98 187 -0.08456
98 188 0.05945
98 189 0.00394
98 190 -0.05898
98 191 0.05212
98 192 -0.02838
98 193 -0.03637
98 194 -0.01908
98 195 0.04261
98 196 0.08489
98 197 0.11238
98 198 -0.01517
98 199 -0.03656
99 100 -0.06638
99 101 -0.04859
99 102 -0.02691
99 103 -0.11269
99 104 -0.0532
99 105 -0.06255
99 106 -0.06261
99 107 -0.01796
99 108 0.10939
99 109 -0.0545
99 110 -0.00128
99 111 -0.03167
99 112 0.12582
99 113 0.11129
99 114 -0.03089
99 115 0.04764
99 116 -0.01655
99 117 -0.04862
99 118 0.06941
99 119 -0.08045
99 120 -0.00301
99 121 -0.09375
99 122 0.00136
99 123 0.02947
99 124 0.01824
99 125 -0.0445
99 126 -0.11845
99 127 -0.04297
99 128 0.0174
99 129 -0.0261
99 130 -0.04154
99 131 0.0785
99 132 -0.03614
99 133 0.09348
99 134 0.03081
99 135 -0.04621
99 136 -0.09612
99 137 0.11315
99 138 -0.16096
99 139 0.056
99 140 0.07283
99 141 -0.1489
99 142 0.04038
99 143 -0.0652
99 144 0.02766
99 145 -0.09646
99 146 -0.0601
99 147 0.02439
99 148 0.13533
99 149 0.01942
99 150 -0.05143
99 151 0.02384
99 152 0.09718
99 153 -0.13831
99 154 0.04118
99 155 0.04261
99 156 0.05316
99 157 0.04282
99 158 0.02691
99 159 -0.00645
99 160 -0.15388
99 161 0.01931
99 162 -0.01807
99 163 -0.06796
99 164 -0.01812
99 165 0.05537
99 166 0.08623
99 167 0.09528
99 168 0.03148
99 169 -0.03566
99 170 0.0387
99 171 -0.00046
99 172 0.00803
99 173 0.11049
99 174 -0.11317
99 175 0.02523
99 176 -0.05103
99 177 -0.0288
99 178 -0.10726
99 179 0.0417
99 180 -0.0378
99 181 -0.03242
99 182 0.01301
99 183 -0.01132
99 184 0.02272
99 185 -0.1002
99 186 -0.0232
99 187 0.0109
99 188 0.02567
99 189 -0.01579
99 190 -0.15903
99 191 -0.04617
99 192 0.21334
99 193 -0.05968
99 194 0.06093
99 195 -0.10355
99 196 -0.02446
99 197 0.06861
99 198 0.119
99 199 -0.0868
100 101 -0.10033
100 102 0.0021
100 103 -0.07434
100 104 -0.04235
100 105 -0.05458
100 106 -0.0084
100 107 -0.14722
100 108 -0.09095
100 109 0.13454
100 110 -0.10117
100 111 -0.03108
100 112 -0.09718
100 113 0.00069
100 114 0.1099
100 115 -0.129
100 116 -0.22746
100 117 0.02851
100 118 -0.0379
100 119 -0.01201
100 120 -0.11209
100 121 -0.06257
100 122 0.11729
100 123 -0.0361
100 124 -0.06585
100 125 -0.04609
100 126 0.05047
100 127 -0.02368
100 128 0.03504
100 129 0.16635
100 130 -0.00108
100 131 -0.06645
100 132 0.06751
100 133 0.0154
100 134 -0.02557
100 135 0.0565
100 136 0.05452
100 137 -0.0416
100 138 0.10454
100 139 -0.01875
100 140 -0.02695
100 141 -0.01458
100 142 -0.12434
100 143 -0.02076
100 144 0.02068
100 145 0.08308
100 146 -0.17482
100 147 -0.06234
100 148 -0.07358
100 149 0.05746
100 150 -0.0791
100 151 -0.0045
100 152 -0.01946
100 153 -0.01135
100 154 -0.1091
100 155 0.03597
100 156 -0.1116
100 157 -0.0758
100 158 -0.10983
100 159 0.01741
100 160 -0.08623
100 161 0.14561
100 162 -0.18204
100 163 -0.02528
100 164 0.00283
100 165 -0.09415
100 166 0.02728
100 167 -0.00142
100 168 0.09971
100 169 -0.0137
100 170 -0.0213
100 171 -0.0222
100 172 0.05507
100 173 0.03074
100 174 -0.00477
100 175 -0.00192
100 176 0.0366
100 177 -0.09712
100 178 -0.03218
100 179 -0.10233
100 180 -0.06818
100 181 -0.05219
100 182 0.07327
100 183 0.02507
100 184 0.12849
100 185 0.04438
100 186 -0.00874
100 187 0.07884
100 188 -0.04293
100 189 -0.02516
100 190 -0.04411
100 191 0.13683
100 192 0.02686
100 193 -0.06516
100 194 -0.07926
100 195 -0.04728
100 196 -0.1592
100 197 -0.18304
100 198 0.00143
100 199 -0.06517
101 102 -0.01397
101 103 -0.06791
101 104 0.07182
101 105 0.13824
101 106 0.02572
101 107 0.09869
101 108 -0.05484
101 109 -0.14352
101 110 -0.00243
101 111 0.00784
101 112 -0.10061
101 113 -0.05211
101 114 -0.04316
101 115 0.09079
101 116 0.01119
101 117 0.09446
101 118 -0.02411
101 119 0.05769
101 120 0.00017
101 121 0.0104
101 122 0.02232
101 123 0.01688
101 124 0.07601
101 125 -0.07632
101 126 -0.0506
101 127 0.0906
101 128 -0.01693
101 129 -0.02921
101 130 0.04472
101 131 -0.11827
101 132 -0.063
101 133 -0.06444
101 134 0.08364
101 135 -0.05195
101 136 0.0335
101 137 0.14664
101 138 -0.04157
101 139 0.04719
101 140 -0.05056
101 141 0.00052
101 142 -0.00059
101 143 0.0215
101 144 0.05428
101 145 -0.13434
101 146 -0.02685
101 147 -0.0411
101 148 0.03467
101 149 0.06325
101 150 0.00706
101 151 0.04147
101 152 0.04936
101 153 0.09525
101 154 -0.11803
101 155 -0.04467
101 156 -0.11349
101 157 -0.05
101 158 0.02529
101 159 0.0187
101 160 0.11627
101 161 0.05197
101 162 -0.13088
101 163 -0.00104
101 164 0.11852
101 165 -0.01053
101 166 0.15539
101 167 -0.11656
101 168 -0.07713
101 169 -0.0493
101 170 -0.03898
101 171 -0.01219
101 172 0.03647
101 173 0.07532
101 174 0.05051
101 175 -0.02997
101 176 -0.00861
101 177 -0.04778
101 178 0.00518
101 179 -0.02119
101 180 0.02638
101 181 -0.06425
101 182 -0.12236
101 183 0.02091
101 184 -0.10154
101 185 0.13116
101 186 0.02034
101 187 0.03881
101 188 0.03911
101 189 0.03756
101 190 0.16284
101 191 0.06348
101 192 -0.19014
101 193 -0.00653
101 194 0.05032
101 195 0.00539
101 196 0.04248
101 197 -0.11781
101 198 0.02322
101 199 -0.1378
102 103 -0.02341
102 104 -0.05732
102 105 0.19101
102 106 -0.14007
102 107 0.143
102 108 0.00894
102 109 0.08502
102 110 0.02185
102 111 -0.04506
102 112 -0.17396
102 113 0.0366
102 114 0.05053
102 115 0.00037
102 116 -0.08014
102 117 0.11316
102 118 -0.0045
102 119 -0.0405
102 120 -0.12271
102 121 0.09252
102 122 0.04376
102 123 0.04578
102 124 -0.02548
102 125 0.02918
102 126 -0.0297
102 127 -0.09582
102 128 0.08764
102 129 0.11007
102 130 0.13616
102 131 -0.05002
102 132 0.0278
102 133 -0.02655
102 134 -0.059
102 135 -0.01903
102 136 0.02485
102 137 0.03661
102 138 0.01329
102 139 -0.09918
102 140 0.15865
102 141 0.11056
102 142 -0.0403
102 143 -0.02503
102 144 -0.03126
102 145 0.08073
102 146 -0.02398
102 147 -0.06206
102 148 0.02357
102 149 -0.06867
102 150 -0.08442
102 151 -0.07541
102 152 0.04807
102 153 0.00709
102 154 -0.02055
102 155 -0.00798
102 156 0.08071
102 157 -0.06688
102 158 -0.08997
102 159 -0.0348
102 160 0.10266
102 161 -0.13903
102 162 -0.12492
102 163 -0.12366
102 164 0.04142
102 165 -0.03348
102 166 0.10978
102 167 0.10998
102 168 0.03587
102 169 0.10173
102 170 0.01148
102 171 -0.1256
102 172 0.05114
102 173 0.04789
102 174 0.03971
102 175 -0.02657
102 176 -0.08301
102 177 -0.03567
102 178 -0.04974
102 179 -0.11308
102 180 -0.01967
102 181 -0.00243
102 182 0.05437
102 183 0.08984
102 184 -0.02176
102 185 0.11995
102 186 -0.12474
102 187 0.1092
102 188 -0.13935
102 189 0.06887
102 190 0.11893
102 191 0.01217
102 192 0.00505
102 193 -0.03758
102 194 -0.05667
102 195 -0.0216
102 196 0.02534
102 197 -0.00515
102 198 -0.00356
102 199 0.02418
103 104 0.03896
103 105 0.04963
103 106 -0.11148
103 107 -0.01704
103 108 0.11211
103 109 0.09691
103 110 0.03659
103 111 -0.12564
103 112 -0.03599
103 113 -0.06329
103 114 0.09169
103 115 0.02135
103 116 -0.05611
103 117 -0.02349
103 118 0.03175
103 119 0.11075
103 120 -0.0402
103 121 -0.0275
103 122 -0.04511
103 123 -0.029
103 124 0.03828
103 125 0.00178
103 126 -0.05702
103 127 -0.03441
103 128 0.04289
103 129 -0.07913
103 130 0.02533
103 131 -0.08904
103 132 -0.0033
103 133 0.06043
103 134 0.03233
103 135 -0.0921
103 136 -0.08595
103 137 0.08761
103 138 0.16336
103 139 -0.03206
103 140 -0.07205
103 141 0.00753
103 142 -0.05334
103 143 -0.01776
103 144 -0.14572
103 145 -0.07531
103 146 -0.06148
103 147 -0.01105
103 148 -0.00255
103 149 0.12256
103 150 -0.05626
103 151 0.14089
103 152 -0.00433
103 153 0.09471
103 154 0.02878
103 155 -0.04309
103 156 -0.05885
103 157 0.12545
103 158 0.04348
103 159 -0.0238
103 160 -0.11249
103 161 -0.05216
103 162 -0.07546
103 163 -0.04623
103 164 0.0424
103 165 0.02444
103 166 -0.03651
103 167 0.04332
103 168 -0.06798
103 169 -0.03428
103 170 -0.0163
103 171 0.06094
103 172 -0.08968
103 173 0.01634
103 174 -0.00749
103 175 0.01835
103 176 0.0049
103 177 0.12276
103 178 0.00969
103 179 -0.02489
103 180 0.06367
103 181 0.06117
103 182 0.05276
103 183 0.04385
103 184 0.05431
103 185 -0.01283
103 186 -0.04524
103 187 0.08595
103 188 -0.0654
103 189 -0.13332
103 190 0.06617
103 191 -0.04932
103 192 0.10956
103 193 0.14408
103 194 0.08068
103 195 -0.08541
103 196 0.03222
103 197 -0.03543
103 198 -0.00672
103 199 -0.02651
104 105 0.05933
104 106 -0.07208
104 107 -0.04815
104 108 0.05527
104 109 0.03463
104 110 0.14064
104 111 -0.05113
104 112 0.11994
104 113 0.0205
104 114 -0.08693
104 115 -0.03716
104 116 -0.02374
104 117 -0.00244
104 118 -0.00873
104 119 0.03217
104 120 -0.06766
104 121 0.1103
104 122 0.06027
104 123 -0.06273
104 124 0.11416
104 125 -0.04983
104 126 -0.06911
104 127 -0.11316
104 128 -0.01809
104 129 -0.08853
104 130 -0.09738
104 131 -0.02607
104 132 -0.01307
104 133 -0.05141
104 134 0.07275
104 135 0.01487
104 136 0.02859
104 137 -0.13448
104 138 -0.0776
104 139 0.1022
104 140 0.08137
104 141 0.06419
104 142 0.00906
104 143 -0.07175
104 144 -0.00626
104 145 0.03356
104 146 -0.07402
104 147 -0.00268
104 148 -0.04806
104 149 -0.05488
104 150 0.04229
104 151 0.0278
104 152 -0.1214
104 153 -0.03851
104 154 0.17277
104 155 -0.00534
104 156 -0.00784
104 157 -0.08335
104 158 -0.06501
104 159 0.06803
104 160 0.04617
104 161 0.1723
104 162 -0.07135
104 163 -0.13619
104 164 -0.03916
104 165 -0.01963
104 166 0.0326
104 167 -0.00623
104 168 0.04157
104 169 -0.12111
104 170 0.01524
104 171 0.13675
104 172 -0.04629
104 173 0.07788
104 174 -0.07022
104 175 0.07773
104 176 0.10974
104 177 0.1055
104 178 -0.04073
104 179 0.05754
104 180 0.0265
104 181 -0.03967
104 182 -0.06943
104 183 -0.11003
104 184 -0.01726
104 185 0.10211
104 186 -0.06793
104 187 -0.02367
104 188 -0.16896
104 189 -0.00693
104 190 -0.01713
104 191 0.18286
104 192 -0.0244
104 193 0.02166
104 194 -0.02916
104 195 0.00589
104 196 -0.06774
104 197 -0.08754
104 198 -0.12206
104 199 -0.05923
105 106 -0.16404
105 107 0.03146
105 108 0.02414
105 109 -0.0474
105 110 0.12218
105 111 -0.08485
105 112 -0.13218
105 113 0.03604
105 114 0.0248
105 115 -0.00793
105 116 -0.06499
105 117 0.01763
105 118 0
105 119 -0.04706
105 120 -0.02441
105 121 -0.0276
105 122 0.16289
105 123 -0.01639
105 124 0.07963
105 125 -0.05589
105 126 0.09284
105 127 0.08503
105 128 0.0868
105 129 0.01225
105 130 -0.12282
105 131 0.01197
105 132 0.06769
105 133 0.09392
105 134 0.13548
105 135 -0.03864
105 136 0.02179
105 137 0.08599
105 138 0.04824
105 139 -0.13873
105 140 0.13715
105 141 0.07636
105 142 0.03042
105 143 -0.00604
105 144 -0.00279
105 145 -0.04349
105 146 0.04455
105 147 -0.01009
105 148 -0.04477
105 149 -0.05059
105 150 -0.03989
105 151 0.0099
105 152 0.13403
105 153 -0.13984
105 154 0.05967
105 155 0.05392
105 156 0.00141
105 157 0.05596
105 158 -0.0497
105 159 -0.11872
105 160 -0.00435
105 161 0.05952
105 162 0.04712
105 163 -0.07568
105 164 0.11708
105 165 0.02377
105 166 -0.06761
105 167 -0.07012
105 168 -0.14666
105 169 0.01815
105 170 -0.10642
105 171 -0.04012
105 172 0.03131
105 173 0.02709
105 174 -0.07838
105 175 -0.15605
105 176 0.05941
105 177 0.01292
105 178 0.06514
105 179 0.07907
105 180 -0.08629
105 181 -0.04785
105 182 0.01
105 183 -0.04839
105 184 0.12474
105 185 -0.03515
105 186 0.06584
105 187 -0.03008
105 188 -0.02973
105 189 0.18072
105 190 0.0994
105 191 -0.04793
105 192 -0.16821
105 193 0.0021
105 194 -0.00472
105 195 -0.13755
105 196 0.06003
105 197 0.00031
105 198 0.00811
105 199 0.02951
106 107 -0.01018
106 108 0.08498
106 109 -0.13643
106 110 0.05614
106 111 0.01462
106 112 -0.09842
106 113 -0.03947
106 114 -0.09444
106 115 -0.07809
106 116 0.09711
106 117 0.0174
106 118 0.03919
106 119 0.07731
106 120 0.00768
106 121 0.08185
106 122 -0.09932
106 123 0.03975
106 124 -0.0627
106 125 0.00726
106 126 -0.00227
106 127 -0.02766
106 128 -0.00782
106 129 0.03113
106 130 0.01845
106 131 -0.01687
106 132 0.05267
106 133 -0.08959
106 134 0.03921
106 135 -0.02771
106 136 0.01404
106 137 -0.20013
106 138 -0.02413
106 139 -0.11995
106 140 0.09747
106 141 -0.02224
106 142 0.07678
106 143 0.00694
106 144 -0.01508
106 145 -0.06231
106 146 -0.04228
106 147 -0.023
106 148 0.06519
106 149 -0.119
106 150 -0.02556
106 151 0.04075
106 152 0.04323
106 153 0.05966
106 154 -0.04276
106 155 -0.03615
106 156 -0.22005
106 157 0.12362
106 158 0.04229
106 159 0.11435
106 160 -0.07159
106 161 0.06622
106 162 0.14462
106 163 0.10508
106 164 0.01565
106 165 -0.08989
106 166 -0.05058
106 167 -0.0027
106 168 0.06324
106 169 -0.09652
106 170 0.02913
106 171 -0.03213
106 172 0.03985
106 173 -0.05193
106 174 0.10397
106 175 -0.10474
106 176 0.02867
106 177 0.10927
106 178 0.11252
106 179 -0.03847
106 180 0.06597
106 181 -0.09367
106 182 0.1003
106 183 -0.13267
106 184 -0.05772
106 185 0.03304
106 186 -0.02826
106 187 0.09421
106 188 0.16042
106 189 -0.00711
106 190 0.12122
106 191 -0.03198
106 192 -0.03141
106 193 -0.04518
106 194 -0.17259
106 195 0.10473
106 196 -0.06877
106 197 0.05512
106 198 0.04375
106 199 -0.04405
107 108 -0.03684
107 109 -0.08133
107 110 -0.09774
107 111 -0.10638
107 112 -0.07333
107 113 -0.01026
107 114 0.05112
107 115 0.00536
107 116 -0.05055
107 117 0.03293
107 118 -0.06921
107 119 0.06484
107 120 0.00573
107 121 -0.08312
107 122 -0.0122
107 123 0.03327
107 124 -0.06384
107 125 -0.03653
107 126 0.00192
107 127 0.0347
107 128 -0.08552
107 129 -0.02783
107 130 0.03198
107 131 -0.14036
107 132 -0.10512
107 133 -0.02432
107 134 -0.04208
107 135 0.01119
107 136 0.04719
107 137 -0.05691
107 138 0.08671
107 139 0.00843
107 140 0.00508
107 141 0.02429
107 142 0.00832
107 143 0.04336
107 144 -0.02679
107 145 0.13946
107 146 -0.03246
107 147 0.00226
107 148 -0.0161
107 149 -0.06783
107 150 0.02998
107 151 0.00753
107 152 0.12968
107 153 -0.04536
107 154 -0.11621
107 155 0.0935
107 156 0.06586
107 157 -0.15204
107 158 0.01221
107 159 -0.0055
107 160 -0.0038
107 161 0.00931
107 162 0.04031
107 163 -0.03227
107 164 -0.05556
107 165 -0.04908
107 166 -0.04151
107 167 -0.03081
107 168 -0.03864
107 169 -0.09153
107 170 0.0373
107 171 0.11564
107 172 -0.01894
107 173 0.06207
107 174 0.066
107 175 -0.03445
107 176 0.02491
107 177 -0.07475
107 178 0.04498
107 179 0.02271
107 180 0.02313
107 181 -0.02767
107 182 0.15754
107 183 -0.05128
107 184 0.12721
107 185 0.04973
107 186 0.05499
107 187 0.17804
107 188 -0.0473
107 189 0.13023
107 190 0.00011
107 191 0.02974
107 192 -0.04525
107 193 -0.06969
107 194 -0.06095
107 195 0.02374
107 196 -0.02761
107 197 -0.16331
107 198 0.0262
107 199 -0.04279
108 109 -0.14486
108 110 -0.01719
108 111 -0.02867
108 112 0.04944
108 113 -0.0233
108 114 0.01276
108 115 0.03183
108 116 0.0845
108 117 0.05361
108 118 -0.03964
108 119 0.02425
108 120 0.05867
108 121 0.02241
108 122 -0.07194
108 123 0.07542
108 124 0.09111
108 125 -0.02367
108 126 -0.08442
108 127 0.12719
108 128 0.11855
108 129 0.0554
108 130 0.05704
108 131 0.00357
108 132 0.06451
108 133 0.00939
108 134 0.11511
108 135 -0.06979
108 136 0.06604
108 137 0.04887
108 138 -0.00903
108 139 -0.14691
108 140 0.00208
108 141 -0.04251
108 142 -0.07781
108 143 0.07222
108 144 -0.12727
108 145 0.0446
108 146 -0.03325
108 147 -0.02622
108 148 -0.0305
108 149 -0.05428
108 150 -0.03998
108 151 0.14812
108 152 0.01265
108 153 0.04386
108 154 -0.04809
108 155 -0.02174
108 156 -0.07247
108 157 -0.05588
108 158 -0.08298
108 159 -0.00995
108 160 -0.02909
108 161 -0.04285
108 162 0.02854
108 163 0.08098
108 164 -0.00346
108 165 -0.02527
108 166 0.04019
108 167 -0.00061
108 168 -0.01423
108 169 -0.10732
108 170 0.03679
108 171 -0.08706
108 172 -0.05765
108 173 -0.05363
108 174 -0.04493
108 175 0.01987
108 176 0.14597
108 177 0.03799
108 178 -0.00671
108 179 0.05181
108 180 0.04451
108 181 -0.0281
108 182 -0.09991
108 183 0.12189
108 184 0.0223
108 185 -0.10748
108 186 0.01986
108 187 0.07375
108 188 0.01784
108 189 0.01194
108 190 -0.02395
108 191 0.05713
108 192 -0.07896
108 193 -0.00072
108 194 0.0437
108 195 0.05168
108 196 -0.06534
108 197 0.02999
108 198 0.07893
108 199 0.06014
109 110 -0.02088
109 111 0.10238
109 112 -0.05866
109 113 0.08362
109 114 0.04736
109 115 -0.05576
109 116 -0.01596
109 117 0.02859
109 118 0.09832
109 119 -0.00299
109 120 0.0766
109 121 0.07478
109 122 0.0818
109 123 0.04786
109 124 -0.04269
109 125 0.014
109 126 0.08922
109 127 -0.08335
109 128 -0.09531
109 129 -0.17098
109 130 -0.15943
109 131 0.00085
109 132 -0.02902
109 133 0.05643
109 134 -0.02389
109 135 -0.0342
109 136 0.04057
109 137 0.0288
109 138 0.02016
109 139 -0.04638
109 140 -0.00471
109 141 0.04156
109 142 0.11427
109 143 -0.09332
109 144 0.06411
109 145 0.09471
109 146 -0.04075
109 147 -0.02961
109 148 0.05011
109 149 0.09281
109 150 -0.08551
109 151 0.01621
109 152 0.10779
109 153 0.07784
109 154 -0.02605
109 155 -0.04769
109 156 -0.04097
109 157 -0.06882
109 158 -0.07443
109 159 0.08287
109 160 0.0186
109 161 0.0414
109 162 0.03246
109 163 -0.02936
109 164 0.16894
109 165 0.05401
109 166 0.07284
109 167 -0.1207
109 168 0.02766
109 169 -0.00615
109 170 0.02778
109 171 0.00443
109 172 -0.06734
109 173 0.08235
109 174 0.04225
109 175 -0.00778
109 176 -0.09308
109 177 0.02691
109 178 0.10561
109 179 0.05274
109 180 -0.03215
109 181 0.05799
109 182 -0.00991
109 183 -0.01783
109 184 0.02322
109 185 -0.01407
109 186 -0.05485
109 187 0.0313
109 188 0.05794
109 189 0.08774
109 190 0.09691
109 191 -0.05044
109 192 -0.09538
109 193 -0.03402
109 194 -0.09622
109 195 -0.05153
109 196 -0.01764
109 197 0.06005
109 198 -0.04161
109 199 0.07386
110 111 0.04543
110 112 -0.02087
110 113 -0.00115
110 114 -0.02076
110 115 0.13688
110 116 0.02258
110 117 -0.08057
110 118 -0.02287
110 119 -0.0056
110 120 0.01822
110 121 -0.02018
110 122 0.09733
110 123 -0.09826
110 124 -0.09234
110 125 -0.01024
110 126 -0.07636
110 127 -0.06449
110 128 -0.08871
110 129 -0.02004
110 130 0.05418
110 131 -0.01994
110 132 0.04728
110 133 0.03669
110 134 -0.07199
110 135 0.04914
110 136 0.02578
110 137 0.09137
110 138 0.06671
110 139 0.03141
110 140 0.02309
110 141 0.03426
110 142 -0.02607
110 143 -0.05675
110 144 -0.02902
110 145 0.08945
110 146 0.03185
110 147 -0.30955
110 148 -0.0425
110 149 -0.13801
110 150 0.04642
110 151 -0.03122
110 152 0.05841
110 153 -0.02372
110 154 0.00772
110 155 -0.06626
110 156 -0.0343
110 157 0.0169
110 158 0.03068
110 159 0.02287
110 160 0.0208
110 161 -0.01808
110 162 0.01509
110 163 0.08249
110 164 -0.03451
110 165 -0.09391
110 166 0.04787
110 167 0.06635
110 168 -0.0467
110 169 0.02482
110 170 -0.05601
110 171 -0.00391
110 172 -0.03581
110 173 0.02397
110 174 -0.01729
110 175 0.14332
110 176 0.1397
110 177 0.07111
110 178 -0.10623
110 179 0.03287
110 180 -0.01852
110 181 0.08561
110 182 0.02502
110 183 -0.0701
110 184 0.01095
110 185 0.09471
110 186 -0.01426
110 187 0.09437
110 188 -0.02646
110 189 0.04387
110 190 -0.10985
110 191 -0.06998
110 192 0.07836
110 193 -0.05077
110 194 0.04255
110 195 0.0597
110 196 0.0627
110 197 0.16181
110 198 0.03592
110 199 -0.06554
111 112 -0.01121
111 113 -0.18052
111 114 0.04706
111 115 0.01626
111 116 -0.02362
111 117 0.00778
111 118 0.1084
111 119 0.08152
111 120 0.0664
111 121 -0.10648
111 122 0.02593
111 123 0.01383
111 124 -0.07492
111 125 0.04318
111 126 -0.00641
111 127 -0.04309
111 128 0.07298
111 129 -0.00202
111 130 -0.00549
111 131 0.01081
111 132 0.01494
111 133 0.0901
111 134 0.10576
111 135 0.07105
111 136 -0.077
111 137 0.02086
111 138 0.08691
111 139 0.03156
111 140 0.10634
111 141 -0.15082
111 142 -0.14082
111 143 -0.00504
111 144 0.0932
111 145 -0.02333
111 146 0.03188
111 147 -0.07438
111 148 0.12427
111 149 -0.01028
111 150 -0.02058
111 151 0.04323
111 152 0.11687
111 153 0.02167
111 154 0.01542
111 155 0.00424
111 156 -0.05416
111 157 -0.06978
111 158 -0.01304
111 159 0.03531
111 160 0.02666
111 161 0.00939
111 162 -0.00848
111 163 0.02443
111 164 -0.08729
111 165 0.01183
111 166 0.006
111 167 -0.05294
111 168 0.03326
111 169 0.06696
111 170 -0.03743
111 171 -0.08542
111 172 -0.02249
111 173 -0.08577
111 174 0.15904
111 175 -0.11096
111 176 0.09584
111 177 -0.06831
111 178 -0.07812
111 179 0.07532
111 180 0.00774
111 181 -0.09396
111 182 0.10827
111 183 -0.03473
111 184 -0.0651
111 185 -0.20887
111 186 -0.05083
111 187 0.02772
111 188 -0.07675
111 189 0.05929
111 190 -0.04442
111 191 -0.03713
111 192 0.06388
111 193 -0.03828
111 194 0.03207
111 195 -0.03955
111 196 -0.00106
111 197 0.02802
111 198 -0.00015
111 199 0.0708
112 113 0.0511
112 114 0.02956
112 115 -0.02318
112 116 0.09017
112 117 -0.01914
112 118 -0.19359
112 119 0.02788
112 120 0.01334
112 121 0.02966
112 122 0.13468
112 123 -0.0112
112 124 -0.00453
112 125 0.05066
112 126 0.06092
112 127 0.11788
112 128 -0.11584
112 129 -0.09913
112 130 0.08617
112 131 0.01949
112 132 0.01544
112 133 0.06617
112 134 -0.09807
112 135 0.03121
112 136 0.12889
112 137 -0.21124
112 138 -0.00235
112 139 0.12052
112 140 -0.0781
112 141 -0.02443
112 142 0.01694
112 143 -0.04857
112 144 -0.09603
112 145 0.01931
112 146 -0.02611
112 147 -0.05696
112 148 0.11976
112 149 0.0487
112 150 0.09312
112 151 -0.12683
112 152 0.01538
112 153 -0.10983
112 154 -0.06614
112 155 0.06009
112 156 0.05741
112 157 -0.12721
112 158 -0.00464
112 159 -0.06082
112 160 0.11323
112 161 0.01747
112 162 0.0467
112 163 0.1084
112 164 -0.00508
112 165 -0.09865
112 166 -0.0445
112 167 -0.0312
112 168 -0.09807
112 169 0.08985
112 170 -0.01084
112 171 -0.06104
112 172 -0.0895
112 173 -0.00951
112 174 -0.04597
112 175 -0.07191
112 176 -0.16821
112 177 -0.01185
112 178 0.0515
112 179 -0.11392
112 180 -0.03188
112 181 -0.04998
112 182 -0.03302
112 183 0.05617
112 184 -0.07899
112 185 -0.14757
112 186 0.06794
112 187 0.02729
112 188 0.0294
112 189 0.02735
112 190 0.0015
112 191 -0.02059
112 192 -0.02897
112 193 0.01591
112 194 -0.05408
112 195 0.03946
112 196 0.09326
112 197 -0.03072
112 198 -0.01077
112 199 -0.05577
113 114 0.06729
113 115 0.05041
113 116 0.02173
113 117 0.05249
113 118 0.12911
113 119 0.04979
113 120 -0.17994
113 121 0.08307
113 122 -0.19037
113 123 -0.02484
113 124 0.07584
113 125 0.06428
113 126 0.07169
113 127 0.05046
113 128 0.11382
113 129 0.04807
113 130 0.08298
113 131 -0.03214
113 132 0.04185
113 133 -0.00877
113 134 -0.09904
113 135 0.0421
113 136 0.04062
113 137 -0.06019
113 138 -0.04794
113 139 -0.06138
113 140 -0.03149
113 141 -0.00165
113 142 -0.12997
113 143 -0.11809
113 144 -0.07215
113 145 0.12178
113 146 0.00403
113 147 -0.01121
113 148 0.08509
113 149 0.00921
113 150 -0.03635
113 151 0.00705
113 152 -0.02866
113 153 -0.04342
113 154 -0.0355
113 155 0.05447
113 156 0.02756
113 157 -0.06608
113 158 0.11501
113 159 -0.03638
113 160 0.0064
113 161 0.00922
113 162 0.01935
113 163 -0.10799
113 164 0.01172
113 165 0.00867
113 166 0.02279
113 167 0.00969
113 168 0.02721
113 169 -0.03588
113 170 0.05636
113 171 0.03878
113 172 0.01209
113 173 0.04522
113 174 -0.01593
113 175 -0.08469
113 176 0.02742
113 177 -0.00926
113 178 -0.04162
113 179 0.06078
113 180 -0.08309
113 181 0.01276
113 182 -0.14851
113 183 0.06644
113 184 -0.01173
113 185 0.03656
113 186 0.00892
113 187 0.05801
113 188 -0.0076
113 189 0.00459
113 190 0.01008
113 191 0.11051
113 192 -0.06307
113 193 0.10966
113 194 0.03606
113 195 0.11834
113 196 -0.16623
113 197 -0.07051
113 198 -0.07889
113 199 0.05765
114 115 0.01737
114 116 0.09811
114 117 0.06523
114 118 0.06288
114 119 -0.01271
114 120 0.02376
114 121 -0.03711
114 122 -0.04831
114 123 0.21674
114 124 -0.02349
114 125 -0.00747
114 126 0.01421
114 127 0.00397
114 128 0.14045
114 129 0.08239
114 130 -0.00465
114 131 -0.05498
114 132 0.01394
114 133 0.12814
114 134 -0.08751
114 135 0.03317
114 136 -0.01409
114 137 0.04088
114 138 -0.10362
114 139 -0.09642
114 140 0.05494
114 141 -0.08911
114 142 0.02542
114 143 -0.0239
114 144 -0.05167
114 145 0.01507
114 146 0.05262
114 147 -0.04309
114 148 -0.04908
114 149 -0.05504
114 150 0.0837
114 151 0.12974
114 152 -0.21786
114 153 0.03348
114 154 0.02926
114 155 -0.02376
114 156 0.03347
114 157 -0.15332
114 158 0.03509
114 159 -0.00043
114 160 -0.21154
114 161 0.02666
114 162 -0.03018
114 163 -0.00693
114 164 0.01929
114 165 0.0736
114 166 -0.04661
114 167 0.0388
114 168 -0.01713
114 169 -0.07068
114 170 0.05816
114 171 0.00237
114 172 0.03714
114 173 -0.0502
114 174 0.02715
114 175 -0.01583
114 176 0.02965
114 177 -0.06277
114 178 -0.04817
114 179 -0.06175
114 180 0.0194
114 181 -0.09572
114 182 0.07262
114 183 -0.11715
114 184 -0.0266
114 185 0.06635
114 186 0.00896
114 187 -0.06726
114 188 -0.04433
114 189 -0.0469
114 190 -0.03411
114 191 0.0427
114 192 0.1193
114 193 -0.04261
114 194 -0.0362
114 195 0.02341
114 196 -0.02252
114 197 0.10833
114 198 0.08416
114 199 -0.05155
115 116 0.13506
115 117 -0.01752
115 118 -0.16383
115 119 -0.01839
115 120 -0.04293
115 121 -0.13832
115 122 0.05163
115 123 0.02023
115 124 0.01867
115 125 -0.09292
115 126 -0.03403
115 127 0.06292
115 128 -0.04945
115 129 0.05461
115 130 0.06386
115 131 -0.00805
115 132 -0.02256
115 133 -0.00852
115 134 0.09274
115 135 0.05766
115 136 0.00849
115 137 -0.00556
115 138 -0.02721
115 139 0.01229
115 140 -0.12538
115 141 -0.15139
115 142 0.07784
115 143 0.00889
115 144 -0.00017
115 145 0.07967
115 146 -0.01751
115 147 -0.06599
115 148 -0.09751
115 149 0.07631
115 150 0.00535
115 151 0.01497
115 152 -0.02879
115 153 -0.08987
115 154 -0.04469
115 155 0.10206
115 156 0.13017
115 157 -0.04698
115 158 0.19424
115 159 0.10485
115 160 -0.07108
115 161 0.15005
115 162 0.08095
115 163 0.11847
115 164 0.02977
115 165 -0.00771
115 166 -0.00976
115 167 0.00839
115 168 0.13462
115 169 0.04205
115 170 0.01853
115 171 0.07521
115 172 0.01939
115 173 0.02988
115 174 -0.02758
115 175 -0.03385
115 176 -0.03649
115 177 -0.07833
115 178 -0.02793
115 179 -0.02918
115 180 -0.04498
115 181 -0.12071
115 182 -0.0232
115 183 -0.03614
115 184 0.05561
115 185 -0.06726
115 186 -0.03183
115 187 0.07673
115 188 -0.09659
115 189 0.02412
115 190 -0.05853
115 191 0.04046
115 192 0.01852
115 193 0.07323
115 194 0.02925
115 195 -0.11503
115 196 -0.06383
115 197 -0.15382
115 198 0.00613
115 199 0.03847
116 117 -0.00561
116 118 0.02059
116 119 -0.03227
116 120 0.00831
116 121 0.03972
116 122 -0.02101
116 123 -0.04146
116 124 -0.06723
116 125 0.03146
116 126 -0.01155
116 127 -0.0067
116 128 -0.04715
116 129 -0.02578
116 130 -0.00727
116 131 -0.02761
116 132 -0.04922
116 133 0.02426
116 134 0.05802
116 135 -0.08659
116 136 0.00047
116 137 -0.12045
116 138 0.0689
116 139 -0.12671
116 140 0.06145
116 141 0.10447
116 142 -0.00898
116 143 -0.05932
116 144 -0.06863
116 145 -0.08615
116 146 -0.01119
116 147 0.05361
116 148 0.0039
116 149 0.00938
116 150 0.04504
116 151 0.06224
116 152 -0.05518
116 153 -0.0025
116 154 -0.01809
116 155 0.09888
116 156 0.03695
116 157 0.01255
116 158 -0.04118
116 159 -0.1361
116 160 -0.05793
116 161 -0.11552
116 162 -0.02337
116 163 0.05794
116 164 0.06747
116 165 0.0018
116 166 -0.03676
116 167 0.00377
116 168 0.05522
116 169 -0.11606
116 170 -0.07058
116 171 0.01977
116 172 0.06034
116 173 0.05132
116 174 0.01507
116 175 0.06645
116 176 -0.05528
116 177 0.02153
116 178 -0.15969
116 179 -0.01847
116 180 -0.01099
116 181 0.05108
116 182 -0.07678
116 183 0.05576
116 184 0.01241
116 185 0.0243
116 186 0.04599
116 187 -0.07665
116 188 0.13445
116 189 -0.08435
116 190 -0.0907
116 191 -0.02468
116 192 -0.15098
116 193 0.14622
116 194 -0.0605
116 195 0.0479
116 196 0.07711
116 197 -0.12549
116 198 0.03788
116 199 0.02265
117 118 -0.03082
117 119 -0.0174
117 120 -0.00251
117 121 0.05914
117 122 0.05742
117 123 0.10535
117 124 0.00443
117 125 0.00536
117 126 0.00484
117 127 0.11285
117 128 -0.05831
117 129 -0.0828
117 130 0.02854
117 131 0.02376
117 132 0.11804
117 133 0.11301
117 134 -0.09394
117 135 0.00135
117 136 -0.01029
117 137 0.03313
117 138 -0.03682
117 139 -0.0123
117 140 -0.04473
117 141 -0.1209
117 142 0.00861
117 143 0.00753
117 144 0.00814
117 145 0.01059
117 146 -0.07812
117 147 0.01185
117 148 -0.03281
117 149 0.02457
117 150 0.03928
117 151 -0.03077
117 152 -0.0498
117 153 -0.00673
117 154 0.00985
117 155 -0.08923
117 156 0.06179
117 157 0.13107
117 158 0.02258
117 159 -0.03377
117 160 0.01251
117 161 -0.04747
117 162 0.02872
117 163 -0.13726
117 164 -0.13331
117 165 0.09596
117 166 -0.08643
117 167 0.08803
117 168 -0.01537
117 169 0.04338
117 170 -0.02998
117 171 -0.11819
117 172 0.04281
117 173 -0.0241
117 174 -0.0539
117 175 0.08962
117 176 -0.08648
117 177 0.0046
117 178 0.00558
117 179 -0.03575
117 180 -0.00366
117 181 0.14765
117 182 -0.07763
117 183 0.11968
117 184 -0.06215
117 185 0.04946
117 186 -0.04357
117 187 -0.1048
117 188 -0.00883
117 189 -0.04789
117 190 -0.00437
117 191 -0.06578
117 192 0.07449
117 193 0.07337
117 194 0.12482
117 195 0.11524
117 196 0.01731
117 197 0.03729
117 198 0.01996
117 199 0.0226
118 119 0.07348
118 120 -0.07656
118 121 -0.01552
118 122 0.01236
118 123 -0.08533
118 124 -0.14858
118 125 -0.05228
118 126 0.00985
118 127 0.07424
118 128 -0.03848
118 129 -0.01993
118 130 -0.01509
118 131 0.00625
118 132 -0.08349
118 133 0.00604
118 134 -0.12318
118 135 -0.01463
118 136 0.01826
118 137 0.08721
118 138 0.05545
118 139 0.00624
118 140 0.0328
118 141 -0.04591
118 142 0.06377
118 143 -0.00803
118 144 0.00977
118 145 -0.00603
118 146 -0.11136
118 147 -0.07115
118 148 0.04794
118 149 -0.11021
118 150 -0.07247
118 151 -0.0968
118 152 0.08453
118 153 0.10463
118 154 -0.03408
118 155 0.04879
118 156 0.07667
118 157 0.00101
118 158 -0.08295
118 159 -0.03664
118 160 0.0261
118 161 -0.042
118 162 -0.02
118 163 -0.01343
118 164 -0.09064
118 165 -0.04025
118 166 0.12813
118 167 -0.12272
118 168 -0.00115
118 169 0.11592
118 170 0.07657
118 171 0.07213
118 172 0.08043
118 173 -0.09077
118 174 -0.09029
118 175 0.02739
118 176 -0.08735
118 177 0.0484
118 178 -0.02389
118 179 0.01839
118 180 0.06121
118 181 0.04471
118 182 0.04949
118 183 -0.07867
118 184 -0.0409
118 185 -0.09652
118 186 -0.0161
118 187 0.06425
118 188 0.05091
118 189 0.04598
118 190 0.04224
118 191 -0.07449
118 192 -0.04346
118 193 -0.00312
118 194 -0.00385
118 195 -0.01246
118 196 0.12689
118 197 0.05005
118 198 0.04646
118 199 0.13144
119 120 0.01014
119 121 -0.11066
119 122 -0.02523
119 123 -0.01283
119 124 0.03576
119 125 0.08114
119 126 -0.00758
119 127 -0.18694
119 128 -0.07876
119 129 0.00727
119 130 -0.03865
119 131 0.05638
119 132 0.01045
119 133 -0.00958
119 134 0.02337
119 135 0.06031
119 136 -0.05118
119 137 0.0478
119 138 -0.02176
119 139 -0.10349
119 140 0.01389
119 141 0.05406
119 142 0.00812
119 143 0.04745
119 144 -0.00544
119 145 0.07693
119 146 0.03401
119 147 -0.13526
119 148 -0.10431
119 149 0.04258
119 150 -0.0241
119 151 -0.02023
119 152 -0.04644
119 153 0.12455
119 154 0.06076
119 155 -0.02923
119 156 -0.05954
119 157 -0.05357
119 158 0.00206
119 159 -0.05765
119 160 0.01927
119 161 0.04693
119 162 0.01774
119 163 -0.06883
119 164 0.06261
119 165 0.0007
119 166 0.10262
119 167 -0.12052
119 168 -0.11746
119 169 -0.03408
119 170 0.03182
119 171 0.0702
119 172 0.0142
119 173 0.03271
119 174 0.17178
119 175 0.01938
119 176 0.04962
119 177 -0.02918
119 178 -0.03957
119 179 -0.11795
119 180 0.04012
119 181 0.13555
119 182 0.03657
119 183 -0.01697
119 184 -0.01566
119 185 -0.07347
119 186 0.10172
119 187 -0.03187
119 188 -0.00042
119 189 -0.08332
119 190 0.05627
119 191 -0.08163
119 192 -0.02972
119 193 0.08333
119 194 0.03122
119 195 0.07924
119 196 0.03759
119 197 0.13747
119 198 -0.04144
119 199 0.16503
120 121 0.02044
120 122 0.01117
120 123 0.09969
120 124 -0.0581
120 125 -0.01295
120 126 -0.09162
120 127 0.08293
120 128 -0.07884
120 129 0.01939
120 130 -0.01211
120 131 -0.02235
120 132 0.01561
120 133 0.0253
120 134 0.07326
120 135 -0.12354
120 136 0.16961
120 137 0.03171
120 138 -0.06952
120 139 -0.08646
120 140 0.06006
120 141 -0.00262
120 142 0.04637
120 143 0.01775
120 144 0.06462
120 145 0.09521
120 146 0.05801
120 147 -0.04582
120 148 -0.16281
120 149 -0.06526
120 150 -0.03234
120 151 0.05171
120 152 -0.14336
120 153 -0.15768
120 154 0.04308
120 155 -0.00884
120 156 0.00959
120 157 -0.02039
120 158 -0.02474
120 159 0.00418
120 160 -0.01201
120 161 -0.11501
120 162 0.04165
120 163 -0.0427
120 164 -0.14164
120 165 0.03857
120 166 -0.02536
120 167 -0.09932
120 168 0.0889
120 169 -0.12142
120 170 -0.05238
120 171 0.09577
120 172 0.05647
120 173 -0.03089
120 174 0.08572
120 175 -0.21709
120 176 -0.12131
120 177 -0.03994
120 178 0.02026
120 179 0.08472
120 180 -0.02559
120 181 -0.03064
120 182 -0.01058
120 183 0.00833
120 184 -0.12552
120 185 -0.1867
120 186 -0.09725
120 187 0.08638
120 188 0.05621
120 189 -0.05487
120 190 -0.04126
120 191 0.02905
120 192 -0.02264
120 193 -0.09469
120 194 -0.16765
120 195 -0.00201
120 196 -0.06106
120 197 -0.00235
120 198 -0.02378
120 199 -0.02235
121 122 0.02595
121 123 0.0002
121 124 -0.00214
121 125 -0.08621
121 126 -0.14149
121 127 0.06499
121 128 -0.03751
121 129 0.05025
121 130 -0.00799
121 131 0.00473
121 132 0.0257
121 133 -0.02486
121 134 -0.02581
121 135 0.03676
121 136 0.0185
121 137 -0.13254
121 138 0.16392
121 139 0.08229
121 140 -0.00212
121 141 -0.03684
121 142 -0.12603
121 143 0.03792
121 144 -0.03058
121 145 -0.0932
121 146 0.01149
121 147 0.08047
121 148 -0.00231
121 149 -0.11391
121 150 -0.0206
121 151 0.02503
121 152 -0.01466
121 153 0.08975
121 154 -0.01649
121 155 0.01884
121 156 -0.13369
121 157 0.08337
121 158 -0.03242
121 159 -0.04383
121 160 -0.01664
121 161 0.01703
121 162 0.15066
121 163 -0.04986
121 164 0.03883
121 165 0.01048
121 166 0.10466
121 167 -0.09652
121 168 0.06278
121 169 0.06155
121 170 -0.09605
121 171 0.12916
121 172 -0.07695
121 173 -0.01579
121 174 -0.07921
121 175 0.06682
121 176 -0.0342
121 177 0.02674
121 178 0.06178
121 179 -0.00246
121 180 0.05611
121 181 0.01742
121 182 -0.01336
121 183 0.08336
121 184 -0.00889
121 185 -0.00812
121 186 0.06354
121 187 0.02866
121 188 -0.06691
121 189 -0.00701
121 190 0.03833
121 191 -0.02711
121 192 0.01439
121 193 -0.03566
121 194 0.00747
121 195 -0.00698
121 196 0.00343
121 197 -0.06013
121 198 -0.08858
121 199 0.00658
122 123 0.14493
122 124 0.01787
122 125 -0.03458
122 126 -0.02206
122 127 0.11307
122 128 -0.04584
122 129 0.03056
122 130 0.10348
122 131 -0.00268
122 132 -0.04606
122 133 -0.02145
122 134 -0.21028
122 135 -0.06859
122 136 0.02089
122 137 -0.00145
122 138 -0.18187
122 139 -0.03979
122 140 0.00167
122 141 0.05797
122 142 -0.08298
122 143 0.11897
122 144 -0.01784
122 145 0.05036
122 146 -0.04681
122 147 -0.0094
122 148 0.01837
122 149 0.06771
122 150 -0.04647
122 151 -0.0918
122 152 0.09425
122 153 0.04307
122 154 -0.1048
122 155 -0.06158
122 156 -0.05669
122 157 -0.01732
122 158 0.00142
122 159 -0.01714
122 160 0.04875
122 161 0.01043
122 162 -0.09969
122 163 -0.09136
122 164 0.01475
122 165 -0.1187
122 166 0.09489
122 167 0.06665
122 168 0.00875
122 169 0.04347
122 170 0.10618
122 171 -0.05677
122 172 -0.05097
122 173 0.0385
122 174 -0.17889
122 175 -0.02789
122 176 0.01687
122 177 0.05896
122 178 -0.14975
122 179 0.04359
122 180 -0.06647
122 181 -0.05958
122 182 -0.01948
122 183 -0.03439
122 184 0.03058
122 185 0.12078
122 186 -0.02486
122 187 -0.01921
122 188 -0.05771
122 189 -0.10397
122 190 -0.04549
122 191 -0.01129
122 192 0.00439
122 193 -0.03636
122 194 0.01462
122 195 -0.09323
122 196 -0.01288
122 197 0.09332
122 198 -0.06296
122 199 -0.0131
123 124 -0.00809
123 125 0.00758
123 126 0.05863
123 127 0.16911
123 128 0.04371
123 129 0.0066
123 130 0.02848
123 131 -0.10927
123 132 0.02679
123 133 0.12294
123 134 0.09302
123 135 0.01724
123 136 -0.08903
123 137 -0.07923
123 138 -0.02581
123 139 0.04955
123 140 0.05579
123 141 -0.00177
123 142 0.06413
123 143 -0.05329
123 144 -0.01188
123 145 -0.04213
123 146 -0.01218
123 147 0.03896
123 148 -0.06698
123 149 -0.0217
123 150 -0.03683
123 151 -0.01678
123 152 -0.04127
123 153 -0.07959
123 154 -0.02558
123 155 0.04821
123 156 0.05031
123 157 0.01569
123 158 0.11882
123 159 0.01266
123 160 -0.12351
123 161 0.02518
123 162 -0.0075
123 163 -0.15648
123 164 -0.02138
123 165 0.01653
123 166 0.01641
123 167 0.11095
123 168 0.04849
123 169 0.02738
123 170 0.03816
123 171 0.00216
123 172 0.01048
123 173 -0.03416
123 174 0.0044
123 175 0.028
123 176 0.03483
123 177 0.06976
123 178 -0.06018
123 179 -0.02934
123 180 0.04997
123 181 -0.06268
123 182 -0.02151
123 183 0.16882
123 184 -0.04934
123 185 -0.07076
123 186 0.09604
123 187 0.0088
123 188 -0.07892
123 189 -0.06386
123 190 0.05345
123 191 0.0346
123 192 0.0294
123 193 0.04778
123 194 -0.10101
123 195 -0.06446
123 196 -0.06441
123 197 -0.01838
123 198 -0.05026
123 199 -0.02498
124 125 -0.08058
124 126 -0.09082
124 127 -0.07448
124 128 -0.10975
124 129 -0.05636
124 130 -0.04725
124 131 0.0305
124 132 0.06695
124 133 -0.1305
124 134 -0.1395
124 135 0.0489
124 136 0.04482
124 137 0.06562
124 138 -0.1702
124 139 -0.03175
124 140 0.04133
124 141 -0.03474
124 142 -0.02669
124 143 -0.07273
124 144 -0.03634
124 145 -0.02756
124 146 0.03164
124 147 -0.00301
124 148 0.03668
124 149 -0.0541
124 150 -0.00905
124 151 0.02089
124 152 0.05959
124 153 -0.02695
124 154 0.07376
124 155 0.06488
124 156 -0.01642
124 157 -0.04334
124 158 -0.04233
124 159 0.0296
124 160 -0.12126
124 161 -0.02703
124 162 -0.08651
124 163 0.05789
124 164 -0.00679
124 165 0.06973
124 166 -0.06675
124 167 0.14307
124 168 -0.0436
124 169 -0.03278
124 170 -0.00736
124 171 0.03053
124 172 0.18284
124 173 0.12187
124 174 -0.05678
124 175 0.03721
124 176 -0.04059
124 177 0.12724
124 178 -0.24475
124 179 0.00479
124 180 0.05783
124 181 0.00585
124 182 -0.06114
124 183 0.1192
124 184 -0.06573
124 185 0.03276
124 186 0.04415
124 187 0.07242
124 188 0.17678
124 189 0.14856
124 190 -0.07212
124 191 -0.16597
124 192 -0.03765
124 193 0.02401
124 194 0.0004
124 195 0.02732
124 196 0.00656
124 197 0.06606
124 198 0.10097
124 199 0.03955
125 126 -0.12395
125 127 0.02905
125 128 0.00195
125 129 0.06961
125 130 -0.04584
125 131 -0.11383
125 132 -0.04937
125 133 -0.06748
125 134 0.13855
125 135 -0.11331
125 136 -0.0019
125 137 -0.08032
125 138 0.05803
125 139 -0.09483
125 140 -0.00022
125 141 -0.02763
125 142 0.03142
125 143 0.0391
125 144 -0.029
125 145 -0.02106
125 146 -0.0571
125 147 0.04004
125 148 0.01388
125 149 0.04655
125 150 0.05015
125 151 -0.05118
125 152 -0.00904
125 153 0.06451
125 154 -0.09746
125 155 -0.0793
125 156 0.04264
125 157 -0.03236
125 158 -0.02733
125 159 0.09846
125 160 -0.02297
125 161 -0.0746
125 162 -0.10168
125 163 -0.01465
125 164 0.04875
125 165 0.03886
125 166 0.07352
125 167 0.09695
125 168 0.04017
125 169 0.02546
125 170 0.01821
125 171 -0.17634
125 172 -0.06918
125 173 0.01386
125 174 -0.09497
125 175 0.12656
125 176 0.01867
125 177 -0.03373
125 178 0.13742
125 179 0.07928
125 180 0.10263
125 181 -0.10899
125 182 0.09334
125 183 -0.04695
125 184 -0.17242
125 185 -0.08301
125 186 0.03408
125 187 0.05274
125 188 -0.07556
125 189 -0.13399
125 190 -0.00028
125 191 0.08982
125 192 -0.07978
125 193 0.04635
125 194 -0.09141
125 195 0.09183
125 196 0.0101
125 197 0.008
125 198 -0.00526
125 199 -0.06073
126 127 -0.10682
126 128 0.05426
126 129 -0.0929
126 130 0.14452
126 131 0.03844
126 132 0.02423
126 133 -0.03416
126 134 -0.01396
126 135 0.04547
126 136 -0.00708
126 137 -0.09566
126 138 0.00511
126 139 -0.02758
126 140 0.01785
126 141 -0.09227
126 142 -0.03936
126 143 -0.04596
126 144 0.02354
126 145 -0.03367
126 146 0.03059
126 147 0.04971
126 148 -0.01196
126 149 -0.00574
126 150 0.05562
126 151 -0.19457
126 152 -0.03691
126 153 0.00745
126 154 0.07138
126 155 -0.00544
126 156 0.05432
126 157 -0.08522
126 158 -0.00285
126 159 -0.09836
126 160 -0.01238
126 161 -0.04992
126 162 0.0366
126 163 0.02307
126 164 0.0686
126 165 -0.03322
126 166 0.05189
126 167 0.07196
126 168 0.04875
126 169 0.00132
126 170 -0.02249
126 171 -0.06319
126 172 0.02647
126 173 0.07191
126 174 0.00786
126 175 -0.02724
126 176 0.06219
126 177 -0.07327
126 178 -0.04684
126 179 0.02625
126 180 -0.03275
126 181 -0.07149
126 182 -0.01216
126 183 0.00105
126 184 0.06758
126 185 -0.05599
126 186 -0.06325
126 187 -0.01362
126 188 0.11491
126 189 0.10677
126 190 -0.00811
126 191 -0.05552
126 192 -0.02123
126 193 -0.05255
126 194 -0.0775
126 195 -0.05008
126 196 -0.04278
126 197 0.00116
126 198 -0.0208
126 199 -0.0468
127 128 -0.02697
127 129 0.03153
127 130 0.02161
127 131 0.02026
127 132 0.03654
127 133 -0.0745
127 134 -0.0729
127 135 0.02224
127 136 0.01353
127 137 0.01399
127 138 0.00292
127 139 0.0643
127 140 0.09526
127 141 0.00452
127 142 0.03977
127 143 -0.02986
127 144 -0.00072
127 145 0.00567
127 146 0.09999
127 147 0.10635
127 148 -0.02632
127 149 -0.04151
127 150 0.14114
127 151 0.03814
127 152 0.01315
127 153 -0.02034
127 154 0.06512
127 155 -0.00922
127 156 -0.05171
127 157 -0.1179
127 158 -0.09383
127 159 0.0232
127 160 0.00513
127 161 0.00044
127 162 0.09472
127 163 0.05947
127 164 -0.00492
127 165 0.12448
127 166 0.11067
127 167 0.05008
127 168 0.00653
127 169 -0.04773
127 170 -0.00403
127 171 -0.09789
127 172 -0.01328
127 173 -0.07431
127 174 0.11845
127 175 0.06025
127 176 0.05726
127 177 0.01122
127 178 0.02667
127 179 0.06858
127 180 -0.04426
127 181 -0.08291
127 182 -0.16029
127 183 0.01688
127 184 0.13587
127 185 0.09045
127 186 -0.03544
127 187 -0.01866
127 188 0.07951
127 189 -0.00495
127 190 0.03733
127 191 -0.03927
127 192 0.11201
127 193 0.04157
127 194 0.12115
127 195 0.00652
127 196 0.08859
127 197 -0.07262
127 198 -0.02161
127 199 0.00651
128 129 0.09813
128 130 -0.01365
128 131 0.00995
128 132 0.08856
128 133 -0.00594
128 134 0.08279
128 135 0.05963
128 136 -0.08388
128 137 -0.11345
128 138 0.00311
128 139 0.16518
128 140 -0.01171
128 141 -0.03351
128 142 -0.13369
128 143 -0.01399
128 144 -0.05539
128 145 -0.08396
128 146 0.04008
128 147 -0.03905
128 148 0.05594
128 149 -0.09655
128 150 -0.08358
128 151 0.00381
128 152 -0.03573
128 153 0.04511
128 154 -0.07227
128 155 0.06586
128 156 0.02674
128 157 -0.03576
128 158 0.05662
128 159 0.01102
128 160 0.12507
128 161 0.01756
128 162 -0.00581
128 163 0.10302
128 164 0.00899
128 165 -0.08415
128 166 -0.07827
128 167 0.02843
128 168 -0.03482
128 169 -0.00709
128 170 0.03568
128 171 -0.02281
128 172 0.03719
128 173 -0.01401
128 174 -0.04497
128 175 0.00661
128 176 0.01813
128 177 -0.02851
128 178 0.11097
128 179 0.0356
128 180 -0.01948
128 181 0.05384
128 182 -0.02215
128 183 0.03305
128 184 -0.03761
128 185 -0.04177
128 186 0.15606
128 187 -0.11424
128 188 0.03152
128 189 0.0438
128 190 0.01929
128 191 0.01989
128 192 0.02802
128 193 0.02767
128 194 0.03641
128 195 -0.08678
128 196 -0.07399
128 197 -0.0332
128 198 0.00603
128 199 0.08544
129 130 -0.00133
129 131 -0.00218
129 132 0.03321
129 133 -0.11821
129 134 -0.10957
129 135 -0.0236
129 136 0.09358
129 137 0.03412
129 138 -0.03299
129 139 -0.08336
129 140 0.03783
129 141 0.02398
129 142 0.05105
129 143 0.12438
129 144 0.0328
129 145 -0.01857
129 146 0.09843
129 147 -0.04427
129 148 0.04439
129 149 -0.02424
129 150 0.01535
129 151 -0.07416
129 152 0.02896
129 153 0.05348
129 154 0.10009
129 155 0.19393
129 156 0.01013
129 157 0.01379
129 158 0.04738
129 159 -0.08468
129 160 -0.00697
129 161 0.03148
129 162 0.04358
129 163 -0.01087
129 164 0.06183
129 165 -0.03777
129 166 0.04407
129 167 0.0046
129 168 -0.03807
129 169 -0.08898
129 170 0.11322
129 171 -0.19287
129 172 0.06989
129 173 -0.13154
129 174 -0.06367
129 175 -0.08006
129 176 0.0089
129 177 -0.08442
129 178 0.08533
129 179 -0.07195
129 180 -0.082
129 181 0.02194
129 182 -0.03035
129 183 0.02789
129 184 -0.012
129 185 0.01729
129 186 -0.03964
129 187 0.04217
129 188 0.03818
129 189 -0.11903
129 190 0.10138
129 191 0.02914
129 192 0.01277
129 193 -0.06451
129 194 0.00817
129 195 -0.11302
129 196 -0.00927
129 197 -0.124
129 198 0.02187
129 199 0.1187
130 131 -0.01133
130 132 0.02153
130 133 -0.03319
130 134 0.12799
130 135 0.18577
130 136 0.01465
130 137 -0.04571
130 138 0.01347
130 139 -0.01914
130 140 0.06564
130 141 -0.02235
130 142 0.006
130 143 0.02923
130 144 -0.0485
130 145 -0.03115
130 146 -0.11195
130 147 0.03645
130 148 0.01445
130 149 -0.08806
130 150 0.07666
130 151 0.05029
130 152 0.09915
130 153 0.04159
130 154 -0.04305
130 155 -0.06092
130 156 0.032
130 157 0.05711
130 158 -0.03783
130 159 0.00731
130 160 0.02361
130 161 -0.11585
130 162 -0.03096
130 163 0.02241
130 164 -0.03656
130 165 0.05256
130 166 0.05547
130 167 -0.10954
130 168 -0.04472
130 169 -0.06853
130 170 -0.02835
130 171 -0.01416
130 172 -0.05034
130 173 0.01089
130 174 0.0244
130 175 0.03556
130 176 0.06711
130 177 -0.0323
130 178 0.03766
130 179 0.12574
130 180 -0.13291
130 181 -0.02172
130 182 -0.08515
130 183 0.05404
130 184 0.148
130 185 -0.10352
130 186 0.03638
130 187 0.08245
130 188 0.08871
130 189 0.02871
130 190 0.02811
130 191 0.0018
130 192 0.05865
130 193 -0.03478
130 194 -0.00814
130 195 0.00974
130 196 -0.05535
130 197 -0.18086
130 198 -0.05139
130 199 0.08135
131 132 0.07055
131 133 0.0411
131 134 0.03182
131 135 0.02671
131 136 -0.00387
131 137 -0.13621
131 138 0.203
131 139 -0.01301
131 140 -0.01074
131 141 -0.0325
131 142 -0.00586
131 143 0.06021
131 144 0.0075
131 145 0.03288
131 146 0.13711
131 147 -0.01172
131 148 0.05269
131 149 -0.02825
131 150 0.00489
131 151 -0.07538
131 152 0.04201
131 153 0.00298
131 154 0.00251
131 155 0.03108
131 156 -0.02578
131 157 0.01431
131 158 -0.00104
131 159 0.02682
131 160 0.03211
131 161 -0.07574
131 162 -0.1264
131 163 0.01975
131 164 0.05473
131 165 -0.15195
131 166 -0.02259
131 167 0.08686
131 168 -0.13468
131 169 0.00406
131 170 -0.02156
131 171 0.04409
131 172 -0.06228
131 173 -0.02717
131 174 0.00281
131 175 -0.06445
131 176 0.03058
131 177 0.10352
131 178 -0.02466
131 179 -0.00677
131 180 0.01083
131 181 -0.12454
131 182 -0.04962
131 183 -0.15208
131 184 -0.01736
131 185 0.03991
131 186 -0.05427
131 187 -0.0264
131 188 0.09394
131 189 -0.06275
131 190 0.0173
131 191 0.05757
131 192 -0.01362
131 193 0.08008
131 194 -0.16627
131 195 0.07956
131 196 -0.03003
131 197 0.03216
131 198 0.06445
131 199 0.02945
132 133 -0.04493
132 134 0.04778
132 135 0.05762
132 136 -0.03037
132 137 -0.00964
132 138 0.01445
132 139 -0.11152
132 140 0.01778
132 141 0.02861
132 142 0.1266
132 143 0.03476
132 144 -0.21356
132 145 0.08267
132 146 0.01361
132 147 -0.0129
132 148 -0.04394
132 149 0.0902
132 150 0.01631
132 151 0.01401
132 152 -0.07417
132 153 -0.11079
132 154 0.13918
132 155 -0.02225
132 156 -0.00725
132 157 0.00089
132 158 -0.12188
132 159 0.01925
132 160 0.06838
132 161 -0.01011
132 162 0.03882
132 163 -0.01618
132 164 0.05844
132 165 -0.06911
132 166 -0.12696
132 167 -0.1331
132 168 0.03348
132 169 0.00141
132 170 0.09633
132 171 0.04629
132 172 -0.01342
132 173 -0.07282
132 174 -0.06995
132 175 0.10593
132 176 -0.05338
132 177 -0.03553
132 178 0.01948
132 179 -0.13111
132 180 -0.02412
132 181 -0.01924
132 182 0.00174
132 183 0.01793
132 184 0.06963
132 185 -0.01011
132 186 0.09789
132 187 0.00791
132 188 -0.12872
132 189 -0.04233
132 190 -0.04224
132 191 0.07846
132 192 0.0735
132 193 0.11092
132 194 0.08518
132 195 -0.11235
132 196 0.03076
132 197 -0.09297
132 198 -0.04635
132 199 -0.03923
133 134 -0.03996
133 135 -0.07391
133 136 0.1368
133 137 -0.06863
133 138 0.02256
133 139 -0.07914
133 140 -0.144
133 141 -0.15011
133 142 -0.00588
133 143 -0.03617
133 144 -0.07157
133 145 0.00251
133 146 0.01441
133 147 0.12084
133 148 -0.05467
133 149 0.15733
133 150 0.00181
133 151 0.02676
133 152 0.06678
133 153 0.00304
133 154 0.04274
133 155 0.01958
133 156 0.02613
133 157 0.08663
133 158 -0.0251
133 159 -0.04836
133 160 0.00484
133 161 0.15591
133 162 -0.14639
133 163 0.03725
133 164 0.02871
133 165 -0.09314
133 166 -0.02356
133 167 0.03161
133 168 0.04917
133 169 -0.06105
133 170 0.03283
133 171 -0.1064
133 172 0.0399
133 173 -0.02491
133 174 0.07968
133 175 0.00791
133 176 0.00749
133 177 0.00967
133 178 -0.01687
133 179 0.02446
133 180 0.03895
133 181 -0.04213
133 182 -0.03156
133 183 -0.03387
133 184 0.00771
133 185 -0.07552
133 186 -0.16179
133 187 -0.06042
133 188 -0.00998
133 189 -0.09428
133 190 -0.072
133 191 -0.02549
133 192 -0.04355
133 193 0.00734
133 194 -0.01995
133 195 -0.02472
133 196 0.1025
133 197 0.07399
133 198 0.08651
133 199 0.0995
134 135 -0.00241
134 136 0.06023
134 137 0.05191
134 138 0.08149
134 139 0.06693
134 140 -0.11815
134 141 -0.11759
134 142 -0.01893
134 143 0.03699
134 144 -0.11984
134 145 0.05553
134 146 0.11135
134 147 0.05591
134 148 -0.06753
134 149 -0.05443
134 150 -0.00092
134 151 -0.08371
134 152 0.05615
134 153 0.13551
134 154 0.03693
134 155 -0.01957
134 156 0.00931
134 157 0.03891
134 158 -0.06299
134 159 0.03784
134 160 -0.06279
134 161 -0.00953
134 162 -0.00499
134 163 -0.0171
134 164 -0.05174
134 165 0.05982
134 166 -0.02548
134 167 -0.00359
134 168 -0.16062
134 169 0.02905
134 170 0.01177
134 171 -0.04169
134 172 0.12681
134 173 -0.06231
134 174 0.09218
134 175 -0.08642
134 176 -0.05278
134 177 0.00689
134 178 0.07979
134 179 -0.11656
134 180 -0.00511
134 181 -0.01541
134 182 0.00311
134 183 -0.15966
134 184 0.0493
134 185 0.07198
134 186 -0.15537
134 187 -0.05491
134 188 0.05323
134 189 0.05934
134 190 -0.02016
134 191 0.12673
134 192 0.09262
134 193 0.11231
134 194 -0.04484
134 195 -0.10037
134 196 0.07039
134 197 0.15967
134 198 -0.03969
134 199 -0.02521
135 136 0.08495
135 137 0.01708
135 138 -0.07523
135 139 0.06922
135 140 0.13551
135 141 0.02429
135 142 -0.02538
135 143 -0.09995
135 144 -0.13383
135 145 0.05349
135 146 -0.02298
135 147 0.1232
135 148 -0.00243
135 149 -0.00612
135 150 0.00823
135 151 -0.04066
135 152 -0.00236
135 153 0.02802
135 154 0.05063
135 155 -0.08725
135 156 0.12999
135 157 0.01507
135 158 0.04171
135 159 0.14064
135 160 -0.03664
135 161 0.0866
135 162 -0.00699
135 163 -0.05807
135 164 0.01189
135 165 0.02826
135 166 0.01875
135 167 0.06044
135 168 -0.02773
135 169 0.16668
135 170 -0.01178
135 171 -0.05914
135 172 0.00482
135 173 -0.01843
135 174 -0.05954
135 175 0.05568
135 176 0.04108
135 177 0.03079
135 178 0.04377
135 179 -0.1007
135 180 -0.0069
135 181 -0.15365
135 182 -0.08773
135 183 -0.09965
135 184 0.08917
135 185 0.0361
135 186 0.03451
135 187 -0.06149
135 188 0.04075
135 189 0.05059
135 190 -0.0165
135 191 -0.08777
135 192 0.04269
135 193 0.00678
135 194 0.01457
135 195 -0.06913
135 196 0.00235
135 197 -0.00809
135 198 -0.10323
135 199 0.07206
136 137 -0.03746
136 138 0.00379
136 139 0.03262
136 140 0.07322
136 141 -0.10783
136 142 -0.09353
136 143 0.01137
136 144 0.01992
136 145 -0.18077
136 146 0.05306
136 147 -0.08189
136 148 -0.02338
136 149 0.06138
136 150 0.06764
136 151 -0.03807
136 152 -0.25244
136 153 0.05961
136 154 0.02556
136 155 0.09575
136 156 -0.0551
136 157 -0.04142
136 158 0.03235
136 159 -0.01879
136 160 -0.00374
136 161 0.05661
136 162 -0.00141
136 163 -0.1044
136 164 -0.0577
136 165 0.03715
136 166 -0.01845
136 167 0.05016
136 168 0.01241
136 169 0.03773
136 170 0.09099
136 171 0.05043
136 172 0.18852
136 173 0.01604
136 174 0.00406
136 175 0.03714
136 176 -0.0515
136 177 -0.00449
136 178 0.05173
136 179 -0.05148
136 180 -0.0171
136 181 0.17872
136 182 0.05307
136 183 -0.04391
136 184 0.04237
136 185 0.05344
136 186 -0.01501
136 187 -0.00468
136 188 0.04356
136 189 -0.12059
136 190 0.14692
136 191 -0.00899
136 192 -0.0283
136 193 -0.11168
136 194 -0.09355
136 195 -0.01548
136 196 -0.01631
136 197 0.03739
136 198 0.01065
136 199 0.00113
137 138 0.07799
137 139 -0.00362
137 140 -0.09589
137 141 0.0908
137 142 -0.10454
137 143 -0.00425
137 144 -0.02647
137 145 0.05831
137 146 0.01114
137 147 0.09497
137 148 0.0225
137 149 0.02016
137 150 -0.05287
137 151 -0.02954
137 152 0.00066
137 153 -0.0364
137 154 0.05997
137 155 0.11554
137 156 -0.0509
137 157 -0.04664
137 158 -0.02518
137 159 -0.1032
137 160 -0.03482
137 161 0.10614
137 162 -0.04279
137 163 -0.09892
137 164 0.05178
137 165 0.0657
137 166 -0.022
137 167 0.02704
137 168 0.03048
137 169 -0.02709
137 170 0.02421
137 171 -0.22141
137 172 0.05796
137 173 -0.06091
137 174 -0.05433
137 175 0.00153
137 176 0.0397
137 177 0.01204
137 178 -0.00342
137 179 -0.02548
137 180 0.10707
137 181 0.07045
137 182 0.04741
137 183 -0.01371
137 184 0.10244
137 185 0.01704
137 186 -0.06158
137 187 -0.08673
137 188 -0.12563
137 189 -0.05881
137 190 0.03832
137 191 -0.00803
137 192 -0.03146
137 193 0.06181
137 194 -0.08161
137 195 -0.0769
137 196 0.04239
137 197 -0.03307
137 198 0.10682
137 199 0.04679
138 139 -0.08111
138 140 0.0474
138 141 0.056
138 142 -0.0205
138 143 0.00637
138 144 0.01149
138 145 0.04302
138 146 0.02846
138 147 0.05266
138 148 -0.08145
138 149 -0.12141
138 150 0.06195
138 151 -0.0114
138 152 -0.10223
138 153 0.01678
138 154 -0.0198
138 155 -0.11302
138 156 0.03737
138 157 0.00134
138 158 -0.05657
138 159 -0.02608
138 160 -0.05146
138 161 -0.00846
138 162 0.03767
138 163 0.17404
138 164 0.03322
138 165 -0.01313
138 166 0.06644
138 167 -0.01377
138 168 -0.06657
138 169 -0.05477
138 170 -0.01521
138 171 0.0541
138 172 0.03927
138 173 0.09051
138 174 -0.04989
138 175 0.00317
138 176 0.00494
138 177 -0.00674
138 178 -0.09012
138 179 0.04044
138 180 0.10714
138 181 -0.00587
138 182 -0.06792
138 183 -0.06707
138 184 0.01138
138 185 -0.0445
138 186 -0.06844
138 187 -0.03913
138 188 0.07889
138 189 0.06086
138 190 -0.09446
138 191 -0.05108
138 192 0.00481
138 193 -0.14756
138 194 -0.09119
138 195 -0.05108
138 196 0.08683
138 197 0.14137
138 198 0.04601
138 199 -0.01713
139 140 -0.05715
139 141 0.07499
139 142 0.14667
139 143 0.21524
139 144 -0.0571
139 145 -0.01356
139 146 0.15807
139 147 0.02688
139 148 -0.04692
139 149 0.07465
139 150 0.10109
139 151 -0.08308
139 152 -0.06541
139 153 0.06614
139 154 -0.10065
139 155 0.03788
139 156 0.09472
139 157 0.09119
139 158 -0.08492
139 159 -0.12684
139 160 -0.03012
139 161 0.08399
139 162 0.04768
139 163 -0.13682
139 164 0.06572
139 165 0.09538
139 166 0.06502
139 167 0.02182
139 168 0.19422
139 169 -0.03804
139 170 0.07528
139 171 -0.08601
139 172 -0.09014
139 173 -0.01024
139 174 0.06832
139 175 0.11297
139 176 0.06654
139 177 0.10822
139 178 -0.06792
139 179 -0.01273
139 180 0.11978
139 181 -0.016
139 182 -0.07163
139 183 -0.03986
139 184 -0.03707
139 185 0.07615
139 186 -0.07876
139 187 -0.03444
139 188 -0.00937
139 189 -0.04463
139 190 -0.06188
139 191 0.16043
139 192 -0.02668
139 193 -0.07151
139 194 -0.0253
139 195 -0.07016
139 196 -0.05919
139 197 -0.07256
139 198 0.08111
139 199 -0.01504
140 141 -0.00663
140 142 0.05945
140 143 0.02953
140 144 -0.04573
140 145 -0.06088
140 146 -0.00927
140 147 -0.02833
140 148 0.02207
140 149 -0.02495
140 150 0.08391
140 151 0.06892
140 152 0.04256
140 153 -0.08645
140 154 0.04717
140 155 0.02274
140 156 -0.08419
140 157 0.03142
140 158 0.04233
140 159 -0.01555
140 160 -0.02666
140 161 0.14326
140 162 -0.00491
140 163 0.01983
140 164 -0.10003
140 165 -0.00145
140 166 0.04616
140 167 -0.03476
140 168 -0.0855
140 169 0.00579
140 170 0.08834
140 171 -0.03126
140 172 0.05314
140 173 0.0959
140 174 -0.10803
140 175 -0.05589
140 176 -0.0216
140 177 -0.08444
140 178 0.0715
140 179 -0.06086
140 180 0.01345
140 181 0.01734
140 182 0.01926
140 183 -0.0638
140 184 -0.02729
140 185 0.04717
140 186 -0.07762
140 187 -0.01889
140 188 0.01127
140 189 0.08066
140 190 0.06673
140 191 0.00035
140 192 0.12954
140 193 0.07532
140 194 -0.10424
140 195 0.02153
140 196 -0.07254
140 197 -0.02021
140 198 -0.03269
140 199 -0.08106
141 142 -0.11643
141 143 -0.0691
141 144 -0.03476
141 145 0.01258
141 146 0.05586
141 147 0.19706
141 148 0.01102
141 149 -0.11018
141 150 0.07635
141 151 -0.00923
141 152 -0.01474
141 153 -0.08466
141 154 -0.06062
141 155 -0.06066
141 156 -0.00719
141 157 -0.02509
141 158 0.11533
141 159 0.15495
141 160 -0.01083
141 161 -0.0662
141 162 -0.04446
141 163 -0.05773
141 164 0.02096
141 165 -0.05026
141 166 0.03053
141 167 -0.09303
141 168 -0.02005
141 169 -0.0355
141 170 -0.06119
141 171 0.14691
141 172 0.08524
141 173 0.0381
141 174 0.13186
141 175 0.05272
141 176 0.04047
141 177 0.01511
141 178 0.04552
141 179 0.05363
141 180 0.02312
141 181 0.12078
141 182 -0.10536
141 183 -0.01121
141 184 0.09698
141 185 -0.01528
141 186 0.0458
141 187 -0.01957
141 188 -0.01119
141 189 -0.01277
141 190 -0.11304
141 191 -0.00689
141 192 -0.06023
141 193 -0.06148
141 194 -0.04014
141 195 0.15763
141 196 0.0447
141 197 -0.00448
141 198 0.01664
141 199 0.02825
142 143 0.04821
142 144 -0.12947
142 145 0.02535
142 146 0.08017
142 147 0.01241
142 148 -0.09205
142 149 0.0577
142 150 0.00358
142 151 0.10079
142 152 -0.01295
142 153 0.00242
142 154 0.06038
142 155 0.06793
142 156 -0.02004
142 157 0.01026
142 158 -0.07133
142 159 -0.12028
142 160 0.0014
142 161 0.06857
142 162 -0.08304
142 163 -0.03515
142 164 -0.18628
142 165 -0.15062
142 166 0.03196
142 167 -0.12929
142 168 0.02921
142 169 -0.08311
142 170 -0.02224
142 171 -0.00817
142 172 -0.00374
142 173 -0.03758
142 174 0.07248
142 175 0.02834
142 176 0.07439
142 177 0.13467
142 178 0.03948
142 179 -0.07928
142 180 -0.04294
142 181 -0.13411
142 182 0.00034
142 183 0.03331
142 184 0.0822
142 185 0.11873
142 186 -0.02023
142 187 0.02985
142 188 0.00978
142 189 0.1042
142 190 0.00739
142 191 -0.05877
142 192 0.01513
142 193 -0.14391
142 194 -0.04182
142 195 0.0262
142 196 -0.03661
142 197 -0.0856
142 198 0.05472
142 199 -0.09093
143 144 -0.08664
143 145 0.16881
143 146 -0.00088
143 147 -0.08392
143 148 -0.08256
143 149 0.03465
143 150 0.00451
143 151 0.05827
143 152 -0.01065
143 153 0.02023
143 154 0.02141
143 155 -0.07776
143 156 -0.0246
143 157 0.03042
143 158 0.11576
143 159 -0.04584
143 160 0.12142
143 161 0.02566
143 162 0.09337
143 163 -0.14824
143 164 -0.0528
143 165 -0.07972
143 166 -0.02565
143 167 -0.00937
143 168 -0.01623
143 169 0.07884
143 170 0.07968
143 171 0.04297
143 172 0.0617
143 173 0.18348
143 174 0.02616
143 175 0.09067
143 176 0.00905
143 177 0.05853
143 178 -0.02612
143 179 0.12577
143 180 -0.05003
143 181 -0.11026
143 182 0.012
143 183 -0.03683
143 184 0.0757
143 185 -0.07792
143 186 0.01147
143 187 -0.04432
143 188 0.16557
143 189 -0.07062
143 190 0.04496
143 191 0.11351
143 192 -0.03899
143 193 -0.14548
143 194 0.03334
143 195 -0.04496
143 196 0.00723
143 197 -0.09031
143 198 0.08389
143 199 0.01428
144 145 0.00805
144 146 -0.04043
144 147 0.08221
144 148 -0.00301
144 149 -0.01647
144 150 -0.04261
144 151 0.0341
144 152 -0.03703
144 153 -0.02978
144 154 0.00729
144 155 0.06724
144 156 0.07591
144 157 0.05548
144 158 -0.08921
144 159 0.01346
144 160 -0.02241
144 161 0.10569
144 162 0.0013
144 163 0.03968
144 164 -0.0268
144 165 0.08201
144 166 -0.16106
144 167 0.01669
144 168 -0.05577
144 169 0.08384
144 170 0.03492
144 171 -0.05708
144 172 -0.01613
144 173 -0.04195
144 174 0.06699
144 175 0.01613
144 176 0.00798
144 177 -0.02825
144 178 0.01024
144 179 -0.03002
144 180 0.0479
144 181 0.07475
144 182 -0.069
144 183 -0.01575
144 184 0.03476
144 185 0.01688
144 186 0.07497
144 187 -0.06208
144 188 0.02153
144 189 0.03164
144 190 0.05867
144 191 -0.01426
144 192 0.00903
144 193 0.02919
144 194 -0.10271
144 195 -0.09685
144 196 0.04733
144 197 0.0053
144 198 0.22687
144 199 -0.04076
145 146 0.01458
145 147 0.0023
145 148 0.1223
145 149 -0.03377
145 150 -0.0767
145 151 -0.06249
145 152 0.07135
145 153 -0.08974
145 154 -0.08616
145 155 -0.04913
145 156 -0.06096
145 157 -0.03214
145 158 0.11673
145 159 0.00746
145 160 -0.07391
145 161 -0.06149
145 162 0.02871
145 163 0.08635
145 164 -0.01802
145 165 0.05891
145 166 -0.08474
145 167 -0.03125
145 168 -0.06391
145 169 -0.0983
145 170 0.09113
145 171 0.07065
145 172 -0.04926
145 173 -0.02144
145 174 0.0828
145 175 0.00665
145 176 -0.03354
145 177 -0.00599
145 178 -0.02807
145 179 0.0362
145 180 0.16168
145 181 -0.10425
145 182 -0.01824
145 183 0.06395
145 184 -0.04083
145 185 -0.03598
145 186 -0.00991
145 187 0.06788
145 188 0.03972
145 189 0.06974
145 190 -0.12243
145 191 0.03552
145 192 0.03334
145 193 -0.08211
145 194 0.01333
145 195 -0.15728
145 196 0.08595
145 197 0.08094
145 198 0.03682
145 199 -0.02519
146 147 0.0758
146 148 0.04458
146 149 -0.04313
146 150 -0.0676
146 151 -0.05003
146 152 0.01712
146 153 0.02432
146 154 -0.01627
146 155 0.09781
146 156 0.12818
146 157 -0.04234
146 158 -0.07908
146 159 0.04633
146 160 0.07471
146 161 0.08567
146 162 -0.13121
146 163 0.0592
146 164 0.07772
146 165 0.04077
146 166 0.02142
146 167 -0.04462
146 168 0.09711
146 169 0.11365
146 170 -0.06925
146 171 0.04799
146 172 -0.09278
146 173 0.16579
146 174 -0.06296
146 175 0.06982
146 176 -0.00967
146 177 0.03422
146 178 0.032
146 179 -0.0088
146 180 0.02794
146 181 -0.06459
146 182 0.0204
146 183 0.00371
146 184 0.06145
146 185 0.0345
146 186 -0.10521
146 187 -0.02414
146 188 0.00534
146 189 0.04312
146 190 -0.05392
146 191 0.01624
146 192 0.20294
146 193 0.09784
146 194 -0.03428
146 195 -0.06139
146 196 0.02059
146 197 -0.00054
146 198 0.06048
146 199 -0.04841
147 148 0.08043
147 149 -0.004
147 150 0.10971
147 151 0.0094
147 152 -0.08537
147 153 -0.05312
147 154 -0.0886
147 155 0.10466
147 156 -0.13151
147 157 0.06606
147 158 0.09768
147 159 -0.01307
147 160 -0.00278
147 161 0.04808
147 162 -0.14942
147 163 -0.04856
147 164 -0.0121
147 165 0.07359
147 166 0.10367
147 167 -0.04628
147 168 0.05476
147 169 0.10285
147 170 0.16333
147 171 0.01756
147 172 -0.03482
147 173 -0.002
147 174 -0.044
147 175 -0.01581
147 176 -0.02278
147 177 -0.03518
147 178 0.014
147 179 -0.04237
147 180 -0.0616
147 181 -0.02358
147 182 0.01513
147 183 -0.07497
147 184 -0.02032
147 185 0.07978
147 186 -0.04471
147 187 -0.03006
147 188 0.02804
147 189 -0.08421
147 190 0.01995
147 191 0.00694
147 192 0.019
147 193 0.04094
147 194 -0.19825
147 195 -0.08785
147 196 0.22303
147 197 -0.0005
147 198 -0.06296
147 199 -0.06129
148 149 -0.04639
148 150 -0.09355
148 151 0.08317
148 152 0.09089
148 153 0.06535
148 154 -0.00981
148 155 -0.01671
148 156 -0.01525
148 157 -0.06224
148 158 -0.02234
148 159 0.07059
148 160 -0.10057
148 161 -0.02856
148 162 0.02813
148 163 0.01484
148 164 0.07517
148 165 0.00053
148 166 -0.0002
148 167 -0.00974
148 168 0.01881
148 169 0.0076
148 170 -0.06867
148 171 0.06783
148 172 -0.05671
148 173 -0.00563
148 174 -0.01261
148 175 -0.04535
148 176 0.01865
148 177 -0.00718
148 178 0.07045
148 179 0.02771
148 180 0.07751
148 181 -0.06583
148 182 -0.08949
148 183 0.0429
148 184 -0.01925
148 185 0.00406
148 186 0.04154
148 187 0.11158
148 188 0.00041
148 189 0.15508
148 190 -0.00787
148 191 0.01749
148 192 0.01057
148 193 0.02958
148 194 0.09614
148 195 0.08433
148 196 0.01961
148 197 -0.0194
148 198 0.02894
148 199 -0.10653
149 150 0.06566
149 151 -0.02348
149 152 0.08678
149 153 0.03528
149 154 0.01225
149 155 -0.05065
149 156 0.04269
149 157 0.07
149 158 0.08422
149 159 -0.07492
149 160 0.01349
149 161 -0.0407
149 162 0.14984
149 163 0.00555
149 164 0.0105
149 165 -0.02017
149 166 0.10291
149 167 -0.02621
149 168 -0.01923
149 169 -0.12587
149 170 -0.05566
149 171 0.02693
149 172 0.06828
149 173 -0.11141
149 174 0.06994
149 175 0.00755
149 176 0.13378
149 177 -0.0389
149 178 -0.06173
149 179 -0.04409
149 180 0.03289
149 181 -0.02543
149 182 0.08036
149 183 0.07102
149 184 -0.0472
149 185 -0.00625
149 186 0.09188
149 187 0.09352
149 188 -0.00724
149 189 -0.01944
149 190 -0.14318
149 191 0.115
149 192 -0.0611
149 193 -0.0678
149 194 0.04537
149 195 0.00794
149 196 0.0351
149 197 -0.06476
149 198 -0.02571
149 199 0.14411
150 151 0.06471
150 152 -0.11327
150 153 0.00764
150 154 0.1287
150 155 -0.02496
150 156 0.03419
150 157 0.06301
150 158 0.16764
150 159 0.11312
150 160 0.07929
150 161 0.13064
150 162 -0.0354
150 163 -0.10085
150 164 -0.01624
150 165 0.07642
150 166 -0.05545
150 167 0.08469
150 168 0.05339
150 169 0.17137
150 170 -0.0273
150 171 -0.02399
150 172 0.03049
150 173 -0.06354
150 174 -0.0522
150 175 0.13278
150 176 -0.06321
150 177 0.01657
150 178 0.05544
150 179 -0.00189
150 180 -0.00995
150 181 -0.13515
150 182 -0.00894
150 183 0.05369
150 184 -0.02447
150 185 0.0296
150 186 0.16808
150 187 0.06481
150 188 0.03138
150 189 -0.01156
150 190 0.06669
150 191 -0.16105
150 192 0.06505
150 193 0.02071
150 194 0.07413
150 195 -0.05892
150 196 0.00744
150 197 0.00842
150 198 0.04287
150 199 0.01727
151 152 -0.09323
151 153 -0.00756
151 154 0.08462
151 155 -0.02216
151 156 -0.08244
151 157 -0.01915
151 158 -0.03062
151 159 -0.00894
151 160 0.01782
151 161 -0.06543
151 162 0.03932
151 163 -0.08626
151 164 0.02463
151 165 0.04517
151 166 -0.12954
151 167 -0.03883
151 168 -0.04857
151 169 -0.16348
151 170 -0.05738
151 171 0.09601
151 172 0.02274
151 173 -0.01207
151 174 -0.08083
151 175 0.02138
151 176 -0.04913
151 177 0.10536
151 178 0.03786
151 179 0.03289
151 180 -0.14151
151 181 -0.10394
151 182 0.11958
151 183 -0.10642
151 184 -0.03467
151 185 0.12926
151 186 0.04828
151 187 -0.03121
151 188 0.05007
151 189 -0.0778
151 190 -0.06654
151 191 -0.00448
151 192 -0.0461
151 193 0.05101
151 194 -0.04688
151 195 -0.05222
151 196 -0.18984
151 197 -0.06274
151 198 0.03601
151 199 0.03202
152 153 0.06572
152 154 -0.15376
152 155 0.03432
152 156 -0.06972
152 157 0.01464
152 158 -0.02961
152 159 -0.01018
152 160 -0.02672
152 161 0.07116
152 162 0.09489
152 163 0.06207
152 164 -0.0046
152 165 0.00674
152 166 0.01469
152 167 -0.05091
152 168 -0.05325
152 169 -0.03329
152 170 0.07213
152 171 0.06761
152 172 -0.06327
152 173 0.08726
152 174 0.02223
152 175 -0.00454
152 176 -0.01221
152 177 0.05204
152 178 -0.14093
152 179 -0.03114
152 180 0.037
152 181 -0.00037
152 182 -0.04392
152 183 0.04946
152 184 -0.07317
152 185 -0.15715
152 186 -0.06448
152 187 -0.15559
152 188 0.0751
152 189 -0.02033
152 190 0.0652
152 191 0.07387
152 192 -0.16697
152 193 0.14397
152 194 0.1104
152 195 -0.02722
152 196 0.10026
152 197 0.13353
152 198 -0.0494
152 199 -0.01392
153 154 -0.04932
153 155 -0.09354
153 156 -0.04763
153 157 -0.012
153 158 -0.02431
153 159 0.03543
153 160 0.03297
153 161 0.15066
153 162 0.02262
153 163 0.0876
153 164 -0.01863
153 165 0.02253
153 166 -0.02478
153 167 -0.0413
153 168 -0.01301
153 169 -0.01924
153 170 -0.08982
153 171 -0.01394
153 172 0.02397
153 173 0.0141
153 174 -0.00035
153 175 -0.01035
153 176 -0.05155
153 177 -0.14942
153 178 -0.05081
153 179 0.05232
153 180 -0.01534
153 181 -0.00814
153 182 -0.05753
153 183 -0.01018
153 184 -0.05728
153 185 0.09066
153 186 -0.02306
153 187 -0.00651
153 188 -0.05601
153 189 -0.12628
153 190 0.1591
153 191 0.10158
153 192 -0.12234
153 193 0.09637
153 194 -0.00499
153 195 -0.00877
153 196 -0.09737
153 197 -0.05539
153 198 -0.16435
153 199 0.03215
154 155 0.14732
154 156 -0.04352
154 157 0.01291
154 158 -0.04902
154 159 -0.04869
154 160 0.04816
154 161 0.0207
154 162 -0.04759
154 163 0.16486
154 164 0.01606
154 165 -0.10169
154 166 0.06061
154 167 0.12131
154 168 -0.03434
154 169 -0.05614
154 170 -0.0282
154 171 -0.01222
154 172 0.0984
154 173 -0.01284
154 174 0.02539
154 175 0.04395
154 176 0.139
154 177 -0.00837
154 178 -0.04095
154 179 0.08406
154 180 0.03875
154 181 0.11906
154 182 -0.02023
154 183 -0.00141
154 184 -0.02255
154 185 0.06962
154 186 0.01169
154 187 0.02597
154 188 0.08932
154 189 0.1598
154 190 -0.13428
154 191 -0.08824
154 192 -0.05866
154 193 0.01548
154 194 -0.14635
154 195 0.01426
154 196 0.03272
154 197 0.05284
154 198 -0.02922
154 199 0.05568
155 156 0.0284
155 157 0.0083
155 158 -0.0285
155 159 0.07091
155 160 -0.11633
155 161 -0.11839
155 162 -0.0614
155 163 0.09358
155 164 -0.09403
155 165 -0.10247
155 166 -0.07439
155 167 0.01919
155 168 -0.05521
155 169 0.14811
155 170 0.02992
155 171 -0.04128
155 172 0.01608
155 173 0.11308
155 174 -0.10065
155 175 0.20038
155 176 0.00866
155 177 -0.09888
155 178 0.10055
155 179 -0.0226
155 180 -0.01024
155 181 -0.02907
155 182 0.08543
155 183 0.01419
155 184 0.02049
155 185 0.0874
155 186 -0.06201
155 187 0.02566
155 188 -0.09448
155 189 0.15024
155 190 -0.04926
155 191 0.03431
155 192 -0.03431
155 193 0.02701
155 194 -0.04433
155 195 -0.05346
155 196 0.07351
155 197 -0.10232
155 198 -0.07157
155 199 0.08144
156 157 -0.01626
156 158 -0.1046
156 159 -0.04794
156 160 -0.07857
156 161 0.09218
156 162 -0.04343
156 163 0.00703
156 164 -0.03284
156 165 0.0635
156 166 -0.04175
156 167 0.14597
156 168 0.0382
156 169 0.08475
156 170 0.09472
156 171 0.06363
156 172 -0.02077
156 173 -0.06915
156 174 -0.08061
156 175 0.04167
156 176 -0.04402
156 177 -0.08655
156 178 -0.04739
156 179 -0.04072
156 180 -0.0847
156 181 0.056
156 182 -0.019
156 183 0.07896
156 184 -0.04408
156 185 -0.00677
156 186 -0.04964
156 187 -0.04872
156 188 -0.0211
156 189 -0.04801
156 190 0.00986
156 191 -0.00939
156 192 -0.01601
156 193 0.07312
156 194 -0.07705
156 195 0.14959
156 196 0.01345
156 197 -0.00117
156 198 -0.08347
156 199 -0.02673
157 158 -0.00377
157 159 -0.00328
157 160 0.00012
157 161 -0.0806
157 162 0.04382
157 163 0.05018
157 164 0.048
157 165 -0.06533
157 166 -0.13362
157 167 0.07239
157 168 0.02088
157 169 -0.05935
157 170 0.00993
157 171 -0.01221
157 172 -0.06237
157 173 0.04875
157 174 -0.00855
157 175 0.00879
157 176 -0.07536
157 177 -0.03554
157 178 0.09216
157 179 -0.02936
157 180 0.11215
157 181 0.10591
157 182 0.11329
157 183 -0.04079
157 184 -0.06414
157 185 0.09964
157 186 0.07846
157 187 -0.02084
157 188 -0.04613
157 189 -0.03121
157 190 0.07492
157 191 -0.02996
157 192 -0.01251
157 193 0.05627
157 194 -0.07246
157 195 -0.00198
157 196 -0.00935
157 197 -0.04767
157 198 -0.07311
157 199 -0.00241
158 159 0.03458
158 160 -0.15189
158 161 0.06824
158 162 0.05028
158 163 -0.06463
158 164 -0.08739
158 165 -0.0156
158 166 0.05855
158 167 -0.06211
158 168 0.12258
158 169 0.01665
158 170 0.06611
158 171 -0.05139
158 172 0.03463
158 173 0.01635
158 174 0.00927
158 175 0.0063
158 176 0.01114
158 177 0.1109
158 178 -0.12935
158 179 0.07505
158 180 -0.01543
158 181 0.09321
158 182 0.10747
158 183 -0.05662
158 184 0.0016
158 185 -0.09754
158 186 -0.0224
158 187 -0.00502
158 188 0.03951
158 189 0.11061
158 190 -0.07529
158 191 0.07979
158 192 -0.10929
158 193 0.09604
158 194 -0.00142
158 195 0.02346
158 196 0.07196
158 197 0.00732
158 198 0.0445
158 199 0.09704
159 160 0.01349
159 161 -0.02421
159 162 0.05922
159 163 0.0168
159 164 0.13975
159 165 0.04262
159 166 0.0417
159 167 0.02957
159 168 -0.01685
159 169 0.06727
159 170 0.01166
159 171 0.03276
159 172 0.00807
159 173 0.04156
159 174 0.02899
159 175 0.13504
159 176 0.02319
159 177 0.01814
159 178 -0.00393
159 179 0.043
159 180 -0.05316
159 181 0.04505
159 182 0.04821
159 183 0.08279
159 184 0.19577
159 185 0.00123
159 186 0.06149
159 187 0.03525
159 188 -0.08376
159 189 0.03323
159 190 0.03488
159 191 -0.00865
159 192 -0.03091
159 193 -0.02488
159 194 -0.04427
159 195 0.07658
159 196 -0.1282
159 197 -0.06178
159 198 -0.14514
159 199 -0.04452
160 161 0.03563
160 162 0.03135
160 163 0.07379
160 164 0.03143
160 165 -0.13389
160 166 0.10236
160 167 -0.12392
160 168 -0.09544
160 169 -0.0101
160 170 -0.0192
160 171 0
160 172 -0.0723
160 173 -0.02946
160 174 -0.02544
160 175 -0.04569
160 176 0.04851
160 177 0.19316
160 178 0.07119
160 179 0.00969
160 180 -0.02105
160 181 0.04437
160 182 -0.1262
160 183 0.0537
160 184 -0.1229
160 185 -0.01933
160 186 0.11626
160 187 -0.02012
160 188 0.01052
160 189 -0.10076
160 190 0.03463
160 191 0.0732
160 192 0.02345
160 193 0.02182
160 194 -0.01121
160 195 -0.0695
160 196 0.00254
160 197 0.14987
160 198 0.08032
160 199 -0.12078
161 162 -0.01097
161 163 0.07915
161 164 -0.00737
161 165 -0.10508
161 166 -0.00008
161 167 -0.04884
161 168 -0.07223
161 169 -0.01215
161 170 -0.10259
161 171 0.06394
161 172 0.10255
161 173 -0.03172
161 174 0.06122
161 175 0.02846
161 176 -0.08967
161 177 -0.06596
161 178 0.09602
161 179 0.12044
161 180 0.06127
161 181 -0.0302
161 182 0.09684
161 183 -0.07041
161 184 0.07651
161 185 0.07591
161 186 0.02841
161 187 -0.00035
161 188 -0.01392
161 189 0.04002
161 190 -0.08274
161 191 0.08207
161 192 -0.00474
161 193 0.01662
161 194 -0.03683
161 195 0.07377
161 196 0.09125
161 197 0.00257
161 198 -0.03188
161 199 -0.08675
162 163 -0.02886
162 164 0.04858
162 165 -0.05848
162 166 0.01567
162 167 -0.09408
162 168 0.01012
162 169 -0.05145
162 170 -0.01066
162 171 0.03627
162 172 -0.03237
162 173 -0.13469
162 174 0.05483
162 175 0.08808
162 176 0.09382
162 177 0.0399
162 178 0.15471
162 179 -0.12834
162 180 -0.0549
162 181 -0.01347
162 182 -0.13942
162 183 0.05675
162 184 -0.05937
162 185 0.16914
162 186 -0.04727
162 187 0.12548
162 188 0.02151
162 189 0.01769
162 190 -0.0393
162 191 0.01624
162 192 0.10052
162 193 -0.09667
162 194 -0.00893
162 195 0.03504
162 196 0.19646
162 197 0.034
162 198 0.15114
162 199 0.05995
163 164 -0.08677
163 165 -0.0059
163 166 0.04179
163 167 -0.04969
163 168 -0.07601
163 169 -0.10065
163 170 0.1537
163 171 -0.01524
163 172 -0.18751
163 173 -0.02134
163 174 -0.13935
163 175 0.00742
163 176 -0.0122
163 177 0.02667
163 178 -0.06487
163 179 -0.05637
163 180 0.06671
163 181 -0.0255
163 182 -0.03539
163 183 -0.01176
163 184 -0.06957
163 185 0.01787
163 186 -0.05895
163 187 -0.03557
163 188 0.0089
163 189 0.05404
163 190 0.02798
163 191 -0.00417
163 192 -0.01247
163 193 0.00394
163 194 -0.03011
163 195 -0.07208
163 196 0.02799
163 197 0.01629
163 198 0.07781
163 199 0.0168
164 165 -0.00373
164 166 -0.01314
164 167 0.11405
164 168 -0.01214
164 169 -0.01732
164 170 -0.03111
164 171 -0.07622
164 172 0.0192
164 173 -0.0934
164 174 -0.04188
164 175 -0.02001
164 176 0.02817
164 177 -0.06237
164 178 0.10613
164 179 0.11489
164 180 0.05743
164 181 -0.08586
164 182 -0.07581
164 183 -0.02465
164 184 0.04195
164 185 0.02293
164 186 0.02054
164 187 0.02522
164 188 -0.16074
164 189 -0.01964
164 190 0.05084
164 191 0.04765
164 192 0.02795
164 193 -0.01342
164 194 -0.0705
164 195 -0.00706
164 196 0.07171
164 197 -0.14788
164 198 0.19061
164 199 0.01402
165 166 -0.03022
165 167 -0.05416
165 168 -0.08681
165 169 0.14463
165 170 -0.03671
165 171 0.02285
165 172 -0.11144
165 173 -0.02484
165 174 -0.01127
165 175 0.02239
165 176 -0.04581
165 177 0.06313
165 178 -0.00927
165 179 -0.05715
165 180 -0.04631
165 181 0.01456
165 182 0.00887
165 183 0.06821
165 184 0.08362
165 185 0.03629
165 186 0.10448
165 187 0.01445
165 188 -0.07123
165 189 0.00627
165 190 -0.03158
165 191 0.09984
165 192 -0.0106
165 193 -0.0049
165 194 -0.06577
165 195 0.01714
165 196 0.04258
165 197 -0.05898
165 198 -0.04495
165 199 -0.03055
166 167 0.08329
166 168 -0.02265
166 169 -0.05933
166 170 0.15218
166 171 0.0182
166 172 0.03475
166 173 0.01705
166 174 0.06154
166 175 0.0818
166 176 -0.02586
166 177 0.00305
166 178 -0.08756
166 179 0.09683
166 180 -0.00898
166 181 0.12486
166 182 -0.03846
166 183 0.00116
166 184 0.06665
166 185 0.07112
166 186 -0.05626
166 187 -0.03592
166 188 0.0701
166 189 -0.00063
166 190 0.02849
166 191 -0.02616
166 192 -0.02045
166 193 -0.04771
166 194 -0.01144
166 195 0.0966
166 196 -0.01253
166 197 -0.07248
166 198 0.01603
166 199 -0.07458
167 168 0.22982
167 169 -0.02637
167 170 -0.09358
167 171 0.02326
167 172 0.13264
167 173 0.06895
167 174 0.10623
167 175 -0.02919
167 176 0.0173
167 177 0.06287
167 178 -0.03067
167 179 -0.02479
167 180 -0.03304
167 181 -0.0164
167 182 -0.07728
167 183 0.03246
167 184 -0.02617
167 185 0.03145
167 186 0.1096
167 187 0.02349
167 188 -0.00197
167 189 0.09531
167 190 -0.00836
167 191 -0.04445
167 192 -0.08817
167 193 -0.04054
167 194 0.08116
167 195 0.01069
167 196 0.03528
167 197 -0.00594
167 198 0.01666
167 199 0.00458
168 169 -0.03398
168 170 0.01712
168 171 -0.04739
168 172 -0.06355
168 173 -0.04813
168 174 0.09351
168 175 -0.06893
168 176 -0.01964
168 177 -0.09903
168 178 0.02592
168 179 -0.02594
168 180 0.13939
168 181 0.06378
168 182 -0.0772
168 183 -0.03068
168 184 -0.06764
168 185 0.0713
168 186 0.07541
168 187 -0.08118
168 188 -0.06764
168 189 -0.06558
168 190 -0.04015
168 191 0.08362
168 192 0.08878
168 193 0.16188
168 194 -0.00752
168 195 -0.05357
168 196 -0.09052
168 197 -0.01026
168 198 0.05835
168 199 -0.09555
169 170 0.07685
169 171 -0.08076
169 172 -0.02821
169 173 -0.03447
169 174 0.05617
169 175 -0.08617
169 176 -0.10046
169 177 0.00734
169 178 -0.12291
169 179 -0.00077
169 180 -0.01038
169 181 0.15937
169 182 -0.05971
169 183 -0.03862
169 184 0.01665
169 185 0.06836
169 186 -0.14387
169 187 -0.00225
169 188 -0.08077
169 189 -0.03617
169 190 -0.04687
169 191 0.04294
169 192 0.04668
169 193 0.03413
169 194 0.1391
169 195 0.03696
169 196 -0.00989
169 197 -0.19565
169 198 0.08398
169 199 0.022
170 171 0.06858
170 172 0.02104
170 173 0.12759
170 174 0.03513
170 175 0.01112
170 176 -0.02481
170 177 0.0669
170 178 0.04395
170 179 0.03386
170 180 0.12402
170 181 -0.18254
170 182 0.02313
170 183 0.05578
170 184 -0.03864
170 185 0.0364
170 186 0.04352
170 187 0.12953
170 188 0.02794
170 189 -0.00274
170 190 0.08559
170 191 -0.02644
170 192 -0.17358
170 193 -0.09544
170 194 -0.04169
170 195 0.05159
170 196 -0.09246
170 197 -0.05319
170 198 -0.05175
170 199 -0.05561
171 172 -0.13647
171 173 -0.0533
171 174 -0.05139
171 175 0.04014
171 176 -0.03801
171 177 0.00497
171 178 0.02854
171 179 -0.03685
171 180 -0.05582
171 181 -0.0825
171 182 0.05886
171 183 0.0968
171 184 0.0526
171 185 0.0037
171 186 -0.03661
171 187 0.00361
171 188 -0.03191
171 189 -0.01685
171 190 -0.013
171 191 0.12225
171 192 0.05255
171 193 0.05538
171 194 -0.01944
171 195 0.04964
171 196 -0.0043
171 197 0.09687
171 198 -0.11371
171 199 0.04543
172 173 -0.15189
172 174 0.09038
172 175 -0.03074
172 176 -0.05921
172 177 0.02145
172 178 -0.04897
172 179 -0.02978
172 180 0.08491
172 181 0.10904
172 182 0.09111
172 183 -0.10054
172 184 -0.02288
172 185 -0.03172
172 186 0.03753
172 187 0.0426
172 188 -0.04913
172 189 0.00194
172 190 0.09784
172 191 0.01976
172 192 0.04833
172 193 0.10482
172 194 -0.03998
172 195 0.00869
172 196 -0.06223
172 197 0.03585
172 198 -0.02231
172 199 0.11818
173 174 0.06124
173 175 -0.08446
173 176 -0.07335
173 177 -0.03772
173 178 -0.0526
173 179 0.14888
173 180 0.08976
173 181 -0.09192
173 182 0.05702
173 183 -0.00529
173 184 -0.05684
173 185 -0.0948
173 186 0.0602
173 187 -0.11802
173 188 -0.06549
173 189 -0.03449
173 190 -0.10204
173 191 -0.16242
173 192 -0.04209
173 193 -0.04591
173 194 -0.1323
173 195 -0.07088
173 196 0.07309
173 197 -0.00549
173 198 -0.03983
173 199 0.00061
174 175 -0.0194
174 176 -0.04124
174 177 0.0002
174 178 0.13733
174 179 0.12752
174 180 0.02899
174 181 -0.02324
174 182 -0.12458
174 183 0.01909
174 184 -0.02787
174 185 0.10193
174 186 -0.05115
174 187 0.10335
174 188 0.046
174 189 -0.05935
174 190 0.0214
174 191 -0.03833
174 192 -0.01946
174 193 -0.03255
174 194 -0.08236
174 195 0.06227
174 196 -0.02916
174 197 -0.02263
174 198 0.20049
174 199 0.10859
175 176 -0.16195
175 177 -0.13465
175 178 0.02412
175 179 0.05797
175 180 -0.05557
175 181 0.07156
175 182 0.0606
175 183 0.17628
175 184 0.05132
175 185 0.06418
175 186 0.01526
175 187 0.10559
175 188 -0.16123
175 189 0.07142
175 190 0.16226
175 191 0.02237
175 192 0.01486
175 193 -0.03111
175 194 0.01926
175 195 0.01077
175 196 0.02681
175 197 0.0709
175 198 0.11356
175 199 0.00072
176 177 0.02478
176 178 -0.14663
176 179 -0.05435
176 180 -0.0817
176 181 0.03092
176 182 -0.00102
176 183 0.0187
176 184 0.1442
176 185 -0.1681
176 186 0.06538
176 187 0.02549
176 188 0.05919
176 189 0.05174
176 190 -0.02913
176 191 -0.00538
176 192 0.14646
176 193 0.13148
176 194 -0.03346
176 195 0.17325
176 196 0.01721
176 197 0.08104
176 198 -0.04053
176 199 -0.02295
177 178 -0.02957
177 179 -0.04426
177 180 -0.11106
177 181 0.05126
177 182 0.00379
177 183 -0.00425
177 184 0.19506
177 185 0.05922
177 186 0.05221
177 187 0.04416
177 188 0.20136
177 189 -0.04399
177 190 -0.00246
177 191 -0.04975
177 192 -0.00897
177 193 0.11861
177 194 -0.13452
177 195 0.09378
177 196 0.1048
177 197 0.01374
177 198 -0.04548
177 199 -0.01778
178 179 0.01614
178 180 0.05108
178 181 -0.12891
178 182 -0.09626
178 183 -0.0671
178 184 0.03821
178 185 -0.058
178 186 -0.02946
178 187 -0.20634
178 188 0.0566
178 189 0.03705
178 190 -0.0469
178 191 -0.03755
178 192 0.20751
178 193 -0.12273
178 194 0.04919
178 195 0.0997
178 196 0.16325
178 197 0.06621
178 198 -0.01177
178 199 -0.02501
179 180 -0.04327
179 181 -0.05977
179 182 0.01424
179 183 0.01179
179 184 -0.07304
179 185 -0.03186
179 186 0.07887
179 187 0.05651
179 188 0.02217
179 189 0.06315
179 190 -0.01546
179 191 0.11476
179 192 0.03476
179 193 -0.0441
179 194 0.12761
179 195 0.07298
179 196 0.13876
179 197 -0.06929
179 198 0.08643
179 199 0.19978
180 181 -0.03994
180 182 -0.04752
180 183 0.00428
180 184 -0.0081
180 185 -0.01162
180 186 -0.06876
180 187 0.14985
180 188 0.01068
180 189 0.07123
180 190 0.04693
180 191 -0.11015
180 192 -0.05171
180 193 -0.02201
180 194 -0.15041
180 195 -0.05726
180 196 -0.01929
180 197 0.03582
180 198 0.10798
180 199 -0.00153
181 182 -0.02977
181 183 0.08067
181 184 0
181 185 -0.06568
181 186 -0.10444
181 187 0.0525
181 188 -0.05448
181 189 0.01174
181 190 0.03245
181 191 0.08589
181 192 -0.00104
181 193 0.01733
181 194 -0.11453
181 195 0.09721
181 196 -0.08377
181 197 0.07635
181 198 -0.02753
181 199 -0.11525
182 183 0.00608
182 184 -0.00278
182 185 0.08498
182 186 -0.12986
182 187 0.128
182 188 -0.03442
182 189 0.10704
182 190 -0.08374
182 191 -0.0046
182 192 -0.03879
182 193 0.02619
182 194 -0.05988
182 195 -0.10729
182 196 0.00321
182 197 0.0392
182 198 0.01878
182 199 -0.04187
183 184 -0.06702
183 185 -0.00271
183 186 -0.01585
183 187 -0.00994
183 188 0.14375
183 189 -0.02736
183 190 0.03545
183 191 -0.00494
183 192 0.04232
183 193 -0.14275
183 194 0.00899
183 195 0.03947
183 196 0.01858
183 197 -0.00504
183 198 -0.02134
183 199 0.1565
184 185 -0.04938
184 186 -0.03161
184 187 -0.08783
184 188 -0.09444
184 189 0.03529
184 190 0.00343
184 191 0.01678
184 192 -0.08205
184 193 0.04925
184 194 -0.05482
184 195 -0.09632
184 196 -0.08698
184 197 -0.0272
184 198 -0.08455
184 199 -0.02758
185 186 0.06207
185 187 -0.08004
185 188 -0.08562
185 189 0.04412
185 190 0.13747
185 191 -0.03574
185 192 0.06102
185 193 0.02222
185 194 -0.01353
185 195 0.06349
185 196 -0.06609
185 197 -0.04445
185 198 0.16087
185 199 0.02757
186 187 0.06454
186 188 -0.04971
186 189 0.04607
186 190 0.11631
186 191 -0.03868
186 192 -0.10313
186 193 -0.02791
186 194 -0.03771
186 195 -0.06626
186 196 0.05522
186 197 -0.03031
186 198 -0.02461
186 199 0.06774
187 188 -0.07772
187 189 0.05795
187 190 -0.00538
187 191 0.014
187 192 -0.09539
187 193 -0.13223
187 194 -0.08736
187 195 -0.0383
187 196 0.05208
187 197 0.09835
187 198 0.00969
187 199 0.03298
188 189 -0.08076
188 190 0.04502
188 191 0.20224
188 192 -0.07411
188 193 0.06389
188 194 0.00179
188 195 -0.00745
188 196 0.04018
188 197 0.0626
188 198 -0.02159
188 199 0.12462
189 190 -0.00565
189 191 -0.04098
189 192 0.0339
189 193 0.07032
189 194 0.11553
189 195 -0.03402
189 196 0.15127
189 197 0.07733
189 198 0.18882
189 199 0.04984
190 191 -0.03519
190 192 -0.20037
190 193 0.08124
190 194 0.07048
190 195 -0.04788
190 196 0.00847
190 197 -0.15314
190 198 -0.08106
190 199 -0.0031
191 192 0.00322
191 193 -0.12162
191 194 -0.01696
191 195 -0.0252
191 196 0.05389
191 197 0.01944
191 198 -0.00922
191 199 -0.09759
192 193 -0.00123
192 194 0.06023
192 195 0.05505
192 196 0.0298
192 197 0.02497
192 198 0.02001
192 199 0.06289
193 194 0.03127
193 195 -0.01436
193 196 0.04119
193 197 -0.12575
193 198 -0.01759
193 199 -0.06487
194 195 0.01766
194 196 -0.00672
194 197 0.0403
194 198 0.05552
194 199 0.01733
195 196 -0.02611
195 197 0.06952
195 198 0.03078
195 199 -0.10817
196 197 0.062
196 198 -0.02662
196 199 -0.00386
197 198 0.03236
197 199 0.06666
198 199 -0.01428
