# model=ea3d N=2744 meanJ=0 seed=3210623 distribution=gaussian field=0 num_fields=2744 num_couplings=8232 dim=3
0 0
1 0
2 0
3 0
4 0
5 0
6 0
7 0
8 0
9 0
10 0
11 0
12 0
13 0
14 0
15 0
16 0
17 0
18 0
19 0
20 0
21 0
22 0
23 0
24 0
25 0
26 0
27 0
28 0
29 0
30 0
31 0
32 0
33 0
34 0
35 0
36 0
37 0
38 0
39 0
40 0
41 0
42 0
43 0
44 0
45 0
46 0
47 0
48 0
49 0
50 0
51 0
52 0
53 0
54 0
55 0
56 0
57 0
58 0
59 0
60 0
61 0
62 0
63 0
64 0
65 0
66 0
67 0
68 0
69 0
70 0
71 0
72 0
73 0
74 0
75 0
76 0
77 0
78 0
79 0
80 0
81 0
82 0
83 0
84 0
85 0
86 0
87 0
88 0
89 0
90 0
91 0
92 0
93 0
94 0
95 0
96 0
97 0
98 0
99 0
100 0
101 0
102 0
103 0
104 0
105 0
106 0
107 0
108 0
109 0
110 0
111 0
112 0
113 0
114 0
115 0
116 0
117 0
118 0
119 0
120 0
121 0
122 0
123 0
124 0
125 0
126 0
127 0
128 0
129 0
130 0
131 0
132 0
133 0
134 0
135 0
136 0
137 0
138 0
139 0
140 0
141 0
142 0
143 0
144 0
145 0
146 0
147 0
148 0
149 0
150 0
151 0
152 0
153 0
154 0
155 0
156 0
157 0
158 0
159 0
160 0
161 0
162 0
163 0
164 0
165 0
166 0
167 0
168 0
169 0
170 0
171 0
172 0
173 0
174 0
175 0
176 0
177 0
178 0
179 0
180 0
181 0
182 0
183 0
184 0
185 0
186 0
187 0
188 0
189 0
190 0
191 0
192 0
193 0
194 0
195 0
196 0
197 0
198 0
199 0
200 0
201 0
202 0
203 0
204 0
205 0
206 0
207 0
208 0
209 0
210 0
211 0
212 0
213 0
214 0
215 0
216 0
217 0
218 0
219 0
220 0
221 0
222 0
223 0
224 0
225 0
226 0
227 0
228 0
229 0
230 0
231 0
232 0
233 0
234 0
235 0
236 0
237 0
238 0
239 0
240 0
241 0
242 0
243 0
244 0
245 0
246 0
247 0
248 0
249 0
250 0
251 0
252 0
253 0
254 0
255 0
256 0
257 0
258 0
259 0
260 0
261 0
262 0
263 0
264 0
265 0
266 0
267 0
268 0
269 0
270 0
271 0
272 0
273 0
274 0
275 0
276 0
277 0
278 0
279 0
280 0
281 0
282 0
283 0
284 0
285 0
286 0
287 0
288 0
289 0
290 0
291 0
292 0
293 0
294 0
295 0
296 0
297 0
298 0
299 0
300 0
301 0
302 0
303 0
304 0
305 0
306 0
307 0
308 0
309 0
310 0
311 0
312 0
313 0
314 0
315 0
316 0
317 0
318 0
319 0
320 0
321 0
322 0
323 0
324 0
325 0
326 0
327 0
328 0
329 0
330 0
331 0
332 0
333 0
334 0
335 0
336 0
337 0
338 0
339 0
340 0
341 0
342 0
343 0
344 0
345 0
346 0
347 0
348 0
349 0
350 0
351 0
352 0
353 0
354 0
355 0
356 0
357 0
358 0
359 0
360 0
361 0
362 0
363 0
364 0
365 0
366 0
367 0
368 0
369 0
370 0
371 0
372 0
373 0
374 0
375 0
376 0
377 0
378 0
379 0
380 0
381 0
382 0
383 0
384 0
385 0
386 0
387 0
388 0
389 0
390 0
391 0
392 0
393 0
394 0
395 0
396 0
397 0
398 0
399 0
400 0
401 0
402 0
403 0
404 0
405 0
406 0
407 0
408 0
409 0
410 0
411 0
412 0
413 0
414 0
415 0
416 0
417 0
418 0
419 0
420 0
421 0
422 0
423 0
424 0
425 0
426 0
427 0
428 0
429 0
430 0
431 0
432 0
433 0
434 0
435 0
436 0
437 0
438 0
439 0
440 0
441 0
442 0
443 0
444 0
445 0
446 0
447 0
448 0
449 0
450 0
451 0
452 0
453 0
454 0
455 0
456 0
457 0
458 0
459 0
460 0
461 0
462 0
463 0
464 0
465 0
466 0
467 0
468 0
469 0
470 0
471 0
472 0
473 0
474 0
475 0
476 0
477 0
478 0
479 0
480 0
481 0
482 0
483 0
484 0
485 0
486 0
487 0
488 0
489 0
490 0
491 0
492 0
493 0
494 0
495 0
496 0
497 0
498 0
499 0
500 0
501 0
502 0
503 0
504 0
505 0
506 0
507 0
508 0
509 0
510 0
511 0
512 0
513 0
514 0
515 0
516 0
517 0
518 0
519 0
520 0
521 0
522 0
523 0
524 0
525 0
526 0
527 0
528 0
529 0
530 0
531 0
532 0
533 0
534 0
535 0
536 0
537 0
538 0
539 0
540 0
541 0
542 0
543 0
544 0
545 0
546 0
547 0
548 0
549 0
550 0
551 0
552 0
553 0
554 0
555 0
556 0
557 0
558 0
559 0
560 0
561 0
562 0
563 0
564 0
565 0
566 0
567 0
568 0
569 0
570 0
571 0
572 0
573 0
574 0
575 0
576 0
577 0
578 0
579 0
580 0
581 0
582 0
583 0
584 0
585 0
586 0
587 0
588 0
589 0
590 0
591 0
592 0
593 0
594 0
595 0
596 0
597 0
598 0
599 0
600 0
601 0
602 0
603 0
604 0
605 0
606 0
607 0
608 0
609 0
610 0
611 0
612 0
613 0
614 0
615 0
616 0
617 0
618 0
619 0
620 0
621 0
622 0
623 0
624 0
625 0
626 0
627 0
628 0
629 0
630 0
631 0
632 0
633 0
634 0
635 0
636 0
637 0
638 0
639 0
640 0
641 0
642 0
643 0
644 0
645 0
646 0
647 0
648 0
649 0
650 0
651 0
652 0
653 0
654 0
655 0
656 0
657 0
658 0
659 0
660 0
661 0
662 0
663 0
664 0
665 0
666 0
667 0
668 0
669 0
670 0
671 0
672 0
673 0
674 0
675 0
676 0
677 0
678 0
679 0
680 0
681 0
682 0
683 0
684 0
685 0
686 0
687 0
688 0
689 0
690 0
691 0
692 0
693 0
694 0
695 0
696 0
697 0
698 0
699 0
700 0
701 0
702 0
703 0
704 0
705 0
706 0
707 0
708 0
709 0
710 0
711 0
712 0
713 0
714 0
715 0
716 0
717 0
718 0
719 0
720 0
721 0
722 0
723 0
724 0
725 0
726 0
727 0
728 0
729 0
730 0
731 0
732 0
733 0
734 0
735 0
736 0
737 0
738 0
739 0
740 0
741 0
742 0
743 0
744 0
745 0
746 0
747 0
748 0
749 0
750 0
751 0
752 0
753 0
754 0
755 0
756 0
757 0
758 0
759 0
760 0
761 0
762 0
763 0
764 0
765 0
766 0
767 0
768 0
769 0
770 0
771 0
772 0
773 0
774 0
775 0
776 0
777 0
778 0
779 0
780 0
781 0
782 0
783 0
784 0
785 0
786 0
787 0
788 0
789 0
790 0
791 0
792 0
793 0
794 0
795 0
796 0
797 0
798 0
799 0
800 0
801 0
802 0
803 0
804 0
805 0
806 0
807 0
808 0
809 0
810 0
811 0
812 0
813 0
814 0
815 0
816 0
817 0
818 0
819 0
820 0
821 0
822 0
823 0
824 0
825 0
826 0
827 0
828 0
829 0
830 0
831 0
832 0
833 0
834 0
835 0
836 0
837 0
838 0
839 0
840 0
841 0
842 0
843 0
844 0
845 0
846 0
847 0
848 0
849 0
850 0
851 0
852 0
853 0
854 0
855 0
856 0
857 0
858 0
859 0
860 0
861 0
862 0
863 0
864 0
865 0
866 0
867 0
868 0
869 0
870 0
871 0
872 0
873 0
874 0
875 0
876 0
877 0
878 0
879 0
880 0
881 0
882 0
883 0
884 0
885 0
886 0
887 0
888 0
889 0
890 0
891 0
892 0
893 0
894 0
895 0
896 0
897 0
898 0
899 0
900 0
901 0
902 0
903 0
904 0
905 0
906 0
907 0
908 0
909 0
910 0
911 0
912 0
913 0
914 0
915 0
916 0
917 0
918 0
919 0
920 0
921 0
922 0
923 0
924 0
925 0
926 0
927 0
928 0
929 0
930 0
931 0
932 0
933 0
934 0
935 0
936 0
937 0
938 0
939 0
940 0
941 0
942 0
943 0
944 0
945 0
946 0
947 0
948 0
949 0
950 0
951 0
952 0
953 0
954 0
955 0
956 0
957 0
958 0
959 0
960 0
961 0
962 0
963 0
964 0
965 0
966 0
967 0
968 0
969 0
970 0
971 0
972 0
973 0
974 0
975 0
976 0
977 0
978 0
979 0
980 0
981 0
982 0
983 0
984 0
985 0
986 0
987 0
988 0
989 0
990 0
991 0
992 0
993 0
994 0
995 0
996 0
997 0
998 0
999 0
1000 0
1001 0
1002 0
1003 0
1004 0
1005 0
1006 0
1007 0
1008 0
1009 0
1010 0
1011 0
1012 0
1013 0
1014 0
1015 0
1016 0
1017 0
1018 0
1019 0
1020 0
1021 0
1022 0
1023 0
1024 0
1025 0
1026 0
1027 0
1028 0
1029 0
1030 0
1031 0
1032 0
1033 0
1034 0
1035 0
1036 0
1037 0
1038 0
1039 0
1040 0
1041 0
1042 0
1043 0
1044 0
1045 0
1046 0
1047 0
1048 0
1049 0
1050 0
1051 0
1052 0
1053 0
1054 0
1055 0
1056 0
1057 0
1058 0
1059 0
1060 0
1061 0
1062 0
1063 0
1064 0
1065 0
1066 0
1067 0
1068 0
1069 0
1070 0
1071 0
1072 0
1073 0
1074 0
1075 0
1076 0
1077 0
1078 0
1079 0
1080 0
1081 0
1082 0
1083 0
1084 0
1085 0
1086 0
1087 0
1088 0
1089 0
1090 0
1091 0
1092 0
1093 0
1094 0
1095 0
1096 0
1097 0
1098 0
1099 0
1100 0
1101 0
1102 0
1103 0
1104 0
1105 0
1106 0
1107 0
1108 0
1109 0
1110 0
1111 0
1112 0
1113 0
1114 0
1115 0
1116 0
1117 0
1118 0
1119 0
1120 0
1121 0
1122 0
1123 0
1124 0
1125 0
1126 0
1127 0
1128 0
1129 0
1130 0
1131 0
1132 0
1133 0
1134 0
1135 0
1136 0
1137 0
1138 0
1139 0
1140 0
1141 0
1142 0
1143 0
1144 0
1145 0
1146 0
1147 0
1148 0
1149 0
1150 0
1151 0
1152 0
1153 0
1154 0
1155 0
1156 0
1157 0
1158 0
1159 0
1160 0
1161 0
1162 0
1163 0
1164 0
1165 0
1166 0
1167 0
1168 0
1169 0
1170 0
1171 0
1172 0
1173 0
1174 0
1175 0
1176 0
1177 0
1178 0
1179 0
1180 0
1181 0
1182 0
1183 0
1184 0
1185 0
1186 0
1187 0
1188 0
1189 0
1190 0
1191 0
1192 0
1193 0
1194 0
1195 0
1196 0
1197 0
1198 0
1199 0
1200 0
1201 0
1202 0
1203 0
1204 0
1205 0
1206 0
1207 0
1208 0
1209 0
1210 0
1211 0
1212 0
1213 0
1214 0
1215 0
1216 0
1217 0
1218 0
1219 0
1220 0
1221 0
1222 0
1223 0
1224 0
1225 0
1226 0
1227 0
1228 0
1229 0
1230 0
1231 0
1232 0
1233 0
1234 0
1235 0
1236 0
1237 0
1238 0
1239 0
1240 0
1241 0
1242 0
1243 0
1244 0
1245 0
1246 0
1247 0
1248 0
1249 0
1250 0
1251 0
1252 0
1253 0
1254 0
1255 0
1256 0
1257 0
1258 0
1259 0
1260 0
1261 0
1262 0
1263 0
1264 0
1265 0
1266 0
1267 0
1268 0
1269 0
1270 0
1271 0
1272 0
1273 0
1274 0
1275 0
1276 0
1277 0
1278 0
1279 0
1280 0
1281 0
1282 0
1283 0
1284 0
1285 0
1286 0
1287 0
1288 0
1289 0
1290 0
1291 0
1292 0
1293 0
1294 0
1295 0
1296 0
1297 0
1298 0
1299 0
1300 0
1301 0
1302 0
1303 0
1304 0
1305 0
1306 0
1307 0
1308 0
1309 0
1310 0
1311 0
1312 0
1313 0
1314 0
1315 0
1316 0
1317 0
1318 0
1319 0
1320 0
1321 0
1322 0
1323 0
1324 0
1325 0
1326 0
1327 0
1328 0
1329 0
1330 0
1331 0
1332 0
1333 0
1334 0
1335 0
1336 0
1337 0
1338 0
1339 0
1340 0
1341 0
1342 0
1343 0
1344 0
1345 0
1346 0
1347 0
1348 0
1349 0
1350 0
1351 0
1352 0
1353 0
1354 0
1355 0
1356 0
1357 0
1358 0
1359 0
1360 0
1361 0
1362 0
1363 0
1364 0
1365 0
1366 0
1367 0
1368 0
1369 0
1370 0
1371 0
1372 0
1373 0
1374 0
1375 0
1376 0
1377 0
1378 0
1379 0
1380 0
1381 0
1382 0
1383 0
1384 0
1385 0
1386 0
1387 0
1388 0
1389 0
1390 0
1391 0
1392 0
1393 0
1394 0
1395 0
1396 0
1397 0
1398 0
1399 0
1400 0
1401 0
1402 0
1403 0
1404 0
1405 0
1406 0
1407 0
1408 0
1409 0
1410 0
1411 0
1412 0
1413 0
1414 0
1415 0
1416 0
1417 0
1418 0
1419 0
1420 0
1421 0
1422 0
1423 0
1424 0
1425 0
1426 0
1427 0
1428 0
1429 0
1430 0
1431 0
1432 0
1433 0
1434 0
1435 0
1436 0
1437 0
1438 0
1439 0
1440 0
1441 0
1442 0
1443 0
1444 0
1445 0
1446 0
1447 0
1448 0
1449 0
1450 0
1451 0
1452 0
1453 0
1454 0
1455 0
1456 0
1457 0
1458 0
1459 0
1460 0
1461 0
1462 0
1463 0
1464 0
1465 0
1466 0
1467 0
1468 0
1469 0
1470 0
1471 0
1472 0
1473 0
1474 0
1475 0
1476 0
1477 0
1478 0
1479 0
1480 0
1481 0
1482 0
1483 0
1484 0
1485 0
1486 0
1487 0
1488 0
1489 0
1490 0
1491 0
1492 0
1493 0
1494 0
1495 0
1496 0
1497 0
1498 0
1499 0
1500 0
1501 0
1502 0
1503 0
1504 0
1505 0
1506 0
1507 0
1508 0
1509 0
1510 0
1511 0
1512 0
1513 0
1514 0
1515 0
1516 0
1517 0
1518 0
1519 0
1520 0
1521 0
1522 0
1523 0
1524 0
1525 0
1526 0
1527 0
1528 0
1529 0
1530 0
1531 0
1532 0
1533 0
1534 0
1535 0
1536 0
1537 0
1538 0
1539 0
1540 0
1541 0
1542 0
1543 0
1544 0
1545 0
1546 0
1547 0
1548 0
1549 0
1550 0
1551 0
1552 0
1553 0
1554 0
1555 0
1556 0
1557 0
1558 0
1559 0
1560 0
1561 0
1562 0
1563 0
1564 0
1565 0
1566 0
1567 0
1568 0
1569 0
1570 0
1571 0
1572 0
1573 0
1574 0
1575 0
1576 0
1577 0
1578 0
1579 0
1580 0
1581 0
1582 0
1583 0
1584 0
1585 0
1586 0
1587 0
1588 0
1589 0
1590 0
1591 0
1592 0
1593 0
1594 0
1595 0
1596 0
1597 0
1598 0
1599 0
1600 0
1601 0
1602 0
1603 0
1604 0
1605 0
1606 0
1607 0
1608 0
1609 0
1610 0
1611 0
1612 0
1613 0
1614 0
1615 0
1616 0
1617 0
1618 0
1619 0
1620 0
1621 0
1622 0
1623 0
1624 0
1625 0
1626 0
1627 0
1628 0
1629 0
1630 0
1631 0
1632 0
1633 0
1634 0
1635 0
1636 0
1637 0
1638 0
1639 0
1640 0
1641 0
1642 0
1643 0
1644 0
1645 0
1646 0
1647 0
1648 0
1649 0
1650 0
1651 0
1652 0
1653 0
1654 0
1655 0
1656 0
1657 0
1658 0
1659 0
1660 0
1661 0
1662 0
1663 0
1664 0
1665 0
1666 0
1667 0
1668 0
1669 0
1670 0
1671 0
1672 0
1673 0
1674 0
1675 0
1676 0
1677 0
1678 0
1679 0
1680 0
1681 0
1682 0
1683 0
1684 0
1685 0
1686 0
1687 0
1688 0
1689 0
1690 0
1691 0
1692 0
1693 0
1694 0
1695 0
1696 0
1697 0
1698 0
1699 0
1700 0
1701 0
1702 0
1703 0
1704 0
1705 0
1706 0
1707 0
1708 0
1709 0
1710 0
1711 0
1712 0
1713 0
1714 0
1715 0
1716 0
1717 0
1718 0
1719 0
1720 0
1721 0
1722 0
1723 0
1724 0
1725 0
1726 0
1727 0
1728 0
1729 0
1730 0
1731 0
1732 0
1733 0
1734 0
1735 0
1736 0
1737 0
1738 0
1739 0
1740 0
1741 0
1742 0
1743 0
1744 0
1745 0
1746 0
1747 0
1748 0
1749 0
1750 0
1751 0
1752 0
1753 0
1754 0
1755 0
1756 0
1757 0
1758 0
1759 0
1760 0
1761 0
1762 0
1763 0
1764 0
1765 0
1766 0
1767 0
1768 0
1769 0
1770 0
1771 0
1772 0
1773 0
1774 0
1775 0
1776 0
1777 0
1778 0
1779 0
1780 0
1781 0
1782 0
1783 0
1784 0
1785 0
1786 0
1787 0
1788 0
1789 0
1790 0
1791 0
1792 0
1793 0
1794 0
1795 0
1796 0
1797 0
1798 0
1799 0
1800 0
1801 0
1802 0
1803 0
1804 0
1805 0
1806 0
1807 0
1808 0
1809 0
1810 0
1811 0
1812 0
1813 0
1814 0
1815 0
1816 0
1817 0
1818 0
1819 0
1820 0
1821 0
1822 0
1823 0
1824 0
1825 0
1826 0
1827 0
1828 0
1829 0
1830 0
1831 0
1832 0
1833 0
1834 0
1835 0
1836 0
1837 0
1838 0
1839 0
1840 0
1841 0
1842 0
1843 0
1844 0
1845 0
1846 0
1847 0
1848 0
1849 0
1850 0
1851 0
1852 0
1853 0
1854 0
1855 0
1856 0
1857 0
1858 0
1859 0
1860 0
1861 0
1862 0
1863 0
1864 0
1865 0
1866 0
1867 0
1868 0
1869 0
1870 0
1871 0
1872 0
1873 0
1874 0
1875 0
1876 0
1877 0
1878 0
1879 0
1880 0
1881 0
1882 0
1883 0
1884 0
1885 0
1886 0
1887 0
1888 0
1889 0
1890 0
1891 0
1892 0
1893 0
1894 0
1895 0
1896 0
1897 0
1898 0
1899 0
1900 0
1901 0
1902 0
1903 0
1904 0
1905 0
1906 0
1907 0
1908 0
1909 0
1910 0
1911 0
1912 0
1913 0
1914 0
1915 0
1916 0
1917 0
1918 0
1919 0
1920 0
1921 0
1922 0
1923 0
1924 0
1925 0
1926 0
1927 0
1928 0
1929 0
1930 0
1931 0
1932 0
1933 0
1934 0
1935 0
1936 0
1937 0
1938 0
1939 0
1940 0
1941 0
1942 0
1943 0
1944 0
1945 0
1946 0
1947 0
1948 0
1949 0
1950 0
1951 0
1952 0
1953 0
1954 0
1955 0
1956 0
1957 0
1958 0
1959 0
1960 0
1961 0
1962 0
1963 0
1964 0
1965 0
1966 0
1967 0
1968 0
1969 0
1970 0
1971 0
1972 0
1973 0
1974 0
1975 0
1976 0
1977 0
1978 0
1979 0
1980 0
1981 0
1982 0
1983 0
1984 0
1985 0
1986 0
1987 0
1988 0
1989 0
1990 0
1991 0
1992 0
1993 0
1994 0
1995 0
1996 0
1997 0
1998 0
1999 0
2000 0
2001 0
2002 0
2003 0
2004 0
2005 0
2006 0
2007 0
2008 0
2009 0
2010 0
2011 0
2012 0
2013 0
2014 0
2015 0
2016 0
2017 0
2018 0
2019 0
2020 0
2021 0
2022 0
2023 0
2024 0
2025 0
2026 0
2027 0
2028 0
2029 0
2030 0
2031 0
2032 0
2033 0
2034 0
2035 0
2036 0
2037 0
2038 0
2039 0
2040 0
2041 0
2042 0
2043 0
2044 0
2045 0
2046 0
2047 0
2048 0
2049 0
2050 0
2051 0
2052 0
2053 0
2054 0
2055 0
2056 0
2057 0
2058 0
2059 0
2060 0
2061 0
2062 0
2063 0
2064 0
2065 0
2066 0
2067 0
2068 0
2069 0
2070 0
2071 0
2072 0
2073 0
2074 0
2075 0
2076 0
2077 0
2078 0
2079 0
2080 0
2081 0
2082 0
2083 0
2084 0
2085 0
2086 0
2087 0
2088 0
2089 0
2090 0
2091 0
2092 0
2093 0
2094 0
2095 0
2096 0
2097 0
2098 0
2099 0
2100 0
2101 0
2102 0
2103 0
2104 0
2105 0
2106 0
2107 0
2108 0
2109 0
2110 0
2111 0
2112 0
2113 0
2114 0
2115 0
2116 0
2117 0
2118 0
2119 0
2120 0
2121 0
2122 0
2123 0
2124 0
2125 0
2126 0
2127 0
2128 0
2129 0
2130 0
2131 0
2132 0
2133 0
2134 0
2135 0
2136 0
2137 0
2138 0
2139 0
2140 0
2141 0
2142 0
2143 0
2144 0
2145 0
2146 0
2147 0
2148 0
2149 0
2150 0
2151 0
2152 0
2153 0
2154 0
2155 0
2156 0
2157 0
2158 0
2159 0
2160 0
2161 0
2162 0
2163 0
2164 0
2165 0
2166 0
2167 0
2168 0
2169 0
2170 0
2171 0
2172 0
2173 0
2174 0
2175 0
2176 0
2177 0
2178 0
2179 0
2180 0
2181 0
2182 0
2183 0
2184 0
2185 0
2186 0
2187 0
2188 0
2189 0
2190 0
2191 0
2192 0
2193 0
2194 0
2195 0
2196 0
2197 0
2198 0
2199 0
2200 0
2201 0
2202 0
2203 0
2204 0
2205 0
2206 0
2207 0
2208 0
2209 0
2210 0
2211 0
2212 0
2213 0
2214 0
2215 0
2216 0
2217 0
2218 0
2219 0
2220 0
2221 0
2222 0
2223 0
2224 0
2225 0
2226 0
2227 0
2228 0
2229 0
2230 0
2231 0
2232 0
2233 0
2234 0
2235 0
2236 0
2237 0
2238 0
2239 0
2240 0
2241 0
2242 0
2243 0
2244 0
2245 0
2246 0
2247 0
2248 0
2249 0
2250 0
2251 0
2252 0
2253 0
2254 0
2255 0
2256 0
2257 0
2258 0
2259 0
2260 0
2261 0
2262 0
2263 0
2264 0
2265 0
2266 0
2267 0
2268 0
2269 0
2270 0
2271 0
2272 0
2273 0
2274 0
2275 0
2276 0
2277 0
2278 0
2279 0
2280 0
2281 0
2282 0
2283 0
2284 0
2285 0
2286 0
2287 0
2288 0
2289 0
2290 0
2291 0
2292 0
2293 0
2294 0
2295 0
2296 0
2297 0
2298 0
2299 0
2300 0
2301 0
2302 0
2303 0
2304 0
2305 0
2306 0
2307 0
2308 0
2309 0
2310 0
2311 0
2312 0
2313 0
2314 0
2315 0
2316 0
2317 0
2318 0
2319 0
2320 0
2321 0
2322 0
2323 0
2324 0
2325 0
2326 0
2327 0
2328 0
2329 0
2330 0
2331 0
2332 0
2333 0
2334 0
2335 0
2336 0
2337 0
2338 0
2339 0
2340 0
2341 0
2342 0
2343 0
2344 0
2345 0
2346 0
2347 0
2348 0
2349 0
2350 0
2351 0
2352 0
2353 0
2354 0
2355 0
2356 0
2357 0
2358 0
2359 0
2360 0
2361 0
2362 0
2363 0
2364 0
2365 0
2366 0
2367 0
2368 0
2369 0
2370 0
2371 0
2372 0
2373 0
2374 0
2375 0
2376 0
2377 0
2378 0
2379 0
2380 0
2381 0
2382 0
2383 0
2384 0
2385 0
2386 0
2387 0
2388 0
2389 0
2390 0
2391 0
2392 0
2393 0
2394 0
2395 0
2396 0
2397 0
2398 0
2399 0
2400 0
2401 0
2402 0
2403 0
2404 0
2405 0
2406 0
2407 0
2408 0
2409 0
2410 0
2411 0
2412 0
2413 0
2414 0
2415 0
2416 0
2417 0
2418 0
2419 0
2420 0
2421 0
2422 0
2423 0
2424 0
2425 0
2426 0
2427 0
2428 0
2429 0
2430 0
2431 0
2432 0
2433 0
2434 0
2435 0
2436 0
2437 0
2438 0
2439 0
2440 0
2441 0
2442 0
2443 0
2444 0
2445 0
2446 0
2447 0
2448 0
2449 0
2450 0
2451 0
2452 0
2453 0
2454 0
2455 0
2456 0
2457 0
2458 0
2459 0
2460 0
2461 0
2462 0
2463 0
2464 0
2465 0
2466 0
2467 0
2468 0
2469 0
2470 0
2471 0
2472 0
2473 0
2474 0
2475 0
2476 0
2477 0
2478 0
2479 0
2480 0
2481 0
2482 0
2483 0
2484 0
2485 0
2486 0
2487 0
2488 0
2489 0
2490 0
2491 0
2492 0
2493 0
2494 0
2495 0
2496 0
2497 0
2498 0
2499 0
2500 0
2501 0
2502 0
2503 0
2504 0
2505 0
2506 0
2507 0
2508 0
2509 0
2510 0
2511 0
2512 0
2513 0
2514 0
2515 0
2516 0
2517 0
2518 0
2519 0
2520 0
2521 0
2522 0
2523 0
2524 0
2525 0
2526 0
2527 0
2528 0
2529 0
2530 0
2531 0
2532 0
2533 0
2534 0
2535 0
2536 0
2537 0
2538 0
2539 0
2540 0
2541 0
2542 0
2543 0
2544 0
2545 0
2546 0
2547 0
2548 0
2549 0
2550 0
2551 0
2552 0
2553 0
2554 0
2555 0
2556 0
2557 0
2558 0
2559 0
2560 0
2561 0
2562 0
2563 0
2564 0
2565 0
2566 0
2567 0
2568 0
2569 0
2570 0
2571 0
2572 0
2573 0
2574 0
2575 0
2576 0
2577 0
2578 0
2579 0
2580 0
2581 0
2582 0
2583 0
2584 0
2585 0
2586 0
2587 0
2588 0
2589 0
2590 0
2591 0
2592 0
2593 0
2594 0
2595 0
2596 0
2597 0
2598 0
2599 0
2600 0
2601 0
2602 0
2603 0
2604 0
2605 0
2606 0
2607 0
2608 0
2609 0
2610 0
2611 0
2612 0
2613 0
2614 0
2615 0
2616 0
2617 0
2618 0
2619 0
2620 0
2621 0
2622 0
2623 0
2624 0
2625 0
2626 0
2627 0
2628 0
2629 0
2630 0
2631 0
2632 0
2633 0
2634 0
2635 0
2636 0
2637 0
2638 0
2639 0
2640 0
2641 0
2642 0
2643 0
2644 0
2645 0
2646 0
2647 0
2648 0
2649 0
2650 0
2651 0
2652 0
2653 0
2654 0
2655 0
2656 0
2657 0
2658 0
2659 0
2660 0
2661 0
2662 0
2663 0
2664 0
2665 0
2666 0
2667 0
2668 0
2669 0
2670 0
2671 0
2672 0
2673 0
2674 0
2675 0
2676 0
2677 0
2678 0
2679 0
2680 0
2681 0
2682 0
2683 0
2684 0
2685 0
2686 0
2687 0
2688 0
2689 0
2690 0
2691 0
2692 0
2693 0
2694 0
2695 0
2696 0
2697 0
2698 0
2699 0
2700 0
2701 0
2702 0
2703 0
2704 0
2705 0
2706 0
2707 0
2708 0
2709 0
2710 0
2711 0
2712 0
2713 0
2714 0
2715 0
2716 0
2717 0
2718 0
2719 0
2720 0
2721 0
2722 0
2723 0
2724 0
2725 0
2726 0
2727 0
2728 0
2729 0
2730 0
2731 0
2732 0
2733 0
2734 0
2735 0
2736 0
2737 0
2738 0
2739 0
2740 0
2741 0
2742 0
2743 0
0 196 -0.741020
0 2548 -2.808869
0 14 0.189526
0 182 -0.282282
0 1 1.938811
0 13 -0.886038
1 197 -0.336231
1 2549 0.474505
1 15 -2.380294
1 183 -0.839231
1 2 0.231761
2 198 -0.059003
2 2550 -0.553688
2 16 -0.064977
2 184 -0.404901
2 3 -2.089024
3 199 0.664613
3 2551 -0.373100
3 17 1.140688
3 185 2.093991
3 4 0.991332
4 200 -0.167121
4 2552 0.167561
4 18 -1.985803
4 186 -0.282502
4 5 0.268173
5 201 0.002777
5 2553 -0.987827
5 19 -0.049944
5 187 -0.290240
5 6 0.635016
6 202 -0.609298
6 2554 -0.717875
6 20 -0.047423
6 188 0.683562
6 7 -0.196278
7 203 -1.023343
7 2555 -0.647503
7 21 -0.907641
7 189 -0.378200
7 8 0.190445
8 204 0.219608
8 2556 1.758972
8 22 -0.232682
8 190 -0.961796
8 9 0.713020
9 205 0.066654
9 2557 1.621545
9 23 0.147696
9 191 -0.297711
9 10 -0.728177
10 206 1.796327
10 2558 0.593717
10 24 0.940250
10 192 -2.425892
10 11 0.729246
11 207 0.286172
11 2559 0.735939
11 25 -0.366534
11 193 -0.719564
11 12 -0.016687
12 208 -0.748415
12 2560 1.190112
12 26 -0.634001
12 194 -1.471784
12 13 -1.424802
13 209 1.326491
13 2561 1.262668
13 27 -1.361340
13 195 -0.946260
14 210 0.233256
14 2562 2.838923
14 28 -0.557191
14 15 0.257875
14 27 -0.344496
15 211 -0.517053
15 2563 0.553183
15 29 0.349991
15 16 0.143921
16 212 1.379057
16 2564 1.762573
16 30 1.893793
16 17 0.209659
17 213 -0.713126
17 2565 -1.755407
17 31 -0.402496
17 18 -2.634542
18 214 0.219068
18 2566 0.418105
18 32 -0.455216
18 19 -0.004921
19 215 0.234331
19 2567 -1.321709
19 33 -1.552417
19 20 0.078354
20 216 0.568062
20 2568 -0.346482
20 34 0.768374
20 21 0.226149
21 217 0.061132
21 2569 1.520391
21 35 -0.878445
21 22 -0.759430
22 218 -1.512027
22 2570 0.841962
22 36 0.637795
22 23 1.067278
23 219 0.283607
23 2571 1.311399
23 37 -0.687838
23 24 0.318003
24 220 -2.127721
24 2572 -1.131326
24 38 -1.560563
24 25 -0.249316
25 221 -0.630998
25 2573 0.568097
25 39 0.467854
25 26 -0.502577
26 222 -0.513532
26 2574 1.155396
26 40 -0.927774
26 27 -2.073797
27 223 1.330960
27 2575 1.346880
27 41 0.365966
28 224 -0.385173
28 2576 0.068795
28 42 -0.125866
28 29 1.882629
28 41 -1.208191
29 225 0.515802
29 2577 -1.699188
29 43 1.080227
29 30 -1.273437
30 226 0.619670
30 2578 -0.061329
30 44 -0.108842
30 31 0.277034
31 227 1.587488
31 2579 -1.355556
31 45 -1.447641
31 32 -0.473618
32 228 0.840199
32 2580 0.582396
32 46 0.131676
32 33 0.249346
33 229 -2.753326
33 2581 -1.074220
33 47 0.945970
33 34 -0.934886
34 230 -0.642874
34 2582 0.435875
34 48 -0.714038
34 35 -0.598266
35 231 1.733773
35 2583 0.823380
35 49 0.436153
35 36 -0.211435
36 232 0.664145
36 2584 -1.067494
36 50 0.368555
36 37 -0.588685
37 233 -0.717189
37 2585 -1.213502
37 51 1.152779
37 38 -0.656261
38 234 -0.524538
38 2586 2.912802
38 52 -1.254186
38 39 0.697818
39 235 0.247812
39 2587 0.311443
39 53 -1.305930
39 40 0.486605
40 236 0.353265
40 2588 0.411702
40 54 -1.648672
40 41 0.923914
41 237 -0.338667
41 2589 -0.619377
41 55 -0.637183
42 238 0.156713
42 2590 -0.476163
42 56 -1.609645
42 43 0.067084
42 55 -0.531560
43 239 0.314024
43 2591 0.108152
43 57 -0.894777
43 44 1.673074
44 240 0.707379
44 2592 0.330837
44 58 -0.473370
44 45 1.178084
45 241 0.596252
45 2593 -0.461654
45 59 -0.423405
45 46 -0.867131
46 242 -0.344227
46 2594 -0.585546
46 60 0.028357
46 47 1.442288
47 243 0.164573
47 2595 -1.176230
47 61 1.231138
47 48 -0.673003
48 244 0.975246
48 2596 0.368388
48 62 -0.125108
48 49 0.502226
49 245 -0.567181
49 2597 0.489702
49 63 -0.850129
49 50 0.365792
50 246 0.749912
50 2598 -0.178123
50 64 0.365503
50 51 0.423688
51 247 -0.665981
51 2599 -0.136459
51 65 -0.354667
51 52 0.356554
52 248 0.449334
52 2600 -0.675538
52 66 -2.263427
52 53 0.610917
53 249 -0.879849
53 2601 1.066645
53 67 -0.134595
53 54 -0.273301
54 250 -2.016433
54 2602 -0.328221
54 68 -1.887198
54 55 0.661149
55 251 0.267706
55 2603 0.153626
55 69 1.219305
56 252 -0.222980
56 2604 -0.246220
56 70 -0.424833
56 57 -1.188664
56 69 0.031455
57 253 1.117648
57 2605 0.645511
57 71 0.759953
57 58 -0.218301
58 254 0.084664
58 2606 0.120721
58 72 0.226903
58 59 -0.703707
59 255 -2.427202
59 2607 0.447378
59 73 -0.677584
59 60 -1.134362
60 256 0.197927
60 2608 0.480874
60 74 -3.024716
60 61 -1.026327
61 257 -0.007208
61 2609 -0.563158
61 75 0.424342
61 62 -0.794516
62 258 0.122868
62 2610 0.345766
62 76 0.205602
62 63 1.743413
63 259 -0.482855
63 2611 1.844239
63 77 -0.088856
63 64 0.837557
64 260 -0.684065
64 2612 -1.517538
64 78 0.445146
64 65 -0.404296
65 261 -0.106976
65 2613 -0.290725
65 79 -0.259138
65 66 -0.348801
66 262 -0.884793
66 2614 -0.467361
66 80 -0.998710
66 67 -0.898989
67 263 -1.812181
67 2615 -1.348545
67 81 -0.541203
67 68 -1.112951
68 264 0.300144
68 2616 -1.263120
68 82 0.413644
68 69 -2.621416
69 265 0.425566
69 2617 -0.121387
69 83 0.893242
70 266 -1.765691
70 2618 0.180649
70 84 -0.875875
70 71 0.963880
70 83 0.547894
71 267 0.619658
71 2619 -1.397350
71 85 -0.121430
71 72 0.504113
72 268 -0.019198
72 2620 0.789719
72 86 0.056911
72 73 -0.081959
73 269 0.872968
73 2621 -1.100067
73 87 -0.153806
73 74 1.669755
74 270 0.089410
74 2622 0.786839
74 88 -0.897889
74 75 0.328342
75 271 0.726798
75 2623 1.211055
75 89 -1.479724
75 76 0.756445
76 272 2.053922
76 2624 0.593756
76 90 -0.413418
76 77 1.825614
77 273 0.496402
77 2625 -0.303002
77 91 -1.219534
77 78 -1.312860
78 274 -0.233946
78 2626 2.518994
78 92 1.622277
78 79 1.440598
79 275 -0.550452
79 2627 -0.409989
79 93 0.335697
79 80 1.382643
80 276 -0.475545
80 2628 0.002340
80 94 -0.485800
80 81 0.757207
81 277 -0.773055
81 2629 0.366842
81 95 -1.241723
81 82 -1.445015
82 278 0.045438
82 2630 1.095205
82 96 0.775904
82 83 1.771693
83 279 -0.090545
83 2631 0.289589
83 97 -0.410749
84 280 0.813593
84 2632 -1.649666
84 98 -0.045163
84 85 -0.786356
84 97 1.365957
85 281 -0.200099
85 2633 0.313167
85 99 0.593424
85 86 -1.388549
86 282 1.150207
86 2634 -1.653841
86 100 0.880979
86 87 -2.121311
87 283 0.321184
87 2635 -0.158726
87 101 -1.124706
87 88 0.660281
88 284 -0.863065
88 2636 -0.426284
88 102 -0.017297
88 89 0.464854
89 285 -0.502252
89 2637 -0.896148
89 103 -0.963365
89 90 -0.911638
90 286 -0.975410
90 2638 -0.268527
90 104 -1.578737
90 91 0.664397
91 287 0.330308
91 2639 1.075194
91 105 1.111457
91 92 -1.096888
92 288 -0.434619
92 2640 -0.000532
92 106 -0.171668
92 93 0.096088
93 289 -1.399210
93 2641 0.866527
93 107 -0.935192
93 94 -0.246299
94 290 0.646706
94 2642 0.529692
94 108 -0.194791
94 95 0.665333
95 291 -0.382327
95 2643 -0.868307
95 109 -2.204372
95 96 2.244584
96 292 0.266609
96 2644 -0.281669
96 110 0.649852
96 97 -1.147340
97 293 0.334260
97 2645 0.996960
97 111 1.035291
98 294 -1.666962
98 2646 -0.351884
98 112 -0.183835
98 99 -1.174312
98 111 -0.461029
99 295 -1.690451
99 2647 0.303245
99 113 0.315841
99 100 0.933269
100 296 1.122028
100 2648 -0.334628
100 114 0.107212
100 101 -0.054036
101 297 1.837757
101 2649 0.372124
101 115 -0.254247
101 102 -1.993793
102 298 -0.532405
102 2650 -0.788440
102 116 1.019951
102 103 -0.226049
103 299 0.022752
103 2651 0.444769
103 117 0.688840
103 104 0.620411
104 300 1.142093
104 2652 0.133797
104 118 0.509816
104 105 0.226109
105 301 -1.985713
105 2653 0.657863
105 119 -1.467026
105 106 0.883704
106 302 -0.971029
106 2654 0.174470
106 120 -1.183518
106 107 1.348198
107 303 -0.356056
107 2655 -1.157337
107 121 1.378079
107 108 0.667919
108 304 0.128497
108 2656 0.607595
108 122 -0.272769
108 109 -1.210173
109 305 -0.671776
109 2657 0.001237
109 123 -0.025252
109 110 -0.162948
110 306 0.343221
110 2658 1.176095
110 124 -0.990745
110 111 -0.722851
111 307 -0.064396
111 2659 -0.116553
111 125 0.389932
112 308 -1.687530
112 2660 -2.012479
112 126 -0.231522
112 113 -1.045143
112 125 -0.817237
113 309 -2.489716
113 2661 0.142641
113 127 0.335195
113 114 0.439021
114 310 0.388911
114 2662 0.768137
114 128 -0.141379
114 115 1.951184
115 311 -0.078462
115 2663 -0.663753
115 129 -0.863135
115 116 -0.435346
116 312 -2.377639
116 2664 -0.560319
116 130 0.018551
116 117 -0.894166
117 313 0.649243
117 2665 -1.556979
117 131 0.353548
117 118 1.893029
118 314 -0.552287
118 2666 -2.029685
118 132 0.586501
118 119 0.529587
119 315 0.088334
119 2667 0.615765
119 133 -0.823790
119 120 -1.743841
120 316 -0.801959
120 2668 0.158627
120 134 -0.300888
120 121 0.153232
121 317 -0.267819
121 2669 -0.392635
121 135 -0.163016
121 122 -1.572979
122 318 0.859856
122 2670 -0.528003
122 136 0.630530
122 123 -0.905571
123 319 0.623729
123 2671 2.760780
123 137 -0.848103
123 124 0.118412
124 320 -0.214741
124 2672 1.035822
124 138 -0.228684
124 125 1.415559
125 321 -0.056256
125 2673 1.869432
125 139 -0.244008
126 322 1.686938
126 2674 1.857074
126 140 0.412562
126 127 -1.399657
126 139 -1.503788
127 323 1.167030
127 2675 -0.337332
127 141 -0.757345
127 128 2.465995
128 324 1.735455
128 2676 1.100765
128 142 -0.072577
128 129 -1.310696
129 325 -1.068532
129 2677 -1.316710
129 143 -1.067550
129 130 1.311464
130 326 0.958297
130 2678 -0.011670
130 144 -0.437236
130 131 -0.375391
131 327 -1.175502
131 2679 -2.389266
131 145 1.340211
131 132 -0.033806
132 328 3.153539
132 2680 -1.544320
132 146 0.350355
132 133 -0.568860
133 329 -3.012058
133 2681 -2.318194
133 147 0.514268
133 134 1.037134
134 330 -0.781010
134 2682 -2.011372
134 148 -0.439013
134 135 -0.393931
135 331 -0.708565
135 2683 0.005261
135 149 0.083765
135 136 0.067622
136 332 0.247964
136 2684 0.840396
136 150 -1.123234
136 137 0.573606
137 333 0.992623
137 2685 1.690013
137 151 -1.739025
137 138 -1.136707
138 334 0.800587
138 2686 2.467200
138 152 0.475735
138 139 0.715566
139 335 -0.613738
139 2687 0.035533
139 153 0.500405
140 336 -0.477341
140 2688 -0.367975
140 154 1.549600
140 141 -0.940243
140 153 1.784753
141 337 -0.150721
141 2689 -0.153050
141 155 1.802819
141 142 0.912467
142 338 -0.129684
142 2690 -0.105778
142 156 0.902705
142 143 -2.560876
143 339 1.386881
143 2691 0.943457
143 157 -0.618922
143 144 0.074371
144 340 -2.581492
144 2692 0.191804
144 158 1.248046
144 145 0.402215
145 341 -0.404260
145 2693 -0.802534
145 159 0.381521
145 146 0.060644
146 342 -0.574514
146 2694 -1.083486
146 160 -0.689549
146 147 -0.665338
147 343 1.123864
147 2695 -0.254196
147 161 -0.083792
147 148 0.296024
148 344 -0.066800
148 2696 0.130350
148 162 0.872979
148 149 0.161255
149 345 -0.383325
149 2697 -0.205074
149 163 -0.096521
149 150 0.973480
150 346 0.276732
150 2698 2.433888
150 164 0.929208
150 151 -0.388056
151 347 0.438336
151 2699 0.390907
151 165 -0.918317
151 152 -1.132158
152 348 0.989932
152 2700 -1.447566
152 166 -0.318286
152 153 -0.316539
153 349 -0.373125
153 2701 -1.227051
153 167 1.363416
154 350 -1.541758
154 2702 -0.003041
154 168 0.566961
154 155 -0.211802
154 167 -0.165092
155 351 0.717912
155 2703 1.607857
155 169 2.490233
155 156 0.005278
156 352 -0.684865
156 2704 1.719781
156 170 -0.146075
156 157 -0.450725
157 353 -0.411771
157 2705 1.211516
157 171 1.071317
157 158 0.719123
158 354 -0.362490
158 2706 -1.130869
158 172 -2.103898
158 159 0.863931
159 355 -0.133174
159 2707 -1.562970
159 173 -0.266739
159 160 -0.277083
160 356 0.144278
160 2708 0.421001
160 174 -0.991481
160 161 0.260467
161 357 -1.094329
161 2709 -1.193987
161 175 0.754996
161 162 0.874259
162 358 0.261200
162 2710 -0.888096
162 176 -0.155565
162 163 -0.158900
163 359 1.593115
163 2711 -0.080372
163 177 -0.546605
163 164 -1.516209
164 360 -0.117648
164 2712 0.533707
164 178 2.244698
164 165 -0.496706
165 361 0.425053
165 2713 -1.349257
165 179 -0.815635
165 166 0.787673
166 362 -1.643441
166 2714 0.187084
166 180 2.112275
166 167 -0.641144
167 363 0.534219
167 2715 0.193837
167 181 -1.568629
168 364 2.880535
168 2716 -0.582514
168 182 -3.635181
168 169 1.242137
168 181 0.468085
169 365 0.718823
169 2717 -3.124624
169 183 -0.575715
169 170 0.297989
170 366 0.449722
170 2718 0.731264
170 184 0.300397
170 171 0.376897
171 367 -1.606885
171 2719 -0.734733
171 185 -1.061947
171 172 -0.413494
172 368 1.730992
172 2720 2.170059
172 186 1.214799
172 173 -0.802303
173 369 1.277894
173 2721 -0.354351
173 187 1.196964
173 174 0.656723
174 370 -1.736774
174 2722 -0.032438
174 188 -2.987309
174 175 -0.334177
175 371 -1.937272
175 2723 1.641575
175 189 0.391053
175 176 0.529032
176 372 -0.692621
176 2724 -0.291707
176 190 0.180158
176 177 -1.395523
177 373 -0.101722
177 2725 -1.065606
177 191 -0.017319
177 178 1.762851
178 374 0.829801
178 2726 1.201971
178 192 1.406897
178 179 -0.243831
179 375 -0.401637
179 2727 -0.655212
179 193 0.619349
179 180 -0.107785
180 376 0.359935
180 2728 0.517168
180 194 0.562639
180 181 -1.566594
181 377 0.569961
181 2729 -0.498358
181 195 0.372515
182 378 -1.192536
182 2730 0.795577
182 183 0.091920
182 195 0.159860
183 379 0.607586
183 2731 1.085452
183 184 0.055814
184 380 -0.420732
184 2732 -1.494139
184 185 1.939380
185 381 1.072555
185 2733 2.359264
185 186 0.301901
186 382 0.311080
186 2734 -0.665400
186 187 0.264698
187 383 -0.009248
187 2735 0.317154
187 188 1.375289
188 384 -0.583946
188 2736 0.048551
188 189 -0.758031
189 385 0.403571
189 2737 -0.449434
189 190 0.579701
190 386 0.078586
190 2738 -1.098614
190 191 -0.827614
191 387 -1.383622
191 2739 -1.512705
191 192 -0.916301
192 388 -0.944995
192 2740 -1.441363
192 193 -0.502009
193 389 -1.805960
193 2741 1.966712
193 194 1.218522
194 390 0.779326
194 2742 -1.178770
194 195 -0.301555
195 391 0.969567
195 2743 0.758659
196 392 0.837273
196 210 -0.289441
196 378 -0.842633
196 197 -0.324358
196 209 0.432640
197 393 -1.192467
197 211 0.028146
197 379 0.445804
197 198 -0.333833
198 394 -0.628717
198 212 -1.112021
198 380 -0.019144
198 199 0.815522
199 395 0.987613
199 213 -1.328376
199 381 0.473049
199 200 1.082481
200 396 -0.450130
200 214 -0.068254
200 382 -1.835914
200 201 -1.725427
201 397 0.897796
201 215 0.278793
201 383 1.057135
201 202 -0.486755
202 398 0.120604
202 216 1.902592
202 384 0.850139
202 203 -0.855645
203 399 -2.575219
203 217 -1.617331
203 385 0.879322
203 204 1.481513
204 400 -0.065970
204 218 -1.260305
204 386 -0.536904
204 205 -0.118192
205 401 0.449580
205 219 -1.082140
205 387 0.048557
205 206 0.413412
206 402 1.810973
206 220 -0.022668
206 388 -0.816422
206 207 -0.974576
207 403 0.477233
207 221 -0.381481
207 389 2.108124
207 208 -1.121492
208 404 0.918045
208 222 -1.498183
208 390 0.173941
208 209 -0.843945
209 405 -0.934754
209 223 0.196618
209 391 1.061296
210 406 1.618273
210 224 -1.354058
210 211 0.160495
210 223 1.874033
211 407 0.498154
211 225 -0.561319
211 212 -0.963221
212 408 0.094177
212 226 1.912490
212 213 0.847739
213 409 1.619338
213 227 -0.304195
213 214 0.086861
214 410 1.495931
214 228 1.546628
214 215 -0.307503
215 411 0.889814
215 229 1.638210
215 216 1.251687
216 412 0.573643
216 230 -0.359641
216 217 -1.251072
217 413 0.055113
217 231 1.583744
217 218 -0.079805
218 414 0.577516
218 232 -0.386792
218 219 0.827426
219 415 0.091419
219 233 0.158592
219 220 1.530741
220 416 1.696890
220 234 -1.165998
220 221 -1.036881
221 417 1.548648
221 235 -1.837579
221 222 0.710046
222 418 0.963110
222 236 -0.548364
222 223 0.645647
223 419 -0.611404
223 237 0.168887
224 420 -0.239679
224 238 -0.404279
224 225 0.153149
224 237 -0.358492
225 421 -1.244999
225 239 1.483033
225 226 0.767514
226 422 -1.789621
226 240 -0.281540
226 227 0.595565
227 423 -0.790000
227 241 -2.992608
227 228 2.209208
228 424 0.807018
228 242 -0.171268
228 229 -0.968824
229 425 -0.669575
229 243 0.364041
229 230 -1.515946
230 426 0.173293
230 244 0.894972
230 231 0.203376
231 427 0.529694
231 245 -0.029779
231 232 1.523534
232 428 0.943071
232 246 -0.274177
232 233 -2.755600
233 429 0.045396
233 247 -1.722656
233 234 -0.834327
234 430 0.493236
234 248 0.485380
234 235 1.143732
235 431 -1.758380
235 249 1.182823
235 236 -0.002613
236 432 -2.234625
236 250 -0.123603
236 237 1.528113
237 433 0.234396
237 251 -0.496666
238 434 -0.255382
238 252 1.335359
238 239 -0.533788
238 251 1.359036
239 435 1.287340
239 253 1.054811
239 240 -0.453943
240 436 1.218453
240 254 0.667853
240 241 -1.125934
241 437 0.209641
241 255 -1.172657
241 242 1.212455
242 438 0.919831
242 256 1.262349
242 243 -0.006485
243 439 -0.331113
243 257 -0.001677
243 244 1.422427
244 440 -0.697409
244 258 0.219212
244 245 0.157863
245 441 0.998568
245 259 1.117778
245 246 -0.008862
246 442 -1.862237
246 260 -0.080168
246 247 -0.845559
247 443 -0.157438
247 261 -1.521706
247 248 0.611193
248 444 -0.684147
248 262 -0.790781
248 249 0.159167
249 445 0.352966
249 263 -0.331673
249 250 -1.072937
250 446 0.541846
250 264 -1.081344
250 251 -0.594128
251 447 -0.107475
251 265 0.162793
252 448 -0.302653
252 266 -2.805694
252 253 -0.522353
252 265 -0.325900
253 449 -1.880353
253 267 -0.506616
253 254 1.068299
254 450 0.382282
254 268 -0.760330
254 255 0.518091
255 451 -0.393899
255 269 -0.387127
255 256 -0.206440
256 452 -0.717081
256 270 -0.734893
256 257 0.641966
257 453 -0.554118
257 271 0.490941
257 258 -0.542359
258 454 -0.295280
258 272 1.137387
258 259 0.186353
259 455 1.078527
259 273 -1.640978
259 260 -0.449510
260 456 0.706429
260 274 -0.103047
260 261 0.930718
261 457 -2.145400
261 275 -0.210292
261 262 -0.650626
262 458 0.613048
262 276 1.380826
262 263 -1.279211
263 459 1.643017
263 277 -0.012785
263 264 -1.513793
264 460 0.373345
264 278 -0.050131
264 265 0.492230
265 461 0.924787
265 279 -0.024078
266 462 1.929744
266 280 -1.452687
266 267 0.483811
266 279 -0.454833
267 463 0.978778
267 281 1.041050
267 268 0.598439
268 464 -0.231515
268 282 -0.252608
268 269 1.376292
269 465 0.606002
269 283 -0.733419
269 270 1.219309
270 466 0.272581
270 284 2.367293
270 271 0.133363
271 467 -2.026140
271 285 0.169462
271 272 -1.344058
272 468 -0.050268
272 286 0.122125
272 273 -0.831545
273 469 1.002038
273 287 -0.045465
273 274 -0.664715
274 470 0.354422
274 288 1.301536
274 275 0.563473
275 471 0.305357
275 289 0.408097
275 276 0.573573
276 472 0.231336
276 290 -0.539705
276 277 0.505705
277 473 1.325679
277 291 0.388634
277 278 2.971363
278 474 0.820019
278 292 -0.435245
278 279 -0.182428
279 475 0.162526
279 293 -0.568017
280 476 0.816847
280 294 -1.443348
280 281 0.657366
280 293 0.584104
281 477 1.168536
281 295 0.136718
281 282 -0.676740
282 478 1.406469
282 296 0.108627
282 283 0.107966
283 479 0.524748
283 297 0.175277
283 284 -2.679938
284 480 0.572328
284 298 -0.781716
284 285 -0.354041
285 481 0.977262
285 299 0.460939
285 286 1.926482
286 482 1.658869
286 300 -0.001054
286 287 -1.241656
287 483 -2.453174
287 301 1.359848
287 288 -0.344225
288 484 -0.577358
288 302 -1.329911
288 289 -0.812218
289 485 -0.447290
289 303 -0.265156
289 290 0.288503
290 486 -0.568634
290 304 -0.227838
290 291 -0.067766
291 487 -0.277116
291 305 -1.903164
291 292 0.605431
292 488 -0.507898
292 306 0.841454
292 293 -0.541899
293 489 0.512767
293 307 0.111010
294 490 -0.045584
294 308 -0.293085
294 295 -0.994336
294 307 -0.430807
295 491 -0.470008
295 309 1.371319
295 296 0.588681
296 492 1.277284
296 310 -0.947614
296 297 0.501388
297 493 -0.704811
297 311 0.359292
297 298 -1.207124
298 494 -1.256388
298 312 -0.404648
298 299 -1.194397
299 495 1.185176
299 313 0.054412
299 300 0.468077
300 496 -1.124380
300 314 -0.519808
300 301 0.647635
301 497 1.076329
301 315 -0.485403
301 302 0.516074
302 498 -0.057978
302 316 1.524350
302 303 0.956452
303 499 0.014143
303 317 -0.204826
303 304 -0.541789
304 500 -0.383340
304 318 0.655888
304 305 2.105219
305 501 0.055410
305 319 0.271917
305 306 -0.600143
306 502 0.755580
306 320 1.713955
306 307 0.431643
307 503 1.511356
307 321 0.206458
308 504 -2.054629
308 322 0.701387
308 309 1.358766
308 321 -0.378184
309 505 0.730009
309 323 -0.371550
309 310 0.263596
310 506 -1.400758
310 324 0.312520
310 311 -1.296560
311 507 -1.255679
311 325 0.669810
311 312 -0.014563
312 508 -0.163861
312 326 -0.545858
312 313 -0.222921
313 509 1.316333
313 327 -0.418096
313 314 -0.766814
314 510 0.421403
314 328 -1.754757
314 315 -0.790000
315 511 0.582131
315 329 1.002121
315 316 -0.518418
316 512 -0.131418
316 330 0.195349
316 317 -0.183405
317 513 -1.821375
317 331 -0.625711
317 318 0.113330
318 514 -0.887881
318 332 -1.139918
318 319 -0.104155
319 515 1.573569
319 333 0.030057
319 320 -0.297723
320 516 -0.396724
320 334 0.707296
320 321 1.282190
321 517 0.655525
321 335 -0.259116
322 518 -0.064051
322 336 -0.155039
322 323 0.168968
322 335 2.017350
323 519 0.407620
323 337 -0.356914
323 324 0.108264
324 520 2.207211
324 338 -1.575028
324 325 -0.796204
325 521 -0.732885
325 339 0.930124
325 326 -0.978275
326 522 0.588621
326 340 -0.216685
326 327 -0.697064
327 523 1.133328
327 341 -0.257724
327 328 -0.599560
328 524 -0.177170
328 342 -1.785375
328 329 0.383443
329 525 -1.823474
329 343 -0.346837
329 330 1.405800
330 526 -0.663808
330 344 0.381543
330 331 -0.705775
331 527 0.741083
331 345 -2.404642
331 332 0.547777
332 528 -0.375593
332 346 1.852135
332 333 -0.160058
333 529 1.255098
333 347 -1.058989
333 334 -0.754056
334 530 -0.822782
334 348 -1.113719
334 335 -0.033148
335 531 -0.019529
335 349 0.031881
336 532 -1.189009
336 350 -0.304206
336 337 1.227597
336 349 -0.786392
337 533 1.517102
337 351 -1.856624
337 338 -1.778808
338 534 1.814070
338 352 0.363682
338 339 -0.148841
339 535 -0.407341
339 353 1.984134
339 340 -1.304057
340 536 -0.475400
340 354 0.128185
340 341 -0.335782
341 537 -0.483656
341 355 1.108584
341 342 0.044773
342 538 0.040282
342 356 0.024294
342 343 -0.233914
343 539 0.508914
343 357 0.367862
343 344 -0.444728
344 540 0.552824
344 358 1.751535
344 345 -0.448092
345 541 -1.470037
345 359 0.394101
345 346 0.103811
346 542 -1.036224
346 360 -0.043362
346 347 0.864684
347 543 -0.127933
347 361 1.697712
347 348 -1.009470
348 544 0.436727
348 362 -2.025375
348 349 0.322875
349 545 0.773045
349 363 -1.451875
350 546 -0.486019
350 364 -0.523230
350 351 1.264334
350 363 -1.102522
351 547 -0.742327
351 365 -0.037435
351 352 -1.592955
352 548 -0.248238
352 366 -0.367676
352 353 -3.398693
353 549 -0.127145
353 367 0.794411
353 354 0.826018
354 550 0.214418
354 368 1.939536
354 355 0.037651
355 551 0.004872
355 369 0.660219
355 356 -0.354051
356 552 0.535121
356 370 -1.373627
356 357 0.937378
357 553 -0.230057
357 371 0.188297
357 358 0.776798
358 554 0.950377
358 372 0.185740
358 359 2.700566
359 555 -1.014936
359 373 -0.230736
359 360 -1.046950
360 556 0.182690
360 374 1.301636
360 361 -1.566564
361 557 0.649624
361 375 -0.505900
361 362 0.221422
362 558 0.438654
362 376 0.892865
362 363 1.470200
363 559 2.631379
363 377 -1.648903
364 560 0.881396
364 378 -0.047591
364 365 1.339021
364 377 -0.130837
365 561 -0.123611
365 379 -1.220059
365 366 -0.861841
366 562 -1.117927
366 380 -0.251533
366 367 1.696071
367 563 -0.916359
367 381 -0.156762
367 368 -1.990228
368 564 0.370039
368 382 0.452930
368 369 1.488686
369 565 -1.667333
369 383 -0.898433
369 370 0.112532
370 566 1.167329
370 384 0.826375
370 371 2.378236
371 567 -0.534485
371 385 0.173908
371 372 0.514974
372 568 0.036167
372 386 1.205015
372 373 1.199180
373 569 -1.420227
373 387 1.387364
373 374 0.594133
374 570 0.090039
374 388 1.378929
374 375 0.057562
375 571 -0.760224
375 389 1.448833
375 376 0.414844
376 572 -1.341128
376 390 0.451988
376 377 -0.275265
377 573 0.978180
377 391 1.334157
378 574 0.280565
378 379 -0.425489
378 391 -0.128734
379 575 1.197718
379 380 -0.089496
380 576 -0.039231
380 381 -0.245168
381 577 1.121181
381 382 -1.682256
382 578 0.289016
382 383 0.451531
383 579 0.716940
383 384 -1.412074
384 580 -0.492083
384 385 -0.016996
385 581 0.188962
385 386 0.366784
386 582 -1.113200
386 387 0.692625
387 583 1.267163
387 388 -0.418249
388 584 0.548849
388 389 -1.697353
389 585 -1.371507
389 390 0.170863
390 586 -0.282325
390 391 1.293019
391 587 -0.681764
392 588 0.354958
392 406 0.540663
392 574 1.173363
392 393 -1.952684
392 405 -0.600656
393 589 0.137127
393 407 0.726122
393 575 0.605174
393 394 -0.749502
394 590 -0.352928
394 408 0.342056
394 576 0.235726
394 395 -1.402782
395 591 -0.703187
395 409 -1.073750
395 577 0.848241
395 396 0.271119
396 592 -0.879774
396 410 0.645781
396 578 0.168837
396 397 0.086983
397 593 -0.780999
397 411 0.155419
397 579 0.409810
397 398 -0.634519
398 594 1.519135
398 412 -0.037312
398 580 1.187120
398 399 -0.446614
399 595 -0.696625
399 413 -0.586528
399 581 0.301863
399 400 1.440844
400 596 1.422189
400 414 0.968243
400 582 1.576846
400 401 -0.577006
401 597 0.690475
401 415 -0.292735
401 583 -0.117377
401 402 -0.944160
402 598 -1.507356
402 416 0.704541
402 584 1.859930
402 403 -1.764300
403 599 -0.925132
403 417 -0.713035
403 585 0.290916
403 404 1.535978
404 600 0.370339
404 418 1.013153
404 586 0.237049
404 405 -0.399654
405 601 2.636341
405 419 0.477330
405 587 -1.281486
406 602 -0.603818
406 420 0.472787
406 407 -0.034127
406 419 0.769524
407 603 0.185216
407 421 -0.394900
407 408 2.371683
408 604 2.419412
408 422 0.606927
408 409 1.587404
409 605 0.367622
409 423 0.745697
409 410 0.297888
410 606 -0.877277
410 424 -1.647538
410 411 -0.192420
411 607 -0.172162
411 425 0.668956
411 412 -0.944749
412 608 -0.203528
412 426 0.758290
412 413 0.498604
413 609 0.386143
413 427 -0.653121
413 414 -0.878396
414 610 1.066246
414 428 0.656874
414 415 0.065238
415 611 0.486163
415 429 1.198207
415 416 1.574514
416 612 -0.512100
416 430 -1.353093
416 417 -0.684866
417 613 1.508554
417 431 -0.157629
417 418 0.796566
418 614 0.057909
418 432 0.853065
418 419 -1.484109
419 615 0.999749
419 433 0.607919
420 616 -0.086331
420 434 -1.063809
420 421 -0.504516
420 433 -0.284730
421 617 1.751690
421 435 0.897051
421 422 0.728155
422 618 -0.427310
422 436 -0.050081
422 423 -0.360380
423 619 -0.281762
423 437 0.269721
423 424 0.153784
424 620 0.428621
424 438 0.184247
424 425 1.758648
425 621 -0.211766
425 439 0.217068
425 426 0.484438
426 622 0.655040
426 440 0.834818
426 427 -0.849570
427 623 -1.680069
427 441 0.058308
427 428 -0.475016
428 624 1.699930
428 442 -0.148516
428 429 -0.120574
429 625 -0.731790
429 443 1.582092
429 430 -0.818290
430 626 -0.653970
430 444 -1.543283
430 431 1.008973
431 627 0.557092
431 445 0.903312
431 432 0.102609
432 628 -1.762255
432 446 0.467743
432 433 1.393281
433 629 -0.861916
433 447 0.733146
434 630 -0.943424
434 448 0.621608
434 435 1.418596
434 447 -1.048769
435 631 -0.668665
435 449 -0.252951
435 436 1.013242
436 632 -1.298351
436 450 -0.698035
436 437 -1.695250
437 633 -0.916812
437 451 -1.007899
437 438 1.420637
438 634 -0.992978
438 452 -1.273171
438 439 1.848176
439 635 0.794869
439 453 0.496470
439 440 -0.636587
440 636 -0.077533
440 454 -0.976071
440 441 1.304889
441 637 0.039265
441 455 -0.406640
441 442 0.809780
442 638 0.176304
442 456 0.285395
442 443 0.104029
443 639 0.492686
443 457 0.547735
443 444 0.623074
444 640 0.103280
444 458 0.865921
444 445 -0.554436
445 641 1.619185
445 459 0.700861
445 446 1.079520
446 642 0.794313
446 460 -1.103350
446 447 -1.589037
447 643 0.743479
447 461 -1.173317
448 644 -0.334713
448 462 -0.049166
448 449 -0.909324
448 461 -0.238385
449 645 -0.939802
449 463 -0.199775
449 450 0.020007
450 646 -1.866622
450 464 0.380409
450 451 0.973982
451 647 -1.017745
451 465 0.249476
451 452 1.646333
452 648 -0.420140
452 466 2.657151
452 453 -1.913908
453 649 -0.057263
453 467 -2.792441
453 454 -1.367469
454 650 0.001404
454 468 -0.554302
454 455 0.615097
455 651 -0.755888
455 469 -1.661654
455 456 -0.195039
456 652 -0.541862
456 470 -1.959470
456 457 1.122463
457 653 -0.001103
457 471 0.211737
457 458 0.562912
458 654 -0.138320
458 472 0.621198
458 459 1.377543
459 655 0.384264
459 473 -0.118512
459 460 0.270801
460 656 0.165545
460 474 0.706361
460 461 -0.075223
461 657 -0.664119
461 475 -0.292807
462 658 0.351484
462 476 0.546159
462 463 4.450281
462 475 -0.827753
463 659 0.922216
463 477 -0.929289
463 464 0.672965
464 660 0.929314
464 478 0.165743
464 465 -1.195383
465 661 -0.881870
465 479 -0.326751
465 466 1.715034
466 662 -0.302037
466 480 0.667217
466 467 1.326653
467 663 0.563131
467 481 -1.603199
467 468 -1.088527
468 664 -0.172217
468 482 -0.482285
468 469 0.264436
469 665 -0.609696
469 483 -1.330978
469 470 -1.173189
470 666 -1.237358
470 484 0.367219
470 471 1.214353
471 667 0.543652
471 485 1.299343
471 472 -1.789228
472 668 -0.066484
472 486 2.045459
472 473 0.488734
473 669 -0.500884
473 487 1.086239
473 474 0.470445
474 670 0.807973
474 488 0.270010
474 475 1.061744
475 671 0.977267
475 489 2.378337
476 672 1.352618
476 490 -1.396956
476 477 -0.919089
476 489 0.899769
477 673 0.354857
477 491 0.888908
477 478 -0.312808
478 674 -1.540055
478 492 0.378815
478 479 0.393366
479 675 0.113770
479 493 -0.933840
479 480 -0.855755
480 676 -0.806725
480 494 -1.121368
480 481 0.196508
481 677 -2.190782
481 495 0.192693
481 482 -0.470343
482 678 1.834874
482 496 -0.216288
482 483 1.867893
483 679 1.394810
483 497 -0.373336
483 484 0.265242
484 680 0.176989
484 498 -0.856126
484 485 -0.089011
485 681 -1.226708
485 499 -0.254574
485 486 -0.481700
486 682 -0.072991
486 500 0.220770
486 487 -0.076408
487 683 -1.331041
487 501 0.759887
487 488 1.435243
488 684 -0.215724
488 502 0.241964
488 489 -1.677114
489 685 -1.065223
489 503 -1.426799
490 686 1.194320
490 504 0.968043
490 491 -0.165224
490 503 2.457787
491 687 0.666517
491 505 -0.429258
491 492 0.916660
492 688 1.040553
492 506 0.055320
492 493 -1.285948
493 689 -0.940439
493 507 1.377650
493 494 -1.651914
494 690 -1.033447
494 508 0.808249
494 495 1.432176
495 691 -1.124042
495 509 -0.636969
495 496 -2.051636
496 692 0.443818
496 510 0.110011
496 497 -0.642392
497 693 2.141108
497 511 0.317176
497 498 -0.523571
498 694 1.452116
498 512 -0.767769
498 499 1.523983
499 695 1.649182
499 513 -0.718606
499 500 -0.719921
500 696 0.032692
500 514 1.121416
500 501 0.371281
501 697 -0.531585
501 515 0.261948
501 502 -0.257968
502 698 -1.828616
502 516 -0.907129
502 503 0.247459
503 699 0.610021
503 517 1.288187
504 700 0.068308
504 518 0.598118
504 505 0.620909
504 517 -0.209293
505 701 0.436090
505 519 0.172872
505 506 -0.878428
506 702 -1.164853
506 520 1.503142
506 507 -0.388822
507 703 -1.139881
507 521 -0.965398
507 508 1.096131
508 704 0.152778
508 522 -0.206117
508 509 0.565875
509 705 0.534333
509 523 -0.825337
509 510 -0.686848
510 706 -0.125404
510 524 -1.161694
510 511 0.353343
511 707 -2.029622
511 525 -0.992969
511 512 1.981732
512 708 -0.661197
512 526 1.310414
512 513 0.995164
513 709 0.197257
513 527 1.572149
513 514 -0.932852
514 710 1.036142
514 528 -0.431233
514 515 -1.760691
515 711 -1.172958
515 529 -0.874323
515 516 0.402545
516 712 -0.073136
516 530 -0.755658
516 517 -1.304059
517 713 -0.628025
517 531 1.954887
518 714 -0.843021
518 532 -1.067185
518 519 1.180931
518 531 -0.807650
519 715 -1.585858
519 533 0.629883
519 520 1.512055
520 716 -1.105787
520 534 0.294617
520 521 0.731629
521 717 -0.278932
521 535 0.974029
521 522 1.537507
522 718 -0.200320
522 536 1.310797
522 523 1.267371
523 719 -0.218915
523 537 0.491128
523 524 0.118465
524 720 0.816738
524 538 -0.222546
524 525 2.419260
525 721 -0.749545
525 539 1.569187
525 526 0.284767
526 722 1.885427
526 540 -0.217872
526 527 -1.079406
527 723 0.106072
527 541 0.374966
527 528 0.355443
528 724 0.726314
528 542 -1.197586
528 529 -0.913285
529 725 -0.706413
529 543 1.189408
529 530 0.600862
530 726 -0.194473
530 544 0.440284
530 531 -0.304317
531 727 0.403981
531 545 -1.723981
532 728 0.497659
532 546 2.082361
532 533 -0.204064
532 545 0.158274
533 729 -0.152807
533 547 0.585725
533 534 0.129345
534 730 -1.255885
534 548 0.074140
534 535 0.897341
535 731 0.063057
535 549 -0.603030
535 536 -0.628368
536 732 0.180033
536 550 0.872544
536 537 0.611716
537 733 -1.044834
537 551 -0.924943
537 538 -0.798913
538 734 -0.164507
538 552 1.181142
538 539 0.793892
539 735 1.319068
539 553 0.344721
539 540 -2.066224
540 736 0.152464
540 554 0.914882
540 541 -0.891533
541 737 -0.389019
541 555 0.149691
541 542 -0.429443
542 738 0.907563
542 556 1.155314
542 543 -1.353617
543 739 -0.213192
543 557 -1.832455
543 544 -0.051891
544 740 0.231810
544 558 -0.321941
544 545 1.048560
545 741 1.877653
545 559 0.520254
546 742 0.369404
546 560 0.382467
546 547 -0.397779
546 559 -0.035258
547 743 0.150378
547 561 -1.650919
547 548 0.840005
548 744 -0.791675
548 562 -1.754360
548 549 -0.522000
549 745 0.256321
549 563 -0.211183
549 550 0.158686
550 746 0.258198
550 564 0.324043
550 551 1.451598
551 747 -1.043510
551 565 0.535639
551 552 -0.266820
552 748 0.792937
552 566 -0.177523
552 553 3.651244
553 749 1.452422
553 567 -1.165246
553 554 -0.620824
554 750 -0.304250
554 568 -1.270418
554 555 1.815984
555 751 -0.032357
555 569 -1.974688
555 556 -0.895500
556 752 -2.048152
556 570 0.252011
556 557 -1.751828
557 753 -1.059515
557 571 -2.365960
557 558 -0.628616
558 754 -1.721037
558 572 0.786802
558 559 -0.423104
559 755 0.022901
559 573 -0.335556
560 756 -0.224317
560 574 -1.916358
560 561 0.699235
560 573 1.151842
561 757 -1.643114
561 575 -0.461430
561 562 -1.096011
562 758 -0.858963
562 576 0.647327
562 563 -0.017187
563 759 0.102194
563 577 1.906658
563 564 -0.873789
564 760 -0.831466
564 578 -0.561409
564 565 -2.305509
565 761 -0.503833
565 579 1.287209
565 566 0.015177
566 762 -0.116877
566 580 -0.022033
566 567 -1.685785
567 763 0.173372
567 581 -0.775935
567 568 1.892930
568 764 -1.833525
568 582 -0.070456
568 569 -0.059435
569 765 1.912588
569 583 0.211479
569 570 -0.017937
570 766 -0.483632
570 584 0.767853
570 571 0.750052
571 767 -0.657255
571 585 -0.636653
571 572 1.004713
572 768 0.871572
572 586 0.463800
572 573 -0.341068
573 769 1.640706
573 587 0.563692
574 770 0.568812
574 575 -0.838547
574 587 -0.151616
575 771 -1.580570
575 576 0.815749
576 772 0.368985
576 577 -0.779499
577 773 0.777342
577 578 1.693374
578 774 0.690901
578 579 -0.100091
579 775 0.591127
579 580 -1.112865
580 776 -1.277594
580 581 -0.559681
581 777 -0.406629
581 582 -0.563573
582 778 0.894066
582 583 0.292252
583 779 0.310465
583 584 -0.008204
584 780 -0.681084
584 585 0.401043
585 781 2.419674
585 586 0.108824
586 782 -0.042878
586 587 0.495314
587 783 0.624643
588 784 1.172376
588 602 -1.341819
588 770 -1.670517
588 589 1.535280
588 601 -1.452907
589 785 1.210835
589 603 0.094450
589 771 1.753025
589 590 1.394465
590 786 -0.501738
590 604 -1.216299
590 772 -0.656338
590 591 0.337628
591 787 -0.545283
591 605 -0.608110
591 773 -0.041614
591 592 -0.466474
592 788 0.320803
592 606 0.692261
592 774 0.281069
592 593 -0.213700
593 789 0.593218
593 607 -0.018765
593 775 0.266696
593 594 0.361946
594 790 -1.009528
594 608 0.074442
594 776 0.705208
594 595 0.536954
595 791 -1.703903
595 609 -0.950760
595 777 -2.051232
595 596 -0.518229
596 792 0.285313
596 610 0.898962
596 778 -0.416722
596 597 -0.253517
597 793 0.239334
597 611 -0.461053
597 779 -1.084228
597 598 -0.528935
598 794 0.998349
598 612 -1.001015
598 780 1.108726
598 599 -0.500159
599 795 -1.645098
599 613 1.201729
599 781 0.120062
599 600 -1.273115
600 796 0.897457
600 614 1.645037
600 782 -0.846397
600 601 -0.310463
601 797 1.413199
601 615 0.425809
601 783 0.672942
602 798 1.403140
602 616 0.454933
602 603 0.704098
602 615 -0.143814
603 799 -1.207341
603 617 -0.972678
603 604 -0.122514
604 800 -0.207678
604 618 0.535112
604 605 -0.113046
605 801 1.485546
605 619 0.107887
605 606 -0.854458
606 802 -0.107482
606 620 1.469015
606 607 -0.875942
607 803 -0.196797
607 621 -0.521174
607 608 0.317875
608 804 0.197419
608 622 0.182657
608 609 0.667144
609 805 -0.779967
609 623 0.659777
609 610 0.920307
610 806 -1.159813
610 624 0.567906
610 611 0.313076
611 807 0.989660
611 625 -1.424538
611 612 -0.730487
612 808 1.430204
612 626 0.238193
612 613 -0.705208
613 809 -0.277556
613 627 -0.220150
613 614 0.063435
614 810 0.386249
614 628 0.638480
614 615 -0.178235
615 811 0.707113
615 629 -0.473235
616 812 0.121066
616 630 -0.514330
616 617 -0.928092
616 629 1.570470
617 813 -0.450892
617 631 1.223214
617 618 0.933330
618 814 -1.055891
618 632 0.874980
618 619 0.413484
619 815 -1.675888
619 633 0.508742
619 620 0.819944
620 816 -0.212017
620 634 0.310525
620 621 2.188792
621 817 0.755534
621 635 -0.783314
621 622 0.659566
622 818 -0.454031
622 636 0.190743
622 623 0.558326
623 819 -0.204732
623 637 0.369470
623 624 0.365884
624 820 1.096428
624 638 -0.192679
624 625 -0.123329
625 821 0.089404
625 639 -1.008776
625 626 0.459712
626 822 0.098039
626 640 -0.721063
626 627 -0.509628
627 823 -0.664462
627 641 0.260626
627 628 1.193512
628 824 2.076829
628 642 -1.111051
628 629 -0.959385
629 825 -1.957850
629 643 -0.004634
630 826 -0.850873
630 644 -1.087151
630 631 -0.891005
630 643 0.249820
631 827 -0.981350
631 645 0.717960
631 632 0.186175
632 828 0.367010
632 646 2.285930
632 633 -1.602128
633 829 -2.408468
633 647 -0.615002
633 634 -0.747201
634 830 0.414416
634 648 0.021399
634 635 1.440054
635 831 0.814027
635 649 1.220715
635 636 0.723083
636 832 -1.479792
636 650 -0.595023
636 637 -0.842380
637 833 -0.422091
637 651 0.303576
637 638 0.938228
638 834 -0.591416
638 652 0.843256
638 639 -0.960796
639 835 -0.954004
639 653 1.130349
639 640 0.622507
640 836 0.937680
640 654 -0.428757
640 641 -1.124446
641 837 -0.867270
641 655 1.944962
641 642 1.747957
642 838 -1.145729
642 656 0.810241
642 643 0.782768
643 839 -0.997062
643 657 -0.192053
644 840 0.664928
644 658 0.122868
644 645 -0.854738
644 657 0.318499
645 841 -1.378951
645 659 2.501073
645 646 0.009185
646 842 0.557841
646 660 -0.638635
646 647 -0.311423
647 843 -0.468730
647 661 -0.027569
647 648 -0.041346
648 844 0.121220
648 662 0.050315
648 649 1.034623
649 845 0.921813
649 663 0.753896
649 650 0.842236
650 846 1.577664
650 664 -1.697763
650 651 -0.098006
651 847 -1.665969
651 665 -2.701787
651 652 -1.520542
652 848 -0.904071
652 666 -0.260413
652 653 -0.916890
653 849 1.845922
653 667 -0.067008
653 654 1.073679
654 850 1.362997
654 668 -1.695061
654 655 -0.002677
655 851 0.185743
655 669 -0.687132
655 656 -1.190027
656 852 -1.822632
656 670 0.584479
656 657 0.163204
657 853 1.292941
657 671 -1.560493
658 854 -0.369777
658 672 -0.514287
658 659 0.556104
658 671 0.766198
659 855 1.631476
659 673 -0.666785
659 660 -0.069549
660 856 -0.034853
660 674 1.587190
660 661 -0.153066
661 857 0.226863
661 675 0.755024
661 662 0.118077
662 858 -1.382401
662 676 -0.030561
662 663 -1.485074
663 859 1.168329
663 677 -1.809992
663 664 -0.416663
664 860 0.305910
664 678 1.402803
664 665 -3.160549
665 861 -0.440369
665 679 -0.962417
665 666 2.178887
666 862 -2.707217
666 680 -1.387991
666 667 0.594097
667 863 1.163717
667 681 -1.193727
667 668 0.286386
668 864 -0.703827
668 682 -0.351168
668 669 0.881094
669 865 0.143620
669 683 0.489651
669 670 0.500017
670 866 -0.631384
670 684 -0.428178
670 671 -0.027717
671 867 2.223605
671 685 -1.943057
672 868 -0.030497
672 686 0.263374
672 673 1.344369
672 685 0.617814
673 869 -0.728941
673 687 0.147754
673 674 -1.549325
674 870 0.086078
674 688 -0.978350
674 675 -0.337851
675 871 -0.269609
675 689 1.146612
675 676 1.130538
676 872 1.258203
676 690 1.168893
676 677 0.588032
677 873 -2.382384
677 691 1.086336
677 678 -2.302326
678 874 0.979499
678 692 -1.285172
678 679 -0.175793
679 875 0.786057
679 693 -0.011144
679 680 0.614333
680 876 0.302416
680 694 -0.361807
680 681 0.618371
681 877 1.948594
681 695 1.400554
681 682 0.486541
682 878 -1.861458
682 696 -2.242217
682 683 -0.803274
683 879 -2.517616
683 697 1.234062
683 684 0.217222
684 880 -0.579125
684 698 -0.380973
684 685 -1.443733
685 881 -0.884602
685 699 1.137618
686 882 0.677923
686 700 -0.208528
686 687 0.142811
686 699 1.131150
687 883 0.759125
687 701 0.119292
687 688 -0.273762
688 884 -0.068593
688 702 -0.298747
688 689 -0.050182
689 885 1.312952
689 703 1.127255
689 690 0.611333
690 886 0.584134
690 704 -2.085145
690 691 2.403722
691 887 0.891081
691 705 -0.748382
691 692 0.402004
692 888 1.546114
692 706 -0.324374
692 693 1.120439
693 889 1.928317
693 707 0.758819
693 694 1.149711
694 890 1.229265
694 708 0.133433
694 695 -0.098143
695 891 -0.863505
695 709 2.297643
695 696 0.220089
696 892 -0.892991
696 710 0.329305
696 697 -0.140855
697 893 0.664873
697 711 0.135757
697 698 -0.482947
698 894 -1.247250
698 712 1.160442
698 699 -0.273513
699 895 0.683726
699 713 0.960761
700 896 0.394877
700 714 -0.211117
700 701 -2.018188
700 713 -0.036903
701 897 -0.085237
701 715 0.249935
701 702 0.508352
702 898 -0.823715
702 716 -2.925237
702 703 0.592502
703 899 -0.697294
703 717 1.565096
703 704 -1.009058
704 900 -0.828888
704 718 -0.021584
704 705 -0.414011
705 901 1.106682
705 719 1.474510
705 706 -0.858849
706 902 1.323192
706 720 0.539861
706 707 2.469133
707 903 0.258406
707 721 -0.823346
707 708 2.337958
708 904 -0.866095
708 722 0.840861
708 709 -0.022538
709 905 -2.386057
709 723 -0.200892
709 710 -0.280389
710 906 -2.075031
710 724 0.681558
710 711 0.736512
711 907 0.633517
711 725 1.210250
711 712 0.394645
712 908 -0.071915
712 726 0.384634
712 713 -0.384977
713 909 -1.424517
713 727 1.433358
714 910 -0.398138
714 728 1.043353
714 715 -0.303535
714 727 -0.571580
715 911 1.673923
715 729 0.818979
715 716 1.070759
716 912 0.427492
716 730 -1.072264
716 717 -0.730605
717 913 -0.079236
717 731 -0.805917
717 718 0.247223
718 914 -0.079472
718 732 -1.511126
718 719 0.485198
719 915 -0.498429
719 733 -0.339385
719 720 1.540743
720 916 -1.366566
720 734 -1.938255
720 721 -0.281261
721 917 -0.246721
721 735 1.892993
721 722 0.333122
722 918 -1.096815
722 736 -0.409090
722 723 -0.785309
723 919 -0.695675
723 737 1.417336
723 724 2.067252
724 920 0.480793
724 738 0.185818
724 725 0.414942
725 921 0.178266
725 739 -0.431106
725 726 0.140394
726 922 0.823371
726 740 0.343301
726 727 0.219324
727 923 -1.069755
727 741 0.885774
728 924 0.898861
728 742 1.173791
728 729 1.202365
728 741 0.104409
729 925 -0.891005
729 743 0.649056
729 730 -0.666647
730 926 -1.084020
730 744 -1.334476
730 731 -0.051889
731 927 0.948460
731 745 0.515944
731 732 1.565310
732 928 0.081796
732 746 0.246354
732 733 -1.442352
733 929 -0.175901
733 747 -0.323444
733 734 1.805506
734 930 -1.170418
734 748 0.789771
734 735 0.199432
735 931 -1.368362
735 749 -0.510539
735 736 0.181782
736 932 0.766568
736 750 0.619997
736 737 1.262237
737 933 -2.177330
737 751 -0.631379
737 738 -0.325883
738 934 -0.907627
738 752 -1.267007
738 739 -0.604043
739 935 0.595898
739 753 1.330758
739 740 1.359947
740 936 -1.644737
740 754 -0.142918
740 741 0.701714
741 937 0.227472
741 755 -0.128040
742 938 -0.310107
742 756 1.662714
742 743 -0.837817
742 755 1.542123
743 939 -1.314498
743 757 0.223416
743 744 -0.662596
744 940 1.070515
744 758 0.669033
744 745 -1.270000
745 941 -1.619409
745 759 -1.081619
745 746 0.123070
746 942 0.261022
746 760 0.364552
746 747 0.517792
747 943 1.859762
747 761 -0.914764
747 748 -2.001292
748 944 -2.003763
748 762 -1.297539
748 749 -1.274023
749 945 0.063379
749 763 0.334933
749 750 -0.931481
750 946 -1.135143
750 764 -0.324190
750 751 0.274161
751 947 -0.459214
751 765 0.348329
751 752 -0.108406
752 948 1.839597
752 766 0.936075
752 753 -0.494911
753 949 -0.158648
753 767 -0.839825
753 754 0.617464
754 950 0.821908
754 768 -2.103056
754 755 0.009535
755 951 0.150701
755 769 0.504578
756 952 -0.962738
756 770 0.520319
756 757 0.810426
756 769 -0.663747
757 953 1.249801
757 771 0.349938
757 758 0.421103
758 954 -1.531531
758 772 1.526961
758 759 2.280139
759 955 1.312033
759 773 0.430114
759 760 0.391957
760 956 0.541894
760 774 0.006329
760 761 -0.490941
761 957 1.091773
761 775 -0.786656
761 762 -0.983617
762 958 -1.420455
762 776 1.075072
762 763 0.575091
763 959 0.215333
763 777 -1.056431
763 764 -0.723629
764 960 -0.451791
764 778 -1.688326
764 765 -0.328969
765 961 -1.033452
765 779 -0.186970
765 766 -0.727278
766 962 1.140366
766 780 -0.429333
766 767 0.088116
767 963 -0.227701
767 781 1.081702
767 768 0.449835
768 964 2.501041
768 782 1.355072
768 769 -0.860637
769 965 1.496264
769 783 -1.002532
770 966 -0.287086
770 771 -1.517763
770 783 -0.311647
771 967 -0.816805
771 772 -0.530715
772 968 -0.508230
772 773 0.859791
773 969 -0.852496
773 774 -0.297262
774 970 -0.372228
774 775 2.142765
775 971 2.699179
775 776 -0.955127
776 972 -0.806615
776 777 -0.693103
777 973 0.219156
777 778 -0.697395
778 974 0.878624
778 779 0.462979
779 975 0.600482
779 780 0.141414
780 976 -0.542262
780 781 -0.101099
781 977 -1.612594
781 782 -1.292399
782 978 0.214655
782 783 -1.402478
783 979 0.691870
784 980 0.327705
784 798 0.174571
784 966 0.378476
784 785 0.995783
784 797 -0.250248
785 981 1.611898
785 799 0.369871
785 967 -0.718476
785 786 -0.334686
786 982 0.207854
786 800 0.702128
786 968 -1.313977
786 787 -1.548268
787 983 -0.315962
787 801 -1.130870
787 969 0.198826
787 788 0.295241
788 984 0.133327
788 802 0.646312
788 970 0.508937
788 789 -1.443576
789 985 1.195133
789 803 0.498222
789 971 0.568868
789 790 0.323669
790 986 -1.185269
790 804 -0.858515
790 972 1.285780
790 791 0.351360
791 987 1.119220
791 805 0.689941
791 973 -0.324135
791 792 1.478430
792 988 -0.719158
792 806 -1.740238
792 974 1.710239
792 793 0.121177
793 989 0.971851
793 807 -2.555449
793 975 1.686664
793 794 -2.297154
794 990 -0.555525
794 808 1.515469
794 976 -0.982255
794 795 -0.365062
795 991 0.702351
795 809 2.420571
795 977 -0.184250
795 796 0.324691
796 992 -0.361820
796 810 0.082538
796 978 0.350697
796 797 0.806211
797 993 -1.611108
797 811 -0.048138
797 979 -1.260675
798 994 -0.337922
798 812 1.865559
798 799 -1.355686
798 811 -2.316262
799 995 -0.700221
799 813 -1.443191
799 800 -0.255659
800 996 -0.072312
800 814 -1.512855
800 801 1.113827
801 997 -0.078465
801 815 0.794043
801 802 0.664603
802 998 -0.392112
802 816 0.937633
802 803 0.704704
803 999 1.098852
803 817 0.072071
803 804 0.252587
804 1000 0.982966
804 818 0.351330
804 805 0.877908
805 1001 0.402621
805 819 -1.778665
805 806 0.247179
806 1002 -1.789088
806 820 0.374827
806 807 -0.689272
807 1003 -0.151924
807 821 0.577166
807 808 0.015410
808 1004 3.433097
808 822 -0.233079
808 809 -1.142656
809 1005 -1.035180
809 823 -0.259661
809 810 0.048390
810 1006 -0.071831
810 824 2.225231
810 811 1.928957
811 1007 1.642315
811 825 -0.081364
812 1008 -0.161471
812 826 2.020281
812 813 -0.217623
812 825 0.038042
813 1009 -0.390809
813 827 -1.453361
813 814 -1.342622
814 1010 0.853724
814 828 1.291787
814 815 1.417001
815 1011 -1.687623
815 829 -1.601463
815 816 -0.617907
816 1012 -0.837091
816 830 -0.633037
816 817 0.361517
817 1013 0.134617
817 831 -2.290565
817 818 0.476609
818 1014 0.100617
818 832 0.136778
818 819 -1.587102
819 1015 0.437190
819 833 -0.579137
819 820 -1.001273
820 1016 -0.042261
820 834 0.467830
820 821 -0.429972
821 1017 1.936317
821 835 -0.798244
821 822 0.557779
822 1018 -0.380952
822 836 -0.992234
822 823 0.360907
823 1019 1.049142
823 837 -0.201455
823 824 -0.483358
824 1020 -0.870223
824 838 0.443364
824 825 -1.122983
825 1021 -1.653108
825 839 -0.495139
826 1022 -1.381920
826 840 0.026721
826 827 -0.737481
826 839 2.801242
827 1023 -1.865699
827 841 -0.712601
827 828 -0.835816
828 1024 -1.236080
828 842 -1.265771
828 829 -0.728018
829 1025 -0.096349
829 843 -0.356725
829 830 0.776778
830 1026 0.570112
830 844 -1.276277
830 831 -1.403177
831 1027 0.012862
831 845 -0.970121
831 832 0.005678
832 1028 -0.111668
832 846 0.154891
832 833 1.975925
833 1029 -1.282403
833 847 -1.484248
833 834 0.604334
834 1030 -0.676454
834 848 0.370297
834 835 1.616420
835 1031 1.084783
835 849 2.671864
835 836 -0.885331
836 1032 0.379197
836 850 -0.010590
836 837 0.793590
837 1033 0.656392
837 851 -0.521823
837 838 -0.386066
838 1034 -0.086218
838 852 -1.010373
838 839 -1.116805
839 1035 -0.188636
839 853 0.284683
840 1036 0.159250
840 854 -0.840673
840 841 1.055776
840 853 -0.731564
841 1037 -0.324012
841 855 -1.030093
841 842 0.289677
842 1038 1.804455
842 856 2.215704
842 843 -0.629991
843 1039 -0.751625
843 857 1.111196
843 844 1.412111
844 1040 -0.484960
844 858 -0.924153
844 845 -0.456731
845 1041 -0.441193
845 859 -0.516838
845 846 0.532495
846 1042 -0.079002
846 860 0.389503
846 847 1.338557
847 1043 -0.966273
847 861 -0.711496
847 848 0.525758
848 1044 0.621368
848 862 0.962458
848 849 -0.266970
849 1045 -1.319551
849 863 0.402782
849 850 1.663489
850 1046 0.002368
850 864 -0.365582
850 851 -0.490068
851 1047 -0.276277
851 865 1.846680
851 852 1.229376
852 1048 0.499674
852 866 -1.216219
852 853 -0.096592
853 1049 -1.185697
853 867 -0.406232
854 1050 0.936790
854 868 0.617629
854 855 0.696451
854 867 -0.481924
855 1051 -1.584899
855 869 -0.827659
855 856 -2.877912
856 1052 -1.972402
856 870 0.611000
856 857 -0.135940
857 1053 0.374589
857 871 -0.007340
857 858 1.167479
858 1054 -0.193601
858 872 1.490905
858 859 0.665401
859 1055 -2.043901
859 873 -1.276684
859 860 -1.155907
860 1056 0.525496
860 874 -0.526329
860 861 -0.188963
861 1057 0.722741
861 875 0.475737
861 862 1.114112
862 1058 0.857381
862 876 -0.110995
862 863 0.763529
863 1059 -0.466294
863 877 -0.746920
863 864 0.983255
864 1060 0.803369
864 878 0.158913
864 865 -0.470383
865 1061 -0.829988
865 879 0.514245
865 866 0.224440
866 1062 0.582883
866 880 -1.713229
866 867 0.896615
867 1063 0.324619
867 881 -0.677632
868 1064 -1.302914
868 882 0.254370
868 869 0.035398
868 881 0.200227
869 1065 -1.224668
869 883 -1.790805
869 870 -0.180087
870 1066 -1.474948
870 884 -0.287108
870 871 0.709404
871 1067 1.702831
871 885 1.344085
871 872 0.112498
872 1068 0.837967
872 886 -0.491348
872 873 0.427992
873 1069 -1.035051
873 887 -0.050725
873 874 -0.656281
874 1070 0.260606
874 888 0.589967
874 875 0.273619
875 1071 -1.118635
875 889 0.059836
875 876 0.921263
876 1072 0.393930
876 890 0.523575
876 877 0.511640
877 1073 -1.605126
877 891 0.669631
877 878 0.453436
878 1074 0.314314
878 892 0.698135
878 879 -1.055497
879 1075 -1.004431
879 893 0.819333
879 880 0.673494
880 1076 0.063560
880 894 -2.756103
880 881 -1.375210
881 1077 -0.873159
881 895 -0.638829
882 1078 1.795135
882 896 0.745781
882 883 0.375390
882 895 1.093929
883 1079 0.858056
883 897 -0.261474
883 884 0.001993
884 1080 0.405861
884 898 0.381726
884 885 1.008332
885 1081 -0.530372
885 899 -1.527296
885 886 0.898790
886 1082 -2.046924
886 900 -0.361285
886 887 0.507710
887 1083 0.768219
887 901 -0.445003
887 888 0.128587
888 1084 0.142844
888 902 -0.174342
888 889 0.835300
889 1085 -0.163066
889 903 -1.546119
889 890 0.368871
890 1086 0.418010
890 904 0.706905
890 891 -0.892808
891 1087 0.162040
891 905 -0.723466
891 892 -0.853793
892 1088 -2.311130
892 906 0.238248
892 893 -0.732238
893 1089 0.655425
893 907 0.755113
893 894 0.435371
894 1090 0.262805
894 908 -1.392895
894 895 0.762417
895 1091 -1.009521
895 909 -0.047890
896 1092 -0.665381
896 910 0.549223
896 897 -0.830392
896 909 -1.511231
897 1093 0.193457
897 911 1.639790
897 898 0.459024
898 1094 -0.209317
898 912 0.595169
898 899 -0.321071
899 1095 -1.080858
899 913 -1.062070
899 900 -0.989003
900 1096 0.524777
900 914 -0.852074
900 901 -0.519704
901 1097 0.626353
901 915 1.193173
901 902 0.273129
902 1098 0.056891
902 916 -0.760690
902 903 -0.988213
903 1099 1.126567
903 917 -0.319036
903 904 0.195082
904 1100 0.559909
904 918 0.377361
904 905 0.749110
905 1101 0.100296
905 919 0.093810
905 906 -0.945232
906 1102 -0.971543
906 920 0.543105
906 907 0.890792
907 1103 1.083377
907 921 0.658541
907 908 -1.080690
908 1104 -0.268589
908 922 0.306891
908 909 -1.707227
909 1105 0.530310
909 923 1.344638
910 1106 0.120865
910 924 -1.418764
910 911 0.521999
910 923 -0.826210
911 1107 1.249369
911 925 -0.523126
911 912 2.364967
912 1108 0.366692
912 926 0.443915
912 913 -1.865697
913 1109 -0.467198
913 927 -0.820062
913 914 0.780090
914 1110 1.220302
914 928 -0.627305
914 915 0.323590
915 1111 0.592261
915 929 0.204450
915 916 -2.168874
916 1112 -0.275603
916 930 1.458946
916 917 0.042600
917 1113 -0.819736
917 931 -0.737761
917 918 0.649441
918 1114 0.015536
918 932 -0.930798
918 919 0.016003
919 1115 0.088222
919 933 -0.160360
919 920 -0.931265
920 1116 0.532489
920 934 1.813089
920 921 0.438869
921 1117 -0.116773
921 935 -1.052316
921 922 -0.104252
922 1118 0.196305
922 936 -0.231249
922 923 -0.129514
923 1119 -0.316244
923 937 1.131122
924 1120 0.981925
924 938 1.210935
924 925 -0.115382
924 937 1.453621
925 1121 -0.718439
925 939 0.212404
925 926 -0.701806
926 1122 -1.115980
926 940 0.172310
926 927 -0.921530
927 1123 -0.947337
927 941 -0.228625
927 928 0.424921
928 1124 -0.559953
928 942 -0.807050
928 929 0.496493
929 1125 1.633429
929 943 0.743785
929 930 2.619432
930 1126 -0.525080
930 944 -1.411086
930 931 -0.941045
931 1127 0.615384
931 945 -0.654660
931 932 -0.036500
932 1128 -0.813372
932 946 0.876174
932 933 0.576467
933 1129 1.324042
933 947 -0.195859
933 934 2.500464
934 1130 1.384983
934 948 -0.573314
934 935 -0.942821
935 1131 1.768480
935 949 -0.657246
935 936 0.925621
936 1132 0.179438
936 950 2.069206
936 937 0.552067
937 1133 0.257335
937 951 -1.013240
938 1134 1.527654
938 952 -0.624587
938 939 -0.583524
938 951 -1.558867
939 1135 0.565823
939 953 -0.324871
939 940 -0.101844
940 1136 1.577925
940 954 -0.404242
940 941 -1.298034
941 1137 -0.113263
941 955 1.967260
941 942 -0.267348
942 1138 -2.210542
942 956 -0.861726
942 943 -1.010536
943 1139 1.715910
943 957 -1.298846
943 944 -1.024304
944 1140 -0.356191
944 958 1.299133
944 945 0.493700
945 1141 -0.283238
945 959 -0.139927
945 946 0.948611
946 1142 0.252827
946 960 -0.334403
946 947 1.083709
947 1143 0.502805
947 961 -0.041069
947 948 0.129445
948 1144 0.328491
948 962 -1.623232
948 949 -0.650561
949 1145 -0.169616
949 963 -0.868143
949 950 -1.139347
950 1146 0.590850
950 964 -0.905964
950 951 -1.080283
951 1147 0.078914
951 965 -0.133610
952 1148 1.171357
952 966 -1.147056
952 953 -0.415877
952 965 0.044661
953 1149 -0.367351
953 967 -0.295685
953 954 -1.380253
954 1150 -0.501639
954 968 0.520766
954 955 -0.816643
955 1151 0.422753
955 969 0.140658
955 956 0.609247
956 1152 0.803011
956 970 0.442012
956 957 -0.057884
957 1153 -0.322555
957 971 1.434822
957 958 -1.157803
958 1154 1.615727
958 972 0.486830
958 959 -0.433086
959 1155 -1.661059
959 973 1.337321
959 960 0.213518
960 1156 0.223239
960 974 0.433541
960 961 -0.732147
961 1157 -0.280807
961 975 1.659705
961 962 0.844947
962 1158 0.722084
962 976 0.346197
962 963 0.046835
963 1159 0.276505
963 977 0.819161
963 964 1.059028
964 1160 -0.152616
964 978 1.288833
964 965 -1.116741
965 1161 -0.450083
965 979 1.047983
966 1162 1.216421
966 967 1.967109
966 979 -0.032412
967 1163 0.353927
967 968 -0.604543
968 1164 -0.390818
968 969 -0.249848
969 1165 0.416854
969 970 -1.303678
970 1166 1.584649
970 971 -1.971851
971 1167 0.675272
971 972 -0.402654
972 1168 -0.067378
972 973 1.398335
973 1169 0.084665
973 974 -0.184527
974 1170 1.344286
974 975 0.171826
975 1171 1.143282
975 976 -1.123037
976 1172 0.685408
976 977 0.045068
977 1173 2.263865
977 978 0.740977
978 1174 -0.261672
978 979 0.985384
979 1175 -0.291540
980 1176 0.835240
980 994 -0.685176
980 1162 -1.209368
980 981 0.183024
980 993 0.198262
981 1177 1.186563
981 995 2.389296
981 1163 1.284394
981 982 2.072248
982 1178 0.397962
982 996 -0.071399
982 1164 -0.424854
982 983 -0.596760
983 1179 -0.009392
983 997 0.359232
983 1165 0.257201
983 984 0.245551
984 1180 0.850714
984 998 -0.971249
984 1166 0.114876
984 985 -1.081373
985 1181 -1.282710
985 999 -1.279484
985 1167 0.923202
985 986 -0.112819
986 1182 0.067392
986 1000 0.222664
986 1168 0.207612
986 987 -0.395851
987 1183 1.712611
987 1001 0.545923
987 1169 0.181368
987 988 -0.162464
988 1184 -0.627822
988 1002 0.307340
988 1170 -0.027512
988 989 -1.817538
989 1185 2.616830
989 1003 -0.288307
989 1171 0.391149
989 990 -0.084090
990 1186 0.544849
990 1004 0.362666
990 1172 -1.309612
990 991 0.875252
991 1187 -1.309910
991 1005 -0.890299
991 1173 0.720632
991 992 1.127095
992 1188 -1.190092
992 1006 1.206099
992 1174 -1.200034
992 993 0.139395
993 1189 0.260456
993 1007 0.399458
993 1175 -1.113868
994 1190 0.219381
994 1008 -0.896644
994 995 0.510087
994 1007 0.251933
995 1191 -0.638731
995 1009 1.009791
995 996 -0.075543
996 1192 -1.030899
996 1010 0.215427
996 997 -0.718056
997 1193 -1.009938
997 1011 -0.128220
997 998 0.374189
998 1194 0.626567
998 1012 0.175986
998 999 -1.117303
999 1195 0.009035
999 1013 0.557632
999 1000 -0.502143
1000 1196 -0.519226
1000 1014 -0.332288
1000 1001 0.137817
1001 1197 -0.470078
1001 1015 0.842031
1001 1002 -1.851400
1002 1198 0.268213
1002 1016 0.460313
1002 1003 -2.004538
1003 1199 -0.627308
1003 1017 -0.169557
1003 1004 0.958446
1004 1200 -0.229997
1004 1018 -1.838695
1004 1005 0.441123
1005 1201 1.438220
1005 1019 -1.185016
1005 1006 -0.742051
1006 1202 0.453058
1006 1020 2.165289
1006 1007 1.235010
1007 1203 -0.420762
1007 1021 -0.581696
1008 1204 0.499631
1008 1022 0.988189
1008 1009 0.758493
1008 1021 -0.403634
1009 1205 1.120457
1009 1023 0.878752
1009 1010 -0.108498
1010 1206 0.595844
1010 1024 -1.492062
1010 1011 -0.027256
1011 1207 0.790823
1011 1025 0.026848
1011 1012 -0.248105
1012 1208 -0.382619
1012 1026 -0.073419
1012 1013 -0.158955
1013 1209 0.097691
1013 1027 0.090638
1013 1014 -0.832385
1014 1210 0.243745
1014 1028 -0.405840
1014 1015 0.579464
1015 1211 0.322669
1015 1029 -0.866317
1015 1016 0.443816
1016 1212 0.141699
1016 1030 -1.227914
1016 1017 0.957281
1017 1213 0.130557
1017 1031 0.434200
1017 1018 -1.628784
1018 1214 -0.403757
1018 1032 0.518313
1018 1019 -0.115666
1019 1215 0.087572
1019 1033 1.383639
1019 1020 -1.466838
1020 1216 0.968384
1020 1034 -0.192299
1020 1021 0.922499
1021 1217 0.568481
1021 1035 -1.025904
1022 1218 -1.236688
1022 1036 1.376871
1022 1023 -1.038458
1022 1035 0.918901
1023 1219 1.606221
1023 1037 0.494809
1023 1024 0.341240
1024 1220 0.043429
1024 1038 2.267373
1024 1025 1.085426
1025 1221 -0.492884
1025 1039 0.968854
1025 1026 -0.409588
1026 1222 2.190785
1026 1040 1.339269
1026 1027 -0.874601
1027 1223 -0.739634
1027 1041 0.792826
1027 1028 0.421693
1028 1224 0.198310
1028 1042 -1.368154
1028 1029 -1.322578
1029 1225 0.164132
1029 1043 0.692650
1029 1030 -0.507786
1030 1226 -0.088693
1030 1044 1.310139
1030 1031 0.509070
1031 1227 1.203684
1031 1045 -1.401917
1031 1032 0.352381
1032 1228 0.375285
1032 1046 0.541855
1032 1033 0.276976
1033 1229 0.233742
1033 1047 1.090229
1033 1034 0.714717
1034 1230 2.100002
1034 1048 1.450045
1034 1035 -2.272572
1035 1231 0.221237
1035 1049 -0.292863
1036 1232 0.027382
1036 1050 -0.813589
1036 1037 0.527781
1036 1049 0.364970
1037 1233 0.173798
1037 1051 1.132623
1037 1038 0.183505
1038 1234 0.344182
1038 1052 -0.944201
1038 1039 -1.112109
1039 1235 0.391253
1039 1053 0.989771
1039 1040 0.627563
1040 1236 0.781302
1040 1054 1.618319
1040 1041 -0.217426
1041 1237 -0.934403
1041 1055 1.142028
1041 1042 -2.064311
1042 1238 0.446181
1042 1056 -0.675057
1042 1043 0.405324
1043 1239 -1.687287
1043 1057 1.133334
1043 1044 1.282268
1044 1240 0.227135
1044 1058 0.667692
1044 1045 1.221465
1045 1241 -1.377305
1045 1059 0.756938
1045 1046 0.357287
1046 1242 0.713669
1046 1060 1.646909
1046 1047 0.014586
1047 1243 0.643449
1047 1061 -0.974158
1047 1048 -1.911012
1048 1244 -1.405883
1048 1062 0.331426
1048 1049 -1.796267
1049 1245 -0.894563
1049 1063 -2.557486
1050 1246 -0.215593
1050 1064 0.074601
1050 1051 2.154713
1050 1063 1.164245
1051 1247 -0.962190
1051 1065 -1.002472
1051 1052 -1.036496
1052 1248 -0.668685
1052 1066 0.906432
1052 1053 1.690033
1053 1249 0.461157
1053 1067 -0.481640
1053 1054 -0.649410
1054 1250 -0.840859
1054 1068 0.604045
1054 1055 0.584701
1055 1251 -1.785626
1055 1069 0.070013
1055 1056 1.688191
1056 1252 -0.499567
1056 1070 1.033166
1056 1057 -0.577044
1057 1253 0.950153
1057 1071 1.411695
1057 1058 1.205986
1058 1254 -0.137287
1058 1072 1.025641
1058 1059 -0.319911
1059 1255 0.517294
1059 1073 -2.383437
1059 1060 -0.703812
1060 1256 -0.082734
1060 1074 -0.401688
1060 1061 -0.401592
1061 1257 1.109961
1061 1075 0.173397
1061 1062 0.118913
1062 1258 -1.480758
1062 1076 1.435575
1062 1063 -0.162525
1063 1259 1.723967
1063 1077 -0.186229
1064 1260 0.403672
1064 1078 1.899269
1064 1065 -1.009594
1064 1077 -0.358735
1065 1261 -1.197133
1065 1079 -0.133447
1065 1066 0.408456
1066 1262 0.323281
1066 1080 1.665015
1066 1067 -1.725877
1067 1263 0.415458
1067 1081 -3.052333
1067 1068 0.668481
1068 1264 -0.388071
1068 1082 -0.273372
1068 1069 0.384165
1069 1265 -1.315093
1069 1083 -0.544915
1069 1070 0.419209
1070 1266 1.007936
1070 1084 -0.121326
1070 1071 0.553771
1071 1267 0.962308
1071 1085 1.394547
1071 1072 3.083840
1072 1268 -0.395439
1072 1086 -0.294455
1072 1073 0.160635
1073 1269 0.738414
1073 1087 1.388879
1073 1074 -0.351310
1074 1270 0.479584
1074 1088 1.739507
1074 1075 -1.097981
1075 1271 0.307371
1075 1089 -0.296373
1075 1076 -0.317674
1076 1272 0.617982
1076 1090 -3.103054
1076 1077 2.123821
1077 1273 0.942588
1077 1091 -0.093111
1078 1274 -0.752553
1078 1092 0.351938
1078 1079 -0.286149
1078 1091 0.119310
1079 1275 0.921329
1079 1093 0.152523
1079 1080 -0.321193
1080 1276 -1.261227
1080 1094 -0.796260
1080 1081 -0.261918
1081 1277 1.043588
1081 1095 0.207691
1081 1082 0.313698
1082 1278 -0.119442
1082 1096 -1.850999
1082 1083 1.713930
1083 1279 -0.831145
1083 1097 -0.506532
1083 1084 0.631226
1084 1280 0.301204
1084 1098 1.232878
1084 1085 0.979934
1085 1281 2.070817
1085 1099 -0.014381
1085 1086 0.367771
1086 1282 1.133253
1086 1100 -0.501025
1086 1087 -0.815227
1087 1283 -1.071658
1087 1101 0.346543
1087 1088 -0.555705
1088 1284 0.010113
1088 1102 1.911992
1088 1089 -0.694773
1089 1285 -1.510348
1089 1103 1.556500
1089 1090 -1.279496
1090 1286 -0.181818
1090 1104 -1.411548
1090 1091 -1.169088
1091 1287 0.343685
1091 1105 1.385812
1092 1288 2.439472
1092 1106 -1.263328
1092 1093 -0.072641
1092 1105 0.854988
1093 1289 -0.590631
1093 1107 -0.269219
1093 1094 0.898871
1094 1290 1.029587
1094 1108 -1.735478
1094 1095 1.145228
1095 1291 0.309296
1095 1109 1.093949
1095 1096 0.391054
1096 1292 -0.469602
1096 1110 1.080717
1096 1097 1.567754
1097 1293 -0.602082
1097 1111 0.365764
1097 1098 -0.594885
1098 1294 1.204158
1098 1112 -1.099269
1098 1099 -0.671279
1099 1295 -0.307573
1099 1113 -1.347743
1099 1100 0.832337
1100 1296 -0.192799
1100 1114 0.271573
1100 1101 0.763231
1101 1297 -1.223420
1101 1115 0.776765
1101 1102 -0.221995
1102 1298 -0.773538
1102 1116 0.834499
1102 1103 -0.659841
1103 1299 0.272041
1103 1117 -0.576111
1103 1104 -1.452015
1104 1300 1.303656
1104 1118 -0.439663
1104 1105 -0.638862
1105 1301 -0.826194
1105 1119 1.029201
1106 1302 0.149248
1106 1120 1.185657
1106 1107 1.355019
1106 1119 -0.416070
1107 1303 -0.924769
1107 1121 -0.106642
1107 1108 -0.375522
1108 1304 -1.419946
1108 1122 -1.124469
1108 1109 -0.388066
1109 1305 0.680443
1109 1123 1.448309
1109 1110 -0.056175
1110 1306 0.850025
1110 1124 0.340128
1110 1111 -1.541902
1111 1307 -0.887914
1111 1125 1.430118
1111 1112 -1.416482
1112 1308 0.203168
1112 1126 -0.192894
1112 1113 0.709287
1113 1309 0.012131
1113 1127 -0.032653
1113 1114 -0.409409
1114 1310 -1.442202
1114 1128 -0.030962
1114 1115 1.517742
1115 1311 -0.779616
1115 1129 0.113456
1115 1116 -0.403863
1116 1312 -0.472545
1116 1130 1.246963
1116 1117 -0.213509
1117 1313 0.003860
1117 1131 -0.286303
1117 1118 -1.405696
1118 1314 0.838441
1118 1132 -0.692994
1118 1119 -1.410547
1119 1315 -0.555068
1119 1133 -0.102984
1120 1316 -0.099493
1120 1134 1.526409
1120 1121 -0.373154
1120 1133 -0.591901
1121 1317 0.409409
1121 1135 1.101591
1121 1122 -0.139961
1122 1318 -0.645437
1122 1136 0.393163
1122 1123 -0.871257
1123 1319 -2.236415
1123 1137 -0.085468
1123 1124 -1.949705
1124 1320 -0.523206
1124 1138 -1.348306
1124 1125 0.280577
1125 1321 0.477718
1125 1139 0.406972
1125 1126 -0.378549
1126 1322 0.479123
1126 1140 0.251510
1126 1127 0.779540
1127 1323 0.043466
1127 1141 -0.196736
1127 1128 1.572655
1128 1324 -3.631506
1128 1142 -0.100425
1128 1129 1.095710
1129 1325 -0.568151
1129 1143 -0.514929
1129 1130 0.446109
1130 1326 0.830858
1130 1144 0.834651
1130 1131 0.026412
1131 1327 0.823784
1131 1145 0.038211
1131 1132 0.065488
1132 1328 1.605460
1132 1146 2.043340
1132 1133 0.573205
1133 1329 1.500851
1133 1147 0.420985
1134 1330 -1.501778
1134 1148 -0.740863
1134 1135 -0.959753
1134 1147 -1.073442
1135 1331 0.456955
1135 1149 -1.098785
1135 1136 0.161848
1136 1332 1.395015
1136 1150 1.488824
1136 1137 1.515702
1137 1333 -2.476594
1137 1151 0.534840
1137 1138 -0.702393
1138 1334 0.014884
1138 1152 -1.025078
1138 1139 0.854173
1139 1335 -0.111412
1139 1153 0.714319
1139 1140 0.313048
1140 1336 -0.780653
1140 1154 0.846953
1140 1141 -1.617921
1141 1337 -1.074172
1141 1155 -0.630610
1141 1142 -0.421172
1142 1338 -1.080988
1142 1156 -0.249892
1142 1143 -1.795222
1143 1339 -0.104979
1143 1157 1.596989
1143 1144 -0.809459
1144 1340 0.792919
1144 1158 1.435901
1144 1145 -1.855861
1145 1341 -1.057047
1145 1159 -0.456896
1145 1146 -0.539140
1146 1342 1.350119
1146 1160 -1.427867
1146 1147 -1.079485
1147 1343 0.280390
1147 1161 -0.336374
1148 1344 -0.736112
1148 1162 -0.547319
1148 1149 -1.460035
1148 1161 -0.196070
1149 1345 0.153959
1149 1163 1.836564
1149 1150 0.396276
1150 1346 0.076738
1150 1164 -0.508463
1150 1151 -0.017829
1151 1347 0.387251
1151 1165 2.455547
1151 1152 -0.244456
1152 1348 -0.642033
1152 1166 0.822808
1152 1153 -1.517522
1153 1349 0.354392
1153 1167 -1.206257
1153 1154 -1.061861
1154 1350 -0.625714
1154 1168 -0.208324
1154 1155 -1.857735
1155 1351 -0.551892
1155 1169 0.470486
1155 1156 -0.448456
1156 1352 -1.302797
1156 1170 -1.516916
1156 1157 1.031510
1157 1353 -1.317034
1157 1171 -0.408619
1157 1158 -0.605736
1158 1354 0.322707
1158 1172 0.508840
1158 1159 0.180652
1159 1355 -0.295644
1159 1173 0.658099
1159 1160 0.126581
1160 1356 -0.432470
1160 1174 -0.447656
1160 1161 0.910131
1161 1357 0.334836
1161 1175 -0.457332
1162 1358 -0.065100
1162 1163 1.544263
1162 1175 0.307107
1163 1359 1.157921
1163 1164 0.997643
1164 1360 -1.065727
1164 1165 -0.878503
1165 1361 0.281338
1165 1166 -0.439090
1166 1362 0.632918
1166 1167 -1.957733
1167 1363 1.552009
1167 1168 0.275874
1168 1364 -0.467828
1168 1169 -0.236328
1169 1365 -2.686887
1169 1170 -0.410871
1170 1366 0.373709
1170 1171 3.713285
1171 1367 -0.747153
1171 1172 0.078806
1172 1368 -0.448933
1172 1173 -2.223986
1173 1369 -0.219567
1173 1174 0.384335
1174 1370 1.002391
1174 1175 -0.393298
1175 1371 1.178669
1176 1372 0.980484
1176 1190 -1.493252
1176 1358 0.712076
1176 1177 0.127860
1176 1189 0.855709
1177 1373 -0.099507
1177 1191 0.639456
1177 1359 0.500638
1177 1178 0.839246
1178 1374 -0.667798
1178 1192 0.185627
1178 1360 -0.119432
1178 1179 -0.069950
1179 1375 -0.210023
1179 1193 0.580252
1179 1361 1.071793
1179 1180 1.071892
1180 1376 -0.620003
1180 1194 -0.797923
1180 1362 -1.102858
1180 1181 -1.266324
1181 1377 0.725151
1181 1195 1.120015
1181 1363 0.469098
1181 1182 1.644663
1182 1378 0.255514
1182 1196 -0.791820
1182 1364 0.035737
1182 1183 0.820811
1183 1379 -0.730998
1183 1197 0.985994
1183 1365 0.252936
1183 1184 0.134284
1184 1380 0.838377
1184 1198 -2.044331
1184 1366 1.354063
1184 1185 -0.422279
1185 1381 -0.605870
1185 1199 0.658528
1185 1367 -0.285819
1185 1186 -1.232156
1186 1382 0.369142
1186 1200 -0.405431
1186 1368 -0.643412
1186 1187 -0.776573
1187 1383 -0.698668
1187 1201 0.493285
1187 1369 -1.172885
1187 1188 1.630632
1188 1384 -0.815732
1188 1202 -1.235604
1188 1370 0.301423
1188 1189 -0.740253
1189 1385 0.315313
1189 1203 -1.322144
1189 1371 -0.474535
1190 1386 -0.773941
1190 1204 -0.351390
1190 1191 0.581339
1190 1203 1.322332
1191 1387 2.465138
1191 1205 -1.223088
1191 1192 0.622457
1192 1388 1.085037
1192 1206 -1.845393
1192 1193 0.204959
1193 1389 -0.263965
1193 1207 -0.184241
1193 1194 0.308646
1194 1390 1.688937
1194 1208 -0.187726
1194 1195 1.537498
1195 1391 0.682436
1195 1209 0.137292
1195 1196 0.432231
1196 1392 -0.371808
1196 1210 -1.644331
1196 1197 1.370357
1197 1393 2.078540
1197 1211 0.562244
1197 1198 -0.253220
1198 1394 0.101450
1198 1212 -0.076189
1198 1199 -0.570510
1199 1395 0.533706
1199 1213 0.564303
1199 1200 0.651665
1200 1396 1.104575
1200 1214 -0.379129
1200 1201 -0.718919
1201 1397 0.176405
1201 1215 0.269000
1201 1202 0.493805
1202 1398 0.559752
1202 1216 1.901364
1202 1203 0.119133
1203 1399 -1.527229
1203 1217 1.790047
1204 1400 -0.381863
1204 1218 -0.542451
1204 1205 -1.526189
1204 1217 -0.855390
1205 1401 0.100655
1205 1219 -0.508355
1205 1206 0.536965
1206 1402 -0.761122
1206 1220 -1.440698
1206 1207 -0.384075
1207 1403 0.367893
1207 1221 0.479490
1207 1208 -0.935816
1208 1404 0.180976
1208 1222 0.750126
1208 1209 -0.690506
1209 1405 -2.155412
1209 1223 -0.340280
1209 1210 -0.171861
1210 1406 0.254540
1210 1224 -1.355709
1210 1211 -0.854164
1211 1407 0.898483
1211 1225 -0.781248
1211 1212 -1.269369
1212 1408 1.879022
1212 1226 1.024532
1212 1213 -0.210506
1213 1409 -2.925362
1213 1227 0.480588
1213 1214 3.223768
1214 1410 0.158611
1214 1228 -1.672469
1214 1215 0.908875
1215 1411 1.169084
1215 1229 -1.723743
1215 1216 -1.249630
1216 1412 0.392231
1216 1230 -0.023006
1216 1217 0.571584
1217 1413 0.481632
1217 1231 0.008852
1218 1414 -1.189700
1218 1232 1.391051
1218 1219 1.505701
1218 1231 -0.869392
1219 1415 0.763456
1219 1233 1.059632
1219 1220 -1.425118
1220 1416 -1.322336
1220 1234 -0.947064
1220 1221 -0.558978
1221 1417 -0.389368
1221 1235 0.025353
1221 1222 -2.211230
1222 1418 0.722834
1222 1236 0.653296
1222 1223 0.987974
1223 1419 -0.041379
1223 1237 -1.238236
1223 1224 0.633764
1224 1420 -2.153262
1224 1238 1.562949
1224 1225 0.520819
1225 1421 0.073133
1225 1239 0.326119
1225 1226 1.058895
1226 1422 -0.064006
1226 1240 0.639861
1226 1227 0.644631
1227 1423 -0.106894
1227 1241 -1.480717
1227 1228 0.181688
1228 1424 -0.755188
1228 1242 1.415934
1228 1229 -0.068739
1229 1425 1.021868
1229 1243 0.186349
1229 1230 1.593966
1230 1426 0.181658
1230 1244 -0.325761
1230 1231 1.231991
1231 1427 -0.528374
1231 1245 0.611015
1232 1428 -2.096258
1232 1246 1.377539
1232 1233 -0.010248
1232 1245 -1.170801
1233 1429 0.868136
1233 1247 -0.353156
1233 1234 -0.246431
1234 1430 1.144298
1234 1248 -0.277217
1234 1235 -0.866477
1235 1431 -0.125205
1235 1249 -0.738081
1235 1236 1.115538
1236 1432 -1.617218
1236 1250 0.399917
1236 1237 -1.110703
1237 1433 -0.496508
1237 1251 -0.034466
1237 1238 1.088804
1238 1434 -0.903643
1238 1252 -0.608714
1238 1239 -0.720648
1239 1435 -0.133130
1239 1253 0.560155
1239 1240 -1.372935
1240 1436 -0.306280
1240 1254 -0.136835
1240 1241 0.555987
1241 1437 -1.352665
1241 1255 -0.507886
1241 1242 0.086014
1242 1438 0.967349
1242 1256 -0.509216
1242 1243 0.092143
1243 1439 0.910432
1243 1257 1.883473
1243 1244 1.547736
1244 1440 -1.720543
1244 1258 1.401042
1244 1245 -0.096671
1245 1441 -0.782254
1245 1259 1.210768
1246 1442 0.589714
1246 1260 -0.874741
1246 1247 -1.916191
1246 1259 -0.256282
1247 1443 0.732550
1247 1261 -0.707997
1247 1248 -0.217723
1248 1444 -1.161455
1248 1262 -0.285415
1248 1249 -1.784158
1249 1445 0.438404
1249 1263 1.016566
1249 1250 -0.618721
1250 1446 -0.333595
1250 1264 -0.151674
1250 1251 1.376752
1251 1447 0.366039
1251 1265 0.145129
1251 1252 0.189506
1252 1448 -2.054364
1252 1266 -1.717413
1252 1253 -0.223369
1253 1449 0.949432
1253 1267 -1.125720
1253 1254 0.500952
1254 1450 -2.068676
1254 1268 1.379242
1254 1255 0.820773
1255 1451 0.432626
1255 1269 1.038935
1255 1256 2.359346
1256 1452 0.085256
1256 1270 -0.809522
1256 1257 0.420572
1257 1453 -0.863422
1257 1271 -0.309502
1257 1258 -0.212407
1258 1454 -0.185571
1258 1272 -0.591078
1258 1259 0.238007
1259 1455 0.863509
1259 1273 -1.118411
1260 1456 -1.884919
1260 1274 -0.385731
1260 1261 -0.257644
1260 1273 0.787546
1261 1457 1.233123
1261 1275 1.927740
1261 1262 0.225123
1262 1458 -1.579309
1262 1276 -0.521804
1262 1263 0.188652
1263 1459 -0.466759
1263 1277 -0.888206
1263 1264 -1.474183
1264 1460 1.280913
1264 1278 0.372751
1264 1265 1.014212
1265 1461 -0.215859
1265 1279 0.708610
1265 1266 -1.828500
1266 1462 0.344282
1266 1280 -0.834929
1266 1267 0.713955
1267 1463 0.210958
1267 1281 -0.491332
1267 1268 0.946628
1268 1464 -0.411770
1268 1282 0.233680
1268 1269 0.736577
1269 1465 0.774626
1269 1283 0.483976
1269 1270 0.313258
1270 1466 -0.703222
1270 1284 -1.103881
1270 1271 -0.842891
1271 1467 -1.146235
1271 1285 -1.404618
1271 1272 -0.397353
1272 1468 -0.911481
1272 1286 0.725354
1272 1273 -0.895880
1273 1469 -1.116876
1273 1287 1.319318
1274 1470 -1.727972
1274 1288 1.386241
1274 1275 1.090644
1274 1287 -1.126773
1275 1471 0.156728
1275 1289 1.091472
1275 1276 0.791303
1276 1472 -0.963038
1276 1290 1.717983
1276 1277 0.801242
1277 1473 1.124609
1277 1291 0.130171
1277 1278 1.720175
1278 1474 -0.326423
1278 1292 1.674187
1278 1279 0.734829
1279 1475 1.356059
1279 1293 -0.660865
1279 1280 -0.646498
1280 1476 0.544924
1280 1294 -0.153586
1280 1281 -2.420350
1281 1477 1.812867
1281 1295 0.521356
1281 1282 -0.697915
1282 1478 1.551094
1282 1296 0.078981
1282 1283 1.554628
1283 1479 -0.502272
1283 1297 -0.024931
1283 1284 -1.090011
1284 1480 0.181361
1284 1298 0.909841
1284 1285 -0.730520
1285 1481 1.073698
1285 1299 -0.507715
1285 1286 -1.000548
1286 1482 -0.433573
1286 1300 0.723848
1286 1287 -1.417956
1287 1483 -0.061791
1287 1301 0.309727
1288 1484 -1.271263
1288 1302 -0.061260
1288 1289 0.175692
1288 1301 -0.777548
1289 1485 -0.756709
1289 1303 -2.450382
1289 1290 -0.968165
1290 1486 0.443941
1290 1304 -0.089185
1290 1291 -1.272131
1291 1487 0.508515
1291 1305 1.371836
1291 1292 -0.155226
1292 1488 0.088373
1292 1306 0.591926
1292 1293 -0.747981
1293 1489 0.660110
1293 1307 0.093804
1293 1294 -0.435436
1294 1490 -0.015271
1294 1308 0.561586
1294 1295 -0.690410
1295 1491 -1.141988
1295 1309 -1.539225
1295 1296 -0.645466
1296 1492 -1.926465
1296 1310 -1.599892
1296 1297 -1.156679
1297 1493 2.147001
1297 1311 -0.857283
1297 1298 -0.391228
1298 1494 1.786032
1298 1312 0.232753
1298 1299 1.093932
1299 1495 0.722601
1299 1313 -0.949448
1299 1300 -0.825961
1300 1496 0.089574
1300 1314 0.263051
1300 1301 0.158585
1301 1497 -1.106876
1301 1315 0.562237
1302 1498 -0.763191
1302 1316 -0.313280
1302 1303 0.695605
1302 1315 -0.546156
1303 1499 -0.707367
1303 1317 -2.507206
1303 1304 0.521238
1304 1500 -1.387857
1304 1318 -0.575971
1304 1305 -0.689114
1305 1501 -0.279831
1305 1319 0.649566
1305 1306 2.231531
1306 1502 1.057149
1306 1320 -1.820313
1306 1307 1.583833
1307 1503 -0.495991
1307 1321 0.141615
1307 1308 -1.381298
1308 1504 -2.410777
1308 1322 0.003244
1308 1309 -1.619580
1309 1505 -0.301905
1309 1323 0.409066
1309 1310 -0.288301
1310 1506 -1.121389
1310 1324 0.581298
1310 1311 0.058901
1311 1507 -1.652809
1311 1325 0.187485
1311 1312 0.144902
1312 1508 0.276818
1312 1326 -0.306038
1312 1313 0.885061
1313 1509 -1.035635
1313 1327 -1.813038
1313 1314 -1.414008
1314 1510 0.721957
1314 1328 -0.290524
1314 1315 -0.837859
1315 1511 -1.005845
1315 1329 -0.251002
1316 1512 -0.773613
1316 1330 -0.470441
1316 1317 -0.516044
1316 1329 -0.010424
1317 1513 -0.750735
1317 1331 -2.933366
1317 1318 -0.732672
1318 1514 0.786752
1318 1332 0.998711
1318 1319 0.905210
1319 1515 -0.081183
1319 1333 -0.693051
1319 1320 0.167074
1320 1516 1.140600
1320 1334 1.354179
1320 1321 0.187404
1321 1517 -0.943580
1321 1335 0.190233
1321 1322 -0.366766
1322 1518 0.841820
1322 1336 -1.557756
1322 1323 -1.210753
1323 1519 -0.380544
1323 1337 0.518153
1323 1324 -1.194101
1324 1520 0.077263
1324 1338 -0.722764
1324 1325 1.414933
1325 1521 -0.755991
1325 1339 -0.346315
1325 1326 -0.470514
1326 1522 -0.153151
1326 1340 -0.854062
1326 1327 -0.807463
1327 1523 -0.439389
1327 1341 0.127447
1327 1328 -0.206055
1328 1524 -1.741676
1328 1342 1.445649
1328 1329 -1.594126
1329 1525 0.759652
1329 1343 -0.658995
1330 1526 -1.033134
1330 1344 0.888836
1330 1331 -0.740919
1330 1343 0.476619
1331 1527 1.009273
1331 1345 0.864266
1331 1332 1.230115
1332 1528 -1.261788
1332 1346 1.250432
1332 1333 -0.112536
1333 1529 2.571068
1333 1347 -0.789697
1333 1334 -0.014622
1334 1530 -1.511994
1334 1348 -2.222522
1334 1335 0.217575
1335 1531 -0.402025
1335 1349 1.445002
1335 1336 0.233951
1336 1532 -0.721000
1336 1350 0.067069
1336 1337 0.484027
1337 1533 -1.837852
1337 1351 0.366684
1337 1338 0.587740
1338 1534 0.337478
1338 1352 0.899090
1338 1339 1.790200
1339 1535 1.090927
1339 1353 1.220404
1339 1340 0.013948
1340 1536 -0.758182
1340 1354 -0.879614
1340 1341 0.325369
1341 1537 -0.491006
1341 1355 -0.611817
1341 1342 -2.859655
1342 1538 -1.164916
1342 1356 -0.045024
1342 1343 -0.715299
1343 1539 0.932043
1343 1357 -0.448729
1344 1540 1.029770
1344 1358 -0.359766
1344 1345 2.160448
1344 1357 -0.159988
1345 1541 -0.683960
1345 1359 -0.276826
1345 1346 0.145760
1346 1542 1.194821
1346 1360 0.555495
1346 1347 0.545734
1347 1543 1.075695
1347 1361 0.182106
1347 1348 -1.340207
1348 1544 -2.553699
1348 1362 0.071036
1348 1349 0.420017
1349 1545 -0.255397
1349 1363 0.129973
1349 1350 1.309916
1350 1546 0.105362
1350 1364 0.155281
1350 1351 0.627664
1351 1547 0.017260
1351 1365 0.355345
1351 1352 -1.980139
1352 1548 0.885805
1352 1366 -0.535330
1352 1353 1.266056
1353 1549 -0.532053
1353 1367 1.809173
1353 1354 0.723969
1354 1550 -0.979729
1354 1368 -0.918805
1354 1355 0.666434
1355 1551 1.219945
1355 1369 -1.634865
1355 1356 0.429661
1356 1552 0.416100
1356 1370 -0.381365
1356 1357 -0.061486
1357 1553 -0.021811
1357 1371 -1.128802
1358 1554 -0.748910
1358 1359 -1.151073
1358 1371 -0.684070
1359 1555 -2.025366
1359 1360 -0.823829
1360 1556 1.049136
1360 1361 -1.001631
1361 1557 -0.133503
1361 1362 0.443815
1362 1558 0.686390
1362 1363 -0.712375
1363 1559 -0.643345
1363 1364 0.779080
1364 1560 1.455678
1364 1365 1.042570
1365 1561 0.277952
1365 1366 -0.143781
1366 1562 0.342820
1366 1367 -1.064230
1367 1563 -1.949866
1367 1368 0.558237
1368 1564 0.256520
1368 1369 -1.206486
1369 1565 -0.023225
1369 1370 1.228191
1370 1566 1.626072
1370 1371 0.725126
1371 1567 -1.165790
1372 1568 0.976266
1372 1386 -0.600724
1372 1554 -1.215351
1372 1373 -2.020350
1372 1385 0.514803
1373 1569 0.351761
1373 1387 -1.042904
1373 1555 1.614637
1373 1374 -1.878135
1374 1570 -1.108102
1374 1388 -0.268149
1374 1556 -0.714015
1374 1375 -0.338554
1375 1571 -0.859839
1375 1389 -1.152395
1375 1557 -1.196225
1375 1376 0.115465
1376 1572 -0.410475
1376 1390 -0.129773
1376 1558 -2.818858
1376 1377 -0.279073
1377 1573 1.535112
1377 1391 -1.397533
1377 1559 -1.366113
1377 1378 -0.033488
1378 1574 0.920286
1378 1392 -0.158782
1378 1560 2.276861
1378 1379 -1.423167
1379 1575 0.983557
1379 1393 0.581153
1379 1561 -0.920265
1379 1380 -0.019155
1380 1576 1.390198
1380 1394 -1.694772
1380 1562 1.521131
1380 1381 0.707149
1381 1577 -0.104760
1381 1395 0.208988
1381 1563 0.971645
1381 1382 -0.687582
1382 1578 -1.213766
1382 1396 0.844850
1382 1564 1.139325
1382 1383 -0.729854
1383 1579 0.683930
1383 1397 -1.090720
1383 1565 -1.082101
1383 1384 0.622120
1384 1580 1.123079
1384 1398 -1.558433
1384 1566 0.740819
1384 1385 -0.026093
1385 1581 0.510994
1385 1399 -1.437588
1385 1567 0.867366
1386 1582 0.852696
1386 1400 -0.420896
1386 1387 0.093859
1386 1399 1.850669
1387 1583 0.151812
1387 1401 0.114551
1387 1388 0.305354
1388 1584 1.218693
1388 1402 0.827263
1388 1389 0.227513
1389 1585 0.375593
1389 1403 -0.080449
1389 1390 -0.103854
1390 1586 -0.387495
1390 1404 1.384993
1390 1391 -1.422743
1391 1587 0.085906
1391 1405 -1.496134
1391 1392 -0.503460
1392 1588 -0.473467
1392 1406 0.105584
1392 1393 2.380580
1393 1589 0.908113
1393 1407 0.108959
1393 1394 0.031547
1394 1590 -0.585830
1394 1408 -1.264425
1394 1395 -1.064913
1395 1591 -0.789123
1395 1409 -1.469085
1395 1396 0.237653
1396 1592 -0.231120
1396 1410 0.076383
1396 1397 1.950468
1397 1593 -1.175166
1397 1411 0.395975
1397 1398 -0.559177
1398 1594 2.338923
1398 1412 1.015921
1398 1399 -1.323526
1399 1595 1.285496
1399 1413 1.428605
1400 1596 1.263948
1400 1414 1.109750
1400 1401 0.439360
1400 1413 1.518601
1401 1597 1.860329
1401 1415 1.443344
1401 1402 0.606695
1402 1598 0.607526
1402 1416 0.428694
1402 1403 -0.290258
1403 1599 0.779694
1403 1417 0.450196
1403 1404 -1.572203
1404 1600 -0.093014
1404 1418 0.430044
1404 1405 0.781514
1405 1601 0.073185
1405 1419 0.969717
1405 1406 -1.292987
1406 1602 0.964863
1406 1420 -0.059817
1406 1407 0.107599
1407 1603 -0.092917
1407 1421 1.159831
1407 1408 0.007065
1408 1604 -0.056117
1408 1422 1.003601
1408 1409 -0.054895
1409 1605 0.862991
1409 1423 0.885551
1409 1410 0.425629
1410 1606 -0.590620
1410 1424 0.216447
1410 1411 -1.237442
1411 1607 -1.726427
1411 1425 0.483508
1411 1412 -1.004876
1412 1608 0.266597
1412 1426 -0.280346
1412 1413 -0.515673
1413 1609 0.458307
1413 1427 0.941881
1414 1610 0.519401
1414 1428 1.364251
1414 1415 0.878396
1414 1427 0.515152
1415 1611 0.295911
1415 1429 -0.990807
1415 1416 -0.165249
1416 1612 1.758174
1416 1430 1.142531
1416 1417 -0.398767
1417 1613 1.023459
1417 1431 0.152670
1417 1418 0.912529
1418 1614 0.585359
1418 1432 0.519199
1418 1419 -1.150857
1419 1615 -1.381606
1419 1433 -1.093192
1419 1420 -0.510266
1420 1616 1.524962
1420 1434 -0.711083
1420 1421 0.410341
1421 1617 1.187364
1421 1435 0.740424
1421 1422 -1.485797
1422 1618 0.469765
1422 1436 1.727520
1422 1423 1.401998
1423 1619 0.738670
1423 1437 -1.437707
1423 1424 -0.741654
1424 1620 -1.570085
1424 1438 1.335203
1424 1425 -0.280762
1425 1621 -0.479529
1425 1439 -1.581319
1425 1426 -0.525001
1426 1622 0.952709
1426 1440 -0.370498
1426 1427 -1.063665
1427 1623 -0.454678
1427 1441 -0.907416
1428 1624 -1.427913
1428 1442 1.017752
1428 1429 0.430662
1428 1441 1.589932
1429 1625 -0.450365
1429 1443 0.136704
1429 1430 -1.014708
1430 1626 1.225062
1430 1444 -0.031549
1430 1431 -1.075718
1431 1627 -0.175263
1431 1445 1.145071
1431 1432 0.388660
1432 1628 -1.457441
1432 1446 -1.007374
1432 1433 -0.280545
1433 1629 -1.347381
1433 1447 0.501031
1433 1434 -0.289455
1434 1630 0.141868
1434 1448 1.523566
1434 1435 0.313685
1435 1631 -0.889594
1435 1449 1.402707
1435 1436 0.254549
1436 1632 -0.213227
1436 1450 1.263855
1436 1437 -0.718661
1437 1633 0.535269
1437 1451 2.841259
1437 1438 -0.993496
1438 1634 0.161574
1438 1452 -0.537919
1438 1439 1.090397
1439 1635 -0.107945
1439 1453 -0.094094
1439 1440 -0.261529
1440 1636 -0.700338
1440 1454 1.865830
1440 1441 -0.173579
1441 1637 0.527327
1441 1455 2.519703
1442 1638 0.057919
1442 1456 0.156316
1442 1443 0.773729
1442 1455 -0.036531
1443 1639 0.680541
1443 1457 1.052318
1443 1444 -0.283223
1444 1640 -0.125533
1444 1458 0.613617
1444 1445 -1.364067
1445 1641 -0.577865
1445 1459 1.722793
1445 1446 0.012369
1446 1642 -0.158886
1446 1460 -0.998883
1446 1447 -2.207968
1447 1643 -0.828931
1447 1461 0.151186
1447 1448 1.084109
1448 1644 0.270404
1448 1462 0.966647
1448 1449 -1.826023
1449 1645 1.016493
1449 1463 0.228502
1449 1450 2.763621
1450 1646 0.857733
1450 1464 -0.068280
1450 1451 0.815962
1451 1647 -0.449040
1451 1465 -1.428316
1451 1452 -1.040602
1452 1648 -0.348653
1452 1466 0.388594
1452 1453 -0.223200
1453 1649 1.293494
1453 1467 -0.773240
1453 1454 -1.126945
1454 1650 -0.488109
1454 1468 0.830216
1454 1455 1.789708
1455 1651 2.320616
1455 1469 -0.116187
1456 1652 -1.202979
1456 1470 1.261735
1456 1457 -1.357434
1456 1469 1.030260
1457 1653 -0.744987
1457 1471 0.326351
1457 1458 0.108866
1458 1654 0.469922
1458 1472 1.113068
1458 1459 0.895805
1459 1655 -0.999933
1459 1473 1.587747
1459 1460 1.234487
1460 1656 1.134833
1460 1474 -1.378376
1460 1461 -1.609849
1461 1657 0.131789
1461 1475 -1.325169
1461 1462 0.933966
1462 1658 -1.010428
1462 1476 -1.903763
1462 1463 -0.529907
1463 1659 0.080913
1463 1477 0.570901
1463 1464 -1.264740
1464 1660 0.283326
1464 1478 -0.468530
1464 1465 0.185787
1465 1661 0.208948
1465 1479 -0.175656
1465 1466 -0.725506
1466 1662 1.534103
1466 1480 0.094757
1466 1467 1.601260
1467 1663 0.519962
1467 1481 -0.526904
1467 1468 0.512346
1468 1664 0.078995
1468 1482 0.148353
1468 1469 1.212557
1469 1665 0.354358
1469 1483 1.502287
1470 1666 -1.190634
1470 1484 -0.279734
1470 1471 -0.131237
1470 1483 1.526906
1471 1667 -0.243884
1471 1485 -1.570056
1471 1472 -0.245179
1472 1668 0.368724
1472 1486 -1.372661
1472 1473 0.038961
1473 1669 -0.127995
1473 1487 -0.216960
1473 1474 0.754008
1474 1670 0.491647
1474 1488 0.505970
1474 1475 0.689243
1475 1671 -0.023784
1475 1489 0.881892
1475 1476 -1.161105
1476 1672 -0.426840
1476 1490 0.207716
1476 1477 1.233748
1477 1673 0.166106
1477 1491 0.769693
1477 1478 0.602179
1478 1674 -0.690357
1478 1492 -1.010748
1478 1479 -1.382316
1479 1675 1.176857
1479 1493 -0.238935
1479 1480 -1.316935
1480 1676 1.891483
1480 1494 0.632839
1480 1481 0.210446
1481 1677 -0.424559
1481 1495 0.043143
1481 1482 -0.431239
1482 1678 -0.152565
1482 1496 -0.600165
1482 1483 0.278213
1483 1679 -0.377014
1483 1497 0.647554
1484 1680 -0.942634
1484 1498 0.516114
1484 1485 -0.575898
1484 1497 -0.240874
1485 1681 0.351893
1485 1499 0.590619
1485 1486 0.017456
1486 1682 0.680812
1486 1500 1.879700
1486 1487 -0.062561
1487 1683 -0.504420
1487 1501 -0.133870
1487 1488 -2.087444
1488 1684 -1.200946
1488 1502 -0.810103
1488 1489 -1.337024
1489 1685 -0.005923
1489 1503 -0.444910
1489 1490 -0.154920
1490 1686 0.958394
1490 1504 -0.609185
1490 1491 -1.083822
1491 1687 1.463928
1491 1505 1.277806
1491 1492 0.343643
1492 1688 -1.178545
1492 1506 1.452567
1492 1493 0.141581
1493 1689 -0.932021
1493 1507 0.364038
1493 1494 2.604743
1494 1690 0.898161
1494 1508 0.609468
1494 1495 -0.111461
1495 1691 -0.067058
1495 1509 -1.615757
1495 1496 0.194019
1496 1692 0.276619
1496 1510 0.928984
1496 1497 -1.404818
1497 1693 -0.591609
1497 1511 -1.506016
1498 1694 -2.215220
1498 1512 0.697049
1498 1499 0.848038
1498 1511 0.369094
1499 1695 -0.386517
1499 1513 0.014492
1499 1500 0.092104
1500 1696 0.011381
1500 1514 0.731133
1500 1501 -0.000730
1501 1697 1.658221
1501 1515 0.648091
1501 1502 -0.216500
1502 1698 -0.677121
1502 1516 -0.408025
1502 1503 -0.661614
1503 1699 0.318077
1503 1517 0.457281
1503 1504 -1.488574
1504 1700 1.379940
1504 1518 -0.120960
1504 1505 -0.070435
1505 1701 -2.284387
1505 1519 -0.047102
1505 1506 1.884286
1506 1702 0.152622
1506 1520 -0.691877
1506 1507 0.983918
1507 1703 0.900793
1507 1521 -0.219200
1507 1508 -0.586298
1508 1704 -0.416605
1508 1522 0.625940
1508 1509 -1.188886
1509 1705 -0.854681
1509 1523 0.736372
1509 1510 -1.014811
1510 1706 -0.171133
1510 1524 -0.593529
1510 1511 1.243291
1511 1707 0.122188
1511 1525 0.217069
1512 1708 -0.468232
1512 1526 -0.643816
1512 1513 -1.033478
1512 1525 -0.796011
1513 1709 1.232902
1513 1527 -0.078689
1513 1514 0.657478
1514 1710 -0.861325
1514 1528 0.237930
1514 1515 -0.753958
1515 1711 -0.478081
1515 1529 1.053208
1515 1516 0.376295
1516 1712 -0.080890
1516 1530 -0.418617
1516 1517 -0.269367
1517 1713 -0.622020
1517 1531 -1.208100
1517 1518 -0.227995
1518 1714 0.971891
1518 1532 0.057314
1518 1519 -0.074163
1519 1715 -0.487480
1519 1533 0.278880
1519 1520 -0.237913
1520 1716 -1.202921
1520 1534 -0.655766
1520 1521 1.059540
1521 1717 0.592528
1521 1535 -0.193745
1521 1522 0.099057
1522 1718 2.304440
1522 1536 -0.350444
1522 1523 1.153924
1523 1719 0.426317
1523 1537 -0.053439
1523 1524 0.467751
1524 1720 -0.017694
1524 1538 -0.415933
1524 1525 0.692194
1525 1721 2.676976
1525 1539 -1.226793
1526 1722 -1.236931
1526 1540 -2.311248
1526 1527 0.465672
1526 1539 -0.709256
1527 1723 0.504972
1527 1541 -0.217831
1527 1528 1.022184
1528 1724 0.957188
1528 1542 1.781829
1528 1529 -0.119320
1529 1725 0.280402
1529 1543 2.738291
1529 1530 1.405306
1530 1726 1.264163
1530 1544 0.272063
1530 1531 0.878842
1531 1727 0.073564
1531 1545 0.185044
1531 1532 0.108052
1532 1728 0.343753
1532 1546 -1.758459
1532 1533 -0.602995
1533 1729 0.179144
1533 1547 0.646623
1533 1534 -1.319576
1534 1730 -0.792584
1534 1548 -0.101160
1534 1535 0.251753
1535 1731 0.743387
1535 1549 -0.758878
1535 1536 0.487975
1536 1732 0.117615
1536 1550 0.399831
1536 1537 0.408208
1537 1733 0.657090
1537 1551 1.166371
1537 1538 0.124879
1538 1734 1.359080
1538 1552 -1.030264
1538 1539 -1.783712
1539 1735 0.710092
1539 1553 -1.371795
1540 1736 1.025733
1540 1554 1.756980
1540 1541 -1.324791
1540 1553 0.712289
1541 1737 -0.068748
1541 1555 0.273083
1541 1542 -0.995979
1542 1738 -0.668299
1542 1556 -0.017725
1542 1543 0.156001
1543 1739 -0.046659
1543 1557 -1.352688
1543 1544 -2.500668
1544 1740 -0.048756
1544 1558 0.004448
1544 1545 0.535517
1545 1741 -1.182667
1545 1559 -0.486689
1545 1546 1.035820
1546 1742 -0.278445
1546 1560 2.141695
1546 1547 0.058918
1547 1743 1.383745
1547 1561 -0.934977
1547 1548 -0.872146
1548 1744 0.950012
1548 1562 0.085028
1548 1549 -2.029075
1549 1745 1.258483
1549 1563 -1.285527
1549 1550 0.188570
1550 1746 1.854862
1550 1564 1.421842
1550 1551 1.089329
1551 1747 -0.465070
1551 1565 -0.984571
1551 1552 0.159865
1552 1748 2.297868
1552 1566 0.624833
1552 1553 1.514739
1553 1749 0.745274
1553 1567 -2.160615
1554 1750 -0.050802
1554 1555 0.454637
1554 1567 -0.197823
1555 1751 -1.292233
1555 1556 1.380642
1556 1752 -0.801193
1556 1557 0.814260
1557 1753 -0.770247
1557 1558 1.468326
1558 1754 -0.125869
1558 1559 1.181457
1559 1755 1.268279
1559 1560 1.779536
1560 1756 0.471196
1560 1561 0.820647
1561 1757 -0.011325
1561 1562 0.403453
1562 1758 -1.701406
1562 1563 -0.714786
1563 1759 0.704708
1563 1564 0.972182
1564 1760 0.480419
1564 1565 -1.623953
1565 1761 -1.585220
1565 1566 1.893643
1566 1762 -0.635869
1566 1567 0.375699
1567 1763 -0.119336
1568 1764 -0.565411
1568 1582 -1.941872
1568 1750 -2.549865
1568 1569 -1.121082
1568 1581 -0.906048
1569 1765 0.778851
1569 1583 -0.673700
1569 1751 2.236550
1569 1570 0.483225
1570 1766 1.014040
1570 1584 0.422874
1570 1752 0.383033
1570 1571 -1.006343
1571 1767 1.590106
1571 1585 0.150307
1571 1753 0.394479
1571 1572 -0.153009
1572 1768 -0.946409
1572 1586 1.714449
1572 1754 -0.754954
1572 1573 2.042091
1573 1769 -0.591891
1573 1587 -0.805024
1573 1755 -2.130430
1573 1574 -1.102253
1574 1770 0.281024
1574 1588 0.838872
1574 1756 0.531320
1574 1575 -0.370318
1575 1771 0.673022
1575 1589 0.284667
1575 1757 0.095986
1575 1576 -1.722476
1576 1772 1.058074
1576 1590 -1.027876
1576 1758 0.894677
1576 1577 1.422615
1577 1773 -0.060121
1577 1591 -0.115236
1577 1759 -0.336465
1577 1578 -0.214335
1578 1774 0.883765
1578 1592 -0.833050
1578 1760 0.483720
1578 1579 0.905114
1579 1775 -0.157973
1579 1593 -1.306591
1579 1761 0.519316
1579 1580 -0.474903
1580 1776 -0.497747
1580 1594 -0.668407
1580 1762 0.401752
1580 1581 1.193330
1581 1777 0.125223
1581 1595 -0.627067
1581 1763 -1.033255
1582 1778 1.143458
1582 1596 0.729270
1582 1583 -0.801717
1582 1595 -2.883409
1583 1779 2.456120
1583 1597 2.313099
1583 1584 2.576605
1584 1780 -1.308723
1584 1598 -0.335216
1584 1585 0.999931
1585 1781 -1.427533
1585 1599 2.017705
1585 1586 0.448867
1586 1782 -0.123061
1586 1600 0.577757
1586 1587 -1.525300
1587 1783 1.614073
1587 1601 1.361129
1587 1588 -0.779092
1588 1784 1.789695
1588 1602 1.484063
1588 1589 0.370111
1589 1785 -2.477071
1589 1603 0.543351
1589 1590 1.538989
1590 1786 -0.768538
1590 1604 -0.825586
1590 1591 -1.169748
1591 1787 0.516627
1591 1605 0.764301
1591 1592 -0.054542
1592 1788 0.655345
1592 1606 -0.271826
1592 1593 -0.385660
1593 1789 1.025699
1593 1607 -1.762969
1593 1594 -0.474719
1594 1790 -0.344847
1594 1608 -0.005803
1594 1595 -0.171572
1595 1791 0.092709
1595 1609 -0.730662
1596 1792 1.228531
1596 1610 0.055161
1596 1597 0.181004
1596 1609 0.485048
1597 1793 1.103650
1597 1611 1.796429
1597 1598 -0.228797
1598 1794 1.352017
1598 1612 0.162371
1598 1599 1.393455
1599 1795 0.258519
1599 1613 -0.617010
1599 1600 0.568492
1600 1796 1.189337
1600 1614 1.269646
1600 1601 -1.098484
1601 1797 0.891150
1601 1615 0.903441
1601 1602 0.960970
1602 1798 -0.887232
1602 1616 -1.490589
1602 1603 -1.813413
1603 1799 -0.148267
1603 1617 1.463012
1603 1604 0.110404
1604 1800 -1.049725
1604 1618 2.076472
1604 1605 -2.151458
1605 1801 0.041941
1605 1619 1.276677
1605 1606 0.910893
1606 1802 0.168856
1606 1620 -1.112995
1606 1607 -0.428600
1607 1803 1.170833
1607 1621 -0.290872
1607 1608 0.427661
1608 1804 0.624176
1608 1622 -0.672415
1608 1609 -1.181431
1609 1805 2.524086
1609 1623 -1.154949
1610 1806 1.870016
1610 1624 -0.729010
1610 1611 0.134830
1610 1623 0.956987
1611 1807 0.869738
1611 1625 -0.453558
1611 1612 -0.769205
1612 1808 -0.310762
1612 1626 1.850349
1612 1613 0.706832
1613 1809 -0.358404
1613 1627 0.301695
1613 1614 -0.528171
1614 1810 -2.546042
1614 1628 -2.956524
1614 1615 2.690156
1615 1811 -2.351889
1615 1629 -0.459115
1615 1616 0.090023
1616 1812 -0.124206
1616 1630 0.243820
1616 1617 0.113606
1617 1813 -0.225318
1617 1631 0.138856
1617 1618 0.202742
1618 1814 -0.524886
1618 1632 0.073790
1618 1619 -0.789987
1619 1815 -0.518294
1619 1633 0.078293
1619 1620 0.976378
1620 1816 0.331440
1620 1634 -0.437745
1620 1621 -0.663887
1621 1817 0.482478
1621 1635 -1.017936
1621 1622 -0.884529
1622 1818 1.219829
1622 1636 -1.091514
1622 1623 1.137984
1623 1819 -0.848645
1623 1637 -1.114146
1624 1820 -0.498368
1624 1638 1.165570
1624 1625 0.124752
1624 1637 -1.537165
1625 1821 -1.197349
1625 1639 2.611755
1625 1626 0.595429
1626 1822 -0.162149
1626 1640 -0.383844
1626 1627 -0.236787
1627 1823 1.141847
1627 1641 -0.241611
1627 1628 -2.170243
1628 1824 0.470778
1628 1642 1.915089
1628 1629 -1.082193
1629 1825 -2.031030
1629 1643 1.130746
1629 1630 -0.652812
1630 1826 1.697253
1630 1644 0.432027
1630 1631 -0.000292
1631 1827 2.756673
1631 1645 0.370389
1631 1632 0.439966
1632 1828 0.354349
1632 1646 -0.135742
1632 1633 1.401755
1633 1829 -1.917396
1633 1647 1.186141
1633 1634 0.675055
1634 1830 0.226346
1634 1648 1.507059
1634 1635 1.412708
1635 1831 -1.068248
1635 1649 -0.099662
1635 1636 0.849424
1636 1832 2.885132
1636 1650 1.232111
1636 1637 -0.015267
1637 1833 -1.123071
1637 1651 0.024820
1638 1834 0.402035
1638 1652 -1.852755
1638 1639 -1.855849
1638 1651 -0.059756
1639 1835 0.718137
1639 1653 0.972138
1639 1640 -0.104857
1640 1836 -1.246544
1640 1654 0.012318
1640 1641 -1.892749
1641 1837 -2.662957
1641 1655 0.833052
1641 1642 1.584581
1642 1838 -0.922742
1642 1656 0.100781
1642 1643 0.591593
1643 1839 -1.454205
1643 1657 -0.533866
1643 1644 -0.355769
1644 1840 0.416880
1644 1658 -0.321272
1644 1645 -1.036967
1645 1841 1.624839
1645 1659 0.149268
1645 1646 0.948211
1646 1842 0.541663
1646 1660 -0.350858
1646 1647 0.163521
1647 1843 0.571695
1647 1661 0.225215
1647 1648 0.422582
1648 1844 0.521593
1648 1662 -0.265765
1648 1649 -0.153333
1649 1845 -0.584889
1649 1663 -0.611688
1649 1650 1.041482
1650 1846 -1.792718
1650 1664 0.674239
1650 1651 -0.620992
1651 1847 1.281500
1651 1665 0.645069
1652 1848 0.659571
1652 1666 -0.180405
1652 1653 -0.711675
1652 1665 -2.249918
1653 1849 -0.938967
1653 1667 -0.337236
1653 1654 -1.012697
1654 1850 -0.161881
1654 1668 1.193815
1654 1655 0.222300
1655 1851 -1.174548
1655 1669 0.715508
1655 1656 -0.796566
1656 1852 1.328539
1656 1670 0.140744
1656 1657 -1.183542
1657 1853 -0.972626
1657 1671 -0.287540
1657 1658 -0.569657
1658 1854 1.063449
1658 1672 0.779138
1658 1659 0.100027
1659 1855 -2.576955
1659 1673 -1.756440
1659 1660 -1.830502
1660 1856 0.177415
1660 1674 -0.505839
1660 1661 -0.108689
1661 1857 0.025566
1661 1675 -1.163352
1661 1662 -0.191329
1662 1858 0.128394
1662 1676 0.537032
1662 1663 -0.563450
1663 1859 0.948191
1663 1677 -1.006191
1663 1664 0.366099
1664 1860 -0.693626
1664 1678 -0.798455
1664 1665 0.535627
1665 1861 -0.935994
1665 1679 0.089775
1666 1862 0.622283
1666 1680 0.984052
1666 1667 -1.237108
1666 1679 -1.411269
1667 1863 -0.034852
1667 1681 -0.119804
1667 1668 0.005346
1668 1864 0.381008
1668 1682 -0.589511
1668 1669 0.307255
1669 1865 -1.428015
1669 1683 0.559936
1669 1670 0.480916
1670 1866 -0.357572
1670 1684 -1.222166
1670 1671 0.154891
1671 1867 0.096241
1671 1685 0.604109
1671 1672 -1.768310
1672 1868 2.050324
1672 1686 1.354873
1672 1673 -1.361970
1673 1869 -0.866356
1673 1687 -0.644467
1673 1674 -1.137733
1674 1870 -2.758066
1674 1688 0.821102
1674 1675 -0.613400
1675 1871 1.115624
1675 1689 0.234922
1675 1676 -0.454554
1676 1872 -0.372845
1676 1690 0.858596
1676 1677 -0.270834
1677 1873 0.340427
1677 1691 -1.745511
1677 1678 -0.243400
1678 1874 -0.168905
1678 1692 -1.004131
1678 1679 0.090080
1679 1875 0.280628
1679 1693 1.800710
1680 1876 0.283701
1680 1694 1.315904
1680 1681 -0.008711
1680 1693 -1.286709
1681 1877 -1.227125
1681 1695 2.423983
1681 1682 0.278082
1682 1878 -0.426385
1682 1696 -0.379115
1682 1683 -1.299049
1683 1879 -0.591172
1683 1697 -2.774608
1683 1684 -0.559067
1684 1880 0.214748
1684 1698 -0.115815
1684 1685 0.325199
1685 1881 -0.954300
1685 1699 1.241727
1685 1686 -0.902550
1686 1882 0.069000
1686 1700 -1.580315
1686 1687 -1.401299
1687 1883 0.644984
1687 1701 1.346062
1687 1688 0.156990
1688 1884 0.118918
1688 1702 -0.175056
1688 1689 0.341965
1689 1885 -0.410466
1689 1703 1.724923
1689 1690 0.548509
1690 1886 0.129820
1690 1704 1.129636
1690 1691 0.462193
1691 1887 -0.870898
1691 1705 -1.322284
1691 1692 0.551832
1692 1888 -1.100838
1692 1706 0.202390
1692 1693 0.970475
1693 1889 -2.816650
1693 1707 -0.190587
1694 1890 1.043599
1694 1708 -0.966079
1694 1695 -1.123933
1694 1707 1.534018
1695 1891 0.984607
1695 1709 1.136173
1695 1696 1.074460
1696 1892 -0.930519
1696 1710 0.644702
1696 1697 -0.429053
1697 1893 0.517049
1697 1711 -0.709198
1697 1698 0.323709
1698 1894 0.111470
1698 1712 0.445479
1698 1699 -0.188066
1699 1895 1.480098
1699 1713 0.821439
1699 1700 0.090545
1700 1896 0.821331
1700 1714 1.884314
1700 1701 0.169303
1701 1897 0.890278
1701 1715 1.274093
1701 1702 0.210160
1702 1898 -2.582784
1702 1716 0.076454
1702 1703 -0.566859
1703 1899 -0.316855
1703 1717 -1.229351
1703 1704 0.766710
1704 1900 -0.317870
1704 1718 1.306523
1704 1705 -0.194440
1705 1901 -0.635066
1705 1719 0.115280
1705 1706 -1.213064
1706 1902 -0.390210
1706 1720 -0.146104
1706 1707 0.651557
1707 1903 -0.135050
1707 1721 0.393951
1708 1904 -0.999041
1708 1722 -0.855011
1708 1709 -0.026842
1708 1721 -0.359329
1709 1905 1.989025
1709 1723 0.440773
1709 1710 -0.472271
1710 1906 0.260388
1710 1724 0.705551
1710 1711 0.517828
1711 1907 -1.480497
1711 1725 0.964681
1711 1712 -0.382631
1712 1908 -0.659480
1712 1726 0.878265
1712 1713 -0.066666
1713 1909 0.635557
1713 1727 -2.004566
1713 1714 -0.150341
1714 1910 -0.219738
1714 1728 -0.697265
1714 1715 -0.110762
1715 1911 0.280416
1715 1729 0.017130
1715 1716 0.837953
1716 1912 0.727626
1716 1730 -0.045129
1716 1717 -1.768203
1717 1913 -0.880602
1717 1731 -1.448475
1717 1718 -0.050074
1718 1914 0.611527
1718 1732 -0.658548
1718 1719 0.215913
1719 1915 -1.458694
1719 1733 -0.791827
1719 1720 1.214182
1720 1916 -2.925427
1720 1734 -0.442176
1720 1721 0.196291
1721 1917 -2.020777
1721 1735 2.962656
1722 1918 -0.493776
1722 1736 0.283279
1722 1723 1.723914
1722 1735 0.313007
1723 1919 -1.242834
1723 1737 1.363541
1723 1724 0.216089
1724 1920 -0.131512
1724 1738 -1.506955
1724 1725 0.358810
1725 1921 0.760437
1725 1739 -0.897565
1725 1726 -0.427875
1726 1922 -1.234309
1726 1740 -1.335956
1726 1727 -0.110220
1727 1923 -0.465818
1727 1741 2.069767
1727 1728 -0.024314
1728 1924 -0.169098
1728 1742 2.560485
1728 1729 -0.761815
1729 1925 -0.196742
1729 1743 0.553956
1729 1730 1.435168
1730 1926 1.622266
1730 1744 -0.394354
1730 1731 0.426121
1731 1927 -2.263011
1731 1745 -0.872913
1731 1732 -0.455183
1732 1928 0.269567
1732 1746 -0.476261
1732 1733 0.452335
1733 1929 -0.284582
1733 1747 -0.539282
1733 1734 0.428444
1734 1930 0.784993
1734 1748 0.510698
1734 1735 0.000907
1735 1931 0.544300
1735 1749 0.693531
1736 1932 -1.840111
1736 1750 1.239261
1736 1737 -0.060642
1736 1749 -0.619821
1737 1933 0.835895
1737 1751 0.542831
1737 1738 -1.520638
1738 1934 -0.696841
1738 1752 -0.071116
1738 1739 0.896426
1739 1935 -0.382691
1739 1753 0.436972
1739 1740 -0.706441
1740 1936 -0.526640
1740 1754 -1.281055
1740 1741 0.447347
1741 1937 1.911520
1741 1755 0.208130
1741 1742 0.056451
1742 1938 -1.867689
1742 1756 0.584178
1742 1743 -1.830454
1743 1939 -0.264888
1743 1757 -0.071154
1743 1744 -0.389441
1744 1940 0.969616
1744 1758 -0.076531
1744 1745 0.045929
1745 1941 1.107038
1745 1759 1.346140
1745 1746 0.076883
1746 1942 -0.914340
1746 1760 0.648865
1746 1747 -1.574722
1747 1943 -0.594650
1747 1761 -0.111441
1747 1748 1.315135
1748 1944 1.121260
1748 1762 -0.253995
1748 1749 0.377223
1749 1945 1.312241
1749 1763 -0.511901
1750 1946 0.688232
1750 1751 0.529242
1750 1763 1.955122
1751 1947 1.039019
1751 1752 0.688765
1752 1948 0.286453
1752 1753 1.984969
1753 1949 -0.307823
1753 1754 -0.205843
1754 1950 -0.259236
1754 1755 0.708001
1755 1951 -1.604188
1755 1756 -1.328565
1756 1952 0.649329
1756 1757 -0.657162
1757 1953 0.960483
1757 1758 -0.712668
1758 1954 0.563126
1758 1759 1.804163
1759 1955 0.279858
1759 1760 1.235614
1760 1956 -0.017187
1760 1761 -0.913912
1761 1957 -1.549139
1761 1762 1.159041
1762 1958 -0.244120
1762 1763 0.183920
1763 1959 0.076045
1764 1960 0.244216
1764 1778 -0.626393
1764 1946 0.075599
1764 1765 1.417111
1764 1777 -2.362973
1765 1961 -0.527549
1765 1779 0.473362
1765 1947 -0.221052
1765 1766 1.405649
1766 1962 -0.232063
1766 1780 -0.615887
1766 1948 -0.924784
1766 1767 -1.293608
1767 1963 -2.939377
1767 1781 0.963655
1767 1949 0.834417
1767 1768 1.042578
1768 1964 -0.892477
1768 1782 -0.436821
1768 1950 -0.065639
1768 1769 1.225842
1769 1965 -1.560158
1769 1783 -1.089583
1769 1951 0.552198
1769 1770 0.895725
1770 1966 -0.055023
1770 1784 -0.009702
1770 1952 0.109499
1770 1771 0.068625
1771 1967 -0.869132
1771 1785 -0.652134
1771 1953 1.319280
1771 1772 0.660087
1772 1968 -1.622230
1772 1786 0.241905
1772 1954 -0.563326
1772 1773 0.474591
1773 1969 -1.302948
1773 1787 -0.160897
1773 1955 0.977121
1773 1774 0.608278
1774 1970 0.304303
1774 1788 -1.303544
1774 1956 1.613168
1774 1775 -0.034040
1775 1971 -0.598563
1775 1789 -0.424559
1775 1957 0.751839
1775 1776 2.547697
1776 1972 1.654897
1776 1790 1.958925
1776 1958 -0.459588
1776 1777 0.027732
1777 1973 1.729117
1777 1791 -2.926731
1777 1959 -0.571556
1778 1974 0.163108
1778 1792 -2.645890
1778 1779 2.483783
1778 1791 0.046931
1779 1975 -1.341698
1779 1793 0.191643
1779 1780 1.553274
1780 1976 1.396140
1780 1794 0.330808
1780 1781 0.887800
1781 1977 0.379630
1781 1795 0.772986
1781 1782 -0.150875
1782 1978 1.664765
1782 1796 -0.824437
1782 1783 0.388244
1783 1979 1.377978
1783 1797 0.653390
1783 1784 -1.029954
1784 1980 0.196513
1784 1798 0.119296
1784 1785 -0.703258
1785 1981 2.041878
1785 1799 -1.339105
1785 1786 1.889955
1786 1982 -0.504482
1786 1800 1.571233
1786 1787 -0.548517
1787 1983 -1.485268
1787 1801 -0.033162
1787 1788 0.435696
1788 1984 1.361590
1788 1802 2.214189
1788 1789 0.997079
1789 1985 -0.186950
1789 1803 -0.948660
1789 1790 -0.894540
1790 1986 0.781301
1790 1804 -0.712463
1790 1791 -0.116093
1791 1987 -0.411605
1791 1805 -0.002073
1792 1988 -0.599196
1792 1806 1.185357
1792 1793 -1.466481
1792 1805 1.021459
1793 1989 -0.049984
1793 1807 0.293315
1793 1794 0.510510
1794 1990 0.313655
1794 1808 0.302795
1794 1795 1.603484
1795 1991 0.348903
1795 1809 -0.385827
1795 1796 0.416318
1796 1992 -0.298101
1796 1810 1.590766
1796 1797 0.214168
1797 1993 0.647139
1797 1811 -0.488401
1797 1798 -0.368995
1798 1994 -0.148807
1798 1812 -0.336657
1798 1799 -0.432678
1799 1995 0.812168
1799 1813 -2.642691
1799 1800 2.205090
1800 1996 0.412493
1800 1814 1.014513
1800 1801 -1.217231
1801 1997 1.349906
1801 1815 0.947298
1801 1802 1.256194
1802 1998 1.817224
1802 1816 1.874333
1802 1803 0.687380
1803 1999 0.459735
1803 1817 0.480159
1803 1804 1.235680
1804 2000 0.847843
1804 1818 -1.479594
1804 1805 -0.240759
1805 2001 -0.183560
1805 1819 -0.349533
1806 2002 1.515884
1806 1820 0.952862
1806 1807 0.500258
1806 1819 0.431192
1807 2003 0.480605
1807 1821 0.318060
1807 1808 0.364720
1808 2004 -1.354854
1808 1822 -0.691580
1808 1809 0.275342
1809 2005 1.511552
1809 1823 0.888993
1809 1810 -0.234712
1810 2006 -0.633535
1810 1824 0.556340
1810 1811 -1.189240
1811 2007 0.958299
1811 1825 -1.370980
1811 1812 -0.234774
1812 2008 0.291228
1812 1826 0.687931
1812 1813 0.631349
1813 2009 0.862742
1813 1827 -2.676731
1813 1814 0.360730
1814 2010 -0.436241
1814 1828 0.309557
1814 1815 1.466651
1815 2011 -0.077353
1815 1829 0.683287
1815 1816 -0.598828
1816 2012 -0.736130
1816 1830 -0.462963
1816 1817 -1.618256
1817 2013 -0.136045
1817 1831 -1.069054
1817 1818 -0.003802
1818 2014 2.850806
1818 1832 -0.632015
1818 1819 -0.830774
1819 2015 -0.772291
1819 1833 -1.322807
1820 2016 -1.547744
1820 1834 1.619581
1820 1821 -1.179796
1820 1833 1.054647
1821 2017 -1.151017
1821 1835 -0.011057
1821 1822 0.639710
1822 2018 -0.357188
1822 1836 -1.305267
1822 1823 0.599016
1823 2019 1.325132
1823 1837 0.370659
1823 1824 -1.616279
1824 2020 -1.191761
1824 1838 0.021982
1824 1825 0.704551
1825 2021 0.516150
1825 1839 -0.392546
1825 1826 -2.452661
1826 2022 0.102950
1826 1840 -0.597849
1826 1827 0.747367
1827 2023 -0.382261
1827 1841 2.120687
1827 1828 2.083817
1828 2024 0.024873
1828 1842 0.493132
1828 1829 -1.447604
1829 2025 0.223537
1829 1843 -0.447563
1829 1830 0.860939
1830 2026 -0.180056
1830 1844 -1.529461
1830 1831 -2.445829
1831 2027 0.323545
1831 1845 -0.503572
1831 1832 -0.875762
1832 2028 0.727103
1832 1846 1.151264
1832 1833 0.017382
1833 2029 0.113899
1833 1847 0.034930
1834 2030 -0.302563
1834 1848 1.850645
1834 1835 -0.181376
1834 1847 0.314985
1835 2031 0.056342
1835 1849 0.697354
1835 1836 0.850695
1836 2032 -0.238580
1836 1850 -1.094383
1836 1837 -0.259239
1837 2033 -1.768154
1837 1851 0.165627
1837 1838 0.417622
1838 2034 0.202050
1838 1852 -0.409391
1838 1839 -0.835716
1839 2035 -0.479831
1839 1853 0.643957
1839 1840 -0.527697
1840 2036 -0.515456
1840 1854 -0.831131
1840 1841 -1.653063
1841 2037 -1.712466
1841 1855 -0.973615
1841 1842 -1.554734
1842 2038 -0.285178
1842 1856 -1.653942
1842 1843 0.210491
1843 2039 0.606684
1843 1857 -0.875117
1843 1844 -0.122809
1844 2040 1.300447
1844 1858 1.323060
1844 1845 -0.254838
1845 2041 -1.866672
1845 1859 1.679744
1845 1846 -0.424203
1846 2042 -0.745862
1846 1860 -0.119985
1846 1847 -1.078479
1847 2043 0.275332
1847 1861 -0.754561
1848 2044 1.037588
1848 1862 0.003449
1848 1849 2.764530
1848 1861 1.783437
1849 2045 0.137498
1849 1863 -0.458232
1849 1850 1.071778
1850 2046 -0.367021
1850 1864 0.050583
1850 1851 0.458809
1851 2047 1.569897
1851 1865 0.119495
1851 1852 1.147841
1852 2048 1.453547
1852 1866 1.265829
1852 1853 -0.421996
1853 2049 0.522900
1853 1867 -1.333312
1853 1854 1.274352
1854 2050 0.687907
1854 1868 0.118399
1854 1855 2.174596
1855 2051 -0.243261
1855 1869 -0.199810
1855 1856 0.783327
1856 2052 -1.401751
1856 1870 1.506247
1856 1857 0.366292
1857 2053 -0.709095
1857 1871 0.610357
1857 1858 0.852581
1858 2054 -0.443989
1858 1872 0.763166
1858 1859 0.391127
1859 2055 -0.469053
1859 1873 -1.875754
1859 1860 -0.320549
1860 2056 0.751005
1860 1874 0.487132
1860 1861 -0.378726
1861 2057 1.570299
1861 1875 0.661635
1862 2058 0.016067
1862 1876 -0.361707
1862 1863 0.277763
1862 1875 0.935333
1863 2059 -0.947746
1863 1877 -0.301451
1863 1864 -1.209446
1864 2060 -0.947928
1864 1878 -0.089432
1864 1865 -1.479587
1865 2061 3.202206
1865 1879 -0.456128
1865 1866 0.490350
1866 2062 0.100178
1866 1880 -0.651404
1866 1867 -1.357096
1867 2063 -0.966448
1867 1881 -0.225074
1867 1868 0.702103
1868 2064 -0.176794
1868 1882 0.607802
1868 1869 -0.065701
1869 2065 0.849320
1869 1883 0.377317
1869 1870 0.709744
1870 2066 0.377778
1870 1884 -1.918240
1870 1871 -1.619296
1871 2067 0.351973
1871 1885 0.436264
1871 1872 -0.646521
1872 2068 0.220237
1872 1886 -0.516201
1872 1873 1.063326
1873 2069 0.265130
1873 1887 0.538509
1873 1874 -1.828900
1874 2070 1.008475
1874 1888 -1.409699
1874 1875 -0.994355
1875 2071 0.611148
1875 1889 0.975912
1876 2072 -0.779750
1876 1890 0.143345
1876 1877 -1.760723
1876 1889 -0.782203
1877 2073 0.014103
1877 1891 -0.127252
1877 1878 1.576211
1878 2074 -2.570661
1878 1892 0.936075
1878 1879 -1.186282
1879 2075 -1.639264
1879 1893 -0.257001
1879 1880 0.098281
1880 2076 -0.671942
1880 1894 -0.134146
1880 1881 1.286610
1881 2077 -0.350272
1881 1895 0.706319
1881 1882 0.284960
1882 2078 0.209605
1882 1896 -0.306483
1882 1883 0.604865
1883 2079 1.279336
1883 1897 -0.178026
1883 1884 -0.554489
1884 2080 0.306037
1884 1898 -0.048816
1884 1885 -0.241579
1885 2081 -0.610391
1885 1899 1.562926
1885 1886 -0.673844
1886 2082 0.892527
1886 1900 -0.056350
1886 1887 -0.070487
1887 2083 1.761653
1887 1901 -0.189160
1887 1888 0.429026
1888 2084 -1.267883
1888 1902 2.434103
1888 1889 -0.386937
1889 2085 0.544233
1889 1903 -2.178694
1890 2086 1.043234
1890 1904 -0.548585
1890 1891 1.156566
1890 1903 -0.760133
1891 2087 -2.246009
1891 1905 0.445279
1891 1892 0.666118
1892 2088 1.392269
1892 1906 -1.919870
1892 1893 -1.237094
1893 2089 -1.455810
1893 1907 0.221897
1893 1894 1.592176
1894 2090 0.539561
1894 1908 0.970948
1894 1895 1.589673
1895 2091 0.294372
1895 1909 0.684779
1895 1896 -0.935844
1896 2092 -1.008034
1896 1910 0.774069
1896 1897 -0.110542
1897 2093 -0.846795
1897 1911 0.298614
1897 1898 0.114550
1898 2094 -0.581636
1898 1912 0.089263
1898 1899 1.403879
1899 2095 -1.707047
1899 1913 0.478187
1899 1900 1.413645
1900 2096 0.030274
1900 1914 -1.273385
1900 1901 0.497408
1901 2097 -1.012365
1901 1915 0.257577
1901 1902 -1.289027
1902 2098 0.102976
1902 1916 0.082031
1902 1903 -0.721122
1903 2099 -0.747434
1903 1917 0.613217
1904 2100 -0.051980
1904 1918 1.911917
1904 1905 -0.323312
1904 1917 1.732316
1905 2101 0.073618
1905 1919 -0.195759
1905 1906 0.826095
1906 2102 1.728805
1906 1920 -0.616070
1906 1907 -0.013010
1907 2103 0.623101
1907 1921 0.440585
1907 1908 -0.302696
1908 2104 0.110306
1908 1922 0.228978
1908 1909 0.979826
1909 2105 -0.140476
1909 1923 0.035745
1909 1910 0.363506
1910 2106 -0.877772
1910 1924 -0.604092
1910 1911 0.720376
1911 2107 -0.853392
1911 1925 1.901941
1911 1912 0.502584
1912 2108 -0.296859
1912 1926 0.135972
1912 1913 0.836370
1913 2109 -0.757965
1913 1927 0.579450
1913 1914 -0.519661
1914 2110 0.240111
1914 1928 0.744790
1914 1915 0.064718
1915 2111 0.178642
1915 1929 0.318238
1915 1916 -0.719505
1916 2112 -1.690571
1916 1930 0.178736
1916 1917 1.255495
1917 2113 -1.088447
1917 1931 -1.129281
1918 2114 -2.350164
1918 1932 -0.557078
1918 1919 -0.078416
1918 1931 0.541832
1919 2115 0.441029
1919 1933 1.079677
1919 1920 0.138793
1920 2116 0.946712
1920 1934 -1.758293
1920 1921 -0.386462
1921 2117 0.714706
1921 1935 -0.034091
1921 1922 0.195086
1922 2118 -0.641816
1922 1936 1.190604
1922 1923 0.387387
1923 2119 -1.023532
1923 1937 0.423962
1923 1924 -1.698546
1924 2120 -0.100075
1924 1938 1.837377
1924 1925 -0.280196
1925 2121 0.871022
1925 1939 1.080039
1925 1926 -0.806970
1926 2122 0.706620
1926 1940 0.134591
1926 1927 -0.010386
1927 2123 -1.349470
1927 1941 1.129280
1927 1928 -0.935231
1928 2124 -0.552233
1928 1942 -1.385497
1928 1929 1.129274
1929 2125 -0.997485
1929 1943 0.094177
1929 1930 -0.107108
1930 2126 0.357582
1930 1944 1.123234
1930 1931 -1.511728
1931 2127 0.581560
1931 1945 0.759062
1932 2128 0.867028
1932 1946 -0.086544
1932 1933 -0.232674
1932 1945 -1.179518
1933 2129 0.857317
1933 1947 0.217918
1933 1934 0.158742
1934 2130 0.528024
1934 1948 -0.116932
1934 1935 0.683004
1935 2131 0.696295
1935 1949 -1.256071
1935 1936 -0.040935
1936 2132 -0.285631
1936 1950 -0.868980
1936 1937 0.862946
1937 2133 0.037972
1937 1951 -0.260764
1937 1938 -0.709178
1938 2134 -0.842898
1938 1952 0.889229
1938 1939 -0.627253
1939 2135 0.382658
1939 1953 0.623852
1939 1940 -1.392140
1940 2136 0.678740
1940 1954 0.074855
1940 1941 -0.541621
1941 2137 -0.014230
1941 1955 -1.074610
1941 1942 -0.457246
1942 2138 0.115760
1942 1956 -0.267464
1942 1943 -0.252813
1943 2139 -1.052894
1943 1957 1.343087
1943 1944 -0.864375
1944 2140 -2.102786
1944 1958 0.447494
1944 1945 0.861447
1945 2141 0.039067
1945 1959 -0.787464
1946 2142 -0.781469
1946 1947 0.624146
1946 1959 -0.137940
1947 2143 0.044355
1947 1948 -0.565039
1948 2144 -0.124699
1948 1949 1.744449
1949 2145 -0.487559
1949 1950 -0.383461
1950 2146 -1.291242
1950 1951 1.872292
1951 2147 -0.010606
1951 1952 -2.071153
1952 2148 -1.145703
1952 1953 1.259639
1953 2149 0.272418
1953 1954 1.145388
1954 2150 1.232747
1954 1955 0.354525
1955 2151 0.137465
1955 1956 -0.261967
1956 2152 -0.653967
1956 1957 0.312317
1957 2153 1.482074
1957 1958 -0.034766
1958 2154 0.603497
1958 1959 0.693038
1959 2155 -0.755666
1960 2156 -0.464747
1960 1974 0.227757
1960 2142 -0.950140
1960 1961 -0.905911
1960 1973 -0.933630
1961 2157 0.228895
1961 1975 1.987685
1961 2143 0.365691
1961 1962 -0.053733
1962 2158 -0.840899
1962 1976 -1.821804
1962 2144 -0.392211
1962 1963 -1.899986
1963 2159 -1.039359
1963 1977 0.476702
1963 2145 0.748681
1963 1964 1.753853
1964 2160 0.253102
1964 1978 -1.726929
1964 2146 -0.489471
1964 1965 0.929342
1965 2161 -0.417654
1965 1979 1.489187
1965 2147 -0.490668
1965 1966 -0.215652
1966 2162 -0.144887
1966 1980 1.472447
1966 2148 -0.269467
1966 1967 -0.346369
1967 2163 -1.337659
1967 1981 -1.491996
1967 2149 -0.393009
1967 1968 2.282197
1968 2164 0.054062
1968 1982 -1.353884
1968 2150 -0.726797
1968 1969 -1.719373
1969 2165 -0.180276
1969 1983 -1.412275
1969 2151 -0.815964
1969 1970 -0.211983
1970 2166 -1.171313
1970 1984 -1.089698
1970 2152 -1.546820
1970 1971 0.923570
1971 2167 0.038817
1971 1985 2.434370
1971 2153 0.830112
1971 1972 0.163877
1972 2168 -0.164036
1972 1986 1.850879
1972 2154 -1.216606
1972 1973 -0.615669
1973 2169 1.084689
1973 1987 0.315641
1973 2155 -0.390526
1974 2170 1.007979
1974 1988 -0.733389
1974 1975 0.271906
1974 1987 -0.431766
1975 2171 1.209040
1975 1989 -0.191616
1975 1976 -1.186954
1976 2172 0.878831
1976 1990 -2.784620
1976 1977 -0.729562
1977 2173 -0.796238
1977 1991 0.050045
1977 1978 0.335937
1978 2174 -1.683562
1978 1992 -0.732718
1978 1979 0.322851
1979 2175 -0.239880
1979 1993 -0.187040
1979 1980 1.412619
1980 2176 0.913597
1980 1994 0.660780
1980 1981 0.329158
1981 2177 1.006277
1981 1995 -0.979731
1981 1982 0.379050
1982 2178 -0.426717
1982 1996 -1.899160
1982 1983 -0.746948
1983 2179 -2.452679
1983 1997 0.544639
1983 1984 -0.025307
1984 2180 -1.113769
1984 1998 1.746359
1984 1985 -2.056701
1985 2181 -0.073372
1985 1999 0.000718
1985 1986 -1.867343
1986 2182 1.200698
1986 2000 -0.284783
1986 1987 0.389132
1987 2183 -0.029796
1987 2001 -1.395030
1988 2184 0.905180
1988 2002 -0.484230
1988 1989 -0.026825
1988 2001 -1.018121
1989 2185 -1.345219
1989 2003 0.623212
1989 1990 0.688225
1990 2186 1.407231
1990 2004 -0.414604
1990 1991 -0.030242
1991 2187 0.161056
1991 2005 0.894320
1991 1992 1.870062
1992 2188 -1.189855
1992 2006 0.857861
1992 1993 0.473487
1993 2189 -0.054246
1993 2007 0.044853
1993 1994 -1.485849
1994 2190 -3.049543
1994 2008 -0.524430
1994 1995 2.178729
1995 2191 0.148537
1995 2009 -0.372009
1995 1996 0.471897
1996 2192 -0.303964
1996 2010 -1.625380
1996 1997 1.001288
1997 2193 -2.403417
1997 2011 -0.455119
1997 1998 1.321916
1998 2194 -1.909648
1998 2012 -0.209267
1998 1999 0.562444
1999 2195 1.214635
1999 2013 -0.181255
1999 2000 -0.279599
2000 2196 0.540531
2000 2014 -0.560624
2000 2001 0.927511
2001 2197 0.135440
2001 2015 -0.531829
2002 2198 1.036335
2002 2016 -0.261676
2002 2003 -1.556399
2002 2015 0.746388
2003 2199 0.711428
2003 2017 -1.179697
2003 2004 1.077272
2004 2200 -0.228070
2004 2018 0.924560
2004 2005 0.141256
2005 2201 0.469455
2005 2019 0.933441
2005 2006 0.159330
2006 2202 1.397370
2006 2020 -1.277841
2006 2007 0.345086
2007 2203 0.221236
2007 2021 -0.859116
2007 2008 0.208315
2008 2204 -0.175824
2008 2022 -1.260087
2008 2009 -1.119066
2009 2205 1.309266
2009 2023 0.336235
2009 2010 0.833329
2010 2206 0.542408
2010 2024 -1.798264
2010 2011 1.138055
2011 2207 0.588826
2011 2025 0.708984
2011 2012 -0.780760
2012 2208 0.184839
2012 2026 -0.097580
2012 2013 1.738156
2013 2209 0.398375
2013 2027 -0.869668
2013 2014 0.534077
2014 2210 -0.234121
2014 2028 0.126123
2014 2015 -0.845742
2015 2211 -0.773414
2015 2029 -0.553713
2016 2212 -0.077865
2016 2030 -0.358564
2016 2017 -1.655832
2016 2029 2.161463
2017 2213 0.670269
2017 2031 0.897085
2017 2018 1.232476
2018 2214 0.477858
2018 2032 0.054129
2018 2019 0.592226
2019 2215 -0.997691
2019 2033 -1.314040
2019 2020 0.342179
2020 2216 -0.084441
2020 2034 -0.758697
2020 2021 -0.592299
2021 2217 0.362428
2021 2035 -1.200340
2021 2022 -1.578476
2022 2218 -0.591496
2022 2036 1.106417
2022 2023 0.855792
2023 2219 -0.542775
2023 2037 -1.058168
2023 2024 -1.109203
2024 2220 -1.001717
2024 2038 -1.485281
2024 2025 2.396590
2025 2221 -0.609264
2025 2039 0.452669
2025 2026 0.210306
2026 2222 -0.284419
2026 2040 -0.560557
2026 2027 -0.110630
2027 2223 0.438487
2027 2041 0.010277
2027 2028 -1.758188
2028 2224 0.404980
2028 2042 -0.071822
2028 2029 0.703158
2029 2225 0.020140
2029 2043 -0.207346
2030 2226 -1.508930
2030 2044 0.726666
2030 2031 1.266122
2030 2043 0.140448
2031 2227 0.005120
2031 2045 -1.029739
2031 2032 1.874467
2032 2228 -1.855776
2032 2046 -1.480357
2032 2033 -1.419180
2033 2229 0.719481
2033 2047 -0.329003
2033 2034 -0.716960
2034 2230 -1.612011
2034 2048 -0.198456
2034 2035 -1.316980
2035 2231 0.955967
2035 2049 1.674039
2035 2036 -1.142655
2036 2232 2.048223
2036 2050 -0.921259
2036 2037 0.123501
2037 2233 -0.283052
2037 2051 0.370743
2037 2038 -1.583408
2038 2234 0.488016
2038 2052 -0.140000
2038 2039 0.714571
2039 2235 0.224924
2039 2053 0.033661
2039 2040 -0.913174
2040 2236 1.125858
2040 2054 -0.227440
2040 2041 -1.695566
2041 2237 0.743733
2041 2055 0.118309
2041 2042 -1.445045
2042 2238 2.050048
2042 2056 1.603265
2042 2043 1.212247
2043 2239 2.584774
2043 2057 0.443624
2044 2240 0.069720
2044 2058 -0.000388
2044 2045 0.138185
2044 2057 -0.527910
2045 2241 0.410297
2045 2059 -1.989747
2045 2046 -0.506006
2046 2242 -0.870956
2046 2060 -1.486245
2046 2047 1.162342
2047 2243 0.698676
2047 2061 -0.396205
2047 2048 1.665818
2048 2244 -1.025614
2048 2062 1.211442
2048 2049 1.654415
2049 2245 -0.037220
2049 2063 2.782761
2049 2050 1.176598
2050 2246 -0.840304
2050 2064 -0.057288
2050 2051 0.592863
2051 2247 0.007198
2051 2065 0.371688
2051 2052 0.141291
2052 2248 -0.075008
2052 2066 0.187265
2052 2053 1.257223
2053 2249 -0.560618
2053 2067 -0.194662
2053 2054 1.081036
2054 2250 0.334728
2054 2068 -0.351550
2054 2055 2.052087
2055 2251 1.227231
2055 2069 -0.787017
2055 2056 -1.952932
2056 2252 0.352566
2056 2070 0.243141
2056 2057 0.268943
2057 2253 0.316268
2057 2071 0.279334
2058 2254 -0.183436
2058 2072 0.267109
2058 2059 0.008849
2058 2071 -0.495826
2059 2255 0.263907
2059 2073 -1.641382
2059 2060 1.156877
2060 2256 -0.559348
2060 2074 -1.429832
2060 2061 0.786182
2061 2257 -0.366219
2061 2075 0.463225
2061 2062 -0.840152
2062 2258 0.395343
2062 2076 -2.475461
2062 2063 0.246903
2063 2259 -2.464507
2063 2077 0.686587
2063 2064 -0.848428
2064 2260 -0.704831
2064 2078 -0.197665
2064 2065 -0.198980
2065 2261 -0.877146
2065 2079 0.111451
2065 2066 -0.679770
2066 2262 1.246312
2066 2080 1.200753
2066 2067 -0.419658
2067 2263 -1.601973
2067 2081 -0.981622
2067 2068 0.222707
2068 2264 0.758662
2068 2082 -0.865453
2068 2069 -0.241218
2069 2265 -0.115032
2069 2083 0.652523
2069 2070 -0.039449
2070 2266 -0.677598
2070 2084 1.642073
2070 2071 -1.089030
2071 2267 -0.091924
2071 2085 -0.594881
2072 2268 1.651796
2072 2086 0.415763
2072 2073 -0.664055
2072 2085 -1.883941
2073 2269 0.184409
2073 2087 -1.586976
2073 2074 1.160656
2074 2270 -1.400350
2074 2088 1.720697
2074 2075 -0.142703
2075 2271 -1.130105
2075 2089 -0.633022
2075 2076 -1.434835
2076 2272 -1.332203
2076 2090 -0.116944
2076 2077 0.663388
2077 2273 -0.541858
2077 2091 -0.042422
2077 2078 1.749129
2078 2274 1.982685
2078 2092 0.738342
2078 2079 -1.401679
2079 2275 1.289809
2079 2093 0.237623
2079 2080 1.031659
2080 2276 0.850264
2080 2094 -0.423244
2080 2081 -0.325341
2081 2277 0.257933
2081 2095 -1.020040
2081 2082 -1.700080
2082 2278 -2.345390
2082 2096 0.200819
2082 2083 0.835241
2083 2279 0.694993
2083 2097 0.317848
2083 2084 0.072244
2084 2280 0.326603
2084 2098 -2.173618
2084 2085 0.914781
2085 2281 -0.507947
2085 2099 -1.034548
2086 2282 1.026584
2086 2100 -0.005396
2086 2087 1.104165
2086 2099 -0.427895
2087 2283 -1.229647
2087 2101 0.779275
2087 2088 0.005104
2088 2284 -0.570803
2088 2102 -0.867989
2088 2089 0.559139
2089 2285 -0.819425
2089 2103 1.364053
2089 2090 -0.849896
2090 2286 -0.369797
2090 2104 -0.130651
2090 2091 0.519519
2091 2287 -0.177443
2091 2105 0.062769
2091 2092 1.070181
2092 2288 0.814889
2092 2106 1.316925
2092 2093 1.097973
2093 2289 -0.541156
2093 2107 1.102153
2093 2094 -1.800532
2094 2290 -0.624389
2094 2108 -0.354259
2094 2095 0.187720
2095 2291 1.479606
2095 2109 -1.100952
2095 2096 0.757584
2096 2292 0.637063
2096 2110 -0.854541
2096 2097 1.226979
2097 2293 0.638039
2097 2111 1.466381
2097 2098 -0.551004
2098 2294 -1.119614
2098 2112 0.858741
2098 2099 0.793756
2099 2295 0.993986
2099 2113 1.143019
2100 2296 -0.747419
2100 2114 0.127331
2100 2101 -0.406383
2100 2113 -2.255813
2101 2297 -1.281623
2101 2115 0.457236
2101 2102 0.508148
2102 2298 0.667915
2102 2116 -1.148561
2102 2103 0.643578
2103 2299 1.226233
2103 2117 0.232620
2103 2104 1.300114
2104 2300 1.955980
2104 2118 -1.148253
2104 2105 0.388002
2105 2301 2.526895
2105 2119 -1.348317
2105 2106 -0.422951
2106 2302 0.842826
2106 2120 -0.450685
2106 2107 0.397016
2107 2303 1.004478
2107 2121 1.767800
2107 2108 -1.995629
2108 2304 1.239093
2108 2122 0.446672
2108 2109 -0.350127
2109 2305 0.857146
2109 2123 -0.162577
2109 2110 -0.478580
2110 2306 0.206363
2110 2124 -0.072451
2110 2111 -0.329114
2111 2307 0.350845
2111 2125 0.783655
2111 2112 -0.343319
2112 2308 0.576326
2112 2126 0.069714
2112 2113 -1.955542
2113 2309 -0.493384
2113 2127 -0.566586
2114 2310 -1.114990
2114 2128 0.881993
2114 2115 2.251882
2114 2127 -0.543661
2115 2311 -0.183617
2115 2129 -1.016637
2115 2116 0.882999
2116 2312 2.545796
2116 2130 -0.368981
2116 2117 0.620597
2117 2313 -1.074378
2117 2131 1.594152
2117 2118 0.323103
2118 2314 -0.680041
2118 2132 -0.732845
2118 2119 0.537190
2119 2315 0.240759
2119 2133 0.771124
2119 2120 0.050992
2120 2316 -0.687174
2120 2134 -0.026909
2120 2121 0.106899
2121 2317 1.039392
2121 2135 -1.263484
2121 2122 -1.851916
2122 2318 -2.084545
2122 2136 0.502791
2122 2123 -2.183298
2123 2319 -0.234652
2123 2137 0.523612
2123 2124 1.216999
2124 2320 0.330114
2124 2138 0.948851
2124 2125 -0.649428
2125 2321 0.277302
2125 2139 0.191448
2125 2126 -2.556168
2126 2322 -1.210724
2126 2140 0.724391
2126 2127 -0.899360
2127 2323 -0.268274
2127 2141 0.697832
2128 2324 0.859879
2128 2142 0.817595
2128 2129 0.016853
2128 2141 -0.686946
2129 2325 0.700632
2129 2143 1.029840
2129 2130 0.343605
2130 2326 0.495149
2130 2144 1.278843
2130 2131 0.856517
2131 2327 0.136545
2131 2145 0.176583
2131 2132 2.325999
2132 2328 -0.036211
2132 2146 -0.683348
2132 2133 -0.115849
2133 2329 2.358118
2133 2147 0.817474
2133 2134 0.309261
2134 2330 -0.678111
2134 2148 -0.504044
2134 2135 -0.649000
2135 2331 -0.101561
2135 2149 0.582507
2135 2136 1.127364
2136 2332 -0.616772
2136 2150 -1.810403
2136 2137 -0.739083
2137 2333 -0.187241
2137 2151 -0.168558
2137 2138 1.753026
2138 2334 1.281385
2138 2152 -0.807174
2138 2139 2.482922
2139 2335 -1.391686
2139 2153 -0.083965
2139 2140 0.760485
2140 2336 0.882779
2140 2154 -1.149496
2140 2141 -0.192832
2141 2337 -1.071896
2141 2155 -0.354154
2142 2338 -1.025947
2142 2143 -2.698545
2142 2155 0.681549
2143 2339 0.756206
2143 2144 1.093351
2144 2340 0.510338
2144 2145 1.892956
2145 2341 -2.661070
2145 2146 -1.960038
2146 2342 0.141388
2146 2147 -0.861168
2147 2343 -0.637598
2147 2148 0.130380
2148 2344 -0.934625
2148 2149 -0.060447
2149 2345 -1.176044
2149 2150 -1.461422
2150 2346 0.502871
2150 2151 2.663020
2151 2347 -0.488339
2151 2152 -0.299055
2152 2348 -0.537892
2152 2153 -0.971539
2153 2349 -0.765627
2153 2154 0.349246
2154 2350 1.083009
2154 2155 -0.386395
2155 2351 0.801096
2156 2352 -0.878908
2156 2170 -0.466076
2156 2338 -0.786719
2156 2157 -0.846566
2156 2169 0.772009
2157 2353 1.778714
2157 2171 0.194537
2157 2339 0.169851
2157 2158 0.379098
2158 2354 -0.353914
2158 2172 0.413187
2158 2340 1.095637
2158 2159 0.765166
2159 2355 0.808543
2159 2173 -1.388792
2159 2341 0.042220
2159 2160 0.108099
2160 2356 -0.698885
2160 2174 -1.235831
2160 2342 0.377004
2160 2161 -1.058303
2161 2357 0.638732
2161 2175 0.999571
2161 2343 1.610569
2161 2162 -0.662942
2162 2358 -2.281893
2162 2176 0.208823
2162 2344 -0.788949
2162 2163 0.405063
2163 2359 -1.319679
2163 2177 1.673987
2163 2345 0.629575
2163 2164 -0.434307
2164 2360 -1.363644
2164 2178 -0.425679
2164 2346 0.719312
2164 2165 0.559769
2165 2361 -0.732229
2165 2179 1.663375
2165 2347 -0.677475
2165 2166 0.760246
2166 2362 0.984624
2166 2180 2.179812
2166 2348 -0.370325
2166 2167 0.454724
2167 2363 -0.020178
2167 2181 0.193963
2167 2349 -0.565371
2167 2168 -0.729147
2168 2364 0.033687
2168 2182 0.345912
2168 2350 -0.348533
2168 2169 -1.583531
2169 2365 1.940535
2169 2183 1.193426
2169 2351 -0.256360
2170 2366 -0.795766
2170 2184 -0.687253
2170 2171 -1.951881
2170 2183 -0.129567
2171 2367 -0.387398
2171 2185 0.060441
2171 2172 -0.564212
2172 2368 2.336497
2172 2186 0.402932
2172 2173 1.446875
2173 2369 0.214369
2173 2187 -0.416112
2173 2174 1.569816
2174 2370 1.220614
2174 2188 -0.181835
2174 2175 0.203572
2175 2371 -0.375403
2175 2189 0.868858
2175 2176 -0.266671
2176 2372 -0.505798
2176 2190 1.222441
2176 2177 -0.752967
2177 2373 1.152121
2177 2191 -1.202304
2177 2178 0.317805
2178 2374 -0.717365
2178 2192 1.214157
2178 2179 -1.439988
2179 2375 -0.323141
2179 2193 1.642044
2179 2180 2.244017
2180 2376 1.276607
2180 2194 -0.409436
2180 2181 -0.542385
2181 2377 -0.293084
2181 2195 -0.109691
2181 2182 -2.561976
2182 2378 0.854986
2182 2196 -0.153119
2182 2183 1.309584
2183 2379 -0.870977
2183 2197 1.213662
2184 2380 -0.970836
2184 2198 -2.073058
2184 2185 0.248820
2184 2197 -1.023526
2185 2381 -0.486813
2185 2199 0.584136
2185 2186 -0.590662
2186 2382 1.050786
2186 2200 0.589112
2186 2187 0.422837
2187 2383 0.304529
2187 2201 0.363140
2187 2188 0.197045
2188 2384 0.581400
2188 2202 1.041611
2188 2189 -0.275245
2189 2385 0.141408
2189 2203 -1.064933
2189 2190 -1.812333
2190 2386 0.097075
2190 2204 0.683948
2190 2191 0.185693
2191 2387 -1.274230
2191 2205 -1.435458
2191 2192 -0.339731
2192 2388 0.800103
2192 2206 1.574975
2192 2193 -0.919514
2193 2389 -0.813765
2193 2207 -2.610912
2193 2194 1.566036
2194 2390 1.025742
2194 2208 -0.541519
2194 2195 0.021543
2195 2391 -0.742185
2195 2209 1.058535
2195 2196 0.185809
2196 2392 -0.910337
2196 2210 -0.539486
2196 2197 0.369314
2197 2393 0.362123
2197 2211 -0.443576
2198 2394 -1.229953
2198 2212 0.405453
2198 2199 0.319032
2198 2211 1.606290
2199 2395 -0.577618
2199 2213 0.285743
2199 2200 0.041735
2200 2396 0.656631
2200 2214 -1.195674
2200 2201 1.318435
2201 2397 -0.289846
2201 2215 1.544034
2201 2202 -0.530174
2202 2398 0.399313
2202 2216 -1.154930
2202 2203 -0.057654
2203 2399 -1.606231
2203 2217 -1.114467
2203 2204 -1.555159
2204 2400 -0.099410
2204 2218 -1.215773
2204 2205 0.692102
2205 2401 -0.432670
2205 2219 -1.524438
2205 2206 1.520885
2206 2402 -2.119156
2206 2220 -0.629390
2206 2207 1.360607
2207 2403 0.327793
2207 2221 -1.205700
2207 2208 0.791244
2208 2404 1.635700
2208 2222 0.160040
2208 2209 -0.318896
2209 2405 -1.266656
2209 2223 -0.571860
2209 2210 -0.874441
2210 2406 1.131234
2210 2224 0.332615
2210 2211 0.324522
2211 2407 -0.683924
2211 2225 1.359497
2212 2408 1.651230
2212 2226 -1.219807
2212 2213 -0.312836
2212 2225 1.066190
2213 2409 -0.660475
2213 2227 -0.142305
2213 2214 1.047357
2214 2410 -1.220634
2214 2228 -0.433861
2214 2215 -1.661541
2215 2411 1.524475
2215 2229 0.017869
2215 2216 0.806800
2216 2412 -0.217674
2216 2230 0.784639
2216 2217 -0.861899
2217 2413 1.111390
2217 2231 -0.757299
2217 2218 0.386236
2218 2414 -0.501839
2218 2232 1.273563
2218 2219 1.043126
2219 2415 -0.357559
2219 2233 1.039735
2219 2220 -0.491698
2220 2416 0.586375
2220 2234 0.818051
2220 2221 -0.831659
2221 2417 0.378092
2221 2235 1.759919
2221 2222 -0.223364
2222 2418 0.235962
2222 2236 -0.266002
2222 2223 -0.648042
2223 2419 0.096393
2223 2237 1.690905
2223 2224 -0.030017
2224 2420 -0.284685
2224 2238 0.613295
2224 2225 0.306907
2225 2421 1.078477
2225 2239 -1.568249
2226 2422 0.773832
2226 2240 2.301987
2226 2227 0.402693
2226 2239 0.731535
2227 2423 -0.886708
2227 2241 0.077115
2227 2228 -0.902937
2228 2424 0.905424
2228 2242 -1.571248
2228 2229 0.051872
2229 2425 0.662189
2229 2243 -0.633751
2229 2230 -0.505356
2230 2426 0.110083
2230 2244 -1.372295
2230 2231 0.892911
2231 2427 -1.226836
2231 2245 0.462545
2231 2232 0.104026
2232 2428 -0.082523
2232 2246 2.756742
2232 2233 -1.488344
2233 2429 0.574191
2233 2247 0.361381
2233 2234 -0.418927
2234 2430 -1.160601
2234 2248 -0.218657
2234 2235 1.315901
2235 2431 -1.349199
2235 2249 0.898921
2235 2236 -0.696547
2236 2432 -0.887053
2236 2250 -0.440113
2236 2237 0.070633
2237 2433 1.390666
2237 2251 0.152812
2237 2238 0.279454
2238 2434 -0.769175
2238 2252 0.533356
2238 2239 1.472471
2239 2435 -0.375369
2239 2253 -0.622264
2240 2436 0.098557
2240 2254 -0.562966
2240 2241 0.267250
2240 2253 0.832690
2241 2437 -1.278105
2241 2255 0.268033
2241 2242 -0.097584
2242 2438 -0.688457
2242 2256 -0.928170
2242 2243 1.052163
2243 2439 1.112321
2243 2257 0.787853
2243 2244 -0.007288
2244 2440 0.334603
2244 2258 -0.251989
2244 2245 0.965065
2245 2441 -1.167736
2245 2259 -0.691540
2245 2246 -0.270489
2246 2442 0.441528
2246 2260 0.664780
2246 2247 -1.421121
2247 2443 -0.234947
2247 2261 2.044780
2247 2248 -0.796540
2248 2444 -1.470348
2248 2262 -0.895735
2248 2249 1.272925
2249 2445 -0.276310
2249 2263 0.757166
2249 2250 -0.671460
2250 2446 0.680948
2250 2264 -0.106091
2250 2251 -0.873644
2251 2447 -0.721973
2251 2265 -1.492203
2251 2252 0.027524
2252 2448 0.309668
2252 2266 0.464373
2252 2253 -1.180168
2253 2449 1.071523
2253 2267 0.840187
2254 2450 -0.517105
2254 2268 -1.481988
2254 2255 -0.733265
2254 2267 -0.508832
2255 2451 0.305628
2255 2269 0.182380
2255 2256 -0.617038
2256 2452 -1.927143
2256 2270 -0.150224
2256 2257 -0.087815
2257 2453 -0.791122
2257 2271 -0.923362
2257 2258 -1.260355
2258 2454 -0.131638
2258 2272 0.243137
2258 2259 0.649241
2259 2455 1.797685
2259 2273 1.444010
2259 2260 -0.506394
2260 2456 -0.658305
2260 2274 1.299261
2260 2261 0.945402
2261 2457 1.145155
2261 2275 0.603343
2261 2262 -0.138570
2262 2458 -0.860253
2262 2276 0.713448
2262 2263 0.996886
2263 2459 -1.597508
2263 2277 0.278086
2263 2264 2.054568
2264 2460 0.605362
2264 2278 1.364253
2264 2265 0.017067
2265 2461 1.071852
2265 2279 1.458313
2265 2266 1.120614
2266 2462 -0.215199
2266 2280 -0.569769
2266 2267 0.227597
2267 2463 -0.734907
2267 2281 -0.191711
2268 2464 1.408478
2268 2282 0.238857
2268 2269 1.118931
2268 2281 -1.564425
2269 2465 0.575494
2269 2283 -1.110273
2269 2270 0.159331
2270 2466 -1.023708
2270 2284 -0.232960
2270 2271 1.724719
2271 2467 0.089453
2271 2285 -0.945669
2271 2272 0.196230
2272 2468 -1.834666
2272 2286 -1.838293
2272 2273 1.945915
2273 2469 -1.396992
2273 2287 -0.536352
2273 2274 -1.653254
2274 2470 -0.152445
2274 2288 1.488043
2274 2275 -0.324430
2275 2471 1.081634
2275 2289 0.872917
2275 2276 -0.848178
2276 2472 -0.006928
2276 2290 0.696231
2276 2277 0.450881
2277 2473 0.795908
2277 2291 1.587170
2277 2278 -0.054491
2278 2474 0.254273
2278 2292 -0.960285
2278 2279 1.500111
2279 2475 0.258388
2279 2293 1.204463
2279 2280 -0.040013
2280 2476 -0.531683
2280 2294 -1.598485
2280 2281 -1.425095
2281 2477 -1.261500
2281 2295 -0.133555
2282 2478 -1.440838
2282 2296 1.447178
2282 2283 1.080299
2282 2295 1.556498
2283 2479 -0.058747
2283 2297 0.170449
2283 2284 2.687609
2284 2480 -2.129663
2284 2298 0.160941
2284 2285 0.617669
2285 2481 0.095987
2285 2299 -1.267577
2285 2286 0.289673
2286 2482 0.468431
2286 2300 -1.671992
2286 2287 -0.999710
2287 2483 0.632800
2287 2301 -0.291874
2287 2288 -0.702021
2288 2484 -0.992634
2288 2302 -1.065839
2288 2289 -0.056585
2289 2485 0.568706
2289 2303 0.400820
2289 2290 -0.876475
2290 2486 1.128040
2290 2304 1.260501
2290 2291 -0.511488
2291 2487 1.535162
2291 2305 0.117158
2291 2292 -0.704299
2292 2488 -0.321586
2292 2306 1.278635
2292 2293 -0.051191
2293 2489 0.346484
2293 2307 0.550839
2293 2294 0.542521
2294 2490 0.422078
2294 2308 0.110190
2294 2295 -0.438981
2295 2491 0.431451
2295 2309 0.241831
2296 2492 -0.604108
2296 2310 0.186872
2296 2297 -0.472815
2296 2309 -0.274925
2297 2493 -1.943637
2297 2311 -1.655245
2297 2298 0.199410
2298 2494 0.174868
2298 2312 0.198268
2298 2299 0.116282
2299 2495 0.455595
2299 2313 -0.369986
2299 2300 0.822538
2300 2496 0.052175
2300 2314 0.607146
2300 2301 0.599118
2301 2497 1.270141
2301 2315 -0.725346
2301 2302 -1.382976
2302 2498 -0.243636
2302 2316 0.002643
2302 2303 -0.385128
2303 2499 1.145387
2303 2317 -0.485097
2303 2304 0.408781
2304 2500 -1.276207
2304 2318 -1.136505
2304 2305 0.063709
2305 2501 -0.367253
2305 2319 0.828744
2305 2306 0.327328
2306 2502 -0.340609
2306 2320 -0.079550
2306 2307 -0.070950
2307 2503 -0.657019
2307 2321 -0.289612
2307 2308 1.132289
2308 2504 0.187323
2308 2322 0.114037
2308 2309 1.578923
2309 2505 0.050617
2309 2323 -2.234305
2310 2506 0.693345
2310 2324 -0.058829
2310 2311 -1.737590
2310 2323 -1.656759
2311 2507 0.367583
2311 2325 0.939616
2311 2312 0.105961
2312 2508 0.719937
2312 2326 -1.062695
2312 2313 0.822958
2313 2509 1.684196
2313 2327 -0.601732
2313 2314 0.788454
2314 2510 0.934825
2314 2328 0.837388
2314 2315 -1.776259
2315 2511 -0.625591
2315 2329 0.214225
2315 2316 -1.178336
2316 2512 0.382831
2316 2330 0.096293
2316 2317 0.363188
2317 2513 -0.396022
2317 2331 -0.220910
2317 2318 1.162656
2318 2514 0.715794
2318 2332 -1.661958
2318 2319 -0.833930
2319 2515 -0.614147
2319 2333 -0.810484
2319 2320 -0.107838
2320 2516 1.217505
2320 2334 1.042891
2320 2321 0.455469
2321 2517 2.182776
2321 2335 1.334593
2321 2322 0.820965
2322 2518 -1.971635
2322 2336 -0.335825
2322 2323 -0.256659
2323 2519 -0.837560
2323 2337 0.014679
2324 2520 -1.082868
2324 2338 -0.944676
2324 2325 -0.159581
2324 2337 -1.751446
2325 2521 -0.192604
2325 2339 0.145280
2325 2326 -0.282310
2326 2522 1.340501
2326 2340 0.315495
2326 2327 1.416859
2327 2523 0.640235
2327 2341 -0.164025
2327 2328 -1.523404
2328 2524 0.689549
2328 2342 -0.433938
2328 2329 1.708656
2329 2525 0.011621
2329 2343 -0.816948
2329 2330 -0.719627
2330 2526 0.892416
2330 2344 -0.463422
2330 2331 1.130868
2331 2527 -0.344637
2331 2345 0.789645
2331 2332 -1.757097
2332 2528 0.198256
2332 2346 0.905614
2332 2333 -0.649534
2333 2529 1.689945
2333 2347 -0.386851
2333 2334 0.189234
2334 2530 -2.672052
2334 2348 0.017841
2334 2335 -0.261001
2335 2531 -1.470606
2335 2349 -0.133125
2335 2336 1.693592
2336 2532 0.015534
2336 2350 -0.921629
2336 2337 0.981389
2337 2533 0.193022
2337 2351 0.429752
2338 2534 -0.695668
2338 2339 -1.232438
2338 2351 -0.068701
2339 2535 -0.303459
2339 2340 1.156884
2340 2536 -1.329236
2340 2341 1.098711
2341 2537 0.513309
2341 2342 1.216258
2342 2538 -1.499639
2342 2343 1.474839
2343 2539 0.194767
2343 2344 0.216391
2344 2540 -0.838045
2344 2345 0.283813
2345 2541 1.309455
2345 2346 0.210418
2346 2542 -1.865337
2346 2347 1.025271
2347 2543 0.668514
2347 2348 0.132255
2348 2544 -0.125690
2348 2349 0.006451
2349 2545 0.562358
2349 2350 -0.101863
2350 2546 -0.343794
2350 2351 -0.424379
2351 2547 0.739232
2352 2548 -0.552260
2352 2366 -0.415432
2352 2534 -0.513488
2352 2353 0.211637
2352 2365 -0.532947
2353 2549 -1.322653
2353 2367 1.167634
2353 2535 0.748278
2353 2354 0.667549
2354 2550 0.371690
2354 2368 -0.204302
2354 2536 -0.320049
2354 2355 -0.622530
2355 2551 0.884645
2355 2369 -0.747399
2355 2537 1.052521
2355 2356 -0.753599
2356 2552 0.240888
2356 2370 -0.360339
2356 2538 -1.049134
2356 2357 0.299209
2357 2553 -0.897842
2357 2371 -0.660733
2357 2539 1.283914
2357 2358 0.817804
2358 2554 0.596834
2358 2372 1.140503
2358 2540 0.922246
2358 2359 0.241543
2359 2555 -0.400904
2359 2373 -0.083935
2359 2541 -1.320887
2359 2360 -1.255815
2360 2556 1.119043
2360 2374 -0.259241
2360 2542 0.186619
2360 2361 0.596084
2361 2557 -0.719448
2361 2375 0.012962
2361 2543 0.152031
2361 2362 0.538416
2362 2558 -0.209333
2362 2376 1.038144
2362 2544 -0.847623
2362 2363 1.493732
2363 2559 -0.232416
2363 2377 -0.920477
2363 2545 0.291256
2363 2364 -2.148528
2364 2560 0.145832
2364 2378 -1.407415
2364 2546 -0.864631
2364 2365 2.513287
2365 2561 -0.522912
2365 2379 0.248694
2365 2547 -0.283566
2366 2562 1.409997
2366 2380 1.637727
2366 2367 -0.607738
2366 2379 -0.459957
2367 2563 -0.513688
2367 2381 2.610071
2367 2368 -0.854461
2368 2564 0.760934
2368 2382 -2.026167
2368 2369 -0.900273
2369 2565 0.105724
2369 2383 -0.980331
2369 2370 -0.222620
2370 2566 -0.259933
2370 2384 -1.438347
2370 2371 -0.624149
2371 2567 -1.462697
2371 2385 0.081922
2371 2372 -1.149839
2372 2568 -0.271420
2372 2386 -0.271513
2372 2373 0.575023
2373 2569 0.105605
2373 2387 -0.202954
2373 2374 -0.155563
2374 2570 -1.415257
2374 2388 2.422132
2374 2375 0.899105
2375 2571 1.608641
2375 2389 -0.308345
2375 2376 -2.487573
2376 2572 0.126127
2376 2390 0.496046
2376 2377 -0.631040
2377 2573 1.334337
2377 2391 -0.806112
2377 2378 0.008727
2378 2574 -0.546873
2378 2392 0.788327
2378 2379 1.295196
2379 2575 0.564791
2379 2393 -1.416630
2380 2576 0.596457
2380 2394 -0.244173
2380 2381 -0.585457
2380 2393 0.866315
2381 2577 -1.271602
2381 2395 -0.966360
2381 2382 -1.231199
2382 2578 -1.707524
2382 2396 0.335829
2382 2383 -1.499613
2383 2579 1.724730
2383 2397 0.087862
2383 2384 1.898372
2384 2580 0.155978
2384 2398 -0.974714
2384 2385 0.302496
2385 2581 -0.194082
2385 2399 -0.523663
2385 2386 0.493949
2386 2582 -0.700573
2386 2400 -0.196688
2386 2387 0.151946
2387 2583 2.184936
2387 2401 -0.995156
2387 2388 0.136726
2388 2584 -0.867443
2388 2402 0.118360
2388 2389 -1.340583
2389 2585 0.740805
2389 2403 0.093860
2389 2390 -0.091414
2390 2586 -0.158091
2390 2404 1.333732
2390 2391 -0.227767
2391 2587 0.404066
2391 2405 -0.328229
2391 2392 -0.266453
2392 2588 0.461143
2392 2406 -0.541596
2392 2393 1.239897
2393 2589 0.105046
2393 2407 1.432290
2394 2590 -0.267183
2394 2408 0.329017
2394 2395 1.900359
2394 2407 -1.684769
2395 2591 0.851061
2395 2409 -0.112442
2395 2396 0.081527
2396 2592 -1.791586
2396 2410 0.112341
2396 2397 1.247931
2397 2593 1.632772
2397 2411 0.099737
2397 2398 -0.240211
2398 2594 -0.801309
2398 2412 -1.418771
2398 2399 -1.165865
2399 2595 -0.678479
2399 2413 1.661270
2399 2400 0.216765
2400 2596 -0.166224
2400 2414 -0.814510
2400 2401 -0.250362
2401 2597 0.713082
2401 2415 -0.166547
2401 2402 -1.602974
2402 2598 -0.597328
2402 2416 -1.003736
2402 2403 0.992969
2403 2599 -1.111195
2403 2417 0.083909
2403 2404 0.172623
2404 2600 1.446256
2404 2418 1.391355
2404 2405 -0.551463
2405 2601 0.098726
2405 2419 -0.368773
2405 2406 -0.490018
2406 2602 1.972898
2406 2420 1.445736
2406 2407 0.658548
2407 2603 0.929030
2407 2421 0.135243
2408 2604 0.180036
2408 2422 0.415501
2408 2409 -0.848921
2408 2421 2.966041
2409 2605 1.875153
2409 2423 0.462126
2409 2410 -0.322081
2410 2606 1.653638
2410 2424 0.341143
2410 2411 -1.287031
2411 2607 0.099674
2411 2425 1.296199
2411 2412 0.224777
2412 2608 -1.486047
2412 2426 1.310030
2412 2413 0.422319
2413 2609 -2.108108
2413 2427 -0.948720
2413 2414 -2.740032
2414 2610 1.238865
2414 2428 2.110881
2414 2415 -1.910223
2415 2611 -2.216513
2415 2429 0.594404
2415 2416 -0.795134
2416 2612 -0.989681
2416 2430 -1.592909
2416 2417 0.493823
2417 2613 -1.595969
2417 2431 -0.876374
2417 2418 -0.034958
2418 2614 0.708663
2418 2432 -0.347485
2418 2419 0.019901
2419 2615 -1.008614
2419 2433 1.158469
2419 2420 -1.104121
2420 2616 1.222709
2420 2434 2.045499
2420 2421 0.799613
2421 2617 -0.246872
2421 2435 -1.135718
2422 2618 0.216610
2422 2436 2.846703
2422 2423 -0.527868
2422 2435 0.003881
2423 2619 -1.412995
2423 2437 -0.545038
2423 2424 0.796625
2424 2620 0.993017
2424 2438 -1.442914
2424 2425 -0.179947
2425 2621 0.713438
2425 2439 1.598862
2425 2426 0.921816
2426 2622 0.752075
2426 2440 0.450414
2426 2427 -2.327153
2427 2623 0.710011
2427 2441 1.052901
2427 2428 0.815568
2428 2624 0.094309
2428 2442 0.859793
2428 2429 -0.559445
2429 2625 1.205493
2429 2443 -0.032995
2429 2430 -1.308250
2430 2626 -1.514886
2430 2444 -0.581556
2430 2431 -1.423001
2431 2627 -0.491083
2431 2445 -0.257172
2431 2432 0.179299
2432 2628 -0.886311
2432 2446 0.025539
2432 2433 1.113333
2433 2629 -1.222051
2433 2447 0.092086
2433 2434 0.063175
2434 2630 -0.162605
2434 2448 1.366939
2434 2435 1.086662
2435 2631 0.520750
2435 2449 0.867686
2436 2632 -0.218202
2436 2450 0.017941
2436 2437 -0.537420
2436 2449 0.846814
2437 2633 -0.214424
2437 2451 -0.056434
2437 2438 -0.750150
2438 2634 0.130184
2438 2452 2.038686
2438 2439 -0.222400
2439 2635 -0.736937
2439 2453 0.253625
2439 2440 -0.942278
2440 2636 -1.715545
2440 2454 -1.164256
2440 2441 0.427079
2441 2637 -0.322883
2441 2455 0.918207
2441 2442 -1.624200
2442 2638 0.628820
2442 2456 0.703694
2442 2443 2.014067
2443 2639 0.173718
2443 2457 -0.179564
2443 2444 -0.274322
2444 2640 0.278114
2444 2458 0.252515
2444 2445 0.336635
2445 2641 -0.398029
2445 2459 -0.245372
2445 2446 1.468139
2446 2642 -1.943298
2446 2460 -0.871852
2446 2447 0.554451
2447 2643 0.987454
2447 2461 0.992221
2447 2448 0.576535
2448 2644 -0.211630
2448 2462 -0.614564
2448 2449 -0.216655
2449 2645 0.722306
2449 2463 -0.155408
2450 2646 -0.115432
2450 2464 -2.305955
2450 2451 -0.763691
2450 2463 0.746600
2451 2647 -1.508446
2451 2465 -0.650645
2451 2452 0.831541
2452 2648 -0.795425
2452 2466 -0.825105
2452 2453 -0.176190
2453 2649 1.666840
2453 2467 -0.897102
2453 2454 -1.670616
2454 2650 -0.646865
2454 2468 1.197424
2454 2455 -0.082341
2455 2651 -0.276854
2455 2469 0.923325
2455 2456 0.442722
2456 2652 -0.657029
2456 2470 -1.172748
2456 2457 1.126507
2457 2653 0.824796
2457 2471 -1.165229
2457 2458 0.187278
2458 2654 1.414753
2458 2472 1.213990
2458 2459 -0.351463
2459 2655 -1.270158
2459 2473 0.035547
2459 2460 0.794295
2460 2656 -0.010308
2460 2474 -0.114280
2460 2461 1.711978
2461 2657 0.167009
2461 2475 -0.829809
2461 2462 -0.282089
2462 2658 -1.153465
2462 2476 0.837342
2462 2463 0.498318
2463 2659 1.113385
2463 2477 0.532339
2464 2660 -1.007137
2464 2478 1.698438
2464 2465 -0.805679
2464 2477 1.518490
2465 2661 0.361815
2465 2479 0.203258
2465 2466 1.045942
2466 2662 -0.913994
2466 2480 1.486269
2466 2467 0.675303
2467 2663 -0.495059
2467 2481 0.214060
2467 2468 -1.106508
2468 2664 -0.243254
2468 2482 1.495659
2468 2469 1.871882
2469 2665 -1.364822
2469 2483 -1.250641
2469 2470 -0.092442
2470 2666 -0.445720
2470 2484 -0.922804
2470 2471 0.522423
2471 2667 0.376204
2471 2485 0.523756
2471 2472 0.160676
2472 2668 -1.747856
2472 2486 0.088426
2472 2473 -0.895263
2473 2669 0.921524
2473 2487 0.205377
2473 2474 0.081294
2474 2670 0.786842
2474 2488 -1.242395
2474 2475 0.003292
2475 2671 0.940179
2475 2489 0.411049
2475 2476 -2.132322
2476 2672 -2.041403
2476 2490 -0.156501
2476 2477 1.730058
2477 2673 0.279536
2477 2491 -0.492651
2478 2674 -0.484754
2478 2492 -0.973380
2478 2479 1.490253
2478 2491 -0.236728
2479 2675 0.606749
2479 2493 0.052158
2479 2480 -0.746731
2480 2676 -0.319723
2480 2494 -0.721762
2480 2481 1.052626
2481 2677 0.064908
2481 2495 -0.668887
2481 2482 1.391587
2482 2678 0.686874
2482 2496 -2.219666
2482 2483 -0.181534
2483 2679 0.473889
2483 2497 0.919761
2483 2484 1.051300
2484 2680 0.501858
2484 2498 -1.063430
2484 2485 -0.798795
2485 2681 0.277160
2485 2499 -0.680957
2485 2486 -1.014487
2486 2682 -1.049251
2486 2500 -0.070123
2486 2487 0.331145
2487 2683 0.178181
2487 2501 -0.073422
2487 2488 0.923179
2488 2684 -0.492782
2488 2502 -0.369099
2488 2489 -1.749479
2489 2685 -0.028025
2489 2503 1.040627
2489 2490 -1.706086
2490 2686 0.435339
2490 2504 -0.682188
2490 2491 -0.694666
2491 2687 -0.015076
2491 2505 -0.902655
2492 2688 -0.843492
2492 2506 1.721366
2492 2493 -0.467835
2492 2505 0.032103
2493 2689 -1.699937
2493 2507 0.960296
2493 2494 0.788336
2494 2690 0.204890
2494 2508 -0.552341
2494 2495 -0.327425
2495 2691 -0.331421
2495 2509 0.987948
2495 2496 -0.424727
2496 2692 1.683643
2496 2510 0.151169
2496 2497 -0.697872
2497 2693 -0.426280
2497 2511 -0.866157
2497 2498 -0.613502
2498 2694 0.169230
2498 2512 -0.938308
2498 2499 2.200129
2499 2695 0.469652
2499 2513 0.578350
2499 2500 -0.080048
2500 2696 2.330257
2500 2514 0.458469
2500 2501 0.081666
2501 2697 -1.812224
2501 2515 -0.143319
2501 2502 -1.191266
2502 2698 -0.420936
2502 2516 -0.738086
2502 2503 -2.097605
2503 2699 -0.417639
2503 2517 1.357297
2503 2504 1.642310
2504 2700 -2.400084
2504 2518 -0.347017
2504 2505 0.823813
2505 2701 -0.532136
2505 2519 -1.447890
2506 2702 1.558600
2506 2520 -0.769945
2506 2507 0.859175
2506 2519 -0.698018
2507 2703 -0.775395
2507 2521 0.131262
2507 2508 0.132792
2508 2704 -1.917385
2508 2522 1.341837
2508 2509 -0.367699
2509 2705 -1.073903
2509 2523 1.102585
2509 2510 -0.311104
2510 2706 0.869534
2510 2524 0.350557
2510 2511 0.269128
2511 2707 -1.925605
2511 2525 0.051189
2511 2512 0.040286
2512 2708 0.006181
2512 2526 -0.687257
2512 2513 0.327830
2513 2709 -1.645995
2513 2527 -0.060778
2513 2514 0.465367
2514 2710 -1.000003
2514 2528 0.024514
2514 2515 1.594538
2515 2711 -0.290518
2515 2529 -0.787640
2515 2516 1.022096
2516 2712 -1.134981
2516 2530 -2.181943
2516 2517 1.018719
2517 2713 0.760381
2517 2531 1.015424
2517 2518 0.102099
2518 2714 -0.157582
2518 2532 0.591812
2518 2519 0.582819
2519 2715 -1.796876
2519 2533 0.474040
2520 2716 -2.550679
2520 2534 0.081625
2520 2521 1.606991
2520 2533 1.276078
2521 2717 -0.122435
2521 2535 -0.027465
2521 2522 -0.149828
2522 2718 -0.708373
2522 2536 0.127434
2522 2523 -0.792507
2523 2719 -0.433637
2523 2537 0.937638
2523 2524 0.684545
2524 2720 -1.256281
2524 2538 -1.871782
2524 2525 1.539158
2525 2721 0.052196
2525 2539 -0.106649
2525 2526 0.928919
2526 2722 -1.477267
2526 2540 0.817163
2526 2527 -0.917422
2527 2723 -0.691813
2527 2541 1.228974
2527 2528 1.341213
2528 2724 0.169478
2528 2542 0.649070
2528 2529 0.277415
2529 2725 0.742304
2529 2543 1.832379
2529 2530 0.728589
2530 2726 -0.351943
2530 2544 -0.816584
2530 2531 -1.336130
2531 2727 0.963678
2531 2545 0.579532
2531 2532 -0.526256
2532 2728 1.424434
2532 2546 0.033363
2532 2533 -0.380309
2533 2729 0.364933
2533 2547 0.551329
2534 2730 -0.059325
2534 2535 0.011327
2534 2547 -0.428995
2535 2731 1.555156
2535 2536 0.519427
2536 2732 1.511718
2536 2537 0.915678
2537 2733 0.194237
2537 2538 1.122253
2538 2734 -0.523864
2538 2539 -0.139197
2539 2735 1.640585
2539 2540 0.154275
2540 2736 -0.563798
2540 2541 -0.763439
2541 2737 -0.575607
2541 2542 0.077502
2542 2738 -1.849399
2542 2543 0.405484
2543 2739 -0.064577
2543 2544 -1.780767
2544 2740 0.439644
2544 2545 -1.625993
2545 2741 0.440824
2545 2546 0.617082
2546 2742 -2.259356
2546 2547 -1.673819
2547 2743 0.354600
2548 2562 1.678701
2548 2730 -1.202683
2548 2549 0.155294
2548 2561 -1.541810
2549 2563 0.651391
2549 2731 -0.138038
2549 2550 0.093307
2550 2564 0.192818
2550 2732 2.843507
2550 2551 -0.892991
2551 2565 -0.367469
2551 2733 0.570248
2551 2552 0.380740
2552 2566 -1.079131
2552 2734 -0.747690
2552 2553 -1.526262
2553 2567 1.305625
2553 2735 -0.864486
2553 2554 -0.160204
2554 2568 0.152386
2554 2736 0.245182
2554 2555 1.253198
2555 2569 2.985233
2555 2737 -0.234882
2555 2556 -0.463885
2556 2570 0.015788
2556 2738 -0.616179
2556 2557 -0.280761
2557 2571 0.633894
2557 2739 -0.324576
2557 2558 0.392376
2558 2572 -1.354889
2558 2740 -0.959013
2558 2559 -1.228250
2559 2573 -0.207990
2559 2741 -0.473584
2559 2560 1.002098
2560 2574 -0.572130
2560 2742 -0.829494
2560 2561 -0.124968
2561 2575 -0.503469
2561 2743 0.694713
2562 2576 -0.347390
2562 2563 -1.392711
2562 2575 2.058458
2563 2577 -0.120165
2563 2564 -0.301018
2564 2578 0.125668
2564 2565 0.690951
2565 2579 -0.170797
2565 2566 -0.137994
2566 2580 -1.984976
2566 2567 0.692605
2567 2581 -0.735057
2567 2568 -1.102120
2568 2582 0.838399
2568 2569 -0.650427
2569 2583 -0.257964
2569 2570 -0.570998
2570 2584 0.559937
2570 2571 -0.242215
2571 2585 -0.680426
2571 2572 1.549727
2572 2586 -0.006038
2572 2573 1.917748
2573 2587 0.223153
2573 2574 0.859910
2574 2588 -0.007309
2574 2575 0.231282
2575 2589 0.333720
2576 2590 -0.686531
2576 2577 1.517070
2576 2589 -0.220303
2577 2591 -0.763270
2577 2578 0.217607
2578 2592 -0.673094
2578 2579 -0.137896
2579 2593 0.512700
2579 2580 -0.757001
2580 2594 -0.737347
2580 2581 -1.387058
2581 2595 -0.997008
2581 2582 -0.302166
2582 2596 0.738806
2582 2583 -1.355942
2583 2597 0.206577
2583 2584 -0.247426
2584 2598 1.017600
2584 2585 0.499242
2585 2599 2.191904
2585 2586 -0.670693
2586 2600 -0.734824
2586 2587 -0.249075
2587 2601 0.814439
2587 2588 0.859732
2588 2602 -2.026792
2588 2589 -0.400128
2589 2603 0.523705
2590 2604 1.172990
2590 2591 -0.279465
2590 2603 -0.224829
2591 2605 -0.725587
2591 2592 0.264286
2592 2606 0.776991
2592 2593 -1.053251
2593 2607 0.735851
2593 2594 -0.263499
2594 2608 -0.744149
2594 2595 -0.705185
2595 2609 -0.474400
2595 2596 -1.412287
2596 2610 -1.353633
2596 2597 -1.530276
2597 2611 1.096203
2597 2598 1.488791
2598 2612 -0.607459
2598 2599 -0.573661
2599 2613 0.224735
2599 2600 -0.380458
2600 2614 -0.416986
2600 2601 -0.661442
2601 2615 1.151042
2601 2602 0.789023
2602 2616 -0.617754
2602 2603 0.976841
2603 2617 0.164857
2604 2618 1.457531
2604 2605 -0.122541
2604 2617 3.403517
2605 2619 1.099200
2605 2606 1.457790
2606 2620 -0.113304
2606 2607 -0.274349
2607 2621 -0.928754
2607 2608 -0.197955
2608 2622 0.278166
2608 2609 0.834809
2609 2623 0.109599
2609 2610 1.307544
2610 2624 0.404362
2610 2611 0.464129
2611 2625 -1.468349
2611 2612 0.365933
2612 2626 -0.405918
2612 2613 0.604432
2613 2627 -0.819202
2613 2614 -0.234879
2614 2628 -1.116633
2614 2615 0.090015
2615 2629 -0.533513
2615 2616 0.188298
2616 2630 0.420027
2616 2617 0.126357
2617 2631 1.303990
2618 2632 -0.504638
2618 2619 -1.132468
2618 2631 0.303093
2619 2633 1.600987
2619 2620 -0.983736
2620 2634 0.148476
2620 2621 0.050966
2621 2635 0.420622
2621 2622 1.693610
2622 2636 0.435054
2622 2623 1.255485
2623 2637 -0.622606
2623 2624 -0.692720
2624 2638 -1.173623
2624 2625 -0.767103
2625 2639 -0.478846
2625 2626 0.587520
2626 2640 -2.289533
2626 2627 1.659203
2627 2641 0.937582
2627 2628 -1.084617
2628 2642 -1.274448
2628 2629 2.828730
2629 2643 -1.445103
2629 2630 0.480600
2630 2644 0.763199
2630 2631 -0.858921
2631 2645 1.796497
2632 2646 -0.302232
2632 2633 2.612170
2632 2645 0.120154
2633 2647 -0.231469
2633 2634 0.018747
2634 2648 0.633444
2634 2635 -0.701328
2635 2649 -0.833441
2635 2636 0.325605
2636 2650 0.648961
2636 2637 0.073877
2637 2651 -0.185393
2637 2638 -1.280877
2638 2652 -0.227071
2638 2639 0.518018
2639 2653 -2.106800
2639 2640 -0.567147
2640 2654 0.425316
2640 2641 -0.197002
2641 2655 -0.064821
2641 2642 -1.944107
2642 2656 0.951006
2642 2643 1.349756
2643 2657 -0.119162
2643 2644 -1.743671
2644 2658 -0.064830
2644 2645 0.039816
2645 2659 -1.820480
2646 2660 -0.650643
2646 2647 0.827561
2646 2659 -0.309748
2647 2661 0.210045
2647 2648 -0.086878
2648 2662 -0.245850
2648 2649 0.259192
2649 2663 0.085901
2649 2650 0.667010
2650 2664 -1.157129
2650 2651 -0.044861
2651 2665 0.079829
2651 2652 1.296107
2652 2666 -0.065680
2652 2653 0.763815
2653 2667 -0.809995
2653 2654 0.079135
2654 2668 -1.020228
2654 2655 0.643604
2655 2669 0.477559
2655 2656 1.392054
2656 2670 -0.339577
2656 2657 0.319459
2657 2671 -1.344452
2657 2658 -0.233970
2658 2672 -0.503463
2658 2659 -0.633747
2659 2673 -0.199025
2660 2674 -1.391027
2660 2661 -0.344984
2660 2673 -2.048159
2661 2675 -0.689820
2661 2662 -1.813043
2662 2676 -0.519704
2662 2663 1.517717
2663 2677 -0.456778
2663 2664 -1.093232
2664 2678 -0.898757
2664 2665 0.383408
2665 2679 0.040018
2665 2666 0.667003
2666 2680 1.129547
2666 2667 -0.630640
2667 2681 0.154055
2667 2668 0.009970
2668 2682 -1.154933
2668 2669 -0.909118
2669 2683 0.224670
2669 2670 0.716661
2670 2684 -0.697881
2670 2671 0.137826
2671 2685 0.951752
2671 2672 0.509950
2672 2686 -0.788371
2672 2673 1.195874
2673 2687 -1.785109
2674 2688 1.484073
2674 2675 0.210945
2674 2687 -0.822063
2675 2689 0.334571
2675 2676 -0.182250
2676 2690 1.291419
2676 2677 1.529166
2677 2691 0.418558
2677 2678 0.240286
2678 2692 0.431126
2678 2679 -2.870542
2679 2693 -0.630178
2679 2680 -0.117597
2680 2694 -2.824762
2680 2681 -0.329049
2681 2695 -0.238257
2681 2682 -0.227073
2682 2696 0.453843
2682 2683 -1.602602
2683 2697 0.138876
2683 2684 0.267868
2684 2698 2.114043
2684 2685 -0.843844
2685 2699 0.661049
2685 2686 -1.315669
2686 2700 -0.076234
2686 2687 1.242597
2687 2701 -0.005527
2688 2702 -0.180557
2688 2689 0.347659
2688 2701 1.012325
2689 2703 -0.602163
2689 2690 -0.599685
2690 2704 0.125853
2690 2691 1.329257
2691 2705 1.567229
2691 2692 0.299862
2692 2706 -0.900650
2692 2693 -0.370403
2693 2707 0.152899
2693 2694 1.234891
2694 2708 2.146105
2694 2695 0.008610
2695 2709 -2.348010
2695 2696 0.517159
2696 2710 0.070909
2696 2697 1.628274
2697 2711 -0.763600
2697 2698 -1.674549
2698 2712 -2.555566
2698 2699 0.780373
2699 2713 -0.139514
2699 2700 1.372885
2700 2714 0.856464
2700 2701 -0.495512
2701 2715 -1.862072
2702 2716 -2.637836
2702 2703 -1.097632
2702 2715 -0.313503
2703 2717 -0.646733
2703 2704 -1.033231
2704 2718 0.015440
2704 2705 0.544720
2705 2719 2.390784
2705 2706 0.494480
2706 2720 0.673101
2706 2707 -1.530776
2707 2721 1.386411
2707 2708 0.195471
2708 2722 0.727537
2708 2709 -1.946978
2709 2723 -0.590779
2709 2710 -1.442815
2710 2724 1.272390
2710 2711 -0.831287
2711 2725 -0.339303
2711 2712 -0.240600
2712 2726 -0.443996
2712 2713 1.379825
2713 2727 0.309998
2713 2714 1.413484
2714 2728 1.527440
2714 2715 -0.094537
2715 2729 -1.338102
2716 2730 -0.834191
2716 2717 -0.425729
2716 2729 1.078874
2717 2731 0.305861
2717 2718 -0.424851
2718 2732 0.627623
2718 2719 0.619530
2719 2733 0.609903
2719 2720 0.464038
2720 2734 -0.410724
2720 2721 0.062903
2721 2735 -0.340569
2721 2722 -0.256592
2722 2736 0.523176
2722 2723 -0.686520
2723 2737 -1.327843
2723 2724 0.291681
2724 2738 2.919689
2724 2725 -0.173668
2725 2739 1.174963
2725 2726 -1.905695
2726 2740 1.673862
2726 2727 -0.373966
2727 2741 0.020465
2727 2728 0.244880
2728 2742 0.043397
2728 2729 1.707669
2729 2743 0.070260
2730 2731 -0.255805
2730 2743 1.073531
2731 2732 -0.314641
2732 2733 1.272516
2733 2734 0.531825
2734 2735 0.808104
2735 2736 0.276670
2736 2737 -0.561170
2737 2738 0.125540
2738 2739 -0.603386
2739 2740 -0.947817
2740 2741 0.643359
2741 2742 -1.303263
2742 2743 1.563262
