# model=ea3d N=2744 meanJ=0 seed=2783014723 distribution=gaussian field=0 num_fields=2744 num_couplings=8232
0 0
1 0
2 0
3 0
4 0
5 0
6 0
7 0
8 0
9 0
10 0
11 0
12 0
13 0
14 0
15 0
16 0
17 0
18 0
19 0
20 0
21 0
22 0
23 0
24 0
25 0
26 0
27 0
28 0
29 0
30 0
31 0
32 0
33 0
34 0
35 0
36 0
37 0
38 0
39 0
40 0
41 0
42 0
43 0
44 0
45 0
46 0
47 0
48 0
49 0
50 0
51 0
52 0
53 0
54 0
55 0
56 0
57 0
58 0
59 0
60 0
61 0
62 0
63 0
64 0
65 0
66 0
67 0
68 0
69 0
70 0
71 0
72 0
73 0
74 0
75 0
76 0
77 0
78 0
79 0
80 0
81 0
82 0
83 0
84 0
85 0
86 0
87 0
88 0
89 0
90 0
91 0
92 0
93 0
94 0
95 0
96 0
97 0
98 0
99 0
100 0
101 0
102 0
103 0
104 0
105 0
106 0
107 0
108 0
109 0
110 0
111 0
112 0
113 0
114 0
115 0
116 0
117 0
118 0
119 0
120 0
121 0
122 0
123 0
124 0
125 0
126 0
127 0
128 0
129 0
130 0
131 0
132 0
133 0
134 0
135 0
136 0
137 0
138 0
139 0
140 0
141 0
142 0
143 0
144 0
145 0
146 0
147 0
148 0
149 0
150 0
151 0
152 0
153 0
154 0
155 0
156 0
157 0
158 0
159 0
160 0
161 0
162 0
163 0
164 0
165 0
166 0
167 0
168 0
169 0
170 0
171 0
172 0
173 0
174 0
175 0
176 0
177 0
178 0
179 0
180 0
181 0
182 0
183 0
184 0
185 0
186 0
187 0
188 0
189 0
190 0
191 0
192 0
193 0
194 0
195 0
196 0
197 0
198 0
199 0
200 0
201 0
202 0
203 0
204 0
205 0
206 0
207 0
208 0
209 0
210 0
211 0
212 0
213 0
214 0
215 0
216 0
217 0
218 0
219 0
220 0
221 0
222 0
223 0
224 0
225 0
226 0
227 0
228 0
229 0
230 0
231 0
232 0
233 0
234 0
235 0
236 0
237 0
238 0
239 0
240 0
241 0
242 0
243 0
244 0
245 0
246 0
247 0
248 0
249 0
250 0
251 0
252 0
253 0
254 0
255 0
256 0
257 0
258 0
259 0
260 0
261 0
262 0
263 0
264 0
265 0
266 0
267 0
268 0
269 0
270 0
271 0
272 0
273 0
274 0
275 0
276 0
277 0
278 0
279 0
280 0
281 0
282 0
283 0
284 0
285 0
286 0
287 0
288 0
289 0
290 0
291 0
292 0
293 0
294 0
295 0
296 0
297 0
298 0
299 0
300 0
301 0
302 0
303 0
304 0
305 0
306 0
307 0
308 0
309 0
310 0
311 0
312 0
313 0
314 0
315 0
316 0
317 0
318 0
319 0
320 0
321 0
322 0
323 0
324 0
325 0
326 0
327 0
328 0
329 0
330 0
331 0
332 0
333 0
334 0
335 0
336 0
337 0
338 0
339 0
340 0
341 0
342 0
343 0
344 0
345 0
346 0
347 0
348 0
349 0
350 0
351 0
352 0
353 0
354 0
355 0
356 0
357 0
358 0
359 0
360 0
361 0
362 0
363 0
364 0
365 0
366 0
367 0
368 0
369 0
370 0
371 0
372 0
373 0
374 0
375 0
376 0
377 0
378 0
379 0
380 0
381 0
382 0
383 0
384 0
385 0
386 0
387 0
388 0
389 0
390 0
391 0
392 0
393 0
394 0
395 0
396 0
397 0
398 0
399 0
400 0
401 0
402 0
403 0
404 0
405 0
406 0
407 0
408 0
409 0
410 0
411 0
412 0
413 0
414 0
415 0
416 0
417 0
418 0
419 0
420 0
421 0
422 0
423 0
424 0
425 0
426 0
427 0
428 0
429 0
430 0
431 0
432 0
433 0
434 0
435 0
436 0
437 0
438 0
439 0
440 0
441 0
442 0
443 0
444 0
445 0
446 0
447 0
448 0
449 0
450 0
451 0
452 0
453 0
454 0
455 0
456 0
457 0
458 0
459 0
460 0
461 0
462 0
463 0
464 0
465 0
466 0
467 0
468 0
469 0
470 0
471 0
472 0
473 0
474 0
475 0
476 0
477 0
478 0
479 0
480 0
481 0
482 0
483 0
484 0
485 0
486 0
487 0
488 0
489 0
490 0
491 0
492 0
493 0
494 0
495 0
496 0
497 0
498 0
499 0
500 0
501 0
502 0
503 0
504 0
505 0
506 0
507 0
508 0
509 0
510 0
511 0
512 0
513 0
514 0
515 0
516 0
517 0
518 0
519 0
520 0
521 0
522 0
523 0
524 0
525 0
526 0
527 0
528 0
529 0
530 0
531 0
532 0
533 0
534 0
535 0
536 0
537 0
538 0
539 0
540 0
541 0
542 0
543 0
544 0
545 0
546 0
547 0
548 0
549 0
550 0
551 0
552 0
553 0
554 0
555 0
556 0
557 0
558 0
559 0
560 0
561 0
562 0
563 0
564 0
565 0
566 0
567 0
568 0
569 0
570 0
571 0
572 0
573 0
574 0
575 0
576 0
577 0
578 0
579 0
580 0
581 0
582 0
583 0
584 0
585 0
586 0
587 0
588 0
589 0
590 0
591 0
592 0
593 0
594 0
595 0
596 0
597 0
598 0
599 0
600 0
601 0
602 0
603 0
604 0
605 0
606 0
607 0
608 0
609 0
610 0
611 0
612 0
613 0
614 0
615 0
616 0
617 0
618 0
619 0
620 0
621 0
622 0
623 0
624 0
625 0
626 0
627 0
628 0
629 0
630 0
631 0
632 0
633 0
634 0
635 0
636 0
637 0
638 0
639 0
640 0
641 0
642 0
643 0
644 0
645 0
646 0
647 0
648 0
649 0
650 0
651 0
652 0
653 0
654 0
655 0
656 0
657 0
658 0
659 0
660 0
661 0
662 0
663 0
664 0
665 0
666 0
667 0
668 0
669 0
670 0
671 0
672 0
673 0
674 0
675 0
676 0
677 0
678 0
679 0
680 0
681 0
682 0
683 0
684 0
685 0
686 0
687 0
688 0
689 0
690 0
691 0
692 0
693 0
694 0
695 0
696 0
697 0
698 0
699 0
700 0
701 0
702 0
703 0
704 0
705 0
706 0
707 0
708 0
709 0
710 0
711 0
712 0
713 0
714 0
715 0
716 0
717 0
718 0
719 0
720 0
721 0
722 0
723 0
724 0
725 0
726 0
727 0
728 0
729 0
730 0
731 0
732 0
733 0
734 0
735 0
736 0
737 0
738 0
739 0
740 0
741 0
742 0
743 0
744 0
745 0
746 0
747 0
748 0
749 0
750 0
751 0
752 0
753 0
754 0
755 0
756 0
757 0
758 0
759 0
760 0
761 0
762 0
763 0
764 0
765 0
766 0
767 0
768 0
769 0
770 0
771 0
772 0
773 0
774 0
775 0
776 0
777 0
778 0
779 0
780 0
781 0
782 0
783 0
784 0
785 0
786 0
787 0
788 0
789 0
790 0
791 0
792 0
793 0
794 0
795 0
796 0
797 0
798 0
799 0
800 0
801 0
802 0
803 0
804 0
805 0
806 0
807 0
808 0
809 0
810 0
811 0
812 0
813 0
814 0
815 0
816 0
817 0
818 0
819 0
820 0
821 0
822 0
823 0
824 0
825 0
826 0
827 0
828 0
829 0
830 0
831 0
832 0
833 0
834 0
835 0
836 0
837 0
838 0
839 0
840 0
841 0
842 0
843 0
844 0
845 0
846 0
847 0
848 0
849 0
850 0
851 0
852 0
853 0
854 0
855 0
856 0
857 0
858 0
859 0
860 0
861 0
862 0
863 0
864 0
865 0
866 0
867 0
868 0
869 0
870 0
871 0
872 0
873 0
874 0
875 0
876 0
877 0
878 0
879 0
880 0
881 0
882 0
883 0
884 0
885 0
886 0
887 0
888 0
889 0
890 0
891 0
892 0
893 0
894 0
895 0
896 0
897 0
898 0
899 0
900 0
901 0
902 0
903 0
904 0
905 0
906 0
907 0
908 0
909 0
910 0
911 0
912 0
913 0
914 0
915 0
916 0
917 0
918 0
919 0
920 0
921 0
922 0
923 0
924 0
925 0
926 0
927 0
928 0
929 0
930 0
931 0
932 0
933 0
934 0
935 0
936 0
937 0
938 0
939 0
940 0
941 0
942 0
943 0
944 0
945 0
946 0
947 0
948 0
949 0
950 0
951 0
952 0
953 0
954 0
955 0
956 0
957 0
958 0
959 0
960 0
961 0
962 0
963 0
964 0
965 0
966 0
967 0
968 0
969 0
970 0
971 0
972 0
973 0
974 0
975 0
976 0
977 0
978 0
979 0
980 0
981 0
982 0
983 0
984 0
985 0
986 0
987 0
988 0
989 0
990 0
991 0
992 0
993 0
994 0
995 0
996 0
997 0
998 0
999 0
1000 0
1001 0
1002 0
1003 0
1004 0
1005 0
1006 0
1007 0
1008 0
1009 0
1010 0
1011 0
1012 0
1013 0
1014 0
1015 0
1016 0
1017 0
1018 0
1019 0
1020 0
1021 0
1022 0
1023 0
1024 0
1025 0
1026 0
1027 0
1028 0
1029 0
1030 0
1031 0
1032 0
1033 0
1034 0
1035 0
1036 0
1037 0
1038 0
1039 0
1040 0
1041 0
1042 0
1043 0
1044 0
1045 0
1046 0
1047 0
1048 0
1049 0
1050 0
1051 0
1052 0
1053 0
1054 0
1055 0
1056 0
1057 0
1058 0
1059 0
1060 0
1061 0
1062 0
1063 0
1064 0
1065 0
1066 0
1067 0
1068 0
1069 0
1070 0
1071 0
1072 0
1073 0
1074 0
1075 0
1076 0
1077 0
1078 0
1079 0
1080 0
1081 0
1082 0
1083 0
1084 0
1085 0
1086 0
1087 0
1088 0
1089 0
1090 0
1091 0
1092 0
1093 0
1094 0
1095 0
1096 0
1097 0
1098 0
1099 0
1100 0
1101 0
1102 0
1103 0
1104 0
1105 0
1106 0
1107 0
1108 0
1109 0
1110 0
1111 0
1112 0
1113 0
1114 0
1115 0
1116 0
1117 0
1118 0
1119 0
1120 0
1121 0
1122 0
1123 0
1124 0
1125 0
1126 0
1127 0
1128 0
1129 0
1130 0
1131 0
1132 0
1133 0
1134 0
1135 0
1136 0
1137 0
1138 0
1139 0
1140 0
1141 0
1142 0
1143 0
1144 0
1145 0
1146 0
1147 0
1148 0
1149 0
1150 0
1151 0
1152 0
1153 0
1154 0
1155 0
1156 0
1157 0
1158 0
1159 0
1160 0
1161 0
1162 0
1163 0
1164 0
1165 0
1166 0
1167 0
1168 0
1169 0
1170 0
1171 0
1172 0
1173 0
1174 0
1175 0
1176 0
1177 0
1178 0
1179 0
1180 0
1181 0
1182 0
1183 0
1184 0
1185 0
1186 0
1187 0
1188 0
1189 0
1190 0
1191 0
1192 0
1193 0
1194 0
1195 0
1196 0
1197 0
1198 0
1199 0
1200 0
1201 0
1202 0
1203 0
1204 0
1205 0
1206 0
1207 0
1208 0
1209 0
1210 0
1211 0
1212 0
1213 0
1214 0
1215 0
1216 0
1217 0
1218 0
1219 0
1220 0
1221 0
1222 0
1223 0
1224 0
1225 0
1226 0
1227 0
1228 0
1229 0
1230 0
1231 0
1232 0
1233 0
1234 0
1235 0
1236 0
1237 0
1238 0
1239 0
1240 0
1241 0
1242 0
1243 0
1244 0
1245 0
1246 0
1247 0
1248 0
1249 0
1250 0
1251 0
1252 0
1253 0
1254 0
1255 0
1256 0
1257 0
1258 0
1259 0
1260 0
1261 0
1262 0
1263 0
1264 0
1265 0
1266 0
1267 0
1268 0
1269 0
1270 0
1271 0
1272 0
1273 0
1274 0
1275 0
1276 0
1277 0
1278 0
1279 0
1280 0
1281 0
1282 0
1283 0
1284 0
1285 0
1286 0
1287 0
1288 0
1289 0
1290 0
1291 0
1292 0
1293 0
1294 0
1295 0
1296 0
1297 0
1298 0
1299 0
1300 0
1301 0
1302 0
1303 0
1304 0
1305 0
1306 0
1307 0
1308 0
1309 0
1310 0
1311 0
1312 0
1313 0
1314 0
1315 0
1316 0
1317 0
1318 0
1319 0
1320 0
1321 0
1322 0
1323 0
1324 0
1325 0
1326 0
1327 0
1328 0
1329 0
1330 0
1331 0
1332 0
1333 0
1334 0
1335 0
1336 0
1337 0
1338 0
1339 0
1340 0
1341 0
1342 0
1343 0
1344 0
1345 0
1346 0
1347 0
1348 0
1349 0
1350 0
1351 0
1352 0
1353 0
1354 0
1355 0
1356 0
1357 0
1358 0
1359 0
1360 0
1361 0
1362 0
1363 0
1364 0
1365 0
1366 0
1367 0
1368 0
1369 0
1370 0
1371 0
1372 0
1373 0
1374 0
1375 0
1376 0
1377 0
1378 0
1379 0
1380 0
1381 0
1382 0
1383 0
1384 0
1385 0
1386 0
1387 0
1388 0
1389 0
1390 0
1391 0
1392 0
1393 0
1394 0
1395 0
1396 0
1397 0
1398 0
1399 0
1400 0
1401 0
1402 0
1403 0
1404 0
1405 0
1406 0
1407 0
1408 0
1409 0
1410 0
1411 0
1412 0
1413 0
1414 0
1415 0
1416 0
1417 0
1418 0
1419 0
1420 0
1421 0
1422 0
1423 0
1424 0
1425 0
1426 0
1427 0
1428 0
1429 0
1430 0
1431 0
1432 0
1433 0
1434 0
1435 0
1436 0
1437 0
1438 0
1439 0
1440 0
1441 0
1442 0
1443 0
1444 0
1445 0
1446 0
1447 0
1448 0
1449 0
1450 0
1451 0
1452 0
1453 0
1454 0
1455 0
1456 0
1457 0
1458 0
1459 0
1460 0
1461 0
1462 0
1463 0
1464 0
1465 0
1466 0
1467 0
1468 0
1469 0
1470 0
1471 0
1472 0
1473 0
1474 0
1475 0
1476 0
1477 0
1478 0
1479 0
1480 0
1481 0
1482 0
1483 0
1484 0
1485 0
1486 0
1487 0
1488 0
1489 0
1490 0
1491 0
1492 0
1493 0
1494 0
1495 0
1496 0
1497 0
1498 0
1499 0
1500 0
1501 0
1502 0
1503 0
1504 0
1505 0
1506 0
1507 0
1508 0
1509 0
1510 0
1511 0
1512 0
1513 0
1514 0
1515 0
1516 0
1517 0
1518 0
1519 0
1520 0
1521 0
1522 0
1523 0
1524 0
1525 0
1526 0
1527 0
1528 0
1529 0
1530 0
1531 0
1532 0
1533 0
1534 0
1535 0
1536 0
1537 0
1538 0
1539 0
1540 0
1541 0
1542 0
1543 0
1544 0
1545 0
1546 0
1547 0
1548 0
1549 0
1550 0
1551 0
1552 0
1553 0
1554 0
1555 0
1556 0
1557 0
1558 0
1559 0
1560 0
1561 0
1562 0
1563 0
1564 0
1565 0
1566 0
1567 0
1568 0
1569 0
1570 0
1571 0
1572 0
1573 0
1574 0
1575 0
1576 0
1577 0
1578 0
1579 0
1580 0
1581 0
1582 0
1583 0
1584 0
1585 0
1586 0
1587 0
1588 0
1589 0
1590 0
1591 0
1592 0
1593 0
1594 0
1595 0
1596 0
1597 0
1598 0
1599 0
1600 0
1601 0
1602 0
1603 0
1604 0
1605 0
1606 0
1607 0
1608 0
1609 0
1610 0
1611 0
1612 0
1613 0
1614 0
1615 0
1616 0
1617 0
1618 0
1619 0
1620 0
1621 0
1622 0
1623 0
1624 0
1625 0
1626 0
1627 0
1628 0
1629 0
1630 0
1631 0
1632 0
1633 0
1634 0
1635 0
1636 0
1637 0
1638 0
1639 0
1640 0
1641 0
1642 0
1643 0
1644 0
1645 0
1646 0
1647 0
1648 0
1649 0
1650 0
1651 0
1652 0
1653 0
1654 0
1655 0
1656 0
1657 0
1658 0
1659 0
1660 0
1661 0
1662 0
1663 0
1664 0
1665 0
1666 0
1667 0
1668 0
1669 0
1670 0
1671 0
1672 0
1673 0
1674 0
1675 0
1676 0
1677 0
1678 0
1679 0
1680 0
1681 0
1682 0
1683 0
1684 0
1685 0
1686 0
1687 0
1688 0
1689 0
1690 0
1691 0
1692 0
1693 0
1694 0
1695 0
1696 0
1697 0
1698 0
1699 0
1700 0
1701 0
1702 0
1703 0
1704 0
1705 0
1706 0
1707 0
1708 0
1709 0
1710 0
1711 0
1712 0
1713 0
1714 0
1715 0
1716 0
1717 0
1718 0
1719 0
1720 0
1721 0
1722 0
1723 0
1724 0
1725 0
1726 0
1727 0
1728 0
1729 0
1730 0
1731 0
1732 0
1733 0
1734 0
1735 0
1736 0
1737 0
1738 0
1739 0
1740 0
1741 0
1742 0
1743 0
1744 0
1745 0
1746 0
1747 0
1748 0
1749 0
1750 0
1751 0
1752 0
1753 0
1754 0
1755 0
1756 0
1757 0
1758 0
1759 0
1760 0
1761 0
1762 0
1763 0
1764 0
1765 0
1766 0
1767 0
1768 0
1769 0
1770 0
1771 0
1772 0
1773 0
1774 0
1775 0
1776 0
1777 0
1778 0
1779 0
1780 0
1781 0
1782 0
1783 0
1784 0
1785 0
1786 0
1787 0
1788 0
1789 0
1790 0
1791 0
1792 0
1793 0
1794 0
1795 0
1796 0
1797 0
1798 0
1799 0
1800 0
1801 0
1802 0
1803 0
1804 0
1805 0
1806 0
1807 0
1808 0
1809 0
1810 0
1811 0
1812 0
1813 0
1814 0
1815 0
1816 0
1817 0
1818 0
1819 0
1820 0
1821 0
1822 0
1823 0
1824 0
1825 0
1826 0
1827 0
1828 0
1829 0
1830 0
1831 0
1832 0
1833 0
1834 0
1835 0
1836 0
1837 0
1838 0
1839 0
1840 0
1841 0
1842 0
1843 0
1844 0
1845 0
1846 0
1847 0
1848 0
1849 0
1850 0
1851 0
1852 0
1853 0
1854 0
1855 0
1856 0
1857 0
1858 0
1859 0
1860 0
1861 0
1862 0
1863 0
1864 0
1865 0
1866 0
1867 0
1868 0
1869 0
1870 0
1871 0
1872 0
1873 0
1874 0
1875 0
1876 0
1877 0
1878 0
1879 0
1880 0
1881 0
1882 0
1883 0
1884 0
1885 0
1886 0
1887 0
1888 0
1889 0
1890 0
1891 0
1892 0
1893 0
1894 0
1895 0
1896 0
1897 0
1898 0
1899 0
1900 0
1901 0
1902 0
1903 0
1904 0
1905 0
1906 0
1907 0
1908 0
1909 0
1910 0
1911 0
1912 0
1913 0
1914 0
1915 0
1916 0
1917 0
1918 0
1919 0
1920 0
1921 0
1922 0
1923 0
1924 0
1925 0
1926 0
1927 0
1928 0
1929 0
1930 0
1931 0
1932 0
1933 0
1934 0
1935 0
1936 0
1937 0
1938 0
1939 0
1940 0
1941 0
1942 0
1943 0
1944 0
1945 0
1946 0
1947 0
1948 0
1949 0
1950 0
1951 0
1952 0
1953 0
1954 0
1955 0
1956 0
1957 0
1958 0
1959 0
1960 0
1961 0
1962 0
1963 0
1964 0
1965 0
1966 0
1967 0
1968 0
1969 0
1970 0
1971 0
1972 0
1973 0
1974 0
1975 0
1976 0
1977 0
1978 0
1979 0
1980 0
1981 0
1982 0
1983 0
1984 0
1985 0
1986 0
1987 0
1988 0
1989 0
1990 0
1991 0
1992 0
1993 0
1994 0
1995 0
1996 0
1997 0
1998 0
1999 0
2000 0
2001 0
2002 0
2003 0
2004 0
2005 0
2006 0
2007 0
2008 0
2009 0
2010 0
2011 0
2012 0
2013 0
2014 0
2015 0
2016 0
2017 0
2018 0
2019 0
2020 0
2021 0
2022 0
2023 0
2024 0
2025 0
2026 0
2027 0
2028 0
2029 0
2030 0
2031 0
2032 0
2033 0
2034 0
2035 0
2036 0
2037 0
2038 0
2039 0
2040 0
2041 0
2042 0
2043 0
2044 0
2045 0
2046 0
2047 0
2048 0
2049 0
2050 0
2051 0
2052 0
2053 0
2054 0
2055 0
2056 0
2057 0
2058 0
2059 0
2060 0
2061 0
2062 0
2063 0
2064 0
2065 0
2066 0
2067 0
2068 0
2069 0
2070 0
2071 0
2072 0
2073 0
2074 0
2075 0
2076 0
2077 0
2078 0
2079 0
2080 0
2081 0
2082 0
2083 0
2084 0
2085 0
2086 0
2087 0
2088 0
2089 0
2090 0
2091 0
2092 0
2093 0
2094 0
2095 0
2096 0
2097 0
2098 0
2099 0
2100 0
2101 0
2102 0
2103 0
2104 0
2105 0
2106 0
2107 0
2108 0
2109 0
2110 0
2111 0
2112 0
2113 0
2114 0
2115 0
2116 0
2117 0
2118 0
2119 0
2120 0
2121 0
2122 0
2123 0
2124 0
2125 0
2126 0
2127 0
2128 0
2129 0
2130 0
2131 0
2132 0
2133 0
2134 0
2135 0
2136 0
2137 0
2138 0
2139 0
2140 0
2141 0
2142 0
2143 0
2144 0
2145 0
2146 0
2147 0
2148 0
2149 0
2150 0
2151 0
2152 0
2153 0
2154 0
2155 0
2156 0
2157 0
2158 0
2159 0
2160 0
2161 0
2162 0
2163 0
2164 0
2165 0
2166 0
2167 0
2168 0
2169 0
2170 0
2171 0
2172 0
2173 0
2174 0
2175 0
2176 0
2177 0
2178 0
2179 0
2180 0
2181 0
2182 0
2183 0
2184 0
2185 0
2186 0
2187 0
2188 0
2189 0
2190 0
2191 0
2192 0
2193 0
2194 0
2195 0
2196 0
2197 0
2198 0
2199 0
2200 0
2201 0
2202 0
2203 0
2204 0
2205 0
2206 0
2207 0
2208 0
2209 0
2210 0
2211 0
2212 0
2213 0
2214 0
2215 0
2216 0
2217 0
2218 0
2219 0
2220 0
2221 0
2222 0
2223 0
2224 0
2225 0
2226 0
2227 0
2228 0
2229 0
2230 0
2231 0
2232 0
2233 0
2234 0
2235 0
2236 0
2237 0
2238 0
2239 0
2240 0
2241 0
2242 0
2243 0
2244 0
2245 0
2246 0
2247 0
2248 0
2249 0
2250 0
2251 0
2252 0
2253 0
2254 0
2255 0
2256 0
2257 0
2258 0
2259 0
2260 0
2261 0
2262 0
2263 0
2264 0
2265 0
2266 0
2267 0
2268 0
2269 0
2270 0
2271 0
2272 0
2273 0
2274 0
2275 0
2276 0
2277 0
2278 0
2279 0
2280 0
2281 0
2282 0
2283 0
2284 0
2285 0
2286 0
2287 0
2288 0
2289 0
2290 0
2291 0
2292 0
2293 0
2294 0
2295 0
2296 0
2297 0
2298 0
2299 0
2300 0
2301 0
2302 0
2303 0
2304 0
2305 0
2306 0
2307 0
2308 0
2309 0
2310 0
2311 0
2312 0
2313 0
2314 0
2315 0
2316 0
2317 0
2318 0
2319 0
2320 0
2321 0
2322 0
2323 0
2324 0
2325 0
2326 0
2327 0
2328 0
2329 0
2330 0
2331 0
2332 0
2333 0
2334 0
2335 0
2336 0
2337 0
2338 0
2339 0
2340 0
2341 0
2342 0
2343 0
2344 0
2345 0
2346 0
2347 0
2348 0
2349 0
2350 0
2351 0
2352 0
2353 0
2354 0
2355 0
2356 0
2357 0
2358 0
2359 0
2360 0
2361 0
2362 0
2363 0
2364 0
2365 0
2366 0
2367 0
2368 0
2369 0
2370 0
2371 0
2372 0
2373 0
2374 0
2375 0
2376 0
2377 0
2378 0
2379 0
2380 0
2381 0
2382 0
2383 0
2384 0
2385 0
2386 0
2387 0
2388 0
2389 0
2390 0
2391 0
2392 0
2393 0
2394 0
2395 0
2396 0
2397 0
2398 0
2399 0
2400 0
2401 0
2402 0
2403 0
2404 0
2405 0
2406 0
2407 0
2408 0
2409 0
2410 0
2411 0
2412 0
2413 0
2414 0
2415 0
2416 0
2417 0
2418 0
2419 0
2420 0
2421 0
2422 0
2423 0
2424 0
2425 0
2426 0
2427 0
2428 0
2429 0
2430 0
2431 0
2432 0
2433 0
2434 0
2435 0
2436 0
2437 0
2438 0
2439 0
2440 0
2441 0
2442 0
2443 0
2444 0
2445 0
2446 0
2447 0
2448 0
2449 0
2450 0
2451 0
2452 0
2453 0
2454 0
2455 0
2456 0
2457 0
2458 0
2459 0
2460 0
2461 0
2462 0
2463 0
2464 0
2465 0
2466 0
2467 0
2468 0
2469 0
2470 0
2471 0
2472 0
2473 0
2474 0
2475 0
2476 0
2477 0
2478 0
2479 0
2480 0
2481 0
2482 0
2483 0
2484 0
2485 0
2486 0
2487 0
2488 0
2489 0
2490 0
2491 0
2492 0
2493 0
2494 0
2495 0
2496 0
2497 0
2498 0
2499 0
2500 0
2501 0
2502 0
2503 0
2504 0
2505 0
2506 0
2507 0
2508 0
2509 0
2510 0
2511 0
2512 0
2513 0
2514 0
2515 0
2516 0
2517 0
2518 0
2519 0
2520 0
2521 0
2522 0
2523 0
2524 0
2525 0
2526 0
2527 0
2528 0
2529 0
2530 0
2531 0
2532 0
2533 0
2534 0
2535 0
2536 0
2537 0
2538 0
2539 0
2540 0
2541 0
2542 0
2543 0
2544 0
2545 0
2546 0
2547 0
2548 0
2549 0
2550 0
2551 0
2552 0
2553 0
2554 0
2555 0
2556 0
2557 0
2558 0
2559 0
2560 0
2561 0
2562 0
2563 0
2564 0
2565 0
2566 0
2567 0
2568 0
2569 0
2570 0
2571 0
2572 0
2573 0
2574 0
2575 0
2576 0
2577 0
2578 0
2579 0
2580 0
2581 0
2582 0
2583 0
2584 0
2585 0
2586 0
2587 0
2588 0
2589 0
2590 0
2591 0
2592 0
2593 0
2594 0
2595 0
2596 0
2597 0
2598 0
2599 0
2600 0
2601 0
2602 0
2603 0
2604 0
2605 0
2606 0
2607 0
2608 0
2609 0
2610 0
2611 0
2612 0
2613 0
2614 0
2615 0
2616 0
2617 0
2618 0
2619 0
2620 0
2621 0
2622 0
2623 0
2624 0
2625 0
2626 0
2627 0
2628 0
2629 0
2630 0
2631 0
2632 0
2633 0
2634 0
2635 0
2636 0
2637 0
2638 0
2639 0
2640 0
2641 0
2642 0
2643 0
2644 0
2645 0
2646 0
2647 0
2648 0
2649 0
2650 0
2651 0
2652 0
2653 0
2654 0
2655 0
2656 0
2657 0
2658 0
2659 0
2660 0
2661 0
2662 0
2663 0
2664 0
2665 0
2666 0
2667 0
2668 0
2669 0
2670 0
2671 0
2672 0
2673 0
2674 0
2675 0
2676 0
2677 0
2678 0
2679 0
2680 0
2681 0
2682 0
2683 0
2684 0
2685 0
2686 0
2687 0
2688 0
2689 0
2690 0
2691 0
2692 0
2693 0
2694 0
2695 0
2696 0
2697 0
2698 0
2699 0
2700 0
2701 0
2702 0
2703 0
2704 0
2705 0
2706 0
2707 0
2708 0
2709 0
2710 0
2711 0
2712 0
2713 0
2714 0
2715 0
2716 0
2717 0
2718 0
2719 0
2720 0
2721 0
2722 0
2723 0
2724 0
2725 0
2726 0
2727 0
2728 0
2729 0
2730 0
2731 0
2732 0
2733 0
2734 0
2735 0
2736 0
2737 0
2738 0
2739 0
2740 0
2741 0
2742 0
2743 0
0 1 0.40241
0 13 1.3342
0 14 1.13754
0 182 0.13074
0 196 1.94752
0 2548 0.75163
1 2 2.08522
1 15 -0.69699
1 183 -0.85457
1 197 1.93288
1 2549 -0.03327
2 3 -0.02522
2 16 0.27986
2 184 0.69381
2 198 1.1745
2 2550 -0.5202
3 4 -0.02106
3 17 -0.18623
3 185 -0.23442
3 199 -0.71709
3 2551 0.10597
4 5 -0.66657
4 18 -0.34741
4 186 -0.23737
4 200 0.15845
4 2552 0.70269
5 6 -0.36111
5 19 1.3005
5 187 0.37059
5 201 0.2618
5 2553 -0.37589
6 7 -0.30576
6 20 -1.39143
6 188 -0.64529
6 202 0.75963
6 2554 -1.02752
7 8 1.56142
7 21 0.11835
7 189 -0.6413
7 203 -1.53602
7 2555 -0.55715
8 9 -0.05588
8 22 1.41938
8 190 1.75671
8 204 0.29645
8 2556 0.62041
9 10 -0.58081
9 23 0.2206
9 191 -0.54576
9 205 -0.48187
9 2557 -0.21033
10 11 1.11024
10 24 -1.03804
10 192 -0.25777
10 206 0.62615
10 2558 0.85834
11 12 0.25976
11 25 0.59551
11 193 2.02535
11 207 -0.80089
11 2559 -0.00147
12 13 0.55967
12 26 0.86299
12 194 -0.21116
12 208 0.53032
12 2560 1.15579
13 27 -1.66296
13 195 -2.09747
13 209 -0.37909
13 2561 1.30967
14 15 -1.98689
14 27 -0.75703
14 28 0.23979
14 210 0.5283
14 2562 0.12708
15 16 0.93956
15 29 -0.65419
15 211 0.6953
15 2563 0.31243
16 17 -0.82808
16 30 -0.64085
16 212 0.39688
16 2564 0.80867
17 18 -1.30611
17 31 -0.24446
17 213 -1.00657
17 2565 0.00664
18 19 -1.64405
18 32 -2.06351
18 214 -0.41927
18 2566 -1.1728
19 20 -1.1329
19 33 0.67807
19 215 0.99742
19 2567 -1.40483
20 21 0.16606
20 34 1.45699
20 216 0.03772
20 2568 1.72999
21 22 -0.39572
21 35 -0.36441
21 217 1.35639
21 2569 -0.10588
22 23 0.92995
22 36 -0.01281
22 218 -0.72091
22 2570 -0.72303
23 24 1.30358
23 37 1.74949
23 219 0.76828
23 2571 0.83857
24 25 -0.71971
24 38 0.25818
24 220 -0.20302
24 2572 0.88955
25 26 -0.93831
25 39 -0.54007
25 221 0.09452
25 2573 -0.45479
26 27 0.2308
26 40 -2.06596
26 222 0.64222
26 2574 0.95387
27 41 0.01915
27 223 -0.60409
27 2575 0.10361
28 29 0.84234
28 41 -1.35256
28 42 0.20472
28 224 -0.14993
28 2576 -0.40673
29 30 0.96618
29 43 0.27727
29 225 0.98165
29 2577 0.31781
30 31 -0.56134
30 44 -0.21003
30 226 0.20691
30 2578 1.18254
31 32 0.80252
31 45 -0.5755
31 227 -1.2503
31 2579 0.35791
32 33 -0.03108
32 46 0.15124
32 228 0.33874
32 2580 -0.09524
33 34 0.59448
33 47 -0.40738
33 229 -0.70402
33 2581 -0.6515
34 35 -0.26675
34 48 0.94926
34 230 -1.02622
34 2582 -0.80825
35 36 -0.02111
35 49 -0.23274
35 231 0.48884
35 2583 -0.54628
36 37 0.42365
36 50 -1.69462
36 232 -0.17557
36 2584 1.58306
37 38 -0.84684
37 51 -1.09022
37 233 0.16235
37 2585 0.60906
38 39 -0.01416
38 52 1.1438
38 234 -1.04154
38 2586 2.1322
39 40 -1.43855
39 53 0.73511
39 235 -1.4298
39 2587 -1.48159
40 41 -1.17368
40 54 -0.72247
40 236 1.60826
40 2588 0.23036
41 55 0.94483
41 237 -0.81393
41 2589 -0.35498
42 43 0.39048
42 55 1.78618
42 56 -0.48216
42 238 1.23582
42 2590 3.81676
43 44 0.63133
43 57 0.23146
43 239 -0.35925
43 2591 -0.07847
44 45 0.86087
44 58 1.64038
44 240 1.39534
44 2592 -0.82609
45 46 0.79664
45 59 -0.57048
45 241 -0.45982
45 2593 -1.18229
46 47 -1.16676
46 60 0.92712
46 242 -1.3582
46 2594 -2.24359
47 48 -0.49651
47 61 0.31288
47 243 -1.13915
47 2595 1.11692
48 49 -0.44363
48 62 -1.43251
48 244 0.24061
48 2596 0.53059
49 50 -1.94653
49 63 0.85487
49 245 -0.92609
49 2597 -0.41065
50 51 -1.46438
50 64 -0.37324
50 246 -1.72671
50 2598 1.06822
51 52 1.54699
51 65 -0.52276
51 247 -0.29124
51 2599 -0.18836
52 53 -0.03901
52 66 -0.48962
52 248 -1.13131
52 2600 0.08109
53 54 0.8404
53 67 -2.7145
53 249 -2.58142
53 2601 0.23
54 55 0.07762
54 68 0.87245
54 250 -1.87824
54 2602 0.07951
55 69 1.96794
55 251 -0.90568
55 2603 -0.07035
56 57 2.73356
56 69 0.07117
56 70 1.32225
56 252 0.44112
56 2604 0.07971
57 58 -0.66907
57 71 -0.4276
57 253 0.3572
57 2605 -0.56282
58 59 -0.65231
58 72 1.59064
58 254 0.54248
58 2606 -0.80411
59 60 1.36737
59 73 -0.26071
59 255 -0.69621
59 2607 -1.1295
60 61 -0.23921
60 74 -0.55455
60 256 0.54873
60 2608 0.72671
61 62 -0.14556
61 75 0.45371
61 257 -0.90253
61 2609 -0.33592
62 63 1.4028
62 76 1.10642
62 258 1.09068
62 2610 -0.42937
63 64 0.02883
63 77 -0.2635
63 259 -0.9868
63 2611 0.78063
64 65 -0.30136
64 78 1.53129
64 260 0.92675
64 2612 -0.61006
65 66 -0.22519
65 79 0.77474
65 261 1.21406
65 2613 -0.02776
66 67 -0.25946
66 80 0.82094
66 262 -1.33051
66 2614 0.54009
67 68 -1.22994
67 81 -0.67892
67 263 -0.75336
67 2615 0.01148
68 69 0.3508
68 82 1.32438
68 264 0.09344
68 2616 0.38082
69 83 1.14969
69 265 -1.52298
69 2617 -0.47325
70 71 -2.04563
70 83 -0.16796
70 84 0.13935
70 266 -0.1639
70 2618 -0.2262
71 72 -0.84801
71 85 -1.06532
71 267 0.15203
71 2619 2.05912
72 73 0.82766
72 86 -1.41099
72 268 -0.42468
72 2620 0.54352
73 74 1.43955
73 87 -1.37644
73 269 -0.0497
73 2621 0.00999
74 75 -2.10022
74 88 -1.17347
74 270 -0.56454
74 2622 -0.09943
75 76 -2.85583
75 89 0.11757
75 271 0.42105
75 2623 1.66361
76 77 -1.11964
76 90 0.2045
76 272 0.13188
76 2624 -1.19028
77 78 -0.17931
77 91 -1.18793
77 273 0.80193
77 2625 -0.67803
78 79 -0.37449
78 92 -0.66914
78 274 0.60831
78 2626 -0.61466
79 80 -1.53636
79 93 -1.15594
79 275 -0.86748
79 2627 0.37256
80 81 0.9823
80 94 0.52465
80 276 -1.86724
80 2628 -0.49374
81 82 0.74182
81 95 -2.64941
81 277 1.2803
81 2629 0.17749
82 83 -0.33752
82 96 0.9914
82 278 1.63475
82 2630 -0.97418
83 97 1.20506
83 279 0.00145
83 2631 -0.03405
84 85 0.85041
84 97 -0.79639
84 98 0.66168
84 280 0.18498
84 2632 -0.11446
85 86 1.05581
85 99 0.02823
85 281 -0.77073
85 2633 0.22541
86 87 2.32629
86 100 -0.60724
86 282 -1.19518
86 2634 -1.40643
87 88 0.0036
87 101 0.63496
87 283 -0.80896
87 2635 0.92364
88 89 -1.0334
88 102 0.08232
88 284 0.36599
88 2636 1.9609
89 90 -0.06881
89 103 1.56804
89 285 -0.31536
89 2637 -1.29648
90 91 0.784
90 104 0.14706
90 286 -0.2524
90 2638 -1.13966
91 92 0.37941
91 105 -0.12989
91 287 -0.26257
91 2639 -1.06218
92 93 1.24169
92 106 -1.27103
92 288 -1.71336
92 2640 0.212
93 94 0.31615
93 107 -0.88396
93 289 0.79066
93 2641 -0.0798
94 95 -0.22888
94 108 -1.104
94 290 -2.56702
94 2642 -2.31989
95 96 -0.54241
95 109 -0.33265
95 291 0.18914
95 2643 -2.18413
96 97 -2.90262
96 110 0.71371
96 292 0.56297
96 2644 -0.65396
97 111 -0.26477
97 293 -1.50617
97 2645 1.9242
98 99 0.47311
98 111 -0.94658
98 112 0.09714
98 294 0.7647
98 2646 0.81404
99 100 0.14766
99 113 0.34419
99 295 -0.72171
99 2647 -0.83375
100 101 0.02619
100 114 -1.075
100 296 1.1612
100 2648 0.90286
101 102 -0.23843
101 115 -0.78793
101 297 -1.32677
101 2649 1.5534
102 103 1.05762
102 116 1.2571
102 298 -0.42788
102 2650 0.36141
103 104 0.78477
103 117 -0.62955
103 299 0.62866
103 2651 -2.12083
104 105 0.34294
104 118 0.01738
104 300 1.89761
104 2652 0.42063
105 106 0.40902
105 119 -0.83781
105 301 0.08152
105 2653 -0.4382
106 107 0.99364
106 120 -1.41829
106 302 -0.97714
106 2654 1.63193
107 108 -0.06968
107 121 -0.73628
107 303 0.27872
107 2655 -0.71215
108 109 -0.37961
108 122 -0.91985
108 304 -0.50096
108 2656 0.50064
109 110 0.56926
109 123 1.23117
109 305 0.0922
109 2657 -0.08551
110 111 0.44665
110 124 2.2899
110 306 -0.31592
110 2658 0.86428
111 125 -0.81352
111 307 -0.4327
111 2659 -0.05204
112 113 0.12484
112 125 0.15346
112 126 -1.76989
112 308 0.51439
112 2660 0.07402
113 114 0.54676
113 127 0.76154
113 309 1.02296
113 2661 -0.63781
114 115 0.97356
114 128 0.87655
114 310 -0.89084
114 2662 0.16803
115 116 -1.35631
115 129 -0.69009
115 311 -0.15377
115 2663 -0.20457
116 117 -0.6398
116 130 -0.57946
116 312 0.31886
116 2664 -0.38148
117 118 -0.83957
117 131 0.15683
117 313 -0.43244
117 2665 -0.34553
118 119 0.48554
118 132 -0.79043
118 314 -0.36245
118 2666 0.79062
119 120 -1.94232
119 133 -0.3795
119 315 -0.44213
119 2667 0.48886
120 121 0.84771
120 134 0.60648
120 316 0.80768
120 2668 1.44304
121 122 0.05734
121 135 -1.30285
121 317 -1.46593
121 2669 0.84315
122 123 -2.02382
122 136 1.94238
122 318 0.12236
122 2670 -0.13965
123 124 0.99011
123 137 0.15187
123 319 -0.31493
123 2671 1.30872
124 125 -0.58906
124 138 1.40007
124 320 -1.05402
124 2672 0.94326
125 139 -2.05977
125 321 -0.32288
125 2673 0.42245
126 127 0.30976
126 139 -1.25144
126 140 -1.34409
126 322 1.14273
126 2674 -0.24806
127 128 -0.52253
127 141 -0.77311
127 323 -0.0075
127 2675 -0.35058
128 129 0.47064
128 142 -0.63749
128 324 0.90649
128 2676 -0.01947
129 130 1.21165
129 143 -0.76078
129 325 -0.77417
129 2677 0.8501
130 131 0.51575
130 144 0.15329
130 326 -1.63191
130 2678 -0.21931
131 132 0.60309
131 145 -1.20126
131 327 0.76249
131 2679 -1.23535
132 133 0.32005
132 146 0.63395
132 328 0.48255
132 2680 -1.23906
133 134 -0.50508
133 147 -1.86852
133 329 1.53106
133 2681 0.75769
134 135 0.63174
134 148 0.85335
134 330 0.24446
134 2682 0.25601
135 136 0.08138
135 149 -1.37225
135 331 -0.36358
135 2683 0.39064
136 137 0.25253
136 150 0.67614
136 332 0.02773
136 2684 0.60628
137 138 -0.17418
137 151 -0.57465
137 333 1.20396
137 2685 -1.5953
138 139 1.172
138 152 1.36906
138 334 -1.77871
138 2686 0.5468
139 153 0.10769
139 335 -0.3796
139 2687 1.11509
140 141 1.63943
140 153 1.03731
140 154 -1.07018
140 336 -0.12407
140 2688 0.31053
141 142 0.01824
141 155 0.4626
141 337 0.4076
141 2689 -0.8755
142 143 0.58518
142 156 -0.42341
142 338 0.0766
142 2690 -0.62491
143 144 -1.26347
143 157 0.45741
143 339 -0.08427
143 2691 -1.18355
144 145 -1.15695
144 158 -0.52085
144 340 -0.75026
144 2692 0.00177
145 146 1.42381
145 159 -0.28653
145 341 1.75362
145 2693 -1.12674
146 147 0.47199
146 160 0.09439
146 342 -1.2238
146 2694 0.32056
147 148 0.70338
147 161 -1.52714
147 343 0.24635
147 2695 0.23403
148 149 -0.75893
148 162 -0.66585
148 344 -0.77834
148 2696 0.83321
149 150 2.01461
149 163 0.13976
149 345 1.26858
149 2697 -0.31003
150 151 0.16035
150 164 0.37528
150 346 0.88183
150 2698 0.92355
151 152 -0.72444
151 165 0.05985
151 347 -0.43318
151 2699 -0.17356
152 153 0.74224
152 166 -1.93309
152 348 -0.31497
152 2700 0.77855
153 167 1.25866
153 349 1.19442
153 2701 -0.49072
154 155 -0.53481
154 167 -0.2965
154 168 0.9252
154 350 0.54059
154 2702 0.23457
155 156 -0.68694
155 169 1.43346
155 351 -0.40908
155 2703 0.94436
156 157 -0.56479
156 170 -0.15613
156 352 0.1183
156 2704 0.50098
157 158 -0.93015
157 171 -0.70061
157 353 -0.46945
157 2705 1.24397
158 159 -2.13494
158 172 -1.53209
158 354 0.65864
158 2706 0.14844
159 160 -0.79788
159 173 -0.45679
159 355 -0.39221
159 2707 0.41917
160 161 -0.85952
160 174 -0.05324
160 356 -0.02673
160 2708 0.015
161 162 0.65897
161 175 -0.0467
161 357 0.76622
161 2709 0.90057
162 163 0.12375
162 176 -0.26659
162 358 0.54215
162 2710 1.7183
163 164 1.25541
163 177 0.44589
163 359 0.2992
163 2711 0.56488
164 165 -0.92129
164 178 1.01568
164 360 1.24717
164 2712 -0.54633
165 166 0.98971
165 179 0.6811
165 361 -1.31193
165 2713 1.06928
166 167 0.05489
166 180 0.84042
166 362 0.14031
166 2714 0.29591
167 181 -0.28819
167 363 0.87969
167 2715 -0.04502
168 169 0.19224
168 181 0.12512
168 182 -1.27293
168 364 -0.28714
168 2716 -1.35032
169 170 -0.24288
169 183 -0.38822
169 365 -1.82593
169 2717 -0.03967
170 171 -1.65677
170 184 0.32616
170 366 0.89658
170 2718 -0.37374
171 172 0.38843
171 185 -2.33519
171 367 -0.70194
171 2719 1.85987
172 173 0.59131
172 186 -0.69964
172 368 -1.09855
172 2720 0.29374
173 174 -0.47384
173 187 -0.25819
173 369 -0.97405
173 2721 0.02837
174 175 -0.45748
174 188 -0.03025
174 370 1.3649
174 2722 -1.70418
175 176 1.1375
175 189 0.77083
175 371 1.38426
175 2723 -0.25561
176 177 0.73694
176 190 1.28071
176 372 0.29423
176 2724 0.89832
177 178 -0.68292
177 191 -2.15769
177 373 -0.1565
177 2725 1.77275
178 179 0.23381
178 192 0.13877
178 374 -2.4276
178 2726 1.85081
179 180 -1.34833
179 193 1.04187
179 375 -1.03296
179 2727 0.18469
180 181 1.32604
180 194 -0.88518
180 376 -0.04218
180 2728 -0.61745
181 195 -0.002
181 377 0.16684
181 2729 -0.35926
182 183 -0.52026
182 195 2.05543
182 378 1.30758
182 2730 0.31867
183 184 -0.3602
183 379 1.65462
183 2731 0.32955
184 185 0.29094
184 380 1.02491
184 2732 -0.0174
185 186 0.45112
185 381 2.02266
185 2733 -0.9017
186 187 0.2387
186 382 -0.12053
186 2734 1.74118
187 188 -0.43035
187 383 0.63697
187 2735 -1.49492
188 189 -0.01579
188 384 -1.54434
188 2736 2.60134
189 190 0.69538
189 385 0.27618
189 2737 -0.28823
190 191 -0.12759
190 386 -0.17283
190 2738 -0.72594
191 192 -0.29553
191 387 -0.60705
191 2739 0.66163
192 193 -0.34178
192 388 1.22318
192 2740 0.35233
193 194 1.5595
193 389 -0.91102
193 2741 -0.05439
194 195 1.08743
194 390 -0.53195
194 2742 -0.15965
195 391 -0.68631
195 2743 -0.87679
196 197 -0.10826
196 209 0.60789
196 210 1.07317
196 378 2.07449
196 392 -1.89951
197 198 -1.2437
197 211 1.06869
197 379 -1.26926
197 393 -0.55421
198 199 0.22503
198 212 -0.317
198 380 1.11195
198 394 0.13135
199 200 1.48414
199 213 1.03795
199 381 1.35701
199 395 1.33383
200 201 0.27348
200 214 -0.91064
200 382 -0.86274
200 396 -0.87572
201 202 0.64325
201 215 0.55494
201 383 -0.94125
201 397 -1.55434
202 203 0.15711
202 216 -1.74676
202 384 0.27929
202 398 -0.35483
203 204 0.55102
203 217 -0.777
203 385 1.57754
203 399 -0.81034
204 205 -1.74639
204 218 0.18122
204 386 0.86128
204 400 0.92137
205 206 -0.34577
205 219 1.76947
205 387 -0.52606
205 401 0.84149
206 207 0.39995
206 220 -1.06284
206 388 -1.652
206 402 -1.24435
207 208 0.61421
207 221 -0.92706
207 389 1.14858
207 403 -1.23741
208 209 1.02305
208 222 0.98988
208 390 0.57959
208 404 -0.6559
209 223 -0.44286
209 391 0.14797
209 405 1.25184
210 211 -0.79439
210 223 -0.32506
210 224 0.06545
210 406 -0.23974
211 212 -0.98795
211 225 0.87843
211 407 0.59634
212 213 -2.46748
212 226 1.99308
212 408 1.02945
213 214 0.33621
213 227 0.54003
213 409 -0.04947
214 215 -0.07272
214 228 0.74922
214 410 0.53215
215 216 -0.52761
215 229 1.28626
215 411 0.14596
216 217 0.35751
216 230 -0.5296
216 412 0.28542
217 218 -0.3405
217 231 -1.07212
217 413 -0.79998
218 219 0.36896
218 232 -1.20789
218 414 0.80975
219 220 -0.54378
219 233 -0.35142
219 415 0.93669
220 221 0.88558
220 234 -0.07124
220 416 0.64839
221 222 -0.9113
221 235 -1.54764
221 417 -0.82868
222 223 0.20506
222 236 1.83832
222 418 -0.10021
223 237 -1.11159
223 419 2.20162
224 225 0.44374
224 237 -1.76685
224 238 1.2554
224 420 1.01887
225 226 0.39174
225 239 0.22465
225 421 0.16919
226 227 -0.28226
226 240 -1.16265
226 422 1.20463
227 228 0.61027
227 241 0.02008
227 423 0.86229
228 229 -1.10475
228 242 -1.17264
228 424 -0.4872
229 230 0.00517
229 243 -1.79156
229 425 0.15088
230 231 2.05717
230 244 -1.10297
230 426 -0.6077
231 232 -1.54564
231 245 -0.20298
231 427 1.05016
232 233 -1.40789
232 246 1.76863
232 428 1.24176
233 234 -1.50777
233 247 1.24722
233 429 -0.28426
234 235 -1.01357
234 248 -1.01772
234 430 2.36583
235 236 -0.04956
235 249 -0.2077
235 431 0.78817
236 237 0.29135
236 250 -0.36589
236 432 -0.7756
237 251 -2.2569
237 433 1.28439
238 239 0.111
238 251 1.03081
238 252 -1.6211
238 434 -0.80836
239 240 0.99017
239 253 -1.02915
239 435 -0.91777
240 241 -1.92921
240 254 1.02431
240 436 0.44003
241 242 -0.03746
241 255 -0.10491
241 437 0.69513
242 243 -0.5946
242 256 -0.45533
242 438 0.02854
243 244 -0.53345
243 257 -0.29175
243 439 0.06395
244 245 -1.7291
244 258 0.0074
244 440 0.3416
245 246 -0.71018
245 259 -0.27299
245 441 0.6373
246 247 0.47654
246 260 -0.16662
246 442 0.663
247 248 1.28009
247 261 -0.98551
247 443 1.39111
248 249 -0.15442
248 262 1.10038
248 444 0.55476
249 250 0.94037
249 263 -0.45503
249 445 -0.35219
250 251 0.12409
250 264 -0.51284
250 446 0.89063
251 265 1.05732
251 447 0.4694
252 253 -1.02862
252 265 -0.80576
252 266 -1.90969
252 448 -0.4743
253 254 0.36293
253 267 1.03338
253 449 0.68194
254 255 -0.2534
254 268 -0.3279
254 450 0.84177
255 256 -1.24494
255 269 1.28107
255 451 -0.55782
256 257 -0.68083
256 270 -0.77003
256 452 -0.48834
257 258 -0.26027
257 271 -0.04556
257 453 -0.36611
258 259 -0.60757
258 272 0.69443
258 454 0.12024
259 260 -0.66659
259 273 0.64063
259 455 -0.78672
260 261 1.36206
260 274 -0.39169
260 456 -0.59843
261 262 0.90472
261 275 2.25846
261 457 0.3974
262 263 0.54457
262 276 0.43682
262 458 0.94078
263 264 0.60651
263 277 0.42986
263 459 0.08906
264 265 1.20762
264 278 0.57374
264 460 0.24785
265 279 0.49179
265 461 0.90544
266 267 -0.69626
266 279 0.30162
266 280 -0.73415
266 462 -0.68017
267 268 0.17337
267 281 0.64027
267 463 0.91739
268 269 -0.27309
268 282 1.27225
268 464 -0.03284
269 270 -0.72779
269 283 -1.26052
269 465 -2.71162
270 271 -1.9088
270 284 -0.84155
270 466 0.57532
271 272 0.35619
271 285 -2.24063
271 467 0.43571
272 273 -0.52509
272 286 -0.43614
272 468 -1.57403
273 274 -0.99542
273 287 -0.78429
273 469 -0.20319
274 275 0.30885
274 288 -0.71933
274 470 0.67621
275 276 -0.05541
275 289 1.40438
275 471 0.79122
276 277 0.76135
276 290 0.67988
276 472 1.07193
277 278 0.1592
277 291 -0.61312
277 473 0.36671
278 279 0.00634
278 292 0.4832
278 474 0.14005
279 293 1.42607
279 475 0.65957
280 281 -0.41095
280 293 -0.59839
280 294 -0.36261
280 476 0.52689
281 282 0.42624
281 295 0.59483
281 477 -0.26209
282 283 0.19543
282 296 -0.26949
282 478 1.88871
283 284 0.63507
283 297 -1.14565
283 479 0.45985
284 285 -1.50172
284 298 -0.70606
284 480 -1.67929
285 286 0.65961
285 299 0.99985
285 481 -1.47262
286 287 1.6431
286 300 -2.04024
286 482 -0.07977
287 288 -0.26615
287 301 0.2343
287 483 0.5542
288 289 0.3802
288 302 0.58915
288 484 1.59407
289 290 0.21519
289 303 1.2071
289 485 -0.16807
290 291 1.36292
290 304 -0.34857
290 486 1.86689
291 292 0.23284
291 305 0.51335
291 487 0.65042
292 293 0.66648
292 306 0.02278
292 488 -0.84499
293 307 1.47501
293 489 1.52438
294 295 -1.79582
294 307 -0.12943
294 308 -2.52391
294 490 -1.6025
295 296 0.28047
295 309 0.89278
295 491 -1.04986
296 297 1.02763
296 310 0.82609
296 492 0.68594
297 298 -0.72359
297 311 0.1482
297 493 0.24405
298 299 0.57086
298 312 0.13917
298 494 0.8773
299 300 1.0648
299 313 -1.73471
299 495 -1.46489
300 301 0.30503
300 314 0.71541
300 496 -0.7231
301 302 1.15086
301 315 -0.47701
301 497 1.94961
302 303 -0.78586
302 316 -0.30468
302 498 -0.0064
303 304 1.10184
303 317 3.37822
303 499 0.65125
304 305 -1.316
304 318 0.64202
304 500 -0.17961
305 306 -0.11382
305 319 1.94691
305 501 -0.61392
306 307 0.09897
306 320 0.59958
306 502 1.37948
307 321 -0.71148
307 503 -0.66431
308 309 1.00129
308 321 -0.03493
308 322 -0.14717
308 504 0.05435
309 310 -1.72803
309 323 -2.01705
309 505 -1.16107
310 311 -1.92587
310 324 0.98475
310 506 0.06813
311 312 -1.32782
311 325 -0.11254
311 507 0.35269
312 313 -1.40612
312 326 0.7953
312 508 0.59679
313 314 0.62662
313 327 -0.43051
313 509 1.43856
314 315 1.33984
314 328 -0.04537
314 510 -1.63418
315 316 -1.61323
315 329 -0.81898
315 511 -1.53901
316 317 0.23738
316 330 -0.26573
316 512 1.04318
317 318 0.13615
317 331 0.65577
317 513 0.27186
318 319 -0.07785
318 332 1.13744
318 514 -1.11818
319 320 -0.16118
319 333 -1.37322
319 515 -0.21355
320 321 1.26594
320 334 0.33748
320 516 1.27382
321 335 -0.3614
321 517 -0.63044
322 323 -1.35591
322 335 0.0661
322 336 0.18385
322 518 -0.46359
323 324 1.03224
323 337 0.68182
323 519 0.63108
324 325 -0.12606
324 338 0.53399
324 520 -1.43159
325 326 0.47028
325 339 -0.70926
325 521 -1.40566
326 327 0.77619
326 340 0.85214
326 522 0.65662
327 328 1.41634
327 341 -0.38712
327 523 -0.50978
328 329 -0.16731
328 342 0.2856
328 524 -0.79034
329 330 0.06403
329 343 -1.53424
329 525 -1.13529
330 331 1.46936
330 344 1.69435
330 526 0.26758
331 332 -0.77778
331 345 -0.99582
331 527 -1.52132
332 333 0.29698
332 346 1.64196
332 528 0.34242
333 334 -0.45808
333 347 -0.46214
333 529 0.70633
334 335 0.4635
334 348 -1.55506
334 530 -0.32268
335 349 -0.36598
335 531 0.37561
336 337 -0.2151
336 349 1.24626
336 350 -1.52285
336 532 0.04119
337 338 -0.4186
337 351 -0.5039
337 533 -0.8584
338 339 0.65784
338 352 0.14189
338 534 0.01167
339 340 0.00119
339 353 -0.02622
339 535 0.48431
340 341 -0.54403
340 354 1.24383
340 536 -0.49198
341 342 0.93652
341 355 1.1976
341 537 -0.43615
342 343 0.99789
342 356 1.654
342 538 0.25409
343 344 0.7238
343 357 1.46052
343 539 -0.22049
344 345 -0.05053
344 358 -0.03208
344 540 0.26636
345 346 -0.59862
345 359 -0.30701
345 541 -0.28596
346 347 -0.249
346 360 -0.78633
346 542 -1.03044
347 348 -2.0775
347 361 -1.58122
347 543 -1.19186
348 349 0.93837
348 362 -3.01218
348 544 1.40143
349 363 1.03076
349 545 -2.51357
350 351 1.13171
350 363 0.54421
350 364 0.58636
350 546 0.49969
351 352 -0.06102
351 365 0.88635
351 547 -0.05452
352 353 -1.02534
352 366 -1.8704
352 548 1.63842
353 354 -0.42671
353 367 -0.05198
353 549 0.87958
354 355 -0.25906
354 368 -0.77183
354 550 1.69248
355 356 -0.9196
355 369 1.92042
355 551 1.15234
356 357 -1.48021
356 370 -0.13952
356 552 1.58948
357 358 -0.12956
357 371 -0.48138
357 553 0.55826
358 359 -1.68144
358 372 0.11194
358 554 0.786
359 360 0.85861
359 373 1.15519
359 555 0.45271
360 361 0.78545
360 374 -0.54175
360 556 0.7785
361 362 -0.22191
361 375 0.75455
361 557 0.33646
362 363 1.46374
362 376 -1.0742
362 558 0.78722
363 377 0.56814
363 559 -0.13034
364 365 -0.45235
364 377 -1.45841
364 378 1.14589
364 560 -0.37128
365 366 -0.3108
365 379 2.20679
365 561 0.58602
366 367 0.51983
366 380 0.13372
366 562 -1.18731
367 368 1.41525
367 381 0.33808
367 563 -1.38275
368 369 -0.65604
368 382 -1.07602
368 564 -0.97295
369 370 -0.38679
369 383 -1.94063
369 565 -0.05826
370 371 -1.24323
370 384 -0.09993
370 566 -0.02967
371 372 0.11547
371 385 2.18643
371 567 0.32491
372 373 -0.97011
372 386 0.9002
372 568 0.80147
373 374 -0.7979
373 387 -0.48294
373 569 -0.83496
374 375 1.03651
374 388 1.41976
374 570 0.62388
375 376 -0.40747
375 389 -0.96021
375 571 -0.85092
376 377 -0.72801
376 390 -0.20963
376 572 -0.61392
377 391 -1.33701
377 573 -0.15944
378 379 -0.94688
378 391 -1.16784
378 574 1.17563
379 380 -1.39784
379 575 -0.88947
380 381 -1.57801
380 576 0.34076
381 382 0.44753
381 577 -0.31596
382 383 0.64051
382 578 -0.1368
383 384 -0.19496
383 579 0.2471
384 385 0.18035
384 580 1.37465
385 386 0.68841
385 581 -0.08706
386 387 0.17086
386 582 0.29024
387 388 0.21771
387 583 -1.40652
388 389 -0.30089
388 584 1.33386
389 390 -0.80044
389 585 1.73027
390 391 1.4748
390 586 -0.6807
391 587 2.80208
392 393 -0.82498
392 405 3.01744
392 406 -0.12552
392 574 1.48231
392 588 -1.40289
393 394 -0.74922
393 407 -1.23906
393 575 -1.18836
393 589 -0.79008
394 395 0.04066
394 408 -0.0131
394 576 1.64016
394 590 0.49581
395 396 -0.56294
395 409 0.34914
395 577 1.81496
395 591 -0.54131
396 397 1.81416
396 410 0.95127
396 578 0.81493
396 592 2.26484
397 398 -1.38407
397 411 0.12756
397 579 0.40888
397 593 -3.10817
398 399 -1.2142
398 412 -1.71043
398 580 -0.87154
398 594 -0.00909
399 400 -0.33258
399 413 -1.39858
399 581 0.43272
399 595 -0.29311
400 401 0.64564
400 414 -0.77093
400 582 -1.17974
400 596 -2.12428
401 402 -1.00758
401 415 0.81842
401 583 0.18644
401 597 -0.72499
402 403 -1.32812
402 416 0.61753
402 584 -1.78483
402 598 0.74483
403 404 -0.14682
403 417 0.96848
403 585 -0.38466
403 599 -0.04389
404 405 0.02339
404 418 -1.52874
404 586 0.73735
404 600 -0.9079
405 419 -0.475
405 587 -1.28795
405 601 -1.15227
406 407 -1.16772
406 419 -0.76919
406 420 0.52476
406 602 -0.46566
407 408 0.34628
407 421 -1.06526
407 603 0.37692
408 409 1.0202
408 422 1.69565
408 604 1.82052
409 410 -0.71233
409 423 0.04686
409 605 1.04564
410 411 0.29304
410 424 -0.78535
410 606 -0.62543
411 412 0.54656
411 425 -0.53898
411 607 -0.45116
412 413 0.41909
412 426 0.80381
412 608 0.15241
413 414 0.55816
413 427 0.24108
413 609 -0.57839
414 415 -1.71594
414 428 -0.28141
414 610 0.42958
415 416 -0.40153
415 429 -0.585
415 611 -1.5817
416 417 -0.98999
416 430 -1.20094
416 612 1.436
417 418 -1.65048
417 431 1.84822
417 613 -3.25147
418 419 1.01292
418 432 0.68316
418 614 0.54412
419 433 -0.04088
419 615 1.5121
420 421 0.08732
420 433 0.60183
420 434 1.50187
420 616 -0.08637
421 422 -2.18464
421 435 0.3575
421 617 1.34559
422 423 0.77138
422 436 -0.68325
422 618 -0.20409
423 424 0.65102
423 437 -0.53949
423 619 -0.88
424 425 0.03701
424 438 1.98117
424 620 -0.27306
425 426 0.7474
425 439 -0.8595
425 621 -0.22483
426 427 2.27667
426 440 -0.1844
426 622 -0.18402
427 428 -0.65768
427 441 -1.2329
427 623 0.73399
428 429 -0.02224
428 442 1.10113
428 624 -0.44949
429 430 0.53215
429 443 0.11297
429 625 -0.45888
430 431 -1.52387
430 444 1.8698
430 626 -0.06835
431 432 0.71228
431 445 1.35634
431 627 -1.20807
432 433 2.13075
432 446 -0.11372
432 628 -0.19648
433 447 -0.26653
433 629 -0.2338
434 435 -0.93889
434 447 1.18112
434 448 0.53046
434 630 -1.57822
435 436 -0.70189
435 449 0.07109
435 631 0.45075
436 437 0.6565
436 450 0.13814
436 632 0.90316
437 438 0.60739
437 451 1.34917
437 633 0.37533
438 439 0.30006
438 452 0.68024
438 634 0.29091
439 440 0.61901
439 453 -0.00403
439 635 -0.78357
440 441 2.63829
440 454 -0.13693
440 636 -1.74678
441 442 1.05001
441 455 1.44635
441 637 0.46245
442 443 0.19174
442 456 -1.16907
442 638 0.43824
443 444 -0.60837
443 457 -1.15015
443 639 -0.15683
444 445 0.46329
444 458 0.45423
444 640 -1.06266
445 446 -0.7553
445 459 -0.48111
445 641 -1.75272
446 447 0.00135
446 460 0.57239
446 642 -0.15484
447 461 0.66826
447 643 1.17881
448 449 -0.52392
448 461 -0.55912
448 462 1.84852
448 644 1.1977
449 450 -2.96826
449 463 -1.37917
449 645 1.03213
450 451 1.33209
450 464 0.53629
450 646 -0.92906
451 452 -0.04186
451 465 -0.28644
451 647 0.14062
452 453 0.5512
452 466 -1.10562
452 648 -1.39226
453 454 0.81378
453 467 1.37881
453 649 -0.33508
454 455 1.53368
454 468 -0.81438
454 650 -0.17557
455 456 -0.40652
455 469 0.16711
455 651 -1.00655
456 457 -1.25055
456 470 1.85469
456 652 1.51093
457 458 0.34168
457 471 -0.76409
457 653 1.17323
458 459 -1.24767
458 472 -1.20094
458 654 -0.76346
459 460 1.04102
459 473 -0.44605
459 655 0.28264
460 461 0.51182
460 474 -0.27333
460 656 -0.52533
461 475 0.53128
461 657 -0.73489
462 463 0.96745
462 475 1.74373
462 476 0.3338
462 658 0.22064
463 464 -0.41936
463 477 0.91446
463 659 -2.36861
464 465 -0.65814
464 478 -0.79432
464 660 -0.34393
465 466 0.24835
465 479 -1.32458
465 661 -1.58633
466 467 0.89852
466 480 -0.90875
466 662 0.8002
467 468 1.04606
467 481 1.3549
467 663 -0.18813
468 469 -0.54036
468 482 -0.34833
468 664 0.7855
469 470 -0.05301
469 483 0.05086
469 665 -0.28643
470 471 0.0384
470 484 0.19042
470 666 -0.26257
471 472 -0.02951
471 485 -0.68259
471 667 1.6479
472 473 0.54862
472 486 0.16504
472 668 1.21976
473 474 -1.83165
473 487 -1.81844
473 669 0.88313
474 475 0.76524
474 488 -1.62218
474 670 -1.39515
475 489 0.94439
475 671 0.36519
476 477 0.29289
476 489 1.6115
476 490 0.0324
476 672 -0.03076
477 478 -0.20841
477 491 0.09434
477 673 1.57668
478 479 1.5952
478 492 0.1278
478 674 0.58728
479 480 0.14983
479 493 -0.96512
479 675 -1.1991
480 481 -1.85073
480 494 0.93048
480 676 1.16124
481 482 -0.80852
481 495 0.43574
481 677 -2.16812
482 483 -1.09904
482 496 0.5056
482 678 -0.41968
483 484 0.74152
483 497 1.07943
483 679 1.05659
484 485 1.66664
484 498 0.28058
484 680 -1.16844
485 486 0.57503
485 499 0.02018
485 681 -1.66914
486 487 0.59409
486 500 0.43777
486 682 -1.85509
487 488 1.10132
487 501 -0.77375
487 683 1.62362
488 489 1.04869
488 502 0.59077
488 684 1.29723
489 503 1.19945
489 685 -1.32841
490 491 -0.08527
490 503 -0.37857
490 504 -2.47797
490 686 -1.18501
491 492 -2.05533
491 505 0.50614
491 687 -0.75714
492 493 1.20648
492 506 -1.57063
492 688 -0.6517
493 494 -1.91745
493 507 1.00408
493 689 0.77481
494 495 0.58314
494 508 -0.78054
494 690 -2.54275
495 496 0.3662
495 509 0.34922
495 691 1.22103
496 497 0.25131
496 510 1.48628
496 692 0.81837
497 498 1.05385
497 511 0.49782
497 693 -1.22263
498 499 0.09783
498 512 -0.90171
498 694 -0.01785
499 500 0.10869
499 513 -1.24117
499 695 0.0101
500 501 -1.1847
500 514 -0.9971
500 696 -0.85211
501 502 -0.28934
501 515 -1.51452
501 697 1.27413
502 503 0.03513
502 516 -0.11882
502 698 -2.12699
503 517 0.96606
503 699 0.4708
504 505 1.77565
504 517 -2.00206
504 518 0.41575
504 700 -0.76314
505 506 0.68755
505 519 -1.95081
505 701 0.22357
506 507 -1.725
506 520 1.41666
506 702 0.24464
507 508 1.1263
507 521 1.47261
507 703 1.41602
508 509 1.28223
508 522 -3.0193
508 704 1.15298
509 510 -0.70816
509 523 -0.74796
509 705 0.92485
510 511 1.33104
510 524 0.82249
510 706 -2.49499
511 512 -0.87622
511 525 -1.13531
511 707 0.61921
512 513 0.05786
512 526 0.52282
512 708 -0.32032
513 514 -0.22586
513 527 -1.92725
513 709 -0.52846
514 515 0.71249
514 528 1.35545
514 710 -1.90145
515 516 -0.96249
515 529 1.03681
515 711 -1.17117
516 517 -1.61904
516 530 -0.31621
516 712 0.71642
517 531 -0.46976
517 713 -1.34951
518 519 -0.30001
518 531 0.94171
518 532 -0.67233
518 714 -0.33879
519 520 -0.8924
519 533 1.35022
519 715 0.4699
520 521 -0.51365
520 534 0.99447
520 716 0.74553
521 522 -0.39503
521 535 0.91067
521 717 0.19278
522 523 -0.62942
522 536 0.6679
522 718 0.35487
523 524 -1.43822
523 537 -0.04674
523 719 0.3586
524 525 1.28706
524 538 0.11163
524 720 1.80593
525 526 -0.17242
525 539 -1.0295
525 721 0.15503
526 527 0.72353
526 540 1.83136
526 722 1.25905
527 528 0.72886
527 541 -0.30476
527 723 1.88425
528 529 -0.51314
528 542 0.58153
528 724 -0.93303
529 530 0.57202
529 543 1.63783
529 725 -0.97915
530 531 0.28706
530 544 1.00227
530 726 0.24794
531 545 0.41011
531 727 1.60915
532 533 -0.57411
532 545 -0.45488
532 546 0.14689
532 728 2.40619
533 534 0.78622
533 547 0.33382
533 729 2.31213
534 535 1.21872
534 548 0.22053
534 730 -0.98624
535 536 -0.28267
535 549 2.3048
535 731 -0.10574
536 537 -0.87937
536 550 0.34429
536 732 0.1267
537 538 -0.20963
537 551 0.45064
537 733 0.94015
538 539 -0.12657
538 552 1.30857
538 734 0.86192
539 540 -0.4479
539 553 -0.2109
539 735 1.15781
540 541 -0.52245
540 554 0.52401
540 736 -0.29533
541 542 0.06447
541 555 -0.26948
541 737 -1.17844
542 543 -0.76575
542 556 -0.49621
542 738 -2.51735
543 544 -0.45122
543 557 0.33816
543 739 1.04685
544 545 -0.67887
544 558 0.10961
544 740 -0.72991
545 559 -1.05894
545 741 -1.40338
546 547 -1.54981
546 559 0.74704
546 560 0.8972
546 742 0.01387
547 548 1.04447
547 561 -0.07535
547 743 0.75336
548 549 -0.39419
548 562 1.05834
548 744 -1.16442
549 550 1.00726
549 563 -0.52601
549 745 0.05359
550 551 -1.84105
550 564 0.78173
550 746 -0.63695
551 552 1.62502
551 565 -0.70179
551 747 -0.99712
552 553 -1.59751
552 566 -0.01841
552 748 0.14468
553 554 -0.61655
553 567 -0.96256
553 749 0.89876
554 555 -0.55315
554 568 1.86978
554 750 0.03989
555 556 0.70412
555 569 -0.36502
555 751 -0.6879
556 557 0.62937
556 570 -0.56769
556 752 0.50821
557 558 0.47548
557 571 0.12907
557 753 0.20774
558 559 0.74164
558 572 -0.02274
558 754 0.51806
559 573 -1.52113
559 755 -1.64976
560 561 0.20437
560 573 -1.48553
560 574 0.07387
560 756 0.11087
561 562 0.04005
561 575 -0.77697
561 757 0.59168
562 563 0.60038
562 576 0.84708
562 758 0.19242
563 564 1.69288
563 577 1.18004
563 759 1.13254
564 565 1.20371
564 578 0.51758
564 760 -0.24854
565 566 1.1145
565 579 1.19071
565 761 -0.27228
566 567 -1.09179
566 580 1.83447
566 762 -1.8317
567 568 0.55205
567 581 1.86692
567 763 -2.53958
568 569 -0.32808
568 582 -0.78731
568 764 1.29187
569 570 -0.52527
569 583 0.69436
569 765 -0.12555
570 571 0.54425
570 584 0.41732
570 766 -0.06113
571 572 -1.45719
571 585 1.35141
571 767 0.2261
572 573 -1.48708
572 586 -0.11229
572 768 -0.83781
573 587 -0.86963
573 769 -0.6716
574 575 0.28205
574 587 0.57283
574 770 -1.01941
575 576 1.02008
575 771 -0.18343
576 577 0.16518
576 772 0.4604
577 578 -1.01171
577 773 1.43604
578 579 0.40789
578 774 -1.26083
579 580 -1.05449
579 775 1.21798
580 581 -1.27034
580 776 -0.78784
581 582 -2.16271
581 777 0.91203
582 583 0.63771
582 778 -1.57097
583 584 0.8001
583 779 0.56459
584 585 -0.59116
584 780 1.2196
585 586 1.65836
585 781 -0.3501
586 587 -1.47958
586 782 -0.66392
587 783 1.17834
588 589 -0.14028
588 601 0.14313
588 602 -0.82185
588 770 -1.62689
588 784 -1.62811
589 590 -0.73799
589 603 0.14311
589 771 -0.31406
589 785 -0.36681
590 591 -0.58293
590 604 -0.97027
590 772 0.31152
590 786 -0.14134
591 592 0.95598
591 605 -2.15824
591 773 -0.14693
591 787 1.34957
592 593 0.81028
592 606 1.00119
592 774 -1.22377
592 788 -2.49009
593 594 -2.02305
593 607 1.76088
593 775 1.35956
593 789 0.07558
594 595 -0.9652
594 608 -0.54058
594 776 -0.53195
594 790 -1.16318
595 596 -0.52867
595 609 0.51035
595 777 -1.24574
595 791 -0.26407
596 597 0.32141
596 610 -0.07955
596 778 0.60148
596 792 1.0972
597 598 -0.15682
597 611 0.50384
597 779 -1.26955
597 793 -0.27631
598 599 -0.09167
598 612 -2.21364
598 780 1.41616
598 794 -0.61775
599 600 -0.97036
599 613 0.4254
599 781 -0.67542
599 795 0.22322
600 601 0.15077
600 614 -0.32003
600 782 -0.08552
600 796 -1.07926
601 615 0.26255
601 783 0.41715
601 797 -0.35555
602 603 -0.10599
602 615 0.9055
602 616 -2.00355
602 798 -0.95218
603 604 -0.55261
603 617 -0.61446
603 799 -0.06645
604 605 0.04563
604 618 0.31442
604 800 0.8271
605 606 -0.23246
605 619 -1.033
605 801 0.31596
606 607 -0.63415
606 620 0.34546
606 802 -0.526
607 608 0.92959
607 621 -0.09515
607 803 -1.26458
608 609 -1.51916
608 622 0.27652
608 804 -0.62134
609 610 -0.40889
609 623 1.30071
609 805 0.3598
610 611 1.94011
610 624 0.14826
610 806 -1.35608
611 612 -0.35747
611 625 2.5244
611 807 -1.29484
612 613 -0.84921
612 626 -0.69999
612 808 -1.86092
613 614 0.68236
613 627 -1.03728
613 809 0.48478
614 615 -2.33642
614 628 -0.57934
614 810 -0.69007
615 629 0.45951
615 811 1.17504
616 617 -0.02889
616 629 3.10018
616 630 0.4714
616 812 0.46796
617 618 -1.50124
617 631 0.30725
617 813 0.85741
618 619 -0.55948
618 632 0.12695
618 814 0.25364
619 620 0.10608
619 633 0.43177
619 815 -0.59538
620 621 0.65818
620 634 -0.53514
620 816 0.56863
621 622 -0.94106
621 635 -1.81972
621 817 -0.13855
622 623 0.56514
622 636 -0.14431
622 818 -0.26934
623 624 2.13844
623 637 0.75041
623 819 -0.29513
624 625 -0.33769
624 638 0.4151
624 820 -0.31788
625 626 -1.05262
625 639 -0.55692
625 821 -2.14571
626 627 -0.65952
626 640 -0.46433
626 822 0.03767
627 628 1.0911
627 641 0.30545
627 823 1.26528
628 629 1.21757
628 642 0.50647
628 824 -0.7715
629 643 -2.18652
629 825 1.98951
630 631 0.54046
630 643 -0.64357
630 644 -0.49504
630 826 1.21521
631 632 -1.77554
631 645 0.74559
631 827 1.05531
632 633 -0.27912
632 646 -1.68605
632 828 0.64034
633 634 1.04864
633 647 -0.06527
633 829 -0.7381
634 635 -0.43331
634 648 0.29004
634 830 -0.40575
635 636 -0.45538
635 649 -0.01291
635 831 2.14872
636 637 1.13367
636 650 0.08874
636 832 0.46289
637 638 0.96695
637 651 -0.35761
637 833 0.4845
638 639 0.35841
638 652 0.36938
638 834 0.2858
639 640 -0.15754
639 653 -0.82264
639 835 -0.5022
640 641 2.87623
640 654 2.13677
640 836 0.45809
641 642 -2.2211
641 655 -0.4395
641 837 -0.18632
642 643 1.24412
642 656 0.82968
642 838 -0.34862
643 657 0.79299
643 839 -0.47745
644 645 0.07875
644 657 1.32966
644 658 -0.08587
644 840 -0.64608
645 646 0.74461
645 659 -0.13307
645 841 1.59189
646 647 0.86073
646 660 -1.34406
646 842 -2.62095
647 648 -0.77732
647 661 -1.38778
647 843 -0.36564
648 649 -0.69184
648 662 0.66965
648 844 -0.70738
649 650 0.52843
649 663 0.69132
649 845 1.15691
650 651 1.36348
650 664 -1.17399
650 846 -0.94268
651 652 0.42271
651 665 -1.06768
651 847 -0.45229
652 653 -0.40475
652 666 -1.47457
652 848 -0.54299
653 654 -1.52814
653 667 -0.53223
653 849 -0.64048
654 655 -0.80239
654 668 -1.20371
654 850 1.58201
655 656 0.63627
655 669 0.37931
655 851 0.48892
656 657 -0.77102
656 670 0.02733
656 852 -0.54969
657 671 -1.01953
657 853 -0.19219
658 659 0.94096
658 671 -1.13994
658 672 0.03938
658 854 -0.35296
659 660 0.78281
659 673 0.50471
659 855 -1.28037
660 661 -0.50761
660 674 1.27823
660 856 0.32184
661 662 0.6355
661 675 1.69915
661 857 -0.86666
662 663 1.22056
662 676 -0.70244
662 858 -0.49132
663 664 -0.71126
663 677 0.4408
663 859 0.63501
664 665 0.77798
664 678 1.06324
664 860 1.034
665 666 -0.55416
665 679 -0.55135
665 861 0.51137
666 667 -0.38542
666 680 -0.42496
666 862 0.64323
667 668 -1.2401
667 681 0.50062
667 863 0.42006
668 669 -1.31738
668 682 -0.23365
668 864 -0.45065
669 670 2.27576
669 683 0.11346
669 865 0.19264
670 671 0.22376
670 684 0.1631
670 866 1.2076
671 685 -0.57604
671 867 0.22566
672 673 0.17365
672 685 -2.40564
672 686 -0.4955
672 868 -0.72706
673 674 -2.15634
673 687 -0.10451
673 869 -0.27665
674 675 -0.58044
674 688 0.09582
674 870 2.06087
675 676 0.89215
675 689 -0.10432
675 871 -0.75265
676 677 1.37011
676 690 1.09296
676 872 -0.44531
677 678 0.59219
677 691 -2.03313
677 873 -0.04305
678 679 -0.07274
678 692 -0.37277
678 874 -0.57257
679 680 1.24138
679 693 0.42863
679 875 -0.85231
680 681 -0.39163
680 694 -1.18166
680 876 2.21836
681 682 -1.72138
681 695 -1.1547
681 877 0.14977
682 683 0.7467
682 696 -0.16124
682 878 -0.51373
683 684 0.23367
683 697 -1.51104
683 879 -2.60498
684 685 0.01959
684 698 2.36348
684 880 1.85261
685 699 -1.03445
685 881 0.35048
686 687 1.33587
686 699 -0.27383
686 700 0.14
686 882 0.75043
687 688 1.07288
687 701 1.15615
687 883 1.18313
688 689 0.5986
688 702 0.16497
688 884 0.98948
689 690 0.76357
689 703 -0.32623
689 885 -0.24801
690 691 -1.02339
690 704 -0.6633
690 886 -0.04149
691 692 0.75082
691 705 -1.10448
691 887 2.62519
692 693 0.33553
692 706 1.21156
692 888 1.40655
693 694 -2.48948
693 707 -0.36032
693 889 1.70138
694 695 0.9978
694 708 0.05391
694 890 -1.74931
695 696 0.1303
695 709 0.08866
695 891 1.25014
696 697 0.37968
696 710 -0.87412
696 892 0.69766
697 698 -1.16033
697 711 -0.58351
697 893 0.01725
698 699 1.52613
698 712 0.71342
698 894 1.75472
699 713 -2.53048
699 895 -0.6461
700 701 -0.71996
700 713 0.21642
700 714 0.62791
700 896 -1.2835
701 702 -0.30916
701 715 -1.48374
701 897 0.7302
702 703 0.6528
702 716 -0.85567
702 898 0.47694
703 704 -0.31323
703 717 -0.62085
703 899 0.65086
704 705 -0.94558
704 718 0.37235
704 900 -1.17861
705 706 1.68599
705 719 -0.37832
705 901 2.6025
706 707 1.62292
706 720 -0.01438
706 902 1.17454
707 708 -1.19638
707 721 0.30997
707 903 0.70136
708 709 -0.35427
708 722 1.52054
708 904 -0.28161
709 710 -1.43605
709 723 1.19491
709 905 -1.76934
710 711 -0.94232
710 724 0.03684
710 906 1.16556
711 712 -0.45149
711 725 -0.90833
711 907 -0.51439
712 713 0.60389
712 726 -1.45939
712 908 0.69829
713 727 -0.09169
713 909 -0.2829
714 715 -1.29463
714 727 0.0358
714 728 0.04876
714 910 0.03046
715 716 0.18967
715 729 0.19847
715 911 0.24827
716 717 -0.80079
716 730 -0.2452
716 912 0.56696
717 718 -1.80655
717 731 1.41904
717 913 0.74841
718 719 -0.64907
718 732 0.98075
718 914 1.2705
719 720 2.79396
719 733 -0.51892
719 915 -0.9123
720 721 -0.21109
720 734 0.2097
720 916 -0.21306
721 722 0.40634
721 735 1.03404
721 917 1.31886
722 723 0.11931
722 736 0.84916
722 918 -0.51259
723 724 -2.0092
723 737 -1.17425
723 919 -1.99631
724 725 0.41111
724 738 -0.77455
724 920 1.43304
725 726 -1.02176
725 739 -2.15512
725 921 -1.72969
726 727 -0.28607
726 740 -0.4817
726 922 0.8641
727 741 0.61136
727 923 -1.15228
728 729 1.08916
728 741 1.37096
728 742 -1.00006
728 924 0.47679
729 730 -0.32153
729 743 -1.12505
729 925 -1.90131
730 731 -1.92546
730 744 -0.02358
730 926 0.16333
731 732 -0.18686
731 745 0.71162
731 927 -0.3442
732 733 -0.09672
732 746 0.56226
732 928 0.48385
733 734 0.0788
733 747 -0.53258
733 929 1.60613
734 735 -0.47501
734 748 1.3725
734 930 0.9788
735 736 0.3098
735 749 0.06976
735 931 0.0545
736 737 -0.23392
736 750 -0.38788
736 932 0.74425
737 738 2.13763
737 751 0.21094
737 933 -1.58218
738 739 1.13921
738 752 -1.55405
738 934 0.91516
739 740 0.41525
739 753 -0.26208
739 935 -1.02816
740 741 -0.59625
740 754 0.44852
740 936 -0.9191
741 755 0.6698
741 937 -0.30348
742 743 0.08807
742 755 0.0373
742 756 0.80755
742 938 2.51885
743 744 -0.75674
743 757 1.24714
743 939 -0.86039
744 745 1.20192
744 758 0.10345
744 940 0.42696
745 746 -0.55787
745 759 -1.28107
745 941 -0.5708
746 747 -1.61559
746 760 -1.56077
746 942 -0.60761
747 748 -1.25778
747 761 0.9894
747 943 -1.16946
748 749 0.18827
748 762 -2.161
748 944 0.80625
749 750 1.24367
749 763 -0.38344
749 945 0.18312
750 751 1.92577
750 764 -0.953
750 946 0.78295
751 752 0.73968
751 765 0.34928
751 947 -0.63959
752 753 -1.26408
752 766 0.12223
752 948 -1.13058
753 754 0.35964
753 767 0.84198
753 949 -0.07589
754 755 0.20623
754 768 -2.16595
754 950 -1.19145
755 769 0.4636
755 951 -0.8891
756 757 0.14641
756 769 -2.0676
756 770 1.3927
756 952 -0.38269
757 758 1.09881
757 771 0.58058
757 953 -0.35461
758 759 1.67243
758 772 0.01731
758 954 -0.02025
759 760 -0.85713
759 773 -1.7344
759 955 1.60491
760 761 1.14205
760 774 -0.60543
760 956 -1.141
761 762 -0.27994
761 775 -0.08055
761 957 -0.73258
762 763 -0.6706
762 776 0.34695
762 958 1.111
763 764 0.7133
763 777 1.25126
763 959 -0.19106
764 765 0.94871
764 778 -1.39421
764 960 2.41038
765 766 0.29394
765 779 -0.34296
765 961 -0.72224
766 767 1.75161
766 780 -0.44572
766 962 -0.75558
767 768 -0.69786
767 781 1.26719
767 963 0.15874
768 769 0.21947
768 782 1.83468
768 964 0.8968
769 783 0.04857
769 965 1.75228
770 771 -0.04822
770 783 0.36456
770 966 1.71028
771 772 -1.51576
771 967 1.25093
772 773 -0.21874
772 968 1.0861
773 774 -0.65672
773 969 -0.73094
774 775 0.49791
774 970 0.73015
775 776 -0.69544
775 971 0.35236
776 777 1.77839
776 972 -2.18858
777 778 0.44812
777 973 -1.22122
778 779 0.00671
778 974 -0.25919
779 780 -0.31556
779 975 0.21987
780 781 -1.30397
780 976 0.66078
781 782 -0.91809
781 977 -0.152
782 783 -1.31723
782 978 -0.76186
783 979 1.60644
784 785 0.70329
784 797 -0.34856
784 798 -2.17424
784 966 -0.36076
784 980 1.07692
785 786 0.60601
785 799 1.15421
785 967 -0.34912
785 981 -0.89799
786 787 1.16521
786 800 -0.04066
786 968 -2.87789
786 982 1.97218
787 788 0.71135
787 801 0.89352
787 969 -0.60758
787 983 -0.1088
788 789 1.27944
788 802 -0.52056
788 970 -0.76998
788 984 -0.28604
789 790 0.08518
789 803 1.28248
789 971 0.09421
789 985 -1.80741
790 791 -0.50362
790 804 0.77253
790 972 -0.23146
790 986 0.62126
791 792 0.0012
791 805 0.24221
791 973 -0.15564
791 987 0.85274
792 793 -1.38348
792 806 2.66204
792 974 -0.28357
792 988 -0.4665
793 794 -0.70806
793 807 1.56466
793 975 1.1545
793 989 0.73319
794 795 0.79595
794 808 0.44106
794 976 0.00027
794 990 -0.14979
795 796 -0.08378
795 809 -0.74655
795 977 -0.3076
795 991 0.06589
796 797 -1.20219
796 810 0.37939
796 978 -0.79412
796 992 0.95711
797 811 0.36181
797 979 0.70986
797 993 -1.34071
798 799 -0.32056
798 811 -0.71616
798 812 -1.10101
798 994 1.09853
799 800 1.07006
799 813 -1.64582
799 995 0.55597
800 801 -1.90056
800 814 -0.48316
800 996 1.55116
801 802 0.42533
801 815 0.58242
801 997 0.69329
802 803 -0.94082
802 816 -1.76477
802 998 1.57221
803 804 1.13765
803 817 0.83051
803 999 0.11677
804 805 -0.39972
804 818 -1.40349
804 1000 -1.97562
805 806 0.70193
805 819 0.68112
805 1001 -1.33874
806 807 1.04802
806 820 0.0672
806 1002 -0.55862
807 808 0.67311
807 821 0.88657
807 1003 0.21818
808 809 1.73644
808 822 0.01449
808 1004 -1.40768
809 810 -2.72078
809 823 -0.13661
809 1005 0.23132
810 811 -1.20002
810 824 1.44962
810 1006 0.36514
811 825 -0.72749
811 1007 1.30649
812 813 0.64245
812 825 -1.01923
812 826 -0.44214
812 1008 -0.33386
813 814 -0.23702
813 827 1.18233
813 1009 1.50558
814 815 0.59629
814 828 1.34353
814 1010 0.65388
815 816 -0.20711
815 829 -1.57841
815 1011 -1.29642
816 817 0.36551
816 830 1.56605
816 1012 0.04151
817 818 -0.86365
817 831 2.11014
817 1013 -0.50198
818 819 -0.1491
818 832 -0.5705
818 1014 1.67533
819 820 0.22824
819 833 1.55743
819 1015 -1.0907
820 821 1.23005
820 834 0.00491
820 1016 0.10238
821 822 -0.88712
821 835 0.95105
821 1017 -0.02608
822 823 0.9302
822 836 -1.55435
822 1018 -0.6804
823 824 0.13965
823 837 -1.37451
823 1019 0.03583
824 825 1.07765
824 838 -0.69093
824 1020 0.39869
825 839 0.33063
825 1021 1.26384
826 827 -0.10112
826 839 -0.30865
826 840 -0.23577
826 1022 1.67687
827 828 -0.70987
827 841 0.73033
827 1023 -0.85472
828 829 -1.63295
828 842 0.00027
828 1024 -0.74743
829 830 -0.88209
829 843 1.17318
829 1025 -0.15542
830 831 1.5059
830 844 -0.10822
830 1026 -0.00599
831 832 -0.98899
831 845 0.50004
831 1027 0.34047
832 833 -0.31368
832 846 0.4399
832 1028 0.01042
833 834 -0.37054
833 847 0.16262
833 1029 0.18468
834 835 0.14664
834 848 1.92104
834 1030 -0.90878
835 836 0.51787
835 849 -1.22444
835 1031 0.66187
836 837 0.2436
836 850 0.46558
836 1032 0.8178
837 838 -0.1758
837 851 0.14411
837 1033 -1.03615
838 839 -1.58619
838 852 -0.16528
838 1034 0.41315
839 853 -1.78073
839 1035 0.03093
840 841 1.3577
840 853 -1.4022
840 854 -0.16277
840 1036 -0.487
841 842 0.49911
841 855 -0.50206
841 1037 0.05076
842 843 -1.14985
842 856 -2.29344
842 1038 -2.26667
843 844 -0.66097
843 857 1.00384
843 1039 0.70535
844 845 -0.69774
844 858 0.48631
844 1040 1.38998
845 846 0.29998
845 859 -0.00402
845 1041 -0.97844
846 847 -0.8409
846 860 -1.09711
846 1042 1.1529
847 848 0.91876
847 861 -1.5576
847 1043 -0.72111
848 849 -0.71668
848 862 1.11661
848 1044 0.77707
849 850 0.68364
849 863 0.22065
849 1045 -0.80684
850 851 1.62419
850 864 -1.58332
850 1046 0.82108
851 852 -0.27263
851 865 0.27979
851 1047 0.57306
852 853 -0.0008
852 866 -1.57636
852 1048 -0.28829
853 867 -1.6223
853 1049 -3.0982
854 855 -0.86889
854 867 -0.88991
854 868 -1.24095
854 1050 -0.20232
855 856 -0.35835
855 869 -0.16714
855 1051 0.12141
856 857 -0.48947
856 870 -0.37189
856 1052 -1.3518
857 858 -0.51937
857 871 0.45007
857 1053 -0.49272
858 859 -1.65203
858 872 -1.2015
858 1054 -0.988
859 860 -0.3836
859 873 0.14355
859 1055 -0.17561
860 861 0.9614
860 874 -1.83763
860 1056 -0.35766
861 862 -1.61395
861 875 -0.35153
861 1057 0.83461
862 863 1.08386
862 876 -0.12787
862 1058 0.03964
863 864 -1.15273
863 877 -0.20643
863 1059 0.73594
864 865 -0.96302
864 878 0.35048
864 1060 -0.60286
865 866 0.08664
865 879 0.4716
865 1061 -1.13145
866 867 -0.59019
866 880 0.03539
866 1062 -1.2337
867 881 0.6258
867 1063 -0.78161
868 869 0.56348
868 881 -2.98056
868 882 1.13451
868 1064 -0.81756
869 870 1.06537
869 883 -0.49265
869 1065 -0.07942
870 871 -1.08842
870 884 1.30568
870 1066 1.47916
871 872 -0.73667
871 885 -0.56523
871 1067 2.10495
872 873 -0.86399
872 886 0.09004
872 1068 -2.94478
873 874 0.28211
873 887 0.43793
873 1069 -0.02671
874 875 1.28666
874 888 0.29377
874 1070 -1.90127
875 876 -0.31749
875 889 -0.28982
875 1071 -0.03898
876 877 0.09443
876 890 1.32959
876 1072 -0.99662
877 878 -0.07185
877 891 0.09636
877 1073 -0.08896
878 879 0.19759
878 892 -1.25894
878 1074 0.73526
879 880 1.25445
879 893 0.31818
879 1075 0.17715
880 881 0.18567
880 894 0.14748
880 1076 -1.3158
881 895 0.22568
881 1077 -0.08276
882 883 -1.30597
882 895 0.32512
882 896 0.43593
882 1078 -0.70181
883 884 -0.25698
883 897 0.13262
883 1079 -0.07947
884 885 -0.69582
884 898 0.21154
884 1080 -0.66173
885 886 1.13884
885 899 -1.0955
885 1081 -1.45788
886 887 1.58132
886 900 0.58118
886 1082 -0.14444
887 888 -0.89835
887 901 0.27452
887 1083 -0.89548
888 889 1.45536
888 902 0.53649
888 1084 0.90789
889 890 -0.0814
889 903 -0.53389
889 1085 0.67152
890 891 -1.4158
890 904 -0.78607
890 1086 -0.81259
891 892 -0.51933
891 905 -0.92178
891 1087 -0.24358
892 893 -0.72664
892 906 1.08923
892 1088 2.49123
893 894 0.80137
893 907 -0.46377
893 1089 2.27122
894 895 -2.05751
894 908 1.63746
894 1090 -1.97169
895 909 2.59731
895 1091 -0.59355
896 897 1.25255
896 909 0.97492
896 910 -2.65221
896 1092 1.75844
897 898 0.49507
897 911 0.29682
897 1093 0.13864
898 899 -1.41739
898 912 -0.22835
898 1094 2.00558
899 900 -1.73013
899 913 0.95089
899 1095 -0.62885
900 901 0.52815
900 914 -0.18667
900 1096 -2.28374
901 902 0.52131
901 915 -1.18871
901 1097 1.22711
902 903 -0.35285
902 916 1.09464
902 1098 -0.29626
903 904 -0.18623
903 917 0.86851
903 1099 1.08939
904 905 -0.90106
904 918 -0.47996
904 1100 0.45464
905 906 1.12629
905 919 -1.17888
905 1101 -0.94508
906 907 -1.67575
906 920 -0.81296
906 1102 -3.19746
907 908 1.28472
907 921 -0.7952
907 1103 0.32638
908 909 0.08802
908 922 -2.26194
908 1104 -0.82109
909 923 -0.85934
909 1105 1.80652
910 911 -0.02762
910 923 1.38114
910 924 1.11108
910 1106 0.21907
911 912 0.88631
911 925 -1.23336
911 1107 -1.02825
912 913 -0.38287
912 926 -1.72439
912 1108 1.5409
913 914 0.87157
913 927 -0.56085
913 1109 -0.60672
914 915 0.5512
914 928 -0.32199
914 1110 0.18921
915 916 -0.17377
915 929 -0.19445
915 1111 0.3328
916 917 0.53242
916 930 -0.8292
916 1112 0.80876
917 918 -0.75161
917 931 0.62959
917 1113 1.14734
918 919 -0.31134
918 932 1.36155
918 1114 0.35651
919 920 -0.32581
919 933 -1.16793
919 1115 0.3052
920 921 -1.29971
920 934 0.04874
920 1116 -0.37579
921 922 0.52302
921 935 0.43727
921 1117 0.05587
922 923 0.32783
922 936 -0.24759
922 1118 -0.19577
923 937 0.00984
923 1119 -0.44181
924 925 -0.56078
924 937 0.36896
924 938 -1.19305
924 1120 -0.69288
925 926 -0.64399
925 939 -0.69941
925 1121 -0.04813
926 927 1.13235
926 940 -0.96822
926 1122 0.26587
927 928 -0.71541
927 941 1.71103
927 1123 1.22082
928 929 1.53673
928 942 -0.16634
928 1124 -0.28265
929 930 -2.24128
929 943 -0.55876
929 1125 0.35005
930 931 -1.49831
930 944 1.36897
930 1126 -0.74118
931 932 0.43804
931 945 -1.33614
931 1127 0.38479
932 933 -0.47722
932 946 -0.46308
932 1128 0.50185
933 934 -1.19424
933 947 -0.68231
933 1129 0.27674
934 935 -0.67963
934 948 1.68243
934 1130 0.01992
935 936 -2.88306
935 949 -0.12016
935 1131 -0.90222
936 937 0.45437
936 950 0.51192
936 1132 1.67949
937 951 -0.13991
937 1133 0.63562
938 939 0.1434
938 951 0.44735
938 952 0.19016
938 1134 2.00541
939 940 -1.09604
939 953 -0.69483
939 1135 -0.29388
940 941 -0.74769
940 954 2.04273
940 1136 0.57916
941 942 0.59305
941 955 -0.79492
941 1137 -1.71938
942 943 -0.49679
942 956 -0.82649
942 1138 0.15024
943 944 0.17134
943 957 0.69413
943 1139 -0.28059
944 945 1.10526
944 958 -0.9722
944 1140 -0.56045
945 946 -0.9024
945 959 0.16843
945 1141 -0.25074
946 947 -0.74166
946 960 0.18593
946 1142 -1.4603
947 948 0.78111
947 961 1.51186
947 1143 -2.21834
948 949 -0.96988
948 962 1.09354
948 1144 0.10735
949 950 0.50271
949 963 -1.88136
949 1145 -0.92771
950 951 -1.08418
950 964 -0.36395
950 1146 -1.73518
951 965 1.06682
951 1147 -0.23531
952 953 0.18419
952 965 0.91255
952 966 -0.04715
952 1148 0.32836
953 954 -0.76768
953 967 -2.2129
953 1149 0.12554
954 955 0.6531
954 968 1.10717
954 1150 0.54697
955 956 1.98263
955 969 -0.75236
955 1151 2.51458
956 957 0.35055
956 970 -2.44074
956 1152 0.10079
957 958 -1.33666
957 971 0.32287
957 1153 0.91097
958 959 -1.12503
958 972 0.51583
958 1154 0.24958
959 960 -0.47436
959 973 -0.74778
959 1155 3.14671
960 961 1.55064
960 974 2.08304
960 1156 1.04865
961 962 1.16039
961 975 0.99957
961 1157 1.29739
962 963 -1.41775
962 976 0.54649
962 1158 -0.52412
963 964 -1.66466
963 977 1.2882
963 1159 1.03827
964 965 -0.63586
964 978 -0.40727
964 1160 -0.56072
965 979 -0.53392
965 1161 -0.79202
966 967 -1.50235
966 979 -0.44384
966 1162 -2.24741
967 968 0.57943
967 1163 -0.90589
968 969 -1.21804
968 1164 1.86197
969 970 0.97288
969 1165 0.04997
970 971 -0.05205
970 1166 0.45965
971 972 1.02497
971 1167 1.34767
972 973 -0.91881
972 1168 2.66208
973 974 -1.81113
973 1169 0.1797
974 975 1.44634
974 1170 -0.6853
975 976 -1.30343
975 1171 -0.42421
976 977 0.87766
976 1172 0.22426
977 978 0.13889
977 1173 -0.16314
978 979 0.27768
978 1174 -0.40778
979 1175 1.695
980 981 1.69374
980 993 -0.15519
980 994 -0.27173
980 1162 1.38813
980 1176 -0.63629
981 982 0.07853
981 995 0.67025
981 1163 -2.45364
981 1177 0.42771
982 983 0.06807
982 996 -2.04607
982 1164 -2.47962
982 1178 0.13206
983 984 -1.18108
983 997 -1.04131
983 1165 0.22496
983 1179 0.60696
984 985 1.97554
984 998 0.06824
984 1166 0.58028
984 1180 -0.57797
985 986 0.30349
985 999 -0.47543
985 1167 -0.94187
985 1181 0.91681
986 987 -1.07645
986 1000 0.18785
986 1168 0.6147
986 1182 -0.4383
987 988 -0.25938
987 1001 0.58009
987 1169 -0.182
987 1183 0.59972
988 989 -0.60176
988 1002 -0.47607
988 1170 0.45923
988 1184 1.85845
989 990 0.38205
989 1003 2.54064
989 1171 0.10533
989 1185 -0.56831
990 991 -0.44036
990 1004 -0.93131
990 1172 0.07255
990 1186 1.03316
991 992 -0.99813
991 1005 -2.39854
991 1173 0.3233
991 1187 -0.09347
992 993 -0.81226
992 1006 -0.021
992 1174 0.08786
992 1188 -1.07825
993 1007 0.12954
993 1175 -0.69803
993 1189 -0.57626
994 995 -0.80653
994 1007 -0.79626
994 1008 0.32448
994 1190 -0.07496
995 996 -0.97547
995 1009 -1.74014
995 1191 1.32433
996 997 -1.0631
996 1010 0.64897
996 1192 0.12747
997 998 -1.65431
997 1011 0.32701
997 1193 -0.89662
998 999 -0.21714
998 1012 0.31585
998 1194 0.57469
999 1000 0.10533
999 1013 -0.08329
999 1195 -1.58545
1000 1001 -0.06506
1000 1014 -0.72467
1000 1196 -0.74813
1001 1002 0.24577
1001 1015 -0.22695
1001 1197 -1.59143
1002 1003 -2.974
1002 1016 1.89749
1002 1198 0.86894
1003 1004 -1.8859
1003 1017 0.40774
1003 1199 -1.87511
1004 1005 1.50843
1004 1018 -1.21803
1004 1200 0.08747
1005 1006 -0.11109
1005 1019 0.53983
1005 1201 -2.34295
1006 1007 0.38288
1006 1020 -0.03352
1006 1202 -0.96666
1007 1021 0.05877
1007 1203 -0.1158
1008 1009 -0.93505
1008 1021 -2.61647
1008 1022 -1.74739
1008 1204 0.55524
1009 1010 -0.95841
1009 1023 0.03933
1009 1205 -0.03089
1010 1011 -0.52583
1010 1024 2.05253
1010 1206 1.87081
1011 1012 0.42341
1011 1025 1.32678
1011 1207 -0.11065
1012 1013 1.49128
1012 1026 -1.43602
1012 1208 -0.37963
1013 1014 -0.26765
1013 1027 0.14391
1013 1209 0.65519
1014 1015 -0.16794
1014 1028 0.30521
1014 1210 -0.8424
1015 1016 -0.36034
1015 1029 -0.04808
1015 1211 -0.22623
1016 1017 2.3703
1016 1030 -0.56363
1016 1212 -0.19637
1017 1018 0.703
1017 1031 1.67517
1017 1213 0.94095
1018 1019 -1.65247
1018 1032 0.76032
1018 1214 0.69941
1019 1020 -0.4129
1019 1033 0.43435
1019 1215 0.85574
1020 1021 0.80734
1020 1034 0.10935
1020 1216 0.08536
1021 1035 0.79275
1021 1217 0.04138
1022 1023 -1.10265
1022 1035 -1.64477
1022 1036 1.40148
1022 1218 -1.89628
1023 1024 -0.1228
1023 1037 0.25725
1023 1219 -0.83798
1024 1025 1.24845
1024 1038 0.73923
1024 1220 1.0102
1025 1026 -1.11871
1025 1039 -0.20338
1025 1221 0.82979
1026 1027 -1.77083
1026 1040 0.36439
1026 1222 0.99189
1027 1028 0.82454
1027 1041 0.44391
1027 1223 0.37482
1028 1029 0.86569
1028 1042 -0.15997
1028 1224 0.70636
1029 1030 0.25025
1029 1043 1.72331
1029 1225 -0.79902
1030 1031 0.43732
1030 1044 0.49153
1030 1226 0.38558
1031 1032 -0.43634
1031 1045 -1.03945
1031 1227 -0.42159
1032 1033 -0.1535
1032 1046 -0.26989
1032 1228 -1.5177
1033 1034 1.39542
1033 1047 -0.67647
1033 1229 0.77725
1034 1035 0.25012
1034 1048 0.71028
1034 1230 -1.04505
1035 1049 0.79941
1035 1231 0.25271
1036 1037 -0.65859
1036 1049 0.19028
1036 1050 -0.40789
1036 1232 0.4541
1037 1038 0.14467
1037 1051 0.89814
1037 1233 1.11724
1038 1039 -0.45056
1038 1052 -0.8773
1038 1234 0.51181
1039 1040 0.24252
1039 1053 0.27724
1039 1235 0.32265
1040 1041 -1.60486
1040 1054 0.20091
1040 1236 -0.9429
1041 1042 0.27168
1041 1055 0.13204
1041 1237 0.63419
1042 1043 -0.13084
1042 1056 -0.10055
1042 1238 -0.52576
1043 1044 -0.10475
1043 1057 -0.00839
1043 1239 -0.58414
1044 1045 -0.38097
1044 1058 -0.06589
1044 1240 1.40271
1045 1046 -0.00379
1045 1059 -1.09322
1045 1241 -2.06265
1046 1047 1.02304
1046 1060 0.29608
1046 1242 0.29484
1047 1048 -0.47111
1047 1061 2.12974
1047 1243 -0.14686
1048 1049 -0.44502
1048 1062 0.06733
1048 1244 -1.73795
1049 1063 1.30554
1049 1245 1.57485
1050 1051 0.33858
1050 1063 -0.17059
1050 1064 -2.28958
1050 1246 -0.20882
1051 1052 1.22422
1051 1065 0.60927
1051 1247 0.45992
1052 1053 0.47898
1052 1066 -0.53369
1052 1248 2.0768
1053 1054 1.06857
1053 1067 -0.31839
1053 1249 -0.97034
1054 1055 0.27764
1054 1068 0.68062
1054 1250 -0.59234
1055 1056 -1.60774
1055 1069 0.75129
1055 1251 0.42292
1056 1057 -0.01204
1056 1070 0.98434
1056 1252 0.01696
1057 1058 0.74621
1057 1071 -0.92576
1057 1253 0.23967
1058 1059 -0.50631
1058 1072 0.39272
1058 1254 2.47549
1059 1060 0.4956
1059 1073 0.30521
1059 1255 -1.31511
1060 1061 -0.61056
1060 1074 -0.22255
1060 1256 -0.4061
1061 1062 -1.67217
1061 1075 0.25419
1061 1257 -0.08446
1062 1063 0.03429
1062 1076 -0.86439
1062 1258 -0.14282
1063 1077 0.07934
1063 1259 0.13731
1064 1065 1.46698
1064 1077 0.20392
1064 1078 0.01558
1064 1260 0.44856
1065 1066 0.44857
1065 1079 0.27656
1065 1261 0.33276
1066 1067 0.66055
1066 1080 -0.82447
1066 1262 -0.28448
1067 1068 0.90522
1067 1081 -0.6907
1067 1263 -0.87659
1068 1069 -0.64645
1068 1082 -0.04971
1068 1264 0.03983
1069 1070 0.60028
1069 1083 -1.18057
1069 1265 -1.43865
1070 1071 1.36872
1070 1084 -0.76238
1070 1266 -0.71808
1071 1072 0.18986
1071 1085 0.57025
1071 1267 -0.08957
1072 1073 0.66084
1072 1086 -0.29058
1072 1268 -1.32752
1073 1074 -0.03058
1073 1087 -0.4554
1073 1269 -2.29003
1074 1075 0.64084
1074 1088 -1.64791
1074 1270 0.15747
1075 1076 -0.85956
1075 1089 0.60728
1075 1271 1.58529
1076 1077 -0.29612
1076 1090 -0.83519
1076 1272 0.83945
1077 1091 0.95114
1077 1273 1.21444
1078 1079 0.05831
1078 1091 0.46386
1078 1092 -0.46626
1078 1274 -1.23386
1079 1080 1.11728
1079 1093 -2.20825
1079 1275 1.45176
1080 1081 -0.48079
1080 1094 0.51251
1080 1276 -1.20232
1081 1082 -0.40694
1081 1095 -1.21777
1081 1277 -1.47496
1082 1083 2.55472
1082 1096 0.34655
1082 1278 -0.69105
1083 1084 0.44943
1083 1097 -0.37601
1083 1279 -0.71123
1084 1085 -1.18945
1084 1098 -0.34391
1084 1280 0.78219
1085 1086 -0.15723
1085 1099 1.32728
1085 1281 0.26355
1086 1087 0.99059
1086 1100 0.98784
1086 1282 1.18661
1087 1088 -1.96032
1087 1101 0.21473
1087 1283 0.25915
1088 1089 -0.79248
1088 1102 0.34318
1088 1284 0.72236
1089 1090 0.43201
1089 1103 -0.58965
1089 1285 -0.60181
1090 1091 1.27603
1090 1104 1.10929
1090 1286 0.63368
1091 1105 0.79246
1091 1287 -1.79547
1092 1093 -0.8151
1092 1105 -1.41039
1092 1106 0.50761
1092 1288 0.39045
1093 1094 -0.00958
1093 1107 1.53564
1093 1289 0.84944
1094 1095 -0.46657
1094 1108 0.66031
1094 1290 -1.3861
1095 1096 0.43994
1095 1109 0.8788
1095 1291 0.31402
1096 1097 0.78978
1096 1110 0.01684
1096 1292 -0.55716
1097 1098 0.35664
1097 1111 1.41856
1097 1293 -1.2236
1098 1099 0.25304
1098 1112 -0.4546
1098 1294 -0.89147
1099 1100 -1.53353
1099 1113 -1.09672
1099 1295 1.19084
1100 1101 0.51502
1100 1114 -0.42648
1100 1296 2.16324
1101 1102 -1.28146
1101 1115 -0.2865
1101 1297 1.18759
1102 1103 1.71528
1102 1116 2.58323
1102 1298 -0.32461
1103 1104 0.25804
1103 1117 0.05785
1103 1299 -0.29225
1104 1105 0.47336
1104 1118 0.91971
1104 1300 1.40305
1105 1119 -1.27166
1105 1301 0.0513
1106 1107 -0.3156
1106 1119 0.22452
1106 1120 -0.46536
1106 1302 0.01675
1107 1108 1.55533
1107 1121 -1.21457
1107 1303 -0.07754
1108 1109 1.54338
1108 1122 3.53554
1108 1304 0.46486
1109 1110 2.13957
1109 1123 -1.03722
1109 1305 -0.33577
1110 1111 2.37138
1110 1124 1.07216
1110 1306 0.4981
1111 1112 -0.84921
1111 1125 0.43329
1111 1307 -0.49679
1112 1113 -0.44205
1112 1126 -0.09716
1112 1308 0.74235
1113 1114 -0.50346
1113 1127 -0.32726
1113 1309 2.76117
1114 1115 -0.62869
1114 1128 2.23403
1114 1310 0.44258
1115 1116 1.1343
1115 1129 -1.71074
1115 1311 -0.25468
1116 1117 0.21877
1116 1130 0.71567
1116 1312 1.64403
1117 1118 -0.25128
1117 1131 -0.84905
1117 1313 1.37199
1118 1119 0.36761
1118 1132 1.2576
1118 1314 -0.14936
1119 1133 -0.74371
1119 1315 0.12233
1120 1121 -1.0899
1120 1133 -0.03585
1120 1134 -1.93953
1120 1316 0.78264
1121 1122 0.7145
1121 1135 -0.49083
1121 1317 1.01848
1122 1123 0.93096
1122 1136 0.96588
1122 1318 1.04897
1123 1124 -0.23896
1123 1137 -1.38247
1123 1319 0.04741
1124 1125 -0.18432
1124 1138 0.25569
1124 1320 0.58072
1125 1126 0.75117
1125 1139 -0.48153
1125 1321 -1.2442
1126 1127 1.93573
1126 1140 -1.01037
1126 1322 0.47975
1127 1128 0.87081
1127 1141 0.54225
1127 1323 -2.44824
1128 1129 0.71267
1128 1142 1.30384
1128 1324 -0.30564
1129 1130 -0.57721
1129 1143 0.78962
1129 1325 -0.69681
1130 1131 -0.899
1130 1144 -0.86752
1130 1326 0.51118
1131 1132 0.71985
1131 1145 -0.50008
1131 1327 -0.79289
1132 1133 -0.63294
1132 1146 1.67552
1132 1328 1.58497
1133 1147 1.41882
1133 1329 0.067
1134 1135 -0.57845
1134 1147 -0.14084
1134 1148 -1.18137
1134 1330 -0.29131
1135 1136 -1.49109
1135 1149 0.59666
1135 1331 1.20987
1136 1137 1.17523
1136 1150 0.18124
1136 1332 0.44815
1137 1138 1.1312
1137 1151 -0.24427
1137 1333 0.5578
1138 1139 1.58083
1138 1152 0.90811
1138 1334 -0.79
1139 1140 -0.04773
1139 1153 0.74705
1139 1335 -0.7354
1140 1141 -0.72222
1140 1154 -0.47193
1140 1336 -0.82713
1141 1142 -0.35205
1141 1155 -1.40506
1141 1337 1.36513
1142 1143 -0.34525
1142 1156 -1.55188
1142 1338 -0.66209
1143 1144 -0.38977
1143 1157 0.62367
1143 1339 1.84613
1144 1145 0.77861
1144 1158 1.03763
1144 1340 -1.01304
1145 1146 0.5409
1145 1159 -0.57084
1145 1341 -0.02379
1146 1147 -0.29726
1146 1160 -0.92799
1146 1342 -0.14096
1147 1161 1.56626
1147 1343 -0.57512
1148 1149 1.10682
1148 1161 -1.41113
1148 1162 1.29833
1148 1344 -0.64048
1149 1150 -0.31755
1149 1163 0.96381
1149 1345 -0.89396
1150 1151 1.67553
1150 1164 -0.84379
1150 1346 -0.59505
1151 1152 0.34674
1151 1165 -1.02326
1151 1347 -1.11769
1152 1153 0.98535
1152 1166 0.38897
1152 1348 -0.02048
1153 1154 0.50601
1153 1167 -1.12423
1153 1349 0.19867
1154 1155 -0.60938
1154 1168 1.62992
1154 1350 0.27629
1155 1156 -0.64863
1155 1169 -0.06215
1155 1351 -0.00954
1156 1157 -1.71167
1156 1170 -0.22151
1156 1352 -1.97171
1157 1158 0.64297
1157 1171 -0.46726
1157 1353 -0.41953
1158 1159 0.4635
1158 1172 -0.62294
1158 1354 -2.33046
1159 1160 -0.4175
1159 1173 2.22576
1159 1355 -0.17492
1160 1161 0.58481
1160 1174 -0.27204
1160 1356 0.55025
1161 1175 0.72639
1161 1357 1.32552
1162 1163 1.68802
1162 1175 -0.51882
1162 1358 0.92236
1163 1164 -0.46265
1163 1359 0.1658
1164 1165 -0.92414
1164 1360 -1.31914
1165 1166 -1.1273
1165 1361 1.8522
1166 1167 1.55283
1166 1362 1.06221
1167 1168 -1.20158
1167 1363 -1.18878
1168 1169 0.3686
1168 1364 1.31311
1169 1170 0.17206
1169 1365 -0.3616
1170 1171 -0.67861
1170 1366 0.92571
1171 1172 0.04624
1171 1367 -0.99264
1172 1173 -0.56927
1172 1368 -2.30752
1173 1174 1.20209
1173 1369 1.92225
1174 1175 0.42459
1174 1370 0.77735
1175 1371 -0.05252
1176 1177 -2.30858
1176 1189 0.94781
1176 1190 -1.41645
1176 1358 1.91306
1176 1372 0.82402
1177 1178 -1.9565
1177 1191 -0.71499
1177 1359 0.46529
1177 1373 -1.99749
1178 1179 -1.38746
1178 1192 -0.27116
1178 1360 2.2643
1178 1374 -0.41996
1179 1180 -0.79898
1179 1193 -0.01258
1179 1361 -0.56893
1179 1375 -0.42025
1180 1181 -1.88845
1180 1194 -0.3772
1180 1362 0.3145
1180 1376 -1.89
1181 1182 0.33031
1181 1195 -1.26709
1181 1363 -0.26998
1181 1377 0.19831
1182 1183 -0.83551
1182 1196 0.18139
1182 1364 0.78939
1182 1378 -0.26253
1183 1184 -1.46773
1183 1197 -0.81922
1183 1365 -1.37066
1183 1379 0.48352
1184 1185 -0.81052
1184 1198 0.69379
1184 1366 1.5541
1184 1380 0.5363
1185 1186 -0.12575
1185 1199 0.64318
1185 1367 0.34304
1185 1381 1.1476
1186 1187 -0.08027
1186 1200 -0.57002
1186 1368 1.50552
1186 1382 1.0793
1187 1188 1.29333
1187 1201 0.08176
1187 1369 0.63567
1187 1383 0.48349
1188 1189 0.33953
1188 1202 0.73707
1188 1370 -0.27287
1188 1384 1.34704
1189 1203 1.70996
1189 1371 0.15837
1189 1385 -0.40259
1190 1191 -0.88294
1190 1203 -0.05362
1190 1204 -0.666
1190 1386 -2.30834
1191 1192 -1.37201
1191 1205 1.32242
1191 1387 -1.16569
1192 1193 0.2289
1192 1206 -0.05005
1192 1388 -0.39699
1193 1194 -1.01227
1193 1207 1.18775
1193 1389 -0.28128
1194 1195 -1.41359
1194 1208 0.04085
1194 1390 0.17172
1195 1196 0.16608
1195 1209 2.10402
1195 1391 0.89592
1196 1197 -0.60632
1196 1210 -2.95053
1196 1392 -1.76818
1197 1198 0.47638
1197 1211 -0.58939
1197 1393 0.47571
1198 1199 0.25829
1198 1212 0.81238
1198 1394 0.16751
1199 1200 -0.59939
1199 1213 0.26282
1199 1395 -1.25241
1200 1201 0.41837
1200 1214 0.70949
1200 1396 -1.88756
1201 1202 0.46833
1201 1215 -0.71503
1201 1397 0.50273
1202 1203 -1.46245
1202 1216 -0.98461
1202 1398 1.1543
1203 1217 1.27832
1203 1399 0.00886
1204 1205 -0.8892
1204 1217 0.08377
1204 1218 0.75897
1204 1400 1.3498
1205 1206 -0.47421
1205 1219 0.3003
1205 1401 -1.11026
1206 1207 -1.24129
1206 1220 0.80943
1206 1402 0.06708
1207 1208 -1.99777
1207 1221 -0.76636
1207 1403 -1.24609
1208 1209 -2.61954
1208 1222 0.50499
1208 1404 -1.14817
1209 1210 1.96527
1209 1223 -2.77002
1209 1405 -0.28254
1210 1211 -0.17326
1210 1224 -1.70286
1210 1406 -1.23775
1211 1212 1.71706
1211 1225 0.25058
1211 1407 -1.14131
1212 1213 -1.34536
1212 1226 -0.65347
1212 1408 0.06095
1213 1214 -0.02183
1213 1227 1.43417
1213 1409 1.18925
1214 1215 -0.43065
1214 1228 -1.624
1214 1410 2.24192
1215 1216 -2.1735
1215 1229 0.15
1215 1411 0.41498
1216 1217 -1.12296
1216 1230 1.18521
1216 1412 0.61833
1217 1231 0.27099
1217 1413 -0.99773
1218 1219 -0.52645
1218 1231 1.3521
1218 1232 -2.18896
1218 1414 -0.81899
1219 1220 -0.52697
1219 1233 0.425
1219 1415 -0.71929
1220 1221 1.35333
1220 1234 3.34132
1220 1416 2.30187
1221 1222 0.02871
1221 1235 0.39706
1221 1417 -0.84675
1222 1223 0.72462
1222 1236 0.37931
1222 1418 1.81068
1223 1224 0.24429
1223 1237 0.92159
1223 1419 -0.06565
1224 1225 -0.16708
1224 1238 -0.24078
1224 1420 -0.00144
1225 1226 -0.36467
1225 1239 -0.31963
1225 1421 0.24568
1226 1227 -1.78945
1226 1240 1.01332
1226 1422 0.69627
1227 1228 -0.9027
1227 1241 -0.07313
1227 1423 -1.28219
1228 1229 0.58519
1228 1242 1.10854
1228 1424 -0.39877
1229 1230 -1.80668
1229 1243 0.10658
1229 1425 -0.67003
1230 1231 0.85233
1230 1244 -1.76858
1230 1426 -0.99213
1231 1245 -0.74143
1231 1427 -1.25609
1232 1233 -1.27689
1232 1245 0.04875
1232 1246 0.82357
1232 1428 0.56804
1233 1234 0.12449
1233 1247 0.99225
1233 1429 1.84723
1234 1235 0.21144
1234 1248 0.12721
1234 1430 1.1164
1235 1236 2.4807
1235 1249 0.43162
1235 1431 -0.25414
1236 1237 -0.01178
1236 1250 0.08964
1236 1432 -1.18573
1237 1238 -1.22815
1237 1251 -0.48005
1237 1433 -0.4809
1238 1239 -0.39362
1238 1252 1.6034
1238 1434 -0.28534
1239 1240 0.34903
1239 1253 -1.65142
1239 1435 0.65693
1240 1241 1.18399
1240 1254 0.48123
1240 1436 -2.48643
1241 1242 0.77704
1241 1255 -0.61064
1241 1437 1.89109
1242 1243 -0.72535
1242 1256 -0.74875
1242 1438 1.21
1243 1244 0.2554
1243 1257 0.18209
1243 1439 0.68107
1244 1245 -1.45426
1244 1258 0.43102
1244 1440 -0.51276
1245 1259 0.15926
1245 1441 -0.95479
1246 1247 -0.68393
1246 1259 2.46777
1246 1260 0.74723
1246 1442 -0.39591
1247 1248 0.67782
1247 1261 -1.52798
1247 1443 -0.62514
1248 1249 0.43692
1248 1262 -1.49583
1248 1444 -0.99877
1249 1250 -1.41496
1249 1263 1.83431
1249 1445 2.34315
1250 1251 0.87766
1250 1264 -0.54481
1250 1446 -0.75254
1251 1252 -1.27055
1251 1265 0.30114
1251 1447 0.22867
1252 1253 -0.43211
1252 1266 -0.73802
1252 1448 0.6538
1253 1254 0.52177
1253 1267 1.03998
1253 1449 -0.27041
1254 1255 -0.89477
1254 1268 0.82323
1254 1450 0.058
1255 1256 -0.67268
1255 1269 0.20832
1255 1451 0.82926
1256 1257 0.46867
1256 1270 -0.00245
1256 1452 0.06357
1257 1258 -1.51907
1257 1271 0.259
1257 1453 0.98334
1258 1259 -1.00536
1258 1272 -1.32336
1258 1454 0.87281
1259 1273 -0.98551
1259 1455 -0.51034
1260 1261 0.03085
1260 1273 0.30184
1260 1274 -1.0027
1260 1456 2.33155
1261 1262 -0.95663
1261 1275 -1.41738
1261 1457 1.57879
1262 1263 1.27774
1262 1276 0.8446
1262 1458 0.27938
1263 1264 -0.71111
1263 1277 -0.67146
1263 1459 0.06595
1264 1265 -1.36599
1264 1278 0.92023
1264 1460 -0.95824
1265 1266 0.59239
1265 1279 -1.84327
1265 1461 -0.13561
1266 1267 0.36902
1266 1280 1.96786
1266 1462 -0.28781
1267 1268 0.21394
1267 1281 -0.30693
1267 1463 0.56213
1268 1269 0.19529
1268 1282 -0.71884
1268 1464 -0.49106
1269 1270 -0.76354
1269 1283 0.60202
1269 1465 -1.15628
1270 1271 0.0322
1270 1284 1.5661
1270 1466 -0.03808
1271 1272 0.35081
1271 1285 0.09321
1271 1467 0.28756
1272 1273 -0.61651
1272 1286 0.5529
1272 1468 -0.15429
1273 1287 -1.03883
1273 1469 -0.22411
1274 1275 -1.07412
1274 1287 -1.23897
1274 1288 0.90152
1274 1470 -0.08435
1275 1276 -0.74067
1275 1289 0.36751
1275 1471 1.56311
1276 1277 0.32852
1276 1290 0.48939
1276 1472 -0.56795
1277 1278 -1.29574
1277 1291 -0.63782
1277 1473 -1.2958
1278 1279 -0.18353
1278 1292 -1.13642
1278 1474 -0.28477
1279 1280 -0.19853
1279 1293 1.16198
1279 1475 0.79292
1280 1281 -0.67884
1280 1294 -0.22244
1280 1476 1.05164
1281 1282 0.0277
1281 1295 -0.46435
1281 1477 -0.19319
1282 1283 0.66753
1282 1296 1.20829
1282 1478 0.42716
1283 1284 -0.99675
1283 1297 -0.08076
1283 1479 -1.22441
1284 1285 -0.17663
1284 1298 -0.83705
1284 1480 0.93745
1285 1286 0.28797
1285 1299 -1.00704
1285 1481 0.9616
1286 1287 0.91604
1286 1300 2.07543
1286 1482 0.22061
1287 1301 0.77404
1287 1483 1.98751
1288 1289 -1.47343
1288 1301 -0.64893
1288 1302 -0.74077
1288 1484 -0.48193
1289 1290 -0.88053
1289 1303 -0.82631
1289 1485 -0.33762
1290 1291 0.10021
1290 1304 0.18534
1290 1486 1.54647
1291 1292 -1.58513
1291 1305 0.13519
1291 1487 0.44964
1292 1293 -1.03276
1292 1306 0.18634
1292 1488 0.32321
1293 1294 2.1562
1293 1307 1.57886
1293 1489 0.08921
1294 1295 -0.33121
1294 1308 0.0427
1294 1490 0.50634
1295 1296 1.27062
1295 1309 -2.05037
1295 1491 -2.43166
1296 1297 -0.48334
1296 1310 -1.81301
1296 1492 -1.40973
1297 1298 -2.14942
1297 1311 -0.52404
1297 1493 -0.87543
1298 1299 0.38486
1298 1312 0.28014
1298 1494 -0.84063
1299 1300 -0.72685
1299 1313 0.56032
1299 1495 1.13966
1300 1301 -1.23946
1300 1314 -0.27115
1300 1496 1.43248
1301 1315 -0.05387
1301 1497 -0.14349
1302 1303 -0.61246
1302 1315 0.96981
1302 1316 -0.39864
1302 1498 -0.57733
1303 1304 -1.16673
1303 1317 0.5559
1303 1499 -0.86615
1304 1305 0.33871
1304 1318 -0.13347
1304 1500 -1.35054
1305 1306 0.67139
1305 1319 -0.0815
1305 1501 -0.02237
1306 1307 -0.00182
1306 1320 0.63628
1306 1502 -0.01551
1307 1308 1.41375
1307 1321 -0.4564
1307 1503 -0.41292
1308 1309 -0.53642
1308 1322 0.86603
1308 1504 0.73103
1309 1310 -0.93408
1309 1323 0.11851
1309 1505 0.29571
1310 1311 0.35728
1310 1324 0.43341
1310 1506 -0.1324
1311 1312 -0.17093
1311 1325 0.00417
1311 1507 0.40474
1312 1313 0.13714
1312 1326 -1.28688
1312 1508 0.82949
1313 1314 1.79181
1313 1327 -1.20626
1313 1509 0.75037
1314 1315 -0.24194
1314 1328 1.71798
1314 1510 -0.4386
1315 1329 0.7134
1315 1511 -0.66168
1316 1317 -0.1447
1316 1329 0.50906
1316 1330 0.87931
1316 1512 -1.47766
1317 1318 1.15346
1317 1331 -0.47148
1317 1513 -0.29803
1318 1319 -1.06956
1318 1332 1.25174
1318 1514 0.4117
1319 1320 -0.3227
1319 1333 1.12597
1319 1515 -0.71646
1320 1321 0.48184
1320 1334 0.07636
1320 1516 0.17315
1321 1322 0.0083
1321 1335 -1.20764
1321 1517 -2.27089
1322 1323 0.9609
1322 1336 0.10555
1322 1518 -1.32412
1323 1324 -1.00965
1323 1337 0.99633
1323 1519 0.23703
1324 1325 0.35334
1324 1338 1.38488
1324 1520 0.5477
1325 1326 0.90759
1325 1339 -0.75823
1325 1521 0.5639
1326 1327 0.29269
1326 1340 0.70941
1326 1522 0.4797
1327 1328 0.69153
1327 1341 1.14053
1327 1523 -0.75417
1328 1329 -0.07363
1328 1342 0.94581
1328 1524 0.42549
1329 1343 -0.1089
1329 1525 -1.53413
1330 1331 0.90163
1330 1343 -0.26744
1330 1344 1.39031
1330 1526 -0.80758
1331 1332 -0.86365
1331 1345 -0.84436
1331 1527 0.04434
1332 1333 -0.34807
1332 1346 0.28488
1332 1528 -0.52205
1333 1334 1.21971
1333 1347 -2.2388
1333 1529 -0.32849
1334 1335 0.22525
1334 1348 -0.89536
1334 1530 0.57618
1335 1336 -0.19211
1335 1349 -0.02472
1335 1531 0.10017
1336 1337 0.65921
1336 1350 -0.87965
1336 1532 -0.11801
1337 1338 1.56408
1337 1351 -0.16039
1337 1533 0.42334
1338 1339 0.80464
1338 1352 0.7709
1338 1534 1.41662
1339 1340 2.52032
1339 1353 0.93827
1339 1535 0.96966
1340 1341 -0.7395
1340 1354 -0.81455
1340 1536 1.75095
1341 1342 -1.11544
1341 1355 -0.65272
1341 1537 -0.14348
1342 1343 0.45578
1342 1356 0.64623
1342 1538 0.88885
1343 1357 -0.27593
1343 1539 0.67023
1344 1345 0.09999
1344 1357 0.07237
1344 1358 0.03802
1344 1540 0.33466
1345 1346 0.01803
1345 1359 -0.10298
1345 1541 0.69813
1346 1347 0.80952
1346 1360 -1.5292
1346 1542 -2.59388
1347 1348 0.49243
1347 1361 0.28522
1347 1543 0.15131
1348 1349 -0.77144
1348 1362 0.02672
1348 1544 0.82236
1349 1350 -0.73455
1349 1363 1.04539
1349 1545 -1.30756
1350 1351 0.52859
1350 1364 1.05561
1350 1546 -0.34657
1351 1352 -1.61726
1351 1365 -1.80254
1351 1547 -1.28496
1352 1353 -1.53363
1352 1366 -0.01275
1352 1548 -0.58613
1353 1354 -0.66397
1353 1367 0.08851
1353 1549 -1.14105
1354 1355 0.33512
1354 1368 -0.18137
1354 1550 -1.04937
1355 1356 0.51158
1355 1369 0.11851
1355 1551 -0.04381
1356 1357 0.52249
1356 1370 -0.85703
1356 1552 -1.58611
1357 1371 -0.76826
1357 1553 0.53204
1358 1359 -0.96688
1358 1371 1.53977
1358 1554 0.64297
1359 1360 1.40546
1359 1555 -0.91912
1360 1361 -0.22222
1360 1556 1.83545
1361 1362 2.32586
1361 1557 1.38611
1362 1363 0.25412
1362 1558 -1.678
1363 1364 -1.07019
1363 1559 1.14385
1364 1365 0.19912
1364 1560 0.8131
1365 1366 0.24143
1365 1561 0.22603
1366 1367 2.15776
1366 1562 0.92609
1367 1368 0.25921
1367 1563 0.0111
1368 1369 0.42416
1368 1564 -0.86044
1369 1370 -1.1763
1369 1565 1.01359
1370 1371 -1.59186
1370 1566 -0.52338
1371 1567 1.47807
1372 1373 -0.50064
1372 1385 0.02474
1372 1386 -0.09264
1372 1554 0.37084
1372 1568 -0.9218
1373 1374 0.06106
1373 1387 -0.0456
1373 1555 -0.49701
1373 1569 -0.19029
1374 1375 2.02201
1374 1388 -0.42248
1374 1556 -0.2927
1374 1570 -1.16469
1375 1376 -0.75719
1375 1389 0.79887
1375 1557 -0.16642
1375 1571 -0.31294
1376 1377 -0.10506
1376 1390 1.04575
1376 1558 0.11621
1376 1572 1.92328
1377 1378 -0.86106
1377 1391 0.09482
1377 1559 1.0766
1377 1573 0.45336
1378 1379 0.16517
1378 1392 0.5762
1378 1560 0.42956
1378 1574 -0.59642
1379 1380 -1.62577
1379 1393 1.57854
1379 1561 0.64915
1379 1575 -1.41839
1380 1381 1.12298
1380 1394 -0.30589
1380 1562 -1.31913
1380 1576 0.51216
1381 1382 0.23953
1381 1395 1.19682
1381 1563 1.08926
1381 1577 0.31847
1382 1383 0.64012
1382 1396 -0.15895
1382 1564 -0.7568
1382 1578 1.49319
1383 1384 -1.0916
1383 1397 0.60855
1383 1565 -1.13506
1383 1579 -0.11539
1384 1385 -0.49308
1384 1398 0.80473
1384 1566 -0.42168
1384 1580 0.3184
1385 1399 -1.27106
1385 1567 1.37407
1385 1581 -0.7565
1386 1387 -0.17365
1386 1399 -0.08726
1386 1400 1.20739
1386 1582 0.36794
1387 1388 0.82719
1387 1401 -0.47569
1387 1583 -0.53308
1388 1389 -0.15102
1388 1402 -0.28924
1388 1584 -1.59991
1389 1390 2.13386
1389 1403 0.17036
1389 1585 0.95895
1390 1391 0.11779
1390 1404 0.615
1390 1586 0.21261
1391 1392 -0.63883
1391 1405 0.25836
1391 1587 1.41606
1392 1393 0.14101
1392 1406 -0.77018
1392 1588 -1.1208
1393 1394 -1.63548
1393 1407 -0.49047
1393 1589 0.65735
1394 1395 1.02972
1394 1408 1.3088
1394 1590 -0.2124
1395 1396 -0.6934
1395 1409 -0.15935
1395 1591 0.39622
1396 1397 0.47724
1396 1410 -0.58798
1396 1592 -0.24343
1397 1398 -0.32369
1397 1411 -0.5556
1397 1593 -0.71611
1398 1399 0.01636
1398 1412 -0.53157
1398 1594 0.22117
1399 1413 0.88195
1399 1595 -2.50844
1400 1401 0.80923
1400 1413 -0.50727
1400 1414 1.12504
1400 1596 1.38809
1401 1402 0.11604
1401 1415 -0.26529
1401 1597 3.25003
1402 1403 1.5803
1402 1416 -0.36528
1402 1598 -0.99448
1403 1404 0.2921
1403 1417 0.73187
1403 1599 -0.26794
1404 1405 0.64224
1404 1418 -0.28514
1404 1600 1.863
1405 1406 -0.3691
1405 1419 -1.58595
1405 1601 -1.90649
1406 1407 -1.69749
1406 1420 0.02252
1406 1602 0.66043
1407 1408 -0.36558
1407 1421 0.91855
1407 1603 -1.06153
1408 1409 -0.61884
1408 1422 -0.16354
1408 1604 0.81858
1409 1410 1.08722
1409 1423 -0.78679
1409 1605 -0.33547
1410 1411 0.20635
1410 1424 -0.63566
1410 1606 0.21634
1411 1412 -0.24692
1411 1425 -1.76033
1411 1607 -0.40602
1412 1413 0.32497
1412 1426 -0.7929
1412 1608 -0.23293
1413 1427 -0.07889
1413 1609 0.70881
1414 1415 -0.5957
1414 1427 0.51432
1414 1428 -0.15957
1414 1610 -1.24954
1415 1416 -0.46713
1415 1429 0.4008
1415 1611 1.24578
1416 1417 0.49458
1416 1430 -0.69408
1416 1612 0.14354
1417 1418 0.21466
1417 1431 -0.38374
1417 1613 -0.30273
1418 1419 1.00059
1418 1432 0.34137
1418 1614 -1.38657
1419 1420 2.63897
1419 1433 -0.27571
1419 1615 0.248
1420 1421 0.85638
1420 1434 1.02068
1420 1616 0.60544
1421 1422 0.57283
1421 1435 1.86917
1421 1617 2.49419
1422 1423 -0.13169
1422 1436 0.13171
1422 1618 0.4798
1423 1424 1.77509
1423 1437 0.43221
1423 1619 -2.80174
1424 1425 -0.22144
1424 1438 1.25507
1424 1620 -0.23326
1425 1426 -0.58498
1425 1439 -1.41655
1425 1621 -0.33915
1426 1427 -0.45562
1426 1440 1.16549
1426 1622 -2.53735
1427 1441 -1.13419
1427 1623 0.04829
1428 1429 0.22135
1428 1441 1.10927
1428 1442 -0.29038
1428 1624 -1.09763
1429 1430 -0.28183
1429 1443 -2.57758
1429 1625 -2.02319
1430 1431 2.2617
1430 1444 -1.68905
1430 1626 1.3236
1431 1432 -0.37475
1431 1445 0.70628
1431 1627 -0.588
1432 1433 0.27699
1432 1446 -1.26961
1432 1628 0.30257
1433 1434 1.81451
1433 1447 -0.80174
1433 1629 -0.53549
1434 1435 0.53639
1434 1448 0.39551
1434 1630 0.58572
1435 1436 -1.40052
1435 1449 0.95471
1435 1631 -0.38297
1436 1437 0.55346
1436 1450 -0.35723
1436 1632 -0.60226
1437 1438 -0.93716
1437 1451 0.98966
1437 1633 0.57811
1438 1439 -0.87306
1438 1452 1.28419
1438 1634 -0.77232
1439 1440 0.67821
1439 1453 -0.4398
1439 1635 -0.89103
1440 1441 0.21222
1440 1454 -0.60378
1440 1636 0.30825
1441 1455 -0.59243
1441 1637 -0.13364
1442 1443 -0.57273
1442 1455 -0.99586
1442 1456 -0.83323
1442 1638 -0.83066
1443 1444 -2.03769
1443 1457 -1.17804
1443 1639 0.96433
1444 1445 0.90703
1444 1458 0.01966
1444 1640 -0.55878
1445 1446 -0.46959
1445 1459 1.52108
1445 1641 -0.09315
1446 1447 -0.21694
1446 1460 0.46223
1446 1642 -1.35603
1447 1448 0.05373
1447 1461 -1.31451
1447 1643 -1.57964
1448 1449 -0.30516
1448 1462 2.86631
1448 1644 0.60969
1449 1450 -1.93187
1449 1463 0.18036
1449 1645 0.7445
1450 1451 -0.38893
1450 1464 0.65449
1450 1646 -0.46116
1451 1452 0.53002
1451 1465 -0.85569
1451 1647 -0.24893
1452 1453 -0.1162
1452 1466 0.43248
1452 1648 1.49237
1453 1454 0.71412
1453 1467 -0.01278
1453 1649 -0.58976
1454 1455 0.87703
1454 1468 -1.63915
1454 1650 -0.33634
1455 1469 -1.91833
1455 1651 -0.51502
1456 1457 0.73908
1456 1469 0.05974
1456 1470 0.77086
1456 1652 -0.08409
1457 1458 -0.8833
1457 1471 -0.25949
1457 1653 -0.12939
1458 1459 -1.07805
1458 1472 1.53276
1458 1654 0.13737
1459 1460 -0.44497
1459 1473 -0.71017
1459 1655 0.07934
1460 1461 0.64218
1460 1474 -0.21933
1460 1656 -1.14712
1461 1462 -0.04239
1461 1475 -0.30322
1461 1657 0.19581
1462 1463 1.51616
1462 1476 0.96304
1462 1658 -0.43806
1463 1464 -0.53365
1463 1477 1.21463
1463 1659 0.40471
1464 1465 -1.72925
1464 1478 -1.20148
1464 1660 -1.21513
1465 1466 -0.60664
1465 1479 0.7336
1465 1661 2.29824
1466 1467 0.88877
1466 1480 -1.05573
1466 1662 0.48563
1467 1468 0.86885
1467 1481 0.5363
1467 1663 0.46815
1468 1469 0.28676
1468 1482 -0.04144
1468 1664 1.08385
1469 1483 -1.24294
1469 1665 0.03994
1470 1471 -0.39868
1470 1483 1.65925
1470 1484 1.37583
1470 1666 -0.12162
1471 1472 -0.57066
1471 1485 -0.19728
1471 1667 -0.41778
1472 1473 0.49124
1472 1486 2.79207
1472 1668 -0.01152
1473 1474 0.64076
1473 1487 1.44466
1473 1669 1.70559
1474 1475 -1.19061
1474 1488 0.62824
1474 1670 0.72739
1475 1476 -1.86488
1475 1489 -2.34455
1475 1671 0.24677
1476 1477 0.52594
1476 1490 -1.0947
1476 1672 -0.7923
1477 1478 -0.41149
1477 1491 0.74862
1477 1673 -0.0595
1478 1479 -0.65601
1478 1492 -0.80215
1478 1674 0.17861
1479 1480 0.24678
1479 1493 0.20661
1479 1675 -0.05727
1480 1481 0.90557
1480 1494 0.30225
1480 1676 -1.99096
1481 1482 -0.31726
1481 1495 0.24917
1481 1677 -0.69186
1482 1483 -0.22971
1482 1496 -1.09
1482 1678 -0.62216
1483 1497 1.14878
1483 1679 -0.15835
1484 1485 -1.61644
1484 1497 -0.77124
1484 1498 1.10739
1484 1680 -0.97967
1485 1486 0.5109
1485 1499 0.18661
1485 1681 0.0673
1486 1487 0.56698
1486 1500 -0.12352
1486 1682 0.86885
1487 1488 0.06415
1487 1501 0.77281
1487 1683 -0.5534
1488 1489 0.12894
1488 1502 0.15245
1488 1684 -0.78528
1489 1490 -0.03905
1489 1503 -0.5132
1489 1685 0.03766
1490 1491 -1.02632
1490 1504 -0.45176
1490 1686 -1.3433
1491 1492 0.33859
1491 1505 -0.59808
1491 1687 0.59708
1492 1493 -0.19777
1492 1506 -0.73735
1492 1688 -0.6448
1493 1494 1.49117
1493 1507 -0.27596
1493 1689 0.72194
1494 1495 -0.83182
1494 1508 -0.43024
1494 1690 0.61504
1495 1496 -0.5353
1495 1509 -1.70501
1495 1691 1.11803
1496 1497 -0.57853
1496 1510 -0.15249
1496 1692 -0.89783
1497 1511 0.2694
1497 1693 -1.39981
1498 1499 0.72871
1498 1511 -0.61657
1498 1512 1.29504
1498 1694 0.95025
1499 1500 1.48131
1499 1513 -1.00904
1499 1695 0.15288
1500 1501 0.90683
1500 1514 -1.15676
1500 1696 1.18905
1501 1502 -1.33489
1501 1515 -0.90694
1501 1697 -0.96304
1502 1503 0.81892
1502 1516 -0.26871
1502 1698 0.70833
1503 1504 1.36239
1503 1517 0.45866
1503 1699 0.49637
1504 1505 1.16929
1504 1518 -0.52677
1504 1700 0.89179
1505 1506 0.27508
1505 1519 0.79792
1505 1701 0.441
1506 1507 1.10888
1506 1520 -0.84104
1506 1702 0.00947
1507 1508 1.10406
1507 1521 -0.48226
1507 1703 0.1752
1508 1509 0.37176
1508 1522 1.79946
1508 1704 0.73144
1509 1510 -0.06415
1509 1523 2.42253
1509 1705 -0.6372
1510 1511 -1.39905
1510 1524 -0.97712
1510 1706 -0.98913
1511 1525 1.08046
1511 1707 -2.25089
1512 1513 0.68338
1512 1525 0.22042
1512 1526 0.0306
1512 1708 -0.73262
1513 1514 0.36118
1513 1527 -1.16115
1513 1709 0.42088
1514 1515 -0.44361
1514 1528 -0.58455
1514 1710 -0.38437
1515 1516 1.24825
1515 1529 -0.02622
1515 1711 -0.61639
1516 1517 -1.13351
1516 1530 0.63824
1516 1712 0.59507
1517 1518 -1.21745
1517 1531 0.65427
1517 1713 -0.10845
1518 1519 2.30265
1518 1532 1.54455
1518 1714 0.03671
1519 1520 1.39541
1519 1533 1.19292
1519 1715 -1.53804
1520 1521 0.20221
1520 1534 1.60947
1520 1716 -2.04474
1521 1522 0.27423
1521 1535 -0.07048
1521 1717 -1.03557
1522 1523 1.22031
1522 1536 -0.40468
1522 1718 0.39127
1523 1524 -0.86013
1523 1537 0.92329
1523 1719 -1.88732
1524 1525 0.60271
1524 1538 1.23637
1524 1720 1.80976
1525 1539 -0.54684
1525 1721 -1.36545
1526 1527 -0.52246
1526 1539 1.0027
1526 1540 -1.29559
1526 1722 -0.12296
1527 1528 2.15051
1527 1541 0.63289
1527 1723 0.29285
1528 1529 -0.86574
1528 1542 0.26285
1528 1724 0.66091
1529 1530 0.33998
1529 1543 -0.07931
1529 1725 -0.19437
1530 1531 0.36384
1530 1544 0.23968
1530 1726 -0.46013
1531 1532 -0.34098
1531 1545 -0.91072
1531 1727 -0.83257
1532 1533 -0.57097
1532 1546 0.27928
1532 1728 1.45867
1533 1534 -0.96797
1533 1547 1.93805
1533 1729 -0.90667
1534 1535 0.66132
1534 1548 -1.71009
1534 1730 -0.54425
1535 1536 -1.10868
1535 1549 0.16858
1535 1731 0.37143
1536 1537 -0.94898
1536 1550 0.95029
1536 1732 0.3269
1537 1538 1.17256
1537 1551 -0.0688
1537 1733 0.89629
1538 1539 -0.34022
1538 1552 1.28023
1538 1734 1.26485
1539 1553 0.66101
1539 1735 -0.70384
1540 1541 -0.31549
1540 1553 0.49264
1540 1554 0.83409
1540 1736 -0.8438
1541 1542 -0.5433
1541 1555 0.75974
1541 1737 -1.22302
1542 1543 0.22732
1542 1556 1.02157
1542 1738 1.0253
1543 1544 0.09887
1543 1557 0.42567
1543 1739 -1.26596
1544 1545 -0.46963
1544 1558 -0.62599
1544 1740 1.26429
1545 1546 -1.43762
1545 1559 0.53452
1545 1741 -0.41617
1546 1547 0.99521
1546 1560 -0.49524
1546 1742 1.49636
1547 1548 -0.22492
1547 1561 0.0379
1547 1743 0.63858
1548 1549 1.86605
1548 1562 -0.08389
1548 1744 -0.17177
1549 1550 -1.47255
1549 1563 0.40438
1549 1745 -0.07539
1550 1551 0.63775
1550 1564 0.06227
1550 1746 -1.09041
1551 1552 -0.61538
1551 1565 0.68955
1551 1747 -0.66862
1552 1553 1.76927
1552 1566 -1.23837
1552 1748 1.58358
1553 1567 0.69822
1553 1749 0.83031
1554 1555 -0.42632
1554 1567 0.21509
1554 1750 2.32638
1555 1556 0.05427
1555 1751 0.68574
1556 1557 -0.09503
1556 1752 2.04596
1557 1558 0.07788
1557 1753 0.3338
1558 1559 0.60449
1558 1754 -1.50438
1559 1560 -1.62973
1559 1755 -0.92993
1560 1561 -0.06884
1560 1756 -0.15839
1561 1562 -0.0747
1561 1757 0.13675
1562 1563 -1.44251
1562 1758 -0.86632
1563 1564 -0.60621
1563 1759 2.00649
1564 1565 -0.67212
1564 1760 -0.93751
1565 1566 -0.77459
1565 1761 0.59299
1566 1567 0.57655
1566 1762 -1.06192
1567 1763 -0.75372
1568 1569 -0.00155
1568 1581 -1.11301
1568 1582 -0.61597
1568 1750 -1.0298
1568 1764 0.54552
1569 1570 1.12449
1569 1583 -0.38415
1569 1751 2.31854
1569 1765 -0.19751
1570 1571 0.75694
1570 1584 -0.0699
1570 1752 0.68193
1570 1766 0.86176
1571 1572 0.97799
1571 1585 -0.49195
1571 1753 -2.18239
1571 1767 -0.86832
1572 1573 -1.00926
1572 1586 -0.40214
1572 1754 0.68103
1572 1768 0.34072
1573 1574 -1.42605
1573 1587 1.62316
1573 1755 0.72049
1573 1769 0.25931
1574 1575 1.17674
1574 1588 -0.90466
1574 1756 1.32824
1574 1770 1.34216
1575 1576 0.44698
1575 1589 -0.26036
1575 1757 -1.15373
1575 1771 0.41978
1576 1577 1.66322
1576 1590 -1.4033
1576 1758 -0.40715
1576 1772 -0.63373
1577 1578 1.54786
1577 1591 0.36433
1577 1759 1.11975
1577 1773 0.66633
1578 1579 0.69113
1578 1592 -0.0547
1578 1760 0.09682
1578 1774 1.772
1579 1580 -0.2616
1579 1593 1.16423
1579 1761 1.83677
1579 1775 -0.23942
1580 1581 0.28778
1580 1594 -0.87439
1580 1762 -1.85489
1580 1776 -0.83291
1581 1595 1.12797
1581 1763 -1.33795
1581 1777 -0.4413
1582 1583 0.81123
1582 1595 -0.61449
1582 1596 -0.5636
1582 1778 -0.80625
1583 1584 -2.24645
1583 1597 -1.18965
1583 1779 -0.59756
1584 1585 0.37433
1584 1598 0.85058
1584 1780 -0.04811
1585 1586 -0.33826
1585 1599 -0.4251
1585 1781 1.89687
1586 1587 -0.45835
1586 1600 1.25253
1586 1782 -0.04685
1587 1588 1.289
1587 1601 -2.46017
1587 1783 0.73077
1588 1589 -2.44838
1588 1602 -0.20481
1588 1784 -1.36987
1589 1590 0.74281
1589 1603 0.26264
1589 1785 -1.20066
1590 1591 -0.10561
1590 1604 -0.63681
1590 1786 0.65778
1591 1592 -1.25091
1591 1605 2.00181
1591 1787 0.2955
1592 1593 1.51205
1592 1606 -0.64877
1592 1788 1.74675
1593 1594 0.58701
1593 1607 0.01486
1593 1789 0.37887
1594 1595 0.022
1594 1608 0.31776
1594 1790 1.15142
1595 1609 0.09178
1595 1791 0.74604
1596 1597 0.51256
1596 1609 -1.28096
1596 1610 -0.46523
1596 1792 -1.11474
1597 1598 1.0428
1597 1611 -0.17146
1597 1793 0.17195
1598 1599 0.46481
1598 1612 -0.72484
1598 1794 -0.94006
1599 1600 2.00847
1599 1613 -0.35157
1599 1795 -0.48442
1600 1601 1.11799
1600 1614 0.57355
1600 1796 0.93681
1601 1602 2.01481
1601 1615 -0.00284
1601 1797 0.64838
1602 1603 -0.91377
1602 1616 0.86765
1602 1798 0.45936
1603 1604 -0.19252
1603 1617 -0.32377
1603 1799 -0.62837
1604 1605 -2.42498
1604 1618 -1.1246
1604 1800 1.76903
1605 1606 0.36925
1605 1619 -1.05435
1605 1801 1.70397
1606 1607 -0.92291
1606 1620 -2.45829
1606 1802 0.01591
1607 1608 -0.9369
1607 1621 0.08507
1607 1803 -1.58189
1608 1609 -1.1638
1608 1622 -0.73384
1608 1804 1.47435
1609 1623 -1.35655
1609 1805 -0.27966
1610 1611 0.85944
1610 1623 1.04847
1610 1624 -1.08508
1610 1806 -0.39049
1611 1612 -0.53981
1611 1625 -0.85068
1611 1807 -1.39489
1612 1613 -0.13282
1612 1626 2.45215
1612 1808 0.00679
1613 1614 0.94697
1613 1627 -0.54958
1613 1809 0.36116
1614 1615 -0.49022
1614 1628 -1.21561
1614 1810 -1.36881
1615 1616 0.38232
1615 1629 -1.38305
1615 1811 0.3406
1616 1617 -0.35847
1616 1630 -2.45609
1616 1812 -0.23914
1617 1618 0.41049
1617 1631 -1.05152
1617 1813 -0.65005
1618 1619 -0.3543
1618 1632 -1.49369
1618 1814 1.31633
1619 1620 -1.51688
1619 1633 1.33749
1619 1815 1.32731
1620 1621 -0.866
1620 1634 0.91697
1620 1816 -0.57682
1621 1622 0.31838
1621 1635 -0.2688
1621 1817 1.12941
1622 1623 -0.58732
1622 1636 -0.83038
1622 1818 -0.50766
1623 1637 0.40265
1623 1819 0.18861
1624 1625 0.56615
1624 1637 1.87283
1624 1638 -0.07902
1624 1820 -1.33844
1625 1626 0.64891
1625 1639 0.48201
1625 1821 -1.95861
1626 1627 -0.54765
1626 1640 -0.69393
1626 1822 0.0761
1627 1628 0.20808
1627 1641 0.01387
1627 1823 0.05488
1628 1629 0.87465
1628 1642 0.55346
1628 1824 1.12644
1629 1630 0.23148
1629 1643 1.48641
1629 1825 0.50785
1630 1631 0.23064
1630 1644 0.07163
1630 1826 -1.3573
1631 1632 0.1219
1631 1645 0.33405
1631 1827 0.446
1632 1633 1.07655
1632 1646 -0.32387
1632 1828 -0.04308
1633 1634 -0.4204
1633 1647 -0.57541
1633 1829 0.06696
1634 1635 1.28142
1634 1648 -0.07276
1634 1830 0.57968
1635 1636 -0.73223
1635 1649 -1.01568
1635 1831 -0.34987
1636 1637 -0.40439
1636 1650 0.38428
1636 1832 0.82561
1637 1651 0.97276
1637 1833 -1.13888
1638 1639 -0.79
1638 1651 -0.43554
1638 1652 0.65651
1638 1834 1.24959
1639 1640 -1.29351
1639 1653 -0.11144
1639 1835 -1.54446
1640 1641 -0.17082
1640 1654 1.25394
1640 1836 -0.27256
1641 1642 1.04333
1641 1655 -0.3284
1641 1837 0.70731
1642 1643 -0.42252
1642 1656 -1.62579
1642 1838 0.63451
1643 1644 -0.2801
1643 1657 -0.25209
1643 1839 -0.4791
1644 1645 -0.58027
1644 1658 0.76171
1644 1840 -0.10779
1645 1646 0.69883
1645 1659 0.42488
1645 1841 0.99234
1646 1647 0.17928
1646 1660 1.46964
1646 1842 -0.15297
1647 1648 1.57109
1647 1661 -0.69689
1647 1843 1.4181
1648 1649 0.74081
1648 1662 1.08034
1648 1844 -0.25566
1649 1650 -0.59045
1649 1663 -0.64668
1649 1845 0.59189
1650 1651 -0.62166
1650 1664 0.23603
1650 1846 -0.72225
1651 1665 0.80439
1651 1847 -0.17476
1652 1653 -0.01769
1652 1665 -2.87938
1652 1666 -0.30956
1652 1848 0.45007
1653 1654 0.95992
1653 1667 -0.78488
1653 1849 1.22606
1654 1655 3.1752
1654 1668 -0.11691
1654 1850 0.37773
1655 1656 0.58903
1655 1669 -0.86505
1655 1851 1.23052
1656 1657 0.14654
1656 1670 -0.84653
1656 1852 0.26841
1657 1658 -0.91752
1657 1671 -0.39871
1657 1853 0.88027
1658 1659 -0.24948
1658 1672 -1.38547
1658 1854 -0.52545
1659 1660 -0.51689
1659 1673 -2.89134
1659 1855 -0.67594
1660 1661 0.73621
1660 1674 1.4449
1660 1856 -0.54667
1661 1662 -0.27075
1661 1675 -0.52827
1661 1857 -1.43356
1662 1663 -0.67496
1662 1676 0.40304
1662 1858 -0.35327
1663 1664 1.89063
1663 1677 -1.92585
1663 1859 -0.19961
1664 1665 0.17474
1664 1678 -0.9439
1664 1860 0.08059
1665 1679 -0.18517
1665 1861 -0.95318
1666 1667 0.90121
1666 1679 0.44167
1666 1680 1.56808
1666 1862 -0.38584
1667 1668 -0.68018
1667 1681 -1.42744
1667 1863 0.42412
1668 1669 -0.90703
1668 1682 -0.1716
1668 1864 0.96741
1669 1670 -1.11559
1669 1683 -0.18466
1669 1865 -0.62404
1670 1671 0.74456
1670 1684 0.1323
1670 1866 -1.87237
1671 1672 0.7315
1671 1685 -2.56272
1671 1867 0.01793
1672 1673 0.2628
1672 1686 -1.313
1672 1868 -0.30568
1673 1674 -1.15764
1673 1687 -1.09308
1673 1869 0.6911
1674 1675 -0.56775
1674 1688 -0.32502
1674 1870 0.29784
1675 1676 -1.224
1675 1689 1.61917
1675 1871 0.87727
1676 1677 0.07793
1676 1690 -1.84367
1676 1872 -2.70567
1677 1678 -1.46893
1677 1691 1.09532
1677 1873 1.69543
1678 1679 -1.51696
1678 1692 0.54398
1678 1874 0.35529
1679 1693 -1.0693
1679 1875 0.81687
1680 1681 0.95552
1680 1693 0.41178
1680 1694 0.91068
1680 1876 0.85164
1681 1682 -0.82588
1681 1695 1.2629
1681 1877 -1.13244
1682 1683 -0.13471
1682 1696 0.50187
1682 1878 -0.1116
1683 1684 2.03479
1683 1697 0.24247
1683 1879 -0.26529
1684 1685 -0.4619
1684 1698 0.05056
1684 1880 0.074
1685 1686 -1.35773
1685 1699 -0.93132
1685 1881 -0.46801
1686 1687 -0.71086
1686 1700 0.3732
1686 1882 -1.94262
1687 1688 -0.51615
1687 1701 0.20667
1687 1883 0.22096
1688 1689 0.84017
1688 1702 -0.85491
1688 1884 -0.61597
1689 1690 0.96053
1689 1703 0.93026
1689 1885 0.98947
1690 1691 -0.47577
1690 1704 -1.036
1690 1886 -0.35113
1691 1692 2.15633
1691 1705 -0.82641
1691 1887 -0.67263
1692 1693 0.71099
1692 1706 -0.45444
1692 1888 -0.81171
1693 1707 -0.67803
1693 1889 -1.67278
1694 1695 -0.58441
1694 1707 -0.35574
1694 1708 -0.07886
1694 1890 0.00977
1695 1696 -0.0622
1695 1709 -1.75048
1695 1891 -1.98527
1696 1697 -0.95389
1696 1710 -0.70831
1696 1892 -0.30476
1697 1698 0.47051
1697 1711 0.26019
1697 1893 0.21816
1698 1699 -1.28162
1698 1712 -1.5512
1698 1894 0.79489
1699 1700 -0.15357
1699 1713 0.38921
1699 1895 -0.99622
1700 1701 -1.11162
1700 1714 -1.08007
1700 1896 -0.65128
1701 1702 -0.97569
1701 1715 -1.33455
1701 1897 0.97624
1702 1703 0.47749
1702 1716 1.10142
1702 1898 1.16743
1703 1704 -0.58961
1703 1717 1.27229
1703 1899 -0.59417
1704 1705 -1.08817
1704 1718 -1.00547
1704 1900 -0.62709
1705 1706 -0.24674
1705 1719 -0.05215
1705 1901 1.91448
1706 1707 -0.7555
1706 1720 0.01747
1706 1902 1
1707 1721 0.2638
1707 1903 0.96022
1708 1709 -1.58577
1708 1721 -0.12004
1708 1722 0.84884
1708 1904 -0.4465
1709 1710 0.13367
1709 1723 1.49712
1709 1905 0.88954
1710 1711 0.06806
1710 1724 1.20454
1710 1906 0.77212
1711 1712 0.00026
1711 1725 -1.10534
1711 1907 0.18386
1712 1713 0.78894
1712 1726 -0.07259
1712 1908 0.3345
1713 1714 0.76505
1713 1727 -0.22513
1713 1909 0.09906
1714 1715 -1.10954
1714 1728 -0.34026
1714 1910 0.318
1715 1716 0.86936
1715 1729 1.18915
1715 1911 -1.38518
1716 1717 2.76779
1716 1730 -1.75668
1716 1912 0.32071
1717 1718 -1.10438
1717 1731 -0.51651
1717 1913 1.32739
1718 1719 0.40121
1718 1732 -2.34574
1718 1914 -0.49618
1719 1720 -1.84254
1719 1733 1.3142
1719 1915 1.58118
1720 1721 -1.72839
1720 1734 2.23408
1720 1916 0.20916
1721 1735 0.56096
1721 1917 0.30795
1722 1723 -0.14671
1722 1735 -0.70421
1722 1736 2.00671
1722 1918 0.27339
1723 1724 1.20768
1723 1737 -0.22068
1723 1919 -0.58646
1724 1725 1.78211
1724 1738 0.49306
1724 1920 -0.62231
1725 1726 1.51278
1725 1739 0.73489
1725 1921 -1.28226
1726 1727 0.91046
1726 1740 -0.00893
1726 1922 -0.61146
1727 1728 -0.30906
1727 1741 0.34958
1727 1923 -0.8973
1728 1729 -0.04257
1728 1742 0.3874
1728 1924 -0.62473
1729 1730 -0.39921
1729 1743 0.0871
1729 1925 1.15911
1730 1731 1.16187
1730 1744 2.12057
1730 1926 0.30611
1731 1732 1.02815
1731 1745 1.1851
1731 1927 -0.68424
1732 1733 0.31894
1732 1746 -0.14709
1732 1928 -0.99477
1733 1734 -0.25052
1733 1747 1.56431
1733 1929 1.60369
1734 1735 0.77541
1734 1748 -3.54867
1734 1930 1.93668
1735 1749 0.85804
1735 1931 1.21755
1736 1737 0.98033
1736 1749 -0.84827
1736 1750 -0.36972
1736 1932 -0.69725
1737 1738 0.96886
1737 1751 -1.42214
1737 1933 -0.19332
1738 1739 1.14251
1738 1752 1.21133
1738 1934 -0.60313
1739 1740 -1.47977
1739 1753 -0.10861
1739 1935 -1.38956
1740 1741 -0.94554
1740 1754 -1.05428
1740 1936 -0.36468
1741 1742 -0.32436
1741 1755 1.23129
1741 1937 0.73138
1742 1743 -2.36165
1742 1756 1.04798
1742 1938 0.70538
1743 1744 -0.10229
1743 1757 -0.05978
1743 1939 0.03534
1744 1745 1.20484
1744 1758 -0.72195
1744 1940 -0.04868
1745 1746 -1.82571
1745 1759 -1.59715
1745 1941 0.22211
1746 1747 0.02283
1746 1760 -1.78687
1746 1942 -0.57839
1747 1748 -0.94674
1747 1761 -0.1465
1747 1943 -1.63512
1748 1749 2.15862
1748 1762 -0.11666
1748 1944 0.69731
1749 1763 -1.89083
1749 1945 -1.74829
1750 1751 0.72277
1750 1763 0.01492
1750 1946 0.12822
1751 1752 2.02506
1751 1947 0.46019
1752 1753 -1.70738
1752 1948 0.93353
1753 1754 1.62273
1753 1949 -1.09316
1754 1755 0.16858
1754 1950 1.22456
1755 1756 -0.51352
1755 1951 1.14559
1756 1757 0.73523
1756 1952 -0.49086
1757 1758 -0.01906
1757 1953 -0.11856
1758 1759 -0.58219
1758 1954 0.19091
1759 1760 -0.59866
1759 1955 0.44041
1760 1761 -1.57708
1760 1956 1.32423
1761 1762 0.27224
1761 1957 0.1916
1762 1763 -2.60999
1762 1958 -1.90528
1763 1959 0.33767
1764 1765 0.00701
1764 1777 2.41485
1764 1778 -1.22279
1764 1946 0.70413
1764 1960 1.24168
1765 1766 -0.09701
1765 1779 0.55792
1765 1947 1.28219
1765 1961 -0.75662
1766 1767 0.26943
1766 1780 1.32092
1766 1948 -0.22185
1766 1962 -0.94304
1767 1768 -0.38976
1767 1781 0.86559
1767 1949 0.56881
1767 1963 -1.42342
1768 1769 1.55327
1768 1782 -0.59047
1768 1950 -1.59145
1768 1964 -1.2536
1769 1770 0.44909
1769 1783 -0.29144
1769 1951 -1.22715
1769 1965 0.46689
1770 1771 -0.94378
1770 1784 -1.03535
1770 1952 0.58953
1770 1966 -2.17929
1771 1772 0.19766
1771 1785 -2.35639
1771 1953 0.13389
1771 1967 1.21359
1772 1773 0.10082
1772 1786 -0.9307
1772 1954 -0.70078
1772 1968 -0.21499
1773 1774 0.85985
1773 1787 0.25325
1773 1955 -0.43502
1773 1969 0.38698
1774 1775 1.98071
1774 1788 -1.18796
1774 1956 0.73341
1774 1970 0.10606
1775 1776 0.88426
1775 1789 0.85855
1775 1957 1.22145
1775 1971 -0.1515
1776 1777 0.10216
1776 1790 -1.39731
1776 1958 -0.14407
1776 1972 0.37429
1777 1791 -1.10088
1777 1959 -1.06396
1777 1973 -1.42289
1778 1779 -1.74749
1778 1791 -1.09528
1778 1792 -0.05498
1778 1974 -0.04316
1779 1780 1.15664
1779 1793 0.33847
1779 1975 -0.37698
1780 1781 0.20001
1780 1794 -0.30328
1780 1976 -0.71901
1781 1782 0.1908
1781 1795 0.16892
1781 1977 0.68083
1782 1783 0.63852
1782 1796 -0.91942
1782 1978 1.01746
1783 1784 0.38521
1783 1797 -1.16599
1783 1979 0.49503
1784 1785 -1.27097
1784 1798 -1.97589
1784 1980 0.64072
1785 1786 0.22742
1785 1799 1.75298
1785 1981 -0.74011
1786 1787 1.42081
1786 1800 -0.41568
1786 1982 -0.06572
1787 1788 -0.98422
1787 1801 2.18399
1787 1983 0.48758
1788 1789 -0.4907
1788 1802 0.851
1788 1984 0.05496
1789 1790 0.8695
1789 1803 -0.88255
1789 1985 -1.86424
1790 1791 -0.44555
1790 1804 -1.94947
1790 1986 -0.64685
1791 1805 0.44901
1791 1987 -0.46593
1792 1793 -0.11038
1792 1805 0.35908
1792 1806 -0.60362
1792 1988 0.15104
1793 1794 -1.0226
1793 1807 -0.84388
1793 1989 1.70892
1794 1795 -0.22912
1794 1808 0.24237
1794 1990 -0.43134
1795 1796 0.15737
1795 1809 0.58995
1795 1991 -0.22176
1796 1797 -2.12286
1796 1810 1.37532
1796 1992 -1.76627
1797 1798 0.3042
1797 1811 0.28219
1797 1993 0.13541
1798 1799 0.90225
1798 1812 0.62103
1798 1994 -1.70686
1799 1800 -1.08701
1799 1813 -0.51863
1799 1995 -1.51183
1800 1801 -1.59825
1800 1814 0.63459
1800 1996 -0.06327
1801 1802 -1.92127
1801 1815 0.35774
1801 1997 1.2929
1802 1803 -1.03272
1802 1816 -1.21314
1802 1998 2.17076
1803 1804 -0.77685
1803 1817 0.8795
1803 1999 0.06519
1804 1805 0.66482
1804 1818 -2.45303
1804 2000 -0.79353
1805 1819 -1.9644
1805 2001 0.99584
1806 1807 0.76123
1806 1819 1.29178
1806 1820 -0.76313
1806 2002 -1.87834
1807 1808 0.50243
1807 1821 0.77588
1807 2003 0.06628
1808 1809 -1.67864
1808 1822 -1.84407
1808 2004 -0.22768
1809 1810 1.76448
1809 1823 -0.2379
1809 2005 0.8543
1810 1811 0.04482
1810 1824 0.85519
1810 2006 0.4375
1811 1812 -0.55073
1811 1825 0.81894
1811 2007 -0.3038
1812 1813 0.8464
1812 1826 0.9971
1812 2008 0.54924
1813 1814 -0.48451
1813 1827 0.91576
1813 2009 1.11491
1814 1815 0.72761
1814 1828 1.00285
1814 2010 -0.3553
1815 1816 0.34276
1815 1829 0.40492
1815 2011 -0.42713
1816 1817 1.11312
1816 1830 0.55868
1816 2012 0.43442
1817 1818 0.63083
1817 1831 0.43405
1817 2013 0.38572
1818 1819 -0.35375
1818 1832 1.13798
1818 2014 0.1975
1819 1833 0.23599
1819 2015 -0.04616
1820 1821 0.13051
1820 1833 -2.71443
1820 1834 -0.40774
1820 2016 -0.71383
1821 1822 -0.04599
1821 1835 -0.03823
1821 2017 -0.32752
1822 1823 -1.21034
1822 1836 -1.09781
1822 2018 -0.11807
1823 1824 1.04957
1823 1837 -1.36443
1823 2019 0.38686
1824 1825 -0.53919
1824 1838 -0.35963
1824 2020 -0.73561
1825 1826 -2.72195
1825 1839 0.27773
1825 2021 0.76658
1826 1827 1.441
1826 1840 0.49887
1826 2022 -1.82886
1827 1828 0.4141
1827 1841 -0.41302
1827 2023 0.64476
1828 1829 1.2147
1828 1842 0.91176
1828 2024 -0.18091
1829 1830 -1.05067
1829 1843 0.21753
1829 2025 2.18055
1830 1831 0.16468
1830 1844 0.2667
1830 2026 -0.44949
1831 1832 1.20005
1831 1845 -0.01681
1831 2027 0.10559
1832 1833 1.4765
1832 1846 0.83909
1832 2028 -0.19221
1833 1847 0.13826
1833 2029 1.40048
1834 1835 0.13618
1834 1847 -1.71028
1834 1848 -0.30928
1834 2030 0.48227
1835 1836 0.74317
1835 1849 -0.63722
1835 2031 -0.8435
1836 1837 0.8868
1836 1850 -0.57904
1836 2032 -1.6484
1837 1838 -0.24312
1837 1851 -0.94934
1837 2033 0.86665
1838 1839 -0.99851
1838 1852 -1.75441
1838 2034 -0.37923
1839 1840 -1.01732
1839 1853 1.1135
1839 2035 0.51538
1840 1841 -0.13054
1840 1854 -0.08206
1840 2036 0.05655
1841 1842 -0.11265
1841 1855 -0.1027
1841 2037 1.08798
1842 1843 0.71791
1842 1856 -0.00989
1842 2038 -0.10414
1843 1844 -0.72138
1843 1857 0.36294
1843 2039 -0.05661
1844 1845 -0.88085
1844 1858 -0.81132
1844 2040 0.91125
1845 1846 -0.56366
1845 1859 -0.95287
1845 2041 0.538
1846 1847 -0.80047
1846 1860 -1.97955
1846 2042 0.72875
1847 1861 0.83636
1847 2043 -0.2095
1848 1849 -0.53561
1848 1861 1.16123
1848 1862 0.37411
1848 2044 1.02862
1849 1850 0.84453
1849 1863 1.10797
1849 2045 0.51631
1850 1851 1.52264
1850 1864 1.09648
1850 2046 1.82463
1851 1852 -1.65136
1851 1865 0.15007
1851 2047 -0.36251
1852 1853 -0.45008
1852 1866 -0.90797
1852 2048 0.50925
1853 1854 -0.55574
1853 1867 1.21704
1853 2049 1.98016
1854 1855 -0.08485
1854 1868 -0.22756
1854 2050 1.15624
1855 1856 1.3708
1855 1869 0.1525
1855 2051 -0.133
1856 1857 -0.68745
1856 1870 1.52358
1856 2052 0.68917
1857 1858 -0.92343
1857 1871 -1.18884
1857 2053 -1.25213
1858 1859 0.07274
1858 1872 -1.35123
1858 2054 -1.48647
1859 1860 -1.93526
1859 1873 -0.26887
1859 2055 0.75051
1860 1861 -1.2827
1860 1874 -0.11068
1860 2056 -1.1028
1861 1875 0.21001
1861 2057 -1.1769
1862 1863 2.29673
1862 1875 0.28576
1862 1876 -0.38715
1862 2058 -1.46998
1863 1864 -0.84426
1863 1877 -0.26248
1863 2059 -0.40972
1864 1865 -0.34243
1864 1878 -0.92828
1864 2060 0.83489
1865 1866 0.85936
1865 1879 0.78383
1865 2061 0.46848
1866 1867 1.51214
1866 1880 0.30939
1866 2062 -0.27699
1867 1868 1.57613
1867 1881 0.60279
1867 2063 -1.46822
1868 1869 -1.34897
1868 1882 2.29356
1868 2064 -0.55486
1869 1870 -0.3385
1869 1883 -1.99167
1869 2065 0.21491
1870 1871 1.17108
1870 1884 0.25533
1870 2066 0.85458
1871 1872 -0.7426
1871 1885 -0.36296
1871 2067 -0.81106
1872 1873 0.10202
1872 1886 1.73577
1872 2068 1.11579
1873 1874 0.16436
1873 1887 0.92176
1873 2069 -0.62539
1874 1875 -0.29533
1874 1888 1.28756
1874 2070 -0.1578
1875 1889 1.35751
1875 2071 0.03841
1876 1877 0.29759
1876 1889 0.11462
1876 1890 -0.22367
1876 2072 0.58255
1877 1878 1.09426
1877 1891 -0.29083
1877 2073 -0.88942
1878 1879 0.50999
1878 1892 -0.41136
1878 2074 -1.83374
1879 1880 1.1091
1879 1893 -1.57706
1879 2075 0.047
1880 1881 1.51826
1880 1894 -0.89633
1880 2076 0.45138
1881 1882 0.47225
1881 1895 -1.08864
1881 2077 -2.69565
1882 1883 0.92916
1882 1896 1.59376
1882 2078 -0.08395
1883 1884 0.42848
1883 1897 -2.26997
1883 2079 0.12236
1884 1885 1.05914
1884 1898 0.44243
1884 2080 0.22768
1885 1886 0.32224
1885 1899 1.07295
1885 2081 -0.43412
1886 1887 -0.0024
1886 1900 0.83519
1886 2082 -0.23714
1887 1888 -0.47966
1887 1901 -0.22463
1887 2083 0.54172
1888 1889 -0.30626
1888 1902 -1.54717
1888 2084 1.20165
1889 1903 -0.70387
1889 2085 -0.49034
1890 1891 -0.46601
1890 1903 -1.38702
1890 1904 -0.69474
1890 2086 -1.23559
1891 1892 0.3455
1891 1905 0.33056
1891 2087 0.83691
1892 1893 -0.39596
1892 1906 0.76596
1892 2088 1.83087
1893 1894 -1.84817
1893 1907 -0.31552
1893 2089 0.9345
1894 1895 -0.53476
1894 1908 0.98232
1894 2090 -0.42179
1895 1896 0.98656
1895 1909 -0.63991
1895 2091 0.25402
1896 1897 1.056
1896 1910 -0.98306
1896 2092 -0.96988
1897 1898 0.20535
1897 1911 -0.30363
1897 2093 1.226
1898 1899 -0.65885
1898 1912 0.26774
1898 2094 -0.45455
1899 1900 -0.74395
1899 1913 1.82147
1899 2095 -1.7104
1900 1901 0.52713
1900 1914 -0.25911
1900 2096 -0.95706
1901 1902 1.07584
1901 1915 -0.47598
1901 2097 -1.65075
1902 1903 1.03464
1902 1916 0.13329
1902 2098 0.34854
1903 1917 0.34197
1903 2099 -0.29908
1904 1905 -0.62934
1904 1917 -1.82872
1904 1918 -0.4133
1904 2100 -0.25746
1905 1906 -0.29603
1905 1919 0.59611
1905 2101 -0.81757
1906 1907 0.68198
1906 1920 -0.49224
1906 2102 1.59051
1907 1908 -0.42575
1907 1921 0.21564
1907 2103 0.48177
1908 1909 -0.5181
1908 1922 -1.17509
1908 2104 -1.47569
1909 1910 -0.0218
1909 1923 -0.93747
1909 2105 0.41272
1910 1911 -1.37517
1910 1924 -0.14472
1910 2106 0.13967
1911 1912 -1.05485
1911 1925 0.25487
1911 2107 -1.51211
1912 1913 2.22238
1912 1926 -0.02484
1912 2108 -0.42886
1913 1914 1.45871
1913 1927 -0.32461
1913 2109 -3.09985
1914 1915 -1.04524
1914 1928 -0.95217
1914 2110 -1.77592
1915 1916 0.5448
1915 1929 1.08718
1915 2111 -0.92265
1916 1917 0.67661
1916 1930 -0.20757
1916 2112 0.05242
1917 1931 0.1801
1917 2113 0.66047
1918 1919 -1.77097
1918 1931 -0.65692
1918 1932 0.88293
1918 2114 1.6215
1919 1920 -0.32169
1919 1933 -0.06657
1919 2115 -1.16568
1920 1921 1.25387
1920 1934 1.43291
1920 2116 -0.55567
1921 1922 -1.55144
1921 1935 0.52494
1921 2117 1.24445
1922 1923 -0.45023
1922 1936 -2.45211
1922 2118 0.05699
1923 1924 -0.46718
1923 1937 0.03359
1923 2119 0.74705
1924 1925 0.2916
1924 1938 -2.44311
1924 2120 -0.42634
1925 1926 1.36348
1925 1939 0.32985
1925 2121 1.26571
1926 1927 0.92717
1926 1940 -0.30295
1926 2122 -2.38563
1927 1928 -1.28723
1927 1941 1.87105
1927 2123 -0.39871
1928 1929 -1.02327
1928 1942 0.94557
1928 2124 0.19071
1929 1930 0.25631
1929 1943 -0.45502
1929 2125 -0.59339
1930 1931 -1.17712
1930 1944 -0.91398
1930 2126 -2.79591
1931 1945 0.31653
1931 2127 -0.28863
1932 1933 -1.17305
1932 1945 0.59897
1932 1946 -0.59138
1932 2128 1.15483
1933 1934 2.24964
1933 1947 0.13568
1933 2129 1.4015
1934 1935 -1.22454
1934 1948 -0.54164
1934 2130 -0.27128
1935 1936 -0.08162
1935 1949 -0.22814
1935 2131 -0.60096
1936 1937 -0.51999
1936 1950 0.41757
1936 2132 -1.07262
1937 1938 -0.54831
1937 1951 1.50561
1937 2133 0.31648
1938 1939 -0.79342
1938 1952 -0.19218
1938 2134 1.98103
1939 1940 -0.46507
1939 1953 0.79271
1939 2135 -1.37469
1940 1941 0.60983
1940 1954 0.47281
1940 2136 -0.87111
1941 1942 -0.21956
1941 1955 1.16434
1941 2137 -0.60119
1942 1943 -0.25361
1942 1956 1.49249
1942 2138 0.69538
1943 1944 -0.52211
1943 1957 -0.07277
1943 2139 0.4261
1944 1945 0.77211
1944 1958 0.00517
1944 2140 -1.32685
1945 1959 1.19168
1945 2141 -0.92901
1946 1947 1.52255
1946 1959 0.42384
1946 2142 2.53442
1947 1948 -1.14193
1947 2143 0.77695
1948 1949 -0.02411
1948 2144 -1.40588
1949 1950 -0.11202
1949 2145 -0.15082
1950 1951 -3.13097
1950 2146 -0.42741
1951 1952 -0.77132
1951 2147 0.34393
1952 1953 0.44099
1952 2148 0.40876
1953 1954 0.64562
1953 2149 0.95661
1954 1955 0.04057
1954 2150 1.19785
1955 1956 -1.6873
1955 2151 -2.35651
1956 1957 -0.77667
1956 2152 -0.37166
1957 1958 1.532
1957 2153 0.77737
1958 1959 0.26427
1958 2154 1.09035
1959 2155 0.30129
1960 1961 0.21334
1960 1973 0.25069
1960 1974 1.07093
1960 2142 0.60797
1960 2156 -0.70396
1961 1962 -0.27399
1961 1975 1.32601
1961 2143 -0.48043
1961 2157 -0.5407
1962 1963 1.88734
1962 1976 -0.6621
1962 2144 0.05566
1962 2158 -0.36559
1963 1964 -0.01105
1963 1977 -1.0136
1963 2145 -0.45889
1963 2159 -0.61441
1964 1965 0.28515
1964 1978 -1.15619
1964 2146 0.049
1964 2160 -3.1167
1965 1966 -0.06876
1965 1979 -2.24161
1965 2147 -1.63781
1965 2161 0.73243
1966 1967 -0.6208
1966 1980 -0.04676
1966 2148 -0.86156
1966 2162 1.79584
1967 1968 -1.94491
1967 1981 2.17698
1967 2149 0.02064
1967 2163 -0.46398
1968 1969 -1.203
1968 1982 0.75675
1968 2150 -0.61763
1968 2164 -0.94268
1969 1970 0.37904
1969 1983 -0.0153
1969 2151 1.22263
1969 2165 -0.0836
1970 1971 -0.94721
1970 1984 -0.33594
1970 2152 -0.0102
1970 2166 -0.66767
1971 1972 1.22673
1971 1985 -0.84389
1971 2153 0.52644
1971 2167 1.23147
1972 1973 -1.36418
1972 1986 -0.86969
1972 2154 -0.77719
1972 2168 1.69032
1973 1987 -0.56442
1973 2155 -0.32424
1973 2169 -0.46015
1974 1975 0.63745
1974 1987 -0.76986
1974 1988 -1.93154
1974 2170 0.59724
1975 1976 -0.22733
1975 1989 0.74806
1975 2171 1.08678
1976 1977 -0.14419
1976 1990 0.62003
1976 2172 2.75765
1977 1978 -0.01796
1977 1991 1.79955
1977 2173 -1.9918
1978 1979 0.67627
1978 1992 -0.21081
1978 2174 0.68424
1979 1980 -2.49631
1979 1993 -0.43406
1979 2175 1.03157
1980 1981 -1.02648
1980 1994 0.55907
1980 2176 2.13935
1981 1982 -0.21925
1981 1995 0.21523
1981 2177 0.12435
1982 1983 -0.70301
1982 1996 -1.89679
1982 2178 -0.64603
1983 1984 -0.96218
1983 1997 -0.57932
1983 2179 -0.22072
1984 1985 -0.28013
1984 1998 -1.97265
1984 2180 0.5586
1985 1986 0.06276
1985 1999 1.58327
1985 2181 -1.26555
1986 1987 1.10348
1986 2000 -0.90721
1986 2182 0.78394
1987 2001 -0.72006
1987 2183 0.58765
1988 1989 0.33044
1988 2001 -0.76776
1988 2002 -0.78065
1988 2184 2.05544
1989 1990 -1.48446
1989 2003 -0.15557
1989 2185 0.39553
1990 1991 -0.1167
1990 2004 -0.21049
1990 2186 1.31087
1991 1992 -2.09622
1991 2005 0.47087
1991 2187 0.76066
1992 1993 -1.08004
1992 2006 1.24495
1992 2188 -0.25351
1993 1994 -0.48755
1993 2007 1.3215
1993 2189 1.65112
1994 1995 -1.36247
1994 2008 0.25678
1994 2190 0.33159
1995 1996 1.19658
1995 2009 0.57891
1995 2191 -0.11006
1996 1997 -0.99382
1996 2010 1.18298
1996 2192 1.23457
1997 1998 1.04314
1997 2011 0.98762
1997 2193 0.0299
1998 1999 0.56073
1998 2012 -0.87453
1998 2194 -1.10561
1999 2000 -0.46273
1999 2013 1.11234
1999 2195 -0.49307
2000 2001 0.57002
2000 2014 0.36372
2000 2196 -0.1445
2001 2015 1.56979
2001 2197 -0.54699
2002 2003 -0.2955
2002 2015 1.05122
2002 2016 -0.67482
2002 2198 -0.80167
2003 2004 0.23734
2003 2017 -0.38312
2003 2199 -1.10285
2004 2005 -0.10248
2004 2018 0.02913
2004 2200 1.46925
2005 2006 -1.61454
2005 2019 0.31249
2005 2201 0.89013
2006 2007 0.32243
2006 2020 0.23259
2006 2202 -0.71916
2007 2008 -0.22812
2007 2021 -1.74822
2007 2203 -0.14882
2008 2009 0.01783
2008 2022 0.63753
2008 2204 -0.55383
2009 2010 -0.13375
2009 2023 0.2976
2009 2205 1.63498
2010 2011 -1.18822
2010 2024 -0.66167
2010 2206 0.70605
2011 2012 0.44929
2011 2025 -1.04854
2011 2207 -0.53181
2012 2013 -0.27639
2012 2026 -1.15983
2012 2208 -1.72948
2013 2014 0.10691
2013 2027 0.46828
2013 2209 0.35481
2014 2015 1.66054
2014 2028 1.8617
2014 2210 0.57245
2015 2029 -0.445
2015 2211 -0.29224
2016 2017 -0.39249
2016 2029 0.67215
2016 2030 0.36624
2016 2212 -0.27619
2017 2018 0.9113
2017 2031 -0.3721
2017 2213 1.13613
2018 2019 -0.61557
2018 2032 -0.99593
2018 2214 0.60359
2019 2020 -0.56806
2019 2033 0.78737
2019 2215 1.16834
2020 2021 -0.80263
2020 2034 0.08603
2020 2216 -0.51162
2021 2022 1.89598
2021 2035 -1.41319
2021 2217 0.41005
2022 2023 1.74548
2022 2036 -0.62784
2022 2218 0.69204
2023 2024 -0.82765
2023 2037 -0.14456
2023 2219 0.78157
2024 2025 -0.20178
2024 2038 -0.08431
2024 2220 -2.83098
2025 2026 -0.588
2025 2039 -0.12924
2025 2221 -0.20006
2026 2027 0.26618
2026 2040 -1.53409
2026 2222 -0.49507
2027 2028 -0.71693
2027 2041 -1.2546
2027 2223 -0.15925
2028 2029 1.45657
2028 2042 1.79086
2028 2224 -0.85089
2029 2043 2.13723
2029 2225 0.73549
2030 2031 0.55228
2030 2043 0.52031
2030 2044 -1.76727
2030 2226 0.72613
2031 2032 -2.10879
2031 2045 0.36606
2031 2227 -0.79965
2032 2033 -0.44734
2032 2046 0.16118
2032 2228 -0.42405
2033 2034 -0.31973
2033 2047 0.26652
2033 2229 0.07135
2034 2035 0.48069
2034 2048 -0.43669
2034 2230 1.50669
2035 2036 0.5246
2035 2049 0.38773
2035 2231 0.31824
2036 2037 -0.51529
2036 2050 -0.31487
2036 2232 0.24942
2037 2038 0.52184
2037 2051 0.30332
2037 2233 -0.13263
2038 2039 -0.88417
2038 2052 0.3308
2038 2234 -0.42621
2039 2040 1.57688
2039 2053 -0.90716
2039 2235 -0.06229
2040 2041 0.1348
2040 2054 1.75155
2040 2236 0.04118
2041 2042 -0.69157
2041 2055 0.29431
2041 2237 -1.33429
2042 2043 0.12454
2042 2056 -0.25989
2042 2238 -0.99695
2043 2057 -0.01042
2043 2239 -0.5479
2044 2045 0.08833
2044 2057 0.66127
2044 2058 -0.24264
2044 2240 0.71782
2045 2046 -0.43028
2045 2059 -1.36482
2045 2241 0.62932
2046 2047 -1.02957
2046 2060 0.53305
2046 2242 0.89757
2047 2048 -0.12934
2047 2061 1.06033
2047 2243 0.73679
2048 2049 0.36253
2048 2062 0.62076
2048 2244 -0.90401
2049 2050 -0.52378
2049 2063 -1.53422
2049 2245 -1.76891
2050 2051 0.3061
2050 2064 0.48121
2050 2246 -1.03033
2051 2052 0.05825
2051 2065 0.71806
2051 2247 -1.07188
2052 2053 -0.82826
2052 2066 -0.97112
2052 2248 0.33187
2053 2054 -0.99369
2053 2067 1.80183
2053 2249 -0.86598
2054 2055 0.06283
2054 2068 -0.91493
2054 2250 1.19157
2055 2056 1.55595
2055 2069 -0.3561
2055 2251 -0.32612
2056 2057 -0.03725
2056 2070 -1.51104
2056 2252 -0.08697
2057 2071 0.37664
2057 2253 -0.47368
2058 2059 -0.1927
2058 2071 -0.7012
2058 2072 0.71081
2058 2254 -0.82612
2059 2060 2.41724
2059 2073 0.75753
2059 2255 0.12081
2060 2061 -0.38144
2060 2074 0.19004
2060 2256 -1.81085
2061 2062 0.24514
2061 2075 0.2622
2061 2257 -0.84199
2062 2063 0.71026
2062 2076 0.82814
2062 2258 -0.40614
2063 2064 -0.7398
2063 2077 0.90892
2063 2259 0.10432
2064 2065 1.39509
2064 2078 1.3007
2064 2260 -1.0669
2065 2066 -0.6155
2065 2079 0.03634
2065 2261 1.06867
2066 2067 0.39956
2066 2080 -1.43676
2066 2262 -0.03946
2067 2068 1.08653
2067 2081 1.22988
2067 2263 0.63971
2068 2069 -0.64741
2068 2082 0.95844
2068 2264 1.61207
2069 2070 0.74741
2069 2083 0.5275
2069 2265 -1.04477
2070 2071 0.20539
2070 2084 -1.14444
2070 2266 -0.49618
2071 2085 0.05506
2071 2267 0.37026
2072 2073 -0.99289
2072 2085 -1.16063
2072 2086 -0.63649
2072 2268 -1.06695
2073 2074 1.99842
2073 2087 -1.08317
2073 2269 -0.22374
2074 2075 -0.54684
2074 2088 0.20338
2074 2270 0.38134
2075 2076 0.09524
2075 2089 1.63497
2075 2271 -1.04507
2076 2077 -0.53979
2076 2090 -0.38711
2076 2272 -0.06967
2077 2078 -1.15451
2077 2091 1.10751
2077 2273 0.12632
2078 2079 -2.1828
2078 2092 -1.13359
2078 2274 0.32339
2079 2080 -0.56825
2079 2093 0.71738
2079 2275 1.56787
2080 2081 0.23396
2080 2094 -0.18376
2080 2276 1.85417
2081 2082 1.60673
2081 2095 -0.15259
2081 2277 -0.87811
2082 2083 -0.49822
2082 2096 -0.62521
2082 2278 1.66498
2083 2084 1.28527
2083 2097 -1.9436
2083 2279 1.57605
2084 2085 -1.73603
2084 2098 1.69966
2084 2280 -0.11161
2085 2099 -0.7142
2085 2281 -0.6002
2086 2087 1.70256
2086 2099 -0.43138
2086 2100 -0.70261
2086 2282 2.52204
2087 2088 -0.27207
2087 2101 -0.05913
2087 2283 -1.31067
2088 2089 0.66491
2088 2102 0.83076
2088 2284 0.10747
2089 2090 0.57411
2089 2103 -0.57988
2089 2285 0.48171
2090 2091 -0.02732
2090 2104 -0.24138
2090 2286 -0.19061
2091 2092 -1.25026
2091 2105 0.74577
2091 2287 1.86621
2092 2093 1.00536
2092 2106 1.84241
2092 2288 0.0817
2093 2094 1.21949
2093 2107 0.14796
2093 2289 -1.13108
2094 2095 0.69934
2094 2108 0.20199
2094 2290 -0.73202
2095 2096 -0.40982
2095 2109 -0.73125
2095 2291 0.63879
2096 2097 0.24651
2096 2110 1.31894
2096 2292 -0.57593
2097 2098 -0.62598
2097 2111 0.70038
2097 2293 0.14197
2098 2099 -1.38743
2098 2112 -0.88741
2098 2294 -0.43394
2099 2113 -1.20051
2099 2295 0.47268
2100 2101 0.74419
2100 2113 0.86714
2100 2114 -0.22204
2100 2296 -0.88566
2101 2102 0.22594
2101 2115 -0.92311
2101 2297 0.64413
2102 2103 1.53476
2102 2116 -1.06041
2102 2298 0.97938
2103 2104 0.47333
2103 2117 0.18306
2103 2299 -0.21697
2104 2105 -1.70186
2104 2118 -1.49264
2104 2300 0.75849
2105 2106 1.34333
2105 2119 0.44835
2105 2301 -0.05633
2106 2107 0.25663
2106 2120 1.12309
2106 2302 2.47749
2107 2108 1.79475
2107 2121 1.64564
2107 2303 -1.11889
2108 2109 -0.38422
2108 2122 0.13721
2108 2304 1.47888
2109 2110 0.10004
2109 2123 0.10613
2109 2305 0.22233
2110 2111 1.75339
2110 2124 0.40765
2110 2306 -1.18889
2111 2112 0.06866
2111 2125 1.32587
2111 2307 1.40659
2112 2113 0.3723
2112 2126 0.13896
2112 2308 0.18424
2113 2127 -1.82829
2113 2309 1.36725
2114 2115 -0.96268
2114 2127 0.02384
2114 2128 2.24651
2114 2310 -1.07524
2115 2116 -0.36222
2115 2129 -0.53215
2115 2311 -0.64611
2116 2117 0.05746
2116 2130 0.38716
2116 2312 0.50995
2117 2118 0.37752
2117 2131 -0.91158
2117 2313 0.65902
2118 2119 -1.18229
2118 2132 -0.78623
2118 2314 -1.24863
2119 2120 0.54153
2119 2133 -1.00292
2119 2315 -0.33343
2120 2121 0.77706
2120 2134 2.03151
2120 2316 1.07591
2121 2122 -0.29934
2121 2135 -0.8874
2121 2317 0.16344
2122 2123 0.51087
2122 2136 -0.33133
2122 2318 2.43689
2123 2124 -0.61289
2123 2137 0.87036
2123 2319 -0.14529
2124 2125 1.28721
2124 2138 0.49392
2124 2320 1.052
2125 2126 1.04963
2125 2139 -1.19602
2125 2321 -1.45676
2126 2127 -1.84476
2126 2140 -2.10154
2126 2322 -0.27579
2127 2141 -0.17576
2127 2323 1.15614
2128 2129 0.2767
2128 2141 -0.48683
2128 2142 -0.34387
2128 2324 0.20753
2129 2130 -0.39798
2129 2143 0.78765
2129 2325 -0.54126
2130 2131 0.08112
2130 2144 -0.71303
2130 2326 -0.91736
2131 2132 0.51483
2131 2145 0.02889
2131 2327 0.79764
2132 2133 -0.03814
2132 2146 -1.20409
2132 2328 -0.96642
2133 2134 -0.23196
2133 2147 -0.66831
2133 2329 -0.53611
2134 2135 0.31589
2134 2148 1.18586
2134 2330 -0.37818
2135 2136 0.46416
2135 2149 -0.28062
2135 2331 -0.31708
2136 2137 -0.25197
2136 2150 -1.09278
2136 2332 -0.22215
2137 2138 -0.13992
2137 2151 1.64843
2137 2333 1.78221
2138 2139 1.77651
2138 2152 -0.59401
2138 2334 0.18204
2139 2140 1.33791
2139 2153 0.08239
2139 2335 -0.89464
2140 2141 2.05169
2140 2154 1.1813
2140 2336 -1.06674
2141 2155 1.40298
2141 2337 0.58371
2142 2143 -1.08837
2142 2155 -1.58666
2142 2338 1.13403
2143 2144 -0.49871
2143 2339 -0.25543
2144 2145 1.73436
2144 2340 -0.04042
2145 2146 -1.29873
2145 2341 1.02752
2146 2147 -0.48096
2146 2342 0.17087
2147 2148 1.67453
2147 2343 -0.46811
2148 2149 -2.42829
2148 2344 -0.52868
2149 2150 0.08367
2149 2345 -1.30765
2150 2151 -0.63343
2150 2346 0.13398
2151 2152 -0.85064
2151 2347 0.48785
2152 2153 -0.11634
2152 2348 -0.77
2153 2154 -1.0074
2153 2349 0.27812
2154 2155 -1.52482
2154 2350 -0.29454
2155 2351 -0.0205
2156 2157 -0.93995
2156 2169 -1.15136
2156 2170 -1.61109
2156 2338 0.49135
2156 2352 -0.55017
2157 2158 -0.95053
2157 2171 -0.36717
2157 2339 -0.40258
2157 2353 0.65176
2158 2159 0.38559
2158 2172 0.04561
2158 2340 -1.35366
2158 2354 0.45556
2159 2160 -1.12198
2159 2173 0.75285
2159 2341 0.05947
2159 2355 -1.17044
2160 2161 -0.55994
2160 2174 0.90568
2160 2342 -1.21297
2160 2356 -0.26526
2161 2162 0.42674
2161 2175 -1.19783
2161 2343 1.33044
2161 2357 1.67543
2162 2163 -0.22767
2162 2176 -1.53664
2162 2344 -0.95799
2162 2358 0.24869
2163 2164 -0.13515
2163 2177 -0.99433
2163 2345 -1.47953
2163 2359 0.07469
2164 2165 0.53907
2164 2178 2.09444
2164 2346 -0.4175
2164 2360 -1.84539
2165 2166 -1.34742
2165 2179 -0.30314
2165 2347 -0.52124
2165 2361 -0.56103
2166 2167 -0.33358
2166 2180 -1.88581
2166 2348 -0.70633
2166 2362 0.33425
2167 2168 1.66681
2167 2181 -0.97904
2167 2349 0.3278
2167 2363 0.63144
2168 2169 1.04222
2168 2182 2.13539
2168 2350 -0.03087
2168 2364 2.6128
2169 2183 0.28459
2169 2351 -1.85284
2169 2365 1.17955
2170 2171 -0.79881
2170 2183 0.42183
2170 2184 -0.64622
2170 2366 0.09476
2171 2172 -0.73785
2171 2185 0.24371
2171 2367 0.82901
2172 2173 2.09844
2172 2186 -1.17861
2172 2368 -0.01404
2173 2174 0.23536
2173 2187 -1.06863
2173 2369 -0.45484
2174 2175 1.19306
2174 2188 0.25475
2174 2370 0.95198
2175 2176 0.53694
2175 2189 -0.00172
2175 2371 0.63142
2176 2177 -0.31143
2176 2190 0.44101
2176 2372 -0.44839
2177 2178 -1.76445
2177 2191 0.91173
2177 2373 -0.02468
2178 2179 -0.14608
2178 2192 -0.78667
2178 2374 0.47611
2179 2180 -0.82286
2179 2193 0.49291
2179 2375 0.60945
2180 2181 -1.86977
2180 2194 -0.23473
2180 2376 -1.33088
2181 2182 -0.52796
2181 2195 -0.44139
2181 2377 -0.10233
2182 2183 -0.21029
2182 2196 -1.91684
2182 2378 0.84798
2183 2197 -0.91133
2183 2379 -0.25598
2184 2185 -0.95589
2184 2197 -0.50936
2184 2198 -1.21369
2184 2380 1.02672
2185 2186 0.11862
2185 2199 -0.62884
2185 2381 1.41284
2186 2187 0.5792
2186 2200 1.94749
2186 2382 0.01634
2187 2188 -0.74503
2187 2201 -0.48886
2187 2383 0.51131
2188 2189 -0.81863
2188 2202 -0.08304
2188 2384 0.27034
2189 2190 1.01875
2189 2203 -0.86034
2189 2385 -1.32509
2190 2191 -0.88416
2190 2204 0.34846
2190 2386 -1.74315
2191 2192 0.38662
2191 2205 -2.00855
2191 2387 -0.44483
2192 2193 1.86128
2192 2206 -0.59674
2192 2388 -0.13487
2193 2194 0.58518
2193 2207 -2.79342
2193 2389 2.47657
2194 2195 -0.29113
2194 2208 -1.09135
2194 2390 -2.34595
2195 2196 -0.81343
2195 2209 1.02466
2195 2391 -0.40403
2196 2197 -0.02931
2196 2210 1.26962
2196 2392 -0.83227
2197 2211 0.22447
2197 2393 -0.79901
2198 2199 -0.16059
2198 2211 1.16697
2198 2212 -0.48521
2198 2394 -0.25377
2199 2200 0.69484
2199 2213 -0.15864
2199 2395 -1.84876
2200 2201 0.45357
2200 2214 1.09134
2200 2396 0.52692
2201 2202 0.09346
2201 2215 -0.69808
2201 2397 0.00104
2202 2203 -2.04822
2202 2216 0.38278
2202 2398 1.69091
2203 2204 -0.13436
2203 2217 -0.33992
2203 2399 -0.70054
2204 2205 1.38886
2204 2218 -0.27312
2204 2400 -1.53996
2205 2206 -1.2724
2205 2219 1.60273
2205 2401 1.03635
2206 2207 -0.30059
2206 2220 -0.4028
2206 2402 1.5852
2207 2208 -0.38685
2207 2221 -1.48245
2207 2403 0.36495
2208 2209 -1.26323
2208 2222 -0.72544
2208 2404 -0.82313
2209 2210 -1.11005
2209 2223 -1.11433
2209 2405 0.11171
2210 2211 -0.97126
2210 2224 -3.27863
2210 2406 0.12499
2211 2225 -0.21944
2211 2407 0.30297
2212 2213 0.39092
2212 2225 -0.45821
2212 2226 0.15074
2212 2408 0.82638
2213 2214 -0.97482
2213 2227 0.35826
2213 2409 0.96238
2214 2215 0.73945
2214 2228 1.04586
2214 2410 1.70199
2215 2216 -0.47487
2215 2229 0.3175
2215 2411 -0.64992
2216 2217 0.01747
2216 2230 0.48026
2216 2412 -0.44525
2217 2218 0.36406
2217 2231 -0.64115
2217 2413 0.52605
2218 2219 -0.11615
2218 2232 0.63268
2218 2414 -0.889
2219 2220 -2.67598
2219 2233 0.51115
2219 2415 2.65433
2220 2221 0.07411
2220 2234 0.57826
2220 2416 0.61733
2221 2222 -2.54031
2221 2235 -0.0755
2221 2417 0.34666
2222 2223 -0.19021
2222 2236 0.30893
2222 2418 -1.63972
2223 2224 -0.42166
2223 2237 -0.67398
2223 2419 1.35289
2224 2225 0.83448
2224 2238 0.01467
2224 2420 0.70773
2225 2239 -0.9852
2225 2421 -0.02719
2226 2227 -2.09269
2226 2239 -1.83136
2226 2240 -0.81785
2226 2422 -0.95846
2227 2228 0.68537
2227 2241 1.2819
2227 2423 -0.6669
2228 2229 0.11426
2228 2242 1.80391
2228 2424 0.9699
2229 2230 -1.3225
2229 2243 0.35333
2229 2425 0.44465
2230 2231 1.24114
2230 2244 0.21068
2230 2426 -0.43766
2231 2232 -0.47727
2231 2245 0.72161
2231 2427 -0.67903
2232 2233 1.74215
2232 2246 0.10615
2232 2428 0.91494
2233 2234 -0.29047
2233 2247 1.25652
2233 2429 -0.49243
2234 2235 0.18058
2234 2248 -1.14265
2234 2430 -0.26033
2235 2236 0.75589
2235 2249 0.7172
2235 2431 -0.88748
2236 2237 1.87053
2236 2250 -0.88923
2236 2432 1.11854
2237 2238 -0.15416
2237 2251 -0.12145
2237 2433 -1.69975
2238 2239 0.69262
2238 2252 0.19267
2238 2434 -0.62217
2239 2253 0.00599
2239 2435 -1.55377
2240 2241 -1.67497
2240 2253 0.62589
2240 2254 0.28454
2240 2436 0.15753
2241 2242 -2.04713
2241 2255 0.48166
2241 2437 0.70309
2242 2243 -0.73222
2242 2256 -1.57537
2242 2438 0.81104
2243 2244 0.33646
2243 2257 -1.20011
2243 2439 1.18056
2244 2245 -1.50338
2244 2258 -0.46545
2244 2440 0.12966
2245 2246 0.15383
2245 2259 0.34022
2245 2441 -0.61722
2246 2247 0.30869
2246 2260 1.30043
2246 2442 0.60569
2247 2248 -1.0456
2247 2261 1.76049
2247 2443 1.33337
2248 2249 -0.87627
2248 2262 -0.03516
2248 2444 1.12431
2249 2250 -0.49846
2249 2263 -0.88457
2249 2445 -1.82643
2250 2251 -0.29394
2250 2264 -0.96846
2250 2446 -0.10131
2251 2252 0.23977
2251 2265 -1.53765
2251 2447 -0.36308
2252 2253 1.08363
2252 2266 -0.7657
2252 2448 0.13835
2253 2267 -0.04989
2253 2449 0.05456
2254 2255 -1.64343
2254 2267 -1.62783
2254 2268 -0.52896
2254 2450 0.31929
2255 2256 -0.41608
2255 2269 -1.00397
2255 2451 0.59252
2256 2257 -1.41409
2256 2270 -1.1318
2256 2452 -0.15536
2257 2258 0.54414
2257 2271 2.48923
2257 2453 -1.01753
2258 2259 -0.50697
2258 2272 0.64953
2258 2454 0.30017
2259 2260 -0.14452
2259 2273 -1.0821
2259 2455 1.18692
2260 2261 -2.05804
2260 2274 -0.11173
2260 2456 1.88167
2261 2262 -0.75274
2261 2275 -0.91158
2261 2457 -0.87893
2262 2263 0.136
2262 2276 2.50363
2262 2458 -2.29781
2263 2264 -0.11974
2263 2277 0.41868
2263 2459 0.22923
2264 2265 0.49257
2264 2278 -0.09975
2264 2460 -1.66844
2265 2266 -1.11251
2265 2279 -1.03794
2265 2461 1.26728
2266 2267 -0.39343
2266 2280 1.86988
2266 2462 0.47972
2267 2281 0.66105
2267 2463 1.09863
2268 2269 -0.68789
2268 2281 -1.39713
2268 2282 -0.2783
2268 2464 -0.5612
2269 2270 2.49755
2269 2283 0.52544
2269 2465 -0.54698
2270 2271 -1.06404
2270 2284 -2.29754
2270 2466 1.34379
2271 2272 0.87842
2271 2285 -0.83739
2271 2467 0.13005
2272 2273 -0.15897
2272 2286 1.26198
2272 2468 -0.62349
2273 2274 -1.20553
2273 2287 1.41408
2273 2469 1.21525
2274 2275 1.12346
2274 2288 1.76456
2274 2470 1.54435
2275 2276 -1.37081
2275 2289 -0.60622
2275 2471 -0.72424
2276 2277 -2.18906
2276 2290 0.67202
2276 2472 -1.61336
2277 2278 -0.80557
2277 2291 -0.51847
2277 2473 -0.21695
2278 2279 -0.91458
2278 2292 0.79184
2278 2474 0.05792
2279 2280 0.29902
2279 2293 -0.89869
2279 2475 -0.01926
2280 2281 -1.49107
2280 2294 -0.32512
2280 2476 0.92645
2281 2295 -0.22734
2281 2477 -0.82053
2282 2283 0.47128
2282 2295 1.26436
2282 2296 0.29187
2282 2478 -1.46699
2283 2284 2.25776
2283 2297 0.18582
2283 2479 -1.12436
2284 2285 1.07401
2284 2298 0.68252
2284 2480 0.72396
2285 2286 -1.67267
2285 2299 0.17053
2285 2481 -2.43869
2286 2287 -0.44698
2286 2300 0.36988
2286 2482 1.96411
2287 2288 -0.63862
2287 2301 0.02443
2287 2483 -0.39377
2288 2289 1.01144
2288 2302 0.70839
2288 2484 -0.16782
2289 2290 0.16414
2289 2303 -0.72813
2289 2485 -0.95298
2290 2291 -0.40984
2290 2304 0.51534
2290 2486 0.72148
2291 2292 0.40319
2291 2305 0.71196
2291 2487 0.74845
2292 2293 0.14235
2292 2306 -1.51308
2292 2488 0.07432
2293 2294 1.4938
2293 2307 -0.16621
2293 2489 0.54152
2294 2295 -1.01223
2294 2308 2.50356
2294 2490 1.28727
2295 2309 -0.21867
2295 2491 1.28432
2296 2297 1.03097
2296 2309 -0.47845
2296 2310 0.83096
2296 2492 -0.45426
2297 2298 0.87799
2297 2311 -1.61266
2297 2493 1.54798
2298 2299 -1.89932
2298 2312 -0.39946
2298 2494 -0.15901
2299 2300 1.2079
2299 2313 -0.03547
2299 2495 -0.2457
2300 2301 0.77495
2300 2314 -1.39098
2300 2496 -0.83879
2301 2302 2.65152
2301 2315 1.23567
2301 2497 -0.73552
2302 2303 0.54448
2302 2316 -1.97772
2302 2498 -0.52201
2303 2304 -0.95785
2303 2317 1.00128
2303 2499 1.26785
2304 2305 -0.80438
2304 2318 0.51279
2304 2500 -0.53106
2305 2306 -0.59401
2305 2319 -0.06716
2305 2501 -0.32553
2306 2307 0.61745
2306 2320 -2.55529
2306 2502 -1.82627
2307 2308 -0.48999
2307 2321 -0.96194
2307 2503 1.02437
2308 2309 -0.0955
2308 2322 -1.49888
2308 2504 -0.03427
2309 2323 0.7937
2309 2505 0.06131
2310 2311 -0.88366
2310 2323 -1.46957
2310 2324 -0.34943
2310 2506 0.31784
2311 2312 1.30424
2311 2325 -1.04687
2311 2507 -0.04388
2312 2313 -0.71795
2312 2326 0.0778
2312 2508 -0.44075
2313 2314 1.04939
2313 2327 -0.86179
2313 2509 1.43813
2314 2315 0.55979
2314 2328 -0.80459
2314 2510 0.92865
2315 2316 -0.55821
2315 2329 -0.67858
2315 2511 -2.05408
2316 2317 -0.65549
2316 2330 -2.4169
2316 2512 0.63555
2317 2318 0.87989
2317 2331 -0.74487
2317 2513 0.77396
2318 2319 1.39714
2318 2332 -1.13763
2318 2514 0.78758
2319 2320 0.27763
2319 2333 -0.41225
2319 2515 -0.74968
2320 2321 -0.56512
2320 2334 0.56956
2320 2516 -0.63328
2321 2322 1.57361
2321 2335 1.37734
2321 2517 1.34428
2322 2323 -0.2953
2322 2336 -0.94635
2322 2518 -0.18065
2323 2337 -0.27883
2323 2519 0.32107
2324 2325 1.03207
2324 2337 -0.2444
2324 2338 1.38457
2324 2520 -0.30392
2325 2326 0.55382
2325 2339 -0.01329
2325 2521 -0.03402
2326 2327 -1.11602
2326 2340 -0.38078
2326 2522 -0.82734
2327 2328 -0.56973
2327 2341 -0.2526
2327 2523 -0.81685
2328 2329 0.04385
2328 2342 1.93105
2328 2524 -0.38761
2329 2330 0.03061
2329 2343 0.54938
2329 2525 -0.279
2330 2331 0.72696
2330 2344 -0.67217
2330 2526 1.17868
2331 2332 -0.95536
2331 2345 -0.71627
2331 2527 -0.23862
2332 2333 0.64319
2332 2346 -1.77041
2332 2528 0.36879
2333 2334 1.12546
2333 2347 -0.10316
2333 2529 -0.2569
2334 2335 0.4249
2334 2348 1.32934
2334 2530 -1.1363
2335 2336 0.40752
2335 2349 1.19649
2335 2531 1.5465
2336 2337 0.52428
2336 2350 -0.87926
2336 2532 0.37452
2337 2351 0.05197
2337 2533 0.23832
2338 2339 1.17795
2338 2351 -0.51495
2338 2534 0.01971
2339 2340 -0.15731
2339 2535 0.69055
2340 2341 -0.68186
2340 2536 0.3018
2341 2342 -1.44356
2341 2537 0.30326
2342 2343 1.24998
2342 2538 -1.68651
2343 2344 0.79326
2343 2539 -0.71355
2344 2345 0.26759
2344 2540 -0.76617
2345 2346 0.38917
2345 2541 1.486
2346 2347 0.32887
2346 2542 0.98113
2347 2348 -1.50894
2347 2543 0.6251
2348 2349 0.48948
2348 2544 -1.0108
2349 2350 0.97733
2349 2545 -0.1395
2350 2351 -1.98979
2350 2546 -0.41545
2351 2547 0.38083
2352 2353 0.49689
2352 2365 -1.28396
2352 2366 -0.69662
2352 2534 0.02627
2352 2548 -0.73879
2353 2354 -0.36462
2353 2367 -0.94492
2353 2535 -1.35101
2353 2549 -2.19087
2354 2355 -1.57218
2354 2368 0.484
2354 2536 1.1211
2354 2550 -0.16105
2355 2356 2.03793
2355 2369 0.57238
2355 2537 0.48404
2355 2551 1.08254
2356 2357 -0.85487
2356 2370 1.49268
2356 2538 -0.89164
2356 2552 -0.52082
2357 2358 -0.15772
2357 2371 0.42097
2357 2539 0.71893
2357 2553 0.99143
2358 2359 -0.21102
2358 2372 -0.6303
2358 2540 -1.96581
2358 2554 1.2058
2359 2360 -0.23057
2359 2373 0.03047
2359 2541 -0.15281
2359 2555 0.07835
2360 2361 -0.59132
2360 2374 0.5048
2360 2542 -1.89357
2360 2556 -0.19389
2361 2362 0.90956
2361 2375 -0.31349
2361 2543 0.599
2361 2557 0.04236
2362 2363 -1.16475
2362 2376 -1.59426
2362 2544 -0.49979
2362 2558 -1.15258
2363 2364 -0.42196
2363 2377 -2.15153
2363 2545 1.48432
2363 2559 0.17246
2364 2365 1.0499
2364 2378 -0.24502
2364 2546 0.57333
2364 2560 -0.56927
2365 2379 0.10222
2365 2547 -0.59558
2365 2561 0.93503
2366 2367 -0.03745
2366 2379 -0.90282
2366 2380 -0.23189
2366 2562 1.10002
2367 2368 0.95259
2367 2381 -0.60466
2367 2563 -0.57833
2368 2369 -0.18585
2368 2382 0.12192
2368 2564 -0.45115
2369 2370 -1.24326
2369 2383 -1.65986
2369 2565 0.18127
2370 2371 1.16908
2370 2384 -1.04779
2370 2566 0.62817
2371 2372 0.05134
2371 2385 -0.35464
2371 2567 0.18383
2372 2373 -0.0701
2372 2386 1.0137
2372 2568 1.69663
2373 2374 -0.408
2373 2387 -1.60294
2373 2569 -0.69398
2374 2375 0.11709
2374 2388 -0.40956
2374 2570 -0.53719
2375 2376 1.85888
2375 2389 0.86065
2375 2571 2.47158
2376 2377 -0.09609
2376 2390 0.69751
2376 2572 0.0252
2377 2378 1.79074
2377 2391 -0.41846
2377 2573 -0.85759
2378 2379 0.26845
2378 2392 -0.41126
2378 2574 0.76874
2379 2393 -0.83639
2379 2575 -0.17378
2380 2381 0.38733
2380 2393 -0.86916
2380 2394 -1.04933
2380 2576 -1.30503
2381 2382 1.46549
2381 2395 1.06034
2381 2577 -0.11026
2382 2383 1.07776
2382 2396 -0.30348
2382 2578 -0.98833
2383 2384 0.60901
2383 2397 0.33532
2383 2579 0.13026
2384 2385 -0.96444
2384 2398 -1.1488
2384 2580 -0.44466
2385 2386 -0.19395
2385 2399 -0.09976
2385 2581 0.24361
2386 2387 -0.8229
2386 2400 2.05463
2386 2582 0.48888
2387 2388 -0.13895
2387 2401 -0.94196
2387 2583 -0.48711
2388 2389 -1.01338
2388 2402 -0.45872
2388 2584 -0.66464
2389 2390 0.98541
2389 2403 -0.06079
2389 2585 -1.79132
2390 2391 -0.62397
2390 2404 0.36022
2390 2586 -0.77267
2391 2392 0.07309
2391 2405 -0.42316
2391 2587 0.74507
2392 2393 0.48027
2392 2406 1.21725
2392 2588 0.51722
2393 2407 1.27184
2393 2589 -1.64946
2394 2395 -1.04366
2394 2407 0.14145
2394 2408 -0.01129
2394 2590 -0.67116
2395 2396 -1.07327
2395 2409 0.96906
2395 2591 -1.59361
2396 2397 1.35126
2396 2410 0.92907
2396 2592 0.42537
2397 2398 0.91689
2397 2411 1.42074
2397 2593 -0.31115
2398 2399 0.80134
2398 2412 -0.92689
2398 2594 0.22802
2399 2400 0.05323
2399 2413 -1.66456
2399 2595 -0.3127
2400 2401 -0.02989
2400 2414 1.58097
2400 2596 0.89374
2401 2402 -0.40373
2401 2415 2.78823
2401 2597 1.61254
2402 2403 -1.41741
2402 2416 -0.14811
2402 2598 -0.8497
2403 2404 -0.53395
2403 2417 0.76525
2403 2599 2.47432
2404 2405 0.09222
2404 2418 0.2743
2404 2600 1.48283
2405 2406 1.60599
2405 2419 -0.02814
2405 2601 -1.44835
2406 2407 -0.72802
2406 2420 -0.33151
2406 2602 0.16077
2407 2421 0.12951
2407 2603 -0.32506
2408 2409 0.09898
2408 2421 0.45595
2408 2422 -0.11744
2408 2604 0.108
2409 2410 -0.24038
2409 2423 0.93442
2409 2605 -1.03541
2410 2411 -1.236
2410 2424 1.00869
2410 2606 -0.43573
2411 2412 -0.27952
2411 2425 -0.0388
2411 2607 -1.9231
2412 2413 -2.37268
2412 2426 -0.18195
2412 2608 -1.5139
2413 2414 -0.40158
2413 2427 0.66554
2413 2609 -0.84104
2414 2415 0.25135
2414 2428 -0.87318
2414 2610 -1.4813
2415 2416 1.39928
2415 2429 -0.289
2415 2611 0.21776
2416 2417 0.7908
2416 2430 -0.60303
2416 2612 0.28065
2417 2418 -0.36634
2417 2431 0.98063
2417 2613 0.00463
2418 2419 1.02544
2418 2432 0.91241
2418 2614 -1.69948
2419 2420 0.32323
2419 2433 -0.20436
2419 2615 2.03801
2420 2421 -1.72582
2420 2434 0.96245
2420 2616 -0.29249
2421 2435 -1.8632
2421 2617 0.44447
2422 2423 -0.59422
2422 2435 0.05684
2422 2436 0.58225
2422 2618 -1.25665
2423 2424 -0.6295
2423 2437 0.66166
2423 2619 1.37624
2424 2425 -1.03204
2424 2438 -0.18262
2424 2620 -0.87761
2425 2426 0.97472
2425 2439 -0.68244
2425 2621 0.2693
2426 2427 -1.22524
2426 2440 0.73705
2426 2622 2.38426
2427 2428 1.08621
2427 2441 1.76784
2427 2623 -0.06497
2428 2429 -0.2683
2428 2442 -1.83817
2428 2624 1.30005
2429 2430 -1.17761
2429 2443 -0.1952
2429 2625 0.42183
2430 2431 0.77157
2430 2444 0.12901
2430 2626 -0.71281
2431 2432 -0.55189
2431 2445 0.82756
2431 2627 0.31607
2432 2433 0.11953
2432 2446 -0.08855
2432 2628 -0.18053
2433 2434 1.2631
2433 2447 -0.85173
2433 2629 -1.11902
2434 2435 0.06939
2434 2448 -0.60867
2434 2630 -0.10995
2435 2449 -0.32852
2435 2631 0.15155
2436 2437 0.8146
2436 2449 -1.9217
2436 2450 1.23433
2436 2632 -1.59673
2437 2438 2.29322
2437 2451 -0.90778
2437 2633 -0.4572
2438 2439 0.56622
2438 2452 1.00011
2438 2634 -0.62084
2439 2440 -0.67642
2439 2453 -1.07737
2439 2635 0.2474
2440 2441 -0.6094
2440 2454 0.54104
2440 2636 0.88294
2441 2442 0.75466
2441 2455 0.26152
2441 2637 2.8375
2442 2443 0.87251
2442 2456 1.03494
2442 2638 1.8104
2443 2444 -0.17741
2443 2457 -2.34013
2443 2639 -1.19274
2444 2445 1.44038
2444 2458 -0.57181
2444 2640 -0.81182
2445 2446 1.24898
2445 2459 -0.79787
2445 2641 0.03814
2446 2447 -0.98697
2446 2460 -0.01034
2446 2642 -1.60977
2447 2448 0.34748
2447 2461 0.16366
2447 2643 0.26744
2448 2449 -0.31308
2448 2462 -1.35961
2448 2644 1.58182
2449 2463 -0.42979
2449 2645 -0.53699
2450 2451 -0.05247
2450 2463 0.96194
2450 2464 0.04445
2450 2646 -0.31154
2451 2452 0.30969
2451 2465 0.13272
2451 2647 0.82192
2452 2453 -0.35496
2452 2466 0.84361
2452 2648 -0.08484
2453 2454 -0.58462
2453 2467 -0.66108
2453 2649 -0.22528
2454 2455 1.69372
2454 2468 -0.40133
2454 2650 0.29291
2455 2456 0.45176
2455 2469 0.56162
2455 2651 0.14191
2456 2457 1.23947
2456 2470 -0.2815
2456 2652 -0.76334
2457 2458 -0.83419
2457 2471 -0.84743
2457 2653 -0.42362
2458 2459 -1.35433
2458 2472 0.46681
2458 2654 1.89405
2459 2460 0.83479
2459 2473 1.22431
2459 2655 -2.14996
2460 2461 0.76377
2460 2474 0.39098
2460 2656 0.08522
2461 2462 -1.48903
2461 2475 -0.51008
2461 2657 -0.10547
2462 2463 2.38066
2462 2476 -0.17606
2462 2658 1.38278
2463 2477 1.02161
2463 2659 -0.93546
2464 2465 0.84158
2464 2477 0.23842
2464 2478 1.05363
2464 2660 -1.25233
2465 2466 0.15839
2465 2479 0.94811
2465 2661 1.09513
2466 2467 -2.54957
2466 2480 0.59951
2466 2662 0.53048
2467 2468 1.10197
2467 2481 -0.37508
2467 2663 0.79086
2468 2469 -0.54325
2468 2482 0.69675
2468 2664 2.14134
2469 2470 0.13079
2469 2483 -0.31181
2469 2665 -2.55368
2470 2471 -1.7254
2470 2484 0.10503
2470 2666 0.33268
2471 2472 0.51525
2471 2485 1.56335
2471 2667 -1.64574
2472 2473 0.6574
2472 2486 0.16476
2472 2668 0.49911
2473 2474 -1.45837
2473 2487 -1.08185
2473 2669 1.3637
2474 2475 -1.42543
2474 2488 0.41697
2474 2670 -0.82531
2475 2476 0.94752
2475 2489 -1.09264
2475 2671 1.20663
2476 2477 0.81406
2476 2490 0.82278
2476 2672 1.8296
2477 2491 0.3505
2477 2673 -0.72835
2478 2479 1.94075
2478 2491 1.65529
2478 2492 -0.99211
2478 2674 0.05273
2479 2480 2.02241
2479 2493 -0.19227
2479 2675 -1.53256
2480 2481 -0.61902
2480 2494 1.4829
2480 2676 -0.14565
2481 2482 -0.90785
2481 2495 -0.79108
2481 2677 0.44341
2482 2483 -0.51272
2482 2496 0.90655
2482 2678 -0.78763
2483 2484 -0.90093
2483 2497 -0.84928
2483 2679 -1.97153
2484 2485 0.49118
2484 2498 0.65322
2484 2680 -0.20263
2485 2486 -0.10391
2485 2499 2.25144
2485 2681 -0.94209
2486 2487 0.53485
2486 2500 0.38039
2486 2682 -1.95678
2487 2488 0.32349
2487 2501 -2.46945
2487 2683 0.66355
2488 2489 -1.2539
2488 2502 0.38312
2488 2684 0.78396
2489 2490 -0.79293
2489 2503 -0.63519
2489 2685 -0.60788
2490 2491 0.20923
2490 2504 -0.88973
2490 2686 0.34643
2491 2505 0.02749
2491 2687 -0.48537
2492 2493 0.34096
2492 2505 -1.68796
2492 2506 0.55081
2492 2688 0.66511
2493 2494 0.94586
2493 2507 -1.78485
2493 2689 -0.21768
2494 2495 -0.4968
2494 2508 -0.0593
2494 2690 1.02688
2495 2496 0.02347
2495 2509 1.57313
2495 2691 0.92272
2496 2497 -0.3644
2496 2510 -0.46566
2496 2692 -0.42918
2497 2498 0.24836
2497 2511 0.33161
2497 2693 -0.42459
2498 2499 -0.58994
2498 2512 1.589
2498 2694 0.60559
2499 2500 -1.19835
2499 2513 0.95263
2499 2695 0.96397
2500 2501 0.62653
2500 2514 2.23972
2500 2696 -0.63947
2501 2502 -0.73907
2501 2515 0.43895
2501 2697 0.62009
2502 2503 0.30357
2502 2516 -0.34657
2502 2698 0.27295
2503 2504 0.79924
2503 2517 0.55224
2503 2699 0.59497
2504 2505 0.74601
2504 2518 1.20529
2504 2700 1.70165
2505 2519 -0.742
2505 2701 1.31387
2506 2507 2.30784
2506 2519 -1.03705
2506 2520 -0.59368
2506 2702 -0.74998
2507 2508 -0.65333
2507 2521 -0.17725
2507 2703 1.52572
2508 2509 -0.41038
2508 2522 0.66205
2508 2704 0.90431
2509 2510 -0.13881
2509 2523 -0.10036
2509 2705 -0.37694
2510 2511 0.39657
2510 2524 -0.32029
2510 2706 0.88395
2511 2512 -0.24796
2511 2525 -0.49002
2511 2707 1.24345
2512 2513 1.49908
2512 2526 -0.32328
2512 2708 -0.21338
2513 2514 1.91288
2513 2527 -1.44094
2513 2709 -0.47123
2514 2515 0.39706
2514 2528 1.13667
2514 2710 0.86469
2515 2516 0.73876
2515 2529 0.05747
2515 2711 0.2356
2516 2517 -0.04045
2516 2530 0.74756
2516 2712 -0.31188
2517 2518 1.20531
2517 2531 -1.50213
2517 2713 1.01971
2518 2519 -1.10729
2518 2532 -0.86696
2518 2714 -2.00474
2519 2533 -1.72024
2519 2715 -1.30627
2520 2521 0.5066
2520 2533 -1.93456
2520 2534 -2.06371
2520 2716 0.49393
2521 2522 -1.55826
2521 2535 -0.25387
2521 2717 -1.00848
2522 2523 -0.54365
2522 2536 0.64241
2522 2718 -0.17199
2523 2524 -2.08327
2523 2537 1.18235
2523 2719 -1.44686
2524 2525 0.94272
2524 2538 -1.27123
2524 2720 0.96916
2525 2526 0.6936
2525 2539 -0.8508
2525 2721 0.42249
2526 2527 0.24611
2526 2540 -0.11223
2526 2722 -0.58577
2527 2528 1.95059
2527 2541 -0.73519
2527 2723 -0.20979
2528 2529 1.64935
2528 2542 0.06223
2528 2724 -0.20063
2529 2530 0.6943
2529 2543 -2.74751
2529 2725 1.8407
2530 2531 -1.77594
2530 2544 0.1386
2530 2726 0.29354
2531 2532 0.34995
2531 2545 1.59224
2531 2727 -0.59504
2532 2533 -1.06347
2532 2546 -1.9774
2532 2728 -0.03434
2533 2547 1.31043
2533 2729 -2.37264
2534 2535 -1.47142
2534 2547 0.69715
2534 2730 0.18651
2535 2536 0.27273
2535 2731 -0.47433
2536 2537 0.19537
2536 2732 0.0884
2537 2538 -0.93281
2537 2733 1.08933
2538 2539 1.48127
2538 2734 0.26624
2539 2540 0.89916
2539 2735 1.18535
2540 2541 0.32111
2540 2736 0.36008
2541 2542 1.56122
2541 2737 0.51375
2542 2543 -0.74583
2542 2738 0.80473
2543 2544 -0.09447
2543 2739 1.10744
2544 2545 -0.36648
2544 2740 -0.52294
2545 2546 1.25312
2545 2741 0.64263
2546 2547 0.7753
2546 2742 0.09872
2547 2743 0.64663
2548 2549 -0.17504
2548 2561 0.87427
2548 2562 -0.45709
2548 2730 0.13314
2549 2550 -0.9471
2549 2563 1.26624
2549 2731 1.73851
2550 2551 -0.69555
2550 2564 -0.32611
2550 2732 0.13723
2551 2552 -0.44294
2551 2565 0.7369
2551 2733 -0.81897
2552 2553 0.19696
2552 2566 0.31309
2552 2734 -1.50439
2553 2554 0.91176
2553 2567 0.97687
2553 2735 1.7488
2554 2555 -0.35728
2554 2568 -1.90567
2554 2736 0.39325
2555 2556 -0.49033
2555 2569 -1.28066
2555 2737 0.53958
2556 2557 0.52721
2556 2570 0.18286
2556 2738 0.75759
2557 2558 -1.16503
2557 2571 1.49163
2557 2739 -1.15764
2558 2559 -0.63602
2558 2572 -0.65721
2558 2740 1.55702
2559 2560 0.8802
2559 2573 0.81331
2559 2741 1.14003
2560 2561 -1.77023
2560 2574 -1.26912
2560 2742 -0.77122
2561 2575 -0.00941
2561 2743 1.35244
2562 2563 2.88251
2562 2575 -0.45399
2562 2576 -0.33591
2563 2564 1.59318
2563 2577 0.62534
2564 2565 1.23637
2564 2578 1.19833
2565 2566 0.98605
2565 2579 0.81513
2566 2567 -1.01806
2566 2580 -0.9539
2567 2568 -0.9716
2567 2581 0.34975
2568 2569 -1.78108
2568 2582 -0.56389
2569 2570 -0.41139
2569 2583 0.56426
2570 2571 0.78245
2570 2584 1.69095
2571 2572 0.4972
2571 2585 0.23019
2572 2573 -0.17715
2572 2586 0.44795
2573 2574 -1.74655
2573 2587 0.86629
2574 2575 -0.26185
2574 2588 0.05197
2575 2589 -0.35976
2576 2577 -0.07848
2576 2589 -1.09375
2576 2590 0.23843
2577 2578 1.45787
2577 2591 0.36287
2578 2579 0.56795
2578 2592 -1.48002
2579 2580 -0.82619
2579 2593 1.4368
2580 2581 0.08954
2580 2594 0.65799
2581 2582 -0.94909
2581 2595 -0.03778
2582 2583 1.55403
2582 2596 1.73114
2583 2584 -0.79362
2583 2597 -1.23564
2584 2585 -0.79091
2584 2598 0.42758
2585 2586 0.49255
2585 2599 0.8403
2586 2587 1.01095
2586 2600 -1.52859
2587 2588 0.4663
2587 2601 -0.9095
2588 2589 -1.34335
2588 2602 -1.0407
2589 2603 0.41269
2590 2591 -0.96137
2590 2603 0.43214
2590 2604 -0.7311
2591 2592 0.56167
2591 2605 1.27958
2592 2593 2.20259
2592 2606 1.80227
2593 2594 -1.58116
2593 2607 -0.30668
2594 2595 -0.23515
2594 2608 -0.57901
2595 2596 -0.87537
2595 2609 -0.39487
2596 2597 -0.06534
2596 2610 -0.15622
2597 2598 -0.33126
2597 2611 0.20435
2598 2599 0.74358
2598 2612 -0.12742
2599 2600 -1.09298
2599 2613 -0.21098
2600 2601 -1.95957
2600 2614 -0.55345
2601 2602 1.36192
2601 2615 -1.54702
2602 2603 0.07374
2602 2616 -0.27616
2603 2617 0.36133
2604 2605 1.85142
2604 2617 -1.6861
2604 2618 1.75006
2605 2606 0.90939
2605 2619 -0.38972
2606 2607 -0.43787
2606 2620 1.39292
2607 2608 1.50516
2607 2621 0.39367
2608 2609 0.80477
2608 2622 0.80559
2609 2610 -1.8985
2609 2623 -0.38237
2610 2611 1.27683
2610 2624 -0.67196
2611 2612 2.18192
2611 2625 -1.39036
2612 2613 -0.85362
2612 2626 0.40843
2613 2614 1.7556
2613 2627 0.74373
2614 2615 0.09883
2614 2628 0.36322
2615 2616 0.44342
2615 2629 -0.3027
2616 2617 0.05086
2616 2630 0.70784
2617 2631 -0.12814
2618 2619 0.3388
2618 2631 1.7246
2618 2632 -0.05227
2619 2620 -1.0153
2619 2633 0.29464
2620 2621 0.37221
2620 2634 -1.5884
2621 2622 -1.11298
2621 2635 -0.03384
2622 2623 -0.96367
2622 2636 1.35398
2623 2624 -2.21715
2623 2637 -0.68181
2624 2625 -0.89486
2624 2638 -1.26381
2625 2626 0.12609
2625 2639 -0.2985
2626 2627 0.45055
2626 2640 -1.22419
2627 2628 -0.81641
2627 2641 1.21477
2628 2629 0.49511
2628 2642 -0.09105
2629 2630 -1.63605
2629 2643 -0.60049
2630 2631 0.0355
2630 2644 -1.56428
2631 2645 -0.04261
2632 2633 -0.3851
2632 2645 -0.14239
2632 2646 -0.35747
2633 2634 -0.44982
2633 2647 -0.75146
2634 2635 -0.12152
2634 2648 0.66737
2635 2636 0.40455
2635 2649 -0.20105
2636 2637 -0.81108
2636 2650 -0.06299
2637 2638 0.80427
2637 2651 -0.1993
2638 2639 -1.49468
2638 2652 -0.31525
2639 2640 0.09292
2639 2653 -0.53245
2640 2641 0.13125
2640 2654 0.24573
2641 2642 1.02491
2641 2655 -1.77748
2642 2643 0.25418
2642 2656 0.02057
2643 2644 -1.30554
2643 2657 -0.03297
2644 2645 0.50867
2644 2658 -0.84497
2645 2659 0.90943
2646 2647 -0.11644
2646 2659 0.71321
2646 2660 1.52362
2647 2648 -0.21605
2647 2661 0.35714
2648 2649 -0.15554
2648 2662 -0.87332
2649 2650 -0.54468
2649 2663 -0.65671
2650 2651 -1.37371
2650 2664 0.9292
2651 2652 -0.86284
2651 2665 1.10599
2652 2653 0.98793
2652 2666 0.11386
2653 2654 -1.29957
2653 2667 0.17111
2654 2655 -1.2814
2654 2668 -1.38564
2655 2656 0.54989
2655 2669 -1.10937
2656 2657 0.56625
2656 2670 0.56173
2657 2658 0.42699
2657 2671 0.04189
2658 2659 -0.93537
2658 2672 -3.3766
2659 2673 -0.43493
2660 2661 -0.39237
2660 2673 -0.69313
2660 2674 -1.46017
2661 2662 -0.14074
2661 2675 0.95604
2662 2663 0.65081
2662 2676 -2.15793
2663 2664 0.19201
2663 2677 -0.51975
2664 2665 0.33298
2664 2678 -0.49117
2665 2666 -0.34742
2665 2679 -1.10864
2666 2667 -0.51627
2666 2680 -0.93811
2667 2668 0.2871
2667 2681 0.79323
2668 2669 -0.80904
2668 2682 -0.32682
2669 2670 -1.03751
2669 2683 1.00619
2670 2671 -0.34762
2670 2684 0.57537
2671 2672 0.55087
2671 2685 -1.9
2672 2673 0.31695
2672 2686 -0.61336
2673 2687 0.59589
2674 2675 -1.39979
2674 2687 0.24987
2674 2688 0.16067
2675 2676 0.12042
2675 2689 0.51417
2676 2677 -0.44077
2676 2690 0.24554
2677 2678 -0.48599
2677 2691 -0.15982
2678 2679 0.73384
2678 2692 0.23948
2679 2680 0.37331
2679 2693 0.75375
2680 2681 -0.64303
2680 2694 -0.82857
2681 2682 0.39965
2681 2695 -0.77729
2682 2683 1.34159
2682 2696 -1.09086
2683 2684 -0.05657
2683 2697 0.93713
2684 2685 0.32265
2684 2698 1.29595
2685 2686 -0.15244
2685 2699 0.74735
2686 2687 0.12806
2686 2700 -0.90792
2687 2701 -1.06363
2688 2689 0.05623
2688 2701 -0.76108
2688 2702 -0.43553
2689 2690 -0.9044
2689 2703 -1.0775
2690 2691 0.91154
2690 2704 -0.43692
2691 2692 -0.50735
2691 2705 0.10799
2692 2693 0.82759
2692 2706 0.10617
2693 2694 0.04887
2693 2707 0.03826
2694 2695 0.3014
2694 2708 -1.87694
2695 2696 0.75489
2695 2709 0.32131
2696 2697 -1.10071
2696 2710 2.69669
2697 2698 0.72872
2697 2711 -1.82252
2698 2699 1.478
2698 2712 -0.15534
2699 2700 -0.78611
2699 2713 -0.17184
2700 2701 -1.09063
2700 2714 -0.25281
2701 2715 -0.4234
2702 2703 0.18061
2702 2715 1.21612
2702 2716 1.74163
2703 2704 -0.67878
2703 2717 0.46231
2704 2705 -0.76283
2704 2718 -2.565
2705 2706 1.50724
2705 2719 0.11654
2706 2707 -0.60876
2706 2720 -1.09503
2707 2708 -0.10512
2707 2721 -0.72133
2708 2709 -1.57009
2708 2722 0.89933
2709 2710 0.84655
2709 2723 -0.85698
2710 2711 1.58664
2710 2724 0.40084
2711 2712 -1.55497
2711 2725 0.40835
2712 2713 -1.37912
2712 2726 -2.15064
2713 2714 -0.39689
2713 2727 1.38901
2714 2715 -0.23877
2714 2728 -0.04841
2715 2729 -1.34157
2716 2717 -1.16688
2716 2729 0.49813
2716 2730 1.76427
2717 2718 0.61075
2717 2731 -0.1014
2718 2719 0.97085
2718 2732 -0.12813
2719 2720 -0.1495
2719 2733 -0.58456
2720 2721 0.08096
2720 2734 -0.61449
2721 2722 -1.05994
2721 2735 -0.78163
2722 2723 -0.0863
2722 2736 -1.21152
2723 2724 -2.43628
2723 2737 -1.63259
2724 2725 1.32567
2724 2738 -0.13583
2725 2726 1.66501
2725 2739 0.09393
2726 2727 -1.16891
2726 2740 1.23502
2727 2728 -0.9708
2727 2741 1.5011
2728 2729 -2.03573
2728 2742 0.07333
2729 2743 -0.96001
2730 2731 0.53853
2730 2743 1.19503
2731 2732 -0.75684
2732 2733 -0.45257
2733 2734 -0.66351
2734 2735 -1.65541
2735 2736 0.35833
2736 2737 -0.79986
2737 2738 0.04752
2738 2739 0.20338
2739 2740 -1.81231
2740 2741 -0.04914
2741 2742 -0.43123
2742 2743 -1.19314
