# model=sk N=300 meanJ=0 seed=3141227641 distribution=gaussian field=0 num_fields=300 num_couplings=44850
0 0
1 0
2 0
3 0
4 0
5 0
6 0
7 0
8 0
9 0
10 0
11 0
12 0
13 0
14 0
15 0
16 0
17 0
18 0
19 0
20 0
21 0
22 0
23 0
24 0
25 0
26 0
27 0
28 0
29 0
30 0
31 0
32 0
33 0
34 0
35 0
36 0
37 0
38 0
39 0
40 0
41 0
42 0
43 0
44 0
45 0
46 0
47 0
48 0
49 0
50 0
51 0
52 0
53 0
54 0
55 0
56 0
57 0
58 0
59 0
60 0
61 0
62 0
63 0
64 0
65 0
66 0
67 0
68 0
69 0
70 0
71 0
72 0
73 0
74 0
75 0
76 0
77 0
78 0
79 0
80 0
81 0
82 0
83 0
84 0
85 0
86 0
87 0
88 0
89 0
90 0
91 0
92 0
93 0
94 0
95 0
96 0
97 0
98 0
99 0
100 0
101 0
102 0
103 0
104 0
105 0
106 0
107 0
108 0
109 0
110 0
111 0
112 0
113 0
114 0
115 0
116 0
117 0
118 0
119 0
120 0
121 0
122 0
123 0
124 0
125 0
126 0
127 0
128 0
129 0
130 0
131 0
132 0
133 0
134 0
135 0
136 0
137 0
138 0
139 0
140 0
141 0
142 0
143 0
144 0
145 0
146 0
147 0
148 0
149 0
150 0
151 0
152 0
153 0
154 0
155 0
156 0
157 0
158 0
159 0
160 0
161 0
162 0
163 0
164 0
165 0
166 0
167 0
168 0
169 0
170 0
171 0
172 0
173 0
174 0
175 0
176 0
177 0
178 0
179 0
180 0
181 0
182 0
183 0
184 0
185 0
186 0
187 0
188 0
189 0
190 0
191 0
192 0
193 0
194 0
195 0
196 0
197 0
198 0
199 0
200 0
201 0
202 0
203 0
204 0
205 0
206 0
207 0
208 0
209 0
210 0
211 0
212 0
213 0
214 0
215 0
216 0
217 0
218 0
219 0
220 0
221 0
222 0
223 0
224 0
225 0
226 0
227 0
228 0
229 0
230 0
231 0
232 0
233 0
234 0
235 0
236 0
237 0
238 0
239 0
240 0
241 0
242 0
243 0
244 0
245 0
246 0
247 0
248 0
249 0
250 0
251 0
252 0
253 0
254 0
255 0
256 0
257 0
258 0
259 0
260 0
261 0
262 0
263 0
264 0
265 0
266 0
267 0
268 0
269 0
270 0
271 0
272 0
273 0
274 0
275 0
276 0
277 0
278 0
279 0
280 0
281 0
282 0
283 0
284 0
285 0
286 0
287 0
288 0
289 0
290 0
291 0
292 0
293 0
294 0
295 0
296 0
297 0
298 0
299 0
0 1 -0.00415
0 2 0.0578
0 3 0.0407
0 4 0.01456
0 5 0.01205
0 6 0.05163
0 7 -0.05352
0 8 -0.01002
0 9 0.01859
0 10 -0.06766
0 11 0.07213
0 12 -0.05239
0 13 0.0081
0 14 -0.07488
0 15 0.06226
0 16 0.06092
0 17 -0.07478
0 18 -0.02088
0 19 0.0252
0 20 -0.09465
0 21 -0.03738
0 22 -0.17346
0 23 -0.0718
0 24 -0.03953
0 25 0.01301
0 26 -0.07555
0 27 0.07927
0 28 -0.05694
0 29 -0.0515
0 30 0.00248
0 31 0.00652
0 32 0.05829
0 33 0.01636
0 34 0.04244
0 35 0.01291
0 36 0.04574
0 37 0.0102
0 38 0.07617
0 39 0.04846
0 40 0.05765
0 41 -0.08784
0 42 0.00506
0 43 0.11337
0 44 0.08615
0 45 0.06192
0 46 0.03477
0 47 -0.03622
0 48 -0.03854
0 49 0.05768
0 50 0.03631
0 51 0.03209
0 52 0.05343
0 53 -0.03245
0 54 -0.10113
0 55 -0.06641
0 56 0.00337
0 57 0.05664
0 58 -0.01825
0 59 0.01091
0 60 0.02737
0 61 -0.12133
0 62 -0.03197
0 63 -0.12427
0 64 -0.03256
0 65 -0.03462
0 66 0.0787
0 67 -0.01396
0 68 0.05898
0 69 -0.03668
0 70 0.00482
0 71 0.08183
0 72 0.04068
0 73 0.01433
0 74 0.04019
0 75 -0.04209
0 76 0.02002
0 77 0.01392
0 78 -0.02186
0 79 0.08234
0 80 -0.05216
0 81 -0.00345
0 82 0.01235
0 83 0.02585
0 84 -0.04226
0 85 -0.02256
0 86 -0.036
0 87 -0.08435
0 88 -0.03302
0 89 -0.03169
0 90 -0.04316
0 91 0.08126
0 92 -0.02572
0 93 -0.06438
0 94 0.0481
0 95 -0.00965
0 96 0.02011
0 97 0.09486
0 98 0.04873
0 99 0.05291
0 100 0.05636
0 101 -0.05867
0 102 0.1275
0 103 0.05938
0 104 -0.00236
0 105 -0.04718
0 106 0.07478
0 107 -0.01263
0 108 0.09428
0 109 0.01845
0 110 -0.016
0 111 -0.075
0 112 -0.00801
0 113 0.07611
0 114 -0.04489
0 115 0.00079
0 116 -0.04843
0 117 0.04217
0 118 0.01153
0 119 0.01379
0 120 -0.04787
0 121 0.05099
0 122 -0.08185
0 123 0.06715
0 124 -0.0539
0 125 0.01557
0 126 0.02061
0 127 -0.05748
0 128 0.00614
0 129 0.02055
0 130 -0.01028
0 131 0.08193
0 132 0.00128
0 133 0.04137
0 134 0.07468
0 135 0.02537
0 136 0.03693
0 137 0.09283
0 138 -0.03586
0 139 0.04472
0 140 0.02085
0 141 -0.06571
0 142 -0.04721
0 143 0.02557
0 144 0.00523
0 145 0.02916
0 146 -0.05947
0 147 0.04358
0 148 0.01631
0 149 0.00005
0 150 0.0251
0 151 -0.0624
0 152 -0.03434
0 153 -0.12011
0 154 -0.08446
0 155 0.02208
0 156 0.00487
0 157 0.00114
0 158 -0.00209
0 159 0.09314
0 160 0.0788
0 161 -0.07761
0 162 0.03355
0 163 -0.07221
0 164 0.03269
0 165 -0.08154
0 166 -0.00882
0 167 0.01364
0 168 0.05113
0 169 0.00769
0 170 -0.05848
0 171 0.10602
0 172 -0.00359
0 173 -0.00221
0 174 -0.06382
0 175 0.0212
0 176 -0.04539
0 177 -0.05925
0 178 0.04609
0 179 0.09949
0 180 0.0822
0 181 0.07212
0 182 -0.03098
0 183 -0.02755
0 184 -0.07805
0 185 -0.03041
0 186 0.01774
0 187 0.06733
0 188 -0.06856
0 189 -0.00407
0 190 -0.1126
0 191 0.04099
0 192 -0.02954
0 193 0.02322
0 194 0.0633
0 195 0.05883
0 196 -0.16314
0 197 0.09658
0 198 -0.04348
0 199 0.00994
0 200 0.01719
0 201 -0.06239
0 202 0.04608
0 203 0.05045
0 204 0.00739
0 205 0.02408
0 206 -0.02631
0 207 0.07215
0 208 -0.0261
0 209 0.01416
0 210 -0.03854
0 211 0.04138
0 212 -0.01158
0 213 -0.02043
0 214 0.06016
0 215 -0.02483
0 216 0.05097
0 217 -0.01421
0 218 0.07704
0 219 -0.0154
0 220 0.07874
0 221 -0.03111
0 222 -0.01185
0 223 0.05023
0 224 0.05876
0 225 0.04727
0 226 0.02848
0 227 0.05507
0 228 0.02942
0 229 -0.14413
0 230 -0.10719
0 231 0.11629
0 232 0.04183
0 233 0.06875
0 234 0.02628
0 235 0.06498
0 236 0.03201
0 237 -0.04718
0 238 0.00612
0 239 -0.00721
0 240 -0.05273
0 241 -0.08406
0 242 0.04838
0 243 0.01131
0 244 0.01763
0 245 -0.04834
0 246 -0.05137
0 247 0.02969
0 248 0.06997
0 249 -0.04526
0 250 -0.0988
0 251 0.02607
0 252 0.05847
0 253 0.0092
0 254 -0.00143
0 255 -0.00607
0 256 -0.00942
0 257 0.00592
0 258 -0.06609
0 259 -0.03113
0 260 0.10392
0 261 -0.00958
0 262 -0.04035
0 263 -0.10808
0 264 -0.05217
0 265 -0.01502
0 266 -0.04821
0 267 0.02516
0 268 -0.0491
0 269 0.00067
0 270 0.01067
0 271 0.0839
0 272 0.00947
0 273 0.03381
0 274 0.07362
0 275 -0.02914
0 276 0.0543
0 277 0.03129
0 278 0.01701
0 279 0.10466
0 280 -0.12546
0 281 -0.03359
0 282 0.01546
0 283 -0.01016
0 284 -0.02808
0 285 0.06855
0 286 -0.07499
0 287 -0.04478
0 288 -0.05883
0 289 -0.02881
0 290 -0.0426
0 291 -0.01598
0 292 -0.03435
0 293 -0.01686
0 294 0.04164
0 295 -0.01079
0 296 -0.05766
0 297 0.01151
0 298 0.01861
0 299 -0.05142
1 2 0.08537
1 3 0.04722
1 4 0.03157
1 5 -0.02935
1 6 -0.02063
1 7 0.02255
1 8 -0.1089
1 9 0.10933
1 10 0.0506
1 11 -0.04597
1 12 0.01783
1 13 -0.01596
1 14 -0.02812
1 15 0.04282
1 16 0.05447
1 17 -0.01798
1 18 0.09962
1 19 -0.04444
1 20 0.07557
1 21 -0.03891
1 22 0.067
1 23 -0.03888
1 24 0.05159
1 25 -0.00582
1 26 0.04013
1 27 0.07048
1 28 0.15018
1 29 0.12107
1 30 -0.05098
1 31 -0.0557
1 32 0.04646
1 33 -0.03299
1 34 -0.09688
1 35 -0.00051
1 36 -0.05009
1 37 0.04151
1 38 -0.02873
1 39 0.00124
1 40 -0.0009
1 41 0.05241
1 42 -0.00219
1 43 -0.05794
1 44 0.0487
1 45 -0.05391
1 46 0.10379
1 47 -0.13227
1 48 0.06543
1 49 0.0066
1 50 0.04451
1 51 0.0298
1 52 -0.0558
1 53 -0.05128
1 54 -0.05035
1 55 0.02858
1 56 0.02927
1 57 -0.0461
1 58 0.0315
1 59 -0.0032
1 60 -0.02643
1 61 -0.05344
1 62 -0.04566
1 63 -0.05333
1 64 0.06822
1 65 -0.00293
1 66 -0.00645
1 67 -0.02464
1 68 0.0818
1 69 -0.08545
1 70 0.02053
1 71 -0.00932
1 72 0.11634
1 73 0.02696
1 74 -0.04549
1 75 -0.07577
1 76 0.03085
1 77 -0.05199
1 78 0.0005
1 79 -0.07421
1 80 -0.06743
1 81 -0.08639
1 82 -0.04277
1 83 0.02773
1 84 0.02367
1 85 -0.0665
1 86 -0.09232
1 87 0.00812
1 88 0.02672
1 89 0.04672
1 90 -0.09774
1 91 -0.05733
1 92 0.04515
1 93 -0.02855
1 94 0.08225
1 95 0.00675
1 96 -0.0311
1 97 0.00345
1 98 -0.00658
1 99 -0.03395
1 100 0.01594
1 101 0.01847
1 102 -0.04143
1 103 0.08096
1 104 0.01966
1 105 0.10706
1 106 -0.10952
1 107 -0.02773
1 108 0.00697
1 109 -0.03073
1 110 0.01417
1 111 0.00757
1 112 0.02262
1 113 0.03141
1 114 0.05512
1 115 0.00793
1 116 -0.04769
1 117 0.00196
1 118 0.01961
1 119 0.02058
1 120 0.08063
1 121 -0.00904
1 122 -0.0395
1 123 0.03534
1 124 0.02962
1 125 0.03481
1 126 0.07628
1 127 0.12488
1 128 -0.09078
1 129 -0.01648
1 130 -0.06494
1 131 0.07142
1 132 0.02449
1 133 -0.03001
1 134 -0.03445
1 135 0.11962
1 136 -0.06351
1 137 0.00901
1 138 -0.03734
1 139 0.08532
1 140 0.02515
1 141 -0.05539
1 142 -0.01823
1 143 -0.08979
1 144 -0.00839
1 145 0.03092
1 146 -0.03928
1 147 0.0227
1 148 -0.0006
1 149 -0.05759
1 150 0.01714
1 151 -0.09824
1 152 -0.06702
1 153 -0.05147
1 154 -0.03929
1 155 0.02565
1 156 0.02519
1 157 0.05982
1 158 -0.08531
1 159 0.00976
1 160 -0.0366
1 161 -0.03893
1 162 -0.13347
1 163 0.04086
1 164 0.05026
1 165 -0.06025
1 166 -0.05378
1 167 0.01314
1 168 -0.07179
1 169 -0.0825
1 170 0.01171
1 171 0.00838
1 172 -0.00605
1 173 -0.09332
1 174 -0.0323
1 175 0.14998
1 176 0.04188
1 177 0.05621
1 178 -0.03236
1 179 -0.08361
1 180 0.03761
1 181 -0.02155
1 182 -0.0534
1 183 -0.05824
1 184 -0.02623
1 185 -0.0358
1 186 0.00076
1 187 -0.09266
1 188 0.03
1 189 0.08172
1 190 0.02356
1 191 0.046
1 192 -0.01131
1 193 0.07995
1 194 -0.03039
1 195 -0.00089
1 196 -0.06794
1 197 -0.08818
1 198 -0.009
1 199 0.03602
1 200 -0.04798
1 201 -0.07271
1 202 0.07028
1 203 -0.08586
1 204 -0.04526
1 205 0.11236
1 206 0.01701
1 207 0.00333
1 208 0.08666
1 209 0.1492
1 210 0.01805
1 211 -0.02408
1 212 0.13577
1 213 0.00971
1 214 -0.01714
1 215 0.02763
1 216 -0.03098
1 217 -0.14313
1 218 0.02057
1 219 -0.04012
1 220 -0.02892
1 221 -0.07439
1 222 -0.02333
1 223 -0.09251
1 224 0.00603
1 225 0.03408
1 226 -0.05162
1 227 -0.02599
1 228 0.04562
1 229 0.06642
1 230 0.0551
1 231 0.07733
1 232 -0.04549
1 233 0.07371
1 234 -0.04299
1 235 0.08406
1 236 0.03276
1 237 -0.08197
1 238 -0.07225
1 239 -0.01525
1 240 -0.08853
1 241 -0.03295
1 242 0.11976
1 243 0.02822
1 244 -0.0002
1 245 0.03796
1 246 0.05903
1 247 -0.04768
1 248 -0.00997
1 249 -0.01776
1 250 0.04874
1 251 -0.02029
1 252 -0.02632
1 253 -0.00407
1 254 0.03417
1 255 -0.01277
1 256 -0.13659
1 257 -0.02373
1 258 -0.09653
1 259 0.03007
1 260 0.11264
1 261 -0.04256
1 262 0.08136
1 263 0.09301
1 264 0.0348
1 265 -0.03301
1 266 -0.07074
1 267 -0.04475
1 268 0.03805
1 269 0.09356
1 270 0.09786
1 271 0.04515
1 272 -0.00454
1 273 0.05053
1 274 0.02519
1 275 0.03887
1 276 0.14587
1 277 0.12738
1 278 -0.01448
1 279 0.07476
1 280 -0.00346
1 281 0.10102
1 282 -0.02151
1 283 0.0456
1 284 0.02351
1 285 0.0767
1 286 -0.06545
1 287 0.06763
1 288 0.02837
1 289 0.09733
1 290 -0.03268
1 291 -0.00635
1 292 -0.06127
1 293 0.0043
1 294 -0.02455
1 295 -0.0417
1 296 -0.00488
1 297 0.00653
1 298 0.01601
1 299 -0.01607
2 3 -0.03087
2 4 -0.09986
2 5 0.06034
2 6 -0.03703
2 7 0.10369
2 8 -0.05992
2 9 0.04019
2 10 -0.01098
2 11 -0.06552
2 12 0.02315
2 13 0.02496
2 14 0.12722
2 15 -0.00296
2 16 0.04228
2 17 0.00485
2 18 -0.04623
2 19 0.04938
2 20 -0.10606
2 21 -0.0473
2 22 -0.01161
2 23 -0.05787
2 24 -0.04724
2 25 0.03772
2 26 0.00334
2 27 -0.01186
2 28 0.00482
2 29 0.17234
2 30 -0.06197
2 31 -0.07174
2 32 -0.05259
2 33 0.00613
2 34 -0.04131
2 35 -0.09013
2 36 -0.01749
2 37 -0.10053
2 38 -0.01408
2 39 0.01875
2 40 -0.08168
2 41 -0.07024
2 42 0.04497
2 43 0.0372
2 44 -0.01567
2 45 -0.02851
2 46 0.03886
2 47 0.02859
2 48 -0.02631
2 49 -0.00643
2 50 -0.00882
2 51 -0.09357
2 52 -0.10209
2 53 0.08065
2 54 -0.02927
2 55 -0.01136
2 56 -0.02017
2 57 -0.0445
2 58 0.06161
2 59 0.01199
2 60 0.04537
2 61 0.00481
2 62 -0.03864
2 63 0.00427
2 64 -0.0037
2 65 -0.04688
2 66 -0.02237
2 67 -0.01719
2 68 -0.08493
2 69 0.08881
2 70 0.01809
2 71 -0.03844
2 72 -0.04804
2 73 0.08601
2 74 -0.0216
2 75 0.01224
2 76 0.02357
2 77 0.03296
2 78 0.04801
2 79 0.09092
2 80 -0.03806
2 81 -0.02545
2 82 0.03021
2 83 0.10069
2 84 0.00884
2 85 0.05345
2 86 -0.00686
2 87 0.15776
2 88 -0.05304
2 89 -0.00766
2 90 -0.02742
2 91 0.07197
2 92 0.08597
2 93 -0.0008
2 94 -0.05951
2 95 0.06385
2 96 -0.0491
2 97 -0.11083
2 98 0.00351
2 99 0.01807
2 100 -0.05203
2 101 0.00982
2 102 0.0515
2 103 -0.0898
2 104 -0.07243
2 105 -0.07093
2 106 0.01044
2 107 -0.08573
2 108 0.06233
2 109 -0.04588
2 110 0.03831
2 111 0.06189
2 112 -0.01747
2 113 -0.05208
2 114 -0.04673
2 115 0.02692
2 116 0.13496
2 117 -0.0096
2 118 0.07115
2 119 -0.07884
2 120 0.01032
2 121 0.03698
2 122 -0.03996
2 123 -0.0799
2 124 0.12114
2 125 -0.02927
2 126 0.00613
2 127 -0.00732
2 128 -0.05426
2 129 0.01626
2 130 0.08357
2 131 0.03249
2 132 -0.08611
2 133 -0.08325
2 134 0.00712
2 135 -0.04825
2 136 0.03726
2 137 0.07874
2 138 -0.03524
2 139 -0.09089
2 140 0.09263
2 141 -0.03314
2 142 0.04191
2 143 -0.01295
2 144 -0.02992
2 145 0.02544
2 146 -0.04456
2 147 -0.01196
2 148 0.03941
2 149 -0.04426
2 150 -0.0554
2 151 0.08134
2 152 0.05193
2 153 -0.1563
2 154 0.01233
2 155 0.06256
2 156 0.05819
2 157 0.0223
2 158 -0.07949
2 159 -0.13472
2 160 -0.04788
2 161 0.07014
2 162 0.04038
2 163 -0.02078
2 164 0.04975
2 165 0.05309
2 166 0.04865
2 167 -0.03725
2 168 0.07927
2 169 0.04877
2 170 -0.00642
2 171 0.02225
2 172 -0.04138
2 173 0.06061
2 174 0.13671
2 175 0.10952
2 176 0.00921
2 177 0.02803
2 178 -0.0319
2 179 -0.00156
2 180 -0.03879
2 181 0.17256
2 182 0.07628
2 183 -0.06002
2 184 -0.04958
2 185 -0.03092
2 186 0.00426
2 187 -0.03723
2 188 -0.07578
2 189 -0.02045
2 190 0.0505
2 191 0.00578
2 192 0.03613
2 193 -0.03337
2 194 -0.03342
2 195 -0.01343
2 196 -0.02294
2 197 0.00125
2 198 -0.03774
2 199 -0.12255
2 200 0.00966
2 201 0.00572
2 202 0.03096
2 203 -0.02333
2 204 0.04776
2 205 -0.08133
2 206 0.0398
2 207 -0.1412
2 208 -0.03059
2 209 -0.00817
2 210 -0.0093
2 211 -0.04144
2 212 0.10816
2 213 -0.0567
2 214 -0.08549
2 215 -0.01759
2 216 0.01672
2 217 -0.03244
2 218 0.02359
2 219 0.03122
2 220 -0.02415
2 221 -0.06313
2 222 0.07945
2 223 0.04469
2 224 0.04539
2 225 -0.00047
2 226 0.02655
2 227 0.00125
2 228 0.03423
2 229 -0.01958
2 230 0.00168
2 231 0.12877
2 232 -0.08691
2 233 0.03126
2 234 0.00082
2 235 -0.05764
2 236 -0.1148
2 237 -0.05045
2 238 0.11749
2 239 -0.04209
2 240 -0.05946
2 241 0.08073
2 242 0.05387
2 243 0.01945
2 244 -0.02061
2 245 -0.08991
2 246 -0.02733
2 247 0.06439
2 248 -0.04271
2 249 -0.04795
2 250 0.05938
2 251 0.02535
2 252 -0.04539
2 253 -0.01239
2 254 0.01602
2 255 0.0129
2 256 0.09527
2 257 -0.00283
2 258 0.06749
2 259 -0.14966
2 260 -0.03869
2 261 -0.03973
2 262 -0.00462
2 263 -0.04267
2 264 -0.0067
2 265 -0.06269
2 266 -0.09453
2 267 0.05234
2 268 0.05141
2 269 0.00087
2 270 0.04471
2 271 0.04891
2 272 0.02336
2 273 0.02954
2 274 -0.15076
2 275 0.00018
2 276 0.07389
2 277 0.03528
2 278 -0.01504
2 279 -0.05046
2 280 -0.03677
2 281 -0.02511
2 282 0.00836
2 283 0.03795
2 284 0.03286
2 285 -0.00913
2 286 -0.0158
2 287 0.01328
2 288 -0.00209
2 289 -0.0522
2 290 -0.00459
2 291 -0.12662
2 292 -0.03323
2 293 -0.06057
2 294 0.01306
2 295 -0.00386
2 296 -0.01253
2 297 0.01431
2 298 -0.05047
2 299 0.06156
3 4 0.01647
3 5 0.1563
3 6 -0.12645
3 7 0.09148
3 8 -0.04821
3 9 0.01781
3 10 0.01626
3 11 -0.05957
3 12 -0.11152
3 13 -0.08221
3 14 -0.11384
3 15 0.07703
3 16 0.01106
3 17 0.05192
3 18 0.05181
3 19 0.01067
3 20 -0.0424
3 21 0.00929
3 22 -0.05605
3 23 -0.01227
3 24 -0.05063
3 25 0.17128
3 26 0.03744
3 27 -0.08136
3 28 -0.05633
3 29 0.01994
3 30 -0.00868
3 31 0.00696
3 32 0.04929
3 33 0.06926
3 34 0.0356
3 35 -0.08043
3 36 0.01052
3 37 -0.06327
3 38 -0.05415
3 39 -0.01558
3 40 0.08191
3 41 -0.02369
3 42 0.01799
3 43 0.01549
3 44 0.01083
3 45 0.0911
3 46 0.00799
3 47 -0.06995
3 48 -0.01246
3 49 0.1043
3 50 0.0201
3 51 -0.01305
3 52 0.04335
3 53 0.00782
3 54 0.0385
3 55 0.03532
3 56 -0.01499
3 57 -0.07532
3 58 0.07043
3 59 0.03355
3 60 0.06968
3 61 0.0348
3 62 0.05157
3 63 0.00356
3 64 0.05689
3 65 -0.08098
3 66 -0.00313
3 67 0.0059
3 68 0.08055
3 69 0.02904
3 70 0.07142
3 71 -0.03219
3 72 0.0692
3 73 -0.03991
3 74 0.00398
3 75 0.02437
3 76 0.01286
3 77 0.05518
3 78 -0.03923
3 79 -0.10802
3 80 -0.08194
3 81 0.01748
3 82 -0.03158
3 83 -0.0095
3 84 -0.03543
3 85 0.03228
3 86 0.05569
3 87 -0.0167
3 88 0.08351
3 89 -0.08715
3 90 0.04558
3 91 0.13644
3 92 0.01785
3 93 -0.01813
3 94 -0.01589
3 95 -0.02334
3 96 -0.09764
3 97 -0.01163
3 98 -0.10158
3 99 -0.00516
3 100 0.01656
3 101 -0.02555
3 102 -0.17107
3 103 0.02547
3 104 0.06614
3 105 -0.01434
3 106 0.10681
3 107 -0.05139
3 108 -0.10117
3 109 0.03505
3 110 0.10805
3 111 -0.05087
3 112 0.02098
3 113 -0.03188
3 114 -0.07174
3 115 0.08954
3 116 -0.05789
3 117 -0.00131
3 118 0.00794
3 119 -0.09786
3 120 0.1193
3 121 0.02222
3 122 -0.06895
3 123 -0.09608
3 124 -0.06744
3 125 -0.09918
3 126 0.11492
3 127 0.04246
3 128 0.13344
3 129 0.00869
3 130 -0.06712
3 131 0.04043
3 132 0.02413
3 133 -0.12062
3 134 -0.04426
3 135 0.11196
3 136 -0.01252
3 137 -0.03975
3 138 -0.0085
3 139 -0.01955
3 140 -0.02299
3 141 0.01763
3 142 0.1062
3 143 -0.06001
3 144 -0.02038
3 145 -0.02663
3 146 -0.07779
3 147 0.03567
3 148 -0.13229
3 149 -0.10622
3 150 -0.01327
3 151 0.07229
3 152 -0.01337
3 153 0.0271
3 154 -0.02187
3 155 -0.01107
3 156 0.05925
3 157 0.07117
3 158 0.06211
3 159 0.0877
3 160 0.03471
3 161 0.00855
3 162 0.0651
3 163 -0.00147
3 164 0.07468
3 165 -0.06344
3 166 -0.00334
3 167 -0.02004
3 168 0.03224
3 169 -0.07417
3 170 0.01823
3 171 -0.07052
3 172 0.02027
3 173 -0.0375
3 174 0.03496
3 175 0.03234
3 176 0.10333
3 177 -0.06246
3 178 0.05329
3 179 -0.03594
3 180 0.00308
3 181 -0.05021
3 182 -0.04328
3 183 0.06683
3 184 -0.03771
3 185 0.00079
3 186 0.08632
3 187 0.04558
3 188 0.00832
3 189 0.09724
3 190 0.03054
3 191 -0.06275
3 192 -0.05196
3 193 -0.08525
3 194 0.0019
3 195 0.09308
3 196 0.03541
3 197 -0.0355
3 198 -0.07022
3 199 -0.03529
3 200 -0.03883
3 201 -0.07138
3 202 -0.01811
3 203 0.06118
3 204 0.03562
3 205 -0.13412
3 206 -0.14013
3 207 0.10633
3 208 0.04604
3 209 -0.10958
3 210 -0.04145
3 211 0.00361
3 212 0.05785
3 213 0.05723
3 214 0.06243
3 215 -0.01683
3 216 -0.05312
3 217 -0.01911
3 218 0.08659
3 219 -0.06675
3 220 -0.02246
3 221 0.04269
3 222 -0.0207
3 223 -0.08359
3 224 0.0363
3 225 -0.02234
3 226 -0.02639
3 227 -0.07901
3 228 -0.12234
3 229 0.02424
3 230 0.13113
3 231 0.06985
3 232 0.0673
3 233 0.0926
3 234 -0.09066
3 235 -0.04909
3 236 -0.04974
3 237 0.03597
3 238 -0.03242
3 239 -0.12115
3 240 0.01127
3 241 -0.07604
3 242 -0.07714
3 243 -0.00301
3 244 -0.01138
3 245 0.01097
3 246 -0.02005
3 247 0.08988
3 248 0.00034
3 249 -0.03966
3 250 -0.07654
3 251 -0.05997
3 252 0.01631
3 253 0.03111
3 254 -0.03203
3 255 -0.01915
3 256 0.03561
3 257 -0.13099
3 258 0.03029
3 259 -0.06203
3 260 0.05683
3 261 0.04042
3 262 0.12464
3 263 -0.03168
3 264 -0.00035
3 265 -0.09239
3 266 -0.04593
3 267 0.03833
3 268 0.01011
3 269 0.11888
3 270 -0.0097
3 271 -0.00739
3 272 0.002
3 273 -0.04593
3 274 0.08433
3 275 0.07257
3 276 -0.03036
3 277 0.03945
3 278 0.00732
3 279 -0.02158
3 280 0.08949
3 281 -0.0709
3 282 0.05957
3 283 -0.0079
3 284 -0.08479
3 285 0.0217
3 286 0.04857
3 287 0.02481
3 288 0.15111
3 289 -0.01761
3 290 -0.06885
3 291 0.04224
3 292 0.07186
3 293 0.01882
3 294 -0.08377
3 295 0.14172
3 296 0.15785
3 297 -0.03505
3 298 0.0103
3 299 0.00232
4 5 -0.0315
4 6 0.03298
4 7 0.07274
4 8 -0.06374
4 9 -0.13733
4 10 0.04835
4 11 0.1537
4 12 0.03658
4 13 0.06503
4 14 -0.09409
4 15 -0.03088
4 16 -0.03359
4 17 -0.03251
4 18 -0.08502
4 19 -0.0247
4 20 -0.01452
4 21 -0.01579
4 22 0.01926
4 23 -0.11933
4 24 0.01281
4 25 -0.06345
4 26 0.08192
4 27 -0.05126
4 28 -0.01611
4 29 0.05798
4 30 -0.07122
4 31 0.02924
4 32 0.00035
4 33 0.06423
4 34 -0.02731
4 35 -0.08337
4 36 -0.06025
4 37 -0.07618
4 38 0.01479
4 39 -0.11173
4 40 -0.04788
4 41 0.00522
4 42 0.05196
4 43 -0.01618
4 44 0.11096
4 45 0.08983
4 46 0.06285
4 47 -0.07205
4 48 0.0453
4 49 0.09398
4 50 0.00685
4 51 0.03808
4 52 0.03409
4 53 0.08054
4 54 -0.04954
4 55 0.04183
4 56 0.0611
4 57 -0.04912
4 58 -0.03569
4 59 0.06946
4 60 -0.06258
4 61 0.03575
4 62 0.04773
4 63 0.04288
4 64 0.02723
4 65 -0.05507
4 66 0.00954
4 67 0.04424
4 68 0.13406
4 69 0.01728
4 70 0.05945
4 71 0.00322
4 72 -0.01538
4 73 -0.0078
4 74 0.00481
4 75 0.00789
4 76 -0.05428
4 77 -0.10726
4 78 -0.0263
4 79 0.00985
4 80 0.0539
4 81 -0.02925
4 82 0.0472
4 83 -0.13782
4 84 -0.0728
4 85 -0.00687
4 86 -0.00596
4 87 -0.13139
4 88 0.02919
4 89 0.04721
4 90 -0.05779
4 91 0.05234
4 92 -0.01417
4 93 -0.04544
4 94 0.00353
4 95 -0.0599
4 96 -0.01419
4 97 -0.08691
4 98 0.05161
4 99 0.03029
4 100 -0.06434
4 101 -0.09328
4 102 0.0444
4 103 0.06174
4 104 0.05251
4 105 0.00493
4 106 -0.09593
4 107 0.02498
4 108 -0.10946
4 109 -0.03857
4 110 0.04888
4 111 0.07827
4 112 0.05034
4 113 -0.03537
4 114 0.00785
4 115 0.03722
4 116 -0.07264
4 117 0.07584
4 118 0.10947
4 119 0.02933
4 120 0.01032
4 121 0.04515
4 122 0.00391
4 123 -0.01588
4 124 0.08377
4 125 0.06314
4 126 -0.11947
4 127 -0.07853
4 128 -0.06164
4 129 -0.08531
4 130 -0.01669
4 131 0.05171
4 132 0.01026
4 133 0.02565
4 134 0.14154
4 135 -0.08366
4 136 -0.10812
4 137 -0.03089
4 138 0.09031
4 139 0.0646
4 140 -0.0621
4 141 -0.00356
4 142 0.02395
4 143 -0.02564
4 144 -0.00371
4 145 -0.01815
4 146 0.01813
4 147 -0.01067
4 148 0.06033
4 149 0.05662
4 150 -0.05101
4 151 -0.02677
4 152 -0.02788
4 153 -0.02415
4 154 0.05807
4 155 -0.02864
4 156 0.00552
4 157 -0.00134
4 158 -0.02556
4 159 0.00251
4 160 0.05759
4 161 -0.01176
4 162 -0.07307
4 163 -0.10126
4 164 0.04563
4 165 -0.01288
4 166 -0.04584
4 167 -0.0059
4 168 0.02096
4 169 0.06239
4 170 0.02211
4 171 0.07014
4 172 0.06723
4 173 -0.08212
4 174 0.0444
4 175 0.01993
4 176 0.03606
4 177 0.05401
4 178 -0.07126
4 179 0.09446
4 180 -0.00662
4 181 -0.02212
4 182 0.07858
4 183 0.12375
4 184 -0.04768
4 185 -0.04192
4 186 0.01136
4 187 -0.02727
4 188 -0.07321
4 189 -0.0808
4 190 -0.04412
4 191 0.01696
4 192 0.03356
4 193 0.09027
4 194 -0.03042
4 195 0.09046
4 196 -0.02412
4 197 -0.01388
4 198 -0.05809
4 199 -0.02158
4 200 -0.00031
4 201 -0.0131
4 202 -0.03146
4 203 -0.02649
4 204 0.04711
4 205 0.12787
4 206 0.0083
4 207 0.01408
4 208 0.14452
4 209 -0.0187
4 210 -0.02551
4 211 0.02278
4 212 -0.01265
4 213 0.1193
4 214 0.04119
4 215 -0.0074
4 216 -0.02011
4 217 0.01539
4 218 0.01898
4 219 -0.04639
4 220 -0.04708
4 221 -0.00433
4 222 0.01339
4 223 -0.02467
4 224 0.00575
4 225 -0.14872
4 226 0.02468
4 227 -0.04068
4 228 0.02656
4 229 -0.09226
4 230 -0.01931
4 231 -0.07419
4 232 -0.06776
4 233 -0.01163
4 234 -0.08822
4 235 -0.0171
4 236 0.04469
4 237 0.00643
4 238 -0.04977
4 239 0.08461
4 240 0.07138
4 241 0.05444
4 242 0.05898
4 243 0.00269
4 244 0.02275
4 245 -0.05583
4 246 0.03289
4 247 -0.02205
4 248 -0.00366
4 249 -0.0051
4 250 -0.10898
4 251 -0.03338
4 252 -0.00448
4 253 -0.10218
4 254 0.06377
4 255 -0.01537
4 256 0.03717
4 257 0.0479
4 258 0.04519
4 259 -0.10416
4 260 -0.05733
4 261 0.00894
4 262 -0.06472
4 263 -0.06915
4 264 0.03666
4 265 -0.06236
4 266 0.04025
4 267 -0.01414
4 268 0.03491
4 269 -0.01358
4 270 0.01058
4 271 0.03627
4 272 -0.03915
4 273 0.04843
4 274 -0.06189
4 275 -0.05656
4 276 0.02346
4 277 0.1089
4 278 -0.04881
4 279 -0.05739
4 280 -0.00265
4 281 -0.01248
4 282 -0.00912
4 283 0.04269
4 284 -0.00375
4 285 -0.0211
4 286 0.01059
4 287 -0.01872
4 288 -0.04428
4 289 -0.04262
4 290 -0.03886
4 291 0.00092
4 292 0.02746
4 293 -0.00243
4 294 0.01914
4 295 0.02076
4 296 -0.08316
4 297 0.03745
4 298 -0.07534
4 299 0.04529
5 6 -0.03104
5 7 -0.10554
5 8 -0.1127
5 9 0.07502
5 10 0.04883
5 11 0.03824
5 12 -0.05555
5 13 0.05288
5 14 0.05987
5 15 0.00838
5 16 -0.00095
5 17 0.02267
5 18 -0.07844
5 19 -0.03659
5 20 0.01085
5 21 -0.05455
5 22 -0.02812
5 23 -0.0269
5 24 0.05623
5 25 0.02921
5 26 -0.10852
5 27 -0.11263
5 28 0.05233
5 29 0.04395
5 30 0.0145
5 31 -0.04115
5 32 0.05487
5 33 -0.02358
5 34 -0.0491
5 35 -0.0783
5 36 0.00874
5 37 0.11065
5 38 0.06625
5 39 0.03115
5 40 0.12813
5 41 0.06075
5 42 0.0219
5 43 -0.05825
5 44 0.0255
5 45 0.00893
5 46 -0.03491
5 47 0.04253
5 48 0.03043
5 49 -0.00148
5 50 0.10979
5 51 -0.00103
5 52 -0.13478
5 53 0.07743
5 54 -0.01313
5 55 0.08111
5 56 0.11169
5 57 -0.10551
5 58 -0.07854
5 59 -0.07619
5 60 -0.01302
5 61 -0.06775
5 62 0.02515
5 63 0.05506
5 64 -0.04268
5 65 -0.08674
5 66 0.00781
5 67 -0.04403
5 68 0.01011
5 69 0.06292
5 70 0.06978
5 71 0.10296
5 72 -0.03822
5 73 0.04641
5 74 0.00677
5 75 0.09353
5 76 -0.02189
5 77 0.08158
5 78 -0.04225
5 79 0.00738
5 80 0.02939
5 81 -0.0654
5 82 -0.01644
5 83 -0.01481
5 84 0.02048
5 85 -0.00642
5 86 0.05222
5 87 -0.00753
5 88 0.07072
5 89 0.066
5 90 0.07071
5 91 0.00122
5 92 0.00325
5 93 -0.01619
5 94 0.01485
5 95 -0.10589
5 96 0.048
5 97 0.01431
5 98 0.09074
5 99 0.02121
5 100 0.04163
5 101 0.10075
5 102 0.00791
5 103 -0.07536
5 104 -0.04359
5 105 0.01581
5 106 -0.05472
5 107 -0.06388
5 108 -0.13468
5 109 0.02561
5 110 0.04531
5 111 -0.03078
5 112 0.09528
5 113 0.0416
5 114 -0.04576
5 115 -0.01324
5 116 -0.04829
5 117 -0.06832
5 118 -0.06817
5 119 -0.04707
5 120 -0.0374
5 121 0.0804
5 122 -0.06428
5 123 0.0254
5 124 -0.01242
5 125 0.02189
5 126 0.0005
5 127 -0.01181
5 128 -0.02234
5 129 -0.05405
5 130 0.06294
5 131 0.00693
5 132 -0.01297
5 133 0.11385
5 134 0.03211
5 135 -0.03621
5 136 -0.06326
5 137 -0.04516
5 138 -0.03565
5 139 0.03581
5 140 -0.02042
5 141 -0.10639
5 142 -0.04242
5 143 0.00105
5 144 -0.04817
5 145 -0.05937
5 146 0.03193
5 147 -0.05873
5 148 -0.04375
5 149 -0.04047
5 150 -0.0295
5 151 0.05086
5 152 0.05814
5 153 0.04902
5 154 -0.04452
5 155 -0.08313
5 156 -0.00661
5 157 -0.04624
5 158 -0.04226
5 159 0.10763
5 160 -0.03984
5 161 -0.06505
5 162 0.00919
5 163 -0.0545
5 164 -0.00413
5 165 0.00733
5 166 -0.11275
5 167 0.03164
5 168 0.00638
5 169 0.10895
5 170 -0.06204
5 171 0.10332
5 172 -0.01132
5 173 -0.02588
5 174 0.06888
5 175 0.08323
5 176 -0.02227
5 177 -0.06364
5 178 -0.0119
5 179 -0.00178
5 180 0.05008
5 181 0.03418
5 182 -0.04384
5 183 0.00956
5 184 0.0464
5 185 -0.0416
5 186 -0.05118
5 187 0.01384
5 188 0.08896
5 189 0.02986
5 190 -0.02506
5 191 0.07854
5 192 -0.03049
5 193 -0.01643
5 194 -0.04446
5 195 -0.06169
5 196 -0.03653
5 197 -0.02823
5 198 -0.05296
5 199 0.03402
5 200 0.02121
5 201 0.12176
5 202 0.00291
5 203 -0.12178
5 204 0.04814
5 205 -0.04904
5 206 0.03329
5 207 0.05964
5 208 0.00928
5 209 0.0363
5 210 -0.03468
5 211 -0.04393
5 212 0.02274
5 213 -0.00171
5 214 0.08433
5 215 -0.01258
5 216 -0.00673
5 217 0.01906
5 218 -0.00913
5 219 0.10398
5 220 0.10459
5 221 0.06262
5 222 0.10659
5 223 -0.02122
5 224 -0.06746
5 225 -0.00651
5 226 -0.05562
5 227 0.16865
5 228 -0.02173
5 229 0.00319
5 230 0.01622
5 231 -0.11008
5 232 0.02797
5 233 -0.06561
5 234 0.0054
5 235 0.02016
5 236 0.05884
5 237 0.06681
5 238 -0.01276
5 239 -0.00047
5 240 -0.01285
5 241 -0.05889
5 242 0.01008
5 243 -0.07872
5 244 0.02017
5 245 0.03643
5 246 0.02598
5 247 0.00089
5 248 -0.06787
5 249 0.01495
5 250 -0.05079
5 251 0.01497
5 252 -0.07578
5 253 0.01369
5 254 0.10929
5 255 -0.03389
5 256 -0.02879
5 257 -0.0079
5 258 0.03039
5 259 0.00014
5 260 -0.08205
5 261 0.03979
5 262 -0.02902
5 263 0.01322
5 264 -0.01587
5 265 0.03686
5 266 0.03883
5 267 -0.02472
5 268 -0.08796
5 269 -0.02327
5 270 0.02706
5 271 -0.04536
5 272 -0.03343
5 273 -0.06537
5 274 -0.02685
5 275 0.00631
5 276 -0.08595
5 277 -0.05296
5 278 -0.05945
5 279 -0.04593
5 280 0.03917
5 281 -0.09169
5 282 -0.0524
5 283 -0.00057
5 284 -0.05888
5 285 -0.04918
5 286 -0.03612
5 287 -0.00522
5 288 -0.04979
5 289 0.06692
5 290 -0.06199
5 291 -0.12294
5 292 -0.01676
5 293 0.0007
5 294 -0.02954
5 295 -0.04216
5 296 -0.05705
5 297 -0.04278
5 298 0.0004
5 299 0.0802
6 7 0.03469
6 8 -0.00222
6 9 0.02473
6 10 -0.00586
6 11 0.10165
6 12 -0.03359
6 13 0.04995
6 14 -0.02893
6 15 -0.02983
6 16 -0.02166
6 17 -0.00009
6 18 -0.06039
6 19 0.0064
6 20 0.0592
6 21 -0.05052
6 22 0.04515
6 23 -0.04217
6 24 -0.06539
6 25 -0.06997
6 26 0.05987
6 27 0.02924
6 28 0.00595
6 29 -0.07799
6 30 0.09661
6 31 -0.05318
6 32 0.00612
6 33 0.05926
6 34 -0.03366
6 35 0.00335
6 36 0.02482
6 37 -0.09623
6 38 0.0882
6 39 -0.02617
6 40 -0.00523
6 41 0.00325
6 42 0.02902
6 43 -0.04501
6 44 0.05733
6 45 0.07209
6 46 -0.07163
6 47 0.003
6 48 -0.03836
6 49 0.0422
6 50 0.00725
6 51 -0.01163
6 52 -0.04842
6 53 -0.06671
6 54 0.05691
6 55 0.01753
6 56 0.00185
6 57 0.08246
6 58 -0.02895
6 59 -0.00956
6 60 0.08535
6 61 -0.02739
6 62 0.03128
6 63 -0.07286
6 64 0.04574
6 65 -0.02312
6 66 0.00727
6 67 0.05473
6 68 -0.01074
6 69 0.01269
6 70 0.02199
6 71 0.03769
6 72 -0.04198
6 73 0.00003
6 74 0.08309
6 75 -0.00389
6 76 0.04888
6 77 -0.00037
6 78 0.04785
6 79 -0.02337
6 80 0.06637
6 81 -0.10081
6 82 -0.07113
6 83 0.04264
6 84 0.03281
6 85 0.00666
6 86 -0.04888
6 87 -0.0377
6 88 -0.08049
6 89 0.05221
6 90 -0.02191
6 91 0.04446
6 92 -0.02173
6 93 0.04402
6 94 0.03438
6 95 -0.06423
6 96 -0.05002
6 97 0.08437
6 98 0.01712
6 99 0.01558
6 100 0.07454
6 101 -0.03262
6 102 0.02315
6 103 0.00836
6 104 -0.08827
6 105 0.10401
6 106 0.00937
6 107 -0.00899
6 108 -0.02966
6 109 0.05526
6 110 0.04671
6 111 0.10709
6 112 0.02461
6 113 -0.06764
6 114 0.05331
6 115 -0.01075
6 116 0.0319
6 117 -0.03117
6 118 0.10224
6 119 0.06795
6 120 -0.01287
6 121 -0.10842
6 122 -0.10902
6 123 0.00437
6 124 0.04016
6 125 -0.10391
6 126 -0.04746
6 127 -0.02977
6 128 0.02108
6 129 -0.02019
6 130 -0.08278
6 131 0.00489
6 132 0.00184
6 133 -0.02717
6 134 0.04476
6 135 0.07559
6 136 0.04887
6 137 -0.08163
6 138 0.03921
6 139 0.08673
6 140 0.05075
6 141 0.11055
6 142 0.08741
6 143 -0.0574
6 144 -0.00588
6 145 0.05572
6 146 0.05304
6 147 -0.05472
6 148 -0.03952
6 149 -0.12841
6 150 -0.08855
6 151 -0.11413
6 152 0.04169
6 153 -0.03292
6 154 0.00521
6 155 0.02238
6 156 0.06495
6 157 0.0013
6 158 0.00849
6 159 0.0247
6 160 -0.01977
6 161 -0.03876
6 162 0.01103
6 163 0.04493
6 164 -0.17537
6 165 0.09033
6 166 0.09476
6 167 0.03027
6 168 -0.02049
6 169 -0.11085
6 170 0.0436
6 171 0.08081
6 172 0.04177
6 173 -0.0047
6 174 0.08443
6 175 0.09026
6 176 0.0106
6 177 -0.00585
6 178 0.10183
6 179 -0.00611
6 180 -0.04206
6 181 0.07595
6 182 -0.01281
6 183 -0.08481
6 184 -0.07701
6 185 -0.06623
6 186 -0.05203
6 187 -0.02638
6 188 -0.08203
6 189 0.08321
6 190 -0.08516
6 191 0.0311
6 192 -0.03885
6 193 0.03336
6 194 -0.02674
6 195 0.02264
6 196 0.00211
6 197 -0.0248
6 198 -0.0706
6 199 -0.05632
6 200 -0.0495
6 201 0.06128
6 202 0.00332
6 203 -0.07547
6 204 -0.01957
6 205 -0.04565
6 206 0.04173
6 207 -0.05151
6 208 -0.05244
6 209 -0.00941
6 210 -0.02966
6 211 0.08877
6 212 -0.03692
6 213 -0.10191
6 214 0.06945
6 215 -0.01364
6 216 0.12693
6 217 -0.00507
6 218 -0.02912
6 219 -0.04139
6 220 0.13823
6 221 0.05247
6 222 -0.02456
6 223 -0.11581
6 224 0.00141
6 225 0.03648
6 226 -0.04399
6 227 0.00877
6 228 -0.03755
6 229 -0.01577
6 230 0.02044
6 231 -0.03739
6 232 0.11555
6 233 -0.0136
6 234 -0.11156
6 235 -0.00847
6 236 -0.05108
6 237 -0.07666
6 238 -0.0638
6 239 0.03074
6 240 -0.01015
6 241 -0.08549
6 242 -0.04983
6 243 0.0081
6 244 0.13345
6 245 0.03934
6 246 -0.01906
6 247 0.01968
6 248 0.00501
6 249 0.1724
6 250 -0.10618
6 251 0.01305
6 252 -0.04636
6 253 0.08988
6 254 -0.00411
6 255 -0.02349
6 256 -0.01904
6 257 0.02373
6 258 -0.0105
6 259 0.01528
6 260 -0.02525
6 261 -0.04458
6 262 0.01423
6 263 0.00788
6 264 0.03814
6 265 0.0182
6 266 -0.01693
6 267 0.03756
6 268 -0.00449
6 269 -0.06474
6 270 0.02664
6 271 -0.07401
6 272 0.03321
6 273 0.06903
6 274 0.08053
6 275 0.01286
6 276 -0.01635
6 277 -0.06134
6 278 0.0244
6 279 0.03569
6 280 0.03437
6 281 0.10303
6 282 -0.04721
6 283 -0.02929
6 284 -0.01811
6 285 0.00177
6 286 0.14686
6 287 -0.10092
6 288 -0.02326
6 289 0.06895
6 290 0.03873
6 291 -0.02874
6 292 0.03923
6 293 0.07537
6 294 0.03375
6 295 -0.00501
6 296 0.09962
6 297 0.03888
6 298 -0.07017
6 299 0.01271
7 8 0.08913
7 9 -0.00344
7 10 0.03838
7 11 0.00825
7 12 0.07411
7 13 -0.10758
7 14 -0.08071
7 15 0.07435
7 16 0.01854
7 17 0.00981
7 18 -0.02541
7 19 -0.05691
7 20 0.0199
7 21 -0.11956
7 22 0.10078
7 23 0.0505
7 24 0.02967
7 25 0.03222
7 26 -0.00404
7 27 0.01349
7 28 0.04852
7 29 0.06862
7 30 0.03693
7 31 -0.01464
7 32 -0.00941
7 33 -0.14745
7 34 -0.02503
7 35 0.05494
7 36 0.09521
7 37 0.04415
7 38 0.08895
7 39 -0.11233
7 40 -0.06891
7 41 0.08871
7 42 0.07824
7 43 0.14761
7 44 0.00554
7 45 -0.00319
7 46 -0.03466
7 47 -0.00016
7 48 -0.0025
7 49 0.0543
7 50 -0.00195
7 51 0.0264
7 52 0.02758
7 53 0.11535
7 54 -0.08219
7 55 0.09377
7 56 0.03812
7 57 0.11339
7 58 0.01649
7 59 -0.00405
7 60 0.03649
7 61 0.0076
7 62 -0.11741
7 63 0.02191
7 64 0.03313
7 65 -0.05273
7 66 0.06034
7 67 -0.01601
7 68 0.15727
7 69 0.09951
7 70 0.02573
7 71 0.06376
7 72 -0.02308
7 73 0.02265
7 74 0.12739
7 75 0.02309
7 76 -0.09694
7 77 0.00791
7 78 -0.07381
7 79 0.1104
7 80 0.01302
7 81 -0.05378
7 82 0.02175
7 83 0.09103
7 84 -0.00953
7 85 -0.00448
7 86 -0.03365
7 87 0.00809
7 88 0.0317
7 89 0.06393
7 90 0.07111
7 91 -0.01546
7 92 0.01771
7 93 0.05504
7 94 -0.008
7 95 -0.07913
7 96 0.03566
7 97 -0.04553
7 98 0.04331
7 99 0.05812
7 100 -0.00861
7 101 0.10864
7 102 -0.07289
7 103 -0.06556
7 104 -0.126
7 105 0.00226
7 106 0.00899
7 107 -0.02105
7 108 -0.06356
7 109 0.07374
7 110 0.05626
7 111 -0.05494
7 112 -0.02977
7 113 0.07118
7 114 -0.01957
7 115 -0.14669
7 116 0.03968
7 117 0.00127
7 118 -0.08461
7 119 0.11664
7 120 0.03357
7 121 0.03909
7 122 -0.02268
7 123 -0.00439
7 124 0.02394
7 125 0.03738
7 126 -0.01729
7 127 -0.06446
7 128 0.12437
7 129 0.06239
7 130 0.01232
7 131 0.00969
7 132 -0.0476
7 133 -0.05924
7 134 0.01447
7 135 0.01095
7 136 -0.06997
7 137 -0.07055
7 138 -0.00524
7 139 -0.01173
7 140 0.02879
7 141 0.10016
7 142 -0.04362
7 143 -0.05529
7 144 -0.03978
7 145 0.03298
7 146 -0.03444
7 147 0.06698
7 148 0.02489
7 149 -0.00201
7 150 0.04053
7 151 -0.06176
7 152 -0.01705
7 153 -0.109
7 154 0.03901
7 155 -0.00092
7 156 0.05532
7 157 -0.13142
7 158 -0.00297
7 159 0.10381
7 160 -0.0514
7 161 0.02404
7 162 0.10097
7 163 -0.08573
7 164 0.00013
7 165 0.04702
7 166 -0.06705
7 167 0.03782
7 168 0.01541
7 169 -0.0528
7 170 -0.03884
7 171 -0.00124
7 172 0.04481
7 173 0.09516
7 174 0.04079
7 175 -0.06534
7 176 0.09065
7 177 0.07652
7 178 -0.03599
7 179 -0.00975
7 180 -0.06785
7 181 0.05054
7 182 0.0276
7 183 0.00622
7 184 0.04629
7 185 0.01222
7 186 0.07069
7 187 -0.05828
7 188 0.00191
7 189 -0.10011
7 190 -0.10188
7 191 0.02467
7 192 -0.0615
7 193 -0.00222
7 194 0.04206
7 195 0.03351
7 196 -0.08672
7 197 -0.00604
7 198 -0.00801
7 199 0.05237
7 200 -0.07278
7 201 -0.09416
7 202 -0.02698
7 203 -0.0475
7 204 -0.04553
7 205 -0.06101
7 206 0.03466
7 207 0.00861
7 208 0.08958
7 209 -0.02498
7 210 -0.03143
7 211 0.04268
7 212 -0.0166
7 213 0.03105
7 214 -0.00661
7 215 -0.04209
7 216 -0.03755
7 217 -0.05456
7 218 -0.01902
7 219 0.08117
7 220 -0.03701
7 221 0.11466
7 222 -0.0209
7 223 0.01893
7 224 -0.06413
7 225 0.02557
7 226 0.12778
7 227 -0.02947
7 228 -0.02439
7 229 0.04505
7 230 0.00146
7 231 0.11878
7 232 -0.01597
7 233 0.03775
7 234 0.06215
7 235 -0.00745
7 236 0.01232
7 237 -0.10237
7 238 -0.05389
7 239 -0.0203
7 240 0.00964
7 241 -0.05953
7 242 -0.0008
7 243 -0.03361
7 244 -0.00409
7 245 -0.03685
7 246 -0.0382
7 247 0.01057
7 248 -0.05271
7 249 0.02714
7 250 0.1275
7 251 0.03994
7 252 0.06748
7 253 -0.06072
7 254 -0.07632
7 255 -0.04804
7 256 0.07068
7 257 0.09435
7 258 -0.02464
7 259 0.11155
7 260 0.04313
7 261 -0.01831
7 262 0.01579
7 263 -0.0009
7 264 0.05459
7 265 -0.00181
7 266 0.00055
7 267 -0.04425
7 268 -0.03419
7 269 0.06489
7 270 -0.01739
7 271 0.04778
7 272 0.01659
7 273 -0.06682
7 274 -0.01689
7 275 -0.02604
7 276 -0.1187
7 277 0.04397
7 278 0.06788
7 279 0.06805
7 280 -0.00568
7 281 -0.03701
7 282 -0.07079
7 283 -0.03636
7 284 -0.04796
7 285 -0.01368
7 286 -0.03658
7 287 -0.13455
7 288 -0.11378
7 289 0.04018
7 290 0.0011
7 291 0.04812
7 292 -0.03002
7 293 -0.0644
7 294 -0.01902
7 295 0.01915
7 296 0.05853
7 297 0.05624
7 298 0.00405
7 299 -0.0069
8 9 0.01165
8 10 -0.22948
8 11 0.03416
8 12 -0.02797
8 13 0.08199
8 14 0.02315
8 15 0.0624
8 16 0.00949
8 17 0.02786
8 18 -0.03239
8 19 -0.01437
8 20 0.0937
8 21 -0.06557
8 22 -0.00381
8 23 0.03524
8 24 0.00887
8 25 0.02331
8 26 -0.0411
8 27 0.07642
8 28 -0.05184
8 29 -0.00026
8 30 0.03293
8 31 -0.01601
8 32 -0.02683
8 33 0.06296
8 34 0.07141
8 35 0.01876
8 36 0.05278
8 37 -0.07377
8 38 -0.06945
8 39 0.06018
8 40 0.05604
8 41 0.00461
8 42 0.00373
8 43 0.03055
8 44 0.08198
8 45 -0.05756
8 46 -0.04143
8 47 0.13176
8 48 0.0331
8 49 -0.06052
8 50 -0.00159
8 51 0.02368
8 52 0.00934
8 53 0.00385
8 54 -0.05987
8 55 0.06504
8 56 0.04602
8 57 0.00772
8 58 -0.15273
8 59 0.04179
8 60 0.01123
8 61 0.06077
8 62 -0.03707
8 63 0.04368
8 64 -0.00413
8 65 0.02016
8 66 -0.02401
8 67 0.02869
8 68 0.02181
8 69 -0.00337
8 70 0.00884
8 71 -0.04069
8 72 -0.00385
8 73 -0.02665
8 74 -0.01765
8 75 -0.11426
8 76 -0.02074
8 77 0.01853
8 78 0.03206
8 79 -0.14084
8 80 -0.04984
8 81 -0.07699
8 82 0.06539
8 83 0.02609
8 84 -0.04598
8 85 0.03657
8 86 -0.01702
8 87 -0.03826
8 88 0.068
8 89 -0.01197
8 90 -0.05508
8 91 0.02242
8 92 -0.0229
8 93 0.00505
8 94 0.11917
8 95 0.04209
8 96 0.07475
8 97 0.02023
8 98 0.02303
8 99 -0.0814
8 100 -0.04776
8 101 0.08656
8 102 0.05796
8 103 0.08464
8 104 -0.09767
8 105 -0.07555
8 106 0.07604
8 107 0.0317
8 108 -0.04535
8 109 0.02894
8 110 -0.04451
8 111 -0.02633
8 112 0.08188
8 113 -0.00201
8 114 0.01034
8 115 -0.00286
8 116 -0.10307
8 117 0.02217
8 118 -0.01931
8 119 -0.00327
8 120 0.00574
8 121 -0.07652
8 122 0.00569
8 123 -0.0891
8 124 -0.059
8 125 -0.03947
8 126 -0.0277
8 127 -0.05803
8 128 0.02422
8 129 0.0147
8 130 0.05175
8 131 0.08267
8 132 -0.12529
8 133 0.03905
8 134 -0.05491
8 135 -0.0171
8 136 0.01505
8 137 0.05466
8 138 -0.091
8 139 0.00229
8 140 -0.06226
8 141 0.03054
8 142 0.0365
8 143 0.12736
8 144 -0.02953
8 145 -0.00791
8 146 0.00339
8 147 0.05837
8 148 -0.03374
8 149 0.02086
8 150 -0.02919
8 151 0.03283
8 152 -0.05116
8 153 -0.05742
8 154 0.07061
8 155 -0.066
8 156 -0.05126
8 157 0.13223
8 158 -0.06225
8 159 0.0182
8 160 -0.06996
8 161 -0.06097
8 162 0.07886
8 163 -0.03489
8 164 -0.01235
8 165 -0.01889
8 166 0.0453
8 167 -0.09325
8 168 -0.03796
8 169 -0.03275
8 170 0.03658
8 171 -0.0718
8 172 0.05223
8 173 0.10406
8 174 0.0308
8 175 0.05189
8 176 -0.0067
8 177 0.13895
8 178 -0.00085
8 179 0.04737
8 180 -0.08753
8 181 0.05077
8 182 -0.02251
8 183 0.01401
8 184 0.01391
8 185 0.00312
8 186 -0.0223
8 187 0.01598
8 188 0.06547
8 189 0.01726
8 190 0.03568
8 191 -0.04518
8 192 -0.08647
8 193 -0.05031
8 194 0.08514
8 195 -0.0435
8 196 0.0018
8 197 -0.05731
8 198 0.01413
8 199 -0.0268
8 200 0.03891
8 201 -0.05956
8 202 -0.00227
8 203 0.03664
8 204 -0.03669
8 205 0.04822
8 206 -0.11888
8 207 -0.04788
8 208 -0.07203
8 209 0.16008
8 210 -0.14212
8 211 0.02306
8 212 -0.00849
8 213 -0.01928
8 214 -0.03929
8 215 0.06387
8 216 -0.01132
8 217 -0.04376
8 218 0.00275
8 219 0.02099
8 220 -0.01398
8 221 -0.02577
8 222 0.01185
8 223 -0.01345
8 224 -0.03671
8 225 -0.03723
8 226 0.04031
8 227 -0.01704
8 228 -0.06382
8 229 -0.00441
8 230 -0.03766
8 231 -0.02298
8 232 0.07871
8 233 0.08697
8 234 -0.02296
8 235 -0.04112
8 236 -0.01209
8 237 -0.05832
8 238 -0.0055
8 239 -0.02336
8 240 -0.03027
8 241 0.07891
8 242 0.1932
8 243 0.02493
8 244 0.04199
8 245 -0.07423
8 246 0.13033
8 247 -0.02921
8 248 0.04362
8 249 0.03975
8 250 -0.02154
8 251 -0.0611
8 252 0.02032
8 253 0.0521
8 254 0.01018
8 255 0.0941
8 256 -0.06861
8 257 0.02274
8 258 -0.10873
8 259 -0.03372
8 260 -0.04207
8 261 0.01577
8 262 -0.02675
8 263 -0.17507
8 264 0.03804
8 265 -0.0243
8 266 -0.05485
8 267 0.04789
8 268 0.04528
8 269 -0.07417
8 270 -0.02775
8 271 -0.02846
8 272 0.02463
8 273 -0.01914
8 274 0.01898
8 275 0.02589
8 276 0.00613
8 277 -0.08046
8 278 -0.02683
8 279 -0.06769
8 280 0.06974
8 281 0.01504
8 282 -0.06986
8 283 -0.11682
8 284 -0.09404
8 285 -0.05919
8 286 -0.00644
8 287 -0.12739
8 288 -0.09078
8 289 -0.05208
8 290 0.03555
8 291 -0.04846
8 292 0.0152
8 293 0.12467
8 294 -0.00661
8 295 0.05432
8 296 0.01619
8 297 0.09707
8 298 -0.02259
8 299 -0.03827
9 10 -0.01159
9 11 -0.01687
9 12 -0.01681
9 13 0.11609
9 14 -0.07925
9 15 0.06913
9 16 0.04667
9 17 -0.0654
9 18 -0.01907
9 19 0.01604
9 20 -0.00705
9 21 0.14393
9 22 0.06907
9 23 -0.09111
9 24 0.06713
9 25 0.04779
9 26 0.01532
9 27 0.0849
9 28 -0.05817
9 29 -0.09749
9 30 0.07164
9 31 -0.00461
9 32 0.0826
9 33 -0.08864
9 34 0.07321
9 35 0.16578
9 36 0.02861
9 37 0.04747
9 38 0.06244
9 39 -0.05182
9 40 0.09222
9 41 0.06411
9 42 0.06961
9 43 -0.16629
9 44 -0.01781
9 45 -0.05572
9 46 0.07446
9 47 0.01431
9 48 0.07036
9 49 0.00873
9 50 -0.02605
9 51 0.02066
9 52 0.07337
9 53 0.03579
9 54 0.02401
9 55 -0.03308
9 56 -0.05686
9 57 0.04041
9 58 0.09834
9 59 -0.00612
9 60 -0.00545
9 61 -0.04893
9 62 0.06613
9 63 -0.03169
9 64 -0.03311
9 65 -0.04988
9 66 0.12035
9 67 -0.06425
9 68 -0.04966
9 69 -0.02074
9 70 -0.09912
9 71 0.06006
9 72 0.03767
9 73 -0.00917
9 74 -0.03661
9 75 -0.03354
9 76 0.0709
9 77 -0.0439
9 78 -0.01748
9 79 0.08057
9 80 -0.03103
9 81 0.04118
9 82 -0.01406
9 83 -0.11105
9 84 0.05585
9 85 0.0648
9 86 0.04043
9 87 0.10622
9 88 0.03831
9 89 -0.14877
9 90 -0.02888
9 91 0.03055
9 92 0.00557
9 93 0.03529
9 94 0.10604
9 95 -0.02063
9 96 0.0208
9 97 0.02162
9 98 0.08285
9 99 0.05657
9 100 -0.01921
9 101 0.03667
9 102 -0.03199
9 103 0.11389
9 104 0.05347
9 105 -0.05202
9 106 0.05038
9 107 0.09696
9 108 -0.05322
9 109 -0.0216
9 110 -0.02782
9 111 0.08973
9 112 0.01117
9 113 -0.03818
9 114 0.01591
9 115 0.03133
9 116 0.07874
9 117 -0.0146
9 118 -0.01398
9 119 0.05605
9 120 0.03255
9 121 0.04406
9 122 0.02613
9 123 0.05136
9 124 -0.01493
9 125 0.0831
9 126 -0.07521
9 127 0.08285
9 128 0.06474
9 129 0.05304
9 130 0.01174
9 131 0.00723
9 132 0.04091
9 133 -0.00952
9 134 0.11153
9 135 -0.03122
9 136 0.039
9 137 0.09193
9 138 -0.01901
9 139 0.06706
9 140 0.00919
9 141 0.00127
9 142 -0.00403
9 143 0.00096
9 144 0.03771
9 145 -0.04918
9 146 -0.02443
9 147 0.02216
9 148 0.03725
9 149 -0.0386
9 150 0.05713
9 151 0.08356
9 152 -0.03129
9 153 0.03221
9 154 -0.02927
9 155 0.0728
9 156 -0.05013
9 157 0.03771
9 158 -0.04007
9 159 0.03282
9 160 0.0282
9 161 -0.00842
9 162 -0.01979
9 163 0.08484
9 164 -0.02421
9 165 -0.00077
9 166 0.02883
9 167 -0.02462
9 168 -0.09216
9 169 -0.01844
9 170 -0.01691
9 171 -0.00404
9 172 0.05338
9 173 -0.00654
9 174 -0.02462
9 175 0.02702
9 176 0.04137
9 177 0.04208
9 178 0.05247
9 179 0.04482
9 180 -0.02478
9 181 0.06787
9 182 -0.00019
9 183 -0.04632
9 184 0.05078
9 185 -0.09201
9 186 0.02802
9 187 0.02236
9 188 0.01169
9 189 -0.04592
9 190 0.04845
9 191 0.02992
9 192 0.03273
9 193 0.04813
9 194 -0.01287
9 195 0.07378
9 196 -0.01559
9 197 -0.02478
9 198 -0.05279
9 199 -0.00759
9 200 -0.02883
9 201 0.05833
9 202 0.01723
9 203 0.07835
9 204 -0.044
9 205 -0.05528
9 206 -0.00843
9 207 -0.03447
9 208 0.0269
9 209 0.00188
9 210 0.0783
9 211 -0.09989
9 212 -0.02651
9 213 0.00156
9 214 -0.03044
9 215 0.08075
9 216 -0.04989
9 217 -0.047
9 218 -0.09499
9 219 0.02378
9 220 0.03696
9 221 0.01831
9 222 0.02258
9 223 0.00061
9 224 0.05272
9 225 0.03365
9 226 -0.04086
9 227 0.00772
9 228 0.04808
9 229 0.01133
9 230 0.01574
9 231 -0.05212
9 232 0.01745
9 233 -0.05146
9 234 0.01582
9 235 0.04692
9 236 0.04038
9 237 -0.06041
9 238 0.03025
9 239 0.0906
9 240 -0.02558
9 241 0.07238
9 242 -0.14123
9 243 -0.07209
9 244 0.06318
9 245 0.08639
9 246 -0.06217
9 247 -0.1144
9 248 0.04666
9 249 -0.07882
9 250 0.05082
9 251 0.04341
9 252 -0.03837
9 253 0.01647
9 254 -0.03943
9 255 0.00159
9 256 0.06844
9 257 0.01202
9 258 -0.02258
9 259 0.01124
9 260 0.01964
9 261 -0.01106
9 262 0.02288
9 263 -0.02253
9 264 -0.04552
9 265 -0.02351
9 266 -0.04303
9 267 -0.01311
9 268 0.04707
9 269 -0.10669
9 270 -0.06905
9 271 0.076
9 272 -0.13597
9 273 -0.01996
9 274 -0.0166
9 275 0.04759
9 276 0.17493
9 277 -0.10392
9 278 0.05707
9 279 0.0364
9 280 -0.02677
9 281 0.13788
9 282 0.01358
9 283 0.03341
9 284 -0.01223
9 285 -0.08239
9 286 0.06562
9 287 0.00199
9 288 -0.03028
9 289 -0.02624
9 290 0.05213
9 291 -0.02898
9 292 -0.04849
9 293 -0.02108
9 294 0.02232
9 295 0.02866
9 296 -0.00885
9 297 0.06585
9 298 -0.03548
9 299 -0.02246
10 11 0.05988
10 12 -0.00218
10 13 -0.05759
10 14 0.02555
10 15 -0.06549
10 16 0.04694
10 17 0.02072
10 18 0.0291
10 19 -0.10118
10 20 0.07637
10 21 -0.02514
10 22 -0.05786
10 23 -0.03992
10 24 -0.02275
10 25 -0.06274
10 26 0.07946
10 27 0.00581
10 28 0.0198
10 29 -0.01544
10 30 0.04878
10 31 0.00026
10 32 -0.00847
10 33 -0.04372
10 34 -0.04978
10 35 0.06951
10 36 -0.02551
10 37 -0.04291
10 38 0.05151
10 39 -0.08351
10 40 0.14069
10 41 0.00162
10 42 -0.07487
10 43 -0.00974
10 44 0.03625
10 45 0.00331
10 46 0.05341
10 47 -0.12399
10 48 -0.00669
10 49 -0.00718
10 50 -0.04196
10 51 -0.00755
10 52 -0.03196
10 53 0.02818
10 54 -0.03182
10 55 0.01613
10 56 -0.00781
10 57 0.10598
10 58 0.01202
10 59 -0.06402
10 60 -0.05059
10 61 0.07096
10 62 0.10999
10 63 -0.0879
10 64 -0.04499
10 65 0.11282
10 66 -0.06759
10 67 0.04252
10 68 -0.03825
10 69 -0.07044
10 70 -0.00506
10 71 0.0226
10 72 -0.01317
10 73 0.03089
10 74 -0.04763
10 75 -0.02854
10 76 -0.11421
10 77 0.02847
10 78 0.08725
10 79 -0.01893
10 80 -0.02319
10 81 -0.06286
10 82 -0.09391
10 83 0.0531
10 84 0.02955
10 85 0.00307
10 86 -0.03844
10 87 -0.03323
10 88 0.10648
10 89 0.05924
10 90 0.01485
10 91 -0.02307
10 92 0.01682
10 93 -0.02439
10 94 -0.02992
10 95 -0.13015
10 96 -0.08254
10 97 0.02696
10 98 0.02972
10 99 0.02264
10 100 -0.00517
10 101 0.04975
10 102 0.01391
10 103 -0.00567
10 104 0.00175
10 105 0.04304
10 106 -0.09973
10 107 -0.02798
10 108 -0.03884
10 109 0.02481
10 110 -0.02442
10 111 -0.08661
10 112 0.04857
10 113 0.01792
10 114 -0.00961
10 115 -0.0098
10 116 -0.00378
10 117 0.0475
10 118 -0.12169
10 119 -0.06874
10 120 0.02213
10 121 0.04934
10 122 -0.02348
10 123 -0.03214
10 124 0.06342
10 125 0.02242
10 126 0.00846
10 127 -0.03014
10 128 -0.05213
10 129 0.02836
10 130 0.04795
10 131 -0.05635
10 132 -0.01041
10 133 0.00093
10 134 -0.08191
10 135 0.04309
10 136 -0.05673
10 137 -0.05063
10 138 -0.02608
10 139 -0.06051
10 140 0.0682
10 141 -0.03188
10 142 -0.01062
10 143 -0.02296
10 144 0.05698
10 145 -0.05843
10 146 0.07877
10 147 0.01007
10 148 -0.00197
10 149 -0.01253
10 150 -0.06914
10 151 -0.01509
10 152 0.11069
10 153 -0.00208
10 154 0.0157
10 155 0.03503
10 156 -0.03943
10 157 -0.01045
10 158 -0.04761
10 159 0.0223
10 160 0.03083
10 161 -0.04363
10 162 -0.07235
10 163 -0.04144
10 164 -0.03911
10 165 -0.02814
10 166 0.04612
10 167 0.04442
10 168 0.03639
10 169 -0.00251
10 170 -0.04076
10 171 -0.0769
10 172 0.08157
10 173 -0.03562
10 174 0.06662
10 175 -0.10381
10 176 -0.07816
10 177 -0.00758
10 178 0.03712
10 179 0.02771
10 180 0.12162
10 181 0.01151
10 182 -0.02797
10 183 0.00572
10 184 0.02451
10 185 0.07518
10 186 -0.08529
10 187 -0.0348
10 188 0.07309
10 189 0.02939
10 190 -0.03672
10 191 -0.04385
10 192 0.02843
10 193 -0.02576
10 194 -0.03022
10 195 -0.08679
10 196 0.05281
10 197 0.0937
10 198 0.01561
10 199 -0.07181
10 200 0.07535
10 201 0.01207
10 202 -0.08638
10 203 0.01013
10 204 0.02121
10 205 -0.05144
10 206 -0.06225
10 207 -0.00943
10 208 0.0201
10 209 -0.03194
10 210 -0.0078
10 211 0.01035
10 212 0.08782
10 213 -0.01019
10 214 0.00066
10 215 -0.01804
10 216 0.09447
10 217 0.06626
10 218 -0.03025
10 219 -0.04711
10 220 0.1708
10 221 0.0206
10 222 -0.0296
10 223 -0.09933
10 224 0.05058
10 225 -0.00142
10 226 0.00824
10 227 -0.12174
10 228 -0.02391
10 229 0.01226
10 230 -0.00971
10 231 -0.031
10 232 0.05944
10 233 0.02045
10 234 -0.00039
10 235 0.02669
10 236 -0.04902
10 237 0.03788
10 238 -0.05059
10 239 0.06274
10 240 -0.0231
10 241 -0.01744
10 242 -0.03551
10 243 -0.07621
10 244 0.06127
10 245 -0.0164
10 246 0.10345
10 247 -0.04549
10 248 -0.05358
10 249 0.02156
10 250 -0.01515
10 251 0.0166
10 252 0.03182
10 253 0.01744
10 254 -0.0192
10 255 0.02818
10 256 0.15095
10 257 -0.03322
10 258 -0.04993
10 259 0.05226
10 260 0.02347
10 261 0.00329
10 262 -0.02976
10 263 -0.05918
10 264 0.02831
10 265 -0.02593
10 266 -0.07796
10 267 0.007
10 268 0.01994
10 269 0.08148
10 270 -0.06033
10 271 -0.09712
10 272 0.05114
10 273 0.02293
10 274 -0.07924
10 275 0.02218
10 276 0.06609
10 277 0.00461
10 278 -0.03029
10 279 0.12019
10 280 0.01174
10 281 0.02147
10 282 -0.05988
10 283 -0.07228
10 284 -0.10197
10 285 -0.03776
10 286 0.03126
10 287 -0.00855
10 288 0.0681
10 289 0.0266
10 290 -0.02086
10 291 -0.04858
10 292 0.04758
10 293 -0.01425
10 294 0.04659
10 295 -0.10411
10 296 -0.03303
10 297 0.01383
10 298 -0.01392
10 299 0.00888
11 12 -0.00993
11 13 -0.01047
11 14 -0.05628
11 15 -0.002
11 16 0.02658
11 17 -0.08433
11 18 -0.08314
11 19 -0.11194
11 20 -0.01376
11 21 0.03302
11 22 0.06651
11 23 0.02331
11 24 -0.08549
11 25 -0.08783
11 26 0.02178
11 27 -0.03428
11 28 -0.01455
11 29 0.01032
11 30 0.04827
11 31 -0.01167
11 32 -0.02406
11 33 -0.01331
11 34 0.03896
11 35 -0.01138
11 36 0.04733
11 37 0.03338
11 38 0.00254
11 39 -0.01768
11 40 -0.03333
11 41 0.05804
11 42 -0.16443
11 43 0.08191
11 44 0.0311
11 45 -0.08923
11 46 0.01558
11 47 0.03823
11 48 -0.00504
11 49 -0.01922
11 50 -0.01784
11 51 -0.02782
11 52 -0.05323
11 53 -0.17344
11 54 0.03455
11 55 0.01931
11 56 -0.00455
11 57 -0.06194
11 58 0.01873
11 59 -0.05529
11 60 -0.00267
11 61 -0.07836
11 62 0.0408
11 63 -0.10762
11 64 0.01846
11 65 0.01216
11 66 -0.02725
11 67 0.0549
11 68 -0.02087
11 69 0.06284
11 70 -0.02182
11 71 0.0433
11 72 0.00324
11 73 -0.02833
11 74 0.03896
11 75 0.02414
11 76 -0.04582
11 77 -0.02733
11 78 -0.04681
11 79 -0.04458
11 80 -0.12165
11 81 0.06014
11 82 -0.07171
11 83 -0.12335
11 84 -0.07655
11 85 0.08826
11 86 -0.0558
11 87 0.02367
11 88 -0.05526
11 89 0.11047
11 90 0.06441
11 91 0.0671
11 92 -0.0152
11 93 -0.01884
11 94 0.02192
11 95 -0.00066
11 96 -0.07083
11 97 -0.01914
11 98 0.00009
11 99 -0.04296
11 100 0.00646
11 101 0.0966
11 102 -0.12304
11 103 0.0332
11 104 -0.0481
11 105 -0.10552
11 106 -0.00746
11 107 0.09386
11 108 -0.01948
11 109 0.00116
11 110 -0.03068
11 111 -0.00107
11 112 0.04928
11 113 -0.07482
11 114 0.03959
11 115 0.03607
11 116 0.04294
11 117 -0.01291
11 118 -0.09069
11 119 0.0398
11 120 0.01724
11 121 -0.03664
11 122 -0.00941
11 123 0.10124
11 124 0.00153
11 125 -0.0272
11 126 0.04014
11 127 -0.12117
11 128 -0.06079
11 129 -0.05047
11 130 0.00405
11 131 0.03422
11 132 -0.00303
11 133 -0.01624
11 134 0.05426
11 135 -0.09315
11 136 0.03232
11 137 0.09359
11 138 -0.05756
11 139 -0.01726
11 140 0.04023
11 141 -0.06801
11 142 -0.04514
11 143 0.00941
11 144 0.03764
11 145 -0.02278
11 146 0.12256
11 147 0.00547
11 148 -0.00665
11 149 0.06604
11 150 -0.10513
11 151 0.00095
11 152 -0.02125
11 153 0.01024
11 154 0.02264
11 155 -0.09344
11 156 -0.08579
11 157 0.03538
11 158 -0.01242
11 159 -0.03787
11 160 0.08145
11 161 0.00592
11 162 -0.10221
11 163 0.07434
11 164 -0.11748
11 165 -0.06246
11 166 0.01649
11 167 0.053
11 168 -0.00362
11 169 0.00577
11 170 0.10671
11 171 0.00228
11 172 -0.00644
11 173 0.01714
11 174 -0.01503
11 175 0.03975
11 176 0.09348
11 177 0.03202
11 178 0.10243
11 179 0.0455
11 180 -0.1647
11 181 0.03498
11 182 0.04363
11 183 -0.00563
11 184 -0.00941
11 185 0.00022
11 186 0.06991
11 187 -0.06227
11 188 -0.03498
11 189 0.05914
11 190 -0.0251
11 191 0.0079
11 192 0.13082
11 193 -0.01622
11 194 0.03383
11 195 -0.09235
11 196 0.04412
11 197 -0.081
11 198 -0.10805
11 199 -0.04985
11 200 0.03093
11 201 -0.02745
11 202 0.04361
11 203 0.00577
11 204 0.07586
11 205 -0.06974
11 206 -0.06389
11 207 -0.04707
11 208 0.08816
11 209 -0.13788
11 210 0.04683
11 211 -0.04082
11 212 -0.05144
11 213 -0.02032
11 214 -0.02758
11 215 0.02447
11 216 0.0205
11 217 0.00622
11 218 0.10295
11 219 0.06367
11 220 -0.01993
11 221 0.05849
11 222 -0.04776
11 223 0.00897
11 224 -0.00094
11 225 -0.03781
11 226 -0.09644
11 227 0.06643
11 228 -0.01539
11 229 -0.01756
11 230 0.04868
11 231 -0.02075
11 232 -0.07538
11 233 -0.09368
11 234 -0.08587
11 235 0.05042
11 236 0.02101
11 237 -0.0079
11 238 -0.00392
11 239 0.14087
11 240 -0.05721
11 241 -0.13623
11 242 0.04387
11 243 -0.0316
11 244 0.06187
11 245 -0.05507
11 246 0.02293
11 247 -0.02079
11 248 0.07521
11 249 -0.01346
11 250 -0.02788
11 251 -0.01607
11 252 0.00134
11 253 -0.01861
11 254 -0.04727
11 255 -0.11658
11 256 -0.02114
11 257 0.04394
11 258 -0.00655
11 259 -0.07935
11 260 -0.03443
11 261 0.01595
11 262 -0.00998
11 263 -0.05599
11 264 -0.04109
11 265 -0.02004
11 266 0.06571
11 267 0.02683
11 268 -0.03363
11 269 -0.04271
11 270 -0.11622
11 271 -0.01073
11 272 0.01367
11 273 0.08792
11 274 0.05015
11 275 0.01933
11 276 -0.00918
11 277 0.08544
11 278 -0.00487
11 279 -0.06459
11 280 0.04541
11 281 -0.00485
11 282 0.12997
11 283 0.08509
11 284 0.03017
11 285 0.03077
11 286 0.01703
11 287 0.04598
11 288 -0.03307
11 289 -0.03403
11 290 0.07679
11 291 0.04036
11 292 0.04883
11 293 -0.02179
11 294 0.01423
11 295 0.05849
11 296 -0.02943
11 297 -0.03474
11 298 0.07775
11 299 -0.03076
12 13 0.01199
12 14 -0.02908
12 15 0.0231
12 16 -0.07257
12 17 0.00879
12 18 -0.01881
12 19 0.09406
12 20 -0.03552
12 21 -0.12387
12 22 -0.03038
12 23 0.02789
12 24 -0.02452
12 25 -0.01468
12 26 -0.004
12 27 0.01596
12 28 -0.03691
12 29 0.06878
12 30 0.05547
12 31 0.0473
12 32 0.00467
12 33 -0.02425
12 34 0.0569
12 35 0.10906
12 36 0.03326
12 37 0.07943
12 38 -0.0139
12 39 -0.10824
12 40 -0.04196
12 41 0.03445
12 42 -0.01232
12 43 0.02342
12 44 0.04968
12 45 -0.00136
12 46 0.01413
12 47 0.0797
12 48 -0.04692
12 49 -0.05052
12 50 0.12051
12 51 -0.06218
12 52 0.02061
12 53 -0.09562
12 54 0.03716
12 55 0.07479
12 56 0.01367
12 57 -0.01679
12 58 0.03421
12 59 0.00402
12 60 0.10193
12 61 0.07926
12 62 0.02191
12 63 -0.06066
12 64 0.0084
12 65 0.0433
12 66 -0.04211
12 67 -0.01366
12 68 0.01335
12 69 0.04292
12 70 -0.01496
12 71 -0.02974
12 72 -0.00493
12 73 0.07973
12 74 -0.08531
12 75 -0.13757
12 76 0.01575
12 77 -0.04614
12 78 0.03755
12 79 0.00508
12 80 0.05064
12 81 -0.03607
12 82 0.0576
12 83 0.02879
12 84 0.06361
12 85 0.0213
12 86 0.0053
12 87 0.03014
12 88 0.04667
12 89 0.03874
12 90 -0.02983
12 91 -0.08966
12 92 0.00025
12 93 0.1044
12 94 -0.03215
12 95 0.02203
12 96 0.06927
12 97 0.02819
12 98 -0.04811
12 99 0.0762
12 100 0.06516
12 101 0.07428
12 102 -0.00436
12 103 0.01987
12 104 -0.05352
12 105 0.11612
12 106 0.01707
12 107 0.1145
12 108 -0.01646
12 109 -0.0537
12 110 -0.06136
12 111 0.03857
12 112 0.06425
12 113 0.07816
12 114 0.0366
12 115 -0.02615
12 116 -0.02438
12 117 -0.018
12 118 0.03112
12 119 -0.04128
12 120 -0.03163
12 121 -0.0857
12 122 0.05217
12 123 0.00535
12 124 -0.04268
12 125 0.02567
12 126 0.0432
12 127 0.03065
12 128 0.03105
12 129 0.11999
12 130 0.02479
12 131 -0.04282
12 132 -0.09791
12 133 0.012
12 134 0.16147
12 135 0.03951
12 136 0.07623
12 137 0.06599
12 138 0.04771
12 139 0.05244
12 140 0.07616
12 141 -0.01894
12 142 -0.07519
12 143 -0.00064
12 144 0.02859
12 145 0.03601
12 146 0.11578
12 147 0.0028
12 148 -0.10056
12 149 -0.0031
12 150 0.03187
12 151 0.0637
12 152 0.01804
12 153 -0.08326
12 154 -0.10136
12 155 0.0842
12 156 0.05056
12 157 0.04225
12 158 -0.0143
12 159 0.05189
12 160 -0.11965
12 161 -0.01892
12 162 -0.14713
12 163 -0.07098
12 164 0.06713
12 165 0.00812
12 166 -0.06315
12 167 -0.02348
12 168 -0.02342
12 169 0.06984
12 170 -0.0212
12 171 0.01393
12 172 0.03024
12 173 0.0241
12 174 -0.04342
12 175 0.0234
12 176 0.05245
12 177 0.0207
12 178 -0.01223
12 179 -0.01789
12 180 -0.06661
12 181 -0.05985
12 182 -0.05054
12 183 0.04017
12 184 0.0254
12 185 0.02173
12 186 -0.01902
12 187 0.07577
12 188 0.01332
12 189 -0.00021
12 190 -0.00028
12 191 0.07703
12 192 0.00714
12 193 0.10816
12 194 0.09719
12 195 0.06668
12 196 -0.036
12 197 0.08621
12 198 0.04403
12 199 0.01955
12 200 0.02586
12 201 -0.03529
12 202 0.04326
12 203 0.00649
12 204 0.07149
12 205 -0.00129
12 206 -0.00928
12 207 -0.05362
12 208 0.04061
12 209 0.0542
12 210 -0.00014
12 211 0.02639
12 212 0.08228
12 213 0.07223
12 214 -0.0379
12 215 -0.0736
12 216 0.08495
12 217 -0.03166
12 218 0.13377
12 219 -0.01454
12 220 -0.01165
12 221 0.09059
12 222 0.02616
12 223 -0.01322
12 224 -0.01919
12 225 -0.03356
12 226 -0.05404
12 227 0.05018
12 228 0.02243
12 229 -0.06943
12 230 0.02391
12 231 -0.03864
12 232 -0.01448
12 233 0.05532
12 234 0.0697
12 235 -0.11823
12 236 0.0003
12 237 0.04385
12 238 -0.02678
12 239 0.06705
12 240 -0.00104
12 241 -0.00063
12 242 -0.03001
12 243 0.01879
12 244 -0.0163
12 245 0.03281
12 246 -0.06442
12 247 -0.06457
12 248 -0.19937
12 249 0.01066
12 250 0.10943
12 251 -0.09917
12 252 -0.02121
12 253 0.09769
12 254 0.07404
12 255 -0.05109
12 256 0.01012
12 257 0.14668
12 258 -0.04003
12 259 -0.08115
12 260 -0.13897
12 261 -0.03922
12 262 -0.01079
12 263 -0.01462
12 264 0.06685
12 265 -0.06411
12 266 0.02397
12 267 -0.03605
12 268 0.02198
12 269 -0.08758
12 270 -0.00995
12 271 0.06336
12 272 -0.03383
12 273 0.02778
12 274 -0.04032
12 275 -0.01852
12 276 -0.05449
12 277 -0.03743
12 278 -0.04543
12 279 -0.1043
12 280 -0.06373
12 281 -0.00527
12 282 0.04632
12 283 0.08454
12 284 -0.05837
12 285 -0.10384
12 286 0.01949
12 287 0.09715
12 288 0.02098
12 289 0.00756
12 290 -0.0462
12 291 -0.01881
12 292 -0.01477
12 293 0.03269
12 294 0.02444
12 295 0.03008
12 296 0.01234
12 297 0.03922
12 298 0.06795
12 299 0.03462
13 14 -0.05526
13 15 -0.05098
13 16 0.00715
13 17 -0.04923
13 18 -0.0905
13 19 0.00247
13 20 -0.04826
13 21 0.02581
13 22 -0.11216
13 23 0.10203
13 24 -0.03543
13 25 -0.00914
13 26 -0.03006
13 27 0.02834
13 28 0.06582
13 29 -0.07172
13 30 -0.00893
13 31 0.04526
13 32 0.01095
13 33 0.07338
13 34 -0.00098
13 35 -0.03938
13 36 -0.01553
13 37 -0.17733
13 38 0.06845
13 39 0.02189
13 40 -0.01663
13 41 -0.03058
13 42 -0.11763
13 43 0.07886
13 44 -0.03783
13 45 0.06768
13 46 0.05097
13 47 -0.03725
13 48 0.05219
13 49 0.07336
13 50 0.01238
13 51 -0.06553
13 52 -0.04993
13 53 -0.02345
13 54 0.08037
13 55 -0.20109
13 56 0.10502
13 57 0.0002
13 58 0.03985
13 59 -0.14432
13 60 0.06712
13 61 -0.13354
13 62 0.03469
13 63 0.03901
13 64 0.03236
13 65 0.08921
13 66 0.03289
13 67 0.06186
13 68 0.04955
13 69 -0.02085
13 70 0.02175
13 71 0.11691
13 72 -0.03556
13 73 -0.01806
13 74 0.02512
13 75 0.07841
13 76 -0.03527
13 77 -0.09406
13 78 -0.07268
13 79 0.0378
13 80 -0.03661
13 81 -0.06319
13 82 0.01411
13 83 0.00186
13 84 -0.07072
13 85 -0.00499
13 86 0.08354
13 87 0.04368
13 88 0.03094
13 89 -0.10021
13 90 -0.06454
13 91 -0.01871
13 92 -0.09514
13 93 0.03531
13 94 -0.02557
13 95 0.04919
13 96 -0.03838
13 97 0.03451
13 98 -0.01625
13 99 0.00886
13 100 -0.1033
13 101 0.00682
13 102 -0.02734
13 103 -0.1034
13 104 0.05545
13 105 0.05418
13 106 -0.11751
13 107 -0.12084
13 108 0.02311
13 109 -0.00017
13 110 -0.02758
13 111 -0.0192
13 112 -0.03034
13 113 0.00679
13 114 0.04428
13 115 0.03647
13 116 -0.04051
13 117 -0.00158
13 118 -0.03737
13 119 0.0316
13 120 0.0606
13 121 0.01235
13 122 -0.09018
13 123 0.07371
13 124 -0.05229
13 125 -0.03255
13 126 0.06779
13 127 0.04629
13 128 0.00253
13 129 -0.01767
13 130 -0.01851
13 131 0.10703
13 132 0.09894
13 133 0.11311
13 134 -0.03778
13 135 -0.00313
13 136 -0.02925
13 137 -0.02996
13 138 -0.0396
13 139 -0.01323
13 140 0.04043
13 141 -0.10956
13 142 -0.04138
13 143 -0.01416
13 144 -0.0136
13 145 -0.06368
13 146 0.01804
13 147 0.01961
13 148 -0.03652
13 149 0.05214
13 150 -0.13288
13 151 0.07644
13 152 -0.06948
13 153 0.04202
13 154 -0.15393
13 155 -0.08933
13 156 -0.06585
13 157 0.05851
13 158 0.00332
13 159 0.02003
13 160 0.04367
13 161 -0.00357
13 162 -0.01524
13 163 -0.02429
13 164 -0.03139
13 165 0.07345
13 166 -0.01222
13 167 -0.0805
13 168 0.08546
13 169 0.02063
13 170 -0.02886
13 171 -0.0011
13 172 -0.00603
13 173 0.04423
13 174 -0.03521
13 175 -0.1269
13 176 0.06668
13 177 -0.03728
13 178 -0.00749
13 179 -0.09305
13 180 -0.02446
13 181 0.00631
13 182 0.00113
13 183 0.05542
13 184 0.00067
13 185 -0.05467
13 186 -0.04945
13 187 0.02212
13 188 -0.17594
13 189 0.09179
13 190 0.08441
13 191 -0.13388
13 192 -0.02647
13 193 0.06692
13 194 -0.00106
13 195 0.07828
13 196 0.0012
13 197 0.02621
13 198 0.04297
13 199 -0.05051
13 200 0.0827
13 201 0.07303
13 202 -0.08587
13 203 0.00528
13 204 -0.02034
13 205 0.00418
13 206 0.06005
13 207 0.00872
13 208 -0.06999
13 209 -0.0936
13 210 0.02793
13 211 0.00687
13 212 0.10103
13 213 0.06056
13 214 -0.06749
13 215 0.09536
13 216 -0.06763
13 217 -0.04329
13 218 -0.00352
13 219 -0.01765
13 220 -0.0133
13 221 0.04988
13 222 -0.0772
13 223 0.02083
13 224 0.12731
13 225 0.09346
13 226 0.08305
13 227 0.01502
13 228 0.09363
13 229 0.07276
13 230 0.07377
13 231 0.02678
13 232 -0.00375
13 233 -0.07498
13 234 0.09879
13 235 -0.05914
13 236 -0.03282
13 237 0.06387
13 238 0.05554
13 239 -0.07571
13 240 -0.10003
13 241 -0.03656
13 242 -0.04135
13 243 0.01207
13 244 -0.04678
13 245 -0.08493
13 246 -0.12119
13 247 0.0408
13 248 0.03773
13 249 -0.00994
13 250 0.00627
13 251 -0.01532
13 252 0.04456
13 253 -0.05074
13 254 0.05536
13 255 -0.0159
13 256 0.01248
13 257 -0.09088
13 258 -0.01116
13 259 -0.09568
13 260 0.10771
13 261 -0.01337
13 262 -0.04557
13 263 -0.06642
13 264 -0.03926
13 265 -0.07285
13 266 -0.02779
13 267 0.05956
13 268 0.09981
13 269 -0.00181
13 270 0.02422
13 271 -0.05639
13 272 0.03253
13 273 0.03622
13 274 0.01263
13 275 -0.03102
13 276 -0.03796
13 277 -0.01377
13 278 -0.06284
13 279 -0.06176
13 280 0.02945
13 281 0.15178
13 282 -0.1114
13 283 -0.02685
13 284 -0.00802
13 285 -0.07612
13 286 0.07757
13 287 -0.00436
13 288 -0.07499
13 289 0.01985
13 290 0.16518
13 291 0.0613
13 292 0.0724
13 293 0.06771
13 294 0.03567
13 295 -0.07776
13 296 -0.00108
13 297 0.04181
13 298 -0.01784
13 299 -0.01091
14 15 0.04241
14 16 0.02475
14 17 0.02056
14 18 -0.01317
14 19 -0.01211
14 20 -0.01501
14 21 0.03916
14 22 0.02253
14 23 -0.02604
14 24 -0.03229
14 25 0.03862
14 26 -0.0312
14 27 0.03228
14 28 0.09079
14 29 0.12885
14 30 -0.02918
14 31 -0.03304
14 32 0.04145
14 33 -0.02269
14 34 0.01602
14 35 0.07356
14 36 0.05934
14 37 0.0481
14 38 -0.0081
14 39 -0.07534
14 40 -0.0771
14 41 -0.06792
14 42 0.07862
14 43 0.07052
14 44 -0.00852
14 45 -0.02288
14 46 -0.10471
14 47 0.10824
14 48 0.10159
14 49 -0.04891
14 50 -0.07139
14 51 0.10733
14 52 0.05637
14 53 0.13071
14 54 0.06067
14 55 0.0207
14 56 0.06002
14 57 -0.01596
14 58 0.00192
14 59 0.01737
14 60 -0.04587
14 61 0.01296
14 62 0.11106
14 63 -0.03206
14 64 -0.013
14 65 0.04284
14 66 0.03006
14 67 0.00238
14 68 0.04093
14 69 0.0529
14 70 0.02787
14 71 0.01304
14 72 -0.03635
14 73 -0.02405
14 74 0.01463
14 75 0.06436
14 76 0.06118
14 77 -0.07979
14 78 -0.09934
14 79 0.02326
14 80 -0.04754
14 81 -0.01196
14 82 0.06653
14 83 0.00734
14 84 -0.03321
14 85 0.0507
14 86 -0.00615
14 87 -0.04239
14 88 0.08929
14 89 0.00641
14 90 0.01132
14 91 0.03475
14 92 -0.05977
14 93 -0.03516
14 94 0.06937
14 95 0.02903
14 96 -0.0099
14 97 0.02736
14 98 -0.0151
14 99 -0.00144
14 100 0.06315
14 101 0.00032
14 102 0.01745
14 103 -0.03105
14 104 -0.08072
14 105 0.08999
14 106 0.06114
14 107 0.03568
14 108 0.03229
14 109 -0.00113
14 110 -0.05109
14 111 -0.01216
14 112 0.05865
14 113 -0.03233
14 114 0.01847
14 115 -0.04619
14 116 -0.01323
14 117 0.06136
14 118 0.02834
14 119 0.00717
14 120 -0.01271
14 121 0.03749
14 122 -0.06151
14 123 -0.09219
14 124 -0.04053
14 125 -0.01935
14 126 -0.09874
14 127 0.01659
14 128 -0.02928
14 129 -0.01054
14 130 0.04061
14 131 0.02641
14 132 0.10468
14 133 -0.01241
14 134 -0.00089
14 135 -0.01083
14 136 -0.01147
14 137 -0.05564
14 138 0.04412
14 139 -0.02207
14 140 0.00986
14 141 0.07228
14 142 -0.07672
14 143 0.04886
14 144 0.0547
14 145 0.06289
14 146 -0.03955
14 147 0.04078
14 148 0.09013
14 149 0.02348
14 150 -0.00716
14 151 -0.04735
14 152 -0.10573
14 153 -0.09197
14 154 -0.06651
14 155 -0.01597
14 156 -0.04551
14 157 -0.05133
14 158 -0.00626
14 159 -0.00664
14 160 0.00665
14 161 -0.01457
14 162 0.04885
14 163 0.08977
14 164 0.04904
14 165 0.013
14 166 -0.07748
14 167 0.00305
14 168 -0.06989
14 169 0.01775
14 170 -0.006
14 171 -0.03994
14 172 -0.03419
14 173 0.06411
14 174 0.03854
14 175 0.01427
14 176 -0.06725
14 177 0.05579
14 178 0.05232
14 179 -0.03654
14 180 0.14661
14 181 -0.01978
14 182 -0.05125
14 183 0.01521
14 184 0.01954
14 185 0.01661
14 186 -0.04357
14 187 0.00905
14 188 -0.08486
14 189 -0.00915
14 190 -0.03914
14 191 0.00103
14 192 -0.05064
14 193 0.02707
14 194 -0.04739
14 195 -0.04382
14 196 0.0289
14 197 0.04674
14 198 -0.07598
14 199 -0.01763
14 200 -0.04645
14 201 0.02239
14 202 -0.15336
14 203 -0.13412
14 204 -0.03908
14 205 0.03118
14 206 0.02174
14 207 0.04944
14 208 0.00341
14 209 0.11528
14 210 0.08225
14 211 0.04399
14 212 -0.11537
14 213 -0.05324
14 214 0.00899
14 215 -0.09632
14 216 0.01986
14 217 -0.14862
14 218 0.0849
14 219 -0.06518
14 220 0.01731
14 221 -0.09734
14 222 0.04016
14 223 0.02914
14 224 0.06832
14 225 0.03192
14 226 -0.06028
14 227 -0.07886
14 228 0.12079
14 229 -0.00257
14 230 0.07239
14 231 -0.03911
14 232 -0.10112
14 233 0.0384
14 234 -0.02168
14 235 0.00333
14 236 0.11242
14 237 -0.04777
14 238 0.0464
14 239 -0.02026
14 240 -0.09639
14 241 -0.04183
14 242 0.04498
14 243 0.07711
14 244 0.0543
14 245 -0.02782
14 246 -0.05739
14 247 -0.02593
14 248 -0.00651
14 249 0.05688
14 250 -0.00206
14 251 -0.01252
14 252 0.0339
14 253 -0.18786
14 254 -0.02356
14 255 0.05894
14 256 0.05116
14 257 0.05104
14 258 -0.04753
14 259 0.00353
14 260 -0.06575
14 261 0.01533
14 262 0.03893
14 263 0.03161
14 264 0.09718
14 265 0.00261
14 266 0.01203
14 267 0.02097
14 268 0.01644
14 269 0.0037
14 270 -0.03362
14 271 -0.14581
14 272 0.03159
14 273 -0.04882
14 274 0.04611
14 275 -0.01473
14 276 -0.08582
14 277 0.06815
14 278 -0.00374
14 279 -0.03896
14 280 0.02144
14 281 -0.00782
14 282 -0.0057
14 283 -0.0048
14 284 0.05125
14 285 0.00534
14 286 0.06548
14 287 0.02564
14 288 -0.01133
14 289 0.06472
14 290 0.09697
14 291 -0.0443
14 292 0.01665
14 293 0.06825
14 294 -0.04627
14 295 0.02506
14 296 0.00858
14 297 -0.01997
14 298 0.00472
14 299 -0.02136
15 16 -0.0276
15 17 -0.04099
15 18 0.02652
15 19 0.01878
15 20 -0.01028
15 21 -0.03984
15 22 0.02369
15 23 -0.02505
15 24 0.01693
15 25 -0.02899
15 26 -0.06495
15 27 -0.01335
15 28 0.01947
15 29 -0.04567
15 30 -0.00119
15 31 0.02913
15 32 -0.09344
15 33 -0.01019
15 34 0.13324
15 35 0.00604
15 36 -0.11082
15 37 -0.02164
15 38 0.02159
15 39 0.0563
15 40 0.00286
15 41 -0.01532
15 42 -0.01053
15 43 0.04525
15 44 0.0486
15 45 -0.01498
15 46 0.03331
15 47 0.08656
15 48 0.00149
15 49 -0.08127
15 50 -0.09565
15 51 0.01011
15 52 -0.06561
15 53 0.02658
15 54 0.08843
15 55 -0.0208
15 56 0.02375
15 57 0.00619
15 58 0.03012
15 59 0.08076
15 60 0.02111
15 61 0.0084
15 62 -0.07007
15 63 -0.01324
15 64 0.08753
15 65 -0.03078
15 66 0.06123
15 67 0.02551
15 68 0.04145
15 69 0.01053
15 70 0.0356
15 71 0.08628
15 72 -0.05506
15 73 0.01138
15 74 0.05288
15 75 -0.00173
15 76 0.03682
15 77 0.13824
15 78 -0.07084
15 79 -0.01381
15 80 -0.11115
15 81 -0.0152
15 82 0.01599
15 83 0.06953
15 84 0.10009
15 85 -0.0469
15 86 -0.06745
15 87 -0.03673
15 88 -0.0671
15 89 0.07586
15 90 -0.09212
15 91 0.05745
15 92 -0.12297
15 93 0.01664
15 94 -0.06371
15 95 0.04754
15 96 -0.00631
15 97 -0.00381
15 98 0.06753
15 99 -0.01977
15 100 0.11295
15 101 -0.00598
15 102 0.02927
15 103 0.00279
15 104 0.0099
15 105 0.02402
15 106 -0.04297
15 107 -0.05811
15 108 0.04511
15 109 0.09081
15 110 -0.00105
15 111 -0.00206
15 112 -0.04432
15 113 -0.00388
15 114 0.0333
15 115 0.03162
15 116 0.02345
15 117 -0.11939
15 118 0.01387
15 119 0.04173
15 120 -0.01999
15 121 -0.00833
15 122 -0.06144
15 123 0.04958
15 124 0.02799
15 125 -0.03049
15 126 -0.071
15 127 0.04167
15 128 -0.0007
15 129 -0.03173
15 130 -0.02185
15 131 0.03199
15 132 0.04381
15 133 -0.07194
15 134 -0.08656
15 135 0.01398
15 136 -0.01047
15 137 0.03034
15 138 -0.00133
15 139 0.00898
15 140 0.04266
15 141 -0.06765
15 142 -0.00086
15 143 0.0236
15 144 0.04783
15 145 0.09032
15 146 0.06316
15 147 0.03265
15 148 -0.10483
15 149 0.05752
15 150 -0.04313
15 151 -0.03168
15 152 0.01585
15 153 -0.0516
15 154 0.06576
15 155 -0.00994
15 156 0.02093
15 157 -0.03981
15 158 0.00332
15 159 -0.01243
15 160 0.00404
15 161 -0.00303
15 162 -0.09873
15 163 0.01503
15 164 -0.06583
15 165 -0.05744
15 166 -0.05169
15 167 0.03415
15 168 -0.02291
15 169 -0.03635
15 170 0.07185
15 171 0.09721
15 172 0.09358
15 173 -0.09684
15 174 -0.10273
15 175 0.0459
15 176 -0.04922
15 177 0.02567
15 178 -0.08894
15 179 0.0163
15 180 0.07579
15 181 -0.00789
15 182 -0.02629
15 183 0.04271
15 184 0.10805
15 185 -0.00911
15 186 0.08121
15 187 -0.0094
15 188 0.05202
15 189 0.01419
15 190 -0.04406
15 191 0.01995
15 192 -0.04985
15 193 0.02501
15 194 -0.07869
15 195 -0.07163
15 196 -0.02997
15 197 0.07681
15 198 -0.0387
15 199 0.01908
15 200 0.0074
15 201 -0.00396
15 202 -0.01326
15 203 0.06158
15 204 0.00032
15 205 -0.05392
15 206 -0.02449
15 207 -0.0368
15 208 -0.00922
15 209 -0.01558
15 210 -0.02466
15 211 0.06112
15 212 -0.07679
15 213 0.02369
15 214 -0.00999
15 215 -0.09407
15 216 0.01157
15 217 -0.04537
15 218 -0.01173
15 219 -0.00173
15 220 -0.10098
15 221 0.04388
15 222 0.0679
15 223 0.14645
15 224 -0.04969
15 225 0.12939
15 226 -0.0125
15 227 0.0478
15 228 0.05761
15 229 -0.07884
15 230 0.01306
15 231 -0.05662
15 232 0.10603
15 233 0.00627
15 234 0.02607
15 235 0.03369
15 236 -0.01955
15 237 -0.07792
15 238 -0.01299
15 239 -0.01185
15 240 0.04607
15 241 0.06273
15 242 -0.08597
15 243 -0.0508
15 244 0.03198
15 245 -0.04623
15 246 -0.00281
15 247 -0.11217
15 248 0.04935
15 249 0.08608
15 250 0.02372
15 251 -0.04199
15 252 -0.11119
15 253 -0.01646
15 254 0.02279
15 255 -0.0049
15 256 -0.1314
15 257 -0.01749
15 258 0.0869
15 259 -0.03036
15 260 -0.03257
15 261 0.00172
15 262 0.00768
15 263 -0.05298
15 264 -0.02525
15 265 -0.06422
15 266 0.05885
15 267 -0.09676
15 268 0.04953
15 269 -0.03425
15 270 -0.06111
15 271 0.0348
15 272 0.02977
15 273 0.00877
15 274 0.0586
15 275 -0.04495
15 276 0.00276
15 277 0.0571
15 278 0.06556
15 279 -0.00401
15 280 0.07909
15 281 0.00936
15 282 -0.0316
15 283 0.00198
15 284 0.02734
15 285 -0.06276
15 286 0.06504
15 287 -0.02663
15 288 0.055
15 289 0.05203
15 290 -0.05132
15 291 -0.01395
15 292 0.05717
15 293 -0.03887
15 294 0.00203
15 295 -0.06655
15 296 -0.05171
15 297 0.02753
15 298 -0.07161
15 299 -0.08283
16 17 -0.06289
16 18 -0.05457
16 19 -0.04976
16 20 -0.00493
16 21 -0.00884
16 22 0.02592
16 23 0.00971
16 24 0.14862
16 25 -0.00187
16 26 -0.07189
16 27 -0.05604
16 28 -0.0309
16 29 -0.03028
16 30 0.04198
16 31 0.0376
16 32 0.05389
16 33 -0.00808
16 34 0.00595
16 35 0.00936
16 36 0.01051
16 37 -0.05655
16 38 -0.07676
16 39 -0.04368
16 40 0.11019
16 41 -0.0601
16 42 -0.04071
16 43 0.06717
16 44 0.03471
16 45 0.00688
16 46 0.02825
16 47 0.00498
16 48 0.05799
16 49 0.026
16 50 0.01593
16 51 0.03316
16 52 -0.04238
16 53 -0.02261
16 54 0.0252
16 55 0.04524
16 56 0.04303
16 57 -0.00273
16 58 0.00656
16 59 -0.05051
16 60 0.00981
16 61 -0.02557
16 62 -0.01157
16 63 0.10653
16 64 -0.06597
16 65 -0.0081
16 66 -0.01202
16 67 0.00319
16 68 -0.02715
16 69 0.07796
16 70 0.06761
16 71 0.02047
16 72 0.00386
16 73 -0.07394
16 74 -0.05206
16 75 -0.07287
16 76 -0.03676
16 77 -0.07214
16 78 -0.01287
16 79 -0.0558
16 80 0.07529
16 81 -0.03671
16 82 0.1018
16 83 0.05548
16 84 -0.01242
16 85 -0.00068
16 86 -0.0268
16 87 -0.0344
16 88 0.00684
16 89 -0.1108
16 90 0.03413
16 91 -0.03131
16 92 -0.07968
16 93 -0.02698
16 94 -0.01097
16 95 -0.02791
16 96 0.1622
16 97 0.05641
16 98 -0.01677
16 99 -0.04558
16 100 -0.03519
16 101 0.04196
16 102 -0.08693
16 103 0.01237
16 104 -0.00741
16 105 0.0642
16 106 0.01483
16 107 -0.13882
16 108 -0.00669
16 109 0.06931
16 110 0.09614
16 111 -0.01707
16 112 0.12482
16 113 0.06824
16 114 -0.03078
16 115 -0.04763
16 116 0.03083
16 117 0.05768
16 118 0.01931
16 119 -0.17046
16 120 0.07345
16 121 0.0418
16 122 0.08467
16 123 -0.10871
16 124 -0.03668
16 125 0.04354
16 126 0.03395
16 127 0.00888
16 128 -0.03984
16 129 0.07018
16 130 0.01064
16 131 -0.02812
16 132 -0.01271
16 133 0.02921
16 134 0.00374
16 135 -0.01707
16 136 0.0053
16 137 -0.00812
16 138 -0.05639
16 139 0.06449
16 140 -0.013
16 141 0.07242
16 142 0.03157
16 143 0.11159
16 144 -0.09462
16 145 0.05733
16 146 0.06214
16 147 -0.04641
16 148 -0.04164
16 149 -0.06954
16 150 -0.01278
16 151 -0.08153
16 152 -0.04654
16 153 0.07328
16 154 -0.06936
16 155 0.00143
16 156 0.05263
16 157 -0.06233
16 158 -0.00072
16 159 0.06632
16 160 0.02357
16 161 -0.0047
16 162 0.01649
16 163 0.02995
16 164 0.01047
16 165 -0.00268
16 166 0.00742
16 167 0.04555
16 168 -0.0673
16 169 -0.01024
16 170 -0.05557
16 171 0.05965
16 172 0.10314
16 173 0.02195
16 174 -0.01456
16 175 0.02811
16 176 -0.04915
16 177 0.09829
16 178 0.04883
16 179 -0.10155
16 180 -0.00053
16 181 0.06572
16 182 0.05943
16 183 -0.0663
16 184 0.07595
16 185 0.05045
16 186 -0.00927
16 187 0.00822
16 188 -0.0435
16 189 -0.02254
16 190 -0.02504
16 191 -0.04398
16 192 0.00766
16 193 0.04809
16 194 0.11157
16 195 0.03035
16 196 0.0015
16 197 0.0174
16 198 0.0834
16 199 0.0711
16 200 0.03334
16 201 -0.11934
16 202 0.04389
16 203 -0.06114
16 204 0.04968
16 205 0.0288
16 206 0.01486
16 207 0.05508
16 208 -0.06767
16 209 0.09767
16 210 -0.03181
16 211 -0.07615
16 212 0.04039
16 213 0.0882
16 214 -0.01279
16 215 -0.01442
16 216 0.00934
16 217 0.04547
16 218 0.03694
16 219 -0.01984
16 220 -0.02567
16 221 0.01636
16 222 -0.0736
16 223 0.00992
16 224 -0.08321
16 225 0.02797
16 226 0.05608
16 227 -0.05216
16 228 -0.00464
16 229 0.08496
16 230 -0.0428
16 231 0.01377
16 232 -0.07114
16 233 -0.04913
16 234 -0.04076
16 235 -0.09619
16 236 0.01555
16 237 0.10476
16 238 -0.06432
16 239 0.10576
16 240 -0.02885
16 241 0.048
16 242 -0.0351
16 243 0.00138
16 244 -0.04252
16 245 0.05183
16 246 -0.04417
16 247 -0.00145
16 248 -0.02777
16 249 -0.03036
16 250 -0.00773
16 251 0.00484
16 252 -0.08124
16 253 -0.05976
16 254 0.01178
16 255 0.03519
16 256 -0.12288
16 257 0.0106
16 258 0.03264
16 259 0.0297
16 260 -0.00137
16 261 -0.01146
16 262 -0.00686
16 263 0.00488
16 264 0.01576
16 265 -0.02262
16 266 -0.00882
16 267 0.06793
16 268 0.05962
16 269 -0.09889
16 270 -0.05637
16 271 -0.05767
16 272 -0.0121
16 273 -0.10604
16 274 0.07432
16 275 -0.03744
16 276 -0.02496
16 277 -0.06718
16 278 0.01066
16 279 -0.02967
16 280 0.02943
16 281 0.03086
16 282 0.04439
16 283 0.01872
16 284 -0.01832
16 285 0.0918
16 286 0.11032
16 287 0.04799
16 288 0.06911
16 289 -0.02759
16 290 -0.07698
16 291 -0.01131
16 292 -0.10034
16 293 0.01114
16 294 -0.09325
16 295 -0.10101
16 296 0.01967
16 297 -0.03593
16 298 -0.03975
16 299 -0.04347
17 18 0.0319
17 19 -0.05704
17 20 -0.01346
17 21 -0.00323
17 22 -0.07022
17 23 0.02662
17 24 -0.07826
17 25 -0.07071
17 26 0.03978
17 27 -0.04378
17 28 -0.06015
17 29 0.0076
17 30 0.01846
17 31 0.07019
17 32 -0.00356
17 33 -0.00861
17 34 -0.06715
17 35 0.02117
17 36 -0.02868
17 37 -0.09182
17 38 -0.00441
17 39 0.01892
17 40 -0.08449
17 41 0.01502
17 42 -0.01216
17 43 0.03931
17 44 -0.0621
17 45 0.06249
17 46 -0.04453
17 47 -0.02078
17 48 -0.08149
17 49 0.03771
17 50 0.01446
17 51 0.11979
17 52 0.01491
17 53 0.0225
17 54 0.05773
17 55 -0.05783
17 56 0.02547
17 57 -0.00949
17 58 -0.06444
17 59 -0.07974
17 60 -0.06471
17 61 0.02883
17 62 -0.03047
17 63 -0.02228
17 64 0.04436
17 65 0.02468
17 66 0.14459
17 67 0.03758
17 68 0.02243
17 69 0.12398
17 70 -0.0287
17 71 0.03116
17 72 -0.04978
17 73 -0.03134
17 74 -0.05116
17 75 -0.07166
17 76 -0.00679
17 77 0.03695
17 78 0.02334
17 79 -0.00418
17 80 -0.08146
17 81 0.03492
17 82 0.0151
17 83 -0.04585
17 84 -0.10261
17 85 0.00542
17 86 -0.10714
17 87 -0.03043
17 88 -0.02335
17 89 -0.06706
17 90 -0.13179
17 91 -0.05428
17 92 -0.02017
17 93 0.01191
17 94 -0.07183
17 95 0.04152
17 96 -0.00691
17 97 0.02804
17 98 -0.10338
17 99 0.09606
17 100 -0.06094
17 101 -0.05087
17 102 0.04118
17 103 0.02752
17 104 -0.02173
17 105 0.02068
17 106 -0.06957
17 107 -0.08227
17 108 -0.07425
17 109 -0.07519
17 110 0.07042
17 111 0.04205
17 112 0.02159
17 113 -0.04345
17 114 -0.01769
17 115 0.01729
17 116 0.02322
17 117 0.11559
17 118 -0.03344
17 119 0.08751
17 120 0.06057
17 121 -0.09639
17 122 -0.03114
17 123 -0.1317
17 124 -0.06867
17 125 -0.05016
17 126 0.06246
17 127 0.06106
17 128 0.03651
17 129 0.0465
17 130 -0.0791
17 131 -0.00616
17 132 0.00821
17 133 0.01807
17 134 0.12194
17 135 0.04985
17 136 -0.077
17 137 0.0197
17 138 0.02628
17 139 0.02672
17 140 -0.07365
17 141 -0.03936
17 142 -0.04916
17 143 0.08056
17 144 0.03826
17 145 -0.12974
17 146 0.08333
17 147 0.08159
17 148 0.08238
17 149 0.02498
17 150 0.02788
17 151 0.09014
17 152 -0.00537
17 153 0.0372
17 154 -0.08548
17 155 0.00414
17 156 0.00213
17 157 0.02597
17 158 0.01345
17 159 0.08451
17 160 -0.05522
17 161 -0.05844
17 162 -0.01407
17 163 -0.04306
17 164 0.00801
17 165 -0.12006
17 166 0.00647
17 167 0.04512
17 168 0.04855
17 169 0.07482
17 170 -0.00759
17 171 0.02234
17 172 -0.02459
17 173 0.02067
17 174 -0.00585
17 175 0.12018
17 176 0.03099
17 177 0.0614
17 178 -0.06437
17 179 0.01649
17 180 0.07839
17 181 -0.05099
17 182 -0.03711
17 183 0.03795
17 184 -0.00691
17 185 -0.02576
17 186 -0.02143
17 187 -0.02479
17 188 -0.01907
17 189 -0.10089
17 190 0.01689
17 191 0.00988
17 192 0.00747
17 193 -0.06745
17 194 -0.01891
17 195 -0.01595
17 196 -0.03782
17 197 -0.02078
17 198 0.01236
17 199 -0.05789
17 200 -0.00862
17 201 0.07982
17 202 0.11047
17 203 0.00403
17 204 -0.01759
17 205 -0.01513
17 206 0.02547
17 207 -0.0529
17 208 -0.03751
17 209 0.04643
17 210 -0.01439
17 211 0.03421
17 212 -0.05595
17 213 -0.036
17 214 0.03422
17 215 -0.07082
17 216 -0.0169
17 217 0.1384
17 218 0.01725
17 219 -0.07239
17 220 0.14378
17 221 0.03923
17 222 0.08869
17 223 0.04388
17 224 0.04999
17 225 0.01582
17 226 -0.01988
17 227 -0.02973
17 228 -0.01891
17 229 0.0258
17 230 0.02605
17 231 0.143
17 232 0.00311
17 233 -0.00306
17 234 0.07957
17 235 0.10079
17 236 -0.04039
17 237 -0.03324
17 238 0.0011
17 239 0.08743
17 240 0.03313
17 241 -0.04181
17 242 -0.05053
17 243 -0.042
17 244 0.0132
17 245 -0.06408
17 246 -0.03936
17 247 0.00009
17 248 -0.09603
17 249 0.01965
17 250 0.06905
17 251 0.05376
17 252 -0.15936
17 253 -0.02465
17 254 -0.06668
17 255 0.02403
17 256 0.11909
17 257 0.02832
17 258 -0.03817
17 259 0.12219
17 260 0.02946
17 261 0.04684
17 262 0.03825
17 263 0.03385
17 264 -0.00172
17 265 0.0403
17 266 -0.12929
17 267 0.00443
17 268 0.04757
17 269 -0.08077
17 270 -0.05651
17 271 0.03984
17 272 -0.05126
17 273 0.00096
17 274 0.05928
17 275 0.09789
17 276 -0.0603
17 277 -0.06474
17 278 -0.03947
17 279 0.00649
17 280 0.04802
17 281 -0.14017
17 282 -0.06594
17 283 -0.00313
17 284 -0.07252
17 285 0.00401
17 286 0.13812
17 287 -0.02397
17 288 0.00714
17 289 -0.0075
17 290 -0.1032
17 291 -0.04367
17 292 0.02089
17 293 -0.07524
17 294 0.05426
17 295 0.08581
17 296 -0.06686
17 297 -0.02806
17 298 -0.05028
17 299 -0.00508
18 19 -0.12036
18 20 -0.01853
18 21 0.09633
18 22 -0.1065
18 23 -0.00383
18 24 0.05631
18 25 0.04345
18 26 0.0427
18 27 -0.03706
18 28 0.01094
18 29 -0.06587
18 30 -0.00766
18 31 0.10265
18 32 -0.09679
18 33 -0.00397
18 34 0.03978
18 35 0.01021
18 36 0.0118
18 37 0.06765
18 38 -0.0134
18 39 0.08183
18 40 0.0296
18 41 -0.08916
18 42 0.05217
18 43 -0.13215
18 44 -0.02674
18 45 -0.10219
18 46 0.01927
18 47 -0.0837
18 48 -0.07322
18 49 -0.02153
18 50 -0.06087
18 51 0.06419
18 52 0.09076
18 53 0.02673
18 54 -0.15157
18 55 -0.0137
18 56 0.01339
18 57 0.02047
18 58 0.02465
18 59 0.01132
18 60 0.00296
18 61 0.02815
18 62 0.02001
18 63 -0.07124
18 64 0.00264
18 65 -0.10449
18 66 0.04023
18 67 0.00306
18 68 -0.02449
18 69 -0.03882
18 70 0.04451
18 71 -0.1437
18 72 0.02597
18 73 0.02117
18 74 -0.11539
18 75 -0.04177
18 76 0.00305
18 77 -0.09547
18 78 0.04737
18 79 0.04605
18 80 0.08454
18 81 -0.06543
18 82 -0.04
18 83 -0.0175
18 84 0.03141
18 85 -0.01519
18 86 0.03869
18 87 0.01234
18 88 0.08805
18 89 0.09233
18 90 0.11939
18 91 -0.0833
18 92 0.01103
18 93 0.02145
18 94 0.00407
18 95 -0.10509
18 96 0.03644
18 97 0.0329
18 98 -0.01477
18 99 -0.00148
18 100 -0.06547
18 101 -0.00329
18 102 0.04912
18 103 0.00557
18 104 0.01166
18 105 -0.01728
18 106 0.06015
18 107 -0.00145
18 108 0.00052
18 109 -0.104
18 110 0.10269
18 111 -0.00783
18 112 -0.04421
18 113 0.09095
18 114 -0.04329
18 115 -0.01939
18 116 0.08034
18 117 -0.00001
18 118 -0.11989
18 119 -0.03033
18 120 0.05264
18 121 0.08628
18 122 -0.01116
18 123 -0.04768
18 124 -0.05213
18 125 0.05919
18 126 0.02221
18 127 -0.01854
18 128 -0.05408
18 129 -0.08582
18 130 -0.01891
18 131 -0.06401
18 132 -0.02231
18 133 0.03626
18 134 0.05276
18 135 0.05541
18 136 -0.03573
18 137 -0.08029
18 138 0.03286
18 139 0.0249
18 140 0.02524
18 141 0.02638
18 142 0.04605
18 143 0.00754
18 144 0.00406
18 145 0.02733
18 146 0.04991
18 147 -0.04441
18 148 -0.05351
18 149 0.02771
18 150 0.02645
18 151 0.01185
18 152 -0.08485
18 153 0.03061
18 154 0.0359
18 155 -0.05159
18 156 -0.06344
18 157 0.06582
18 158 -0.01448
18 159 0.00783
18 160 -0.03076
18 161 0.0534
18 162 0.06055
18 163 0.07048
18 164 -0.00342
18 165 -0.05095
18 166 -0.07909
18 167 0.01412
18 168 -0.08354
18 169 0.04026
18 170 0.01129
18 171 -0.01444
18 172 0.14459
18 173 -0.09421
18 174 -0.07838
18 175 0.05444
18 176 -0.01918
18 177 -0.06279
18 178 -0.05046
18 179 -0.10756
18 180 -0.02042
18 181 -0.02438
18 182 0.05904
18 183 -0.00508
18 184 -0.09321
18 185 0.11717
18 186 0.06191
18 187 -0.03709
18 188 0.02258
18 189 0.05205
18 190 -0.00597
18 191 -0.04671
18 192 -0.05488
18 193 0.04346
18 194 -0.06256
18 195 0.03404
18 196 -0.09897
18 197 -0.0113
18 198 -0.06355
18 199 -0.02634
18 200 -0.07062
18 201 0.00288
18 202 -0.07808
18 203 -0.01419
18 204 0.01275
18 205 0.02457
18 206 -0.00901
18 207 0.0201
18 208 0.04101
18 209 -0.08842
18 210 0.05496
18 211 0.05731
18 212 -0.05079
18 213 -0.01144
18 214 -0.03826
18 215 -0.03535
18 216 0.04135
18 217 -0.03364
18 218 0.01472
18 219 -0.04186
18 220 0.01934
18 221 -0.09103
18 222 -0.00448
18 223 0.00497
18 224 0.01989
18 225 -0.02129
18 226 -0.05686
18 227 0.09585
18 228 -0.0663
18 229 -0.02309
18 230 0.07091
18 231 0.05108
18 232 -0.05801
18 233 0.11998
18 234 0.02213
18 235 -0.02297
18 236 0.01575
18 237 -0.04148
18 238 0.03415
18 239 -0.04408
18 240 0.07649
18 241 -0.05425
18 242 -0.1081
18 243 0.04682
18 244 0.01941
18 245 0.02569
18 246 0.01044
18 247 -0.00403
18 248 0.01746
18 249 0.05856
18 250 0.00721
18 251 0.00068
18 252 0.03768
18 253 -0.09781
18 254 -0.09922
18 255 -0.0357
18 256 -0.07936
18 257 -0.0838
18 258 0.07924
18 259 -0.01216
18 260 -0.03712
18 261 -0.03847
18 262 -0.05659
18 263 -0.05701
18 264 -0.05211
18 265 0.02679
18 266 0.02724
18 267 0.03369
18 268 -0.01438
18 269 -0.08037
18 270 0.03206
18 271 0.10276
18 272 -0.01139
18 273 0.04487
18 274 -0.1175
18 275 -0.09325
18 276 -0.01757
18 277 0.08838
18 278 0.01731
18 279 0.01102
18 280 0.08599
18 281 -0.05467
18 282 -0.0978
18 283 -0.01085
18 284 -0.00407
18 285 -0.0233
18 286 -0.07556
18 287 -0.00806
18 288 0.0588
18 289 -0.06325
18 290 -0.04955
18 291 0.04333
18 292 -0.06071
18 293 0.09128
18 294 0.02514
18 295 -0.03739
18 296 0.013
18 297 -0.08405
18 298 0.06315
18 299 0.07235
19 20 -0.02584
19 21 -0.01893
19 22 0.02232
19 23 -0.06003
19 24 -0.05863
19 25 -0.16124
19 26 -0.05614
19 27 0.03415
19 28 -0.06033
19 29 -0.05372
19 30 0.15826
19 31 -0.02829
19 32 -0.04356
19 33 0.0627
19 34 0.07438
19 35 -0.09861
19 36 0.00565
19 37 -0.01256
19 38 0.0391
19 39 -0.01843
19 40 -0.01763
19 41 0.04933
19 42 -0.05847
19 43 0.02674
19 44 -0.08832
19 45 0.01807
19 46 -0.01689
19 47 -0.00416
19 48 0.06847
19 49 -0.05955
19 50 -0.05805
19 51 -0.00107
19 52 -0.00171
19 53 -0.03592
19 54 0.00396
19 55 -0.08128
19 56 0.00304
19 57 -0.09852
19 58 -0.00299
19 59 0.0078
19 60 0.05837
19 61 0.02676
19 62 0.01778
19 63 0.00933
19 64 -0.05712
19 65 0.05513
19 66 0.02966
19 67 0.13354
19 68 0.01455
19 69 -0.02351
19 70 -0.02669
19 71 -0.05592
19 72 -0.03754
19 73 -0.02341
19 74 0.05346
19 75 0.00393
19 76 -0.01075
19 77 -0.03787
19 78 -0.01457
19 79 -0.04538
19 80 0.02566
19 81 -0.04766
19 82 0.0103
19 83 -0.00355
19 84 -0.01787
19 85 -0.01871
19 86 0.0911
19 87 -0.0877
19 88 0.03364
19 89 0.02622
19 90 -0.03614
19 91 -0.04045
19 92 0.04659
19 93 0.02837
19 94 -0.04998
19 95 0.06351
19 96 0.13121
19 97 -0.06346
19 98 0.04726
19 99 -0.04135
19 100 -0.04293
19 101 -0.01492
19 102 -0.04076
19 103 0.01072
19 104 0.00295
19 105 0.03071
19 106 0.04617
19 107 0.00339
19 108 0.01231
19 109 0.00505
19 110 0.11806
19 111 0.0305
19 112 0.12078
19 113 -0.02292
19 114 -0.05002
19 115 0.07365
19 116 0.08194
19 117 0.04745
19 118 0.01978
19 119 -0.05403
19 120 -0.03057
19 121 -0.04687
19 122 0.09669
19 123 0.00279
19 124 0.02665
19 125 0.08231
19 126 0.00493
19 127 -0.04857
19 128 -0.03717
19 129 0.04747
19 130 0.03599
19 131 0.03305
19 132 0.03259
19 133 0.03751
19 134 -0.02259
19 135 0.12264
19 136 -0.02664
19 137 0.07232
19 138 -0.0568
19 139 0.05661
19 140 -0.05077
19 141 0.05986
19 142 0.03962
19 143 -0.05449
19 144 -0.03635
19 145 0.01853
19 146 0.01931
19 147 0.09637
19 148 -0.08556
19 149 -0.00959
19 150 0.01809
19 151 -0.02144
19 152 0.11175
19 153 -0.05996
19 154 -0.03086
19 155 0.02509
19 156 0.02183
19 157 -0.11333
19 158 0.01743
19 159 -0.10136
19 160 -0.00881
19 161 0.11985
19 162 0.01567
19 163 0.1238
19 164 0.00348
19 165 -0.0598
19 166 -0.05965
19 167 0.00744
19 168 0.07893
19 169 0.09654
19 170 0.04843
19 171 0.00541
19 172 0.06206
19 173 0.02697
19 174 -0.00177
19 175 0.03217
19 176 -0.01504
19 177 0.01052
19 178 0.0057
19 179 -0.06853
19 180 -0.01363
19 181 -0.05801
19 182 0.11812
19 183 -0.0325
19 184 0.0438
19 185 0.06801
19 186 -0.02917
19 187 -0.04528
19 188 -0.0478
19 189 0.09015
19 190 0.00917
19 191 0.11165
19 192 0.06323
19 193 -0.003
19 194 -0.12735
19 195 -0.04927
19 196 0.09027
19 197 -0.00444
19 198 0.00315
19 199 -0.0075
19 200 0.03094
19 201 0.17875
19 202 -0.00809
19 203 0.08759
19 204 -0.04454
19 205 -0.02939
19 206 0.06317
19 207 0.06868
19 208 0.02175
19 209 -0.0026
19 210 -0.10445
19 211 -0.00164
19 212 0.025
19 213 0.0764
19 214 -0.00563
19 215 0.06914
19 216 0.03027
19 217 0.0712
19 218 -0.04792
19 219 -0.07258
19 220 -0.20263
19 221 -0.07304
19 222 -0.02144
19 223 -0.06853
19 224 0.04355
19 225 0.04542
19 226 -0.03687
19 227 -0.12158
19 228 -0.0205
19 229 -0.00853
19 230 0.12805
19 231 0.00621
19 232 0.0071
19 233 -0.0163
19 234 0.1119
19 235 0.00919
19 236 0.07693
19 237 0.03459
19 238 -0.00814
19 239 0.03169
19 240 -0.01036
19 241 0.02346
19 242 0.07078
19 243 0.07223
19 244 -0.04276
19 245 -0.00128
19 246 -0.05335
19 247 0.04384
19 248 -0.0067
19 249 0.02908
19 250 -0.03212
19 251 -0.03468
19 252 -0.05485
19 253 -0.012
19 254 -0.04734
19 255 -0.13684
19 256 0.07953
19 257 0.01176
19 258 0.05965
19 259 0.0387
19 260 0.04943
19 261 0.10809
19 262 -0.06648
19 263 -0.03499
19 264 -0.09613
19 265 0.10397
19 266 0.06963
19 267 0.02257
19 268 0.02792
19 269 -0.04173
19 270 0.03808
19 271 -0.01383
19 272 -0.00043
19 273 -0.05482
19 274 0.0299
19 275 0.04485
19 276 -0.10756
19 277 -0.04392
19 278 -0.00024
19 279 -0.01805
19 280 -0.02226
19 281 -0.05291
19 282 0.04431
19 283 0.02566
19 284 -0.02832
19 285 -0.12748
19 286 0.09699
19 287 -0.02296
19 288 -0.03592
19 289 0.00451
19 290 -0.01542
19 291 0.07859
19 292 0.08022
19 293 -0.12092
19 294 -0.01264
19 295 -0.0365
19 296 0.05755
19 297 0.00756
19 298 -0.02371
19 299 0.02742
20 21 0.00886
20 22 -0.04128
20 23 0.08839
20 24 -0.03057
20 25 0.01646
20 26 0.07358
20 27 -0.00096
20 28 0.06598
20 29 -0.06698
20 30 -0.00325
20 31 -0.06378
20 32 -0.03759
20 33 0.10925
20 34 0.0702
20 35 0.02345
20 36 -0.04335
20 37 -0.04735
20 38 -0.05779
20 39 -0.02799
20 40 0.00657
20 41 0.0384
20 42 -0.01693
20 43 -0.08928
20 44 -0.07774
20 45 0.07204
20 46 -0.00809
20 47 0.00725
20 48 -0.00146
20 49 0.10456
20 50 -0.00799
20 51 -0.02011
20 52 0.10678
20 53 -0.05947
20 54 0.02068
20 55 -0.05036
20 56 0.10668
20 57 -0.00177
20 58 -0.00938
20 59 -0.02281
20 60 0.05161
20 61 -0.09472
20 62 0.00354
20 63 -0.06378
20 64 0.09875
20 65 -0.05109
20 66 0.0097
20 67 -0.09745
20 68 0.05096
20 69 -0.01404
20 70 0.02578
20 71 -0.05939
20 72 0.11642
20 73 0.11385
20 74 0.00245
20 75 0.09891
20 76 0.05427
20 77 0.08463
20 78 -0.03179
20 79 -0.03173
20 80 0.10382
20 81 0.02032
20 82 0.06422
20 83 -0.05152
20 84 0.02172
20 85 -0.02819
20 86 0.02615
20 87 -0.02084
20 88 -0.08032
20 89 0.06026
20 90 -0.04039
20 91 -0.01346
20 92 -0.03407
20 93 0.05102
20 94 -0.01564
20 95 0.03414
20 96 -0.03873
20 97 0.00088
20 98 0.01805
20 99 0.03855
20 100 0.02242
20 101 0.07923
20 102 -0.00419
20 103 0.02866
20 104 0.00527
20 105 -0.04388
20 106 0.03418
20 107 0.0077
20 108 0.00944
20 109 0.05632
20 110 -0.07204
20 111 -0.07568
20 112 -0.00433
20 113 0.05717
20 114 0.02989
20 115 -0.00274
20 116 0.11421
20 117 -0.08265
20 118 0.00454
20 119 0.04975
20 120 0.00965
20 121 -0.01698
20 122 0.044
20 123 -0.0122
20 124 -0.06509
20 125 0.02619
20 126 -0.10657
20 127 0.0605
20 128 -0.13078
20 129 -0.04116
20 130 0.02757
20 131 -0.01856
20 132 0.03566
20 133 -0.03594
20 134 -0.03402
20 135 0.02978
20 136 -0.03265
20 137 0.00103
20 138 0.11298
20 139 -0.10677
20 140 0.03338
20 141 0.03367
20 142 -0.06512
20 143 0.05246
20 144 -0.07695
20 145 -0.07861
20 146 0.01383
20 147 -0.01437
20 148 0.03792
20 149 0.01867
20 150 0.10879
20 151 0.06321
20 152 -0.01473
20 153 -0.0432
20 154 -0.04368
20 155 -0.02194
20 156 -0.04793
20 157 0.05967
20 158 0.05749
20 159 -0.07503
20 160 0.07029
20 161 -0.0067
20 162 -0.08044
20 163 -0.00426
20 164 -0.00519
20 165 -0.13007
20 166 -0.03759
20 167 0.05011
20 168 0.01207
20 169 -0.01632
20 170 -0.03646
20 171 -0.03517
20 172 0.0858
20 173 -0.00919
20 174 0.05146
20 175 -0.03127
20 176 0.06832
20 177 0.05681
20 178 0.05155
20 179 0.10652
20 180 0.01381
20 181 -0.08538
20 182 0.00287
20 183 0.06673
20 184 -0.01958
20 185 0.01444
20 186 0.03754
20 187 -0.04278
20 188 -0.12181
20 189 0.05052
20 190 -0.03049
20 191 0.01466
20 192 -0.05391
20 193 -0.08031
20 194 0.0019
20 195 0.10733
20 196 -0.06599
20 197 0.03045
20 198 0.02255
20 199 0.08863
20 200 -0.11464
20 201 0.0963
20 202 0.04546
20 203 -0.03132
20 204 0.02249
20 205 0.0143
20 206 0.00659
20 207 0.0518
20 208 -0.04472
20 209 -0.02303
20 210 0.01349
20 211 0.02672
20 212 0.07273
20 213 0.03187
20 214 -0.08426
20 215 0.00982
20 216 0.02934
20 217 0.06241
20 218 -0.01849
20 219 0.06112
20 220 0.07826
20 221 -0.01012
20 222 -0.10172
20 223 0.04419
20 224 0.05403
20 225 -0.02984
20 226 0.02364
20 227 0.11838
20 228 -0.04712
20 229 -0.06576
20 230 -0.10679
20 231 -0.01206
20 232 0.02384
20 233 0.07356
20 234 -0.05126
20 235 0.11982
20 236 0.00323
20 237 -0.00549
20 238 -0.06853
20 239 -0.09372
20 240 0.00847
20 241 -0.01
20 242 -0.03973
20 243 0.17467
20 244 0.06973
20 245 0.05756
20 246 -0.05781
20 247 0.00975
20 248 -0.00918
20 249 0.10689
20 250 -0.05835
20 251 -0.12781
20 252 0.0058
20 253 0.08715
20 254 -0.0033
20 255 -0.03148
20 256 -0.02681
20 257 -0.0454
20 258 -0.0407
20 259 -0.09799
20 260 0.05084
20 261 0.13003
20 262 -0.07298
20 263 -0.01765
20 264 -0.00741
20 265 0.00942
20 266 -0.01783
20 267 -0.00113
20 268 -0.00437
20 269 0.09935
20 270 0.02694
20 271 0.04086
20 272 -0.04344
20 273 -0.04854
20 274 0.01249
20 275 -0.08951
20 276 0.022
20 277 0.00516
20 278 0.02837
20 279 -0.00145
20 280 -0.06103
20 281 -0.00445
20 282 0.0329
20 283 0.05039
20 284 0.05699
20 285 -0.02234
20 286 0.13647
20 287 -0.04914
20 288 -0.03122
20 289 -0.07144
20 290 -0.05461
20 291 0.06001
20 292 0.05613
20 293 -0.05409
20 294 0.03488
20 295 -0.01552
20 296 -0.06939
20 297 0.01838
20 298 -0.02714
20 299 0.061
21 22 0.02525
21 23 0.08649
21 24 -0.01482
21 25 0.12457
21 26 -0.01663
21 27 -0.0196
21 28 -0.04848
21 29 -0.0849
21 30 -0.01742
21 31 -0.04869
21 32 -0.10935
21 33 0.0403
21 34 0.05059
21 35 -0.01631
21 36 -0.03381
21 37 -0.04104
21 38 0.07617
21 39 -0.03604
21 40 -0.04907
21 41 0.01496
21 42 0.004
21 43 -0.01364
21 44 0.00782
21 45 -0.05362
21 46 0.02969
21 47 0.0696
21 48 0.0171
21 49 0.04619
21 50 0.02101
21 51 -0.03523
21 52 -0.01536
21 53 0.08154
21 54 -0.13338
21 55 0.0129
21 56 -0.00861
21 57 -0.01055
21 58 -0.05951
21 59 0.073
21 60 -0.03936
21 61 0.03892
21 62 -0.03093
21 63 -0.04527
21 64 0.00385
21 65 -0.08635
21 66 0.0179
21 67 -0.09553
21 68 0.01296
21 69 -0.05082
21 70 -0.07575
21 71 -0.06958
21 72 0.00588
21 73 -0.04728
21 74 0.0285
21 75 0.00496
21 76 -0.04958
21 77 -0.11857
21 78 -0.13302
21 79 0.077
21 80 -0.02498
21 81 -0.03124
21 82 -0.00437
21 83 0.02059
21 84 -0.05112
21 85 0.13701
21 86 -0.00088
21 87 0.05709
21 88 0.01958
21 89 -0.09249
21 90 -0.08316
21 91 0.03583
21 92 -0.06243
21 93 0.00169
21 94 0.03869
21 95 0.05401
21 96 -0.09396
21 97 -0.05089
21 98 -0.05003
21 99 -0.0173
21 100 0.01826
21 101 -0.0266
21 102 -0.00716
21 103 -0.0444
21 104 -0.07709
21 105 -0.13742
21 106 -0.01565
21 107 0.05126
21 108 -0.01462
21 109 0.02376
21 110 -0.05385
21 111 0.05921
21 112 0.03873
21 113 -0.04231
21 114 0.02837
21 115 0.03037
21 116 -0.02159
21 117 -0.09055
21 118 -0.08224
21 119 -0.07939
21 120 -0.03791
21 121 0.00385
21 122 -0.0561
21 123 0.00871
21 124 0.04817
21 125 0.0454
21 126 -0.04649
21 127 -0.05139
21 128 0.0169
21 129 -0.04003
21 130 -0.06194
21 131 -0.02985
21 132 0.00252
21 133 -0.03626
21 134 0.06713
21 135 0.0963
21 136 0.00191
21 137 0.06822
21 138 -0.1295
21 139 -0.10723
21 140 -0.03458
21 141 0.06086
21 142 0.06336
21 143 0.09514
21 144 -0.02358
21 145 0.09156
21 146 0.01214
21 147 -0.02329
21 148 0.06485
21 149 0.01743
21 150 0.08637
21 151 -0.10112
21 152 0.04337
21 153 0.10471
21 154 -0.02571
21 155 0.02519
21 156 -0.08405
21 157 -0.04127
21 158 -0.07486
21 159 0.04451
21 160 -0.07454
21 161 -0.0139
21 162 -0.05679
21 163 0.05888
21 164 0.06287
21 165 -0.05911
21 166 0.02743
21 167 -0.04379
21 168 0.00515
21 169 -0.01725
21 170 -0.01925
21 171 0.08337
21 172 0.0142
21 173 0.00307
21 174 -0.10246
21 175 0.07998
21 176 0.10446
21 177 0.00652
21 178 -0.01314
21 179 -0.0951
21 180 -0.08219
21 181 0.04337
21 182 0.01832
21 183 -0.04151
21 184 -0.03144
21 185 0.09058
21 186 -0.05134
21 187 -0.02194
21 188 0.07009
21 189 -0.03646
21 190 -0.00205
21 191 -0.02937
21 192 -0.08045
21 193 0.02647
21 194 -0.00592
21 195 0.04477
21 196 -0.02883
21 197 -0.0529
21 198 -0.02992
21 199 0.08562
21 200 -0.04351
21 201 -0.04534
21 202 -0.03139
21 203 -0.05861
21 204 0.00816
21 205 -0.02191
21 206 0.0188
21 207 -0.0193
21 208 -0.05325
21 209 0.01956
21 210 -0.0367
21 211 -0.01106
21 212 -0.06946
21 213 -0.03638
21 214 -0.03743
21 215 -0.00855
21 216 0.00455
21 217 0.013
21 218 -0.03363
21 219 0.08578
21 220 -0.01411
21 221 0.00528
21 222 0.0748
21 223 0.00306
21 224 -0.00316
21 225 0.00827
21 226 -0.03999
21 227 -0.00314
21 228 0.02257
21 229 -0.06483
21 230 -0.08825
21 231 0.11687
21 232 0.02392
21 233 0.05614
21 234 0.03091
21 235 -0.09954
21 236 0.09306
21 237 0.06193
21 238 0.01559
21 239 -0.06614
21 240 -0.07272
21 241 -0.03872
21 242 -0.05749
21 243 0.01899
21 244 0.03339
21 245 0.00437
21 246 0.00495
21 247 -0.08924
21 248 0.05836
21 249 0.03752
21 250 -0.00427
21 251 0.06697
21 252 -0.0904
21 253 0.01207
21 254 0.044
21 255 0.0523
21 256 0.08608
21 257 -0.02277
21 258 -0.01475
21 259 0.07523
21 260 0.05415
21 261 0.02855
21 262 0.02531
21 263 0.00313
21 264 -0.01983
21 265 0.06054
21 266 -0.00032
21 267 -0.09967
21 268 0.03759
21 269 0.08438
21 270 0.07393
21 271 0.1456
21 272 0.02092
21 273 0.03831
21 274 0.02313
21 275 -0.02537
21 276 0.04145
21 277 0.02536
21 278 -0.03206
21 279 -0.05159
21 280 -0.04094
21 281 -0.03849
21 282 0.0856
21 283 -0.06211
21 284 0.06486
21 285 0.0681
21 286 -0.06087
21 287 -0.01673
21 288 -0.02269
21 289 -0.08306
21 290 0.04401
21 291 0.11017
21 292 -0.09776
21 293 0.06442
21 294 -0.03461
21 295 0.0198
21 296 -0.04877
21 297 0.03897
21 298 0.13858
21 299 -0.02231
22 23 -0.04867
22 24 0.01495
22 25 -0.05434
22 26 0.02248
22 27 -0.04068
22 28 0.09943
22 29 0.086
22 30 0.10124
22 31 -0.03651
22 32 0.01934
22 33 0.06004
22 34 -0.01481
22 35 0.03974
22 36 0.01648
22 37 0.00387
22 38 -0.00182
22 39 -0.00964
22 40 -0.00871
22 41 0.04762
22 42 -0.04938
22 43 0.00945
22 44 -0.0477
22 45 0.00441
22 46 0.01791
22 47 -0.06054
22 48 -0.02178
22 49 0.00819
22 50 -0.10711
22 51 0.01051
22 52 -0.01928
22 53 0.0481
22 54 0.02218
22 55 0.02042
22 56 -0.0005
22 57 -0.04624
22 58 -0.04491
22 59 0.01397
22 60 -0.07896
22 61 -0.10402
22 62 -0.02454
22 63 0.01556
22 64 -0.07324
22 65 0.09353
22 66 0.00656
22 67 0.1318
22 68 0.06462
22 69 0.11987
22 70 0.12188
22 71 -0.043
22 72 -0.03323
22 73 -0.07146
22 74 -0.10362
22 75 0.0369
22 76 -0.02766
22 77 0.00134
22 78 -0.12024
22 79 -0.02715
22 80 -0.02606
22 81 -0.05301
22 82 0.03553
22 83 0.05231
22 84 -0.07655
22 85 -0.0382
22 86 -0.03551
22 87 -0.03875
22 88 0.00986
22 89 -0.02678
22 90 -0.09069
22 91 0.04327
22 92 -0.00802
22 93 0.01885
22 94 -0.01585
22 95 0.00638
22 96 -0.0218
22 97 0.07221
22 98 0.00242
22 99 0.06396
22 100 0.06805
22 101 -0.00859
22 102 -0.11061
22 103 0.08583
22 104 -0.08772
22 105 0.03626
22 106 -0.01572
22 107 0.00627
22 108 -0.06463
22 109 -0.03855
22 110 -0.03526
22 111 -0.06593
22 112 -0.00226
22 113 -0.04649
22 114 0.07025
22 115 -0.10389
22 116 -0.03579
22 117 0.07565
22 118 0.0616
22 119 0.0593
22 120 0.00458
22 121 0.05758
22 122 -0.0534
22 123 -0.01743
22 124 -0.07072
22 125 -0.00702
22 126 -0.01297
22 127 -0.048
22 128 0.07268
22 129 -0.04689
22 130 0.00403
22 131 0.05938
22 132 -0.02305
22 133 -0.00815
22 134 -0.12434
22 135 0.06117
22 136 0.03512
22 137 -0.01548
22 138 -0.06636
22 139 -0.0178
22 140 -0.05636
22 141 -0.11168
22 142 0.02838
22 143 0.02054
22 144 0.05472
22 145 -0.0366
22 146 -0.04193
22 147 -0.11643
22 148 -0.0181
22 149 0.01401
22 150 -0.0222
22 151 0.00061
22 152 0.04326
22 153 0.02236
22 154 -0.00833
22 155 0.01268
22 156 -0.01794
22 157 0.01659
22 158 0.04015
22 159 0.1032
22 160 -0.00618
22 161 0.06924
22 162 -0.03949
22 163 0.00518
22 164 0.06102
22 165 -0.01077
22 166 -0.02529
22 167 0.01544
22 168 0.02684
22 169 0.15726
22 170 0.02851
22 171 0.04451
22 172 0.07384
22 173 0.00714
22 174 -0.11304
22 175 0.00419
22 176 0.06384
22 177 -0.09686
22 178 -0.03449
22 179 -0.00846
22 180 0.01594
22 181 0.03484
22 182 -0.08991
22 183 -0.07436
22 184 -0.08932
22 185 -0.00725
22 186 0.01485
22 187 0.01075
22 188 0.05425
22 189 0.05713
22 190 -0.04628
22 191 0.02844
22 192 0.16163
22 193 -0.08662
22 194 -0.01611
22 195 0.07532
22 196 0.05027
22 197 0.01931
22 198 -0.03516
22 199 0.00206
22 200 0.17252
22 201 0.03863
22 202 -0.03296
22 203 -0.04651
22 204 -0.04628
22 205 -0.12324
22 206 0.03079
22 207 0.04036
22 208 -0.00208
22 209 -0.03597
22 210 0.06712
22 211 0.08615
22 212 -0.02965
22 213 0.07384
22 214 0.04217
22 215 -0.00258
22 216 -0.01876
22 217 -0.08726
22 218 0.01661
22 219 -0.06325
22 220 -0.08246
22 221 -0.04011
22 222 -0.07741
22 223 -0.00805
22 224 0.0195
22 225 -0.10584
22 226 0.02596
22 227 0.03064
22 228 0.03728
22 229 0.06104
22 230 -0.01802
22 231 0.04937
22 232 -0.07353
22 233 0.05165
22 234 0.02103
22 235 -0.01608
22 236 -0.04062
22 237 -0.09186
22 238 0.04364
22 239 -0.01907
22 240 0.01251
22 241 -0.06736
22 242 0.07228
22 243 -0.09054
22 244 -0.05106
22 245 0.01505
22 246 -0.06238
22 247 -0.06379
22 248 -0.00578
22 249 0.07189
22 250 0.00915
22 251 -0.00159
22 252 0.04786
22 253 0.0115
22 254 -0.03018
22 255 -0.05495
22 256 -0.06252
22 257 0.08334
22 258 0.02143
22 259 -0.01933
22 260 -0.14261
22 261 -0.03693
22 262 0.01421
22 263 0.0227
22 264 -0.04278
22 265 0.08299
22 266 -0.0001
22 267 0.01909
22 268 0.04094
22 269 -0.20043
22 270 -0.096
22 271 -0.00793
22 272 -0.0476
22 273 -0.05569
22 274 -0.03627
22 275 -0.10382
22 276 0.03096
22 277 -0.13161
22 278 0.016
22 279 0.06987
22 280 0.04353
22 281 0.02431
22 282 -0.03975
22 283 0.03735
22 284 -0.06109
22 285 0.00875
22 286 -0.15094
22 287 0.008
22 288 -0.04122
22 289 -0.04926
22 290 0.02399
22 291 -0.01101
22 292 -0.02758
22 293 0.03239
22 294 -0.01206
22 295 -0.08559
22 296 0.06282
22 297 -0.03455
22 298 -0.04353
22 299 -0.01331
23 24 0.00541
23 25 0.01168
23 26 0.02147
23 27 0.07636
23 28 0.06158
23 29 -0.01294
23 30 -0.01265
23 31 -0.00362
23 32 -0.03837
23 33 -0.04184
23 34 -0.06348
23 35 0.08134
23 36 0.0477
23 37 0.08552
23 38 -0.01928
23 39 -0.00986
23 40 -0.0547
23 41 -0.00605
23 42 -0.05816
23 43 0.00164
23 44 0.11675
23 45 -0.00448
23 46 0.00293
23 47 -0.0531
23 48 0.05602
23 49 0.06402
23 50 0.02032
23 51 -0.07041
23 52 -0.01379
23 53 -0.06538
23 54 0.03897
23 55 0.05635
23 56 -0.05954
23 57 -0.0456
23 58 0.05128
23 59 -0.0662
23 60 0.02677
23 61 -0.0451
23 62 -0.05701
23 63 -0.07272
23 64 0.07381
23 65 -0.02885
23 66 0.05807
23 67 0.00146
23 68 0.07957
23 69 -0.02676
23 70 -0.01538
23 71 0.00957
23 72 0.04406
23 73 0.03217
23 74 0.06274
23 75 -0.0875
23 76 0.0514
23 77 0.07205
23 78 0.06281
23 79 0.01769
23 80 0.02285
23 81 -0.01742
23 82 0.08998
23 83 -0.0564
23 84 0.10268
23 85 0.03993
23 86 -0.01978
23 87 0.09975
23 88 -0.0399
23 89 -0.02768
23 90 0.07593
23 91 0.04826
23 92 -0.02109
23 93 -0.00181
23 94 0.00328
23 95 0.02229
23 96 -0.03853
23 97 -0.00384
23 98 0.01321
23 99 -0.04759
23 100 0.02773
23 101 0.05569
23 102 0.02826
23 103 -0.04004
23 104 -0.03904
23 105 -0.05389
23 106 0.06026
23 107 -0.01757
23 108 0.08238
23 109 0.04255
23 110 0.01736
23 111 0.14468
23 112 -0.03632
23 113 0.00944
23 114 -0.01586
23 115 0.05883
23 116 0.10573
23 117 0.07327
23 118 0.08877
23 119 -0.14632
23 120 -0.02332
23 121 0.00596
23 122 -0.0558
23 123 0.08986
23 124 -0.02692
23 125 -0.02419
23 126 -0.08034
23 127 0.05107
23 128 0.03333
23 129 0.04105
23 130 -0.06379
23 131 0.04202
23 132 0.04952
23 133 -0.00224
23 134 -0.07381
23 135 0.02554
23 136 -0.02633
23 137 -0.05975
23 138 -0.03795
23 139 -0.00703
23 140 0.07628
23 141 -0.00107
23 142 -0.09078
23 143 0.03481
23 144 -0.03866
23 145 0.01981
23 146 -0.1253
23 147 0.06076
23 148 0.02778
23 149 -0.03393
23 150 0.03622
23 151 -0.03502
23 152 0.00664
23 153 -0.07661
23 154 -0.01587
23 155 0.00977
23 156 -0.06094
23 157 0.00747
23 158 -0.06891
23 159 0.01623
23 160 -0.01092
23 161 0.04285
23 162 -0.03202
23 163 0.07203
23 164 -0.03068
23 165 0.02966
23 166 0.02723
23 167 0.07468
23 168 -0.01535
23 169 0.05819
23 170 0.18628
23 171 0.01538
23 172 -0.04354
23 173 0.02778
23 174 0.00648
23 175 -0.04653
23 176 -0.05679
23 177 -0.05599
23 178 -0.00841
23 179 0.02544
23 180 -0.01909
23 181 -0.0232
23 182 -0.01102
23 183 -0.13686
23 184 0.0443
23 185 -0.03333
23 186 0.03395
23 187 -0.02774
23 188 -0.06939
23 189 -0.00252
23 190 -0.0292
23 191 0.02059
23 192 -0.01687
23 193 -0.06265
23 194 -0.05263
23 195 -0.1587
23 196 -0.07738
23 197 0.00125
23 198 -0.00315
23 199 -0.00003
23 200 0.04872
23 201 -0.02888
23 202 0.00655
23 203 -0.00588
23 204 0.02645
23 205 -0.0557
23 206 0.05527
23 207 -0.00763
23 208 -0.0688
23 209 -0.00518
23 210 0.04774
23 211 -0.04262
23 212 -0.02618
23 213 0.01964
23 214 0.0022
23 215 0.03353
23 216 -0.00346
23 217 0.00801
23 218 0.01096
23 219 0.01913
23 220 -0.03007
23 221 -0.18408
23 222 0.05
23 223 0.04957
23 224 -0.04811
23 225 -0.06494
23 226 -0.04095
23 227 0.01653
23 228 0.08351
23 229 -0.01454
23 230 0.0244
23 231 -0.02835
23 232 0.04404
23 233 -0.08408
23 234 -0.04028
23 235 -0.02049
23 236 -0.02815
23 237 -0.11298
23 238 -0.04592
23 239 -0.05966
23 240 -0.16761
23 241 0.02995
23 242 -0.03864
23 243 0.04073
23 244 0.0462
23 245 0.0518
23 246 0.09403
23 247 0.0152
23 248 0.04012
23 249 0.02522
23 250 0.04424
23 251 -0.09512
23 252 -0.01652
23 253 0.0898
23 254 -0.13289
23 255 -0.12584
23 256 0.00495
23 257 0.05078
23 258 -0.00008
23 259 -0.02231
23 260 -0.01928
23 261 0.00558
23 262 0.00172
23 263 -0.00559
23 264 -0.01512
23 265 -0.03958
23 266 -0.01803
23 267 0.06514
23 268 -0.02516
23 269 -0.01822
23 270 -0.04071
23 271 -0.11182
23 272 -0.04068
23 273 0.02182
23 274 -0.04528
23 275 -0.03746
23 276 -0.01132
23 277 0.06685
23 278 0.06452
23 279 -0.08757
23 280 0.02878
23 281 -0.06929
23 282 -0.08661
23 283 0.02044
23 284 0.01911
23 285 0.00922
23 286 -0.0458
23 287 0.10612
23 288 0.04435
23 289 -0.00732
23 290 0.04288
23 291 0.00087
23 292 0.12492
23 293 0.03199
23 294 0.02302
23 295 0.03496
23 296 0.04335
23 297 0.06143
23 298 -0.02748
23 299 0.06868
24 25 0.01784
24 26 -0.05067
24 27 0.0618
24 28 0.0464
24 29 -0.09925
24 30 -0.01125
24 31 0.00255
24 32 0.00174
24 33 0.04105
24 34 -0.02451
24 35 0.01406
24 36 0.0589
24 37 -0.03736
24 38 -0.0755
24 39 0.11715
24 40 -0.01471
24 41 -0.0181
24 42 0.004
24 43 -0.09179
24 44 -0.00032
24 45 -0.0353
24 46 0.05299
24 47 -0.01848
24 48 -0.04812
24 49 -0.03187
24 50 0.06547
24 51 -0.0761
24 52 0.03335
24 53 0.05292
24 54 0.03439
24 55 0.06855
24 56 0.03608
24 57 -0.01883
24 58 -0.10931
24 59 0.01533
24 60 -0.06312
24 61 0.03936
24 62 -0.01368
24 63 0.07085
24 64 0.05576
24 65 -0.01945
24 66 -0.01441
24 67 -0.06723
24 68 -0.09074
24 69 -0.04205
24 70 -0.05237
24 71 -0.01295
24 72 0.0007
24 73 0.00278
24 74 0.07519
24 75 0.08424
24 76 0.12186
24 77 -0.0107
24 78 -0.03758
24 79 -0.01689
24 80 0.01549
24 81 0.05491
24 82 0.00819
24 83 0.00482
24 84 -0.01555
24 85 -0.02699
24 86 0.02221
24 87 0.02107
24 88 -0.05896
24 89 0.07878
24 90 0.063
24 91 0.06063
24 92 -0.03068
24 93 -0.03801
24 94 -0.04102
24 95 0.01242
24 96 -0.00716
24 97 -0.08615
24 98 -0.05692
24 99 0.00506
24 100 -0.13175
24 101 0.02374
24 102 0.05415
24 103 0.06921
24 104 0.08258
24 105 0.00958
24 106 -0.00068
24 107 0.06288
24 108 0.00058
24 109 0.04753
24 110 0.08779
24 111 -0.0162
24 112 -0.0026
24 113 0.08666
24 114 -0.11442
24 115 -0.03988
24 116 0.03015
24 117 0.07945
24 118 0.06794
24 119 -0.01773
24 120 -0.03854
24 121 -0.04023
24 122 0.05216
24 123 -0.02854
24 124 0.0611
24 125 -0.00505
24 126 -0.09168
24 127 0.0854
24 128 0.04753
24 129 -0.02553
24 130 0.02325
24 131 0.04048
24 132 0.0285
24 133 0.08858
24 134 -0.05355
24 135 -0.03416
24 136 0.02481
24 137 -0.0542
24 138 -0.02417
24 139 0.08338
24 140 0.03742
24 141 0.0964
24 142 -0.04202
24 143 0.0373
24 144 -0.0332
24 145 0.08812
24 146 0.07333
24 147 -0.0315
24 148 -0.08332
24 149 0.08524
24 150 -0.02812
24 151 0.05008
24 152 0.10466
24 153 0.04047
24 154 0.00166
24 155 0.04322
24 156 0.05602
24 157 0.04316
24 158 0.01261
24 159 0.06682
24 160 -0.04484
24 161 -0.01228
24 162 0.07497
24 163 0.03219
24 164 -0.09394
24 165 -0.0284
24 166 0.04221
24 167 -0.00859
24 168 -0.03138
24 169 -0.00573
24 170 -0.02389
24 171 -0.00305
24 172 -0.00248
24 173 -0.01577
24 174 -0.04107
24 175 -0.0434
24 176 0.00067
24 177 -0.03606
24 178 0.03977
24 179 0.02151
24 180 -0.06236
24 181 -0.07787
24 182 0.00001
24 183 0.00477
24 184 0.00546
24 185 0.02003
24 186 0.01734
24 187 0.00905
24 188 0.16452
24 189 0.03938
24 190 -0.02293
24 191 -0.03725
24 192 -0.01425
24 193 -0.03134
24 194 0.01124
24 195 0.03271
24 196 0.05775
24 197 -0.09608
24 198 -0.06514
24 199 0.04435
24 200 0.05335
24 201 -0.11345
24 202 0.04395
24 203 0.11911
24 204 0.02736
24 205 0.01559
24 206 0.04374
24 207 -0.00588
24 208 0.0084
24 209 0.02134
24 210 -0.07974
24 211 -0.02327
24 212 -0.16247
24 213 -0.0346
24 214 -0.09283
24 215 -0.00564
24 216 0.02469
24 217 -0.05923
24 218 0.03721
24 219 0.0876
24 220 -0.03328
24 221 0.02798
24 222 0.06752
24 223 0.00297
24 224 -0.03364
24 225 0.02007
24 226 -0.04293
24 227 -0.04746
24 228 -0.08524
24 229 -0.05113
24 230 0.0234
24 231 0.0887
24 232 0.01499
24 233 -0.12641
24 234 -0.05054
24 235 -0.09105
24 236 -0.07948
24 237 0.01882
24 238 0.06828
24 239 0.01046
24 240 0.01696
24 241 -0.02497
24 242 0.12687
24 243 0.06118
24 244 -0.00418
24 245 0.01665
24 246 0.06958
24 247 0.03347
24 248 0.01817
24 249 0.02391
24 250 0.02917
24 251 0.00188
24 252 -0.02631
24 253 0.0938
24 254 -0.00426
24 255 -0.0068
24 256 -0.07676
24 257 0.0069
24 258 -0.12337
24 259 -0.09562
24 260 -0.02404
24 261 0.09028
24 262 -0.00307
24 263 0.02418
24 264 -0.04196
24 265 0.06234
24 266 -0.07675
24 267 -0.09908
24 268 -0.03586
24 269 0.04617
24 270 0.04511
24 271 -0.03327
24 272 -0.013
24 273 0.05077
24 274 0.0764
24 275 -0.02512
24 276 -0.03316
24 277 -0.00466
24 278 -0.00817
24 279 -0.04268
24 280 -0.11083
24 281 -0.06001
24 282 -0.06985
24 283 -0.03032
24 284 0.08529
24 285 -0.08673
24 286 0.00585
24 287 0.00243
24 288 0.07985
24 289 -0.04611
24 290 0.02154
24 291 0.0024
24 292 0.0107
24 293 0.08164
24 294 -0.0304
24 295 -0.02935
24 296 -0.04454
24 297 -0.00536
24 298 -0.02279
24 299 0.02817
25 26 -0.01361
25 27 0.03161
25 28 -0.04748
25 29 0.0721
25 30 -0.0833
25 31 0.07533
25 32 0.04382
25 33 0.05221
25 34 -0.06407
25 35 0.07804
25 36 -0.01129
25 37 -0.01458
25 38 -0.10302
25 39 0.01203
25 40 -0.00794
25 41 -0.1197
25 42 0.02912
25 43 -0.00681
25 44 0.12991
25 45 -0.06248
25 46 0.05957
25 47 0.04164
25 48 0.01754
25 49 0.01392
25 50 0.06431
25 51 -0.04912
25 52 -0.04012
25 53 -0.00155
25 54 -0.10681
25 55 -0.08748
25 56 -0.00921
25 57 0.04691
25 58 -0.03198
25 59 0.11786
25 60 0.00522
25 61 0.03826
25 62 -0.06376
25 63 0.00524
25 64 -0.05709
25 65 0.18406
25 66 -0.05379
25 67 -0.01147
25 68 -0.03461
25 69 -0.01641
25 70 -0.06052
25 71 -0.01744
25 72 -0.02743
25 73 0.05103
25 74 -0.04947
25 75 -0.04961
25 76 0.06053
25 77 0.03716
25 78 -0.04065
25 79 -0.05859
25 80 -0.13088
25 81 0.00657
25 82 -0.02136
25 83 -0.03878
25 84 -0.00815
25 85 -0.02958
25 86 -0.05435
25 87 0.132
25 88 0.00949
25 89 0.15866
25 90 0.07614
25 91 -0.02256
25 92 -0.00182
25 93 -0.04435
25 94 -0.06457
25 95 0.01768
25 96 0.0349
25 97 0.00883
25 98 0.07063
25 99 -0.07533
25 100 0.06158
25 101 0.04744
25 102 0.03419
25 103 -0.11355
25 104 0.03279
25 105 -0.07128
25 106 -0.03639
25 107 0.00005
25 108 -0.03762
25 109 0.00479
25 110 -0.06806
25 111 -0.01134
25 112 -0.05654
25 113 -0.06043
25 114 -0.04944
25 115 -0.05523
25 116 0.04969
25 117 -0.033
25 118 0.04211
25 119 0.0053
25 120 -0.017
25 121 0.12114
25 122 0.04848
25 123 -0.02343
25 124 0.03021
25 125 0.02655
25 126 -0.06683
25 127 0.10036
25 128 0.03899
25 129 -0.00831
25 130 0.09746
25 131 -0.08676
25 132 0.03412
25 133 -0.05001
25 134 0.00208
25 135 -0.03475
25 136 -0.05817
25 137 0.02119
25 138 0.03623
25 139 -0.09725
25 140 -0.01455
25 141 -0.1219
25 142 0.02183
25 143 -0.07151
25 144 -0.1022
25 145 -0.00957
25 146 -0.0136
25 147 0.16544
25 148 -0.00435
25 149 -0.05879
25 150 0.01183
25 151 0.03736
25 152 -0.02146
25 153 -0.0535
25 154 -0.0657
25 155 0.01128
25 156 0.01859
25 157 -0.01505
25 158 -0.04994
25 159 0.08043
25 160 0.04281
25 161 -0.08907
25 162 -0.00292
25 163 -0.00887
25 164 0.14311
25 165 -0.0494
25 166 -0.00499
25 167 0.03624
25 168 -0.0295
25 169 -0.08686
25 170 -0.04511
25 171 -0.02729
25 172 0.00536
25 173 -0.02829
25 174 -0.00282
25 175 -0.01544
25 176 0.00307
25 177 0.04068
25 178 0.106
25 179 -0.01694
25 180 -0.0319
25 181 0.02569
25 182 0.03835
25 183 -0.06472
25 184 0.08407
25 185 0.14305
25 186 0.02384
25 187 -0.09591
25 188 0.03633
25 189 0.00601
25 190 0.01541
25 191 -0.0177
25 192 -0.09409
25 193 0.08421
25 194 0.03184
25 195 -0.0169
25 196 -0.03727
25 197 -0.02329
25 198 0.03305
25 199 0.07506
25 200 0.00002
25 201 -0.00041
25 202 -0.04868
25 203 0.05215
25 204 0.06315
25 205 0.06603
25 206 -0.08261
25 207 -0.07524
25 208 0.00959
25 209 0.03909
25 210 -0.02939
25 211 0.02995
25 212 0.13606
25 213 0.04687
25 214 0.00732
25 215 -0.04142
25 216 0.02092
25 217 -0.02677
25 218 0.00045
25 219 0.02168
25 220 0.18123
25 221 -0.01248
25 222 0.10354
25 223 -0.05697
25 224 -0.03394
25 225 0.00635
25 226 -0.08787
25 227 0.01806
25 228 -0.05964
25 229 0.05092
25 230 -0.03422
25 231 -0.00515
25 232 -0.00134
25 233 0.00992
25 234 0.02834
25 235 0.03113
25 236 -0.05069
25 237 -0.01514
25 238 -0.01876
25 239 -0.05774
25 240 -0.01787
25 241 0.04105
25 242 -0.00178
25 243 0.01399
25 244 -0.03036
25 245 0.01964
25 246 0.0581
25 247 0.03842
25 248 0.08853
25 249 0.04723
25 250 -0.00886
25 251 -0.00186
25 252 0.04456
25 253 0.05129
25 254 0.03976
25 255 -0.00302
25 256 -0.12454
25 257 -0.0947
25 258 0.12276
25 259 -0.03165
25 260 -0.0034
25 261 -0.05654
25 262 0.10093
25 263 0.09704
25 264 0.06821
25 265 0.11128
25 266 -0.03026
25 267 -0.04729
25 268 -0.05525
25 269 0.0034
25 270 0.06858
25 271 0.06947
25 272 0.00052
25 273 -0.04594
25 274 -0.01028
25 275 -0.0183
25 276 0.03976
25 277 0.00672
25 278 0.04101
25 279 0.04626
25 280 -0.02835
25 281 -0.11845
25 282 0.01832
25 283 -0.00585
25 284 -0.00706
25 285 0.06789
25 286 0.02953
25 287 -0.00994
25 288 -0.02807
25 289 0.01371
25 290 -0.05087
25 291 -0.03311
25 292 -0.03477
25 293 -0.03014
25 294 0.0884
25 295 -0.03033
25 296 -0.00266
25 297 0.00056
25 298 0.01756
25 299 -0.00001
26 27 -0.01797
26 28 -0.05686
26 29 -0.00457
26 30 -0.096
26 31 -0.00432
26 32 -0.00594
26 33 0.05789
26 34 -0.01729
26 35 -0.04888
26 36 0.04681
26 37 0.04343
26 38 0.00262
26 39 0.03828
26 40 0.12693
26 41 -0.00006
26 42 0.04815
26 43 -0.03035
26 44 0.01338
26 45 -0.03141
26 46 -0.13108
26 47 -0.09638
26 48 0.01551
26 49 -0.02387
26 50 0.00782
26 51 -0.12673
26 52 0.06869
26 53 -0.02129
26 54 -0.03062
26 55 -0.07842
26 56 0.01629
26 57 0.05496
26 58 0.05214
26 59 -0.10413
26 60 -0.00346
26 61 0.03901
26 62 -0.06734
26 63 -0.02456
26 64 -0.01242
26 65 -0.02312
26 66 0.14316
26 67 0.08798
26 68 -0.0394
26 69 -0.01405
26 70 0.02331
26 71 -0.12708
26 72 0.00941
26 73 -0.01385
26 74 0.11168
26 75 0.11401
26 76 0.04639
26 77 0.0649
26 78 0.06305
26 79 -0.03674
26 80 0.07297
26 81 0.04158
26 82 -0.01024
26 83 -0.10015
26 84 0.07704
26 85 -0.06254
26 86 -0.07311
26 87 -0.15351
26 88 0.02072
26 89 0.0736
26 90 0.0465
26 91 0.05354
26 92 -0.00816
26 93 0.04593
26 94 0.00849
26 95 -0.04625
26 96 0.0257
26 97 0.01448
26 98 0.0112
26 99 0.03944
26 100 0.04537
26 101 0.09068
26 102 0.00234
26 103 0.02771
26 104 -0.01199
26 105 -0.0786
26 106 -0.03399
26 107 0.06371
26 108 -0.00185
26 109 -0.04067
26 110 -0.02442
26 111 -0.00002
26 112 -0.02184
26 113 -0.00379
26 114 0.07532
26 115 -0.08827
26 116 0.10224
26 117 0.01992
26 118 -0.07932
26 119 0.05363
26 120 -0.02527
26 121 0.03778
26 122 -0.02251
26 123 0.0289
26 124 -0.02208
26 125 0.00641
26 126 0.01871
26 127 0.07647
26 128 0.11176
26 129 -0.07364
26 130 -0.04739
26 131 0.03216
26 132 -0.04234
26 133 -0.07507
26 134 0.05741
26 135 -0.06181
26 136 -0.11477
26 137 -0.03362
26 138 0.04665
26 139 0.0133
26 140 -0.08985
26 141 0.05795
26 142 0.04771
26 143 -0.06232
26 144 -0.09708
26 145 0.03498
26 146 -0.06057
26 147 -0.04586
26 148 -0.05081
26 149 -0.0604
26 150 0.00347
26 151 0.13111
26 152 0.07136
26 153 -0.06014
26 154 -0.07012
26 155 0.03318
26 156 -0.02718
26 157 -0.01827
26 158 0.11924
26 159 -0.00041
26 160 -0.03789
26 161 0.00959
26 162 -0.11701
26 163 -0.09446
26 164 0.07451
26 165 -0.02072
26 166 0.00188
26 167 -0.07925
26 168 0.0514
26 169 -0.0802
26 170 0.109
26 171 0.01043
26 172 -0.02537
26 173 0.02985
26 174 0.02214
26 175 0.00818
26 176 0.03591
26 177 0.09864
26 178 -0.0281
26 179 0.0414
26 180 -0.03644
26 181 -0.00363
26 182 0.00121
26 183 -0.02015
26 184 0.01127
26 185 0.00883
26 186 0.00062
26 187 -0.01142
26 188 0.0476
26 189 -0.04201
26 190 0.05242
26 191 -0.10569
26 192 0.02153
26 193 0.08437
26 194 -0.02698
26 195 0.01312
26 196 0.0767
26 197 0.08485
26 198 0.00455
26 199 -0.05063
26 200 0.08662
26 201 -0.06211
26 202 0.00306
26 203 0.11957
26 204 0.03168
26 205 0.08379
26 206 -0.09885
26 207 -0.03513
26 208 0.05659
26 209 -0.11712
26 210 0.075
26 211 0.02276
26 212 0.06003
26 213 0.03691
26 214 0.00577
26 215 -0.07053
26 216 0.07162
26 217 0.02136
26 218 -0.05283
26 219 0.07347
26 220 -0.02305
26 221 -0.07426
26 222 -0.0387
26 223 0.00142
26 224 -0.11407
26 225 0.07429
26 226 -0.02924
26 227 -0.07004
26 228 -0.03647
26 229 -0.00347
26 230 -0.02382
26 231 -0.11429
26 232 0.0565
26 233 -0.01962
26 234 -0.05295
26 235 -0.08009
26 236 0.1242
26 237 -0.07217
26 238 0.04293
26 239 0.08953
26 240 0.01407
26 241 -0.06384
26 242 -0.05123
26 243 -0.08044
26 244 0.11472
26 245 -0.02733
26 246 -0.01367
26 247 -0.02312
26 248 0.00132
26 249 0.03116
26 250 -0.01841
26 251 0.01955
26 252 -0.03828
26 253 -0.01486
26 254 -0.03236
26 255 0.11019
26 256 0.0729
26 257 0.07263
26 258 0.01861
26 259 -0.07421
26 260 -0.00704
26 261 0.08889
26 262 0.00748
26 263 -0.00171
26 264 0.00227
26 265 0.03886
26 266 -0.02956
26 267 -0.04818
26 268 -0.03791
26 269 0.03318
26 270 0.04463
26 271 -0.02615
26 272 -0.03041
26 273 0.00327
26 274 0.03386
26 275 -0.03827
26 276 0.04114
26 277 -0.02443
26 278 -0.11589
26 279 -0.00491
26 280 0.08943
26 281 0.09918
26 282 0.02406
26 283 0.08815
26 284 0.00821
26 285 0.00429
26 286 0.00475
26 287 -0.0618
26 288 -0.01852
26 289 -0.06615
26 290 0.08248
26 291 0.03296
26 292 -0.08352
26 293 0.08662
26 294 -0.05603
26 295 0.02088
26 296 0.06126
26 297 0.11752
26 298 0.02522
26 299 -0.00347
27 28 -0.11416
27 29 0.03653
27 30 0.02596
27 31 0.05739
27 32 0.04068
27 33 -0.04387
27 34 0.00476
27 35 0.09795
27 36 -0.00767
27 37 -0.04707
27 38 0.00499
27 39 -0.10431
27 40 0.00055
27 41 -0.03438
27 42 0.02553
27 43 -0.01771
27 44 0.00339
27 45 0.00508
27 46 -0.01908
27 47 0.02511
27 48 0.04771
27 49 -0.11075
27 50 0.02531
27 51 0.03772
27 52 0.02222
27 53 0.03798
27 54 0.02299
27 55 -0.1118
27 56 0.01375
27 57 0.03412
27 58 0.10914
27 59 0.00597
27 60 -0.01227
27 61 -0.0071
27 62 0.04019
27 63 0.03106
27 64 0.05494
27 65 0.0319
27 66 -0.13657
27 67 0.01484
27 68 -0.09762
27 69 -0.04095
27 70 -0.00565
27 71 -0.05663
27 72 0.034
27 73 0.0366
27 74 0.02337
27 75 -0.10818
27 76 0.06394
27 77 0.12616
27 78 -0.06312
27 79 0.04336
27 80 0.07579
27 81 -0.01264
27 82 -0.04609
27 83 -0.08697
27 84 -0.09566
27 85 0.01316
27 86 0.08643
27 87 0.06404
27 88 -0.0592
27 89 -0.01994
27 90 0.00218
27 91 0.08482
27 92 -0.08124
27 93 0.00129
27 94 0.026
27 95 0.07978
27 96 0.02384
27 97 -0.0762
27 98 -0.10276
27 99 -0.03182
27 100 0.04386
27 101 -0.01102
27 102 0.04052
27 103 -0.01818
27 104 -0.01322
27 105 0.03639
27 106 -0.0176
27 107 0.01862
27 108 0.05404
27 109 0.12665
27 110 -0.00327
27 111 -0.05436
27 112 -0.06426
27 113 -0.01552
27 114 0.06669
27 115 0.06871
27 116 0.10955
27 117 0.05741
27 118 -0.06098
27 119 0.00164
27 120 -0.02138
27 121 0.0608
27 122 -0.01703
27 123 0.03572
27 124 -0.02289
27 125 -0.00834
27 126 -0.04474
27 127 -0.01557
27 128 -0.01581
27 129 -0.00066
27 130 0.01151
27 131 0.02156
27 132 -0.04475
27 133 0.00986
27 134 -0.05044
27 135 -0.00691
27 136 0.02184
27 137 0.06763
27 138 -0.03794
27 139 0.0626
27 140 0.1459
27 141 0.06701
27 142 -0.01116
27 143 -0.06311
27 144 -0.0753
27 145 -0.00069
27 146 0.08921
27 147 0.13652
27 148 -0.01642
27 149 0.02725
27 150 -0.05332
27 151 -0.00265
27 152 0.01531
27 153 0.07903
27 154 0.02852
27 155 -0.0487
27 156 -0.00271
27 157 0.05576
27 158 0.0107
27 159 0.06329
27 160 -0.08224
27 161 -0.06534
27 162 -0.034
27 163 0.06184
27 164 0.0743
27 165 0.10862
27 166 -0.02647
27 167 -0.07151
27 168 -0.07525
27 169 0.09048
27 170 0.04354
27 171 0.00213
27 172 0.09836
27 173 0.09634
27 174 -0.03472
27 175 -0.09333
27 176 0.03229
27 177 -0.00628
27 178 0.08779
27 179 -0.11842
27 180 -0.08197
27 181 0.03944
27 182 -0.10428
27 183 0.13487
27 184 -0.08035
27 185 0.01298
27 186 0.00905
27 187 0.0963
27 188 0.03456
27 189 -0.06208
27 190 0.01538
27 191 0.06699
27 192 0.02073
27 193 -0.08834
27 194 -0.05849
27 195 0.04959
27 196 0.01293
27 197 -0.02817
27 198 0.02527
27 199 0.00605
27 200 0.01117
27 201 0.05535
27 202 0.06154
27 203 -0.00412
27 204 -0.01237
27 205 0.02563
27 206 0.0521
27 207 0.00289
27 208 0.02316
27 209 0.04534
27 210 0.09619
27 211 0.04864
27 212 -0.13279
27 213 0.0569
27 214 -0.03664
27 215 0.03778
27 216 -0.00556
27 217 -0.07298
27 218 -0.0348
27 219 0.05132
27 220 -0.10961
27 221 -0.02393
27 222 -0.018
27 223 -0.09871
27 224 0.0102
27 225 0.04775
27 226 -0.03154
27 227 0.02432
27 228 0.05988
27 229 0.03131
27 230 -0.0625
27 231 -0.04123
27 232 -0.00516
27 233 -0.04283
27 234 -0.03823
27 235 -0.00379
27 236 -0.09297
27 237 0.0479
27 238 0.01583
27 239 -0.0962
27 240 0.03582
27 241 0.04414
27 242 -0.00562
27 243 -0.00426
27 244 0.00051
27 245 -0.01976
27 246 -0.02906
27 247 0.0247
27 248 -0.02782
27 249 -0.04169
27 250 0.02668
27 251 0.01453
27 252 0.03108
27 253 -0.03341
27 254 0.08574
27 255 -0.08306
27 256 0.0439
27 257 0.08939
27 258 0.00843
27 259 0.03661
27 260 0.11398
27 261 -0.07734
27 262 0.05328
27 263 -0.07399
27 264 -0.02508
27 265 0.04165
27 266 0.00198
27 267 -0.03295
27 268 -0.05384
27 269 -0.09185
27 270 0.04562
27 271 -0.02932
27 272 -0.07646
27 273 -0.00094
27 274 0.05154
27 275 -0.0092
27 276 0.09678
27 277 -0.02133
27 278 0.12731
27 279 0.07077
27 280 -0.05225
27 281 -0.02015
27 282 -0.01119
27 283 -0.06679
27 284 -0.02351
27 285 -0.10147
27 286 -0.00097
27 287 0.04283
27 288 -0.12766
27 289 0.02656
27 290 0.07126
27 291 0.07533
27 292 0.0804
27 293 -0.08005
27 294 0.03534
27 295 0.05649
27 296 -0.07201
27 297 -0.1162
27 298 -0.04572
27 299 0.06773
28 29 -0.06243
28 30 -0.02193
28 31 -0.0351
28 32 -0.01916
28 33 -0.02524
28 34 -0.00417
28 35 0.03923
28 36 -0.10203
28 37 -0.03587
28 38 -0.04921
28 39 0.03741
28 40 -0.03121
28 41 -0.01129
28 42 -0.1135
28 43 0.03587
28 44 -0.04042
28 45 -0.08274
28 46 -0.00994
28 47 -0.10426
28 48 -0.08962
28 49 -0.02916
28 50 -0.0289
28 51 0.06526
28 52 -0.04483
28 53 -0.05489
28 54 0.0164
28 55 0.0093
28 56 0.00271
28 57 -0.01028
28 58 -0.00973
28 59 0.05302
28 60 0.05169
28 61 0.03822
28 62 0.00743
28 63 0.02648
28 64 -0.05469
28 65 0.02704
28 66 0.00797
28 67 -0.00187
28 68 0.03443
28 69 0.04374
28 70 -0.00286
28 71 0.07624
28 72 -0.00183
28 73 -0.08507
28 74 0.02073
28 75 0.10029
28 76 0.10071
28 77 0.04735
28 78 0.0476
28 79 -0.09152
28 80 0.03026
28 81 0.03465
28 82 -0.05624
28 83 0.04392
28 84 -0.0926
28 85 -0.04058
28 86 0.06788
28 87 -0.04175
28 88 -0.03934
28 89 0.04038
28 90 0.00664
28 91 -0.02454
28 92 0.13527
28 93 -0.01737
28 94 0.04158
28 95 -0.09475
28 96 -0.05184
28 97 -0.052
28 98 0.01245
28 99 -0.02816
28 100 -0.09569
28 101 -0.00139
28 102 0.00422
28 103 -0.00307
28 104 0.01424
28 105 0.00953
28 106 0.06858
28 107 -0.08261
28 108 0.06385
28 109 -0.02307
28 110 -0.01334
28 111 0.03053
28 112 -0.08212
28 113 -0.01767
28 114 -0.04028
28 115 0.1002
28 116 0.0349
28 117 -0.05544
28 118 0.03563
28 119 -0.00427
28 120 -0.04238
28 121 0.05225
28 122 0.11268
28 123 -0.00803
28 124 -0.03601
28 125 -0.00135
28 126 0.03656
28 127 0.01038
28 128 0.12301
28 129 -0.03843
28 130 0.02314
28 131 -0.1322
28 132 0.12159
28 133 0.01423
28 134 0.01982
28 135 0.04851
28 136 0.07094
28 137 -0.00292
28 138 0.00678
28 139 -0.04279
28 140 0.00648
28 141 -0.01081
28 142 -0.02379
28 143 0.05231
28 144 0.08369
28 145 0.01316
28 146 0.01444
28 147 -0.01119
28 148 0.01374
28 149 -0.01719
28 150 -0.04288
28 151 -0.05794
28 152 -0.10307
28 153 0.1224
28 154 -0.01375
28 155 -0.01352
28 156 0.0774
28 157 0.11438
28 158 -0.02442
28 159 -0.01822
28 160 -0.09025
28 161 0.01681
28 162 -0.04733
28 163 0.11391
28 164 0.01664
28 165 0.03871
28 166 0.03236
28 167 -0.07643
28 168 0.02105
28 169 -0.07845
28 170 0.04099
28 171 -0.07996
28 172 0.0644
28 173 0.03498
28 174 -0.10251
28 175 0.0632
28 176 0.06046
28 177 0.0574
28 178 0.11091
28 179 0.08512
28 180 0.08082
28 181 0.04209
28 182 0.08959
28 183 -0.06453
28 184 0.11898
28 185 -0.12661
28 186 0.0908
28 187 -0.06764
28 188 -0.05886
28 189 -0.05833
28 190 -0.01141
28 191 -0.02757
28 192 -0.07099
28 193 -0.05467
28 194 -0.01068
28 195 -0.02312
28 196 0.04289
28 197 -0.06152
28 198 -0.02505
28 199 0.04161
28 200 -0.02702
28 201 0.10728
28 202 0.00668
28 203 0.02786
28 204 -0.05053
28 205 -0.09848
28 206 0.01062
28 207 -0.03408
28 208 -0.01697
28 209 0.04053
28 210 0.09101
28 211 -0.0262
28 212 -0.02779
28 213 0.03515
28 214 -0.01756
28 215 -0.01022
28 216 -0.03506
28 217 -0.08955
28 218 0.1161
28 219 0.06381
28 220 -0.09406
28 221 -0.03952
28 222 -0.02363
28 223 -0.00615
28 224 -0.11409
28 225 -0.00945
28 226 -0.06873
28 227 0.07666
28 228 0.06244
28 229 -0.06416
28 230 -0.1215
28 231 0.13295
28 232 -0.00036
28 233 -0.05584
28 234 -0.05139
28 235 0.08211
28 236 -0.02783
28 237 -0.00545
28 238 -0.03325
28 239 -0.07916
28 240 -0.10278
28 241 0.05654
28 242 0.04745
28 243 -0.06519
28 244 -0.02944
28 245 -0.0307
28 246 -0.01966
28 247 -0.02992
28 248 0.03988
28 249 -0.01993
28 250 0.13026
28 251 -0.06962
28 252 -0.01526
28 253 -0.06337
28 254 0.03843
28 255 -0.04688
28 256 0.00855
28 257 -0.04726
28 258 0.00053
28 259 0.02009
28 260 -0.03702
28 261 -0.07426
28 262 -0.03597
28 263 0.02069
28 264 0.06909
28 265 -0.11343
28 266 -0.04542
28 267 0.02303
28 268 0.03149
28 269 0.13833
28 270 0.05134
28 271 0.00091
28 272 0.01265
28 273 0.10219
28 274 0.04111
28 275 0.07944
28 276 0.01594
28 277 -0.04294
28 278 0.00089
28 279 0.04078
28 280 -0.05527
28 281 -0.05626
28 282 -0.01556
28 283 -0.10645
28 284 -0.01906
28 285 -0.0163
28 286 0.0655
28 287 -0.01441
28 288 -0.11074
28 289 0.01808
28 290 -0.04982
28 291 -0.04074
28 292 -0.05342
28 293 -0.00331
28 294 0.02101
28 295 0.01894
28 296 0.1389
28 297 0.00403
28 298 -0.01329
28 299 -0.06459
29 30 -0.01731
29 31 0.05387
29 32 -0.11583
29 33 -0.11723
29 34 -0.00586
29 35 0.08075
29 36 0.07347
29 37 0.02666
29 38 0.04214
29 39 0.03235
29 40 -0.08569
29 41 0.00793
29 42 -0.09763
29 43 -0.00833
29 44 -0.00333
29 45 -0.03526
29 46 0.0221
29 47 0.05386
29 48 -0.01129
29 49 0.0824
29 50 -0.01283
29 51 0.01691
29 52 0.00173
29 53 -0.14188
29 54 0.02555
29 55 -0.05709
29 56 -0.00592
29 57 -0.05247
29 58 0.03224
29 59 0.02554
29 60 -0.04528
29 61 -0.08456
29 62 0.05154
29 63 -0.01192
29 64 0.03586
29 65 0.00702
29 66 0.01638
29 67 -0.10489
29 68 -0.03163
29 69 0.03414
29 70 0.01409
29 71 -0.08033
29 72 -0.08081
29 73 0.03232
29 74 0.05499
29 75 -0.01864
29 76 -0.02802
29 77 -0.03518
29 78 0.10072
29 79 -0.04765
29 80 0.00339
29 81 0.0239
29 82 0.0412
29 83 0.06812
29 84 -0.02778
29 85 0.05013
29 86 -0.12373
29 87 -0.06673
29 88 0.0322
29 89 -0.04308
29 90 -0.01978
29 91 0.02658
29 92 -0.08006
29 93 -0.06434
29 94 0.01356
29 95 0.00236
29 96 0.09034
29 97 0.05791
29 98 0.05119
29 99 0.02836
29 100 0.0429
29 101 -0.07175
29 102 0.04615
29 103 0.04568
29 104 0.07535
29 105 -0.05296
29 106 0.0505
29 107 0.04192
29 108 -0.0342
29 109 -0.03202
29 110 -0.0898
29 111 0.02387
29 112 0.062
29 113 0.00199
29 114 -0.05342
29 115 0.01188
29 116 0.02966
29 117 -0.05697
29 118 0.00446
29 119 -0.07924
29 120 0.00348
29 121 0.01715
29 122 0.03778
29 123 -0.06975
29 124 0.00592
29 125 -0.04709
29 126 -0.05659
29 127 -0.13177
29 128 0.03083
29 129 -0.02537
29 130 -0.00032
29 131 0.06303
29 132 -0.08294
29 133 0.1564
29 134 -0.05877
29 135 -0.06939
29 136 -0.02104
29 137 0.16706
29 138 -0.00308
29 139 0.09022
29 140 0.04561
29 141 -0.02706
29 142 -0.12056
29 143 0.01917
29 144 0.03864
29 145 0.00231
29 146 0.03979
29 147 0.04082
29 148 -0.03858
29 149 0.0942
29 150 -0.07287
29 151 0.00532
29 152 -0.07923
29 153 -0.01649
29 154 0.02394
29 155 0.07306
29 156 -0.01973
29 157 -0.13172
29 158 0.07261
29 159 -0.05496
29 160 -0.06869
29 161 -0.07196
29 162 -0.03183
29 163 0.02591
29 164 -0.03189
29 165 0.05022
29 166 -0.11866
29 167 -0.04185
29 168 0.05231
29 169 0.07396
29 170 0.06465
29 171 -0.06822
29 172 -0.04437
29 173 -0.07875
29 174 0.02223
29 175 0.07611
29 176 -0.03654
29 177 -0.06715
29 178 -0.02939
29 179 0.06553
29 180 0.0039
29 181 -0.0167
29 182 0.02604
29 183 0.03253
29 184 0.02927
29 185 0.01456
29 186 -0.02072
29 187 -0.06759
29 188 0.03932
29 189 0.06471
29 190 0.0583
29 191 -0.09235
29 192 -0.05015
29 193 -0.04162
29 194 -0.03154
29 195 0.00998
29 196 -0.04563
29 197 0.00417
29 198 0.02299
29 199 -0.12933
29 200 0.00091
29 201 0.11586
29 202 -0.0598
29 203 -0.00888
29 204 0.00749
29 205 0.0954
29 206 -0.01777
29 207 -0.05789
29 208 -0.01943
29 209 -0.11773
29 210 -0.05865
29 211 0.00709
29 212 -0.03308
29 213 -0.10615
29 214 -0.0569
29 215 0.03711
29 216 -0.01276
29 217 0.0157
29 218 -0.03584
29 219 0.03431
29 220 0.00827
29 221 -0.00455
29 222 0.16129
29 223 0.0399
29 224 -0.00921
29 225 0.01027
29 226 0.01875
29 227 0.06586
29 228 -0.04487
29 229 0.03122
29 230 -0.03481
29 231 -0.0375
29 232 -0.00999
29 233 -0.01719
29 234 -0.07063
29 235 0.05308
29 236 0.04691
29 237 0.0172
29 238 0.06456
29 239 0.06799
29 240 -0.06018
29 241 -0.00669
29 242 0.10548
29 243 -0.00889
29 244 -0.06036
29 245 0.04535
29 246 0.00466
29 247 -0.09987
29 248 -0.04418
29 249 0.00354
29 250 0.09375
29 251 0.00795
29 252 0.01489
29 253 -0.02633
29 254 -0.11027
29 255 -0.03082
29 256 -0.08109
29 257 -0.06
29 258 -0.00542
29 259 -0.00618
29 260 -0.00984
29 261 0.11156
29 262 0.08417
29 263 0.14706
29 264 -0.0602
29 265 0.02375
29 266 -0.09864
29 267 0.0436
29 268 0.00118
29 269 -0.05133
29 270 0.03234
29 271 0.03666
29 272 -0.0246
29 273 -0.05606
29 274 0.00799
29 275 -0.08882
29 276 0.06451
29 277 -0.01456
29 278 -0.05743
29 279 -0.03427
29 280 0.00427
29 281 0.04302
29 282 -0.00965
29 283 -0.05278
29 284 0.054
29 285 -0.03406
29 286 0.11148
29 287 0.02897
29 288 -0.10049
29 289 -0.09985
29 290 0.02569
29 291 0.0016
29 292 -0.03222
29 293 -0.05083
29 294 -0.07051
29 295 -0.02502
29 296 0.13166
29 297 0.03521
29 298 -0.02602
29 299 0.03926
30 31 0.07301
30 32 -0.0143
30 33 0.00807
30 34 0.01167
30 35 -0.06177
30 36 -0.04003
30 37 0.05756
30 38 0.02012
30 39 -0.03827
30 40 0.0937
30 41 -0.00992
30 42 0.03112
30 43 0.09052
30 44 -0.04696
30 45 -0.10562
30 46 0.02588
30 47 0.05864
30 48 0.0861
30 49 -0.02663
30 50 0.00389
30 51 -0.01507
30 52 0.04778
30 53 0.04754
30 54 -0.13463
30 55 -0.01336
30 56 0.04879
30 57 0.08344
30 58 -0.01965
30 59 0.00349
30 60 0.12924
30 61 0.03799
30 62 0.03834
30 63 -0.0343
30 64 0.02907
30 65 -0.02243
30 66 0.01525
30 67 -0.08139
30 68 -0.00211
30 69 -0.00001
30 70 0.05592
30 71 -0.01339
30 72 -0.0568
30 73 0.11057
30 74 -0.03072
30 75 -0.01701
30 76 -0.00903
30 77 -0.09508
30 78 0.01703
30 79 -0.03569
30 80 0.00055
30 81 0.09632
30 82 -0.1128
30 83 -0.09259
30 84 0.03868
30 85 -0.10887
30 86 -0.04038
30 87 0.06871
30 88 -0.0134
30 89 0.0542
30 90 -0.00764
30 91 0.00606
30 92 -0.03986
30 93 0.07549
30 94 -0.09522
30 95 -0.05571
30 96 0.04335
30 97 0.04587
30 98 0.07363
30 99 -0.05405
30 100 -0.00701
30 101 0.01612
30 102 0.01558
30 103 0.12419
30 104 0.00154
30 105 -0.06958
30 106 0.09554
30 107 0.07444
30 108 0.04206
30 109 0.02655
30 110 0.05337
30 111 0.0092
30 112 0.01143
30 113 -0.05734
30 114 0.01355
30 115 0.02957
30 116 -0.00834
30 117 0.03462
30 118 -0.06634
30 119 0.01574
30 120 0.00354
30 121 0.05416
30 122 0.00823
30 123 0.05743
30 124 -0.01543
30 125 0.02234
30 126 -0.00182
30 127 0.09389
30 128 0.03366
30 129 0.04234
30 130 0.02382
30 131 0.04866
30 132 -0.06262
30 133 0.05455
30 134 -0.00034
30 135 0.04689
30 136 -0.02343
30 137 0.06392
30 138 -0.0234
30 139 -0.09492
30 140 -0.03391
30 141 -0.07931
30 142 -0.00982
30 143 0.00318
30 144 -0.00574
30 145 0.01416
30 146 -0.01829
30 147 0.05556
30 148 0.07506
30 149 -0.02117
30 150 -0.03286
30 151 0.07194
30 152 0.01512
30 153 0.05486
30 154 0.00645
30 155 -0.09219
30 156 0.02542
30 157 0.01467
30 158 -0.10997
30 159 -0.00729
30 160 -0.02083
30 161 -0.05001
30 162 -0.00782
30 163 -0.00777
30 164 -0.05895
30 165 0.04157
30 166 -0.00872
30 167 0.1218
30 168 0.03011
30 169 -0.01753
30 170 0.02316
30 171 -0.02354
30 172 0.03771
30 173 -0.07643
30 174 -0.00444
30 175 0.03758
30 176 -0.0384
30 177 -0.03169
30 178 0.00826
30 179 -0.04757
30 180 -0.1297
30 181 0.08581
30 182 -0.04025
30 183 0.07129
30 184 -0.04176
30 185 0.10586
30 186 0.02612
30 187 -0.00524
30 188 0.07477
30 189 0.0293
30 190 -0.1295
30 191 -0.02029
30 192 0.04398
30 193 0.07252
30 194 0.04773
30 195 0.02031
30 196 0.02398
30 197 -0.0164
30 198 -0.15575
30 199 0.01517
30 200 0.06736
30 201 0.09431
30 202 0.07217
30 203 -0.05202
30 204 -0.09552
30 205 -0.01327
30 206 0.08517
30 207 0.0534
30 208 -0.04719
30 209 -0.04099
30 210 -0.02587
30 211 0.05049
30 212 0.00553
30 213 -0.11272
30 214 0.07004
30 215 -0.05027
30 216 0.06534
30 217 0.02057
30 218 -0.0066
30 219 0.0892
30 220 -0.036
30 221 -0.01584
30 222 -0.05064
30 223 -0.02579
30 224 -0.12569
30 225 -0.02444
30 226 0.13774
30 227 0.15453
30 228 0.09325
30 229 0.04489
30 230 -0.0138
30 231 -0.02308
30 232 0.01103
30 233 -0.01813
30 234 -0.17336
30 235 -0.04926
30 236 -0.00547
30 237 -0.07642
30 238 0.04551
30 239 -0.04012
30 240 0.00258
30 241 0.02895
30 242 0.00608
30 243 0.01864
30 244 0.13013
30 245 0.04399
30 246 0.00745
30 247 0.03725
30 248 0.13744
30 249 -0.04237
30 250 -0.00332
30 251 0.02944
30 252 -0.01859
30 253 0.02003
30 254 -0.11251
30 255 0.05714
30 256 -0.04458
30 257 0.10873
30 258 0.04931
30 259 0.03221
30 260 -0.03122
30 261 -0.0596
30 262 0.08076
30 263 -0.01584
30 264 0.06074
30 265 -0.05243
30 266 0.11098
30 267 -0.07488
30 268 -0.01228
30 269 -0.01053
30 270 0.01901
30 271 0.09433
30 272 -0.01277
30 273 -0.01266
30 274 0.02489
30 275 -0.03649
30 276 0.04092
30 277 0.0359
30 278 0.00284
30 279 0.00745
30 280 -0.01642
30 281 -0.03219
30 282 0.03276
30 283 -0.08316
30 284 -0.05705
30 285 -0.07975
30 286 0.16512
30 287 0.00242
30 288 0.00953
30 289 0.04883
30 290 0.01944
30 291 -0.01681
30 292 0.0196
30 293 0.0056
30 294 -0.05163
30 295 -0.08684
30 296 -0.10003
30 297 -0.00183
30 298 -0.01806
30 299 0.11626
31 32 0.04235
31 33 -0.09098
31 34 0.01879
31 35 -0.03801
31 36 0.06912
31 37 -0.09766
31 38 0.04138
31 39 0.07369
31 40 0.06573
31 41 0.04881
31 42 -0.03006
31 43 0.09156
31 44 -0.03186
31 45 -0.00462
31 46 -0.02543
31 47 0.01248
31 48 0.08181
31 49 -0.005
31 50 0.01065
31 51 -0.03798
31 52 -0.10292
31 53 -0.00937
31 54 0.17984
31 55 0.01055
31 56 -0.05124
31 57 -0.17275
31 58 -0.00841
31 59 0.04688
31 60 0.07865
31 61 0.05975
31 62 -0.04737
31 63 0.06489
31 64 0.00331
31 65 -0.04838
31 66 -0.00697
31 67 0.0232
31 68 -0.01455
31 69 0.00308
31 70 0.01446
31 71 -0.00319
31 72 0.05306
31 73 0.06185
31 74 -0.03032
31 75 0.00528
31 76 0.04976
31 77 0.02522
31 78 -0.00688
31 79 0.03772
31 80 0.0349
31 81 0.03332
31 82 -0.08243
31 83 0.00433
31 84 0.03246
31 85 0.03139
31 86 -0.1054
31 87 0.05371
31 88 0.013
31 89 -0.04817
31 90 -0.05599
31 91 -0.02373
31 92 -0.1367
31 93 0.00096
31 94 -0.02781
31 95 0.01681
31 96 0.05218
31 97 0.07643
31 98 -0.02079
31 99 0.08595
31 100 -0.04704
31 101 0.02924
31 102 0.02064
31 103 -0.06702
31 104 0.04685
31 105 -0.04671
31 106 0.05437
31 107 -0.06706
31 108 -0.00788
31 109 0.07684
31 110 -0.0051
31 111 0.06237
31 112 0.05517
31 113 0.10605
31 114 -0.08099
31 115 -0.05195
31 116 -0.03856
31 117 0.06518
31 118 0.00701
31 119 -0.02365
31 120 0.00587
31 121 0.07229
31 122 0.02763
31 123 -0.09078
31 124 -0.04701
31 125 0.06404
31 126 -0.03611
31 127 -0.03603
31 128 -0.0287
31 129 -0.03723
31 130 0.01517
31 131 -0.14045
31 132 -0.02352
31 133 -0.03275
31 134 0.00459
31 135 -0.10215
31 136 0.02289
31 137 0.00106
31 138 0.10352
31 139 -0.05301
31 140 0.03934
31 141 -0.02468
31 142 0.11562
31 143 0.06328
31 144 0.04538
31 145 -0.01581
31 146 0.00071
31 147 -0.02603
31 148 0.02216
31 149 0.10619
31 150 0.08936
31 151 -0.01236
31 152 0.07264
31 153 -0.12288
31 154 0.12526
31 155 -0.03574
31 156 0.05675
31 157 -0.00821
31 158 0.06073
31 159 0.05043
31 160 -0.05009
31 161 0.016
31 162 -0.06292
31 163 0.08793
31 164 -0.0969
31 165 0.05789
31 166 -0.03968
31 167 0.05227
31 168 0.12797
31 169 -0.0113
31 170 0.01335
31 171 0.0317
31 172 -0.05244
31 173 -0.00451
31 174 -0.06098
31 175 -0.00293
31 176 -0.07996
31 177 0.03954
31 178 -0.05674
31 179 0.05642
31 180 0.00716
31 181 0.08383
31 182 -0.07573
31 183 0.02954
31 184 0.06513
31 185 -0.10357
31 186 0.02206
31 187 0.05464
31 188 -0.01068
31 189 0.01798
31 190 -0.07769
31 191 0.06526
31 192 -0.07982
31 193 -0.02415
31 194 -0.04724
31 195 -0.03555
31 196 -0.00426
31 197 0.01667
31 198 -0.02765
31 199 0.00401
31 200 0.00144
31 201 -0.0888
31 202 0.11853
31 203 0.01299
31 204 -0.06965
31 205 0.07335
31 206 -0.05554
31 207 -0.07674
31 208 0.03685
31 209 -0.05354
31 210 -0.04102
31 211 -0.0478
31 212 -0.02027
31 213 0.11692
31 214 0.01742
31 215 -0.0896
31 216 0.09146
31 217 0.02601
31 218 -0.02704
31 219 0.09047
31 220 -0.01125
31 221 0.13791
31 222 0.00288
31 223 -0.10442
31 224 -0.00994
31 225 -0.00914
31 226 0.0647
31 227 -0.02128
31 228 0.06268
31 229 -0.05819
31 230 -0.00671
31 231 0.04255
31 232 0.00421
31 233 -0.00953
31 234 0.05895
31 235 0.01315
31 236 -0.01777
31 237 -0.044
31 238 -0.00678
31 239 0.0084
31 240 0.07987
31 241 -0.09506
31 242 -0.01936
31 243 0.04451
31 244 0.0085
31 245 0.00189
31 246 -0.01372
31 247 -0.04355
31 248 -0.03664
31 249 0.00592
31 250 0.00868
31 251 -0.04775
31 252 -0.0608
31 253 -0.0719
31 254 0.02154
31 255 0.01826
31 256 0.00164
31 257 -0.02773
31 258 -0.02884
31 259 -0.06592
31 260 0.07861
31 261 -0.04448
31 262 0.00025
31 263 0.06467
31 264 -0.02592
31 265 -0.01095
31 266 -0.02393
31 267 0.03146
31 268 -0.04148
31 269 0.04229
31 270 -0.06908
31 271 0.06633
31 272 0.11047
31 273 0.03019
31 274 -0.07935
31 275 0.03617
31 276 -0.1056
31 277 -0.05775
31 278 0.01154
31 279 0.15564
31 280 0.10233
31 281 0.02421
31 282 -0.08021
31 283 0.08762
31 284 0.15413
31 285 -0.01946
31 286 0.03167
31 287 -0.05048
31 288 0.00289
31 289 0.06878
31 290 0.03752
31 291 -0.05369
31 292 -0.00659
31 293 -0.05965
31 294 0.10104
31 295 0.06503
31 296 0.03701
31 297 0.0371
31 298 0.00715
31 299 0.03316
32 33 0.0021
32 34 0.03288
32 35 -0.00046
32 36 -0.01502
32 37 -0.07477
32 38 0.00105
32 39 0.04156
32 40 0.02701
32 41 0.13884
32 42 -0.00381
32 43 -0.00518
32 44 0.00503
32 45 -0.03375
32 46 -0.08874
32 47 -0.0046
32 48 -0.10199
32 49 -0.02835
32 50 -0.06303
32 51 -0.01247
32 52 0.04685
32 53 0.05889
32 54 0.02538
32 55 -0.0202
32 56 0.04212
32 57 0.00916
32 58 0.04728
32 59 -0.12276
32 60 -0.00082
32 61 0.01497
32 62 -0.13178
32 63 0.02331
32 64 0.0509
32 65 0.0389
32 66 -0.01832
32 67 0.00916
32 68 0.03399
32 69 0.03663
32 70 0.02792
32 71 0.09749
32 72 0.06442
32 73 -0.05472
32 74 -0.05058
32 75 0.01874
32 76 -0.00516
32 77 -0.11127
32 78 0.00423
32 79 -0.05982
32 80 -0.0707
32 81 -0.04886
32 82 0.05432
32 83 -0.00585
32 84 -0.01191
32 85 -0.03188
32 86 -0.17099
32 87 0.00297
32 88 0.05482
32 89 -0.06379
32 90 -0.0586
32 91 0.01004
32 92 0.04229
32 93 0.00884
32 94 -0.02337
32 95 0.06594
32 96 0.11906
32 97 -0.038
32 98 -0.01266
32 99 -0.01009
32 100 0.0804
32 101 0.00769
32 102 -0.00629
32 103 0.10529
32 104 0.08896
32 105 0.01316
32 106 -0.04284
32 107 -0.00187
32 108 -0.08832
32 109 -0.08334
32 110 -0.02784
32 111 -0.05703
32 112 -0.05096
32 113 0.01353
32 114 0.01668
32 115 0.08161
32 116 -0.05796
32 117 0.02397
32 118 -0.11161
32 119 -0.13717
32 120 -0.00652
32 121 0.02671
32 122 0.08706
32 123 0.00057
32 124 -0.06597
32 125 0.01856
32 126 -0.06721
32 127 0.01181
32 128 0.02498
32 129 0.00754
32 130 -0.14709
32 131 -0.04238
32 132 -0.05938
32 133 0.1087
32 134 0.05457
32 135 -0.0339
32 136 -0.03777
32 137 -0.02123
32 138 0.05084
32 139 -0.02417
32 140 -0.02538
32 141 -0.00001
32 142 0.0778
32 143 0.00031
32 144 0.02216
32 145 0.02422
32 146 0.03969
32 147 -0.00012
32 148 -0.05343
32 149 0.01029
32 150 0.00669
32 151 0.10682
32 152 -0.0494
32 153 -0.00542
32 154 0.04985
32 155 0.02018
32 156 -0.07626
32 157 0.03896
32 158 -0.11542
32 159 0.03535
32 160 0.09853
32 161 0.0484
32 162 0.02834
32 163 -0.02167
32 164 -0.02205
32 165 0.031
32 166 0.00747
32 167 -0.04292
32 168 -0.034
32 169 0.08854
32 170 0.00613
32 171 -0.03507
32 172 -0.01321
32 173 -0.00515
32 174 0.06825
32 175 0.01401
32 176 -0.01066
32 177 -0.07501
32 178 0.02191
32 179 -0.00838
32 180 -0.01329
32 181 0.06486
32 182 0.02695
32 183 0.07727
32 184 -0.04302
32 185 -0.05485
32 186 -0.06591
32 187 -0.06281
32 188 -0.07256
32 189 -0.09909
32 190 -0.07174
32 191 -0.09332
32 192 0.02652
32 193 -0.11079
32 194 -0.00899
32 195 -0.0212
32 196 -0.03571
32 197 0.09695
32 198 0.08594
32 199 0.04562
32 200 0.04466
32 201 -0.03182
32 202 -0.00466
32 203 0.09064
32 204 -0.0119
32 205 0.07717
32 206 0.00787
32 207 0.07132
32 208 0.04707
32 209 0.00541
32 210 -0.06364
32 211 -0.08219
32 212 0.03678
32 213 -0.00413
32 214 0.0411
32 215 0.0805
32 216 -0.06329
32 217 0.03278
32 218 0.01169
32 219 -0.04593
32 220 0.01429
32 221 -0.07391
32 222 -0.01041
32 223 0.00345
32 224 -0.04793
32 225 -0.04644
32 226 -0.03205
32 227 0.07854
32 228 0.00495
32 229 0.01516
32 230 -0.10009
32 231 -0.04475
32 232 -0.02153
32 233 0.0859
32 234 -0.00853
32 235 0.01743
32 236 -0.00591
32 237 -0.01881
32 238 -0.08607
32 239 -0.07216
32 240 0.04461
32 241 -0.04781
32 242 -0.02476
32 243 -0.04165
32 244 0.05852
32 245 -0.0232
32 246 0.02381
32 247 -0.0163
32 248 -0.12487
32 249 -0.02541
32 250 0.0281
32 251 0.07177
32 252 -0.02882
32 253 -0.02837
32 254 -0.07567
32 255 -0.0801
32 256 -0.04293
32 257 -0.09084
32 258 0.09471
32 259 0.00247
32 260 0.00395
32 261 0.03954
32 262 0.01868
32 263 0.02791
32 264 0.10259
32 265 -0.01274
32 266 0.00255
32 267 -0.02538
32 268 -0.11565
32 269 0.0653
32 270 0.06
32 271 0.04054
32 272 0.00439
32 273 -0.01959
32 274 0.01495
32 275 -0.02137
32 276 0.03885
32 277 0.03924
32 278 -0.04561
32 279 0.04243
32 280 0.04762
32 281 0.07824
32 282 0.01709
32 283 -0.04577
32 284 0.02244
32 285 0.03251
32 286 0.06696
32 287 0.05279
32 288 0.06883
32 289 0.0832
32 290 -0.0236
32 291 -0.07977
32 292 0.02586
32 293 0.07151
32 294 -0.0405
32 295 0.00699
32 296 0.07853
32 297 -0.06819
32 298 -0.08393
32 299 -0.0365
33 34 0.02495
33 35 -0.06458
33 36 -0.00036
33 37 -0.02827
33 38 -0.03791
33 39 0.11884
33 40 0.00242
33 41 -0.02961
33 42 -0.06176
33 43 -0.07299
33 44 -0.07614
33 45 -0.01909
33 46 0.15138
33 47 0.11517
33 48 -0.00653
33 49 -0.00351
33 50 -0.00661
33 51 -0.03868
33 52 0.01423
33 53 -0.03302
33 54 0.02292
33 55 0.00559
33 56 -0.10999
33 57 0.06599
33 58 0.05614
33 59 0.11
33 60 -0.02338
33 61 -0.01815
33 62 0.03169
33 63 0.12712
33 64 0.00546
33 65 0.05659
33 66 0.08788
33 67 0.01278
33 68 -0.05586
33 69 -0.02135
33 70 -0.07217
33 71 0.01888
33 72 -0.02918
33 73 0.02275
33 74 0.01473
33 75 0.10232
33 76 0.03078
33 77 0.01616
33 78 -0.15165
33 79 0.04672
33 80 0.06902
33 81 0.02498
33 82 -0.05528
33 83 0.0322
33 84 0.0064
33 85 -0.01331
33 86 0.03319
33 87 -0.02287
33 88 -0.10504
33 89 0.02293
33 90 0.10719
33 91 0.09267
33 92 0.07178
33 93 0.0082
33 94 -0.04242
33 95 0.05191
33 96 0.06609
33 97 -0.09139
33 98 0.02846
33 99 -0.08266
33 100 -0.04836
33 101 0.03333
33 102 0.05302
33 103 0.05153
33 104 -0.12962
33 105 0.00201
33 106 -0.04323
33 107 -0.04418
33 108 0.07239
33 109 -0.10029
33 110 -0.04732
33 111 0.0185
33 112 0.03849
33 113 0.06205
33 114 -0.06215
33 115 0.01607
33 116 -0.00187
33 117 0.07742
33 118 -0.07151
33 119 -0.00663
33 120 0.0211
33 121 -0.07914
33 122 -0.01041
33 123 -0.11762
33 124 0.02046
33 125 -0.01541
33 126 -0.05661
33 127 -0.04067
33 128 -0.07228
33 129 -0.00779
33 130 -0.05294
33 131 -0.03238
33 132 0.02615
33 133 0.08001
33 134 0.01612
33 135 0.05863
33 136 0.0559
33 137 0.01018
33 138 -0.01896
33 139 0.11878
33 140 0.02767
33 141 0.0323
33 142 -0.05381
33 143 0.06477
33 144 -0.08025
33 145 -0.04343
33 146 0.07319
33 147 0.03917
33 148 -0.02864
33 149 0.01368
33 150 0.06251
33 151 -0.12221
33 152 -0.0622
33 153 -0.01719
33 154 -0.03725
33 155 0.06527
33 156 0.03167
33 157 -0.06522
33 158 0.06932
33 159 -0.00717
33 160 0.03789
33 161 -0.04147
33 162 -0.04667
33 163 -0.00219
33 164 0.02208
33 165 0.0634
33 166 -0.07259
33 167 -0.06254
33 168 -0.14233
33 169 -0.1123
33 170 0.02935
33 171 -0.03243
33 172 0.02066
33 173 0.05121
33 174 -0.01779
33 175 -0.0173
33 176 0.1307
33 177 -0.03197
33 178 0.05427
33 179 0.01845
33 180 0.0389
33 181 0.04543
33 182 -0.00389
33 183 0.14271
33 184 0.01253
33 185 0.05597
33 186 -0.02284
33 187 0.09158
33 188 -0.0415
33 189 0.0004
33 190 0.03565
33 191 -0.03902
33 192 0.0238
33 193 -0.10213
33 194 -0.01817
33 195 0.10784
33 196 -0.02197
33 197 -0.05393
33 198 -0.0444
33 199 -0.03793
33 200 0.03062
33 201 0.00448
33 202 -0.0066
33 203 0.04714
33 204 0.05988
33 205 0.01928
33 206 0.04012
33 207 -0.05575
33 208 -0.02029
33 209 0.05856
33 210 0.08058
33 211 -0.07915
33 212 0.09611
33 213 -0.00933
33 214 0.06717
33 215 0.03315
33 216 0.00203
33 217 -0.05479
33 218 -0.00062
33 219 -0.02624
33 220 -0.05211
33 221 -0.04151
33 222 0.02584
33 223 0.06143
33 224 -0.11525
33 225 0.02312
33 226 0.04321
33 227 -0.01772
33 228 -0.06269
33 229 0.00003
33 230 0.00222
33 231 0.02651
33 232 -0.0643
33 233 0.08653
33 234 0.0029
33 235 0.0283
33 236 0.0369
33 237 -0.14348
33 238 -0.02536
33 239 0.14163
33 240 0.09443
33 241 0.00926
33 242 0.02096
33 243 -0.0209
33 244 -0.034
33 245 -0.09877
33 246 -0.02118
33 247 0.00238
33 248 -0.0582
33 249 -0.08834
33 250 -0.01898
33 251 0.00059
33 252 -0.04997
33 253 -0.14281
33 254 -0.01828
33 255 0.0367
33 256 0.01138
33 257 -0.08719
33 258 -0.05459
33 259 -0.04037
33 260 -0.08856
33 261 -0.04469
33 262 0.01583
33 263 0.02195
33 264 -0.03055
33 265 0.03153
33 266 -0.02068
33 267 -0.03504
33 268 0.00938
33 269 0.00173
33 270 0.09061
33 271 0.08848
33 272 -0.04352
33 273 -0.08087
33 274 -0.03131
33 275 -0.07309
33 276 -0.03807
33 277 0.012
33 278 0.03014
33 279 0.04065
33 280 -0.02334
33 281 0.00615
33 282 -0.00347
33 283 0.15248
33 284 0.00738
33 285 0.04003
33 286 0.04422
33 287 -0.04176
33 288 0.03845
33 289 -0.02727
33 290 -0.07705
33 291 0.01667
33 292 0.0787
33 293 0.00521
33 294 0.03304
33 295 -0.05299
33 296 -0.01144
33 297 -0.10842
33 298 0.0112
33 299 0.07471
34 35 -0.0628
34 36 -0.05362
34 37 0.02527
34 38 0.10195
34 39 0.04407
34 40 0.02391
34 41 0.06473
34 42 0.00618
34 43 0.0006
34 44 0.08346
34 45 0.10143
34 46 0.02769
34 47 0.05898
34 48 -0.00568
34 49 -0.03478
34 50 -0.00138
34 51 0.09472
34 52 -0.01138
34 53 0.00701
34 54 -0.00163
34 55 0.04816
34 56 0.02026
34 57 -0.15392
34 58 0.0519
34 59 0.03097
34 60 0.02748
34 61 0.04165
34 62 0.02904
34 63 -0.04462
34 64 -0.07077
34 65 -0.04589
34 66 -0.02683
34 67 0.01006
34 68 0.06012
34 69 -0.0245
34 70 -0.02854
34 71 0.03603
34 72 0.08178
34 73 -0.03923
34 74 -0.02721
34 75 0.08461
34 76 0.07268
34 77 0.04724
34 78 0.02101
34 79 0.05331
34 80 -0.03928
34 81 -0.04827
34 82 -0.02858
34 83 -0.10487
34 84 -0.01768
34 85 0.02771
34 86 0.03959
34 87 -0.04308
34 88 0.01041
34 89 0.0695
34 90 0.00288
34 91 0.00401
34 92 -0.04241
34 93 0.03859
34 94 -0.01779
34 95 0.00897
34 96 -0.01918
34 97 0.03706
34 98 -0.06863
34 99 0.01539
34 100 0.05792
34 101 -0.07093
34 102 0.06394
34 103 -0.03649
34 104 -0.01452
34 105 -0.0857
34 106 -0.06398
34 107 0.0483
34 108 -0.00315
34 109 -0.01116
34 110 -0.00384
34 111 0.00466
34 112 0.01803
34 113 -0.03245
34 114 -0.03893
34 115 0.03124
34 116 0.00066
34 117 0.00135
34 118 -0.0848
34 119 -0.01119
34 120 -0.00082
34 121 0.02698
34 122 0.01927
34 123 0.00817
34 124 -0.00104
34 125 0.00617
34 126 0.04377
34 127 -0.09245
34 128 0.04274
34 129 -0.02207
34 130 0.01174
34 131 0.063
34 132 0.07981
34 133 -0.03471
34 134 -0.09303
34 135 0.03711
34 136 -0.03951
34 137 -0.15724
34 138 -0.01253
34 139 0.11552
34 140 0.07471
34 141 -0.07974
34 142 -0.05483
34 143 0.05115
34 144 -0.07959
34 145 0.02049
34 146 0.00679
34 147 0.05979
34 148 -0.03422
34 149 0.01021
34 150 -0.05821
34 151 -0.05706
34 152 0.06365
34 153 -0.01446
34 154 -0.02268
34 155 0.08609
34 156 -0.07485
34 157 -0.14342
34 158 -0.10189
34 159 -0.06191
34 160 -0.03795
34 161 0.0076
34 162 -0.02763
34 163 -0.0858
34 164 0.01265
34 165 0.16036
34 166 0.03869
34 167 -0.03794
34 168 -0.00203
34 169 -0.00481
34 170 0.04723
34 171 -0.02573
34 172 0.02994
34 173 0.04739
34 174 0.08193
34 175 0.06414
34 176 0.00997
34 177 -0.08229
34 178 0.07416
34 179 0.04566
34 180 0.07011
34 181 0.02646
34 182 0.07074
34 183 -0.00322
34 184 -0.01698
34 185 -0.1083
34 186 -0.03744
34 187 -0.03266
34 188 0.04503
34 189 -0.0304
34 190 -0.07154
34 191 0.01478
34 192 0.13271
34 193 -0.04832
34 194 0.02098
34 195 -0.04258
34 196 -0.0566
34 197 0.00418
34 198 -0.06181
34 199 0.04329
34 200 0.02711
34 201 -0.03559
34 202 -0.05514
34 203 -0.00273
34 204 0.00792
34 205 0.07494
34 206 0.12891
34 207 -0.02717
34 208 -0.0021
34 209 0.13895
34 210 0.04105
34 211 0.06541
34 212 0.03898
34 213 0.03061
34 214 -0.07694
34 215 -0.07127
34 216 0.05596
34 217 0.01473
34 218 0.02901
34 219 -0.02338
34 220 -0.03562
34 221 -0.02111
34 222 -0.03668
34 223 -0.07419
34 224 -0.07426
34 225 -0.01115
34 226 -0.06564
34 227 -0.02824
34 228 -0.02244
34 229 -0.01171
34 230 0.00446
34 231 -0.03242
34 232 0.0655
34 233 -0.12841
34 234 0.02086
34 235 -0.03583
34 236 -0.05581
34 237 0.05734
34 238 0.02499
34 239 -0.01042
34 240 -0.00937
34 241 0.0614
34 242 0.00503
34 243 0.07681
34 244 -0.0347
34 245 0.08527
34 246 -0.0365
34 247 -0.0203
34 248 -0.06466
34 249 -0.04003
34 250 -0.06424
34 251 0.04413
34 252 -0.22386
34 253 0.11173
34 254 -0.06906
34 255 -0.08493
34 256 -0.10543
34 257 -0.01543
34 258 0.00683
34 259 -0.07573
34 260 -0.07317
34 261 0.02922
34 262 -0.03413
34 263 0.05977
34 264 0.00424
34 265 0.08578
34 266 0.0506
34 267 0.04619
34 268 0.01658
34 269 -0.01166
34 270 -0.00342
34 271 -0.02919
34 272 -0.06632
34 273 -0.06768
34 274 -0.08698
34 275 0.0349
34 276 -0.0852
34 277 0.075
34 278 -0.09537
34 279 0.03012
34 280 -0.07485
34 281 0.04202
34 282 0.00654
34 283 -0.01146
34 284 0.01426
34 285 0.01185
34 286 0.00725
34 287 0.07094
34 288 -0.03415
34 289 0.07444
34 290 -0.01516
34 291 -0.02022
34 292 0.15802
34 293 0.03642
34 294 -0.01271
34 295 0.00254
34 296 0.12834
34 297 -0.04021
34 298 0.12336
34 299 -0.03137
35 36 0.01333
35 37 -0.04275
35 38 0.00554
35 39 0.07869
35 40 -0.13935
35 41 0.04583
35 42 0.0438
35 43 -0.10411
35 44 -0.09474
35 45 -0.06657
35 46 -0.03408
35 47 -0.04947
35 48 0.02897
35 49 -0.00905
35 50 -0.05357
35 51 -0.03163
35 52 -0.02704
35 53 -0.01704
35 54 -0.15149
35 55 -0.00182
35 56 0.05284
35 57 0.07349
35 58 0.0133
35 59 -0.05312
35 60 0.02299
35 61 0.01709
35 62 0.0251
35 63 0.04485
35 64 0.02193
35 65 0.05381
35 66 -0.01682
35 67 -0.05701
35 68 -0.07802
35 69 -0.08272
35 70 0.03631
35 71 -0.09091
35 72 -0.0861
35 73 -0.08914
35 74 -0.02201
35 75 0.03638
35 76 0.08058
35 77 -0.0277
35 78 -0.0518
35 79 -0.02703
35 80 0.06163
35 81 -0.02154
35 82 -0.01137
35 83 0.02945
35 84 0.03095
35 85 -0.06768
35 86 0.03753
35 87 -0.02409
35 88 -0.03609
35 89 0.04169
35 90 -0.04576
35 91 -0.04678
35 92 0.03236
35 93 0.0061
35 94 0.04416
35 95 -0.0252
35 96 -0.01411
35 97 0.09425
35 98 -0.08334
35 99 -0.02113
35 100 -0.04358
35 101 0.14431
35 102 0.02276
35 103 0.07777
35 104 0.06116
35 105 0.02552
35 106 -0.07988
35 107 -0.03886
35 108 -0.0616
35 109 -0.03526
35 110 -0.06212
35 111 -0.02591
35 112 0.10355
35 113 0.05956
35 114 0.08562
35 115 -0.01578
35 116 -0.00209
35 117 0.08629
35 118 -0.05354
35 119 0.13549
35 120 -0.03294
35 121 -0.01866
35 122 -0.00612
35 123 -0.00353
35 124 -0.12673
35 125 0.09623
35 126 0.08903
35 127 -0.04753
35 128 -0.04807
35 129 -0.06412
35 130 -0.05508
35 131 0.10824
35 132 -0.01893
35 133 -0.0198
35 134 0.01057
35 135 0.02272
35 136 -0.09095
35 137 -0.03747
35 138 0.00906
35 139 -0.01028
35 140 -0.02279
35 141 -0.00087
35 142 0.04178
35 143 -0.00473
35 144 0.0442
35 145 -0.015
35 146 0.00169
35 147 -0.05383
35 148 -0.04083
35 149 -0.04635
35 150 0.10516
35 151 -0.03579
35 152 -0.0564
35 153 -0.01364
35 154 0.00414
35 155 0.02584
35 156 0.01552
35 157 0.01952
35 158 0.02493
35 159 -0.00385
35 160 -0.06062
35 161 0.05212
35 162 0.00938
35 163 -0.03286
35 164 0.09761
35 165 -0.11695
35 166 0.08024
35 167 -0.08869
35 168 -0.11502
35 169 -0.01864
35 170 -0.00604
35 171 -0.07452
35 172 0.09901
35 173 -0.03536
35 174 0.04302
35 175 -0.08698
35 176 0.01785
35 177 -0.00265
35 178 -0.03697
35 179 -0.06768
35 180 -0.10324
35 181 -0.04656
35 182 -0.00109
35 183 0.04547
35 184 0.04815
35 185 0.11655
35 186 -0.1183
35 187 -0.00213
35 188 0.05514
35 189 -0.06601
35 190 0.07617
35 191 0.02576
35 192 -0.00539
35 193 0.00335
35 194 -0.09158
35 195 0.01607
35 196 0.0101
35 197 -0.07139
35 198 0.00226
35 199 0.09571
35 200 -0.0077
35 201 -0.02378
35 202 -0.07035
35 203 -0.03146
35 204 0.06028
35 205 0.02212
35 206 -0.02209
35 207 -0.0549
35 208 0.00609
35 209 0.0427
35 210 0.00376
35 211 0.02817
35 212 -0.03834
35 213 -0.04377
35 214 0.10612
35 215 0.01023
35 216 -0.02639
35 217 0.07062
35 218 0.01466
35 219 0.13675
35 220 -0.04017
35 221 -0.04698
35 222 0.01908
35 223 0.01156
35 224 0.04345
35 225 0.01671
35 226 -0.0683
35 227 0.09417
35 228 0.03205
35 229 -0.08435
35 230 0.04093
35 231 0.05812
35 232 -0.00455
35 233 -0.02856
35 234 -0.09184
35 235 -0.01246
35 236 0.01821
35 237 -0.0354
35 238 0.06602
35 239 -0.04894
35 240 -0.00753
35 241 0.00244
35 242 -0.0027
35 243 0.01445
35 244 -0.00463
35 245 -0.097
35 246 0.09056
35 247 -0.10689
35 248 0.04767
35 249 -0.05743
35 250 -0.01037
35 251 -0.099
35 252 0.06894
35 253 -0.09306
35 254 0.02672
35 255 -0.04696
35 256 -0.0396
35 257 0.07702
35 258 -0.13717
35 259 0.04524
35 260 -0.0262
35 261 -0.06639
35 262 -0.03887
35 263 0.02075
35 264 0.00522
35 265 -0.04549
35 266 -0.08803
35 267 0.09694
35 268 0.03934
35 269 0.13921
35 270 -0.02735
35 271 -0.1194
35 272 -0.01267
35 273 0.05142
35 274 -0.06622
35 275 -0.01527
35 276 0.00953
35 277 -0.13469
35 278 -0.0928
35 279 -0.01566
35 280 0.02785
35 281 -0.03241
35 282 0.03328
35 283 -0.03298
35 284 -0.01115
35 285 -0.12304
35 286 0.04117
35 287 -0.07324
35 288 -0.02901
35 289 0.07548
35 290 0.03613
35 291 -0.08224
35 292 0.08458
35 293 -0.02671
35 294 -0.08327
35 295 0.03775
35 296 0.06269
35 297 0.10649
35 298 -0.15437
35 299 -0.00236
36 37 0.0456
36 38 0.06351
36 39 0.04567
36 40 -0.05257
36 41 0.06583
36 42 0.03682
36 43 -0.04177
36 44 -0.00445
36 45 0.003
36 46 -0.01782
36 47 -0.00066
36 48 -0.08502
36 49 0.04024
36 50 0.03187
36 51 0.02659
36 52 0.01671
36 53 -0.06247
36 54 0.01193
36 55 0.00684
36 56 0.09321
36 57 -0.04001
36 58 -0.03381
36 59 -0.09149
36 60 0.05299
36 61 -0.03034
36 62 -0.00102
36 63 -0.02603
36 64 0.01732
36 65 0.09981
36 66 0.08095
36 67 -0.11266
36 68 -0.03095
36 69 -0.05094
36 70 -0.00907
36 71 0.04741
36 72 -0.04126
36 73 0.01294
36 74 -0.04825
36 75 0.08857
36 76 0.03488
36 77 -0.00633
36 78 -0.07306
36 79 -0.07574
36 80 0.06872
36 81 -0.13672
36 82 -0.01954
36 83 0.10073
36 84 0.04259
36 85 0.07501
36 86 0.05413
36 87 -0.04003
36 88 -0.07361
36 89 0.04219
36 90 -0.10714
36 91 -0.061
36 92 0.03539
36 93 -0.05255
36 94 0.01229
36 95 -0.03417
36 96 0.05767
36 97 -0.0151
36 98 0.04355
36 99 -0.11409
36 100 0.00305
36 101 -0.09302
36 102 -0.00174
36 103 -0.07536
36 104 -0.05888
36 105 -0.07048
36 106 -0.01175
36 107 0.05353
36 108 -0.0618
36 109 0.00196
36 110 0.00049
36 111 -0.02036
36 112 -0.04543
36 113 -0.01828
36 114 0.03839
36 115 -0.06988
36 116 0.00632
36 117 0.01332
36 118 0.02304
36 119 0.06161
36 120 0.0155
36 121 -0.03997
36 122 -0.04989
36 123 -0.07251
36 124 -0.01888
36 125 0.05031
36 126 -0.02988
36 127 -0.02271
36 128 0.03349
36 129 -0.01067
36 130 -0.03202
36 131 0.03369
36 132 -0.04861
36 133 -0.04392
36 134 -0.0294
36 135 -0.04065
36 136 0.07133
36 137 -0.00111
36 138 0.0356
36 139 0.00231
36 140 -0.04017
36 141 0.01704
36 142 -0.01281
36 143 -0.06009
36 144 -0.06484
36 145 0.02137
36 146 0.02355
36 147 -0.01616
36 148 -0.01249
36 149 -0.04214
36 150 0.03604
36 151 -0.03594
36 152 0.03897
36 153 0.07294
36 154 0.03358
36 155 0.01463
36 156 -0.01193
36 157 -0.1262
36 158 -0.06357
36 159 0.00228
36 160 -0.04323
36 161 0.11901
36 162 0.08943
36 163 -0.07008
36 164 -0.00359
36 165 0.02657
36 166 -0.00301
36 167 0.08357
36 168 -0.02295
36 169 -0.07309
36 170 -0.0754
36 171 0.10579
36 172 -0.08872
36 173 -0.08264
36 174 -0.04275
36 175 0.0305
36 176 -0.04683
36 177 0.10639
36 178 -0.04111
36 179 -0.00715
36 180 -0.00448
36 181 0.00313
36 182 -0.06818
36 183 0.0402
36 184 -0.04884
36 185 -0.12045
36 186 0.08337
36 187 -0.01431
36 188 -0.03636
36 189 -0.1051
36 190 0.03709
36 191 -0.06212
36 192 0.04026
36 193 -0.03974
36 194 -0.0228
36 195 0.10224
36 196 0.02276
36 197 -0.13627
36 198 0.04429
36 199 0.0395
36 200 0.1198
36 201 -0.07535
36 202 -0.07684
36 203 0.00239
36 204 -0.04192
36 205 0.05253
36 206 -0.01457
36 207 -0.0123
36 208 -0.04344
36 209 0.05147
36 210 -0.02628
36 211 0.11932
36 212 -0.03084
36 213 -0.09391
36 214 0.00875
36 215 0.03086
36 216 0.0834
36 217 0.05805
36 218 -0.06013
36 219 0.04675
36 220 -0.06578
36 221 -0.12751
36 222 -0.01123
36 223 -0.06481
36 224 -0.02342
36 225 -0.01304
36 226 -0.05742
36 227 -0.07309
36 228 0.01989
36 229 0.10469
36 230 -0.10152
36 231 0.11516
36 232 0.04763
36 233 -0.03587
36 234 -0.03617
36 235 -0.10972
36 236 0.00546
36 237 0.02919
36 238 -0.00858
36 239 0.0239
36 240 -0.06738
36 241 0.08755
36 242 -0.05264
36 243 -0.07614
36 244 -0.07385
36 245 0.11405
36 246 0.08859
36 247 0.1054
36 248 0.02076
36 249 0.05477
36 250 -0.0271
36 251 -0.08519
36 252 0.07059
36 253 0.05042
36 254 0.02115
36 255 -0.16413
36 256 0.00012
36 257 0.00877
36 258 0.0506
36 259 0.0027
36 260 -0.08975
36 261 -0.01325
36 262 0.02007
36 263 -0.13398
36 264 -0.02114
36 265 -0.01316
36 266 -0.05078
36 267 0.00571
36 268 -0.01725
36 269 -0.07911
36 270 0.00993
36 271 0.06995
36 272 -0.04236
36 273 0.09221
36 274 0.02469
36 275 0.03875
36 276 -0.06383
36 277 0.00546
36 278 0.02472
36 279 -0.01785
36 280 -0.03365
36 281 -0.11592
36 282 0.01915
36 283 0.00602
36 284 0.00485
36 285 -0.04938
36 286 -0.0084
36 287 0.05592
36 288 0.02294
36 289 -0.03814
36 290 -0.01099
36 291 0.03126
36 292 0.06438
36 293 0.0451
36 294 -0.02521
36 295 -0.00207
36 296 -0.01621
36 297 0.09854
36 298 -0.01726
36 299 -0.04194
37 38 0.11033
37 39 0.00312
37 40 -0.04592
37 41 -0.04426
37 42 -0.00493
37 43 0.0656
37 44 0.03762
37 45 -0.01922
37 46 0.05839
37 47 0.08734
37 48 -0.00009
37 49 -0.09229
37 50 -0.07994
37 51 0.0219
37 52 -0.01284
37 53 -0.04862
37 54 0.09608
37 55 -0.11001
37 56 0.04272
37 57 -0.02413
37 58 -0.01627
37 59 -0.02924
37 60 -0.03499
37 61 0.01537
37 62 -0.03761
37 63 0.0921
37 64 -0.06343
37 65 -0.05743
37 66 -0.00943
37 67 0.00378
37 68 0.07791
37 69 0.08435
37 70 0.00557
37 71 -0.03561
37 72 -0.03499
37 73 0.07774
37 74 -0.04734
37 75 0.00578
37 76 0.03549
37 77 0.05885
37 78 -0.11609
37 79 -0.08204
37 80 -0.0344
37 81 0.05225
37 82 0.07066
37 83 -0.04425
37 84 -0.03167
37 85 0.01197
37 86 0.1208
37 87 0.02205
37 88 0.06163
37 89 0.0892
37 90 0.0868
37 91 0.04677
37 92 -0.04142
37 93 -0.06412
37 94 -0.03427
37 95 -0.04147
37 96 0.0225
37 97 -0.04615
37 98 0.06795
37 99 0.06629
37 100 -0.00282
37 101 0.02238
37 102 0.0481
37 103 -0.1006
37 104 0.05396
37 105 0.03049
37 106 0.00887
37 107 -0.04843
37 108 -0.01256
37 109 -0.00278
37 110 -0.00373
37 111 0.06582
37 112 -0.00605
37 113 -0.0364
37 114 -0.135
37 115 0.1129
37 116 0.0266
37 117 -0.02897
37 118 0.02697
37 119 -0.02026
37 120 -0.06989
37 121 -0.03363
37 122 -0.05473
37 123 0.00981
37 124 0.02342
37 125 0.01614
37 126 -0.10226
37 127 -0.00751
37 128 -0.00467
37 129 0.07513
37 130 0.04742
37 131 0.03732
37 132 0.02475
37 133 0.01385
37 134 0.05542
37 135 -0.01481
37 136 0.02565
37 137 -0.0463
37 138 0.00567
37 139 0.0075
37 140 -0.06632
37 141 -0.10013
37 142 -0.03253
37 143 0.01166
37 144 0.01849
37 145 0.03153
37 146 0.14032
37 147 0.06572
37 148 0.05872
37 149 0.03532
37 150 0.02489
37 151 -0.03519
37 152 -0.0183
37 153 -0.02857
37 154 -0.02654
37 155 0.0553
37 156 0.05841
37 157 0.03298
37 158 -0.0548
37 159 0.03995
37 160 -0.03977
37 161 -0.02375
37 162 -0.04065
37 163 0.02002
37 164 -0.01895
37 165 -0.03901
37 166 0.03218
37 167 -0.00071
37 168 0.05232
37 169 0.03098
37 170 0.05649
37 171 0.02755
37 172 -0.01911
37 173 0.04475
37 174 0.10143
37 175 -0.02026
37 176 -0.03526
37 177 -0.1369
37 178 0.00761
37 179 -0.07556
37 180 -0.11959
37 181 -0.03036
37 182 0.07076
37 183 0.09488
37 184 0.11106
37 185 -0.0523
37 186 -0.05868
37 187 0.02244
37 188 -0.05753
37 189 0.04612
37 190 -0.08427
37 191 -0.00304
37 192 -0.07405
37 193 -0.11081
37 194 -0.00717
37 195 -0.04498
37 196 -0.0279
37 197 0.00805
37 198 -0.06421
37 199 -0.03168
37 200 -0.00187
37 201 0.02347
37 202 -0.02934
37 203 0.01265
37 204 -0.00573
37 205 0.05543
37 206 -0.0367
37 207 -0.03078
37 208 0.03361
37 209 0.10076
37 210 0.11394
37 211 -0.05806
37 212 -0.07793
37 213 -0.04293
37 214 0.08601
37 215 0.01037
37 216 -0.06477
37 217 -0.03512
37 218 -0.0465
37 219 0.00454
37 220 -0.00171
37 221 -0.01095
37 222 -0.04193
37 223 0.00898
37 224 0.04452
37 225 0.02823
37 226 0.04237
37 227 0.01846
37 228 0.03953
37 229 0.04527
37 230 0.0738
37 231 -0.00817
37 232 0.01374
37 233 0.13119
37 234 -0.0301
37 235 0.02097
37 236 0.12692
37 237 -0.06186
37 238 0.02357
37 239 0.05507
37 240 0.02021
37 241 -0.05774
37 242 0.0213
37 243 0.02562
37 244 0.06757
37 245 0.01859
37 246 0.08001
37 247 0.00336
37 248 0.01079
37 249 0.03189
37 250 -0.01721
37 251 -0.11458
37 252 -0.0245
37 253 0.08526
37 254 -0.01483
37 255 0.06387
37 256 0.02722
37 257 -0.05684
37 258 -0.02706
37 259 -0.01002
37 260 0.05791
37 261 0.00721
37 262 0.10236
37 263 0.02921
37 264 0.03926
37 265 -0.07897
37 266 0.03396
37 267 -0.01946
37 268 0.04671
37 269 0.00736
37 270 -0.08128
37 271 0.06754
37 272 0.05059
37 273 0.02953
37 274 0.04601
37 275 0.05423
37 276 0.02355
37 277 -0.08029
37 278 -0.05839
37 279 -0.04438
37 280 -0.00681
37 281 0.00717
37 282 -0.02228
37 283 -0.02111
37 284 0.02656
37 285 0.10394
37 286 -0.0899
37 287 -0.02199
37 288 0.04549
37 289 0.11507
37 290 -0.00503
37 291 -0.04574
37 292 -0.06661
37 293 0.00026
37 294 -0.0435
37 295 0.15478
37 296 -0.07591
37 297 -0.06158
37 298 0.05304
37 299 0.04995
38 39 0.08097
38 40 0.06054
38 41 0.00852
38 42 0.03432
38 43 -0.10668
38 44 -0.00984
38 45 0.01475
38 46 0.07475
38 47 0.02278
38 48 0.00313
38 49 -0.04509
38 50 -0.01183
38 51 -0.01965
38 52 -0.09881
38 53 -0.0691
38 54 -0.03483
38 55 -0.06196
38 56 -0.00683
38 57 -0.00913
38 58 -0.03498
38 59 0.00295
38 60 -0.0127
38 61 0.07897
38 62 -0.0164
38 63 0.07896
38 64 0.07127
38 65 -0.00827
38 66 -0.12366
38 67 0.02154
38 68 0.05244
38 69 0.01931
38 70 -0.10042
38 71 -0.0977
38 72 0.0095
38 73 0.03632
38 74 -0.07299
38 75 -0.01403
38 76 -0.04913
38 77 0.19311
38 78 0.08064
38 79 0.08827
38 80 -0.10291
38 81 -0.02133
38 82 -0.03881
38 83 -0.04021
38 84 -0.05371
38 85 0.03273
38 86 0.04651
38 87 0.01167
38 88 -0.02677
38 89 -0.02998
38 90 0.03552
38 91 0.03102
38 92 0.0379
38 93 0.07148
38 94 0.01086
38 95 0.02474
38 96 0.0487
38 97 0.04907
38 98 0.09619
38 99 -0.03811
38 100 0.04789
38 101 -0.10587
38 102 -0.05971
38 103 0.03111
38 104 0.04844
38 105 -0.11879
38 106 -0.03525
38 107 -0.00467
38 108 -0.04217
38 109 -0.08275
38 110 -0.07916
38 111 -0.06268
38 112 0.01083
38 113 0.00702
38 114 0.04931
38 115 -0.01808
38 116 0.01364
38 117 0.04394
38 118 -0.11634
38 119 -0.0056
38 120 0.00998
38 121 0.0034
38 122 0.06193
38 123 -0.09988
38 124 -0.13015
38 125 0.00967
38 126 0.13204
38 127 0.03092
38 128 0.04746
38 129 0.0782
38 130 0.12414
38 131 -0.05354
38 132 -0.0189
38 133 -0.0608
38 134 0.07215
38 135 -0.03661
38 136 -0.09499
38 137 0.05734
38 138 0.01704
38 139 0.0804
38 140 -0.05486
38 141 0.07036
38 142 0.01662
38 143 -0.02077
38 144 -0.00253
38 145 0.03091
38 146 0.034
38 147 0.0061
38 148 -0.00896
38 149 -0.03127
38 150 -0.01757
38 151 -0.08094
38 152 0.03902
38 153 0.14522
38 154 0.09326
38 155 -0.05395
38 156 0.07607
38 157 0.07067
38 158 0.13224
38 159 0.14856
38 160 -0.06213
38 161 -0.01103
38 162 -0.02545
38 163 -0.03666
38 164 -0.02397
38 165 0.07732
38 166 -0.03054
38 167 0.04571
38 168 0.00783
38 169 -0.03619
38 170 0.01053
38 171 -0.06319
38 172 -0.00016
38 173 -0.02073
38 174 -0.06157
38 175 -0.02472
38 176 -0.03307
38 177 0.05539
38 178 -0.00502
38 179 -0.06568
38 180 -0.07448
38 181 -0.07395
38 182 -0.04583
38 183 0.03846
38 184 -0.01665
38 185 -0.06327
38 186 0.03736
38 187 0.02616
38 188 -0.01984
38 189 0.02013
38 190 0.09383
38 191 0.12939
38 192 0.10275
38 193 -0.01811
38 194 -0.03126
38 195 -0.05953
38 196 0.02348
38 197 0.01267
38 198 -0.04271
38 199 -0.03593
38 200 0.02213
38 201 -0.00699
38 202 -0.01498
38 203 0.02772
38 204 0.02864
38 205 0.02087
38 206 -0.10048
38 207 -0.11789
38 208 0.01087
38 209 0.00798
38 210 -0.04818
38 211 0.02862
38 212 -0.0696
38 213 0.06
38 214 -0.00701
38 215 -0.16765
38 216 -0.06829
38 217 0.00336
38 218 0.01564
38 219 0.00569
38 220 -0.04461
38 221 0.14424
38 222 0.05961
38 223 0.05331
38 224 -0.08708
38 225 -0.026
38 226 0.04237
38 227 0.03341
38 228 0.00961
38 229 0.05491
38 230 -0.00553
38 231 -0.00388
38 232 0.04069
38 233 -0.03404
38 234 0.05404
38 235 0.11136
38 236 0.01131
38 237 0.10319
38 238 0.05562
38 239 -0.02029
38 240 0.08453
38 241 -0.04272
38 242 0.0225
38 243 0.09221
38 244 0.04412
38 245 -0.05883
38 246 0.03791
38 247 0.01667
38 248 -0.16105
38 249 -0.05701
38 250 0.14621
38 251 -0.10686
38 252 0.06073
38 253 -0.01137
38 254 0.13506
38 255 -0.00169
38 256 0.01945
38 257 -0.09787
38 258 0.07471
38 259 -0.00758
38 260 0.09836
38 261 0.13613
38 262 -0.00476
38 263 -0.11454
38 264 -0.04813
38 265 0.06663
38 266 0.00742
38 267 0.01505
38 268 0.02293
38 269 0.03204
38 270 0.01746
38 271 -0.03026
38 272 0.09508
38 273 0.05028
38 274 -0.12415
38 275 0.01741
38 276 0.02711
38 277 -0.01778
38 278 -0.08657
38 279 0.00673
38 280 -0.007
38 281 -0.00223
38 282 -0.07721
38 283 -0.026
38 284 0.0202
38 285 -0.01728
38 286 0.02116
38 287 0.0193
38 288 -0.02794
38 289 -0.03848
38 290 0.07634
38 291 -0.02175
38 292 0.03938
38 293 0.06424
38 294 0.01495
38 295 0.02059
38 296 -0.03024
38 297 0.06797
38 298 0.00914
38 299 0.0146
39 40 0.08547
39 41 -0.01844
39 42 0.04454
39 43 -0.0174
39 44 0.0716
39 45 0.07531
39 46 -0.04595
39 47 -0.00004
39 48 0.06394
39 49 -0.07501
39 50 0.03492
39 51 -0.06517
39 52 0.00991
39 53 -0.06258
39 54 0.09145
39 55 0.04582
39 56 0.0356
39 57 0.00467
39 58 0.09895
39 59 -0.00938
39 60 0.00752
39 61 -0.01397
39 62 0.00807
39 63 0.04401
39 64 -0.11726
39 65 0.09624
39 66 0.10395
39 67 0.12819
39 68 0.12421
39 69 0.06282
39 70 -0.08635
39 71 -0.01875
39 72 -0.00622
39 73 -0.03907
39 74 -0.04134
39 75 -0.07637
39 76 0.03406
39 77 0.00482
39 78 0.00466
39 79 0.09224
39 80 0.03139
39 81 -0.1135
39 82 0.17311
39 83 0.01135
39 84 -0.0357
39 85 0.01667
39 86 0.0296
39 87 -0.03125
39 88 -0.00625
39 89 -0.02975
39 90 -0.05513
39 91 0.02815
39 92 -0.01501
39 93 0.00122
39 94 -0.05439
39 95 -0.03814
39 96 0.03565
39 97 0.00744
39 98 -0.05877
39 99 -0.10569
39 100 -0.00615
39 101 0.02097
39 102 0.07288
39 103 0.0426
39 104 -0.06773
39 105 -0.10327
39 106 -0.09941
39 107 -0.0175
39 108 -0.00617
39 109 0.01222
39 110 -0.12422
39 111 -0.12059
39 112 0.05002
39 113 -0.10922
39 114 -0.1094
39 115 0.03382
39 116 0.02247
39 117 0.04638
39 118 -0.01235
39 119 -0.02456
39 120 -0.01402
39 121 -0.08355
39 122 0.03064
39 123 -0.09197
39 124 -0.02563
39 125 -0.10104
39 126 -0.01891
39 127 0.12209
39 128 -0.00429
39 129 -0.07373
39 130 -0.0186
39 131 0.06633
39 132 0.02914
39 133 -0.02004
39 134 0.01223
39 135 0.08884
39 136 -0.07295
39 137 0.00212
39 138 -0.08582
39 139 -0.08203
39 140 0.06744
39 141 0.05624
39 142 -0.05379
39 143 0.07306
39 144 0.11381
39 145 -0.07293
39 146 -0.03768
39 147 -0.01168
39 148 0.01241
39 149 -0.14683
39 150 0.14127
39 151 -0.01516
39 152 0.15051
39 153 0.07334
39 154 0.03045
39 155 0.05983
39 156 -0.04653
39 157 0.04575
39 158 0.03876
39 159 0.05008
39 160 0.10058
39 161 0.00929
39 162 -0.00592
39 163 -0.0584
39 164 0.1067
39 165 -0.01186
39 166 -0.01133
39 167 0.04245
39 168 0.09861
39 169 -0.11143
39 170 -0.01351
39 171 0.0176
39 172 0.00765
39 173 0.04078
39 174 0.00445
39 175 -0.08917
39 176 -0.04745
39 177 0.07941
39 178 -0.04745
39 179 -0.04096
39 180 -0.006
39 181 0.02689
39 182 0.04743
39 183 0.06105
39 184 -0.03614
39 185 0.07144
39 186 -0.01786
39 187 0.00944
39 188 0.00658
39 189 -0.06736
39 190 -0.0562
39 191 0.02454
39 192 0.10741
39 193 0.00217
39 194 -0.03641
39 195 -0.00449
39 196 0.12325
39 197 -0.06181
39 198 -0.01281
39 199 -0.01191
39 200 0.04173
39 201 0.02803
39 202 0.04253
39 203 -0.05136
39 204 0.00486
39 205 -0.08519
39 206 0.07359
39 207 0.07993
39 208 0.01332
39 209 0.00475
39 210 -0.02016
39 211 0.05786
39 212 0.03123
39 213 -0.10618
39 214 0.05874
39 215 0.02588
39 216 0.00985
39 217 -0.02729
39 218 -0.05382
39 219 0.14333
39 220 0.00563
39 221 0.11173
39 222 -0.04587
39 223 -0.04241
39 224 -0.00785
39 225 -0.0303
39 226 0.01069
39 227 -0.13468
39 228 -0.05016
39 229 0.02073
39 230 -0.01404
39 231 0.08876
39 232 0.06447
39 233 0.02135
39 234 0.08104
39 235 -0.02181
39 236 0.06302
39 237 -0.0596
39 238 -0.01102
39 239 0.01158
39 240 -0.02496
39 241 -0.02371
39 242 -0.03292
39 243 0.03404
39 244 0.0175
39 245 0.00017
39 246 -0.00614
39 247 -0.03707
39 248 0.00214
39 249 0.08149
39 250 0.09532
39 251 -0.00948
39 252 -0.04386
39 253 -0.09105
39 254 0.03666
39 255 0.09947
39 256 -0.01674
39 257 -0.04382
39 258 0.0201
39 259 0.00177
39 260 0.08584
39 261 -0.01008
39 262 -0.06275
39 263 -0.00918
39 264 0.11431
39 265 0.08363
39 266 0.05719
39 267 -0.13944
39 268 -0.03981
39 269 -0.05857
39 270 0.03407
39 271 -0.00771
39 272 0.08265
39 273 0.00752
39 274 -0.08528
39 275 0.04828
39 276 -0.06643
39 277 0.06449
39 278 -0.03221
39 279 -0.09713
39 280 -0.09171
39 281 -0.03435
39 282 -0.01461
39 283 0.09551
39 284 -0.07801
39 285 -0.09618
39 286 -0.0005
39 287 -0.18935
39 288 0.00872
39 289 0.02867
39 290 -0.11946
39 291 0.05256
39 292 0.03781
39 293 -0.08211
39 294 -0.00306
39 295 -0.08907
39 296 -0.02545
39 297 -0.03751
39 298 -0.00574
39 299 -0.05766
40 41 0.02664
40 42 0.0449
40 43 0.00037
40 44 -0.02053
40 45 -0.07905
40 46 0.00916
40 47 0.04312
40 48 -0.01019
40 49 0.07432
40 50 0.11181
40 51 -0.09327
40 52 0.00032
40 53 0.12358
40 54 -0.03759
40 55 -0.0689
40 56 -0.11304
40 57 0.0072
40 58 0.03948
40 59 0.02279
40 60 0.09202
40 61 0.03537
40 62 0.03935
40 63 -0.03016
40 64 -0.02985
40 65 -0.05735
40 66 -0.07262
40 67 0.01354
40 68 -0.08928
40 69 0.04267
40 70 0.05788
40 71 0.0723
40 72 -0.02897
40 73 -0.01678
40 74 -0.03138
40 75 0.0527
40 76 -0.03454
40 77 0.03081
40 78 0.02476
40 79 -0.04997
40 80 0.04598
40 81 0.0313
40 82 0.0305
40 83 0.00712
40 84 0.07335
40 85 -0.01357
40 86 -0.02144
40 87 -0.02753
40 88 -0.00707
40 89 -0.0717
40 90 0.05444
40 91 -0.00811
40 92 0.04255
40 93 0.00374
40 94 0.05703
40 95 -0.04335
40 96 -0.01881
40 97 -0.00209
40 98 -0.06206
40 99 -0.03412
40 100 -0.09576
40 101 -0.01101
40 102 -0.15164
40 103 -0.00372
40 104 -0.03227
40 105 -0.10421
40 106 -0.02725
40 107 0.04902
40 108 0.06524
40 109 0.00998
40 110 -0.00161
40 111 -0.0348
40 112 -0.08837
40 113 0.02531
40 114 0.03554
40 115 -0.00675
40 116 -0.00972
40 117 0.13072
40 118 0.07325
40 119 -0.07939
40 120 0.02548
40 121 -0.0564
40 122 0.01951
40 123 -0.00214
40 124 -0.0632
40 125 0.01499
40 126 -0.13969
40 127 0.02354
40 128 -0.05353
40 129 0.02381
40 130 0.00179
40 131 0.00316
40 132 -0.06533
40 133 0.07855
40 134 -0.04481
40 135 0.02933
40 136 -0.04058
40 137 0.01813
40 138 -0.0089
40 139 0.00368
40 140 -0.02828
40 141 0.03755
40 142 0.02347
40 143 -0.05279
40 144 -0.08056
40 145 -0.08758
40 146 -0.02072
40 147 0.01755
40 148 0.06217
40 149 0.00045
40 150 -0.11193
40 151 -0.00843
40 152 0.06451
40 153 -0.06862
40 154 -0.14399
40 155 0.09227
40 156 0.0916
40 157 0.04611
40 158 0.01918
40 159 -0.02155
40 160 0.0973
40 161 -0.04125
40 162 -0.03808
40 163 0.08132
40 164 -0.0101
40 165 -0.00064
40 166 -0.05557
40 167 -0.05031
40 168 0.09483
40 169 -0.02274
40 170 -0.01744
40 171 -0.00134
40 172 -0.05361
40 173 0.07486
40 174 -0.02058
40 175 -0.00405
40 176 0.05186
40 177 -0.03051
40 178 -0.02947
40 179 0.00275
40 180 -0.04985
40 181 -0.09894
40 182 -0.0659
40 183 0.04946
40 184 0.03013
40 185 -0.03407
40 186 -0.01774
40 187 -0.01582
40 188 0.08986
40 189 -0.03114
40 190 -0.00484
40 191 0.0236
40 192 0.08116
40 193 -0.00027
40 194 -0.00918
40 195 0.08991
40 196 -0.03235
40 197 -0.05629
40 198 -0.00223
40 199 -0.07677
40 200 0.04919
40 201 -0.08015
40 202 0.02723
40 203 -0.02536
40 204 0.06689
40 205 0.09732
40 206 -0.01307
40 207 -0.01937
40 208 0.08302
40 209 0.01788
40 210 0.00905
40 211 -0.12117
40 212 0.03178
40 213 0.02702
40 214 0.03753
40 215 0.03146
40 216 -0.03194
40 217 -0.02848
40 218 0.05661
40 219 -0.0239
40 220 -0.00314
40 221 0.02544
40 222 -0.15912
40 223 -0.06049
40 224 -0.07422
40 225 0.02336
40 226 -0.02694
40 227 0.05334
40 228 0.08517
40 229 -0.09231
40 230 -0.01177
40 231 -0.01555
40 232 0.02294
40 233 -0.03502
40 234 0.03246
40 235 -0.06197
40 236 -0.02824
40 237 0.05203
40 238 0.00853
40 239 0.06393
40 240 -0.07235
40 241 -0.03283
40 242 -0.01025
40 243 -0.02344
40 244 -0.03573
40 245 -0.05787
40 246 -0.10987
40 247 0.03808
40 248 0.01549
40 249 0.09585
40 250 -0.02845
40 251 -0.06925
40 252 -0.04098
40 253 0.07756
40 254 0.10748
40 255 -0.03858
40 256 -0.03853
40 257 0.01745
40 258 -0.05941
40 259 -0.03282
40 260 -0.12551
40 261 0.03012
40 262 0.01731
40 263 -0.02209
40 264 -0.024
40 265 -0.02337
40 266 -0.02402
40 267 -0.00813
40 268 -0.13851
40 269 -0.04884
40 270 0.00881
40 271 0.03012
40 272 0.11995
40 273 -0.00582
40 274 0.04795
40 275 -0.05018
40 276 0.05635
40 277 0.05275
40 278 0.1835
40 279 0.04991
40 280 0.01313
40 281 -0.10544
40 282 0.04922
40 283 0.07631
40 284 0.03149
40 285 0.0172
40 286 -0.0407
40 287 0.05242
40 288 0.01369
40 289 -0.05816
40 290 0.02232
40 291 -0.06402
40 292 0.06036
40 293 0.02231
40 294 0.05142
40 295 0.05076
40 296 0.05103
40 297 -0.04145
40 298 -0.03961
40 299 -0.08009
41 42 -0.00688
41 43 0.04355
41 44 0.08875
41 45 -0.0533
41 46 0.12291
41 47 0.05789
41 48 -0.02869
41 49 0.0981
41 50 -0.02857
41 51 -0.07766
41 52 0.04853
41 53 -0.02381
41 54 0.04148
41 55 0.09906
41 56 0.07341
41 57 -0.04906
41 58 -0.10434
41 59 -0.08486
41 60 0.05367
41 61 0.01201
41 62 -0.04684
41 63 -0.00297
41 64 -0.09238
41 65 -0.06687
41 66 0.06434
41 67 0.02501
41 68 0.05569
41 69 -0.03785
41 70 -0.08267
41 71 0.07602
41 72 0.04274
41 73 -0.1101
41 74 -0.0292
41 75 0.12074
41 76 0.09958
41 77 0.01084
41 78 -0.06618
41 79 -0.1099
41 80 -0.08446
41 81 0.07987
41 82 -0.06698
41 83 -0.08828
41 84 -0.02947
41 85 0.03688
41 86 -0.08655
41 87 0.01732
41 88 -0.04496
41 89 0.01693
41 90 -0.05182
41 91 -0.13609
41 92 -0.00538
41 93 -0.03925
41 94 -0.0612
41 95 -0.09838
41 96 0.08121
41 97 0.05923
41 98 0.09556
41 99 -0.01639
41 100 -0.05571
41 101 -0.0267
41 102 0.04754
41 103 0.03587
41 104 -0.00036
41 105 -0.08348
41 106 0.01394
41 107 0.03598
41 108 0.02676
41 109 -0.00443
41 110 0.07822
41 111 0.02089
41 112 -0.04852
41 113 -0.10645
41 114 -0.00015
41 115 0.0369
41 116 -0.01272
41 117 0.03561
41 118 -0.05951
41 119 0.04395
41 120 -0.06848
41 121 0.12994
41 122 0.01609
41 123 0.04763
41 124 0.05288
41 125 0.14293
41 126 -0.04991
41 127 0.03207
41 128 -0.06808
41 129 -0.03819
41 130 -0.07704
41 131 0.05042
41 132 -0.04827
41 133 -0.00466
41 134 0.00736
41 135 0.0143
41 136 -0.01702
41 137 -0.02807
41 138 0.1009
41 139 0.03446
41 140 -0.05378
41 141 -0.04781
41 142 0.00552
41 143 0.09455
41 144 -0.04422
41 145 0.01331
41 146 0.07117
41 147 0.02958
41 148 -0.03526
41 149 0.11833
41 150 -0.09126
41 151 -0.07234
41 152 0.02615
41 153 0.02204
41 154 -0.02518
41 155 -0.02492
41 156 0.08364
41 157 0.0668
41 158 -0.02305
41 159 0.03838
41 160 0.07155
41 161 0.02562
41 162 0.05912
41 163 -0.03399
41 164 -0.03537
41 165 0.02376
41 166 0.0069
41 167 0.01656
41 168 -0.0087
41 169 -0.09586
41 170 -0.01504
41 171 -0.01672
41 172 0.04754
41 173 -0.02315
41 174 -0.05784
41 175 0.08747
41 176 -0.08679
41 177 0.05595
41 178 0.01079
41 179 0.01724
41 180 -0.1294
41 181 0.0371
41 182 0.05805
41 183 -0.02324
41 184 0.00847
41 185 -0.00031
41 186 -0.05639
41 187 -0.07014
41 188 -0.06635
41 189 0.03459
41 190 0.06232
41 191 -0.10485
41 192 0.02359
41 193 0.06086
41 194 0.0047
41 195 0.03952
41 196 0.03406
41 197 0.06124
41 198 0.03896
41 199 0.05143
41 200 -0.03958
41 201 0.01886
41 202 -0.00418
41 203 0.03828
41 204 0.01091
41 205 0.08818
41 206 -0.03771
41 207 -0.11906
41 208 -0.01992
41 209 0.05415
41 210 -0.0932
41 211 0.01567
41 212 -0.04896
41 213 0.08365
41 214 0.09712
41 215 -0.0833
41 216 -0.11919
41 217 0.0014
41 218 0.00812
41 219 0.06592
41 220 -0.03399
41 221 0.01785
41 222 -0.0439
41 223 0.06017
41 224 -0.06386
41 225 -0.04427
41 226 -0.01984
41 227 0.00715
41 228 0.05529
41 229 -0.00425
41 230 0.01779
41 231 0.03915
41 232 0.03709
41 233 -0.13136
41 234 -0.10918
41 235 -0.04306
41 236 -0.04245
41 237 -0.03789
41 238 0.01109
41 239 0.03994
41 240 -0.04921
41 241 -0.09123
41 242 -0.04109
41 243 0.08049
41 244 0.01346
41 245 -0.0418
41 246 0.06873
41 247 0.06091
41 248 0.04368
41 249 0.05319
41 250 0.02479
41 251 0.06493
41 252 -0.0656
41 253 0.01531
41 254 0.06262
41 255 0.0855
41 256 0.08443
41 257 -0.02122
41 258 0.09794
41 259 0.05834
41 260 0.09766
41 261 -0.08043
41 262 0.0187
41 263 0.09026
41 264 -0.0838
41 265 -0.0095
41 266 0.06923
41 267 -0.08553
41 268 -0.12702
41 269 0.04501
41 270 -0.03639
41 271 0.01483
41 272 0.02459
41 273 -0.02598
41 274 -0.03361
41 275 0.03601
41 276 -0.13853
41 277 0.03646
41 278 -0.02982
41 279 -0.02807
41 280 -0.01095
41 281 0.06846
41 282 0.00168
41 283 0.09721
41 284 0.06717
41 285 0.04979
41 286 -0.16827
41 287 -0.05796
41 288 0.00683
41 289 0.03216
41 290 -0.01329
41 291 -0.02071
41 292 0.02357
41 293 -0.02208
41 294 0.00285
41 295 0.02528
41 296 0.04212
41 297 -0.02409
41 298 -0.01638
41 299 0.10281
42 43 0.00121
42 44 -0.01671
42 45 0.01505
42 46 -0.0314
42 47 -0.01201
42 48 0.11743
42 49 0.01641
42 50 0.0844
42 51 0.10199
42 52 -0.00922
42 53 -0.00235
42 54 -0.00566
42 55 -0.0475
42 56 -0.11967
42 57 0.01426
42 58 0.01643
42 59 -0.01265
42 60 -0.0148
42 61 0.02239
42 62 0.0122
42 63 -0.03089
42 64 0.01476
42 65 0.01397
42 66 0.12158
42 67 0.00098
42 68 0.03551
42 69 0.06092
42 70 -0.04046
42 71 0.06527
42 72 -0.03349
42 73 -0.02029
42 74 0.03085
42 75 -0.00402
42 76 -0.0313
42 77 0.04535
42 78 -0.0435
42 79 0.02089
42 80 -0.15695
42 81 0.02296
42 82 -0.07744
42 83 0.05607
42 84 -0.02864
42 85 -0.1422
42 86 0.04874
42 87 0.08453
42 88 0.00213
42 89 -0.09574
42 90 0.02023
42 91 0.06631
42 92 -0.05928
42 93 -0.08951
42 94 -0.0811
42 95 0.00479
42 96 0.02322
42 97 0.05835
42 98 -0.06889
42 99 -0.06971
42 100 0.09903
42 101 0.04201
42 102 -0.07816
42 103 0.0587
42 104 -0.0304
42 105 0.05874
42 106 -0.02206
42 107 -0.03356
42 108 -0.07133
42 109 0.01317
42 110 -0.03277
42 111 0.02871
42 112 -0.14461
42 113 -0.0516
42 114 -0.0294
42 115 -0.07912
42 116 0.12919
42 117 0.09636
42 118 0.04887
42 119 -0.06047
42 120 0.05056
42 121 -0.00396
42 122 -0.01216
42 123 0.01287
42 124 0.0146
42 125 -0.05732
42 126 0.08229
42 127 0.03082
42 128 -0.04494
42 129 0.04008
42 130 0.03747
42 131 -0.02204
42 132 0.04573
42 133 -0.00178
42 134 -0.05428
42 135 -0.02143
42 136 0.03697
42 137 0.14643
42 138 -0.06181
42 139 -0.00931
42 140 -0.04497
42 141 0.09512
42 142 -0.09553
42 143 0.0166
42 144 0.00734
42 145 -0.00635
42 146 -0.03411
42 147 -0.04031
42 148 -0.04604
42 149 0.01303
42 150 0.05078
42 151 0.00762
42 152 -0.01867
42 153 -0.03423
42 154 0.03249
42 155 0.05672
42 156 0.07007
42 157 0.04659
42 158 0.05785
42 159 -0.05686
42 160 -0.05478
42 161 0.00354
42 162 0.01751
42 163 -0.08516
42 164 -0.0088
42 165 -0.08534
42 166 -0.12604
42 167 0.06194
42 168 -0.06011
42 169 -0.01788
42 170 -0.0094
42 171 -0.03434
42 172 0.0048
42 173 -0.06284
42 174 0.02777
42 175 0.07919
42 176 0.06781
42 177 -0.0862
42 178 -0.02686
42 179 -0.0498
42 180 0.06418
42 181 -0.03207
42 182 0.0215
42 183 -0.01297
42 184 -0.00851
42 185 0.00037
42 186 -0.00948
42 187 -0.00817
42 188 -0.07607
42 189 0.00002
42 190 0.04506
42 191 0.1101
42 192 0.01343
42 193 0.05329
42 194 0.11005
42 195 -0.07634
42 196 -0.00401
42 197 -0.04152
42 198 -0.20389
42 199 0.01704
42 200 0.00336
42 201 0.02169
42 202 -0.01715
42 203 -0.06355
42 204 0.01101
42 205 0.05464
42 206 0.08522
42 207 0.06848
42 208 0.03041
42 209 0.03663
42 210 0.05289
42 211 -0.00342
42 212 -0.06693
42 213 0.03954
42 214 -0.00866
42 215 -0.10084
42 216 0.0387
42 217 0.05056
42 218 0.09086
42 219 -0.00558
42 220 0.00587
42 221 -0.05349
42 222 -0.04683
42 223 0.02183
42 224 0.02273
42 225 -0.04991
42 226 0.03879
42 227 0.06894
42 228 0.11135
42 229 0.09229
42 230 -0.01835
42 231 0.02393
42 232 -0.0347
42 233 0.12809
42 234 -0.02957
42 235 -0.02276
42 236 -0.04821
42 237 -0.01554
42 238 -0.00894
42 239 -0.1008
42 240 0.01914
42 241 -0.07862
42 242 -0.06149
42 243 0.00673
42 244 -0.03988
42 245 -0.0746
42 246 0.11414
42 247 0.00048
42 248 -0.05432
42 249 0.04534
42 250 0.11149
42 251 -0.03209
42 252 0.02034
42 253 0.02687
42 254 0.04597
42 255 -0.01591
42 256 -0.03796
42 257 -0.09956
42 258 0.07775
42 259 0.06717
42 260 -0.06261
42 261 -0.00313
42 262 0.01315
42 263 0.02865
42 264 0.02498
42 265 0.02161
42 266 -0.05408
42 267 -0.028
42 268 -0.13614
42 269 -0.03993
42 270 0.03429
42 271 -0.04422
42 272 -0.13568
42 273 0.01692
42 274 0.07759
42 275 -0.05429
42 276 -0.07967
42 277 0.02075
42 278 -0.05234
42 279 0.03395
42 280 0.06802
42 281 0.00366
42 282 -0.00524
42 283 0.03523
42 284 0.00581
42 285 -0.03329
42 286 -0.00307
42 287 -0.06272
42 288 -0.01836
42 289 0.03329
42 290 -0.02695
42 291 0.04188
42 292 0.07982
42 293 0.07468
42 294 -0.06003
42 295 0.10885
42 296 0.01097
42 297 -0.01139
42 298 -0.01753
42 299 0.033
43 44 -0.00868
43 45 -0.00946
43 46 -0.07591
43 47 -0.01284
43 48 -0.01711
43 49 0.03605
43 50 -0.0721
43 51 0.00528
43 52 -0.0883
43 53 0.03268
43 54 -0.03106
43 55 -0.02458
43 56 0.01045
43 57 -0.02451
43 58 0.04031
43 59 -0.03797
43 60 0.05173
43 61 -0.00252
43 62 -0.01681
43 63 -0.03389
43 64 0.0081
43 65 0.12642
43 66 0.03234
43 67 0.02337
43 68 0.10608
43 69 0.08128
43 70 -0.11178
43 71 0.01413
43 72 0.01894
43 73 0.04958
43 74 0.0438
43 75 0.01791
43 76 0.01067
43 77 -0.10463
43 78 0.0245
43 79 0.02167
43 80 -0.0492
43 81 0.07393
43 82 -0.01665
43 83 0.0607
43 84 -0.06971
43 85 0.0038
43 86 0.03004
43 87 0.05844
43 88 0.02283
43 89 0.00002
43 90 -0.048
43 91 -0.02121
43 92 0.0716
43 93 -0.04217
43 94 0.06638
43 95 -0.02141
43 96 -0.02343
43 97 -0.08542
43 98 -0.01082
43 99 -0.0569
43 100 -0.01746
43 101 -0.06293
43 102 0.18631
43 103 0.11074
43 104 -0.03466
43 105 -0.0641
43 106 -0.08661
43 107 -0.01531
43 108 0.05482
43 109 -0.02241
43 110 0.03302
43 111 0.03903
43 112 0.09235
43 113 -0.1126
43 114 0.1118
43 115 -0.00443
43 116 0.03517
43 117 -0.01543
43 118 0.01017
43 119 -0.0699
43 120 0.06069
43 121 -0.09752
43 122 -0.00646
43 123 0.06532
43 124 -0.03781
43 125 0.00421
43 126 -0.02568
43 127 0.01368
43 128 -0.02189
43 129 0.07223
43 130 -0.05844
43 131 -0.0343
43 132 0.04073
43 133 -0.19527
43 134 -0.05247
43 135 -0.01219
43 136 -0.06018
43 137 0.05673
43 138 0.05466
43 139 0.05374
43 140 0.07976
43 141 0.1073
43 142 -0.02892
43 143 -0.03564
43 144 -0.01733
43 145 0.11446
43 146 0.03663
43 147 0.04405
43 148 0.08806
43 149 -0.13566
43 150 0.05107
43 151 0.10286
43 152 0.08221
43 153 0.03457
43 154 0.05191
43 155 0.02104
43 156 0.02461
43 157 -0.07922
43 158 0.02904
43 159 -0.04013
43 160 0.01813
43 161 0.0439
43 162 0.11977
43 163 -0.09826
43 164 0.09847
43 165 0.01177
43 166 -0.16149
43 167 -0.00368
43 168 -0.02973
43 169 0.00285
43 170 -0.03517
43 171 -0.0133
43 172 0.03848
43 173 0.03175
43 174 -0.04113
43 175 0.10799
43 176 -0.02596
43 177 0.02561
43 178 -0.06161
43 179 0.01759
43 180 -0.04846
43 181 -0.07083
43 182 0.08655
43 183 0.02114
43 184 -0.00764
43 185 0.0606
43 186 0.02104
43 187 0.00563
43 188 0.06127
43 189 0.03375
43 190 0.08888
43 191 0.06815
43 192 0.06107
43 193 0.00449
43 194 0.02037
43 195 0.00988
43 196 0.07703
43 197 0.05599
43 198 0.0722
43 199 -0.08059
43 200 -0.04815
43 201 -0.0391
43 202 -0.04912
43 203 0.01233
43 204 0.08965
43 205 -0.00364
43 206 0.01143
43 207 0.02292
43 208 0.00073
43 209 0.02892
43 210 0.07948
43 211 0.06414
43 212 0.04485
43 213 0.13095
43 214 0.07455
43 215 -0.00803
43 216 0.05651
43 217 -0.03754
43 218 -0.06563
43 219 0.03167
43 220 0.15489
43 221 0.00881
43 222 0.03212
43 223 -0.09032
43 224 -0.06391
43 225 0.07879
43 226 0.07079
43 227 0.0658
43 228 0.01591
43 229 0.12174
43 230 -0.05082
43 231 -0.08416
43 232 0.01769
43 233 0.01126
43 234 -0.05366
43 235 0.08015
43 236 0.0089
43 237 -0.03818
43 238 0.0274
43 239 -0.07997
43 240 0.09457
43 241 0.06756
43 242 0.09426
43 243 -0.0225
43 244 -0.02281
43 245 0.02486
43 246 0.0782
43 247 0.07803
43 248 0.0204
43 249 0.05445
43 250 -0.06554
43 251 -0.08115
43 252 -0.04308
43 253 -0.02868
43 254 -0.07318
43 255 0.07776
43 256 -0.02794
43 257 0.02238
43 258 0.06272
43 259 0.03653
43 260 -0.07246
43 261 -0.07933
43 262 -0.03852
43 263 -0.02573
43 264 -0.03357
43 265 0.01266
43 266 0.02858
43 267 -0.01591
43 268 -0.10953
43 269 0.06595
43 270 -0.02071
43 271 0.01941
43 272 -0.04958
43 273 0.02013
43 274 -0.09305
43 275 0.03208
43 276 -0.13768
43 277 -0.13285
43 278 -0.13358
43 279 -0.03635
43 280 -0.03948
43 281 -0.06677
43 282 -0.06706
43 283 0.00907
43 284 0.04943
43 285 0.0426
43 286 -0.12468
43 287 -0.0548
43 288 -0.01881
43 289 0.04562
43 290 -0.0396
43 291 -0.0176
43 292 0.02607
43 293 -0.12171
43 294 -0.0985
43 295 -0.10815
43 296 -0.08062
43 297 -0.02994
43 298 -0.03867
43 299 -0.04494
44 45 -0.10842
44 46 0.04411
44 47 -0.02717
44 48 -0.0713
44 49 0.02392
44 50 -0.06765
44 51 -0.00505
44 52 -0.06801
44 53 0.03503
44 54 -0.00255
44 55 0.07782
44 56 -0.08682
44 57 0.01166
44 58 0.04333
44 59 0.07277
44 60 -0.02469
44 61 -0.00239
44 62 -0.04821
44 63 0.03354
44 64 -0.04553
44 65 0.0728
44 66 -0.03759
44 67 0.11102
44 68 -0.03562
44 69 -0.01717
44 70 0.03434
44 71 -0.09549
44 72 0.05984
44 73 -0.03754
44 74 0.0492
44 75 0.0166
44 76 -0.06719
44 77 0.03925
44 78 -0.11093
44 79 0.0026
44 80 0.08483
44 81 -0.021
44 82 -0.02251
44 83 -0.00821
44 84 0.0658
44 85 0.0106
44 86 -0.01928
44 87 -0.00226
44 88 -0.00452
44 89 0.03881
44 90 0.0746
44 91 -0.06446
44 92 0.02834
44 93 0.04139
44 94 0.0444
44 95 0.00838
44 96 0.04292
44 97 0.0984
44 98 0.07955
44 99 -0.09594
44 100 0.1615
44 101 -0.0323
44 102 0.00388
44 103 -0.04822
44 104 0.00237
44 105 -0.00731
44 106 -0.02691
44 107 0.00828
44 108 0.0581
44 109 0.05904
44 110 0.04552
44 111 0.05681
44 112 0.04162
44 113 -0.0468
44 114 -0.00685
44 115 -0.02897
44 116 -0.03713
44 117 0.01889
44 118 0.00554
44 119 0.05743
44 120 0.0264
44 121 0.00234
44 122 0.02595
44 123 -0.01972
44 124 -0.03142
44 125 -0.03419
44 126 0.088
44 127 0.00149
44 128 -0.00146
44 129 -0.06317
44 130 -0.07498
44 131 0.02683
44 132 0.00763
44 133 -0.06584
44 134 -0.08993
44 135 -0.05623
44 136 0.04169
44 137 -0.07437
44 138 -0.08643
44 139 -0.0329
44 140 -0.00239
44 141 -0.02757
44 142 -0.03633
44 143 -0.0465
44 144 0.0787
44 145 0.01268
44 146 0.04128
44 147 -0.00105
44 148 -0.00376
44 149 -0.00847
44 150 0.04217
44 151 0.04968
44 152 0.0173
44 153 0.03425
44 154 0.02459
44 155 0.03879
44 156 -0.04493
44 157 0.00072
44 158 -0.02547
44 159 -0.09773
44 160 0.0321
44 161 -0.04134
44 162 0.04957
44 163 -0.05076
44 164 0.03677
44 165 -0.03948
44 166 -0.04532
44 167 0.08087
44 168 -0.04163
44 169 -0.019
44 170 0.06697
44 171 0.01575
44 172 -0.07712
44 173 0.04504
44 174 0.04388
44 175 -0.01724
44 176 0.0436
44 177 -0.07229
44 178 0.07139
44 179 0.00138
44 180 0.00235
44 181 0.00469
44 182 0.06588
44 183 -0.04661
44 184 -0.04331
44 185 0.07135
44 186 -0.04142
44 187 -0.02955
44 188 0.00949
44 189 -0.0701
44 190 0.12858
44 191 0.0211
44 192 0.00954
44 193 0.12298
44 194 0.06893
44 195 0.04999
44 196 -0.02337
44 197 -0.00719
44 198 -0.11682
44 199 0.0675
44 200 0.05179
44 201 -0.07218
44 202 0.00162
44 203 0.03376
44 204 -0.01896
44 205 -0.05202
44 206 -0.02557
44 207 -0.0269
44 208 -0.02877
44 209 0.02133
44 210 -0.05568
44 211 -0.00995
44 212 0.01147
44 213 0.07835
44 214 0.05088
44 215 0.0281
44 216 -0.04206
44 217 0.04543
44 218 -0.00193
44 219 0.01272
44 220 0.00514
44 221 0.05635
44 222 -0.018
44 223 0.00132
44 224 -0.0287
44 225 0.09244
44 226 0.03967
44 227 0.023
44 228 -0.0067
44 229 0.00555
44 230 -0.04962
44 231 0.03139
44 232 0.00676
44 233 0.01249
44 234 -0.08193
44 235 0.08791
44 236 -0.05614
44 237 -0.05291
44 238 -0.02058
44 239 -0.02045
44 240 -0.11648
44 241 -0.00138
44 242 -0.06445
44 243 0.07529
44 244 0.08324
44 245 -0.02601
44 246 0.00798
44 247 -0.0039
44 248 -0.02942
44 249 -0.11933
44 250 -0.01303
44 251 -0.07566
44 252 -0.056
44 253 -0.02864
44 254 -0.0335
44 255 0.0718
44 256 0.07571
44 257 -0.05231
44 258 -0.08916
44 259 0.01653
44 260 -0.03641
44 261 -0.09423
44 262 0.02705
44 263 0.04935
44 264 0.06968
44 265 0.0735
44 266 -0.0798
44 267 0.02155
44 268 0.05659
44 269 -0.0139
44 270 -0.10661
44 271 0.00656
44 272 -0.03918
44 273 0.04901
44 274 -0.12548
44 275 0.04726
44 276 0.03914
44 277 0.02311
44 278 -0.05345
44 279 0.0558
44 280 -0.07462
44 281 0.02509
44 282 0.07478
44 283 0.03151
44 284 -0.01403
44 285 -0.0187
44 286 0.02322
44 287 0.0109
44 288 0.0263
44 289 -0.07038
44 290 -0.00342
44 291 -0.01338
44 292 0.05567
44 293 -0.12153
44 294 0.02139
44 295 -0.01045
44 296 -0.05971
44 297 -0.01657
44 298 0.01425
44 299 0.00277
45 46 -0.05397
45 47 -0.05778
45 48 0.06271
45 49 0.00677
45 50 0.00483
45 51 0.06341
45 52 0.10645
45 53 0.01345
45 54 0.05454
45 55 -0.00055
45 56 0.01413
45 57 0.0271
45 58 -0.05154
45 59 -0.06599
45 60 -0.01035
45 61 0.06672
45 62 -0.01333
45 63 -0.01103
45 64 -0.04007
45 65 0.04504
45 66 0.02491
45 67 -0.14352
45 68 0.01003
45 69 0.06521
45 70 0.00174
45 71 -0.04762
45 72 -0.08026
45 73 0.02569
45 74 0.04558
45 75 0.08415
45 76 0.0046
45 77 -0.02184
45 78 0.01317
45 79 0.05439
45 80 0.10375
45 81 0.02536
45 82 0.03792
45 83 -0.00206
45 84 -0.01346
45 85 0.02631
45 86 -0.03955
45 87 0.06253
45 88 -0.03333
45 89 -0.13153
45 90 0.03615
45 91 -0.04766
45 92 0.00429
45 93 0.03229
45 94 0.14015
45 95 -0.01455
45 96 0.06528
45 97 -0.0991
45 98 0.03728
45 99 0.00359
45 100 0.11522
45 101 -0.07037
45 102 -0.04585
45 103 -0.08735
45 104 0.00894
45 105 0.05504
45 106 0.04962
45 107 0.02754
45 108 -0.09326
45 109 0.11034
45 110 -0.056
45 111 -0.08828
45 112 0.02426
45 113 0.0273
45 114 0.05351
45 115 -0.00944
45 116 0.05754
45 117 0.01056
45 118 0.06734
45 119 0.03977
45 120 -0.0986
45 121 0.02763
45 122 0.14032
45 123 -0.01645
45 124 0.06006
45 125 -0.00071
45 126 0.02419
45 127 0.06912
45 128 -0.06389
45 129 0.001
45 130 0.06068
45 131 0.08271
45 132 -0.06279
45 133 0.10324
45 134 0.03094
45 135 -0.091
45 136 -0.05612
45 137 0.02156
45 138 -0.055
45 139 0.03647
45 140 -0.02999
45 141 -0.11042
45 142 0.0326
45 143 0.07223
45 144 0.05931
45 145 -0.0324
45 146 -0.05217
45 147 -0.08068
45 148 -0.07648
45 149 -0.03229
45 150 0.1134
45 151 -0.0418
45 152 -0.02123
45 153 -0.01793
45 154 0.04331
45 155 0.03905
45 156 0.10436
45 157 0.01917
45 158 0.07748
45 159 -0.04096
45 160 -0.03303
45 161 0.12241
45 162 -0.01482
45 163 0.0495
45 164 -0.02655
45 165 0.01555
45 166 -0.09418
45 167 0.08356
45 168 -0.02258
45 169 0.0486
45 170 0.17901
45 171 0.07745
45 172 -0.05038
45 173 0.07706
45 174 -0.04006
45 175 0.02315
45 176 0.01328
45 177 0.09926
45 178 -0.0524
45 179 -0.01836
45 180 0.00164
45 181 0.03583
45 182 0.06539
45 183 -0.03111
45 184 -0.01573
45 185 -0.01201
45 186 -0.01805
45 187 0.00238
45 188 0.13113
45 189 -0.06644
45 190 0.03782
45 191 0.07214
45 192 -0.00226
45 193 -0.00877
45 194 -0.05847
45 195 0.04177
45 196 0.01758
45 197 -0.0152
45 198 -0.07019
45 199 0.04361
45 200 0.01006
45 201 -0.063
45 202 0.08034
45 203 -0.07196
45 204 -0.0078
45 205 0.11884
45 206 -0.14915
45 207 -0.06004
45 208 0.01415
45 209 -0.0578
45 210 0.04999
45 211 0.06694
45 212 0.03907
45 213 -0.03928
45 214 -0.1201
45 215 0.02199
45 216 -0.07632
45 217 0.10271
45 218 -0.04092
45 219 -0.10474
45 220 0.12001
45 221 -0.06975
45 222 0.02072
45 223 -0.04944
45 224 0.01202
45 225 -0.11764
45 226 -0.0372
45 227 -0.14782
45 228 0.15481
45 229 0.12059
45 230 -0.03913
45 231 0.01155
45 232 -0.01775
45 233 -0.05287
45 234 0.10823
45 235 -0.02203
45 236 -0.00926
45 237 -0.00685
45 238 -0.03674
45 239 0.14323
45 240 0.00716
45 241 0.06143
45 242 -0.01718
45 243 -0.04923
45 244 -0.02056
45 245 0.00321
45 246 0.01184
45 247 -0.07603
45 248 0.01679
45 249 0.02435
45 250 0.00193
45 251 0.003
45 252 0.11368
45 253 0.00559
45 254 -0.06362
45 255 0.03558
45 256 0.03996
45 257 0.06709
45 258 0.08742
45 259 0.01294
45 260 0.0079
45 261 0.00796
45 262 0.01897
45 263 -0.01575
45 264 -0.00513
45 265 0.00369
45 266 -0.01681
45 267 -0.0178
45 268 0.09648
45 269 0.0498
45 270 0.11654
45 271 0.075
45 272 -0.00606
45 273 -0.081
45 274 0.04085
45 275 0.00428
45 276 -0.03704
45 277 -0.01141
45 278 0.0492
45 279 0.00075
45 280 -0.04706
45 281 -0.0746
45 282 0.0242
45 283 -0.06655
45 284 -0.11256
45 285 0.01363
45 286 0.05284
45 287 -0.0437
45 288 -0.0172
45 289 0.03073
45 290 0.027
45 291 0.01023
45 292 -0.02542
45 293 0.13462
45 294 0.02905
45 295 -0.13891
45 296 0.07557
45 297 0.08707
45 298 0.01248
45 299 -0.11258
46 47 0.00651
46 48 -0.04931
46 49 -0.03624
46 50 0.03671
46 51 0.01523
46 52 0.09715
46 53 0.07096
46 54 0.01604
46 55 0.00335
46 56 -0.00276
46 57 -0.08799
46 58 -0.05845
46 59 -0.04417
46 60 -0.03088
46 61 0.02922
46 62 -0.00257
46 63 0.03482
46 64 0.00365
46 65 0.06402
46 66 -0.05181
46 67 -0.04792
46 68 0.06345
46 69 -0.0828
46 70 0.0546
46 71 0.08868
46 72 -0.02492
46 73 0.00835
46 74 0.0671
46 75 0.06121
46 76 -0.03872
46 77 0.05732
46 78 -0.08264
46 79 0.11083
46 80 0.04132
46 81 -0.06852
46 82 0.09348
46 83 -0.06527
46 84 0.19021
46 85 0.0565
46 86 0.05389
46 87 -0.04746
46 88 0.02542
46 89 0.0518
46 90 -0.14835
46 91 0.03919
46 92 -0.03428
46 93 0.0966
46 94 -0.04901
46 95 -0.16506
46 96 -0.02393
46 97 0.00033
46 98 -0.01039
46 99 -0.03512
46 100 -0.04705
46 101 0.05061
46 102 0.03688
46 103 0.12266
46 104 0.00166
46 105 -0.10457
46 106 -0.03714
46 107 -0.0247
46 108 0.0102
46 109 0.00504
46 110 -0.04397
46 111 0.03153
46 112 -0.08408
46 113 -0.02996
46 114 -0.08225
46 115 -0.0048
46 116 -0.00413
46 117 -0.09808
46 118 -0.1043
46 119 -0.01485
46 120 -0.07935
46 121 0.01159
46 122 0.02903
46 123 -0.11056
46 124 0.08952
46 125 0.04869
46 126 -0.0467
46 127 0.05299
46 128 -0.01695
46 129 -0.03844
46 130 0.07414
46 131 -0.12577
46 132 -0.03772
46 133 0.02955
46 134 0.02214
46 135 0.0403
46 136 -0.0284
46 137 0.02682
46 138 -0.00066
46 139 -0.03065
46 140 -0.08541
46 141 0.00544
46 142 -0.00633
46 143 0.01234
46 144 0.04251
46 145 0.02921
46 146 0.04011
46 147 -0.04308
46 148 -0.07075
46 149 -0.03404
46 150 0.0422
46 151 0.05716
46 152 0.02747
46 153 -0.09756
46 154 -0.00097
46 155 0.01278
46 156 -0.04082
46 157 0.03394
46 158 -0.06183
46 159 0.02026
46 160 0.05148
46 161 -0.01896
46 162 0.01206
46 163 0.00699
46 164 0.03176
46 165 -0.02566
46 166 -0.02905
46 167 0.03845
46 168 -0.04151
46 169 0.00109
46 170 0.05957
46 171 -0.01904
46 172 -0.04731
46 173 0.10214
46 174 0.07199
46 175 0.04393
46 176 0.01326
46 177 0.03846
46 178 -0.02017
46 179 0.01293
46 180 -0.06197
46 181 0.05456
46 182 0.0163
46 183 0.00864
46 184 0.08979
46 185 -0.07801
46 186 -0.06624
46 187 -0.09848
46 188 -0.00474
46 189 -0.04817
46 190 0.00515
46 191 0.00606
46 192 0.09172
46 193 0.00723
46 194 -0.04551
46 195 -0.00694
46 196 -0.02601
46 197 -0.02753
46 198 -0.00291
46 199 -0.00616
46 200 -0.00076
46 201 0.13705
46 202 0.13411
46 203 0.0385
46 204 0.01757
46 205 0.06511
46 206 -0.0036
46 207 -0.05074
46 208 0.09076
46 209 0.00823
46 210 -0.0212
46 211 -0.06225
46 212 -0.06165
46 213 0.02225
46 214 0.06454
46 215 -0.09679
46 216 -0.02068
46 217 -0.05205
46 218 -0.0467
46 219 0.08435
46 220 0.07136
46 221 0.06003
46 222 0.0405
46 223 0.00041
46 224 0.07838
46 225 -0.11049
46 226 0.0616
46 227 0.01763
46 228 -0.00914
46 229 -0.07775
46 230 0.10564
46 231 0.10013
46 232 0.02289
46 233 0.034
46 234 0.0026
46 235 0.08166
46 236 -0.04316
46 237 -0.08716
46 238 -0.11934
46 239 0.0047
46 240 0.0406
46 241 -0.04252
46 242 -0.08572
46 243 0.00382
46 244 0.07373
46 245 0.11674
46 246 0.09182
46 247 -0.03315
46 248 0.06737
46 249 -0.06187
46 250 -0.03166
46 251 0.03395
46 252 -0.03466
46 253 -0.05645
46 254 0.02419
46 255 -0.0336
46 256 0.0726
46 257 -0.01296
46 258 0.05419
46 259 -0.0214
46 260 0.00668
46 261 -0.02625
46 262 0.03792
46 263 0.01146
46 264 -0.00306
46 265 -0.09103
46 266 0.02544
46 267 -0.00618
46 268 0.09753
46 269 0.07691
46 270 0.01308
46 271 0.13786
46 272 -0.01307
46 273 0.03797
46 274 0.0545
46 275 -0.00571
46 276 -0.19962
46 277 0.03326
46 278 -0.05441
46 279 0.04812
46 280 -0.06215
46 281 -0.00341
46 282 -0.00594
46 283 0.05552
46 284 0.0351
46 285 -0.0386
46 286 0.03174
46 287 0.01046
46 288 -0.04451
46 289 -0.04843
46 290 0.00879
46 291 -0.01502
46 292 -0.01655
46 293 0.10064
46 294 -0.01186
46 295 -0.02862
46 296 -0.02584
46 297 0.07517
46 298 0.01358
46 299 -0.0174
47 48 -0.05356
47 49 -0.09193
47 50 0.09036
47 51 0.04507
47 52 -0.04478
47 53 -0.006
47 54 -0.04235
47 55 -0.07093
47 56 0.10031
47 57 0.01678
47 58 -0.05762
47 59 -0.01874
47 60 0.09934
47 61 0.05874
47 62 0.02056
47 63 -0.02373
47 64 -0.03
47 65 -0.01941
47 66 0.01136
47 67 -0.02309
47 68 0.07061
47 69 -0.00647
47 70 0.03829
47 71 0.06071
47 72 0.01445
47 73 -0.13056
47 74 0.03433
47 75 0.04653
47 76 -0.08084
47 77 0.02709
47 78 -0.06103
47 79 -0.04095
47 80 -0.07696
47 81 0.00604
47 82 0.07877
47 83 0.11364
47 84 0.02539
47 85 -0.05745
47 86 0.1184
47 87 -0.01431
47 88 0.00149
47 89 0.00929
47 90 0.05378
47 91 -0.02138
47 92 -0.04401
47 93 -0.09602
47 94 0.01806
47 95 -0.01764
47 96 -0.00454
47 97 0.05933
47 98 0.03748
47 99 -0.04058
47 100 0.0302
47 101 0.01509
47 102 0.03159
47 103 -0.05589
47 104 0.05427
47 105 -0.03096
47 106 0.07753
47 107 0.05368
47 108 -0.00352
47 109 -0.03441
47 110 -0.05474
47 111 0.02308
47 112 0.06786
47 113 -0.11801
47 114 -0.00849
47 115 0.03407
47 116 0.05255
47 117 -0.04185
47 118 -0.09282
47 119 -0.03999
47 120 0.0483
47 121 0.12344
47 122 -0.03336
47 123 0.04943
47 124 -0.08922
47 125 -0.10253
47 126 -0.07608
47 127 -0.09454
47 128 0.12212
47 129 0.08298
47 130 -0.03531
47 131 -0.05863
47 132 -0.02033
47 133 -0.04985
47 134 0.05988
47 135 -0.02552
47 136 0.00197
47 137 0.02737
47 138 0.0264
47 139 0.016
47 140 -0.0309
47 141 -0.06275
47 142 -0.06722
47 143 0.07382
47 144 0.01472
47 145 0.06334
47 146 -0.03116
47 147 -0.05187
47 148 0.06658
47 149 0.05717
47 150 -0.02526
47 151 -0.05131
47 152 0.03628
47 153 -0.13595
47 154 -0.06984
47 155 0.01678
47 156 -0.09654
47 157 0.08853
47 158 -0.13899
47 159 -0.11164
47 160 -0.09719
47 161 0.1867
47 162 0.08715
47 163 0.07605
47 164 -0.12624
47 165 0.02578
47 166 -0.00411
47 167 0.07078
47 168 -0.17177
47 169 0.06316
47 170 0.02648
47 171 -0.03063
47 172 -0.03441
47 173 0.01018
47 174 -0.02191
47 175 0.00063
47 176 0.03981
47 177 0.00919
47 178 0.00505
47 179 -0.09707
47 180 0.12494
47 181 -0.02032
47 182 -0.07795
47 183 -0.00941
47 184 0.0411
47 185 -0.05865
47 186 0.03783
47 187 0.08354
47 188 0.0337
47 189 0.0154
47 190 -0.0432
47 191 0.01991
47 192 0.00935
47 193 0.01781
47 194 0.02307
47 195 0.10732
47 196 -0.00258
47 197 0.01578
47 198 -0.05524
47 199 -0.06714
47 200 0.07272
47 201 -0.05314
47 202 0.1389
47 203 0.00952
47 204 0.06027
47 205 -0.07485
47 206 0.00544
47 207 -0.13929
47 208 -0.12393
47 209 -0.05014
47 210 -0.07604
47 211 0.00552
47 212 -0.04718
47 213 0.03001
47 214 -0.04359
47 215 -0.05996
47 216 -0.01666
47 217 -0.06382
47 218 0.05578
47 219 -0.04243
47 220 0.02419
47 221 -0.07355
47 222 -0.12782
47 223 0.00271
47 224 -0.01779
47 225 -0.00019
47 226 0.01347
47 227 -0.08127
47 228 0.00807
47 229 0.01872
47 230 0.03685
47 231 -0.09618
47 232 0.02285
47 233 -0.06629
47 234 -0.07085
47 235 0.05285
47 236 0.08668
47 237 -0.0277
47 238 0.04746
47 239 -0.01628
47 240 -0.04327
47 241 0.07297
47 242 -0.02285
47 243 -0.00017
47 244 -0.04325
47 245 0.02823
47 246 0.01175
47 247 0.00316
47 248 -0.0842
47 249 0.02923
47 250 -0.05986
47 251 0.09463
47 252 0.0724
47 253 0.00867
47 254 0.00966
47 255 0.1422
47 256 -0.05305
47 257 0.06607
47 258 -0.04317
47 259 -0.03276
47 260 -0.01765
47 261 -0.02382
47 262 0.10222
47 263 -0.07724
47 264 -0.01171
47 265 0.03335
47 266 -0.05086
47 267 0.06812
47 268 0.0765
47 269 0.00442
47 270 -0.01511
47 271 0.03528
47 272 0.04403
47 273 0.00652
47 274 0.08619
47 275 -0.01211
47 276 -0.01767
47 277 0.06449
47 278 -0.14301
47 279 -0.12555
47 280 0.05274
47 281 0.04559
47 282 -0.02521
47 283 -0.10059
47 284 0.09998
47 285 -0.01668
47 286 -0.00655
47 287 -0.02491
47 288 0.02543
47 289 -0.07906
47 290 0.04064
47 291 0.09213
47 292 -0.10024
47 293 -0.01773
47 294 -0.10632
47 295 0.03755
47 296 0.07546
47 297 -0.01721
47 298 -0.10941
47 299 0.04265
48 49 -0.0645
48 50 0.07513
48 51 0.01187
48 52 0.03651
48 53 0.00709
48 54 -0.05574
48 55 0.00424
48 56 -0.02054
48 57 0.08072
48 58 -0.06171
48 59 -0.11244
48 60 -0.01533
48 61 -0.04313
48 62 0.09934
48 63 0.18249
48 64 -0.10458
48 65 0.00489
48 66 0.01371
48 67 -0.02883
48 68 0.06216
48 69 -0.04381
48 70 0.02704
48 71 -0.053
48 72 0.10393
48 73 0.02935
48 74 -0.08765
48 75 0.05483
48 76 -0.10085
48 77 0.07091
48 78 -0.04222
48 79 -0.13969
48 80 -0.16118
48 81 -0.05635
48 82 -0.15882
48 83 -0.07197
48 84 0.08874
48 85 -0.0993
48 86 -0.03495
48 87 -0.02502
48 88 -0.00417
48 89 0.0314
48 90 -0.05734
48 91 0.10022
48 92 -0.05037
48 93 0.00267
48 94 -0.011
48 95 0.08851
48 96 -0.02807
48 97 -0.02085
48 98 -0.04168
48 99 -0.10739
48 100 0.01671
48 101 -0.0424
48 102 0.06242
48 103 0.03272
48 104 -0.01536
48 105 0.0466
48 106 0.00405
48 107 -0.00188
48 108 -0.05207
48 109 -0.00143
48 110 0.04359
48 111 -0.07582
48 112 0.05391
48 113 -0.01872
48 114 0.09251
48 115 -0.13166
48 116 0.03094
48 117 -0.07328
48 118 -0.07025
48 119 -0.03336
48 120 0.03029
48 121 -0.10285
48 122 0.02156
48 123 0.08188
48 124 -0.08285
48 125 0.01281
48 126 -0.14079
48 127 0.08679
48 128 0.01301
48 129 -0.09372
48 130 0.0399
48 131 0.05953
48 132 0.05225
48 133 -0.05844
48 134 0.11857
48 135 0.00755
48 136 0.04071
48 137 -0.0427
48 138 -0.0123
48 139 0.01745
48 140 -0.04909
48 141 -0.09355
48 142 -0.02933
48 143 -0.14169
48 144 0.03936
48 145 -0.04687
48 146 -0.02131
48 147 0.08081
48 148 -0.05214
48 149 -0.10633
48 150 -0.0074
48 151 0.03399
48 152 -0.03128
48 153 -0.05
48 154 -0.0225
48 155 0.04364
48 156 -0.04757
48 157 -0.1299
48 158 -0.03127
48 159 0.0616
48 160 0.04488
48 161 -0.03128
48 162 -0.10126
48 163 -0.01629
48 164 -0.07771
48 165 0.05465
48 166 0.05987
48 167 0.02579
48 168 -0.00299
48 169 -0.00117
48 170 0.01332
48 171 -0.05433
48 172 -0.08295
48 173 0.01832
48 174 0.08132
48 175 -0.09264
48 176 0.0343
48 177 -0.01892
48 178 0.03805
48 179 -0.08482
48 180 0.03643
48 181 0.09899
48 182 0.07465
48 183 -0.00466
48 184 -0.04095
48 185 -0.00906
48 186 -0.08235
48 187 0.00993
48 188 -0.03846
48 189 0.00255
48 190 -0.05559
48 191 -0.0748
48 192 0.12749
48 193 -0.04663
48 194 0.05468
48 195 -0.03392
48 196 -0.00697
48 197 -0.04983
48 198 0.03723
48 199 -0.02636
48 200 0.09227
48 201 0.00184
48 202 -0.05499
48 203 0.09197
48 204 0.07231
48 205 0.08757
48 206 -0.02382
48 207 0.01257
48 208 0.09763
48 209 -0.10625
48 210 0.01844
48 211 0.02364
48 212 0.05096
48 213 0.02599
48 214 -0.04612
48 215 0.08754
48 216 -0.07087
48 217 -0.05005
48 218 -0.02142
48 219 0.0653
48 220 0.03206
48 221 0.07233
48 222 -0.03925
48 223 -0.03004
48 224 -0.07021
48 225 0.05974
48 226 0.00572
48 227 0.01131
48 228 0.04834
48 229 0.04492
48 230 0.0615
48 231 -0.02257
48 232 0.05856
48 233 -0.05054
48 234 0.01819
48 235 0.08389
48 236 -0.0356
48 237 0.01314
48 238 0.02423
48 239 -0.03269
48 240 0.02299
48 241 -0.02772
48 242 -0.03384
48 243 -0.04314
48 244 0.11947
48 245 0.12144
48 246 0.05494
48 247 -0.01467
48 248 -0.0051
48 249 0.06776
48 250 -0.03045
48 251 0.07742
48 252 -0.01051
48 253 0.00381
48 254 0.16873
48 255 0.03383
48 256 -0.07003
48 257 0.02481
48 258 0.02823
48 259 0.05197
48 260 -0.06074
48 261 0.06312
48 262 0.07409
48 263 0.02736
48 264 0.06061
48 265 0.08479
48 266 0.01234
48 267 -0.0722
48 268 0.02139
48 269 0.03646
48 270 0.00145
48 271 0.00537
48 272 -0.04127
48 273 -0.10031
48 274 -0.0804
48 275 0.01569
48 276 0.04176
48 277 -0.06525
48 278 0.03597
48 279 0.00111
48 280 -0.02462
48 281 0.03193
48 282 -0.02319
48 283 -0.03119
48 284 0.0432
48 285 -0.06657
48 286 -0.09192
48 287 0.07052
48 288 0.02254
48 289 0.08608
48 290 0.01818
48 291 0.05975
48 292 -0.00708
48 293 -0.02095
48 294 0.08751
48 295 -0.02188
48 296 0.07212
48 297 0.05997
48 298 0.01774
48 299 0.06913
49 50 0.02136
49 51 -0.0626
49 52 0.01817
49 53 0.00126
49 54 0.08187
49 55 0.01966
49 56 0.03176
49 57 0.07585
49 58 0.00838
49 59 -0.06395
49 60 0.00296
49 61 0.0477
49 62 -0.11432
49 63 0.0214
49 64 0.12751
49 65 0.02276
49 66 0.07397
49 67 -0.02465
49 68 -0.01213
49 69 0.03815
49 70 0.00341
49 71 -0.07456
49 72 -0.03726
49 73 -0.00777
49 74 -0.07588
49 75 0.03534
49 76 0.00104
49 77 0.13514
49 78 0.05367
49 79 -0.01508
49 80 0.15106
49 81 -0.0114
49 82 -0.02274
49 83 0.07854
49 84 -0.02698
49 85 0.08044
49 86 -0.00183
49 87 -0.14687
49 88 0.05352
49 89 0.03431
49 90 0.05405
49 91 -0.0279
49 92 0.01477
49 93 -0.08689
49 94 -0.02476
49 95 -0.07212
49 96 -0.05064
49 97 0.07034
49 98 0.07896
49 99 0.01958
49 100 -0.00446
49 101 0.02983
49 102 0.02375
49 103 0.11976
49 104 0.01676
49 105 -0.04955
49 106 0.02747
49 107 0.01097
49 108 -0.00914
49 109 -0.01166
49 110 -0.01156
49 111 0.01267
49 112 -0.06105
49 113 -0.03385
49 114 0.14994
49 115 -0.05151
49 116 0.04872
49 117 0.04895
49 118 0.07562
49 119 0.0032
49 120 -0.09048
49 121 0.0358
49 122 0.04838
49 123 -0.02174
49 124 -0.00452
49 125 -0.08148
49 126 -0.03411
49 127 0.03106
49 128 -0.04781
49 129 0.00706
49 130 -0.04058
49 131 -0.04207
49 132 0.08295
49 133 0.08352
49 134 -0.03743
49 135 -0.05871
49 136 -0.04469
49 137 0.06379
49 138 -0.08908
49 139 0.06141
49 140 -0.01309
49 141 0.02715
49 142 -0.05826
49 143 0.03868
49 144 0.02184
49 145 -0.06429
49 146 0.00686
49 147 0.04177
49 148 -0.07875
49 149 0.00135
49 150 0.01781
49 151 -0.06758
49 152 -0.05667
49 153 0.01628
49 154 0.05398
49 155 -0.10855
49 156 -0.00359
49 157 0.015
49 158 0.08129
49 159 0.05475
49 160 -0.03804
49 161 -0.05735
49 162 -0.06345
49 163 -0.09997
49 164 0.00661
49 165 0.03073
49 166 0.05787
49 167 -0.07099
49 168 -0.10206
49 169 0.08275
49 170 0.00869
49 171 -0.07314
49 172 0.04499
49 173 0.08782
49 174 0.04224
49 175 0.02281
49 176 0.01317
49 177 0.02878
49 178 0.02634
49 179 0.03202
49 180 -0.02679
49 181 0.08511
49 182 0.05049
49 183 0.06064
49 184 -0.07311
49 185 0.02702
49 186 -0.0176
49 187 -0.00228
49 188 -0.01163
49 189 0.02618
49 190 0.02061
49 191 -0.02143
49 192 -0.01788
49 193 0.02102
49 194 0.00583
49 195 -0.00911
49 196 -0.04307
49 197 -0.13174
49 198 0.01991
49 199 -0.03659
49 200 0.06235
49 201 0.00998
49 202 -0.05177
49 203 0.03809
49 204 0.02629
49 205 0.04617
49 206 0.03264
49 207 -0.01207
49 208 -0.03927
49 209 0.01728
49 210 0.12146
49 211 0.05734
49 212 0.03737
49 213 0.02024
49 214 0.16241
49 215 -0.14178
49 216 0.08769
49 217 -0.12376
49 218 -0.02323
49 219 0.01895
49 220 0.01287
49 221 0.04598
49 222 -0.0087
49 223 -0.11186
49 224 0.05277
49 225 0.00231
49 226 0.02211
49 227 -0.04416
49 228 0.04709
49 229 -0.00804
49 230 0.02486
49 231 -0.11862
49 232 0.01949
49 233 0.01082
49 234 0.0019
49 235 -0.06361
49 236 0.00441
49 237 0.01769
49 238 0.06044
49 239 0.00326
49 240 -0.06944
49 241 0.11233
49 242 0.0331
49 243 0.03182
49 244 0.00747
49 245 0.02861
49 246 -0.00944
49 247 0.0647
49 248 -0.11429
49 249 0.00275
49 250 0.05153
49 251 -0.00981
49 252 -0.06156
49 253 -0.03483
49 254 -0.00708
49 255 0.06319
49 256 0.04083
49 257 -0.11069
49 258 0.06042
49 259 0.02758
49 260 -0.0098
49 261 0.00116
49 262 -0.04052
49 263 -0.0787
49 264 -0.03016
49 265 -0.0575
49 266 -0.0077
49 267 0.00994
49 268 -0.0169
49 269 -0.05553
49 270 -0.01072
49 271 -0.1045
49 272 -0.06393
49 273 0.05216
49 274 0.00101
49 275 -0.03186
49 276 0.02268
49 277 -0.08897
49 278 -0.08895
49 279 0.06201
49 280 0.02192
49 281 0.05079
49 282 -0.04429
49 283 -0.05655
49 284 -0.0433
49 285 -0.01691
49 286 0.0057
49 287 0.03221
49 288 0.0721
49 289 -0.00718
49 290 0.03305
49 291 -0.04143
49 292 0.01479
49 293 0.08749
49 294 0.06292
49 295 -0.00607
49 296 -0.07478
49 297 0.11081
49 298 -0.04082
49 299 0.07509
50 51 -0.03034
50 52 0.03807
50 53 0.05721
50 54 0.01819
50 55 0.03445
50 56 -0.03465
50 57 -0.00104
50 58 0.01593
50 59 0.02191
50 60 -0.03768
50 61 -0.06368
50 62 -0.03151
50 63 0.02041
50 64 0.01616
50 65 0.06372
50 66 -0.04912
50 67 -0.00051
50 68 -0.06135
50 69 -0.09653
50 70 0.01306
50 71 -0.00392
50 72 -0.02536
50 73 -0.00513
50 74 -0.00166
50 75 -0.00716
50 76 0.01595
50 77 -0.03338
50 78 0.01433
50 79 -0.05176
50 80 -0.04012
50 81 0.00551
50 82 -0.04796
50 83 0.03108
50 84 -0.05173
50 85 -0.05202
50 86 -0.06736
50 87 -0.02376
50 88 0.03973
50 89 -0.0205
50 90 -0.00785
50 91 -0.0393
50 92 -0.03571
50 93 -0.03496
50 94 -0.04031
50 95 0.15166
50 96 0.07576
50 97 0.16203
50 98 0.06189
50 99 0.00746
50 100 0.01599
50 101 0.05124
50 102 0.00915
50 103 -0.05248
50 104 0.02039
50 105 -0.01516
50 106 -0.10556
50 107 -0.06341
50 108 0.02923
50 109 -0.06599
50 110 -0.04839
50 111 -0.01681
50 112 0.02626
50 113 0.04625
50 114 -0.0841
50 115 0.02933
50 116 -0.00865
50 117 0.02738
50 118 0.1239
50 119 -0.09094
50 120 0.04664
50 121 -0.06195
50 122 -0.08667
50 123 0.00398
50 124 0.07602
50 125 -0.10628
50 126 -0.18294
50 127 -0.02824
50 128 -0.04569
50 129 0.06326
50 130 0.10782
50 131 0.01138
50 132 -0.02249
50 133 -0.04357
50 134 0.10556
50 135 -0.00686
50 136 -0.01667
50 137 0.0435
50 138 0.02012
50 139 -0.08371
50 140 -0.08129
50 141 0.02569
50 142 0.03661
50 143 0.00967
50 144 0.03926
50 145 0.03766
50 146 0.0726
50 147 0.07983
50 148 0.01838
50 149 -0.00923
50 150 0.08289
50 151 0.00806
50 152 0.04391
50 153 -0.06951
50 154 0.06135
50 155 0.07353
50 156 -0.03093
50 157 0.00199
50 158 -0.01744
50 159 -0.02286
50 160 -0.01277
50 161 0.03834
50 162 0.02659
50 163 -0.02512
50 164 -0.04402
50 165 0.00687
50 166 0.06697
50 167 0.06874
50 168 0.09828
50 169 0.04498
50 170 -0.05484
50 171 -0.04914
50 172 -0.00603
50 173 0.01569
50 174 0.0122
50 175 -0.04209
50 176 -0.01824
50 177 -0.04808
50 178 -0.1571
50 179 0.07449
50 180 0.06534
50 181 -0.06842
50 182 -0.03503
50 183 0.02253
50 184 0.03208
50 185 -0.0808
50 186 0.01858
50 187 -0.03419
50 188 -0.04065
50 189 -0.04803
50 190 -0.01514
50 191 -0.10591
50 192 0.02892
50 193 -0.01761
50 194 0.03368
50 195 0.06762
50 196 -0.01557
50 197 0.11201
50 198 0.02025
50 199 -0.04956
50 200 0.03235
50 201 -0.03325
50 202 -0.00816
50 203 0.00682
50 204 -0.01843
50 205 0.05979
50 206 -0.06016
50 207 0.04006
50 208 0.06503
50 209 -0.01424
50 210 0.09455
50 211 0.05723
50 212 -0.00118
50 213 -0.02206
50 214 -0.05815
50 215 0.00782
50 216 -0.07365
50 217 0.07572
50 218 0.02461
50 219 0.04662
50 220 -0.09146
50 221 -0.04511
50 222 0.00607
50 223 -0.09529
50 224 -0.03716
50 225 -0.0448
50 226 0.04319
50 227 0.0681
50 228 -0.06826
50 229 0.02489
50 230 -0.08794
50 231 0.05899
50 232 0.01334
50 233 -0.0136
50 234 -0.03429
50 235 -0.07548
50 236 0.12954
50 237 -0.1589
50 238 0.07788
50 239 0.04364
50 240 -0.0705
50 241 -0.018
50 242 -0.01881
50 243 -0.04208
50 244 -0.05551
50 245 -0.05763
50 246 -0.0016
50 247 -0.13082
50 248 0.01517
50 249 -0.01575
50 250 -0.04412
50 251 0.04071
50 252 -0.10297
50 253 -0.01593
50 254 -0.01087
50 255 0.07361
50 256 -0.02747
50 257 -0.00825
50 258 0.07079
50 259 0.07989
50 260 -0.04062
50 261 -0.03428
50 262 -0.05653
50 263 0.10903
50 264 -0.01437
50 265 -0.02702
50 266 0.02426
50 267 -0.04444
50 268 0.07061
50 269 0.11057
50 270 -0.01691
50 271 -0.02064
50 272 0.05455
50 273 -0.04486
50 274 -0.09832
50 275 -0.00957
50 276 -0.01882
50 277 -0.03005
50 278 -0.10933
50 279 0.05248
50 280 -0.11779
50 281 -0.02131
50 282 -0.05144
50 283 -0.03443
50 284 -0.00272
50 285 -0.05544
50 286 0.11949
50 287 0.03353
50 288 -0.0223
50 289 -0.04571
50 290 0.11401
50 291 -0.07141
50 292 0.02301
50 293 0.00678
50 294 0.0298
50 295 0.02322
50 296 -0.00169
50 297 0.05587
50 298 -0.04506
50 299 -0.09144
51 52 0.04959
51 53 0.02434
51 54 -0.04944
51 55 -0.01553
51 56 -0.06756
51 57 0.00446
51 58 0.03599
51 59 0.07395
51 60 -0.02402
51 61 0.00853
51 62 0.07088
51 63 0.04846
51 64 0.03343
51 65 -0.03135
51 66 0.022
51 67 -0.01918
51 68 -0.06323
51 69 0.0422
51 70 0.01528
51 71 -0.0277
51 72 0.04766
51 73 0.08493
51 74 -0.08886
51 75 -0.01352
51 76 0.10177
51 77 -0.05403
51 78 -0.01772
51 79 0.05495
51 80 0.0171
51 81 0.00569
51 82 0.05578
51 83 -0.06297
51 84 0.00252
51 85 0.01695
51 86 -0.05732
51 87 0.01155
51 88 0.01565
51 89 -0.03808
51 90 0.05625
51 91 0.08286
51 92 0.12259
51 93 -0.0484
51 94 -0.07053
51 95 -0.0115
51 96 -0.02842
51 97 -0.07115
51 98 -0.03351
51 99 -0.05894
51 100 0.09286
51 101 -0.01735
51 102 0.00607
51 103 0.04377
51 104 0.01935
51 105 0.0833
51 106 -0.01284
51 107 0.07263
51 108 -0.0321
51 109 0.01224
51 110 -0.01435
51 111 -0.05794
51 112 -0.01076
51 113 -0.02336
51 114 -0.02757
51 115 0.05905
51 116 0.0761
51 117 0.04854
51 118 0.0512
51 119 -0.01083
51 120 -0.00264
51 121 0.01331
51 122 0.03279
51 123 0.15805
51 124 -0.02192
51 125 -0.04712
51 126 -0.02756
51 127 -0.0204
51 128 0.04894
51 129 -0.0977
51 130 0.00645
51 131 -0.03009
51 132 0.021
51 133 -0.07154
51 134 -0.10243
51 135 -0.06725
51 136 -0.06682
51 137 -0.04687
51 138 -0.05626
51 139 0.01973
51 140 0.01362
51 141 0.06787
51 142 0.08232
51 143 0.00914
51 144 -0.00585
51 145 0.06595
51 146 0.03427
51 147 0.03764
51 148 -0.00338
51 149 0.01547
51 150 0.02191
51 151 -0.164
51 152 0.05878
51 153 -0.10645
51 154 0.07581
51 155 0.02823
51 156 -0.06116
51 157 -0.02156
51 158 -0.10611
51 159 -0.09127
51 160 0.08194
51 161 0.00213
51 162 -0.18015
51 163 0.05419
51 164 0.08431
51 165 0.00632
51 166 0.01084
51 167 0.10777
51 168 -0.02468
51 169 0.01687
51 170 0.04843
51 171 0.03565
51 172 0.06102
51 173 0.0829
51 174 0.00707
51 175 0.03331
51 176 0.08016
51 177 0.04943
51 178 0.00356
51 179 0.00595
51 180 0.08757
51 181 -0.0355
51 182 0.108
51 183 -0.04539
51 184 -0.10778
51 185 -0.10958
51 186 0.02487
51 187 -0.08106
51 188 -0.01953
51 189 -0.03135
51 190 -0.11102
51 191 -0.02869
51 192 0.06833
51 193 0.00692
51 194 -0.03803
51 195 -0.00757
51 196 0.03095
51 197 -0.05811
51 198 -0.03941
51 199 -0.06242
51 200 -0.07796
51 201 0.01488
51 202 -0.00051
51 203 -0.01434
51 204 -0.04707
51 205 0.00519
51 206 -0.02387
51 207 -0.03815
51 208 -0.04196
51 209 0.01007
51 210 -0.05203
51 211 -0.04309
51 212 0.02927
51 213 -0.09779
51 214 0.08479
51 215 -0.13173
51 216 0.05863
51 217 0.01408
51 218 -0.03344
51 219 -0.00271
51 220 0.01306
51 221 0.02941
51 222 -0.00089
51 223 -0.01764
51 224 -0.05225
51 225 -0.01041
51 226 0.05937
51 227 0.0206
51 228 0.05334
51 229 0.0202
51 230 0.01241
51 231 0.06311
51 232 0.09234
51 233 0.11399
51 234 0.01975
51 235 0.10336
51 236 0.06413
51 237 0.01388
51 238 -0.02825
51 239 -0.05093
51 240 -0.04536
51 241 -0.05896
51 242 -0.0343
51 243 -0.00234
51 244 0.02091
51 245 -0.00686
51 246 -0.03799
51 247 -0.13539
51 248 -0.09953
51 249 0.02325
51 250 -0.01261
51 251 0.05486
51 252 -0.00979
51 253 -0.01866
51 254 0.05868
51 255 -0.04487
51 256 0.00409
51 257 0.0199
51 258 -0.0121
51 259 0.01508
51 260 0.01409
51 261 -0.01172
51 262 -0.01089
51 263 0.04288
51 264 0.07812
51 265 0.04673
51 266 0.08568
51 267 0.0267
51 268 -0.03226
51 269 -0.00559
51 270 0.02221
51 271 -0.04398
51 272 0.04898
51 273 -0.00185
51 274 0.0125
51 275 -0.002
51 276 -0.04222
51 277 0.06531
51 278 -0.17192
51 279 0.06924
51 280 -0.0228
51 281 -0.00066
51 282 0.00682
51 283 0.01615
51 284 0.09134
51 285 0.03319
51 286 0.01396
51 287 -0.06086
51 288 -0.01123
51 289 -0.04236
51 290 -0.04296
51 291 0.032
51 292 0.02808
51 293 0.02298
51 294 0.04754
51 295 -0.04689
51 296 0.00591
51 297 0.01594
51 298 -0.03496
51 299 0.03885
52 53 0.02399
52 54 -0.02479
52 55 -0.01408
52 56 -0.0062
52 57 0.05414
52 58 0.02528
52 59 0.11037
52 60 -0.0467
52 61 -0.04379
52 62 0.01185
52 63 0.02416
52 64 0.05135
52 65 0.03624
52 66 0.07135
52 67 0.00692
52 68 0.00786
52 69 -0.10394
52 70 -0.07827
52 71 0.01614
52 72 -0.0315
52 73 -0.034
52 74 0.08097
52 75 -0.03037
52 76 0.12108
52 77 0.00074
52 78 -0.02583
52 79 -0.06246
52 80 -0.04042
52 81 0.07868
52 82 -0.12131
52 83 -0.03498
52 84 0.03266
52 85 0.02387
52 86 0.07393
52 87 0.03777
52 88 0.0046
52 89 0.02996
52 90 0.09126
52 91 -0.02337
52 92 0.09798
52 93 0.00589
52 94 0.01867
52 95 -0.03739
52 96 -0.05292
52 97 -0.0945
52 98 -0.08843
52 99 -0.00819
52 100 0.08583
52 101 0.08716
52 102 0.10288
52 103 -0.02104
52 104 -0.05354
52 105 -0.02905
52 106 0.08013
52 107 0.03781
52 108 0.07043
52 109 0.06079
52 110 -0.0379
52 111 -0.01826
52 112 -0.03227
52 113 -0.09687
52 114 0.02309
52 115 -0.02465
52 116 0.02466
52 117 -0.03623
52 118 -0.08496
52 119 -0.02988
52 120 0.07559
52 121 -0.12613
52 122 0.11372
52 123 -0.08971
52 124 -0.05867
52 125 0.06601
52 126 -0.07932
52 127 0.02727
52 128 0.03752
52 129 0.00498
52 130 -0.02245
52 131 0.01619
52 132 -0.02303
52 133 -0.10224
52 134 0.03228
52 135 0.01453
52 136 -0.00591
52 137 0.03783
52 138 -0.09225
52 139 -0.01422
52 140 -0.01349
52 141 -0.04295
52 142 -0.04358
52 143 0.11216
52 144 0.09047
52 145 -0.00156
52 146 0.11314
52 147 -0.0321
52 148 0.13635
52 149 -0.07708
52 150 -0.03258
52 151 0.06953
52 152 -0.01721
52 153 -0.06792
52 154 0.01419
52 155 0.01735
52 156 -0.02886
52 157 -0.01356
52 158 -0.03301
52 159 -0.02118
52 160 -0.0349
52 161 0.03799
52 162 0.02013
52 163 -0.0186
52 164 -0.04022
52 165 -0.0117
52 166 -0.05461
52 167 0.0667
52 168 0.07168
52 169 -0.06022
52 170 -0.05181
52 171 0.04213
52 172 -0.04711
52 173 0.03138
52 174 -0.00052
52 175 -0.0085
52 176 0.03986
52 177 -0.04516
52 178 -0.02265
52 179 0.05334
52 180 0.02706
52 181 -0.0039
52 182 0.0856
52 183 -0.02048
52 184 0.08326
52 185 0.04057
52 186 0.0382
52 187 -0.02338
52 188 -0.01266
52 189 0.08944
52 190 -0.05652
52 191 -0.01594
52 192 -0.03882
52 193 0.00193
52 194 -0.08018
52 195 -0.01658
52 196 0.05253
52 197 0.02953
52 198 -0.10949
52 199 0.04973
52 200 0.04479
52 201 -0.04758
52 202 0.08832
52 203 -0.02507
52 204 -0.01642
52 205 0.05937
52 206 0.02956
52 207 -0.0079
52 208 -0.02689
52 209 -0.06888
52 210 0.04889
52 211 -0.15051
52 212 0.06721
52 213 0.07433
52 214 -0.12017
52 215 0.03389
52 216 0.05379
52 217 0.02129
52 218 -0.10287
52 219 -0.04004
52 220 0.04678
52 221 -0.08387
52 222 0.09206
52 223 -0.02845
52 224 0.03852
52 225 0.06503
52 226 0.02503
52 227 0.00153
52 228 0.00509
52 229 0.08845
52 230 0.10893
52 231 -0.03291
52 232 -0.01799
52 233 -0.04507
52 234 0.03303
52 235 0.05555
52 236 0.02831
52 237 -0.03326
52 238 -0.13809
52 239 -0.00077
52 240 -0.0168
52 241 0.08359
52 242 0.0363
52 243 0.02732
52 244 -0.00636
52 245 -0.08232
52 246 -0.03659
52 247 0.13297
52 248 -0.02489
52 249 0.06596
52 250 -0.06509
52 251 -0.05914
52 252 -0.03773
52 253 -0.02552
52 254 -0.02073
52 255 0.14848
52 256 0.0793
52 257 0.03198
52 258 0.01066
52 259 -0.01007
52 260 -0.04587
52 261 -0.07084
52 262 -0.07418
52 263 0.08162
52 264 0.03848
52 265 -0.0547
52 266 -0.03702
52 267 -0.05534
52 268 0.06944
52 269 -0.00889
52 270 -0.04411
52 271 0.06836
52 272 -0.08638
52 273 0.00727
52 274 -0.0406
52 275 0.07442
52 276 0.0898
52 277 0.00795
52 278 -0.05323
52 279 -0.08343
52 280 0.01131
52 281 0.02766
52 282 -0.01979
52 283 -0.10267
52 284 0.03595
52 285 -0.16774
52 286 0.03946
52 287 0.06516
52 288 0.08396
52 289 -0.04516
52 290 0.10199
52 291 0.00438
52 292 0.0813
52 293 0.00423
52 294 -0.06086
52 295 0.08337
52 296 0.07488
52 297 -0.0488
52 298 -0.08742
52 299 -0.01752
53 54 -0.01129
53 55 -0.01352
53 56 -0.08614
53 57 -0.09295
53 58 0.05002
53 59 -0.04964
53 60 -0.0776
53 61 0.03753
53 62 0.03513
53 63 -0.05148
53 64 -0.02015
53 65 0.05041
53 66 0.07458
53 67 0.04818
53 68 -0.02878
53 69 0.09091
53 70 -0.03698
53 71 0.10933
53 72 -0.07279
53 73 0.12749
53 74 -0.0226
53 75 -0.03081
53 76 0.03026
53 77 0.11108
53 78 0.0843
53 79 0.04242
53 80 -0.12569
53 81 -0.08004
53 82 -0.06108
53 83 -0.04681
53 84 -0.09096
53 85 0.02809
53 86 -0.00272
53 87 0.05319
53 88 0.05873
53 89 -0.00823
53 90 0.06277
53 91 -0.03836
53 92 -0.03043
53 93 0.04008
53 94 -0.0243
53 95 -0.03751
53 96 0.08803
53 97 -0.0549
53 98 0.0027
53 99 0.10816
53 100 0.035
53 101 0.0107
53 102 -0.01629
53 103 -0.01108
53 104 -0.07532
53 105 -0.11115
53 106 0.12465
53 107 0.01628
53 108 -0.07497
53 109 0.04842
53 110 0.09442
53 111 -0.09972
53 112 -0.1269
53 113 0.04129
53 114 -0.05427
53 115 0.08233
53 116 -0.02682
53 117 0.07525
53 118 0.02525
53 119 0.0094
53 120 -0.09718
53 121 -0.08574
53 122 0.07103
53 123 0.04932
53 124 0.02043
53 125 -0.02224
53 126 0.02831
53 127 0.02927
53 128 -0.04247
53 129 0.06885
53 130 0.09417
53 131 0.03317
53 132 -0.12157
53 133 -0.00992
53 134 0.0424
53 135 0.01894
53 136 -0.05368
53 137 -0.01986
53 138 0.03422
53 139 0.01537
53 140 -0.03609
53 141 -0.07325
53 142 0.03309
53 143 0.0594
53 144 -0.04337
53 145 -0.0344
53 146 -0.00628
53 147 -0.00756
53 148 -0.13483
53 149 -0.02247
53 150 -0.06712
53 151 -0.05415
53 152 -0.00962
53 153 -0.02919
53 154 0.04864
53 155 0.06599
53 156 -0.02592
53 157 0.04851
53 158 0.12219
53 159 0.01705
53 160 -0.05211
53 161 0.03995
53 162 0.03192
53 163 0.0279
53 164 -0.06124
53 165 -0.02553
53 166 -0.0063
53 167 0.05247
53 168 0.02755
53 169 -0.02186
53 170 0.03464
53 171 -0.16493
53 172 0.10863
53 173 -0.02436
53 174 0.0812
53 175 -0.0291
53 176 0.04391
53 177 0.02314
53 178 0.05519
53 179 0.01431
53 180 -0.07113
53 181 -0.025
53 182 0.01406
53 183 0.09246
53 184 0.04382
53 185 0.05467
53 186 -0.02664
53 187 -0.06155
53 188 -0.05903
53 189 -0.08545
53 190 -0.00823
53 191 0.06176
53 192 -0.04302
53 193 0.00554
53 194 0.02837
53 195 0.0651
53 196 0.02564
53 197 0.02084
53 198 0.03539
53 199 -0.02807
53 200 0.0372
53 201 0.04738
53 202 -0.03541
53 203 -0.01226
53 204 0.01162
53 205 0.05017
53 206 -0.00005
53 207 -0.00602
53 208 -0.10574
53 209 -0.10016
53 210 -0.00222
53 211 0.02082
53 212 -0.08383
53 213 0.05775
53 214 -0.05656
53 215 0.12966
53 216 -0.00939
53 217 -0.07493
53 218 0.0173
53 219 -0.05853
53 220 -0.04608
53 221 0.05949
53 222 0.06437
53 223 -0.04239
53 224 -0.03085
53 225 -0.04611
53 226 -0.06204
53 227 -0.00397
53 228 0.04094
53 229 0.03156
53 230 -0.02613
53 231 -0.14034
53 232 0.05241
53 233 -0.00507
53 234 0.02663
53 235 0.01266
53 236 0.01688
53 237 0.03631
53 238 0.01132
53 239 -0.02889
53 240 0.01014
53 241 -0.04984
53 242 -0.03693
53 243 -0.00398
53 244 0.06095
53 245 -0.10036
53 246 -0.01475
53 247 -0.03135
53 248 -0.11058
53 249 -0.04711
53 250 0.02676
53 251 -0.01575
53 252 0.02376
53 253 0.01785
53 254 0.01268
53 255 0.13049
53 256 -0.04104
53 257 0.0442
53 258 0.00673
53 259 0.03921
53 260 -0.01973
53 261 0.03112
53 262 -0.00505
53 263 -0.04416
53 264 -0.0796
53 265 0.09887
53 266 0.03148
53 267 -0.00695
53 268 -0.04187
53 269 0.06645
53 270 0.11381
53 271 -0.05386
53 272 -0.00028
53 273 -0.02443
53 274 0.01121
53 275 0.04152
53 276 0.05769
53 277 -0.00714
53 278 0.01624
53 279 -0.05967
53 280 0.06369
53 281 -0.02596
53 282 -0.03145
53 283 -0.05495
53 284 0.05382
53 285 -0.03345
53 286 0.09589
53 287 -0.05369
53 288 -0.06218
53 289 0.11313
53 290 0.00244
53 291 0.0503
53 292 0.05339
53 293 -0.01004
53 294 0.08647
53 295 -0.02931
53 296 0.03356
53 297 0.01578
53 298 0.02248
53 299 0.06925
54 55 -0.03383
54 56 0.07464
54 57 -0.02921
54 58 -0.01469
54 59 0.04431
54 60 0.04743
54 61 0.04665
54 62 -0.02572
54 63 -0.00503
54 64 0.00887
54 65 0.14727
54 66 -0.01333
54 67 0.03105
54 68 0.03181
54 69 0.04972
54 70 0.09658
54 71 0.00015
54 72 0.07053
54 73 -0.02195
54 74 -0.02455
54 75 0.06016
54 76 0.0445
54 77 0.06078
54 78 -0.06212
54 79 0.015
54 80 0.00515
54 81 0.01045
54 82 0.05046
54 83 -0.05954
54 84 0.11542
54 85 0.03429
54 86 -0.00373
54 87 -0.02727
54 88 0.07516
54 89 -0.05223
54 90 0.1532
54 91 0.06276
54 92 -0.02217
54 93 -0.00849
54 94 -0.08015
54 95 -0.08493
54 96 -0.05681
54 97 -0.04133
54 98 -0.03948
54 99 0.04767
54 100 0.02787
54 101 -0.04491
54 102 0.01412
54 103 -0.00556
54 104 -0.01114
54 105 0.05178
54 106 0.04037
54 107 0.09178
54 108 0.14216
54 109 -0.00422
54 110 0.02741
54 111 0.01186
54 112 -0.04453
54 113 -0.13385
54 114 -0.0708
54 115 -0.0497
54 116 0.06724
54 117 -0.17858
54 118 -0.03369
54 119 -0.03778
54 120 0.05194
54 121 0.00853
54 122 0.08342
54 123 -0.07294
54 124 -0.02767
54 125 0.08499
54 126 -0.02891
54 127 0.04947
54 128 0.01817
54 129 0.06161
54 130 -0.11138
54 131 -0.07046
54 132 -0.00683
54 133 0.02245
54 134 -0.07003
54 135 0.00706
54 136 -0.08048
54 137 0.0237
54 138 -0.07074
54 139 -0.04488
54 140 -0.0073
54 141 0.05372
54 142 0.03453
54 143 -0.01948
54 144 0.00432
54 145 -0.01133
54 146 0.00289
54 147 -0.04007
54 148 -0.00395
54 149 -0.02531
54 150 0.01781
54 151 0.0493
54 152 0.04077
54 153 -0.0746
54 154 0.00619
54 155 0.01058
54 156 0.11036
54 157 0.00777
54 158 0.02124
54 159 0.0143
54 160 -0.02079
54 161 0.00976
54 162 0.03619
54 163 0.03508
54 164 -0.00017
54 165 0.03493
54 166 -0.01454
54 167 0.02364
54 168 -0.03088
54 169 -0.12404
54 170 0.00496
54 171 -0.0839
54 172 0.02085
54 173 0.00816
54 174 -0.05295
54 175 -0.01191
54 176 -0.03798
54 177 -0.01516
54 178 0.00519
54 179 -0.01922
54 180 -0.05781
54 181 -0.00459
54 182 0.06889
54 183 0.05057
54 184 0.01305
54 185 -0.03362
54 186 0.08436
54 187 0.06553
54 188 -0.10361
54 189 -0.04227
54 190 0.03356
54 191 0.00805
54 192 0.04103
54 193 0.07123
54 194 -0.0029
54 195 0.04168
54 196 0.09523
54 197 -0.01084
54 198 0.0401
54 199 0.10812
54 200 -0.03821
54 201 0.00957
54 202 -0.00062
54 203 -0.0225
54 204 -0.06104
54 205 0.01894
54 206 0.01125
54 207 -0.07928
54 208 0.01638
54 209 0.06911
54 210 0.04334
54 211 -0.03484
54 212 -0.05051
54 213 -0.07384
54 214 -0.04863
54 215 0.00291
54 216 -0.04941
54 217 0.04303
54 218 0.00631
54 219 -0.05686
54 220 0.05676
54 221 -0.06552
54 222 0.06293
54 223 0.01787
54 224 0.01712
54 225 0.06782
54 226 0.05238
54 227 -0.04523
54 228 -0.04859
54 229 -0.02435
54 230 -0.04335
54 231 0.09932
54 232 0.05099
54 233 -0.01995
54 234 0.00653
54 235 0.1132
54 236 -0.09341
54 237 0.12019
54 238 -0.00779
54 239 0.00369
54 240 0.03828
54 241 -0.08413
54 242 -0.03956
54 243 -0.02532
54 244 -0.01467
54 245 0.05085
54 246 0.00149
54 247 0.01337
54 248 0.02747
54 249 -0.0647
54 250 0.04326
54 251 0.04185
54 252 -0.0299
54 253 0.06699
54 254 -0.02886
54 255 -0.03727
54 256 -0.00175
54 257 0.03731
54 258 -0.06001
54 259 0.04529
54 260 -0.01644
54 261 0.00456
54 262 -0.01645
54 263 0.01016
54 264 0.07467
54 265 -0.04583
54 266 0.02342
54 267 0.06014
54 268 -0.04696
54 269 -0.0073
54 270 0.10226
54 271 -0.03386
54 272 -0.0132
54 273 -0.02245
54 274 -0.00365
54 275 0.06174
54 276 -0.0313
54 277 0.10994
54 278 -0.08034
54 279 0.02938
54 280 -0.02203
54 281 -0.04172
54 282 0.03785
54 283 0.04289
54 284 -0.00769
54 285 -0.01794
54 286 0.01846
54 287 -0.08398
54 288 0.10141
54 289 -0.03395
54 290 0.02636
54 291 0.05871
54 292 0.00924
54 293 0.01896
54 294 -0.15341
54 295 0.00594
54 296 -0.01386
54 297 -0.14937
54 298 -0.04154
54 299 -0.04165
55 56 -0.07353
55 57 -0.04202
55 58 0.08272
55 59 0.01336
55 60 0.00401
55 61 0.01639
55 62 0.06611
55 63 0.14963
55 64 0.03448
55 65 -0.11355
55 66 -0.01511
55 67 -0.02382
55 68 -0.0155
55 69 0.05866
55 70 -0.00416
55 71 -0.0118
55 72 0.05683
55 73 0.01754
55 74 -0.05048
55 75 0.02336
55 76 -0.06799
55 77 -0.02076
55 78 -0.0046
55 79 -0.03739
55 80 -0.03643
55 81 -0.06674
55 82 0.04995
55 83 -0.0644
55 84 0.08889
55 85 -0.07478
55 86 -0.03455
55 87 -0.10518
55 88 0.06966
55 89 0.04111
55 90 -0.00817
55 91 -0.05953
55 92 0.01918
55 93 0.00237
55 94 0.1688
55 95 -0.06277
55 96 0.04632
55 97 -0.033
55 98 -0.01267
55 99 0.00158
55 100 -0.0022
55 101 0.03826
55 102 0.03257
55 103 -0.03774
55 104 -0.00541
55 105 -0.11439
55 106 0.04818
55 107 0.00615
55 108 -0.09176
55 109 0.00735
55 110 0.01039
55 111 0.06926
55 112 0.15197
55 113 0.10719
55 114 0.02743
55 115 0.08272
55 116 0.00765
55 117 0.06524
55 118 -0.03116
55 119 -0.15341
55 120 0.09068
55 121 0.01893
55 122 0.00596
55 123 0.04627
55 124 -0.02026
55 125 0.10562
55 126 0.04693
55 127 -0.03204
55 128 0.03195
55 129 -0.10472
55 130 0.07202
55 131 0.18351
55 132 -0.02488
55 133 0.09273
55 134 0.00334
55 135 0.0396
55 136 0.01941
55 137 -0.01231
55 138 -0.02952
55 139 -0.01965
55 140 0.12828
55 141 -0.00405
55 142 0.04844
55 143 0.05432
55 144 0.06271
55 145 0.02072
55 146 0.04948
55 147 0.02951
55 148 0.06188
55 149 -0.03595
55 150 -0.01734
55 151 -0.07197
55 152 -0.02273
55 153 -0.00917
55 154 0.06665
55 155 -0.06396
55 156 0.07542
55 157 -0.01803
55 158 -0.0062
55 159 0.03056
55 160 0.03677
55 161 0.02398
55 162 -0.08018
55 163 0.02486
55 164 0.04698
55 165 0.02947
55 166 -0.05467
55 167 0.03134
55 168 -0.01054
55 169 0.03584
55 170 -0.02322
55 171 0.03673
55 172 -0.00177
55 173 -0.13736
55 174 0.00278
55 175 0.03514
55 176 0.03455
55 177 -0.03318
55 178 -0.03637
55 179 0.02946
55 180 -0.01747
55 181 -0.07921
55 182 0.08447
55 183 0.07354
55 184 -0.04409
55 185 -0.0689
55 186 -0.06892
55 187 0.06231
55 188 0.05702
55 189 0.02784
55 190 0.03826
55 191 -0.00366
55 192 -0.03028
55 193 -0.00186
55 194 0.02087
55 195 0.021
55 196 -0.01813
55 197 0.09861
55 198 -0.033
55 199 0.12152
55 200 0.05624
55 201 0.07789
55 202 -0.0822
55 203 0.12121
55 204 0.09581
55 205 -0.02363
55 206 -0.0233
55 207 0.03273
55 208 -0.00738
55 209 -0.02913
55 210 -0.00957
55 211 -0.01559
55 212 0.01295
55 213 -0.01572
55 214 -0.04806
55 215 0.03108
55 216 -0.03346
55 217 0.00292
55 218 0.03427
55 219 0.0112
55 220 -0.00931
55 221 -0.0415
55 222 0.02597
55 223 0.00381
55 224 -0.04378
55 225 -0.09302
55 226 0.11115
55 227 -0.04696
55 228 0.02862
55 229 -0.0303
55 230 0.11339
55 231 0.01805
55 232 -0.03762
55 233 0.02934
55 234 0.0584
55 235 0.04724
55 236 0.04646
55 237 -0.03937
55 238 0.03249
55 239 0.00617
55 240 -0.05121
55 241 -0.02131
55 242 0.02967
55 243 0.06268
55 244 -0.0593
55 245 0.03655
55 246 0.03105
55 247 -0.07579
55 248 -0.01418
55 249 -0.04134
55 250 0.09192
55 251 0.00988
55 252 -0.02055
55 253 -0.06806
55 254 0.0043
55 255 -0.00417
55 256 0.10392
55 257 -0.03943
55 258 -0.03856
55 259 0.18759
55 260 0.04785
55 261 0.00883
55 262 -0.03757
55 263 0.01679
55 264 0.05162
55 265 -0.01587
55 266 0.01919
55 267 -0.05022
55 268 0.05573
55 269 -0.05862
55 270 0.08337
55 271 0.10586
55 272 -0.0145
55 273 0.11893
55 274 -0.06674
55 275 0.0647
55 276 0.02385
55 277 -0.04861
55 278 0.02493
55 279 -0.01926
55 280 0.0054
55 281 -0.01792
55 282 0.05312
55 283 -0.00408
55 284 -0.04611
55 285 0.12768
55 286 -0.04323
55 287 -0.05256
55 288 0.0961
55 289 0.05054
55 290 -0.00353
55 291 -0.07509
55 292 -0.01096
55 293 0.11688
55 294 0.09188
55 295 0.01158
55 296 -0.07006
55 297 0.0133
55 298 0.02298
55 299 0.00439
56 57 0.07477
56 58 0.04983
56 59 -0.00352
56 60 0.02566
56 61 -0.00454
56 62 0.05046
56 63 -0.0646
56 64 0.19743
56 65 0.00971
56 66 0.07068
56 67 -0.08585
56 68 0.02793
56 69 0.02449
56 70 -0.03319
56 71 0.03622
56 72 0.00968
56 73 -0.04359
56 74 0.00706
56 75 -0.00912
56 76 0.06001
56 77 -0.05164
56 78 0.00302
56 79 -0.06685
56 80 -0.02628
56 81 -0.00993
56 82 0.0426
56 83 -0.00479
56 84 -0.03375
56 85 -0.04452
56 86 -0.07393
56 87 0.10377
56 88 -0.06361
56 89 -0.05057
56 90 -0.10226
56 91 0.0197
56 92 -0.05878
56 93 -0.04398
56 94 -0.03375
56 95 -0.00562
56 96 0.03997
56 97 0.01512
56 98 -0.06246
56 99 0.03003
56 100 0.11161
56 101 0.01243
56 102 0.01582
56 103 0.0123
56 104 0.02917
56 105 0.01085
56 106 0.02306
56 107 -0.09203
56 108 0.07238
56 109 0.05067
56 110 0.04074
56 111 0.06179
56 112 -0.12709
56 113 -0.00107
56 114 -0.00303
56 115 -0.03806
56 116 0.00992
56 117 0.02235
56 118 0.00425
56 119 0.00766
56 120 0.00812
56 121 0.02228
56 122 0.01026
56 123 -0.11832
56 124 0.03329
56 125 0.01091
56 126 -0.0012
56 127 0.01185
56 128 0.02546
56 129 -0.15701
56 130 -0.06747
56 131 0.09535
56 132 0.0829
56 133 -0.03096
56 134 -0.02889
56 135 -0.00247
56 136 -0.08099
56 137 -0.08803
56 138 0.03602
56 139 0.05014
56 140 -0.11066
56 141 0.05714
56 142 0.05487
56 143 -0.00191
56 144 0.08079
56 145 -0.01656
56 146 -0.12922
56 147 -0.02077
56 148 -0.03566
56 149 -0.04267
56 150 0.02884
56 151 0.04603
56 152 -0.03732
56 153 -0.00864
56 154 -0.01114
56 155 0.0025
56 156 -0.05909
56 157 -0.04979
56 158 -0.03449
56 159 0.08273
56 160 -0.0588
56 161 -0.00882
56 162 0.02219
56 163 -0.0047
56 164 0.0812
56 165 0.01213
56 166 -0.0556
56 167 0.05083
56 168 0.02089
56 169 -0.04201
56 170 -0.00828
56 171 -0.06985
56 172 0.00623
56 173 0.00393
56 174 0.11608
56 175 -0.00918
56 176 0.03785
56 177 0.06674
56 178 0.06338
56 179 0.05034
56 180 -0.01194
56 181 -0.02419
56 182 0.02734
56 183 -0.00498
56 184 -0.05358
56 185 0.027
56 186 0.1008
56 187 -0.07341
56 188 0.0136
56 189 0.04739
56 190 -0.0396
56 191 -0.00686
56 192 -0.11918
56 193 0.01319
56 194 -0.06025
56 195 0.07817
56 196 0.01365
56 197 -0.00056
56 198 -0.05078
56 199 -0.05622
56 200 -0.05257
56 201 0.02427
56 202 0.03177
56 203 0.02149
56 204 0.02939
56 205 -0.04058
56 206 0.00017
56 207 -0.07464
56 208 0.122
56 209 -0.01786
56 210 0.06548
56 211 -0.04101
56 212 0.0162
56 213 0.05608
56 214 0.12016
56 215 -0.06445
56 216 -0.02503
56 217 0.03522
56 218 -0.01648
56 219 -0.03844
56 220 -0.05187
56 221 -0.02073
56 222 -0.05316
56 223 -0.05921
56 224 -0.00118
56 225 0.02314
56 226 0.06235
56 227 -0.11984
56 228 0.04593
56 229 0.08434
56 230 -0.02772
56 231 0.00889
56 232 -0.01074
56 233 -0.01998
56 234 -0.07107
56 235 -0.13484
56 236 -0.02208
56 237 -0.03834
56 238 -0.01054
56 239 0.0556
56 240 0.13591
56 241 0.03781
56 242 0.03254
56 243 -0.01263
56 244 -0.00611
56 245 0.07472
56 246 -0.07417
56 247 0.02797
56 248 -0.07134
56 249 -0.03024
56 250 0.09995
56 251 0.00405
56 252 0.00758
56 253 -0.0137
56 254 0.0121
56 255 0.0803
56 256 -0.11434
56 257 -0.01139
56 258 -0.00771
56 259 0.01997
56 260 -0.00851
56 261 -0.01061
56 262 0.09633
56 263 0.03665
56 264 0.01956
56 265 -0.03186
56 266 0.08178
56 267 -0.05298
56 268 -0.03333
56 269 0.03591
56 270 0.00847
56 271 0.02774
56 272 0.00265
56 273 0.0771
56 274 -0.02534
56 275 0.00324
56 276 0.04919
56 277 0.04269
56 278 0.00793
56 279 0.03027
56 280 0.05317
56 281 0.01683
56 282 0.02329
56 283 -0.04186
56 284 -0.0445
56 285 -0.03706
56 286 -0.02577
56 287 0.01433
56 288 0.00386
56 289 0.07621
56 290 -0.1003
56 291 -0.01718
56 292 -0.01712
56 293 -0.04429
56 294 -0.03243
56 295 -0.14778
56 296 0.00777
56 297 0.1238
56 298 0.1014
56 299 -0.04195
57 58 -0.04099
57 59 0.00526
57 60 0.00545
57 61 0.00887
57 62 -0.04754
57 63 0.15939
57 64 0.02024
57 65 -0.13832
57 66 -0.03442
57 67 -0.03797
57 68 -0.00842
57 69 0.05171
57 70 -0.03959
57 71 -0.00162
57 72 -0.04163
57 73 0.00542
57 74 0.08976
57 75 0.05114
57 76 -0.0068
57 77 0.05644
57 78 -0.07965
57 79 -0.08687
57 80 0.04702
57 81 0.03457
57 82 0.00481
57 83 -0.03565
57 84 0.04897
57 85 0.00558
57 86 -0.00882
57 87 0.01215
57 88 -0.0792
57 89 -0.02896
57 90 0.00795
57 91 -0.02694
57 92 0.04964
57 93 -0.05673
57 94 0.03394
57 95 0.0228
57 96 -0.02483
57 97 -0.12878
57 98 0.0051
57 99 -0.04077
57 100 0.08127
57 101 -0.01105
57 102 0.07535
57 103 0.01904
57 104 0.01812
57 105 -0.07006
57 106 -0.08228
57 107 0.0146
57 108 0.06718
57 109 0.03092
57 110 -0.06982
57 111 0.01012
57 112 -0.06907
57 113 -0.01892
57 114 0.08089
57 115 -0.06813
57 116 0.01516
57 117 0.00045
57 118 0.0083
57 119 0.04686
57 120 0.02511
57 121 0.04199
57 122 0.01588
57 123 -0.01062
57 124 -0.07351
57 125 0.1331
57 126 0.14828
57 127 0.02194
57 128 0.05072
57 129 -0.02591
57 130 0.05437
57 131 -0.01016
57 132 -0.03857
57 133 0.0146
57 134 0.0753
57 135 0.04201
57 136 -0.01103
57 137 -0.00798
57 138 -0.01936
57 139 -0.02767
57 140 0.02869
57 141 0.02479
57 142 -0.0079
57 143 -0.02362
57 144 -0.02782
57 145 -0.03009
57 146 -0.08461
57 147 -0.08901
57 148 0.02209
57 149 -0.09962
57 150 0.077
57 151 -0.00259
57 152 -0.03928
57 153 0.01503
57 154 -0.07221
57 155 0.06091
57 156 -0.10996
57 157 0.10222
57 158 -0.08604
57 159 0.03646
57 160 -0.00835
57 161 0.05326
57 162 0.00075
57 163 -0.04912
57 164 -0.10045
57 165 -0.11059
57 166 0.06602
57 167 0.02304
57 168 -0.01699
57 169 0.01522
57 170 0.09525
57 171 0.03925
57 172 -0.02851
57 173 -0.00682
57 174 -0.04313
57 175 -0.05931
57 176 0.02605
57 177 0.01469
57 178 0.03375
57 179 0.04615
57 180 -0.03473
57 181 -0.01216
57 182 -0.06917
57 183 0.032
57 184 0.02942
57 185 0.04982
57 186 0.01687
57 187 0.09269
57 188 0.04093
57 189 0.05979
57 190 0.03368
57 191 0.01923
57 192 0.08003
57 193 0.13724
57 194 0.08149
57 195 0.0102
57 196 -0.06299
57 197 -0.00858
57 198 0.00238
57 199 -0.0199
57 200 -0.03425
57 201 -0.007
57 202 -0.03639
57 203 -0.06494
57 204 -0.04156
57 205 -0.09917
57 206 0.03426
57 207 -0.01875
57 208 -0.00778
57 209 0.02836
57 210 -0.06755
57 211 -0.02777
57 212 -0.02617
57 213 -0.12079
57 214 0.01126
57 215 -0.08047
57 216 -0.06401
57 217 -0.02441
57 218 0.12374
57 219 0.05164
57 220 0.01453
57 221 0.04929
57 222 0.05465
57 223 0.00194
57 224 0.00215
57 225 0.00986
57 226 -0.03977
57 227 0.02106
57 228 -0.03164
57 229 0.0766
57 230 0.0657
57 231 0.0289
57 232 0.03352
57 233 0.07952
57 234 -0.00088
57 235 0.11352
57 236 -0.02497
57 237 -0.03556
57 238 -0.01816
57 239 0.0563
57 240 -0.03417
57 241 -0.05871
57 242 -0.0119
57 243 0.00805
57 244 -0.08479
57 245 -0.06588
57 246 0.00327
57 247 -0.03776
57 248 -0.05629
57 249 0.00982
57 250 -0.05967
57 251 -0.00322
57 252 -0.01376
57 253 -0.06957
57 254 0.04097
57 255 -0.03243
57 256 0.05274
57 257 0.0521
57 258 0.0195
57 259 0.08773
57 260 0.00157
57 261 -0.11078
57 262 0.02819
57 263 0.10179
57 264 0.0216
57 265 0.10641
57 266 -0.03151
57 267 0.02859
57 268 -0.04557
57 269 -0.01835
57 270 0.04237
57 271 0.04304
57 272 -0.01788
57 273 -0.02113
57 274 -0.01545
57 275 -0.05771
57 276 -0.02813
57 277 -0.02619
57 278 0.01046
57 279 0.0387
57 280 -0.03469
57 281 0.09493
57 282 0.0005
57 283 0.0288
57 284 0.00073
57 285 -0.01831
57 286 -0.0574
57 287 -0.11547
57 288 0.03927
57 289 -0.03439
57 290 0.0131
57 291 -0.0445
57 292 -0.0664
57 293 -0.07699
57 294 -0.00591
57 295 -0.08358
57 296 -0.05356
57 297 -0.01631
57 298 0.00497
57 299 -0.02512
58 59 -0.06799
58 60 -0.06837
58 61 -0.03193
58 62 -0.00607
58 63 0.0487
58 64 -0.04832
58 65 -0.00331
58 66 -0.00002
58 67 0.07825
58 68 0.07445
58 69 -0.00321
58 70 0.04543
58 71 0.06285
58 72 -0.05594
58 73 -0.1292
58 74 0.06008
58 75 -0.00906
58 76 -0.00242
58 77 -0.02414
58 78 -0.02462
58 79 0.02415
58 80 0.03556
58 81 -0.08148
58 82 0.11788
58 83 -0.03241
58 84 -0.02287
58 85 0.06847
58 86 -0.01766
58 87 -0.03362
58 88 -0.13422
58 89 0.07667
58 90 -0.01271
58 91 -0.08854
58 92 0.07468
58 93 0.05218
58 94 -0.01866
58 95 -0.00468
58 96 -0.05203
58 97 0.05803
58 98 0.11298
58 99 0.0676
58 100 0.03011
58 101 0.04461
58 102 -0.02515
58 103 0.05731
58 104 0.02954
58 105 -0.04881
58 106 -0.02607
58 107 0.06851
58 108 0.02348
58 109 -0.07524
58 110 -0.07481
58 111 0.09577
58 112 0.07601
58 113 -0.08055
58 114 0.04321
58 115 0.13602
58 116 0.04123
58 117 0.05186
58 118 -0.00332
58 119 -0.001
58 120 -0.10177
58 121 -0.08707
58 122 -0.02745
58 123 0.00108
58 124 -0.04886
58 125 -0.02534
58 126 0.07819
58 127 0.03098
58 128 0.02335
58 129 -0.09705
58 130 0.00741
58 131 -0.07897
58 132 -0.01811
58 133 -0.02541
58 134 -0.00216
58 135 0.0373
58 136 -0.01488
58 137 -0.04635
58 138 0.03943
58 139 0.12709
58 140 0.01727
58 141 -0.05647
58 142 0.03079
58 143 0.06324
58 144 -0.03049
58 145 0.02917
58 146 -0.03886
58 147 -0.018
58 148 0.03002
58 149 0.02285
58 150 -0.01493
58 151 -0.09577
58 152 0.00031
58 153 0.00445
58 154 0.01417
58 155 0.01797
58 156 0.10689
58 157 -0.01576
58 158 0.12713
58 159 0.09001
58 160 0.0935
58 161 0.06308
58 162 0.02655
58 163 -0.00078
58 164 0.01608
58 165 0.01928
58 166 0.00492
58 167 0.06104
58 168 0.00501
58 169 -0.05496
58 170 0.08281
58 171 0.0063
58 172 -0.04645
58 173 0.0533
58 174 0.00661
58 175 -0.04726
58 176 0.05189
58 177 -0.00738
58 178 0.03637
58 179 0.01753
58 180 -0.08979
58 181 0.02877
58 182 0.06571
58 183 0.09655
58 184 -0.09828
58 185 -0.0583
58 186 -0.08316
58 187 -0.02757
58 188 -0.01262
58 189 -0.00642
58 190 -0.0808
58 191 0.059
58 192 -0.02091
58 193 -0.01647
58 194 -0.00465
58 195 -0.05797
58 196 -0.00742
58 197 -0.00861
58 198 -0.08268
58 199 0.00454
58 200 0.01972
58 201 -0.03499
58 202 -0.05081
58 203 -0.06074
58 204 -0.0451
58 205 -0.04768
58 206 -0.06177
58 207 0.0054
58 208 -0.02965
58 209 -0.01657
58 210 -0.05373
58 211 0.0466
58 212 0.00972
58 213 0.04652
58 214 0.00632
58 215 -0.03077
58 216 -0.00019
58 217 -0.05235
58 218 0.02447
58 219 0.04361
58 220 0.03213
58 221 0.04317
58 222 -0.05376
58 223 0.02423
58 224 -0.09526
58 225 0.00795
58 226 -0.01343
58 227 0.07642
58 228 0.06947
58 229 -0.02952
58 230 -0.01823
58 231 0.04558
58 232 -0.04623
58 233 -0.10985
58 234 0.03323
58 235 -0.02724
58 236 0.09696
58 237 0.03013
58 238 0.06843
58 239 0.05301
58 240 0.06363
58 241 -0.04956
58 242 0.017
58 243 0.07848
58 244 0.01982
58 245 -0.00185
58 246 0.06544
58 247 -0.02107
58 248 0.00701
58 249 0.02109
58 250 0.06888
58 251 -0.05129
58 252 0.06509
58 253 -0.06517
58 254 0.04911
58 255 -0.05393
58 256 0.04478
58 257 0.03736
58 258 0.01077
58 259 -0.01053
58 260 -0.03994
58 261 0.13871
58 262 0.01311
58 263 -0.0355
58 264 0.0861
58 265 -0.03992
58 266 -0.00411
58 267 0.10694
58 268 -0.07418
58 269 -0.04303
58 270 0.00388
58 271 0.00978
58 272 -0.05346
58 273 -0.07756
58 274 0.05156
58 275 -0.03711
58 276 -0.0474
58 277 0.0069
58 278 -0.06572
58 279 -0.08835
58 280 -0.02418
58 281 -0.02386
58 282 0.08364
58 283 0.01403
58 284 -0.00131
58 285 -0.0142
58 286 -0.14008
58 287 -0.1
58 288 -0.0517
58 289 0.02361
58 290 0.09253
58 291 0.01991
58 292 0.06006
58 293 0.05661
58 294 -0.00835
58 295 0.00096
58 296 -0.016
58 297 -0.06634
58 298 0.09355
58 299 0.04364
59 60 -0.06371
59 61 0.01414
59 62 -0.06486
59 63 -0.09791
59 64 0.01997
59 65 -0.07916
59 66 -0.05483
59 67 -0.0773
59 68 -0.06433
59 69 -0.01573
59 70 0.06464
59 71 -0.0668
59 72 -0.07915
59 73 -0.02017
59 74 -0.05505
59 75 0.08982
59 76 0.01603
59 77 -0.08476
59 78 0.01403
59 79 -0.0341
59 80 0.01241
59 81 0.0421
59 82 -0.00066
59 83 -0.13472
59 84 -0.02305
59 85 -0.11878
59 86 0.00959
59 87 0.03454
59 88 0.00013
59 89 0.06333
59 90 0.03019
59 91 0.00647
59 92 -0.03928
59 93 -0.01926
59 94 -0.04527
59 95 0.04852
59 96 -0.01875
59 97 0.09231
59 98 -0.02952
59 99 -0.02435
59 100 0.09132
59 101 0.12701
59 102 -0.0398
59 103 -0.01318
59 104 -0.02432
59 105 -0.04347
59 106 -0.0158
59 107 0.10215
59 108 0.07763
59 109 0.03068
59 110 0.04641
59 111 -0.00949
59 112 0.09831
59 113 -0.09502
59 114 -0.00934
59 115 -0.04126
59 116 -0.00347
59 117 -0.03817
59 118 -0.10033
59 119 0.06175
59 120 0.01819
59 121 -0.01028
59 122 -0.08832
59 123 -0.00411
59 124 -0.00983
59 125 0.04079
59 126 -0.06639
59 127 -0.09625
59 128 -0.00581
59 129 0.01659
59 130 0.04531
59 131 -0.05841
59 132 0.05973
59 133 0.05001
59 134 0.00484
59 135 -0.03767
59 136 0.07419
59 137 -0.00629
59 138 0.09403
59 139 -0.01812
59 140 -0.08137
59 141 -0.03492
59 142 -0.02368
59 143 -0.02457
59 144 0.00174
59 145 0.02761
59 146 -0.04268
59 147 0.00926
59 148 0.03134
59 149 -0.10964
59 150 -0.04027
59 151 0.03291
59 152 -0.03639
59 153 0.03359
59 154 -0.04074
59 155 0.00847
59 156 -0.03198
59 157 0.03358
59 158 -0.00523
59 159 0.01158
59 160 -0.03988
59 161 0.00739
59 162 0.09366
59 163 -0.06715
59 164 -0.06933
59 165 -0.03899
59 166 -0.0968
59 167 0.05953
59 168 -0.03771
59 169 -0.05251
59 170 0.02975
59 171 0.06452
59 172 0.02416
59 173 -0.04753
59 174 -0.06541
59 175 0.04647
59 176 0.02839
59 177 0.07047
59 178 -0.0401
59 179 0.01071
59 180 -0.09923
59 181 0.0677
59 182 -0.0566
59 183 -0.07487
59 184 -0.03991
59 185 -0.10667
59 186 0.02995
59 187 0.08026
59 188 0.12047
59 189 0.00862
59 190 0.04225
59 191 0.02177
59 192 0.04467
59 193 -0.22554
59 194 -0.04454
59 195 -0.0395
59 196 0.04198
59 197 0.09781
59 198 0.07092
59 199 0.07635
59 200 0.01353
59 201 -0.01806
59 202 0.05059
59 203 -0.05859
59 204 0.009
59 205 -0.05918
59 206 -0.03666
59 207 0.03836
59 208 0.00506
59 209 0.06231
59 210 -0.04301
59 211 0.10456
59 212 0.06417
59 213 0.01042
59 214 0.00044
59 215 0.00137
59 216 0.01692
59 217 0.1256
59 218 0.02466
59 219 0.01869
59 220 0.00998
59 221 0.05074
59 222 0.00515
59 223 0.06221
59 224 -0.06753
59 225 0.04743
59 226 -0.01421
59 227 0.10933
59 228 -0.04005
59 229 -0.05405
59 230 -0.03114
59 231 -0.01691
59 232 0.02349
59 233 -0.04728
59 234 -0.00014
59 235 0.06082
59 236 -0.02815
59 237 -0.0199
59 238 0.01597
59 239 0.01704
59 240 -0.04129
59 241 -0.00807
59 242 0.00182
59 243 -0.01609
59 244 0.00863
59 245 0.09657
59 246 -0.04806
59 247 0.01778
59 248 -0.05918
59 249 -0.05692
59 250 -0.08889
59 251 0.07304
59 252 0.02451
59 253 0.05249
59 254 0.00546
59 255 -0.03919
59 256 -0.06127
59 257 -0.02893
59 258 0.01959
59 259 0.032
59 260 -0.03018
59 261 -0.07909
59 262 0.05998
59 263 0.01319
59 264 -0.00035
59 265 0.02178
59 266 -0.05358
59 267 0.0158
59 268 -0.01742
59 269 -0.08161
59 270 -0.04897
59 271 0.00385
59 272 -0.03109
59 273 -0.03089
59 274 -0.05402
59 275 0.17774
59 276 0.03413
59 277 0.07287
59 278 -0.11783
59 279 0.12184
59 280 0.05058
59 281 -0.00318
59 282 -0.08814
59 283 0.04209
59 284 -0.08881
59 285 0.05868
59 286 0.09532
59 287 0.02071
59 288 -0.03161
59 289 -0.00211
59 290 -0.02197
59 291 0.01734
59 292 0.05599
59 293 0.03574
59 294 0.00638
59 295 -0.03555
59 296 0.03601
59 297 0.03823
59 298 -0.00514
59 299 -0.03419
60 61 -0.04292
60 62 0.02553
60 63 0.0921
60 64 -0.12173
60 65 0.07474
60 66 -0.04626
60 67 0.07981
60 68 -0.09471
60 69 0.02061
60 70 -0.02007
60 71 -0.04108
60 72 0.0685
60 73 -0.1252
60 74 -0.02452
60 75 -0.00434
60 76 0.01269
60 77 0.0058
60 78 0.04749
60 79 0.07542
60 80 -0.02847
60 81 -0.02322
60 82 0.02188
60 83 -0.00941
60 84 0.00897
60 85 0.00863
60 86 0.02912
60 87 -0.00695
60 88 -0.03371
60 89 -0.04791
60 90 -0.03852
60 91 0.00664
60 92 0.06319
60 93 0.04302
60 94 0.00637
60 95 -0.03045
60 96 -0.01397
60 97 0.04136
60 98 0.04311
60 99 0.04146
60 100 -0.05257
60 101 0.02359
60 102 0.04939
60 103 -0.05494
60 104 0.11148
60 105 -0.00806
60 106 0.06899
60 107 0.0091
60 108 -0.06544
60 109 -0.08028
60 110 -0.08027
60 111 0.08683
60 112 0.00688
60 113 -0.00148
60 114 0.08976
60 115 -0.01716
60 116 0.02605
60 117 0.04983
60 118 -0.01157
60 119 0.04641
60 120 -0.01057
60 121 0.01363
60 122 0.04552
60 123 0.033
60 124 0.05264
60 125 0.06143
60 126 0.05203
60 127 -0.00915
60 128 -0.06348
60 129 0.09922
60 130 -0.01497
60 131 0.00129
60 132 -0.01096
60 133 -0.04718
60 134 -0.05961
60 135 -0.01126
60 136 -0.09243
60 137 0.00601
60 138 0.00016
60 139 -0.02096
60 140 0.00283
60 141 0.02631
60 142 -0.04076
60 143 0.06018
60 144 -0.03111
60 145 0.0506
60 146 0.0117
60 147 -0.04623
60 148 0.01306
60 149 0.03349
60 150 -0.06718
60 151 0.06323
60 152 0.03141
60 153 -0.03387
60 154 -0.09943
60 155 0.00854
60 156 0.1074
60 157 -0.07467
60 158 -0.12462
60 159 0.00543
60 160 0.03296
60 161 0.00823
60 162 -0.01677
60 163 -0.01951
60 164 -0.01966
60 165 -0.02603
60 166 -0.03696
60 167 -0.02204
60 168 -0.13047
60 169 0.05121
60 170 -0.07171
60 171 -0.02253
60 172 -0.02081
60 173 -0.05975
60 174 -0.12102
60 175 -0.01135
60 176 0.03524
60 177 -0.09451
60 178 0.03703
60 179 -0.02591
60 180 -0.10383
60 181 0.10458
60 182 -0.00226
60 183 -0.03105
60 184 -0.04911
60 185 0.01904
60 186 0.00463
60 187 0.12291
60 188 0.06012
60 189 -0.01039
60 190 0.03948
60 191 0.039
60 192 -0.07441
60 193 0.04581
60 194 0.08687
60 195 -0.00552
60 196 -0.06657
60 197 -0.11803
60 198 0.17067
60 199 0.04993
60 200 -0.04013
60 201 0.00351
60 202 0.0047
60 203 0.04815
60 204 0.07205
60 205 -0.06065
60 206 0.02442
60 207 -0.03364
60 208 -0.0379
60 209 0.03054
60 210 0.01108
60 211 0.03869
60 212 -0.04453
60 213 0.02154
60 214 -0.00882
60 215 0.05016
60 216 0.08585
60 217 -0.02579
60 218 0.05366
60 219 0.03128
60 220 -0.00956
60 221 -0.02128
60 222 0.07909
60 223 -0.07686
60 224 0.04125
60 225 0.03212
60 226 -0.00871
60 227 0.03008
60 228 0.0785
60 229 0.02519
60 230 0.08038
60 231 0.01793
60 232 0.05146
60 233 -0.02208
60 234 0.03134
60 235 0.00374
60 236 0.00308
60 237 -0.01604
60 238 0.06172
60 239 -0.00069
60 240 -0.07843
60 241 0.10671
60 242 -0.03211
60 243 -0.01544
60 244 0.06137
60 245 -0.01499
60 246 -0.01196
60 247 0.06121
60 248 -0.07584
60 249 0.0153
60 250 0.0101
60 251 -0.09429
60 252 -0.12303
60 253 0.0186
60 254 -0.07062
60 255 -0.05218
60 256 -0.05797
60 257 -0.00112
60 258 -0.00325
60 259 -0.01573
60 260 -0.00182
60 261 -0.04389
60 262 -0.10885
60 263 -0.1258
60 264 -0.08187
60 265 0.00083
60 266 0.0641
60 267 -0.05984
60 268 0.01122
60 269 -0.06783
60 270 0.0221
60 271 0.0083
60 272 -0.02979
60 273 -0.05673
60 274 0.02828
60 275 0.02862
60 276 -0.06274
60 277 0.02906
60 278 0.04524
60 279 0.00121
60 280 0.07698
60 281 0.06698
60 282 0.13522
60 283 -0.02388
60 284 -0.08157
60 285 -0.0526
60 286 -0.0672
60 287 0.07339
60 288 -0.0277
60 289 -0.10376
60 290 -0.06849
60 291 -0.05669
60 292 0.15511
60 293 0.09369
60 294 0.04506
60 295 0.02938
60 296 -0.04878
60 297 -0.00811
60 298 0.04185
60 299 0.01547
61 62 0.02497
61 63 0.1157
61 64 0.00692
61 65 -0.08229
61 66 -0.09217
61 67 -0.03784
61 68 0.0584
61 69 -0.01667
61 70 -0.03948
61 71 -0.03087
61 72 -0.11648
61 73 0.04061
61 74 0.00361
61 75 0.07017
61 76 -0.05243
61 77 0.01704
61 78 -0.06163
61 79 -0.07196
61 80 -0.06345
61 81 0.01788
61 82 0.06378
61 83 -0.05377
61 84 0.00869
61 85 0.05701
61 86 0.01814
61 87 0.10184
61 88 -0.04798
61 89 0.02445
61 90 -0.0831
61 91 -0.02554
61 92 0.06292
61 93 0.02456
61 94 0.00742
61 95 0.0039
61 96 -0.04278
61 97 0.07835
61 98 -0.00807
61 99 -0.00184
61 100 0.03058
61 101 -0.0473
61 102 0.02233
61 103 -0.02751
61 104 -0.10375
61 105 -0.07657
61 106 -0.00095
61 107 -0.00529
61 108 0.04453
61 109 -0.04592
61 110 0.06823
61 111 -0.08425
61 112 0.00994
61 113 0.06786
61 114 0.12824
61 115 -0.06637
61 116 0.02404
61 117 -0.07075
61 118 -0.06103
61 119 0.04292
61 120 0.0037
61 121 0.03927
61 122 0.0079
61 123 -0.08437
61 124 0.07421
61 125 0.01985
61 126 0.01978
61 127 0.0072
61 128 0.06934
61 129 0.08553
61 130 0.00843
61 131 0.01361
61 132 0.04439
61 133 0.03319
61 134 -0.03009
61 135 0.00007
61 136 -0.01406
61 137 0.01208
61 138 -0.07008
61 139 0.01915
61 140 -0.02359
61 141 0.02118
61 142 0.00971
61 143 0.11155
61 144 -0.02881
61 145 0.01087
61 146 -0.02062
61 147 0.00524
61 148 -0.02417
61 149 -0.00663
61 150 0.02173
61 151 0.04682
61 152 -0.11799
61 153 -0.07711
61 154 0.07522
61 155 -0.01672
61 156 -0.02808
61 157 -0.01243
61 158 -0.0149
61 159 0.10385
61 160 -0.01215
61 161 -0.04562
61 162 0.0039
61 163 -0.01211
61 164 -0.00593
61 165 -0.00535
61 166 -0.01269
61 167 0.05767
61 168 0.06104
61 169 -0.05018
61 170 0.01937
61 171 -0.04787
61 172 -0.01567
61 173 0.03708
61 174 0.05734
61 175 0.13651
61 176 0.06362
61 177 -0.03635
61 178 -0.04118
61 179 0.04739
61 180 0.01655
61 181 0.02874
61 182 0.02042
61 183 -0.01832
61 184 -0.02387
61 185 -0.11245
61 186 0.06304
61 187 -0.07825
61 188 0.00394
61 189 0.11746
61 190 0.05271
61 191 -0.02582
61 192 -0.029
61 193 0.00955
61 194 0.00325
61 195 0.0932
61 196 -0.01548
61 197 -0.03038
61 198 0.04611
61 199 0.08191
61 200 -0.03697
61 201 -0.0377
61 202 0.05417
61 203 0.05794
61 204 -0.01656
61 205 0.00341
61 206 -0.03044
61 207 -0.06123
61 208 -0.02134
61 209 -0.06294
61 210 -0.03327
61 211 -0.0583
61 212 0.03685
61 213 0.10365
61 214 -0.01677
61 215 -0.00402
61 216 0.01194
61 217 0.05833
61 218 0.13962
61 219 -0.0751
61 220 0.11478
61 221 0.08075
61 222 0.04261
61 223 -0.01204
61 224 -0.0609
61 225 0.03479
61 226 -0.01872
61 227 -0.01739
61 228 0.02319
61 229 -0.00962
61 230 -0.10726
61 231 -0.01397
61 232 0.0218
61 233 -0.02333
61 234 -0.01543
61 235 -0.04834
61 236 0.01245
61 237 -0.12836
61 238 -0.04669
61 239 0.04322
61 240 -0.0517
61 241 -0.01723
61 242 -0.07858
61 243 -0.10499
61 244 0.03903
61 245 -0.0726
61 246 -0.05708
61 247 0.01967
61 248 -0.08431
61 249 0.04448
61 250 0.01121
61 251 0.00592
61 252 0.04291
61 253 0.00628
61 254 0.08077
61 255 0.04327
61 256 -0.00114
61 257 -0.02475
61 258 -0.00583
61 259 -0.05057
61 260 -0.03551
61 261 -0.00633
61 262 -0.01532
61 263 0.06916
61 264 0.05936
61 265 0.01431
61 266 -0.12931
61 267 0.02151
61 268 -0.00846
61 269 -0.0068
61 270 -0.01371
61 271 -0.01674
61 272 0.0245
61 273 0.03034
61 274 0.06224
61 275 -0.0466
61 276 -0.01682
61 277 -0.06027
61 278 0.01174
61 279 0.07443
61 280 0.0618
61 281 -0.04134
61 282 0.02159
61 283 0.11812
61 284 0.04282
61 285 -0.02332
61 286 0.02465
61 287 0.08302
61 288 0.06299
61 289 0.07153
61 290 -0.02093
61 291 -0.033
61 292 0.00424
61 293 0.02754
61 294 0.08047
61 295 -0.01272
61 296 0.02527
61 297 0.1415
61 298 -0.05112
61 299 -0.04365
62 63 -0.10894
62 64 -0.11303
62 65 -0.04416
62 66 -0.05928
62 67 -0.13666
62 68 0.00738
62 69 0.14006
62 70 -0.10027
62 71 -0.00312
62 72 0.0144
62 73 0.02165
62 74 -0.10134
62 75 0.01566
62 76 -0.07297
62 77 -0.04131
62 78 0.01194
62 79 0.00207
62 80 0.07494
62 81 -0.03358
62 82 0.05788
62 83 0.04755
62 84 0.01779
62 85 0.03611
62 86 -0.0191
62 87 -0.09901
62 88 0.03775
62 89 0.03037
62 90 0.00974
62 91 -0.0716
62 92 0.04547
62 93 0.03882
62 94 -0.0134
62 95 -0.04447
62 96 0.0014
62 97 -0.02538
62 98 -0.03286
62 99 0.0696
62 100 -0.01088
62 101 0.01724
62 102 0.07026
62 103 -0.07161
62 104 -0.01088
62 105 0.00924
62 106 -0.0419
62 107 -0.07533
62 108 -0.00631
62 109 -0.00311
62 110 0.02309
62 111 -0.07488
62 112 -0.01677
62 113 0.00862
62 114 0.03807
62 115 0.05075
62 116 -0.08432
62 117 0.07192
62 118 -0.02084
62 119 0.02508
62 120 0.04861
62 121 0.05529
62 122 0.00274
62 123 -0.09853
62 124 -0.01515
62 125 0.05895
62 126 0.02332
62 127 -0.05944
62 128 -0.01071
62 129 0.03237
62 130 0.08463
62 131 -0.04682
62 132 0.04584
62 133 -0.09734
62 134 0.0482
62 135 -0.02339
62 136 -0.02435
62 137 -0.06044
62 138 0.03356
62 139 0.08475
62 140 0.08906
62 141 0.04209
62 142 0.08643
62 143 -0.01271
62 144 0.02038
62 145 -0.0558
62 146 -0.04161
62 147 -0.1198
62 148 0.0027
62 149 0.10418
62 150 0.06583
62 151 -0.02671
62 152 0.08712
62 153 0.01663
62 154 0.04143
62 155 0.00733
62 156 0.12696
62 157 0.04715
62 158 -0.05937
62 159 -0.02995
62 160 -0.03135
62 161 0.02479
62 162 0.00548
62 163 0.02956
62 164 -0.00026
62 165 -0.03589
62 166 0.02426
62 167 -0.04467
62 168 -0.06904
62 169 0.03098
62 170 -0.02054
62 171 0.0831
62 172 -0.00627
62 173 -0.00777
62 174 -0.00461
62 175 0.02144
62 176 -0.03617
62 177 -0.00528
62 178 0.0599
62 179 0.06614
62 180 -0.06086
62 181 -0.07969
62 182 0.00581
62 183 -0.00929
62 184 0.03229
62 185 0.07544
62 186 -0.03293
62 187 -0.03462
62 188 0.08116
62 189 0.01067
62 190 0.03557
62 191 -0.01601
62 192 0.05832
62 193 0.05232
62 194 -0.03663
62 195 0.00627
62 196 0.05593
62 197 0.02272
62 198 -0.08711
62 199 -0.01451
62 200 0.04529
62 201 0.02358
62 202 -0.16547
62 203 -0.03493
62 204 0.06509
62 205 0.0534
62 206 -0.02209
62 207 0.0278
62 208 0.05726
62 209 -0.09824
62 210 -0.12387
62 211 -0.00987
62 212 0.05525
62 213 0.00753
62 214 0.04827
62 215 0.01878
62 216 -0.07783
62 217 -0.14531
62 218 -0.11675
62 219 0.02305
62 220 0.06111
62 221 -0.04085
62 222 -0.05711
62 223 0.04608
62 224 -0.04184
62 225 -0.00778
62 226 -0.06513
62 227 0.04404
62 228 0.01589
62 229 0.12835
62 230 -0.09704
62 231 0.02785
62 232 0.0168
62 233 -0.0325
62 234 0.00971
62 235 0.02836
62 236 -0.00017
62 237 -0.03252
62 238 -0.0689
62 239 0.05165
62 240 0.04732
62 241 0.05239
62 242 0.06143
62 243 0.03434
62 244 -0.04234
62 245 -0.05032
62 246 -0.04468
62 247 -0.09173
62 248 0.05522
62 249 -0.05259
62 250 -0.12449
62 251 -0.03158
62 252 -0.0734
62 253 0.01736
62 254 0.00124
62 255 -0.00999
62 256 -0.00067
62 257 0.00108
62 258 0.0469
62 259 0.05048
62 260 0.06281
62 261 0.01606
62 262 -0.01924
62 263 -0.14012
62 264 0.00483
62 265 0.08193
62 266 -0.01199
62 267 0.04723
62 268 -0.00132
62 269 0.04472
62 270 0.00047
62 271 -0.05828
62 272 -0.03951
62 273 0.00631
62 274 0.002
62 275 0.13761
62 276 -0.04332
62 277 0.09352
62 278 -0.02107
62 279 -0.0741
62 280 -0.023
62 281 0.05816
62 282 0.03134
62 283 0.008
62 284 -0.05867
62 285 0.15206
62 286 -0.11272
62 287 -0.02473
62 288 0.16221
62 289 -0.0916
62 290 0.0409
62 291 0.02112
62 292 0.0388
62 293 -0.00145
62 294 0.00319
62 295 -0.0338
62 296 -0.04794
62 297 -0.11565
62 298 -0.16078
62 299 -0.00302
63 64 -0.02367
63 65 0.02839
63 66 0.02412
63 67 0.02406
63 68 0.15614
63 69 -0.0341
63 70 -0.11361
63 71 0.00784
63 72 -0.01549
63 73 -0.04027
63 74 -0.06785
63 75 -0.06407
63 76 -0.03184
63 77 -0.01326
63 78 -0.05557
63 79 -0.05567
63 80 -0.04384
63 81 -0.06163
63 82 -0.00006
63 83 -0.11187
63 84 0.0439
63 85 0.09898
63 86 0.09858
63 87 0.04581
63 88 0.01985
63 89 -0.09564
63 90 0.00726
63 91 0.04795
63 92 -0.03184
63 93 -0.04633
63 94 0.03159
63 95 0.01207
63 96 0.0678
63 97 0.01682
63 98 0.03529
63 99 0.06443
63 100 0.01625
63 101 -0.03211
63 102 0.03761
63 103 0.013
63 104 0.0526
63 105 -0.03973
63 106 -0.11005
63 107 -0.08793
63 108 0.05107
63 109 0.01432
63 110 -0.07618
63 111 0.05218
63 112 -0.0242
63 113 -0.03391
63 114 -0.02615
63 115 0.04418
63 116 -0.10835
63 117 0.00659
63 118 0.05467
63 119 0.04108
63 120 0.03784
63 121 0.01582
63 122 0.04892
63 123 -0.10246
63 124 -0.08409
63 125 -0.01649
63 126 0.0572
63 127 0.15989
63 128 -0.02393
63 129 -0.04106
63 130 -0.0013
63 131 -0.03934
63 132 0.08754
63 133 -0.1231
63 134 0.01901
63 135 -0.01596
63 136 -0.00895
63 137 -0.08837
63 138 -0.10046
63 139 0.04121
63 140 -0.03289
63 141 0.10741
63 142 0.03358
63 143 -0.03659
63 144 -0.05876
63 145 -0.03948
63 146 -0.09866
63 147 0.01018
63 148 -0.07004
63 149 0.01064
63 150 0.03051
63 151 0.00568
63 152 0.07956
63 153 0.04462
63 154 -0.02762
63 155 0.0792
63 156 -0.02046
63 157 -0.12554
63 158 -0.06086
63 159 0.07676
63 160 0.04506
63 161 -0.052
63 162 0.0522
63 163 -0.1004
63 164 0.04128
63 165 0.12297
63 166 0.04716
63 167 0.00598
63 168 -0.0307
63 169 -0.01795
63 170 -0.06187
63 171 0.05443
63 172 0.0332
63 173 0.03439
63 174 0.04344
63 175 -0.0283
63 176 -0.01062
63 177 0.00844
63 178 0.04994
63 179 0.08145
63 180 0.07363
63 181 0.02803
63 182 0.02077
63 183 0.13356
63 184 -0.04555
63 185 -0.0056
63 186 -0.0739
63 187 0.06828
63 188 0.04517
63 189 0.00725
63 190 0.01966
63 191 0.06973
63 192 0.06449
63 193 0.0741
63 194 -0.02524
63 195 -0.00143
63 196 -0.01668
63 197 0.00227
63 198 0.02002
63 199 -0.02207
63 200 -0.07624
63 201 -0.0223
63 202 0.05979
63 203 -0.00659
63 204 -0.03169
63 205 0.04303
63 206 0.07734
63 207 0.00594
63 208 -0.01483
63 209 0.00353
63 210 -0.11614
63 211 -0.01702
63 212 0.08122
63 213 0.10361
63 214 -0.07505
63 215 -0.00329
63 216 0.0864
63 217 0.00455
63 218 0.05846
63 219 -0.0595
63 220 0.03642
63 221 0.03205
63 222 -0.0137
63 223 -0.11936
63 224 -0.02144
63 225 0.01494
63 226 -0.0375
63 227 -0.01256
63 228 -0.06598
63 229 0.01019
63 230 0.04035
63 231 -0.00974
63 232 -0.01642
63 233 0.01835
63 234 0.06238
63 235 -0.0351
63 236 0.06681
63 237 0.03516
63 238 0.00918
63 239 0.0894
63 240 0.00661
63 241 0.02306
63 242 -0.09515
63 243 0.04456
63 244 -0.05451
63 245 -0.08384
63 246 -0.05854
63 247 -0.01472
63 248 -0.02407
63 249 -0.03309
63 250 -0.01016
63 251 -0.06419
63 252 0.10809
63 253 0.08709
63 254 -0.02179
63 255 -0.01625
63 256 0.08145
63 257 0.05111
63 258 -0.02989
63 259 -0.0167
63 260 0.00236
63 261 0.0001
63 262 0.01293
63 263 -0.03282
63 264 0.02475
63 265 -0.04416
63 266 -0.02335
63 267 0.00237
63 268 -0.02096
63 269 0.07149
63 270 -0.03164
63 271 0.06104
63 272 0.04272
63 273 -0.03247
63 274 0.11883
63 275 -0.00442
63 276 -0.02251
63 277 -0.04449
63 278 -0.0321
63 279 0.00752
63 280 0.01159
63 281 -0.12283
63 282 -0.10187
63 283 -0.12284
63 284 -0.02895
63 285 0.05164
63 286 -0.02669
63 287 0.06062
63 288 -0.09427
63 289 0.00521
63 290 -0.05412
63 291 0.08571
63 292 -0.06171
63 293 -0.07381
63 294 -0.04076
63 295 -0.03345
63 296 0.01684
63 297 0.01393
63 298 0.03755
63 299 -0.04013
64 65 0.00015
64 66 0.05522
64 67 -0.01028
64 68 -0.0223
64 69 -0.07119
64 70 -0.07739
64 71 -0.00949
64 72 -0.05003
64 73 0.0354
64 74 -0.04003
64 75 0.00191
64 76 -0.02089
64 77 -0.0636
64 78 0.05751
64 79 0.07633
64 80 -0.05055
64 81 -0.11827
64 82 0.04968
64 83 -0.00447
64 84 -0.07249
64 85 -0.08221
64 86 0.00076
64 87 0.05074
64 88 -0.0148
64 89 -0.05291
64 90 0.02354
64 91 0.0396
64 92 -0.00502
64 93 0.01284
64 94 0.12013
64 95 0.00393
64 96 -0.00375
64 97 0.01266
64 98 0.02868
64 99 -0.03935
64 100 0.00774
64 101 -0.02651
64 102 -0.05936
64 103 -0.072
64 104 -0.01159
64 105 -0.05854
64 106 0.04833
64 107 -0.08602
64 108 -0.05417
64 109 -0.13754
64 110 0.05098
64 111 0.05188
64 112 -0.03138
64 113 -0.01157
64 114 -0.01491
64 115 -0.0657
64 116 0.06563
64 117 0.05577
64 118 -0.05614
64 119 -0.05238
64 120 0.03639
64 121 0.01755
64 122 -0.08328
64 123 -0.0266
64 124 -0.0824
64 125 -0.07435
64 126 0.08357
64 127 0.05771
64 128 -0.00083
64 129 -0.04068
64 130 0.03958
64 131 0.0258
64 132 0.04302
64 133 -0.04355
64 134 0.06849
64 135 -0.0095
64 136 -0.11485
64 137 0.06837
64 138 -0.00446
64 139 -0.01084
64 140 0.02837
64 141 -0.05371
64 142 0.04387
64 143 0.02312
64 144 -0.02268
64 145 -0.01667
64 146 0.06439
64 147 -0.03089
64 148 -0.01083
64 149 0.08468
64 150 -0.09492
64 151 0.03045
64 152 0.01856
64 153 0.13452
64 154 0.10715
64 155 -0.00915
64 156 0.06187
64 157 -0.10547
64 158 -0.00119
64 159 0.08574
64 160 0.08141
64 161 0.00361
64 162 -0.01613
64 163 -0.09419
64 164 -0.04106
64 165 -0.10431
64 166 0.07971
64 167 0.08525
64 168 0.08035
64 169 -0.06799
64 170 0.07253
64 171 -0.04
64 172 0.01115
64 173 -0.00894
64 174 -0.00382
64 175 0.07013
64 176 -0.08411
64 177 -0.05835
64 178 -0.13075
64 179 0.18614
64 180 0.0722
64 181 0.09359
64 182 -0.02822
64 183 0.01167
64 184 0.01145
64 185 0.00416
64 186 -0.10577
64 187 0.0075
64 188 0.07657
64 189 -0.02268
64 190 0.04729
64 191 -0.0147
64 192 -0.01546
64 193 -0.04396
64 194 -0.02443
64 195 -0.05799
64 196 -0.05154
64 197 -0.02389
64 198 -0.05325
64 199 0.05327
64 200 -0.02588
64 201 -0.0695
64 202 0.08452
64 203 0.07399
64 204 0.05088
64 205 -0.01631
64 206 0.05081
64 207 0.03203
64 208 0.00326
64 209 0.02066
64 210 0.01187
64 211 0.00535
64 212 -0.01226
64 213 0.09172
64 214 -0.03183
64 215 -0.08006
64 216 -0.00778
64 217 0.06176
64 218 -0.00583
64 219 0.099
64 220 0.02824
64 221 0.00441
64 222 0.02953
64 223 -0.05394
64 224 0.09893
64 225 0.01131
64 226 0.07226
64 227 0.0256
64 228 0.07318
64 229 0.03435
64 230 0.0126
64 231 0.04697
64 232 0.03417
64 233 0.05031
64 234 -0.10036
64 235 0.00252
64 236 0.08781
64 237 -0.06033
64 238 -0.00185
64 239 -0.0349
64 240 -0.05095
64 241 -0.04665
64 242 -0.01131
64 243 0.0247
64 244 0.13649
64 245 0.00648
64 246 -0.04895
64 247 0.04696
64 248 -0.02405
64 249 -0.01126
64 250 -0.0376
64 251 -0.00313
64 252 -0.0649
64 253 -0.02529
64 254 -0.05109
64 255 0.00328
64 256 0.02264
64 257 0.04298
64 258 0.00098
64 259 0.02257
64 260 -0.04562
64 261 0.03521
64 262 0.01385
64 263 0.00222
64 264 0.01066
64 265 0.01178
64 266 -0.07457
64 267 -0.02904
64 268 -0.06166
64 269 0.06482
64 270 -0.01808
64 271 0.00753
64 272 0.04579
64 273 -0.06032
64 274 -0.08105
64 275 0.02628
64 276 0.00335
64 277 0.00313
64 278 0.03441
64 279 0.00885
64 280 0.03373
64 281 0.11247
64 282 0.11258
64 283 0.02656
64 284 -0.04541
64 285 0.04494
64 286 -0.00195
64 287 -0.10631
64 288 -0.00649
64 289 0.00643
64 290 0.02546
64 291 -0.10061
64 292 0.07583
64 293 0.03218
64 294 0.09826
64 295 0.00124
64 296 0.05209
64 297 -0.00181
64 298 0.05995
64 299 0.00724
65 66 0.02549
65 67 -0.02596
65 68 0.06798
65 69 -0.0409
65 70 -0.02554
65 71 0.04293
65 72 -0.00544
65 73 -0.0329
65 74 -0.05168
65 75 -0.10446
65 76 0.03194
65 77 -0.0346
65 78 -0.09823
65 79 -0.04482
65 80 0.02826
65 81 -0.00181
65 82 0.02464
65 83 0.09033
65 84 -0.04773
65 85 0.01965
65 86 -0.0529
65 87 0.00212
65 88 0.02874
65 89 -0.06973
65 90 -0.08001
65 91 -0.0261
65 92 0.04525
65 93 0.0655
65 94 0.02429
65 95 -0.02704
65 96 -0.02517
65 97 0.10051
65 98 -0.06665
65 99 0.07241
65 100 -0.01985
65 101 -0.09689
65 102 0.09451
65 103 0.02129
65 104 0.08156
65 105 0.08388
65 106 -0.07339
65 107 -0.02345
65 108 0.01255
65 109 -0.03476
65 110 -0.04962
65 111 -0.038
65 112 0.03423
65 113 -0.02783
65 114 0.01455
65 115 -0.03525
65 116 -0.03396
65 117 0.11708
65 118 0.09357
65 119 0.03144
65 120 0.03319
65 121 0.00322
65 122 0.00457
65 123 -0.00788
65 124 -0.06433
65 125 0.08648
65 126 -0.06277
65 127 -0.08798
65 128 0.02567
65 129 -0.03279
65 130 -0.0092
65 131 -0.14145
65 132 0.0574
65 133 0.07486
65 134 0.10476
65 135 -0.00827
65 136 0.02813
65 137 -0.04548
65 138 -0.05027
65 139 0.06192
65 140 -0.05711
65 141 0.01356
65 142 -0.01065
65 143 0.05917
65 144 -0.07427
65 145 0.03892
65 146 0.02589
65 147 0.035
65 148 0.02517
65 149 0.00477
65 150 -0.00914
65 151 -0.08044
65 152 0.09416
65 153 0.0352
65 154 0.01429
65 155 -0.01382
65 156 0.02602
65 157 -0.08056
65 158 -0.03018
65 159 0.09284
65 160 -0.00169
65 161 0.00253
65 162 0.10502
65 163 0.03207
65 164 0.04102
65 165 0.0022
65 166 0.00813
65 167 -0.02031
65 168 0.05106
65 169 -0.086
65 170 -0.00916
65 171 0.02733
65 172 0.1355
65 173 0.06862
65 174 0.02765
65 175 0.03817
65 176 0.04599
65 177 0.00913
65 178 -0.10659
65 179 0.04942
65 180 -0.00926
65 181 -0.00369
65 182 -0.00363
65 183 0.08056
65 184 -0.03077
65 185 0.01315
65 186 -0.02118
65 187 -0.02828
65 188 0.0146
65 189 -0.00896
65 190 0.04497
65 191 0.04736
65 192 -0.13907
65 193 0.07237
65 194 0.08473
65 195 0.04727
65 196 -0.01416
65 197 0.03749
65 198 0.02506
65 199 0.00566
65 200 0.1072
65 201 -0.00124
65 202 -0.02644
65 203 0.04133
65 204 -0.10871
65 205 0.12206
65 206 0.1148
65 207 -0.03301
65 208 0.08307
65 209 0.01576
65 210 0.00249
65 211 0.09676
65 212 -0.02852
65 213 0.04915
65 214 0.06481
65 215 -0.01211
65 216 -0.04252
65 217 -0.05184
65 218 0.00172
65 219 0.05639
65 220 -0.07275
65 221 -0.07192
65 222 0.00171
65 223 0.12938
65 224 -0.05982
65 225 -0.07701
65 226 0.0375
65 227 0.08766
65 228 0.09272
65 229 0.06352
65 230 -0.02716
65 231 0.08213
65 232 0.09436
65 233 -0.04602
65 234 -0.01033
65 235 0.06861
65 236 -0.04492
65 237 -0.15142
65 238 0.02462
65 239 0.03768
65 240 -0.02585
65 241 -0.03237
65 242 -0.03929
65 243 0.06959
65 244 0.00916
65 245 -0.02141
65 246 -0.0317
65 247 -0.04741
65 248 0.09158
65 249 -0.07806
65 250 0.02618
65 251 -0.11022
65 252 -0.03338
65 253 0.13219
65 254 0.01044
65 255 -0.00692
65 256 0.04966
65 257 0.00775
65 258 0.02637
65 259 -0.06001
65 260 0.03819
65 261 0.01135
65 262 -0.0265
65 263 -0.06014
65 264 0.06602
65 265 0.02591
65 266 0.0576
65 267 -0.00302
65 268 -0.01419
65 269 -0.12692
65 270 -0.04082
65 271 -0.02327
65 272 -0.0658
65 273 -0.06102
65 274 0.07484
65 275 -0.12319
65 276 0.00389
65 277 0.11281
65 278 -0.0356
65 279 0.05074
65 280 0.07864
65 281 0.0426
65 282 -0.06948
65 283 0.05808
65 284 0.05791
65 285 -0.10436
65 286 -0.01447
65 287 -0.06487
65 288 0.00565
65 289 -0.04441
65 290 0.03246
65 291 0.02989
65 292 -0.09504
65 293 0.06788
65 294 0.03862
65 295 0.03395
65 296 -0.03565
65 297 0.03668
65 298 0.0332
65 299 -0.02682
66 67 -0.04181
66 68 0.0268
66 69 -0.12847
66 70 -0.00459
66 71 0.06491
66 72 -0.03476
66 73 -0.0428
66 74 0.04604
66 75 -0.0078
66 76 -0.06158
66 77 0.04817
66 78 0.01104
66 79 -0.06962
66 80 0.10561
66 81 -0.08134
66 82 0.10199
66 83 0.00799
66 84 0.10672
66 85 -0.06074
66 86 -0.02507
66 87 0.01026
66 88 -0.04857
66 89 0.01922
66 90 0.03407
66 91 0.06326
66 92 -0.07213
66 93 -0.04793
66 94 0.02212
66 95 -0.02064
66 96 0.05095
66 97 0.05657
66 98 0.00426
66 99 0.10743
66 100 0.09256
66 101 0.03956
66 102 -0.15874
66 103 0.06078
66 104 -0.03741
66 105 -0.05329
66 106 -0.06322
66 107 0.00119
66 108 0.01202
66 109 0.03978
66 110 0.03796
66 111 0.00278
66 112 -0.01494
66 113 0.08139
66 114 0.01097
66 115 -0.07396
66 116 0.00585
66 117 0.067
66 118 -0.01771
66 119 0.03143
66 120 -0.02932
66 121 -0.01286
66 122 -0.10765
66 123 -0.01701
66 124 0.03035
66 125 -0.00692
66 126 -0.038
66 127 0.0384
66 128 -0.12356
66 129 0.00791
66 130 -0.00125
66 131 -0.01944
66 132 0.07866
66 133 -0.00626
66 134 -0.00384
66 135 -0.06283
66 136 0.0201
66 137 0.01273
66 138 0.05953
66 139 -0.08255
66 140 -0.01731
66 141 -0.02305
66 142 -0.01429
66 143 -0.0592
66 144 0.07571
66 145 -0.03156
66 146 -0.10195
66 147 0.08516
66 148 0.07396
66 149 0.03551
66 150 -0.08487
66 151 -0.04873
66 152 -0.03348
66 153 -0.0061
66 154 0.02675
66 155 0.06941
66 156 -0.03884
66 157 -0.06648
66 158 -0.0575
66 159 -0.09203
66 160 -0.05816
66 161 0.09042
66 162 0.04071
66 163 0.00542
66 164 0.05394
66 165 0.04117
66 166 -0.10262
66 167 0.02693
66 168 -0.05973
66 169 0.08637
66 170 0.07641
66 171 -0.01508
66 172 -0.01095
66 173 0.02139
66 174 0.09511
66 175 0.00944
66 176 -0.06055
66 177 -0.04637
66 178 0.10608
66 179 -0.01304
66 180 0.0134
66 181 -0.06686
66 182 -0.06729
66 183 0.05563
66 184 -0.05983
66 185 0.04883
66 186 -0.01845
66 187 -0.0415
66 188 0.01492
66 189 0.06504
66 190 -0.03979
66 191 0.00308
66 192 -0.00497
66 193 0.01076
66 194 0.07377
66 195 0.04641
66 196 0.0632
66 197 -0.00431
66 198 0.03769
66 199 -0.02227
66 200 0.05818
66 201 0.05385
66 202 0.02155
66 203 0.06358
66 204 0.03646
66 205 -0.00162
66 206 0.01363
66 207 0.04145
66 208 0.10532
66 209 -0.0214
66 210 -0.01926
66 211 0.00963
66 212 -0.0199
66 213 -0.10852
66 214 -0.07559
66 215 0.0768
66 216 0.03481
66 217 -0.04469
66 218 0.02392
66 219 0.06008
66 220 -0.00352
66 221 -0.11965
66 222 -0.03485
66 223 0.04253
66 224 0.07092
66 225 -0.08972
66 226 0.02731
66 227 0.01278
66 228 -0.01429
66 229 0.03823
66 230 -0.02045
66 231 -0.09471
66 232 -0.02868
66 233 -0.03464
66 234 0.00694
66 235 -0.11542
66 236 -0.04982
66 237 0.05312
66 238 -0.01557
66 239 0.07929
66 240 -0.00621
66 241 -0.02138
66 242 -0.01515
66 243 0.04363
66 244 -0.06961
66 245 0.03028
66 246 0.01573
66 247 -0.03014
66 248 0.01907
66 249 0.01468
66 250 0.08164
66 251 0.0622
66 252 0.04184
66 253 -0.10527
66 254 0.0155
66 255 0.05834
66 256 -0.00111
66 257 -0.06521
66 258 -0.02928
66 259 0.00152
66 260 -0.10901
66 261 -0.00434
66 262 -0.09532
66 263 -0.00683
66 264 -0.00392
66 265 0.02497
66 266 -0.06128
66 267 -0.00992
66 268 -0.00171
66 269 0.03619
66 270 0.08251
66 271 -0.08102
66 272 -0.06969
66 273 -0.0817
66 274 0.03223
66 275 -0.04473
66 276 0.06847
66 277 0.01833
66 278 0.02563
66 279 0.02254
66 280 0.00132
66 281 0.01649
66 282 -0.06282
66 283 0.10552
66 284 0.03204
66 285 -0.06093
66 286 -0.03334
66 287 -0.02795
66 288 -0.01908
66 289 0.08256
66 290 0.02827
66 291 0.11143
66 292 0.14963
66 293 0.04609
66 294 0.00301
66 295 0.01163
66 296 -0.13316
66 297 -0.01707
66 298 0.04707
66 299 0.04689
67 68 -0.04981
67 69 -0.01544
67 70 0.04532
67 71 0.0247
67 72 0.00222
67 73 -0.06342
67 74 -0.03374
67 75 -0.09626
67 76 -0.01785
67 77 0.01096
67 78 -0.0229
67 79 -0.04704
67 80 -0.0292
67 81 0.03405
67 82 -0.03785
67 83 -0.09564
67 84 -0.02545
67 85 -0.04806
67 86 0.12721
67 87 0.00942
67 88 -0.03546
67 89 -0.00765
67 90 -0.0126
67 91 -0.01471
67 92 0.02834
67 93 0.01466
67 94 -0.01382
67 95 0.06869
67 96 -0.08463
67 97 -0.07353
67 98 0.06212
67 99 -0.01782
67 100 -0.03973
67 101 -0.00882
67 102 0.02247
67 103 0.00843
67 104 0.07179
67 105 0.01819
67 106 0.02032
67 107 -0.02177
67 108 0.06312
67 109 0.09406
67 110 -0.00922
67 111 -0.03243
67 112 0.02987
67 113 -0.02469
67 114 -0.01905
67 115 0.04629
67 116 -0.03536
67 117 -0.06375
67 118 0.02908
67 119 -0.06176
67 120 -0.02523
67 121 0.04627
67 122 -0.05803
67 123 -0.09531
67 124 -0.01601
67 125 -0.00933
67 126 0.01664
67 127 0.05226
67 128 -0.05284
67 129 -0.17568
67 130 -0.09078
67 131 -0.04732
67 132 -0.0223
67 133 -0.11199
67 134 -0.05384
67 135 0.03986
67 136 -0.00135
67 137 -0.05245
67 138 -0.0264
67 139 -0.08673
67 140 0.06077
67 141 -0.00123
67 142 0.0029
67 143 0.05587
67 144 -0.01335
67 145 -0.06871
67 146 -0.07941
67 147 -0.05412
67 148 -0.00504
67 149 -0.03044
67 150 -0.04133
67 151 0.10063
67 152 -0.05841
67 153 0.13946
67 154 -0.00649
67 155 0.01499
67 156 -0.00047
67 157 0.00716
67 158 -0.05377
67 159 0.05002
67 160 0.02901
67 161 -0.0652
67 162 -0.0333
67 163 -0.04513
67 164 0.01421
67 165 -0.02656
67 166 0.03552
67 167 0.01503
67 168 0.07182
67 169 -0.04201
67 170 0.01001
67 171 0.0377
67 172 0.06988
67 173 0.02982
67 174 0.03516
67 175 -0.13767
67 176 -0.08275
67 177 -0.04289
67 178 0.03231
67 179 -0.01652
67 180 -0.00528
67 181 -0.04907
67 182 0.08076
67 183 -0.03093
67 184 0.10939
67 185 0.04187
67 186 0.03301
67 187 0.02673
67 188 -0.06784
67 189 -0.03334
67 190 0.05006
67 191 -0.04161
67 192 -0.01886
67 193 0.05184
67 194 -0.00379
67 195 -0.01569
67 196 0.06594
67 197 0.0734
67 198 -0.02315
67 199 0.08525
67 200 -0.08706
67 201 0.03886
67 202 -0.03391
67 203 0.04732
67 204 -0.07123
67 205 0.00188
67 206 -0.04716
67 207 -0.06644
67 208 0.00978
67 209 0.04114
67 210 0.09821
67 211 -0.02932
67 212 0.09144
67 213 0.01167
67 214 -0.01707
67 215 -0.01295
67 216 -0.01028
67 217 -0.07951
67 218 -0.00246
67 219 0.01488
67 220 -0.01008
67 221 0.01512
67 222 0.00619
67 223 0.00785
67 224 0.0434
67 225 0.01719
67 226 -0.03957
67 227 0.00239
67 228 -0.05852
67 229 -0.05017
67 230 -0.02399
67 231 -0.00261
67 232 -0.12198
67 233 -0.13321
67 234 -0.0141
67 235 -0.06782
67 236 -0.02626
67 237 -0.02006
67 238 -0.01958
67 239 -0.10082
67 240 -0.00462
67 241 0.00212
67 242 -0.06926
67 243 0.05833
67 244 -0.02527
67 245 0.12976
67 246 0.05719
67 247 0.03699
67 248 0.03515
67 249 -0.02013
67 250 -0.1069
67 251 0.08644
67 252 -0.04293
67 253 -0.06329
67 254 -0.07206
67 255 -0.03135
67 256 -0.16151
67 257 0.03547
67 258 -0.02812
67 259 -0.12592
67 260 -0.10543
67 261 -0.04564
67 262 -0.06189
67 263 0.03091
67 264 -0.03502
67 265 -0.00779
67 266 -0.04083
67 267 0.00342
67 268 0.03406
67 269 0.06469
67 270 -0.02906
67 271 0.02899
67 272 -0.06542
67 273 -0.029
67 274 0.12851
67 275 -0.02511
67 276 0.03798
67 277 -0.0556
67 278 0.01437
67 279 0.03319
67 280 0.00607
67 281 0.00045
67 282 -0.09412
67 283 0.01694
67 284 0.01276
67 285 -0.07037
67 286 0.06304
67 287 0.05062
67 288 -0.13377
67 289 0.07782
67 290 0.0711
67 291 -0.02578
67 292 0.02321
67 293 0.04977
67 294 0.05294
67 295 -0.05203
67 296 -0.00795
67 297 0.09708
67 298 -0.00972
67 299 -0.01308
68 69 -0.03201
68 70 0.06324
68 71 -0.02693
68 72 0.01807
68 73 -0.10736
68 74 -0.05564
68 75 0.0182
68 76 -0.03265
68 77 0.07481
68 78 -0.18332
68 79 0.06549
68 80 -0.03773
68 81 0.11903
68 82 -0.07122
68 83 0.00396
68 84 -0.00381
68 85 0.08936
68 86 0.01119
68 87 0.00175
68 88 -0.07937
68 89 -0.02789
68 90 0.01319
68 91 -0.00132
68 92 0.05188
68 93 0.03793
68 94 0.09359
68 95 0.08934
68 96 0.02316
68 97 -0.09641
68 98 0.06894
68 99 0.01659
68 100 -0.00198
68 101 0.00469
68 102 0.05783
68 103 -0.04148
68 104 0.015
68 105 -0.00399
68 106 -0.03484
68 107 0.06716
68 108 0.05772
68 109 -0.09435
68 110 0.00644
68 111 -0.11678
68 112 -0.04769
68 113 -0.05238
68 114 0.15234
68 115 -0.02247
68 116 0.04091
68 117 0.12446
68 118 0.02854
68 119 0.03325
68 120 -0.04385
68 121 0.03128
68 122 -0.0672
68 123 0.05393
68 124 0.04021
68 125 -0.08992
68 126 0.06833
68 127 -0.00546
68 128 -0.04941
68 129 0.04581
68 130 -0.05933
68 131 0.02654
68 132 -0.00404
68 133 0.1693
68 134 -0.01651
68 135 -0.00123
68 136 -0.11632
68 137 -0.02446
68 138 -0.04512
68 139 -0.08724
68 140 -0.05389
68 141 0.04901
68 142 0.01595
68 143 -0.0125
68 144 -0.04391
68 145 0.09059
68 146 -0.03562
68 147 0.02787
68 148 0.07208
68 149 -0.07433
68 150 0.08112
68 151 0.03093
68 152 -0.00984
68 153 -0.00064
68 154 0.0384
68 155 0.03568
68 156 0.08534
68 157 -0.03231
68 158 -0.00695
68 159 0.01447
68 160 0.01925
68 161 0.02419
68 162 0.00603
68 163 -0.053
68 164 -0.0217
68 165 0.1175
68 166 -0.05138
68 167 -0.00017
68 168 -0.06429
68 169 -0.05986
68 170 -0.00547
68 171 -0.01254
68 172 0.02884
68 173 0.01367
68 174 0.08473
68 175 0.035
68 176 0.02036
68 177 0.07129
68 178 0.01146
68 179 0.01842
68 180 0.04923
68 181 -0.02468
68 182 -0.01915
68 183 0.05644
68 184 0.0326
68 185 -0.03745
68 186 0.02083
68 187 0.00655
68 188 -0.03301
68 189 -0.02553
68 190 -0.00943
68 191 0.04057
68 192 -0.09015
68 193 -0.07307
68 194 0.00278
68 195 -0.02695
68 196 -0.01545
68 197 -0.12623
68 198 -0.01297
68 199 0.05164
68 200 -0.0059
68 201 -0.02459
68 202 -0.03775
68 203 -0.02021
68 204 0.05435
68 205 0.02328
68 206 -0.05513
68 207 -0.04946
68 208 -0.0534
68 209 0.02885
68 210 -0.02101
68 211 -0.07345
68 212 0.01645
68 213 -0.00159
68 214 -0.01385
68 215 0.06187
68 216 -0.04547
68 217 -0.02157
68 218 -0.0016
68 219 0.06427
68 220 0.00553
68 221 -0.04434
68 222 0.07993
68 223 0.0296
68 224 -0.10741
68 225 -0.06457
68 226 -0.03643
68 227 -0.12819
68 228 -0.07377
68 229 -0.05013
68 230 -0.08356
68 231 0.01956
68 232 0.06748
68 233 -0.0316
68 234 -0.05034
68 235 0.06786
68 236 0.01342
68 237 0.07908
68 238 0.08818
68 239 0.02983
68 240 0.04592
68 241 0.02417
68 242 -0.01775
68 243 0.00245
68 244 -0.01157
68 245 -0.03078
68 246 -0.00082
68 247 0.06392
68 248 -0.08052
68 249 -0.02727
68 250 0.0108
68 251 0.00876
68 252 0.01865
68 253 -0.00633
68 254 0.09424
68 255 0.00587
68 256 -0.02499
68 257 0.07391
68 258 -0.04897
68 259 -0.00297
68 260 0.03054
68 261 0.01351
68 262 0.02455
68 263 -0.04274
68 264 0.04018
68 265 0.00753
68 266 0.03268
68 267 -0.02103
68 268 -0.08261
68 269 0.00664
68 270 0.14441
68 271 -0.00904
68 272 -0.03309
68 273 -0.03247
68 274 -0.0631
68 275 -0.01325
68 276 -0.0099
68 277 0.14617
68 278 -0.06009
68 279 -0.08705
68 280 0.01296
68 281 0.02585
68 282 0.0019
68 283 -0.04764
68 284 -0.06423
68 285 -0.10961
68 286 0.00796
68 287 0.05979
68 288 -0.029
68 289 0.09198
68 290 -0.00946
68 291 -0.00516
68 292 0.05735
68 293 -0.06013
68 294 0.07072
68 295 -0.0137
68 296 0.04147
68 297 -0.06648
68 298 0.00048
68 299 -0.04176
69 70 0.03561
69 71 0.10433
69 72 -0.07293
69 73 -0.07793
69 74 0.01888
69 75 0.06213
69 76 0.09417
69 77 0.0128
69 78 -0.0258
69 79 0.12159
69 80 -0.04151
69 81 -0.01884
69 82 0.11252
69 83 -0.05735
69 84 0.08081
69 85 0.01502
69 86 -0.11664
69 87 -0.03198
69 88 -0.04907
69 89 -0.07179
69 90 0.10555
69 91 0.03598
69 92 0.06214
69 93 -0.01595
69 94 -0.08506
69 95 0.00136
69 96 -0.0464
69 97 0.09539
69 98 0.0066
69 99 0.06963
69 100 0.0383
69 101 0.03761
69 102 0.03488
69 103 0.09396
69 104 -0.01559
69 105 -0.01765
69 106 -0.00741
69 107 0.03309
69 108 -0.00598
69 109 0.12961
69 110 -0.00092
69 111 -0.1121
69 112 -0.03032
69 113 -0.15158
69 114 0.06622
69 115 0.05604
69 116 0.02623
69 117 0.01834
69 118 0.00181
69 119 0.02569
69 120 -0.04095
69 121 0.04434
69 122 0.01575
69 123 -0.00479
69 124 -0.00666
69 125 0.03187
69 126 0.0199
69 127 0.018
69 128 0.09358
69 129 -0.01257
69 130 -0.05193
69 131 0.00179
69 132 0.1083
69 133 0.04497
69 134 0.065
69 135 0.0956
69 136 0.09221
69 137 -0.14633
69 138 0.01046
69 139 -0.01894
69 140 0.03062
69 141 -0.04566
69 142 0.0149
69 143 0.00026
69 144 0.07477
69 145 0.00816
69 146 0.0405
69 147 0.05515
69 148 0.01284
69 149 0.01614
69 150 0.0008
69 151 -0.00534
69 152 -0.00791
69 153 0.04079
69 154 0.05066
69 155 -0.02856
69 156 -0.03482
69 157 0.03735
69 158 0.05707
69 159 0.0796
69 160 0.08721
69 161 -0.05713
69 162 -0.06858
69 163 -0.1134
69 164 0.02231
69 165 0.04529
69 166 -0.13234
69 167 -0.01662
69 168 -0.00572
69 169 0.03813
69 170 0.04681
69 171 -0.05665
69 172 0.07432
69 173 0.01053
69 174 0.14536
69 175 0.05669
69 176 0.05676
69 177 -0.11763
69 178 -0.00289
69 179 -0.04524
69 180 -0.07889
69 181 0.01007
69 182 0.0184
69 183 -0.03106
69 184 0.00536
69 185 0.0504
69 186 -0.04112
69 187 -0.03421
69 188 0.07852
69 189 -0.07564
69 190 -0.08681
69 191 -0.06693
69 192 0.03224
69 193 0.09153
69 194 0.04577
69 195 0.03434
69 196 0.12897
69 197 -0.05674
69 198 0.04539
69 199 0.04633
69 200 -0.01054
69 201 -0.01342
69 202 -0.05814
69 203 -0.00719
69 204 -0.00059
69 205 -0.04002
69 206 0.10006
69 207 -0.06818
69 208 -0.04983
69 209 -0.03682
69 210 -0.06264
69 211 0.0325
69 212 0.06698
69 213 -0.01773
69 214 -0.00598
69 215 -0.02538
69 216 0.02318
69 217 0.07684
69 218 -0.04989
69 219 -0.03008
69 220 -0.02996
69 221 -0.00831
69 222 -0.00864
69 223 -0.04095
69 224 -0.18135
69 225 0.07539
69 226 -0.11313
69 227 -0.02159
69 228 -0.05053
69 229 -0.07353
69 230 0.00015
69 231 -0.12157
69 232 0.05087
69 233 0.06109
69 234 0.02494
69 235 0.01629
69 236 -0.00432
69 237 0.01015
69 238 0.00249
69 239 -0.05058
69 240 0.04212
69 241 -0.04008
69 242 -0.05936
69 243 -0.05388
69 244 -0.02211
69 245 -0.10764
69 246 0.0132
69 247 -0.05699
69 248 0.06982
69 249 -0.02401
69 250 0.00511
69 251 -0.08047
69 252 0.06113
69 253 0.05196
69 254 0.00152
69 255 -0.01742
69 256 -0.07362
69 257 0.07396
69 258 0.03032
69 259 -0.02374
69 260 -0.03015
69 261 -0.06289
69 262 0.04852
69 263 0.12277
69 264 -0.0287
69 265 0.05004
69 266 -0.02674
69 267 -0.03621
69 268 -0.15376
69 269 0.01933
69 270 0.0982
69 271 -0.02019
69 272 0.02915
69 273 0.08155
69 274 0.06358
69 275 -0.02721
69 276 0.02053
69 277 -0.06537
69 278 -0.03737
69 279 -0.02824
69 280 -0.03298
69 281 0.08198
69 282 -0.02024
69 283 -0.08467
69 284 -0.05003
69 285 0.0631
69 286 0.04475
69 287 -0.00984
69 288 -0.03087
69 289 0.12285
69 290 -0.01911
69 291 0.01184
69 292 0.02162
69 293 0.04514
69 294 0.12746
69 295 0.08138
69 296 0.01151
69 297 0.00556
69 298 -0.02862
69 299 -0.00031
70 71 -0.06267
70 72 0.06203
70 73 -0.05303
70 74 0.02399
70 75 0.04038
70 76 0.07692
70 77 -0.06907
70 78 0.0633
70 79 -0.01887
70 80 -0.05263
70 81 0.01005
70 82 -0.05292
70 83 0.02727
70 84 -0.03222
70 85 -0.13412
70 86 -0.03746
70 87 -0.00579
70 88 -0.1112
70 89 0.05249
70 90 0.02249
70 91 -0.03677
70 92 -0.00508
70 93 -0.01422
70 94 -0.03602
70 95 -0.00784
70 96 -0.05887
70 97 -0.00185
70 98 -0.05518
70 99 -0.02728
70 100 0.09315
70 101 -0.05504
70 102 -0.04326
70 103 0.1003
70 104 -0.05905
70 105 0.03004
70 106 -0.00875
70 107 0.00021
70 108 -0.04282
70 109 0.05354
70 110 -0.0369
70 111 -0.14919
70 112 -0.08335
70 113 0.00655
70 114 0.02354
70 115 -0.01967
70 116 0.03848
70 117 0.08254
70 118 -0.02573
70 119 -0.00356
70 120 0.02364
70 121 0.10467
70 122 -0.03559
70 123 0.04176
70 124 -0.08426
70 125 -0.07889
70 126 0.02291
70 127 -0.01742
70 128 -0.00433
70 129 0.05099
70 130 0.04874
70 131 -0.06192
70 132 0.0277
70 133 -0.10502
70 134 0.082
70 135 -0.00416
70 136 0.01696
70 137 0.06123
70 138 0.08845
70 139 0.0689
70 140 -0.03222
70 141 -0.01826
70 142 -0.01238
70 143 0.07513
70 144 0.00876
70 145 -0.06714
70 146 0.10547
70 147 0.02462
70 148 0.1039
70 149 -0.04444
70 150 -0.04476
70 151 -0.00644
70 152 0.00867
70 153 -0.04681
70 154 -0.01928
70 155 0.13148
70 156 0.03162
70 157 -0.01287
70 158 -0.07214
70 159 -0.06024
70 160 -0.04904
70 161 -0.02332
70 162 0.00798
70 163 0.05412
70 164 -0.07819
70 165 0.06389
70 166 0.03292
70 167 -0.03748
70 168 -0.02799
70 169 0.11102
70 170 -0.03245
70 171 0.08165
70 172 0.05215
70 173 0.0136
70 174 -0.09619
70 175 -0.02534
70 176 -0.07312
70 177 0.04162
70 178 -0.1018
70 179 -0.1348
70 180 0.01492
70 181 0.08446
70 182 -0.00183
70 183 0.12241
70 184 -0.01778
70 185 -0.04927
70 186 0.0488
70 187 -0.00797
70 188 0.02128
70 189 0.00988
70 190 -0.12148
70 191 0.06856
70 192 -0.02148
70 193 0.01905
70 194 0.07662
70 195 0.0306
70 196 0.02349
70 197 0.08564
70 198 -0.02369
70 199 0.0706
70 200 -0.00031
70 201 -0.06022
70 202 0.02168
70 203 -0.0897
70 204 0.00896
70 205 0.1162
70 206 -0.07233
70 207 -0.00951
70 208 -0.02939
70 209 -0.05475
70 210 0.04862
70 211 0.02627
70 212 -0.05412
70 213 -0.05775
70 214 0.05736
70 215 -0.00332
70 216 -0.00694
70 217 0.01999
70 218 -0.07966
70 219 0.04749
70 220 -0.04656
70 221 0.03089
70 222 0.03949
70 223 0.05404
70 224 -0.0284
70 225 -0.11748
70 226 0.03479
70 227 0.00936
70 228 0.04007
70 229 -0.11142
70 230 0.04695
70 231 -0.05821
70 232 -0.04678
70 233 0.05781
70 234 -0.04654
70 235 -0.06267
70 236 0.07071
70 237 0.00463
70 238 -0.03253
70 239 0.08132
70 240 -0.0315
70 241 0.13497
70 242 -0.00056
70 243 0.11182
70 244 -0.04327
70 245 -0.13605
70 246 -0.03063
70 247 0.05293
70 248 0.04672
70 249 -0.04224
70 250 -0.02054
70 251 0.05707
70 252 -0.07054
70 253 -0.14913
70 254 -0.00949
70 255 -0.07602
70 256 0.08149
70 257 -0.0519
70 258 0.02678
70 259 0.06128
70 260 0.10824
70 261 0.00641
70 262 0.07213
70 263 -0.00215
70 264 -0.0136
70 265 -0.07573
70 266 -0.04085
70 267 -0.0338
70 268 0.06008
70 269 -0.07636
70 270 -0.04677
70 271 0.00487
70 272 -0.07409
70 273 0.02338
70 274 -0.08034
70 275 -0.11024
70 276 -0.04343
70 277 0.15606
70 278 -0.15612
70 279 0.02636
70 280 0.02791
70 281 0.01492
70 282 -0.0339
70 283 0.03546
70 284 -0.01759
70 285 -0.05107
70 286 -0.02726
70 287 0.02879
70 288 0.05785
70 289 -0.00981
70 290 -0.0681
70 291 0.09102
70 292 -0.04232
70 293 0.13056
70 294 0.00051
70 295 -0.01694
70 296 0.10422
70 297 0.00144
70 298 0.10115
70 299 0.04434
71 72 0.09069
71 73 0.05896
71 74 0.026
71 75 -0.01732
71 76 -0.01752
71 77 -0.01691
71 78 0.01616
71 79 0.02022
71 80 0.06535
71 81 -0.01794
71 82 -0.05269
71 83 -0.03666
71 84 -0.05573
71 85 -0.05202
71 86 -0.05188
71 87 0.00993
71 88 0.01549
71 89 -0.22237
71 90 -0.11203
71 91 0.08666
71 92 0.11639
71 93 -0.0852
71 94 -0.03707
71 95 0.00872
71 96 0.02417
71 97 0.06539
71 98 0.03023
71 99 -0.05439
71 100 -0.07851
71 101 -0.09328
71 102 0.0937
71 103 0.05146
71 104 0.04036
71 105 -0.06467
71 106 -0.07049
71 107 -0.01117
71 108 -0.00424
71 109 0.00425
71 110 0.0311
71 111 -0.01749
71 112 -0.02162
71 113 0.02706
71 114 -0.07531
71 115 -0.01798
71 116 0.00421
71 117 0.0203
71 118 -0.03476
71 119 0.11194
71 120 -0.00348
71 121 0.00786
71 122 -0.03248
71 123 -0.0214
71 124 -0.01313
71 125 -0.13477
71 126 -0.08451
71 127 0.00806
71 128 0.00205
71 129 -0.09167
71 130 0.19018
71 131 0.03245
71 132 0.09107
71 133 0.07696
71 134 -0.09213
71 135 0.04694
71 136 0.03194
71 137 -0.09176
71 138 0.02324
71 139 0.02244
71 140 0.05179
71 141 0.02398
71 142 -0.03139
71 143 0.042
71 144 0.01984
71 145 0.11916
71 146 0.03553
71 147 0.03301
71 148 0.04011
71 149 -0.00869
71 150 0.12694
71 151 -0.06088
71 152 0.01449
71 153 0.05878
71 154 0.06626
71 155 0.03953
71 156 0.06254
71 157 -0.02419
71 158 0.01835
71 159 -0.04521
71 160 0.09773
71 161 0.02065
71 162 -0.02153
71 163 0.02754
71 164 -0.05176
71 165 0.00616
71 166 0.01395
71 167 -0.05488
71 168 0.01193
71 169 0.00275
71 170 0.03079
71 171 0.11924
71 172 -0.01599
71 173 -0.02675
71 174 0.05461
71 175 -0.06932
71 176 -0.04803
71 177 0.01354
71 178 -0.01686
71 179 -0.08787
71 180 0.02674
71 181 -0.01738
71 182 -0.02226
71 183 0.00101
71 184 -0.05513
71 185 0.03027
71 186 0.02955
71 187 -0.04333
71 188 0.02851
71 189 0.05106
71 190 -0.02308
71 191 -0.09201
71 192 -0.04954
71 193 -0.10266
71 194 -0.0844
71 195 -0.07854
71 196 -0.01885
71 197 0.04173
71 198 0.03456
71 199 -0.05283
71 200 0.12705
71 201 0.07433
71 202 -0.04941
71 203 -0.05676
71 204 -0.10104
71 205 0.05732
71 206 0.01242
71 207 0.00376
71 208 -0.08269
71 209 0.09228
71 210 0.07894
71 211 -0.01505
71 212 -0.02049
71 213 -0.00709
71 214 -0.08167
71 215 -0.05763
71 216 0.04513
71 217 -0.02786
71 218 0.00352
71 219 -0.07245
71 220 0.01254
71 221 -0.0213
71 222 0.04314
71 223 -0.11317
71 224 -0.03874
71 225 0.01046
71 226 0.00517
71 227 -0.02534
71 228 0.09781
71 229 -0.05644
71 230 0.08574
71 231 0.04905
71 232 0.09957
71 233 -0.03967
71 234 0.0024
71 235 0.07134
71 236 -0.09373
71 237 -0.00222
71 238 0.02459
71 239 0.01601
71 240 0.06322
71 241 0.02629
71 242 -0.01241
71 243 -0.11782
71 244 0.0407
71 245 -0.04535
71 246 0.08878
71 247 -0.01089
71 248 0.02866
71 249 -0.01188
71 250 0.01503
71 251 0.03028
71 252 0.00572
71 253 -0.02594
71 254 -0.05397
71 255 -0.0284
71 256 0.06108
71 257 0.11972
71 258 -0.00047
71 259 0.06889
71 260 0.0052
71 261 -0.05923
71 262 0.06215
71 263 0.0736
71 264 0.00446
71 265 0.04581
71 266 0.0446
71 267 -0.13226
71 268 -0.09862
71 269 0.06843
71 270 0.09751
71 271 0.05284
71 272 -0.04799
71 273 -0.04539
71 274 -0.03904
71 275 0.04879
71 276 -0.01215
71 277 0.05825
71 278 0.0299
71 279 -0.01137
71 280 -0.03808
71 281 0.01005
71 282 -0.01651
71 283 0.03838
71 284 -0.05646
71 285 -0.07542
71 286 0.0211
71 287 0.0544
71 288 -0.04802
71 289 -0.0979
71 290 0.07749
71 291 -0.06139
71 292 -0.02756
71 293 0.0868
71 294 -0.03222
71 295 -0.00903
71 296 0.0563
71 297 0.07961
71 298 -0.06924
71 299 -0.01863
72 73 0.08913
72 74 0.04936
72 75 -0.09325
72 76 -0.12046
72 77 -0.01343
72 78 -0.02449
72 79 -0.06971
72 80 -0.01279
72 81 -0.05407
72 82 0.10756
72 83 0.01203
72 84 0.07527
72 85 -0.03233
72 86 -0.00568
72 87 -0.01265
72 88 -0.03118
72 89 0.03996
72 90 0.10172
72 91 -0.11435
72 92 -0.06607
72 93 -0.08247
72 94 -0.04483
72 95 0.04798
72 96 0.04741
72 97 0.04912
72 98 0.01276
72 99 0.02612
72 100 -0.12548
72 101 -0.04627
72 102 0.02734
72 103 0.04653
72 104 0.03181
72 105 0.12533
72 106 -0.02019
72 107 0.06924
72 108 0.01334
72 109 -0.0109
72 110 -0.03438
72 111 0.07322
72 112 -0.0502
72 113 0.08512
72 114 -0.09803
72 115 -0.03428
72 116 -0.09704
72 117 0.01606
72 118 -0.01268
72 119 -0.02884
72 120 0.09883
72 121 -0.07395
72 122 0.06512
72 123 0.06369
72 124 -0.06872
72 125 0.13011
72 126 -0.0033
72 127 -0.0724
72 128 0.09725
72 129 -0.08091
72 130 -0.01404
72 131 -0.03347
72 132 -0.1264
72 133 -0.06861
72 134 0.002
72 135 -0.02431
72 136 -0.10494
72 137 -0.09099
72 138 -0.03932
72 139 0.00209
72 140 -0.05016
72 141 -0.05247
72 142 -0.0754
72 143 0.05586
72 144 0.06233
72 145 -0.03835
72 146 0.00696
72 147 0.07128
72 148 -0.03194
72 149 -0.11188
72 150 0.00613
72 151 0.01845
72 152 -0.00826
72 153 -0.00844
72 154 -0.01897
72 155 0.07151
72 156 0.01655
72 157 0.05985
72 158 -0.01949
72 159 0.13366
72 160 0.07139
72 161 -0.00585
72 162 -0.02689
72 163 0.033
72 164 0.07064
72 165 0.00569
72 166 -0.04201
72 167 -0.03656
72 168 0.04835
72 169 0.01194
72 170 -0.04348
72 171 0.0252
72 172 -0.06398
72 173 -0.0201
72 174 0.00337
72 175 0.0362
72 176 -0.01776
72 177 -0.03032
72 178 -0.14989
72 179 -0.00844
72 180 0.06214
72 181 0.08959
72 182 0.01434
72 183 -0.06293
72 184 0.06924
72 185 0.03255
72 186 -0.10884
72 187 0.00854
72 188 0.04001
72 189 0.08933
72 190 0.04628
72 191 -0.03657
72 192 0.04579
72 193 0.06632
72 194 -0.07574
72 195 0.01681
72 196 0.05051
72 197 0.06365
72 198 0.10327
72 199 -0.09997
72 200 0.10861
72 201 0.03345
72 202 0.09122
72 203 0.07522
72 204 0.10617
72 205 0.05933
72 206 -0.00858
72 207 0.03128
72 208 0.02039
72 209 -0.03947
72 210 0.09924
72 211 0.00686
72 212 0.12097
72 213 0.00057
72 214 0.02324
72 215 -0.01735
72 216 -0.02955
72 217 0.04068
72 218 -0.01975
72 219 -0.04612
72 220 -0.0495
72 221 0.07641
72 222 -0.05798
72 223 -0.0216
72 224 0.05505
72 225 -0.06504
72 226 0.01764
72 227 0.05513
72 228 0.03404
72 229 -0.0747
72 230 -0.01559
72 231 -0.00955
72 232 0.08247
72 233 -0.0517
72 234 -0.01717
72 235 -0.0501
72 236 -0.00789
72 237 -0.01495
72 238 -0.14769
72 239 -0.06371
72 240 -0.0731
72 241 -0.00289
72 242 -0.01359
72 243 -0.03134
72 244 -0.00032
72 245 -0.05239
72 246 -0.03902
72 247 -0.0222
72 248 -0.00559
72 249 -0.01639
72 250 -0.048
72 251 0.00396
72 252 0.04362
72 253 0.09442
72 254 0.05487
72 255 -0.01792
72 256 0.01261
72 257 0.00273
72 258 -0.0621
72 259 -0.08514
72 260 -0.04184
72 261 0.09802
72 262 -0.00557
72 263 0.04345
72 264 -0.02878
72 265 -0.00284
72 266 -0.05387
72 267 -0.02747
72 268 0.00935
72 269 0.03649
72 270 -0.05971
72 271 -0.0277
72 272 0.03
72 273 -0.00029
72 274 0.05105
72 275 -0.07706
72 276 -0.02657
72 277 -0.05219
72 278 0.06881
72 279 -0.00761
72 280 0.04758
72 281 0.05489
72 282 0.02547
72 283 -0.01832
72 284 0.0468
72 285 -0.0023
72 286 -0.048
72 287 -0.04246
72 288 -0.11181
72 289 -0.04853
72 290 0.01371
72 291 0.05509
72 292 -0.03682
72 293 0.01596
72 294 0.06618
72 295 -0.14609
72 296 0.08587
72 297 0.04582
72 298 -0.0281
72 299 0.12638
73 74 0.00243
73 75 -0.02231
73 76 -0.04401
73 77 -0.00032
73 78 0.0732
73 79 -0.04451
73 80 -0.05153
73 81 -0.05532
73 82 0.03457
73 83 -0.03314
73 84 -0.09713
73 85 -0.01986
73 86 -0.00141
73 87 -0.00764
73 88 -0.03758
73 89 0.02596
73 90 0.11703
73 91 0.02733
73 92 -0.00863
73 93 -0.0711
73 94 -0.02011
73 95 0.04872
73 96 0.08804
73 97 -0.04769
73 98 -0.04988
73 99 -0.10303
73 100 -0.00696
73 101 -0.01369
73 102 -0.0556
73 103 -0.0174
73 104 -0.03621
73 105 0.06746
73 106 0.0111
73 107 0.07983
73 108 0.04073
73 109 -0.04399
73 110 -0.00731
73 111 -0.0964
73 112 0.08539
73 113 0.02751
73 114 -0.00168
73 115 0.03324
73 116 0.00835
73 117 -0.06154
73 118 -0.17099
73 119 0.04324
73 120 0.04525
73 121 -0.06494
73 122 -0.05492
73 123 -0.08071
73 124 0.03594
73 125 -0.05202
73 126 0.04971
73 127 0.06023
73 128 0.08213
73 129 0.01974
73 130 0.01603
73 131 -0.07752
73 132 0.12219
73 133 0.03507
73 134 0.06562
73 135 -0.03737
73 136 -0.07152
73 137 0.12799
73 138 0.03447
73 139 0.04307
73 140 0.07916
73 141 0.01172
73 142 -0.01548
73 143 -0.01268
73 144 0.05631
73 145 -0.0439
73 146 0.01981
73 147 -0.04937
73 148 -0.0028
73 149 0.04441
73 150 -0.08417
73 151 0.03047
73 152 0.01185
73 153 -0.08923
73 154 -0.03217
73 155 -0.06729
73 156 0.01562
73 157 0.12918
73 158 -0.0482
73 159 -0.03371
73 160 -0.05025
73 161 0.05194
73 162 0.03803
73 163 0.11313
73 164 -0.01503
73 165 0.08926
73 166 -0.02062
73 167 -0.11869
73 168 0.03378
73 169 0.00325
73 170 -0.01005
73 171 -0.0125
73 172 -0.09153
73 173 0.07776
73 174 0.01096
73 175 0.02214
73 176 -0.01851
73 177 -0.10083
73 178 -0.23804
73 179 -0.07137
73 180 0.04488
73 181 -0.06795
73 182 0.02429
73 183 -0.08775
73 184 0.06606
73 185 -0.09087
73 186 -0.04288
73 187 -0.00001
73 188 -0.12638
73 189 -0.08226
73 190 -0.08987
73 191 0.0849
73 192 0.03256
73 193 -0.1019
73 194 -0.16231
73 195 0.06051
73 196 -0.13098
73 197 0.06381
73 198 0.02859
73 199 0.08664
73 200 0.00249
73 201 0.12255
73 202 0.0189
73 203 0.05701
73 204 -0.01434
73 205 -0.02332
73 206 0.0247
73 207 0.02391
73 208 0.03885
73 209 0.0865
73 210 -0.0342
73 211 0.10197
73 212 -0.01064
73 213 0.01993
73 214 -0.00548
73 215 0.06997
73 216 0.01666
73 217 -0.0069
73 218 0.07988
73 219 -0.03342
73 220 -0.05923
73 221 -0.10016
73 222 0.05832
73 223 0.01605
73 224 0.03709
73 225 -0.01276
73 226 0.03188
73 227 -0.011
73 228 -0.01694
73 229 0.05801
73 230 -0.02057
73 231 -0.0103
73 232 -0.03626
73 233 0.06164
73 234 0.04706
73 235 0.01895
73 236 0.01529
73 237 -0.00743
73 238 0.04643
73 239 0.00933
73 240 -0.06147
73 241 0.02973
73 242 0.02854
73 243 0.04101
73 244 -0.03873
73 245 -0.01897
73 246 0.00796
73 247 0.01759
73 248 -0.03407
73 249 -0.02587
73 250 -0.0668
73 251 -0.05695
73 252 0.02292
73 253 0.06332
73 254 -0.02161
73 255 -0.07916
73 256 0.01755
73 257 0.00613
73 258 0.0332
73 259 -0.01919
73 260 -0.05524
73 261 -0.00771
73 262 -0.00942
73 263 0.03387
73 264 -0.16712
73 265 -0.03171
73 266 0.05746
73 267 0.04165
73 268 0.00694
73 269 -0.01249
73 270 -0.03348
73 271 0.02557
73 272 0.06244
73 273 -0.03501
73 274 -0.02151
73 275 -0.04503
73 276 0.00245
73 277 0.03886
73 278 0.1059
73 279 -0.02645
73 280 0.0353
73 281 -0.00817
73 282 0.02363
73 283 -0.05062
73 284 -0.0808
73 285 0.03654
73 286 0.08841
73 287 0.01838
73 288 -0.03101
73 289 -0.03067
73 290 -0.01757
73 291 0.0274
73 292 0.05183
73 293 0.08946
73 294 -0.04258
73 295 0.06188
73 296 0.01218
73 297 -0.02474
73 298 0.00329
73 299 0.05388
74 75 0.01429
74 76 -0.01527
74 77 0.02738
74 78 -0.05833
74 79 -0.09887
74 80 0.05071
74 81 -0.03649
74 82 -0.03056
74 83 -0.009
74 84 -0.01098
74 85 0.10535
74 86 -0.03051
74 87 0.0299
74 88 -0.03092
74 89 0.04812
74 90 -0.00965
74 91 0.02467
74 92 -0.05759
74 93 0.06843
74 94 -0.01193
74 95 0.01028
74 96 -0.01282
74 97 -0.0576
74 98 0.03888
74 99 -0.07525
74 100 -0.08109
74 101 0.07122
74 102 0.03314
74 103 0.03603
74 104 -0.03078
74 105 0.00188
74 106 -0.06493
74 107 -0.05116
74 108 -0.09219
74 109 0.07259
74 110 -0.08983
74 111 0.06239
74 112 0.09028
74 113 0.03137
74 114 0.0899
74 115 0.03008
74 116 -0.0014
74 117 -0.00727
74 118 0.04197
74 119 -0.01156
74 120 -0.01483
74 121 -0.02768
74 122 -0.0645
74 123 -0.05213
74 124 0.04178
74 125 -0.01545
74 126 -0.08299
74 127 -0.03018
74 128 0.03585
74 129 0.04938
74 130 -0.03637
74 131 0.06099
74 132 -0.0223
74 133 0.04272
74 134 -0.05954
74 135 0.07917
74 136 0.03255
74 137 0.02279
74 138 0.05257
74 139 0.00758
74 140 -0.05713
74 141 -0.01232
74 142 -0.06669
74 143 0.04576
74 144 0.02091
74 145 -0.08215
74 146 -0.05448
74 147 0.0054
74 148 -0.03283
74 149 -0.08674
74 150 0.09649
74 151 0.06692
74 152 -0.00327
74 153 0.00475
74 154 -0.07179
74 155 -0.04031
74 156 -0.13725
74 157 0.09094
74 158 0.0968
74 159 -0.0352
74 160 0.0915
74 161 -0.06646
74 162 0.01153
74 163 -0.02843
74 164 -0.02915
74 165 -0.0848
74 166 -0.0563
74 167 -0.0119
74 168 -0.03137
74 169 -0.01662
74 170 0.07213
74 171 0.02826
74 172 -0.04513
74 173 -0.05861
74 174 0.0295
74 175 0.0055
74 176 0.02213
74 177 -0.03795
74 178 -0.01981
74 179 0.03482
74 180 -0.03443
74 181 -0.01057
74 182 0.00836
74 183 0.09753
74 184 -0.0121
74 185 0.06147
74 186 0.0086
74 187 -0.05042
74 188 -0.10856
74 189 -0.02421
74 190 -0.0007
74 191 -0.14982
74 192 -0.03273
74 193 -0.04952
74 194 -0.05033
74 195 -0.01087
74 196 0.07679
74 197 0.09225
74 198 -0.05392
74 199 0.03624
74 200 -0.00947
74 201 0.06834
74 202 -0.06269
74 203 -0.0812
74 204 0.01489
74 205 0.02836
74 206 -0.03237
74 207 -0.04675
74 208 0.00435
74 209 -0.03065
74 210 0.07265
74 211 0.07648
74 212 -0.10818
74 213 0.01545
74 214 -0.05969
74 215 -0.03888
74 216 0.0602
74 217 -0.02547
74 218 -0.03199
74 219 0.02746
74 220 0.05644
74 221 -0.08668
74 222 -0.02243
74 223 0.1165
74 224 0.05507
74 225 0.00102
74 226 0.00126
74 227 0.05145
74 228 -0.01578
74 229 0.04146
74 230 0.18935
74 231 0.00227
74 232 0.06618
74 233 0.05255
74 234 0.08837
74 235 0.06783
74 236 0.0759
74 237 0.08523
74 238 0.03622
74 239 0.05496
74 240 -0.02901
74 241 -0.15149
74 242 0.08227
74 243 -0.01916
74 244 -0.04194
74 245 -0.09727
74 246 0.01343
74 247 -0.10166
74 248 0.02943
74 249 -0.01511
74 250 0.00721
74 251 -0.03467
74 252 0.06833
74 253 -0.06052
74 254 -0.03533
74 255 -0.04383
74 256 -0.02938
74 257 -0.00297
74 258 -0.19513
74 259 -0.09783
74 260 -0.04738
74 261 -0.05007
74 262 0.02482
74 263 -0.04161
74 264 0.00869
74 265 -0.00418
74 266 0.02886
74 267 0.07323
74 268 0.00228
74 269 -0.11573
74 270 0.01015
74 271 -0.06372
74 272 -0.12958
74 273 0.01948
74 274 0.02123
74 275 0.08203
74 276 -0.00515
74 277 -0.05055
74 278 -0.0173
74 279 -0.07887
74 280 0.04188
74 281 -0.02531
74 282 0.0594
74 283 -0.01637
74 284 0.079
74 285 -0.00059
74 286 -0.10515
74 287 0.1254
74 288 0.00026
74 289 0.03242
74 290 -0.07383
74 291 -0.05971
74 292 -0.02262
74 293 0.01037
74 294 0.03123
74 295 -0.11171
74 296 0.13645
74 297 0.05324
74 298 0.03729
74 299 0.07929
75 76 -0.03906
75 77 -0.04992
75 78 -0.12031
75 79 0.01633
75 80 -0.00653
75 81 -0.04501
75 82 -0.02308
75 83 -0.01748
75 84 0.03175
75 85 0.07117
75 86 -0.0992
75 87 -0.01847
75 88 0.02844
75 89 0.02031
75 90 -0.03227
75 91 -0.05355
75 92 -0.00542
75 93 0.02847
75 94 -0.02349
75 95 -0.0483
75 96 0.06327
75 97 0.09235
75 98 0.05146
75 99 -0.08426
75 100 -0.08844
75 101 0.02651
75 102 0.04786
75 103 -0.05766
75 104 0.02497
75 105 0.01232
75 106 -0.0479
75 107 0.01202
75 108 -0.00596
75 109 -0.00245
75 110 -0.04659
75 111 -0.05541
75 112 0.02663
75 113 -0.02552
75 114 0.00412
75 115 0.03892
75 116 0.05495
75 117 0.01544
75 118 -0.06901
75 119 -0.06186
75 120 0.04607
75 121 0.00168
75 122 0.0305
75 123 -0.03037
75 124 0.01188
75 125 -0.05545
75 126 0.02541
75 127 -0.01707
75 128 -0.01762
75 129 0.10119
75 130 0.12769
75 131 0.12024
75 132 0.03938
75 133 0.03273
75 134 0.02353
75 135 0.02667
75 136 -0.02239
75 137 -0.07283
75 138 0.02724
75 139 -0.0403
75 140 0.01883
75 141 -0.00387
75 142 -0.124
75 143 -0.03388
75 144 0.00267
75 145 0.02319
75 146 0.03449
75 147 -0.03577
75 148 0.08157
75 149 0.0493
75 150 0.0484
75 151 0.13089
75 152 0.04691
75 153 -0.00573
75 154 -0.00914
75 155 -0.01752
75 156 -0.01879
75 157 -0.08448
75 158 -0.05239
75 159 -0.05482
75 160 0.00828
75 161 -0.11182
75 162 0.16124
75 163 -0.02395
75 164 -0.01694
75 165 -0.10873
75 166 -0.00452
75 167 0.0081
75 168 -0.05763
75 169 -0.00676
75 170 -0.00209
75 171 -0.01597
75 172 0.02771
75 173 0.05599
75 174 -0.02071
75 175 0.05373
75 176 -0.06915
75 177 0.01721
75 178 0.11704
75 179 -0.00921
75 180 -0.04504
75 181 -0.11868
75 182 0.04704
75 183 0.02573
75 184 -0.03356
75 185 -0.01092
75 186 0.04044
75 187 -0.0901
75 188 0.07919
75 189 -0.0013
75 190 -0.05715
75 191 0.02562
75 192 0.0816
75 193 -0.05499
75 194 -0.02645
75 195 -0.06812
75 196 0.07346
75 197 0.00779
75 198 0.06867
75 199 -0.01089
75 200 0.00543
75 201 -0.00016
75 202 0.04328
75 203 0.0966
75 204 -0.04145
75 205 0.02474
75 206 -0.01974
75 207 -0.11133
75 208 -0.02951
75 209 0.04768
75 210 0.01838
75 211 -0.0422
75 212 -0.07241
75 213 -0.04741
75 214 -0.00659
75 215 -0.00464
75 216 0.07054
75 217 -0.00737
75 218 -0.08469
75 219 0.09769
75 220 0.05105
75 221 0.04465
75 222 -0.00194
75 223 -0.02324
75 224 -0.09396
75 225 -0.11568
75 226 -0.00906
75 227 0.03133
75 228 -0.05552
75 229 0.1073
75 230 0.06494
75 231 0.05733
75 232 0.06975
75 233 0.0366
75 234 -0.02029
75 235 -0.07799
75 236 0.11147
75 237 0.00173
75 238 -0.06037
75 239 -0.02536
75 240 0.13878
75 241 0.06372
75 242 0.01107
75 243 -0.03502
75 244 -0.0403
75 245 -0.04151
75 246 -0.03626
75 247 0.01483
75 248 -0.01755
75 249 -0.07847
75 250 -0.05019
75 251 0.0721
75 252 0.08234
75 253 -0.03118
75 254 -0.03164
75 255 -0.00491
75 256 0.10495
75 257 0.02804
75 258 -0.09052
75 259 -0.03753
75 260 -0.04071
75 261 -0.14292
75 262 -0.02978
75 263 -0.08491
75 264 -0.02596
75 265 0.11313
75 266 -0.02655
75 267 -0.01395
75 268 0.05206
75 269 -0.0201
75 270 -0.00313
75 271 0.01894
75 272 -0.0753
75 273 0.0317
75 274 0.19316
75 275 0.07946
75 276 -0.08393
75 277 -0.01981
75 278 -0.01416
75 279 0.07939
75 280 -0.02317
75 281 0.09617
75 282 -0.03132
75 283 -0.03476
75 284 -0.072
75 285 -0.03363
75 286 -0.08346
75 287 -0.00886
75 288 -0.04132
75 289 -0.06514
75 290 0.01778
75 291 0.04875
75 292 -0.04996
75 293 0.0502
75 294 0.03017
75 295 -0.01323
75 296 -0.01139
75 297 0.06437
75 298 0.05676
75 299 0.09795
76 77 -0.02892
76 78 -0.08034
76 79 0.06023
76 80 -0.09379
76 81 -0.13301
76 82 0.09596
76 83 0.05398
76 84 0.09589
76 85 -0.08661
76 86 0.07006
76 87 0.05427
76 88 -0.02756
76 89 -0.01405
76 90 -0.02637
76 91 0.16813
76 92 0.0886
76 93 0.06938
76 94 0.09502
76 95 0.05556
76 96 0.05462
76 97 0.00887
76 98 -0.00433
76 99 0.0269
76 100 0.00078
76 101 -0.04889
76 102 -0.10528
76 103 -0.0093
76 104 0.03633
76 105 -0.03962
76 106 -0.002
76 107 0.09212
76 108 -0.01104
76 109 -0.06191
76 110 -0.02712
76 111 0.06823
76 112 0.07802
76 113 0.0163
76 114 -0.01493
76 115 -0.06011
76 116 -0.02797
76 117 0.04147
76 118 0.0047
76 119 -0.05386
76 120 -0.0037
76 121 0.00351
76 122 0.00878
76 123 -0.01687
76 124 0.04373
76 125 0.03564
76 126 0.01261
76 127 -0.01068
76 128 0.01718
76 129 -0.04252
76 130 0.09511
76 131 -0.04526
76 132 0.03766
76 133 0.08874
76 134 -0.11467
76 135 -0.03041
76 136 -0.02264
76 137 0.03447
76 138 0.02883
76 139 -0.00419
76 140 -0.02491
76 141 -0.07904
76 142 -0.08205
76 143 -0.00251
76 144 0.02317
76 145 0.03135
76 146 0.04865
76 147 0.01924
76 148 -0.01487
76 149 -0.05691
76 150 0.07059
76 151 -0.01626
76 152 0.03997
76 153 -0.019
76 154 0.00661
76 155 0.08388
76 156 0.07469
76 157 -0.11503
76 158 0.02415
76 159 0.0028
76 160 -0.02455
76 161 0.10111
76 162 -0.07505
76 163 -0.02785
76 164 0.08808
76 165 0.02359
76 166 -0.04301
76 167 -0.04525
76 168 -0.05453
76 169 -0.10105
76 170 0.08678
76 171 -0.09241
76 172 -0.03278
76 173 -0.13298
76 174 -0.06089
76 175 0.02868
76 176 0.01358
76 177 0.08696
76 178 0.05729
76 179 -0.11352
76 180 -0.11008
76 181 0.05969
76 182 0.02775
76 183 0.00393
76 184 -0.03713
76 185 -0.05932
76 186 -0.00396
76 187 -0.00234
76 188 0.05835
76 189 0.04027
76 190 -0.03591
76 191 -0.06062
76 192 0.06144
76 193 0.00395
76 194 0.04864
76 195 -0.01468
76 196 0.03395
76 197 -0.02597
76 198 -0.11917
76 199 0.05177
76 200 -0.01994
76 201 0.02756
76 202 -0.04878
76 203 0.08001
76 204 0.12435
76 205 0.07503
76 206 0.01746
76 207 0.00915
76 208 -0.06836
76 209 0.0771
76 210 0.05828
76 211 -0.08518
76 212 0.03195
76 213 -0.09252
76 214 0.07312
76 215 0.12166
76 216 0.03944
76 217 -0.0331
76 218 -0.05695
76 219 -0.00465
76 220 0.02715
76 221 0.01823
76 222 0.04068
76 223 0.01837
76 224 -0.0488
76 225 -0.05397
76 226 -0.00981
76 227 0.0561
76 228 -0.0166
76 229 0.08965
76 230 -0.02461
76 231 0.03613
76 232 0.03641
76 233 0.00023
76 234 0.01869
76 235 0.01124
76 236 -0.01537
76 237 0.02833
76 238 -0.07851
76 239 0.06082
76 240 0.06216
76 241 0.111
76 242 0.09597
76 243 -0.01882
76 244 0.09163
76 245 0.02542
76 246 0.03427
76 247 -0.06919
76 248 -0.04078
76 249 -0.00636
76 250 0.0413
76 251 0.0348
76 252 0.00717
76 253 0.00114
76 254 -0.06306
76 255 0.00906
76 256 0.03838
76 257 -0.00616
76 258 0.01751
76 259 0.11628
76 260 0.04051
76 261 -0.14974
76 262 0.01235
76 263 -0.0021
76 264 -0.06171
76 265 0.02236
76 266 -0.09167
76 267 0.03359
76 268 0.01472
76 269 -0.01444
76 270 -0.01658
76 271 -0.04256
76 272 0.00503
76 273 0.06532
76 274 0.05074
76 275 -0.02789
76 276 -0.08469
76 277 -0.0342
76 278 -0.00886
76 279 -0.00244
76 280 -0.01968
76 281 -0.04331
76 282 -0.05078
76 283 -0.03264
76 284 0.04211
76 285 0.07394
76 286 0.0191
76 287 0.05251
76 288 -0.07777
76 289 -0.0366
76 290 -0.09131
76 291 0.00471
76 292 -0.07092
76 293 -0.12283
76 294 0.04058
76 295 -0.05395
76 296 -0.03076
76 297 0.04384
76 298 0.05663
76 299 0.055
77 78 -0.13689
77 79 -0.08465
77 80 0.07143
77 81 0.0201
77 82 -0.05256
77 83 -0.01007
77 84 0.059
77 85 -0.00179
77 86 0.10305
77 87 -0.01206
77 88 0.0159
77 89 -0.00572
77 90 0.01592
77 91 0.01147
77 92 0.05972
77 93 0.07211
77 94 -0.0324
77 95 -0.02444
77 96 0.03666
77 97 -0.0952
77 98 -0.00183
77 99 0.03003
77 100 -0.03341
77 101 0.12477
77 102 0.03831
77 103 -0.11703
77 104 0.0134
77 105 -0.01938
77 106 0.04829
77 107 -0.06725
77 108 -0.05891
77 109 -0.11926
77 110 0.10395
77 111 -0.07275
77 112 -0.03644
77 113 0.01377
77 114 -0.0064
77 115 -0.07547
77 116 -0.02727
77 117 -0.01392
77 118 0.01433
77 119 0.01376
77 120 0.05688
77 121 0.21482
77 122 0.09024
77 123 0.03687
77 124 -0.048
77 125 -0.02365
77 126 -0.07747
77 127 0.02741
77 128 0.03612
77 129 0.07704
77 130 0.03092
77 131 0.06017
77 132 -0.01675
77 133 -0.06828
77 134 0.09642
77 135 0.01271
77 136 -0.09336
77 137 -0.06218
77 138 0.05006
77 139 0.02791
77 140 0.04118
77 141 -0.01916
77 142 -0.01663
77 143 0.10871
77 144 0.04582
77 145 -0.05089
77 146 -0.03055
77 147 0.01555
77 148 -0.02303
77 149 0.05855
77 150 0.04826
77 151 -0.11074
77 152 0.0546
77 153 -0.03533
77 154 0.21552
77 155 0.05664
77 156 0.0087
77 157 -0.04453
77 158 0.07091
77 159 0.00393
77 160 -0.01369
77 161 0.02181
77 162 0.09055
77 163 0.0238
77 164 -0.11129
77 165 0.02172
77 166 -0.08859
77 167 0.0145
77 168 -0.04678
77 169 0.06903
77 170 -0.00658
77 171 0.09878
77 172 0.04293
77 173 0.00065
77 174 -0.06024
77 175 0.0007
77 176 0.11602
77 177 -0.06429
77 178 -0.02972
77 179 0.01026
77 180 0.01634
77 181 -0.05642
77 182 0.02164
77 183 -0.08627
77 184 -0.02845
77 185 -0.05271
77 186 -0.03344
77 187 -0.10062
77 188 0.04397
77 189 -0.05957
77 190 0.04914
77 191 0.01063
77 192 -0.06391
77 193 0.02526
77 194 0.03824
77 195 0.00969
77 196 0.01756
77 197 0.00545
77 198 -0.02551
77 199 0.03907
77 200 0.08537
77 201 -0.05771
77 202 0.03367
77 203 -0.01393
77 204 0.04103
77 205 -0.05493
77 206 0.03989
77 207 0.07984
77 208 0.02933
77 209 0.01526
77 210 -0.00422
77 211 0.04856
77 212 -0.0349
77 213 -0.0208
77 214 0.08194
77 215 -0.02195
77 216 0.08811
77 217 0.00627
77 218 0.01588
77 219 -0.02138
77 220 0.00326
77 221 0.03188
77 222 0.02333
77 223 -0.08975
77 224 0.00529
77 225 -0.1037
77 226 -0.00353
77 227 0.02682
77 228 -0.05529
77 229 0.00691
77 230 -0.06175
77 231 -0.05037
77 232 0.00643
77 233 -0.04511
77 234 -0.03492
77 235 0.0164
77 236 0.0076
77 237 0.02315
77 238 -0.04959
77 239 0.07912
77 240 0.04585
77 241 -0.03658
77 242 -0.0511
77 243 -0.09926
77 244 0.03268
77 245 -0.03319
77 246 0.02567
77 247 0.00456
77 248 0.03758
77 249 -0.08973
77 250 0.06231
77 251 0.09075
77 252 0.00191
77 253 0.06014
77 254 -0.00917
77 255 0.01172
77 256 0.04247
77 257 0.00861
77 258 0.04066
77 259 -0.00042
77 260 0.04004
77 261 0.01761
77 262 0.0836
77 263 -0.00785
77 264 -0.06571
77 265 0.02932
77 266 0.02466
77 267 0.02057
77 268 0.04653
77 269 0.01093
77 270 0.07252
77 271 0.03144
77 272 -0.05497
77 273 0.05024
77 274 -0.08293
77 275 0.07327
77 276 0.08849
77 277 0.01469
77 278 0.0164
77 279 0.02196
77 280 -0.05746
77 281 0.05883
77 282 0.00354
77 283 -0.03694
77 284 -0.00774
77 285 0.0242
77 286 -0.02177
77 287 0.02068
77 288 -0.03833
77 289 0.03227
77 290 0.03286
77 291 0.01207
77 292 -0.05899
77 293 -0.01489
77 294 -0.05073
77 295 -0.16009
77 296 -0.00026
77 297 0.05781
77 298 0.03085
77 299 0.03899
78 79 -0.05621
78 80 0.03871
78 81 -0.087
78 82 -0.07595
78 83 0.14637
78 84 -0.02557
78 85 -0.02921
78 86 -0.0111
78 87 0.01793
78 88 -0.03265
78 89 -0.01996
78 90 0.07328
78 91 -0.00744
78 92 -0.09152
78 93 -0.05436
78 94 -0.02481
78 95 -0.06481
78 96 -0.00753
78 97 0.05081
78 98 -0.0009
78 99 -0.0059
78 100 0.01914
78 101 -0.02813
78 102 -0.07782
78 103 0.00504
78 104 0.07678
78 105 -0.05903
78 106 -0.06123
78 107 0.0823
78 108 0.08976
78 109 0.02028
78 110 0.04237
78 111 0.0591
78 112 0.06454
78 113 -0.1483
78 114 -0.01201
78 115 0.01537
78 116 0.03803
78 117 0.09902
78 118 0.02596
78 119 0.06227
78 120 -0.01271
78 121 0.05996
78 122 -0.05235
78 123 0.01838
78 124 -0.04951
78 125 0.10088
78 126 0.01307
78 127 0.0236
78 128 0.03089
78 129 -0.02477
78 130 -0.07246
78 131 -0.09416
78 132 -0.01884
78 133 -0.14227
78 134 0.05428
78 135 0.05439
78 136 0.03567
78 137 -0.06851
78 138 0.00397
78 139 0.00755
78 140 0.07351
78 141 0.05933
78 142 -0.02727
78 143 0.06943
78 144 0.11559
78 145 -0.07623
78 146 -0.02985
78 147 -0.09822
78 148 -0.01676
78 149 0.0756
78 150 -0.00009
78 151 -0.05917
78 152 0.07606
78 153 0.09451
78 154 0.00084
78 155 0.08296
78 156 0.03109
78 157 0.01608
78 158 -0.07356
78 159 0.0549
78 160 -0.01712
78 161 -0.04389
78 162 -0.04539
78 163 0.00047
78 164 0.07487
78 165 0.0615
78 166 -0.05077
78 167 -0.01715
78 168 0.03598
78 169 0.0859
78 170 0.0248
78 171 0.00843
78 172 -0.05784
78 173 -0.18822
78 174 -0.14227
78 175 0.07777
78 176 0.02471
78 177 -0.02606
78 178 0.08558
78 179 -0.13208
78 180 0.07505
78 181 0.03814
78 182 0.0229
78 183 0.0298
78 184 0.00387
78 185 -0.02259
78 186 -0.09547
78 187 -0.00757
78 188 -0.04393
78 189 -0.03212
78 190 0.02639
78 191 0.0576
78 192 -0.0515
78 193 -0.04116
78 194 -0.02939
78 195 -0.03547
78 196 -0.0357
78 197 -0.01546
78 198 0.05197
78 199 -0.00437
78 200 -0.0647
78 201 0.03548
78 202 0.02458
78 203 -0.01675
78 204 -0.04722
78 205 -0.05711
78 206 0.03453
78 207 -0.01624
78 208 0.05604
78 209 0.01799
78 210 -0.00237
78 211 0.06447
78 212 0.00351
78 213 0.01806
78 214 -0.02756
78 215 0.05834
78 216 -0.04219
78 217 0.11367
78 218 -0.02456
78 219 0.03931
78 220 0.03386
78 221 -0.00252
78 222 0.00554
78 223 0.16515
78 224 -0.07261
78 225 0.05512
78 226 0.041
78 227 -0.00997
78 228 0.01959
78 229 -0.02557
78 230 0.01662
78 231 -0.08349
78 232 0.05932
78 233 0.00795
78 234 -0.00305
78 235 -0.14789
78 236 -0.02106
78 237 -0.06556
78 238 -0.11692
78 239 0.06645
78 240 -0.03382
78 241 -0.07935
78 242 0.03846
78 243 -0.1022
78 244 -0.00462
78 245 0.00213
78 246 -0.04348
78 247 0.09106
78 248 -0.12355
78 249 0.05381
78 250 0.07472
78 251 0.03319
78 252 -0.00508
78 253 -0.04085
78 254 -0.04824
78 255 -0.05118
78 256 -0.06966
78 257 0.00463
78 258 0.05829
78 259 -0.03765
78 260 0.07027
78 261 -0.03375
78 262 -0.10172
78 263 0.00377
78 264 0.07197
78 265 -0.05936
78 266 0.06562
78 267 0.07201
78 268 0.04193
78 269 0.04482
78 270 -0.04829
78 271 -0.03245
78 272 0.0665
78 273 -0.04833
78 274 0.01915
78 275 0.08247
78 276 -0.03763
78 277 -0.02289
78 278 -0.065
78 279 0.06018
78 280 0.03062
78 281 0.02203
78 282 0.01086
78 283 -0.03303
78 284 -0.02858
78 285 0.00709
78 286 -0.0345
78 287 0.04062
78 288 -0.04884
78 289 -0.02607
78 290 -0.07979
78 291 0.10118
78 292 -0.11295
78 293 0.04478
78 294 0.02565
78 295 -0.04675
78 296 0.04153
78 297 0.10857
78 298 -0.07776
78 299 0.06232
79 80 0.01352
79 81 -0.00938
79 82 -0.08246
79 83 -0.12333
79 84 -0.11787
79 85 -0.02704
79 86 -0.00538
79 87 0.01409
79 88 -0.01973
79 89 0.06518
79 90 0.06902
79 91 -0.02992
79 92 -0.01924
79 93 -0.05105
79 94 0.07301
79 95 0.0014
79 96 -0.03602
79 97 0.00338
79 98 0.01013
79 99 0.10071
79 100 0.09004
79 101 -0.04629
79 102 0.07014
79 103 0.03125
79 104 -0.00068
79 105 -0.08226
79 106 -0.05545
79 107 0.03151
79 108 -0.13801
79 109 0.0234
79 110 -0.02581
79 111 0.07125
79 112 -0.01516
79 113 0.03317
79 114 0.07535
79 115 -0.10415
79 116 -0.09237
79 117 0.05936
79 118 0.08525
79 119 -0.01398
79 120 -0.11539
79 121 0.04747
79 122 0.00612
79 123 0.06798
79 124 -0.03555
79 125 -0.04943
79 126 0.04185
79 127 0.07223
79 128 0.05841
79 129 -0.08786
79 130 -0.01812
79 131 0.09613
79 132 0.00097
79 133 -0.06551
79 134 0.08488
79 135 -0.00774
79 136 0.03412
79 137 -0.07929
79 138 0.00764
79 139 0.02512
79 140 0.03083
79 141 0.07059
79 142 0.10564
79 143 -0.02579
79 144 -0.05152
79 145 -0.01645
79 146 -0.05887
79 147 -0.06657
79 148 0.01468
79 149 0.01694
79 150 0.02801
79 151 0.02359
79 152 -0.03208
79 153 0.0093
79 154 0.03083
79 155 0.08411
79 156 -0.06711
79 157 0.09016
79 158 -0.01673
79 159 -0.07751
79 160 0.05
79 161 -0.00844
79 162 -0.03424
79 163 -0.06758
79 164 -0.08936
79 165 -0.02112
79 166 0.01127
79 167 0.07191
79 168 0.00532
79 169 0.06098
79 170 0.0406
79 171 -0.05865
79 172 0.01598
79 173 0.05916
79 174 0.03656
79 175 0.01451
79 176 -0.02445
79 177 -0.09573
79 178 0.03047
79 179 -0.02962
79 180 0.02643
79 181 0.11562
79 182 0.00837
79 183 -0.04075
79 184 0.08606
79 185 0.04802
79 186 -0.06368
79 187 0.10682
79 188 0.07487
79 189 0.06328
79 190 -0.02243
79 191 0.02002
79 192 0.01847
79 193 -0.00011
79 194 -0.0033
79 195 0.072
79 196 0.02042
79 197 -0.00314
79 198 -0.09438
79 199 0.01145
79 200 0.11213
79 201 0.10448
79 202 -0.06892
79 203 0.05257
79 204 0.07926
79 205 -0.05699
79 206 0.07871
79 207 0.06147
79 208 0.02594
79 209 -0.05001
79 210 -0.04965
79 211 -0.03675
79 212 0.0329
79 213 -0.05698
79 214 -0.06734
79 215 0.01008
79 216 -0.03631
79 217 -0.01257
79 218 0.06692
79 219 -0.00563
79 220 -0.07875
79 221 0.02799
79 222 -0.02601
79 223 0.04802
79 224 -0.0677
79 225 -0.02348
79 226 0.03085
79 227 -0.01857
79 228 -0.00058
79 229 0.11173
79 230 -0.01288
79 231 -0.00678
79 232 0.0755
79 233 0.01274
79 234 -0.05956
79 235 0.08103
79 236 0.00392
79 237 0.03983
79 238 0.12861
79 239 -0.04531
79 240 -0.03577
79 241 0.04565
79 242 0.0583
79 243 -0.00973
79 244 0.09039
79 245 0.03302
79 246 -0.03424
79 247 -0.08314
79 248 0.04089
79 249 -0.00908
79 250 0.03791
79 251 0.08481
79 252 0.01008
79 253 0.05752
79 254 0.00024
79 255 0.04382
79 256 -0.02842
79 257 0.04089
79 258 0.06986
79 259 0.12716
79 260 -0.07247
79 261 -0.00705
79 262 0.02968
79 263 0.09027
79 264 -0.00913
79 265 0.09198
79 266 0.07463
79 267 -0.11132
79 268 -0.11601
79 269 0.09216
79 270 -0.00913
79 271 -0.00724
79 272 -0.03348
79 273 -0.00174
79 274 0.05651
79 275 -0.06252
79 276 0.0232
79 277 -0.01169
79 278 0.0193
79 279 -0.05941
79 280 0.05294
79 281 -0.00308
79 282 -0.0686
79 283 0.02049
79 284 -0.0858
79 285 0.08018
79 286 0.0014
79 287 0.02563
79 288 -0.034
79 289 0.07755
79 290 0.0717
79 291 0.01267
79 292 -0.08294
79 293 -0.01939
79 294 -0.00319
79 295 -0.02674
79 296 0.01219
79 297 0.08116
79 298 0.07432
79 299 0.00698
80 81 -0.03932
80 82 -0.02419
80 83 0.0831
80 84 -0.07729
80 85 0.09555
80 86 -0.08519
80 87 0.02065
80 88 -0.08823
80 89 -0.04301
80 90 0.06608
80 91 -0.0467
80 92 0.08629
80 93 0.00675
80 94 -0.07557
80 95 -0.06823
80 96 0.04222
80 97 -0.05557
80 98 0.01906
80 99 0.00516
80 100 -0.00657
80 101 0.06801
80 102 0.0463
80 103 0.0479
80 104 0.00325
80 105 -0.03248
80 106 0.03296
80 107 -0.0139
80 108 -0.0015
80 109 -0.12461
80 110 0.14132
80 111 0.00213
80 112 0.07962
80 113 -0.0043
80 114 0.12854
80 115 -0.00143
80 116 0.00488
80 117 -0.05974
80 118 0.12728
80 119 0.02077
80 120 0.05196
80 121 0.00175
80 122 0.03983
80 123 -0.07195
80 124 -0.00741
80 125 0.03424
80 126 -0.0314
80 127 0.02737
80 128 0.0256
80 129 0.11983
80 130 -0.02935
80 131 0.01891
80 132 -0.0404
80 133 0.03721
80 134 0.00332
80 135 -0.00726
80 136 0.09256
80 137 0.02455
80 138 -0.00134
80 139 -0.04749
80 140 -0.04747
80 141 -0.00973
80 142 -0.05163
80 143 -0.05485
80 144 -0.01734
80 145 0.08766
80 146 -0.07827
80 147 -0.07572
80 148 -0.01703
80 149 0.05338
80 150 -0.18059
80 151 -0.0033
80 152 -0.0086
80 153 -0.01609
80 154 -0.04373
80 155 0.04401
80 156 -0.04967
80 157 -0.04998
80 158 0.02649
80 159 0.11371
80 160 -0.00312
80 161 -0.00165
80 162 0.01761
80 163 -0.07637
80 164 0.0647
80 165 -0.00109
80 166 0.03856
80 167 0.0464
80 168 0.04229
80 169 0.07213
80 170 0.10723
80 171 -0.02535
80 172 0.04158
80 173 0.05161
80 174 0.02733
80 175 0.0325
80 176 -0.06179
80 177 0.01888
80 178 -0.04116
80 179 -0.12414
80 180 -0.05407
80 181 0.01455
80 182 0.00635
80 183 0.0308
80 184 0.03718
80 185 0.09765
80 186 0.00595
80 187 0.02632
80 188 -0.00312
80 189 -0.00994
80 190 0.10077
80 191 0.10553
80 192 0.0467
80 193 -0.00447
80 194 -0.09556
80 195 0.00772
80 196 0.03988
80 197 -0.06685
80 198 0.04687
80 199 0.09989
80 200 -0.04048
80 201 0.04271
80 202 -0.09447
80 203 0.07519
80 204 0.07261
80 205 -0.10501
80 206 -0.06365
80 207 0.08992
80 208 -0.0456
80 209 -0.02235
80 210 0.03363
80 211 0.00676
80 212 -0.03704
80 213 -0.02556
80 214 -0.00471
80 215 0.04105
80 216 -0.07973
80 217 -0.0156
80 218 -0.04427
80 219 -0.02743
80 220 -0.03174
80 221 0.03329
80 222 -0.02373
80 223 -0.06577
80 224 0.00506
80 225 0.0558
80 226 -0.03187
80 227 0.04058
80 228 -0.03609
80 229 0.02682
80 230 -0.01527
80 231 -0.06806
80 232 0.08008
80 233 -0.04516
80 234 -0.04495
80 235 0.07211
80 236 -0.0644
80 237 0.03117
80 238 0.07852
80 239 -0.10239
80 240 0.0825
80 241 0.06936
80 242 -0.01805
80 243 0.02299
80 244 -0.11057
80 245 -0.00201
80 246 -0.0196
80 247 -0.02905
80 248 0.0063
80 249 -0.07404
80 250 -0.06562
80 251 -0.00209
80 252 0.04649
80 253 -0.05097
80 254 0.00314
80 255 -0.09049
80 256 -0.04596
80 257 -0.02205
80 258 -0.10197
80 259 0.01476
80 260 -0.00865
80 261 -0.05472
80 262 0.02812
80 263 0.05941
80 264 0.0027
80 265 0.03259
80 266 -0.04448
80 267 -0.03716
80 268 -0.0505
80 269 0.06029
80 270 -0.0122
80 271 0.10816
80 272 0.03117
80 273 -0.07606
80 274 0.04448
80 275 0.07869
80 276 -0.08501
80 277 -0.0704
80 278 -0.0137
80 279 0.04509
80 280 0.00568
80 281 0.00836
80 282 -0.01003
80 283 -0.03791
80 284 0.04929
80 285 -0.02161
80 286 0.03378
80 287 0.018
80 288 -0.03641
80 289 0.00046
80 290 -0.08381
80 291 0.10978
80 292 0.08603
80 293 0.01107
80 294 0.01274
80 295 -0.0237
80 296 -0.10279
80 297 0.0554
80 298 0.10402
80 299 0.03436
81 82 0.08285
81 83 0.00746
81 84 -0.05406
81 85 -0.04029
81 86 -0.00715
81 87 0.04005
81 88 -0.01949
81 89 -0.02651
81 90 -0.1115
81 91 0.00321
81 92 0.02842
81 93 0.01442
81 94 0.05461
81 95 0.00758
81 96 -0.08188
81 97 -0.06693
81 98 0.12815
81 99 -0.03271
81 100 0.00868
81 101 -0.04272
81 102 -0.03864
81 103 0.11346
81 104 -0.06219
81 105 -0.11174
81 106 0.09726
81 107 -0.09454
81 108 0.01822
81 109 0.00351
81 110 -0.00532
81 111 0.03654
81 112 -0.07023
81 113 -0.01613
81 114 -0.04988
81 115 0.05558
81 116 -0.00278
81 117 -0.09441
81 118 0.06415
81 119 -0.01317
81 120 0.07081
81 121 -0.01693
81 122 -0.02234
81 123 0.01978
81 124 -0.07461
81 125 0.00981
81 126 -0.08506
81 127 -0.04503
81 128 0.02524
81 129 0.01317
81 130 -0.02122
81 131 -0.0251
81 132 0.00688
81 133 -0.04135
81 134 -0.07105
81 135 0.05952
81 136 0.03344
81 137 -0.02757
81 138 -0.01046
81 139 0.04251
81 140 -0.0195
81 141 -0.01515
81 142 0.03398
81 143 -0.06863
81 144 0.02084
81 145 -0.04787
81 146 -0.02811
81 147 0.00483
81 148 0.14784
81 149 -0.08495
81 150 -0.10536
81 151 -0.00317
81 152 0.03788
81 153 -0.05761
81 154 -0.00055
81 155 -0.03254
81 156 0.07962
81 157 -0.00645
81 158 0.13939
81 159 -0.03479
81 160 -0.01264
81 161 0.01705
81 162 -0.02857
81 163 0.05948
81 164 -0.00017
81 165 0.03944
81 166 0.0099
81 167 0.05508
81 168 0.01731
81 169 0.01282
81 170 0.06838
81 171 -0.00882
81 172 0.02117
81 173 -0.04882
81 174 0.03514
81 175 -0.05475
81 176 -0.04313
81 177 0.03277
81 178 -0.09397
81 179 0.01362
81 180 0.05422
81 181 0.09998
81 182 0.02652
81 183 0.02913
81 184 -0.00234
81 185 0.04755
81 186 -0.04329
81 187 0.00108
81 188 -0.03845
81 189 0.0654
81 190 0.03543
81 191 0.14855
81 192 -0.00267
81 193 -0.05889
81 194 -0.01012
81 195 0.01318
81 196 0.03763
81 197 -0.13424
81 198 -0.13917
81 199 0.00546
81 200 -0.02892
81 201 -0.02634
81 202 0.04452
81 203 0.05639
81 204 0.08057
81 205 -0.03182
81 206 0.01057
81 207 0.03999
81 208 0.01821
81 209 0.06439
81 210 -0.00066
81 211 -0.06277
81 212 -0.00286
81 213 -0.01537
81 214 0.01598
81 215 -0.04703
81 216 0.07257
81 217 -0.07156
81 218 0.02275
81 219 -0.03369
81 220 -0.039
81 221 -0.07654
81 222 -0.00105
81 223 -0.00376
81 224 -0.09509
81 225 0.09539
81 226 0.00033
81 227 0.02665
81 228 0.08185
81 229 0.05851
81 230 -0.04148
81 231 -0.12821
81 232 -0.01625
81 233 -0.01372
81 234 -0.00805
81 235 0.02619
81 236 -0.00118
81 237 0.02535
81 238 0.02423
81 239 -0.00448
81 240 -0.08844
81 241 -0.09073
81 242 0.02851
81 243 0.14481
81 244 -0.00532
81 245 0.05132
81 246 -0.13508
81 247 0.02695
81 248 0.01286
81 249 0.00059
81 250 0.03822
81 251 0.06189
81 252 0.05946
81 253 -0.02005
81 254 0.06414
81 255 -0.00222
81 256 -0.03544
81 257 -0.02702
81 258 -0.05404
81 259 0.00295
81 260 -0.06524
81 261 0.11765
81 262 -0.02802
81 263 0.0162
81 264 -0.0573
81 265 -0.0671
81 266 -0.00644
81 267 0.06615
81 268 -0.00649
81 269 0.06282
81 270 -0.00351
81 271 0.07706
81 272 -0.00355
81 273 0.05832
81 274 0.04308
81 275 -0.00203
81 276 0.08101
81 277 -0.07719
81 278 -0.10358
81 279 -0.06648
81 280 -0.0899
81 281 -0.08241
81 282 -0.01246
81 283 -0.02583
81 284 0.01103
81 285 0.06472
81 286 0.08831
81 287 0.00887
81 288 0.02347
81 289 0.00865
81 290 0.02802
81 291 -0.03852
81 292 -0.00951
81 293 0.08663
81 294 0.08716
81 295 0.00013
81 296 0.00921
81 297 0.01763
81 298 0.03588
81 299 0.00222
82 83 0.01666
82 84 0.06617
82 85 -0.00301
82 86 0.06211
82 87 -0.0483
82 88 0.0223
82 89 0.01188
82 90 -0.03513
82 91 -0.06235
82 92 0.02804
82 93 0.05802
82 94 -0.0283
82 95 -0.01872
82 96 0.06559
82 97 0.01181
82 98 -0.02663
82 99 -0.05058
82 100 -0.07039
82 101 0.09425
82 102 0.00299
82 103 -0.05651
82 104 0.01961
82 105 0.04256
82 106 0.06646
82 107 0.14776
82 108 -0.00995
82 109 0.04068
82 110 -0.01342
82 111 0.04213
82 112 -0.01264
82 113 -0.11487
82 114 0.02576
82 115 -0.04805
82 116 0.00482
82 117 -0.05547
82 118 0.05174
82 119 -0.00254
82 120 -0.01281
82 121 0.0398
82 122 0.13085
82 123 0.00616
82 124 -0.05501
82 125 0.01877
82 126 -0.07521
82 127 0.00582
82 128 0.03175
82 129 -0.11123
82 130 -0.11959
82 131 0.03871
82 132 0.04253
82 133 0.06942
82 134 0.00217
82 135 0.00967
82 136 0.04197
82 137 -0.00357
82 138 -0.00798
82 139 -0.04226
82 140 -0.02477
82 141 0.11251
82 142 0.05289
82 143 0.01627
82 144 0.03435
82 145 0.10339
82 146 -0.03459
82 147 -0.04902
82 148 -0.0355
82 149 -0.01265
82 150 -0.02183
82 151 0.00339
82 152 -0.00145
82 153 -0.07307
82 154 0.06587
82 155 0.00746
82 156 0.00955
82 157 -0.04181
82 158 -0.04165
82 159 -0.00691
82 160 0.08511
82 161 0.05011
82 162 -0.02898
82 163 0.08851
82 164 0.04384
82 165 0.14023
82 166 0.08149
82 167 -0.01146
82 168 -0.00383
82 169 0.16913
82 170 0.07748
82 171 0.08632
82 172 0.00931
82 173 -0.03476
82 174 0.02142
82 175 0.06733
82 176 -0.09816
82 177 -0.02955
82 178 0.01833
82 179 -0.00169
82 180 0.01532
82 181 0.04964
82 182 0.00878
82 183 -0.00534
82 184 -0.05878
82 185 0.12344
82 186 0.01055
82 187 0.03593
82 188 -0.01407
82 189 -0.0941
82 190 0.0017
82 191 -0.05967
82 192 0.04829
82 193 0.04085
82 194 0.15413
82 195 0.03409
82 196 -0.03985
82 197 0.0395
82 198 0.09471
82 199 -0.03646
82 200 0.00921
82 201 0.09634
82 202 -0.02966
82 203 0.03298
82 204 -0.04661
82 205 -0.0061
82 206 -0.10348
82 207 0.02645
82 208 0.02577
82 209 0.01538
82 210 -0.01714
82 211 -0.04343
82 212 0.02721
82 213 0.03771
82 214 -0.00215
82 215 0.01489
82 216 -0.05711
82 217 -0.0418
82 218 0.07445
82 219 -0.04584
82 220 0.06154
82 221 0.02129
82 222 0.0054
82 223 -0.00936
82 224 0.01217
82 225 0.0081
82 226 -0.04898
82 227 -0.04088
82 228 0.0149
82 229 0.07124
82 230 -0.01309
82 231 -0.09392
82 232 0.07324
82 233 -0.05275
82 234 0.01605
82 235 -0.04748
82 236 0.00618
82 237 0.09909
82 238 -0.0748
82 239 -0.02661
82 240 -0.02471
82 241 -0.0695
82 242 -0.05755
82 243 0.03428
82 244 -0.00939
82 245 -0.02417
82 246 0.02821
82 247 0.04686
82 248 -0.04346
82 249 0.04788
82 250 -0.00674
82 251 -0.02411
82 252 0.02511
82 253 0.0567
82 254 -0.0902
82 255 0.04862
82 256 -0.04193
82 257 -0.06289
82 258 0.04993
82 259 0.04584
82 260 0.01664
82 261 0.0436
82 262 0.07375
82 263 -0.0246
82 264 -0.20534
82 265 -0.06769
82 266 0.10417
82 267 -0.06084
82 268 -0.05809
82 269 0.00494
82 270 0.14649
82 271 0.06241
82 272 -0.03795
82 273 0.0061
82 274 -0.00696
82 275 0.15822
82 276 -0.00126
82 277 0.00241
82 278 0.01324
82 279 -0.08475
82 280 -0.01085
82 281 -0.00238
82 282 0.02159
82 283 0.00648
82 284 -0.03648
82 285 0.02459
82 286 0.0372
82 287 0.09405
82 288 -0.02438
82 289 0.05403
82 290 0.04399
82 291 0.0189
82 292 0.0774
82 293 -0.01462
82 294 0.03939
82 295 0.07531
82 296 0.02141
82 297 -0.04597
82 298 -0.04228
82 299 0.03329
83 84 -0.04618
83 85 -0.02347
83 86 0.09929
83 87 0.04578
83 88 -0.03477
83 89 0.02335
83 90 -0.00199
83 91 -0.06158
83 92 -0.08404
83 93 -0.00737
83 94 0.01473
83 95 -0.00074
83 96 -0.0346
83 97 -0.00563
83 98 0.06042
83 99 0.07273
83 100 -0.0282
83 101 -0.02324
83 102 0.01746
83 103 0.06939
83 104 0.04947
83 105 -0.01026
83 106 0.08269
83 107 -0.01682
83 108 -0.07172
83 109 0.03813
83 110 0.09159
83 111 0.05967
83 112 0.00752
83 113 -0.0481
83 114 -0.02283
83 115 -0.03621
83 116 -0.03267
83 117 0.09297
83 118 0.05006
83 119 -0.05259
83 120 -0.06509
83 121 -0.06198
83 122 -0.01243
83 123 0.03937
83 124 0.0221
83 125 -0.00544
83 126 0.09446
83 127 -0.0321
83 128 0.07818
83 129 -0.01602
83 130 0.01081
83 131 -0.0807
83 132 -0.076
83 133 0.01349
83 134 -0.00894
83 135 -0.02199
83 136 0.0298
83 137 0.02718
83 138 0.00645
83 139 0.12189
83 140 -0.02227
83 141 -0.01314
83 142 -0.02628
83 143 0.04281
83 144 -0.056
83 145 0.12758
83 146 0.07151
83 147 0.04395
83 148 0.08186
83 149 -0.02964
83 150 -0.04259
83 151 -0.0268
83 152 -0.01535
83 153 -0.00992
83 154 0.02821
83 155 0.00563
83 156 0.0382
83 157 -0.10115
83 158 -0.04575
83 159 -0.04488
83 160 -0.02555
83 161 0.07031
83 162 0.04999
83 163 -0.02009
83 164 -0.02005
83 165 0.01789
83 166 -0.06522
83 167 -0.13577
83 168 -0.03952
83 169 -0.00688
83 170 0.00288
83 171 -0.12395
83 172 -0.05173
83 173 -0.08563
83 174 0.02988
83 175 0.02348
83 176 0.05263
83 177 -0.05326
83 178 0.10278
83 179 -0.03951
83 180 -0.01457
83 181 0.06405
83 182 -0.02856
83 183 -0.0109
83 184 -0.10771
83 185 -0.04156
83 186 -0.07661
83 187 -0.03273
83 188 -0.03704
83 189 0.06343
83 190 -0.00462
83 191 0.01103
83 192 0.07989
83 193 -0.01616
83 194 0.05968
83 195 0.00593
83 196 0.02942
83 197 0.05146
83 198 -0.03442
83 199 0.15493
83 200 0.01907
83 201 0.09717
83 202 0.04826
83 203 0.02714
83 204 -0.12005
83 205 0.04213
83 206 -0.0151
83 207 -0.00404
83 208 0.01228
83 209 0.01166
83 210 0.06096
83 211 0.03988
83 212 0.08259
83 213 0.06729
83 214 -0.06368
83 215 -0.08236
83 216 0.00481
83 217 -0.04052
83 218 0.01891
83 219 0.03654
83 220 -0.09892
83 221 0.03104
83 222 0.08333
83 223 0.06761
83 224 0.05513
83 225 -0.08472
83 226 0.07448
83 227 0.00275
83 228 0.02128
83 229 -0.02953
83 230 -0.11661
83 231 0.04629
83 232 0.09882
83 233 -0.05609
83 234 -0.00935
83 235 0.05027
83 236 0.00361
83 237 -0.04532
83 238 -0.0594
83 239 -0.05308
83 240 -0.00431
83 241 0.01476
83 242 -0.04038
83 243 0.02691
83 244 0.01186
83 245 -0.00078
83 246 0.10471
83 247 -0.05895
83 248 -0.00271
83 249 0.02866
83 250 0.00741
83 251 0.03901
83 252 -0.09177
83 253 0.06372
83 254 0.03734
83 255 0.00755
83 256 -0.00628
83 257 -0.01127
83 258 0.01689
83 259 -0.0588
83 260 0.0082
83 261 0.0151
83 262 0.08205
83 263 -0.01957
83 264 0.00382
83 265 -0.0018
83 266 -0.00568
83 267 -0.04926
83 268 -0.04489
83 269 -0.04171
83 270 0.01824
83 271 -0.02786
83 272 -0.01733
83 273 -0.02181
83 274 0.01465
83 275 0.05952
83 276 0.05588
83 277 -0.04137
83 278 -0.02072
83 279 -0.01778
83 280 0.06027
83 281 -0.07388
83 282 0.05385
83 283 0.08845
83 284 -0.02957
83 285 0.01336
83 286 0.0231
83 287 -0.10494
83 288 0.00934
83 289 0.15248
83 290 -0.00954
83 291 -0.02989
83 292 -0.00027
83 293 -0.14955
83 294 -0.07402
83 295 0.04267
83 296 0.07415
83 297 -0.05224
83 298 -0.06027
83 299 0.02827
84 85 0.01531
84 86 -0.07
84 87 0.02205
84 88 0.02979
84 89 -0.01035
84 90 -0.06844
84 91 0.02
84 92 0.10983
84 93 0.11185
84 94 0.10425
84 95 0.02324
84 96 0.00742
84 97 -0.05468
84 98 0.04101
84 99 0.05415
84 100 0.04773
84 101 -0.01846
84 102 -0.0373
84 103 0.11594
84 104 0.05682
84 105 -0.02597
84 106 0.00453
84 107 0.04899
84 108 0.08481
84 109 -0.00312
84 110 -0.02604
84 111 -0.06728
84 112 0.05852
84 113 0.08769
84 114 -0.054
84 115 -0.04025
84 116 -0.07897
84 117 0.00144
84 118 0.1321
84 119 0.05074
84 120 -0.00352
84 121 -0.07409
84 122 -0.09869
84 123 -0.00883
84 124 -0.05394
84 125 0.01381
84 126 0.00311
84 127 -0.0448
84 128 0.05642
84 129 0.01079
84 130 -0.04278
84 131 0.14659
84 132 0.00431
84 133 -0.12104
84 134 -0.00411
84 135 -0.02018
84 136 0.02827
84 137 0.03972
84 138 -0.04907
84 139 -0.01019
84 140 -0.06827
84 141 -0.01655
84 142 -0.01141
84 143 -0.11634
84 144 0.01537
84 145 0.11357
84 146 0.0753
84 147 -0.03683
84 148 0.04872
84 149 0.13063
84 150 0.04335
84 151 -0.07831
84 152 0.05357
84 153 -0.045
84 154 -0.10409
84 155 -0.14439
84 156 0.07202
84 157 -0.00473
84 158 -0.18596
84 159 -0.0366
84 160 0.12666
84 161 0.00236
84 162 -0.01712
84 163 0.00836
84 164 -0.01102
84 165 -0.04666
84 166 0.15877
84 167 -0.02687
84 168 -0.0648
84 169 -0.05049
84 170 0.04699
84 171 0.0367
84 172 0.09695
84 173 0.08845
84 174 0.01726
84 175 -0.06078
84 176 0.06922
84 177 -0.05723
84 178 0.11391
84 179 -0.08562
84 180 0.04962
84 181 -0.01919
84 182 -0.01058
84 183 -0.12902
84 184 0.06127
84 185 0.04301
84 186 0.08307
84 187 -0.03022
84 188 0.03229
84 189 0.03776
84 190 0.0165
84 191 -0.05274
84 192 0.17221
84 193 0.00849
84 194 -0.05865
84 195 -0.05526
84 196 0.0141
84 197 -0.00957
84 198 -0.04428
84 199 0.00974
84 200 -0.03769
84 201 -0.04528
84 202 -0.0118
84 203 0.01592
84 204 -0.0639
84 205 -0.03209
84 206 0.04889
84 207 0.00897
84 208 -0.09405
84 209 -0.03281
84 210 0.05764
84 211 0.02323
84 212 0.06997
84 213 -0.01502
84 214 0.06248
84 215 -0.00984
84 216 0.04472
84 217 -0.0001
84 218 0.07333
84 219 0.06326
84 220 -0.08879
84 221 0.02526
84 222 -0.01337
84 223 0.0671
84 224 -0.00652
84 225 0.01018
84 226 0.10059
84 227 0.06186
84 228 0.05374
84 229 -0.03417
84 230 -0.03219
84 231 0.10189
84 232 -0.02581
84 233 0.09497
84 234 -0.09479
84 235 -0.02353
84 236 -0.10338
84 237 0.06648
84 238 0.00965
84 239 0.01705
84 240 0.04173
84 241 0.02328
84 242 0.02988
84 243 -0.04765
84 244 0.00281
84 245 0.05123
84 246 -0.07213
84 247 0.04626
84 248 -0.08911
84 249 0.03562
84 250 -0.01137
84 251 0.02406
84 252 -0.03537
84 253 0.01097
84 254 0.11553
84 255 0.16895
84 256 -0.04095
84 257 -0.02671
84 258 0.08134
84 259 0.05886
84 260 -0.02038
84 261 -0.0895
84 262 0.0765
84 263 0.05852
84 264 0.01822
84 265 0.03067
84 266 0.02362
84 267 0.05576
84 268 -0.20237
84 269 0.0493
84 270 0.02756
84 271 0.09365
84 272 0.08881
84 273 -0.03527
84 274 -0.00154
84 275 -0.00075
84 276 -0.01395
84 277 -0.09834
84 278 -0.02066
84 279 0.07975
84 280 0.08187
84 281 0.00101
84 282 0.05594
84 283 0.01601
84 284 0.02004
84 285 -0.05297
84 286 -0.0005
84 287 -0.04899
84 288 -0.0438
84 289 0.01261
84 290 0.0148
84 291 0.0942
84 292 -0.07718
84 293 0.10503
84 294 0.01168
84 295 -0.05579
84 296 -0.09664
84 297 0.11131
84 298 -0.02004
84 299 -0.09473
85 86 0.0679
85 87 0.00531
85 88 0.06915
85 89 0.0687
85 90 0.06211
85 91 -0.03069
85 92 0.03929
85 93 -0.00851
85 94 0.05734
85 95 0.0824
85 96 -0.07898
85 97 0.00768
85 98 -0.0054
85 99 -0.05172
85 100 0.02887
85 101 0.08154
85 102 -0.07373
85 103 0.02493
85 104 -0.00126
85 105 -0.03097
85 106 0.03351
85 107 0.04886
85 108 -0.01235
85 109 -0.0933
85 110 0.02522
85 111 0.06356
85 112 0.03843
85 113 0.01146
85 114 -0.00477
85 115 -0.0488
85 116 -0.05957
85 117 -0.00311
85 118 0.12548
85 119 0.00231
85 120 0.04245
85 121 -0.00225
85 122 0.04003
85 123 -0.00147
85 124 0.05325
85 125 0.09538
85 126 -0.0223
85 127 0.03187
85 128 -0.0372
85 129 -0.02318
85 130 -0.09523
85 131 0.02202
85 132 -0.00508
85 133 -0.02651
85 134 0.09699
85 135 0.05521
85 136 -0.10939
85 137 -0.04435
85 138 -0.03506
85 139 0.0136
85 140 -0.04472
85 141 0.07448
85 142 -0.04721
85 143 0.07723
85 144 -0.02327
85 145 0.00608
85 146 -0.01069
85 147 0.08327
85 148 -0.0268
85 149 0.03378
85 150 0.06632
85 151 -0.0407
85 152 0.04343
85 153 0.05198
85 154 0.10451
85 155 0.00429
85 156 -0.052
85 157 -0.01874
85 158 0.00106
85 159 -0.05351
85 160 -0.06229
85 161 0.02189
85 162 0.0017
85 163 -0.05002
85 164 -0.02387
85 165 -0.0015
85 166 -0.06682
85 167 -0.03201
85 168 0.01673
85 169 -0.05956
85 170 -0.03103
85 171 -0.03176
85 172 0.07329
85 173 0.05981
85 174 0.08278
85 175 -0.12719
85 176 -0.13337
85 177 -0.02632
85 178 -0.01723
85 179 -0.01488
85 180 -0.00852
85 181 -0.01866
85 182 -0.08062
85 183 0.03616
85 184 -0.03352
85 185 0.0878
85 186 0.00754
85 187 0.10602
85 188 0.01628
85 189 0.07681
85 190 0.05302
85 191 0.02758
85 192 0.02017
85 193 -0.01982
85 194 -0.01486
85 195 -0.03188
85 196 -0.08131
85 197 0.02294
85 198 -0.02039
85 199 -0.0228
85 200 -0.08344
85 201 0.00693
85 202 -0.17496
85 203 0.01716
85 204 0.0251
85 205 0.05343
85 206 -0.09716
85 207 -0.04699
85 208 0.04363
85 209 -0.12595
85 210 -0.04748
85 211 0.00931
85 212 -0.02771
85 213 0.03401
85 214 -0.05336
85 215 -0.03191
85 216 0.07985
85 217 0.0223
85 218 0.03614
85 219 0.03787
85 220 0.05252
85 221 -0.01134
85 222 0.11961
85 223 -0.05023
85 224 -0.04255
85 225 0.04007
85 226 -0.03997
85 227 0.03936
85 228 -0.01063
85 229 -0.10714
85 230 0.00076
85 231 -0.04226
85 232 0.05697
85 233 0.00809
85 234 -0.00924
85 235 0.00152
85 236 0.0063
85 237 -0.04384
85 238 0.01466
85 239 -0.06424
85 240 -0.00696
85 241 0.01487
85 242 0.01059
85 243 -0.11956
85 244 0.08774
85 245 0.02908
85 246 0.06932
85 247 0.07343
85 248 0.0357
85 249 0.06316
85 250 -0.03823
85 251 0.05997
85 252 0.06074
85 253 0.13439
85 254 0.01554
85 255 -0.03283
85 256 -0.05247
85 257 -0.01162
85 258 0.00976
85 259 -0.0795
85 260 -0.02342
85 261 -0.00156
85 262 0.05234
85 263 0.0471
85 264 -0.02271
85 265 0.0624
85 266 0.02879
85 267 0.11546
85 268 -0.06656
85 269 -0.05527
85 270 -0.14785
85 271 0.08179
85 272 0.0412
85 273 -0.04433
85 274 0.08699
85 275 -0.00516
85 276 -0.04586
85 277 0.06455
85 278 0.01524
85 279 0.05541
85 280 -0.0257
85 281 0.02512
85 282 -0.00005
85 283 0.09488
85 284 -0.12496
85 285 -0.01051
85 286 0.03134
85 287 0.04594
85 288 -0.0317
85 289 0.00293
85 290 0.04476
85 291 -0.05609
85 292 -0.0261
85 293 -0.00789
85 294 -0.05349
85 295 0.09156
85 296 -0.01702
85 297 -0.09913
85 298 0.01319
85 299 0.09855
86 87 -0.00007
86 88 -0.01923
86 89 -0.03126
86 90 0.05345
86 91 0.01832
86 92 -0.03279
86 93 -0.09202
86 94 -0.00868
86 95 0.15785
86 96 -0.04986
86 97 -0.01882
86 98 0.03791
86 99 0.0728
86 100 0.03107
86 101 0.00334
86 102 -0.03905
86 103 -0.13347
86 104 0.09186
86 105 0.00372
86 106 -0.01282
86 107 -0.04802
86 108 0.01706
86 109 0.02471
86 110 -0.09442
86 111 0.09244
86 112 -0.08848
86 113 -0.04376
86 114 0.0743
86 115 0.01068
86 116 -0.00953
86 117 -0.04674
86 118 0.02742
86 119 0.04229
86 120 -0.0732
86 121 -0.15921
86 122 0.05754
86 123 0.01112
86 124 0.03944
86 125 -0.03794
86 126 -0.04136
86 127 -0.1016
86 128 0.044
86 129 -0.12885
86 130 -0.07155
86 131 -0.10571
86 132 0.02728
86 133 -0.08362
86 134 0.02405
86 135 0.00047
86 136 -0.0146
86 137 0.01152
86 138 -0.02895
86 139 -0.04397
86 140 -0.00985
86 141 -0.02703
86 142 -0.02832
86 143 -0.02806
86 144 0.01043
86 145 0.02288
86 146 -0.05023
86 147 -0.02618
86 148 0.01637
86 149 0.02544
86 150 -0.07072
86 151 -0.00738
86 152 -0.04368
86 153 -0.04265
86 154 0.00971
86 155 0.01144
86 156 0.0462
86 157 0.02067
86 158 -0.0069
86 159 0.09639
86 160 -0.01309
86 161 -0.04005
86 162 -0.05584
86 163 0.00689
86 164 -0.01962
86 165 -0.02253
86 166 -0.0516
86 167 0.0093
86 168 0.07437
86 169 -0.05152
86 170 0.04621
86 171 0.08839
86 172 0.07076
86 173 0.01671
86 174 0.04352
86 175 0.02872
86 176 -0.02034
86 177 0.04305
86 178 -0.05232
86 179 -0.02708
86 180 -0.06142
86 181 0.03333
86 182 -0.03127
86 183 -0.04408
86 184 -0.08551
86 185 0.03446
86 186 0.04977
86 187 -0.04945
86 188 -0.00427
86 189 -0.0372
86 190 0.06544
86 191 0.03569
86 192 0.00895
86 193 -0.12934
86 194 -0.06017
86 195 0.10302
86 196 -0.07478
86 197 -0.05312
86 198 0.02408
86 199 0.12262
86 200 0.00538
86 201 -0.01176
86 202 0.03162
86 203 0.0147
86 204 -0.08907
86 205 -0.01532
86 206 -0.02736
86 207 0.068
86 208 -0.00929
86 209 -0.0378
86 210 -0.00651
86 211 -0.01199
86 212 -0.08504
86 213 -0.15213
86 214 0.02717
86 215 0.05428
86 216 -0.11994
86 217 -0.0308
86 218 0.02605
86 219 0.04131
86 220 -0.0074
86 221 0.05506
86 222 0.10948
86 223 -0.00111
86 224 -0.05319
86 225 -0.02772
86 226 0.06916
86 227 0.05443
86 228 0.04888
86 229 -0.01109
86 230 -0.00141
86 231 -0.0173
86 232 0.03681
86 233 -0.01702
86 234 -0.06765
86 235 -0.0126
86 236 0.03832
86 237 -0.03575
86 238 -0.07215
86 239 -0.0151
86 240 0.08273
86 241 0.00835
86 242 -0.03401
86 243 0.04639
86 244 -0.04418
86 245 -0.01662
86 246 -0.03276
86 247 0.03859
86 248 -0.00717
86 249 -0.08077
86 250 0.00653
86 251 0.02833
86 252 0.02806
86 253 -0.03156
86 254 -0.06379
86 255 -0.01766
86 256 -0.01256
86 257 -0.05497
86 258 0.0055
86 259 0.03713
86 260 -0.03995
86 261 0.04186
86 262 -0.08741
86 263 0.06585
86 264 0.01181
86 265 -0.04236
86 266 -0.09217
86 267 0.06751
86 268 -0.00592
86 269 0.00299
86 270 0.04389
86 271 0.06763
86 272 -0.1342
86 273 0.0758
86 274 -0.00056
86 275 -0.02322
86 276 0.01689
86 277 -0.04466
86 278 -0.09173
86 279 -0.10758
86 280 0.01218
86 281 -0.02421
86 282 0.02085
86 283 -0.00898
86 284 -0.00934
86 285 -0.02055
86 286 -0.05478
86 287 -0.04956
86 288 -0.06093
86 289 0.02345
86 290 0.04395
86 291 -0.00898
86 292 -0.0917
86 293 0.10304
86 294 0.09072
86 295 -0.02348
86 296 0.0339
86 297 -0.00411
86 298 0.0053
86 299 0.04092
87 88 0.00689
87 89 -0.06235
87 90 -0.08504
87 91 0.04288
87 92 0.06548
87 93 -0.11409
87 94 -0.07357
87 95 0.07713
87 96 0.09411
87 97 0.06081
87 98 -0.009
87 99 0.01817
87 100 -0.07796
87 101 0.05864
87 102 -0.08389
87 103 0.03606
87 104 0.02295
87 105 -0.03398
87 106 0.00234
87 107 0.02122
87 108 0.03053
87 109 -0.05512
87 110 0.09051
87 111 -0.08207
87 112 -0.06541
87 113 -0.02969
87 114 0.038
87 115 0.04695
87 116 -0.01751
87 117 -0.02389
87 118 -0.04488
87 119 -0.0005
87 120 -0.00218
87 121 -0.00299
87 122 0.05976
87 123 -0.08219
87 124 -0.00558
87 125 -0.06922
87 126 0.05395
87 127 0.00817
87 128 0.05469
87 129 -0.11784
87 130 0.04225
87 131 -0.01899
87 132 0.07358
87 133 0.06213
87 134 0.03141
87 135 0.07459
87 136 0.00453
87 137 -0.00953
87 138 -0.02461
87 139 -0.10686
87 140 0.01258
87 141 -0.03787
87 142 -0.08699
87 143 0.04245
87 144 -0.02217
87 145 0.07857
87 146 -0.04307
87 147 -0.00505
87 148 -0.03305
87 149 0.07817
87 150 -0.05562
87 151 0.0173
87 152 0.05108
87 153 0.06431
87 154 0.02675
87 155 0.0399
87 156 0.02556
87 157 -0.06426
87 158 -0.04807
87 159 -0.04656
87 160 0.0482
87 161 -0.05741
87 162 -0.08648
87 163 -0.02663
87 164 0.08451
87 165 0.0237
87 166 -0.01398
87 167 -0.03178
87 168 0.04755
87 169 0.05116
87 170 -0.03303
87 171 0.03712
87 172 0.04351
87 173 0.04968
87 174 0.0386
87 175 -0.17188
87 176 -0.0613
87 177 0.05454
87 178 0.02265
87 179 0.08339
87 180 -0.05889
87 181 -0.1006
87 182 0.01977
87 183 -0.02148
87 184 0.01063
87 185 0.13863
87 186 0.0232
87 187 0.04401
87 188 -0.07508
87 189 0.13875
87 190 -0.04314
87 191 -0.00218
87 192 -0.00623
87 193 0.12397
87 194 0.03585
87 195 -0.00911
87 196 -0.01493
87 197 -0.06224
87 198 0.02859
87 199 0.03491
87 200 0.05833
87 201 -0.00252
87 202 0.00676
87 203 0.07437
87 204 0.04779
87 205 -0.01114
87 206 0.0662
87 207 0.13893
87 208 0.00933
87 209 0.01408
87 210 0.06517
87 211 0.02695
87 212 0.00917
87 213 -0.0502
87 214 0.02427
87 215 -0.00056
87 216 0.01472
87 217 0.06554
87 218 -0.14916
87 219 -0.07326
87 220 -0.08588
87 221 0.08529
87 222 0.06914
87 223 0.0571
87 224 0.05901
87 225 -0.00166
87 226 0.08356
87 227 0.06212
87 228 -0.02758
87 229 0.03624
87 230 0.0129
87 231 0.02373
87 232 -0.01595
87 233 -0.05743
87 234 -0.00705
87 235 0.07173
87 236 -0.05671
87 237 0.021
87 238 0.0106
87 239 0.02862
87 240 -0.00372
87 241 -0.01712
87 242 0.00601
87 243 -0.00837
87 244 -0.08342
87 245 -0.05416
87 246 0.01971
87 247 -0.06938
87 248 -0.00233
87 249 0.00421
87 250 -0.03353
87 251 -0.04225
87 252 0.00885
87 253 -0.04831
87 254 0.14329
87 255 0.03962
87 256 0.07579
87 257 0.03727
87 258 -0.10952
87 259 -0.0596
87 260 -0.055
87 261 -0.02859
87 262 -0.035
87 263 0.0246
87 264 -0.12241
87 265 -0.03696
87 266 -0.03734
87 267 0.00544
87 268 -0.14171
87 269 -0.00304
87 270 0.06289
87 271 0.09691
87 272 -0.0329
87 273 -0.0726
87 274 0.0873
87 275 0.04032
87 276 0.11443
87 277 -0.06954
87 278 0.02436
87 279 -0.00184
87 280 0.02157
87 281 -0.05189
87 282 -0.0373
87 283 0.01514
87 284 -0.06357
87 285 0.06396
87 286 -0.04468
87 287 0.00815
87 288 -0.0046
87 289 0.02234
87 290 -0.11218
87 291 -0.00524
87 292 0.01353
87 293 -0.03638
87 294 -0.07529
87 295 0.05287
87 296 -0.06436
87 297 0.07738
87 298 -0.03088
87 299 0.09432
88 89 0.07982
88 90 0.00589
88 91 0.01422
88 92 -0.0543
88 93 -0.05291
88 94 -0.01562
88 95 -0.03458
88 96 0.00337
88 97 -0.07417
88 98 -0.02384
88 99 -0.05449
88 100 -0.04026
88 101 -0.00237
88 102 0.06583
88 103 -0.05235
88 104 -0.05366
88 105 -0.07459
88 106 -0.01571
88 107 0.00624
88 108 0.00881
88 109 0.03054
88 110 -0.07436
88 111 0.00905
88 112 -0.05148
88 113 -0.05868
88 114 -0.02459
88 115 -0.03989
88 116 -0.0092
88 117 0.08075
88 118 -0.04441
88 119 0.01316
88 120 0.07183
88 121 0.04867
88 122 0.02039
88 123 0.0225
88 124 -0.00839
88 125 0.06513
88 126 -0.10584
88 127 0.01454
88 128 0.06764
88 129 0.00212
88 130 -0.05152
88 131 0.08616
88 132 0.11308
88 133 -0.05211
88 134 -0.0745
88 135 0.03518
88 136 0.0539
88 137 -0.0251
88 138 0.00414
88 139 0.02058
88 140 -0.01347
88 141 0.0148
88 142 0.0091
88 143 -0.15379
88 144 0.02692
88 145 -0.02864
88 146 -0.03942
88 147 0.00507
88 148 0.01024
88 149 -0.02206
88 150 -0.05976
88 151 -0.0128
88 152 0.00122
88 153 -0.03978
88 154 0.00376
88 155 -0.03135
88 156 -0.01299
88 157 0.04424
88 158 -0.08175
88 159 -0.04331
88 160 0.01807
88 161 -0.09748
88 162 0.0217
88 163 -0.06834
88 164 0.13049
88 165 -0.02379
88 166 -0.01636
88 167 -0.05423
88 168 -0.00252
88 169 0.00696
88 170 0.00955
88 171 0.079
88 172 0.07
88 173 -0.04899
88 174 0.04967
88 175 0.05433
88 176 -0.01079
88 177 0.00407
88 178 0.03623
88 179 -0.06214
88 180 -0.01283
88 181 -0.01284
88 182 -0.10104
88 183 -0.04081
88 184 -0.1277
88 185 0.02252
88 186 -0.07936
88 187 0.07069
88 188 -0.00049
88 189 0.10778
88 190 -0.06989
88 191 -0.05867
88 192 0.1395
88 193 -0.07992
88 194 -0.01854
88 195 0.04873
88 196 0.00829
88 197 -0.12619
88 198 0.03505
88 199 -0.05784
88 200 -0.01907
88 201 0.02161
88 202 0.00237
88 203 -0.09659
88 204 -0.0033
88 205 0.01263
88 206 0.16081
88 207 0.03474
88 208 0.08452
88 209 -0.02929
88 210 -0.02199
88 211 -0.01685
88 212 -0.00025
88 213 -0.02437
88 214 0.06654
88 215 0.03643
88 216 0.01468
88 217 -0.04239
88 218 0.04743
88 219 -0.07055
88 220 0.05234
88 221 -0.05823
88 222 0.12417
88 223 -0.05229
88 224 0.00529
88 225 -0.05893
88 226 -0.04222
88 227 0.05268
88 228 -0.01017
88 229 0.06696
88 230 -0.0083
88 231 0.05988
88 232 -0.0547
88 233 -0.03694
88 234 0.07128
88 235 -0.04073
88 236 0.04411
88 237 0.0036
88 238 0.01677
88 239 -0.00347
88 240 -0.0627
88 241 -0.02467
88 242 -0.03333
88 243 0.06956
88 244 0.11414
88 245 -0.02641
88 246 -0.05742
88 247 0.04814
88 248 -0.05356
88 249 -0.01719
88 250 0.03634
88 251 -0.15194
88 252 -0.0077
88 253 -0.07031
88 254 -0.08057
88 255 0.12716
88 256 0.02775
88 257 0.02316
88 258 -0.00982
88 259 -0.05387
88 260 -0.00072
88 261 -0.06144
88 262 0.02973
88 263 0.08053
88 264 0.03435
88 265 -0.03154
88 266 0.01288
88 267 -0.0038
88 268 0.0371
88 269 -0.07501
88 270 0.10358
88 271 -0.05437
88 272 -0.02428
88 273 0.00439
88 274 -0.00263
88 275 0.03308
88 276 -0.01419
88 277 0.04985
88 278 -0.00039
88 279 0.00565
88 280 -0.13388
88 281 -0.00511
88 282 0.08046
88 283 -0.02212
88 284 -0.07197
88 285 -0.06773
88 286 -0.02562
88 287 -0.12628
88 288 0.00093
88 289 -0.05239
88 290 0.04489
88 291 0.06349
88 292 -0.03469
88 293 0.08278
88 294 0.03787
88 295 0.01412
88 296 -0.05043
88 297 0.0932
88 298 -0.05659
88 299 0.06179
89 90 -0.02532
89 91 0.02988
89 92 0.07011
89 93 0.00303
89 94 -0.07932
89 95 0.04676
89 96 -0.00052
89 97 -0.02004
89 98 -0.06507
89 99 0.05616
89 100 -0.05803
89 101 0.0551
89 102 -0.09521
89 103 0.00975
89 104 -0.09577
89 105 -0.04585
89 106 0.13555
89 107 0.05133
89 108 0.00259
89 109 0.03228
89 110 0.03874
89 111 0.0074
89 112 -0.0363
89 113 -0.01714
89 114 0.06882
89 115 -0.01895
89 116 0.01906
89 117 0.00051
89 118 0.00657
89 119 0.01328
89 120 -0.01435
89 121 0.02765
89 122 -0.06319
89 123 0.04025
89 124 0.04131
89 125 -0.0038
89 126 -0.00071
89 127 -0.00303
89 128 0.00631
89 129 0.12941
89 130 -0.02016
89 131 -0.01059
89 132 -0.07209
89 133 0.01428
89 134 0.01245
89 135 0.07999
89 136 0.07961
89 137 0.02883
89 138 0.06867
89 139 0.02469
89 140 -0.00723
89 141 -0.06502
89 142 -0.04697
89 143 -0.01944
89 144 0.04197
89 145 -0.02711
89 146 0.02265
89 147 -0.07199
89 148 -0.00545
89 149 0.07044
89 150 0.07397
89 151 -0.04175
89 152 0.02251
89 153 -0.01292
89 154 0.05939
89 155 0.09127
89 156 0.06161
89 157 -0.08597
89 158 -0.04779
89 159 -0.01851
89 160 -0.02297
89 161 0.09374
89 162 -0.08485
89 163 -0.00238
89 164 0.11264
89 165 0.11055
89 166 0.04852
89 167 0.04793
89 168 -0.06526
89 169 0.05561
89 170 -0.01579
89 171 -0.04203
89 172 0.10487
89 173 -0.09391
89 174 0.02688
89 175 -0.04996
89 176 -0.04827
89 177 0.03184
89 178 0.06631
89 179 -0.04858
89 180 -0.04669
89 181 0.01249
89 182 -0.06305
89 183 0.07114
89 184 -0.04096
89 185 -0.00056
89 186 -0.04233
89 187 -0.02319
89 188 -0.07074
89 189 -0.041
89 190 -0.02394
89 191 -0.05676
89 192 -0.03102
89 193 -0.05181
89 194 0.01991
89 195 0.05292
89 196 0.0438
89 197 0.00078
89 198 -0.10812
89 199 -0.01491
89 200 -0.11257
89 201 0.03466
89 202 0.10381
89 203 -0.0065
89 204 0.04585
89 205 0.05656
89 206 -0.0123
89 207 0.06992
89 208 -0.08044
89 209 0.04876
89 210 0.05198
89 211 -0.07193
89 212 0.04112
89 213 -0.05523
89 214 0.04214
89 215 0.05629
89 216 0.03298
89 217 -0.01487
89 218 0.01706
89 219 0.02133
89 220 -0.00687
89 221 -0.05852
89 222 0.10307
89 223 0.03615
89 224 0.00203
89 225 0.04973
89 226 0.00373
89 227 -0.06531
89 228 0.0225
89 229 -0.07565
89 230 -0.05095
89 231 0.015
89 232 0.01843
89 233 0.05848
89 234 0.04067
89 235 0.0153
89 236 -0.00618
89 237 -0.02387
89 238 -0.10792
89 239 0.03906
89 240 0.08433
89 241 0.04095
89 242 -0.01315
89 243 -0.03488
89 244 0.00456
89 245 -0.02129
89 246 0.04307
89 247 0.05792
89 248 -0.02057
89 249 -0.0954
89 250 -0.04037
89 251 0.00794
89 252 -0.01461
89 253 -0.07081
89 254 -0.09688
89 255 -0.01666
89 256 0.04046
89 257 0.10544
89 258 0.01376
89 259 -0.02873
89 260 0.04016
89 261 -0.10736
89 262 -0.07892
89 263 -0.01112
89 264 0.07491
89 265 -0.04743
89 266 0.0297
89 267 -0.01276
89 268 0.07441
89 269 0.08046
89 270 0.06433
89 271 -0.05755
89 272 -0.01399
89 273 -0.03604
89 274 0.02365
89 275 -0.04703
89 276 -0.12335
89 277 0.06833
89 278 0.03086
89 279 -0.01082
89 280 0.00159
89 281 0.00981
89 282 0.09848
89 283 -0.02022
89 284 0.08378
89 285 -0.04975
89 286 0.15618
89 287 0.01058
89 288 -0.04432
89 289 -0.04087
89 290 -0.04908
89 291 -0.01645
89 292 -0.09862
89 293 -0.02697
89 294 -0.01033
89 295 -0.01743
89 296 -0.03622
89 297 -0.01073
89 298 -0.06955
89 299 -0.10172
90 91 0.02089
90 92 -0.05586
90 93 0.0394
90 94 -0.07631
90 95 -0.0301
90 96 0.09673
90 97 0.01847
90 98 -0.02477
90 99 -0.03472
90 100 -0.00129
90 101 -0.00554
90 102 -0.03495
90 103 -0.05678
90 104 -0.02484
90 105 0.06296
90 106 0.08054
90 107 0.02964
90 108 0.01707
90 109 -0.04423
90 110 0.06038
90 111 -0.04551
90 112 0.03956
90 113 -0.02569
90 114 0.06239
90 115 0.05705
90 116 -0.07962
90 117 0.04694
90 118 0.03221
90 119 -0.06513
90 120 0.06161
90 121 -0.06765
90 122 0.01305
90 123 0.03244
90 124 -0.01172
90 125 -0.04282
90 126 -0.12525
90 127 0.08236
90 128 -0.06348
90 129 0.08963
90 130 0.08002
90 131 0.03748
90 132 0.08704
90 133 -0.06046
90 134 0.0198
90 135 0.0267
90 136 -0.02439
90 137 -0.12583
90 138 -0.09881
90 139 -0.10232
90 140 0.0271
90 141 -0.04178
90 142 0.02699
90 143 -0.02576
90 144 -0.05876
90 145 -0.0946
90 146 0.10591
90 147 -0.03672
90 148 -0.03413
90 149 0.03886
90 150 0.14785
90 151 0.00074
90 152 0.04469
90 153 -0.10798
90 154 -0.06719
90 155 0.02257
90 156 0.12006
90 157 0.06879
90 158 -0.00612
90 159 0.01864
90 160 -0.00337
90 161 -0.02823
90 162 -0.11481
90 163 -0.08748
90 164 0.07165
90 165 0.11234
90 166 0.03001
90 167 0.0826
90 168 0.0578
90 169 -0.0019
90 170 0.02524
90 171 0.0865
90 172 0.06184
90 173 0.01795
90 174 -0.04797
90 175 -0.04432
90 176 0.12825
90 177 -0.08999
90 178 0.12738
90 179 0.01182
90 180 0.03426
90 181 -0.00149
90 182 0.0102
90 183 0.0576
90 184 0.01495
90 185 0.04768
90 186 0.02833
90 187 -0.00846
90 188 0.01685
90 189 -0.03892
90 190 0.01196
90 191 -0.02733
90 192 -0.03768
90 193 -0.04738
90 194 -0.01676
90 195 0.0961
90 196 -0.04526
90 197 0.05149
90 198 -0.01076
90 199 0.05174
90 200 0.00702
90 201 0.05144
90 202 -0.09133
90 203 0.01209
90 204 -0.01321
90 205 -0.04949
90 206 0.01887
90 207 -0.12838
90 208 -0.05578
90 209 -0.00937
90 210 -0.03235
90 211 -0.00351
90 212 0.01305
90 213 -0.02611
90 214 -0.03475
90 215 0.027
90 216 0.05397
90 217 0.01622
90 218 -0.05838
90 219 -0.03334
90 220 -0.01471
90 221 0.14712
90 222 0.02897
90 223 -0.11657
90 224 0.06675
90 225 -0.01828
90 226 0.10743
90 227 0.02616
90 228 0.0328
90 229 0.04398
90 230 0.04957
90 231 -0.03004
90 232 0.01188
90 233 -0.04545
90 234 -0.07736
90 235 -0.01793
90 236 -0.04585
90 237 0.00637
90 238 0.08867
90 239 -0.01317
90 240 0.03859
90 241 -0.01264
90 242 -0.00756
90 243 0.02137
90 244 0.01623
90 245 0.02425
90 246 -0.00829
90 247 0.02601
90 248 -0.0182
90 249 -0.03184
90 250 -0.0872
90 251 -0.00509
90 252 -0.08284
90 253 0.02985
90 254 -0.0211
90 255 -0.03761
90 256 0.01961
90 257 -0.04213
90 258 0.03664
90 259 0.07198
90 260 -0.00174
90 261 -0.08919
90 262 -0.07522
90 263 0.00681
90 264 0.01885
90 265 0.08158
90 266 0.00235
90 267 0.01529
90 268 -0.03232
90 269 0.02267
90 270 0.05542
90 271 -0.05815
90 272 -0.04982
90 273 0.00577
90 274 -0.01759
90 275 -0.09334
90 276 0.00485
90 277 0.02846
90 278 0.08495
90 279 -0.0322
90 280 0.08041
90 281 0.07616
90 282 0.07238
90 283 0.01847
90 284 -0.04934
90 285 0.07787
90 286 -0.04539
90 287 0.09257
90 288 0.00644
90 289 0.11382
90 290 0.03039
90 291 -0.00034
90 292 -0.04095
90 293 0.05055
90 294 -0.01462
90 295 -0.02464
90 296 -0.05521
90 297 0.02612
90 298 -0.058
90 299 -0.09489
91 92 0.08068
91 93 -0.0897
91 94 -0.03127
91 95 0.07109
91 96 -0.12062
91 97 0.01564
91 98 -0.0712
91 99 -0.0492
91 100 0.05968
91 101 -0.02784
91 102 -0.08484
91 103 -0.02049
91 104 -0.01137
91 105 0.01725
91 106 0.08221
91 107 -0.04405
91 108 0.02329
91 109 -0.00266
91 110 -0.11908
91 111 -0.03626
91 112 0.02008
91 113 -0.14531
91 114 -0.07817
91 115 -0.12509
91 116 -0.06776
91 117 -0.05284
91 118 -0.00581
91 119 -0.12958
91 120 -0.01099
91 121 0.01659
91 122 -0.09246
91 123 -0.01741
91 124 0.02077
91 125 0.07054
91 126 -0.02783
91 127 -0.0192
91 128 -0.07964
91 129 -0.07836
91 130 -0.04795
91 131 -0.07323
91 132 0.01106
91 133 -0.01291
91 134 -0.04132
91 135 -0.06979
91 136 0.05222
91 137 0.0344
91 138 0.02561
91 139 -0.09952
91 140 -0.02142
91 141 -0.0777
91 142 -0.04504
91 143 0.05674
91 144 -0.10123
91 145 0.031
91 146 0.01093
91 147 -0.05485
91 148 -0.05742
91 149 -0.08476
91 150 -0.04901
91 151 0.11919
91 152 0.07351
91 153 -0.0066
91 154 -0.00443
91 155 0.02423
91 156 0.00096
91 157 0.14291
91 158 0.07052
91 159 -0.017
91 160 0.01746
91 161 -0.0194
91 162 -0.05078
91 163 -0.06757
91 164 0.06533
91 165 -0.02573
91 166 -0.03414
91 167 -0.08598
91 168 -0.03195
91 169 -0.075
91 170 0.09494
91 171 -0.06127
91 172 0.06052
91 173 0.00788
91 174 0.02215
91 175 -0.00471
91 176 -0.06813
91 177 -0.06785
91 178 -0.05486
91 179 -0.02032
91 180 0.08225
91 181 -0.01434
91 182 -0.01522
91 183 -0.00978
91 184 0.02546
91 185 -0.01769
91 186 0.06461
91 187 0.0326
91 188 -0.00731
91 189 0.07746
91 190 0.10056
91 191 0.09421
91 192 0.10143
91 193 0.01433
91 194 0.04354
91 195 0.03967
91 196 0.01421
91 197 -0.0093
91 198 -0.1086
91 199 -0.00834
91 200 0.00468
91 201 -0.06163
91 202 -0.05143
91 203 -0.0585
91 204 0.02254
91 205 0.05884
91 206 0.04061
91 207 0.04243
91 208 -0.02364
91 209 0.00115
91 210 0.08036
91 211 0.07478
91 212 0.06097
91 213 -0.03593
91 214 0.09259
91 215 0.0782
91 216 -0.05234
91 217 0.01193
91 218 -0.03003
91 219 -0.07719
91 220 -0.15633
91 221 0.0097
91 222 -0.02209
91 223 0.04726
91 224 -0.06638
91 225 0.05707
91 226 -0.04183
91 227 -0.06234
91 228 0.02757
91 229 -0.09083
91 230 0.01725
91 231 0.06623
91 232 0.03134
91 233 0.01932
91 234 0.00924
91 235 0.05259
91 236 0.09073
91 237 -0.00751
91 238 0.18211
91 239 0.04602
91 240 -0.03751
91 241 -0.07543
91 242 0.03154
91 243 -0.05005
91 244 0.04575
91 245 0.07598
91 246 0.00335
91 247 0.07075
91 248 0.0265
91 249 -0.02854
91 250 0.01113
91 251 -0.07415
91 252 0.01902
91 253 0.06666
91 254 -0.00267
91 255 0.00226
91 256 0.06195
91 257 -0.09181
91 258 0.02187
91 259 0.02628
91 260 -0.08415
91 261 0.14064
91 262 0.0823
91 263 -0.0535
91 264 -0.01724
91 265 0.00465
91 266 0.08891
91 267 0.07212
91 268 -0.05692
91 269 0.01645
91 270 -0.0165
91 271 0.00404
91 272 -0.08024
91 273 -0.00273
91 274 -0.08638
91 275 -0.04761
91 276 -0.00106
91 277 -0.08369
91 278 -0.01778
91 279 0.08839
91 280 -0.07278
91 281 -0.07262
91 282 0.06662
91 283 -0.04812
91 284 -0.01101
91 285 -0.0411
91 286 0.01619
91 287 0.0548
91 288 -0.07991
91 289 -0.01179
91 290 -0.07114
91 291 0.01436
91 292 0.01216
91 293 -0.06603
91 294 0.01509
91 295 0.08616
91 296 -0.05638
91 297 -0.02379
91 298 0.02325
91 299 0.05553
92 93 0.00888
92 94 -0.00108
92 95 0.00378
92 96 -0.06996
92 97 0.03693
92 98 0.01731
92 99 0.0212
92 100 -0.00146
92 101 -0.0634
92 102 -0.04116
92 103 -0.11265
92 104 0.03472
92 105 -0.14369
92 106 0.08855
92 107 0.04044
92 108 0.00405
92 109 0.05422
92 110 -0.01315
92 111 -0.03413
92 112 -0.0107
92 113 -0.0275
92 114 0.01607
92 115 0.01037
92 116 -0.07286
92 117 0.11275
92 118 -0.03077
92 119 -0.07185
92 120 -0.05127
92 121 0.02715
92 122 0.03344
92 123 0.02974
92 124 0.0452
92 125 -0.05416
92 126 -0.08462
92 127 0.10558
92 128 0.01496
92 129 -0.03929
92 130 0.01219
92 131 0.01925
92 132 -0.03073
92 133 0.08118
92 134 -0.04507
92 135 0.04077
92 136 -0.00202
92 137 -0.02458
92 138 -0.03605
92 139 0.0443
92 140 -0.09751
92 141 0.04645
92 142 -0.11234
92 143 0.04512
92 144 0.04458
92 145 -0.07887
92 146 -0.07884
92 147 -0.02708
92 148 0.04364
92 149 0.03038
92 150 -0.00638
92 151 0.00203
92 152 0.02357
92 153 -0.01046
92 154 0.01685
92 155 -0.0075
92 156 0.12871
92 157 0.01284
92 158 0.02768
92 159 -0.04576
92 160 -0.06918
92 161 0.02442
92 162 -0.04345
92 163 -0.06236
92 164 0.04314
92 165 0.07339
92 166 0.12261
92 167 -0.05905
92 168 0.05758
92 169 0.00587
92 170 -0.04171
92 171 -0.0732
92 172 -0.01337
92 173 -0.06545
92 174 -0.04015
92 175 -0.03492
92 176 0.10216
92 177 -0.03946
92 178 -0.03837
92 179 -0.00231
92 180 0.03441
92 181 -0.06998
92 182 0.08617
92 183 0.04771
92 184 -0.09079
92 185 0.10025
92 186 0.05501
92 187 0.02688
92 188 0.05361
92 189 -0.03738
92 190 0.11507
92 191 -0.03743
92 192 -0.02975
92 193 0.00248
92 194 0.02999
92 195 -0.01029
92 196 0.08332
92 197 -0.00629
92 198 0.00588
92 199 -0.07393
92 200 0.07106
92 201 0.05764
92 202 -0.02674
92 203 0.02534
92 204 -0.12387
92 205 -0.04951
92 206 -0.00718
92 207 0.06302
92 208 0.035
92 209 0.0789
92 210 0.0044
92 211 -0.11494
92 212 -0.11041
92 213 -0.03715
92 214 -0.01104
92 215 0.01016
92 216 -0.05226
92 217 -0.02415
92 218 0.02965
92 219 -0.06166
92 220 0.07593
92 221 0.04863
92 222 -0.00822
92 223 0.02134
92 224 -0.0352
92 225 0.01155
92 226 -0.05349
92 227 0.0183
92 228 0.14212
92 229 0.15817
92 230 0.1043
92 231 0.11514
92 232 0.01923
92 233 -0.06673
92 234 0.0074
92 235 0.03281
92 236 -0.08302
92 237 0.00223
92 238 -0.03012
92 239 0.0388
92 240 -0.03805
92 241 -0.04564
92 242 -0.09139
92 243 0.05709
92 244 -0.09444
92 245 0.02978
92 246 -0.19599
92 247 0.10999
92 248 -0.05931
92 249 0.02757
92 250 0.0177
92 251 0.03473
92 252 -0.07664
92 253 -0.09208
92 254 0.03007
92 255 0.09147
92 256 0.08701
92 257 -0.01919
92 258 0.04842
92 259 -0.03493
92 260 0.00434
92 261 -0.04407
92 262 0.01355
92 263 0.05025
92 264 -0.01679
92 265 0.00614
92 266 -0.08799
92 267 -0.00192
92 268 -0.05888
92 269 0.03976
92 270 -0.04022
92 271 0.01386
92 272 -0.0381
92 273 -0.00134
92 274 -0.03526
92 275 -0.03203
92 276 0.10699
92 277 -0.03447
92 278 0.11971
92 279 0.06427
92 280 -0.03471
92 281 0.08491
92 282 -0.02644
92 283 -0.01362
92 284 0.0073
92 285 0.02814
92 286 0.04585
92 287 0.00708
92 288 0.07522
92 289 0.00769
92 290 0.06491
92 291 0.00384
92 292 -0.0325
92 293 -0.02311
92 294 0.10602
92 295 -0.04536
92 296 -0.00012
92 297 0.10875
92 298 0.03588
92 299 -0.0577
93 94 -0.04537
93 95 -0.06941
93 96 -0.02729
93 97 -0.14815
93 98 -0.02148
93 99 0.04842
93 100 -0.07839
93 101 -0.0193
93 102 -0.02634
93 103 -0.06337
93 104 0.022
93 105 0.06153
93 106 -0.0046
93 107 -0.00971
93 108 -0.08754
93 109 0.08534
93 110 -0.00489
93 111 -0.02938
93 112 -0.06079
93 113 -0.02546
93 114 0.02572
93 115 0.06043
93 116 0.01414
93 117 -0.05433
93 118 -0.06921
93 119 -0.20275
93 120 0.1448
93 121 0.03073
93 122 0.01621
93 123 0.01108
93 124 -0.00204
93 125 0.02898
93 126 -0.06789
93 127 -0.04099
93 128 -0.0012
93 129 0.04446
93 130 -0.01788
93 131 0.07848
93 132 0.05776
93 133 0.01801
93 134 -0.0674
93 135 0.13584
93 136 0.01629
93 137 -0.01434
93 138 0.06934
93 139 0.0343
93 140 -0.03626
93 141 0.07194
93 142 -0.00074
93 143 0.01328
93 144 0.04713
93 145 -0.01899
93 146 0.03261
93 147 -0.03157
93 148 -0.00892
93 149 -0.05245
93 150 0.08373
93 151 0.09917
93 152 0.02536
93 153 0.01805
93 154 0.03551
93 155 0.04751
93 156 0.02464
93 157 -0.05995
93 158 0.04149
93 159 -0.00541
93 160 0.09588
93 161 0.01577
93 162 -0.02582
93 163 -0.00688
93 164 -0.05396
93 165 0.08272
93 166 0.06603
93 167 -0.02319
93 168 0.04829
93 169 0.04504
93 170 -0.11566
93 171 -0.05085
93 172 0.11486
93 173 -0.03943
93 174 0.09128
93 175 -0.02266
93 176 0.08402
93 177 -0.00809
93 178 0.06218
93 179 0.12672
93 180 0.03526
93 181 0.17051
93 182 -0.10754
93 183 0.03293
93 184 -0.05036
93 185 -0.0487
93 186 -0.01873
93 187 -0.07308
93 188 -0.13103
93 189 0.06529
93 190 0.0032
93 191 -0.00141
93 192 0.07432
93 193 0.11684
93 194 -0.11101
93 195 0.02458
93 196 0.02563
93 197 -0.0458
93 198 0.09418
93 199 0.01389
93 200 0.00835
93 201 -0.04814
93 202 0.12638
93 203 -0.0744
93 204 -0.0218
93 205 0.11998
93 206 0.03263
93 207 -0.0302
93 208 -0.0603
93 209 -0.03147
93 210 -0.01221
93 211 -0.06409
93 212 0.10663
93 213 0.03128
93 214 -0.02288
93 215 -0.02443
93 216 0.01113
93 217 0.03429
93 218 -0.09449
93 219 0.08936
93 220 -0.07113
93 221 -0.04078
93 222 0.05731
93 223 0.05664
93 224 0.03025
93 225 -0.08603
93 226 -0.02267
93 227 -0.09367
93 228 -0.03403
93 229 0.00821
93 230 -0.01196
93 231 -0.04371
93 232 -0.02831
93 233 -0.03175
93 234 -0.01815
93 235 -0.17681
93 236 0.03015
93 237 -0.08614
93 238 0.0446
93 239 -0.00692
93 240 -0.01345
93 241 0.02339
93 242 -0.07488
93 243 0.00956
93 244 -0.05628
93 245 -0.02547
93 246 0.11909
93 247 -0.01102
93 248 0.03925
93 249 0.01801
93 250 0.02047
93 251 -0.0008
93 252 0.05141
93 253 -0.01123
93 254 0.11715
93 255 0.04305
93 256 -0.05165
93 257 0.01396
93 258 0.04513
93 259 -0.03987
93 260 -0.00249
93 261 0.03546
93 262 -0.05446
93 263 -0.0623
93 264 -0.01098
93 265 0.04517
93 266 -0.06797
93 267 -0.04852
93 268 0.07043
93 269 0.03658
93 270 -0.0912
93 271 -0.05316
93 272 0.118
93 273 -0.04434
93 274 0.00286
93 275 -0.01097
93 276 0.19011
93 277 0.00423
93 278 0.03922
93 279 0.13361
93 280 -0.07301
93 281 -0.07077
93 282 0.06344
93 283 -0.013
93 284 0.01057
93 285 0.03973
93 286 0.0632
93 287 0.00544
93 288 -0.13057
93 289 0.04615
93 290 -0.07867
93 291 -0.04946
93 292 0.08324
93 293 0.02315
93 294 0.05873
93 295 -0.04564
93 296 0.06945
93 297 -0.05831
93 298 0.02226
93 299 -0.00946
94 95 0.00147
94 96 0.02262
94 97 0.04602
94 98 0.08201
94 99 -0.01201
94 100 -0.03725
94 101 0.00353
94 102 -0.01224
94 103 0.05579
94 104 -0.07623
94 105 0.0089
94 106 -0.08733
94 107 -0.06042
94 108 -0.09095
94 109 -0.00581
94 110 0.04664
94 111 0.02649
94 112 -0.0553
94 113 0.04082
94 114 -0.06413
94 115 0.04158
94 116 0.14079
94 117 0.0381
94 118 0.00323
94 119 -0.04378
94 120 -0.0351
94 121 0.02007
94 122 -0.04218
94 123 0.01875
94 124 -0.01168
94 125 0.02931
94 126 -0.00634
94 127 0.06691
94 128 -0.05314
94 129 0.0783
94 130 0.03622
94 131 0.08577
94 132 0.07958
94 133 -0.00073
94 134 -0.02792
94 135 -0.10736
94 136 0.03024
94 137 0.03264
94 138 -0.00541
94 139 -0.00915
94 140 -0.08739
94 141 -0.00039
94 142 0.07912
94 143 0.0054
94 144 0.05572
94 145 0.04887
94 146 -0.02266
94 147 0.04941
94 148 -0.13821
94 149 -0.01267
94 150 -0.02188
94 151 -0.05923
94 152 0.04362
94 153 0.01707
94 154 0.01889
94 155 0.09602
94 156 -0.05513
94 157 -0.02058
94 158 0.02333
94 159 0.00164
94 160 0.00873
94 161 0.01952
94 162 0.00112
94 163 0.00573
94 164 -0.01725
94 165 -0.04508
94 166 0.03282
94 167 0.01288
94 168 0.01784
94 169 -0.05527
94 170 0.01337
94 171 0.05792
94 172 0.02827
94 173 -0.01078
94 174 -0.06656
94 175 0.02834
94 176 0.06637
94 177 0.08043
94 178 -0.04433
94 179 -0.05918
94 180 -0.08842
94 181 -0.01829
94 182 0.06124
94 183 0.00036
94 184 -0.10301
94 185 0.00071
94 186 -0.10764
94 187 0.03665
94 188 0.01384
94 189 -0.06131
94 190 0.00721
94 191 -0.06004
94 192 0.08722
94 193 0.0256
94 194 0.05264
94 195 -0.05625
94 196 0.02829
94 197 -0.01621
94 198 -0.05239
94 199 -0.01603
94 200 0.03538
94 201 -0.0218
94 202 -0.10279
94 203 -0.03483
94 204 0.03706
94 205 0.0646
94 206 -0.05038
94 207 0.07883
94 208 -0.04206
94 209 -0.03118
94 210 -0.01973
94 211 0.0692
94 212 -0.04851
94 213 -0.09898
94 214 -0.05116
94 215 -0.01176
94 216 0.09581
94 217 -0.08716
94 218 -0.05579
94 219 0.03532
94 220 0.00676
94 221 -0.02993
94 222 0.00822
94 223 0.0424
94 224 0.00496
94 225 -0.01707
94 226 -0.13807
94 227 0.07673
94 228 0.03979
94 229 0.02665
94 230 -0.05967
94 231 0.04058
94 232 -0.00557
94 233 -0.02481
94 234 0.00262
94 235 -0.00062
94 236 -0.0798
94 237 0.04166
94 238 0.02976
94 239 -0.08303
94 240 -0.08212
94 241 -0.12914
94 242 0.06437
94 243 0.1355
94 244 -0.04377
94 245 -0.00845
94 246 -0.06273
94 247 0.12777
94 248 0.03317
94 249 -0.0538
94 250 -0.01646
94 251 -0.05771
94 252 0.02247
94 253 0.11967
94 254 -0.06007
94 255 0.12561
94 256 0.01653
94 257 -0.0397
94 258 -0.0792
94 259 -0.07386
94 260 -0.12302
94 261 -0.06438
94 262 -0.10341
94 263 0.016
94 264 0.05638
94 265 -0.1175
94 266 0.04249
94 267 -0.03403
94 268 0.03278
94 269 -0.0126
94 270 0.02928
94 271 0.02144
94 272 0.00306
94 273 -0.02998
94 274 -0.00878
94 275 0.00685
94 276 0.03889
94 277 -0.02968
94 278 0.02836
94 279 0.01895
94 280 -0.01834
94 281 0.00206
94 282 -0.08741
94 283 -0.06973
94 284 0.04317
94 285 0.04192
94 286 -0.03381
94 287 -0.00783
94 288 -0.15451
94 289 0.10353
94 290 0.00953
94 291 -0.00724
94 292 0.05754
94 293 0.03512
94 294 -0.03844
94 295 -0.0073
94 296 -0.02351
94 297 0.02872
94 298 -0.01684
94 299 -0.09833
95 96 0.02546
95 97 -0.06594
95 98 -0.01191
95 99 -0.02062
95 100 0.06519
95 101 -0.01595
95 102 -0.0397
95 103 -0.00343
95 104 -0.03281
95 105 -0.0415
95 106 0.01648
95 107 0.09112
95 108 -0.01551
95 109 -0.01069
95 110 -0.03748
95 111 0.03589
95 112 0.01471
95 113 -0.02112
95 114 0.0183
95 115 -0.03024
95 116 0.0026
95 117 -0.08011
95 118 0.08632
95 119 -0.00977
95 120 -0.09495
95 121 -0.02352
95 122 0.06112
95 123 -0.01731
95 124 0.00957
95 125 0.02139
95 126 0.04199
95 127 -0.08961
95 128 -0.05443
95 129 0.06153
95 130 0.05005
95 131 0.06573
95 132 0.01506
95 133 -0.01014
95 134 -0.03047
95 135 -0.03001
95 136 0.05901
95 137 0.06426
95 138 -0.05329
95 139 -0.16245
95 140 0.02824
95 141 -0.01295
95 142 0.03106
95 143 -0.11787
95 144 -0.0136
95 145 -0.0499
95 146 -0.03155
95 147 -0.0126
95 148 -0.01652
95 149 -0.08071
95 150 -0.04959
95 151 0.04062
95 152 -0.06592
95 153 0.03156
95 154 -0.03327
95 155 -0.02275
95 156 -0.04924
95 157 -0.01827
95 158 0.11832
95 159 0.05197
95 160 -0.08961
95 161 0.00028
95 162 0.08936
95 163 -0.02797
95 164 -0.01117
95 165 0.06291
95 166 -0.03514
95 167 -0.01371
95 168 -0.02635
95 169 0.08423
95 170 0.00814
95 171 -0.02731
95 172 -0.03634
95 173 0.00425
95 174 0.04361
95 175 -0.01003
95 176 -0.00764
95 177 0.09503
95 178 -0.05842
95 179 -0.01635
95 180 -0.06921
95 181 0.01374
95 182 0.01812
95 183 0.02536
95 184 0.04675
95 185 0.12269
95 186 -0.07795
95 187 0.02222
95 188 0.01563
95 189 0.09424
95 190 -0.09575
95 191 0.00111
95 192 -0.02237
95 193 0.01291
95 194 0.05735
95 195 0.02145
95 196 -0.053
95 197 0.05354
95 198 0.03705
95 199 0.05284
95 200 0.02507
95 201 -0.01648
95 202 -0.06939
95 203 0.02659
95 204 0.06516
95 205 -0.19294
95 206 0.06064
95 207 -0.1098
95 208 0.00491
95 209 0.13783
95 210 -0.00976
95 211 0.10156
95 212 0.07991
95 213 0.01252
95 214 -0.02587
95 215 -0.05844
95 216 0.02784
95 217 0.01956
95 218 0.13881
95 219 -0.03727
95 220 0.07069
95 221 -0.009
95 222 -0.01156
95 223 0.06451
95 224 -0.00529
95 225 0.03124
95 226 -0.04193
95 227 -0.12246
95 228 -0.03651
95 229 0.02173
95 230 0.09162
95 231 0.01312
95 232 0.13545
95 233 -0.04127
95 234 -0.01745
95 235 -0.03788
95 236 -0.03203
95 237 0.03606
95 238 0.03173
95 239 0.0236
95 240 -0.06255
95 241 0.02648
95 242 -0.10903
95 243 -0.02897
95 244 -0.01315
95 245 -0.03767
95 246 -0.03083
95 247 0.0219
95 248 -0.07767
95 249 -0.02875
95 250 0.00232
95 251 0.00062
95 252 -0.03304
95 253 -0.01838
95 254 0.10051
95 255 0.08481
95 256 -0.11024
95 257 0.06266
95 258 0.0742
95 259 -0.00454
95 260 -0.00345
95 261 -0.01015
95 262 -0.04102
95 263 -0.02561
95 264 -0.03711
95 265 -0.12343
95 266 0.04636
95 267 -0.03636
95 268 0.01506
95 269 -0.06411
95 270 0.02889
95 271 0.07771
95 272 -0.09161
95 273 0.02151
95 274 -0.04682
95 275 -0.04273
95 276 0.00817
95 277 0.03388
95 278 0.07581
95 279 -0.07733
95 280 0.07405
95 281 0.06487
95 282 0.04039
95 283 -0.08986
95 284 0.03287
95 285 -0.03173
95 286 -0.04828
95 287 -0.09753
95 288 -0.07716
95 289 0.01631
95 290 0.04922
95 291 -0.06622
95 292 -0.01726
95 293 0.00811
95 294 -0.0378
95 295 -0.00149
95 296 -0.05833
95 297 -0.00008
95 298 0.14653
95 299 -0.03029
96 97 0.0363
96 98 0.01805
96 99 0.02474
96 100 0.00033
96 101 0.04092
96 102 -0.02264
96 103 0.04406
96 104 0.04618
96 105 0.0236
96 106 -0.00066
96 107 0.01068
96 108 -0.00579
96 109 0.06964
96 110 0.09212
96 111 -0.11898
96 112 0.0973
96 113 -0.08832
96 114 -0.03544
96 115 0.01928
96 116 -0.01759
96 117 -0.01732
96 118 0.05323
96 119 0.08686
96 120 0.04019
96 121 0.00258
96 122 -0.05705
96 123 -0.06697
96 124 0.07758
96 125 0.08045
96 126 -0.09451
96 127 0.04498
96 128 -0.00583
96 129 0.00148
96 130 -0.03966
96 131 -0.05527
96 132 0.01742
96 133 -0.06095
96 134 -0.04513
96 135 -0.04865
96 136 0.02852
96 137 -0.01265
96 138 -0.0695
96 139 0.00685
96 140 -0.03372
96 141 -0.08364
96 142 0.03907
96 143 -0.02511
96 144 0.14022
96 145 -0.072
96 146 0.00691
96 147 -0.02428
96 148 -0.00231
96 149 0.0541
96 150 0.05822
96 151 -0.08966
96 152 0.03761
96 153 -0.02791
96 154 -0.0794
96 155 -0.03941
96 156 0.06735
96 157 -0.13639
96 158 0.00216
96 159 -0.04191
96 160 0.05928
96 161 0.10205
96 162 0.03122
96 163 -0.05102
96 164 -0.10331
96 165 -0.08373
96 166 0.00835
96 167 -0.02598
96 168 -0.13302
96 169 0.0102
96 170 -0.00245
96 171 0.06594
96 172 0.01694
96 173 -0.06448
96 174 -0.0355
96 175 0.04597
96 176 -0.01024
96 177 0.03584
96 178 0.07218
96 179 0.03079
96 180 -0.02922
96 181 -0.00002
96 182 -0.08103
96 183 -0.0592
96 184 0.0261
96 185 0.04689
96 186 -0.06789
96 187 -0.04963
96 188 -0.00067
96 189 -0.00878
96 190 -0.04243
96 191 -0.06791
96 192 0.05042
96 193 -0.03349
96 194 -0.00484
96 195 -0.03117
96 196 -0.11092
96 197 -0.03003
96 198 -0.05323
96 199 -0.03687
96 200 0.0309
96 201 -0.02666
96 202 0.00466
96 203 -0.01859
96 204 -0.0058
96 205 -0.02314
96 206 0.06158
96 207 0.14321
96 208 -0.0322
96 209 -0.09712
96 210 -0.06081
96 211 -0.03467
96 212 -0.09187
96 213 0.0401
96 214 0.05899
96 215 -0.00885
96 216 0.03693
96 217 0.05163
96 218 0.01281
96 219 -0.00412
96 220 0.04453
96 221 -0.05357
96 222 0.03133
96 223 -0.04998
96 224 0.06491
96 225 -0.00391
96 226 0.12022
96 227 0.06885
96 228 0.02937
96 229 0.06247
96 230 0.02565
96 231 0.0797
96 232 0.04524
96 233 0.0358
96 234 0.03112
96 235 -0.05869
96 236 -0.0119
96 237 -0.05857
96 238 0.04059
96 239 0.00364
96 240 0.08827
96 241 0.02343
96 242 -0.11017
96 243 0.0693
96 244 -0.04819
96 245 -0.07115
96 246 0.01618
96 247 -0.09071
96 248 0.01306
96 249 0.03281
96 250 0.03976
96 251 0.04973
96 252 -0.0632
96 253 0.07465
96 254 0.14085
96 255 0.0403
96 256 0.04082
96 257 0.10193
96 258 0.0351
96 259 -0.00575
96 260 0.00338
96 261 0.0494
96 262 -0.00564
96 263 -0.04637
96 264 0.00481
96 265 -0.03018
96 266 0.02974
96 267 0.08323
96 268 0.0661
96 269 -0.03957
96 270 -0.01604
96 271 -0.01345
96 272 0.07278
96 273 0.0167
96 274 -0.08948
96 275 -0.03191
96 276 0.10593
96 277 -0.0176
96 278 0.04108
96 279 0.00276
96 280 -0.01821
96 281 -0.05303
96 282 -0.03358
96 283 0.02714
96 284 0.03427
96 285 0.00408
96 286 -0.00017
96 287 0.04664
96 288 0.01877
96 289 0.00196
96 290 -0.00691
96 291 -0.0145
96 292 -0.05428
96 293 -0.00242
96 294 0.02107
96 295 0.02518
96 296 -0.08228
96 297 0.02745
96 298 -0.01664
96 299 0.00977
97 98 -0.0577
97 99 -0.02862
97 100 0.01571
97 101 -0.00301
97 102 -0.03582
97 103 0.04569
97 104 0.03852
97 105 -0.07209
97 106 0.01359
97 107 -0.03721
97 108 0.08012
97 109 0.10718
97 110 0.05853
97 111 0.01422
97 112 -0.05642
97 113 -0.08478
97 114 -0.05849
97 115 -0.09245
97 116 -0.07925
97 117 0.00383
97 118 0.02546
97 119 0.06568
97 120 0.0275
97 121 0.07254
97 122 -0.00453
97 123 0.06163
97 124 -0.15007
97 125 0.13933
97 126 0.00458
97 127 -0.02153
97 128 0.12361
97 129 0.0153
97 130 0.01747
97 131 -0.04862
97 132 -0.0252
97 133 0.06783
97 134 0.01693
97 135 -0.01706
97 136 0.00509
97 137 -0.01009
97 138 0.09245
97 139 -0.11379
97 140 -0.01577
97 141 -0.01362
97 142 -0.09413
97 143 -0.02447
97 144 0.08063
97 145 0.07
97 146 0.07085
97 147 -0.10101
97 148 0.08663
97 149 0.0911
97 150 -0.01796
97 151 0.04483
97 152 0.0909
97 153 -0.02875
97 154 -0.03688
97 155 0.03561
97 156 0.00743
97 157 -0.13904
97 158 -0.04944
97 159 -0.04133
97 160 -0.02043
97 161 -0.11405
97 162 0.09515
97 163 -0.15569
97 164 0.0074
97 165 -0.04093
97 166 -0.00225
97 167 -0.0503
97 168 -0.00679
97 169 -0.01712
97 170 -0.00172
97 171 -0.08583
97 172 0.0966
97 173 -0.00289
97 174 0.00925
97 175 0.08912
97 176 -0.06054
97 177 -0.00456
97 178 0.00797
97 179 -0.04097
97 180 0.03819
97 181 0.02053
97 182 -0.02105
97 183 0.0107
97 184 -0.08198
97 185 0.06625
97 186 0.06654
97 187 0.17099
97 188 0.03139
97 189 -0.03298
97 190 -0.03609
97 191 -0.10006
97 192 -0.06039
97 193 -0.05139
97 194 0.02002
97 195 0.11658
97 196 -0.05451
97 197 0.06732
97 198 -0.03952
97 199 -0.07875
97 200 0.03104
97 201 -0.01796
97 202 0.03757
97 203 0.12357
97 204 -0.08639
97 205 0.11827
97 206 -0.07716
97 207 0.0203
97 208 -0.01102
97 209 -0.06506
97 210 -0.01838
97 211 0.03867
97 212 -0.04262
97 213 -0.08837
97 214 -0.03009
97 215 0.02652
97 216 -0.06323
97 217 0.0721
97 218 0.04039
97 219 -0.00529
97 220 0.05586
97 221 0.07267
97 222 0.01322
97 223 0.03187
97 224 -0.03126
97 225 -0.01397
97 226 -0.08416
97 227 0.05041
97 228 0.0111
97 229 0.02896
97 230 0.0157
97 231 0.00049
97 232 -0.06539
97 233 0.08654
97 234 -0.0532
97 235 -0.02323
97 236 -0.08099
97 237 0.04999
97 238 -0.00618
97 239 0.03889
97 240 -0.0453
97 241 0.00872
97 242 0.07691
97 243 -0.04011
97 244 -0.09417
97 245 0.02769
97 246 -0.08005
97 247 -0.04984
97 248 0.06138
97 249 0.03581
97 250 -0.0503
97 251 -0.06404
97 252 -0.01617
97 253 0.06605
97 254 0.02508
97 255 0.05055
97 256 -0.02755
97 257 0.01464
97 258 0.02155
97 259 0.02222
97 260 0.04629
97 261 -0.03374
97 262 0.03842
97 263 0.05008
97 264 0.01406
97 265 0.08931
97 266 0.04454
97 267 0.06542
97 268 -0.04773
97 269 0.02229
97 270 0.01876
97 271 0.05737
97 272 0.05351
97 273 0.01391
97 274 0.0403
97 275 -0.0088
97 276 -0.03184
97 277 -0.06507
97 278 -0.00137
97 279 -0.08403
97 280 -0.004
97 281 0.04495
97 282 -0.05297
97 283 0.08821
97 284 -0.00471
97 285 0.03571
97 286 -0.03638
97 287 -0.0263
97 288 -0.07516
97 289 0.02629
97 290 -0.00072
97 291 -0.09075
97 292 0.01603
97 293 0.03403
97 294 -0.02475
97 295 0.05528
97 296 0.06405
97 297 0.02163
97 298 0.0211
97 299 -0.01695
98 99 0.03838
98 100 0.00899
98 101 -0.00074
98 102 0.03018
98 103 0.01588
98 104 -0.04282
98 105 0.0351
98 106 -0.09742
98 107 -0.03472
98 108 0.06142
98 109 0.04114
98 110 0.03461
98 111 -0.03793
98 112 0.00147
98 113 0.0391
98 114 -0.03183
98 115 0.07048
98 116 -0.00334
98 117 -0.01301
98 118 -0.01439
98 119 0.04347
98 120 0.09989
98 121 -0.02855
98 122 -0.00849
98 123 -0.06966
98 124 0.03617
98 125 -0.03296
98 126 -0.00842
98 127 0.00746
98 128 0.04794
98 129 0.0572
98 130 -0.00392
98 131 0.01006
98 132 0.05514
98 133 -0.03164
98 134 -0.03434
98 135 0.11191
98 136 0.16393
98 137 -0.03445
98 138 -0.00093
98 139 -0.0272
98 140 0.04076
98 141 0.08898
98 142 -0.01152
98 143 -0.00861
98 144 0.04477
98 145 0.12785
98 146 0.00483
98 147 0.02473
98 148 -0.01265
98 149 -0.04113
98 150 -0.00736
98 151 0.00148
98 152 -0.05425
98 153 0.0288
98 154 -0.01058
98 155 -0.06543
98 156 0.00251
98 157 -0.03186
98 158 -0.00955
98 159 -0.01656
98 160 0.05511
98 161 0.0241
98 162 -0.01085
98 163 0.03612
98 164 0.1125
98 165 -0.0366
98 166 -0.05339
98 167 -0.03046
98 168 0.04487
98 169 0.039
98 170 0.01246
98 171 -0.02938
98 172 -0.004
98 173 0.03852
98 174 -0.09136
98 175 0.00702
98 176 0.02707
98 177 0.0096
98 178 0.01826
98 179 0.00505
98 180 0.01132
98 181 -0.00948
98 182 -0.00622
98 183 -0.02745
98 184 -0.0161
98 185 0.04887
98 186 -0.05338
98 187 -0.12057
98 188 0.03579
98 189 0.03378
98 190 -0.03628
98 191 0.03579
98 192 -0.01474
98 193 0.02323
98 194 0.04078
98 195 -0.05978
98 196 0.02161
98 197 0.01853
98 198 0.04571
98 199 0.06723
98 200 -0.01169
98 201 -0.01326
98 202 0.04169
98 203 -0.02856
98 204 0.11127
98 205 -0.07138
98 206 0.01381
98 207 -0.08215
98 208 -0.02607
98 209 -0.0465
98 210 0.09807
98 211 0.12403
98 212 -0.04327
98 213 0.02114
98 214 0.00425
98 215 0.08955
98 216 0.02788
98 217 0.01442
98 218 -0.09059
98 219 -0.0429
98 220 0.09075
98 221 -0.13858
98 222 0.00589
98 223 -0.06363
98 224 -0.03735
98 225 -0.10274
98 226 -0.02906
98 227 -0.088
98 228 -0.07143
98 229 -0.08066
98 230 -0.00991
98 231 -0.05127
98 232 -0.00785
98 233 0.03183
98 234 0.0086
98 235 -0.01393
98 236 -0.00683
98 237 0.06755
98 238 0.02004
98 239 0.08275
98 240 0.00303
98 241 0.01922
98 242 -0.09789
98 243 -0.08851
98 244 0.01409
98 245 -0.02272
98 246 0.12225
98 247 -0.00222
98 248 0.12156
98 249 -0.0414
98 250 0.0331
98 251 -0.0692
98 252 -0.04716
98 253 0.03982
98 254 -0.00727
98 255 -0.06987
98 256 0.07103
98 257 -0.03881
98 258 -0.07092
98 259 0.11097
98 260 -0.06481
98 261 -0.05076
98 262 0.02752
98 263 0.08184
98 264 -0.02911
98 265 -0.04997
98 266 -0.09916
98 267 0.00469
98 268 -0.03856
98 269 0.03797
98 270 -0.07329
98 271 0.08809
98 272 0.05145
98 273 0.04395
98 274 0.03688
98 275 0.05092
98 276 0.07682
98 277 -0.02661
98 278 -0.03669
98 279 0.0645
98 280 0.00895
98 281 -0.0495
98 282 -0.09415
98 283 0.06404
98 284 -0.049
98 285 0.07826
98 286 0.03735
98 287 0.0992
98 288 0.0686
98 289 0.04427
98 290 0.08814
98 291 0.07036
98 292 -0.00799
98 293 0.02553
98 294 0.02765
98 295 0.06215
98 296 -0.01063
98 297 -0.06216
98 298 0.00432
98 299 -0.0168
99 100 -0.0075
99 101 -0.02235
99 102 0.04992
99 103 -0.08902
99 104 0.0247
99 105 0.02294
99 106 0.01699
99 107 -0.11282
99 108 -0.07623
99 109 0.01369
99 110 -0.09487
99 111 0.06741
99 112 -0.05562
99 113 -0.05748
99 114 0.06263
99 115 0.03824
99 116 -0.04423
99 117 -0.02836
99 118 -0.08017
99 119 -0.07766
99 120 -0.06682
99 121 -0.02078
99 122 -0.00213
99 123 0.01067
99 124 -0.11306
99 125 0.06825
99 126 -0.05307
99 127 -0.05382
99 128 -0.03907
99 129 -0.02261
99 130 -0.10104
99 131 0.01212
99 132 0.01631
99 133 -0.07271
99 134 -0.08527
99 135 0.00899
99 136 -0.06098
99 137 0.02724
99 138 -0.0759
99 139 0.08653
99 140 -0.10082
99 141 -0.03694
99 142 -0.0658
99 143 0.0346
99 144 0.07577
99 145 -0.01616
99 146 0.00634
99 147 -0.00178
99 148 -0.09119
99 149 -0.03381
99 150 0.08695
99 151 -0.03385
99 152 0.03301
99 153 0.1522
99 154 0.0659
99 155 -0.06661
99 156 0.10998
99 157 -0.0458
99 158 -0.04551
99 159 0.03255
99 160 -0.04531
99 161 0.03917
99 162 0.02109
99 163 -0.03393
99 164 0.08266
99 165 -0.09001
99 166 0.0048
99 167 -0.09868
99 168 0.04325
99 169 -0.02754
99 170 0.12221
99 171 0.03343
99 172 -0.0694
99 173 0.04146
99 174 0.0601
99 175 -0.07236
99 176 0.05685
99 177 0.08628
99 178 0.05951
99 179 -0.04485
99 180 -0.01288
99 181 0.09204
99 182 0.04413
99 183 -0.00603
99 184 0.06468
99 185 -0.03751
99 186 -0.02213
99 187 0.13149
99 188 0.05057
99 189 -0.03387
99 190 -0.0134
99 191 -0.00443
99 192 0.05092
99 193 0.0384
99 194 -0.05688
99 195 0.07156
99 196 -0.0988
99 197 -0.01874
99 198 -0.02931
99 199 -0.10822
99 200 -0.01775
99 201 0.02247
99 202 0.11545
99 203 0.03323
99 204 0.04469
99 205 -0.0913
99 206 -0.14339
99 207 -0.0434
99 208 -0.05876
99 209 0.02884
99 210 -0.11603
99 211 -0.13876
99 212 -0.01294
99 213 -0.01175
99 214 0.04787
99 215 -0.03158
99 216 -0.00455
99 217 -0.09843
99 218 -0.02107
99 219 -0.09578
99 220 0.00111
99 221 -0.0455
99 222 0.04759
99 223 -0.07447
99 224 0.08852
99 225 -0.0424
99 226 -0.08462
99 227 0.00674
99 228 0.05647
99 229 -0.05957
99 230 0.1541
99 231 -0.12429
99 232 -0.00522
99 233 0.0205
99 234 0.02171
99 235 -0.00289
99 236 -0.00226
99 237 0.02465
99 238 -0.00063
99 239 -0.07378
99 240 0.11555
99 241 0.01781
99 242 0.08938
99 243 0.04788
99 244 -0.00197
99 245 -0.01247
99 246 0.00891
99 247 0.05035
99 248 -0.07547
99 249 -0.00634
99 250 -0.00551
99 251 0.11167
99 252 -0.05261
99 253 -0.01855
99 254 -0.06595
99 255 -0.05668
99 256 -0.02043
99 257 0.0374
99 258 0.01961
99 259 -0.12465
99 260 0.0127
99 261 0.02068
99 262 -0.01475
99 263 0.03103
99 264 0.01985
99 265 -0.015
99 266 -0.09
99 267 -0.0127
99 268 -0.02501
99 269 0.04938
99 270 -0.01384
99 271 -0.04196
99 272 -0.03336
99 273 0.05242
99 274 -0.06684
99 275 -0.02263
99 276 0.15957
99 277 -0.01557
99 278 0.09875
99 279 0.04783
99 280 -0.07551
99 281 0.0355
99 282 -0.05824
99 283 -0.07879
99 284 -0.06868
99 285 0.00716
99 286 0.02646
99 287 0.03554
99 288 -0.04079
99 289 -0.10239
99 290 0.07417
99 291 -0.03158
99 292 0.03474
99 293 -0.06079
99 294 0.08599
99 295 0.01227
99 296 -0.01833
99 297 0.02436
99 298 0.00727
99 299 0.01963
100 101 0.09895
100 102 0.00066
100 103 -0.0359
100 104 -0.02527
100 105 0.04608
100 106 0.0414
100 107 0.03971
100 108 0.0658
100 109 0.00534
100 110 -0.08328
100 111 0.02273
100 112 0.02153
100 113 0.02839
100 114 0.00217
100 115 0.02759
100 116 -0.02811
100 117 0.07777
100 118 -0.03394
100 119 -0.02337
100 120 0.03385
100 121 -0.05232
100 122 -0.05199
100 123 0.06001
100 124 -0.0066
100 125 0.00983
100 126 -0.03326
100 127 -0.11163
100 128 0.01109
100 129 -0.05693
100 130 -0.04493
100 131 0.00026
100 132 -0.03075
100 133 -0.01622
100 134 -0.08824
100 135 -0.10522
100 136 -0.04461
100 137 -0.05166
100 138 0.04725
100 139 -0.0607
100 140 0.06926
100 141 -0.05031
100 142 0.08197
100 143 0.08132
100 144 0.04549
100 145 0.01552
100 146 -0.0279
100 147 0.06636
100 148 -0.01996
100 149 -0.00924
100 150 0.00941
100 151 -0.11023
100 152 0.0784
100 153 0.00022
100 154 -0.03874
100 155 -0.04283
100 156 -0.07914
100 157 0.06951
100 158 -0.02084
100 159 -0.02507
100 160 -0.00053
100 161 0.00922
100 162 0.06547
100 163 -0.05084
100 164 0.05548
100 165 0.01377
100 166 0.0082
100 167 -0.04533
100 168 0.02483
100 169 0.03888
100 170 0.06297
100 171 -0.09365
100 172 0.09008
100 173 -0.00962
100 174 -0.0269
100 175 -0.08695
100 176 -0.01498
100 177 -0.04181
100 178 0.0333
100 179 0.09676
100 180 0.04298
100 181 0.07829
100 182 0.06512
100 183 0.06085
100 184 0.15581
100 185 0.09121
100 186 0.00928
100 187 0.02221
100 188 -0.11442
100 189 0.02462
100 190 -0.03627
100 191 0.01274
100 192 0.04564
100 193 -0.01426
100 194 -0.06929
100 195 0.00525
100 196 0.00524
100 197 0.06633
100 198 -0.02167
100 199 0.05818
100 200 0.01756
100 201 -0.06021
100 202 -0.06426
100 203 0.09675
100 204 -0.03046
100 205 0.07636
100 206 -0.02719
100 207 -0.0234
100 208 -0.05527
100 209 0.10633
100 210 0.0493
100 211 0.01235
100 212 -0.11824
100 213 0.01126
100 214 -0.01069
100 215 -0.02303
100 216 -0.08991
100 217 0.0662
100 218 0.08926
100 219 0.07469
100 220 0.01681
100 221 -0.13178
100 222 -0.00759
100 223 -0.10853
100 224 0.08319
100 225 0.00751
100 226 -0.02425
100 227 0.08729
100 228 -0.00235
100 229 0.06011
100 230 0.04381
100 231 0.05047
100 232 -0.08598
100 233 -0.07981
100 234 0.08569
100 235 -0.05175
100 236 0.02944
100 237 -0.08134
100 238 0.04806
100 239 -0.03905
100 240 -0.0204
100 241 0.05988
100 242 0.03854
100 243 -0.02956
100 244 0.08178
100 245 -0.05705
100 246 -0.02722
100 247 -0.00826
100 248 -0.05392
100 249 0.06629
100 250 0.01093
100 251 0.01134
100 252 0.10269
100 253 -0.0257
100 254 0.00473
100 255 0.02515
100 256 0.05849
100 257 0.0561
100 258 -0.0009
100 259 -0.00995
100 260 0.05241
100 261 -0.03987
100 262 0.03829
100 263 0.0151
100 264 -0.03966
100 265 0.06316
100 266 -0.02155
100 267 0.07399
100 268 0.12194
100 269 0.05997
100 270 0.04045
100 271 -0.0128
100 272 -0.01658
100 273 0.00933
100 274 0.02108
100 275 -0.06098
100 276 -0.05362
100 277 -0.02885
100 278 0.07033
100 279 0.10381
100 280 0.08555
100 281 -0.00404
100 282 -0.1161
100 283 -0.03668
100 284 0.00606
100 285 0.08283
100 286 0.05537
100 287 -0.00914
100 288 0.01424
100 289 0.12079
100 290 0.06373
100 291 -0.0883
100 292 0.00132
100 293 -0.02421
100 294 -0.03264
100 295 0.04492
100 296 -0.05081
100 297 0.07243
100 298 0.00887
100 299 0.10225
101 102 -0.13952
101 103 -0.02191
101 104 -0.03079
101 105 -0.0764
101 106 -0.0968
101 107 0.0549
101 108 0.03117
101 109 0.03427
101 110 -0.01796
101 111 0.03148
101 112 0.08728
101 113 -0.00535
101 114 -0.06677
101 115 0.0035
101 116 0.03803
101 117 -0.02074
101 118 0.11809
101 119 0.03077
101 120 -0.04692
101 121 0.07772
101 122 0.03736
101 123 0.05015
101 124 0.02114
101 125 -0.01866
101 126 -0.03627
101 127 -0.08021
101 128 0.01293
101 129 -0.12799
101 130 0.0317
101 131 0.02485
101 132 0.03908
101 133 -0.00691
101 134 0.00891
101 135 -0.0759
101 136 0.05005
101 137 0.05529
101 138 0.02165
101 139 -0.08147
101 140 0.02498
101 141 -0.01547
101 142 -0.06436
101 143 0.10264
101 144 -0.07712
101 145 0.01844
101 146 -0.01376
101 147 -0.08991
101 148 -0.16945
101 149 0.04239
101 150 -0.04911
101 151 0.00559
101 152 0.10047
101 153 0.02407
101 154 -0.0386
101 155 -0.15106
101 156 -0.03864
101 157 -0.03795
101 158 0.05432
101 159 -0.02159
101 160 -0.01043
101 161 0.0568
101 162 0.03431
101 163 -0.04005
101 164 0.10583
101 165 -0.08548
101 166 -0.05653
101 167 0.04196
101 168 0.10154
101 169 -0.00333
101 170 -0.08781
101 171 -0.11291
101 172 0.03502
101 173 0.04102
101 174 -0.00352
101 175 0.02332
101 176 0.05407
101 177 -0.00012
101 178 0.01381
101 179 0.05889
101 180 0.02806
101 181 -0.01338
101 182 -0.01209
101 183 -0.0249
101 184 0.04634
101 185 0.06808
101 186 0.02629
101 187 0.00181
101 188 0.03186
101 189 0.08161
101 190 -0.00549
101 191 0.10466
101 192 0.01655
101 193 -0.00011
101 194 0.04989
101 195 0.0175
101 196 0.0145
101 197 -0.08314
101 198 -0.00234
101 199 -0.01588
101 200 -0.06281
101 201 -0.07034
101 202 -0.02016
101 203 -0.06261
101 204 -0.02512
101 205 -0.07621
101 206 -0.04164
101 207 0.10453
101 208 -0.03253
101 209 -0.10206
101 210 0.00944
101 211 0.04455
101 212 -0.01342
101 213 -0.03693
101 214 0.01221
101 215 -0.06614
101 216 0.00572
101 217 -0.08141
101 218 0.0033
101 219 -0.0158
101 220 -0.15258
101 221 -0.02035
101 222 0.05895
101 223 0.04996
101 224 -0.0471
101 225 -0.05322
101 226 -0.04862
101 227 0.05464
101 228 0.01447
101 229 -0.06857
101 230 0.02137
101 231 0.06341
101 232 -0.04788
101 233 -0.00833
101 234 -0.02745
101 235 -0.05099
101 236 -0.07215
101 237 0.01481
101 238 0.07732
101 239 0.01856
101 240 0.10552
101 241 0.10439
101 242 0.01328
101 243 0.03917
101 244 0.05865
101 245 -0.05662
101 246 -0.08224
101 247 -0.00787
101 248 -0.01652
101 249 0.12934
101 250 0.01476
101 251 0.05427
101 252 -0.07908
101 253 -0.01681
101 254 0.001
101 255 0.0178
101 256 0.1121
101 257 0.01065
101 258 -0.04277
101 259 0.05736
101 260 0.00206
101 261 -0.11407
101 262 0.0751
101 263 0.02223
101 264 0.12621
101 265 0.09987
101 266 0.04669
101 267 -0.00786
101 268 0.0011
101 269 0.06515
101 270 -0.09158
101 271 0.05753
101 272 -0.0295
101 273 -0.01345
101 274 -0.04773
101 275 0.01092
101 276 -0.0666
101 277 -0.03884
101 278 -0.0817
101 279 0.01841
101 280 -0.01695
101 281 0.07025
101 282 -0.08082
101 283 0.04535
101 284 -0.00988
101 285 0.00536
101 286 0.09797
101 287 -0.0013
101 288 0.03331
101 289 0.00863
101 290 0.02279
101 291 0.01179
101 292 -0.02278
101 293 -0.04776
101 294 -0.00286
101 295 0.05412
101 296 -0.09873
101 297 0.00506
101 298 -0.00136
101 299 0.11289
102 103 -0.06128
102 104 0.01252
102 105 0.03106
102 106 0.03816
102 107 0.07881
102 108 0.05564
102 109 -0.02517
102 110 -0.02623
102 111 -0.0804
102 112 0.05131
102 113 -0.05402
102 114 -0.05002
102 115 -0.00499
102 116 -0.00322
102 117 0.05809
102 118 -0.07477
102 119 -0.04372
102 120 -0.0143
102 121 -0.06789
102 122 0.0263
102 123 -0.00964
102 124 0.0341
102 125 -0.00103
102 126 0.02292
102 127 0.15336
102 128 -0.02764
102 129 -0.07323
102 130 -0.04466
102 131 0.00764
102 132 0.02926
102 133 0.09263
102 134 -0.07044
102 135 0.00528
102 136 0.02777
102 137 -0.0667
102 138 0.00528
102 139 -0.00899
102 140 0.007
102 141 -0.04389
102 142 -0.06763
102 143 0.06977
102 144 0.05861
102 145 0.01465
102 146 0.00011
102 147 -0.03005
102 148 0.08956
102 149 0.02965
102 150 -0.0585
102 151 -0.06667
102 152 -0.00745
102 153 0.02143
102 154 -0.02238
102 155 0.03673
102 156 0.04738
102 157 0.12258
102 158 -0.09806
102 159 -0.05545
102 160 0.03922
102 161 0.01479
102 162 0.03571
102 163 0.00051
102 164 -0.0364
102 165 0.19344
102 166 0.07696
102 167 0.00304
102 168 0.05293
102 169 -0.03853
102 170 -0.02472
102 171 -0.06766
102 172 0.12288
102 173 0.00516
102 174 -0.01234
102 175 -0.01574
102 176 0.08375
102 177 -0.10052
102 178 0.05646
102 179 0.01869
102 180 0.03772
102 181 0.0421
102 182 -0.03034
102 183 -0.11426
102 184 0.05417
102 185 0.05582
102 186 -0.02664
102 187 0.02788
102 188 -0.0076
102 189 -0.00874
102 190 0.04787
102 191 0.07811
102 192 0.08971
102 193 -0.06353
102 194 -0.00161
102 195 0.08338
102 196 0.04174
102 197 0.08493
102 198 -0.01418
102 199 -0.02184
102 200 -0.05579
102 201 -0.0854
102 202 0.02735
102 203 0.04115
102 204 0.02217
102 205 -0.00581
102 206 0.14656
102 207 0.01282
102 208 -0.01611
102 209 0.00329
102 210 -0.1334
102 211 -0.08423
102 212 0.00305
102 213 -0.05245
102 214 0.04443
102 215 -0.03296
102 216 0.08385
102 217 -0.05359
102 218 -0.1189
102 219 0.05699
102 220 0.05145
102 221 -0.01041
102 222 0.08463
102 223 -0.01599
102 224 -0.09148
102 225 0.00019
102 226 0.05605
102 227 0.0002
102 228 0.00605
102 229 -0.0161
102 230 0.01191
102 231 0.10855
102 232 -0.06916
102 233 0.08378
102 234 0.09122
102 235 0.01649
102 236 0.00802
102 237 0.03659
102 238 -0.02412
102 239 0.04714
102 240 0.00319
102 241 0.06439
102 242 0.07825
102 243 -0.03712
102 244 -0.0206
102 245 0.03001
102 246 0.0082
102 247 0.04257
102 248 0.03016
102 249 -0.05584
102 250 -0.00174
102 251 -0.03884
102 252 0.06027
102 253 0.03828
102 254 -0.04685
102 255 0.02567
102 256 0.01548
102 257 -0.03385
102 258 -0.07048
102 259 0.00348
102 260 -0.07335
102 261 -0.0704
102 262 -0.00706
102 263 -0.06839
102 264 0.04843
102 265 0.00661
102 266 0.06373
102 267 -0.04957
102 268 0.00012
102 269 -0.01015
102 270 -0.08589
102 271 0.0248
102 272 -0.06614
102 273 0.0236
102 274 -0.05349
102 275 -0.04365
102 276 -0.00192
102 277 0.04401
102 278 -0.11989
102 279 -0.04185
102 280 -0.04538
102 281 -0.0563
102 282 -0.00602
102 283 0.00498
102 284 -0.14448
102 285 0.00594
102 286 0.01639
102 287 -0.04621
102 288 0.02814
102 289 -0.03661
102 290 -0.03622
102 291 -0.12857
102 292 -0.08085
102 293 -0.01518
102 294 0.04028
102 295 -0.03948
102 296 -0.0243
102 297 0.03057
102 298 -0.00912
102 299 0.01898
103 104 0.02502
103 105 -0.08339
103 106 0.00257
103 107 0.00365
103 108 0.04755
103 109 -0.01828
103 110 -0.01195
103 111 0.15227
103 112 -0.04732
103 113 -0.04626
103 114 -0.08085
103 115 -0.03374
103 116 0.03975
103 117 -0.00809
103 118 -0.07341
103 119 0.03729
103 120 -0.0655
103 121 0.01456
103 122 -0.02354
103 123 -0.06373
103 124 0.11488
103 125 0.0316
103 126 0.0049
103 127 0.04951
103 128 0.04517
103 129 0.09373
103 130 -0.06454
103 131 0.01511
103 132 0.03889
103 133 -0.11262
103 134 -0.07334
103 135 0.07558
103 136 0.03285
103 137 0.07152
103 138 0.0224
103 139 0.07669
103 140 0.02371
103 141 0.01083
103 142 0.12488
103 143 -0.02891
103 144 0.07349
103 145 -0.02821
103 146 -0.05069
103 147 0.04008
103 148 0.01566
103 149 -0.03262
103 150 -0.05593
103 151 0.07575
103 152 0.00441
103 153 -0.00201
103 154 -0.01835
103 155 0.05629
103 156 0.01182
103 157 -0.04855
103 158 0.11388
103 159 -0.05736
103 160 -0.0243
103 161 -0.03998
103 162 -0.02653
103 163 0.0127
103 164 0.12033
103 165 0.01739
103 166 0.01247
103 167 -0.00297
103 168 0.04002
103 169 -0.02248
103 170 -0.03811
103 171 -0.01239
103 172 -0.01309
103 173 0.00054
103 174 -0.06804
103 175 0.0311
103 176 0.0243
103 177 0.01643
103 178 0.03596
103 179 -0.07489
103 180 0.01361
103 181 -0.05801
103 182 -0.02409
103 183 0.04766
103 184 -0.0602
103 185 0.00161
103 186 -0.01394
103 187 -0.01561
103 188 0.0301
103 189 0.11321
103 190 -0.05705
103 191 0.05752
103 192 -0.0225
103 193 0.06446
103 194 0.08559
103 195 -0.07453
103 196 -0.02368
103 197 -0.06863
103 198 0.08157
103 199 -0.07059
103 200 0.03405
103 201 -0.09981
103 202 0.03727
103 203 0.02214
103 204 0.00475
103 205 0.00357
103 206 0.04387
103 207 0.05823
103 208 0.09756
103 209 -0.09814
103 210 -0.0027
103 211 0.03583
103 212 0.04045
103 213 0.00103
103 214 0.06266
103 215 0.02073
103 216 -0.06305
103 217 0.02345
103 218 0.06334
103 219 -0.02315
103 220 -0.01718
103 221 0.1345
103 222 0.02994
103 223 -0.03089
103 224 -0.04425
103 225 0.05654
103 226 0.057
103 227 0.04301
103 228 0.03979
103 229 0.00885
103 230 0.04988
103 231 0.05659
103 232 0.00708
103 233 -0.03072
103 234 0.01882
103 235 0.04395
103 236 -0.0269
103 237 -0.01461
103 238 -0.02859
103 239 -0.04745
103 240 -0.0531
103 241 0.08957
103 242 -0.04307
103 243 -0.01744
103 244 -0.05251
103 245 -0.04556
103 246 0.04845
103 247 0.02296
103 248 0.05168
103 249 -0.02364
103 250 0.01106
103 251 -0.00997
103 252 -0.02692
103 253 -0.08312
103 254 -0.0166
103 255 0.01549
103 256 0.00061
103 257 0.01144
103 258 -0.00172
103 259 -0.07341
103 260 -0.02243
103 261 -0.09724
103 262 0.04552
103 263 0.0285
103 264 0.00874
103 265 -0.06518
103 266 -0.08873
103 267 0.0684
103 268 0.0516
103 269 0.03512
103 270 0.02191
103 271 -0.01385
103 272 -0.00207
103 273 0.07657
103 274 0.03307
103 275 -0.05639
103 276 0.05902
103 277 -0.09771
103 278 -0.13543
103 279 -0.17505
103 280 -0.07026
103 281 -0.04853
103 282 0.0483
103 283 0.00661
103 284 -0.09139
103 285 -0.0467
103 286 -0.04754
103 287 0.00963
103 288 -0.06742
103 289 -0.15912
103 290 -0.06602
103 291 -0.01935
103 292 -0.06147
103 293 -0.09264
103 294 -0.0571
103 295 -0.01802
103 296 0.01306
103 297 -0.02631
103 298 0.00681
103 299 0.03824
104 105 -0.05311
104 106 -0.02831
104 107 0.06901
104 108 -0.00637
104 109 0.02643
104 110 0.04531
104 111 0.01063
104 112 -0.11828
104 113 0.03436
104 114 0.10692
104 115 -0.03087
104 116 -0.00677
104 117 0.00065
104 118 0.07392
104 119 -0.06424
104 120 -0.0216
104 121 0.07503
104 122 0.03689
104 123 0.02162
104 124 -0.02826
104 125 0.01959
104 126 -0.01263
104 127 -0.00047
104 128 0.05197
104 129 0.00864
104 130 -0.00054
104 131 0.18919
104 132 -0.05018
104 133 0.07757
104 134 0.03378
104 135 -0.00622
104 136 0.10055
104 137 0.06911
104 138 0.08068
104 139 0.01232
104 140 -0.14722
104 141 -0.00936
104 142 -0.00653
104 143 0.04124
104 144 -0.00942
104 145 0.00153
104 146 0.04373
104 147 0.02237
104 148 -0.08691
104 149 0.00237
104 150 0.10423
104 151 0.05998
104 152 0.13022
104 153 0.00156
104 154 -0.06643
104 155 0.03466
104 156 0.04822
104 157 -0.01828
104 158 -0.12538
104 159 -0.01928
104 160 -0.02955
104 161 0.02308
104 162 -0.11445
104 163 -0.01351
104 164 -0.06128
104 165 -0.00201
104 166 0.03703
104 167 -0.04849
104 168 0.00611
104 169 -0.16979
104 170 -0.08547
104 171 0.03028
104 172 0.01486
104 173 -0.00503
104 174 0.09645
104 175 0.01281
104 176 -0.04887
104 177 -0.03334
104 178 -0.03682
104 179 0.06606
104 180 0.03318
104 181 0.13532
104 182 0.04658
104 183 0.0403
104 184 0.00348
104 185 -0.07881
104 186 0.02505
104 187 0.02391
104 188 -0.01023
104 189 -0.06746
104 190 -0.02555
104 191 0.0905
104 192 -0.13148
104 193 -0.06518
104 194 0.02772
104 195 0.0072
104 196 -0.05014
104 197 -0.01666
104 198 0.01747
104 199 -0.05425
104 200 0.02954
104 201 -0.00652
104 202 0.03769
104 203 0.01955
104 204 -0.07503
104 205 -0.09379
104 206 -0.0325
104 207 -0.12316
104 208 -0.01672
104 209 0.0262
104 210 -0.07089
104 211 0.04992
104 212 -0.06852
104 213 0.01218
104 214 0.07523
104 215 -0.02229
104 216 -0.03611
104 217 0.05962
104 218 0.06838
104 219 -0.0904
104 220 0.0651
104 221 -0.00557
104 222 -0.05391
104 223 -0.03506
104 224 0.10437
104 225 0.05313
104 226 0.07517
104 227 0.12284
104 228 0.02913
104 229 0.09179
104 230 0.06356
104 231 -0.02208
104 232 0.06032
104 233 0.02757
104 234 0.07513
104 235 0.14191
104 236 -0.02069
104 237 -0.0273
104 238 -0.06144
104 239 0.02163
104 240 -0.10031
104 241 0.0916
104 242 -0.0433
104 243 0.13146
104 244 -0.01
104 245 0.02742
104 246 -0.05921
104 247 -0.03222
104 248 -0.09174
104 249 0.0463
104 250 -0.07213
104 251 0.07762
104 252 -0.02354
104 253 -0.02078
104 254 -0.06689
104 255 0.00275
104 256 -0.10381
104 257 0.00653
104 258 -0.03062
104 259 -0.02662
104 260 0.06254
104 261 -0.0344
104 262 -0.00075
104 263 0.0219
104 264 0.03837
104 265 0.04807
104 266 -0.0099
104 267 0.06226
104 268 -0.01878
104 269 0.11948
104 270 0.00479
104 271 0.10908
104 272 0.00151
104 273 -0.07246
104 274 -0.00451
104 275 0.03855
104 276 0.05884
104 277 0.03194
104 278 -0.03896
104 279 -0.04273
104 280 0.08589
104 281 0.0973
104 282 -0.02815
104 283 0.04795
104 284 -0.04876
104 285 0.04428
104 286 -0.14873
104 287 -0.07056
104 288 0.04039
104 289 0.00696
104 290 0.01432
104 291 -0.00876
104 292 0.02109
104 293 -0.07312
104 294 -0.01787
104 295 0.00528
104 296 -0.00693
104 297 -0.03726
104 298 -0.01864
104 299 0.03021
105 106 0.01028
105 107 -0.11166
105 108 0.0596
105 109 0.01317
105 110 -0.0368
105 111 -0.00892
105 112 -0.00665
105 113 0.07006
105 114 0.09341
105 115 0.00981
105 116 0.13398
105 117 0.00299
105 118 -0.0405
105 119 0.03089
105 120 0.02472
105 121 0.00559
105 122 -0.1237
105 123 -0.03545
105 124 0.04456
105 125 -0.00316
105 126 0.02305
105 127 -0.02994
105 128 -0.09156
105 129 -0.0074
105 130 -0.02139
105 131 0.05444
105 132 -0.12064
105 133 0.02093
105 134 -0.05041
105 135 0.06605
105 136 0.02596
105 137 0.02026
105 138 0.01605
105 139 -0.03211
105 140 -0.08353
105 141 0.18059
105 142 -0.01233
105 143 0.05584
105 144 -0.0216
105 145 -0.07342
105 146 0.07859
105 147 -0.01018
105 148 0.03493
105 149 -0.04394
105 150 0.04429
105 151 0.06046
105 152 0.11055
105 153 -0.07152
105 154 -0.00908
105 155 -0.02461
105 156 0.01717
105 157 0.04697
105 158 -0.00504
105 159 0.03797
105 160 0.00293
105 161 -0.02115
105 162 0.09712
105 163 -0.01101
105 164 -0.04448
105 165 0.01519
105 166 -0.00971
105 167 -0.05201
105 168 -0.03141
105 169 -0.02353
105 170 -0.00944
105 171 0.0013
105 172 -0.00135
105 173 -0.00919
105 174 -0.02162
105 175 0.06132
105 176 0.03131
105 177 -0.03492
105 178 -0.02339
105 179 -0.08163
105 180 -0.12056
105 181 0.08201
105 182 -0.172
105 183 -0.05404
105 184 -0.04321
105 185 -0.02209
105 186 -0.08666
105 187 -0.06335
105 188 -0.06828
105 189 0.05399
105 190 -0.043
105 191 -0.03078
105 192 0.10998
105 193 0.04025
105 194 -0.10908
105 195 0.05953
105 196 0.05207
105 197 0.06966
105 198 -0.04813
105 199 0.0033
105 200 -0.0342
105 201 0.08072
105 202 0.02164
105 203 0.05431
105 204 0.05997
105 205 0.01895
105 206 -0.00462
105 207 0.01457
105 208 -0.01428
105 209 0.03169
105 210 0.04986
105 211 -0.02132
105 212 -0.0682
105 213 0.00949
105 214 0.08861
105 215 0.03007
105 216 -0.06907
105 217 -0.00393
105 218 -0.04232
105 219 0.08048
105 220 0.00505
105 221 -0.03486
105 222 -0.03035
105 223 0.05668
105 224 0.06559
105 225 -0.05136
105 226 -0.06976
105 227 0.03227
105 228 0.11564
105 229 -0.02946
105 230 -0.07489
105 231 -0.11262
105 232 -0.01992
105 233 0.0165
105 234 0.06527
105 235 -0.06906
105 236 0.11402
105 237 0.03591
105 238 -0.01121
105 239 0.04326
105 240 -0.0777
105 241 0.01173
105 242 0.01858
105 243 0.13344
105 244 0.07995
105 245 -0.07274
105 246 -0.00232
105 247 0.02603
105 248 -0.04662
105 249 -0.01818
105 250 0.06381
105 251 -0.14493
105 252 0.03603
105 253 -0.01925
105 254 0.0558
105 255 -0.06853
105 256 -0.10338
105 257 0.03806
105 258 0.01587
105 259 -0.07303
105 260 0.03972
105 261 -0.01256
105 262 -0.05378
105 263 -0.04278
105 264 0.03619
105 265 -0.03904
105 266 0.05984
105 267 0.00667
105 268 -0.01034
105 269 -0.02034
105 270 0.06329
105 271 -0.07151
105 272 0.09111
105 273 0.04919
105 274 -0.02524
105 275 -0.10642
105 276 -0.03118
105 277 0.01412
105 278 0.03334
105 279 0.03162
105 280 -0.00983
105 281 0.05199
105 282 -0.01757
105 283 0.00969
105 284 -0.00264
105 285 0.03138
105 286 0.07884
105 287 -0.02578
105 288 -0.02386
105 289 0.023
105 290 0.01116
105 291 0.0149
105 292 -0.03984
105 293 0.10304
105 294 0.06863
105 295 -0.01555
105 296 -0.05623
105 297 0.03833
105 298 -0.10452
105 299 0.06339
106 107 0.09279
106 108 0.04624
106 109 0.0798
106 110 -0.12736
106 111 0.00907
106 112 0.00153
106 113 -0.00469
106 114 0.03879
106 115 -0.10564
106 116 -0.03586
106 117 -0.02533
106 118 -0.09158
106 119 -0.00763
106 120 -0.04271
106 121 -0.01072
106 122 0.03918
106 123 0.01382
106 124 -0.008
106 125 -0.00036
106 126 -0.07825
106 127 -0.01589
106 128 -0.02934
106 129 -0.06116
106 130 -0.03278
106 131 0.02171
106 132 0.05887
106 133 -0.02626
106 134 -0.01875
106 135 -0.05122
106 136 0.04919
106 137 -0.05507
106 138 0.03338
106 139 -0.07761
106 140 0.13255
106 141 0.04876
106 142 -0.00454
106 143 0.05009
106 144 -0.09512
106 145 -0.05817
106 146 0.02359
106 147 0.03755
106 148 0.01877
106 149 0.01689
106 150 0.03488
106 151 -0.02481
106 152 -0.0306
106 153 -0.01129
106 154 0.06056
106 155 -0.03054
106 156 -0.02707
106 157 -0.0674
106 158 0.01449
106 159 -0.02337
106 160 -0.02603
106 161 -0.02158
106 162 0.04069
106 163 -0.03489
106 164 -0.05477
106 165 0.01866
106 166 -0.04129
106 167 -0.03521
106 168 -0.02869
106 169 0.07373
106 170 -0.006
106 171 0.02362
106 172 -0.01647
106 173 -0.06684
106 174 0.00976
106 175 0.06745
106 176 -0.02766
106 177 -0.10666
106 178 -0.0711
106 179 -0.05803
106 180 -0.06809
106 181 0.03051
106 182 -0.03912
106 183 0.08186
106 184 0.01519
106 185 0.02129
106 186 0.06437
106 187 -0.03499
106 188 0.10586
106 189 0.09581
106 190 -0.01104
106 191 0.02016
106 192 -0.02503
106 193 -0.03306
106 194 0.07616
106 195 -0.05248
106 196 -0.09009
106 197 0.05218
106 198 0.04032
106 199 -0.05799
106 200 0.07543
106 201 0.03764
106 202 -0.03796
106 203 -0.07947
106 204 0.00528
106 205 0.10063
106 206 -0.01346
106 207 -0.0099
106 208 0.02939
106 209 -0.05985
106 210 0.03333
106 211 0.06873
106 212 0.02559
106 213 -0.08101
106 214 0.00816
106 215 0.0991
106 216 -0.05738
106 217 -0.0042
106 218 -0.0276
106 219 0.02451
106 220 -0.0064
106 221 -0.03291
106 222 -0.05346
106 223 0.03039
106 224 0.01346
106 225 -0.04999
106 226 0.00714
106 227 -0.07951
106 228 -0.01362
106 229 -0.01182
106 230 0.08797
106 231 0.04232
106 232 0.07427
106 233 0.05986
106 234 -0.12141
106 235 0.01187
106 236 -0.00396
106 237 0.05809
106 238 0.11049
106 239 0.04935
106 240 -0.06882
106 241 -0.06108
106 242 0.02924
106 243 0.0976
106 244 -0.00851
106 245 -0.0478
106 246 -0.04536
106 247 0.0862
106 248 -0.0286
106 249 0.00013
106 250 -0.01759
106 251 0.02726
106 252 -0.00951
106 253 -0.06302
106 254 -0.00794
106 255 -0.04636
106 256 -0.01606
106 257 -0.0487
106 258 -0.0362
106 259 -0.05027
106 260 0.06479
106 261 -0.07113
106 262 -0.00551
106 263 0.07148
106 264 -0.03758
106 265 -0.01599
106 266 -0.07826
106 267 0.03654
106 268 -0.01803
106 269 0.06107
106 270 0.00999
106 271 -0.05796
106 272 -0.05989
106 273 -0.14181
106 274 -0.00285
106 275 0.01222
106 276 -0.06522
106 277 -0.08748
106 278 -0.05075
106 279 0.0565
106 280 -0.08628
106 281 0.1148
106 282 0.0231
106 283 0.10033
106 284 0.03058
106 285 -0.00199
106 286 -0.01676
106 287 -0.03138
106 288 0.09503
106 289 -0.03173
106 290 -0.03643
106 291 0.05303
106 292 -0.04634
106 293 0.01772
106 294 0.00944
106 295 0.00378
106 296 0.00797
106 297 0.05463
106 298 -0.08005
106 299 -0.06552
107 108 -0.10054
107 109 -0.04366
107 110 0.0623
107 111 0.10915
107 112 0.03942
107 113 0.06129
107 114 -0.05742
107 115 -0.01384
107 116 -0.03217
107 117 0.00804
107 118 0.0124
107 119 -0.06809
107 120 -0.02128
107 121 0.03409
107 122 0.04909
107 123 -0.04948
107 124 0.07653
107 125 0.05715
107 126 0.0251
107 127 0.05111
107 128 -0.12052
107 129 -0.04093
107 130 0.12302
107 131 -0.06447
107 132 0.13642
107 133 -0.0192
107 134 0.06253
107 135 0.07332
107 136 0.08646
107 137 -0.08316
107 138 -0.07665
107 139 0.05275
107 140 0.04747
107 141 0.03139
107 142 0.04137
107 143 0.00453
107 144 0.05153
107 145 0.06129
107 146 0.00476
107 147 0.07987
107 148 0.05267
107 149 -0.08089
107 150 -0.02897
107 151 -0.06016
107 152 0.01734
107 153 -0.02736
107 154 -0.0734
107 155 0.05637
107 156 -0.05638
107 157 -0.07546
107 158 0.1055
107 159 -0.02649
107 160 -0.05456
107 161 0.03844
107 162 -0.01001
107 163 -0.04297
107 164 0.06462
107 165 -0.03487
107 166 0.0004
107 167 -0.04172
107 168 0.03665
107 169 -0.05678
107 170 0.05502
107 171 -0.0041
107 172 0.03204
107 173 0.01854
107 174 0.11248
107 175 0.0795
107 176 0.07242
107 177 -0.01432
107 178 0.04639
107 179 -0.0533
107 180 -0.01477
107 181 0.13978
107 182 -0.00123
107 183 -0.06713
107 184 -0.03033
107 185 -0.00222
107 186 -0.05065
107 187 -0.02803
107 188 -0.04112
107 189 -0.02113
107 190 -0.01387
107 191 0.1215
107 192 -0.07396
107 193 -0.01383
107 194 -0.05917
107 195 0.018
107 196 -0.01328
107 197 -0.12854
107 198 -0.0142
107 199 0.01554
107 200 -0.07799
107 201 -0.05625
107 202 0.02144
107 203 0.01026
107 204 0.05712
107 205 0.09066
107 206 0.03214
107 207 0.00953
107 208 -0.04764
107 209 -0.01747
107 210 0.16481
107 211 0.01172
107 212 -0.003
107 213 -0.00705
107 214 0.04241
107 215 0.08802
107 216 -0.07644
107 217 0.05493
107 218 -0.00109
107 219 -0.04946
107 220 0.04315
107 221 0.06125
107 222 -0.00916
107 223 -0.0247
107 224 -0.0478
107 225 -0.00682
107 226 0.02988
107 227 0.04154
107 228 0.0775
107 229 0.00631
107 230 0.06765
107 231 0.10379
107 232 -0.00374
107 233 -0.06774
107 234 -0.02141
107 235 -0.07416
107 236 -0.17006
107 237 0.02597
107 238 0.04685
107 239 0.02224
107 240 0.00868
107 241 0.09586
107 242 0.04644
107 243 0.02388
107 244 -0.02656
107 245 -0.05751
107 246 -0.00189
107 247 0.02098
107 248 -0.0249
107 249 -0.02656
107 250 -0.0562
107 251 -0.00445
107 252 -0.0434
107 253 0.03284
107 254 -0.09103
107 255 -0.03379
107 256 -0.04869
107 257 -0.00072
107 258 0.02241
107 259 -0.08335
107 260 0.0492
107 261 0.02784
107 262 0.03209
107 263 0.02332
107 264 -0.03301
107 265 -0.03551
107 266 0.12659
107 267 -0.03772
107 268 -0.06278
107 269 0.00911
107 270 -0.04365
107 271 0.05975
107 272 0.04472
107 273 0.005
107 274 0.04794
107 275 -0.02144
107 276 -0.11145
107 277 -0.01579
107 278 0.09934
107 279 0.00958
107 280 -0.01914
107 281 0.01527
107 282 0.0989
107 283 -0.01907
107 284 0.02775
107 285 -0.05623
107 286 -0.10154
107 287 0.03236
107 288 0.00184
107 289 0.02291
107 290 0.00539
107 291 -0.06191
107 292 -0.01299
107 293 0.076
107 294 0.04601
107 295 0.09574
107 296 0.04173
107 297 -0.16779
107 298 -0.05199
107 299 -0.05012
108 109 -0.05008
108 110 0.02426
108 111 -0.06966
108 112 -0.02368
108 113 0.04969
108 114 -0.02086
108 115 0.13514
108 116 0.03865
108 117 -0.05494
108 118 -0.02745
108 119 0.03798
108 120 -0.02991
108 121 0.01195
108 122 -0.01942
108 123 0.01434
108 124 0.09282
108 125 0.0065
108 126 -0.01457
108 127 -0.04478
108 128 0.01705
108 129 -0.07774
108 130 -0.08555
108 131 0.02326
108 132 -0.00336
108 133 -0.01802
108 134 -0.00944
108 135 -0.00718
108 136 0.09966
108 137 -0.0908
108 138 0.05105
108 139 0.01601
108 140 0.01047
108 141 0.02569
108 142 -0.00158
108 143 -0.00438
108 144 0.02068
108 145 -0.03242
108 146 -0.10939
108 147 0.06563
108 148 0.03155
108 149 -0.05384
108 150 -0.0621
108 151 -0.05294
108 152 -0.02361
108 153 0.04757
108 154 0.08556
108 155 -0.10359
108 156 0.05061
108 157 -0.00703
108 158 0.10238
108 159 -0.00809
108 160 -0.01081
108 161 -0.05499
108 162 0.08823
108 163 -0.11032
108 164 -0.02902
108 165 0.04724
108 166 0.00438
108 167 -0.01293
108 168 -0.06176
108 169 -0.00049
108 170 0.01758
108 171 -0.02419
108 172 -0.0575
108 173 -0.03906
108 174 0.01025
108 175 -0.05863
108 176 0.08359
108 177 0.0484
108 178 -0.01931
108 179 0.00243
108 180 0.03339
108 181 0.02478
108 182 -0.00512
108 183 0.02227
108 184 0.03478
108 185 -0.02339
108 186 0.0529
108 187 0.00916
108 188 0.02891
108 189 -0.03624
108 190 -0.03028
108 191 0.13312
108 192 0.04611
108 193 -0.05584
108 194 0.01701
108 195 -0.00079
108 196 0.09268
108 197 -0.00206
108 198 0.0127
108 199 0.01676
108 200 0.06791
108 201 0.00463
108 202 0.01811
108 203 0.02823
108 204 -0.06165
108 205 -0.0958
108 206 0.03411
108 207 0.14939
108 208 -0.06409
108 209 -0.02126
108 210 -0.09884
108 211 0.10612
108 212 -0.0343
108 213 0.02836
108 214 0.02698
108 215 -0.01604
108 216 -0.09626
108 217 0.01936
108 218 -0.06197
108 219 -0.02273
108 220 -0.05573
108 221 0.03082
108 222 0.07528
108 223 -0.01215
108 224 -0.08463
108 225 0.0079
108 226 -0.02872
108 227 -0.04741
108 228 -0.0118
108 229 0.03446
108 230 -0.01618
108 231 -0.03826
108 232 0.01175
108 233 -0.03067
108 234 -0.08843
108 235 0.05201
108 236 0.02153
108 237 0.03309
108 238 0.05082
108 239 0.10653
108 240 -0.01871
108 241 0.05942
108 242 -0.01818
108 243 0.00744
108 244 -0.0902
108 245 0.04963
108 246 -0.05995
108 247 0.08779
108 248 0.05473
108 249 0.05933
108 250 -0.10413
108 251 -0.03042
108 252 -0.04391
108 253 0.0288
108 254 -0.04798
108 255 0.05314
108 256 -0.05132
108 257 0.05548
108 258 0.08521
108 259 0.00276
108 260 -0.0365
108 261 0.05845
108 262 -0.00931
108 263 -0.09733
108 264 -0.00048
108 265 -0.02877
108 266 0.01454
108 267 -0.05603
108 268 0.0409
108 269 -0.1304
108 270 0.03065
108 271 0.00987
108 272 0.05858
108 273 0.04049
108 274 0.04157
108 275 -0.06464
108 276 0.01033
108 277 -0.07081
108 278 -0.00125
108 279 -0.01454
108 280 -0.03349
108 281 -0.04028
108 282 0.02821
108 283 -0.02196
108 284 0.0167
108 285 -0.05588
108 286 -0.00526
108 287 -0.0578
108 288 0.10745
108 289 -0.04345
108 290 0.03942
108 291 -0.0223
108 292 -0.02146
108 293 -0.06934
108 294 -0.0278
108 295 -0.04871
108 296 -0.00504
108 297 -0.00564
108 298 0.01249
108 299 -0.00599
109 110 0.07147
109 111 -0.08565
109 112 0.01802
109 113 -0.05086
109 114 0.00598
109 115 0.02629
109 116 -0.04741
109 117 0.15065
109 118 0.09082
109 119 0.02633
109 120 -0.04981
109 121 -0.07183
109 122 0.05669
109 123 0.03709
109 124 0.07661
109 125 -0.14304
109 126 0.11625
109 127 -0.02248
109 128 0.01713
109 129 -0.03304
109 130 0.04129
109 131 -0.01707
109 132 -0.07246
109 133 -0.00095
109 134 -0.12729
109 135 0.098
109 136 0.07845
109 137 0.09934
109 138 0.0256
109 139 0.0831
109 140 -0.04611
109 141 0.06487
109 142 0.09805
109 143 -0.02064
109 144 -0.03408
109 145 -0.01676
109 146 -0.09591
109 147 -0.10928
109 148 -0.00801
109 149 0.02097
109 150 -0.00685
109 151 0.07053
109 152 -0.03926
109 153 -0.03762
109 154 0.03154
109 155 -0.04995
109 156 0.00886
109 157 -0.01872
109 158 0.01953
109 159 0.06229
109 160 0.07362
109 161 -0.06959
109 162 0.02723
109 163 -0.0102
109 164 0.06589
109 165 0.00337
109 166 0.07583
109 167 0.05276
109 168 -0.01282
109 169 0.01421
109 170 0.09781
109 171 0.00597
109 172 0.07774
109 173 -0.10437
109 174 0.0323
109 175 0.04899
109 176 -0.00223
109 177 0.01483
109 178 0.04335
109 179 0.02343
109 180 0.01675
109 181 -0.0946
109 182 -0.03687
109 183 0.06684
109 184 0.0077
109 185 -0.03735
109 186 0.00286
109 187 0.0584
109 188 0.03723
109 189 -0.06586
109 190 0.02179
109 191 -0.00066
109 192 -0.02639
109 193 -0.01354
109 194 0.0458
109 195 -0.06458
109 196 -0.0411
109 197 -0.01564
109 198 0.10682
109 199 -0.11846
109 200 0.00567
109 201 -0.00957
109 202 0.03415
109 203 0.00507
109 204 0.06591
109 205 -0.03832
109 206 0.02482
109 207 -0.04117
109 208 0.02312
109 209 0.10012
109 210 0.11219
109 211 -0.01812
109 212 0.05591
109 213 -0.02535
109 214 -0.0965
109 215 0.0653
109 216 -0.02179
109 217 0.07694
109 218 0.06057
109 219 -0.06012
109 220 0.02619
109 221 0.00302
109 222 -0.00515
109 223 -0.09317
109 224 0.01533
109 225 -0.05252
109 226 -0.03042
109 227 0.07581
109 228 -0.05835
109 229 0.01303
109 230 0.03667
109 231 -0.01469
109 232 -0.11822
109 233 -0.098
109 234 -0.02815
109 235 -0.01337
109 236 0.03371
109 237 -0.04029
109 238 0.0114
109 239 0.10926
109 240 0.01275
109 241 -0.10491
109 242 0.11194
109 243 0.10403
109 244 -0.00529
109 245 0.04376
109 246 0.02684
109 247 0.01635
109 248 -0.04732
109 249 -0.00764
109 250 -0.03761
109 251 -0.00691
109 252 -0.05609
109 253 -0.04769
109 254 0.00737
109 255 -0.09755
109 256 -0.05193
109 257 -0.03551
109 258 0.13856
109 259 0.05405
109 260 -0.01173
109 261 0.02934
109 262 0.12316
109 263 -0.01948
109 264 -0.00599
109 265 0.02019
109 266 -0.05949
109 267 0.00927
109 268 0.0124
109 269 0.0234
109 270 -0.05819
109 271 -0.00157
109 272 -0.10407
109 273 -0.00685
109 274 -0.05753
109 275 -0.05879
109 276 -0.01557
109 277 0.1249
109 278 0.00921
109 279 -0.03602
109 280 -0.14257
109 281 -0.10745
109 282 0.04281
109 283 0.08176
109 284 0.04744
109 285 0.0553
109 286 0.06858
109 287 -0.05706
109 288 0.07614
109 289 -0.02041
109 290 0.00815
109 291 -0.1255
109 292 -0.08759
109 293 0.11345
109 294 -0.09132
109 295 -0.11681
109 296 -0.05431
109 297 -0.06041
109 298 -0.04209
109 299 0.05392
110 111 -0.02043
110 112 0.06871
110 113 0.00245
110 114 -0.04491
110 115 -0.09792
110 116 -0.12517
110 117 0.08389
110 118 0.05605
110 119 0.02731
110 120 -0.00071
110 121 -0.02964
110 122 -0.00093
110 123 0.01685
110 124 0.02579
110 125 -0.01877
110 126 -0.03058
110 127 0.10373
110 128 0.06599
110 129 0.06053
110 130 -0.03638
110 131 0.00162
110 132 -0.03579
110 133 0.03948
110 134 0.06577
110 135 -0.06396
110 136 0.042
110 137 -0.08523
110 138 0.01827
110 139 -0.13524
110 140 0.15114
110 141 0.04484
110 142 -0.07578
110 143 -0.0138
110 144 0.02278
110 145 0.06158
110 146 -0.05871
110 147 0.0258
110 148 -0.06431
110 149 -0.08079
110 150 -0.04558
110 151 -0.01506
110 152 0.01569
110 153 0.00011
110 154 0.04042
110 155 -0.03365
110 156 -0.01752
110 157 -0.02058
110 158 -0.00028
110 159 -0.05444
110 160 -0.00402
110 161 0.04886
110 162 -0.07245
110 163 -0.02404
110 164 -0.02335
110 165 0.11919
110 166 0.02102
110 167 -0.005
110 168 -0.00673
110 169 -0.00556
110 170 -0.01242
110 171 -0.05574
110 172 0.01458
110 173 -0.01005
110 174 -0.0013
110 175 -0.08019
110 176 -0.03485
110 177 0.08479
110 178 -0.13587
110 179 -0.00913
110 180 0.01862
110 181 0.05168
110 182 -0.0687
110 183 0.00904
110 184 0.00403
110 185 0.0166
110 186 -0.00196
110 187 -0.02362
110 188 0.07221
110 189 0.02266
110 190 0.02638
110 191 -0.0359
110 192 0.03345
110 193 0.06225
110 194 0.00358
110 195 0.09282
110 196 0.07081
110 197 0.03863
110 198 -0.07239
110 199 -0.00108
110 200 -0.10099
110 201 0.05331
110 202 -0.03646
110 203 0.05717
110 204 0.11777
110 205 0.07193
110 206 -0.05662
110 207 -0.11072
110 208 0.01573
110 209 -0.06502
110 210 0.08476
110 211 -0.00836
110 212 -0.03072
110 213 -0.01395
110 214 -0.05383
110 215 0.03539
110 216 -0.02173
110 217 0.01765
110 218 0.03432
110 219 0.03497
110 220 0.06033
110 221 -0.044
110 222 -0.02434
110 223 0.01934
110 224 -0.08223
110 225 0.00583
110 226 -0.12422
110 227 -0.06785
110 228 -0.0683
110 229 0.02138
110 230 -0.03517
110 231 -0.01233
110 232 0.01483
110 233 0.00012
110 234 0.02418
110 235 -0.07662
110 236 0.01585
110 237 -0.01257
110 238 0.03029
110 239 0.05571
110 240 -0.09893
110 241 -0.07171
110 242 -0.0637
110 243 -0.01877
110 244 -0.00966
110 245 -0.05978
110 246 -0.15043
110 247 0.02305
110 248 -0.0345
110 249 0.03638
110 250 -0.02024
110 251 0.09455
110 252 -0.02536
110 253 0.11487
110 254 -0.0466
110 255 -0.07235
110 256 0.08909
110 257 0.07522
110 258 0.09858
110 259 0.00592
110 260 -0.13285
110 261 0.03454
110 262 -0.04754
110 263 -0.05591
110 264 -0.01322
110 265 0.1039
110 266 -0.07085
110 267 -0.02911
110 268 -0.07319
110 269 -0.00047
110 270 -0.02094
110 271 -0.04285
110 272 0.14286
110 273 -0.00187
110 274 0.03258
110 275 -0.00459
110 276 -0.09555
110 277 0.03142
110 278 -0.05775
110 279 -0.06726
110 280 0.01144
110 281 0.02439
110 282 0.01755
110 283 0.04703
110 284 0.11909
110 285 -0.03499
110 286 -0.02671
110 287 0.08375
110 288 -0.07086
110 289 -0.06547
110 290 0.10689
110 291 -0.03268
110 292 0.03152
110 293 0.03012
110 294 0.02377
110 295 -0.00117
110 296 -0.09777
110 297 -0.01113
110 298 0.05853
110 299 -0.0367
111 112 0.14778
111 113 0.01647
111 114 -0.13507
111 115 0.0225
111 116 -0.02717
111 117 -0.02546
111 118 0.04003
111 119 0.00206
111 120 -0.00647
111 121 -0.00044
111 122 0.09818
111 123 -0.03678
111 124 -0.05641
111 125 0.06411
111 126 0.01417
111 127 0.00201
111 128 0.05525
111 129 -0.05981
111 130 0.17842
111 131 -0.06684
111 132 -0.02254
111 133 -0.04398
111 134 0.00824
111 135 -0.03162
111 136 0.03216
111 137 0.05473
111 138 -0.00735
111 139 -0.00121
111 140 0.05639
111 141 -0.01914
111 142 -0.02523
111 143 -0.03507
111 144 -0.04667
111 145 -0.00438
111 146 -0.00806
111 147 -0.02271
111 148 0.03153
111 149 0.0065
111 150 -0.10021
111 151 0.05585
111 152 -0.00054
111 153 -0.07687
111 154 -0.03841
111 155 0.03555
111 156 0.10841
111 157 0.01419
111 158 -0.08882
111 159 0.09123
111 160 0.05869
111 161 -0.02258
111 162 0.11156
111 163 -0.06521
111 164 0.05907
111 165 0.00229
111 166 -0.02492
111 167 0.00117
111 168 0.06765
111 169 -0.01726
111 170 0.02498
111 171 -0.02077
111 172 0.03449
111 173 0.0884
111 174 0.01375
111 175 0.04576
111 176 -0.03785
111 177 0.09478
111 178 -0.01209
111 179 0.00758
111 180 -0.04964
111 181 0.03521
111 182 0.02094
111 183 -0.04439
111 184 0.01418
111 185 0.02952
111 186 -0.08255
111 187 -0.01696
111 188 0.0508
111 189 -0.07707
111 190 -0.12133
111 191 -0.01408
111 192 0.07278
111 193 -0.07647
111 194 0.01244
111 195 -0.0235
111 196 -0.00145
111 197 -0.00821
111 198 0.01368
111 199 0.07324
111 200 -0.19334
111 201 0.05495
111 202 -0.00617
111 203 -0.03127
111 204 -0.04942
111 205 0.0807
111 206 0.03198
111 207 0.02065
111 208 0.02097
111 209 -0.10807
111 210 -0.08183
111 211 -0.04685
111 212 -0.06908
111 213 0.05489
111 214 -0.00422
111 215 0.07263
111 216 -0.00817
111 217 0.06337
111 218 0.02149
111 219 0.00873
111 220 -0.04554
111 221 -0.0024
111 222 0.05272
111 223 0.06183
111 224 -0.08996
111 225 0.0033
111 226 -0.03057
111 227 -0.00973
111 228 0.06686
111 229 -0.0357
111 230 -0.0851
111 231 -0.08546
111 232 0.05446
111 233 0.00561
111 234 0.10563
111 235 -0.02511
111 236 -0.16189
111 237 0.02578
111 238 0.0569
111 239 -0.0382
111 240 -0.00484
111 241 -0.02608
111 242 0.0172
111 243 -0.06488
111 244 0.01673
111 245 0.05412
111 246 -0.0709
111 247 0.07592
111 248 0.05305
111 249 0.01134
111 250 0.07318
111 251 -0.07535
111 252 -0.05007
111 253 0.05285
111 254 0.0531
111 255 0.05541
111 256 -0.03032
111 257 0.03441
111 258 0.03655
111 259 -0.05015
111 260 -0.00708
111 261 0.1401
111 262 -0.01853
111 263 0.04282
111 264 0.06482
111 265 0.03917
111 266 -0.021
111 267 -0.03483
111 268 -0.05265
111 269 -0.0503
111 270 0.00289
111 271 0.04044
111 272 0.08116
111 273 0.02589
111 274 0.01083
111 275 0.10634
111 276 0.03946
111 277 -0.03651
111 278 0.04739
111 279 0.08468
111 280 -0.04279
111 281 -0.01504
111 282 -0.02484
111 283 -0.02012
111 284 -0.00158
111 285 -0.0032
111 286 -0.04658
111 287 0.00502
111 288 0.07644
111 289 0.01862
111 290 -0.10173
111 291 -0.03923
111 292 -0.02429
111 293 -0.0128
111 294 -0.06491
111 295 -0.03647
111 296 -0.06666
111 297 -0.04479
111 298 0.02517
111 299 -0.05317
112 113 0.02209
112 114 0.03663
112 115 -0.0089
112 116 0.03098
112 117 -0.04682
112 118 0.07242
112 119 -0.0535
112 120 -0.03547
112 121 -0.05963
112 122 -0.0944
112 123 0.04281
112 124 -0.03317
112 125 -0.02405
112 126 0.06447
112 127 0.08831
112 128 0.11855
112 129 -0.0076
112 130 -0.0729
112 131 0.0787
112 132 0.07268
112 133 -0.02158
112 134 -0.01397
112 135 -0.00421
112 136 -0.09437
112 137 -0.06588
112 138 -0.06134
112 139 0.04943
112 140 0.05521
112 141 0.0036
112 142 0.07673
112 143 -0.02809
112 144 -0.02402
112 145 0.04205
112 146 -0.00482
112 147 0.01301
112 148 -0.0075
112 149 0.0455
112 150 0.0176
112 151 0.07479
112 152 -0.08382
112 153 -0.02264
112 154 0.07036
112 155 -0.011
112 156 0.03293
112 157 0.12099
112 158 0.09379
112 159 0.07674
112 160 0.0295
112 161 0.05038
112 162 -0.06809
112 163 0.00804
112 164 0.09518
112 165 -0.02852
112 166 0.01591
112 167 0.03117
112 168 0.04781
112 169 -0.02607
112 170 0.07125
112 171 0.06571
112 172 -0.01989
112 173 0.02344
112 174 -0.07292
112 175 0.02703
112 176 -0.06531
112 177 0.07025
112 178 -0.0566
112 179 -0.04033
112 180 0.0355
112 181 0.0668
112 182 0.01917
112 183 0.0202
112 184 -0.11681
112 185 0.06207
112 186 -0.12959
112 187 -0.10967
112 188 0.01805
112 189 -0.00913
112 190 -0.02061
112 191 -0.06637
112 192 0.04577
112 193 -0.04769
112 194 0.11004
112 195 0.04055
112 196 -0.01858
112 197 0.04188
112 198 -0.0479
112 199 0.01681
112 200 0.04157
112 201 0.14681
112 202 0.09877
112 203 -0.06263
112 204 -0.04331
112 205 0.044
112 206 -0.0041
112 207 -0.00807
112 208 0.01588
112 209 0.03845
112 210 0.03597
112 211 0.04553
112 212 0.06507
112 213 0.0248
112 214 -0.00122
112 215 -0.01782
112 216 -0.02372
112 217 -0.01977
112 218 0.04513
112 219 -0.11741
112 220 -0.08561
112 221 -0.03484
112 222 0.03017
112 223 0.11775
112 224 0.0736
112 225 0.02669
112 226 -0.00158
112 227 -0.04776
112 228 -0.08001
112 229 -0.04517
112 230 0.05234
112 231 -0.05227
112 232 -0.01189
112 233 0.0195
112 234 -0.10225
112 235 -0.08654
112 236 0.01579
112 237 -0.02881
112 238 0.08689
112 239 0.00903
112 240 -0.03123
112 241 -0.03202
112 242 0.0708
112 243 0.00501
112 244 -0.09096
112 245 -0.06116
112 246 -0.03224
112 247 0.07256
112 248 0.00889
112 249 0.06186
112 250 0.05416
112 251 -0.06814
112 252 -0.04449
112 253 -0.01821
112 254 -0.08735
112 255 -0.01612
112 256 -0.01984
112 257 0.08272
112 258 -0.00052
112 259 0.02453
112 260 -0.09924
112 261 -0.09766
112 262 0.07014
112 263 -0.06681
112 264 -0.02669
112 265 -0.06568
112 266 -0.01097
112 267 0.03352
112 268 -0.13111
112 269 0.12177
112 270 0.05345
112 271 -0.00805
112 272 -0.00046
112 273 -0.09803
112 274 0.10624
112 275 0.03287
112 276 0.01611
112 277 0.007
112 278 0.08968
112 279 0.05011
112 280 0.00302
112 281 0.07392
112 282 -0.06183
112 283 0.03612
112 284 0.02373
112 285 0.06014
112 286 -0.11806
112 287 -0.0145
112 288 -0.15309
112 289 0.11546
112 290 -0.00402
112 291 -0.01796
112 292 -0.02342
112 293 -0.08878
112 294 0.05307
112 295 -0.06158
112 296 0.02629
112 297 -0.04994
112 298 0.01722
112 299 0.02558
113 114 0.08487
113 115 -0.02139
113 116 0.07369
113 117 0.04192
113 118 0.0802
113 119 -0.06388
113 120 0.14487
113 121 -0.05316
113 122 -0.07461
113 123 0.03732
113 124 0.09682
113 125 0.02005
113 126 -0.0384
113 127 -0.02064
113 128 -0.03478
113 129 -0.11449
113 130 0.01393
113 131 0.01016
113 132 0.04825
113 133 -0.02003
113 134 -0.00168
113 135 -0.05957
113 136 0.05375
113 137 -0.02725
113 138 -0.07031
113 139 -0.00576
113 140 0.0641
113 141 -0.12554
113 142 -0.06491
113 143 -0.01224
113 144 0.02647
113 145 -0.02365
113 146 -0.0445
113 147 0.0572
113 148 0.02628
113 149 0.03181
113 150 -0.13527
113 151 0.01905
113 152 -0.0108
113 153 -0.01217
113 154 -0.02379
113 155 0.0691
113 156 -0.05812
113 157 -0.13276
113 158 0.11335
113 159 -0.03874
113 160 0.01882
113 161 0.03512
113 162 0.03333
113 163 -0.00913
113 164 0.00228
113 165 -0.00602
113 166 0.08352
113 167 0.10265
113 168 0.14035
113 169 -0.08658
113 170 0.00924
113 171 -0.04348
113 172 0.04575
113 173 -0.05374
113 174 -0.10425
113 175 -0.07702
113 176 0.10249
113 177 -0.00638
113 178 0.05123
113 179 -0.05566
113 180 0.04845
113 181 0.01611
113 182 -0.00298
113 183 -0.0513
113 184 0.09002
113 185 -0.05455
113 186 0.07897
113 187 0.09379
113 188 0.09654
113 189 0.00863
113 190 0.00557
113 191 -0.0179
113 192 0.08019
113 193 0.02631
113 194 0.00193
113 195 -0.09882
113 196 0.03347
113 197 -0.03932
113 198 0.07874
113 199 -0.02092
113 200 -0.03453
113 201 -0.03851
113 202 0.05989
113 203 -0.02093
113 204 0.02471
113 205 0.02563
113 206 0.03118
113 207 0.06871
113 208 -0.03117
113 209 -0.02659
113 210 0.1413
113 211 -0.03733
113 212 0.12258
113 213 0.07301
113 214 -0.00284
113 215 -0.00416
113 216 -0.04915
113 217 0.05593
113 218 -0.109
113 219 -0.06289
113 220 -0.04851
113 221 -0.03748
113 222 -0.09221
113 223 0.04561
113 224 0.00904
113 225 0.02544
113 226 -0.06195
113 227 -0.04385
113 228 0.03479
113 229 0.02652
113 230 0.11562
113 231 -0.0265
113 232 0.11923
113 233 -0.01629
113 234 -0.07665
113 235 0.0215
113 236 -0.08407
113 237 -0.00879
113 238 0.00386
113 239 -0.14379
113 240 -0.06798
113 241 0.08315
113 242 0.01155
113 243 -0.00915
113 244 -0.0976
113 245 -0.09284
113 246 -0.0348
113 247 0.09092
113 248 -0.08097
113 249 0.05091
113 250 0.01448
113 251 -0.01502
113 252 -0.02308
113 253 0.01138
113 254 -0.01429
113 255 -0.06041
113 256 0.02891
113 257 -0.01917
113 258 0.01233
113 259 -0.02451
113 260 0.06163
113 261 -0.09925
113 262 -0.00973
113 263 -0.09898
113 264 -0.02311
113 265 -0.0128
113 266 -0.05248
113 267 0.06359
113 268 -0.09675
113 269 0.05274
113 270 0.05683
113 271 -0.05501
113 272 -0.0068
113 273 -0.09698
113 274 -0.02193
113 275 0.06874
113 276 -0.04658
113 277 -0.0683
113 278 -0.0565
113 279 -0.00192
113 280 0.02122
113 281 0.07931
113 282 -0.07344
113 283 0.02374
113 284 -0.02994
113 285 0.00472
113 286 -0.05133
113 287 0.04788
113 288 0.00339
113 289 0.00983
113 290 -0.05315
113 291 0.01304
113 292 0.05059
113 293 0.20129
113 294 0.02481
113 295 -0.01798
113 296 -0.08037
113 297 0.04369
113 298 0.003
113 299 0.02753
114 115 -0.07271
114 116 -0.0549
114 117 0.04537
114 118 -0.07359
114 119 0.01024
114 120 -0.0401
114 121 -0.0472
114 122 0.04959
114 123 0.0372
114 124 0.10782
114 125 0.03295
114 126 0.07637
114 127 -0.07943
114 128 0.02879
114 129 0.00928
114 130 -0.00745
114 131 -0.05725
114 132 0.02559
114 133 -0.08805
114 134 -0.06812
114 135 -0.04004
114 136 -0.05651
114 137 -0.12006
114 138 0.14159
114 139 -0.05116
114 140 0.02134
114 141 -0.03413
114 142 0.01893
114 143 0.00834
114 144 -0.00103
114 145 0.06299
114 146 0.10298
114 147 0.04104
114 148 0.04022
114 149 0.00165
114 150 0.0565
114 151 0.0543
114 152 0.01162
114 153 0.02142
114 154 -0.0456
114 155 -0.03051
114 156 0.05537
114 157 -0.04445
114 158 0.01402
114 159 -0.01697
114 160 -0.0024
114 161 0.0481
114 162 0.01529
114 163 0.01721
114 164 -0.02034
114 165 0.09163
114 166 -0.06576
114 167 -0.05067
114 168 0.10798
114 169 -0.00259
114 170 -0.04571
114 171 0.05007
114 172 0.03921
114 173 -0.04417
114 174 -0.01348
114 175 -0.01294
114 176 0.0419
114 177 -0.02147
114 178 -0.12508
114 179 -0.00268
114 180 0.0386
114 181 -0.00181
114 182 0.0178
114 183 -0.07072
114 184 0.04006
114 185 0.02195
114 186 -0.01377
114 187 -0.12435
114 188 0.11101
114 189 -0.07846
114 190 -0.04087
114 191 -0.04777
114 192 -0.03813
114 193 -0.11795
114 194 -0.02342
114 195 -0.01306
114 196 0.04513
114 197 -0.01091
114 198 -0.07245
114 199 0.00703
114 200 0.04674
114 201 -0.0337
114 202 0.01853
114 203 0.07376
114 204 -0.00495
114 205 -0.03659
114 206 -0.00851
114 207 0.0143
114 208 0.03364
114 209 -0.01209
114 210 -0.05651
114 211 0.00661
114 212 0.01768
114 213 0.10387
114 214 0.01386
114 215 0.04734
114 216 0.0047
114 217 0.08536
114 218 -0.07131
114 219 0.03386
114 220 0.0641
114 221 -0.02362
114 222 0.14121
114 223 0.01339
114 224 0.05902
114 225 -0.16133
114 226 -0.03999
114 227 -0.04324
114 228 0.04467
114 229 -0.101
114 230 -0.07495
114 231 0.01342
114 232 -0.02348
114 233 -0.09928
114 234 0.04588
114 235 -0.03614
114 236 -0.00866
114 237 0.01598
114 238 -0.04763
114 239 0.11065
114 240 0.01307
114 241 0.06589
114 242 0.09199
114 243 0.05372
114 244 -0.06297
114 245 -0.02544
114 246 0.03474
114 247 0.06094
114 248 -0.00704
114 249 0.07769
114 250 -0.04157
114 251 -0.04098
114 252 -0.08662
114 253 0.08522
114 254 0.07698
114 255 -0.04061
114 256 0.05633
114 257 0.05858
114 258 0.07965
114 259 -0.01515
114 260 -0.08618
114 261 0.10232
114 262 -0.04097
114 263 -0.15479
114 264 -0.01626
114 265 0.04854
114 266 -0.01383
114 267 0.01431
114 268 -0.07222
114 269 0.05549
114 270 -0.04899
114 271 -0.07208
114 272 0.06596
114 273 -0.05716
114 274 0.01134
114 275 -0.03032
114 276 -0.02792
114 277 -0.01629
114 278 -0.04756
114 279 -0.00831
114 280 0.01221
114 281 -0.00977
114 282 0.01141
114 283 0.04957
114 284 -0.11344
114 285 0.04593
114 286 0.01244
114 287 -0.01874
114 288 -0.00542
114 289 -0.02048
114 290 0.12194
114 291 0.02759
114 292 -0.00577
114 293 -0.0665
114 294 -0.02896
114 295 -0.00987
114 296 0.06748
114 297 -0.01433
114 298 0.03142
114 299 -0.06763
115 116 -0.02519
115 117 -0.03714
115 118 0.00426
115 119 0.11547
115 120 0.04052
115 121 -0.05754
115 122 -0.02474
115 123 -0.03313
115 124 0.03404
115 125 -0.02541
115 126 -0.0224
115 127 0.06891
115 128 0.11558
115 129 -0.00546
115 130 -0.04405
115 131 -0.07677
115 132 0.02784
115 133 0.01128
115 134 0.01683
115 135 0.07085
115 136 0.04238
115 137 -0.0059
115 138 -0.10592
115 139 -0.07328
115 140 0.03332
115 141 0.06314
115 142 0.07668
115 143 0.12429
115 144 -0.0756
115 145 0.01968
115 146 -0.05621
115 147 0.02484
115 148 -0.05648
115 149 0.11762
115 150 -0.10776
115 151 0.09175
115 152 -0.01264
115 153 0.02347
115 154 -0.05391
115 155 -0.16701
115 156 -0.10089
115 157 -0.00481
115 158 0.00607
115 159 -0.05518
115 160 0.05107
115 161 -0.09556
115 162 -0.01293
115 163 0.0086
115 164 0.0143
115 165 -0.03194
115 166 -0.00457
115 167 0.04502
115 168 0.07584
115 169 -0.00161
115 170 0.01953
115 171 -0.03058
115 172 -0.03779
115 173 -0.05937
115 174 -0.07795
115 175 0.10282
115 176 0.05393
115 177 0.08609
115 178 -0.04684
115 179 -0.01075
115 180 -0.01387
115 181 0.05743
115 182 0.03399
115 183 0.03163
115 184 0.04321
115 185 -0.01197
115 186 -0.04415
115 187 0.13564
115 188 -0.02231
115 189 0.03197
115 190 0.06705
115 191 0.03611
115 192 0.07491
115 193 0.06786
115 194 0.08913
115 195 -0.0073
115 196 0.01811
115 197 -0.01415
115 198 0.03759
115 199 -0.0571
115 200 -0.00839
115 201 0.08544
115 202 -0.0781
115 203 0.02821
115 204 -0.04591
115 205 0.02138
115 206 0.03221
115 207 -0.01987
115 208 0.06975
115 209 -0.02321
115 210 -0.01146
115 211 0.04806
115 212 0.04068
115 213 -0.14359
115 214 -0.0468
115 215 -0.00908
115 216 -0.03151
115 217 -0.0727
115 218 0.02682
115 219 -0.00504
115 220 -0.04958
115 221 -0.03352
115 222 0.0296
115 223 0.03986
115 224 -0.02451
115 225 -0.015
115 226 0.08361
115 227 0.01133
115 228 0.04687
115 229 0.06385
115 230 -0.10405
115 231 0.01593
115 232 0.03486
115 233 0.02282
115 234 -0.09768
115 235 -0.03007
115 236 -0.05609
115 237 -0.08359
115 238 0.05177
115 239 0.00802
115 240 -0.02187
115 241 0.04391
115 242 0.04404
115 243 0.03098
115 244 -0.00169
115 245 -0.0846
115 246 -0.01303
115 247 -0.06616
115 248 0.05606
115 249 0.10749
115 250 -0.00442
115 251 0.01189
115 252 0.07981
115 253 0.01046
115 254 -0.03041
115 255 0.00351
115 256 0.02611
115 257 0.05355
115 258 0.03337
115 259 0.02959
115 260 -0.03856
115 261 -0.04731
115 262 0.07486
115 263 -0.06641
115 264 -0.08149
115 265 0.04577
115 266 0.01795
115 267 -0.11176
115 268 0.03362
115 269 -0.04499
115 270 -0.07539
115 271 -0.05977
115 272 -0.09523
115 273 -0.02312
115 274 -0.07213
115 275 0.03808
115 276 -0.03694
115 277 0.03615
115 278 -0.00166
115 279 -0.02883
115 280 -0.06344
115 281 -0.10526
115 282 0.02505
115 283 -0.09498
115 284 -0.03583
115 285 0.01797
115 286 0.00064
115 287 -0.06534
115 288 0.04663
115 289 -0.00782
115 290 0.03393
115 291 -0.02568
115 292 0.00134
115 293 0.04653
115 294 0.07243
115 295 -0.01423
115 296 0.04847
115 297 -0.02163
115 298 -0.03143
115 299 -0.03065
116 117 -0.01415
116 118 -0.03817
116 119 0.00409
116 120 0.03094
116 121 0.02659
116 122 -0.03795
116 123 -0.06548
116 124 -0.04096
116 125 -0.03117
116 126 -0.02163
116 127 -0.00329
116 128 -0.01161
116 129 0.06714
116 130 -0.01173
116 131 -0.08146
116 132 0.09372
116 133 0.06959
116 134 0.09167
116 135 -0.09953
116 136 -0.07141
116 137 -0.01761
116 138 0.00507
116 139 0.02627
116 140 -0.0556
116 141 -0.01011
116 142 0.05922
116 143 -0.13564
116 144 0.01672
116 145 0.00395
116 146 0.01089
116 147 -0.03637
116 148 -0.07891
116 149 0.13742
116 150 0.08307
116 151 -0.03678
116 152 0.00159
116 153 -0.02575
116 154 -0.02657
116 155 0.13048
116 156 -0.02784
116 157 -0.02037
116 158 0.0933
116 159 0.04237
116 160 0.03507
116 161 0.08582
116 162 0.07562
116 163 0.00571
116 164 -0.02348
116 165 -0.01861
116 166 -0.00419
116 167 -0.05309
116 168 0.07836
116 169 -0.02953
116 170 -0.0242
116 171 -0.03975
116 172 -0.00804
116 173 -0.0564
116 174 -0.08368
116 175 0.02902
116 176 -0.04405
116 177 0.04336
116 178 0.00905
116 179 0.03702
116 180 0.08917
116 181 -0.01868
116 182 0.05819
116 183 0.00606
116 184 -0.03907
116 185 0.00984
116 186 0.07043
116 187 0.04838
116 188 0.06137
116 189 0.01652
116 190 -0.01667
116 191 -0.02764
116 192 -0.03015
116 193 0.04971
116 194 0.04873
116 195 0.08378
116 196 -0.00902
116 197 0.05577
116 198 0.09577
116 199 0.01757
116 200 0.04836
116 201 -0.09521
116 202 0.12095
116 203 0.01838
116 204 0.03771
116 205 -0.02619
116 206 0.08974
116 207 0.041
116 208 0.06655
116 209 0.0476
116 210 -0.04576
116 211 0.02998
116 212 -0.05186
116 213 -0.11578
116 214 -0.02198
116 215 -0.02267
116 216 0.01173
116 217 0.001
116 218 0.0199
116 219 -0.07991
116 220 -0.01192
116 221 0.00328
116 222 0.00111
116 223 0.00537
116 224 -0.05766
116 225 -0.03876
116 226 -0.09459
116 227 -0.02321
116 228 0.10034
116 229 -0.01265
116 230 0.01942
116 231 -0.05358
116 232 -0.07636
116 233 -0.00174
116 234 0.01068
116 235 0.08449
116 236 -0.01852
116 237 -0.04769
116 238 0.00714
116 239 -0.00002
116 240 -0.02199
116 241 0.03386
116 242 -0.09285
116 243 -0.05527
116 244 0.03028
116 245 -0.08517
116 246 0.08022
116 247 0.00286
116 248 -0.02126
116 249 0.00023
116 250 0.02106
116 251 -0.02301
116 252 0.05139
116 253 -0.02417
116 254 -0.0506
116 255 -0.1066
116 256 -0.01316
116 257 0.03341
116 258 -0.00614
116 259 -0.09848
116 260 -0.0194
116 261 0.0001
116 262 -0.01335
116 263 0.03523
116 264 0.05379
116 265 -0.01755
116 266 0.03666
116 267 0.06908
116 268 0.03093
116 269 -0.01811
116 270 -0.10068
116 271 -0.02021
116 272 -0.0673
116 273 -0.04479
116 274 -0.05759
116 275 0.00422
116 276 0.02603
116 277 -0.06081
116 278 -0.0351
116 279 -0.11783
116 280 0.02892
116 281 0.05764
116 282 0.01246
116 283 -0.03786
116 284 -0.01179
116 285 0.02671
116 286 -0.02802
116 287 -0.05206
116 288 0.06303
116 289 -0.01581
116 290 0.02406
116 291 0.00433
116 292 -0.09211
116 293 -0.00258
116 294 0.01781
116 295 0.01307
116 296 -0.02446
116 297 0.00913
116 298 0.07381
116 299 0.01811
117 118 -0.0283
117 119 -0.02666
117 120 0.06641
117 121 0.04066
117 122 -0.02207
117 123 -0.04156
117 124 -0.02894
117 125 0.01952
117 126 -0.07283
117 127 -0.00828
117 128 0.00042
117 129 -0.00683
117 130 -0.05871
117 131 0.02048
117 132 -0.04555
117 133 -0.03114
117 134 0.00804
117 135 0.00941
117 136 0.02204
117 137 -0.04482
117 138 0.05257
117 139 0.0419
117 140 0.0291
117 141 0.00549
117 142 0.00466
117 143 0.08717
117 144 -0.00657
117 145 0.04785
117 146 0.00242
117 147 -0.06105
117 148 0.02012
117 149 0.10446
117 150 0.03383
117 151 0.04067
117 152 0.05584
117 153 0.0902
117 154 -0.06752
117 155 -0.04072
117 156 -0.00623
117 157 -0.06768
117 158 -0.09272
117 159 0.03801
117 160 -0.04026
117 161 -0.03746
117 162 -0.01153
117 163 -0.08985
117 164 0.05161
117 165 -0.09889
117 166 0.0227
117 167 -0.03788
117 168 -0.10651
117 169 0.04644
117 170 -0.03987
117 171 0.16675
117 172 -0.03519
117 173 0.04122
117 174 0.01926
117 175 -0.0821
117 176 -0.03705
117 177 0.1054
117 178 -0.07077
117 179 -0.09248
117 180 0.01986
117 181 -0.05008
117 182 0.10028
117 183 -0.00357
117 184 -0.01078
117 185 0.05478
117 186 0.05238
117 187 -0.08818
117 188 -0.02802
117 189 0.05397
117 190 -0.01044
117 191 0.04888
117 192 -0.0764
117 193 -0.0275
117 194 -0.00924
117 195 -0.01712
117 196 0.03432
117 197 -0.06516
117 198 0.0416
117 199 -0.01526
117 200 -0.01197
117 201 0.0321
117 202 -0.0796
117 203 -0.0005
117 204 0.01525
117 205 -0.08979
117 206 0.02969
117 207 -0.06383
117 208 0.00853
117 209 -0.02973
117 210 0.02378
117 211 -0.02087
117 212 0.07592
117 213 -0.04981
117 214 0.05359
117 215 0.04329
117 216 -0.12067
117 217 0.04955
117 218 0.08557
117 219 -0.05845
117 220 -0.03211
117 221 -0.06309
117 222 -0.03005
117 223 -0.03015
117 224 -0.0032
117 225 0.12575
117 226 -0.00095
117 227 0.03214
117 228 -0.00823
117 229 -0.0266
117 230 -0.02987
117 231 0.10007
117 232 0.01961
117 233 -0.03227
117 234 0.08904
117 235 -0.06309
117 236 0.08973
117 237 -0.05575
117 238 -0.06843
117 239 -0.03382
117 240 0.03864
117 241 -0.02626
117 242 -0.01186
117 243 -0.17388
117 244 -0.01519
117 245 0.04642
117 246 0.09131
117 247 -0.00836
117 248 -0.04146
117 249 -0.02329
117 250 -0.09126
117 251 0.02053
117 252 -0.07944
117 253 0.09898
117 254 -0.03348
117 255 0.02227
117 256 0.06541
117 257 0.13554
117 258 0.07632
117 259 -0.0891
117 260 0.06075
117 261 0.08674
117 262 -0.04219
117 263 0.07359
117 264 0.02855
117 265 -0.00394
117 266 -0.03746
117 267 0.03744
117 268 -0.08029
117 269 0.0833
117 270 -0.02628
117 271 -0.02113
117 272 0.06769
117 273 -0.01159
117 274 -0.03496
117 275 0.01868
117 276 -0.06659
117 277 -0.00048
117 278 0.08268
117 279 -0.01844
117 280 -0.00967
117 281 0.08888
117 282 0.04624
117 283 -0.05713
117 284 -0.11457
117 285 -0.10118
117 286 -0.04482
117 287 0.05125
117 288 0.05083
117 289 0.05367
117 290 0.03911
117 291 0.06272
117 292 -0.09168
117 293 0.02025
117 294 0.01332
117 295 -0.03405
117 296 0.10463
117 297 0.04649
117 298 0.02523
117 299 0.03964
118 119 -0.04524
118 120 -0.16448
118 121 0.09233
118 122 -0.08137
118 123 0.01282
118 124 0.05017
118 125 -0.01464
118 126 -0.02303
118 127 0.068
118 128 -0.02509
118 129 -0.09208
118 130 -0.11957
118 131 -0.08691
118 132 0.00066
118 133 -0.02377
118 134 -0.0772
118 135 -0.00524
118 136 -0.01701
118 137 -0.07695
118 138 -0.02685
118 139 -0.02553
118 140 -0.06355
118 141 0.07446
118 142 0.08618
118 143 -0.10239
118 144 0.0578
118 145 0.00595
118 146 -0.04789
118 147 0.07168
118 148 -0.01581
118 149 0.00122
118 150 -0.01252
118 151 -0.02894
118 152 0.01215
118 153 -0.06852
118 154 -0.01579
118 155 -0.09266
118 156 0.05029
118 157 -0.03217
118 158 0.02117
118 159 0.0363
118 160 -0.06733
118 161 0.06222
118 162 0.12496
118 163 0.04368
118 164 -0.04555
118 165 0.14348
118 166 0.01838
118 167 -0.01465
118 168 -0.07616
118 169 0.10837
118 170 -0.08667
118 171 0.10818
118 172 0.09356
118 173 -0.07434
118 174 0.08514
118 175 0.02487
118 176 -0.05199
118 177 0.06043
118 178 0.00409
118 179 0.02287
118 180 -0.05309
118 181 0.01275
118 182 0.14801
118 183 -0.07612
118 184 -0.01984
118 185 0.11415
118 186 -0.00911
118 187 -0.0222
118 188 -0.00722
118 189 -0.04949
118 190 -0.12655
118 191 -0.01928
118 192 0.04186
118 193 -0.03937
118 194 -0.08807
118 195 -0.07131
118 196 0.05784
118 197 0.01487
118 198 -0.04015
118 199 -0.00543
118 200 0.01132
118 201 0.01936
118 202 0.05986
118 203 0.02578
118 204 0.04297
118 205 0.09395
118 206 -0.02536
118 207 -0.0149
118 208 0.03594
118 209 0.01956
118 210 0.03016
118 211 0.12645
118 212 0.02922
118 213 0.06723
118 214 0.00058
118 215 0.06193
118 216 -0.03337
118 217 0.12529
118 218 0.03046
118 219 -0.00228
118 220 -0.06532
118 221 -0.06258
118 222 0.05159
118 223 -0.02243
118 224 -0.0864
118 225 -0.01464
118 226 -0.06372
118 227 -0.00031
118 228 0.02533
118 229 0.00173
118 230 0.03372
118 231 -0.0486
118 232 0.00343
118 233 -0.02555
118 234 0.04214
118 235 0.00657
118 236 -0.07708
118 237 0.02721
118 238 -0.03748
118 239 0.01427
118 240 -0.14548
118 241 0.01824
118 242 -0.1019
118 243 0.02212
118 244 0.05354
118 245 0.05135
118 246 0.04744
118 247 -0.08364
118 248 -0.04272
118 249 -0.01614
118 250 -0.05357
118 251 0.02269
118 252 0.00574
118 253 0.0383
118 254 0.0795
118 255 -0.08827
118 256 0.02314
118 257 0.05322
118 258 0.01421
118 259 0.03166
118 260 -0.07222
118 261 -0.03105
118 262 -0.05601
118 263 -0.07142
118 264 -0.05383
118 265 0.0288
118 266 -0.03132
118 267 0.04838
118 268 -0.00154
118 269 -0.06867
118 270 0.08187
118 271 -0.02876
118 272 -0.0009
118 273 -0.02489
118 274 -0.03276
118 275 -0.01442
118 276 0.08361
118 277 0.0264
118 278 0.05727
118 279 0.05739
118 280 -0.08705
118 281 0.00003
118 282 -0.07769
118 283 -0.10678
118 284 -0.08308
118 285 -0.08855
118 286 0.07041
118 287 -0.03498
118 288 -0.11331
118 289 -0.00339
118 290 -0.02603
118 291 -0.02519
118 292 0.04014
118 293 -0.05492
118 294 0.0038
118 295 -0.05477
118 296 0.08185
118 297 0.03405
118 298 0.00999
118 299 0.07097
119 120 0.03464
119 121 0.13256
119 122 0.00122
119 123 -0.04044
119 124 -0.01978
119 125 0.02874
119 126 -0.02436
119 127 0.02139
119 128 0.00001
119 129 0.06724
119 130 -0.00861
119 131 0.02769
119 132 0.04135
119 133 0.05026
119 134 -0.05678
119 135 0.00858
119 136 0.05843
119 137 -0.01342
119 138 0.07329
119 139 0.02242
119 140 -0.0772
119 141 -0.05647
119 142 0.00651
119 143 -0.01539
119 144 -0.0208
119 145 -0.0553
119 146 0.07472
119 147 -0.1353
119 148 0.00501
119 149 -0.09393
119 150 0.01285
119 151 -0.03398
119 152 0.10349
119 153 -0.11756
119 154 0.07182
119 155 0.01818
119 156 -0.00313
119 157 -0.02356
119 158 -0.01261
119 159 -0.10463
119 160 0.09408
119 161 -0.09192
119 162 -0.0099
119 163 -0.00679
119 164 0.02238
119 165 0.00118
119 166 0.0129
119 167 0.04448
119 168 0.08118
119 169 -0.06971
119 170 -0.01038
119 171 0.00379
119 172 0.05417
119 173 -0.05367
119 174 0.08008
119 175 0.01091
119 176 0.05666
119 177 -0.01883
119 178 0.02711
119 179 0.05159
119 180 0.00632
119 181 -0.05056
119 182 -0.04765
119 183 0.00245
119 184 -0.00626
119 185 -0.07393
119 186 -0.06219
119 187 0.02321
119 188 0.05031
119 189 -0.00017
119 190 0.09529
119 191 -0.02453
119 192 0.00127
119 193 -0.02162
119 194 0.05534
119 195 -0.03001
119 196 -0.00573
119 197 -0.04144
119 198 -0.02885
119 199 -0.02649
119 200 -0.1102
119 201 0.03822
119 202 -0.06502
119 203 0.0448
119 204 -0.07962
119 205 -0.00893
119 206 -0.1345
119 207 -0.08349
119 208 -0.04042
119 209 -0.06392
119 210 0.03695
119 211 -0.00907
119 212 0.02687
119 213 0.03415
119 214 0.06328
119 215 -0.02819
119 216 -0.05143
119 217 -0.00403
119 218 -0.04532
119 219 -0.03587
119 220 0.00491
119 221 0.00202
119 222 -0.02404
119 223 -0.04144
119 224 0.10527
119 225 0.00153
119 226 -0.00409
119 227 0.03731
119 228 -0.05184
119 229 0.00745
119 230 -0.03314
119 231 -0.01842
119 232 -0.10518
119 233 0.05135
119 234 -0.08435
119 235 -0.05186
119 236 -0.0584
119 237 0.02986
119 238 -0.03252
119 239 -0.02651
119 240 -0.02382
119 241 0.11206
119 242 -0.01766
119 243 0.05793
119 244 0.07487
119 245 0.0516
119 246 -0.02359
119 247 -0.01294
119 248 -0.12991
119 249 0.02882
119 250 -0.02324
119 251 0.0594
119 252 -0.00196
119 253 -0.00417
119 254 -0.0332
119 255 -0.037
119 256 0.03597
119 257 0.07741
119 258 0.01248
119 259 0.06931
119 260 0.14979
119 261 -0.01619
119 262 0.00639
119 263 -0.01529
119 264 0.06532
119 265 -0.04144
119 266 0.02856
119 267 -0.01068
119 268 0.02246
119 269 0.02102
119 270 0.06586
119 271 -0.00702
119 272 0.02656
119 273 0.01515
119 274 0.01855
119 275 0.017
119 276 0.00453
119 277 -0.11613
119 278 0.01539
119 279 0.04019
119 280 0.07906
119 281 0.0078
119 282 0.07575
119 283 0.05124
119 284 0.05488
119 285 -0.03549
119 286 0.04836
119 287 -0.06626
119 288 0.06468
119 289 -0.08804
119 290 0.0498
119 291 0.01859
119 292 0.07785
119 293 -0.08384
119 294 0.0347
119 295 0.0251
119 296 -0.03922
119 297 0.0593
119 298 -0.04773
119 299 -0.01224
120 121 0.08028
120 122 0.09361
120 123 -0.06332
120 124 0.18412
120 125 0.05586
120 126 -0.02723
120 127 -0.04998
120 128 -0.05948
120 129 0.00106
120 130 -0.0357
120 131 -0.05029
120 132 -0.02087
120 133 -0.03867
120 134 -0.04676
120 135 -0.13636
120 136 -0.09599
120 137 -0.00374
120 138 -0.02392
120 139 -0.0443
120 140 0.0566
120 141 -0.04311
120 142 0.04471
120 143 0.08802
120 144 -0.00835
120 145 0.05223
120 146 -0.03291
120 147 -0.07278
120 148 0.02714
120 149 -0.06349
120 150 -0.0463
120 151 -0.05443
120 152 -0.05236
120 153 0.06191
120 154 0.02174
120 155 -0.12385
120 156 0.05823
120 157 -0.00844
120 158 -0.0521
120 159 -0.0039
120 160 0.0273
120 161 -0.07016
120 162 -0.07581
120 163 -0.02613
120 164 -0.08041
120 165 -0.12203
120 166 -0.03529
120 167 0.00424
120 168 0.01024
120 169 -0.07765
120 170 -0.00389
120 171 0.05123
120 172 0.08009
120 173 -0.04219
120 174 -0.02094
120 175 0.12998
120 176 -0.03337
120 177 0.02039
120 178 0.068
120 179 0.03391
120 180 0.02804
120 181 0.01551
120 182 0.0131
120 183 0.00161
120 184 0.09634
120 185 -0.04778
120 186 -0.0754
120 187 -0.09841
120 188 0.0239
120 189 0.07242
120 190 0.06195
120 191 -0.08441
120 192 0.06661
120 193 0.0035
120 194 -0.02686
120 195 0.04422
120 196 0.07463
120 197 0.08896
120 198 -0.03336
120 199 0.03838
120 200 0.06273
120 201 0.01526
120 202 -0.0741
120 203 0.08513
120 204 -0.15037
120 205 -0.0602
120 206 0.07971
120 207 -0.0346
120 208 -0.04838
120 209 0.06912
120 210 0.02385
120 211 0.05926
120 212 0.07359
120 213 -0.01819
120 214 -0.05083
120 215 -0.03774
120 216 0.03768
120 217 -0.07073
120 218 0.04585
120 219 0.03354
120 220 0.02982
120 221 0.01891
120 222 -0.05241
120 223 -0.01777
120 224 -0.03142
120 225 -0.01777
120 226 -0.01427
120 227 0.10893
120 228 -0.00274
120 229 0.06168
120 230 0.01057
120 231 0.00168
120 232 0.05658
120 233 0.05147
120 234 -0.00991
120 235 0.05973
120 236 0.02569
120 237 0.08393
120 238 0.04921
120 239 0.01163
120 240 0.0015
120 241 0.03752
120 242 0.14786
120 243 -0.09479
120 244 0.01768
120 245 -0.0118
120 246 0.03251
120 247 -0.04397
120 248 -0.03415
120 249 -0.02866
120 250 -0.01185
120 251 -0.03733
120 252 -0.03688
120 253 -0.06704
120 254 0.01339
120 255 0.10239
120 256 -0.01653
120 257 -0.07386
120 258 -0.00825
120 259 -0.07117
120 260 0.09933
120 261 -0.02828
120 262 -0.05248
120 263 -0.00775
120 264 0.06973
120 265 0.06424
120 266 0.12494
120 267 -0.00546
120 268 0.00461
120 269 0.04278
120 270 0.06778
120 271 0.02392
120 272 -0.09606
120 273 -0.02289
120 274 0.03677
120 275 0.04296
120 276 0.02333
120 277 -0.05604
120 278 0.03777
120 279 0.04437
120 280 -0.07923
120 281 -0.0381
120 282 -0.05901
120 283 -0.00429
120 284 0.09125
120 285 -0.01184
120 286 0.07287
120 287 -0.02441
120 288 0.01336
120 289 0.06168
120 290 0.01065
120 291 0.03665
120 292 -0.00682
120 293 0.02829
120 294 -0.03467
120 295 0.05043
120 296 -0.07115
120 297 -0.02004
120 298 -0.03016
120 299 -0.00402
121 122 -0.09358
121 123 -0.02208
121 124 0.00775
121 125 -0.01444
121 126 -0.06563
121 127 -0.01903
121 128 -0.10977
121 129 -0.06542
121 130 0.04286
121 131 -0.00388
121 132 -0.06468
121 133 0.00499
121 134 0.05661
121 135 -0.07136
121 136 -0.06494
121 137 0.01171
121 138 0.03552
121 139 -0.08441
121 140 0.01491
121 141 0.03151
121 142 -0.06603
121 143 0.02142
121 144 0.06982
121 145 0.00099
121 146 0.00397
121 147 -0.04441
121 148 -0.04569
121 149 -0.00868
121 150 -0.03995
121 151 -0.02565
121 152 0.07337
121 153 0.10956
121 154 -0.06191
121 155 0.05107
121 156 0.0394
121 157 -0.0112
121 158 -0.0351
121 159 -0.0079
121 160 0.04329
121 161 0.01797
121 162 -0.09535
121 163 0.06553
121 164 -0.0862
121 165 -0.05421
121 166 -0.03633
121 167 -0.06484
121 168 0.01887
121 169 -0.00983
121 170 -0.03996
121 171 -0.01059
121 172 0.00184
121 173 0.02515
121 174 -0.01525
121 175 0.04467
121 176 -0.01495
121 177 -0.03447
121 178 0.06692
121 179 0.0641
121 180 0.0088
121 181 -0.04221
121 182 -0.06384
121 183 -0.08863
121 184 -0.02077
121 185 0.11409
121 186 -0.10221
121 187 -0.11047
121 188 0.09384
121 189 0.1449
121 190 0.03237
121 191 -0.011
121 192 -0.00781
121 193 0.02049
121 194 -0.12572
121 195 -0.01197
121 196 -0.01914
121 197 -0.02058
121 198 -0.09787
121 199 0.0285
121 200 0.01655
121 201 -0.13004
121 202 -0.08191
121 203 0.05914
121 204 0.0026
121 205 0.08818
121 206 0.01014
121 207 -0.00494
121 208 0.02264
121 209 -0.03202
121 210 -0.00815
121 211 -0.04161
121 212 0.05963
121 213 -0.01195
121 214 0.02094
121 215 0.06824
121 216 -0.04974
121 217 0.00245
121 218 0.03588
121 219 0.0322
121 220 0.02424
121 221 0.03325
121 222 -0.05213
121 223 0.06913
121 224 -0.03741
121 225 0.01165
121 226 0.03506
121 227 -0.05785
121 228 0.00133
121 229 0.03836
121 230 0.04123
121 231 0.01341
121 232 -0.07092
121 233 0.05052
121 234 -0.02752
121 235 -0.02527
121 236 0.03779
121 237 0.01771
121 238 0.05878
121 239 0.03441
121 240 0.05916
121 241 -0.03413
121 242 -0.0465
121 243 -0.00143
121 244 0.01631
121 245 -0.00664
121 246 -0.0665
121 247 -0.02887
121 248 -0.01349
121 249 0.01258
121 250 -0.0287
121 251 0.14286
121 252 0.02763
121 253 0.05436
121 254 -0.02705
121 255 0.01408
121 256 0.01405
121 257 0.04567
121 258 -0.09636
121 259 0.11002
121 260 -0.09482
121 261 0.00591
121 262 -0.04581
121 263 -0.02376
121 264 -0.0396
121 265 -0.03668
121 266 -0.04667
121 267 0.07974
121 268 -0.0091
121 269 0.07097
121 270 -0.0634
121 271 -0.05474
121 272 -0.03258
121 273 -0.00734
121 274 -0.00892
121 275 0.01913
121 276 0.04969
121 277 0.04913
121 278 -0.04826
121 279 0.13107
121 280 -0.06082
121 281 -0.00036
121 282 -0.05386
121 283 -0.03329
121 284 0.01281
121 285 0.05239
121 286 0.00061
121 287 0.08481
121 288 -0.04411
121 289 0.03039
121 290 0.03529
121 291 0.09418
121 292 0.03305
121 293 -0.01864
121 294 0.11973
121 295 -0.01004
121 296 -0.05376
121 297 -0.04713
121 298 -0.05012
121 299 -0.00026
122 123 0.00234
122 124 -0.01505
122 125 0.06905
122 126 0.04182
122 127 -0.13054
122 128 0.0797
122 129 0.00118
122 130 0.03163
122 131 -0.00859
122 132 -0.02212
122 133 0.0077
122 134 -0.07638
122 135 0.028
122 136 -0.00472
122 137 -0.06694
122 138 -0.00316
122 139 -0.10338
122 140 -0.09307
122 141 0.08566
122 142 -0.04091
122 143 0.0162
122 144 -0.0099
122 145 0.04157
122 146 -0.03166
122 147 0.10715
122 148 -0.0092
122 149 -0.04216
122 150 -0.06111
122 151 0.00496
122 152 -0.03777
122 153 0.04133
122 154 -0.0542
122 155 -0.04271
122 156 -0.0636
122 157 0.04891
122 158 0.05721
122 159 0.07483
122 160 0.08402
122 161 0.01772
122 162 0.07871
122 163 -0.07475
122 164 -0.06023
122 165 -0.00309
122 166 -0.03256
122 167 0.00789
122 168 -0.11084
122 169 -0.09956
122 170 0.03197
122 171 -0.06474
122 172 0.00551
122 173 -0.06698
122 174 -0.03544
122 175 0.03249
122 176 -0.07714
122 177 -0.00133
122 178 -0.00218
122 179 -0.03602
122 180 0.04672
122 181 -0.07685
122 182 0.11001
122 183 -0.01296
122 184 0.00805
122 185 -0.10054
122 186 -0.02943
122 187 0.02487
122 188 0.05513
122 189 0.03677
122 190 -0.00687
122 191 0.07331
122 192 0.02474
122 193 -0.03953
122 194 0.02808
122 195 -0.15558
122 196 -0.06663
122 197 0.00366
122 198 0.02673
122 199 0.07639
122 200 -0.00143
122 201 0.04863
122 202 -0.11082
122 203 0.00242
122 204 -0.14128
122 205 -0.05927
122 206 0.00561
122 207 0.02597
122 208 0.01504
122 209 -0.04271
122 210 -0.1189
122 211 -0.03944
122 212 -0.00072
122 213 -0.02342
122 214 -0.08517
122 215 -0.04452
122 216 -0.03849
122 217 0.06311
122 218 -0.02674
122 219 0.00474
122 220 0.0405
122 221 -0.11
122 222 -0.06066
122 223 -0.03136
122 224 0.03421
122 225 -0.016
122 226 0.01041
122 227 -0.08548
122 228 -0.00733
122 229 -0.00664
122 230 0.02272
122 231 0.04175
122 232 0.07249
122 233 0.01582
122 234 -0.02382
122 235 -0.02192
122 236 -0.00542
122 237 -0.05423
122 238 0.03295
122 239 0.02083
122 240 0.06261
122 241 0.08524
122 242 -0.04167
122 243 -0.00645
122 244 0.02135
122 245 -0.00709
122 246 0.03409
122 247 -0.04794
122 248 0.12394
122 249 0.04153
122 250 0.00599
122 251 -0.05509
122 252 0.03323
122 253 -0.08922
122 254 0.01065
122 255 0.00788
122 256 0.02468
122 257 0.01786
122 258 -0.024
122 259 0.14532
122 260 0.07788
122 261 0.00917
122 262 0.03542
122 263 -0.05314
122 264 0.07195
122 265 -0.0477
122 266 0.03812
122 267 0.00743
122 268 -0.00388
122 269 -0.01545
122 270 -0.08682
122 271 -0.1265
122 272 -0.04293
122 273 0.05103
122 274 -0.03266
122 275 0.16787
122 276 0.011
122 277 0.04624
122 278 0.07433
122 279 -0.03732
122 280 -0.10196
122 281 -0.00004
122 282 -0.00825
122 283 -0.12595
122 284 -0.0045
122 285 0.09166
122 286 -0.03036
122 287 -0.00086
122 288 0.02518
122 289 -0.11277
122 290 0.03095
122 291 0.04749
122 292 -0.08092
122 293 0.05379
122 294 0.03967
122 295 0.06628
122 296 0.03617
122 297 0.04153
122 298 -0.0268
122 299 0.01614
123 124 -0.03019
123 125 -0.00987
123 126 -0.03785
123 127 -0.02564
123 128 0.01491
123 129 0.01945
123 130 -0.02155
123 131 -0.06353
123 132 0.01902
123 133 0.04055
123 134 -0.0804
123 135 -0.00713
123 136 -0.0075
123 137 -0.00543
123 138 -0.01975
123 139 0.0016
123 140 0.05468
123 141 -0.01419
123 142 0.07377
123 143 -0.04327
123 144 0.09539
123 145 0.06072
123 146 0.11824
123 147 0.09978
123 148 0.017
123 149 -0.00923
123 150 -0.02144
123 151 -0.00992
123 152 0.05293
123 153 -0.09069
123 154 0.02827
123 155 -0.05767
123 156 -0.05257
123 157 -0.0483
123 158 -0.0186
123 159 -0.02358
123 160 -0.00238
123 161 -0.05811
123 162 0.05596
123 163 0.1904
123 164 -0.07545
123 165 -0.08215
123 166 -0.15633
123 167 0.0822
123 168 0.02191
123 169 0.0233
123 170 0.02062
123 171 -0.03109
123 172 -0.10648
123 173 -0.0445
123 174 -0.02897
123 175 -0.01415
123 176 -0.02356
123 177 -0.02001
123 178 0.05482
123 179 0.04194
123 180 0.06803
123 181 0.00812
123 182 0.07012
123 183 -0.00526
123 184 -0.06857
123 185 -0.02595
123 186 -0.05711
123 187 0.05269
123 188 0.04388
123 189 -0.03202
123 190 0.0369
123 191 0.06796
123 192 -0.03443
123 193 -0.14842
123 194 -0.03028
123 195 -0.00308
123 196 -0.07356
123 197 -0.04949
123 198 -0.14176
123 199 0.00015
123 200 -0.03195
123 201 -0.13167
123 202 0.0921
123 203 -0.00011
123 204 -0.0051
123 205 0.06487
123 206 0.03542
123 207 -0.10104
123 208 -0.04973
123 209 -0.00316
123 210 -0.00863
123 211 0.02542
123 212 0.07202
123 213 -0.06578
123 214 0.01292
123 215 -0.04166
123 216 -0.00717
123 217 -0.09054
123 218 0.022
123 219 0.01698
123 220 0.12044
123 221 -0.03435
123 222 -0.01532
123 223 0.04934
123 224 -0.00672
123 225 0.03999
123 226 -0.0388
123 227 -0.02935
123 228 -0.07793
123 229 -0.01085
123 230 -0.09103
123 231 0.09482
123 232 -0.03648
123 233 0.00669
123 234 0.00614
123 235 0.02635
123 236 -0.00544
123 237 -0.00549
123 238 -0.00937
123 239 0.03978
123 240 0.03548
123 241 0.10196
123 242 -0.09017
123 243 -0.0367
123 244 0.0199
123 245 0.01706
123 246 0.04107
123 247 -0.01115
123 248 -0.01125
123 249 -0.06675
123 250 -0.07538
123 251 -0.00158
123 252 0.00077
123 253 0.02171
123 254 -0.05671
123 255 0.01453
123 256 0.01294
123 257 -0.03192
123 258 -0.07931
123 259 -0.05181
123 260 0.09319
123 261 -0.00387
123 262 0.04663
123 263 0.06824
123 264 -0.16575
123 265 -0.01488
123 266 0.02741
123 267 0.06067
123 268 -0.06852
123 269 0.01599
123 270 0.0405
123 271 0.08949
123 272 0.07912
123 273 -0.09458
123 274 -0.00225
123 275 -0.09176
123 276 -0.00155
123 277 -0.03077
123 278 -0.08153
123 279 0.00165
123 280 -0.03731
123 281 -0.03139
123 282 0.00169
123 283 0.06552
123 284 0.03118
123 285 0.01295
123 286 -0.01519
123 287 -0.06177
123 288 -0.04543
123 289 0.0056
123 290 -0.02853
123 291 -0.03495
123 292 0.04643
123 293 0.03435
123 294 -0.01545
123 295 -0.06303
123 296 0.0533
123 297 -0.0376
123 298 -0.0091
123 299 0.01456
124 125 -0.01215
124 126 -0.06688
124 127 -0.06517
124 128 0.02801
124 129 -0.00051
124 130 0.04497
124 131 0.02798
124 132 0.0311
124 133 0.01155
124 134 0.10457
124 135 0.03527
124 136 0.02177
124 137 -0.01351
124 138 0.02902
124 139 -0.03323
124 140 -0.02663
124 141 0.01465
124 142 0.00733
124 143 0.01462
124 144 0.05415
124 145 0.04052
124 146 -0.0777
124 147 -0.04129
124 148 0.04322
124 149 0.02139
124 150 -0.06718
124 151 -0.00847
124 152 0.06449
124 153 -0.05444
124 154 0.07168
124 155 -0.05507
124 156 0.0193
124 157 0.01256
124 158 0.11471
124 159 0.02049
124 160 -0.04087
124 161 0.08063
124 162 -0.03388
124 163 -0.04312
124 164 -0.04878
124 165 0.03815
124 166 0.02739
124 167 -0.01231
124 168 0.0275
124 169 -0.00743
124 170 -0.05822
124 171 -0.01544
124 172 -0.03791
124 173 -0.04211
124 174 -0.03457
124 175 -0.03154
124 176 -0.01268
124 177 -0.09766
124 178 0.06213
124 179 -0.004
124 180 0.03414
124 181 -0.02369
124 182 0.04717
124 183 -0.00533
124 184 -0.00989
124 185 0.10559
124 186 0.08007
124 187 0.09753
124 188 0.0822
124 189 0.075
124 190 -0.01142
124 191 0.07102
124 192 -0.08842
124 193 0.02535
124 194 0.03874
124 195 -0.01058
124 196 0.03564
124 197 -0.02833
124 198 -0.03709
124 199 -0.05899
124 200 -0.10544
124 201 0.00641
124 202 0.03791
124 203 -0.09652
124 204 -0.00574
124 205 0.04247
124 206 0.0482
124 207 0.05842
124 208 -0.04965
124 209 -0.0092
124 210 0.02016
124 211 -0.01589
124 212 0.02386
124 213 0.0209
124 214 0.0048
124 215 0.11484
124 216 -0.05331
124 217 -0.0366
124 218 -0.0862
124 219 -0.12095
124 220 0.0831
124 221 -0.04921
124 222 -0.03017
124 223 -0.00225
124 224 -0.17399
124 225 -0.10126
124 226 0.1271
124 227 0.10739
124 228 0.09266
124 229 -0.06101
124 230 -0.00267
124 231 0.07858
124 232 -0.01118
124 233 0.05893
124 234 0.00166
124 235 -0.05136
124 236 0.01997
124 237 0.00138
124 238 -0.07307
124 239 -0.11681
124 240 0.00256
124 241 0.0283
124 242 0.09315
124 243 -0.08025
124 244 -0.10462
124 245 -0.03841
124 246 -0.04737
124 247 0.05876
124 248 0.03811
124 249 0.06586
124 250 0.05703
124 251 0.07837
124 252 0.10824
124 253 -0.02621
124 254 -0.06926
124 255 0.05063
124 256 0.06231
124 257 0.13936
124 258 0.01277
124 259 0.00992
124 260 -0.025
124 261 0.01802
124 262 -0.0145
124 263 -0.00374
124 264 -0.00664
124 265 -0.01928
124 266 0.0469
124 267 0.09685
124 268 -0.03557
124 269 -0.01559
124 270 0.03781
124 271 -0.05987
124 272 0.04356
124 273 -0.05401
124 274 0.02286
124 275 -0.07773
124 276 -0.02358
124 277 -0.04274
124 278 -0.11322
124 279 -0.01963
124 280 0.02138
124 281 0.05481
124 282 0.03901
124 283 0.05688
124 284 0.14634
124 285 0.09736
124 286 0.05557
124 287 -0.08544
124 288 0.024
124 289 -0.0339
124 290 0.00173
124 291 0.02152
124 292 0.09374
124 293 -0.14042
124 294 -0.14703
124 295 0.04509
124 296 -0.01307
124 297 0.11058
124 298 -0.04018
124 299 0.00699
125 126 -0.02032
125 127 0.03527
125 128 0.09467
125 129 0.00205
125 130 0.05114
125 131 -0.03304
125 132 0.02596
125 133 0.08907
125 134 -0.09192
125 135 0.06769
125 136 -0.07083
125 137 0.04937
125 138 0.03782
125 139 -0.09273
125 140 0.02613
125 141 0.01871
125 142 0.00625
125 143 0.05337
125 144 -0.10389
125 145 -0.03127
125 146 0.07566
125 147 0.05098
125 148 -0.0057
125 149 0.06366
125 150 -0.08013
125 151 -0.013
125 152 -0.06652
125 153 -0.08396
125 154 0.01041
125 155 -0.07702
125 156 0.05023
125 157 -0.05917
125 158 0.03338
125 159 -0.07499
125 160 0.0126
125 161 0.10667
125 162 0.00109
125 163 0.01123
125 164 -0.08892
125 165 0.11335
125 166 0.00025
125 167 0.03955
125 168 0.01388
125 169 -0.13163
125 170 0.01437
125 171 0.04635
125 172 0.00741
125 173 0.01518
125 174 0.04666
125 175 0.01123
125 176 0.00118
125 177 0.13405
125 178 -0.00855
125 179 0.01082
125 180 0.03778
125 181 0.16487
125 182 0.02238
125 183 -0.05265
125 184 0.02358
125 185 -0.05763
125 186 0.0226
125 187 0.04822
125 188 0.07257
125 189 -0.15433
125 190 0.06391
125 191 0.14168
125 192 0.00429
125 193 -0.02271
125 194 0.08393
125 195 0.03573
125 196 0.03801
125 197 0.00765
125 198 -0.0142
125 199 -0.04327
125 200 0.00224
125 201 -0.02152
125 202 0.04771
125 203 0.0836
125 204 0.03014
125 205 0.02805
125 206 -0.00772
125 207 -0.08242
125 208 0.01493
125 209 -0.09894
125 210 0.02378
125 211 0.10282
125 212 0.05347
125 213 -0.03316
125 214 0.0842
125 215 0.05884
125 216 0.06698
125 217 -0.06907
125 218 -0.0937
125 219 0.04516
125 220 -0.01027
125 221 0.07394
125 222 -0.02272
125 223 -0.0078
125 224 -0.06808
125 225 -0.04436
125 226 -0.05513
125 227 -0.05293
125 228 0.05985
125 229 -0.04318
125 230 -0.07904
125 231 -0.01356
125 232 0.07806
125 233 0.05603
125 234 0.0745
125 235 -0.01201
125 236 -0.02117
125 237 -0.00524
125 238 0.07691
125 239 0.07495
125 240 0.05804
125 241 -0.03011
125 242 -0.06054
125 243 -0.09973
125 244 -0.06597
125 245 -0.02502
125 246 0.03712
125 247 -0.03163
125 248 0.01324
125 249 0.00337
125 250 -0.01661
125 251 0.0595
125 252 -0.08286
125 253 0.04781
125 254 0.08946
125 255 0.03955
125 256 -0.03155
125 257 -0.00662
125 258 -0.07541
125 259 -0.02088
125 260 0.02428
125 261 0.00213
125 262 -0.02763
125 263 0.00748
125 264 -0.02449
125 265 0.01033
125 266 0.03431
125 267 -0.05946
125 268 -0.00306
125 269 -0.05313
125 270 -0.07826
125 271 -0.06535
125 272 0.02672
125 273 0.04171
125 274 -0.0425
125 275 -0.0475
125 276 -0.05361
125 277 -0.00427
125 278 0.02749
125 279 -0.00394
125 280 -0.12718
125 281 0.0005
125 282 0.04451
125 283 -0.07155
125 284 0.01223
125 285 0.00329
125 286 -0.04887
125 287 0.06785
125 288 0.06311
125 289 -0.14627
125 290 -0.00085
125 291 -0.03567
125 292 0.00877
125 293 -0.01306
125 294 -0.10571
125 295 0.03685
125 296 -0.00673
125 297 0.11952
125 298 0.0331
125 299 -0.01553
126 127 -0.03764
126 128 -0.03274
126 129 -0.04509
126 130 0.04792
126 131 0.08177
126 132 0.02826
126 133 0.03602
126 134 0.0305
126 135 0.06829
126 136 0.07937
126 137 0.05982
126 138 -0.1154
126 139 0.02816
126 140 -0.00246
126 141 -0.10854
126 142 0.05987
126 143 0.05817
126 144 -0.0182
126 145 0.06674
126 146 -0.00247
126 147 0.05451
126 148 -0.04028
126 149 -0.05634
126 150 -0.08798
126 151 -0.02341
126 152 0.13537
126 153 -0.0971
126 154 -0.01109
126 155 -0.09252
126 156 -0.02124
126 157 -0.09584
126 158 -0.03896
126 159 0.01319
126 160 0.04671
126 161 0.0565
126 162 -0.03453
126 163 -0.02282
126 164 0.07292
126 165 0.0422
126 166 0.04423
126 167 -0.02741
126 168 0.07773
126 169 0.08296
126 170 -0.08027
126 171 -0.02831
126 172 -0.12278
126 173 -0.01026
126 174 -0.02108
126 175 -0.03666
126 176 0.03284
126 177 0.02616
126 178 0.08523
126 179 0.0028
126 180 0.01122
126 181 -0.09514
126 182 0.09397
126 183 -0.03965
126 184 0.02993
126 185 -0.0024
126 186 -0.02582
126 187 0.02208
126 188 -0.0602
126 189 0.08423
126 190 0.02192
126 191 -0.03406
126 192 -0.02819
126 193 -0.00717
126 194 0.00264
126 195 0.11484
126 196 -0.00273
126 197 0.04675
126 198 -0.07132
126 199 -0.04092
126 200 -0.09212
126 201 0.00197
126 202 -0.01105
126 203 -0.06504
126 204 -0.01344
126 205 -0.03137
126 206 -0.05776
126 207 -0.06767
126 208 -0.05748
126 209 -0.05887
126 210 -0.10654
126 211 0.0646
126 212 0.01853
126 213 -0.08388
126 214 0.04718
126 215 -0.02926
126 216 -0.02569
126 217 0.03106
126 218 -0.07966
126 219 -0.09666
126 220 0.02294
126 221 -0.00056
126 222 0.03364
126 223 0.06453
126 224 0.09429
126 225 0.04968
126 226 0.0664
126 227 0.00072
126 228 -0.05574
126 229 0.09148
126 230 -0.03257
126 231 -0.04653
126 232 0.01171
126 233 -0.00427
126 234 -0.04987
126 235 0.03767
126 236 -0.00899
126 237 0.01899
126 238 0.04834
126 239 -0.01494
126 240 0.04602
126 241 0.04121
126 242 -0.10492
126 243 0.02983
126 244 0.03303
126 245 -0.04086
126 246 0.02788
126 247 -0.02732
126 248 0.01937
126 249 0.0135
126 250 -0.07777
126 251 -0.05683
126 252 -0.07262
126 253 0.04876
126 254 0.0532
126 255 0.03145
126 256 0.00641
126 257 -0.04755
126 258 -0.0267
126 259 -0.0003
126 260 0.00388
126 261 -0.01768
126 262 0.04644
126 263 -0.02603
126 264 -0.09208
126 265 -0.05299
126 266 -0.00172
126 267 0.08369
126 268 0.02343
126 269 -0.09968
126 270 -0.05766
126 271 0.12133
126 272 0.00238
126 273 -0.05037
126 274 0.05567
126 275 -0.04167
126 276 -0.06166
126 277 -0.06853
126 278 0.02385
126 279 0.04101
126 280 -0.06764
126 281 0.01506
126 282 0.05792
126 283 -0.01717
126 284 -0.02867
126 285 -0.05286
126 286 -0.05355
126 287 0.04704
126 288 0.05306
126 289 -0.07713
126 290 0.14166
126 291 -0.04387
126 292 -0.09516
126 293 0.08092
126 294 0.08734
126 295 0.03591
126 296 -0.00566
126 297 0.0247
126 298 -0.12043
126 299 -0.01087
127 128 -0.04557
127 129 -0.00244
127 130 0.07618
127 131 0.09424
127 132 -0.02098
127 133 0.09402
127 134 -0.02435
127 135 -0.12098
127 136 0.0121
127 137 -0.02686
127 138 0.02553
127 139 -0.00441
127 140 0.04798
127 141 0.06194
127 142 -0.07521
127 143 0.04546
127 144 -0.00612
127 145 -0.00196
127 146 0.02935
127 147 -0.02489
127 148 0.02324
127 149 0.0691
127 150 0.0517
127 151 0.02911
127 152 0.02564
127 153 -0.09685
127 154 0.00742
127 155 -0.00809
127 156 0.06509
127 157 -0.01697
127 158 -0.04473
127 159 0.0483
127 160 0.01898
127 161 -0.06253
127 162 0.04112
127 163 0.06391
127 164 -0.01341
127 165 0.07836
127 166 -0.06176
127 167 0.09913
127 168 -0.01823
127 169 0.07458
127 170 -0.05531
127 171 -0.01295
127 172 -0.04266
127 173 0.03417
127 174 0.02302
127 175 0.00876
127 176 -0.05392
127 177 0.10525
127 178 0.02586
127 179 0.09199
127 180 -0.00922
127 181 0.01354
127 182 0.06047
127 183 -0.08377
127 184 -0.04093
127 185 -0.03965
127 186 -0.05923
127 187 0.06296
127 188 0.06458
127 189 -0.05776
127 190 0.02276
127 191 -0.07462
127 192 0.03607
127 193 0.02868
127 194 -0.03937
127 195 0.03165
127 196 -0.04281
127 197 0.03709
127 198 -0.00403
127 199 0.02791
127 200 -0.02342
127 201 -0.04927
127 202 -0.12383
127 203 0.07165
127 204 0.03737
127 205 -0.0259
127 206 0.12029
127 207 -0.06077
127 208 -0.00049
127 209 -0.0193
127 210 0.00188
127 211 -0.03328
127 212 0.02782
127 213 0.07483
127 214 0.06212
127 215 0.05985
127 216 -0.11778
127 217 -0.01313
127 218 -0.11492
127 219 -0.05018
127 220 0.06436
127 221 -0.03521
127 222 -0.08414
127 223 -0.07102
127 224 -0.03864
127 225 -0.01856
127 226 -0.02158
127 227 -0.02756
127 228 0.03927
127 229 -0.04166
127 230 0.02831
127 231 -0.01336
127 232 -0.01236
127 233 -0.13293
127 234 -0.00348
127 235 0.07398
127 236 0.09776
127 237 0.03266
127 238 0.03535
127 239 0.00392
127 240 0.02856
127 241 -0.04385
127 242 0.06595
127 243 0.02351
127 244 0.09583
127 245 -0.12013
127 246 -0.05448
127 247 -0.01343
127 248 -0.06323
127 249 0.06205
127 250 -0.00161
127 251 0.05868
127 252 0.02406
127 253 -0.10334
127 254 0.13816
127 255 0.02208
127 256 -0.10928
127 257 0.04888
127 258 -0.09528
127 259 -0.02338
127 260 -0.01729
127 261 -0.00556
127 262 0.10379
127 263 0.00826
127 264 0.01464
127 265 -0.00736
127 266 -0.00966
127 267 0.00327
127 268 0.16025
127 269 0.08309
127 270 0.08806
127 271 -0.05182
127 272 0.10478
127 273 -0.0463
127 274 -0.08048
127 275 0.09506
127 276 -0.06466
127 277 -0.03624
127 278 -0.01275
127 279 -0.04522
127 280 0.05742
127 281 0.09348
127 282 -0.0208
127 283 -0.04225
127 284 0.01302
127 285 -0.06399
127 286 0.00752
127 287 -0.03197
127 288 -0.01352
127 289 -0.05504
127 290 0.01126
127 291 0.07343
127 292 0.00174
127 293 -0.07631
127 294 -0.09682
127 295 -0.00087
127 296 -0.042
127 297 -0.01116
127 298 -0.08778
127 299 -0.04625
128 129 0.01069
128 130 -0.07023
128 131 -0.01813
128 132 -0.01219
128 133 -0.00399
128 134 0.02365
128 135 0.00794
128 136 -0.00291
128 137 0.03552
128 138 0.04749
128 139 0.03407
128 140 -0.01339
128 141 0.05557
128 142 0.00083
128 143 0.04138
128 144 -0.08963
128 145 -0.12783
128 146 -0.077
128 147 -0.09034
128 148 -0.0254
128 149 0.11511
128 150 -0.1005
128 151 -0.01575
128 152 -0.0151
128 153 0.04236
128 154 -0.05124
128 155 0.04122
128 156 -0.06393
128 157 0.02232
128 158 -0.07397
128 159 0.02978
128 160 0.05296
128 161 -0.04241
128 162 -0.06369
128 163 0.03147
128 164 -0.13101
128 165 0.03977
128 166 0.01497
128 167 -0.05331
128 168 -0.04462
128 169 0.04664
128 170 0.13833
128 171 -0.08203
128 172 0.07214
128 173 0.02891
128 174 0.00606
128 175 -0.02821
128 176 0.1083
128 177 -0.11595
128 178 -0.02955
128 179 -0.01377
128 180 0.0248
128 181 0.02707
128 182 0.00054
128 183 -0.0634
128 184 0.03712
128 185 0.00091
128 186 -0.03297
128 187 0.00364
128 188 0.05307
128 189 0.01889
128 190 0.03066
128 191 0.09213
128 192 0.16056
128 193 -0.08966
128 194 0.04133
128 195 -0.08834
128 196 -0.04972
128 197 -0.10943
128 198 -0.09379
128 199 0.08058
128 200 0.02981
128 201 0.06265
128 202 -0.06161
128 203 0.00829
128 204 0.04415
128 205 0.0356
128 206 -0.03193
128 207 -0.03339
128 208 -0.06164
128 209 -0.07578
128 210 0.02646
128 211 0.04502
128 212 -0.0372
128 213 -0.0352
128 214 -0.00646
128 215 -0.03169
128 216 0.11839
128 217 -0.01993
128 218 0.08397
128 219 -0.09149
128 220 -0.00891
128 221 0.0681
128 222 0.09292
128 223 -0.02555
128 224 0.00351
128 225 -0.05354
128 226 -0.01239
128 227 0.01712
128 228 0.04523
128 229 0.05854
128 230 -0.03809
128 231 0.02292
128 232 -0.09184
128 233 0.11773
128 234 0.00623
128 235 -0.02748
128 236 -0.10509
128 237 -0.07294
128 238 0.07432
128 239 0.04381
128 240 0.00071
128 241 -0.00671
128 242 -0.05789
128 243 -0.10157
128 244 -0.02254
128 245 0.09924
128 246 0.15166
128 247 0.03945
128 248 -0.03303
128 249 -0.01918
128 250 0.15057
128 251 0.01012
128 252 -0.00455
128 253 -0.08828
128 254 -0.04126
128 255 0.0263
128 256 0.02023
128 257 0.07674
128 258 -0.08763
128 259 0.01058
128 260 0.12237
128 261 0.0177
128 262 -0.10849
128 263 0.0617
128 264 -0.10245
128 265 -0.02094
128 266 0.01875
128 267 -0.03805
128 268 -0.11698
128 269 -0.04188
128 270 0.07249
128 271 0.01892
128 272 0.0255
128 273 -0.00638
128 274 -0.058
128 275 -0.02778
128 276 0.05593
128 277 -0.03656
128 278 0.01755
128 279 -0.03515
128 280 0.0171
128 281 -0.09894
128 282 -0.02379
128 283 0.02823
128 284 0.02801
128 285 0.07264
128 286 0.01654
128 287 0.00908
128 288 0.05679
128 289 -0.04031
128 290 0.06677
128 291 -0.10985
128 292 0.02268
128 293 0.10846
128 294 -0.02241
128 295 0.02715
128 296 -0.05157
128 297 -0.06022
128 298 -0.04374
128 299 0.04691
129 130 0.01749
129 131 0.02233
129 132 -0.04104
129 133 -0.04661
129 134 0.03571
129 135 0.10083
129 136 -0.12945
129 137 -0.01974
129 138 0.00481
129 139 -0.03765
129 140 -0.0558
129 141 -0.04416
129 142 -0.00574
129 143 -0.02792
129 144 0.06359
129 145 -0.00795
129 146 -0.11613
129 147 0.05661
129 148 -0.05362
129 149 -0.02251
129 150 0.01634
129 151 -0.0312
129 152 -0.00697
129 153 -0.01442
129 154 0.03814
129 155 -0.06136
129 156 -0.03772
129 157 0.01917
129 158 0.03991
129 159 -0.0304
129 160 -0.04041
129 161 -0.06488
129 162 -0.04988
129 163 -0.14413
129 164 -0.06826
129 165 -0.06061
129 166 0.06451
129 167 -0.0049
129 168 -0.00627
129 169 0.02996
129 170 -0.07137
129 171 -0.042
129 172 -0.05934
129 173 0.04822
129 174 0.0018
129 175 -0.05843
129 176 -0.00631
129 177 0.01702
129 178 -0.01868
129 179 -0.03322
129 180 -0.03172
129 181 -0.01957
129 182 0.08091
129 183 0.00984
129 184 0.00021
129 185 0.04355
129 186 -0.07115
129 187 0.0978
129 188 0.04868
129 189 0.02565
129 190 0.00758
129 191 0.05669
129 192 0.05968
129 193 -0.07095
129 194 -0.04144
129 195 -0.05643
129 196 0.02851
129 197 -0.01075
129 198 0.02313
129 199 0.02497
129 200 -0.01287
129 201 0.0128
129 202 -0.05073
129 203 0.00441
129 204 0.1114
129 205 -0.02268
129 206 0.04717
129 207 -0.06283
129 208 0.03032
129 209 0.0415
129 210 -0.02459
129 211 0.03277
129 212 -0.04426
129 213 0.01847
129 214 -0.05961
129 215 0.12588
129 216 0.01723
129 217 -0.04654
129 218 0.11697
129 219 0.00958
129 220 -0.09467
129 221 0.00644
129 222 -0.09676
129 223 -0.05937
129 224 -0.02635
129 225 -0.00453
129 226 0.00767
129 227 -0.00086
129 228 0.14078
129 229 0.04216
129 230 0.00473
129 231 -0.09365
129 232 -0.05614
129 233 0.0138
129 234 0.07357
129 235 0.00141
129 236 -0.03615
129 237 0.00852
129 238 -0.07738
129 239 -0.02299
129 240 0.04724
129 241 0.00789
129 242 0.04946
129 243 -0.07648
129 244 -0.00245
129 245 0.02858
129 246 0.03418
129 247 0.06974
129 248 0.01097
129 249 0.00441
129 250 -0.03268
129 251 -0.01907
129 252 -0.05723
129 253 0.07549
129 254 -0.05568
129 255 -0.02724
129 256 -0.0147
129 257 0.02317
129 258 0.10813
129 259 -0.08328
129 260 0.03362
129 261 -0.02959
129 262 -0.13373
129 263 0.01656
129 264 0.04835
129 265 -0.08712
129 266 0.02586
129 267 -0.01713
129 268 -0.01683
129 269 0.0151
129 270 0.06218
129 271 0.03082
129 272 -0.01681
129 273 -0.08747
129 274 -0.01582
129 275 0.08256
129 276 0.00323
129 277 0.08536
129 278 -0.03241
129 279 -0.06824
129 280 0.04334
129 281 -0.02798
129 282 -0.02531
129 283 -0.02419
129 284 -0.08725
129 285 0.10411
129 286 -0.01143
129 287 0.04026
129 288 -0.03253
129 289 -0.00416
129 290 -0.07909
129 291 0.02995
129 292 -0.04263
129 293 -0.02179
129 294 0.01593
129 295 0.02959
129 296 -0.03657
129 297 0.0353
129 298 0.06138
129 299 -0.0223
130 131 -0.04092
130 132 0.00486
130 133 0.01817
130 134 -0.0128
130 135 -0.01468
130 136 -0.07343
130 137 0.05781
130 138 -0.03861
130 139 0.03011
130 140 0.04808
130 141 -0.00423
130 142 0.0331
130 143 -0.054
130 144 -0.02906
130 145 -0.04294
130 146 -0.02283
130 147 -0.06874
130 148 -0.00871
130 149 -0.0052
130 150 -0.04794
130 151 0.00365
130 152 0.02407
130 153 -0.02013
130 154 -0.01609
130 155 0.02118
130 156 0.11176
130 157 0.04017
130 158 -0.05658
130 159 -0.00922
130 160 -0.03984
130 161 -0.00881
130 162 0.0895
130 163 0.04764
130 164 0.0326
130 165 0.04101
130 166 0.03037
130 167 -0.01672
130 168 0.07138
130 169 0.00178
130 170 0.02586
130 171 0.02395
130 172 -0.02269
130 173 -0.0254
130 174 -0.10039
130 175 -0.00265
130 176 0.01669
130 177 -0.03746
130 178 0.08836
130 179 -0.03477
130 180 -0.08446
130 181 0.0042
130 182 -0.09919
130 183 -0.07043
130 184 -0.07012
130 185 0.14545
130 186 -0.03845
130 187 -0.00026
130 188 -0.00577
130 189 -0.03355
130 190 -0.00153
130 191 0.01617
130 192 0.02058
130 193 0.01871
130 194 -0.01912
130 195 0.06874
130 196 0.04354
130 197 -0.03103
130 198 -0.05667
130 199 -0.04397
130 200 -0.07489
130 201 0.09518
130 202 0.07301
130 203 -0.07846
130 204 -0.07254
130 205 -0.00369
130 206 0.06368
130 207 0.04302
130 208 0.01342
130 209 0.01149
130 210 -0.13359
130 211 0.05266
130 212 -0.02703
130 213 -0.04698
130 214 -0.00197
130 215 0.05276
130 216 -0.03577
130 217 0.02887
130 218 -0.03291
130 219 -0.0093
130 220 -0.0687
130 221 -0.04838
130 222 -0.02194
130 223 0.13126
130 224 -0.03653
130 225 0.00898
130 226 -0.05636
130 227 -0.01385
130 228 -0.01036
130 229 -0.03386
130 230 0.01269
130 231 0.01184
130 232 -0.00691
130 233 0.13317
130 234 -0.05172
130 235 -0.03508
130 236 0.06088
130 237 -0.02207
130 238 0.04922
130 239 -0.02282
130 240 -0.1548
130 241 0.04105
130 242 0.03057
130 243 0.07588
130 244 -0.0429
130 245 0.03351
130 246 0.04538
130 247 0.06469
130 248 -0.13301
130 249 -0.00536
130 250 0.03799
130 251 -0.02409
130 252 0.05068
130 253 -0.00968
130 254 -0.00901
130 255 -0.01499
130 256 0.02898
130 257 -0.06778
130 258 0.04606
130 259 -0.05848
130 260 -0.03265
130 261 -0.16537
130 262 0.09305
130 263 -0.09445
130 264 -0.07947
130 265 -0.02387
130 266 0.10456
130 267 0.00213
130 268 0.01803
130 269 0.02671
130 270 0.00292
130 271 0.01154
130 272 -0.10337
130 273 -0.01067
130 274 -0.08695
130 275 0.04662
130 276 0.03275
130 277 0.06617
130 278 0.07989
130 279 -0.01449
130 280 -0.04777
130 281 -0.01895
130 282 -0.01626
130 283 0.02674
130 284 0.01994
130 285 0.02239
130 286 0.00054
130 287 0.03973
130 288 0.07443
130 289 -0.12936
130 290 -0.01253
130 291 0.00705
130 292 0.03113
130 293 0.00942
130 294 0.03112
130 295 -0.00694
130 296 0.0186
130 297 -0.0888
130 298 0.01216
130 299 -0.07397
131 132 0.00928
131 133 0.03233
131 134 0.08675
131 135 -0.00163
131 136 -0.01339
131 137 -0.1063
131 138 -0.10573
131 139 0.03753
131 140 -0.01517
131 141 0.02761
131 142 0.01252
131 143 0.09389
131 144 -0.05668
131 145 0.03
131 146 -0.02626
131 147 0.04165
131 148 0.02314
131 149 -0.03358
131 150 -0.02823
131 151 -0.13429
131 152 0.02126
131 153 0.06795
131 154 -0.01916
131 155 -0.09918
131 156 -0.06074
131 157 -0.05907
131 158 -0.07432
131 159 0.0143
131 160 0.09415
131 161 -0.0365
131 162 -0.11591
131 163 -0.02967
131 164 0.08235
131 165 0.03376
131 166 0.01601
131 167 0.03203
131 168 -0.0073
131 169 0.05509
131 170 0.03655
131 171 0.10383
131 172 0.02225
131 173 0.07287
131 174 0.04869
131 175 0.00917
131 176 -0.03619
131 177 -0.07311
131 178 -0.09636
131 179 0.01223
131 180 -0.05771
131 181 -0.06186
131 182 -0.00269
131 183 -0.05349
131 184 0.01276
131 185 -0.0142
131 186 0.02291
131 187 -0.09313
131 188 -0.05039
131 189 -0.0883
131 190 -0.00268
131 191 -0.08563
131 192 -0.09219
131 193 0.00631
131 194 -0.01438
131 195 0.04635
131 196 -0.03574
131 197 -0.05789
131 198 -0.00237
131 199 -0.03183
131 200 0.00348
131 201 0.00743
131 202 -0.12407
131 203 0.08068
131 204 0.06183
131 205 0.00647
131 206 -0.00408
131 207 -0.0044
131 208 0.00452
131 209 -0.04882
131 210 -0.03672
131 211 0.03689
131 212 0.03299
131 213 0.08883
131 214 0.10849
131 215 0.00897
131 216 0.02277
131 217 0.0346
131 218 0.09526
131 219 0.02085
131 220 0.02666
131 221 0.07503
131 222 0.00366
131 223 -0.00956
131 224 0.03221
131 225 0.05816
131 226 -0.00201
131 227 0.03606
131 228 -0.03981
131 229 0.00925
131 230 0.01586
131 231 0.09465
131 232 -0.1173
131 233 -0.08357
131 234 0.0296
131 235 -0.06636
131 236 -0.00887
131 237 0.06359
131 238 0.00374
131 239 0.01174
131 240 -0.10239
131 241 0.00294
131 242 -0.00972
131 243 -0.05149
131 244 -0.0583
131 245 0.07791
131 246 0.02563
131 247 -0.06357
131 248 -0.03364
131 249 -0.05903
131 250 0.11851
131 251 -0.03085
131 252 -0.0382
131 253 -0.02237
131 254 0.00462
131 255 -0.00972
131 256 0.04791
131 257 -0.06809
131 258 0.03223
131 259 0.01469
131 260 -0.12722
131 261 -0.10954
131 262 -0.05641
131 263 0.06122
131 264 -0.03375
131 265 -0.12358
131 266 0.05341
131 267 0.07088
131 268 0.02542
131 269 0.02798
131 270 0.10832
131 271 0.10969
131 272 -0.00881
131 273 -0.06436
131 274 -0.00099
131 275 -0.12682
131 276 -0.08108
131 277 0.01741
131 278 -0.03668
131 279 0.03118
131 280 0.00577
131 281 0.03474
131 282 -0.09553
131 283 0.0557
131 284 -0.01726
131 285 0.02383
131 286 0.03375
131 287 0.01402
131 288 0.10273
131 289 -0.02801
131 290 -0.00828
131 291 0.03478
131 292 0.01736
131 293 -0.07981
131 294 0.07023
131 295 -0.08174
131 296 0.00498
131 297 -0.08824
131 298 -0.03758
131 299 0.02952
132 133 -0.02996
132 134 -0.01232
132 135 -0.09254
132 136 0.02336
132 137 0.07248
132 138 -0.06768
132 139 -0.00844
132 140 0.02527
132 141 0.01156
132 142 -0.09064
132 143 0.09177
132 144 -0.01018
132 145 0.04208
132 146 0.04357
132 147 -0.05051
132 148 -0.05063
132 149 0.04896
132 150 -0.04123
132 151 -0.05679
132 152 0.00459
132 153 0.14911
132 154 -0.08581
132 155 0.01046
132 156 0.02604
132 157 0.06402
132 158 -0.01538
132 159 -0.02834
132 160 0.07498
132 161 -0.14053
132 162 -0.00939
132 163 -0.08361
132 164 0.03559
132 165 -0.05462
132 166 0.0685
132 167 -0.04706
132 168 -0.03276
132 169 -0.03696
132 170 0.08405
132 171 -0.02962
132 172 -0.02017
132 173 0.02515
132 174 0.04772
132 175 0.03233
132 176 -0.05661
132 177 0.02151
132 178 0.01129
132 179 -0.14462
132 180 -0.06685
132 181 0.04119
132 182 -0.00419
132 183 0.01154
132 184 -0.04089
132 185 -0.19251
132 186 0.10898
132 187 0.04349
132 188 -0.03369
132 189 -0.01624
132 190 -0.11806
132 191 0.07945
132 192 0.01367
132 193 -0.09476
132 194 -0.01079
132 195 -0.03278
132 196 -0.0684
132 197 0.05488
132 198 0.02938
132 199 0.06231
132 200 0.06472
132 201 0.00477
132 202 0.00291
132 203 -0.01478
132 204 -0.06542
132 205 0.10386
132 206 0.076
132 207 -0.00272
132 208 0.02507
132 209 0.11759
132 210 0.06586
132 211 -0.02867
132 212 0.04417
132 213 -0.00258
132 214 0.09644
132 215 0.0101
132 216 0.11637
132 217 0.07128
132 218 -0.11408
132 219 0.0711
132 220 -0.07681
132 221 -0.05615
132 222 -0.03394
132 223 0.03673
132 224 -0.02599
132 225 -0.03073
132 226 0.0001
132 227 -0.01997
132 228 -0.02599
132 229 0.00024
132 230 -0.01167
132 231 -0.01672
132 232 -0.03433
132 233 -0.0463
132 234 -0.02758
132 235 0.02852
132 236 0.06187
132 237 -0.031
132 238 0.00413
132 239 0.00611
132 240 0.01191
132 241 -0.03417
132 242 -0.10789
132 243 0.13211
132 244 -0.15279
132 245 0.08292
132 246 -0.0157
132 247 0.00453
132 248 0.03241
132 249 -0.03887
132 250 0.08822
132 251 0.04871
132 252 -0.01229
132 253 0.08904
132 254 0.10812
132 255 -0.08534
132 256 -0.04248
132 257 0.05069
132 258 -0.09632
132 259 -0.06277
132 260 0.01379
132 261 -0.02111
132 262 0.00004
132 263 -0.02928
132 264 0.05528
132 265 -0.02324
132 266 0.10207
132 267 -0.12824
132 268 -0.04322
132 269 0.02883
132 270 -0.05795
132 271 -0.09511
132 272 0.082
132 273 -0.0107
132 274 0.02026
132 275 0.04577
132 276 -0.00462
132 277 0.03362
132 278 -0.01758
132 279 -0.05294
132 280 -0.0273
132 281 0.04255
132 282 0.01051
132 283 -0.09996
132 284 -0.02079
132 285 -0.05372
132 286 -0.00848
132 287 0.03755
132 288 -0.01059
132 289 0.05241
132 290 0.00975
132 291 -0.09983
132 292 0.10623
132 293 -0.14899
132 294 -0.04251
132 295 -0.04344
132 296 -0.08945
132 297 -0.07034
132 298 0.0489
132 299 -0.02004
133 134 -0.02431
133 135 0.0047
133 136 0.03631
133 137 0.05417
133 138 -0.01079
133 139 0.04193
133 140 -0.03872
133 141 0.01676
133 142 -0.0877
133 143 0.14167
133 144 0.10716
133 145 0.08771
133 146 0.04792
133 147 0.04464
133 148 -0.07999
133 149 0.03965
133 150 0.06378
133 151 -0.02247
133 152 -0.09803
133 153 -0.02502
133 154 -0.14306
133 155 -0.02416
133 156 0.04121
133 157 0.01447
133 158 0.0394
133 159 -0.06134
133 160 -0.00076
133 161 0.02735
133 162 0.07384
133 163 -0.14481
133 164 -0.04709
133 165 -0.01287
133 166 -0.05097
133 167 0.02621
133 168 0.02573
133 169 -0.00404
133 170 -0.00611
133 171 0.03855
133 172 -0.06343
133 173 0.04201
133 174 0.07127
133 175 0.05877
133 176 0.02749
133 177 0.01697
133 178 0.03382
133 179 0.04066
133 180 0.06958
133 181 0.01338
133 182 -0.01138
133 183 -0.09483
133 184 -0.05208
133 185 0.01502
133 186 0.03488
133 187 0.04068
133 188 -0.03074
133 189 0.05911
133 190 0.02444
133 191 0.06069
133 192 0.0664
133 193 0.03512
133 194 0.08904
133 195 -0.0712
133 196 -0.0573
133 197 -0.04815
133 198 0.06659
133 199 0.04433
133 200 -0.10737
133 201 -0.07432
133 202 0.02642
133 203 0.12447
133 204 -0.02295
133 205 -0.08062
133 206 0.04359
133 207 0.01045
133 208 -0.12254
133 209 0.01413
133 210 -0.02472
133 211 0.00093
133 212 -0.04179
133 213 -0.01554
133 214 0.08096
133 215 -0.00813
133 216 -0.05676
133 217 0.00342
133 218 0.06042
133 219 0.0634
133 220 0.04029
133 221 0.0632
133 222 -0.01983
133 223 0.10445
133 224 0.01538
133 225 0.10085
133 226 0.04135
133 227 -0.03563
133 228 -0.1161
133 229 0.00957
133 230 -0.00405
133 231 0.02834
133 232 0.03212
133 233 -0.07705
133 234 -0.012
133 235 -0.02858
133 236 -0.01021
133 237 -0.02199
133 238 0.0381
133 239 0.06615
133 240 -0.02456
133 241 -0.08169
133 242 0.10386
133 243 -0.04671
133 244 0.09409
133 245 -0.07674
133 246 0.01887
133 247 0.00979
133 248 -0.02404
133 249 -0.11664
133 250 -0.00449
133 251 0.01086
133 252 -0.09359
133 253 -0.04601
133 254 0.0214
133 255 -0.02538
133 256 -0.04439
133 257 0.01213
133 258 -0.04227
133 259 0.01846
133 260 0.02112
133 261 -0.0334
133 262 0.00901
133 263 0.10072
133 264 0.06123
133 265 0.0438
133 266 -0.15324
133 267 -0.01798
133 268 0.06318
133 269 -0.06038
133 270 0.00503
133 271 0.04045
133 272 0.03599
133 273 -0.03651
133 274 -0.07566
133 275 0.0779
133 276 0.01593
133 277 0.04644
133 278 -0.08328
133 279 -0.04929
133 280 -0.01504
133 281 0.03146
133 282 -0.01808
133 283 0.05322
133 284 0.02124
133 285 -0.02317
133 286 0.01106
133 287 -0.00614
133 288 -0.0273
133 289 0.01463
133 290 -0.04683
133 291 -0.01663
133 292 0.03773
133 293 0.02748
133 294 -0.00786
133 295 0.06448
133 296 -0.03762
133 297 -0.02156
133 298 -0.11018
133 299 -0.13599
134 135 -0.07555
134 136 0.06908
134 137 0.0828
134 138 0.06729
134 139 -0.05364
134 140 0.09693
134 141 0.0104
134 142 0.02442
134 143 0.00172
134 144 -0.0262
134 145 -0.02827
134 146 0.053
134 147 -0.0101
134 148 0.0144
134 149 -0.09908
134 150 0.07046
134 151 0.04202
134 152 0.04161
134 153 0.02043
134 154 0.06541
134 155 -0.03711
134 156 -0.00027
134 157 -0.02346
134 158 -0.00151
134 159 0.04712
134 160 -0.09854
134 161 -0.09787
134 162 0.08825
134 163 -0.05345
134 164 -0.08306
134 165 -0.10073
134 166 0.09668
134 167 0.10981
134 168 0.0109
134 169 -0.07682
134 170 0.05103
134 171 0.04822
134 172 -0.02623
134 173 -0.05049
134 174 0.00712
134 175 -0.08636
134 176 0.03622
134 177 -0.02548
134 178 -0.04606
134 179 -0.02484
134 180 -0.0849
134 181 0.01431
134 182 0.06507
134 183 -0.00437
134 184 0.06114
134 185 0.08791
134 186 0.03796
134 187 0.13437
134 188 -0.02234
134 189 -0.14447
134 190 0.10037
134 191 -0.05364
134 192 -0.10013
134 193 0.02221
134 194 -0.05286
134 195 -0.02556
134 196 0.14588
134 197 -0.03092
134 198 -0.02449
134 199 -0.02732
134 200 -0.02572
134 201 0.08169
134 202 0.1142
134 203 0.01648
134 204 0.04348
134 205 -0.01428
134 206 0.02722
134 207 -0.05301
134 208 -0.14189
134 209 -0.11899
134 210 0.01292
134 211 -0.05357
134 212 -0.05734
134 213 0.05673
134 214 -0.07121
134 215 0.06819
134 216 0.03242
134 217 0.06693
134 218 0.00502
134 219 -0.06145
134 220 -0.00414
134 221 0.04182
134 222 -0.05125
134 223 0.00031
134 224 -0.04653
134 225 -0.05838
134 226 0.14392
134 227 -0.04986
134 228 -0.12201
134 229 -0.00628
134 230 0.0642
134 231 -0.08779
134 232 -0.08407
134 233 0.06735
134 234 0.12974
134 235 -0.10194
134 236 0.00647
134 237 0.04034
134 238 -0.02927
134 239 -0.06372
134 240 -0.01233
134 241 0.00505
134 242 -0.09594
134 243 -0.00752
134 244 -0.12733
134 245 0.02602
134 246 0.05607
134 247 0.06739
134 248 0.09621
134 249 0.00474
134 250 0.07491
134 251 0.03031
134 252 -0.07748
134 253 0.06647
134 254 0.01956
134 255 -0.03853
134 256 -0.01334
134 257 -0.03129
134 258 0.06762
134 259 0.03376
134 260 0.03056
134 261 0.01949
134 262 0.01529
134 263 -0.03125
134 264 -0.04608
134 265 0.07717
134 266 -0.00624
134 267 0.02087
134 268 -0.05661
134 269 -0.02496
134 270 -0.04436
134 271 -0.00892
134 272 0.03554
134 273 -0.04041
134 274 0.03787
134 275 0.04788
134 276 0.03352
134 277 0.01408
134 278 -0.05186
134 279 0.11271
134 280 0.02623
134 281 -0.06986
134 282 0.02072
134 283 -0.04821
134 284 -0.05047
134 285 -0.03659
134 286 0.08169
134 287 0.02057
134 288 0.03538
134 289 0.02515
134 290 -0.04011
134 291 -0.07581
134 292 -0.02466
134 293 -0.10448
134 294 0.00547
134 295 -0.03642
134 296 -0.00653
134 297 -0.0563
134 298 0.0299
134 299 -0.07478
135 136 -0.04927
135 137 -0.03404
135 138 0.02996
135 139 -0.02718
135 140 0.06991
135 141 0.09057
135 142 0.06907
135 143 0.11654
135 144 0.03527
135 145 -0.04274
135 146 0.00492
135 147 0.05877
135 148 0.06379
135 149 -0.00885
135 150 -0.03492
135 151 0.03248
135 152 -0.08564
135 153 -0.10881
135 154 0.0158
135 155 0.00526
135 156 -0.01849
135 157 -0.03797
135 158 0.1259
135 159 0.05788
135 160 0.04798
135 161 -0.04918
135 162 -0.00571
135 163 0.00692
135 164 0.02807
135 165 -0.00451
135 166 0.00881
135 167 -0.02522
135 168 0.03762
135 169 0.04172
135 170 0.08105
135 171 0.02748
135 172 0.02412
135 173 -0.03184
135 174 0.02735
135 175 0.0566
135 176 0.03663
135 177 -0.09716
135 178 0.01816
135 179 0.06068
135 180 0.02727
135 181 0.05176
135 182 0.04141
135 183 -0.0956
135 184 0.01124
135 185 0.0128
135 186 0.04317
135 187 0.00849
135 188 0.07617
135 189 0.06167
135 190 -0.00144
135 191 0.00187
135 192 -0.01645
135 193 0.04065
135 194 0.0256
135 195 0.06584
135 196 0.04686
135 197 -0.07307
135 198 -0.05312
135 199 -0.00807
135 200 0.04973
135 201 0.08428
135 202 -0.02922
135 203 0.00808
135 204 -0.08229
135 205 -0.04883
135 206 -0.03175
135 207 -0.03736
135 208 0.11895
135 209 -0.0568
135 210 0.01435
135 211 0.0871
135 212 0.01884
135 213 0.05071
135 214 0.14023
135 215 -0.03906
135 216 0.128
135 217 -0.05307
135 218 -0.05773
135 219 0.00599
135 220 -0.06813
135 221 -0.08504
135 222 0.06538
135 223 0.04629
135 224 -0.03079
135 225 -0.03213
135 226 0.00693
135 227 0.00801
135 228 0.03404
135 229 0.02176
135 230 0.02806
135 231 -0.09955
135 232 0.04876
135 233 -0.13728
135 234 -0.04472
135 235 -0.0046
135 236 0.10554
135 237 0.10962
135 238 0.09461
135 239 0.01867
135 240 -0.07081
135 241 -0.03923
135 242 -0.07809
135 243 0.06823
135 244 -0.04792
135 245 -0.05613
135 246 -0.05637
135 247 -0.01502
135 248 -0.02089
135 249 0.04956
135 250 0.056
135 251 -0.04224
135 252 0.02633
135 253 -0.01507
135 254 -0.05926
135 255 -0.01933
135 256 -0.01815
135 257 -0.05888
135 258 0.06642
135 259 -0.14884
135 260 -0.05501
135 261 0.02439
135 262 -0.01128
135 263 0.02461
135 264 -0.03996
135 265 -0.03647
135 266 -0.06238
135 267 0.00687
135 268 0.01423
135 269 -0.02722
135 270 -0.02209
135 271 -0.03558
135 272 -0.06149
135 273 -0.06594
135 274 -0.0581
135 275 -0.01763
135 276 -0.03362
135 277 -0.03619
135 278 -0.01153
135 279 0.02494
135 280 0.03181
135 281 0.07775
135 282 -0.01451
135 283 -0.03353
135 284 0.00711
135 285 0.05954
135 286 0.00475
135 287 -0.02647
135 288 -0.06034
135 289 -0.09031
135 290 0.08817
135 291 0.00737
135 292 -0.07245
135 293 0.02704
135 294 0.0603
135 295 -0.00863
135 296 0.0013
135 297 -0.02158
135 298 0.02622
135 299 -0.01667
136 137 -0.02831
136 138 -0.08096
136 139 -0.07015
136 140 -0.01083
136 141 -0.10223
136 142 0.01729
136 143 -0.05972
136 144 -0.15982
136 145 0.06574
136 146 -0.02869
136 147 0.06242
136 148 -0.02135
136 149 0.06874
136 150 0.01115
136 151 0.08219
136 152 0.03881
136 153 -0.03389
136 154 -0.02009
136 155 -0.0042
136 156 -0.01087
136 157 0.04402
136 158 -0.08514
136 159 0.04425
136 160 -0.04779
136 161 -0.07857
136 162 -0.07759
136 163 0.01253
136 164 -0.05314
136 165 0.04246
136 166 0.00317
136 167 -0.00381
136 168 0.01746
136 169 0.08098
136 170 0.05706
136 171 -0.01517
136 172 -0.05003
136 173 0.01695
136 174 -0.03805
136 175 -0.07792
136 176 -0.07614
136 177 0.15186
136 178 0.02485
136 179 -0.06621
136 180 -0.03945
136 181 0.15772
136 182 -0.03218
136 183 -0.03097
136 184 0.056
136 185 0.04936
136 186 0.0017
136 187 0.0744
136 188 -0.0742
136 189 0.02915
136 190 -0.06336
136 191 -0.09186
136 192 0.02747
136 193 -0.03733
136 194 0.03783
136 195 -0.07462
136 196 0.0914
136 197 0.00366
136 198 -0.01592
136 199 0.01998
136 200 -0.00839
136 201 0.10272
136 202 0.055
136 203 -0.0838
136 204 0.01598
136 205 -0.06372
136 206 -0.00019
136 207 0.00211
136 208 0.08809
136 209 -0.01836
136 210 -0.0349
136 211 -0.0529
136 212 -0.06035
136 213 -0.00889
136 214 -0.0922
136 215 -0.00626
136 216 0.01124
136 217 0.06975
136 218 0.09853
136 219 0.01924
136 220 0.05591
136 221 -0.11389
136 222 -0.00432
136 223 -0.0294
136 224 -0.12654
136 225 -0.02908
136 226 0.03206
136 227 -0.04424
136 228 0.00413
136 229 0.00439
136 230 -0.11797
136 231 0.02901
136 232 -0.00442
136 233 0.08123
136 234 0.05658
136 235 0.04707
136 236 -0.00692
136 237 -0.0326
136 238 0.03842
136 239 0.01013
136 240 0.00654
136 241 -0.00694
136 242 0.03754
136 243 -0.08292
136 244 0.00432
136 245 0.03805
136 246 -0.10417
136 247 0.04117
136 248 -0.07013
136 249 0.06983
136 250 0.04131
136 251 -0.01974
136 252 0.02643
136 253 -0.03114
136 254 -0.02165
136 255 0.0197
136 256 -0.11179
136 257 -0.0201
136 258 -0.13921
136 259 -0.06141
136 260 0.03156
136 261 -0.04981
136 262 0.01565
136 263 0.05065
136 264 -0.02032
136 265 -0.07179
136 266 0.07338
136 267 0.02518
136 268 0.04053
136 269 0.05243
136 270 0.01608
136 271 0.07371
136 272 0.06098
136 273 0.09638
136 274 -0.03597
136 275 -0.04138
136 276 0.03438
136 277 -0.02214
136 278 -0.0526
136 279 0.09413
136 280 -0.07454
136 281 0.02056
136 282 0.03181
136 283 -0.11352
136 284 -0.01415
136 285 0.04046
136 286 0.02525
136 287 0.02232
136 288 0.06741
136 289 0.13607
136 290 -0.00052
136 291 -0.0666
136 292 -0.07175
136 293 -0.09526
136 294 0.02423
136 295 0.0141
136 296 -0.01299
136 297 0.01106
136 298 -0.0904
136 299 -0.03947
137 138 0.05097
137 139 0.03337
137 140 -0.10155
137 141 0.04607
137 142 -0.0625
137 143 0.02309
137 144 -0.02379
137 145 0.05209
137 146 0.06405
137 147 0.04993
137 148 -0.00913
137 149 0.03984
137 150 0.09048
137 151 -0.02154
137 152 -0.00744
137 153 -0.02286
137 154 -0.00528
137 155 -0.00526
137 156 0.09988
137 157 0.01264
137 158 0.03269
137 159 0.00976
137 160 -0.01543
137 161 0.0228
137 162 -0.02582
137 163 -0.01264
137 164 -0.09143
137 165 -0.03692
137 166 0.04753
137 167 0.03216
137 168 0.02242
137 169 0.0822
137 170 0.03496
137 171 -0.04608
137 172 0.01246
137 173 0.05646
137 174 0.08763
137 175 0.08104
137 176 0.11266
137 177 -0.0263
137 178 -0.00525
137 179 -0.00896
137 180 0.13372
137 181 0.02186
137 182 -0.05564
137 183 0.01989
137 184 0.06651
137 185 0.02228
137 186 0.00847
137 187 -0.09501
137 188 -0.11306
137 189 0.04734
137 190 0.01549
137 191 0.06857
137 192 -0.021
137 193 0.01894
137 194 0.11193
137 195 -0.02129
137 196 -0.08661
137 197 0.07026
137 198 -0.0137
137 199 -0.06386
137 200 -0.02102
137 201 0.01478
137 202 0.04824
137 203 0.04088
137 204 0.0327
137 205 -0.05339
137 206 0.05768
137 207 -0.01929
137 208 -0.05699
137 209 0.17576
137 210 0.06657
137 211 0.0933
137 212 0.0174
137 213 0.02095
137 214 -0.06832
137 215 -0.04768
137 216 -0.022
137 217 -0.0893
137 218 0.0878
137 219 0.01691
137 220 0.0568
137 221 -0.06124
137 222 -0.00759
137 223 -0.06748
137 224 -0.03359
137 225 -0.07129
137 226 0.04422
137 227 0.02078
137 228 0.02255
137 229 -0.02763
137 230 -0.02677
137 231 -0.02052
137 232 -0.00663
137 233 0.07846
137 234 0.03154
137 235 0.0682
137 236 -0.01756
137 237 0.07761
137 238 0.08673
137 239 0.04982
137 240 0.07178
137 241 0.03181
137 242 -0.01118
137 243 0.04956
137 244 0.11643
137 245 -0.00305
137 246 -0.00763
137 247 0.01366
137 248 -0.02856
137 249 -0.05697
137 250 0.01633
137 251 -0.07451
137 252 -0.07302
137 253 0.01283
137 254 -0.07759
137 255 0.06373
137 256 0.03162
137 257 -0.00018
137 258 0.0176
137 259 -0.076
137 260 -0.03981
137 261 -0.07019
137 262 0.07833
137 263 -0.00348
137 264 0.03025
137 265 0.00008
137 266 0.14951
137 267 0.02419
137 268 -0.03751
137 269 -0.01384
137 270 0.00136
137 271 0.01087
137 272 -0.02825
137 273 0.05319
137 274 -0.06576
137 275 0.02284
137 276 0.0154
137 277 0.02222
137 278 0.03687
137 279 -0.0237
137 280 0.0258
137 281 -0.11972
137 282 0.04397
137 283 0.00506
137 284 0.01757
137 285 0.03482
137 286 0.02274
137 287 -0.07083
137 288 -0.0068
137 289 0.06915
137 290 0.03
137 291 -0.01822
137 292 -0.09779
137 293 0.13734
137 294 -0.07474
137 295 0.02486
137 296 -0.06773
137 297 0.0193
137 298 -0.00458
137 299 0.0343
138 139 -0.03126
138 140 -0.02032
138 141 0.00079
138 142 -0.04459
138 143 0.02502
138 144 0.09244
138 145 0.0265
138 146 -0.05342
138 147 0.06389
138 148 -0.07571
138 149 -0.0942
138 150 -0.00788
138 151 0.06389
138 152 -0.04788
138 153 0.00099
138 154 -0.06721
138 155 -0.04341
138 156 0.04172
138 157 -0.05339
138 158 -0.0504
138 159 -0.09114
138 160 0.00312
138 161 -0.00241
138 162 -0.12165
138 163 0.0171
138 164 0.08799
138 165 -0.12687
138 166 -0.00398
138 167 -0.08432
138 168 0.11005
138 169 -0.03225
138 170 -0.08006
138 171 0.047
138 172 -0.02226
138 173 0.07339
138 174 0.00296
138 175 -0.02262
138 176 0.04986
138 177 0.05323
138 178 -0.04115
138 179 -0.1001
138 180 -0.01366
138 181 -0.07349
138 182 -0.02749
138 183 0.00088
138 184 0.03385
138 185 0.03116
138 186 -0.02887
138 187 -0.00244
138 188 0.01544
138 189 0.17316
138 190 -0.04204
138 191 0.05547
138 192 0.01068
138 193 0.01393
138 194 0.03711
138 195 0.05754
138 196 0.0068
138 197 0.03962
138 198 0.12382
138 199 0.13573
138 200 -0.03603
138 201 -0.07609
138 202 -0.02498
138 203 -0.00514
138 204 0.11105
138 205 -0.02367
138 206 0.03639
138 207 -0.07826
138 208 -0.01155
138 209 -0.09404
138 210 0.07741
138 211 -0.14968
138 212 -0.04946
138 213 -0.03003
138 214 0.10293
138 215 0.04338
138 216 0.01508
138 217 0.05254
138 218 0.01486
138 219 -0.01664
138 220 -0.00976
138 221 -0.03999
138 222 -0.04609
138 223 0.03764
138 224 -0.06019
138 225 0.06886
138 226 -0.03467
138 227 0.08953
138 228 0.01624
138 229 -0.08031
138 230 0.08237
138 231 -0.14202
138 232 0.04008
138 233 0.01322
138 234 -0.00506
138 235 0.07447
138 236 0.10808
138 237 0.04942
138 238 -0.00782
138 239 0.00553
138 240 -0.10272
138 241 0.08966
138 242 -0.05225
138 243 0.04826
138 244 -0.01778
138 245 -0.02159
138 246 0.08054
138 247 0.0158
138 248 0.06911
138 249 -0.0316
138 250 -0.0789
138 251 0.02383
138 252 0.04304
138 253 -0.05888
138 254 0.03916
138 255 0.01781
138 256 -0.0035
138 257 0.06794
138 258 -0.06706
138 259 0.02468
138 260 -0.03819
138 261 0.0589
138 262 -0.02577
138 263 0.07303
138 264 -0.01434
138 265 -0.03217
138 266 -0.06142
138 267 -0.04013
138 268 0.00045
138 269 -0.02983
138 270 -0.06087
138 271 -0.05521
138 272 -0.09257
138 273 -0.16516
138 274 0.03863
138 275 0.05815
138 276 -0.01404
138 277 0.04875
138 278 0.00079
138 279 0.05684
138 280 0.01254
138 281 -0.05957
138 282 -0.12167
138 283 -0.09431
138 284 -0.01684
138 285 0.03715
138 286 -0.09494
138 287 0.0071
138 288 -0.04838
138 289 -0.00032
138 290 -0.0344
138 291 0.10012
138 292 -0.00827
138 293 0.00196
138 294 0.16628
138 295 0.01931
138 296 -0.04649
138 297 -0.02216
138 298 0.07048
138 299 0.04844
139 140 0.04601
139 141 -0.06023
139 142 0.00266
139 143 -0.06141
139 144 -0.00121
139 145 0.05779
139 146 0.03648
139 147 0.00828
139 148 0.02773
139 149 0.03094
139 150 -0.00737
139 151 -0.08555
139 152 0.02715
139 153 0.00781
139 154 -0.13603
139 155 -0.02272
139 156 -0.00347
139 157 -0.04284
139 158 -0.0438
139 159 0.00138
139 160 0.06816
139 161 0.05449
139 162 0.00475
139 163 0.01661
139 164 0.00581
139 165 0.10746
139 166 0.00147
139 167 -0.03366
139 168 -0.01839
139 169 -0.03277
139 170 0.01072
139 171 0.05305
139 172 -0.07187
139 173 0.10173
139 174 0.02761
139 175 -0.02006
139 176 -0.0589
139 177 -0.03699
139 178 -0.04096
139 179 -0.12398
139 180 0.08024
139 181 -0.0492
139 182 0.05884
139 183 0.03423
139 184 -0.00683
139 185 -0.03629
139 186 0.04973
139 187 -0.01085
139 188 0.03792
139 189 -0.00428
139 190 -0.00161
139 191 -0.09122
139 192 -0.06672
139 193 0.08806
139 194 -0.02862
139 195 -0.01216
139 196 -0.05339
139 197 0.03341
139 198 -0.07605
139 199 -0.04196
139 200 -0.09531
139 201 -0.11709
139 202 0.09853
139 203 0.01278
139 204 -0.00913
139 205 -0.05099
139 206 0.04802
139 207 0.02033
139 208 -0.10304
139 209 -0.09614
139 210 -0.07436
139 211 0.00589
139 212 0.04192
139 213 0.06144
139 214 -0.09918
139 215 -0.02904
139 216 -0.01599
139 217 0.00386
139 218 0.04354
139 219 -0.04956
139 220 -0.01818
139 221 0.08437
139 222 0.16087
139 223 -0.03601
139 224 -0.00053
139 225 -0.01052
139 226 0.02504
139 227 0.02507
139 228 0.00686
139 229 -0.09584
139 230 -0.06291
139 231 -0.02849
139 232 -0.00535
139 233 0.09499
139 234 -0.0481
139 235 -0.05906
139 236 -0.0143
139 237 -0.11104
139 238 -0.02736
139 239 -0.06036
139 240 0.0007
139 241 -0.02782
139 242 0.05254
139 243 -0.11111
139 244 0.04189
139 245 -0.08872
139 246 -0.01844
139 247 -0.1234
139 248 0.04004
139 249 0.0425
139 250 -0.06558
139 251 -0.06698
139 252 0.08166
139 253 0.01715
139 254 0.01743
139 255 0.07416
139 256 -0.16125
139 257 0.05147
139 258 -0.01538
139 259 0.0278
139 260 -0.0362
139 261 0.10459
139 262 -0.01833
139 263 -0.09997
139 264 -0.04496
139 265 0.0655
139 266 -0.06663
139 267 -0.05266
139 268 0.06483
139 269 -0.05214
139 270 0.02955
139 271 0.0028
139 272 -0.00177
139 273 -0.0873
139 274 0.00783
139 275 0.0281
139 276 -0.0375
139 277 -0.02166
139 278 0.07945
139 279 -0.04464
139 280 -0.06901
139 281 0.01594
139 282 0.03517
139 283 0.12732
139 284 0.03446
139 285 0.06218
139 286 -0.03797
139 287 -0.00684
139 288 0.04371
139 289 0.00749
139 290 -0.13224
139 291 -0.08047
139 292 -0.05346
139 293 -0.05822
139 294 0.01481
139 295 0.03897
139 296 -0.09782
139 297 -0.03604
139 298 0.00573
139 299 -0.05338
140 141 0.0692
140 142 -0.13417
140 143 0.06318
140 144 0.07194
140 145 -0.00081
140 146 0.01488
140 147 0.04815
140 148 0.05386
140 149 -0.17454
140 150 -0.02029
140 151 0.03447
140 152 -0.11137
140 153 -0.00436
140 154 0.03787
140 155 0.01535
140 156 0.00962
140 157 -0.10509
140 158 0.00572
140 159 0.04475
140 160 -0.03199
140 161 0.03388
140 162 -0.00751
140 163 -0.05697
140 164 -0.08886
140 165 0.0396
140 166 -0.06943
140 167 -0.0591
140 168 0.02037
140 169 0.01964
140 170 0.03404
140 171 0.04852
140 172 -0.01917
140 173 0.06215
140 174 0.00778
140 175 -0.07841
140 176 0.03431
140 177 -0.11945
140 178 -0.10011
140 179 -0.01119
140 180 -0.10626
140 181 -0.06449
140 182 0.02929
140 183 -0.09645
140 184 0.04557
140 185 0.01931
140 186 0.03636
140 187 -0.00846
140 188 -0.05894
140 189 0.06238
140 190 0.03288
140 191 -0.07143
140 192 -0.0183
140 193 -0.05433
140 194 0.06629
140 195 -0.11084
140 196 0.01325
140 197 0.04426
140 198 -0.04933
140 199 -0.02213
140 200 0.00928
140 201 -0.05962
140 202 -0.04375
140 203 -0.0135
140 204 0.04389
140 205 -0.00433
140 206 0.04031
140 207 0.00027
140 208 -0.03153
140 209 0.03222
140 210 0.02909
140 211 0.04106
140 212 0.06289
140 213 0.08379
140 214 0.05504
140 215 0.05588
140 216 0.0225
140 217 0.17034
140 218 0.09372
140 219 0.01523
140 220 0.05087
140 221 -0.09713
140 222 0.04899
140 223 -0.07418
140 224 -0.12982
140 225 -0.05081
140 226 0.09125
140 227 -0.04596
140 228 -0.041
140 229 0.01865
140 230 -0.0193
140 231 0.02262
140 232 -0.03051
140 233 -0.01157
140 234 0.01253
140 235 -0.00887
140 236 -0.02945
140 237 0.05941
140 238 0.0486
140 239 -0.03954
140 240 0.00574
140 241 0.03596
140 242 0.07351
140 243 0.05292
140 244 -0.16793
140 245 0.04749
140 246 0.00515
140 247 0.03587
140 248 -0.02863
140 249 -0.06325
140 250 0.01207
140 251 -0.07439
140 252 -0.00924
140 253 0.02139
140 254 -0.00631
140 255 -0.03143
140 256 -0.01622
140 257 -0.05198
140 258 0.05517
140 259 0.006
140 260 0.05469
140 261 -0.03655
140 262 -0.1121
140 263 -0.06579
140 264 -0.09128
140 265 0.01137
140 266 -0.02034
140 267 -0.00015
140 268 0.01945
140 269 0.12341
140 270 -0.05497
140 271 -0.03885
140 272 0.02564
140 273 -0.03324
140 274 -0.04045
140 275 0.06646
140 276 -0.05538
140 277 -0.06908
140 278 0.02568
140 279 -0.0401
140 280 -0.09487
140 281 -0.10096
140 282 -0.05523
140 283 -0.02877
140 284 -0.05674
140 285 -0.15424
140 286 0.03402
140 287 0.09202
140 288 0.04109
140 289 0.00526
140 290 -0.11563
140 291 0.07478
140 292 -0.00001
140 293 -0.05701
140 294 -0.042
140 295 -0.0489
140 296 0.00906
140 297 0.0177
140 298 0.03884
140 299 0.10937
141 142 0.05159
141 143 -0.01648
141 144 0.04912
141 145 -0.08371
141 146 -0.03837
141 147 0.10685
141 148 -0.07182
141 149 0.06669
141 150 0.01125
141 151 -0.09038
141 152 0.00103
141 153 0.07574
141 154 0.14314
141 155 -0.03657
141 156 0.07089
141 157 0.09115
141 158 -0.0627
141 159 0.01274
141 160 -0.11234
141 161 -0.03937
141 162 -0.05262
141 163 -0.01037
141 164 -0.14251
141 165 -0.03469
141 166 -0.03116
141 167 -0.07432
141 168 -0.06103
141 169 -0.03593
141 170 -0.04662
141 171 0.05237
141 172 0.00854
141 173 -0.00432
141 174 -0.07648
141 175 -0.03575
141 176 -0.00163
141 177 -0.03321
141 178 -0.0263
141 179 0.04161
141 180 -0.08735
141 181 -0.02363
141 182 0.06607
141 183 0.02615
141 184 -0.02602
141 185 -0.08396
141 186 0.02982
141 187 -0.06328
141 188 -0.02837
141 189 -0.03199
141 190 0.06382
141 191 0.00059
141 192 0.05469
141 193 0.02284
141 194 -0.03767
141 195 0.03449
141 196 -0.04942
141 197 -0.04648
141 198 0.06655
141 199 -0.06211
141 200 -0.00957
141 201 0.03475
141 202 0.00835
141 203 -0.08051
141 204 0.09175
141 205 0.10433
141 206 -0.12726
141 207 0.08339
141 208 -0.00364
141 209 0.01913
141 210 -0.10525
141 211 0.03723
141 212 -0.07745
141 213 0.02688
141 214 0.03874
141 215 -0.03913
141 216 -0.05217
141 217 -0.01011
141 218 0.02087
141 219 -0.04644
141 220 -0.00013
141 221 0.00013
141 222 -0.05605
141 223 0.0811
141 224 -0.11036
141 225 0.03461
141 226 -0.07018
141 227 -0.01829
141 228 0.04151
141 229 -0.0324
141 230 0.04546
141 231 0.05883
141 232 0.08641
141 233 0.0889
141 234 -0.00491
141 235 -0.10561
141 236 0.02646
141 237 -0.17826
141 238 -0.01392
141 239 0.01054
141 240 -0.01793
141 241 0.05334
141 242 0.03475
141 243 0.0109
141 244 -0.07311
141 245 0.04933
141 246 -0.00085
141 247 -0.05766
141 248 0.06324
141 249 0.01296
141 250 -0.0446
141 251 -0.01782
141 252 -0.01567
141 253 -0.01986
141 254 -0.00109
141 255 -0.13057
141 256 0.12113
141 257 -0.00264
141 258 0.12937
141 259 0.10687
141 260 0.12229
141 261 -0.06185
141 262 -0.01816
141 263 -0.02376
141 264 0.05121
141 265 -0.02826
141 266 0.00758
141 267 -0.05207
141 268 0.14541
141 269 0.04678
141 270 -0.08475
141 271 -0.00408
141 272 0.04709
141 273 0.00511
141 274 -0.1076
141 275 0.01081
141 276 -0.01146
141 277 -0.00437
141 278 -0.05094
141 279 -0.05789
141 280 0.00001
141 281 0.02219
141 282 -0.00999
141 283 0.01817
141 284 -0.02683
141 285 0.02597
141 286 0.03292
141 287 0.0404
141 288 -0.06541
141 289 0.01314
141 290 0.05309
141 291 -0.00051
141 292 -0.11046
141 293 -0.01753
141 294 0.15214
141 295 0.06491
141 296 0.01843
141 297 0.02839
141 298 -0.01553
141 299 0.03328
142 143 0.06607
142 144 -0.07604
142 145 -0.01712
142 146 -0.09035
142 147 0.01668
142 148 -0.05073
142 149 -0.02677
142 150 -0.00156
142 151 -0.09985
142 152 0.06148
142 153 -0.00889
142 154 -0.00211
142 155 0.08285
142 156 -0.0296
142 157 0.04913
142 158 0.08603
142 159 -0.05704
142 160 -0.00328
142 161 -0.00528
142 162 -0.04939
142 163 -0.00618
142 164 0.00055
142 165 -0.04683
142 166 0.03986
142 167 -0.02965
142 168 -0.09165
142 169 -0.05665
142 170 0.02284
142 171 -0.00387
142 172 0.03419
142 173 0.0291
142 174 0.08553
142 175 0.14434
142 176 0.08986
142 177 -0.0509
142 178 -0.01533
142 179 -0.01222
142 180 -0.0719
142 181 0.01961
142 182 0.02443
142 183 -0.01097
142 184 -0.00658
142 185 0.01104
142 186 -0.13957
142 187 -0.01907
142 188 -0.09084
142 189 -0.0562
142 190 -0.01545
142 191 -0.05974
142 192 -0.05909
142 193 -0.06691
142 194 -0.01408
142 195 -0.06549
142 196 -0.0593
142 197 0.01203
142 198 -0.06384
142 199 0.07424
142 200 0.12662
142 201 -0.11735
142 202 0.07359
142 203 0.06467
142 204 0.00557
142 205 -0.01451
142 206 0.08543
142 207 -0.06451
142 208 0.01076
142 209 0.01336
142 210 -0.0329
142 211 -0.12317
142 212 0.05624
142 213 -0.02602
142 214 0.03473
142 215 -0.04925
142 216 0.02682
142 217 0.01957
142 218 0.07734
142 219 -0.10263
142 220 0.01128
142 221 0.06948
142 222 -0.07712
142 223 -0.05722
142 224 -0.09969
142 225 0.05717
142 226 -0.0016
142 227 0.06017
142 228 0.03563
142 229 0.03465
142 230 0.0246
142 231 -0.00162
142 232 0.06987
142 233 -0.08509
142 234 0.04284
142 235 0.0063
142 236 0.06469
142 237 -0.02835
142 238 0.05338
142 239 0.06891
142 240 -0.01088
142 241 -0.02133
142 242 -0.0674
142 243 0.00134
142 244 0.05483
142 245 -0.05873
142 246 0.01559
142 247 0.01932
142 248 0.04306
142 249 0.05799
142 250 -0.04876
142 251 -0.03951
142 252 -0.00655
142 253 0.05887
142 254 -0.07874
142 255 -0.01807
142 256 -0.0348
142 257 0.04217
142 258 0.03496
142 259 0.02535
142 260 -0.04145
142 261 -0.04023
142 262 -0.0768
142 263 0.02418
142 264 -0.07349
142 265 0.01625
142 266 -0.0652
142 267 -0.0463
142 268 -0.05419
142 269 -0.01686
142 270 -0.08054
142 271 0.04006
142 272 0.01012
142 273 0.00106
142 274 0.0835
142 275 0.04081
142 276 -0.05796
142 277 -0.04802
142 278 0.02237
142 279 -0.02259
142 280 0.09419
142 281 -0.05342
142 282 -0.0535
142 283 -0.05203
142 284 -0.1049
142 285 -0.11105
142 286 0.06061
142 287 -0.04855
142 288 -0.09115
142 289 0.12607
142 290 0.09324
142 291 0.03228
142 292 -0.05308
142 293 0.00538
142 294 0.10711
142 295 -0.00016
142 296 -0.04654
142 297 0.07104
142 298 0.00033
142 299 0.06755
143 144 0.01602
143 145 -0.05926
143 146 0.08404
143 147 -0.00369
143 148 0.01878
143 149 -0.00456
143 150 -0.04279
143 151 0.07244
143 152 -0.04509
143 153 0.02976
143 154 0.0054
143 155 -0.00211
143 156 -0.12916
143 157 0.03947
143 158 -0.02645
143 159 -0.0056
143 160 0.00111
143 161 0.08418
143 162 0.07906
143 163 0.03633
143 164 0.07714
143 165 0.0974
143 166 0.03988
143 167 0.06906
143 168 0.03747
143 169 -0.08931
143 170 -0.07111
143 171 0.00362
143 172 -0.0866
143 173 0.03218
143 174 -0.01836
143 175 0.06264
143 176 0.04424
143 177 -0.06749
143 178 0.01861
143 179 0.03968
143 180 -0.07284
143 181 0.05747
143 182 0.13173
143 183 -0.00125
143 184 -0.02248
143 185 0.01967
143 186 -0.10285
143 187 -0.00572
143 188 0.03539
143 189 -0.04505
143 190 0.00074
143 191 0.09679
143 192 0.04348
143 193 -0.01526
143 194 -0.03041
143 195 -0.08214
143 196 -0.02869
143 197 -0.07172
143 198 -0.0616
143 199 0.03926
143 200 0.03484
143 201 0.03841
143 202 0.02342
143 203 -0.10523
143 204 -0.09083
143 205 0.05258
143 206 -0.01792
143 207 -0.04521
143 208 0.11423
143 209 0.0993
143 210 0.07989
143 211 -0.05729
143 212 -0.09788
143 213 -0.06436
143 214 0.02308
143 215 -0.04819
143 216 -0.01594
143 217 -0.00754
143 218 0.01426
143 219 -0.06622
143 220 -0.08299
143 221 -0.02764
143 222 -0.04376
143 223 0.06348
143 224 0.04049
143 225 -0.12802
143 226 -0.07963
143 227 -0.05296
143 228 0.06385
143 229 -0.01197
143 230 0.00303
143 231 -0.01624
143 232 -0.00274
143 233 0.07379
143 234 0.00812
143 235 0.01024
143 236 -0.09219
143 237 0.12447
143 238 0.0417
143 239 -0.04984
143 240 0.03655
143 241 0.07777
143 242 -0.00905
143 243 -0.0656
143 244 0.07076
143 245 -0.10562
143 246 -0.0057
143 247 0.00941
143 248 -0.02865
143 249 0.05785
143 250 0.05383
143 251 0.05685
143 252 0.04676
143 253 0.02522
143 254 0.05077
143 255 0.08167
143 256 0.06714
143 257 0.10096
143 258 -0.0351
143 259 -0.01934
143 260 -0.00679
143 261 -0.05439
143 262 -0.07089
143 263 0.00739
143 264 -0.06962
143 265 -0.10895
143 266 -0.04408
143 267 0.11231
143 268 -0.0311
143 269 0.06587
143 270 0.00023
143 271 -0.00427
143 272 0.01482
143 273 -0.02952
143 274 -0.0324
143 275 -0.11001
143 276 0.03334
143 277 0.00082
143 278 -0.08943
143 279 0.07704
143 280 -0.04265
143 281 0.07703
143 282 -0.11087
143 283 0.01586
143 284 0.11776
143 285 0.00556
143 286 0.09667
143 287 0.02962
143 288 -0.0063
143 289 -0.12135
143 290 -0.07675
143 291 0.02019
143 292 -0.00912
143 293 -0.01564
143 294 0.06182
143 295 0.00564
143 296 -0.05661
143 297 -0.08892
143 298 0.0797
143 299 0.13258
144 145 -0.01821
144 146 -0.00492
144 147 0.08311
144 148 0.02261
144 149 0.05477
144 150 -0.09315
144 151 -0.0153
144 152 -0.03873
144 153 0.01711
144 154 0.00588
144 155 0.07384
144 156 -0.11328
144 157 -0.00907
144 158 -0.11065
144 159 0.02067
144 160 0.03599
144 161 -0.00902
144 162 0.06521
144 163 0.12241
144 164 -0.10148
144 165 0.02128
144 166 0.10219
144 167 0.03994
144 168 0.04605
144 169 0.00531
144 170 0.02561
144 171 0.03828
144 172 -0.05971
144 173 0.10208
144 174 0.00429
144 175 -0.00347
144 176 -0.06312
144 177 0.00455
144 178 -0.0251
144 179 0.0602
144 180 -0.00368
144 181 -0.08361
144 182 0.01273
144 183 -0.02059
144 184 -0.04143
144 185 -0.02215
144 186 -0.05981
144 187 -0.08981
144 188 -0.01054
144 189 -0.00263
144 190 -0.02641
144 191 0.00151
144 192 0.04252
144 193 -0.10156
144 194 0.01715
144 195 0.0007
144 196 -0.03956
144 197 0.01132
144 198 -0.00307
144 199 0.00695
144 200 -0.04004
144 201 -0.02244
144 202 0.11846
144 203 0.05085
144 204 0.07215
144 205 -0.09694
144 206 0.08422
144 207 -0.06322
144 208 -0.01273
144 209 0.01137
144 210 -0.05011
144 211 0.00812
144 212 0.03844
144 213 0.04257
144 214 0.03408
144 215 -0.00116
144 216 0.08419
144 217 -0.05094
144 218 0.0631
144 219 -0.0214
144 220 0.00439
144 221 -0.06748
144 222 0.11437
144 223 0.08646
144 224 0.02692
144 225 0.07489
144 226 -0.00814
144 227 0.0327
144 228 0.03776
144 229 0.00718
144 230 0.05663
144 231 0.00103
144 232 0.05039
144 233 0.01794
144 234 -0.01334
144 235 0.02337
144 236 -0.05793
144 237 -0.02217
144 238 0.01844
144 239 0.06863
144 240 -0.05492
144 241 -0.00959
144 242 0.05184
144 243 -0.00182
144 244 0.12417
144 245 -0.00391
144 246 -0.13665
144 247 -0.0432
144 248 -0.06638
144 249 -0.00525
144 250 -0.02997
144 251 -0.00797
144 252 -0.0216
144 253 0.04511
144 254 -0.01349
144 255 -0.05644
144 256 0.16396
144 257 -0.05418
144 258 -0.10046
144 259 -0.02685
144 260 0.06749
144 261 -0.12495
144 262 -0.00713
144 263 -0.01992
144 264 0.0399
144 265 0.07382
144 266 0.04815
144 267 0.03862
144 268 0.02948
144 269 -0.04963
144 270 -0.03801
144 271 -0.04795
144 272 -0.00406
144 273 -0.04056
144 274 0.0581
144 275 -0.02294
144 276 0.01022
144 277 0.06466
144 278 -0.07853
144 279 0.03955
144 280 -0.1388
144 281 -0.02929
144 282 -0.01152
144 283 -0.08853
144 284 0.03449
144 285 0.07655
144 286 0.09164
144 287 0.03132
144 288 -0.05302
144 289 0.16603
144 290 0.04687
144 291 0.08107
144 292 -0.06995
144 293 0.0161
144 294 0.07083
144 295 -0.0323
144 296 0.088
144 297 0.01529
144 298 -0.03584
144 299 -0.04301
145 146 -0.05955
145 147 0.00397
145 148 -0.05608
145 149 -0.06841
145 150 0.07843
145 151 0.13111
145 152 0.03321
145 153 0.08403
145 154 0.0477
145 155 -0.01911
145 156 0.04791
145 157 -0.01784
145 158 -0.00971
145 159 0.04754
145 160 0.01946
145 161 0.04694
145 162 0.04508
145 163 0.0293
145 164 -0.02115
145 165 0.05716
145 166 0.09474
145 167 0.00388
145 168 -0.07083
145 169 -0.0337
145 170 0.04947
145 171 0.02321
145 172 0.03175
145 173 0.03756
145 174 -0.00439
145 175 -0.02084
145 176 0.00931
145 177 0.00175
145 178 0.00439
145 179 -0.10082
145 180 -0.10347
145 181 -0.06923
145 182 0.02789
145 183 -0.06163
145 184 -0.02669
145 185 0.00214
145 186 0.01084
145 187 -0.06952
145 188 -0.04969
145 189 0.11316
145 190 -0.04748
145 191 -0.02051
145 192 -0.02459
145 193 -0.07058
145 194 0.103
145 195 -0.05999
145 196 0.06884
145 197 -0.03531
145 198 -0.04555
145 199 0.0203
145 200 -0.08251
145 201 -0.04341
145 202 -0.01671
145 203 -0.01876
145 204 -0.09151
145 205 -0.01373
145 206 0.05573
145 207 -0.01599
145 208 0.05089
145 209 0.00433
145 210 0.00124
145 211 0.02524
145 212 0.01219
145 213 0.00095
145 214 0.08774
145 215 0.01489
145 216 0.02366
145 217 0.00775
145 218 -0.01216
145 219 -0.02578
145 220 0.08032
145 221 0.00342
145 222 0.03587
145 223 -0.09201
145 224 0.0403
145 225 -0.12016
145 226 0.09813
145 227 -0.01828
145 228 0.02792
145 229 -0.01375
145 230 0.01359
145 231 -0.05155
145 232 -0.01159
145 233 0.04688
145 234 -0.00422
145 235 0.0237
145 236 -0.02547
145 237 -0.01402
145 238 0.06496
145 239 0.00842
145 240 0.02966
145 241 -0.00846
145 242 0.07471
145 243 -0.04464
145 244 0.09716
145 245 -0.03901
145 246 0.02541
145 247 0.09198
145 248 0.03403
145 249 0.04312
145 250 -0.04036
145 251 -0.04553
145 252 0.04905
145 253 0.04742
145 254 -0.06244
145 255 -0.00864
145 256 0.07386
145 257 0.02594
145 258 0.06434
145 259 -0.06805
145 260 -0.19537
145 261 -0.01927
145 262 0.0755
145 263 0.07133
145 264 -0.12797
145 265 0.03556
145 266 -0.05754
145 267 0.01661
145 268 -0.03959
145 269 -0.02441
145 270 0.04358
145 271 -0.0574
145 272 0.05459
145 273 0.0597
145 274 0.04308
145 275 -0.03375
145 276 0.07127
145 277 0.04513
145 278 0.0848
145 279 0.05606
145 280 -0.02382
145 281 0.02146
145 282 0.07123
145 283 -0.06841
145 284 -0.05621
145 285 -0.05287
145 286 0.02141
145 287 -0.03611
145 288 -0.15417
145 289 0.06741
145 290 0.01518
145 291 -0.08081
145 292 0.0563
145 293 0.01493
145 294 -0.00233
145 295 -0.02982
145 296 0.12764
145 297 -0.00041
145 298 -0.00363
145 299 -0.0966
146 147 0.02692
146 148 -0.10675
146 149 -0.01262
146 150 -0.05997
146 151 -0.04392
146 152 -0.07008
146 153 0.02259
146 154 0.11084
146 155 -0.04004
146 156 0.01049
146 157 0.10364
146 158 0.02006
146 159 -0.08816
146 160 -0.01364
146 161 0.01592
146 162 -0.04287
146 163 0.00807
146 164 0.02018
146 165 0.09574
146 166 0.09451
146 167 0.029
146 168 0.10581
146 169 0.05484
146 170 0.05352
146 171 -0.04562
146 172 0.11617
146 173 -0.00698
146 174 0.13693
146 175 0.0727
146 176 0.07445
146 177 -0.03092
146 178 0.14712
146 179 -0.05825
146 180 0.10265
146 181 -0.01903
146 182 -0.07875
146 183 0.01831
146 184 -0.02993
146 185 -0.09519
146 186 0.17014
146 187 -0.07675
146 188 0.03444
146 189 0.0411
146 190 -0.00483
146 191 0.03386
146 192 0.02297
146 193 0.06233
146 194 0.0289
146 195 -0.13971
146 196 0.0259
146 197 0.02121
146 198 -0.09145
146 199 -0.06728
146 200 0.01711
146 201 -0.00972
146 202 -0.03209
146 203 0.0832
146 204 -0.01121
146 205 -0.13891
146 206 -0.03771
146 207 -0.08853
146 208 0.04694
146 209 0.06896
146 210 0.01688
146 211 -0.03965
146 212 -0.11748
146 213 0.03875
146 214 0.03417
146 215 0.01297
146 216 0.01578
146 217 -0.08909
146 218 -0.07688
146 219 -0.00282
146 220 0.07151
146 221 0.00426
146 222 0.10749
146 223 0.08784
146 224 -0.02044
146 225 -0.0353
146 226 0.08678
146 227 0.00768
146 228 0.09639
146 229 0.06297
146 230 -0.00947
146 231 -0.01532
146 232 -0.08764
146 233 0.14242
146 234 0.02698
146 235 -0.04948
146 236 -0.06635
146 237 0.02277
146 238 0.07723
146 239 0.05371
146 240 -0.02831
146 241 -0.03619
146 242 0.05254
146 243 0.02548
146 244 -0.07543
146 245 -0.00059
146 246 -0.10843
146 247 -0.02616
146 248 -0.04441
146 249 0.00874
146 250 -0.0073
146 251 0.01549
146 252 0.01273
146 253 0.06462
146 254 0.00925
146 255 0.0235
146 256 -0.03346
146 257 0.05648
146 258 -0.05106
146 259 0.02347
146 260 -0.00616
146 261 0.0125
146 262 0.05845
146 263 -0.02124
146 264 0.09341
146 265 -0.04316
146 266 -0.02511
146 267 -0.07673
146 268 -0.02848
146 269 0.00679
146 270 0.03337
146 271 0.06902
146 272 -0.05902
146 273 0.0813
146 274 -0.02493
146 275 -0.02517
146 276 -0.00631
146 277 -0.00504
146 278 0.00247
146 279 -0.00301
146 280 -0.01355
146 281 -0.01849
146 282 0.03316
146 283 -0.019
146 284 0.00851
146 285 -0.02363
146 286 0.03341
146 287 0.0192
146 288 0.04268
146 289 -0.01836
146 290 0.02638
146 291 -0.17073
146 292 -0.07411
146 293 0.01727
146 294 0.00758
146 295 0.00232
146 296 0.06894
146 297 0.05102
146 298 0.05231
146 299 0.11725
147 148 0.02208
147 149 -0.07108
147 150 -0.08979
147 151 -0.01368
147 152 0.02822
147 153 -0.08088
147 154 0.00152
147 155 -0.00926
147 156 0.06977
147 157 -0.05339
147 158 -0.06202
147 159 -0.01899
147 160 -0.00393
147 161 -0.05107
147 162 -0.05108
147 163 0.00164
147 164 -0.02567
147 165 -0.01727
147 166 0.05985
147 167 0.03832
147 168 -0.02246
147 169 0.01369
147 170 -0.05025
147 171 -0.02257
147 172 -0.02828
147 173 -0.02633
147 174 0.00248
147 175 0.00609
147 176 -0.08997
147 177 0.04074
147 178 -0.10327
147 179 0.02937
147 180 -0.07327
147 181 0.04133
147 182 0.01652
147 183 -0.01845
147 184 0.0847
147 185 0.10544
147 186 -0.0184
147 187 -0.08032
147 188 0.00868
147 189 -0.07563
147 190 -0.07849
147 191 -0.03229
147 192 0.06809
147 193 -0.01864
147 194 -0.03826
147 195 0.00757
147 196 0.05267
147 197 -0.11709
147 198 -0.03916
147 199 -0.02984
147 200 0.06706
147 201 0.04782
147 202 -0.03179
147 203 -0.02165
147 204 -0.07171
147 205 -0.06075
147 206 0.01809
147 207 -0.0771
147 208 -0.00499
147 209 -0.04602
147 210 -0.01211
147 211 -0.03631
147 212 0.02593
147 213 0.09234
147 214 0.00818
147 215 -0.02488
147 216 -0.00901
147 217 0.0083
147 218 -0.04471
147 219 -0.00236
147 220 -0.01997
147 221 0.00306
147 222 -0.13189
147 223 0.10458
147 224 0.02138
147 225 -0.04745
147 226 0.09001
147 227 0.1333
147 228 -0.06414
147 229 -0.06048
147 230 -0.08693
147 231 -0.02043
147 232 0.00183
147 233 -0.04954
147 234 -0.02849
147 235 0.02729
147 236 -0.02805
147 237 -0.01152
147 238 -0.03931
147 239 -0.02856
147 240 0.10424
147 241 0.02874
147 242 0.0189
147 243 0.0385
147 244 -0.07131
147 245 0.02023
147 246 -0.03091
147 247 0.06149
147 248 -0.07318
147 249 -0.104
147 250 -0.03597
147 251 0.08432
147 252 0.13436
147 253 0.03668
147 254 -0.00581
147 255 -0.06476
147 256 -0.14452
147 257 0.06501
147 258 -0.06564
147 259 -0.03485
147 260 0.05989
147 261 -0.01609
147 262 0.01803
147 263 0.03611
147 264 -0.01108
147 265 -0.02002
147 266 0.01908
147 267 0.05854
147 268 -0.02714
147 269 0.03354
147 270 -0.01963
147 271 0.02362
147 272 -0.05975
147 273 -0.03942
147 274 0.09816
147 275 -0.04094
147 276 -0.08747
147 277 -0.04038
147 278 0.12755
147 279 0.04693
147 280 0.06199
147 281 -0.09982
147 282 -0.04037
147 283 -0.0104
147 284 0.09442
147 285 -0.02715
147 286 0.05308
147 287 0.16654
147 288 -0.03828
147 289 -0.0552
147 290 -0.05496
147 291 -0.0574
147 292 0.07315
147 293 0.00211
147 294 0.08784
147 295 -0.0893
147 296 -0.01542
147 297 -0.12442
147 298 0.03026
147 299 -0.06506
148 149 0.04596
148 150 0.05815
148 151 0.02389
148 152 -0.04597
148 153 0.01555
148 154 -0.05191
148 155 0.00188
148 156 -0.09437
148 157 -0.04371
148 158 -0.05116
148 159 -0.04368
148 160 0.0383
148 161 -0.05324
148 162 0.01332
148 163 0.05972
148 164 0.03267
148 165 -0.01834
148 166 -0.11767
148 167 0.11099
148 168 0.03367
148 169 -0.02322
148 170 -0.05293
148 171 0.07049
148 172 0.00223
148 173 0.09006
148 174 -0.07168
148 175 -0.06058
148 176 0.03813
148 177 0.05065
148 178 -0.02408
148 179 -0.00897
148 180 -0.02723
148 181 0.08933
148 182 -0.0318
148 183 0.05783
148 184 -0.01244
148 185 0.04656
148 186 -0.07774
148 187 -0.04356
148 188 0.02135
148 189 0.01089
148 190 0.05672
148 191 0.10283
148 192 0.00909
148 193 0.08721
148 194 0.03599
148 195 -0.01861
148 196 0.04836
148 197 0.05637
148 198 -0.14776
148 199 0.01955
148 200 -0.06782
148 201 0.12529
148 202 0.11184
148 203 -0.11176
148 204 -0.00851
148 205 0.06126
148 206 0.06233
148 207 -0.09225
148 208 0.1028
148 209 0.02966
148 210 -0.07523
148 211 0.00291
148 212 -0.1151
148 213 -0.04864
148 214 -0.15282
148 215 0.03772
148 216 -0.01276
148 217 0.01631
148 218 -0.03624
148 219 0.06602
148 220 0.05054
148 221 -0.04415
148 222 -0.06855
148 223 0.0217
148 224 -0.01285
148 225 -0.04129
148 226 0.12075
148 227 0.10754
148 228 0.0478
148 229 -0.06066
148 230 -0.01136
148 231 -0.02256
148 232 0.02442
148 233 -0.05627
148 234 -0.0395
148 235 0.02891
148 236 0.005
148 237 -0.02089
148 238 0.0156
148 239 -0.02774
148 240 -0.04752
148 241 -0.07075
148 242 -0.1227
148 243 -0.00194
148 244 -0.02574
148 245 0.02429
148 246 0.0073
148 247 0.00809
148 248 0.05693
148 249 0.0222
148 250 -0.05091
148 251 0.01163
148 252 0.01298
148 253 -0.08589
148 254 -0.0272
148 255 0.00401
148 256 -0.14014
148 257 -0.0639
148 258 0.03568
148 259 0.12411
148 260 0.03978
148 261 -0.04845
148 262 -0.02694
148 263 0.01632
148 264 -0.02123
148 265 -0.07057
148 266 0.07048
148 267 -0.03026
148 268 -0.04995
148 269 0.0613
148 270 -0.05724
148 271 -0.0509
148 272 -0.02055
148 273 0.00788
148 274 -0.00434
148 275 0.1216
148 276 0.00022
148 277 0.0006
148 278 0.00536
148 279 0.01566
148 280 -0.04318
148 281 -0.05464
148 282 0.07429
148 283 0.04763
148 284 0.05303
148 285 0.07347
148 286 0.11496
148 287 -0.07593
148 288 -0.09794
148 289 0.00861
148 290 -0.0472
148 291 -0.02173
148 292 0.00959
148 293 0.00265
148 294 0.0867
148 295 0.01231
148 296 -0.02397
148 297 0.08724
148 298 -0.03104
148 299 -0.01779
149 150 0.03061
149 151 -0.05664
149 152 0.01629
149 153 0.09333
149 154 -0.08984
149 155 -0.00709
149 156 0.07055
149 157 -0.01853
149 158 0.02158
149 159 0.03427
149 160 0.03097
149 161 -0.06498
149 162 0.00221
149 163 -0.03497
149 164 -0.03667
149 165 -0.0176
149 166 -0.0569
149 167 -0.06153
149 168 -0.02253
149 169 0.15217
149 170 0.00718
149 171 0.06809
149 172 0.02106
149 173 0.02863
149 174 0.07873
149 175 -0.01526
149 176 -0.07552
149 177 0.03694
149 178 -0.09814
149 179 0.0239
149 180 0.09998
149 181 -0.02473
149 182 -0.08334
149 183 0.14036
149 184 -0.04969
149 185 -0.02315
149 186 -0.02653
149 187 0.02211
149 188 0.01317
149 189 0.05871
149 190 0.02722
149 191 -0.01809
149 192 0.04362
149 193 0.07901
149 194 0.0749
149 195 0.10871
149 196 -0.01155
149 197 -0.03996
149 198 0.03909
149 199 0.03564
149 200 0.00508
149 201 -0.06462
149 202 -0.00952
149 203 -0.01038
149 204 -0.04872
149 205 -0.14275
149 206 -0.06603
149 207 -0.07017
149 208 0.06141
149 209 0.09574
149 210 0.05978
149 211 0.03596
149 212 -0.14329
149 213 -0.00003
149 214 -0.02935
149 215 -0.06146
149 216 0.08167
149 217 0.05822
149 218 0.04448
149 219 0.04057
149 220 0.05825
149 221 -0.00191
149 222 -0.06657
149 223 0.05446
149 224 0.07206
149 225 0.01488
149 226 -0.12615
149 227 -0.00542
149 228 -0.05287
149 229 -0.16995
149 230 -0.01407
149 231 0.05912
149 232 0.07525
149 233 0.08278
149 234 -0.02247
149 235 0.03357
149 236 -0.03758
149 237 -0.05232
149 238 0.00001
149 239 -0.04823
149 240 -0.04656
149 241 0.12102
149 242 0.08835
149 243 -0.04816
149 244 0.03475
149 245 -0.04679
149 246 0.03278
149 247 -0.00225
149 248 -0.02124
149 249 -0.05171
149 250 -0.05795
149 251 -0.00399
149 252 0.1111
149 253 -0.08674
149 254 -0.03255
149 255 0.00843
149 256 -0.03007
149 257 -0.00786
149 258 -0.14712
149 259 0.03704
149 260 -0.0009
149 261 -0.00356
149 262 -0.06411
149 263 -0.03372
149 264 0.05662
149 265 0.15192
149 266 0.01181
149 267 -0.03697
149 268 -0.04223
149 269 0.01908
149 270 0.02546
149 271 -0.01534
149 272 -0.02574
149 273 -0.0282
149 274 -0.05751
149 275 -0.09768
149 276 -0.05704
149 277 -0.03724
149 278 -0.01869
149 279 -0.07325
149 280 0.10376
149 281 -0.02939
149 282 0.09539
149 283 -0.10819
149 284 0.05191
149 285 -0.01811
149 286 -0.00197
149 287 -0.02814
149 288 -0.02959
149 289 0.00641
149 290 -0.02253
149 291 0.04193
149 292 -0.05398
149 293 -0.06709
149 294 -0.00989
149 295 0.08168
149 296 0.076
149 297 0.02679
149 298 -0.10724
149 299 0.04112
150 151 -0.08133
150 152 0.0802
150 153 -0.07681
150 154 -0.01019
150 155 -0.025
150 156 0.0608
150 157 0.00187
150 158 -0.02277
150 159 0.10917
150 160 0.07095
150 161 0.0116
150 162 -0.02713
150 163 -0.03829
150 164 0.04841
150 165 0.02032
150 166 0.08188
150 167 -0.00134
150 168 0.00356
150 169 -0.02616
150 170 -0.04537
150 171 -0.00398
150 172 -0.04841
150 173 0.08678
150 174 -0.01027
150 175 0.08653
150 176 0.0418
150 177 -0.00474
150 178 0.08088
150 179 0.12061
150 180 0.00987
150 181 0.02002
150 182 -0.03782
150 183 -0.01747
150 184 -0.04504
150 185 0.0719
150 186 -0.05036
150 187 -0.02347
150 188 -0.01367
150 189 0.02044
150 190 0.0295
150 191 0.02829
150 192 -0.01883
150 193 -0.06388
150 194 -0.00095
150 195 0.00622
150 196 -0.08295
150 197 -0.00634
150 198 -0.00602
150 199 -0.07112
150 200 -0.11064
150 201 0.01396
150 202 0.01004
150 203 0.02102
150 204 0.00979
150 205 0.02385
150 206 -0.05994
150 207 -0.0826
150 208 -0.01382
150 209 0.09738
150 210 0.02412
150 211 0.04134
150 212 0.04823
150 213 -0.10407
150 214 0.0032
150 215 -0.00238
150 216 -0.07274
150 217 -0.0471
150 218 0.0191
150 219 -0.03386
150 220 -0.02739
150 221 -0.05506
150 222 0.04131
150 223 -0.00675
150 224 -0.05119
150 225 -0.01156
150 226 0.03405
150 227 0.07952
150 228 -0.0575
150 229 -0.01944
150 230 0.07436
150 231 0.0202
150 232 -0.0275
150 233 -0.06215
150 234 -0.01561
150 235 -0.03279
150 236 0.05505
150 237 0.06021
150 238 -0.05944
150 239 0.01544
150 240 0.07551
150 241 -0.06076
150 242 -0.03729
150 243 0.10613
150 244 0.0148
150 245 -0.03183
150 246 -0.04523
150 247 0.03322
150 248 -0.00694
150 249 -0.03636
150 250 -0.00289
150 251 0.09807
150 252 0.07878
150 253 -0.00918
150 254 -0.03445
150 255 0.02311
150 256 0.06494
150 257 -0.00295
150 258 0.01392
150 259 0.04181
150 260 -0.09769
150 261 0.06023
150 262 0.06616
150 263 -0.05602
150 264 -0.08653
150 265 0.02148
150 266 -0.08038
150 267 -0.0629
150 268 -0.01872
150 269 0.03312
150 270 0.05631
150 271 -0.02659
150 272 0.0329
150 273 -0.10275
150 274 -0.0122
150 275 -0.07317
150 276 0.01308
150 277 0.05468
150 278 -0.01861
150 279 0.02906
150 280 0.00208
150 281 -0.06775
150 282 -0.00343
150 283 0.00336
150 284 0.05047
150 285 -0.04109
150 286 0.06366
150 287 -0.00146
150 288 0.13623
150 289 -0.04378
150 290 -0.03841
150 291 0.08075
150 292 -0.03039
150 293 0.0295
150 294 -0.04587
150 295 -0.05112
150 296 -0.00429
150 297 -0.03993
150 298 -0.01094
150 299 0.09857
151 152 0.0681
151 153 0.07221
151 154 0.054
151 155 -0.03241
151 156 -0.02679
151 157 -0.03472
151 158 0.01604
151 159 0.10124
151 160 0.0109
151 161 -0.02405
151 162 -0.00473
151 163 -0.02369
151 164 -0.00602
151 165 0.14803
151 166 -0.00414
151 167 0.06002
151 168 0.04169
151 169 0.01516
151 170 -0.11691
151 171 0.00238
151 172 -0.02163
151 173 0.00821
151 174 -0.00642
151 175 0.05768
151 176 -0.04583
151 177 0.09199
151 178 -0.08299
151 179 -0.02178
151 180 -0.02165
151 181 0.03199
151 182 0.0193
151 183 0.14241
151 184 -0.04102
151 185 0.0205
151 186 0.11603
151 187 -0.01797
151 188 -0.13312
151 189 0.03114
151 190 0.00332
151 191 0.07419
151 192 -0.09526
151 193 0.07023
151 194 0.09101
151 195 0.06885
151 196 -0.01467
151 197 0.06427
151 198 -0.00923
151 199 -0.12744
151 200 -0.05678
151 201 -0.02998
151 202 0.02633
151 203 0.12982
151 204 -0.01414
151 205 0.06487
151 206 -0.08184
151 207 -0.02897
151 208 0.00458
151 209 -0.05677
151 210 0.04469
151 211 -0.01014
151 212 -0.05553
151 213 0.01077
151 214 -0.0048
151 215 0.00811
151 216 -0.07688
151 217 -0.00451
151 218 -0.04291
151 219 -0.00906
151 220 -0.08427
151 221 0.00724
151 222 0.05285
151 223 0.0443
151 224 -0.01026
151 225 -0.13089
151 226 0.07979
151 227 0.01846
151 228 -0.04215
151 229 -0.01424
151 230 -0.12244
151 231 -0.09052
151 232 -0.03887
151 233 -0.07383
151 234 -0.05843
151 235 -0.01941
151 236 -0.08288
151 237 0.09712
151 238 -0.00496
151 239 0.03816
151 240 -0.10509
151 241 0.04009
151 242 0.02793
151 243 -0.00384
151 244 0.02478
151 245 0.07407
151 246 0.01126
151 247 0.05883
151 248 -0.0705
151 249 -0.01226
151 250 0.0092
151 251 0.04599
151 252 -0.00954
151 253 0.09126
151 254 -0.01258
151 255 0.00924
151 256 -0.01708
151 257 0.00425
151 258 0.04523
151 259 -0.03375
151 260 -0.06021
151 261 0.04993
151 262 -0.0811
151 263 0.05816
151 264 -0.019
151 265 -0.0616
151 266 -0.00977
151 267 -0.09871
151 268 0.00796
151 269 0.01546
151 270 0.00963
151 271 -0.09756
151 272 0.05487
151 273 -0.04779
151 274 0.01742
151 275 0.03732
151 276 -0.01026
151 277 0.02498
151 278 -0.05254
151 279 0.03118
151 280 -0.0019
151 281 0.02971
151 282 0.0117
151 283 -0.03212
151 284 0.05776
151 285 0.02172
151 286 0.03618
151 287 -0.10123
151 288 -0.01645
151 289 -0.08601
151 290 0.04041
151 291 0.03958
151 292 0.06957
151 293 0.05282
151 294 0.06379
151 295 -0.00041
151 296 0.0166
151 297 -0.03628
151 298 0.06963
151 299 0.10043
152 153 -0.03596
152 154 0.00057
152 155 0.03108
152 156 -0.01553
152 157 0.02902
152 158 0.05822
152 159 -0.01708
152 160 -0.06497
152 161 -0.0135
152 162 0.00872
152 163 0.02015
152 164 -0.14855
152 165 -0.01796
152 166 0.01497
152 167 0.03743
152 168 -0.05044
152 169 0.02197
152 170 0.01341
152 171 0.01757
152 172 -0.04643
152 173 0.06301
152 174 0.02344
152 175 0.04558
152 176 0.02572
152 177 0.05495
152 178 0.02409
152 179 0.11734
152 180 0.00623
152 181 -0.01849
152 182 0.01294
152 183 0.02309
152 184 -0.05447
152 185 0.11229
152 186 -0.02902
152 187 -0.02192
152 188 -0.00844
152 189 -0.00711
152 190 0.0138
152 191 -0.04333
152 192 0.04375
152 193 -0.04412
152 194 0.07109
152 195 0.00099
152 196 -0.06882
152 197 0.03731
152 198 0.05854
152 199 -0.0035
152 200 -0.06927
152 201 0.04195
152 202 -0.07691
152 203 -0.13101
152 204 -0.01695
152 205 0.01498
152 206 0.06104
152 207 0.09615
152 208 0.02973
152 209 -0.0124
152 210 -0.05269
152 211 0.03253
152 212 -0.01675
152 213 -0.00365
152 214 0.0333
152 215 -0.01413
152 216 -0.03809
152 217 -0.01491
152 218 -0.01071
152 219 -0.03449
152 220 -0.07343
152 221 0.07145
152 222 -0.11298
152 223 -0.08326
152 224 0.03883
152 225 -0.10032
152 226 0.02824
152 227 -0.04531
152 228 -0.03635
152 229 0.00596
152 230 -0.00023
152 231 -0.02688
152 232 0.06535
152 233 0.01456
152 234 -0.03072
152 235 0.07203
152 236 0.07408
152 237 0.01769
152 238 0.02292
152 239 0.04162
152 240 0.06675
152 241 -0.01601
152 242 0.0802
152 243 0.06846
152 244 -0.02211
152 245 0.04477
152 246 0.02088
152 247 -0.00059
152 248 -0.05266
152 249 0.00407
152 250 0.04202
152 251 -0.02311
152 252 -0.04162
152 253 0.04006
152 254 -0.03635
152 255 0.0482
152 256 0.0131
152 257 0.0142
152 258 0.05038
152 259 0.03562
152 260 0.00559
152 261 -0.0551
152 262 -0.02559
152 263 0.00252
152 264 0.09928
152 265 -0.03676
152 266 0.15227
152 267 0.04071
152 268 -0.02324
152 269 -0.12977
152 270 0.05386
152 271 -0.09486
152 272 0.01478
152 273 -0.06457
152 274 0.03002
152 275 0.10201
152 276 -0.03063
152 277 0.01784
152 278 0.08492
152 279 -0.00306
152 280 -0.03388
152 281 -0.0455
152 282 0.02746
152 283 -0.07128
152 284 0.07408
152 285 -0.02431
152 286 0.00656
152 287 0.05747
152 288 0.01175
152 289 0.1333
152 290 0.07915
152 291 0.06178
152 292 -0.03758
152 293 -0.08168
152 294 -0.10991
152 295 -0.07059
152 296 0.08537
152 297 0.0121
152 298 -0.09914
152 299 -0.0389
153 154 -0.04013
153 155 -0.0598
153 156 0.03449
153 157 -0.0307
153 158 0.0916
153 159 0.11878
153 160 0.04251
153 161 0.03184
153 162 0.00543
153 163 0.11358
153 164 -0.02121
153 165 0.07036
153 166 0.03169
153 167 -0.00099
153 168 0.00804
153 169 -0.03391
153 170 -0.0092
153 171 0.00824
153 172 -0.10326
153 173 0.08557
153 174 0.02064
153 175 0.01562
153 176 -0.06341
153 177 0.08676
153 178 0.05294
153 179 -0.02319
153 180 0.05437
153 181 0.04782
153 182 0.04821
153 183 0.00188
153 184 0.00176
153 185 -0.0761
153 186 -0.05155
153 187 -0.08653
153 188 -0.01775
153 189 -0.03029
153 190 0.02327
153 191 0.11721
153 192 0.09447
153 193 0.07665
153 194 -0.03178
153 195 -0.00699
153 196 -0.13086
153 197 0.06384
153 198 -0.06169
153 199 0.01192
153 200 -0.00082
153 201 0.01802
153 202 -0.07542
153 203 -0.07339
153 204 0.02157
153 205 0.0305
153 206 0.10381
153 207 0.02956
153 208 -0.08643
153 209 -0.05651
153 210 0.09198
153 211 -0.04015
153 212 -0.03297
153 213 0.04753
153 214 -0.00282
153 215 -0.00038
153 216 0.0119
153 217 0.07892
153 218 -0.00698
153 219 -0.01413
153 220 -0.02057
153 221 0.00227
153 222 -0.01493
153 223 0.01937
153 224 -0.00873
153 225 -0.03169
153 226 -0.00447
153 227 0.02721
153 228 0.09312
153 229 -0.08492
153 230 0.06063
153 231 0.05623
153 232 -0.01572
153 233 0.01031
153 234 -0.01949
153 235 -0.06248
153 236 -0.11856
153 237 -0.06712
153 238 -0.09809
153 239 0.00156
153 240 -0.02456
153 241 -0.11348
153 242 0.08727
153 243 -0.01407
153 244 -0.04408
153 245 -0.03709
153 246 0.00582
153 247 -0.00284
153 248 -0.00982
153 249 0.10972
153 250 0.01412
153 251 -0.03539
153 252 0.00735
153 253 0.04909
153 254 -0.03184
153 255 0.00394
153 256 0.04144
153 257 0.1221
153 258 -0.07258
153 259 0.00032
153 260 0.01459
153 261 -0.02151
153 262 0.00436
153 263 0.0568
153 264 -0.01772
153 265 0.02983
153 266 0.04909
153 267 -0.01854
153 268 -0.02851
153 269 0.09081
153 270 -0.04573
153 271 0.13768
153 272 -0.00086
153 273 0.04907
153 274 -0.02126
153 275 0.0575
153 276 0.09027
153 277 -0.09271
153 278 0.09867
153 279 0.12171
153 280 -0.05145
153 281 -0.03426
153 282 -0.04339
153 283 -0.04823
153 284 -0.03717
153 285 0.04645
153 286 -0.03348
153 287 -0.09152
153 288 -0.03697
153 289 -0.01763
153 290 0.00964
153 291 -0.01413
153 292 0.02441
153 293 -0.1188
153 294 0.01362
153 295 -0.00036
153 296 -0.04554
153 297 -0.00654
153 298 -0.0716
153 299 -0.08907
154 155 -0.14299
154 156 -0.01913
154 157 -0.09774
154 158 -0.06376
154 159 0.04578
154 160 -0.11882
154 161 0.05022
154 162 -0.03209
154 163 0.0395
154 164 0.01839
154 165 0.02779
154 166 0.00119
154 167 -0.01124
154 168 -0.0103
154 169 0.02412
154 170 -0.07552
154 171 -0.08849
154 172 -0.00626
154 173 -0.0447
154 174 0.01169
154 175 -0.04362
154 176 0.05858
154 177 0.01661
154 178 0.03839
154 179 0.03155
154 180 -0.00786
154 181 0.0507
154 182 0.04242
154 183 0.01853
154 184 0.01745
154 185 -0.04325
154 186 0.00387
154 187 0.0001
154 188 0.01753
154 189 -0.02255
154 190 0.02551
154 191 0.02723
154 192 -0.0826
154 193 -0.05154
154 194 -0.02717
154 195 0.01755
154 196 -0.01606
154 197 -0.06638
154 198 0.01147
154 199 0.04745
154 200 -0.13331
154 201 0.02821
154 202 -0.02194
154 203 -0.01988
154 204 -0.00575
154 205 0.09932
154 206 0.01686
154 207 -0.06426
154 208 0.03956
154 209 0.02819
154 210 0.13791
154 211 0.06524
154 212 -0.01981
154 213 -0.01963
154 214 0.07411
154 215 -0.03449
154 216 -0.01299
154 217 0.08586
154 218 -0.02143
154 219 0.04139
154 220 0.01934
154 221 -0.03878
154 222 -0.02003
154 223 -0.01164
154 224 0.12178
154 225 -0.00681
154 226 -0.00693
154 227 -0.01394
154 228 0.05896
154 229 0.04758
154 230 -0.0521
154 231 0.03167
154 232 -0.02887
154 233 -0.08179
154 234 0.08355
154 235 -0.03324
154 236 0.02142
154 237 0.06647
154 238 0.12269
154 239 0.05594
154 240 0.01756
154 241 -0.07364
154 242 -0.007
154 243 0.06547
154 244 0.05556
154 245 -0.05354
154 246 0.07257
154 247 0.0099
154 248 -0.01228
154 249 0.106
154 250 -0.02388
154 251 0.04159
154 252 0.03569
154 253 -0.04674
154 254 0.07814
154 255 -0.06329
154 256 0.09898
154 257 0.0433
154 258 0.0387
154 259 -0.01962
154 260 -0.03163
154 261 -0.01601
154 262 0.02785
154 263 0.1036
154 264 0.01198
154 265 0.01763
154 266 0.05618
154 267 0.12963
154 268 0.08145
154 269 0.00471
154 270 0.02372
154 271 0.00102
154 272 -0.05741
154 273 -0.0058
154 274 -0.01813
154 275 -0.07624
154 276 0.03618
154 277 -0.0124
154 278 -0.00897
154 279 0.01644
154 280 -0.03694
154 281 0.03041
154 282 0.08543
154 283 0.00284
154 284 0.006
154 285 0.00989
154 286 -0.02234
154 287 -0.00637
154 288 0.00929
154 289 0.08914
154 290 0.06674
154 291 -0.03252
154 292 -0.02379
154 293 -0.00409
154 294 0.03925
154 295 0.01843
154 296 -0.03909
154 297 -0.04238
154 298 0.06299
154 299 -0.03631
155 156 0.06648
155 157 0.14094
155 158 -0.04722
155 159 -0.03927
155 160 0.04576
155 161 -0.06324
155 162 0.05238
155 163 -0.04485
155 164 0.0426
155 165 0.04479
155 166 -0.01642
155 167 0.05193
155 168 0.01863
155 169 -0.0025
155 170 -0.0096
155 171 0.05009
155 172 -0.00427
155 173 0.09355
155 174 -0.1669
155 175 -0.04348
155 176 -0.04289
155 177 0.08575
155 178 0.06238
155 179 0.09348
155 180 0.04768
155 181 0.10551
155 182 0.09337
155 183 0.06938
155 184 0.10574
155 185 0.06772
155 186 0.03263
155 187 0.02588
155 188 -0.01154
155 189 -0.00787
155 190 -0.0507
155 191 -0.0252
155 192 -0.02224
155 193 -0.02698
155 194 -0.12652
155 195 0.01149
155 196 0.05083
155 197 0.0582
155 198 0.02063
155 199 0.02714
155 200 -0.01875
155 201 -0.02037
155 202 0.08383
155 203 0.05935
155 204 0.06373
155 205 0.0558
155 206 0.03758
155 207 -0.03503
155 208 0.07254
155 209 0.01242
155 210 -0.10038
155 211 -0.10272
155 212 0.00023
155 213 -0.02284
155 214 0.01522
155 215 0.02701
155 216 0.02549
155 217 -0.05496
155 218 -0.02401
155 219 -0.03089
155 220 -0.00345
155 221 -0.05501
155 222 0.03971
155 223 -0.02262
155 224 -0.06815
155 225 -0.07578
155 226 0.04176
155 227 -0.0202
155 228 0.16191
155 229 -0.04097
155 230 0.05051
155 231 -0.0039
155 232 0.03125
155 233 0.11633
155 234 -0.12856
155 235 0.11489
155 236 0.04718
155 237 -0.02921
155 238 0.01245
155 239 -0.04122
155 240 -0.0288
155 241 -0.00615
155 242 0.05555
155 243 -0.0177
155 244 -0.00171
155 245 -0.02332
155 246 0.07088
155 247 0.04481
155 248 0.06668
155 249 -0.00915
155 250 0.04079
155 251 -0.06011
155 252 -0.03758
155 253 0.01719
155 254 0.10769
155 255 -0.08045
155 256 0.03348
155 257 0.07736
155 258 0.05528
155 259 0.02714
155 260 0.00695
155 261 -0.04047
155 262 -0.02163
155 263 -0.00162
155 264 0.02605
155 265 0.01558
155 266 0.00157
155 267 0.05673
155 268 -0.04839
155 269 0.05994
155 270 -0.01773
155 271 0.08026
155 272 0.02259
155 273 0.05848
155 274 0.0137
155 275 0.02298
155 276 -0.0554
155 277 -0.00689
155 278 0.0606
155 279 -0.02246
155 280 -0.03776
155 281 0.02851
155 282 0.02818
155 283 -0.05525
155 284 0.00667
155 285 0.00935
155 286 0.08839
155 287 -0.00499
155 288 -0.04872
155 289 -0.08046
155 290 0.16774
155 291 -0.0949
155 292 0.03541
155 293 0.03135
155 294 -0.02035
155 295 0.09807
155 296 -0.00346
155 297 0.01716
155 298 -0.09709
155 299 -0.03583
156 157 0.07193
156 158 -0.01295
156 159 -0.07793
156 160 -0.07922
156 161 -0.02232
156 162 -0.0362
156 163 0.04595
156 164 0.00176
156 165 -0.00743
156 166 0.09194
156 167 -0.03832
156 168 0.01412
156 169 0.03172
156 170 0.07941
156 171 0.07616
156 172 -0.07839
156 173 -0.01628
156 174 -0.00872
156 175 0.08317
156 176 0.01089
156 177 0.09512
156 178 -0.01398
156 179 -0.06754
156 180 -0.07688
156 181 -0.02027
156 182 0.1306
156 183 0.13712
156 184 0.00907
156 185 -0.0592
156 186 0.02438
156 187 -0.03652
156 188 0.0673
156 189 0.01621
156 190 -0.06645
156 191 -0.00014
156 192 0.06862
156 193 -0.0045
156 194 0.00648
156 195 0.03424
156 196 -0.05577
156 197 -0.08158
156 198 -0.01411
156 199 -0.03461
156 200 0.04224
156 201 -0.07173
156 202 -0.03624
156 203 -0.04276
156 204 -0.07704
156 205 -0.02247
156 206 0.06128
156 207 -0.08698
156 208 -0.02891
156 209 -0.05336
156 210 -0.03365
156 211 -0.02033
156 212 -0.04169
156 213 0.02327
156 214 0.03123
156 215 -0.00489
156 216 -0.00282
156 217 -0.0744
156 218 -0.10872
156 219 -0.02864
156 220 -0.09327
156 221 -0.03208
156 222 0.11537
156 223 0.05403
156 224 -0.01142
156 225 -0.00508
156 226 -0.00349
156 227 0.00808
156 228 0.06472
156 229 0.01255
156 230 0.00786
156 231 0.03462
156 232 0.00537
156 233 -0.01337
156 234 0.0289
156 235 -0.01187
156 236 -0.13828
156 237 0.03809
156 238 -0.14602
156 239 0.08746
156 240 0.0668
156 241 -0.11495
156 242 0.02869
156 243 0.08323
156 244 0.02755
156 245 -0.04733
156 246 0.06301
156 247 0.00728
156 248 0.05063
156 249 0.10985
156 250 -0.00158
156 251 -0.01209
156 252 0.02334
156 253 0.10886
156 254 -0.01317
156 255 -0.00016
156 256 -0.00055
156 257 -0.02941
156 258 -0.03891
156 259 -0.01609
156 260 0.05803
156 261 -0.01739
156 262 0.01139
156 263 0.06205
156 264 -0.10358
156 265 0.06189
156 266 0.08565
156 267 -0.02592
156 268 -0.02404
156 269 0.0187
156 270 -0.02813
156 271 0.02024
156 272 -0.06197
156 273 -0.00833
156 274 0.04042
156 275 0.07013
156 276 -0.01998
156 277 -0.01381
156 278 -0.02499
156 279 0.01256
156 280 -0.10217
156 281 0.00313
156 282 -0.06793
156 283 -0.02804
156 284 0.05358
156 285 -0.06408
156 286 0.01217
156 287 0.00106
156 288 -0.08497
156 289 0.02841
156 290 -0.02289
156 291 -0.08549
156 292 0.04815
156 293 -0.02289
156 294 -0.05557
156 295 0.07401
156 296 0.02551
156 297 -0.02527
156 298 -0.052
156 299 0.01861
157 158 -0.10877
157 159 -0.0549
157 160 0.03552
157 161 -0.09328
157 162 -0.01274
157 163 -0.02608
157 164 0.03316
157 165 -0.03345
157 166 -0.08402
157 167 0.00649
157 168 -0.02477
157 169 -0.01881
157 170 0.01355
157 171 0.00948
157 172 0.12423
157 173 -0.04617
157 174 -0.10713
157 175 -0.0713
157 176 -0.18958
157 177 0.00482
157 178 0.0496
157 179 -0.05874
157 180 -0.04083
157 181 0.05038
157 182 0.01449
157 183 0.03098
157 184 0.02133
157 185 -0.03144
157 186 0.07046
157 187 -0.00412
157 188 0.01885
157 189 -0.00393
157 190 -0.00634
157 191 0.00447
157 192 0.06499
157 193 0.0107
157 194 0.02759
157 195 -0.0103
157 196 0.00222
157 197 0.01623
157 198 0.06379
157 199 -0.12349
157 200 0.06295
157 201 0.05409
157 202 -0.00176
157 203 0.08814
157 204 -0.03313
157 205 0.01404
157 206 0.05132
157 207 -0.07234
157 208 0.01077
157 209 0.12064
157 210 -0.01691
157 211 -0.03729
157 212 -0.00918
157 213 0.05001
157 214 -0.0391
157 215 -0.05666
157 216 0.01718
157 217 0.08145
157 218 -0.02685
157 219 0.00484
157 220 0.01593
157 221 -0.00933
157 222 0.03643
157 223 -0.03067
157 224 0.03413
157 225 -0.02803
157 226 -0.02178
157 227 -0.04322
157 228 -0.10756
157 229 -0.04274
157 230 0.02288
157 231 0.01992
157 232 0.03846
157 233 -0.02424
157 234 0.01494
157 235 0.06281
157 236 0.07465
157 237 -0.12156
157 238 0.04619
157 239 -0.04073
157 240 0.01229
157 241 -0.01696
157 242 -0.01742
157 243 0.00203
157 244 -0.00953
157 245 0.11014
157 246 -0.06347
157 247 0.00871
157 248 0.17756
157 249 -0.00266
157 250 0.10713
157 251 -0.06639
157 252 0.00133
157 253 0.06987
157 254 -0.04198
157 255 0.07572
157 256 -0.00762
157 257 -0.08874
157 258 0.14212
157 259 0.01461
157 260 0.09628
157 261 -0.00189
157 262 -0.09224
157 263 0.00642
157 264 -0.04763
157 265 -0.10782
157 266 -0.02781
157 267 -0.04172
157 268 0.01815
157 269 -0.04923
157 270 -0.01673
157 271 0.01591
157 272 0.02325
157 273 -0.08335
157 274 -0.01663
157 275 0.01685
157 276 0.03347
157 277 -0.00865
157 278 0.00251
157 279 -0.01108
157 280 -0.02664
157 281 -0.01637
157 282 -0.02297
157 283 -0.04078
157 284 0.02405
157 285 -0.09546
157 286 -0.05104
157 287 0.10161
157 288 -0.05212
157 289 0.0658
157 290 -0.0156
157 291 0.03892
157 292 0.02284
157 293 0.07082
157 294 0.0154
157 295 0.12979
157 296 0.08459
157 297 0.01571
157 298 0.07419
157 299 0.0807
158 159 0.06247
158 160 0.04377
158 161 -0.03033
158 162 0.02488
158 163 -0.04441
158 164 0.04045
158 165 0.05705
158 166 0.01994
158 167 0.03815
158 168 -0.04495
158 169 0.06021
158 170 0.0688
158 171 0.02447
158 172 0.06021
158 173 -0.03044
158 174 0.07309
158 175 -0.03608
158 176 -0.04246
158 177 -0.07534
158 178 -0.07093
158 179 0.03822
158 180 0.12289
158 181 -0.03613
158 182 -0.10071
158 183 -0.00121
158 184 -0.02522
158 185 0.02488
158 186 0.03024
158 187 -0.00954
158 188 -0.01917
158 189 0.04157
158 190 0.00361
158 191 0.10195
158 192 -0.00651
158 193 -0.03435
158 194 -0.00563
158 195 -0.05947
158 196 0.09032
158 197 -0.0402
158 198 0.02175
158 199 -0.01782
158 200 0.06904
158 201 -0.05594
158 202 0.02544
158 203 -0.05614
158 204 0.01528
158 205 0.01093
158 206 0.02016
158 207 -0.06347
158 208 -0.00005
158 209 0.01956
158 210 -0.00189
158 211 -0.02978
158 212 0.03071
158 213 -0.07993
158 214 -0.05064
158 215 0.03855
158 216 -0.00801
158 217 -0.09569
158 218 -0.02583
158 219 -0.02414
158 220 0.1035
158 221 0.05687
158 222 0.05161
158 223 -0.06172
158 224 0.0372
158 225 -0.04298
158 226 -0.02957
158 227 0.01801
158 228 0.01375
158 229 0.07443
158 230 -0.1287
158 231 -0.03948
158 232 -0.1142
158 233 0.02725
158 234 0.06355
158 235 0.04414
158 236 0.13286
158 237 -0.09031
158 238 0.01096
158 239 0.0035
158 240 0.0341
158 241 0.00772
158 242 0.05293
158 243 0.08213
158 244 -0.00363
158 245 -0.0206
158 246 -0.09045
158 247 -0.06609
158 248 0.10522
158 249 -0.01621
158 250 0.04031
158 251 0.0656
158 252 0.03281
158 253 -0.0652
158 254 0.01953
158 255 -0.00957
158 256 -0.03596
158 257 -0.01432
158 258 -0.09084
158 259 0.03254
158 260 0.05557
158 261 -0.11944
158 262 0.04975
158 263 -0.01324
158 264 -0.0007
158 265 -0.01378
158 266 -0.08614
158 267 -0.10851
158 268 0.08814
158 269 0.03889
158 270 0.07507
158 271 -0.05138
158 272 0.02332
158 273 -0.02274
158 274 0.05939
158 275 -0.05536
158 276 -0.00851
158 277 -0.09733
158 278 0.07837
158 279 0.01644
158 280 -0.06369
158 281 -0.03701
158 282 0.02002
158 283 0.09117
158 284 -0.03673
158 285 -0.02919
158 286 -0.00283
158 287 0.00392
158 288 -0.06221
158 289 -0.1025
158 290 0.11444
158 291 -0.01383
158 292 -0.06282
158 293 0.01945
158 294 -0.00879
158 295 -0.06356
158 296 -0.01428
158 297 0.0118
158 298 -0.0581
158 299 -0.01031
159 160 -0.07511
159 161 -0.03441
159 162 -0.01221
159 163 0.05091
159 164 -0.07354
159 165 -0.03778
159 166 0.0784
159 167 -0.0409
159 168 0.11449
159 169 -0.02565
159 170 -0.10558
159 171 -0.05497
159 172 0.09138
159 173 0.06668
159 174 -0.0666
159 175 -0.03573
159 176 -0.00473
159 177 0.01021
159 178 -0.00508
159 179 0.00113
159 180 -0.00384
159 181 0.09333
159 182 -0.01088
159 183 0.00389
159 184 -0.07801
159 185 0.01754
159 186 0.01793
159 187 -0.02618
159 188 0.06697
159 189 0.01386
159 190 -0.02656
159 191 -0.04316
159 192 0.01995
159 193 -0.03407
159 194 0.00214
159 195 0.04558
159 196 -0.07632
159 197 0.02924
159 198 -0.01279
159 199 -0.05292
159 200 0.04737
159 201 0.11928
159 202 -0.03223
159 203 -0.10676
159 204 -0.0453
159 205 -0.01281
159 206 -0.08888
159 207 0.02155
159 208 0.01647
159 209 0.03843
159 210 0.11515
159 211 -0.01524
159 212 -0.01016
159 213 -0.00987
159 214 -0.10639
159 215 0.1218
159 216 -0.01356
159 217 0.04372
159 218 0.03315
159 219 -0.01672
159 220 -0.08281
159 221 -0.12803
159 222 -0.0057
159 223 0.01406
159 224 -0.00702
159 225 -0.05702
159 226 0.14599
159 227 0.16339
159 228 -0.0373
159 229 -0.01919
159 230 -0.12904
159 231 0.00276
159 232 -0.01677
159 233 -0.03205
159 234 -0.04636
159 235 0.02032
159 236 0.0532
159 237 -0.03961
159 238 -0.1689
159 239 0.12952
159 240 0.0131
159 241 0.05473
159 242 0.00188
159 243 -0.01559
159 244 0.07114
159 245 0.00246
159 246 0.03043
159 247 -0.06232
159 248 -0.00184
159 249 0.04854
159 250 -0.04351
159 251 0.04922
159 252 0.00296
159 253 -0.02287
159 254 0.05459
159 255 0.09667
159 256 -0.06408
159 257 -0.01212
159 258 0.04066
159 259 -0.06225
159 260 -0.09476
159 261 0.04286
159 262 0.01955
159 263 0.02286
159 264 0.05551
159 265 0.00783
159 266 0.02067
159 267 -0.12408
159 268 0.01989
159 269 0.02878
159 270 0.0426
159 271 -0.05978
159 272 0.06262
159 273 0.0155
159 274 0.0357
159 275 0.04959
159 276 0.07737
159 277 -0.03437
159 278 -0.0474
159 279 0.06909
159 280 0.01422
159 281 0.05941
159 282 -0.04388
159 283 -0.0699
159 284 -0.12871
159 285 -0.08626
159 286 -0.12101
159 287 0.10022
159 288 -0.06035
159 289 0.02317
159 290 0.067
159 291 -0.05863
159 292 0.05207
159 293 -0.04699
159 294 0.0262
159 295 0.06669
159 296 -0.00518
159 297 -0.03615
159 298 -0.02344
159 299 0.03867
160 161 -0.10265
160 162 0.04725
160 163 -0.03976
160 164 0.0078
160 165 0.00827
160 166 0.03193
160 167 -0.0319
160 168 0.00708
160 169 0.1135
160 170 0.06384
160 171 -0.02854
160 172 0.04051
160 173 0.0558
160 174 -0.06962
160 175 0.06408
160 176 -0.0299
160 177 -0.05469
160 178 0.0614
160 179 -0.03741
160 180 -0.06304
160 181 0.00023
160 182 0.04957
160 183 -0.09152
160 184 0.01947
160 185 -0.08526
160 186 0.07534
160 187 0.03982
160 188 -0.06656
160 189 0.03847
160 190 -0.02562
160 191 -0.06919
160 192 0.0301
160 193 0.037
160 194 -0.05978
160 195 0.14882
160 196 0.13603
160 197 0.08266
160 198 0.01242
160 199 0.0267
160 200 0.02234
160 201 0.10645
160 202 -0.00743
160 203 -0.00783
160 204 -0.06201
160 205 -0.06749
160 206 -0.03777
160 207 0.08899
160 208 -0.00773
160 209 -0.0387
160 210 0.01078
160 211 0.00047
160 212 0.01908
160 213 -0.01698
160 214 0.02368
160 215 -0.13056
160 216 -0.05762
160 217 0.02225
160 218 -0.0567
160 219 0.04503
160 220 0.03701
160 221 -0.0029
160 222 -0.00976
160 223 -0.13039
160 224 -0.0157
160 225 -0.06308
160 226 0.03257
160 227 -0.0181
160 228 0.04146
160 229 0.04839
160 230 0.04639
160 231 0.01581
160 232 0.05157
160 233 -0.02471
160 234 0.02212
160 235 -0.00812
160 236 0.07963
160 237 -0.02652
160 238 0.03564
160 239 0.01839
160 240 0.03467
160 241 0.0587
160 242 -0.09553
160 243 0.05682
160 244 0.02057
160 245 0.09476
160 246 -0.02475
160 247 -0.02812
160 248 -0.07317
160 249 -0.01087
160 250 -0.0088
160 251 -0.1456
160 252 0.11744
160 253 -0.0617
160 254 0.0045
160 255 -0.00642
160 256 0.09251
160 257 0.02617
160 258 -0.02081
160 259 0.05011
160 260 -0.00645
160 261 -0.04996
160 262 -0.06845
160 263 -0.02445
160 264 -0.05866
160 265 -0.07431
160 266 -0.00316
160 267 -0.1029
160 268 -0.01626
160 269 -0.01117
160 270 0.01497
160 271 0.05066
160 272 0.06628
160 273 -0.01825
160 274 -0.02917
160 275 0.02302
160 276 0.05102
160 277 0.0252
160 278 0.0083
160 279 0.01258
160 280 -0.10639
160 281 -0.00587
160 282 0.04047
160 283 0.13682
160 284 0.15186
160 285 -0.00089
160 286 -0.08707
160 287 -0.05782
160 288 -0.0569
160 289 0.02427
160 290 0.07111
160 291 -0.0638
160 292 0.01254
160 293 -0.07042
160 294 0.01624
160 295 0.12065
160 296 -0.10847
160 297 0.0155
160 298 -0.0192
160 299 0.0326
161 162 -0.10047
161 163 -0.0425
161 164 -0.0226
161 165 -0.01934
161 166 -0.029
161 167 0.02395
161 168 -0.04624
161 169 0.00275
161 170 0.02344
161 171 0.01208
161 172 0.05131
161 173 -0.05549
161 174 0.0535
161 175 0.02824
161 176 -0.03043
161 177 0.0205
161 178 -0.0347
161 179 0.00999
161 180 -0.01595
161 181 0.01367
161 182 0.04981
161 183 -0.01324
161 184 0.07099
161 185 0.04253
161 186 0.04281
161 187 0.02136
161 188 0.03555
161 189 -0.01463
161 190 0.05031
161 191 0.03504
161 192 -0.00561
161 193 0.00479
161 194 -0.01865
161 195 -0.0392
161 196 -0.02742
161 197 -0.00579
161 198 -0.08261
161 199 -0.02072
161 200 -0.05183
161 201 0.02148
161 202 -0.01436
161 203 -0.02237
161 204 0.0125
161 205 -0.0244
161 206 0.05444
161 207 0.0816
161 208 0.00253
161 209 -0.00211
161 210 0.01743
161 211 0.01895
161 212 -0.03605
161 213 -0.00634
161 214 -0.02963
161 215 0.01629
161 216 -0.04706
161 217 -0.05076
161 218 0.10424
161 219 0.00481
161 220 0.01054
161 221 0.05447
161 222 -0.02876
161 223 0.03455
161 224 0.02386
161 225 -0.00631
161 226 0.10065
161 227 0.00282
161 228 -0.10108
161 229 -0.03637
161 230 -0.07292
161 231 -0.08471
161 232 0.07263
161 233 -0.07501
161 234 0.0205
161 235 -0.04593
161 236 -0.02694
161 237 0.02135
161 238 -0.10442
161 239 0.08653
161 240 0.06147
161 241 0.01058
161 242 0.02212
161 243 0.05724
161 244 -0.13367
161 245 0.0034
161 246 0.12223
161 247 0.10486
161 248 0.0579
161 249 -0.00342
161 250 -0.0285
161 251 -0.12375
161 252 -0.02027
161 253 -0.08006
161 254 -0.02832
161 255 -0.09208
161 256 0.05415
161 257 0.073
161 258 0.00937
161 259 -0.07715
161 260 0.04963
161 261 0.13904
161 262 0.02297
161 263 -0.0869
161 264 0.04244
161 265 -0.02391
161 266 -0.09716
161 267 -0.01474
161 268 0.01988
161 269 -0.03943
161 270 0.10072
161 271 0.01402
161 272 -0.0023
161 273 -0.04182
161 274 0.04243
161 275 0.009
161 276 -0.07563
161 277 0.03986
161 278 -0.05377
161 279 0.01462
161 280 -0.03633
161 281 -0.06611
161 282 0.13002
161 283 -0.08017
161 284 -0.00531
161 285 0.00151
161 286 -0.08672
161 287 0.05129
161 288 -0.06329
161 289 -0.08189
161 290 -0.09462
161 291 0.06092
161 292 -0.10179
161 293 -0.04427
161 294 0.07949
161 295 0.0568
161 296 -0.01761
161 297 -0.00857
161 298 0.07035
161 299 0.1094
162 163 -0.0083
162 164 -0.04036
162 165 -0.03184
162 166 0.01324
162 167 -0.06539
162 168 -0.11677
162 169 -0.04581
162 170 -0.04162
162 171 0.04577
162 172 -0.08028
162 173 0.10808
162 174 0.01749
162 175 -0.1407
162 176 0.0584
162 177 -0.13002
162 178 0.05178
162 179 -0.10067
162 180 0.00459
162 181 -0.04108
162 182 0.02325
162 183 0.00721
162 184 0.08298
162 185 0.00924
162 186 -0.00123
162 187 -0.06867
162 188 0.04182
162 189 -0.09037
162 190 0.00156
162 191 0.07962
162 192 0.05762
162 193 0.09721
162 194 -0.01954
162 195 0.01962
162 196 0.02317
162 197 0.0696
162 198 0.03756
162 199 0.01482
162 200 -0.03381
162 201 -0.02108
162 202 -0.0002
162 203 -0.06819
162 204 0.00347
162 205 -0.02396
162 206 0.07247
162 207 0.08683
162 208 0.00302
162 209 -0.04868
162 210 0.05012
162 211 0.01059
162 212 -0.07458
162 213 0.00023
162 214 0.07543
162 215 0.01874
162 216 -0.01881
162 217 -0.02381
162 218 0.06605
162 219 -0.031
162 220 0.00807
162 221 0.03918
162 222 0.05504
162 223 0.00902
162 224 0.03711
162 225 0.03358
162 226 0.03385
162 227 0.06899
162 228 0.07501
162 229 -0.01919
162 230 -0.0049
162 231 0.0003
162 232 -0.05798
162 233 -0.01282
162 234 -0.01964
162 235 -0.05068
162 236 0.08384
162 237 -0.02498
162 238 -0.00228
162 239 -0.05565
162 240 -0.02494
162 241 0.08282
162 242 -0.01473
162 243 0.0565
162 244 0.05206
162 245 0.02881
162 246 -0.04506
162 247 0.02919
162 248 -0.06464
162 249 -0.05851
162 250 0.03796
162 251 0.02774
162 252 -0.0002
162 253 0.01862
162 254 0.04022
162 255 0.001
162 256 -0.11443
162 257 -0.04343
162 258 -0.03621
162 259 -0.01263
162 260 0.06183
162 261 -0.03646
162 262 0.04104
162 263 0.09538
162 264 -0.0415
162 265 -0.02792
162 266 0.01585
162 267 -0.03509
162 268 -0.10555
162 269 -0.01356
162 270 -0.06257
162 271 0.04039
162 272 0.04886
162 273 -0.19468
162 274 -0.0754
162 275 0.02525
162 276 -0.09662
162 277 0.06341
162 278 0.0381
162 279 -0.02445
162 280 0.0474
162 281 0.03302
162 282 0.04389
162 283 0.05041
162 284 0.09929
162 285 -0.03902
162 286 -0.04839
162 287 -0.01511
162 288 -0.09157
162 289 0.05136
162 290 -0.04938
162 291 0.09142
162 292 0.04862
162 293 0.06104
162 294 -0.01025
162 295 0.10208
162 296 -0.00167
162 297 0.00067
162 298 0.04213
162 299 0.09512
163 164 0.01053
163 165 -0.03385
163 166 0.02922
163 167 -0.00034
163 168 0.00735
163 169 -0.06376
163 170 0.04046
163 171 -0.01783
163 172 -0.0699
163 173 0.06216
163 174 0.03808
163 175 -0.00801
163 176 -0.03349
163 177 0.03108
163 178 0.06611
163 179 0.02127
163 180 0.07514
163 181 -0.0052
163 182 0.04045
163 183 -0.00609
163 184 -0.00258
163 185 0.0179
163 186 0.04314
163 187 -0.0093
163 188 0.02535
163 189 -0.06511
163 190 0.03276
163 191 0.0121
163 192 0.11386
163 193 0.08613
163 194 0.01064
163 195 0.04207
163 196 -0.06846
163 197 -0.0543
163 198 -0.07451
163 199 0.0395
163 200 -0.05177
163 201 0.02704
163 202 0.00795
163 203 0.07478
163 204 0.1079
163 205 -0.04218
163 206 -0.11439
163 207 -0.04881
163 208 0.04793
163 209 0.02648
163 210 0.02729
163 211 0.02221
163 212 -0.10202
163 213 0.04349
163 214 0.02115
163 215 -0.01791
163 216 0.0264
163 217 0.01724
163 218 -0.05491
163 219 -0.0537
163 220 0.05754
163 221 0.00291
163 222 -0.04241
163 223 -0.06973
163 224 -0.02381
163 225 0.06014
163 226 -0.03239
163 227 0.11771
163 228 -0.02718
163 229 -0.01632
163 230 -0.0117
163 231 0.02271
163 232 -0.0346
163 233 -0.12083
163 234 -0.01911
163 235 -0.06926
163 236 -0.01711
163 237 -0.05385
163 238 -0.10734
163 239 0.00471
163 240 0.06073
163 241 -0.08383
163 242 0.01195
163 243 0.00595
163 244 0.06199
163 245 -0.03866
163 246 0.04034
163 247 0.09519
163 248 -0.028
163 249 0.06102
163 250 -0.08336
163 251 -0.03951
163 252 0.07831
163 253 -0.02438
163 254 -0.03114
163 255 0.02323
163 256 0.09551
163 257 0.04153
163 258 -0.01252
163 259 0.03666
163 260 -0.00093
163 261 0.01386
163 262 0.0597
163 263 0.00174
163 264 -0.00475
163 265 0.02262
163 266 -0.02881
163 267 0.02963
163 268 -0.02327
163 269 0.00733
163 270 -0.02844
163 271 -0.10958
163 272 0.00861
163 273 -0.10491
163 274 0.09042
163 275 -0.03347
163 276 0.07505
163 277 -0.00652
163 278 0.00708
163 279 0.00416
163 280 -0.08276
163 281 0.03389
163 282 0.05927
163 283 -0.02813
163 284 0.00679
163 285 -0.03019
163 286 -0.05333
163 287 0.07098
163 288 -0.00965
163 289 -0.0747
163 290 0.04585
163 291 -0.02619
163 292 0.08426
163 293 -0.11649
163 294 0.02184
163 295 0.06236
163 296 0.10609
163 297 -0.00409
163 298 0.02645
163 299 -0.0803
164 165 0.05658
164 166 0.01711
164 167 0.06896
164 168 -0.00234
164 169 -0.01188
164 170 0.04928
164 171 -0.06237
164 172 -0.10612
164 173 0.01609
164 174 0.00707
164 175 0.02978
164 176 0.02618
164 177 0.03754
164 178 -0.0566
164 179 -0.0927
164 180 -0.0673
164 181 0.03067
164 182 0.03926
164 183 0.08512
164 184 0.02118
164 185 -0.1508
164 186 0.00532
164 187 0.04626
164 188 -0.00173
164 189 0.06518
164 190 -0.02131
164 191 0.01233
164 192 -0.11668
164 193 -0.06091
164 194 0.05203
164 195 0.09581
164 196 0.03266
164 197 -0.00075
164 198 0.07116
164 199 0.05178
164 200 0.0162
164 201 0.0378
164 202 -0.03156
164 203 0.03736
164 204 -0.03183
164 205 -0.03017
164 206 0.12538
164 207 0.12788
164 208 0.03219
164 209 0.08176
164 210 -0.05502
164 211 0.05213
164 212 0.01887
164 213 0.12882
164 214 0.01418
164 215 0.05806
164 216 -0.03382
164 217 0.01922
164 218 0.01347
164 219 0.13833
164 220 -0.02002
164 221 -0.00081
164 222 -0.04985
164 223 0.05353
164 224 0.02767
164 225 -0.0471
164 226 -0.04942
164 227 0.01203
164 228 0.04283
164 229 -0.04011
164 230 -0.09708
164 231 0.01141
164 232 -0.06383
164 233 -0.00291
164 234 0.04792
164 235 -0.0059
164 236 -0.05586
164 237 -0.02849
164 238 0.01263
164 239 -0.05496
164 240 -0.02336
164 241 -0.01762
164 242 0.01916
164 243 0.03574
164 244 0.08186
164 245 -0.01543
164 246 -0.05863
164 247 0.00634
164 248 -0.06217
164 249 -0.02462
164 250 0.10662
164 251 0.08581
164 252 -0.00965
164 253 -0.0365
164 254 0.06193
164 255 0.02541
164 256 -0.02522
164 257 -0.04399
164 258 0.03392
164 259 0.02224
164 260 -0.00828
164 261 -0.03185
164 262 0.08786
164 263 -0.06743
164 264 0.1025
164 265 -0.05603
164 266 0.08064
164 267 0.00837
164 268 0.06882
164 269 -0.06203
164 270 0.01514
164 271 0.06421
164 272 -0.05417
164 273 0.04562
164 274 -0.00859
164 275 -0.01109
164 276 -0.00508
164 277 0.02155
164 278 0.03379
164 279 0.0454
164 280 -0.013
164 281 -0.06162
164 282 -0.03197
164 283 -0.00485
164 284 -0.01603
164 285 -0.03665
164 286 -0.08354
164 287 -0.04851
164 288 0.06833
164 289 0.00138
164 290 -0.00592
164 291 0.02347
164 292 0.03285
164 293 -0.01121
164 294 -0.06726
164 295 0.02345
164 296 -0.02403
164 297 -0.02909
164 298 -0.0146
164 299 0.02149
165 166 0.02314
165 167 0.02953
165 168 0.09729
165 169 0.00123
165 170 -0.1298
165 171 -0.06674
165 172 0.06056
165 173 -0.03914
165 174 -0.03874
165 175 -0.0511
165 176 -0.0536
165 177 0.15589
165 178 -0.06699
165 179 0.07971
165 180 -0.06131
165 181 -0.06244
165 182 -0.00937
165 183 0.03462
165 184 -0.0239
165 185 -0.03794
165 186 0.0443
165 187 -0.03247
165 188 -0.05494
165 189 -0.09172
165 190 -0.12332
165 191 0.00094
165 192 -0.05498
165 193 -0.03498
165 194 0.06418
165 195 0.03767
165 196 0.01208
165 197 0.02805
165 198 0.03512
165 199 0.01981
165 200 -0.09018
165 201 -0.02561
165 202 -0.02235
165 203 -0.10549
165 204 0.03633
165 205 -0.0003
165 206 -0.01062
165 207 0.06047
165 208 -0.01163
165 209 0.02266
165 210 0.05484
165 211 -0.03807
165 212 -0.04062
165 213 -0.0057
165 214 0.03177
165 215 0.01985
165 216 0.07374
165 217 0.02461
165 218 0.08048
165 219 0.04966
165 220 -0.11716
165 221 -0.04865
165 222 -0.01677
165 223 0.02854
165 224 -0.07091
165 225 0.00279
165 226 -0.02475
165 227 -0.00519
165 228 0.05227
165 229 0.1343
165 230 0.00148
165 231 -0.03514
165 232 -0.02426
165 233 -0.07287
165 234 0.05597
165 235 0.05721
165 236 -0.0269
165 237 -0.05594
165 238 0.08914
165 239 -0.1218
165 240 0.01958
165 241 0.01924
165 242 -0.06544
165 243 -0.04875
165 244 0.05385
165 245 -0.06606
165 246 -0.01666
165 247 0.04992
165 248 -0.00485
165 249 0.07651
165 250 -0.04062
165 251 0.07787
165 252 -0.0599
165 253 0.02913
165 254 0.05788
165 255 -0.01652
165 256 0.07298
165 257 -0.03706
165 258 -0.11079
165 259 0.0632
165 260 -0.00368
165 261 0.02265
165 262 -0.02341
165 263 -0.02834
165 264 0.10942
165 265 -0.02226
165 266 0.12257
165 267 -0.0157
165 268 0.02436
165 269 0.10831
165 270 -0.06633
165 271 0.0074
165 272 -0.06174
165 273 0.02079
165 274 0.03951
165 275 -0.10994
165 276 -0.01965
165 277 0.07614
165 278 -0.0148
165 279 -0.04591
165 280 -0.08067
165 281 0.04154
165 282 0.05245
165 283 -0.03029
165 284 0.02598
165 285 -0.07394
165 286 -0.02635
165 287 0.01497
165 288 0.02372
165 289 0.05756
165 290 -0.01128
165 291 -0.04072
165 292 0.09966
165 293 0.07951
165 294 0.01691
165 295 0.01974
165 296 0.05498
165 297 0.02806
165 298 -0.00343
165 299 0.00199
166 167 0.10501
166 168 0.06836
166 169 -0.04631
166 170 0.09708
166 171 0.00045
166 172 -0.04689
166 173 -0.07294
166 174 0.07544
166 175 -0.05851
166 176 -0.01542
166 177 -0.12019
166 178 0.02097
166 179 0.04999
166 180 -0.08657
166 181 0.01258
166 182 0.06366
166 183 0.07606
166 184 0.00252
166 185 0.06955
166 186 -0.06709
166 187 -0.08867
166 188 -0.0413
166 189 -0.08419
166 190 0.00588
166 191 -0.01122
166 192 -0.05157
166 193 0.10106
166 194 0.03217
166 195 -0.00541
166 196 0.00875
166 197 -0.03678
166 198 -0.12591
166 199 0.04448
166 200 -0.05017
166 201 0.08766
166 202 0.04714
166 203 -0.03958
166 204 -0.03493
166 205 0.02166
166 206 0.02743
166 207 -0.0148
166 208 -0.10564
166 209 -0.01449
166 210 0.02706
166 211 -0.00927
166 212 -0.06481
166 213 0.06571
166 214 0.02894
166 215 -0.03632
166 216 0.04697
166 217 -0.14436
166 218 -0.04427
166 219 -0.02752
166 220 0.00751
166 221 -0.0425
166 222 -0.00287
166 223 0.10213
166 224 -0.08366
166 225 -0.06967
166 226 0.01028
166 227 0.04538
166 228 -0.06632
166 229 -0.05035
166 230 0.06588
166 231 -0.06224
166 232 0.14361
166 233 -0.04275
166 234 0.08423
166 235 0.04397
166 236 -0.0218
166 237 0.03649
166 238 -0.02444
166 239 -0.07348
166 240 0.00074
166 241 -0.029
166 242 0.03201
166 243 -0.01897
166 244 -0.01237
166 245 0.03219
166 246 -0.08142
166 247 -0.04219
166 248 0.03771
166 249 -0.05121
166 250 0.00758
166 251 0.11491
166 252 -0.04029
166 253 0.00668
166 254 0.03247
166 255 -0.0873
166 256 -0.06335
166 257 -0.03329
166 258 0.05997
166 259 -0.03998
166 260 -0.03571
166 261 -0.08991
166 262 -0.0817
166 263 -0.05004
166 264 -0.00862
166 265 -0.00373
166 266 -0.09144
166 267 0.10979
166 268 -0.02083
166 269 0.03602
166 270 0.07715
166 271 -0.05319
166 272 -0.06583
166 273 -0.00533
166 274 0.13496
166 275 0.05687
166 276 -0.0579
166 277 0.04249
166 278 0.0083
166 279 0.02179
166 280 -0.00299
166 281 -0.06671
166 282 0.05127
166 283 0.13115
166 284 0.02398
166 285 -0.00569
166 286 0.03242
166 287 0.00889
166 288 0.02084
166 289 -0.03733
166 290 0.09072
166 291 -0.00897
166 292 0.02455
166 293 -0.01746
166 294 -0.08424
166 295 -0.03087
166 296 0.0629
166 297 -0.04904
166 298 0.01331
166 299 0.11729
167 168 -0.06622
167 169 -0.11846
167 170 -0.04503
167 171 -0.04328
167 172 0.0506
167 173 -0.00432
167 174 -0.00674
167 175 0.01402
167 176 -0.10728
167 177 -0.05557
167 178 -0.02161
167 179 -0.03438
167 180 0.06204
167 181 0.001
167 182 -0.0215
167 183 0.04301
167 184 -0.01788
167 185 -0.07673
167 186 0.03326
167 187 -0.08653
167 188 0.01305
167 189 -0.05889
167 190 -0.02435
167 191 0.08427
167 192 -0.05117
167 193 0.00257
167 194 -0.04755
167 195 -0.04195
167 196 0.00063
167 197 -0.03589
167 198 0.03139
167 199 0.03484
167 200 0.08121
167 201 -0.01869
167 202 0.00749
167 203 -0.03441
167 204 -0.02928
167 205 0.06629
167 206 -0.01962
167 207 -0.06825
167 208 -0.03551
167 209 -0.01988
167 210 -0.00379
167 211 0.03803
167 212 -0.02093
167 213 -0.05211
167 214 -0.06782
167 215 0.04751
167 216 -0.02503
167 217 -0.09686
167 218 0.03175
167 219 -0.00803
167 220 -0.12387
167 221 0.02244
167 222 -0.10802
167 223 0.05111
167 224 0.01888
167 225 -0.01399
167 226 0.02649
167 227 0.09501
167 228 0.027
167 229 0.00395
167 230 -0.03327
167 231 -0.02135
167 232 -0.03376
167 233 -0.00087
167 234 -0.02484
167 235 -0.07194
167 236 -0.04102
167 237 0.01505
167 238 0.06311
167 239 0.04956
167 240 0.09251
167 241 -0.02799
167 242 -0.0002
167 243 0.03586
167 244 -0.06122
167 245 0.03789
167 246 0.06438
167 247 0.06479
167 248 0.02551
167 249 0.01005
167 250 -0.05419
167 251 -0.07533
167 252 -0.08525
167 253 0.04646
167 254 0.06462
167 255 0.00962
167 256 0.1206
167 257 0.03114
167 258 0.00413
167 259 0.12757
167 260 0.08012
167 261 -0.04657
167 262 0.03601
167 263 0.00842
167 264 0.08747
167 265 0.08547
167 266 -0.08045
167 267 -0.07487
167 268 -0.00833
167 269 -0.06891
167 270 -0.09006
167 271 -0.06918
167 272 0.1121
167 273 0.09378
167 274 -0.01914
167 275 0.00532
167 276 -0.06231
167 277 0.07852
167 278 -0.04217
167 279 -0.02503
167 280 0.0369
167 281 -0.01739
167 282 -0.01751
167 283 0.00807
167 284 -0.02668
167 285 -0.0496
167 286 -0.05932
167 287 -0.02759
167 288 -0.01586
167 289 0.05242
167 290 0.02911
167 291 -0.07731
167 292 0.06709
167 293 -0.08451
167 294 0.04062
167 295 0.07457
167 296 -0.03083
167 297 -0.02241
167 298 0.09259
167 299 0.00223
168 169 0.07407
168 170 -0.00106
168 171 0.08045
168 172 -0.14973
168 173 -0.02852
168 174 0.03133
168 175 0.0321
168 176 -0.0022
168 177 -0.04525
168 178 -0.10102
168 179 0.10645
168 180 -0.05746
168 181 -0.00059
168 182 -0.04781
168 183 -0.08442
168 184 -0.12793
168 185 -0.0721
168 186 0.04296
168 187 0.06363
168 188 0.00933
168 189 0.00325
168 190 0.05268
168 191 -0.02393
168 192 0.00154
168 193 0.17489
168 194 0.00584
168 195 0.09628
168 196 0.04361
168 197 -0.03764
168 198 -0.04786
168 199 -0.01436
168 200 0.00792
168 201 -0.06358
168 202 0.13734
168 203 0.06133
168 204 -0.05999
168 205 0.00191
168 206 0.0436
168 207 0.00744
168 208 0.0335
168 209 0.07879
168 210 0.04545
168 211 -0.05744
168 212 -0.00685
168 213 -0.03505
168 214 -0.02619
168 215 0.02511
168 216 0.02186
168 217 -0.03779
168 218 -0.02191
168 219 -0.04699
168 220 0.04008
168 221 0.05948
168 222 0.03248
168 223 -0.06714
168 224 0.11384
168 225 0.00659
168 226 0.01771
168 227 0.02934
168 228 0.02639
168 229 0.04358
168 230 -0.06725
168 231 -0.06575
168 232 0.07494
168 233 -0.00443
168 234 -0.0005
168 235 -0.04815
168 236 0.1033
168 237 0.11587
168 238 0.01799
168 239 -0.00856
168 240 -0.06591
168 241 0.08414
168 242 0.05564
168 243 0.08766
168 244 -0.00945
168 245 -0.02059
168 246 0.0307
168 247 0.02453
168 248 0.04021
168 249 0.04075
168 250 0.09448
168 251 0.04755
168 252 0.00202
168 253 0.0129
168 254 -0.09251
168 255 0.01283
168 256 -0.02937
168 257 -0.05045
168 258 -0.05765
168 259 -0.04502
168 260 -0.0448
168 261 -0.04432
168 262 0.03258
168 263 -0.02289
168 264 -0.04579
168 265 0.00825
168 266 0.07509
168 267 -0.10373
168 268 -0.10779
168 269 -0.08114
168 270 0.02224
168 271 0.05175
168 272 0.07778
168 273 0.06652
168 274 -0.00505
168 275 -0.08753
168 276 -0.03299
168 277 -0.00041
168 278 -0.03555
168 279 -0.1392
168 280 -0.0193
168 281 -0.10209
168 282 0.0847
168 283 0.0388
168 284 0.01939
168 285 0.06841
168 286 0.03178
168 287 -0.0035
168 288 -0.03917
168 289 0.04553
168 290 0.01365
168 291 0.02278
168 292 -0.00983
168 293 0.01672
168 294 0.01332
168 295 -0.05105
168 296 0.03021
168 297 -0.0222
168 298 -0.05961
168 299 -0.01614
169 170 0.04237
169 171 0.07264
169 172 0.09796
169 173 -0.00523
169 174 0.02465
169 175 -0.03788
169 176 -0.11922
169 177 0.10833
169 178 0.02261
169 179 0.00589
169 180 -0.06566
169 181 -0.00022
169 182 0.01794
169 183 0.01838
169 184 -0.06481
169 185 0.00104
169 186 -0.04408
169 187 -0.03374
169 188 -0.02385
169 189 -0.00023
169 190 -0.04448
169 191 -0.03624
169 192 0.01377
169 193 0.00032
169 194 -0.03233
169 195 0.00427
169 196 -0.02195
169 197 -0.06445
169 198 -0.00651
169 199 -0.00376
169 200 0.09275
169 201 -0.03086
169 202 0.03692
169 203 0.00287
169 204 0.01762
169 205 -0.04341
169 206 -0.00014
169 207 0.02487
169 208 0.03609
169 209 0.1007
169 210 0.03258
169 211 0.0409
169 212 -0.03811
169 213 0.07252
169 214 0.00405
169 215 0.06833
169 216 0.01402
169 217 -0.02451
169 218 0.06874
169 219 0.02887
169 220 0.02514
169 221 -0.03406
169 222 0.04597
169 223 0.01694
169 224 -0.09351
169 225 -0.03179
169 226 -0.02262
169 227 0.0391
169 228 -0.16915
169 229 0.05477
169 230 0.01286
169 231 0.05242
169 232 0.15401
169 233 -0.02073
169 234 0.14877
169 235 0.10583
169 236 -0.01508
169 237 -0.02046
169 238 -0.03742
169 239 0.05158
169 240 0.01261
169 241 0.01473
169 242 -0.00411
169 243 0.04073
169 244 0.03027
169 245 -0.01846
169 246 0.02104
169 247 0.03603
169 248 -0.06665
169 249 -0.10258
169 250 0.03089
169 251 -0.02693
169 252 0.13651
169 253 -0.07735
169 254 -0.06799
169 255 0.05231
169 256 -0.06253
169 257 0.01046
169 258 0.04809
169 259 -0.01582
169 260 0.07906
169 261 0.06712
169 262 -0.09558
169 263 -0.0587
169 264 -0.04659
169 265 0.01442
169 266 0.0606
169 267 -0.07122
169 268 -0.09783
169 269 -0.0671
169 270 0.01495
169 271 -0.07149
169 272 -0.02688
169 273 -0.07779
169 274 0.03512
169 275 0.07865
169 276 0.00601
169 277 -0.00912
169 278 0.10306
169 279 -0.02018
169 280 0.00148
169 281 -0.02651
169 282 -0.00477
169 283 -0.06057
169 284 -0.01293
169 285 0.13658
169 286 -0.05277
169 287 -0.02308
169 288 -0.0198
169 289 0.07516
169 290 0.02435
169 291 0.00537
169 292 0.16272
169 293 0.05637
169 294 -0.0606
169 295 -0.04821
169 296 0.02764
169 297 -0.00535
169 298 -0.05591
169 299 -0.02903
170 171 -0.02917
170 172 -0.00531
170 173 0.0037
170 174 0.02327
170 175 0.02581
170 176 0.06709
170 177 0.14101
170 178 -0.09816
170 179 0.05438
170 180 0.07683
170 181 -0.08409
170 182 -0.00063
170 183 -0.07629
170 184 0.11709
170 185 -0.10142
170 186 -0.10472
170 187 0.01546
170 188 -0.09286
170 189 0.03933
170 190 0.03616
170 191 -0.03255
170 192 0.00564
170 193 0.04173
170 194 0.08482
170 195 0.01532
170 196 0.00881
170 197 -0.03738
170 198 0.08524
170 199 -0.01416
170 200 0.02329
170 201 -0.00233
170 202 -0.02554
170 203 0.02979
170 204 0.01026
170 205 0.00168
170 206 -0.00178
170 207 0.1204
170 208 -0.01082
170 209 -0.00622
170 210 -0.02979
170 211 0.0293
170 212 0.05791
170 213 -0.00666
170 214 -0.07387
170 215 0.02683
170 216 -0.07043
170 217 -0.07382
170 218 0.09173
170 219 0.05219
170 220 -0.00893
170 221 0.00807
170 222 -0.09112
170 223 0.01695
170 224 0.04351
170 225 0.0665
170 226 -0.07244
170 227 0.11325
170 228 -0.02451
170 229 0.06888
170 230 -0.01027
170 231 0.00375
170 232 -0.09583
170 233 -0.0217
170 234 -0.06011
170 235 0.05919
170 236 0.0059
170 237 -0.00795
170 238 0.03602
170 239 -0.02379
170 240 0.02912
170 241 0.06958
170 242 -0.02693
170 243 0.01507
170 244 0.0013
170 245 0.0027
170 246 0.08177
170 247 -0.09757
170 248 0.08571
170 249 0.03593
170 250 -0.05028
170 251 0.02295
170 252 0.02899
170 253 0.05148
170 254 -0.03831
170 255 0.04837
170 256 -0.02741
170 257 -0.02
170 258 -0.01502
170 259 0.10707
170 260 0.05282
170 261 0.04327
170 262 -0.02933
170 263 0.0164
170 264 -0.01295
170 265 0.02502
170 266 0.05813
170 267 0.06441
170 268 -0.0101
170 269 -0.09085
170 270 0.05085
170 271 -0.0155
170 272 -0.01962
170 273 -0.05818
170 274 -0.01445
170 275 0.04669
170 276 0.02066
170 277 -0.06391
170 278 -0.10318
170 279 -0.03888
170 280 0.02208
170 281 0.08849
170 282 0.01313
170 283 -0.0489
170 284 0.02496
170 285 0.02044
170 286 -0.01423
170 287 -0.0615
170 288 -0.07949
170 289 -0.00417
170 290 -0.03122
170 291 0.02243
170 292 0.00826
170 293 -0.00291
170 294 0.03315
170 295 -0.02676
170 296 -0.00065
170 297 -0.05624
170 298 -0.04121
170 299 -0.08511
171 172 -0.00931
171 173 0.08205
171 174 -0.03967
171 175 -0.01113
171 176 0.06977
171 177 0.00922
171 178 0.04887
171 179 -0.01098
171 180 -0.03298
171 181 0.02179
171 182 0.07496
171 183 -0.08408
171 184 -0.07157
171 185 -0.06286
171 186 -0.02718
171 187 -0.02953
171 188 -0.02214
171 189 0.0559
171 190 0.03167
171 191 -0.02545
171 192 -0.03105
171 193 0.01974
171 194 -0.05788
171 195 -0.07735
171 196 -0.03283
171 197 -0.03855
171 198 0.0569
171 199 0.00304
171 200 -0.00098
171 201 -0.09797
171 202 -0.04921
171 203 0.04895
171 204 0.02122
171 205 0.05283
171 206 -0.08906
171 207 0.03194
171 208 -0.06976
171 209 -0.01211
171 210 0.14743
171 211 0.01895
171 212 0.04216
171 213 -0.02101
171 214 -0.03371
171 215 -0.09744
171 216 0.01028
171 217 -0.1028
171 218 -0.0414
171 219 -0.05761
171 220 -0.01617
171 221 0.11513
171 222 -0.0199
171 223 0.04155
171 224 -0.02722
171 225 -0.01396
171 226 -0.04361
171 227 0.00676
171 228 0.06195
171 229 0.02561
171 230 0.00729
171 231 0.05294
171 232 0.00908
171 233 0.02542
171 234 -0.05475
171 235 0.02249
171 236 -0.11381
171 237 -0.01537
171 238 -0.03552
171 239 -0.00767
171 240 -0.12186
171 241 -0.03468
171 242 -0.01596
171 243 -0.04299
171 244 0.0376
171 245 -0.01961
171 246 -0.06113
171 247 -0.0204
171 248 -0.08319
171 249 -0.07766
171 250 -0.09532
171 251 0.00785
171 252 0.03337
171 253 0.06237
171 254 0.03971
171 255 0.00965
171 256 0.04927
171 257 -0.00926
171 258 -0.01607
171 259 -0.10627
171 260 -0.03286
171 261 -0.04683
171 262 -0.07254
171 263 0.01044
171 264 0.01036
171 265 -0.10844
171 266 0.03318
171 267 -0.05168
171 268 -0.0052
171 269 -0.0246
171 270 0.04216
171 271 -0.03764
171 272 0.10635
171 273 -0.01368
171 274 -0.09172
171 275 0.02887
171 276 -0.00085
171 277 0.03919
171 278 0.021
171 279 0.03952
171 280 -0.04017
171 281 0.01856
171 282 0.0431
171 283 0.03738
171 284 -0.00246
171 285 -0.0289
171 286 0.0638
171 287 0.03091
171 288 0.06015
171 289 0.06353
171 290 -0.02605
171 291 -0.10115
171 292 0.04225
171 293 -0.05466
171 294 -0.02269
171 295 0.02524
171 296 0.00352
171 297 -0.00559
171 298 0.07666
171 299 -0.01388
172 173 -0.00088
172 174 -0.06849
172 175 -0.0636
172 176 0.01251
172 177 0.05232
172 178 0.01592
172 179 0.0365
172 180 -0.02975
172 181 0.02473
172 182 -0.00431
172 183 -0.07738
172 184 -0.00932
172 185 0.0145
172 186 -0.02924
172 187 -0.06356
172 188 0.02115
172 189 -0.01521
172 190 -0.03669
172 191 0.12184
172 192 -0.02852
172 193 0.05308
172 194 0.0408
172 195 0.01512
172 196 0.00481
172 197 -0.08717
172 198 -0.0297
172 199 -0.03255
172 200 0.05759
172 201 0.04023
172 202 0.04002
172 203 -0.03407
172 204 -0.05434
172 205 0.01099
172 206 -0.04462
172 207 -0.07393
172 208 0.04853
172 209 -0.1405
172 210 -0.01378
172 211 -0.06704
172 212 -0.06775
172 213 -0.00179
172 214 0.00892
172 215 0.06455
172 216 0.02454
172 217 -0.00572
172 218 0.02029
172 219 -0.03651
172 220 0.04209
172 221 -0.01554
172 222 0.00656
172 223 0.12699
172 224 -0.02164
172 225 -0.02255
172 226 -0.11024
172 227 -0.013
172 228 -0.06396
172 229 -0.11883
172 230 0.06652
172 231 0.0293
172 232 -0.01893
172 233 -0.09189
172 234 -0.00008
172 235 -0.10512
172 236 0.05557
172 237 0.02392
172 238 -0.11696
172 239 0.03636
172 240 -0.00124
172 241 0.04111
172 242 0.00374
172 243 -0.07319
172 244 -0.02929
172 245 -0.05455
172 246 0.04731
172 247 -0.03036
172 248 0.0083
172 249 -0.09997
172 250 -0.02794
172 251 -0.01899
172 252 -0.04996
172 253 0.05434
172 254 -0.03152
172 255 -0.16042
172 256 0.01383
172 257 0.04621
172 258 0.03504
172 259 -0.0639
172 260 0.08734
172 261 0.05802
172 262 0.03212
172 263 0.02356
172 264 0.03368
172 265 -0.02401
172 266 0.02881
172 267 -0.07125
172 268 -0.08342
172 269 -0.01048
172 270 0.00059
172 271 0.04192
172 272 -0.00106
172 273 0.10532
172 274 -0.05666
172 275 0.04221
172 276 0.07356
172 277 -0.03184
172 278 -0.03135
172 279 -0.08943
172 280 0.05236
172 281 0.04224
172 282 -0.04425
172 283 0.07987
172 284 0.16852
172 285 0.00276
172 286 -0.04366
172 287 0.01764
172 288 -0.01708
172 289 0.14498
172 290 -0.02101
172 291 -0.01387
172 292 -0.00618
172 293 0.03508
172 294 -0.10864
172 295 0.0051
172 296 -0.01317
172 297 0.06709
172 298 0.00112
172 299 -0.05275
173 174 0.06145
173 175 -0.05772
173 176 0.02028
173 177 -0.16287
173 178 0.00512
173 179 0.08978
173 180 -0.00413
173 181 -0.02891
173 182 -0.04567
173 183 0.00846
173 184 -0.02694
173 185 0.06994
173 186 -0.00122
173 187 0.01663
173 188 -0.05122
173 189 -0.04972
173 190 -0.02919
173 191 0.01451
173 192 -0.14604
173 193 -0.07472
173 194 0.03874
173 195 -0.10699
173 196 -0.03034
173 197 -0.01684
173 198 0.05767
173 199 -0.03637
173 200 -0.06179
173 201 0.01535
173 202 -0.0204
173 203 -0.13277
173 204 0.01889
173 205 -0.03237
173 206 0.00337
173 207 -0.00024
173 208 -0.01106
173 209 0.07752
173 210 0.10901
173 211 -0.09342
173 212 0.0336
173 213 0.07392
173 214 -0.01373
173 215 0.12587
173 216 -0.08599
173 217 -0.01639
173 218 -0.01697
173 219 -0.11445
173 220 0.0615
173 221 0.01256
173 222 0.03583
173 223 0.01504
173 224 -0.00149
173 225 -0.01668
173 226 -0.06638
173 227 0.0508
173 228 -0.10365
173 229 -0.10604
173 230 0.05139
173 231 -0.08677
173 232 0.04037
173 233 -0.04948
173 234 0.06481
173 235 0.02796
173 236 0.01049
173 237 -0.01047
173 238 -0.11084
173 239 -0.01377
173 240 0.04375
173 241 -0.04636
173 242 -0.08764
173 243 -0.0188
173 244 -0.0216
173 245 0.0138
173 246 0.043
173 247 -0.06397
173 248 -0.06872
173 249 0.0343
173 250 0.02812
173 251 -0.16318
173 252 0.00375
173 253 -0.02666
173 254 -0.01796
173 255 0.01281
173 256 0.04945
173 257 -0.02892
173 258 0.00485
173 259 -0.14893
173 260 0.08018
173 261 -0.11525
173 262 0.08038
173 263 0.02704
173 264 0.08998
173 265 0.03794
173 266 0.01875
173 267 0.02295
173 268 0.00689
173 269 0.07041
173 270 0.01338
173 271 -0.1067
173 272 0.00856
173 273 0.01263
173 274 -0.05711
173 275 0.00199
173 276 -0.01158
173 277 0.05751
173 278 0.06639
173 279 0.08951
173 280 -0.01734
173 281 0.0459
173 282 -0.01365
173 283 -0.01614
173 284 -0.00765
173 285 -0.02855
173 286 0.00625
173 287 0.01269
173 288 -0.05755
173 289 -0.01471
173 290 0.01823
173 291 -0.02909
173 292 -0.02732
173 293 0.12667
173 294 0.00072
173 295 0.0276
173 296 -0.0563
173 297 0.03544
173 298 -0.11012
173 299 -0.03487
174 175 0.05831
174 176 -0.02414
174 177 -0.04739
174 178 -0.01999
174 179 -0.00792
174 180 -0.07233
174 181 0.02455
174 182 0.05689
174 183 -0.08904
174 184 0.03694
174 185 0.02061
174 186 -0.00426
174 187 -0.04027
174 188 0.05048
174 189 -0.13133
174 190 0.13333
174 191 -0.02617
174 192 0.02684
174 193 -0.00125
174 194 0.00241
174 195 0.09557
174 196 -0.05801
174 197 -0.07511
174 198 -0.02481
174 199 0.01927
174 200 0.07728
174 201 0.13016
174 202 0.06769
174 203 0.03549
174 204 0.00779
174 205 -0.08222
174 206 -0.00398
174 207 0.0123
174 208 0.04088
174 209 -0.01555
174 210 -0.09707
174 211 -0.02671
174 212 -0.02934
174 213 0.00936
174 214 -0.06926
174 215 -0.02841
174 216 -0.03596
174 217 -0.01153
174 218 -0.02488
174 219 0.02208
174 220 -0.10953
174 221 0.00839
174 222 -0.00559
174 223 0.07083
174 224 -0.00272
174 225 -0.03905
174 226 0.05976
174 227 0.00256
174 228 -0.03253
174 229 0.08988
174 230 -0.08413
174 231 0.0497
174 232 0.07469
174 233 -0.03787
174 234 0.02302
174 235 -0.04707
174 236 0.09053
174 237 -0.00287
174 238 0.06115
174 239 -0.08213
174 240 -0.09374
174 241 -0.13241
174 242 -0.00884
174 243 0.05506
174 244 0.05169
174 245 -0.06539
174 246 0.11004
174 247 0.05153
174 248 -0.08058
174 249 0.01261
174 250 0.07786
174 251 -0.0487
174 252 0.00394
174 253 -0.00758
174 254 -0.04371
174 255 -0.08984
174 256 0.01883
174 257 -0.10277
174 258 0.05232
174 259 -0.01261
174 260 -0.00895
174 261 -0.04274
174 262 0.05173
174 263 -0.04386
174 264 -0.031
174 265 0.01871
174 266 0.00646
174 267 -0.1524
174 268 0.03408
174 269 -0.09234
174 270 -0.00837
174 271 0.04266
174 272 -0.08379
174 273 0.00602
174 274 -0.03424
174 275 0.09409
174 276 0.01355
174 277 0.02519
174 278 0.01377
174 279 0.14268
174 280 -0.06781
174 281 0.18233
174 282 -0.00625
174 283 0.03117
174 284 0.09465
174 285 0.00252
174 286 -0.04369
174 287 -0.00661
174 288 -0.02045
174 289 -0.01899
174 290 0.00399
174 291 0.0178
174 292 0.02652
174 293 -0.01865
174 294 -0.00421
174 295 -0.03366
174 296 0.08249
174 297 -0.00625
174 298 0.02008
174 299 0.07935
175 176 -0.06312
175 177 0.02934
175 178 -0.05307
175 179 -0.03116
175 180 -0.01034
175 181 0.01687
175 182 0.19216
175 183 -0.03189
175 184 0.09091
175 185 0.00036
175 186 -0.06003
175 187 0.12107
175 188 0.01903
175 189 -0.02435
175 190 -0.07897
175 191 -0.0138
175 192 0.06604
175 193 0.04798
175 194 0.02807
175 195 -0.0326
175 196 -0.101
175 197 0.07073
175 198 0.12942
175 199 0.05697
175 200 0.06833
175 201 0.03483
175 202 -0.04263
175 203 0.04743
175 204 -0.02214
175 205 -0.01898
175 206 -0.00786
175 207 0.04114
175 208 -0.015
175 209 0.04263
175 210 -0.01616
175 211 0.09481
175 212 -0.08316
175 213 0.07748
175 214 -0.00824
175 215 0.04697
175 216 0.02481
175 217 0.10288
175 218 -0.05689
175 219 -0.05946
175 220 0.05234
175 221 -0.01529
175 222 -0.00443
175 223 0.00093
175 224 -0.05667
175 225 0.09324
175 226 0.08453
175 227 0.03992
175 228 -0.06073
175 229 -0.07309
175 230 0.00289
175 231 -0.03009
175 232 -0.07786
175 233 -0.03975
175 234 0.06899
175 235 0.00432
175 236 0.04332
175 237 0.01937
175 238 0.04996
175 239 -0.05153
175 240 -0.02522
175 241 -0.01067
175 242 -0.03341
175 243 -0.03291
175 244 0.13512
175 245 0.07183
175 246 0.02568
175 247 -0.01036
175 248 -0.05413
175 249 0.02447
175 250 -0.01949
175 251 0.03257
175 252 0.09117
175 253 0.02293
175 254 0.04142
175 255 0.04811
175 256 0.01545
175 257 0.03741
175 258 0.03046
175 259 -0.01382
175 260 0.01643
175 261 0.0018
175 262 0.02885
175 263 0.04312
175 264 0.06107
175 265 -0.0584
175 266 0.02467
175 267 -0.04372
175 268 -0.08196
175 269 0.01418
175 270 0.05206
175 271 0.04639
175 272 0.10241
175 273 0.09441
175 274 0.0091
175 275 -0.08044
175 276 0.03719
175 277 0.03715
175 278 -0.04494
175 279 -0.00895
175 280 -0.04969
175 281 0.04265
175 282 -0.01346
175 283 -0.07429
175 284 -0.1011
175 285 0.01908
175 286 0.00315
175 287 0.01671
175 288 0.06586
175 289 0.00753
175 290 -0.0308
175 291 0.07495
175 292 -0.07353
175 293 -0.01743
175 294 0.06472
175 295 0.02454
175 296 0.04279
175 297 -0.01922
175 298 -0.03852
175 299 0.00534
176 177 -0.04526
176 178 0.0533
176 179 0.04979
176 180 -0.02163
176 181 0.13141
176 182 0.01919
176 183 -0.00106
176 184 -0.02159
176 185 0.06412
176 186 -0.06762
176 187 0.00033
176 188 0.00727
176 189 0.0289
176 190 0.00425
176 191 0.00934
176 192 0.0084
176 193 -0.05518
176 194 -0.0352
176 195 -0.03277
176 196 0.01962
176 197 0.08143
176 198 -0.03334
176 199 -0.01819
176 200 0.01013
176 201 -0.02359
176 202 -0.0396
176 203 0.10467
176 204 0.00473
176 205 -0.08902
176 206 0.05183
176 207 -0.00354
176 208 0.01466
176 209 0.06067
176 210 -0.05963
176 211 -0.02832
176 212 -0.0323
176 213 -0.05599
176 214 0.06429
176 215 0.04527
176 216 -0.03064
176 217 0.01596
176 218 -0.04053
176 219 -0.08594
176 220 0.02014
176 221 0.01821
176 222 0.08213
176 223 0.03721
176 224 0.04037
176 225 0.05859
176 226 0.07071
176 227 -0.01955
176 228 0.10298
176 229 0.01504
176 230 0.01099
176 231 -0.06199
176 232 -0.00099
176 233 0.06249
176 234 0.0004
176 235 0.12744
176 236 0.01818
176 237 -0.01632
176 238 0.04329
176 239 0.0185
176 240 -0.00149
176 241 -0.04276
176 242 0.06482
176 243 0.00885
176 244 -0.0456
176 245 -0.0741
176 246 0.02375
176 247 0.01921
176 248 -0.02332
176 249 -0.06506
176 250 0.12224
176 251 -0.06006
176 252 0.06987
176 253 0.07278
176 254 -0.01614
176 255 0.09581
176 256 0.00631
176 257 -0.07871
176 258 -0.00752
176 259 0.00871
176 260 -0.01335
176 261 -0.00647
176 262 -0.05913
176 263 0.05029
176 264 -0.14165
176 265 -0.05115
176 266 0.0132
176 267 0.04244
176 268 -0.08639
176 269 -0.01146
176 270 -0.04379
176 271 -0.02616
176 272 0.07825
176 273 -0.02912
176 274 0.09066
176 275 0.04376
176 276 0.02053
176 277 0.0314
176 278 0.08002
176 279 -0.00321
176 280 -0.08288
176 281 -0.04812
176 282 0.0112
176 283 -0.11107
176 284 -0.01553
176 285 -0.00094
176 286 -0.03374
176 287 -0.05238
176 288 -0.09885
176 289 -0.03921
176 290 0.02171
176 291 -0.01088
176 292 0.04395
176 293 -0.0161
176 294 -0.00913
176 295 -0.08582
176 296 -0.0383
176 297 0.01475
176 298 -0.0661
176 299 -0.0705
177 178 -0.02722
177 179 -0.06267
177 180 -0.05006
177 181 -0.12105
177 182 -0.04608
177 183 -0.05138
177 184 -0.00324
177 185 -0.10309
177 186 -0.02429
177 187 0.11169
177 188 -0.09387
177 189 -0.1315
177 190 0.01829
177 191 -0.0596
177 192 0.02298
177 193 -0.08283
177 194 0.11749
177 195 0.00641
177 196 -0.06996
177 197 0.02585
177 198 -0.03708
177 199 0.14809
177 200 -0.09911
177 201 0.07155
177 202 -0.03326
177 203 0.095
177 204 0.08724
177 205 -0.12626
177 206 0.04071
177 207 -0.05362
177 208 -0.02846
177 209 0.01988
177 210 -0.00836
177 211 0.00602
177 212 0.052
177 213 0.05641
177 214 0.05166
177 215 0.0079
177 216 -0.07834
177 217 -0.03923
177 218 0.16116
177 219 0.06775
177 220 0.00578
177 221 -0.05005
177 222 0.04359
177 223 -0.00863
177 224 0.04427
177 225 0.02241
177 226 0.04966
177 227 0.0551
177 228 0.06404
177 229 -0.00001
177 230 0.00723
177 231 0.07719
177 232 -0.06638
177 233 -0.00747
177 234 0.06374
177 235 -0.2284
177 236 0.03627
177 237 0.00668
177 238 0.03064
177 239 0.08017
177 240 0.01106
177 241 0.01666
177 242 -0.08282
177 243 0.06115
177 244 -0.00803
177 245 0.02221
177 246 0.07586
177 247 0.07119
177 248 -0.00948
177 249 0.00108
177 250 0.03681
177 251 0.02612
177 252 0.01556
177 253 -0.1098
177 254 0.09111
177 255 -0.11793
177 256 -0.11509
177 257 -0.07817
177 258 -0.00814
177 259 -0.01675
177 260 0.0308
177 261 0.02915
177 262 -0.03733
177 263 0.13138
177 264 -0.01732
177 265 0.02057
177 266 -0.15053
177 267 -0.12044
177 268 -0.01307
177 269 -0.02764
177 270 0.04373
177 271 -0.02379
177 272 -0.047
177 273 0.07928
177 274 -0.07326
177 275 -0.01924
177 276 -0.02741
177 277 -0.03609
177 278 0.01647
177 279 0.05087
177 280 0.02176
177 281 -0.08544
177 282 -0.08412
177 283 -0.01417
177 284 -0.0111
177 285 0.05578
177 286 -0.03357
177 287 0.11538
177 288 -0.08839
177 289 0.00495
177 290 -0.01275
177 291 0.0005
177 292 -0.01318
177 293 -0.05774
177 294 0.00291
177 295 -0.05279
177 296 0.01959
177 297 -0.04335
177 298 0.03464
177 299 0.04707
178 179 0.09614
178 180 0.0349
178 181 -0.01438
178 182 0.00846
178 183 0.06462
178 184 -0.0459
178 185 -0.04567
178 186 -0.04009
178 187 -0.10262
178 188 0.09995
178 189 -0.01989
178 190 -0.11332
178 191 -0.08511
178 192 0.01173
178 193 -0.02779
178 194 0.04059
178 195 0.10073
178 196 -0.01707
178 197 -0.07477
178 198 0.03728
178 199 0.0746
178 200 -0.08279
178 201 -0.0035
178 202 0.09735
178 203 -0.05231
178 204 0.06591
178 205 0.00704
178 206 -0.03739
178 207 0.04361
178 208 0.08205
178 209 -0.03044
178 210 -0.02894
178 211 0.00534
178 212 -0.03364
178 213 -0.0927
178 214 0.03901
178 215 0.06798
178 216 0.06619
178 217 -0.00349
178 218 0.02851
178 219 0.03837
178 220 -0.02344
178 221 -0.03452
178 222 0.00177
178 223 -0.02354
178 224 -0.05281
178 225 -0.03911
178 226 0.08036
178 227 0.05515
178 228 0.03385
178 229 0.04273
178 230 -0.00812
178 231 0.058
178 232 -0.0172
178 233 -0.08054
178 234 -0.09884
178 235 0.07336
178 236 -0.11617
178 237 0.03568
178 238 -0.07324
178 239 0.0134
178 240 0.0359
178 241 -0.00976
178 242 -0.05975
178 243 0.04036
178 244 0.08164
178 245 0.05389
178 246 -0.1059
178 247 0.01675
178 248 0.01793
178 249 -0.04135
178 250 -0.06139
178 251 -0.08666
178 252 -0.01186
178 253 -0.03216
178 254 0.01671
178 255 -0.09866
178 256 0.02677
178 257 0.01887
178 258 -0.06474
178 259 -0.06129
178 260 -0.04106
178 261 -0.07789
178 262 -0.06313
178 263 -0.04399
178 264 0.00203
178 265 0.08536
178 266 0.03358
178 267 0.00652
178 268 -0.05845
178 269 -0.02381
178 270 -0.00169
178 271 0.01854
178 272 -0.01809
178 273 -0.08928
178 274 0.04533
178 275 0.02685
178 276 0.07013
178 277 -0.03012
178 278 -0.08861
178 279 0.02036
178 280 0.07244
178 281 -0.01666
178 282 0.01721
178 283 0.02376
178 284 0.02956
178 285 -0.06117
178 286 -0.01013
178 287 0.04052
178 288 0.07663
178 289 0.04483
178 290 -0.04089
178 291 0.03616
178 292 -0.05618
178 293 -0.09291
178 294 0.07366
178 295 0.02061
178 296 0.03842
178 297 0.03723
178 298 -0.02319
178 299 0.04664
179 180 -0.04279
179 181 0.00561
179 182 -0.0759
179 183 0.08096
179 184 -0.00419
179 185 0.02584
179 186 0.04475
179 187 -0.04658
179 188 0.08738
179 189 -0.04826
179 190 -0.01232
179 191 0.00481
179 192 0.00786
179 193 0.09841
179 194 0.00755
179 195 0.06092
179 196 -0.00993
179 197 -0.12522
179 198 -0.05959
179 199 0.08954
179 200 -0.04622
179 201 0.05606
179 202 -0.01684
179 203 -0.03239
179 204 -0.1515
179 205 -0.08099
179 206 0.00713
179 207 -0.02405
179 208 0.04403
179 209 0.00489
179 210 0.01756
179 211 -0.0751
179 212 -0.0166
179 213 0.1061
179 214 0.00299
179 215 0.13001
179 216 0.01478
179 217 -0.02181
179 218 0.16408
179 219 0.03134
179 220 0.05783
179 221 -0.05793
179 222 -0.04933
179 223 0.06047
179 224 0.09357
179 225 -0.11162
179 226 0.03605
179 227 -0.03929
179 228 0.01823
179 229 -0.02296
179 230 -0.04655
179 231 -0.01374
179 232 -0.01847
179 233 0.02826
179 234 0.04521
179 235 0.00539
179 236 -0.05654
179 237 -0.12503
179 238 -0.01181
179 239 0.03071
179 240 0.0127
179 241 -0.00635
179 242 0.02385
179 243 -0.02484
179 244 0.03792
179 245 -0.04881
179 246 0.00652
179 247 -0.05838
179 248 0.07742
179 249 0.09895
179 250 0.09403
179 251 0.03921
179 252 -0.06686
179 253 -0.08233
179 254 -0.03331
179 255 0.05534
179 256 -0.03968
179 257 -0.18152
179 258 0.03523
179 259 0.02321
179 260 -0.08857
179 261 0.04898
179 262 -0.03033
179 263 0.01836
179 264 0.02517
179 265 -0.01204
179 266 0.02731
179 267 0.08146
179 268 0.03597
179 269 0.02727
179 270 -0.0083
179 271 -0.0169
179 272 -0.00163
179 273 -0.07992
179 274 0.04612
179 275 -0.00026
179 276 -0.07438
179 277 -0.04143
179 278 0.11961
179 279 0.02376
179 280 0.0005
179 281 0.02303
179 282 -0.01191
179 283 -0.07713
179 284 0.00508
179 285 -0.01507
179 286 -0.0033
179 287 0.0173
179 288 -0.05487
179 289 0.05117
179 290 0.06116
179 291 0.04585
179 292 0.00386
179 293 -0.01354
179 294 0.10673
179 295 -0.00749
179 296 -0.02875
179 297 0.02401
179 298 -0.03735
179 299 0.01554
180 181 -0.0051
180 182 0.03732
180 183 -0.07507
180 184 -0.02436
180 185 -0.0028
180 186 0.06826
180 187 0.07097
180 188 -0.00437
180 189 0.02913
180 190 -0.06096
180 191 0.06519
180 192 -0.00042
180 193 -0.14499
180 194 0.03302
180 195 0.00362
180 196 -0.08427
180 197 -0.07006
180 198 -0.07188
180 199 -0.06072
180 200 -0.05468
180 201 -0.0596
180 202 0.13408
180 203 0.11096
180 204 0.07475
180 205 0.03467
180 206 -0.02503
180 207 -0.01613
180 208 0.03482
180 209 0.07028
180 210 0.06931
180 211 -0.07714
180 212 -0.04323
180 213 -0.09659
180 214 -0.019
180 215 0.07596
180 216 -0.05738
180 217 0.04303
180 218 -0.0275
180 219 -0.04536
180 220 -0.01452
180 221 0.09885
180 222 -0.04539
180 223 0.01621
180 224 -0.1228
180 225 -0.02671
180 226 -0.06343
180 227 0.00054
180 228 -0.01149
180 229 0.05044
180 230 -0.06159
180 231 0.02554
180 232 -0.03307
180 233 0.0251
180 234 -0.05386
180 235 0.02913
180 236 0.03472
180 237 -0.04774
180 238 0.07143
180 239 0.10593
180 240 -0.03954
180 241 -0.03112
180 242 0.04971
180 243 0.05972
180 244 0.01236
180 245 0.0591
180 246 -0.0057
180 247 0.01061
180 248 0.10427
180 249 0.04371
180 250 0.05052
180 251 -0.00276
180 252 0.0464
180 253 -0.00335
180 254 -0.04785
180 255 -0.12811
180 256 -0.04054
180 257 0.0328
180 258 -0.00755
180 259 0.00803
180 260 0.03315
180 261 0.06178
180 262 0.04894
180 263 0.127
180 264 0.03776
180 265 0.04041
180 266 0.07585
180 267 -0.01655
180 268 -0.03583
180 269 -0.00388
180 270 -0.0345
180 271 0.05237
180 272 -0.03434
180 273 0.0235
180 274 -0.01267
180 275 0.00635
180 276 0.0137
180 277 0.09133
180 278 -0.10337
180 279 0.06207
180 280 -0.07173
180 281 0.02769
180 282 0.0246
180 283 0.074
180 284 0.0723
180 285 -0.00501
180 286 -0.02528
180 287 -0.09096
180 288 0.04654
180 289 0.00404
180 290 -0.0434
180 291 0.05753
180 292 0.15002
180 293 0.0311
180 294 0.0663
180 295 0.0074
180 296 0.08938
180 297 0.01416
180 298 -0.02711
180 299 0.01051
181 182 0.01336
181 183 0.07528
181 184 0.02724
181 185 -0.01043
181 186 0.00797
181 187 -0.1499
181 188 0.08723
181 189 0.00264
181 190 -0.03694
181 191 0.03405
181 192 0.02229
181 193 0.07166
181 194 0.0606
181 195 -0.03321
181 196 0.04755
181 197 0.01352
181 198 -0.05264
181 199 0.08871
181 200 -0.07068
181 201 -0.10275
181 202 -0.02778
181 203 -0.06211
181 204 0.11061
181 205 0.00557
181 206 0.04881
181 207 0.06695
181 208 -0.03388
181 209 0.10591
181 210 0.00128
181 211 -0.01041
181 212 -0.00315
181 213 -0.10966
181 214 0.04384
181 215 0.0064
181 216 -0.05375
181 217 -0.04134
181 218 0.0564
181 219 0.07264
181 220 0.11628
181 221 0.01715
181 222 -0.03212
181 223 0.0347
181 224 0.01322
181 225 -0.06844
181 226 0.01834
181 227 -0.02879
181 228 -0.06254
181 229 0.08635
181 230 -0.02537
181 231 -0.05956
181 232 -0.03019
181 233 0.07756
181 234 -0.11887
181 235 0.05181
181 236 0.05888
181 237 0.12303
181 238 -0.0808
181 239 0.02271
181 240 0.06194
181 241 -0.03669
181 242 -0.04094
181 243 0.07774
181 244 0.13725
181 245 0.04948
181 246 -0.01238
181 247 0.09977
181 248 0.02765
181 249 -0.04083
181 250 -0.01867
181 251 0.05978
181 252 0.05126
181 253 -0.04623
181 254 0.04992
181 255 0.06972
181 256 0.02375
181 257 -0.13436
181 258 0.01034
181 259 0.05957
181 260 -0.04095
181 261 0.00181
181 262 0.05327
181 263 0.0883
181 264 -0.01301
181 265 0.01128
181 266 -0.09153
181 267 -0.03106
181 268 -0.05146
181 269 0.0499
181 270 -0.04332
181 271 0.0322
181 272 -0.04779
181 273 -0.07209
181 274 0.08409
181 275 -0.03663
181 276 0.09149
181 277 0.02204
181 278 -0.01269
181 279 0.0956
181 280 -0.02047
181 281 -0.00389
181 282 -0.09897
181 283 -0.002
181 284 -0.04959
181 285 0.02104
181 286 -0.13021
181 287 -0.0266
181 288 0.10715
181 289 -0.10095
181 290 -0.00922
181 291 -0.01513
181 292 -0.09975
181 293 0.01278
181 294 -0.03441
181 295 0.00295
181 296 0.03052
181 297 -0.00209
181 298 -0.05602
181 299 0.15354
182 183 -0.05021
182 184 -0.051
182 185 0.00834
182 186 -0.0049
182 187 0.03126
182 188 -0.04578
182 189 -0.06445
182 190 -0.08798
182 191 -0.06198
182 192 0.08479
182 193 -0.06099
182 194 -0.10252
182 195 0.04329
182 196 -0.02057
182 197 -0.0875
182 198 -0.02282
182 199 0.05855
182 200 -0.04828
182 201 -0.11692
182 202 -0.06839
182 203 0.07814
182 204 -0.03047
182 205 0.0697
182 206 -0.06392
182 207 -0.01633
182 208 -0.05878
182 209 0.08282
182 210 -0.0317
182 211 0.0193
182 212 -0.02555
182 213 -0.05684
182 214 -0.04007
182 215 0.00596
182 216 0.10649
182 217 0.0702
182 218 -0.03808
182 219 0.02643
182 220 -0.01606
182 221 -0.05821
182 222 -0.07873
182 223 -0.03087
182 224 -0.02036
182 225 0.00989
182 226 0.10964
182 227 0.02715
182 228 0.0997
182 229 0.01099
182 230 0.07589
182 231 -0.02578
182 232 -0.02198
182 233 -0.10016
182 234 -0.01038
182 235 0.03406
182 236 -0.15373
182 237 0.02398
182 238 -0.00591
182 239 0.03033
182 240 0.04065
182 241 0.00159
182 242 -0.03355
182 243 0.05173
182 244 0.04581
182 245 -0.00774
182 246 -0.01657
182 247 -0.07484
182 248 -0.11027
182 249 -0.03327
182 250 -0.0918
182 251 0.04719
182 252 -0.05917
182 253 0.04341
182 254 0.07078
182 255 -0.06158
182 256 0.03905
182 257 -0.0415
182 258 -0.04887
182 259 0.01912
182 260 0.09441
182 261 0.04385
182 262 0.00928
182 263 0.01369
182 264 -0.02677
182 265 -0.01588
182 266 -0.04381
182 267 -0.08715
182 268 0.02494
182 269 -0.01282
182 270 0.00919
182 271 0.0359
182 272 -0.00161
182 273 -0.06482
182 274 -0.01538
182 275 0.01946
182 276 -0.07948
182 277 -0.08774
182 278 0.01171
182 279 -0.094
182 280 0.13488
182 281 -0.07398
182 282 -0.0024
182 283 -0.02008
182 284 0.11964
182 285 0.04524
182 286 -0.01577
182 287 0.01146
182 288 0.00728
182 289 0.011
182 290 -0.01553
182 291 -0.02673
182 292 0.08255
182 293 -0.06695
182 294 0.0223
182 295 0.00837
182 296 -0.03483
182 297 0.06388
182 298 0.0387
182 299 -0.04685
183 184 -0.01156
183 185 0.0065
183 186 0.07196
183 187 -0.06195
183 188 0.01046
183 189 0.12518
183 190 -0.02192
183 191 -0.00562
183 192 0.03113
183 193 -0.01667
183 194 0.0581
183 195 -0.15001
183 196 0.02421
183 197 0.01293
183 198 0.02878
183 199 -0.12263
183 200 -0.09359
183 201 -0.08472
183 202 0.11857
183 203 0.09774
183 204 0.02736
183 205 0.044
183 206 0.06623
183 207 -0.03998
183 208 -0.03157
183 209 -0.08203
183 210 0.03937
183 211 -0.02362
183 212 0.01361
183 213 -0.06184
183 214 0.06576
183 215 0.08378
183 216 0.00879
183 217 -0.05585
183 218 -0.14155
183 219 -0.05805
183 220 -0.00153
183 221 0.10286
183 222 -0.05071
183 223 -0.00844
183 224 0.00707
183 225 0.08697
183 226 0.10426
183 227 -0.16079
183 228 0.09718
183 229 -0.01105
183 230 0.02702
183 231 -0.01579
183 232 -0.01523
183 233 -0.08859
183 234 -0.00761
183 235 0.03767
183 236 -0.04036
183 237 0.05269
183 238 -0.01765
183 239 0.03499
183 240 0.04252
183 241 -0.00621
183 242 0.06775
183 243 0.02117
183 244 0.07795
183 245 -0.03711
183 246 -0.02662
183 247 -0.0862
183 248 -0.01242
183 249 -0.05092
183 250 -0.00645
183 251 -0.04695
183 252 -0.03147
183 253 -0.01238
183 254 -0.07836
183 255 0.09117
183 256 0.03518
183 257 -0.02839
183 258 -0.0649
183 259 -0.0605
183 260 0.07474
183 261 -0.06629
183 262 0.10624
183 263 -0.04167
183 264 -0.00326
183 265 -0.06773
183 266 -0.09927
183 267 -0.04447
183 268 0.09588
183 269 -0.03785
183 270 0.00991
183 271 0.04435
183 272 0.01303
183 273 0.05496
183 274 0.02079
183 275 0.03818
183 276 -0.03104
183 277 -0.052
183 278 -0.05414
183 279 0.04753
183 280 0.0289
183 281 0.08569
183 282 0.04667
183 283 -0.01606
183 284 -0.03968
183 285 0.07291
183 286 -0.02287
183 287 -0.00177
183 288 -0.05737
183 289 -0.02837
183 290 -0.01165
183 291 -0.13036
183 292 0.09032
183 293 -0.07295
183 294 -0.01288
183 295 0.08704
183 296 -0.09675
183 297 -0.06442
183 298 0.15403
183 299 0.07677
184 185 -0.02271
184 186 0.06373
184 187 0.07685
184 188 -0.0721
184 189 0.00969
184 190 -0.00735
184 191 -0.1212
184 192 -0.00862
184 193 -0.05386
184 194 -0.05508
184 195 0.09528
184 196 0.07403
184 197 0.12264
184 198 0.05264
184 199 -0.02286
184 200 -0.10456
184 201 -0.02446
184 202 -0.12814
184 203 -0.01082
184 204 0.07958
184 205 0.0193
184 206 -0.02655
184 207 0.01173
184 208 0.07064
184 209 0.02211
184 210 0.0003
184 211 -0.04669
184 212 0.07647
184 213 0.08902
184 214 -0.02005
184 215 0.03451
184 216 0.07094
184 217 0.01726
184 218 -0.00673
184 219 -0.01204
184 220 0.12487
184 221 0.04874
184 222 0.04557
184 223 -0.01855
184 224 0.11545
184 225 -0.05871
184 226 0.07032
184 227 0.09699
184 228 0.07096
184 229 -0.06334
184 230 -0.00513
184 231 -0.18874
184 232 -0.01531
184 233 0.00895
184 234 0.01902
184 235 -0.00193
184 236 -0.00399
184 237 -0.01164
184 238 -0.07623
184 239 0.1037
184 240 0.05438
184 241 0.06171
184 242 0.04433
184 243 -0.09379
184 244 -0.03167
184 245 -0.06532
184 246 0.00005
184 247 -0.01363
184 248 -0.12475
184 249 -0.0573
184 250 0.09313
184 251 0.0051
184 252 0.02374
184 253 -0.05322
184 254 0.01588
184 255 -0.01684
184 256 -0.09128
184 257 -0.06992
184 258 -0.00101
184 259 -0.03051
184 260 0.02829
184 261 0.03961
184 262 -0.09734
184 263 0.03063
184 264 -0.01218
184 265 -0.09662
184 266 0.01373
184 267 0.05807
184 268 0.0372
184 269 0.04268
184 270 0.08345
184 271 -0.00717
184 272 -0.1219
184 273 -0.02494
184 274 0.00394
184 275 0.00202
184 276 0.04178
184 277 0.08998
184 278 0.07351
184 279 -0.03093
184 280 0.02556
184 281 0.06003
184 282 0.05187
184 283 -0.06281
184 284 -0.01642
184 285 0.05036
184 286 0.06733
184 287 -0.03149
184 288 0.11904
184 289 0.02646
184 290 -0.04666
184 291 -0.02362
184 292 -0.01387
184 293 0.09156
184 294 -0.02156
184 295 0.02355
184 296 0.07238
184 297 0.02244
184 298 -0.02543
184 299 0.08938
185 186 0.05704
185 187 0.05789
185 188 0.0504
185 189 0.05524
185 190 -0.05067
185 191 -0.00342
185 192 -0.04808
185 193 -0.0436
185 194 0.03709
185 195 0.04376
185 196 -0.05555
185 197 0.00983
185 198 0.0516
185 199 0.01427
185 200 0.01982
185 201 -0.0538
185 202 -0.06433
185 203 -0.01394
185 204 -0.03787
185 205 -0.07812
185 206 0.01113
185 207 0.057
185 208 0.03076
185 209 0.00507
185 210 -0.11201
185 211 -0.01158
185 212 -0.03038
185 213 0.02458
185 214 -0.04748
185 215 0.08882
185 216 0.06212
185 217 -0.00044
185 218 0.01506
185 219 0.02705
185 220 -0.0361
185 221 -0.04771
185 222 0.00511
185 223 -0.01104
185 224 -0.02634
185 225 0.02981
185 226 -0.06817
185 227 0.09884
185 228 0.01151
185 229 0.04434
185 230 -0.07003
185 231 -0.01348
185 232 0.01358
185 233 -0.0688
185 234 -0.08169
185 235 0.00635
185 236 -0.04993
185 237 -0.01694
185 238 -0.00648
185 239 0.00317
185 240 0.01661
185 241 -0.00492
185 242 0.00841
185 243 -0.00584
185 244 0.08705
185 245 -0.00677
185 246 -0.04788
185 247 0.01881
185 248 0.01805
185 249 0.0787
185 250 -0.03896
185 251 -0.01827
185 252 0.04486
185 253 0.06624
185 254 0.08777
185 255 0.07568
185 256 0.10315
185 257 0.03019
185 258 -0.03326
185 259 -0.03547
185 260 0.07277
185 261 0.04091
185 262 -0.07715
185 263 -0.06609
185 264 0.10003
185 265 -0.09479
185 266 -0.04486
185 267 0.10403
185 268 -0.07853
185 269 -0.13707
185 270 0.01926
185 271 -0.06845
185 272 -0.04923
185 273 0.0275
185 274 -0.0736
185 275 -0.0639
185 276 -0.03233
185 277 0.01984
185 278 0.03515
185 279 -0.00873
185 280 -0.06254
185 281 -0.04241
185 282 -0.10116
185 283 0.05371
185 284 -0.03228
185 285 0.10835
185 286 0.00515
185 287 0.0235
185 288 -0.00168
185 289 0.00304
185 290 0.03588
185 291 0.0888
185 292 -0.0788
185 293 -0.00987
185 294 -0.02943
185 295 0.0935
185 296 -0.01984
185 297 0.00619
185 298 -0.09016
185 299 -0.03922
186 187 -0.10846
186 188 0.03918
186 189 0.0078
186 190 0.08325
186 191 -0.03427
186 192 -0.04595
186 193 -0.05156
186 194 -0.09306
186 195 -0.01048
186 196 -0.01147
186 197 0.02894
186 198 -0.03899
186 199 -0.03433
186 200 -0.0248
186 201 0.06076
186 202 0.01434
186 203 0.02604
186 204 -0.0287
186 205 -0.00123
186 206 -0.02071
186 207 0.00461
186 208 0.01556
186 209 -0.03912
186 210 -0.16525
186 211 0.01023
186 212 -0.02273
186 213 0.00173
186 214 -0.03845
186 215 -0.00792
186 216 0.00264
186 217 0.11967
186 218 -0.02256
186 219 -0.01115
186 220 -0.05297
186 221 0.08761
186 222 0.07578
186 223 -0.05893
186 224 0.1055
186 225 0.00044
186 226 0.02932
186 227 0.08062
186 228 -0.08967
186 229 -0.03964
186 230 -0.09873
186 231 -0.0859
186 232 -0.10374
186 233 -0.09957
186 234 0.04797
186 235 0.00662
186 236 0.06682
186 237 0.07154
186 238 -0.0436
186 239 -0.02717
186 240 -0.07805
186 241 -0.00534
186 242 -0.00214
186 243 -0.01026
186 244 -0.0083
186 245 -0.00645
186 246 -0.02459
186 247 -0.08856
186 248 0.01988
186 249 0.07778
186 250 0.08678
186 251 0.00862
186 252 0.06593
186 253 -0.02292
186 254 0.01
186 255 0.00898
186 256 -0.0181
186 257 0.06255
186 258 -0.09835
186 259 0.03922
186 260 -0.00676
186 261 0.06407
186 262 -0.14483
186 263 -0.07564
186 264 -0.06016
186 265 0.084
186 266 0.05015
186 267 -0.05764
186 268 -0.03388
186 269 0.04335
186 270 0.07802
186 271 -0.00271
186 272 0.06622
186 273 0.00198
186 274 0.12064
186 275 -0.16859
186 276 -0.05925
186 277 -0.05874
186 278 0.01514
186 279 0.03585
186 280 -0.01074
186 281 0.08462
186 282 0.02018
186 283 0.03472
186 284 0.08846
186 285 0.02412
186 286 0.01904
186 287 0.02238
186 288 -0.01848
186 289 -0.00039
186 290 0.073
186 291 0.02456
186 292 0.00281
186 293 -0.01459
186 294 0.08949
186 295 -0.0184
186 296 -0.0684
186 297 -0.02015
186 298 0.08142
186 299 -0.04625
187 188 -0.051
187 189 -0.10226
187 190 0.08098
187 191 -0.05692
187 192 -0.05635
187 193 -0.00661
187 194 -0.06901
187 195 -0.02966
187 196 0.06305
187 197 -0.00259
187 198 0.08853
187 199 0.07665
187 200 -0.08848
187 201 0.00487
187 202 -0.05418
187 203 -0.09546
187 204 -0.06197
187 205 0.01991
187 206 -0.02847
187 207 0.06404
187 208 -0.03839
187 209 0.05391
187 210 0.01202
187 211 -0.01748
187 212 0.00136
187 213 0.03975
187 214 0.02982
187 215 -0.05184
187 216 -0.01601
187 217 -0.03093
187 218 -0.1264
187 219 -0.01908
187 220 0.01986
187 221 0.07098
187 222 -0.00572
187 223 -0.00924
187 224 -0.10451
187 225 -0.00452
187 226 0.06873
187 227 -0.0578
187 228 -0.04405
187 229 -0.02855
187 230 0.09825
187 231 0.10783
187 232 0.01024
187 233 -0.03224
187 234 0.03855
187 235 -0.01592
187 236 -0.05929
187 237 0.1463
187 238 -0.09362
187 239 0.05422
187 240 -0.04436
187 241 -0.04938
187 242 0.02265
187 243 -0.08821
187 244 -0.08837
187 245 0.04543
187 246 -0.00679
187 247 0.02077
187 248 0.02421
187 249 -0.09827
187 250 -0.12793
187 251 0.0742
187 252 0.02414
187 253 0.02281
187 254 0.03625
187 255 0.0322
187 256 -0.03434
187 257 -0.16958
187 258 0.05904
187 259 -0.04593
187 260 0.02293
187 261 0.00162
187 262 0.01416
187 263 -0.01537
187 264 -0.00637
187 265 -0.00296
187 266 0.02103
187 267 -0.05352
187 268 0.02042
187 269 0.08892
187 270 0.00922
187 271 -0.04583
187 272 -0.03604
187 273 0.04516
187 274 0.0143
187 275 0.0188
187 276 0.05577
187 277 0.00665
187 278 -0.01595
187 279 -0.02338
187 280 0.03195
187 281 0.05092
187 282 -0.05694
187 283 0.01858
187 284 0.03953
187 285 0.01461
187 286 0.00775
187 287 -0.02318
187 288 0.03707
187 289 -0.00789
187 290 -0.04202
187 291 0.05487
187 292 -0.00178
187 293 -0.00898
187 294 -0.03153
187 295 -0.08134
187 296 -0.00175
187 297 0.03652
187 298 -0.03527
187 299 0.08895
188 189 -0.01949
188 190 0.0035
188 191 0.02432
188 192 0.02897
188 193 -0.05741
188 194 0.02719
188 195 0.04209
188 196 -0.02509
188 197 0.00582
188 198 -0.08165
188 199 -0.03073
188 200 -0.12769
188 201 0.06764
188 202 -0.11625
188 203 0.01787
188 204 0.00167
188 205 0.00426
188 206 0.03887
188 207 0.00375
188 208 -0.03188
188 209 0.04952
188 210 0.09455
188 211 -0.00754
188 212 0.01746
188 213 0.01081
188 214 -0.02183
188 215 -0.02884
188 216 0.00143
188 217 -0.09903
188 218 -0.04519
188 219 0.07209
188 220 -0.09308
188 221 0.00322
188 222 0.06932
188 223 -0.13283
188 224 0.02206
188 225 -0.03694
188 226 0.06155
188 227 -0.0211
188 228 -0.05844
188 229 0.06581
188 230 0.02295
188 231 0.05921
188 232 0.01077
188 233 0.05222
188 234 -0.03149
188 235 0.01702
188 236 -0.08505
188 237 -0.00607
188 238 0.01388
188 239 -0.14809
188 240 0.06572
188 241 -0.01318
188 242 0.01145
188 243 0.01237
188 244 -0.06393
188 245 0.02357
188 246 0.06976
188 247 -0.0208
188 248 -0.06266
188 249 0.03471
188 250 0.07435
188 251 0.0126
188 252 0.08075
188 253 -0.07261
188 254 0.03498
188 255 0.07768
188 256 -0.02806
188 257 -0.06339
188 258 0.10026
188 259 0.02961
188 260 0.00728
188 261 -0.03124
188 262 -0.01138
188 263 -0.00057
188 264 -0.01095
188 265 0.08349
188 266 -0.06424
188 267 0.13133
188 268 0.04406
188 269 -0.03267
188 270 0.02714
188 271 -0.05165
188 272 0.01311
188 273 -0.08534
188 274 -0.02967
188 275 0.01566
188 276 -0.02541
188 277 0.0795
188 278 -0.00961
188 279 -0.00001
188 280 0.07376
188 281 -0.04691
188 282 -0.05602
188 283 0.01319
188 284 0.0245
188 285 0.07448
188 286 -0.00104
188 287 0.01275
188 288 -0.00457
188 289 -0.05942
188 290 -0.05599
188 291 -0.05833
188 292 -0.06619
188 293 -0.04779
188 294 0.01489
188 295 0.0417
188 296 0.05967
188 297 0.0181
188 298 0.01344
188 299 0.04509
189 190 0.09702
189 191 -0.06141
189 192 -0.05859
189 193 0.0399
189 194 -0.02525
189 195 0.02858
189 196 -0.00146
189 197 0.09444
189 198 -0.15859
189 199 0.0469
189 200 -0.06551
189 201 -0.05769
189 202 0.01182
189 203 -0.00139
189 204 0.02293
189 205 -0.06407
189 206 0.04371
189 207 -0.01083
189 208 -0.02006
189 209 0.01978
189 210 -0.05072
189 211 -0.03242
189 212 0.00952
189 213 0.01553
189 214 -0.15463
189 215 0.07618
189 216 -0.01859
189 217 -0.08044
189 218 0.02444
189 219 -0.05093
189 220 0.04499
189 221 -0.0245
189 222 0.07782
189 223 0.06928
189 224 -0.02124
189 225 0.01398
189 226 0.01067
189 227 -0.05916
189 228 0.01061
189 229 0.01576
189 230 0.00525
189 231 -0.02787
189 232 -0.01295
189 233 -0.10285
189 234 0.01911
189 235 -0.01995
189 236 0.00708
189 237 -0.04787
189 238 0.00946
189 239 -0.02872
189 240 0.0381
189 241 0.04011
189 242 -0.00891
189 243 -0.06038
189 244 -0.04098
189 245 -0.08659
189 246 -0.02619
189 247 -0.00468
189 248 0.03299
189 249 -0.00843
189 250 -0.06549
189 251 0.02696
189 252 -0.06047
189 253 0.07716
189 254 -0.07866
189 255 -0.01315
189 256 -0.00148
189 257 -0.02555
189 258 0.02533
189 259 -0.00661
189 260 0.07866
189 261 -0.04822
189 262 -0.0508
189 263 -0.05119
189 264 0.03909
189 265 0.05245
189 266 -0.04122
189 267 -0.06575
189 268 0.08208
189 269 -0.05664
189 270 -0.0218
189 271 -0.00188
189 272 0.03764
189 273 -0.0748
189 274 -0.01273
189 275 -0.00282
189 276 -0.06389
189 277 -0.0391
189 278 0.07128
189 279 -0.10838
189 280 -0.05708
189 281 -0.01294
189 282 0.08133
189 283 -0.01607
189 284 -0.01646
189 285 -0.06264
189 286 -0.01463
189 287 -0.0305
189 288 0.03731
189 289 0.02868
189 290 0.0106
189 291 0.01377
189 292 0.01145
189 293 -0.08233
189 294 0.06474
189 295 -0.01756
189 296 0.11251
189 297 0.10524
189 298 0.09457
189 299 0.00661
190 191 -0.13604
190 192 0.063
190 193 -0.0318
190 194 -0.00062
190 195 0.05847
190 196 0.03381
190 197 -0.00338
190 198 -0.0113
190 199 0.05689
190 200 -0.03517
190 201 0.03067
190 202 -0.02727
190 203 0.0779
190 204 0.00033
190 205 0.0526
190 206 -0.03398
190 207 -0.02946
190 208 0.06548
190 209 0.00586
190 210 0.02722
190 211 -0.00166
190 212 0.13262
190 213 -0.02153
190 214 0.0743
190 215 -0.01126
190 216 -0.12686
190 217 0.03987
190 218 0.11882
190 219 0.00298
190 220 -0.02519
190 221 0.01363
190 222 0.02354
190 223 0.00609
190 224 -0.04439
190 225 -0.05634
190 226 0.03971
190 227 -0.00531
190 228 0.04483
190 229 -0.10802
190 230 -0.00775
190 231 -0.05554
190 232 0.03282
190 233 -0.00379
190 234 -0.07624
190 235 0.03831
190 236 0.00125
190 237 0.08129
190 238 0.08507
190 239 -0.07745
190 240 0.0177
190 241 -0.01239
190 242 -0.00002
190 243 -0.03735
190 244 0.08278
190 245 -0.01637
190 246 -0.01442
190 247 0.04126
190 248 0.03732
190 249 0.02269
190 250 0.04013
190 251 0.11218
190 252 0.00318
190 253 -0.06971
190 254 -0.07095
190 255 0.0575
190 256 0.01682
190 257 0.05457
190 258 0.07361
190 259 -0.03688
190 260 -0.01703
190 261 -0.0307
190 262 -0.00198
190 263 -0.0672
190 264 -0.05506
190 265 -0.10438
190 266 -0.01596
190 267 -0.00261
190 268 0.00203
190 269 -0.01087
190 270 0.00064
190 271 -0.03797
190 272 0.00787
190 273 -0.00825
190 274 -0.04079
190 275 -0.08144
190 276 0.04513
190 277 -0.0271
190 278 -0.14146
190 279 -0.07435
190 280 0.02916
190 281 0.00045
190 282 -0.01311
190 283 -0.09289
190 284 0.0418
190 285 -0.04719
190 286 0.01079
190 287 0.03068
190 288 0.07826
190 289 -0.05805
190 290 -0.03858
190 291 0.0035
190 292 -0.03105
190 293 0.03953
190 294 0.03052
190 295 -0.07442
190 296 -0.01393
190 297 -0.05242
190 298 -0.00586
190 299 0.10964
191 192 0.07563
191 193 0.06799
191 194 0.01144
191 195 0.13506
191 196 -0.02752
191 197 -0.04831
191 198 -0.03698
191 199 0.00351
191 200 0.03249
191 201 0.02081
191 202 -0.03926
191 203 -0.0799
191 204 -0.00107
191 205 -0.03259
191 206 -0.01228
191 207 0.02484
191 208 -0.0687
191 209 0.01118
191 210 0.06687
191 211 0.01644
191 212 -0.05159
191 213 0.0287
191 214 -0.05949
191 215 0.06372
191 216 0.02353
191 217 -0.00833
191 218 0.00106
191 219 -0.01369
191 220 -0.06115
191 221 0.03954
191 222 0.10628
191 223 -0.07879
191 224 -0.03367
191 225 -0.08309
191 226 -0.10429
191 227 -0.02903
191 228 -0.01472
191 229 -0.01462
191 230 0.05444
191 231 -0.02414
191 232 -0.00141
191 233 0.04753
191 234 -0.06339
191 235 0.06005
191 236 -0.00472
191 237 0.05265
191 238 -0.01035
191 239 -0.06448
191 240 0.05388
191 241 -0.01687
191 242 -0.05532
191 243 0.03326
191 244 0.09714
191 245 -0.00418
191 246 -0.0736
191 247 0.07279
191 248 -0.047
191 249 0.01745
191 250 0.00926
191 251 0.04617
191 252 0.09454
191 253 -0.01266
191 254 -0.02005
191 255 -0.02363
191 256 0.03874
191 257 -0.01468
191 258 -0.00315
191 259 0.03097
191 260 0.03326
191 261 0.08679
191 262 -0.012
191 263 -0.05877
191 264 -0.06815
191 265 0.00209
191 266 -0.06194
191 267 0.03033
191 268 0.04618
191 269 -0.1015
191 270 -0.01679
191 271 0.03335
191 272 0.02387
191 273 -0.13266
191 274 -0.02396
191 275 0.04746
191 276 0.08309
191 277 -0.1146
191 278 0.04047
191 279 -0.05036
191 280 0.00584
191 281 0.11172
191 282 0.00057
191 283 -0.02231
191 284 -0.008
191 285 0.07942
191 286 -0.06653
191 287 -0.1213
191 288 0.01114
191 289 -0.06233
191 290 0.139
191 291 -0.09561
191 292 -0.07938
191 293 0.05236
191 294 -0.00816
191 295 0.01626
191 296 0.02065
191 297 0.00397
191 298 -0.03216
191 299 0.02074
192 193 -0.08329
192 194 -0.08626
192 195 -0.01036
192 196 0.02553
192 197 0.01064
192 198 -0.05371
192 199 0.04584
192 200 0.01077
192 201 -0.11704
192 202 -0.07464
192 203 0.03794
192 204 0.02368
192 205 0.00462
192 206 -0.11083
192 207 0.02918
192 208 -0.03441
192 209 0.07023
192 210 0.02679
192 211 0.05844
192 212 -0.02628
192 213 0.05633
192 214 0.01281
192 215 0.02136
192 216 -0.02911
192 217 -0.01028
192 218 0.01493
192 219 0.03024
192 220 0.03644
192 221 0.02766
192 222 -0.04321
192 223 -0.00038
192 224 -0.00945
192 225 -0.07682
192 226 -0.05385
192 227 -0.01936
192 228 0.02962
192 229 0.01367
192 230 0.03574
192 231 -0.01978
192 232 -0.02359
192 233 0.10646
192 234 -0.06549
192 235 0.03256
192 236 -0.01902
192 237 -0.04872
192 238 -0.04827
192 239 0.02144
192 240 0.03688
192 241 -0.06762
192 242 -0.00221
192 243 0.00974
192 244 -0.09065
192 245 0.13194
192 246 -0.0382
192 247 0.01756
192 248 0.01723
192 249 -0.04992
192 250 -0.01382
192 251 0.00669
192 252 -0.0395
192 253 -0.07127
192 254 -0.0255
192 255 0.11531
192 256 -0.11887
192 257 0.05744
192 258 -0.0614
192 259 0.00235
192 260 0.00118
192 261 -0.10489
192 262 0.01831
192 263 -0.02352
192 264 -0.03942
192 265 -0.06564
192 266 -0.02463
192 267 -0.15856
192 268 0.05492
192 269 -0.1338
192 270 -0.03091
192 271 -0.04859
192 272 0.08549
192 273 0.03744
192 274 0.00535
192 275 0.03021
192 276 0.05917
192 277 0.0255
192 278 -0.02437
192 279 -0.13912
192 280 -0.08674
192 281 -0.09202
192 282 0.03066
192 283 0.03822
192 284 -0.00019
192 285 -0.05236
192 286 -0.00398
192 287 -0.07305
192 288 -0.08405
192 289 0.03762
192 290 0.02628
192 291 -0.07834
192 292 0.07739
192 293 -0.0195
192 294 -0.05556
192 295 0.06766
192 296 0.01841
192 297 0.01046
192 298 -0.0518
192 299 -0.00009
193 194 -0.02327
193 195 -0.00401
193 196 0.04633
193 197 -0.01728
193 198 0.01545
193 199 -0.0149
193 200 -0.08689
193 201 -0.01039
193 202 -0.0452
193 203 -0.01616
193 204 0.09151
193 205 0.11411
193 206 0.05167
193 207 0.03667
193 208 -0.08414
193 209 0.04477
193 210 0.00008
193 211 0.01021
193 212 -0.02893
193 213 -0.01276
193 214 -0.06441
193 215 -0.00621
193 216 0.00316
193 217 0.04263
193 218 -0.03518
193 219 -0.11151
193 220 -0.02579
193 221 -0.0565
193 222 0.03082
193 223 -0.00898
193 224 0.03548
193 225 -0.0334
193 226 0.1068
193 227 0.01934
193 228 -0.05795
193 229 0.11613
193 230 0.01038
193 231 -0.02531
193 232 -0.05536
193 233 -0.02331
193 234 0.03238
193 235 -0.00075
193 236 -0.0437
193 237 -0.06531
193 238 -0.07498
193 239 -0.04
193 240 0.04803
193 241 0.04815
193 242 -0.05265
193 243 0.01314
193 244 -0.02726
193 245 0.03955
193 246 0.04941
193 247 -0.02214
193 248 0.00587
193 249 0.0232
193 250 0.02682
193 251 0.14724
193 252 -0.03583
193 253 0.0103
193 254 0.02795
193 255 -0.04273
193 256 0.03136
193 257 -0.02239
193 258 0.08713
193 259 0.0505
193 260 -0.00612
193 261 0.04927
193 262 0.07785
193 263 0.02152
193 264 -0.07843
193 265 0.13425
193 266 0.0617
193 267 -0.12141
193 268 0.01218
193 269 -0.01004
193 270 -0.02788
193 271 -0.02479
193 272 -0.01379
193 273 0.02208
193 274 -0.06837
193 275 -0.10742
193 276 -0.06467
193 277 0.06898
193 278 0.06201
193 279 0.0297
193 280 -0.04881
193 281 0.06273
193 282 -0.07537
193 283 0.01845
193 284 0.02336
193 285 -0.08816
193 286 -0.02747
193 287 0.02487
193 288 -0.04507
193 289 -0.07284
193 290 0.01107
193 291 0.04683
193 292 -0.06831
193 293 -0.00688
193 294 0.02105
193 295 0.00148
193 296 -0.01868
193 297 -0.01874
193 298 -0.07448
193 299 -0.01895
194 195 -0.06095
194 196 0.02176
194 197 0.06925
194 198 -0.02477
194 199 0.04294
194 200 -0.04404
194 201 0.00522
194 202 0.05464
194 203 -0.07587
194 204 0.02315
194 205 0.09979
194 206 -0.00994
194 207 0.00692
194 208 -0.01726
194 209 0.00851
194 210 -0.09978
194 211 -0.06398
194 212 -0.07892
194 213 0.01188
194 214 0.07748
194 215 0.0276
194 216 0.13426
194 217 0.07998
194 218 0.01397
194 219 0.08337
194 220 0.04756
194 221 0.00196
194 222 0.09438
194 223 0.00723
194 224 0.01258
194 225 0.01589
194 226 -0.0816
194 227 0.01333
194 228 -0.02593
194 229 -0.00822
194 230 -0.01015
194 231 -0.02157
194 232 -0.06583
194 233 -0.12157
194 234 -0.03341
194 235 -0.16329
194 236 -0.00203
194 237 -0.1399
194 238 0.01447
194 239 -0.03871
194 240 -0.02207
194 241 0.01237
194 242 0.05481
194 243 0.00762
194 244 0.02327
194 245 0.04652
194 246 -0.01735
194 247 0.04085
194 248 -0.00937
194 249 0.10602
194 250 0.05045
194 251 0.07783
194 252 -0.02488
194 253 0.08551
194 254 0.05516
194 255 0.01903
194 256 -0.05479
194 257 0.01643
194 258 0.06394
194 259 -0.03553
194 260 0.00317
194 261 -0.05448
194 262 0.01577
194 263 -0.0059
194 264 -0.01732
194 265 -0.05901
194 266 0.00963
194 267 0.02675
194 268 0.01103
194 269 -0.03827
194 270 0.07542
194 271 -0.03137
194 272 0.11293
194 273 -0.01379
194 274 -0.00674
194 275 -0.00499
194 276 0.11155
194 277 0.00378
194 278 -0.06542
194 279 -0.00347
194 280 0.0867
194 281 -0.04371
194 282 0.05119
194 283 0.07974
194 284 -0.00765
194 285 0.01055
194 286 -0.01265
194 287 0.00931
194 288 -0.06444
194 289 -0.027
194 290 0.00975
194 291 -0.00468
194 292 -0.06622
194 293 0.00098
194 294 0.0612
194 295 -0.00265
194 296 -0.01727
194 297 -0.03691
194 298 -0.04332
194 299 -0.02337
195 196 -0.00892
195 197 0.057
195 198 -0.11368
195 199 0.04559
195 200 0.0423
195 201 0.03407
195 202 0.02933
195 203 0.06396
195 204 0.0234
195 205 0.01999
195 206 -0.03797
195 207 -0.01792
195 208 0.03442
195 209 -0.01368
195 210 0.04137
195 211 0.00737
195 212 -0.0139
195 213 -0.00208
195 214 -0.06037
195 215 -0.0212
195 216 -0.10029
195 217 0.07208
195 218 0.00993
195 219 0.00668
195 220 -0.04133
195 221 0.03398
195 222 0.06981
195 223 -0.11658
195 224 -0.02661
195 225 -0.10313
195 226 -0.05496
195 227 0.03462
195 228 -0.01581
195 229 -0.04193
195 230 -0.03718
195 231 -0.06533
195 232 0.00167
195 233 -0.04057
195 234 0.03274
195 235 0.10133
195 236 0.04827
195 237 -0.21471
195 238 0.03548
195 239 -0.04586
195 240 0.10467
195 241 -0.0049
195 242 -0.02215
195 243 -0.10457
195 244 -0.02635
195 245 -0.04667
195 246 0.02844
195 247 -0.05164
195 248 -0.04968
195 249 0.03913
195 250 0.11705
195 251 0.01947
195 252 0.00507
195 253 0.08388
195 254 0.02172
195 255 -0.03172
195 256 0.05672
195 257 0.01488
195 258 -0.01141
195 259 0.06432
195 260 0.05848
195 261 -0.04295
195 262 0.02464
195 263 0.05421
195 264 -0.03509
195 265 0.04998
195 266 -0.02525
195 267 0.00106
195 268 0.03293
195 269 -0.06951
195 270 -0.07337
195 271 0.01369
195 272 0.02726
195 273 0.05562
195 274 0.08254
195 275 -0.08747
195 276 -0.00994
195 277 0.00875
195 278 0.07615
195 279 0.00415
195 280 0.10465
195 281 -0.06103
195 282 0.05188
195 283 -0.08216
195 284 -0.01166
195 285 -0.06459
195 286 -0.01292
195 287 0.00933
195 288 0.14474
195 289 -0.03828
195 290 -0.00408
195 291 -0.08751
195 292 0.03816
195 293 -0.04052
195 294 0.00802
195 295 0.07552
195 296 -0.04392
195 297 -0.00641
195 298 0.10389
195 299 -0.09467
196 197 -0.03517
196 198 -0.01982
196 199 0.01864
196 200 0.07479
196 201 0.0246
196 202 0.06363
196 203 -0.00245
196 204 -0.07344
196 205 0.04226
196 206 -0.01061
196 207 -0.07464
196 208 0.01444
196 209 0.01559
196 210 0.01136
196 211 0.04895
196 212 -0.03912
196 213 -0.01737
196 214 -0.05972
196 215 0.05519
196 216 0.05656
196 217 -0.00845
196 218 0.03815
196 219 0.01692
196 220 -0.01676
196 221 -0.07343
196 222 0.01058
196 223 -0.01577
196 224 -0.03877
196 225 0.0665
196 226 0.02183
196 227 -0.07173
196 228 0.02936
196 229 0.03998
196 230 0.00399
196 231 -0.02244
196 232 -0.00173
196 233 0.07625
196 234 0.08648
196 235 0.07214
196 236 0.00325
196 237 -0.15331
196 238 0.01048
196 239 -0.08828
196 240 -0.08523
196 241 0.01451
196 242 0.09616
196 243 0.04297
196 244 0.01139
196 245 0.02056
196 246 0.01331
196 247 -0.10082
196 248 0.07008
196 249 0.0238
196 250 -0.04458
196 251 -0.0347
196 252 -0.03109
196 253 0.02737
196 254 0.01541
196 255 0.12054
196 256 -0.04991
196 257 -0.01127
196 258 -0.04008
196 259 -0.10761
196 260 0.03779
196 261 0.00841
196 262 0.03852
196 263 -0.06618
196 264 0.05455
196 265 0.06049
196 266 -0.08462
196 267 -0.08261
196 268 -0.06074
196 269 -0.09035
196 270 -0.03994
196 271 -0.06876
196 272 -0.00676
196 273 0.04076
196 274 0.01381
196 275 0.0275
196 276 0.0638
196 277 -0.02934
196 278 0.00793
196 279 -0.15923
196 280 -0.02074
196 281 -0.04876
196 282 0.01943
196 283 -0.09654
196 284 0.17067
196 285 -0.07301
196 286 -0.05342
196 287 0.09433
196 288 0.06249
196 289 -0.04798
196 290 0.07652
196 291 0.04822
196 292 -0.09305
196 293 -0.15103
196 294 -0.00035
196 295 0.08879
196 296 -0.05994
196 297 -0.0177
196 298 -0.03236
196 299 0.04998
197 198 -0.0083
197 199 -0.08122
197 200 0.175
197 201 -0.02148
197 202 0.07558
197 203 -0.02612
197 204 -0.0243
197 205 -0.01559
197 206 -0.01727
197 207 -0.04284
197 208 0.02781
197 209 0.01162
197 210 0.0065
197 211 -0.0109
197 212 -0.02864
197 213 0.04466
197 214 0.03217
197 215 -0.0348
197 216 -0.03664
197 217 0.07531
197 218 -0.03215
197 219 -0.11249
197 220 0.02537
197 221 -0.05479
197 222 -0.00173
197 223 -0.12414
197 224 0.02994
197 225 -0.03911
197 226 -0.05909
197 227 -0.02012
197 228 -0.00713
197 229 0.05532
197 230 0.01596
197 231 -0.0616
197 232 -0.01247
197 233 0.05622
197 234 -0.03438
197 235 -0.01618
197 236 -0.12331
197 237 -0.00518
197 238 0.00429
197 239 -0.03487
197 240 0.09145
197 241 0.10834
197 242 0.07858
197 243 -0.11203
197 244 0.02494
197 245 0.0581
197 246 -0.02751
197 247 -0.00548
197 248 -0.01769
197 249 -0.04865
197 250 -0.03885
197 251 -0.02724
197 252 0.04258
197 253 -0.02144
197 254 -0.1545
197 255 0.02745
197 256 0.01913
197 257 -0.08852
197 258 0.06986
197 259 0.07395
197 260 -0.00489
197 261 -0.03243
197 262 0.03569
197 263 -0.03328
197 264 0.06272
197 265 -0.04312
197 266 0.07816
197 267 0.09316
197 268 0.08688
197 269 -0.00251
197 270 0.03593
197 271 -0.02353
197 272 -0.13179
197 273 0.01263
197 274 0.0646
197 275 0.07535
197 276 0.05897
197 277 0.02275
197 278 -0.03963
197 279 0.06544
197 280 -0.02175
197 281 -0.05677
197 282 -0.04476
197 283 0.07938
197 284 -0.08566
197 285 0.014
197 286 -0.08688
197 287 0.00328
197 288 0.02328
197 289 0.01137
197 290 -0.04363
197 291 0.10672
197 292 0.13078
197 293 0.02837
197 294 -0.06272
197 295 -0.01002
197 296 0.14139
197 297 0.09534
197 298 -0.05152
197 299 -0.09393
198 199 -0.12372
198 200 0.02256
198 201 0.10022
198 202 -0.03339
198 203 0.0294
198 204 0.08921
198 205 -0.03118
198 206 0.03159
198 207 -0.01926
198 208 0.05245
198 209 0.04726
198 210 -0.00791
198 211 -0.00741
198 212 0.06655
198 213 -0.20484
198 214 -0.00184
198 215 0.00621
198 216 0.14572
198 217 0.06403
198 218 0.01364
198 219 0.03292
198 220 -0.09746
198 221 0.00027
198 222 0.03143
198 223 0.08755
198 224 0.09219
198 225 0.09243
198 226 -0.03493
198 227 -0.06568
198 228 0.11361
198 229 -0.04396
198 230 -0.07809
198 231 -0.02667
198 232 -0.02428
198 233 -0.06365
198 234 -0.02384
198 235 -0.0316
198 236 0.03622
198 237 -0.10559
198 238 -0.05662
198 239 -0.01021
198 240 0.00649
198 241 0.04441
198 242 -0.04328
198 243 -0.05922
198 244 0.01618
198 245 -0.01733
198 246 0.05501
198 247 -0.03189
198 248 0.00916
198 249 0.04875
198 250 0.00611
198 251 -0.09261
198 252 0.02879
198 253 0.10555
198 254 0.01747
198 255 0.01917
198 256 0.00893
198 257 0.02984
198 258 -0.0147
198 259 0.16083
198 260 0.05388
198 261 0.09557
198 262 0.00094
198 263 -0.03458
198 264 -0.001
198 265 0.01741
198 266 0.02119
198 267 -0.06199
198 268 -0.05436
198 269 -0.06151
198 270 0.04844
198 271 0.10826
198 272 -0.15736
198 273 0.09061
198 274 -0.05109
198 275 -0.03101
198 276 0.00895
198 277 0.0545
198 278 -0.01664
198 279 -0.01831
198 280 -0.02318
198 281 0.0864
198 282 0.05525
198 283 -0.03258
198 284 -0.01385
198 285 -0.01763
198 286 -0.04972
198 287 0.00074
198 288 -0.07441
198 289 0.02475
198 290 -0.0977
198 291 0.00993
198 292 -0.02153
198 293 -0.04395
198 294 -0.01134
198 295 -0.01765
198 296 0.03325
198 297 -0.02338
198 298 -0.08897
198 299 0.04358
199 200 -0.12577
199 201 0.02378
199 202 0.02153
199 203 0.10031
199 204 0.025
199 205 0.02443
199 206 0.02589
199 207 0.02033
199 208 -0.03788
199 209 0.06924
199 210 -0.07087
199 211 0.01116
199 212 0.05497
199 213 -0.05142
199 214 0.05296
199 215 0.07123
199 216 0.03139
199 217 0.06698
199 218 0.16498
199 219 0.00049
199 220 -0.01003
199 221 -0.01046
199 222 0.01997
199 223 0.01829
199 224 -0.00429
199 225 -0.01823
199 226 -0.06632
199 227 -0.00271
199 228 -0.02237
199 229 -0.06944
199 230 -0.06003
199 231 0.11148
199 232 0.01483
199 233 -0.01094
199 234 -0.04622
199 235 -0.04973
199 236 0.01475
199 237 -0.01246
199 238 -0.02363
199 239 -0.11282
199 240 0.01862
199 241 0.04243
199 242 0.05821
199 243 0.05661
199 244 0.09299
199 245 0.00169
199 246 0.02146
199 247 -0.02081
199 248 -0.03778
199 249 -0.01178
199 250 0.11735
199 251 -0.00499
199 252 -0.00039
199 253 0.08836
199 254 0.03076
199 255 0.03336
199 256 0.03155
199 257 0.02498
199 258 0.08626
199 259 -0.00507
199 260 -0.03821
199 261 0.09792
199 262 -0.11203
199 263 0.04471
199 264 -0.12031
199 265 -0.00236
199 266 -0.00906
199 267 -0.07787
199 268 0.02665
199 269 0.08773
199 270 -0.04324
199 271 0.12891
199 272 0.01812
199 273 -0.09872
199 274 0.03175
199 275 0.01456
199 276 -0.12338
199 277 0.06037
199 278 -0.01716
199 279 0.0991
199 280 0.14264
199 281 0.02352
199 282 -0.04027
199 283 0.01332
199 284 0.05249
199 285 -0.10542
199 286 -0.01066
199 287 0.0404
199 288 -0.02957
199 289 -0.0132
199 290 0.06786
199 291 -0.01493
199 292 0.06939
199 293 0.08717
199 294 0.04896
199 295 0.13578
199 296 -0.01805
199 297 0.06264
199 298 -0.02759
199 299 0.02286
200 201 0.12049
200 202 0.02373
200 203 -0.03115
200 204 -0.05895
200 205 -0.05145
200 206 0.03446
200 207 0.00799
200 208 0.03588
200 209 0.03077
200 210 -0.03547
200 211 0.022
200 212 0.06254
200 213 -0.10312
200 214 0.00591
200 215 0.0045
200 216 -0.06767
200 217 0.09399
200 218 -0.00099
200 219 0.03539
200 220 -0.0334
200 221 -0.05533
200 222 0.04269
200 223 -0.07624
200 224 0.12782
200 225 -0.02925
200 226 -0.0026
200 227 -0.02639
200 228 0.0285
200 229 -0.03979
200 230 -0.00183
200 231 -0.10967
200 232 -0.05856
200 233 -0.10917
200 234 -0.03172
200 235 -0.00967
200 236 0.02656
200 237 -0.02208
200 238 -0.03838
200 239 -0.06308
200 240 -0.06707
200 241 -0.06481
200 242 0.00601
200 243 0.05281
200 244 -0.14049
200 245 -0.00409
200 246 -0.05953
200 247 -0.02968
200 248 -0.04555
200 249 0.00861
200 250 0.01181
200 251 0.06708
200 252 -0.06756
200 253 0.00062
200 254 -0.00296
200 255 0.03158
200 256 0.06705
200 257 -0.00714
200 258 -0.14973
200 259 -0.06805
200 260 0.01524
200 261 0.02875
200 262 0.12355
200 263 -0.02615
200 264 -0.03003
200 265 -0.06882
200 266 0.01975
200 267 0.04742
200 268 0.0784
200 269 0.07194
200 270 0.06464
200 271 0.08663
200 272 -0.05176
200 273 0.00508
200 274 -0.10786
200 275 -0.00949
200 276 0.00532
200 277 -0.02242
200 278 0.00475
200 279 -0.01768
200 280 0.00689
200 281 -0.10463
200 282 -0.08358
200 283 -0.11261
200 284 -0.05902
200 285 -0.0292
200 286 -0.06913
200 287 -0.1562
200 288 0.06284
200 289 0.02094
200 290 0.13323
200 291 0.04074
200 292 0.04132
200 293 -0.09323
200 294 0.00379
200 295 0.07438
200 296 -0.08233
200 297 0.03247
200 298 -0.06073
200 299 0.06868
201 202 0.05811
201 203 0.01673
201 204 0.01807
201 205 -0.03357
201 206 0.12035
201 207 0.07102
201 208 0.05986
201 209 -0.09367
201 210 0.04107
201 211 -0.02883
201 212 0.01254
201 213 -0.01668
201 214 -0.05733
201 215 0.12349
201 216 0.09522
201 217 -0.03449
201 218 0.01799
201 219 0.02363
201 220 -0.02036
201 221 0.05299
201 222 0.03768
201 223 0.02292
201 224 0.0263
201 225 0.03447
201 226 0.12743
201 227 -0.01751
201 228 -0.02368
201 229 -0.01494
201 230 0.04379
201 231 -0.01103
201 232 -0.04964
201 233 -0.07635
201 234 0.0203
201 235 -0.02468
201 236 -0.00462
201 237 0.09294
201 238 -0.14793
201 239 -0.00779
201 240 0.05433
201 241 0.0422
201 242 -0.13355
201 243 -0.03155
201 244 0.0967
201 245 -0.0384
201 246 -0.02825
201 247 0.00805
201 248 -0.10557
201 249 -0.03687
201 250 -0.03494
201 251 -0.04334
201 252 -0.01856
201 253 0.06688
201 254 0.02955
201 255 -0.00086
201 256 0.01811
201 257 -0.03512
201 258 -0.01664
201 259 -0.0286
201 260 0.09274
201 261 -0.05436
201 262 -0.03338
201 263 -0.00531
201 264 -0.06683
201 265 0.00718
201 266 0.03982
201 267 -0.00825
201 268 0.00435
201 269 -0.08047
201 270 0.04104
201 271 0.01476
201 272 0.00835
201 273 -0.00246
201 274 0.05738
201 275 0.05434
201 276 -0.01354
201 277 -0.00495
201 278 0.08211
201 279 0.02579
201 280 -0.03883
201 281 -0.04213
201 282 0.02175
201 283 0.02717
201 284 0.00866
201 285 0.01046
201 286 0.13203
201 287 -0.03017
201 288 0.01123
201 289 0.07343
201 290 0.03789
201 291 0.03394
201 292 0.06197
201 293 -0.05625
201 294 -0.05495
201 295 0.04035
201 296 0.01705
201 297 -0.04258
201 298 -0.04303
201 299 0.00413
202 203 -0.09608
202 204 -0.17809
202 205 -0.00662
202 206 -0.01222
202 207 -0.08068
202 208 0.1372
202 209 -0.0848
202 210 0.01041
202 211 -0.05491
202 212 -0.00848
202 213 0.0673
202 214 -0.04476
202 215 -0.10327
202 216 -0.00093
202 217 0.00901
202 218 -0.02236
202 219 0.03647
202 220 0.03319
202 221 0.04705
202 222 0.01153
202 223 -0.17215
202 224 -0.02411
202 225 -0.0391
202 226 0.0356
202 227 -0.02116
202 228 -0.05607
202 229 0.03991
202 230 0.14356
202 231 -0.05511
202 232 -0.07025
202 233 0.00299
202 234 0.02504
202 235 0.05065
202 236 0.04854
202 237 -0.06394
202 238 0.06251
202 239 -0.05507
202 240 -0.0187
202 241 -0.02443
202 242 -0.07022
202 243 -0.04325
202 244 -0.08126
202 245 0.03436
202 246 0.06774
202 247 0.04507
202 248 -0.02984
202 249 0.02452
202 250 -0.06755
202 251 0.05452
202 252 -0.02805
202 253 -0.04715
202 254 0.02895
202 255 -0.08131
202 256 0.07558
202 257 -0.03135
202 258 -0.00231
202 259 0.02121
202 260 0.09567
202 261 -0.00459
202 262 0.09216
202 263 -0.06715
202 264 -0.03963
202 265 0.04482
202 266 -0.02844
202 267 -0.1256
202 268 0.03696
202 269 -0.01446
202 270 -0.03397
202 271 0.04597
202 272 -0.07403
202 273 -0.0154
202 274 0.04129
202 275 -0.0275
202 276 -0.00759
202 277 -0.09389
202 278 0.04249
202 279 0.00536
202 280 -0.0882
202 281 -0.04357
202 282 0.08142
202 283 -0.02879
202 284 0.01987
202 285 0.10121
202 286 -0.04045
202 287 0.08509
202 288 0.02216
202 289 -0.06086
202 290 -0.02942
202 291 -0.02372
202 292 -0.04185
202 293 -0.03375
202 294 -0.02901
202 295 -0.04118
202 296 -0.00275
202 297 -0.06835
202 298 -0.04143
202 299 0.03306
203 204 -0.06238
203 205 0.01832
203 206 -0.04233
203 207 0.00506
203 208 0.03772
203 209 0.04577
203 210 0.05637
203 211 0.06208
203 212 0.03555
203 213 0.05404
203 214 0.08617
203 215 0.00517
203 216 0.02985
203 217 -0.01136
203 218 0.04382
203 219 -0.01448
203 220 0.02879
203 221 -0.03685
203 222 -0.07045
203 223 -0.11137
203 224 -0.03062
203 225 0.00596
203 226 0.01205
203 227 0.03436
203 228 0.04332
203 229 0.0924
203 230 0.04554
203 231 -0.05667
203 232 -0.10095
203 233 -0.14234
203 234 0.06205
203 235 -0.03065
203 236 -0.01042
203 237 -0.00314
203 238 0.05508
203 239 -0.01529
203 240 0.04461
203 241 -0.03047
203 242 0.00098
203 243 0.00359
203 244 0.03771
203 245 0.00302
203 246 0.06389
203 247 -0.02339
203 248 0.13667
203 249 0.11044
203 250 0.08589
203 251 -0.03877
203 252 0.02047
203 253 0.00368
203 254 -0.0226
203 255 -0.01336
203 256 -0.00122
203 257 -0.0412
203 258 -0.00883
203 259 0.09931
203 260 -0.05056
203 261 -0.02949
203 262 0.04746
203 263 0.01427
203 264 0.00529
203 265 0.04018
203 266 0.06154
203 267 -0.01505
203 268 -0.07571
203 269 -0.05804
203 270 0.05364
203 271 0.09886
203 272 0.07986
203 273 -0.00606
203 274 0.14571
203 275 -0.06509
203 276 0.0306
203 277 0.01416
203 278 -0.0254
203 279 -0.05632
203 280 -0.04844
203 281 -0.03921
203 282 -0.01092
203 283 -0.06144
203 284 0.06713
203 285 0.07183
203 286 0.08848
203 287 0.02757
203 288 0.01465
203 289 0.02545
203 290 0.00438
203 291 -0.02391
203 292 0.04464
203 293 0.11283
203 294 0.00731
203 295 -0.00278
203 296 0.01069
203 297 0.06418
203 298 0.02606
203 299 0.02144
204 205 0.02739
204 206 0.04893
204 207 -0.0092
204 208 -0.06981
204 209 0.01654
204 210 0.00962
204 211 -0.00664
204 212 -0.07377
204 213 -0.04834
204 214 -0.0568
204 215 0.01646
204 216 0.01148
204 217 0.03235
204 218 -0.013
204 219 -0.00432
204 220 0.06685
204 221 0.06705
204 222 -0.07549
204 223 -0.0509
204 224 0.0205
204 225 -0.07783
204 226 0.01508
204 227 0.02215
204 228 -0.05132
204 229 0.05707
204 230 0.00407
204 231 -0.0098
204 232 0.03048
204 233 0.03106
204 234 -0.02575
204 235 0.05838
204 236 -0.0607
204 237 -0.05934
204 238 0.09064
204 239 0.07028
204 240 0.03411
204 241 0.04191
204 242 -0.05465
204 243 0.0215
204 244 -0.03707
204 245 0.01842
204 246 0.03329
204 247 -0.00539
204 248 -0.0624
204 249 0.04847
204 250 0.03007
204 251 -0.0048
204 252 0.03378
204 253 -0.09976
204 254 -0.09353
204 255 0.12847
204 256 -0.04464
204 257 -0.05079
204 258 -0.03265
204 259 0.0136
204 260 -0.10473
204 261 -0.01506
204 262 0.01149
204 263 -0.00732
204 264 0.06538
204 265 -0.00601
204 266 0.00231
204 267 0.00002
204 268 0.04613
204 269 -0.09179
204 270 0.03769
204 271 0.14002
204 272 0.03173
204 273 -0.03607
204 274 0.0128
204 275 -0.06073
204 276 -0.02126
204 277 0.02751
204 278 0.06845
204 279 -0.13799
204 280 0.06281
204 281 -0.00041
204 282 0.044
204 283 0.00972
204 284 0.02923
204 285 0.03758
204 286 0.01932
204 287 -0.01025
204 288 -0.05851
204 289 0.01771
204 290 -0.07828
204 291 0.04021
204 292 0.07785
204 293 0.06904
204 294 -0.04696
204 295 -0.05683
204 296 0.02624
204 297 0.01332
204 298 -0.04879
204 299 -0.10167
205 206 -0.08698
205 207 0.01213
205 208 -0.04741
205 209 0.01405
205 210 0.01711
205 211 -0.01229
205 212 0.08248
205 213 0.08836
205 214 -0.11521
205 215 -0.01733
205 216 -0.08984
205 217 -0.0634
205 218 -0.00546
205 219 -0.09334
205 220 -0.06774
205 221 0.04495
205 222 0.02806
205 223 -0.04291
205 224 0.05894
205 225 -0.08053
205 226 -0.08207
205 227 -0.10446
205 228 0.07503
205 229 -0.12843
205 230 -0.13852
205 231 0.03099
205 232 -0.00259
205 233 0.04983
205 234 -0.09253
205 235 -0.03078
205 236 -0.08891
205 237 0.01823
205 238 0.09522
205 239 0.01026
205 240 -0.04582
205 241 0.03018
205 242 0.03991
205 243 -0.03682
205 244 0.05658
205 245 0.02525
205 246 -0.07008
205 247 0.06899
205 248 -0.00754
205 249 -0.0343
205 250 -0.10705
205 251 -0.01055
205 252 -0.01073
205 253 0.08023
205 254 -0.00509
205 255 -0.05355
205 256 -0.03252
205 257 -0.06802
205 258 -0.01943
205 259 -0.01668
205 260 -0.04156
205 261 0.12088
205 262 0.05241
205 263 -0.05829
205 264 -0.04466
205 265 -0.04099
205 266 0.01484
205 267 -0.05107
205 268 -0.10285
205 269 -0.02435
205 270 -0.04038
205 271 -0.00646
205 272 0.01859
205 273 -0.07163
205 274 0.01669
205 275 -0.07373
205 276 -0.1207
205 277 -0.07918
205 278 0.08986
205 279 0.00178
205 280 -0.03867
205 281 0.04183
205 282 -0.029
205 283 -0.11903
205 284 0.06011
205 285 -0.00748
205 286 -0.01718
205 287 -0.0102
205 288 0.02101
205 289 -0.02108
205 290 -0.07742
205 291 0.05488
205 292 -0.00721
205 293 0.14699
205 294 -0.00652
205 295 0.03004
205 296 -0.12105
205 297 -0.00914
205 298 0.05639
205 299 -0.00025
206 207 -0.00497
206 208 -0.06733
206 209 -0.00599
206 210 -0.02319
206 211 0.11282
206 212 -0.01981
206 213 0.02005
206 214 0.01953
206 215 0.0001
206 216 -0.02867
206 217 -0.02051
206 218 -0.03796
206 219 -0.05013
206 220 -0.00395
206 221 0.06606
206 222 0.03162
206 223 -0.01298
206 224 0.04146
206 225 -0.08694
206 226 0.02828
206 227 0.06325
206 228 -0.00967
206 229 -0.01526
206 230 -0.08752
206 231 0.01555
206 232 -0.07892
206 233 0.01816
206 234 -0.02082
206 235 -0.02185
206 236 0.00309
206 237 0.07021
206 238 -0.0268
206 239 -0.01625
206 240 -0.03527
206 241 0.01786
206 242 -0.11923
206 243 -0.13304
206 244 0.01911
206 245 0.03909
206 246 0.03613
206 247 -0.03691
206 248 -0.00552
206 249 -0.02298
206 250 -0.03932
206 251 -0.01168
206 252 -0.02265
206 253 0.12251
206 254 0.08287
206 255 0.01944
206 256 0.09674
206 257 -0.08077
206 258 -0.05674
206 259 -0.07536
206 260 -0.00139
206 261 0.08606
206 262 0.02042
206 263 -0.08714
206 264 0.02884
206 265 -0.02539
206 266 0.02337
206 267 -0.03793
206 268 -0.06006
206 269 0.01814
206 270 -0.0155
206 271 -0.05068
206 272 0.04503
206 273 0.11266
206 274 -0.04066
206 275 -0.02362
206 276 -0.07445
206 277 0.00026
206 278 0.01081
206 279 -0.07871
206 280 0.0017
206 281 0.02962
206 282 0.01231
206 283 0.02716
206 284 0.04153
206 285 -0.07524
206 286 0.08124
206 287 0.00505
206 288 0.00724
206 289 0.0122
206 290 0.05551
206 291 -0.03484
206 292 -0.0024
206 293 -0.02313
206 294 -0.02529
206 295 -0.01363
206 296 -0.11679
206 297 -0.00546
206 298 -0.03845
206 299 0.118
207 208 0.07499
207 209 -0.00721
207 210 0.0362
207 211 -0.05159
207 212 -0.09193
207 213 -0.03116
207 214 -0.0322
207 215 -0.021
207 216 -0.01082
207 217 -0.08716
207 218 0.09533
207 219 0.07467
207 220 -0.01619
207 221 -0.01359
207 222 -0.03463
207 223 0.01745
207 224 0.04826
207 225 0.05345
207 226 -0.03824
207 227 0.11553
207 228 0.03323
207 229 0.04184
207 230 0.0725
207 231 0.03355
207 232 -0.08672
207 233 0.05748
207 234 0.02545
207 235 -0.00027
207 236 -0.0094
207 237 -0.05792
207 238 -0.06819
207 239 0.12313
207 240 0.01647
207 241 -0.05564
207 242 -0.09029
207 243 0.00987
207 244 -0.04851
207 245 0.07835
207 246 0.07252
207 247 -0.02847
207 248 -0.04605
207 249 -0.0711
207 250 -0.09062
207 251 0.04383
207 252 0.08873
207 253 -0.09387
207 254 0.00446
207 255 0.06832
207 256 -0.03562
207 257 0.07935
207 258 -0.02366
207 259 0.05745
207 260 -0.0694
207 261 0.00711
207 262 -0.02244
207 263 -0.0049
207 264 0.01423
207 265 -0.03946
207 266 -0.06254
207 267 0.00562
207 268 -0.0118
207 269 0.00463
207 270 -0.09359
207 271 -0.0813
207 272 0.02682
207 273 -0.01135
207 274 0.03932
207 275 0.07927
207 276 -0.02101
207 277 -0.0714
207 278 0.05393
207 279 -0.00184
207 280 0.04102
207 281 -0.0577
207 282 0.03914
207 283 -0.01678
207 284 0.03261
207 285 0.02626
207 286 0.00949
207 287 0.05133
207 288 0.09407
207 289 -0.02614
207 290 0.0245
207 291 0.12263
207 292 0.06683
207 293 -0.03274
207 294 0.00911
207 295 0.11866
207 296 -0.04595
207 297 -0.06124
207 298 0.0123
207 299 0.06347
208 209 -0.00691
208 210 0.05961
208 211 -0.03941
208 212 -0.00354
208 213 -0.08712
208 214 -0.00134
208 215 -0.0285
208 216 -0.04841
208 217 -0.11662
208 218 0.0869
208 219 0.06771
208 220 0.07266
208 221 0.0091
208 222 0.00768
208 223 0.10446
208 224 0.03198
208 225 0.02315
208 226 -0.031
208 227 -0.02768
208 228 0.03874
208 229 -0.03739
208 230 0.03277
208 231 0.03824
208 232 -0.02319
208 233 0.01594
208 234 -0.08637
208 235 -0.02827
208 236 0.06151
208 237 -0.02528
208 238 0.03269
208 239 0.07655
208 240 0.01916
208 241 -0.00457
208 242 0.01616
208 243 0.00665
208 244 -0.02923
208 245 -0.04196
208 246 0.06833
208 247 0.08944
208 248 -0.00759
208 249 0.05665
208 250 -0.01078
208 251 -0.02151
208 252 -0.03982
208 253 -0.05677
208 254 -0.12904
208 255 -0.00682
208 256 -0.05377
208 257 -0.02629
208 258 0.05919
208 259 0.06371
208 260 -0.09186
208 261 0.06649
208 262 -0.04573
208 263 -0.08758
208 264 -0.00053
208 265 0.05756
208 266 -0.09083
208 267 0.01755
208 268 0.00101
208 269 0.05498
208 270 0.03297
208 271 -0.0372
208 272 0.06523
208 273 -0.10929
208 274 0.06584
208 275 0.01357
208 276 -0.00346
208 277 0.05242
208 278 -0.02948
208 279 0.02092
208 280 0.02479
208 281 0.11544
208 282 -0.01068
208 283 0.02497
208 284 0.16113
208 285 0.10328
208 286 0.0918
208 287 0.01091
208 288 0.09883
208 289 -0.05277
208 290 -0.04835
208 291 0.00843
208 292 -0.01028
208 293 -0.05447
208 294 0.0258
208 295 -0.029
208 296 0.00817
208 297 -0.01009
208 298 -0.02518
208 299 -0.05341
209 210 -0.03916
209 211 0.11373
209 212 0.02892
209 213 0.02722
209 214 -0.03994
209 215 -0.02252
209 216 -0.04151
209 217 -0.04973
209 218 0.01966
209 219 -0.01659
209 220 -0.00999
209 221 -0.00662
209 222 0.10204
209 223 -0.00166
209 224 0.0038
209 225 0.023
209 226 0.03003
209 227 -0.03508
209 228 0.14058
209 229 0.10171
209 230 -0.08535
209 231 -0.05819
209 232 0.09194
209 233 -0.14085
209 234 -0.05281
209 235 -0.01293
209 236 -0.01691
209 237 0.05209
209 238 -0.02469
209 239 -0.07906
209 240 0.07781
209 241 -0.12607
209 242 -0.04035
209 243 0.00117
209 244 0.07687
209 245 0.02203
209 246 0.08615
209 247 -0.03352
209 248 -0.047
209 249 -0.02978
209 250 0.07877
209 251 -0.02313
209 252 0.0619
209 253 0.03907
209 254 0.02947
209 255 -0.01492
209 256 -0.02915
209 257 0.09284
209 258 -0.03783
209 259 0.14973
209 260 0.03331
209 261 0.03814
209 262 0.00592
209 263 0.03438
209 264 -0.04014
209 265 -0.00828
209 266 -0.00615
209 267 -0.06774
209 268 0.04582
209 269 -0.16517
209 270 0.03552
209 271 0.0202
209 272 0.04028
209 273 -0.05786
209 274 0.04574
209 275 0.00171
209 276 0.09046
209 277 0.06803
209 278 -0.12372
209 279 0.01907
209 280 0.04983
209 281 0.00707
209 282 -0.01385
209 283 -0.01585
209 284 -0.03774
209 285 -0.02315
209 286 0.03332
209 287 0.00325
209 288 -0.03935
209 289 0.08525
209 290 -0.03247
209 291 -0.0826
209 292 0.16871
209 293 -0.02722
209 294 -0.05748
209 295 -0.08848
209 296 -0.09549
209 297 -0.03925
209 298 -0.0581
209 299 -0.02497
210 211 0.00928
210 212 -0.06818
210 213 0.06588
210 214 -0.1164
210 215 0.01944
210 216 0.02608
210 217 0.05012
210 218 0.02685
210 219 0.02154
210 220 0.00034
210 221 0.07806
210 222 -0.0175
210 223 0.05352
210 224 0.02173
210 225 0.02541
210 226 -0.09287
210 227 -0.02074
210 228 -0.08926
210 229 0.04508
210 230 0.01685
210 231 -0.08608
210 232 0.01925
210 233 0.11087
210 234 -0.05798
210 235 0.06155
210 236 -0.09231
210 237 0.03165
210 238 -0.04083
210 239 0.09368
210 240 0.01722
210 241 -0.0931
210 242 -0.04886
210 243 0.1042
210 244 -0.01617
210 245 -0.00223
210 246 -0.0108
210 247 -0.01652
210 248 0.03438
210 249 -0.07124
210 250 -0.04818
210 251 -0.08046
210 252 0.04117
210 253 0.06911
210 254 -0.04585
210 255 -0.04795
210 256 -0.00799
210 257 -0.11399
210 258 -0.06874
210 259 0.02234
210 260 -0.05779
210 261 0.07785
210 262 -0.04498
210 263 -0.03723
210 264 0.02427
210 265 0.02159
210 266 -0.00299
210 267 0.0757
210 268 0.06685
210 269 -0.00349
210 270 -0.06459
210 271 0.02264
210 272 -0.02357
210 273 0.00893
210 274 -0.09125
210 275 0.0188
210 276 0.00162
210 277 0.01333
210 278 -0.09659
210 279 0.09908
210 280 0.01413
210 281 -0.02276
210 282 -0.03196
210 283 0.03599
210 284 0.17487
210 285 0.02215
210 286 0.04765
210 287 0.01942
210 288 -0.04621
210 289 0.09004
210 290 -0.0206
210 291 0.01572
210 292 0.00364
210 293 -0.05521
210 294 0.11029
210 295 -0.01739
210 296 -0.00636
210 297 -0.14849
210 298 -0.03336
210 299 -0.08942
211 212 -0.04889
211 213 0.03068
211 214 0.00499
211 215 0.08942
211 216 0.04227
211 217 -0.01473
211 218 0.0246
211 219 0.08692
211 220 -0.00783
211 221 -0.01946
211 222 0.02865
211 223 -0.06023
211 224 -0.04181
211 225 -0.04097
211 226 0.03499
211 227 0.02177
211 228 -0.01641
211 229 0.00724
211 230 0.04878
211 231 -0.089
211 232 -0.05698
211 233 -0.02729
211 234 -0.00029
211 235 -0.05032
211 236 -0.01804
211 237 0.00127
211 238 0.05709
211 239 0.07185
211 240 0.01871
211 241 -0.03721
211 242 0.06616
211 243 0.07926
211 244 0.10829
211 245 -0.00896
211 246 0.0326
211 247 -0.03811
211 248 -0.04526
211 249 0.02671
211 250 0.0057
211 251 -0.09556
211 252 -0.02584
211 253 -0.04649
211 254 0.048
211 255 0.01988
211 256 0.08398
211 257 0.06389
211 258 -0.00051
211 259 -0.01919
211 260 0.08173
211 261 0.00267
211 262 -0.01163
211 263 0.06669
211 264 -0.03036
211 265 -0.00546
211 266 0.09256
211 267 -0.00399
211 268 0.04165
211 269 -0.00324
211 270 -0.02492
211 271 0.05318
211 272 -0.07834
211 273 0.01032
211 274 -0.00622
211 275 -0.01818
211 276 -0.02489
211 277 -0.03191
211 278 0.04571
211 279 -0.00109
211 280 0.02108
211 281 0.14554
211 282 -0.05218
211 283 0.0106
211 284 0.04555
211 285 0.06022
211 286 0.00135
211 287 0.03752
211 288 0.03697
211 289 -0.04971
211 290 0.0637
211 291 -0.02472
211 292 0.09774
211 293 -0.04329
211 294 0.05936
211 295 -0.03227
211 296 -0.0669
211 297 0.01712
211 298 0.00084
211 299 -0.02266
212 213 -0.09816
212 214 -0.0242
212 215 0.0473
212 216 -0.04193
212 217 -0.06221
212 218 0.03238
212 219 -0.08343
212 220 0.06807
212 221 0.01177
212 222 0.0055
212 223 0.02677
212 224 -0.00439
212 225 0.01674
212 226 0.00233
212 227 0.01647
212 228 0.01052
212 229 -0.10324
212 230 -0.05793
212 231 0.01632
212 232 -0.02944
212 233 -0.10595
212 234 -0.01003
212 235 0.02458
212 236 0.02946
212 237 -0.11542
212 238 0.10371
212 239 0.02258
212 240 0.06081
212 241 -0.05812
212 242 -0.0654
212 243 -0.06811
212 244 -0.05386
212 245 -0.0195
212 246 -0.11124
212 247 0.00821
212 248 0.10864
212 249 0.04313
212 250 0.00877
212 251 0.05282
212 252 0.02229
212 253 -0.06999
212 254 0.01672
212 255 -0.03032
212 256 0.02939
212 257 0.00385
212 258 0.06697
212 259 0.04117
212 260 0.07329
212 261 -0.0316
212 262 -0.0251
212 263 -0.07643
212 264 0.04181
212 265 -0.04405
212 266 -0.06334
212 267 -0.05749
212 268 -0.05787
212 269 -0.00674
212 270 -0.03562
212 271 0.05423
212 272 0.07055
212 273 -0.07135
212 274 0.02218
212 275 0.06218
212 276 0.04076
212 277 -0.04305
212 278 0.0868
212 279 -0.02338
212 280 0.11245
212 281 0.01613
212 282 0.07883
212 283 -0.00403
212 284 -0.04773
212 285 -0.04494
212 286 -0.04532
212 287 -0.0894
212 288 -0.02304
212 289 0.00272
212 290 -0.02552
212 291 0.03892
212 292 0.00971
212 293 -0.10262
212 294 -0.09841
212 295 -0.05072
212 296 0.08121
212 297 0.02585
212 298 -0.05251
212 299 -0.00517
213 214 0.04006
213 215 0.07576
213 216 0.03073
213 217 -0.10833
213 218 0.05058
213 219 0.05958
213 220 0.1144
213 221 0.08168
213 222 -0.00805
213 223 0.05006
213 224 0.02123
213 225 -0.02411
213 226 0.05908
213 227 0.01157
213 228 0.05377
213 229 0.04627
213 230 -0.00199
213 231 0.08854
213 232 -0.01556
213 233 0.03318
213 234 -0.03686
213 235 -0.06715
213 236 0.03234
213 237 -0.13354
213 238 -0.00573
213 239 0.0335
213 240 -0.09675
213 241 0.00782
213 242 0.00201
213 243 -0.03318
213 244 0.03518
213 245 -0.04949
213 246 -0.07933
213 247 -0.03735
213 248 -0.00245
213 249 0.03378
213 250 0.04318
213 251 0.06366
213 252 0.11979
213 253 -0.02989
213 254 0.02756
213 255 -0.10186
213 256 0.09831
213 257 -0.00019
213 258 -0.06447
213 259 -0.0342
213 260 0.04372
213 261 -0.05933
213 262 0.01444
213 263 -0.02117
213 264 -0.05229
213 265 0.02874
213 266 0.03526
213 267 0.01776
213 268 0.04656
213 269 0.00729
213 270 0.0692
213 271 0.05248
213 272 0.09917
213 273 -0.13026
213 274 0.04778
213 275 0.01144
213 276 0.02967
213 277 0.05081
213 278 -0.08877
213 279 -0.00205
213 280 0.09244
213 281 -0.06037
213 282 0.05254
213 283 -0.13181
213 284 -0.02682
213 285 -0.10884
213 286 -0.04284
213 287 -0.02951
213 288 -0.00892
213 289 0.08087
213 290 0.13005
213 291 -0.05617
213 292 0.00633
213 293 0.02198
213 294 -0.05945
213 295 0.06813
213 296 -0.07777
213 297 0.01194
213 298 0.08027
213 299 -0.01249
214 215 0.00806
214 216 0.07656
214 217 0.07872
214 218 0.05948
214 219 -0.0485
214 220 -0.01996
214 221 -0.07401
214 222 -0.07521
214 223 0.05078
214 224 0.07736
214 225 0.0568
214 226 0.02435
214 227 0.116
214 228 0.08379
214 229 -0.02065
214 230 -0.07918
214 231 -0.12122
214 232 -0.03829
214 233 0.03664
214 234 -0.0829
214 235 -0.10041
214 236 0.02943
214 237 0.03482
214 238 -0.08515
214 239 0.11606
214 240 0.04679
214 241 0.0539
214 242 -0.04696
214 243 0.01735
214 244 -0.07003
214 245 0.02404
214 246 -0.05937
214 247 -0.04527
214 248 0.0758
214 249 -0.11391
214 250 -0.02973
214 251 -0.01331
214 252 0.02673
214 253 -0.04196
214 254 0.05637
214 255 0.02993
214 256 -0.06369
214 257 0.12603
214 258 -0.03169
214 259 -0.0403
214 260 -0.05722
214 261 0.05562
214 262 0.07253
214 263 0.07053
214 264 0.01896
214 265 0.02327
214 266 -0.01037
214 267 -0.01363
214 268 -0.02208
214 269 -0.06087
214 270 0.01997
214 271 0.12318
214 272 0.04837
214 273 -0.12215
214 274 0.03663
214 275 -0.00689
214 276 -0.01092
214 277 -0.05494
214 278 0.03225
214 279 0.04834
214 280 0.03923
214 281 0.0168
214 282 -0.15526
214 283 -0.06964
214 284 -0.00516
214 285 -0.07448
214 286 -0.04683
214 287 0.01328
214 288 -0.03986
214 289 0.00172
214 290 0.0921
214 291 -0.06123
214 292 -0.1043
214 293 -0.05188
214 294 0.0836
214 295 0.05972
214 296 0.0348
214 297 0.04751
214 298 0.01793
214 299 -0.0682
215 216 -0.01975
215 217 0.02515
215 218 -0.02472
215 219 -0.05142
215 220 0.04674
215 221 -0.0527
215 222 0.00757
215 223 -0.02557
215 224 0.00446
215 225 -0.0309
215 226 0.10178
215 227 -0.05929
215 228 -0.08494
215 229 -0.06673
215 230 -0.10387
215 231 0.10731
215 232 -0.0185
215 233 0.04006
215 234 -0.0333
215 235 0.04176
215 236 0.14917
215 237 0.12086
215 238 0.11953
215 239 0.09812
215 240 0.00257
215 241 -0.00857
215 242 0.0761
215 243 0.01408
215 244 -0.03015
215 245 0.04775
215 246 -0.07503
215 247 0.04792
215 248 0.02602
215 249 0.10022
215 250 0.05093
215 251 -0.06723
215 252 0.01308
215 253 -0.02147
215 254 0.0381
215 255 -0.0629
215 256 0.05704
215 257 0.02868
215 258 0.06377
215 259 0.06261
215 260 -0.02131
215 261 -0.03277
215 262 0.06058
215 263 0.08092
215 264 0.03579
215 265 -0.04868
215 266 -0.00849
215 267 -0.04234
215 268 0.03075
215 269 -0.01651
215 270 0.02279
215 271 0.02575
215 272 0.03104
215 273 -0.0599
215 274 -0.12011
215 275 0.02797
215 276 0.11625
215 277 0.04641
215 278 -0.02262
215 279 0.05379
215 280 0.04406
215 281 -0.11825
215 282 -0.00373
215 283 0.04357
215 284 0.04482
215 285 0.06191
215 286 -0.02076
215 287 -0.00142
215 288 -0.04817
215 289 0.00223
215 290 0.01813
215 291 0.04041
215 292 0.00305
215 293 0.02121
215 294 -0.01203
215 295 -0.03984
215 296 0.02984
215 297 0.06149
215 298 -0.01052
215 299 0.04235
216 217 0.01378
216 218 0.03137
216 219 -0.01955
216 220 0.0185
216 221 0.0359
216 222 0.07822
216 223 -0.02477
216 224 -0.1311
216 225 -0.07324
216 226 -0.04191
216 227 -0.13877
216 228 -0.00753
216 229 0.0093
216 230 0.05864
216 231 -0.07095
216 232 0.05448
216 233 0.09206
216 234 0.0136
216 235 -0.01834
216 236 -0.03365
216 237 0.03523
216 238 -0.01898
216 239 -0.00345
216 240 -0.03301
216 241 0.00457
216 242 0.01537
216 243 0.10887
216 244 -0.03899
216 245 0.1217
216 246 -0.04884
216 247 0.1311
216 248 0.02538
216 249 0.00973
216 250 0.03277
216 251 -0.05643
216 252 -0.00461
216 253 -0.00233
216 254 0.01356
216 255 0.02572
216 256 0.10075
216 257 0.08776
216 258 -0.05215
216 259 -0.06212
216 260 -0.15888
216 261 -0.12069
216 262 -0.08536
216 263 -0.01246
216 264 -0.09692
216 265 -0.02814
216 266 0.02966
216 267 0.07983
216 268 0.02042
216 269 0.03778
216 270 -0.04978
216 271 0.01439
216 272 -0.09315
216 273 -0.01022
216 274 -0.05054
216 275 -0.06271
216 276 -0.01857
216 277 0.01306
216 278 -0.05347
216 279 -0.03406
216 280 -0.03452
216 281 -0.06146
216 282 -0.12639
216 283 -0.03262
216 284 -0.06958
216 285 -0.00484
216 286 -0.07417
216 287 -0.06311
216 288 -0.01432
216 289 -0.02536
216 290 -0.00269
216 291 -0.08115
216 292 -0.04075
216 293 -0.08892
216 294 -0.02134
216 295 -0.07005
216 296 0.07045
216 297 0.01618
216 298 0.03196
216 299 -0.07108
217 218 0.13039
217 219 0.02159
217 220 -0.05039
217 221 0.09738
217 222 -0.03651
217 223 0.09531
217 224 -0.01919
217 225 -0.00509
217 226 0.01602
217 227 -0.09943
217 228 0.04605
217 229 -0.09702
217 230 -0.00517
217 231 0.01433
217 232 0.07745
217 233 -0.04328
217 234 0.02938
217 235 -0.05337
217 236 0.06062
217 237 0.00545
217 238 -0.03221
217 239 -0.04054
217 240 0.13925
217 241 -0.01331
217 242 0.09007
217 243 0.00292
217 244 -0.01665
217 245 0.05448
217 246 -0.01273
217 247 0.06662
217 248 0.02465
217 249 0.0662
217 250 0.1086
217 251 -0.04979
217 252 0.04912
217 253 0.00708
217 254 -0.07596
217 255 -0.01685
217 256 0.05248
217 257 -0.00936
217 258 0.00806
217 259 -0.01203
217 260 -0.06618
217 261 -0.07324
217 262 -0.0133
217 263 -0.01318
217 264 -0.02499
217 265 -0.02921
217 266 0.01949
217 267 -0.08229
217 268 0.06857
217 269 -0.03038
217 270 -0.04085
217 271 0.0321
217 272 -0.01338
217 273 -0.00522
217 274 -0.06348
217 275 -0.05797
217 276 -0.07939
217 277 -0.03305
217 278 0.07687
217 279 -0.00741
217 280 -0.08234
217 281 -0.04869
217 282 -0.07506
217 283 0.07317
217 284 0.01684
217 285 0.08159
217 286 0.00359
217 287 0.02523
217 288 -0.01192
217 289 -0.01608
217 290 0.10623
217 291 -0.00898
217 292 -0.06663
217 293 0.0231
217 294 0.03549
217 295 0.07712
217 296 -0.00992
217 297 -0.02683
217 298 0.05217
217 299 0.048
218 219 0.05033
218 220 -0.01571
218 221 0.05593
218 222 0.08729
218 223 0.05525
218 224 0.00541
218 225 0.01595
218 226 -0.15267
218 227 0.00713
218 228 -0.0692
218 229 0.02274
218 230 -0.04053
218 231 -0.03166
218 232 -0.01871
218 233 0.06019
218 234 0.03456
218 235 -0.14288
218 236 0.0981
218 237 0.09931
218 238 0.01595
218 239 -0.07293
218 240 0.03434
218 241 0.02757
218 242 -0.0097
218 243 0.00808
218 244 -0.01586
218 245 0.00581
218 246 -0.05707
218 247 -0.04033
218 248 -0.00982
218 249 -0.05655
218 250 -0.00208
218 251 -0.07161
218 252 -0.01118
218 253 0.00182
218 254 -0.05132
218 255 0.07517
218 256 0.00086
218 257 0.02036
218 258 -0.04647
218 259 0.03906
218 260 0.0515
218 261 0.03135
218 262 -0.00337
218 263 0.04563
218 264 -0.02187
218 265 -0.03235
218 266 0.02504
218 267 -0.05404
218 268 0.04714
218 269 -0.00236
218 270 -0.04293
218 271 0.00614
218 272 0.14899
218 273 -0.06359
218 274 -0.02592
218 275 0.03168
218 276 -0.12394
218 277 -0.04293
218 278 0.17802
218 279 0.00876
218 280 -0.00479
218 281 -0.03284
218 282 0.03145
218 283 0.03175
218 284 0.02413
218 285 -0.04404
218 286 -0.04194
218 287 0.06067
218 288 0.00029
218 289 0.09119
218 290 0.0971
218 291 -0.03242
218 292 -0.02108
218 293 -0.07012
218 294 0.03184
218 295 0.01254
218 296 -0.01335
218 297 0.05464
218 298 0.02403
218 299 0.01964
219 220 -0.05578
219 221 -0.05434
219 222 -0.07532
219 223 0.03294
219 224 0.00034
219 225 -0.0329
219 226 -0.16015
219 227 0.09228
219 228 0.06678
219 229 -0.02414
219 230 0.03758
219 231 -0.0019
219 232 -0.07569
219 233 0.08624
219 234 -0.14635
219 235 -0.12802
219 236 0.07574
219 237 0.09543
219 238 0.11508
219 239 -0.05725
219 240 -0.11006
219 241 -0.07207
219 242 0.05835
219 243 -0.16294
219 244 -0.07046
219 245 -0.03374
219 246 -0.00243
219 247 0.07072
219 248 0.03127
219 249 -0.01663
219 250 -0.01284
219 251 -0.01767
219 252 -0.02884
219 253 -0.03638
219 254 -0.01709
219 255 0.06764
219 256 0.05982
219 257 -0.06976
219 258 0.07567
219 259 -0.11488
219 260 -0.07516
219 261 -0.16307
219 262 -0.01661
219 263 0.11262
219 264 0.02981
219 265 0.05354
219 266 -0.01964
219 267 0.02673
219 268 -0.01646
219 269 -0.04269
219 270 0.02416
219 271 0.00234
219 272 -0.15683
219 273 -0.04359
219 274 -0.05868
219 275 0.02066
219 276 -0.04787
219 277 0.03825
219 278 0.05787
219 279 0.1188
219 280 0.04465
219 281 0.06507
219 282 -0.05937
219 283 0.08492
219 284 -0.04548
219 285 0.04547
219 286 0.01654
219 287 -0.04826
219 288 0.04594
219 289 0.03477
219 290 0.09707
219 291 -0.01793
219 292 -0.08709
219 293 0.0675
219 294 0.01945
219 295 -0.10029
219 296 0.00584
219 297 -0.0258
219 298 -0.04391
219 299 -0.09038
220 221 -0.08748
220 222 0.03947
220 223 0.09016
220 224 0.03725
220 225 0.11211
220 226 -0.09319
220 227 -0.0755
220 228 0.0686
220 229 0.04199
220 230 -0.04432
220 231 -0.01692
220 232 -0.01235
220 233 0.00075
220 234 -0.01515
220 235 0.05482
220 236 -0.01046
220 237 -0.00582
220 238 0.01743
220 239 0.0522
220 240 -0.05993
220 241 0.0167
220 242 -0.00137
220 243 0.03556
220 244 -0.03384
220 245 0.0686
220 246 -0.02399
220 247 -0.09715
220 248 0.03428
220 249 -0.06504
220 250 -0.04298
220 251 -0.06555
220 252 -0.09906
220 253 0.02947
220 254 -0.09274
220 255 0.0414
220 256 -0.06222
220 257 0.02
220 258 0.02695
220 259 -0.02442
220 260 0.04424
220 261 -0.05919
220 262 -0.03875
220 263 0.09399
220 264 0.08418
220 265 0.04827
220 266 0.05755
220 267 0.06193
220 268 0.01935
220 269 -0.02408
220 270 0.00494
220 271 0.04454
220 272 0.04308
220 273 0.00313
220 274 -0.02479
220 275 0.05596
220 276 0.00744
220 277 0.00169
220 278 -0.03197
220 279 -0.04712
220 280 0.10994
220 281 0.08005
220 282 -0.12131
220 283 0.08343
220 284 0.07588
220 285 0.05199
220 286 0.00851
220 287 -0.07895
220 288 0.03718
220 289 0.0777
220 290 0.01789
220 291 -0.06221
220 292 -0.07084
220 293 -0.02064
220 294 0.03517
220 295 -0.03689
220 296 0.0325
220 297 0.13592
220 298 -0.03345
220 299 -0.01789
221 222 -0.04304
221 223 -0.05694
221 224 0.00503
221 225 -0.03059
221 226 0.01351
221 227 0.02206
221 228 0.0907
221 229 0.00471
221 230 -0.02847
221 231 0.1625
221 232 0.02532
221 233 -0.05547
221 234 0.07486
221 235 0.08677
221 236 0.0671
221 237 0.03665
221 238 -0.10376
221 239 0.07094
221 240 0.05675
221 241 0.08623
221 242 0.01451
221 243 -0.017
221 244 0.00713
221 245 -0.00315
221 246 0.00852
221 247 0.04683
221 248 0.03121
221 249 -0.04439
221 250 0.04437
221 251 0.05656
221 252 0.02341
221 253 -0.03377
221 254 0.00703
221 255 0.00675
221 256 -0.06805
221 257 -0.04533
221 258 -0.01181
221 259 0.059
221 260 -0.06754
221 261 -0.02276
221 262 -0.04897
221 263 0.00823
221 264 -0.13112
221 265 0.07632
221 266 0.02344
221 267 0.08819
221 268 0.00992
221 269 -0.11245
221 270 0.04376
221 271 -0.01996
221 272 0.04826
221 273 0.03097
221 274 0.03247
221 275 0.12406
221 276 -0.02066
221 277 0.02984
221 278 -0.00746
221 279 0.01869
221 280 -0.03659
221 281 -0.02543
221 282 -0.03367
221 283 -0.03329
221 284 0.1371
221 285 0.04824
221 286 0.10922
221 287 -0.08849
221 288 0.05822
221 289 0.01253
221 290 -0.00358
221 291 0.10674
221 292 0.08494
221 293 0.10224
221 294 -0.00131
221 295 -0.01636
221 296 -0.0419
221 297 0.03896
221 298 -0.04556
221 299 -0.01078
222 223 0.0017
222 224 0.06938
222 225 0.06078
222 226 0.05644
222 227 -0.1022
222 228 0.1273
222 229 0.01902
222 230 -0.11688
222 231 -0.01668
222 232 -0.07395
222 233 0.05122
222 234 0.06237
222 235 0.09436
222 236 -0.05828
222 237 0.09129
222 238 -0.11806
222 239 -0.00193
222 240 0.02579
222 241 -0.03181
222 242 0.06918
222 243 0.00781
222 244 -0.07604
222 245 0.01498
222 246 0.01134
222 247 -0.02687
222 248 0.02635
222 249 -0.07369
222 250 -0.00168
222 251 0.0357
222 252 0.0377
222 253 -0.01015
222 254 0.09192
222 255 -0.00936
222 256 0.03625
222 257 -0.07691
222 258 -0.03613
222 259 0.10045
222 260 -0.0071
222 261 0.01139
222 262 -0.00002
222 263 0.0019
222 264 0.04576
222 265 0.04254
222 266 0.00906
222 267 0.05604
222 268 -0.03222
222 269 0.03075
222 270 -0.00189
222 271 0.05787
222 272 0.06923
222 273 0.02177
222 274 -0.0146
222 275 -0.13711
222 276 -0.03474
222 277 -0.03104
222 278 0.12268
222 279 -0.01853
222 280 -0.08688
222 281 -0.03278
222 282 0.08774
222 283 -0.03234
222 284 0.00297
222 285 0.04744
222 286 -0.13288
222 287 -0.02299
222 288 0.03297
222 289 -0.01027
222 290 0.05318
222 291 0.0194
222 292 0.03763
222 293 -0.11223
222 294 -0.0918
222 295 -0.046
222 296 -0.03536
222 297 0.06609
222 298 0.00937
222 299 -0.03401
223 224 -0.03743
223 225 -0.08274
223 226 -0.0575
223 227 -0.04613
223 228 -0.09844
223 229 -0.01798
223 230 0.06497
223 231 0.00608
223 232 -0.01099
223 233 0.07725
223 234 0.07532
223 235 -0.00895
223 236 -0.04445
223 237 -0.10594
223 238 -0.06014
223 239 -0.04729
223 240 -0.02034
223 241 -0.01334
223 242 -0.00409
223 243 0.00452
223 244 0.05203
223 245 -0.07331
223 246 -0.13574
223 247 -0.00645
223 248 0.01606
223 249 0.06157
223 250 -0.06186
223 251 0.06998
223 252 -0.09004
223 253 0.05354
223 254 0.03667
223 255 0.01735
223 256 -0.0376
223 257 -0.03137
223 258 0.08698
223 259 -0.10141
223 260 0.04592
223 261 -0.07167
223 262 -0.02898
223 263 0.0163
223 264 0.1219
223 265 -0.09814
223 266 0.00388
223 267 -0.03653
223 268 -0.00204
223 269 0.04674
223 270 0.09361
223 271 0.04075
223 272 -0.04851
223 273 0.09035
223 274 -0.03122
223 275 0.07857
223 276 -0.0436
223 277 -0.05054
223 278 -0.0661
223 279 -0.01316
223 280 -0.06135
223 281 -0.05645
223 282 0.00802
223 283 -0.01907
223 284 0.0003
223 285 0.01482
223 286 0.03343
223 287 -0.04191
223 288 -0.06068
223 289 0.00323
223 290 -0.04626
223 291 0.0281
223 292 -0.10333
223 293 -0.13289
223 294 0.03402
223 295 0.02275
223 296 -0.08742
223 297 -0.03208
223 298 -0.03757
223 299 0.03697
224 225 0.13523
224 226 -0.03872
224 227 -0.04252
224 228 0.1675
224 229 -0.01002
224 230 -0.00076
224 231 0.01337
224 232 0.01828
224 233 0.00551
224 234 0.08829
224 235 0.00483
224 236 -0.05548
224 237 0.02103
224 238 0.0291
224 239 -0.02334
224 240 -0.04801
224 241 -0.00628
224 242 -0.09614
224 243 -0.02363
224 244 -0.01809
224 245 -0.00682
224 246 -0.09212
224 247 0.01377
224 248 0.05205
224 249 -0.03703
224 250 -0.01997
224 251 0.06468
224 252 -0.00287
224 253 -0.03256
224 254 0.07283
224 255 -0.04691
224 256 -0.00723
224 257 -0.02063
224 258 0.016
224 259 0.09175
224 260 0.00878
224 261 -0.01455
224 262 -0.00195
224 263 0.04579
224 264 -0.02407
224 265 0.08663
224 266 0.1113
224 267 -0.04847
224 268 0.1591
224 269 -0.01451
224 270 0.06437
224 271 -0.12544
224 272 0.00421
224 273 0.03349
224 274 0.01127
224 275 -0.13569
224 276 0.0486
224 277 -0.01964
224 278 0.01765
224 279 0.02652
224 280 -0.00342
224 281 0.0046
224 282 -0.03084
224 283 -0.07662
224 284 0.03114
224 285 0.08082
224 286 -0.13509
224 287 -0.1032
224 288 -0.09538
224 289 0.04412
224 290 -0.11826
224 291 -0.02291
224 292 -0.01671
224 293 0.01528
224 294 0.01218
224 295 0.01881
224 296 -0.09557
224 297 0.11493
224 298 -0.04271
224 299 -0.01399
225 226 -0.03861
225 227 -0.02672
225 228 -0.01256
225 229 0.08325
225 230 -0.06328
225 231 0.03616
225 232 0.02269
225 233 -0.05325
225 234 0.0307
225 235 -0.04599
225 236 -0.0389
225 237 0.02147
225 238 0.12909
225 239 0.03959
225 240 -0.05833
225 241 -0.10753
225 242 -0.06724
225 243 0.08861
225 244 0.00596
225 245 -0.13022
225 246 -0.05125
225 247 0.05314
225 248 0.03482
225 249 -0.04772
225 250 -0.05601
225 251 -0.10082
225 252 -0.07723
225 253 -0.03021
225 254 0.02079
225 255 -0.06707
225 256 -0.06361
225 257 -0.00484
225 258 -0.00793
225 259 -0.02614
225 260 -0.0753
225 261 0.03763
225 262 0.06092
225 263 -0.01121
225 264 -0.06513
225 265 -0.02709
225 266 0.04067
225 267 0.01607
225 268 -0.05326
225 269 0.00092
225 270 -0.0493
225 271 -0.02468
225 272 -0.00791
225 273 -0.02128
225 274 -0.09151
225 275 0.11983
225 276 0.04714
225 277 0.00551
225 278 0.01055
225 279 0.03072
225 280 0.03688
225 281 -0.02112
225 282 0.01906
225 283 -0.0686
225 284 -0.00108
225 285 -0.13714
225 286 -0.00363
225 287 0.00777
225 288 -0.04462
225 289 0.07042
225 290 0.04239
225 291 -0.06147
225 292 -0.0427
225 293 -0.04523
225 294 0.00494
225 295 0.0138
225 296 0.0719
225 297 0.04883
225 298 0.05265
225 299 0.07421
226 227 -0.01093
226 228 -0.09407
226 229 0.03516
226 230 0.0089
226 231 0.01311
226 232 0.04165
226 233 0.09337
226 234 -0.04876
226 235 0.03644
226 236 0.07928
226 237 -0.06995
226 238 0.0187
226 239 -0.07262
226 240 0.02142
226 241 -0.03388
226 242 0.05735
226 243 0.0697
226 244 -0.06629
226 245 -0.06884
226 246 -0.04017
226 247 -0.01338
226 248 -0.08607
226 249 0.07773
226 250 0.00446
226 251 0.11165
226 252 0.01464
226 253 0.04709
226 254 -0.00172
226 255 -0.10941
226 256 0.18109
226 257 0.05763
226 258 0.00496
226 259 -0.07232
226 260 -0.02608
226 261 -0.02889
226 262 0.02944
226 263 -0.08204
226 264 -0.04305
226 265 -0.04039
226 266 0.02262
226 267 -0.05934
226 268 0.05865
226 269 -0.13317
226 270 -0.01954
226 271 0.06523
226 272 -0.08453
226 273 0.02562
226 274 0.03903
226 275 -0.02253
226 276 -0.03672
226 277 0.10041
226 278 -0.03561
226 279 -0.0264
226 280 -0.13168
226 281 0.0373
226 282 -0.0684
226 283 -0.11086
226 284 0.0133
226 285 -0.05915
226 286 0.03978
226 287 0.03393
226 288 -0.03265
226 289 -0.05296
226 290 -0.03058
226 291 0.06634
226 292 -0.09238
226 293 0.08126
226 294 -0.08749
226 295 -0.07824
226 296 -0.0091
226 297 -0.09089
226 298 -0.01128
226 299 -0.00317
227 228 -0.05826
227 229 -0.01577
227 230 -0.03938
227 231 -0.1328
227 232 -0.03602
227 233 0.02398
227 234 -0.02329
227 235 0.04891
227 236 -0.1144
227 237 -0.05426
227 238 0.01137
227 239 -0.06523
227 240 -0.03278
227 241 -0.02321
227 242 -0.0666
227 243 0.08431
227 244 0.10055
227 245 0.12881
227 246 -0.01952
227 247 0.03715
227 248 -0.03826
227 249 -0.0975
227 250 0.08449
227 251 0.00229
227 252 -0.02978
227 253 0.01578
227 254 0.06346
227 255 0.05886
227 256 -0.0415
227 257 0.00411
227 258 -0.00811
227 259 0.00482
227 260 -0.04115
227 261 -0.06907
227 262 0.11333
227 263 0.01964
227 264 -0.01873
227 265 -0.02518
227 266 -0.00839
227 267 -0.02954
227 268 0.2098
227 269 0.00971
227 270 -0.11352
227 271 -0.06189
227 272 0.04043
227 273 0.01068
227 274 0.09256
227 275 -0.00889
227 276 0.07107
227 277 -0.04227
227 278 0.07413
227 279 -0.07603
227 280 -0.02196
227 281 0.07388
227 282 0.01139
227 283 0.10885
227 284 0.00091
227 285 -0.02383
227 286 0.06433
227 287 -0.00787
227 288 0.02095
227 289 -0.04895
227 290 0.003
227 291 -0.04594
227 292 -0.00277
227 293 -0.00888
227 294 -0.00192
227 295 0.0183
227 296 0.00805
227 297 0.07851
227 298 0.08593
227 299 0.01305
228 229 0.01253
228 230 0.0599
228 231 -0.0044
228 232 0.01207
228 233 0.04686
228 234 -0.08013
228 235 -0.05083
228 236 0.06622
228 237 0.04996
228 238 0.02929
228 239 -0.04175
228 240 -0.02662
228 241 0.08711
228 242 -0.0372
228 243 0.09023
228 244 -0.01146
228 245 0.01106
228 246 -0.06602
228 247 0.01114
228 248 -0.065
228 249 -0.00648
228 250 0.00744
228 251 -0.06457
228 252 0.01878
228 253 -0.11007
228 254 0.02622
228 255 -0.01218
228 256 -0.02226
228 257 -0.03382
228 258 0.01719
228 259 0.04983
228 260 -0.02179
228 261 0.02596
228 262 0.07721
228 263 0.0424
228 264 0.01065
228 265 0.04775
228 266 0.02889
228 267 0.05612
228 268 0.00886
228 269 0.03786
228 270 0.04679
228 271 0.05067
228 272 -0.04488
228 273 0.09431
228 274 0.00586
228 275 0.09953
228 276 -0.12143
228 277 -0.04583
228 278 -0.03489
228 279 0.01919
228 280 0.01778
228 281 0.12529
228 282 -0.13996
228 283 -0.03892
228 284 -0.03263
228 285 0.09401
228 286 0.06941
228 287 0.03902
228 288 -0.0017
228 289 -0.00037
228 290 0.0073
228 291 0.09827
228 292 0.056
228 293 0.09561
228 294 0.04669
228 295 0.02976
228 296 -0.0169
228 297 0.02679
228 298 -0.04358
228 299 -0.01324
229 230 0.01882
229 231 0.04571
229 232 0.01816
229 233 0.00867
229 234 -0.11411
229 235 -0.02808
229 236 0.00541
229 237 -0.04823
229 238 0.02589
229 239 0.04054
229 240 0.05726
229 241 -0.09167
229 242 -0.02643
229 243 0.04762
229 244 -0.11223
229 245 -0.10647
229 246 0.00907
229 247 -0.10021
229 248 -0.00489
229 249 -0.01345
229 250 -0.00802
229 251 -0.05544
229 252 -0.06793
229 253 -0.00232
229 254 0.08267
229 255 -0.00898
229 256 0.14752
229 257 0.08814
229 258 0.05009
229 259 -0.01837
229 260 0.04047
229 261 0.04286
229 262 -0.06528
229 263 -0.00432
229 264 0.00614
229 265 0.05307
229 266 -0.03336
229 267 0.02907
229 268 -0.07648
229 269 -0.0687
229 270 0.07235
229 271 0.07755
229 272 -0.03173
229 273 -0.0632
229 274 -0.03123
229 275 0.00901
229 276 0.04362
229 277 0.03688
229 278 0.07107
229 279 0.03562
229 280 0.01807
229 281 -0.12749
229 282 -0.08251
229 283 -0.03487
229 284 -0.09978
229 285 -0.04366
229 286 -0.00807
229 287 0.04165
229 288 0.0692
229 289 0.00329
229 290 0.12523
229 291 -0.01342
229 292 -0.08883
229 293 -0.09816
229 294 -0.09017
229 295 -0.06531
229 296 -0.02351
229 297 -0.0047
229 298 0.01005
229 299 0.03751
230 231 0.0233
230 232 0.00954
230 233 -0.02379
230 234 -0.09295
230 235 0.0698
230 236 -0.05858
230 237 0.04573
230 238 -0.01159
230 239 0.07219
230 240 -0.08871
230 241 0.10285
230 242 -0.0204
230 243 0.03792
230 244 0.06653
230 245 -0.02653
230 246 -0.03449
230 247 -0.06832
230 248 -0.02516
230 249 -0.01661
230 250 0.11374
230 251 0.05467
230 252 0.09983
230 253 -0.00045
230 254 0.02496
230 255 -0.09254
230 256 -0.02724
230 257 -0.00895
230 258 0.11128
230 259 0.03704
230 260 -0.04059
230 261 0.03312
230 262 -0.10287
230 263 0.02522
230 264 0.11638
230 265 0.0588
230 266 -0.00638
230 267 0.05228
230 268 -0.09277
230 269 0.0445
230 270 -0.00825
230 271 -0.02561
230 272 -0.02716
230 273 0.00654
230 274 0.03511
230 275 -0.01287
230 276 -0.04687
230 277 -0.10644
230 278 -0.00302
230 279 0.01818
230 280 -0.10079
230 281 0.13831
230 282 0.0844
230 283 0.07698
230 284 -0.07974
230 285 -0.01008
230 286 -0.04049
230 287 -0.02102
230 288 -0.01682
230 289 0.01588
230 290 -0.05402
230 291 0.05476
230 292 -0.00415
230 293 0.0245
230 294 -0.01638
230 295 -0.10135
230 296 0.05104
230 297 -0.02136
230 298 0.03762
230 299 0.05
231 232 0.11871
231 233 0.02106
231 234 -0.04924
231 235 -0.04235
231 236 0.04715
231 237 -0.02821
231 238 0.11376
231 239 0.01958
231 240 0.0618
231 241 -0.10182
231 242 -0.13193
231 243 -0.05991
231 244 0.06042
231 245 0.0749
231 246 -0.04801
231 247 0.00374
231 248 0.04858
231 249 -0.04329
231 250 0.04398
231 251 -0.06851
231 252 0.07476
231 253 0.01576
231 254 -0.01654
231 255 -0.11262
231 256 -0.02288
231 257 0.00319
231 258 -0.02703
231 259 0.08467
231 260 -0.02202
231 261 -0.02712
231 262 -0.01969
231 263 -0.01327
231 264 0.01406
231 265 -0.11614
231 266 -0.05732
231 267 0.07511
231 268 0.08763
231 269 0.09962
231 270 -0.04534
231 271 -0.0729
231 272 0.09195
231 273 -0.1058
231 274 0.07011
231 275 -0.00594
231 276 0.09536
231 277 0.04191
231 278 0.05409
231 279 -0.11054
231 280 0.00572
231 281 -0.00201
231 282 -0.06246
231 283 -0.01319
231 284 0.0404
231 285 -0.01332
231 286 -0.01869
231 287 0.0971
231 288 0.07541
231 289 -0.09938
231 290 0.02892
231 291 -0.08189
231 292 0.01929
231 293 0.02011
231 294 0.02529
231 295 0.00734
231 296 0.03959
231 297 -0.10641
231 298 -0.00475
231 299 -0.02012
232 233 -0.06209
232 234 0.00396
232 235 -0.01497
232 236 0.0219
232 237 -0.00195
232 238 -0.06325
232 239 0.03813
232 240 -0.02198
232 241 -0.1143
232 242 -0.13646
232 243 -0.02211
232 244 -0.04057
232 245 0.07795
232 246 0.00973
232 247 0.0663
232 248 -0.02347
232 249 -0.01841
232 250 -0.03816
232 251 0.01246
232 252 0.09199
232 253 0.10911
232 254 0.04991
232 255 -0.00033
232 256 0.03627
232 257 0.01436
232 258 -0.0033
232 259 0.05654
232 260 -0.00712
232 261 -0.0391
232 262 0.00576
232 263 -0.02001
232 264 0.07969
232 265 -0.0345
232 266 0.11148
232 267 0.00129
232 268 -0.06718
232 269 -0.04941
232 270 -0.05938
232 271 0.00095
232 272 0.01479
232 273 -0.07007
232 274 -0.03812
232 275 -0.01335
232 276 0.02615
232 277 -0.03292
232 278 -0.03445
232 279 0.03762
232 280 -0.04863
232 281 0.08103
232 282 -0.0229
232 283 -0.01617
232 284 0.03441
232 285 -0.08787
232 286 0.02241
232 287 0.06511
232 288 0.0139
232 289 -0.00754
232 290 0.03897
232 291 0.01541
232 292 0.05418
232 293 0.00594
232 294 0.12165
232 295 -0.04215
232 296 -0.00293
232 297 -0.06289
232 298 -0.02161
232 299 -0.00194
233 234 -0.07104
233 235 -0.0801
233 236 0.01506
233 237 0.07805
233 238 0.04354
233 239 0.01132
233 240 -0.03808
233 241 -0.0569
233 242 0.00999
233 243 -0.00561
233 244 -0.10654
233 245 -0.09612
233 246 0.05104
233 247 -0.01336
233 248 -0.1198
233 249 -0.02351
233 250 -0.0108
233 251 0.00507
233 252 0.00981
233 253 0.04694
233 254 0.01202
233 255 0.03536
233 256 0.0927
233 257 0.09583
233 258 -0.00374
233 259 -0.12275
233 260 -0.00264
233 261 -0.07704
233 262 -0.02332
233 263 0.01954
233 264 -0.06275
233 265 -0.04685
233 266 0.01641
233 267 0.00079
233 268 0.08583
233 269 -0.02053
233 270 0.01044
233 271 -0.01668
233 272 -0.06478
233 273 0.05384
233 274 -0.01278
233 275 0.00049
233 276 0.06388
233 277 -0.02513
233 278 0.0529
233 279 0.08397
233 280 0.01316
233 281 0.03656
233 282 0.03481
233 283 0.00319
233 284 -0.05923
233 285 -0.0438
233 286 -0.03426
233 287 0.05637
233 288 -0.05032
233 289 -0.00575
233 290 0.05113
233 291 0.05748
233 292 0.08592
233 293 0.05864
233 294 0.15626
233 295 0.05396
233 296 -0.08977
233 297 -0.03249
233 298 0.02085
233 299 0.06587
234 235 0.01862
234 236 -0.05221
234 237 0.02933
234 238 -0.01329
234 239 -0.07662
234 240 -0.03625
234 241 -0.02339
234 242 -0.03073
234 243 -0.0785
234 244 -0.01302
234 245 -0.01747
234 246 -0.05917
234 247 -0.01562
234 248 0.00807
234 249 -0.07004
234 250 -0.07106
234 251 0.00352
234 252 -0.03987
234 253 0.00842
234 254 -0.05745
234 255 -0.05154
234 256 0.08081
234 257 0.01244
234 258 0.10366
234 259 -0.00886
234 260 0.02795
234 261 -0.06272
234 262 -0.06579
234 263 -0.04643
234 264 0.06123
234 265 -0.00697
234 266 0.02069
234 267 0.03384
234 268 0.00655
234 269 -0.05986
234 270 -0.04121
234 271 0.04803
234 272 -0.09772
234 273 -0.01723
234 274 0.08113
234 275 -0.01673
234 276 0.03378
234 277 -0.04969
234 278 0.06557
234 279 0.03755
234 280 0.05709
234 281 0.01218
234 282 -0.09729
234 283 0.00983
234 284 -0.14517
234 285 0.01063
234 286 0.05205
234 287 0.10781
234 288 -0.01378
234 289 0.0131
234 290 0.03433
234 291 -0.01373
234 292 -0.11061
234 293 0.0058
234 294 -0.02484
234 295 0.07115
234 296 -0.0294
234 297 0.02694
234 298 0.03435
234 299 -0.16871
235 236 -0.03271
235 237 -0.0554
235 238 -0.0035
235 239 0.02871
235 240 -0.06233
235 241 -0.04142
235 242 0.02613
235 243 -0.11964
235 244 -0.00375
235 245 0.07339
235 246 -0.04965
235 247 -0.11814
235 248 -0.01757
235 249 0.00988
235 250 -0.02569
235 251 -0.01831
235 252 0.07159
235 253 -0.01099
235 254 -0.01123
235 255 0.03412
235 256 -0.06495
235 257 0.0164
235 258 0.01778
235 259 -0.04136
235 260 -0.02416
235 261 -0.01988
235 262 0.07226
235 263 -0.02253
235 264 0.00399
235 265 -0.01612
235 266 0.00347
235 267 0.08954
235 268 0.06944
235 269 -0.09299
235 270 -0.03184
235 271 -0.03431
235 272 0.03492
235 273 0.02533
235 274 0.04183
235 275 -0.00815
235 276 0.06217
235 277 0.02202
235 278 0.02215
235 279 -0.04606
235 280 -0.02518
235 281 -0.02441
235 282 0.07404
235 283 -0.00961
235 284 -0.14814
235 285 -0.11376
235 286 0.009
235 287 0.01086
235 288 0.01173
235 289 -0.03671
235 290 0.01099
235 291 -0.11325
235 292 0.0075
235 293 -0.00195
235 294 -0.01305
235 295 -0.06924
235 296 0.07411
235 297 0.01356
235 298 -0.08423
235 299 -0.05823
236 237 0.03845
236 238 0.06618
236 239 0.03735
236 240 0.04312
236 241 -0.06336
236 242 0.04258
236 243 -0.00816
236 244 0.05424
236 245 0.03542
236 246 0.03359
236 247 -0.01207
236 248 -0.09873
236 249 0.11512
236 250 -0.03608
236 251 -0.04289
236 252 -0.08244
236 253 0.06776
236 254 0.08604
236 255 -0.07696
236 256 0.08057
236 257 -0.10798
236 258 0.05537
236 259 -0.07253
236 260 0.01923
236 261 -0.069
236 262 0.07377
236 263 0.03702
236 264 0.09793
236 265 0.03686
236 266 0.02978
236 267 -0.00975
236 268 0.01779
236 269 -0.04874
236 270 0.04854
236 271 0.01085
236 272 -0.05682
236 273 0.03598
236 274 -0.07595
236 275 0.09722
236 276 -0.07421
236 277 -0.05765
236 278 0.08658
236 279 -0.07921
236 280 -0.07418
236 281 -0.05266
236 282 -0.0623
236 283 -0.10439
236 284 -0.02687
236 285 0.02635
236 286 -0.07782
236 287 0.03926
236 288 -0.02349
236 289 0.04243
236 290 -0.03548
236 291 -0.01553
236 292 0.00053
236 293 0.02799
236 294 -0.01057
236 295 -0.04249
236 296 0.10168
236 297 -0.01686
236 298 0.00024
236 299 -0.11368
237 238 0.01243
237 239 -0.00885
237 240 -0.01719
237 241 -0.03498
237 242 -0.01841
237 243 0.15908
237 244 -0.00222
237 245 -0.01308
237 246 -0.13188
237 247 0.09518
237 248 0.07442
237 249 -0.01381
237 250 -0.05453
237 251 -0.08685
237 252 0.05059
237 253 -0.00748
237 254 0.02092
237 255 -0.04512
237 256 0.03409
237 257 0.04823
237 258 0.16741
237 259 -0.03676
237 260 0.01531
237 261 -0.07874
237 262 -0.15915
237 263 -0.04215
237 264 0.04064
237 265 0.04107
237 266 0.01643
237 267 0.11898
237 268 -0.05948
237 269 0.06464
237 270 0.10038
237 271 0.03936
237 272 -0.07945
237 273 0.01227
237 274 -0.05593
237 275 0.12388
237 276 0.0095
237 277 -0.05992
237 278 0.01251
237 279 0.01327
237 280 -0.00937
237 281 -0.04651
237 282 0.05176
237 283 0.03991
237 284 0.01612
237 285 -0.13446
237 286 -0.05807
237 287 -0.0756
237 288 0.07031
237 289 -0.05731
237 290 -0.02816
237 291 0.004
237 292 0.03517
237 293 0.00683
237 294 0.07195
237 295 0.02779
237 296 -0.05655
237 297 -0.03578
237 298 -0.01239
237 299 -0.03132
238 239 0.074
238 240 0.08025
238 241 -0.09155
238 242 -0.05949
238 243 -0.01779
238 244 0.07322
238 245 0.03753
238 246 -0.06673
238 247 0.08109
238 248 0.12085
238 249 0.01345
238 250 0.04674
238 251 -0.04322
238 252 -0.00044
238 253 -0.02008
238 254 0.00222
238 255 0.04058
238 256 0.11094
238 257 0.02096
238 258 -0.02279
238 259 0.0205
238 260 0.0807
238 261 -0.06103
238 262 -0.00759
238 263 0.00845
238 264 0.018
238 265 0.05573
238 266 0.0361
238 267 0.05083
238 268 -0.05275
238 269 -0.01193
238 270 -0.16806
238 271 0.0049
238 272 0.02627
238 273 -0.06484
238 274 -0.01377
238 275 -0.00536
238 276 0.06126
238 277 0.06561
238 278 -0.00215
238 279 -0.00035
238 280 -0.00468
238 281 -0.01375
238 282 0.00183
238 283 0.04263
238 284 0.06945
238 285 -0.01841
238 286 -0.09272
238 287 0.03754
238 288 0.06228
238 289 -0.09291
238 290 -0.00694
238 291 -0.05813
238 292 0.08886
238 293 -0.10144
238 294 0.0497
238 295 -0.06392
238 296 0.16632
238 297 -0.03983
238 298 0.09123
238 299 0.03131
239 240 0.09191
239 241 -0.03353
239 242 0.0833
239 243 0.06424
239 244 0.039
239 245 -0.06129
239 246 0.0411
239 247 0.07749
239 248 0.11404
239 249 0.03258
239 250 -0.02763
239 251 0.00448
239 252 0.01229
239 253 0.12832
239 254 0.00812
239 255 0.03886
239 256 0.0506
239 257 -0.08022
239 258 0.02541
239 259 0.00831
239 260 -0.01786
239 261 0.01319
239 262 0.00014
239 263 -0.05065
239 264 -0.03273
239 265 0.00377
239 266 0.12692
239 267 0.02681
239 268 0.00931
239 269 0.00747
239 270 -0.0107
239 271 -0.06333
239 272 0.09838
239 273 0.06471
239 274 0.06405
239 275 0.05245
239 276 -0.03113
239 277 -0.01222
239 278 -0.0793
239 279 0.00964
239 280 0.12938
239 281 -0.01252
239 282 0.03426
239 283 0.02684
239 284 -0.00031
239 285 0.0413
239 286 -0.0107
239 287 -0.0222
239 288 0.01436
239 289 0.06983
239 290 0.00488
239 291 -0.03661
239 292 0.03763
239 293 -0.10227
239 294 0.04743
239 295 -0.00348
239 296 -0.03155
239 297 -0.03417
239 298 0.02826
239 299 -0.09286
240 241 -0.01281
240 242 -0.021
240 243 0.05898
240 244 0.05113
240 245 0.03964
240 246 -0.0238
240 247 -0.01908
240 248 -0.10564
240 249 -0.00448
240 250 0.0579
240 251 0.08242
240 252 0.08592
240 253 -0.03604
240 254 0.0733
240 255 -0.03884
240 256 -0.00992
240 257 -0.03632
240 258 0.03817
240 259 -0.04707
240 260 0.07005
240 261 0.04209
240 262 -0.05282
240 263 0.06192
240 264 0.01266
240 265 0.03997
240 266 0.04412
240 267 0.04986
240 268 -0.06916
240 269 0.01741
240 270 0.10068
240 271 0.10413
240 272 0.07619
240 273 0.10372
240 274 0.01502
240 275 -0.02558
240 276 -0.04613
240 277 -0.04612
240 278 0.03435
240 279 0.01698
240 280 -0.06404
240 281 0.0477
240 282 -0.0264
240 283 -0.14697
240 284 0.05645
240 285 0.08004
240 286 0.01355
240 287 -0.03053
240 288 0.01542
240 289 -0.05237
240 290 -0.01032
240 291 0.02354
240 292 0.06452
240 293 0.0651
240 294 0.11962
240 295 -0.07182
240 296 0.04037
240 297 0.02385
240 298 0.04733
240 299 0.03588
241 242 -0.03111
241 243 0.03824
241 244 -0.00723
241 245 -0.00822
241 246 -0.04346
241 247 0.05414
241 248 0.03262
241 249 0.0105
241 250 0.01405
241 251 -0.03045
241 252 -0.03962
241 253 0.05596
241 254 -0.00831
241 255 0.02462
241 256 0.00719
241 257 -0.06026
241 258 0.07595
241 259 0.0346
241 260 0.00259
241 261 0.02368
241 262 0.02107
241 263 -0.13208
241 264 -0.05158
241 265 0.01874
241 266 0.06471
241 267 -0.13589
241 268 0.00151
241 269 0.06285
241 270 -0.0408
241 271 0.01903
241 272 0.10059
241 273 -0.00412
241 274 0.07122
241 275 0.06215
241 276 -0.03377
241 277 -0.03123
241 278 0.00883
241 279 0.01078
241 280 -0.00597
241 281 0.07732
241 282 0.04355
241 283 0.04566
241 284 0.02637
241 285 0.02031
241 286 0.15185
241 287 0.00992
241 288 0.05371
241 289 -0.06678
241 290 0.01268
241 291 -0.06537
241 292 0.02996
241 293 0.002
241 294 0.06263
241 295 -0.07879
241 296 0.0813
241 297 0.03159
241 298 -0.14194
241 299 0.08663
242 243 0.0319
242 244 0.07453
242 245 -0.08371
242 246 -0.06328
242 247 0.01211
242 248 -0.00513
242 249 -0.01348
242 250 0.03522
242 251 -0.06163
242 252 0.05482
242 253 0.01015
242 254 0.17164
242 255 0.03163
242 256 -0.07543
242 257 -0.04951
242 258 0.0352
242 259 0.03846
242 260 -0.05713
242 261 -0.01779
242 262 -0.01399
242 263 -0.05303
242 264 -0.0024
242 265 0.01254
242 266 0.08937
242 267 0.0713
242 268 -0.00776
242 269 0.07711
242 270 -0.02354
242 271 -0.09822
242 272 0.02577
242 273 0.00404
242 274 -0.08328
242 275 0.05648
242 276 0.03906
242 277 0.09776
242 278 0.07461
242 279 0.04023
242 280 0.01071
242 281 0.10492
242 282 -0.16079
242 283 0.03423
242 284 -0.06496
242 285 -0.04413
242 286 -0.07623
242 287 0.07038
242 288 0.08693
242 289 0.02738
242 290 -0.03418
242 291 -0.05526
242 292 0.065
242 293 0.02642
242 294 -0.02335
242 295 -0.00622
242 296 0.01492
242 297 0.01631
242 298 -0.07438
242 299 -0.00335
243 244 -0.07408
243 245 0.04508
243 246 0.05368
243 247 0.16001
243 248 0.0428
243 249 -0.0473
243 250 0.03854
243 251 -0.00865
243 252 -0.02279
243 253 -0.00837
243 254 -0.03582
243 255 0.0113
243 256 0.04368
243 257 0.03699
243 258 -0.00803
243 259 -0.00187
243 260 0.0139
243 261 0.05555
243 262 0.02916
243 263 0.05054
243 264 -0.04786
243 265 0.00366
243 266 0.09741
243 267 -0.08235
243 268 0.02443
243 269 0.05925
243 270 0.05044
243 271 -0.05547
243 272 0.02065
243 273 0.00611
243 274 -0.04978
243 275 -0.0121
243 276 -0.10685
243 277 -0.04868
243 278 0.06321
243 279 0.02526
243 280 0.00465
243 281 0.06381
243 282 -0.12316
243 283 0.02099
243 284 0.06444
243 285 0.00542
243 286 0.06965
243 287 -0.02074
243 288 -0.05297
243 289 0.03334
243 290 0.01146
243 291 -0.07718
243 292 0.05732
243 293 -0.04191
243 294 -0.03051
243 295 -0.02583
243 296 0.09827
243 297 -0.0802
243 298 -0.06374
243 299 -0.03681
244 245 0.05878
244 246 0.04056
244 247 -0.14586
244 248 -0.05591
244 249 0.07779
244 250 -0.00376
244 251 -0.01107
244 252 0.04542
244 253 -0.00261
244 254 -0.01337
244 255 -0.05598
244 256 -0.01204
244 257 0.02109
244 258 -0.00637
244 259 -0.02595
244 260 -0.04967
244 261 -0.07046
244 262 -0.15507
244 263 0.04718
244 264 -0.03556
244 265 -0.02087
244 266 -0.06981
244 267 -0.00994
244 268 -0.09894
244 269 -0.03499
244 270 0.08051
244 271 0.08518
244 272 0.01581
244 273 0.02416
244 274 -0.02951
244 275 0.023
244 276 -0.02703
244 277 0.03351
244 278 -0.00554
244 279 0.02505
244 280 0.0182
244 281 0.01292
244 282 -0.05092
244 283 0.0652
244 284 0.05216
244 285 -0.02934
244 286 -0.02553
244 287 -0.00551
244 288 0.01865
244 289 0.02308
244 290 0.0734
244 291 0.05827
244 292 -0.01683
244 293 0.00056
244 294 -0.0084
244 295 -0.00145
244 296 0.05319
244 297 0.12427
244 298 0.00622
244 299 0.01583
245 246 0.00651
245 247 -0.04871
245 248 0.12889
245 249 -0.02498
245 250 0.01948
245 251 0.01288
245 252 0.07799
245 253 0.03782
245 254 0.07335
245 255 -0.06957
245 256 -0.03832
245 257 -0.02845
245 258 0.01322
245 259 0.0508
245 260 -0.01934
245 261 -0.02395
245 262 0.10889
245 263 0.03431
245 264 0.09372
245 265 0.02356
245 266 0.03616
245 267 -0.00691
245 268 -0.12021
245 269 0.03828
245 270 -0.00945
245 271 0.0631
245 272 -0.01922
245 273 -0.04655
245 274 0.00929
245 275 0.04113
245 276 0.03635
245 277 -0.03876
245 278 0.01681
245 279 0.06315
245 280 -0.02997
245 281 0.0013
245 282 0.04927
245 283 0.08498
245 284 0.01052
245 285 -0.02236
245 286 0.05053
245 287 -0.00583
245 288 -0.04629
245 289 -0.10115
245 290 -0.00268
245 291 0.04444
245 292 -0.08218
245 293 -0.02228
245 294 -0.00293
245 295 -0.00272
245 296 0.00534
245 297 0.14359
245 298 -0.02359
245 299 0.03917
246 247 0.03752
246 248 -0.06511
246 249 -0.01031
246 250 -0.1282
246 251 -0.00777
246 252 -0.01897
246 253 -0.01705
246 254 0.04381
246 255 0.03536
246 256 -0.09616
246 257 0.13003
246 258 0.02787
246 259 -0.00509
246 260 0.09962
246 261 -0.02773
246 262 -0.09272
246 263 -0.02414
246 264 -0.0858
246 265 0.00641
246 266 0.03347
246 267 0.00911
246 268 0.08089
246 269 -0.04831
246 270 -0.0655
246 271 -0.03233
246 272 -0.02926
246 273 -0.04092
246 274 -0.07036
246 275 0.03429
246 276 -0.05845
246 277 0.07428
246 278 -0.04584
246 279 0.0236
246 280 0.10994
246 281 -0.04969
246 282 0.00328
246 283 0.07436
246 284 0.04613
246 285 0.11563
246 286 -0.03063
246 287 0.12347
246 288 -0.06999
246 289 0.12444
246 290 0.01387
246 291 -0.00525
246 292 0.08853
246 293 0.04497
246 294 -0.03099
246 295 0.03927
246 296 0.05725
246 297 -0.01075
246 298 -0.05149
246 299 -0.10822
247 248 0.06938
247 249 -0.07914
247 250 0.01133
247 251 0.07149
247 252 -0.04563
247 253 -0.02309
247 254 -0.01458
247 255 0.05877
247 256 0.01145
247 257 0.00976
247 258 0.09326
247 259 -0.12311
247 260 -0.05639
247 261 -0.00912
247 262 0.02263
247 263 -0.09301
247 264 -0.00117
247 265 0.02791
247 266 -0.04873
247 267 -0.03516
247 268 -0.1181
247 269 0.08573
247 270 0.08062
247 271 0.04131
247 272 0.02391
247 273 0.00867
247 274 0.03145
247 275 -0.0324
247 276 -0.02689
247 277 0.01854
247 278 -0.04983
247 279 -0.02679
247 280 -0.07866
247 281 -0.02592
247 282 -0.02279
247 283 -0.02028
247 284 0.08823
247 285 0.08847
247 286 -0.07307
247 287 -0.02858
247 288 0.09577
247 289 -0.10447
247 290 0.0203
247 291 0.08211
247 292 -0.02838
247 293 0.04585
247 294 -0.04959
247 295 0.02419
247 296 -0.12049
247 297 -0.05615
247 298 -0.008
247 299 -0.07339
248 249 0.00299
248 250 -0.04225
248 251 0.04447
248 252 0.02824
248 253 0.02835
248 254 -0.02948
248 255 0.02524
248 256 0.02141
248 257 0.09344
248 258 0.04544
248 259 -0.01478
248 260 -0.00078
248 261 0.01264
248 262 0.14805
248 263 0.00317
248 264 0.02681
248 265 0.0221
248 266 0.01554
248 267 -0.08458
248 268 -0.04959
248 269 -0.02718
248 270 0.09666
248 271 -0.08416
248 272 -0.04491
248 273 0.05982
248 274 0.00751
248 275 -0.00455
248 276 0.10383
248 277 0.00666
248 278 -0.02738
248 279 0.11737
248 280 -0.07352
248 281 -0.00437
248 282 -0.0263
248 283 -0.01333
248 284 -0.1182
248 285 -0.03584
248 286 0.02542
248 287 0.03084
248 288 -0.02323
248 289 0.03508
248 290 0.07744
248 291 0.04515
248 292 -0.11892
248 293 0.00036
248 294 0.13568
248 295 -0.0183
248 296 -0.00763
248 297 0.04327
248 298 0.0785
248 299 0.00671
249 250 -0.05662
249 251 -0.05965
249 252 -0.02031
249 253 0.05101
249 254 0.01408
249 255 0.02937
249 256 0.01381
249 257 -0.06981
249 258 -0.06044
249 259 -0.12311
249 260 -0.0297
249 261 0.07943
249 262 -0.01563
249 263 0.073
249 264 -0.0612
249 265 0.02471
249 266 -0.09913
249 267 0.03028
249 268 -0.02082
249 269 -0.02264
249 270 -0.06427
249 271 -0.04575
249 272 0.04376
249 273 0.06861
249 274 0.03559
249 275 0.00338
249 276 0.02823
249 277 -0.01099
249 278 0.00268
249 279 -0.05728
249 280 0.02021
249 281 0.03148
249 282 -0.1451
249 283 0.0999
249 284 -0.02051
249 285 -0.04826
249 286 0.15394
249 287 -0.05169
249 288 -0.01937
249 289 0.05947
249 290 -0.01747
249 291 -0.03156
249 292 0.03782
249 293 -0.00621
249 294 -0.08101
249 295 -0.08558
249 296 0.01378
249 297 0.06913
249 298 -0.01772
249 299 -0.10672
250 251 0.08721
250 252 -0.06163
250 253 -0.05393
250 254 0.00481
250 255 -0.02348
250 256 -0.10025
250 257 -0.07305
250 258 0.0596
250 259 0.02758
250 260 0.05934
250 261 0.0937
250 262 -0.08335
250 263 0.05719
250 264 0.09376
250 265 -0.03879
250 266 0.00931
250 267 0.10458
250 268 -0.04355
250 269 -0.06564
250 270 -0.10334
250 271 0.10062
250 272 0.00366
250 273 -0.04505
250 274 0.03316
250 275 0.06253
250 276 0.01371
250 277 0.06136
250 278 -0.0176
250 279 0.00212
250 280 0.08068
250 281 0.02901
250 282 0.09306
250 283 0.02884
250 284 0.0297
250 285 0.04723
250 286 -0.01417
250 287 -0.07241
250 288 -0.03735
250 289 0.01191
250 290 -0.00641
250 291 -0.04667
250 292 -0.03754
250 293 0.03663
250 294 -0.01249
250 295 0.01953
250 296 0.06386
250 297 -0.00678
250 298 0.00718
250 299 -0.05065
251 252 0.05056
251 253 -0.00817
251 254 0.03529
251 255 -0.05696
251 256 -0.10456
251 257 0.03381
251 258 -0.02309
251 259 0.03586
251 260 0.02824
251 261 -0.1461
251 262 -0.05689
251 263 0.02845
251 264 0.02095
251 265 0.0193
251 266 0.10063
251 267 -0.10172
251 268 -0.09322
251 269 -0.08462
251 270 0.04177
251 271 0.02215
251 272 -0.08111
251 273 0.12834
251 274 0.13053
251 275 -0.04249
251 276 -0.07155
251 277 -0.00456
251 278 -0.06816
251 279 -0.06997
251 280 -0.05088
251 281 0.22632
251 282 0.05979
251 283 -0.04933
251 284 0.04836
251 285 0.01711
251 286 -0.00838
251 287 0.08976
251 288 -0.00268
251 289 0.02396
251 290 -0.0126
251 291 -0.03304
251 292 0.01043
251 293 0.07573
251 294 0.04237
251 295 0.03085
251 296 -0.17482
251 297 -0.11986
251 298 0.00568
251 299 -0.03061
252 253 -0.04697
252 254 0.03704
252 255 -0.01297
252 256 0.10844
252 257 0.06952
252 258 0.08227
252 259 0.09798
252 260 -0.0352
252 261 -0.00204
252 262 0.02988
252 263 -0.01032
252 264 0.00755
252 265 0.04758
252 266 -0.06073
252 267 -0.03546
252 268 0.03536
252 269 -0.05851
252 270 -0.02967
252 271 0.00048
252 272 0.09499
252 273 0.07855
252 274 0.02639
252 275 0.05879
252 276 -0.14847
252 277 -0.05672
252 278 0.07794
252 279 -0.06727
252 280 -0.02538
252 281 -0.04572
252 282 -0.03764
252 283 -0.08451
252 284 -0.06334
252 285 0.03179
252 286 -0.04115
252 287 0.11193
252 288 0.04779
252 289 -0.02807
252 290 -0.01053
252 291 -0.02037
252 292 0.04034
252 293 0.08108
252 294 -0.02213
252 295 0.0629
252 296 -0.01395
252 297 -0.02566
252 298 0.03323
252 299 0.13832
253 254 0.01263
253 255 0.01533
253 256 0.05721
253 257 0.02418
253 258 -0.04377
253 259 -0.00631
253 260 0.06829
253 261 0.00904
253 262 -0.02408
253 263 -0.03776
253 264 0.01727
253 265 0.04658
253 266 -0.08405
253 267 -0.00625
253 268 0.02401
253 269 -0.10856
253 270 0.02529
253 271 0.02355
253 272 -0.0136
253 273 0.00648
253 274 0.03812
253 275 -0.07602
253 276 0.01962
253 277 -0.02393
253 278 0.0607
253 279 -0.07119
253 280 -0.08182
253 281 -0.00995
253 282 0.0027
253 283 -0.12788
253 284 -0.10545
253 285 -0.01299
253 286 0.0434
253 287 0.07018
253 288 0.093
253 289 -0.03663
253 290 0.07859
253 291 0.02337
253 292 0.06092
253 293 -0.08644
253 294 0.0258
253 295 -0.02551
253 296 0.0213
253 297 0.0408
253 298 0.03323
253 299 0.04772
254 255 0.11862
254 256 -0.11429
254 257 0.00652
254 258 -0.04194
254 259 0.02833
254 260 -0.00343
254 261 -0.01142
254 262 -0.01125
254 263 0.01783
254 264 0.00357
254 265 0.12314
254 266 0.01416
254 267 0.02792
254 268 -0.03546
254 269 -0.08068
254 270 -0.01304
254 271 0.02087
254 272 -0.06638
254 273 -0.00349
254 274 0.01743
254 275 0.01672
254 276 0.00489
254 277 -0.01452
254 278 0.01674
254 279 0.00845
254 280 -0.03779
254 281 -0.01701
254 282 0.0947
254 283 -0.0915
254 284 -0.00307
254 285 0.01283
254 286 0.12561
254 287 -0.00413
254 288 -0.04504
254 289 -0.06328
254 290 -0.06274
254 291 0.01663
254 292 -0.02355
254 293 -0.02401
254 294 -0.11056
254 295 -0.05953
254 296 -0.13942
254 297 0.06638
254 298 -0.0233
254 299 0.02743
255 256 -0.0104
255 257 -0.06923
255 258 -0.03961
255 259 0.00805
255 260 -0.04132
255 261 0.01277
255 262 -0.02842
255 263 -0.0446
255 264 -0.10849
255 265 -0.00331
255 266 -0.04655
255 267 -0.00944
255 268 -0.08694
255 269 -0.09231
255 270 -0.03158
255 271 -0.13837
255 272 -0.04089
255 273 0.01857
255 274 0.06717
255 275 0.03111
255 276 0.04259
255 277 0.06938
255 278 0.00182
255 279 0.12642
255 280 0.01772
255 281 0.02594
255 282 0.0573
255 283 -0.07494
255 284 -0.07418
255 285 -0.04196
255 286 -0.11214
255 287 0.0284
255 288 -0.00323
255 289 -0.0268
255 290 -0.06093
255 291 -0.07348
255 292 -0.06781
255 293 0.0029
255 294 -0.03898
255 295 0.07179
255 296 0.0751
255 297 0.02953
255 298 0.03054
255 299 0.05934
256 257 -0.08893
256 258 -0.01909
256 259 0.05939
256 260 0.04915
256 261 -0.03492
256 262 -0.0966
256 263 -0.02478
256 264 -0.02122
256 265 -0.02584
256 266 0.05217
256 267 -0.01784
256 268 0.0731
256 269 -0.03673
256 270 0.02073
256 271 0.05449
256 272 0.01446
256 273 -0.03892
256 274 0.01656
256 275 -0.02514
256 276 0.11417
256 277 -0.02954
256 278 -0.06854
256 279 0.01453
256 280 -0.02789
256 281 0.03925
256 282 -0.02054
256 283 -0.04133
256 284 -0.08377
256 285 -0.0145
256 286 0.0001
256 287 -0.14003
256 288 -0.0617
256 289 -0.03527
256 290 0.06534
256 291 0.10293
256 292 0.05626
256 293 0.15756
256 294 -0.06204
256 295 -0.04083
256 296 -0.06857
256 297 -0.09696
256 298 -0.03933
256 299 -0.02913
257 258 -0.08212
257 259 0.01061
257 260 -0.03268
257 261 0.06151
257 262 0.05754
257 263 -0.01579
257 264 0.06122
257 265 0.01115
257 266 -0.05356
257 267 -0.02812
257 268 -0.07769
257 269 -0.02197
257 270 -0.08325
257 271 0.04544
257 272 -0.04352
257 273 0.09402
257 274 0.03839
257 275 -0.04769
257 276 -0.02869
257 277 0.013
257 278 0.09878
257 279 0.02306
257 280 0.0732
257 281 0.08061
257 282 0.02158
257 283 -0.10747
257 284 -0.03157
257 285 0.09335
257 286 -0.02359
257 287 0.05191
257 288 0.09275
257 289 -0.0427
257 290 0.01394
257 291 -0.06184
257 292 0.1654
257 293 -0.0582
257 294 0.01714
257 295 0.01849
257 296 -0.02644
257 297 0.00139
257 298 -0.0582
257 299 0.04137
258 259 -0.01302
258 260 -0.00927
258 261 -0.03188
258 262 -0.1321
258 263 -0.07786
258 264 -0.01422
258 265 0.08612
258 266 -0.00625
258 267 -0.00148
258 268 -0.01988
258 269 -0.00188
258 270 -0.00915
258 271 -0.07348
258 272 0.09833
258 273 0.01018
258 274 -0.04957
258 275 -0.15925
258 276 0.04069
258 277 -0.04214
258 278 -0.02007
258 279 0.01143
258 280 -0.00101
258 281 0.02248
258 282 -0.06402
258 283 0.01104
258 284 -0.01046
258 285 0.02239
258 286 0.0061
258 287 0.00105
258 288 0.09491
258 289 0.0397
258 290 -0.03764
258 291 -0.07681
258 292 0.04634
258 293 -0.0241
258 294 -0.02789
258 295 0.04162
258 296 -0.13172
258 297 -0.0652
258 298 0.14932
258 299 -0.0023
259 260 0.06028
259 261 0.082
259 262 0.01336
259 263 0.04884
259 264 0.04442
259 265 0.08775
259 266 -0.00582
259 267 -0.02132
259 268 -0.20679
259 269 0.07243
259 270 -0.02802
259 271 0.07081
259 272 0.03589
259 273 0.06588
259 274 0.01002
259 275 0.0593
259 276 -0.012
259 277 -0.09131
259 278 0.06622
259 279 0.04355
259 280 -0.15857
259 281 -0.01382
259 282 0.01615
259 283 -0.05503
259 284 -0.02068
259 285 0.02132
259 286 -0.0019
259 287 -0.07196
259 288 0.05117
259 289 -0.01312
259 290 0.0378
259 291 0.01871
259 292 0.17133
259 293 -0.02265
259 294 -0.01724
259 295 0.08574
259 296 -0.00344
259 297 -0.0269
259 298 0.00311
259 299 -0.01114
260 261 0.01435
260 262 -0.06926
260 263 -0.08771
260 264 0.01632
260 265 0.11962
260 266 -0.06558
260 267 0.1143
260 268 0.01024
260 269 -0.07186
260 270 -0.11098
260 271 0.01144
260 272 0.00565
260 273 -0.03385
260 274 0.0018
260 275 0.04529
260 276 -0.08129
260 277 0.05834
260 278 0.04606
260 279 -0.0397
260 280 -0.0225
260 281 0.02082
260 282 0.01319
260 283 0.02419
260 284 -0.05262
260 285 0.0512
260 286 -0.03214
260 287 0.02363
260 288 0.04444
260 289 0.07747
260 290 0.03753
260 291 -0.01771
260 292 0.03341
260 293 0.02257
260 294 -0.06417
260 295 -0.12965
260 296 -0.0777
260 297 -0.02954
260 298 -0.03767
260 299 0.06149
261 262 -0.07037
261 263 0.02158
261 264 -0.06478
261 265 0.01598
261 266 -0.06166
261 267 0.01771
261 268 0.05841
261 269 -0.06697
261 270 -0.0575
261 271 0.1331
261 272 0.01412
261 273 0.07094
261 274 -0.07608
261 275 -0.01678
261 276 0.03774
261 277 -0.01018
261 278 0.01948
261 279 -0.11043
261 280 0.00511
261 281 0.01414
261 282 -0.02086
261 283 0.00103
261 284 0.07673
261 285 -0.00289
261 286 -0.0515
261 287 -0.05158
261 288 -0.05723
261 289 0.00652
261 290 0.04827
261 291 -0.05887
261 292 0.07354
261 293 0.04371
261 294 -0.00686
261 295 0.08356
261 296 -0.04049
261 297 -0.03786
261 298 -0.02475
261 299 0.0432
262 263 -0.06249
262 264 -0.00231
262 265 0.02343
262 266 -0.00629
262 267 -0.02798
262 268 0.05163
262 269 -0.00756
262 270 0.01698
262 271 0.04766
262 272 -0.02656
262 273 0.04828
262 274 0.10525
262 275 0.03053
262 276 -0.0597
262 277 -0.07222
262 278 0.00824
262 279 -0.01143
262 280 -0.03541
262 281 -0.01128
262 282 -0.11191
262 283 0.1029
262 284 -0.03243
262 285 -0.0977
262 286 0.04791
262 287 -0.10559
262 288 0.04058
262 289 0.01701
262 290 0.02304
262 291 0.10203
262 292 -0.0608
262 293 -0.04978
262 294 0.04136
262 295 0.03045
262 296 0.03578
262 297 0.07304
262 298 0.08985
262 299 -0.11044
263 264 0.02852
263 265 -0.02056
263 266 -0.00131
263 267 -0.11467
263 268 -0.01599
263 269 0.09237
263 270 -0.00636
263 271 -0.04671
263 272 -0.05534
263 273 0.05104
263 274 0.06835
263 275 0.12269
263 276 -0.1379
263 277 0.0355
263 278 -0.09052
263 279 -0.02358
263 280 -0.0286
263 281 0.00682
263 282 0.07031
263 283 0.10108
263 284 -0.09338
263 285 0.01676
263 286 0.02566
263 287 0.02251
263 288 0.03183
263 289 0.02934
263 290 -0.00324
263 291 0.05291
263 292 -0.0755
263 293 0.0368
263 294 -0.07708
263 295 -0.04664
263 296 -0.0536
263 297 0.06198
263 298 -0.01222
263 299 0.07712
264 265 -0.05872
264 266 -0.0512
264 267 -0.05963
264 268 -0.0234
264 269 0.01074
264 270 0.04227
264 271 0.01124
264 272 0.00937
264 273 -0.05678
264 274 0.0268
264 275 0.02487
264 276 -0.02084
264 277 0.02528
264 278 0.01115
264 279 0.00317
264 280 -0.0525
264 281 0.08342
264 282 0.00802
264 283 -0.00502
264 284 -0.06353
264 285 -0.15466
264 286 -0.00853
264 287 0.089
264 288 -0.03408
264 289 0.01708
264 290 0.02564
264 291 -0.00017
264 292 -0.04662
264 293 -0.05988
264 294 -0.05932
264 295 -0.03644
264 296 0.03359
264 297 -0.03657
264 298 0.01786
264 299 -0.11432
265 266 0.00489
265 267 -0.05784
265 268 -0.02985
265 269 0.03377
265 270 0.0866
265 271 -0.08387
265 272 -0.02431
265 273 0.05012
265 274 0.1395
265 275 -0.03574
265 276 -0.02102
265 277 0.12243
265 278 -0.03429
265 279 0.02891
265 280 -0.01695
265 281 0.00234
265 282 -0.0131
265 283 0.05736
265 284 0.01242
265 285 0.00849
265 286 -0.04516
265 287 0.09057
265 288 0.05535
265 289 0.0779
265 290 0.0218
265 291 0.02271
265 292 -0.03992
265 293 -0.00804
265 294 -0.03513
265 295 -0.01977
265 296 0.0572
265 297 -0.05881
265 298 0.0268
265 299 -0.01379
266 267 0.03588
266 268 0.07094
266 269 0.04764
266 270 -0.03957
266 271 -0.06314
266 272 -0.01337
266 273 -0.02439
266 274 -0.04121
266 275 -0.05347
266 276 0.02063
266 277 -0.07343
266 278 0.10685
266 279 0.05904
266 280 -0.07528
266 281 -0.00869
266 282 -0.03768
266 283 0.01909
266 284 0.09741
266 285 -0.07164
266 286 -0.00843
266 287 0.07968
266 288 0.04362
266 289 -0.04237
266 290 0.03479
266 291 -0.04176
266 292 0.0683
266 293 0.03005
266 294 0.01286
266 295 0.04699
266 296 0.0124
266 297 -0.05026
266 298 0.0845
266 299 0.10415
267 268 -0.00664
267 269 0.04577
267 270 -0.05778
267 271 0.06442
267 272 -0.01842
267 273 -0.01267
267 274 0.06578
267 275 -0.05258
267 276 0.0732
267 277 -0.01848
267 278 -0.08708
267 279 -0.05334
267 280 -0.05145
267 281 0.14229
267 282 0.07077
267 283 0.11488
267 284 0.01596
267 285 0.12842
267 286 0.00402
267 287 -0.01031
267 288 0.01016
267 289 -0.03246
267 290 -0.07113
267 291 0.04564
267 292 0.00476
267 293 -0.04255
267 294 0.03929
267 295 0.03974
267 296 0.03792
267 297 0.02123
267 298 -0.04248
267 299 0.0307
268 269 0.00648
268 270 -0.07663
268 271 0.00525
268 272 -0.0958
268 273 0.02889
268 274 0.05912
268 275 -0.08828
268 276 0.03032
268 277 -0.01751
268 278 -0.01885
268 279 0.10735
268 280 0.03252
268 281 -0.04212
268 282 0.0175
268 283 -0.00287
268 284 -0.00772
268 285 -0.01712
268 286 0.03191
268 287 0.04081
268 288 -0.00634
268 289 0.06477
268 290 -0.00652
268 291 -0.07348
268 292 0.02636
268 293 -0.04464
268 294 0.04456
268 295 -0.03428
268 296 0.05167
268 297 0.05922
268 298 -0.07846
268 299 0.04168
269 270 0.05617
269 271 0.08379
269 272 0.00059
269 273 0.08529
269 274 -0.09909
269 275 -0.01703
269 276 0.00551
269 277 -0.00002
269 278 -0.00079
269 279 0.04602
269 280 0.02999
269 281 0.01301
269 282 -0.04548
269 283 0.0114
269 284 -0.03064
269 285 0.10906
269 286 0.05111
269 287 0.02735
269 288 0.07295
269 289 -0.01653
269 290 -0.13799
269 291 0.04206
269 292 -0.04134
269 293 -0.02053
269 294 0.04261
269 295 -0.09425
269 296 0.02408
269 297 -0.0494
269 298 -0.05757
269 299 -0.00275
270 271 0.02191
270 272 0.08036
270 273 -0.03519
270 274 -0.04924
270 275 -0.02816
270 276 -0.0592
270 277 -0.02624
270 278 -0.04172
270 279 -0.0307
270 280 -0.06201
270 281 0.00797
270 282 -0.06286
270 283 0.0256
270 284 0.09927
270 285 0.00171
270 286 0.03644
270 287 0.01755
270 288 -0.11227
270 289 0.04814
270 290 -0.05176
270 291 -0.02751
270 292 -0.0367
270 293 0.04698
270 294 -0.02456
270 295 -0.0316
270 296 -0.07191
270 297 -0.00719
270 298 -0.04247
270 299 -0.00491
271 272 0.10951
271 273 0.06099
271 274 -0.05217
271 275 -0.00953
271 276 -0.00556
271 277 -0.02379
271 278 -0.01145
271 279 -0.02398
271 280 -0.05599
271 281 -0.01576
271 282 -0.00012
271 283 -0.00691
271 284 -0.05609
271 285 -0.00352
271 286 0.15007
271 287 0.0183
271 288 0.01177
271 289 -0.0742
271 290 0.02551
271 291 0.00864
271 292 0.11243
271 293 -0.04061
271 294 -0.0316
271 295 0.03628
271 296 -0.00432
271 297 0.07358
271 298 -0.02427
271 299 -0.00285
272 273 -0.02581
272 274 -0.01758
272 275 -0.04603
272 276 0.03521
272 277 0.01692
272 278 -0.01502
272 279 -0.04667
272 280 -0.05541
272 281 -0.0077
272 282 0.00123
272 283 0.07685
272 284 -0.03961
272 285 -0.04351
272 286 0.02646
272 287 0.01395
272 288 -0.00102
272 289 -0.02018
272 290 -0.00838
272 291 0.04086
272 292 0.15846
272 293 -0.07566
272 294 0.0026
272 295 -0.03276
272 296 -0.01307
272 297 -0.10456
272 298 -0.02439
272 299 0.0136
273 274 0.05747
273 275 0.02614
273 276 0.01897
273 277 0.06762
273 278 -0.0223
273 279 -0.00041
273 280 0.06552
273 281 -0.1031
273 282 -0.09086
273 283 -0.04604
273 284 0.00363
273 285 0.10563
273 286 -0.04356
273 287 -0.00136
273 288 0.0328
273 289 -0.04135
273 290 0.08325
273 291 -0.02777
273 292 0.03255
273 293 0.11654
273 294 0.07649
273 295 0.06583
273 296 0.01929
273 297 0.00733
273 298 0.08415
273 299 -0.05553
274 275 0.01961
274 276 0.04813
274 277 0.03205
274 278 0.0206
274 279 0.10921
274 280 0.09593
274 281 0.00095
274 282 0.04347
274 283 0.0568
274 284 0.00553
274 285 -0.04402
274 286 0.08991
274 287 0.1735
274 288 -0.04542
274 289 -0.01663
274 290 0.0023
274 291 -0.09322
274 292 0.02822
274 293 0.00024
274 294 0.02365
274 295 -0.07272
274 296 -0.10744
274 297 0.01603
274 298 -0.06248
274 299 -0.01361
275 276 -0.0084
275 277 0.06012
275 278 0.04831
275 279 0.00654
275 280 -0.09004
275 281 -0.09927
275 282 -0.02276
275 283 -0.052
275 284 -0.16382
275 285 0.07366
275 286 -0.0845
275 287 0.06339
275 288 0.05549
275 289 -0.01287
275 290 0.05369
275 291 -0.13943
275 292 0.07112
275 293 -0.03448
275 294 0.02993
275 295 0.00359
275 296 -0.10825
275 297 -0.02828
275 298 0.08363
275 299 -0.05448
276 277 0.03101
276 278 -0.09141
276 279 0.13368
276 280 -0.05034
276 281 0.11056
276 282 0.04535
276 283 -0.02341
276 284 0.0407
276 285 0.02972
276 286 -0.09437
276 287 -0.14118
276 288 -0.00677
276 289 0.04601
276 290 0.04342
276 291 -0.00863
276 292 0.07818
276 293 -0.05404
276 294 -0.0221
276 295 -0.0098
276 296 0.0658
276 297 -0.06612
276 298 -0.00784
276 299 -0.07099
277 278 0.06665
277 279 -0.14685
277 280 0.02441
277 281 -0.00947
277 282 -0.00542
277 283 0.14566
277 284 0.01739
277 285 0.04611
277 286 -0.03888
277 287 0.03212
277 288 -0.01529
277 289 -0.04943
277 290 0.05328
277 291 0.08595
277 292 -0.12469
277 293 0.05747
277 294 0.0225
277 295 -0.00289
277 296 -0.02352
277 297 -0.05444
277 298 -0.07094
277 299 0.02391
278 279 0.02796
278 280 0.01279
278 281 -0.01628
278 282 -0.04671
278 283 -0.01199
278 284 -0.03063
278 285 -0.04779
278 286 0.07802
278 287 0.02129
278 288 -0.08733
278 289 -0.032
278 290 -0.04451
278 291 -0.03462
278 292 -0.12017
278 293 -0.01842
278 294 -0.0671
278 295 -0.02694
278 296 0.03246
278 297 -0.02827
278 298 0.08922
278 299 -0.05128
279 280 -0.0346
279 281 -0.03423
279 282 -0.00957
279 283 -0.08761
279 284 -0.06841
279 285 0.02401
279 286 0.04941
279 287 0.05278
279 288 -0.00724
279 289 0.03603
279 290 -0.08806
279 291 -0.00063
279 292 -0.09518
279 293 -0.0485
279 294 -0.13911
279 295 0.01101
279 296 -0.06529
279 297 -0.10638
279 298 0.01354
279 299 -0.07092
280 281 -0.04203
280 282 -0.00484
280 283 0.15735
280 284 0.03871
280 285 0.01131
280 286 -0.00508
280 287 0.06742
280 288 0.08886
280 289 -0.09539
280 290 0.05284
280 291 -0.07015
280 292 -0.01224
280 293 0.09604
280 294 0.05452
280 295 -0.04592
280 296 -0.0443
280 297 -0.0123
280 298 0.03984
280 299 -0.05171
281 282 0.05024
281 283 0.05057
281 284 -0.13387
281 285 -0.00943
281 286 0.00948
281 287 0.01801
281 288 -0.0145
281 289 -0.01945
281 290 -0.06152
281 291 0.05465
281 292 -0.06429
281 293 -0.05335
281 294 0.07778
281 295 -0.01836
281 296 -0.01708
281 297 -0.0899
281 298 0.06986
281 299 -0.03816
282 283 -0.09586
282 284 -0.02824
282 285 0.03291
282 286 0.02899
282 287 0.01505
282 288 0.03769
282 289 0.03102
282 290 0.0765
282 291 0.12657
282 292 -0.03534
282 293 0.00538
282 294 -0.00075
282 295 0.03922
282 296 0.0548
282 297 -0.09133
282 298 -0.13175
282 299 0.07235
283 284 0.06895
283 285 -0.05291
283 286 0.00312
283 287 -0.0452
283 288 -0.09393
283 289 -0.00805
283 290 0.03821
283 291 -0.00769
283 292 0.07559
283 293 0.00885
283 294 -0.0568
283 295 0.03824
283 296 0.04543
283 297 0.0538
283 298 -0.04268
283 299 0.09484
284 285 -0.0444
284 286 -0.02621
284 287 0.01142
284 288 0.00342
284 289 0.12159
284 290 0.03961
284 291 -0.05368
284 292 -0.05386
284 293 0.0118
284 294 -0.08459
284 295 0.03365
284 296 -0.14985
284 297 0.02205
284 298 0.06041
284 299 -0.02297
285 286 -0.14417
285 287 0.06582
285 288 0.0554
285 289 0.06469
285 290 0.02498
285 291 -0.02347
285 292 0.10055
285 293 0.10892
285 294 -0.07621
285 295 0.04094
285 296 -0.028
285 297 -0.03897
285 298 0.0234
285 299 0.11766
286 287 0.07913
286 288 0.07512
286 289 -0.02938
286 290 0.02428
286 291 -0.05658
286 292 0.00867
286 293 -0.02037
286 294 0.05181
286 295 0.02459
286 296 0.00428
286 297 -0.06479
286 298 0.03514
286 299 0.07342
287 288 0.01799
287 289 -0.0488
287 290 0.04263
287 291 -0.05977
287 292 -0.0555
287 293 0.09319
287 294 -0.0167
287 295 -0.0469
287 296 -0.05553
287 297 0.00026
287 298 -0.03889
287 299 -0.06715
288 289 -0.01809
288 290 -0.04056
288 291 -0.05992
288 292 -0.01192
288 293 -0.13389
288 294 0.02066
288 295 -0.02176
288 296 0.0268
288 297 -0.05069
288 298 -0.01128
288 299 -0.0347
289 290 -0.08772
289 291 -0.02479
289 292 -0.06139
289 293 -0.01318
289 294 0.01848
289 295 -0.07417
289 296 -0.03258
289 297 -0.0152
289 298 0.04787
289 299 -0.08461
290 291 0.08574
290 292 0.05464
290 293 0.04443
290 294 -0.05438
290 295 -0.02184
290 296 0.12162
290 297 -0.05563
290 298 -0.00799
290 299 0.14101
291 292 -0.06943
291 293 -0.01594
291 294 -0.01234
291 295 -0.00783
291 296 0.08287
291 297 0.00964
291 298 0.04089
291 299 -0.02371
292 293 -0.01609
292 294 0.0152
292 295 -0.03387
292 296 -0.0806
292 297 -0.0974
292 298 -0.09006
292 299 -0.02972
293 294 -0.06414
293 295 -0.00001
293 296 0.0559
293 297 0.00291
293 298 0.06149
293 299 0.06122
294 295 0.08235
294 296 -0.02498
294 297 0.08344
294 298 0.02628
294 299 0.01513
295 296 -0.0246
295 297 -0.05736
295 298 -0.05009
295 299 0.0497
296 297 0.03788
296 298 0.10281
296 299 -0.00655
297 298 0.06449
297 299 -0.09332
298 299 -0.01932
