# model=ea3d N=2744 meanJ=0 seed=2803113101 distribution=gaussian field=0 num_fields=2744 num_couplings=8232
0 0
1 0
2 0
3 0
4 0
5 0
6 0
7 0
8 0
9 0
10 0
11 0
12 0
13 0
14 0
15 0
16 0
17 0
18 0
19 0
20 0
21 0
22 0
23 0
24 0
25 0
26 0
27 0
28 0
29 0
30 0
31 0
32 0
33 0
34 0
35 0
36 0
37 0
38 0
39 0
40 0
41 0
42 0
43 0
44 0
45 0
46 0
47 0
48 0
49 0
50 0
51 0
52 0
53 0
54 0
55 0
56 0
57 0
58 0
59 0
60 0
61 0
62 0
63 0
64 0
65 0
66 0
67 0
68 0
69 0
70 0
71 0
72 0
73 0
74 0
75 0
76 0
77 0
78 0
79 0
80 0
81 0
82 0
83 0
84 0
85 0
86 0
87 0
88 0
89 0
90 0
91 0
92 0
93 0
94 0
95 0
96 0
97 0
98 0
99 0
100 0
101 0
102 0
103 0
104 0
105 0
106 0
107 0
108 0
109 0
110 0
111 0
112 0
113 0
114 0
115 0
116 0
117 0
118 0
119 0
120 0
121 0
122 0
123 0
124 0
125 0
126 0
127 0
128 0
129 0
130 0
131 0
132 0
133 0
134 0
135 0
136 0
137 0
138 0
139 0
140 0
141 0
142 0
143 0
144 0
145 0
146 0
147 0
148 0
149 0
150 0
151 0
152 0
153 0
154 0
155 0
156 0
157 0
158 0
159 0
160 0
161 0
162 0
163 0
164 0
165 0
166 0
167 0
168 0
169 0
170 0
171 0
172 0
173 0
174 0
175 0
176 0
177 0
178 0
179 0
180 0
181 0
182 0
183 0
184 0
185 0
186 0
187 0
188 0
189 0
190 0
191 0
192 0
193 0
194 0
195 0
196 0
197 0
198 0
199 0
200 0
201 0
202 0
203 0
204 0
205 0
206 0
207 0
208 0
209 0
210 0
211 0
212 0
213 0
214 0
215 0
216 0
217 0
218 0
219 0
220 0
221 0
222 0
223 0
224 0
225 0
226 0
227 0
228 0
229 0
230 0
231 0
232 0
233 0
234 0
235 0
236 0
237 0
238 0
239 0
240 0
241 0
242 0
243 0
244 0
245 0
246 0
247 0
248 0
249 0
250 0
251 0
252 0
253 0
254 0
255 0
256 0
257 0
258 0
259 0
260 0
261 0
262 0
263 0
264 0
265 0
266 0
267 0
268 0
269 0
270 0
271 0
272 0
273 0
274 0
275 0
276 0
277 0
278 0
279 0
280 0
281 0
282 0
283 0
284 0
285 0
286 0
287 0
288 0
289 0
290 0
291 0
292 0
293 0
294 0
295 0
296 0
297 0
298 0
299 0
300 0
301 0
302 0
303 0
304 0
305 0
306 0
307 0
308 0
309 0
310 0
311 0
312 0
313 0
314 0
315 0
316 0
317 0
318 0
319 0
320 0
321 0
322 0
323 0
324 0
325 0
326 0
327 0
328 0
329 0
330 0
331 0
332 0
333 0
334 0
335 0
336 0
337 0
338 0
339 0
340 0
341 0
342 0
343 0
344 0
345 0
346 0
347 0
348 0
349 0
350 0
351 0
352 0
353 0
354 0
355 0
356 0
357 0
358 0
359 0
360 0
361 0
362 0
363 0
364 0
365 0
366 0
367 0
368 0
369 0
370 0
371 0
372 0
373 0
374 0
375 0
376 0
377 0
378 0
379 0
380 0
381 0
382 0
383 0
384 0
385 0
386 0
387 0
388 0
389 0
390 0
391 0
392 0
393 0
394 0
395 0
396 0
397 0
398 0
399 0
400 0
401 0
402 0
403 0
404 0
405 0
406 0
407 0
408 0
409 0
410 0
411 0
412 0
413 0
414 0
415 0
416 0
417 0
418 0
419 0
420 0
421 0
422 0
423 0
424 0
425 0
426 0
427 0
428 0
429 0
430 0
431 0
432 0
433 0
434 0
435 0
436 0
437 0
438 0
439 0
440 0
441 0
442 0
443 0
444 0
445 0
446 0
447 0
448 0
449 0
450 0
451 0
452 0
453 0
454 0
455 0
456 0
457 0
458 0
459 0
460 0
461 0
462 0
463 0
464 0
465 0
466 0
467 0
468 0
469 0
470 0
471 0
472 0
473 0
474 0
475 0
476 0
477 0
478 0
479 0
480 0
481 0
482 0
483 0
484 0
485 0
486 0
487 0
488 0
489 0
490 0
491 0
492 0
493 0
494 0
495 0
496 0
497 0
498 0
499 0
500 0
501 0
502 0
503 0
504 0
505 0
506 0
507 0
508 0
509 0
510 0
511 0
512 0
513 0
514 0
515 0
516 0
517 0
518 0
519 0
520 0
521 0
522 0
523 0
524 0
525 0
526 0
527 0
528 0
529 0
530 0
531 0
532 0
533 0
534 0
535 0
536 0
537 0
538 0
539 0
540 0
541 0
542 0
543 0
544 0
545 0
546 0
547 0
548 0
549 0
550 0
551 0
552 0
553 0
554 0
555 0
556 0
557 0
558 0
559 0
560 0
561 0
562 0
563 0
564 0
565 0
566 0
567 0
568 0
569 0
570 0
571 0
572 0
573 0
574 0
575 0
576 0
577 0
578 0
579 0
580 0
581 0
582 0
583 0
584 0
585 0
586 0
587 0
588 0
589 0
590 0
591 0
592 0
593 0
594 0
595 0
596 0
597 0
598 0
599 0
600 0
601 0
602 0
603 0
604 0
605 0
606 0
607 0
608 0
609 0
610 0
611 0
612 0
613 0
614 0
615 0
616 0
617 0
618 0
619 0
620 0
621 0
622 0
623 0
624 0
625 0
626 0
627 0
628 0
629 0
630 0
631 0
632 0
633 0
634 0
635 0
636 0
637 0
638 0
639 0
640 0
641 0
642 0
643 0
644 0
645 0
646 0
647 0
648 0
649 0
650 0
651 0
652 0
653 0
654 0
655 0
656 0
657 0
658 0
659 0
660 0
661 0
662 0
663 0
664 0
665 0
666 0
667 0
668 0
669 0
670 0
671 0
672 0
673 0
674 0
675 0
676 0
677 0
678 0
679 0
680 0
681 0
682 0
683 0
684 0
685 0
686 0
687 0
688 0
689 0
690 0
691 0
692 0
693 0
694 0
695 0
696 0
697 0
698 0
699 0
700 0
701 0
702 0
703 0
704 0
705 0
706 0
707 0
708 0
709 0
710 0
711 0
712 0
713 0
714 0
715 0
716 0
717 0
718 0
719 0
720 0
721 0
722 0
723 0
724 0
725 0
726 0
727 0
728 0
729 0
730 0
731 0
732 0
733 0
734 0
735 0
736 0
737 0
738 0
739 0
740 0
741 0
742 0
743 0
744 0
745 0
746 0
747 0
748 0
749 0
750 0
751 0
752 0
753 0
754 0
755 0
756 0
757 0
758 0
759 0
760 0
761 0
762 0
763 0
764 0
765 0
766 0
767 0
768 0
769 0
770 0
771 0
772 0
773 0
774 0
775 0
776 0
777 0
778 0
779 0
780 0
781 0
782 0
783 0
784 0
785 0
786 0
787 0
788 0
789 0
790 0
791 0
792 0
793 0
794 0
795 0
796 0
797 0
798 0
799 0
800 0
801 0
802 0
803 0
804 0
805 0
806 0
807 0
808 0
809 0
810 0
811 0
812 0
813 0
814 0
815 0
816 0
817 0
818 0
819 0
820 0
821 0
822 0
823 0
824 0
825 0
826 0
827 0
828 0
829 0
830 0
831 0
832 0
833 0
834 0
835 0
836 0
837 0
838 0
839 0
840 0
841 0
842 0
843 0
844 0
845 0
846 0
847 0
848 0
849 0
850 0
851 0
852 0
853 0
854 0
855 0
856 0
857 0
858 0
859 0
860 0
861 0
862 0
863 0
864 0
865 0
866 0
867 0
868 0
869 0
870 0
871 0
872 0
873 0
874 0
875 0
876 0
877 0
878 0
879 0
880 0
881 0
882 0
883 0
884 0
885 0
886 0
887 0
888 0
889 0
890 0
891 0
892 0
893 0
894 0
895 0
896 0
897 0
898 0
899 0
900 0
901 0
902 0
903 0
904 0
905 0
906 0
907 0
908 0
909 0
910 0
911 0
912 0
913 0
914 0
915 0
916 0
917 0
918 0
919 0
920 0
921 0
922 0
923 0
924 0
925 0
926 0
927 0
928 0
929 0
930 0
931 0
932 0
933 0
934 0
935 0
936 0
937 0
938 0
939 0
940 0
941 0
942 0
943 0
944 0
945 0
946 0
947 0
948 0
949 0
950 0
951 0
952 0
953 0
954 0
955 0
956 0
957 0
958 0
959 0
960 0
961 0
962 0
963 0
964 0
965 0
966 0
967 0
968 0
969 0
970 0
971 0
972 0
973 0
974 0
975 0
976 0
977 0
978 0
979 0
980 0
981 0
982 0
983 0
984 0
985 0
986 0
987 0
988 0
989 0
990 0
991 0
992 0
993 0
994 0
995 0
996 0
997 0
998 0
999 0
1000 0
1001 0
1002 0
1003 0
1004 0
1005 0
1006 0
1007 0
1008 0
1009 0
1010 0
1011 0
1012 0
1013 0
1014 0
1015 0
1016 0
1017 0
1018 0
1019 0
1020 0
1021 0
1022 0
1023 0
1024 0
1025 0
1026 0
1027 0
1028 0
1029 0
1030 0
1031 0
1032 0
1033 0
1034 0
1035 0
1036 0
1037 0
1038 0
1039 0
1040 0
1041 0
1042 0
1043 0
1044 0
1045 0
1046 0
1047 0
1048 0
1049 0
1050 0
1051 0
1052 0
1053 0
1054 0
1055 0
1056 0
1057 0
1058 0
1059 0
1060 0
1061 0
1062 0
1063 0
1064 0
1065 0
1066 0
1067 0
1068 0
1069 0
1070 0
1071 0
1072 0
1073 0
1074 0
1075 0
1076 0
1077 0
1078 0
1079 0
1080 0
1081 0
1082 0
1083 0
1084 0
1085 0
1086 0
1087 0
1088 0
1089 0
1090 0
1091 0
1092 0
1093 0
1094 0
1095 0
1096 0
1097 0
1098 0
1099 0
1100 0
1101 0
1102 0
1103 0
1104 0
1105 0
1106 0
1107 0
1108 0
1109 0
1110 0
1111 0
1112 0
1113 0
1114 0
1115 0
1116 0
1117 0
1118 0
1119 0
1120 0
1121 0
1122 0
1123 0
1124 0
1125 0
1126 0
1127 0
1128 0
1129 0
1130 0
1131 0
1132 0
1133 0
1134 0
1135 0
1136 0
1137 0
1138 0
1139 0
1140 0
1141 0
1142 0
1143 0
1144 0
1145 0
1146 0
1147 0
1148 0
1149 0
1150 0
1151 0
1152 0
1153 0
1154 0
1155 0
1156 0
1157 0
1158 0
1159 0
1160 0
1161 0
1162 0
1163 0
1164 0
1165 0
1166 0
1167 0
1168 0
1169 0
1170 0
1171 0
1172 0
1173 0
1174 0
1175 0
1176 0
1177 0
1178 0
1179 0
1180 0
1181 0
1182 0
1183 0
1184 0
1185 0
1186 0
1187 0
1188 0
1189 0
1190 0
1191 0
1192 0
1193 0
1194 0
1195 0
1196 0
1197 0
1198 0
1199 0
1200 0
1201 0
1202 0
1203 0
1204 0
1205 0
1206 0
1207 0
1208 0
1209 0
1210 0
1211 0
1212 0
1213 0
1214 0
1215 0
1216 0
1217 0
1218 0
1219 0
1220 0
1221 0
1222 0
1223 0
1224 0
1225 0
1226 0
1227 0
1228 0
1229 0
1230 0
1231 0
1232 0
1233 0
1234 0
1235 0
1236 0
1237 0
1238 0
1239 0
1240 0
1241 0
1242 0
1243 0
1244 0
1245 0
1246 0
1247 0
1248 0
1249 0
1250 0
1251 0
1252 0
1253 0
1254 0
1255 0
1256 0
1257 0
1258 0
1259 0
1260 0
1261 0
1262 0
1263 0
1264 0
1265 0
1266 0
1267 0
1268 0
1269 0
1270 0
1271 0
1272 0
1273 0
1274 0
1275 0
1276 0
1277 0
1278 0
1279 0
1280 0
1281 0
1282 0
1283 0
1284 0
1285 0
1286 0
1287 0
1288 0
1289 0
1290 0
1291 0
1292 0
1293 0
1294 0
1295 0
1296 0
1297 0
1298 0
1299 0
1300 0
1301 0
1302 0
1303 0
1304 0
1305 0
1306 0
1307 0
1308 0
1309 0
1310 0
1311 0
1312 0
1313 0
1314 0
1315 0
1316 0
1317 0
1318 0
1319 0
1320 0
1321 0
1322 0
1323 0
1324 0
1325 0
1326 0
1327 0
1328 0
1329 0
1330 0
1331 0
1332 0
1333 0
1334 0
1335 0
1336 0
1337 0
1338 0
1339 0
1340 0
1341 0
1342 0
1343 0
1344 0
1345 0
1346 0
1347 0
1348 0
1349 0
1350 0
1351 0
1352 0
1353 0
1354 0
1355 0
1356 0
1357 0
1358 0
1359 0
1360 0
1361 0
1362 0
1363 0
1364 0
1365 0
1366 0
1367 0
1368 0
1369 0
1370 0
1371 0
1372 0
1373 0
1374 0
1375 0
1376 0
1377 0
1378 0
1379 0
1380 0
1381 0
1382 0
1383 0
1384 0
1385 0
1386 0
1387 0
1388 0
1389 0
1390 0
1391 0
1392 0
1393 0
1394 0
1395 0
1396 0
1397 0
1398 0
1399 0
1400 0
1401 0
1402 0
1403 0
1404 0
1405 0
1406 0
1407 0
1408 0
1409 0
1410 0
1411 0
1412 0
1413 0
1414 0
1415 0
1416 0
1417 0
1418 0
1419 0
1420 0
1421 0
1422 0
1423 0
1424 0
1425 0
1426 0
1427 0
1428 0
1429 0
1430 0
1431 0
1432 0
1433 0
1434 0
1435 0
1436 0
1437 0
1438 0
1439 0
1440 0
1441 0
1442 0
1443 0
1444 0
1445 0
1446 0
1447 0
1448 0
1449 0
1450 0
1451 0
1452 0
1453 0
1454 0
1455 0
1456 0
1457 0
1458 0
1459 0
1460 0
1461 0
1462 0
1463 0
1464 0
1465 0
1466 0
1467 0
1468 0
1469 0
1470 0
1471 0
1472 0
1473 0
1474 0
1475 0
1476 0
1477 0
1478 0
1479 0
1480 0
1481 0
1482 0
1483 0
1484 0
1485 0
1486 0
1487 0
1488 0
1489 0
1490 0
1491 0
1492 0
1493 0
1494 0
1495 0
1496 0
1497 0
1498 0
1499 0
1500 0
1501 0
1502 0
1503 0
1504 0
1505 0
1506 0
1507 0
1508 0
1509 0
1510 0
1511 0
1512 0
1513 0
1514 0
1515 0
1516 0
1517 0
1518 0
1519 0
1520 0
1521 0
1522 0
1523 0
1524 0
1525 0
1526 0
1527 0
1528 0
1529 0
1530 0
1531 0
1532 0
1533 0
1534 0
1535 0
1536 0
1537 0
1538 0
1539 0
1540 0
1541 0
1542 0
1543 0
1544 0
1545 0
1546 0
1547 0
1548 0
1549 0
1550 0
1551 0
1552 0
1553 0
1554 0
1555 0
1556 0
1557 0
1558 0
1559 0
1560 0
1561 0
1562 0
1563 0
1564 0
1565 0
1566 0
1567 0
1568 0
1569 0
1570 0
1571 0
1572 0
1573 0
1574 0
1575 0
1576 0
1577 0
1578 0
1579 0
1580 0
1581 0
1582 0
1583 0
1584 0
1585 0
1586 0
1587 0
1588 0
1589 0
1590 0
1591 0
1592 0
1593 0
1594 0
1595 0
1596 0
1597 0
1598 0
1599 0
1600 0
1601 0
1602 0
1603 0
1604 0
1605 0
1606 0
1607 0
1608 0
1609 0
1610 0
1611 0
1612 0
1613 0
1614 0
1615 0
1616 0
1617 0
1618 0
1619 0
1620 0
1621 0
1622 0
1623 0
1624 0
1625 0
1626 0
1627 0
1628 0
1629 0
1630 0
1631 0
1632 0
1633 0
1634 0
1635 0
1636 0
1637 0
1638 0
1639 0
1640 0
1641 0
1642 0
1643 0
1644 0
1645 0
1646 0
1647 0
1648 0
1649 0
1650 0
1651 0
1652 0
1653 0
1654 0
1655 0
1656 0
1657 0
1658 0
1659 0
1660 0
1661 0
1662 0
1663 0
1664 0
1665 0
1666 0
1667 0
1668 0
1669 0
1670 0
1671 0
1672 0
1673 0
1674 0
1675 0
1676 0
1677 0
1678 0
1679 0
1680 0
1681 0
1682 0
1683 0
1684 0
1685 0
1686 0
1687 0
1688 0
1689 0
1690 0
1691 0
1692 0
1693 0
1694 0
1695 0
1696 0
1697 0
1698 0
1699 0
1700 0
1701 0
1702 0
1703 0
1704 0
1705 0
1706 0
1707 0
1708 0
1709 0
1710 0
1711 0
1712 0
1713 0
1714 0
1715 0
1716 0
1717 0
1718 0
1719 0
1720 0
1721 0
1722 0
1723 0
1724 0
1725 0
1726 0
1727 0
1728 0
1729 0
1730 0
1731 0
1732 0
1733 0
1734 0
1735 0
1736 0
1737 0
1738 0
1739 0
1740 0
1741 0
1742 0
1743 0
1744 0
1745 0
1746 0
1747 0
1748 0
1749 0
1750 0
1751 0
1752 0
1753 0
1754 0
1755 0
1756 0
1757 0
1758 0
1759 0
1760 0
1761 0
1762 0
1763 0
1764 0
1765 0
1766 0
1767 0
1768 0
1769 0
1770 0
1771 0
1772 0
1773 0
1774 0
1775 0
1776 0
1777 0
1778 0
1779 0
1780 0
1781 0
1782 0
1783 0
1784 0
1785 0
1786 0
1787 0
1788 0
1789 0
1790 0
1791 0
1792 0
1793 0
1794 0
1795 0
1796 0
1797 0
1798 0
1799 0
1800 0
1801 0
1802 0
1803 0
1804 0
1805 0
1806 0
1807 0
1808 0
1809 0
1810 0
1811 0
1812 0
1813 0
1814 0
1815 0
1816 0
1817 0
1818 0
1819 0
1820 0
1821 0
1822 0
1823 0
1824 0
1825 0
1826 0
1827 0
1828 0
1829 0
1830 0
1831 0
1832 0
1833 0
1834 0
1835 0
1836 0
1837 0
1838 0
1839 0
1840 0
1841 0
1842 0
1843 0
1844 0
1845 0
1846 0
1847 0
1848 0
1849 0
1850 0
1851 0
1852 0
1853 0
1854 0
1855 0
1856 0
1857 0
1858 0
1859 0
1860 0
1861 0
1862 0
1863 0
1864 0
1865 0
1866 0
1867 0
1868 0
1869 0
1870 0
1871 0
1872 0
1873 0
1874 0
1875 0
1876 0
1877 0
1878 0
1879 0
1880 0
1881 0
1882 0
1883 0
1884 0
1885 0
1886 0
1887 0
1888 0
1889 0
1890 0
1891 0
1892 0
1893 0
1894 0
1895 0
1896 0
1897 0
1898 0
1899 0
1900 0
1901 0
1902 0
1903 0
1904 0
1905 0
1906 0
1907 0
1908 0
1909 0
1910 0
1911 0
1912 0
1913 0
1914 0
1915 0
1916 0
1917 0
1918 0
1919 0
1920 0
1921 0
1922 0
1923 0
1924 0
1925 0
1926 0
1927 0
1928 0
1929 0
1930 0
1931 0
1932 0
1933 0
1934 0
1935 0
1936 0
1937 0
1938 0
1939 0
1940 0
1941 0
1942 0
1943 0
1944 0
1945 0
1946 0
1947 0
1948 0
1949 0
1950 0
1951 0
1952 0
1953 0
1954 0
1955 0
1956 0
1957 0
1958 0
1959 0
1960 0
1961 0
1962 0
1963 0
1964 0
1965 0
1966 0
1967 0
1968 0
1969 0
1970 0
1971 0
1972 0
1973 0
1974 0
1975 0
1976 0
1977 0
1978 0
1979 0
1980 0
1981 0
1982 0
1983 0
1984 0
1985 0
1986 0
1987 0
1988 0
1989 0
1990 0
1991 0
1992 0
1993 0
1994 0
1995 0
1996 0
1997 0
1998 0
1999 0
2000 0
2001 0
2002 0
2003 0
2004 0
2005 0
2006 0
2007 0
2008 0
2009 0
2010 0
2011 0
2012 0
2013 0
2014 0
2015 0
2016 0
2017 0
2018 0
2019 0
2020 0
2021 0
2022 0
2023 0
2024 0
2025 0
2026 0
2027 0
2028 0
2029 0
2030 0
2031 0
2032 0
2033 0
2034 0
2035 0
2036 0
2037 0
2038 0
2039 0
2040 0
2041 0
2042 0
2043 0
2044 0
2045 0
2046 0
2047 0
2048 0
2049 0
2050 0
2051 0
2052 0
2053 0
2054 0
2055 0
2056 0
2057 0
2058 0
2059 0
2060 0
2061 0
2062 0
2063 0
2064 0
2065 0
2066 0
2067 0
2068 0
2069 0
2070 0
2071 0
2072 0
2073 0
2074 0
2075 0
2076 0
2077 0
2078 0
2079 0
2080 0
2081 0
2082 0
2083 0
2084 0
2085 0
2086 0
2087 0
2088 0
2089 0
2090 0
2091 0
2092 0
2093 0
2094 0
2095 0
2096 0
2097 0
2098 0
2099 0
2100 0
2101 0
2102 0
2103 0
2104 0
2105 0
2106 0
2107 0
2108 0
2109 0
2110 0
2111 0
2112 0
2113 0
2114 0
2115 0
2116 0
2117 0
2118 0
2119 0
2120 0
2121 0
2122 0
2123 0
2124 0
2125 0
2126 0
2127 0
2128 0
2129 0
2130 0
2131 0
2132 0
2133 0
2134 0
2135 0
2136 0
2137 0
2138 0
2139 0
2140 0
2141 0
2142 0
2143 0
2144 0
2145 0
2146 0
2147 0
2148 0
2149 0
2150 0
2151 0
2152 0
2153 0
2154 0
2155 0
2156 0
2157 0
2158 0
2159 0
2160 0
2161 0
2162 0
2163 0
2164 0
2165 0
2166 0
2167 0
2168 0
2169 0
2170 0
2171 0
2172 0
2173 0
2174 0
2175 0
2176 0
2177 0
2178 0
2179 0
2180 0
2181 0
2182 0
2183 0
2184 0
2185 0
2186 0
2187 0
2188 0
2189 0
2190 0
2191 0
2192 0
2193 0
2194 0
2195 0
2196 0
2197 0
2198 0
2199 0
2200 0
2201 0
2202 0
2203 0
2204 0
2205 0
2206 0
2207 0
2208 0
2209 0
2210 0
2211 0
2212 0
2213 0
2214 0
2215 0
2216 0
2217 0
2218 0
2219 0
2220 0
2221 0
2222 0
2223 0
2224 0
2225 0
2226 0
2227 0
2228 0
2229 0
2230 0
2231 0
2232 0
2233 0
2234 0
2235 0
2236 0
2237 0
2238 0
2239 0
2240 0
2241 0
2242 0
2243 0
2244 0
2245 0
2246 0
2247 0
2248 0
2249 0
2250 0
2251 0
2252 0
2253 0
2254 0
2255 0
2256 0
2257 0
2258 0
2259 0
2260 0
2261 0
2262 0
2263 0
2264 0
2265 0
2266 0
2267 0
2268 0
2269 0
2270 0
2271 0
2272 0
2273 0
2274 0
2275 0
2276 0
2277 0
2278 0
2279 0
2280 0
2281 0
2282 0
2283 0
2284 0
2285 0
2286 0
2287 0
2288 0
2289 0
2290 0
2291 0
2292 0
2293 0
2294 0
2295 0
2296 0
2297 0
2298 0
2299 0
2300 0
2301 0
2302 0
2303 0
2304 0
2305 0
2306 0
2307 0
2308 0
2309 0
2310 0
2311 0
2312 0
2313 0
2314 0
2315 0
2316 0
2317 0
2318 0
2319 0
2320 0
2321 0
2322 0
2323 0
2324 0
2325 0
2326 0
2327 0
2328 0
2329 0
2330 0
2331 0
2332 0
2333 0
2334 0
2335 0
2336 0
2337 0
2338 0
2339 0
2340 0
2341 0
2342 0
2343 0
2344 0
2345 0
2346 0
2347 0
2348 0
2349 0
2350 0
2351 0
2352 0
2353 0
2354 0
2355 0
2356 0
2357 0
2358 0
2359 0
2360 0
2361 0
2362 0
2363 0
2364 0
2365 0
2366 0
2367 0
2368 0
2369 0
2370 0
2371 0
2372 0
2373 0
2374 0
2375 0
2376 0
2377 0
2378 0
2379 0
2380 0
2381 0
2382 0
2383 0
2384 0
2385 0
2386 0
2387 0
2388 0
2389 0
2390 0
2391 0
2392 0
2393 0
2394 0
2395 0
2396 0
2397 0
2398 0
2399 0
2400 0
2401 0
2402 0
2403 0
2404 0
2405 0
2406 0
2407 0
2408 0
2409 0
2410 0
2411 0
2412 0
2413 0
2414 0
2415 0
2416 0
2417 0
2418 0
2419 0
2420 0
2421 0
2422 0
2423 0
2424 0
2425 0
2426 0
2427 0
2428 0
2429 0
2430 0
2431 0
2432 0
2433 0
2434 0
2435 0
2436 0
2437 0
2438 0
2439 0
2440 0
2441 0
2442 0
2443 0
2444 0
2445 0
2446 0
2447 0
2448 0
2449 0
2450 0
2451 0
2452 0
2453 0
2454 0
2455 0
2456 0
2457 0
2458 0
2459 0
2460 0
2461 0
2462 0
2463 0
2464 0
2465 0
2466 0
2467 0
2468 0
2469 0
2470 0
2471 0
2472 0
2473 0
2474 0
2475 0
2476 0
2477 0
2478 0
2479 0
2480 0
2481 0
2482 0
2483 0
2484 0
2485 0
2486 0
2487 0
2488 0
2489 0
2490 0
2491 0
2492 0
2493 0
2494 0
2495 0
2496 0
2497 0
2498 0
2499 0
2500 0
2501 0
2502 0
2503 0
2504 0
2505 0
2506 0
2507 0
2508 0
2509 0
2510 0
2511 0
2512 0
2513 0
2514 0
2515 0
2516 0
2517 0
2518 0
2519 0
2520 0
2521 0
2522 0
2523 0
2524 0
2525 0
2526 0
2527 0
2528 0
2529 0
2530 0
2531 0
2532 0
2533 0
2534 0
2535 0
2536 0
2537 0
2538 0
2539 0
2540 0
2541 0
2542 0
2543 0
2544 0
2545 0
2546 0
2547 0
2548 0
2549 0
2550 0
2551 0
2552 0
2553 0
2554 0
2555 0
2556 0
2557 0
2558 0
2559 0
2560 0
2561 0
2562 0
2563 0
2564 0
2565 0
2566 0
2567 0
2568 0
2569 0
2570 0
2571 0
2572 0
2573 0
2574 0
2575 0
2576 0
2577 0
2578 0
2579 0
2580 0
2581 0
2582 0
2583 0
2584 0
2585 0
2586 0
2587 0
2588 0
2589 0
2590 0
2591 0
2592 0
2593 0
2594 0
2595 0
2596 0
2597 0
2598 0
2599 0
2600 0
2601 0
2602 0
2603 0
2604 0
2605 0
2606 0
2607 0
2608 0
2609 0
2610 0
2611 0
2612 0
2613 0
2614 0
2615 0
2616 0
2617 0
2618 0
2619 0
2620 0
2621 0
2622 0
2623 0
2624 0
2625 0
2626 0
2627 0
2628 0
2629 0
2630 0
2631 0
2632 0
2633 0
2634 0
2635 0
2636 0
2637 0
2638 0
2639 0
2640 0
2641 0
2642 0
2643 0
2644 0
2645 0
2646 0
2647 0
2648 0
2649 0
2650 0
2651 0
2652 0
2653 0
2654 0
2655 0
2656 0
2657 0
2658 0
2659 0
2660 0
2661 0
2662 0
2663 0
2664 0
2665 0
2666 0
2667 0
2668 0
2669 0
2670 0
2671 0
2672 0
2673 0
2674 0
2675 0
2676 0
2677 0
2678 0
2679 0
2680 0
2681 0
2682 0
2683 0
2684 0
2685 0
2686 0
2687 0
2688 0
2689 0
2690 0
2691 0
2692 0
2693 0
2694 0
2695 0
2696 0
2697 0
2698 0
2699 0
2700 0
2701 0
2702 0
2703 0
2704 0
2705 0
2706 0
2707 0
2708 0
2709 0
2710 0
2711 0
2712 0
2713 0
2714 0
2715 0
2716 0
2717 0
2718 0
2719 0
2720 0
2721 0
2722 0
2723 0
2724 0
2725 0
2726 0
2727 0
2728 0
2729 0
2730 0
2731 0
2732 0
2733 0
2734 0
2735 0
2736 0
2737 0
2738 0
2739 0
2740 0
2741 0
2742 0
2743 0
0 196 2.1715274524848569
0 14 0.04194533223213108
0 1 -0.037835501574922423
1 197 0.30211095284719586
1 15 0.9481155692408032
1 2 -0.078573154769041198
2 198 -0.093594056795919797
2 16 0.52714976754304299
2 3 -0.60036874584408217
3 199 0.69131911140297631
3 17 -1.0262304746301769
3 4 0.072988226987878629
4 200 0.11377727377694853
4 18 0.43145545151743181
4 5 -0.6593102395009911
5 201 1.5901765315833611
5 19 -1.0218172812826378
5 6 0.50682102888557801
6 202 0.060860692134146216
6 20 -0.42515381834294896
6 7 -0.88930086089177274
7 203 -0.38019984965677289
7 21 -0.37902728438138666
7 8 -0.44140519733365924
8 204 -0.78745714919524545
8 22 -0.6453000745714117
8 9 1.2091549064884595
9 205 0.52025899644653129
9 23 -1.7876398190675302
9 10 1.2040485319235257
10 206 0.21140355132997454
10 24 0.78391549146620321
10 11 0.046140343493264617
11 207 -0.61278417190902168
11 25 0.65944700324427863
11 12 -0.12473653435659771
12 208 -0.51478427383094916
12 26 0.7471696305847868
12 13 0.076811856349647031
13 209 -0.53693608722472652
13 27 0.43768909239710718
0 13 1.2963579003069743
14 210 -0.79852134319054269
14 28 1.2902322709883218
14 15 -1.2525696306751997
15 211 -0.055180426893516703
15 29 -0.181532024427145
15 16 -0.25714016143653995
16 212 -0.48164410100864086
16 30 0.97589529300498568
16 17 -0.9626726019151729
17 213 0.38953756924675614
17 31 1.0296173203196239
17 18 0.88281051401603539
18 214 -0.51055872753288267
18 32 0.65209693018245185
18 19 2.5065403442244478
19 215 0.45641365054297406
19 33 1.1765056182531635
19 20 1.4586753914817605
20 216 -0.79035911120727997
20 34 -0.0080866709509123946
20 21 0.57576537259968597
21 217 0.46882222282631458
21 35 0.55651715228632459
21 22 2.1138560900151515
22 218 0.67803480631574398
22 36 0.29553260064590559
22 23 -0.4609193889404089
23 219 -1.6140416117828371
23 37 0.40693067666493288
23 24 0.05695502991441017
24 220 1.6752711026153588
24 38 -1.3021750217865649
24 25 -0.13402342776873294
25 221 1.2761538517424238
25 39 0.34969026830426575
25 26 0.74463267754662021
26 222 -1.1732563996337504
26 40 0.6016088769406267
26 27 0.71054867089011964
27 223 0.29223972251378344
27 41 -0.19119828403314482
14 27 -0.41666898045599055
28 224 0.92864742228861885
28 42 0.80005444860119079
28 29 -0.032036540549703126
29 225 -1.0266829897183427
29 43 -0.56054642270941624
29 30 -0.70970009133630529
30 226 -0.38240350271666945
30 44 -0.21860272981208045
30 31 0.77218615872888785
31 227 -0.011948420195141597
31 45 0.31975103502360785
31 32 -0.1171656576095962
32 228 0.50944019700397081
32 46 -1.5552552294488182
32 33 1.6037988081978836
33 229 0.077926831470062061
33 47 -1.326672323896797
33 34 -1.6972671389057621
34 230 -0.15862160575882991
34 48 1.3647624051180938
34 35 -0.7650854397154645
35 231 2.5928498844206533
35 49 -0.64834758170908491
35 36 0.34014627085064636
36 232 1.2883612757855667
36 50 1.4926113428216603
36 37 0.90659156052658085
37 233 -1.3310976161564498
37 51 -0.33926970899212422
37 38 1.8440222601779943
38 234 -0.70258309650979189
38 52 0.70250954146953648
38 39 0.69926520607659004
39 235 0.40597266062186477
39 53 -0.91329894816365009
39 40 0.21775720157691705
40 236 -0.87903203101865657
40 54 0.11478615117930943
40 41 0.10740303889400836
41 237 0.24955716303471898
41 55 -0.50004006287034242
28 41 -0.69340171510123849
42 238 -0.013907827245902584
42 56 1.2922318060777171
42 43 0.34085023145239496
43 239 0.34700421853234942
43 57 -1.4073599648211907
43 44 0.41148184448563352
44 240 1.2676852732169517
44 58 -0.73033184452326405
44 45 0.10604757053098464
45 241 0.043599564120319755
45 59 -0.78400186061532295
45 46 -0.93144387282184637
46 242 -1.4913582353549104
46 60 1.2084158268429441
46 47 -2.0372496791368699
47 243 0.44977814359656898
47 61 0.16752968613208341
47 48 -0.3518399865316667
48 244 -0.92476739159006904
48 62 0.38964838321693201
48 49 0.40750395904064191
49 245 -0.43414063420539906
49 63 -0.32283089301135137
49 50 -0.13727284057139874
50 246 0.79443554110054715
50 64 1.8629729558608639
50 51 -0.33300961749533375
51 247 0.36328052796143806
51 65 -0.76201999062460057
51 52 -0.46637090512013113
52 248 -0.66149425162358311
52 66 -0.33648479797815051
52 53 -1.0977830080003059
53 249 -2.2776236424387912
53 67 0.21431827237416767
53 54 1.0357070749966866
54 250 -0.080780352824558782
54 68 0.012346432758380604
54 55 1.3073391300046628
55 251 -0.043768966714301243
55 69 -1.7430180412254461
42 55 -1.0740917868446316
56 252 -1.5627415857500535
56 70 0.26308222891967237
56 57 1.1337352620048176
57 253 -1.4345543827820484
57 71 0.44053021622164973
57 58 -0.64885019582352155
58 254 -1.4787879551991492
58 72 -0.54974681459417918
58 59 0.89163294215493627
59 255 -0.28480256198489923
59 73 0.92343726410291194
59 60 0.58247783095059347
60 256 0.41019431343749763
60 74 -0.51212940160348097
60 61 1.2208900010928041
61 257 -1.3358211657235233
61 75 -0.72191546852977817
61 62 1.0566855443976257
62 258 0.48174090235479544
62 76 -0.84597272568626058
62 63 -0.52849757167455913
63 259 1.688185241346557
63 77 0.9572834455830358
63 64 -0.49515714782386833
64 260 -1.6836705374348802
64 78 -0.4376467698580303
64 65 0.46166488002774625
65 261 -0.56682149813372962
65 79 0.53914359258699174
65 66 -2.2776341633321686
66 262 1.4620402172170541
66 80 0.18024765629147996
66 67 -1.9902745267520399
67 263 0.0083807080234116343
67 81 0.72137422653695582
67 68 -0.55746999475315295
68 264 1.594605313856621
68 82 1.5248473291703513
68 69 0.29860657584836148
69 265 0.40244001099134913
69 83 -1.7476132913990139
56 69 -0.59947875221820079
70 266 -1.1363873643585918
70 84 -0.40091245406347031
70 71 -0.14977994561972954
71 267 -0.53444339314990796
71 85 0.64482443372905918
71 72 0.64862833621855343
72 268 -0.6468905768143598
72 86 -1.3566274927633739
72 73 -0.66474045401796178
73 269 -0.54921376004053557
73 87 -0.66234906314027953
73 74 -0.34511833744310094
74 270 1.3083166401904267
74 88 2.3598852950479614
74 75 -0.5430275412302743
75 271 0.48959950619926357
75 89 0.7109494509501062
75 76 0.45580429576377701
76 272 -0.8710252876674266
76 90 1.7471009822449979
76 77 -1.3537523019435913
77 273 -2.1747355029391517
77 91 0.31084553885607691
77 78 0.73693751227136972
78 274 0.16028824843517436
78 92 -0.73637600141954906
78 79 -0.041451161157192946
79 275 -1.3940976192493353
79 93 0.6290631958006121
79 80 0.47081917027813897
80 276 1.274106489478003
80 94 0.13799761166306221
80 81 2.40364046324739
81 277 0.34237017708529183
81 95 0.65339543458517935
81 82 -0.41996059634211558
82 278 -1.728330600416524
82 96 1.6583025827398221
82 83 -1.5490718257296687
83 279 0.01762817394644588
83 97 1.5979946144338373
70 83 1.4340189989150298
84 280 -1.5787118035828225
84 98 0.050356762398057406
84 85 -0.60983619411816525
85 281 2.1786998452409989
85 99 -0.5054455249799944
85 86 -0.22519627282241086
86 282 -1.3191447888484313
86 100 0.47788574766768521
86 87 -0.33079531756821573
87 283 0.77702788464343975
87 101 0.23115955246121495
87 88 1.2863773103957563
88 284 -0.082602682710263622
88 102 -0.57402036530662093
88 89 -1.798717404144248
89 285 1.4932248956446039
89 103 -0.074100773100907777
89 90 -2.1541388521319433
90 286 2.2736707918659249
90 104 -1.2103031700882001
90 91 1.5816824295069332
91 287 -0.064149105564273959
91 105 -1.5170604462476405
91 92 1.2618489405629414
92 288 -0.37811019284766406
92 106 -0.51989928103578587
92 93 0.15106986303678005
93 289 0.29189274726910674
93 107 -0.2843740803657957
93 94 -0.35859960562625598
94 290 0.1227723640943805
94 108 2.1743579282648104
94 95 1.3948372786660859
95 291 0.34018181241808626
95 109 1.1616883520463048
95 96 0.85930597664373076
96 292 0.4390231605675769
96 110 0.60767695613526673
96 97 0.56401465038694232
97 293 0.78849806270206457
97 111 0.37463112241792718
84 97 -0.16150127897410571
98 294 -1.0124993570101388
98 112 -1.0915446758077003
98 99 -0.6991970613707521
99 295 1.7811862956769835
99 113 0.6779762408201282
99 100 -0.50864883822002349
100 296 0.50313907314907313
100 114 0.32150828490499894
100 101 -0.6103576071432486
101 297 0.28596522871738922
101 115 0.16260283048451793
101 102 -1.3295363466413317
102 298 0.20929047139144641
102 116 0.30975637045708926
102 103 -0.090975444449465398
103 299 -0.082388071586073031
103 117 -1.5005808647963523
103 104 -0.16277314281182553
104 300 0.69493800743502199
104 118 -0.79626419244174462
104 105 -1.9773680780884662
105 301 -0.15253930123488299
105 119 -0.2057711954132552
105 106 -0.28527212101846744
106 302 -0.3734346094843275
106 120 0.033056177347017157
106 107 -0.48629144448620121
107 303 -1.0076631485910943
107 121 1.3856172447095219
107 108 -1.0128262995964417
108 304 -0.97226045166274144
108 122 1.1799204671688184
108 109 0.45112453028001898
109 305 0.41347320562374223
109 123 0.53788456364390358
109 110 -0.95768425944658153
110 306 -0.96967214895017406
110 124 -0.92417473033459452
110 111 -0.42779987034547845
111 307 -0.27507205466956658
111 125 -2.2715675215835267
98 111 0.1668767117519239
112 308 0.052805697193164983
112 126 -1.3180442679573317
112 113 1.5112163888722232
113 309 0.8491049661307003
113 127 -0.12724176159644823
113 114 -0.23539365992142849
114 310 -0.30033947607757527
114 128 1.0356364470874952
114 115 0.67729264339655071
115 311 0.36263180009399709
115 129 0.68749569778213881
115 116 -0.28711709555643189
116 312 -0.28348446515417641
116 130 0.87978715536654239
116 117 0.51409302544132063
117 313 0.26170709671688086
117 131 0.55922423961272638
117 118 0.30850087273140564
118 314 0.19210025035121098
118 132 -1.3562987567910749
118 119 0.08250489284625015
119 315 1.1265385904049019
119 133 0.40281255679107703
119 120 0.95894770228382231
120 316 -0.89998209180434408
120 134 -1.3063440985760428
120 121 0.93453161755860514
121 317 0.081603059239334752
121 135 -1.3456378236208006
121 122 0.042474686126258265
122 318 0.76738804306344166
122 136 0.005784904159876589
122 123 0.94471478514563711
123 319 -0.10244905498672659
123 137 -0.7426561617407873
123 124 -0.41043980684627601
124 320 -0.99097362804024336
124 138 1.3600738331182496
124 125 0.12389643605091789
125 321 1.3468416074144181
125 139 -2.1987710256013879
112 125 0.076122087590934417
126 322 -0.56641935521395237
126 140 -0.86517385306211492
126 127 -1.4988212047621532
127 323 1.6267726042665263
127 141 1.462570591765229
127 128 -0.41604275311466415
128 324 -0.06423280795486172
128 142 0.66851702119546363
128 129 -0.019232796184419823
129 325 -1.5986970337466373
129 143 -0.15369722478234682
129 130 0.27986390546249362
130 326 -0.62869914092206725
130 144 0.89889033058234447
130 131 1.6935827619661015
131 327 -1.8383329831522439
131 145 -0.84139219050769642
131 132 1.0944522563628913
132 328 0.43780065999242651
132 146 -0.96302736285698898
132 133 -0.98329175525420598
133 329 -1.5674834263706101
133 147 -0.37018771579025861
133 134 0.41643976699332308
134 330 -0.68418796070474308
134 148 -1.3184949812039455
134 135 0.89339567077693438
135 331 1.1831426298122523
135 149 0.93793559056141673
135 136 1.4608200401762947
136 332 -1.3200850255741219
136 150 -0.7278414080217851
136 137 -0.0055840848261278046
137 333 -0.2503670959167329
137 151 -0.04407298623915154
137 138 -0.36925515577677059
138 334 1.6468650763874677
138 152 -1.0951356778949097
138 139 -0.58217073788921903
139 335 -0.53190668811366371
139 153 -0.14427782647040754
126 139 0.20814518245490324
140 336 -0.76438723157547483
140 154 -0.67889351353834104
140 141 0.17614810929033189
141 337 1.9071974498122801
141 155 1.2518721558233239
141 142 -2.0769620436783351
142 338 2.3905873432884537
142 156 0.59130393315059737
142 143 0.39550131203935818
143 339 1.0227457478548887
143 157 1.7558012621771093
143 144 1.0708814040878634
144 340 2.3935861681726083
144 158 -1.1596886777292033
144 145 -0.53401142398129964
145 341 -0.37926995041478118
145 159 0.076866349009948945
145 146 -1.3234132586349741
146 342 -0.23545143408516547
146 160 2.2382911358377262
146 147 -0.49019340811514378
147 343 0.96148586984260509
147 161 0.22543805521614357
147 148 0.91840129509141888
148 344 -0.11490960846454211
148 162 -1.3807117495882084
148 149 0.98514989776315753
149 345 -1.1769667674244875
149 163 0.18459554795188449
149 150 -0.93393865261603981
150 346 1.755748979940948
150 164 -0.65416550697814768
150 151 -0.45843590182896832
151 347 0.39613316841866075
151 165 -0.039890293230904331
151 152 0.39208496697052436
152 348 -0.85220499180436848
152 166 -1.4645536555827239
152 153 -0.23102471236290228
153 349 1.6817577256417289
153 167 -1.2822937144532025
140 153 1.5994882899737843
154 350 0.24919121808568118
154 168 -2.1279809929653988
154 155 -0.090785184333159366
155 351 -1.2166380427574019
155 169 1.5830487633407395
155 156 0.10626968783910118
156 352 0.49098093122197728
156 170 -0.63808346023870877
156 157 0.40702707504593955
157 353 -0.96922401078597697
157 171 -0.3585480240204717
157 158 -1.2711681266023649
158 354 0.83477577916267642
158 172 0.37126373591066986
158 159 0.11047160266036463
159 355 -0.38003295412066757
159 173 -1.3245650563451752
159 160 0.69755559530274014
160 356 1.182438795297587
160 174 0.066123578467892602
160 161 -0.10090940356668045
161 357 1.7432437977187774
161 175 0.1332914749607951
161 162 -1.3622943540967041
162 358 1.8571882067783585
162 176 -1.4339690514650976
162 163 -0.095859611655926977
163 359 0.56591522707993402
163 177 -0.31838350893719108
163 164 1.5979035249396443
164 360 -0.028015608428493533
164 178 -0.012316065654665672
164 165 1.1978198639598505
165 361 -0.3858984402377113
165 179 1.6227947359794015
165 166 -0.72811904249590398
166 362 -0.62057479638552993
166 180 -2.251394026136492
166 167 0.54361273681597388
167 363 0.0054159773294654469
167 181 -1.1054073999010643
154 167 -2.75969077868278
168 364 -0.44137368139158573
168 182 -1.0648300491670504
168 169 0.94719769512980356
169 365 0.39837902289656596
169 183 -1.0103364001341331
169 170 1.4819142020689957
170 366 1.4340002780785865
170 184 1.9084780153027199
170 171 0.4198952135781942
171 367 0.16131093093689158
171 185 -1.1133900778419794
171 172 0.85482871415877726
172 368 0.44694907224246289
172 186 0.42885718174572512
172 173 1.1081068955892799
173 369 -1.8144062257267928
173 187 -0.92279313878961389
173 174 0.43548853581133179
174 370 1.050038224008802
174 188 1.2037557319737706
174 175 0.54086403187123711
175 371 1.0577186640381948
175 189 1.4929268317491655
175 176 0.9932792513702855
176 372 0.29629214400798548
176 190 1.2505119639348641
176 177 0.44890635084925606
177 373 1.1570826635928153
177 191 2.2345219421014964
177 178 0.97787430552262899
178 374 0.41249821274979803
178 192 0.0080451130616864854
178 179 -1.6994954073469719
179 375 0.42087139587856937
179 193 0.65545892093364189
179 180 0.53451944586691047
180 376 0.75019709089579978
180 194 1.17915590252583
180 181 1.1405099737262121
181 377 1.2612993518936644
181 195 0.40932798911801455
168 181 -0.57931269698581067
182 378 0.57088090720394724
0 182 0.51229260317498893
182 183 -0.31211480881419928
183 379 -0.22558187329292362
1 183 0.41725468197098647
183 184 -1.5875715084859441
184 380 1.9358273752630391
2 184 0.79497854030858872
184 185 1.7036582100647515
185 381 0.51992655336153737
3 185 -0.099362006280540108
185 186 0.90524934948628322
186 382 -0.23402772823265786
4 186 -0.32377970629491992
186 187 0.99337658410096163
187 383 0.26715367071329893
5 187 -1.0184066914632268
187 188 0.081791467004949756
188 384 -0.26094120548270594
6 188 0.98433399162077151
188 189 0.69323903405051124
189 385 0.070201266695254477
7 189 1.346923651449363
189 190 -0.97240593735396408
190 386 -0.28529858732306518
8 190 -0.16938644060445265
190 191 -0.80169331888895723
191 387 2.1014520657889619
9 191 0.46626281564111627
191 192 1.2543423612456284
192 388 -0.72143761515662597
10 192 1.0754721456729888
192 193 2.9768276030201655
193 389 -0.75883504782846467
11 193 1.5429977754406647
193 194 0.74710616400589946
194 390 -0.0011898036649960245
12 194 0.21597277287621114
194 195 -0.35130645808809624
195 391 0.30167540685347016
13 195 -1.4737981895149737
182 195 0.20534415416915602
196 392 0.013024416986425079
196 210 -0.30092756399031811
196 197 0.12364674914122055
197 393 0.26185003248882754
197 211 -0.22062525063222393
197 198 -0.42401615905068307
198 394 -0.4414590104038979
198 212 1.4691074130784303
198 199 0.39683875043013156
199 395 0.12753076726740808
199 213 1.2302874989443013
199 200 -0.71195093332225923
200 396 -0.33953585729741259
200 214 0.9772167874755765
200 201 0.21339396653746137
201 397 1.8370222229382045
201 215 -0.35746076289636131
201 202 0.44167419762657756
202 398 0.45777437822158717
202 216 0.94880929199782416
202 203 -1.5209172151010926
203 399 -0.69942085201911386
203 217 0.29907855049755799
203 204 1.2764943916315252
204 400 -0.0075134839542794624
204 218 -0.84576405096812635
204 205 2.4666737058499795
205 401 2.3800117894266695
205 219 1.8858996814428257
205 206 -0.44402316439343842
206 402 0.85567642055223669
206 220 1.4388676536528811
206 207 0.58302653447086217
207 403 -0.80369926654693102
207 221 0.70980893798139699
207 208 0.49951961993741167
208 404 -0.11931198511595389
208 222 -1.2851647487295101
208 209 -1.6153463223139226
209 405 0.57947430593139904
209 223 -0.28753147755612252
196 209 1.0495369000181094
210 406 1.0471246886273184
210 224 -1.3127865745650016
210 211 0.56425835001375091
211 407 2.573819678238213
211 225 0.95982854230255199
211 212 -0.41542723688843392
212 408 1.1070652136750632
212 226 -1.4537552525300259
212 213 0.87025839766977187
213 409 0.23082965259141253
213 227 -0.15907419919309818
213 214 1.6987104602340641
214 410 -0.53377148734016555
214 228 0.17200236050741394
214 215 -1.0317703565320897
215 411 0.1527479592322899
215 229 -0.044459134442462356
215 216 -0.46573507445440998
216 412 1.2042328742505288
216 230 1.6801365595020523
216 217 0.42084200921511233
217 413 -1.5303455028291468
217 231 -0.19156257646593128
217 218 -0.058284606420197491
218 414 -0.72975100538372684
218 232 1.4388233430448487
218 219 -1.1912255235898945
219 415 0.22889903987468499
219 233 -0.62659445449108042
219 220 -0.79781626851092458
220 416 -0.5191467997546827
220 234 -0.18267411457984364
220 221 0.9954085087248512
221 417 -1.7925778112558417
221 235 -0.30069368210615299
221 222 0.73840802416284823
222 418 1.1428397887570627
222 236 0.5056576005106328
222 223 -0.18797197749669145
223 419 -0.42168039322273948
223 237 -0.2504261227869426
210 223 -0.59037368714294414
224 420 0.75777298358787382
224 238 -0.24642512721977797
224 225 1.2432088470781184
225 421 0.27206861797112269
225 239 1.0031886278817372
225 226 -0.42737530332401791
226 422 -0.49209928203459535
226 240 -0.73927956015132446
226 227 -1.4579318518442743
227 423 -1.2265560205557196
227 241 1.9152468289241131
227 228 0.36663695737300273
228 424 0.52651785636911663
228 242 -1.1359406226213258
228 229 0.32068083169654843
229 425 -0.32353519446477647
229 243 -2.9667378986090949
229 230 0.3381115384368108
230 426 2.1250884480501706
230 244 0.1016398647480137
230 231 0.1482717503663448
231 427 0.30355505386311615
231 245 1.9511566927259154
231 232 0.61672236304496952
232 428 -0.68940614375850284
232 246 2.1262261045200299
232 233 -0.21470282444085173
233 429 0.83056276373703442
233 247 -1.1657994148820681
233 234 -1.3477202899629648
234 430 -0.18511297060384183
234 248 0.059768996170035366
234 235 -0.23128587762860311
235 431 1.4866708998332308
235 249 -0.28224136096469393
235 236 2.2955130683206666
236 432 1.4595986135912264
236 250 -0.057941229134730966
236 237 -0.6709291081365707
237 433 0.94248979313472681
237 251 1.1485774911040232
224 237 0.32317510160683743
238 434 -0.98424443947321449
238 252 -1.3091046245312732
238 239 0.23696529617582424
239 435 0.50136841088114281
239 253 0.25853327391895609
239 240 0.41214149854575477
240 436 0.070686928150231268
240 254 -1.0307871977424281
240 241 -1.8792419426569453
241 437 1.5178950896837737
241 255 -0.0004326044124454599
241 242 1.1392573341708656
242 438 0.69894024740649796
242 256 -0.11193037236629853
242 243 -0.30591724802077136
243 439 0.11487706926646746
243 257 1.2614367202426766
243 244 2.0621457810446033
244 440 -0.066103371596322902
244 258 -0.39941971260987225
244 245 -1.477627718945983
245 441 -0.60656903585398136
245 259 2.1834806636522024
245 246 -0.87922492953957099
246 442 -1.5658382201309891
246 260 -0.50130710281808089
246 247 -0.35195390918200281
247 443 1.1659590546315228
247 261 1.1639543317860055
247 248 -1.0480381031516028
248 444 0.69951635066153794
248 262 -2.6644498040291218
248 249 -0.32842190771937613
249 445 0.49383344167744825
249 263 -1.0722623617049152
249 250 -0.48458247072508348
250 446 -2.361154591683913
250 264 -0.11100064513848484
250 251 -2.2445232699578477
251 447 -0.69744786862045627
251 265 -0.49650287102556678
238 251 0.86679259089023564
252 448 -2.5965745908060538
252 266 -1.5387620466807475
252 253 0.52647448906012251
253 449 0.1992672360755714
253 267 2.8223890280111901
253 254 -0.95447078997128421
254 450 -0.77513125962366991
254 268 0.23063897514331314
254 255 0.19625291666229969
255 451 1.0682400286973912
255 269 -0.28154297297353476
255 256 -0.72046517667043508
256 452 -0.91067601524436637
256 270 0.46121110128439008
256 257 -1.1344452973038002
257 453 -0.50909228401596363
257 271 1.7025358210931767
257 258 -0.62905062483742291
258 454 -0.67293293953919264
258 272 -0.57570366452691812
258 259 -0.58411926239580991
259 455 0.74537692859969895
259 273 -0.19005652073608273
259 260 -1.1956539416023113
260 456 0.63167758246099104
260 274 0.16380322901460456
260 261 0.46282913264805076
261 457 -0.68967210839273985
261 275 0.88851033947294222
261 262 -0.37339819333085361
262 458 0.38793065115133729
262 276 0.12872204120425226
262 263 0.087050649273646141
263 459 -2.7926715480889861
263 277 -0.48635475242592646
263 264 -0.69168520527721777
264 460 0.23446429195378682
264 278 -0.19570541571197816
264 265 1.4292740665431443
265 461 -1.3160987657843755
265 279 -0.34214172857439257
252 265 -0.60427592268263741
266 462 0.78494705104204099
266 280 0.13314558586694605
266 267 -0.48468612689423179
267 463 -0.017125900034988626
267 281 0.19871800352638178
267 268 -0.40364706618747215
268 464 -1.0011895018442218
268 282 0.11450329676221055
268 269 1.0199346168141254
269 465 0.48923656635221557
269 283 0.13084417049248367
269 270 0.45150948508024114
270 466 -0.17094119261690877
270 284 -0.64526838819244914
270 271 -1.0116999779731015
271 467 -0.47570561316128951
271 285 -0.7526940008922639
271 272 -0.89119684771892271
272 468 1.0708572852688329
272 286 1.1212101140146025
272 273 0.89277799915231937
273 469 -1.3296284661396742
273 287 0.5359238650755529
273 274 -0.75602797243918862
274 470 0.69834038186244174
274 288 -0.51181155303069648
274 275 -1.7998692378419638
275 471 -0.35355036546335533
275 289 0.94894885247208294
275 276 -1.1936414030988804
276 472 -2.0208337447972378
276 290 1.6276811328091914
276 277 1.6173821494090528
277 473 1.3541414046443829
277 291 0.20291210677575525
277 278 0.62592876782871343
278 474 0.73392086347593777
278 292 -0.071093012630003602
278 279 -0.16462624594621805
279 475 0.99529332852408292
279 293 -0.28263812158693008
266 279 0.78897758130474405
280 476 1.2972023858518531
280 294 -0.5223342752333503
280 281 0.82549213635871499
281 477 -1.6403910183685682
281 295 -0.58912727260589615
281 282 -0.43161879343568427
282 478 -0.42802509659663612
282 296 0.11924899950710302
282 283 -1.52949812956787
283 479 0.16475991648453223
283 297 -0.3895120978373966
283 284 0.40423317655916807
284 480 -0.37942655690027438
284 298 1.8018778358133909
284 285 0.25172323113339873
285 481 -0.66170192544986817
285 299 -0.29902384464448167
285 286 -0.21397362205966861
286 482 1.5142471969530602
286 300 -1.3034579704793035
286 287 2.5218781315556349
287 483 -0.97067329391395463
287 301 -2.277524112018408
287 288 -0.10739732491769867
288 484 0.2283761231048772
288 302 -0.66454364889885142
288 289 -0.074086926645845888
289 485 1.1928305273335771
289 303 1.3153759664174589
289 290 1.3771004881608184
290 486 1.3400764704403165
290 304 -0.074150833776366012
290 291 0.80466569038652236
291 487 -0.87422524031687077
291 305 0.66993904713741015
291 292 -1.7084220703926893
292 488 -0.54513657015081063
292 306 0.017564658369976602
292 293 -0.15992136593367862
293 489 1.023285142955823
293 307 -1.0114151316686879
280 293 -1.1363800295797899
294 490 -0.04434193720754924
294 308 2.4576515144569746
294 295 0.11706325223257151
295 491 -1.5391053683405331
295 309 2.4015133751915871
295 296 0.36018969178831312
296 492 0.85594761291920984
296 310 -1.9089090153198625
296 297 -1.0728803226895178
297 493 -0.6479177136879618
297 311 -0.052650699698747222
297 298 0.47036206560142252
298 494 -0.86697242516032169
298 312 -1.6340009411560599
298 299 0.93360385054761463
299 495 -0.40078086205785068
299 313 -0.97346376358925368
299 300 -1.2834044311925024
300 496 0.071699290205152824
300 314 0.54023753615020242
300 301 -0.16385018498071183
301 497 1.174452904416335
301 315 -1.7676382251845038
301 302 0.33377004559373602
302 498 0.79145198935062822
302 316 1.3906674141867095
302 303 -1.1317539681688362
303 499 0.73355097050913098
303 317 0.82266557873807433
303 304 0.26014004152360748
304 500 0.15796566682280194
304 318 -0.076751251129180936
304 305 -0.091036798523306039
305 501 -0.88598776021159986
305 319 -1.4351949829905284
305 306 0.7784296662126482
306 502 0.18159907116290602
306 320 1.391381655912076
306 307 0.8752480096063151
307 503 -1.6879937514551604
307 321 1.8096183020743912
294 307 0.74749774400626467
308 504 -0.63555306433527825
308 322 0.67855801028661633
308 309 -0.04250683637994801
309 505 -0.64838411974543408
309 323 0.72030122171568489
309 310 1.3062223336889422
310 506 -0.44238988298748161
310 324 -0.4491346500815333
310 311 -0.90371131306669972
311 507 0.65550838177915749
311 325 -2.4842909115479568
311 312 0.48833208833735969
312 508 -0.15869874151892313
312 326 2.5661050470459008
312 313 -2.0583721690991785
313 509 0.72695720597579339
313 327 0.37633078575094048
313 314 1.159258095613138
314 510 0.14925233205339067
314 328 -0.049543563281000486
314 315 -1.1728498916767285
315 511 -0.18332008408489558
315 329 -0.95597656362661643
315 316 -0.95769806693376347
316 512 -0.16037357176666281
316 330 -0.85163374363516164
316 317 0.38771695911186738
317 513 -0.67023091757058961
317 331 -1.2058391691726824
317 318 -1.7918519989748312
318 514 -0.34536899067637805
318 332 0.43311596409272923
318 319 -0.7383055303361904
319 515 1.0589394684604283
319 333 -0.58221813666077049
319 320 -1.473138725194397
320 516 1.2755850572500502
320 334 2.06512385563006
320 321 -0.49283693782348281
321 517 0.89367054132842272
321 335 0.52124232109284663
308 321 -0.38113158320617174
322 518 1.3935280464369297
322 336 -0.62864087982098971
322 323 -0.39284719763117493
323 519 -0.94376388088692154
323 337 -1.6367388088029502
323 324 -0.71008840687401031
324 520 -2.04351928308854
324 338 -1.676741563542941
324 325 0.5604864733757956
325 521 -0.059199002988527705
325 339 -0.79509565457950149
325 326 2.1345683887536424
326 522 -0.72718993782380947
326 340 1.0770861646129724
326 327 -0.056480312479812687
327 523 0.069964586892018107
327 341 -1.1179524431247505
327 328 0.29369134193427682
328 524 0.072974577668939666
328 342 0.45458624432111655
328 329 -0.1256613451287972
329 525 -0.81261324319698558
329 343 0.48653563711890663
329 330 0.65336335361374676
330 526 1.0970945875691609
330 344 0.50032449874132545
330 331 0.022218134794600549
331 527 0.81672622957011309
331 345 -1.5665115067417597
331 332 -0.98655739705622403
332 528 0.5639546095768373
332 346 -1.5683720663627152
332 333 -1.2249570456122936
333 529 1.1730914547082101
333 347 0.4450196965093185
333 334 -0.52061169155654941
334 530 0.1527550759022083
334 348 0.32950747824476229
334 335 0.96907078105158839
335 531 -0.7124379264791022
335 349 -1.0364828862363793
322 335 0.72168279495223486
336 532 1.1065999407661573
336 350 0.24374520371155572
336 337 0.31287902083040392
337 533 0.10778811161283663
337 351 1.7991487500589973
337 338 1.4731721917212788
338 534 -1.0777466742783086
338 352 -0.041149159421240242
338 339 -0.30417877446861752
339 535 -0.31454439609731633
339 353 0.78582648885477735
339 340 -0.77389298474487134
340 536 0.97906473654563708
340 354 1.0871934347115975
340 341 -0.65156056518462768
341 537 -0.30471513192307176
341 355 0.32540719777328292
341 342 -0.84640441237458108
342 538 -1.2069502520239839
342 356 0.1693619724437575
342 343 -0.71384646113754047
343 539 1.0553861901080992
343 357 0.2423523166029922
343 344 0.26274032371286909
344 540 -0.046710816950156817
344 358 0.47825450374828676
344 345 -0.15656684291151454
345 541 1.4017749437874429
345 359 -1.7127762963933191
345 346 -0.67520743737763322
346 542 0.8055882856101344
346 360 -0.15150763983642532
346 347 -0.47481655165700043
347 543 -0.94889946588523999
347 361 -0.64807095806135362
347 348 -0.88394511950494814
348 544 0.27200351077766588
348 362 0.94844475482794521
348 349 0.88852225872853263
349 545 2.1695558716857692
349 363 1.2269537044961449
336 349 0.011790991409982198
350 546 0.41612594740877723
350 364 0.89407011926817948
350 351 1.4046574410042865
351 547 -0.45336506912274854
351 365 0.83629064105712636
351 352 0.16045651205427544
352 548 0.98496113602721269
352 366 0.2768345624694043
352 353 -0.89435694837454283
353 549 -0.97792754552802352
353 367 1.0239293041735129
353 354 2.818713566086287
354 550 -0.40366445208532092
354 368 -0.20611424622066732
354 355 -3.0547769978919992
355 551 -0.39847896997675553
355 369 -1.9523425622812478
355 356 0.13130483769642221
356 552 0.63927200899015846
356 370 0.64973170853375728
356 357 -1.5495565887372962
357 553 0.57053452137730021
357 371 0.65159837692089306
357 358 -1.0146139631320252
358 554 0.82927025363923468
358 372 0.14919051318555304
358 359 0.34157339181865382
359 555 -1.4525717989092288
359 373 -0.82580590819496824
359 360 -0.89840295935647474
360 556 -0.0097738394919925902
360 374 -1.2101171273838376
360 361 0.53884507672857163
361 557 0.38182997316124634
361 375 -0.69903336219470147
361 362 0.36180074557510616
362 558 -0.029378763770035742
362 376 -0.44003438910266141
362 363 -0.17407218068471403
363 559 -0.35889930804547043
363 377 0.57353800174018887
350 363 1.0730620080364359
364 560 -0.76879541537446794
364 378 -0.098679897932721514
364 365 -0.45351411901762473
365 561 -2.8089678445721979
365 379 0.13603456685783294
365 366 1.636162822965189
366 562 0.20409632083603571
366 380 3.2738105441119414
366 367 -0.27239360349924469
367 563 0.082410956616978129
367 381 -0.069212144067921658
367 368 1.585404635880888
368 564 -0.1121825503124935
368 382 0.1012987055063434
368 369 1.0314937859107427
369 565 1.227794384024308
369 383 -0.47888093561053019
369 370 1.8907043607295211
370 566 1.4306339690189265
370 384 -0.74650793158638951
370 371 0.5329077097923911
371 567 0.78565155944453891
371 385 -2.1244458510290762
371 372 0.24270251443433258
372 568 -1.5127925923653427
372 386 0.4520411315616068
372 373 0.45842747925493943
373 569 1.0429419679523431
373 387 0.013650744219187548
373 374 0.7520895801245937
374 570 -1.272576155987488
374 388 0.31763640157532663
374 375 -0.34687440210472592
375 571 0.60307291033976884
375 389 -0.038556438708986736
375 376 1.7832546634202204
376 572 -0.78557823070084065
376 390 0.4632558934733233
376 377 0.21784809581595524
377 573 -0.17739938412375045
377 391 0.082390358317050799
364 377 0.42282741884307012
378 574 -1.241689242212433
196 378 -0.52427302850712687
378 379 1.1570607107437794
379 575 -0.68589772569625096
197 379 -0.20905801769251403
379 380 0.34888476958302478
380 576 0.94285804604675305
198 380 0.94108281257964632
380 381 -0.63472197483332893
381 577 -1.5059940073192033
199 381 -1.0024857954779847
381 382 0.80649020435715324
382 578 0.27989772824716413
200 382 0.45901224039485655
382 383 0.0025190135262767011
383 579 -1.5629887890424941
201 383 0.070621522604867829
383 384 -0.90730745938378266
384 580 0.75152108864765377
202 384 -1.247336457522167
384 385 0.15093153576181592
385 581 2.1110958034934337
203 385 -1.1128153531728187
385 386 -1.9888240676011635
386 582 0.56222407688659604
204 386 0.24442103015312891
386 387 -0.94996109421382247
387 583 -1.3358055069465318
205 387 1.2132189382978962
387 388 -2.203240264660173
388 584 0.79623912072716085
206 388 0.84463950934645315
388 389 0.56593558338891892
389 585 -1.1815593288080612
207 389 -0.44591012690861065
389 390 -0.99362746856437001
390 586 0.17241649303368864
208 390 2.2592946878603946
390 391 -0.47394307402114377
391 587 0.72771158302385708
209 391 -0.055958660135077762
378 391 0.89791554941439067
392 588 0.11519629488508668
392 406 -0.52462516747636978
392 393 -0.094170076439547043
393 589 -2.1427817342503577
393 407 -1.0113593310786089
393 394 -0.33202047262613915
394 590 -0.41348691302904184
394 408 2.4555980024287059
394 395 0.5919081598362127
395 591 -1.0126951978973935
395 409 0.92978418086067449
395 396 -0.69674502604372346
396 592 -0.21631057226449582
396 410 0.49270452233367551
396 397 -0.5911881100846077
397 593 -2.2789215759004655
397 411 -0.17817311068083844
397 398 -0.54298763937840044
398 594 -0.58237086991350107
398 412 1.2766915135471255
398 399 -1.5465645906593453
399 595 1.8407283333024069
399 413 -1.0720414423074034
399 400 1.1772722970189209
400 596 1.7059717546132465
400 414 1.4696193105519852
400 401 1.0857967182119108
401 597 -0.52384590023585598
401 415 0.43894247201105641
401 402 0.12925363531580344
402 598 -0.31767758720868083
402 416 -0.063740642548071963
402 403 0.67509439488134237
403 599 1.5489179557135637
403 417 0.93062383688397576
403 404 0.11013147568897723
404 600 0.5249660476668857
404 418 1.0894577476483642
404 405 1.3302966739400857
405 601 0.68281040543951899
405 419 -1.5468909172725613
392 405 -1.478093119181038
406 602 -0.74073716444555004
406 420 0.29825533974707918
406 407 -1.9120833912189727
407 603 -0.49759499532738094
407 421 -1.1267991243353417
407 408 -0.86918938239213173
408 604 -1.1120087870649054
408 422 -0.96480183058478575
408 409 0.82685117655695517
409 605 0.39556590131181446
409 423 -0.98249553257104394
409 410 1.2920854615267954
410 606 0.5850132287278722
410 424 -0.63292498118298646
410 411 -0.35910597861706778
411 607 1.978293142980035
411 425 -0.7948962882292373
411 412 0.13004684655433033
412 608 0.67961910210995369
412 426 -1.2390883442342377
412 413 -0.23958838383689723
413 609 0.67637718795043311
413 427 0.31492217153460855
413 414 -0.16085863192662836
414 610 0.3087212248533604
414 428 -0.10201522623371241
414 415 1.9659430291069868
415 611 -1.8646357467488721
415 429 -1.8265576929717531
415 416 0.32849990422094633
416 612 -0.35337341454608989
416 430 0.13276558676694677
416 417 -0.46994523018896689
417 613 -0.27264904268535956
417 431 1.9414574583687298
417 418 -1.0233661079324559
418 614 1.1013311380296784
418 432 0.83638543064987569
418 419 2.5946119505790506
419 615 -1.3306410558952746
419 433 -0.59347696708604292
406 419 1.6793272305372582
420 616 1.8478766978185637
420 434 0.74874839234974755
420 421 -0.50315985606151847
421 617 -0.30302321306916863
421 435 -0.39246287134400948
421 422 0.16290465889212702
422 618 -2.5467041870679541
422 436 -2.0838141557795877
422 423 -0.17464684561377347
423 619 2.1275951823744301
423 437 0.37837137336917154
423 424 -2.667745118225811
424 620 1.0466739506520355
424 438 -0.41754026723568644
424 425 2.0375495594703832
425 621 -0.53994260736157385
425 439 0.0057341367296412649
425 426 -0.31287780163716028
426 622 -1.6077104050442215
426 440 -1.9479376755330129
426 427 -0.46531145809547275
427 623 -0.84941606642215195
427 441 1.445403888596366
427 428 -1.0329547214136654
428 624 -0.97350936389371068
428 442 -0.21922595137048304
428 429 -2.0017489747951767
429 625 -0.93902858106643183
429 443 -1.9216985961865418
429 430 -0.74137644422653581
430 626 -0.53197330502511841
430 444 0.34836763148152816
430 431 0.74921931866279023
431 627 -1.1337741121236551
431 445 0.8201028794445101
431 432 -1.958056178756916
432 628 -0.60362683094035974
432 446 1.5732141987316994
432 433 0.63549080598682173
433 629 0.40815254875098411
433 447 0.52164713055160616
420 433 -0.51615428568038124
434 630 -1.6747038248640504
434 448 -1.6231650593429776
434 435 -0.096341007950572335
435 631 0.59795268424029036
435 449 0.8412149374221054
435 436 -1.2746684144316047
436 632 1.2746930319788876
436 450 0.58937260500949173
436 437 -0.74397126105503086
437 633 0.094086965054712202
437 451 -0.95130843188804981
437 438 -0.060265955020963539
438 634 0.81581542289687992
438 452 -1.1254288787209832
438 439 -1.6698318738573332
439 635 0.77965251930328738
439 453 -1.761468741532827
439 440 -0.043230752591669287
440 636 -0.81751415427361906
440 454 1.3110406514112414
440 441 0.026342084095189885
441 637 -1.197297325998844
441 455 -0.11611206599960837
441 442 -0.53113792752892308
442 638 -0.38809130906336697
442 456 -1.342441364188443
442 443 -1.4297183868141645
443 639 -0.60545078103970618
443 457 -0.62879083354339738
443 444 0.95786617491898596
444 640 0.47768622831048724
444 458 -0.0070065001427194549
444 445 0.89041253193621228
445 641 -0.15137041330637502
445 459 0.038523325330105128
445 446 1.3668463534595772
446 642 0.0021439144060913188
446 460 -2.1272675534648537
446 447 0.10363370296536821
447 643 0.038082870498249918
447 461 -0.47677160861764145
434 447 0.86214899317613669
448 644 0.23832265031270225
448 462 0.18662661016250243
448 449 -0.7968735112631351
449 645 -0.15451711874276164
449 463 0.47550696493890154
449 450 -0.37823097776988995
450 646 1.1134053963467376
450 464 -1.2911652642203377
450 451 -1.6744956985017085
451 647 -1.2205954836622221
451 465 -1.7970345663083878
451 452 0.15941384432455905
452 648 -0.61749886573467561
452 466 -1.6684587233398231
452 453 -1.2347170441797595
453 649 1.4506962404797303
453 467 0.67339307571524909
453 454 0.98737196894788615
454 650 -1.1101324907340784
454 468 0.14492379705249753
454 455 -0.50959305919749742
455 651 -0.2879505645332634
455 469 -0.63487032372953567
455 456 -1.4944191709532926
456 652 -0.59940014440995881
456 470 0.25825489444515731
456 457 0.57417463262777513
457 653 -1.2505811785684173
457 471 -0.01425850392385045
457 458 0.6870995005844962
458 654 1.8092855839477475
458 472 -0.21233420197779029
458 459 0.80634002543556516
459 655 0.58097442318191805
459 473 -0.87122311260764929
459 460 0.99508036372563435
460 656 -0.74721021547735611
460 474 -0.79963280483745991
460 461 -0.41841772301109342
461 657 -1.1841199873572956
461 475 -2.0567532834498135
448 461 0.73750704263881661
462 658 1.0720890885712846
462 476 -1.9123030410751101
462 463 0.24993147990374159
463 659 1.0442503434380945
463 477 0.25297261526390674
463 464 2.4204189410258867
464 660 0.0014798490342244773
464 478 -0.59489552730824791
464 465 0.15581009883207014
465 661 -0.77876821838896082
465 479 -1.0631593034265492
465 466 0.80640714545075876
466 662 2.3573396271790932
466 480 -0.6097198618363423
466 467 -0.80953567074353749
467 663 0.25580778435925694
467 481 -0.27655599328699498
467 468 0.44667618692479877
468 664 -0.45040187314647284
468 482 -0.87622153502136368
468 469 1.1122016670962906
469 665 1.0818914458701068
469 483 -0.91756004697859084
469 470 0.80086296391624989
470 666 1.5884480932540852
470 484 0.47092869211522331
470 471 0.35924965389687552
471 667 -0.31206056793874137
471 485 -0.47640847508837625
471 472 -1.3717268720731184
472 668 -0.80992026929367211
472 486 -0.13573190420787196
472 473 0.08158166109232004
473 669 -0.64505493340292608
473 487 -0.16295550243782267
473 474 -0.25791006514975934
474 670 -2.0299328499322793
474 488 1.2033572322440487
474 475 -0.58912322161010822
475 671 0.023354043279898234
475 489 -0.93690235040394521
462 475 0.38041089102665671
476 672 1.0904494563115881
476 490 -0.36286759891231329
476 477 2.647443501029759
477 673 0.065171670076474314
477 491 2.0338283028833213
477 478 0.18660533928233294
478 674 -0.74012476286865803
478 492 1.7633198620496295
478 479 -0.035985971511838903
479 675 -0.21089559746805089
479 493 -1.1583360313797035
479 480 0.21448951893677876
480 676 0.36019941595716776
480 494 -1.580766672905576
480 481 -0.73809517071792252
481 677 2.093714194694559
481 495 -0.39853972572077284
481 482 0.64114176832558312
482 678 -0.40303801003600614
482 496 0.30530989630871208
482 483 -0.96525000208271683
483 679 -0.47804079164466778
483 497 0.71386204075969761
483 484 -1.0893606277696699
484 680 -0.016130445519881877
484 498 0.052384328013096546
484 485 0.57118950831375326
485 681 0.25275615999546441
485 499 -0.0017828546566759701
485 486 -0.6381274868356428
486 682 0.61690895069834151
486 500 -0.7485384175384151
486 487 0.039560224705074365
487 683 -0.058077155844937334
487 501 -0.08917694787449254
487 488 0.4244367441251824
488 684 0.26740168562866112
488 502 0.065061309120501454
488 489 -2.3919729708532298
489 685 -1.0113085559122434
489 503 -0.5539564013350311
476 489 0.87929383264420424
490 686 0.10752770440129245
490 504 -0.29939800808928119
490 491 -0.12148038388106619
491 687 -1.3303847176143739
491 505 0.62760556111504839
491 492 -0.62477715638285614
492 688 -0.46469259352262315
492 506 -0.065941647075142482
492 493 -0.98728778625741886
493 689 -0.65413936351423341
493 507 -0.16065740821947577
493 494 -2.7626199004699075
494 690 -0.67406975963338212
494 508 0.33712081260582311
494 495 -1.1266129546596297
495 691 -1.0086044371727341
495 509 -0.64928954191898303
495 496 0.62770998951092072
496 692 -0.26740739137055569
496 510 0.49848774474257268
496 497 -1.1392682532198488
497 693 0.89419092962004554
497 511 1.5308482726008306
497 498 0.14053333852657676
498 694 0.016959400688856003
498 512 0.14929634429653793
498 499 0.95641110764114023
499 695 -1.0409429325463218
499 513 0.50787927734224181
499 500 0.13073955058265599
500 696 1.012848347730988
500 514 -0.70953745551858804
500 501 1.6181601521399298
501 697 0.87465302191722538
501 515 -0.28598680746454852
501 502 0.66723860824958325
502 698 0.38977423420224688
502 516 -0.24512399858591624
502 503 -0.031127166292533131
503 699 0.31806645503305714
503 517 -1.2377114891784926
490 503 0.91683044592192298
504 700 -1.8427732286770309
504 518 1.1041979108811144
504 505 0.34732448753803169
505 701 -0.25770750869877146
505 519 2.4980885871046734
505 506 1.8130041032678759
506 702 0.13887328181892808
506 520 -0.62704362746931908
506 507 -2.336099103656923
507 703 0.58918935697786823
507 521 -0.30432469332403017
507 508 2.3298084367848242
508 704 -0.48939326988196602
508 522 -0.57066920889376038
508 509 0.29701413646012148
509 705 0.49386871640160696
509 523 -0.32862499413163337
509 510 -0.049665130695757856
510 706 -0.98775660120114717
510 524 -1.1152350735822336
510 511 0.27686113485050923
511 707 0.044379167984331336
511 525 -1.3307988116301406
511 512 -2.0328241997399341
512 708 -0.41068396722823941
512 526 1.6051892881331098
512 513 0.21087470899407515
513 709 0.0089692164780950847
513 527 -1.7050483341660443
513 514 1.5409272691101215
514 710 0.50064521456475219
514 528 -0.66911522585472183
514 515 -0.67038937914269614
515 711 -1.3818578239653285
515 529 -2.1897197142204798
515 516 -0.43639872489551029
516 712 -1.2938868633651464
516 530 -0.81094874933547245
516 517 -0.38916893583545586
517 713 -0.71904995887309464
517 531 -0.75577633084136597
504 517 -1.0758898242251747
518 714 -0.69539988947712728
518 532 -0.8124253428575362
518 519 2.6710898235359211
519 715 -0.80710792589259872
519 533 1.557417547870888
519 520 -2.3112831560836762
520 716 0.18156492127385684
520 534 -1.1402154132726823
520 521 2.3548982852986051
521 717 1.1500753183569465
521 535 0.54629345821323549
521 522 0.55978254337538846
522 718 -1.1798630241879151
522 536 0.048309453687866419
522 523 1.0631769970449141
523 719 -0.39905874112276302
523 537 -0.78650822265798614
523 524 0.45096295882663551
524 720 -1.26230653947126
524 538 -0.36431574928089427
524 525 -0.91555355577463149
525 721 0.36422482405262058
525 539 -0.17969420099430117
525 526 0.29610050110801323
526 722 0.96558803250213143
526 540 0.57283612631703662
526 527 2.6194804234643914
527 723 -0.4736913310101844
527 541 -0.48933360661917213
527 528 1.512029258411439
528 724 1.0922318014040888
528 542 0.03293329162835551
528 529 -0.96127441263241009
529 725 -0.42091406244238733
529 543 -0.75795833911438526
529 530 -0.22382374041045686
530 726 -1.1158047339527009
530 544 1.4686741953623346
530 531 0.60555925224102836
531 727 0.246747452714044
531 545 -0.37721102887759722
518 531 -1.7969292978394098
532 728 -0.42136090358945266
532 546 -1.3787899732154425
532 533 -1.0722042540412351
533 729 -0.19106093146793018
533 547 1.6441546701003349
533 534 -0.10607639264697961
534 730 0.16615572087530164
534 548 0.54832060589958553
534 535 1.6630208076310946
535 731 0.49393550210330583
535 549 1.4114337103708707
535 536 -1.2740649548226179
536 732 -1.1924687154913221
536 550 1.8881885230307238
536 537 0.28973994939356618
537 733 0.78599376195917714
537 551 -1.1614235206610068
537 538 1.1113033318010661
538 734 -0.24674672540750739
538 552 -0.86328374288837462
538 539 -1.3933796667931775
539 735 -0.44540977244076163
539 553 -0.59016211779471739
539 540 -0.94680937164154177
540 736 0.93100060559118847
540 554 -1.2798876200558453
540 541 -2.2485328267269433
541 737 -0.86882391012906524
541 555 -0.79304377230275036
541 542 -0.19996987207013694
542 738 0.17752867366214325
542 556 -0.015758786649029768
542 543 -0.51831028600698159
543 739 0.0067900849217069547
543 557 0.68844582273291988
543 544 0.46609024756846928
544 740 -0.20240894632124873
544 558 -1.1235712133091367
544 545 -1.9648640032718721
545 741 -0.099948687050585711
545 559 -0.48596097085730072
532 545 -0.61264706270674618
546 742 -1.4396649150774288
546 560 -0.88390462424198535
546 547 -1.2137887125432059
547 743 -0.65142662484582858
547 561 1.417863783045715
547 548 0.084328631634716544
548 744 0.94336996361967163
548 562 -1.5763948126032077
548 549 1.055766999997825
549 745 -0.09990331007535655
549 563 1.3325909885388085
549 550 1.8269657022585635
550 746 0.23672931991304658
550 564 0.88257183390844385
550 551 0.65746778750826884
551 747 1.1982892426704363
551 565 0.15057768405577657
551 552 0.87922586051150486
552 748 1.2550477817563068
552 566 0.9293665484333562
552 553 3.0940256960831616
553 749 1.4583967829737592
553 567 0.27293387320854151
553 554 -0.28077639920505487
554 750 1.4716711477285171
554 568 0.01582729139171872
554 555 1.1409880190404735
555 751 -1.8008946568371458
555 569 0.6478592450936278
555 556 0.076427010128840012
556 752 -0.81757491078449929
556 570 -0.11077062852928707
556 557 0.58498099201489095
557 753 0.013475811384021775
557 571 0.097901922716126105
557 558 0.57934832691181326
558 754 -0.33405873490965843
558 572 0.2369056120145821
558 559 0.096285455161480696
559 755 -0.65189302605997923
559 573 0.60048277732268696
546 559 0.35939522981981364
560 756 -0.10922057883508449
560 574 -0.23339893425846731
560 561 0.48787713059603605
561 757 0.89524781019647837
561 575 -1.6316995085455896
561 562 -0.72876290747625427
562 758 2.4214091894050198
562 576 1.1168913261271065
562 563 0.30437935141266476
563 759 0.33710593244471132
563 577 0.28190686193992925
563 564 -0.572056363216221
564 760 -0.51761511453354137
564 578 0.22351323224887401
564 565 -0.40477036552716483
565 761 -0.68585574992225784
565 579 -1.1708518684316149
565 566 -2.7360945375696923
566 762 -1.0182314106841719
566 580 0.18778790148117977
566 567 -0.0083458303259225444
567 763 -0.37538889026879013
567 581 -0.34332271520896473
567 568 0.93923128479179674
568 764 0.47962828663479057
568 582 -1.5262947424740745
568 569 1.1815127841523572
569 765 0.04306409896816444
569 583 -0.21329726544892394
569 570 0.63013143053227805
570 766 -1.0026017775605955
570 584 1.2182880938538354
570 571 0.60475278753016548
571 767 -0.51249645064517924
571 585 0.65222169545485242
571 572 0.28029647485803399
572 768 0.39436953764684451
572 586 0.24576422670394985
572 573 -0.34433140704044246
573 769 0.8026722828401085
573 587 -0.52829203244113265
560 573 1.8739239094435554
574 770 1.0533607179656206
392 574 -0.01964890332950631
574 575 -0.74336565528116649
575 771 -0.74558876199312163
393 575 1.3714997024651923
575 576 0.32159727360558821
576 772 0.30395884333451773
394 576 -1.3384833083122789
576 577 1.8099090754471179
577 773 -0.47997884495590953
395 577 1.8344521331930583
577 578 -0.033958183583228926
578 774 0.80168949387771293
396 578 0.16441988128408822
578 579 0.38399530495649353
579 775 -0.015448520441204679
397 579 0.093085483698279209
579 580 -0.15000232794672641
580 776 0.12341637706896547
398 580 -0.63243050076630825
580 581 -0.56556058162743605
581 777 -0.2295418493063032
399 581 -0.71962321195248058
581 582 -1.2377860152160629
582 778 0.17296471354378046
400 582 2.0025556435173919
582 583 -0.010330513622347021
583 779 -0.84984727752936873
401 583 0.93581116660574615
583 584 -0.81207080911190499
584 780 -0.18357511035194318
402 584 -1.3900398349043639
584 585 -0.45634036055344135
585 781 -0.33231476922022746
403 585 -0.99192088713662219
585 586 -0.52580399528175392
586 782 -0.32967818496057533
404 586 0.12331226196268837
586 587 0.033055444473860079
587 783 0.83672364765239449
405 587 -1.815802359344642
574 587 -0.081945016242957275
588 784 0.083067851280633334
588 602 -0.3249718668515571
588 589 0.35817100154071246
589 785 -0.38173821988723344
589 603 -0.10476059490562793
589 590 0.36250683332040334
590 786 -0.37216603414809341
590 604 2.1493302670378647
590 591 1.4148853368916325
591 787 0.088180418621392906
591 605 -1.289069959198212
591 592 0.15144311093169516
592 788 -1.2036734166230385
592 606 0.64182348623232977
592 593 -0.072578253465551107
593 789 -1.6522100676411959
593 607 -0.19138884429247971
593 594 0.20346833100658099
594 790 0.31592354902111153
594 608 1.3836115806199261
594 595 -0.51533882576297418
595 791 -1.6598434254709233
595 609 -0.52650908668792884
595 596 -1.351973916779267
596 792 -0.18129196079105056
596 610 0.75032918147164729
596 597 -0.85511759568340162
597 793 -1.2943847982931791
597 611 -0.4603110891344413
597 598 2.1870409102331125
598 794 0.56673994777039427
598 612 1.1123433887647665
598 599 -0.17319333899615616
599 795 0.55582935808065093
599 613 0.68773284758146858
599 600 1.142881933936613
600 796 -0.62478194926636643
600 614 -0.98780081064170755
600 601 -1.0295317968261064
601 797 -0.94101586831284689
601 615 -1.450582519450734
588 601 0.28505575921218257
602 798 -0.084095335564721763
602 616 0.26164911467595919
602 603 0.6757320697046505
603 799 0.51908800761615026
603 617 -0.19430533482225765
603 604 1.2082723943362057
604 800 0.17301572521716777
604 618 -0.11531766508478816
604 605 -0.2169746107310572
605 801 -0.092476869601939599
605 619 0.017208998899675258
605 606 0.088547659096014628
606 802 1.1955212701049627
606 620 -0.32837769676899581
606 607 -0.0078038953430499408
607 803 -0.066595689714041617
607 621 1.5694593522554496
607 608 0.12652605893077348
608 804 -0.40163825022081462
608 622 1.1134368519414277
608 609 -0.44293250721208344
609 805 0.35177810180786501
609 623 -0.16458906508108348
609 610 2.9543671188233249
610 806 -0.57443230400783385
610 624 -0.31104705791766896
610 611 -0.6893204186791978
611 807 0.45921824825092755
611 625 -1.392015410931053
611 612 0.7664397105142321
612 808 -0.26809354463328067
612 626 1.4187655424409833
612 613 0.71240848492487996
613 809 0.014281482709926494
613 627 -0.47494330075268598
613 614 0.75259696122106612
614 810 -1.0676858818169495
614 628 -0.40123497243213047
614 615 -0.49265793568182253
615 811 -1.1447734324576373
615 629 1.6354667491584396
602 615 1.5911004656665493
616 812 0.054845015055601506
616 630 -0.97851075247008101
616 617 -0.0074296599062398617
617 813 0.75672222172916115
617 631 0.030726300535329775
617 618 1.5463816739459237
618 814 -1.1084945293545077
618 632 -0.20495770862796978
618 619 -0.95272992154511515
619 815 0.84795951735874531
619 633 -0.022408317546817411
619 620 -1.0437989754146006
620 816 0.738808285148294
620 634 -0.0013507109238097342
620 621 -0.10763801173024856
621 817 -0.42838861474320228
621 635 0.60576204690384283
621 622 -2.7053052483271829
622 818 -0.74241271660323693
622 636 0.73733869905649396
622 623 -1.8510115018176676
623 819 2.1455501257356553
623 637 0.87604245519154544
623 624 0.049716105041560044
624 820 -1.036067660842183
624 638 1.069854860937586
624 625 1.592888627949645
625 821 0.5674537678395325
625 639 -0.437061328840531
625 626 -1.0673685890459275
626 822 -0.28280117156145207
626 640 -1.18211076483505
626 627 -0.5413242855650886
627 823 -0.71592463326556721
627 641 -0.74375346419351651
627 628 -2.1435743576186868
628 824 1.6520875211115065
628 642 -1.135407259426398
628 629 1.0427510623638043
629 825 0.2004728483240206
629 643 0.28185609946575457
616 629 0.083569696228811496
630 826 2.8098687452900677
630 644 -0.15975273483924302
630 631 0.097178072375100538
631 827 -0.4981314062864588
631 645 -0.49545458096223277
631 632 -0.74082180584293145
632 828 -0.34328719868037189
632 646 -0.85459832092889987
632 633 0.64262039928564818
633 829 0.83432040004472341
633 647 -1.7323306390972943
633 634 0.46538475911437249
634 830 0.056996166364610253
634 648 -1.8081360748139905
634 635 0.5758192501284437
635 831 -0.028310293052722035
635 649 1.3464740601387546
635 636 -2.2229887824233865
636 832 0.43707394263955951
636 650 -0.27257163297041137
636 637 -0.97488918373208722
637 833 -0.74321023926749619
637 651 0.39784515338184417
637 638 -0.19384953223556534
638 834 -2.3440297864327135
638 652 -0.16872414190230106
638 639 0.346049629716213
639 835 0.73971149341482656
639 653 0.73470976152512479
639 640 -0.01703770714925577
640 836 0.77619695998438476
640 654 -0.4559006272412427
640 641 -1.1221338522304729
641 837 1.0187809478215244
641 655 0.11115421564750917
641 642 -0.38579650766990375
642 838 -0.096724213992359129
642 656 -1.1793711374171543
642 643 -1.5234817115365942
643 839 -0.088757558361326941
643 657 -0.51426396731011526
630 643 0.1034620940751013
644 840 -0.41891216186974245
644 658 -1.7772455422396582
644 645 0.26822328742055901
645 841 0.64412483806703458
645 659 -0.27355497780011445
645 646 -0.85858787702566619
646 842 -0.21555007503856011
646 660 -0.61681416649773668
646 647 0.71331581183155235
647 843 -1.4732421112213923
647 661 0.21139510105775092
647 648 0.47053920417435052
648 844 -0.45757301169332631
648 662 0.24590048465830042
648 649 -1.3191244612773558
649 845 0.15512445677653369
649 663 -0.66945856853894681
649 650 -0.28770774972992114
650 846 2.2059497849493286
650 664 0.66482719709988192
650 651 0.75513301419469014
651 847 0.071675377044985916
651 665 0.058576181815817342
651 652 1.1688368001403699
652 848 0.41525893440115197
652 666 0.54213848131189457
652 653 0.024169861960239857
653 849 -0.29965794828044545
653 667 0.51316601676136619
653 654 0.37947136903709511
654 850 -1.6498405831822298
654 668 -0.31939174181768182
654 655 0.35628762181808055
655 851 -3.1192155577539817
655 669 0.85264384790236314
655 656 0.28737440470805958
656 852 -1.2819613138627606
656 670 0.72571401037505634
656 657 -1.0058592636157622
657 853 0.59544940104605559
657 671 -1.2999948468953944
644 657 0.69613414300067833
658 854 -0.12255237172140863
658 672 0.80435155720270091
658 659 1.4307955376387596
659 855 -1.0575745190409294
659 673 -0.29568547295928926
659 660 0.35818263380478221
660 856 -0.0088866220654870241
660 674 -0.49830309076074114
660 661 0.44201380443196003
661 857 -0.72371823987912376
661 675 1.2890745066227292
661 662 0.23390410284167754
662 858 0.32798208558383801
662 676 0.21583496908255023
662 663 -0.62552602628890619
663 859 0.8367496663037175
663 677 0.71680818879086627
663 664 1.5426532825220116
664 860 -1.3655070245412779
664 678 -0.95883038016068634
664 665 0.42177033738169645
665 861 -1.0923771373149245
665 679 -0.65496497759431893
665 666 2.0067473765955737
666 862 0.65170065007412747
666 680 -0.26637455264237281
666 667 0.57339653690087033
667 863 -0.047115648744424143
667 681 -0.23534734879777502
667 668 -1.7817860533801901
668 864 -2.3617696099861298
668 682 -0.017370354381392238
668 669 0.4794642983036651
669 865 1.7190980816142587
669 683 -0.14918135894783491
669 670 -0.3887255031884837
670 866 0.23193701307300574
670 684 -3.5434223038762354
670 671 0.6192250012115974
671 867 -1.8284139805784156
671 685 -0.066985151966493198
658 671 -0.41994394039320754
672 868 -1.5057429512184231
672 686 0.99216101054025874
672 673 0.28794456973370264
673 869 -1.1804549085899907
673 687 -0.45776760550901424
673 674 -1.9480023704252398
674 870 -0.064068091729347479
674 688 -0.18602228278991639
674 675 0.29830889365890806
675 871 0.10042512070364609
675 689 -0.84596502601251267
675 676 -1.2442748048080787
676 872 1.1259414162620609
676 690 1.6394620606816332
676 677 0.031190665087163588
677 873 -0.6185393998034785
677 691 -0.85660251631808937
677 678 1.926253747559022
678 874 -2.2947772028774942
678 692 -0.74169406746540245
678 679 -0.97423951957859833
679 875 -0.85628575247924299
679 693 0.60060175527581594
679 680 -0.15648306651484176
680 876 -1.5931048539135642
680 694 -1.253671158790379
680 681 -1.4298293119224643
681 877 1.4806903530150382
681 695 2.5845281684954093
681 682 -0.80351876432623937
682 878 0.68073023538460165
682 696 -1.8835231589861756
682 683 0.89479422366922656
683 879 0.90545262800229831
683 697 0.43296865175833105
683 684 0.79298757317954116
684 880 -0.83353453070564487
684 698 -1.6958809479929622
684 685 -0.79851062282148666
685 881 0.17479845459289231
685 699 -2.3011315580020191
672 685 -0.65043346335921592
686 882 -0.55911905663385197
686 700 -0.52742509106824043
686 687 0.7538720800953842
687 883 -0.41576375296627061
687 701 0.62089679406191112
687 688 -0.086359218653644362
688 884 0.064689391585005571
688 702 -2.0020103384533594
688 689 1.963725266178098
689 885 1.695667967636161
689 703 0.072185258934879828
689 690 0.86289088639495681
690 886 -0.34522408922443781
690 704 2.2741237093823647
690 691 -0.31262854827933984
691 887 0.85725060642740103
691 705 -1.9579892314450842
691 692 0.58271666746034922
692 888 -0.85664007269985931
692 706 -0.96193251740373742
692 693 0.1701937537247141
693 889 -0.86134517526644827
693 707 -2.565172852082422
693 694 0.55504269889143953
694 890 -0.14014478811231851
694 708 -0.58820673485295005
694 695 -0.077444651594400768
695 891 1.0742593350723273
695 709 -0.33141791357211509
695 696 -0.67037453335329422
696 892 1.2257966117413155
696 710 -0.22877149398074409
696 697 -1.3106470584891061
697 893 -1.2162877926872413
697 711 -0.8226993718108544
697 698 -1.7199936533904556
698 894 -1.397878977873763
698 712 -0.86353035029473302
698 699 -0.32890442701092099
699 895 -0.1185955558021617
699 713 1.0684713420713885
686 699 2.0086639410623106
700 896 -0.61957367643804317
700 714 1.18154577959917
700 701 0.24208998840756271
701 897 1.3231981730462687
701 715 -0.48863146622221193
701 702 -1.352228756350109
702 898 0.47793010607657543
702 716 1.6880162823726221
702 703 -0.32241846970654958
703 899 -0.88103991875060872
703 717 -0.58012782348872705
703 704 -1.0916506397952119
704 900 -0.73949855259237529
704 718 -1.1956521116717531
704 705 -0.79997706637623744
705 901 0.52088064835323789
705 719 -0.59657607014462266
705 706 1.2324634987209659
706 902 -0.24447415531386044
706 720 0.80857806656198727
706 707 -1.0105608031638493
707 903 -0.28140326286622419
707 721 0.94696183893695862
707 708 -0.036213231417854611
708 904 -1.59165750310717
708 722 -0.0095854112682442968
708 709 -0.63788025578309304
709 905 -0.39476148520331344
709 723 0.012655576942709516
709 710 0.21300887310102004
710 906 -1.3209585605715808
710 724 -0.98829614602440252
710 711 -0.71593273884971687
711 907 0.2466056536409004
711 725 0.97186713658948232
711 712 -0.015185977481938694
712 908 -0.97270216152053823
712 726 0.22909861465367237
712 713 -0.93031097619513381
713 909 -0.52264438846851891
713 727 -0.32977510426134915
700 713 2.2432899997354365
714 910 0.38676327551262413
714 728 -0.14791702830267409
714 715 0.37224280732389059
715 911 -0.093840791308323665
715 729 -0.50279828625678546
715 716 0.12882522148268274
716 912 0.00039915740020671822
716 730 0.11872990636510661
716 717 0.83666878263792066
717 913 -1.6695041579230461
717 731 0.15973773954148704
717 718 -1.1150780543456991
718 914 0.90922983221356291
718 732 0.13291729185089496
718 719 -1.8218782243066078
719 915 -2.1250618653617894
719 733 0.47273996712121785
719 720 -0.49210683703243485
720 916 0.66748530704416564
720 734 -0.062892254857251459
720 721 1.6764114532198269
721 917 0.68949529467071691
721 735 0.28618227499549526
721 722 -0.050947406245705179
722 918 -0.42664190030783683
722 736 1.4542733226667668
722 723 1.3126864896818722
723 919 -0.32919355999665428
723 737 -0.87049609147253926
723 724 -1.2061597937527644
724 920 -1.5612142611936846
724 738 1.2776514475968692
724 725 0.39244856037397607
725 921 -0.93150180669439608
725 739 -0.60835029810925467
725 726 1.5402918978512661
726 922 0.17180088515869169
726 740 -1.7994223791289503
726 727 -0.10384990629693369
727 923 -0.43441181406484086
727 741 0.34082352727394277
714 727 2.3295932285567198
728 924 0.50773243089843312
728 742 2.2168298606152881
728 729 -2.1532675261031518
729 925 0.052497867537498695
729 743 1.8457210391449745
729 730 0.18036831017014088
730 926 -0.11154157479684103
730 744 1.9563620290508814
730 731 0.37573322817725779
731 927 0.05334334435599259
731 745 -0.56295746259404167
731 732 -0.20334853971790287
732 928 1.117729131966871
732 746 -3.3522423226870099
732 733 1.0315704207921923
733 929 -0.92922385352386427
733 747 0.55780076082141239
733 734 -0.93055075092017614
734 930 0.53189782700190502
734 748 2.0160139187092274
734 735 -0.030749950855192727
735 931 1.1513368748273785
735 749 0.0095333325025919076
735 736 0.19448811564140617
736 932 -0.86439704315656607
736 750 0.65231576067477648
736 737 0.13563225763620901
737 933 0.94500541980326835
737 751 -1.7974036044020754
737 738 -0.018995832666068826
738 934 -0.92796161745043559
738 752 -1.4569457778268557
738 739 0.55731997014239087
739 935 0.40645676131392916
739 753 -0.19324536377570081
739 740 0.51287151299032718
740 936 -0.45019926042433139
740 754 -0.64701341411141078
740 741 0.085763809460771362
741 937 0.78317416728655431
741 755 -0.59881426283827077
728 741 0.71813399891050878
742 938 -1.5983479967568648
742 756 0.24564441027042622
742 743 0.20734475583576717
743 939 -0.37905355964036291
743 757 -1.3254647393697079
743 744 1.3570792578319617
744 940 0.0075131177530782288
744 758 0.5543989184023459
744 745 0.26303020329999516
745 941 -0.87693574382758799
745 759 0.49988186049545785
745 746 -0.025623006064111883
746 942 0.39641253164252654
746 760 -0.35246085854729647
746 747 -0.58989812393584484
747 943 0.078356431497084919
747 761 -0.31333389979544529
747 748 -0.81096497073758478
748 944 -0.39310603552148277
748 762 1.5820181322329105
748 749 1.4552739890808208
749 945 -0.79785044608773981
749 763 3.2894029496603099
749 750 -1.3953582007661718
750 946 0.47115049708548762
750 764 0.39785844992652575
750 751 1.2643712377634067
751 947 -1.0671721834102421
751 765 -2.4233380798305384
751 752 -1.0183205064254617
752 948 0.66204489584893744
752 766 0.65388634448726379
752 753 -0.095537798374444469
753 949 -1.1722296363079097
753 767 -0.25236595019466407
753 754 -1.1559682807382219
754 950 1.3935249387054414
754 768 0.67520067018030294
754 755 1.9369796261706045
755 951 0.056614893233257323
755 769 -1.3666672800342479
742 755 0.67056167234297526
756 952 1.1742114087543187
756 770 1.5354886433495674
756 757 0.50029695675399155
757 953 0.38469573049026501
757 771 1.6043118546593165
757 758 1.2570166944104759
758 954 -0.62613168969355482
758 772 1.718030531370355
758 759 1.6230442277587902
759 955 -0.83527931418446888
759 773 -0.4770270867595931
759 760 0.52821944655005815
760 956 0.059469386401444259
760 774 -2.3844647563025552
760 761 0.097064203319812678
761 957 -0.21546296229013834
761 775 0.66027539296491855
761 762 -0.044294684354836626
762 958 0.20692746875147308
762 776 0.89380791379461055
762 763 1.341583209102837
763 959 -0.53391458388045387
763 777 1.6227090348945454
763 764 0.34530536355110847
764 960 -0.38650095653886019
764 778 -1.0589544691275812
764 765 0.30728344053222978
765 961 0.62112304490680637
765 779 1.9261937923834798
765 766 0.027323872731367792
766 962 0.16720055908627185
766 780 1.118310261249984
766 767 -0.13483601631027817
767 963 0.9551174678285681
767 781 -0.65762456819589854
767 768 0.47962184101516425
768 964 2.2792333535510543
768 782 1.0567914976728974
768 769 1.3813194154847157
769 965 -1.2199423461892431
769 783 -0.4746188615315371
756 769 0.16345854027325304
770 966 0.54738580264718983
588 770 0.55021597668203126
770 771 0.017348328881581224
771 967 0.81107934529373615
589 771 -0.193418579234274
771 772 0.56545279041432295
772 968 -1.7469412201758401
590 772 0.65380977669111751
772 773 0.29285019804895934
773 969 1.5177781450921985
591 773 0.96085637341972197
773 774 0.027909518826256564
774 970 1.5918386425027757
592 774 -2.2882600216858084
774 775 -0.96055805883249645
775 971 1.5065817853958303
593 775 0.12590247185090489
775 776 1.3153882756880644
776 972 -0.043461860809086053
594 776 -1.2074200601052993
776 777 1.6253705076637301
777 973 -1.1745406718925608
595 777 -0.34215426517548952
777 778 0.81793540102232443
778 974 -0.47780243876258643
596 778 -0.22806923256392403
778 779 -0.94073959035443333
779 975 1.060737289569003
597 779 -1.6933151148184771
779 780 -1.1020790965380918
780 976 -0.40285345335498413
598 780 1.6877032174526212
780 781 -1.6222454611286519
781 977 -0.16505837618573924
599 781 -0.34945625172684142
781 782 0.94973962433541315
782 978 0.045260016738601389
600 782 0.18891652416475066
782 783 -0.61708128323776279
783 979 -0.4338769178046018
601 783 0.97560442600561981
770 783 -1.4044111063234941
784 980 -0.11911199429282418
784 798 -0.24005306908159257
784 785 0.29315077333971912
785 981 1.0320848994516743
785 799 -1.1521396535754505
785 786 0.19624759272433298
786 982 -1.8268894020640329
786 800 0.19956264145513056
786 787 0.72483445327387674
787 983 -0.397032239006891
787 801 -1.936168111766617
787 788 2.3593012180739912
788 984 0.75443262351635243
788 802 0.9871756206368264
788 789 0.57489569348656056
789 985 -0.17233616380351094
789 803 0.17200052300340404
789 790 -0.56222688411027077
790 986 0.94969363947622298
790 804 -0.79311055044172651
790 791 -0.57468120989857796
791 987 0.21378876584945727
791 805 1.0538600563167368
791 792 0.93144735289658076
792 988 0.12074981813618901
792 806 0.93015861837952996
792 793 -0.3844505391481674
793 989 0.67145502019770165
793 807 -0.24829402906895071
793 794 0.050188573679246909
794 990 -0.26141055292995763
794 808 -1.3492973981723704
794 795 0.11380686044072442
795 991 1.035444682648428
795 809 -0.94207907172776095
795 796 2.9914137174906985
796 992 0.69086870792590971
796 810 1.1303141593152473
796 797 0.23645636102807829
797 993 -2.1489200229382224
797 811 -0.1312616850034945
784 797 0.27064589903367253
798 994 1.996155717569942
798 812 0.088882459074905329
798 799 -2.0396314770204804
799 995 0.016255809402744684
799 813 -0.88023022534318041
799 800 -1.3035529302675002
800 996 1.417933088627336
800 814 0.77991126956506795
800 801 -1.0226845117887331
801 997 -0.25954843987692333
801 815 1.5293042015759597
801 802 -1.2142619043363414
802 998 1.154595081505484
802 816 1.1642894157204877
802 803 -0.39007050250601488
803 999 1.3392435905287643
803 817 -0.093544667292897982
803 804 -1.1634055539917738
804 1000 -0.13443038015554973
804 818 1.5653835855148457
804 805 0.89560931115819764
805 1001 0.3743881218759631
805 819 -1.2827147933574026
805 806 -0.17029052716862267
806 1002 -0.40740900619450293
806 820 -0.044130338086825975
806 807 -2.8577695352429195
807 1003 1.6307402574196233
807 821 1.9409627891809604
807 808 -1.2090908492027614
808 1004 0.24120647880382079
808 822 -1.711486030746227
808 809 -1.2313237573935167
809 1005 0.42390330688868139
809 823 0.76736162768418803
809 810 -0.38044602303642383
810 1006 0.25997777036714509
810 824 0.001912962602092513
810 811 0.39831030226196329
811 1007 -1.5131872617603008
811 825 -0.25505167282250973
798 811 1.2330994696755493
812 1008 -0.33257488048802697
812 826 0.44655721432750856
812 813 0.23093898911830071
813 1009 -0.11010365176201438
813 827 0.79029403612192417
813 814 2.4989312934248189
814 1010 -0.12192172404776713
814 828 -1.5161422254817172
814 815 0.78555053181992085
815 1011 0.63839218308378509
815 829 2.0672128660331852
815 816 -0.089993756980507114
816 1012 1.9129261603181384
816 830 -0.9069593218923101
816 817 -0.68896136583704337
817 1013 1.0962109377217739
817 831 -0.53583039688088629
817 818 -0.15646647907852385
818 1014 0.17947452737339975
818 832 -1.5389841529751522
818 819 -0.70631076598732467
819 1015 -0.44664695377325475
819 833 -0.46863154112697564
819 820 -0.87305349627998752
820 1016 -0.36120256511307075
820 834 0.47371465589323891
820 821 0.42198878559861486
821 1017 1.6622450961485129
821 835 1.2091166291743605
821 822 -0.60883008030706542
822 1018 0.53767041737238663
822 836 0.99982957221041391
822 823 0.86267506489421841
823 1019 1.0496336611391304
823 837 -0.45352086691613114
823 824 -1.270002716798047
824 1020 0.60951154621303338
824 838 0.42910693959715934
824 825 0.11452645196578159
825 1021 1.5087595462789687
825 839 0.13742312053432518
812 825 0.45992166116928956
826 1022 0.54405915812303773
826 840 -0.61994213317337665
826 827 -0.40835064915041674
827 1023 -1.3110374759204009
827 841 0.69671756545085617
827 828 0.13500623326747105
828 1024 1.1258751972057428
828 842 -0.76697209708518421
828 829 -0.12773974346826758
829 1025 0.86736756135511728
829 843 -1.3075378185967867
829 830 -0.91011941007461705
830 1026 -0.081608983316249412
830 844 -0.38274786558829393
830 831 -0.34196096500317957
831 1027 0.50169385828758029
831 845 -1.0445287083646659
831 832 1.5085155763119327
832 1028 -1.0116125732285735
832 846 -0.9653466824597019
832 833 0.11183349233450761
833 1029 0.26437116314937964
833 847 -0.83061735079100207
833 834 1.1796416060620474
834 1030 -0.21130287235666537
834 848 0.28730571776010216
834 835 0.38741928030165457
835 1031 1.1418673846346834
835 849 0.45263796616458729
835 836 1.4906412416065278
836 1032 0.13155472027314399
836 850 -0.48455713707362186
836 837 0.18005535060997893
837 1033 0.66400697026848232
837 851 -0.089816223383001853
837 838 1.5683523954337384
838 1034 -0.10769215045540081
838 852 -0.043943746938945837
838 839 0.59270645110802134
839 1035 -0.066407617229649704
839 853 -0.19586782674546963
826 839 -0.94038747866523875
840 1036 -0.057350889899143422
840 854 -0.56594158555282015
840 841 1.2361420429557548
841 1037 0.38804532437585021
841 855 -1.9395523689200918
841 842 -1.002261556683177
842 1038 -0.18191084153107526
842 856 0.51569438112061217
842 843 -0.67530036915221603
843 1039 0.74246263400155788
843 857 0.85519458419380956
843 844 1.6888834324074613
844 1040 -1.1137009248399339
844 858 -0.77851444815280346
844 845 -1.5331971517755338
845 1041 0.084573654894020106
845 859 -1.3632262444464318
845 846 -1.2974792942068047
846 1042 -0.27812506768232875
846 860 0.17008018125252894
846 847 2.1074040463910322
847 1043 0.048511862185826066
847 861 1.1591132512434241
847 848 0.32819817179248784
848 1044 -0.26421349267352584
848 862 0.59822064405577391
848 849 1.011270969186703
849 1045 -0.58457042670121873
849 863 -1.7803953816409783
849 850 -1.1054005042326804
850 1046 0.11479145800375259
850 864 -0.90176045389410675
850 851 -0.25039591201294548
851 1047 1.6593477457772068
851 865 2.4881723683330312
851 852 1.8709777884688195
852 1048 -0.17948443527913793
852 866 -1.2674021633201038
852 853 -0.27479577951508605
853 1049 -1.4750012022191299
853 867 -0.68903274747170573
840 853 1.5629475538747066
854 1050 -1.1591523481170132
854 868 0.84013068837927241
854 855 -0.7308435571341948
855 1051 0.42235652204219176
855 869 0.24932898088114819
855 856 -0.57280319354943299
856 1052 -0.31731263883284938
856 870 1.1961940594973799
856 857 -1.0055496855980264
857 1053 1.2833808847425783
857 871 -1.4548219722609184
857 858 0.79803665491941655
858 1054 -0.12382378366681238
858 872 -1.0165432221786894
858 859 1.2359286439159152
859 1055 -1.2205264015955144
859 873 0.50061867348559019
859 860 0.087052764195611698
860 1056 0.031590217335068893
860 874 1.8453856121387242
860 861 0.42823701604841918
861 1057 0.64757176685654194
861 875 0.91983420673042016
861 862 0.90001752302405791
862 1058 0.25868080428445372
862 876 -1.4112407642969265
862 863 0.6812987901020513
863 1059 1.024695823429109
863 877 -2.1954716031044259
863 864 1.2011589653657149
864 1060 -0.072819676245106324
864 878 -0.57875529211470378
864 865 -1.5599419539571628
865 1061 0.62552156484855903
865 879 0.066637863052088103
865 866 -0.57436646722341134
866 1062 -0.28720063209057661
866 880 2.0525393872816031
866 867 0.014297004675226351
867 1063 1.1357102084585105
867 881 -0.40715391760911368
854 867 -0.2189297901268836
868 1064 -0.028476813718149026
868 882 -0.99321226437370613
868 869 -0.29306366941131301
869 1065 0.075608439980567321
869 883 -0.76362826162178621
869 870 -0.20859625287911832
870 1066 1.1876871488285177
870 884 1.2579102901907611
870 871 -0.22185487575137161
871 1067 -1.6340561597058119
871 885 -0.51194099036521412
871 872 -1.7833201726599617
872 1068 0.71220368718939253
872 886 -1.3778668519688042
872 873 -0.24941308536418783
873 1069 -0.052767592144466025
873 887 -0.29990768345907376
873 874 -0.15783417769581584
874 1070 -0.49864863897380363
874 888 -0.35060040226313083
874 875 -0.51880132242115384
875 1071 -1.236303561193326
875 889 -0.43497786281159001
875 876 0.13690237598254398
876 1072 0.20428421044158251
876 890 -1.6084992635363384
876 877 -0.43333169295854002
877 1073 -1.8269976038695934
877 891 0.43336172661207079
877 878 -0.26509231389697302
878 1074 -0.043682781777873651
878 892 -0.041832818625274167
878 879 0.78145352175242822
879 1075 1.1312956559213281
879 893 -0.52027566349200693
879 880 0.32975685236498925
880 1076 -0.75009352633259452
880 894 2.0450161927696779
880 881 2.2319978257540374
881 1077 0.5183041608980542
881 895 -0.16452458393384459
868 881 0.19551034595993905
882 1078 -0.36047185550270422
882 896 -0.09248085239171222
882 883 0.77877313944153315
883 1079 -0.014619442766889226
883 897 0.11428346193357351
883 884 1.0255412783326445
884 1080 -1.3663274805450349
884 898 0.23451935746564692
884 885 0.38349703820585107
885 1081 -1.438253912968581
885 899 0.18799934630121498
885 886 -0.86193637049377592
886 1082 0.34181880717755359
886 900 0.49862792839622899
886 887 -0.38757990988497409
887 1083 0.054441323815047564
887 901 1.0396842651074749
887 888 -1.6748788873693183
888 1084 -1.1094850177158262
888 902 2.3818465255349657
888 889 -0.26939890329789207
889 1085 0.029304602248661181
889 903 1.3876751061362858
889 890 1.3108469169605517
890 1086 0.74348747464064413
890 904 0.24276689373735807
890 891 0.63690224902876358
891 1087 -0.67208292251188329
891 905 0.48537013414802727
891 892 -0.18571310229102073
892 1088 0.7836845792786149
892 906 0.59047583126881886
892 893 0.77348615922601072
893 1089 0.38110363375618944
893 907 -0.42384419287561914
893 894 -0.0022554020328542294
894 1090 -0.049749955871222037
894 908 -1.4882930931731018
894 895 0.90959289151355349
895 1091 1.0080367137737127
895 909 1.4195258290636996
882 895 0.42822964569588068
896 1092 -0.57932059732722785
896 910 1.3992547310649799
896 897 0.36621305162581752
897 1093 -1.9570171668760508
897 911 1.2632755928661543
897 898 0.10542083031831671
898 1094 -0.27952214629433358
898 912 0.00085040265371756998
898 899 -1.481461713749251
899 1095 0.5653292744254137
899 913 0.20957951584598999
899 900 -0.34902169258086807
900 1096 -0.66715563108914011
900 914 -0.5273671295522403
900 901 -0.9865068461407881
901 1097 -0.63078410332782653
901 915 1.2706604357926927
901 902 0.71135860861713096
902 1098 0.10359299173144784
902 916 0.6370916949620089
902 903 0.058205080926867707
903 1099 0.27492693925665029
903 917 0.47333559459525487
903 904 0.70937610064646395
904 1100 -0.9790782073044495
904 918 -0.79590766461228069
904 905 -0.26864345492605152
905 1101 0.58245731217194685
905 919 -1.3606435649463653
905 906 0.76792380500960755
906 1102 0.49041325765265653
906 920 -1.7122142599512526
906 907 -0.46937665617195568
907 1103 0.40466601790058682
907 921 -1.1419040162116396
907 908 0.71859403460567595
908 1104 -0.28135131145262487
908 922 1.5835704985938033
908 909 -0.21907947354446647
909 1105 0.35639321839667232
909 923 1.1455241494749324
896 909 -0.41022200497091726
910 1106 0.3422653034630937
910 924 0.069896498734244847
910 911 2.198966135416363
911 1107 0.72405585996456956
911 925 -0.91322242428283262
911 912 0.086634053611162928
912 1108 -0.22277654120119597
912 926 -0.328814009046695
912 913 1.0203655539849175
913 1109 0.85052933029710476
913 927 0.2767517623634444
913 914 1.004912106648959
914 1110 -1.8027239468578364
914 928 -0.6401497232167932
914 915 0.47975412040855853
915 1111 0.62575250523272985
915 929 0.92535673697308896
915 916 -0.13622380675193654
916 1112 -0.53839340585550133
916 930 0.14183683109642581
916 917 0.30097752638031544
917 1113 -1.5343327507736622
917 931 0.56047037958069756
917 918 -0.45414198168877673
918 1114 0.71174975133978435
918 932 -1.5793205577956484
918 919 -0.48833036634590499
919 1115 -1.357967176501218
919 933 1.4217347347122427
919 920 -0.71652079695573412
920 1116 -1.4360287161617338
920 934 -1.2202228394000401
920 921 -0.78358481213145625
921 1117 -0.49757854848704258
921 935 0.30632768245080993
921 922 -0.60533345820026474
922 1118 0.0075287200993272886
922 936 -0.045713242541750805
922 923 1.4288115530154957
923 1119 0.46735881612748092
923 937 -0.11117791728026997
910 923 0.82255440242118261
924 1120 -0.88662380648332606
924 938 0.74691310986619308
924 925 -0.17627063665633946
925 1121 -1.2908464159327675
925 939 -0.05211558300797333
925 926 2.046115074012492
926 1122 -0.3818057190934509
926 940 0.55413137676507174
926 927 0.46837518547596779
927 1123 0.55947717438953581
927 941 -1.747361940597304
927 928 -0.16021983346721019
928 1124 0.12860840229361953
928 942 1.4248048645921867
928 929 -0.99460870640043986
929 1125 -1.1167986768858444
929 943 1.3951436148384193
929 930 0.13241209426483974
930 1126 -0.12027308352738654
930 944 -0.90817890173769222
930 931 -0.34004910410814293
931 1127 -1.0330302260560849
931 945 -0.095411100104654159
931 932 0.44333089269978115
932 1128 0.92569675824556485
932 946 -0.7508016226151415
932 933 1.4384888819042532
933 1129 -0.30629672156164683
933 947 1.1427198727891765
933 934 -0.17381782929583961
934 1130 -0.75706068214744082
934 948 -0.75617455386434684
934 935 0.37136427105405884
935 1131 0.35040921499296795
935 949 1.0940753491528064
935 936 1.5630689795817458
936 1132 -0.038997471289975091
936 950 -1.1141178720317397
936 937 -0.71311978471322235
937 1133 -0.14312863281278521
937 951 -0.19878483085746992
924 937 -0.36431659116429121
938 1134 1.9795695705536209
938 952 1.2327463241526309
938 939 0.36397750118695399
939 1135 0.90299886731224821
939 953 0.093079712686612581
939 940 -0.28310569493865212
940 1136 0.026853559834576851
940 954 -0.43847839062388166
940 941 -0.5728089810456608
941 1137 1.5136154637330708
941 955 -1.1635991780956243
941 942 -1.3319725908012732
942 1138 -0.70747921147526838
942 956 -1.4964787361435821
942 943 2.6414249662150722
943 1139 -0.19294234998814441
943 957 1.3504087730418852
943 944 -0.63904021058553306
944 1140 -0.63918114110924296
944 958 -1.0096739735085747
944 945 0.31324428378246455
945 1141 -0.61280632242588673
945 959 -0.63754131513394319
945 946 0.38000092231331573
946 1142 -0.73194578054794479
946 960 0.74946464253119449
946 947 0.75926077365126865
947 1143 -1.9170716121794558
947 961 0.1289355593701054
947 948 -0.62502546857466612
948 1144 -1.0213108801411175
948 962 1.3481278885785459
948 949 -0.098358557389749149
949 1145 0.74181653329800046
949 963 0.05587733727343016
949 950 0.54068430131272494
950 1146 -0.44941985226725889
950 964 -1.4966472800112205
950 951 0.39870269262182373
951 1147 1.3206748224545803
951 965 0.63396783801331269
938 951 0.15890712524683162
952 1148 0.96840399276778133
952 966 1.4966231424320342
952 953 -0.26557441505642226
953 1149 -1.5371875622022435
953 967 0.8239432384887867
953 954 -1.9488394970923775
954 1150 -0.050520916843454076
954 968 0.3468590337422513
954 955 -1.2517253101080039
955 1151 0.31171012642113616
955 969 0.27825803081145761
955 956 0.80724231249975598
956 1152 0.98275149764976677
956 970 0.028419726322986654
956 957 0.19201062831119464
957 1153 0.8566672698764195
957 971 0.087826430357510699
957 958 -0.71453683453723049
958 1154 -0.17739921990825988
958 972 0.051154782502693237
958 959 -1.6541016469901444
959 1155 0.92793463273043419
959 973 2.1543037281581401
959 960 1.5985698097283945
960 1156 0.96888302750004129
960 974 -0.6310455868453686
960 961 -0.31363101873322391
961 1157 1.324548381551792
961 975 0.94714678855937451
961 962 0.75189236775787383
962 1158 -0.68419624699329018
962 976 -0.034116189899607435
962 963 -0.34902774258924119
963 1159 0.51968262787642572
963 977 1.7423587806131184
963 964 -0.16907321030384714
964 1160 -1.1817031146997972
964 978 -2.3154254502889322
964 965 -0.060803427984686312
965 1161 -0.5000062401260893
965 979 0.11447757103185718
952 965 0.65403393709741908
966 1162 0.29294367226793544
784 966 -0.77999265859600297
966 967 -0.7010310521767863
967 1163 -0.12382655604679411
785 967 -0.92262997707090488
967 968 -0.23371934050106086
968 1164 0.80619958582325302
786 968 -2.3855257893212283
968 969 -0.20539715818824791
969 1165 0.41170931231945368
787 969 -0.15906118427385119
969 970 1.5968641104090884
970 1166 -0.47369893743579955
788 970 0.38195145510660328
970 971 -0.26956435171910337
971 1167 1.1099444101083158
789 971 0.60950929969087042
971 972 -1.1800832092558431
972 1168 -0.39701004749966812
790 972 -0.41106564149166203
972 973 -1.0062016638072016
973 1169 0.015983370149897969
791 973 0.88520378231595054
973 974 -0.90016427642078356
974 1170 -0.20218862607643343
792 974 -0.13138055081657191
974 975 0.79925980618118841
975 1171 -1.0366565248969846
793 975 0.88900424855109894
975 976 2.340099466326885
976 1172 -0.21009810874174506
794 976 1.2749557415232249
976 977 -0.41694005823001262
977 1173 -0.36735323972645889
795 977 1.1163967770138092
977 978 1.0793325771428048
978 1174 1.0269444397139458
796 978 1.2976363265246618
978 979 0.3806757901993838
979 1175 -0.30264266236550319
797 979 -1.2409696902571539
966 979 0.42488615908142824
980 1176 -1.6588609282537223
980 994 1.0904982262247511
980 981 -0.20418340109347261
981 1177 0.65600390934244024
981 995 -1.7558856026008569
981 982 -0.39219603408097847
982 1178 1.2579894856889167
982 996 -1.9805136634803537
982 983 0.85773954344422076
983 1179 1.8072161953003469
983 997 0.38794686688259766
983 984 -0.80386421632053517
984 1180 0.38972823497248638
984 998 -0.74134932813730869
984 985 -1.1390479354981102
985 1181 -1.5994446886015032
985 999 -0.77301119163302601
985 986 -0.035220715456774299
986 1182 -0.52422577433086037
986 1000 -1.2588649684855415
986 987 -0.65141285110388225
987 1183 -0.62841932052835736
987 1001 -0.3373039191980885
987 988 0.5869032235872389
988 1184 0.1920885734887951
988 1002 1.5256793575865228
988 989 0.021285808094336063
989 1185 2.3120830483478754
989 1003 0.47635107118362957
989 990 -0.030267540590176525
990 1186 -0.39778025760238123
990 1004 0.24450908104574903
990 991 0.57472454045504651
991 1187 0.23701722597221456
991 1005 -0.40950577802794985
991 992 0.40061244531460799
992 1188 -3.1268896647520172
992 1006 0.52949323071337528
992 993 0.060183580678326312
993 1189 1.382199843511404
993 1007 0.084291104393172778
980 993 -0.97718900378191209
994 1190 -0.048276861431157551
994 1008 0.59071639087301075
994 995 0.079625409727549418
995 1191 -1.1683279376415661
995 1009 1.3271267988206998
995 996 -0.75351566929509151
996 1192 -0.35120285578697402
996 1010 -0.88277311592480945
996 997 -0.55425340629088682
997 1193 -0.39055180073620693
997 1011 -0.13483624179874507
997 998 1.0004976600257689
998 1194 0.16673681660445067
998 1012 0.15092994902210344
998 999 -1.3326028547374766
999 1195 -1.375156739288435
999 1013 0.13892264965792042
999 1000 1.0637692134644747
1000 1196 0.53913426907747042
1000 1014 -0.36527466969059008
1000 1001 -1.1682019787989735
1001 1197 1.0707214358207493
1001 1015 -0.98259878443432935
1001 1002 -0.48953717060102431
1002 1198 -0.46463341831035693
1002 1016 -0.21228961140828137
1002 1003 -0.81768967318284547
1003 1199 -1.0107951671477362
1003 1017 -1.1845138703757316
1003 1004 -1.9806914083449252
1004 1200 0.16513114280506744
1004 1018 0.504762568425841
1004 1005 0.33652711746393876
1005 1201 -0.83975135090830566
1005 1019 -1.0603751820595961
1005 1006 1.2559217088504833
1006 1202 -0.72652724803191948
1006 1020 0.96133594008961276
1006 1007 -0.56668161721073496
1007 1203 0.45457469010820756
1007 1021 0.11994979827578452
994 1007 0.80264461346230265
1008 1204 -0.085920411566914087
1008 1022 0.34113614513995238
1008 1009 0.04399096390608237
1009 1205 -0.38125109467096907
1009 1023 0.043453752176563602
1009 1010 -0.46113467117431794
1010 1206 -0.080096488799624721
1010 1024 -0.15982576494454662
1010 1011 0.030100842249742396
1011 1207 0.88192409605402045
1011 1025 -1.7507519262771056
1011 1012 0.86669365010961952
1012 1208 -0.005364277391033131
1012 1026 -1.1076286633968169
1012 1013 0.61308867012318891
1013 1209 -0.8653449452514651
1013 1027 -0.10816783911004503
1013 1014 -2.1195146310327933
1014 1210 1.2881568569335042
1014 1028 1.275803765646438
1014 1015 -0.2943759153809789
1015 1211 0.54755924254904675
1015 1029 0.97433966507460479
1015 1016 0.016420044746216271
1016 1212 -1.0549319169296676
1016 1030 -1.0387177504107876
1016 1017 0.7188877923269128
1017 1213 0.41652494796561024
1017 1031 0.13769307066028935
1017 1018 -0.89039850850640689
1018 1214 -0.3561187063295646
1018 1032 0.78123680953022179
1018 1019 -1.1528177162024269
1019 1215 1.4809708002503459
1019 1033 1.166957413793656
1019 1020 -1.0158839853201336
1020 1216 -0.15672146788369778
1020 1034 -1.2095589522762886
1020 1021 -0.33731550744584721
1021 1217 0.144660961542944
1021 1035 -0.44854280178247918
1008 1021 1.0345565690105836
1022 1218 -1.3557178459728667
1022 1036 0.74988894045007171
1022 1023 1.5191783386043416
1023 1219 -0.17195481358415363
1023 1037 2.8359379509990923
1023 1024 -1.2508783778517127
1024 1220 1.4368807383803734
1024 1038 -2.2249514682916813
1024 1025 1.0692583722511748
1025 1221 -0.96513025588897994
1025 1039 -0.15608082114506913
1025 1026 -1.3160572672086106
1026 1222 -0.38080581309645356
1026 1040 0.18521406200063528
1026 1027 0.33448610924316885
1027 1223 -0.58232033416808482
1027 1041 -0.51158736551055328
1027 1028 0.29778631708733122
1028 1224 -0.049881329555808811
1028 1042 -0.13941192536567626
1028 1029 -0.030364988171270074
1029 1225 -0.30584147616180263
1029 1043 0.41800805271189062
1029 1030 -0.26941415210392694
1030 1226 1.8043010413691893
1030 1044 0.50895755366417883
1030 1031 1.7144637482948744
1031 1227 -0.44595533579843838
1031 1045 2.412634417735021
1031 1032 1.6080269009006005
1032 1228 0.73525407401191245
1032 1046 0.47378996127229045
1032 1033 -0.21938557826192645
1033 1229 0.0077316417094028282
1033 1047 -0.33646387694768559
1033 1034 -0.28998298749513074
1034 1230 0.073713608247351722
1034 1048 1.1219728727683824
1034 1035 -0.067477117507885237
1035 1231 -0.906880922993762
1035 1049 -0.22475513274569764
1022 1035 -0.38104535177908599
1036 1232 -0.95475690942361102
1036 1050 -1.2228033571890107
1036 1037 -0.44638647868224957
1037 1233 -0.65414036857872671
1037 1051 -0.44433226602456222
1037 1038 0.073390982342724648
1038 1234 0.84333607624305507
1038 1052 0.82006328539797146
1038 1039 0.46154712686865962
1039 1235 0.082982103050680198
1039 1053 -0.14261996239605562
1039 1040 -0.96972443685080489
1040 1236 -0.63510125748420965
1040 1054 1.1624168077975872
1040 1041 1.6536757491988985
1041 1237 1.155805477887818
1041 1055 1.0314481202441357
1041 1042 1.4761363626725721
1042 1238 -0.81215523268179834
1042 1056 0.5042571454366741
1042 1043 -1.5434260527873469
1043 1239 -0.61298775868354116
1043 1057 0.95957392554487897
1043 1044 -0.81384381589239863
1044 1240 -0.77094560811809265
1044 1058 -0.26981810545591883
1044 1045 0.031324742321222974
1045 1241 -0.13034714397119024
1045 1059 0.43259164026885233
1045 1046 -0.46660512829268719
1046 1242 -0.0024363041199414021
1046 1060 0.9244152872478858
1046 1047 0.23977311051858338
1047 1243 -0.38078589272616947
1047 1061 -0.66755552481941349
1047 1048 0.089520700093105227
1048 1244 0.15734419250652554
1048 1062 1.0904824810598663
1048 1049 -0.11796962416804894
1049 1245 1.4213149070875848
1049 1063 -0.34164010211581824
1036 1049 0.19310897788747114
1050 1246 0.20366737421180389
1050 1064 0.49039201551899508
1050 1051 1.1740093670989269
1051 1247 0.85512469366195754
1051 1065 -0.36953915884179594
1051 1052 0.44135844017288317
1052 1248 1.3190471569913929
1052 1066 0.0062377514673580903
1052 1053 0.5387311177133598
1053 1249 -1.071137221523988
1053 1067 -1.0020048961345087
1053 1054 -2.1906744854149851
1054 1250 0.094590841166364195
1054 1068 -0.5938032169965729
1054 1055 1.5109661370225489
1055 1251 0.61501319494331586
1055 1069 -1.7071156499409901
1055 1056 0.1004115459498237
1056 1252 0.16363494021609784
1056 1070 0.25775742472301943
1056 1057 -0.75282255581031587
1057 1253 1.3210532637201244
1057 1071 -0.51170544069096124
1057 1058 -0.22222417297995117
1058 1254 -1.0487290771068647
1058 1072 -0.18958526014527854
1058 1059 -0.58179724616984096
1059 1255 -0.62618107287199853
1059 1073 0.26538289574465868
1059 1060 0.78787863501923261
1060 1256 0.11607430530054097
1060 1074 0.59724118868872966
1060 1061 0.33501812622217725
1061 1257 -0.41081424486586315
1061 1075 0.70711208149892668
1061 1062 1.5001862714145413
1062 1258 -0.65779238621629055
1062 1076 1.1726739679590665
1062 1063 -0.21874975203741251
1063 1259 0.020223009971672784
1063 1077 0.11005096963517488
1050 1063 -0.11577464611190477
1064 1260 0.012541734725961743
1064 1078 -0.34925722225883826
1064 1065 0.085364090438535045
1065 1261 -0.15464440511386218
1065 1079 0.97981729927409034
1065 1066 -0.13670583336951364
1066 1262 -1.0717722357946766
1066 1080 -0.25524194608151657
1066 1067 -0.18402524113022675
1067 1263 -0.53630739064872091
1067 1081 0.10491373503493504
1067 1068 -0.69895856555673286
1068 1264 -0.48991386383448515
1068 1082 -1.0447896356590116
1068 1069 0.48794501606712098
1069 1265 -2.2821017533509349
1069 1083 0.15670700290002462
1069 1070 1.6835298735887663
1070 1266 0.30049192228506172
1070 1084 -0.5415995404606605
1070 1071 -0.17666629452031868
1071 1267 0.73340852602792217
1071 1085 1.104390384820283
1071 1072 -0.047585457880995968
1072 1268 -0.96658419589929012
1072 1086 0.75667724615747622
1072 1073 0.64355060817432241
1073 1269 1.0184511806898096
1073 1087 -0.41064737564664416
1073 1074 -1.8132619632640734
1074 1270 1.2531727839134392
1074 1088 0.70833185016779543
1074 1075 2.194154978596353
1075 1271 -2.2511072958437892
1075 1089 -0.71006579247412083
1075 1076 1.0644060233264194
1076 1272 -1.2962166944520668
1076 1090 0.3000694076061064
1076 1077 -0.050427764669395678
1077 1273 -0.39678347033206102
1077 1091 0.44777363401593384
1064 1077 1.0852314613751854
1078 1274 -1.2486061431334083
1078 1092 -1.5213726238974934
1078 1079 0.7631264408217574
1079 1275 -1.5155341666820012
1079 1093 0.18343534694241606
1079 1080 -1.0947112983089813
1080 1276 0.95310718871025235
1080 1094 0.68302400973333155
1080 1081 -0.074816419876324175
1081 1277 -1.5801974486778869
1081 1095 -0.48735309359841256
1081 1082 1.8386410522267713
1082 1278 -1.0880086596246343
1082 1096 -0.76504442433469966
1082 1083 -0.38263800130397391
1083 1279 0.15528914669691188
1083 1097 0.8372426108146902
1083 1084 1.6421286460143534
1084 1280 -0.75791088650055638
1084 1098 -0.10418156283831675
1084 1085 1.4801431298410594
1085 1281 -1.0275895384441549
1085 1099 0.36033732258194134
1085 1086 1.7330081018383829
1086 1282 0.69453479815635355
1086 1100 -0.32926821232048031
1086 1087 -0.074728806818617904
1087 1283 1.3810979693128933
1087 1101 -0.4371683333269919
1087 1088 0.3717423703687715
1088 1284 -0.11179414462541566
1088 1102 -0.90630401262158322
1088 1089 -1.0172026973821209
1089 1285 2.4969712196878873
1089 1103 2.0912134376572986
1089 1090 0.37880355552433009
1090 1286 1.0896543456183849
1090 1104 -0.05174939652812794
1090 1091 -1.5487590537060962
1091 1287 0.095197076159552002
1091 1105 0.44185600633181643
1078 1091 1.0764573345355573
1092 1288 -0.4750488690171481
1092 1106 -1.1982648909251656
1092 1093 -0.045907547099247416
1093 1289 0.53730242411209861
1093 1107 0.9831644724455838
1093 1094 0.38232532533230662
1094 1290 0.73776273333777476
1094 1108 -0.4320505855512638
1094 1095 0.56293961511604973
1095 1291 -0.34759088502544
1095 1109 1.206459963115688
1095 1096 0.5782321085051898
1096 1292 0.62065655225901817
1096 1110 0.034947769230572939
1096 1097 0.53776885292730925
1097 1293 -1.5259441203563862
1097 1111 1.7240917180108197
1097 1098 -0.16827664828711714
1098 1294 -1.0994991691814751
1098 1112 0.39820070171824729
1098 1099 -0.053308722368191223
1099 1295 -0.35225091209580245
1099 1113 0.63382260573270244
1099 1100 -0.73122437042069044
1100 1296 1.5311750577166456
1100 1114 -0.37202862381942575
1100 1101 1.4258851770564593
1101 1297 -0.091561165495065489
1101 1115 0.041507730279695898
1101 1102 -0.0725453370819822
1102 1298 0.74781039401183447
1102 1116 -0.46812237703655124
1102 1103 0.7253979011162015
1103 1299 -0.2754561394401609
1103 1117 1.459210939856985
1103 1104 -1.7452135209856767
1104 1300 0.46090901740881401
1104 1118 0.67375133310196178
1104 1105 -0.25206091896759114
1105 1301 0.49740948241411581
1105 1119 0.43517046782979768
1092 1105 1.5463958590548545
1106 1302 -0.10450038647454786
1106 1120 -0.81993941946758719
1106 1107 -0.50002621831787331
1107 1303 1.1210009283200701
1107 1121 -0.71728828540594947
1107 1108 0.54669193624534118
1108 1304 -2.3902960762318171
1108 1122 -0.88995637049884335
1108 1109 0.19237410155321324
1109 1305 0.31511350896858192
1109 1123 -0.9621175185408346
1109 1110 0.75631741682416165
1110 1306 -0.58060275109334791
1110 1124 -1.3473207279919051
1110 1111 0.32235294937190195
1111 1307 -1.9341068833416781
1111 1125 -1.756859982742528
1111 1112 0.16992566576274984
1112 1308 -0.95646286327083541
1112 1126 2.0666719155278259
1112 1113 0.22257547663846264
1113 1309 2.2326049034342996
1113 1127 -1.9963643959303314
1113 1114 0.65419713459210727
1114 1310 0.82394467207388966
1114 1128 0.16996405412749072
1114 1115 -0.032394757272310372
1115 1311 -0.34022810527243358
1115 1129 0.96990080245507315
1115 1116 -0.027909975417146664
1116 1312 1.0050895175387038
1116 1130 -0.82185284228099509
1116 1117 0.37119557720948287
1117 1313 -0.61237091529482179
1117 1131 -1.0794892275132415
1117 1118 -0.43560496452293168
1118 1314 -0.5978426988033565
1118 1132 -0.25676685829118812
1118 1119 0.27396794631021848
1119 1315 0.3725072646527296
1119 1133 -1.3536836259604854
1106 1119 0.13729919565419502
1120 1316 -0.35771561923491391
1120 1134 0.018846901752590749
1120 1121 -0.57564717423274137
1121 1317 -2.0029813647626256
1121 1135 1.1561452596991464
1121 1122 0.21814488886206532
1122 1318 -0.062725113589845796
1122 1136 -1.0943001456676889
1122 1123 -0.025990494772382394
1123 1319 -0.99370690029618181
1123 1137 -0.22002381039197705
1123 1124 -1.225413416896995
1124 1320 -0.93938164525313195
1124 1138 0.42563275499394626
1124 1125 1.8226801643025625
1125 1321 -0.28281665415579266
1125 1139 -0.88170743449678313
1125 1126 0.50587771146886107
1126 1322 -0.089007723029597655
1126 1140 1.2394074466068801
1126 1127 -0.69349510138219139
1127 1323 -0.95191708965354993
1127 1141 0.35713652148780878
1127 1128 -0.34158694712572379
1128 1324 -2.7797009823946643
1128 1142 0.70730305721763376
1128 1129 -0.87725166699568036
1129 1325 -0.63024170897194798
1129 1143 -0.75108507124663404
1129 1130 0.42358272880176112
1130 1326 0.76304669891354437
1130 1144 1.7712635724904395
1130 1131 0.94478670542430876
1131 1327 1.2332675535066453
1131 1145 -1.5537085352734574
1131 1132 0.28643693536275427
1132 1328 0.04147937656018244
1132 1146 -0.34156120863582706
1132 1133 0.8747211708088265
1133 1329 0.65620536591795608
1133 1147 -0.28737201403724399
1120 1133 -0.92595404439803553
1134 1330 0.10684846213455253
1134 1148 -2.1654743300761381
1134 1135 -0.76513485701675887
1135 1331 2.726866229760688
1135 1149 0.8384706404626181
1135 1136 1.146177282516714
1136 1332 -1.1406620264666907
1136 1150 -0.48381369882516295
1136 1137 -0.65078274614024068
1137 1333 0.26837634273196292
1137 1151 -1.692735776121489
1137 1138 0.03859237775851778
1138 1334 0.060841022103415292
1138 1152 -1.3406208506445394
1138 1139 0.57349894613542873
1139 1335 0.60569205989279118
1139 1153 0.15121647787870643
1139 1140 0.64530429841003345
1140 1336 -1.7949194510383222
1140 1154 1.6856108497747084
1140 1141 0.65531257138941246
1141 1337 -2.0809769940917366
1141 1155 -0.2866157258238094
1141 1142 0.052890089091303827
1142 1338 -0.81608653252418151
1142 1156 0.032017162301393169
1142 1143 -0.78450073819782629
1143 1339 -1.1417970871281804
1143 1157 0.59096990573377983
1143 1144 0.36906488135705734
1144 1340 1.106651197314845
1144 1158 0.15075301507750369
1144 1145 0.39736883629340136
1145 1341 -1.6678430407128821
1145 1159 0.4252900998577237
1145 1146 1.9343693784988119
1146 1342 1.0060411061958912
1146 1160 -0.30745379409092988
1146 1147 -1.0659267176938676
1147 1343 -1.6457169159180471
1147 1161 0.87054799803787142
1134 1147 1.413304474344633
1148 1344 -1.1481350112677005
1148 1162 -1.2903991459395574
1148 1149 -0.13957849561069618
1149 1345 0.26113370414898462
1149 1163 1.9456794282978802
1149 1150 1.112236938754591
1150 1346 -0.99238315947786693
1150 1164 0.91457078422243876
1150 1151 -0.37046821719499701
1151 1347 0.4437957332229534
1151 1165 -0.46120453292653041
1151 1152 -0.023634820828385097
1152 1348 0.84446347268000255
1152 1166 0.1863270470656036
1152 1153 -1.4310623845346382
1153 1349 1.1339448752319568
1153 1167 -1.2634884395727664
1153 1154 -0.054154024649654041
1154 1350 0.1004493536509152
1154 1168 -1.169959179120287
1154 1155 1.9028283453214367
1155 1351 0.4924113315771505
1155 1169 0.97502627319230406
1155 1156 0.62448340817771775
1156 1352 1.0153934748710813
1156 1170 0.050863320182708588
1156 1157 -0.70365855198535365
1157 1353 0.98181482472367543
1157 1171 -0.60399890476359253
1157 1158 0.81237904575660458
1158 1354 -0.73361501358026537
1158 1172 0.87416882393510875
1158 1159 0.11947405713977942
1159 1355 -0.13365252104790123
1159 1173 -0.25402695376625084
1159 1160 1.1379033675757668
1160 1356 1.0181449024319902
1160 1174 -0.36507857725650378
1160 1161 0.41816925167378211
1161 1357 -0.58830786672611302
1161 1175 1.0709100811121579
1148 1161 2.8196068827421787
1162 1358 0.38294243257432126
980 1162 -1.4318107402389812
1162 1163 1.6211218916058805
1163 1359 2.7707564107024334
981 1163 -0.73302147409162444
1163 1164 2.5737812490178644
1164 1360 0.88013708151411452
982 1164 -1.0003545679721035
1164 1165 -0.69652489807269125
1165 1361 0.80641128353544389
983 1165 -0.039669677033290968
1165 1166 0.14856443161195096
1166 1362 -1.0722204923608913
984 1166 0.14184192947894242
1166 1167 -0.11072049988520208
1167 1363 0.079451625362340392
985 1167 -0.66243869366754604
1167 1168 0.3472262942245386
1168 1364 0.94757407473639765
986 1168 -2.8088956443753843
1168 1169 -0.26456077874665923
1169 1365 -0.61051522065909469
987 1169 -0.01517815651649093
1169 1170 -0.74582031329747411
1170 1366 -0.65366864434947425
988 1170 0.75738977875326374
1170 1171 0.88649949183777765
1171 1367 0.031897522068801754
989 1171 -0.87080049292055928
1171 1172 1.7790133091895011
1172 1368 -2.3254286444865984
990 1172 -1.1120640280329821
1172 1173 1.2737554381884126
1173 1369 2.247519465987021
991 1173 0.2629005088094124
1173 1174 1.2909946661792908
1174 1370 0.8185496908818326
992 1174 0.23138923217918228
1174 1175 0.12167218474389532
1175 1371 0.5452234746578779
993 1175 1.3169809629076701
1162 1175 1.5398930036348459
1176 1372 0.64098458473474551
1176 1190 -1.1222120114048548
1176 1177 -1.0805159904581354
1177 1373 -1.6288211823604835
1177 1191 -0.12231175957813512
1177 1178 0.33065906556376123
1178 1374 0.13902614623084023
1178 1192 1.7495867070125524
1178 1179 -1.7393487611722693
1179 1375 -0.12574688899527375
1179 1193 0.80821124759072471
1179 1180 0.84252997148535147
1180 1376 1.070446501992832
1180 1194 0.51873662368087992
1180 1181 0.11267544679049582
1181 1377 -1.3233263876130725
1181 1195 -0.56637191561427758
1181 1182 0.29496324767918758
1182 1378 0.12761086699181903
1182 1196 1.033003450187135
1182 1183 -1.2102810935682264
1183 1379 0.5168944773195433
1183 1197 -0.49267871242678229
1183 1184 -0.86908364814937233
1184 1380 0.78671149651113026
1184 1198 -1.5435906676629325
1184 1185 -1.1139714135568697
1185 1381 1.8715206811186853
1185 1199 -0.46983784780811483
1185 1186 0.82818426410517998
1186 1382 -1.1281904369405265
1186 1200 -1.6171728155361795
1186 1187 0.005101658050769362
1187 1383 -1.5677873938516194
1187 1201 0.62056739206241085
1187 1188 -0.088533421332868012
1188 1384 0.0093639307490468813
1188 1202 -1.1422783051138461
1188 1189 -0.58720499805241466
1189 1385 -0.15156897832575569
1189 1203 0.52771952737991201
1176 1189 1.1355185262904217
1190 1386 -0.84826453823160397
1190 1204 0.98575791288319436
1190 1191 0.46070694951305147
1191 1387 -0.010945319121422119
1191 1205 -0.2839939904589171
1191 1192 0.027036929881299972
1192 1388 -0.82635235658737205
1192 1206 -0.61874627282672301
1192 1193 0.025106731872009194
1193 1389 -1.0442363758867841
1193 1207 0.008441042441306057
1193 1194 -1.1790282381322521
1194 1390 0.04485309151717054
1194 1208 -0.77870823270380418
1194 1195 -0.29266223801795993
1195 1391 -0.15989365544605733
1195 1209 0.36072648658997802
1195 1196 0.7413152587234354
1196 1392 -1.0964684093863748
1196 1210 0.88528540855753568
1196 1197 -0.16103163954984331
1197 1393 1.2980735874648355
1197 1211 -0.34715161592343702
1197 1198 0.12622158307794842
1198 1394 -0.55916866782706065
1198 1212 1.3368003964102935
1198 1199 -0.65658783474851345
1199 1395 -0.84959520404563305
1199 1213 0.46470258681088245
1199 1200 0.63921235438624469
1200 1396 0.18438826998832389
1200 1214 -0.3697768635277815
1200 1201 0.23961926198933411
1201 1397 -0.4537307140559047
1201 1215 1.9945439559428846
1201 1202 -0.11802962221118626
1202 1398 -1.429787528970597
1202 1216 -0.46439881474333095
1202 1203 -1.4900079466906324
1203 1399 1.6342577763436648
1203 1217 -1.4020100950987573
1190 1203 -1.129028639248173
1204 1400 -0.23625587918471458
1204 1218 0.16959902085882245
1204 1205 1.6279592002962753
1205 1401 1.277991696632514
1205 1219 -0.18007680570426832
1205 1206 2.0665519724685186
1206 1402 0.72450936676637145
1206 1220 0.082669358218098635
1206 1207 1.5563475191946357
1207 1403 2.6773651157403124
1207 1221 -0.10113788989191592
1207 1208 0.49975919590484275
1208 1404 -0.86498036746471674
1208 1222 1.3866004101592058
1208 1209 1.0796384738533389
1209 1405 1.0806901995818399
1209 1223 -1.2930764977841465
1209 1210 0.83636566659519829
1210 1406 -0.19796689297809406
1210 1224 0.080575374553704754
1210 1211 -1.2362242509128145
1211 1407 0.8379905212855927
1211 1225 0.75245793582893572
1211 1212 -0.97874581886545609
1212 1408 0.094526321005619099
1212 1226 0.45337654218815704
1212 1213 2.2794652420372459
1213 1409 -0.61988826441769362
1213 1227 -0.70029078162068104
1213 1214 -1.4926231868661266
1214 1410 -0.6349219156499305
1214 1228 -0.040314362411571346
1214 1215 -0.017584117967963695
1215 1411 -1.2776227508772409
1215 1229 -0.51235975310007609
1215 1216 0.081553951655033388
1216 1412 0.65211662766765766
1216 1230 -0.64219346641924591
1216 1217 -0.17640852912584387
1217 1413 -0.67093147185675595
1217 1231 0.53242225646588093
1204 1217 0.11734185414557419
1218 1414 1.4130852815807842
1218 1232 -0.49940559559779601
1218 1219 1.8721055355626541
1219 1415 -0.81620130912830058
1219 1233 -0.11335456737714081
1219 1220 -0.36982435486363574
1220 1416 -0.92886182002241979
1220 1234 0.55898991054204417
1220 1221 -0.50970094029535729
1221 1417 -1.3572470564079004
1221 1235 1.9734791329484223
1221 1222 -1.4904927911190813
1222 1418 -0.54183060912552772
1222 1236 0.38253561577664041
1222 1223 0.012645721444701965
1223 1419 -0.326885010766087
1223 1237 -2.1526125689930931
1223 1224 -0.17806814843734245
1224 1420 0.27208221853857195
1224 1238 -0.50962421742650987
1224 1225 -1.3280720763793101
1225 1421 0.45925958212463502
1225 1239 -0.41216848890246077
1225 1226 -0.096590093829752394
1226 1422 -0.90877633022856441
1226 1240 -0.029833797430853407
1226 1227 0.4425832369894081
1227 1423 -0.24965341099485541
1227 1241 0.42935036456260417
1227 1228 -1.5525251199524333
1228 1424 1.3123374179585316
1228 1242 -0.46620436678766974
1228 1229 -2.1947281124529279
1229 1425 1.1081010686891675
1229 1243 0.97586811733655676
1229 1230 0.1345867869954003
1230 1426 -0.23278454663266082
1230 1244 0.52135604113931822
1230 1231 0.23804352491949152
1231 1427 -0.77569860156841397
1231 1245 -1.1851738780127063
1218 1231 -0.17833456966409134
1232 1428 0.078357514228625011
1232 1246 -0.066572788170426347
1232 1233 0.10729351853254369
1233 1429 2.0838348159372937
1233 1247 -0.21707895076267109
1233 1234 1.235766203417648
1234 1430 0.63964020695571078
1234 1248 1.3179932430993717
1234 1235 0.81003987013595002
1235 1431 -0.44485483576145796
1235 1249 0.15912105511017041
1235 1236 -0.87974487611512553
1236 1432 -0.61195696550654166
1236 1250 -0.63138750088930673
1236 1237 -0.69531113236769981
1237 1433 0.043512572710078995
1237 1251 -1.1622803696622068
1237 1238 -0.96000897729603119
1238 1434 -0.7209159050328191
1238 1252 1.6874760812653975
1238 1239 -0.3369481350160593
1239 1435 0.28645753739867713
1239 1253 0.41713370744166928
1239 1240 1.2219505877947585
1240 1436 -0.7487433253027419
1240 1254 -0.86487029360316381
1240 1241 0.24002297104383716
1241 1437 1.0934076606437964
1241 1255 -0.45707286202805364
1241 1242 0.98190408963939091
1242 1438 1.6402231975940769
1242 1256 -0.57240263800491742
1242 1243 -0.9211972673677119
1243 1439 -2.2581525447747843
1243 1257 -0.24548157317420971
1243 1244 -0.441933602595797
1244 1440 0.85274615155811917
1244 1258 -0.90708065570607699
1244 1245 2.2370096046854266
1245 1441 0.077266251160093155
1245 1259 -0.50112174505469953
1232 1245 -0.71019233240726298
1246 1442 0.80333864498787744
1246 1260 -0.52107865449112722
1246 1247 -0.84392413107058961
1247 1443 1.1962344256459216
1247 1261 -0.16414524051225851
1247 1248 -0.19190182151347412
1248 1444 -1.3605310491945535
1248 1262 1.3606085059049151
1248 1249 -0.80567336542142609
1249 1445 2.0843247876632791
1249 1263 -0.36449023338649594
1249 1250 -2.2612338331740003
1250 1446 -0.22436584165001758
1250 1264 1.8325871066309636
1250 1251 1.7010767272421721
1251 1447 -0.75152659229673491
1251 1265 -1.0201451593581592
1251 1252 -0.11017207641877555
1252 1448 0.73632255805896352
1252 1266 1.7079935715015855
1252 1253 0.9466087911623331
1253 1449 -0.42292947109351825
1253 1267 -1.6737813216322519
1253 1254 -0.13802766480622466
1254 1450 -0.61205058759518349
1254 1268 0.43454263549028072
1254 1255 0.79330797965667643
1255 1451 -1.4915765005066195
1255 1269 -0.37025358063255792
1255 1256 0.79505418341784717
1256 1452 -2.9887363264122722
1256 1270 0.10290000395856846
1256 1257 0.39985651848882914
1257 1453 -0.2701403612504108
1257 1271 -0.31870365583315996
1257 1258 0.40776299347270673
1258 1454 -0.953024267483635
1258 1272 -0.54692586069410254
1258 1259 -0.73547757573635153
1259 1455 -3.2821816226336025
1259 1273 -0.45488047169884188
1246 1259 -0.52790017270011746
1260 1456 0.0071916906221423417
1260 1274 0.061757545537455202
1260 1261 -1.0294653973888546
1261 1457 0.50885818874738287
1261 1275 0.78817218452459392
1261 1262 0.89849984220764989
1262 1458 -0.77800685074151632
1262 1276 -1.3286515883700905
1262 1263 0.77534489180530797
1263 1459 0.68946302332704668
1263 1277 1.0627953111440303
1263 1264 0.92700727837576968
1264 1460 -0.11804358637356858
1264 1278 0.024720135159576939
1264 1265 1.778255835131473
1265 1461 0.43517908820347284
1265 1279 0.27572037695487978
1265 1266 -0.42441845979610904
1266 1462 0.64708438055853057
1266 1280 0.13030622691150373
1266 1267 1.7162342069593373
1267 1463 0.24672494505144182
1267 1281 -1.065128059766884
1267 1268 -0.48617636972624489
1268 1464 1.0481964985811105
1268 1282 -1.6954586761027108
1268 1269 1.539567394100698
1269 1465 0.10843197537355082
1269 1283 -0.26389410482665471
1269 1270 0.33651371912492156
1270 1466 -0.64874074211461119
1270 1284 -0.51915000186374916
1270 1271 -1.0475312388163545
1271 1467 -0.14580245841457604
1271 1285 0.57063148858595181
1271 1272 -2.3132744222017219
1272 1468 1.11941494317277
1272 1286 0.46390758035360641
1272 1273 -0.62720008373375635
1273 1469 -1.2317254977309737
1273 1287 -1.6148445999245722
1260 1273 0.93828875221382024
1274 1470 0.11222429468372803
1274 1288 0.75911310540786237
1274 1275 0.39603093863749006
1275 1471 -0.077857130150720058
1275 1289 -0.36170273473388748
1275 1276 -1.1318657004353236
1276 1472 0.14480879494452217
1276 1290 -1.0954695867268376
1276 1277 0.64958340207822485
1277 1473 -2.3604403374492966
1277 1291 0.47088267797928324
1277 1278 0.36020573133324874
1278 1474 -1.8469410262942558
1278 1292 1.2550309525325776
1278 1279 0.75527248616007425
1279 1475 1.5766264679562634
1279 1293 0.5738775232806087
1279 1280 1.8607728614601131
1280 1476 -0.73433026591033712
1280 1294 0.52063582202652192
1280 1281 -1.8865288974302443
1281 1477 -2.1048996677358449
1281 1295 -0.090009311022839752
1281 1282 -0.75009394126089557
1282 1478 -0.67859470324038762
1282 1296 0.58783327808381447
1282 1283 -0.47319413423744022
1283 1479 0.20030563323321046
1283 1297 0.68016574624409032
1283 1284 -0.29006218554047958
1284 1480 -2.732858027702902
1284 1298 -1.3857015339011736
1284 1285 1.1310841768479745
1285 1481 -0.16681529087206648
1285 1299 -0.37254701695005649
1285 1286 2.0904850102318577
1286 1482 1.5776348105226714
1286 1300 -0.54915527619663063
1286 1287 1.5462302279904534
1287 1483 -0.59202994836901046
1287 1301 -0.54795634383679537
1274 1287 0.11890999265827129
1288 1484 -0.94723688119057892
1288 1302 0.39086786621901626
1288 1289 -0.4862015426006035
1289 1485 0.11021328679465889
1289 1303 0.30978160760267587
1289 1290 -1.6159290216743636
1290 1486 1.843326433903627
1290 1304 -0.67920565465129679
1290 1291 0.3414415317627531
1291 1487 1.4301934458017929
1291 1305 0.1251467268920923
1291 1292 -0.95419950910887552
1292 1488 -0.84804005266445959
1292 1306 0.68842799178352976
1292 1293 1.0412006198246648
1293 1489 -0.35769060010686249
1293 1307 0.63146694709970586
1293 1294 -0.99943511209105207
1294 1490 0.81067971008241557
1294 1308 0.4155574135789063
1294 1295 -0.34027537894456672
1295 1491 0.45079172577445464
1295 1309 0.20717038740414345
1295 1296 -0.45362148957727966
1296 1492 -0.30958107923995509
1296 1310 0.19802282863810308
1296 1297 -0.80887958984305475
1297 1493 -0.15703987946427617
1297 1311 1.505038465761573
1297 1298 -1.1823256659610935
1298 1494 -0.55069391662851097
1298 1312 0.79829736287095876
1298 1299 0.24197229062065279
1299 1495 -1.0569460680216849
1299 1313 1.0488030094446514
1299 1300 -2.1915292446003214
1300 1496 -1.6098425760202546
1300 1314 0.26521462495412695
1300 1301 0.063216330806491874
1301 1497 0.20650491084722775
1301 1315 -2.8956362536472677
1288 1301 0.68165890088333125
1302 1498 0.72629979285558111
1302 1316 -1.7112992444872683
1302 1303 1.5484530519406665
1303 1499 1.1053125295988586
1303 1317 0.24131562952970409
1303 1304 -1.041788312956659
1304 1500 1.4267517545536996
1304 1318 -0.376774184515344
1304 1305 -1.2716184778694442
1305 1501 -0.47217497648512746
1305 1319 0.12763872131422022
1305 1306 -0.24251495636850082
1306 1502 -1.438986237701563
1306 1320 0.69138026121945506
1306 1307 0.44305315995366679
1307 1503 -0.083341076309726092
1307 1321 -0.57909143871578583
1307 1308 0.34098757280874681
1308 1504 0.55044723997471545
1308 1322 0.03427080269872497
1308 1309 0.12706668017627035
1309 1505 1.2174376782547569
1309 1323 1.619764070488197
1309 1310 -1.3534084397041548
1310 1506 1.033982924018032
1310 1324 0.2340113609875803
1310 1311 -1.0637136302963499
1311 1507 -1.3266404288251352
1311 1325 -0.062793566457226349
1311 1312 0.21631030877605534
1312 1508 0.95199114678482744
1312 1326 1.2404537036161263
1312 1313 1.7699027663513347
1313 1509 -0.64355310334407367
1313 1327 -0.27790153617495328
1313 1314 0.59027400467097235
1314 1510 -0.2960202415268996
1314 1328 -0.81518296656610134
1314 1315 -0.088893815377371455
1315 1511 -0.62540652588989321
1315 1329 -1.9090451394897099
1302 1315 1.37357435706151
1316 1512 -1.0692403994197808
1316 1330 0.096830897745400116
1316 1317 -0.29495099249075557
1317 1513 -1.7049740100568338
1317 1331 -0.37574333319880643
1317 1318 -0.1230733966162947
1318 1514 0.38606110001146615
1318 1332 -0.57884967157940104
1318 1319 -1.2340965187182884
1319 1515 -0.28519672813858671
1319 1333 -0.47955990391107417
1319 1320 -0.29847685419105879
1320 1516 0.10778859165119892
1320 1334 -0.20714734823726103
1320 1321 -0.85300113029109392
1321 1517 -0.0061019082842625133
1321 1335 0.6593730162621122
1321 1322 0.25929905914459733
1322 1518 1.8406883600942305
1322 1336 -1.1212122764613031
1322 1323 0.59861592600213653
1323 1519 -0.88071986672796854
1323 1337 -0.60539978532984551
1323 1324 0.79347784525402054
1324 1520 -0.5239893607069358
1324 1338 0.090711082887887484
1324 1325 0.1993631064303111
1325 1521 -1.1859177686832145
1325 1339 0.8842192563004484
1325 1326 0.2698753068523414
1326 1522 1.8091171175350012
1326 1340 -0.24198472274539998
1326 1327 0.73096047262928965
1327 1523 -0.43488786129899021
1327 1341 0.16471237342453324
1327 1328 -0.90554352729118115
1328 1524 2.295261215013833
1328 1342 -0.46250490301828229
1328 1329 -0.13554458572552841
1329 1525 1.6998977930010133
1329 1343 1.6439372254960085
1316 1329 0.87962297277025769
1330 1526 0.58318898979916745
1330 1344 0.26873955705496738
1330 1331 -0.63697254324898722
1331 1527 -0.025842617740487989
1331 1345 0.44228466143425027
1331 1332 1.1460103862157851
1332 1528 0.69089746676627473
1332 1346 0.58408881412385583
1332 1333 0.43873112969470673
1333 1529 -0.13829716371059725
1333 1347 2.5333636106966613
1333 1334 0.19614261115647688
1334 1530 1.2985739493216277
1334 1348 -0.95198609042717208
1334 1335 -0.93801108590555848
1335 1531 3.0668768406293574
1335 1349 -0.34599808459521797
1335 1336 -0.072074165257485445
1336 1532 1.9416225398754354
1336 1350 0.091697211223435632
1336 1337 -0.47627756808255134
1337 1533 -0.15356554618651089
1337 1351 0.25323870778494645
1337 1338 -0.17315866761594473
1338 1534 0.31428934111594353
1338 1352 -0.16179847870133346
1338 1339 1.7797886304820238
1339 1535 0.11322343925250597
1339 1353 0.12503625853696185
1339 1340 -0.93399398809652612
1340 1536 -1.2643688501979202
1340 1354 1.3061238838952907
1340 1341 -0.94179904193594066
1341 1537 -0.76807213479226311
1341 1355 -0.6579361255322973
1341 1342 0.81023381271239525
1342 1538 0.3108710471296981
1342 1356 0.52067383535531997
1342 1343 -1.1827269381348393
1343 1539 -0.047974331772731429
1343 1357 -0.033945220816879819
1330 1343 1.2971491426078454
1344 1540 -1.1464771526858653
1344 1358 -0.6789495438468508
1344 1345 0.11334307121399033
1345 1541 -1.0637165480919184
1345 1359 2.9217935461976867
1345 1346 -0.77497825716426116
1346 1542 -1.4688696940807857
1346 1360 -1.6812905078722886
1346 1347 0.70837342734846442
1347 1543 -0.19295499078138065
1347 1361 1.0714932358368547
1347 1348 0.41621157822877097
1348 1544 -0.58547899500846057
1348 1362 1.8977884443526598
1348 1349 0.64561251695558208
1349 1545 -0.3536341716419647
1349 1363 -1.2034279027953843
1349 1350 -0.062309302885504556
1350 1546 -2.0381200988051527
1350 1364 1.7971785671001166
1350 1351 0.63501070022363426
1351 1547 2.0248608882853825
1351 1365 0.028101585620445364
1351 1352 0.07684651129900022
1352 1548 3.2789203387132511
1352 1366 -0.95609097956854316
1352 1353 -0.45114453992419085
1353 1549 -0.4830881253563547
1353 1367 -1.7325276516320958
1353 1354 -0.80605725985114118
1354 1550 1.2305214574440628
1354 1368 -1.089569191766784
1354 1355 0.78055626143621215
1355 1551 2.2685157679447756
1355 1369 1.093817793981013
1355 1356 -1.2929516237032135
1356 1552 -1.45034050863867
1356 1370 0.76611350031885161
1356 1357 -0.99278253369631575
1357 1553 1.0716591853542323
1357 1371 0.34738673064894804
1344 1357 0.32580120061559581
1358 1554 0.27106272072678944
1176 1358 1.6589628278491622
1358 1359 -1.8018967737302569
1359 1555 -0.72286927830889558
1177 1359 0.15352634408228105
1359 1360 0.86726720284628855
1360 1556 0.032422604279874159
1178 1360 1.4048000720670244
1360 1361 1.6599818051941653
1361 1557 -1.2982189910940631
1179 1361 0.32259096686459721
1361 1362 -0.60740436995739255
1362 1558 0.30149960953932808
1180 1362 0.16948384086631388
1362 1363 -0.28908588681647679
1363 1559 0.17840129301017371
1181 1363 -0.23502422484113172
1363 1364 -0.8348336204298783
1364 1560 0.051470481266216193
1182 1364 -1.1846701025745952
1364 1365 0.24972953480466803
1365 1561 0.31673963015503276
1183 1365 1.436944631872543
1365 1366 0.54577575547713653
1366 1562 1.9897546822917751
1184 1366 -1.0323740917340838
1366 1367 -0.4202304914434144
1367 1563 0.18409589576599344
1185 1367 1.0212907930289499
1367 1368 -0.88033301372397466
1368 1564 1.655059953456671
1186 1368 0.063638374016383517
1368 1369 0.66303448728860659
1369 1565 0.97248145461636037
1187 1369 -0.062823894438646749
1369 1370 1.0674575274608677
1370 1566 -0.55399835426092836
1188 1370 -0.88068042175977868
1370 1371 -1.1608951635021127
1371 1567 0.056937236523956311
1189 1371 -0.59790806434602728
1358 1371 0.50180674379577073
1372 1568 -1.3341935240476157
1372 1386 0.20897531036063954
1372 1373 1.2899082454741491
1373 1569 0.90049120126304494
1373 1387 1.8020125248574346
1373 1374 1.2584081438601644
1374 1570 -1.5291991602555171
1374 1388 -0.66501474740820521
1374 1375 -1.6605982724745858
1375 1571 -0.76422490393961773
1375 1389 0.4863235791826096
1375 1376 1.4261125322665693
1376 1572 -1.0465344425478371
1376 1390 -0.36826696238155932
1376 1377 2.1429689011824582
1377 1573 -0.14744233566747705
1377 1391 -0.11905583793094979
1377 1378 -0.43388788525889327
1378 1574 1.8848297305378552
1378 1392 -1.1252875586345485
1378 1379 -1.9923335816241106
1379 1575 1.1809544698682031
1379 1393 0.81190810135951919
1379 1380 -0.41394149630163335
1380 1576 -2.1005479824267628
1380 1394 0.67358871459910918
1380 1381 0.45984862952290073
1381 1577 -0.50614161187792406
1381 1395 1.4327083213398388
1381 1382 0.31535147753734555
1382 1578 -1.5365178751366924
1382 1396 0.071742008532816107
1382 1383 -0.90273216834768188
1383 1579 -0.28398465642812815
1383 1397 0.69169906201394749
1383 1384 1.1849485300694798
1384 1580 -0.82863228130912092
1384 1398 -0.49310337122504938
1384 1385 0.5497844076065268
1385 1581 0.26750907421015824
1385 1399 0.53969609481505798
1372 1385 1.9142037527781914
1386 1582 0.16917946564613998
1386 1400 0.14699331498057214
1386 1387 0.42754498620514608
1387 1583 -1.1571674099516542
1387 1401 -0.61000840737633322
1387 1388 0.20148663441496006
1388 1584 -0.57831018966555137
1388 1402 0.56378607178265205
1388 1389 -1.5943742638464489
1389 1585 0.37031531730599254
1389 1403 -0.34624270613761782
1389 1390 1.573205593008717
1390 1586 -1.272804093617345
1390 1404 -0.97581377703325334
1390 1391 0.27339235084093255
1391 1587 0.82776766742526731
1391 1405 -0.022378439596120882
1391 1392 0.57812002221329373
1392 1588 -1.1460645565337053
1392 1406 0.33616193037441661
1392 1393 -0.056333244645404019
1393 1589 1.2074425658674086
1393 1407 1.2850084502888452
1393 1394 1.5389850791724593
1394 1590 0.62660559574555419
1394 1408 0.29296863529627282
1394 1395 0.90020935611523334
1395 1591 -2.2888799819456227
1395 1409 0.044123237580039575
1395 1396 1.4796561898761114
1396 1592 -0.78892632184275446
1396 1410 -0.08259485433635376
1396 1397 0.5086740507484524
1397 1593 -2.1433774326048618
1397 1411 -0.46124132035815701
1397 1398 -1.2403818795490591
1398 1594 0.010928836132360483
1398 1412 -0.40413222707406632
1398 1399 -2.5168638165727528
1399 1595 -0.14393461162154786
1399 1413 -1.2800801772558268
1386 1399 -1.227704451108566
1400 1596 -0.78061420118828806
1400 1414 -0.8477102273932503
1400 1401 -0.21292044757953515
1401 1597 0.18556108368250898
1401 1415 -0.46010371717990556
1401 1402 -0.67570305677345177
1402 1598 1.1024155408399452
1402 1416 1.3374627068108129
1402 1403 1.9366135862118983
1403 1599 2.0721200320787521
1403 1417 1.2153684557121287
1403 1404 2.4368810842734732
1404 1600 -0.14744258935285331
1404 1418 -0.83607972349463144
1404 1405 -1.4031253308827463
1405 1601 -0.67744061356314578
1405 1419 -0.55151258913485124
1405 1406 -0.0066135651943224774
1406 1602 1.7284027580965429
1406 1420 -0.20355339560099464
1406 1407 1.6004196936094406
1407 1603 0.82986377546429857
1407 1421 -0.095195351518497659
1407 1408 -1.6477783749389414
1408 1604 -0.013257549963907307
1408 1422 0.98725663780456496
1408 1409 0.100932075584965
1409 1605 2.2002318835745487
1409 1423 0.78520875739914453
1409 1410 -1.3271628807360949
1410 1606 -0.2534386958309921
1410 1424 -1.5250596613410581
1410 1411 -1.3843410802716807
1411 1607 -2.3479757475452576
1411 1425 -0.93815097422489446
1411 1412 -0.46727996302190616
1412 1608 -1.1172132895059756
1412 1426 -1.3992336825671816
1412 1413 -1.4486680553213307
1413 1609 0.31680149406297209
1413 1427 0.02711442584970401
1400 1413 0.54766021515141383
1414 1610 1.7101280869418931
1414 1428 1.1998877102097598
1414 1415 -0.44282598351269814
1415 1611 0.3613133558720088
1415 1429 0.4798329181199687
1415 1416 0.1903773523889713
1416 1612 -0.85676467047285132
1416 1430 -0.52198900499972867
1416 1417 0.69677952185976366
1417 1613 0.031526509079968366
1417 1431 0.017381309867593248
1417 1418 0.38082911880470227
1418 1614 -0.21950887042797201
1418 1432 -1.2434750357873985
1418 1419 0.62094185280373004
1419 1615 0.94288080212125058
1419 1433 -1.4055242894245017
1419 1420 -0.20914464065935565
1420 1616 0.174006459259331
1420 1434 -0.37434137520770644
1420 1421 -0.77096074771766243
1421 1617 0.36371065789045204
1421 1435 -1.9050138228832749
1421 1422 0.16114640487539095
1422 1618 -1.2265302849736928
1422 1436 0.74513052508850897
1422 1423 -0.17025836372211703
1423 1619 -0.5051149986277168
1423 1437 -0.46187208436143229
1423 1424 -0.43570647038917654
1424 1620 -0.35490627030219046
1424 1438 -0.061218072084630815
1424 1425 1.1690333048540467
1425 1621 1.1426142904980878
1425 1439 0.6031569246273244
1425 1426 -1.4560974739840291
1426 1622 0.66450981296729217
1426 1440 0.031292700076581081
1426 1427 -1.2177625600545503
1427 1623 -0.50383923406966424
1427 1441 -0.61025307261282369
1414 1427 0.39575231925153431
1428 1624 -1.3748518005040367
1428 1442 1.3904620529189524
1428 1429 -0.9345428173566912
1429 1625 -0.38671940230568513
1429 1443 0.69135020485286003
1429 1430 0.97232976268726612
1430 1626 0.56041087984760329
1430 1444 -1.2587049754955815
1430 1431 0.077673873268750721
1431 1627 -0.28174998065114609
1431 1445 -1.5269904257790117
1431 1432 0.19425067861901416
1432 1628 -0.66321506099953464
1432 1446 -0.8719436480188455
1432 1433 0.22014922999679562
1433 1629 -0.14499888876519468
1433 1447 0.97904057589386706
1433 1434 -0.61558708188886202
1434 1630 0.72143310842502884
1434 1448 1.2493110513305541
1434 1435 0.91350556620629408
1435 1631 -0.83334993512190658
1435 1449 -2.5610267762873034
1435 1436 0.3614052795520844
1436 1632 0.62259696595295988
1436 1450 0.7497538222871023
1436 1437 0.04892915022392489
1437 1633 -1.5415739126320098
1437 1451 1.7597405089598483
1437 1438 -0.57459463632747032
1438 1634 0.83639677475723906
1438 1452 -0.58759145056130546
1438 1439 -0.67901459402246767
1439 1635 -1.4849122707213147
1439 1453 0.47084911321549333
1439 1440 -0.42512580687117946
1440 1636 -2.4498221945830854
1440 1454 0.23213838396092365
1440 1441 -0.14931242290564262
1441 1637 -0.033536922375873572
1441 1455 0.76464618874975243
1428 1441 0.18551115954082079
1442 1638 -1.2319279947007342
1442 1456 1.9847978700174465
1442 1443 -1.0221548736640633
1443 1639 -0.0064733407976233955
1443 1457 -0.74434083032974752
1443 1444 1.1819221363143471
1444 1640 0.013775271216756748
1444 1458 0.12250914423374439
1444 1445 -0.52534758606239373
1445 1641 -1.2393761147544304
1445 1459 0.39466848305985397
1445 1446 -0.15574687222111891
1446 1642 -0.58850848598760719
1446 1460 0.54154044950009472
1446 1447 -0.56974694243628909
1447 1643 -0.42467375894946519
1447 1461 -1.6095639690564902
1447 1448 1.5133937326438898
1448 1644 0.23069679377921223
1448 1462 0.70058668376417921
1448 1449 2.3265210170024111
1449 1645 0.39246647991358646
1449 1463 -1.9133675014238289
1449 1450 0.48311614214308074
1450 1646 0.16916564151405633
1450 1464 0.2426685322878098
1450 1451 -0.96163286324985775
1451 1647 1.0594313181403858
1451 1465 -0.88995443590840073
1451 1452 1.4470434880174243
1452 1648 1.742895682717178
1452 1466 -0.13767218543704335
1452 1453 0.89421062635209059
1453 1649 -1.1434010363617317
1453 1467 0.91413744829261456
1453 1454 0.55728342471883507
1454 1650 -1.0911923185994816
1454 1468 0.46211704803786796
1454 1455 0.59314467851278363
1455 1651 0.38670393941174613
1455 1469 0.40345105635515466
1442 1455 -0.093118913402330999
1456 1652 0.085410843899274363
1456 1470 -0.90254307089473429
1456 1457 0.064211023769969969
1457 1653 0.45119115873914778
1457 1471 1.0615807544770577
1457 1458 -1.3751540234350499
1458 1654 0.25503002001845987
1458 1472 0.58638238978933499
1458 1459 -0.22801763343499068
1459 1655 -1.1960973453274251
1459 1473 1.1297873903641558
1459 1460 1.9678220753331497
1460 1656 0.66647856470332123
1460 1474 0.19036582987448492
1460 1461 0.94477404197530745
1461 1657 -1.3894085471126512
1461 1475 -1.6199496825734963
1461 1462 -1.109727876601154
1462 1658 -0.63324864826648242
1462 1476 -2.1548111149066926
1462 1463 -1.7421411036854593
1463 1659 -2.003797046909674
1463 1477 0.60195354629253406
1463 1464 -0.072846700920150012
1464 1660 -1.2542446528159374
1464 1478 -0.3590566872372884
1464 1465 -0.48288247070417117
1465 1661 -0.37568990262735613
1465 1479 -1.4435786146027962
1465 1466 0.61654269507796666
1466 1662 0.3056872633811159
1466 1480 -0.20161419620370105
1466 1467 0.85661143645332471
1467 1663 -1.4634217613899299
1467 1481 -0.34739334187280091
1467 1468 1.130470333061248
1468 1664 -0.52819540660431674
1468 1482 0.14428414667707176
1468 1469 -2.000281079934584
1469 1665 0.41049832035009937
1469 1483 0.1819757251587048
1456 1469 0.67495446198628961
1470 1666 0.018415658748398827
1470 1484 -1.0301759542534363
1470 1471 -0.73655048177415094
1471 1667 1.8221136032618181
1471 1485 -0.7633656038158485
1471 1472 1.0175501097771105
1472 1668 -0.72200342176032051
1472 1486 0.036314602180883428
1472 1473 0.68364097269929813
1473 1669 -0.62818032544099056
1473 1487 0.35585390931271571
1473 1474 -0.28239472557532158
1474 1670 -0.88239832065700197
1474 1488 0.44909393119750946
1474 1475 -0.74461078973788397
1475 1671 1.6339650106678201
1475 1489 0.54326725389728769
1475 1476 -1.4800068997458835
1476 1672 1.0987722092058583
1476 1490 0.052651857134765355
1476 1477 -0.37359135183157433
1477 1673 -0.82568757667265069
1477 1491 -2.2188502948172548
1477 1478 0.67123065311539742
1478 1674 1.9976087113606795
1478 1492 0.036040600066872597
1478 1479 1.4935248152969609
1479 1675 -1.3791530678058304
1479 1493 -0.70032726704071169
1479 1480 0.67256329754985056
1480 1676 1.0053634205999165
1480 1494 -0.4597728785788805
1480 1481 0.90299393589160104
1481 1677 0.58180094722728048
1481 1495 1.1444140749367817
1481 1482 0.83994031637347266
1482 1678 -0.37665923552123798
1482 1496 0.5487785012725318
1482 1483 0.35054638378779901
1483 1679 -2.0701336712657916
1483 1497 1.0802619168243133
1470 1483 -1.1278661923697684
1484 1680 -0.052818642129031396
1484 1498 0.71008558433336155
1484 1485 0.28215204821816736
1485 1681 3.4659928907896584
1485 1499 1.3709037506476494
1485 1486 0.29338640457461984
1486 1682 -0.72481875692799025
1486 1500 -0.81790709913497961
1486 1487 0.32136242097392431
1487 1683 0.25537735434365111
1487 1501 0.51204820446485422
1487 1488 -0.049520158663402251
1488 1684 -0.064780222105924587
1488 1502 1.7982606190683954
1488 1489 -1.1179569396477507
1489 1685 -0.46112614157083703
1489 1503 -1.1676200952202351
1489 1490 -1.620314434122972
1490 1686 -0.30820850337091532
1490 1504 -0.10085587025047829
1490 1491 -0.28243417350051081
1491 1687 -0.36231697029799559
1491 1505 0.20020083075616146
1491 1492 0.16026376643007953
1492 1688 -0.53379913538877732
1492 1506 1.0121702794402792
1492 1493 -1.7360077298437271
1493 1689 1.1846073649116857
1493 1507 -0.73052781100319175
1493 1494 -0.81630051514598245
1494 1690 -0.96452530711929485
1494 1508 0.11579405448305764
1494 1495 0.19513043771626487
1495 1691 -0.60545357592697935
1495 1509 -0.28739524322887322
1495 1496 1.9438617826374931
1496 1692 1.3139229631354494
1496 1510 -0.21885526819194853
1496 1497 0.50367820808927877
1497 1693 -0.73079171927400111
1497 1511 -0.50867628747927263
1484 1497 2.2919666711401558
1498 1694 0.69772684555302744
1498 1512 0.42606570018709511
1498 1499 -0.58077842840777161
1499 1695 0.73510290317715299
1499 1513 1.6934671595867854
1499 1500 -2.0228164032328051
1500 1696 0.94117418572015277
1500 1514 0.64073941151728764
1500 1501 0.057941690886866459
1501 1697 0.86428852840279469
1501 1515 -1.3138277956189435
1501 1502 -0.26516973079690576
1502 1698 -0.9927468082220462
1502 1516 0.46808937172912057
1502 1503 -1.6047853060074475
1503 1699 -0.70242961972375073
1503 1517 -1.679652962993605
1503 1504 -0.24378088257373109
1504 1700 -0.71258614988790558
1504 1518 -0.043142286718442384
1504 1505 0.061634949524538532
1505 1701 -1.4963395749793769
1505 1519 -0.68638829523343159
1505 1506 0.80277933927645828
1506 1702 -0.61109452093353034
1506 1520 0.97353336845826244
1506 1507 -0.43653421525531411
1507 1703 0.1604115403761161
1507 1521 -1.4265788590875603
1507 1508 -0.20116320944069552
1508 1704 -1.7234448173590595
1508 1522 -1.0176601017464573
1508 1509 -0.13548726646266879
1509 1705 -0.2867829411520581
1509 1523 -0.57512791347865511
1509 1510 0.70941383778208456
1510 1706 0.82794610467615515
1510 1524 0.65346240616340634
1510 1511 -0.41939617267153828
1511 1707 2.6696734222973979
1511 1525 0.49174715274324965
1498 1511 1.2973721589059002
1512 1708 -0.55251250212955039
1512 1526 0.56504883360488267
1512 1513 0.084971908939969754
1513 1709 -0.67623387779646382
1513 1527 0.43134611314861893
1513 1514 -0.28274974673735365
1514 1710 -0.74666739818935068
1514 1528 -1.5004947498309906
1514 1515 -1.158271029252387
1515 1711 0.66050447349492913
1515 1529 0.73332380677979359
1515 1516 -1.3179581062934194
1516 1712 -0.43310652719550463
1516 1530 -0.14276165649289271
1516 1517 -1.2179752202489014
1517 1713 0.23557821714164556
1517 1531 -0.35354344130663529
1517 1518 -0.43751012444672271
1518 1714 2.1327112849158221
1518 1532 -0.64416801594785689
1518 1519 0.39793464428685427
1519 1715 0.030977378700844511
1519 1533 0.47120725681815451
1519 1520 1.4523517368564656
1520 1716 -0.98197890924293685
1520 1534 0.59969100580893275
1520 1521 0.30272570469888926
1521 1717 -0.66481346110579775
1521 1535 1.916683799586921
1521 1522 -0.65593165612752302
1522 1718 -1.7972178420896578
1522 1536 -0.035491402868932882
1522 1523 0.2705749649763956
1523 1719 0.69360753904665451
1523 1537 0.32873119056853911
1523 1524 0.24146805457668483
1524 1720 0.2273117108061298
1524 1538 0.0729708920063524
1524 1525 0.24929269836916909
1525 1721 -1.0287907731649062
1525 1539 0.44346239469281407
1512 1525 -0.97220965930625047
1526 1722 -0.17832038706911821
1526 1540 0.3759326955945248
1526 1527 -2.9832781907362902
1527 1723 -1.4610128977211108
1527 1541 -0.57434738210490277
1527 1528 -1.1751383808494456
1528 1724 -0.50978705939564573
1528 1542 -0.81460025314574169
1528 1529 -0.70467545624899419
1529 1725 0.50885604054185518
1529 1543 0.51874232161193934
1529 1530 0.52654495940991242
1530 1726 0.35677949233507916
1530 1544 -0.76182274464371225
1530 1531 -0.98326227722607806
1531 1727 -1.1131115327788228
1531 1545 -0.80139939691426965
1531 1532 -0.42510823435044115
1532 1728 -1.360496947076046
1532 1546 -0.99635534047412222
1532 1533 0.84511474696693489
1533 1729 0.95520444483710221
1533 1547 -0.59562200855067959
1533 1534 0.21938506642585609
1534 1730 -0.2068833281809575
1534 1548 0.096562824127881447
1534 1535 0.87159025390473699
1535 1731 0.2950096741296892
1535 1549 0.79248990256177354
1535 1536 -1.0907048782683819
1536 1732 -0.27598740953731177
1536 1550 -0.54838514974854813
1536 1537 1.1921025052923089
1537 1733 2.0115668790705925
1537 1551 0.66445070598243827
1537 1538 1.5372176218707512
1538 1734 0.49745269796343639
1538 1552 2.4754710050539894
1538 1539 -0.34511773548942776
1539 1735 -0.71989962433888366
1539 1553 0.88854895256296085
1526 1539 -1.2168557509193043
1540 1736 -0.044773408061307397
1540 1554 -0.21997839338051486
1540 1541 -1.4120390041183237
1541 1737 2.0988666362879544
1541 1555 -0.30746770755021391
1541 1542 2.6211788940375498
1542 1738 0.36069745922856711
1542 1556 -0.033917568579880313
1542 1543 0.13570741606118578
1543 1739 0.38535044913156574
1543 1557 0.19484337951749392
1543 1544 0.25276839605083951
1544 1740 -0.11981296893672828
1544 1558 0.75654989201122369
1544 1545 0.98864436217787222
1545 1741 0.077214673779101406
1545 1559 -0.6189506046632044
1545 1546 0.36717973855210023
1546 1742 0.76929780889687571
1546 1560 0.030259143556966517
1546 1547 1.130055475876057
1547 1743 0.12646704232497014
1547 1561 -1.0742700025211043
1547 1548 0.89203390623696188
1548 1744 1.0530559654208664
1548 1562 -0.70624999147537371
1548 1549 -1.2976498004905765
1549 1745 -1.0248664493705668
1549 1563 1.3473203268125091
1549 1550 0.38564834170194717
1550 1746 1.2900779600548491
1550 1564 -0.93125193547465146
1550 1551 -1.1718536302365199
1551 1747 -0.39080703594020566
1551 1565 -0.34020398019676384
1551 1552 -0.19150695388904701
1552 1748 0.58682085778545712
1552 1566 0.36747099099936742
1552 1553 0.09865623553393349
1553 1749 -0.19684871165561646
1553 1567 -0.13299703308155916
1540 1553 0.76014290894711889
1554 1750 1.4702800366586084
1372 1554 -0.72911983629900101
1554 1555 0.66800790452674974
1555 1751 -0.57518236570072656
1373 1555 -1.1941292268739707
1555 1556 -0.77978629668057176
1556 1752 -0.60131338203011653
1374 1556 -0.79628472121222382
1556 1557 -1.2574010537360352
1557 1753 1.3546241107604786
1375 1557 -1.2974263839927029
1557 1558 0.25643031475339156
1558 1754 0.71908758813587259
1376 1558 0.11590851084983407
1558 1559 2.2609626797536504
1559 1755 -1.0078119239174801
1377 1559 1.2981969848809947
1559 1560 1.4576704295051457
1560 1756 -0.68642741055364365
1378 1560 -1.0021297583721458
1560 1561 0.6438112175561358
1561 1757 0.39841206273236035
1379 1561 -2.1786869711472203
1561 1562 1.0978083829637988
1562 1758 0.11658019399292675
1380 1562 1.0310637385040542
1562 1563 -0.79250035945699371
1563 1759 -0.93480880824871193
1381 1563 0.84682439974767976
1563 1564 -0.21842357179041202
1564 1760 0.74105416122556478
1382 1564 -0.20786620432293343
1564 1565 -0.47950277328455215
1565 1761 -1.0265560036434274
1383 1565 0.28357484135827271
1565 1566 -1.6157886900346627
1566 1762 0.60087758374065459
1384 1566 -2.7207436256470077
1566 1567 0.23289099472887764
1567 1763 -1.0169709133754816
1385 1567 -1.5761941405560989
1554 1567 1.0336072837239718
1568 1764 -0.39644045078438128
1568 1582 1.0077452515923011
1568 1569 -1.71483398935635
1569 1765 -0.73772596807028057
1569 1583 -0.77206894068398924
1569 1570 -2.2413530924395362
1570 1766 -0.42598726953684524
1570 1584 -0.27543422104669602
1570 1571 -0.9612293120694736
1571 1767 -0.28907170697286722
1571 1585 0.026502833899123949
1571 1572 0.099074675579635868
1572 1768 0.17831930991183165
1572 1586 -0.23271153409250542
1572 1573 0.092832759357645164
1573 1769 -0.95806088150748536
1573 1587 0.81566506611764455
1573 1574 -0.73027119492554349
1574 1770 0.041577222273959921
1574 1588 -2.2405524025882655
1574 1575 1.0386460050732225
1575 1771 0.45963580409525645
1575 1589 0.72966385278471546
1575 1576 1.2410753454331487
1576 1772 0.40341620985709392
1576 1590 -0.60659314298406797
1576 1577 0.18613594126465832
1577 1773 -0.039839101412498426
1577 1591 0.54090357497715946
1577 1578 -0.065984446656921741
1578 1774 2.1264137246766452
1578 1592 -1.0037102028322284
1578 1579 -0.74008443487702058
1579 1775 0.34666149901403159
1579 1593 0.89196714113389075
1579 1580 0.58753434834997831
1580 1776 -0.008495044453831084
1580 1594 -0.27317330605885609
1580 1581 -0.31304410043949266
1581 1777 -1.5644241178783425
1581 1595 0.22540573808081024
1568 1581 -0.0086539494948528629
1582 1778 2.6526435003937219
1582 1596 -0.23929040829578832
1582 1583 0.041531499405149122
1583 1779 1.586548347512087
1583 1597 -0.37832523521016231
1583 1584 -1.1346841655717179
1584 1780 0.61316061212719575
1584 1598 -0.16119445494631934
1584 1585 1.8115901824933223
1585 1781 0.43901620338231717
1585 1599 -1.4503614891334369
1585 1586 0.098217304270781222
1586 1782 1.7859708800897069
1586 1600 -0.45235781440055656
1586 1587 -0.012232233591230633
1587 1783 0.74612788772964256
1587 1601 -0.35243624736656509
1587 1588 1.5358546134488227
1588 1784 0.20559770685559581
1588 1602 -0.25420721991023193
1588 1589 -1.6112094111427768
1589 1785 -1.5419622625840672
1589 1603 0.46865000603126128
1589 1590 -0.55477618042226351
1590 1786 -1.0383742556605655
1590 1604 0.93662239422917926
1590 1591 1.0143735112487049
1591 1787 -0.30170438715987841
1591 1605 -0.9587962777941228
1591 1592 -0.84265721992701703
1592 1788 0.38874245534169893
1592 1606 0.63005631183194122
1592 1593 -0.55040336147322
1593 1789 0.62968532930635357
1593 1607 1.2513988829610789
1593 1594 -0.36355167625864565
1594 1790 1.4448583548545675
1594 1608 0.81466480926946272
1594 1595 1.6391860638445925
1595 1791 0.13866324246076606
1595 1609 0.18293921404549912
1582 1595 -2.1135469141348797
1596 1792 -0.47406277696615939
1596 1610 1.4996403329829844
1596 1597 0.62319921208231477
1597 1793 -0.034352693758181771
1597 1611 1.0247393882109512
1597 1598 1.792553586908092
1598 1794 0.45136157833120405
1598 1612 0.13096236446729226
1598 1599 -0.10374376270575211
1599 1795 0.83167506658002288
1599 1613 -1.2925515068293807
1599 1600 -0.60630771318863752
1600 1796 -1.1305393174507827
1600 1614 0.75083082428595294
1600 1601 -0.4498262090161525
1601 1797 -0.66978307716871011
1601 1615 -1.2891166726752861
1601 1602 0.14868349825407753
1602 1798 -0.38615357711117404
1602 1616 -0.84473372164261118
1602 1603 -0.47995647586494017
1603 1799 -1.8614649291677892
1603 1617 -1.1514612576550574
1603 1604 0.48966011293355616
1604 1800 1.153160711805119
1604 1618 -1.0600809797906185
1604 1605 -0.32034039363516192
1605 1801 0.89789310626734242
1605 1619 0.18781069305828829
1605 1606 -0.13931188579906856
1606 1802 -3.270130937629165
1606 1620 0.21058827098861818
1606 1607 -1.8462247705131611
1607 1803 -0.70984929317680268
1607 1621 0.3765458322903984
1607 1608 -2.1479827827139402
1608 1804 0.46897338966342317
1608 1622 0.71138422358040065
1608 1609 0.42562579849588195
1609 1805 1.1711884592615902
1609 1623 1.4377070327793047
1596 1609 -0.47144686473692399
1610 1806 1.0614431287850203
1610 1624 0.045282285948544068
1610 1611 0.33867783446755134
1611 1807 -0.20724076969801869
1611 1625 -0.64284189596582175
1611 1612 -0.94951558026925187
1612 1808 -1.4637649447087384
1612 1626 1.1436735238471316
1612 1613 0.19165308301702927
1613 1809 -1.9373965218212641
1613 1627 1.2726132383465014
1613 1614 -0.45932479772324247
1614 1810 0.38544434027958413
1614 1628 2.1380099092888765
1614 1615 -1.6607796641402139
1615 1811 -0.061371748798776493
1615 1629 1.0090375639553402
1615 1616 0.47816254020911247
1616 1812 0.13453129856196211
1616 1630 1.089666116003396
1616 1617 -1.3054313247382681
1617 1813 0.35412348625242973
1617 1631 0.89793585999261438
1617 1618 1.0260139192822406
1618 1814 0.39820615120418307
1618 1632 1.4702554876456104
1618 1619 1.2579252056717645
1619 1815 -0.067404554161279884
1619 1633 -0.46699233561288411
1619 1620 -0.031530720449457747
1620 1816 0.50958162177790001
1620 1634 0.52835941388809426
1620 1621 -0.42614589072322029
1621 1817 -0.49806500913803758
1621 1635 0.10886486314894331
1621 1622 0.98526918358344406
1622 1818 0.9342375593658736
1622 1636 -0.52475008401698386
1622 1623 -0.011044477783079066
1623 1819 -0.74679653716116767
1623 1637 -1.4705432146251105
1610 1623 -0.18245591634877481
1624 1820 2.2671958805285679
1624 1638 0.74890161521655763
1624 1625 -1.2749118328640501
1625 1821 0.27248837372106544
1625 1639 1.0876800121810637
1625 1626 0.99046470794879093
1626 1822 -0.98031446366711017
1626 1640 0.1947742534135605
1626 1627 0.1875486717258241
1627 1823 -0.20648221770040398
1627 1641 -0.27543563578484326
1627 1628 0.66349607252080589
1628 1824 0.57960506446831994
1628 1642 0.26686603815573878
1628 1629 0.4750252469583251
1629 1825 0.68075247379489245
1629 1643 0.23069915648839193
1629 1630 2.0833669599823921
1630 1826 0.58285742612322855
1630 1644 -0.24973376291491811
1630 1631 -0.48549085932940905
1631 1827 -0.012598617185317081
1631 1645 1.2344050972473186
1631 1632 -0.058329750287571439
1632 1828 -0.35137880015462264
1632 1646 -0.37684919819050672
1632 1633 0.40112381524931767
1633 1829 0.66322501542732204
1633 1647 -1.2841380437507959
1633 1634 1.3136725347784863
1634 1830 -1.4756505459303266
1634 1648 -0.88214536312578973
1634 1635 0.5159519041476206
1635 1831 -1.0057972359561598
1635 1649 1.2194185002692994
1635 1636 -0.75322828868833447
1636 1832 1.0441354061396744
1636 1650 1.0439788099282055
1636 1637 0.12953025545238256
1637 1833 1.1947070079051556
1637 1651 1.3257745200240452
1624 1637 -2.3734269657298404
1638 1834 0.60009969445189038
1638 1652 -0.91272642610944088
1638 1639 -0.41245022575748153
1639 1835 -0.87835289784692816
1639 1653 -0.07676326393858901
1639 1640 1.1116527647776668
1640 1836 0.70245454241624217
1640 1654 -0.014176964970353126
1640 1641 -0.55718104917914668
1641 1837 0.26206368623519605
1641 1655 1.7055839221674605
1641 1642 0.68903440372960745
1642 1838 -0.19082049320387384
1642 1656 -2.1342883524861733
1642 1643 -0.068025671474212429
1643 1839 -0.74961214124158293
1643 1657 -0.91180878409930899
1643 1644 0.58346004574853738
1644 1840 -1.9116989294033977
1644 1658 -0.13926673822694766
1644 1645 -0.28557685364255514
1645 1841 0.45311128328298317
1645 1659 0.64517464064939478
1645 1646 -0.91440647457214042
1646 1842 0.12275758722181326
1646 1660 -0.023403290735136341
1646 1647 -1.1032766331208324
1647 1843 1.074606328633116
1647 1661 -1.1560648334757464
1647 1648 0.8410902334346172
1648 1844 0.56288932246346601
1648 1662 -1.1515619543635809
1648 1649 0.012541745689214437
1649 1845 -1.1533405121369034
1649 1663 1.4284151096322542
1649 1650 1.2345619878957526
1650 1846 0.89970622337606021
1650 1664 -1.8622804184225155
1650 1651 -0.52286664204798372
1651 1847 -0.88471444621377993
1651 1665 -0.3755746078260439
1638 1651 0.92069971064676071
1652 1848 1.0023240594215568
1652 1666 -0.037604878626256569
1652 1653 0.92653839727454823
1653 1849 0.05456753391110037
1653 1667 -0.062970460120608071
1653 1654 -1.1246313737369407
1654 1850 -0.17250781083044239
1654 1668 0.089930232811459537
1654 1655 -0.91081391595822747
1655 1851 -0.47454251605899833
1655 1669 1.2728361501952381
1655 1656 -0.17001678429707193
1656 1852 -1.2337833504120705
1656 1670 0.75514560839400591
1656 1657 1.9481329215551892
1657 1853 0.7811524374498976
1657 1671 -0.68906355789576512
1657 1658 0.50998941002696352
1658 1854 0.088456296865401809
1658 1672 -0.84625081263888835
1658 1659 -0.96355640876416671
1659 1855 0.98678037314550993
1659 1673 0.55201476536534966
1659 1660 -0.17426025555028316
1660 1856 0.36240760579336717
1660 1674 0.18042908568798705
1660 1661 1.4510443699359408
1661 1857 -0.3668681398725967
1661 1675 2.0000667452481862
1661 1662 1.2202789686812896
1662 1858 -0.037779571121979598
1662 1676 -2.6987557236819066
1662 1663 -0.046880847536193822
1663 1859 -0.28756508254783547
1663 1677 -0.33970070458623824
1663 1664 0.20129190495800608
1664 1860 -0.85322400362252626
1664 1678 -1.3109165266169001
1664 1665 1.3324454619826447
1665 1861 0.52813470381989081
1665 1679 0.97184063660702358
1652 1665 -1.3871810263465323
1666 1862 0.18782862689145824
1666 1680 1.7668421573269224
1666 1667 -2.105869178422064
1667 1863 -0.3524700878202951
1667 1681 -0.52260607193890318
1667 1668 -0.34678467204757124
1668 1864 -0.049247811871763608
1668 1682 0.79238210205788284
1668 1669 -1.5234043457102946
1669 1865 -0.81195364365560296
1669 1683 0.94462186308657392
1669 1670 -0.076000416607408236
1670 1866 -0.48599623316862656
1670 1684 1.182497092055901
1670 1671 -0.74632807691497172
1671 1867 1.1907232413722315
1671 1685 -1.1620682573569785
1671 1672 0.66998667907687914
1672 1868 0.11392289233261063
1672 1686 0.84213374044763334
1672 1673 -0.022828021138880782
1673 1869 -0.20179161259825637
1673 1687 0.57903304455411164
1673 1674 -0.61178955995886986
1674 1870 -1.396952788270247
1674 1688 0.60019491651607304
1674 1675 0.35235159038584263
1675 1871 1.5823531527706753
1675 1689 1.3609150171713364
1675 1676 0.098075130057445434
1676 1872 -0.86142747495857885
1676 1690 0.21506890792028999
1676 1677 -0.16789448954801334
1677 1873 -0.35825125807041813
1677 1691 0.86973534748739523
1677 1678 0.26576005495775273
1678 1874 0.067879609950026343
1678 1692 2.9962637970891306
1678 1679 -0.93113179853535188
1679 1875 -1.002032626638695
1679 1693 -0.25728072352162129
1666 1679 -0.52958121824443949
1680 1876 0.96014095976031455
1680 1694 -1.024358495092436
1680 1681 1.243291838921643
1681 1877 -2.1413821260797445
1681 1695 0.44629053314938022
1681 1682 -0.48815783425588788
1682 1878 0.84358190867001459
1682 1696 -0.60563287222134254
1682 1683 -0.75176783041038486
1683 1879 -0.58068023726556706
1683 1697 0.054185287346329353
1683 1684 -1.1169535197558589
1684 1880 0.57316672787035117
1684 1698 0.42591625152907753
1684 1685 -0.56476004863856877
1685 1881 0.99397423100789684
1685 1699 0.39937534207518116
1685 1686 1.4087928639153384
1686 1882 -1.0752310710958033
1686 1700 1.1221876921033538
1686 1687 0.22217725599674493
1687 1883 0.52668348232023543
1687 1701 0.24844974386542917
1687 1688 1.9953469896648883
1688 1884 0.81787942576850559
1688 1702 -0.53331475348644819
1688 1689 1.0446531823278096
1689 1885 -0.064599836913281541
1689 1703 0.43056324027821258
1689 1690 1.4368795179335854
1690 1886 1.046837153959616
1690 1704 0.074084980326563438
1690 1691 1.2850397273200695
1691 1887 -1.4560404460248992
1691 1705 -1.1757583980171631
1691 1692 0.14600776067396559
1692 1888 0.53821020221324845
1692 1706 -0.21374977160726022
1692 1693 0.067069766246844534
1693 1889 -1.6260507840165412
1693 1707 0.69051480965459011
1680 1693 0.64178668238076153
1694 1890 0.38755185992725449
1694 1708 -0.38459988791075422
1694 1695 -0.50242462952010225
1695 1891 0.0093498289444885162
1695 1709 0.85754616892234303
1695 1696 -0.43641306168642274
1696 1892 -1.4936530720717152
1696 1710 -1.1240574284913594
1696 1697 0.45554704498129922
1697 1893 0.14942681537008892
1697 1711 -0.23737424584382222
1697 1698 1.3730720230494482
1698 1894 -0.53759683806549463
1698 1712 0.21712140813183939
1698 1699 -0.84958584865235021
1699 1895 0.57007571199973606
1699 1713 -0.52579215557787662
1699 1700 1.2085212564004
1700 1896 2.42867226589
1700 1714 -1.5769956602162223
1700 1701 0.8631871347638167
1701 1897 -0.48775566484594779
1701 1715 -0.11895660029149767
1701 1702 1.6627733735734758
1702 1898 -0.50397502322194798
1702 1716 -0.16200559538231107
1702 1703 0.38613536845365914
1703 1899 -0.24818037773870463
1703 1717 1.3987543150153487
1703 1704 1.0123940024396476
1704 1900 -0.76267931783151299
1704 1718 0.16992350988743865
1704 1705 1.0633557974921695
1705 1901 -0.8265696071886347
1705 1719 -0.55769737196637825
1705 1706 0.85351709503751139
1706 1902 -0.043619942396493229
1706 1720 2.0363382756853969
1706 1707 -0.63924586230964497
1707 1903 1.7005677762443703
1707 1721 -0.0041427472246105147
1694 1707 0.42956661072953028
1708 1904 0.64713602713863871
1708 1722 -0.99396419375458056
1708 1709 0.40404883926071861
1709 1905 -0.21866143490127565
1709 1723 -0.45649386926094687
1709 1710 -1.7152726494588473
1710 1906 -1.0749090508433206
1710 1724 -0.31214366392371734
1710 1711 -0.41799434928584217
1711 1907 0.47270871497954586
1711 1725 -0.48723989885826602
1711 1712 -0.95699918853203225
1712 1908 -0.66946225134407156
1712 1726 1.3465509538480442
1712 1713 1.028295527714759
1713 1909 -0.14263846220400972
1713 1727 0.49732638191401546
1713 1714 0.23157055403983731
1714 1910 1.4121664834262522
1714 1728 -0.89584473622570571
1714 1715 1.2689928582943391
1715 1911 0.4379920279148764
1715 1729 0.76363052492665395
1715 1716 1.3305764465713392
1716 1912 -1.2631240411089406
1716 1730 0.086856723890861909
1716 1717 -0.39744068105231545
1717 1913 0.38152545890805051
1717 1731 -1.4576119656635003
1717 1718 0.40531885518869304
1718 1914 0.30006550778765806
1718 1732 -0.59752515192833366
1718 1719 0.71370698636237828
1719 1915 1.2046234359555168
1719 1733 0.60314050409651543
1719 1720 0.92561141315364481
1720 1916 -1.3062343942722119
1720 1734 0.066452626371287862
1720 1721 1.5165196212309295
1721 1917 0.39515475227779845
1721 1735 -0.56964634638992229
1708 1721 0.96005360449636667
1722 1918 -0.96274333139365409
1722 1736 0.51009022583524422
1722 1723 -0.25248282176375647
1723 1919 0.91798402773391741
1723 1737 -1.6172161635427411
1723 1724 -0.74029146862714246
1724 1920 1.1719170320856727
1724 1738 -0.0084941684684502975
1724 1725 0.050851327017243181
1725 1921 0.62628113088314941
1725 1739 0.114523830631232
1725 1726 1.8254666627948664
1726 1922 0.24655020805536307
1726 1740 0.34030566277497004
1726 1727 -1.6333815285283575
1727 1923 2.1817341485949173
1727 1741 -1.0632524104885945
1727 1728 0.099715732259142917
1728 1924 0.081407165533751935
1728 1742 0.57480284614821142
1728 1729 1.7578254068927748
1729 1925 -0.90418434317477003
1729 1743 0.48095958440561287
1729 1730 -0.064224621875500404
1730 1926 -0.48383999022175583
1730 1744 -1.493644797487206
1730 1731 -0.029970606599710053
1731 1927 0.055217063385808764
1731 1745 0.50000676470841965
1731 1732 -1.0216612490517534
1732 1928 -0.69642357463972948
1732 1746 -0.61106776387404571
1732 1733 -1.3093169944552425
1733 1929 -1.9686132767178595
1733 1747 0.79335722695135036
1733 1734 -0.5847171132865816
1734 1930 0.5258782440125912
1734 1748 0.54311037410934981
1734 1735 -1.1576916035440008
1735 1931 0.53556863644276576
1735 1749 0.51149488981849245
1722 1735 -0.25203887456648338
1736 1932 0.68488457056769902
1736 1750 -1.9313925669503875
1736 1737 -0.45059492955174885
1737 1933 -1.4167607242469755
1737 1751 -0.33505318411101548
1737 1738 -1.958651405711348
1738 1934 -0.70536010590537679
1738 1752 -1.3241887761201387
1738 1739 -0.1683115406925432
1739 1935 -0.25419601134048242
1739 1753 0.35727372208173824
1739 1740 1.3872464169627865
1740 1936 0.3516079559549628
1740 1754 0.79838357292595075
1740 1741 0.7768091813087975
1741 1937 -0.83747632863635257
1741 1755 -2.0406791581908901
1741 1742 0.16271899764316469
1742 1938 -0.34302306973189056
1742 1756 -0.61584920265822574
1742 1743 0.012955260209724309
1743 1939 0.78264499224728201
1743 1757 0.80016289226504234
1743 1744 0.52379191256750224
1744 1940 0.79334136846942693
1744 1758 1.76400454075032
1744 1745 -0.696832828963867
1745 1941 1.2300493690942746
1745 1759 -1.8986140043748314
1745 1746 -0.44663453710254081
1746 1942 1.0708580333821995
1746 1760 -0.18866448721786849
1746 1747 0.10944334185691582
1747 1943 -0.774443910459513
1747 1761 -0.044719443068833194
1747 1748 0.23272347764620271
1748 1944 -0.5634586342756932
1748 1762 -0.6696755164560475
1748 1749 1.7958444533423814
1749 1945 0.34534396638451037
1749 1763 0.70137319207935256
1736 1749 -0.1504368980090787
1750 1946 -0.48646277893417023
1568 1750 1.1980972067095721
1750 1751 0.5590349779317042
1751 1947 0.10838654127149699
1569 1751 0.39290395122744465
1751 1752 -0.37007335953895798
1752 1948 0.76276985382774642
1570 1752 0.70454193525201048
1752 1753 0.10452237441547826
1753 1949 0.55944726612379425
1571 1753 0.59565781953396968
1753 1754 -0.37680068212618184
1754 1950 -0.92013979941535606
1572 1754 0.32523852013627391
1754 1755 -0.59893811979577483
1755 1951 0.70467923482995098
1573 1755 -0.19695310552382206
1755 1756 1.3000998143726223
1756 1952 -1.1227691425563735
1574 1756 -1.4868713843310666
1756 1757 -0.50130322241935532
1757 1953 -0.0034181433993192589
1575 1757 -0.95438415123698273
1757 1758 0.60785840771729827
1758 1954 1.1135509941937323
1576 1758 -1.2553844768187539
1758 1759 1.2522546109921622
1759 1955 -3.0325055875348683
1577 1759 0.1670242054813085
1759 1760 0.82061031447802057
1760 1956 -1.3936521360109264
1578 1760 -0.15367003689710285
1760 1761 -0.43753578868513321
1761 1957 -0.76707120752260038
1579 1761 -1.8836873200227608
1761 1762 1.1130347741564159
1762 1958 -0.26173633385061568
1580 1762 -0.66659650134992599
1762 1763 -1.038408621868222
1763 1959 0.95231907786837944
1581 1763 0.56480947372232848
1750 1763 -0.26559755526616169
1764 1960 0.68399378357328211
1764 1778 0.82798047017144305
1764 1765 0.52377936881466869
1765 1961 -1.7588736633659194
1765 1779 -0.51370686413394362
1765 1766 1.1359517285561258
1766 1962 0.75750255485917251
1766 1780 0.61656081674103536
1766 1767 0.45495075602635154
1767 1963 0.26673202158105525
1767 1781 -1.3899029044032567
1767 1768 -0.4843212149523598
1768 1964 1.7622542096203084
1768 1782 1.0801748975765511
1768 1769 0.28184090816959922
1769 1965 0.027854388385704441
1769 1783 -0.20581981738504568
1769 1770 -0.66957323244826195
1770 1966 1.7858479973268087
1770 1784 -0.825976913038029
1770 1771 -0.2368647286032555
1771 1967 -1.7701554133965631
1771 1785 -0.55933802738672245
1771 1772 -0.52562386396661587
1772 1968 -1.2344994064631112
1772 1786 -0.57262998715480951
1772 1773 -1.3603067721799189
1773 1969 1.1339260219276899
1773 1787 -0.97797617411875637
1773 1774 1.2521163552015313
1774 1970 0.096767488378782615
1774 1788 0.74211199572751019
1774 1775 1.5241953470295175
1775 1971 -0.61896289513997949
1775 1789 2.4610033057736884
1775 1776 0.78040225413787279
1776 1972 0.61235954975723017
1776 1790 0.80883041030029379
1776 1777 0.1019496398752481
1777 1973 -0.70080254293733446
1777 1791 -0.23822291311615207
1764 1777 -1.4438663709312836
1778 1974 0.60698157666215524
1778 1792 0.92916219297987745
1778 1779 -0.33205830151867982
1779 1975 -0.69424883525447856
1779 1793 -0.43919398017451639
1779 1780 0.26279137432353328
1780 1976 -1.0040926050016019
1780 1794 -1.3449561324550152
1780 1781 0.59060305495705101
1781 1977 -1.3243776485519017
1781 1795 -0.35308101751603621
1781 1782 -1.4140414928626044
1782 1978 0.75329005800919568
1782 1796 0.69827758936332351
1782 1783 -0.056953355636540144
1783 1979 0.26763246666249635
1783 1797 -0.84468200065080101
1783 1784 -1.5157035510309402
1784 1980 -0.23128733087735442
1784 1798 0.88483877744924588
1784 1785 -3.1323485156562008
1785 1981 1.4302053848286
1785 1799 0.13137544989424693
1785 1786 -1.6067857196887045
1786 1982 -0.040860988908743137
1786 1800 0.89422336868260255
1786 1787 1.1169793696626351
1787 1983 0.030138229635765044
1787 1801 -0.51301833523126161
1787 1788 -0.28088201221602715
1788 1984 -1.3571454101480707
1788 1802 1.8730688848553105
1788 1789 1.5097460592610628
1789 1985 0.4166415549726537
1789 1803 0.5718238595925289
1789 1790 -0.74709576515543052
1790 1986 0.951591112879695
1790 1804 -2.0053376137481043
1790 1791 -1.2339518633842561
1791 1987 0.61907413638485587
1791 1805 0.063161081044649237
1778 1791 -2.1002497000389111
1792 1988 -1.663062823428159
1792 1806 0.98347681308509094
1792 1793 -0.98972508635405632
1793 1989 0.090370412214953552
1793 1807 -0.78250894425206075
1793 1794 0.43319895550714133
1794 1990 1.0101329324384511
1794 1808 -1.2746921219136969
1794 1795 -1.2665210296902691
1795 1991 -1.742943448187066
1795 1809 0.12329678478434915
1795 1796 1.1330658476524555
1796 1992 -0.31649291673936747
1796 1810 0.73080350931938509
1796 1797 1.8258008321468917
1797 1993 0.1192929153133549
1797 1811 0.60160582471537649
1797 1798 0.96780217427010451
1798 1994 0.37374141849976039
1798 1812 -0.042075624788125363
1798 1799 -0.25515804971929579
1799 1995 -1.044232556716491
1799 1813 -0.29981927528809316
1799 1800 0.76249937575098048
1800 1996 -1.3906829395469431
1800 1814 -0.81129479070726962
1800 1801 -1.2455986779041415
1801 1997 -0.04096117100485526
1801 1815 -1.3008347585759947
1801 1802 1.416479125234658
1802 1998 0.62383304140209295
1802 1816 -1.0208059014329383
1802 1803 0.30578234659507963
1803 1999 0.69566807581885115
1803 1817 0.11689411250689448
1803 1804 -0.87107807230705792
1804 2000 -1.0019277600110514
1804 1818 -0.74858536458684888
1804 1805 1.1029441028202565
1805 2001 -2.3220485005273663
1805 1819 -2.0116301088951913
1792 1805 1.6158055395533775
1806 2002 -1.309438583292988
1806 1820 -0.59274503591601868
1806 1807 1.2256866489016813
1807 2003 -1.1564556148182341
1807 1821 -0.1076115309605496
1807 1808 -1.3774012814935919
1808 2004 -0.59208672176253396
1808 1822 0.70770620258725281
1808 1809 0.78031824325668209
1809 2005 0.47373364916163763
1809 1823 0.28643958868629182
1809 1810 -1.0980888642286877
1810 2006 -0.27996649762135473
1810 1824 0.9283460618704763
1810 1811 2.7478884624650686
1811 2007 0.43927132010183212
1811 1825 -1.1509886368447495
1811 1812 0.55480710029008906
1812 2008 -0.17701063749577634
1812 1826 1.0210388152659531
1812 1813 -0.44367610907910399
1813 2009 0.64212022348826703
1813 1827 -1.1083159810701531
1813 1814 0.12050879674335861
1814 2010 0.47074402634106782
1814 1828 0.41611064674869042
1814 1815 1.2915968919623968
1815 2011 -0.61627480186885808
1815 1829 -0.74982187182373872
1815 1816 0.43086795634465308
1816 2012 1.1928278726235206
1816 1830 0.31629917481189718
1816 1817 -0.6185164281060872
1817 2013 0.24547284029375399
1817 1831 -0.17661167880269513
1817 1818 0.22725124329482954
1818 2014 -0.12923256063000044
1818 1832 -0.43565013829305621
1818 1819 -0.68007406325548914
1819 2015 0.20646412785247309
1819 1833 -2.324697445008685
1806 1819 0.264325823579523
1820 2016 -0.57981099019304949
1820 1834 0.68843619792978761
1820 1821 0.22310364441605193
1821 2017 0.96954949226061515
1821 1835 -1.1497545991527003
1821 1822 -0.18398115281537786
1822 2018 -0.74639452438781395
1822 1836 0.38813967541603916
1822 1823 -2.4545732238414146
1823 2019 0.55559721327994493
1823 1837 -0.14325246630021735
1823 1824 -0.49346302510428386
1824 2020 0.14596562943170144
1824 1838 0.005398171782151252
1824 1825 -0.24439552480366791
1825 2021 0.094249131975168446
1825 1839 0.60599202554798837
1825 1826 -0.21382237331158457
1826 2022 -1.1587155978190089
1826 1840 -0.12470826233207204
1826 1827 -0.60157552811005122
1827 2023 -0.44268097795598865
1827 1841 0.55010039569591462
1827 1828 0.67611160536565285
1828 2024 -0.89448870699037553
1828 1842 0.29703229085995392
1828 1829 -1.0345435635244695
1829 2025 0.057929823962337
1829 1843 -0.89482391018900831
1829 1830 -0.44634396114054697
1830 2026 0.013885480895783177
1830 1844 -0.58170207615329783
1830 1831 0.11214688562317281
1831 2027 -0.33385463101015506
1831 1845 -0.77412889013980557
1831 1832 -0.5237897155483866
1832 2028 0.73579739695509006
1832 1846 -1.2917460919861137
1832 1833 -1.3209933270919609
1833 2029 0.86687223248710521
1833 1847 -0.15143533880615412
1820 1833 -1.4750010612913185
1834 2030 1.4372425642332638
1834 1848 -0.71901612167779705
1834 1835 0.7342589224041266
1835 2031 -1.0554743158582509
1835 1849 -0.23411290229806753
1835 1836 1.3529760196920921
1836 2032 0.36016156779246794
1836 1850 -0.054768654627503389
1836 1837 -1.2021490236171919
1837 2033 -0.39573082622762545
1837 1851 -0.48486222876807467
1837 1838 -0.64960556756398491
1838 2034 0.25248288027615545
1838 1852 0.36226931078693447
1838 1839 0.75446243733729756
1839 2035 -0.31180021780689515
1839 1853 -2.0572191585947275
1839 1840 -0.19104069209559602
1840 2036 -0.16296785212862203
1840 1854 1.6490931971019434
1840 1841 -0.49310887350195687
1841 2037 -0.3299304760638288
1841 1855 0.67630653489447412
1841 1842 -1.5695984997307169
1842 2038 0.200342759750024
1842 1856 -0.68879831593698893
1842 1843 -1.21708108797388
1843 2039 1.6811017283324989
1843 1857 1.6784453769687129
1843 1844 1.3070008264004693
1844 2040 -1.0456269098193884
1844 1858 0.99169085804829549
1844 1845 -1.0839086726989904
1845 2041 -0.62626678044909312
1845 1859 0.69520572748542542
1845 1846 -0.21829519655230739
1846 2042 -1.2602096210639462
1846 1860 0.43664409528195752
1846 1847 0.27344638526414583
1847 2043 0.42858474274784386
1847 1861 0.86206404668748315
1834 1847 -0.72573296960098044
1848 2044 -0.88449646872357135
1848 1862 0.47909041492340143
1848 1849 1.0845366807015941
1849 2045 -0.16144729472418556
1849 1863 -0.14120365493571421
1849 1850 -0.6527780883472144
1850 2046 1.5976403006315285
1850 1864 0.18915579893380718
1850 1851 -0.54390195083046811
1851 2047 0.85366819647472536
1851 1865 -2.1686946297808936
1851 1852 -0.52654737687537045
1852 2048 -0.18858102335345914
1852 1866 0.57169270270811512
1852 1853 -1.0616019857028349
1853 2049 0.95847833278262939
1853 1867 -0.24168210681535546
1853 1854 0.26821374062699027
1854 2050 0.22423599672730574
1854 1868 0.48769370049159655
1854 1855 -1.6722290972056131
1855 2051 0.62541251197101444
1855 1869 -1.0971017694655567
1855 1856 -0.38129473572513589
1856 2052 0.98588895956830103
1856 1870 -0.49426428434436759
1856 1857 -1.1183277065556192
1857 2053 0.62108201410989583
1857 1871 -1.0443584626045701
1857 1858 -1.6860800509051008
1858 2054 -1.0965531292336772
1858 1872 -0.36641304736127694
1858 1859 -0.34615629365864614
1859 2055 0.048745727795630744
1859 1873 -1.5119697493103936
1859 1860 0.60601909349530281
1860 2056 -0.092156908815483218
1860 1874 -0.983156790775772
1860 1861 -0.013901289397445987
1861 2057 -1.6512799487355234
1861 1875 -0.51847999120351373
1848 1861 -0.39920977106974609
1862 2058 0.5084525470839909
1862 1876 -1.3212158629791599
1862 1863 -0.64310590740242779
1863 2059 0.68573702854543828
1863 1877 0.048846833160381374
1863 1864 2.5805771772674766
1864 2060 0.63468383190035216
1864 1878 0.0087530478290374723
1864 1865 0.32566638595182656
1865 2061 -0.71703955271584163
1865 1879 -0.42447225823219287
1865 1866 -0.40903643806643936
1866 2062 -0.12982489492828675
1866 1880 -1.4764991172570692
1866 1867 0.18743521215855968
1867 2063 1.3259762470008938
1867 1881 0.67041661768107574
1867 1868 1.0292155092220252
1868 2064 0.6162936370924027
1868 1882 -0.81459378657429837
1868 1869 -1.9146890815554387
1869 2065 -0.084667912106352869
1869 1883 0.18457369172947793
1869 1870 -0.44201922145410305
1870 2066 -0.46422411633783106
1870 1884 0.018468679368445581
1870 1871 1.3941941928939114
1871 2067 0.80619300428726992
1871 1885 0.65046426335421714
1871 1872 -0.10453773601488567
1872 2068 -0.69179296685243641
1872 1886 -0.18417264898925964
1872 1873 0.067424933428327644
1873 2069 0.12075431469563828
1873 1887 0.58421937055796591
1873 1874 1.734814044167547
1874 2070 1.4468917702707234
1874 1888 0.75149577685435354
1874 1875 -0.93683876888803952
1875 2071 0.74213098386676468
1875 1889 -0.52773486463160035
1862 1875 1.6044929897751061
1876 2072 -0.61820550935340923
1876 1890 -0.85908216131928905
1876 1877 -1.4430788707935303
1877 2073 -0.42304261976560181
1877 1891 -1.6448673944793735
1877 1878 0.18545367841489299
1878 2074 -0.0078126108626270906
1878 1892 -1.0635303321331171
1878 1879 0.47773200014537709
1879 2075 -1.6268917400828795
1879 1893 1.295832916994559
1879 1880 1.3602281561959202
1880 2076 -0.80147517506781063
1880 1894 1.6947481764317307
1880 1881 -0.56904132940586793
1881 2077 -0.78575521038116924
1881 1895 1.3987060080747074
1881 1882 -1.4100149230302599
1882 2078 -1.9378205391211223
1882 1896 -0.0065709708748233706
1882 1883 -1.7119700305632888
1883 2079 0.56397055887463077
1883 1897 0.28818381026860079
1883 1884 1.4905664614442065
1884 2080 0.72224763865045205
1884 1898 -1.1010647119099677
1884 1885 -0.46393214607424849
1885 2081 -0.16926078376780682
1885 1899 2.1913847170679563
1885 1886 0.84538730910491422
1886 2082 -0.79618580399112937
1886 1900 0.78494865742835596
1886 1887 1.0539324014212135
1887 2083 -0.82887844853686943
1887 1901 0.40466662672671444
1887 1888 0.59261049816769684
1888 2084 -1.4023490903446321
1888 1902 0.19412946085549945
1888 1889 0.34497521608214632
1889 2085 -0.36674731132999522
1889 1903 -1.0310920075969701
1876 1889 1.7377169692724825
1890 2086 0.30508191774553894
1890 1904 1.1076173838820296
1890 1891 0.55406991471085576
1891 2087 0.75796967804472493
1891 1905 -1.7644378637068321
1891 1892 -0.96294681540238258
1892 2088 0.26839416922466519
1892 1906 0.12576072203048194
1892 1893 -0.70619843024976148
1893 2089 -0.8075985605691105
1893 1907 0.3117350601986324
1893 1894 -0.9602590940910809
1894 2090 0.035753656794085077
1894 1908 -0.62986372115970302
1894 1895 -0.26595955289841372
1895 2091 -0.88365010611031913
1895 1909 1.0009124286080135
1895 1896 -1.7656682798195378
1896 2092 -0.86689839562680826
1896 1910 -0.29570866091216164
1896 1897 -0.84257882154567487
1897 2093 -1.9831309902204923
1897 1911 -1.9547687604138637
1897 1898 -0.67502843352112418
1898 2094 0.33266539967848002
1898 1912 0.97801524624559211
1898 1899 0.60383661521314824
1899 2095 -0.10389583296532415
1899 1913 -1.5089427328969307
1899 1900 -0.25671624980663849
1900 2096 -0.89408010401453619
1900 1914 0.42913556001369335
1900 1901 0.93701113662517466
1901 2097 0.38681122235121784
1901 1915 -0.61310470196972333
1901 1902 0.40490279506398219
1902 2098 0.018487622401249661
1902 1916 -0.12044485527764008
1902 1903 0.084204878742924885
1903 2099 -0.59814282798556828
1903 1917 1.2047020026690847
1890 1903 -0.59534233974957396
1904 2100 0.82652276541872904
1904 1918 -0.13747760454355745
1904 1905 -1.4913799312427412
1905 2101 -0.17523734054770751
1905 1919 0.21040286899223026
1905 1906 0.61261619594187589
1906 2102 0.38446400543191289
1906 1920 -0.67088251938932619
1906 1907 -0.30860594195891256
1907 2103 0.39616452131472324
1907 1921 1.457573466017247
1907 1908 0.944020526564324
1908 2104 0.43302594923839394
1908 1922 -0.52993412183709032
1908 1909 0.64229703389942006
1909 2105 0.12522466827525833
1909 1923 -0.99087973508749572
1909 1910 -0.044916408028334666
1910 2106 0.35721735475402933
1910 1924 -0.66178942542779784
1910 1911 0.20894745060364397
1911 2107 -0.91972805585433326
1911 1925 -0.67999673646142567
1911 1912 -0.07184287141005731
1912 2108 -1.6342735399769963
1912 1926 -1.0398568172145271
1912 1913 0.33339540527694983
1913 2109 -1.8521687678622567
1913 1927 0.28553351561136048
1913 1914 1.5025370314358939
1914 2110 0.019142617026914725
1914 1928 -0.062616154918112329
1914 1915 1.4576365141365959
1915 2111 -0.43844121349982329
1915 1929 -0.99824132649806729
1915 1916 -0.37671400452750498
1916 2112 0.85506561588193508
1916 1930 1.053775491614984
1916 1917 0.49686245774937454
1917 2113 0.41568746208779389
1917 1931 0.68042806596531236
1904 1917 0.64695752854596933
1918 2114 0.27050724249213493
1918 1932 0.59780520230820788
1918 1919 -1.8542784766317117
1919 2115 -0.48135149820397144
1919 1933 0.45206502660469022
1919 1920 0.76842129047341123
1920 2116 1.1025818979184345
1920 1934 -0.61929599887624742
1920 1921 -1.724631823555393
1921 2117 -1.342974556832047
1921 1935 -0.14035946388229723
1921 1922 0.25506412394193528
1922 2118 0.019055479742884938
1922 1936 -1.7203102073327918
1922 1923 -0.86567438329423307
1923 2119 1.8283212116486729
1923 1937 0.49632936788159532
1923 1924 0.4249309335345533
1924 2120 0.7023905094464391
1924 1938 -1.4805722921690367
1924 1925 1.8660979367333927
1925 2121 1.045066789479401
1925 1939 -0.65238665291694842
1925 1926 -0.0099314434697283811
1926 2122 -0.62139061234686521
1926 1940 -1.1034962099037378
1926 1927 -1.0149946478777245
1927 2123 -2.1942250636125089
1927 1941 -1.6519933610339133
1927 1928 0.53292752148471279
1928 2124 1.1138481344038629
1928 1942 2.1224480650727497
1928 1929 -0.29959409427749778
1929 2125 2.3652813856670436
1929 1943 0.2925111789002619
1929 1930 -0.92771057086747122
1930 2126 -1.3812606606037943
1930 1944 -1.5011618251925083
1930 1931 0.3170940457457001
1931 2127 1.0427443591067185
1931 1945 -1.5716075820264195
1918 1931 -2.4827433436525181
1932 2128 -1.103974592528463
1932 1946 -0.69640174324007476
1932 1933 0.56273924733882941
1933 2129 0.23121876453852613
1933 1947 -0.13035099128050656
1933 1934 -2.4497722568725213
1934 2130 -1.0272856971837461
1934 1948 0.36936478368542774
1934 1935 0.49719199375503048
1935 2131 -0.044854483758115321
1935 1949 0.97771389047285029
1935 1936 0.79331716999171731
1936 2132 -1.1624052037282382
1936 1950 -0.94975839320672562
1936 1937 -1.7140346803631235
1937 2133 -0.55953211450298079
1937 1951 1.0526801623103352
1937 1938 -1.1389252526582656
1938 2134 0.39451503171699037
1938 1952 -0.22229368521106871
1938 1939 -1.7715167636835167
1939 2135 -0.31504600571548663
1939 1953 1.917831167056129
1939 1940 0.96431358709788562
1940 2136 -0.97695378315240411
1940 1954 0.69046879133142214
1940 1941 -1.2302653827323984
1941 2137 0.50232533047048022
1941 1955 0.76696806996432376
1941 1942 -3.0251708089306932
1942 2138 1.4706669518397528
1942 1956 -0.20381740555100941
1942 1943 -0.7295038877051172
1943 2139 -0.52225287587312064
1943 1957 -0.51778225037020176
1943 1944 1.7458778887452344
1944 2140 1.8456304768964658
1944 1958 0.018498994059123905
1944 1945 -0.16712816045831386
1945 2141 -1.671771314464904
1945 1959 -0.082166989285537256
1932 1945 -0.92879701304063522
1946 2142 0.63070930541916326
1764 1946 0.96511069830985663
1946 1947 0.39360020296953097
1947 2143 0.88282415747787468
1765 1947 0.22845478289988144
1947 1948 0.28920604600285471
1948 2144 0.83765827596956233
1766 1948 0.78169532538716935
1948 1949 -1.2021613369453141
1949 2145 0.0017329270405593788
1767 1949 0.37800851562618548
1949 1950 -0.50933998461549967
1950 2146 0.071997072079767396
1768 1950 0.20822145151666832
1950 1951 0.010818731098372268
1951 2147 -0.13703569303685148
1769 1951 0.032444988330153052
1951 1952 1.195972236288531
1952 2148 -0.047824088391178306
1770 1952 -0.45896010236394263
1952 1953 0.97674670955710508
1953 2149 -0.002428797462626169
1771 1953 -1.664630661248788
1953 1954 -1.8756125907974399
1954 2150 -0.34876660456803887
1772 1954 -0.094693657676391582
1954 1955 1.2414311555086233
1955 2151 -1.851052619722634
1773 1955 0.067517793552529112
1955 1956 -0.70950721658468074
1956 2152 1.5480493964071085
1774 1956 -1.022808005992585
1956 1957 1.2173148073175448
1957 2153 0.87295885232710602
1775 1957 0.39477501849383495
1957 1958 0.5859911653062172
1958 2154 0.59495602096690781
1776 1958 0.34526436568539604
1958 1959 -1.2516413732655625
1959 2155 -2.0776558687530091
1777 1959 -0.49885409247084567
1946 1959 1.5303929136172092
1960 2156 1.2053654511324992
1960 1974 1.0099380141354786
1960 1961 0.17185151863750073
1961 2157 -0.33752799070292688
1961 1975 0.15124883314865678
1961 1962 -0.070539788790217023
1962 2158 0.82901912635879893
1962 1976 0.67263610150654374
1962 1963 0.170030124450822
1963 2159 0.50665496553772005
1963 1977 0.36583075472994947
1963 1964 1.0931228287263084
1964 2160 -2.5138069426161951
1964 1978 1.0589194741174652
1964 1965 1.3013335449521168
1965 2161 -1.3138993665367589
1965 1979 -0.4151995918932479
1965 1966 0.94287593083145682
1966 2162 -1.3576392356899649
1966 1980 0.29062208292977126
1966 1967 -0.042874656594701181
1967 2163 -0.95254236468988407
1967 1981 0.4915501176402276
1967 1968 -1.1344160083844879
1968 2164 -0.98929046933754616
1968 1982 0.97495319628807331
1968 1969 0.41302761876991623
1969 2165 -0.034740753935194039
1969 1983 -1.8303281327159917
1969 1970 -0.07994513000465138
1970 2166 -0.054806281277298571
1970 1984 -0.52760715090506016
1970 1971 0.64480087339955561
1971 2167 -0.41514286163131048
1971 1985 0.13290042692345205
1971 1972 -0.32354726245139265
1972 2168 0.038428562210130669
1972 1986 0.038013051567118331
1972 1973 0.86528005049287893
1973 2169 -1.9238514675781813
1973 1987 -0.29455007338714195
1960 1973 1.1002891870223555
1974 2170 1.012707132892652
1974 1988 -0.15135403155817595
1974 1975 0.81763390111095136
1975 2171 1.4177116079980987
1975 1989 2.6609420327821969
1975 1976 -1.0992412389359469
1976 2172 -0.74502708154886899
1976 1990 0.91304121988392317
1976 1977 -0.37292875325050062
1977 2173 0.17459461377109575
1977 1991 -1.0778238640911608
1977 1978 -0.034778480235263441
1978 2174 0.87298238851881527
1978 1992 -1.6430940048506544
1978 1979 -1.9651487472710312
1979 2175 1.2813217392273466
1979 1993 -0.49077331294067827
1979 1980 -0.63110587625500092
1980 2176 0.50209942260865181
1980 1994 1.3469167522804752
1980 1981 1.804725639272406
1981 2177 0.7436782878511794
1981 1995 1.3525213171245403
1981 1982 -0.72937663127554986
1982 2178 1.2079906907077864
1982 1996 0.66354030288288879
1982 1983 0.071878475400986755
1983 2179 0.98947391767905868
1983 1997 0.2204445957349245
1983 1984 -0.05152178021212777
1984 2180 1.3800186312683462
1984 1998 -0.48255872201043859
1984 1985 -0.34785479580346046
1985 2181 -1.1242152534190122
1985 1999 0.28737512586354846
1985 1986 -0.37778743137380211
1986 2182 -0.81729183006865591
1986 2000 3.2827607033072352
1986 1987 -1.377934383106592
1987 2183 -0.24425721120967867
1987 2001 0.27991514243842869
1974 1987 -1.0487689074166666
1988 2184 -0.34633924948924955
1988 2002 -0.18760610043554796
1988 1989 1.4746397480621967
1989 2185 1.7581413242663324
1989 2003 0.72181226353889438
1989 1990 0.99292362000849943
1990 2186 0.18084241409083673
1990 2004 0.81251065205846951
1990 1991 0.53166709646493182
1991 2187 1.9978482398343336
1991 2005 -1.4232759535777013
1991 1992 -0.28703190584879917
1992 2188 0.78278535561106932
1992 2006 1.11105987109794
1992 1993 0.86605320434390365
1993 2189 0.80303214338588347
1993 2007 0.058480059189848582
1993 1994 -0.058883487926187951
1994 2190 1.4584790089830868
1994 2008 0.97428992555234584
1994 1995 0.64991447279403269
1995 2191 0.038267703802815647
1995 2009 0.067321548381304774
1995 1996 -0.18388957963172151
1996 2192 -1.0425931637173536
1996 2010 -0.058636198373942308
1996 1997 0.47387816528170157
1997 2193 -1.2097714398595789
1997 2011 -0.96066505059232021
1997 1998 1.2815152386147552
1998 2194 0.34322371139573016
1998 2012 1.3736787361855261
1998 1999 0.73194498725435009
1999 2195 0.96439727671799891
1999 2013 1.807356055167586
1999 2000 -0.096692761510921488
2000 2196 1.038091691001104
2000 2014 -0.063524325179914992
2000 2001 0.0078763671816390931
2001 2197 -0.63637418449501282
2001 2015 -0.64349946885083453
1988 2001 -1.0867611492206313
2002 2198 1.2932361065865172
2002 2016 -0.69090848083540191
2002 2003 0.42944792005321136
2003 2199 -0.094825722588011849
2003 2017 1.0146230586885405
2003 2004 -0.039931996833458827
2004 2200 -0.1455760112671457
2004 2018 -1.4503283074119384
2004 2005 -1.9668386981126902
2005 2201 0.44380985263419792
2005 2019 0.97765402607337437
2005 2006 -1.0205677537766278
2006 2202 0.38878988752537813
2006 2020 -1.2841906295989589
2006 2007 -1.1465922348981656
2007 2203 -0.38894614068634281
2007 2021 -1.8194987633813227
2007 2008 0.20652593592163379
2008 2204 -1.229826777843493
2008 2022 0.47047037874311243
2008 2009 -0.31160255865233538
2009 2205 0.18864146754737224
2009 2023 0.59894197979826658
2009 2010 -0.71840144014682983
2010 2206 1.5680020133499351
2010 2024 -0.059877551665464247
2010 2011 -0.81382139949338772
2011 2207 0.24286762525538805
2011 2025 -1.2483286610005055
2011 2012 -0.56740060921442548
2012 2208 -0.32311784243765596
2012 2026 -0.10373788393803651
2012 2013 -0.14571815432168525
2013 2209 0.21840978213249904
2013 2027 1.1001660073782014
2013 2014 0.75772166119957496
2014 2210 -0.035557595247102627
2014 2028 0.51674580158152894
2014 2015 -0.1063665371619598
2015 2211 0.032975049850980813
2015 2029 -1.3464646363056554
2002 2015 0.82385026464883393
2016 2212 -2.4421903688353428
2016 2030 -0.47596906357917895
2016 2017 -0.55085221149596897
2017 2213 1.1163852215721226
2017 2031 0.3152507562306483
2017 2018 1.0117597127590665
2018 2214 -1.3346211493616793
2018 2032 -2.0675224945694248
2018 2019 -0.21182778757274087
2019 2215 -0.45646330710745747
2019 2033 0.20181163331900259
2019 2020 -1.0330147633967817
2020 2216 0.4640883449849616
2020 2034 -0.83072342022166035
2020 2021 1.1227994596275623
2021 2217 -0.51415028127397222
2021 2035 -0.81387905803923266
2021 2022 1.2566242554491089
2022 2218 -0.51121411313522092
2022 2036 -1.8920576961520741
2022 2023 0.92129762936231263
2023 2219 -1.3421238177955321
2023 2037 -0.56835848009405809
2023 2024 -1.0854242331716208
2024 2220 1.0762439549392451
2024 2038 -2.0504344137518569
2024 2025 -1.6834331407792924
2025 2221 -0.87019640601468906
2025 2039 -0.64201731127584383
2025 2026 1.3770379952597573
2026 2222 1.9118123316287345
2026 2040 1.2153566213125264
2026 2027 0.82259031352411582
2027 2223 1.2043324995884781
2027 2041 -1.6611186756854244
2027 2028 -0.4137994186211334
2028 2224 0.91091496516892012
2028 2042 1.0205318930530982
2028 2029 0.34478608632267299
2029 2225 0.82595462891289351
2029 2043 0.38159775947221386
2016 2029 -0.18165326316930075
2030 2226 -1.0021577314784273
2030 2044 -0.42414917781830941
2030 2031 -0.10514322452143238
2031 2227 1.3392877041787534
2031 2045 -0.89065201783153958
2031 2032 -0.30793735202086686
2032 2228 -2.3125906705837918
2032 2046 -0.63689063108365629
2032 2033 -0.21188832948839911
2033 2229 1.0617270877725129
2033 2047 0.56340433376596089
2033 2034 0.70838574434071544
2034 2230 0.015585382628465878
2034 2048 -0.83318262721624259
2034 2035 -0.86542109839206416
2035 2231 -1.2026448823853011
2035 2049 -2.2614331877459781
2035 2036 -0.031369535654654009
2036 2232 0.35053278392164494
2036 2050 -0.27410964166996776
2036 2037 0.80098198759058381
2037 2233 0.86858232331369867
2037 2051 -0.27710094846222921
2037 2038 0.7736362917408679
2038 2234 0.77618679047657568
2038 2052 0.29369101287239169
2038 2039 0.18703131372648668
2039 2235 -0.17120068266989477
2039 2053 -0.71691258827038196
2039 2040 -1.0984565568921607
2040 2236 2.0975856363652374
2040 2054 -1.1365618363301304
2040 2041 -1.2679842952844624
2041 2237 -0.471179680575603
2041 2055 -0.250700888245244
2041 2042 -0.63154786479258229
2042 2238 -1.8978120707572737
2042 2056 -1.2247324305429466
2042 2043 0.33672479811208217
2043 2239 -0.12421769509799713
2043 2057 -0.71776297559636604
2030 2043 -0.84755558066936865
2044 2240 -2.0065192617700616
2044 2058 3.0959903873108865
2044 2045 0.86394304947412948
2045 2241 -0.33407841057583437
2045 2059 1.8223606377727282
2045 2046 1.7384646555844292
2046 2242 -0.73286823879803231
2046 2060 0.77678733271895284
2046 2047 -0.33870679323637964
2047 2243 0.53807912630745569
2047 2061 -0.94969074362713124
2047 2048 -2.5555017177626156
2048 2244 0.97626881455455772
2048 2062 0.59105631837628958
2048 2049 -0.66806009915672093
2049 2245 -1.7850444498647993
2049 2063 -0.38169867423211484
2049 2050 0.33887544865350883
2050 2246 -0.53944472506630348
2050 2064 1.4886529546637954
2050 2051 0.57032797195290075
2051 2247 -0.058903928870501963
2051 2065 0.66184187575181375
2051 2052 0.78239366694756718
2052 2248 1.0943502574132944
2052 2066 1.6026957173451766
2052 2053 0.69781480298370591
2053 2249 0.73183657662350943
2053 2067 1.2450746342207897
2053 2054 0.71504446681820344
2054 2250 -1.2611923421290652
2054 2068 -1.2438510653303609
2054 2055 0.55800865105117348
2055 2251 -0.10145055757061298
2055 2069 0.61675079472150618
2055 2056 -1.0975967013215366
2056 2252 -0.12516960464290791
2056 2070 -0.840434626025371
2056 2057 2.1359565847928792
2057 2253 2.643585488383478
2057 2071 1.4368039948735343
2044 2057 0.81448453748539307
2058 2254 -0.17942817410553438
2058 2072 0.085303617060100159
2058 2059 0.42437323323264775
2059 2255 1.0704408907453828
2059 2073 0.011045273417705103
2059 2060 1.0082775969321005
2060 2256 0.79056514663287536
2060 2074 0.38805794484261202
2060 2061 1.2704950783142495
2061 2257 0.24751852398461335
2061 2075 0.44356386184991553
2061 2062 1.6771696336439939
2062 2258 -3.8334888913577112
2062 2076 -1.2306691799991787
2062 2063 -0.69314899581599043
2063 2259 1.1522775099089821
2063 2077 0.43866939989868958
2063 2064 0.3813396343019238
2064 2260 -0.16628413252905702
2064 2078 -0.93122143526298018
2064 2065 0.52195140714983568
2065 2261 1.386470283666988
2065 2079 -1.2064274964625938
2065 2066 1.312881570721574
2066 2262 1.1282346337118956
2066 2080 1.2555985228825663
2066 2067 0.41081588920275702
2067 2263 0.12815990230765734
2067 2081 -0.090064785080885237
2067 2068 -1.9514106330390788
2068 2264 0.0083674698638762177
2068 2082 -0.20841394216820774
2068 2069 1.0631233326433962
2069 2265 0.58190348962860039
2069 2083 -0.64541839877686702
2069 2070 -0.40475268080007121
2070 2266 -1.0265211844500415
2070 2084 -0.77694715541309078
2070 2071 -0.7304883841843165
2071 2267 -0.17126222673025157
2071 2085 -0.85658344684946208
2058 2071 0.081956989541433614
2072 2268 0.48408657854560172
2072 2086 0.69621798611509844
2072 2073 0.95102311852016475
2073 2269 -0.22238446706083556
2073 2087 -0.22217136295700238
2073 2074 0.046921480237994126
2074 2270 -0.02839078654777645
2074 2088 0.8666052129732682
2074 2075 0.35160173753036644
2075 2271 1.1732285339431197
2075 2089 1.0557392738577056
2075 2076 -1.2221418290302997
2076 2272 -0.27374670826775432
2076 2090 -1.515135894928014
2076 2077 -1.7813953174652437
2077 2273 1.6681433824801939
2077 2091 0.90578454519313656
2077 2078 0.48490655991323234
2078 2274 0.23292603575381179
2078 2092 0.36342803364286924
2078 2079 -1.0339228201502222
2079 2275 0.96761926824292033
2079 2093 -0.70217560165928827
2079 2080 1.9728548098834942
2080 2276 -1.1609846447847378
2080 2094 0.47760596963182933
2080 2081 1.1142773136802759
2081 2277 -1.2701194087124934
2081 2095 -0.8582646913891302
2081 2082 -0.51823072130400105
2082 2278 -0.66038855840765509
2082 2096 0.12516422477371575
2082 2083 0.65645237538820089
2083 2279 -0.96177316924621525
2083 2097 0.38850437397583748
2083 2084 0.8333482560147577
2084 2280 -0.53072813904902916
2084 2098 0.6752540619741918
2084 2085 -1.3270979410245061
2085 2281 -0.69605315675267088
2085 2099 0.19963779204367438
2072 2085 -0.74195796956654303
2086 2282 -0.62448800149139694
2086 2100 -0.54070782062732259
2086 2087 -0.32871289678195631
2087 2283 0.26304546537720191
2087 2101 -0.32096308609031454
2087 2088 0.41773711716474354
2088 2284 0.31685428630351542
2088 2102 1.3748300598888896
2088 2089 1.5173824166610983
2089 2285 -1.3682852820926288
2089 2103 -0.80995309024660689
2089 2090 -0.51833684106428568
2090 2286 -1.4021431497188117
2090 2104 -1.7775529618012071
2090 2091 -0.39343260524989726
2091 2287 0.28075819959677856
2091 2105 -0.093889364446792342
2091 2092 -0.0033079129200197909
2092 2288 1.2365842645120217
2092 2106 -0.91745705966533608
2092 2093 0.21899262059292463
2093 2289 -0.30837164376308179
2093 2107 -0.069162196452698985
2093 2094 -0.20826701845138415
2094 2290 -0.14709949472380918
2094 2108 -1.5629821210646326
2094 2095 0.65281628090405175
2095 2291 0.6169535858214652
2095 2109 0.37180863881298376
2095 2096 -1.9965799408606306
2096 2292 0.72874546571903154
2096 2110 0.76962728066509789
2096 2097 1.3935976121978404
2097 2293 -1.1091533152798063
2097 2111 -0.39869250014278229
2097 2098 0.80448920387239409
2098 2294 0.010084705187937174
2098 2112 -1.2766293772576689
2098 2099 0.77912478165229349
2099 2295 0.021065226398995489
2099 2113 1.1962668338959224
2086 2099 -1.5443213838515053
2100 2296 -1.5460781771058949
2100 2114 -0.23072769615672145
2100 2101 0.21973656733896199
2101 2297 -1.3723562177095394
2101 2115 -1.0094029417424804
2101 2102 -0.84260392579056465
2102 2298 -1.3759215406905614
2102 2116 -0.53998133104721868
2102 2103 0.55027027301206333
2103 2299 0.15830021711634273
2103 2117 -0.65666894041381108
2103 2104 -1.2083642088115096
2104 2300 0.72004986837765139
2104 2118 1.7180803174677084
2104 2105 1.4470908657002601
2105 2301 0.59473539027900024
2105 2119 0.7024718025837009
2105 2106 0.73187721328029376
2106 2302 0.75021161390587099
2106 2120 0.61681574848725507
2106 2107 1.6811240241135201
2107 2303 0.18387761813402195
2107 2121 0.69369242640781525
2107 2108 1.7206796529321433
2108 2304 -0.34119524108546068
2108 2122 0.40244974798529998
2108 2109 -2.0117830418445153
2109 2305 -0.92640135240574306
2109 2123 0.26071534101165988
2109 2110 -0.16639437500866402
2110 2306 1.9199030789241636
2110 2124 -0.0907240892176885
2110 2111 0.6988905642614136
2111 2307 -0.23372827356847337
2111 2125 0.17084123265453599
2111 2112 0.43264619619650313
2112 2308 1.7025404535150492
2112 2126 0.28207115219953999
2112 2113 -1.261701778758018
2113 2309 -0.90311295035245154
2113 2127 0.4000511289929799
2100 2113 0.18741387228078227
2114 2310 0.048307490365339677
2114 2128 -1.8610344378546986
2114 2115 0.44257645930177247
2115 2311 -1.8772052895006848
2115 2129 -1.6824821814168187
2115 2116 -0.2678872281391419
2116 2312 -1.4285882665210847
2116 2130 -1.0826460662047208
2116 2117 -0.38671632439239523
2117 2313 0.48656855181260461
2117 2131 1.1553175298715321
2117 2118 -0.56954235395707953
2118 2314 -2.7920247844057151
2118 2132 -0.42816882636178533
2118 2119 -1.2680966678211298
2119 2315 -1.5012389501156516
2119 2133 0.34373513131912059
2119 2120 1.7363922614300411
2120 2316 0.0054404166873873771
2120 2134 1.5357528795760296
2120 2121 -0.52743281784516149
2121 2317 1.2202955849886137
2121 2135 -0.16743242370508202
2121 2122 -1.6588062486882431
2122 2318 -0.51225272960710044
2122 2136 0.37850793917207387
2122 2123 -1.2269780199280131
2123 2319 1.1859526628314099
2123 2137 -0.83056165555356165
2123 2124 -0.97924843844843135
2124 2320 -0.41414697047049887
2124 2138 0.090646654057385645
2124 2125 -1.4114724250490716
2125 2321 -1.4582729400680989
2125 2139 -1.8526025590553672
2125 2126 -1.1217958283019387
2126 2322 1.1521202016501408
2126 2140 0.23929825808099783
2126 2127 0.30011072393866756
2127 2323 -0.39937194339476223
2127 2141 0.70970633258766991
2114 2127 0.73455285832694495
2128 2324 -0.844170090643663
2128 2142 -0.35924326639914256
2128 2129 0.43017568615568785
2129 2325 1.9775348318486221
2129 2143 -1.5075204297207176
2129 2130 0.13421943348835474
2130 2326 0.44424607824845713
2130 2144 -0.36205784165860866
2130 2131 0.85844133797132038
2131 2327 0.077500839752255302
2131 2145 -0.43466361210788329
2131 2132 -0.16836249617903853
2132 2328 -1.4685354257791656
2132 2146 -0.04368725591386502
2132 2133 -2.6945314784156023
2133 2329 -1.7983483330852377
2133 2147 1.084471101578284
2133 2134 -0.74524453487654563
2134 2330 -0.15469437745006287
2134 2148 -0.57551078369545339
2134 2135 0.63392254734909614
2135 2331 -0.093169574552610587
2135 2149 -0.0094115339107560293
2135 2136 -0.6901126925702219
2136 2332 0.050930076889305009
2136 2150 0.82658080191133898
2136 2137 1.5842076696829899
2137 2333 1.2932518648994225
2137 2151 -0.6634496714462127
2137 2138 -0.37061456215486915
2138 2334 0.36208828040334778
2138 2152 -0.99238229220758456
2138 2139 0.16223726323029594
2139 2335 -0.39987372326642046
2139 2153 -1.5157718216772598
2139 2140 -0.0027433047804053135
2140 2336 0.34542673458128864
2140 2154 -1.1256478119616484
2140 2141 0.30134612410604172
2141 2337 0.29543699471123619
2141 2155 -1.7274893232674016
2128 2141 -1.4609095598176556
2142 2338 -0.32467309472992018
1960 2142 1.0015338829652161
2142 2143 1.1389130689115181
2143 2339 -0.84260353777941888
1961 2143 0.61712456452218611
2143 2144 -0.26992147661226829
2144 2340 -1.2059132110356092
1962 2144 0.32054748801965305
2144 2145 0.67213800931998913
2145 2341 0.91505603770376409
1963 2145 2.1870150939569308
2145 2146 0.26647903668441092
2146 2342 0.40433724907667679
1964 2146 1.5918878962495482
2146 2147 1.2160751402408063
2147 2343 2.7210490176894009
1965 2147 0.6219109551377241
2147 2148 -0.48310973105879518
2148 2344 -1.3391578757223304
1966 2148 1.318842062692815
2148 2149 -1.0863079386279328
2149 2345 2.0051344464878929
1967 2149 0.059228647760943894
2149 2150 1.1869779914950869
2150 2346 1.1587408635155554
1968 2150 -1.6785572798605535
2150 2151 0.71318301161738995
2151 2347 0.78303556036833744
1969 2151 -0.5795973074524059
2151 2152 -1.0962275923126035
2152 2348 -0.70642826673737558
1970 2152 -0.052455838758829768
2152 2153 -0.39711610503177502
2153 2349 -0.58236119108338291
1971 2153 -1.9219454070612552
2153 2154 -0.66933369827832767
2154 2350 0.53796898304923935
1972 2154 1.0906758071795162
2154 2155 -0.56257793187335314
2155 2351 -0.5853852877994038
1973 2155 -1.4228281545523882
2142 2155 -0.85711994772430111
2156 2352 -0.3040929752023474
2156 2170 -0.39039767703193762
2156 2157 0.35244755352399071
2157 2353 -0.16373949353604852
2157 2171 0.22955716087422331
2157 2158 -0.39809878439459917
2158 2354 -0.53217784459845696
2158 2172 -0.4487152830212956
2158 2159 -1.3883903393661152
2159 2355 1.1129764000714153
2159 2173 -0.12086475842131991
2159 2160 1.2669213645277253
2160 2356 0.8461779348900953
2160 2174 -0.051762940098047258
2160 2161 -0.0037742411549913459
2161 2357 -1.004029471863674
2161 2175 -1.4906395531606251
2161 2162 0.99553298037280413
2162 2358 -0.48666464694494432
2162 2176 0.41329455724960978
2162 2163 0.089771097396034463
2163 2359 -1.1047053702362284
2163 2177 0.49588701743464791
2163 2164 0.033546676601568397
2164 2360 0.63072731946124216
2164 2178 -0.46487335856485296
2164 2165 0.48400243849036007
2165 2361 -0.076151954466050886
2165 2179 0.22394373927807384
2165 2166 0.4024903324796158
2166 2362 2.1625561954260744
2166 2180 1.4903562011633835
2166 2167 2.100284669257547
2167 2363 1.1511656884756827
2167 2181 -0.55670044965232535
2167 2168 2.8098331732099977
2168 2364 1.7034336755583892
2168 2182 -0.16589038430099931
2168 2169 0.56644889220913164
2169 2365 -0.027833713962331776
2169 2183 -0.74344038685260427
2156 2169 -0.94645170685837909
2170 2366 -1.4076301221094096
2170 2184 -0.92557157496492937
2170 2171 0.20364427124794388
2171 2367 -0.65884237416356606
2171 2185 -1.1215613441445951
2171 2172 -0.74864743842059334
2172 2368 1.8416509085165942
2172 2186 1.5637165224754552
2172 2173 0.25972272993695156
2173 2369 -1.9516982460892012
2173 2187 1.1434813413081455
2173 2174 -1.4749049584760965
2174 2370 -0.47722680307064025
2174 2188 -0.72733929984055035
2174 2175 0.20465731618857777
2175 2371 0.79108475505592502
2175 2189 0.19508545669449828
2175 2176 1.2476314722971629
2176 2372 0.7464862418590853
2176 2190 1.087969224495811
2176 2177 -0.10247645570492606
2177 2373 -0.14194253913988997
2177 2191 -1.0148874780781392
2177 2178 0.19991449468813852
2178 2374 0.35774571300644803
2178 2192 1.3725358633169533
2178 2179 -0.54888424590614548
2179 2375 1.0316584430131559
2179 2193 1.028750689465467
2179 2180 0.1950825136742789
2180 2376 -0.15669716697773053
2180 2194 -0.061315599444708567
2180 2181 0.21236065335063739
2181 2377 -0.098822740674177345
2181 2195 -1.1661165073028064
2181 2182 0.54097330394688292
2182 2378 0.96268589981812558
2182 2196 -0.88852245746488578
2182 2183 -0.45407818583373738
2183 2379 -0.075087648797250897
2183 2197 0.91530879523790165
2170 2183 0.5916149345507139
2184 2380 -0.30982946788778754
2184 2198 1.7137126180013464
2184 2185 -0.72601533951415187
2185 2381 0.1474173172402973
2185 2199 1.7440318913723449
2185 2186 0.15205670526637385
2186 2382 1.1620968084113699
2186 2200 -0.53421770135328606
2186 2187 0.8390396941747158
2187 2383 0.072929160168719254
2187 2201 1.0307376951072784
2187 2188 -0.53896547143074036
2188 2384 -1.4035838454562501
2188 2202 0.71166474292141646
2188 2189 -0.92955268441101369
2189 2385 0.20429912540550169
2189 2203 -0.44524515357428585
2189 2190 1.0590863289567838
2190 2386 0.7634546846704221
2190 2204 0.031867504269831419
2190 2191 1.0062403765486045
2191 2387 1.1893533479914782
2191 2205 -0.40822265773737476
2191 2192 -1.0212951561831312
2192 2388 0.53162181863568192
2192 2206 -1.2048756782130037
2192 2193 0.3697954374965115
2193 2389 -0.15221699090765925
2193 2207 -0.038934853747104238
2193 2194 0.18785431126013949
2194 2390 0.65004737767743925
2194 2208 1.1526800519294564
2194 2195 0.49038522644953414
2195 2391 -1.2203512743595029
2195 2209 -1.0904416660203236
2195 2196 -3.002855400305974
2196 2392 -0.077525875027277549
2196 2210 -0.98358248473364884
2196 2197 2.0526864822937663
2197 2393 -1.3972709479253691
2197 2211 -1.4415203985763134
2184 2197 -1.9044257760688472
2198 2394 -0.30881594274555013
2198 2212 0.97721275531181451
2198 2199 -0.67143773764632364
2199 2395 -0.08654339394209648
2199 2213 0.43515856096093852
2199 2200 -0.56719987542197725
2200 2396 -1.3206506675039886
2200 2214 -0.90610678812365619
2200 2201 1.4277713595427528
2201 2397 -0.72886113603909874
2201 2215 0.47308411339273171
2201 2202 -0.93935352980028219
2202 2398 -1.3998761806716431
2202 2216 -0.52409041323333205
2202 2203 -0.13214626335905585
2203 2399 -0.13899960637754386
2203 2217 1.2908714308799023
2203 2204 -1.0407064642771853
2204 2400 -0.37115537346028743
2204 2218 -0.83136325984191806
2204 2205 -0.19648557241635373
2205 2401 1.4002442948714304
2205 2219 0.6864775627558608
2205 2206 0.15044907704122065
2206 2402 -0.11299070621515195
2206 2220 -0.086927071567367953
2206 2207 -0.38165977965094489
2207 2403 -0.041277091633499352
2207 2221 -0.61344974951168241
2207 2208 -0.58987427808570736
2208 2404 -1.2256542653870202
2208 2222 0.37519090310805059
2208 2209 0.82164907041214785
2209 2405 0.29076268959989243
2209 2223 1.8569391546869072
2209 2210 -0.59866489104378218
2210 2406 -0.068347331273483358
2210 2224 -1.5115584176161712
2210 2211 -1.6616256955047772
2211 2407 -1.2712119504881365
2211 2225 0.095112412298123797
2198 2211 -0.70413629396585475
2212 2408 -0.11972007523782803
2212 2226 -1.4891973508751435
2212 2213 -0.29360145532621712
2213 2409 -0.0020240429951456818
2213 2227 0.71250094985234602
2213 2214 0.42373761904763957
2214 2410 -1.1434106196776221
2214 2228 0.95290163047580678
2214 2215 -0.097729409630038747
2215 2411 0.3987067456797922
2215 2229 -0.18988699653781863
2215 2216 -1.0682270658005228
2216 2412 -0.54293466773734267
2216 2230 0.48006206125180123
2216 2217 -0.87046696761573827
2217 2413 -0.87282550634811362
2217 2231 1.2257336728413604
2217 2218 0.63697950796069736
2218 2414 0.15714435891187736
2218 2232 0.57389741350519763
2218 2219 -0.83902825977630946
2219 2415 -1.0408727385663354
2219 2233 0.01299311759002416
2219 2220 -0.73079473925725635
2220 2416 0.28416208446813435
2220 2234 0.48738226287877395
2220 2221 0.05900759574265356
2221 2417 0.76465332752426829
2221 2235 -0.29488835538772112
2221 2222 1.6063026771543432
2222 2418 -1.3510944399889209
2222 2236 -0.67019253627948794
2222 2223 -1.4386243339283451
2223 2419 1.1035056917055581
2223 2237 -1.2898260688221868
2223 2224 -1.1396073349962585
2224 2420 0.343692430561166
2224 2238 1.3241452562030225
2224 2225 -0.67317147130630883
2225 2421 -1.9545699375412535
2225 2239 -0.71873377858997367
2212 2225 -0.23688902574382006
2226 2422 1.794262120533809
2226 2240 -0.34055753855845611
2226 2227 0.7334251836271265
2227 2423 -0.37787531018803355
2227 2241 -0.69951299888096652
2227 2228 0.52963827746883907
2228 2424 1.2194618452163337
2228 2242 1.0826718899352397
2228 2229 -0.35141164803899089
2229 2425 -0.30848073829705669
2229 2243 -2.1245502207898483
2229 2230 -0.32524919811115632
2230 2426 1.1680298481931555
2230 2244 -1.3588308135692317
2230 2231 0.79946832219029507
2231 2427 -0.6181710935042779
2231 2245 0.36783190402778909
2231 2232 -1.1535976216287647
2232 2428 0.27937104837630783
2232 2246 -2.4647536785959443
2232 2233 0.48797494423424836
2233 2429 -0.43516031646414849
2233 2247 0.91563770272029554
2233 2234 -1.2205007225060875
2234 2430 0.37583691646638778
2234 2248 0.69263890577931897
2234 2235 -0.32057734651608139
2235 2431 -0.032219442197384728
2235 2249 -1.1289941448702661
2235 2236 -0.83121127530843297
2236 2432 -1.1274646178914174
2236 2250 0.15971525069077677
2236 2237 0.015385449395536844
2237 2433 -0.36423195971446615
2237 2251 0.2281243801186407
2237 2238 0.75595313571512257
2238 2434 -1.0775957842788801
2238 2252 -0.16817695899478752
2238 2239 0.27013185086199165
2239 2435 1.6366500660711367
2239 2253 0.99718708084448793
2226 2239 1.268191292770011
2240 2436 -0.071734783651308476
2240 2254 -0.68727395794108415
2240 2241 -1.519755344268253
2241 2437 -1.2125479897805425
2241 2255 0.80976121831552905
2241 2242 -0.95034050513617385
2242 2438 0.20564416043619427
2242 2256 -1.6534372330465221
2242 2243 0.96874330359347183
2243 2439 0.90103728991857579
2243 2257 -0.32622297582554594
2243 2244 0.13362148787993347
2244 2440 -2.2973865327875904
2244 2258 0.92307968687024244
2244 2245 -0.92265819676568039
2245 2441 -1.3820444805892327
2245 2259 1.355590828709514
2245 2246 1.9988316653293787
2246 2442 0.67679359930834659
2246 2260 -0.10385615002064136
2246 2247 0.71153406631562632
2247 2443 -1.582256554546853
2247 2261 -1.1624015618821983
2247 2248 0.62900999028027571
2248 2444 -0.58749614284779406
2248 2262 -0.77696927563041907
2248 2249 -0.17604284481645088
2249 2445 -0.7776127839032867
2249 2263 0.070613117816322069
2249 2250 0.025610461252179723
2250 2446 -0.33749417103414514
2250 2264 1.1266001820251301
2250 2251 0.67359040257113423
2251 2447 1.0142693711166419
2251 2265 -0.4056623915417919
2251 2252 -0.89433964843191538
2252 2448 0.032865186494559988
2252 2266 -1.0861718089707715
2252 2253 1.045011863201067
2253 2449 -1.2437575621385888
2253 2267 0.97645627014132497
2240 2253 0.034182337667954241
2254 2450 -1.4040815134922775
2254 2268 0.28843594724204519
2254 2255 -0.78088360470160412
2255 2451 0.21477579240903222
2255 2269 1.5979033388380215
2255 2256 0.65281589306803056
2256 2452 1.6041898307432809
2256 2270 0.36687699428301074
2256 2257 1.6356218061965033
2257 2453 1.375567503560666
2257 2271 -0.093280026995223392
2257 2258 0.4772666066798808
2258 2454 -0.57379727830980343
2258 2272 0.02948903060013372
2258 2259 0.31993823855595827
2259 2455 0.026958147202889013
2259 2273 0.97612920104016765
2259 2260 -2.2757042383683763
2260 2456 -1.4152560340299041
2260 2274 -0.71863094322397347
2260 2261 -1.4694438693901695
2261 2457 0.23207196722145518
2261 2275 0.44754572446391105
2261 2262 -1.0798631465478774
2262 2458 -1.1598402265392314
2262 2276 0.87631050445899084
2262 2263 2.5493874188062402
2263 2459 -0.33743547460820034
2263 2277 -0.91314715745191788
2263 2264 2.25510957866241
2264 2460 0.44352167249695845
2264 2278 -2.0741769811176964
2264 2265 0.546774734605182
2265 2461 0.58749847574936653
2265 2279 -1.3537250962655649
2265 2266 1.0676395394711178
2266 2462 1.2297286934494041
2266 2280 1.9390847168658178
2266 2267 -0.5179645956018798
2267 2463 0.10520449213344947
2267 2281 -0.59550037484174367
2254 2267 0.15561975857928861
2268 2464 0.18148851201396229
2268 2282 1.5889418362969179
2268 2269 0.64015700469375447
2269 2465 0.12345640647498925
2269 2283 -0.9611446666216279
2269 2270 -1.0503266451884812
2270 2466 1.0366083348625068
2270 2284 1.1089676234783439
2270 2271 0.63248201520081604
2271 2467 -1.036675556564959
2271 2285 0.99412421795744377
2271 2272 0.35596135008461272
2272 2468 0.36420918641318162
2272 2286 0.7285811104419968
2272 2273 0.27723364858492988
2273 2469 0.5364126998731642
2273 2287 0.76315961980371705
2273 2274 -0.27541504925966742
2274 2470 -0.57653039527137817
2274 2288 2.3905052702722958
2274 2275 0.018794898180601004
2275 2471 0.0023554064349039228
2275 2289 0.17920647283348831
2275 2276 -0.082765699207451277
2276 2472 1.7353601389247064
2276 2290 0.16409998235666723
2276 2277 -1.642445680447939
2277 2473 1.2900583126259308
2277 2291 2.7550506000748038
2277 2278 1.3128679646598242
2278 2474 -1.138898083934035
2278 2292 -0.28565751302621378
2278 2279 0.46875576764577426
2279 2475 0.78615854762815529
2279 2293 -0.46306407088183332
2279 2280 -0.53770248530844866
2280 2476 -0.14558266783341037
2280 2294 -0.3265725254278275
2280 2281 -1.1007508619014938
2281 2477 -0.20034177297453754
2281 2295 0.61867126124532068
2268 2281 -0.45552890171372551
2282 2478 1.3415082007193857
2282 2296 0.41414611759112069
2282 2283 -0.16548321017371456
2283 2479 -0.83111123258888353
2283 2297 0.8142167616059065
2283 2284 1.7438560444726676
2284 2480 0.73377101987977644
2284 2298 -1.1297974796540622
2284 2285 -0.5066450245031594
2285 2481 -0.87262220348699238
2285 2299 0.74232172372921046
2285 2286 -2.2521131804176537
2286 2482 0.4607577606253756
2286 2300 -0.034927470616223477
2286 2287 0.067705441238577246
2287 2483 0.25724570752260445
2287 2301 -0.66105728314571122
2287 2288 1.8142066786399405
2288 2484 0.63764152930713558
2288 2302 1.3522411409780268
2288 2289 -0.44974130344506419
2289 2485 -0.30025046667511651
2289 2303 0.066410851999956264
2289 2290 0.68484660267815045
2290 2486 0.26017572970673652
2290 2304 -1.2994898235842456
2290 2291 1.2056856233600595
2291 2487 1.1239267770030295
2291 2305 -0.067258185693647388
2291 2292 -0.25424609707308199
2292 2488 -1.7336040224914431
2292 2306 -0.21183128057272493
2292 2293 0.43342892479147899
2293 2489 0.70488128799011762
2293 2307 0.098987004216354021
2293 2294 -0.062772117986416173
2294 2490 0.5657991516408607
2294 2308 -1.1337170273089658
2294 2295 0.66338437491288538
2295 2491 -0.14731298077024982
2295 2309 -0.82182786013293163
2282 2295 -0.78366425877312151
2296 2492 1.6125612633904998
2296 2310 1.608020522655323
2296 2297 -0.46506730680350372
2297 2493 -0.44046578604186881
2297 2311 0.72954509400839329
2297 2298 0.31398515206268346
2298 2494 1.1839290445958353
2298 2312 -1.4595531611797596
2298 2299 0.95353031354784246
2299 2495 0.58861752733485651
2299 2313 1.3008785040579378
2299 2300 -0.56828977211911025
2300 2496 0.47289869723046757
2300 2314 -0.28128299261975742
2300 2301 -0.36071122704414421
2301 2497 0.21338084183560124
2301 2315 1.4129085395247893
2301 2302 -0.64846532341134755
2302 2498 -1.4482914526691251
2302 2316 -0.44202721937063466
2302 2303 -0.24049824288576738
2303 2499 1.2939828632707202
2303 2317 -0.73311292508183634
2303 2304 0.17614978431879127
2304 2500 -0.35113501302597616
2304 2318 -0.20208148822274061
2304 2305 0.57829197032877067
2305 2501 0.39336152618419307
2305 2319 -0.18000403059412975
2305 2306 -2.1999157334155135
2306 2502 0.34583812672681363
2306 2320 0.84424585423380882
2306 2307 -1.0837238052671363
2307 2503 0.017371792762078415
2307 2321 1.4327503230192939
2307 2308 -1.8578884385334737
2308 2504 0.7552533112965627
2308 2322 -0.39536410543452605
2308 2309 0.3145258458298128
2309 2505 -0.71147024077989263
2309 2323 -0.53291015484999871
2296 2309 1.0176246780535942
2310 2506 -1.4729982625595066
2310 2324 -0.39851709130438651
2310 2311 -0.3828710527166404
2311 2507 1.0532359529026767
2311 2325 -1.8010822833984184
2311 2312 -0.49551186002031683
2312 2508 1.8134137620321933
2312 2326 0.26685003430505561
2312 2313 -0.61073849258525059
2313 2509 -0.10617348403116487
2313 2327 0.52499011112164995
2313 2314 -0.38713343948680468
2314 2510 0.15179915391970961
2314 2328 0.14015069997295096
2314 2315 -0.70139277303476821
2315 2511 -1.821556386017239
2315 2329 -0.041057949039764396
2315 2316 -0.34708141859342595
2316 2512 -0.47848924103243834
2316 2330 1.4924197313445813
2316 2317 0.91701928527447185
2317 2513 -1.1828873151833061
2317 2331 -0.52808892921050188
2317 2318 0.82615707561749185
2318 2514 0.43693590008873939
2318 2332 0.33052367671210586
2318 2319 0.88328852669004454
2319 2515 0.78082546899875716
2319 2333 1.5895722643114725
2319 2320 0.38397521734624418
2320 2516 -1.1693433593078888
2320 2334 1.1222168532897669
2320 2321 1.8247520682549725
2321 2517 -1.4845614998747103
2321 2335 -0.070095801127250584
2321 2322 0.027974992873484514
2322 2518 -1.9188840001979761
2322 2336 0.51880070876982298
2322 2323 0.40771837742753408
2323 2519 -1.2279370653398511
2323 2337 -0.15052637936273996
2310 2323 0.15420951020881893
2324 2520 -1.0691351652811358
2324 2338 0.68975300800259709
2324 2325 -1.6379062529967097
2325 2521 -1.6373992596702753
2325 2339 -0.43546919797703226
2325 2326 -0.71443264902667813
2326 2522 -0.65863316317028298
2326 2340 0.5858741610228102
2326 2327 -0.44628319414173462
2327 2523 0.57485129072162344
2327 2341 -0.60249107022177073
2327 2328 -0.28380639506433625
2328 2524 1.9626379139655441
2328 2342 0.79347387738115216
2328 2329 0.13017450487314344
2329 2525 -1.571589846037952
2329 2343 -0.6674388992985365
2329 2330 1.7078987426125762
2330 2526 -1.5643476742537168
2330 2344 0.6719351251165796
2330 2331 -0.50639207800356634
2331 2527 -0.1696057137015072
2331 2345 0.60850493824462282
2331 2332 0.74355488689039584
2332 2528 0.29055316784446583
2332 2346 -2.527284131757884
2332 2333 -0.20966153602741475
2333 2529 -1.7648247011425744
2333 2347 0.69421398665892531
2333 2334 -0.015018927492275546
2334 2530 -1.0128150086898593
2334 2348 1.2922343117935906
2334 2335 0.15096156517995724
2335 2531 -0.2059651198206002
2335 2349 0.013854048125572909
2335 2336 1.4072133354114111
2336 2532 -1.8861370728225266
2336 2350 0.67033990882238059
2336 2337 -0.49932459892705949
2337 2533 0.77688468893870855
2337 2351 -0.75568207413637045
2324 2337 0.028758317521731688
2338 2534 -2.2734223923718559
2156 2338 -1.1077460326300563
2338 2339 -0.014296290771840687
2339 2535 2.3274696677078439
2157 2339 -0.72477470475692352
2339 2340 -0.43032734070471779
2340 2536 1.4875143339938994
2158 2340 -0.48843467410218072
2340 2341 0.38173725575491319
2341 2537 0.52474085357475675
2159 2341 -0.14949794117339721
2341 2342 -1.8344202294942802
2342 2538 0.21810145078628929
2160 2342 -1.2000914425311897
2342 2343 -0.30025922818623196
2343 2539 0.54114981108496829
2161 2343 -1.9367753851787151
2343 2344 -0.65128831409064891
2344 2540 -0.62712628074445065
2162 2344 -1.9756788094245519
2344 2345 0.47029236659199125
2345 2541 1.0035171170209183
2163 2345 -2.0255316655777307
2345 2346 0.26315402736876875
2346 2542 -0.069281548134090293
2164 2346 0.71490505787662295
2346 2347 -1.820269451314136
2347 2543 1.1713609936513421
2165 2347 0.092345902402924882
2347 2348 1.5589232852129682
2348 2544 0.32910615806869858
2166 2348 0.53327917692252857
2348 2349 0.26864758796779342
2349 2545 1.5333015444255151
2167 2349 1.0057206238480931
2349 2350 1.0403376720502302
2350 2546 -1.0823915441812826
2168 2350 2.7041459275121431
2350 2351 0.78388029583475072
2351 2547 -0.45387919627036372
2169 2351 -0.21940173762858045
2338 2351 0.57716511534406767
2352 2548 0.33703507954969225
2352 2366 -0.72155264142776931
2352 2353 -0.077627361974546949
2353 2549 0.77752179847499581
2353 2367 -2.805462589849681
2353 2354 0.26467281582052787
2354 2550 -1.592535264834505
2354 2368 0.77921744855286867
2354 2355 -0.082178186729854427
2355 2551 -0.71948961835283332
2355 2369 -1.2900824762188241
2355 2356 -1.9640975783058436
2356 2552 1.4504156726041744
2356 2370 0.43675989413282934
2356 2357 -1.1524237828594368
2357 2553 1.0753065787221889
2357 2371 -0.28388348649541434
2357 2358 1.2770700537677102
2358 2554 -1.1346394705563558
2358 2372 1.6928226180605115
2358 2359 -0.081962364276795346
2359 2555 -1.4323954198779072
2359 2373 0.61306202355307382
2359 2360 -0.72026881683105126
2360 2556 0.5884534260952563
2360 2374 -0.0092757641916414741
2360 2361 0.89215905175507115
2361 2557 1.1608216541524961
2361 2375 1.0630372058629585
2361 2362 -0.63643481982193906
2362 2558 -0.10321799814358275
2362 2376 2.1988983207140906
2362 2363 0.64557990103861373
2363 2559 1.0036556926703883
2363 2377 -0.25724620315166014
2363 2364 -1.6537936178534185
2364 2560 0.68504188403345112
2364 2378 -1.5033150181712258
2364 2365 -0.94069774206831669
2365 2561 -0.42833044142041643
2365 2379 -0.14636518441779406
2352 2365 -0.64232662645934091
2366 2562 -2.2271782236374014
2366 2380 1.7530546989186717
2366 2367 1.825764815303516
2367 2563 -0.16047842536486009
2367 2381 -0.47200892082217433
2367 2368 0.8038161951627486
2368 2564 0.30938334159360026
2368 2382 -0.15757648572411251
2368 2369 1.8155244507622872
2369 2565 -1.1950994600317222
2369 2383 -0.15356896939170361
2369 2370 1.1324594557005054
2370 2566 -0.27707966418659058
2370 2384 0.37597699924076949
2370 2371 -0.20737636584507232
2371 2567 -0.18872325568294665
2371 2385 -1.0423735631952178
2371 2372 -0.22720654134667315
2372 2568 0.63644357717642819
2372 2386 1.3863387261465987
2372 2373 0.68510772701133449
2373 2569 -0.1418751327788346
2373 2387 -0.049296975978699219
2373 2374 0.77352199474044714
2374 2570 1.4583685607049914
2374 2388 -0.60729839469523117
2374 2375 0.0041788096279051891
2375 2571 0.68076312900404923
2375 2389 -1.4335284706192339
2375 2376 1.340453547193428
2376 2572 -3.0003279425281408
2376 2390 0.47425669298682632
2376 2377 0.42743370228504923
2377 2573 -0.071539493080807037
2377 2391 -0.50608080293463165
2377 2378 1.0176543694851319
2378 2574 0.039332116729153141
2378 2392 0.085880362665737758
2378 2379 1.5988147638535701
2379 2575 -0.40960254274982083
2379 2393 -1.052892247312184
2366 2379 -1.4600107364561186
2380 2576 -0.63148211912645602
2380 2394 -1.1163461857485553
2380 2381 0.57460771558894252
2381 2577 -0.40968320916188805
2381 2395 1.978784811864341
2381 2382 0.40391965034489791
2382 2578 0.011400684710797214
2382 2396 -1.5869529825181823
2382 2383 0.65603065661274695
2383 2579 0.91893575057683574
2383 2397 0.30407945309497336
2383 2384 0.92580386845694251
2384 2580 -0.16688288366781229
2384 2398 -1.5198598752140129
2384 2385 0.69184296122926114
2385 2581 0.96310913474445747
2385 2399 0.96379965839465376
2385 2386 -0.954663182491997
2386 2582 -0.022378773511392443
2386 2400 0.81021447647230427
2386 2387 1.6795763098058927
2387 2583 -1.7993553599857792
2387 2401 0.27462540631303622
2387 2388 -0.7097815789458215
2388 2584 0.86260392077177006
2388 2402 -1.0951268507602161
2388 2389 -0.19788516188235369
2389 2585 0.78094695569143169
2389 2403 -0.66255496148531312
2389 2390 -0.44227057660142094
2390 2586 0.098183708576789958
2390 2404 1.6560939462338566
2390 2391 -1.6214691336570353
2391 2587 0.79405440095643787
2391 2405 1.3440300429288496
2391 2392 1.9463816744333966
2392 2588 -0.68104280759107483
2392 2406 -0.91478693838494107
2392 2393 1.1702770959235418
2393 2589 0.15137309301006735
2393 2407 -0.45951229271959732
2380 2393 -0.51812522316497389
2394 2590 -0.2518620074472494
2394 2408 -0.77922128028119952
2394 2395 0.45152585217687485
2395 2591 0.83752744173159988
2395 2409 0.38950614299535619
2395 2396 -1.4653442426163161
2396 2592 -0.6514357774707189
2396 2410 -0.75002765547170913
2396 2397 -0.33720800129814926
2397 2593 -1.2944015890626392
2397 2411 0.376304980676122
2397 2398 0.69096525287062949
2398 2594 -1.7786510190042213
2398 2412 -0.27492003810037607
2398 2399 -0.31163946556402328
2399 2595 -0.4074221090771859
2399 2413 0.65899540199267748
2399 2400 -0.3027443037110864
2400 2596 0.65433620386941871
2400 2414 -0.56792100460761652
2400 2401 -0.78203103457000611
2401 2597 0.061098282351268011
2401 2415 1.4930768388356388
2401 2402 0.21431876536723851
2402 2598 0.9089629431148819
2402 2416 0.880918686183913
2402 2403 0.96743795627547369
2403 2599 1.3484342631957957
2403 2417 0.99687217712399434
2403 2404 -2.9544719292546735
2404 2600 -0.59043555733865793
2404 2418 -0.68589886608655182
2404 2405 -1.3558121239838716
2405 2601 1.4451981596696222
2405 2419 0.34192672006447089
2405 2406 0.86464140864283556
2406 2602 -1.205787709145866
2406 2420 0.12399623944478472
2406 2407 -0.28317844612282761
2407 2603 -1.3540584577733488
2407 2421 1.6709705627356919
2394 2407 -0.90280919087102185
2408 2604 -1.926077888661025
2408 2422 0.29834896997504973
2408 2409 0.024547522760528018
2409 2605 -0.17470194669088529
2409 2423 -1.0688066471771092
2409 2410 1.0518588135332665
2410 2606 -2.1154676279384268
2410 2424 -1.8408618724534762
2410 2411 0.63201914373981749
2411 2607 1.7742295998480291
2411 2425 -0.82087614319089253
2411 2412 0.17482011695851507
2412 2608 -0.73954383520366929
2412 2426 0.79113480232670352
2412 2413 -0.014534896118774591
2413 2609 0.49437046013933494
2413 2427 0.70306720788464871
2413 2414 0.52131156678815149
2414 2610 0.84947007762726212
2414 2428 -1.1732719430106229
2414 2415 0.090983213302019528
2415 2611 0.013725387852040085
2415 2429 0.073213175521614174
2415 2416 -0.91883237796582329
2416 2612 1.2029582562594323
2416 2430 1.7668070697855061
2416 2417 -0.88027435751102023
2417 2613 0.73062982837225099
2417 2431 0.42730220102473498
2417 2418 -1.0383590860044312
2418 2614 0.91697871908122541
2418 2432 -0.78062334106896614
2418 2419 -1.4707120322809581
2419 2615 -1.1271556675004351
2419 2433 1.0442027274412498
2419 2420 -2.3557543859232353
2420 2616 0.32697547056288645
2420 2434 -0.92633405908894906
2420 2421 1.5272215346344253
2421 2617 1.0449740361624851
2421 2435 -0.079113981732542291
2408 2421 0.88948411996499932
2422 2618 -0.87320687777258732
2422 2436 0.079241618048249793
2422 2423 1.1218121670442893
2423 2619 -0.93705476585739134
2423 2437 -0.54946635524034027
2423 2424 1.1675660839995554
2424 2620 1.6658148595608422
2424 2438 1.7416688353275303
2424 2425 -0.83638742544902456
2425 2621 -1.6949469873291265
2425 2439 0.8098731986685026
2425 2426 -0.21371871353991226
2426 2622 0.74844721899160183
2426 2440 -1.0652583069276167
2426 2427 -0.08069480943731426
2427 2623 -0.87732147749081335
2427 2441 0.62205657589525643
2427 2428 2.6002669930677369
2428 2624 -0.25369469966747321
2428 2442 -0.95770030569002973
2428 2429 0.36422673265064381
2429 2625 1.0266751441303288
2429 2443 -2.4472855440440915
2429 2430 0.50240045102243402
2430 2626 -0.10215667693889938
2430 2444 0.58428366105944129
2430 2431 1.3957915280655508
2431 2627 0.59453880387610125
2431 2445 0.62242097757227932
2431 2432 -0.43875044347192588
2432 2628 1.1655471954984071
2432 2446 -1.6369388447197655
2432 2433 1.5158048113180032
2433 2629 1.5036769825041425
2433 2447 -0.47083341876913148
2433 2434 -1.0122459889997626
2434 2630 0.27879302862295718
2434 2448 0.23626778571100904
2434 2435 -1.0982705009137672
2435 2631 -1.3623608239837333
2435 2449 0.58713311298699156
2422 2435 -0.43808070497059065
2436 2632 0.10093574309611537
2436 2450 -0.60057456925813191
2436 2437 -1.1405398263043942
2437 2633 -1.6787093046951433
2437 2451 -0.6107383325251059
2437 2438 0.73994900112731732
2438 2634 1.0297121354818455
2438 2452 0.23990624946927963
2438 2439 -0.63831952612461429
2439 2635 -1.5999326590141458
2439 2453 1.0496713932658492
2439 2440 -1.6961001899133796
2440 2636 -0.057724658977058536
2440 2454 -1.0427142628640347
2440 2441 -0.055847775695051789
2441 2637 0.55756468652056057
2441 2455 0.30051101646632489
2441 2442 1.4277314483481278
2442 2638 -0.25480711186728966
2442 2456 -1.2307228615734831
2442 2443 1.8148012052396973
2443 2639 0.56983026903112577
2443 2457 0.38437676669972731
2443 2444 0.31215658846514527
2444 2640 -0.0092259022985513653
2444 2458 0.081101150303853994
2444 2445 0.43118143397361341
2445 2641 -1.2527833719615704
2445 2459 -1.173132707974093
2445 2446 -1.6167227108465816
2446 2642 0.53835123382440575
2446 2460 1.9755270005648291
2446 2447 -0.053824751361375323
2447 2643 0.70263250048595982
2447 2461 -0.55841238769461476
2447 2448 -1.3137505205462814
2448 2644 -1.1180408880220261
2448 2462 0.3597748727448572
2448 2449 0.80121077144366992
2449 2645 0.35270253054580364
2449 2463 0.31607796733649596
2436 2449 -0.96630296774362323
2450 2646 -3.2861724701782675
2450 2464 -0.14899894657526078
2450 2451 -0.41185302107644273
2451 2647 -0.72325913128172603
2451 2465 -0.10906387847494917
2451 2452 0.6966744250885275
2452 2648 0.46552844947837468
2452 2466 -0.49112641357138248
2452 2453 -1.6249448557795132
2453 2649 0.12776864687031539
2453 2467 -1.0719348219145726
2453 2454 -1.4871765166439996
2454 2650 -0.13146764666088268
2454 2468 0.98985829674999193
2454 2455 -0.22664693747474277
2455 2651 0.21228363675492659
2455 2469 -0.096766576623188882
2455 2456 -0.87704675291488665
2456 2652 -2.1506677726708454
2456 2470 0.059800316513489514
2456 2457 -0.014358621852962867
2457 2653 -0.35331067375897612
2457 2471 -0.81994880526974101
2457 2458 -0.53517749061830977
2458 2654 1.4257043607420332
2458 2472 -1.6387585477048849
2458 2459 1.1181117198148411
2459 2655 -0.14267887378556068
2459 2473 0.2183635034473459
2459 2460 0.58115207525835311
2460 2656 -1.1318508142157664
2460 2474 0.050627302102041971
2460 2461 0.89858842012259621
2461 2657 0.51540358898543071
2461 2475 1.644224137442706
2461 2462 -0.40309892260524766
2462 2658 1.2410169091103347
2462 2476 -0.11989182403841214
2462 2463 1.5689652250874162
2463 2659 -0.61046870101169304
2463 2477 -1.4999351911038732
2450 2463 1.1685668352531124
2464 2660 0.88489476622305796
2464 2478 0.10240816186569553
2464 2465 -0.069732662897646888
2465 2661 -2.1368211671083048
2465 2479 -0.96446982107162271
2465 2466 1.034689076399814
2466 2662 1.0125599160072392
2466 2480 2.2613386965933246
2466 2467 -0.62035378429108812
2467 2663 0.82152339730209678
2467 2481 -0.35169551101870083
2467 2468 0.59250983519284606
2468 2664 1.2656100100843906
2468 2482 0.17731460640914221
2468 2469 0.47401495762894436
2469 2665 0.6861192095222497
2469 2483 -0.51058279491024838
2469 2470 -0.15478098922552694
2470 2666 -0.26700530718797727
2470 2484 -1.3502096518661739
2470 2471 1.0717870747173517
2471 2667 -0.48875365913011576
2471 2485 -0.68272290151694248
2471 2472 0.02511027547822782
2472 2668 -0.34639513678366435
2472 2486 0.65803117700259428
2472 2473 -0.47187459623094069
2473 2669 -2.0555529498617418
2473 2487 -1.2797874996926435
2473 2474 -1.558998080246675
2474 2670 -0.50792645730551245
2474 2488 -0.52619900721088086
2474 2475 0.52848795714644681
2475 2671 -1.7956551016827531
2475 2489 0.32196658325847866
2475 2476 -0.61340233965546864
2476 2672 0.16446406441890693
2476 2490 -0.88506068808072369
2476 2477 0.2659770049544749
2477 2673 0.86062744985735229
2477 2491 -1.6148284286445136
2464 2477 1.3216340438463905
2478 2674 -0.13400674501529508
2478 2492 0.35271771543654185
2478 2479 -0.79868876034329761
2479 2675 -1.4127094798368387
2479 2493 0.31337182886234138
2479 2480 -0.83999924608629228
2480 2676 -0.14373377951926014
2480 2494 1.0984825422216862
2480 2481 -0.70328503471442538
2481 2677 0.9268864307567074
2481 2495 -1.6612347941315044
2481 2482 0.051419092931351412
2482 2678 0.26289484773456606
2482 2496 0.42871543714053506
2482 2483 -1.2450244836570723
2483 2679 0.21270905821739633
2483 2497 0.3024722528739105
2483 2484 -0.19771911859604208
2484 2680 -0.48366687983261974
2484 2498 1.0839550438212973
2484 2485 -0.57295662601107122
2485 2681 0.72942681519841168
2485 2499 -0.26490186295052182
2485 2486 0.95973332573771275
2486 2682 1.3171674414016241
2486 2500 1.4766484281740855
2486 2487 0.64066795877815719
2487 2683 0.17942607283604917
2487 2501 0.4284670185883816
2487 2488 -2.3512530931615951
2488 2684 0.099052415383869746
2488 2502 0.50941249212837714
2488 2489 0.17658925944437717
2489 2685 -0.78065638379819668
2489 2503 0.044072528655565504
2489 2490 -0.36345466082243238
2490 2686 0.35670973877810919
2490 2504 0.73720782923976813
2490 2491 0.50255927394570843
2491 2687 -0.15110697034580697
2491 2505 -0.44552448327778948
2478 2491 0.49419062783774043
2492 2688 0.89917212705075988
2492 2506 -0.060418865141966094
2492 2493 1.6551894830865219
2493 2689 0.36406104074153001
2493 2507 1.6050321504780392
2493 2494 0.69350447636968049
2494 2690 -0.9842907253240547
2494 2508 -0.52589770370096933
2494 2495 -0.48880854474643182
2495 2691 -0.3425942884738834
2495 2509 2.0516459107652247
2495 2496 -1.0853017519406709
2496 2692 0.072307886279356304
2496 2510 0.98341869557495154
2496 2497 -0.68768088168568964
2497 2693 1.3466627582987485
2497 2511 -0.74616144998289802
2497 2498 0.33739352750474283
2498 2694 0.63573093266263681
2498 2512 2.3262481726896613
2498 2499 2.9266852191024184
2499 2695 0.17413465037018086
2499 2513 -0.15219266439981247
2499 2500 -1.4826686082827798
2500 2696 0.3426746743059127
2500 2514 0.7016990615301012
2500 2501 -1.1078452919395749
2501 2697 0.57648139845337587
2501 2515 -0.010863341480088474
2501 2502 -0.56330074623623616
2502 2698 0.095475292241363294
2502 2516 -1.8077499251641314
2502 2503 -0.096674281916017457
2503 2699 0.28401339077837667
2503 2517 -0.97749616499111114
2503 2504 -0.50263602692150322
2504 2700 0.75763291397127752
2504 2518 -0.018892450314469025
2504 2505 1.1065196910851269
2505 2701 -0.22852625011241409
2505 2519 0.60877649570245884
2492 2505 0.64878877053526351
2506 2702 -1.0186059955893141
2506 2520 -1.2786860811403182
2506 2507 -0.42563948112525873
2507 2703 -1.0951451862732671
2507 2521 0.67643799186360298
2507 2508 1.0458728634966479
2508 2704 2.2721682498452624
2508 2522 0.17550100759566276
2508 2509 -0.45318745709206321
2509 2705 -2.2062126330493017
2509 2523 0.16765768389869662
2509 2510 0.45728533652059461
2510 2706 0.58032865145245693
2510 2524 1.8956867457635835
2510 2511 -0.031858983416875548
2511 2707 1.2807127636723064
2511 2525 0.98371839095251401
2511 2512 1.7480747829550565
2512 2708 -0.11534586686166305
2512 2526 0.26892199414351842
2512 2513 -0.82309089882229891
2513 2709 1.0442147878909673
2513 2527 0.96604664577603749
2513 2514 0.046030496697312621
2514 2710 -0.38203719290942828
2514 2528 0.12449187750460103
2514 2515 1.5105973138425905
2515 2711 -0.66447026715328361
2515 2529 -0.82785542960750524
2515 2516 -1.1949383775367068
2516 2712 -0.60710659707254955
2516 2530 0.41399267101964637
2516 2517 -0.46975620981208427
2517 2713 0.225654334369675
2517 2531 -0.050523015491725297
2517 2518 -2.0634485889006733
2518 2714 -1.3646596735317826
2518 2532 0.37162614228802215
2518 2519 -0.092227576080362167
2519 2715 -0.58282532773522844
2519 2533 -0.21381058806380202
2506 2519 -1.4831866957273643
2520 2716 -0.51096346910928281
2520 2534 -0.56594586473043262
2520 2521 -2.2827170760334359
2521 2717 0.025229196332204929
2521 2535 -2.3586060666353688
2521 2522 -0.33981658039945967
2522 2718 0.82431261825036306
2522 2536 -0.49975732760519487
2522 2523 -0.091926182608206411
2523 2719 1.7459740041574912
2523 2537 0.16009815869979227
2523 2524 -0.78229126076648503
2524 2720 -0.28776799655758417
2524 2538 -1.5122403951174959
2524 2525 0.95383339826919178
2525 2721 -0.41468522704519389
2525 2539 0.51196941861140033
2525 2526 -0.1757645701418617
2526 2722 -0.045785099247679331
2526 2540 1.7631013891405685
2526 2527 1.0311853062894369
2527 2723 -1.3302659259333982
2527 2541 0.05263371466995493
2527 2528 -2.1939840301608733
2528 2724 -2.3826031714866285
2528 2542 -0.47409816476788902
2528 2529 -0.19021706669733437
2529 2725 0.50717968545828207
2529 2543 0.021461128879750876
2529 2530 -0.82577629127524654
2530 2726 -0.72333829297734953
2530 2544 -1.3484808274002753
2530 2531 -0.35678902972641469
2531 2727 0.098768924452449211
2531 2545 -0.56442921996042461
2531 2532 -0.75100415603908055
2532 2728 -0.87052062839248745
2532 2546 -0.43862578599090918
2532 2533 0.88037060583078142
2533 2729 0.35824401457846339
2533 2547 0.28029201986463187
2520 2533 0.44753418974406145
2534 2730 0.53760969750995102
2352 2534 1.7587953506871412
2534 2535 -0.6885321514738415
2535 2731 -0.49468830322156104
2353 2535 0.59950838017421315
2535 2536 -0.437019868947704
2536 2732 -0.36591193568622782
2354 2536 -0.46359120168589563
2536 2537 0.34511373168761406
2537 2733 1.8570545380789338
2355 2537 -0.38921366339138475
2537 2538 0.11732860851936122
2538 2734 -0.31273513437446254
2356 2538 0.070629700977222515
2538 2539 -0.30858633564862975
2539 2735 0.67189276138055209
2357 2539 -1.363535246770903
2539 2540 -0.064747012697453921
2540 2736 1.0490766175374029
2358 2540 2.1819576668389633
2540 2541 0.95948347238711151
2541 2737 -0.12323020146129859
2359 2541 -1.6502258414200597
2541 2542 0.7370410305876316
2542 2738 0.51279871324304771
2360 2542 0.7156935001992879
2542 2543 -0.44378164549151355
2543 2739 2.0885728642279124
2361 2543 -0.81927076332724935
2543 2544 -0.5116299961625943
2544 2740 -1.1656292256413769
2362 2544 1.6648975486013349
2544 2545 -1.3051121395857248
2545 2741 -2.1632230827275261
2363 2545 1.4821668595185014
2545 2546 -0.15344034953758029
2546 2742 -0.40018127559518996
2364 2546 0.63329204801775985
2546 2547 -0.27299323166517681
2547 2743 0.71512575701583736
2365 2547 0.34404836786922705
2534 2547 -0.56826332857937323
0 2548 -0.4574274116350972
2548 2562 -0.13404575446233488
2548 2549 0.51043234385720171
1 2549 -0.79100840686282448
2549 2563 -0.012850788450885791
2549 2550 0.27711367428768779
2 2550 -1.7873801960531155
2550 2564 1.4167159279005368
2550 2551 -2.1927712880510453
3 2551 0.073498861724217796
2551 2565 -0.93640085032800946
2551 2552 -1.888416887454871
4 2552 -0.074781876048015131
2552 2566 -1.227544312404846
2552 2553 1.195067019473923
5 2553 1.6992289282640887
2553 2567 -1.3459675585498456
2553 2554 -0.30062156653911515
6 2554 -1.1090977342157404
2554 2568 -0.47156734069850503
2554 2555 0.2348694691568691
7 2555 -1.0109213056074329
2555 2569 -0.15548765666573136
2555 2556 0.45425801051169695
8 2556 -0.67247647708317682
2556 2570 -0.25414786734753536
2556 2557 -0.76153123007604206
9 2557 1.6645172100556203
2557 2571 1.1763568999657135
2557 2558 0.29663647111102848
10 2558 0.60676391297148291
2558 2572 -0.48590966539705344
2558 2559 1.6887001234680288
11 2559 -0.46810379413248548
2559 2573 -0.30756346522791683
2559 2560 0.052738745169956205
12 2560 -0.93226364767500436
2560 2574 -0.6703257530691652
2560 2561 -0.33163406139702206
13 2561 -0.27417172987452132
2561 2575 -0.0058861856421063355
2548 2561 0.59146558114958114
14 2562 0.93531500991860383
2562 2576 1.1801857414356349
2562 2563 1.0505330808046496
15 2563 1.6792542762913585
2563 2577 1.1476584791686852
2563 2564 1.1540587565093878
16 2564 0.95713807709830123
2564 2578 0.29580355188019419
2564 2565 -0.28204686812506574
17 2565 1.2518385076127616
2565 2579 -0.056072142112569986
2565 2566 1.2829833569044005
18 2566 0.14404246862397166
2566 2580 -1.4368177580109056
2566 2567 0.04364694531942076
19 2567 0.14333711035133551
2567 2581 -0.87158560547541841
2567 2568 -0.62054011540126131
20 2568 1.9365060967858811
2568 2582 0.4382382708394626
2568 2569 0.09472923778517954
21 2569 -0.93630975740230427
2569 2583 -1.5057828609879609
2569 2570 -1.3560204393268729
22 2570 -0.65260672795859942
2570 2584 -1.4831425806873797
2570 2571 0.021151212804165764
23 2571 1.2366441223187528
2571 2585 -3.1012973521040514
2571 2572 0.4013554673806487
24 2572 -0.69501360585506122
2572 2586 0.61751161317032199
2572 2573 -0.82992470424552955
25 2573 -0.93720919135161673
2573 2587 0.74166130505470762
2573 2574 -0.51288682265104746
26 2574 -0.66026819805881398
2574 2588 0.039031975304553546
2574 2575 0.18949651637853646
27 2575 -0.82062105221740511
2575 2589 -0.90673590158908512
2562 2575 -0.29017398206624667
28 2576 -1.9737944700507017
2576 2590 -1.7908872257235005
2576 2577 -1.9613812361286072
29 2577 -2.7719398388247001
2577 2591 -0.19462787890281158
2577 2578 0.68877780059628035
30 2578 -0.36790894483823844
2578 2592 -0.94660901934661557
2578 2579 -0.98703753372701719
31 2579 -1.7771753234305694
2579 2593 -0.75959723875998142
2579 2580 1.4933132737859989
32 2580 0.69312694994903323
2580 2594 -0.48325221212254232
2580 2581 0.19022158657732696
33 2581 0.73881232668009433
2581 2595 -0.47165224115039034
2581 2582 0.47790357715411586
34 2582 0.048727716771553055
2582 2596 -1.3059421383411516
2582 2583 1.897236801190044
35 2583 2.3846534524874801
2583 2597 -2.4326186697242078
2583 2584 -0.32228593031446701
36 2584 -0.94710622058499672
2584 2598 1.5395246046599951
2584 2585 0.74970232700710937
37 2585 -1.5476692091976056
2585 2599 -0.52587866963485042
2585 2586 0.14537227151279489
38 2586 1.1373787414969452
2586 2600 0.56809057222768922
2586 2587 -0.12088654687598085
39 2587 -0.12735140957351301
2587 2601 0.57996166679746519
2587 2588 1.9041488552974846
40 2588 -1.555612717979314
2588 2602 -0.090903937332158805
2588 2589 0.031561136724265595
41 2589 -1.0521658715308961
2589 2603 0.38512082902942379
2576 2589 1.1048203767448845
42 2590 0.38476068139604797
2590 2604 -0.079433846281845549
2590 2591 2.2824918562777912
43 2591 -0.29144498697205967
2591 2605 0.68591775228352025
2591 2592 -0.52319408314480154
44 2592 -0.11997391859463595
2592 2606 0.17855151190479376
2592 2593 -0.040706867556780907
45 2593 -0.57866914467213648
2593 2607 0.87169636600767197
2593 2594 0.27551979471237298
46 2594 1.3191021797621345
2594 2608 -0.024287120524605986
2594 2595 -1.1009965589682853
47 2595 -1.8070685654545862
2595 2609 -0.31467564659165692
2595 2596 -0.60953157149822867
48 2596 -0.69246457960585661
2596 2610 -0.42816647973960464
2596 2597 1.0160382107768484
49 2597 2.165149935519703
2597 2611 0.40282833170875931
2597 2598 -0.30752628598368992
50 2598 -0.91224260160997861
2598 2612 -1.0913197946665358
2598 2599 0.47000450292613044
51 2599 -0.71876598601894048
2599 2613 0.058401144864117162
2599 2600 -0.78327527637347971
52 2600 -0.6020731194300899
2600 2614 -0.60653822152903847
2600 2601 -0.35901299540645387
53 2601 1.0203615631567373
2601 2615 0.77527204968591268
2601 2602 -1.0212390834943135
54 2602 1.6381218364608858
2602 2616 1.403428494435718
2602 2603 -0.30707212224058589
55 2603 -0.55940703323673036
2603 2617 -0.94892146813738321
2590 2603 0.55283526433108254
56 2604 1.6475001310270012
2604 2618 1.491953003726298
2604 2605 -0.20071811521818561
57 2605 0.60425052114934275
2605 2619 0.19921118833222645
2605 2606 -0.15272064120011877
58 2606 1.0744449569472452
2606 2620 -0.236642395050079
2606 2607 0.70456759882234665
59 2607 0.1776388884613562
2607 2621 -0.58836392952321215
2607 2608 -0.78049032613489389
60 2608 1.2063624182827801
2608 2622 -0.87435541073842771
2608 2609 -0.086948249429141311
61 2609 -0.97814981308342508
2609 2623 -1.5932875036231551
2609 2610 -1.4301414804284822
62 2610 0.084697057752498001
2610 2624 1.2335722555595552
2610 2611 0.17917751815754054
63 2611 -0.98479762125455128
2611 2625 0.55137850708408542
2611 2612 0.14883565971008356
64 2612 0.73406698798665604
2612 2626 -0.8297292608986192
2612 2613 1.0241204904778671
65 2613 -0.83095416336262473
2613 2627 0.96458903412378616
2613 2614 2.1936576508783232
66 2614 0.51622942845764486
2614 2628 -0.063990293254210046
2614 2615 -0.35765482901158335
67 2615 0.48091166433343868
2615 2629 0.97527607504838298
2615 2616 -0.77204566292432286
68 2616 1.4283450787194545
2616 2630 -0.27965012464049022
2616 2617 0.60517407403163037
69 2617 1.7370580484503224
2617 2631 1.3313972210115033
2604 2617 0.025919451456985161
70 2618 1.3370894856855069
2618 2632 -0.92712555572374011
2618 2619 -1.9045866118111718
71 2619 -0.7440053593692264
2619 2633 -0.90783289066135575
2619 2620 -0.57739938375874433
72 2620 0.91426924904448148
2620 2634 0.860004663512696
2620 2621 -0.73561599688392454
73 2621 -0.31237999565166447
2621 2635 -1.1622453785268847
2621 2622 -0.19079927025261809
74 2622 -0.33457160058211882
2622 2636 -2.7884804582389702
2622 2623 -1.0530272677958576
75 2623 0.14188959949894558
2623 2637 0.39278800446119566
2623 2624 -2.5317183829631453
76 2624 0.46613726388867122
2624 2638 -1.6449433965282161
2624 2625 1.3074067577281872
77 2625 -1.0750369141879568
2625 2639 -0.26098183166305616
2625 2626 0.67774695224023718
78 2626 1.8318788596616393
2626 2640 -0.9706165299464441
2626 2627 -0.043747037060860597
79 2627 0.22333790533251741
2627 2641 0.29426613006428642
2627 2628 -1.2673956052204147
80 2628 0.86918645825917096
2628 2642 0.20331527898968441
2628 2629 0.49326603805877073
81 2629 0.30587670362120256
2629 2643 -0.34876714343207998
2629 2630 -0.82374987336964678
82 2630 0.4255660518175437
2630 2644 -0.4399696548025126
2630 2631 -0.14541129971926439
83 2631 1.5633468447910532
2631 2645 0.15388343152398751
2618 2631 -0.059732583193479086
84 2632 0.79487302695966244
2632 2646 0.37721186866270173
2632 2633 -0.76733617416086108
85 2633 0.27715428164779948
2633 2647 0.29231787380656965
2633 2634 -0.28033741778478422
86 2634 -0.57523922632817814
2634 2648 0.12664168062429226
2634 2635 0.83052610588730014
87 2635 0.60856579978398906
2635 2649 -1.8953422454379534
2635 2636 0.44149129856866592
88 2636 0.083701408620323353
2636 2650 -0.32271446908048207
2636 2637 -0.57248774146614179
89 2637 0.51401198702043349
2637 2651 0.48568581679383777
2637 2638 -0.31612911554764778
90 2638 0.82945113538725357
2638 2652 0.68613979784960133
2638 2639 -0.14163879536465918
91 2639 -0.87710519539166365
2639 2653 -0.50491588015070088
2639 2640 -0.36356929952291289
92 2640 0.86476756685446088
2640 2654 1.1579423760172878
2640 2641 2.570808558013058
93 2641 0.58692590681124013
2641 2655 -2.8985228816298076
2641 2642 -1.0004727592632332
94 2642 -0.70038133627378729
2642 2656 1.5936468430815276
2642 2643 -2.1885805753667746
95 2643 -0.52818761080607823
2643 2657 0.31550767281856001
2643 2644 0.017949528074487058
96 2644 0.68290808593543384
2644 2658 1.3380870503066631
2644 2645 -0.45845462863699926
97 2645 -0.023326764917144478
2645 2659 0.43164153787632498
2632 2645 -1.6459065433007702
98 2646 0.56422347124510086
2646 2660 0.26597228122143401
2646 2647 -0.24302598569263237
99 2647 -1.2530908284510833
2647 2661 2.1738415315010036
2647 2648 0.49634765526764346
100 2648 0.78273117875387721
2648 2662 -0.90217899200725848
2648 2649 0.38220203989334695
101 2649 -1.2120910449573361
2649 2663 1.2634488189713633
2649 2650 -0.029411682812978752
102 2650 2.0271695933445981
2650 2664 -0.72887338255611345
2650 2651 0.42175308585518911
103 2651 1.6432159241437176
2651 2665 -2.405288606574163
2651 2652 1.5682688547825767
104 2652 0.30027453331474124
2652 2666 -1.0756681476872452
2652 2653 2.0416309990447861
105 2653 0.41577905232102613
2653 2667 -0.40396719429716521
2653 2654 0.51541226922504035
106 2654 -0.60499647902218578
2654 2668 0.58385844145451571
2654 2655 0.43132157280195077
107 2655 0.65467594017329933
2655 2669 0.90892983151331719
2655 2656 1.0967531482765631
108 2656 -0.98693967273222249
2656 2670 0.37908257682951219
2656 2657 0.0022241031731426611
109 2657 0.38398351723006874
2657 2671 0.21121911613386496
2657 2658 -1.0755293078734316
110 2658 -1.5690844756901654
2658 2672 1.5182459667923125
2658 2659 -1.9104257997797873
111 2659 -0.35046546875729551
2659 2673 0.16518577868694131
2646 2659 -1.4728702574567432
112 2660 0.18473949622885574
2660 2674 -0.46468443549628458
2660 2661 1.3318110372870331
113 2661 -0.62132919522562868
2661 2675 -1.9468955926193852
2661 2662 -0.022371260112496509
114 2662 -0.88093550264521581
2662 2676 0.57444013559599694
2662 2663 1.4608724821409096
115 2663 0.2995737643952841
2663 2677 0.44340993030277132
2663 2664 0.53253089900533768
116 2664 0.89426295038700809
2664 2678 0.63076161810644515
2664 2665 -0.73404240853710245
117 2665 0.81903429552190454
2665 2679 0.068995218415445217
2665 2666 -0.055980872162171284
118 2666 -0.83165911238151036
2666 2680 0.37501525749848547
2666 2667 1.2055295274379516
119 2667 0.093013929010930169
2667 2681 0.11445492781900379
2667 2668 -2.7297244647998822
120 2668 -0.81003217834254937
2668 2682 -0.62798553593799933
2668 2669 -0.14313343277622295
121 2669 -1.9699303850056606
2669 2683 1.97310278497368
2669 2670 -0.23657096986600412
122 2670 1.0679208754559213
2670 2684 -0.45885913768422171
2670 2671 0.34311714934299858
123 2671 -1.089085483766939
2671 2685 -1.0981699560740783
2671 2672 -0.54903467671305195
124 2672 -0.51256144994613384
2672 2686 0.75990013569911619
2672 2673 1.2923352936223249
125 2673 -0.16280062201164655
2673 2687 -0.23606940841947679
2660 2673 -0.24782460341118379
126 2674 1.2678971834569239
2674 2688 -0.67342809019715899
2674 2675 0.5692763354264111
127 2675 -2.236418802159164
2675 2689 -0.94509471269587553
2675 2676 -0.7170033714706987
128 2676 1.0610929472639341
2676 2690 -1.8162268970540232
2676 2677 0.5232360138388974
129 2677 -0.0055592347235260287
2677 2691 1.6808192556477202
2677 2678 -0.068240733211609408
130 2678 1.7342940025887261
2678 2692 -0.16071534358870657
2678 2679 1.5461679259830794
131 2679 -1.4004586358668167
2679 2693 1.1537208979199327
2679 2680 0.23064584420982445
132 2680 0.43894872097158466
2680 2694 0.43702992718917161
2680 2681 -0.47797140362908208
133 2681 -0.061131902122302149
2681 2695 -0.27899666955903879
2681 2682 1.5349711074096211
134 2682 -1.0786571954377371
2682 2696 0.24275584193976216
2682 2683 0.27226561037860492
135 2683 -1.6954394277963425
2683 2697 -0.21326278124656439
2683 2684 0.43649444489817085
136 2684 -0.81617808105333423
2684 2698 -1.6159263038663063
2684 2685 0.066341173427887826
137 2685 -1.4705742901255183
2685 2699 0.65434154368323727
2685 2686 -2.3745931161654266
138 2686 -0.91426846102000725
2686 2700 0.49465561206821684
2686 2687 0.94105569080849216
139 2687 0.7294734653202809
2687 2701 -1.0191517440188724
2674 2687 -1.2024237696400786
140 2688 0.014035846623983137
2688 2702 0.47876885356356153
2688 2689 0.38601844143314451
141 2689 1.0671018123510025
2689 2703 0.19208669747348106
2689 2690 -0.74298617578088133
142 2690 0.40059974556474548
2690 2704 -1.524808502481561
2690 2691 0.28977915844084334
143 2691 0.59493316064149526
2691 2705 -0.049114420545577547
2691 2692 0.50648594399966418
144 2692 1.1070216789592395
2692 2706 1.2330135435637464
2692 2693 1.5030893446515763
145 2693 1.2497191780141614
2693 2707 0.072562932129851515
2693 2694 1.0488513798071895
146 2694 -0.98880817254378206
2694 2708 -1.9349850633011139
2694 2695 -1.2211412641315342
147 2695 0.44988451518468248
2695 2709 0.77673065958246901
2695 2696 -0.76631255082669369
148 2696 0.11590832733952913
2696 2710 -0.059336661497789482
2696 2697 0.24464623097278856
149 2697 0.81888127847978609
2697 2711 -0.50195029236340349
2697 2698 -0.0034467235025230462
150 2698 -1.1416175273054352
2698 2712 0.6437893474759494
2698 2699 -0.86205298513654505
151 2699 1.3606541930224423
2699 2713 -2.4539041548827383
2699 2700 -0.75039461658269546
152 2700 0.40511570991414619
2700 2714 0.86891660822504357
2700 2701 0.6800342962915269
153 2701 0.11204084299058077
2701 2715 0.33492554857522949
2688 2701 0.16290252593347587
154 2702 0.030644179619151449
2702 2716 0.22430607019682566
2702 2703 0.30257476845582681
155 2703 -2.5756485636489184
2703 2717 0.28695730947656484
2703 2704 -0.11074130138590201
156 2704 0.38974385082210622
2704 2718 -0.95058204169520655
2704 2705 -0.027631916062636114
157 2705 -0.32423412333530682
2705 2719 -0.47073251158208707
2705 2706 0.01334489880832475
158 2706 -0.58719489838428629
2706 2720 -1.3583706792386507
2706 2707 0.61907559880925367
159 2707 -0.13897248333904591
2707 2721 1.2328133781907959
2707 2708 0.30379802538217915
160 2708 -0.33826455695185587
2708 2722 0.37976375423777992
2708 2709 -0.21022342739271238
161 2709 -0.64024707835346684
2709 2723 1.0905858869314589
2709 2710 -1.2605126424620543
162 2710 0.052117686442707915
2710 2724 0.7958083454050966
2710 2711 -0.73098094518849255
163 2711 0.90390372735606284
2711 2725 0.6821935771946398
2711 2712 -0.51054921372769224
164 2712 0.68021329196373959
2712 2726 -0.85513326456337235
2712 2713 0.39271395909095153
165 2713 0.91265250050922619
2713 2727 -0.4180475319225378
2713 2714 0.60007024415797738
166 2714 0.20240259594320445
2714 2728 -0.074225591531358409
2714 2715 0.86169727070061808
167 2715 0.013960492098680468
2715 2729 -2.0098467559330975
2702 2715 -0.02425301503899855
168 2716 -0.32969864973863988
2716 2730 -0.4189161992297315
2716 2717 0.58464058631115468
169 2717 -0.90130192002141929
2717 2731 -0.045604046374325191
2717 2718 1.1407391761663159
170 2718 -0.15546986795951653
2718 2732 -0.1360736617834542
2718 2719 0.28779414355965038
171 2719 -0.61665465587234003
2719 2733 -0.96257618731997763
2719 2720 0.92233135663322918
172 2720 2.842389239439624
2720 2734 1.7142794711679126
2720 2721 0.37692030672757365
173 2721 0.63445820390083196
2721 2735 -0.077738544368763776
2721 2722 0.79488476375388017
174 2722 1.3400376153198987
2722 2736 0.64826315749288366
2722 2723 0.98060061864960868
175 2723 -0.27524472720810433
2723 2737 -0.92174043326727317
2723 2724 -0.43425767344479016
176 2724 -0.62694883613520969
2724 2738 1.612014219046942
2724 2725 -1.1208335729416883
177 2725 -0.76625774806207636
2725 2739 -0.52476737955534691
2725 2726 1.1327717368774499
178 2726 -0.4556830115464941
2726 2740 -0.094209971747797647
2726 2727 -1.0584652665866068
179 2727 0.69849523989069018
2727 2741 -1.154284230018872
2727 2728 1.2356963206420237
180 2728 0.34022952488748615
2728 2742 0.30644092474538437
2728 2729 -1.4558742503758992
181 2729 -0.020994410341993563
2729 2743 0.15783024805200316
2716 2729 0.058100435453160293
182 2730 -0.060976275295928493
2548 2730 -1.4850916257825106
2730 2731 -0.24886005827771526
183 2731 1.7568774066953208
2549 2731 -1.2433356097074142
2731 2732 -0.38135373866764011
184 2732 0.50687664140512945
2550 2732 -0.10610067838671521
2732 2733 -1.9231482727927138
185 2733 -1.3183324270424082
2551 2733 -0.44803185489779729
2733 2734 -0.21035692902441352
186 2734 -0.25133991900812536
2552 2734 0.8856300430958981
2734 2735 -0.54048545790003644
187 2735 -0.32111213301500774
2553 2735 -1.6806904052608775
2735 2736 0.778931492855649
188 2736 0.38878623980972404
2554 2736 0.9866041500090561
2736 2737 -1.1117115350699993
189 2737 -1.0192609254106906
2555 2737 -1.648863816202254
2737 2738 1.96696928413132
190 2738 -0.14933407000100907
2556 2738 1.5338508250500242
2738 2739 -2.4196559018574386
191 2739 0.0028303358522202768
2557 2739 0.65722098699555542
2739 2740 -1.1563356731070336
192 2740 0.42166219496791751
2558 2740 0.068529349178618124
2740 2741 -1.583598802688152
193 2741 -1.1995232997748118
2559 2741 -0.27843089528999398
2741 2742 1.0844755686009522
194 2742 -0.82262690113422832
2560 2742 -0.40006606081338969
2742 2743 -1.1094814923431591
195 2743 1.2010269288545463
2561 2743 -0.098504692778045105
2730 2743 1.0006811774447049
