# model=sk N=100 meanJ=0 seed=79483581 distribution=gaussian field=0 num_fields=100 num_couplings=4950
0 0
1 0
2 0
3 0
4 0
5 0
6 0
7 0
8 0
9 0
10 0
11 0
12 0
13 0
14 0
15 0
16 0
17 0
18 0
19 0
20 0
21 0
22 0
23 0
24 0
25 0
26 0
27 0
28 0
29 0
30 0
31 0
32 0
33 0
34 0
35 0
36 0
37 0
38 0
39 0
40 0
41 0
42 0
43 0
44 0
45 0
46 0
47 0
48 0
49 0
50 0
51 0
52 0
53 0
54 0
55 0
56 0
57 0
58 0
59 0
60 0
61 0
62 0
63 0
64 0
65 0
66 0
67 0
68 0
69 0
70 0
71 0
72 0
73 0
74 0
75 0
76 0
77 0
78 0
79 0
80 0
81 0
82 0
83 0
84 0
85 0
86 0
87 0
88 0
89 0
90 0
91 0
92 0
93 0
94 0
95 0
96 0
97 0
98 0
99 0
0 1 -0.011849154364953124
0 2 0.071419844268397301
0 3 -0.029111506228385819
0 4 -0.072279869744995215
0 5 0.10239739502964006
0 6 -0.023482911206756166
0 7 -0.087852032955436421
0 8 -0.011912619049069983
0 9 -0.11058510896871679
0 10 -0.023258030216428617
0 11 0.029812836244750354
0 12 -0.13704521224807442
0 13 -0.061292058433511688
0 14 -0.0076841515731432943
0 15 -0.095576362690824063
0 16 0.010312188559875384
0 17 -0.035443726466365642
0 18 0.0025094991450379332
0 19 -0.21967340041628908
0 20 0.067884907280071793
0 21 0.12517175839686903
0 22 0.0021961607046016795
0 23 -0.13248323029803785
0 24 -0.073685782709915104
0 25 0.071339890179075563
0 26 -0.047368713479738714
0 27 -0.035555805717165635
0 28 -0.064113256368910396
0 29 -0.077392601415245899
0 30 0.0081235148490368305
0 31 -0.10748288692667168
0 32 -0.20057670673831771
0 33 0.040074315058587051
0 34 -0.072964708293090541
0 35 -0.073522913673790713
0 36 -0.036482733816386774
0 37 -0.1450742164531745
0 38 -0.0030228596538144263
0 39 0.1282308154005101
0 40 0.11853247144223961
0 41 0.14539986772429778
0 42 0.034926577632526407
0 43 0.078759256525220325
0 44 -0.019186324825360271
0 45 0.032362270982452077
0 46 -0.042884723800815032
0 47 -0.040469242529789867
0 48 0.03615798482945054
0 49 -0.085426172392381095
0 50 -0.03939974497233685
0 51 -0.12927547670766396
0 52 0.043366169866804541
0 53 -0.079951912608625497
0 54 0.1230187545600018
0 55 0.14031389686302684
0 56 -0.085247581524454011
0 57 0.10126979157248235
0 58 -0.070842562455013275
0 59 -0.085932127303572553
0 60 -0.12903595168648577
0 61 -0.029688008637047743
0 62 0.0020286633024716883
0 63 -0.10213597032633975
0 64 -0.087600896416958146
0 65 -0.044595786633013584
0 66 0.11859141520831218
0 67 -0.17430969523117371
0 68 -0.13262931637641989
0 69 -0.137853061835672
0 70 -0.11873433916975203
0 71 0.11068688425400619
0 72 0.029400036965863387
0 73 0.068333844278459163
0 74 -0.032351098691689978
0 75 -0.067384233633049323
0 76 0.24453949295427463
0 77 0.08823425909989574
0 78 0.09636335683796092
0 79 0.062763046477004578
0 80 0.08233709309288452
0 81 -0.0021953516462919825
0 82 -0.063630559443297638
0 83 0.079727489037599297
0 84 0.15768310365855601
0 85 -0.11513408133392973
0 86 0.11666312079569173
0 87 0.0062447922417723564
0 88 -5.4898946580514637e-05
0 89 -0.070251450993752199
0 90 -0.0051369218588408101
0 91 -0.0007818184818230155
0 92 0.12369907881350242
0 93 0.17731851795785436
0 94 -0.055500730133359426
0 95 -0.0033251988887706948
0 96 0.017063623510848499
0 97 0.074932900407378503
0 98 -0.046422982745216057
0 99 0.0097293477231552607
1 2 -0.018288096921054629
1 3 -0.14933359305000893
1 4 -0.0055523653053384196
1 5 0.089419234284144222
1 6 0.19181856823996624
1 7 0.043110360983885404
1 8 0.13499226241183865
1 9 -0.082340091852412992
1 10 0.1625407678392069
1 11 0.11937221970918453
1 12 0.047339713772834371
1 13 0.085690097297582146
1 14 -0.045810108881852371
1 15 0.063816458345725427
1 16 0.095187496986135753
1 17 0.086234819082229922
1 18 -0.027985624624439476
1 19 0.02509058038349625
1 20 -0.1098811188831679
1 21 0.039655614161177126
1 22 0.18897894340249191
1 23 -0.032961976080470433
1 24 -0.032628561075488727
1 25 0.085440103922050648
1 26 -0.21974533226732734
1 27 -0.15922161613537086
1 28 -0.15227335373349957
1 29 -0.085214055025403593
1 30 0.036555847756753537
1 31 0.064520951935773688
1 32 0.12453057511497344
1 33 0.096637901050408689
1 34 0.046326151476930456
1 35 0.01173801411938117
1 36 -0.1903898993672386
1 37 0.090366603972964241
1 38 -0.067189898663271727
1 39 0.038038276966665036
1 40 0.0016272475346689056
1 41 0.14591274280675498
1 42 -2.2422652974605196e-05
1 43 -0.13409031417738335
1 44 0.0021175338052042323
1 45 0.0082221018753005758
1 46 0.12154261483153142
1 47 0.031955648933872698
1 48 0.057867393959736814
1 49 -0.079364072255437096
1 50 0.013882193760547565
1 51 0.092331518380462732
1 52 0.12390040285155449
1 53 -0.0031065868927190841
1 54 0.12228389432514131
1 55 0.010485759750429022
1 56 -0.12620355541745551
1 57 0.083030447999008286
1 58 0.018401039322688748
1 59 -0.11435661455927709
1 60 -0.13304956153032296
1 61 0.083773901141893772
1 62 -0.10748109142985558
1 63 0.083105847431758112
1 64 -0.023581687721214703
1 65 -0.071601370557162411
1 66 0.064504971302174502
1 67 0.082706884898645583
1 68 -0.016171133661944181
1 69 0.046859307764055391
1 70 0.017230600999091326
1 71 -0.018050362550656465
1 72 -0.093510901493975965
1 73 0.10278760662944086
1 74 -0.043567829178604828
1 75 -0.1150985092887315
1 76 -0.00037406095909833093
1 77 0.078335346113072135
1 78 0.046730097658128564
1 79 0.047473685656410761
1 80 0.054604170348880654
1 81 0.13724852765339099
1 82 0.011134993590499324
1 83 -0.023905964657614565
1 84 -0.067659757882425009
1 85 0.11525647179573971
1 86 -0.005587003710501158
1 87 -0.0023346929807904738
1 88 -0.0064755450379328176
1 89 0.11805011463616225
1 90 0.036983125554557704
1 91 0.026756712989395082
1 92 0.014017116223480739
1 93 0.034259160251909657
1 94 -0.019402529396616804
1 95 0.045217184166783685
1 96 -0.13676928496604979
1 97 0.040807084987759742
1 98 -0.049668117889933971
1 99 0.033635594557736084
2 3 0.017087884584366223
2 4 -0.054479272009538629
2 5 0.0042994576784940886
2 6 -0.050279688789853942
2 7 -0.32282852682850777
2 8 -0.00087851211238016184
2 9 -0.0016922374784571221
2 10 -0.053403674048773289
2 11 -0.1187229177048833
2 12 0.14224916273335692
2 13 0.096504105012712837
2 14 0.06471107427266673
2 15 -0.042196654787267238
2 16 -0.083819244602136467
2 17 0.051218545562503305
2 18 -0.09785253927168068
2 19 0.0019876836121045542
2 20 0.31214791493596161
2 21 -0.13044067967095688
2 22 0.08846136495131228
2 23 0.022068904488627424
2 24 0.12874415062065064
2 25 0.0098930107473317267
2 26 0.10750205221153536
2 27 -0.12461695421455179
2 28 -0.1708014359167036
2 29 -0.062973084460505521
2 30 0.17818346943943375
2 31 -0.095192934839051446
2 32 -0.013807080100133673
2 33 0.24077028527304836
2 34 -0.15206520902375054
2 35 0.11878751205722596
2 36 0.070708888025467709
2 37 -0.053298137602400146
2 38 -0.13978367088230614
2 39 -0.025732128879606908
2 40 0.068326143172424372
2 41 -0.057890556892211315
2 42 0.04164900348294423
2 43 0.11648520123594026
2 44 -0.088472062732217041
2 45 0.00016117199740250585
2 46 0.0082265352018203609
2 47 0.093971222612101946
2 48 -0.10051283334597566
2 49 0.1067780614103179
2 50 -0.057300437922090566
2 51 -0.0081171794882313377
2 52 0.014399717368267223
2 53 -0.079328784952153064
2 54 -0.029535013629032443
2 55 0.042418344745771101
2 56 -0.11412849407353434
2 57 -0.091486070502096728
2 58 0.060863186111992013
2 59 -0.035570650689734563
2 60 0.11378742803230467
2 61 -0.12006238529927769
2 62 0.076586221236603039
2 63 0.058877874761548793
2 64 0.17252754639718321
2 65 0.017470742865701893
2 66 0.069117634410643378
2 67 -0.0025830401560006395
2 68 -0.12279329647765094
2 69 0.0004987305102849706
2 70 0.032770184563640357
2 71 -0.0035602016493013118
2 72 0.035565645160880351
2 73 -0.15069701712340272
2 74 0.13790935336386495
2 75 -0.07954338875683252
2 76 0.024005132867467416
2 77 0.085322181659354887
2 78 0.14329839335849318
2 79 0.06802143940419729
2 80 0.070150648534562238
2 81 -0.053380744544375504
2 82 -0.046920446036177552
2 83 0.041130863401091122
2 84 0.019001222711981253
2 85 -0.082239593169499844
2 86 0.14880995439840733
2 87 0.0032509430754452174
2 88 0.20494176146629384
2 89 -0.19156993085663188
2 90 0.010134919544350219
2 91 0.0078445063403729687
2 92 0.089430999956346541
2 93 -0.027495733976854276
2 94 0.055505755464484878
2 95 -0.061928775260617221
2 96 -0.10266817684001013
2 97 -0.14133341194602386
2 98 -0.080577565936088419
2 99 0.18345313418261455
3 4 -0.0082155958056759053
3 5 -0.034636361369334456
3 6 -0.20585241023349354
3 7 -0.025399732876303784
3 8 -0.00035628780806325915
3 9 0.053029798936540834
3 10 -0.020766297423868905
3 11 -0.029578851273482962
3 12 -0.097845002073401119
3 13 0.0066209910039433488
3 14 0.13462827350710455
3 15 0.074657099177185576
3 16 0.046917900102871557
3 17 -0.0044663670761503549
3 18 0.14800554553453824
3 19 0.15809618871501308
3 20 -0.20410908140479342
3 21 -0.0045652295668104567
3 22 -0.026654183107079888
3 23 -0.056145528396906889
3 24 -0.075652001212153694
3 25 0.082031583275011102
3 26 0.087690335136384287
3 27 -0.041757634422098268
3 28 0.15625848369289608
3 29 -0.011267689015649561
3 30 0.087247989495944409
3 31 -0.075162918031780351
3 32 -0.088190732344824677
3 33 0.063325854869017414
3 34 0.089467254962084852
3 35 0.065547507301900537
3 36 -0.015295550580294266
3 37 -0.030539552648988406
3 38 -0.02168187414591928
3 39 0.032019300540126132
3 40 0.1398056078244192
3 41 0.09375732659051865
3 42 -0.026692506542505996
3 43 -0.13400497670215261
3 44 0.0026784124945405442
3 45 0.020603557084274211
3 46 0.028020035167742013
3 47 0.029122731973050889
3 48 -0.084841567521627526
3 49 0.14878417711434999
3 50 -0.11696462950916214
3 51 -0.023835475594643375
3 52 -0.021489164758136919
3 53 0.19647080884722287
3 54 -0.098552701236178486
3 55 -0.1329400682355035
3 56 0.017766391128396303
3 57 0.089217514041535856
3 58 -0.039730348039138386
3 59 0.025372312198168618
3 60 -0.050656793722509155
3 61 -0.13692919276104262
3 62 0.13620102152814154
3 63 -0.03787341027450624
3 64 -0.16922508768015926
3 65 0.1167833527846201
3 66 -0.029600098032076833
3 67 -0.016346110150544196
3 68 -0.089948487157249124
3 69 0.019627847663163025
3 70 0.0078823994423390595
3 71 0.042260774239217445
3 72 -0.018744950215308108
3 73 0.03737767847563319
3 74 -0.13005487113326983
3 75 -0.034951362184558722
3 76 -0.13302655368252481
3 77 0.13673434738373222
3 78 -0.30148225984148902
3 79 0.044905508002379337
3 80 0.007122702316313719
3 81 -0.066671379522067448
3 82 -0.058952971173133951
3 83 0.1332212526774039
3 84 0.11959102747774047
3 85 -0.077996630794578622
3 86 0.03933965501122054
3 87 -0.082192480493532158
3 88 0.12733410446807716
3 89 0.18403226988363405
3 90 -0.13396248225434224
3 91 0.025611346495272171
3 92 0.16397247427898642
3 93 -0.12751751939902489
3 94 -0.11135358649147892
3 95 0.093821336121749158
3 96 -0.050215324707423785
3 97 0.070521584307513804
3 98 0.092915907836256917
3 99 -0.00032562842296954725
4 5 -0.026088282457008689
4 6 -0.081821621804671341
4 7 0.16676724638933671
4 8 0.027830658454213866
4 9 0.080838516510596717
4 10 0.086187603289233694
4 11 -0.029853594596623696
4 12 -0.047838141502642574
4 13 0.019632453581553157
4 14 -0.018883121582554716
4 15 0.023335526817192448
4 16 0.11314682053042047
4 17 -0.0052370268425141709
4 18 0.05502274512584604
4 19 -0.14818787357395832
4 20 -0.018473187374649661
4 21 0.040047652753360266
4 22 0.16719409767723337
4 23 -0.20672646584197754
4 24 0.002653984634499762
4 25 0.028614233180997768
4 26 0.014291737393942881
4 27 0.27155660842240764
4 28 -0.049608811940289869
4 29 0.039123093415809669
4 30 0.016728254829795158
4 31 0.07342502131262596
4 32 -0.11248792653814497
4 33 -0.021979945733250551
4 34 0.073416411246862948
4 35 0.055106145851877154
4 36 0.0010046311062093659
4 37 0.060139954709742885
4 38 0.03748206839147121
4 39 0.023753967431706723
4 40 -0.017085738480033971
4 41 -0.11455113683901284
4 42 -0.018107260018869146
4 43 -0.046032531169130621
4 44 0.026294656072000488
4 45 -0.073567828035783253
4 46 -0.17156272223796493
4 47 -0.0936641971198484
4 48 0.020507729162786346
4 49 -0.17824921026779897
4 50 0.16461977766210023
4 51 0.018601159920785187
4 52 -0.018712250811026017
4 53 -0.010862926900529993
4 54 0.16676309386756386
4 55 -0.15420854205628715
4 56 -0.024332481480176575
4 57 0.0034186919675214932
4 58 -0.072917031440382224
4 59 -0.085441936508513255
4 60 -0.043195113371361754
4 61 -0.1036844738838309
4 62 -0.14660842728591703
4 63 -0.093409923307260986
4 64 -0.091888993242743633
4 65 -0.1062857063674835
4 66 0.16557972007371605
4 67 0.099675762674625079
4 68 0.015066052502957408
4 69 -0.15438135172862313
4 70 -0.0014248031445968335
4 71 0.10017042154081766
4 72 0.2094707395794666
4 73 -0.16277231239298642
4 74 0.031125288798831582
4 75 0.018143681832336368
4 76 -0.062058739538843624
4 77 0.043977751696128033
4 78 0.25322109792252884
4 79 0.017127914223114001
4 80 -0.020333955279497537
4 81 0.059409929351135309
4 82 -0.046601450068595035
4 83 0.24372376135039839
4 84 0.20648228247227679
4 85 -0.065725493952892691
4 86 0.024389090594556125
4 87 0.15363650038726256
4 88 0.0060998357474543073
4 89 -0.08495438219242657
4 90 0.22761087522856194
4 91 0.16781286107058083
4 92 0.072575368498672604
4 93 -0.12386626903537519
4 94 -0.080877887503349455
4 95 -0.1609497654464293
4 96 0.063660979437736201
4 97 0.060166932410122123
4 98 0.075295265886047458
4 99 -0.075487861685499105
5 6 0.067731274770134672
5 7 0.028291478984201941
5 8 0.1267841580154746
5 9 0.14762665338611708
5 10 0.045680003731710432
5 11 0.1038063416810531
5 12 -0.031366488153863864
5 13 0.056240100292994588
5 14 0.085945245848809179
5 15 -0.037953630425356141
5 16 0.023508877492612056
5 17 -0.083363920177388529
5 18 0.043863565720910887
5 19 -0.035369473811554551
5 20 -0.025286385584155094
5 21 0.094616112394800278
5 22 0.033459225232757538
5 23 0.092528329903995524
5 24 0.12905962898845522
5 25 0.082536902257488054
5 26 0.065640729442141429
5 27 0.074297163669817076
5 28 0.074134542332239067
5 29 -0.1032061784004481
5 30 -0.046555810847104577
5 31 -0.033698881758941569
5 32 0.32901770299241845
5 33 -0.035216283982852689
5 34 -0.088495583900878139
5 35 -0.19823735808199733
5 36 -0.18578843225280239
5 37 -0.017179209561309843
5 38 0.085767427403344379
5 39 -0.036054260194434633
5 40 -0.024421783498087487
5 41 -0.033216880655241164
5 42 0.029194407664087152
5 43 -0.25338003909156259
5 44 -0.034625518786428354
5 45 0.0071538806655403924
5 46 0.029793823752352268
5 47 -0.020766742209279727
5 48 -0.067219469837483212
5 49 0.058467995213607432
5 50 -0.13426124062142628
5 51 -0.058546424982471673
5 52 -0.09319319499862419
5 53 0.036115839536999421
5 54 0.065216893574457799
5 55 0.0025125599215537219
5 56 -0.08098479906071554
5 57 0.0089076080667619319
5 58 0.042327590752494898
5 59 -0.08516059059393695
5 60 0.035307253603990695
5 61 -0.093471229501442932
5 62 0.0093304401840383425
5 63 -0.036316937769794624
5 64 0.13610920484433056
5 65 0.00051015679038493014
5 66 0.051211235890030453
5 67 0.02165167690624345
5 68 0.013828266115678953
5 69 -0.025211340829879681
5 70 -0.043752418159630477
5 71 0.16059935912195117
5 72 0.0096370387083999746
5 73 0.00067118308653574775
5 74 -0.011765307795924737
5 75 -0.0029808051021676957
5 76 0.11413628462991793
5 77 0.044697239372110766
5 78 0.0061836207629127303
5 79 0.034913416328543605
5 80 0.044455980703872799
5 81 -0.11292515334508851
5 82 0.10983946839141481
5 83 0.070465768917239879
5 84 -0.11330331907582579
5 85 -0.075426162435387134
5 86 -0.021817068331392714
5 87 -0.055200335861190636
5 88 -0.049505472412330213
5 89 -0.086453089636531255
5 90 0.13076189838149932
5 91 -0.053107646707788114
5 92 0.029879676633483249
5 93 -0.06750189612185091
5 94 0.10897593203603582
5 95 -0.0064934330449295617
5 96 0.078141225072413376
5 97 0.043298321293389619
5 98 -0.055960312461222565
5 99 0.020357292248773997
6 7 -0.0097897837065903104
6 8 -0.16386036771556711
6 9 0.16753370588623698
6 10 0.0639149927748804
6 11 -0.15321654879748722
6 12 0.13754030153017036
6 13 -0.015528144087965687
6 14 -0.044742960146819388
6 15 0.10764576676920441
6 16 0.047520443940390768
6 17 -0.019387768006723309
6 18 -0.20213360299747021
6 19 0.010827287214528161
6 20 0.049124460885442603
6 21 -0.14585617348325131
6 22 0.038724019477355758
6 23 0.06994959478157188
6 24 -0.14282358443553705
6 25 -0.010636291748679423
6 26 0.033350573711236745
6 27 0.15787315801097088
6 28 0.14405183105480843
6 29 0.11008974840647293
6 30 0.1615503287101763
6 31 -0.00040209828249623846
6 32 -0.0057523235349133161
6 33 -0.067012738946725256
6 34 0.030448625982451679
6 35 0.044839734517531898
6 36 0.020250663431602985
6 37 0.031952489432141039
6 38 0.052855359975741117
6 39 -0.027083355368441139
6 40 0.27900478158063552
6 41 0.14002206491603686
6 42 0.05556241013262047
6 43 -0.074442461856368575
6 44 0.065191144081917271
6 45 0.0095665654130151073
6 46 0.022090188243020628
6 47 0.047625480628198838
6 48 -0.18149817003747076
6 49 -0.11193875208896163
6 50 -0.085737750811697933
6 51 0.032747406445692816
6 52 0.055205185024127204
6 53 0.1632754594271475
6 54 0.036092209219147464
6 55 -0.21024797232317116
6 56 -0.048004188697914521
6 57 -0.035837288641272329
6 58 0.12817507174641343
6 59 0.025282606069013926
6 60 0.1164044154424807
6 61 -0.0059226511056410048
6 62 -0.0052724433795687756
6 63 -0.011024665741068161
6 64 -0.06157427852220252
6 65 0.0074479768730745469
6 66 0.024222701532492317
6 67 0.024277829875190129
6 68 -0.087300736047087643
6 69 0.0057311902013419645
6 70 0.0131147117580638
6 71 -0.0066776920260899
6 72 0.071473603848938555
6 73 -0.061644860740069633
6 74 -0.074480836176948381
6 75 -0.12195585360486577
6 76 0.18308448955896831
6 77 0.032224181940663142
6 78 0.016116933759194024
6 79 -0.067805498194916811
6 80 0.030147677038978134
6 81 -0.092687131116511987
6 82 0.074188658404508709
6 83 0.0043801694051254407
6 84 -0.081249385769409613
6 85 -0.0037238384087649279
6 86 0.083954736392972504
6 87 0.10394951498144214
6 88 0.050904850346952413
6 89 -0.14925328576987357
6 90 0.095556777037443252
6 91 -0.047949919381524084
6 92 0.15768432502253932
6 93 0.14650005366476232
6 94 0.13434538795932202
6 95 -0.014250797330869938
6 96 0.16482269971072402
6 97 -0.022162904286843407
6 98 -0.068946988812872298
6 99 -0.025442357719876643
7 8 0.05139507228015236
7 9 -0.24208664362895049
7 10 0.15193463669448315
7 11 0.056200281710048296
7 12 0.051932525179330183
7 13 0.0042877243944329539
7 14 -0.01799455449742542
7 15 0.18033954517897063
7 16 0.1285108907506522
7 17 -0.058315591829553863
7 18 0.043070700629121925
7 19 -0.054215747221383559
7 20 -0.06077361221320772
7 21 0.17067922143242642
7 22 0.0074476802352469677
7 23 0.01782965863895267
7 24 -0.11714278478451612
7 25 0.061713331070359527
7 26 -0.043874543090208676
7 27 0.13420309898103633
7 28 0.04842661221442552
7 29 0.020218890081629935
7 30 -0.11226031453403325
7 31 -0.090245073552398289
7 32 -0.059739955022741514
7 33 -0.11409463469910933
7 34 0.064283321614589023
7 35 -0.10797069110589959
7 36 0.043191476259326796
7 37 0.13006756006525971
7 38 -0.020086200889176412
7 39 -0.11818179203044793
7 40 0.014456432381991966
7 41 0.040705584920681548
7 42 0.079865963065776743
7 43 -0.10665077698647558
7 44 0.16936048253478433
7 45 -0.045626975650427615
7 46 0.14007513891912657
7 47 -0.16082250998515785
7 48 -0.097510011552822698
7 49 -0.15601306417424637
7 50 -0.13919310820822917
7 51 -0.057216480616445409
7 52 0.032802722890993188
7 53 -0.051983030414521042
7 54 -0.14342443176265315
7 55 0.01368042100080917
7 56 0.0026077898633827066
7 57 0.020582912543692291
7 58 0.25319334356539047
7 59 0.071553276982315436
7 60 -0.02808099101208459
7 61 -0.06460759107602379
7 62 0.050553850260141024
7 63 0.10304341514094467
7 64 0.091609055232625858
7 65 -0.03229331963512079
7 66 0.092558498934104283
7 67 -0.13483762097227128
7 68 -0.010178699815824255
7 69 -0.20682680841275591
7 70 -0.030030228617746065
7 71 0.0083349411389202609
7 72 0.39643704039458061
7 73 -0.1483499017087628
7 74 0.13975262652952117
7 75 0.031015654522231012
7 76 -0.084508981398612737
7 77 0.079068045528703432
7 78 0.016317221178336956
7 79 0.12694784912644139
7 80 0.15288011428601778
7 81 -0.04172373550309276
7 82 0.0027083663044381832
7 83 0.064963455621939059
7 84 0.13426064092701537
7 85 0.022516158519562547
7 86 -0.070286579610480446
7 87 -0.06100445359580689
7 88 -0.17088964373387486
7 89 0.13591265375194117
7 90 -0.007145186763417799
7 91 -0.084196906638142846
7 92 0.014495007613879432
7 93 -0.073004915521390046
7 94 0.051862151315879984
7 95 -0.059412559226604933
7 96 -0.011554728759120132
7 97 -0.021353041099328063
7 98 0.024031114005058724
7 99 -0.039395823942032865
8 9 -0.018953543532294087
8 10 0.051482742155598817
8 11 -0.063732853619157467
8 12 0.046936762172120991
8 13 0.15682186914773921
8 14 0.021239695655652348
8 15 -0.023629179252303446
8 16 0.1045503948369597
8 17 -0.094560987264513424
8 18 0.086565806229546238
8 19 0.02064111789957436
8 20 0.0545922379612164
8 21 0.028014548494792197
8 22 0.049333706226185631
8 23 0.059930152490927591
8 24 -0.039874344889477289
8 25 -0.077038417538653037
8 26 0.085138173539347106
8 27 0.064572050918388899
8 28 0.078969076525731319
8 29 -0.0017064264595828397
8 30 0.070165793334880863
8 31 0.016440938574995578
8 32 -0.10691835617413742
8 33 0.054215751510814592
8 34 0.081174111032420906
8 35 0.16664556076571901
8 36 0.02348759059196074
8 37 -0.13729599593388861
8 38 0.03314429369228461
8 39 -0.13198726562179539
8 40 -0.0038588290767461314
8 41 0.072517159898333558
8 42 -0.017891387781217672
8 43 0.16106478678253158
8 44 0.046916654730294889
8 45 0.017271279423192801
8 46 -0.019077286377644886
8 47 -0.096920403001478958
8 48 -0.06535230856069052
8 49 -0.019637409588213431
8 50 -0.0037628496461283886
8 51 0.090088597001350398
8 52 -0.032920515115106491
8 53 0.22816825492329387
8 54 -0.034460579344284814
8 55 -0.044691833969735438
8 56 0.055839004083982013
8 57 -0.045677642849756617
8 58 -0.066907676271710084
8 59 0.02858591421293126
8 60 0.10225901105289903
8 61 1.2562271493959414e-05
8 62 0.059431594592585985
8 63 0.049793372189146624
8 64 0.031289765197085075
8 65 -0.075606384367044602
8 66 -0.078932201178373268
8 67 0.023822592906550252
8 68 0.0089622520885956538
8 69 0.036137101961659
8 70 0.055130104271500446
8 71 -0.026265121072640746
8 72 0.029593291506099646
8 73 -0.029382096973554817
8 74 -0.077109513069948912
8 75 -0.058295088568192238
8 76 -0.03059257727439247
8 77 -0.045957852844756092
8 78 -0.052074220021380936
8 79 -0.12435603238985021
8 80 0.064493226805845558
8 81 0.0064942240568638086
8 82 -0.17894516629222038
8 83 -0.09758740949811473
8 84 0.23642745014760447
8 85 0.063008894016061315
8 86 -0.20516795111580013
8 87 0.10545408994510885
8 88 0.075623408852854276
8 89 -0.18285149167816961
8 90 0.10910234508401072
8 91 -0.0073761079430020946
8 92 0.033296288604725742
8 93 -0.04624007460399833
8 94 0.033311000639987445
8 95 -0.077360609349421475
8 96 -0.0191949921877572
8 97 0.068813965600213176
8 98 0.15485201952393807
8 99 0.012292649834960196
9 10 0.078601617337107771
9 11 0.096439953265016587
9 12 0.22326673128934835
9 13 0.086515837594986128
9 14 0.043836435129029044
9 15 0.1410437779033715
9 16 -0.070212333032653521
9 17 0.10932389086072686
9 18 0.047350642031402067
9 19 -0.12021485155594498
9 20 -0.12066286844256686
9 21 -0.020860424440305683
9 22 -0.08663655394120684
9 23 -0.10941222412770668
9 24 0.042158891718949203
9 25 0.016333124475656071
9 26 0.03123460811148647
9 27 0.040347147198993079
9 28 -0.1160416087630629
9 29 -0.038736809044756237
9 30 -0.087297627037670689
9 31 0.11446943250828941
9 32 0.011848968625981962
9 33 -0.0084505786993051696
9 34 -0.057463303739499261
9 35 -0.20338665533457762
9 36 0.021874856573835859
9 37 0.15356992796293262
9 38 -0.032523334648713549
9 39 -0.091176272295312277
9 40 -0.10264908686037799
9 41 -0.050265482740233118
9 42 -0.052207834805143849
9 43 0.025066203530305472
9 44 -0.041322147384830886
9 45 0.11316460371056306
9 46 0.13893507262659474
9 47 -0.16002453013208756
9 48 0.1366769154800804
9 49 0.017349909280237448
9 50 0.019913542750433125
9 51 -0.039669353877847043
9 52 -0.13282923088879506
9 53 0.10974383489359979
9 54 -0.17508698102459053
9 55 -0.024046831582169689
9 56 -0.075979953193659508
9 57 0.025807044678081849
9 58 -0.1250560657724456
9 59 -0.2407905766266335
9 60 -0.17183182512446724
9 61 -0.083348195174596448
9 62 -0.053433723070179399
9 63 0.1545121753422746
9 64 0.082683052972206572
9 65 0.077909238361704478
9 66 -0.14657084443690546
9 67 -0.24465664015918942
9 68 0.019892909143732949
9 69 -0.062850961399091992
9 70 0.063573962490230701
9 71 -0.13009976381288754
9 72 0.10719218393485615
9 73 -0.017615678493477848
9 74 0.067465027209030012
9 75 0.022963082118551331
9 76 0.062895863018988862
9 77 0.018486386035347861
9 78 -0.11662338635960945
9 79 -0.034039407651968077
9 80 0.13955648380384025
9 81 -0.01396733284752886
9 82 -0.14585324974503652
9 83 -0.044174883353353116
9 84 -0.14509929623369408
9 85 -0.16246660182280659
9 86 0.030721868097358593
9 87 -0.022218015891394251
9 88 0.010426554443623573
9 89 0.045913399358850623
9 90 -0.10131920147252567
9 91 0.064090523437385638
9 92 0.043644190058700211
9 93 0.01762351148569757
9 94 -0.036927538997084182
9 95 -0.11368104165529219
9 96 -0.019443068968365829
9 97 -0.12234911021833483
9 98 -0.13144270879583939
9 99 0.040301968080649661
10 11 -0.062023291949655883
10 12 -0.13411092094139512
10 13 0.12444743499810543
10 14 0.0075720357093701108
10 15 -0.15792815081788991
10 16 -0.063645881838968063
10 17 -0.062873171155767835
10 18 0.075681408685645019
10 19 -0.13618752806474149
10 20 0.017849917188409361
10 21 0.17684952959271341
10 22 0.027460860019988181
10 23 -0.12736149586781431
10 24 0.041849261842532959
10 25 -0.1081304264338407
10 26 -0.14251839830839425
10 27 0.0351011631514654
10 28 -0.0072368102074445969
10 29 0.10339873478721984
10 30 0.18951158008346033
10 31 0.032511001461782513
10 32 -0.059907745070960375
10 33 0.13109992179267443
10 34 -0.064472030290794555
10 35 0.00088259563392129232
10 36 -0.21322246945847195
10 37 -0.010453093769347506
10 38 0.041393882103032548
10 39 0.02022351474549965
10 40 -0.10529303339183343
10 41 -0.014094401294705412
10 42 -0.019028146513978026
10 43 -0.10465153035047026
10 44 -0.071701844591746638
10 45 0.093195659569503556
10 46 -0.14862440130062213
10 47 -0.0022208910613931471
10 48 0.12024319245623689
10 49 0.10007243880654609
10 50 0.054325086151381458
10 51 -0.11861297746456807
10 52 -0.16482280295422908
10 53 0.0094336023628238744
10 54 -0.086290817419739721
10 55 -0.061175602557867186
10 56 0.041399292596191815
10 57 0.15442317213511869
10 58 -0.029404397352352837
10 59 0.15706922349242819
10 60 0.049170345902314075
10 61 0.10405536457603984
10 62 -0.01060476608401887
10 63 -0.12510340303142384
10 64 -0.15944106827795887
10 65 0.088822839990399763
10 66 0.015718198685324685
10 67 0.085599670146929152
10 68 0.05204493256113505
10 69 -0.1034203215682688
10 70 0.14937352178781069
10 71 -0.016307699677094691
10 72 -0.14906607735241206
10 73 0.097496577270310997
10 74 -0.13121070234033461
10 75 -0.10372813481702747
10 76 -0.087370822312620278
10 77 0.033844079856737923
10 78 -0.070257208622987469
10 79 -0.13191401252528576
10 80 -0.050282942378821728
10 81 -0.19534208040118703
10 82 0.10327658176122415
10 83 -0.10384921046888372
10 84 -0.080236838727712465
10 85 -0.06530505387069091
10 86 -0.11039360279533283
10 87 -0.084701248514761851
10 88 0.058548587670483578
10 89 0.1215189333902289
10 90 -0.014769894996129905
10 91 -0.054675294669796495
10 92 0.081831415968775578
10 93 -0.02266938070493979
10 94 0.01144817836070175
10 95 0.013933167022272281
10 96 -0.043235860580979571
10 97 -0.0045995025942981152
10 98 0.062373065405724508
10 99 0.12260971111530371
11 12 -0.043255210455614007
11 13 0.050293509508207879
11 14 0.082299847923274425
11 15 0.0045095898644195633
11 16 -0.010902094887939237
11 17 0.13259109153335133
11 18 0.074426580736152298
11 19 0.074629235926498574
11 20 0.080004102398024232
11 21 0.061322051255929447
11 22 0.08558026960236545
11 23 -0.011750219353990439
11 24 0.17912582260519505
11 25 0.070764367219122645
11 26 -0.010842293115096293
11 27 0.016782955753701895
11 28 0.1052309112121588
11 29 -0.0003005345803879806
11 30 -0.2097757170738227
11 31 -0.094678698650707313
11 32 0.097947062908870647
11 33 -0.028673383772494367
11 34 -0.071333958082541421
11 35 -0.0036381875629275875
11 36 -0.044428134713198217
11 37 -0.052287315213439094
11 38 -0.035975817898181349
11 39 0.10992989081156151
11 40 -0.12530075270562477
11 41 -0.0059284310978352439
11 42 -0.082228566908455314
11 43 0.081208598380907382
11 44 -0.055161252018095332
11 45 0.1202733730595279
11 46 -0.18371994568303859
11 47 0.034433705274893388
11 48 0.016600767237887348
11 49 0.12415313915483338
11 50 -0.049522317549308373
11 51 0.079535523172159561
11 52 -0.11080074219264729
11 53 0.003555480242587956
11 54 0.071913836686206503
11 55 -0.17243010165908779
11 56 -0.10706017975924108
11 57 0.040736011388670723
11 58 -0.054784485462909233
11 59 0.18916244784486319
11 60 0.05190940014192405
11 61 -0.10673945338876856
11 62 0.20041511988385252
11 63 0.065770569824783631
11 64 0.12171955968994647
11 65 0.053274137036224328
11 66 -0.040811089889625257
11 67 -0.025836342532930351
11 68 0.04383811071364821
11 69 -0.032081662461017242
11 70 -0.055780530822587972
11 71 0.033461535390848944
11 72 -0.03673683535840544
11 73 -0.00086834027628525596
11 74 0.0085803227477436773
11 75 0.051189877454542357
11 76 -0.034604740535785661
11 77 -0.16282754051172593
11 78 0.066507148502881239
11 79 0.1543432779949096
11 80 -0.11413257313128365
11 81 -0.051351082733421718
11 82 0.055326906299490657
11 83 -0.084636195851383517
11 84 0.004800900335456491
11 85 0.041587611147744057
11 86 0.028147015658226162
11 87 0.01810563961153366
11 88 -0.023845285201542318
11 89 -0.062280372223954522
11 90 0.16673662308221207
11 91 0.26353430763610602
11 92 -0.083992608216105741
11 93 -0.13619784853616793
11 94 0.070504520251963146
11 95 -0.056021220749687531
11 96 -0.20925242159444798
11 97 0.064199509938167476
11 98 -0.00053355554701534959
11 99 0.055757048515629862
12 13 -0.13360084605060391
12 14 -0.07025752595548819
12 15 0.0023024323818483269
12 16 0.04455784684420195
12 17 -0.003332594511853379
12 18 -0.044349715011230063
12 19 0.17488116094921821
12 20 -0.019672845825681264
12 21 -0.1241032426328945
12 22 -0.015360254662376067
12 23 0.066886908508360959
12 24 0.0026787212410651052
12 25 -0.020490240407174128
12 26 -0.22368459463362034
12 27 -0.022408472168216884
12 28 -0.050272156448298834
12 29 0.049428250130252482
12 30 -0.082587811593016827
12 31 -0.3170781669065208
12 32 -0.23670419865847048
12 33 0.0078109537108354407
12 34 0.078792913296222497
12 35 0.14401149147163747
12 36 0.095707704493589188
12 37 0.048810645871477959
12 38 -0.071053307167634777
12 39 -0.16183578183832348
12 40 -0.057274416342779889
12 41 -0.045794529307372302
12 42 0.18652437399793462
12 43 0.046717408062630049
12 44 -0.051907271139841643
12 45 -0.29061007734709304
12 46 -0.066912443369648675
12 47 0.061330038152111459
12 48 -0.042436837054741584
12 49 -0.044221130632879434
12 50 -0.014930502699094659
12 51 0.060890425648084459
12 52 -0.040055104156678442
12 53 0.19706000202380963
12 54 0.035616801388720878
12 55 0.068719117554396664
12 56 -0.051938702801200332
12 57 -0.079478656538677125
12 58 -0.074964481568896582
12 59 0.027409719635309922
12 60 -0.23077049973159913
12 61 0.034585704625364824
12 62 -0.096626566157992019
12 63 -0.14701530708913424
12 64 -0.13685138955440873
12 65 0.06449887725715632
12 66 0.098361150808504549
12 67 0.069877114531515044
12 68 -0.036907849358645883
12 69 -0.026744537350941757
12 70 -0.060509070777062912
12 71 -0.0095543292297496449
12 72 -0.030539946193253065
12 73 -0.0057557831675444232
12 74 -0.18539987431892702
12 75 -0.033275511635139962
12 76 -0.078243814755132146
12 77 -0.041925475185243893
12 78 0.085598494443969553
12 79 0.012153542370674023
12 80 -0.022624821418832045
12 81 -0.15280634314827679
12 82 6.9244593827928809e-05
12 83 -0.032683559442515407
12 84 -0.07215081768390251
12 85 0.013851766814379628
12 86 -0.029065142658162332
12 87 -0.02220307922793497
12 88 -0.052308588785256072
12 89 -0.025635402556893852
12 90 -0.027194331743969447
12 91 0.040311534428631224
12 92 -0.17114835480552965
12 93 0.097480480862759386
12 94 -0.079119144722541696
12 95 0.12000951017929616
12 96 0.16170018842282105
12 97 -0.017995051864048657
12 98 -0.022642277375161272
12 99 0.11539100744673247
13 14 -0.023089369990273476
13 15 0.010524601346049264
13 16 0.046049507939979778
13 17 0.028923498572199221
13 18 -0.045903319262601314
13 19 0.041585369898587549
13 20 -0.040244984521245121
13 21 0.031725923597367443
13 22 0.053434532338329746
13 23 0.047605517801606982
13 24 0.053558071565480647
13 25 -0.074628807414650403
13 26 -0.062490595793162323
13 27 -0.019089817470350198
13 28 -0.095431544526784373
13 29 0.046937466540892217
13 30 -0.0039741089873889983
13 31 -0.0028378639999563941
13 32 0.013911586050437616
13 33 0.19414737329585796
13 34 0.050365188480939599
13 35 0.12379104250538023
13 36 0.11007298286994516
13 37 0.040943634782469401
13 38 0.08189995427509332
13 39 0.058075796273203341
13 40 0.029379810051728773
13 41 0.074585696296822088
13 42 -0.11758619880368529
13 43 0.090288789458839669
13 44 0.019649509035574098
13 45 -0.099739942163357159
13 46 0.11919580086219297
13 47 -0.1367819868740556
13 48 -0.13829343183611167
13 49 0.061622833595533902
13 50 0.022510264515612072
13 51 0.12744680888042742
13 52 -0.040996810564918607
13 53 0.12536913934935034
13 54 0.017902664879135177
13 55 -0.069901424182660515
13 56 -0.10729035613945662
13 57 0.011714392912855066
13 58 -0.045907874155555313
13 59 0.018196266235565254
13 60 -0.14085023288922358
13 61 0.014139887822358114
13 62 0.0022991124191263732
13 63 -0.014683633304025185
13 64 -0.089404806649978283
13 65 -0.059768983791151302
13 66 -0.042251017898341479
13 67 0.13603423227385444
13 68 0.029373600088848945
13 69 0.063709076712136686
13 70 0.040142325573328808
13 71 0.025768072447671399
13 72 -0.18841899428018891
13 73 -0.18354682787825891
13 74 0.094589900020379897
13 75 -0.38394152054475983
13 76 0.073500103562519944
13 77 0.022069332232062842
13 78 0.078368900915201489
13 79 0.16307969336234873
13 80 -0.032077476328415892
13 81 0.12155570588276109
13 82 -0.16351377370903625
13 83 0.0039096416631169712
13 84 0.10153442653846628
13 85 0.093540810626935145
13 86 0.038304382697973691
13 87 0.053029892342189522
13 88 -0.053686624321489421
13 89 0.13295783435163161
13 90 0.14430189109285238
13 91 0.15355559093909479
13 92 0.17517166097791811
13 93 0.046608288664211329
13 94 -0.017787294802700814
13 95 -0.018809648918540409
13 96 0.081050463286184149
13 97 -0.032126493445780224
13 98 0.11512806238507148
13 99 -0.012710077744163294
14 15 -0.065406983045213737
14 16 0.071468335304039426
14 17 0.0016389007730274242
14 18 -0.062942900825943102
14 19 -0.076030574289694425
14 20 0.091398092336560877
14 21 0.039664420320771887
14 22 0.093701371217658092
14 23 0.016901890454302633
14 24 0.096814963274361829
14 25 -0.11584847097403597
14 26 -0.030214546139984685
14 27 -0.0013137261880410119
14 28 -0.036941193755462273
14 29 0.048988422936896314
14 30 -0.13534571051655245
14 31 0.10071009994571506
14 32 0.012828840901677957
14 33 0.15364169269391728
14 34 -0.056452656805360726
14 35 -0.11256991432111854
14 36 0.003060799529350889
14 37 0.021447375570662175
14 38 -0.050364776366431899
14 39 -0.038627226342242964
14 40 -0.027718703747441332
14 41 0.11975658589845556
14 42 0.1317424727360029
14 43 -0.11124755828012281
14 44 0.081435344754434161
14 45 -0.055648559488557028
14 46 0.1469497818622407
14 47 0.070584616105015735
14 48 -0.10146307608368761
14 49 0.010443466426885678
14 50 -0.031003027979025124
14 51 -0.053541417667648972
14 52 0.18470324169049646
14 53 0.23613553609757088
14 54 0.050857931559088847
14 55 -0.044678732896101213
14 56 -0.078200620736822379
14 57 0.13958813028498099
14 58 0.054584340246602761
14 59 -0.13613504789000361
14 60 0.021615294629667731
14 61 -0.12992396916494606
14 62 -0.075190777008202869
14 63 -0.068410799389403684
14 64 -0.026002638106926365
14 65 -0.064125890114991799
14 66 0.09905647466262367
14 67 0.013588852630613591
14 68 -0.10230925172972766
14 69 -0.0063425188846697768
14 70 -0.041100402256871039
14 71 0.16813250602978816
14 72 -0.14824179290364209
14 73 0.061211394711095449
14 74 -0.14396401846290238
14 75 -0.0050238823897154339
14 76 0.0059755493982677054
14 77 -0.01105079149223067
14 78 0.032025362549036256
14 79 0.0024409866379855273
14 80 -0.22085548559747781
14 81 -0.020579690263179802
14 82 -0.049678348814741619
14 83 -0.032359735076542738
14 84 -0.15669213442509811
14 85 0.11676012189372227
14 86 0.089185812245483609
14 87 -0.0051870372417326706
14 88 -0.062094917863914627
14 89 0.019922629317852204
14 90 -0.0048464689748355912
14 91 -0.0077514014398227631
14 92 -0.10328947270648953
14 93 -0.088851140097039871
14 94 0.14990036725951966
14 95 0.055024944613574378
14 96 -0.052319157443880361
14 97 -0.11066124337550354
14 98 -0.011621661879774295
14 99 0.029584208321187851
15 16 0.13578447012170564
15 17 -0.021592543704137376
15 18 0.22217196258563382
15 19 -0.0068507102124571494
15 20 0.041748061419435933
15 21 0.15104112474614662
15 22 0.086476171487078535
15 23 0.11156600081364379
15 24 -0.041599594640083587
15 25 -0.037808610397304238
15 26 0.011761903564043427
15 27 0.10969895795428511
15 28 0.051146102011746963
15 29 -0.16015544533450021
15 30 0.1415338910373701
15 31 0.061198143802224061
15 32 -0.1675834445053534
15 33 -0.078738229616417757
15 34 0.049734717680216874
15 35 -0.093845287833966104
15 36 0.012647630682719652
15 37 -0.024333530994916516
15 38 0.070964859745428849
15 39 0.21808480448613399
15 40 -0.064139937977741632
15 41 0.070701006189055643
15 42 0.13175650704478842
15 43 -0.13852673521152889
15 44 0.19989059523105981
15 45 -0.080804926005652991
15 46 0.13903103542140141
15 47 -0.17529354998599317
15 48 -0.002859932373701436
15 49 0.093289728622416745
15 50 0.064990984038803115
15 51 0.1732805104309203
15 52 -0.22955064134105646
15 53 0.0086759779766743244
15 54 0.034981901058542195
15 55 0.026464234257004778
15 56 -0.062824856875786581
15 57 -0.13015183737975719
15 58 0.048964008327256059
15 59 0.10670274690723565
15 60 -0.0060834932428699365
15 61 0.020682484300525675
15 62 -0.033370408949171447
15 63 -0.22125834918042209
15 64 -0.17735875808983276
15 65 -0.00085971218277475594
15 66 -0.11424546148297142
15 67 -0.0035349393588897113
15 68 -0.09996744893631887
15 69 -0.14256747301644798
15 70 0.062524168576037931
15 71 -0.092551447862012304
15 72 0.17159470308235517
15 73 -0.066038541253700331
15 74 -0.049273629773948016
15 75 -0.32483490980794116
15 76 -0.22352952299191939
15 77 -0.15733623854352041
15 78 -0.11729140680270263
15 79 -0.10534689514622385
15 80 -0.019657297050231809
15 81 -0.086658539203285784
15 82 0.046369949274626988
15 83 -0.09742355263319849
15 84 0.15626978890437737
15 85 -0.044195068855107954
15 86 -0.010990468267767971
15 87 0.06839638325667835
15 88 -0.11799622592180324
15 89 -0.086814993262480045
15 90 0.12169046593352401
15 91 0.11961045921550661
15 92 -0.0071987616879469673
15 93 -0.13472537050389319
15 94 -0.064637816242523669
15 95 -0.11307283637047311
15 96 0.029459508395546209
15 97 -0.024369146240645314
15 98 0.080638661092538963
15 99 0.021975357395833586
16 17 -0.017919456853018326
16 18 -0.19682297637307833
16 19 -0.0054605842127205028
16 20 0.20474170041689704
16 21 0.05460089416358134
16 22 0.023349504439261388
16 23 0.06143877691728622
16 24 -0.075104702616342348
16 25 -0.049234327075970412
16 26 0.14197381854819635
16 27 0.065799257216933776
16 28 0.085221177914222346
16 29 0.029097789462651152
16 30 -0.11767197606822183
16 31 0.022229630713279172
16 32 0.055314870088091661
16 33 -0.042190543112975439
16 34 -0.10961896377393898
16 35 0.031475891928702017
16 36 -0.1129031617149084
16 37 0.10628050773949843
16 38 0.18325825295668299
16 39 -0.059734363311125915
16 40 -0.010921935476181661
16 41 -0.02192890691919145
16 42 -0.041021512431514327
16 43 0.0072718081397596035
16 44 0.15868388511340414
16 45 0.018640943658126168
16 46 -0.1038543692341448
16 47 0.17345732091541663
16 48 0.0030531257776041645
16 49 0.10199512753247171
16 50 0.027941781424611165
16 51 0.025928451476443411
16 52 -0.13719754753275809
16 53 0.19506975560743767
16 54 0.021910414810422576
16 55 0.046888457512804155
16 56 0.029582156687788626
16 57 0.0039976737821581362
16 58 0.1489892306015379
16 59 -0.021627677941587067
16 60 0.041150975125239228
16 61 0.094329542905854727
16 62 0.06240387392554874
16 63 -0.12907969994413254
16 64 -0.053520694239178004
16 65 0.11798928260310802
16 66 0.23695923505035457
16 67 -0.093434788779419312
16 68 -0.075303425829211859
16 69 -0.04410427481009583
16 70 -0.028082960083017236
16 71 -0.20953131401973574
16 72 0.20648128375550795
16 73 0.0001691875245393934
16 74 -0.15291264341373306
16 75 0.14067688916702697
16 76 -0.085009334027329214
16 77 0.022558035223291507
16 78 0.1212859815977647
16 79 0.11415982544712332
16 80 0.034843043487081088
16 81 0.048518115371386464
16 82 -0.013408130976241231
16 83 0.033000527479427576
16 84 -0.047780618355470844
16 85 -0.046578614173353267
16 86 0.11724008827359947
16 87 0.082319837167279392
16 88 0.079339710358185433
16 89 0.00010770817270694988
16 90 -0.096503940839399893
16 91 0.02979020354317069
16 92 0.074029954460273606
16 93 0.067984844825639476
16 94 -0.065121163235973986
16 95 0.2014440502660175
16 96 -0.050235651310472085
16 97 -0.0274758189806397
16 98 -0.028602317487786518
16 99 -0.092942632618049123
17 18 0.089311019518646048
17 19 0.18772743265365471
17 20 0.10735690503316958
17 21 -0.011595231124144074
17 22 0.022158589568259623
17 23 0.010524111279262961
17 24 -0.15491793740785412
17 25 -0.00089124493921750056
17 26 0.068130583911565124
17 27 -0.030852547377838126
17 28 -0.015222890028276804
17 29 0.038351003739702717
17 30 -0.058261184100071528
17 31 0.18143516354636868
17 32 -0.027710024500850645
17 33 -0.017292075984877794
17 34 0.064904187940615463
17 35 -0.18193124511747077
17 36 0.021461618261956819
17 37 -0.12228846303623651
17 38 -0.11693078226339003
17 39 0.14098293520878674
17 40 -0.17676790391741459
17 41 -0.025275946747944478
17 42 0.166150721367603
17 43 0.020056309137147729
17 44 -0.06177797630685309
17 45 0.007515846228823792
17 46 0.17570235932088188
17 47 0.079194387918375492
17 48 0.19119366744276467
17 49 -0.022692640484159907
17 50 0.17366148298316425
17 51 -0.035066508400057865
17 52 -0.0053211213977941638
17 53 -0.018986513368545732
17 54 -0.085289476285233923
17 55 -0.0031433578207008851
17 56 0.11389964003611291
17 57 -0.027901315568619259
17 58 -0.057366110878563407
17 59 0.023300545143700224
17 60 0.035390760348959431
17 61 -0.11883233527342126
17 62 -0.011477131569299271
17 63 0.12008947811169142
17 64 0.017507553312733487
17 65 -0.003498052840797464
17 66 -0.085795494808185185
17 67 0.056078066523211949
17 68 0.042564754333178217
17 69 -0.0095844228223651313
17 70 0.03950546815702393
17 71 0.07918045304198211
17 72 -0.19107469222420898
17 73 -0.10505449697693876
17 74 0.11579039109714491
17 75 0.01749437727795598
17 76 -0.021575586126657737
17 77 0.081424797176734398
17 78 -0.0041914912847592087
17 79 -0.13369193039898666
17 80 0.082183198111432432
17 81 0.12387197568959984
17 82 0.027730309597490718
17 83 -0.08265075741882888
17 84 -0.009242893023783413
17 85 -0.11880547191868517
17 86 0.16477842067788892
17 87 -0.072426196342319629
17 88 -0.027534821032315138
17 89 -0.13609343428496254
17 90 -0.063993849128078359
17 91 0.013907199701340141
17 92 0.2456630140336801
17 93 -0.16775636036247879
17 94 0.19281995012820505
17 95 -0.057192671541154053
17 96 -0.068802424175457802
17 97 -0.029966410140862477
17 98 0.067978661061232723
17 99 0.0099445772890457418
18 19 0.036987535448339631
18 20 -0.01838836768502379
18 21 -0.0062558192014522691
18 22 0.031644097100964316
18 23 0.025199117492139617
18 24 0.21414411723645035
18 25 -0.062418604813323342
18 26 0.015987738771298214
18 27 0.088010427276862951
18 28 -0.16359386823321764
18 29 0.080402898789484589
18 30 0.10896527316235186
18 31 -0.18552381801030127
18 32 0.035570259306799787
18 33 0.12159099664505012
18 34 0.10645556761886975
18 35 0.14845050083257696
18 36 0.12726775515320896
18 37 0.11552197860629061
18 38 0.13109405143378633
18 39 0.15253526040989063
18 40 0.11372002596494582
18 41 -0.070275061679399634
18 42 -0.049614335396395662
18 43 -0.00049187272817034853
18 44 -0.18503745974427308
18 45 0.097991061178154953
18 46 -0.044702246391748468
18 47 -0.051562786041745003
18 48 0.059382645188954669
18 49 0.04989443840315113
18 50 -0.057982346602953122
18 51 0.059029144853237327
18 52 0.072052882561146767
18 53 0.10525381622118984
18 54 -0.14205431440408009
18 55 0.13179785161535318
18 56 0.12010571439525181
18 57 -0.053580916104978983
18 58 0.091246295327298388
18 59 0.051916858650142263
18 60 -0.12925127303508141
18 61 0.011363866879312042
18 62 0.0080329895015690163
18 63 0.041281049460147323
18 64 -0.11827604833231531
18 65 -0.096026925621945272
18 66 -0.19676343125437798
18 67 -0.0057719265882937923
18 68 0.22046937833362953
18 69 -0.034087215902293605
18 70 -0.011014466077039072
18 71 -0.058333783617839655
18 72 0.012847307624008189
18 73 -0.12606615331343954
18 74 0.090590947052913012
18 75 -0.005727285008769731
18 76 0.0065048126519285272
18 77 -0.19302534424308337
18 78 0.058888178872610233
18 79 -0.043951297587279649
18 80 -0.0098968298786160473
18 81 0.1018652254587069
18 82 -0.065138612657893488
18 83 -0.16512912577724795
18 84 -0.085839537993499457
18 85 -0.0069583030564956587
18 86 0.068606835409254122
18 87 -0.24144040632780259
18 88 0.048205981852084287
18 89 -0.055648317759135972
18 90 -0.069417969018704409
18 91 -0.075018137423143047
18 92 -0.066733559610162016
18 93 0.055083685866603706
18 94 0.028636276475651798
18 95 -0.1449312906637443
18 96 -0.036014032665845942
18 97 -0.084724307724333647
18 98 -0.086148940905338089
18 99 0.015884230886663239
19 20 0.066326973682513043
19 21 -0.15621116423810844
19 22 -0.090952279798907354
19 23 -0.024318890390672546
19 24 0.12358453396003932
19 25 0.00098585852628315599
19 26 0.10527388498525365
19 27 0.0070352702141853827
19 28 -0.012162002625728006
19 29 -0.080668309339909261
19 30 0.16170394879978897
19 31 -0.065714814326482546
19 32 -0.072271456842858559
19 33 -0.09752844018967588
19 34 0.00387048425221166
19 35 0.060828300074394916
19 36 0.11134062198402156
19 37 -0.078171218644814675
19 38 0.020357464167167907
19 39 0.010276360106159191
19 40 -0.019406766224423947
19 41 0.0066662109966740797
19 42 0.070210550890901002
19 43 0.046591038075366596
19 44 0.13731786663903497
19 45 -0.067940674151029307
19 46 0.12581760481531593
19 47 -0.002330845695952365
19 48 -0.054199356305208501
19 49 0.13926307035051461
19 50 -0.076321316670050099
19 51 -0.043831711348518633
19 52 0.011155397737445545
19 53 -0.12856461612917078
19 54 0.088860978221223227
19 55 -0.072439220025309156
19 56 0.20341343846375107
19 57 0.15241513168259907
19 58 -0.0080899023560847272
19 59 0.24655033105613722
19 60 -0.15132095960122494
19 61 0.16785613725950474
19 62 0.097678977911534667
19 63 0.16714672829589114
19 64 -0.16363091000464119
19 65 0.01360336380103939
19 66 0.0018975656459096447
19 67 -0.10925468399820137
19 68 -0.093232134139058093
19 69 0.041802571091067345
19 70 0.019373244004699447
19 71 0.016171980389021127
19 72 0.033287194509450155
19 73 -0.017278690109393393
19 74 -0.13598379691920887
19 75 0.20156606552436218
19 76 -0.07731955573203253
19 77 0.15358633247090692
19 78 -0.037682268947150294
19 79 -0.01056818333529401
19 80 -0.16136619257924359
19 81 -0.041436345454859365
19 82 -0.042460704289777086
19 83 0.10023013578958462
19 84 -0.030189435228667735
19 85 -0.084483521192734154
19 86 -0.11701871414012098
19 87 -0.052883182161692466
19 88 0.067946871259289443
19 89 -0.15529297333530742
19 90 0.045231820311942977
19 91 0.059564095498939144
19 92 -0.021071357185457253
19 93 0.14043855023392662
19 94 0.019935158291046737
19 95 -0.058737208528157371
19 96 -0.15095201132413669
19 97 0.13178173187280648
19 98 0.022364275885553724
19 99 -0.31621049844264315
20 21 0.021743224268503381
20 22 0.16065129437390258
20 23 -0.026492514438913119
20 24 0.017178623659961714
20 25 -0.01629617762802307
20 26 -0.1428989828769138
20 27 -0.014794194458088812
20 28 -0.11856937798406819
20 29 -0.024503469785962399
20 30 0.073048869207926387
20 31 0.0076106111963601085
20 32 -0.15648686488853589
20 33 0.0057892118813202467
20 34 0.25051147466967033
20 35 0.016062016159658875
20 36 -0.088988055196273341
20 37 0.02153710667952894
20 38 0.16902273326730483
20 39 0.00036886969313228071
20 40 0.046602201283524103
20 41 -0.0089006528528352055
20 42 -0.11287890286331198
20 43 -0.012290813071001548
20 44 -0.027953611464396372
20 45 0.053009839720787613
20 46 -0.13620525130330161
20 47 -0.053815988549908933
20 48 0.05817543886059301
20 49 -0.16802854440057416
20 50 0.0086117231506724554
20 51 0.0012497669916670647
20 52 0.12521247335996685
20 53 0.13036535536785285
20 54 -0.0060896661736240826
20 55 -0.1001385454232044
20 56 -0.057315875377179776
20 57 0.070212357725191882
20 58 -0.03150996414846579
20 59 0.1561839783301259
20 60 0.081218372335168029
20 61 0.1894554757732958
20 62 0.075466703753117759
20 63 -0.10570738200560595
20 64 -0.047048746318931384
20 65 -0.07155319924660275
20 66 0.083270950302397742
20 67 -0.13786981959633762
20 68 -0.14314313463795131
20 69 -0.07651469131590892
20 70 0.092383086358254707
20 71 0.15342352909393767
20 72 -0.16988103377861755
20 73 -0.093190970407232107
20 74 0.050554113130596483
20 75 -0.014952186807918958
20 76 -0.071149645188079924
20 77 -0.1484362881293502
20 78 0.2057761620153587
20 79 0.09327805378933772
20 80 -0.02525048665057333
20 81 0.044293757906431169
20 82 -0.0010538360397799138
20 83 0.052795877106632375
20 84 -0.097874202367904714
20 85 -0.096970537515805075
20 86 0.10744817410136537
20 87 -0.0029406434654668172
20 88 0.04276870149994931
20 89 0.12856487810245179
20 90 -0.003270687550034573
20 91 -0.064875709737519063
20 92 0.0063529997735241031
20 93 -0.0011529544180189206
20 94 -0.20654525806897706
20 95 0.11593260694206703
20 96 0.030884954766913178
20 97 -0.078697279583230889
20 98 -0.0060999786553975269
20 99 -0.029919103119790832
21 22 0.13153234870336294
21 23 -0.023277234241818365
21 24 0.027510141873984401
21 25 -0.030198107196058133
21 26 0.061916065289074652
21 27 -0.26702953682877029
21 28 0.096253248117660617
21 29 -0.14488293557767706
21 30 0.027153501054841513
21 31 -0.091937214631239883
21 32 -0.13733161438991856
21 33 -0.086474546270895597
21 34 -0.13071537265781494
21 35 -0.13037611161156284
21 36 -0.049698658118651984
21 37 -0.13950768996613361
21 38 0.070029325232475223
21 39 0.061380827844246179
21 40 -0.027409688992226885
21 41 0.13530654776079196
21 42 -0.17746803714968484
21 43 0.076122738748579916
21 44 -0.13400945556023489
21 45 -0.069686831780271713
21 46 0.032291688997827223
21 47 -0.035410256956688549
21 48 -0.14882804528719626
21 49 0.02255380807487576
21 50 0.071655607536745811
21 51 -0.060273834530342046
21 52 -0.050248105292267267
21 53 0.093129099064250584
21 54 0.10098142116596426
21 55 0.11723781831905188
21 56 0.047549780877976622
21 57 0.0010475119740477967
21 58 0.11220375004997052
21 59 0.062817628016412427
21 60 0.082107640850105107
21 61 -0.041082291990668485
21 62 0.017317669071436018
21 63 -0.0017762782046869343
21 64 0.10559750317909651
21 65 -0.12521355772473627
21 66 -0.030567801807260465
21 67 0.13312210376876776
21 68 0.18426315435941712
21 69 0.024924751720853025
21 70 0.029692937287305651
21 71 0.023743209061021384
21 72 -0.045309706109309102
21 73 -0.039957357268381677
21 74 0.096124265028150871
21 75 -0.076904634817332354
21 76 -0.0082785627980010157
21 77 0.05175294399229672
21 78 -0.024007238728163446
21 79 -0.12981618350543414
21 80 0.059561729491934792
21 81 -0.028927504352149993
21 82 -0.012548180005044511
21 83 0.10597008255742663
21 84 -0.10645720833464392
21 85 0.10918319439366811
21 86 -0.050736748696129187
21 87 0.14132762133663487
21 88 0.15795530456918
21 89 -0.019495433273352403
21 90 0.080381330053979516
21 91 -0.047964242790456517
21 92 0.032053726108013762
21 93 -0.17149810208836777
21 94 0.09797368665887482
21 95 -0.015098603999833022
21 96 0.076640911365390862
21 97 -0.12856586049776
21 98 -0.087773758089307263
21 99 0.11045396223511438
22 23 0.13643055952309355
22 24 0.034805052389536136
22 25 0.0043681264849879586
22 26 -0.012259996994787907
22 27 -0.0072819267362841337
22 28 -0.05999028190713921
22 29 0.1275519097921983
22 30 -0.023607584762670917
22 31 -0.24321314058684687
22 32 -0.059275018775588176
22 33 0.10889394230273185
22 34 -0.008172289783221532
22 35 -0.10685350899879564
22 36 -0.088881079436177346
22 37 0.071766884230944197
22 38 0.055349183665866802
22 39 0.12338029470767829
22 40 0.053913567489768582
22 41 0.21193409937130292
22 42 -0.15464319680870181
22 43 0.0036114160150623915
22 44 0.21643424932425287
22 45 0.05670342725212997
22 46 0.070295244138523824
22 47 0.071009104439462289
22 48 -0.054611585440547429
22 49 -0.1371540731657783
22 50 -0.070469805202856242
22 51 0.0016079810931936547
22 52 0.075326609947601306
22 53 0.11427772288749763
22 54 -0.18929043112612073
22 55 0.014076247128423772
22 56 0.13059151756862175
22 57 -0.21794656496045806
22 58 -0.074883229776399607
22 59 0.066949460460655225
22 60 0.092668349076600987
22 61 -0.17120518714778504
22 62 -0.020223921818839571
22 63 -0.042146142272194445
22 64 0.12323755727993135
22 65 -0.15845590908997709
22 66 0.077755521074487688
22 67 0.028245770539603143
22 68 0.080704683398334712
22 69 0.052259177495837562
22 70 -0.28166265430945997
22 71 -0.0019685701951380266
22 72 -0.0016713478595939283
22 73 -0.061662416294740556
22 74 0.15937137865672393
22 75 0.057810584249260381
22 76 -0.025724050552308472
22 77 -0.096978009785498753
22 78 0.29574737805516849
22 79 -0.13043522224353099
22 80 -0.0026092190875365629
22 81 -0.0015150113720848104
22 82 -0.071713475275654429
22 83 0.14740150659058512
22 84 -0.11718063274580781
22 85 0.036732936817333632
22 86 0.10852043287300175
22 87 -0.1661747167945532
22 88 -0.086776983159691151
22 89 0.01146920928718034
22 90 -0.15848998473660408
22 91 -0.12558817004964917
22 92 -0.098100976909316503
22 93 0.088266463600745984
22 94 0.074443924647373885
22 95 -0.094699896095210623
22 96 -0.27985156113030402
22 97 0.078788148176610909
22 98 -0.068117386690443732
22 99 -0.059820987824928444
23 24 -0.020587383873690704
23 25 0.059503416588538298
23 26 0.043673687754420015
23 27 0.039825680777618583
23 28 -0.030382339141633286
23 29 0.025202137572608526
23 30 -0.17559958275745527
23 31 -0.055604649736400759
23 32 0.066835129141046529
23 33 0.14436961332169179
23 34 0.13822217206306833
23 35 -0.081993068139048372
23 36 -0.0089801639007984265
23 37 0.031860496403620008
23 38 -0.013270757211044809
23 39 0.027317029995832267
23 40 -0.078652598089553938
23 41 0.019193325281238061
23 42 -0.018031846339729863
23 43 0.034368253830342914
23 44 -0.11626276295943615
23 45 0.093141085133761681
23 46 -0.014890059425693953
23 47 -0.09461135370506718
23 48 -0.14159933072899858
23 49 0.04655481952337176
23 50 0.083224501557334019
23 51 -0.097441374059009378
23 52 -0.28037808671343128
23 53 -0.070411544821762623
23 54 -0.0018019489847434116
23 55 -0.067089757286336121
23 56 -0.012232622573537159
23 57 0.052943004440737657
23 58 0.1134858654570734
23 59 0.077513951830591343
23 60 -0.0089306257837148025
23 61 -0.16407549076543115
23 62 -0.27479807446649207
23 63 0.051178646464895595
23 64 0.057534069127193027
23 65 0.0098976412497998652
23 66 -0.18373688297046462
23 67 0.072033983482955879
23 68 0.0092926440081443889
23 69 -0.10513252393102737
23 70 -0.018729747110808586
23 71 0.067334131838128086
23 72 0.0035908412837319724
23 73 -0.13866892104123019
23 74 0.13812817953241791
23 75 0.044337262151007598
23 76 0.11004957275048011
23 77 -0.072219262962451139
23 78 0.12353971059702543
23 79 0.16401858281314344
23 80 0.045427615969532389
23 81 0.08120088798287721
23 82 0.00909645139096266
23 83 -0.063610325686676725
23 84 0.14066018541274308
23 85 0.049395875541987634
23 86 0.013543530752122097
23 87 0.17228015480262421
23 88 -0.13191860031571687
23 89 0.11483527556635564
23 90 -0.081599705958223773
23 91 -0.15034178386645425
23 92 0.23328086230925701
23 93 0.033061447841756589
23 94 0.1219640592077319
23 95 0.057326358603035948
23 96 -0.23034145969684891
23 97 0.043509848697615656
23 98 0.11410776327575685
23 99 0.080586699770137507
24 25 0.11037820513609307
24 26 0.12881374003184465
24 27 0.046900662479214879
24 28 -0.053533239173584858
24 29 0.04753274269108209
24 30 0.0060618872157715518
24 31 0.17591045390899263
24 32 -0.028370778869906667
24 33 -0.067234298060984826
24 34 -0.18274424283959806
24 35 -0.02601792485078018
24 36 -0.013479933667467773
24 37 -0.014914775012129858
24 38 0.10103640528547518
24 39 0.0065624217721675718
24 40 -0.0050380596483758332
24 41 0.20164288201454036
24 42 -0.043236440089365884
24 43 -0.076239213420250418
24 44 -0.092743715414996764
24 45 -0.004178734870732519
24 46 0.014491625209263698
24 47 -0.094053976188249649
24 48 -0.064212230088075278
24 49 -0.12755746641687668
24 50 -0.11779023635301247
24 51 0.080547672130538484
24 52 -0.0022255436536602648
24 53 0.056837657406096677
24 54 0.075287183429671112
24 55 0.0781784244291268
24 56 -0.22955495947936011
24 57 0.0026351521411890591
24 58 0.025542280746262531
24 59 0.092004693012366259
24 60 0.15011777483951208
24 61 0.08810090569447028
24 62 0.035905796794424565
24 63 0.10237270987075223
24 64 -0.10121433927387824
24 65 -0.14826598016948164
24 66 0.030371312897920655
24 67 0.052343447173964122
24 68 -0.048027687442831382
24 69 0.076644717702275003
24 70 0.053616864571552729
24 71 -0.08513603602874302
24 72 0.098444085758165753
24 73 -0.046098393659068274
24 74 0.022208786459288619
24 75 0.12968621266657568
24 76 -0.057664762808918635
24 77 -0.021071246372895758
24 78 -0.046654296237769531
24 79 0.21535830772552395
24 80 -0.14183737261802684
24 81 0.095727291889851338
24 82 -0.031437919699537346
24 83 -0.26770796729444951
24 84 -0.083510625243018444
24 85 0.076774168124227382
24 86 -0.06306409317509111
24 87 -0.13895952877670442
24 88 -0.10359016886111752
24 89 -0.15977145990592587
24 90 0.067020054300382298
24 91 0.15786727973640496
24 92 -0.13915148457329121
24 93 -0.079612929338245222
24 94 -0.1525087851879964
24 95 -0.094107165094613976
24 96 0.047799416576931097
24 97 -0.011355108273654078
24 98 0.17772024741190839
24 99 0.062707976249923386
25 26 -0.033019736628342726
25 27 0.018368391729143084
25 28 0.043879593076239939
25 29 0.049667968957653214
25 30 0.11619812625294762
25 31 0.01126794828513563
25 32 0.040167488804491024
25 33 -0.028999666146256389
25 34 -0.020454822763249985
25 35 -0.068043782353767748
25 36 -0.036207624387557868
25 37 -0.15410167218086218
25 38 -0.10513019123561103
25 39 -0.0096744663213552996
25 40 0.19381596736776777
25 41 -0.028831612490034842
25 42 -0.0088906504389015453
25 43 0.085704906874307971
25 44 0.10065294256320292
25 45 0.021314124794679173
25 46 -0.018911248481595703
25 47 -0.17449611871877321
25 48 -0.11351689347342181
25 49 0.067310903070139247
25 50 0.10164633285202165
25 51 0.029284053817162481
25 52 0.09687234857028898
25 53 -0.071544980658992549
25 54 0.063847567525227397
25 55 0.083997332899642646
25 56 0.072309312682012156
25 57 0.11494629951080154
25 58 0.079219858499235712
25 59 0.041184633869774612
25 60 -0.23604948163386613
25 61 -0.18293351648411238
25 62 -0.097427010329696279
25 63 0.019690731540475393
25 64 0.049327930348465679
25 65 0.10780478994710679
25 66 0.11287137431738581
25 67 0.1915818007481519
25 68 0.18300108316945854
25 69 0.010163073357510495
25 70 0.090913458396997548
25 71 -0.057855757481429917
25 72 -0.02874496635660951
25 73 -0.058881714317213431
25 74 -0.022263882098606219
25 75 0.12417599082703921
25 76 -0.019228165345762965
25 77 0.015172916168775964
25 78 -0.070844689908002231
25 79 0.11018100931095427
25 80 0.025778944448900849
25 81 -0.010237244192946967
25 82 -0.043911116050953436
25 83 0.10917314078155352
25 84 -0.026739797403573837
25 85 -0.11006431850827686
25 86 0.18060375639280646
25 87 0.016801871861308448
25 88 0.0096183912792519293
25 89 -0.14596836145337286
25 90 -0.0069119570213045482
25 91 0.059312268031094989
25 92 0.13853071767985475
25 93 -0.086424024192871027
25 94 0.20635799561003904
25 95 -0.013641968021924716
25 96 0.080303987230975135
25 97 -0.050168856662333866
25 98 -0.23107827721640406
25 99 0.045605725362059486
26 27 -0.21858835272952143
26 28 0.0040286467646744257
26 29 -0.043799774838105668
26 30 -0.01846896060682348
26 31 0.16747673993020326
26 32 -0.2238846148785022
26 33 0.056807807718392056
26 34 -0.035445332524954173
26 35 -0.22279857995953711
26 36 -0.11957215696415389
26 37 -0.18970710467288679
26 38 -0.080229434717290007
26 39 -0.11985665445784488
26 40 -0.19615778606439893
26 41 -0.049961528919966559
26 42 0.17931927766379432
26 43 0.074832087189216495
26 44 0.13920543841585217
26 45 -0.0026240569626929146
26 46 0.070093534386742914
26 47 0.089232082351781553
26 48 0.090390557639319608
26 49 0.034760858214361028
26 50 0.0044672133560770847
26 51 -0.17051905119974795
26 52 0.0034634913391266907
26 53 0.014688273688006166
26 54 0.016786933877279437
26 55 0.087711709598852078
26 56 0.17391402632507463
26 57 -0.15637872959456309
26 58 -0.080064238926084497
26 59 0.081792082165838692
26 60 -0.10064833024268455
26 61 -0.014390565464026939
26 62 0.045744222486292473
26 63 -0.02600125633762182
26 64 -0.042623306045503739
26 65 0.011909571479567402
26 66 0.051933697528599027
26 67 -0.10038594384817562
26 68 -0.079940781015987464
26 69 -0.077148390649184356
26 70 -0.017171202826231403
26 71 -0.025175639704793258
26 72 0.016295309871957573
26 73 0.052266064079115528
26 74 0.057238768646858153
26 75 0.10073694442360122
26 76 -0.075231301551956981
26 77 0.045791934950296542
26 78 -0.042689501608844313
26 79 0.084366372362208758
26 80 0.032564000404108215
26 81 -0.10808355745723056
26 82 0.029863242838930538
26 83 -0.18966866664056298
26 84 0.031270435118502783
26 85 0.0013671400711427744
26 86 -0.14074575966101885
26 87 -0.089398939948619333
26 88 -0.028440716914981914
26 89 -0.088492742566767868
26 90 -0.15559258229861733
26 91 -0.029303064064097648
26 92 -0.12189485208950888
26 93 -0.018458749061398702
26 94 -0.21954199142030953
26 95 0.057522080490868766
26 96 -0.17208942927817036
26 97 0.080673285757000598
26 98 0.11248920914183871
26 99 -0.030983750567403809
27 28 0.0016521664833243313
27 29 0.036768404456930678
27 30 -0.04600104988275236
27 31 0.30215572383770734
27 32 0.16451871306495419
27 33 -0.036263625867788016
27 34 -0.014731726154770159
27 35 0.18298921121791115
27 36 0.1467976616852715
27 37 -0.066189245962408202
27 38 0.096124290237758578
27 39 0.03841334903506595
27 40 -0.082170009612792555
27 41 -0.020666010786894271
27 42 0.15036507830158183
27 43 0.24120573164287556
27 44 -0.04395156164824171
27 45 -0.36270133018406459
27 46 0.29503507560824271
27 47 0.13709551462646613
27 48 0.1151539178444911
27 49 0.0039594802351093699
27 50 0.020564996804047116
27 51 0.075817620572206215
27 52 0.26328195561281686
27 53 0.062360795923312173
27 54 0.040067399892915967
27 55 0.081651585334382354
27 56 -0.012599283382062017
27 57 0.069763051416953728
27 58 -0.00035747736765908203
27 59 0.13396972506961946
27 60 0.065208381459012157
27 61 0.048627297896043274
27 62 0.10827297882941678
27 63 -0.024882873051488761
27 64 0.15501073146655792
27 65 -0.1147328295487568
27 66 0.07782445611792177
27 67 0.12411356728447021
27 68 0.16553248332162193
27 69 -0.024696070676385608
27 70 0.03268353869619213
27 71 -0.26046578787339753
27 72 0.012563895489669512
27 73 -0.17185640203595431
27 74 -0.18136044565565057
27 75 -0.10056597816545493
27 76 0.017421560184486134
27 77 -0.074397625310536064
27 78 -0.031868623597704406
27 79 0.083653538304782796
27 80 0.083746776416777635
27 81 -0.04031504999716419
27 82 0.15882578901457892
27 83 -0.066932204351881838
27 84 -0.12477983797522781
27 85 0.011565138004516464
27 86 0.0029047325765046402
27 87 0.014628518753532294
27 88 -0.012111363921011808
27 89 -0.077552461751162788
27 90 -0.038814752945820485
27 91 0.31871912021407173
27 92 0.052110327551415037
27 93 0.023067362216448992
27 94 -0.040479862223370043
27 95 0.11922101748677481
27 96 -0.12045344740546676
27 97 0.093782492021186631
27 98 -0.067879655508636977
27 99 0.044090982628379523
28 29 0.036446807370121785
28 30 0.10238162864952934
28 31 -0.053175068772387347
28 32 0.095968347831852333
28 33 0.0068992229550325166
28 34 0.10313138018353468
28 35 0.021912108911033359
28 36 -0.17436366818159157
28 37 0.12108092997926921
28 38 -0.075398194770041269
28 39 -0.1420170810883746
28 40 0.050362872937827277
28 41 0.021650778270246019
28 42 -0.029976596606424238
28 43 0.022961229334156237
28 44 0.20426346244283144
28 45 0.014710250365407854
28 46 0.17918189830124076
28 47 0.032477500652467087
28 48 0.14102549692890079
28 49 -0.17699299563151166
28 50 -0.040743246289782577
28 51 -0.18055392400921635
28 52 -0.012947150362698008
28 53 0.106665708642523
28 54 -0.045257882618191456
28 55 -0.10740558028236911
28 56 -0.046982739655954141
28 57 0.11816170263088491
28 58 0.023939448602755837
28 59 -0.012182516362902469
28 60 0.022169439749217538
28 61 0.010545268880383462
28 62 0.029954240060155863
28 63 0.24797574788836632
28 64 0.062301010645279188
28 65 -0.066010044130776033
28 66 0.11260132259641938
28 67 -0.10319943375567245
28 68 -0.03346543145885663
28 69 -0.28617427578080401
28 70 -0.10228493152654197
28 71 0.10575142786435038
28 72 0.060126137970320161
28 73 -0.1768407641949572
28 74 -0.0099361220569605738
28 75 -0.069904315434636752
28 76 0.029471136812812982
28 77 0.082352260114255726
28 78 0.09764682209857739
28 79 0.035781886121090657
28 80 0.16264843302130455
28 81 0.043060537548038361
28 82 -0.056514981695407022
28 83 0.057843059885779972
28 84 0.098638761722517287
28 85 0.098475127220121292
28 86 -0.19415358697913004
28 87 -0.021186207293359439
28 88 0.11987511977674488
28 89 0.013935204512467412
28 90 -0.050678335178372981
28 91 -0.079232618815688258
28 92 -0.050738584154204326
28 93 -0.16319346153289327
28 94 -0.14353823920514616
28 95 -0.13267934098918374
28 96 -0.034689208342621063
28 97 0.2113954826990263
28 98 0.14349960916410495
28 99 -0.15930342962767577
29 30 0.019225968950058257
29 31 0.018638501128287431
29 32 -0.033542377541154633
29 33 0.090724958276739195
29 34 0.08036197271602348
29 35 -0.092532797572231207
29 36 -0.097289663711356236
29 37 0.055186680611797406
29 38 0.088094687792889592
29 39 0.067844100902956395
29 40 -0.02056286023658908
29 41 0.12422624293944201
29 42 0.02510318348995846
29 43 -0.017434643137976946
29 44 0.032058662506378018
29 45 0.0033960891233148246
29 46 -0.089235642199670145
29 47 -0.14232339784661377
29 48 0.10786191579282567
29 49 0.12063579785244119
29 50 0.089860429501523065
29 51 0.1231244355817299
29 52 -0.0503256756928563
29 53 -0.031690783021744058
29 54 0.036610512520105859
29 55 0.17200417898983331
29 56 -0.060267015467093246
29 57 0.20435691230476452
29 58 0.021273641832730322
29 59 -0.028809479100324081
29 60 0.061569957616325645
29 61 0.10219294158997771
29 62 -0.11590048303005128
29 63 0.13716213779139899
29 64 -0.10767564698390913
29 65 0.016507581119760164
29 66 -0.11633710545025121
29 67 -0.08160077591118825
29 68 0.16131492367272801
29 69 0.10354686976417536
29 70 -0.069514367423894302
29 71 -0.061185005707703313
29 72 -0.25419519603257695
29 73 -0.043611234422219189
29 74 -0.24756463483201238
29 75 -0.074474706169638041
29 76 -0.0026943859787862522
29 77 -0.029297161132105148
29 78 0.0088790760109357571
29 79 -0.086629743762079436
29 80 0.016850719729912058
29 81 0.036036080850312423
29 82 0.10043842921371682
29 83 -0.17845880279736359
29 84 0.071004112663819272
29 85 0.10186132237747909
29 86 0.2091392522528937
29 87 0.1712922065479211
29 88 0.012895549668560985
29 89 0.14160677262538124
29 90 0.065362086920851256
29 91 -0.17199936245858788
29 92 -0.046905141975086613
29 93 -0.073338837046308322
29 94 0.085277003879243626
29 95 -0.041711322743930315
29 96 0.12063527975661847
29 97 -0.030013053500309406
29 98 -0.097174010444788517
29 99 -0.083257902752681523
30 31 -0.14694755097448442
30 32 0.14271227935802527
30 33 -0.060582078131775921
30 34 0.055387059904395908
30 35 0.1154682932506535
30 36 0.08711272461976502
30 37 0.12095814913469133
30 38 0.047254570570178983
30 39 -0.028402270380850608
30 40 -0.12699720224230165
30 41 0.063185666930973716
30 42 0.06382579341862106
30 43 -0.015481704798245656
30 44 0.12152777612835382
30 45 -0.0024140766662646834
30 46 -0.2355155499968829
30 47 -0.086524673563725465
30 48 0.021116797072749591
30 49 -0.036335312504038556
30 50 0.14371275102551712
30 51 0.049163069438999035
30 52 0.088235468119586685
30 53 -0.058983293343940507
30 54 -0.015669386054841836
30 55 -0.076665307245782854
30 56 -0.061367791528819916
30 57 -0.12789318157306614
30 58 0.027123732082997988
30 59 0.15159623937697361
30 60 0.002130591254815785
30 61 0.028663069530055381
30 62 -0.081608508250366696
30 63 -0.070011797081824964
30 64 0.018609893270530115
30 65 -0.054808011030776364
30 66 -0.051771104185912409
30 67 -0.044897263380810432
30 68 -0.070373911880282011
30 69 -0.14352648173067312
30 70 0.054767907308247016
30 71 0.013575852525350244
30 72 0.040285704749391846
30 73 -0.091434292304668804
30 74 -0.076653078206611616
30 75 -0.057424566553243843
30 76 0.16777988620978723
30 77 -0.029686415548037134
30 78 -0.0514296703860328
30 79 0.022186402949189585
30 80 -0.072419888697937279
30 81 0.070336075182286836
30 82 0.016632906007104278
30 83 -0.010442169672712749
30 84 -0.24621785124234294
30 85 -0.076894329493448266
30 86 -0.0017916657976050623
30 87 -0.066128674654858957
30 88 -0.047049074880765103
30 89 -0.057980758874882327
30 90 -0.12212504789233539
30 91 -0.079253864868588861
30 92 0.040960016436144386
30 93 -0.043644572302402526
30 94 0.073213861332291422
30 95 -0.028986667983587747
30 96 0.12736887959740537
30 97 -0.043732561690728193
30 98 -0.067058766579926946
30 99 0.030173912572720486
31 32 0.045794912636896667
31 33 -0.13545210256738824
31 34 0.058097037655718844
31 35 -0.15995684728031173
31 36 -0.04540565214832816
31 37 0.11821921456239642
31 38 0.065336648247199272
31 39 0.16146093595779831
31 40 0.021882554168415596
31 41 0.093191836995615646
31 42 -0.11498306721607698
31 43 0.13718722925566101
31 44 -0.054346377295077547
31 45 0.054336447295101467
31 46 0.18971581206668592
31 47 0.017991447817905164
31 48 0.12655237433290553
31 49 -0.14318775061733302
31 50 -0.11130411370982052
31 51 0.0030329625901345737
31 52 -0.12099409900638342
31 53 0.060483779388912341
31 54 0.11419340269436247
31 55 -0.051508429682921852
31 56 -0.042169056978140204
31 57 0.098847960721123396
31 58 0.23026469808160743
31 59 -0.11019061203116787
31 60 0.13028756380792678
31 61 -0.21322312435162713
31 62 -0.12418806447110307
31 63 0.029075801103622817
31 64 -0.11430051076827603
31 65 -0.13503029998291105
31 66 0.12490112266871174
31 67 0.0044617109059967731
31 68 -0.11897167353204996
31 69 -0.056539438591430485
31 70 0.012549689584727901
31 71 0.10037091086881895
31 72 -0.043649932810624494
31 73 0.21934755380141713
31 74 0.10550498064109735
31 75 0.06115715339026126
31 76 -0.05131765665839081
31 77 -0.025253511297703885
31 78 0.087586608093926266
31 79 0.0085323416024052998
31 80 0.024304920506976139
31 81 0.014194944929162474
31 82 -0.11761341278100808
31 83 0.070743423559276444
31 84 -0.0054371237764954351
31 85 0.14807723438073914
31 86 -0.11206934306656342
31 87 -0.0053142671282964266
31 88 -0.11720385538409631
31 89 0.21223060748357719
31 90 -0.056360553336317856
31 91 -0.037576170483693251
31 92 0.13222092198318192
31 93 -0.23186224241508843
31 94 0.01934995145583665
31 95 0.077213991519004418
31 96 0.065728820501956248
31 97 -0.09310758446587028
31 98 -0.11840186614849633
31 99 -0.10129293661773693
32 33 0.0014301409906028644
32 34 0.047381623601457992
32 35 -0.070603192914251517
32 36 0.19501243602815965
32 37 -0.056549711335979802
32 38 -0.04487331766149194
32 39 0.0887548907089864
32 40 -0.26633136852756251
32 41 0.00064302390263357915
32 42 -0.041751562267752465
32 43 0.0038889084602643114
32 44 -0.0048855543823969694
32 45 0.13611616643449129
32 46 0.069028719559350055
32 47 0.014450237275756735
32 48 -0.056841363220026669
32 49 -0.08942649328417468
32 50 -0.10722520687236799
32 51 0.014773022317652637
32 52 -0.073109226925706469
32 53 -0.1401617758693427
32 54 -0.0082535298883767202
32 55 0.024189363320062177
32 56 0.051762011181932792
32 57 0.18814568776095275
32 58 -0.067079712527288213
32 59 -0.044064071765974024
32 60 0.0069967452141970355
32 61 -0.0052274821077643681
32 62 0.034751904996890355
32 63 -0.0024662989788806497
32 64 -0.14226291464101104
32 65 0.16594001742770864
32 66 0.072954897301125379
32 67 0.016555166574551489
32 68 0.11417515511726711
32 69 0.19305391325630117
32 70 -0.0057801468253867241
32 71 0.17751422028348385
32 72 -0.022105837709592846
32 73 -0.026070895650512228
32 74 -0.040008673114033153
32 75 -0.0020044971408332952
32 76 0.19203241871226001
32 77 -0.0026053077907561032
32 78 -0.1408170761053984
32 79 -0.10565549699660517
32 80 -0.10302039621518139
32 81 0.051996253300446139
32 82 0.14822121714952166
32 83 0.16985355442484537
32 84 -0.068339013540860111
32 85 0.012499602424278911
32 86 0.031717409092842187
32 87 0.021073294153455321
32 88 0.028058705174887469
32 89 -0.2136649073164234
32 90 0.056355334883763625
32 91 -0.028168504097235127
32 92 0.15097892747123234
32 93 0.0098592196232588358
32 94 0.050203924352679175
32 95 0.16292394076332853
32 96 -0.090431952465522547
32 97 0.024588443458789019
32 98 0.056011754084719693
32 99 0.050119611683589006
33 34 0.10341935816195032
33 35 0.031254482611144038
33 36 0.16669171833499852
33 37 -0.0041014383882655324
33 38 0.0049013310662468926
33 39 0.019392177483925674
33 40 0.1477129963699538
33 41 -0.15532985191415694
33 42 -0.14751562068184981
33 43 -0.10973938890992785
33 44 -0.038476131301043617
33 45 0.17350703418759295
33 46 0.086324458303221996
33 47 -0.13298385605481158
33 48 -0.14159388616450663
33 49 0.0050254034728070465
33 50 -0.10748557997981681
33 51 0.1196815060152658
33 52 -0.20456275235121521
33 53 0.076341833688196303
33 54 0.039800603344792906
33 55 -0.0029850252304308438
33 56 -0.04492525822300511
33 57 0.02868279868147755
33 58 -0.0073929609714403592
33 59 0.11182040079014018
33 60 -0.23039614319465543
33 61 -0.071413548637226321
33 62 0.0071720117048509951
33 63 0.082671725410721764
33 64 -0.13838559967798492
33 65 -0.050395809101680691
33 66 -0.062464946845648031
33 67 0.045606399502483783
33 68 -0.086245824274126359
33 69 0.048140618478079954
33 70 0.018769082357075306
33 71 0.056916351768245256
33 72 -0.087976317551919231
33 73 -0.053327061257914948
33 74 -0.026697103355050367
33 75 -0.10070610762390089
33 76 0.13292390386715211
33 77 -0.014684777667331179
33 78 0.066817837313428108
33 79 -0.14446657628945819
33 80 -0.0081427476489347849
33 81 -0.014946457878582568
33 82 0.002221262847688968
33 83 -0.039232527674041701
33 84 0.007255384733171711
33 85 0.083360533557379171
33 86 0.087184366323444576
33 87 -0.17467299051824536
33 88 0.029312992744781087
33 89 -0.027382623227262898
33 90 -0.088527516982966639
33 91 -0.091572755326343624
33 92 0.059027900146874118
33 93 -0.076966411058327161
33 94 0.12196833027373524
33 95 -0.026309042771191019
33 96 0.2231748729419365
33 97 -0.10757982326775556
33 98 0.12064055709035333
33 99 0.083537300361544872
34 35 -0.07848772932713638
34 36 -0.075658136353455752
34 37 0.031680420290739697
34 38 0.11215288880109486
34 39 -0.095790305395050054
34 40 -0.19155035629150491
34 41 -0.14111682650572582
34 42 0.044328681440259615
34 43 0.034097517278093563
34 44 -0.00018625878801427074
34 45 -0.078809640045549773
34 46 -0.059155398509681906
34 47 0.044936552200638337
34 48 0.021361338327305607
34 49 0.12201416920819004
34 50 -0.068212132485918855
34 51 -0.053446089027637249
34 52 -0.046686656657495391
34 53 -0.064904561687209691
34 54 -0.19070636188545945
34 55 0.095479357731046544
34 56 -0.0066937066449485119
34 57 0.092004411830354044
34 58 0.14035908806027506
34 59 0.19160839361334658
34 60 0.14495132311848727
34 61 -0.18873994951366699
34 62 -0.10577079122478901
34 63 -0.093987643525092174
34 64 0.1155959498109726
34 65 -0.011378869106752301
34 66 0.093974564759130019
34 67 -0.031474015903997392
34 68 -0.17010745425300808
34 69 -0.10201804069140674
34 70 -0.04937807495174823
34 71 -0.094565056738590753
34 72 0.15959684119051815
34 73 -0.0062475665430450659
34 74 -0.0031328594536348103
34 75 -0.079755175114391161
34 76 -0.068288211285908396
34 77 0.0062083607192485795
34 78 0.039603652888065638
34 79 0.16016429240904098
34 80 -0.062260473909943208
34 81 0.081564348919821963
34 82 -0.09945468689857162
34 83 -0.054755528636688228
34 84 0.18392557729614967
34 85 -0.093970723154475647
34 86 -0.10529270160380524
34 87 0.041640573118565588
34 88 0.045743457504754642
34 89 0.016266520146774172
34 90 0.088150014583721667
34 91 0.050310399024474442
34 92 0.10072842152906512
34 93 -0.03601760173043899
34 94 -0.17317138697922368
34 95 0.013438851756117733
34 96 0.12377587978522071
34 97 -9.7373881021729032e-05
34 98 0.050294289727681143
34 99 -0.038081555890681747
35 36 -0.14140645307760658
35 37 -0.11532948966726293
35 38 -0.032431700725065724
35 39 0.18206014425415862
35 40 -0.087609601460726549
35 41 0.14161898470196885
35 42 -0.042933603415973409
35 43 -0.099079690728497039
35 44 0.037225319885888751
35 45 0.034525552522196835
35 46 0.1643838867890092
35 47 0.13740234606641966
35 48 0.064333088241650654
35 49 -0.14112392368185681
35 50 0.14377811255233913
35 51 -0.065083240027167824
35 52 0.028887100598881804
35 53 0.075140270441133972
35 54 -0.12438479492603752
35 55 -0.061638452031914905
35 56 -0.034801872544255791
35 57 -0.084755190010564474
35 58 0.025752685009147448
35 59 0.074172078878801506
35 60 -0.23159837789856411
35 61 0.07278041048796359
35 62 0.15661127976061598
35 63 -0.14619598928490954
35 64 -0.033892911898856834
35 65 0.018586841142446058
35 66 -0.087464726361333942
35 67 0.22737308627679351
35 68 0.083766866080321981
35 69 -0.089757337289297745
35 70 0.085246447662261832
35 71 0.11474690205645469
35 72 0.11473221150518464
35 73 0.091297098131263105
35 74 0.038108900699732932
35 75 0.038064541882747945
35 76 -0.15365682072238021
35 77 0.037348962423908449
35 78 -0.061361963653676826
35 79 -0.1925914297684026
35 80 -0.023203277183755797
35 81 -0.024169675129309467
35 82 0.042479322216983861
35 83 -0.21900487377081468
35 84 -0.0018505611306253251
35 85 0.13611339004733422
35 86 0.068379678393960669
35 87 0.036741461568407761
35 88 0.13438183675201607
35 89 -0.054142392480833551
35 90 0.026316792037971777
35 91 0.036632994270900908
35 92 0.016600928798905727
35 93 -0.13010151161033276
35 94 -0.053996881535661123
35 95 0.070799821598697563
35 96 0.20292574208784206
35 97 0.020211785763984358
35 98 -0.13485079926175822
35 99 -0.077783754078208187
36 37 0.023617834678364816
36 38 0.013317665368073474
36 39 -0.13768619212423985
36 40 -0.026869308609802602
36 41 -0.078643603516374755
36 42 -0.0095454265732427997
36 43 -0.12749476666099108
36 44 0.012909822076862962
36 45 -0.040641302975252036
36 46 0.15778359667274885
36 47 0.0046224456415639142
36 48 -0.10437842007168439
36 49 0.019313420721645339
36 50 -0.2590720782687847
36 51 -0.024856653887700111
36 52 -0.10810132198174416
36 53 0.012242556839935272
36 54 0.015919060344352743
36 55 -0.052006261815700276
36 56 0.0040087603878639824
36 57 0.072560237476143735
36 58 0.19171688164063824
36 59 -0.018968412075479994
36 60 0.081300649179601447
36 61 0.13646825612222868
36 62 0.18600305937202799
36 63 -0.24177962494218619
36 64 -0.045861100110050061
36 65 -0.020372168644503433
36 66 -0.1119834881458005
36 67 0.036883250100783492
36 68 -0.1394878669527749
36 69 -0.062414310813728148
36 70 -0.010053634722515734
36 71 -0.027180009975425495
36 72 -0.045739430181480634
36 73 0.063953815410885559
36 74 -0.081131993864663618
36 75 0.047686890222150335
36 76 -0.065682944411184468
36 77 0.0013392642112511563
36 78 0.08668966724657122
36 79 -0.020566303358755103
36 80 0.19412116806248836
36 81 -0.037970040282025587
36 82 0.016536613475598292
36 83 0.062708152371557774
36 84 0.094126527845237368
36 85 -0.16973497129165369
36 86 -0.051995436934644229
36 87 0.043416952396826851
36 88 -0.037081583086790902
36 89 -0.017804483259984339
36 90 0.019066612079765361
36 91 -0.11562195691795114
36 92 0.03554791294228981
36 93 0.043838263615531781
36 94 0.04285563049114486
36 95 0.10618782516881148
36 96 -0.10083783094642139
36 97 -0.028289304539978091
36 98 -0.097528769271033114
36 99 0.0090855865293810161
37 38 0.023772251869988908
37 39 -0.022089783973537436
37 40 0.01697772558103057
37 41 -0.040215240170320347
37 42 0.13375900506592522
37 43 0.037323217901278398
37 44 0.033071763938930951
37 45 0.081767250603081418
37 46 0.064404747021101383
37 47 -0.065051446548009637
37 48 -0.079552630905089947
37 49 0.084179300559647105
37 50 -0.16422429391448701
37 51 0.17186707248115976
37 52 -0.11964994967909458
37 53 -0.10082161276317321
37 54 -0.03154782184692586
37 55 0.018406274849119549
37 56 0.0040286383204989687
37 57 -0.026423550083508919
37 58 0.27538179530102974
37 59 -0.099297797052062139
37 60 -0.14345866851936151
37 61 -0.075016536052910157
37 62 -0.15236707609633227
37 63 -0.1068230826210772
37 64 0.068906978169659225
37 65 -0.067519317892516265
37 66 -0.031839338568231679
37 67 0.05563498845360846
37 68 -0.070274279918442456
37 69 0.036793434706451876
37 70 0.11257283171856228
37 71 0.056642644516324205
37 72 0.17186807562887793
37 73 0.0034257987524532341
37 74 -0.081186235557525896
37 75 0.10769998637128669
37 76 0.027420136058724221
37 77 0.044576260334433668
37 78 -0.045982126631521764
37 79 -0.0028119070170037719
37 80 -0.16901248454274642
37 81 -0.090241767781557389
37 82 0.014789478205485164
37 83 -0.042588156189348816
37 84 0.094204874488238083
37 85 0.24285641789572796
37 86 0.097064596739900449
37 87 -0.069052865246112122
37 88 0.05174573283629233
37 89 -0.17458662543245027
37 90 -0.038776510685642057
37 91 0.22141401112858553
37 92 0.16024810908709469
37 93 0.031252478931867882
37 94 -0.035106990650109714
37 95 -0.11995189438770255
37 96 0.077207118972178912
37 97 -0.046176808038785766
37 98 0.0013215454511609707
37 99 -0.11140168273553573
38 39 0.093362440312977052
38 40 -0.059087992416216574
38 41 -0.10236184936450704
38 42 -0.20432997331465508
38 43 -0.044870468966634255
38 44 0.17992530311975571
38 45 -0.10035988509344751
38 46 -0.11040687168902173
38 47 -0.20128156411318759
38 48 -0.02718805100868469
38 49 -0.05170130042121595
38 50 -0.15508414765226608
38 51 0.12328503480292807
38 52 -0.2194417668056392
38 53 -0.0072821841128424677
38 54 0.10290476023316548
38 55 0.089037220444440027
38 56 -0.2122540885679649
38 57 0.080134890828164607
38 58 -0.12735390066230978
38 59 0.094535817912014944
38 60 0.15253551272275409
38 61 -0.08469245284455923
38 62 0.18225931649372351
38 63 0.086905931490233096
38 64 -0.0088076538202037317
38 65 -0.12798603447606136
38 66 -0.037045562611594841
38 67 -0.03298478014275219
38 68 0.068605734377923611
38 69 -0.0040697427569764801
38 70 -0.063859652712143292
38 71 -0.19859771387481728
38 72 -0.14200968932467739
38 73 0.2561971404450058
38 74 0.062376577710897732
38 75 -0.028437352287228813
38 76 -0.32414421600061849
38 77 -0.0090384409314343585
38 78 -0.0057237395582499552
38 79 -0.021337265783184262
38 80 -0.068735754756451439
38 81 0.059208431485096448
38 82 0.17773840509596803
38 83 0.052927065566793843
38 84 0.024183161834262341
38 85 0.1140943214607148
38 86 -0.14723580840267966
38 87 -0.0058586527042055877
38 88 -0.014676708916784477
38 89 0.059285700326176097
38 90 -0.15118203028779637
38 91 0.19003814041429659
38 92 0.059906397763082486
38 93 -0.15686899227942067
38 94 -0.056654189627458121
38 95 0.13828282532767175
38 96 0.13337460177674357
38 97 0.052543892016316013
38 98 -0.017667557019195975
38 99 -0.018046814920258444
39 40 0.050191809073107455
39 41 0.063912392139520782
39 42 0.088817037200974683
39 43 -0.17857375646160711
39 44 -0.048716347484040315
39 45 0.13181873008635664
39 46 -0.012327729196478643
39 47 0.0021074406859467208
39 48 0.16876703848158919
39 49 -0.077395422523572122
39 50 0.08705255081036567
39 51 0.032051787903995717
39 52 0.050663484057673583
39 53 -0.041044276034320877
39 54 0.16140270525200665
39 55 -0.11536088518435124
39 56 -0.031108358184932877
39 57 -0.073201392786971395
39 58 -0.064128007473984935
39 59 0.078457465192012341
39 60 -0.039209883355344741
39 61 -0.14544377008436124
39 62 -0.067529067724662106
39 63 -0.074003632333996025
39 64 0.18622783565536769
39 65 0.029883226749646493
39 66 0.26172206390433422
39 67 0.023322906004752252
39 68 -0.10080848056797509
39 69 -0.11716430233418351
39 70 0.07860826348248523
39 71 -0.072389663606159699
39 72 0.028412390136854832
39 73 0.039900216461959889
39 74 0.12589771641861811
39 75 0.094166902747527759
39 76 0.048738700361159168
39 77 -0.10525700445778614
39 78 0.067752408231596242
39 79 0.10325680855474002
39 80 -0.082639684792359835
39 81 0.017606571779049576
39 82 -0.069629001340209551
39 83 0.055149805762652028
39 84 -0.087797510687063346
39 85 0.11070686544772097
39 86 0.088328089189111017
39 87 -0.043040865998527952
39 88 0.0015981070219800481
39 89 -0.036870765574858029
39 90 0.14631485470423417
39 91 0.058389570102474489
39 92 0.10197188002359037
39 93 0.035763229327366954
39 94 -0.088817626552571152
39 95 0.16469587490281284
39 96 0.11587921354900232
39 97 -0.032263889554137802
39 98 -0.019993460222620135
39 99 -0.17598976870529159
40 41 -0.047494107251168385
40 42 0.025819838071215781
40 43 0.11646470404080107
40 44 0.058298880244264134
40 45 0.012270040211189451
40 46 0.021878492986890194
40 47 0.018679754414348274
40 48 -0.050187231560394778
40 49 -0.052123992803909475
40 50 -0.10265759725461342
40 51 0.095261232482833996
40 52 -0.11264271040587269
40 53 0.10147337332030237
40 54 0.17339292030827541
40 55 0.022396885739906145
40 56 0.031055324842440186
40 57 -0.079547692521620486
40 58 -0.041813790631538013
40 59 -0.14496417621260918
40 60 -0.021115977300710541
40 61 -0.039899475193775354
40 62 -0.17992644142481709
40 63 0.029242091295458423
40 64 0.041398667520872796
40 65 -0.0020158321342737657
40 66 0.15801231930289908
40 67 -0.015696781159400777
40 68 -0.075756434214823767
40 69 0.13810531288462197
40 70 0.071517199608533227
40 71 -0.020780720298940153
40 72 0.027775697134962682
40 73 -0.057541129551008457
40 74 0.047566080370149866
40 75 -0.029951511070888531
40 76 0.028870583542044789
40 77 -0.040601530837393415
40 78 -0.27121024448024572
40 79 -0.054002089796670427
40 80 0.046925242992597455
40 81 0.19222842780876537
40 82 -0.13730993740972175
40 83 -0.16399059126991178
40 84 0.07542899172165865
40 85 -0.035627603400975004
40 86 -0.00021330627173297832
40 87 0.069242971684274984
40 88 -0.12161333731684204
40 89 -0.075022847924883715
40 90 -0.031000329235996472
40 91 0.051372312648249409
40 92 -0.019110001669812065
40 93 -0.1405903218200458
40 94 -0.091104895982540721
40 95 0.14665851830763518
40 96 0.10893141640432305
40 97 0.047021568894596959
40 98 -0.055063767001387959
40 99 -0.058579891950993938
41 42 0.0072095133451453358
41 43 0.051558184611887527
41 44 0.027438682129944037
41 45 0.039494972802170035
41 46 0.04346752158193818
41 47 -0.26981228799763074
41 48 -0.026842695321848482
41 49 0.2110523777368489
41 50 0.046027282227290939
41 51 0.056590484991486716
41 52 0.012680588183917646
41 53 0.21992271078519746
41 54 -0.047783752757351805
41 55 0.034190972309400346
41 56 -0.068753891431021466
41 57 0.079710663832812459
41 58 -0.20283817797685466
41 59 0.10081328875864777
41 60 0.033507031186606195
41 61 0.036974909997677392
41 62 -0.047526797221569446
41 63 0.065177723655878136
41 64 -0.054849123197744647
41 65 -0.13727940002827432
41 66 0.065234933790277394
41 67 0.071189765133046201
41 68 0.11475275132786462
41 69 0.098689066088837443
41 70 0.048127560812713882
41 71 -0.087881349776711082
41 72 0.10620096211991173
41 73 -0.084401962477459389
41 74 -0.098755165161971456
41 75 -0.1236941696067949
41 76 0.079095825231309161
41 77 -0.0033607894783222072
41 78 -0.025525255105633471
41 79 -0.28267055736288488
41 80 -0.077745044352523926
41 81 -0.0022001652981645612
41 82 0.10224763118775276
41 83 0.050177247436142061
41 84 0.0020163280372752293
41 85 -0.17441364645574742
41 86 0.061009188646621429
41 87 0.033388971408671385
41 88 -0.07560905591878514
41 89 0.067387106521869383
41 90 0.093600661373316324
41 91 -0.054161398791234217
41 92 0.13649049551894485
41 93 -0.11773932873779035
41 94 0.07091573589764015
41 95 0.14248106038138766
41 96 0.04891054623288818
41 97 0.026427230339419808
41 98 0.018440088053030386
41 99 0.091992892382116595
42 43 0.13432849625637114
42 44 -0.023994663437798342
42 45 0.0635202872417166
42 46 0.094863054287804671
42 47 -0.17395634840241614
42 48 -0.00057775207600754364
42 49 -0.054250622784395498
42 50 0.24038283286021592
42 51 -0.22039432308792986
42 52 0.21932492177632268
42 53 0.0355722334093325
42 54 0.18256917222831254
42 55 0.090346058258097883
42 56 -0.068602050107144791
42 57 -0.0066452928920738112
42 58 -0.10117750006951697
42 59 0.056684657457788425
42 60 0.034367122356516212
42 61 -0.065192861552856182
42 62 0.18330211941660274
42 63 -0.038097160083796822
42 64 0.026216353556513163
42 65 -0.26714198368948838
42 66 0.070794682194172051
42 67 -0.12938663799174399
42 68 -0.078665777004972626
42 69 -0.054056297356433594
42 70 -0.053077589684161708
42 71 0.11874477680914984
42 72 0.087721170646751237
42 73 -0.031604211976210765
42 74 0.090556848489815586
42 75 -0.072891800339047297
42 76 -0.041884180923811673
42 77 0.0090005127095177245
42 78 -0.0093067196352452832
42 79 -0.033090349527483701
42 80 -0.055035219542752346
42 81 0.048020337198872623
42 82 -0.030759956609264606
42 83 0.077673595488536834
42 84 -0.053128430446258271
42 85 0.14523930957647554
42 86 -0.17347374587998962
42 87 0.023530680513132958
42 88 0.0048136191281223858
42 89 -0.12466143378909469
42 90 -0.067897433175941754
42 91 -0.066610555167379279
42 92 0.0061738058772134452
42 93 -0.033196012476338736
42 94 0.076125198597613228
42 95 0.019501821186325971
42 96 -0.028815508441377063
42 97 -0.11083447987381856
42 98 0.068031901828645436
42 99 0.037908075599595449
43 44 0.047683003322040673
43 45 0.0024791906095607379
43 46 0.12208062805990579
43 47 0.13686273776783198
43 48 -0.14545029698437795
43 49 -0.10112252751138727
43 50 -0.13898868996007416
43 51 -0.0499423850622564
43 52 -0.037797856470246263
43 53 0.11792140878193616
43 54 0.10227966832359846
43 55 0.065296877431939251
43 56 0.036069471725519539
43 57 -0.047151202077612225
43 58 -0.021505522562017362
43 59 -0.027673832538834188
43 60 0.1921454163229237
43 61 -0.0020469203757284928
43 62 -0.015422449978923881
43 63 0.14881812350994592
43 64 0.10432058334348154
43 65 0.021717587797120935
43 66 -0.027523514355605017
43 67 0.076817349700562435
43 68 0.030931967908610854
43 69 0.072465980740739164
43 70 -0.10853090369116072
43 71 -0.014678520000796322
43 72 0.13868609965610498
43 73 0.059402143925237731
43 74 -0.014461774537181516
43 75 0.13108321289315764
43 76 0.013596375625188069
43 77 -0.092082663047013846
43 78 -0.0015737111588119707
43 79 0.055537819110342584
43 80 0.077391271484803514
43 81 -0.023065607352197131
43 82 -0.028415531809249085
43 83 0.097399596987461229
43 84 -0.13255573587329958
43 85 -0.022962290582446775
43 86 0.087362723251366903
43 87 -0.079065350589552552
43 88 0.16430763170337026
43 89 -0.054721198872863114
43 90 -0.084588453167284972
43 91 -0.05516384583995082
43 92 -0.12318172905020419
43 93 0.001073469562475674
43 94 0.076141829927111923
43 95 0.13115212056831241
43 96 0.14256122099742508
43 97 0.0015551029622829227
43 98 -0.091621447292231747
43 99 -0.17160253052146446
44 45 0.030679408095848983
44 46 -0.029288923869503509
44 47 -0.0058071604466349066
44 48 0.049034739392283117
44 49 0.16713466488609843
44 50 0.12365931662515456
44 51 0.013597387509439585
44 52 0.057220168012721617
44 53 -0.098777097259479099
44 54 0.038498539312188454
44 55 -0.12904520611781431
44 56 -0.0081837888024359675
44 57 0.09738968554010996
44 58 0.16857265742655508
44 59 -0.19075431226499473
44 60 -0.0097486092251697978
44 61 0.092743826228491061
44 62 -0.062614426078367716
44 63 0.093502950236244664
44 64 -0.080690575568390335
44 65 0.12645383257424089
44 66 -0.0259746314639215
44 67 0.084959481220030025
44 68 0.065271039676185943
44 69 -0.040883619413855932
44 70 0.036565160349299429
44 71 0.098888277476682607
44 72 -0.0082302099555864507
44 73 0.025100035248515052
44 74 -0.050388974564296474
44 75 -0.036150877051759484
44 76 0.075106859911191745
44 77 -0.15358041541464115
44 78 -0.1090746012633723
44 79 0.18323059349154031
44 80 -0.044676830874387938
44 81 -0.1865085168070488
44 82 0.23477601780393875
44 83 -0.03503669649694148
44 84 -0.077333121024786927
44 85 -0.16426093402786082
44 86 -0.071048588412240307
44 87 0.094845618462744641
44 88 0.050462291098605241
44 89 0.084034860435976064
44 90 -0.1195106861598963
44 91 0.11424605621572091
44 92 -0.043521550263849025
44 93 -0.17552864511091817
44 94 0.047777661217705047
44 95 0.18727042599411325
44 96 -0.071775850266161165
44 97 -0.057411284830197654
44 98 -0.063364770049246469
44 99 0.0081661023061294601
45 46 0.047527221130419323
45 47 -0.029979844428614
45 48 0.043749984795251405
45 49 -0.028481755039030079
45 50 -0.095601469380433485
45 51 0.17572224049977125
45 52 0.14553450049344896
45 53 0.12432599211362615
45 54 0.19773332769813193
45 55 0.0727931372618284
45 56 -0.013960986810225569
45 57 0.096148003746060501
45 58 -0.17799275252685398
45 59 -0.085340271960134093
45 60 -0.11506517507958092
45 61 -0.11862903085545151
45 62 0.11494528173456596
45 63 -0.16783798568504071
45 64 0.060848095513065581
45 65 -0.039158793694251529
45 66 0.0073758402561146484
45 67 0.091290839729157788
45 68 0.029653793047151072
45 69 0.09267674988175266
45 70 -0.040870098094531938
45 71 0.077677025300183278
45 72 -0.050841213424512935
45 73 -0.023148222843820628
45 74 -0.093797017628715562
45 75 0.085563646570523177
45 76 -0.1190515754159755
45 77 -0.053332553633892769
45 78 0.15951050432493197
45 79 -0.072125822174179607
45 80 -0.039380544211023924
45 81 -0.046802250312268562
45 82 -0.033736271771382303
45 83 -0.12935090294285692
45 84 0.18694752257647007
45 85 -0.0017617598104280527
45 86 -0.025241530113405932
45 87 0.094865090207576122
45 88 0.18573229340599168
45 89 -0.11685282058945619
45 90 0.010509612811723829
45 91 -0.25401813024152581
45 92 0.07337464878313385
45 93 -0.052054883445394932
45 94 0.1273371348664008
45 95 -0.010141946835659645
45 96 -0.03920981572522831
45 97 -0.0052255998430343932
45 98 0.15032525122779417
45 99 -0.11950183064211813
46 47 0.18340066654603138
46 48 0.073278989204672559
46 49 0.079882081245027589
46 50 0.079265374868000935
46 51 0.00036270614236398873
46 52 0.063671054685182055
46 53 -0.11912504565699555
46 54 -0.098017580817224892
46 55 -0.1217670151781501
46 56 -0.063868695499849859
46 57 -0.27120574575701911
46 58 0.029205481401948081
46 59 0.018684834094469312
46 60 -0.048073394273910955
46 61 0.1512455047361819
46 62 0.086882875460298631
46 63 0.026412835720544273
46 64 0.02804230545488632
46 65 -0.16497240152839013
46 66 0.30248078378821125
46 67 -0.083165157348241495
46 68 -0.052980548361086947
46 69 0.0048478338876018099
46 70 0.16303453891433162
46 71 0.017852320816958929
46 72 0.048286991693685187
46 73 -0.052065626968323432
46 74 -0.13131082685906748
46 75 0.080717999436308349
46 76 -0.16136298873778665
46 77 -0.083799586352367339
46 78 -0.028356757103264876
46 79 0.14407860516034085
46 80 0.093724456750808594
46 81 0.029409992297454664
46 82 -0.13360926722476346
46 83 0.081121900260511789
46 84 0.026346725726346627
46 85 0.0386641660449192
46 86 0.021112141426839901
46 87 -0.098788922243075616
46 88 0.016881647418993811
46 89 -0.089972632765551397
46 90 -0.0071507363677175808
46 91 -0.21956345225324961
46 92 -0.018720939894821747
46 93 0.0039033610679577546
46 94 0.10687905050121563
46 95 0.095197752588724815
46 96 0.090504432154267733
46 97 0.12929896866759596
46 98 0.09135771105502255
46 99 0.017615984220123559
47 48 -0.057715632572275424
47 49 0.0073646938017993468
47 50 -0.060752536197144505
47 51 -0.15722716123962377
47 52 0.1343182260189856
47 53 0.011207299897002795
47 54 0.018085611505283344
47 55 -0.14772296765598913
47 56 -0.023912857210860852
47 57 -0.10887609001050549
47 58 -0.029575957652052745
47 59 -0.0066502564681839883
47 60 -0.14270985749238793
47 61 0.073457037483228529
47 62 -0.11178933723962614
47 63 0.009850759004971097
47 64 0.13369600407864721
47 65 -0.075361643456490809
47 66 0.11200688996238006
47 67 -0.064312609281063776
47 68 -0.099456480698262545
47 69 0.063556668293317187
47 70 0.17058174389583927
47 71 -0.090837071063015903
47 72 -0.05736474602447357
47 73 0.018966114298475573
47 74 -0.028279016827810324
47 75 0.021344876737432288
47 76 0.1271582863139063
47 77 -0.032573667050977383
47 78 -0.011031271979660846
47 79 0.028910341079141491
47 80 0.15589276013040015
47 81 0.066688976737275044
47 82 -0.01414260292595384
47 83 -0.04268525884305583
47 84 0.15846987654266195
47 85 0.084715725395354435
47 86 -0.12236406988400486
47 87 0.00070530982418233717
47 88 0.032200307035483398
47 89 -0.047880896168077898
47 90 0.029413038129509423
47 91 0.010097864850566112
47 92 0.037759644934897453
47 93 -0.19028071595434326
47 94 0.03960349274374253
47 95 0.017674932229080714
47 96 -0.033279027598191395
47 97 0.06073817594747194
47 98 -0.093080094700157434
47 99 0.1881229799497551
48 49 -0.087106444758181203
48 50 0.060524143550566227
48 51 -0.084908178757211766
48 52 0.18065337719066249
48 53 0.097011525700169465
48 54 -0.10607512210688119
48 55 -0.1965192367100676
48 56 -0.063063766795266915
48 57 0.083378685486434179
48 58 0.20277284455290095
48 59 0.077948623378723284
48 60 -0.10323144440987359
48 61 0.12549394194761612
48 62 0.093760277254265487
48 63 0.12392817686468489
48 64 0.032042003693823505
48 65 -0.093952913681380201
48 66 0.01373884687443541
48 67 0.069365055058861522
48 68 -0.027241306946073737
48 69 -0.033411685380480061
48 70 -0.18621780718585765
48 71 0.046490549096863121
48 72 -0.048647752506473123
48 73 -0.054870144980538764
48 74 -0.1434010955937752
48 75 -0.06682729909733906
48 76 -0.039101722511429009
48 77 0.06702490008269367
48 78 -0.040574417182177122
48 79 0.031737107524810647
48 80 0.1091262258618609
48 81 0.0097768776142180963
48 82 0.19205908037511488
48 83 -0.05421976177359239
48 84 -0.048391189525231901
48 85 -0.076741230881438874
48 86 -0.1177340185949307
48 87 0.15905876697710783
48 88 0.18692356003958957
48 89 0.038223856049602753
48 90 0.058265493741365686
48 91 0.016889051296923731
48 92 0.12907348708440958
48 93 0.080238898555893626
48 94 -0.11685836294467529
48 95 -0.037633801425334047
48 96 -0.21054170329094532
48 97 -0.006722255584448571
48 98 0.042000933389776597
48 99 -0.034660353345752917
49 50 -0.076055839329532429
49 51 -0.032599160523503035
49 52 0.031065645978015994
49 53 -0.095793438501934849
49 54 0.12193903272795303
49 55 -0.031885817544885113
49 56 0.043780409439937308
49 57 -0.099318003389323464
49 58 0.069709021888883518
49 59 -0.048889451765105132
49 60 0.16796516078013152
49 61 0.09463774828164942
49 62 0.14851868560534554
49 63 0.017773224013037551
49 64 -0.0023609787177280911
49 65 -0.072758158563396222
49 66 0.032272140013635014
49 67 0.14986494277894863
49 68 -0.049670814700020265
49 69 -0.086487542374660886
49 70 0.099645474626418248
49 71 0.0012903366679311321
49 72 -0.011213087945464349
49 73 -0.16847009403469015
49 74 -0.0050555700882991342
49 75 0.15918933408083594
49 76 0.16732355587094405
49 77 -0.0056832079832102884
49 78 0.11515091501706179
49 79 0.091739080865474054
49 80 -0.10250066266591898
49 81 0.037738638627480635
49 82 0.081951845541696766
49 83 -0.026715449232049545
49 84 -0.11022779787171932
49 85 0.036606095464147122
49 86 -0.082200802371042728
49 87 0.0391075221758721
49 88 -0.11464220567450552
49 89 0.096831075941220257
49 90 -0.035979485277531892
49 91 -0.0064277696317966513
49 92 -0.20048954691580906
49 93 0.048796022205825171
49 94 -0.14330750110334295
49 95 0.14680734981862756
49 96 0.061350574310737697
49 97 0.02099959095159324
49 98 0.073849406860239608
49 99 0.1148547869600606
50 51 0.0067665444558614373
50 52 -0.059153248055248381
50 53 0.095767202111253114
50 54 -0.053073342077120847
50 55 -0.18033927549667844
50 56 0.18571593535117645
50 57 -0.015592938867743301
50 58 0.048173538983486225
50 59 0.11981922067989635
50 60 -0.014546467333531286
50 61 -0.065691628325950588
50 62 -0.10957737212681121
50 63 0.042228040892265103
50 64 0.0700224605534462
50 65 0.085219638273980478
50 66 0.2418429820398155
50 67 0.074132258218446864
50 68 0.066273877610292395
50 69 -0.22054379704819846
50 70 -0.16673097154072983
50 71 -0.15382785516369624
50 72 0.12256653671132588
50 73 0.036824531699849318
50 74 0.033230997936130748
50 75 -0.07515063297930813
50 76 0.1162099701426651
50 77 -0.033229463117872893
50 78 0.16275044079593548
50 79 0.15159720349309783
50 80 0.0716765522816218
50 81 0.27913021110805819
50 82 0.092285865719113472
50 83 -0.20805566311459833
50 84 0.0067890171078208595
50 85 0.014872146292692533
50 86 -0.18860341328812003
50 87 -0.10198641066615247
50 88 -0.029956495218054848
50 89 0.059990752345523271
50 90 -0.063792721945076972
50 91 0.19035382463924969
50 92 -0.008401799498251419
50 93 -0.04365194203496188
50 94 -0.05187485996321211
50 95 -0.065960359804181676
50 96 -0.093740823251436428
50 97 -0.0062769913437797868
50 98 -0.07605176143384762
50 99 0.07452673038852746
51 52 -0.21996764513666756
51 53 -0.014487071434791844
51 54 0.015899510195969965
51 55 -0.028221571360946541
51 56 -0.085155171561241069
51 57 -0.012674507939719207
51 58 0.080575447171983478
51 59 8.1454220241473316e-05
51 60 0.10981689190490394
51 61 -0.082585412005158357
51 62 0.10193440009366622
51 63 0.0050747843857688098
51 64 -0.031919548362187765
51 65 0.042869700799559374
51 66 -0.085826054889258901
51 67 -0.0021442809369058321
51 68 0.15926851471205863
51 69 0.043637049384233004
51 70 0.0023784129132539342
51 71 0.020463788301222988
51 72 0.040857683627633534
51 73 -0.18338807420779976
51 74 0.044351805215658201
51 75 -0.020970155995264143
51 76 -0.19433845986275783
51 77 0.061016949027245138
51 78 -0.034914986356923479
51 79 -0.10455119518757297
51 80 -0.0090682824781132734
51 81 -0.038560537090376025
51 82 0.1065304443294578
51 83 0.039044935318854029
51 84 0.05005469920561563
51 85 0.16404538642505609
51 86 0.12507024720576507
51 87 0.0031644360684705743
51 88 -0.072096313978187984
51 89 0.18428316172301026
51 90 -0.095240611616121684
51 91 -0.021206659579102619
51 92 0.11113458979976143
51 93 -0.17488697424067029
51 94 -0.038711674480032793
51 95 -0.016641957005266852
51 96 -0.076437697935393192
51 97 0.018205658304934032
51 98 0.15624669680834899
51 99 -0.010772681177727632
52 53 0.19706950832459047
52 54 -0.0094325775806849976
52 55 -0.062154303271283164
52 56 0.10511874669002706
52 57 0.093110556862153249
52 58 -0.073436114727482849
52 59 0.075837439876546675
52 60 0.10586533807241523
52 61 0.084688693648958119
52 62 0.066666301170555567
52 63 0.0062587070372577174
52 64 0.07226422632664932
52 65 -0.018714164045655284
52 66 -0.04488269189709073
52 67 -0.13923820300795098
52 68 0.14060839922621954
52 69 0.034355534310122192
52 70 -0.012132488957517543
52 71 -0.027676190955045261
52 72 -0.080883636140391069
52 73 -0.028286268911675155
52 74 -0.21737148470594106
52 75 0.027525418209638681
52 76 -0.11315593824745612
52 77 0.18581067454428082
52 78 0.024791160211159187
52 79 -0.14477509356042961
52 80 -0.052057106595048579
52 81 0.041721269266197757
52 82 -0.01882720061777551
52 83 0.19008766685024922
52 84 -0.15281032636028746
52 85 0.099231087655072617
52 86 0.0207473484777254
52 87 -0.0048493307539853236
52 88 0.12447271975149046
52 89 -0.093183517477810451
52 90 -0.074906299480080638
52 91 0.042121798618774471
52 92 -0.0084216146471810509
52 93 -0.036771049652628535
52 94 -0.056727204866277928
52 95 -0.26398458688383286
52 96 0.072213918915241024
52 97 -0.071078907882335451
52 98 0.19282700109154233
52 99 0.017893213589777381
53 54 -0.24517759932964506
53 55 0.07143937922554415
53 56 -0.038053582888777179
53 57 -0.1615580786100019
53 58 0.21677064075760036
53 59 0.062753087125967763
53 60 -0.11705359178280349
53 61 -0.16647982592884258
53 62 0.038248985690992381
53 63 -0.06013515993294688
53 64 0.0075652032263969458
53 65 -0.019207321045404235
53 66 -0.08759708281589057
53 67 0.070473822767837799
53 68 0.065941405343165505
53 69 -0.10264301799225389
53 70 -0.12910528930645604
53 71 -0.0019112602492279312
53 72 -0.10981727921664917
53 73 0.085122584536251059
53 74 0.069437426610792483
53 75 0.080540592521666815
53 76 0.14384357656495206
53 77 -0.015935035653342412
53 78 -0.14864002242950741
53 79 0.017296099705942015
53 80 -0.13463361299055085
53 81 -0.03465191514953557
53 82 0.12260037397746948
53 83 -0.11589512493148091
53 84 -0.17485021581456961
53 85 -0.096858190591789906
53 86 0.0022058418869628249
53 87 -0.096439535236807372
53 88 0.0083809231098693725
53 89 -0.062516595986538068
53 90 -0.033147309865730508
53 91 -0.084827661402299984
53 92 0.020174647514620923
53 93 0.015899191043563559
53 94 -0.093954177255681143
53 95 0.13375600656229233
53 96 -0.16532683925045535
53 97 0.00068616985862561325
53 98 -0.012242157864238629
53 99 -0.018891093334702579
54 55 -0.06717091242401621
54 56 -0.05176220506114191
54 57 -0.14047587204538486
54 58 -0.1136624552260303
54 59 -0.13893863632707779
54 60 -0.13633517260531483
54 61 -0.16130372581734922
54 62 -0.16980699552667544
54 63 0.062502737862489152
54 64 -0.1701266811093185
54 65 0.0069308357167040162
54 66 0.080921244174171583
54 67 0.17012069576457278
54 68 -0.0011037995569344861
54 69 0.069914256099256319
54 70 0.0025554108857971172
54 71 -0.13211702237030953
54 72 -0.066195979373905964
54 73 -0.018244978767846219
54 74 -0.10599819915797193
54 75 0.054337317671624842
54 76 0.081849987539003147
54 77 -0.10438846623861515
54 78 0.021735376531488836
54 79 0.049813569653552658
54 80 0.11940553998465427
54 81 -0.020140305738945308
54 82 -0.14611982823989139
54 83 -0.00070284959960096823
54 84 0.067669352933265453
54 85 0.050128074765134659
54 86 -0.024191990769280462
54 87 -0.029193885541290959
54 88 0.066446616747507195
54 89 0.075332997321380823
54 90 -0.066324334329408471
54 91 -0.006762035937939755
54 92 0.02803082229577801
54 93 -0.11460270737899088
54 94 0.056029860781763877
54 95 0.01929242529185414
54 96 0.036173517948191888
54 97 0.096483953786159718
54 98 -0.06130400524432892
54 99 -0.024167951506068194
55 56 0.0087583602930737126
55 57 -0.076419909986387313
55 58 0.019032375507279389
55 59 0.061331792954820732
55 60 -0.10527298168342775
55 61 0.035507577250644282
55 62 -0.21433342274895728
55 63 0.066400569098539391
55 64 0.046618312770842607
55 65 -0.065510513261660783
55 66 0.074092457250604385
55 67 0.086217175424788517
55 68 -0.098064837859387632
55 69 0.085912068466147185
55 70 -0.14374127652926291
55 71 0.061614857848360086
55 72 0.058144076474346156
55 73 0.016028696110812878
55 74 0.17807866455980312
55 75 -0.043375197552205973
55 76 -0.093825215169678747
55 77 -0.19188321013866189
55 78 0.040712941346179005
55 79 0.022440594867933601
55 80 -0.059207372418907549
55 81 -0.064789194173636447
55 82 -0.14221111275542289
55 83 -0.025637560549522195
55 84 -0.062395868810421917
55 85 0.01165466694750694
55 86 -0.091763505361162762
55 87 -0.077124372073632888
55 88 0.17649831286202816
55 89 0.061165360198549845
55 90 -0.00025838740869148376
55 91 0.024381056030454835
55 92 0.047197303330518511
55 93 0.10731683356351079
55 94 0.02911809944077063
55 95 0.12122468357623079
55 96 -0.00087278836333286054
55 97 -0.022484005596599577
55 98 0.028849542087543163
55 99 0.093935406356845497
56 57 0.1827698312290775
56 58 0.014489362230673706
56 59 -0.075284877605190245
56 60 -0.046033634878030721
56 61 0.037276144370076966
56 62 0.09499156401762307
56 63 0.1241706042929577
56 64 -0.12915378376533779
56 65 0.14270207272971655
56 66 -0.19869297122212332
56 67 -0.01975677693863535
56 68 -0.10551222812889516
56 69 0.018137492533160413
56 70 0.14985594738341226
56 71 -0.033832331977616689
56 72 -0.048740777711056574
56 73 0.13320087295386282
56 74 0.085301132499502746
56 75 0.11338187913259085
56 76 -0.10422246119789191
56 77 -0.08208187703821862
56 78 0.14036092561556143
56 79 0.031104191538367878
56 80 0.056832698138253139
56 81 0.25201217444553087
56 82 -0.012299033285340792
56 83 0.14412397148319894
56 84 -0.027569048540440556
56 85 -0.039793392943058309
56 86 0.0095163179034615797
56 87 -0.15679605531510402
56 88 0.14158531074196665
56 89 -0.03154035892587518
56 90 -0.012979419968567038
56 91 -0.10990283352293509
56 92 0.12208017983860797
56 93 -0.069396490217961501
56 94 0.1025328738243248
56 95 0.16977238473162132
56 96 -0.11825824696959726
56 97 -0.17741456981716047
56 98 0.10906261347114198
56 99 0.012464922944321602
57 58 -0.028487769705658209
57 59 0.0444707524519522
57 60 0.030164766870489603
57 61 0.020969189167755239
57 62 -0.11008480877849747
57 63 -0.10074023802289628
57 64 0.016481864160105993
57 65 -0.038366009693994521
57 66 -0.0050102407223772396
57 67 -0.1886206451683643
57 68 -0.06122988037945979
57 69 -0.030655202149909473
57 70 -0.0089861660941369052
57 71 -0.019002445312936576
57 72 -0.15525503277320005
57 73 -0.071586654051165072
57 74 0.050169031787526158
57 75 0.0038202945975697035
57 76 -0.0020766266113580985
57 77 -0.18696533219776171
57 78 0.038360558481952967
57 79 -0.016634173767695132
57 80 -0.079077151093825154
57 81 -0.20927811494244464
57 82 -0.039648717478943461
57 83 -0.050520670423507379
57 84 0.10592725442567595
57 85 0.052456628475867774
57 86 0.017701886726336238
57 87 0.14111701049344927
57 88 -0.022628558440893738
57 89 -0.17418777848273043
57 90 0.10251759906987297
57 91 -0.10130506205629156
57 92 0.10919764351386324
57 93 0.016863052135205499
57 94 -0.040299232521041908
57 95 -0.013711068598393489
57 96 0.032513048359169926
57 97 0.020321496671179985
57 98 0.18908112798418611
57 99 0.1822641920666459
58 59 -0.080753659017863286
58 60 0.033878132863446916
58 61 -0.075008997329818708
58 62 0.02380575937409439
58 63 -0.22699382989669548
58 64 -0.07583615091963325
58 65 0.051650267800386854
58 66 0.0089539194350143105
58 67 0.03890843676708769
58 68 0.048199236204907382
58 69 -0.11955573828468136
58 70 -0.19429436459804597
58 71 0.022425773346397913
58 72 -0.11457125591938225
58 73 -0.10492827494590747
58 74 -0.054078610933774779
58 75 0.029703407028779945
58 76 0.049394972672290587
58 77 0.13606398175962922
58 78 -0.0039136414713670095
58 79 -0.0026707380736901566
58 80 -0.070352189415627153
58 81 0.060258692201739329
58 82 -0.0039055603171853238
58 83 0.020892638849448975
58 84 -0.13391143412383905
58 85 0.14554112011155718
58 86 0.090089137733851396
58 87 -0.12451662201462999
58 88 0.088833052019550343
58 89 -0.077064195087303791
58 90 0.027830189348532958
58 91 0.031877953711030971
58 92 -0.16247904396352261
58 93 0.0049729781872665472
58 94 0.01505969505881475
58 95 0.080352859499673218
58 96 0.082702048990856938
58 97 0.10430958351845257
58 98 0.0092976533346544234
58 99 0.042233574521685663
59 60 -0.13310798234945398
59 61 -0.016646226555505707
59 62 -0.058633360827553639
59 63 -0.15576860041177534
59 64 -0.029524380409096031
59 65 0.073311169802193127
59 66 0.092426675223393373
59 67 0.02658158803823979
59 68 0.015897543866505961
59 69 0.060016857597068901
59 70 -0.13751437509511805
59 71 0.019485938547621713
59 72 0.071118709802900221
59 73 0.078750762437022254
59 74 -0.080083013670528169
59 75 0.25297144638748442
59 76 0.16658848774089
59 77 0.017866451647646647
59 78 -0.17312468665823816
59 79 -0.075796286399823859
59 80 -0.059283446464972384
59 81 0.038202301419118317
59 82 -0.066975001596342579
59 83 -0.02647203111955361
59 84 0.15489731480679908
59 85 -0.019295710032396926
59 86 -0.010222051349636243
59 87 -0.1922586674273758
59 88 0.029149634917129776
59 89 -0.045598225279363684
59 90 0.18596119863839689
59 91 0.02888787900707307
59 92 0.00059867352759635731
59 93 0.11708110856572276
59 94 0.063055465529198759
59 95 0.010277289222915672
59 96 -0.18104445009891379
59 97 -0.088667636359044552
59 98 0.01758162251314874
59 99 -0.060244650618999022
60 61 0.14376038452857429
60 62 -0.055744379307840944
60 63 -0.08287177909873189
60 64 0.019024880509843158
60 65 -0.24068198607986946
60 66 0.075893972034859966
60 67 -0.13723220558155552
60 68 0.069029957977162951
60 69 0.068116712375226388
60 70 -0.18278855894063184
60 71 0.026680437260233759
60 72 -0.10727909313488648
60 73 0.19994446187983128
60 74 -0.075622914021947235
60 75 -0.0072336029183311711
60 76 0.16344968861611595
60 77 0.10644162872258645
60 78 -0.017737162313614021
60 79 0.086820658671599993
60 80 -0.090399345122729693
60 81 0.022102801783329334
60 82 0.048674605782332327
60 83 -0.04840671035252473
60 84 0.15681850624596863
60 85 0.025532311134456254
60 86 -0.083058932209768385
60 87 0.060488313354613368
60 88 0.095041107795188332
60 89 -0.094548709085408383
60 90 -0.14500344627420025
60 91 0.032852331030769295
60 92 0.047743870206904349
60 93 0.11609602374397765
60 94 -0.14178744672562801
60 95 -0.076150403721259557
60 96 0.010607691173108903
60 97 -0.091420662410098913
60 98 -0.069488299093655143
60 99 0.021186352336391143
61 62 0.16331613644190271
61 63 -0.043617208271242186
61 64 -0.047525011781942537
61 65 0.039410237490318877
61 66 0.0039725564246612752
61 67 -0.098177098889068115
61 68 -0.23566751913493553
61 69 0.082530439725205629
61 70 0.11712979726204149
61 71 -0.00012703101987045519
61 72 -0.0056562001819084589
61 73 -0.077860799672292189
61 74 -0.11649141386274496
61 75 -0.079355980490222147
61 76 -0.12236417784730731
61 77 0.073389842323044116
61 78 0.047168724995441558
61 79 -0.0043958683454426439
61 80 0.021518701353771173
61 81 -0.15932754461701104
61 82 0.097906315552558409
61 83 0.0045469115237179595
61 84 -0.021343467088384912
61 85 0.047692657269069696
61 86 -0.16888980601955095
61 87 -0.16087700013331629
61 88 -0.063185631868347261
61 89 0.11271518119010976
61 90 -0.093601600115376118
61 91 0.2144752846747677
61 92 -0.18166537928115703
61 93 0.18783987144572706
61 94 0.082243024708957793
61 95 0.049365295541570632
61 96 -0.071425336079152177
61 97 -0.092365243693047799
61 98 -0.0093454345411725353
61 99 -0.061529635456744572
62 63 0.009175753314615398
62 64 0.14910372802384531
62 65 0.089828456047571476
62 66 0.066211488604971808
62 67 -0.0030946844036940984
62 68 -0.15099536875572833
62 69 0.12587989743691064
62 70 -0.00426725505302599
62 71 0.07804243538816788
62 72 0.10958158955060709
62 73 -0.10365581353861852
62 74 -0.0077365123081700911
62 75 0.10756169878529157
62 76 0.09275993362244167
62 77 0.047579296475927894
62 78 0.043131380627532551
62 79 0.020728534744670821
62 80 -0.051712656129885771
62 81 0.18474773796184973
62 82 0.0054631298181043227
62 83 0.14322684286800599
62 84 -0.063440171872845383
62 85 -0.055225958010866605
62 86 0.010062531036282763
62 87 0.048293939472014769
62 88 0.049577037117125473
62 89 0.077583900367302727
62 90 -0.085493204929833491
62 91 0.12768550555265132
62 92 -0.037474948337609358
62 93 -0.047194479546895506
62 94 -0.092542805195130584
62 95 0.0039293880379214271
62 96 0.1987791354734573
62 97 0.0032880903813575489
62 98 0.20030824138392114
62 99 0.27359719205492433
63 64 -0.11796839903683257
63 65 0.10343256875174696
63 66 -0.1501408821801076
63 67 0.034639980319280624
63 68 0.051197351702084594
63 69 0.056376822341667833
63 70 -0.086928407489690537
63 71 0.064055607870878897
63 72 0.0020156576293430934
63 73 -0.052738110252794693
63 74 0.058945504799616605
63 75 -0.075051296960655448
63 76 -0.065556602053190555
63 77 0.14474113781797227
63 78 -0.03906243970982106
63 79 0.065181241741904039
63 80 0.095857093488649625
63 81 -0.067931074835219526
63 82 -0.10741167490679389
63 83 -0.18391926525134306
63 84 0.053784171565971796
63 85 0.085840995274485937
63 86 0.12879748939494806
63 87 -0.043930321368761974
63 88 -0.023196759830195056
63 89 -0.0052318459196952676
63 90 0.045989369288214683
63 91 0.071330112411553542
63 92 -0.0026204647075128797
63 93 0.29603696955518932
63 94 -0.04860347904972584
63 95 -0.012125456571533884
63 96 -0.049184858938454805
63 97 0.005815639307108697
63 98 -0.21815773292777135
63 99 -0.050565473177102631
64 65 0.17430697833192027
64 66 0.11568301499482787
64 67 -0.19358346224197948
64 68 -0.096175088817944385
64 69 0.026863497189711955
64 70 -0.0075629244840009976
64 71 -0.040674860763987637
64 72 0.0059204837237921684
64 73 0.11891749190648913
64 74 0.027435451793240924
64 75 -0.034728808983324672
64 76 0.21431224530496579
64 77 0.27176973485430123
64 78 -0.045061677949374407
64 79 0.10211396546183478
64 80 0.039559564941686581
64 81 0.023388110661533235
64 82 -0.043425802200215941
64 83 -0.086914242932957284
64 84 -0.090999891756934667
64 85 -0.080694337004435304
64 86 0.0035812269429739297
64 87 -0.096727468445177531
64 88 0.072169880776381548
64 89 0.030258808147974978
64 90 0.065549421065249164
64 91 0.13287734689320763
64 92 -0.099058784871847202
64 93 -0.091756669961441439
64 94 -0.079889075017334304
64 95 -0.14214534195745501
64 96 -0.076205541895906392
64 97 0.11391219853003026
64 98 0.16935452015571706
64 99 0.16897547878427024
65 66 0.045866070402548566
65 67 0.019801186845363791
65 68 -0.14803862695325606
65 69 0.030385463759111098
65 70 0.18186067839148395
65 71 -0.039507718105851068
65 72 0.006236692528557638
65 73 -0.24157792514777993
65 74 0.11364633620330356
65 75 0.13635420796583431
65 76 0.18386709168396495
65 77 -0.14088395472777104
65 78 0.049536684471728688
65 79 0.010074067886987864
65 80 0.04774442824262537
65 81 -0.010141069600983368
65 82 -0.12579962483999579
65 83 0.06293366709418706
65 84 0.035328204668163977
65 85 0.18668832595204893
65 86 0.0098798220386486415
65 87 0.082703102925426347
65 88 -0.031915036363273287
65 89 0.00051538822387487174
65 90 -0.084313838595201779
65 91 0.10164876038192446
65 92 0.19463529545399993
65 93 0.068897444125116281
65 94 0.06797700831843953
65 95 -0.12513685488138193
65 96 0.14814321806308459
65 97 -0.066230522091969515
65 98 0.058141504994244468
65 99 -0.068919327280187112
66 67 -0.17647896367962271
66 68 -0.072252949073425929
66 69 -0.10765951982605269
66 70 0.023157246708226456
66 71 -0.10571532443723844
66 72 -0.049274690637982954
66 73 0.037958570931472535
66 74 -0.01985888730094772
66 75 0.16155464528282948
66 76 -0.094626307008729371
66 77 0.11075168458841995
66 78 0.028827570906871915
66 79 -0.13693751987033959
66 80 -0.17687517873092098
66 81 -0.180299831610339
66 82 -0.030857740614580437
66 83 0.08841973084122709
66 84 -0.142232124835968
66 85 -0.059944281831174076
66 86 -0.14273257450687313
66 87 -0.067313280543239165
66 88 0.013897457881354429
66 89 -0.076849118183505843
66 90 0.063821129923654865
66 91 0.15930467364728235
66 92 0.14821573973845356
66 93 -0.025843442435576888
66 94 -0.073759293798991557
66 95 -0.093182221986496602
66 96 -0.17485491963750541
66 97 0.1784977285950623
66 98 0.081796249452412567
66 99 -0.09911309914619594
67 68 -0.15221962072492667
67 69 -0.012715664036585098
67 70 -0.16467798310135556
67 71 0.1081655481200095
67 72 0.0073175456716094642
67 73 0.014780249023067264
67 74 0.059876669657088766
67 75 0.11348828840626041
67 76 0.19814549889339933
67 77 0.06088176675520416
67 78 -0.11371700962203442
67 79 -0.059001774903829241
67 80 0.10438133663915911
67 81 -0.09495796598735462
67 82 -0.011888340483535726
67 83 -0.001165448649919419
67 84 -0.0062156918659480283
67 85 0.097325273258278389
67 86 0.066239670639604106
67 87 -0.07952647912243388
67 88 0.1513057191063098
67 89 0.095572260155630237
67 90 0.061239529900485305
67 91 0.14819763666188832
67 92 -0.025919631858165405
67 93 0.12614199949265043
67 94 -0.0031490569619927558
67 95 0.13023196021980479
67 96 0.074708169263112731
67 97 -0.092542502941871371
67 98 -0.14713945601822051
67 99 -0.060171354420370964
68 69 -0.16733532347134641
68 70 0.032324946435534324
68 71 -0.026614212205450512
68 72 0.081680834956789516
68 73 0.038545749637679913
68 74 0.15024908397788722
68 75 -0.08565675659270644
68 76 -0.0090490312940206558
68 77 0.082776867876949448
68 78 0.13989070423045213
68 79 -0.01502034592661885
68 80 -0.015458390539566156
68 81 0.049252388845382078
68 82 0.025920055924190027
68 83 0.10579490301354839
68 84 0.089482869916185037
68 85 0.078790799434626621
68 86 0.00066612693911885339
68 87 -0.072413088654634139
68 88 0.063465035885299739
68 89 0.023152671700445975
68 90 -0.12813469042275399
68 91 -0.049512448484544488
68 92 0.19293396087385545
68 93 -0.14611804032368245
68 94 -0.087965210058396026
68 95 0.071083152341713529
68 96 -0.10380463743246862
68 97 0.01233177736221929
68 98 0.14289191127603754
68 99 0.065204131766939372
69 70 0.072833090978657575
69 71 -0.028257957942333569
69 72 0.045441830245591779
69 73 0.023251190607850847
69 74 -0.1525196055597281
69 75 -0.2173466449988061
69 76 -0.10225537913604932
69 77 -0.081639838567911058
69 78 0.03279538741214718
69 79 -0.044588654877676701
69 80 -0.11152045947301246
69 81 0.18924946666059284
69 82 0.11562814256648664
69 83 -0.016189173911110723
69 84 0.0055374695910404169
69 85 0.015096921398050203
69 86 -0.15120934090087923
69 87 -0.1594436134525512
69 88 -0.22929937743564324
69 89 0.17588799758983464
69 90 0.14001433291737689
69 91 0.14936443451353301
69 92 0.045443551801838719
69 93 -0.067026034134935297
69 94 -0.03037678865686529
69 95 0.073072865456791883
69 96 0.036095925952848967
69 97 -0.13442088558464346
69 98 -0.071656323802724339
69 99 0.038570922784165712
70 71 0.052960454087089985
70 72 -0.095098292117633723
70 73 -0.021852351463114081
70 74 -0.043094894634891141
70 75 0.20837667471783017
70 76 -0.18766023561765349
70 77 0.16339753330206663
70 78 -0.11029393275313591
70 79 -0.014787789698633248
70 80 0.038904208607074692
70 81 -0.017538878426127731
70 82 0.0016232358073310247
70 83 -0.099826915325388052
70 84 -0.017377389017346569
70 85 0.059385113575537787
70 86 0.091062450069134659
70 87 0.076266663879763927
70 88 -0.062554294691559195
70 89 -0.20162540145869606
70 90 0.096096384846779126
70 91 -0.088556633627851808
70 92 0.017132821495608165
70 93 0.079024180252740273
70 94 -0.2054253903178519
70 95 -0.056082043776076264
70 96 0.056775535936215239
70 97 0.059380773531462275
70 98 0.10841322262722647
70 99 0.052752782361788257
71 72 -0.022575773314645671
71 73 0.095264984370477965
71 74 0.15735885384925488
71 75 -0.014683745545959304
71 76 -0.13460313764588752
71 77 -0.047425663243790085
71 78 -0.055673514269684754
71 79 0.014287447483161075
71 80 -0.082690012691897866
71 81 -0.17397316904345073
71 82 0.11718444721879667
71 83 -0.02394730213798571
71 84 0.16744700778007957
71 85 -0.049457290773686602
71 86 0.072590331633731367
71 87 -0.006219878630424041
71 88 0.063315573256842173
71 89 0.080417746080346603
71 90 0.11567501164483457
71 91 -0.028763494398015628
71 92 0.16536143680323923
71 93 0.068934095318456665
71 94 0.038770332126515671
71 95 -0.049528759230992779
71 96 0.17419596878967103
71 97 0.0011281058062229776
71 98 0.16596705163850634
71 99 -0.022269905394730279
72 73 0.070174819100423697
72 74 0.040608153261959157
72 75 0.052736186690737666
72 76 0.018398916974547659
72 77 0.094282896406852446
72 78 0.11300307538955112
72 79 0.024253398255913394
72 80 0.10706089547109661
72 81 -0.041052172077533887
72 82 0.037509533991648823
72 83 0.02977615612720046
72 84 0.084617115975295573
72 85 0.094735946593178064
72 86 0.018626306230542549
72 87 0.2258242528626549
72 88 0.049243457490730481
72 89 -0.19607443549778006
72 90 -0.035215056546147504
72 91 0.11325806366915042
72 92 -0.15153266327655923
72 93 -0.10766118212580773
72 94 0.059589540880137008
72 95 0.066621376600699875
72 96 -0.10678342385668688
72 97 -0.082812483415480406
72 98 0.10129522237886164
72 99 0.0082734637137100737
73 74 0.022099789484928412
73 75 -0.023461794346437293
73 76 0.1119569277054434
73 77 0.045473853824813733
73 78 0.00083064595888764515
73 79 0.21592287194290979
73 80 -0.039203630392479753
73 81 -0.16229330888378019
73 82 0.070248705501410824
73 83 0.017558163612999635
73 84 0.012665888705837017
73 85 -0.034811298354768365
73 86 -0.10768591589054305
73 87 -0.12084642735919056
73 88 0.016683721361104711
73 89 -0.086310015394407469
73 90 0.051712767325377773
73 91 -0.10123649492713327
73 92 -0.16325375533361203
73 93 0.11923038665059277
73 94 0.01395253758863218
73 95 0.010507187678826883
73 96 0.052633574189947054
73 97 -0.043891708939710082
73 98 0.2051447817110198
73 99 -0.13413837187800937
74 75 0.11575595227746693
74 76 0.025530196106415784
74 77 -0.42904178417806388
74 78 -0.12497998437909115
74 79 0.063495184826525136
74 80 0.034689170702235879
74 81 0.22518200815260384
74 82 -0.098047536598095689
74 83 0.09938419355538762
74 84 0.095644054347221688
74 85 -0.011739847849274995
74 86 -0.040128529048006532
74 87 -0.095149716884028096
74 88 0.095337868360408001
74 89 0.015498307992668513
74 90 -0.07696028106471095
74 91 -0.06774955079028204
74 92 -0.12742887806192091
74 93 0.018155844360822966
74 94 -0.010362131021039984
74 95 -0.073652407004503567
74 96 -0.0013218680523990713
74 97 0.1075781586485659
74 98 -0.059140009719485666
74 99 -0.038978112678673307
75 76 -0.050086249468323844
75 77 0.019513413064569666
75 78 -0.15396659475665678
75 79 0.084985654516733289
75 80 -0.17503745532348847
75 81 -0.26302882615417128
75 82 -0.21982028220628705
75 83 -0.071481305887930377
75 84 -0.013657843484273799
75 85 -0.021327076329484367
75 86 -0.0090231949571525378
75 87 0.041185057515715801
75 88 0.020767097781696716
75 89 -0.085176272358144456
75 90 -0.15514556475850635
75 91 0.0078132612555858391
75 92 0.12411780714417263
75 93 -0.11959977414752271
75 94 0.070554576776240219
75 95 0.011029525976461915
75 96 -0.15658196863118329
75 97 -0.060884474854157988
75 98 -0.047574002497075746
75 99 -0.040454916465426656
76 77 -0.041204182789525257
76 78 0.19545502938857118
76 79 0.14578378336548745
76 80 -0.031948795199594662
76 81 0.062391938531810569
76 82 -0.071431847914830968
76 83 -0.041931846955058728
76 84 0.18026336484752986
76 85 0.076088275244238612
76 86 0.04993672359973908
76 87 -0.017893366549395238
76 88 0.217292282422623
76 89 0.28994139940967889
76 90 0.0084475399454457274
76 91 0.16982699133661472
76 92 -0.062035385238797328
76 93 0.091198554507533239
76 94 -0.017075638134791609
76 95 0.0047661131387039977
76 96 -0.048292146389451784
76 97 0.044362397509484286
76 98 -0.080904528963065034
76 99 -0.081937597348200969
77 78 -0.074485104622585133
77 79 0.052433578728813615
77 80 -0.026356161656400992
77 81 0.081786922750910401
77 82 -0.12186230620915871
77 83 0.047393239247380162
77 84 -0.090788461503583398
77 85 -0.0062437233587441052
77 86 -0.03707753053817768
77 87 -0.11805949346882511
77 88 0.0079683132855303384
77 89 0.015845708291725026
77 90 0.12226302385859521
77 91 -0.014367707003069469
77 92 -0.029296663116502298
77 93 0.0025796254005861501
77 94 -0.035156840841619401
77 95 -0.053346183530471374
77 96 0.064500715224532032
77 97 0.020274427541340415
77 98 0.051283808871571274
77 99 0.10516822172209075
78 79 -0.17738405534871154
78 80 0.082662077615817481
78 81 0.057166153199576679
78 82 -0.03317892636841413
78 83 0.041093060406852032
78 84 -0.11065351903466608
78 85 -0.079579048554799511
78 86 0.048000076200211461
78 87 -0.14060590834118455
78 88 0.0010489349638095604
78 89 -0.071445405110013474
78 90 0.22185542647320242
78 91 0.14053585344318395
78 92 0.041564330319996644
78 93 0.027645109893952077
78 94 -0.060300342226075554
78 95 -0.15718214828022953
78 96 -0.049300843403558572
78 97 0.10443599050518829
78 98 -0.12355557158846604
78 99 -0.21755349673615809
79 80 -0.061721801913733956
79 81 -0.021748417357086904
79 82 0.081784887094721079
79 83 0.050936445928797695
79 84 0.085961512966338138
79 85 0.22147155089697201
79 86 -0.073628235660955152
79 87 -0.0092193495017202746
79 88 0.072768528287155354
79 89 -0.023353373790700453
79 90 0.12571322757504166
79 91 0.09942289136988304
79 92 0.011403874096456282
79 93 -0.049359629216473508
79 94 0.014631045184274492
79 95 0.11210390770412626
79 96 -0.065571240685719553
79 97 0.047240937715019339
79 98 0.0035285044512171266
79 99 -0.0068950363432706829
80 81 0.093234125557292352
80 82 0.23088714946827649
80 83 0.096746686467089157
80 84 0.077874677745598947
80 85 0.0047856863015960883
80 86 -0.035643055919017834
80 87 -0.11302546697184351
80 88 0.043462142365666277
80 89 0.011722284277575283
80 90 -0.10591163207573043
80 91 -0.17286309912437206
80 92 0.11099884999334811
80 93 -0.14502500910047816
80 94 -0.0032833933350297781
80 95 0.12061544763764354
80 96 -0.1215417864891194
80 97 -0.11999183047154799
80 98 -0.028941947155197701
80 99 0.017250599345143124
81 82 -0.14507846899646454
81 83 -0.072847493067792174
81 84 0.097958394251961595
81 85 0.016113339314005392
81 86 -0.048393157006174359
81 87 -0.015123107028910648
81 88 -0.063067604649837877
81 89 -0.046803191413533472
81 90 -0.073164305385522696
81 91 -0.12246171644098956
81 92 -0.055472054870267899
81 93 -0.045221397936418925
81 94 -0.19382118111996838
81 95 0.12546948734698135
81 96 -0.11112124786899302
81 97 0.012942654880549007
81 98 0.0047696960291885963
81 99 0.23123642794052413
82 83 -0.14266240815706932
82 84 0.039606433955906885
82 85 0.027681384386495707
82 86 -0.12922433172676878
82 87 -0.013193201048966896
82 88 0.012309350631922676
82 89 0.0087056297911300533
82 90 -0.13673301011013558
82 91 0.025857962440166811
82 92 0.039832503530415064
82 93 -0.1578876743109959
82 94 0.10308635928319716
82 95 -0.042436538579236238
82 96 0.112653642777098
82 97 -0.035367244595827164
82 98 -0.099259171474374519
82 99 0.036413449320819274
83 84 -0.039487635746079913
83 85 0.1194595284517489
83 86 0.17543475456582669
83 87 0.053471164667359163
83 88 0.014306784552860462
83 89 -0.045065284471486972
83 90 -0.18886509021465903
83 91 0.016678070642061605
83 92 0.10861277253319952
83 93 0.1300131551347547
83 94 -0.028845260853164096
83 95 0.27354104774222265
83 96 0.13048354453017219
83 97 -0.18577373993004428
83 98 0.012402761229494692
83 99 -0.026235033058517532
84 85 0.06824443415574287
84 86 0.092133236429520468
84 87 -0.095799800034552907
84 88 -0.21780123935331402
84 89 0.054790642178518992
84 90 -0.070736677750527346
84 91 -0.22646338391091225
84 92 -0.15057672949747736
84 93 0.02785438392108008
84 94 0.10092527870194259
84 95 -0.053693305436148989
84 96 0.094409908775136941
84 97 0.02839569869843301
84 98 0.054093991047384743
84 99 0.15337123737424729
85 86 -0.038572590028986109
85 87 0.11286092499852043
85 88 -0.03552555589142229
85 89 0.18206819157190526
85 90 0.12265283493353446
85 91 -0.24329905957943265
85 92 -0.11748870059951973
85 93 0.025366259003085614
85 94 0.0041260776282158558
85 95 0.039287496795223913
85 96 0.14408480309549615
85 97 0.078086343098867722
85 98 0.023150831847179976
85 99 -0.044998502621073661
86 87 0.22730086591658405
86 88 -0.01769096657038224
86 89 0.14347191322988037
86 90 0.014785529197788439
86 91 -0.039118900297206494
86 92 0.15173776158931426
86 93 -0.014332074400714854
86 94 -0.21947121212154747
86 95 0.10589284492566303
86 96 -0.1427300287481835
86 97 -0.11907378767525888
86 98 0.062005985948489023
86 99 -0.025127769173057736
87 88 -0.038154133920526481
87 89 -0.12893508515979024
87 90 0.0032702856268529805
87 91 -0.018645874399456943
87 92 -0.11719026446230674
87 93 -0.099093359073282428
87 94 -0.10755628677577063
87 95 -0.0058753010913919993
87 96 -0.11182132189786627
87 97 0.042284453670979397
87 98 -0.1034989636510919
87 99 0.0093131525187134506
88 89 0.083388117234145437
88 90 0.059330108072693788
88 91 0.032922327877434383
88 92 -0.039292443584343903
88 93 -0.0093412452370541382
88 94 0.074655774612449433
88 95 -0.064695477454216707
88 96 -0.049218441290163284
88 97 0.13359076765148201
88 98 -0.077200358887968445
88 99 0.080993452990112402
89 90 0.014122887679795859
89 91 0.056802468410606648
89 92 0.068705213275242982
89 93 -0.098408467686678394
89 94 -0.077083304061332791
89 95 0.11690590458380164
89 96 -0.067128772755005311
89 97 -0.1736676212323956
89 98 0.054671761594826784
89 99 0.072310768098847705
90 91 0.029124782030290893
90 92 -0.10815171417475133
90 93 -0.28111146678641624
90 94 -0.18803034707964927
90 95 -0.018464027998807055
90 96 0.15794660092807278
90 97 -0.048013581158551581
90 98 -0.069309128904058451
90 99 0.063456242155629727
91 92 0.064556097524745532
91 93 0.013551622080071669
91 94 -0.099755093560355973
91 95 -0.058576337977966721
91 96 0.033655863937220795
91 97 -0.026618349931210553
91 98 -0.10031115163396312
91 99 -0.11780411249528147
92 93 0.022237886097629455
92 94 0.075732698001560531
92 95 -0.051755718340731977
92 96 -0.19656397096498446
92 97 -0.067757191912989539
92 98 -0.13151872306139242
92 99 0.11740230343225228
93 94 -0.0845085074743335
93 95 -0.0032472433874111508
93 96 0.10836875815490793
93 97 -0.012603204472395641
93 98 0.14691507542586268
93 99 -0.037053289067322713
94 95 -0.066084671234015735
94 96 -0.12638007377116947
94 97 0.12231430568848123
94 98 -0.054494997910200897
94 99 -0.046188484545462399
95 96 -0.032723163124783509
95 97 -0.017845247199964491
95 98 0.056083558923992485
95 99 -0.089458003018596272
96 97 -0.029598796545626773
96 98 0.016636840373130551
96 99 0.10272349610649806
97 98 0.031661493898820246
97 99 0.10264227172833595
98 99 -0.15081806444916859
