# model=sk N=100 meanJ=0 seed=3086221019 distribution=gaussian field=0 num_fields=100 num_couplings=4950
0 0
1 0
2 0
3 0
4 0
5 0
6 0
7 0
8 0
9 0
10 0
11 0
12 0
13 0
14 0
15 0
16 0
17 0
18 0
19 0
20 0
21 0
22 0
23 0
24 0
25 0
26 0
27 0
28 0
29 0
30 0
31 0
32 0
33 0
34 0
35 0
36 0
37 0
38 0
39 0
40 0
41 0
42 0
43 0
44 0
45 0
46 0
47 0
48 0
49 0
50 0
51 0
52 0
53 0
54 0
55 0
56 0
57 0
58 0
59 0
60 0
61 0
62 0
63 0
64 0
65 0
66 0
67 0
68 0
69 0
70 0
71 0
72 0
73 0
74 0
75 0
76 0
77 0
78 0
79 0
80 0
81 0
82 0
83 0
84 0
85 0
86 0
87 0
88 0
89 0
90 0
91 0
92 0
93 0
94 0
95 0
96 0
97 0
98 0
99 0
0 1 -0.013754156956425729
0 2 -0.09683412858803396
0 3 -0.044040274368390919
0 4 0.095271888572828367
0 5 0.10217767446630273
0 6 -0.016910356247926001
0 7 -0.061747998813463101
0 8 0.03871726247964144
0 9 0.0097593961713484875
0 10 -0.1149672291510288
0 11 0.055758722758794892
0 12 0.02510332058940741
0 13 0.11053856713099044
0 14 0.080537790796206835
0 15 -0.034498409789056481
0 16 0.18465213199234221
0 17 0.048047899900615275
0 18 0.022206553413396873
0 19 0.10121201226454815
0 20 -0.0042965032304240367
0 21 -0.075660299626892233
0 22 -0.11022500981173398
0 23 -0.03899116058109816
0 24 0.0095586977205265149
0 25 0.086602252262633184
0 26 0.23131075568071707
0 27 -0.018970253235944281
0 28 0.068036933010051148
0 29 0.16489165187122121
0 30 0.023817053457544975
0 31 0.15920815192622936
0 32 -0.022173509761738274
0 33 0.010680157760890364
0 34 0.091431181972923672
0 35 -0.025590415334383911
0 36 0.056549878083965915
0 37 -0.1243826456154459
0 38 0.010989239495159998
0 39 0.0031540489704689183
0 40 0.10290722738436645
0 41 0.10957473982711946
0 42 -0.16754101125007873
0 43 -0.037922544786365857
0 44 -0.069942682548901777
0 45 0.10352506475304797
0 46 0.026663859036995176
0 47 -0.09713932327168423
0 48 0.011389039341742815
0 49 0.21666088105116732
0 50 -0.030816653544035139
0 51 -0.16345236717211312
0 52 0.030333363898344068
0 53 0.031779950047950367
0 54 -0.050315347282833482
0 55 -0.13296584967578903
0 56 -0.054426365554430312
0 57 -0.018397127625634783
0 58 0.07212243246432852
0 59 -0.14976185139628095
0 60 -0.1469149794876532
0 61 0.069412128758136724
0 62 -0.038954434632678059
0 63 -0.0086037161952703719
0 64 -0.1294009854722806
0 65 0.18679168035699018
0 66 0.058257005959856417
0 67 0.15543624071879653
0 68 0.11141616258606822
0 69 0.048457614751065144
0 70 0.0129600402604824
0 71 0.10851949211750289
0 72 -0.031027556023088234
0 73 -0.13558584089339712
0 74 0.1826672739759011
0 75 -0.095191025336091528
0 76 0.023301721572294952
0 77 0.039432028209997895
0 78 -0.16389936359391302
0 79 0.072468543228762575
0 80 0.076777212568985523
0 81 0.028197612003538475
0 82 0.15728656952260611
0 83 -0.063009480492740494
0 84 0.11939128539401452
0 85 -0.0046696674824807435
0 86 -0.058761138167106236
0 87 0.092165536187935396
0 88 0.014744505213796553
0 89 -0.025521342694562434
0 90 0.0072886325875901638
0 91 0.040039436562104208
0 92 0.036662272452695759
0 93 0.021851359258369198
0 94 0.1161956345930007
0 95 -0.034176442256940782
0 96 0.075715508083779609
0 97 -0.093657068858418846
0 98 -0.15522605075404156
0 99 0.19209207779575491
1 2 -0.052994150105702575
1 3 -0.081801150793269231
1 4 -0.011164448768229342
1 5 0.047787290387770104
1 6 0.1528495528916444
1 7 0.0271719920001883
1 8 -0.12984789193716412
1 9 0.11257163391924792
1 10 -0.081030243010229777
1 11 0.24631128536867328
1 12 0.029116809349183481
1 13 0.20719081448999319
1 14 -0.0027020943111058129
1 15 0.027434092625678669
1 16 0.19538551770360152
1 17 -0.001586016673186979
1 18 0.017607602058858581
1 19 -0.034804971804371108
1 20 -0.037387785161744978
1 21 -0.085452086276727846
1 22 0.089390021278736159
1 23 0.11613065913234036
1 24 -0.11341669537427877
1 25 0.09217631022329538
1 26 -0.0013000686830589598
1 27 -0.086156552645883774
1 28 0.091736334920566029
1 29 0.061929827377416105
1 30 0.030152720664020572
1 31 -0.043082577311224265
1 32 -0.18921709100036499
1 33 0.039209699602521617
1 34 -0.067934723177908315
1 35 -0.067331080211557343
1 36 0.063715494686703886
1 37 -0.043294239876284391
1 38 -0.14055702617664653
1 39 0.14446366639138761
1 40 -0.14555927852777673
1 41 -0.18816387990161587
1 42 -0.014332797128504672
1 43 -0.079883927841720048
1 44 0.0048339350312448029
1 45 -0.013756973736780077
1 46 0.027397341454151021
1 47 0.011419968300873854
1 48 0.12310537534123411
1 49 -0.041941387047332156
1 50 -0.12351009162716048
1 51 -0.090332488438767039
1 52 0.10932675796970533
1 53 -0.11167013483281281
1 54 -0.074227478656470447
1 55 0.13475306902947781
1 56 0.12620700295195755
1 57 -0.059606381852329596
1 58 -0.04804395839202881
1 59 0.13024504080660179
1 60 0.023459324847920959
1 61 -0.050681042111253308
1 62 -0.019551071927387125
1 63 -0.068895640502523531
1 64 -0.20893384249715052
1 65 0.19609691414408947
1 66 -0.11828064455520215
1 67 0.10420423879466695
1 68 -0.046014724803880226
1 69 0.018017106362674448
1 70 0.051298068900196649
1 71 -0.12770873747061634
1 72 -0.098437351609698714
1 73 0.016668090016512736
1 74 -0.032023893951929554
1 75 -0.1193339511330499
1 76 -0.099080002115731231
1 77 -0.090964747884479114
1 78 -0.24698170608061232
1 79 -0.012090356305060364
1 80 0.014356044881570253
1 81 0.11705808020062108
1 82 0.058084926159387318
1 83 -0.39874213669418224
1 84 0.021568472695714914
1 85 -0.014289925468955328
1 86 -0.040300829463020271
1 87 0.16446712920957615
1 88 0.081524810563889744
1 89 0.0042447572292313553
1 90 0.11769793403511219
1 91 0.14401268271748285
1 92 0.033252651161379286
1 93 -0.11988510199114609
1 94 0.11834268538127538
1 95 -0.031816755986021183
1 96 -0.064753310353538346
1 97 0.1105637866680873
1 98 -0.14681196596123144
1 99 0.16377824382586401
2 3 -0.05138666743284899
2 4 0.056182881356822215
2 5 -0.1788559328955065
2 6 -0.092339569079498696
2 7 0.07886612494741338
2 8 0.15855421430555303
2 9 0.059583937957029848
2 10 0.028469233598140214
2 11 -0.10092900745691807
2 12 -0.20440330490092548
2 13 -0.047911859331213114
2 14 0.22041681145295089
2 15 0.064769823917765521
2 16 -0.062996751813123822
2 17 0.013498076101940558
2 18 -0.088443955862741563
2 19 -0.0051377245682443402
2 20 0.00075075869207074405
2 21 -0.013794745450482017
2 22 0.0063353521278687736
2 23 0.0044070463663679433
2 24 -0.19570590375195288
2 25 0.024375071538655597
2 26 -0.0015690897527499883
2 27 -0.12946794947490231
2 28 0.12409482554211498
2 29 0.072228977151652149
2 30 0.012177346283560885
2 31 -0.19502941792965411
2 32 -0.017842367895894173
2 33 -0.19853020490309484
2 34 0.10898751282522341
2 35 0.0087961285704404694
2 36 -0.012484192391641261
2 37 0.11178416773020482
2 38 -0.1556822157704611
2 39 0.15779971759592884
2 40 0.18144497790370648
2 41 0.054461054300725509
2 42 0.090741164981265915
2 43 0.081599863129257613
2 44 -0.052802116669653343
2 45 0.10980100356069805
2 46 0.047600420413665259
2 47 0.048240032523096117
2 48 -0.096832547180655579
2 49 0.18168601397989803
2 50 -0.13670461858446736
2 51 -0.065458710384260571
2 52 0.039409109937990551
2 53 0.012946304651206011
2 54 -0.059575144705642569
2 55 0.011175697564280482
2 56 -0.16021077337097481
2 57 -0.052735758894953258
2 58 -0.020051155529867276
2 59 0.071054787512616832
2 60 0.056775088074073013
2 61 0.0013130001261684634
2 62 0.14432728945317927
2 63 -0.0076630229320293619
2 64 0.17361018442522314
2 65 0.16192008081099241
2 66 -0.049543305437180885
2 67 0.064599322362265288
2 68 0.12813698379557398
2 69 0.063821485268092046
2 70 0.071132188967233154
2 71 -0.077465957125338394
2 72 0.026833425250906307
2 73 -0.0087240295509483593
2 74 0.045890119648489831
2 75 0.089548488119107442
2 76 -0.17178028508291499
2 77 0.0027619272912091444
2 78 -0.038712670835962651
2 79 -0.064853867476999366
2 80 -0.15399103399625569
2 81 0.11213044742015202
2 82 -0.1211365424702803
2 83 -0.0098110937430160652
2 84 0.033578193043055295
2 85 -0.032943164371864446
2 86 -0.22196314065628575
2 87 0.0029873025764486144
2 88 0.03622761276960431
2 89 -0.084086070795036091
2 90 0.036604821027469474
2 91 0.0033690518533326091
2 92 0.042735509778260239
2 93 -0.065001780221925196
2 94 -0.0051615038974620522
2 95 -0.086886774228104507
2 96 0.026962959563781454
2 97 -0.087631042907595852
2 98 -0.0041882938296151431
2 99 -0.043252848407081476
3 4 -0.0028270669812160577
3 5 -0.11233334572806267
3 6 -0.16254728866384693
3 7 0.083318438853927188
3 8 -0.029407363785612602
3 9 0.029108346148487507
3 10 0.017156682638868437
3 11 -0.057142519656534968
3 12 -0.038888127091377588
3 13 0.10604909825669112
3 14 0.017588417530473299
3 15 -0.052011099622056335
3 16 0.0098645535676027303
3 17 0.10511405890445547
3 18 0.00041655530731445398
3 19 -0.065638422064984256
3 20 0.055305379663970033
3 21 0.069659241450464024
3 22 -0.2174908688399258
3 23 -0.016297265084236037
3 24 -0.040930223579073027
3 25 -0.21032961579478796
3 26 -0.16593343708502051
3 27 -0.085841176661734547
3 28 -0.042991416751794104
3 29 0.010212735986648444
3 30 0.12676310169701344
3 31 -0.023233048581724005
3 32 0.047789418095669819
3 33 -0.08493921027615596
3 34 -0.0046239871061681944
3 35 -0.095871923280598736
3 36 -0.00074684364938349974
3 37 0.055214175345341489
3 38 0.06261313561242722
3 39 -0.020942521402010739
3 40 -0.031009161252078022
3 41 0.10463307768605229
3 42 0.032000940907684204
3 43 -0.1039146376052212
3 44 -0.19340544089835077
3 45 -0.065001629057551538
3 46 0.0074425529312924024
3 47 0.055384220253616501
3 48 -0.050415593432238448
3 49 -0.050227146621452771
3 50 0.060750913497061465
3 51 -0.029188651975977704
3 52 0.036386788997186087
3 53 -0.11708034029214372
3 54 0.053376205892688981
3 55 -0.0205351984032957
3 56 -0.033633645924249188
3 57 0.016993792230516745
3 58 -0.059533233034664984
3 59 0.0074239983855924063
3 60 -0.14695989583463565
3 61 0.048780032181389404
3 62 -0.05931157074380055
3 63 -0.014968992353469207
3 64 -0.10651066874122397
3 65 -0.047824011648509759
3 66 0.019925122852647175
3 67 0.06922433927519385
3 68 -0.096099918703413653
3 69 0.065256202614503656
3 70 0.19532537479431733
3 71 -0.17090855602049959
3 72 0.081873656823436919
3 73 -0.20340305068972819
3 74 0.10839180520230172
3 75 0.20471013143174399
3 76 -0.038273413243554794
3 77 0.066447757504705898
3 78 -0.039778282716638864
3 79 -0.13068689062919855
3 80 0.03688915780927883
3 81 -0.093038464474814328
3 82 0.090578648743299545
3 83 -0.0030958120327835535
3 84 -0.099276773346685734
3 85 0.062150848917889495
3 86 -0.022039552876908116
3 87 -0.077803947969917076
3 88 0.089455227630207496
3 89 -0.06593603389334772
3 90 0.13564310535691632
3 91 0.19337460555762775
3 92 -0.17155866177703791
3 93 -0.053111964012139024
3 94 -0.029289675403607825
3 95 -0.1389349332645404
3 96 -0.0041590501062956356
3 97 -0.10554334590522796
3 98 0.14068830605462274
3 99 0.17255658178911901
4 5 -0.10543396461098885
4 6 0.081038983445410107
4 7 0.027196383263401555
4 8 -0.034152654090322969
4 9 0.030951345775971834
4 10 0.0396292294859358
4 11 0.050973380090764492
4 12 -0.20722698834286982
4 13 0.085819478444841391
4 14 0.050187669684989812
4 15 0.090911858697950973
4 16 -0.029378591780578674
4 17 -0.0099232262979723693
4 18 0.0094072475783003266
4 19 0.17013263033396672
4 20 0.031037995908407431
4 21 0.11777867715643618
4 22 0.12397968971642737
4 23 0.11902682294846566
4 24 -0.11494340242805762
4 25 0.065818729938303039
4 26 0.06489869962526984
4 27 0.088342741611316278
4 28 0.077840923520151012
4 29 0.0665953335285661
4 30 0.022440596608486706
4 31 0.071854137421577216
4 32 0.055217979159087251
4 33 0.079044234634158869
4 34 -0.11923200489578445
4 35 0.13430894398194893
4 36 -0.11962739467725887
4 37 0.045472750463145806
4 38 0.074771612098662343
4 39 -0.03962394389595985
4 40 -0.094063271812633326
4 41 0.062490776745240034
4 42 0.11274278209097573
4 43 -0.056073532252512007
4 44 -0.04863664548780916
4 45 0.047302599094607711
4 46 -0.09083025283306706
4 47 -0.10868465184026505
4 48 -0.13967142949576147
4 49 0.17958690722344617
4 50 0.18891464766625643
4 51 -0.12997801959765853
4 52 0.019953103773551695
4 53 -0.0059400163796456762
4 54 0.0070453415788459921
4 55 0.0015115288651730576
4 56 0.052950168516506316
4 57 0.069608189618555333
4 58 0.012926959703495063
4 59 0.070943210597355519
4 60 -0.037342639984297599
4 61 0.099737861602729239
4 62 -0.065997710542676863
4 63 -0.047909967814475006
4 64 0.22938755251307152
4 65 -0.018209825377243374
4 66 0.083285534333211911
4 67 0.003652090632365314
4 68 -0.14214342193420215
4 69 -0.0093793662905728506
4 70 -0.17216669253934425
4 71 0.0092762965269897035
4 72 -0.019745107937984917
4 73 0.10869938759734943
4 74 0.17000535499303163
4 75 -0.11337746368164631
4 76 0.087756939381518115
4 77 0.05404891055171978
4 78 0.1103451996503815
4 79 0.15667339305810551
4 80 0.095372197386248372
4 81 0.14483013247063298
4 82 0.058164543881451515
4 83 0.11303509444708303
4 84 -0.09911756697021451
4 85 -0.075329261918035517
4 86 0.064162374943172035
4 87 -0.032080827099721113
4 88 -0.044691510525956206
4 89 0.037109898187812677
4 90 -0.11002631150413832
4 91 -0.1469052129391856
4 92 0.020375011930787331
4 93 0.11753970292198579
4 94 -0.077609665249060947
4 95 0.065703140359959555
4 96 0.02246295618283287
4 97 -0.015016519671995715
4 98 -0.0355846104784747
4 99 -0.15581519592334306
5 6 -0.16797426045935676
5 7 0.080247440612752116
5 8 -0.013523007992797082
5 9 0.11415636054025916
5 10 0.0024786622355564298
5 11 -0.051051947019679349
5 12 0.019278750213160098
5 13 0.0062758657790502412
5 14 0.16987884668868325
5 15 -0.034107225224196791
5 16 0.018030052293643319
5 17 0.020031610310495735
5 18 -0.036304486106984543
5 19 0.055101504480007495
5 20 0.057665645783008007
5 21 0.10586113667344683
5 22 -0.0031485229209560978
5 23 0.027503122404994442
5 24 -0.023476206104607308
5 25 -0.16815546375550858
5 26 0.10102839998387608
5 27 0.19640386528807541
5 28 0.20809649641369787
5 29 0.079861706368026961
5 30 0.024779159489639324
5 31 0.090299708958653607
5 32 -0.052092744994971157
5 33 -0.13254447235948061
5 34 -0.015224179541056471
5 35 0.048697464205692036
5 36 0.083788497759631292
5 37 0.10230361108009961
5 38 0.023653428299879948
5 39 -0.0299464332266632
5 40 0.19355549787837406
5 41 -0.010696528868974434
5 42 -0.07037816304268181
5 43 -0.1750130493529094
5 44 0.016278171179593983
5 45 0.16328217809929069
5 46 -0.019544636639741167
5 47 0.025174001291729454
5 48 0.050180743067578804
5 49 0.033943251258887711
5 50 0.10387872462318762
5 51 -0.19839444489506658
5 52 -0.041589540196741111
5 53 -0.012954471733005677
5 54 -0.13627534270652028
5 55 0.18717338958487459
5 56 0.14327413696488664
5 57 0.029132952785051226
5 58 -0.18119805311212411
5 59 -0.10970621920453541
5 60 -0.12406528923105276
5 61 0.054494347177138858
5 62 0.057756190668150235
5 63 -0.15379280900686657
5 64 -0.044218007254640784
5 65 -0.011081095380097696
5 66 -0.073583164885407976
5 67 0.056592512375144434
5 68 -0.075014117388047502
5 69 -0.007151792920063244
5 70 -0.12810096642498339
5 71 0.13851093830450464
5 72 0.039442118180121499
5 73 -0.013313561097625099
5 74 -0.020716900384307541
5 75 -0.042718025287680879
5 76 -0.029399825011290754
5 77 0.15331503340033112
5 78 -0.076091521763030689
5 79 0.15105970244775596
5 80 0.0017369328551868778
5 81 -0.09748174848519503
5 82 -0.16042537966016712
5 83 0.066374000706314482
5 84 -0.078605054719353973
5 85 -0.21361478590415769
5 86 -0.018709724903465879
5 87 -0.055331619156699485
5 88 -0.129796866475585
5 89 0.063891064309501075
5 90 -0.0047146435464915908
5 91 -0.0069728748357931582
5 92 0.010500040457275124
5 93 -0.090339725906233209
5 94 0.14162612417947423
5 95 -0.055878698340758759
5 96 0.04272929463105913
5 97 0.063493908621836806
5 98 -0.15659677368908886
5 99 -0.026880939752925034
6 7 0.080013707203899442
6 8 0.03972561048778351
6 9 -0.13832682999266702
6 10 0.11988810720990922
6 11 0.0041023440662303909
6 12 -0.051774245617750139
6 13 0.18052492892835484
6 14 -0.023687430011403453
6 15 0.096744776867196167
6 16 -0.12057678607291185
6 17 -0.014783239263128085
6 18 -0.0631650846495318
6 19 0.11017811421874449
6 20 0.048484022565401165
6 21 -0.030485445793730959
6 22 0.041659800309173503
6 23 -0.0044089333826217748
6 24 0.16215035708912973
6 25 0.25080521239219083
6 26 -0.089567321576493053
6 27 -0.041124666423818013
6 28 0.11310576114232357
6 29 0.0084338415329865395
6 30 0.0025012509373887105
6 31 0.11464572102575316
6 32 -0.0047459729499640885
6 33 0.18442496957591092
6 34 -0.031641125281865433
6 35 -0.06897840794896537
6 36 0.085896804504321633
6 37 0.091292620586399809
6 38 -0.17493155970795737
6 39 0.16374866314352046
6 40 0.0030491337199847757
6 41 0.098293743493423624
6 42 0.040264891140638581
6 43 0.021913973465794906
6 44 -0.13568920446804819
6 45 0.12306365241610498
6 46 -0.041960836715588042
6 47 -0.057990525289782435
6 48 0.12633455911109487
6 49 -0.055640049262161463
6 50 -0.1886223910317095
6 51 -0.022915806989242466
6 52 -0.051901870728342271
6 53 0.050785673307095686
6 54 0.015069677355183353
6 55 0.11931682567268692
6 56 -0.064593988941127181
6 57 0.13956632653074491
6 58 0.11579255550006183
6 59 0.098757888480534656
6 60 0.070397973422617513
6 61 -0.16814446532623267
6 62 0.13664682374718726
6 63 0.017448057572295901
6 64 -0.089298286947549141
6 65 -0.033266427552647131
6 66 -0.01478363589261629
6 67 0.00096189528276325502
6 68 0.041250854218827182
6 69 0.10900731678142293
6 70 0.073374221811664392
6 71 0.15370593343845956
6 72 -0.014370361801494655
6 73 -0.019740953774361528
6 74 0.02079716761792208
6 75 -0.089815562331774887
6 76 0.11827425586892543
6 77 0.029463305273849077
6 78 0.21227316958246242
6 79 -0.048405629582696452
6 80 -0.11363795701591833
6 81 0.015426649478371092
6 82 0.078084834829621391
6 83 0.038630862547662466
6 84 -0.078954257891384882
6 85 -0.19685089564629379
6 86 -0.011172732012244039
6 87 0.034279137059631391
6 88 -0.03195278302550391
6 89 0.1112330018372111
6 90 0.083346302504212433
6 91 0.012224141325043368
6 92 -0.049675217779972636
6 93 0.18126767245435577
6 94 0.078508661946198766
6 95 -0.0011416963909554627
6 96 -0.037545441396368923
6 97 0.014369174053463519
6 98 0.076625266526264418
6 99 0.037665048495314629
7 8 -0.063774491826463817
7 9 0.18264967502140339
7 10 0.18947093932499337
7 11 -0.080490557347271396
7 12 0.15873684536132388
7 13 -0.081235456947815754
7 14 0.014769692147141456
7 15 0.096953197713161937
7 16 -0.018743382476463559
7 17 -0.12638631508649223
7 18 0.019402378302780538
7 19 -0.12958746979279795
7 20 -0.12350316315569468
7 21 -0.021158422114407549
7 22 -0.022991999500954936
7 23 0.027041898492487011
7 24 -0.026539580926522335
7 25 0.0260075145827817
7 26 -0.070907174447031471
7 27 -0.068308663693152527
7 28 -0.015590257421351708
7 29 0.027819077666698819
7 30 -0.15795306402954831
7 31 0.059624467274216601
7 32 0.17879933113938692
7 33 0.090587652317470166
7 34 0.0017336943727063838
7 35 -0.036660070671560477
7 36 -0.00038850307329513678
7 37 0.13660389831226424
7 38 0.040048424096133795
7 39 0.018669115468023054
7 40 -0.022020315665148015
7 41 0.0086705522207276009
7 42 -0.031625411839204233
7 43 -0.016952625873322299
7 44 0.0042679000030944967
7 45 -0.18849447929105498
7 46 0.0090216638323332762
7 47 -0.073647526304049596
7 48 -0.017429574989763452
7 49 0.0024543603002994251
7 50 -0.0089660715361337892
7 51 -0.12385470624574479
7 52 0.05390330144996941
7 53 0.12532806092246371
7 54 -0.030510506355747237
7 55 0.13547745056357288
7 56 -0.033463459521252396
7 57 -0.075505594142765919
7 58 0.070681789034479442
7 59 0.1312986560188461
7 60 0.18391661719881214
7 61 -0.060440072265810246
7 62 -0.18150536103184292
7 63 0.10828823819799052
7 64 -0.066695124008005383
7 65 -0.062277557901850612
7 66 -0.0066420138039148119
7 67 0.043828391028223564
7 68 -0.00037178754676959135
7 69 0.18214085799892432
7 70 0.015969042724976689
7 71 -0.16105876284575327
7 72 -0.04016962585004219
7 73 0.15920266515539844
7 74 0.0048971912394329201
7 75 -0.10005215769571854
7 76 -0.047843193920913435
7 77 0.051784722309711484
7 78 0.050027753477081917
7 79 -0.033005753698587152
7 80 -0.11249487727381835
7 81 0.061017619349653308
7 82 0.10302731078607999
7 83 -0.030814981896777095
7 84 0.00096096326363666242
7 85 -0.044234853031314102
7 86 -0.084958036655128411
7 87 0.18128733237677233
7 88 -0.068728153874748774
7 89 0.095011098242833519
7 90 0.1000570396401443
7 91 0.030240679433821718
7 92 -0.054163216291662424
7 93 0.037790735957098899
7 94 -0.11076639487819823
7 95 0.010971459567835507
7 96 0.096455179276794631
7 97 -0.038222062738963433
7 98 0.024972420607762984
7 99 -0.051232007081281408
8 9 0.13727451297643564
8 10 -0.0041358208624746274
8 11 -0.21101482335902816
8 12 0.042217798599675629
8 13 0.096887481274533477
8 14 -0.12630461019211725
8 15 0.043922613219348081
8 16 0.22281767638789868
8 17 0.0045543782037839658
8 18 0.078186151040143217
8 19 -0.20213417091381261
8 20 -0.039639809027655799
8 21 -0.040456780391419485
8 22 -0.086932678518912565
8 23 0.1115459963656895
8 24 -0.03151089118624352
8 25 0.029948856885717818
8 26 -0.049251662386724994
8 27 -0.0061396975559154295
8 28 0.051917244818884614
8 29 0.076590519002174146
8 30 -0.070704238480725809
8 31 -0.095748375150725817
8 32 -0.10579674020417829
8 33 -0.15401679729770013
8 34 0.1932774177171788
8 35 -0.16355245846812366
8 36 -0.0030532356027127448
8 37 -0.12559656158255475
8 38 0.029189755096220595
8 39 -0.16796717303222841
8 40 -0.014701414322982357
8 41 0.030684934819182576
8 42 0.00071426643207806763
8 43 -0.034613835464776734
8 44 0.049762270181570367
8 45 0.057397904306393605
8 46 0.063581175890679797
8 47 -0.23247831209120517
8 48 -0.18154675595413788
8 49 0.029842369023483691
8 50 -0.025550179617134901
8 51 -0.22026015455553974
8 52 0.060164095196683566
8 53 0.028149106951085585
8 54 0.073237737218224755
8 55 -0.025998986570781691
8 56 -0.0050825081886943756
8 57 0.061032548077555204
8 58 0.16933056487620743
8 59 0.024575429664569003
8 60 0.083619514295943054
8 61 0.044674454442364293
8 62 0.121386188103386
8 63 -0.017300717988367756
8 64 0.064470710651089516
8 65 0.035670230482938513
8 66 -0.18100776161047805
8 67 -0.0057222868993875549
8 68 0.027088188478944772
8 69 -0.050708402874855951
8 70 -0.11903539801768055
8 71 0.034148620580856909
8 72 0.20622584859993132
8 73 -0.010138435126742968
8 74 0.054415956902512302
8 75 -0.089200635976290091
8 76 0.078430650886963521
8 77 -0.0257963698365083
8 78 0.11786357016903447
8 79 0.0056523062820943194
8 80 0.11922448416839776
8 81 0.17523636642299489
8 82 -0.080487212528838267
8 83 0.052655366196364788
8 84 0.004653095563767389
8 85 -0.077120949458902938
8 86 -0.032628151147522787
8 87 -0.050329427671070126
8 88 0.061158908328715268
8 89 -0.0023572976774070518
8 90 0.037320579754466232
8 91 0.032677275820494817
8 92 0.018849030436765214
8 93 0.0082959311108955595
8 94 0.071203461481935584
8 95 0.0072295981024734658
8 96 -0.018237591760677224
8 97 -0.049779333293347397
8 98 0.084394644320469447
8 99 -0.080098624068128926
9 10 -0.16570233927892564
9 11 0.25406330480372497
9 12 -0.1155188020617737
9 13 -0.066979708752922237
9 14 -0.072273198759717883
9 15 0.080560927250511116
9 16 -0.18082193298583313
9 17 0.087171688106773282
9 18 0.027427158592493828
9 19 -0.0056823727717938109
9 20 0.069116793047418093
9 21 0.18646991564183846
9 22 -0.0062709597690829956
9 23 -0.13072943368130482
9 24 -0.15080777344095089
9 25 -0.050257723649990531
9 26 0.11738175568533692
9 27 0.12514863745539612
9 28 -0.11710852023934289
9 29 0.17482988950662604
9 30 0.10102758605334608
9 31 -0.14609962472614696
9 32 0.067314575376744554
9 33 0.11726644071278701
9 34 -0.17147813991567556
9 35 -0.019430047523994565
9 36 0.008684742366184257
9 37 0.019490960276275782
9 38 -0.25074536629613836
9 39 -0.030675887158980897
9 40 0.058577316287279413
9 41 -0.028844982760186117
9 42 -0.026571000033310345
9 43 -0.037864442632223196
9 44 -0.039163121255372801
9 45 0.2717208631488876
9 46 -0.072268037202532276
9 47 0.033886554264252168
9 48 0.020681691809554786
9 49 0.09058826333427894
9 50 -0.058565588183958142
9 51 -0.035811042389320494
9 52 -0.044668781441550107
9 53 -0.089589476815032626
9 54 -0.046686519359642409
9 55 -0.072881823238717461
9 56 -0.10643006562633038
9 57 0.095633477742144576
9 58 0.023337112745709189
9 59 0.065445922579467838
9 60 0.01372167797269252
9 61 -0.0053064890025776084
9 62 0.11628051339574033
9 63 0.050514738046878199
9 64 0.12107620822728438
9 65 -0.011361490012170735
9 66 -0.074972235065912829
9 67 -0.10316096905559498
9 68 0.062036007830793119
9 69 0.13720936420063676
9 70 0.15547953455503916
9 71 0.12920075267739592
9 72 0.064754514940205385
9 73 -0.13374839314196441
9 74 -0.072808759451896507
9 75 0.0067450301720247269
9 76 -0.012162825171652077
9 77 -0.13320850652407851
9 78 0.042532375389341862
9 79 0.090614884732674553
9 80 0.071523525534023094
9 81 -0.06535428618976051
9 82 -0.046638162102561762
9 83 -0.21877221084692239
9 84 -0.01821799059343766
9 85 0.1267809903364667
9 86 -0.21028607070409955
9 87 -0.26522118687806506
9 88 -0.026455769394747211
9 89 0.054350231472851486
9 90 0.041743851509452354
9 91 -0.024400283408743954
9 92 0.12193298312165027
9 93 0.039026686989757385
9 94 -0.013283438100962731
9 95 -0.017145553524107505
9 96 0.024436548713969872
9 97 0.041172431935808683
9 98 0.023391488137496697
9 99 -0.028145284719505583
10 11 0.077245142964925961
10 12 -0.049141976084020871
10 13 -0.026799775373172394
10 14 -0.022818871865447194
10 15 0.058783176123290405
10 16 -0.12387544005649197
10 17 0.04958769248351777
10 18 0.0070522521852741382
10 19 0.018535728274627995
10 20 -0.02972124117910678
10 21 -0.11472478678764589
10 22 -0.045475492568241405
10 23 -0.13916472132626401
10 24 -0.20921401227340636
10 25 -0.027420600434984756
10 26 -0.0056763263750345605
10 27 -0.039942883300214206
10 28 0.033778889605336697
10 29 0.093192891958221918
10 30 -0.064546026160584177
10 31 -0.090037143246671683
10 32 0.0054466690911230036
10 33 -0.03871163292963023
10 34 -0.13288663528303765
10 35 -0.00273794877835167
10 36 0.044068959482186428
10 37 -0.16660742102705489
10 38 -0.042753782735880187
10 39 0.10710799446084769
10 40 0.068842078461778408
10 41 0.013915678123037623
10 42 -0.0069597353074309634
10 43 0.063725492548984852
10 44 -0.21741910779585794
10 45 -0.077374311336732449
10 46 -0.042059492796242826
10 47 -0.063990729679069672
10 48 0.037954984157296048
10 49 0.036206275829721267
10 50 0.065054004973309321
10 51 0.09539552327911488
10 52 0.030991801165359979
10 53 -0.0070438871483083799
10 54 0.0070978857567227513
10 55 0.098220055451653465
10 56 -0.088622566979908876
10 57 0.13899391076288864
10 58 0.0019263941119968203
10 59 0.034246194571053226
10 60 -0.15386917868581271
10 61 -0.057893801111178513
10 62 0.13366822707209844
10 63 -0.068916844507033864
10 64 -0.033343675861405096
10 65 0.13415948789799978
10 66 -0.0056792567418801733
10 67 0.029900182545651063
10 68 -0.050198123346429147
10 69 -0.087340179333096388
10 70 0.016246918225935391
10 71 -0.14416860031171913
10 72 0.011721675428712242
10 73 -0.1272532999010739
10 74 0.0083310796001485731
10 75 -0.014454337142920879
10 76 0.076549316122241903
10 77 0.15860430920218083
10 78 0.019309296673396717
10 79 -0.15623576237194142
10 80 -0.011633363881281731
10 81 0.14817055380040867
10 82 -0.23585024607271918
10 83 0.028244778030779794
10 84 0.059614850467033333
10 85 0.098832624409747771
10 86 -0.027627831775379474
10 87 -0.036486517994173483
10 88 0.0054759311016429439
10 89 -0.040878710768310116
10 90 0.059510523018343101
10 91 -0.055764210621899769
10 92 -0.045067775438862229
10 93 0.11524718755020656
10 94 -0.085150943291422532
10 95 -0.0051966802849375444
10 96 0.14162613529651139
10 97 -0.043451333283160455
10 98 0.031400337725877095
10 99 -0.1717375697277875
11 12 0.10588005459998276
11 13 0.14030202707515782
11 14 0.020545463679065717
11 15 0.085182079122096924
11 16 -0.017635159925808445
11 17 -0.069963884107128727
11 18 -0.022519614137117349
11 19 0.14412804651708891
11 20 0.07310044804937546
11 21 -0.10819799153518134
11 22 -9.766739176472484e-05
11 23 0.01325504578227211
11 24 0.16728475158969955
11 25 -0.32610874318389182
11 26 0.10434286737476639
11 27 0.14235154089809354
11 28 -0.036116766459232293
11 29 0.16303954351220953
11 30 0.018722851639195327
11 31 0.017366261970283361
11 32 0.0081061660631854791
11 33 0.05565718734127223
11 34 -0.098069755109597645
11 35 -0.083559213621348521
11 36 0.037812207772488234
11 37 -0.026512401477138983
11 38 0.10331391285318754
11 39 0.004886554902506419
11 40 0.069218843970735591
11 41 -0.092136231798393753
11 42 0.12030893517223516
11 43 0.024714755269747132
11 44 -0.025305049728138119
11 45 -0.061220875500359928
11 46 0.16769268268727361
11 47 -0.067553297839073614
11 48 0.16932306994549295
11 49 0.016341040292647335
11 50 0.10051832178339359
11 51 0.031662048876104625
11 52 0.025590293702418856
11 53 0.027111060372244235
11 54 -0.091474828964439647
11 55 0.087009297974176128
11 56 0.032928109041238503
11 57 -0.099929445345765644
11 58 -0.010147483557422959
11 59 0.13616349555614288
11 60 0.045193780957792161
11 61 -0.070290230560007827
11 62 -0.094161681965072408
11 63 -0.05329433492476944
11 64 0.13496153012064335
11 65 -0.0016553025883345573
11 66 -0.098916816596638146
11 67 0.012673122504045965
11 68 0.083394794786381232
11 69 -0.073894558309741259
11 70 -0.080097884131433039
11 71 -0.031893352097944278
11 72 0.081970953561684379
11 73 0.073251868036655815
11 74 -0.068347831107547372
11 75 0.079234075680291768
11 76 -0.024631097308937006
11 77 -0.089836439790518752
11 78 0.10672165951024011
11 79 -0.079430380134074954
11 80 0.052636256052349596
11 81 0.055976441787775867
11 82 0.093695376723656507
11 83 -0.097858596301002479
11 84 -0.048193952064281786
11 85 -0.028305496308165725
11 86 -0.074102563464448587
11 87 -0.18355832911021497
11 88 -0.011734031963421116
11 89 0.17796192531166721
11 90 -0.044478278964188156
11 91 -0.038744311710663115
11 92 0.098524610695425091
11 93 -0.043092872686661315
11 94 0.1432867109020815
11 95 -0.077922516454621366
11 96 -0.022305539129065802
11 97 -0.14974788270308551
11 98 0.02150909958079333
11 99 0.016734281105961844
12 13 -0.24301383721464198
12 14 -0.0038582267615460278
12 15 -0.063949469274144882
12 16 0.015132162222244762
12 17 0.0064005274083926283
12 18 -0.14170069411816341
12 19 -0.14985822146836916
12 20 -0.013623966784251585
12 21 -0.072778050159308216
12 22 -0.16096899021458627
12 23 0.011378159665695851
12 24 -0.11586780653438596
12 25 -0.13936736267391947
12 26 0.028809586014020505
12 27 0.080644780477462097
12 28 0.014681861327129668
12 29 -0.14911480999713628
12 30 0.09703149991659317
12 31 0.0194960041482235
12 32 -0.048413203138594534
12 33 0.0022350052047878013
12 34 0.17340983326728243
12 35 -0.064118023101631283
12 36 -0.0055444184749164306
12 37 0.13960973761053527
12 38 0.12990381798534856
12 39 -0.14785509687605078
12 40 -0.074899623861078832
12 41 0.046296842103314167
12 42 -0.18205756934739351
12 43 -0.030874087413531499
12 44 -0.17032441614188185
12 45 0.0055671382137049879
12 46 0.098309361516771318
12 47 0.064967599887531008
12 48 -0.016324986913058798
12 49 0.030458373848695892
12 50 -0.13847749922533717
12 51 -0.12061864914400421
12 52 0.08100483326425223
12 53 -0.14706067348697638
12 54 -0.056640838008830567
12 55 0.017917102714166976
12 56 0.075992645409685533
12 57 0.028472147259659426
12 58 -0.095511691608679672
12 59 0.023385433322602078
12 60 -0.0017169342463383662
12 61 0.038631609508923234
12 62 0.045095021525934337
12 63 0.16235519063560067
12 64 0.078259282476868197
12 65 0.0056037539752154426
12 66 -0.015043507251683933
12 67 0.052755186339883332
12 68 0.013480498380440985
12 69 -0.1411312889010444
12 70 0.021816418729751756
12 71 -0.033190476007088368
12 72 0.053252209783804363
12 73 -0.0024488180816290158
12 74 -0.011359138858749564
12 75 -0.08256909480935247
12 76 0.076629351345812974
12 77 0.012834872048127919
12 78 0.038820838773677251
12 79 -0.089913130983750214
12 80 -0.089155091611109877
12 81 0.1562861358632146
12 82 0.016593972746929329
12 83 0.011499601252477423
12 84 0.30066423752716109
12 85 -0.10962945913338651
12 86 0.11397991243495829
12 87 0.23446041606594595
12 88 -0.18467422927951316
12 89 -0.065103606690036467
12 90 0.24579106940588036
12 91 -0.04860130914175851
12 92 0.045242655269403187
12 93 -0.1435783452434258
12 94 -0.019407102008214456
12 95 0.10565100485113638
12 96 -0.10155743974199404
12 97 0.035679816115417533
12 98 -0.0074353408043085689
12 99 0.00024885124072358285
13 14 -0.12599102405952489
13 15 0.095338470966159494
13 16 -0.17845702813759223
13 17 -0.12641638665709626
13 18 0.15781841283335607
13 19 0.017964624990726492
13 20 -0.030937214458776376
13 21 -0.033718832824678878
13 22 -0.20342430138216111
13 23 0.19537967677643317
13 24 -0.021931481360238102
13 25 0.14546437653074559
13 26 0.010045251837230762
13 27 -0.043179518350831128
13 28 0.082495847930959668
13 29 -0.18184391230482111
13 30 -0.1392114467676436
13 31 0.015037384091003254
13 32 -0.086012420815229737
13 33 0.026394018232108879
13 34 -0.063925546606783304
13 35 0.066917863110449463
13 36 -0.067093109689424432
13 37 -0.036953649206665641
13 38 -0.084758228303776259
13 39 -0.15980240434356496
13 40 -0.0024565636106787317
13 41 -0.045421804089500091
13 42 -0.080026007332377247
13 43 0.12641776329032478
13 44 -0.025704580596888106
13 45 -0.16058148994455929
13 46 -0.064831410753671034
13 47 -0.087272872275330093
13 48 0.11388249107104331
13 49 -0.063747904302619021
13 50 0.066003753059002926
13 51 0.17513034038414174
13 52 -0.0067467009710716029
13 53 -0.032537584789685332
13 54 -0.02630384814283665
13 55 0.082868000367706918
13 56 -0.0035871671578475046
13 57 -0.1206004393258025
13 58 0.027866733076456169
13 59 0.018847505777546836
13 60 -0.1067445501643576
13 61 0.034818554325968108
13 62 -0.0059174734684461459
13 63 0.023878929093255605
13 64 -0.1498565168710769
13 65 0.13273213337536327
13 66 -0.019975558909439261
13 67 -0.063216481547253497
13 68 0.011258264494004227
13 69 -0.019290628705752218
13 70 0.050885873774248393
13 71 0.043394782602546395
13 72 0.14207787010969683
13 73 0.0043606667854407073
13 74 -0.066985942278552077
13 75 -0.030132704704767324
13 76 0.0072961783487226319
13 77 0.18517606228768405
13 78 0.055156900789127827
13 79 -0.097616440827582932
13 80 -0.055334510812644858
13 81 -0.075918567915313123
13 82 0.017391966199240477
13 83 -0.19634900780427311
13 84 -0.014485999066266481
13 85 -0.022672621141409371
13 86 -0.07403892074145349
13 87 0.010758392956371968
13 88 -0.082203929713600785
13 89 -0.027576406344618921
13 90 -0.041476864947827485
13 91 -0.067314774577913641
13 92 -0.0079903854772368204
13 93 -0.016373593626728369
13 94 -0.045133195079605649
13 95 -0.042731125533780757
13 96 0.024908209577640322
13 97 -0.062143779494352624
13 98 -0.0075003898589889127
13 99 0.067573450642523347
14 15 -0.2484590623007073
14 16 0.078006880955821756
14 17 -0.041207900460559055
14 18 -0.010017371990122379
14 19 0.036536210809873702
14 20 0.14575817361383883
14 21 0.086429757808803798
14 22 0.00316457225404823
14 23 -0.0073624351868009268
14 24 0.067910506430678336
14 25 0.015156855247673254
14 26 -0.051755363951447766
14 27 0.097303083104496355
14 28 0.082911287923536053
14 29 -0.070571965959329061
14 30 0.12455643159370709
14 31 0.047760958138301578
14 32 -0.066481047063687959
14 33 0.069961160779495768
14 34 0.12868317008933303
14 35 -0.065273824875129033
14 36 0.0091203536018873779
14 37 -0.036096650624361785
14 38 0.058438450059474324
14 39 -0.1291310175782816
14 40 -0.020618973716222479
14 41 -0.063238422682901252
14 42 -0.089485230120778553
14 43 -0.016666964656659813
14 44 -0.20313650876016254
14 45 -0.082738946773594474
14 46 -0.060221913841269917
14 47 -0.022573080926420713
14 48 0.082941251943365657
14 49 -0.20037925305910817
14 50 -0.031462409216250944
14 51 -0.031800887376222414
14 52 0.04463000241265537
14 53 -0.17194435720715487
14 54 -0.13724200035408426
14 55 -0.0063445017800460501
14 56 -0.088396986336840427
14 57 0.030432828682343628
14 58 -0.042396767486874376
14 59 -0.13884517602821136
14 60 -0.066448025622399154
14 61 -0.23217990342110328
14 62 0.018065146183154406
14 63 0.052913814561599173
14 64 0.11089482425086089
14 65 -0.096034066126194501
14 66 0.050717375379091795
14 67 0.025373587885681382
14 68 0.015129224226627189
14 69 -0.042326423513078963
14 70 -0.086760018415300788
14 71 0.09967524944913575
14 72 0.047373569641630274
14 73 -0.069522528190437624
14 74 -0.12108749364176102
14 75 0.037356156723365577
14 76 -0.042948491961177289
14 77 0.051871558299172643
14 78 0.19549237323858681
14 79 -0.20144758316669353
14 80 -0.070109465592078007
14 81 0.044765038564612607
14 82 -0.11554169907949757
14 83 0.095941007094310873
14 84 0.041320669093719953
14 85 -0.022178686297675592
14 86 0.04784087229133261
14 87 -0.031739879896259052
14 88 0.10040856170028921
14 89 -0.10330238098235223
14 90 0.078995139932326652
14 91 0.058420903235256519
14 92 -0.036713040232070233
14 93 0.22120991514840505
14 94 0.078018158119393902
14 95 -0.020378952406907975
14 96 0.033483148957078622
14 97 0.052726018252198609
14 98 0.038811950162074886
14 99 -0.015276946131815759
15 16 0.19562519090055358
15 17 -0.015261876835898296
15 18 0.026605452278062072
15 19 -0.097461601561114664
15 20 0.16974108458110462
15 21 0.090106914121914197
15 22 0.012828630691139306
15 23 0.05586358615703612
15 24 0.065296338153555872
15 25 -0.092336604886389062
15 26 0.0088720562638256711
15 27 0.076173294148784154
15 28 0.18926546681802547
15 29 0.20567486931721723
15 30 0.016272613993684348
15 31 0.052671427901443003
15 32 0.010347060591855561
15 33 -0.14101032469795977
15 34 0.061481496635853533
15 35 -0.039498716478809037
15 36 0.1454707212039211
15 37 -0.00075989569911868375
15 38 -0.024312212188168029
15 39 -0.12744150113382444
15 40 -0.088722189523960007
15 41 -0.0053094681443389274
15 42 0.089171670255893551
15 43 -0.092962892064142641
15 44 -0.054046800956783825
15 45 -0.025039513687214202
15 46 -0.11450105940159104
15 47 0.005254799507354223
15 48 0.028649323575883946
15 49 -0.13265263836075181
15 50 0.071037409123839851
15 51 0.1271678428284774
15 52 0.11030298639587283
15 53 0.06306601133819105
15 54 0.019195742264031521
15 55 0.10124938260483018
15 56 0.24035519718309764
15 57 -0.0038258281517113478
15 58 -0.30442872458913217
15 59 0.020549542284188264
15 60 0.082964123466451156
15 61 0.078436994548336927
15 62 -0.1166402982203687
15 63 -0.058481870233798451
15 64 0.13488181498721724
15 65 -0.027831276964805276
15 66 -0.0057936955776889155
15 67 0.11190989383708075
15 68 -0.086480482724250962
15 69 0.024910633411853324
15 70 -0.062310409129754697
15 71 0.019418284745186594
15 72 -0.11745632758625889
15 73 -0.10145733161797306
15 74 -0.055252720704480708
15 75 0.019111557669450961
15 76 0.057844168025157752
15 77 0.17551766933191729
15 78 -0.028697627097552088
15 79 0.085146495570150887
15 80 -0.0020538408761716837
15 81 -0.10765671908009798
15 82 0.030015123699044549
15 83 -0.021235725049445472
15 84 0.10893983060868889
15 85 0.027013169353258148
15 86 -0.069177979695236536
15 87 -0.018363689572616231
15 88 0.0096958720042421252
15 89 0.028547193491696744
15 90 -0.073450297727411767
15 91 -0.1296145618107204
15 92 0.10624973606042887
15 93 -0.072436177554100575
15 94 -0.0008467875792103251
15 95 -0.012877903810240522
15 96 0.1401701392483001
15 97 -0.054110692422268826
15 98 -0.07560645345005701
15 99 0.0271888668451854
16 17 0.044146820577199916
16 18 -0.065523722406547524
16 19 0.04544982487072808
16 20 0.023552165212626111
16 21 -0.10196885497749741
16 22 0.055807574905247272
16 23 0.023108041010233761
16 24 0.090497092289194073
16 25 -0.17350014181867948
16 26 0.09466522900181723
16 27 -0.037670335324894527
16 28 -0.15912273298962654
16 29 -0.21091510320653148
16 30 -0.08928645169148347
16 31 0.1877105326152102
16 32 -0.20212740767500259
16 33 -0.086397032941076479
16 34 -0.11170721397359795
16 35 0.23432344988194842
16 36 0.082060093449201135
16 37 0.13361776566953357
16 38 0.13948008351489943
16 39 -0.046317382943713889
16 40 0.14125961139075641
16 41 0.15908862358182541
16 42 0.12488046730087919
16 43 0.0483484365569724
16 44 0.13096136878618286
16 45 0.062932208497891801
16 46 -0.13020311137053545
16 47 0.08550949707318134
16 48 0.14989897792590068
16 49 0.10489006920122906
16 50 0.045101906809194202
16 51 0.1165569554484872
16 52 0.079407126261076599
16 53 -0.072137011108627108
16 54 -0.058778675398250581
16 55 -0.19316234898730547
16 56 -0.082407141457972788
16 57 -0.06506628578502488
16 58 0.13598015093187804
16 59 -0.16851032850547287
16 60 0.11314449568721441
16 61 -0.02760979597600326
16 62 -0.013393739103514594
16 63 -0.1058568026283284
16 64 -0.059218150616686088
16 65 -0.096227061595615684
16 66 0.079803008428398881
16 67 -0.14716256618062293
16 68 -0.0056725335135065355
16 69 -0.083854912609109031
16 70 0.066551906949777764
16 71 0.22237966111913604
16 72 -0.0022696408061084051
16 73 -0.023468692942865702
16 74 0.036602687981915634
16 75 0.095247367518391371
16 76 0.10642753779342853
16 77 0.030278587179059038
16 78 -0.056462813653814559
16 79 -0.11140377438472933
16 80 0.089086007120834754
16 81 0.23266464767912681
16 82 -0.061832306211762125
16 83 -0.099491938958462811
16 84 -0.0218129889806431
16 85 -0.071865645560032651
16 86 -0.085678984739507413
16 87 -0.15312845107567979
16 88 0.16430249911822353
16 89 0.19165132899706611
16 90 0.069260759920299855
16 91 0.032985931470056726
16 92 0.052689057046796078
16 93 -0.16237927161379007
16 94 -0.033544670440095868
16 95 0.056255923946999721
16 96 0.061210969308439944
16 97 -0.18722628199988822
16 98 -0.11017103630331984
16 99 0.10026288006503392
17 18 0.15922800279382709
17 19 0.14228054295631065
17 20 -0.071821018809033674
17 21 -0.074365032264396724
17 22 -0.0075167983257082675
17 23 -0.050095930527522592
17 24 -0.0439522148286772
17 25 0.025240435265781343
17 26 0.096809281417534337
17 27 0.079618984504424839
17 28 0.098526173109165838
17 29 0.066365957757459168
17 30 0.090246850806735182
17 31 0.096659749960892799
17 32 -0.038902309391992441
17 33 0.06955546297550412
17 34 0.10741777315826227
17 35 -0.092302512698086286
17 36 -0.070781240106573814
17 37 -0.052150041158345352
17 38 0.078429358309088384
17 39 0.18202637201109423
17 40 -0.16235993936530785
17 41 -0.11841738631067417
17 42 0.11414833442969195
17 43 -0.1073038159173702
17 44 0.10288180504849637
17 45 0.035919721074219729
17 46 0.061508422395247633
17 47 -0.020746924919660806
17 48 0.040417292649610137
17 49 0.15027413580021423
17 50 0.087717368713463098
17 51 -0.072195043154338098
17 52 -0.102170686293693
17 53 0.05431815563498809
17 54 0.023415928517714884
17 55 0.02324119378338969
17 56 -0.1714121067542701
17 57 0.1467490995927612
17 58 -0.23061142668543821
17 59 -0.10379366952798011
17 60 0.05007541509646949
17 61 -0.021964018467459684
17 62 -0.0088872896309905632
17 63 -0.17789457810826004
17 64 -0.032773060236264771
17 65 -0.065148597794362495
17 66 -0.11811915599388077
17 67 0.065587821132502153
17 68 0.090495749839847775
17 69 -0.0457853397949647
17 70 0.023096992309445716
17 71 -0.09913544260303675
17 72 0.04332366717076945
17 73 0.02797689671160607
17 74 0.088485450224118981
17 75 -0.052063224716678583
17 76 -0.082431957642320808
17 77 -0.0067999408173541817
17 78 0.16360914989209493
17 79 0.010320564845877803
17 80 -0.01102324515599796
17 81 -0.13134676380878765
17 82 -0.13456274673809959
17 83 0.019487514869194672
17 84 0.075063415386488794
17 85 0.039858207413493517
17 86 0.20334046792442764
17 87 0.064030778408405931
17 88 -0.085262417637732513
17 89 -0.064874091301467748
17 90 -0.1469804787785399
17 91 -0.012004358079255456
17 92 0.1059104036372385
17 93 -0.0017217626792833303
17 94 -0.063182329208910357
17 95 0.073855606342284469
17 96 0.074127966071369039
17 97 0.075588863296119968
17 98 0.029317943959197471
17 99 0.2008586121277022
18 19 0.10466935363473556
18 20 0.056903008654525022
18 21 -0.073845878043019356
18 22 -0.11815313417614348
18 23 -0.0054318244795359093
18 24 -0.13504849716293149
18 25 -0.12820323680597837
18 26 -0.12193979462666785
18 27 0.13958703716504978
18 28 0.094540835544161553
18 29 0.0089230570060122895
18 30 0.0077230341450397165
18 31 -0.050789809519632294
18 32 -0.13446424682783806
18 33 -0.031870697858264199
18 34 0.046597056391340513
18 35 -0.089917391792375873
18 36 0.048041715581197873
18 37 0.068839964871317105
18 38 0.11602167651134787
18 39 -0.074720673948415098
18 40 0.16445909183679397
18 41 -0.14568189540824342
18 42 -0.19762532317993045
18 43 0.1959697586734554
18 44 -0.15380363558731108
18 45 0.094932318646585051
18 46 0.024663557063487891
18 47 -0.11007223826375399
18 48 0.10131620705089935
18 49 0.033107127393426042
18 50 0.12985501938006563
18 51 0.11416544816804085
18 52 -0.12276722201077227
18 53 -0.077689643400877847
18 54 -0.035800335640937965
18 55 0.062907626206040415
18 56 -0.13195069401810408
18 57 -0.04591287852972268
18 58 0.04083837463941635
18 59 0.07461907519684409
18 60 -0.095423818520934234
18 61 -0.10203046635220464
18 62 0.001533707261255156
18 63 0.02316848500091976
18 64 -0.091050151827599402
18 65 -0.016939048804266318
18 66 0.11051129703376593
18 67 -0.096122041121533497
18 68 -0.071515063692029743
18 69 -0.017186663763770992
18 70 -0.071821150701773515
18 71 0.0050145544121259888
18 72 0.046029573562488241
18 73 -0.13431815453317242
18 74 -0.0095270737699642474
18 75 0.046489327517084886
18 76 0.11326396247206404
18 77 -0.069159730083456647
18 78 0.053762548192914497
18 79 0.19414359655108365
18 80 -0.097474334817748184
18 81 0.13874188046556948
18 82 -0.068780091538044916
18 83 0.04753642115733818
18 84 0.017574526313874524
18 85 -0.077620206144156448
18 86 -0.1121554143905025
18 87 -0.15099847549513101
18 88 0.059305084076389881
18 89 -0.048589680730999833
18 90 -0.091374044697123999
18 91 0.11650482511128941
18 92 -0.010154866991010493
18 93 0.007353048771529095
18 94 -0.029665474699460632
18 95 0.026925930700159695
18 96 0.10333107875003492
18 97 -0.24548840065281408
18 98 0.027053326056706625
18 99 -0.019087607825960886
19 20 -0.0071211949790726901
19 21 -0.0070265613662500786
19 22 -0.13803219470333303
19 23 0.12677310112054033
19 24 0.028045441260469341
19 25 -0.035499215494204241
19 26 0.074403880496444461
19 27 0.11521408487170842
19 28 -0.12844977563559706
19 29 -0.045659050817309955
19 30 0.21168130821524991
19 31 0.14990487950733433
19 32 -0.037145130434966075
19 33 -0.057786323233207773
19 34 -0.13155389886562766
19 35 -0.09957081823078931
19 36 -0.011111227689529837
19 37 -0.087809062335076168
19 38 0.006079811407826978
19 39 -0.055736551841373855
19 40 0.0028937209825293138
19 41 -0.12811402722240037
19 42 0.044297457017156067
19 43 -0.12794141932301381
19 44 -0.097632487452306904
19 45 0.0017990887615363924
19 46 -0.10641065874555916
19 47 -0.01909971478853896
19 48 -0.0045954493154958731
19 49 -0.011429447020054143
19 50 0.14534237506959058
19 51 0.087611436652887731
19 52 -0.059964558384048045
19 53 0.060070171152926601
19 54 -0.080124316553609576
19 55 0.015317006386603219
19 56 0.13372975033732995
19 57 0.14625466006709117
19 58 -0.041477060748238467
19 59 0.17085327723064275
19 60 -0.02811938848496744
19 61 0.069907794481460644
19 62 0.1089873547994633
19 63 0.12523433180211516
19 64 0.17763414635258779
19 65 0.080474825115627688
19 66 0.23434744322370557
19 67 -0.11064150265650979
19 68 0.044732445251010167
19 69 -0.028658786536134989
19 70 -0.015897340500404821
19 71 0.10454717083226182
19 72 0.032263280618504142
19 73 0.10656814367489187
19 74 -0.027646855313928922
19 75 0.12933290202798839
19 76 -0.029036976631882885
19 77 -0.030844207546331943
19 78 -0.053106114426584597
19 79 -0.05262674818863762
19 80 0.02749158846300765
19 81 0.042680204629034296
19 82 0.074243269164876655
19 83 -0.08092795720306073
19 84 0.14161861383593211
19 85 -0.1136825215376131
19 86 -0.15374412664715045
19 87 -0.014053030745506331
19 88 -0.02868896732906677
19 89 0.021969567589103008
19 90 0.20895447576820658
19 91 0.16919032735811568
19 92 0.020608876949228996
19 93 0.096127214730603372
19 94 -0.053980571756202168
19 95 0.025082245727639341
19 96 0.089113552645938551
19 97 -0.17504978110931996
19 98 -0.050022732619112859
19 99 -0.1734498739072447
20 21 0.08886150947638366
20 22 -0.16681205963567924
20 23 -0.084453749100034392
20 24 0.13909263166916744
20 25 0.05895544349470553
20 26 0.16750225698908203
20 27 0.097768575856551548
20 28 -0.19467869860903919
20 29 0.010576461318311615
20 30 0.038206007289559384
20 31 0.077491261935414335
20 32 0.022772059527634329
20 33 0.16327884987669203
20 34 -0.11001403672322846
20 35 0.11091003001930384
20 36 -0.052526475576524768
20 37 0.033835697379793549
20 38 -0.077029838952104149
20 39 0.0041420207465271012
20 40 0.082534223360587772
20 41 -0.045100634102862386
20 42 -0.010610957211842553
20 43 -0.02093979154123524
20 44 0.031105224222772395
20 45 -0.061411778884730442
20 46 0.18327367199686226
20 47 0.069247200831001915
20 48 -0.0051935440695168138
20 49 0.28326410131823365
20 50 -0.025476611821497491
20 51 -0.016314561474158044
20 52 0.0043186287104849848
20 53 -0.041411952128539785
20 54 -0.073601894113309252
20 55 0.13324406187629478
20 56 -0.18324132165998375
20 57 0.051911264938814587
20 58 -0.022045948071529889
20 59 0.024734759578578767
20 60 0.050163301737228688
20 61 0.043536417289579958
20 62 0.070055941406183028
20 63 -0.035060503644232341
20 64 -0.088134773490267784
20 65 -0.073577370542255049
20 66 0.11711219827870759
20 67 0.04860966231696686
20 68 0.038941651869035629
20 69 -0.032836526850877512
20 70 -0.058054962593629689
20 71 0.009436490612579479
20 72 -0.020045918771356964
20 73 -0.062104180677719417
20 74 -0.039799145692909904
20 75 -0.07944405888155387
20 76 0.071018076783352382
20 77 -0.12602761906559876
20 78 -0.064709337625578137
20 79 -0.21023298621253211
20 80 0.022951551044629592
20 81 -0.0053505556885126721
20 82 -0.0036019443312221618
20 83 -0.084676281181136889
20 84 -0.019694680995580992
20 85 0.0084613571802898916
20 86 0.021612350447803363
20 87 0.13540561271506119
20 88 -0.095406997073469446
20 89 0.032083348998804932
20 90 0.13404590274949107
20 91 -0.044952040643014723
20 92 0.1343090375231808
20 93 0.16820221137502911
20 94 -0.037350403178674503
20 95 0.087222240885273139
20 96 -0.082068212995552892
20 97 0.016775004088147413
20 98 -0.023772588735051017
20 99 0.13942653688037199
21 22 0.14422336659015653
21 23 0.20050741426570334
21 24 -0.03546617536236004
21 25 0.20882168124899481
21 26 0.061813980332384978
21 27 0.090724482948285889
21 28 -0.011258357095144065
21 29 -0.12787189736530555
21 30 0.17297968609658088
21 31 0.023229276127135282
21 32 0.087149348446141278
21 33 0.062547285466939981
21 34 -0.095397525527346982
21 35 0.012447396691314717
21 36 0.12831937293041137
21 37 0.1175677647059734
21 38 -0.040000151893162604
21 39 0.059880880089090371
21 40 -0.13942221069111682
21 41 0.020084417222977657
21 42 0.023628458378795611
21 43 0.18598113520032566
21 44 0.10132017057736434
21 45 0.068729764258983223
21 46 0.07443458860250865
21 47 -0.029223523308873175
21 48 -0.12744007132359722
21 49 -0.056785049306276786
21 50 0.021981726820492684
21 51 0.067008192109774711
21 52 -0.15267516073459866
21 53 0.13697712760613254
21 54 0.062127180027210321
21 55 -0.16258380028054831
21 56 0.12577352528573607
21 57 0.14160318046193485
21 58 -0.13073445274260045
21 59 0.21546796840733601
21 60 -0.061798019079334354
21 61 -0.050560186796443911
21 62 -0.065377849050921297
21 63 0.14098343548903919
21 64 -0.041818331137938966
21 65 -0.10117179765384961
21 66 -0.16898372959808186
21 67 -0.0045239240535737578
21 68 0.26969606536500634
21 69 0.17975539330032295
21 70 -0.15602783029764572
21 71 0.040753368480792279
21 72 0.13734860031299237
21 73 0.077224243319609545
21 74 -0.0049422027382439839
21 75 0.061096924119744447
21 76 -0.10390911546955482
21 77 0.12202366521916835
21 78 0.018570492159331209
21 79 0.025000465533098537
21 80 -0.040971268104880457
21 81 -0.10451086211726777
21 82 0.23058994632925117
21 83 0.0108419702088894
21 84 0.0066252784787572908
21 85 -0.013968013178451703
21 86 0.31484067225449935
21 87 0.060399997028737912
21 88 0.036220380281401177
21 89 0.011264688116653597
21 90 -0.098947662279966889
21 91 0.042225398830265659
21 92 -0.070296898571009223
21 93 -0.045512604171934791
21 94 0.029020230550042388
21 95 -0.049006795015045651
21 96 0.10916677619199894
21 97 0.038991317804539793
21 98 -0.083067230355547375
21 99 0.055959176496584155
22 23 -0.27031019583534283
22 24 0.012998526568124181
22 25 0.019678491097940679
22 26 0.010118394064768589
22 27 0.0096177228235619205
22 28 -0.098654388906732837
22 29 -0.10426357515335578
22 30 -0.045661684651819641
22 31 0.052275117093561245
22 32 -0.014461423439449421
22 33 -0.098716796741139867
22 34 -0.09501762305420107
22 35 -0.12384357532242832
22 36 0.10873394105681007
22 37 -0.034708075239243179
22 38 0.038260136008421861
22 39 -0.013333384933363224
22 40 0.12243994177177971
22 41 0.047342701119040292
22 42 0.056929843142895856
22 43 -0.098629974707794235
22 44 -0.26896230676391858
22 45 0.085852423231020658
22 46 0.12126749693594836
22 47 -0.12169961619708708
22 48 0.01251476728742227
22 49 -0.011045540134381689
22 50 -0.12085730620118514
22 51 -0.08105390533470927
22 52 -0.044120866592012462
22 53 0.10832897352855338
22 54 -0.030143831963749534
22 55 0.10356513998471983
22 56 -0.0016639845722663514
22 57 -0.027920710494141215
22 58 0.13649572890435155
22 59 0.038434123888598494
22 60 -0.025026907125739503
22 61 0.025434905044175199
22 62 0.010062613057524166
22 63 -0.047571840712883451
22 64 -0.052050742031630182
22 65 0.19342565934074266
22 66 -0.083870173708972137
22 67 -0.067265495763501881
22 68 0.10025024357967838
22 69 0.083120667193759198
22 70 -0.14391514512439127
22 71 -0.083965161679193157
22 72 0.046184445070393883
22 73 -0.023865320617595165
22 74 0.030885468970030555
22 75 -0.0059694848916185062
22 76 0.015909355748532816
22 77 -0.080706558344550802
22 78 -0.12524860566725801
22 79 0.024538165531908865
22 80 0.10201511301288108
22 81 -0.074110943897154821
22 82 -0.18044878642033013
22 83 -0.1051595437065732
22 84 0.0050899855914819754
22 85 0.098797186341660584
22 86 0.11785789148636838
22 87 0.10962728236014328
22 88 -0.053899775262962184
22 89 0.0013357878888263872
22 90 0.093331950524358442
22 91 -0.099955563196586897
22 92 0.016026359645017418
22 93 -0.039296847499549876
22 94 -0.11568505528047922
22 95 0.11208219700071827
22 96 -0.044627974934631359
22 97 -0.034198854761857717
22 98 -0.029308041936154595
22 99 -0.080585179839477147
23 24 -0.17642114544025683
23 25 -0.0024568029416183338
23 26 -0.060556999186417361
23 27 0.012234939107136031
23 28 -0.064837704035638224
23 29 -0.078067683305627633
23 30 -0.071083349152787093
23 31 -0.1289619204108737
23 32 -0.060964661581701052
23 33 -0.1096751239902034
23 34 -0.06496106250672988
23 35 0.0027439013048653673
23 36 0.15045705303954038
23 37 0.13329372767465555
23 38 -0.11120496958053927
23 39 0.035380716333669501
23 40 -0.10452841147898043
23 41 0.08161795981019207
23 42 0.078187061971828384
23 43 0.13210337693992522
23 44 -0.030983383383015251
23 45 -0.074641932615938267
23 46 -0.13246067374520321
23 47 0.021278860479155809
23 48 0.014945410655244136
23 49 0.024533750420067515
23 50 -0.019115771253972052
23 51 -0.18148371252261908
23 52 -0.055313662838794769
23 53 0.1151916315662541
23 54 -0.0069237156150348117
23 55 -0.091541340571842295
23 56 0.14913541177921838
23 57 -0.14137161426814135
23 58 -0.18740246763385326
23 59 -0.062042082689697492
23 60 -0.013983740324838959
23 61 -0.090135875863298701
23 62 -0.13646262244090512
23 63 -0.056804967085660164
23 64 -0.20289243509836422
23 65 -0.020992756260181704
23 66 0.085759354658177869
23 67 -0.037570276269193792
23 68 0.0077207933267224738
23 69 0.011162409059888096
23 70 -0.093446276815399396
23 71 0.21090869856264424
23 72 0.15504890608455232
23 73 -0.19027667452655661
23 74 -0.031198084506922907
23 75 0.27167223875841029
23 76 -0.066380091386980644
23 77 0.035130351413335252
23 78 0.028924508660081658
23 79 0.038590033905921216
23 80 -0.054100214803874849
23 81 0.024196562061107364
23 82 -0.1575656268370213
23 83 0.048592324712507629
23 84 -0.037037895806765614
23 85 -0.036598764916621847
23 86 -0.02555799983041783
23 87 0.024425845131866838
23 88 0.11107034781316855
23 89 0.060404125649853049
23 90 -0.0050500489447065765
23 91 0.078483577241556052
23 92 0.031548359391301233
23 93 0.067757899490519288
23 94 -0.0083979034334518612
23 95 -0.044331615978372367
23 96 0.1818033348303445
23 97 0.019913467504054958
23 98 -0.043730191368033591
23 99 -0.011230135272496557
24 25 -0.10750626210717573
24 26 0.04510799318541691
24 27 0.12438184850007739
24 28 0.048735619021308033
24 29 -0.038623690171074213
24 30 -0.070021962958056072
24 31 -0.12603174397450087
24 32 -0.0078701597889357412
24 33 0.081254285307542334
24 34 0.16771381348078551
24 35 -0.092613813782503177
24 36 -0.033328491206231707
24 37 0.094920829961010755
24 38 0.032597586317687451
24 39 0.20426912983892762
24 40 -0.032018848536992481
24 41 -0.0075347810276419278
24 42 -0.086507252770751553
24 43 -0.0057207200966370468
24 44 -0.10072965736098488
24 45 -0.08453787238266379
24 46 0.11424328068012485
24 47 0.15761173074377816
24 48 -0.026464657404100783
24 49 -0.085512065823951294
24 50 -0.060792863880978133
24 51 -0.13790312245328842
24 52 0.25244041547859658
24 53 -0.025932369603417649
24 54 -0.10935300378193127
24 55 -0.04124632747701653
24 56 -0.11832071343324078
24 57 -0.051400813056111133
24 58 0.012146108241270021
24 59 -0.048443655976132503
24 60 -0.03097880884341038
24 61 0.047452975248000281
24 62 0.17622477643755358
24 63 0.0076244844122210142
24 64 0.11592992883060969
24 65 -0.071350098552727448
24 66 -0.031604422627630566
24 67 0.0083639288818572726
24 68 0.063850924785753355
24 69 -0.040910825417947716
24 70 0.17572194101885513
24 71 0.2125501871965999
24 72 0.065227944601805296
24 73 0.043314128672571617
24 74 -0.042674960102818175
24 75 0.17400467170378914
24 76 0.0091152765015470316
24 77 -0.055201774723040969
24 78 0.038266119551572469
24 79 -0.021775974127128932
24 80 0.091731806638714872
24 81 -0.038543942770302264
24 82 0.045580786344817374
24 83 -0.10479355378498217
24 84 -0.16265500298601096
24 85 -0.010733123132611265
24 86 -0.10010168658206803
24 87 -0.1568914523102658
24 88 0.1126287164671097
24 89 0.23235735801894619
24 90 -0.094122936778104252
24 91 -0.033698544053214784
24 92 0.027329050680030321
24 93 -0.011504488376385364
24 94 -0.040350682080557053
24 95 -0.066444660354109675
24 96 -0.0086360362871932481
24 97 0.01716036684238512
24 98 0.076942622324086593
24 99 -0.053068445580661386
25 26 0.10532660918107782
25 27 -0.1182129578975592
25 28 -0.063823179115472889
25 29 0.077133706330523133
25 30 0.034173432519822577
25 31 -0.018247477055365537
25 32 0.055951294583206405
25 33 -0.13249976198376959
25 34 -0.073747930065104578
25 35 -0.034662253505794709
25 36 -0.079274751486677952
25 37 -0.001408011513681815
25 38 -0.068167910904330539
25 39 -0.093953970763755446
25 40 -0.069274230499870165
25 41 -0.052481611695927667
25 42 -0.089970355251633369
25 43 -0.0088430967080666886
25 44 0.10952153597554007
25 45 -0.13231975788832379
25 46 -0.084153346102647283
25 47 0.012197845236137171
25 48 -0.21155904704655684
25 49 0.066092429126187971
25 50 -0.059339374812803491
25 51 -0.014591309319874539
25 52 0.071221422022728895
25 53 0.1571339851224145
25 54 0.02723524938158561
25 55 0.1978431289607846
25 56 -0.041048434877475067
25 57 0.0023977033406270432
25 58 0.10191332292909867
25 59 0.023099819162935135
25 60 -0.040558278332930506
25 61 -0.038149616326019618
25 62 -0.19082506576925318
25 63 -0.053075830171330746
25 64 0.028372305720594598
25 65 0.063976774882798806
25 66 -0.014148996389750361
25 67 0.11994271033177294
25 68 -0.094661046934334192
25 69 0.08870497966232109
25 70 -0.077534310881457069
25 71 0.1266648156850595
25 72 0.027850674182477622
25 73 0.066252253890770371
25 74 0.23726041836477593
25 75 0.18846853574654765
25 76 0.07658132321866952
25 77 -0.10315810009977261
25 78 -0.099565989160610643
25 79 -0.045455337053972332
25 80 0.032462811357772119
25 81 0.031632733639326692
25 82 -0.15663618042683089
25 83 0.067736005841289679
25 84 -0.13795393185374968
25 85 -0.0022486016131064812
25 86 -0.038832660654593461
25 87 0.024504348313154047
25 88 -0.049474965158849929
25 89 -0.083523247108378038
25 90 -0.093329917788628369
25 91 -0.084456865188548183
25 92 0.074128678988315086
25 93 -0.089507387542452951
25 94 0.099046017566273126
25 95 0.12981335489170581
25 96 -0.064534657164663237
25 97 0.0019054373315577034
25 98 0.027761402194990289
25 99 -0.074131270153026937
26 27 0.026039535697962541
26 28 0.0045131783218365492
26 29 0.12622153766075694
26 30 -0.1358067195394087
26 31 0.016164136892397648
26 32 0.045431334709485099
26 33 -0.092614022755266215
26 34 0.018032816854331439
26 35 0.095985338948508747
26 36 -0.065556442929297604
26 37 -0.072955848698529557
26 38 0.13607275432538743
26 39 -0.059595579312350093
26 40 -0.030222752107404244
26 41 0.048823621156962003
26 42 -0.026151703152733914
26 43 -0.056317528224211801
26 44 -0.10342383396384768
26 45 0.046567174511899539
26 46 0.0073459456244498586
26 47 0.085178388679441872
26 48 -0.0061008963870929399
26 49 -0.068182222559688463
26 50 0.10101771101367248
26 51 0.04063249786240769
26 52 -0.05402169193655687
26 53 -0.10608969486437246
26 54 -0.13960747604925935
26 55 -0.11220614155369263
26 56 0.039125090626813998
26 57 0.069448250314146462
26 58 0.12701275708145118
26 59 -0.10946395566222444
26 60 -1.883294262367811e-05
26 61 -0.01919223366352249
26 62 -0.012743854602825806
26 63 0.096525680136240258
26 64 0.11134438433282223
26 65 -0.083123499979409168
26 66 0.20665679982731558
26 67 0.046463525862806741
26 68 -0.12064397190078678
26 69 -0.16432400495733396
26 70 -0.068109236863126824
26 71 0.019004472549386558
26 72 -0.038467078315803822
26 73 0.055169902622480886
26 74 0.04161031592462798
26 75 -0.12892433209695481
26 76 -0.075433901753537633
26 77 0.0057336806364192911
26 78 0.03091340365582701
26 79 0.12602349966891888
26 80 0.16534207052904182
26 81 -0.020149069883615572
26 82 -0.011937785686847576
26 83 -0.039802953954672309
26 84 0.089893680352549479
26 85 -0.031470130377985565
26 86 -0.010574287009866141
26 87 0.2055050869351682
26 88 0.1142041631565875
26 89 0.23291503405369951
26 90 0.083465112798179586
26 91 -0.061981710625010955
26 92 0.12544676963790699
26 93 0.0047530637815719106
26 94 -0.055768279565876704
26 95 -0.098167342490280057
26 96 0.0042959470613108423
26 97 -0.017803358999493337
26 98 -0.054858919118062233
26 99 -0.17042447774502859
27 28 0.045147186676036559
27 29 0.0098986889645537417
27 30 0.057101763112976017
27 31 -0.10196903276425269
27 32 0.033895441099510017
27 33 0.11360764825793906
27 34 -0.09717781560471038
27 35 0.081352396159102752
27 36 -0.082159577486087848
27 37 0.12629334701369205
27 38 0.039664321312098322
27 39 0.042635931884483197
27 40 -0.12458462109060309
27 41 0.15333732711025885
27 42 -0.11539693316931587
27 43 0.034583630470757958
27 44 0.003649906887162459
27 45 -0.038978045155508671
27 46 0.022390092029409982
27 47 0.092305015599729506
27 48 -0.025435741620942323
27 49 0.054889489671944486
27 50 0.18748708461305416
27 51 -0.11373729081751177
27 52 -0.021741333728273846
27 53 0.0084602311339959466
27 54 0.079597015479387662
27 55 -0.17718016034575376
27 56 -0.10921638909527481
27 57 -0.16702391822702209
27 58 -0.065411800010744134
27 59 -0.09348743584438346
27 60 0.2500827475158397
27 61 0.008714595949278035
27 62 -0.11143995754906173
27 63 0.066647373081104438
27 64 0.073976124087886397
27 65 0.11415960397506078
27 66 -0.074343070008316414
27 67 0.059028683481805823
27 68 -0.082324888874431013
27 69 0.043979733915600221
27 70 0.010886008377910657
27 71 0.23291610216510961
27 72 -0.044436447183549971
27 73 -0.1367073067112835
27 74 -0.30250929341965171
27 75 -0.086867715442545596
27 76 -0.037868252575405659
27 77 -0.03316954196424126
27 78 0.066239968938141366
27 79 0.18642610025735784
27 80 -0.0038152535889920307
27 81 0.11719235349955837
27 82 0.03231332610894691
27 83 0.085587843124871082
27 84 -0.042474078959263514
27 85 0.033630205949903846
27 86 -0.038297299571900201
27 87 0.048383241647850982
27 88 -0.042553487435044654
27 89 -0.11629185395225934
27 90 -0.10274035163482985
27 91 0.052242063258108297
27 92 0.0526708688104425
27 93 -0.031264853118376991
27 94 -0.065545386128717673
27 95 -0.074413036627888826
27 96 0.1202426255725263
27 97 0.092646611277728164
27 98 0.021457693565294325
27 99 0.019846666015622867
28 29 0.10392384018949968
28 30 -0.034858989827337095
28 31 -0.16946732104394047
28 32 -0.21419133303042212
28 33 0.079911347393395157
28 34 -0.00062703500618255172
28 35 -0.096212873990075665
28 36 0.10939098278253218
28 37 0.19419394621601796
28 38 0.062485984246074738
28 39 0.051037521481190978
28 40 0.054974955542292314
28 41 -0.0095481698282196305
28 42 0.12273167987993566
28 43 -0.018582145657203831
28 44 0.09452011188650733
28 45 0.11901486331039685
28 46 0.0097013704286329841
28 47 -0.0059308365654506118
28 48 0.069060473082038262
28 49 -0.14337439560842652
28 50 0.21650945706185376
28 51 0.091435790943939388
28 52 0.065947256182208577
28 53 -0.076502728830272815
28 54 -0.075370716634131127
28 55 -0.00089741732356804981
28 56 -0.087684861911929826
28 57 0.16605570243497203
28 58 -0.010521250713444499
28 59 -0.054169670788603942
28 60 0.19022863822930558
28 61 -0.056206425026575572
28 62 -0.070639245288141903
28 63 -0.01012868283509479
28 64 -0.14227292065598671
28 65 0.13473069959527903
28 66 -0.013384368331006783
28 67 0.036444255175549133
28 68 0.046059976423879427
28 69 0.04926760004716825
28 70 0.05942061305699238
28 71 0.0045956261812791343
28 72 -0.14654062196457815
28 73 0.075374570084105086
28 74 0.062105280179376103
28 75 -0.097212554707957602
28 76 0.034377242663978048
28 77 -0.058610176376152658
28 78 0.067234307763995305
28 79 0.018368010352838405
28 80 0.013948942849077798
28 81 -0.12684238239860107
28 82 -0.051173402600666953
28 83 -0.0010889485994220705
28 84 0.028782818048122924
28 85 -0.081142889465906864
28 86 -0.0016986795547673046
28 87 -0.16547141917566829
28 88 -0.063866226728465453
28 89 -0.18323276182692669
28 90 0.032362338354310564
28 91 -0.078510632913726078
28 92 -0.12209338349107633
28 93 -0.14076677157424231
28 94 -0.13470826238226952
28 95 -0.21079834270304879
28 96 -0.065666754027367075
28 97 0.097629200266447738
28 98 -0.028342510412597711
28 99 0.093821562696041097
29 30 -0.019777404253905242
29 31 0.00088034918881376041
29 32 -0.071384860898609112
29 33 -0.12836554633488526
29 34 -0.011086569033191719
29 35 0.15147960436638255
29 36 0.090563219516233431
29 37 0.20179477793432171
29 38 -0.053325980330645333
29 39 -0.0051856607407355952
29 40 -0.063963699245379188
29 41 0.15136406771007768
29 42 0.13606648636140414
29 43 0.11322619916565209
29 44 -0.15880129084633177
29 45 0.11531639739837801
29 46 0.17538287055118773
29 47 0.051053608280325596
29 48 -0.01247467395383378
29 49 0.15627165187612069
29 50 -0.0069352217819547259
29 51 0.086490039035509073
29 52 -0.030747709187337876
29 53 -0.15980125591651315
29 54 -0.23115516981411385
29 55 -0.052457057637098681
29 56 -0.030356885263617291
29 57 -0.078103697552874884
29 58 -0.06519559510423599
29 59 -0.01729123273290871
29 60 -0.057420715435728999
29 61 -0.21501810875267544
29 62 0.17138274649134713
29 63 0.069861590121865921
29 64 0.12025118352379015
29 65 -0.091809552987736853
29 66 -0.025054459310867767
29 67 0.054282642032728569
29 68 -0.053443143604222587
29 69 -0.019188675827877377
29 70 0.012530760708385961
29 71 0.18275716112552481
29 72 -0.12601077547852121
29 73 -0.0055682564131236019
29 74 0.13760635467897619
29 75 -0.017633670162569861
29 76 0.034415150799401474
29 77 0.035584851869541835
29 78 0.2084216956089272
29 79 -0.050302094915181755
29 80 0.010608641162775774
29 81 -0.028774726132116929
29 82 0.15728603932048899
29 83 0.026271609468047297
29 84 0.10061304744338717
29 85 -0.17055252700429724
29 86 0.092039100271805771
29 87 -0.11508507513289053
29 88 -0.083373619118130529
29 89 0.054993696712425794
29 90 0.028612693694084392
29 91 0.078637974472713201
29 92 -0.045225829010075713
29 93 0.077413716722975368
29 94 0.060107162438651468
29 95 0.033489970239552802
29 96 -0.12585316425970827
29 97 0.066493875310936673
29 98 -0.086051097751451949
29 99 -0.025703715613254376
30 31 -0.06165705007153869
30 32 0.1684996141549682
30 33 -0.0046087029425640946
30 34 0.18317682489435419
30 35 0.11935700349993733
30 36 0.058173100352589185
30 37 -0.062876847386253473
30 38 0.27099028669456593
30 39 -0.11628376040356699
30 40 -0.11402138718559501
30 41 0.021069205625591666
30 42 0.00022226455275613122
30 43 0.022956248701626165
30 44 0.17902659627817416
30 45 0.0077206221272859117
30 46 0.26848106406077066
30 47 0.070843341747988495
30 48 -0.023172663161109584
30 49 0.11726042270018129
30 50 -0.088463094389657007
30 51 -0.07617251824910698
30 52 0.036314039387796565
30 53 0.10116179102342214
30 54 -0.10628875883588662
30 55 -0.074168337432756859
30 56 -0.0061050108274288556
30 57 0.032358640927858798
30 58 0.094613971352558182
30 59 -0.19790543415118386
30 60 -0.035999971739139124
30 61 0.10492450589787464
30 62 -0.083833980271374883
30 63 -0.053905930308747865
30 64 -0.19454716038289716
30 65 0.22144725395549059
30 66 -0.1457463213066805
30 67 0.051355136988559161
30 68 0.0076884893306521087
30 69 -0.12442544776685338
30 70 -0.1650349033868016
30 71 -0.1041118203101016
30 72 0.045165789215348556
30 73 -0.095372124261386818
30 74 0.070721253227168365
30 75 -0.039461662435337691
30 76 0.11434195934756702
30 77 0.11843854042551721
30 78 -0.056818004257254896
30 79 -0.15892544802746089
30 80 -0.050998722567549309
30 81 -0.3376190558501268
30 82 0.018617687491924408
30 83 0.0083323788881910065
30 84 -0.1390920735513885
30 85 -0.021786848905056125
30 86 -0.059420891033541527
30 87 0.13631448562806339
30 88 -0.19584606420776493
30 89 -0.086201884407129448
30 90 -0.030853435668624047
30 91 0.15678190480648072
30 92 0.14306804394345926
30 93 -0.13051548766070267
30 94 0.14090998597224719
30 95 0.22505028071802469
30 96 -0.082302589475877097
30 97 0.017163201490410205
30 98 0.0031894214856456674
30 99 0.11162621439709586
31 32 -0.13270296993099656
31 33 -0.11691376763310775
31 34 -0.0089475438107510016
31 35 0.0069132953944768668
31 36 -0.13561528258191283
31 37 -0.094189417901179823
31 38 0.092265830071419142
31 39 -0.0045266211347901276
31 40 0.024845319026855207
31 41 -0.012161560846327218
31 42 0.0069171016884337598
31 43 0.014070467438337409
31 44 0.075358222745580086
31 45 0.063994155562201546
31 46 -0.075666650728001522
31 47 0.012868589493922675
31 48 -0.017305399456995506
31 49 0.029750033108991866
31 50 0.10216028286982166
31 51 0.0037208611846928138
31 52 0.0060582524567867231
31 53 -0.17592523727117115
31 54 0.13520322783865707
31 55 0.043273754227336467
31 56 0.064928086317656605
31 57 0.062437043992990417
31 58 0.024826664118714214
31 59 -0.029494709558364973
31 60 0.057603099965892191
31 61 0.042345427198609946
31 62 0.06687524265799398
31 63 -0.03912356827535525
31 64 -0.012880639013758265
31 65 0.035085140849370956
31 66 0.03289642116505264
31 67 -0.054738093533980708
31 68 -0.022566208485548092
31 69 -0.029526558025390448
31 70 0.19532176741595686
31 71 0.038629808110668296
31 72 0.1335309102599006
31 73 -0.059249433129265151
31 74 0.0053312668363755429
31 75 0.066233092832675644
31 76 0.078023650972792902
31 77 0.094006413139137823
31 78 -0.085748095005465874
31 79 -0.12187589048567782
31 80 0.15915528660582212
31 81 -0.098821387955432161
31 82 -0.00012996936639533425
31 83 -0.0011811623294039897
31 84 -0.11183908937611682
31 85 -0.12536249625511739
31 86 0.030527085899121221
31 87 -0.15572741525773956
31 88 -0.10410580876394562
31 89 -0.075822283382296907
31 90 0.23175648500713186
31 91 0.056790830498540085
31 92 -0.06514092529316147
31 93 0.032843022056111976
31 94 0.1445789593255345
31 95 -0.12101990451319977
31 96 0.016139623163340552
31 97 -0.26972682389481339
31 98 -0.021199448598592453
31 99 0.13377446202128709
32 33 0.06590999390465839
32 34 0.16769520622247128
32 35 0.11320226643103584
32 36 -0.039491809876719047
32 37 0.024442234443418621
32 38 0.021611177465197452
32 39 -0.14670474997924571
32 40 0.042280829819937367
32 41 0.059642798530358643
32 42 0.025774824977718193
32 43 0.1130125217069375
32 44 -0.058557990265898086
32 45 0.02496073219000183
32 46 0.087597444101066735
32 47 -0.14568333612675119
32 48 -0.19222944881315931
32 49 0.0041463156577278022
32 50 -0.021329757502736066
32 51 -0.061004161812523432
32 52 -0.080182991661610428
32 53 0.0020161280564823729
32 54 -0.06632386686185017
32 55 0.027663611217458278
32 56 0.0040686743400455382
32 57 -0.14812575870643341
32 58 0.0071198223819867864
32 59 0.1091451713625893
32 60 0.036380401962002956
32 61 -0.003173356535278947
32 62 0.055340055718711402
32 63 -0.049866026213763098
32 64 0.020941791049610498
32 65 0.19250029761246321
32 66 0.034768753092596659
32 67 -0.064297056587463111
32 68 0.0081841390216158116
32 69 0.18144589318653465
32 70 -0.12037682357959645
32 71 0.0044227959924997839
32 72 0.12222057298605045
32 73 -0.11423998783014522
32 74 -0.071551951733698757
32 75 -0.025133569628971078
32 76 -0.025031450029190778
32 77 0.1455870451741772
32 78 -0.12096754846014378
32 79 -0.017702672117255468
32 80 -0.11534732443290839
32 81 -0.19074190747681055
32 82 0.1249866690099089
32 83 -0.15111986617638859
32 84 -0.16417286425798006
32 85 0.017561634953619221
32 86 -0.18409899335369728
32 87 -0.045275434060960941
32 88 -0.1261337345913815
32 89 0.048803804087561596
32 90 -0.057820558855009835
32 91 0.089934260688824777
32 92 0.13203095383984914
32 93 -0.11665464681230014
32 94 0.082371605833654424
32 95 0.026158382743135485
32 96 0.037987790115052204
32 97 -0.069551104627807711
32 98 0.012569108617396943
32 99 0.076780187342452469
33 34 -0.051456413696801054
33 35 -0.01732175165194029
33 36 0.022612034645945932
33 37 0.016821020900254693
33 38 0.031359670886354822
33 39 0.24290421355762759
33 40 0.044834667665885966
33 41 0.15271388145645026
33 42 -0.0060838134924538958
33 43 -0.22126722354212813
33 44 -0.010888628378906903
33 45 -0.11333333125925693
33 46 0.057282064984327009
33 47 0.16226458084353895
33 48 -0.017172187641467423
33 49 0.073021009961978176
33 50 -0.1363098461986024
33 51 0.079089845306871548
33 52 0.12068286715735432
33 53 0.25123101746444354
33 54 0.054090807159703658
33 55 0.12926848811428435
33 56 -0.10922879825218396
33 57 0.086118310921611499
33 58 -0.093964445183836259
33 59 -0.031204346745318624
33 60 0.078837369972555443
33 61 -0.020621833507344936
33 62 -0.0095773224313932346
33 63 0.11910545058375176
33 64 0.23888101253885088
33 65 0.17041773051043257
33 66 0.041998873229221224
33 67 0.21524116083524958
33 68 -0.13458273831062892
33 69 0.042888902176480989
33 70 0.088663275013358953
33 71 0.037184417692893261
33 72 -0.060433682153203529
33 73 -0.030629675912392774
33 74 0.051572746470531422
33 75 0.021034406306663169
33 76 0.1102071754949706
33 77 0.025630568126487913
33 78 -0.20921323668920624
33 79 -0.041104379375925287
33 80 0.038113420170590086
33 81 -0.12552639484073955
33 82 -0.12115349823025656
33 83 -0.034478454334921325
33 84 0.11740932305163661
33 85 -0.15126879263798676
33 86 -0.021907753735211245
33 87 0.007340492554911507
33 88 0.11847476606491343
33 89 0.10773370924261375
33 90 -0.0088271423594871411
33 91 0.17482241521080288
33 92 -0.21626069385940966
33 93 0.063222598655791704
33 94 -0.21971823919417638
33 95 -0.15767898482205378
33 96 -0.064588448930059716
33 97 -0.061676168530799394
33 98 -0.13592196154008848
33 99 -0.035913872008523355
34 35 0.12487422794610564
34 36 0.10402670828132379
34 37 0.015861014660333152
34 38 0.11581641724022151
34 39 0.096378197857358031
34 40 -0.10183677587648146
34 41 -0.16405499689197101
34 42 0.30311213087561856
34 43 0.070425886667234996
34 44 -0.05778524883906605
34 45 0.13238248801749133
34 46 -0.080827782016687347
34 47 -0.045985671303769605
34 48 0.14107802008706258
34 49 0.014154495384812142
34 50 0.13726053778922281
34 51 0.011914412255423636
34 52 -0.14567956128628667
34 53 -0.042330202355009325
34 54 -0.07222004984469492
34 55 0.099774326484770456
34 56 -0.046577391225487728
34 57 -0.20552204385942707
34 58 0.047016007210112697
34 59 -0.036330177675967988
34 60 -0.047076616065760919
34 61 0.08320092255685943
34 62 0.16733944556979297
34 63 0.21855495666256042
34 64 -0.13494566614596978
34 65 0.097993867693664208
34 66 0.068985498486126659
34 67 0.075605585902831229
34 68 -0.030712030773480434
34 69 0.019046348219082687
34 70 0.014845248579926557
34 71 0.093637726080108952
34 72 -0.0041072411870076752
34 73 -0.069325563060939649
34 74 0.039127163630668066
34 75 0.014866933192566784
34 76 0.13658542383316954
34 77 0.060455775132256064
34 78 0.085691082665641502
34 79 0.0075442038554303665
34 80 0.050738241532632213
34 81 0.051252835559323397
34 82 0.083793985625237585
34 83 -0.044909256078947038
34 84 0.14526689992082081
34 85 0.12665601422572209
34 86 -0.046553773556019543
34 87 -0.23355872790004661
34 88 0.18055312447267871
34 89 -0.099192931277893137
34 90 -0.14753634298015217
34 91 0.00032920778213726552
34 92 0.046696895227865229
34 93 -0.0097903754206165906
34 94 0.011880089008452478
34 95 -0.051081162422600204
34 96 0.014644728362689294
34 97 0.024915543418007544
34 98 -0.093863408961686129
34 99 -0.13267367647703468
35 36 -0.00018287540886695414
35 37 -0.085911429412347792
35 38 -0.045935435479102837
35 39 0.015915107244548796
35 40 0.046941442842607047
35 41 0.024755532231065913
35 42 0.037607414933187977
35 43 -0.021697573372930906
35 44 0.10226505340836867
35 45 0.20136389209551619
35 46 0.012779694024869377
35 47 0.030025044815496251
35 48 0.074627728690687276
35 49 0.063344740187015233
35 50 -0.035234693449265213
35 51 0.028592421257351699
35 52 -0.23869384340765221
35 53 0.16638004144761431
35 54 0.091887184061185678
35 55 0.012412259814535122
35 56 -0.045041675616050006
35 57 0.23957907511017879
35 58 -0.03097338108723928
35 59 -0.19171633873107052
35 60 0.27370098965914996
35 61 0.050616380644366146
35 62 -0.20598451238728829
35 63 -0.032156508589365695
35 64 -0.15338631265272903
35 65 -0.12620203484469061
35 66 -0.029741985248920372
35 67 -0.028701431345275582
35 68 0.080869122818623615
35 69 0.11717311608523416
35 70 -0.20357727321728675
35 71 -0.10295920366512523
35 72 -0.20429624653822476
35 73 0.18859118050358123
35 74 0.15351487303316988
35 75 0.12040992740261054
35 76 0.027786064203941224
35 77 -0.13169609640203722
35 78 0.031064847038281371
35 79 -0.055640530977172913
35 80 -0.084903640415451009
35 81 0.11935176584355478
35 82 0.10304195565977572
35 83 0.057822560551784877
35 84 0.18387913375933224
35 85 -0.091130207132771202
35 86 0.11794827075544401
35 87 -0.07271409913058946
35 88 -0.0060542570379339411
35 89 -0.015942503572827831
35 90 0.14372300226650328
35 91 0.019182085983861626
35 92 0.028937367335946974
35 93 -0.3213399749289782
35 94 0.010297859066152874
35 95 0.13323673588240906
35 96 -0.093328879315709878
35 97 -0.055145069602226399
35 98 0.19711206245912802
35 99 -0.057955057155247139
36 37 0.034480650475976697
36 38 -0.023401193341536061
36 39 0.16271711524654375
36 40 -0.0094125586077029415
36 41 0.060470459073021732
36 42 -0.088741080489203678
36 43 -0.14167643766172947
36 44 0.17531678395417877
36 45 0.087114371563289494
36 46 -0.049506508844179647
36 47 0.0080328023262999978
36 48 -0.048399246779551833
36 49 0.168059093012869
36 50 -0.023404404680597703
36 51 -0.090498465051008531
36 52 -0.12675006803409997
36 53 -0.13847632054047102
36 54 -0.13191657190465275
36 55 -0.10173022718543373
36 56 -0.077392996822749985
36 57 -0.036959232610232588
36 58 0.040222008483728915
36 59 -0.078853688499666119
36 60 0.027117266895827621
36 61 0.047674350105510098
36 62 0.059447507142788486
36 63 0.10251071164898783
36 64 0.044189998655666404
36 65 -0.089759621700146855
36 66 -0.16125089042122104
36 67 -0.14901182228380713
36 68 0.061584177357751652
36 69 -0.0094719465060337654
36 70 0.03873387120463892
36 71 -0.0030560538935509923
36 72 0.13009760052572814
36 73 -0.11849754980727523
36 74 0.035706471400777262
36 75 0.059193663563033155
36 76 -0.11670799764712413
36 77 -0.12113566538641168
36 78 -0.10245561820844727
36 79 -0.0037191759749489804
36 80 0.033728509172134706
36 81 -0.09372691389265364
36 82 -0.15456174552522947
36 83 0.0042331927301550616
36 84 -0.09061582754608366
36 85 0.10449280807705108
36 86 0.060402843159337166
36 87 -0.034457528410725871
36 88 -0.096368193623791482
36 89 -0.047515263704009811
36 90 -0.061653002794241046
36 91 0.0020989357683024751
36 92 0.070570619633177387
36 93 -0.038522659074440094
36 94 -0.079697000800160553
36 95 -0.14582374543042517
36 96 0.12090652439047388
36 97 -0.15054117072762455
36 98 -0.13973708157535711
36 99 -0.032219296733762538
37 38 0.22926854503609301
37 39 0.093615863544528832
37 40 -0.011096429841354722
37 41 0.017874474143776475
37 42 -0.013449765984704445
37 43 -0.057654005331262137
37 44 0.14238263830061512
37 45 -0.049870389636104899
37 46 0.036131356078718875
37 47 -0.13782844480470927
37 48 -0.020555636060387891
37 49 0.11402149639202222
37 50 -0.062133265946874863
37 51 0.089269566815209533
37 52 -0.045665000726509634
37 53 0.035156649126701765
37 54 0.028867237319172595
37 55 0.034436543334279389
37 56 -0.07927974329895543
37 57 -0.19309690038829463
37 58 -0.0086322094944175001
37 59 0.093309205186346375
37 60 -0.0013605251783257335
37 61 0.16441725107151708
37 62 -0.020453031091593271
37 63 0.018350858019147164
37 64 0.11433413613981708
37 65 0.027268285344035234
37 66 0.097412597642785717
37 67 0.1571519664802043
37 68 -0.13921004191945904
37 69 -0.025392094155728403
37 70 0.066270902757411931
37 71 0.078022367576062998
37 72 -0.074003258901082461
37 73 -0.23173803164513362
37 74 0.017328090751115917
37 75 -0.082058498521213316
37 76 0.051744333514156984
37 77 -0.028210934800110599
37 78 0.13072746322866599
37 79 0.051342032445863717
37 80 -0.0095737909643961831
37 81 -0.10330318745577549
37 82 -0.059700274709222227
37 83 -0.0040488634450703614
37 84 0.0026048679245219242
37 85 0.041037324328276378
37 86 -0.04095771293251655
37 87 -0.017375807953867135
37 88 -0.030028037613997006
37 89 0.065210049227333686
37 90 -0.0025903780762947365
37 91 0.20925104839699557
37 92 0.10776729985188666
37 93 0.14661339391483208
37 94 -0.043376232357705435
37 95 0.021891926553228105
37 96 -0.003087763577819291
37 97 0.021902467713254489
37 98 -0.15149080528011444
37 99 0.017406916584245192
38 39 0.04592407426445394
38 40 0.036276242458304152
38 41 0.021429639186763716
38 42 0.022606394199150861
38 43 -0.11694487873704612
38 44 0.07328671231495032
38 45 0.071494056539595091
38 46 0.18324745793160788
38 47 0.09603113998084041
38 48 0.0015266212922236506
38 49 0.12359282822710463
38 50 0.22015817704299462
38 51 -0.14430790412157865
38 52 0.043636441843932561
38 53 0.11509914471620764
38 54 0.1226558260819777
38 55 0.063643925083840758
38 56 -0.035228966445860911
38 57 -0.081278301898496316
38 58 0.045753418134403118
38 59 0.11303399182900878
38 60 0.10122099254259545
38 61 0.062739486542824713
38 62 -0.19293495701430696
38 63 -0.074025407520435391
38 64 0.012901657731897526
38 65 0.098789977799521825
38 66 0.083217472348273688
38 67 0.02759967392216919
38 68 -0.058791297397082325
38 69 0.059575613143112528
38 70 -0.062959225992006138
38 71 -0.063749863433015419
38 72 0.011899144413739016
38 73 0.037903114305561453
38 74 -0.077790919212051765
38 75 0.03366008054746069
38 76 -0.051649623862345534
38 77 0.13433174843964141
38 78 0.055065904943558425
38 79 0.026205297828672775
38 80 -0.0036474603930956731
38 81 0.033317553899735911
38 82 0.03660208945853604
38 83 -0.14141721715371688
38 84 0.026628960269161783
38 85 -0.04164940207394132
38 86 0.017239340605390167
38 87 -0.060774090262064234
38 88 0.039354904569259379
38 89 -0.0087115067988232358
38 90 -0.055796565270010215
38 91 0.034961838557243267
38 92 -0.10125809253148968
38 93 -0.0034061034411708075
38 94 0.0050657314855351646
38 95 0.079989619301441481
38 96 -0.091203734848095311
38 97 -0.067080613427810049
38 98 0.021273712507500417
38 99 -0.045298507224545315
39 40 -0.046329643633209863
39 41 -0.00088356670049573999
39 42 0.043189212879277308
39 43 0.11933406654329939
39 44 -0.037028989347879508
39 45 -0.056106257374259186
39 46 0.020401956566612329
39 47 -0.12012333424344766
39 48 -0.11501364308422875
39 49 0.047252648630396688
39 50 -0.23286765829490086
39 51 -0.043487017514189097
39 52 0.11495038341691773
39 53 -0.08359874964739214
39 54 0.00996327840305955
39 55 -0.0035907133493403723
39 56 -0.00020937285069604135
39 57 0.06019652445067232
39 58 -0.012604186888119182
39 59 0.019425131016824554
39 60 -0.11816138191004669
39 61 -0.12582514629877228
39 62 0.10608721977440311
39 63 0.078843460723653544
39 64 -0.041858875754924502
39 65 -0.00378315173770182
39 66 0.028326592820749966
39 67 0.21469459996149204
39 68 0.030079329598893829
39 69 -0.015730895280175333
39 70 -0.026992450116850072
39 71 -0.094165055400891484
39 72 -0.061763081876161176
39 73 -0.023381746331721468
39 74 0.04806057296746695
39 75 -0.07470764787410708
39 76 -0.010944550552582512
39 77 0.057942093660949448
39 78 -0.063988294944543098
39 79 0.15940477216503909
39 80 0.17531951644585281
39 81 -0.12974904146394825
39 82 -0.0051993828866207861
39 83 -0.08527378672281101
39 84 -0.20981735724512618
39 85 0.10989710125169426
39 86 0.024250821551907081
39 87 0.043246841881942749
39 88 -0.11977500534683004
39 89 0.088220053082704655
39 90 -0.00017999091079193126
39 91 0.12853162002706162
39 92 -0.0092967585156065961
39 93 0.041383226195270975
39 94 0.057537422622587424
39 95 -0.01577181273856364
39 96 -0.038189163248677847
39 97 0.13350447568097909
39 98 0.058184710218327475
39 99 0.0075522475964888954
40 41 -0.11880472071015898
40 42 -0.024109089052506014
40 43 -0.12845039593783047
40 44 -0.041053804223797272
40 45 0.038470126134043249
40 46 0.0020183185635894601
40 47 0.084270340403419713
40 48 -0.057600180829517469
40 49 -0.031391378217228337
40 50 0.01255458622047044
40 51 -0.01709577016878544
40 52 0.069613304937575254
40 53 0.026217926004650605
40 54 -0.0033666805287332412
40 55 -0.14231654255292683
40 56 0.0015876325598584936
40 57 -0.17935568569265614
40 58 -0.062408869244918133
40 59 0.0262859936771902
40 60 -0.11910861410577223
40 61 -0.10066237440754103
40 62 -0.033177489056287819
40 63 -0.092429645295962495
40 64 -0.12211526801338396
40 65 0.053703699578400488
40 66 -0.17040181868493587
40 67 0.068776599603677588
40 68 0.10199444610543085
40 69 0.020077706490367633
40 70 -0.16196210905495054
40 71 -0.036458803663220685
40 72 -0.13998553339960329
40 73 -0.060518795253963246
40 74 0.071164950282626663
40 75 0.19691685886650551
40 76 -0.023433399319561003
40 77 0.021163477389866233
40 78 0.010668551159699051
40 79 0.024573423059812582
40 80 -0.036349203532372677
40 81 -0.06325343533164153
40 82 0.016151217769899685
40 83 -0.13850549562848766
40 84 0.11963894779438954
40 85 0.15492573916701446
40 86 0.13642910184496734
40 87 0.026679746847988947
40 88 0.086767037620159179
40 89 -0.0059175738614886441
40 90 -0.0076235297082089693
40 91 -0.018880071423421602
40 92 0.050261412311941756
40 93 -0.090372965938551236
40 94 -0.16945249753556793
40 95 -0.021828008644136952
40 96 0.040098032280337141
40 97 0.060320109999496441
40 98 0.027034020950792766
40 99 -0.0082001600903057956
41 42 0.073052099515546046
41 43 0.037257702247051931
41 44 0.093663869479142639
41 45 -0.11973294423831432
41 46 -0.045796372132039215
41 47 -0.15372938669351602
41 48 -0.062358426176011117
41 49 -0.214989733323245
41 50 0.10922254305924128
41 51 0.13121905583427099
41 52 0.066715032812275574
41 53 -0.11718784837555457
41 54 0.070857190149140242
41 55 -0.071927689877817488
41 56 0.054625227369624642
41 57 -0.044459306773003783
41 58 0.054632447723869076
41 59 0.057588004533203709
41 60 -0.22050743806634665
41 61 -0.15754159699610235
41 62 -0.17894278491417748
41 63 0.011114853319203697
41 64 0.014647161800364437
41 65 0.018196820251786882
41 66 0.18651912192294159
41 67 -0.079947958885584924
41 68 -0.030674094501608462
41 69 0.026497751049899931
41 70 -0.078655390507623657
41 71 -0.008114160483786723
41 72 -0.022608595558198271
41 73 -0.01053795164254797
41 74 -0.059399219333793468
41 75 0.12858657897850392
41 76 -0.010249226536098202
41 77 0.10656783461582719
41 78 0.014424008364298017
41 79 0.010203016973401542
41 80 -0.13615665725668946
41 81 -0.17018431454990068
41 82 -0.039120830711752749
41 83 -0.12514023890709308
41 84 -0.0069182098405145736
41 85 0.086669682294818362
41 86 -0.13623739775157312
41 87 -0.023523779276788667
41 88 -0.013858034092697986
41 89 0.036383570667705721
41 90 0.086171832545610644
41 91 -0.086900836153772726
41 92 0.11167910847453516
41 93 0.28612662106840714
41 94 0.18568481123866296
41 95 0.12219240770492251
41 96 -0.13841612082834351
41 97 -0.036014069342230351
41 98 0.0015987462407165776
41 99 0.029126384732319811
42 43 -0.043515595528039241
42 44 0.19008919317937817
42 45 -0.0042198604347821753
42 46 0.1079819577754573
42 47 0.0015411104772025447
42 48 -0.069326017903644926
42 49 -0.08369045616633769
42 50 0.12463743890754271
42 51 0.11427435039569721
42 52 -0.082836626543431296
42 53 0.012496717361569555
42 54 0.057765749170540906
42 55 0.040715522927892274
42 56 0.12784775270600679
42 57 -0.08566173802292984
42 58 -0.07747523497881921
42 59 -0.15545049770638056
42 60 0.00019308661378701045
42 61 -0.072701625833634528
42 62 -0.070239340515008297
42 63 -0.083223900358748076
42 64 -0.014780567229475808
42 65 -0.16254504097786859
42 66 0.050471005849808438
42 67 0.019196859323567871
42 68 -0.10737524953088867
42 69 -0.12496307549221614
42 70 -0.024090818105450065
42 71 0.082113538243313078
42 72 0.10792884930811585
42 73 -0.053672941616828077
42 74 0.095049386339893627
42 75 0.096541829832535134
42 76 -0.11912536817514696
42 77 -0.0097589352912885348
42 78 0.012798870043728316
42 79 0.10999447184766803
42 80 0.10391537166954584
42 81 -0.032232168475273257
42 82 -0.13020963297880922
42 83 -0.00097054763031310422
42 84 -0.12153502243951758
42 85 0.13004364981296812
42 86 -0.21555066124773348
42 87 -0.18991664174313419
42 88 0.0090819577258114195
42 89 -0.04613667948143757
42 90 0.096435047001212526
42 91 -0.098394990758116016
42 92 0.044838315895434855
42 93 -0.05679916669848202
42 94 0.0053779801337595495
42 95 0.041264193981382952
42 96 -0.1287171359373501
42 97 -0.086456776136270508
42 98 -0.034184741233763638
42 99 -0.095024902912828696
43 44 0.032414791757831012
43 45 0.00073012160997205054
43 46 0.13537883032653558
43 47 -0.087429781022547517
43 48 -0.00084356405806628007
43 49 0.15958734229947585
43 50 0.027555450027559426
43 51 -0.1292160517116438
43 52 0.10992811068082109
43 53 -0.070060688170498125
43 54 0.051962602707507077
43 55 -0.1175943273350385
43 56 0.042055085117984496
43 57 0.034113912634323555
43 58 0.087828566708794867
43 59 0.099150546904684292
43 60 -0.10674107566487617
43 61 -0.086289959609531508
43 62 0.17988631816646994
43 63 -0.041423304954891729
43 64 -0.10319843642188997
43 65 0.070008668057418469
43 66 0.039824581865974824
43 67 -0.15129965309018495
43 68 0.158567420787528
43 69 -0.055711727545458327
43 70 -0.082114133746880549
43 71 -0.18980948822893834
43 72 -0.018702918127420264
43 73 0.099922846281930877
43 74 0.1238284181221227
43 75 -0.09383699783199223
43 76 0.031800037271738968
43 77 0.071762275377884432
43 78 -0.064993615176852773
43 79 0.14823369785154233
43 80 0.11325655899955121
43 81 -0.097932805359608854
43 82 0.061621888538478643
43 83 0.024421748565652681
43 84 -0.039097633116650758
43 85 -0.26548467699712702
43 86 0.096612408373310532
43 87 -0.18279769030846937
43 88 0.035073746701689994
43 89 -0.081233365530183413
43 90 -0.079684427301017019
43 91 -0.16438328545687586
43 92 -0.064416948440842989
43 93 0.14221864504905193
43 94 0.010520060763061917
43 95 0.080551611043003554
43 96 0.037380800247727788
43 97 -0.015331652026529585
43 98 -0.071621087183480939
43 99 -0.064410704887625236
44 45 -0.1045370027068034
44 46 -0.11908894928778567
44 47 -0.0079539090740316631
44 48 0.025192820609251633
44 49 0.14312930061348011
44 50 -0.025321461634399686
44 51 -0.17122083252805667
44 52 0.0070396938814687162
44 53 0.047573833915177804
44 54 0.067416184661940645
44 55 -0.029185830633321377
44 56 -0.0059969556449612901
44 57 0.02449232223744844
44 58 0.005184995418397691
44 59 0.091047277470776511
44 60 -0.028639138714815972
44 61 0.087780380265544383
44 62 0.17146416193031677
44 63 -0.013867738881901551
44 64 -0.075771862307629043
44 65 -0.021953466727403941
44 66 -0.07893346638557977
44 67 0.049768715822972986
44 68 -0.061158524615787482
44 69 0.15322607942853414
44 70 -0.061791281838792324
44 71 0.053926693126552384
44 72 -0.056573781871179257
44 73 0.015845232674985634
44 74 0.12131063173365747
44 75 -0.078640806249585679
44 76 0.039966459548642447
44 77 0.11352765182241227
44 78 -0.052356503869235071
44 79 0.27911940238240224
44 80 -0.10299823668621044
44 81 -0.047762541634092853
44 82 -0.021440259188478198
44 83 -0.12531129965236285
44 84 0.14720429904094834
44 85 -0.044842945831467182
44 86 -0.047583291717129515
44 87 -0.11765659167139178
44 88 -0.047287822721712378
44 89 0.09449629168963837
44 90 -0.021424342888311149
44 91 -0.05582186147628157
44 92 -0.090662062960961118
44 93 0.046942690635984524
44 94 0.035686252620107703
44 95 0.14904555867310917
44 96 0.085705744430605968
44 97 0.13245791470377086
44 98 -0.054904194120760856
44 99 -0.075924863574714549
45 46 0.18127465671943666
45 47 0.039503703200245911
45 48 0.035963159703042237
45 49 -0.06957335498982968
45 50 -0.085721829384100681
45 51 -0.16231825065339225
45 52 -0.010002624084298667
45 53 0.0098555930368360752
45 54 0.093262489697896356
45 55 -0.12793258823545392
45 56 -0.10635544585037611
45 57 -0.010341271518437403
45 58 0.17004357955005478
45 59 0.027009480036891451
45 60 -0.12823267251785062
45 61 -0.020864186728252757
45 62 -0.050654813138324643
45 63 0.025848492212136628
45 64 0.115224407861446
45 65 -0.057406344697124412
45 66 0.056435454059763114
45 67 -0.11321269879948744
45 68 0.02364501633166935
45 69 -0.00278099349796148
45 70 0.04942020037476913
45 71 -0.13713574377402193
45 72 -0.093810948484717646
45 73 -0.089265618743625486
45 74 -0.023604848520425829
45 75 -0.0043576671697201832
45 76 0.023988539259806412
45 77 0.077994864307078457
45 78 -0.11343783555600891
45 79 0.0087816667947871723
45 80 0.13671124487605676
45 81 0.051709055779633785
45 82 0.0033346123749223421
45 83 -0.13206800490007747
45 84 0.12878325000403676
45 85 -0.062155005491040007
45 86 -0.082835140899351165
45 87 -0.029293367133842618
45 88 0.19157926092727312
45 89 0.029237233779705926
45 90 0.14556269881637798
45 91 0.098908314388903101
45 92 -0.0096915380951353124
45 93 -0.035212634123876908
45 94 0.092957024884474826
45 95 -0.027925222421784163
45 96 0.06353832978992606
45 97 0.15182105325944806
45 98 -0.013315557696731668
45 99 -0.029653488281547652
46 47 -0.029387109071136938
46 48 0.090838182516281452
46 49 0.064552978993634477
46 50 -0.25734750421829061
46 51 0.012933342534188562
46 52 -0.01328167660652501
46 53 -0.025505363382000663
46 54 0.0073556341960525741
46 55 0.13567423877044474
46 56 -0.027482059651690691
46 57 0.21889252994107783
46 58 -0.032511414860939107
46 59 0.19454692642730748
46 60 0.062612950138403761
46 61 0.041878666583957502
46 62 0.14877502846880372
46 63 -0.06608619604192327
46 64 0.080667184441946788
46 65 -0.025388609612343484
46 66 -0.001277247794850782
46 67 -0.026024333855662853
46 68 0.073338886476839837
46 69 -0.017860895875949964
46 70 -0.15003040231975956
46 71 -0.14839856340604948
46 72 -0.088964861554342828
46 73 0.12441854694674007
46 74 0.12264419184887781
46 75 0.16412201389003794
46 76 0.070288476009918485
46 77 -0.00091427719586934973
46 78 0.13589957788478887
46 79 0.13069460744511219
46 80 0.016707984232185211
46 81 0.018056357240014493
46 82 -0.0070535849263409917
46 83 0.21459049078912229
46 84 -0.086511926104654469
46 85 0.054818224582519684
46 86 -0.027874166728196922
46 87 -0.22689428607789031
46 88 0.019089261154036835
46 89 -0.12715343097532511
46 90 0.031747660438171552
46 91 -0.040264382080123597
46 92 -0.040710772308406161
46 93 -0.21518734510327417
46 94 -0.088606498169873774
46 95 -0.17834464181509821
46 96 -0.061301972942644702
46 97 -0.24431816855027738
46 98 0.0054436578075244216
46 99 0.095378517986954459
47 48 -0.017017586388567516
47 49 0.25106062234901988
47 50 -0.17665364498115629
47 51 0.10798558037312123
47 52 0.037198385844908061
47 53 0.0041583162384661344
47 54 0.073126135442530507
47 55 0.019062300980515468
47 56 -0.17608003655249049
47 57 -0.076663933008462359
47 58 0.16111111085165986
47 59 -0.11203219696539152
47 60 0.11434761057589138
47 61 0.018119527513460833
47 62 -0.091471008085381972
47 63 -0.15068023150024371
47 64 0.046934295072198588
47 65 -0.061761454107814279
47 66 0.039225434100476464
47 67 -0.022431509352541762
47 68 -0.14966675404092958
47 69 0.040715652516516418
47 70 -0.068390647340778585
47 71 -0.10577845434305451
47 72 0.051383846914872244
47 73 0.065929218657821684
47 74 -0.032362130537541604
47 75 -0.13185816264195724
47 76 0.071961166252651032
47 77 -0.066730491146760301
47 78 0.046796415349242136
47 79 -0.060725716252540973
47 80 -0.096973055309923395
47 81 -0.032837777950339868
47 82 -0.037575277296776212
47 83 0.059676138628954635
47 84 -0.031612827239370755
47 85 -0.006892389687463989
47 86 0.11702997499748582
47 87 -0.14555742198691754
47 88 0.074618741356645729
47 89 0.04291359070170804
47 90 -0.013052734842530528
47 91 0.02824062729936748
47 92 0.060555687942584702
47 93 -0.10698879006153866
47 94 -0.14789055451752461
47 95 0.056947926493700979
47 96 -0.23099283461948975
47 97 -0.03116015497993371
47 98 0.0063472434888773056
47 99 -0.018747642963888863
48 49 0.11626909781091599
48 50 0.15514873350997199
48 51 0.021244754693357074
48 52 -0.094630819744663586
48 53 0.051325244761417747
48 54 -0.0096821215837542812
48 55 -0.11021191663455127
48 56 0.082064819729750757
48 57 -0.016015503052090069
48 58 -0.10638131636121465
48 59 -0.26760519647568193
48 60 -0.089212442345965703
48 61 -0.049626542387944096
48 62 0.018216958343555734
48 63 -0.011174584651589124
48 64 0.018596520618205693
48 65 -0.093953217639871939
48 66 0.17168906154450111
48 67 0.024769065651779307
48 68 -0.095524101378914747
48 69 0.084879175557166009
48 70 -0.021599634191223654
48 71 0.14337166497075488
48 72 -0.045571223674167119
48 73 0.032115480168498932
48 74 0.19229371326864508
48 75 0.19881695946822139
48 76 -0.023751261145185224
48 77 0.1152685165096425
48 78 -0.25229449240600643
48 79 0.027822289528271333
48 80 -0.032067025676501978
48 81 -0.19083995696424363
48 82 0.029695197992952928
48 83 -0.022912684665691838
48 84 0.21034136432020623
48 85 0.024262635632618997
48 86 0.21897609338823398
48 87 0.041880558020223446
48 88 0.042404895234701874
48 89 -0.14633402018857633
48 90 -0.079433062657951595
48 91 0.027840251325449896
48 92 0.043982889534765535
48 93 -0.075529580936751245
48 94 -0.037456108574433225
48 95 -0.041622037653631795
48 96 -0.047564228264884822
48 97 0.069376459892341077
48 98 -0.014881389672158679
48 99 -0.072983933575811052
49 50 0.10409648512275863
49 51 -0.031860857517684957
49 52 -0.062127373045601321
49 53 -0.35933796208420865
49 54 -0.09814727288838071
49 55 0.062970537906343202
49 56 0.22313100509205844
49 57 0.1018056371272317
49 58 -0.025785420873577498
49 59 0.053768658672889991
49 60 0.04417742189132616
49 61 -0.014658162067585493
49 62 0.023208838494496307
49 63 0.17705547767612995
49 64 0.19659956475831553
49 65 0.064003461329283182
49 66 -0.037008347164062351
49 67 0.077561803902977705
49 68 0.10033712823358665
49 69 0.068689346535103821
49 70 -0.046202190733560744
49 71 -0.056731799698855313
49 72 0.070397735492540789
49 73 -0.021832543970131138
49 74 0.085520332918828504
49 75 0.11600898634663613
49 76 -0.019045389655112797
49 77 -0.02931312438576858
49 78 -0.0071983705970268281
49 79 -0.095205931776364536
49 80 0.092750432714309827
49 81 0.024840568239629133
49 82 -0.094306391355560848
49 83 0.098356374180716202
49 84 0.10444494009843508
49 85 -0.10779766535903752
49 86 -0.072057379206320479
49 87 0.1283803054161779
49 88 0.087049242199543186
49 89 0.0047450206049287277
49 90 0.0076846153102329206
49 91 -0.062561450761974488
49 92 0.00052756121165137661
49 93 0.056550349969147963
49 94 -0.062965324812305185
49 95 -0.083749289407153135
49 96 -0.064708322979534633
49 97 -0.10522365518044596
49 98 -0.072593056281403431
49 99 0.066110153170672342
50 51 -0.066946500352518437
50 52 0.11596084806734733
50 53 -0.055350376453875784
50 54 0.022847703626320326
50 55 0.01805515236291616
50 56 0.058040823050684892
50 57 -0.22542840607329159
50 58 -0.0034544304886306243
50 59 0.072689663596348972
50 60 -0.027506283614096284
50 61 -0.069177109338335846
50 62 -0.21566097502594994
50 63 -0.089428634124183226
50 64 0.11282017363831068
50 65 -0.020647585637842227
50 66 0.1062471631713664
50 67 -0.091255866366371119
50 68 -0.24752392002655479
50 69 0.0039028448747091974
50 70 -0.27843934985819968
50 71 -0.12678158118570801
50 72 -0.14682647313065361
50 73 0.066742211104756421
50 74 -0.042260696066035941
50 75 7.3250425694747537e-05
50 76 0.012108296961339082
50 77 -0.10145534564083894
50 78 0.044491162331862566
50 79 -0.056079822281306028
50 80 0.03280435093560994
50 81 -0.018430274785891848
50 82 -0.087961061149151795
50 83 0.23863946399203526
50 84 -0.054994665451350067
50 85 -0.011460444576035105
50 86 -0.017418057418295239
50 87 0.011928930545663435
50 88 0.17831681071875954
50 89 0.050201692845132831
50 90 -0.018899283245271434
50 91 0.18696309585102541
50 92 0.095372230456317306
50 93 -0.10506631818230777
50 94 0.16003267070956692
50 95 0.064823907526271082
50 96 0.0038589286952522106
50 97 -0.13935014818269523
50 98 -0.048678740003519058
50 99 -0.10408251904862605
51 52 0.039627179278169104
51 53 0.16263323806631358
51 54 0.11406608694464143
51 55 0.1060384716265803
51 56 0.060130304981650506
51 57 -0.1912637123217715
51 58 0.27621465026564418
51 59 0.13085368387300791
51 60 0.018359998910877189
51 61 0.071524347433986488
51 62 -0.095394327416466473
51 63 -0.22108939416391668
51 64 0.024497962432025715
51 65 -0.0016571650717901384
51 66 -0.0078884845285186536
51 67 0.032800709453122905
51 68 0.057592444130919324
51 69 -0.037737485771184694
51 70 0.056617476100904077
51 71 0.064429767891934678
51 72 0.11460066840184145
51 73 -0.032631644097711389
51 74 -0.088336995518217651
51 75 -0.03364261180087081
51 76 -0.13623304862725891
51 77 0.13986319681799761
51 78 -0.098864969971490135
51 79 -0.0072785908471563882
51 80 0.067496886564661296
51 81 -0.043805576726203686
51 82 0.0064443415633933764
51 83 0.030858910747116032
51 84 0.27085188522263998
51 85 0.037474869339769741
51 86 0.0031958276074965583
51 87 0.10744187777437948
51 88 -0.029514699296508989
51 89 -0.014574713717426406
51 90 -0.06484349435747469
51 91 -0.038266389735708034
51 92 0.029309253692697265
51 93 -0.11657239018869088
51 94 0.12798872812049963
51 95 0.027941822259193436
51 96 -0.048291247004779506
51 97 0.1213414579270552
51 98 -0.023999278910905874
51 99 -0.055433436623495994
52 53 0.0088546686347687094
52 54 0.057113242470840125
52 55 0.060415791963038402
52 56 -0.038828426158759984
52 57 0.0071085152253714291
52 58 0.0063248032548195582
52 59 -0.081499991764319879
52 60 0.0069963183334157885
52 61 0.11114733225402901
52 62 -0.058267874246440102
52 63 0.016614953532366201
52 64 0.14915500276870092
52 65 0.054078846089149403
52 66 -0.081411886115081419
52 67 0.011910125341393622
52 68 0.094278490944155566
52 69 -0.13841437757104755
52 70 -0.032171747368989499
52 71 -0.026662106579557362
52 72 -0.25552184511786397
52 73 0.050499882309334936
52 74 -0.088338452242601631
52 75 0.015105737493670569
52 76 0.0563644164051905
52 77 -0.16383764023415306
52 78 -0.078378355562366539
52 79 0.055998349330774404
52 80 -0.077959057758894446
52 81 0.0072324605125961275
52 82 -0.079895392511934754
52 83 -0.029041238328879733
52 84 0.23973705242133891
52 85 -0.007041582933884797
52 86 0.020482904532831137
52 87 -0.05519544252039247
52 88 -0.098612764129591454
52 89 0.0980191868552477
52 90 -0.0026627601075365557
52 91 0.17681983639489796
52 92 -0.031421551652980592
52 93 0.064104288803932138
52 94 -0.028143689847915279
52 95 0.042355678864947982
52 96 -0.047158291603621477
52 97 0.041011438809404922
52 98 0.086687779428068185
52 99 0.10904548454153787
53 54 0.060635606844439943
53 55 0.17108443077133501
53 56 -0.0052732884081767182
53 57 0.11838821000337026
53 58 0.018254792932319585
53 59 0.0098068324340141316
53 60 -0.088803058578085237
53 61 -0.03195211845972927
53 62 -0.033937145573064535
53 63 -0.052454261198274392
53 64 0.17386570812295218
53 65 0.21617524584044695
53 66 -0.041326539763094527
53 67 0.092881445697598819
53 68 0.077420690046535096
53 69 -0.096293095181069946
53 70 0.19004516260169335
53 71 -0.032644303362931719
53 72 -0.10811640342888461
53 73 -0.096527903871340623
53 74 0.1114191941932921
53 75 -0.0636811816938984
53 76 0.07113265971756931
53 77 0.099328175759959669
53 78 -0.17044516868224219
53 79 0.11090287834987847
53 80 -0.1335839324386236
53 81 -0.00048922676448760077
53 82 0.0087616831040886935
53 83 0.02189753434558693
53 84 -0.032315275421717131
53 85 0.0023079916936390248
53 86 0.22308072943548418
53 87 -0.081755355940703392
53 88 0.20256812291524118
53 89 0.067849417353063504
53 90 0.012811749984762331
53 91 0.18142025103854584
53 92 -0.00072397776646191975
53 93 0.041047367104091147
53 94 0.069481304804960065
53 95 -0.14844478119246884
53 96 -0.023864486034469903
53 97 0.13663885705080386
53 98 -0.09186835685442557
53 99 -0.0094932944244002001
54 55 0.13437908788628947
54 56 -0.049263239173173004
54 57 0.073290778314920577
54 58 -0.15015843202132925
54 59 0.03574578837106409
54 60 0.073450429989928734
54 61 -0.19252168162810102
54 62 -0.04946588707383922
54 63 -0.077893950907110904
54 64 -0.07535001040863025
54 65 -0.021397152050187093
54 66 0.18250154618812744
54 67 -0.028260644033078659
54 68 0.036198343504670459
54 69 0.0019780218565976218
54 70 0.027966749240621421
54 71 -0.062142786976654873
54 72 -0.048213358937071772
54 73 -0.06223510549659516
54 74 -0.12155011217762167
54 75 0.27371976997756792
54 76 0.093539572439446939
54 77 0.079228799387681015
54 78 -0.019396672622368077
54 79 -0.032045126122599431
54 80 0.018904302170060925
54 81 0.043658131508906517
54 82 0.012213925810832971
54 83 -0.097942024682237006
54 84 0.15971348514815675
54 85 -0.16966798498091706
54 86 0.30385809955275994
54 87 0.1792159542704275
54 88 0.048117993221007446
54 89 0.10310865372734579
54 90 -0.061366041344568335
54 91 0.13548771287177883
54 92 -0.012038512375219553
54 93 -0.029666751171075485
54 94 -0.13465346352548804
54 95 0.04160518070431686
54 96 0.18894493030929305
54 97 -0.11607862605203756
54 98 0.15944135774535773
54 99 0.16233550328233037
55 56 0.17082349192957538
55 57 0.030927214171029449
55 58 -0.087744380837855768
55 59 0.00058976003593069369
55 60 -0.019955025936663016
55 61 -0.10735991963413119
55 62 0.027795856960814116
55 63 0.038002849105613079
55 64 -0.073981313428134618
55 65 -0.027017275620582107
55 66 0.020723083223227967
55 67 -0.11376539014073075
55 68 0.057982043793945517
55 69 0.11907014959155429
55 70 -0.0073582015874544314
55 71 0.069622026200541615
55 72 0.12026812243066715
55 73 -0.0076614371285164164
55 74 -0.055208913029891185
55 75 0.0099574193544506358
55 76 -0.029818875001235486
55 77 -0.09825524457866662
55 78 -0.022549635657780689
55 79 0.097733577073855521
55 80 0.069054444087017927
55 81 0.06668510497566979
55 82 -0.034214514545131677
55 83 0.014909978351858588
55 84 -0.017397037062766667
55 85 -0.0048853405509752708
55 86 0.02439172008476162
55 87 -0.08973903422694629
55 88 -0.041810896993697007
55 89 -0.014800097233756405
55 90 -0.056938099906220722
55 91 -0.0049221626506179622
55 92 -0.023419977304339951
55 93 0.27986101093860077
55 94 0.029415545699098933
55 95 0.10329270354661542
55 96 0.0073525252325954389
55 97 -0.026128315816440918
55 98 -0.043412781082042856
55 99 -0.00066939123721717546
56 57 0.02381160961899597
56 58 0.00019955931517047834
56 59 -0.048905394103862507
56 60 0.098499546661144799
56 61 -0.10845150391202724
56 62 -0.21686008059902784
56 63 0.0089680811521542416
56 64 0.11803523361970084
56 65 0.018001820170616863
56 66 0.07251006105759486
56 67 -0.1625476057312254
56 68 0.077066605287352402
56 69 -0.021829909991737048
56 70 -0.15870274137008072
56 71 -0.11306525159156736
56 72 0.01890925199203829
56 73 0.052394458053139206
56 74 -0.15580001126050047
56 75 0.086596723819456045
56 76 0.09183706242752504
56 77 0.013461466699722317
56 78 0.0019098567807388845
56 79 0.0003768269088414418
56 80 0.038374518978542257
56 81 0.1047418613891879
56 82 0.025610944088094389
56 83 0.14312189064017011
56 84 0.043680675525119159
56 85 0.11642353458194843
56 86 0.15673518527561453
56 87 0.034221062738382928
56 88 -0.042216542794024377
56 89 -0.030277716340205069
56 90 0.039652123841001134
56 91 -0.056149728541763866
56 92 0.0063015643349936014
56 93 -0.10141131732108016
56 94 0.031523214177216034
56 95 0.19022543156775612
56 96 0.022128943337534637
56 97 -0.1259928490321173
56 98 0.10486977572477596
56 99 -0.17789937260818878
57 58 -0.12046886384403482
57 59 0.0058156974803038816
57 60 0.00081805526714837399
57 61 -0.0014262816347960401
57 62 -0.024683098571402107
57 63 -0.050245042498933849
57 64 0.11256688148891519
57 65 0.17535794050645734
57 66 0.06461778221228591
57 67 -0.1197099656261198
57 68 -0.13350512917211987
57 69 -0.16364507597910743
57 70 -0.1114357688860752
57 71 0.0021198490598766679
57 72 -0.02171776535736597
57 73 0.07950398492934789
57 74 -0.10518265218089594
57 75 0.12064313943852441
57 76 0.11008209803080322
57 77 0.11897255204378838
57 78 0.092805360752577573
57 79 -0.025541247764829713
57 80 -0.019323815264876514
57 81 -0.003702317430470991
57 82 0.079312750209330013
57 83 0.0018848073398341882
57 84 -0.10607956886878388
57 85 -0.046327367449267298
57 86 -0.03874351734819053
57 87 0.14124266366591548
57 88 -0.29316942670398549
57 89 -0.076641320336513524
57 90 0.0295612912949486
57 91 -0.14191282146326814
57 92 0.11982642541164101
57 93 0.031303988705495674
57 94 0.081410085946184124
57 95 0.096766545271153623
57 96 -0.010127943448636585
57 97 0.045889307067635061
57 98 0.030395013531508752
57 99 0.010210183087276137
58 59 -0.015332159934936519
58 60 -0.1010697083914695
58 61 0.022644567605229104
58 62 -0.12358159201856798
58 63 -0.022849759998059993
58 64 0.012556285095439924
58 65 -0.06299064636886989
58 66 -0.16351358404324701
58 67 -0.10551161727640493
58 68 -0.11576997052655358
58 69 0.226269083061064
58 70 -0.17841288598821153
58 71 0.073908518376407981
58 72 -0.10379233968700599
58 73 -0.19189169941733661
58 74 0.020339329317995938
58 75 -0.039648229387577193
58 76 0.17996327244193994
58 77 0.025400059185098873
58 78 -0.055694713250359122
58 79 -0.0088589802526708727
58 80 0.075070039566845354
58 81 0.10711565368249132
58 82 -0.082408616873645549
58 83 0.18165802184796975
58 84 0.11167566797835655
58 85 0.043109050564208808
58 86 -0.047423456498378619
58 87 -0.046450902260472576
58 88 0.05669644250781241
58 89 -0.10249997710914759
58 90 -0.07258704688127661
58 91 -0.0015390739276473974
58 92 0.037143899995591062
58 93 -0.025500174920501786
58 94 0.03955762710680856
58 95 0.15711737622705835
58 96 -0.012636844702145784
58 97 -0.046230798058336284
58 98 -0.11436294882921416
58 99 -0.033284080825187155
59 60 0.026262102651782571
59 61 0.094620956389964705
59 62 -0.093861592398953489
59 63 -0.031873264821119046
59 64 -0.077405008563394051
59 65 0.078437712765433931
59 66 -0.047737881705043277
59 67 0.10371991721616186
59 68 0.087749176941272336
59 69 -0.013376216798665082
59 70 -0.078180491888793488
59 71 0.028018005981564009
59 72 0.090590367825285303
59 73 0.093536348065147157
59 74 0.00085619473260801495
59 75 0.071747741449224925
59 76 -0.038044463149270624
59 77 0.085709088461495844
59 78 0.082046390264834887
59 79 0.0007116198159548957
59 80 0.080334260576868821
59 81 -0.22071596293661724
59 82 -0.073138770485693547
59 83 -0.089976078506534413
59 84 0.10510407582574284
59 85 0.058071234795804061
59 86 -0.11995640020117807
59 87 0.036930644886449232
59 88 0.10050952804663159
59 89 0.044239877574997574
59 90 -0.003408400240678758
59 91 -0.045668210449653669
59 92 -0.18022620205830545
59 93 -0.10073978967542152
59 94 -0.12687047201281315
59 95 0.26042208838992503
59 96 0.20080816890821762
59 97 -0.093222778512369431
59 98 0.022365605279732786
59 99 0.12855942578240728
60 61 -0.089196759552469224
60 62 0.12560330257991301
60 63 -0.046738277957476294
60 64 -0.14715370602287856
60 65 -0.1394786544221924
60 66 -0.041457594623437857
60 67 0.048710157749549891
60 68 -0.02536422619883005
60 69 -0.074854915704995459
60 70 -0.13037847241286979
60 71 -0.04374590178974027
60 72 0.14251417716453371
60 73 -0.1168604854584166
60 74 0.032674930957958578
60 75 0.12250128169850819
60 76 -0.008687577308124526
60 77 0.067609252485455809
60 78 -0.11581188444395124
60 79 -0.014906212995181512
60 80 -0.056418408682711169
60 81 -0.098985783723891441
60 82 0.00046229283977746626
60 83 -0.0082173616490781084
60 84 0.099171180885585672
60 85 -0.03298796515873325
60 86 -0.059195950737730069
60 87 0.016430480000035056
60 88 0.076269515838624596
60 89 -0.08327197601584585
60 90 0.14730870708415797
60 91 -0.10362772227767239
60 92 -0.11795623790655257
60 93 -0.15508293955316552
60 94 0.1489132325416356
60 95 0.12153540311614573
60 96 0.19039842754590855
60 97 -0.054683725868150901
60 98 0.029362101738506854
60 99 0.090894981965021424
61 62 -0.042381011279963174
61 63 0.0067448779237413298
61 64 -0.09513389864972642
61 65 0.12260700613904588
61 66 -0.011095278966433943
61 67 0.17979532220998465
61 68 -0.078300927686089955
61 69 -0.045438326200396534
61 70 0.07247050334069928
61 71 0.14069459157528602
61 72 -0.032396206043672604
61 73 0.035264650870555761
61 74 0.23730850024732134
61 75 0.035052927048926985
61 76 -0.13025910275395644
61 77 0.042466708863631304
61 78 0.098227925090334206
61 79 -0.13645374885225689
61 80 -0.081942709096671021
61 81 0.0055546727707359387
61 82 -0.11241083594032333
61 83 0.034238215062988853
61 84 -0.090514708806179511
61 85 -0.052957551535623329
61 86 0.0063871595812610878
61 87 0.0064345676030350789
61 88 -0.074034414115327449
61 89 0.074883396384814102
61 90 0.14936071500752979
61 91 -0.050571469993869272
61 92 0.10703185268638971
61 93 0.17168658081575502
61 94 0.15218652414049694
61 95 0.02073457333304804
61 96 -0.0428973767398046
61 97 -0.033104549921976027
61 98 -0.0061384452573336719
61 99 0.096356342862819744
62 63 0.040709469770648349
62 64 0.0073595618007450351
62 65 0.066629372877362314
62 66 0.04431439339565052
62 67 0.16356406206388252
62 68 -0.03220715055891319
62 69 -0.12023278274232321
62 70 -0.042924873431755203
62 71 0.061249784129800068
62 72 -0.028156312932367058
62 73 0.0075880053362188688
62 74 0.017419921883379281
62 75 -0.017076330286639723
62 76 -0.10760859157748925
62 77 0.21305309009055229
62 78 -0.0056881123535033164
62 79 0.12906514825871224
62 80 0.025790203752901249
62 81 0.12648464396465367
62 82 0.012187095537486954
62 83 0.00046496474376019645
62 84 0.083018534965295557
62 85 -0.049826644910719232
62 86 -0.042644778790748364
62 87 -0.038210513989982431
62 88 0.049322789027138658
62 89 -0.037389908146188595
62 90 -0.041000642655759909
62 91 0.034857866790151869
62 92 -0.071020481049555245
62 93 0.016214929611051237
62 94 -0.0088322178850520506
62 95 0.11640110215359192
62 96 0.053831455940739459
62 97 0.0051317379655421219
62 98 0.080234320381910917
62 99 0.035735712602847268
63 64 0.059918231283094162
63 65 0.16310425502866654
63 66 0.032116659296092052
63 67 0.010755957405244427
63 68 0.18215923083270283
63 69 0.028093622504205863
63 70 0.11789082550878904
63 71 0.06864683900941769
63 72 -0.0041635276700653151
63 73 0.011711393805673948
63 74 0.0015567762609918043
63 75 0.15074234827579777
63 76 0.061532951091081714
63 77 0.0049536163863149298
63 78 0.36014630253142194
63 79 0.13551562217571958
63 80 0.026888117948605173
63 81 0.055840909118084953
63 82 0.033638706095718514
63 83 0.13891605881420191
63 84 -0.098368247465586617
63 85 0.12387705056123044
63 86 -0.027124625318577102
63 87 0.0035301313888716126
63 88 0.1974412064958615
63 89 0.011578870142632928
63 90 0.14649450481245785
63 91 -0.032962643050598636
63 92 0.003844035635960346
63 93 -0.046497478586555348
63 94 0.10897289354809635
63 95 0.021088602386680928
63 96 0.0068583300848174952
63 97 0.052582986401449129
63 98 0.073408531305567709
63 99 0.087382262505637548
64 65 -0.018572747079432909
64 66 0.091226127836363247
64 67 -0.048948196319334891
64 68 -0.034951833475995314
64 69 -0.10919666250263921
64 70 -0.16584069317747999
64 71 -0.071135992458712341
64 72 0.054510636041110574
64 73 -0.080008635170368381
64 74 0.038927075316787053
64 75 -0.0097051317611765737
64 76 0.011770475008514435
64 77 -0.030505733272008857
64 78 0.11328981820174629
64 79 -0.080421619743860195
64 80 0.11753714141300382
64 81 -0.21134884260000356
64 82 0.020278295591265635
64 83 -0.067428854189899967
64 84 -0.1424698831580819
64 85 -0.11612107995490478
64 86 0.1769693158369115
64 87 -0.17156280341627497
64 88 0.034995058759834448
64 89 0.15213451183324939
64 90 0.1558566507125049
64 91 -0.19664743863187317
64 92 0.20953562089816177
64 93 -0.3032329862097799
64 94 -0.24586359300041438
64 95 -0.044396182016150677
64 96 -0.13624214674697108
64 97 0.035178881012563855
64 98 -0.073425382834117578
64 99 0.0021960071182595452
65 66 -0.14351472189930647
65 67 0.15172102063892953
65 68 -0.0033035587348307412
65 69 -0.11789788222750928
65 70 -0.025612342033441694
65 71 0.031976753557778563
65 72 -0.027293222390421236
65 73 0.27718184841437687
65 74 0.023562736578038507
65 75 0.0070502265157033981
65 76 0.0010130825088157955
65 77 0.15694894185232655
65 78 -0.070323478599642733
65 79 0.0042467168795603336
65 80 0.070341879001534435
65 81 0.048219953897467555
65 82 0.045077170215895586
65 83 -0.040242419728994776
65 84 -0.10303405819339229
65 85 0.17696495839669113
65 86 0.064151445888841363
65 87 0.017162132105928478
65 88 0.1056738286387946
65 89 -0.12394943685946445
65 90 0.085370934264093978
65 91 -0.0062740639257955243
65 92 0.052567156974706736
65 93 0.19784283986730852
65 94 0.051406034767422774
65 95 -0.12728650528021376
65 96 -0.1173630358962466
65 97 -0.024049839902484445
65 98 0.14451333081799564
65 99 -0.016466691297400686
66 67 -0.005621018829958066
66 68 0.12986314356297066
66 69 -0.12797646820837213
66 70 -0.03096264461282552
66 71 -0.11728287882108168
66 72 0.16694571646291981
66 73 -0.0098902326707880853
66 74 -0.0052190068578253611
66 75 0.0064769627948734511
66 76 0.10661491331733075
66 77 0.029963436218932129
66 78 0.16139085357762126
66 79 -0.096147126345894882
66 80 -0.10171526071131863
66 81 -0.01035509075822859
66 82 0.14011012251969918
66 83 -0.061277418960727151
66 84 0.17777955884760147
66 85 0.16567220389815843
66 86 0.029141042450162236
66 87 0.036362717509638098
66 88 -0.015692358772911707
66 89 0.0122245986392483
66 90 0.023628499338684637
66 91 0.032626898073386888
66 92 0.09006618095693944
66 93 0.059024030887653692
66 94 0.060085465923424342
66 95 -0.07646637196462823
66 96 -0.077001617439882153
66 97 -0.078110740868251469
66 98 -0.020521539162590058
66 99 0.18442709061119802
67 68 -0.03397465684642207
67 69 0.024528892618606239
67 70 -0.0039209157407692511
67 71 0.0017310048019430835
67 72 -0.15292435475226673
67 73 -0.023998507773907569
67 74 0.11313052095748791
67 75 0.015517530289163995
67 76 -0.11067513862044878
67 77 -0.11687775424716469
67 78 -0.023730162743454873
67 79 0.061888815339178865
67 80 0.023979794348178953
67 81 -0.069133988993465442
67 82 0.14833888742782417
67 83 0.12758435118214634
67 84 0.075476899212189238
67 85 0.11675387850518022
67 86 0.10761848509330162
67 87 -0.048182869313206735
67 88 -0.022851364205754933
67 89 -0.12395161696964348
67 90 -0.10430665455911654
67 91 -0.05960396846031335
67 92 0.1784619536401717
67 93 -0.035008111351717795
67 94 0.035308828520660654
67 95 -0.15292767166325219
67 96 0.19061103648961508
67 97 0.074128324697926712
67 98 0.090679852166058006
67 99 0.020754271449059485
68 69 -0.23454537914241669
68 70 0.033430107101558061
68 71 0.14624709669898747
68 72 -0.13007439513068861
68 73 0.14465627646584603
68 74 0.072933575781836527
68 75 -0.13904040136403248
68 76 0.095530030380738873
68 77 0.11905836507791312
68 78 -0.073058786235799575
68 79 0.088382484658928465
68 80 0.067450770099567833
68 81 0.16350187691439988
68 82 0.00039265238728706034
68 83 -0.11120902658780346
68 84 -0.013908078148245526
68 85 0.039459962527435763
68 86 -0.04663361854711065
68 87 0.10015463275926606
68 88 -0.0054743496608548933
68 89 0.048903518477715735
68 90 -0.066847774131044729
68 91 0.19998021908249727
68 92 -0.077291460748796281
68 93 0.04051754214488465
68 94 0.11003097420346669
68 95 0.069243112984011146
68 96 -0.23909667701113593
68 97 -0.056064948710409748
68 98 0.18955445263331028
68 99 -0.044069221573377282
69 70 -0.0092899520241610054
69 71 -0.038187579685893272
69 72 0.19321760217665832
69 73 0.072155294676961176
69 74 -0.088475484443173727
69 75 0.15348870271345871
69 76 -0.033011397425504387
69 77 -0.066441328869734612
69 78 -0.098639626236338818
69 79 0.15047865490800313
69 80 -0.0011740531257232391
69 81 -0.04532188522968815
69 82 -0.02353459232271455
69 83 0.07960030782002056
69 84 0.019328579506299501
69 85 -0.016155326127012357
69 86 -0.16993290016863236
69 87 -0.21433507431974952
69 88 -0.027865197371502521
69 89 0.0095797545335810728
69 90 -0.11302853218710669
69 91 0.05824069382063804
69 92 0.081466834231595772
69 93 -0.034595368239558118
69 94 0.15928152235670684
69 95 -0.0094958932454230864
69 96 -0.14049313554762108
69 97 -0.084734450846018716
69 98 -0.1000932672193498
69 99 0.098759905629841771
70 71 -0.11818514272127295
70 72 0.034038437346924265
70 73 0.27099595008319738
70 74 -0.0035636929064381782
70 75 -0.073252189200115045
70 76 0.1328821480909847
70 77 -0.0028231049623218319
70 78 -0.22210417371204297
70 79 -0.047010289209231101
70 80 -0.0058188973069436536
70 81 0.25517892385964452
70 82 0.14008656255676696
70 83 -0.009408027950674188
70 84 -0.11905946885694221
70 85 0.1323795386466404
70 86 -0.14463844556496153
70 87 0.025598937080056679
70 88 -0.0447915889257108
70 89 0.041347801183882607
70 90 0.038471103006509348
70 91 -0.24551850773918679
70 92 0.089300573701889985
70 93 -0.029970222144549613
70 94 -0.0092432682542086166
70 95 -0.15174401417012501
70 96 0.099013622442890525
70 97 0.16912994839879483
70 98 -0.18273623166406053
70 99 0.088152198479180849
71 72 -0.08703472877056144
71 73 0.07339996767093325
71 74 -0.0037868930178258917
71 75 0.11400772015674698
71 76 -0.0067649923544521777
71 77 0.05972871102962396
71 78 0.058889378679753648
71 79 0.091134344656297564
71 80 -0.070154300688600832
71 81 -0.10625410559314796
71 82 0.093482071446418388
71 83 0.060207788275244249
71 84 -0.094605137544418016
71 85 0.030855998365761125
71 86 -0.021271888363825531
71 87 -0.11678632570714792
71 88 0.16687373857834056
71 89 0.098162609733179515
71 90 0.0038300351173683788
71 91 0.1685837883927164
71 92 0.062751867763326058
71 93 -0.10881955453547952
71 94 0.002099850367620885
71 95 -0.058441461993569803
71 96 0.0065196934778875247
71 97 0.054652644874696413
71 98 -0.22588960165074867
71 99 -0.085855635633044561
72 73 0.11893100113490447
72 74 0.013460020357437156
72 75 -0.19603063428538026
72 76 -0.012131493832333709
72 77 -0.022905708747807074
72 78 0.074365865353371891
72 79 -0.067181085170720148
72 80 -0.095622819007680548
72 81 -0.072436165085224088
72 82 -0.071874940350565436
72 83 0.066092066885903841
72 84 0.040278639013151971
72 85 0.28990520991066843
72 86 0.17298142556244442
72 87 0.010291449544532018
72 88 0.065029494974164923
72 89 -0.03898918289603779
72 90 0.02432918345782905
72 91 0.018646312696129035
72 92 0.065188060337855722
72 93 0.058311231362393204
72 94 -0.12213844346885146
72 95 0.1036098698543345
72 96 -0.10652258481126092
72 97 -0.019536215622712974
72 98 0.11368073114437093
72 99 0.038792537427204003
73 74 -0.049483015023446472
73 75 0.20659238546747108
73 76 0.080520777403328414
73 77 -0.070510163988410104
73 78 0.12885010162673946
73 79 -0.0084985441467537708
73 80 -0.14044117837667244
73 81 -0.097013024615464225
73 82 -0.049033544481525554
73 83 0.03079432576434948
73 84 0.11797656627549802
73 85 0.10600406741023559
73 86 -0.025953273882493296
73 87 -0.070195005972923344
73 88 -0.24086680799041163
73 89 0.052038606492364227
73 90 -0.039401756101083291
73 91 0.029882367009707197
73 92 -0.080224907988313249
73 93 -0.17819537479418535
73 94 0.10130833640364195
73 95 -0.065848012400642711
73 96 -0.20750006650227518
73 97 -0.093142537439455497
73 98 -0.0094661985792999816
73 99 -0.020185557552611387
74 75 0.068596892906259685
74 76 -0.015018051031978641
74 77 0.016010153798401493
74 78 -0.054809411630878262
74 79 -0.013153584029018823
74 80 -0.065100623918920367
74 81 0.059849645625019147
74 82 0.056622080889482465
74 83 0.2000345396444736
74 84 -0.12744077170853504
74 85 0.012330149253264261
74 86 -0.1242701797947221
74 87 0.19151884589339818
74 88 -0.07842452725500651
74 89 -0.14688299086724044
74 90 -0.029591353758186931
74 91 -0.10856449720030983
74 92 0.011756037454129842
74 93 -0.0085159107938096862
74 94 0.045297267376019537
74 95 0.040613579955713332
74 96 -0.12726082992287341
74 97 0.040132136744807985
74 98 -0.12940229499653039
74 99 0.058062091307158406
75 76 0.059499909326126844
75 77 -0.031188944303689788
75 78 0.065565742353688658
75 79 -0.16327858664805273
75 80 -0.094827600578844318
75 81 0.041299821871994824
75 82 -0.105992899167994
75 83 0.16509499246037992
75 84 0.069611089999949735
75 85 -0.0053308663625954416
75 86 0.26157662784877905
75 87 0.051384350493416324
75 88 0.25643982964516282
75 89 0.12112845494258757
75 90 0.027919403469041922
75 91 -0.28651059421179043
75 92 0.071543599430022628
75 93 0.034802764380529809
75 94 -0.12199465302165909
75 95 -0.020599379023725294
75 96 -0.087565820677074455
75 97 0.067526852084286867
75 98 -0.013457331776320167
75 99 -0.032947710366030412
76 77 0.020242744954114565
76 78 0.0081183182050152802
76 79 0.04581393234258279
76 80 0.14965895275562341
76 81 -0.06124936513172527
76 82 0.13929062494688607
76 83 -0.013810780513485145
76 84 -0.017073985113112283
76 85 -0.14084199881296677
76 86 -0.020222684888239278
76 87 -0.097246997959049952
76 88 0.009830602546957232
76 89 0.083878474714806112
76 90 -0.013224327188155414
76 91 0.071089326886572726
76 92 0.0055296735735924415
76 93 0.020551545988965192
76 94 -0.039988692275070091
76 95 -0.048993429755201066
76 96 0.19986931884911227
76 97 0.22538891318863372
76 98 -0.16444452076494964
76 99 -0.049909820177835768
77 78 -0.14303399692779584
77 79 -0.15077520141331144
77 80 -0.099464678828366335
77 81 0.06972326281963423
77 82 0.17257715648809968
77 83 0.17187353591860918
77 84 -0.17473479448099899
77 85 -0.019538518097728184
77 86 0.044601367944663607
77 87 0.10667535074411866
77 88 -0.1030365429956227
77 89 -0.017605206987272925
77 90 0.045476723467987069
77 91 -0.0072312531042372369
77 92 0.0094940923813327336
77 93 0.12153225087495914
77 94 0.092688443923448563
77 95 -0.12693906282866829
77 96 -0.060195940465873232
77 97 0.016322893417555571
77 98 0.079526602687695735
77 99 -0.17675048359098341
78 79 -0.095503353158140319
78 80 0.012201268056513585
78 81 -0.21514044013133704
78 82 -0.1133637601612819
78 83 0.084672688596071952
78 84 0.20368362867658171
78 85 0.16624821029477263
78 86 0.063452697557121657
78 87 0.078022979096408554
78 88 -0.012046324728381987
78 89 0.1488098646754426
78 90 -0.16446823178990277
78 91 -0.052137485753517454
78 92 0.111453548958507
78 93 -0.052898781376783346
78 94 -0.14841948762084867
78 95 -0.099938510624692722
78 96 0.046139146336718312
78 97 0.064407016847463958
78 98 0.014704236019321604
78 99 -0.14782821108365637
79 80 -0.12945149546967236
79 81 0.085875748449613834
79 82 -0.027538361320233285
79 83 0.03816795752217151
79 84 -0.13336464953487459
79 85 -0.00038917396131700309
79 86 0.050317450618544701
79 87 0.069966582926695609
79 88 0.031787814217650145
79 89 0.020147912751560585
79 90 -0.077659465276779069
79 91 -0.074982881655038233
79 92 0.027464002591663195
79 93 0.18202541004432343
79 94 0.14001185586621209
79 95 0.13105057107978144
79 96 0.01443354581432532
79 97 -0.064507790841807217
79 98 -0.052058692188611588
79 99 0.018086318732539249
80 81 0.12238061441771307
80 82 -0.12098566470330108
80 83 -0.074267478633332482
80 84 -0.014874561073503562
80 85 0.013835648580530623
80 86 -0.11469472187277788
80 87 0.022431644638057885
80 88 -0.22887316964100385
80 89 0.0057519056872041277
80 90 -0.077362926241729316
80 91 -0.029140608528778984
80 92 0.26615690849355261
80 93 0.022938948729489178
80 94 -0.085847829667652087
80 95 -0.091723576349942548
80 96 0.044598789531554085
80 97 -0.036345160665392139
80 98 -0.18040982401331018
80 99 -0.03440743006278367
81 82 0.08975182760461127
81 83 0.076071850121161161
81 84 0.011817945311122832
81 85 -0.004609373908238441
81 86 0.088788951511863237
81 87 -0.057193436626049671
81 88 -0.047377706238349623
81 89 0.025869971315734375
81 90 -0.096395538379977691
81 91 -0.059270027145694307
81 92 0.0084189306584598576
81 93 0.098805667643903708
81 94 -0.015838684688529964
81 95 -0.18235741495950739
81 96 0.033227909365980517
81 97 0.0096022942424090745
81 98 0.029775985863853889
81 99 -0.015905615767229288
82 83 0.0022489292718973035
82 84 0.057287775034044655
82 85 0.0020110571529919339
82 86 0.148562550025574
82 87 -0.081281376957615448
82 88 -0.054785888645199357
82 89 0.054384381279799256
82 90 -0.049504218708892753
82 91 -0.018490759322135199
82 92 0.059243973176755352
82 93 0.056166490995203613
82 94 0.047058643433889311
82 95 -0.027239123483186179
82 96 -0.013315112305224891
82 97 0.023503078891684355
82 98 -0.057407487943912074
82 99 -0.077210508318294471
83 84 -0.0046374908042858005
83 85 0.014127335179531722
83 86 0.07876144991989488
83 87 -0.0032095146032594885
83 88 -0.049933639912014424
83 89 0.0040561573989022041
83 90 -0.0043989313370763382
83 91 0.063477385794874719
83 92 -0.0067925951847985222
83 93 -0.088189117100445955
83 94 -0.029700671701520756
83 95 -0.092486329367247752
83 96 -0.042746179168729005
83 97 0.15756996494553416
83 98 0.072058930718278083
83 99 -0.0092788085896948098
84 85 0.10092558044074716
84 86 -0.22182504727077257
84 87 0.17128312830295828
84 88 0.039835385416965352
84 89 0.033455190438135017
84 90 0.099964967699587529
84 91 -0.028486701059336678
84 92 -0.064155367897523019
84 93 0.17656668352847921
84 94 0.038401980425575646
84 95 0.13823677514818661
84 96 -0.037451041859600145
84 97 -0.097174688567110742
84 98 0.033401610022526368
84 99 -0.042278154565531058
85 86 0.03825840541908275
85 87 -0.062554781968027426
85 88 -0.087239454667544958
85 89 0.22731236447848088
85 90 0.0076353282416938137
85 91 0.21848307939793005
85 92 0.13701574462404797
85 93 -0.14062268053127147
85 94 0.0010710916992445645
85 95 -0.01388382252637484
85 96 0.11321449156317363
85 97 0.10611972241458174
85 98 0.085756715720262097
85 99 0.10791415127021318
86 87 -0.077387772064994531
86 88 0.029641474190072178
86 89 -0.096250516766427624
86 90 -0.091702204202066706
86 91 -0.12503772497661339
86 92 -0.10555145771947948
86 93 0.046694548267225799
86 94 0.015216575056953058
86 95 0.093902659185295112
86 96 0.020378681825666808
86 97 0.11503335766409797
86 98 -0.11625215231682717
86 99 0.088149545119679276
87 88 -0.011695025122012773
87 89 0.025091339926596175
87 90 0.13738488935361357
87 91 -0.085606268948968861
87 92 0.17018423930964213
87 93 -0.058276567524228544
87 94 -0.23791524574664535
87 95 -0.11644435872511066
87 96 0.022476034847482347
87 97 0.048946015022009529
87 98 -0.010694567594401539
87 99 -0.053683196093421863
88 89 0.19609224526794522
88 90 0.097071358449071582
88 91 -0.13275412324263167
88 92 -0.068177945808475554
88 93 0.14004284712819878
88 94 0.0091751392292097594
88 95 0.026606119079663461
88 96 -0.21106955488275819
88 97 -0.021333508217864998
88 98 -0.057840098346034055
88 99 -0.054932491979785752
89 90 -0.026581853944707037
89 91 0.044475314156200194
89 92 -0.014651326900616822
89 93 -0.062036699718013011
89 94 0.0093509219971371869
89 95 -0.034929497672449579
89 96 0.20541158245976862
89 97 -0.23108318876394504
89 98 0.11577202019469846
89 99 0.20801461413104474
90 91 -0.0066957429311906742
90 92 -0.19156912276360338
90 93 0.049187380958330466
90 94 0.061420743296889097
90 95 -0.0049655125556858151
90 96 -0.034754319500887136
90 97 0.019968149693874157
90 98 -0.044167560625859859
90 99 -0.058833461836877633
91 92 0.047284910164058253
91 93 -0.00049234820640093463
91 94 0.020470001909898193
91 95 0.056033571121867881
91 96 -0.024148306936255439
91 97 -0.021719621604218808
91 98 -0.1174912801628909
91 99 0.0010933542956644076
92 93 0.052932689628303969
92 94 -0.045693485965238895
92 95 0.062445586031924155
92 96 -0.14521061008362598
92 97 0.18294193482942533
92 98 -0.23593623141558948
92 99 0.044736151370022535
93 94 0.043171109543692042
93 95 0.066127798213209008
93 96 0.047113379984232678
93 97 -0.031861356559479206
93 98 0.073778231253442808
93 99 0.22307492057988698
94 95 0.049449071667558402
94 96 0.12779559344952701
94 97 -0.095641020980987895
94 98 0.061301952400440313
94 99 -0.090992513075016837
95 96 -0.060002462525651536
95 97 0.047337509117933017
95 98 0.11024699495751285
95 99 0.22287973116444393
96 97 0.11352251365829796
96 98 -0.2458396788342555
96 99 -0.095456869125639915
97 98 -0.12494505076996298
97 99 -0.07309976382844284
98 99 0.087358313773484353
