# model=sk N=150 meanJ=0 seed=2071913755 distribution=gaussian field=0 num_fields=150 num_couplings=11175
0 0
1 0
2 0
3 0
4 0
5 0
6 0
7 0
8 0
9 0
10 0
11 0
12 0
13 0
14 0
15 0
16 0
17 0
18 0
19 0
20 0
21 0
22 0
23 0
24 0
25 0
26 0
27 0
28 0
29 0
30 0
31 0
32 0
33 0
34 0
35 0
36 0
37 0
38 0
39 0
40 0
41 0
42 0
43 0
44 0
45 0
46 0
47 0
48 0
49 0
50 0
51 0
52 0
53 0
54 0
55 0
56 0
57 0
58 0
59 0
60 0
61 0
62 0
63 0
64 0
65 0
66 0
67 0
68 0
69 0
70 0
71 0
72 0
73 0
74 0
75 0
76 0
77 0
78 0
79 0
80 0
81 0
82 0
83 0
84 0
85 0
86 0
87 0
88 0
89 0
90 0
91 0
92 0
93 0
94 0
95 0
96 0
97 0
98 0
99 0
100 0
101 0
102 0
103 0
104 0
105 0
106 0
107 0
108 0
109 0
110 0
111 0
112 0
113 0
114 0
115 0
116 0
117 0
118 0
119 0
120 0
121 0
122 0
123 0
124 0
125 0
126 0
127 0
128 0
129 0
130 0
131 0
132 0
133 0
134 0
135 0
136 0
137 0
138 0
139 0
140 0
141 0
142 0
143 0
144 0
145 0
146 0
147 0
148 0
149 0
0 1 0.047258111098925679
0 2 -0.095932096145748449
0 3 -0.060815223912932211
0 4 0.045575838727711683
0 5 -0.02798273286037533
0 6 0.073838136327851051
0 7 -0.023152141521201788
0 8 0.14198033198112681
0 9 -0.047037604471466356
0 10 -0.046823176659641086
0 11 -0.023264107368778097
0 12 0.022969394574564019
0 13 -0.019807434820996016
0 14 -0.074794932591195976
0 15 -0.0064206220680649243
0 16 -0.028684226392250142
0 17 0.057341290702377562
0 18 0.0090904608641750057
0 19 0.073565775866661201
0 20 -0.043482488922952117
0 21 0.087684611288566319
0 22 -0.1612297431456296
0 23 -0.094784889142648307
0 24 -0.063536047539784382
0 25 -0.050562760751787054
0 26 -0.069999078505115164
0 27 -0.013474303817705559
0 28 -0.074239855916461026
0 29 0.015429105994546395
0 30 -0.011498506255130251
0 31 -0.026294928861134135
0 32 -0.084828693027384119
0 33 0.041912765691603009
0 34 0.042830058615198258
0 35 0.10999058459723007
0 36 -0.052240835220402231
0 37 -0.020541736834155673
0 38 0.12784862268500941
0 39 -0.10985922919163779
0 40 0.044790621635711618
0 41 0.037482103019009172
0 42 -0.14755450264690501
0 43 -0.13766029764886095
0 44 -0.15673131327799528
0 45 -0.026669563452059654
0 46 -0.015316635182558144
0 47 -0.053754455200190329
0 48 -0.054458260274042762
0 49 -0.012774968928589508
0 50 0.045136860855882283
0 51 0.0034126519734805003
0 52 0.10462388724115762
0 53 0.05647846342160711
0 54 0.17551588833623341
0 55 0.010075190563397849
0 56 -0.14084585085537119
0 57 -0.026077427867934204
0 58 -0.094324516274570364
0 59 0.011830426139440247
0 60 -0.03215457247871889
0 61 0.10069146712204846
0 62 0.03680139859565764
0 63 0.031263548285161813
0 64 -0.041172104008635274
0 65 0.027451838960103343
0 66 0.033268013482109948
0 67 0.036514938593750851
0 68 -0.088976696140686568
0 69 0.18671772205683748
0 70 -0.11440135457893563
0 71 0.02613360963402233
0 72 -0.014677084430224674
0 73 -0.16604208870674939
0 74 0.11771145331393428
0 75 -0.0085171886448216789
0 76 0.041419524882178711
0 77 -0.0036004247048564229
0 78 -0.04804456050417185
0 79 -0.044997703319481101
0 80 -0.14129259821132384
0 81 -0.054428406596436489
0 82 0.020468640371192021
0 83 -0.06239184052131528
0 84 0.10464526040848694
0 85 0.090719371572989857
0 86 -0.0068281177119201954
0 87 0.049952724716850715
0 88 -0.010200966629916122
0 89 -0.010534948846175063
0 90 0.15921827145285219
0 91 0.0020379972073764946
0 92 -0.060831965511715498
0 93 -0.061136787457516141
0 94 0.11636587410409596
0 95 0.17854055883389311
0 96 0.0097914252226117514
0 97 -0.083673766561614835
0 98 0.034427024977329114
0 99 0.095618546420607381
0 100 -0.26249399115047478
0 101 0.059200496895452821
0 102 -0.011988547078723051
0 103 0.024949183174055391
0 104 -0.0044572409501533487
0 105 0.020536773134379127
0 106 -0.015999065751618226
0 107 -0.11151932847205008
0 108 0.11234421950384771
0 109 -0.013577487070664602
0 110 0.12028178361448343
0 111 0.041098018795460142
0 112 0.064512654969578725
0 113 0.022878896180356781
0 114 -0.030657789057580421
0 115 -0.025203292996801387
0 116 0.14502934493793854
0 117 -0.042276718425805881
0 118 -0.047223547665364275
0 119 0.16028195486933228
0 120 -0.024048720221632378
0 121 -0.033149617763147045
0 122 -0.066245343826469211
0 123 0.15561906600745085
0 124 -0.0092689438211374497
0 125 0.059118511335294346
0 126 0.060769391019201938
0 127 0.054344601955212381
0 128 -0.026584429413482845
0 129 0.091820740577857968
0 130 -0.25191398283795802
0 131 -0.1191304982792396
0 132 -0.019674884727284847
0 133 0.11077659927637873
0 134 -0.12467079254411999
0 135 0.17401688741826504
0 136 0.042046308743868929
0 137 0.17269836211941372
0 138 -0.057365333739119624
0 139 -0.1340105770653062
0 140 -0.0046096818927907112
0 141 -0.13937202955482478
0 142 -0.10840349540529849
0 143 0.13501444052224595
0 144 0.0047693618661121817
0 145 -0.275228626811724
0 146 -0.036109532955145643
0 147 0.093958455256222623
0 148 0.11028821511472668
0 149 0.095281895207895387
1 2 -0.15075405994727228
1 3 0.002946491276190121
1 4 0.097415576129474449
1 5 -0.045501930341583043
1 6 0.054312189235958243
1 7 -0.062018576512379249
1 8 0.09741606297318231
1 9 0.022606706883172307
1 10 0.064490123930915175
1 11 -0.072316679911888185
1 12 0.01620708384173588
1 13 -0.074205853389296209
1 14 0.031700258554505437
1 15 -0.0055586239489082397
1 16 0.06231382592330139
1 17 -0.015150928403357791
1 18 -0.12051695772099798
1 19 0.10705333610702261
1 20 0.0077266563496781356
1 21 -0.0090667553065865852
1 22 -0.11027484174760604
1 23 -0.020020304130432483
1 24 0.098919383705266595
1 25 0.064262191534060556
1 26 -0.04852030331616445
1 27 0.034567349876400151
1 28 0.12678375820582727
1 29 -0.0022575573730520566
1 30 -0.017330569628857671
1 31 -0.10052692723553609
1 32 0.015287344558885163
1 33 -0.0029487675006581657
1 34 -0.0076053895753750694
1 35 -0.070160824749401385
1 36 0.029871634819756767
1 37 0.11629719294937266
1 38 0.014321302071822079
1 39 -0.093329109786841474
1 40 0.12455305474261093
1 41 -0.015807691483416448
1 42 -0.075861892741065487
1 43 0.046430730427894286
1 44 0.038072790827593107
1 45 -0.070237239895939968
1 46 0.020491808997289609
1 47 0.08197335228063575
1 48 -0.12007166874079538
1 49 -0.14835037719793642
1 50 0.047771019925133329
1 51 -0.0099391663098185833
1 52 -0.037623320791046244
1 53 -0.071639423328869939
1 54 -0.06541529630693442
1 55 0.089434685886235266
1 56 0.0445353212292895
1 57 -0.12510121803231639
1 58 0.031170904738609412
1 59 -0.071752883224282027
1 60 0.015202766088138142
1 61 -0.065501736044299722
1 62 0.073672105935547572
1 63 0.02490105041952639
1 64 0.024736172735100644
1 65 -0.081129655597553418
1 66 0.011642920672805274
1 67 0.043507875846616542
1 68 0.11827383954186119
1 69 0.078175961257447635
1 70 0.0073062566209045991
1 71 -0.005256625790295736
1 72 0.088041455526130324
1 73 0.046285749328694233
1 74 0.033133004464529749
1 75 0.04758753637585781
1 76 0.0043366975823938003
1 77 -0.058089042350450384
1 78 0.068175629147231687
1 79 0.013950666280019246
1 80 -0.028938616135543042
1 81 0.1246992339291537
1 82 0.087954902319882566
1 83 -0.16170900241807445
1 84 -0.084661512858931726
1 85 0.13249784556704328
1 86 -0.056161679264824647
1 87 -0.023726479187522749
1 88 0.04947496485387342
1 89 0.078534862694799173
1 90 0.05351532138323644
1 91 -0.011179079519828482
1 92 0.060592677313609504
1 93 -0.020622212713742101
1 94 0.019390852530927292
1 95 -0.073658632670051988
1 96 -0.057156669092308834
1 97 0.18953397113537185
1 98 0.14768183081350311
1 99 0.062278873660548351
1 100 -0.053768582118227728
1 101 -0.087597514172190749
1 102 0.048651363055869763
1 103 0.0090714664323262115
1 104 -0.12929460300971929
1 105 -0.017957513967929987
1 106 0.0009268831742235518
1 107 0.037147815614221452
1 108 0.039228859418479756
1 109 -0.021411692101662133
1 110 -0.0071625913208148437
1 111 0.020294399268068395
1 112 0.11358335525954004
1 113 -0.055844949741482144
1 114 -0.054610367827394798
1 115 0.073184689721479249
1 116 -0.042318292556691471
1 117 0.055174567592258736
1 118 0.10507116049589997
1 119 0.014199134535600772
1 120 0.11681472159094095
1 121 -0.066754339094391602
1 122 0.016293494126058412
1 123 0.03027629915836224
1 124 0.047217846527648162
1 125 -0.095421320669520915
1 126 0.074613787472689014
1 127 -0.014331686054163078
1 128 -0.047927385074848859
1 129 -0.082235810537331644
1 130 0.15950957813443956
1 131 -0.13911536131478169
1 132 -0.057526077596990181
1 133 0.099381844095207617
1 134 -0.069801423641085783
1 135 -0.0086483460217462605
1 136 -0.10070068128078659
1 137 -0.021330078478115168
1 138 0.059867850955899547
1 139 0.039612179735406525
1 140 0.041475670656600211
1 141 -0.0028521948229421924
1 142 0.026487623434461753
1 143 -0.1520904333772797
1 144 -0.12094331541787358
1 145 0.09782800689710168
1 146 -0.046100754196328191
1 147 0.11942755254136733
1 148 -0.0054178776311713797
1 149 -0.031117356827036483
2 3 -0.09728936987306637
2 4 -0.023902168779780301
2 5 -0.064491106118764699
2 6 -0.0055494690129253349
2 7 0.098264366186668867
2 8 -0.030061582339253559
2 9 -0.064429470972040451
2 10 -0.0070408907384847943
2 11 0.072222364133571526
2 12 0.22263017016724568
2 13 0.10893049487018544
2 14 0.07896434542393431
2 15 -0.033534967356041626
2 16 -0.010927519835109513
2 17 -0.16338036693068564
2 18 -0.072681608494906652
2 19 -0.053041605888341031
2 20 0.07589487483453411
2 21 -0.041954931155896789
2 22 -0.050701852656143298
2 23 -0.026449026667047147
2 24 -0.05043949196893046
2 25 0.067531324023804226
2 26 0.19350523047076854
2 27 -0.044052835090239502
2 28 0.18235922614977143
2 29 -0.075434053113665037
2 30 0.016428315144038044
2 31 0.047008348785214475
2 32 -0.037859335882324291
2 33 0.039134009513268717
2 34 0.096248827899096251
2 35 0.087238826002666928
2 36 -0.0027598787864742862
2 37 0.022568987442688565
2 38 0.06882932312563711
2 39 -0.10217757304638342
2 40 -0.045358094356777325
2 41 0.1192558276267235
2 42 -0.029046291425038975
2 43 0.017037979975889794
2 44 -0.044594474806557441
2 45 0.10696622271452488
2 46 0.0040019151917997497
2 47 0.023349446348615209
2 48 -0.021498265742243297
2 49 0.10714232911031453
2 50 -0.074953491386963972
2 51 0.013152639265421991
2 52 -0.18127377974260811
2 53 -0.14166644704373738
2 54 0.038829004083415386
2 55 0.00039627974214233167
2 56 -0.027713641903285697
2 57 -0.15576814221466578
2 58 0.086024927631463605
2 59 0.062670632173624119
2 60 -0.0068315399522922591
2 61 0.0081155567154749617
2 62 -0.058244619318247433
2 63 -0.044136488436290741
2 64 0.005215275603125809
2 65 0.1000048460400475
2 66 0.03105506617266544
2 67 0.010360698889876143
2 68 -0.23750152063423208
2 69 -0.1765113933097647
2 70 0.051412673380649747
2 71 -0.12631376134015174
2 72 -0.20297487150034485
2 73 -0.056284511658733091
2 74 -0.029315488389351343
2 75 -0.0039705064382258119
2 76 0.10918473168398019
2 77 -0.068616301845686845
2 78 0.0098791170777135576
2 79 0.01014188744987763
2 80 -0.011363928974354785
2 81 -0.010469546239893556
2 82 0.016920976923190098
2 83 0.005603119808589109
2 84 0.052697625829987736
2 85 -0.020278582227946314
2 86 0.018489052227384947
2 87 0.16262291441420737
2 88 0.13241895319829708
2 89 0.029066113266216536
2 90 0.20344740631057723
2 91 -0.021653633902441696
2 92 -0.078360304747658746
2 93 -0.067563211427571754
2 94 -0.021319642099194028
2 95 -0.082261081338503822
2 96 -0.11659660695534931
2 97 -0.14249860065504
2 98 0.10148846150211081
2 99 0.11803178440744279
2 100 -0.062113887230902644
2 101 -0.010274977794038929
2 102 0.14471485779016635
2 103 0.055500466778786534
2 104 -0.057116593343766779
2 105 0.05614053167069942
2 106 -0.017115769531748856
2 107 0.028870985275911497
2 108 0.18521075445473181
2 109 0.071892551799092722
2 110 0.059503596954432122
2 111 0.039747333053817641
2 112 -0.045362383913208411
2 113 0.057363581217470261
2 114 0.13792252573428673
2 115 -0.054167736149742636
2 116 0.057500680804834427
2 117 -0.029159921496531013
2 118 -0.10433792109913753
2 119 -0.057313174830137883
2 120 -0.051930854906023859
2 121 -0.095822625585010757
2 122 0.050412540428817786
2 123 -0.061458946420551712
2 124 0.14440930972317165
2 125 -0.078726245933517083
2 126 -0.057168116564895441
2 127 0.005690371013310342
2 128 -0.10139248215875968
2 129 0.11945105401778738
2 130 0.036203401205579973
2 131 -0.016027230825324409
2 132 0.0027465936137924581
2 133 -0.087024494663112975
2 134 0.037766183711865568
2 135 -0.050701316068828828
2 136 0.044465541511059407
2 137 -0.10817400214665905
2 138 0.024996185532383853
2 139 0.027270933957418558
2 140 0.072775988155218629
2 141 -0.12740060475241377
2 142 0.083479260698513483
2 143 0.068209537399861159
2 144 0.060584766936541787
2 145 0.045196747969143608
2 146 0.01234477643053177
2 147 0.036820946921593205
2 148 0.13541798655054191
2 149 -0.11229275222607875
3 4 -0.0057350107782416096
3 5 -0.03654251399911148
3 6 0.056999130229239678
3 7 -0.036412207907172131
3 8 -0.068106790544262233
3 9 0.10975169832079842
3 10 0.032712999845655989
3 11 0.091212001757331213
3 12 0.013453913575850424
3 13 0.035266735161777377
3 14 -0.025144101639003907
3 15 -0.071704151179892942
3 16 0.026814235390498348
3 17 0.01996909018757817
3 18 0.030614147855005009
3 19 0.024529475937850102
3 20 -0.0050315980462851198
3 21 -0.044821076213050814
3 22 0.0047566600815796087
3 23 -0.021622311209856932
3 24 -0.25372360355620549
3 25 0.022458020111626224
3 26 -0.13793686279332457
3 27 0.037693577343597455
3 28 0.060810698830243551
3 29 0.068321177282407053
3 30 -0.059632250798940779
3 31 -0.011887616701611906
3 32 0.12057799940485564
3 33 -0.023254310129292355
3 34 -0.045961163515911375
3 35 0.057600731394314139
3 36 0.0067202739419853037
3 37 -0.064150596615338659
3 38 -0.079021107019535505
3 39 -0.028974195193346573
3 40 -0.055663036155699938
3 41 -0.074721138235540871
3 42 0.035884502664896886
3 43 0.077361516114365592
3 44 0.1475925366423714
3 45 -0.025717923011826998
3 46 -0.13433180965321001
3 47 0.0065093648578432818
3 48 0.056427171558625061
3 49 0.10752078253373357
3 50 -0.05199160829508543
3 51 -0.020595600059853846
3 52 0.003498881054955231
3 53 0.06516194347285631
3 54 0.214131419739162
3 55 -0.07364875508244749
3 56 0.098931596339423625
3 57 -0.12573636121714565
3 58 -0.025568837800491944
3 59 0.015931062398828189
3 60 0.072746052653520923
3 61 -0.16428438515602051
3 62 -0.092383751409242681
3 63 -0.15562187669453037
3 64 0.030274388813473638
3 65 -0.045742365184301192
3 66 0.066886353048979233
3 67 0.13807539204620034
3 68 -0.046864705721059559
3 69 0.036432287208587426
3 70 0.0089139389477302464
3 71 -0.029336629130894069
3 72 -0.034836396422528282
3 73 0.089133344555513763
3 74 0.0016411464297366957
3 75 0.13732983482639011
3 76 0.025540096833270041
3 77 -0.031169494729649777
3 78 0.078480473896186814
3 79 -0.15264556840627289
3 80 0.0037366222376623735
3 81 0.07855925487705058
3 82 -0.061677874795440103
3 83 0.036665840815663701
3 84 -0.010839077969581123
3 85 0.143463903702512
3 86 -0.099376960405692272
3 87 0.048828948819092562
3 88 0.032911884715293542
3 89 0.0132427002353662
3 90 -0.091909696887218978
3 91 -0.18455270041051414
3 92 0.091915623890658951
3 93 -0.067905087731850985
3 94 -0.016241436116432341
3 95 -0.047004685971754452
3 96 -0.019734944770815929
3 97 -0.19988164895986218
3 98 0.019049751305704517
3 99 -0.027264243715405905
3 100 0.056182965353932704
3 101 0.0519044955978041
3 102 -0.0017526484146032212
3 103 0.017055113215113916
3 104 -0.057525509534062061
3 105 0.0013664635716887632
3 106 0.12236360215449954
3 107 0.0023316002188797954
3 108 -0.022979889233545922
3 109 0.099807041160497129
3 110 0.027135393358486894
3 111 0.090206382101473651
3 112 0.070197079637628251
3 113 -0.029685714629444179
3 114 0.066053654476412066
3 115 -0.074697936198136639
3 116 -0.15706800635500195
3 117 0.088428094375756022
3 118 -0.016627615292353303
3 119 -0.01990806348188523
3 120 -0.029785669232835842
3 121 0.10301173101091221
3 122 0.065595924226250532
3 123 0.0003646833823033052
3 124 -0.07100926295830462
3 125 -0.049202557775581919
3 126 0.035049643115792672
3 127 0.010281823775098819
3 128 -0.026169382738213377
3 129 -0.0067735868678432554
3 130 -0.00029824091067574132
3 131 0.059410998858033255
3 132 0.032634078729244349
3 133 -0.011765450344187358
3 134 -0.057972802744263106
3 135 -0.033866462343077511
3 136 0.0081085810502125599
3 137 -0.066219347082085656
3 138 -0.060282414077747377
3 139 0.11879913539346755
3 140 0.11647280514567109
3 141 0.024731715428582178
3 142 0.059335336604901333
3 143 -0.033535464351539285
3 144 0.08765435611366304
3 145 0.078934509706813191
3 146 0.13939025305120498
3 147 0.18246922886240444
3 148 0.11538292202696433
3 149 -0.052791669122273004
4 5 0.036382645577074858
4 6 0.16267789273399541
4 7 -0.041969452980088195
4 8 0.094544603868557259
4 9 -0.15436775695473576
4 10 0.088130773135564888
4 11 0.12547632302938164
4 12 -0.037865205960990841
4 13 0.024708489640914318
4 14 -0.029758643684111623
4 15 0.050350709619836308
4 16 -0.12204145065736637
4 17 -0.12159125375495523
4 18 0.043908396722280703
4 19 -0.041171466930095088
4 20 -0.045607001713831537
4 21 0.047183148712813233
4 22 -0.059045753494335149
4 23 -0.088355570181830462
4 24 -0.14147553016112738
4 25 0.029785764079617059
4 26 0.017211129076870883
4 27 0.038400118723371575
4 28 -0.053361652278278451
4 29 0.040192309241995947
4 30 -0.068647341960201919
4 31 -0.0091116120552541275
4 32 0.042138911153165141
4 33 -0.088115522197489762
4 34 -0.0033980080595215562
4 35 0.041844523892776229
4 36 -0.058092592156368347
4 37 -0.0043113715431131383
4 38 0.057224054191796075
4 39 -0.012852057111340442
4 40 -0.067193462383576957
4 41 -0.04028447995731084
4 42 0.069187428578585258
4 43 -0.022031660037767044
4 44 -0.16308935479557951
4 45 0.12494193914804898
4 46 -0.089014567793470625
4 47 0.048541659895202781
4 48 -0.022365902114888696
4 49 0.050112838754611574
4 50 -0.030302087803162143
4 51 0.11765184065808267
4 52 -0.0018913013148775498
4 53 -0.063511161452995693
4 54 -0.01362127355138845
4 55 -0.033634564829376899
4 56 0.13417349416422689
4 57 -0.11836926087561137
4 58 0.010658565085429336
4 59 -0.001710630727530869
4 60 -0.0078992077046213111
4 61 -0.18776763011966544
4 62 -0.025436950926368138
4 63 0.10034130459362384
4 64 -0.02418379173317068
4 65 -0.039335820752170188
4 66 -0.01516180836045377
4 67 0.060365126856084445
4 68 -0.058494699855430383
4 69 0.081518341463829663
4 70 0.029739872169338929
4 71 -0.062462032931197481
4 72 -0.20082251986287775
4 73 -0.068765075968448428
4 74 -0.075671206629743457
4 75 0.02155218387356924
4 76 -0.12698258368621054
4 77 -0.0151408251146935
4 78 -0.019991302742830352
4 79 -0.050074396832665111
4 80 -0.14777438520874728
4 81 -0.057691353505830885
4 82 -0.07610849826427292
4 83 0.046711014587212274
4 84 -0.029970145824719737
4 85 -0.044925887358941458
4 86 0.0015733653778554383
4 87 0.15503035652281869
4 88 0.04094788675617507
4 89 -0.11891949524379669
4 90 -0.016635494431426839
4 91 -0.03014459678497184
4 92 -0.01854759560328539
4 93 -0.024008992037793542
4 94 -0.060921349172272321
4 95 -0.095009989524167462
4 96 0.12635869629545143
4 97 -0.082405785957100255
4 98 -0.095352070776658818
4 99 0.04517002220707704
4 100 0.30563364783199071
4 101 0.078382671118733344
4 102 -0.10754663398109672
4 103 -0.011266101474488206
4 104 0.10356826276175361
4 105 0.026419998378472677
4 106 0.11313068968525875
4 107 0.0065173274112680438
4 108 -0.13538043135456893
4 109 0.080735927647707581
4 110 0.050190862921112619
4 111 0.032760034181733552
4 112 0.044021977985770226
4 113 0.010195845949448711
4 114 0.024259010156982466
4 115 -0.15783017745682898
4 116 -0.054346892374473252
4 117 0.12678964108231075
4 118 -0.0042040418507193096
4 119 -0.035671176694152179
4 120 -0.039879403753373351
4 121 0.14847069760393347
4 122 -0.079893485436306116
4 123 -0.0084572053404849273
4 124 -0.14989850143466402
4 125 0.034151478246901505
4 126 -0.10788456559490274
4 127 -0.01449458704445193
4 128 0.12910718529392043
4 129 0.092308776138373114
4 130 -0.058194769135576911
4 131 -0.098059522908928054
4 132 -0.0023657578101140848
4 133 -0.011329658191746635
4 134 -0.090121194089943929
4 135 -0.13276515439630462
4 136 0.13425939347526916
4 137 -0.11233287222267127
4 138 -0.12432642773708272
4 139 -0.039514649130480091
4 140 -0.12847722906243073
4 141 0.067111230021458287
4 142 -0.12236996507226229
4 143 0.01579464085999634
4 144 -0.039142699118867252
4 145 0.0095228137243192987
4 146 -0.039611720034059328
4 147 0.03307069800426457
4 148 -0.0027191109866993271
4 149 0.059267819289305419
5 6 0.035303124537787667
5 7 0.077223071718343222
5 8 0.024672016515073728
5 9 -0.025054926181373761
5 10 0.099753082432262524
5 11 -0.012964909277951134
5 12 -0.00030709155558727048
5 13 0.01954154704808974
5 14 0.14132286576979319
5 15 0.073330127310786475
5 16 -0.0038646250576655806
5 17 -0.0023113847503543829
5 18 0.038523069386716652
5 19 -0.03060399977784245
5 20 0.093048047059498068
5 21 -0.0053572974091595079
5 22 -0.0021641468128415376
5 23 0.066744335035222091
5 24 0.028222457454349745
5 25 -0.0015437006759375029
5 26 -0.012523391774672965
5 27 0.021135608809410573
5 28 0.1088080314689855
5 29 -0.034624093961305606
5 30 0.15906942816448
5 31 -0.0031894725260612927
5 32 -0.061211371721893899
5 33 -0.068225493230386083
5 34 0.091665082962796018
5 35 0.010754620501210968
5 36 -0.10310317604683854
5 37 -0.053440293415772194
5 38 0.035224373271602716
5 39 0.059890237611758351
5 40 -0.065167964479614204
5 41 -0.11568712205493978
5 42 -0.092310284472182147
5 43 -0.10488586568636903
5 44 -0.0061633729555392184
5 45 0.11050227029198739
5 46 -0.044322722238278538
5 47 -0.052793201632428829
5 48 0.19619317375602033
5 49 0.027192731959313706
5 50 0.1050979380244103
5 51 0.052872367625910119
5 52 0.051127695285469843
5 53 0.036140849115615908
5 54 -0.10923167288340613
5 55 0.062916880197118927
5 56 -0.14051344934710308
5 57 0.026781649692577479
5 58 -0.04146477747370856
5 59 0.068506971133628788
5 60 0.012233252503365093
5 61 -0.091614051600495003
5 62 0.17716180567032613
5 63 0.011452030711883301
5 64 0.06397630751109544
5 65 -0.0075177677625812133
5 66 0.11461039356251972
5 67 0.030120562518766058
5 68 0.085940904410457528
5 69 -0.084460870410538041
5 70 -0.010022867680051296
5 71 0.064874860240366483
5 72 0.086576571843268488
5 73 0.051890280215191181
5 74 0.0045978745819819289
5 75 0.16617624129150624
5 76 -0.085103591907748632
5 77 0.045593813015406777
5 78 -0.0050815721461880299
5 79 -0.0425187896598632
5 80 0.14490162370081758
5 81 -0.015729631043207931
5 82 -0.19729568075405779
5 83 0.13383637368905205
5 84 -0.0097941311098818529
5 85 -0.006504261363699063
5 86 -0.038666001000658951
5 87 0.037324032353202939
5 88 0.019434142131769788
5 89 0.031821767618196557
5 90 -0.087608427051945922
5 91 0.10037649315251988
5 92 0.069483442449038438
5 93 -0.1447570997769651
5 94 -0.01208209802050534
5 95 -0.071495478094252801
5 96 0.064895210427981048
5 97 -0.12757645018636518
5 98 0.11185622811624531
5 99 -0.12603529695845256
5 100 0.067278156667045411
5 101 -0.13099320860074165
5 102 0.17105925999232144
5 103 -0.0044620708244023626
5 104 0.083022048716776889
5 105 -0.11850016490853758
5 106 -0.13462084089143761
5 107 -0.052595363912303877
5 108 -0.25807849863942006
5 109 -0.043662301609642164
5 110 -0.032662358616282375
5 111 -0.12712561815847817
5 112 -0.006463657661445959
5 113 -0.11287915007739979
5 114 0.033633625005935565
5 115 0.033247106964640789
5 116 0.10538740533905012
5 117 0.035349805480143201
5 118 -0.036665714380322775
5 119 0.047807049481687555
5 120 0.0071746603868758736
5 121 -0.00097515648753718957
5 122 -0.007374466027628728
5 123 0.090071876260465755
5 124 -0.062237061347703078
5 125 -0.12993241907096667
5 126 0.084624685505494415
5 127 -0.01551156158241122
5 128 -0.067336061300169711
5 129 0.012241327352746991
5 130 0.0099976311936761913
5 131 0.19513294948972648
5 132 0.05385259922886608
5 133 0.058631032863894476
5 134 0.12727917667150793
5 135 0.0058478555136454004
5 136 0.078484672473524447
5 137 0.090190962828847962
5 138 0.069946883004299826
5 139 0.027730240343222131
5 140 -0.079177035942377974
5 141 -0.068731683706735727
5 142 0.11259930087068906
5 143 0.066659330908298398
5 144 0.057163116544334799
5 145 0.16312071929184763
5 146 -0.0028441222089819239
5 147 -0.034624894265495976
5 148 -0.057100678878445894
5 149 0.092696454430676992
6 7 0.048467486224086011
6 8 -0.0022697399894748603
6 9 -0.035332559187807235
6 10 -0.077623604373250207
6 11 -0.032188670356625482
6 12 0.0041530122764180197
6 13 -0.13311081547958192
6 14 0.12654538017991224
6 15 -0.091450430086494824
6 16 0.056632398893645214
6 17 -0.11747929153611407
6 18 0.10766839651856706
6 19 -0.043561732048125766
6 20 0.04600865691777617
6 21 -0.050608935112945785
6 22 -0.089829273414120281
6 23 -0.0519373496309413
6 24 -0.042090810529496397
6 25 -0.036835240981420901
6 26 0.042129549309342901
6 27 0.032875495646340881
6 28 -0.087144858396428312
6 29 0.075296321079538625
6 30 -0.1262659008272736
6 31 -0.024937178258427305
6 32 -0.14780337570478391
6 33 -0.046977251734201877
6 34 -0.052032842917237844
6 35 0.057509196462605008
6 36 -0.15077943078070744
6 37 -0.097478581657183899
6 38 0.066118588663697853
6 39 -0.082254895590693558
6 40 0.10624324684734528
6 41 -0.0080559470766652218
6 42 -0.036697245895606592
6 43 0.011956658549914225
6 44 0.12700925340682639
6 45 -0.044205598694807516
6 46 0.00055431473330111566
6 47 0.00031251253041883953
6 48 -0.07631469552914194
6 49 0.044996810760306878
6 50 0.10340674095319653
6 51 0.078151705599342661
6 52 0.029497292263038807
6 53 0.0075088335964096312
6 54 -0.026558326533686855
6 55 -0.01861076872638625
6 56 0.044305771983220409
6 57 -0.092610211772139267
6 58 -0.12268251444524873
6 59 0.026141342753595809
6 60 -0.10291315713906937
6 61 0.03172166095348368
6 62 -0.1081035527763913
6 63 0.028006555467639586
6 64 0.046003362741144818
6 65 -0.078725458065881895
6 66 0.062109098796276276
6 67 -0.0052511211184571027
6 68 0.030880480826194948
6 69 0.094902727612645468
6 70 -0.043534686008539207
6 71 -0.11159866214751077
6 72 -0.0092005083146818444
6 73 -0.11101847623557146
6 74 -0.20024272458627632
6 75 -0.041422107325758024
6 76 0.11143649280434925
6 77 -0.070277615379737965
6 78 0.062570220752978079
6 79 -0.14885200634058285
6 80 -0.02281657020266558
6 81 -0.079273556167163223
6 82 -0.039990021922648937
6 83 0.028753550162401664
6 84 -0.019898394329048486
6 85 0.10264863061097618
6 86 0.023766991343226594
6 87 0.053186421959122356
6 88 -0.056621603280106972
6 89 0.00062434953931141677
6 90 -0.017020328951315698
6 91 -0.09955759882223382
6 92 0.03031471121329004
6 93 -0.049971726041594194
6 94 -0.056912659006296808
6 95 0.046510183217629647
6 96 -0.041724284720988429
6 97 -0.070411685418458214
6 98 -0.071470085559759144
6 99 0.10560620311206316
6 100 0.069546680030537919
6 101 -0.12865573785381851
6 102 -0.073668390116935781
6 103 0.00041636473694229577
6 104 0.16711225210447225
6 105 -0.069858542310783395
6 106 -0.047083038135127472
6 107 -0.092558929124054293
6 108 -0.0036673798986139698
6 109 0.023733271621254805
6 110 0.043923030158678752
6 111 0.08655985742116154
6 112 0.068872040230708087
6 113 0.045981556692817435
6 114 -0.057056300427749944
6 115 -0.007563762636709122
6 116 -0.099666833113005782
6 117 0.050924907668187018
6 118 -0.080399955499469072
6 119 0.042510820234111582
6 120 0.025755430041721001
6 121 -0.087137583651038325
6 122 0.04694171653289033
6 123 0.16520314698260877
6 124 0.066863586985213969
6 125 -0.056180658470324975
6 126 -0.023399934552915204
6 127 -0.073466118317192408
6 128 -0.038069143738841182
6 129 -0.046763016888668824
6 130 0.039896798169122165
6 131 0.002450050281243123
6 132 -0.021407448706683319
6 133 0.12910605924710949
6 134 -0.10376224124061501
6 135 -0.060713267857864232
6 136 -0.0083743524192709945
6 137 0.11459907585096472
6 138 0.0060667047934867191
6 139 -0.1318801810743164
6 140 -0.040556319976608836
6 141 0.0080290069747961934
6 142 0.092856945101156288
6 143 -0.10506777130147021
6 144 -0.093309128994568974
6 145 0.16057662437580145
6 146 -0.01930361131554531
6 147 0.0037317955121676256
6 148 0.021170794561957248
6 149 0.004990056316043252
7 8 0.032276999609549287
7 9 -0.010317098016531051
7 10 -0.022561465114100947
7 11 0.094396096046529362
7 12 0.021748705984415147
7 13 0.086764978536383611
7 14 0.0046242877171842585
7 15 0.089946796813000385
7 16 -0.09089999945622218
7 17 0.029422169323064608
7 18 0.094268207614701074
7 19 -0.069536809969515112
7 20 0.057803140235896805
7 21 0.0043105665375514314
7 22 -0.04651101778331955
7 23 -0.035205922758986645
7 24 -0.026196231827482014
7 25 -0.08145141174918441
7 26 -0.11860463769709932
7 27 0.1408394218566886
7 28 0.063339835413807999
7 29 0.072639046230516507
7 30 0.041788962446664565
7 31 -0.11043616323785964
7 32 0.18754275205207513
7 33 0.02710890838571893
7 34 0.016485797064043472
7 35 0.088700102141998832
7 36 0.0076762028496238097
7 37 -0.062302080460154972
7 38 -0.035632610856974042
7 39 -0.023880460302961162
7 40 -0.023195862845160918
7 41 0.052811840492439935
7 42 0.056406574297321217
7 43 -0.018141410594399957
7 44 -0.048582192795321132
7 45 0.14640455338315947
7 46 -0.041430402469451552
7 47 0.073136403016487703
7 48 0.055248185501695364
7 49 -0.069395014087978116
7 50 0.038846095769699163
7 51 0.036229160523226112
7 52 -0.054795120252213649
7 53 -0.030218768260934874
7 54 0.019773354516020209
7 55 0.075415101807460555
7 56 0.061820261417710146
7 57 -0.020607036462613419
7 58 0.036805116326494601
7 59 -0.0023190081882884257
7 60 0.011535576529644537
7 61 0.09299681890379409
7 62 0.006194359676846466
7 63 -0.043606051273377626
7 64 -0.016038124368621606
7 65 0.00088185715746220094
7 66 -0.003562472567083422
7 67 0.024136099386636883
7 68 -0.02997219660978185
7 69 -0.1561011488033284
7 70 -0.03075387048789752
7 71 0.054950369013828625
7 72 0.049392309945750751
7 73 -0.0018112733728851832
7 74 -0.023941253981282128
7 75 0.087691650119460549
7 76 0.0080490908126046243
7 77 0.036587935638653118
7 78 0.023987024196144908
7 79 0.1003407485267053
7 80 0.044549437693574875
7 81 0.09842301900537255
7 82 0.048347672829045125
7 83 -0.036833143226121613
7 84 -0.19502401804276864
7 85 -0.055070118690920926
7 86 -0.03041993888039542
7 87 -0.10772087466750906
7 88 -0.025125482050886837
7 89 0.0086109000208748031
7 90 0.18017030765700662
7 91 0.10585289638718881
7 92 -0.1465905533927315
7 93 0.066689028667237624
7 94 -0.047832632494739985
7 95 -0.0045305001493580266
7 96 0.023109804115746483
7 97 0.0079873356775891254
7 98 -0.042219888941035205
7 99 -0.099457924220326788
7 100 -0.19909301892176401
7 101 -0.00028781199042175124
7 102 -0.0090033853937782089
7 103 0.060498205950761642
7 104 -0.02969769068497112
7 105 0.025752382312116334
7 106 -0.00171121255781809
7 107 0.10576262331904961
7 108 -0.12017889828491521
7 109 -0.035935209770118215
7 110 0.12996782094176168
7 111 0.11302829136242783
7 112 -0.18210961891910249
7 113 0.05407655658094572
7 114 0.12881725007281769
7 115 -0.063595405168836869
7 116 -0.027722642788108112
7 117 0.13337568392806812
7 118 -0.0064006538679500392
7 119 0.038236322468418009
7 120 -0.063996134101705543
7 121 0.035830821254891246
7 122 0.055834488203023371
7 123 0.080810143876887147
7 124 -0.042758223686113581
7 125 -0.016822413885126911
7 126 -0.039998249672167897
7 127 -0.040464122713805645
7 128 0.020457515558404266
7 129 0.096210326272492624
7 130 0.15954683162136091
7 131 -0.031582212137819997
7 132 -0.12557424510363044
7 133 -0.060241292456320782
7 134 0.11485991958196537
7 135 0.013231693509381781
7 136 0.060675056463385876
7 137 -0.0018461806594584405
7 138 -0.018030111480188817
7 139 -0.12168471758333389
7 140 -0.047751850601012821
7 141 -0.045854186678156855
7 142 0.022898418114555411
7 143 0.0040075232900107591
7 144 0.026438050027698154
7 145 -0.041727593297627742
7 146 -0.076573488923598082
7 147 0.0434374153347558
7 148 -0.029858695671147052
7 149 0.039457849423782713
8 9 -0.055149497511475187
8 10 -0.083785152979670624
8 11 -0.019312220945996855
8 12 -0.047491319795410693
8 13 -0.15326222788567559
8 14 -0.097700519274309006
8 15 0.075532040291680327
8 16 0.15632377982556778
8 17 0.018571380955093544
8 18 -0.024050021069711998
8 19 0.017329687496456414
8 20 0.046980357359856839
8 21 0.080902636094579428
8 22 -0.066282457015800572
8 23 -0.043355439842381105
8 24 0.047565870315234765
8 25 0.026246722446144972
8 26 -0.080199911425009512
8 27 -0.15976925849438178
8 28 -0.035446784677445727
8 29 0.10002494217664186
8 30 0.015101841830666447
8 31 0.035757438030659706
8 32 0.060702284894268814
8 33 -0.012421651871962397
8 34 0.095996316622002212
8 35 -0.089524433253060753
8 36 0.0086010842211789139
8 37 0.0068321339801159153
8 38 -0.1552072836891796
8 39 0.074322491815424496
8 40 -0.052853688841566659
8 41 -0.030048882538126622
8 42 0.1443361542587675
8 43 -0.0088885007401051045
8 44 -0.16458544421990068
8 45 0.054541308304651537
8 46 -0.059376177129032787
8 47 0.033980879768626314
8 48 -0.090877848223603272
8 49 0.10811195008574488
8 50 -0.16472253496643127
8 51 0.14104634464579657
8 52 0.050646035162573502
8 53 0.04747361639193378
8 54 0.089480147583012121
8 55 -0.04839674474169204
8 56 0.12571529683872185
8 57 0.063038724455664621
8 58 -0.013196153583524786
8 59 0.019460648952608704
8 60 -0.091216469808565556
8 61 0.056971845204102783
8 62 -0.034295351521015441
8 63 0.078461845052242393
8 64 0.088955320990268566
8 65 0.02345473766764266
8 66 0.024808387708359945
8 67 0.11292193599491368
8 68 -0.039499272959482704
8 69 -0.081564440026447707
8 70 0.20055750792759272
8 71 -0.086115387928765039
8 72 -0.10204133884034054
8 73 -0.039438208629144912
8 74 0.045813973176118641
8 75 0.0212812671284889
8 76 0.047054497730412571
8 77 -0.059720762542300805
8 78 -0.15421067288318083
8 79 0.064304860568398708
8 80 -0.030795902358034668
8 81 0.017391595701018499
8 82 -0.043596263079903032
8 83 0.013220506591561614
8 84 -0.063995487369786733
8 85 0.020807105386645892
8 86 -0.029283644904300427
8 87 0.16406448943655996
8 88 0.052375609794611803
8 89 -0.016656601307741586
8 90 -0.020933974083100954
8 91 0.091020715686630962
8 92 0.077934626017766587
8 93 0.14412972097198617
8 94 0.1287485808461977
8 95 -0.11350507248610492
8 96 0.012917007654397215
8 97 0.042205262024860288
8 98 -0.033941029503812739
8 99 -0.041501793571481559
8 100 0.21916275410705105
8 101 -0.012802291041697472
8 102 -0.077557913200418119
8 103 0.026943256398578974
8 104 -0.12866418757212994
8 105 0.13020368615692476
8 106 -0.031336418253027777
8 107 0.020935585278592312
8 108 -0.011962292801916288
8 109 -0.044664442309632214
8 110 -0.12634815729064497
8 111 0.24266900030197053
8 112 0.038017819461267588
8 113 -0.18821943605379923
8 114 -0.10583915264958052
8 115 0.14953167148043275
8 116 0.10231919385266898
8 117 0.034935553476893096
8 118 -0.043880197142862606
8 119 -0.13475426658476466
8 120 0.10036945255585604
8 121 -0.038993175531076299
8 122 0.039475803187899144
8 123 -0.011428376013008395
8 124 -0.05256358242879499
8 125 -0.079362489239844736
8 126 -0.014385614682132271
8 127 -0.072595559921871
8 128 -0.049552350779508356
8 129 -0.016108283432691124
8 130 0.047741569721804843
8 131 -0.0061203441535315553
8 132 -0.054223966522061857
8 133 0.12089527488013342
8 134 -0.12064945523189692
8 135 0.002252687188545573
8 136 0.035849425920569299
8 137 0.0029470266138890001
8 138 0.10489970065904812
8 139 -0.044314509696025392
8 140 -0.062582633187498724
8 141 -0.034591181606578654
8 142 0.095386218767672212
8 143 0.12843268707777111
8 144 -0.039443018496162524
8 145 -0.20762055827179218
8 146 -0.057708365953203881
8 147 0.010406072662044134
8 148 0.015927155054870169
8 149 -0.050262507838912174
9 10 0.038193398715473038
9 11 -0.0092309156609057027
9 12 0.0038035537355022722
9 13 0.039561015767597546
9 14 0.041345125076290921
9 15 -0.023436112251715609
9 16 -0.1620964464625741
9 17 0.1006875753592683
9 18 -0.076024704891604941
9 19 -0.13780219349476955
9 20 -0.0093785454403877908
9 21 0.0042066658638654558
9 22 -0.041357858059543756
9 23 -0.04077319080292164
9 24 0.011824279325791781
9 25 0.088790266535233878
9 26 0.0067408151555711279
9 27 -0.017231614769742071
9 28 0.12160873339257952
9 29 -0.21420216973251616
9 30 -0.10708701217066785
9 31 -0.012958379805624236
9 32 0.016145653713553931
9 33 0.038634255609355121
9 34 -0.0020900657771309862
9 35 0.028422585638307126
9 36 0.039036549724533326
9 37 -0.0020443956596296062
9 38 0.00075437215782277536
9 39 -0.19173256320893967
9 40 0.016286202109909068
9 41 -0.062758674569534587
9 42 -0.0048643084328582071
9 43 -0.048381686631568666
9 44 0.053788041393795102
9 45 -0.067079905107768095
9 46 0.04936026928937106
9 47 0.027718012197228897
9 48 -0.010618239066907944
9 49 -0.0044481908860251242
9 50 -0.026679708099631088
9 51 0.14243528222393778
9 52 -0.16234535458675101
9 53 0.036463284208297281
9 54 -0.12007528478225828
9 55 0.04846180351959057
9 56 0.15636730630672058
9 57 0.083059883729263331
9 58 -0.11621642920737692
9 59 0.11652362978291385
9 60 0.093310419159291044
9 61 0.035391843957153772
9 62 0.060207212327311223
9 63 0.068369604322670238
9 64 -0.056647735964946704
9 65 0.068055923233740281
9 66 0.020762763799400327
9 67 0.033575711702459217
9 68 -0.028800128804062561
9 69 -0.097428885814456856
9 70 -0.0086063475958424486
9 71 -0.14125731078165724
9 72 -0.082210825158280473
9 73 0.0090728931374453418
9 74 -0.12487744895439966
9 75 0.20202746089453616
9 76 0.028698890393720956
9 77 0.0077789852027071588
9 78 -0.037400694540355779
9 79 0.084006731842516599
9 80 0.0087075615548444143
9 81 0.042555151070966045
9 82 -0.043852846368542475
9 83 0.16876171761500586
9 84 -0.080866206232268201
9 85 0.0056686358134283004
9 86 0.059326345633718969
9 87 0.014357192543153732
9 88 -0.0090134958138749638
9 89 -0.0062466204912621772
9 90 0.06723433914608587
9 91 -0.035560887418712113
9 92 0.15931555997495339
9 93 0.06687251462984313
9 94 0.045214336820091384
9 95 -0.018280744673178532
9 96 -0.14554934337199874
9 97 -0.015222637196522398
9 98 -0.051511543685588926
9 99 -0.078932628845480482
9 100 -0.13583451519658674
9 101 0.12350413715610307
9 102 -0.10655018923647905
9 103 0.068424847288821838
9 104 -0.13446687346202174
9 105 -0.0016060780459411412
9 106 0.0086710649990929811
9 107 -0.010882383943904787
9 108 0.13094563178804319
9 109 -0.0072610491791252497
9 110 -0.067700655974627127
9 111 -0.031091942161393601
9 112 -0.034484186925804669
9 113 0.016418750731490343
9 114 -0.006328352108885652
9 115 -0.056324215691767154
9 116 0.046754954531885461
9 117 0.052794650566432753
9 118 0.037217011414053321
9 119 0.042609852504982212
9 120 -0.031251193356716458
9 121 -0.050741941976925359
9 122 -0.02788748080899274
9 123 0.0011574455000671578
9 124 0.1665039722396959
9 125 -0.10982020960565513
9 126 -0.004730006165580722
9 127 0.098978385270223318
9 128 0.017932197485797982
9 129 -0.080384666360916179
9 130 0.032435235059242992
9 131 0.049364648022349585
9 132 -0.13307404037008053
9 133 0.16879924783293368
9 134 -0.034726751645118521
9 135 0.10515025978266818
9 136 -0.13099387796002224
9 137 0.095110134311470418
9 138 0.033554855440203396
9 139 0.039823720465319373
9 140 -0.00017403741834219762
9 141 0.016710296144555423
9 142 -0.029057054492866528
9 143 0.052816904658106331
9 144 0.023586980174955252
9 145 -0.029657965389159689
9 146 0.12011946963026031
9 147 0.045048600662610919
9 148 0.19811870678170096
9 149 0.0013162354371146383
10 11 -0.088336041720799355
10 12 0.17973708192856017
10 13 0.11519324443954176
10 14 -0.012927465783228842
10 15 -0.030311273513930172
10 16 0.037506039565136567
10 17 -0.077880431193993141
10 18 0.030046730951709351
10 19 0.046085815052896224
10 20 0.076938585948176139
10 21 -0.00077840959891309748
10 22 0.12939390064571052
10 23 -0.028560815167434403
10 24 0.076734413918635169
10 25 0.097014249500629451
10 26 0.021151944976300473
10 27 0.12136654067416146
10 28 -0.17740422656334276
10 29 -0.049606680365667226
10 30 0.021822552657759738
10 31 0.079066579028683276
10 32 0.038984485864271591
10 33 -0.09127113173360156
10 34 -0.039898885399359207
10 35 -0.075086633736191843
10 36 0.10396097295500391
10 37 -0.12532780770653143
10 38 0.10624221452091366
10 39 -0.14459217189033685
10 40 -0.063806519240448181
10 41 -0.0063666658254091261
10 42 0.052035749719563623
10 43 0.016325501336863817
10 44 0.01454021027869439
10 45 0.089922620810169121
10 46 -0.082521709038183316
10 47 -0.042692387601146735
10 48 0.01935333842833473
10 49 -0.0030394264909948884
10 50 0.013082881292443227
10 51 0.035586440737993448
10 52 -0.043572269188332929
10 53 -0.044728298135925756
10 54 0.099987382807989494
10 55 0.021448666929004014
10 56 0.021837061193566435
10 57 0.03811318332836057
10 58 -0.043267854662015201
10 59 0.046549227311562205
10 60 0.057542229667021452
10 61 0.063109258199131241
10 62 -0.095978342116509421
10 63 0.092842470665532334
10 64 -0.047529556899256344
10 65 -0.051636301945380034
10 66 0.037121810398088415
10 67 -0.036008581380364772
10 68 -0.16884973269496639
10 69 -0.05304334417567616
10 70 0.011195289471861063
10 71 0.10296997439966088
10 72 -0.052942693222699969
10 73 0.074724265926776903
10 74 0.14268661146285874
10 75 -0.055476271295711893
10 76 -0.055599644564947169
10 77 -0.054052910581326115
10 78 0.074335964695085632
10 79 0.17174223322574966
10 80 0.066933364305987841
10 81 0.0078909943834901911
10 82 -0.044765435863074507
10 83 -0.027540102943178567
10 84 -0.14034396166102617
10 85 0.035730407728381833
10 86 -0.0026376639232896242
10 87 -0.1122019203391031
10 88 -0.017219368539500717
10 89 0.038692127341840861
10 90 0.13292185709527224
10 91 -0.052604217433470803
10 92 -0.049467991382169868
10 93 0.067944278268994268
10 94 0.06679780811268253
10 95 0.025345943348888976
10 96 -0.09749736042877645
10 97 -0.073832033920438161
10 98 -0.017824340681316421
10 99 0.2024426936043871
10 100 0.056855250634488035
10 101 -0.035256814587879486
10 102 -0.029144252895584252
10 103 0.055047979655744816
10 104 -0.059096160204921519
10 105 0.13938915872069021
10 106 -0.1425363252272146
10 107 -0.070047703706525605
10 108 0.1018318909273873
10 109 0.073084647960154875
10 110 -0.0093352881018991061
10 111 -0.043616239258476616
10 112 0.053799520634007489
10 113 -0.05878485549425868
10 114 0.066007529741451187
10 115 -0.087637475171961118
10 116 -0.10591510780804984
10 117 -0.002420238540932527
10 118 -0.010047396520564928
10 119 0.034717280934765872
10 120 0.014124140274778645
10 121 -0.07580608506737925
10 122 -0.067303085700394602
10 123 -0.12869586458569215
10 124 -0.082902385523367345
10 125 -0.0030227461800626811
10 126 0.1451782412573851
10 127 0.089148791023648963
10 128 0.0086026126053368266
10 129 -0.020239606750328744
10 130 -0.068071155554487589
10 131 0.027675813581973571
10 132 -0.076981243319819023
10 133 -0.0060216742990824327
10 134 -0.089218558166026321
10 135 -0.073490888209314639
10 136 -0.063789802537015564
10 137 0.07073906562194239
10 138 0.023503283291737172
10 139 0.028453696317490586
10 140 -0.066264941331896449
10 141 -0.012090151214548471
10 142 -0.021675852161415678
10 143 0.037076617184226793
10 144 0.043850644768317543
10 145 -0.15536940403717042
10 146 0.059471438584737607
10 147 0.034078369948302066
10 148 0.023796600224090247
10 149 0.048735758097997385
11 12 0.00076442756370995581
11 13 -0.021121770538237397
11 14 0.092686396486260619
11 15 -0.010907077327600573
11 16 -0.010254900049129979
11 17 -0.025709043556738229
11 18 -0.061855752326959862
11 19 -0.095035607901566857
11 20 0.044760168464473921
11 21 0.063664757866951471
11 22 0.028071552852438848
11 23 0.020734894681309318
11 24 -0.095273293883434196
11 25 0.053000757480406759
11 26 -0.067530777682417178
11 27 0.059366407428176171
11 28 0.10079203053909098
11 29 -0.017123957209717787
11 30 -0.030674749842313158
11 31 0.060599380276945385
11 32 0.011417568032413941
11 33 0.017951622335721146
11 34 0.044877885182752035
11 35 -0.0040561399819605869
11 36 -0.1159210557849592
11 37 0.14838699492399393
11 38 -0.046922397634975042
11 39 0.037236526418713202
11 40 0.12887868415639428
11 41 0.12720820161999891
11 42 0.021559225611971915
11 43 0.055439679565590969
11 44 0.011565958336318918
11 45 -0.2426726182420692
11 46 0.080997206348791984
11 47 -0.22648779394845883
11 48 -0.055881730927527511
11 49 0.010905593895342397
11 50 0.055874574807761257
11 51 0.006502233267700888
11 52 0.014221258616400875
11 53 -0.016619598519402919
11 54 -0.094217623586108745
11 55 0.027916173308204322
11 56 -0.14626656687090467
11 57 0.019845811554084967
11 58 0.034844946203198349
11 59 0.069152250398862775
11 60 -0.074223457914099025
11 61 0.076444369283112074
11 62 -0.041270270835365247
11 63 0.089138429242736905
11 64 0.05443157290488166
11 65 0.055973946681370047
11 66 0.12523202636133085
11 67 0.0057078902140594752
11 68 0.068465236811187297
11 69 0.054644371358291297
11 70 -0.20045166111112261
11 71 -0.099977054132472543
11 72 0.13478067545054304
11 73 0.0068862884237408826
11 74 0.043819888256325636
11 75 0.082511200883241112
11 76 0.044029513589440461
11 77 0.16859427755835996
11 78 0.11220880764414894
11 79 -0.026987368744749784
11 80 0.036859540647572325
11 81 -0.049899364725931483
11 82 -0.024878686620771608
11 83 -0.039829277182634647
11 84 -0.082591597294612934
11 85 -0.06766577176397276
11 86 0.10512548576437687
11 87 0.015733299694005807
11 88 0.028430109289311545
11 89 0.12581279788988864
11 90 -0.10736098315706974
11 91 0.050556177600172787
11 92 -0.10052579336728713
11 93 0.022013256329923833
11 94 0.0047064088796228932
11 95 0.020546627573819334
11 96 -0.029050397931402239
11 97 -0.039119456470373092
11 98 -0.04905664513781139
11 99 -0.062583198562417189
11 100 -0.00034332560420910659
11 101 -0.024637049383760923
11 102 0.031831344771742688
11 103 0.14231765761162235
11 104 0.047443068871053318
11 105 -0.018791090831723287
11 106 -0.05423015757525472
11 107 -0.066185097014238248
11 108 0.11372208288184524
11 109 -0.079615468782755869
11 110 -0.07036634690251925
11 111 -0.14102794940683985
11 112 -0.045399154442047382
11 113 -0.023328175536470524
11 114 0.063416309106586452
11 115 0.021646208808616847
11 116 0.0057785791637326592
11 117 -0.025104546203967487
11 118 0.064011991735699089
11 119 0.057449340584140592
11 120 -0.027048732481819264
11 121 0.059866598604899367
11 122 -0.025298318898953544
11 123 -0.14369453682795066
11 124 0.061206638685614594
11 125 0.0063557315805580729
11 126 -0.10834640368359737
11 127 0.10349300997404721
11 128 0.081721475890418421
11 129 0.049879329025277253
11 130 0.027445568116871571
11 131 -0.099533520224179786
11 132 -0.059918254020343557
11 133 0.02669880027640122
11 134 0.048235734827798332
11 135 0.071599653483914644
11 136 0.079198349036411181
11 137 -0.045572187570034478
11 138 0.011320700154902179
11 139 0.083169789445546941
11 140 -0.029606351328470035
11 141 -0.017055076048268909
11 142 0.07399503618383077
11 143 0.018378287367587995
11 144 0.0044980745724525666
11 145 -0.045511493736200954
11 146 0.041941628256712583
11 147 -0.017530692018013112
11 148 -0.042229913792214122
11 149 0.0087422920582830264
12 13 0.077396231043400196
12 14 -0.084898324642249542
12 15 0.080774101703085521
12 16 0.040155560825564353
12 17 -0.047151594547892174
12 18 -0.0014019779964419441
12 19 -0.079445213214823576
12 20 -0.032946236669572054
12 21 -0.062497493743984847
12 22 -0.11158326495627933
12 23 0.059181421944125699
12 24 0.022428747102319412
12 25 0.10972783801699429
12 26 -0.047259128062591318
12 27 -0.0069691879144843536
12 28 -0.1103952007692446
12 29 0.10210401054069421
12 30 0.16332562477982668
12 31 -0.041652165320851357
12 32 -0.10451994360396515
12 33 -0.014836923968933656
12 34 -0.046537859370069781
12 35 0.0048142050165205438
12 36 0.055436247177410962
12 37 0.097346909526954517
12 38 -0.074775312922949047
12 39 0.041115545190098836
12 40 0.044336555348147434
12 41 0.067472165472913986
12 42 0.023922438905931098
12 43 -0.046701867244438484
12 44 0.027012156452889881
12 45 0.092759085775556208
12 46 -0.1116418674893425
12 47 -0.054850706509600305
12 48 0.12212229274870891
12 49 0.038162616830232407
12 50 0.079776623953241976
12 51 0.081966919815956593
12 52 0.094789262703093832
12 53 -0.079332845949301595
12 54 -0.068002434611842119
12 55 -0.11815608310733752
12 56 6.4615408581540851e-05
12 57 0.045232261660919072
12 58 0.011002330616196546
12 59 0.081381948363333442
12 60 0.039603706393994846
12 61 -0.036579429975468911
12 62 0.15866831789986013
12 63 0.0299760491516919
12 64 0.040447790381246587
12 65 0.11346624970463898
12 66 -0.072382909472014562
12 67 -0.038550451822977901
12 68 -0.0044145402098970856
12 69 -0.033875869380118773
12 70 -0.08513419070124599
12 71 -0.026565769806017089
12 72 -0.10766639365353133
12 73 -0.065108632955015205
12 74 0.0089877000883959134
12 75 0.0010715568391788538
12 76 -0.021296422507973631
12 77 0.028115531280964012
12 78 -0.10941493515477986
12 79 -0.011100221848692518
12 80 -0.13091251233242954
12 81 0.045976220906168978
12 82 0.0052014169189924398
12 83 -0.01362380922704543
12 84 0.033804242205288965
12 85 0.30950199200030964
12 86 0.1399091524164349
12 87 0.086371046741533744
12 88 -0.060813034768445531
12 89 -0.060382787384613223
12 90 0.049123436682961083
12 91 0.05094517542931358
12 92 0.14672325525807034
12 93 0.011848154319528077
12 94 0.0035830475026748586
12 95 -0.0020345656491673747
12 96 0.13160052268869774
12 97 0.23956241482432916
12 98 0.0090375776949280645
12 99 0.2125410984893307
12 100 0.084810427429754739
12 101 -0.019940895917188589
12 102 -0.078656286664294153
12 103 -0.13116963959978561
12 104 0.0022215238938299944
12 105 0.0098051398001247139
12 106 -0.015781968985530772
12 107 -0.021719346532546573
12 108 0.14487432887155019
12 109 -0.073884690974321862
12 110 0.12140508068147239
12 111 -0.039252113471811109
12 112 -0.11718042929548816
12 113 -0.10021696400630466
12 114 -0.15943310194752833
12 115 0.021819907759663203
12 116 0.098633501814558641
12 117 0.054863134545235566
12 118 0.011762047769677533
12 119 0.022149167155536637
12 120 0.010425453514724986
12 121 0.022099348848748396
12 122 0.13082185833424645
12 123 0.11411470886359334
12 124 0.024762851048673703
12 125 -0.005053329622452021
12 126 -0.064795374739256048
12 127 -0.032262149209772294
12 128 0.04790910059349452
12 129 0.066747540901786084
12 130 0.001821289450930315
12 131 0.0064997839743549668
12 132 -0.048377940621686988
12 133 0.079731921845317175
12 134 -0.13034857942950817
12 135 0.019151871774631728
12 136 -0.005303336497642812
12 137 -0.058783039188996633
12 138 0.054914989581955717
12 139 0.17213593166291835
12 140 -0.034083526444735966
12 141 0.051941626661903592
12 142 -0.081374476272834381
12 143 0.022297369381410602
12 144 0.076329407162883431
12 145 -0.016938762497103257
12 146 -0.14274579769838214
12 147 0.065752264316235112
12 148 0.13904698119032802
12 149 0.016684983362124796
13 14 -0.037366239451751757
13 15 -0.045790120345232818
13 16 0.018327226545205529
13 17 0.05238051607040406
13 18 0.10293236451456875
13 19 -0.12711060160513421
13 20 0.051283131699226783
13 21 0.14770407626819954
13 22 -0.0058401441364813299
13 23 0.10909617610911589
13 24 -0.21791662489072666
13 25 0.031364084614212286
13 26 0.00070195227439321176
13 27 -0.099953979066495544
13 28 0.047636648879392417
13 29 0.069435291848289296
13 30 0.056998582750970674
13 31 -0.10846565659127576
13 32 0.095678190382496545
13 33 0.039049635011074224
13 34 0.054815239180784119
13 35 0.087521568152899437
13 36 -0.12046997619752108
13 37 -0.024903708447461412
13 38 -0.061874532096349126
13 39 0.072061133808897809
13 40 0.0050633428107159989
13 41 0.041389952536321724
13 42 -0.025020573456897583
13 43 -0.028467272237397114
13 44 -0.039508284714143839
13 45 0.018861901081503093
13 46 -0.039827423239908073
13 47 -0.028024766120040977
13 48 0.058164394678526549
13 49 -0.059809574427640774
13 50 0.056162499832328822
13 51 0.00089389870437618462
13 52 -0.055673924536541027
13 53 0.26548710799225611
13 54 0.072068227455468231
13 55 -0.085890008299445222
13 56 -0.0247534375140047
13 57 -0.036933941618403479
13 58 -0.0026314552496726866
13 59 -0.10137557617071312
13 60 0.037874135834349287
13 61 -0.071703745583588871
13 62 0.052996435389855844
13 63 0.024478832499080557
13 64 0.12094869257253595
13 65 0.094533485607930734
13 66 -0.049866464826769562
13 67 -0.025211500734570534
13 68 0.088452334560349608
13 69 -0.058656729502978129
13 70 0.075841399063123427
13 71 -0.029022024957067252
13 72 0.065279405212157568
13 73 0.0142927025105881
13 74 0.014354756719594696
13 75 0.068611559170760908
13 76 -0.1571908117659527
13 77 -0.11788687097168304
13 78 0.1089055102318152
13 79 -0.075960413953258935
13 80 -0.041820420297644122
13 81 0.071622846367201981
13 82 -0.02995969637434508
13 83 -0.12271924794675024
13 84 -0.12937312457221573
13 85 -0.0068635366007290958
13 86 0.091536785436105689
13 87 -0.0012462573366231195
13 88 0.089772408907456733
13 89 -0.0087165640675322207
13 90 0.057312928901951429
13 91 0.033911773162593389
13 92 0.079959533702116212
13 93 -0.007079524949631817
13 94 -0.045153962689766743
13 95 -0.0076613443617999984
13 96 0.09636257117525808
13 97 -0.036740827470701877
13 98 -0.061436328817783652
13 99 -0.0035185904231079803
13 100 0.0082500042080916863
13 101 -0.04081474881889726
13 102 0.051516261371807655
13 103 0.036058425245348545
13 104 0.10146194856102955
13 105 0.023913866890295579
13 106 -0.12898946360939137
13 107 -0.06007195721170893
13 108 0.014809664636473832
13 109 0.10364654454213088
13 110 0.012128088410751832
13 111 0.075679542291458415
13 112 -0.07834178153391802
13 113 -0.047981744809268846
13 114 0.097933217397786723
13 115 0.037885892976000965
13 116 -0.10113626264156916
13 117 -0.035779691303253015
13 118 -0.027993840995300379
13 119 0.031066470863589164
13 120 0.0061999670950930817
13 121 -0.0041783852117435885
13 122 0.036562108631034158
13 123 0.019872629591382567
13 124 -0.075414689671880322
13 125 0.014396391514469524
13 126 0.0052071955560609321
13 127 0.035446718609503457
13 128 -0.11567870854597519
13 129 0.037803976615677436
13 130 0.040164885609314478
13 131 -0.046280758106590214
13 132 0.15015439153684362
13 133 -0.0048336030027123196
13 134 0.025413687317967577
13 135 0.085685622779222273
13 136 0.074502546033267864
13 137 0.066244531121148906
13 138 0.027447122846524254
13 139 -0.042281167274383191
13 140 0.049871435159517225
13 141 -0.035882581171162803
13 142 0.070851174628076052
13 143 -0.066226321607630506
13 144 -0.049957557368618545
13 145 0.06851603106177967
13 146 -0.039987014321475042
13 147 0.06409765432001216
13 148 0.02567129362702408
13 149 -0.18739615477788557
14 15 -0.075756856249567309
14 16 0.087770580456579553
14 17 -0.0028744158221802422
14 18 -0.044293750788633852
14 19 0.00074074859170619733
14 20 -0.040604577477634615
14 21 -0.032234759357490338
14 22 -0.022024546770836817
14 23 0.051369959291708893
14 24 -0.12575369986095314
14 25 0.0704511388944533
14 26 -0.029875417402675072
14 27 -0.042077510324530908
14 28 0.0049069217995555562
14 29 0.044037918770636154
14 30 0.0055585746671499578
14 31 0.069415656697135494
14 32 -0.037868354898234119
14 33 -0.13877516574324159
14 34 -0.053772230026850033
14 35 -0.00087101624082098735
14 36 -0.12298204433626229
14 37 0.036114694919293561
14 38 -0.014810589061235471
14 39 -0.10527335452817815
14 40 0.069395533410837165
14 41 0.069806571694979613
14 42 0.063071633318276907
14 43 0.0055804908052971662
14 44 -0.055844504655047721
14 45 0.084805548306176537
14 46 0.079730468691535439
14 47 0.12298459921390018
14 48 0.14169825985250628
14 49 0.11906700063992595
14 50 0.020919971898619025
14 51 0.012667754948404084
14 52 0.064151489060026309
14 53 -0.14761925990501365
14 54 -0.065821337591451534
14 55 0.08709745332002003
14 56 0.036228712880143343
14 57 -0.0096534577443308529
14 58 -0.031434341614690803
14 59 -0.074478986134296737
14 60 0.038246219405140419
14 61 0.17939984218778804
14 62 -0.016305440141966634
14 63 0.087855638943983849
14 64 -0.087545016969760137
14 65 0.024246592666182884
14 66 -0.025244917979106152
14 67 0.062434472912670701
14 68 0.19014272311995958
14 69 -0.10836719030807297
14 70 0.11571085584991105
14 71 0.19899873615448682
14 72 0.055734966436126451
14 73 0.070967228673465735
14 74 -0.079598113823163369
14 75 0.22140042688912059
14 76 -0.14570461494609591
14 77 0.15016675909982977
14 78 0.065379296170027704
14 79 0.040063107403846263
14 80 0.037049254147785225
14 81 0.027841581552586054
14 82 -0.074697069828514359
14 83 -0.024385583517592901
14 84 -0.10282694641691564
14 85 -0.12756776687261173
14 86 -0.052172116721221129
14 87 -0.040687421686142117
14 88 0.098281879000627112
14 89 0.059097516514911998
14 90 0.049119873923176627
14 91 0.078215521504819113
14 92 0.014258249948327636
14 93 -0.15569244973728871
14 94 -0.0050496671155901528
14 95 0.10852081093743797
14 96 0.0073430877177291234
14 97 0.034478397847464877
14 98 0.03645365521898155
14 99 -0.081776878759627594
14 100 0.0013418011420484571
14 101 -0.2071183469742498
14 102 -0.021806083784840016
14 103 0.074303293946463789
14 104 0.088813070372690178
14 105 0.0072232568848004108
14 106 -0.039279398653916588
14 107 -0.072584575424542427
14 108 -0.09387564148296583
14 109 0.026421141649067184
14 110 -0.12328662619544956
14 111 -0.072009807909695911
14 112 -0.025551387780822058
14 113 0.1281331903906191
14 114 0.051309140015960243
14 115 -0.096309978056082782
14 116 -0.044328356679241426
14 117 -0.030597700407428072
14 118 0.038530420477980776
14 119 -0.074028183242054749
14 120 -0.012456547714108007
14 121 0.070626677762089279
14 122 0.012940279238354455
14 123 -0.047391435867879007
14 124 0.037480626617002834
14 125 0.11276339054581988
14 126 0.009667799522710175
14 127 -0.08435006622205353
14 128 0.023024647668701905
14 129 -0.14656741532800438
14 130 0.048088732290741093
14 131 -0.10132795726056028
14 132 -0.13151315917389597
14 133 -0.040721064764074374
14 134 0.0015091625763070894
14 135 -0.012660476707681317
14 136 -0.071990989961763077
14 137 0.13846579172709211
14 138 0.070606010490251447
14 139 0.051278299066481167
14 140 0.077663101577105279
14 141 -0.088394161292693049
14 142 0.052304059818982181
14 143 0.051675279846711664
14 144 -0.084339521065389111
14 145 0.01695272560560895
14 146 0.08861203189133654
14 147 0.10669147028850644
14 148 -0.13417954718756769
14 149 -0.0041511724008152558
15 16 -0.035799339806264714
15 17 0.070942129521156416
15 18 -0.053964903415025751
15 19 0.10089657172866855
15 20 0.023247373248920102
15 21 -0.15472515187876146
15 22 0.047259285578728112
15 23 0.069347388916504743
15 24 0.04169033445334671
15 25 -0.0071320669443555636
15 26 0.00017552683805660541
15 27 0.084689352300038406
15 28 -0.078860324257619421
15 29 0.014737836402213855
15 30 -0.10241443832966582
15 31 -0.00037356522638128039
15 32 0.073107319042499008
15 33 0.0045769598160585925
15 34 -0.020708636123646432
15 35 -0.1018943480223929
15 36 0.084248694114299041
15 37 -0.055263632938969812
15 38 -0.12507781307919316
15 39 0.06178129482553063
15 40 -0.018030221277911328
15 41 0.01967166152901343
15 42 -0.0071239411105426375
15 43 0.012482216229048925
15 44 -0.085020713559650199
15 45 0.07784426935461751
15 46 -0.13966926552412581
15 47 -0.17987724989636777
15 48 -0.21919991292819824
15 49 0.063546622046831036
15 50 0.11312483570912446
15 51 0.08465959582021379
15 52 -0.080339100541173145
15 53 -0.10316494739452539
15 54 -0.14357813284222751
15 55 -0.039769203351047042
15 56 0.055573921330279372
15 57 -0.070011905704771851
15 58 0.032115112222778797
15 59 0.065757508380383342
15 60 -0.16538039751081884
15 61 -0.0048503722757579056
15 62 -0.10519871268533888
15 63 -0.043655062009329219
15 64 0.045980062982547872
15 65 -0.058988857197052477
15 66 0.057120063588077578
15 67 -0.048569030365797239
15 68 -0.012512874117742292
15 69 -0.13189436184043515
15 70 0.083991868546058099
15 71 0.051379602056304235
15 72 -0.0022442333791199746
15 73 -0.0032676586610360073
15 74 -0.052997613788932356
15 75 -0.058962799345580873
15 76 0.082829584782467464
15 77 0.049764988462378139
15 78 0.05683512778282114
15 79 -0.052195229136436067
15 80 -0.1287062265151438
15 81 -0.085998795843140574
15 82 -0.088267482219322208
15 83 -0.071050698184963595
15 84 0.105246746694176
15 85 0.084989450643179795
15 86 0.0072103305061123257
15 87 -0.12294991995345872
15 88 -0.13781635399290659
15 89 -0.080156356959814642
15 90 0.04392031028340105
15 91 -0.046848290885241728
15 92 -0.036313578598750555
15 93 -0.084417806419892549
15 94 -0.11373090178457562
15 95 -0.17547552554987056
15 96 -0.087347475313114167
15 97 0.078802013579643199
15 98 -0.019008624771298818
15 99 -0.021174072091061188
15 100 0.16594318316686246
15 101 -0.15210223835765269
15 102 0.038432928337937815
15 103 -0.026395931224876094
15 104 0.056567155963697636
15 105 0.08198787042259742
15 106 -0.010555214839430707
15 107 0.011783064151389595
15 108 -0.17391060955742452
15 109 -0.024063805753598188
15 110 -0.029043495083553989
15 111 0.019108593922001805
15 112 0.11642912510400077
15 113 -0.042876904313656955
15 114 -0.029514478160018842
15 115 -0.079338340547715366
15 116 -0.0029911200270379434
15 117 -0.078704113864188061
15 118 -0.027853938922542187
15 119 0.038676709668638662
15 120 0.14513637467952642
15 121 -0.0035255657698057899
15 122 0.074746690034874497
15 123 -0.099599959727566592
15 124 0.0720521330902653
15 125 -0.036118860788570961
15 126 -0.20882423258047098
15 127 0.014187507845576068
15 128 0.034987447766102367
15 129 -0.019237608793883483
15 130 0.12014369409832658
15 131 0.063546960724708404
15 132 -0.037701637220120064
15 133 0.039343956738648517
15 134 -0.080697166985347055
15 135 0.14578287967351614
15 136 0.053303862451133395
15 137 0.10303105156083739
15 138 0.059877978086530316
15 139 -0.004355396426528318
15 140 0.051583535982785797
15 141 -0.049627434488801733
15 142 -0.089826772836441748
15 143 0.042930178221148016
15 144 -0.11183531755981077
15 145 -0.014900841369262799
15 146 -0.084268759036931332
15 147 0.16583483126616874
15 148 -0.0051350806315119167
15 149 0.16486291086636179
16 17 -0.052709301782910431
16 18 -0.10242954800979266
16 19 0.016041930895846601
16 20 -0.02376455503622105
16 21 0.05602375959918255
16 22 -0.10539145717328102
16 23 -0.0088121953021901376
16 24 -0.063540134882765248
16 25 -0.013916013473001219
16 26 0.0073254681156149012
16 27 -0.088987917993988697
16 28 0.078587162401765942
16 29 0.019665928662480209
16 30 0.098088414003198524
16 31 -0.034180964106677272
16 32 0.0032620581560411288
16 33 -0.053281620674142618
16 34 0.050859473200599366
16 35 0.097694153856454788
16 36 -0.026938295221703521
16 37 -0.14059452935280056
16 38 -0.0095709529386883985
16 39 -0.16667316900887402
16 40 -0.053250938696816047
16 41 0.10153035983450984
16 42 -0.068265536840750068
16 43 -0.1278007561501403
16 44 0.03740873514278123
16 45 0.17389182795889835
16 46 -0.0015176839399839469
16 47 -0.060067418026280628
16 48 -0.0066308385022619994
16 49 -0.091178339300861819
16 50 0.011702417416193591
16 51 0.019819995732891955
16 52 -0.080168050667790203
16 53 0.032572842003298678
16 54 0.028314245347234444
16 55 0.10653644965200708
16 56 0.013983405428728606
16 57 0.059263872166519703
16 58 -0.092038203244017
16 59 0.05205246881206483
16 60 -0.036679237735214983
16 61 -0.094263920065314991
16 62 -0.064409314164595888
16 63 0.015228057415801265
16 64 -0.10693533371372593
16 65 -0.032948358010130657
16 66 -0.0077536464419107739
16 67 -0.070694243027712989
16 68 -0.017310833750063447
16 69 -0.097219259392899715
16 70 0.11822700173226079
16 71 -0.12397598974421047
16 72 -0.054810746484492412
16 73 0.016875276467367875
16 74 0.017430664114222966
16 75 0.18484290852897295
16 76 -0.12847752442143565
16 77 0.0074606511397985603
16 78 0.080050618570798301
16 79 0.085094424992079323
16 80 0.02175881741832331
16 81 -0.0016500389433992935
16 82 -0.039608625192147105
16 83 -0.14581832608779843
16 84 0.10743007880750456
16 85 0.051572538995568656
16 86 -0.092817446354743899
16 87 -0.016222711706177107
16 88 0.10343831367663243
16 89 0.012725655646437569
16 90 -0.037725854602863755
16 91 -0.046993796451554701
16 92 0.15887970723489481
16 93 0.14480536900058685
16 94 -0.031322545167132197
16 95 0.05435150315029573
16 96 0.1145749459014808
16 97 -0.0079648047916884412
16 98 0.023420609826705772
16 99 0.12478209171960583
16 100 0.11152189457119534
16 101 -0.053808375082311462
16 102 -0.083704611227018805
16 103 0.049260883806557181
16 104 0.056180817165572022
16 105 -0.052824306399297707
16 106 0.29917734271312951
16 107 -0.0053868289187907273
16 108 0.039460440769899498
16 109 0.042236128120612469
16 110 0.091648122511658131
16 111 -0.034071444474359051
16 112 0.054747306928949309
16 113 0.044137831696956883
16 114 0.093330238865412266
16 115 -0.0012714296897601461
16 116 0.0078624430451494955
16 117 0.041345561933404683
16 118 0.015483388412020105
16 119 0.064542985875221726
16 120 0.032837497584125817
16 121 0.017421838971572408
16 122 -0.083046097770677813
16 123 -0.090224559992531525
16 124 0.076150096492093866
16 125 -0.10668264782034573
16 126 0.00047158914515918661
16 127 -0.032766350656096302
16 128 -0.026273450728080471
16 129 0.13808669104830559
16 130 0.037164750001412637
16 131 0.070696221545147084
16 132 -0.014470142653847001
16 133 -0.13436133966238795
16 134 -0.010147134591328561
16 135 0.0038439470316353349
16 136 -0.047317398374662208
16 137 -0.0300717728586819
16 138 0.12301564073752375
16 139 0.067392140239777201
16 140 -0.0067908251441777629
16 141 0.054855995614868626
16 142 0.036496035792638791
16 143 -0.081797450722337642
16 144 0.025367527234455033
16 145 -0.008245433660514518
16 146 -0.11480305938121903
16 147 -0.011966290036098379
16 148 0.0057664296135604819
16 149 -0.024120628552803596
17 18 0.10123405179704327
17 19 0.06955146526895481
17 20 0.06818328170238544
17 21 -0.09933080598922886
17 22 -0.10570553818305793
17 23 0.10411683117037653
17 24 0.12486385190717965
17 25 -0.00070121357910313351
17 26 0.03027095502786609
17 27 -0.038153179802185883
17 28 0.17931924325811516
17 29 -0.088694232753461541
17 30 -0.076955467689682977
17 31 0.043590137966611389
17 32 -0.028820140898241267
17 33 -0.095254691435458061
17 34 0.010913337742610087
17 35 0.11519550187806415
17 36 0.12883213343117469
17 37 -0.009745905148333631
17 38 0.032286599251427059
17 39 -0.15962211846992602
17 40 -0.099150613351909028
17 41 0.01107850183073035
17 42 0.079567613138726276
17 43 0.050877070823584392
17 44 0.014289551124729093
17 45 0.012107691515245709
17 46 -0.029348262566623349
17 47 -0.009930452157806257
17 48 -0.048104404268544516
17 49 -0.16658826458064521
17 50 0.006899272160091373
17 51 0.024496410646437917
17 52 0.044044605056157905
17 53 -0.10189334824702562
17 54 -0.051443216117046123
17 55 -0.062169520506934389
17 56 -0.10363027016534354
17 57 -0.09495369192971212
17 58 0.068076702505765294
17 59 0.076019315087404851
17 60 -0.087176172083909667
17 61 -0.067485644632179612
17 62 -0.15187445417393169
17 63 0.042026567531143186
17 64 0.085289525049475429
17 65 -0.041459146238346616
17 66 -0.011872510251006925
17 67 0.058836392398548286
17 68 0.16085746265710668
17 69 -0.080123591762617963
17 70 0.14657609060632912
17 71 0.057083875300237494
17 72 0.036575045580456177
17 73 0.0085080741434708923
17 74 0.025260068475376603
17 75 -0.00057750777706126917
17 76 0.0063491801602085151
17 77 -0.0045409014939294138
17 78 -0.022006116819341587
17 79 -0.03902186034351883
17 80 -0.027037726122588954
17 81 0.080673999351837777
17 82 0.030533538737132722
17 83 -0.11717717717605557
17 84 -0.086416239995737443
17 85 -0.046082368557457808
17 86 -0.012745486516366747
17 87 -0.1486651404552691
17 88 -0.024913374945675977
17 89 -0.081312267543060285
17 90 0.037064924619996505
17 91 -0.056474755497111361
17 92 -0.045827734050358636
17 93 0.066522932236059443
17 94 -0.10521141537061869
17 95 -0.033839016677279919
17 96 -0.02178725668216331
17 97 -0.16722101102507811
17 98 -0.068976229165583783
17 99 -0.068736500497575362
17 100 -0.029161162126360374
17 101 -0.20477549874607257
17 102 -0.0097552897406051851
17 103 0.0088425364031425695
17 104 0.028898119167871942
17 105 -0.22538689463435083
17 106 -0.015000132429852266
17 107 0.13906256020694893
17 108 -0.056508522037695449
17 109 -0.0052042087862230494
17 110 -0.15411762975330168
17 111 0.025730120252207573
17 112 -0.0022627231565366971
17 113 0.031482470948358765
17 114 -0.063951399213104332
17 115 0.14309377567802711
17 116 -0.087393289877771577
17 117 -0.00022341174711859853
17 118 0.18589355967080687
17 119 0.016026561057608052
17 120 0.062729070464357828
17 121 0.1345192310564437
17 122 -0.01532173843949863
17 123 -0.031883072504944057
17 124 0.050467543621069567
17 125 -0.17891432703866228
17 126 0.037899778895776927
17 127 0.098199389549766078
17 128 -0.040411911497521491
17 129 -4.6691752012524359e-05
17 130 0.0094812053511277861
17 131 0.1012389336476375
17 132 0.06130867467362279
17 133 0.012194806768331392
17 134 0.00094640083431848313
17 135 -0.084077386639066498
17 136 0.052323128153980311
17 137 -0.11319262826868798
17 138 0.064796179230149686
17 139 -0.10966171567112203
17 140 -0.080479452268802765
17 141 0.048176921384881111
17 142 0.07834996068739887
17 143 0.077081493113304284
17 144 0.034932331190085555
17 145 0.09000437521934794
17 146 -8.0704433144956837e-05
17 147 0.13492598095712063
17 148 -0.065614683954357475
17 149 -0.10696235088955494
18 19 0.091093281445530111
18 20 0.044605063434841004
18 21 -0.0008671392304581085
18 22 -0.027480489630076443
18 23 -0.063801809294976197
18 24 -0.018035307920457953
18 25 -0.011482452051701196
18 26 0.012252888648027385
18 27 0.13276432152543963
18 28 0.10281853198354371
18 29 -0.041499083464567266
18 30 -0.10191017573342877
18 31 -0.054098517074516322
18 32 -0.018096395862758134
18 33 -0.010563191342809355
18 34 -0.034562863832265561
18 35 -0.07232544382680256
18 36 0.11062754823496611
18 37 0.073415318820347436
18 38 0.14348697398249646
18 39 0.012717239495633062
18 40 -0.026874703733728741
18 41 0.045550642174206367
18 42 -0.014893275087317063
18 43 -0.068093956625917162
18 44 0.047329688469238164
18 45 0.013891282503561765
18 46 -0.0052627117935982832
18 47 -0.10235926681471465
18 48 -0.05948425135122886
18 49 -0.00017067229597723504
18 50 -0.051537650253077771
18 51 0.07730844800834652
18 52 0.0035968053564896826
18 53 0.042589707570784924
18 54 -0.037186747431111937
18 55 -0.11455356628491202
18 56 -0.19294322976569472
18 57 -0.07756547786319995
18 58 0.18534220807337076
18 59 0.096139286445719813
18 60 -0.073658301505238624
18 61 0.0097260368189215959
18 62 0.10007704982423837
18 63 0.058615493570623498
18 64 -0.011475881122375556
18 65 -0.089877816984164971
18 66 0.019224908300418266
18 67 0.033381523004502298
18 68 -0.044739439365901523
18 69 -0.032912268402969166
18 70 0.068425072003651541
18 71 -0.13953480035885218
18 72 -0.096622165724186845
18 73 0.081231794551843345
18 74 0.036345952867446789
18 75 0.0064550026225621325
18 76 -0.25819636426165404
18 77 0.030383344207503007
18 78 -0.09172536667862323
18 79 0.0082239064230569155
18 80 -0.00030434948646507301
18 81 -0.018288771293658725
18 82 0.16115041659757018
18 83 -0.082097795126063883
18 84 0.1026692899246964
18 85 -0.11150359737639869
18 86 -0.048828604902435957
18 87 0.21111540551982835
18 88 -0.021593928093450846
18 89 -0.051986832699520376
18 90 0.173008620983017
18 91 0.059718747737273863
18 92 0.02444699188886508
18 93 -0.10989212964786818
18 94 -0.057798154663409033
18 95 0.0063051001958106014
18 96 0.02931271640475358
18 97 0.10743335180948541
18 98 0.010886217123364484
18 99 -0.044310443013357959
18 100 -0.1028285190026292
18 101 0.17096922347501461
18 102 -0.060958833768280624
18 103 0.10330406515482421
18 104 -0.018982850238708743
18 105 -0.04273378301373431
18 106 -0.077667196439049527
18 107 -0.016334677459544884
18 108 0.008077793147702135
18 109 -0.20480704917552839
18 110 -0.11865364002283639
18 111 0.10384366573872311
18 112 0.13575707449729532
18 113 -0.0064126665365862208
18 114 0.15335554374987109
18 115 -0.017446272465336917
18 116 -0.10690329840265973
18 117 0.094690196386036735
18 118 -0.12302749658444136
18 119 0.008146678798311555
18 120 -0.14985165311282445
18 121 0.0070542256657423977
18 122 -0.030032550283270659
18 123 -0.10592739887084644
18 124 0.069441340448245223
18 125 0.060257677131710714
18 126 -0.015265537384611789
18 127 -0.019918968823405558
18 128 0.004440686300762906
18 129 0.035142842249678737
18 130 -0.11036213169325669
18 131 -0.015442085243789139
18 132 0.10347941458703612
18 133 -0.0051042737770247825
18 134 -0.050217468343249909
18 135 -0.079163531684476082
18 136 -0.032915498182730596
18 137 -0.14852427772357044
18 138 -0.048501715961022047
18 139 0.082282434946402389
18 140 -0.00026189193023815565
18 141 -0.034766505575183203
18 142 -0.018894919911803896
18 143 -0.037050215219579935
18 144 0.019495233137146361
18 145 0.023283286847918753
18 146 0.026997268139426354
18 147 0.082544419080950268
18 148 0.050553018162372884
18 149 -0.058545754461633688
19 20 0.057465662155907982
19 21 0.086081461474359577
19 22 0.086632160627847343
19 23 0.15248315221499573
19 24 0.048615619159391998
19 25 0.029730722842922316
19 26 -0.090929124394884639
19 27 0.0051969009126226675
19 28 0.19731270814846288
19 29 -0.24929418229139991
19 30 -0.17470167806802789
19 31 0.13231522981537303
19 32 -0.052935298169142352
19 33 0.14701603365243585
19 34 -0.072860692549520253
19 35 -0.050011952165249458
19 36 -0.052315231814997414
19 37 -0.040274690589423894
19 38 -0.076897923185975145
19 39 -0.076548728257322521
19 40 0.028288653339186707
19 41 0.0047434338437907083
19 42 -0.11280423660232247
19 43 -0.011392468671215822
19 44 0.099925345711939839
19 45 0.03325671122189202
19 46 -0.010681780785190798
19 47 -0.08025379841302259
19 48 0.013193553174905771
19 49 0.030801403077993332
19 50 0.056114739776451858
19 51 0.075523188933630886
19 52 -0.002367570260600207
19 53 -0.089792441239981063
19 54 0.10347790603052748
19 55 -0.082089880822210318
19 56 0.16579741840741399
19 57 0.043797570198149456
19 58 -0.10331937798683236
19 59 0.023782033160552177
19 60 0.1368395631932452
19 61 0.048974705813507866
19 62 -0.014316563654198694
19 63 -0.061682222795012058
19 64 -0.11554150291439684
19 65 0.22003782624285764
19 66 -0.1147412470186164
19 67 -0.12972412938878242
19 68 0.091902618180729395
19 69 0.12311062200233824
19 70 0.10963477066403869
19 71 0.014713194891505531
19 72 -0.15529261735938818
19 73 -0.1886821526812853
19 74 0.022793706936078389
19 75 0.016412981494890788
19 76 -0.015415987512319445
19 77 -0.030294778682693039
19 78 -0.13491745425638058
19 79 -0.028253806449360458
19 80 0.12790872032753961
19 81 0.090229685338312091
19 82 0.057197926841830726
19 83 -0.23528959772704428
19 84 0.023415736157441375
19 85 0.10066081690911242
19 86 0.015318134318188082
19 87 -0.0086100156876913487
19 88 -0.040863616418212415
19 89 0.12993389276361511
19 90 -0.073372292174069931
19 91 -0.16589535809250336
19 92 -0.069824789920637814
19 93 0.018103445176121752
19 94 -0.042168939178144182
19 95 -0.022408690927571581
19 96 0.039755396306205053
19 97 -0.075640356646641344
19 98 0.054202778498651134
19 99 -0.081844483427013323
19 100 -0.093114065066652235
19 101 -0.052496692070917964
19 102 -0.012289355402069393
19 103 -0.021016432514147771
19 104 -0.048330468521822739
19 105 -0.11830434525824458
19 106 -0.011130649550582019
19 107 -0.082288548588732344
19 108 0.018354306303237151
19 109 0.0088137354484373164
19 110 -0.03020716776957983
19 111 -0.032056812738470886
19 112 0.075847356770703006
19 113 0.001669746759564879
19 114 0.020684345221343981
19 115 -0.0027432213037464222
19 116 -0.10976152956217503
19 117 -0.12370415256290872
19 118 0.13074557531832695
19 119 -0.10213029283526232
19 120 0.017418580763747603
19 121 -0.05894111348009573
19 122 -0.036146633691812063
19 123 -0.026624916920196619
19 124 0.071486288985246407
19 125 0.017923521851657447
19 126 -0.068444129569350698
19 127 -0.14389546584076843
19 128 -0.050322504379048866
19 129 -0.2184427947284443
19 130 0.075946969356185973
19 131 -0.14224814297762123
19 132 -0.13550077556148157
19 133 0.084141109196697123
19 134 -0.022819694756793549
19 135 0.07416623430243996
19 136 0.010900853199721809
19 137 -0.035038041406372462
19 138 -0.038359943393048643
19 139 -0.063733481095238409
19 140 -0.11461583300426087
19 141 0.0250844869801225
19 142 0.16815324377071797
19 143 -0.082595596314129119
19 144 0.096694369693548901
19 145 0.039949720541439762
19 146 0.088196405628889016
19 147 0.035566690010393663
19 148 0.019614912914922747
19 149 -0.13760150341510802
20 21 0.030030685518657504
20 22 -0.0095608057750449695
20 23 -0.031194972108043895
20 24 0.09440551958728513
20 25 -0.097830647961845985
20 26 0.19262212900780265
20 27 0.09596336077773035
20 28 0.024233662876196407
20 29 -0.13178380681563234
20 30 0.049844090087798359
20 31 0.069035388262853159
20 32 0.0033968877303235021
20 33 -0.0054013448927157995
20 34 -0.014475241157438942
20 35 0.098050773482636716
20 36 0.056659744974012383
20 37 -0.037980731794674594
20 38 0.0050386161257285501
20 39 0.036220253947097471
20 40 -0.084329517574591506
20 41 -0.088575073375927682
20 42 -0.0034107398615731239
20 43 0.19051940024052627
20 44 0.097700650780503287
20 45 0.061153470249415059
20 46 0.045421463696456825
20 47 0.057860171371551729
20 48 -0.13291824306139496
20 49 0.046191612287442937
20 50 0.01508129011502741
20 51 0.024279522235525326
20 52 0.02848205182265089
20 53 0.092178559602284493
20 54 -0.028577888113979634
20 55 0.0192219027019357
20 56 0.028947449770966142
20 57 -0.046333078159928702
20 58 0.020470690011235457
20 59 -0.025464986677405523
20 60 -0.12206014022521047
20 61 0.015643115211936162
20 62 0.11951254899295553
20 63 -0.044303676150982955
20 64 -0.040137163577621877
20 65 0.04625866939557028
20 66 -0.037650833854943465
20 67 0.057679278806070489
20 68 -0.12478166355377218
20 69 -0.029329862458949772
20 70 0.18448110131179177
20 71 0.0016633716859522261
20 72 0.087007478349130238
20 73 0.023643364247179534
20 74 -0.050335763956705297
20 75 0.051613438538793355
20 76 -0.13377865797319979
20 77 0.10987702178443748
20 78 0.035677609678544248
20 79 0.059321766237083844
20 80 -0.11446983097847094
20 81 -0.09187561290483548
20 82 -0.11935485454393086
20 83 -0.01760041488460563
20 84 0.11268651201065999
20 85 -0.0041170446826827413
20 86 0.079711068539983304
20 87 0.051790848641199629
20 88 -0.033083418079720928
20 89 0.15177499608809122
20 90 0.030588184528458288
20 91 -0.064271848074146209
20 92 0.10999852207431807
20 93 -0.050384042729785146
20 94 0.068559148642843057
20 95 -0.21501124498107768
20 96 0.018511721634138813
20 97 -0.11877095024190545
20 98 0.16693806933310465
20 99 0.034754134689686279
20 100 -0.031371490246337459
20 101 -0.079177092942690652
20 102 -0.012281557504958346
20 103 0.025245099042950345
20 104 0.10937660105434109
20 105 0.16354891140315078
20 106 0.16087235637850075
20 107 -0.018808743263918157
20 108 -0.025581608699629697
20 109 -0.050417443225153957
20 110 0.0061576496732168367
20 111 0.011256911555745401
20 112 -0.029166898938981386
20 113 0.077185231907634558
20 114 0.021439281652551816
20 115 -0.11942686288110685
20 116 -0.092408983770340972
20 117 0.036253592609092021
20 118 -0.01139045028095821
20 119 -0.0051952639764284679
20 120 0.098149183031179074
20 121 0.061907603007793133
20 122 0.057952604174367262
20 123 0.10870502379120234
20 124 0.053060250669849277
20 125 -0.046738588212505996
20 126 -0.14942108536064264
20 127 -0.13656764505281305
20 128 0.0026222080285924067
20 129 -0.065241655966944923
20 130 -0.21623235640807628
20 131 0.063633133569553815
20 132 0.021938031548512666
20 133 -0.050839027313286697
20 134 0.12791764218891116
20 135 -0.12605063865783372
20 136 -0.12216381376562117
20 137 0.071120033234968974
20 138 0.0074103793584999944
20 139 0.036540585817015352
20 140 -0.24600420310966412
20 141 -0.15422986894730939
20 142 0.13741409106426983
20 143 -0.11768932358487764
20 144 -0.099572861128639417
20 145 0.05994740926525538
20 146 -0.074042928321754561
20 147 -0.13748947316912519
20 148 -0.041005978946792782
20 149 -0.022903774953764808
21 22 0.023537912919170734
21 23 0.10164287652068202
21 24 -0.039765840725694036
21 25 0.11214048066509358
21 26 0.073203628687545735
21 27 -0.085613045265450785
21 28 -0.019415424367912274
21 29 0.10424288063454468
21 30 -0.024600504467556992
21 31 -0.041181709429211448
21 32 -0.10996087576989749
21 33 -0.087334720179591208
21 34 -0.024089839129811171
21 35 0.10674932476891047
21 36 0.05261683009563034
21 37 0.027974630321256667
21 38 -0.015525311243521673
21 39 -0.045595376638026069
21 40 -0.01779555260100766
21 41 0.13358960803360015
21 42 -0.011065656976956162
21 43 -0.026096840262286966
21 44 -0.0022900800906755325
21 45 0.061352455274856776
21 46 0.063500657830755564
21 47 -0.0045107117992704907
21 48 0.00042232126465115838
21 49 -0.12223098212322685
21 50 0.0020404367493179398
21 51 0.064479209035924884
21 52 0.019731076402201002
21 53 0.070185663596063957
21 54 -0.12502291087808151
21 55 0.0590808244001104
21 56 0.063732801393953209
21 57 -0.11698370463788758
21 58 0.059242646493659838
21 59 0.020840906651267335
21 60 0.14583007406453416
21 61 0.060500944868703388
21 62 -0.039199895506075513
21 63 -0.034745107173572654
21 64 -0.043039369758770644
21 65 -0.10808088201170513
21 66 -0.039328754217490138
21 67 -0.072723930168340806
21 68 -0.0020644738070707651
21 69 -0.0054672209141424745
21 70 0.058313424100094845
21 71 0.05755994530312198
21 72 -0.094896156459544995
21 73 -0.13260927327250674
21 74 0.031226604128550824
21 75 0.012991266433060675
21 76 -0.038538537733143863
21 77 0.06029513599162039
21 78 0.090447466338055407
21 79 0.031315344426146453
21 80 -0.13422869178711203
21 81 0.059236177653914673
21 82 -0.10581449250359784
21 83 0.021037299136025752
21 84 0.16899474350898711
21 85 -0.12107544146168235
21 86 0.077272665354652742
21 87 0.03362414510825297
21 88 0.062447324987110094
21 89 -0.051389388967828381
21 90 -0.085958341509825634
21 91 0.10240233228874851
21 92 0.097778558277393152
21 93 -0.086615093683813274
21 94 -0.080882128701151038
21 95 -0.12769736312615804
21 96 0.030192063073245037
21 97 -0.043904632621555251
21 98 0.15847845724736262
21 99 0.0076817197224522396
21 100 -0.026057608296162507
21 101 -0.028711228154103843
21 102 0.088979296367682273
21 103 -0.060487462265779224
21 104 -0.069001703444170184
21 105 -0.10235828286926224
21 106 0.11733721194707936
21 107 -0.059213733648345035
21 108 0.0420933258464199
21 109 0.026196621060417372
21 110 0.014165525264485728
21 111 -0.016028056368407696
21 112 -0.045514660772281737
21 113 -0.094064861282760551
21 114 0.084053311028976174
21 115 0.019710957572508247
21 116 -0.052654040732292642
21 117 0.0377301207413352
21 118 -0.0039571945039010969
21 119 -0.037795196348837941
21 120 -0.16609203388598232
21 121 0.029108083191868139
21 122 -0.057528982236701297
21 123 -0.095144220499694634
21 124 0.027072264650115054
21 125 0.04994157603143673
21 126 -0.15560820967672376
21 127 0.10365544342187276
21 128 0.088701409939271156
21 129 -0.068287989955867989
21 130 -0.06520596778035212
21 131 -0.012821352314213828
21 132 -0.00044718505588307595
21 133 -0.053000272955083583
21 134 -0.032410749040224777
21 135 0.0080292595140662917
21 136 -0.026225047169661973
21 137 0.058546954355674447
21 138 0.17356263093758509
21 139 -0.09544323878073073
21 140 0.087868664049167169
21 141 0.028245416085929675
21 142 -0.052135203309987402
21 143 -0.0093800113980831712
21 144 0.10256910234631642
21 145 0.061579960956998234
21 146 -0.12126950114537774
21 147 -0.081505124191508502
21 148 0.028395042861951981
21 149 0.022669053202473047
22 23 0.074591801350033002
22 24 0.0094841464246118012
22 25 0.013007557510656846
22 26 0.10071643937564367
22 27 -0.047760800243603754
22 28 0.05338201159241162
22 29 -0.11264499232465107
22 30 0.11597947779677009
22 31 0.0037693412557262326
22 32 -0.084151823799515427
22 33 0.060985876105758119
22 34 0.077944919613437566
22 35 -0.028903299107616208
22 36 -0.10215697096021917
22 37 -0.031243476806291963
22 38 -0.1210137792664383
22 39 -0.045273197823866969
22 40 -0.040231159599640853
22 41 -0.072727756238977634
22 42 -0.050274399786944431
22 43 -0.0052595144690016273
22 44 0.039812464929464768
22 45 -0.08442683915962125
22 46 0.012121785230130241
22 47 0.18629460137053791
22 48 0.012893028819490084
22 49 -0.0321259613009875
22 50 0.056254365948608602
22 51 -0.056494800090512873
22 52 0.10766885218403491
22 53 -0.14326559387590168
22 54 -0.019842119703594566
22 55 0.13321915199186735
22 56 0.025642229357358493
22 57 0.044650973389833593
22 58 0.053582205639826914
22 59 0.010853077457901353
22 60 0.085110501029100061
22 61 0.11055541700846734
22 62 -0.023606844249697868
22 63 -0.043046820162897029
22 64 0.046380449094730845
22 65 0.056775110100568064
22 66 -0.016932816847400837
22 67 -0.00080080665496805867
22 68 -0.062399230806689195
22 69 -0.093598150830270149
22 70 0.059558471495584214
22 71 -0.061974324858287293
22 72 0.018635930515885912
22 73 -0.025894787857887163
22 74 0.17070432404972993
22 75 -0.040767009632841272
22 76 -0.026780672672700255
22 77 0.087222036205566178
22 78 -0.015588549907810197
22 79 -0.0039329314892596638
22 80 0.075152726579890555
22 81 -0.1014982167910544
22 82 0.018374317198559361
22 83 0.01154052135475955
22 84 -0.043886181308923161
22 85 -0.07486540994703042
22 86 -0.013161435137915694
22 87 -0.028959946286331816
22 88 0.0072380309450773943
22 89 0.00021146277732888259
22 90 0.031337793466740559
22 91 0.03064481857402742
22 92 0.069322762416235195
22 93 0.11223519820781973
22 94 0.056842343355418067
22 95 0.12343681044530062
22 96 0.022350449176718707
22 97 -0.030150563615626
22 98 -0.042009368053319444
22 99 -0.12038457100964986
22 100 0.037813115151862961
22 101 0.0029677957848754477
22 102 -0.022764765883041119
22 103 0.027814254953969501
22 104 0.051619655948688566
22 105 0.010259636244083143
22 106 0.035410829193287516
22 107 -0.0073156875963268581
22 108 -0.028011808349110493
22 109 -0.17354230321223627
22 110 0.0031683290923703727
22 111 -0.020754506143371852
22 112 0.076490487501533089
22 113 0.0081206829448080813
22 114 0.0022267739381887997
22 115 0.087172668795316821
22 116 -0.12124992018293387
22 117 0.074612096808767556
22 118 0.095826616386470123
22 119 0.11157066216715043
22 120 0.050080521774176615
22 121 0.097465479111765577
22 122 -0.013466204160224652
22 123 -0.022687517532808416
22 124 -0.054240501163167996
22 125 0.0072097355473981955
22 126 0.024052398089010003
22 127 0.023400419105918401
22 128 -0.018463420433388656
22 129 -0.062506099158882861
22 130 0.014853772232950813
22 131 0.086899984924857288
22 132 0.0025560393841056943
22 133 -0.099493272931317017
22 134 0.12440973448946717
22 135 -0.012712826730881168
22 136 0.084991600511594753
22 137 -0.19760344582628933
22 138 0.020254950162312976
22 139 -0.095333774162657078
22 140 -0.04507508633269143
22 141 0.010963006845315513
22 142 -0.18394568931747329
22 143 -0.07265768102842958
22 144 0.11621862263895567
22 145 -0.04166821417436524
22 146 -0.086486672634201109
22 147 -0.050207813192087343
22 148 0.021981698582836426
22 149 -0.065071227996109482
23 24 -0.1971791162607911
23 25 0.062461131185257424
23 26 -0.086655966842744764
23 27 -0.061592183265213013
23 28 0.019527946905004884
23 29 -0.022198441903850161
23 30 -0.051303203189379948
23 31 0.0089135662443506486
23 32 -0.08246537957998519
23 33 -0.15207013952062623
23 34 0.040544162664884344
23 35 -0.10413301062682312
23 36 0.068590774426143003
23 37 -0.18334040695090909
23 38 -0.1119777220276279
23 39 -0.030904296895932517
23 40 -0.038430459267467944
23 41 0.070015902303861122
23 42 -0.041591218393457419
23 43 -0.019030403763940173
23 44 0.056166285280661352
23 45 -0.003292531369898172
23 46 0.085842465135805956
23 47 0.023541093995628308
23 48 -0.0367610127088231
23 49 0.012602753030449478
23 50 0.079788132320044336
23 51 -0.020961760184324371
23 52 0.019170034329536664
23 53 0.0076211791480094793
23 54 -0.053218406334781657
23 55 -0.044788697200725709
23 56 -0.029859631059290244
23 57 -0.020127484180865778
23 58 0.021476461994366626
23 59 -0.12970060191203125
23 60 0.13476660187098105
23 61 -0.016795473334324299
23 62 -0.044323375752756779
23 63 -0.050564094116193344
23 64 -0.11078879377162931
23 65 0.075886452043388702
23 66 -0.046401450078712492
23 67 0.067977491050459707
23 68 -0.11635364506132065
23 69 0.024211184816753051
23 70 0.033105751739399739
23 71 -0.082420112575196477
23 72 0.086861768550005991
23 73 0.0041777302226254373
23 74 0.098735464568896064
23 75 -0.026911598495831038
23 76 0.036417262081798345
23 77 -0.00080221032713489039
23 78 -0.069694942853618547
23 79 0.065611503584527942
23 80 0.03758246409128542
23 81 0.070981318732477469
23 82 0.0079259344268387509
23 83 0.17154390452532453
23 84 0.049549451330497381
23 85 -0.049913992126287048
23 86 -0.0074637971627395982
23 87 0.022941464158399941
23 88 0.01297462241933329
23 89 0.023692886203864432
23 90 -0.0080221603668231799
23 91 -0.041221846724392622
23 92 0.046141410567980545
23 93 -0.018613878566940238
23 94 0.0023672051785144544
23 95 0.058727098004418242
23 96 -0.03433373196541404
23 97 0.034778630501214082
23 98 -0.064757009181143618
23 99 0.13150545574425976
23 100 -0.073824407996514463
23 101 0.16215417299150459
23 102 0.059914012313011675
23 103 -0.04130572160874809
23 104 -0.02797997857857322
23 105 -0.038759972431816565
23 106 -0.096703887913870537
23 107 0.13486009452235861
23 108 -0.096989578608972296
23 109 0.030081137395138683
23 110 0.032159995292690945
23 111 0.14575684613515258
23 112 0.051311922521952213
23 113 0.010753445588520788
23 114 0.071133120291688792
23 115 0.024547049374490492
23 116 0.14732060405092456
23 117 0.081249779602991248
23 118 -0.0070155156884579616
23 119 -0.049614794816926863
23 120 0.034806495100729473
23 121 -0.11548337296618504
23 122 -0.036323499681742241
23 123 -0.10395585415947416
23 124 0.074154049993793492
23 125 -0.052329332130418481
23 126 -0.0054048197808891805
23 127 0.016674908168595858
23 128 -0.017639378081802312
23 129 0.093842316117626418
23 130 0.08256121751593079
23 131 0.22493466689735528
23 132 -0.14038096678675094
23 133 -0.11924100531263659
23 134 -0.0018089565759504358
23 135 -0.13162680699979412
23 136 -0.007244436790966949
23 137 0.052729673409101785
23 138 0.046031315664550425
23 139 0.072386514686267833
23 140 -0.077739328161392535
23 141 -0.015070127960092836
23 142 0.13239080653295246
23 143 -0.08911174270183729
23 144 -0.068342979598096293
23 145 0.021357109180969162
23 146 -0.10328657359057999
23 147 0.085611467148356893
23 148 -0.072340311599053145
23 149 0.053376545196227872
24 25 0.0038499222602264302
24 26 0.092842943225013727
24 27 -0.063368121459438292
24 28 -0.018135313689904488
24 29 -0.12183607738322606
24 30 -0.023963165250763991
24 31 -0.0026189166575370788
24 32 -0.071234497401793453
24 33 0.043763485436421744
24 34 -0.072711733582043012
24 35 -0.11295130405426161
24 36 0.0015992179308250514
24 37 -0.048282575231073536
24 38 -0.080235640226385463
24 39 -0.10727892359190652
24 40 0.032591013746895534
24 41 -0.010929150000551805
24 42 -0.060483665893255656
24 43 -0.026174672920306195
24 44 -0.067389627815094
24 45 -0.18017023251661932
24 46 0.025278680369073058
24 47 0.090283663121723243
24 48 0.051682722674497118
24 49 0.033670225996861196
24 50 0.054911932201984717
24 51 0.063406618591807268
24 52 -0.015491356187962125
24 53 0.0052189129246446057
24 54 -0.12744457247306146
24 55 -0.041388742677314641
24 56 -0.064220725314596439
24 57 -0.027835914153930105
24 58 -0.063950918979036944
24 59 0.020362415837980048
24 60 -0.047752758628197049
24 61 -0.073873786536335903
24 62 -0.1151808564799551
24 63 0.021624658087733485
24 64 0.16239442597031775
24 65 0.0071931829608338008
24 66 -0.11954572695823659
24 67 -0.099045647550906862
24 68 -0.096171760049538105
24 69 0.26086024407827774
24 70 0.024333285212008865
24 71 -0.0714628969098932
24 72 -0.026684033190298658
24 73 -0.1020290415011389
24 74 -0.061850530838237161
24 75 -0.044193787890637472
24 76 -0.051844267463345313
24 77 0.080268841906151148
24 78 0.16548169156872544
24 79 -0.034225047420343262
24 80 0.038563373612567897
24 81 0.093442315188731681
24 82 0.1693700748335587
24 83 0.28424851578067373
24 84 -0.13834741960307337
24 85 0.1642823074054951
24 86 -0.12945412790867183
24 87 -0.055810021096038179
24 88 0.061275330859600921
24 89 0.046494155344821896
24 90 -0.098500662758871371
24 91 0.054059238423441541
24 92 0.065564303792673154
24 93 -0.0035424922943282826
24 94 0.059181392257261586
24 95 -0.052036327791557715
24 96 0.014938003740147062
24 97 0.1276705232593304
24 98 -0.09899426897761289
24 99 -0.033986866634298681
24 100 -0.0096822472974884694
24 101 0.094775650776432338
24 102 -0.2224182837869681
24 103 -0.074193161351632272
24 104 -0.073987070168797631
24 105 -0.053007320490554365
24 106 0.065839873862417728
24 107 -0.08118602406188484
24 108 0.12129157016173392
24 109 -0.044057319838760912
24 110 -0.24265804631168708
24 111 -0.18944729550426029
24 112 0.17250143716392738
24 113 -0.11658139681608294
24 114 -0.0057419540885813077
24 115 -0.16784064855838254
24 116 0.0084415161589392589
24 117 0.08895152374273077
24 118 0.05925209154545976
24 119 0.071850245015583791
24 120 0.016462096279643491
24 121 -0.045656463615509568
24 122 -0.066466344612964176
24 123 -0.0059600839143773739
24 124 -0.065965862522858326
24 125 0.061308030521621738
24 126 -0.062935767100443032
24 127 0.036792834038799585
24 128 -0.081390612340715041
24 129 0.020800599093944393
24 130 0.052586016711791306
24 131 0.05259717159351214
24 132 -0.090942979430206877
24 133 0.052086862943923104
24 134 0.033320886486352452
24 135 0.12476206213847242
24 136 0.15678367277596708
24 137 0.0089775313779438606
24 138 -0.073428990608676289
24 139 -0.036721758394753425
24 140 0.087044031151910645
24 141 -0.083925009024756497
24 142 -0.0023612668745001788
24 143 -0.092681908779197256
24 144 0.043997870704021495
24 145 0.050597077547977855
24 146 0.090949369397013535
24 147 -0.073824547092141493
24 148 -0.11475860077234716
24 149 -0.019312526268881976
25 26 -0.001788018205162381
25 27 0.043798227417929797
25 28 -0.039277872275528251
25 29 0.00077546338173081026
25 30 -0.14605534288962302
25 31 0.013061587124001572
25 32 -0.087899803392182091
25 33 0.065138485936412319
25 34 -0.068360504390386906
25 35 0.032789206934045502
25 36 -0.029671125819320531
25 37 -0.15984029010148601
25 38 0.031925121647546718
25 39 0.13965512488695189
25 40 -0.022035286692598993
25 41 0.067326411942036146
25 42 0.068011269983926079
25 43 -0.069165067448811957
25 44 0.13387670775565536
25 45 -0.058955565731969216
25 46 -0.18417885459799449
25 47 0.11133827395878125
25 48 -0.06854639383890504
25 49 -0.10046823181072023
25 50 0.061165985476056957
25 51 0.04329844610912334
25 52 0.07926689387942179
25 53 0.02394865981583659
25 54 -0.063246612651193898
25 55 -0.11649742569551966
25 56 -0.018195378115722863
25 57 0.063787998754444811
25 58 -0.082717808273305729
25 59 0.12078290241696922
25 60 -0.097310770926916257
25 61 0.087717979114758593
25 62 -0.0778954936861843
25 63 -0.029960293436177916
25 64 -0.053267467490235663
25 65 0.0064247511060349441
25 66 -0.16082694518110413
25 67 0.058389233667411881
25 68 -0.031843558458334344
25 69 -0.098587678685072261
25 70 -0.080321445199024899
25 71 -0.032667756406731016
25 72 -0.074035997281200056
25 73 -0.19298398154433458
25 74 -0.031098052379143568
25 75 0.13884213827008826
25 76 -0.082930916594584389
25 77 0.051483706323780153
25 78 -0.016474502388190388
25 79 0.11997516560528472
25 80 -0.10694498364939262
25 81 -0.073062766836800075
25 82 0.012700399482199424
25 83 0.013281083053934989
25 84 0.10011327716513969
25 85 0.15745316962133499
25 86 0.075833355566063049
25 87 0.030895243107131605
25 88 0.19428934216264801
25 89 0.070821832027150866
25 90 0.0092704824993570644
25 91 0.052451668533470233
25 92 -0.03871768031423109
25 93 -0.018678187252330003
25 94 0.18808069820764484
25 95 0.004160690837432977
25 96 0.063537530080196233
25 97 -0.036226496825195395
25 98 -0.025469208575650895
25 99 -0.11781508925081072
25 100 0.089545568252770255
25 101 -0.080579842780914318
25 102 -0.052524420217499805
25 103 -0.041648887383485246
25 104 -0.043845951437152857
25 105 -0.097288547137666867
25 106 -0.099665531727865533
25 107 0.054655097639773546
25 108 0.032100645703424489
25 109 -0.0074792032900348688
25 110 0.10807814088775322
25 111 0.083131690411939144
25 112 -0.07375460877811299
25 113 -0.095485655375608908
25 114 -0.040172767126623238
25 115 0.087786695242004317
25 116 0.076686541435967426
25 117 0.0093342026047299204
25 118 0.083019596357200354
25 119 0.098018638797888608
25 120 -0.12406385337916752
25 121 -0.016820093548937161
25 122 -0.035063527396221386
25 123 -0.049122059547675644
25 124 -0.012970840785965656
25 125 0.089402547621743378
25 126 -0.043403582051233409
25 127 0.027701950966235876
25 128 -0.14588063161710954
25 129 0.22483375084968812
25 130 0.038183083359763954
25 131 -0.21000760902934465
25 132 0.074670740390098675
25 133 -0.022729278407669026
25 134 0.017461175732662971
25 135 -0.00084165844828399132
25 136 0.044630080144780669
25 137 0.054099454456121826
25 138 0.018021235868183872
25 139 0.047740998944069406
25 140 -0.0045088077890190915
25 141 0.050924699971505304
25 142 -0.099271440714877202
25 143 0.20110761843302763
25 144 -0.0075692921933954785
25 145 0.15827179180613823
25 146 -0.031356893424514122
25 147 0.086710805424037002
25 148 -0.068131584529734335
25 149 -0.044884805662112025
26 27 -0.115614230017876
26 28 0.030654347253061268
26 29 -0.011943738151262779
26 30 0.028427860166381463
26 31 -0.032237199695629618
26 32 0.091123732548184622
26 33 -0.034465837886402451
26 34 0.064538877914750853
26 35 0.0089394380514645436
26 36 -0.072704486829016798
26 37 -0.029117206721229395
26 38 0.00017054632671741838
26 39 -0.085373983725628752
26 40 0.10020344135938486
26 41 -0.055879149604644643
26 42 0.14312562073239218
26 43 0.0053672760277680334
26 44 -0.021252715597661353
26 45 -0.061108290083060776
26 46 0.05864691337266946
26 47 -0.092173739447839576
26 48 -0.0017856169386651361
26 49 -0.19160816805980843
26 50 -0.018938117225856511
26 51 -0.069234869562879692
26 52 -0.098279297164866372
26 53 -0.075498815613130585
26 54 -0.012018840375602118
26 55 0.13933529999774352
26 56 0.13992790193212803
26 57 -0.10480529660019508
26 58 0.054050834924548888
26 59 0.027823097704067042
26 60 0.17169434393586513
26 61 -0.10838907555017353
26 62 0.12672335226826564
26 63 0.1160338075625566
26 64 -0.09585877990879281
26 65 0.02417921738616724
26 66 -0.068263132674882585
26 67 -0.070360526632461673
26 68 -0.082793849463300845
26 69 -0.077150433872995611
26 70 0.092788444340444101
26 71 -0.030716884408110618
26 72 -0.010953382954546382
26 73 0.058618600546742387
26 74 0.009463029634685375
26 75 -0.043387885038453179
26 76 -0.14338923481691188
26 77 -0.020160499950660399
26 78 0.21728984682622857
26 79 -0.1385197231430188
26 80 -0.10729745038387736
26 81 -0.11776760714396249
26 82 0.068112047856140848
26 83 0.065587024882657136
26 84 -0.030974755775174143
26 85 -0.036212995577423315
26 86 0.15253488076313035
26 87 0.011996719233395507
26 88 0.081146022786179592
26 89 -0.042722907929117732
26 90 -0.027322516533301661
26 91 0.050189985883175393
26 92 0.049192215602259566
26 93 0.047016623703556595
26 94 -0.13617320306055075
26 95 0.07021471746443976
26 96 -0.079439579704470131
26 97 -0.034417435044687507
26 98 0.12875729826565666
26 99 -0.016194749138735309
26 100 0.024839524379884383
26 101 -0.056954334834424532
26 102 0.047767337653330105
26 103 0.011796516711530489
26 104 0.053311536701618624
26 105 0.07162740608505129
26 106 -0.066828067696129187
26 107 0.014500321384023093
26 108 -0.18822615062016923
26 109 -0.019737526104815759
26 110 0.0055484253582584074
26 111 -0.19483219029823917
26 112 0.025085600853281327
26 113 -0.089763377263258254
26 114 -0.02537056364838056
26 115 -0.09630280152173365
26 116 0.025608168436689782
26 117 0.099267636907427473
26 118 -0.094305830118822404
26 119 0.001248342827628415
26 120 0.1209586345316775
26 121 0.073768442791372776
26 122 -0.095605042280828056
26 123 0.0016423230307311733
26 124 0.062215680886611537
26 125 0.050291454852204265
26 126 -0.069257418661667194
26 127 0.025379333532183055
26 128 0.023512330394880984
26 129 0.057525341883288179
26 130 0.002519950395178998
26 131 0.05811683393869415
26 132 -0.19895571951445304
26 133 -0.037380091282769312
26 134 0.0084469991829019507
26 135 0.041008821721664493
26 136 0.036163513828913856
26 137 0.10530929606856169
26 138 0.16252566406588778
26 139 -0.065073021689106669
26 140 -0.18936885669909509
26 141 -0.0014261751417922791
26 142 0.056091756898739444
26 143 -0.19573478192790458
26 144 -0.1411015541688577
26 145 -0.096566774157505697
26 146 0.10223490384936224
26 147 0.065654922605061755
26 148 0.0017072591143500796
26 149 -0.0093743363540781475
27 28 0.13060997840472127
27 29 0.083002127039028026
27 30 -0.068659038993960156
27 31 0.036163780356825138
27 32 -0.028559991838698801
27 33 0.030563765400247578
27 34 -0.014263569362857376
27 35 0.048939739178649196
27 36 -0.016223422197531305
27 37 -0.057432344339108932
27 38 0.059660383006071314
27 39 -0.038033211222975358
27 40 0.056424549106252851
27 41 -0.047454134331275495
27 42 0.06887525429738893
27 43 -0.034623315806511928
27 44 0.12115485199973408
27 45 0.088002168231032699
27 46 -0.12168873052041848
27 47 0.036840739928585699
27 48 -0.12779156141195119
27 49 -0.11738558635711017
27 50 -0.080196002428193927
27 51 -0.091521885098196018
27 52 -0.092992664579153145
27 53 0.095830876814446672
27 54 0.018301095165604454
27 55 0.0028296340046736401
27 56 -0.11637377153144848
27 57 -0.077628525162107581
27 58 -0.056728865997203275
27 59 -0.10354619311976507
27 60 -0.12067260768163179
27 61 -0.0041622338887894747
27 62 0.10277206267426192
27 63 0.13028704100161154
27 64 0.014780635767986647
27 65 0.086138592802563918
27 66 0.1141915646188465
27 67 0.021690411359825607
27 68 -0.08291207824227588
27 69 0.10461906988027468
27 70 -0.032158680389192021
27 71 -0.020600683814143997
27 72 0.030492430220551561
27 73 0.039683922471767698
27 74 -0.052339565519685452
27 75 0.077624890194508175
27 76 -0.14861640494932946
27 77 0.059335898939757811
27 78 -0.031062271275466461
27 79 0.045301017367672301
27 80 0.17879979734278326
27 81 0.031608690867751497
27 82 -0.019082557702387287
27 83 0.076103031416229747
27 84 -0.059166243991142946
27 85 0.026771068262532421
27 86 -0.065053881051140211
27 87 0.0112363420531769
27 88 -0.042566167358004031
27 89 -0.21807926256553736
27 90 -0.051825168314463925
27 91 -0.051104175162880364
27 92 0.09733470057300822
27 93 -0.14024309145706798
27 94 0.026176763582247135
27 95 0.18657656690919994
27 96 -0.23117515481429865
27 97 0.050660081416869222
27 98 -0.0081032524828418776
27 99 -0.1169387236034537
27 100 -0.14153206647268679
27 101 0.075778126260368936
27 102 0.039613085125547357
27 103 0.16185150806740087
27 104 0.04063079355922794
27 105 -0.017635816644791882
27 106 -0.16197334752725098
27 107 -0.11264557465306356
27 108 0.068204226380007796
27 109 0.12928399614776034
27 110 0.067356076697851125
27 111 0.060275871763890959
27 112 0.035661300757251026
27 113 -0.1056659232203559
27 114 -0.035327258749630663
27 115 0.038008293033309222
27 116 -0.040824426908332136
27 117 -0.01174620575770674
27 118 -0.045641732106080322
27 119 0.0026437425907123234
27 120 0.12134665613607591
27 121 -0.0052510719709524542
27 122 -0.097849737471262258
27 123 -0.082618266972484256
27 124 -0.066201425028337618
27 125 0.10516125899515429
27 126 -0.081234421478818736
27 127 0.027419243379628512
27 128 0.038374776097478608
27 129 0.11955463078156901
27 130 -0.10388050976331517
27 131 -0.0044773912941313242
27 132 0.19901513370003213
27 133 -0.036095718846860705
27 134 -0.098087753171344258
27 135 0.16637582967102907
27 136 0.0061501982563990365
27 137 0.11917794461883822
27 138 -0.013169694325391237
27 139 -0.071750990767923351
27 140 -0.037027256021999105
27 141 -0.025880594573829824
27 142 -0.11983852053882293
27 143 0.036808684651020232
27 144 -0.0086170650031149303
27 145 0.0036018239299487852
27 146 0.14299707990016816
27 147 -0.015398954324803423
27 148 -0.049056869364427637
27 149 -0.18148581488654483
28 29 -0.10010433888603607
28 30 -0.078913062131672623
28 31 -0.12573321421052952
28 32 -0.13230055780945357
28 33 -0.0061278372470644502
28 34 0.062513635690213884
28 35 0.071437830877731201
28 36 -0.10764924994691519
28 37 0.0562553440449911
28 38 0.015074161553427392
28 39 -0.04424266435402565
28 40 0.0046659416446711002
28 41 -0.013835885537689725
28 42 -0.10349568601347607
28 43 -0.01900968590177014
28 44 -0.024979389446110993
28 45 0.03072538732726816
28 46 -0.04049613577498383
28 47 0.15724224360641714
28 48 -0.10036319668803649
28 49 -0.14983180228462276
28 50 0.060748985388789166
28 51 0.068609619511250372
28 52 -0.049269252722115554
28 53 0.053167845521035643
28 54 -0.072843758741321804
28 55 0.059871783712823236
28 56 0.11248458495320673
28 57 -0.10765353670037393
28 58 0.032901869027260944
28 59 -0.019450894389751443
28 60 -0.034809738157385826
28 61 -0.0041556529406137884
28 62 -0.045751928023374341
28 63 0.022027570299168173
28 64 0.036140354271200312
28 65 0.053815123540768083
28 66 -0.071330454464507878
28 67 -0.069966952733446511
28 68 0.023233686660655253
28 69 -0.052120985534186912
28 70 -0.13924312433668079
28 71 -0.096791698428840001
28 72 -0.052514769574115536
28 73 -0.091007388951987095
28 74 -0.013366599138167066
28 75 0.054542579844216406
28 76 0.11910671027429362
28 77 0.15058280629459417
28 78 0.10140863906710129
28 79 0.029602401835026295
28 80 0.093566286538142279
28 81 -0.034630185572763893
28 82 0.061007325048678389
28 83 -0.07804878788610066
28 84 -0.017677585630627723
28 85 0.015813994251357159
28 86 -0.035678442600084979
28 87 0.027938671737944242
28 88 0.076407943068511217
28 89 -0.075533730269066582
28 90 0.019120578486185345
28 91 -0.13048509225832081
28 92 -0.038951810709667627
28 93 0.15836188294383774
28 94 -0.010290661993378386
28 95 -0.19521492370535806
28 96 -0.25197801008707371
28 97 -0.068927405845459033
28 98 0.064152270352790766
28 99 0.018509805575471387
28 100 0.013639295047792427
28 101 -0.098506099397289729
28 102 -0.049450519180665148
28 103 0.025112516951232688
28 104 -0.072118785770750163
28 105 -0.048672047185214277
28 106 -0.055977309201931946
28 107 0.0047124344771625548
28 108 -0.12499456985954405
28 109 0.10124040254488589
28 110 -0.0090983873901713235
28 111 -0.090087510283384103
28 112 -0.013352513823058271
28 113 -0.017659923235791509
28 114 -0.017265557994332121
28 115 -0.053396939647709502
28 116 -0.10245001056957477
28 117 0.087791560393989804
28 118 -0.046510258871801755
28 119 0.035034274307267355
28 120 -0.096802257419783183
28 121 -0.042401534298614568
28 122 0.045822318893358242
28 123 0.017058519051950966
28 124 -0.0021588869132676452
28 125 0.093224038899081568
28 126 -0.011125217637350681
28 127 -0.10296918431372595
28 128 0.00016192825808082414
28 129 0.007395773423604271
28 130 0.080580917498249416
28 131 -0.0067449460429024983
28 132 0.059735336242277053
28 133 -0.017481804218387128
28 134 0.068459215051772479
28 135 -0.013903422130171957
28 136 -0.031887150496651209
28 137 -0.086270645946025057
28 138 0.060557923098885039
28 139 -0.06875356399744123
28 140 -0.086562062050311125
28 141 0.10022234017277923
28 142 0.015640916014034775
28 143 -0.021921695553779871
28 144 0.04519384812799946
28 145 0.12559258533797388
28 146 -0.22011175756312742
28 147 0.023595359335823782
28 148 -0.026473843087245676
28 149 0.10278723814408604
29 30 0.14842213414325769
29 31 0.12039749384947022
29 32 -0.028060989238343135
29 33 0.069742150458530217
29 34 0.0059518503618988623
29 35 -0.031177866748521525
29 36 -0.10681097602225725
29 37 -0.0064727763844819267
29 38 -0.046482957044738343
29 39 0.074911976925762
29 40 -0.073127754764460581
29 41 -0.0041646700131089268
29 42 0.12163181351180484
29 43 -0.0041157989618820839
29 44 -0.0036781924089691552
29 45 0.037226850641638574
29 46 0.037248261291373097
29 47 -0.15175813252285653
29 48 0.088066887565155391
29 49 0.15425422674239991
29 50 0.0093892598854569322
29 51 0.064034035530654579
29 52 -0.12980578106793683
29 53 0.12846145781629367
29 54 -0.10077581716010978
29 55 -0.016201291877652377
29 56 -0.04169958734840893
29 57 0.14644402273578236
29 58 0.020411595550301028
29 59 -0.0051640094650329165
29 60 -0.058024946859490126
29 61 -0.0066408327984649679
29 62 -0.0089528617978283289
29 63 -0.15920151509262676
29 64 0.1041438931277933
29 65 0.10923737383497646
29 66 -0.12181456745731269
29 67 0.0076167974431147548
29 68 -0.016512088588098921
29 69 0.089510810582015557
29 70 -0.0065244081436808899
29 71 -0.067113824161970356
29 72 0.07902738605017208
29 73 -0.037012488771821485
29 74 -0.052392857748049984
29 75 0.028052415312643544
29 76 0.088776547004041695
29 77 -0.01942005649721202
29 78 0.10374144759667514
29 79 -0.074556127622198334
29 80 -0.084529240931567343
29 81 -0.080018442875198728
29 82 0.056340002775196948
29 83 0.010201036838701572
29 84 0.016239755528979501
29 85 0.046854933101807168
29 86 -0.066300907816061724
29 87 -0.096935311769377586
29 88 -0.14880836225176189
29 89 -0.063648498722701299
29 90 -0.11068865223570651
29 91 -0.16070899425012619
29 92 -0.022101360005560899
29 93 0.070483188110098474
29 94 -0.001487576118903746
29 95 0.07428929273050669
29 96 -0.20632328595568836
29 97 0.012536742616620694
29 98 0.13735674034869727
29 99 0.12508177580771487
29 100 0.0038467830692456456
29 101 0.010157737070846421
29 102 -0.057201333122413399
29 103 -0.12150168355709583
29 104 0.020807029237754401
29 105 -0.092079315891028801
29 106 0.033018670113057105
29 107 0.047060543187961934
29 108 -0.084923935730340683
29 109 -0.020377041547619608
29 110 0.15628846927867679
29 111 0.071804289640148705
29 112 -0.045468978326000664
29 113 0.12235442134741588
29 114 0.03139814333924585
29 115 -0.24252010860703035
29 116 0.01866286936029669
29 117 -0.069257903781936914
29 118 0.01760308280320276
29 119 0.090095851874219632
29 120 0.065855549702454982
29 121 -0.086049391172233536
29 122 -0.024040212194012891
29 123 -0.098051627310131853
29 124 -0.093560961209482346
29 125 -0.043546786062780056
29 126 0.030304505772166184
29 127 -0.0048048134944431086
29 128 -0.1165430861416705
29 129 0.0044516115663910168
29 130 0.11075458640499916
29 131 0.19473079938881244
29 132 0.054874927822374693
29 133 -0.11303861286337355
29 134 0.030127954085381121
29 135 -0.027790836673953621
29 136 0.079800071310088525
29 137 -0.1242105923290467
29 138 0.027213898191708698
29 139 -0.089987012085040383
29 140 -0.19489437341484661
29 141 0.0052279958119714181
29 142 0.057672718669661206
29 143 0.088996957900857487
29 144 -0.016585704596496411
29 145 -0.052053828462008754
29 146 0.035647413339769202
29 147 0.0351800618702112
29 148 0.057193873864386291
29 149 0.020698525582801101
30 31 0.082689343697362513
30 32 -0.020165212150568428
30 33 0.069233782373899599
30 34 0.072929717257004811
30 35 -0.047969183082786457
30 36 0.12953285380727653
30 37 -0.05337842691142318
30 38 0.027120726596909797
30 39 0.013364730651208433
30 40 0.04154728106716131
30 41 -0.044291165099887495
30 42 0.01226586544513969
30 43 0.036831555286449054
30 44 0.037116421311025313
30 45 -0.055863115319557476
30 46 -0.11494970269530523
30 47 -0.083158405870466467
30 48 -0.024059248274112308
30 49 -0.0177337897488592
30 50 -0.067785067580753325
30 51 0.095612982196995058
30 52 -0.050368114842075706
30 53 0.0001238524325949813
30 54 0.0031460266653984179
30 55 0.027882758457406079
30 56 -0.021840031473592335
30 57 0.15716128854034678
30 58 0.022355469634144462
30 59 0.044745732612893878
30 60 0.0039146180250990278
30 61 0.025143641474808718
30 62 0.0052891378093981988
30 63 -0.00062266230731236301
30 64 -0.0093241367820733646
30 65 -0.077794762960543898
30 66 -0.042203768161298033
30 67 0.080305978846591297
30 68 0.01888775300317732
30 69 -0.049293202388506041
30 70 -0.045332161243488212
30 71 -0.0017644822643162271
30 72 0.065675817830937885
30 73 0.053593903161428549
30 74 0.0039733940148254021
30 75 0.0060629000560013246
30 76 -0.07009724021012044
30 77 0.03898816378821484
30 78 -0.011756812073125305
30 79 0.0006753713231013364
30 80 0.069945523538679277
30 81 0.071301600633841333
30 82 0.12997836580370997
30 83 -0.0028209183754145314
30 84 0.014232252323568992
30 85 0.023330505186826136
30 86 -0.064648075583089409
30 87 -0.028199734069105219
30 88 0.057704554430559878
30 89 0.013566611093329196
30 90 -0.068701509521536946
30 91 0.041924351771893131
30 92 -0.0022372579969038632
30 93 0.022526519523831213
30 94 -0.039525689971483473
30 95 -0.14594587375137472
30 96 0.092983857113446061
30 97 0.097480823100546274
30 98 -0.035096769877042897
30 99 0.1259178155509037
30 100 0.026415612809982943
30 101 -0.016996400687705856
30 102 -0.101055689653476
30 103 -0.031441843243223445
30 104 0.054095195650025289
30 105 0.065562636763842996
30 106 -0.041548874198622986
30 107 0.1016194619566731
30 108 0.029452281142660335
30 109 0.052136606116626114
30 110 0.0075947517109013363
30 111 0.05047753179632173
30 112 0.12419387357037648
30 113 0.20160498769521495
30 114 -0.10076435290268272
30 115 -0.084482274005724459
30 116 -0.089789275757791748
30 117 0.013781105974003846
30 118 -0.18178884077472646
30 119 0.095771999513810671
30 120 0.10584223820250079
30 121 -0.00092306392757372845
30 122 0.030021582860612846
30 123 -0.01198634623174512
30 124 0.0060146370387534967
30 125 0.022931243154581591
30 126 0.005507490252517947
30 127 -0.077212000948547493
30 128 0.030678064765041545
30 129 0.016451615270401926
30 130 0.0089471317045515513
30 131 -0.083997256056593347
30 132 0.10496782834163444
30 133 0.12726487059560493
30 134 -0.069146048790610148
30 135 -0.053054141606556957
30 136 -0.039888271829130843
30 137 0.020209451033159249
30 138 0.015562455503263968
30 139 0.0019104996123815252
30 140 0.040405429342389401
30 141 0.038442079583233243
30 142 -0.16139516057858336
30 143 -0.056432742453749629
30 144 0.12047459131507091
30 145 0.10497788859696353
30 146 0.015654781808851007
30 147 -0.040535135413277142
30 148 0.0338880086332254
30 149 -0.060392288972284977
31 32 0.1380453017181324
31 33 0.001908022233398121
31 34 -0.082437049178775076
31 35 0.076225835185269902
31 36 -0.034125009154765525
31 37 0.0062848252052340788
31 38 0.14094802225683162
31 39 0.030404617500191543
31 40 0.11299182906421605
31 41 0.067637404065076095
31 42 0.17625250723103966
31 43 -0.093867785366872764
31 44 -0.0082411988482526417
31 45 0.074411529766667123
31 46 -0.13580749748647869
31 47 0.10338198194022721
31 48 0.0091249624477135732
31 49 0.08471972778521708
31 50 -0.23844607502717449
31 51 -0.06200783443852894
31 52 0.11855905013947844
31 53 -0.05575301541783028
31 54 -0.0065972929277719741
31 55 -0.016720979532433709
31 56 -0.011964866121095249
31 57 0.17145570641319799
31 58 0.028069930573020638
31 59 0.067454757313538199
31 60 -0.039035640068842449
31 61 0.066597848015919461
31 62 0.076137134935114273
31 63 0.0824083074522583
31 64 -0.053013173776951285
31 65 0.0023033040094472372
31 66 -0.00039847720518600415
31 67 0.10065282398468604
31 68 -0.12513093007272172
31 69 -0.07954829484734198
31 70 -0.1053480709687737
31 71 0.1461495398108589
31 72 -0.15442883964784965
31 73 -0.017855708471599764
31 74 0.030884198952142932
31 75 0.023773846471140149
31 76 -0.056453534326125085
31 77 -0.021262216141316716
31 78 -0.072020008857321391
31 79 -0.032188339193775277
31 80 -0.11606090402340034
31 81 -0.011121416361912422
31 82 0.10730006311617662
31 83 -0.068252211682206784
31 84 0.025144281184657318
31 85 0.016298456274020864
31 86 0.095303699724833033
31 87 -0.050298038714967741
31 88 0.070910146987429076
31 89 -0.078947451448605641
31 90 -0.065701484905181226
31 91 -0.024983657563434569
31 92 -0.085100615431566218
31 93 -0.034151182206211834
31 94 -0.061730743232426485
31 95 -0.025863612230126079
31 96 0.12228532269389436
31 97 0.026363382792636308
31 98 -0.095003113672493769
31 99 -0.11793332348154262
31 100 -0.034698175796319217
31 101 0.025243385778936128
31 102 0.1078885807830694
31 103 -0.083810361301619479
31 104 0.082986908385794242
31 105 -0.025793215411280813
31 106 0.086862581985255163
31 107 0.14015865502275693
31 108 0.033327757857719097
31 109 0.055066710641712306
31 110 -0.0023926327873469589
31 111 0.17090383619189203
31 112 -0.13757660160178034
31 113 -0.0016313649623463152
31 114 0.034180565637771915
31 115 -0.049181282050805478
31 116 -0.0032922494690240216
31 117 0.068058843706501074
31 118 0.097574875450981827
31 119 0.035508006652165441
31 120 -0.064082493457961826
31 121 0.088282663408231501
31 122 -0.029921287626205689
31 123 0.094092282438177938
31 124 -0.049584775297340559
31 125 -0.049612363366728501
31 126 0.044285400982520352
31 127 0.016189119130220406
31 128 -0.12084684450592197
31 129 0.032348233491873914
31 130 0.12524004529449567
31 131 -0.077278312547019876
31 132 0.057316876218278134
31 133 0.051455381768328708
31 134 0.1108614918897125
31 135 -0.1732740168017427
31 136 0.021450222175830067
31 137 0.066934666942389545
31 138 -0.10052628419166734
31 139 0.072830614483555003
31 140 -0.15071687056749708
31 141 0.13522266089176097
31 142 -0.11122319907352095
31 143 0.064567043486654083
31 144 -0.0090142121266598048
31 145 -0.018227637083514207
31 146 0.0014292597409339758
31 147 -0.06700118091434655
31 148 0.11342124990904515
31 149 0.014970653586833419
32 33 -0.081591416832480126
32 34 0.057138260237645032
32 35 0.11046148093784974
32 36 0.068482083975799579
32 37 0.012564560933326174
32 38 0.00060752183876120857
32 39 0.072731616887645026
32 40 -0.074538830441598647
32 41 -0.10076305040603738
32 42 0.060682943224592278
32 43 0.036913069968796869
32 44 -0.059549882472641286
32 45 -0.018648417581153449
32 46 -0.075085706761119558
32 47 -0.024441500397154224
32 48 -0.0086953508663701849
32 49 -0.023211509018000967
32 50 -0.015606701923376758
32 51 -0.01863693149683128
32 52 -0.07923265024868921
32 53 0.029997935981451354
32 54 -0.0031185638885110945
32 55 -0.037025926765933886
32 56 0.015474095283885813
32 57 0.071543270074569176
32 58 0.043639252956827981
32 59 -0.093383145859784841
32 60 0.18583939556141393
32 61 0.019010799118125844
32 62 -0.02218007085476242
32 63 0.013267289857895848
32 64 -0.098322995825141535
32 65 0.063047314356694861
32 66 0.026071300301865198
32 67 0.12518726213247983
32 68 0.0022776689286660629
32 69 0.0072753792427181687
32 70 0.026752897697611286
32 71 -0.056326200698620016
32 72 -0.030971961206723738
32 73 -0.10219143536296935
32 74 0.015964531313288021
32 75 0.084266421274476186
32 76 -0.043875026870808902
32 77 0.062367831254538597
32 78 -0.080016154295995651
32 79 0.020114511581838086
32 80 -0.094902279099893669
32 81 0.19961124238986938
32 82 0.16135954525936042
32 83 0.0073808332824937114
32 84 -0.066527680596445898
32 85 -0.011015427743280341
32 86 -0.19216196354945164
32 87 0.08654807212499932
32 88 -0.19802175918651135
32 89 -0.050908103879187004
32 90 0.020852556919515351
32 91 -0.063705854065362236
32 92 -0.011072561639868242
32 93 0.0077523426155376727
32 94 0.070297317117136854
32 95 -0.00041000966496613665
32 96 -0.017157283081365941
32 97 0.0018613806256693388
32 98 -0.06803518311518944
32 99 -0.094874184208964804
32 100 -0.028370040247788664
32 101 -0.16071834786802694
32 102 0.12044740787705099
32 103 -0.016736964093855909
32 104 -0.06315546827392754
32 105 0.022581400798578032
32 106 -0.07647473418568998
32 107 0.13849733921622701
32 108 0.069107158373892044
32 109 0.19662104349053194
32 110 0.02130788199770196
32 111 0.1445432093977862
32 112 -0.0061697795844118646
32 113 -0.018248789147189661
32 114 -0.012522832027739733
32 115 0.017630778501527281
32 116 -0.14889793118719699
32 117 0.096987904680960191
32 118 0.020511849627670289
32 119 -0.10285123914086335
32 120 0.22319656646498548
32 121 0.081520852012046785
32 122 0.026572014895640518
32 123 0.0057004695699406039
32 124 -0.01060293474356179
32 125 0.012705533426512532
32 126 -0.10285680146464127
32 127 0.057275127980053075
32 128 0.015359213351056897
32 129 0.066653727893071404
32 130 0.011945606701289128
32 131 0.17005891613926299
32 132 -0.15870200119828023
32 133 -0.00063828881500188118
32 134 -0.15221681875407564
32 135 -0.069387669306883198
32 136 -0.1157241554370734
32 137 -0.070524292677459202
32 138 0.02478012283349439
32 139 -3.1766848832774794e-05
32 140 0.027973040219736393
32 141 0.036315083885061855
32 142 0.0073150637930072555
32 143 0.018249321943740942
32 144 0.0672480994644446
32 145 -0.073627902553658586
32 146 -0.053799317502774849
32 147 -0.041805264182511175
32 148 -0.010690893371073798
32 149 -0.039830090796172668
33 34 -0.078330410240382731
33 35 -0.12265742580126782
33 36 0.0089905449904568741
33 37 0.079573769586055582
33 38 0.053547826838432767
33 39 -0.15188887805040416
33 40 -0.12870865174338103
33 41 -0.069697850183304197
33 42 -0.062273741524796436
33 43 -0.021775771521937791
33 44 0.042224185585997435
33 45 0.15194756999342496
33 46 0.0034484577832165921
33 47 -0.027724503576058851
33 48 0.030531030731580078
33 49 -0.051454843603841269
33 50 -0.040196531300823478
33 51 0.090556343792252247
33 52 0.071503387275471911
33 53 -0.098844504648522971
33 54 0.11455868284253699
33 55 0.01727245519740948
33 56 0.12237091499694389
33 57 0.10885219107613794
33 58 -0.0060590642569865539
33 59 -0.14012268182768739
33 60 0.074429677587705148
33 61 -0.060906864422107736
33 62 -0.2004790020048888
33 63 -0.043011914541828823
33 64 0.16492473439562055
33 65 0.12895112243911924
33 66 -0.084279426349690642
33 67 0.029171953238009696
33 68 -0.014522613754129268
33 69 -0.060091253587943767
33 70 -0.001155592749107408
33 71 0.097585364402056451
33 72 0.10300704850535157
33 73 -0.1659991687219344
33 74 -0.022212159661731942
33 75 -0.055691429231437252
33 76 -0.10549528075400348
33 77 0.019515667855534706
33 78 -0.041778425206631581
33 79 0.022510335222933855
33 80 -0.16332946952912658
33 81 0.066938990496458212
33 82 0.031145781015542086
33 83 0.050264619305738653
33 84 -0.08304714136544511
33 85 0.014383862087965684
33 86 0.015618093417721361
33 87 0.035655278987302634
33 88 -0.018259330239078626
33 89 0.053930985076513102
33 90 0.049560947784117175
33 91 -0.1275008852235715
33 92 0.089604834560527979
33 93 -0.085234339946463317
33 94 0.039254045508981893
33 95 -0.081871812377706396
33 96 -0.023964948013104441
33 97 0.062849502632091964
33 98 -0.054664322883733983
33 99 0.0049917926320251068
33 100 0.061383205965496346
33 101 -0.016127198071059563
33 102 -0.21162460745974199
33 103 -0.088474624499968374
33 104 -0.056140230314933523
33 105 0.22517643753115132
33 106 -0.09983880566283293
33 107 -0.097878794744794231
33 108 -0.022297280380400828
33 109 -0.20359744775342764
33 110 0.12584510579236302
33 111 -0.015813241959184248
33 112 -0.018366655014816591
33 113 -0.059992897866187979
33 114 -0.072176115501891167
33 115 0.067449671620092091
33 116 0.14001013926641998
33 117 -0.11976042801012926
33 118 0.036361863643205657
33 119 -0.10749005959248913
33 120 0.086251226118049765
33 121 0.086403169620976439
33 122 0.003363003195680303
33 123 -0.045051098333512112
33 124 0.047720248817187561
33 125 -0.05439288584890057
33 126 0.059696272368139881
33 127 0.056009206967740206
33 128 -0.088038118581150099
33 129 0.1398129121167806
33 130 0.16477466584541797
33 131 -0.043439990729530718
33 132 0.006272607953804377
33 133 -0.017647873073591835
33 134 -0.028475715751502751
33 135 0.087420003852870687
33 136 0.0085659621965629654
33 137 0.15312866574577147
33 138 0.00036980583518231254
33 139 0.12519749831840299
33 140 0.087843483913699713
33 141 0.086789891175753475
33 142 0.12027170620931596
33 143 -0.072410699159248665
33 144 -0.042913224156358433
33 145 0.023185435840816466
33 146 0.02190286860142187
33 147 -0.015050044413169832
33 148 -0.13250238590519958
33 149 0.1479612410182419
34 35 0.032015031986083797
34 36 0.15038212075943327
34 37 -0.057138276177605488
34 38 0.16083068183418692
34 39 -0.041945625454098655
34 40 0.078144904771497228
34 41 0.087063032145011016
34 42 -0.10722569907913787
34 43 -0.032658225158381453
34 44 -0.15959598118184704
34 45 -0.13767013796570815
34 46 -0.03533355652367693
34 47 -0.15471280101021598
34 48 0.020085360145993113
34 49 0.052025728755471644
34 50 0.091301560389621977
34 51 0.0032290212841489621
34 52 0.16181959514102395
34 53 -0.0591710101516481
34 54 -0.043292317429803745
34 55 0.077297840532879108
34 56 -0.072212662120131957
34 57 0.11011585691697788
34 58 0.02128843873675907
34 59 0.001677230312752071
34 60 -0.12055194930967844
34 61 -0.14265555640562289
34 62 -0.02430243267017473
34 63 0.079814027799862991
34 64 -0.067347862114474646
34 65 -0.030886014391378953
34 66 -0.065718520945333259
34 67 0.16422446249511341
34 68 -0.011426631008709635
34 69 0.0023871084160398156
34 70 0.063742338957695308
34 71 -0.03458074338049337
34 72 0.0053964506106753797
34 73 0.037339502879282935
34 74 -0.11023707873380502
34 75 0.011089044591336458
34 76 0.069948314989319652
34 77 -0.047160563772328988
34 78 0.098463528026695751
34 79 0.005524495382630573
34 80 0.072225744790531496
34 81 0.027925444312342
34 82 0.022965385570040502
34 83 0.055571852685942572
34 84 0.10124630784790123
34 85 -0.14996269392026912
34 86 -0.10845248994287297
34 87 0.0258083509506884
34 88 -0.073642815884223251
34 89 0.14108258422691719
34 90 -0.067836079027155063
34 91 -0.058601337482935612
34 92 0.077761104291629635
34 93 -0.14891749139146218
34 94 0.031688955032670253
34 95 -0.071527604056458471
34 96 -0.023216104622246759
34 97 -0.014085644044488897
34 98 0.057992161839970496
34 99 -0.1009870607487031
34 100 -0.079929645167944152
34 101 0.018703729094769261
34 102 -0.14907315954986902
34 103 0.011565134953965873
34 104 0.081089052474424717
34 105 0.021286337715814976
34 106 -0.066693989399764161
34 107 -0.0061519471444878449
34 108 0.013881467106534385
34 109 -0.21326172497521642
34 110 0.055517134416215252
34 111 -0.016103645928264312
34 112 0.15406303462758461
34 113 -0.045550727803014363
34 114 0.078244342063323716
34 115 0.11864612179146206
34 116 0.052013430282940309
34 117 -0.072437746067712139
34 118 0.043547926097596883
34 119 -0.06725178266643568
34 120 -0.13625282677752465
34 121 -0.030707743299888166
34 122 0.11602971219900851
34 123 -0.081116791891477427
34 124 -0.018058237459050344
34 125 -0.012909076422738331
34 126 0.082428339549572904
34 127 0.043655454848313513
34 128 0.025143029338430885
34 129 -0.049956292354254916
34 130 -0.049811151059652607
34 131 0.10717902914840255
34 132 0.023916439327043928
34 133 0.16960857079474273
34 134 -0.088493954319739304
34 135 -0.070137880630059463
34 136 -0.10475481181108252
34 137 -0.049453230867358818
34 138 -0.031053085597667784
34 139 -0.071452739600073409
34 140 -0.020543698741204177
34 141 0.046543780332903552
34 142 0.014875903607866498
34 143 -0.0014540532487348084
34 144 -0.039010908160964537
34 145 -0.10461921088098264
34 146 -0.1606431525955104
34 147 -0.085309841432466893
34 148 0.13673940279793217
34 149 -0.15171080577230783
35 36 0.069316359283726509
35 37 0.1089202583860301
35 38 -0.085747636203810901
35 39 -0.19180553941024969
35 40 0.072113329370713922
35 41 0.02741341743997594
35 42 -0.056346348723155359
35 43 0.033810465028700928
35 44 -0.13249512888956713
35 45 -0.1065635928167339
35 46 -0.045629654263539321
35 47 0.01890882336241927
35 48 0.066087823746320357
35 49 0.02757188809159445
35 50 -0.2021598806368371
35 51 0.0044590657897945109
35 52 -0.04905048985163684
35 53 -0.068201948126260792
35 54 0.15555816463838801
35 55 -0.081770931769200833
35 56 0.17762981640707909
35 57 -0.016121233468269016
35 58 -4.7695252060987124e-05
35 59 -0.19355810439430465
35 60 -0.019432708128292345
35 61 -0.10112605635700246
35 62 -0.021216779310105918
35 63 -0.0094670153056515983
35 64 -0.029980579018507741
35 65 -0.053014679297394791
35 66 0.18065774401660062
35 67 0.0024791247743587352
35 68 -0.0020856901320839634
35 69 -0.11031489806875443
35 70 -0.0070005500069446535
35 71 -0.098239262716279988
35 72 0.13206275847921445
35 73 -0.07338945241755504
35 74 -0.092214012004129431
35 75 0.0064535326159482261
35 76 -0.056225057715079289
35 77 0.030164933148737555
35 78 0.12624564559220203
35 79 -0.11246287037682771
35 80 0.19192736808947905
35 81 0.03460595170556293
35 82 0.17207160675775002
35 83 0.13092236588117331
35 84 0.046419338003239795
35 85 -0.031481683964117289
35 86 0.18185216979105184
35 87 0.016736687975645433
35 88 -0.066355926504475235
35 89 0.0094351220772335119
35 90 -0.021549708019561471
35 91 0.035428031624971698
35 92 -0.19969461637245081
35 93 -0.039115971591297795
35 94 0.1090636127443757
35 95 -0.027372420502825824
35 96 0.061934825418728384
35 97 0.039709989028213016
35 98 0.0076125617642187268
35 99 0.00097898344179070049
35 100 -0.015016821976368689
35 101 0.065913628125991414
35 102 0.15793599425974975
35 103 -0.14162299854933807
35 104 0.022644821435172373
35 105 -0.047933793914577992
35 106 0.05618186793137879
35 107 0.057273374435438014
35 108 -0.020015046121744741
35 109 -0.045781915783019295
35 110 -0.053583711312849495
35 111 0.0077485476966834927
35 112 0.16908381215106477
35 113 0.059914822347244399
35 114 0.078887827290673604
35 115 0.024416562674226212
35 116 0.24496915000735242
35 117 0.012874562001078126
35 118 0.13885519304450286
35 119 0.067313387309640121
35 120 -0.065539341959663502
35 121 -0.050846560210327851
35 122 0.013779941888164855
35 123 0.064097762857534019
35 124 0.01308626407293325
35 125 0.043807567005065898
35 126 0.067499086418421173
35 127 0.064615916603080928
35 128 0.058091496538931968
35 129 -0.023319179442677994
35 130 0.029881336174436814
35 131 -0.086884346048759886
35 132 0.097208959215360727
35 133 -0.027886180157816069
35 134 0.081863190148590198
35 135 -0.055536963989621553
35 136 0.12438194463393847
35 137 0.012426565290160202
35 138 0.0094211355659704621
35 139 0.066761471058630256
35 140 -0.16815049510335886
35 141 -0.050552130881435314
35 142 0.071734502929511626
35 143 -0.065869975074896947
35 144 -0.012704476203149451
35 145 -0.044420512305025119
35 146 0.072586677267437491
35 147 -0.00035654100028519687
35 148 -0.01877004968700511
35 149 0.1053173998166259
36 37 0.05521421708875434
36 38 -0.10908884998531651
36 39 -0.034425116010440363
36 40 -0.051108389059353998
36 41 -0.068454611103144186
36 42 -0.055094221852113094
36 43 0.042485921916310017
36 44 -0.060245399014228866
36 45 0.063253463461679232
36 46 0.01661319303072642
36 47 0.061590148672314188
36 48 -0.071308681783677802
36 49 0.013921594214141023
36 50 0.042002999692428378
36 51 0.16854845153261694
36 52 0.11690530447544939
36 53 -0.0064810762940113037
36 54 0.045980550489810923
36 55 0.022235011788264005
36 56 0.20648421696418243
36 57 -0.064082459666674738
36 58 0.12480705878760755
36 59 0.05939349408503395
36 60 -0.067408072159760496
36 61 -0.042238188998342731
36 62 -0.031019228323790404
36 63 -0.035164698757647661
36 64 0.0052161284112162325
36 65 -0.084840842513435683
36 66 0.10050060511934092
36 67 -0.14063049795495014
36 68 -0.059590234080437267
36 69 -4.132284437180038e-05
36 70 0.045899425132616925
36 71 0.042693910410396212
36 72 -0.13543670164536198
36 73 -0.0017471074728250414
36 74 0.10446404677734096
36 75 -0.13931775977156341
36 76 -0.11803531644979666
36 77 0.011418117473276602
36 78 0.11881442727274867
36 79 0.070622322442191465
36 80 -0.14308673277014305
36 81 0.17665976745877604
36 82 -0.087495432681387542
36 83 0.12655273304474976
36 84 -0.13212064542049967
36 85 -0.035302270565655727
36 86 -0.092730757875105166
36 87 0.042296581281438608
36 88 -0.0045570595897449903
36 89 0.0019727492852487575
36 90 0.11299315958907777
36 91 -0.16680348427459044
36 92 -0.098520038656248698
36 93 -0.049200948831790436
36 94 -0.094621843327181529
36 95 0.034149924182403715
36 96 0.11581608376322955
36 97 0.02577933263145759
36 98 0.048048036179772893
36 99 -0.0047282344487829409
36 100 0.097385419786355967
36 101 0.050469214400828147
36 102 0.057304821844536988
36 103 -0.049103519323967712
36 104 -0.045049858310341979
36 105 -0.20727038959615415
36 106 -0.018103442125953193
36 107 -0.040745222324652421
36 108 0.059800467805147313
36 109 -0.17977275938768628
36 110 0.06788997994029318
36 111 0.092439422767075036
36 112 0.069955367064597845
36 113 0.044459851970746658
36 114 -0.055403964562400869
36 115 -0.034615906581962147
36 116 0.010036973729096805
36 117 0.12843948439514252
36 118 -0.18649167084967622
36 119 0.12303534582526753
36 120 -0.14611047612824907
36 121 0.050213244960829455
36 122 -0.034825088998382277
36 123 -0.11665144915816483
36 124 0.018448927862491239
36 125 -0.17974372605070849
36 126 -0.078798363254700673
36 127 -0.072483152157899799
36 128 0.13987506014555157
36 129 -0.035762659408444808
36 130 0.044801921946775493
36 131 -0.10410870119599945
36 132 -0.072322238319788318
36 133 -0.0047233600860931996
36 134 0.076095557857736223
36 135 -0.11889420814115606
36 136 0.04125828808363375
36 137 0.061777602011947666
36 138 0.061294316660354148
36 139 -0.20900646677585127
36 140 -0.0092600036837198647
36 141 -0.20357604685209138
36 142 0.035567199084333062
36 143 -0.1027408551346792
36 144 0.052662382593178445
36 145 0.038427629483550135
36 146 -0.13664010261701615
36 147 0.0081676026777146287
36 148 0.0015919386137804377
36 149 -0.043298967518030515
37 38 -0.0082907984633490694
37 39 0.059829204793543908
37 40 0.00036426442430378432
37 41 0.049954222316217496
37 42 0.044307141298025841
37 43 0.0078610913369090603
37 44 0.043627194297889658
37 45 0.0074250468733817422
37 46 -0.029320155867500135
37 47 0.096096680214794117
37 48 0.13806778564864278
37 49 0.0033585296118711062
37 50 0.041476419022240349
37 51 -0.15027222013803307
37 52 0.15354745260006256
37 53 -0.021974649871826617
37 54 -0.047979112683217015
37 55 -0.0036549686661690715
37 56 -0.022179790269782132
37 57 -0.11820065863689276
37 58 0.031575995684263447
37 59 0.14343497372682729
37 60 -0.11718510805559372
37 61 0.20661938206095065
37 62 0.19456330654275519
37 63 -0.023770465216819442
37 64 -0.076130062659822709
37 65 -0.077350181844081933
37 66 -0.15216884966832589
37 67 0.026617515401536472
37 68 0.021971811439045297
37 69 -0.17362259649491721
37 70 0.063623118586681765
37 71 -0.021499630381996166
37 72 0.091064091720173004
37 73 -0.021590499611450865
37 74 0.055999727041437006
37 75 -0.011550084515518897
37 76 -0.12278767312036437
37 77 -0.050010247763111193
37 78 0.12585535741170337
37 79 0.1668809613038042
37 80 -0.06163274581828751
37 81 -0.0833888812919725
37 82 -0.076394859094990539
37 83 -0.049934771715714615
37 84 0.11815318496268663
37 85 -0.13171234603317125
37 86 -0.061019136112464116
37 87 -0.027310598865145874
37 88 -0.05773526306677295
37 89 0.005366904456169273
37 90 0.1073074677402211
37 91 -0.15772041613834187
37 92 -0.052018469477823071
37 93 -0.038444884116764527
37 94 0.012774571517874866
37 95 0.15269199768393177
37 96 -0.0082184222110905682
37 97 -0.0078561250609391221
37 98 -0.075747201624615179
37 99 -0.010255410523208797
37 100 -0.025723471917699105
37 101 0.033629750671490342
37 102 0.03530161594881713
37 103 0.013954227519640212
37 104 -0.047804806059059311
37 105 0.090757078124272042
37 106 0.027707110800777764
37 107 -0.069971585242180404
37 108 -0.061809787417374355
37 109 -0.16130338653198567
37 110 -0.065888596056837598
37 111 0.079127109045849631
37 112 -0.057214504379594952
37 113 0.02850356863899697
37 114 0.014653654649129431
37 115 -0.031751672134728973
37 116 -0.01942962081130007
37 117 -0.041913884923520439
37 118 0.0362296533163141
37 119 0.011984913141107521
37 120 0.079424723661230878
37 121 0.010324532417012413
37 122 0.16298086090322042
37 123 -0.072097825839104818
37 124 0.16422476444362419
37 125 0.023581115529899995
37 126 0.01170011963141984
37 127 -0.044642596883132095
37 128 0.080791231306826
37 129 0.0074978700441705216
37 130 0.056792989674291715
37 131 -0.019742311847625378
37 132 0.092928790709519579
37 133 0.01193796379729165
37 134 0.055212699812257626
37 135 -0.066565370069448113
37 136 0.07294949931318094
37 137 0.019739786946689517
37 138 -0.043679666621814557
37 139 -0.069815934689981846
37 140 -0.0047479061060970162
37 141 0.09086794984335804
37 142 -0.079267592074490342
37 143 0.080474092486470777
37 144 0.044662343435413691
37 145 -0.04484100133209664
37 146 0.018956037934350391
37 147 0.05051854255230738
37 148 -0.12027269700747617
37 149 0.057498811906848774
38 39 -0.18980109130056949
38 40 0.025911997675020965
38 41 0.053552178397979842
38 42 -0.044344234948262694
38 43 -0.042618232759484363
38 44 -0.037404752221545816
38 45 -0.28189060963845652
38 46 0.087992118130796743
38 47 -0.004185448684761583
38 48 -0.061920308601199979
38 49 -0.18417119609439991
38 50 -0.1298649062580696
38 51 -0.14236837114010215
38 52 0.025360414730891911
38 53 0.016242706270910141
38 54 -0.0068404520495352582
38 55 0.036152017904448712
38 56 0.0077918269660450477
38 57 -0.0083959684952144877
38 58 0.019742808176705151
38 59 0.11221332027444547
38 60 0.0054017149992829231
38 61 -0.14396222833732916
38 62 -0.015048742971829052
38 63 0.12490392010246582
38 64 0.0055819899694187847
38 65 -0.063883387615547418
38 66 -0.10910992428380219
38 67 -0.0099822371736905426
38 68 -0.12232359323740463
38 69 -0.0072032359019899711
38 70 0.025177735472608421
38 71 -0.024574923723169075
38 72 -0.05302925626646781
38 73 0.14500087830359215
38 74 -0.039477551289347962
38 75 0.0092652548730454889
38 76 -0.11434739812615506
38 77 -0.0034963845325872655
38 78 -0.035160305557173574
38 79 0.30265935084074114
38 80 -0.1615917637409241
38 81 -0.024769174936381571
38 82 -0.04352142734773954
38 83 0.097262939543394517
38 84 0.063862097188754213
38 85 -0.1293582114291808
38 86 0.095068633575786501
38 87 0.096711181701476995
38 88 -0.026960215457991602
38 89 0.009620179507855953
38 90 -0.20068034159771717
38 91 -0.043011352737266403
38 92 0.095137631870636993
38 93 -0.0013883866556300207
38 94 -0.075696412507433419
38 95 0.12706543923217475
38 96 0.022250631371800202
38 97 -0.10423816477405087
38 98 0.038972933502146284
38 99 0.10240197894491514
38 100 -0.035940990362572825
38 101 0.14282300675559476
38 102 -0.039366555032280252
38 103 -0.039840597645828951
38 104 -0.10491281871563507
38 105 -0.026678285068979304
38 106 0.054908549810607332
38 107 0.075786160338339403
38 108 0.1547556443182507
38 109 0.12074728470027923
38 110 0.0083915119426120569
38 111 -0.024771238054607458
38 112 -0.012511321708943514
38 113 0.012298276485866285
38 114 -0.012818266327534441
38 115 0.016826246161705399
38 116 -0.2070004755571401
38 117 0.023108198359724375
38 118 0.071465767758614102
38 119 -0.044004721920652662
38 120 0.11044855503756193
38 121 -0.058441106629150516
38 122 -0.02280308292564601
38 123 -0.031224725810970789
38 124 0.056719624352379386
38 125 0.036925690019513374
38 126 0.08430072811424201
38 127 -0.076583589558813586
38 128 -0.10121776199548252
38 129 0.0061980162579488244
38 130 0.065567570130484282
38 131 0.049063326000728692
38 132 -0.032978271732226498
38 133 -0.019418785028168566
38 134 -0.0032187388341306951
38 135 0.035347551240845314
38 136 0.014064029919139201
38 137 0.073373148869928337
38 138 0.0062727412390187207
38 139 -0.022079470931862497
38 140 -0.0060417890876840012
38 141 0.045751525521452618
38 142 0.077334929383328616
38 143 -0.072899839923458179
38 144 0.20767392867895626
38 145 -0.0420221057513223
38 146 0.055009251093178786
38 147 0.019725145970673416
38 148 0.09278332558072197
38 149 -0.027969718972148092
39 40 0.18552241157498708
39 41 -0.014932855650420768
39 42 -0.045029886519003838
39 43 -0.15142652754477021
39 44 -0.00046453686330786561
39 45 -0.052339750781426241
39 46 -0.048573058731094555
39 47 -0.016745017674792119
39 48 0.016936729526221134
39 49 0.0066885169762371383
39 50 0.024261896034944185
39 51 0.12003172696182508
39 52 0.086184167940052722
39 53 -0.011616422443821011
39 54 0.14860673593180992
39 55 0.13250464824058722
39 56 -0.060622139456226271
39 57 0.094545443646797844
39 58 -0.16953022717365307
39 59 0.039546234805536408
39 60 0.0037276418678690621
39 61 -0.054739945894214902
39 62 0.030958388670973731
39 63 -0.12264236701944237
39 64 -0.17796235323038401
39 65 0.010206925068546164
39 66 0.12099007386724714
39 67 -0.036479308135227061
39 68 0.06156292051076153
39 69 -0.061143276201047023
39 70 0.13699252163993431
39 71 0.027635866082805202
39 72 0.023797805907501555
39 73 -0.042498279793412523
39 74 0.031181081384588194
39 75 -0.039425566690988477
39 76 0.035324735283108609
39 77 0.12009384945040331
39 78 -0.020166975809368951
39 79 0.045695135617189749
39 80 0.03933353564837825
39 81 0.020079854563484417
39 82 -0.050203318329853669
39 83 -0.17944988919037488
39 84 -0.034023183011020024
39 85 -0.006459041110911513
39 86 -0.039559737160670898
39 87 0.18714967826963208
39 88 0.035913963973576643
39 89 -0.11767809243685888
39 90 0.046231054602617963
39 91 0.07143195450507521
39 92 0.051943025335008934
39 93 -0.037927210890714193
39 94 0.053344833812985305
39 95 -0.026174996796099612
39 96 -0.0015165416285453216
39 97 -0.095695672332059264
39 98 -0.0084074063314741234
39 99 -0.15812362760758641
39 100 -0.0053011554997257678
39 101 0.080157275726924174
39 102 0.077110285304161932
39 103 0.0032433864005920361
39 104 -0.14977292803973097
39 105 0.12486469867882022
39 106 0.043997413742822983
39 107 -0.0076346498105422378
39 108 0.097445307228010716
39 109 -0.015024930032877257
39 110 -0.031157520285294449
39 111 -0.17919276050211105
39 112 -0.031315133588982462
39 113 -0.15481480427706132
39 114 -0.0094444332872311628
39 115 -0.0057012194062097035
39 116 0.14976316059342307
39 117 -0.013291893035365288
39 118 0.024498819080632415
39 119 -0.30489746162678089
39 120 0.14967627224009675
39 121 -0.050152864880037291
39 122 -0.083012376939281582
39 123 0.13136962950703723
39 124 -0.011810473904601161
39 125 0.083587988088970833
39 126 0.039741577304083703
39 127 0.10275949462463135
39 128 -0.0077535417780548906
39 129 0.083917547559054104
39 130 -0.070804242214216009
39 131 0.0081162069005254987
39 132 -0.033543921435188154
39 133 0.050525441164220856
39 134 -0.23818759352269717
39 135 -0.10272004934375553
39 136 0.040415498808343102
39 137 0.0077002311649887537
39 138 -0.098543592638365304
39 139 -0.087732048925429643
39 140 0.074954446487313212
39 141 0.0034178933183221785
39 142 -0.081009423620656343
39 143 0.20280838363807804
39 144 -0.10642189050585514
39 145 -0.052449483085689641
39 146 -0.11071160871597625
39 147 0.051127418274746213
39 148 -0.10132312604199747
39 149 0.21023919697957555
40 41 -0.090650017313527204
40 42 -0.038047767881061484
40 43 0.0028489428469069015
40 44 -0.14153573722898105
40 45 -0.040231485403092536
40 46 -0.032017261403200423
40 47 0.033188845461041991
40 48 0.0046596311422348506
40 49 -0.063234245419158452
40 50 -0.011817509201844207
40 51 0.090581309316009676
40 52 0.058301357284618716
40 53 -0.0049971997831051657
40 54 0.045574977630607791
40 55 0.026973477976017381
40 56 -0.014861861040354918
40 57 0.055267526840570486
40 58 0.037112346015456085
40 59 -0.16283926948366584
40 60 0.14113459782839655
40 61 0.011544387698783692
40 62 -0.11200864435329597
40 63 -0.020166370842921211
40 64 0.10043244531478254
40 65 0.006179917501875189
40 66 -0.10394955565233119
40 67 0.16490440296971476
40 68 0.12054650056702436
40 69 -0.13016935170807017
40 70 0.050176779169964561
40 71 0.062504346504983502
40 72 -0.082157879970227665
40 73 -0.00050680150710521803
40 74 -0.2240551052565877
40 75 -0.021710194168902967
40 76 0.0024392345389041615
40 77 0.1862248623223037
40 78 -0.15163273732148236
40 79 -0.12123190457420317
40 80 0.12322076193443378
40 81 -0.16260238102616403
40 82 0.05041392430049934
40 83 -0.17518428997998903
40 84 -0.043243217009953316
40 85 -0.12111638921548222
40 86 -0.095394465109311752
40 87 -0.031547707457317962
40 88 -0.097453679588577188
40 89 0.083241430731064159
40 90 -0.020957427438127774
40 91 0.038277456454533135
40 92 -0.077006626451346608
40 93 0.049665365793760373
40 94 -0.10387663215708184
40 95 -0.12121572729594293
40 96 0.015953306431575102
40 97 -0.049028378142610886
40 98 -0.11856548927137474
40 99 0.010057747163062585
40 100 0.023748230622603488
40 101 0.061424344883466549
40 102 0.11395477402033627
40 103 -0.0071060863557970881
40 104 -0.088016549326343951
40 105 -0.092763067421444495
40 106 0.034270906653843358
40 107 -0.10020735190787532
40 108 -0.006333748546117391
40 109 -0.037171899773435824
40 110 0.0012090219931206085
40 111 0.0050976327699311643
40 112 0.079997423961407077
40 113 0.01050469602631055
40 114 0.062968603967174783
40 115 -0.0082769802238948226
40 116 -0.1415680420816017
40 117 0.018953061998235498
40 118 0.0040440094607482498
40 119 -0.13527760018602183
40 120 0.034067444020702616
40 121 -0.033925049340692008
40 122 0.043121757745245189
40 123 -0.079024690119361904
40 124 0.026834531711450043
40 125 -0.089751431819527161
40 126 -0.069881843469215651
40 127 0.18584548163999096
40 128 0.064782058326219319
40 129 -0.015903552735188009
40 130 0.055189285576143915
40 131 0.1908860270495385
40 132 0.068024877698141847
40 133 0.060310951100723278
40 134 -0.13907075364009777
40 135 -0.013076875119768443
40 136 -0.078595018412385087
40 137 0.12124215715141339
40 138 0.054063486171615625
40 139 -0.019186895870494686
40 140 0.005836232324652732
40 141 0.022781507787510064
40 142 -0.097430922592335711
40 143 -0.11507651450044296
40 144 -0.025746050613115468
40 145 0.049484378253152363
40 146 0.047878109362986664
40 147 -0.013788106587917444
40 148 -0.014266468150045303
40 149 -0.0010485443353586556
41 42 0.10832605848910262
41 43 -0.0055599193202945313
41 44 0.11649053237175791
41 45 0.040100494163709921
41 46 0.085527799162944729
41 47 -0.10422159989425632
41 48 -0.14077431075738478
41 49 -0.11387045288193172
41 50 0.038550330135702124
41 51 -0.01440000596845252
41 52 0.012514002300460835
41 53 -0.031653735356945399
41 54 0.17141483200089067
41 55 0.047296886601664541
41 56 0.027258819803333705
41 57 -0.11450027661646771
41 58 -0.0343696735527367
41 59 0.013820752351879219
41 60 0.0084229448316387023
41 61 0.014550014311161135
41 62 0.077009639840127875
41 63 -0.17667665502152294
41 64 -0.015787483225281368
41 65 0.10594336514217714
41 66 -0.0076904372665648896
41 67 -0.057199736199902998
41 68 0.055548476580355832
41 69 -0.1226539558854151
41 70 0.075207529597631412
41 71 -0.076098193739357251
41 72 -0.14264044873604576
41 73 -0.066060919091335102
41 74 0.054378937841335982
41 75 0.072336573672195925
41 76 -0.11487979446886058
41 77 -0.087141016961432144
41 78 0.079983141152124931
41 79 0.075035099791563434
41 80 0.017825237628311789
41 81 0.069718506632024169
41 82 -0.044524450627467779
41 83 -0.061485033394848378
41 84 0.083673236855692945
41 85 -0.02991753422331354
41 86 0.17900709504588058
41 87 0.046963171107241894
41 88 0.046196954476093087
41 89 -0.075991052984588567
41 90 0.016698214445302763
41 91 -0.038211761583859506
41 92 -0.0064649183903664215
41 93 0.071734058416116547
41 94 0.1030994877243168
41 95 0.1113394711609956
41 96 -0.11623926793546482
41 97 0.034051617307974014
41 98 -0.026435966449601021
41 99 0.0005431359559558886
41 100 -0.045328840821490864
41 101 0.031341006352232213
41 102 0.072767311767789625
41 103 0.099985019814067058
41 104 0.048101474839653859
41 105 0.055958615250519081
41 106 -0.030150869514594749
41 107 -0.02747061687348272
41 108 0.0016119623571255435
41 109 0.1458042179693074
41 110 0.06145993319848133
41 111 -0.035667813427841581
41 112 -0.063564847264259997
41 113 0.065818662615950554
41 114 0.09640723934064982
41 115 0.0808767237073824
41 116 0.000714214706435995
41 117 -0.093008511953922221
41 118 0.0658624442650355
41 119 -0.10766470067090446
41 120 -0.10731302887286395
41 121 -0.087965012753164179
41 122 -0.050551423577547043
41 123 -0.070257220491979577
41 124 -0.13719526604356713
41 125 -0.11279056711320158
41 126 0.021705109318594571
41 127 -0.016050460321042403
41 128 0.15786164429480096
41 129 0.042221035877952083
41 130 -0.069671630587093303
41 131 -0.010507008476307934
41 132 0.11626096899294856
41 133 -0.0034662901145500595
41 134 0.038366448378948023
41 135 0.01198014034560132
41 136 0.094225285780971862
41 137 -0.047910422087207569
41 138 0.026452999267797726
41 139 0.001380589330540895
41 140 -0.0024230769841692601
41 141 0.04220292145917471
41 142 -0.031351409843473226
41 143 -0.0018918557155551002
41 144 -0.028436868752194058
41 145 0.018996131483951365
41 146 -0.11268202342881617
41 147 -0.13773824582030703
41 148 0.026660579132333675
41 149 0.023970764852444631
42 43 -0.11046874772731281
42 44 -0.023230506532808406
42 45 0.012215079369343032
42 46 0.014216152450615339
42 47 0.085709205300929819
42 48 0.025918741869329118
42 49 0.013257699444657909
42 50 -0.075102145792280445
42 51 -0.0027910925299760975
42 52 0.011774151195097646
42 53 0.076930397714242621
42 54 -0.043189859663933655
42 55 -0.0085614061253098082
42 56 -0.0095830570254590887
42 57 0.094737013582540067
42 58 -0.10362852292738106
42 59 -0.013967969736936942
42 60 -0.09616871363629767
42 61 0.013338331049207661
42 62 -0.054602853636477759
42 63 0.10311601511041292
42 64 -0.05003725494051859
42 65 0.045330472273856233
42 66 0.075934993107412613
42 67 0.027387821340683849
42 68 -0.045331998490211564
42 69 -0.12118941361651918
42 70 -0.10789842105061129
42 71 -0.078812961193092557
42 72 -0.015540380172585211
42 73 0.027078615918510088
42 74 -0.027390418641058869
42 75 0.09837858965735799
42 76 -0.14207838531651373
42 77 -0.042207127638372692
42 78 0.073797922795837412
42 79 0.037287412628675243
42 80 0.0045919092839508957
42 81 0.077158452835669161
42 82 -0.0099471144488170425
42 83 -0.075170937915601366
42 84 -0.066262878318427851
42 85 0.050025460019248374
42 86 0.033405492043586761
42 87 -0.13824237131702019
42 88 0.10743635543017645
42 89 0.078848453231187055
42 90 0.082778740427610326
42 91 -0.056315107400024399
42 92 0.055774607742677354
42 93 0.056913082866132975
42 94 0.12054200942226492
42 95 0.0070651526921295038
42 96 0.035422011464157639
42 97 -0.16223497874805479
42 98 0.044018783159742773
42 99 -0.078955240943444721
42 100 0.12019957751134965
42 101 0.040792339328719798
42 102 0.0087265098146466491
42 103 0.11004822810124323
42 104 0.021664621248967716
42 105 -0.071946564086701303
42 106 0.032708455504139429
42 107 -0.10599039712578094
42 108 -0.11291823792518557
42 109 0.066863636801521936
42 110 0.051268016867673225
42 111 0.065812913122045374
42 112 0.070118260005010813
42 113 0.044019129893207505
42 114 -0.12781401811647206
42 115 -0.035299144104161885
42 116 -0.046860877470333545
42 117 0.090031950453321685
42 118 -0.084624102578503557
42 119 -0.086411561764216924
42 120 0.054056395300249298
42 121 -0.057187047468653093
42 122 -0.080334671179786155
42 123 0.11716715611833851
42 124 0.052718704753934455
42 125 0.068705119101610604
42 126 -0.043360216218122513
42 127 0.015828400971833693
42 128 -0.043291995096656648
42 129 -0.056408222629104166
42 130 0.073767243431070981
42 131 -0.022320358321859607
42 132 0.048494701147292998
42 133 0.032747530670994965
42 134 0.11933444874715692
42 135 -0.011754074263678516
42 136 0.040484011386001391
42 137 0.1005844632477636
42 138 -0.14297468907252428
42 139 -0.13223529588854899
42 140 0.082100339879520562
42 141 -0.035077123585302468
42 142 -0.085771802747208165
42 143 -0.11656868036866552
42 144 0.12051903803515532
42 145 -0.06313082958768966
42 146 -0.060243118758029034
42 147 0.0018889034877123876
42 148 -0.020234864688354011
42 149 -0.035119384341406962
43 44 -0.14179098822085329
43 45 0.05097112017149414
43 46 0.10237076893326751
43 47 -0.055592884016494662
43 48 0.11753946195327682
43 49 -0.097079409688260593
43 50 -0.18936374421975533
43 51 -0.029486557489116424
43 52 0.13355621844259247
43 53 0.035139994658703488
43 54 0.010230998183099967
43 55 -0.13393714143618271
43 56 -0.062973724035538817
43 57 0.04362076797037772
43 58 0.11229767503934154
43 59 -0.047481313409493305
43 60 -0.043973707060184414
43 61 -0.067576683764582271
43 62 -0.073459856797571624
43 63 0.044510405210668791
43 64 -0.066520745870497985
43 65 0.078516881198628263
43 66 0.019811662144387177
43 67 0.00011003503029850819
43 68 -0.051070159758530666
43 69 -0.10007101171124679
43 70 0.0049656600438015251
43 71 0.17775701361278515
43 72 -0.017470965300037705
43 73 -0.00056385782048699298
43 74 0.017015794202714356
43 75 -0.0034946982816231723
43 76 -0.064082338438857647
43 77 -0.17170289171856237
43 78 -0.0077352094320902532
43 79 0.20319277639712613
43 80 0.12738058509163286
43 81 -0.01966947590158654
43 82 0.022312570274042192
43 83 0.050610719470280036
43 84 -0.07036108212691923
43 85 0.036824376480294983
43 86 0.044977882161494259
43 87 0.080493986282063335
43 88 -0.10121983219033201
43 89 0.01584447677720421
43 90 -0.058400818540801855
43 91 0.059696725206834063
43 92 0.053929723375175875
43 93 -0.092926938163189601
43 94 -0.014710306496166182
43 95 0.064185992045309351
43 96 0.11128874211955059
43 97 0.031405192917720259
43 98 -0.021903917377779022
43 99 -0.08893593760611572
43 100 -0.09468480675051251
43 101 0.073845027047861236
43 102 0.092516782493019187
43 103 -0.18278123073426703
43 104 0.06899157671839172
43 105 -0.10440960863166494
43 106 -0.017287284202585806
43 107 -0.050577875046674825
43 108 -0.084758594009923638
43 109 -0.11660694365030191
43 110 0.057516669586755498
43 111 -0.024537626571774478
43 112 0.13510506159553498
43 113 -0.095169440778048453
43 114 0.0079212224013644281
43 115 0.079902777904444736
43 116 0.13287863677442779
43 117 -0.14273050402942355
43 118 -0.036519595766895299
43 119 -0.064339636810524903
43 120 -0.017311038640233676
43 121 0.0032868467711329149
43 122 0.018107021833624712
43 123 0.18309964009928931
43 124 0.079300146709447461
43 125 -0.04768620141152799
43 126 0.077962667381213741
43 127 -0.085745042083867878
43 128 0.018988012110137169
43 129 -0.16138774692729141
43 130 -0.0045956699410328707
43 131 -0.036991483757896744
43 132 -0.03215406739723984
43 133 -0.0076834353201951124
43 134 0.054306287913989108
43 135 -0.029442938198672584
43 136 -0.010975474181711124
43 137 -0.14655844802026333
43 138 -0.034531745450596861
43 139 0.11662223020615191
43 140 -0.087005380507103644
43 141 0.031401714140711641
43 142 -0.010982965503649311
43 143 -0.10093845455223599
43 144 -0.050550387376010662
43 145 0.20586103606508049
43 146 0.017730688905415425
43 147 -0.030919620596759425
43 148 0.036003946956540911
43 149 -0.062550147892523847
44 45 0.039092818914512467
44 46 0.063618555348371936
44 47 0.010485252180229698
44 48 0.012650642993298678
44 49 0.030336098915540788
44 50 -0.066016689630803857
44 51 0.031624315643704645
44 52 0.06282733870872137
44 53 -0.13016939719764209
44 54 0.11437781467228912
44 55 -0.20173470152930795
44 56 -0.026539782463157777
44 57 0.1264116741290115
44 58 -0.12639035737699955
44 59 0.011569251452152922
44 60 0.072509690770893129
44 61 0.0067757310528136277
44 62 0.074643438304234977
44 63 -0.0055528731780715877
44 64 0.10040421827859138
44 65 0.082380891315512225
44 66 -0.056714769012559126
44 67 0.069987401418871636
44 68 0.10807825502791454
44 69 0.058243606201799372
44 70 -0.15065978321097639
44 71 0.020392187335714407
44 72 -0.080815759432000783
44 73 0.07039592765582825
44 74 -0.14893301872467066
44 75 -0.0373323296436886
44 76 0.063840756894370576
44 77 0.030308277787834979
44 78 -0.032671017928813155
44 79 0.027522298533415025
44 80 0.090878449259480173
44 81 -0.16674980691043317
44 82 -0.19373559261484408
44 83 0.0019377249787479308
44 84 -0.010793790025184668
44 85 -0.13478534828935665
44 86 -0.017692894654396486
44 87 0.041030652133216113
44 88 0.18914999104313032
44 89 -0.12773270069817935
44 90 -0.044261536936401738
44 91 0.077792814922483688
44 92 0.026882043547038478
44 93 0.014846316189027904
44 94 -0.06752861571963148
44 95 0.10915352798409268
44 96 -0.048012367454100667
44 97 0.034446658969267706
44 98 0.056769212553536251
44 99 -0.04873232210525761
44 100 -0.023700254544688198
44 101 0.025045952567288348
44 102 0.13286823400044545
44 103 0.073231163963232454
44 104 0.13502244001395639
44 105 0.031020390303887334
44 106 -0.14971002839645117
44 107 -0.22780807534751504
44 108 -0.19262363515709865
44 109 0.12495571719813078
44 110 0.067690803548750997
44 111 -0.086028961697788578
44 112 -0.043659375237008462
44 113 0.01753892737595604
44 114 0.02538250872653864
44 115 -0.15358991095311408
44 116 0.12801410663738896
44 117 -0.044038820297421157
44 118 -0.028516306188646662
44 119 -0.026655042953350291
44 120 0.072663060383538661
44 121 -0.030861985159802721
44 122 0.10221591481939436
44 123 -0.1336510751252426
44 124 0.033148082851037375
44 125 0.070243472112918676
44 126 0.013823644705152316
44 127 -0.10979313735609286
44 128 0.14663234347575299
44 129 -0.0076753162504059136
44 130 0.0024770455654287006
44 131 -0.015939293230651002
44 132 0.072996051037382534
44 133 0.039426140244285993
44 134 0.042842505427338563
44 135 0.089287891186099616
44 136 -0.14076444453786596
44 137 -0.074399349610211746
44 138 -0.10000936481300872
44 139 0.038946875042340241
44 140 0.12443628033377369
44 141 -0.097191017915716812
44 142 0.07828147130609403
44 143 -0.10331707852271491
44 144 0.0022484833732825163
44 145 0.013862226756681717
44 146 0.050134661180708098
44 147 0.0072599539060820692
44 148 -0.098507683044430305
44 149 -0.0069947522593686593
45 46 -0.079474952053104633
45 47 0.023815911479606468
45 48 0.029612935519160048
45 49 -0.067716458542913763
45 50 -0.0040156041581214325
45 51 -0.032320929169457495
45 52 0.0041648656031951954
45 53 -0.1092467568476683
45 54 0.11745926441171146
45 55 -0.12683613970217958
45 56 -0.075140515961739318
45 57 -0.02951405433122067
45 58 -0.010858624387067821
45 59 0.048366150200588633
45 60 0.1364808558985757
45 61 -0.072555594344757085
45 62 0.096679504992280799
45 63 0.071409568669937987
45 64 0.14952908220616959
45 65 -0.06154120243555608
45 66 0.12521896162295781
45 67 -0.090144049479460586
45 68 0.084857057675081157
45 69 -0.018389828541432663
45 70 0.14685378390181292
45 71 0.02126924799493508
45 72 0.083750354530688353
45 73 -0.018589917898984863
45 74 -0.084541133687613026
45 75 -0.12095174687903716
45 76 -0.028795814253829429
45 77 0.12123627728577314
45 78 -0.06185665144643511
45 79 -0.096077375903741505
45 80 0.067797784518677462
45 81 -0.083441584117108725
45 82 0.044439868185337954
45 83 -0.045158119417764521
45 84 -0.04808362786683705
45 85 0.028056832492417871
45 86 0.0027546336517996406
45 87 -0.0075000519040180668
45 88 -0.011707821721797854
45 89 -0.052363121825513032
45 90 -0.031467199393403568
45 91 -0.057119413114343091
45 92 -0.033073318704953662
45 93 -0.23708710907909444
45 94 -0.034647316113573745
45 95 0.093989949433589418
45 96 -0.0071360831672960734
45 97 0.0026049964632718615
45 98 0.0081565865045421446
45 99 0.0099433659015574459
45 100 0.093477419616270652
45 101 0.1492886605177639
45 102 -0.17992009746126494
45 103 -0.15854331287766552
45 104 0.018040563966646762
45 105 -0.076639384045343498
45 106 0.018548198532262444
45 107 0.066874530244818736
45 108 -0.0061380364201872621
45 109 0.02951533272068927
45 110 0.017966224268566672
45 111 0.038905369792711586
45 112 -0.035047347827721217
45 113 -0.042476232889158118
45 114 0.064206478467348851
45 115 0.097039986231689246
45 116 0.0072708650350987057
45 117 0.060398466222069305
45 118 -0.038341074447332021
45 119 -0.077830510266469352
45 120 -0.020998652470055983
45 121 0.12774068836400843
45 122 -0.077234281235437893
45 123 -0.083772256639604345
45 124 0.03356901097097164
45 125 -0.04397790327954916
45 126 -0.091460482467981455
45 127 0.16396317940108915
45 128 -0.14364806702279556
45 129 -0.078686662689435
45 130 0.05759520425628762
45 131 0.10208857857225859
45 132 -0.071161571681601601
45 133 0.0081916942869975397
45 134 0.080974087922881882
45 135 0.13942373549809881
45 136 -0.12752017296191948
45 137 -0.0054320122075441103
45 138 -0.064209539007007849
45 139 -0.090843705899943533
45 140 0.056231514747070756
45 141 0.040113259366647364
45 142 -0.18695593836058383
45 143 -0.12061322112361197
45 144 0.084792462143681413
45 145 -0.034960851642397886
45 146 0.10366917631008067
45 147 -0.040496807783523749
45 148 0.011328519586641375
45 149 -0.1613688681296738
46 47 0.04328714980905065
46 48 -0.0045210364885322927
46 49 0.077563977234739956
46 50 0.088302189073207235
46 51 0.082281418085021374
46 52 -0.1206114450091178
46 53 -0.060911409498709122
46 54 -0.089978047044865506
46 55 -0.19612659707786531
46 56 -0.075076295718920369
46 57 0.10178205027756987
46 58 -0.032822644681096177
46 59 0.1020676493128059
46 60 -0.029429530323711359
46 61 0.013461140529765343
46 62 0.020270106833923492
46 63 -0.089299152859706826
46 64 0.0020372429702027067
46 65 0.017840762653959088
46 66 -0.13121317503363408
46 67 -0.043411837095851086
46 68 0.0090967954369136281
46 69 0.080129675089739394
46 70 -0.10246691768266036
46 71 -0.12520525964919368
46 72 -0.035701968308874329
46 73 0.064985055861999985
46 74 -0.014364873587802215
46 75 -0.013392639586286987
46 76 -0.080487402964515134
46 77 -0.031810128836012121
46 78 0.087522276382871467
46 79 0.0098007193674619509
46 80 -0.081210405027315705
46 81 -0.026477083571017041
46 82 -0.13110073358205651
46 83 -0.080394243372371471
46 84 -0.077836389502804845
46 85 0.062515591510826182
46 86 -0.10913149330762384
46 87 -0.015735375703464862
46 88 0.039902645626713522
46 89 0.14677655941719792
46 90 0.08186078075043747
46 91 -0.019113731337261158
46 92 -0.026777401835162005
46 93 -0.022387223163555552
46 94 0.043170511499211653
46 95 -0.033245846575077002
46 96 0.0021734949694459348
46 97 0.058957485270800913
46 98 0.024486383600328031
46 99 -0.081123658309503882
46 100 -0.022349680135573095
46 101 -0.038187030293940237
46 102 -0.05071026373674685
46 103 0.002199708552465999
46 104 0.083979262749308475
46 105 -0.13419215938065365
46 106 -0.16065903316343608
46 107 -0.0043410149917788793
46 108 -0.047743182302376196
46 109 0.082803850114896493
46 110 -0.066144577620022071
46 111 0.078216734529845316
46 112 0.027390460032499595
46 113 0.032267251027377833
46 114 -0.0026147401411285276
46 115 0.077241463099232743
46 116 0.081173034388721532
46 117 -0.081191309743858783
46 118 0.023896668329711202
46 119 0.011488506047897772
46 120 0.042827585301084797
46 121 -0.10449844699059818
46 122 0.023267587661087701
46 123 -0.075846234862247341
46 124 -0.023231847231841112
46 125 0.11638382999697297
46 126 0.12975366389219034
46 127 -0.03842815378034517
46 128 -0.18804285460337217
46 129 -0.045970917876702135
46 130 -0.034575200411635053
46 131 -0.081765697801761003
46 132 0.18050016950006462
46 133 -0.0039922464660683294
46 134 -0.1492176998685952
46 135 0.033249486156736792
46 136 -0.066157867678723378
46 137 -0.24625299956265886
46 138 -0.020746352371169636
46 139 -0.0074320847617607893
46 140 0.067499201355463889
46 141 0.065761796571227008
46 142 -0.023095376391679606
46 143 0.048412326978252304
46 144 -0.034627604291711855
46 145 -0.051645845312961423
46 146 -0.014370088228146245
46 147 -0.061868046851875268
46 148 0.021003065798297426
46 149 -0.068576147266254189
47 48 -0.15146574880446995
47 49 0.1139652527571262
47 50 0.069274765904118282
47 51 -0.027879237165670472
47 52 0.13387205336122907
47 53 0.045827891845318096
47 54 -0.059485738044498707
47 55 0.05239397026795177
47 56 0.065367597615024864
47 57 -0.021884326220904977
47 58 0.13728476411635754
47 59 -0.014893934838286252
47 60 0.0083941184835765025
47 61 0.13960476461437973
47 62 -0.16714429162779454
47 63 0.027309911698200823
47 64 0.022167395383954524
47 65 0.032314610329475954
47 66 -0.082136311048383925
47 67 -0.013955545543760179
47 68 0.17624961534051906
47 69 0.09714912124519752
47 70 0.022235184848425175
47 71 -0.20451545949010788
47 72 -0.063563206240920656
47 73 -0.089843088310298816
47 74 -0.087190380044894725
47 75 0.050411689228343465
47 76 0.011321419085396316
47 77 0.027400950699917211
47 78 0.067219960903229722
47 79 0.085055231096747966
47 80 0.038849548321715978
47 81 -0.045071131792907303
47 82 -0.057790937291140015
47 83 -0.061701468975563278
47 84 0.11701327226737462
47 85 -0.21647132678356626
47 86 -0.095184860971393392
47 87 -0.050959811978172315
47 88 0.092444116645833477
47 89 -0.1070510095146595
47 90 0.047335177850273503
47 91 -0.051929711137653066
47 92 -0.15953416744142282
47 93 -0.11832519923402141
47 94 -0.027315277416364601
47 95 0.03832057993794951
47 96 0.084808080371779226
47 97 0.004575027987441721
47 98 -0.0080367801139842668
47 99 -0.19851256404659248
47 100 -0.15073814739003621
47 101 -0.033646251691468294
47 102 -0.093203054199935548
47 103 -0.070318756615366768
47 104 -0.024556927738142897
47 105 -0.092509257239786313
47 106 -0.085308866412810158
47 107 -0.15369113247093677
47 108 0.018948965649270771
47 109 0.0315525493014003
47 110 -0.13672239218956428
47 111 -0.059035548721593785
47 112 0.12326051864883497
47 113 -0.013815011510794872
47 114 0.078329078531270316
47 115 -0.0079179800520160527
47 116 -0.010533378008253576
47 117 0.0086545612791587723
47 118 -0.07127319545758326
47 119 0.041981279004466215
47 120 -0.034648094361022092
47 121 -0.10697327752432834
47 122 0.10163907336689935
47 123 0.11820534516897305
47 124 0.048125523841751679
47 125 0.087799040402756226
47 126 -0.13265835711083113
47 127 0.16684976006330371
47 128 0.084901194522147588
47 129 0.028338227985429634
47 130 -0.12381992349037607
47 131 0.078543033186680128
47 132 0.051962950798282115
47 133 -0.042634289546404497
47 134 -0.087978815821322942
47 135 0.10977024038095938
47 136 0.057281624199438504
47 137 -0.014958340041699106
47 138 -0.10720202042593401
47 139 0.014619721362469456
47 140 0.050469704729586694
47 141 0.074088956146301801
47 142 0.01214463008502855
47 143 0.092804881613602869
47 144 0.042434468661591021
47 145 -0.037664697033521176
47 146 -0.026472306618307892
47 147 0.028192305440163171
47 148 0.14108617639018695
47 149 0.12238090536349493
48 49 0.06123478747189947
48 50 -0.092713187921043577
48 51 -0.064821036898509182
48 52 0.17582132574804055
48 53 -0.039379066279699233
48 54 -0.00023409395476632589
48 55 -0.075446793447121879
48 56 0.02017280285999087
48 57 0.034695688790516203
48 58 0.13774762077624292
48 59 -0.042129081730604659
48 60 -0.006298942947793356
48 61 -0.033331898505179813
48 62 0.16492986226271014
48 63 0.16376611844491953
48 64 0.13053857851061318
48 65 -0.046189215978470442
48 66 0.033292207753895499
48 67 0.027892504316569169
48 68 0.053244571512048366
48 69 -0.066447448669329889
48 70 -0.016937967582368065
48 71 0.00010774248441661077
48 72 0.053799207207289902
48 73 -0.023519378978032471
48 74 0.087027615461400754
48 75 0.067969783846902859
48 76 -0.065141815796553065
48 77 -0.020379641247909815
48 78 -0.051562486979024671
48 79 0.0061718958465425619
48 80 -0.014583791088548952
48 81 0.090073175835505184
48 82 -0.027741475645487731
48 83 0.022293645368835397
48 84 0.039125503684290713
48 85 -0.087557560669406231
48 86 -0.0040573562489008624
48 87 -0.02389917309822134
48 88 -0.091080430999034512
48 89 0.020207030704358225
48 90 -0.19218888331040659
48 91 -0.02870593435844114
48 92 0.067025452217945758
48 93 -0.011732337426359615
48 94 0.0073596488572814445
48 95 -0.053738099336515313
48 96 -0.077502101152927633
48 97 0.020392927176780231
48 98 0.053195310466731906
48 99 0.11951997267394832
48 100 -0.084109835673458422
48 101 -0.077297917896293686
48 102 0.066850082679562661
48 103 -0.068727253050041737
48 104 0.040812700024368168
48 105 0.069307221440628425
48 106 0.041000542179635169
48 107 0.04884129761771084
48 108 0.06752759063069104
48 109 0.037599440476197447
48 110 -0.036658505296637257
48 111 0.053562004735200813
48 112 0.13333777729778068
48 113 -0.0086861593955687086
48 114 -0.044594455339900238
48 115 -0.038398227353590733
48 116 -0.10734934455300855
48 117 -0.017256824940179154
48 118 0.07432893277892115
48 119 -0.039793655304007455
48 120 -0.020551236487123693
48 121 0.1186816149145762
48 122 0.15547400191821126
48 123 0.1080751396913206
48 124 0.1835097653709637
48 125 0.031665391083157787
48 126 0.012294674839375595
48 127 -0.16278660227021294
48 128 -0.12678913305016998
48 129 -0.029876760367378005
48 130 0.082311706915764421
48 131 0.045041358599713914
48 132 0.25395098406218558
48 133 -0.030995381682265757
48 134 -0.032067372469231359
48 135 -0.083354031076137924
48 136 -0.10642373603039156
48 137 0.011819912918012213
48 138 0.092982268602678525
48 139 -0.039327545600178607
48 140 0.090907809657070779
48 141 0.026106357619783832
48 142 -0.061547771823301227
48 143 0.051720864590671142
48 144 -0.031969414867946508
48 145 -0.12028325700932263
48 146 0.078719206275841516
48 147 0.14483955944325769
48 148 0.12659987296854902
48 149 0.061143518626912911
49 50 0.13168433606214217
49 51 -0.0034637272772102962
49 52 0.063346615281140953
49 53 0.062004807672947047
49 54 0.11813198581858089
49 55 -0.14374723177656581
49 56 -0.0080184663751404154
49 57 0.025494212812043868
49 58 -0.033159029373737318
49 59 -0.10877350569295671
49 60 -0.088642267976397071
49 61 0.15629443239347851
49 62 -0.073190814496765053
49 63 0.1554857312977192
49 64 -0.091216903239042343
49 65 0.055739141257711587
49 66 -0.022501616943678457
49 67 0.00020347769729395785
49 68 -0.019408762921272315
49 69 -0.047156569692582695
49 70 -0.034514890451897227
49 71 -0.0044208566563180745
49 72 -0.017081931932637979
49 73 0.081735110249629483
49 74 0.035016385736649454
49 75 0.16510209813996293
49 76 0.078182933538893634
49 77 -0.10511825627671746
49 78 -0.17022227842202997
49 79 -0.024429639668513945
49 80 0.050819533644326974
49 81 -0.073987444893551621
49 82 -0.02148058192983408
49 83 -0.046957521426603574
49 84 0.077925201398169719
49 85 -0.10392807435882614
49 86 -0.10351333839695917
49 87 -0.053077494745545524
49 88 -0.023308985659882986
49 89 0.047855374889942619
49 90 -0.12983550385474962
49 91 0.032041963529112337
49 92 0.042873039617214316
49 93 -0.21377698501285566
49 94 0.027455789299135676
49 95 -0.21735036905009195
49 96 0.06111422790702252
49 97 -0.06462931413884361
49 98 -0.12945311624995115
49 99 -0.012718032863604732
49 100 -0.069282539378078364
49 101 0.0016224606196681801
49 102 0.022936955460249007
49 103 0.028620803904512698
49 104 -0.010659968690809834
49 105 -0.025301422482390284
49 106 -0.055367945869847869
49 107 0.016337770886439708
49 108 -0.015956868103249991
49 109 -0.00065535079421046158
49 110 0.10767702038740183
49 111 0.075255116547247106
49 112 0.051667745820408333
49 113 -0.022201340434276531
49 114 0.053901493047679896
49 115 0.11384015500947783
49 116 -0.11708279353936513
49 117 -0.0083310928397239345
49 118 -0.050484705583490781
49 119 -0.10468149225665151
49 120 0.00068657581050778624
49 121 -0.047338685287012072
49 122 0.021842994534727895
49 123 0.19692560699830516
49 124 -0.023551499350084829
49 125 -0.016450006999692124
49 126 -0.032757954552121937
49 127 -0.12414933381749432
49 128 -0.00050020777705855185
49 129 0.10898826241398364
49 130 -0.027021115366932798
49 131 -0.003129246072496727
49 132 -0.046169075886150317
49 133 0.0069479602206492927
49 134 -0.10039623501725868
49 135 0.012300138582799176
49 136 -0.10805087835816024
49 137 0.11773948360832415
49 138 -0.16535544382681713
49 139 0.080480408464924047
49 140 0.14853576025976106
49 141 -0.042166643879401285
49 142 0.048439408385993497
49 143 0.11556987590875012
49 144 0.042533236650000458
49 145 -0.1143959345866269
49 146 -0.070861720123102018
49 147 0.079159061156714394
49 148 -0.011143020445934673
49 149 0.073330436235998747
50 51 -0.014984455441809295
50 52 0.15199324022930286
50 53 -0.06312793657567986
50 54 -0.080952093140385775
50 55 0.061354454807836203
50 56 0.058447552276704298
50 57 -0.0080145375452650401
50 58 0.10349956873768568
50 59 0.08287359005828844
50 60 0.011807307236153069
50 61 0.089250292218677557
50 62 -0.028293468432373441
50 63 -0.063307665745730587
50 64 0.093605358143102793
50 65 0.11000778221204147
50 66 -0.043610231084615057
50 67 -0.025977820126220134
50 68 0.025607796335384417
50 69 0.030679658599157281
50 70 -0.047553807774663517
50 71 -0.046957914998593885
50 72 -0.11120037506905654
50 73 -0.0080408132238313813
50 74 0.020661905718413004
50 75 0.028309824791536604
50 76 -0.019780560332779779
50 77 -0.11657583834974335
50 78 -0.018557102312305208
50 79 0.07573553350956988
50 80 0.093741555620954084
50 81 0.029687668758580334
50 82 -0.068058413774017945
50 83 -0.088258065457731807
50 84 0.19147961382618345
50 85 -0.11520678268740521
50 86 -0.045191283389145319
50 87 -0.07729973884629418
50 88 -0.10590948024990396
50 89 0.10598951505022691
50 90 -0.091634732098162502
50 91 0.020707931178551735
50 92 0.014727966874926468
50 93 -0.0420364683947477
50 94 -0.13856054644954749
50 95 -0.057169335309624716
50 96 -0.034333047224383031
50 97 -0.054411822735387055
50 98 -0.044815159731528838
50 99 -0.092253291140575247
50 100 0.10089922856842087
50 101 -0.031893431094311878
50 102 0.010153292610174912
50 103 0.0025318073124000924
50 104 0.039283151076523311
50 105 -0.032512418875178729
50 106 -0.0040975975253531253
50 107 -0.081067190757478175
50 108 0.032415762272828282
50 109 0.02671996087238597
50 110 0.0041639518758403203
50 111 -0.145688302702076
50 112 0.015947626215317843
50 113 0.022994931288567319
50 114 0.035265957446318885
50 115 0.024477531240847065
50 116 -0.13615490318132117
50 117 0.011103099021802103
50 118 -0.014983014455998736
50 119 -0.0012100198225839499
50 120 0.16530156473904856
50 121 0.070191806760374509
50 122 0.065651895687397266
50 123 -0.026357319832600073
50 124 0.043842911857170097
50 125 -0.084350399617560662
50 126 0.014278366550614
50 127 -0.15202803760033154
50 128 0.066837328102942156
50 129 0.10401231817710591
50 130 -0.075201301898460887
50 131 -0.050525700595928466
50 132 -0.001212727774891845
50 133 0.050395561761398408
50 134 -0.14474535727892521
50 135 -0.079011356878711095
50 136 0.051598760067295323
50 137 0.035859244003526095
50 138 -0.1574051828784061
50 139 0.048646398197480088
50 140 0.062204779612965527
50 141 -0.017605625483296247
50 142 -0.0038606281676394206
50 143 0.047658001041930922
50 144 0.071127773799510033
50 145 0.087238375117329528
50 146 -0.048928333324083098
50 147 0.0044012947655478708
50 148 -0.080648058406345077
50 149 0.099648825698383584
51 52 -0.037129934362539654
51 53 -0.0085667111045548625
51 54 -5.5461226232368359e-05
51 55 0.021365955144992052
51 56 -0.011296817296741394
51 57 0.021654900147313815
51 58 0.14982415811031238
51 59 -0.0083444404405496782
51 60 -0.036962654372636773
51 61 -0.10001892817164443
51 62 -0.031616856347333959
51 63 0.038383006763806515
51 64 0.055734021857547687
51 65 0.13714027808037269
51 66 -0.086243563470485993
51 67 0.033928907108609269
51 68 0.05426607037054814
51 69 -0.0085795843156536555
51 70 -0.069428706357211725
51 71 -0.15615888790755295
51 72 -0.086490912474022436
51 73 -0.012697149390587933
51 74 -0.087876564631769849
51 75 -0.014480551230916324
51 76 0.054756053946045623
51 77 -0.20736330031150654
51 78 -0.03228782462047157
51 79 0.046008419474768338
51 80 0.040107569497306615
51 81 -0.081164467766667012
51 82 -0.047537843481777954
51 83 -0.060326509618485943
51 84 -0.0074551666957858595
51 85 -0.082054958634410063
51 86 0.20516413378937276
51 87 -0.080399542157030379
51 88 0.0052567215701305953
51 89 0.011464426334503605
51 90 -0.076983301401277709
51 91 0.054815118652118397
51 92 -0.018142689310097514
51 93 -0.11076107553106801
51 94 -0.081199660463416534
51 95 -0.055618145105328226
51 96 0.032155460173086153
51 97 0.13997794359979857
51 98 0.073498799879386803
51 99 -0.054099832849953865
51 100 0.032734322779841493
51 101 -0.032031238628609571
51 102 0.044992390781857655
51 103 0.085606599709486947
51 104 0.18219645075886795
51 105 0.21860052056539417
51 106 -0.10359281270177514
51 107 -0.10077275477089762
51 108 -0.049532407750638399
51 109 -0.021152191321671201
51 110 -0.049293211927165979
51 111 0.033830850373038117
51 112 0.031161354866885396
51 113 0.061719024979348058
51 114 0.0035653318344427412
51 115 -0.0023057150962757862
51 116 0.034852410267609366
51 117 0.00044811834218999613
51 118 0.15836246669902615
51 119 -0.089041072230207574
51 120 0.0058552826689344971
51 121 0.11409972633201763
51 122 -0.15837685271481425
51 123 0.1266134672588656
51 124 0.074542659571891129
51 125 -0.031565423941441628
51 126 -0.08731854777248442
51 127 -0.10304001157226715
51 128 0.011678532102487774
51 129 -0.071935342038335848
51 130 -0.16290790125605603
51 131 -0.050295537189544409
51 132 -0.0012858943837916899
51 133 -0.0039879106594274093
51 134 -0.10844765309073789
51 135 -0.024594181182912008
51 136 0.019102005103239224
51 137 -0.041861036737146626
51 138 0.14563557560894513
51 139 0.031053433842589476
51 140 -0.010218196521128212
51 141 0.095177658176013369
51 142 -0.063161486720133012
51 143 -0.16514264562699224
51 144 0.057894395689779908
51 145 0.15602967470769241
51 146 -0.057620866224665987
51 147 0.10842669228785189
51 148 0.11193228161826829
51 149 0.0062993865290670277
52 53 0.053296384270958667
52 54 -0.088855449866644426
52 55 0.097893924920741879
52 56 0.072584656053375274
52 57 0.096543528723494532
52 58 0.13941013515099554
52 59 0.017591865048247692
52 60 -0.14193326981970475
52 61 -0.009186066486357395
52 62 -0.040360234263608914
52 63 -0.056974134278288527
52 64 0.048174623976329628
52 65 -0.045261654308017436
52 66 -0.089164990144485978
52 67 0.0079457240357982441
52 68 0.069007232568003229
52 69 -0.098222312539546219
52 70 0.10132771586375362
52 71 -0.0029027878804058966
52 72 -0.061515931259047314
52 73 0.095999399928654347
52 74 0.037221176019898258
52 75 0.08857967197271692
52 76 0.030631988849512754
52 77 0.12608314406051607
52 78 0.10057640377480329
52 79 0.077332204543898178
52 80 0.0033000559518471624
52 81 -0.12465205732124696
52 82 -0.032295393185004025
52 83 -0.038268761112555297
52 84 0.10679475525682627
52 85 0.099038667426060142
52 86 -0.054616172871369627
52 87 -0.015874837804601725
52 88 0.1054456160838511
52 89 -0.01370586572418638
52 90 -0.092420705476307069
52 91 0.077489901062319622
52 92 -0.11699608082041792
52 93 -0.10193234944520514
52 94 -0.0023066160495771593
52 95 0.16429349921572428
52 96 -0.088967244110003355
52 97 -0.046081249226695577
52 98 0.023836604900771944
52 99 0.015935880486703122
52 100 0.097067086380270534
52 101 -0.073585138859021668
52 102 0.1389508337768515
52 103 -0.083011394684297315
52 104 -0.038538122842485277
52 105 -0.010377419414692222
52 106 0.059221948192937864
52 107 -0.15917345826727741
52 108 0.063935786027860902
52 109 0.10658530909922108
52 110 0.10859910327953255
52 111 0.1727276161105242
52 112 0.003772764406102067
52 113 -0.059557325348231951
52 114 0.0014581496866270937
52 115 -0.12976501004303601
52 116 0.15316431874437902
52 117 0.065319921739004652
52 118 -0.043441966768091152
52 119 0.054455692643240898
52 120 0.08182672108234125
52 121 -0.064015938319078411
52 122 0.024670148567417838
52 123 0.030210547165882048
52 124 -0.12995308036543857
52 125 0.045464896426976126
52 126 -0.093063024274984446
52 127 -0.12317235346525432
52 128 -0.10442040667082242
52 129 -0.036258074323756481
52 130 -0.1195369576127599
52 131 0.028664815004087352
52 132 0.096782787700432318
52 133 0.036595877923113862
52 134 -0.016791278965582652
52 135 -0.00046035812787325128
52 136 -0.045695896560293534
52 137 -0.020172547958698578
52 138 0.076362483262126926
52 139 -0.055386011637114992
52 140 0.0012026726920148678
52 141 0.064984608468219227
52 142 -0.049146823071679363
52 143 0.043707570158581635
52 144 0.063900378785934672
52 145 0.035902327932342361
52 146 0.081521972852545865
52 147 0.03012229931753874
52 148 0.079314767878046047
52 149 -0.01187547316843663
53 54 -0.066626014623252267
53 55 0.074813058563414886
53 56 0.065072251800814856
53 57 -0.099365241825980333
53 58 0.05306532167155658
53 59 0.0084549935771812239
53 60 -0.051394556685740063
53 61 0.016589846352875252
53 62 0.11464556279886845
53 63 -0.0259645569790137
53 64 0.054070916461355596
53 65 0.14932773179981548
53 66 -0.10721622227942949
53 67 -0.023179761034455643
53 68 -0.037567271517509257
53 69 0.048840649561253224
53 70 -0.044875079376034979
53 71 -0.055092379203174738
53 72 0.11303293479144819
53 73 0.005783045536795141
53 74 -0.0013690597931894737
53 75 0.018565025546872751
53 76 0.038189605717895481
53 77 -0.024329432461151407
53 78 0.024852074031874512
53 79 0.12693051818122739
53 80 -0.025354370434972844
53 81 -0.1379218260601516
53 82 -0.07295177842944435
53 83 0.059553144713877522
53 84 0.15129000105420934
53 85 0.19983780205171336
53 86 0.060127501917069476
53 87 -0.010342877599966115
53 88 0.036880418458699611
53 89 0.13646032903237881
53 90 0.011269154708357177
53 91 -0.22263761371737689
53 92 0.056158623152217396
53 93 0.12912945344571719
53 94 0.036584897463045815
53 95 -0.063101422368774016
53 96 0.081515861899958575
53 97 -0.14347286879071508
53 98 -0.046836327930314121
53 99 -0.14882877990836046
53 100 -0.062283213143719179
53 101 -0.034757860280254196
53 102 0.0070987709696002516
53 103 0.021611007007643176
53 104 -0.030953446270358426
53 105 0.0098759530882824176
53 106 0.040503820541044781
53 107 0.042106028174123254
53 108 -0.067618793327196156
53 109 -0.0026098545198893356
53 110 -0.24460702510103516
53 111 0.0165870090103898
53 112 0.052204506748363674
53 113 -0.020442099163654276
53 114 -0.0081289969835342153
53 115 0.14282591659061994
53 116 -0.029971877267924836
53 117 0.010130574796507738
53 118 -0.020851321903170031
53 119 -0.13477911861917444
53 120 0.010825433789341317
53 121 -0.050972220820061746
53 122 0.14651108293532
53 123 0.097293821856438492
53 124 0.00041731935692470754
53 125 0.045408167965402049
53 126 0.051922781804936133
53 127 0.037573633945361028
53 128 0.010713703112623624
53 129 0.060449914980722261
53 130 -0.14273081941281612
53 131 -0.084421344298837644
53 132 -0.031928082193657295
53 133 0.0056416988187239668
53 134 0.091921369439217887
53 135 0.079885138365171721
53 136 0.15454232638582213
53 137 0.065113584964936813
53 138 0.049502657647490532
53 139 0.065966236433925809
53 140 -0.008361327316687435
53 141 -0.045550702341050693
53 142 0.098641076321586793
53 143 -0.098389640263953221
53 144 0.082670708888163608
53 145 -0.10090039677164613
53 146 -0.026734877304280279
53 147 -0.10049998032573408
53 148 -0.14722861220510236
53 149 -0.012665261730770991
54 55 -0.046885130197657596
54 56 0.014375731502398917
54 57 0.0053356775054979105
54 58 0.0237285925893965
54 59 -0.088468049511867403
54 60 0.10207115211144302
54 61 0.080205703499327832
54 62 -0.019702961729702147
54 63 0.0046427467218182854
54 64 -0.055407956915392818
54 65 0.11177005205359714
54 66 -0.077302911804069438
54 67 -0.064780498897135691
54 68 0.072129219394120966
54 69 0.074640274486862723
54 70 0.089774723672423076
54 71 -0.12535201331828527
54 72 -0.0033869312017986743
54 73 0.067289014369718694
54 74 0.10826013040130715
54 75 -0.051152607192303412
54 76 -0.089797556341100856
54 77 0.015600674993812154
54 78 0.086805981801484786
54 79 -0.10805131158393615
54 80 -0.079561219306004086
54 81 0.021089302079372329
54 82 -0.019183646472652853
54 83 -0.055935086832648598
54 84 -0.085289134000141625
54 85 -0.080308363418764683
54 86 0.024330682824560808
54 87 -0.063968782644376665
54 88 -0.025281602264429704
54 89 -0.0021007728863217294
54 90 -0.058473126362002303
54 91 -0.076982904297569182
54 92 -0.10856932123275967
54 93 -0.17082910123830716
54 94 -0.11815129044793329
54 95 -0.022619877371830875
54 96 -0.034094744787582586
54 97 0.039261445768661057
54 98 -0.061818839082742882
54 99 0.020748097678910088
54 100 0.012934027825480933
54 101 0.078958931233121962
54 102 -0.0047628262776989424
54 103 0.087808961669591623
54 104 -0.068369812341115346
54 105 0.085197847882666669
54 106 0.060470082473976762
54 107 0.044571223092695116
54 108 0.083250001027328296
54 109 0.00019734230804385061
54 110 0.014763505298134078
54 111 -0.032446451335304632
54 112 0.093089911947610321
54 113 -0.072872652563254453
54 114 -0.054159514677119172
54 115 -0.028515818404211291
54 116 -0.0092449162974236124
54 117 -0.022195422215408031
54 118 0.013517218448407572
54 119 0.15285407563728362
54 120 0.0048039116288228437
54 121 0.088249589483151689
54 122 -0.032897565793586422
54 123 0.047032398487918306
54 124 -0.051738227538322849
54 125 -0.012662800529301934
54 126 -0.027085718186265248
54 127 -0.15861005881333337
54 128 -0.010457257205230844
54 129 0.086017286976826632
54 130 0.017048619426144732
54 131 0.016916531300170658
54 132 0.043407755076863778
54 133 0.067285166475927208
54 134 -0.057793848408082334
54 135 -0.028163826661926551
54 136 0.088551920839351858
54 137 0.00042187079354375607
54 138 -0.091253265364531655
54 139 0.015078209824276531
54 140 0.071527148594460646
54 141 0.1898029179958394
54 142 0.051889411369001236
54 143 0.0051987272816420363
54 144 -0.039916990080544355
54 145 0.011672036235784332
54 146 0.077707268178787925
54 147 0.16052257788923219
54 148 -0.075604467237708223
54 149 -0.024878045995423634
55 56 -0.0091621868895364004
55 57 -0.05133269312005085
55 58 -0.05554622330844438
55 59 -0.048952631064492109
55 60 -0.024407049377268862
55 61 0.067429380670771505
55 62 -0.051329890393320865
55 63 0.044867916994983
55 64 -0.055965417782452863
55 65 0.007431859687129937
55 66 0.069231890144627189
55 67 -0.093545712079443524
55 68 -0.1101569238926694
55 69 0.029045949992158183
55 70 0.0078085405466212605
55 71 0.0065381531741253354
55 72 -0.058461782955362362
55 73 -0.073756281097359655
55 74 0.1203329685174271
55 75 0.025559673722465849
55 76 0.0081067696645650642
55 77 0.022863963020086735
55 78 -0.046302652959677275
55 79 0.10990927847881062
55 80 -0.041386669367243924
55 81 0.15958905350139665
55 82 -0.027809112680514905
55 83 -0.14271726245718452
55 84 -0.11598302177176585
55 85 0.12810068637357022
55 86 0.06632865885719276
55 87 -0.21967029467571553
55 88 0.11263320549952351
55 89 0.062234426851012596
55 90 0.010600626316844329
55 91 0.069489981605501877
55 92 0.099171541381687225
55 93 -0.079715095355937862
55 94 0.088028516859571235
55 95 0.11392924814637945
55 96 -0.086790371085442783
55 97 0.072638856515968367
55 98 0.056116330607228704
55 99 0.0038684557559634726
55 100 0.01388815314978104
55 101 0.039869712547794672
55 102 0.067467332747339917
55 103 -0.0068063069282558574
55 104 -0.015136980575346921
55 105 0.043133330671295878
55 106 0.065563092041121179
55 107 -0.030145132282381963
55 108 0.10532197708459624
55 109 -0.02837728757419971
55 110 -0.004462722127453256
55 111 -0.0094200507760011827
55 112 -0.17729018433414245
55 113 0.096493201113898641
55 114 -0.084987156739894529
55 115 -0.13059271962572458
55 116 -0.062042161084747326
55 117 0.081549820764294248
55 118 -0.0062718724975784493
55 119 -0.010020436585048344
55 120 0.0096637421542365067
55 121 0.12494902190004843
55 122 0.10740177705041297
55 123 -0.10248135721192406
55 124 -0.040335939139482961
55 125 -0.093877509635032733
55 126 -0.048151077127174667
55 127 0.063180269064419578
55 128 0.099771845911735546
55 129 0.036869743749587722
55 130 0.084641615947981017
55 131 0.12550515153586708
55 132 -0.087044983199939183
55 133 -0.019606136946866942
55 134 0.11772973927153772
55 135 0.077421518443786183
55 136 0.034459701358586836
55 137 -0.041058984725017005
55 138 -0.069368765804284693
55 139 0.115286040367515
55 140 0.084506050600158228
55 141 -0.040716296870547675
55 142 0.020843801271365304
55 143 0.061186495501933912
55 144 0.065568365523004948
55 145 -0.11553915355629629
55 146 0.0030146430742419186
55 147 -0.074245027856613313
55 148 -0.050849378375973461
55 149 -0.038707819598209688
56 57 0.115009396110892
56 58 0.025953660912329059
56 59 0.067388986812833979
56 60 0.025158341556402394
56 61 0.002131475713779086
56 62 -0.10407299612753573
56 63 -0.10245350708764825
56 64 0.097093268149952339
56 65 -0.0072420157526709456
56 66 0.093393844293673936
56 67 0.026455164771669901
56 68 0.073777749236008106
56 69 -0.044613053836428516
56 70 0.031393361191457365
56 71 0.080612859865547462
56 72 0.017793771895573494
56 73 0.092518461309071084
56 74 0.045506586980508551
56 75 0.0081954717342294196
56 76 -0.10138491634540561
56 77 -0.056301295513605722
56 78 -0.16826424485705732
56 79 -0.16718602290104242
56 80 0.052466165743520185
56 81 -0.09101529429681264
56 82 0.14091518082687132
56 83 0.047035391686795928
56 84 0.030811151711172921
56 85 -0.089717953081515797
56 86 -0.028805654369665298
56 87 0.033101305910817579
56 88 -0.042429568315886568
56 89 -0.03640987658456115
56 90 -0.096759717205418941
56 91 -0.011963437597623017
56 92 -0.12670967653401857
56 93 -0.06226667869437244
56 94 -0.16690130850456247
56 95 -0.0039865178716096822
56 96 -0.0094076498619862104
56 97 -0.12804932877444972
56 98 0.10487152166056667
56 99 0.15005902639039218
56 100 -0.037613766295198296
56 101 -0.082640659054898299
56 102 0.018217885756465518
56 103 0.0029552031403302578
56 104 0.068111536482385562
56 105 0.023969965432572932
56 106 0.024163094440751612
56 107 -0.028006866372915773
56 108 0.054591038196791529
56 109 -0.019377622435660463
56 110 0.0097908405944324411
56 111 0.059330397500442632
56 112 0.017365964591588449
56 113 -0.0073970247524252153
56 114 -0.027620003529213552
56 115 0.05022937373308594
56 116 -0.09581293906602846
56 117 -0.039567672434558068
56 118 0.16845287408133253
56 119 0.16680877173082298
56 120 0.10358055713446156
56 121 -0.049390295824569448
56 122 -0.16955777382210654
56 123 -0.078343547942579306
56 124 -0.13605154651940873
56 125 0.017878357328882433
56 126 0.073150352846496236
56 127 0.036699466740320916
56 128 0.078391015084637819
56 129 0.093312629994508095
56 130 0.043458314127814167
56 131 0.12991681743027475
56 132 0.047760450484895085
56 133 -0.018671989546364433
56 134 0.078646732228390914
56 135 -0.077800053481043546
56 136 -0.14148856707437291
56 137 0.12140505417159703
56 138 -0.10684084395142962
56 139 0.077718211147983801
56 140 -0.042959305198773327
56 141 -0.057787423758343212
56 142 -0.039897923224497256
56 143 0.0072659424718129412
56 144 -0.02208917186864345
56 145 0.017343455333995148
56 146 0.012313434415328299
56 147 -0.054554249487644341
56 148 -0.086437464585401899
56 149 -0.0040585699332375772
57 58 0.012321378315369716
57 59 0.057833655192634108
57 60 -0.13915591762170706
57 61 0.0095911346340047006
57 62 0.097786813049898696
57 63 -0.0061219316136047449
57 64 -0.018487913675103218
57 65 0.016125132587102416
57 66 -0.064795846647338395
57 67 0.044876277433870154
57 68 -0.076380639171400991
57 69 -0.11717149686760371
57 70 -0.019339868161639316
57 71 -0.055809397788237104
57 72 -0.11795873974058525
57 73 0.0093959590260942333
57 74 -0.068344522340713809
57 75 0.10991965451622106
57 76 -0.039115724141149916
57 77 -0.047825307931426267
57 78 -0.015407769877001492
57 79 0.092292233149803449
57 80 0.00034385330431377728
57 81 0.02961684539853858
57 82 -0.043794658255133199
57 83 0.17557682542224343
57 84 -0.0065073959331728628
57 85 -0.059206947638547919
57 86 0.068853628062257366
57 87 -0.0062665307407648307
57 88 -0.0033256630952597306
57 89 0.080209910976380708
57 90 0.051917592152935281
57 91 -0.15006165280545045
57 92 -0.01867582754198677
57 93 0.13004241500877783
57 94 -0.007577155056743539
57 95 0.094694136813241514
57 96 0.05598231046435987
57 97 -0.055432053626656715
57 98 0.25473152992231873
57 99 0.029354826042654377
57 100 0.18012425862759013
57 101 0.019116798389484452
57 102 -0.15366965796226859
57 103 -0.055085791344875457
57 104 -0.05050829362047432
57 105 0.062014625965039205
57 106 0.056907586654984632
57 107 0.053036022462961643
57 108 0.055147822159085827
57 109 -0.010316657123165122
57 110 0.16452191232582478
57 111 0.063220990288203757
57 112 0.16752988248792791
57 113 0.031906653541037437
57 114 -0.026735786857419348
57 115 0.074306123743533292
57 116 -0.033587625349833374
57 117 0.043472166171070907
57 118 -0.0028251554331140483
57 119 0.22832352945597767
57 120 0.062176362932271308
57 121 -0.21938253300098939
57 122 -0.057272004168311734
57 123 0.088690616944420944
57 124 0.17219206009879481
57 125 -0.10943555181156263
57 126 0.033535313115429691
57 127 0.070492397262699888
57 128 -0.049979138093816135
57 129 -0.071915310255110998
57 130 -0.02919931105699573
57 131 -0.103367343147904
57 132 0.076225748892883513
57 133 -0.052104817315204235
57 134 -0.010081881251234846
57 135 0.038270216384403803
57 136 -0.024739702526842332
57 137 0.063786000967700776
57 138 -0.028565699271153482
57 139 -0.047210709208031665
57 140 0.069944959816189492
57 141 -0.15757843032072524
57 142 0.078645853241632077
57 143 0.12450939866324442
57 144 0.17391659091279976
57 145 0.11834058445652047
57 146 0.15163011815191524
57 147 -0.11981844058477543
57 148 -0.16853829827582095
57 149 0.13671692373535008
58 59 0.052921416812572411
58 60 0.0098588068064182285
58 61 -0.11616723763908711
58 62 0.11810874005349715
58 63 -0.0064528739339926693
58 64 0.0020337686348787681
58 65 0.033900105005859327
58 66 0.0084520576378592765
58 67 -0.018128690199114682
58 68 0.14538248830237976
58 69 -0.025721305237961938
58 70 0.042402303607424925
58 71 0.070128343022281117
58 72 -0.16680689649919136
58 73 0.00040298187849159594
58 74 -0.069758897640868164
58 75 0.0067892067905928428
58 76 -0.029546606694517991
58 77 0.020421796576717052
58 78 0.025458185716384963
58 79 0.019104365379903381
58 80 0.022609610861276119
58 81 0.041296487208566372
58 82 -0.020704428341036609
58 83 -0.043428820408701455
58 84 -0.17990757048972325
58 85 -0.0074850304666397097
58 86 0.1248349269631993
58 87 0.023685885700609217
58 88 -0.080995172634863472
58 89 -0.029235322864428495
58 90 -0.10860504677539021
58 91 0.091438726336460011
58 92 0.12485940385427412
58 93 0.020108652696286242
58 94 0.082369418969552077
58 95 -0.21307608465656394
58 96 -0.07023327990536786
58 97 -0.070198413465144938
58 98 0.070246310785069474
58 99 0.036963129414668616
58 100 0.061706186275702915
58 101 -0.034711823785098746
58 102 -0.048284987667744431
58 103 -0.034240953931651372
58 104 0.098055472552007986
58 105 0.077128115593948651
58 106 0.10686097452264816
58 107 0.044053581148936989
58 108 0.038880806131412496
58 109 0.12652772150148672
58 110 0.05984829376332982
58 111 0.064390616591050803
58 112 -0.18068963782341146
58 113 -0.044983814760622576
58 114 -0.09039283260601591
58 115 -0.0047304574755618455
58 116 -0.16158891107229356
58 117 0.023865686496081298
58 118 -0.016000133032951822
58 119 -0.05827632116914893
58 120 0.024574514075459564
58 121 0.0056417731948218107
58 122 0.014604550088816259
58 123 0.025885541911193317
58 124 0.023850732250534138
58 125 -0.030525473305216533
58 126 -0.084419328912912775
58 127 0.095608794540924427
58 128 -0.0014929623303336428
58 129 0.14797284107443054
58 130 0.10109793406602892
58 131 -0.082983814742918161
58 132 0.15764861528617699
58 133 0.00079107561810897755
58 134 -0.075713226448509113
58 135 -0.045016673472292677
58 136 -0.04136766271265091
58 137 -0.076213481191550816
58 138 -0.14835073200095766
58 139 0.019895014520486708
58 140 -0.066378229052894977
58 141 0.054500852475365263
58 142 -0.19751692623417835
58 143 0.03005409782117853
58 144 -0.11489651253278131
58 145 0.010106199444470963
58 146 -0.15967360270851366
58 147 -0.071113115905638971
58 148 0.071418211113491614
58 149 0.073241186955774071
59 60 0.080737959397148548
59 61 -0.061210350513052542
59 62 0.042345909818980614
59 63 -0.04137854876607075
59 64 -0.1123792532747583
59 65 -0.029831039123646586
59 66 0.08941493220820991
59 67 0.082863053754426708
59 68 -0.0069343696095844056
59 69 -0.09500504709349987
59 70 -0.012946940459582758
59 71 0.07135310641036792
59 72 -0.15435360267945772
59 73 -0.0034591708107375627
59 74 0.14533205942995173
59 75 0.036529243555139874
59 76 0.013588162797781068
59 77 0.023326941477410722
59 78 -0.044483442054659351
59 79 0.087765505209923114
59 80 0.014643057611180605
59 81 0.018694397864627597
59 82 -0.030520801826416578
59 83 -0.036588129896326406
59 84 -0.001808372155929194
59 85 -0.058729156713699451
59 86 0.039228192109348768
59 87 0.010043156151150727
59 88 0.019512820911294009
59 89 -0.038588334976280753
59 90 -0.010654185784542171
59 91 0.11375927645783641
59 92 -0.047040233910628032
59 93 0.08036953192167097
59 94 0.059258857163149284
59 95 -0.05179212123107664
59 96 -0.13969776243419421
59 97 -0.040744485145261931
59 98 -0.059884015674786829
59 99 0.011522784925894317
59 100 0.01657968441524333
59 101 0.036731905032963155
59 102 -0.054594021741277858
59 103 -0.02653641237548298
59 104 -0.060660785113041682
59 105 0.049266899579076456
59 106 -0.019733319396668579
59 107 -0.060477026916026341
59 108 0.003976097043769701
59 109 -0.037574739826756048
59 110 0.077075522534823221
59 111 0.055843978684792399
59 112 0.02933425878208399
59 113 -0.044302048068481939
59 114 0.036544698507517959
59 115 0.14151328422183532
59 116 -0.12718587566868217
59 117 -0.028353918575783524
59 118 0.12193404033121216
59 119 0.088736054691528413
59 120 -0.16656585979190777
59 121 0.02115519505834312
59 122 -0.063199829046633127
59 123 -0.10173640025248654
59 124 -0.0093860422388121912
59 125 -0.070924394987261274
59 126 0.018426078616243565
59 127 -0.034202757054528313
59 128 -0.029427336676596989
59 129 0.003154533398600948
59 130 -0.0036106184407850885
59 131 0.11516799392850698
59 132 0.011136036915265211
59 133 -0.11907748463775461
59 134 -0.098442700129804814
59 135 0.053516496997785774
59 136 -0.061685239267922527
59 137 -0.022627744520141588
59 138 -0.099470057845228915
59 139 -0.0086178051123769021
59 140 0.046991152966430812
59 141 -0.055204966833721385
59 142 -0.030190229828060928
59 143 -0.066713489892048047
59 144 -0.059596119996468466
59 145 -0.11595992858824108
59 146 0.15522184565774971
59 147 -0.086964327295164442
59 148 0.018963691136143448
59 149 -0.019252686400802292
60 61 0.063291995672402346
60 62 -0.077713834753493735
60 63 0.19204134527398314
60 64 0.040369374978564639
60 65 0.021834738980729056
60 66 0.033071901774691041
60 67 -0.016761737543944322
60 68 -0.051183624650879167
60 69 0.12328714532547991
60 70 0.012042487650040441
60 71 0.025979952475912126
60 72 0.077385318141085999
60 73 0.20135028174969041
60 74 -0.010573725774058969
60 75 -0.20509500275187173
60 76 -0.019230391810464868
60 77 0.031094785837979561
60 78 0.00053708215522223083
60 79 0.041268861649716833
60 80 -0.011564225901491178
60 81 0.095584074906155309
60 82 0.10311992984513196
60 83 -0.009899712325870242
60 84 0.12287751936570292
60 85 -0.0015745840295083723
60 86 -0.040690928183889814
60 87 0.066744958788959821
60 88 0.075606388647259035
60 89 0.12126481202397914
60 90 0.10445991436232735
60 91 0.063622275254269209
60 92 -0.030305843970049085
60 93 -0.0055536369259447963
60 94 -0.032309467520941819
60 95 0.089558288387569601
60 96 0.13055444114478074
60 97 -0.18446519060104619
60 98 0.02380672636108486
60 99 0.051521875525934464
60 100 0.0258429007704928
60 101 -0.091857246238598228
60 102 -0.15785421405047925
60 103 0.018492071523876087
60 104 -0.086955480181782452
60 105 -0.088778859339038396
60 106 -0.093828486609823625
60 107 0.06124351269822597
60 108 0.11630794085370182
60 109 -0.21485322918839689
60 110 -0.077657044289187682
60 111 0.080325241408276321
60 112 -0.045341734389130604
60 113 -0.006923715747839323
60 114 0.13691547645358162
60 115 0.028205314091325005
60 116 0.029036877084067457
60 117 0.038497032648719211
60 118 0.046345536566565329
60 119 -0.015614455597001883
60 120 0.0098014335921601525
60 121 0.0013098854633504982
60 122 -0.040109001026764075
60 123 0.062473051973228125
60 124 -0.079111406209674023
60 125 -0.018723771046972263
60 126 0.0001778092971990113
60 127 0.084539234960927745
60 128 -0.14865962927006116
60 129 0.1165477071629287
60 130 0.019512724343510122
60 131 -0.041341466659650321
60 132 0.13100235996780499
60 133 0.018850701383137745
60 134 0.050731625827910722
60 135 0.10222692985165194
60 136 -0.10293996539109643
60 137 0.14304413532713764
60 138 0.13970840896799716
60 139 -0.003596862535507471
60 140 0.10506328428672156
60 141 -0.11931105973964475
60 142 0.008268052592567644
60 143 -0.0856268136282788
60 144 0.11403406964798798
60 145 -0.022606314125932486
60 146 0.0076091418184687388
60 147 0.029469131742671639
60 148 0.066278578664099433
60 149 -0.053523730332846145
61 62 0.014823312635433837
61 63 0.070538661068835898
61 64 -0.045110207065626233
61 65 0.011914274989197567
61 66 -0.020401089796405324
61 67 0.026168997750190767
61 68 0.065136007754065958
61 69 -0.049982495706643433
61 70 0.15095491065730893
61 71 -0.004741039121839292
61 72 0.12042458813216672
61 73 -0.014313916273432266
61 74 -0.053589347358566873
61 75 0.16442736199573463
61 76 -0.089972404965465172
61 77 -0.12110600416189106
61 78 -0.19325956581384401
61 79 -0.079608529750537671
61 80 -0.019006071891706694
61 81 0.030992252866963214
61 82 -0.042802181828280578
61 83 -0.021357114748611104
61 84 -0.05552019396758464
61 85 0.067915216488269911
61 86 0.071164590890169993
61 87 -0.12840077149478032
61 88 0.073469065022610719
61 89 0.017564964276320177
61 90 0.079540157779328449
61 91 -0.034144137585021404
61 92 0.079649196438404582
61 93 -0.020590126927861708
61 94 0.086835909959372598
61 95 0.082185170683473516
61 96 0.15215608347373075
61 97 0.069460196821309397
61 98 0.13087786012261529
61 99 0.075154756446879453
61 100 0.069560085832038404
61 101 -0.10432511022341386
61 102 0.033041159619910769
61 103 0.02841884261540422
61 104 0.083587691286784158
61 105 -0.012397463518920727
61 106 -0.046161478477857489
61 107 -0.016957643857153641
61 108 0.064781536630909159
61 109 0.08067461674696659
61 110 -0.12423033698491814
61 111 0.035478452505152365
61 112 0.11896899840507755
61 113 -0.030252969344304197
61 114 0.0035850282141180649
61 115 -0.049703720038199041
61 116 0.048224942279349758
61 117 -0.0064684881420706891
61 118 -0.023011747754772528
61 119 -0.083540250270329505
61 120 -0.10529506837736714
61 121 0.011738499568719817
61 122 -0.14746015207850599
61 123 -0.0059698856998626074
61 124 -0.092723213520897615
61 125 0.055266347495372181
61 126 -0.049197646477455996
61 127 -0.076324945897409568
61 128 0.051102517931268979
61 129 0.0076808995360923117
61 130 -0.044229878704983627
61 131 0.029940751068487623
61 132 -0.085804595935536063
61 133 -0.057638532507402973
61 134 0.030994205107714255
61 135 0.040302134418515385
61 136 -0.11367352294160772
61 137 0.017368202286058523
61 138 -0.0093294960247810258
61 139 0.0012510051479614434
61 140 -0.0019125638213971909
61 141 0.010759158772553609
61 142 0.017162391340562876
61 143 -0.1262169595697053
61 144 0.058565716663935841
61 145 0.079078782104663098
61 146 -0.084315314623856982
61 147 0.12422918269300624
61 148 0.067418864594357392
61 149 0.027675537350839094
62 63 -0.049718700153355715
62 64 0.024873185017725008
62 65 -0.074940338039828927
62 66 -0.14795041423683911
62 67 -0.0087928502021932236
62 68 0.010425598234653223
62 69 0.21972665972895508
62 70 0.22344885652858834
62 71 0.023484385337259221
62 72 0.1068260483652356
62 73 -0.044420472222583149
62 74 -0.08741951177784231
62 75 -0.026859202398229965
62 76 -0.12978696867481382
62 77 0.036933955566873677
62 78 -0.09036107585358101
62 79 -0.039165680964262768
62 80 0.0018036960508696596
62 81 -0.01984873556333025
62 82 -0.010550004624351683
62 83 -0.034783990285504773
62 84 -0.12924298096116887
62 85 -0.0062381533773459303
62 86 0.07328359256882902
62 87 0.0668267299807907
62 88 0.069967840772643161
62 89 -0.07796909103403564
62 90 0.019998834762582036
62 91 -0.078453937917372846
62 92 -0.027828997108368263
62 93 -0.083680811366130203
62 94 -0.084355922669829664
62 95 0.021791947122996359
62 96 -0.0071466874413683252
62 97 0.11759799389269281
62 98 -0.084864793463298643
62 99 -0.13635765612986189
62 100 -0.069928664098989138
62 101 0.025305159510190391
62 102 0.040795608527622186
62 103 -0.00028164855710964494
62 104 -0.015909745019275855
62 105 -0.071946999866900438
62 106 0.11255081084751449
62 107 -0.12045317056280219
62 108 -0.046093215182724218
62 109 0.02025809540652836
62 110 0.076522205593634984
62 111 0.014383651755074497
62 112 -0.023358468382561164
62 113 -0.049604396650190438
62 114 0.097726574820504591
62 115 0.060927821085341671
62 116 0.0083861229661607063
62 117 0.072909708459663131
62 118 -0.071860775587402573
62 119 -0.039221210401423436
62 120 0.13269254966089286
62 121 0.1593217207817049
62 122 0.046517912660680227
62 123 -0.078461840210724179
62 124 -0.051947073183890163
62 125 0.083798899525705364
62 126 0.03347858877078834
62 127 -0.062480102748762527
62 128 -0.019398442397453752
62 129 -0.09554706210115782
62 130 0.07930344956234231
62 131 -0.011723280176670473
62 132 -0.14467459547173459
62 133 0.023617112080518834
62 134 0.094510749797143551
62 135 0.030311719939551358
62 136 0.085280482542286734
62 137 0.015735628532504126
62 138 -0.068124921269178018
62 139 0.037975298494590616
62 140 0.15986805600899448
62 141 0.10665268083641351
62 142 0.044554658870892896
62 143 0.12995418404642187
62 144 0.11947393792351581
62 145 0.058225511682832007
62 146 0.020391227312432571
62 147 0.092471989744615665
62 148 0.09804701867666249
62 149 0.043074855938589666
63 64 0.097579336014551626
63 65 0.041414884388129555
63 66 -0.049729839142399791
63 67 0.015928863555657341
63 68 -0.0064186209322076261
63 69 -0.12297445643705203
63 70 0.053487737976736477
63 71 -0.035411394280507671
63 72 0.035435554031227931
63 73 -0.049934612098508101
63 74 0.081295127831096575
63 75 -0.10547482381718093
63 76 0.0072931643647024032
63 77 0.011539606522406022
63 78 -0.049636649238809789
63 79 0.008681001375514915
63 80 0.0098914820142806583
63 81 -0.047768805024416494
63 82 0.049075704705359963
63 83 0.10663746545317937
63 84 -0.031807766438074085
63 85 0.051094778648363405
63 86 -0.039278744759018269
63 87 -0.096712714475976652
63 88 -0.040649935466065094
63 89 0.10743233423381354
63 90 0.035239924135366016
63 91 0.10008797375574877
63 92 -0.0028778494137506319
63 93 -0.058865643321882564
63 94 0.082830088716890196
63 95 0.039626741962176505
63 96 0.021452161658549289
63 97 0.078700933013342647
63 98 -0.05582700093165438
63 99 0.022312756146644071
63 100 -0.12123257617740024
63 101 0.027233186213372135
63 102 0.017751771913029787
63 103 0.018336870397192478
63 104 0.10924076248408331
63 105 -0.045770240500338517
63 106 -0.066217379967071249
63 107 0.083315560117305537
63 108 -0.24234480600153929
63 109 -0.058427930138945122
63 110 0.0023470595755953299
63 111 -0.11838725730217303
63 112 -0.040006284661197537
63 113 -0.23437167866120351
63 114 0.074943958003205371
63 115 -0.072343387219510127
63 116 0.0061722675873568484
63 117 -0.027944792747182815
63 118 0.066335940438637941
63 119 -0.10383186823000608
63 120 0.0050716810004358456
63 121 -0.074751213358261404
63 122 -0.018802750870229718
63 123 -0.24042632020137514
63 124 -0.021153810691056776
63 125 0.091900124734598562
63 126 0.054812408374218344
63 127 0.12023636577139706
63 128 -0.035548466093563935
63 129 0.057639510212194482
63 130 0.012225451520674497
63 131 -0.12761043864977561
63 132 -0.16982704438088178
63 133 0.07425124145146321
63 134 0.024448351272029652
63 135 -0.033374186215896218
63 136 -0.071076320852083444
63 137 -0.0034070094412941626
63 138 -0.10602963098923671
63 139 -0.016553017294414961
63 140 -0.064726649178900697
63 141 0.038951476075423534
63 142 -0.027893241830665914
63 143 -0.047751596122756264
63 144 0.073386765622802427
63 145 -0.052657791087793303
63 146 0.094357696896903001
63 147 -0.096013295556622247
63 148 -0.033881765587483431
63 149 -0.015569810483115945
64 65 0.24416774714623643
64 66 -0.037427189926179015
64 67 0.062069897013525617
64 68 0.10299908776046202
64 69 0.024358064943716312
64 70 -0.082030606368926409
64 71 0.071943010160313237
64 72 -0.064108175978682569
64 73 0.021992318864533716
64 74 -0.088051061185134144
64 75 0.021948010599307986
64 76 0.020363268794133412
64 77 0.062174243962184295
64 78 0.081142594115957825
64 79 0.055019459734991498
64 80 -0.011362816362727677
64 81 0.079656992859693534
64 82 0.12274140327862799
64 83 -0.032107085964843823
64 84 0.13518553722085105
64 85 0.02843930323338096
64 86 -0.014633545450166081
64 87 -0.00067778539280276642
64 88 0.0073511214922387181
64 89 0.0681394693869216
64 90 -0.02470987899003721
64 91 0.018424854866676724
64 92 -0.064898412301754485
64 93 -0.028257236552508697
64 94 -0.12310106672248254
64 95 0.059575612549278803
64 96 0.051607995754207832
64 97 0.063575306379290111
64 98 -0.019546963268653364
64 99 0.046787012647704379
64 100 0.17479533644342474
64 101 -0.021026819680206674
64 102 -0.11100005391439537
64 103 0.053167535718990376
64 104 -0.029123827415241364
64 105 0.0059461516753880244
64 106 0.017743528772270898
64 107 -0.0092140540430835621
64 108 -0.15727791742101832
64 109 0.032168694671262939
64 110 0.01983141703765539
64 111 0.021885095730830445
64 112 -0.029361314401140804
64 113 -0.014249507139408408
64 114 -0.046041206524391164
64 115 0.027894477055506156
64 116 0.16412337268495011
64 117 0.10355568958472264
64 118 -0.069868012074191535
64 119 0.071808693864164996
64 120 0.074691119429009051
64 121 -0.053849922296264917
64 122 -0.056522962848885701
64 123 0.03920574922132726
64 124 -0.017401963578343723
64 125 -0.00097397564158964976
64 126 -0.089990480798874034
64 127 -0.043823172201165404
64 128 0.11575137789318918
64 129 -0.072912728648741307
64 130 0.051526438352746971
64 131 0.04141550133720355
64 132 -0.1013173439435533
64 133 0.065259244235784608
64 134 0.15900792085883445
64 135 0.042485885490745078
64 136 0.026085161070666395
64 137 0.050146813331717742
64 138 -0.036439399394874193
64 139 0.23056271870387712
64 140 0.12787431892041723
64 141 -0.050863082904026954
64 142 -0.025235232782407035
64 143 -0.081534694758902918
64 144 -0.10887847630046577
64 145 0.057284420825343414
64 146 -0.079837768969306264
64 147 0.038233376211711072
64 148 0.049323361609245484
64 149 -0.036261009213753637
65 66 0.032394976204970193
65 67 -0.066595714317203153
65 68 0.0024555744106256484
65 69 -0.04505440583111843
65 70 0.095804151579932981
65 71 -0.12527450466940357
65 72 -0.10941170932581977
65 73 0.030526130600796324
65 74 0.13836464462401996
65 75 0.14197042660764114
65 76 0.02912441570569297
65 77 0.011787968376518928
65 78 0.0027095265248413139
65 79 0.090791338507935596
65 80 0.11389809411325216
65 81 -0.091921498219960929
65 82 0.052557409856305609
65 83 -0.0921806829147752
65 84 0.0083167204449335359
65 85 0.053066989739814802
65 86 -0.018708836759862065
65 87 0.010408326666004322
65 88 0.054868770755880397
65 89 -0.056576322658029685
65 90 0.10082703836216139
65 91 0.079832135846837501
65 92 0.013778066367988841
65 93 0.077678015869397696
65 94 -0.10771815551543334
65 95 -0.092152434109508005
65 96 -0.066763306713416529
65 97 0.15371669394484436
65 98 -0.054625447513774392
65 99 0.074607245328551661
65 100 0.034978955607585495
65 101 -0.01374245186716931
65 102 -0.027870450293807129
65 103 -0.033919894427624608
65 104 -0.1099739085491751
65 105 0.013050127186403604
65 106 -0.065326875602576953
65 107 0.1269299566218168
65 108 -0.11205505362633107
65 109 0.043846205748676696
65 110 -0.054203341016777713
65 111 -0.14279996428530248
65 112 -0.01542374257099835
65 113 0.029408802980325454
65 114 -0.093894532443186449
65 115 -0.13487824722019795
65 116 -0.062382842060079664
65 117 0.00080479530005025252
65 118 -0.13300292586683901
65 119 -0.20950610508994116
65 120 0.01201287399353909
65 121 -0.088570791960170508
65 122 -0.040419082087556464
65 123 0.045159350746225096
65 124 0.040418995917013548
65 125 -0.19228256500353991
65 126 -0.0067718937679920443
65 127 -0.020823600523294648
65 128 -0.015031624557702404
65 129 -0.030776811127132233
65 130 0.026924783807846481
65 131 0.04825016341728907
65 132 -0.009385429872598796
65 133 0.063283091674243314
65 134 -0.038041520679020481
65 135 0.042648410468288427
65 136 -0.051532468627029412
65 137 0.10317067108059876
65 138 0.015594190317660715
65 139 0.013142120023220492
65 140 -0.086380064056836667
65 141 -0.057586620893745791
65 142 -0.010390124551359153
65 143 -0.09255191776585997
65 144 0.011785233215753449
65 145 -0.085129289044537884
65 146 0.063525860206055024
65 147 0.12498050702816658
65 148 -0.018432853014335591
65 149 0.084638563078047346
66 67 0.019822912876102532
66 68 -0.019535764230004988
66 69 -0.054661894481530963
66 70 0.096303745232257723
66 71 0.0094419190980168655
66 72 0.10969973516553953
66 73 -0.077837514861733459
66 74 0.15276381672937114
66 75 -0.0042566014364681781
66 76 -0.11956890130035275
66 77 0.020475428106032076
66 78 -0.12616363583688878
66 79 -0.001991326196501819
66 80 -0.21562483717132683
66 81 0.095382141538567847
66 82 -0.017868798775387405
66 83 -0.12858897698312144
66 84 0.010476159769087688
66 85 0.049267403918486184
66 86 0.010788619493535222
66 87 -0.050538663228955179
66 88 -0.14028214468716382
66 89 -0.0087982038642030521
66 90 -0.021657562232898945
66 91 0.003333657551104402
66 92 -0.085880012169053332
66 93 -0.050229083879537458
66 94 0.19803171419031701
66 95 -0.0038877377960887562
66 96 -0.058565551085575936
66 97 0.085402223676373512
66 98 -0.034364975974977618
66 99 -0.010333808575614913
66 100 -0.1083234619840882
66 101 0.013476819836442206
66 102 -0.092342625458369423
66 103 0.18271392365261649
66 104 -0.062514485856821497
66 105 0.17877632893611839
66 106 0.084372646022605982
66 107 0.02469312410190775
66 108 0.11762667049338713
66 109 -0.016186157257216262
66 110 0.11966632017860852
66 111 -0.024020372176275732
66 112 -0.18323569078718047
66 113 -0.01278817268081273
66 114 0.029027803756147962
66 115 0.010019671179441133
66 116 -0.10926537869927115
66 117 -0.092397033569689382
66 118 -0.0099544890667561288
66 119 0.04945277653594303
66 120 -0.061396342244919737
66 121 0.054210831766813045
66 122 -0.069265848120496867
66 123 -0.15778007685391296
66 124 0.11907617535833366
66 125 0.038555869837310734
66 126 -0.004743145319675228
66 127 -0.10998096294223002
66 128 -0.067363250401468802
66 129 -0.033890130778327789
66 130 0.061136719854235667
66 131 -0.022636919375462465
66 132 0.007051669664587399
66 133 0.04297782447135641
66 134 -0.01972017772787555
66 135 0.11575608529810152
66 136 0.14254473869400397
66 137 0.033080432678558952
66 138 -0.16316023037509156
66 139 -0.068920846170339445
66 140 0.0650203731021637
66 141 -0.019507253061666719
66 142 -0.26293508421968742
66 143 -0.048678813767098136
66 144 0.044229907951850028
66 145 0.059348770529363222
66 146 0.082361201854893415
66 147 -0.045209396576258699
66 148 0.021724323540732733
66 149 0.12888990950846016
67 68 -0.011897698818288815
67 69 -0.062554938014348124
67 70 0.18660090616292765
67 71 0.014129987006396921
67 72 0.13956989268695982
67 73 -0.096108002925647751
67 74 0.022782093233128211
67 75 0.14624819519033461
67 76 -0.032353066821385279
67 77 0.025404793418323694
67 78 0.049223572621735677
67 79 -0.056225668155953604
67 80 -0.052177411997391378
67 81 -0.054348208968010681
67 82 -0.025775108495660233
67 83 0.0062405556986383859
67 84 -0.0085039149309759001
67 85 0.10151682385468228
67 86 0.075462343711961991
67 87 0.063562471328387382
67 88 -0.078318662696890376
67 89 0.1301676911610028
67 90 0.059961099622905571
67 91 0.025513933587390274
67 92 0.19465800444661324
67 93 0.0394667338913261
67 94 0.032954851919284885
67 95 0.11178847288273903
67 96 -0.062906192066641567
67 97 0.096282661212599568
67 98 0.059265028422244376
67 99 0.042811136361934503
67 100 0.031328218523903106
67 101 -0.099447408382121807
67 102 -0.070133542324942663
67 103 -0.0067294304240193767
67 104 0.040136667373202484
67 105 0.053299581659933086
67 106 0.013516007262201915
67 107 0.10916795849857738
67 108 0.072503659144768431
67 109 -0.01235172237151584
67 110 0.050183796990110906
67 111 0.082428216805703794
67 112 -0.009795490987927773
67 113 -0.090280999242984175
67 114 -0.073480421842304453
67 115 -0.10023147854767248
67 116 -0.029987013290354039
67 117 -0.10926181382257746
67 118 0.093483375962966894
67 119 -0.011077290851547544
67 120 -0.17125895224649476
67 121 0.015059690590554493
67 122 0.1930660740407831
67 123 -0.04478516067321367
67 124 -0.0071999450978002715
67 125 0.052245830676877457
67 126 -0.16957629117482945
67 127 0.12556383983918065
67 128 -0.092927772418612761
67 129 -0.00091313495175318149
67 130 -0.014395960162236942
67 131 -0.0070239541612464118
67 132 -0.059624400179801251
67 133 0.12933685259791883
67 134 -0.011383804379264542
67 135 -0.1870078324540041
67 136 0.053434938999536913
67 137 -0.092658476613886612
67 138 -0.021626476241265815
67 139 0.042473577164601845
67 140 -0.068733050834977868
67 141 0.087412950781737983
67 142 0.023447350927785042
67 143 0.016490350499850214
67 144 0.088468451108953544
67 145 -0.077866645440649238
67 146 -0.099649566269789797
67 147 -0.010427467375122235
67 148 0.038299856618582193
67 149 -0.023070128740286425
68 69 0.12638622698517027
68 70 -0.035048477164695703
68 71 0.046023636466827583
68 72 -0.0076241139159476052
68 73 -0.026852638792523448
68 74 -0.056349706420936639
68 75 -0.1126966829566442
68 76 0.058555989750115091
68 77 0.060231356997921377
68 78 -0.011215946465602745
68 79 -0.12197618741014957
68 80 0.017283804980713979
68 81 0.19273269957940664
68 82 0.062112453801992686
68 83 -0.098832329370705616
68 84 -0.023265625397207609
68 85 -0.058900343448346874
68 86 0.1051781398812637
68 87 -0.023835759374786585
68 88 0.11023887300314951
68 89 -0.057651946901174519
68 90 0.14962080090324162
68 91 0.07599996450049902
68 92 0.098972279074205666
68 93 -0.070583324682588378
68 94 0.030887376161274644
68 95 0.14800989211697743
68 96 -0.089391959681511701
68 97 0.0046574208329862969
68 98 -0.02649540761493302
68 99 -0.018309133874898513
68 100 -0.072433617431539185
68 101 0.020989035526754109
68 102 0.073245606413699441
68 103 -0.11142870552928694
68 104 0.030633461992767445
68 105 0.051450447537953477
68 106 -0.02378133852014308
68 107 0.13957650170253449
68 108 -0.079358124592058238
68 109 0.14200480572133489
68 110 -0.060233931533036106
68 111 0.090631929792868271
68 112 0.074784669968617809
68 113 0.033329027510182692
68 114 -0.023350897797479318
68 115 0.18671293519768487
68 116 -0.05942683353231494
68 117 0.028299566397439926
68 118 0.069846840549438405
68 119 0.10116300192183418
68 120 -0.098844770933010542
68 121 0.099207924895868604
68 122 0.13047182622067416
68 123 0.091236168607918
68 124 -0.0956909605900398
68 125 0.0025106070498089792
68 126 -0.052978896365506206
68 127 -0.051281961282109371
68 128 0.018432774449381985
68 129 -0.0165854482615732
68 130 0.065188337514891698
68 131 -0.13562493226701916
68 132 0.035364428731615521
68 133 0.019359387617283005
68 134 -0.026551918304327581
68 135 -0.064910307200760686
68 136 -0.023159995168628784
68 137 0.041504882892547244
68 138 -0.019825196874683381
68 139 0.065652155211824548
68 140 0.034558933545647999
68 141 -0.05658824274332315
68 142 0.011947864669606303
68 143 -0.016216878039484576
68 144 -0.18535515068083083
68 145 -0.032811236159842723
68 146 -0.097046007864224057
68 147 -0.10548460290112815
68 148 0.031234722991752777
68 149 -0.010175393839938499
69 70 -0.038962284711728357
69 71 -0.039111797540307115
69 72 -0.042429721664567731
69 73 -0.13129030819560772
69 74 -0.0089002926306878515
69 75 0.043359693303298308
69 76 0.0092433355852610307
69 77 0.053439804047480548
69 78 -0.14990425964686652
69 79 -0.07218350708931201
69 80 -0.027129854630232195
69 81 0.09378672947633912
69 82 0.11127869527516214
69 83 -0.1422473898642935
69 84 0.03322229310571987
69 85 0.1005761502563076
69 86 0.0054390364764659877
69 87 -0.14013870006017315
69 88 0.21987832509478833
69 89 -0.026340591199640721
69 90 -0.083395416222784513
69 91 0.052951236838555425
69 92 0.12598329716857831
69 93 -0.016006087880546083
69 94 -0.0075789487071937006
69 95 0.10628361206260127
69 96 -0.01448222709045174
69 97 0.043007520543541108
69 98 0.052594476394387399
69 99 -0.064627391935796807
69 100 0.067528578062523964
69 101 -0.030748598570067679
69 102 -0.075982855174447972
69 103 -0.12755962294006615
69 104 0.11504360354830656
69 105 -0.041872903164454106
69 106 -0.011859387377285821
69 107 0.0012483894466008688
69 108 0.013195167663742057
69 109 0.1619906033305113
69 110 0.029647195711643093
69 111 -0.15922896336024187
69 112 -0.13732214036610085
69 113 -0.012549585165300484
69 114 0.004675147896304464
69 115 0.030545469608315425
69 116 0.022210147275620987
69 117 0.10474775914276088
69 118 -0.023877836802496524
69 119 -0.0022122355286846567
69 120 -0.032437720736300892
69 121 -0.0016652379865805382
69 122 -0.12944827394710146
69 123 -0.0144341463738458
69 124 -0.016302701249546817
69 125 0.089975368117672733
69 126 0.075039622427690994
69 127 0.014560699406568105
69 128 0.047594733080064837
69 129 -0.019918210934294966
69 130 -0.11168897489388754
69 131 -0.20496098404047644
69 132 -0.032509359257016257
69 133 0.01755211506847508
69 134 -0.01282026140052102
69 135 -0.0023516863569651224
69 136 -0.034058242069860779
69 137 0.030006851339994152
69 138 0.037105175622448472
69 139 -0.036809101338373909
69 140 -0.037963243333916451
69 141 -0.027818105248306042
69 142 0.10293914913341258
69 143 0.10646546069420597
69 144 -0.013856013259990307
69 145 -0.055977640512888206
69 146 0.091953862947125639
69 147 0.077342005525337071
69 148 0.11222480521857126
69 149 -0.096867744092236668
70 71 -0.014895890420373566
70 72 -0.016772006717205818
70 73 -0.043099191536740224
70 74 0.053294018984640139
70 75 0.034218193998069947
70 76 -0.02066955397350732
70 77 0.018067044655503239
70 78 0.073970018961028186
70 79 -0.054412140279565056
70 80 0.019556824819069615
70 81 -0.15014164228487353
70 82 0.060607642239044156
70 83 0.045908607671415448
70 84 -0.0088195064678450782
70 85 -0.17997711243919021
70 86 0.042120028927367291
70 87 -0.21399431203061986
70 88 0.053072188550442954
70 89 -0.0096914298125720822
70 90 0.022224772343269656
70 91 0.16110577996128969
70 92 0.11952981554327327
70 93 0.075743792714361199
70 94 0.010097807207906311
70 95 -0.13124514837058576
70 96 0.14796876296405856
70 97 0.10592404112324948
70 98 -0.11160018593592032
70 99 0.0045816559545493012
70 100 0.098646425824008871
70 101 -0.060870812856988352
70 102 -0.047612035275418164
70 103 -0.05826657925067176
70 104 -0.075993210668241079
70 105 0.051016612734449872
70 106 0.10488780456964721
70 107 -0.011259391067281261
70 108 -0.05379480850553673
70 109 -0.014505242653248537
70 110 0.048435202894982876
70 111 -0.1634712100262144
70 112 0.011523031703830967
70 113 0.067235577983053366
70 114 -0.00052038127895041224
70 115 0.11771425707211741
70 116 -0.033534550366894393
70 117 -0.064477386563712435
70 118 0.0093087533298692599
70 119 -0.012036533349378176
70 120 0.025450685272403125
70 121 -0.037202986323824967
70 122 -0.044757050932925743
70 123 -0.012026809815687942
70 124 -0.03320405261393998
70 125 0.078818235814953244
70 126 0.054434333284078755
70 127 0.10272785233916754
70 128 0.02459216793441325
70 129 0.12357004361763231
70 130 -0.097688928360361402
70 131 0.0030483331037681896
70 132 -0.013811969509053513
70 133 -0.014327368423730988
70 134 0.094756404016958937
70 135 0.11805033199514751
70 136 -0.12676507542301757
70 137 0.044815779122493911
70 138 0.042598196048379625
70 139 0.017113354720158774
70 140 -0.027671244727398261
70 141 0.081161812859222096
70 142 0.11627787584707067
70 143 -0.068171721331607898
70 144 0.058286298162655924
70 145 -0.010266014702314622
70 146 0.0085467489128791142
70 147 0.0070208939205132527
70 148 0.15921820913556811
70 149 0.049370880032873113
71 72 -0.074243698270223979
71 73 0.0083188564555114128
71 74 0.024203647224065067
71 75 0.01112396308668059
71 76 0.022145978257484003
71 77 0.044303623998356766
71 78 0.028811186033980887
71 79 -0.014036104769843306
71 80 -0.020171037786968861
71 81 0.047757432823667442
71 82 0.014654102527551579
71 83 0.044861948825615387
71 84 0.035050294436771719
71 85 0.054388139321392574
71 86 0.12336429176028554
71 87 -0.12772096492002169
71 88 0.039460021876450001
71 89 0.18954326372901728
71 90 0.078240457229954832
71 91 -0.056528304419482187
71 92 -0.046513945776276745
71 93 0.10020492855857017
71 94 -0.0079531415858054358
71 95 -0.091433495724824884
71 96 -0.20775826810352804
71 97 -0.006116383255740019
71 98 0.027834582153201937
71 99 0.052655052210007373
71 100 0.052484952136141433
71 101 0.18147262625151636
71 102 -0.052473171550894974
71 103 0.045961267999149971
71 104 0.00012926205878671098
71 105 -0.056346124380980661
71 106 0.076456186287056915
71 107 0.035940387063757052
71 108 -0.028950585739132222
71 109 -0.021683402033172514
71 110 0.029191687236705774
71 111 -0.11353187992817623
71 112 -0.083321495119542149
71 113 0.18970740657819526
71 114 -0.062121538331475219
71 115 -0.057967585182158797
71 116 -0.11178946811497203
71 117 0.048998834103339058
71 118 -0.0049612084817087961
71 119 0.052628871785378652
71 120 -0.11906042274493343
71 121 0.032209285222953403
71 122 0.030884044552889994
71 123 0.033577521435002207
71 124 -0.16345138223310243
71 125 0.13373613464876266
71 126 0.023059768705023808
71 127 0.00026831619386834569
71 128 0.03306895874504158
71 129 -0.028895257679430499
71 130 -0.098777032376943172
71 131 -0.13343493581645183
71 132 -0.2184491290341749
71 133 -0.030286593079109404
71 134 0.028949088183387602
71 135 0.1058897695811778
71 136 -0.062817301905936943
71 137 0.074755171641851498
71 138 -0.10361551600588394
71 139 0.030456198565886758
71 140 -0.12921409069980661
71 141 0.11151037611617658
71 142 -0.021421630516398307
71 143 0.13040011965792564
71 144 0.12319581178183742
71 145 0.066784684409772699
71 146 0.020824630507812164
71 147 -0.17035639908881525
71 148 0.05102670374845511
71 149 0.14099610612592758
72 73 0.067528435916927282
72 74 -0.16338655054067044
72 75 -0.049322465537518123
72 76 0.039204223381421321
72 77 -0.022193581651341179
72 78 -0.095094963074157726
72 79 0.090647983862750137
72 80 -0.19415121428475363
72 81 0.066164969054794798
72 82 -0.019291325199695206
72 83 -0.11381735493737821
72 84 0.10988064213657292
72 85 -0.0070066692401376607
72 86 0.029067861274663598
72 87 -0.012282931419565705
72 88 -0.19883022135261053
72 89 0.047840523939690335
72 90 0.033661859654635154
72 91 -0.066265692703092238
72 92 -0.027566061113760934
72 93 0.095976697824673496
72 94 0.066226520485626827
72 95 0.0042200916640596333
72 96 0.045414098429375868
72 97 0.11978032630789585
72 98 -0.0060874065223794861
72 99 -0.018759505496910939
72 100 -0.11515690992714259
72 101 -0.12882291306805935
72 102 0.042029842079885027
72 103 -0.012139329768083707
72 104 0.077408680552278383
72 105 0.12239246062442637
72 106 -0.097391916263691092
72 107 0.086228267513359658
72 108 -0.17921057760016454
72 109 0.0059354985763742495
72 110 0.0073538063803593083
72 111 -0.11005714392093938
72 112 0.11972448002271341
72 113 -0.018505644372183206
72 114 -0.038918866412695985
72 115 -0.082003173516781908
72 116 -0.10276968042151297
72 117 -0.037848839708093746
72 118 -0.17498877479680883
72 119 0.15165753890560105
72 120 -0.009913555908250736
72 121 -0.039915796869547375
72 122 0.083558960332597576
72 123 -0.077775871786900777
72 124 -0.0641569553444577
72 125 0.017288214243723177
72 126 -0.11823727261991773
72 127 -0.00032647400577588784
72 128 0.091033026861173094
72 129 0.09086798007940472
72 130 -0.018509985694729843
72 131 0.038967147874950071
72 132 -0.14311911551930917
72 133 0.081724119655113281
72 134 0.16205360142680708
72 135 -0.068203239380195763
72 136 0.12867661265102834
72 137 -0.0095972320719266112
72 138 0.027798795054513506
72 139 -0.034461462468937901
72 140 -0.056312707745390482
72 141 0.026783555122607407
72 142 0.023092749168252089
72 143 0.046198921177110983
72 144 0.077886091306463831
72 145 -0.053940864693731987
72 146 0.13074197233144819
72 147 -0.033091602608971767
72 148 -0.021657286146557948
72 149 -0.093639331999289047
73 74 -0.067303850460784839
73 75 0.075516463640763504
73 76 0.049985717031311667
73 77 0.062418811556342844
73 78 0.17553514923159283
73 79 0.013778484348470982
73 80 -0.052935273141225918
73 81 -0.10827089710266107
73 82 0.095333156150938819
73 83 0.092378838790400056
73 84 0.15390046314657715
73 85 -0.015106942757522359
73 86 0.007050420895728644
73 87 -0.018869974576915097
73 88 0.069441906564638139
73 89 -0.0077438706732725383
73 90 0.11251350494911537
73 91 0.049698109014105714
73 92 -0.038327819365299429
73 93 -0.029433270276286269
73 94 0.0055845962844738271
73 95 -0.12563653272351283
73 96 -0.10360688857151167
73 97 -0.076278357200925254
73 98 0.12546089694503415
73 99 -0.020977352870203501
73 100 -0.039658232868976559
73 101 -0.016242994021023874
73 102 0.016021137415422805
73 103 -0.10644053273552338
73 104 0.023546721681048897
73 105 -0.2371301077066823
73 106 0.0038073741102999355
73 107 -0.14224306022028133
73 108 -0.060843851306698005
73 109 0.0078433334483205067
73 110 -0.041279935712961846
73 111 -0.012781708997453152
73 112 -0.14287586746541134
73 113 0.070308609591499038
73 114 -0.070813216272504809
73 115 0.010385426565868229
73 116 -0.11165016524336495
73 117 0.040869273547202802
73 118 -0.050740445421481664
73 119 -0.018288332354806168
73 120 -0.041959062640995491
73 121 0.041877042771038785
73 122 0.011102905968234229
73 123 0.16012341343817418
73 124 -0.13481652271014311
73 125 -0.070160054251910964
73 126 0.12485951717610384
73 127 0.023280890402985727
73 128 0.0016588728719463142
73 129 0.027969755695576397
73 130 -0.082539089292180248
73 131 0.016334176085283234
73 132 0.12022174240200689
73 133 -0.052184563046362681
73 134 0.070654804299283211
73 135 -0.031351411000835112
73 136 -0.024237579834819844
73 137 -0.11041931309943367
73 138 0.12707767409700679
73 139 0.10663341283357634
73 140 0.10650596785284171
73 141 0.010197781588157722
73 142 -0.024693135696042135
73 143 0.022287187474353518
73 144 -0.10998198353870776
73 145 -0.032754414016674914
73 146 -0.023265750504226575
73 147 0.12074841482149443
73 148 0.084544776624473683
73 149 -0.023192756307844457
74 75 -0.0229166583183089
74 76 0.016160194607544795
74 77 0.075213103174606957
74 78 -0.16745607677081287
74 79 0.062457536352831015
74 80 0.025578673117933996
74 81 0.0045928517265291331
74 82 0.003824009259128223
74 83 0.018557366873505433
74 84 -0.043933980989846765
74 85 -0.049671113602383167
74 86 -0.10918026277377617
74 87 0.10469041052334425
74 88 0.17361325531714467
74 89 -0.087124762237937928
74 90 0.10691501291516678
74 91 0.027635063788664729
74 92 0.18637180236709935
74 93 0.16276380493078932
74 94 0.16598191533126433
74 95 -0.034038541446468763
74 96 0.012087277402147928
74 97 -0.0080221776475695866
74 98 -0.048606325846810246
74 99 -0.03216496008571533
74 100 0.057610973402738318
74 101 0.16178205733095211
74 102 0.095074001650920698
74 103 0.075450347619266625
74 104 7.0911546265698138e-06
74 105 -0.10052721878719792
74 106 -0.063869470827572522
74 107 -0.11196121257147136
74 108 -0.041118925412057854
74 109 -0.15757714332775172
74 110 -0.017552928819975132
74 111 -0.063682527241882031
74 112 0.004030576234154315
74 113 0.1502957357136232
74 114 -0.07443415568253739
74 115 0.072770695254597964
74 116 0.057605246608854244
74 117 0.0043422929843258103
74 118 -0.069696359906939287
74 119 0.099188238563816117
74 120 0.005211006975748461
74 121 -0.12502428478573063
74 122 -0.030147271494034084
74 123 0.045897544478828711
74 124 0.065746431754019299
74 125 0.13076355300110987
74 126 0.11768202813423251
74 127 -0.031611666746470111
74 128 0.10481799445711801
74 129 0.058372708299629719
74 130 0.013095740803802361
74 131 -0.061022868549858861
74 132 -0.0085320764590017112
74 133 -0.040191620343039851
74 134 -0.14832264102438517
74 135 0.0022639048386423116
74 136 0.11185909275754627
74 137 -0.13773016962998427
74 138 -0.030932615438097767
74 139 -0.0053909493436640468
74 140 -0.099989862227122903
74 141 0.049876795914878563
74 142 0.019342062898552673
74 143 -0.029919653255373897
74 144 -0.19444540198446711
74 145 0.099166484595292564
74 146 0.054361614854239869
74 147 0.078059500377584634
74 148 0.16890827284371795
74 149 -0.076810982898188662
75 76 0.035731244891344979
75 77 0.070831233482048339
75 78 -0.051139804536859679
75 79 0.0050862419616746054
75 80 0.04406191302239422
75 81 -0.033708831734499352
75 82 -0.08544563493533848
75 83 0.03057705820435478
75 84 0.017183803966552121
75 85 0.11209409719557803
75 86 0.030745137838196188
75 87 0.016427509633324715
75 88 -0.067869132375085808
75 89 -0.16204363493312396
75 90 -0.06151388345153401
75 91 -0.065830696435914451
75 92 -0.0046645455046105816
75 93 -0.11476853176887687
75 94 -0.0092246216177747399
75 95 0.03372334175913231
75 96 0.10262039765266438
75 97 -0.03638045246412272
75 98 -0.073194042151757857
75 99 -0.077020968124779501
75 100 0.20788745816317533
75 101 0.10042751578346683
75 102 0.1454177564154687
75 103 0.064844274179366251
75 104 0.1842772156428554
75 105 0.0062576598409213348
75 106 0.031852188560723832
75 107 0.080699575140062332
75 108 -0.00020316512856211839
75 109 -0.081470493066886432
75 110 -0.049406683400644982
75 111 0.031409728636655136
75 112 0.052147655464002025
75 113 0.073112885083086665
75 114 -0.10182441007617921
75 115 -0.071922027083897208
75 116 -0.010259916043185213
75 117 0.13809563503282751
75 118 -0.17995206921778206
75 119 0.0082272838476996225
75 120 0.12870639865583408
75 121 -0.072139640634139662
75 122 0.041439381991332076
75 123 0.020009716275946512
75 124 -0.0081642680699076358
75 125 -0.13784952752725291
75 126 -0.054056488832917575
75 127 0.14274018479142966
75 128 -0.02118087742417658
75 129 0.037629241951261896
75 130 0.015197834854485471
75 131 -0.1248884472439168
75 132 -0.18743148693869346
75 133 0.049993792312085866
75 134 -0.12331002362594423
75 135 0.019919973060196005
75 136 -0.095781339725739406
75 137 -0.013296044045102623
75 138 -0.10631107311243555
75 139 0.060147311722431478
75 140 0.1100331447159973
75 141 0.14577167451453629
75 142 -0.012917290947924242
75 143 0.141329864813071
75 144 0.054932282431889606
75 145 -0.054071387398514768
75 146 0.10454945096300848
75 147 -0.045959459082303353
75 148 -0.023686814726555538
75 149 0.073566142096519072
76 77 0.21179819771977157
76 78 -0.038346771767436734
76 79 -0.029914566750135495
76 80 -0.11210333882437706
76 81 -0.076680430795653287
76 82 0.022226233524684797
76 83 -0.054040042379876974
76 84 0.018251830190723448
76 85 -0.071810360084541308
76 86 0.029510329098064055
76 87 -0.049742899469493514
76 88 -0.036117465856639504
76 89 -0.11285207257668206
76 90 0.08786651803101371
76 91 0.063478599091661994
76 92 0.014591154106801249
76 93 0.1560565701891157
76 94 -0.01954867802482067
76 95 0.049436292941741546
76 96 -0.038220164738370296
76 97 0.049694279844668975
76 98 0.064536975648428516
76 99 -0.10727502564066671
76 100 -0.040291243965310454
76 101 -0.027467565512298099
76 102 0.090609670167899073
76 103 -0.015498237681513006
76 104 -0.10187789110488137
76 105 0.0015436808136305199
76 106 -0.068928935829728477
76 107 -0.047683210052837786
76 108 0.10897678661696791
76 109 0.068434627509344689
76 110 -0.059298043239333922
76 111 0.064173749154105064
76 112 -0.13749493396882864
76 113 -0.062646406354796916
76 114 0.056325331445512501
76 115 -0.11860979690270262
76 116 -0.17457053976189343
76 117 0.010397854902211828
76 118 -0.072204308189690841
76 119 0.037417588887641906
76 120 0.089560375246231338
76 121 -0.071970873549678155
76 122 0.074084816394410585
76 123 0.02755630384368828
76 124 -0.15647810572222115
76 125 0.05186341874028149
76 126 -0.0084950639365321788
76 127 0.15613261033807574
76 128 0.042376778153496608
76 129 0.032598530759892462
76 130 0.0033974635021573781
76 131 0.095961083569667441
76 132 -0.014708204705737637
76 133 0.017658390649505192
76 134 0.12050905686791247
76 135 -0.12639831821744801
76 136 -0.053202138062431702
76 137 0.030319966765504962
76 138 -0.038709683815870782
76 139 -0.0804899277108891
76 140 0.15766825334440782
76 141 0.0047902879327404533
76 142 -0.063642675889891837
76 143 0.14052795985933486
76 144 -0.02376484776585119
76 145 -0.10325186359253857
76 146 0.092439470025528908
76 147 -0.019683627884858126
76 148 0.003246407252806267
76 149 0.064307792268196856
77 78 0.091793718215161899
77 79 -0.10542877523022313
77 80 -0.030727279743322448
77 81 0.0497429833399319
77 82 0.12112007641636501
77 83 -0.0045705033714269084
77 84 0.037779412272923349
77 85 -0.019796826891138725
77 86 0.14867587936739687
77 87 -0.0098164922044396904
77 88 -0.027463830674621218
77 89 -0.10909192304280463
77 90 -0.10414145451986311
77 91 0.057187764238114523
77 92 0.075352385474639669
77 93 0.034260518060611027
77 94 -0.13154258858159859
77 95 -0.16760219840131541
77 96 0.083620659778313622
77 97 0.033511628848936666
77 98 0.060669557654795425
77 99 -0.097801581634417462
77 100 -0.020008325372194716
77 101 -0.017147434387171583
77 102 0.072855518992575682
77 103 0.097062153203452392
77 104 -0.017008815816214058
77 105 0.019668191462080684
77 106 -0.011648784582147052
77 107 0.077266413561476344
77 108 -0.1356111476598823
77 109 -0.038563925042416507
77 110 0.15997134463015306
77 111 -0.060241903528004417
77 112 -0.023845233062027203
77 113 -0.023621786526184602
77 114 0.0073505121172116866
77 115 -0.053460328179564358
77 116 -0.0080092430808369336
77 117 -0.13663494303162463
77 118 0.16784268866056726
77 119 -0.093250128284012176
77 120 -0.046886774834654601
77 121 0.07172639988760271
77 122 -0.084502059522255035
77 123 0.065640178283878164
77 124 -0.0038302337134616636
77 125 0.096105039958902572
77 126 0.018596550223878138
77 127 0.041872930040062081
77 128 0.011147017415948776
77 129 -0.087201761610965947
77 130 0.024913047739573393
77 131 0.038958400352698187
77 132 -0.10192206930779732
77 133 -0.012629176021012101
77 134 -0.049616906923886719
77 135 0.19195760423616748
77 136 0.13353404195132626
77 137 -0.028068022660858297
77 138 0.045314032765668498
77 139 -0.031906918340962875
77 140 0.09202761789158212
77 141 0.16095389290162002
77 142 -0.019501834725215821
77 143 -0.1064943936812057
77 144 0.10509950505421381
77 145 -0.18836765656765109
77 146 0.22122396374392778
77 147 0.10987202126260928
77 148 -0.0035259528655334511
77 149 -0.0047500000696064359
78 79 0.0023061159803771836
78 80 -0.067796439182855217
78 81 0.034297165519212879
78 82 0.08180188621527594
78 83 0.024558928210371717
78 84 -0.038081804303032415
78 85 -0.10536383883002828
78 86 -0.024691420589944838
78 87 -0.034821928565550102
78 88 -0.072792035761664486
78 89 -0.037168027445128912
78 90 0.01829961192561062
78 91 -0.046036730529587643
78 92 -0.053366360988189636
78 93 -0.11448092042595544
78 94 0.036079605020129642
78 95 0.12720136041673771
78 96 0.01872718540107151
78 97 -0.076699880132139464
78 98 0.07556214525274263
78 99 -0.088802021796143354
78 100 -0.023741213354921364
78 101 0.091480556861363749
78 102 -0.016868591328889904
78 103 -0.23351762242596844
78 104 -0.066500915557702697
78 105 -0.017007109649612148
78 106 0.027420552541106622
78 107 -0.088004388940329914
78 108 -0.11282254975960848
78 109 -0.057880714053450084
78 110 -0.018662625806653517
78 111 -0.023168959461887555
78 112 0.078898367264836178
78 113 -0.023364492072240867
78 114 -0.12922490403744469
78 115 0.10756630528379081
78 116 -0.085790049758896647
78 117 -0.10216447500766765
78 118 0.13079157744638892
78 119 0.03101510965248893
78 120 0.056109135757308401
78 121 0.13519394534670093
78 122 -0.034051710739115219
78 123 0.090581653140479196
78 124 0.0555486084672921
78 125 -0.0081564310058765341
78 126 -0.0070334134647004852
78 127 0.05748403887427795
78 128 -0.049814653395197937
78 129 0.029971985762645415
78 130 -0.056760538090942683
78 131 0.0097324418721072212
78 132 -0.10232824375490078
78 133 0.06166867634859622
78 134 -1.6795719185719341e-05
78 135 -0.10185638116831383
78 136 0.14858326100092983
78 137 -0.036325454460835377
78 138 0.11995553714541142
78 139 0.0077669507691750942
78 140 -0.0092626532088386799
78 141 -0.18719997073855454
78 142 -0.12561477938632837
78 143 0.0099021580134980129
78 144 0.074440054998407515
78 145 -0.084388948670384517
78 146 -0.047655118596527157
78 147 0.070374688520331616
78 148 -0.0097709105388984838
78 149 0.056637383162846208
79 80 0.097163392409649288
79 81 0.033037483159245394
79 82 -0.081359868930058546
79 83 0.039184112012984468
79 84 -0.015569724362766922
79 85 0.045950694343113628
79 86 -0.12114023829530907
79 87 -0.14115356127553305
79 88 0.14670636801910053
79 89 0.15843103790405078
79 90 -0.051718415889121669
79 91 0.09730015539810967
79 92 0.046314066592552716
79 93 0.031176183568266232
79 94 0.043606133265750587
79 95 -0.029915665799172063
79 96 -0.0080369534848327498
79 97 -0.014259816835484256
79 98 0.03393431371639246
79 99 0.037948355847747708
79 100 0.075916277333241952
79 101 -0.009119020524162481
79 102 -0.08813730965048136
79 103 -0.13917656084179431
79 104 -0.21147625108268719
79 105 0.075177491887374326
79 106 -0.046871878428433468
79 107 0.096074758047632783
79 108 0.024435174625717766
79 109 -0.13862677505603929
79 110 -0.14419058688391292
79 111 0.014071762918037797
79 112 0.026058298360342187
79 113 0.0043551091885505036
79 114 0.02499949599151605
79 115 -0.026952725326459041
79 116 0.089351723156613133
79 117 0.084598242995144166
79 118 -0.029401337454903295
79 119 0.053471380473663108
79 120 -0.067221889900598061
79 121 -0.14317325228260031
79 122 -0.040683061502148621
79 123 0.084611163163691078
79 124 -0.15256724056532933
79 125 -0.0059971274892030571
79 126 -0.014392946366859217
79 127 -0.01462984301752282
79 128 0.094469775615698776
79 129 -0.013333848535047946
79 130 -0.035373152837512349
79 131 0.01748116781411414
79 132 0.032080970577212285
79 133 -0.0066554209872145406
79 134 -0.034402940806561075
79 135 0.11116469053360732
79 136 -0.054876496103010555
79 137 -0.038930774168194238
79 138 -0.12371309444145277
79 139 -0.089408956960218597
79 140 -0.11251022630082266
79 141 0.036120671786177554
79 142 0.09205623684505447
79 143 0.028015099291106623
79 144 0.046914610742680107
79 145 -0.16071211053586215
79 146 0.15803485735081568
79 147 -0.0062641976550409026
79 148 -0.1070086597705347
79 149 0.082470355925494815
80 81 -0.00070572725702240343
80 82 0.040052936568116579
80 83 -0.051609842935140371
80 84 -0.026202939486253633
80 85 0.026538455130117686
80 86 0.031278236205781955
80 87 0.060004985617152992
80 88 -0.16789003773640898
80 89 0.044239528751717966
80 90 -0.027028512983044012
80 91 0.075345027018201685
80 92 -0.048395569406740627
80 93 -0.15130181611249693
80 94 0.035582150772115032
80 95 -0.05045688761708278
80 96 0.12356142750883453
80 97 -0.069687750170455268
80 98 0.035905241658286881
80 99 -0.011198391201273531
80 100 -0.1065203693819147
80 101 0.046463059950602646
80 102 -0.081446527180032688
80 103 -0.029923735548289414
80 104 0.056918546367681892
80 105 0.099827214197775113
80 106 -0.075960006005607927
80 107 -0.11017326532112245
80 108 0.14238014942787908
80 109 -0.10499141093728048
80 110 0.037149895884231267
80 111 -0.047693345061745787
80 112 0.078874060950681127
80 113 0.098340641460981135
80 114 -0.11446142036296944
80 115 0.056940140782242674
80 116 -0.040951931526038952
80 117 -0.010886541982273068
80 118 0.0025180759502194438
80 119 -0.010470129936845872
80 120 -0.002458503406847389
80 121 0.13579945135722965
80 122 0.058733356481470295
80 123 -0.091629208648119284
80 124 0.054600508335888434
80 125 0.019870329970111515
80 126 -0.026445468131489191
80 127 0.051365958665816974
80 128 0.075849782010362923
80 129 -0.13010639899243859
80 130 -0.011524462676544459
80 131 0.16122259411871662
80 132 -0.0037280134354538944
80 133 -0.045660571854421496
80 134 -0.16822531075276995
80 135 -0.0079903958210413122
80 136 0.043905046760470717
80 137 0.11333996655457092
80 138 -0.080112082598750189
80 139 -0.1163758646786739
80 140 -0.023378180975794374
80 141 -0.037228553614230574
80 142 -0.10524076278355159
80 143 -0.12278350676826046
80 144 -0.0098007793493756819
80 145 0.041974309632731764
80 146 3.4227191023268129e-05
80 147 -0.13121457789729518
80 148 -0.0033988157177573309
80 149 0.11345683363766716
81 82 -0.049133589644158399
81 83 0.076764593203415527
81 84 -0.072635177786327873
81 85 -0.015929567094346304
81 86 0.0010923213797820199
81 87 -0.012446959652140585
81 88 0.01895805685312308
81 89 0.13485216033226421
81 90 0.020393725118604052
81 91 0.047236501220398082
81 92 0.14261347585952136
81 93 -0.09446409242931246
81 94 0.0091454607664224526
81 95 0.0093767079051231654
81 96 0.04315180075758742
81 97 0.0065131370749856371
81 98 -0.19001921357917889
81 99 -0.028732983748337233
81 100 -0.032334379135841466
81 101 0.053165856978691396
81 102 0.13495600247823716
81 103 0.01143836342098003
81 104 0.023685860198927242
81 105 -0.12465157979210542
81 106 -0.17512008694825054
81 107 -0.030806497260954305
81 108 -0.049558708022049293
81 109 -0.022194692026469832
81 110 -0.12327807895403055
81 111 0.027327221825954207
81 112 -0.014235561603521074
81 113 -0.088734437147030179
81 114 0.030554302755096435
81 115 0.020387688680954291
81 116 -0.063247245581333156
81 117 -0.011615787489167698
81 118 -0.19183105090864702
81 119 -0.021544132063320114
81 120 -0.034221839961152307
81 121 -0.030324238942334079
81 122 -0.037752651759122048
81 123 -0.022291740847727837
81 124 0.0062009294824344474
81 125 0.10105438981458285
81 126 -0.11807659793935021
81 127 -0.0210500050922908
81 128 0.024589095607597419
81 129 0.13244321774932799
81 130 0.13756248418147643
81 131 0.042526349243745508
81 132 -0.13907138474282787
81 133 -0.026510270756626122
81 134 0.016098677836328901
81 135 -0.014746118928629549
81 136 0.028753083653444263
81 137 -0.050152840758180571
81 138 -0.062546935790654776
81 139 -0.036661753343047852
81 140 -0.16213194723187144
81 141 -0.016007670533341043
81 142 0.0070392807249684648
81 143 0.0097448354353668575
81 144 -0.035599907311860898
81 145 0.02861461532466511
81 146 0.016875305208951138
81 147 0.059009284199516038
81 148 0.039719896862436301
81 149 0.10691102392366889
82 83 0.17740024764931331
82 84 0.021097941214122722
82 85 -0.09076400658875472
82 86 0.023176608249221416
82 87 0.070989896702077782
82 88 -0.038271249969914503
82 89 -0.058326790686053731
82 90 0.062419623226225296
82 91 0.18501178922655895
82 92 -0.018741007803614772
82 93 0.052243717242558461
82 94 0.017049110854238433
82 95 -0.10002783266446783
82 96 -0.080234183005917337
82 97 -0.033343011932189429
82 98 0.0058286023628079794
82 99 0.021865782082600888
82 100 0.091641194717403104
82 101 0.056206849337127475
82 102 0.016115342148487328
82 103 0.054008899474641721
82 104 -0.085237818909198126
82 105 0.0069216105633392406
82 106 0.040299566995038165
82 107 0.05731274524876516
82 108 0.011693664184704808
82 109 0.070987681803695177
82 110 -0.0072430147459499892
82 111 0.0014839895894358309
82 112 0.039279970918062276
82 113 0.0032578738932850975
82 114 0.0013523739382610713
82 115 0.019338797221667575
82 116 0.071145557828114811
82 117 -0.073207416182819562
82 118 0.13201216146171885
82 119 -0.081676622575297134
82 120 -0.047809849711232956
82 121 -0.044382907215401356
82 122 -0.051621915676031159
82 123 -0.033771700091561496
82 124 0.038908836890775317
82 125 -0.016708923525027411
82 126 0.03807197930327582
82 127 -0.00011218006802258634
82 128 -0.097957744187318396
82 129 -0.037742801890765447
82 130 0.10722963959461898
82 131 -0.031799543729624756
82 132 -0.013122252208626608
82 133 -0.079845909645521962
82 134 0.098628669251423731
82 135 -0.11595029694960504
82 136 -0.014217883249833741
82 137 0.0075590786028144931
82 138 -0.10378190053678375
82 139 -0.041194041634678755
82 140 -0.081084072506992899
82 141 0.028468425680373347
82 142 -0.05343154712710315
82 143 0.06134282758223384
82 144 0.085858845383803034
82 145 -0.041289432012771708
82 146 0.042821841542989257
82 147 0.076786754659509626
82 148 -0.019747883590186813
82 149 0.14151160267314203
83 84 -0.10019569743764728
83 85 0.043139156629867968
83 86 -0.02609638103999366
83 87 -0.04615093496511205
83 88 0.036887904928138204
83 89 0.025246130377193882
83 90 -0.16297993986923456
83 91 0.071394096968817988
83 92 -0.012881943943147355
83 93 0.036579736661632965
83 94 0.16096964001147362
83 95 0.05066487788656248
83 96 -0.059811020241488475
83 97 0.029694090600559456
83 98 0.014018670526524057
83 99 -0.11302090008127717
83 100 0.035367041612615405
83 101 -0.18690097251325391
83 102 0.11580023469138211
83 103 0.0346418275546665
83 104 -0.084520653969305387
83 105 -0.083690259575047499
83 106 -0.029747795446535906
83 107 0.015717349676770437
83 108 0.052469473005990613
83 109 -0.10168780779437177
83 110 -0.17255649990791189
83 111 -0.059678957143068
83 112 -0.1011874344840175
83 113 0.082121298637794743
83 114 0.057094442573221993
83 115 -0.025962275042525133
83 116 -0.040435156601363008
83 117 -0.017009038555673085
83 118 -0.047226717294283745
83 119 -0.058433190843084397
83 120 -0.04358253249997994
83 121 0.08158273438372457
83 122 -0.064687236272649773
83 123 -0.041228292603062031
83 124 -0.06191613584361276
83 125 0.014790455092524107
83 126 0.098746736716458006
83 127 -0.023123491610251175
83 128 0.0057357846376920717
83 129 -0.010857931294103047
83 130 0.018199976005300683
83 131 -0.016416650197254481
83 132 0.071181920071434132
83 133 -0.046064655933712978
83 134 0.13782053180370143
83 135 -0.088329255695727013
83 136 0.15534019111771896
83 137 -0.011274085014598598
83 138 0.011802303023972484
83 139 0.001816938673644248
83 140 -0.075173631048846903
83 141 0.059968877641467466
83 142 -0.19910618854985307
83 143 0.084691448460307711
83 144 0.011159401252464004
83 145 -0.080010857802031127
83 146 -0.048467531276793582
83 147 0.083918798622686697
83 148 0.074219684229475946
83 149 0.10769210406361399
84 85 0.016082110243861206
84 86 -0.023080215593222604
84 87 0.058478533165793947
84 88 -0.039503093578257611
84 89 -0.09035808949620304
84 90 0.058320143039060184
84 91 0.063929629352266482
84 92 -0.066215541777181058
84 93 0.070276335724766326
84 94 0.086007102463070723
84 95 -0.0065282574155390519
84 96 0.10163781924719346
84 97 0.17858318109193214
84 98 -0.017788362537626952
84 99 0.14841729333338555
84 100 -0.01307317914245916
84 101 -0.11107858814482045
84 102 0.0056927500576599939
84 103 0.086173695136835926
84 104 -0.12787211213759636
84 105 -0.035312407843866293
84 106 0.10195723089199407
84 107 0.026186302889414495
84 108 -0.017132648110945302
84 109 -0.071331930194842852
84 110 0.026399698450743893
84 111 -0.15855069127744384
84 112 0.022553128267491607
84 113 0.098979217600216843
84 114 -0.138112773911548
84 115 -0.037012170025539387
84 116 -0.047310460611788431
84 117 -0.12473176396494061
84 118 0.117941655401593
84 119 -0.057332197330010264
84 120 0.088450196950046495
84 121 -0.10758520203856116
84 122 -0.034540700013614464
84 123 -0.042983869577904101
84 124 -0.0093703305478279719
84 125 0.07624760239414545
84 126 -0.05358413258656225
84 127 0.034441797242904068
84 128 0.0044195312575742154
84 129 0.061247381400329919
84 130 -0.038246966867337293
84 131 0.030233172176849399
84 132 0.024929315807168208
84 133 -0.059277084045826073
84 134 0.11414703102474184
84 135 -0.016251466311949875
84 136 0.19383405838927176
84 137 -0.17631767603424703
84 138 0.023198574298479682
84 139 -0.12850327046857485
84 140 -0.083623698569753643
84 141 -0.020734283074741785
84 142 -0.097779212940460269
84 143 -0.15741282608276758
84 144 0.049289475931574019
84 145 -0.093953452136244717
84 146 -0.084975203876630143
84 147 0.10389637223729817
84 148 0.017887508928691401
84 149 0.094965885037769607
85 86 -0.016455060393940551
85 87 -0.049837199403297595
85 88 -0.10867300264647915
85 89 -0.18568165680821361
85 90 -0.099735715420858864
85 91 0.062337063409059257
85 92 0.056019809131862004
85 93 0.06215551675558479
85 94 -0.035414967117545444
85 95 0.0074975528774196927
85 96 -0.11592370617146011
85 97 -0.12214858624374876
85 98 -0.095210932459557154
85 99 0.026541125504316421
85 100 -0.10114214169388287
85 101 -0.0055203192015550141
85 102 0.098004127947113912
85 103 -0.15463127499165838
85 104 0.0020274196254578174
85 105 0.0095946636358755031
85 106 0.06412077998370605
85 107 0.067581976715295589
85 108 0.12490425372311323
85 109 0.16377118839768476
85 110 -0.059195005823378423
85 111 0.12069981776326826
85 112 -0.029508901253396641
85 113 0.0053289551353862246
85 114 -0.041318709477867303
85 115 0.056914875765836835
85 116 0.012623605284906565
85 117 -0.0029710563025026311
85 118 -0.02488462250044517
85 119 -0.056776640005672882
85 120 -0.022440674428799857
85 121 -0.12559654817448096
85 122 0.032453421953115118
85 123 -0.026835720366010497
85 124 0.030914062802995693
85 125 -0.0045602287287891561
85 126 0.084710459306928082
85 127 -0.012009554568210517
85 128 0.049826042828480376
85 129 0.094195609240465647
85 130 0.04585716516802045
85 131 0.1606858152666078
85 132 0.042919354586827975
85 133 -0.077503808768596749
85 134 0.13155303152417344
85 135 0.082623326593420157
85 136 -0.078579339604345128
85 137 -0.060221859962823414
85 138 0.096129281914489162
85 139 0.045574213846210708
85 140 0.083276659619625396
85 141 0.1032401509163571
85 142 -0.033093167410561862
85 143 0.16621303111815997
85 144 0.0012999076948940107
85 145 -0.052277077710006899
85 146 0.026925267666146044
85 147 -0.0090254722820639673
85 148 0.11354082147853702
85 149 7.1069911548404135e-05
86 87 0.0061133200479673629
86 88 -0.07736296411120705
86 89 -0.028017409630104049
86 90 -0.041566143814445712
86 91 -0.027381842179409317
86 92 0.06403669106950953
86 93 -0.19731903073121537
86 94 0.0023214366248029807
86 95 -0.021845250068791788
86 96 0.040767016954543704
86 97 -0.042745828904899745
86 98 -0.042957282205830609
86 99 0.11629035576728938
86 100 0.012319648588878103
86 101 0.099269016168192115
86 102 -0.016784369062685444
86 103 -0.031224755382435444
86 104 -0.0067103596409879684
86 105 0.024571618323727548
86 106 -0.070281869245053849
86 107 -0.14086477406177209
86 108 -0.032352311853765858
86 109 -0.099061226131983912
86 110 -0.13462010258958843
86 111 0.13839446654896387
86 112 -0.048657139085686883
86 113 0.017685195750377948
86 114 -0.094399149017627734
86 115 0.15908485307042924
86 116 -0.013147839274457127
86 117 -0.046765572649101243
86 118 0.10372474671450418
86 119 -0.013496343776522049
86 120 -0.012598387558151007
86 121 0.014182035457131125
86 122 0.052237745453051702
86 123 0.12215191775355153
86 124 -0.0027107986555702768
86 125 0.021687099682567646
86 126 -0.053563780757267608
86 127 -0.0046925950909286638
86 128 0.030993312329055212
86 129 -0.013724749052716322
86 130 -0.043345422751502709
86 131 -0.088637763595307006
86 132 0.12361002706719459
86 133 0.0050731306848573691
86 134 -0.13622227771158751
86 135 -0.02248306112937001
86 136 0.10787258415451464
86 137 -0.039223406160111655
86 138 0.035677754866817957
86 139 -0.0052106642416140303
86 140 0.029388330835236828
86 141 -0.0031609453615795719
86 142 0.0037088550971601129
86 143 -0.023785855123157441
86 144 0.026501229646417636
86 145 -0.094801273019118157
86 146 -0.066310094373476472
86 147 -0.084992175290877575
86 148 0.038054679444540648
86 149 0.01666436182893162
87 88 -0.073408825686377216
87 89 -0.038863072855833222
87 90 -0.082016392713986114
87 91 0.042147481215416387
87 92 0.045615010338274344
87 93 -0.014257784123631373
87 94 0.072502186397184296
87 95 -0.045699330754797644
87 96 0.027469411483353193
87 97 -0.13199254847383457
87 98 -0.079303470453664537
87 99 -0.017748384387652482
87 100 0.020579590004096197
87 101 0.13706094858715456
87 102 -0.21610362023671903
87 103 0.081794901398671557
87 104 -0.016705402892845934
87 105 0.046453293150570139
87 106 0.035130718104983381
87 107 -0.13219596375271225
87 108 0.026275309665406369
87 109 -0.12984745073803836
87 110 -0.023710549372411384
87 111 0.10377468053825219
87 112 0.023290450551386808
87 113 0.086592087518883074
87 114 -0.012350429198276969
87 115 -0.074390737234388507
87 116 0.099239587211184588
87 117 -0.02821923433271421
87 118 0.12872477469742591
87 119 -0.10183912598893403
87 120 0.064166366217050463
87 121 0.020494767573678793
87 122 0.049568579779687177
87 123 -0.0053069115369505562
87 124 0.12606259157911517
87 125 0.0069624444640816472
87 126 0.056875897919547447
87 127 0.10451859696446109
87 128 -0.1237879662878163
87 129 0.01465813976274891
87 130 -0.00051177856688547872
87 131 0.049805012835671764
87 132 -0.098111310394825665
87 133 -0.021604668942868308
87 134 -0.025491140433339034
87 135 0.016026151672606584
87 136 0.12648849211151572
87 137 0.047384853113973002
87 138 0.010633187833493121
87 139 -0.090512609908545941
87 140 -0.16732001085323597
87 141 0.11249120197088988
87 142 0.0024103448721956864
87 143 0.07704346399454319
87 144 -0.033204176848868248
87 145 -0.098108262701725082
87 146 -0.067415110902595332
87 147 0.084873797387730723
87 148 -0.056161876364210654
87 149 -0.063459492106889753
88 89 0.013010641756972066
88 90 -0.077350181348115762
88 91 -0.037415232257819994
88 92 0.062709204706135738
88 93 0.047219526765512769
88 94 -0.025117151101686355
88 95 -0.12804567872780098
88 96 -0.0052073663612621666
88 97 0.010513098234532448
88 98 0.059169043668470957
88 99 -0.024293650844065852
88 100 -0.051783965720787389
88 101 -0.034068521835597491
88 102 0.14813828191729389
88 103 0.063347102309510434
88 104 -0.098798518189193704
88 105 0.1072677131981422
88 106 0.036820266214804963
88 107 0.025477965810065221
88 108 0.0022295680845728222
88 109 0.10658654642602246
88 110 -0.10285038370157652
88 111 0.070759327730534186
88 112 0.040831186474748968
88 113 -0.0056037340449312063
88 114 -0.073980954346165473
88 115 0.0048607257857062828
88 116 -0.07528862982516929
88 117 -0.024525771808762101
88 118 0.037881915521834217
88 119 0.022234500764794562
88 120 0.16767849616586802
88 121 -0.078462876873152801
88 122 -0.11388874635434838
88 123 0.095180429238464301
88 124 -0.015402451672342551
88 125 -0.026966800627965522
88 126 0.15308094428575267
88 127 -0.032994681166729038
88 128 -0.055169081373695021
88 129 0.060434245968003154
88 130 0.017393999770531288
88 131 -0.035630399223289581
88 132 -0.12641287542600158
88 133 0.031680667783229678
88 134 -0.20891428839075091
88 135 0.12296099956998159
88 136 0.0013233759356848507
88 137 0.047257244908200109
88 138 0.01452684849089398
88 139 -0.066188738583962903
88 140 -0.092465387492340248
88 141 -0.11259149719985259
88 142 0.12437141119997122
88 143 0.10282042348672991
88 144 -0.041231153498087439
88 145 -0.16023345522353086
88 146 0.16560215742665191
88 147 -0.032100666594251537
88 148 0.16933752181837758
88 149 0.070906776682676101
89 90 0.013882701630316968
89 91 -0.010896796789742305
89 92 -0.077804824215516363
89 93 -0.095810285893177458
89 94 -0.059549377180754898
89 95 0.06831831750032287
89 96 -0.0739718635869311
89 97 0.070648850601775948
89 98 0.013549540262324149
89 99 0.03556666597642702
89 100 0.14363460550022955
89 101 0.040493675920569065
89 102 -0.04414022933821702
89 103 0.012281100205624637
89 104 0.011538219266305671
89 105 -0.0086432757865496455
89 106 -0.060084920905827864
89 107 0.0064310744867084992
89 108 -0.033740973971651815
89 109 0.073785968459546936
89 110 0.014588878759691577
89 111 -0.039108810016952288
89 112 0.067239452304327263
89 113 0.014565021415837541
89 114 -0.0051283955638787536
89 115 -0.071022109146985854
89 116 -0.014610744919797448
89 117 0.096127978052945984
89 118 0.039772923416816514
89 119 -0.11503173603054205
89 120 -0.057930037076128295
89 121 -0.058542888550981588
89 122 -0.04466688922861068
89 123 -0.039911221790963972
89 124 0.042196901547264055
89 125 0.060381891101642875
89 126 0.04040241288614238
89 127 -0.0072539219641485943
89 128 0.083665881309011841
89 129 -0.0502474893873966
89 130 -0.095202536902580945
89 131 -0.016466181364140884
89 132 0.089565196687048515
89 133 -0.08806565353256908
89 134 0.030266009355899019
89 135 0.037974007278548459
89 136 -0.061444545104066974
89 137 -0.044895144920191941
89 138 -0.11057857231470197
89 139 -0.065686619362684037
89 140 -0.16340174774461849
89 141 -0.029344185447312723
89 142 -0.019026927040053109
89 143 0.056355297264757784
89 144 -0.13422492447081413
89 145 -0.041618053043565785
89 146 0.043377699759749325
89 147 0.072504591510465108
89 148 -0.097356188199294549
89 149 0.024070418106454754
90 91 -0.030591933460946442
90 92 -0.066973904780449039
90 93 -0.035539842297713821
90 94 0.069393056943522685
90 95 -0.14025034071351128
90 96 -0.17754410791689135
90 97 -0.076955566693000077
90 98 -0.030656388634277002
90 99 0.085619964020272096
90 100 0.045082882966968142
90 101 0.033838458837030017
90 102 -0.062229024121871798
90 103 -0.066951927442825881
90 104 0.076962227798584207
90 105 -0.0019735162066641014
90 106 -0.051758592415555471
90 107 0.096259507205892478
90 108 0.073022303235917935
90 109 -0.073926392809511646
90 110 -0.11585047643949356
90 111 0.12120579859804283
90 112 -0.042760163484892227
90 113 0.008788601919751662
90 114 -0.086641968085605647
90 115 -0.05484920962136295
90 116 0.095552340075626491
90 117 0.052008113901430203
90 118 -0.0005144455237786925
90 119 -0.010785884179630702
90 120 0.02934085238861946
90 121 -0.048025817312392693
90 122 -0.09231412411613063
90 123 0.047353186627185351
90 124 -0.10008234666037069
90 125 0.07629008426467028
90 126 -0.0035086960694644979
90 127 0.21060979533031729
90 128 -0.019981139222959462
90 129 0.022766171317479905
90 130 -0.071864215267018944
90 131 -0.065346107212875607
90 132 -0.14046446253490416
90 133 0.014755859195580794
90 134 -0.031229252264887174
90 135 0.094990859584476034
90 136 0.010962961134820339
90 137 -0.08782232466698929
90 138 0.10483924698055974
90 139 -0.090498876688436369
90 140 0.15933756610791408
90 141 -0.055159796268335434
90 142 -0.14862568163096448
90 143 -0.059666522201538806
90 144 0.0092235136015197776
90 145 -0.026525791409543593
90 146 0.059829425173340903
90 147 0.076191193349038802
90 148 0.059523071139895495
90 149 -0.010285451770197972
91 92 -0.071792000503176898
91 93 -0.011849627361711228
91 94 -0.086164836360369354
91 95 -0.078782385361521448
91 96 0.00094998901575508846
91 97 -0.09443854561392917
91 98 0.05812257210270682
91 99 -0.056809603623265391
91 100 0.18025574116604418
91 101 -0.03645216970639753
91 102 0.031069406694266919
91 103 -0.1360584039975099
91 104 0.062330068143598351
91 105 0.040928825234094794
91 106 0.0023696832332320322
91 107 0.00026658864809702001
91 108 -0.086186602116870167
91 109 0.069403315773419419
91 110 0.0161593426693338
91 111 0.12877013420717004
91 112 -0.012465481950809211
91 113 -0.021959946566885127
91 114 -0.1339335504659295
91 115 -0.065461803636589155
91 116 -0.037690111876813551
91 117 0.041656615939048208
91 118 -0.07387452447972763
91 119 0.016962815856453043
91 120 0.0081326654647218728
91 121 0.039535683701362505
91 122 0.14638075728891731
91 123 0.072272671490415497
91 124 0.046131480532455096
91 125 0.032387238278888078
91 126 -0.069978103589911828
91 127 -0.027813184640174377
91 128 0.014580122946422046
91 129 0.0026319340581428324
91 130 0.076907708081406456
91 131 0.086501895570799736
91 132 0.068358438049698822
91 133 0.15332789984941397
91 134 -0.03822787649006662
91 135 -0.045999074899248885
91 136 0.14830144594240452
91 137 -0.0016590322916418823
91 138 -0.10106155229706605
91 139 -0.1517841569364913
91 140 0.015022392875888017
91 141 -0.024536549995909759
91 142 -0.074982625597436278
91 143 0.019788179039451691
91 144 -0.0024361028544207623
91 145 -0.11774005296752185
91 146 -0.047367667913340489
91 147 -0.14296206257378669
91 148 -0.085283143574035908
91 149 0.18893465738138665
92 93 0.0014782719196642135
92 94 -0.012110297407994772
92 95 0.0066872036470349274
92 96 -0.03354818099499679
92 97 -0.14201004045927373
92 98 0.010962546709856764
92 99 -0.029155680747992425
92 100 -0.16168266463712025
92 101 0.065806754323088287
92 102 0.095981062544590615
92 103 0.0058295275129239908
92 104 0.058087291556642801
92 105 0.10189194963364949
92 106 0.1259438386831003
92 107 0.077669300483204376
92 108 0.074208174526721973
92 109 -0.14750133507692964
92 110 -0.18364168758758723
92 111 0.068910916820962412
92 112 -0.073646943101873724
92 113 0.034353324881468382
92 114 -0.13148362528858981
92 115 -0.059579864494378659
92 116 -0.039498865730249591
92 117 -0.012368415661874558
92 118 -0.012054971231123869
92 119 -0.14966658391204368
92 120 0.16507860540622279
92 121 -0.10847620551325471
92 122 -0.22034315896058027
92 123 0.026568228797838468
92 124 -0.11786148486132599
92 125 -0.01097898487955465
92 126 -0.049415524101114508
92 127 -0.10327875011706227
92 128 0.024566987390805529
92 129 0.007935229101235404
92 130 -0.015521650611599387
92 131 0.026669036949262877
92 132 0.060004943470183619
92 133 -0.062253583562157364
92 134 -0.078255559214147521
92 135 -0.036501999538003524
92 136 -0.027833326507062932
92 137 0.060984828149544562
92 138 0.059042917224783845
92 139 0.051790914711703141
92 140 -0.013589460479199742
92 141 -0.07304418752943248
92 142 -0.043127032238555893
92 143 -0.022915633140184716
92 144 0.10398607676231393
92 145 -0.15947913813947698
92 146 -0.015589435480799616
92 147 0.042733096448144367
92 148 -0.19533480046662044
92 149 0.027005990387469717
93 94 -0.045182281048817934
93 95 -0.060852041198861263
93 96 -0.011231807568593561
93 97 0.0028899211544899019
93 98 0.012185032554989348
93 99 0.0052914696605851266
93 100 0.12311419049986087
93 101 0.12046368915046174
93 102 0.083148039028800289
93 103 0.004436285114240995
93 104 0.13507513901194335
93 105 -0.051016978040498581
93 106 0.10486779339128995
93 107 0.070712107539940977
93 108 0.016856426989014826
93 109 0.096706772773792207
93 110 0.08652503811662586
93 111 -0.11835065526320021
93 112 -0.05466381339064405
93 113 0.01324304933747688
93 114 0.029403268849778057
93 115 0.082027776071749048
93 116 -0.0083733034624248609
93 117 0.027807834955922598
93 118 0.18315010164584572
93 119 0.07927074613607514
93 120 0.0023951326996314009
93 121 0.046410287434106405
93 122 -0.056558021664294106
93 123 0.024734495265528927
93 124 -0.019097450632725752
93 125 0.018756425701338526
93 126 0.047809564972144197
93 127 -0.031767474229049679
93 128 0.050780371350567656
93 129 0.035023952217293639
93 130 -0.13589387113094464
93 131 0.032940740631043311
93 132 0.023458970990060602
93 133 -0.0047127391224914125
93 134 -0.0045698528772141521
93 135 -0.0053522092111158966
93 136 -0.040377497526690162
93 137 0.084351588206113201
93 138 -0.011007839764078266
93 139 -0.00012000713178447678
93 140 -0.0059329878128022663
93 141 -0.080854647973835736
93 142 0.059281346618080932
93 143 -0.11485642619309211
93 144 -0.01972853088954591
93 145 0.052536271653348759
93 146 -0.046011826254546612
93 147 0.050087982694148804
93 148 -0.023661053146306479
93 149 -0.010321109513210186
94 95 -0.1758865524325087
94 96 -0.062432013611533832
94 97 -0.049290713829051071
94 98 0.05350842528083067
94 99 -0.058090373319123471
94 100 0.011540617760316757
94 101 0.27391423045731761
94 102 0.046961324878720526
94 103 -0.02477935987662136
94 104 0.035697683098053636
94 105 0.065797694309028612
94 106 -0.078303202630441479
94 107 -0.083484128584215542
94 108 -0.039623113914352706
94 109 0.033010388530188374
94 110 -0.11865232569684191
94 111 0.028833697532843192
94 112 -0.14613734920433885
94 113 0.038739319869713344
94 114 0.040128823608593212
94 115 -0.02655695476642142
94 116 -0.048806423756006627
94 117 0.013252146238252563
94 118 -0.18575692207917707
94 119 -0.048680181355318437
94 120 0.028864922688989547
94 121 -0.093275911311183082
94 122 0.053605337577869824
94 123 0.14690025248792724
94 124 -0.14660088965993781
94 125 -0.14859552771407536
94 126 0.085519283138080493
94 127 -0.030466115602162655
94 128 -0.023655388825776689
94 129 0.022441913703926421
94 130 0.031480225337028003
94 131 -0.018075427517758581
94 132 0.016853137319607695
94 133 -0.15337951074432546
94 134 0.14053999892680735
94 135 0.11291437180576183
94 136 0.036121913412643716
94 137 0.043417559587121977
94 138 -0.18958175372852171
94 139 -0.059387572919408139
94 140 0.080714086703592813
94 141 -0.078077165416368166
94 142 -0.08772547097584861
94 143 0.031434967362953502
94 144 -0.046016082081752084
94 145 -0.081690640741163278
94 146 -0.062202485850201779
94 147 0.083605962301984554
94 148 0.042334548879765989
94 149 -0.054772642270731448
95 96 0.044245970094711269
95 97 0.034366122110027174
95 98 -0.042659921689878748
95 99 0.16067647259308018
95 100 -0.061465101702989494
95 101 0.041276028867194871
95 102 -0.09637999695260574
95 103 -0.020374189819466215
95 104 -0.036612502286502924
95 105 0.037986553126225987
95 106 0.033448947981094428
95 107 0.027161875336369101
95 108 0.10562794802887801
95 109 -0.11858036378473778
95 110 0.12191970731413304
95 111 0.010205609993204736
95 112 -0.0095794774664374263
95 113 -0.077732905376876993
95 114 0.083258115864339691
95 115 0.048719010292890455
95 116 -0.026180740458284987
95 117 0.073601329959683576
95 118 -0.03489228493290316
95 119 -0.020446496388534508
95 120 -0.029091019576923186
95 121 -0.11888369022265897
95 122 -0.12266135965426886
95 123 0.10692270503027013
95 124 0.096339958635202269
95 125 0.043292518713963807
95 126 -0.06082097801970459
95 127 0.095088856029827099
95 128 0.039365516387161743
95 129 0.022324028847431444
95 130 0.04869076224046219
95 131 0.14537372750329086
95 132 0.043012884987081945
95 133 -0.14646792335358072
95 134 -0.16869259404061113
95 135 0.014132017348599538
95 136 -0.0087725536683594153
95 137 0.067156495267862312
95 138 -0.11993233138118847
95 139 -0.066687868124546357
95 140 0.08771497660604316
95 141 -0.017852724053731991
95 142 -0.06490251973560951
95 143 0.063127763779411913
95 144 -0.017149545682522398
95 145 -0.012409892056589463
95 146 0.073992716673172615
95 147 -0.041091143315137232
95 148 -0.00082342244619982381
95 149 0.042899069172069024
96 97 0.15507594664527138
96 98 -0.076890160487745357
96 99 -0.031673038479661013
96 100 -0.031335740943143071
96 101 -0.011275485423371263
96 102 -0.12954233721676689
96 103 -0.032330152661033479
96 104 0.046788631626493334
96 105 -0.1614470127466654
96 106 0.095215667925171041
96 107 -0.023521774620556414
96 108 0.024315910104823712
96 109 -0.0024585352855658114
96 110 -0.040738183295709725
96 111 -0.060886126487718677
96 112 -0.05020684614200898
96 113 0.04971047095497616
96 114 0.046194531403611384
96 115 0.10801348851383957
96 116 -0.025542595653608884
96 117 0.018911843000942442
96 118 -0.055380084012654485
96 119 0.098378438032308724
96 120 0.13821398049247591
96 121 -0.097009465988410287
96 122 -0.087222211777994413
96 123 0.063543064250523348
96 124 0.044147086321708565
96 125 -0.026727563849059915
96 126 0.012023421815750193
96 127 -0.054372955512522601
96 128 -0.0036944642894422512
96 129 0.03495710273888325
96 130 0.094291902802203717
96 131 -0.064567420361697547
96 132 -0.001687201905353608
96 133 -0.020699284931922794
96 134 -0.010436275555217459
96 135 -0.036909514792880266
96 136 0.1419983349411986
96 137 -0.014375078943660207
96 138 0.014994486375661194
96 139 0.088597648933556691
96 140 0.11381419347093961
96 141 0.082638573729625173
96 142 -0.16819770003303364
96 143 0.067664302884717739
96 144 -0.011321802968976257
96 145 -0.053779118384454712
96 146 -0.03600607838783506
96 147 -0.00020876751343196109
96 148 -0.058792054117984972
96 149 0.092823281227383841
97 98 -0.096127473540651723
97 99 0.072961663371215804
97 100 -0.25073427490262423
97 101 -0.01162371499224326
97 102 0.072927103002168758
97 103 -0.043485508223789576
97 104 -0.040656521564516906
97 105 0.13591989744893079
97 106 -0.05720460261130117
97 107 -0.013183148226702411
97 108 -0.044209237032457369
97 109 -0.092094942026406126
97 110 0.1149632423751511
97 111 0.052405252883483043
97 112 0.20159903544322147
97 113 0.066252012631162913
97 114 0.14202369005905618
97 115 -0.21427926813000123
97 116 -0.062165441651392712
97 117 -0.080644212235811391
97 118 0.028772856249104199
97 119 -0.018901097563101817
97 120 0.11434152125985748
97 121 -0.095986127184237865
97 122 0.0036089313491107118
97 123 -0.14159886289590848
97 124 -0.12016013389994859
97 125 0.010174515494577194
97 126 0.0019282540494971365
97 127 -0.034689251650214463
97 128 0.027171055990116936
97 129 -0.051161947323000029
97 130 0.11432613880938572
97 131 -0.0067985850287167852
97 132 0.11334720478622445
97 133 -0.13699799792745621
97 134 -0.045783101312332548
97 135 0.074574207380707344
97 136 -0.12075910942281706
97 137 -0.020952163070527406
97 138 -0.046403791471383946
97 139 0.054401993846117901
97 140 0.05054755653858669
97 141 -0.020574329371616618
97 142 0.094393359313581518
97 143 0.025329677619329995
97 144 0.049418910251768679
97 145 -0.1071440350056627
97 146 0.18492973475789073
97 147 -0.071598723871922745
97 148 0.0075606129703737436
97 149 -0.090432832073460548
98 99 -0.075715692968096465
98 100 -0.072614614196918656
98 101 -0.015595619032648078
98 102 0.02951694159593907
98 103 0.083211297219840358
98 104 -0.053520004876254482
98 105 0.16512387825063016
98 106 -0.066211913409246703
98 107 0.020946916556124177
98 108 -0.044167933531886486
98 109 -0.098654524314820705
98 110 0.12232792092931843
98 111 0.015792750095514375
98 112 -0.0051139752422276336
98 113 0.017708425690452223
98 114 0.11969340240499333
98 115 0.038306821942521309
98 116 -0.0836299711668579
98 117 0.059625819275588257
98 118 -0.0085691767260587994
98 119 0.047489067338495561
98 120 -0.052791461300255756
98 121 -0.066236386850369561
98 122 0.055147239655410345
98 123 -0.072469600067554166
98 124 0.13834649291927775
98 125 0.051261155520344132
98 126 -0.042974916967794444
98 127 -0.039756334793248325
98 128 0.018457327524903967
98 129 0.035770957820063898
98 130 -0.12390061910499454
98 131 0.029360316595983125
98 132 -0.12441276190622078
98 133 0.08431666962051626
98 134 0.0061437355274586566
98 135 0.13295568971634786
98 136 0.0075113691589248199
98 137 0.0021448215106655063
98 138 -0.021087089971793722
98 139 -0.027067802980017243
98 140 -0.062017892026414209
98 141 0.12193123514259194
98 142 0.086094437244646632
98 143 0.054476709407683878
98 144 0.15795604523578308
98 145 0.093055947458902721
98 146 0.0067101050533212823
98 147 0.0034790566428070241
98 148 0.090028751545021032
98 149 0.061228084093999574
99 100 0.10189583563764681
99 101 -0.19270763055990764
99 102 0.0046855804883473981
99 103 -0.063667271442594306
99 104 -0.0092748204387477148
99 105 0.076757632970055875
99 106 -0.080263290908607454
99 107 -0.20312118033133181
99 108 -0.024341538454300399
99 109 0.23214379156491527
99 110 -0.048496163602274961
99 111 0.04267221304374378
99 112 0.014477427592999078
99 113 0.038009846346203517
99 114 0.054654359023779873
99 115 -0.02451028769126859
99 116 0.088200864502788037
99 117 -0.066315864185694115
99 118 -0.076011569852394267
99 119 0.051350325210661331
99 120 -0.042638664721871257
99 121 -0.11247984978861003
99 122 0.0031169653958253627
99 123 -0.00095993077918266523
99 124 -0.13922942991800585
99 125 -0.02302633542314227
99 126 -0.077673996204078596
99 127 0.11929870922400163
99 128 0.024749149246190656
99 129 -0.079019428528324415
99 130 0.086888411646103669
99 131 -0.018014607042762965
99 132 0.030189916714807509
99 133 -0.22038157274459069
99 134 -0.087737636625274673
99 135 0.028629612025280766
99 136 -0.023801560993646359
99 137 -0.0033331830230865114
99 138 0.095167532142029818
99 139 0.01154081333074861
99 140 0.010640616409886687
99 141 0.024492299614321447
99 142 0.18951859336855198
99 143 -0.022183277281198351
99 144 -0.025094130826019728
99 145 8.6757899698913497e-05
99 146 -0.074090356998861281
99 147 0.058036735952899134
99 148 -0.10480850658554179
99 149 0.045413805263206534
100 101 0.017379452624215867
100 102 0.088646230305841942
100 103 0.075445411215741262
100 104 -0.14408274038054175
100 105 0.12021579471466658
100 106 -0.043023660815918963
100 107 -0.028077004621946258
100 108 -0.021894190193068812
100 109 -0.094846310367533174
100 110 0.024350039843659393
100 111 -0.061963069541812403
100 112 0.046983667308876591
100 113 -0.074552940815883206
100 114 0.1040179849019861
100 115 -0.11844593397503524
100 116 -0.082424385855372179
100 117 0.01311076305529636
100 118 -0.010068858031875915
100 119 0.12407383241928278
100 120 0.078738596507277589
100 121 -0.043230169167069753
100 122 0.093800905089506517
100 123 -0.038810529454467745
100 124 0.16774501510629078
100 125 -0.13450068661457495
100 126 0.11967612537358256
100 127 0.026932487472469832
100 128 -0.032720393436462804
100 129 0.002173098016276501
100 130 -0.00057195172871774859
100 131 0.035277675660319398
100 132 0.0039194248973297803
100 133 0.14295195106501196
100 134 -0.010366185345823538
100 135 -0.15098126144969856
100 136 -0.089011174811100047
100 137 0.07412621540509215
100 138 0.035867167794246181
100 139 0.054230122240288253
100 140 0.10548029321280308
100 141 -0.022174821810579001
100 142 0.045739473691580289
100 143 -0.015860401474252904
100 144 -0.035168258374730151
100 145 0.14605236372480571
100 146 -0.00010340143527157712
100 147 0.034172550729932118
100 148 -0.080575009435327735
100 149 0.05060533213025465
101 102 -0.22478896072729276
101 103 -0.030779613291705869
101 104 -0.073062988230128259
101 105 0.042304824677421318
101 106 -0.10303662159834276
101 107 -0.059028308861824676
101 108 -0.043902753015946143
101 109 -0.18539794220850814
101 110 -0.11669810820953924
101 111 0.0018108852962135126
101 112 -0.0042465715223395243
101 113 0.019934868915448298
101 114 0.029230427345843878
101 115 0.019348043574775486
101 116 0.0077991015383701455
101 117 0.024332059950918715
101 118 -0.033644933466411772
101 119 0.054382280089945806
101 120 0.1276551377511963
101 121 -0.051103767094308424
101 122 -0.17439016931041926
101 123 0.037400026857065956
101 124 0.16803338953821459
101 125 -0.036727145387831908
101 126 -0.043291383529174415
101 127 -0.041746058259492722
101 128 0.033936947832615132
101 129 0.0735478635746631
101 130 0.034753151274910944
101 131 0.049534764101822483
101 132 0.14364590411708827
101 133 0.031884993347873945
101 134 -0.11262898778728411
101 135 -0.11650247651367869
101 136 0.035547513694005307
101 137 -0.037013094771329885
101 138 0.15983646303916879
101 139 0.10404677124366715
101 140 0.0032385926390194404
101 141 -0.26250579353664005
101 142 -0.19436215059874368
101 143 0.0030131791808782867
101 144 0.027155740238532344
101 145 -0.013790072474467343
101 146 0.14363158077143384
101 147 -0.14801667651874553
101 148 0.022899483582327001
101 149 0.031967289766252238
102 103 -0.045149968716760212
102 104 0.026788868729241841
102 105 -0.0017533623196764145
102 106 -0.011422129970007851
102 107 0.061708757307714496
102 108 0.072477637599993441
102 109 0.068412341542839886
102 110 0.044992876606337752
102 111 0.032715064102031691
102 112 -0.019064771102788335
102 113 -0.012803552759858162
102 114 -0.061493144046914916
102 115 0.13665846840870974
102 116 -0.21825581328288735
102 117 -0.202378984812596
102 118 0.073872651660795416
102 119 -0.020318632832544651
102 120 -0.082106752376923733
102 121 -0.039155715171098456
102 122 0.1178263309743421
102 123 0.1233081994919443
102 124 -0.028606887972080445
102 125 -0.13786179269887494
102 126 -0.16042631391486209
102 127 -0.063901990564835323
102 128 0.11920844056601357
102 129 -0.05400081988067354
102 130 0.090146335375828418
102 131 -0.10822186968287156
102 132 0.024732042954920042
102 133 0.0089213920689078918
102 134 -0.094186499390037356
102 135 -0.05596260385293917
102 136 0.00012172142101354209
102 137 0.066765100780954476
102 138 -0.085386620756765161
102 139 0.025607801187598749
102 140 0.091206160247626289
102 141 0.076711573798499313
102 142 0.057521480674154336
102 143 0.0087103226675942381
102 144 0.013258571140052489
102 145 -0.12983451646219887
102 146 0.019028969972139959
102 147 -0.12785621658694465
102 148 0.09132009330650441
102 149 -0.037880631316637603
103 104 -0.041775344676720921
103 105 -0.016172015750678052
103 106 -0.071137081506646715
103 107 0.065489898880825875
103 108 0.076337272022399108
103 109 -0.12720522618124797
103 110 -0.017194892924669407
103 111 -0.035140685123867636
103 112 -0.080357214719057754
103 113 0.056689783017457633
103 114 -0.0261385049310335
103 115 -0.072470637568343557
103 116 0.14596394668532359
103 117 -0.042393598074386717
103 118 -0.044515217946865082
103 119 0.059675944300004023
103 120 0.041410738666976726
103 121 0.070981109870068823
103 122 0.031476256891745408
103 123 -0.077865088078381647
103 124 -0.080316784221956067
103 125 -0.11504226642377345
103 126 -0.010171127677601957
103 127 0.051287796791390415
103 128 0.020564685933967077
103 129 0.029966260401603884
103 130 0.023573267095511018
103 131 0.0704559594164961
103 132 0.048360368337039175
103 133 -0.033170697861590957
103 134 0.11485626591947533
103 135 -0.001368852485852699
103 136 -0.17410931214759517
103 137 -0.073872408468251549
103 138 -0.023161690310058953
103 139 -0.018084239361891644
103 140 0.071177244538395343
103 141 -0.065148383275072053
103 142 0.020164172880227562
103 143 -0.063887683534976147
103 144 0.20856637799779132
103 145 -0.058592637671134339
103 146 -0.021059126568625828
103 147 -0.040787627317228681
103 148 -0.040193408211894432
103 149 -0.03157562115010195
104 105 -0.0069781016271760598
104 106 -0.045753127601024089
104 107 0.038960586612038314
104 108 -0.091067490616479271
104 109 -0.098532696087875613
104 110 -0.067702869300932028
104 111 0.06557700976317829
104 112 -0.069853064874046994
104 113 0.0042493507283300931
104 114 -0.023421447704871538
104 115 -0.098128040695920682
104 116 0.015923305755573547
104 117 -0.016350081353737791
104 118 -0.075422838870373501
104 119 -0.071774538337913224
104 120 -0.064498874198501435
104 121 0.096312009713436481
104 122 0.029722526792803065
104 123 0.17840516443163956
104 124 0.015213704469366502
104 125 -0.020376312652812596
104 126 0.0080679914328097881
104 127 -0.083749899898818689
104 128 -0.093798584820992889
104 129 0.007556658617507689
104 130 0.10609915974301237
104 131 0.091464253951450553
104 132 0.13373801344982225
104 133 -0.089320848983188095
104 134 -0.0090707179102708542
104 135 0.017894323616231975
104 136 0.21984850110908111
104 137 0.055106092502516239
104 138 0.02491709024747038
104 139 0.14382955304998665
104 140 0.16238200623936586
104 141 -0.12926853798798132
104 142 0.019977330098282696
104 143 -0.046995244747122931
104 144 -0.036491430728129048
104 145 0.015369980608343364
104 146 0.17340155600931786
104 147 0.017372093321834033
104 148 0.00050981363599892368
104 149 0.030712453733742182
105 106 -0.075518265064105514
105 107 0.1435572828783381
105 108 0.039293007291028463
105 109 0.071627291562903483
105 110 -0.080025759290710249
105 111 0.052901990040226603
105 112 -0.040936933049330756
105 113 0.082316140133695537
105 114 0.071749753551873713
105 115 -0.18249910709693887
105 116 -0.0060367268833105758
105 117 0.046686523691525039
105 118 -0.061207224380286633
105 119 -0.089244348264911816
105 120 0.18259148719555018
105 121 0.012857493366507806
105 122 0.015335123592757908
105 123 -0.1318325618124821
105 124 0.051650301223219737
105 125 -0.074855323563569956
105 126 -0.070057559483870727
105 127 0.036438911942806788
105 128 -0.01129216320205379
105 129 0.065124352052855383
105 130 0.071856377440262575
105 131 0.11442092480230763
105 132 0.14540117547186213
105 133 0.085553542888609974
105 134 0.061401537095661714
105 135 -0.12224853630611919
105 136 -0.075135236090962731
105 137 0.01014775744685909
105 138 -0.072414233864635094
105 139 -0.047514299365726993
105 140 0.0071589103858387595
105 141 0.025692325243164119
105 142 -0.0020844527152190065
105 143 -0.0041579599093478697
105 144 -0.057229843082264961
105 145 0.017669238739514332
105 146 -0.071349696881963118
105 147 -0.098507503170350091
105 148 -0.11244657318944408
105 149 0.024596995925600208
106 107 -0.052276219580355936
106 108 0.031826859441707801
106 109 0.011669354077505398
106 110 0.093194254137215757
106 111 0.0061088993013257396
106 112 0.038428676383352033
106 113 -0.028685704444552977
106 114 -0.075244829895325951
106 115 -0.077091850083652519
106 116 0.00063038061898302851
106 117 -0.013142989495138946
106 118 0.090030959463502688
106 119 0.11286515541603685
106 120 -0.14141219272244987
106 121 -0.056897198543241274
106 122 -0.082109523260950862
106 123 0.075193392911475573
106 124 0.18579257657127057
106 125 0.14619529316879945
106 126 0.01689594131801668
106 127 -0.011550378826190616
106 128 -0.0068734964291390704
106 129 -0.053121821872374679
106 130 -0.078383635965973267
106 131 0.0203681138876247
106 132 0.064533186067480028
106 133 0.082836483335168701
106 134 -0.061352636810159109
106 135 0.13691038280464402
106 136 -0.05704198963614291
106 137 0.10632043528671772
106 138 0.05555839704874297
106 139 0.11803175131644619
106 140 -0.0090170880778905043
106 141 0.042227054378917217
106 142 0.040524315677325125
106 143 -0.08888004801669229
106 144 0.049077972153822348
106 145 -0.19208928946587708
106 146 0.08781333202457961
106 147 -0.085226403888003094
106 148 -0.11788638346458268
106 149 0.0892080607698921
107 108 -0.068340005058533493
107 109 -0.16826762115474092
107 110 0.057227840893262022
107 111 -0.074106019360785216
107 112 0.014020033116886854
107 113 -0.029092928239698085
107 114 -0.057206804381068184
107 115 0.10078706402987028
107 116 0.083658659331820109
107 117 -0.013379853829695528
107 118 0.044358774012641572
107 119 -0.1199810455396749
107 120 0.06867636223150049
107 121 0.09459539696047041
107 122 0.046960201985648535
107 123 -0.12807891641514124
107 124 -0.073473453330476834
107 125 0.056688951333287739
107 126 0.012858077256299829
107 127 -0.088338327724456475
107 128 0.048859216181388825
107 129 -0.070056589262141103
107 130 0.031270538657098855
107 131 0.0055859742143346391
107 132 0.14675303188236574
107 133 0.074909193381851882
107 134 -0.077260171695949967
107 135 0.10502425166871839
107 136 0.010372290920215715
107 137 0.050331509767019729
107 138 -0.066590885189655294
107 139 -0.09970685211880892
107 140 0.053846083222222819
107 141 -0.009802125049622858
107 142 -0.18001012833782176
107 143 0.025905640301936626
107 144 -0.033746560062899195
107 145 -0.10279323814756058
107 146 -0.009241662144543545
107 147 0.046410311609340636
107 148 0.033604885822812604
107 149 -0.07141723143623524
108 109 0.15269169888975168
108 110 -0.024574694624692715
108 111 0.034071095332237643
108 112 0.038077480927036729
108 113 -0.035926643108553327
108 114 -0.065176022786393381
108 115 -0.0087410904672189441
108 116 0.026898303015397335
108 117 -0.0096020069954270183
108 118 0.069116007189716638
108 119 -0.076170023688489116
108 120 0.0018926429392291284
108 121 -0.017837990973373935
108 122 -0.025355162648134703
108 123 -0.062832376577793725
108 124 0.00016458006299412635
108 125 0.016132337693387819
108 126 -0.0097394709652838668
108 127 0.046428562699205374
108 128 -0.14746775673361076
108 129 0.00655227242606371
108 130 -0.11123504669281109
108 131 0.025543280211728445
108 132 0.064967403427051984
108 133 0.10896062006352733
108 134 -0.11742836270236701
108 135 -0.032172746929820854
108 136 0.061011155518040636
108 137 0.0054242579483171583
108 138 -0.077833660432153104
108 139 -0.090634536150217479
108 140 -0.0048699751624574385
108 141 -0.10999109726293069
108 142 -0.073417224513056767
108 143 0.020691521727928323
108 144 0.11225853444952477
108 145 0.10084691905687074
108 146 0.039182798190046005
108 147 -0.086885752593100302
108 148 0.0019707002215396644
108 149 0.074290672170558819
109 110 0.040120235197240443
109 111 0.03571538997929706
109 112 -0.082373521209286579
109 113 -0.011929919310518511
109 114 -0.069225815337121799
109 115 -0.1039490748281711
109 116 0.071863415651739385
109 117 0.0013598641545467848
109 118 -0.048923871116128712
109 119 0.00014689815058040911
109 120 -0.086901451920088024
109 121 0.061671247037656148
109 122 0.15556262136953422
109 123 0.086426483887721228
109 124 -0.021274271586874401
109 125 -0.10255032217493515
109 126 0.018195367373111199
109 127 -0.14259028098842222
109 128 -0.15182499454840964
109 129 -0.1616103369917051
109 130 -0.074448484937827963
109 131 -0.011576919061526296
109 132 -0.062275764775471532
109 133 0.027146442380293241
109 134 -0.026582632269832665
109 135 -0.085620117301634227
109 136 0.101449528798793
109 137 0.02833271595853936
109 138 0.055857254588438467
109 139 -0.095504058123401875
109 140 -0.015816675298278866
109 141 0.017532459612544272
109 142 -0.022891690228254359
109 143 0.058980072883360053
109 144 -0.024706618559677537
109 145 -0.14149100043279988
109 146 -0.1028029123839015
109 147 0.025978477007824578
109 148 -0.098691030511627323
109 149 -0.16678738135815263
110 111 0.072658357048352301
110 112 0.10799290659315436
110 113 0.1122006303004781
110 114 0.030079489146935007
110 115 0.050873855987928943
110 116 -0.00044897964696572433
110 117 -0.00088758502442347028
110 118 -0.012635828000328551
110 119 -0.042647730603382152
110 120 0.005930712925835622
110 121 0.044494571790540095
110 122 -0.04690085534829249
110 123 0.026024207509234357
110 124 0.014020529779713273
110 125 -0.10306195792133323
110 126 -0.035709772831228732
110 127 0.067908126883019934
110 128 0.010580004404482974
110 129 0.055461579226498969
110 130 0.084449340929168545
110 131 0.048476793820549327
110 132 -0.075678978551077525
110 133 0.095056390845766253
110 134 -0.13693608673584004
110 135 0.024614963516763982
110 136 0.14788641041318773
110 137 0.036271943198484188
110 138 0.15817071220915888
110 139 -0.013522906333315913
110 140 0.081585565555445952
110 141 -0.06110340574245178
110 142 0.065989231225272338
110 143 0.10127728646672728
110 144 6.5928163753629495e-05
110 145 -0.086351370299223185
110 146 0.049212588313047798
110 147 0.0017683910382311587
110 148 -0.021865336641485478
110 149 0.12267698612329962
111 112 -0.0082257175120763332
111 113 -0.025336790613005204
111 114 -0.21343634720727284
111 115 0.10547870106975241
111 116 0.025805875316996039
111 117 0.091554085447042369
111 118 0.15785044445469953
111 119 0.038953744557491225
111 120 -0.020180367368336935
111 121 0.0018002297095150303
111 122 -0.094934013383542487
111 123 -0.088370331088436976
111 124 -0.0062198284201621318
111 125 0.08272754683616268
111 126 -0.031822783144056538
111 127 -0.13372352298819185
111 128 0.033031820733794258
111 129 -0.034644040352318613
111 130 -0.095989653901192101
111 131 -0.11860524451662754
111 132 0.065218933836929935
111 133 0.055917262072335688
111 134 0.016177615077240783
111 135 -0.19358160330513063
111 136 0.034061207709531416
111 137 -0.034055504296047055
111 138 0.056610008518814176
111 139 0.094392726149946871
111 140 -0.015552719437146239
111 141 -0.019576201338695847
111 142 -0.057103322446691029
111 143 -0.0018541205373105002
111 144 0.055613429032246579
111 145 0.029665936894179824
111 146 -0.080644414153835539
111 147 0.057336563354895814
111 148 0.00017339266343873382
111 149 -0.015795931130643478
112 113 0.24173999080770653
112 114 0.077872553909008602
112 115 0.080477437473911631
112 116 -0.15819632022622349
112 117 -0.045602908509244575
112 118 0.14692446063217018
112 119 0.10628262758769411
112 120 0.064266628858723016
112 121 -0.097349761775833793
112 122 -0.09796659808012971
112 123 -0.072361374669594136
112 124 -0.16244782780576844
112 125 -0.04070816176313248
112 126 -0.017970949884499446
112 127 0.010888971147045141
112 128 0.064335020544013563
112 129 -0.063425538711138124
112 130 0.12790151882836232
112 131 -0.020001699773740975
112 132 -0.076735609341910288
112 133 -0.051444433916470224
112 134 -0.065115971325341748
112 135 0.0051035561066025258
112 136 0.018997763650866778
112 137 -0.062635543655424605
112 138 -0.096010829355318655
112 139 0.0549871512802503
112 140 -0.052073599517299611
112 141 -0.15898556387334054
112 142 -0.020721217786777942
112 143 0.0085016232215191501
112 144 -0.037709945900230711
112 145 0.046151734288524031
112 146 -0.0098437815307512271
112 147 -0.078492442053318151
112 148 -0.07251826196167814
112 149 0.055829165489423307
113 114 0.042249497283827799
113 115 -0.053000459501268464
113 116 0.030693913653734958
113 117 -0.033832057744901882
113 118 0.026802415976713984
113 119 0.092894788568346806
113 120 -0.08439441201822652
113 121 -0.092139370085005959
113 122 0.029079426038858883
113 123 -0.014623710074848993
113 124 0.0055487956313472458
113 125 -0.055897813489673598
113 126 0.16621201465281513
113 127 0.039157245014997358
113 128 -0.037035852131167453
113 129 0.082005374671055883
113 130 0.1156801258846933
113 131 0.18426742191926013
113 132 -0.1470173436799615
113 133 0.040314317948627561
113 134 0.0037958868138986525
113 135 -0.037354057829836605
113 136 0.11387515669344365
113 137 0.18516990701730879
113 138 -0.028635199781372356
113 139 -0.0080177254820490134
113 140 -0.072586226056243458
113 141 0.15299264008999694
113 142 -0.086391277159774973
113 143 0.047706178426157334
113 144 -0.009658875188348414
113 145 0.026727492793979679
113 146 -0.06398955106355339
113 147 -0.0075106967926355829
113 148 0.0091538438261303933
113 149 0.12138679298183129
114 115 0.013012544653423217
114 116 -0.056947750187269823
114 117 -0.069493213294456319
114 118 -0.01861887342882329
114 119 -0.084656174791881478
114 120 -0.13522502433626754
114 121 -0.02009929924229014
114 122 0.010774338135310155
114 123 0.13869207478644835
114 124 0.046217498162963763
114 125 -0.059871290130950244
114 126 0.033115631228797647
114 127 0.011225167358189377
114 128 0.066712904783191779
114 129 0.14457870849255225
114 130 0.033536828416570026
114 131 0.080568000954027594
114 132 0.011647836244354552
114 133 -0.099048732349939828
114 134 -0.039225024955825166
114 135 0.054034446627551372
114 136 0.015380316905062117
114 137 -0.0077737551445338816
114 138 0.038090706948396579
114 139 0.11479306610656469
114 140 -0.2170842775176289
114 141 0.051469851734450019
114 142 0.030619355897304853
114 143 -0.034053309596538253
114 144 0.06689321089159464
114 145 -0.019378378404543973
114 146 0.057017223395998719
114 147 -0.10597721763405309
114 148 0.051807185726967291
114 149 -0.20886976150693473
115 116 0.10923233539833896
115 117 -0.066180372294508488
115 118 0.049097601065585868
115 119 0.017460208311086113
115 120 0.091423201185080474
115 121 -0.043687513555207301
115 122 0.034906781412980821
115 123 -0.073040588381908356
115 124 -0.10903977914639063
115 125 0.050351200468960654
115 126 0.10599631660967306
115 127 0.028530731358747025
115 128 0.06507100720135596
115 129 0.020066873024495838
115 130 -0.072767780842729224
115 131 -0.12178577881170642
115 132 -0.091432132612712672
115 133 0.19831162345243022
115 134 0.061104661646211179
115 135 -0.094952295815209017
115 136 -0.071385320604446592
115 137 0.14718722990356484
115 138 -0.080335533956700345
115 139 -0.028419573653473564
115 140 0.058393478522331448
115 141 -0.0068128887787184131
115 142 0.010286339066615711
115 143 0.17626883224136319
115 144 0.065182969010968816
115 145 0.032437151261152986
115 146 -0.057624879494820133
115 147 -0.022839439412669669
115 148 -0.12647702410175957
115 149 -0.12057093015883727
116 117 0.024069982556093033
116 118 -0.031519421111165333
116 119 -0.10772582911171229
116 120 -0.042742317505143824
116 121 0.017015232908551798
116 122 0.11359456153273183
116 123 0.045218111392026451
116 124 -0.10775880056943964
116 125 0.044954806405066272
116 126 -0.063069218491377865
116 127 0.056177076215546712
116 128 -0.051228745959534742
116 129 -0.026174436494539779
116 130 -0.049460006465151425
116 131 0.022287053739569841
116 132 0.021272023338852874
116 133 0.010571511321263672
116 134 0.073041777784407319
116 135 0.021469077957232515
116 136 0.039626700287769635
116 137 0.014713520627316628
116 138 -0.013440054077322714
116 139 -0.074435079426290324
116 140 -0.069216631905911527
116 141 0.019561544503617898
116 142 0.079768032329829014
116 143 -0.085250522462331266
116 144 0.032688893217642165
116 145 -0.079814180616282218
116 146 -0.062207962479309632
116 147 -0.0062498484503965062
116 148 -0.011494662529757865
116 149 0.025996261903296167
117 118 -0.040569563176688979
117 119 -0.096334363179244126
117 120 -0.0051356324470233005
117 121 -0.048483291143933759
117 122 -0.025395717958495097
117 123 0.07504507633666338
117 124 -0.11962237893873454
117 125 -0.012501579569546234
117 126 0.083419051165518704
117 127 -0.14290132289681831
117 128 -0.045777269230033953
117 129 0.039314807824891357
117 130 -0.016597131967251866
117 131 0.13101472972376646
117 132 -0.028043759679975331
117 133 -0.070726233182216547
117 134 -0.037385387539226565
117 135 -0.021436581463853847
117 136 -0.13949174562270356
117 137 -0.035197895841990269
117 138 0.094184178345543226
117 139 -0.10243020713322755
117 140 -0.029245329013101992
117 141 -0.0060649608694231388
117 142 -0.088413981909179526
117 143 0.10951171510513032
117 144 -0.065005671170928925
117 145 0.15734203990878259
117 146 -0.12328168620924093
117 147 -0.085034666731693465
117 148 0.047338615342660144
117 149 -0.035340096969142219
118 119 0.089435792071255987
118 120 -0.073706208094844142
118 121 -0.19679585058313678
118 122 0.045775806155467037
118 123 0.05134405383884038
118 124 0.093078845568136531
118 125 0.09788279908574464
118 126 -0.098232738631292546
118 127 -0.053446264943964296
118 128 -0.11837772291483757
118 129 0.10298093427513479
118 130 -0.092226337438046063
118 131 -0.014558038965246448
118 132 -0.0067536999257132033
118 133 0.10701343079416167
118 134 0.024954651317713576
118 135 0.047901789952723796
118 136 0.042302385406115459
118 137 0.070130234405393621
118 138 -0.12938666288540301
118 139 -0.09208647273059703
118 140 -0.066793471897190551
118 141 0.064900073386790755
118 142 0.080284390643456591
118 143 0.016182354495662271
118 144 -0.091229622563835294
118 145 0.017704826595168661
118 146 0.014037442387962671
118 147 0.060902543677989293
118 148 -0.060697040601774443
118 149 -0.0064375816219602944
119 120 -0.057223540699341352
119 121 0.0027629364183045248
119 122 0.017217805583714645
119 123 -0.057358822810479639
119 124 -0.011236443995108109
119 125 -0.035543110287220341
119 126 0.062542812236664858
119 127 -0.083971435355071566
119 128 0.029179598053426233
119 129 0.0033546833466045426
119 130 -0.041033146137518038
119 131 -0.027877867270542048
119 132 0.14689613781893798
119 133 0.11886081198946975
119 134 -0.091886823838854867
119 135 0.028449719654299967
119 136 0.083278893615656671
119 137 -0.01334077384903634
119 138 0.16483571195085087
119 139 -0.0011482436774517936
119 140 -0.0077498331853285678
119 141 -0.16579276713753571
119 142 0.026132479706834369
119 143 -0.078947071301070704
119 144 -0.088884791339438107
119 145 0.021141124992755129
119 146 0.055165809210457606
119 147 0.060458030755541015
119 148 -0.046411681213826349
119 149 -0.0014560401525757103
120 121 -0.077363820080444248
120 122 -0.0354059659689566
120 123 0.12844999355478787
120 124 0.10809292906431402
120 125 0.1059463460367588
120 126 -0.01258126281489011
120 127 0.045767653743003005
120 128 0.038203916995601848
120 129 0.010583599732628044
120 130 -0.050001618178761996
120 131 -0.019953101664438151
120 132 -0.018972869568371749
120 133 -0.034879917022274692
120 134 -0.058205080748563807
120 135 -0.019572563983432819
120 136 -0.069926609295635642
120 137 0.018335756172317304
120 138 -0.013295990048824769
120 139 -0.14525380026647589
120 140 0.089564161795936209
120 141 -0.050924578951709376
120 142 -0.060556628098880662
120 143 0.045703703508291699
120 144 -0.0093807011623385003
120 145 0.20974735609565837
120 146 0.0041526064061368807
120 147 0.036685169571267391
120 148 -0.092096969098004203
120 149 0.077084908263948607
121 122 -0.041179147540297868
121 123 0.015034738453657969
121 124 -0.126340071846503
121 125 0.010105838976249381
121 126 -0.025875278969773562
121 127 0.00086447250071752314
121 128 -0.071014807396983209
121 129 0.016714653512528068
121 130 -0.042304344883297047
121 131 0.16643148584722681
121 132 0.14576384042996235
121 133 -0.017745421981108012
121 134 0.046307808881954148
121 135 -0.077271796663346867
121 136 -0.026395030290705945
121 137 -0.051898990201802803
121 138 -0.0030190845816265217
121 139 0.097275615686101782
121 140 0.041597448250484594
121 141 0.0067274763521596804
121 142 0.1234568664895271
121 143 -0.11059243220731219
121 144 -0.068170298802605944
121 145 0.083494078783168446
121 146 0.081812488028781355
121 147 -0.044517751053047824
121 148 -0.019467237915854009
121 149 -0.004417533787063512
122 123 -0.016638922314191409
122 124 -0.021078596501699121
122 125 -0.016979739969371983
122 126 0.11391379709201215
122 127 -0.0039216986995775482
122 128 -0.06493319606565251
122 129 -0.090232403491555424
122 130 0.033665818894381985
122 131 -0.021129073142204826
122 132 0.039346198195488805
122 133 -0.13635108948451327
122 134 -0.12561438917842926
122 135 -0.001613965424973526
122 136 -0.01412732629806609
122 137 0.095649345438673247
122 138 -0.12507266662875768
122 139 -0.066413444750231254
122 140 0.037430990713798705
122 141 0.070488724369560343
122 142 0.073910249618471882
122 143 0.082740123762808815
122 144 -0.10515618740478393
122 145 -0.098461473556277046
122 146 -0.11183798175327592
122 147 -0.065039643864395563
122 148 0.08461035405174025
122 149 -0.041449867298574798
123 124 -0.038848043514131708
123 125 0.0011193466443662117
123 126 0.12086561159944537
123 127 -0.11072155457792911
123 128 0.042769221084815831
123 129 0.048938331665581765
123 130 0.063999184318373481
123 131 -2.6693858481790759e-05
123 132 0.13395463504488234
123 133 -0.1620174939652104
123 134 -0.082920141688187621
123 135 0.019034706939840954
123 136 0.087955622866125849
123 137 -0.02901478842155342
123 138 -0.10645574994309215
123 139 -0.040924262726947824
123 140 0.045673712049087968
123 141 -0.018914305156031014
123 142 -0.1409638020186566
123 143 -0.042583355035174658
123 144 0.064278089401269681
123 145 0.13898587312370392
123 146 -0.011084720443250339
123 147 0.047717701008298648
123 148 0.05119196882267199
123 149 0.072652362839392914
124 125 0.10566632276674469
124 126 -0.13039436122609752
124 127 -0.02800306788886411
124 128 -0.044477918460624703
124 129 0.087703535895285678
124 130 -0.02834972785784665
124 131 0.033653035397581632
124 132 0.11845440487955812
124 133 0.011928685865441492
124 134 -0.0013521443322574466
124 135 0.052644797935143074
124 136 0.002352088254407672
124 137 0.12366416808824073
124 138 -0.0045413382364027314
124 139 0.12313556295808777
124 140 0.064478242009649758
124 141 0.087830092077932784
124 142 0.071842626602472356
124 143 0.15481436331737894
124 144 0.012919961725006686
124 145 0.10459842672140267
124 146 0.15402630576800963
124 147 -0.069561794945515606
124 148 0.055628073018036003
124 149 -0.054844602862944319
125 126 -0.0018818756050627695
125 127 -0.031798183482248533
125 128 -0.021885497784921992
125 129 0.098359505405943293
125 130 0.040272221601715744
125 131 0.10745051896554926
125 132 0.081163736144401186
125 133 0.029777995887833763
125 134 -0.028132702732018747
125 135 -0.049689076374645806
125 136 0.014648162325503705
125 137 0.064877236151427986
125 138 0.094939783867527924
125 139 -0.1081712183667292
125 140 0.066620575723020867
125 141 0.053187899835132432
125 142 0.059048772712594989
125 143 -0.084880302453841136
125 144 -0.070128856729506153
125 145 -0.013719433332227903
125 146 0.0039187649193218798
125 147 -0.042657057095981825
125 148 -0.053224983980841668
125 149 -0.088890945510511743
126 127 0.089103202522245753
126 128 0.14548504286622593
126 129 0.020879431500595309
126 130 0.066522809766655033
126 131 0.034939736672795964
126 132 -0.1082633977930471
126 133 0.0061952533703084666
126 134 0.053699710451345722
126 135 -0.037907208731547376
126 136 0.096376071897301574
126 137 0.035096322847180554
126 138 0.14740378427013406
126 139 -0.048377748225015102
126 140 -0.0087934739432665061
126 141 -3.9256780927826858e-05
126 142 -0.05582326417539267
126 143 0.0377526523925222
126 144 0.028114145290539259
126 145 0.052092024772597841
126 146 0.16863524919677308
126 147 -0.036233385972800479
126 148 0.090012439277322623
126 149 0.055240031971794688
127 128 0.015038390898264302
127 129 -0.2079774699197893
127 130 -0.12183437808838014
127 131 -0.026654684221631586
127 132 0.056141515294361649
127 133 0.023053785003178295
127 134 0.13292246104484168
127 135 -0.0091248165574127366
127 136 0.11162029581140835
127 137 0.028869079705746294
127 138 -0.00059386477840855662
127 139 -0.055590474260241662
127 140 0.072305782243849162
127 141 -0.039441998011591012
127 142 0.011988939541051865
127 143 -0.040898473042182373
127 144 -0.0093795698804204908
127 145 -0.14407598581414527
127 146 -0.048330585970366921
127 147 -0.13555560179998194
127 148 -0.010155400877436599
127 149 -0.044473080806787593
128 129 0.029484862347263597
128 130 -0.062133065137102206
128 131 -0.01968215709908944
128 132 -0.13123777521937008
128 133 0.047883607743718484
128 134 0.10372829878090974
128 135 0.010586051944894686
128 136 -0.01820160330633374
128 137 -0.056711769001897762
128 138 -0.065393435041343539
128 139 -0.077051263748992876
128 140 0.062553580925557489
128 141 -0.030164817626102625
128 142 0.036974282154150571
128 143 0.0083364301855293511
128 144 0.088181832455040729
128 145 -0.0040609278413531926
128 146 -0.10883784714889101
128 147 0.10334176054261644
128 148 -0.081444526146897053
128 149 -0.11765177775071284
129 130 -0.068221699346936601
129 131 -0.05252499280226583
129 132 -0.02258848558141438
129 133 -0.045608561093685183
129 134 -0.012548601121456966
129 135 0.018082442442229167
129 136 0.077353098733567133
129 137 0.14092145041981111
129 138 0.050589636900972339
129 139 -0.12297701856928893
129 140 -0.033739003737534232
129 141 0.116230033874004
129 142 -0.079616430867556376
129 143 -0.074702319808360146
129 144 0.054438361286574082
129 145 -0.12490475011735215
129 146 0.00011216758666987731
129 147 -0.026316552358254745
129 148 0.079970976480657444
129 149 0.044647761985751627
130 131 0.02007147671818859
130 132 0.074055051933902674
130 133 -0.042208420564890457
130 134 -0.013837299682328445
130 135 -0.055642780665150084
130 136 -0.011538849692493082
130 137 0.086782250587589371
130 138 -0.14384637101363651
130 139 -0.08420368142835373
130 140 0.24272220832379748
130 141 0.083326510555355185
130 142 0.056257789712178569
130 143 -0.045852124254904772
130 144 0.069849637710193965
130 145 0.021064852805900505
130 146 -0.11246107323180848
130 147 -0.016868757511508965
130 148 -0.12975443957007113
130 149 0.099120058449542053
131 132 -0.067469746688837845
131 133 -0.032930531651639387
131 134 -0.042774037571666007
131 135 -0.0049871066825637128
131 136 0.05915082835001001
131 137 -0.0072016321391682294
131 138 0.081374038962967674
131 139 0.031675990137596588
131 140 0.13077086744381949
131 141 0.049718829015299379
131 142 -0.011460832469194581
131 143 0.15917642674779087
131 144 0.17597864709448297
131 145 -0.016445546602237831
131 146 0.051082876583009612
131 147 -0.018903659620947245
131 148 0.00015955809447727376
131 149 0.034383628100026903
132 133 0.00014249134580774094
132 134 -0.1130726141266704
132 135 0.014784366997687854
132 136 -0.031300600467060978
132 137 0.00081039025714079523
132 138 -0.024820567078091518
132 139 -0.0024831101416231635
132 140 0.042820274456438802
132 141 0.006106589599464563
132 142 0.034079954999908943
132 143 0.025523118951629804
132 144 -0.15789024932058773
132 145 0.13470699519864449
132 146 0.012668279977696852
132 147 0.088673221156407189
132 148 0.040465580260371267
132 149 -0.065187568916503638
133 134 -0.041000955706569614
133 135 0.0084005101431906398
133 136 -0.039015457305206926
133 137 -0.11383073632865127
133 138 -0.009315022112437444
133 139 0.21573195540075382
133 140 -0.0077550463226361858
133 141 0.0062639021317559603
133 142 0.040568259110417108
133 143 -0.098073834189069203
133 144 -0.076437000120893328
133 145 -0.047905832291699278
133 146 0.083255332831044276
133 147 -0.039460068064016904
133 148 0.061740060463431064
133 149 -0.041918402499634674
134 135 -0.028855282212719411
134 136 -0.02134077606140139
134 137 -0.033154414840398688
134 138 0.1537397877172931
134 139 -0.074464045691837344
134 140 0.10218102127432403
134 141 -0.12572893538767271
134 142 0.011328903179532715
134 143 -0.0057733199913911921
134 144 0.031645708887146504
134 145 -0.12942862820753195
134 146 0.08825823808948266
134 147 -0.050237693384471746
134 148 -0.024916297406787469
134 149 -0.031764056053646093
135 136 0.032479510381443678
135 137 -0.038993267706708926
135 138 -0.060274958320983056
135 139 -0.026640184881485899
135 140 0.1612048404906164
135 141 -0.056808773845589612
135 142 -0.022272892415665751
135 143 -0.11650589216336175
135 144 -0.020721672663945881
135 145 0.17273675493485313
135 146 -0.017403904135257383
135 147 0.051737684709772372
135 148 0.12612017247726309
135 149 -0.010917658488191321
136 137 -0.041968613469827866
136 138 0.00052610639933070829
136 139 -0.07435010342064631
136 140 0.11987828206560427
136 141 0.05916909667825266
136 142 -0.092204735973168722
136 143 0.091770885617471723
136 144 -0.16916476988245166
136 145 -0.02937689224949919
136 146 -0.010256880290645391
136 147 0.026349515115099368
136 148 0.078508518241918276
136 149 0.089719112559572517
137 138 -0.068487334027850177
137 139 -0.016596425306637321
137 140 0.00083926869854664631
137 141 0.04759572729898362
137 142 0.024549860505282586
137 143 -0.13092243168933015
137 144 0.11460990633334604
137 145 0.093273612372691453
137 146 0.03066009675897655
137 147 -0.077688359332474824
137 148 -0.056526068998481102
137 149 0.14833930031268386
138 139 -0.099086711031011354
138 140 -0.019830886704802868
138 141 -0.078946084762832977
138 142 0.019416617714463451
138 143 -0.097419366408643945
138 144 0.054480951625807746
138 145 -0.062127196933872607
138 146 -0.035257994117195955
138 147 0.010527445772583952
138 148 -0.025478549252701616
138 149 -0.27183813653118943
139 140 -0.0012459190313253024
139 141 -0.0046583610844251958
139 142 -0.0032337668165176837
139 143 -0.10178910998040182
139 144 0.02764245943105452
139 145 0.067230518095546379
139 146 -0.0041843572894768614
139 147 0.075161581987900059
139 148 -0.12174811290229724
139 149 0.027998684256866996
140 141 0.022834850320214348
140 142 -0.0044644654178916674
140 143 0.14104644417334486
140 144 -0.060502069779361553
140 145 -0.025025192525860655
140 146 -0.093614020345671872
140 147 -0.091215707259032483
140 148 -0.0018130217062474095
140 149 0.029235314432508642
141 142 0.078726086380577168
141 143 0.11723840179277167
141 144 -0.034919758277194651
141 145 0.14664089276098399
141 146 0.074080901550209244
141 147 -0.050913903342072291
141 148 0.18806089630497888
141 149 -0.12179172364906894
142 143 0.019472424002339398
142 144 -0.10374706871623474
142 145 0.027200002975412019
142 146 -0.31262352349022843
142 147 0.056881428920714301
142 148 -0.064066915461642004
142 149 -0.1644090436782267
143 144 0.028851609209082994
143 145 -0.011179409584273945
143 146 -0.071088276378209109
143 147 0.11822645583678711
143 148 0.040759380471549006
143 149 0.018899159752538575
144 145 -0.066110794033189257
144 146 0.093898516577257077
144 147 0.0022917246583036509
144 148 -0.046521129240444124
144 149 -0.011348747187940978
145 146 -0.075518586130484927
145 147 -0.027277491448604186
145 148 0.14172919607391846
145 149 0.038163267007380229
146 147 0.024064083310829546
146 148 -0.0089025811408704747
146 149 -0.076694475320852509
147 148 0.046702369931048079
147 149 -0.097273823536175724
148 149 0.018293302583438264
