# model=sk N=150 meanJ=0 seed=196765408 distribution=gaussian field=0 num_fields=150 num_couplings=11175
0 0
1 0
2 0
3 0
4 0
5 0
6 0
7 0
8 0
9 0
10 0
11 0
12 0
13 0
14 0
15 0
16 0
17 0
18 0
19 0
20 0
21 0
22 0
23 0
24 0
25 0
26 0
27 0
28 0
29 0
30 0
31 0
32 0
33 0
34 0
35 0
36 0
37 0
38 0
39 0
40 0
41 0
42 0
43 0
44 0
45 0
46 0
47 0
48 0
49 0
50 0
51 0
52 0
53 0
54 0
55 0
56 0
57 0
58 0
59 0
60 0
61 0
62 0
63 0
64 0
65 0
66 0
67 0
68 0
69 0
70 0
71 0
72 0
73 0
74 0
75 0
76 0
77 0
78 0
79 0
80 0
81 0
82 0
83 0
84 0
85 0
86 0
87 0
88 0
89 0
90 0
91 0
92 0
93 0
94 0
95 0
96 0
97 0
98 0
99 0
100 0
101 0
102 0
103 0
104 0
105 0
106 0
107 0
108 0
109 0
110 0
111 0
112 0
113 0
114 0
115 0
116 0
117 0
118 0
119 0
120 0
121 0
122 0
123 0
124 0
125 0
126 0
127 0
128 0
129 0
130 0
131 0
132 0
133 0
134 0
135 0
136 0
137 0
138 0
139 0
140 0
141 0
142 0
143 0
144 0
145 0
146 0
147 0
148 0
149 0
0 1 0.026647595510609776
0 2 0.049843547642837577
0 3 -0.18500710335127762
0 4 0.11791533211954092
0 5 0.22602102175861954
0 6 -0.003652956508444381
0 7 0.089303263513317091
0 8 -0.23883337790204409
0 9 -0.085819921809607569
0 10 0.0053791580467082815
0 11 -0.0086794941447377819
0 12 0.0050122686136037852
0 13 -0.052359425886852669
0 14 -0.011045797481633117
0 15 0.014519024167632446
0 16 -0.033736086151660072
0 17 -0.14114256204452888
0 18 -0.11611611101590714
0 19 0.0022589826801662997
0 20 0.057618302735642279
0 21 -0.071656974511525751
0 22 -0.14072115450454373
0 23 -0.1203585546796299
0 24 -0.077716358814240966
0 25 -0.10726083227902396
0 26 0.077024477026458982
0 27 -0.0056902382143624707
0 28 -0.026991194830681669
0 29 -0.029696953622732107
0 30 -0.14971348775090074
0 31 -0.018018604359106665
0 32 -0.047601503435929268
0 33 -0.070720329765590659
0 34 0.052237826216510908
0 35 0.0041990357861764601
0 36 -0.039924321807035937
0 37 -0.019363183380051899
0 38 0.09310835846015289
0 39 0.12071669110553994
0 40 -0.06202739363912961
0 41 -0.07919316734112361
0 42 -0.10040806389549362
0 43 -0.068963341103616613
0 44 0.070201668540073356
0 45 -0.042261924499560267
0 46 -0.0098109643730749218
0 47 -0.14615675677106782
0 48 -0.036731445421752974
0 49 -0.034707648665955458
0 50 -0.11830077847484283
0 51 0.059873052541193725
0 52 0.037288531139594114
0 53 0.013325976393174033
0 54 -0.039588192018761743
0 55 0.042551655198147444
0 56 -0.041049335942392677
0 57 0.10656277921254302
0 58 0.028810044159464528
0 59 0.0028718590006620508
0 60 -0.050843429330356113
0 61 0.080029112608396943
0 62 -0.0017078956450892291
0 63 -0.12275823986462953
0 64 0.1345832688974859
0 65 0.034972037139348412
0 66 -0.044580840110390894
0 67 -0.075994883044572789
0 68 0.010371840605326579
0 69 -0.021076829012409794
0 70 0.067977874884772568
0 71 0.070321440149554923
0 72 0.095484037770972002
0 73 -0.067271226540935855
0 74 -0.046063109720479785
0 75 -0.13620329657967437
0 76 -0.051201005191133159
0 77 0.17735348589026007
0 78 0.010792711889452524
0 79 0.0077813544340539784
0 80 -0.014100311150273624
0 81 0.009452237470133372
0 82 0.0026992820337668776
0 83 -0.024540441739811243
0 84 -0.004736814789999105
0 85 0.025231302283214262
0 86 -0.15882003961872679
0 87 -0.042071971790613831
0 88 -0.050654128864227856
0 89 0.026124002357252679
0 90 0.002139005604778998
0 91 -0.21740255662879462
0 92 0.084337565692323285
0 93 -0.0074850056208110747
0 94 -0.018623554226887329
0 95 0.09862863419007746
0 96 0.012399613093056813
0 97 0.040434794679197771
0 98 0.02682172372919818
0 99 0.064076344357948248
0 100 -0.085503952892318241
0 101 0.06832156431778233
0 102 -0.11888281111527985
0 103 -0.040541449778095012
0 104 0.019699062118942505
0 105 -0.023299027915635966
0 106 -0.13815384277031706
0 107 -0.10527473645389125
0 108 -0.067639313196946382
0 109 -0.025089795402315897
0 110 -0.059087736147537769
0 111 -0.033629226045337059
0 112 -0.13745203705013495
0 113 0.041715702514331321
0 114 -0.090254759902606396
0 115 -0.046016938808849411
0 116 0.025528964878254574
0 117 -0.16149780889872206
0 118 -0.063275272093926235
0 119 0.041856733946533456
0 120 0.088062572237590273
0 121 -0.10272522309129704
0 122 0.11716010665151642
0 123 -0.12027986040377844
0 124 0.072242985643714619
0 125 -0.070865035836758003
0 126 0.057960232509221533
0 127 -0.12284375351077481
0 128 -0.011060525836652008
0 129 -0.047958370600228444
0 130 -0.066651922858966733
0 131 -0.014196318170170419
0 132 -0.13406089308251132
0 133 0.019710586905428013
0 134 0.043380108839016857
0 135 0.10699536017884413
0 136 0.081154259783100077
0 137 0.014876605987318844
0 138 0.060064100431253112
0 139 -0.050075441934912784
0 140 -0.092406890413387094
0 141 -0.079231675466114801
0 142 0.10308002874987698
0 143 -0.0058167620739529927
0 144 0.078948555302708057
0 145 -0.034067956519396897
0 146 0.14259953002640455
0 147 0.081927865653320456
0 148 0.0069774859778845271
0 149 -0.011019606346409349
1 2 -0.01826230103069202
1 3 0.019875039331596123
1 4 0.060486660254320611
1 5 0.088728633782885952
1 6 -0.059051097629652348
1 7 0.15079172723391163
1 8 0.0028403217063948981
1 9 -0.082295522003758309
1 10 -0.10926200225482839
1 11 0.1358621673026196
1 12 -0.22370942150289372
1 13 0.12564301717444065
1 14 -0.063733996280281507
1 15 0.10665930983057319
1 16 -0.069099279083789322
1 17 -0.051104337695538946
1 18 -0.069351489553077655
1 19 0.053607460008489503
1 20 0.037473300611160915
1 21 -0.030428758466485378
1 22 0.027694954318074599
1 23 0.010218538174376519
1 24 -0.058355797082252608
1 25 0.12479671766922161
1 26 0.057984487411181049
1 27 -0.10832048340419376
1 28 0.022172517585479355
1 29 -0.16464700068698873
1 30 -0.0081706029084298044
1 31 -0.070498936638336326
1 32 -0.022751752116459561
1 33 -0.12696373752282392
1 34 0.070364963381143911
1 35 0.052486780791620641
1 36 -0.0045258980418113378
1 37 -0.0821473732718533
1 38 0.13023241338025593
1 39 0.041249325378321322
1 40 0.015446101336270753
1 41 -0.015076532751164681
1 42 -0.030492950923842386
1 43 -0.18473481486770837
1 44 -0.033168328105622327
1 45 -0.12479363321318551
1 46 0.27213710477824887
1 47 0.095626921507927412
1 48 0.093422153057121149
1 49 0.11194902975130001
1 50 0.0045519409423600016
1 51 0.089519604539216743
1 52 0.011587763433026116
1 53 -0.041234136925846508
1 54 0.089299596420781183
1 55 -0.041951712781294032
1 56 -0.028930069324689819
1 57 0.068373975795443798
1 58 0.19136954675978185
1 59 -0.030216002474740565
1 60 -0.040101192623679824
1 61 -0.085083755313070136
1 62 -0.088942704955856045
1 63 -0.042950945356800947
1 64 0.058153647083580819
1 65 -0.0004721796808436752
1 66 -0.011410489469808072
1 67 -0.14221576603286828
1 68 -0.036853691861909399
1 69 0.043528216843352757
1 70 -0.036413503586081655
1 71 0.025528943051746432
1 72 0.049037170061925574
1 73 0.02103614870394881
1 74 -0.022495654870265346
1 75 0.027352998411651983
1 76 0.062479160679927905
1 77 0.035427351378724346
1 78 -0.10268097234883693
1 79 0.094381309808839034
1 80 0.13916748746490284
1 81 0.019285069142046331
1 82 0.11848381523830816
1 83 -0.093190603212146866
1 84 0.032487369198407196
1 85 -0.013959136654521554
1 86 0.0049581189636097138
1 87 -0.14813485206039281
1 88 0.041420724121516553
1 89 -0.050755575704867911
1 90 -0.032253325202851138
1 91 0.083934513539509398
1 92 -0.030754681379515317
1 93 0.024587013502111572
1 94 -0.036035837264554726
1 95 -0.11451541658288417
1 96 0.086130576634346978
1 97 -0.10528833312343099
1 98 -0.16943015378580231
1 99 -0.11947494996032144
1 100 -0.05293393069249102
1 101 -0.033367189073746362
1 102 0.037793399528573447
1 103 0.11500523198115177
1 104 -0.002264451699338396
1 105 0.061545242590639246
1 106 0.0289580823674182
1 107 0.010519178240878613
1 108 -0.075249254322055301
1 109 0.012229493695456286
1 110 -0.048688903577655505
1 111 -0.018609670776991414
1 112 0.060532759619006823
1 113 0.018873052718946806
1 114 -0.21780077037751011
1 115 0.0285956138836535
1 116 -0.096680129958642488
1 117 -0.025825317896572612
1 118 0.028146877824271884
1 119 -0.090994013088604928
1 120 0.017266370986831224
1 121 0.088809982204137661
1 122 -0.069361810552001191
1 123 0.10309148131821984
1 124 -0.073236301635813905
1 125 0.017445372144197609
1 126 -0.067340164770361588
1 127 0.11548436260778998
1 128 0.0024204655503967123
1 129 -0.065225859171754538
1 130 0.080473148059344718
1 131 0.016042281539235283
1 132 -0.056844031274677513
1 133 -0.0060380459927988255
1 134 -0.0012200316131653003
1 135 -0.031252353666414025
1 136 0.037179360121441858
1 137 0.12105045730907348
1 138 -0.049506101164528464
1 139 -0.10117943630108475
1 140 -0.0078474098982966641
1 141 0.051804888133008091
1 142 -0.10696050988800586
1 143 -0.029088070335607116
1 144 0.20213269038710341
1 145 -0.0035073127537993366
1 146 0.028073610479438814
1 147 -0.030521242503095802
1 148 0.03632172003836321
1 149 -0.074370660460375076
2 3 -0.042998515776571877
2 4 -0.037384399768947515
2 5 0.066135921048842666
2 6 0.030865433592464665
2 7 0.015321110677172884
2 8 -0.13607836838507278
2 9 -0.020944088089693717
2 10 0.059777382763363279
2 11 0.13091327482980541
2 12 -0.021864551816408902
2 13 -0.12342635575278442
2 14 0.15801722967301063
2 15 -0.012631495170557529
2 16 -0.057118347149194913
2 17 -0.089763219381211179
2 18 -0.078030654259500232
2 19 0.084327687653249883
2 20 -0.097301329653870922
2 21 -0.08820675648955123
2 22 0.073308166947730596
2 23 0.056878799765472415
2 24 -0.059325239245011187
2 25 -0.090221279638109622
2 26 0.043249806853899238
2 27 -0.089769717767483673
2 28 -0.061409317354669209
2 29 0.092589505158589519
2 30 -0.023053457017415971
2 31 0.0016903278441931025
2 32 0.066474850301845287
2 33 0.055477719299496062
2 34 -0.14926028222127241
2 35 -0.0096428250971712925
2 36 0.0054639347389491087
2 37 -0.0013896845600003451
2 38 -0.050378038891432282
2 39 0.11903776572832168
2 40 0.15134975812368517
2 41 -0.0083043865618356912
2 42 0.12974432817863088
2 43 -0.12899721433065386
2 44 0.036618220212197967
2 45 -0.010696231662173662
2 46 0.038571920857932651
2 47 0.023362770717034183
2 48 -0.0082148754835739239
2 49 -0.0064119628150984993
2 50 0.1620678277413686
2 51 0.010098284828413422
2 52 -0.07227422875592604
2 53 -0.025540312619773006
2 54 -0.10545073964303019
2 55 0.056388050379325629
2 56 0.053215400648898604
2 57 0.059249264815711356
2 58 0.068821167767242328
2 59 -0.0059298886023785267
2 60 -0.025830377761915664
2 61 -0.00078434169221859411
2 62 -0.070097534323803015
2 63 0.056860632307488369
2 64 -0.21180420257000826
2 65 -0.010251201800657642
2 66 -0.021886487121855536
2 67 -0.1394380544686056
2 68 -0.025418144942012194
2 69 -0.0052236139482454459
2 70 -0.083516119631751207
2 71 0.012153260998106223
2 72 0.040756353478800612
2 73 -0.16005844967608021
2 74 -0.11244556052895313
2 75 -0.009350383412924124
2 76 -0.0030559093519457307
2 77 -0.072935987342358677
2 78 0.054234243929356059
2 79 0.02904001767975874
2 80 0.011125802969669668
2 81 0.096036930669099713
2 82 0.12294057710961247
2 83 -0.075725843825759406
2 84 -0.021615034232904621
2 85 0.11461428882416144
2 86 0.034534563104377296
2 87 0.076293587541954505
2 88 0.010766063993006185
2 89 0.039525518860478247
2 90 -0.025800880004624254
2 91 -0.015738863575520377
2 92 0.087263513305137819
2 93 0.073521684765735798
2 94 0.00094879808238004348
2 95 -0.099133155966790648
2 96 -0.03144014503141547
2 97 0.0065202916955194815
2 98 -0.064566827532891127
2 99 -0.1078415529456509
2 100 -0.020933607309635931
2 101 -0.010430753459114086
2 102 -0.02835377146721212
2 103 -0.15690462214731654
2 104 -0.078892872838187966
2 105 -0.071715468658626214
2 106 -0.042245932082048875
2 107 -0.0617817800278486
2 108 0.057380116740835464
2 109 0.11082979732757395
2 110 0.049169376436180974
2 111 0.089582680821599217
2 112 0.12144878547752158
2 113 -0.064029209356295552
2 114 0.060017865978710894
2 115 -0.09906983992130601
2 116 0.040977540559445184
2 117 0.098357980469559222
2 118 -0.0089654313467506103
2 119 -0.10322141064729305
2 120 -0.0062214577806478091
2 121 0.0043875426767654262
2 122 -0.14556547031837247
2 123 -0.06168126920004622
2 124 0.065419298454459193
2 125 -0.012366940034115479
2 126 0.018769282914261994
2 127 0.10815336191915094
2 128 -0.051311696791199839
2 129 -0.12449310302992522
2 130 -0.043353119084566523
2 131 0.049850958504798232
2 132 -0.14029509057689526
2 133 0.039749511104603827
2 134 -0.1013579909511792
2 135 0.22768570799774845
2 136 -0.051119925218335263
2 137 0.031362384043661574
2 138 -0.035912382121215058
2 139 2.9035278548367927e-05
2 140 0.034845968347428508
2 141 0.073593165576889788
2 142 0.043498345709719728
2 143 -0.12962918899100204
2 144 0.019678899105794852
2 145 0.13409225116690521
2 146 0.038260204842698375
2 147 -0.05484018687188906
2 148 -0.010637872362951573
2 149 0.14623806105787598
3 4 0.043609618094341711
3 5 0.10342158878517256
3 6 0.0074936457471235741
3 7 -0.070114667650870849
3 8 0.10232403442204571
3 9 0.091162344077618265
3 10 0.033380300539458306
3 11 -0.11249505919206526
3 12 0.022256953331377127
3 13 -0.079805039522987856
3 14 0.012193196680608004
3 15 0.0050043693257440054
3 16 -0.059954648900146595
3 17 -0.041835938259366844
3 18 0.027678900710849729
3 19 -0.097189230085003714
3 20 0.13214611573533833
3 21 -0.10576737328344517
3 22 -0.096323575686414614
3 23 -0.09899640082593808
3 24 -0.1412805592978203
3 25 0.15483400772926378
3 26 -0.16164842074319521
3 27 0.096413195490839376
3 28 -0.047492862129146496
3 29 -0.069590915259647931
3 30 -0.089559464773892608
3 31 0.015550510371797702
3 32 -0.0024628346924654618
3 33 -0.038557291732633253
3 34 0.027270742144861512
3 35 0.024622724489757324
3 36 0.031528728090826415
3 37 0.075882507250832093
3 38 -0.058705080032940685
3 39 -0.044585383805258623
3 40 0.057657882175725039
3 41 -0.085443884649890597
3 42 -0.098702858906306257
3 43 -0.076101647997067631
3 44 -0.1149654240581771
3 45 0.10111374556071706
3 46 0.089812057751970195
3 47 0.017367349550178674
3 48 0.065317409756656356
3 49 0.020913260154780972
3 50 -0.099397280930349358
3 51 0.054262269165302537
3 52 -0.069234631422122536
3 53 -0.060574022281106886
3 54 0.088350559067384704
3 55 0.11691881991226621
3 56 -0.12949473053293384
3 57 -0.046575039422065562
3 58 0.0165029239653669
3 59 0.030063349400855081
3 60 -0.093710848123488358
3 61 -0.088074422400546859
3 62 -0.15049861867108102
3 63 0.052074405969958333
3 64 0.040322106577615785
3 65 0.042682847954873926
3 66 0.068606294107212001
3 67 0.21223759261233832
3 68 0.082143283466851374
3 69 -0.081623140941513045
3 70 0.16414773780207459
3 71 0.066970554415970149
3 72 -0.045003840035263663
3 73 0.0037362545642611179
3 74 -0.069602631402425647
3 75 -0.055350912812359522
3 76 -0.027839721774794816
3 77 -0.10974260824685031
3 78 0.24108217482600791
3 79 -0.12313375170836825
3 80 -0.13715613344246902
3 81 0.039126522344361703
3 82 0.083800645967731027
3 83 0.050988244788950116
3 84 -0.011723645985694663
3 85 -0.024325628618168334
3 86 -0.094303521926484182
3 87 0.024300067420367395
3 88 0.10752393514462887
3 89 -0.044153298475911484
3 90 0.011826027890964208
3 91 -0.13930579711114438
3 92 -0.10035459295422815
3 93 0.0042693093058382087
3 94 -0.069568812718108039
3 95 -0.045369458770050095
3 96 -0.093001765469810246
3 97 0.044924517719441531
3 98 0.15144168641795971
3 99 -0.13277757631101622
3 100 0.063518945448712977
3 101 -0.075827226501120101
3 102 -0.091131923682521737
3 103 -0.013325886622466787
3 104 0.15099466368445788
3 105 -0.034470632321110591
3 106 0.017579857029460123
3 107 -0.0068039497687624592
3 108 0.11067846064697541
3 109 0.036648973252669768
3 110 -0.11456952160808762
3 111 0.0037429683847305575
3 112 0.090386948518660762
3 113 -0.069314415282103858
3 114 0.021738513208260517
3 115 0.047151513857358586
3 116 -0.013291037083551916
3 117 -0.0023315915725319906
3 118 -0.12226488330921116
3 119 -0.015591903010762846
3 120 -0.066142814090945676
3 121 0.012319964142237136
3 122 0.095474637984797758
3 123 0.11621144955659013
3 124 -0.055860215964565189
3 125 0.059819589877044978
3 126 0.014092855735474398
3 127 0.058813570427340867
3 128 0.064262590960493152
3 129 -0.042438158394414727
3 130 -0.13797192334851968
3 131 0.024738072117906094
3 132 0.050489066373206173
3 133 0.16748738816643038
3 134 -0.07465019460856738
3 135 0.037367004666073088
3 136 -0.011732524144471033
3 137 -0.17632025697704529
3 138 -0.039320175241228265
3 139 -0.10038465148324581
3 140 -0.12198035518336824
3 141 -0.071688877277865853
3 142 -0.022669246905652311
3 143 0.0046368230238170846
3 144 -8.6293619873869487e-05
3 145 -0.023128113898458019
3 146 -0.064815360909280459
3 147 0.071771266839041989
3 148 -0.044830382717074839
3 149 -0.024062382832513912
4 5 -0.0085683109595133602
4 6 0.13124431607725925
4 7 0.06062085760760684
4 8 -0.041827863910622758
4 9 0.12585988178654722
4 10 -0.025557695881493786
4 11 -0.057030184095156228
4 12 0.040542744260192588
4 13 -0.090728073234410428
4 14 0.031719188564960969
4 15 -0.043558125990794512
4 16 -0.10217026298213519
4 17 0.021126253569092424
4 18 -0.070018805152585351
4 19 -0.14462076310558664
4 20 0.0066715537384077223
4 21 0.088376424704629197
4 22 -0.0038169363950367966
4 23 0.047059194940398889
4 24 -0.057969998841614141
4 25 -0.10472191384265282
4 26 -0.053702360501150563
4 27 -0.059352604400374959
4 28 0.05561790969575061
4 29 0.090445960428666178
4 30 -0.041443422447751108
4 31 -0.014804552110500337
4 32 -0.00024422191343903592
4 33 -0.042221164620134574
4 34 0.074190306141787718
4 35 -0.090597935341208746
4 36 -0.063601128893727474
4 37 0.024281132171497844
4 38 0.10349498576016442
4 39 0.059920884369611384
4 40 0.0707803403822546
4 41 0.14123999675974921
4 42 -0.031363767326290592
4 43 0.036092032809069148
4 44 -0.12925839902240302
4 45 0.010101193251221632
4 46 -0.022555984622446752
4 47 -0.099180146046337528
4 48 0.034159609348328943
4 49 -0.11177065308669126
4 50 0.0048668116341363281
4 51 0.0036459214844093112
4 52 0.18163375521459207
4 53 0.038888506870152051
4 54 0.032661114363717755
4 55 0.085658828887672386
4 56 0.014451902959493982
4 57 0.094275938390457545
4 58 -0.018866112793118672
4 59 -0.058183155620397622
4 60 -0.027100835560376173
4 61 0.085900008593797539
4 62 -0.070743424273243247
4 63 -0.0075091150604221944
4 64 -0.026132559605085058
4 65 -0.04480299417982881
4 66 -0.020518396701505227
4 67 -0.071960077766411529
4 68 -0.034858260842896699
4 69 -0.08945806521124175
4 70 0.099103229472211132
4 71 0.16171395383814574
4 72 0.028844163472477931
4 73 0.0030194453597094965
4 74 -0.085040947593780059
4 75 -0.097578634382042992
4 76 -0.15117806648431634
4 77 0.08393805809708714
4 78 -0.074067190572617125
4 79 -0.026904829758391983
4 80 -0.0085750272893845847
4 81 -0.11839684117456183
4 82 -0.040178439974276989
4 83 -0.0086886581764962917
4 84 0.18174244811534168
4 85 -0.066602921626697842
4 86 0.038865123438256405
4 87 0.077661403732428302
4 88 0.17209581346004654
4 89 -0.11057722894263626
4 90 -0.018849072892520084
4 91 0.13488000209475415
4 92 -0.053468247920567528
4 93 0.12765743506332269
4 94 -0.1189471703377795
4 95 -0.14782074859072183
4 96 -0.062932836395362513
4 97 -0.048109451824340621
4 98 0.0047380961220952174
4 99 -0.1062249902119162
4 100 0.011194412163236201
4 101 -0.011057115249989055
4 102 -0.081153912444581949
4 103 -0.0025438329976553249
4 104 -0.0085675735467993785
4 105 -0.093662094951639491
4 106 0.029281811836156326
4 107 -0.081786643179957569
4 108 0.062223265918489555
4 109 -0.049479334721970955
4 110 0.050911909371359712
4 111 -0.046564194486118787
4 112 -0.16002552703640505
4 113 0.097552522922641785
4 114 0.028254205487814987
4 115 0.030548241198793933
4 116 -0.016592335011277475
4 117 0.018477829008466926
4 118 -0.13781642083047438
4 119 0.059258470371618431
4 120 -0.097481166978042141
4 121 -0.043249140323300607
4 122 -0.0054966347588008297
4 123 0.0074556817139374947
4 124 0.032405427001824361
4 125 0.094639300714567859
4 126 -0.011019106869901207
4 127 0.06605260456901435
4 128 -0.036262919721306158
4 129 0.014176735090171519
4 130 0.10071887735893975
4 131 0.15658502490032442
4 132 -0.0051992070830096833
4 133 0.14042260952454028
4 134 0.058461064229876292
4 135 -0.16837353333472024
4 136 0.029393222750459396
4 137 -0.047028428805415509
4 138 0.010632670061228946
4 139 -0.075183720026457332
4 140 -0.028078316289322294
4 141 0.14056868861955413
4 142 -0.11260328402580431
4 143 -0.032046931787565867
4 144 -0.043398106398516698
4 145 -0.061780570440932173
4 146 0.099761036654413313
4 147 0.037215653796955281
4 148 -0.053717754191971112
4 149 0.064545267458162678
5 6 -0.067312653705884837
5 7 0.0867501380110373
5 8 -0.015315712995860804
5 9 -0.11718853377603221
5 10 0.068307453299852147
5 11 0.035753506884178068
5 12 0.02829411472969226
5 13 0.049643724868486734
5 14 -0.099874228244547822
5 15 0.060537195040040778
5 16 -0.13865876940264193
5 17 0.063884259866857043
5 18 -0.15138159419832972
5 19 0.052882002738827011
5 20 0.024341522069713323
5 21 -0.0044443587236997232
5 22 0.00083748393091974752
5 23 -0.1554493682754744
5 24 0.037861289166137839
5 25 0.11813346550211197
5 26 0.032238543651997444
5 27 -0.19643173719334714
5 28 -0.018227383712178781
5 29 0.15924301961003043
5 30 -0.040425736973475949
5 31 -0.1585278599515404
5 32 -0.029695737779441015
5 33 -0.074659862360626675
5 34 0.035400382160341012
5 35 -0.093389233554103349
5 36 -0.020264593009661297
5 37 -0.020468179236806626
5 38 0.11292215351561936
5 39 0.0012103094623410521
5 40 -0.028026775382083452
5 41 -0.14528267086940003
5 42 -0.077929864885406541
5 43 0.046305328845669465
5 44 0.020063530331106652
5 45 0.09625078421019409
5 46 -0.079738634582670401
5 47 0.02064002808974142
5 48 -0.00065943938866377646
5 49 0.2018073339246276
5 50 -0.061588355214999023
5 51 -0.087211452146329638
5 52 0.097445089298356893
5 53 -0.031293481272218399
5 54 0.17240384994661567
5 55 -0.10745646113717379
5 56 0.1432701444692818
5 57 0.046022328234160387
5 58 0.049906593517645384
5 59 0.1449590284318111
5 60 -0.013392077144486524
5 61 -0.11005798291150853
5 62 0.06271784751523915
5 63 -0.094941370894282479
5 64 -0.011475653545162386
5 65 0.072888389311028687
5 66 0.057660727080764237
5 67 -0.0024862563084334282
5 68 -0.011142196550869402
5 69 -0.045737378176949027
5 70 -0.059342647943633128
5 71 0.10875734033583014
5 72 -0.038033830923101121
5 73 0.082593311422273066
5 74 0.079706726579762244
5 75 0.062223428947997581
5 76 0.058224392884513469
5 77 -0.062832709654179447
5 78 -0.094362867472591386
5 79 0.061001498169522009
5 80 0.017703431515911916
5 81 -0.044030335336538461
5 82 -0.011780402625720334
5 83 0.064177140399367186
5 84 -0.0010384704986172669
5 85 -0.057852563906377823
5 86 -0.083634107318565631
5 87 0.01841377176755991
5 88 -0.024462595287006814
5 89 0.026215621424048517
5 90 -0.016590066587623655
5 91 0.041739483573531674
5 92 0.14369440636886344
5 93 0.08100797100311799
5 94 -0.0053924499275906585
5 95 -0.11137718155582647
5 96 -0.074548298246008685
5 97 -0.00053181287058482753
5 98 0.021708403327291018
5 99 0.083501219474133817
5 100 -0.048133571490818781
5 101 -0.022437909851863471
5 102 -0.092497364744898086
5 103 0.15855204305518289
5 104 -0.11674300162754828
5 105 -0.062982814707102389
5 106 0.004350759224213711
5 107 0.11607714814388222
5 108 -0.043977183707887751
5 109 0.0046477145797728155
5 110 0.041687735791951584
5 111 -0.12168712498139314
5 112 0.13136413064783825
5 113 -0.0036569944752804662
5 114 0.11009562634646795
5 115 0.045411883329704514
5 116 -0.015497783961726632
5 117 0.081195862230051027
5 118 -0.14584274914084613
5 119 0.041414854666735466
5 120 0.19753298812139916
5 121 -0.045856689184944135
5 122 0.30448586691122159
5 123 0.0037952521901313306
5 124 -0.019771424809997582
5 125 0.02835223393717462
5 126 0.1242632360613881
5 127 0.16499055440278254
5 128 0.19251182897439295
5 129 0.083755738806023342
5 130 0.18616155912802293
5 131 0.17818752965808635
5 132 -0.060148000255632141
5 133 0.06350644398257721
5 134 0.058500628050723771
5 135 -0.15463420475871678
5 136 0.0044020132084805399
5 137 -0.081146205449914716
5 138 0.068771665111707153
5 139 0.028243119359041721
5 140 -0.14538280095322831
5 141 -0.11705763758141566
5 142 0.083701362669760818
5 143 -0.046595643409273586
5 144 -0.060966811016499887
5 145 0.077670550336940605
5 146 -0.0027829318718157713
5 147 -0.068290727023281789
5 148 0.13227269856333157
5 149 0.088382515610578916
6 7 -0.065997352219967095
6 8 -0.1759221242266864
6 9 0.089354615015548977
6 10 -0.041583911028756589
6 11 -0.097857704269367116
6 12 -0.051317733213337907
6 13 0.088290771315946953
6 14 -0.063144221682498128
6 15 0.087969129392529932
6 16 0.007720179677683639
6 17 -0.081705410748097812
6 18 -0.11226502413167103
6 19 -0.011647341728653149
6 20 -0.1244617992659538
6 21 0.0690431860313023
6 22 0.0092414420394341772
6 23 -0.032425694565234142
6 24 -0.13769863879232769
6 25 0.099710717026917306
6 26 -0.10110287631142326
6 27 -0.022115758689357293
6 28 -0.14110153851762366
6 29 0.155025706095307
6 30 0.035378364306074717
6 31 -0.19553074130824846
6 32 0.077924151578072434
6 33 0.02246832325762033
6 34 0.024295511180272258
6 35 -0.069556701256526257
6 36 0.056913167606313188
6 37 0.056605189797421018
6 38 0.051487429171259876
6 39 -0.12969706077005352
6 40 -0.020639098667921484
6 41 0.017223025688017625
6 42 0.037224894824831899
6 43 -0.071789741493535175
6 44 0.029524194604927039
6 45 -0.025461018858764235
6 46 0.0045244235031380283
6 47 -0.20996489216997805
6 48 -0.012378914402409829
6 49 0.11835564360091164
6 50 -0.067417221427092278
6 51 0.014072024341406772
6 52 -0.066780686355294244
6 53 0.10525558351450263
6 54 0.050607934882239775
6 55 -0.025937062051987085
6 56 0.035447235242406124
6 57 0.015269881689602654
6 58 -0.10820421427876165
6 59 -0.012625534411678288
6 60 -0.034216288762210292
6 61 0.010041055641874765
6 62 -0.053342655443565319
6 63 -0.054407021281384263
6 64 0.07759193439399098
6 65 0.018369381800676682
6 66 0.0068698128581651408
6 67 -0.0066466753652021501
6 68 -0.021011644939664731
6 69 0.069273136866056573
6 70 0.014960524252159017
6 71 -0.091707928835032329
6 72 0.0060985789932899402
6 73 0.053664941377384569
6 74 -0.0029459527536032106
6 75 -0.16603208179449605
6 76 -0.064141703648059781
6 77 -0.057234269532174691
6 78 -0.071540776111638588
6 79 -0.182520261229657
6 80 -0.070348137119301199
6 81 0.0074412439198282814
6 82 0.014071114716732353
6 83 -0.099137538215794477
6 84 -0.089524214404215124
6 85 -0.046461154150909435
6 86 -0.1229396159275716
6 87 -0.13646610255930333
6 88 0.015146680549815311
6 89 0.12617911991709824
6 90 -0.21154080810282028
6 91 0.010186739621166025
6 92 0.02045558452600537
6 93 -0.076491960929453762
6 94 0.036045698281674247
6 95 0.11423065889055065
6 96 0.16813001619782517
6 97 0.041475021278979729
6 98 0.032605086531581791
6 99 0.040390736983725861
6 100 -0.11489208237261023
6 101 -0.0077434076779491368
6 102 0.14145378590414392
6 103 -0.040435691449042244
6 104 -0.095897256255320473
6 105 -0.029740185189808289
6 106 -0.042520185040444025
6 107 0.044548625614013238
6 108 0.051446679633664179
6 109 0.035249919795794275
6 110 0.16475284569939139
6 111 -0.0049067040646244486
6 112 -0.07010876152206158
6 113 0.12542744609450449
6 114 -0.08232360355910151
6 115 -0.037568403548455427
6 116 -0.042127565646218196
6 117 -0.025213252009414239
6 118 0.015313907459983348
6 119 0.043665229834579752
6 120 0.055620055303418771
6 121 0.1160936976090462
6 122 0.0068747407141174256
6 123 0.061141442872868754
6 124 -0.027308026305771858
6 125 0.0034488272029243217
6 126 0.056734511354534022
6 127 -0.032823241129913076
6 128 -0.14402450667621317
6 129 -0.061640554081935764
6 130 0.037926704198298848
6 131 0.019620638237503395
6 132 -0.030694131592127877
6 133 -0.086703646366166398
6 134 0.076487725781096694
6 135 0.086491692328380221
6 136 -0.003083825583641034
6 137 -0.026214779919851893
6 138 0.084043454378883248
6 139 0.11010596273737182
6 140 -0.071471048200185225
6 141 -0.014053257809146793
6 142 0.030411247961637428
6 143 -0.016999964354381093
6 144 -0.029548267563523085
6 145 0.10692271602947065
6 146 0.12155333179492928
6 147 -0.11888989007503009
6 148 -0.093255898166965279
6 149 -0.087141978596009029
7 8 -0.0031734566434547889
7 9 -0.050406303632743253
7 10 -0.043824253671372854
7 11 -0.0025136500027364518
7 12 0.040799430145983244
7 13 -0.025953198951951105
7 14 -0.076686720587098911
7 15 0.0019616412143519881
7 16 0.013831406292585249
7 17 0.09035997282373591
7 18 -0.028832275731913107
7 19 -0.020244139039793687
7 20 0.094935794097378151
7 21 0.041246553757336081
7 22 -0.11350512670407321
7 23 -0.066085376948858479
7 24 0.037202741675137478
7 25 0.040022159996376948
7 26 -0.059439822471448925
7 27 0.080012463208968973
7 28 -0.1167877652667017
7 29 -0.099075100130468191
7 30 -0.02584052949445359
7 31 -0.015092730457555504
7 32 0.056510399881660768
7 33 -0.15059378962762499
7 34 0.16065486509737253
7 35 0.12380316777061895
7 36 -0.063976206976059477
7 37 -0.051889925773499442
7 38 0.10901127389593496
7 39 0.10600526358079103
7 40 -0.088455120925859526
7 41 0.05255755304000162
7 42 0.014909660236459763
7 43 0.073544513464263481
7 44 -0.008894905515571469
7 45 0.055840233384671679
7 46 0.10422226744138134
7 47 0.038737386065825656
7 48 0.037480909441306512
7 49 -0.1254012046693021
7 50 0.022500860853766947
7 51 0.001344886820495664
7 52 0.052479752310945128
7 53 0.065513162748931472
7 54 -0.0068426405202640546
7 55 -0.084096722640999627
7 56 -0.093505891318965126
7 57 -0.0044388246881005783
7 58 0.099307458189704184
7 59 0.072955549571124947
7 60 0.13473133037238816
7 61 0.091455964873420878
7 62 0.10880304384666807
7 63 -0.09112986029138502
7 64 0.031484447471798585
7 65 -0.10306965707801062
7 66 -0.011741571869663604
7 67 0.088541466353713141
7 68 -0.082189777572832259
7 69 -0.11878224210251026
7 70 0.073051553319732468
7 71 0.08103080134571608
7 72 -0.088309091963982775
7 73 0.04955438325466506
7 74 -0.0023883640551210323
7 75 -0.11249099473052823
7 76 0.055527337200931844
7 77 -0.0072046183250747235
7 78 -0.038248726183549242
7 79 -0.14685804783761156
7 80 0.26347356656818582
7 81 -0.00097787660831169889
7 82 0.010914503260553049
7 83 -0.050508509973804933
7 84 -0.075098184531665738
7 85 -0.056124962599891907
7 86 0.13231751993569812
7 87 0.065666843242545694
7 88 0.007071035984601016
7 89 -0.15413740896916237
7 90 -0.09473197249896409
7 91 0.097770055253924931
7 92 -0.0084646734575888755
7 93 -0.045376884409831078
7 94 0.080364017362960796
7 95 0.046709824392629176
7 96 -0.087095434745514913
7 97 0.10409826935016366
7 98 0.012296259281354083
7 99 -0.066296938267307773
7 100 -0.051176186597969624
7 101 0.085497880895485018
7 102 -0.10752272470392099
7 103 -0.094511647359835374
7 104 -0.092534981754800877
7 105 0.17017867995881769
7 106 -0.015400682509090565
7 107 -0.040282193347917668
7 108 0.072157904589784203
7 109 -0.072129995225105992
7 110 0.035819929024889847
7 111 -0.12276016839639674
7 112 0.015005609438051463
7 113 0.028640152579636376
7 114 -0.070390685340081402
7 115 0.076919499225003116
7 116 0.06274317483336575
7 117 0.013668539070038318
7 118 0.072668849932470039
7 119 -0.013185757732633424
7 120 -0.11628551111811011
7 121 -0.062534274668533882
7 122 -0.093872225601066492
7 123 -0.065096107052830893
7 124 0.0089789319663583084
7 125 -0.15767047303945395
7 126 -0.069336792490776775
7 127 -0.13717231110769043
7 128 0.055504877121940646
7 129 -0.0062267649284329964
7 130 0.015311606112022957
7 131 -0.11137797882364364
7 132 0.058888434403764366
7 133 -0.0093824666232599566
7 134 -0.09743767679234705
7 135 0.065314490399576625
7 136 0.033152439336376183
7 137 -0.047612431862842107
7 138 -0.0019414125427905317
7 139 0.046495048923494313
7 140 0.036717570945983102
7 141 0.021847764716853443
7 142 -0.039303869839583574
7 143 0.010262649869665429
7 144 -0.18507814529866942
7 145 0.023546884765683937
7 146 -0.044552792946021255
7 147 -0.0089572281088026052
7 148 -0.043365232811960627
7 149 0.12171667394933662
8 9 -0.12729795340478484
8 10 0.089031480515900471
8 11 0.056007963470824804
8 12 0.0336257427164958
8 13 0.00059576181685421555
8 14 0.021399027828883522
8 15 0.24225504120978747
8 16 0.14289258785405373
8 17 -0.00038225596546129231
8 18 0.17082159369685385
8 19 0.086290891078503962
8 20 0.01855826772381361
8 21 0.046579234644166995
8 22 0.085278500433270218
8 23 -0.084584425068283592
8 24 -0.033971869665699407
8 25 -0.064508674747097774
8 26 0.048529928041195332
8 27 -0.047772805051293596
8 28 0.1207686091363077
8 29 -0.21355024494020891
8 30 0.17976687164233571
8 31 0.090191403132121095
8 32 0.1100874427791798
8 33 0.03962832912406862
8 34 0.0069796918999913771
8 35 0.18212904096750457
8 36 0.0050568527177604992
8 37 0.0047427778024298328
8 38 0.1644329865180289
8 39 -0.099655525670702863
8 40 0.059859744763562879
8 41 0.071683426199034575
8 42 -0.1008955684055535
8 43 -0.065187921508008367
8 44 0.040438724513700113
8 45 -0.07335277452851896
8 46 0.10155355707097979
8 47 0.0023139217888066125
8 48 -0.061118617182729998
8 49 0.017510981554117806
8 50 0.13573407327870499
8 51 -0.011443154588956178
8 52 0.13457542719649512
8 53 -0.16309609487691371
8 54 0.0024112626750153786
8 55 -0.014301904804548628
8 56 0.11541619175238797
8 57 0.012408957016749081
8 58 0.080116007519063295
8 59 -0.13203430174397232
8 60 -0.033842637506631301
8 61 -0.17159510590310054
8 62 0.075790948144504419
8 63 -0.074579196813034709
8 64 -0.001490011880510144
8 65 -0.080784764499014811
8 66 0.18605206517237918
8 67 -0.024756815559196156
8 68 0.017938988782634734
8 69 0.063869084663591327
8 70 0.032432226889284044
8 71 0.013336312712328753
8 72 0.0048192358905809526
8 73 0.0093366934055874404
8 74 0.16160877978412991
8 75 0.017029220772699909
8 76 -0.032996767817260388
8 77 0.11005668094714612
8 78 0.013096612467261971
8 79 0.013396218537584569
8 80 -0.10360979896816279
8 81 0.093834088271389463
8 82 0.058314915191933041
8 83 0.0068887241376685499
8 84 -0.015293142489187192
8 85 -0.077334650844337008
8 86 -0.0067559274351942072
8 87 0.084085184323089562
8 88 0.04000972057298894
8 89 -0.0063411809076788775
8 90 -0.043520193281689636
8 91 0.056660622161145598
8 92 0.066232403174249069
8 93 -0.14446900348723232
8 94 -0.14149628034082981
8 95 0.09361043602602738
8 96 -0.018325066250633269
8 97 -0.006486766275963677
8 98 -0.075765738017739989
8 99 0.046902677102462466
8 100 -0.065681479940395082
8 101 0.12713614024833833
8 102 0.059637690007501291
8 103 0.081040543587009059
8 104 -0.018690209014639862
8 105 0.027880526053315906
8 106 -0.050746277854276996
8 107 -0.14422878923110069
8 108 -0.01717343617826048
8 109 -0.023577464865485946
8 110 -0.21456023121536516
8 111 0.035440561069736379
8 112 -0.11693049521012903
8 113 -0.044190226066900415
8 114 0.037402541749913025
8 115 -0.11193106669663183
8 116 0.056978536181130725
8 117 -0.035720635848307314
8 118 -0.0084775446157752815
8 119 -0.065269593927873765
8 120 0.11023649782528283
8 121 0.048100396231898414
8 122 -0.10436710510385661
8 123 0.030402426358658696
8 124 0.032886023141664875
8 125 -0.029262716892722342
8 126 0.06970702656027912
8 127 -0.032172519518694084
8 128 0.085019782726899362
8 129 -0.15895902889340954
8 130 -0.18346271386713464
8 131 -0.073174940912273848
8 132 0.023290110989434148
8 133 0.11339863387563638
8 134 0.2943014944961031
8 135 0.066585182678622332
8 136 -0.1265806613819192
8 137 -0.055126691047255302
8 138 -0.032429063153234114
8 139 0.074314230291637598
8 140 -0.021795512575836694
8 141 0.083298015331898789
8 142 -0.16141128838882343
8 143 0.052531714756816471
8 144 0.0094973194558104802
8 145 0.048236818905146882
8 146 -0.22180901908257739
8 147 0.049134040363551817
8 148 -0.02721792636503206
8 149 0.019737064558638159
9 10 0.025158110580187812
9 11 -0.041901552179368202
9 12 -0.080424899267810657
9 13 0.090654329285951699
9 14 0.060929375431621073
9 15 -0.056184937427751852
9 16 0.037139918392287828
9 17 0.025556236433835387
9 18 0.090960403158521164
9 19 0.031678461336379603
9 20 0.075324112713721733
9 21 0.0024314448128927319
9 22 0.048933736963289752
9 23 0.067647812958281595
9 24 0.051822390094453635
9 25 -0.094552367454002847
9 26 -0.032828365642800464
9 27 -0.0041341576113043364
9 28 0.0793237099711568
9 29 0.0055269229789513038
9 30 -0.020370326347012888
9 31 0.034393448462078043
9 32 0.013004092049444858
9 33 -0.058328060965216103
9 34 -0.035561920287141821
9 35 -0.086652884124740537
9 36 0.051554514845989434
9 37 0.023903709001648531
9 38 -0.040031420037627011
9 39 0.032592031153931646
9 40 -0.067094890292933529
9 41 -0.075589019010948499
9 42 -0.011180300610412803
9 43 -0.022009055075027831
9 44 0.021999660667701069
9 45 0.052355432722731167
9 46 -0.071593293279770209
9 47 0.078854679173974956
9 48 0.097507346044373056
9 49 -0.085220455209473481
9 50 -0.090053760003862282
9 51 0.12568269925835587
9 52 -0.060547838897893232
9 53 0.053184756563022489
9 54 -0.036487310283671553
9 55 -0.21675107563396745
9 56 -0.053356506228242589
9 57 0.038260879190692279
9 58 -0.030401018140529177
9 59 0.038254611646339712
9 60 0.071865036545068886
9 61 -0.023015729137892231
9 62 0.11585304569179852
9 63 0.0021761022637631785
9 64 -0.021977897587510089
9 65 -0.009698816284644262
9 66 0.077982506577498154
9 67 -0.050634158644957579
9 68 0.030538352800325363
9 69 -0.010025293945346028
9 70 -0.11216054762639829
9 71 0.045589241631038099
9 72 0.004470922759988602
9 73 -0.0092507921589484489
9 74 0.090975869278104651
9 75 -0.032806267118760203
9 76 -0.11886318242642951
9 77 -0.02312364561064862
9 78 -0.10730407206274796
9 79 0.082848347919908458
9 80 0.0016409641553745693
9 81 0.12166566324639669
9 82 -0.073828124419395014
9 83 0.14959964211118051
9 84 0.014101757440927749
9 85 0.031738972222918424
9 86 0.091094324469129115
9 87 0.051154847370590631
9 88 -0.021591768143688756
9 89 0.031756287512276493
9 90 0.02733965796775608
9 91 -0.11618488222511815
9 92 -0.055248837957654312
9 93 -0.07940021159366846
9 94 -0.010645916525362101
9 95 0.036414014392442323
9 96 0.073976480686262891
9 97 0.038499768287908361
9 98 0.025585271742394004
9 99 0.047437649530009139
9 100 0.054865230373188655
9 101 0.072995234955809285
9 102 0.1732176419754024
9 103 0.11624757442943791
9 104 0.052055031576872107
9 105 -0.0023428578485302264
9 106 0.10864451106162681
9 107 -0.069011449858875723
9 108 0.13799380069320868
9 109 0.0044099407440199309
9 110 -0.074923058365806261
9 111 0.037182205639450468
9 112 -0.044184632738628417
9 113 0.037164747732020123
9 114 -0.11325777887372658
9 115 0.052227614179258697
9 116 -0.0024718538599325375
9 117 0.018342128883253692
9 118 0.050859206599478207
9 119 0.095402896234581869
9 120 -0.086945109342300667
9 121 0.056970223763616858
9 122 -0.11300522685904089
9 123 -0.07470111144830352
9 124 -0.05538973704411633
9 125 0.16485184394245458
9 126 -0.02875796283579243
9 127 -0.015500626803957493
9 128 0.030355277340740922
9 129 0.02610468765170619
9 130 0.050075211274970235
9 131 0.021892618552348177
9 132 0.0058011972254692788
9 133 0.076113255635325394
9 134 -0.045724976224843589
9 135 -0.10435966439428902
9 136 -0.028119187174494045
9 137 0.013612238626441221
9 138 0.078240494824346724
9 139 0.071240464743523663
9 140 0.00080911902392474941
9 141 -0.025068382173598667
9 142 -0.021078849007450152
9 143 -0.018589623959928001
9 144 0.076391852889279258
9 145 -0.090147786621773848
9 146 -0.075467527261866063
9 147 0.1031835717529387
9 148 -0.11412546577581291
9 149 -0.065993607154363046
10 11 -0.073671231522115119
10 12 0.14077226067276102
10 13 0.058466152091329361
10 14 0.0025994777393145933
10 15 0.10227899060263647
10 16 -0.21480505107454809
10 17 -0.052550529146922445
10 18 0.012242312981438509
10 19 -0.020763054031450547
10 20 0.047873348478402244
10 21 -0.11747954388003731
10 22 -0.027948556479423282
10 23 0.17726252484893787
10 24 -0.1976914244730105
10 25 0.052202353840297921
10 26 0.056563460186373503
10 27 -0.048431785947291958
10 28 0.003028491681163854
10 29 0.062439182830870674
10 30 0.086556061040478527
10 31 0.027173886118582673
10 32 0.018826649179314012
10 33 0.1768838991542743
10 34 -0.10191994817790496
10 35 -0.20307823578041204
10 36 -0.1264559719928432
10 37 -0.052933059715657815
10 38 -0.1611040468947437
10 39 -0.0076715674751327099
10 40 -0.14549106619317481
10 41 0.045448865823741358
10 42 0.12720221638937934
10 43 -0.10304514629536715
10 44 0.0016854685236968087
10 45 0.039407006131034157
10 46 0.0098901550832781546
10 47 0.081319737773473358
10 48 -0.033199522090379519
10 49 0.033194983796707773
10 50 0.011066436735792738
10 51 0.014760986113032563
10 52 0.12455405372078764
10 53 0.032442219280719359
10 54 0.0093881445400335953
10 55 -0.037335035966677678
10 56 0.10928230821156174
10 57 0.046243841518036337
10 58 0.061458740649491445
10 59 0.07225629294579948
10 60 0.14028768024738519
10 61 0.03791772243991242
10 62 -0.085975578077798903
10 63 -0.12160169386645349
10 64 0.053606712144570849
10 65 -0.06066776018204894
10 66 -0.058873069209689578
10 67 -0.044425903730151019
10 68 -0.084936111436707207
10 69 0.11386438191246502
10 70 0.012172674107603216
10 71 0.084569218173530636
10 72 0.16154103067536255
10 73 0.046816794063492886
10 74 -0.10222281541059965
10 75 0.17368224999525475
10 76 0.02253479427056667
10 77 0.092833427478532696
10 78 -0.036427301844109174
10 79 -0.062559227464510064
10 80 -0.049013507605106199
10 81 -0.018193392443660486
10 82 -0.011389514780340565
10 83 -0.072336214821427894
10 84 0.01105535676591834
10 85 -0.066359165181919991
10 86 0.12547513444326608
10 87 -0.069692228162034034
10 88 -0.069457927874895978
10 89 -0.10073693471327794
10 90 -0.020402333759785674
10 91 0.011813243374472409
10 92 0.14972016884724432
10 93 0.047421762080720437
10 94 -0.14259083068148534
10 95 -0.09700036621198703
10 96 0.090321357531853302
10 97 0.12932280737019503
10 98 0.077483991937531957
10 99 0.043419276393438865
10 100 -0.1251060825978004
10 101 0.014733031824001893
10 102 0.0085042864024430891
10 103 0.014626808303313619
10 104 0.057261019240967
10 105 0.071039286452686812
10 106 -0.057830147720705216
10 107 0.086648332801674846
10 108 0.091721174162371466
10 109 -0.059401640476333631
10 110 0.017490031034529348
10 111 -0.029577398856481172
10 112 0.13135717609549952
10 113 0.18749689619792101
10 114 0.092293532459809924
10 115 -0.14020805562923724
10 116 -0.061250214907862408
10 117 0.034660408408363874
10 118 -0.059119887742251492
10 119 -0.13735067576059815
10 120 -0.082495318648954499
10 121 -0.12049503073592677
10 122 -0.0021717814945283001
10 123 0.0057739738663235883
10 124 0.025495872569253765
10 125 0.013407059831077267
10 126 -0.010740400868210863
10 127 -0.045329901613437189
10 128 0.0217150521960617
10 129 0.0073988765189726656
10 130 -0.022780045483613669
10 131 -0.083884865644789766
10 132 -0.033983488461713028
10 133 0.081073939373380199
10 134 -0.04858991873939917
10 135 -0.017160413924614724
10 136 -0.04939505085144677
10 137 0.15777180831724505
10 138 0.0093682674156497902
10 139 -0.048912880546343337
10 140 -0.09327251621148723
10 141 -0.043092015670712004
10 142 -0.024944309537480516
10 143 0.0024538817037288007
10 144 0.077583205342614189
10 145 0.017994691653227621
10 146 0.055736910743541056
10 147 -0.03978236000034821
10 148 -0.11831774334583407
10 149 -0.058866439889806665
11 12 0.069372083930669015
11 13 0.066814676918110966
11 14 -0.054139580327741965
11 15 0.065781039130324057
11 16 -0.094688377071025273
11 17 -0.0022056437883281868
11 18 -0.05606996213176052
11 19 -0.044821812279492064
11 20 0.02167532793834101
11 21 -0.058967023258061031
11 22 0.12263217717631039
11 23 -0.025946751251694173
11 24 -0.04568269083544698
11 25 -0.018808212551128575
11 26 0.10773427588262528
11 27 -0.017526588981577648
11 28 0.10713190360739937
11 29 0.07373997704168711
11 30 -0.07902825332201055
11 31 -0.10722300378220248
11 32 -0.019609792936980754
11 33 0.08963424960884056
11 34 0.018487112531008088
11 35 -0.079557874761540137
11 36 0.0083995616125642908
11 37 0.062952583043588514
11 38 -0.15723501925004679
11 39 0.013698181337643769
11 40 -0.036992423589037586
11 41 -0.040717074810304843
11 42 0.060631146311181175
11 43 -0.05408469829895355
11 44 0.10642975736445019
11 45 -0.07465560557457239
11 46 0.074600478237370399
11 47 -0.081070451122629172
11 48 -0.009911191234830901
11 49 0.0049322142061640822
11 50 0.0690125407114906
11 51 0.060657615552046892
11 52 -0.02267644974469438
11 53 0.08705586709420958
11 54 0.053969426787199327
11 55 -0.063399393132122242
11 56 -0.037384919191857449
11 57 -0.06576557660748461
11 58 -0.027962000320829749
11 59 -0.014462403356057831
11 60 0.038910072769002366
11 61 0.10135541201450322
11 62 -0.036217529606655904
11 63 0.13980507357660182
11 64 0.048173293825283681
11 65 -0.027786675663987303
11 66 -0.019511280957726813
11 67 0.055861731826832024
11 68 -0.0023671964313488518
11 69 -0.052079834618374087
11 70 -0.043119858731368164
11 71 0.09848655146737334
11 72 -0.083375715113538598
11 73 0.024446007084126569
11 74 0.22464272955676176
11 75 -0.086655341981238032
11 76 0.0090532146073544796
11 77 0.011459765205540123
11 78 0.10279069276583924
11 79 -0.10341684290786952
11 80 -0.038137106068484208
11 81 -0.12868999284819652
11 82 0.040986686062393696
11 83 -0.0041840323474819511
11 84 0.022605919982340388
11 85 -0.068250708747229591
11 86 0.0095444028447144811
11 87 -0.018558887461177211
11 88 -0.0029348242983670992
11 89 -0.038423843790900934
11 90 -0.035039368924459406
11 91 -0.041696583055289289
11 92 0.085160906205825462
11 93 0.071914193510177998
11 94 -0.006007847380369389
11 95 -0.015315238505725274
11 96 0.088135624996890635
11 97 -0.058668673393393309
11 98 0.058456495138358225
11 99 -0.015442247780496661
11 100 -0.02428176054215269
11 101 0.00085132306817797744
11 102 -0.036697444913233131
11 103 -0.0071551320952793354
11 104 -0.051956200875028898
11 105 -0.16259768674423872
11 106 -0.030267874930091618
11 107 0.075210796263577642
11 108 -0.011615674785243894
11 109 -0.038573872154466837
11 110 0.040332170603625317
11 111 -0.086006747731923128
11 112 0.031861750633657669
11 113 -0.049964283995477754
11 114 -0.011370931344172707
11 115 0.0088231286016659978
11 116 0.095049027290321844
11 117 -0.095852392685905272
11 118 -0.044525504625003473
11 119 0.065955093704522433
11 120 -0.063092012380063345
11 121 -0.032374629754726741
11 122 -0.054435094736548707
11 123 -0.010360782281882825
11 124 -0.035213856825134685
11 125 0.047078687328850816
11 126 0.058192011317554929
11 127 -0.039884019411527485
11 128 0.084722929047343493
11 129 0.054000660811618022
11 130 -0.011032188494554153
11 131 0.096270863488724809
11 132 -0.042344115017862387
11 133 0.1198529489038775
11 134 -0.16753426275278852
11 135 -0.06038975611119881
11 136 -0.082494601373803211
11 137 0.0836672630086122
11 138 0.021878940343351624
11 139 -0.17741507325882988
11 140 0.0047555088418544961
11 141 -0.078731161620504073
11 142 -0.021561342413563278
11 143 0.032132247606931459
11 144 -0.0047520178333109895
11 145 0.056616131441156563
11 146 -0.068968124970855027
11 147 -0.011562481600065315
11 148 -0.035878582274532007
11 149 -0.10021264691065204
12 13 -0.0016612527428278509
12 14 0.082994762679497763
12 15 -0.16527366974447677
12 16 0.0019026465407668309
12 17 -0.015358692459463169
12 18 -0.1087642350068518
12 19 -0.030921855227243479
12 20 0.0079434144844379162
12 21 -0.067638310981880195
12 22 0.071216261099212322
12 23 -0.080722474357613053
12 24 -0.087903790315247365
12 25 0.07478056730155494
12 26 0.036618261130726297
12 27 0.060292288411949217
12 28 0.021812169636098687
12 29 0.069251439299592349
12 30 0.025123239331382458
12 31 -0.13063101054310564
12 32 0.076251935137219132
12 33 -0.14654297770603641
12 34 0.070162082902760339
12 35 0.16353198982379191
12 36 -0.070564431244525827
12 37 -0.13906114920523721
12 38 -0.18530257429296487
12 39 -0.11887677000811639
12 40 0.02227238854721246
12 41 -0.071017992525053961
12 42 0.052121386544115175
12 43 -0.015694532596912319
12 44 -0.031497511459625351
12 45 -0.047372493912873841
12 46 -0.040161807834674018
12 47 -0.091615779389234014
12 48 0.016276206253144514
12 49 -0.056486111571995117
12 50 -0.044585549173854086
12 51 -0.036078439142936791
12 52 0.12005333924333998
12 53 -0.13326843948808315
12 54 -0.029620986704867309
12 55 -0.081714655206279532
12 56 -0.020852106768283002
12 57 0.044459161178041079
12 58 0.013615858280118819
12 59 0.086176851148523276
12 60 0.033208682670860239
12 61 -0.044125767728359244
12 62 0.0030145806655166147
12 63 0.14211685880315003
12 64 -0.24501474575176141
12 65 0.052219552338808144
12 66 -0.12457289432807973
12 67 -0.14049446292784973
12 68 -0.0094028259839994775
12 69 0.087128780219461494
12 70 -0.023039192339143345
12 71 0.02814364675276507
12 72 -0.11193672058819716
12 73 0.113295840778263
12 74 -0.0907500901857798
12 75 0.09181908543767188
12 76 -0.013399137812872431
12 77 -0.1403843532197129
12 78 -0.12407578891493251
12 79 -0.074170264269246486
12 80 -0.027230668123280049
12 81 -0.12911400357258054
12 82 0.01754949655827277
12 83 0.046360464613807738
12 84 0.079967286463936776
12 85 0.081580872033486782
12 86 -0.12625335554955591
12 87 -0.0031972710328617522
12 88 0.025798781697167695
12 89 -0.085230697377034315
12 90 -0.16992654231880705
12 91 0.053645990034258982
12 92 0.036578212387831745
12 93 -0.0327204512726973
12 94 -0.020117940374516842
12 95 0.017547279909460794
12 96 0.013334577590953089
12 97 -0.054654691654052158
12 98 -0.15331275957883622
12 99 -0.1557558714363497
12 100 0.075842223469469824
12 101 0.10738394982734988
12 102 -0.016426315483190682
12 103 0.07201127249652356
12 104 0.050651624260797952
12 105 0.021507466182402925
12 106 -0.10434932890333147
12 107 -0.035291186296201392
12 108 -0.097365336229366453
12 109 0.12553159692539201
12 110 -0.10300518075894749
12 111 0.30077238425129582
12 112 0.06359700447001336
12 113 0.11096619188043319
12 114 0.02136726028206349
12 115 -0.047022978715918415
12 116 -0.064984871203944708
12 117 0.075004955728135522
12 118 -0.11655566325720433
12 119 0.057870781797937469
12 120 0.032654836774822518
12 121 -0.10856822299222184
12 122 0.1196830571153657
12 123 0.1751297040530794
12 124 0.029486994051801475
12 125 -0.0025784178666088194
12 126 -0.067785922267119172
12 127 -0.026129393599485479
12 128 -0.011648189279740458
12 129 -0.10252616781229068
12 130 -0.15835111943689237
12 131 -0.096967878649058772
12 132 0.094585397396790311
12 133 -0.083935071666625199
12 134 0.059045243914230841
12 135 0.0088420428591832415
12 136 0.013784765439600765
12 137 0.073254150456518854
12 138 -0.10361712805475355
12 139 0.0060585074972499195
12 140 0.0024346735774810292
12 141 0.1381078888266786
12 142 -0.18160824171157072
12 143 0.066906410989092044
12 144 -0.23272925426442215
12 145 0.020468873733011247
12 146 0.054441130503041613
12 147 0.036442798078682614
12 148 -0.018762444704348676
12 149 -0.065387316624156852
13 14 -0.14131489681383605
13 15 0.033838215858811818
13 16 0.0092708163937169283
13 17 -0.033073310571847002
13 18 0.059384140738104371
13 19 -0.077955049235388693
13 20 -0.033009007030343249
13 21 0.19194495451675345
13 22 0.012319306527411412
13 23 -0.081687536241606296
13 24 -0.01286989286014765
13 25 0.17333302885992316
13 26 0.17736633402206772
13 27 -0.075092263947598978
13 28 -0.071694456021724279
13 29 0.019233241402164803
13 30 0.13082369542076763
13 31 -0.046457614859024138
13 32 -0.048933821102261847
13 33 0.14427382261673466
13 34 0.076054862535418016
13 35 -0.034082719028096259
13 36 0.0075292138291552695
13 37 -0.10926737963520346
13 38 -0.095310936669142809
13 39 -0.087040196571082029
13 40 -0.010041527886127345
13 41 0.016530129993635262
13 42 0.021980120911525691
13 43 -0.095110034474133062
13 44 -0.017131352182125421
13 45 0.048603828437205496
13 46 -0.071879529598713007
13 47 -0.08629824691762468
13 48 -0.11741501394007722
13 49 0.11169153925997947
13 50 -0.053168559226561475
13 51 0.028020869180417237
13 52 -0.077226664058770988
13 53 -0.062686984692394837
13 54 -0.0969281720047903
13 55 0.092856546290007003
13 56 0.029250480038558412
13 57 -0.089038003032539892
13 58 -0.10116516777795816
13 59 0.02364262151609579
13 60 0.014256494272134627
13 61 -0.057744524965094635
13 62 -0.079530073987357064
13 63 0.054382202182087259
13 64 0.02792583708654001
13 65 0.021681347763725926
13 66 -0.04164217755600625
13 67 -0.058046657997081107
13 68 0.081215825078141957
13 69 0.044149372402764044
13 70 -0.12905916737271894
13 71 -0.040163137363071512
13 72 -0.0067091587614103044
13 73 -0.1080126619675421
13 74 0.11774121788160612
13 75 -0.14201788121528491
13 76 7.4801075421240262e-05
13 77 -0.0031230800323081885
13 78 0.068578748720511465
13 79 0.062579001412378543
13 80 0.065842880540980669
13 81 0.010181060220581828
13 82 -0.088978840862809105
13 83 -0.16805288937791946
13 84 -0.0071490744742236326
13 85 0.07658421092978851
13 86 0.085606923740492447
13 87 -0.0014912154378942508
13 88 -0.094076303564077132
13 89 0.030740160856314393
13 90 0.1072949918353216
13 91 0.048066542296359052
13 92 -0.15046511754561168
13 93 -0.035055867498249793
13 94 -0.11179399248771925
13 95 -0.11115222449371145
13 96 0.047696886903659079
13 97 0.081159293724972645
13 98 -0.041131879040810226
13 99 0.045493416643559798
13 100 -0.035906370036594928
13 101 -0.086976417463872815
13 102 -0.045346073004033774
13 103 0.064701598015775533
13 104 -0.092604554246567383
13 105 0.086720220393982528
13 106 -0.078453487773325503
13 107 0.081132040794290844
13 108 -0.024912713442262844
13 109 0.06773931514288245
13 110 -0.029376462798925196
13 111 0.028827303938913373
13 112 -0.084267018256906648
13 113 0.021887184409328398
13 114 -0.19078733462042602
13 115 0.0058535493095342554
13 116 -0.069905246348989675
13 117 0.027458141767539891
13 118 -0.022452534418475171
13 119 -0.017654294393609309
13 120 0.058329323865728602
13 121 -0.026805147933589481
13 122 -0.014452487295853651
13 123 0.11449314095012275
13 124 0.097073577732717339
13 125 -0.053898182304018084
13 126 0.03609440172430866
13 127 0.022867031835463604
13 128 -0.044280623661199177
13 129 0.0038189625846281536
13 130 0.046844302292198069
13 131 -0.095474957551258482
13 132 0.11666834341734886
13 133 0.0033151900961524931
13 134 0.11957832674378199
13 135 0.13326859837836172
13 136 -0.038989525442944359
13 137 -0.13839573301858507
13 138 0.012563415740880646
13 139 -0.016539177729921976
13 140 -0.033796565632221866
13 141 0.022549027398056073
13 142 -0.04774978736882611
13 143 -0.032004860747307448
13 144 -0.051125922687901615
13 145 0.12372719899748559
13 146 -0.03650852620601263
13 147 0.072214860573864448
13 148 -0.083445101188301785
13 149 -0.069541761235552307
14 15 0.10203978912322774
14 16 0.071534046919484395
14 17 -0.075400808875963385
14 18 -0.1079138784841502
14 19 -0.026210417013902081
14 20 -0.05984786244581182
14 21 -0.070709341938288747
14 22 -0.076988890674831861
14 23 -0.035666622408048063
14 24 -0.093272819493150028
14 25 -0.041112733721312307
14 26 0.036467750734299455
14 27 -0.047145693800663163
14 28 0.079267069922485514
14 29 0.044173299836757468
14 30 0.015433563161741985
14 31 -0.074438565106164895
14 32 -0.074297913571004653
14 33 0.030923259163986683
14 34 0.034217372363068439
14 35 0.070037564147994211
14 36 -0.10670966422062714
14 37 0.074319180157625994
14 38 -0.0042532955791133222
14 39 0.057470060230457053
14 40 0.014839008122439492
14 41 -0.027216710443656353
14 42 0.12591176639276397
14 43 0.11615131499369814
14 44 0.083637220984164595
14 45 0.081413533570117338
14 46 0.02277956733891091
14 47 0.11091140388768315
14 48 -0.027490878978524948
14 49 0.078806506802124102
14 50 0.038987087888384168
14 51 -0.094603587633356828
14 52 -0.17546842741758356
14 53 -0.034112940132002813
14 54 -0.012062746082242497
14 55 -0.023744620647721971
14 56 -0.013802785381693598
14 57 -0.11322073832991188
14 58 -0.01385968809858381
14 59 -0.046689370855246229
14 60 -0.076272319371637365
14 61 0.049156867858409843
14 62 0.019012119396882899
14 63 -0.12124936002888533
14 64 0.011160079428377276
14 65 0.023284021146619593
14 66 -0.01840405012606346
14 67 -0.16403864217857198
14 68 -0.070826755404441222
14 69 -0.0020801151119124654
14 70 -0.061106733535369599
14 71 -0.063779507326001836
14 72 -0.11138359708598231
14 73 0.091803162507577293
14 74 0.12754843466701149
14 75 -0.044453323607508768
14 76 0.077429750455955737
14 77 -0.064804698835133789
14 78 -0.062025219792416111
14 79 0.18633830040409191
14 80 -0.068929517001275323
14 81 0.064464002086698072
14 82 -0.042179431110211253
14 83 -0.030995143062979891
14 84 0.075103540705258223
14 85 0.093812553058024037
14 86 0.085829602277976078
14 87 0.081650061026843301
14 88 -9.4631508245723145e-05
14 89 -0.075598743770184301
14 90 -0.19429636965264369
14 91 0.0040387732650171548
14 92 0.075638465578214575
14 93 0.10558453668904107
14 94 0.025194985025600313
14 95 0.078709493017661697
14 96 -0.0033029208828397444
14 97 0.0074667625841260939
14 98 -0.18900521855209776
14 99 -0.066820882646291921
14 100 0.00026381074770049316
14 101 -0.048351025676557337
14 102 -0.1130829569380683
14 103 -0.037347613470710687
14 104 0.095563091579610529
14 105 -0.058771206382124352
14 106 -0.077830393627669955
14 107 0.044403467158796658
14 108 -0.030291142701412633
14 109 0.092970495942929679
14 110 -0.083992750968180527
14 111 -0.049660195369819568
14 112 -0.12766522350554896
14 113 0.0090948472273547701
14 114 -0.23669330815643153
14 115 -0.022964717654892327
14 116 0.13547168076894844
14 117 0.022165459685661734
14 118 0.039192334614693958
14 119 0.096973455883469326
14 120 0.023807743179611821
14 121 -0.074707774790781972
14 122 -0.03462180029796718
14 123 -0.015754181791821673
14 124 -0.024277973712641853
14 125 -0.032774547430750298
14 126 0.061642324399622757
14 127 -0.11747662552940179
14 128 -0.052760442197307508
14 129 -0.10415597347035903
14 130 -0.0021576357917941122
14 131 -0.047141947342637276
14 132 -0.010435218582934934
14 133 0.19997104724906986
14 134 0.070790713787190651
14 135 -0.091938019860049
14 136 -0.061908033386337331
14 137 -0.16456340451090443
14 138 -0.077028857990954533
14 139 -0.05913975831584193
14 140 0.044757762078787747
14 141 -0.032697312896799245
14 142 0.059400147118257807
14 143 -0.016390675881383487
14 144 0.054073150278619232
14 145 0.069216077230995751
14 146 -0.080598813984358406
14 147 0.080381951482948702
14 148 0.065052825578927331
14 149 -0.051092419551243377
15 16 0.10646953237709392
15 17 -0.069595565747358409
15 18 -0.098314661186762353
15 19 0.023785666424774275
15 20 0.10828206074114699
15 21 -0.022420870943571453
15 22 0.067081187253509034
15 23 0.042163657955335256
15 24 0.027367406196728488
15 25 0.036797837306694496
15 26 0.090198068155692909
15 27 -0.073917428509767596
15 28 0.10491505317712596
15 29 0.043202367037951266
15 30 0.019775277213494095
15 31 -0.036862561491750712
15 32 0.066293218224521694
15 33 -0.038080433951384794
15 34 -0.11910957161696903
15 35 0.13854655520281914
15 36 -0.040791047621244199
15 37 -0.044643181805433758
15 38 -0.089191754740992779
15 39 -0.069660595949986137
15 40 0.029111267710693948
15 41 0.027367381003560252
15 42 -0.031160385983646757
15 43 0.034567820981993576
15 44 0.081608355738782459
15 45 -0.13372956571846772
15 46 -0.0011646679259251184
15 47 -0.024725505871485743
15 48 0.11391305089692308
15 49 0.020625054398207322
15 50 -0.1054157820665846
15 51 -0.11113537595350645
15 52 -0.0032044443192407132
15 53 0.065738325146810189
15 54 0.0073781315129120163
15 55 -0.0016428686140448785
15 56 -0.072811669581480248
15 57 0.11458541872373135
15 58 0.13339530894071233
15 59 -0.073525147067141361
15 60 0.044976409049154682
15 61 0.016955225920241439
15 62 -0.016340560606004299
15 63 0.0064580727446865429
15 64 -0.028516726824897948
15 65 0.19733762296492194
15 66 -0.079804614033663845
15 67 0.078463878773360279
15 68 -0.061610341312963682
15 69 0.017538962136202822
15 70 0.087187370513791218
15 71 0.018827566930653655
15 72 0.043401462032049469
15 73 0.1153991564991276
15 74 0.092025322139023619
15 75 -0.11764379319680351
15 76 -0.015211320879280295
15 77 0.12073998425397368
15 78 0.22066458538663181
15 79 0.099724645954614236
15 80 0.019323645660105176
15 81 0.21915516681455302
15 82 0.028821200625617844
15 83 0.10228948768461912
15 84 -0.0036346506829689046
15 85 -0.11858690687839006
15 86 0.016796454385012021
15 87 0.015837394584091492
15 88 0.043962630728678093
15 89 0.1065524151870435
15 90 0.077147538503393051
15 91 -0.071143528412721868
15 92 -0.062007314701957882
15 93 0.0017631725278619502
15 94 0.036138268150499524
15 95 -0.12900689122003445
15 96 0.029169313295234898
15 97 -0.019720283740925035
15 98 0.051912002421149211
15 99 0.078673408764958846
15 100 -0.043600798999278198
15 101 0.057132507572356661
15 102 -0.14640646702974114
15 103 0.046822756612703152
15 104 -0.14795722649968904
15 105 0.0075392042921377141
15 106 0.012038015787439422
15 107 -0.010795413300528186
15 108 -0.027970514131105569
15 109 -0.1013925290166201
15 110 0.058908056173985798
15 111 0.064922482769438447
15 112 0.07027737767192975
15 113 -0.057919208998656144
15 114 0.023904738422440272
15 115 0.027593746560708877
15 116 0.020346455191843648
15 117 0.091585932891466368
15 118 0.014082264647223121
15 119 0.10745670619146759
15 120 -0.051457620320250572
15 121 -0.026503005512322566
15 122 -0.12501163242933427
15 123 0.057224561148492975
15 124 -0.018830999341238448
15 125 -0.015138246103008415
15 126 -0.053480171623050271
15 127 -0.02479504298741201
15 128 -0.0004417810684663671
15 129 0.0062922736482898846
15 130 -0.04816049475265341
15 131 -0.017919468111205018
15 132 -0.10671587370650426
15 133 -0.06516417009257143
15 134 -0.11602228104845279
15 135 -0.086833874446698739
15 136 -0.0073209640157312706
15 137 0.01115165817533278
15 138 -0.092872520932949273
15 139 -0.066054174296074866
15 140 -0.11860841703658025
15 141 0.034926395949426703
15 142 -0.011127743535592123
15 143 -0.1418988482501149
15 144 -0.0077544470001479453
15 145 0.02783701286044097
15 146 -0.091278870497565071
15 147 -0.097450570331811481
15 148 0.12070065635143763
15 149 -0.019641565848026434
16 17 0.069040941878145884
16 18 -0.014160368637728564
16 19 0.028802536929875507
16 20 -0.16868128877241301
16 21 0.016846844265435982
16 22 0.00031932641424871024
16 23 0.03646623400966726
16 24 -0.12877736335577877
16 25 0.013640102879497488
16 26 -0.11670550550417781
16 27 0.051657920042305398
16 28 0.055844801003316187
16 29 -0.040638567602560315
16 30 -0.033988655262178306
16 31 0.052042945760130632
16 32 -0.015603150044056336
16 33 0.074118619458241164
16 34 -0.012024019322153277
16 35 -0.02543260711176051
16 36 -0.03748302014997535
16 37 -0.021498493735879132
16 38 0.06043117187498049
16 39 0.068131532388786969
16 40 0.0089467726830989632
16 41 -0.026466773673184906
16 42 0.1013168743335566
16 43 0.046835664543664127
16 44 0.0094601180270768633
16 45 -0.03970118170934335
16 46 -0.037083354008694169
16 47 0.075809813681419577
16 48 -0.0011283547569148566
16 49 -0.061485335954178842
16 50 -0.10820997866915875
16 51 -0.084128065255582987
16 52 -0.040074563359117868
16 53 0.037979649439806716
16 54 -0.065003148730306617
16 55 -0.041357761623675222
16 56 0.015244949104186417
16 57 -0.060950372840643807
16 58 -0.027024903304613726
16 59 -0.1162784613713186
16 60 -0.064100371159801259
16 61 0.065794800867077258
16 62 -0.048679209478772544
16 63 0.10352362328124862
16 64 0.10300978593393072
16 65 0.1059931404799422
16 66 -0.12167593975667373
16 67 0.018724374702566899
16 68 0.093904145307396394
16 69 0.067892233320285933
16 70 -0.045186966444684465
16 71 -0.02677233385711995
16 72 0.0055256655010703076
16 73 0.026653758893214641
16 74 0.12621444305749305
16 75 0.12400707840880164
16 76 0.021459927872904641
16 77 -0.085419256801251106
16 78 -0.093573049826835869
16 79 -0.064950440121561107
16 80 0.13727526279935834
16 81 -0.073899394187614181
16 82 -0.02324107317443418
16 83 0.016614279593243568
16 84 -0.14404632599886016
16 85 0.01393424577233753
16 86 0.016032487269874923
16 87 0.13150381225164753
16 88 -0.066571626566207326
16 89 0.13254382164286613
16 90 0.16544525180713895
16 91 0.074193977018173901
16 92 -0.027725939852427776
16 93 -0.046058966983303529
16 94 -0.053557404921158264
16 95 -0.082184421250406869
16 96 0.11491386607103354
16 97 0.18079361388187368
16 98 0.026630517105086644
16 99 0.077451314889716349
16 100 0.13872574561186196
16 101 -0.049007338179164327
16 102 -0.043913971454738632
16 103 -0.075988418630673488
16 104 0.023813747258832754
16 105 0.0056693076056184332
16 106 -0.030940352074255207
16 107 0.084954856778992283
16 108 -0.015535988465774869
16 109 0.099324651117520604
16 110 0.12764449149773455
16 111 -0.041704318703973453
16 112 -0.0042846372018021748
16 113 -0.021561160568136971
16 114 -0.05855767708016292
16 115 -0.022951792017806599
16 116 -0.013217548196614222
16 117 0.025710932680096072
16 118 0.0025001116409963109
16 119 -0.027210848885761651
16 120 0.083535392389921165
16 121 -0.041481634291650187
16 122 -0.001586365499450742
16 123 -0.040679535752067848
16 124 0.1156418430235774
16 125 0.012684842115843191
16 126 -0.030895351770474061
16 127 -0.014830554602898978
16 128 0.088147911893703773
16 129 0.0051355797531548297
16 130 0.051730645786370114
16 131 0.074124887598045017
16 132 -0.017856532081118568
16 133 0.069651473176898876
16 134 0.039487231625849405
16 135 0.056069604775118534
16 136 -0.19586047970723527
16 137 0.023145699476436056
16 138 0.1176601148298058
16 139 -0.10452188843663174
16 140 0.053086867318662891
16 141 -0.0076928613265781695
16 142 0.21901715413656775
16 143 -0.05103283025190547
16 144 0.067073059189094661
16 145 -0.027182890906487962
16 146 -0.020264530396451052
16 147 -0.059398448982671097
16 148 0.034969014637421116
16 149 0.096862517805026735
17 18 0.16641152281059657
17 19 -0.059976580347952106
17 20 0.095123850735466156
17 21 0.034032647401431519
17 22 0.017765061382200607
17 23 0.19977572654726872
17 24 0.0026309815567806165
17 25 0.055943045281825962
17 26 -0.11302357947622775
17 27 0.11672871451472343
17 28 0.058979109081179981
17 29 0.070526968930734388
17 30 0.069770807088490164
17 31 -0.022993353226646123
17 32 0.037727063616354584
17 33 -0.11652983451749428
17 34 0.041915647131001127
17 35 0.097223466693926189
17 36 -0.0019176236443337285
17 37 -0.09575491168243605
17 38 -0.16464472706318367
17 39 0.034647730729005732
17 40 -0.15687766397237676
17 41 -0.067627687175990034
17 42 0.0031309423286491928
17 43 -0.024458803839917317
17 44 -0.010118054868794208
17 45 -0.060388915249227459
17 46 0.076416255757498427
17 47 0.060196151324740106
17 48 -0.088720902934660117
17 49 -0.0017058830401513383
17 50 0.013063963138391359
17 51 0.12396338823021122
17 52 -0.074695560069572203
17 53 0.005860851748318149
17 54 0.15392627756932203
17 55 -0.005786329602503794
17 56 -0.011250740744588955
17 57 -0.028286806723884925
17 58 -0.037079738374925945
17 59 -0.031536220446825129
17 60 -0.054053233288152203
17 61 -0.10360493973408365
17 62 -0.020812291535959405
17 63 0.1061408098447174
17 64 0.027659122806094203
17 65 -0.0015418107448696991
17 66 -0.098857730481926032
17 67 0.12896037159094892
17 68 -0.0272204127378061
17 69 -0.042619777978146409
17 70 0.04603266315769397
17 71 -0.014786532024396273
17 72 -0.06568731432518049
17 73 0.13379586743937677
17 74 -0.065505372841751008
17 75 -0.092774364824529998
17 76 0.04864979817508297
17 77 0.00023980340360518944
17 78 0.020770376018073782
17 79 0.020721657950920611
17 80 -0.09233197768857411
17 81 0.10072306627937727
17 82 0.037309441910614062
17 83 0.060520410879202929
17 84 -0.041251019348645473
17 85 -0.0063389185717758739
17 86 -0.11402958682985732
17 87 -0.021294900812106152
17 88 -0.065594634098374779
17 89 0.12691579266251812
17 90 0.10132181884808319
17 91 -0.073343522011003817
17 92 -0.076805333149707555
17 93 -0.08458894415415362
17 94 -0.12780635270426896
17 95 -0.10519109807501496
17 96 -0.088672711327637446
17 97 -0.022379691722219406
17 98 0.06544121257536499
17 99 0.0039853294967800044
17 100 -0.1449742248245337
17 101 -0.092212492088415796
17 102 0.094528542148940409
17 103 0.040911180899106385
17 104 0.06290298070962265
17 105 -0.051519499343762307
17 106 0.011853812270325365
17 107 -0.033867536420461378
17 108 -0.053310204837265875
17 109 0.11595770426561523
17 110 -0.033917839737830871
17 111 -0.053594569120360917
17 112 -0.0451789825720244
17 113 -0.12935783287015887
17 114 0.036661839246350754
17 115 -0.017933506249436463
17 116 0.062807125379418474
17 117 -0.20873714770511129
17 118 0.015044319871789716
17 119 -0.025630500804221391
17 120 5.7692650425374112e-05
17 121 0.040622473913667606
17 122 0.0090240663696395003
17 123 -0.063770106389175463
17 124 0.15825369885720045
17 125 -0.04722395636842551
17 126 -0.061969212398259678
17 127 -0.1116645563203009
17 128 -0.13383104341161642
17 129 0.093176916587988573
17 130 -0.03780750790179007
17 131 -0.10491556513332551
17 132 -0.052240372712905624
17 133 -0.0061561264765153606
17 134 -0.00027963692665531855
17 135 0.05830676438632159
17 136 -0.0018698142578668583
17 137 0.11015305792636
17 138 0.088474025827317157
17 139 -0.10664701666689659
17 140 0.054022776205552819
17 141 -0.055490459941980319
17 142 -0.035906400705358638
17 143 0.21119722917345776
17 144 -0.087425943004087153
17 145 0.014612484315805913
17 146 -0.13534046401160735
17 147 -0.038339041337664734
17 148 -0.20122718248434499
17 149 0.07880872405893645
18 19 -0.0073897604694457249
18 20 0.17089743073076924
18 21 0.006787369868009944
18 22 -0.079375784571649247
18 23 -0.032620329583191138
18 24 0.0886256795256299
18 25 -0.020240026145880649
18 26 -0.13377361277105868
18 27 -0.070355713038507628
18 28 0.017252803989045561
18 29 0.060443675075173543
18 30 0.07194174123864458
18 31 0.014113874274051082
18 32 0.057186054725014035
18 33 0.035370714783875809
18 34 0.074218688612314287
18 35 0.012319855103861972
18 36 -0.032428511282249654
18 37 -0.017052549669355922
18 38 -0.014089373216833059
18 39 -0.11522450744028008
18 40 0.072114079364516373
18 41 -0.0050602611277357273
18 42 0.082908002760279959
18 43 -0.051644361075823146
18 44 0.0088046181797320454
18 45 0.048752474402265343
18 46 -0.0081216278697087731
18 47 -0.053952819818657058
18 48 -0.014333009125694782
18 49 0.014946375822451752
18 50 -0.072515682778666088
18 51 0.053982275908991226
18 52 -0.0819842476104818
18 53 0.060455889951066016
18 54 -0.055967178407286086
18 55 0.12291220268479622
18 56 -0.12637864751260855
18 57 -0.13674478063496287
18 58 0.03933407095776547
18 59 -0.080884111901060388
18 60 -0.10599915793298566
18 61 0.072965534330426143
18 62 0.11210228178147852
18 63 -0.076927015982473188
18 64 0.021517880913930677
18 65 0.088801472824668895
18 66 -0.020033674959907693
18 67 0.034099908777432054
18 68 -0.012711247495672895
18 69 -0.045911391350227836
18 70 -0.063845963628528263
18 71 -0.17012778313477944
18 72 -0.055963183950128441
18 73 -0.087150826080574603
18 74 0.029192962968234142
18 75 -0.021012407053421833
18 76 -0.0246105679970497
18 77 0.11433593229445886
18 78 0.077271102678016748
18 79 -0.046321335985031978
18 80 0.13020602139555915
18 81 -0.050045173675379036
18 82 0.014465723035506224
18 83 -0.096023232798658945
18 84 0.1186897595614507
18 85 0.029940887261605317
18 86 0.06849596892684949
18 87 0.098247073405482777
18 88 0.063205302503481636
18 89 -0.03329758020233476
18 90 -0.022992637535859548
18 91 0.07691925003838046
18 92 -0.14610701197604317
18 93 0.0063282261174875988
18 94 0.016998043965073213
18 95 -0.058133040975524471
18 96 0.027234183290138412
18 97 0.092628135513543278
18 98 0.062404359522771194
18 99 -0.10977009681410325
18 100 -0.052163586271660678
18 101 0.079117967504468562
18 102 0.06031064951257499
18 103 -0.04558605693607605
18 104 -0.08376732405292496
18 105 0.09047969303474139
18 106 0.081069585267684402
18 107 -0.11923982051267094
18 108 0.015315828322438187
18 109 -0.055490400241737438
18 110 0.0065257584752760707
18 111 -0.07227538993673259
18 112 0.025977349682270393
18 113 -0.019145788775934362
18 114 -0.021417572469349493
18 115 0.055379835096152283
18 116 -0.034312430021821549
18 117 0.034974621302207562
18 118 -0.022023595328316742
18 119 -0.056916994681815866
18 120 -0.087964843700372483
18 121 -0.0014886848532959132
18 122 0.086868618106726775
18 123 0.07163463430595135
18 124 -0.13068700358220284
18 125 0.11575470853910472
18 126 0.059207905260505796
18 127 -0.038068762595693806
18 128 0.14136430288836821
18 129 -0.048247933659723283
18 130 -0.12893637071982866
18 131 0.088463076112235001
18 132 -0.097981959529811036
18 133 0.02544817083623243
18 134 -0.071278277762744521
18 135 -0.04166564288991717
18 136 -0.011790708552600846
18 137 0.019031834925147737
18 138 -0.026389531637455471
18 139 -0.063769139802015651
18 140 0.038999265897057475
18 141 -0.15843212130766318
18 142 -0.02194818955712528
18 143 0.087873185248227015
18 144 0.079487888641173746
18 145 -0.065065045396296817
18 146 0.0021417658175222625
18 147 -0.12625889742023752
18 148 0.07324501843285626
18 149 0.041847991753797074
19 20 0.050847841043334924
19 21 -0.048108061176407486
19 22 -0.057495393391486856
19 23 0.1012514760118446
19 24 -0.046625309702542188
19 25 -0.06106585606097862
19 26 0.048163305369294675
19 27 0.0065298031404393735
19 28 0.18310509025214894
19 29 0.12153712281903722
19 30 0.071976990221420761
19 31 -0.12164707688130552
19 32 -0.0048006574288893258
19 33 0.023010624273745839
19 34 0.041234036039032661
19 35 0.047279370668859115
19 36 -0.002658138285513065
19 37 -0.012619474921056566
19 38 0.04301002142113515
19 39 -0.11376284819996628
19 40 0.025969519171349754
19 41 -0.042862365032710556
19 42 -0.0027488510543063312
19 43 0.047604315680738939
19 44 0.055630155933137179
19 45 -0.1105704081101492
19 46 -0.0984879852449453
19 47 0.004709812626850351
19 48 0.096767006950964338
19 49 -0.046609665684615526
19 50 0.065268640874996967
19 51 -0.10303496924989108
19 52 -0.08892723391346373
19 53 -0.030544578642229467
19 54 0.010657098681446238
19 55 0.11647101770811041
19 56 -0.062595275874188769
19 57 0.11234493507429993
19 58 -0.051096625532426811
19 59 0.049690751132531359
19 60 -0.034642755752994706
19 61 0.1090659131467159
19 62 0.050585752296332755
19 63 -0.05924028770783011
19 64 0.0083908854524667696
19 65 -0.041851432087929019
19 66 -0.17368139952270875
19 67 0.10231582939136449
19 68 -0.055870018137069891
19 69 -0.049591562600995932
19 70 -0.027411108865077735
19 71 0.1016925713064513
19 72 -0.078220966734497438
19 73 -0.0258905683632774
19 74 0.05462694668558217
19 75 -0.020789668182622359
19 76 -0.086148481151984688
19 77 0.048747781625244666
19 78 -0.024761986438749113
19 79 -0.021303520438630381
19 80 -0.032964377679523198
19 81 -0.048124556685344155
19 82 0.11881668296236017
19 83 -0.033581335196861475
19 84 0.005390435323324198
19 85 0.091213772644684152
19 86 0.11396714721808103
19 87 -0.012724815138313399
19 88 0.025512533644608988
19 89 0.018098573777012267
19 90 0.049949823745744804
19 91 0.077550232202089231
19 92 -0.05486856402089621
19 93 0.1249104298482219
19 94 -0.070435962138065855
19 95 0.010328818010148694
19 96 0.057887726041288563
19 97 -0.025097121182825512
19 98 0.050470055599544698
19 99 0.063156934390436084
19 100 -0.0065787029180359134
19 101 0.038316419109721264
19 102 -0.07836262791337642
19 103 -0.20337269792261778
19 104 0.062659913521406665
19 105 -0.17840400398679102
19 106 0.017313343781943602
19 107 0.012388891295896707
19 108 -0.043912788712682588
19 109 0.030914105037927901
19 110 0.1248508471333782
19 111 -0.0095207500943113466
19 112 -0.12511602257259549
19 113 0.057732146573468479
19 114 -0.037741295666611725
19 115 -0.0061000448880356587
19 116 0.012340187555363074
19 117 -0.029109184839797513
19 118 -0.086685242576702043
19 119 -0.086428644570726479
19 120 0.0024763545804458438
19 121 0.0048859167963819445
19 122 0.013268723436750403
19 123 -0.023704176183768751
19 124 -0.07366562107947644
19 125 -0.013425336607875189
19 126 0.060676872127115908
19 127 -0.0011717177405470955
19 128 -0.041317329182642269
19 129 -0.023977067876769325
19 130 0.0020197571413762484
19 131 -0.029660965795681598
19 132 -0.061502945006130537
19 133 -0.011707861657211431
19 134 0.048704767608909551
19 135 -0.059177675775534969
19 136 -0.091226732374545511
19 137 0.048398904661466298
19 138 0.033201730085701368
19 139 0.083296234414600254
19 140 0.10815771081855037
19 141 -0.023642659893656947
19 142 0.030304125159900164
19 143 -0.043700448534732629
19 144 0.075343364049809555
19 145 0.084603767796225582
19 146 0.056861511377553131
19 147 0.000164434436893151
19 148 -0.079083854043158056
19 149 -0.016047739210500175
20 21 0.080612157186838243
20 22 0.10702970951162148
20 23 -0.12737063213948774
20 24 -0.079027150644567432
20 25 0.11202314648933639
20 26 -0.1398451952163334
20 27 -0.044401221316281797
20 28 -0.043934577189024167
20 29 -0.056546902022078883
20 30 0.057621019224693849
20 31 0.0080359510402515291
20 32 0.055610361415973232
20 33 -0.0094518909342627948
20 34 -0.13056898852610205
20 35 -0.011131191334374043
20 36 0.065511346138901319
20 37 0.053886907675118646
20 38 0.09195690361639787
20 39 0.055008408152662655
20 40 0.00029047804184918351
20 41 -0.038628278827004335
20 42 0.059123214216432608
20 43 -0.1149206641122153
20 44 -0.051168251456686062
20 45 -0.073825383434832664
20 46 -0.10576444623207974
20 47 0.076474186841645794
20 48 0.11393746497176406
20 49 0.025057682412737255
20 50 -0.092569469779019767
20 51 -0.055306804264357509
20 52 -0.018009905466509851
20 53 -0.061823664399172605
20 54 0.032739645702673348
20 55 0.12359962318981298
20 56 -0.11853134287597476
20 57 -0.032929692809022318
20 58 -0.025228313071648373
20 59 0.033560343776728216
20 60 0.04477558332104354
20 61 0.075443620284049218
20 62 0.038522733202174551
20 63 0.099364818215052178
20 64 0.031795089646405698
20 65 -0.059821707062372984
20 66 0.17046413544967845
20 67 -0.021896663133304434
20 68 -0.089594827452412346
20 69 0.082733386717231336
20 70 0.046046948016099258
20 71 0.01184309309410881
20 72 0.022677837004528932
20 73 -0.021201235804358204
20 74 -0.041303124967459234
20 75 0.11241095548213552
20 76 -0.053789246838591778
20 77 0.011114673883683035
20 78 0.042613874845551257
20 79 0.052982988701691103
20 80 -0.10981981546151902
20 81 -0.0014754256092761723
20 82 -0.062530500469773917
20 83 0.17235760764478086
20 84 0.057394966388932232
20 85 0.085921430065219753
20 86 0.10259428752517347
20 87 -0.13682256579878171
20 88 -0.057671797100624422
20 89 -0.067307538354565266
20 90 0.053946645180200627
20 91 -0.11574959077984306
20 92 -0.10724146980473569
20 93 0.024256712463540876
20 94 -0.19256444756430796
20 95 0.10988867993215956
20 96 -0.038433500480048954
20 97 0.13831490190695095
20 98 -0.030900782502435057
20 99 -0.10963141339276371
20 100 0.06952729083061443
20 101 0.057237782025987172
20 102 -0.085759025298315958
20 103 0.11543769748935587
20 104 -0.005078602210947256
20 105 -0.018337839961189609
20 106 0.098495765913855796
20 107 -0.07089994537237243
20 108 0.10640617292775059
20 109 0.098402844790197272
20 110 -0.088186801535629175
20 111 -0.050359067592986195
20 112 0.14446517360946878
20 113 -0.16098244879461412
20 114 -0.057102105017966358
20 115 -0.10519764631132053
20 116 0.11139774863084372
20 117 -0.029729558109569142
20 118 0.077030945962348371
20 119 0.14377985520681227
20 120 -0.052760522599259646
20 121 0.11626413268201066
20 122 -0.047857242502381145
20 123 0.047984480504771443
20 124 0.024842666823568005
20 125 0.099514725778040547
20 126 0.0085503673099388781
20 127 0.049671323331381474
20 128 0.090249552862617252
20 129 0.064332850032527325
20 130 -0.043010443653033546
20 131 0.082541718311817253
20 132 0.076339418549115343
20 133 0.007695000709111866
20 134 -0.0056919450445461752
20 135 0.054795697827577629
20 136 0.044181997885207019
20 137 -0.054350588104296715
20 138 -0.092393679718331428
20 139 0.047752985736921071
20 140 0.048868696857696313
20 141 -0.043408633978288223
20 142 -0.11377787677174037
20 143 -0.064085346842381735
20 144 -0.077456748409582291
20 145 -0.032862647964441327
20 146 0.0081752676301773061
20 147 -0.020032835463835764
20 148 -0.098024571741419236
20 149 0.081424457330039862
21 22 0.098846199074041505
21 23 0.025395566532293294
21 24 -0.00076049962644687895
21 25 -0.0036859929058499102
21 26 -0.031614992040208116
21 27 0.036583540114512855
21 28 -0.042778003234899546
21 29 0.090043418374086151
21 30 0.14812639785434109
21 31 -0.01322234568353591
21 32 -0.073520033608221819
21 33 0.14455797303957324
21 34 -0.0069756617389805618
21 35 -0.013442554057875675
21 36 -0.066053210484332242
21 37 0.010486928622740551
21 38 0.029618349979163815
21 39 -0.012276539710089542
21 40 -0.065508223114995476
21 41 -0.054228543125524199
21 42 0.077000975542204628
21 43 -0.0075558578802077956
21 44 -0.038791679059549111
21 45 -0.019267952263798561
21 46 0.10447427326274328
21 47 -0.085968510866649889
21 48 -0.19085802067598212
21 49 -0.044287047311663233
21 50 0.08194513652925213
21 51 0.04691997087104758
21 52 -0.020043374881488229
21 53 -0.062672695711294329
21 54 0.14759825705132462
21 55 -0.017235436211702974
21 56 0.032851000905216955
21 57 -0.010958791221450985
21 58 -0.050793271288156153
21 59 0.080491450476706111
21 60 -0.012439161768471738
21 61 0.065894738776041295
21 62 -0.085685052362612021
21 63 -0.058169751536711271
21 64 -0.014045641345131785
21 65 0.096969129881896127
21 66 0.058822349691459823
21 67 -0.084105141468121772
21 68 0.0026974700364379616
21 69 0.0086492339401423955
21 70 -0.06395551195507182
21 71 -0.064097308021260263
21 72 -0.066760663607935714
21 73 0.12067446331796491
21 74 -0.023201687178214046
21 75 -0.034394148642962377
21 76 0.061295575732229095
21 77 -0.071554435741272696
21 78 0.077871922046283265
21 79 0.025465424550587385
21 80 0.014170274617499019
21 81 0.027302834235543132
21 82 -0.062444751583141882
21 83 0.03539745965194304
21 84 0.059242059902648074
21 85 0.021962809005673895
21 86 0.08144869574715502
21 87 -0.1341034124561461
21 88 0.069860685661694108
21 89 -0.048504684957100953
21 90 -0.016864712899685209
21 91 -0.052746429146058142
21 92 -0.068729022193161043
21 93 -0.079799037088814681
21 94 -0.043118951082497865
21 95 0.072575251318746287
21 96 0.11584445434187317
21 97 0.14249904276541556
21 98 0.06845033912265916
21 99 -0.044135558976103328
21 100 0.10166274453792704
21 101 -0.054836426450073743
21 102 0.062278711235494943
21 103 -0.048249718579377578
21 104 0.086572212964156223
21 105 -0.015163512483231769
21 106 0.10439168333020263
21 107 0.037554781009261198
21 108 -0.0094868104013144574
21 109 0.028944827317225294
21 110 -0.073665369175193132
21 111 0.0019104986547297397
21 112 -0.12471005592103744
21 113 0.005686738891531826
21 114 0.040651986555883132
21 115 0.019160299599779676
21 116 -0.052944265789921958
21 117 0.084014154712640524
21 118 -0.099011892654848013
21 119 0.003370833399121718
21 120 -0.0079837712265184557
21 121 -0.083021018585215475
21 122 0.0035062356820576676
21 123 0.0081555832948155826
21 124 0.001688402036854173
21 125 0.16449425264786205
21 126 -0.0062549510680244887
21 127 0.053633256854808478
21 128 -0.057172413500146076
21 129 0.074257553266430604
21 130 0.073492061510940718
21 131 0.0028086429765628103
21 132 -0.066595793672938983
21 133 -0.015394552030799952
21 134 -0.1438605829418845
21 135 0.0029497646820992674
21 136 -0.031157690983887851
21 137 -0.139412073562071
21 138 -0.050477637025251106
21 139 -0.02926555652142623
21 140 0.0024852307689214362
21 141 -0.11354333862413174
21 142 0.10140506980017848
21 143 -0.086993300347034577
21 144 -0.042053284751244729
21 145 -0.15338734275656579
21 146 -0.023682592797950423
21 147 0.025517483891923647
21 148 -0.0036669739993627271
21 149 0.027541481168499058
22 23 0.045779610070278844
22 24 0.015635291780247515
22 25 0.06828797567840772
22 26 -0.052626948619245037
22 27 0.071217363148197987
22 28 -0.010333495011249357
22 29 -0.065738970490095819
22 30 -0.11694008597724836
22 31 0.013220849304283805
22 32 -0.043860815428941338
22 33 0.023687177937804962
22 34 -0.0011339088982240621
22 35 -0.073499363541121257
22 36 0.10986430053898809
22 37 -0.058954178974354884
22 38 -0.0072316418749158564
22 39 -0.076277466957718518
22 40 -0.13888347244730864
22 41 -0.17392469702162117
22 42 0.028655318263225853
22 43 -0.054984685834635408
22 44 0.030180135033936895
22 45 -0.06687851438341591
22 46 0.0027855139404722204
22 47 0.022727864016646317
22 48 0.060583313847233582
22 49 -0.12278253409717518
22 50 0.049341377861806222
22 51 -0.069885087435749726
22 52 0.1111172297713855
22 53 0.028562482908736173
22 54 -0.15497122686783737
22 55 0.0033919689569556965
22 56 0.11973123945136027
22 57 0.019878390585433687
22 58 0.0478987375472089
22 59 0.0067084771114647194
22 60 -0.039235688163094695
22 61 0.1360393629440258
22 62 0.09444905359981022
22 63 -0.10126319782351288
22 64 0.076032564565390745
22 65 -0.047661547013319087
22 66 -0.12352363081175148
22 67 0.013291795851744287
22 68 -0.055263347840818662
22 69 0.010761904013695024
22 70 -0.020949669462314129
22 71 0.018849158100989409
22 72 -0.12942394459512474
22 73 0.063581662889474408
22 74 0.058328282404709962
22 75 -0.11511859846783559
22 76 0.076576721917954213
22 77 0.11950066738493739
22 78 -0.075310537646976414
22 79 -0.10930803975427007
22 80 0.0049579779400504452
22 81 0.037365525911550915
22 82 0.16014612773294007
22 83 -0.011805420207594716
22 84 0.13895533283859282
22 85 0.086623518730072097
22 86 -0.034206380627207433
22 87 -0.13629768249139096
22 88 0.15900140597126933
22 89 0.0035681373896642851
22 90 -0.0029446002086262997
22 91 0.1855271630011093
22 92 0.20074326597737491
22 93 -0.073147488029465843
22 94 -0.028773891396320597
22 95 0.077748345373081951
22 96 0.00042491236095573552
22 97 -0.027514341577708046
22 98 0.057941783832386573
22 99 -0.042793431584592367
22 100 0.12550042263985425
22 101 0.064333182011302475
22 102 0.016847365952835803
22 103 0.047329123992211536
22 104 -0.020820643374056914
22 105 0.16709177985336468
22 106 0.0035405802577307519
22 107 0.094203192698638721
22 108 -0.067422898053824357
22 109 0.0039105464529003977
22 110 0.053100492179526691
22 111 -0.085380785657039937
22 112 0.092652777461214975
22 113 0.07205470854401097
22 114 0.094395340481737519
22 115 -0.14199128540784206
22 116 0.16445754138760749
22 117 -0.04071057497334267
22 118 -0.052052814888856623
22 119 -0.065707200749641315
22 120 0.12941842463072092
22 121 0.025963551584792056
22 122 0.031834406915723049
22 123 0.060554523147665643
22 124 0.15890362177827197
22 125 -0.079997247668665186
22 126 -0.045641636947854752
22 127 0.13784815073931342
22 128 0.089094972983019022
22 129 -0.10789321715751547
22 130 0.066531985504613811
22 131 -0.042809798721289566
22 132 0.05540448364133177
22 133 -0.087174731671217476
22 134 0.10138972095594677
22 135 -0.10110444628980308
22 136 -0.030221523079616525
22 137 0.023079243134897964
22 138 -0.073336551448992898
22 139 0.035700704546539855
22 140 0.093109017919639755
22 141 0.00053595372182190556
22 142 0.091103820845380962
22 143 -0.088639414357334703
22 144 -0.15144935901788512
22 145 0.069741596659754601
22 146 0.016174472928723507
22 147 -0.0084120667817240563
22 148 0.045806349471266682
22 149 -0.049206158742050872
23 24 -0.056398753498568294
23 25 -0.090228972276005792
23 26 0.15200554173192132
23 27 -0.040839617216877809
23 28 -0.14176646696272843
23 29 0.010932029061420939
23 30 -0.034232176346685031
23 31 0.029475806155429194
23 32 -0.19333676503912831
23 33 -0.092976205539611029
23 34 -0.10513626759176721
23 35 0.093298030827466724
23 36 -0.089357467156828199
23 37 0.15014926080970831
23 38 0.14431463897743621
23 39 -0.098166493023177537
23 40 -0.097228065939406888
23 41 -0.14087989709853319
23 42 0.080616908584590252
23 43 0.096580357487680679
23 44 -0.11294193414145613
23 45 -0.025828611051313045
23 46 -0.11951804188896993
23 47 0.020823139363307246
23 48 0.055634198128738932
23 49 0.090772739784942144
23 50 -0.025114658403092027
23 51 -0.036528982826402878
23 52 0.21742285560737959
23 53 -0.051000634855237356
23 54 0.061642377324164402
23 55 -0.049791370366402118
23 56 -0.02087253151032338
23 57 -0.075988311966768723
23 58 0.09906263606233244
23 59 -0.020730179886669396
23 60 0.0094462967024838522
23 61 0.084978412234145859
23 62 0.022031011367598559
23 63 -0.097454884384738774
23 64 0.077239421307248771
23 65 -0.16727829583483603
23 66 -0.063800956709689327
23 67 -0.044924270519190922
23 68 0.0023173040526773938
23 69 0.16740922553101284
23 70 0.02670384104592095
23 71 0.024607150346732422
23 72 0.03201490272603609
23 73 -0.156365787068904
23 74 0.16282797325844961
23 75 -0.052444473171231222
23 76 -0.083280488236739864
23 77 -0.031469807480550109
23 78 0.034919293035502445
23 79 -0.043104521902736226
23 80 0.074495905945537289
23 81 0.073433727446567967
23 82 -0.10631609188877748
23 83 0.022100648421806968
23 84 -0.038649682533855576
23 85 -0.01642990473572209
23 86 0.033616457886879586
23 87 -0.036646227534171988
23 88 -0.076329675793217783
23 89 0.17372245678083231
23 90 0.0018376088936546359
23 91 -0.052121670368797363
23 92 0.12023489671116741
23 93 -0.06380874477707181
23 94 0.079461828901428583
23 95 -0.14971613935070963
23 96 0.0089624477074698086
23 97 0.066107540596844178
23 98 -0.1422173657789145
23 99 -0.021258012497057135
23 100 0.0072496570007286269
23 101 -0.028894139021988015
23 102 -0.14248952538371226
23 103 -0.098696152692647338
23 104 0.080701012369170169
23 105 0.1059234468309754
23 106 0.067826571107727912
23 107 -0.054382619335418839
23 108 0.031751938639412502
23 109 -0.090395978599325091
23 110 0.054256743613979003
23 111 -0.023473243319751671
23 112 0.080583737614733753
23 113 -0.10534318500202022
23 114 -0.014159573082855651
23 115 -0.053796918932201607
23 116 0.016892012887655464
23 117 0.11791023568426075
23 118 0.079741672019538259
23 119 -0.022750578705636688
23 120 -0.055472368536738328
23 121 0.086869315452063639
23 122 0.013304693567330808
23 123 -0.096292949493462981
23 124 -0.008653852633801206
23 125 -0.077281991318352769
23 126 -0.12871765761598949
23 127 0.043134151259611127
23 128 -0.018474179159296306
23 129 0.019649450133653001
23 130 0.024468736783470307
23 131 -0.14676660694752849
23 132 -0.030659672721265026
23 133 0.046999799531954226
23 134 -0.00011334631664658953
23 135 -0.11026782680398566
23 136 0.068544138029127302
23 137 -0.071218405176161126
23 138 0.19668116607220504
23 139 0.075587307577163323
23 140 -0.096759690965447259
23 141 -0.0048835185396239617
23 142 0.02527359163665463
23 143 0.12527574893036786
23 144 -0.05652255733028555
23 145 -0.028841900641295676
23 146 0.10960707269004624
23 147 -0.043624217950082637
23 148 0.055377773662862353
23 149 -0.022244384324092155
24 25 0.033846507193843689
24 26 -0.018802420832435586
24 27 -0.090472471638284951
24 28 0.10958702521558761
24 29 0.030495410906776443
24 30 0.11328780546429111
24 31 -0.010363206958685429
24 32 -0.11213270705236074
24 33 -0.025024557994794378
24 34 0.061779934485328251
24 35 -0.038981429033169791
24 36 -0.046469376094238547
24 37 0.050127712817013705
24 38 -0.060418314139396329
24 39 -0.022694903715082138
24 40 -0.06383775072375282
24 41 0.11888108827974875
24 42 0.058030784785220856
24 43 -0.01393523189397837
24 44 -0.035058548550818601
24 45 0.0048782596683906226
24 46 0.020291861946033083
24 47 -0.04911177090677029
24 48 -0.030067074804046866
24 49 -0.027605407321388574
24 50 0.021124845444149283
24 51 0.033672596383223459
24 52 0.090676312941276732
24 53 -0.093260113881055248
24 54 0.062669525655880839
24 55 0.011581952987682656
24 56 0.092762108238019211
24 57 -0.044508227529798071
24 58 -0.14863375134526619
24 59 -0.08888290774072645
24 60 -0.005175542874973643
24 61 -0.120496127228319
24 62 -0.061463641438081182
24 63 -0.10091043312753775
24 64 0.037038556017540608
24 65 0.066630135054010817
24 66 0.12384378584306897
24 67 0.063434723895416351
24 68 0.04234927325943736
24 69 0.042594422030188622
24 70 -0.068915558538536828
24 71 -0.016543646412305397
24 72 0.16804245324138434
24 73 0.15052315210749323
24 74 -0.024226976307540751
24 75 0.09606695860860516
24 76 -0.084522983809740659
24 77 -0.068067281160610185
24 78 -0.077216489229703714
24 79 0.044067348997155698
24 80 -0.051729486795317588
24 81 0.022811953293298191
24 82 0.044699143466641736
24 83 0.16386406042719945
24 84 0.01865089950681512
24 85 -0.048079859629153524
24 86 0.075384206846733567
24 87 -0.10083509117195202
24 88 0.092244334715496826
24 89 0.061749993895015072
24 90 -0.0023177739072068547
24 91 -0.11344282831899609
24 92 -0.08084795901098224
24 93 0.21723994838783461
24 94 -0.039513005306542018
24 95 0.043644686161104347
24 96 0.12288402686185283
24 97 -0.10357781232071769
24 98 -0.090856237776609686
24 99 -0.1398448645314905
24 100 0.022263055416545358
24 101 0.095362417398742114
24 102 0.035161196565879162
24 103 -0.12599547719589266
24 104 0.13282138576768818
24 105 0.11626910730326877
24 106 -0.050751694105601111
24 107 0.080931392933117227
24 108 -0.10592051706092487
24 109 -0.0080466956024869384
24 110 0.005460918343447343
24 111 0.0020690841716853791
24 112 -0.079254813758731335
24 113 0.045299255119400215
24 114 -0.14230425076820138
24 115 -0.030053251236260521
24 116 -0.04831067399983445
24 117 0.064219298730851637
24 118 0.0020423827105105824
24 119 -0.0081012761564264353
24 120 -0.048771509404878739
24 121 0.11175052577341904
24 122 -0.10889903443317601
24 123 0.011963153683213917
24 124 0.030134467153035426
24 125 0.079165343985560216
24 126 0.037825304938124332
24 127 0.098090581036674757
24 128 -0.16006872558905888
24 129 0.064214405438638031
24 130 -0.046511630401558909
24 131 -0.012519033477806446
24 132 -0.15912286614885593
24 133 0.045935322709750981
24 134 0.047592270802314166
24 135 0.059067972061268188
24 136 0.11168613640940651
24 137 -0.0092067488586609538
24 138 0.04415772831545442
24 139 -0.043185953441846898
24 140 -0.023108325762269941
24 141 -0.055530348346046463
24 142 0.052207802024676557
24 143 0.052746224851003713
24 144 -0.037227505950207698
24 145 0.10897438482233107
24 146 -0.075309825897845573
24 147 0.1347032160794055
24 148 -0.17835063654693234
24 149 0.062880665089203452
25 26 0.09561681653436209
25 27 -0.026761790675662398
25 28 -0.00084304180730472794
25 29 -0.041278011558454952
25 30 0.040541810182732826
25 31 -0.0014966280057469132
25 32 -0.047632857149826804
25 33 -0.079908532920231687
25 34 0.057857183794590539
25 35 -0.042744261996744776
25 36 -0.035802484239937885
25 37 -0.021020419127292463
25 38 0.1703333499008694
25 39 -0.040457530414766442
25 40 0.040314350421537783
25 41 0.015142833802211868
25 42 -0.0024629686070361863
25 43 0.136392211965565
25 44 -0.0082447852319126776
25 45 -0.038322909576704832
25 46 0.032525208890138393
25 47 -0.051841819868277482
25 48 -0.045967147048656759
25 49 0.16175511997155448
25 50 0.12846799777035375
25 51 0.031417330109379915
25 52 -0.053363870434929905
25 53 -0.055728552556381344
25 54 0.032385154162332244
25 55 0.11905529435710271
25 56 -0.049410406686364289
25 57 0.093881722037059301
25 58 0.045005564203415234
25 59 -0.066452357044797725
25 60 -0.13194193243177782
25 61 0.038056009602546903
25 62 -0.065254300256036915
25 63 0.031672977291984449
25 64 -0.11429084670670833
25 65 0.027497700140284489
25 66 0.11172829408464365
25 67 0.11374939650151963
25 68 0.11024820309420756
25 69 -0.025181591380646268
25 70 -0.13305358549243956
25 71 -0.03413649368412635
25 72 0.066837517383888018
25 73 0.14525665366533691
25 74 0.07660528958647829
25 75 0.13596560739033545
25 76 0.038166059889977948
25 77 0.10547208848831102
25 78 -0.032148668134909533
25 79 -0.014519383378152121
25 80 -0.0067605375794400086
25 81 -0.054064518381561059
25 82 -0.0006998168330545261
25 83 0.001407729202317259
25 84 0.076183906757703687
25 85 0.15223086202865618
25 86 0.1311621776538818
25 87 0.058970575076831282
25 88 -0.029915012392394202
25 89 -0.088943923990737153
25 90 0.065784853019923012
25 91 -0.082186479919028971
25 92 0.1349418448196387
25 93 -0.011934293137985471
25 94 0.012428323259437851
25 95 -0.055015916573235242
25 96 -0.099142886425334156
25 97 -0.099619616274205361
25 98 -0.15217209078651614
25 99 0.024261603712876882
25 100 -0.10794859569574349
25 101 -0.0049118910966520464
25 102 -0.013025210351822365
25 103 -0.093900828726892344
25 104 -0.18481604915172437
25 105 0.15961996970434267
25 106 -0.062336841941348718
25 107 0.069068264135485558
25 108 -0.019868001657606552
25 109 0.064198585569220756
25 110 -0.035463799320462189
25 111 0.11124566948250643
25 112 -0.020046386640618922
25 113 -0.022919024496714163
25 114 0.0073372835313566757
25 115 -0.08567608787475238
25 116 -0.15396064148921074
25 117 0.01380867681898198
25 118 -0.022127386123472328
25 119 0.044631300422525652
25 120 0.055597873122957678
25 121 0.062857105515232464
25 122 -0.049473478796867212
25 123 -0.049613723771334342
25 124 0.11656213314394569
25 125 0.011721651635331213
25 126 0.071829442358493326
25 127 0.049553319024490144
25 128 0.034477879230089999
25 129 0.0093038359086538795
25 130 -0.0094607053093850625
25 131 -0.03886778870084924
25 132 0.027545737070902326
25 133 -0.11318938007553299
25 134 -0.011627593724706137
25 135 -0.092864181422417147
25 136 -0.10382592304101898
25 137 -0.027924485124076744
25 138 -0.089463550991285223
25 139 0.022398009322497602
25 140 -0.0029087047839967957
25 141 0.072194563053724695
25 142 -0.056802177095264958
25 143 -0.062651189802009566
25 144 -0.020339603552192363
25 145 0.08708738464501492
25 146 0.053275736343509079
25 147 0.12184261158792846
25 148 -0.014218287011628106
25 149 -0.032513126092671055
26 27 0.0467992378323
26 28 0.14269143945127116
26 29 -0.063008034707605923
26 30 0.12181622282499818
26 31 0.12217791935337186
26 32 0.022029709430181996
26 33 0.013272664523563913
26 34 -0.10962025920749427
26 35 0.0035740657635402505
26 36 -0.071962766827799743
26 37 -0.10833776742726946
26 38 0.081659372589204915
26 39 0.10367243578805227
26 40 -0.012628962609120614
26 41 -0.048606070561832027
26 42 0.22473293395109084
26 43 -0.033052547812650303
26 44 -0.12046555618725924
26 45 -0.016213352600944198
26 46 0.0056022387264671849
26 47 0.026041423600456765
26 48 0.0045231414695086937
26 49 -0.022517898092114713
26 50 0.12785089120470092
26 51 0.066185541415833896
26 52 0.020623414657827174
26 53 0.089307096608211844
26 54 0.12110931573560094
26 55 0.051484473239350105
26 56 -0.10963418382401931
26 57 0.057184377855033157
26 58 -0.0088756627651170907
26 59 -0.063195825660503399
26 60 -0.10015424495291073
26 61 0.082581795521707316
26 62 -0.081699546734472217
26 63 0.020885559175558663
26 64 -0.068279484833329906
26 65 -0.034452724932340653
26 66 0.027769406643359001
26 67 0.097817021327311224
26 68 -0.07180162340644114
26 69 0.25055811342831852
26 70 0.047981345667114615
26 71 -0.0019409546942179392
26 72 -0.032271155974592271
26 73 -0.044708638772698435
26 74 -0.025852665149927446
26 75 -0.073060410995493971
26 76 0.036784116557272283
26 77 0.015966465112537499
26 78 0.17280694044397887
26 79 0.097338626505811696
26 80 -0.0018891255761077713
26 81 -0.093127069494273337
26 82 0.0070422424939827451
26 83 -0.053477089406411715
26 84 0.035071458598696835
26 85 -0.019175285645332447
26 86 -0.11951547649926807
26 87 0.015107890090063461
26 88 -0.038564429154689238
26 89 0.042849479356102171
26 90 -0.08794422945276896
26 91 -0.035271903925339985
26 92 0.0072459269422983918
26 93 -0.10280490527004819
26 94 -0.082767452918058176
26 95 0.023322877408690539
26 96 -0.0074899796662946053
26 97 0.058215481471316263
26 98 -0.060864733641247018
26 99 -0.028441856697342859
26 100 0.0061232753403218636
26 101 0.014576289831802539
26 102 -0.03261729003128714
26 103 -0.10382198451979432
26 104 -0.053775642146301254
26 105 -0.050177397057332714
26 106 -0.027951561248925078
26 107 -0.11422477014439884
26 108 0.10379758686601463
26 109 0.092580427627799777
26 110 0.072711210983732913
26 111 0.0082390790452896538
26 112 0.035443257294453717
26 113 -0.089729119586660383
26 114 0.012487215667109046
26 115 0.033631590633458608
26 116 0.11413103638838207
26 117 0.014185735159308557
26 118 0.19987538108875172
26 119 -0.031540128695317436
26 120 -0.084099302867085626
26 121 0.092156305666582602
26 122 0.056467299257690236
26 123 0.12539442184523231
26 124 0.073583919502439074
26 125 0.028896143066809162
26 126 -0.038275723904677622
26 127 -0.040347786978515335
26 128 0.15920906290163678
26 129 -0.010590926661546134
26 130 -0.10169830327562138
26 131 -0.063914487538500389
26 132 -0.012681485552954064
26 133 0.089669400932805274
26 134 -0.12167524164918797
26 135 0.049234617011158166
26 136 -0.080269429269657078
26 137 0.073283978358850782
26 138 -0.094336859492470393
26 139 -0.16447431796952014
26 140 -0.0037922928004436797
26 141 0.06274568042263716
26 142 0.13176453293104926
26 143 0.021843902722354033
26 144 -0.01281264906725677
26 145 0.0040359464494574941
26 146 0.043688275158102835
26 147 -0.090393732155881673
26 148 0.17323593549798702
26 149 0.028950102873018864
27 28 0.11325481794371021
27 29 -0.023728762029468643
27 30 0.10363639526035617
27 31 0.11592329146881518
27 32 -0.094024446307190632
27 33 -0.18986789918179275
27 34 -0.11782293910259423
27 35 0.022686724591683319
27 36 0.098533838215611722
27 37 0.027368396516159139
27 38 -0.079333044341265341
27 39 0.031205224167725407
27 40 -0.14756792395449886
27 41 -0.095762778121230879
27 42 -0.093489063137802558
27 43 -0.02717877983080565
27 44 -0.028790594425690687
27 45 0.015728296149000502
27 46 -0.17777155891228788
27 47 -0.080208471919395563
27 48 -0.070875013224863906
27 49 0.019937291212288332
27 50 0.00089901843322048023
27 51 -0.04549906636588031
27 52 0.059085916893778172
27 53 0.016308107742067715
27 54 0.084955447688991201
27 55 -0.13031985120409162
27 56 -0.030950597430843389
27 57 0.0090790137850118337
27 58 0.075265557387139387
27 59 0.017597961627774602
27 60 -0.057110737077007763
27 61 -0.069699213854832812
27 62 0.1343480862209202
27 63 -0.09645079555056825
27 64 -0.017693316813769445
27 65 -0.094235507647370972
27 66 -0.018546651688846359
27 67 0.042189732820318078
27 68 -0.045377005496450254
27 69 0.01477809784245932
27 70 0.01853552143257281
27 71 0.13625584979034605
27 72 -0.076839106108437888
27 73 -0.12517341318646333
27 74 -0.016786818132999759
27 75 0.029933899794671006
27 76 0.080361229828052119
27 77 0.023951776083246393
27 78 -0.10067972720995814
27 79 0.012091817292246372
27 80 0.0021586442814413242
27 81 0.04370545567544834
27 82 0.10031193787502841
27 83 -0.063620340069134862
27 84 -0.06948051806190346
27 85 0.058351843861649766
27 86 0.0013485270872711371
27 87 0.038377381199596286
27 88 0.022249320676910069
27 89 0.069865692454177744
27 90 -0.066633582360750773
27 91 0.07153110397200528
27 92 0.022442667324793875
27 93 -0.11580984218120063
27 94 0.086117617878704464
27 95 -0.05140469861566823
27 96 -0.0042475890544161283
27 97 0.013889406378814593
27 98 -0.027201048723926268
27 99 -0.14547793379888968
27 100 0.13967633360391049
27 101 0.092177544019575036
27 102 0.19323591363517151
27 103 0.11709302884711331
27 104 -0.011709450601987347
27 105 -0.015415641447355336
27 106 0.09427470319408808
27 107 -0.082569228666432584
27 108 0.030092738010057046
27 109 -0.08024054346833133
27 110 -0.035393146813284267
27 111 0.18862064781416174
27 112 0.11386877709086521
27 113 0.040080244071033784
27 114 -0.14120409724513597
27 115 -0.0582582501477703
27 116 0.096970490162782794
27 117 -0.012436040939460491
27 118 0.063486804953522338
27 119 -0.045921428068295959
27 120 0.06450750904784211
27 121 -0.0044282288436633425
27 122 0.05835310732230601
27 123 0.08206039868141593
27 124 0.0043178841865144273
27 125 0.0088417963021850763
27 126 0.032530719259282664
27 127 0.018776804453189102
27 128 0.045592575049690949
27 129 0.12290056231207819
27 130 -0.013925577061961104
27 131 0.2004591690673557
27 132 0.0024292017672689695
27 133 -0.023898738851764405
27 134 -0.059884995337752593
27 135 0.023565658124353839
27 136 0.073216935582914422
27 137 0.1031717419326272
27 138 -0.12841783387445382
27 139 -0.070247831723057999
27 140 0.025000628764578644
27 141 -0.0051045667323943869
27 142 0.17492844133749499
27 143 -0.052840638965272309
27 144 0.11442940755679515
27 145 0.015279760966118132
27 146 0.016547113746643225
27 147 -0.055890375868908881
27 148 -0.1249775517988386
27 149 -0.042465504622748236
28 29 -0.013366308872900671
28 30 0.1745042221312047
28 31 -0.13092069325541406
28 32 -0.014505153607878738
28 33 0.064112566721704151
28 34 0.0074279539257485379
28 35 -0.058048734186015041
28 36 -0.048091820867072477
28 37 0.02639018970923751
28 38 -0.13229571313099298
28 39 -0.080767223786626471
28 40 -0.0010844549733526913
28 41 0.065210763091521837
28 42 -0.1266888378904043
28 43 0.033687808880101699
28 44 0.059935096717974132
28 45 0.060944108340838389
28 46 0.090200339838386157
28 47 -0.042979649966560986
28 48 0.13889067557839022
28 49 -0.062057215666733362
28 50 0.044008963335677435
28 51 0.03358599644331281
28 52 0.053335048363157986
28 53 -0.016405585326062094
28 54 -0.16880221721395419
28 55 -0.0088842616784620982
28 56 -0.08839382012466665
28 57 0.047400116100921666
28 58 -0.025041720920404527
28 59 -0.089262224480541622
28 60 0.00724413242896729
28 61 0.077272686339861132
28 62 0.035190643639040287
28 63 0.070142428886347016
28 64 -0.043724455404407614
28 65 -0.028859692136072923
28 66 -0.037576807167019777
28 67 0.11824266962854056
28 68 0.055424996010566108
28 69 -0.011029524579448793
28 70 -0.028548897382107322
28 71 0.0080601601649463641
28 72 -0.011257160760300448
28 73 0.12947702585973078
28 74 0.08332496221102223
28 75 -0.11666608528919149
28 76 0.10082027722562104
28 77 0.012780378916260954
28 78 0.068015181147490861
28 79 0.038131114511143392
28 80 0.037503303137842725
28 81 0.01370992531005228
28 82 0.025359729162675284
28 83 0.095901944419009094
28 84 0.0005770126456330041
28 85 0.062374927613779135
28 86 0.12021596305524414
28 87 -0.12584360309288861
28 88 0.007587541763056314
28 89 -0.070719335730238433
28 90 -0.11120698546423846
28 91 -0.16959662447208654
28 92 0.044553867336688112
28 93 -0.037252341328617176
28 94 -0.03312010330760732
28 95 -0.15642154643243242
28 96 0.004616312137429906
28 97 -0.019384817974198224
28 98 -0.048060247255740547
28 99 0.057400922135351133
28 100 0.023080945219264844
28 101 0.10033888263529041
28 102 -0.046193811148077087
28 103 0.065172302311088254
28 104 -0.064962968583799949
28 105 -0.10455773801586933
28 106 0.033225503446316321
28 107 0.0052599814290002038
28 108 0.054415905192114172
28 109 -0.046782096225067786
28 110 0.13709031594915164
28 111 -0.1218896682324723
28 112 -0.070468848670134712
28 113 0.057423728315159218
28 114 -0.059667149062668449
28 115 0.069959214592376959
28 116 -0.061863038213006726
28 117 -0.0060018576811266926
28 118 -0.032601054829670247
28 119 0.052103039442331203
28 120 -0.043265392008134534
28 121 0.047082689967056342
28 122 0.0095239219245346549
28 123 0.0037653211725890176
28 124 0.045525718253809085
28 125 -0.011891371275895381
28 126 -0.0072852899293230425
28 127 0.11321910292221017
28 128 -0.012680699546806076
28 129 0.15469916434514594
28 130 0.0022305557012471089
28 131 -0.0065588238558864408
28 132 0.036207212274682224
28 133 -0.097462348244787486
28 134 0.020366556164714052
28 135 0.0073833098837412792
28 136 0.05887659310745208
28 137 -0.045572159912931245
28 138 0.02045505339744828
28 139 -0.040037181757441614
28 140 -0.011536394899322318
28 141 0.055779110573984131
28 142 -0.092831807390868465
28 143 0.09397213700662678
28 144 0.09829781862932932
28 145 0.097082997272645077
28 146 -0.0016962428958830411
28 147 0.1663753387592963
28 148 0.15975331169327145
28 149 0.089000312202708445
29 30 0.11128442534478766
29 31 0.035870923204182524
29 32 -0.035274338833995868
29 33 -0.020579183159399956
29 34 0.01949440909274203
29 35 0.024365879314647669
29 36 -0.026327342144124338
29 37 0.017725049421173044
29 38 0.025409736557290202
29 39 -0.14152123696485694
29 40 -0.049414939499582346
29 41 0.047226660704030927
29 42 -0.057200486142665923
29 43 0.066775982314103394
29 44 -0.014839480699003081
29 45 -0.025958757612056335
29 46 -0.042625855749402392
29 47 -0.059674282902361729
29 48 0.054948213939263135
29 49 -0.049086791538089515
29 50 0.0046812871020704512
29 51 -0.05258946110842555
29 52 0.061360614829571454
29 53 -0.041223063884940223
29 54 -0.080417648156421162
29 55 0.055039253921844493
29 56 0.018496940235556134
29 57 0.073821844122673147
29 58 0.03658510927042511
29 59 -0.10803394820193658
29 60 0.11159501259727811
29 61 -0.016060763350508309
29 62 -0.027627036022383828
29 63 -0.046839435516211336
29 64 -0.067253937227122515
29 65 0.13790936655058844
29 66 -0.25526834990569075
29 67 -0.088665022083011552
29 68 -0.053494659974538054
29 69 0.010630443464507382
29 70 0.22609183356346754
29 71 0.0044934294189654701
29 72 0.061417346785924094
29 73 0.071316838666299648
29 74 0.059026165738535329
29 75 -0.015193880276028441
29 76 0.088915535339277069
29 77 -0.027592913048829128
29 78 0.086027723906206041
29 79 -0.04414766662977225
29 80 -0.014987394130779388
29 81 0.042925542362669065
29 82 -0.056091769876950838
29 83 0.0019342902569420809
29 84 0.059184040273737096
29 85 -0.029361684269669109
29 86 -0.092503673347500495
29 87 0.0019424918923018541
29 88 -0.070353275732258969
29 89 0.10520862892439178
29 90 0.18084305011437829
29 91 -0.080055017530112196
29 92 -0.068787904732399208
29 93 -0.015597516994181772
29 94 0.01867448281349925
29 95 -0.043860798309524912
29 96 -0.038691565817024591
29 97 -0.13334280589842076
29 98 -0.049322817821714826
29 99 -0.023818979785096062
29 100 0.004740472244697579
29 101 0.1156495546811965
29 102 0.010008761428793807
29 103 -0.094657709920836622
29 104 -0.045297828606070678
29 105 -0.097527406763449759
29 106 -0.089471430475283872
29 107 -0.0023963408446152626
29 108 -0.013930415465473358
29 109 -0.041460984793084091
29 110 0.061641108817837721
29 111 0.037334197319517905
29 112 -0.062508999386692576
29 113 -0.005122400751722116
29 114 -0.00094733634445739318
29 115 0.046209863141259015
29 116 0.11110496583460248
29 117 -0.075881400185498007
29 118 -0.13547347974378376
29 119 0.0012602341970930867
29 120 -0.017685392926386479
29 121 0.11057804907481619
29 122 -0.15926837973644506
29 123 0.092977295857814279
29 124 -0.060309981101437787
29 125 -0.036745250309603128
29 126 0.020412827876076255
29 127 0.13699872931530063
29 128 0.034139551703051323
29 129 0.12858566265883786
29 130 -0.081835064530901669
29 131 0.060487811139471541
29 132 0.011045925712441656
29 133 -0.061598450094833522
29 134 -0.01277302065342501
29 135 0.037587109626118248
29 136 -0.099402000928011838
29 137 0.067011214638497796
29 138 -0.048711313628356651
29 139 -0.036535079331867608
29 140 0.12931869226819306
29 141 -0.0037659112730545467
29 142 0.02903013410371098
29 143 0.11982407345134782
29 144 0.0077903191759206743
29 145 -0.098392495041450534
29 146 0.1754974808157187
29 147 0.0015642395420415161
29 148 -0.0186482935074779
29 149 0.12352953627324939
30 31 -0.051877503747393423
30 32 0.0021077365871720482
30 33 -0.03964820228850139
30 34 0.028770147460043541
30 35 0.084780857460035414
30 36 -0.015274783964324936
30 37 -0.089357381400020197
30 38 -0.0097898975694198278
30 39 -0.037449600685264366
30 40 -0.048289765482513146
30 41 0.029050221566343397
30 42 -0.063217201267019282
30 43 -0.099274938787486847
30 44 0.16726266382555166
30 45 0.032330323679236161
30 46 -0.17492065508086824
30 47 0.0073124421871876141
30 48 0.061698625605406267
30 49 -0.085654732503030517
30 50 0.0053420898431521032
30 51 0.087476034402483957
30 52 -0.098639276551014662
30 53 0.027254904983730989
30 54 0.058112782707173738
30 55 -0.065963184112061882
30 56 -0.14474166864131713
30 57 -0.00063050460063684131
30 58 -0.098022498108088524
30 59 -0.0047863196135758132
30 60 0.11952375646742931
30 61 -0.011723174715516926
30 62 0.19154952997849156
30 63 -0.13955471894571625
30 64 0.12336578530252794
30 65 0.0048568000545037926
30 66 -0.057010410911975923
30 67 0.14320023480654115
30 68 0.065285405263100352
30 69 0.038049577655101231
30 70 0.08794857198261237
30 71 -0.085076342416858103
30 72 -0.082186957992695764
30 73 0.03068187394337317
30 74 0.012187080229900057
30 75 0.11060312331405522
30 76 0.066671699000403831
30 77 0.20861797281980915
30 78 -0.063193591474751024
30 79 -0.090486997992028195
30 80 -0.13649155116953041
30 81 -0.094974977143610431
30 82 -0.065259463706441839
30 83 0.13993829071802005
30 84 -0.12376821039588079
30 85 0.048138328992554671
30 86 0.051591088390445253
30 87 -0.025990062990895048
30 88 0.069350216216077287
30 89 -0.15471389758605578
30 90 -0.1163927474919304
30 91 -0.031800206694796031
30 92 -0.098850797442483304
30 93 0.16111984051083778
30 94 -0.044852193240174788
30 95 -0.020970443249554323
30 96 0.10954909706207334
30 97 -0.094347805111662575
30 98 0.095046238257876059
30 99 0.030583070262543133
30 100 -0.2486748430353842
30 101 0.07899904035694269
30 102 -0.11100550223768609
30 103 0.0188902151250341
30 104 0.11383761689675347
30 105 0.091173274028865894
30 106 -0.1123867466136033
30 107 0.051490199615958854
30 108 -0.0078212709172848175
30 109 0.039105178662289616
30 110 -0.025972273932629675
30 111 0.015036212701988717
30 112 0.07056128389204655
30 113 0.028661843756057185
30 114 0.07842675141463544
30 115 -0.05891205178222185
30 116 -0.15039211334494845
30 117 0.079165793407090498
30 118 -0.07463108339163177
30 119 0.008721360110773381
30 120 0.061898841150418257
30 121 -0.14730064324244332
30 122 0.030667608745701323
30 123 -0.022829469692886642
30 124 -0.046442172074556635
30 125 -0.040145636579376066
30 126 0.093526188255027731
30 127 0.034732908754322736
30 128 0.0056598454835017631
30 129 0.048353701639957489
30 130 -0.044232622752466928
30 131 -0.053381695482829138
30 132 -0.0067592342171151577
30 133 -0.033562120808878979
30 134 -0.023852955588932561
30 135 0.11124308409309026
30 136 -0.096375851891344622
30 137 -0.13774489534056439
30 138 -0.074583562378313026
30 139 -0.056106316591373287
30 140 -0.21936851870766572
30 141 0.006452673609235589
30 142 0.14871641621701404
30 143 -0.065281681375774239
30 144 0.049739481007162863
30 145 -0.015756828146775148
30 146 -0.077007546750856942
30 147 0.097866743295384334
30 148 0.031234944269792488
30 149 0.016773653845000951
31 32 -0.032649731209559871
31 33 -0.032884719184614372
31 34 0.17991641928892496
31 35 -0.047326402833881343
31 36 -0.068722763714543805
31 37 -0.081440846143309417
31 38 0.027395869008641785
31 39 -0.078162623612745077
31 40 0.037099194611449497
31 41 -0.1191203092484501
31 42 0.17482233204410724
31 43 -0.023485729253171491
31 44 -0.03147001245994293
31 45 -0.02998765496644246
31 46 -0.11311165965767749
31 47 -0.060073413307267114
31 48 -0.2490266541195903
31 49 0.041755787417120931
31 50 -0.048376424529943139
31 51 0.038880393488728952
31 52 0.10304654329332809
31 53 0.15574100925167747
31 54 0.076421846583472397
31 55 0.05146147743096282
31 56 -0.1557616673661833
31 57 0.068290864663653028
31 58 0.006876857732386811
31 59 0.014469325448765802
31 60 -0.023460181065138981
31 61 -0.018538867004470643
31 62 -0.089302809354640272
31 63 0.081720040746532205
31 64 -0.19137283942388511
31 65 -0.067708203222741584
31 66 -0.095426411959145988
31 67 0.043001361499545178
31 68 0.032423363402511285
31 69 0.24434768099433993
31 70 -0.069062419518008747
31 71 0.10294813280777473
31 72 0.10406574182157587
31 73 -0.1354400433449249
31 74 -0.066734127760970735
31 75 0.15577297124902123
31 76 0.029281526319312426
31 77 0.019676062410430763
31 78 -0.07182317731864972
31 79 -0.034556322752971103
31 80 -0.092792089394589258
31 81 0.1548464056062222
31 82 0.025872972930037933
31 83 0.013196572823126423
31 84 0.078766339988650694
31 85 0.12358536442006793
31 86 -0.043164106200927983
31 87 -0.026347957703365392
31 88 -0.051794501443360112
31 89 -0.2139638665939973
31 90 0.0008150866824047587
31 91 -0.051408203204341141
31 92 -0.074646819740129142
31 93 -0.050179893679911894
31 94 0.015839004045140461
31 95 0.051746554453618407
31 96 0.078038712800568857
31 97 0.048731881859311606
31 98 -0.16520179040135285
31 99 -0.032246241628504105
31 100 -0.0065970839775306529
31 101 -0.0057784957671490732
31 102 -0.10903761520688442
31 103 -0.066358923753961283
31 104 0.063736025604844884
31 105 0.0076948481814028379
31 106 0.061686692116115133
31 107 -0.14189372716584162
31 108 -0.0076492157211161043
31 109 0.11831962319024887
31 110 -0.021201638739666764
31 111 -0.15557140015661841
31 112 0.11686962344321333
31 113 0.11436372600013767
31 114 -0.0295972499538939
31 115 -0.039464672142466309
31 116 -0.021469764141667697
31 117 -0.12547859389536464
31 118 0.068374780409153318
31 119 0.018350049592633335
31 120 -0.11674318877099944
31 121 -0.035168479490273831
31 122 -0.050083732149413203
31 123 -0.075830420462371026
31 124 -0.10173450938332698
31 125 0.013323539057925321
31 126 -0.018843585590040644
31 127 0.078338652460642394
31 128 -0.097445406769352746
31 129 -0.034560488079450197
31 130 0.16021362873386333
31 131 0.11189769548850044
31 132 0.039007369325652012
31 133 0.019959031789601608
31 134 0.12482133358039131
31 135 0.10249844699992276
31 136 0.048783313799567192
31 137 -0.011587375550302516
31 138 0.026357272316178449
31 139 0.33085320749565444
31 140 -0.017305427388222869
31 141 0.062304401003841929
31 142 0.10169638331475075
31 143 0.14048679662787034
31 144 -0.099167938472292938
31 145 -0.11660449796188617
31 146 0.11259787459033295
31 147 -0.04957343488429649
31 148 -0.017412592249075265
31 149 -0.082061850364373315
32 33 0.078495735819496495
32 34 -0.06601225018182158
32 35 0.0078862056820771971
32 36 0.092014797288674385
32 37 0.007168885281019651
32 38 0.063040013071116188
32 39 -0.016478344724933935
32 40 0.059512545912112573
32 41 -0.023098264697185046
32 42 0.010002416595664382
32 43 -0.12166641761873409
32 44 0.07198576456073312
32 45 0.09865202159127974
32 46 -0.062268787736119297
32 47 -0.064639236948500364
32 48 0.008969314509086463
32 49 -0.01135763085234796
32 50 0.10222159534195384
32 51 -0.079296479636588882
32 52 -0.094431132170562246
32 53 0.055205569150363919
32 54 -0.12129961078095057
32 55 0.023605071466053871
32 56 0.1075052596686973
32 57 0.090081909868853394
32 58 -0.017869121158742448
32 59 -0.090389805218190983
32 60 0.022259758136144669
32 61 0.075011330638034071
32 62 -0.0012104743162599462
32 63 0.086370763205352807
32 64 -0.097173937948124511
32 65 -0.062183891671179124
32 66 -0.017945038088390281
32 67 -0.017077582154419738
32 68 0.0025585726401228777
32 69 0.07408946615478576
32 70 -0.027814313151313396
32 71 0.01220764924392811
32 72 0.0056603618388753607
32 73 0.10325760482800427
32 74 -0.030285771104927483
32 75 -0.012525871057308088
32 76 -0.084368626818801501
32 77 0.021813943521732673
32 78 -0.073854526152622654
32 79 0.020777603012963462
32 80 -0.050696486091427365
32 81 -0.05729340809982994
32 82 0.014594122088160476
32 83 -0.11242169215378119
32 84 0.015505796345858329
32 85 0.054257861881740581
32 86 -0.046302136192323644
32 87 0.083332767333951493
32 88 0.12566920810028046
32 89 0.094662071799471989
32 90 -0.012082034371991008
32 91 0.0082721363412811624
32 92 0.0077723931655284502
32 93 -0.10307594065457108
32 94 0.15043473114120964
32 95 0.0067164191851361273
32 96 0.013885849728938696
32 97 -0.086833669066914199
32 98 -0.056622716346565224
32 99 0.082593756277464195
32 100 -0.0046787189437574178
32 101 0.067858561187532751
32 102 0.052775698984872416
32 103 0.056895054085005739
32 104 0.13420133666470138
32 105 0.0045713526674601443
32 106 -0.14514472975419843
32 107 0.084565708408091578
32 108 -0.03607925238281938
32 109 -0.0039136971861809039
32 110 -0.033234155776335636
32 111 -0.0016890497103452841
32 112 0.0052392941495103002
32 113 -0.00061025380525274442
32 114 0.010229045295600297
32 115 0.010361273976794904
32 116 -0.15792327042639595
32 117 -0.011290387861837788
32 118 -0.049048735865084944
32 119 0.044721211970202041
32 120 -0.044852188445325444
32 121 0.0041549294623323329
32 122 -0.12217654475744855
32 123 -0.010542667897608738
32 124 -0.21035396782461582
32 125 0.15641938117427359
32 126 -0.022328489947904675
32 127 -0.05983318952152706
32 128 0.051144335328328502
32 129 -0.090648198186704013
32 130 -0.060547078482379238
32 131 0.00085868345530416596
32 132 0.081198668609763089
32 133 0.13214873340386032
32 134 0.037405041867794246
32 135 0.070137031843445372
32 136 0.054201156593199379
32 137 -0.024773931088017589
32 138 -0.098311154293816913
32 139 0.035956789457614505
32 140 -0.0018680144786506528
32 141 -0.056461710090536583
32 142 0.018606988766403165
32 143 0.14105089883045085
32 144 0.10382555024527014
32 145 -0.019600584287985157
32 146 0.035119188648863868
32 147 0.016023067899248893
32 148 -0.026088346682760461
32 149 -0.060384872066426301
33 34 -0.061860141639082537
33 35 -0.13140707714316177
33 36 0.060820445676320639
33 37 -0.077283688436508374
33 38 0.068890972305509349
33 39 0.042140518521073443
33 40 0.15201834143417078
33 41 -0.10180346684601858
33 42 0.0052652521286792953
33 43 0.019662975024016083
33 44 -0.1590190694881263
33 45 -0.014093123540269198
33 46 0.075903478153797083
33 47 -0.042380706939587814
33 48 0.10451604753590241
33 49 -0.162259049575188
33 50 -0.037208382002687723
33 51 -0.044983657937210215
33 52 -0.070191275086509491
33 53 -0.046219213071325614
33 54 -0.033176457184915575
33 55 0.19799738965217353
33 56 -0.090965933752063896
33 57 0.10401590718931039
33 58 0.092056286059883932
33 59 0.093593122815913962
33 60 0.10816039232979494
33 61 -0.01862516768056259
33 62 -0.0022062442425793251
33 63 0.0070866022982844093
33 64 0.053502432535176156
33 65 -0.1157340845664164
33 66 0.023524092757727096
33 67 -0.14432376826230645
33 68 0.15121208781360146
33 69 0.064101287649974928
33 70 -0.041785258577285836
33 71 0.11151198693816229
33 72 -0.0090053002879585831
33 73 0.0076454956438170288
33 74 -0.099445320692195596
33 75 -0.047344679970082681
33 76 0.076281183908454259
33 77 0.078760915248643218
33 78 -0.10891120891947509
33 79 -0.069007968523319266
33 80 0.070505147485600411
33 81 -0.0082777469551553861
33 82 -0.06754211159020819
33 83 0.044738976767325474
33 84 0.019198079425673677
33 85 0.0096322014442717097
33 86 0.050537639291885185
33 87 -0.06684250714616681
33 88 0.096594439755448389
33 89 0.13043238103665775
33 90 -0.024485123192861748
33 91 -0.020239324936260093
33 92 -0.097951833959447496
33 93 0.065793272124813618
33 94 -0.0027389224253333757
33 95 -0.041687180694320002
33 96 0.0048095622070104148
33 97 0.082408848020878778
33 98 -0.0025810315868144153
33 99 0.06163709829917409
33 100 0.02632252769894192
33 101 0.08307165507936376
33 102 0.13952290854022359
33 103 0.086240475753318946
33 104 0.16291372495509615
33 105 0.050522856168307477
33 106 -0.057101475261056016
33 107 0.16389655556405111
33 108 -0.12369244402805096
33 109 0.0054383301598413302
33 110 0.0583584798622791
33 111 -0.044200459999591553
33 112 0.033031142953878885
33 113 0.11971100011347609
33 114 0.064331999132120413
33 115 0.027046364224965026
33 116 0.16279138046854053
33 117 0.043112007781573383
33 118 -0.015156833954667425
33 119 -0.014090494588279712
33 120 -0.11156577732153473
33 121 -0.057916335756240875
33 122 0.059224044948138814
33 123 0.063274187306183907
33 124 0.093523521964545359
33 125 -0.12094648701362995
33 126 0.077875472702140791
33 127 0.074924889115315724
33 128 0.028544810796710514
33 129 -0.087904978566189049
33 130 0.022484101627378513
33 131 0.14509596565929136
33 132 0.10069764962151936
33 133 -0.15934493234839303
33 134 -0.17832808277821746
33 135 -0.059456355300387238
33 136 -0.015205481361417911
33 137 0.031520875937617668
33 138 0.1357018253789736
33 139 -0.07064757217874687
33 140 0.048650074361366619
33 141 -0.036476889275152753
33 142 0.074486876478315908
33 143 -0.13347822913736951
33 144 0.020863059328138131
33 145 0.11974145995673575
33 146 -0.035963510625955417
33 147 0.058371487641548342
33 148 0.02611055126131661
33 149 -0.029047022471808098
34 35 -0.043696284368986232
34 36 0.10134872427125149
34 37 -0.1458752678607444
34 38 0.15420590312707258
34 39 0.06128524536531138
34 40 0.014012016903755828
34 41 -0.056880611051572091
34 42 0.00024982345224089744
34 43 0.011384386060869245
34 44 -0.0016982594980234711
34 45 -0.17653320595437114
34 46 0.044000375303018049
34 47 0.043803451394777898
34 48 0.0041547904724852742
34 49 0.06707389403287653
34 50 0.031416026529109069
34 51 0.12271340972597786
34 52 0.058003739490495518
34 53 0.053145187651237519
34 54 0.013521513487647846
34 55 -0.060474563641580673
34 56 -0.0095795367435138491
34 57 0.15175967591715317
34 58 0.051219396723808028
34 59 0.02071175062439138
34 60 -0.0233067927337639
34 61 0.042311090861681028
34 62 0.041611343525033762
34 63 0.029560662881024467
34 64 -0.086009643547716189
34 65 0.031870997964330322
34 66 0.045378396581158532
34 67 0.1250558502603932
34 68 0.10917145256358804
34 69 0.016567086119987154
34 70 0.010455940646590634
34 71 -0.13861626940798119
34 72 0.092007141730010497
34 73 0.011992561303626329
34 74 -0.046902631732269634
34 75 0.11620131665791329
34 76 -0.11919929385680919
34 77 0.012406109596093217
34 78 -0.053972147780505984
34 79 0.056238396228242095
34 80 0.010119864639392564
34 81 0.030869401774310162
34 82 0.060219215243852792
34 83 0.0022582282002888416
34 84 0.067964415117691135
34 85 0.14842498407609936
34 86 -0.033226697167868566
34 87 -0.12231783772074035
34 88 0.089105451830582758
34 89 0.074964009809082716
34 90 -0.042077025015795307
34 91 0.061569761547029991
34 92 -0.090202171173156223
34 93 -0.15146465569963224
34 94 -0.00088838934973262736
34 95 0.084938822330266381
34 96 -0.017879305251985243
34 97 -0.039222279472533483
34 98 0.12016011949608639
34 99 0.024639620115264695
34 100 0.020168192439948312
34 101 -0.037525318119420503
34 102 -0.031051509447596756
34 103 0.088397215394164716
34 104 -0.06659074406396899
34 105 -0.0035763338574580114
34 106 -0.036228352150682347
34 107 -0.09712015562038244
34 108 0.093291337189868775
34 109 0.057747103524231805
34 110 0.075909126926265141
34 111 0.072924059939340924
34 112 0.16005293038527049
34 113 -0.16325299467526327
34 114 -0.038789231506830994
34 115 0.042910395973578278
34 116 0.013753199838834716
34 117 0.071564544827797852
34 118 -0.050084486239286449
34 119 -0.055622122712942153
34 120 0.026183250489314348
34 121 -0.018232681679870452
34 122 0.033606952033518718
34 123 -0.14378409213306936
34 124 -0.081633298073496494
34 125 0.002519114985894869
34 126 -0.097352771895086301
34 127 0.0033311804036535993
34 128 0.098797542261641544
34 129 -0.14108031738844945
34 130 -0.056695492658741332
34 131 -0.0037344765960545027
34 132 -0.034871956252108698
34 133 -0.013845476314706695
34 134 0.11949213749738948
34 135 0.15180915208546999
34 136 -0.021841391292024986
34 137 -0.21941805133644682
34 138 0.028992459819987351
34 139 0.13670040207749293
34 140 -0.082756838725717
34 141 -0.11337691119853564
34 142 0.1131795501815102
34 143 -0.14189513843262472
34 144 -0.18216638504302818
34 145 -0.081787732012659986
34 146 0.018977787539220289
34 147 0.080999131488876691
34 148 -0.012805697075187918
34 149 0.10401079850178722
35 36 0.023871933997448195
35 37 0.098553395064408397
35 38 0.026050712858874059
35 39 -0.078416692651850056
35 40 -0.016099366506943769
35 41 -0.10019110177160989
35 42 0.020092332556182577
35 43 -0.074739111578348991
35 44 0.078358093325755163
35 45 -0.075267280125500005
35 46 -0.013580323085219699
35 47 0.063145679633765106
35 48 0.11210692304157156
35 49 -0.049639109370293762
35 50 0.012121716486666592
35 51 -0.024625615031317088
35 52 0.10520565948991716
35 53 -0.013707123055010602
35 54 0.036611685905630242
35 55 -0.067289063585560874
35 56 -0.042868534293713324
35 57 0.04114522648753452
35 58 0.046049544937706861
35 59 0.10795066374676339
35 60 0.0042824013644843992
35 61 0.03590977632720789
35 62 -0.048295712083449835
35 63 0.097205891639787698
35 64 0.023311462105173444
35 65 -0.1256038581344873
35 66 0.17983212930316078
35 67 0.07500097042084504
35 68 0.083013319533731311
35 69 0.045219349641411208
35 70 -0.022566310208895893
35 71 0.13489307054911573
35 72 0.10269468015539823
35 73 -0.033502706208353453
35 74 -0.039776011883296082
35 75 0.087373803980482584
35 76 -0.047652321668929562
35 77 0.098946805199761581
35 78 -0.1047682577219913
35 79 0.0075267623032525327
35 80 0.080096260899832461
35 81 0.034290812470485835
35 82 -0.062180400743918243
35 83 -0.095336337429871729
35 84 -0.010445241275249671
35 85 0.11181625885965109
35 86 -0.031121278157532607
35 87 0.057507535231129399
35 88 0.080903629672553504
35 89 0.03905193853270382
35 90 -0.096591863757273203
35 91 -0.10944008314929687
35 92 0.10016022611781626
35 93 0.10539563673641689
35 94 -0.020988644616017245
35 95 0.061482547088928002
35 96 0.021977439159586172
35 97 0.018119872814552226
35 98 -0.10067491698408525
35 99 0.11184926952275032
35 100 -0.10553267974440558
35 101 -0.05770509125706335
35 102 0.091423496570578203
35 103 -0.0036826069753708619
35 104 -0.16323536086454504
35 105 -0.090023542404926757
35 106 0.1724370209966273
35 107 0.069084981891549158
35 108 0.055498578153106728
35 109 0.0011346944309722339
35 110 -0.070121698152434284
35 111 -0.054998539022951834
35 112 -0.035469190399967321
35 113 -0.18152521778807548
35 114 -0.0036937563295845058
35 115 -0.033378911974294156
35 116 0.019378085949868305
35 117 0.16457882002799279
35 118 0.072053129927010268
35 119 -0.077869231518242404
35 120 -0.19010872183781991
35 121 0.12539766768179467
35 122 0.099870164809487849
35 123 0.042510417885436733
35 124 -0.0066541286582179632
35 125 -0.11653249138089468
35 126 -0.15780485428091306
35 127 -0.05279829248249699
35 128 -0.14790487265349972
35 129 -0.056574448626062215
35 130 -0.045308530703182366
35 131 0.041388615772900178
35 132 0.10785132972615009
35 133 0.16589640319494553
35 134 0.054316785211133145
35 135 0.027680352953150782
35 136 0.12042229740957214
35 137 -0.10960750549474818
35 138 0.11507836957975111
35 139 0.048400112356183154
35 140 0.021344989150574697
35 141 -0.027563111353906551
35 142 0.036122349470786706
35 143 -0.0024369442333571269
35 144 -0.039379862616365183
35 145 0.13533252102845278
35 146 0.035506950275220175
35 147 -0.10167796523153404
35 148 -0.1710380898779843
35 149 0.030294289782873636
36 37 -0.048767042398668831
36 38 0.048839252441439815
36 39 0.081548143859354383
36 40 -0.089515599037132257
36 41 0.11852552230567232
36 42 0.038841233093844248
36 43 0.026401966871828809
36 44 -0.033300684984738337
36 45 0.067742711941653988
36 46 -0.018937371770845025
36 47 0.12830703874878752
36 48 -0.078087740635998729
36 49 -0.037533701017453687
36 50 0.0012463362783956915
36 51 -0.028780364329063723
36 52 -0.004780122875946066
36 53 -0.096311730122376302
36 54 0.16012705362406041
36 55 -0.042414718802223007
36 56 -0.096158150729672667
36 57 -0.16484302219809333
36 58 0.098918474344045229
36 59 -0.031944250832639867
36 60 0.041884758826469817
36 61 0.100536508079678
36 62 0.0443596577513755
36 63 0.061512451353942288
36 64 0.069957031108666773
36 65 -0.027734477997302505
36 66 0.10862107911678336
36 67 -0.056316900298951048
36 68 0.11968273539965668
36 69 -0.088942861763947195
36 70 -0.13573782064644413
36 71 0.055589943267293031
36 72 0.092141893008668596
36 73 -0.063895791454243692
36 74 0.075998939273800192
36 75 -0.013078924721831645
36 76 0.14283285153042224
36 77 0.047605489727187568
36 78 0.1450437034795084
36 79 -0.056761789829628435
36 80 0.040729717280175208
36 81 0.070963402488220126
36 82 0.070663515030370647
36 83 -0.053129963811719132
36 84 0.072550017684603563
36 85 -0.073720170082701555
36 86 0.067886228792954487
36 87 0.016688143623133901
36 88 0.032093112612459354
36 89 0.044991977070105514
36 90 -0.056219949233847002
36 91 -0.084836386318469098
36 92 -0.0035124167276010783
36 93 -0.089591290699781528
36 94 -0.067797825481196825
36 95 0.034477967133389346
36 96 0.1785193519813989
36 97 -0.086451966899714433
36 98 0.035169676691940939
36 99 0.029704808830396688
36 100 0.077267163989977267
36 101 -0.13941313239381081
36 102 -0.0057937358985815585
36 103 0.024819333368010427
36 104 0.054213283214750517
36 105 -0.17726541441190843
36 106 0.030210530744096398
36 107 -0.19028358733215964
36 108 -0.011051211063844383
36 109 -0.048017401191244424
36 110 0.0003555474236041825
36 111 -0.06489800755413315
36 112 -0.14482111634253303
36 113 -0.091363117148930043
36 114 -0.055909677594214474
36 115 0.0077709729801664421
36 116 -0.065565436864648038
36 117 -0.062635554886140213
36 118 -0.042845605515881367
36 119 0.074680579251597323
36 120 -0.11606863274389694
36 121 0.20668448782532628
36 122 -0.00090502892046241895
36 123 0.018282162718296194
36 124 0.059504071093828645
36 125 0.031275742839695073
36 126 0.076094727252105671
36 127 -0.020176572459485523
36 128 0.088984342758318402
36 129 0.034653170701782567
36 130 -0.14660422844561258
36 131 0.036117002492032334
36 132 -0.031234548991313029
36 133 0.080327885837872717
36 134 0.059601369943561376
36 135 0.015417327631353228
36 136 0.044660736653927349
36 137 0.082853482656179769
36 138 0.0065234914952208576
36 139 -0.062857201537951241
36 140 -0.022017456236619552
36 141 -0.061025688371803291
36 142 0.017968316631970991
36 143 0.071004641692666806
36 144 0.18995138617820331
36 145 -0.047241933036178609
36 146 -0.012066068865842255
36 147 -0.051231910443113329
36 148 -0.025455191960434196
36 149 0.097424181047480921
37 38 0.00080520930160681947
37 39 0.25179556244088752
37 40 0.11012914623379709
37 41 0.031158040542322366
37 42 0.025395639141491854
37 43 -0.0017191549846476257
37 44 -0.033738181203115239
37 45 0.069925967868510422
37 46 -0.045204731168657003
37 47 0.1121681886013676
37 48 -0.035175544822355742
37 49 0.07210409336583469
37 50 0.049138608333913592
37 51 0.0040991739500695597
37 52 0.11285247817130309
37 53 0.0065372441650605297
37 54 0.040460233215622643
37 55 0.12880200262475125
37 56 0.041364194008406144
37 57 0.019231835956491278
37 58 -0.12840499146486384
37 59 0.03271099116766818
37 60 -0.022844543616383627
37 61 -0.0039826978462711819
37 62 0.038572716086936007
37 63 -0.11753163530758066
37 64 -0.0046888795788897946
37 65 0.006731045251669762
37 66 -0.1077981849489527
37 67 0.12020754847298198
37 68 0.11317716183708008
37 69 0.05278116363237615
37 70 -0.0045112489462025345
37 71 0.061005817665097439
37 72 -0.053101404989465063
37 73 -0.03739518121591625
37 74 0.050154124744894966
37 75 0.21813683258459304
37 76 0.032218870846903155
37 77 -0.051267891400411249
37 78 -0.096026029347024103
37 79 -0.059835286247209248
37 80 0.0062052198755575688
37 81 0.081562599661954643
37 82 0.081979073922396228
37 83 -0.075001081780580819
37 84 0.080570820113329777
37 85 0.07281174303550067
37 86 0.094072822297152678
37 87 0.17277452964469342
37 88 -0.15646742381721543
37 89 -0.1260386047977049
37 90 0.14801960784032833
37 91 0.0059430648964107222
37 92 0.22083180890340146
37 93 -0.10172311591540774
37 94 -0.07894478034332085
37 95 0.10495225626427271
37 96 0.054159178624343163
37 97 -0.01762068375998382
37 98 -0.092222992712254384
37 99 -0.0056116394634278307
37 100 -0.035809493713067006
37 101 0.012112337747708776
37 102 -0.017356397353917939
37 103 -0.025004271649758512
37 104 -0.20197125024775953
37 105 0.070021471277376082
37 106 0.08700718042022533
37 107 -0.0012145934088658803
37 108 0.0068147399205108648
37 109 0.035445366486693573
37 110 0.022300867939621029
37 111 0.0099275103127987926
37 112 -0.020868438867721249
37 113 -0.011120299823464141
37 114 -0.11639474835709968
37 115 -0.12645482320010626
37 116 0.18239286375015243
37 117 0.055355346068760317
37 118 0.12760844476508984
37 119 0.023478408697181759
37 120 -0.019225296647786539
37 121 0.052544850538686037
37 122 -0.072930121318080146
37 123 0.12787850743112508
37 124 -0.013243025916958305
37 125 -0.0569092682697128
37 126 0.071704795432503368
37 127 -0.0063969436179520407
37 128 -0.0033349385824926435
37 129 0.13773412595149009
37 130 -0.11108492805595911
37 131 -0.087060536568439262
37 132 -0.042626095979926761
37 133 -0.083427779339197525
37 134 0.030183128679779455
37 135 -0.038256409880481471
37 136 -0.16617649902762122
37 137 0.10980065042079515
37 138 0.0020055902447096512
37 139 -0.0014181892554058695
37 140 0.062705119989893213
37 141 -0.012207058577305212
37 142 -0.11061245185082766
37 143 0.099091338055174477
37 144 -0.14591522107176058
37 145 -0.033385056674846737
37 146 0.14426671762168955
37 147 -0.074313234337808565
37 148 0.03833217673467984
37 149 0.12679587808841483
38 39 -0.022406191454056507
38 40 -0.047546873489667206
38 41 -0.079449344105249856
38 42 0.021329365697896854
38 43 -0.10338512425981657
38 44 0.16871039661937051
38 45 -0.10616702066523841
38 46 -0.13095144733772268
38 47 -0.20396698022684503
38 48 0.073267973986307869
38 49 -0.03300814613007827
38 50 0.12442691205084343
38 51 0.13532902951598319
38 52 -0.033345472016408778
38 53 0.16980696808427112
38 54 -0.036539141652321951
38 55 -0.10255265096198016
38 56 -0.04884786130955731
38 57 -0.0504262219202102
38 58 -0.029619841304263539
38 59 0.088096758527888161
38 60 0.0014478615091473501
38 61 0.00071500542789554528
38 62 -0.17281073870243202
38 63 0.044951033581443776
38 64 0.036375985396823289
38 65 0.086482156241984895
38 66 0.00070582950706124287
38 67 0.035974345187856895
38 68 0.016870429443531863
38 69 -0.025789003340296567
38 70 -0.09828984697495699
38 71 0.032831933960103796
38 72 -0.027276908952725908
38 73 -0.081971674299116087
38 74 0.027991746187922578
38 75 -0.1570475397116359
38 76 -0.10755736705765569
38 77 -0.075180148249712905
38 78 -0.087998649326146858
38 79 0.056634760506870781
38 80 0.091362054132463053
38 81 -0.025891737874323494
38 82 -0.197882213378404
38 83 0.15326620466867411
38 84 -0.056554127040983095
38 85 -0.071981184635563342
38 86 -0.029693090343946724
38 87 0.082495049070627977
38 88 -0.040968400954201185
38 89 0.05311390079017609
38 90 0.0209483564158215
38 91 -0.064713519634460648
38 92 0.10341072569759113
38 93 -0.10602631841622721
38 94 -0.010226717210186306
38 95 -0.041986605682045493
38 96 0.05392560737534257
38 97 0.012605442307755382
38 98 0.069546344089991247
38 99 0.053838935603185339
38 100 -0.043434706822998194
38 101 -0.088770315827919832
38 102 0.028107657549543575
38 103 -0.13645541990892002
38 104 0.057441163160584743
38 105 0.043948225985000283
38 106 -0.042879755585304595
38 107 -0.023413851775807203
38 108 -0.0055649670841344916
38 109 -0.056322935444111447
38 110 -0.1082055483482794
38 111 0.042997021099619878
38 112 0.026669075507994383
38 113 0.032362074727382277
38 114 -0.15369392824294198
38 115 -0.054675523211174304
38 116 -0.012010141616206643
38 117 0.10126274096295843
38 118 -0.14632293629651033
38 119 0.0048556884997205917
38 120 0.083846670084790798
38 121 0.085435270360833232
38 122 0.097593891502226679
38 123 -0.021506365224707464
38 124 0.079550887730708814
38 125 -0.015083787800787013
38 126 -0.0091196948591110889
38 127 -0.031952664687499445
38 128 0.046712761793855792
38 129 0.093401970798326989
38 130 -0.14595706703380931
38 131 0.14835905484412815
38 132 0.19134554313509122
38 133 0.075794904026811563
38 134 0.091997576840075576
38 135 -0.15092255284743405
38 136 -0.021808521045571249
38 137 0.070139878562659977
38 138 0.074176233202285335
38 139 0.0062630834134334836
38 140 -0.065433505046075133
38 141 -0.13332811517178486
38 142 -0.048675946460092982
38 143 -0.073695507040772198
38 144 0.14215972107966937
38 145 -0.017839606892770324
38 146 -0.0067334892776860994
38 147 0.053954071717696825
38 148 0.092334159724792073
38 149 0.027267162572135465
39 40 0.0011478220150036521
39 41 0.01446199988151234
39 42 0.012081178936855496
39 43 0.015562691395318635
39 44 -0.020936951713578338
39 45 -0.031995326072754189
39 46 0.048471755892471102
39 47 0.012105324520776025
39 48 0.071718300557935252
39 49 0.024671698120888767
39 50 0.049935813193045256
39 51 -0.09257868320939934
39 52 -0.014633150383886386
39 53 -0.10841787602232666
39 54 -0.058202241984193034
39 55 0.12165042334495717
39 56 -0.038351646386334655
39 57 -0.017827780624101994
39 58 0.12316212551631303
39 59 0.10178777656141924
39 60 -0.11412395333689113
39 61 -0.0035523075471426036
39 62 0.028157716306001154
39 63 0.088241482404665339
39 64 0.19131550317387819
39 65 -0.051643939782243097
39 66 -0.096037430196850113
39 67 0.051712198293005746
39 68 0.0039221344944349607
39 69 0.11596063515346872
39 70 0.017525197740173883
39 71 0.17144897658362915
39 72 -0.032495048194276809
39 73 0.070864788103114917
39 74 -0.041980961477014384
39 75 -0.1644205890220487
39 76 -0.012366143773780919
39 77 -0.10351093827313076
39 78 -0.03390703484417721
39 79 -0.065222189680263956
39 80 -0.12847068611843318
39 81 -0.01131525153700781
39 82 -0.17569618580794305
39 83 -0.0065251341396917453
39 84 0.044560276712530211
39 85 -0.081830129824574188
39 86 -0.023246909886268586
39 87 0.082565356379006277
39 88 -0.056308706720132086
39 89 -0.064700696187317927
39 90 0.0075144217743207502
39 91 0.028484400895965656
39 92 0.13258124607536517
39 93 0.11840599483222179
39 94 0.11885769338008441
39 95 0.025887819842973187
39 96 -0.10020878724125402
39 97 0.052428319030525118
39 98 0.055764152729674901
39 99 0.0087858702505877184
39 100 0.032130789617946319
39 101 0.055548411780592957
39 102 -0.032508428991392641
39 103 -0.010146086708844291
39 104 -0.017370719427994251
39 105 -0.15553936347772093
39 106 -0.012582397250496709
39 107 0.066357715393825192
39 108 0.012501975466099309
39 109 -0.011745261038791774
39 110 -0.15188920320365246
39 111 -0.016317877775649858
39 112 0.00065998895257209328
39 113 -0.057180803332973575
39 114 0.062907866752582281
39 115 -0.082394441919456884
39 116 -0.045716522356585146
39 117 0.016550254768150023
39 118 -0.042527439080460118
39 119 0.061952111977616076
39 120 -0.17012484105168724
39 121 0.11484555365500571
39 122 0.078893877495031892
39 123 -0.021438957370321428
39 124 -0.18729069210088081
39 125 0.048265438008551528
39 126 0.035530413518620491
39 127 -0.0052829631983423346
39 128 -0.083517948261542116
39 129 0.12012366622234856
39 130 -0.1300094289557216
39 131 0.010686516358075441
39 132 -0.088935012466037994
39 133 -0.05820214064422178
39 134 0.070170402183725916
39 135 -0.023294184433122273
39 136 -0.10511566906324131
39 137 0.072028290172791401
39 138 -0.069572645651176185
39 139 0.00049123880502738684
39 140 -0.043264535150143231
39 141 0.12717412608249967
39 142 0.035924452192725519
39 143 0.078943202936934964
39 144 -0.14725909199396189
39 145 -0.0013014380020091427
39 146 -0.062915065751293964
39 147 -0.052532910436605434
39 148 0.034445892694855963
39 149 0.11835127196105469
40 41 -0.044658731967210312
40 42 -0.036046910708335628
40 43 0.0730992809891617
40 44 -0.049305652269534192
40 45 -0.16183315164107975
40 46 -0.0070023611282244817
40 47 -0.04036172860941175
40 48 0.0059088492321943088
40 49 -0.01750516372781942
40 50 0.038892090568559023
40 51 -0.0502567695660526
40 52 -0.092223054142335975
40 53 -0.093020335326198897
40 54 0.027507084559018416
40 55 0.094428956464209318
40 56 -0.16125359300372302
40 57 0.12809424457946231
40 58 -0.015897971034109927
40 59 0.088657690334145667
40 60 0.070654326092633918
40 61 -0.082596302667941601
40 62 -0.013335891593335193
40 63 -0.038149731590910722
40 64 0.13148648669380461
40 65 0.024500014351900436
40 66 0.075746464192585627
40 67 -0.10007658403717107
40 68 -0.097058119751580157
40 69 -0.037278345025624014
40 70 0.0010123858216153263
40 71 0.066047689257346665
40 72 -0.023113416333861381
40 73 -0.062739809745733247
40 74 -0.056045190248443351
40 75 0.19121453387176587
40 76 0.042745243398210959
40 77 0.029422594898173157
40 78 0.070575276645410107
40 79 0.11502773904423132
40 80 0.015779074672587719
40 81 -0.11824884673339356
40 82 0.0016762189284714845
40 83 0.18547493687842898
40 84 -0.044738526953174582
40 85 -0.04074582801097118
40 86 -0.12365844573373841
40 87 -0.10238639203236868
40 88 -0.11495216083301707
40 89 0.072429203264878478
40 90 0.017316184015000183
40 91 -0.0089229357837667111
40 92 0.025950849629348266
40 93 0.10342067151436125
40 94 0.030630705480143457
40 95 0.029410058963036907
40 96 -0.04638562426160938
40 97 -0.024029498674967276
40 98 -0.20856223168406737
40 99 -0.065019658560021495
40 100 -0.1181633439985886
40 101 0.038022959643759756
40 102 -0.0055966454416739387
40 103 -0.11194066947025964
40 104 0.19641554806137829
40 105 0.096646987289482927
40 106 0.082206221965986009
40 107 -0.088907629199654198
40 108 -0.050453612257871136
40 109 -0.056545064436245601
40 110 -0.0033808365501001151
40 111 0.093673386611551071
40 112 -0.077136348553510675
40 113 0.012245511737582433
40 114 0.1167107927769616
40 115 -0.076241204983710106
40 116 -0.023844428164495588
40 117 -0.12262054483071561
40 118 -0.13657406172708522
40 119 -0.043899565480316538
40 120 0.14238322728458189
40 121 -0.038856055350169991
40 122 0.095878537113444434
40 123 0.027077188881395785
40 124 0.043976626417099492
40 125 -0.041515401242983169
40 126 0.10881665711265817
40 127 0.026665563577213763
40 128 -0.083717672729228115
40 129 0.14502279466820694
40 130 -0.034844594799057563
40 131 -0.04249585682642229
40 132 0.04731804939695014
40 133 -0.05034205384468473
40 134 0.025473450921144319
40 135 -0.12201069792800712
40 136 -0.091241120649760796
40 137 0.1101970498952686
40 138 -0.017291857277345789
40 139 0.13583499761390741
40 140 -0.052451050506614784
40 141 0.074896731540653266
40 142 0.014942888975640183
40 143 0.00057158632541683531
40 144 -0.021415307007405068
40 145 0.037423611441053252
40 146 0.077918735546068971
40 147 -0.041773827206363086
40 148 0.068011560755695713
40 149 -0.010364315695751674
41 42 0.08711653714289648
41 43 0.073985440026880719
41 44 -0.097568569564297186
41 45 -0.0077257175018269472
41 46 -0.051188449436686129
41 47 0.1162209486031659
41 48 0.11636805584994526
41 49 -0.064656250553148706
41 50 -0.10204513598783886
41 51 -0.081826039794860653
41 52 -0.12743845543655602
41 53 -0.062278349987460915
41 54 0.039284899431940704
41 55 0.17568255167777977
41 56 0.20506323402157919
41 57 0.0075626701157739829
41 58 -0.079973223286127021
41 59 -0.17166900598024568
41 60 -0.17679544635719441
41 61 -0.034230996772651887
41 62 -0.033410033250955033
41 63 -0.0072675648351656404
41 64 -0.16251674146192535
41 65 -0.26249705948390306
41 66 0.011498726805370689
41 67 -0.016811748451943831
41 68 0.070985938831635134
41 69 -0.02213552798078075
41 70 0.064498565901315155
41 71 0.02714993114467289
41 72 0.031122490289437279
41 73 0.0032679695947135262
41 74 -0.087687943388627038
41 75 0.055331754302935472
41 76 -0.074471783916458992
41 77 0.029406958159695056
41 78 -0.15312056242435562
41 79 -0.050281410250645392
41 80 0.00055642190226810515
41 81 0.080997499590829594
41 82 -0.0080306367192124074
41 83 0.042728290094861537
41 84 -0.12912355101502121
41 85 0.01325496897045186
41 86 -0.058475465223280947
41 87 -0.040953785473187405
41 88 0.12320580296200313
41 89 0.012120831930233136
41 90 -0.0055801684513722962
41 91 -0.040183378756727298
41 92 0.10619245014018476
41 93 -0.013530437520353633
41 94 0.18833474388909754
41 95 0.00048578176687531034
41 96 -0.086254643833535094
41 97 0.031554899430242013
41 98 0.13501863529991234
41 99 -0.025230584977950589
41 100 -0.11051672778171548
41 101 0.0018012368382208214
41 102 0.12827905192505248
41 103 -0.14893631580198671
41 104 -0.1379917653731263
41 105 0.023955822003626497
41 106 -0.012130465032099457
41 107 -0.14570963678022381
41 108 0.13506719858546506
41 109 0.045626787653115571
41 110 -0.0064192938620588813
41 111 0.0438756594241069
41 112 0.0073685293040667193
41 113 0.01755120562047572
41 114 0.065458506011382131
41 115 0.0083080527569072277
41 116 -0.094641438624212704
41 117 0.17499381036648848
41 118 0.11077649173015132
41 119 -0.079622719865031749
41 120 -0.070122630877656716
41 121 -0.19652914354886317
41 122 0.10054068604897794
41 123 0.13888543771780826
41 124 -0.081741175634837127
41 125 -0.053528713614081423
41 126 -0.086515981094807931
41 127 -0.071549968797387106
41 128 0.12367754799872405
41 129 -0.00935466546361703
41 130 -0.076819423456994121
41 131 -0.17024606366831466
41 132 -0.12795944298822515
41 133 -0.061929183732157535
41 134 0.12292788727104048
41 135 0.033341370717038021
41 136 -0.0036656757522755411
41 137 0.055720928168930012
41 138 0.0083600793745760328
41 139 -0.022392416109559814
41 140 0.20042687714143922
41 141 -0.051515621784329883
41 142 0.028505725439577207
41 143 0.0090784335132864605
41 144 0.13326693503390466
41 145 -0.13917387863983097
41 146 0.090284389176270435
41 147 -0.077743731695653476
41 148 0.099896870021437781
41 149 -0.010059872117370087
42 43 0.020431304249176038
42 44 -0.054382720056487401
42 45 -0.18635800404560773
42 46 -0.011870882644752685
42 47 0.015992517299941604
42 48 0.17836882178399732
42 49 0.11614781803403741
42 50 0.055038539244892624
42 51 -0.0020683864192507324
42 52 -0.086490410877047424
42 53 0.094415354905896101
42 54 -0.03363235221389551
42 55 0.090051966321863464
42 56 -0.027151678879104191
42 57 0.041193896708737889
42 58 0.0087097107326909919
42 59 -0.038541011149000208
42 60 -0.0074201103883279025
42 61 -0.10497279462271805
42 62 -0.011043635397956515
42 63 0.021778642894369982
42 64 -0.025135531978758896
42 65 0.011987426794609865
42 66 0.097257203636902809
42 67 0.04039023608138597
42 68 -0.081010517177639213
42 69 -0.13214234431811306
42 70 0.041067504429801095
42 71 0.061542355109254925
42 72 0.059584916192892641
42 73 0.019949718435994745
42 74 -0.039410880722555455
42 75 -0.019486021577170953
42 76 -0.016828341681644092
42 77 -0.0070856402246358297
42 78 0.058017398352424733
42 79 0.11129341720112783
42 80 -0.045851381468784161
42 81 0.027417880116056264
42 82 -0.052886620142955434
42 83 0.083225390903879135
42 84 -0.034557929230205758
42 85 -0.064322336080200729
42 86 -0.0044546132852527846
42 87 -0.034311151088171045
42 88 -0.0030121574909798441
42 89 0.040119722656190099
42 90 -0.0067051203860730461
42 91 -0.095974272866698879
42 92 -0.10824436955106456
42 93 0.07860858268497517
42 94 -0.0015655272911045692
42 95 -0.13658047935181114
42 96 -0.16760293735811985
42 97 0.076683311307781013
42 98 -0.15923432325785875
42 99 0.17546385984768062
42 100 0.022779462608975218
42 101 0.079358773678862807
42 102 -0.030951753953827377
42 103 -0.031961699397847987
42 104 0.1587978006716339
42 105 -0.10295381074096276
42 106 -0.016381977790749978
42 107 -0.036236897213589324
42 108 0.038051041702936092
42 109 0.032974597059217167
42 110 -0.081113170105666904
42 111 -0.1731975730340552
42 112 -0.15315524097345512
42 113 0.08911231804209907
42 114 -0.059554604308677754
42 115 -0.050204740736661674
42 116 -0.09361613966567281
42 117 0.036281008724225239
42 118 -0.010161557869211165
42 119 0.027506932015183151
42 120 -0.21928302769789826
42 121 -0.11574962244073297
42 122 -0.0096054482865706326
42 123 -0.067756017073388547
42 124 -0.12746226592090942
42 125 -0.1247008692845715
42 126 -0.10216267536488829
42 127 0.074494480858900217
42 128 0.0025194247061215997
42 129 0.017727059388592068
42 130 -0.058090720056589058
42 131 -0.032698436050000196
42 132 -0.017358360709713111
42 133 0.067756027029208549
42 134 -0.12335930444823186
42 135 -0.0032203901375586035
42 136 -0.071087063542765977
42 137 0.017214216021849454
42 138 -0.033910220806815314
42 139 0.043251409732687839
42 140 0.019062759019683764
42 141 -0.074686018628294895
42 142 0.068158462688177976
42 143 -0.023890941726094773
42 144 0.072799965032071187
42 145 0.07268671262696455
42 146 0.15099477289807159
42 147 0.028510966107713056
42 148 0.054868585248292315
42 149 -0.045526553447985577
43 44 -0.046785777743428056
43 45 0.040119851164964686
43 46 0.0079451021075598715
43 47 0.036470264148885982
43 48 0.075026831365730753
43 49 -0.099365108075716885
43 50 0.12931815832392177
43 51 -0.085348882274637092
43 52 -0.095144730941159675
43 53 -0.061206119386224785
43 54 0.082266192205235844
43 55 0.094757112405897501
43 56 -0.025316489801307927
43 57 -0.08159765076778748
43 58 0.083034691327525764
43 59 -0.084058074879033537
43 60 -0.018703990064534916
43 61 -0.17113720539722066
43 62 -0.019702898457997633
43 63 0.1892030044582094
43 64 0.07431702085290097
43 65 -0.033312857735110689
43 66 -0.096696476663446329
43 67 0.040975309751273115
43 68 -0.096137998996640994
43 69 -0.12069288239331551
43 70 -0.029541577621929237
43 71 -0.07998837183113712
43 72 0.1913074345553307
43 73 0.047478971341681872
43 74 -0.24410385309617438
43 75 -0.19734135767744262
43 76 0.050767177247367005
43 77 0.061377418280444497
43 78 -0.04355875641346061
43 79 0.17123393540054294
43 80 -0.061801341376355123
43 81 -0.095894480587585679
43 82 0.0032568743711091303
43 83 0.010973970105104688
43 84 -0.042532447172220746
43 85 0.025229912132837286
43 86 -0.077089684626462263
43 87 -0.0050808855869687248
43 88 -0.059117312333263547
43 89 0.092698228333022478
43 90 -0.041333726453869679
43 91 0.058169948198512685
43 92 -0.034501959763694176
43 93 -0.090416705003128109
43 94 0.038920430943643655
43 95 0.12848926847496839
43 96 0.025597405811526225
43 97 -0.040130103522971847
43 98 -0.077535628588722483
43 99 -0.14960488469410008
43 100 -0.023110024543491762
43 101 -0.040251502147036773
43 102 0.057506379027715708
43 103 0.042674619719007274
43 104 0.071124910099176958
43 105 0.093000243306324837
43 106 0.078753446336383315
43 107 0.15628931029853596
43 108 0.030503840054709914
43 109 -0.028573903646475666
43 110 0.073032388841426182
43 111 0.0045919223934099548
43 112 -0.10038425270159179
43 113 0.05837994580538769
43 114 0.0791131438688365
43 115 -0.01664064631659054
43 116 0.13139777546594217
43 117 -0.0045919524341093984
43 118 0.0049339584194613827
43 119 -0.085294611911408455
43 120 -0.05038077796579625
43 121 -0.11020002183037379
43 122 0.1037734251399316
43 123 -0.1003734480918186
43 124 -0.11542748165284032
43 125 0.019729140867511364
43 126 -0.21185848586865189
43 127 0.012632669073650592
43 128 -0.071122710173776083
43 129 -0.0086460197454954028
43 130 -0.065452173464413926
43 131 0.077868034769376551
43 132 -0.018749630850059422
43 133 -0.041081910297793678
43 134 -0.10232207875230689
43 135 0.0041427863535435103
43 136 0.14067739079066852
43 137 -0.061018110541797427
43 138 -0.065459148627276684
43 139 0.045514843084609971
43 140 -0.065466788576049595
43 141 -0.066071938490078197
43 142 -0.047856607921309968
43 143 -0.0057214189987997745
43 144 0.0245670746930234
43 145 -0.057297362096802168
43 146 -0.10461948010192741
43 147 -0.0075056272623820596
43 148 -0.094663372521262307
43 149 -0.047701346866353647
44 45 -0.054354326578789428
44 46 0.032739136804521819
44 47 -0.14296508983758188
44 48 -0.044572147799926756
44 49 0.087407936579098719
44 50 -0.046787760111838821
44 51 0.15014013209925786
44 52 0.071195078060364764
44 53 -0.10070781458327221
44 54 0.018640431061109537
44 55 0.030946990767206587
44 56 0.069002349170895247
44 57 0.041554064253251088
44 58 -0.1068729931784437
44 59 0.081392778863782253
44 60 -0.052803481637294571
44 61 0.0087327104955635879
44 62 0.087424882616233116
44 63 0.0099510433503162479
44 64 0.088936027638722409
44 65 0.074356388107484336
44 66 -0.092083403086816562
44 67 -0.11596639503896514
44 68 -0.0073473477555010182
44 69 0.084190823268266463
44 70 0.11085083641448099
44 71 -0.057014921378538329
44 72 0.057348911596117415
44 73 0.088663382063829163
44 74 0.046504274425527826
44 75 -0.064581521340670509
44 76 -0.045317771905141309
44 77 0.042702739839989352
44 78 0.1808007143616262
44 79 -0.029842380485532363
44 80 -0.053408815745398054
44 81 0.025701077240292993
44 82 0.016084674960573336
44 83 -0.068674848807263975
44 84 -0.00053854805522509882
44 85 -0.039658898206191021
44 86 -0.056508614422392106
44 87 -0.044038754482590682
44 88 -0.059052211413359701
44 89 0.060457126169000001
44 90 0.04056785374857072
44 91 0.052723592857943896
44 92 -0.044201604219941154
44 93 -0.10193569420840577
44 94 -0.026242725327320478
44 95 0.0076829457989678338
44 96 -0.014091014935886203
44 97 -0.037544870799052117
44 98 -0.074648235653582293
44 99 -0.055604890754047058
44 100 0.09083423356591129
44 101 -0.026113229071091135
44 102 0.087657682923495767
44 103 -0.0098109456595659329
44 104 -0.086271512244100929
44 105 -0.1746661785024024
44 106 -0.0097931187614487096
44 107 -0.057815687818637655
44 108 0.034366853178352259
44 109 -0.093091534807420787
44 110 0.019699893422715782
44 111 0.008456790234351929
44 112 -0.11059419808165183
44 113 -0.076186188950712247
44 114 0.02429137589670791
44 115 -0.051958832727982067
44 116 0.11988810028015127
44 117 0.24290792594061397
44 118 -0.082730817019832828
44 119 -0.10876963566024829
44 120 -0.097184523300103853
44 121 0.020904042634363493
44 122 -0.09038939812971919
44 123 -0.087306060281859235
44 124 0.023431320665267607
44 125 0.049275536239001709
44 126 -0.012925894448497012
44 127 -0.055733418789377334
44 128 0.068494156313876522
44 129 0.010552671354257484
44 130 0.00022323725989800212
44 131 0.098716687840446626
44 132 -0.0039544006885504582
44 133 0.011383118330958248
44 134 -0.10237627526934233
44 135 -0.1071459533910834
44 136 -0.125545261106534
44 137 0.01953288577577544
44 138 0.059004177030680068
44 139 -0.040825713474519819
44 140 0.0060587759180295011
44 141 -0.02327161396728963
44 142 -0.027667722418594238
44 143 0.099921948320221776
44 144 0.084658800514524374
44 145 -0.027711724056887425
44 146 -0.038279890500548468
44 147 -0.17895009630876552
44 148 0.12208535353265162
44 149 0.0101387662624093
45 46 0.029429546782937726
45 47 0.15298780673953508
45 48 -0.089206460173724786
45 49 -0.02505134278168827
45 50 -0.012012816304115692
45 51 -0.03173476817905195
45 52 -0.017513610703802536
45 53 0.15898512131685485
45 54 0.060351042173313538
45 55 0.048202773305425918
45 56 -0.065210686205177879
45 57 -0.0053947770349483384
45 58 0.039121414156614458
45 59 -0.099963648731821425
45 60 -0.0031109293795188501
45 61 0.030246246947631606
45 62 -0.14039387329182618
45 63 0.0032546228797196266
45 64 -0.11162146329560629
45 65 -0.13077248723024471
45 66 -0.043980281490357813
45 67 0.0082769221100380125
45 68 0.053747908050183466
45 69 0.016272813179248134
45 70 -0.090120504522947939
45 71 0.06314463730027299
45 72 -0.015241299126108913
45 73 0.038591831795291381
45 74 -0.040275663985094766
45 75 -0.041782311375416839
45 76 -0.0096492977929409883
45 77 0.13259628823051942
45 78 -0.109899351463981
45 79 0.0098914558925469517
45 80 -0.066320894281563625
45 81 0.0019469930725587591
45 82 0.0051129149893279257
45 83 0.14823190686403293
45 84 -0.049055337163371918
45 85 0.018963238014452238
45 86 -0.002548882524579577
45 87 0.087100712858264165
45 88 -0.090207041770084845
45 89 0.026374632842472195
45 90 -0.075185946070295925
45 91 0.15859794132642216
45 92 -0.040658107684110732
45 93 0.045218518649197903
45 94 -0.066278056335552823
45 95 0.14111031067430177
45 96 -0.067935899936806432
45 97 -0.00087915611489493577
45 98 -0.058248336827453749
45 99 -0.093681533246459212
45 100 0.02070690852723411
45 101 0.055559863724059466
45 102 -0.15181338656577664
45 103 -0.052326355864564064
45 104 0.068114084019480575
45 105 0.0029147559440717047
45 106 -0.0023138830163648627
45 107 -0.11381010752191792
45 108 0.025226639033401624
45 109 -0.087721689375656622
45 110 -0.14432000349762916
45 111 -0.046818397099633029
45 112 -0.063527297160851731
45 113 0.038449685912834826
45 114 0.099759141363970266
45 115 -0.066676388073689877
45 116 0.045571562314258414
45 117 0.078196421933693167
45 118 0.094757442001025372
45 119 0.054563545968601856
45 120 -0.082916794484609244
45 121 -0.07397231249306789
45 122 -0.088949157103260831
45 123 -0.06075230051511029
45 124 -0.06888425171509574
45 125 -0.074271423476193976
45 126 0.039779615445260881
45 127 -0.006889119962396148
45 128 0.0052460292336928647
45 129 -0.12190252322310199
45 130 -0.016312219646825919
45 131 0.086800255889019143
45 132 0.05693589919459905
45 133 0.042579765041958241
45 134 -0.0077135382452683133
45 135 -0.029124576371864681
45 136 0.02695427423139779
45 137 -0.014508190252685722
45 138 -0.064892049289752063
45 139 -0.016758795850754009
45 140 -0.15339115742475132
45 141 0.042266725229553923
45 142 -0.039136410388105329
45 143 0.14512975670505746
45 144 -0.0072799306096898208
45 145 -0.17879434575793351
45 146 -0.13232713733272314
45 147 0.0042202968334664852
45 148 -0.045209691528520092
45 149 -0.073590550131185276
46 47 0.028058175697728893
46 48 0.0039119188474112283
46 49 0.019180318938388004
46 50 0.092191597808326003
46 51 -0.032751320497306932
46 52 -0.083029713837681679
46 53 -0.054301271265212989
46 54 -0.12643873983974813
46 55 -0.030373032179379523
46 56 0.070871616834337181
46 57 0.10441151138792384
46 58 0.036932594737541263
46 59 -0.0312294745623512
46 60 0.037349718675442907
46 61 0.066332132074714945
46 62 0.1463543578670847
46 63 0.048551032773964969
46 64 -0.039563432549303973
46 65 0.11475965747746886
46 66 0.18543919403855041
46 67 -0.21127278157099183
46 68 -0.058238097005048332
46 69 0.098244206360488237
46 70 -0.00051558343503531714
46 71 -0.12010237062387968
46 72 0.031908953916292254
46 73 -0.053309228628735501
46 74 0.10642105967282457
46 75 -0.15572242012985232
46 76 -0.057127337318246034
46 77 0.13308523501287162
46 78 0.025928521570516883
46 79 0.14531574126642405
46 80 -0.21320141861457131
46 81 -0.066898191224518636
46 82 -0.026931771561041228
46 83 -0.11447707854148702
46 84 0.079201486731723503
46 85 0.049417376055391482
46 86 -0.11330990267595142
46 87 -0.080795791845447829
46 88 -0.059392632830280692
46 89 0.072863472369183835
46 90 -0.22905347844628679
46 91 0.059894328060545815
46 92 0.10595487850407169
46 93 -0.063490419043029891
46 94 -0.024309823290229335
46 95 0.11134065096912764
46 96 0.030059460653603803
46 97 -0.094305408960378007
46 98 -0.014778646540478741
46 99 -0.035270405547630078
46 100 0.057530967081183437
46 101 0.079062213498779302
46 102 -0.030353373053397123
46 103 0.12064398432845809
46 104 -0.059083984726655839
46 105 -0.024493053183389211
46 106 0.10522369950576653
46 107 -0.019642244466350073
46 108 0.082997976113211039
46 109 0.1000050210899807
46 110 -0.086866901000558536
46 111 -0.11261209467030221
46 112 0.073995055415575189
46 113 0.035952069541876776
46 114 0.14072570616084937
46 115 -0.013242379922767031
46 116 0.014818186015021958
46 117 0.23317802347576108
46 118 0.11049861285778359
46 119 0.032109137400789405
46 120 -0.12265147904516598
46 121 -0.020648495608243438
46 122 -0.047638514367708593
46 123 -0.16866875439383161
46 124 -0.12012120402367311
46 125 0.022318153838195624
46 126 0.029174528410257694
46 127 0.079804971021433496
46 128 -0.024787215201240078
46 129 0.068288654762360915
46 130 0.061013925441141766
46 131 -0.068094538412808617
46 132 0.13624599529728493
46 133 -0.055883365746306438
46 134 -0.034620878513041894
46 135 -0.040974060575196515
46 136 -0.046865711549323334
46 137 0.040710971916110429
46 138 -0.21646989616048132
46 139 -0.033357204723308359
46 140 0.049233418287383986
46 141 0.022703209311499974
46 142 -0.0615784426558105
46 143 -0.085975153006062274
46 144 -0.10376832147370973
46 145 0.016551603828571598
46 146 0.042086076268486136
46 147 -0.035807220091819018
46 148 -0.088904086081799213
46 149 -0.070962246945481242
47 48 -0.15211311604555089
47 49 -0.047090102955886025
47 50 -0.1076011227551352
47 51 -0.15564804907697705
47 52 -0.16578047537431412
47 53 0.0047554966442097339
47 54 -0.0038895698894513648
47 55 0.0051564993404026298
47 56 -0.099830802503947838
47 57 0.1028325964594633
47 58 -0.032341461951217454
47 59 0.026191253032251713
47 60 -0.065437395980016078
47 61 -0.070484195912507971
47 62 -0.12160947075855845
47 63 -0.052045213125068011
47 64 -0.021859641275984752
47 65 0.048550360091247434
47 66 -0.03777006056030166
47 67 -0.078725879640423782
47 68 -0.16594443694519331
47 69 -0.037384315442416008
47 70 0.038171517135598909
47 71 0.1567403369260239
47 72 -0.11508215907751958
47 73 -0.049997928248971264
47 74 -0.021461335065615143
47 75 0.16444403713839365
47 76 -0.14284316279867459
47 77 0.11938533169210748
47 78 0.071253006785782155
47 79 -0.056397072490002677
47 80 -0.11886786316332268
47 81 0.12187809791413191
47 82 -0.066099574849315321
47 83 0.083019995221629311
47 84 -0.063673678014273025
47 85 0.0092432863159847781
47 86 0.058283117455755609
47 87 -0.00036048070876138128
47 88 -0.066896751914622327
47 89 0.036649862128053767
47 90 0.06365479487714619
47 91 0.066163811940896516
47 92 -0.010825668381804956
47 93 -0.0082068163436594798
47 94 0.076065920861909039
47 95 -0.18120590040270954
47 96 0.070949017900577671
47 97 -0.10172297393342371
47 98 0.071371314443224268
47 99 -0.17490069085041679
47 100 0.19592367430204358
47 101 0.035379660965568535
47 102 -0.037476109052192834
47 103 -0.065079081108345829
47 104 0.0014419808766669702
47 105 0.11092496607312562
47 106 -0.057119834158512441
47 107 0.050357982858375942
47 108 0.071726678741730665
47 109 -0.024230252530100228
47 110 -0.02311975443155205
47 111 0.073309213650439686
47 112 -0.0015058238886288568
47 113 -0.026437790699358546
47 114 0.070358819112973245
47 115 0.05971606824230094
47 116 -0.064851246558909725
47 117 -0.069229196508887092
47 118 0.038657999474409406
47 119 0.091493566305893087
47 120 -0.092994853471713018
47 121 -0.16489296522652622
47 122 -0.036287674651690756
47 123 0.018591714159132865
47 124 -0.030099978418081444
47 125 0.15026428852726745
47 126 0.11249002858286629
47 127 -0.055943536073270017
47 128 0.029418223890584391
47 129 -0.095606419477765492
47 130 0.035411364178814672
47 131 -0.010620109957447232
47 132 0.046389258745124166
47 133 -0.07641705475254687
47 134 0.14914789342212265
47 135 -0.069294878048329261
47 136 0.024832026557025308
47 137 -0.037213226628372023
47 138 0.10741002236868295
47 139 0.069278745969975838
47 140 -0.056766995626577457
47 141 0.037508818940874905
47 142 0.10099148996749938
47 143 0.20563021205546198
47 144 -0.10138511546671737
47 145 0.043146792409525847
47 146 -0.075845491411773103
47 147 0.046087678951794754
47 148 0.095265148290788929
47 149 -0.06115349374206857
48 49 0.040440071553408168
48 50 -0.021433800787358563
48 51 0.010093578166461082
48 52 0.028407270277503831
48 53 -0.11601385037813954
48 54 -0.025890229831322505
48 55 0.087700891282198712
48 56 0.12999726715410184
48 57 0.035841475259968614
48 58 -0.0091615652513987681
48 59 0.087099027358229192
48 60 0.12597897748898754
48 61 -0.20792129325463318
48 62 -0.087631452837144144
48 63 -0.0034606055736323645
48 64 -0.03908770836228416
48 65 0.12157440375541465
48 66 -0.067170859824651541
48 67 0.022196726846911527
48 68 -0.063367472995976615
48 69 0.044983142753573617
48 70 0.024599272520765797
48 71 -0.015841597053887237
48 72 0.02648840264321475
48 73 0.12170280511939374
48 74 -0.037247291895567546
48 75 0.015774358255309838
48 76 0.04429744503597783
48 77 -0.016707991242223653
48 78 -0.01310749346936357
48 79 -0.059371789115520331
48 80 0.034966595357485648
48 81 0.030993112910247794
48 82 0.15509203984199324
48 83 -0.062854787341318483
48 84 0.0159662685867791
48 85 -0.08805534921726528
48 86 0.10919387959968187
48 87 0.081428311675147302
48 88 -0.26498291463442109
48 89 -0.065545031646071575
48 90 -0.081108871057212609
48 91 0.0529938704475207
48 92 -0.12190240746983318
48 93 0.047677425061848987
48 94 0.058962495306608444
48 95 0.022739099100502459
48 96 -0.026639897880434655
48 97 -0.17649497267370937
48 98 0.075998465593492159
48 99 0.065110821492035842
48 100 0.16827976114669921
48 101 -0.065777874359942992
48 102 -0.082206558670309793
48 103 -0.041254981237765227
48 104 -0.089818989622367437
48 105 -0.10354318447796459
48 106 0.12321488992469153
48 107 0.11703367745697763
48 108 -0.12651151498731725
48 109 0.019173203004859866
48 110 0.056431338327293704
48 111 -0.17922618207893265
48 112 0.0028884641754571031
48 113 0.012412440918135833
48 114 -0.024981716399561944
48 115 -0.060283786687865951
48 116 -0.0041574279904107152
48 117 0.019552567326996961
48 118 -0.070803420145610682
48 119 0.043532270431733397
48 120 0.046480445859883694
48 121 0.020953262130380082
48 122 -0.032473388857923252
48 123 -0.055633197824963426
48 124 0.17599282883001729
48 125 -0.019322038438528453
48 126 0.013270789740810423
48 127 0.13813207588115814
48 128 -0.021055306075971367
48 129 0.12013519788731551
48 130 -0.083151376904393337
48 131 0.049556574817005407
48 132 0.015710274535884739
48 133 0.0056097717220063197
48 134 0.21541377727795452
48 135 -0.023855318376040671
48 136 0.00017504141943175156
48 137 0.060057871117813036
48 138 0.13621153406548162
48 139 -0.066015504152005591
48 140 -0.040529835551346996
48 141 -0.16147549001682807
48 142 -0.12468013967882896
48 143 -0.13786531223638013
48 144 0.1768027093374257
48 145 -0.0041284876308221655
48 146 -0.09748081328973951
48 147 0.063716957943594124
48 148 -0.028770440491162917
48 149 -0.03531340678538207
49 50 -0.11304037741642438
49 51 -0.0931699591143927
49 52 -0.011933174770824286
49 53 0.012998597994799349
49 54 0.0031860661037959727
49 55 0.041510798318651253
49 56 0.068857877609603033
49 57 0.038522798378231193
49 58 0.066306358944033278
49 59 0.095555825261883137
49 60 -0.031711781595072534
49 61 -0.12148655564494809
49 62 -0.06438051473514958
49 63 -0.077466981431107612
49 64 -0.013067914329142491
49 65 0.047359811225525635
49 66 0.064412133090625726
49 67 0.031443110624360102
49 68 0.088917517067851101
49 69 -0.035411739209263125
49 70 -0.084571710187495069
49 71 -0.10210119259443044
49 72 0.025924628472739176
49 73 -0.00040531758037365851
49 74 -0.038456515056629607
49 75 -0.10851587233187139
49 76 -0.083180169539497084
49 77 0.16991933056338807
49 78 0.024214134807288425
49 79 -0.013775704220993159
49 80 0.026339707806658185
49 81 0.025461821400182178
49 82 0.012048919409834501
49 83 -0.10649744884596243
49 84 -0.088383613388652499
49 85 -0.17088071192123111
49 86 -0.059500935484701457
49 87 0.11640914295739323
49 88 0.030267637442213075
49 89 0.069216012533075341
49 90 -0.024165084290495586
49 91 0.085475215595978857
49 92 -0.013918386367573921
49 93 -0.0045710593456268584
49 94 0.046396778510177386
49 95 -0.008879592624803756
49 96 0.069070614250502427
49 97 0.10622798167153737
49 98 -0.0079730986592137093
49 99 -0.021518907836665324
49 100 -0.079926351747714702
49 101 0.061501162687751569
49 102 -0.023193653152969923
49 103 -0.070454820260340473
49 104 0.065789558237023649
49 105 0.10702972830105174
49 106 -0.045930725493973673
49 107 -0.050768569063396787
49 108 0.0029148718106931145
49 109 0.040439517626517867
49 110 0.1388469238569951
49 111 -0.069537394300079186
49 112 0.080676967827631466
49 113 -0.0070865195401799514
49 114 0.034612529329406158
49 115 0.027378192208412987
49 116 -0.090321560867914152
49 117 -0.028675922726844955
49 118 -0.041857593666215054
49 119 0.06979414942092442
49 120 -0.050666554894852105
49 121 0.064654307803318961
49 122 0.13492779704577648
49 123 0.082186133087310986
49 124 0.091249040097803491
49 125 0.082208553224195416
49 126 0.084050361050453104
49 127 0.016111733904526526
49 128 0.025260759692084838
49 129 0.03445814340738769
49 130 0.01782832600062801
49 131 -0.077857778393607094
49 132 -0.071826765666341288
49 133 -0.064751708874576708
49 134 -0.082285118588145773
49 135 -0.031774501146350338
49 136 0.091483448640948345
49 137 0.053784199322611415
49 138 0.1016853750760916
49 139 -0.12820985183677891
49 140 0.070295002578198151
49 141 0.0010466825540528428
49 142 0.060225430258681496
49 143 -0.042513350685475938
49 144 -0.014559878425697378
49 145 0.035023909359626224
49 146 0.044561158971337854
49 147 -0.075951348465588778
49 148 0.018561654089618383
49 149 -0.011142000070516923
50 51 -0.024000236789200258
50 52 -0.17078325304579381
50 53 0.053076742595226697
50 54 0.0016491016068724558
50 55 0.087392967227733306
50 56 -0.18591096541859609
50 57 -0.059908523358855062
50 58 0.13739236916872788
50 59 0.17330805201659027
50 60 0.048636472403093663
50 61 0.035964009292823534
50 62 0.045738414857668233
50 63 0.022268903250670314
50 64 -0.13210608789109668
50 65 -0.068524422058951248
50 66 0.0021147481926094276
50 67 0.081018337759193967
50 68 0.053297277335897071
50 69 0.061022065504270188
50 70 0.10809385505648379
50 71 -0.032343972463040084
50 72 0.02379610434668341
50 73 -0.24667781479457887
50 74 -0.022103721260736175
50 75 0.049344018881637669
50 76 -0.10494662738252282
50 77 -0.048615555586509401
50 78 -0.16578001822543639
50 79 -0.052275749050754244
50 80 -0.026292559801139793
50 81 -0.068922397416360984
50 82 -0.11762324873692295
50 83 -0.094244056027918841
50 84 -3.1619844964765084e-05
50 85 -0.039773314688096244
50 86 -0.10804218996918931
50 87 0.0928073067875817
50 88 0.13349504083545813
50 89 -0.032664037520550519
50 90 0.10246834624588488
50 91 0.20031284877279892
50 92 -0.11673974915573505
50 93 0.06086885981836837
50 94 0.067788958697711552
50 95 -0.037710192825378706
50 96 -0.076965623570890762
50 97 -0.028924700546114145
50 98 0.062495769913694529
50 99 0.0012240548869678113
50 100 0.08141799119713701
50 101 -0.095145380297649115
50 102 -0.10852212516434621
50 103 -0.094715800513789666
50 104 -0.024702492117018728
50 105 -0.00082086338241875033
50 106 -0.01872573224993106
50 107 -0.060306226888348573
50 108 -0.11123943838412778
50 109 0.088796185474704831
50 110 -0.077426248899208461
50 111 -0.044777972324023509
50 112 0.0028034708627786564
50 113 0.0089861368338606147
50 114 -0.041355569108742204
50 115 -0.08907842159962627
50 116 -0.14375020980149586
50 117 -0.039984382540491525
50 118 -0.083432126303121287
50 119 -0.13060343937733684
50 120 -0.013154101827428245
50 121 0.047137100776578067
50 122 0.064957509262147509
50 123 0.029447509949659261
50 124 -0.018344411830727877
50 125 -0.018814075303973374
50 126 -0.015873009671713366
50 127 0.064358501547962174
50 128 0.00032802137324613941
50 129 0.19454075594260953
50 130 0.048048242329568364
50 131 0.044459839845536961
50 132 0.025269501314023505
50 133 -0.032179571471031239
50 134 -0.028543776902579285
50 135 0.042785153617142281
50 136 -0.016626546664223519
50 137 -0.00058209445589377099
50 138 -0.010823491690170238
50 139 0.016174470463749608
50 140 0.18323639381170942
50 141 0.004371470138701412
50 142 0.054249630771089095
50 143 0.1649508123643629
50 144 0.045140131505357173
50 145 0.094587381508992832
50 146 0.030494190365543506
50 147 0.0091263290609777288
50 148 0.080337530067926363
50 149 0.062321962327151453
51 52 0.031378382126174061
51 53 0.04075745643339565
51 54 0.064151295886951398
51 55 0.034728910778301134
51 56 -0.09713532052821168
51 57 -0.037320316346966788
51 58 0.047962857231271402
51 59 0.026923772478539588
51 60 -0.13313172128075684
51 61 0.077543646977778269
51 62 0.045164937765657567
51 63 0.020485952304102658
51 64 -0.0047176168893426247
51 65 0.047744772671532258
51 66 0.15440986391805683
51 67 0.16425094731221701
51 68 0.02070402779399811
51 69 0.050310806099983861
51 70 -0.1649289017622364
51 71 -0.017274178071696705
51 72 0.090103393621338998
51 73 -0.024849455353791263
51 74 -0.090881343487201116
51 75 -0.043861339638269256
51 76 -0.085711238959104125
51 77 0.050690719014974822
51 78 0.12812869844308972
51 79 0.066660661042639291
51 80 -0.10018989705596586
51 81 -0.052610193039089641
51 82 0.0745334033895894
51 83 -0.066808863867059032
51 84 0.00082066325367214754
51 85 0.18363365077913324
51 86 0.10361593790042757
51 87 0.012105179240562744
51 88 0.094519993512263922
51 89 0.24878976809903508
51 90 0.036537332850070742
51 91 -0.07216682507695836
51 92 0.0043688433579895224
51 93 -0.013083967538658144
51 94 0.02100370203442737
51 95 -0.058022301126531159
51 96 -0.046740394416298521
51 97 -0.018405536991870464
51 98 0.020585790922077529
51 99 -0.0098760918498484417
51 100 -0.033834298268550604
51 101 0.089980640596996758
51 102 0.018698044212725064
51 103 0.012839882926520078
51 104 -0.067079141962832781
51 105 0.056291824569164275
51 106 -0.05106962212727869
51 107 0.067580763361179338
51 108 0.043264553453047173
51 109 0.15978069516575322
51 110 -0.13753030386612758
51 111 -0.068077992214982203
51 112 -0.049730339593459072
51 113 0.080337275854655027
51 114 0.03122686253217756
51 115 0.19470194227843257
51 116 -0.003623232225761937
51 117 -0.10966921724293537
51 118 0.083633043123905113
51 119 0.043968656123780189
51 120 0.17676738755047294
51 121 -0.0062156883185845273
51 122 -0.097520802356063141
51 123 0.0027488511271855443
51 124 0.070342318428269907
51 125 -0.018273129973245237
51 126 -0.093133884872425646
51 127 -0.03707308696725433
51 128 0.051446725843281416
51 129 0.0026593518407680818
51 130 -0.039649829072094973
51 131 -0.029547017834257575
51 132 0.026926498919687316
51 133 -0.22085740999719966
51 134 -0.10399495642615667
51 135 0.0084093715850325646
51 136 -0.03085409914690938
51 137 -0.017964329433136691
51 138 0.089311859896341897
51 139 0.081666074140686384
51 140 0.043617719913494744
51 141 -0.081164619899688747
51 142 0.069477102990321588
51 143 0.115255359508612
51 144 0.12047346093336328
51 145 0.075619783718261196
51 146 0.11915632092464298
51 147 -0.052762707476958624
51 148 0.012326699253136928
51 149 -0.13907094853082072
52 53 -0.049080942460767489
52 54 -0.13782904704876156
52 55 0.098288237989857433
52 56 -0.2466909137535872
52 57 0.0056254901443985855
52 58 -0.015381739619421022
52 59 0.022847348855540798
52 60 -0.089565295397102757
52 61 0.12781216028778072
52 62 -0.025345060759924123
52 63 -0.14039966334492845
52 64 -0.021617209115524141
52 65 -0.10097771511732515
52 66 -0.099730007278592644
52 67 0.050811818332320534
52 68 -0.074952613973649329
52 69 0.0069370543856105615
52 70 0.057367568644720708
52 71 0.1144799948184298
52 72 0.025181807190876131
52 73 0.069405923798162947
52 74 0.065754316935326781
52 75 0.16508968917567091
52 76 0.042827234419872122
52 77 -0.019011352468614552
52 78 -0.099181587604796714
52 79 -0.14436141738171765
52 80 -0.076726906507945739
52 81 -0.1020545050777398
52 82 0.022513110475979769
52 83 0.029567021273638954
52 84 -0.04569462457210826
52 85 -0.062481519664979293
52 86 -0.11982468402666881
52 87 -0.0027297340244618932
52 88 -0.075007476657541802
52 89 -0.024911612884273373
52 90 -0.073046640065012811
52 91 -0.048623204207162089
52 92 0.083491145515670315
52 93 -0.023793792998086632
52 94 0.041738461369979989
52 95 0.0012369091374218903
52 96 -0.0076131588516150364
52 97 0.014029742537985919
52 98 0.047189697010853154
52 99 0.012205446708791869
52 100 -0.002131320989423223
52 101 0.0078453354667814539
52 102 0.071530443039114405
52 103 0.030948572766530257
52 104 -0.036990336422020133
52 105 -0.11639792581363309
52 106 -0.014041600877773041
52 107 0.024573712729868646
52 108 -0.069189170830040933
52 109 -0.066948715778498272
52 110 0.0055505634772694944
52 111 0.076259292305688481
52 112 -0.029718462875126816
52 113 -0.028451903443391546
52 114 0.026435784543282395
52 115 -0.003071121552226894
52 116 -0.046498408019999077
52 117 0.19257746975668724
52 118 0.074600505255737248
52 119 0.30854381273265036
52 120 -0.11647414525167719
52 121 0.093238936374014286
52 122 -0.0084362176532879109
52 123 0.057429627872811119
52 124 0.012208010724616428
52 125 -0.069380365192615714
52 126 0.092872969756158455
52 127 -0.038347748405663497
52 128 0.1011557530047011
52 129 -0.0043760631593038214
52 130 0.020292050566697268
52 131 -0.040888463215373809
52 132 0.10129353116668501
52 133 -0.00073712454940957114
52 134 0.010300441268253864
52 135 -0.065431910699481691
52 136 -0.068597568205467196
52 137 0.033345500326001996
52 138 -0.039219245987520308
52 139 -0.04105770074206172
52 140 0.13915229137205506
52 141 0.030523379245828722
52 142 0.0096713618259320604
52 143 -0.024146349832483625
52 144 0.091057007739476448
52 145 0.12559435355827731
52 146 0.070952816003476665
52 147 0.0013352072026908783
52 148 -0.00034965791019772569
52 149 -0.049486412731176592
53 54 -0.091252467292868872
53 55 0.052024302442353038
53 56 -0.030463191398689523
53 57 0.044539128740112836
53 58 0.082744302621562446
53 59 0.049559096917430094
53 60 -0.14757026617625518
53 61 -0.043004811632659436
53 62 -0.0060026458208238525
53 63 0.11864957328179151
53 64 -0.0088832942624455617
53 65 0.03872626789653158
53 66 0.07405469801422275
53 67 0.053862303658329572
53 68 0.055270434296829651
53 69 -0.086579651267249272
53 70 0.062972727628722608
53 71 -0.038801852995235399
53 72 -0.068862850763494923
53 73 -0.043246474577522079
53 74 0.081155509481346477
53 75 0.0093620132455513889
53 76 -0.13766788181488937
53 77 -0.041830922112911631
53 78 0.033724829776174248
53 79 0.0047986827614653928
53 80 -0.080790034349260409
53 81 0.10684838115203336
53 82 -0.052834563711527942
53 83 0.10584019699300688
53 84 -0.075445096216325017
53 85 -0.085744797861579347
53 86 -0.0008139830422373357
53 87 -0.10374909593165106
53 88 0.011297972379750634
53 89 0.05703241367723217
53 90 -0.057841319869275758
53 91 -0.042749132279825727
53 92 0.070929608711129979
53 93 0.056972363669042819
53 94 -0.0070332889106381226
53 95 0.0078371350838375292
53 96 0.063450057621579348
53 97 0.041140951708176651
53 98 -0.027511168920250215
53 99 0.097668327931700549
53 100 -0.054072790382455882
53 101 -0.084762840539510539
53 102 0.027495532665101616
53 103 0.0044137107632513514
53 104 0.19457601793686208
53 105 -0.066870544944670943
53 106 -0.0082188389576292684
53 107 -0.010323314496240427
53 108 -0.1168882503322068
53 109 -0.0440539650419913
53 110 -0.0039861405985408367
53 111 0.17104613443188069
53 112 0.057772174858792644
53 113 -0.045014376502692063
53 114 0.02590986229726739
53 115 0.084580231476893336
53 116 -0.0083189169362351857
53 117 -0.13826558148257814
53 118 -0.089312893138281543
53 119 0.013337181526916275
53 120 -0.038184728353004148
53 121 -0.13740441107930346
53 122 -0.16000028735664459
53 123 -0.14537155919638592
53 124 0.056953523237486196
53 125 -0.022131034854563199
53 126 0.1313427159263223
53 127 0.10159141028284942
53 128 0.046866765879468336
53 129 0.056043475567873632
53 130 -0.019004372591244451
53 131 0.020651843406045544
53 132 -0.13494571742805159
53 133 -0.060810384358683654
53 134 -0.13616921700140469
53 135 0.087867932829540057
53 136 0.11187814647064633
53 137 -0.069509232267098153
53 138 0.025044656250254194
53 139 0.021444059575129178
53 140 0.1778499908490023
53 141 -0.026515130114427118
53 142 0.10283935873612472
53 143 -0.040533001010167977
53 144 0.13934970040235514
53 145 0.0047823248199759562
53 146 0.27347085226136697
53 147 -0.21983150714744953
53 148 0.065764132842497963
53 149 -0.030657463009931579
54 55 0.12783043976705141
54 56 -0.037112157768746608
54 57 -0.068384250740784233
54 58 -0.060383351639555875
54 59 0.0045763008752967458
54 60 0.0048631704012227616
54 61 -0.051392203021217525
54 62 0.010371886228056322
54 63 0.05790760759195248
54 64 -0.11560248583867756
54 65 -0.1241599310541505
54 66 -0.15467628124761149
54 67 -0.097055465916796591
54 68 0.16751653806559202
54 69 -0.097551069419044178
54 70 -0.15498082607822763
54 71 -0.020072689026197091
54 72 -0.039001013146377175
54 73 0.072929349953300429
54 74 -0.14155347063384532
54 75 -0.0069023165526907329
54 76 0.029415290181344669
54 77 0.036869114686267523
54 78 -0.052858659690286587
54 79 -0.067238536707554558
54 80 -0.053695624590044851
54 81 0.037164584465296323
54 82 0.0056254825980125633
54 83 0.0037831969029058043
54 84 0.015107559220532552
54 85 0.060293308786969334
54 86 -0.037253332820618393
54 87 0.018273516270407988
54 88 -0.010082498226869305
54 89 -0.012496844992721516
54 90 -0.10903290258344819
54 91 -0.017113598082850363
54 92 -0.034713166827379405
54 93 -0.1431270036910888
54 94 -0.022012709344568844
54 95 -0.060792834087370712
54 96 0.073790024097300691
54 97 0.0084518568516693381
54 98 0.018644766690808705
54 99 0.08508708758753003
54 100 0.00027908308920054025
54 101 -0.031750371657393292
54 102 -0.012391502801948126
54 103 0.014327419437087494
54 104 -0.021960363529249911
54 105 0.025691214232420045
54 106 -0.13534078343786513
54 107 -0.053933210095941972
54 108 -0.032689967628410907
54 109 0.21895448505895806
54 110 0.02258086460338626
54 111 -0.056138853489133861
54 112 0.010335208531658702
54 113 -0.092683884211993792
54 114 -0.061984654441691274
54 115 -0.035472113505469638
54 116 -0.15691706922317808
54 117 0.055739479657511457
54 118 0.077308169658542453
54 119 0.020508103475544225
54 120 0.22517199338055219
54 121 -0.18428994751570843
54 122 0.045110741414575897
54 123 0.12774345753478603
54 124 0.054438187269149972
54 125 0.042475187474855722
54 126 0.06974861593800416
54 127 0.047959057232446749
54 128 0.020627440695536042
54 129 0.0058265750207393491
54 130 -0.011478594972434263
54 131 0.14813626428212801
54 132 0.06199432470968981
54 133 0.066799881307345529
54 134 0.10133079172092148
54 135 0.0072817146996607858
54 136 -0.028219554084477908
54 137 0.078501082171849576
54 138 -0.042460362934005486
54 139 0.022884086848563256
54 140 0.11046560477528787
54 141 -0.10671091672363071
54 142 0.08740879333878375
54 143 -0.044523314315588064
54 144 -0.026395888356202619
54 145 -0.052552081426495333
54 146 0.1119441195963839
54 147 -0.019012733150631445
54 148 -0.078662112486463195
54 149 0.11017791731705755
55 56 -0.092156308969742751
55 57 0.017589985682911348
55 58 -0.13502754564503366
55 59 -0.039745092442780468
55 60 -0.1378744722456956
55 61 0.035528017818634641
55 62 0.15959460630372185
55 63 -0.017198853086937322
55 64 0.019936196270363183
55 65 -0.093124566534003847
55 66 0.015472542213570428
55 67 -0.096326841284768525
55 68 0.039574260648424661
55 69 0.051166706659508204
55 70 -0.1639247515854742
55 71 -0.040098823587084234
55 72 -0.090463336059646002
55 73 0.045198370025033151
55 74 0.033708064618962412
55 75 0.065555034744393573
55 76 0.046248663493598637
55 77 0.15492278486559755
55 78 0.062537591601536185
55 79 0.13748128160972745
55 80 0.039863860815785294
55 81 0.042584147568123301
55 82 -0.032647325484932384
55 83 0.04074652423981702
55 84 0.01499235202649913
55 85 0.20986884550070536
55 86 -0.03970216208871899
55 87 -0.14229960722439736
55 88 0.044251870426898432
55 89 -0.052232125254777335
55 90 0.025691466378993232
55 91 -0.015292050338503701
55 92 0.047437601402976662
55 93 -0.14166511979181889
55 94 -0.14146665701268207
55 95 -0.047413348789498509
55 96 0.037398596541731756
55 97 0.067194495451733866
55 98 -0.10789371437552527
55 99 -0.15456724798309249
55 100 -0.013794858294055084
55 101 -0.054783170778983925
55 102 -0.029787769043544219
55 103 0.0090365062206392063
55 104 -0.0023347734489866556
55 105 0.0353818892527804
55 106 -0.066563492486782824
55 107 0.02573309736353881
55 108 -0.034431702226938879
55 109 0.032989765879112072
55 110 0.0819960923022518
55 111 0.14800631981377987
55 112 -0.0036309203745813791
55 113 0.033513406400331791
55 114 0.11065793487618253
55 115 0.028908470273332945
55 116 -0.036886398359694712
55 117 0.069673821557553361
55 118 0.017749535505692568
55 119 -0.099385862882836573
55 120 -0.067820704127927817
55 121 0.13180643460531949
55 122 0.14309329494488859
55 123 -0.036986061399554369
55 124 -0.095879020276913585
55 125 -0.1441867131750299
55 126 -0.018070222828120312
55 127 0.08617933493092679
55 128 -0.14189021490059622
55 129 -0.081885538078263029
55 130 -0.11197016033638831
55 131 -0.18002142305663682
55 132 -0.15730203476167853
55 133 -0.01185240389076418
55 134 -0.0017139783156047989
55 135 -0.075683935028562105
55 136 0.062393124161161689
55 137 0.095713170122442723
55 138 -0.063179700014636769
55 139 0.040596189848114597
55 140 0.19482030933462832
55 141 -0.24382070723995755
55 142 0.063998766097737789
55 143 0.062647113785797251
55 144 0.13096903921804046
55 145 0.062855016952909959
55 146 -0.11934057853526661
55 147 -0.065134482440264957
55 148 -0.025289838256840873
55 149 0.0063476970295483336
56 57 -0.087460891027278026
56 58 -0.0024709547303422958
56 59 0.021401865288445024
56 60 0.083116027818148877
56 61 -0.1466861053085243
56 62 -0.056275367860453299
56 63 0.0068084473856900871
56 64 0.019810379505452065
56 65 -0.079660683415348418
56 66 -0.013440720755545954
56 67 -0.082160353905768188
56 68 -0.084010990404895222
56 69 0.022174935224095974
56 70 0.10863332166517946
56 71 0.031826795713209267
56 72 -0.14329475316562656
56 73 0.069305746960755116
56 74 0.076242169521630987
56 75 0.0069164460157622454
56 76 -0.017078288665520025
56 77 0.024030493835173947
56 78 -0.076306100644968622
56 79 -0.14098411353959506
56 80 0.11368626757559934
56 81 -0.12476538237266961
56 82 0.024277537229927513
56 83 0.098676926855774075
56 84 -0.04774219231283388
56 85 -0.14778929265715057
56 86 0.020184768382377555
56 87 -0.031763733512762023
56 88 -0.06596766849609377
56 89 0.073058791360705991
56 90 0.12490331205026808
56 91 0.13195076626566321
56 92 -0.05917543048160015
56 93 0.021679896009453591
56 94 0.049002586712872845
56 95 0.023634120744652886
56 96 0.020621521634331463
56 97 -0.045206401123730505
56 98 -0.060193520776310676
56 99 0.077237984117332251
56 100 0.12949994658319153
56 101 -0.20548477023798709
56 102 0.15048473425546549
56 103 -0.10766666276212128
56 104 -0.050088552397700464
56 105 0.03757123826126231
56 106 0.1227835571130939
56 107 -0.094732248598243557
56 108 0.032461562920984725
56 109 -0.063782011261159802
56 110 -0.0027206617174776555
56 111 -0.12075738150807086
56 112 -0.10341050333116814
56 113 0.10995195952915456
56 114 0.22468557053697949
56 115 0.11287709532453702
56 116 0.014197921385313757
56 117 -0.11749014651975781
56 118 0.12222386621812599
56 119 -0.071453980262453781
56 120 0.033731024636181689
56 121 0.10511398448996302
56 122 -0.10490140967703068
56 123 0.0048674911541746182
56 124 0.11607961676166051
56 125 -0.0056663342972634442
56 126 -0.021158689882420156
56 127 -0.012930426277544886
56 128 0.072881651253778795
56 129 0.083777541966259292
56 130 -0.119557872988691
56 131 0.027523029185476847
56 132 -0.062456925006489999
56 133 -0.082480535074489422
56 134 0.016507664660033967
56 135 0.12321149446617535
56 136 -0.0020083051878351673
56 137 0.058077884359020032
56 138 -0.050897753974896535
56 139 0.043497000927867221
56 140 0.077852559883581474
56 141 0.0027912805748044538
56 142 0.0021448779778156105
56 143 -0.0038962015031843676
56 144 -0.1028316627280637
56 145 0.06265729926878659
56 146 -0.04498922423025651
56 147 -0.04209243227034213
56 148 0.017838006044048102
56 149 0.094679783134974868
57 58 -0.054320088727571998
57 59 -0.062959222982591156
57 60 -0.086346533437360942
57 61 0.053513196494172542
57 62 0.079703504815559142
57 63 -0.090638226888568693
57 64 -0.052794243645641122
57 65 0.062038098923925665
57 66 -0.059047462050659395
57 67 0.067767546797377509
57 68 0.071389854067015146
57 69 0.023378341681564215
57 70 -0.13536749448178589
57 71 0.22203699602570073
57 72 0.029320680848719003
57 73 -0.079472401303515017
57 74 0.024982153879155145
57 75 -0.036376634100520666
57 76 0.07733101368259368
57 77 0.016566428543762553
57 78 0.21223135524934222
57 79 0.048260535360404644
57 80 -0.082370827730431598
57 81 -0.080062473735724074
57 82 -0.13806837989261272
57 83 -0.086098142218843723
57 84 0.039352250434459404
57 85 -0.013934862148305289
57 86 0.049337844612013404
57 87 -0.13356677549644924
57 88 0.042892506467800219
57 89 0.072900114162149338
57 90 -0.0095594812618907607
57 91 -0.051829580891993264
57 92 -0.095896223078077464
57 93 -0.0933359634514416
57 94 -0.056099019965283159
57 95 0.0057331637732519515
57 96 -0.19687071352054814
57 97 0.074935233460006065
57 98 -0.062206958778552965
57 99 0.092159808922439371
57 100 0.070881413978981275
57 101 0.10117766158416584
57 102 0.032998984519842997
57 103 -0.10943878855306399
57 104 -0.097668295349471579
57 105 0.065130204501695543
57 106 0.095594277131859723
57 107 -0.0071948708245134878
57 108 0.056212006198369233
57 109 -0.026737560520017262
57 110 -0.038943218513309383
57 111 0.1093683735861307
57 112 -0.020708612261664368
57 113 -0.10270696475566626
57 114 0.11620307832796059
57 115 0.075697614231057697
57 116 0.10540915379343166
57 117 -0.038423153749189198
57 118 -0.12977919586345449
57 119 0.0071769026912379607
57 120 0.018315068405309956
57 121 -0.05783171544130114
57 122 -0.034818543717437624
57 123 -0.021616425437984824
57 124 -0.056316535080437422
57 125 0.04522385249330766
57 126 0.04071351783233669
57 127 0.082788551305326155
57 128 0.0091221329973090078
57 129 -0.12295917381704445
57 130 -0.14917036290983471
57 131 0.078010034867307732
57 132 -0.047724029018467687
57 133 0.07086037470933497
57 134 0.024633197691005932
57 135 0.018233045824033334
57 136 -0.020904797975302949
57 137 0.037677152378712157
57 138 0.020115408810178207
57 139 -0.12994350384041026
57 140 -0.0083835311209833844
57 141 0.028167057707537656
57 142 -0.038116396412412268
57 143 0.10889925704498084
57 144 -0.014553407140369125
57 145 0.023015637276380445
57 146 0.1325052692714655
57 147 -0.064817387190971576
57 148 0.13466197069110941
57 149 -0.058384547925996857
58 59 -0.077592719718918915
58 60 -0.032172925757088078
58 61 -0.0094161690541001188
58 62 -0.10114725934292131
58 63 -0.051201392944014518
58 64 0.056310461757631818
58 65 0.048827777886505198
58 66 -0.025189700406932546
58 67 0.045346410192838658
58 68 -0.010177088976839341
58 69 -0.040831358526431896
58 70 0.0020625386996367574
58 71 0.038114350064367065
58 72 0.006961741793690474
58 73 0.19814852601644237
58 74 0.057904455678671488
58 75 0.0082236116145394077
58 76 -0.020275801535402559
58 77 -0.024190605958625256
58 78 -0.034903077554508229
58 79 0.091185059938861057
58 80 -0.098125135384299011
58 81 0.051390077147898797
58 82 0.002788817668326241
58 83 -0.066538973197542886
58 84 -0.053617570970960794
58 85 -0.034318457886911902
58 86 -0.029921691758260895
58 87 0.078860261809277993
58 88 0.018503208138244763
58 89 -0.092856370173612618
58 90 -0.077358256140143536
58 91 0.16796199899308403
58 92 -0.025507360154290355
58 93 0.012966942022029417
58 94 0.010486898020272242
58 95 -0.21638189281629885
58 96 0.03678925753825299
58 97 -0.11652295110865522
58 98 0.030558871070788068
58 99 0.13359615435851452
58 100 -0.024672051194538597
58 101 -0.11914069153990911
58 102 -0.11040780933928766
58 103 -0.0028088484223526477
58 104 -0.042733477924023724
58 105 -0.027771360471128572
58 106 0.13892311069150892
58 107 0.037879424490541616
58 108 -0.080052610683171391
58 109 -0.13119101402654565
58 110 0.041478000067452919
58 111 0.11036866010040325
58 112 0.23121498631467596
58 113 -0.023868256056038862
58 114 0.047005228413310438
58 115 0.0571602928949567
58 116 0.11954406335562692
58 117 0.064455718858835151
58 118 0.0018868675310867466
58 119 -0.098434239083871472
58 120 0.021276007303928729
58 121 0.05542087088275767
58 122 0.070194495803198267
58 123 0.00084653234018884172
58 124 0.074202888594579269
58 125 -0.069451908929996684
58 126 0.0082900923873002984
58 127 0.040626784016844268
58 128 0.034863217831577184
58 129 0.19912803867721021
58 130 -0.16248287889867624
58 131 -0.075048176014096649
58 132 -0.025264170208821386
58 133 0.052839339219163749
58 134 0.010610983144997707
58 135 -0.11399452191919636
58 136 0.021930404826062993
58 137 -0.0068388958765037847
58 138 -0.053427816935015873
58 139 -0.13333345633118263
58 140 -0.0058390938979017834
58 141 0.067748924723420256
58 142 -0.013560191050912045
58 143 -0.064386789137918538
58 144 -0.064674112728161287
58 145 0.036192229408928661
58 146 -0.041912530578431875
58 147 0.074140230670667689
58 148 -0.073865074258960828
58 149 -0.057260849444385038
59 60 0.032606743242521254
59 61 0.19340567313287613
59 62 -0.052204821533505294
59 63 -0.10139188900386271
59 64 -0.089965417777163173
59 65 -0.074729260226170088
59 66 0.029567248390375358
59 67 0.061294242327967749
59 68 0.0015144813650253238
59 69 0.015477354908223858
59 70 -0.042562401861077598
59 71 0.01299128548303171
59 72 -0.0096024630740548754
59 73 0.12834295648220195
59 74 -0.047930834903865689
59 75 0.0096380373688636639
59 76 0.047721612722255204
59 77 -0.062609709989284085
59 78 -0.055685797868055623
59 79 -0.062741747775026863
59 80 0.076420604286541308
59 81 0.10468742170362383
59 82 -0.052760374005061644
59 83 -0.0049224333300135594
59 84 -0.031232042730854129
59 85 0.0068195563979630376
59 86 -0.093977182355088743
59 87 0.011148575316943004
59 88 -0.048831609815461918
59 89 -0.12762230078603334
59 90 -0.13348986779113722
59 91 0.072681431960051668
59 92 -0.014929453788125283
59 93 -0.032113881387669317
59 94 0.074862524603335534
59 95 -0.029019522000902961
59 96 -0.011684055729158914
59 97 -0.041765066443607772
59 98 -0.049387864425127583
59 99 -0.15714162344008775
59 100 0.017636818712982786
59 101 -0.14039844844901991
59 102 0.019304417917008453
59 103 -0.053839712318344987
59 104 0.085920651319752628
59 105 -0.026361094738345931
59 106 0.13535682469218943
59 107 -0.071795620039011715
59 108 -0.026991741493506572
59 109 0.021102321987377558
59 110 0.10557389668173457
59 111 0.0691776029176316
59 112 0.025675790295075485
59 113 -0.047846236710149662
59 114 0.043530933963983651
59 115 -0.085098801266902349
59 116 0.10345778639506645
59 117 0.044273258757071859
59 118 0.0016875077142938471
59 119 -0.15795980238914367
59 120 -0.012707381791240464
59 121 -0.08729819499499672
59 122 -0.026441676762077648
59 123 0.010185746242945227
59 124 0.04257797259103064
59 125 0.057876628090173028
59 126 -0.074036840427937581
59 127 0.0036449831285526504
59 128 -0.00121528134974304
59 129 -0.12053490849191714
59 130 -0.18260504459456658
59 131 0.10375712318989806
59 132 -0.049455864975239086
59 133 -0.078402308829666534
59 134 0.13214366306442374
59 135 0.045415320962695668
59 136 -0.023695182302897074
59 137 0.047571605022627701
59 138 0.15175713538247479
59 139 0.18122228595938655
59 140 0.023794977134615963
59 141 -0.018211489823909809
59 142 0.056741860483844997
59 143 0.17972462531281652
59 144 0.110788293650652
59 145 -0.089450457078182263
59 146 -0.0014056333054226025
59 147 -0.077547869850802656
59 148 0.013014355325059943
59 149 -0.02730102935245815
60 61 0.14158503162556388
60 62 0.042607735010575493
60 63 0.032958812979178229
60 64 0.053731269957907939
60 65 0.13332087279752891
60 66 0.12117389725539585
60 67 -0.099059333236956468
60 68 -0.059499898046670295
60 69 -0.035956398873862074
60 70 0.21555921448389359
60 71 -0.027412179366653421
60 72 0.034831561029406835
60 73 0.018650780303190093
60 74 0.1363957435319664
60 75 0.036441760963698062
60 76 0.10716924885439674
60 77 0.14569103945430453
60 78 -0.016750850377197299
60 79 -0.16702846836755741
60 80 -0.045560810531936932
60 81 0.097146914465021356
60 82 -0.06743292024645256
60 83 0.017208492776197737
60 84 -0.16310269488116522
60 85 -0.075610549029178298
60 86 -0.058399893662739427
60 87 -0.041811202025969316
60 88 -0.090846164358355339
60 89 0.056020166918399235
60 90 0.0030419671899381906
60 91 -0.13037790789959611
60 92 0.042227421966054453
60 93 -0.037347192032829275
60 94 0.075323912241302679
60 95 -0.11730522122038872
60 96 0.020445983946019385
60 97 -0.020378397101860526
60 98 0.086945664773733639
60 99 0.064436680505561075
60 100 -0.065098320849810362
60 101 -0.17463026554882607
60 102 0.086220259201613289
60 103 -0.013990967310112632
60 104 -0.040463040859258018
60 105 0.014252450376169899
60 106 -0.097419069770866978
60 107 0.10512950963924726
60 108 0.055777246214125414
60 109 0.18755417973869551
60 110 -0.023863944532723724
60 111 -0.082766957532745669
60 112 0.0093426538665805671
60 113 -0.040502607979160714
60 114 -0.052434883538357589
60 115 -0.090416188698553682
60 116 -0.077348836551551572
60 117 0.039907150874878387
60 118 0.045555633603106237
60 119 -0.058582851363738302
60 120 -0.006325152112462264
60 121 0.10294185205677109
60 122 -0.021035880651636255
60 123 0.060457595380848182
60 124 -0.065282018311152643
60 125 0.11379934358015581
60 126 0.10094433739325027
60 127 0.036121740765721527
60 128 -0.087070505524611125
60 129 0.036929178370621464
60 130 -0.034895418360636539
60 131 -0.14422670138799074
60 132 0.025905736831065444
60 133 -0.076689523955726008
60 134 -0.075903730563209523
60 135 0.055775943552140064
60 136 -0.065411857555299421
60 137 -0.10082466411148851
60 138 0.0035599746424043585
60 139 -0.10125030627361391
60 140 0.017425159924337772
60 141 0.12769394410311258
60 142 -0.013626324634752798
60 143 0.05651284928446719
60 144 -0.055784492700789425
60 145 0.18116762157623739
60 146 0.10883593914338503
60 147 0.010444301088689196
60 148 -0.033847739760029645
60 149 0.080435394353584738
61 62 0.035692239637392681
61 63 0.0056464525660017556
61 64 0.019110499204156067
61 65 -0.031922296680069899
61 66 0.082660849577740669
61 67 -0.00068220822298168521
61 68 -0.0013673496285865226
61 69 0.048451851501659933
61 70 -0.039016737810944425
61 71 -0.0032823858091207787
61 72 -0.087702765744867517
61 73 -0.055486856929999627
61 74 -0.031640842370262164
61 75 -0.05661779762533839
61 76 0.021608447949372441
61 77 -0.012544062798743179
61 78 -0.11618847383259505
61 79 0.076658245949813644
61 80 -0.050188918049012127
61 81 -0.061821355625073085
61 82 -0.048291325157604835
61 83 0.0091782870645648659
61 84 0.023067607830255479
61 85 0.044808008555591847
61 86 0.010192352052507576
61 87 0.057342818188280548
61 88 0.21292289906461151
61 89 -0.14743172718198158
61 90 0.035769522008537891
61 91 0.0605745424311862
61 92 -0.025816737917117451
61 93 0.065735857955581331
61 94 -0.01117909951054083
61 95 0.02799458444385193
61 96 -0.04169270560501577
61 97 -0.030169465503442322
61 98 0.078724008817047539
61 99 0.16652406055195798
61 100 0.019323260270277698
61 101 0.047527174841750681
61 102 -0.022145945327306071
61 103 0.019416978599761023
61 104 0.021021984190331983
61 105 0.082561014610702185
61 106 0.0046921578632426854
61 107 -0.15779976752013153
61 108 0.12495392509850467
61 109 -0.10307563763502077
61 110 -0.048283432049669645
61 111 -0.20219030619801923
61 112 -0.054901991649342098
61 113 0.045470306458001639
61 114 -0.071343446645426786
61 115 0.088447109044649821
61 116 0.1494834019406292
61 117 0.071424383093002697
61 118 0.057607919862671143
61 119 0.02963639305636933
61 120 -0.018062546557089696
61 121 0.038231338577250577
61 122 -0.027161636737983837
61 123 0.072361309526527126
61 124 0.022724376443319601
61 125 -0.069039772438358391
61 126 0.0052012719656213584
61 127 0.0019213778592492999
61 128 0.065851840322910304
61 129 -0.052960887390894523
61 130 -0.10425334687428107
61 131 0.0436578568802483
61 132 0.033088074190008962
61 133 -0.16633711008733484
61 134 -0.094778090162475667
61 135 -0.079321561177934874
61 136 -0.084561999760815701
61 137 0.042703536774697931
61 138 -0.041743912624395856
61 139 0.024971865188739336
61 140 0.048691551067793867
61 141 0.0028812450260343177
61 142 -0.046613924980912116
61 143 0.075006984838728238
61 144 0.071894975106757852
61 145 -0.10652619608193847
61 146 0.11834896979724346
61 147 0.031831059150953009
61 148 -0.05732935412745354
61 149 -0.087521620563982022
62 63 -0.00031481401573230843
62 64 -0.040953986925171694
62 65 0.092563244299197239
62 66 -5.9637979420380693e-05
62 67 -0.099575386849860947
62 68 -0.019346830608568927
62 69 -0.074791093456147539
62 70 -0.068579808017797256
62 71 -0.073222543769209669
62 72 -0.021661130453879261
62 73 0.12771325195323879
62 74 0.12108718253079838
62 75 -0.11273671996276485
62 76 0.08212158012504174
62 77 -0.13824861050115092
62 78 -0.0073627762060976612
62 79 0.0075437563040830742
62 80 -0.13582183569653597
62 81 0.11645567444280665
62 82 0.035572260551159342
62 83 0.16413745450066167
62 84 -0.022963260487415312
62 85 0.060972480891205161
62 86 0.039617485427875375
62 87 0.032541269478431674
62 88 -0.027676341802627208
62 89 -0.16076467714810527
62 90 0.089695441139158769
62 91 -0.14318940537385752
62 92 0.056021864652403927
62 93 -0.036514231266656198
62 94 -0.0028318518648362467
62 95 0.07949246443568074
62 96 -0.098361436352307915
62 97 -0.10244595056628424
62 98 -0.063664379236006832
62 99 0.10478337311778628
62 100 -0.10770262679007017
62 101 0.042182183633211294
62 102 -0.047859075794139873
62 103 -0.13553191370952963
62 104 -0.010722850820293903
62 105 0.063467459848360788
62 106 -0.078718475815897471
62 107 0.1166518064763675
62 108 -0.082064396242944801
62 109 -0.11525116678715976
62 110 -0.059252060862883038
62 111 -0.0037039492998486539
62 112 -0.071804370642581966
62 113 0.091168219137313364
62 114 -0.05293283650688678
62 115 0.070365138947632383
62 116 0.0022640053023132421
62 117 0.00099707899839452524
62 118 0.054654153181875935
62 119 -0.12537796518231353
62 120 0.017302152065868642
62 121 -0.089834549642114694
62 122 0.022889452772439003
62 123 0.11279790415117384
62 124 -0.064680363063309584
62 125 -0.08370879023566058
62 126 -0.20985121749221977
62 127 0.18495341668334672
62 128 0.035853216127396566
62 129 0.025612516588914225
62 130 0.039831956177199611
62 131 0.024553709350459248
62 132 -0.016128359543081575
62 133 -0.033272581211640707
62 134 -0.029094137135617835
62 135 0.0091178254893529431
62 136 -0.031485542443217329
62 137 -0.089080223020283386
62 138 -0.037767670806216215
62 139 0.021288984566688627
62 140 0.065984742323502987
62 141 0.032608165383345711
62 142 -0.010899179865295667
62 143 -0.018799437038359689
62 144 0.0484670123535113
62 145 0.038689429859475842
62 146 -0.0043339026631293185
62 147 0.0055659838261289474
62 148 -0.00062199683349510289
62 149 0.048484875585518249
63 64 -0.044165912622677876
63 65 -0.097531419293604996
63 66 0.21367451175303198
63 67 -0.15106515788111072
63 68 -0.032989520005839525
63 69 0.018299441927388631
63 70 -0.10764314594252099
63 71 0.0078093275860533305
63 72 -0.077375760669866234
63 73 -0.034152445438399355
63 74 0.081538619597099612
63 75 0.011366552024481747
63 76 0.083437667534861093
63 77 0.095906209115923777
63 78 -0.10509884280392524
63 79 0.06491359389116394
63 80 -0.038891854777884878
63 81 -0.098010400154833074
63 82 -0.13847331428021004
63 83 0.06542606507114751
63 84 0.040936397071134799
63 85 0.024880542592941431
63 86 -0.059551293143383116
63 87 -0.18037775223455541
63 88 0.10622868122013165
63 89 0.022095300243218714
63 90 0.083559499602744405
63 91 -0.0098871049197481603
63 92 -0.043930896613590079
63 93 0.042864072933705942
63 94 0.060675407269851385
63 95 0.1451960680464883
63 96 -0.11547228404493728
63 97 -0.029009528169924897
63 98 0.048566463837143178
63 99 -0.088484416241564876
63 100 -0.040118531443287711
63 101 0.011635386627951938
63 102 -0.079640363820613749
63 103 -0.037671002221867367
63 104 0.022792870508337011
63 105 0.077986455319064549
63 106 0.12978164893377508
63 107 -0.16270280672600909
63 108 -0.026527456741243707
63 109 -0.064391879443682104
63 110 0.1045996504922979
63 111 -0.07029562148387429
63 112 -0.044641570724555345
63 113 -0.1369978689854037
63 114 0.0038636203422071219
63 115 -0.052363254844759309
63 116 -0.028372160427823222
63 117 0.026291684749046106
63 118 -0.063898885247087575
63 119 -0.12986337284432034
63 120 0.023444077132641298
63 121 -0.018522388192913162
63 122 0.0070258568168589906
63 123 0.14078425950909609
63 124 -0.0090824805751331672
63 125 -0.0051499069793527561
63 126 -0.013426630891082513
63 127 0.098316208668750654
63 128 -0.16631304291409008
63 129 0.0043737218608065533
63 130 -0.053953813275609927
63 131 -0.056507361606164833
63 132 -0.058900965712834243
63 133 -0.085969502744394952
63 134 0.01866694205190866
63 135 -0.014592840815705464
63 136 0.01630875876032082
63 137 -0.037009506749774282
63 138 0.18830502380301173
63 139 -0.057775614370055184
63 140 -0.078077013366534623
63 141 -0.094682182882696933
63 142 -0.19132669785716525
63 143 -0.091303938842533794
63 144 0.10694999171862954
63 145 0.047526485460022715
63 146 -0.062485212555352311
63 147 0.021334322641412138
63 148 -0.094671147274416903
63 149 0.13841042760728725
64 65 -0.096591928275189975
64 66 0.005890478020974959
64 67 -0.070273497303568203
64 68 0.015500163711879312
64 69 0.049525493052478532
64 70 -0.1347901685692747
64 71 0.01304683466652895
64 72 -0.10163277762335356
64 73 0.025321180787711083
64 74 0.041831014181127259
64 75 0.037841649872288399
64 76 -0.019121588198943624
64 77 0.048233755978576154
64 78 -0.051302220661430809
64 79 -0.079068927090316571
64 80 0.097314976691351363
64 81 0.04959322763371752
64 82 -0.079021201090687276
64 83 -0.19215265391715344
64 84 -0.011062037526634596
64 85 0.24292413809032734
64 86 0.10841338035696309
64 87 0.094637547655959511
64 88 -0.082564231114043443
64 89 0.025272459230164121
64 90 -0.073295946954373067
64 91 -0.014055348227332858
64 92 -0.070751792327348448
64 93 0.032178413580371296
64 94 0.16621210897053332
64 95 -0.053063934925279332
64 96 -0.09850155872583212
64 97 -0.06858303751467848
64 98 -0.14259228831482057
64 99 -0.074717563801912024
64 100 -0.10647506095816435
64 101 -0.037671767649701218
64 102 -0.03553782873364647
64 103 -0.018265869153545403
64 104 -0.0031516112464824121
64 105 -0.09281024580277035
64 106 -0.076499120787009128
64 107 -0.055682105752824923
64 108 0.18754142452891209
64 109 0.053399364660240888
64 110 -0.0013138868005272677
64 111 0.12040384625573494
64 112 0.0047081157131954451
64 113 -0.038989535530262465
64 114 0.043476590500049324
64 115 -0.14788403285799162
64 116 -0.048360898584368955
64 117 0.076471689258276229
64 118 0.087567846234464577
64 119 -0.026657451102833428
64 120 0.006571500713129199
64 121 -0.09588882044431063
64 122 -0.014878002372686135
64 123 0.0065295071647203445
64 124 -0.018001280570368167
64 125 0.088678277878869297
64 126 0.028649806212093686
64 127 -0.013237964946541154
64 128 -0.049205527387274267
64 129 -0.01363797661691438
64 130 -0.078724786027034005
64 131 -0.019784419670004359
64 132 0.10893664403157602
64 133 -0.090754285007123986
64 134 -8.2390436204111571e-05
64 135 0.076311005405711743
64 136 -0.050738370486736906
64 137 -0.055075212370651855
64 138 -0.10063628085485513
64 139 -0.002330155302320502
64 140 0.10011666297341487
64 141 -0.068694798691887965
64 142 -0.0080295172139531017
64 143 0.11410594965459918
64 144 -0.058190107350104936
64 145 -0.040002024217261768
64 146 -0.027770061387158741
64 147 -0.049306567301654648
64 148 0.0059727566562194955
64 149 -0.048741164359144273
65 66 -0.00020559976842735424
65 67 -0.039146381470929109
65 68 -0.02713330180099173
65 69 -0.0081402510322170479
65 70 0.054737548838637726
65 71 0.090062033761439453
65 72 0.11166264722341096
65 73 0.17081341470426845
65 74 0.10777194658092623
65 75 -0.040543821488059302
65 76 0.048942792859413387
65 77 -0.035645221964758805
65 78 0.045477566142923441
65 79 0.071657099947650918
65 80 -0.052026431422901906
65 81 0.02704400726543962
65 82 -0.063815131306517975
65 83 -0.013116743472520483
65 84 0.13415014154686444
65 85 -0.19785498546365476
65 86 0.16954218504070356
65 87 -0.055192582446744777
65 88 -0.015637772832470417
65 89 -0.014764786333186791
65 90 0.18917649406221593
65 91 0.044021587076426394
65 92 0.0045432683605681218
65 93 0.059980826764655007
65 94 0.060045901956650577
65 95 0.17221014295767667
65 96 -0.082203655500353232
65 97 0.05601368485519128
65 98 -0.13293350052722991
65 99 0.058904120627021953
65 100 -0.033487707710535407
65 101 -0.033124287661182666
65 102 0.030325970256621402
65 103 -0.033176162244932146
65 104 0.040679979531658875
65 105 0.021412205674919443
65 106 -0.077971449903986648
65 107 0.044136938234509107
65 108 -0.029895184368893039
65 109 -0.070016491280634349
65 110 0.050032709402973739
65 111 -0.033925840751688613
65 112 0.076410870304356754
65 113 0.0052503352105426225
65 114 0.22969451548660119
65 115 -0.071722352897977168
65 116 0.1023903459892917
65 117 0.071793012746587351
65 118 -0.033491766564416443
65 119 0.013167046936649491
65 120 0.045559612313005954
65 121 -0.10017891389170519
65 122 0.038501663348273311
65 123 0.0047363508734443475
65 124 -0.11365651913500355
65 125 0.045390331764925886
65 126 -0.011079724205818185
65 127 0.058164909072845716
65 128 0.13678058472226967
65 129 -0.047920973102959279
65 130 0.030722394002160126
65 131 0.0029883162646506447
65 132 0.014759084887969858
65 133 -0.058115264317812172
65 134 0.054428510602899556
65 135 -0.051395612106325414
65 136 0.11865241406497566
65 137 -0.095702989871707347
65 138 0.1341720624565983
65 139 0.056858479568086685
65 140 -0.010273176988374306
65 141 0.083976306289270525
65 142 -0.08676493018573353
65 143 0.057687820885979006
65 144 -0.034994744822758966
65 145 0.10777170527590185
65 146 -0.17830497948283838
65 147 0.10152420028544286
65 148 0.11292640347849593
65 149 -0.029551864847496861
66 67 -0.11575118301462008
66 68 -0.063207418177186156
66 69 0.018044345132187532
66 70 -0.058259920690460543
66 71 -0.067339016211651642
66 72 -0.079610236333167897
66 73 0.06389305585840506
66 74 0.11713282795709692
66 75 0.053512600332309243
66 76 0.014725215344423457
66 77 0.077362293214282077
66 78 -0.15741244835473944
66 79 -0.16626534943404239
66 80 -0.059584224110002519
66 81 -0.094140562562632452
66 82 -0.043100062852117912
66 83 0.16262792347529326
66 84 0.02335153021301507
66 85 0.045718805744141756
66 86 -0.14179403165874879
66 87 -0.020939803608241939
66 88 -0.088063599156537678
66 89 0.055475106252300385
66 90 0.045453936989994594
66 91 -0.16415722927011034
66 92 -0.015580740773642545
66 93 -0.048504050743172648
66 94 0.030230580378916613
66 95 -0.045957079344559261
66 96 -0.082993891006877679
66 97 -0.095062675346360537
66 98 -0.098274211138047587
66 99 0.03545010892165653
66 100 0.0027836272383586855
66 101 0.023476160221514584
66 102 -0.13341253806248587
66 103 0.077714091482274678
66 104 0.039910238678395951
66 105 0.0023731499562404126
66 106 -0.0061054780600725634
66 107 -0.083031889743582013
66 108 0.14114310115409065
66 109 0.049330143439840671
66 110 -0.055349396763318459
66 111 0.02262132578933759
66 112 -0.034214141008831411
66 113 -0.13682992729207566
66 114 -0.018018994566506193
66 115 -0.0022579820331227909
66 116 0.026525721293558718
66 117 -0.028402916201475215
66 118 0.12963710717383431
66 119 0.087979117102413795
66 120 0.10261198707072519
66 121 -0.033989431524006908
66 122 0.028221286385343162
66 123 -0.069079009759577759
66 124 -0.052646520973790092
66 125 -0.030445572242952232
66 126 0.08025140329062426
66 127 0.11374228861914031
66 128 -0.048686419478261196
66 129 -0.054347597268413296
66 130 0.18414110562239494
66 131 -0.033619033327943713
66 132 -0.10506510335184657
66 133 -0.050408716678498659
66 134 0.0054754296746579731
66 135 0.0082554042132062886
66 136 -0.0019800852306776705
66 137 -0.18736765865167126
66 138 0.047013013106110391
66 139 -0.046587091518274178
66 140 0.070200932860768117
66 141 -0.031213050557989681
66 142 0.11833530135929195
66 143 -0.0082407582892104082
66 144 -0.0027866589054471773
66 145 0.019778180072554621
66 146 0.0923135915480916
66 147 0.013728983753882441
66 148 -0.017034785160913304
66 149 -0.048463069100726675
67 68 0.036797231870405268
67 69 0.024448332371345513
67 70 0.016274006298434666
67 71 -0.014580573727638031
67 72 0.11414757455527025
67 73 -0.083174844203695295
67 74 0.0076772234341257557
67 75 0.158368243158926
67 76 0.063055972253662426
67 77 -0.0072712055509959461
67 78 0.13830128016716356
67 79 0.092785102208702355
67 80 -0.10997083902158028
67 81 0.065626561556173635
67 82 0.020267760588194197
67 83 0.081833135028408888
67 84 0.037409115046639546
67 85 -0.03096491812101566
67 86 0.045689465468309591
67 87 -0.0232851567371711
67 88 -0.043426698452360989
67 89 0.15180932938982336
67 90 0.091799030921775479
67 91 0.072068048670944865
67 92 -0.03607588202742492
67 93 -0.10484541118830842
67 94 0.078222612606374586
67 95 -0.03141327782515279
67 96 0.07777958483977486
67 97 0.070891578340184766
67 98 -0.016605060913519088
67 99 0.23275320748908734
67 100 -0.026220174293879659
67 101 0.071456144579796654
67 102 -0.053289013760427599
67 103 0.0091575891881229866
67 104 -0.031575983465991962
67 105 0.019513954715960131
67 106 -0.068275294472387282
67 107 0.037976192461739194
67 108 -0.19934987377874283
67 109 -0.10148792548221217
67 110 -0.12095199142379801
67 111 0.04026632943889645
67 112 -0.076533695618197201
67 113 -0.018833314935806981
67 114 -0.04253522533660286
67 115 -0.031930167175886891
67 116 -0.11002262447217419
67 117 -0.022017261625410765
67 118 -0.070578251473697992
67 119 -0.054494093314234569
67 120 -0.18706029794969137
67 121 -0.044879751065667751
67 122 0.06477314370100308
67 123 0.042699808402901704
67 124 0.019171472326609925
67 125 0.020918830166938584
67 126 0.049832333153920015
67 127 0.0069302266682723969
67 128 0.085778834067982285
67 129 0.091241260025047941
67 130 0.10928139668182085
67 131 0.023962262961624212
67 132 0.020119007459984354
67 133 0.047149701854612203
67 134 -0.11592633441486054
67 135 0.040169801675242638
67 136 -0.074884998451276399
67 137 -0.022871023566797412
67 138 -0.04522736978552401
67 139 -0.034941953271367475
67 140 -0.12832571455973188
67 141 -0.030297131305639644
67 142 -0.00015130119459696228
67 143 -0.17610626625231668
67 144 0.015301692427559329
67 145 -0.12536589275474189
67 146 -0.0012155717725495878
67 147 -0.069542477773943012
67 148 0.023994651915214077
67 149 -0.12323637993165214
68 69 -0.022089767342333876
68 70 -0.019147984264291661
68 71 0.015531816029195209
68 72 0.12459211799026518
68 73 -0.049823208923256805
68 74 0.040368245489634337
68 75 -0.0094879982229886754
68 76 0.022920854892684455
68 77 0.033171723966976034
68 78 0.043543046225682197
68 79 0.013339761481919088
68 80 -0.056120869448117006
68 81 -0.071858796906031197
68 82 -0.048051166283100293
68 83 -0.010417302051012146
68 84 -0.1016386659743006
68 85 0.014191963000182013
68 86 -0.031573864636250004
68 87 -0.13463081822842138
68 88 -0.0022806288648971954
68 89 0.017301054832237206
68 90 0.11458007186886436
68 91 0.08854729462215033
68 92 -0.004625457255568133
68 93 0.097648905996508412
68 94 -0.038395437440266106
68 95 0.062592117822537111
68 96 0.0979029712289083
68 97 -0.056104500149983062
68 98 0.10454157409951285
68 99 0.0070757156515423962
68 100 0.025341706266323379
68 101 0.014099427587246848
68 102 0.067287625788280611
68 103 0.12752657739177201
68 104 -0.19643967280007199
68 105 -0.016137444259217988
68 106 -0.095771261384142409
68 107 -0.042125757305304615
68 108 0.02381503524454958
68 109 -0.11998933086433355
68 110 -0.028116675262154001
68 111 0.030888311775954639
68 112 0.093616207410298788
68 113 0.14050272871815495
68 114 -0.0013257494509685609
68 115 0.014403991416738482
68 116 0.054451536087293591
68 117 0.074356314591021558
68 118 -0.022526627592389752
68 119 0.070049795900463105
68 120 0.14626156307864266
68 121 -0.01817267600415538
68 122 -0.16210007262589268
68 123 0.022286351042575241
68 124 -0.083788398765246935
68 125 0.18552817934929922
68 126 -0.06416121991531476
68 127 0.084272685619301013
68 128 -0.10467552597510436
68 129 0.027386389727506108
68 130 0.0042524996537862819
68 131 -0.00031361428085563799
68 132 -0.028283179585598294
68 133 0.16049768078892557
68 134 -0.17195960586490303
68 135 -0.072543338849213795
68 136 -0.0099345658559463375
68 137 -0.06148824346242187
68 138 -0.094469450150357417
68 139 -0.039633450950143367
68 140 -0.019816312200933613
68 141 0.018435502842110638
68 142 0.11542992164447155
68 143 -0.13506344777361284
68 144 0.08217621966419475
68 145 0.021348358552218956
68 146 0.018988712346026008
68 147 0.13669799207844144
68 148 0.091550117558455879
68 149 0.044247736529338604
69 70 0.10110107005341955
69 71 0.020085948550695627
69 72 0.0082271913697769955
69 73 -0.10200233305940268
69 74 0.1032543484451157
69 75 -0.031681778544414188
69 76 0.028108957692501411
69 77 -0.10803294843488803
69 78 -0.147336636164693
69 79 0.0074764962246263505
69 80 0.10879086118819371
69 81 0.071531245982838748
69 82 -0.042358594507710783
69 83 0.025043953798062058
69 84 0.1221434539394233
69 85 -0.027442853080085542
69 86 -0.11516885571396969
69 87 -0.12417965603952552
69 88 0.015967173586829444
69 89 -0.068507839236447113
69 90 -0.029192388650306159
69 91 -0.021917295688247206
69 92 0.085864165412801743
69 93 -0.11916084718300117
69 94 -0.012461881499267248
69 95 0.043961442837153732
69 96 0.066141828245516066
69 97 0.052575539116438481
69 98 0.054604885489211878
69 99 0.1841238544359638
69 100 -0.024179757441695513
69 101 -0.19898197612666374
69 102 -0.027369089193232717
69 103 -0.087177415773177155
69 104 -0.01590625637301181
69 105 0.083868741258662713
69 106 0.056808825753389518
69 107 0.03087325366233646
69 108 -0.067719492380336879
69 109 -0.012328740093014099
69 110 0.11032410981264819
69 111 0.017904173886390061
69 112 0.10781450856588376
69 113 -0.076067118579746157
69 114 0.14687054823878368
69 115 -0.059305969225804139
69 116 -0.0059575294228284194
69 117 -0.164442650435002
69 118 -0.021972233010552147
69 119 0.10180621639072651
69 120 0.1379416375905598
69 121 -0.032014458837008333
69 122 0.067892013687460812
69 123 -0.12981925964910626
69 124 -0.049925211479212861
69 125 0.082954550890877735
69 126 -0.064754679440394633
69 127 -0.044987349037884157
69 128 0.046633388792845218
69 129 -0.07714345918227862
69 130 0.043873028779904705
69 131 -0.025056376322355047
69 132 -0.023702221016106362
69 133 0.00075994118899049218
69 134 0.077109345390695014
69 135 -0.046796433020333719
69 136 -0.02998858825190967
69 137 -0.1204203866350335
69 138 0.032580761325338083
69 139 -0.090003958538698248
69 140 -0.054092473093063455
69 141 0.036512198838138214
69 142 0.18877996085967841
69 143 0.18005644208969379
69 144 0.027503057474523196
69 145 -0.011037497954117152
69 146 0.050129382808898434
69 147 -0.032999123277049992
69 148 0.09757663214729595
69 149 -0.17480053390565581
70 71 -0.023788689903720819
70 72 0.0048878763423675937
70 73 0.0037532846181770772
70 74 -0.0020086269148772927
70 75 0.043426496335045868
70 76 -0.044001560501011713
70 77 -0.0036268976136130272
70 78 0.1776808500180902
70 79 -0.0054236247310535737
70 80 0.01140121346535929
70 81 -0.036520621220179079
70 82 -0.050271231513109527
70 83 0.014031843345787253
70 84 0.0059264903934557259
70 85 0.026787216029149654
70 86 -0.0067252050187492961
70 87 -0.042657644917417505
70 88 -0.073443619137617003
70 89 0.10302387219416323
70 90 0.09719476998973027
70 91 0.14107608515577941
70 92 0.05537833369084761
70 93 0.12539833317707902
70 94 0.020354611438593486
70 95 0.083246136696288248
70 96 -0.059998586258147218
70 97 -0.1757236645138297
70 98 -0.014088488526618958
70 99 0.0905687859722238
70 100 -0.067804278191749098
70 101 0.022516422557080407
70 102 0.006700956183506657
70 103 0.025127036017336551
70 104 -0.021802438757958412
70 105 -0.034638298916527539
70 106 0.090291940929115549
70 107 -0.0012043476897559307
70 108 0.031977051008586548
70 109 -0.10136606739150399
70 110 0.09119732759477274
70 111 -0.057313168412295015
70 112 0.20812771483569054
70 113 0.20495881295887369
70 114 -0.102563873424729
70 115 -0.076462663751279192
70 116 0.062047010916310673
70 117 0.038535845333575972
70 118 0.18990181603647446
70 119 -0.0049736266899372723
70 120 -0.13326106642872704
70 121 -0.022625655985731727
70 122 0.020888692383571401
70 123 0.16285131541474979
70 124 0.026358480149115331
70 125 0.19303019851748335
70 126 -0.11703270053310801
70 127 0.11767282423456192
70 128 0.0014591601576421907
70 129 -0.021663915988877597
70 130 0.045771662039363885
70 131 -0.10916806652526331
70 132 -0.16541896922107091
70 133 -0.057059426786407429
70 134 0.042642089174323279
70 135 -0.10427563425226327
70 136 -0.14929428519814747
70 137 0.062933578073386648
70 138 -0.038695874603416371
70 139 -0.0087330035636695204
70 140 0.012300389083214913
70 141 -0.062563633434274402
70 142 -0.072067967513167505
70 143 0.045398623863063182
70 144 0.046940168649928421
70 145 0.034265531348210032
70 146 -0.05916446006248282
70 147 0.051409217052502176
70 148 0.012920347110260142
70 149 0.082978320127094024
71 72 -0.020249832707975174
71 73 -0.0013282923409814545
71 74 0.087142199089088712
71 75 0.015138489929542264
71 76 -0.036896172705958449
71 77 0.014468413450812876
71 78 0.092364446759773539
71 79 0.067179289011250726
71 80 0.067240863615651209
71 81 -0.069310922603974812
71 82 -0.0294433051764816
71 83 -0.080662323978728384
71 84 -0.12609752667375751
71 85 -0.0080749699572255761
71 86 0.042887124341442449
71 87 -0.036993501337965938
71 88 0.099690786937771281
71 89 0.11433741455937285
71 90 -0.10816714802083607
71 91 -0.099957486406077725
71 92 -0.075762149955339517
71 93 0.059608503660199867
71 94 0.13236974898228762
71 95 0.010573912536531074
71 96 0.063378623559474018
71 97 0.12033310013570002
71 98 0.049603135529196922
71 99 -0.045295653865653103
71 100 0.045215528343517122
71 101 -0.093969864775083609
71 102 -0.15258426848854345
71 103 -0.062961052139837007
71 104 0.12779365804108739
71 105 -0.05497232068181402
71 106 -0.19026189597534357
71 107 -0.15211903447102437
71 108 0.071764404368251489
71 109 -0.052865039847140319
71 110 0.065200340002379092
71 111 -0.0065078522965534777
71 112 -0.092409954835923153
71 113 0.11512735347269346
71 114 0.0066325342097065913
71 115 0.014344434329247856
71 116 -0.062404080315224306
71 117 -0.052329571356119778
71 118 -0.11573343143119846
71 119 -0.1557742024188209
71 120 -0.00035402667089083932
71 121 0.057547120736112858
71 122 0.064793823806810785
71 123 -0.040327435624000284
71 124 0.017178161871242856
71 125 -0.037460866414795672
71 126 0.0037173813539305178
71 127 0.015389536458994189
71 128 -0.021081355874695343
71 129 -0.01756256887485326
71 130 -0.10431683854203927
71 131 -0.0089144000184549314
71 132 0.024930450166071535
71 133 -0.018167041194830792
71 134 -0.060155591185314314
71 135 0.00095887183069384273
71 136 -0.13792370696312478
71 137 -0.0707861602084328
71 138 -0.02362911003836269
71 139 0.0096901387034147163
71 140 0.015270242227539647
71 141 -0.058884854366407176
71 142 -0.0092104189941262116
71 143 -0.059783400210089335
71 144 0.029376638882799337
71 145 0.18837259225933956
71 146 0.025743657838628826
71 147 0.040316913557146117
71 148 -0.081063134045065238
71 149 -0.15308669974173217
72 73 0.082530813513915599
72 74 -0.08607867374430081
72 75 -0.064563176097271455
72 76 0.08603083000962837
72 77 0.0023690646550216113
72 78 -0.12005298491546257
72 79 0.14212844847805292
72 80 0.077024653342515473
72 81 0.053874286601006405
72 82 -0.0037433838752720231
72 83 -0.051054257973439189
72 84 -0.03112289575819159
72 85 -0.099333253069730718
72 86 0.13861184832722848
72 87 -0.039942867028670968
72 88 -0.044579966111129479
72 89 0.071789051689067435
72 90 -0.018153357273052145
72 91 -0.093744913818784859
72 92 -0.12105967959262479
72 93 0.11939797488876204
72 94 -0.012682805554212319
72 95 -0.032548598008671062
72 96 0.040556283360464233
72 97 0.065216369143154651
72 98 -0.044099818207672274
72 99 -0.021566286189761918
72 100 -0.012032330797936716
72 101 0.029345340867590074
72 102 4.7668734236343822e-05
72 103 0.10811811826497111
72 104 -0.016371114759071641
72 105 -0.010573143661189652
72 106 -0.020573059500510912
72 107 -0.077704580896007
72 108 -0.066511149223698718
72 109 -0.00059974082158167875
72 110 0.046838157074679455
72 111 -0.010263755746656725
72 112 -0.1643637794194894
72 113 -0.030144170141583607
72 114 0.00076246072308092008
72 115 -0.097409560243820179
72 116 0.013829267029522193
72 117 -0.10503485155070168
72 118 -0.041149091275513694
72 119 -0.011148310037995244
72 120 0.08791677753841852
72 121 -0.045253323927535567
72 122 -0.05250406218671988
72 123 0.0027652092048144018
72 124 0.15346074775465729
72 125 -0.026145876595139794
72 126 -0.13288662844692015
72 127 0.17336200722308465
72 128 -0.04147189826851088
72 129 -0.05639945259892909
72 130 -0.12786271846702002
72 131 0.027044610571959508
72 132 0.013178564586217507
72 133 -0.18111093525240382
72 134 0.075225596568246594
72 135 0.081959109115273779
72 136 -0.26971202615123835
72 137 0.021257852507452334
72 138 0.030922661729514505
72 139 0.10499900294029711
72 140 0.12213947638114508
72 141 -0.060307109009400173
72 142 0.15491978608228962
72 143 0.014184187753455254
72 144 0.065134420146359451
72 145 -0.043812707945430622
72 146 0.046220146603062069
72 147 -0.046083664632527187
72 148 0.1105581274769005
72 149 0.083173614002700819
73 74 0.13895818121500328
73 75 -0.033474825454359355
73 76 0.056450505805387012
73 77 -0.16601136531830624
73 78 -0.024103279789595713
73 79 0.014440461352055076
73 80 0.088681044985350704
73 81 -0.006212278833741044
73 82 -0.11180467330993596
73 83 0.061932213898449627
73 84 -0.038864476381502658
73 85 0.07310091198539205
73 86 0.0018012625965848012
73 87 0.12156155777895704
73 88 -0.21934909429756222
73 89 -0.028825465186437492
73 90 -0.10621592897796765
73 91 -0.023922103064822887
73 92 -0.08378681975351561
73 93 -0.18518601783322597
73 94 -0.044035530787415171
73 95 -0.2443015170637092
73 96 0.064656828831536131
73 97 0.11173537776005821
73 98 -0.17654285727929048
73 99 0.053503306946097222
73 100 0.029006475674568759
73 101 0.067988784760996429
73 102 0.052924200160561256
73 103 -0.014200421183024718
73 104 -0.058461651263567484
73 105 0.051873240367627256
73 106 -0.059023066576979324
73 107 -0.021650519349745163
73 108 -0.098221278437674725
73 109 -0.015150037436832702
73 110 -0.018385157908623904
73 111 -0.018556850866674933
73 112 0.066873963196828631
73 113 -0.016474947217145482
73 114 0.048107048702648952
73 115 -0.013057954613677453
73 116 -0.10279209321787768
73 117 -0.092755439624833833
73 118 -0.088208573839776053
73 119 0.084944675632088379
73 120 0.069162894067437156
73 121 0.037370539546201717
73 122 -0.039330541816012886
73 123 0.07501517884146687
73 124 0.072284314325772217
73 125 0.0055131872566262083
73 126 0.095684073786393445
73 127 -0.10777032809269305
73 128 -0.1359083916534915
73 129 0.019422326969505521
73 130 -0.17021349312535081
73 131 0.037402857213224804
73 132 -0.044530654778267412
73 133 0.042800927649638158
73 134 -0.036038713502653676
73 135 -0.040298307581589234
73 136 0.14519428427378792
73 137 0.075200070358952223
73 138 -0.015136834961590831
73 139 0.0050847565652106259
73 140 -0.19606326212517064
73 141 0.20451600905367695
73 142 -0.13559139266007583
73 143 0.073736024743251111
73 144 0.056201323776987895
73 145 0.14975414233568213
73 146 -0.10581724784160235
73 147 -0.038142624534374336
73 148 0.014580167902972889
73 149 0.039937486795365462
74 75 0.065086559397799018
74 76 0.0042093230531363036
74 77 0.012297760684727273
74 78 -0.015901240975733283
74 79 -0.071259729999089375
74 80 -0.07491761983974142
74 81 0.014439800049771372
74 82 0.064466432900553192
74 83 -0.0019137335164941276
74 84 -0.069387120154510165
74 85 -0.02782740086722571
74 86 -0.088680789675018537
74 87 -0.04198352745966788
74 88 0.039618559386010409
74 89 0.12654390232181856
74 90 0.0092177172709654968
74 91 -0.013724587595218708
74 92 0.093987112339676271
74 93 0.15552419476180376
74 94 -0.19238166627275494
74 95 0.13275730206436423
74 96 0.024944657619718383
74 97 0.018136935407157422
74 98 -0.030014207104756732
74 99 0.047275399542522203
74 100 -0.034378817673544809
74 101 0.059132760137884974
74 102 0.032396069236520594
74 103 -0.012160617000468417
74 104 0.078198514525348817
74 105 0.040125326190205174
74 106 0.0082756334648564668
74 107 -0.042926529634236377
74 108 0.058458945054863133
74 109 -0.12380075068430919
74 110 -0.10251305858875052
74 111 0.047268512254670048
74 112 0.0026061482952543782
74 113 0.13509669001821403
74 114 0.038103206837428738
74 115 -0.00070777732108095071
74 116 -0.0051922877707163695
74 117 0.025103536218759416
74 118 -0.084150978462510628
74 119 -0.022150717706777321
74 120 -0.088698847461827726
74 121 -0.1893783828262956
74 122 -0.025352338632448269
74 123 -0.12278938736124077
74 124 0.00013321095629882735
74 125 -0.056121475475788225
74 126 0.036461728050180511
74 127 0.0077493544809741953
74 128 0.0039926806226511305
74 129 0.092640323220242515
74 130 -0.012832348594372116
74 131 -0.017052583325247301
74 132 0.085889209578381157
74 133 0.038120018062099664
74 134 -0.045972862439248592
74 135 -0.18469825422350575
74 136 0.077378412057342444
74 137 0.025457101704242573
74 138 -0.062355737192335128
74 139 0.013310587319132454
74 140 0.044349862378725742
74 141 0.068395631833438664
74 142 0.089538315575327515
74 143 -0.065903438187516025
74 144 -0.056014970776645162
74 145 0.011636160910827595
74 146 0.0048356314900691311
74 147 -0.10014536717417603
74 148 0.059950985768519822
74 149 0.12548693540288541
75 76 -0.21304864565353565
75 77 -0.074826153745770133
75 78 -0.07387365391189224
75 79 -0.13797952136144212
75 80 -0.0713935259500732
75 81 -0.073139173218631781
75 82 -0.011928079088465176
75 83 -0.13340279329131174
75 84 -0.019472414000360184
75 85 0.015831417032343014
75 86 0.07566471297797446
75 87 0.030049350892471297
75 88 0.020477746410296729
75 89 -0.090309601531416026
75 90 -0.08766375094522158
75 91 -0.038638174996067726
75 92 0.086740912714339521
75 93 0.10228594584969408
75 94 0.00011807385908319744
75 95 0.01563980466906956
75 96 -0.073723763035421955
75 97 -0.034352724386710519
75 98 0.095189014075159742
75 99 0.075531807578698054
75 100 0.075438277749814653
75 101 0.20287207088327899
75 102 -0.0091625578973941225
75 103 0.081952335339503135
75 104 0.039157133012798009
75 105 -0.085175078191056158
75 106 0.032654364365249475
75 107 -0.014310184327058729
75 108 0.034954248484699489
75 109 0.14540334230162913
75 110 0.071343117166591488
75 111 0.096173920828241471
75 112 -0.031202313486003587
75 113 0.076031139092701622
75 114 0.048589554456911523
75 115 0.0065164687928307499
75 116 -0.0051640933436957323
75 117 0.068635007461621794
75 118 0.031414720562448178
75 119 0.0046871944266528749
75 120 0.0070260268923680773
75 121 0.051789801772334755
75 122 -0.0085646075232284104
75 123 0.088929972979390481
75 124 -0.0027478653286777928
75 125 0.02562466841143729
75 126 0.096007652307425875
75 127 0.13777921516298242
75 128 -0.10829941385059287
75 129 -0.025331066675248894
75 130 0.079598165853552325
75 131 -0.04576910061449669
75 132 -0.091669181961031812
75 133 -0.063969431711993444
75 134 0.056667994962665717
75 135 -0.0042649295184375643
75 136 -0.012921931076394198
75 137 -0.0031934594419927033
75 138 0.034216213485246144
75 139 0.084536002621205544
75 140 0.064512071280100836
75 141 -0.042374027648734984
75 142 0.089129621748705853
75 143 -0.023839812358995186
75 144 -0.015983802664279706
75 145 -0.02122925474299972
75 146 0.022883063089188041
75 147 0.015749919155841355
75 148 0.023113660134791623
75 149 0.06111266724024373
76 77 -0.029156529627941262
76 78 -0.084891506293301597
76 79 -0.081293646287702012
76 80 0.19556236608650956
76 81 -0.18209750990736712
76 82 0.14904346418265904
76 83 -0.050460934925914164
76 84 -0.0087533564378824997
76 85 -0.16838721772955284
76 86 -0.024725010862878278
76 87 -0.022187507275321483
76 88 0.010017144823734451
76 89 -0.047839252561238145
76 90 0.0062084773961712421
76 91 0.064907762819254172
76 92 0.1081249207907985
76 93 0.029565263232519245
76 94 0.16123241809122196
76 95 0.07512450282119422
76 96 0.06016470883079441
76 97 -0.020755179845048644
76 98 -0.2348422361237569
76 99 0.082730468085730133
76 100 -0.0082673646606260462
76 101 -0.06681367452855172
76 102 -0.074760784984947065
76 103 0.02121312265560869
76 104 0.0034163345904267037
76 105 -0.082095753875449845
76 106 0.061337276533120558
76 107 0.083457694359230089
76 108 -0.15012488906457247
76 109 -0.053710472801209198
76 110 -0.017615827441337616
76 111 -0.003661867356732447
76 112 0.019884367100386401
76 113 -0.014270269128961567
76 114 -0.026671454894902018
76 115 -0.12183341464655764
76 116 -0.15621038261128792
76 117 0.18844745393306447
76 118 -0.0040637257909993171
76 119 0.11448563933098684
76 120 0.047824641069505194
76 121 0.0634977530968419
76 122 0.063009281431415709
76 123 0.052374426090826119
76 124 0.030613186609554074
76 125 0.096638097457073982
76 126 0.01370698249689789
76 127 0.21484894319094269
76 128 0.14421855545489407
76 129 -0.095883697314410654
76 130 0.075389207815750953
76 131 0.0017063138154624531
76 132 -0.0043372997264115292
76 133 -0.05365647286789843
76 134 -0.10286659337010201
76 135 0.037513851312137081
76 136 0.069246323108069593
76 137 -0.052407732578156035
76 138 -0.0097485360021218864
76 139 0.14869626599177693
76 140 -0.076464702797235801
76 141 -0.032157359333665009
76 142 -0.10117804968232072
76 143 -0.00017494429795181606
76 144 -0.011384222484993671
76 145 0.12325057903345175
76 146 0.11032912892931016
76 147 0.019102871809845361
76 148 -0.0040812363229748207
76 149 -0.04573129556681569
77 78 0.028767537145589803
77 79 0.10774108349339022
77 80 -0.062968574526934329
77 81 -0.015791266647337585
77 82 -0.0014151666734350931
77 83 0.079574686388728944
77 84 -0.095963659945933519
77 85 -0.013491711993748578
77 86 0.052446485931431877
77 87 -0.054694950023274728
77 88 0.030897653932580059
77 89 0.083626395320116537
77 90 -0.081397634018244014
77 91 -0.0030775881738930901
77 92 -0.16804014303352083
77 93 -0.072763450744541533
77 94 -0.11297171259914864
77 95 -0.098408352902909432
77 96 0.04262688752786277
77 97 -0.0093897464494588148
77 98 -0.079601261033187196
77 99 -0.013573530274456617
77 100 -0.03725304652086274
77 101 -0.053325956044846183
77 102 -0.067801485055115532
77 103 -0.036043779962262441
77 104 -0.015147546932283342
77 105 0.017916770783839558
77 106 -0.17784344408166675
77 107 0.076196024414832003
77 108 -0.082192143553912675
77 109 0.22759444870582624
77 110 -0.023453204793124172
77 111 0.11419938383894535
77 112 0.0067290668140030981
77 113 -0.02772592364628787
77 114 -0.0058071421374594747
77 115 0.05234979236822241
77 116 0.036256665552633759
77 117 -0.067197789043577524
77 118 -0.10527377965184252
77 119 -0.070531819990619388
77 120 0.068686554123885107
77 121 0.047266384799439717
77 122 0.020131191135641248
77 123 -0.094697800493564854
77 124 0.059742109581177177
77 125 0.038450319283360436
77 126 -0.055365343486151603
77 127 -0.029780914113065441
77 128 0.049581496951496509
77 129 -0.11089159331838716
77 130 0.056038578390098355
77 131 0.039201169071878407
77 132 0.009467158956469551
77 133 -0.10238348485045251
77 134 0.0054468579664307439
77 135 -0.046759393255576855
77 136 -0.11967587391605443
77 137 0.085308224668725341
77 138 -0.14543306879170154
77 139 -0.066942784837008273
77 140 -0.010614353833903427
77 141 -0.094200540074739922
77 142 0.22216933680975726
77 143 0.054064798409066611
77 144 -0.051524885276129646
77 145 0.062886258977438839
77 146 0.015530725476202684
77 147 0.26574761324531504
77 148 -0.027584061601385091
77 149 0.14779509196903656
78 79 0.0457248152092391
78 80 -0.065866749782554468
78 81 -0.054191811308291434
78 82 0.064106645139387936
78 83 0.081792184411883198
78 84 -0.029991395225738245
78 85 0.13774693047124992
78 86 0.1852425792131262
78 87 0.080111418158816103
78 88 0.047203182588914872
78 89 -0.014354720323605226
78 90 0.11463604633997833
78 91 -0.0024168923512943108
78 92 0.017968406078295283
78 93 0.095666790313973113
78 94 -0.024933471305269773
78 95 -0.043352290938228073
78 96 0.07673545708625143
78 97 0.071670913263659958
78 98 0.010556660365864341
78 99 -0.10732071928218069
78 100 0.012746103220671243
78 101 0.0074411802714540497
78 102 0.019360139032015587
78 103 0.13073056157289092
78 104 0.033881313418270935
78 105 0.0052828457473176231
78 106 -0.044016918252687984
78 107 -0.044665760780090151
78 108 -0.11400626308512897
78 109 0.059542750799372719
78 110 -0.052514796089930996
78 111 0.13621617422928081
78 112 -0.010222671767379107
78 113 -0.049541179944061299
78 114 0.093422655834101642
78 115 0.052292686565901976
78 116 0.07340972199569179
78 117 0.028548198381442316
78 118 0.0019989523677218833
78 119 0.025803504408062051
78 120 -0.021202766363415511
78 121 0.032389292839751373
78 122 0.086027933157674513
78 123 -0.0072612550812428704
78 124 0.12738891289246976
78 125 -0.13673952902050829
78 126 -0.09074926865630395
78 127 -0.061209129550280413
78 128 0.009912662941094174
78 129 -0.082279388315245894
78 130 -0.035855813377753155
78 131 -0.058221487978809112
78 132 -0.12384643378962447
78 133 -0.16414061967288643
78 134 0.087391750867477441
78 135 -0.013950056583678814
78 136 -0.030525905877016115
78 137 0.0023489759611613247
78 138 0.0050729729229570721
78 139 -0.014477857964222341
78 140 0.11421200702225064
78 141 0.089272831368867211
78 142 -0.064735211688011093
78 143 0.10063337235174039
78 144 -0.064920681826223639
78 145 0.099014729584500596
78 146 0.0070544655374922462
78 147 -0.14375732098767316
78 148 -0.13487997463845772
78 149 -0.049066359905429478
79 80 -0.075177836499890724
79 81 -0.03857114209313306
79 82 -0.057585658057469236
79 83 -0.064084709986668362
79 84 0.060729411807482384
79 85 0.027179689676374887
79 86 -0.01042093433544275
79 87 -0.155842932475727
79 88 0.18539570426917362
79 89 -0.010682207350455419
79 90 0.045106238019239422
79 91 0.042412613377125312
79 92 -0.11199462310689931
79 93 -0.038356432314939452
79 94 -0.037535746182884543
79 95 -0.0022649024400158103
79 96 -0.1138072465133021
79 97 0.0069004885385305558
79 98 -0.088117739453774685
79 99 -0.072288800148588489
79 100 0.083399305645976682
79 101 -0.060051118146826794
79 102 0.027513577205611518
79 103 0.095190650999862875
79 104 0.14080004149021888
79 105 0.097977871318456089
79 106 0.084511561319210532
79 107 0.043938429696462063
79 108 -0.015509599636293819
79 109 0.11419685097804864
79 110 0.023108109233780864
79 111 0.019797704696303663
79 112 0.022818168246620439
79 113 -0.075169356851676111
79 114 -0.0046127560817211906
79 115 -0.045614206111324149
79 116 -0.098648083149434518
79 117 -0.10783197220507944
79 118 -0.045890075299342185
79 119 -0.019241753800901904
79 120 0.063405389344021137
79 121 0.11581285269095898
79 122 0.050448731879597877
79 123 -0.050073889175527242
79 124 0.017726466955634717
79 125 0.084597186862165205
79 126 0.07662967863823239
79 127 -0.049377375473361518
79 128 0.061050050755320599
79 129 0.026436644671607151
79 130 0.14212702450731277
79 131 -0.023064991044500088
79 132 0.040888255201785781
79 133 -0.095276244675125049
79 134 0.050035154469919484
79 135 -0.047440455642641426
79 136 -0.0022692397062117229
79 137 -0.063780959078034424
79 138 -0.037001382260976851
79 139 -0.02259991650495129
79 140 0.047784213973250486
79 141 -0.047387546763631737
79 142 0.039113431147062283
79 143 -0.0467443245143861
79 144 0.069847245023050994
79 145 -0.08899058360199337
79 146 0.0039714615775374908
79 147 -0.08532691938602685
79 148 0.0034550330292352034
79 149 -0.058907129511079695
80 81 0.030735542727303881
80 82 0.082989773107940798
80 83 -0.15851780313171493
80 84 0.069519485515933829
80 85 -0.0032197919297233695
80 86 -0.095476425251430089
80 87 -0.083745039525710357
80 88 0.093851466814374854
80 89 0.098891184382034814
80 90 -0.047352772529424249
80 91 0.011481059354911109
80 92 -0.012541513548743652
80 93 0.04930725177529284
80 94 -0.042118292706435682
80 95 0.0075623377867193014
80 96 -0.03808163352200513
80 97 -0.0015332062715945538
80 98 0.061233845340502878
80 99 -0.012027227196679265
80 100 0.06148695347839242
80 101 0.013942014830918866
80 102 0.023368346748025699
80 103 -0.029012917763642815
80 104 0.046671753981780584
80 105 0.093201951030812941
80 106 -0.21329802901623485
80 107 -0.06461240751122882
80 108 -0.0046890436800338291
80 109 0.062894666217580317
80 110 -0.089440533844535847
80 111 -0.045094650384225075
80 112 0.010350020055989296
80 113 -0.047469142513106917
80 114 -0.13405112134393252
80 115 0.060005752682172717
80 116 0.037890542554515343
80 117 -0.15028933528052982
80 118 -0.010684855721239183
80 119 0.018630154927761978
80 120 0.097817041568361268
80 121 0.00201511087374863
80 122 -0.0344111244759749
80 123 -0.003960771705581255
80 124 0.014443821757402471
80 125 0.08575130614049771
80 126 0.030816172295606549
80 127 -0.066974283666797349
80 128 0.073692275870293922
80 129 0.027619844203378215
80 130 0.018184927525304904
80 131 0.18602348716904851
80 132 0.0046127589647388901
80 133 -0.041224158420527783
80 134 0.10020274938125534
80 135 0.19125187253799622
80 136 -0.057279797294349837
80 137 0.01199622997064278
80 138 0.083072913303128756
80 139 -0.14793701033126394
80 140 -0.089179039629065426
80 141 -0.085053330473837049
80 142 0.13692043566212064
80 143 0.069753652364019342
80 144 0.095683123809505513
80 145 0.036729346960726071
80 146 0.072105734546704131
80 147 0.090818635270604964
80 148 -0.031499294137015674
80 149 0.090775715894179251
81 82 0.16533649442624496
81 83 0.054371256555264584
81 84 0.10092670991476971
81 85 -0.016628052569547039
81 86 -0.015259971599543986
81 87 0.020418717934915415
81 88 -0.065149886401143761
81 89 0.069027898830649317
81 90 0.055127755224523824
81 91 -0.12172094301793424
81 92 0.043575234066909961
81 93 -0.041128471874108764
81 94 -0.038113804432351329
81 95 -0.11763620400688873
81 96 -0.12362972559338249
81 97 -0.096103110117207777
81 98 -0.07025478320249412
81 99 0.10475158252874539
81 100 0.12637450381224813
81 101 0.035243883588051687
81 102 0.019070059587187532
81 103 0.049949479264860534
81 104 -0.074273501789386506
81 105 0.15496847076510001
81 106 0.099974671832234449
81 107 0.085175022073636517
81 108 -0.019890133338169597
81 109 0.079314125900157864
81 110 -0.057949227684779669
81 111 -0.0040916671941289779
81 112 0.060706593591762725
81 113 -0.1942710942863379
81 114 -0.01804043006029022
81 115 0.13442788627811306
81 116 0.063137672873636058
81 117 0.035970884533732192
81 118 0.03781914660307345
81 119 -0.056474237513115581
81 120 -0.012325483963189169
81 121 -0.11487600737864581
81 122 -0.058217522223592548
81 123 0.12925291142350187
81 124 -0.017647103518610662
81 125 0.086731029683164818
81 126 -0.027588918284932065
81 127 -0.004439447604780552
81 128 -0.03821088364951368
81 129 -0.044834956867879951
81 130 0.082030825240589439
81 131 -0.088242947697391161
81 132 0.17966812507990967
81 133 0.067143571404158456
81 134 -0.045967527996020177
81 135 0.037298737987418937
81 136 -0.11931992418002671
81 137 0.070583186897314687
81 138 0.086616164055939152
81 139 -0.017625144721994772
81 140 0.07042630039487989
81 141 0.017994797922409544
81 142 0.032292444920156795
81 143 0.061009366691215206
81 144 -0.0090386530441871858
81 145 -0.097713197955615672
81 146 0.13700592783428606
81 147 -0.10634186232961773
81 148 0.0050143162302065366
81 149 0.03194687427062852
82 83 -0.063496855197836891
82 84 0.032316788379220758
82 85 0.011976918785301591
82 86 0.1148148735879829
82 87 0.17427011409713408
82 88 0.15728755670119363
82 89 -0.060580131093499849
82 90 -0.10311428849994032
82 91 -0.0047469454621934457
82 92 0.063345570887723954
82 93 -0.096093501830066028
82 94 -0.000754141681885614
82 95 -0.044326864994636672
82 96 0.0081721751788627409
82 97 0.067573428227977683
82 98 0.026189757235471501
82 99 0.038720724583706893
82 100 0.066604127389570042
82 101 0.025441245082075389
82 102 0.063074972374508292
82 103 -0.04701980298235859
82 104 0.051186909070756119
82 105 0.02010501676906434
82 106 -0.052181099001696367
82 107 -0.092877865570941534
82 108 -0.062708935024938309
82 109 0.047123616353807039
82 110 -0.051450058062422935
82 111 -0.11175332641593548
82 112 -0.032860685069269015
82 113 -0.0045741564269573967
82 114 -0.064322850095221776
82 115 0.024222126787786544
82 116 -0.001199746618023556
82 117 -0.093531103305820373
82 118 0.1116119155389096
82 119 -0.16249869289254187
82 120 0.10028994231985844
82 121 -0.020556800854329173
82 122 -0.056324742202135597
82 123 -0.14674373909274627
82 124 -0.012278909847730151
82 125 0.17676838871855044
82 126 0.04818230402983064
82 127 0.025326114036451741
82 128 0.01395741454392801
82 129 -0.032457850407408624
82 130 -0.010245137907121069
82 131 0.06564550293825791
82 132 -0.18740815086444548
82 133 0.013699423498754512
82 134 -0.057421515262477914
82 135 0.039893066715040934
82 136 -0.15746633175383618
82 137 0.042854833295592719
82 138 0.016886910298274264
82 139 0.00073034191003982813
82 140 0.00077972412035052
82 141 0.077659088461152284
82 142 0.00066302388185396604
82 143 -0.028279858213790539
82 144 -0.12646422198169277
82 145 0.074542164830360261
82 146 -0.075319186252065115
82 147 -0.096456706197962067
82 148 -0.10866591165271201
82 149 0.039578148537868521
83 84 0.021165458789688115
83 85 -0.10974430664394995
83 86 -0.025909898852665252
83 87 0.10131821564756072
83 88 0.01755686514845331
83 89 0.2388996889352481
83 90 0.074704296983643573
83 91 -0.075521305501912273
83 92 -0.033292156928374866
83 93 -0.094626613107427857
83 94 -0.062889505717095937
83 95 0.070268639516817041
83 96 -0.048826442506552471
83 97 0.083546668611508973
83 98 -0.08363176166481226
83 99 -0.018285904086795243
83 100 0.060625122495862098
83 101 0.10847734831690418
83 102 -0.075970118567816158
83 103 0.061710922938200047
83 104 0.075811325999268833
83 105 -0.064721390186871855
83 106 -0.0035265660734006671
83 107 0.055677536985025582
83 108 -0.064064856878245049
83 109 0.045413765767195989
83 110 -0.035523490332955203
83 111 0.013973279308957339
83 112 0.079874596718793281
83 113 0.092219438603535958
83 114 0.068413057140332786
83 115 0.039147227469037045
83 116 0.058504961509794159
83 117 0.0079294103623727945
83 118 0.024711032028270585
83 119 -0.15742619269745411
83 120 0.048796201598691032
83 121 -0.010899226336956565
83 122 -0.063314860496103478
83 123 0.050285236476057857
83 124 -0.00088171150227166694
83 125 0.038214470363729942
83 126 -0.092572951266098685
83 127 0.12617907675486331
83 128 0.042390443057359679
83 129 0.03065070802616798
83 130 0.11719152022389859
83 131 -0.031054852079456605
83 132 -0.083793185874924417
83 133 0.014563694715326777
83 134 -0.062613228850507338
83 135 0.0064257328925283455
83 136 0.026504525977147315
83 137 -0.18198428700205965
83 138 0.068946648855015724
83 139 -0.19507661250087227
83 140 0.17833282492306424
83 141 0.10534045870369275
83 142 0.13577034818692924
83 143 -0.075705381159634169
83 144 0.053233491465169959
83 145 -0.00087379077359449797
83 146 0.08643473172941829
83 147 0.02592091347798876
83 148 0.10933952161533721
83 149 0.015777514175731172
84 85 0.017051306761675874
84 86 -0.034672921711136694
84 87 -0.007054036756961304
84 88 0.05429349598289792
84 89 -0.025034862609096546
84 90 -0.14462633206052808
84 91 0.04068594389236653
84 92 -0.1366428116996799
84 93 -0.17588187872255118
84 94 -0.094778668986147355
84 95 -0.15782250358867303
84 96 -0.034462657877281241
84 97 -0.031453292285900061
84 98 0.026475643618477044
84 99 0.09138346824008689
84 100 -0.066266393463097942
84 101 0.1332289517786574
84 102 -0.089108139704885542
84 103 0.13450392297613634
84 104 0.050943086240122323
84 105 -0.042377262219429536
84 106 0.021002926703972042
84 107 0.0057699796379359755
84 108 0.080427281127297301
84 109 0.030151118533817377
84 110 0.056571480593639152
84 111 0.052448806670153961
84 112 0.0071731486717103599
84 113 -0.021733104394282225
84 114 0.02891240080294603
84 115 -0.06996636160779543
84 116 0.094828561960937877
84 117 -0.14701290921128557
84 118 -0.034413205660049025
84 119 0.1549980280865835
84 120 -0.02858902224015554
84 121 -0.012282495928291318
84 122 -0.046922326361294737
84 123 0.099948092149903703
84 124 0.011683017494359803
84 125 0.0014059184534204862
84 126 -0.0012054124833211959
84 127 0.056387687997914868
84 128 0.046122615599579267
84 129 0.05223188380600529
84 130 0.23477026692082745
84 131 -0.14296881023347185
84 132 -0.087775208105041094
84 133 0.025595563737792943
84 134 0.1095566471472726
84 135 0.036644942890461274
84 136 -0.077778240237754079
84 137 0.070819255692790781
84 138 0.14321591468818121
84 139 0.0067645492485642498
84 140 -0.055221146016697711
84 141 0.037088183356258256
84 142 0.033326989149935218
84 143 -0.054969146241265893
84 144 -0.095828987970317289
84 145 -0.035760862184521125
84 146 -0.06937504297809291
84 147 0.082076108293455241
84 148 -0.059529445176360572
84 149 0.0094110248614776779
85 86 0.03725378352694203
85 87 -0.035640032461049721
85 88 0.0042996748392316675
85 89 0.20953553758957291
85 90 -0.16475964342566862
85 91 0.03075633341070258
85 92 0.073584473053040292
85 93 -0.00029279331909753845
85 94 -0.01725193400138127
85 95 -0.075158846403511351
85 96 0.050618502109738839
85 97 0.00081626805205461852
85 98 -0.046694382461602783
85 99 0.027264570880790397
85 100 0.039503879474946033
85 101 -0.049516392221585243
85 102 0.015382526302887204
85 103 -0.094226613168883006
85 104 0.032932830992003989
85 105 -0.01204999890136689
85 106 0.070163390826210953
85 107 -0.054644805878193141
85 108 -0.0031854190241656726
85 109 0.045734300108813679
85 110 0.014744878023695429
85 111 0.061701123839772019
85 112 -0.056691328400764684
85 113 0.083281126183349846
85 114 0.027414957308144534
85 115 0.015706901549182608
85 116 -0.10245228888828577
85 117 0.079970227255431375
85 118 0.087018490971478513
85 119 -0.098372543591406542
85 120 0.11032225669251462
85 121 0.042707818954405452
85 122 0.030563648495218945
85 123 0.08505225745963213
85 124 0.022752569818718198
85 125 -0.04776677470086698
85 126 -0.050232052936313339
85 127 -0.10246829287734582
85 128 0.032850358131258549
85 129 0.041143256228183787
85 130 0.025465753108870705
85 131 0.054605897006714602
85 132 -0.09024625553226516
85 133 -0.012037075137520911
85 134 -0.066162771106043544
85 135 -0.15719805711993398
85 136 -0.032468909643274396
85 137 -0.087922481057486124
85 138 -0.044891250569698178
85 139 -0.011776257173720344
85 140 0.066508129805595256
85 141 -0.055988205179269682
85 142 0.090380418715970745
85 143 -0.019436343296090078
85 144 -0.13646943317961849
85 145 -0.098295995224403673
85 146 -0.13296679696721558
85 147 0.12310123853610042
85 148 0.061433276688796008
85 149 0.13712371284522601
86 87 0.032600173899821228
86 88 -0.016298139562643612
86 89 -0.11849875483478821
86 90 0.076693838921344903
86 91 -0.091330968738075419
86 92 0.043259318916539752
86 93 -0.054759191560841053
86 94 0.030106852779061225
86 95 0.020614546482312382
86 96 -0.022044764215578661
86 97 0.015407308076756625
86 98 -0.023319570662601902
86 99 -0.10874754754060401
86 100 -0.036888935922990203
86 101 0.12079556198857352
86 102 0.11587843243592506
86 103 -0.07447143180635421
86 104 -0.011890712296297129
86 105 -0.098401984897638448
86 106 0.073960640265850322
86 107 -0.019885267785636335
86 108 0.052690255239277908
86 109 0.00088576452718247209
86 110 -0.028722055227514254
86 111 0.011478538316210415
86 112 0.083105692045822549
86 113 0.013365361431972039
86 114 -0.11997294966955738
86 115 0.10378281331391968
86 116 -0.071485714473684778
86 117 0.011766208600328582
86 118 -0.11805896595203899
86 119 0.085130356640432434
86 120 0.18497709485926889
86 121 0.04687708089928929
86 122 -0.12283394544702381
86 123 0.14406399695559613
86 124 -0.06281700841264444
86 125 0.13020538023019654
86 126 0.055689860915095958
86 127 0.018435697343521195
86 128 -0.15526791681439589
86 129 0.012100482711198061
86 130 0.049789748786068511
86 131 -0.028833379940890094
86 132 -0.012280649263803628
86 133 0.1579840870007016
86 134 0.049993330851617668
86 135 -0.070165021536425107
86 136 0.086735989854495349
86 137 0.060277795366943075
86 138 -0.028932957949254125
86 139 -0.027137420359806839
86 140 -0.049540951331364207
86 141 0.038990354369424655
86 142 -0.053279402135527641
86 143 -0.0012722198363113535
86 144 0.058657123134862474
86 145 0.12092066264744326
86 146 -0.093385058856166686
86 147 0.068588110294717508
86 148 0.063264007594644497
86 149 -0.084165321788588682
87 88 -0.022836722073479601
87 89 0.080447746769166606
87 90 -0.080348313923711376
87 91 0.011536867136634888
87 92 -0.04465720093301883
87 93 0.029659241432692628
87 94 -0.11594407479828153
87 95 -0.10253190017530844
87 96 0.081104659001933296
87 97 0.12841683770112861
87 98 -0.077400625038730089
87 99 0.1065666594771896
87 100 -0.076427385436805689
87 101 0.027918696875979518
87 102 0.051749135937564035
87 103 0.0655984981136358
87 104 0.0065462867183095422
87 105 -0.021124749048604632
87 106 -0.013422532875061201
87 107 0.030505743914830977
87 108 0.029304861329538301
87 109 -0.025830858593292323
87 110 -0.13067898775543718
87 111 -0.009794962441805782
87 112 0.03195491071763449
87 113 -0.030198835654168928
87 114 0.037376141854364629
87 115 0.01438657862705742
87 116 -0.09555254452636075
87 117 -0.15135980052817302
87 118 -0.04484050698043255
87 119 0.042941733123995261
87 120 -0.14602685447922456
87 121 -0.025040153764877587
87 122 0.0007407023597277556
87 123 -0.0062132480980509851
87 124 -0.010974508072380424
87 125 -0.03262953506793978
87 126 -0.14226223860249243
87 127 -0.0405433508094157
87 128 -0.031914282181348154
87 129 0.039204286113394292
87 130 0.048623333558752611
87 131 -0.073231161503927528
87 132 0.094165653608523969
87 133 -0.018595803818025572
87 134 0.014451868744010679
87 135 -0.048377415335487783
87 136 -0.083040783561683429
87 137 -0.00026998132370794833
87 138 0.060033210295295646
87 139 0.073529693582043226
87 140 0.089883087352586585
87 141 0.00019207774781336451
87 142 -0.054553514210655588
87 143 0.013624246286472321
87 144 -0.03408203326060924
87 145 0.11556036488290769
87 146 0.17730361174612805
87 147 0.020605881428504346
87 148 0.076460965587520968
87 149 0.074677137040312966
88 89 0.025100254127391239
88 90 0.12673727320437841
88 91 0.075313870083175249
88 92 0.08262909647297649
88 93 0.032375467844177885
88 94 -0.13319188519571157
88 95 0.04463960503157216
88 96 -0.24120403659868445
88 97 -0.0088405609813231208
88 98 0.0080821513024141849
88 99 -0.13155821343458152
88 100 -0.0075948880834083897
88 101 -0.072565974991082249
88 102 0.070699840570480385
88 103 -0.00993779949957211
88 104 -0.017550293057791426
88 105 0.010843596084112036
88 106 0.024730546019261307
88 107 -0.05329673206194014
88 108 0.066354752068960063
88 109 0.025739442217943186
88 110 -0.013052780355695747
88 111 0.041592405147577047
88 112 0.13599605186483618
88 113 -0.094020599624314125
88 114 -0.18934405071150784
88 115 0.14407157104091634
88 116 -0.10687967355320011
88 117 -0.08999016444492873
88 118 -0.073028399636663854
88 119 0.041511124324109895
88 120 0.17760498303409625
88 121 0.0061301128308898856
88 122 -0.086306222019798012
88 123 -0.00046811454178519304
88 124 0.0085209639477978587
88 125 0.08294375967478447
88 126 0.10009488827264627
88 127 -0.0073019515723661927
88 128 -0.015873312791330536
88 129 -0.067311060406661127
88 130 -0.011359321122001925
88 131 -0.021912470621809073
88 132 -0.011108552515564182
88 133 -0.022181165355464699
88 134 -0.094513199835587661
88 135 -0.065152551182198454
88 136 -0.051509443233553019
88 137 -0.12680934128919927
88 138 -0.044701202548615683
88 139 0.14263850528014985
88 140 0.0095862355161739059
88 141 0.013939147368514555
88 142 0.04019849780983395
88 143 0.024614534185379407
88 144 -0.13102258072807177
88 145 0.036390115740053894
88 146 0.057207104304947028
88 147 0.1526071638142745
88 148 0.019858247089508747
88 149 0.079665957216364783
89 90 0.10522436998828842
89 91 -0.048468597482809204
89 92 -0.031347988269064243
89 93 -0.10753690417157727
89 94 0.0193571185472717
89 95 0.10414044596931075
89 96 0.002517965974866628
89 97 -0.095135979205476007
89 98 0.08830437447135453
89 99 -0.016689688523394974
89 100 -0.0041665997164651034
89 101 0.13759679650770856
89 102 0.032932525919343383
89 103 -0.046528214279471021
89 104 0.029235821921321483
89 105 0.062626964141689181
89 106 0.026124790097672133
89 107 -0.19170738438776155
89 108 -0.052444590948543167
89 109 0.12756175468875761
89 110 0.13807610290094705
89 111 -0.01120911541396522
89 112 -0.080298711426258454
89 113 -0.022542117037340183
89 114 0.12976315674400987
89 115 0.082250348557813574
89 116 0.052921840038654328
89 117 0.023706272334873043
89 118 -0.09883492393499356
89 119 0.055562829824083552
89 120 -0.075506480899237588
89 121 -0.12561348577996015
89 122 0.047891038784155245
89 123 0.18838570632868956
89 124 0.062675814862854756
89 125 -0.13888795316574526
89 126 0.2160567329243587
89 127 0.016998464668194643
89 128 -0.05503547812159619
89 129 -0.095368409617000813
89 130 0.089838527271282526
89 131 0.0061286122454616175
89 132 -0.04779731700589241
89 133 -0.088840640874742055
89 134 -0.076320920887348834
89 135 -0.092554597531230007
89 136 0.035499127669806028
89 137 0.0243523318027037
89 138 -0.016746821972746247
89 139 0.11323808781233144
89 140 -0.0069675966346823956
89 141 -0.1343769324037079
89 142 -0.07106765298797349
89 143 0.033983979127330907
89 144 0.16191924985445014
89 145 -0.10501009415708479
89 146 0.060777590510508947
89 147 -0.023007651914310315
89 148 0.1903952098737739
89 149 0.067184672437944362
90 91 -0.032012538869405346
90 92 -0.074376071479393818
90 93 -0.05241845587514922
90 94 0.013736215389145509
90 95 -0.07704693456530036
90 96 -0.059719837072427694
90 97 -0.10220935653187263
90 98 -0.12515461209435649
90 99 0.040320399847998387
90 100 0.04721649973127634
90 101 0.10946307807931789
90 102 -0.0070276377798214017
90 103 0.017444477945066074
90 104 0.023293070224579632
90 105 0.12032518008081641
90 106 0.098429329014612141
90 107 -0.088753877438816131
90 108 -0.096053211500331817
90 109 0.0011313654554269766
90 110 -0.11332977222541388
90 111 -0.22334447431231919
90 112 0.077558413996287184
90 113 -0.042072852011554383
90 114 -0.18518228775427364
90 115 -0.036502560123383522
90 116 -0.07900771659288322
90 117 0.025207572746556689
90 118 0.086641478002338027
90 119 0.14269952600656463
90 120 0.19154129179786125
90 121 0.019999821792372731
90 122 0.065310560120985794
90 123 0.031190524686457749
90 124 0.17018389128891687
90 125 -0.046008607048268625
90 126 0.014467169347457709
90 127 0.11587237490090181
90 128 -0.078440261146035778
90 129 -0.0013555884333463668
90 130 -0.049344507685041575
90 131 -0.04419314359333703
90 132 -0.018496984178522167
90 133 -0.14659220376594151
90 134 -0.012643103653951252
90 135 -0.064406349587781922
90 136 -0.05066305099943226
90 137 -0.0079251955330993679
90 138 -0.060796533279525972
90 139 0.098035876640931774
90 140 0.091162072629717622
90 141 -0.020650351193078047
90 142 -0.059633885000614326
90 143 0.004004013387859974
90 144 0.063103551705734312
90 145 -0.071282583562352411
90 146 -0.097520646351705306
90 147 0.040579810283048245
90 148 0.017647142027870096
90 149 0.10225323194217559
91 92 0.0058136562991438828
91 93 -0.099279727497354933
91 94 -0.091655869676135912
91 95 -0.055639404915608232
91 96 0.16444442069082518
91 97 0.068655891824827509
91 98 0.016408246384761429
91 99 0.033507080950619508
91 100 -0.07471566436400251
91 101 -0.10426754143566724
91 102 0.033033968253387835
91 103 0.095972268981132591
91 104 -0.04347917414753924
91 105 -0.095412036088036875
91 106 -0.0017830649269839978
91 107 0.15348399357620027
91 108 -0.011375502536197082
91 109 -0.0010445510456454064
91 110 0.0096269763891662311
91 111 0.099047378616520396
91 112 -0.089019244517237653
91 113 -0.034903920296720188
91 114 0.031668769406527728
91 115 -0.088959840075348559
91 116 -0.040987893027436592
91 117 -0.0042691409595774872
91 118 -0.074068481532461983
91 119 -0.10991500009679615
91 120 0.085863607098241604
91 121 -0.032429687559059159
91 122 -0.0064093862183944011
91 123 -0.067622552190873347
91 124 0.035756132935028329
91 125 -0.023876939767727798
91 126 0.09906834130850356
91 127 0.013121973041830102
91 128 -0.046061192010805496
91 129 0.0020550078414879876
91 130 -0.026997026941200167
91 131 -0.017671977753021591
91 132 0.055995898032446458
91 133 0.092288900772665369
91 134 -0.0426684972706819
91 135 0.097955491938918185
91 136 0.0037084526965352116
91 137 0.13229080356386771
91 138 0.024682120111096408
91 139 -0.026166187045220803
91 140 -0.097445561131960526
91 141 0.0051526199338159523
91 142 0.030204596838238808
91 143 -0.015937715244420808
91 144 -0.022071702970830515
91 145 -0.037417833497798841
91 146 -0.11292702820580293
91 147 -0.036852669623439263
91 148 0.081065062880581684
91 149 0.018724967753299061
92 93 -0.13523965346536379
92 94 0.013692807576551955
92 95 -0.039234329138840014
92 96 0.15680765453875811
92 97 0.061496884494403582
92 98 -0.17070734076053251
92 99 -0.07571918459712508
92 100 0.14081048642829341
92 101 0.11966618568194448
92 102 0.058071235100775657
92 103 -0.0079647692053273194
92 104 0.08603091707939986
92 105 -0.15341189105703157
92 106 -0.09611563969066253
92 107 -0.033486356239732847
92 108 0.099463373565876034
92 109 -0.019684028837862032
92 110 0.12393480717939816
92 111 0.0058567312761898197
92 112 -0.059714987832772341
92 113 0.061668830712484093
92 114 -0.010010523080058299
92 115 0.05934616279713803
92 116 -0.050417772942761584
92 117 0.036203838324492386
92 118 0.017502801349742532
92 119 0.10778649580522609
92 120 -0.10984184188674748
92 121 0.012442118252921885
92 122 -0.030868541281040694
92 123 0.0063815840926939342
92 124 -0.16546718699523202
92 125 0.14612484403933607
92 126 0.080381880592137467
92 127 0.056602504212916481
92 128 0.085349199519152194
92 129 0.060546568134477334
92 130 0.039226885731918015
92 131 -0.025438759652939298
92 132 -0.048948206937236033
92 133 0.030190264860884972
92 134 -0.11796921859135039
92 135 0.0060018673661810318
92 136 0.04947864727847643
92 137 -0.039168405721115893
92 138 -0.032783191912654656
92 139 -0.047655246224946698
92 140 0.053423352138603039
92 141 -0.0083689995326294668
92 142 0.051627478175880225
92 143 0.012526014272195048
92 144 0.10413670836525044
92 145 0.18347398965435294
92 146 -0.0070106888173636249
92 147 -0.0040980448279464591
92 148 -0.098607958911224522
92 149 -0.08567617018816602
93 94 -0.025884005308833065
93 95 -0.019464345048984335
93 96 0.065083928370586921
93 97 -0.066317287616031007
93 98 0.0080036948120066065
93 99 -0.027636905115452116
93 100 -0.15749779101146352
93 101 -0.030230623239173846
93 102 0.036774749137567182
93 103 -0.037222843874735435
93 104 0.0099744126857871027
93 105 -0.066450055478855324
93 106 0.0081427476548674403
93 107 -0.16366358321897923
93 108 0.0058630709054280439
93 109 -0.0097494499811655883
93 110 -0.024929291805643738
93 111 0.040879943416203907
93 112 -0.10722532434094721
93 113 0.14082245713878344
93 114 0.039297742455221871
93 115 0.063081427293533082
93 116 0.14997963845517948
93 117 0.038360652896886949
93 118 0.043864884331722871
93 119 0.089466149699850492
93 120 -0.09159893969061364
93 121 -0.017824059599910166
93 122 -0.012587130468051747
93 123 -0.010880996813822654
93 124 0.074718989077989489
93 125 -0.13064550384099824
93 126 -0.11657870843554716
93 127 0.16926933010161019
93 128 -0.015498687135045834
93 129 -0.026831816936811706
93 130 -0.10144454055822516
93 131 0.014516944465055623
93 132 0.027099015140205771
93 133 0.11579038274827437
93 134 -0.010967195413377338
93 135 0.19621299354366945
93 136 -0.082630385718751836
93 137 -0.0060685120319462823
93 138 -0.032914979736763848
93 139 0.1715685269792652
93 140 -0.031370258536149345
93 141 0.061253842698343469
93 142 -0.049977574859514137
93 143 -0.024602550601307685
93 144 0.030810762542147912
93 145 0.12927696477294137
93 146 0.034376873110230084
93 147 -0.16551671212385216
93 148 -0.026882495112073624
93 149 0.014441657549028675
94 95 0.094306944146872448
94 96 -0.078207539143610269
94 97 0.03211824005769643
94 98 -0.070351103545869278
94 99 -0.14105740251508592
94 100 0.024911696998785496
94 101 -0.070634672268659618
94 102 -0.17237746040267943
94 103 0.075753402290880539
94 104 0.065275112535117558
94 105 0.029453633336412193
94 106 -0.16968102991764331
94 107 -0.013686790615597012
94 108 -0.057958029604818613
94 109 -0.063637541833943601
94 110 0.078870677973686812
94 111 0.079866861241563933
94 112 -0.12466260886614157
94 113 -0.016456226708721881
94 114 -0.028256872820239972
94 115 0.073445489230483288
94 116 -0.018477291599074946
94 117 -0.053190425629888398
94 118 0.015387760023351588
94 119 0.14845644506632608
94 120 0.02140100784239278
94 121 -0.003272763451596885
94 122 0.12632491920596586
94 123 -0.10225288985389504
94 124 -0.071812663153996148
94 125 -0.090343757735426716
94 126 0.10299169876656597
94 127 -0.085348946728320579
94 128 0.065468758334029084
94 129 -0.053841123137696567
94 130 -0.084284366302947181
94 131 -0.048048998379107401
94 132 -0.048306577987818393
94 133 -0.16211647402791685
94 134 -0.019359515134120975
94 135 -0.010382540750138027
94 136 0.0093429110170252672
94 137 -0.056723114391405219
94 138 0.1150081618417874
94 139 0.084840820991780877
94 140 0.061764705555606217
94 141 0.087729524029896588
94 142 -0.074721599686921922
94 143 -0.053810164237394667
94 144 -0.0055126097427609698
94 145 0.039820179975511009
94 146 -0.02856552367950221
94 147 -0.03739021944763337
94 148 -0.010153933768737062
94 149 0.10082784634797412
95 96 -0.12106612858806852
95 97 0.1603554404510707
95 98 0.1113892891460844
95 99 -0.10599628028782528
95 100 0.089247541707751413
95 101 -0.048531454421335843
95 102 0.11408729284403159
95 103 0.080843080292885602
95 104 0.081119196754189937
95 105 0.022536507233161973
95 106 -0.042767996561376628
95 107 -0.095031787913868515
95 108 -0.077171199281166794
95 109 0.059774437234275793
95 110 0.019804606441937968
95 111 0.0092944440004058739
95 112 -0.024761082004927548
95 113 -0.06886824952839965
95 114 -0.042556629108645209
95 115 -0.02687747910816175
95 116 0.1225594460147604
95 117 -0.083401318505367264
95 118 -0.16255535326412193
95 119 0.107971684004031
95 120 0.042948856034948808
95 121 0.046214675002582931
95 122 -0.10869134655653877
95 123 -0.016081139876925801
95 124 0.072867767671733738
95 125 -0.07657279245473872
95 126 0.036853981606531194
95 127 -0.14746838299328452
95 128 0.02433904563668619
95 129 -0.010492473375595644
95 130 0.032112230346258444
95 131 0.042964800988230543
95 132 -0.01974498226684774
95 133 -0.037960402710042598
95 134 0.059725145980523656
95 135 0.036650006316813623
95 136 0.081798754289395273
95 137 -0.029499010046396348
95 138 0.09959003991968865
95 139 0.042422393333399332
95 140 0.0082260883557813969
95 141 0.083508683507052595
95 142 -0.22184258341165711
95 143 0.066534771848341612
95 144 0.092174552864520656
95 145 0.16571909370407573
95 146 -0.13707331179522575
95 147 0.082947197640517001
95 148 -0.0080804016932036933
95 149 0.052114217645703807
96 97 -0.115091591799573
96 98 -0.093245216327352429
96 99 -0.1567730844255513
96 100 -0.053294617712771782
96 101 0.022277901797609675
96 102 0.0097899911220822866
96 103 0.12171612232045091
96 104 0.038571726146985195
96 105 0.067032088485972544
96 106 -0.11870288849687036
96 107 -0.18614658359654959
96 108 -0.012621422150830784
96 109 -0.12469440084738272
96 110 -0.026956548201852063
96 111 0.10403950408668863
96 112 0.063645283145548459
96 113 -0.033618241118228691
96 114 -0.039689316668610926
96 115 -0.036974353896375614
96 116 -0.10753448114874542
96 117 0.0027694129606440116
96 118 0.016649854552011532
96 119 0.050668675312239161
96 120 0.0037000359848796682
96 121 -0.0083730495661914761
96 122 0.14668018071699471
96 123 0.054871400063691858
96 124 0.071733619391337211
96 125 -0.037980863997490628
96 126 0.061349572853761247
96 127 -0.024136369542924238
96 128 0.0083099218345886981
96 129 0.0093516973578230186
96 130 0.059964983894564394
96 131 0.041457672813696646
96 132 -0.016235958279567853
96 133 0.1019748840150493
96 134 0.090907841747029747
96 135 0.069124066204697007
96 136 -0.036176496471990123
96 137 -0.06279383884495883
96 138 -0.068244301697041654
96 139 0.070772609840235687
96 140 0.010770617988706157
96 141 -0.095293956923651807
96 142 0.037323583139801379
96 143 0.012956000009365441
96 144 -0.099816179984656292
96 145 0.12134913025967727
96 146 -0.11698483392860599
96 147 -0.061786317758257214
96 148 0.010138188507616256
96 149 0.15809298518470732
97 98 0.049465872121773946
97 99 0.057961722563569837
97 100 -0.098518619997302853
97 101 -0.056887412643588722
97 102 0.093705319552275929
97 103 0.19975810505863636
97 104 -0.078906751114411103
97 105 0.10637080360585252
97 106 -0.032726006397975196
97 107 0.13265808875037807
97 108 0.042444180138583795
97 109 -0.082032215836869232
97 110 -0.13248297195309144
97 111 -0.016282791298538463
97 112 0.12335627154653128
97 113 -0.089037728743967495
97 114 -0.014445282285736256
97 115 0.105550461424029
97 116 -0.039050748174244615
97 117 0.013214770233383891
97 118 -0.026418200190810707
97 119 -0.041686166733403522
97 120 -0.10056186819389354
97 121 0.038879949388778728
97 122 0.11706180356124292
97 123 -0.0071950218293719871
97 124 0.04157091317818272
97 125 0.14465771103177807
97 126 -0.13678516172599708
97 127 -0.24566299314847578
97 128 0.10602796407807805
97 129 0.15438843800022975
97 130 0.056360241456788543
97 131 -0.080976521448399327
97 132 -0.01085211034165005
97 133 0.045533544848844351
97 134 0.058394833161548455
97 135 0.038998681576320901
97 136 0.061384345352719763
97 137 -0.11308663115610303
97 138 -0.030839258691301854
97 139 0.019534089869249011
97 140 0.0068761255085316286
97 141 0.071356641753549804
97 142 0.0057319813875294275
97 143 0.080189186790034631
97 144 0.082174692608860817
97 145 0.025908378937748233
97 146 0.030907358868213261
97 147 0.048663136599953014
97 148 -0.13841488567857654
97 149 0.046291056439799062
98 99 0.0030661301670631153
98 100 -0.069401840211621407
98 101 -0.069897358149320007
98 102 0.12099437235939058
98 103 0.091855300829702335
98 104 0.11194974678380246
98 105 0.080675452523908953
98 106 0.033823273419386547
98 107 -0.23948802620179799
98 108 0.092843531284028363
98 109 0.018412022372015599
98 110 -0.044857521096092416
98 111 0.030938177524918422
98 112 0.022328142271721474
98 113 -0.046757978948466984
98 114 -0.00772954973397132
98 115 -0.022876326903398331
98 116 -0.0087516087106887328
98 117 0.036186220594408805
98 118 -0.0082219557100368396
98 119 0.016923614884767606
98 120 0.16514143388846894
98 121 0.014347314120252311
98 122 0.051512582510014102
98 123 0.075693633930385362
98 124 -0.0057190418309013098
98 125 -0.0089366930427112294
98 126 -0.04492096986334479
98 127 -0.024980006612544046
98 128 0.10604493699688804
98 129 0.015579436513942295
98 130 0.18127555217088773
98 131 0.043233504581097572
98 132 -0.011915587573611108
98 133 0.083780069255048717
98 134 -0.01143096229615911
98 135 -0.026891543423909859
98 136 0.08297830917421814
98 137 -0.04618635787257519
98 138 -0.060439949219799324
98 139 0.087171347918980083
98 140 -0.02859699839666445
98 141 -0.088074709087852712
98 142 0.096455409378482959
98 143 -0.010700789660186482
98 144 0.15040878977311165
98 145 -0.026863427719275031
98 146 0.059696032812645489
98 147 0.10377784929797684
98 148 -0.034483048619176379
98 149 -0.14815727814426688
99 100 -0.10266456227344768
99 101 -0.031106797497574425
99 102 0.0019803370467670095
99 103 -0.14977730867245806
99 104 -0.018100665273126159
99 105 0.0010324259177946346
99 106 -0.051149974462676447
99 107 -0.1191652520537677
99 108 0.016310667550036299
99 109 -0.065101434286508109
99 110 -0.052284402384212988
99 111 0.018142736875337431
99 112 -0.085068590737222366
99 113 0.044436606814906826
99 114 -0.045924185784922598
99 115 0.12728379143491642
99 116 0.10040783804156299
99 117 0.033287526048125404
99 118 -0.13856913211323094
99 119 0.028181730748228488
99 120 0.070661491925342351
99 121 -0.02117214952313437
99 122 -0.00068907060425772845
99 123 0.09782304381031455
99 124 0.08985077168083612
99 125 0.042771702604666728
99 126 0.038500191337821843
99 127 0.088227247895169211
99 128 0.030347039737731122
99 129 0.030732375536601696
99 130 0.041600105877944812
99 131 0.028187621656097867
99 132 0.095637652435716189
99 133 0.01486397396724054
99 134 -0.094915646759826416
99 135 -0.18563889272117015
99 136 -0.061673534566087665
99 137 -0.11277291314083716
99 138 0.0086572302671637843
99 139 0.070754050622344425
99 140 0.06908958658164463
99 141 0.11623130122512759
99 142 0.050443859977776506
99 143 -0.01202527800298164
99 144 -0.028535721584266968
99 145 -0.030737053681756648
99 146 -0.12886216765365258
99 147 0.095700244457173775
99 148 0.082005386703864369
99 149 0.085004946265416145
100 101 -0.028650734472095846
100 102 -0.032117921163875289
100 103 -0.012311657221683411
100 104 0.094560687293879772
100 105 0.024588711952767676
100 106 -0.076129654090163951
100 107 0.024027130426926668
100 108 -0.048546487724653128
100 109 0.057685876778950221
100 110 -0.06139298651496914
100 111 0.0090146988931963136
100 112 0.077569316610958658
100 113 -0.10820739289882755
100 114 0.036105432629005965
100 115 -0.044678898849145388
100 116 -0.12678116274646786
100 117 -0.037873520521146363
100 118 0.079916237231225734
100 119 -0.13827867703442268
100 120 -0.092387800449149737
100 121 -0.068456062430545736
100 122 -0.028175280249313071
100 123 -0.06328376424620144
100 124 -0.024311553908917285
100 125 -0.051968901749236476
100 126 0.099279438944618256
100 127 0.087778327699700134
100 128 -0.21332905628193832
100 129 -0.016144962618039986
100 130 -0.067805450755033747
100 131 -0.08932150579179185
100 132 0.004244233753531914
100 133 0.1418911710956568
100 134 -0.014123791433974409
100 135 -0.035169387689750621
100 136 0.12815550369079995
100 137 0.032188139256936588
100 138 -0.11016256233111064
100 139 -0.090910062282581167
100 140 -0.068446368285594347
100 141 -0.1044673313817697
100 142 0.032709032881732839
100 143 -0.065593535615038445
100 144 -0.077314676312590244
100 145 -0.066286368663032003
100 146 -0.065845570177229695
100 147 -0.070235033251518683
100 148 0.064695118881397534
100 149 -0.036318806598211795
101 102 -0.026202846302941545
101 103 -0.068811464092592561
101 104 0.031529382745831017
101 105 -0.1639348993635881
101 106 -0.16664276412503704
101 107 -0.0094867552238323931
101 108 0.20718430941815105
101 109 0.11164819454968083
101 110 -0.15415478605043592
101 111 0.0023197235085017911
101 112 -0.090121397554767252
101 113 -0.044798499334798382
101 114 0.065197050614105315
101 115 -0.0076712270123909902
101 116 0.015243051858482768
101 117 0.063278375325247785
101 118 0.10468388858587702
101 119 -0.096861194212062518
101 120 0.074277277342283413
101 121 -0.11320797675690404
101 122 0.07332922402519057
101 123 -0.03144772192166128
101 124 0.014330879762238808
101 125 -0.14182870096758529
101 126 -0.010889638643790025
101 127 -0.067994922974866132
101 128 -0.042314117754556381
101 129 0.035425926435118917
101 130 -0.019555552353384652
101 131 0.041998319088546024
101 132 0.083852232330361862
101 133 0.11663153412974984
101 134 0.0011578942080073319
101 135 0.069535923166903657
101 136 -0.0021873593634198977
101 137 -0.0305167384207891
101 138 -0.021941427462445741
101 139 0.045021267612153033
101 140 -0.031551716120185931
101 141 -0.0018476718549428829
101 142 0.10970747295361445
101 143 -0.025663510150972377
101 144 0.025624132395039259
101 145 0.013449616892086501
101 146 0.14458591374632052
101 147 0.11505119652911523
101 148 -0.15280943866593719
101 149 0.037703233916329418
102 103 -0.062725850294233318
102 104 0.14646279553726008
102 105 -0.13375088885398476
102 106 0.076928814271979368
102 107 0.049550397407512319
102 108 0.083432767728369009
102 109 0.11518737294036914
102 110 0.0547992542224367
102 111 0.0062873075102516324
102 112 -0.01034803697859441
102 113 0.025112849063878923
102 114 -0.071469212527183523
102 115 0.045844760152554682
102 116 0.10301412802531908
102 117 -0.15267237274900655
102 118 -0.036247973568386244
102 119 0.047696779084146879
102 120 0.10601341338886643
102 121 0.091614337249409233
102 122 -0.071192307785560932
102 123 -0.0064499598562664014
102 124 -0.16967612238406732
102 125 0.067660742015041256
102 126 -0.094229497900394005
102 127 0.0086532941154794287
102 128 0.030219033882579835
102 129 0.08997053025766949
102 130 -0.046412620983884011
102 131 0.010609173715975919
102 132 -0.087847552994049796
102 133 0.06383535554615459
102 134 0.016111261884116768
102 135 -0.071289603428203493
102 136 -0.0039798280741310194
102 137 0.0069393683673058155
102 138 -0.036880407851916673
102 139 0.089770933878166842
102 140 -0.13506471446504748
102 141 0.066656655304555334
102 142 -0.058526960859532899
102 143 0.044484670452755684
102 144 0.063253857151936127
102 145 0.061521522940114939
102 146 -0.038676146600529336
102 147 0.079958957902947825
102 148 0.065777935363818721
102 149 -0.077074939418099578
103 104 0.064277635796828686
103 105 0.077220264597350916
103 106 0.018644210674458126
103 107 0.042830406021058844
103 108 -0.14586393353056662
103 109 -0.15807308855214036
103 110 -0.035708388025919226
103 111 -0.020194100069420583
103 112 -0.13580173664872613
103 113 0.015693181688033995
103 114 -0.067948168181826279
103 115 0.029462238494459683
103 116 0.076100383284042603
103 117 0.033336251344947852
103 118 -0.081132310313406952
103 119 0.058918494006163398
103 120 0.086500660008608829
103 121 -0.10598228046822421
103 122 0.126300354520411
103 123 0.13233166687815501
103 124 0.035802824189390792
103 125 -0.011004436514830334
103 126 -0.07074484649479193
103 127 -0.01012464228414842
103 128 -0.0058373863799252041
103 129 0.043561903052147403
103 130 -0.0021925904500798964
103 131 0.034812734030751524
103 132 0.023058898918461183
103 133 0.056808287123775829
103 134 0.10857093313582633
103 135 0.00075747624747836862
103 136 0.065228365946513073
103 137 0.090611296629843713
103 138 -0.10758897950250526
103 139 -0.00033144071090369687
103 140 -0.10333879767137774
103 141 0.14203289180691364
103 142 -0.015354625685800267
103 143 -0.00089168550742691941
103 144 -0.047355583814527959
103 145 -0.010080713344788947
103 146 -0.052464914208926246
103 147 -0.07807618956529358
103 148 -0.035016500570927409
103 149 -0.037372082217524583
104 105 0.19674639250712378
104 106 0.14604786301757841
104 107 -0.019457512926899154
104 108 -0.030178538929469739
104 109 0.046601872805560753
104 110 0.026491143535561933
104 111 -0.014103780910757407
104 112 -0.057276750602446407
104 113 -0.0094857982585689303
104 114 0.019204921185049854
104 115 -0.090448678069762603
104 116 -0.16178945712090068
104 117 -0.010768053643241465
104 118 0.15444269321845791
104 119 0.15314400894935204
104 120 0.18972634065988472
104 121 -0.094696601360577115
104 122 0.12226200679616646
104 123 0.11157584679555524
104 124 -0.072363337910756859
104 125 0.12414948491637801
104 126 0.02364087590451865
104 127 0.022268608816023095
104 128 0.010571922178519783
104 129 0.024407902446337639
104 130 -0.046560100171754819
104 131 -0.065933462602947426
104 132 -0.13845031118791654
104 133 0.044610336656583302
104 134 0.065265838747691332
104 135 0.035873366792230757
104 136 -0.0040343241249896208
104 137 0.13570186862834083
104 138 -0.062312124018689366
104 139 -0.021795116466494697
104 140 0.010786579079309131
104 141 0.01558362801053409
104 142 0.0083223545145448205
104 143 -0.10662370877932884
104 144 -0.019031545491120898
104 145 0.042258447741713279
104 146 0.045343444734077767
104 147 0.034401349829747435
104 148 0.10012535479694712
104 149 -0.0035545472205404964
105 106 -0.070665021578432283
105 107 -0.12891451468283632
105 108 0.067409839457166956
105 109 0.045533789233031613
105 110 -0.040844872636528744
105 111 -0.036686600294922565
105 112 -0.0060205584994469825
105 113 -0.0044359558670021126
105 114 0.10838864804357239
105 115 0.088356637807842947
105 116 -0.078051177918060613
105 117 -0.088381920969722888
105 118 0.079496424507152566
105 119 -0.026121993556685975
105 120 -0.15907492526340944
105 121 0.010698404034107194
105 122 -0.18648301859035227
105 123 -0.043340984039118659
105 124 0.018673014493825617
105 125 0.044955818671207855
105 126 -0.030629156427912255
105 127 0.039461614471971135
105 128 0.077215173627903796
105 129 -0.10422326870148753
105 130 0.0041192345646234906
105 131 0.10554804230468691
105 132 -0.031320069670136036
105 133 0.061560362779013687
105 134 -0.21448107260796223
105 135 -0.12584257989017841
105 136 -0.10831575741154068
105 137 0.00036620711612362126
105 138 0.076411130852522546
105 139 -0.046677372817632845
105 140 0.0018584546970716121
105 141 0.13243706103606756
105 142 0.0061423853960161749
105 143 -0.078461260960970058
105 144 0.03689969166087851
105 145 0.0075332156904204363
105 146 0.004522608511462814
105 147 -0.13953376474147625
105 148 -0.024584220637918711
105 149 0.0067441383768330337
106 107 -0.12414223960148248
106 108 -0.031247395064045436
106 109 0.077247151864228203
106 110 -0.032892757218399009
106 111 0.069704599531563105
106 112 0.012945822410510108
106 113 -0.019792695647511269
106 114 0.18292536296175846
106 115 -0.05528204485165325
106 116 -0.10746493558553794
106 117 -0.053019733510218943
106 118 -0.054798707160952961
106 119 -0.10337844512785663
106 120 -0.021205107392423178
106 121 -0.037025131409958924
106 122 -0.028428518349546801
106 123 -0.012764313180097419
106 124 -0.077383302329880499
106 125 -0.061829810525878041
106 126 -0.12414875925754239
106 127 0.014905811847616865
106 128 -0.034734641137595605
106 129 0.020901130682494915
106 130 -0.14672284500089866
106 131 0.0051573449853497119
106 132 -0.054747233035275594
106 133 0.010975226036065626
106 134 0.023821511429973029
106 135 0.044081458275936493
106 136 -0.027162227459901718
106 137 0.037966570170496441
106 138 0.1534195564410939
106 139 -0.019664052255827322
106 140 -0.10316185846667297
106 141 -0.015439034787229799
106 142 -0.12773268275014726
106 143 -0.11913162464535523
106 144 -0.1403024321971636
106 145 -0.017934522363248183
106 146 -0.040251628118031992
106 147 0.012963017364909799
106 148 0.021675798690642532
106 149 0.0050346477231942993
107 108 0.063610663897940387
107 109 0.063381647166875429
107 110 0.0024443300026982142
107 111 -0.081894640287763013
107 112 0.024295610322202905
107 113 0.066179947491086091
107 114 0.012830996008516957
107 115 -0.031219396410861425
107 116 -0.080626891639182741
107 117 -0.073054033715323305
107 118 0.061862622900023111
107 119 -0.07139441500818601
107 120 0.066506398215995868
107 121 0.0074152994206696399
107 122 -0.017422930659542979
107 123 0.12278005043519001
107 124 0.045495282778694024
107 125 0.032911263675167467
107 126 0.10134905078411975
107 127 -0.02353327198954409
107 128 -0.052987323612062792
107 129 -0.014163897707246281
107 130 0.000901793439364159
107 131 0.033196879737266469
107 132 -0.007354217656155254
107 133 0.037485509313315561
107 134 0.0095274337492449283
107 135 -0.00076994362681265152
107 136 0.034934287143100172
107 137 -0.049598829581013901
107 138 0.037236733012979403
107 139 0.14028704210510068
107 140 0.048013840480056448
107 141 0.019904271048327954
107 142 0.069934928765808729
107 143 -0.063289453068744089
107 144 0.1720954505424766
107 145 0.030762961698383752
107 146 0.016090735052329226
107 147 -0.002328300015523959
107 148 -0.12263700043329845
107 149 -0.007963706190575931
108 109 -0.049342600407387811
108 110 0.019560325751852795
108 111 0.0034426271324980518
108 112 -0.08011170919931733
108 113 0.069875852220870921
108 114 -0.053192774544776479
108 115 0.022668811352413182
108 116 -0.078929548901886082
108 117 0.10680077238577106
108 118 -0.081568226610449254
108 119 0.0023606165124109299
108 120 -0.10742880481272318
108 121 0.095304779832178554
108 122 0.045828979759523436
108 123 -0.093440945996178845
108 124 0.095872262632535343
108 125 0.13461636183342618
108 126 0.017281986258125579
108 127 -0.028210027885223806
108 128 0.076715691823938781
108 129 -0.0073509959565673764
108 130 -0.14207843066922185
108 131 -0.076934159243751216
108 132 0.07741530500800417
108 133 0.028274600727918826
108 134 0.044452891370794653
108 135 -0.021958183948529372
108 136 0.095026343056983764
108 137 -0.050981128867656531
108 138 0.017537212178365642
108 139 0.00078576904759699803
108 140 0.0093753000028754026
108 141 0.098109593743861578
108 142 0.04712810898504375
108 143 0.0051943074069760366
108 144 -0.088799810854081548
108 145 -0.08195469498858185
108 146 -0.08929530214921845
108 147 -0.022987933535062899
108 148 0.084930699838289575
108 149 0.16127264594490118
109 110 0.010147301445217168
109 111 -0.20247834354580405
109 112 -0.0095010989985970587
109 113 -0.082569555966832645
109 114 0.10727511675248833
109 115 -0.09587857521527178
109 116 -0.05294501322703233
109 117 0.033027590887133564
109 118 0.02646833197232451
109 119 -0.0237183079465937
109 120 0.020202058569774663
109 121 0.023582054159291248
109 122 0.12560274251658482
109 123 -0.041139673699841325
109 124 -0.012259161109597714
109 125 0.034984059060075887
109 126 -0.022033178037557964
109 127 0.18395919909861422
109 128 -0.094768596643919456
109 129 -0.06587287458466215
109 130 0.019226075196245546
109 131 -0.024530006609708936
109 132 0.11992036487081066
109 133 0.25425363548733965
109 134 0.0038517163324738395
109 135 0.017934658733413267
109 136 0.11107011235160819
109 137 0.012844561250007384
109 138 -0.020476349482179426
109 139 0.096537944680929563
109 140 0.006379559078454191
109 141 -0.048551815084918293
109 142 0.14371787580726886
109 143 0.10419029612763586
109 144 0.024934433067338974
109 145 0.10130240265648494
109 146 0.10509417869139663
109 147 0.033103640448819596
109 148 0.015241136111089026
109 149 -0.041132546761099627
110 111 -0.045232962063968693
110 112 0.06758181274067479
110 113 -0.065715036371233368
110 114 -0.053552964826125753
110 115 -0.065443827243515426
110 116 0.011028648936096428
110 117 -0.003068790017536275
110 118 0.031645343955345802
110 119 -0.062490865423118387
110 120 -0.09014428693750233
110 121 -0.12788942318608704
110 122 0.11794153263823375
110 123 0.045618667049932088
110 124 0.13632435477711854
110 125 0.085270729637670309
110 126 0.09660517703147993
110 127 -0.085648631541490494
110 128 -0.090472055292920892
110 129 0.01014583802011711
110 130 -0.098695158770734259
110 131 0.093499932077734327
110 132 -0.087294471538819363
110 133 0.040023068407552514
110 134 -0.061896826173935153
110 135 -0.0074534421647371478
110 136 0.12051699336983838
110 137 -0.049652810210886307
110 138 -0.053362581782062678
110 139 0.027380708739084887
110 140 0.057748277679422734
110 141 -0.036079015119259233
110 142 0.030481612505426851
110 143 -0.042819905642079333
110 144 -0.15757276493536695
110 145 0.029092129358792015
110 146 0.20726334277816091
110 147 0.019276255417436512
110 148 0.080177468016282102
110 149 -0.037453364985295542
111 112 -0.065270631081093627
111 113 0.030185665499373817
111 114 0.11567630882957669
111 115 0.11930632735613352
111 116 0.055738641908831939
111 117 0.047262207892030644
111 118 -0.061665856243544641
111 119 -0.081088449540359167
111 120 -0.018090241899876056
111 121 0.05966079693631459
111 122 0.013633304690781198
111 123 -0.055488226509287635
111 124 0.093442969782077334
111 125 0.13196641412568064
111 126 0.063342429829881933
111 127 0.053886130863095801
111 128 0.074131500619387322
111 129 0.079563478341024008
111 130 -0.071688993275756757
111 131 -0.080798235934259013
111 132 -0.17787898292613413
111 133 0.17009980767578106
111 134 0.03453153284859594
111 135 -0.014355814308281378
111 136 0.0049669786130559623
111 137 0.097494815685524025
111 138 0.033780634502457274
111 139 -0.15654804602726685
111 140 -0.026177215088395638
111 141 0.039775966558322641
111 142 -0.12964792754844767
111 143 -0.0045293239047119521
111 144 0.04600030130861537
111 145 -0.10899662614500444
111 146 0.0051388378084189241
111 147 0.052431297878887749
111 148 0.057065761819288789
111 149 -0.091428651926285326
112 113 0.032833577734832732
112 114 0.09737407924754117
112 115 0.081009183850702951
112 116 -0.04787596664627753
112 117 0.16079882838173826
112 118 0.14205387068469028
112 119 0.031888148543272286
112 120 -0.014141477188147962
112 121 -0.036254452950017349
112 122 0.092132988425835227
112 123 -0.11413402125260148
112 124 0.14139664508046587
112 125 -0.13982740221457213
112 126 0.034166107532315165
112 127 -0.045452314840426368
112 128 0.022195130425547577
112 129 -0.10364967288960368
112 130 0.038232964389507379
112 131 0.12421513636914623
112 132 -0.099794110052025042
112 133 -0.021361476871810073
112 134 0.093735631302227701
112 135 -0.14976886266812237
112 136 0.03975538960964918
112 137 -0.18428282329083878
112 138 0.081173475783593227
112 139 -0.020228678600799077
112 140 0.048780297966250198
112 141 0.096920628457558292
112 142 -0.1129529341106548
112 143 -0.036671366759039564
112 144 0.062137717455251318
112 145 -0.031555150201480781
112 146 -0.011076139145969541
112 147 -0.0342664960264802
112 148 -0.037353821624143517
112 149 -0.054082338233679382
113 114 -0.0067449368671696165
113 115 -0.15183452559440377
113 116 -0.081931761956613225
113 117 0.047874654004675811
113 118 0.021279116648265591
113 119 0.03918699596586709
113 120 -0.041583513611071009
113 121 -0.039802270936168622
113 122 0.11069343538308614
113 123 0.026503576913665828
113 124 -0.13869366113625628
113 125 0.062891454446763237
113 126 0.027500213983443687
113 127 0.12179699872011118
113 128 0.029136234024976664
113 129 -0.13283303951665903
113 130 -0.026963417191297249
113 131 -0.024610598692495225
113 132 0.14781840015733341
113 133 0.12004877931550847
113 134 -0.073004767190118933
113 135 0.12720016972452455
113 136 0.10259448469777005
113 137 0.06076592139000371
113 138 0.00095865756609383936
113 139 0.078221946915325538
113 140 -0.14209342258482813
113 141 0.015321763257607314
113 142 -0.05731685448309437
113 143 -0.079840057191489844
113 144 -0.068182430633914742
113 145 -0.058673948462149871
113 146 0.024188171783680563
113 147 -0.064778461873413531
113 148 0.07881359862672549
113 149 0.012276951372380997
114 115 0.062221443161015563
114 116 -0.23054438455474957
114 117 -0.064841469489545958
114 118 -0.050122075269977771
114 119 0.015097942923232573
114 120 0.10353676539040121
114 121 0.18444728385714496
114 122 -0.062618314426160782
114 123 0.00090893025304443335
114 124 -0.082932224089179496
114 125 -0.083698293314586669
114 126 0.020469985456318868
114 127 0.065373684869060006
114 128 0.015665970560582058
114 129 0.040990824804881185
114 130 -0.021456659684831823
114 131 -0.077157914599631686
114 132 -0.028557088370564566
114 133 -0.11261056477650075
114 134 -0.05450827841490398
114 135 0.161394463965017
114 136 -0.05598541398928817
114 137 -0.065843067495205382
114 138 -0.17180127086216965
114 139 -0.011549799010254066
114 140 0.0014162321011002737
114 141 0.05373934757025884
114 142 -0.052917223698266055
114 143 -0.1046883014646042
114 144 -0.10904592403491933
114 145 0.0090026360355574941
114 146 0.043819785835450556
114 147 0.052850651815624129
114 148 -0.0095034135228942423
114 149 -0.023684285149274103
115 116 -0.092700586599199566
115 117 0.12537024500200081
115 118 0.10974266794208129
115 119 0.04735749743465234
115 120 0.20781512347778591
115 121 0.074113867628475771
115 122 -0.020017347617506846
115 123 0.089689216599350002
115 124 -0.017990490867300101
115 125 0.0099667520639097149
115 126 -0.0039312180699428018
115 127 -0.07407010767645715
115 128 -0.010447544196930293
115 129 -0.056465461095726886
115 130 0.069475490607911486
115 131 0.037970231420294293
115 132 -0.030569363588609226
115 133 -0.04512131763706851
115 134 -0.048988510144165658
115 135 -0.079913701968267747
115 136 -0.027706649118732642
115 137 0.097581882632364628
115 138 -0.0034507804292563155
115 139 -0.086136659326202986
115 140 0.060160005862455866
115 141 0.035622844166747457
115 142 -0.025115426369482899
115 143 -0.044954596830050986
115 144 -0.10400092940055392
115 145 -0.064751414500939769
115 146 -0.035160917246088962
115 147 0.1303425621218437
115 148 0.033168997175696657
115 149 0.0065266207188244612
116 117 0.0069966531363916526
116 118 0.038907490477726688
116 119 0.086602956332551592
116 120 -0.043341386493675992
116 121 -0.22124263963018817
116 122 -0.13866298207205949
116 123 -0.058514584395167782
116 124 -0.0136887440633266
116 125 0.070748207306332772
116 126 0.016741386119989116
116 127 -0.012104794609055305
116 128 -0.078150154026115429
116 129 -0.033877178548229005
116 130 0.12729643300718055
116 131 -0.092296635888831677
116 132 -0.080021265190101082
116 133 0.064825781255889503
116 134 0.066361161732848992
116 135 -0.0085857038232881357
116 136 -0.028710960303433536
116 137 0.067259951249008909
116 138 0.032731775923494584
116 139 -0.11438899726392776
116 140 0.038930550197573369
116 141 0.070718698538664831
116 142 -0.026927648253534588
116 143 0.066900314517875134
116 144 -0.13182591335459887
116 145 -0.057774177917493619
116 146 -0.11935831781488669
116 147 -0.015494742633324244
116 148 0.054368547392274237
116 149 -0.060195720076911333
117 118 0.037149328229754412
117 119 0.039973826654215984
117 120 -0.013436112947409425
117 121 0.011694590841096706
117 122 0.15534506280644164
117 123 0.073487572480926688
117 124 0.18504531966290225
117 125 0.05528849871949975
117 126 0.10747993595257371
117 127 -0.033527984793044224
117 128 -0.029621959950403259
117 129 0.025241216253934207
117 130 -0.095270796837376048
117 131 0.13488943363184666
117 132 0.047438689218345764
117 133 -0.14500446669523942
117 134 -0.099491293176888082
117 135 -0.055817057745038763
117 136 0.025224900119662497
117 137 0.049881095626602159
117 138 0.1342658291895551
117 139 0.017584502459075457
117 140 0.11876690575438856
117 141 0.012690050640675429
117 142 0.048475366992159354
117 143 0.07660558528163447
117 144 -0.019463794458875545
117 145 -0.0073379642697469702
117 146 -0.007893488257503134
117 147 0.089415841192110698
117 148 0.049566103805810169
117 149 -0.038658982011181529
118 119 -0.085477893294126292
118 120 -0.032372737486843148
118 121 0.033806396571000041
118 122 -0.21402792114182656
118 123 -0.15736693299186508
118 124 0.074137253543757636
118 125 0.022354685340055459
118 126 0.16299480497798938
118 127 0.081814584573050783
118 128 -0.13527621827288691
118 129 -0.15163573981538778
118 130 -0.094576034672675044
118 131 0.0092060013342884096
118 132 -0.055391667798624693
118 133 -0.0075441076943230595
118 134 0.047005751024495092
118 135 -0.10268344618922974
118 136 -0.03879698638270232
118 137 -0.06418405866635124
118 138 0.038781387638083344
118 139 0.063732312231894281
118 140 0.050515418567427639
118 141 0.018227114219028125
118 142 -0.011972769227769204
118 143 0.10860967539426454
118 144 -0.075231781216834409
118 145 0.068495338659409141
118 146 0.032570612883487345
118 147 -0.1441862440511649
118 148 -0.031659416941176841
118 149 0.047437205282330551
119 120 -0.12962142662196163
119 121 -0.0041316162193691334
119 122 -0.051583392143515441
119 123 -0.037429793135559691
119 124 -0.011046748459319121
119 125 -0.0069529013623738809
119 126 0.0062259849115822849
119 127 0.10566599013977411
119 128 0.052791673583814279
119 129 0.18219523395789244
119 130 0.058232041933997836
119 131 0.09346612884474842
119 132 0.00098031263600373633
119 133 0.14514624260649966
119 134 0.048359882571370041
119 135 0.15115642693862608
119 136 -0.058572605522595571
119 137 -0.049633897859509016
119 138 0.04985035645012087
119 139 0.094119019912506263
119 140 -0.14750001675304997
119 141 -0.1049546501198759
119 142 0.025727972605625603
119 143 0.017883791008722089
119 144 -0.10083043492900416
119 145 -0.038990339135898361
119 146 0.070801267013699681
119 147 0.073682011356039773
119 148 0.075775794628388876
119 149 0.10838184396745212
120 121 0.13175596255730312
120 122 -0.073325785866779278
120 123 0.073680191897993436
120 124 -0.06520491303266672
120 125 -0.061565805492506995
120 126 -0.0092449324468723334
120 127 0.081744810742708354
120 128 -0.047277787143986102
120 129 -0.045311724164636295
120 130 0.024157768241412959
120 131 -0.035233261924635155
120 132 -0.05232125160184499
120 133 -0.050264569713334442
120 134 0.01332962425734281
120 135 0.092605514998807703
120 136 -0.087422594393142483
120 137 0.0081055304780420796
120 138 0.083079040280987906
120 139 -0.13599072231808909
120 140 -0.023184539624492743
120 141 0.13556943468736399
120 142 0.13060861082308303
120 143 -0.012693354169233289
120 144 0.096221537506163954
120 145 0.079952794864051449
120 146 0.18950483605524313
120 147 -0.015259586041689551
120 148 0.078424603487517841
120 149 -0.042171929566314777
121 122 -0.05416888198970058
121 123 0.055013869346852047
121 124 -0.10742741516799831
121 125 -0.012470698575901842
121 126 0.14579370647654014
121 127 -0.0083094098072582206
121 128 0.026367738729273536
121 129 -0.11328462720724707
121 130 0.046771047671357237
121 131 -0.033945117077349707
121 132 -0.08272472158128881
121 133 -0.030340168637752789
121 134 -0.10825921782606031
121 135 0.046050826721194496
121 136 0.0962906147450516
121 137 -0.11087414540827016
121 138 -0.023451342999660833
121 139 0.15450052804598483
121 140 0.045457766111260768
121 141 -0.069568452405905673
121 142 0.048900537419015899
121 143 -0.034635508940804312
121 144 -0.15290278839930921
121 145 -0.036427855547048076
121 146 0.081750171364771335
121 147 0.01656332966836006
121 148 0.14389192518486768
121 149 -0.12656808062167074
122 123 -0.10415364608538161
122 124 -0.11258985592310815
122 125 0.12701327839551516
122 126 -0.032341315260528837
122 127 0.061317312673936392
122 128 -0.029819741389077802
122 129 0.060930305274016064
122 130 -0.12720611084883857
122 131 0.084080433816461755
122 132 -0.012726579541949369
122 133 0.15732974048960738
122 134 0.049020746970821386
122 135 0.028965345652012236
122 136 0.12877673948928312
122 137 0.07485951053551225
122 138 -0.051041208200715643
122 139 0.095905797064252202
122 140 0.017329286073323829
122 141 -0.18034290243896042
122 142 0.079794151675023933
122 143 -0.037614956639468948
122 144 -0.074306154155964033
122 145 0.0078211937592447787
122 146 0.039541694658281473
122 147 -0.028937831945896584
122 148 0.076291918933004951
122 149 -0.0004216741594343593
123 124 -0.0089435575673883529
123 125 -0.078985555997435911
123 126 -0.046753388929947105
123 127 -0.092891820063086245
123 128 0.035117400413357105
123 129 -0.11582403615772235
123 130 0.061519155750297448
123 131 0.015879374209605324
123 132 0.080508460907159463
123 133 0.029048188779175123
123 134 -0.017316095728787565
123 135 0.046171508510682968
123 136 -0.066128137913747262
123 137 0.11959156728822738
123 138 -0.073631248399700755
123 139 0.068756307392552216
123 140 -0.042444803409394639
123 141 0.011048411999380316
123 142 -0.036745995229776798
123 143 0.0010417928447240949
123 144 -0.12971065617655383
123 145 0.080427789000364708
123 146 -0.15055641252338911
123 147 0.028426863538924478
123 148 0.032782519885349304
123 149 0.078489684775482904
124 125 0.048298066547865615
124 126 0.054389565046722654
124 127 0.058288055949873033
124 128 -0.066496771800586427
124 129 -0.15274737956032308
124 130 -0.039714634268479494
124 131 -0.049605149333748939
124 132 -0.029850312835187184
124 133 0.02574241616881431
124 134 0.036729706823196415
124 135 0.0075289632178815969
124 136 0.053212825939066996
124 137 0.12587583852346912
124 138 0.017438272407615182
124 139 0.087431415598296008
124 140 0.088413215344540011
124 141 -0.011955502402502784
124 142 0.14184110483429382
124 143 -0.13209805848239814
124 144 -0.075649290892228507
124 145 -0.038675786403684111
124 146 -0.046275301780132096
124 147 0.0020645266715460745
124 148 0.022231892056577645
124 149 0.0047419398035603733
125 126 -0.042364667093942453
125 127 0.027075984297650076
125 128 0.0034903516004828393
125 129 -0.071766965258641055
125 130 0.0070779272531215189
125 131 0.13094829987190915
125 132 0.0133762384323365
125 133 -0.073944669410297634
125 134 0.076268543113643658
125 135 -0.023629762697045552
125 136 0.00071547266408803845
125 137 -0.1117850860498755
125 138 -0.038870337168373945
125 139 0.085622636391904761
125 140 -0.056368138775706025
125 141 -0.17539263835927829
125 142 0.10469822007770761
125 143 -0.038331430265645144
125 144 -0.0027143964242161982
125 145 0.10235113969490672
125 146 -0.091016478783721294
125 147 0.099456142984633539
125 148 -0.0060923528125452304
125 149 0.047045335252340968
126 127 -0.054034475824596598
126 128 0.10278237306021781
126 129 0.09883137031063749
126 130 -0.025527617888598596
126 131 -0.042709230175406322
126 132 -0.11538641084510817
126 133 -0.038543935328380123
126 134 -0.011306337446007751
126 135 0.043061447427911875
126 136 -0.10582213144956168
126 137 -0.14548631758055652
126 138 -0.000214626784720475
126 139 0.077849757830496649
126 140 -0.017031580856260109
126 141 -0.048831758091797302
126 142 0.0088993212358548183
126 143 0.029016418310277729
126 144 0.021398965499831755
126 145 0.10565216228617083
126 146 -0.056599184367401766
126 147 -0.071746049671582476
126 148 -0.0059447067804201913
126 149 0.11498697790637874
127 128 -0.026010108968188783
127 129 -0.10741549649652821
127 130 0.05625601268927654
127 131 0.11970211678135645
127 132 -0.24033906818582945
127 133 0.070092372915512555
127 134 -0.09678839213482239
127 135 -0.11617528462438087
127 136 0.00087656314262226536
127 137 -1.7131070508837056e-05
127 138 -0.044365573466124436
127 139 -0.010632899191372523
127 140 0.067468162601840242
127 141 -0.13214334103941577
127 142 0.0088561592626738225
127 143 0.13870586363265522
127 144 0.023962835791800974
127 145 -0.027833622048890599
127 146 -0.087777866601794569
127 147 -0.033536837271479394
127 148 0.044965360285804078
127 149 0.098492237445281128
128 129 0.0088207600507499897
128 130 0.055950724557448227
128 131 0.083794544742110746
128 132 -0.023095559303656584
128 133 0.024576204761668826
128 134 0.03209158070625704
128 135 -0.11209941665326004
128 136 0.018388199757519347
128 137 0.059981052414683413
128 138 0.050194903644564567
128 139 0.012042140286794942
128 140 0.15074690760810436
128 141 0.019136932630611458
128 142 0.13176071934340447
128 143 -0.010045281749441803
128 144 0.057397098185979392
128 145 -0.059008253102284504
128 146 -0.030233493753209575
128 147 -0.039404694137423125
128 148 -0.20260072058006343
128 149 0.012996668646806367
129 130 0.068050672897739639
129 131 0.10469369259947661
129 132 -0.035378532771841942
129 133 -0.042472798158209576
129 134 -0.090139673266896717
129 135 0.12719421935713654
129 136 0.017804481694075513
129 137 0.051125288546200222
129 138 0.074145229964824616
129 139 0.14106076185509234
129 140 -0.016391694149936038
129 141 -0.043215972316865671
129 142 0.10298512575114384
129 143 0.045811449508998875
129 144 0.021456843956837317
129 145 -0.0021203288474162139
129 146 -0.07846987334329282
129 147 -0.018512313114631029
129 148 0.036933131693245372
129 149 -0.030813263278120406
130 131 0.10958022537512857
130 132 -0.09778674570900163
130 133 -0.043405640666952384
130 134 -0.06165946252059467
130 135 -0.1131724715032766
130 136 -0.10142037773171858
130 137 0.010328255784748389
130 138 0.15189683908401461
130 139 0.0074802498155393596
130 140 0.063599600980967813
130 141 0.13023975950385713
130 142 0.087029379271614096
130 143 -0.043041682808644392
130 144 0.042731348629692661
130 145 0.053866764638072086
130 146 0.046910262411003788
130 147 0.081974314823768116
130 148 0.15799192977277887
130 149 0.12621665269438745
131 132 0.15914772351037459
131 133 -0.014412147726452091
131 134 0.037607635462830455
131 135 -0.080480314492268293
131 136 0.011569870831279536
131 137 -0.011940461800949114
131 138 -0.0067272156715381748
131 139 0.020091246399008188
131 140 0.0030726876501903965
131 141 -0.16852187423704298
131 142 0.19521047221443311
131 143 0.0061604235784656174
131 144 0.13834814042448235
131 145 0.030751737010237874
131 146 0.10575689799100407
131 147 0.023442347249228064
131 148 -0.089843512762311867
131 149 -0.097430568686226987
132 133 -0.0056327131885929426
132 134 0.20704122952820664
132 135 -0.01306872742606908
132 136 -0.031135785800697268
132 137 0.047231423447799195
132 138 -0.0003353184234624226
132 139 -0.088352100146694174
132 140 -0.16951006548654207
132 141 0.0063514959032787265
132 142 0.13425914870512681
132 143 0.10731996602388151
132 144 0.0036553303759478241
132 145 0.15426077937031973
132 146 -0.062931775191944955
132 147 -0.082976987877575042
132 148 0.077229621213880634
132 149 0.056174043668543346
133 134 -0.088502469892946856
133 135 -0.073945866782069117
133 136 -0.10477849063733716
133 137 0.17724476918375853
133 138 -0.14363550189380078
133 139 -0.0078856086940807136
133 140 0.059177748409544137
133 141 0.072974787517487844
133 142 0.02193748043629621
133 143 0.010794102086042506
133 144 0.035355705580190758
133 145 0.0032267103621438681
133 146 -0.083364136536035985
133 147 -0.072187505450182779
133 148 0.015871615621751045
133 149 0.11572808169446204
134 135 0.055850693827506327
134 136 -0.12910496233248017
134 137 0.028283190371937193
134 138 0.12586531567805659
134 139 -0.1366174899401667
134 140 -0.19134341149188619
134 141 -0.017641261518778175
134 142 -0.19038111147492942
134 143 -0.17448774489813676
134 144 -0.068367574857635852
134 145 -0.034959628308276189
134 146 0.1126814636656658
134 147 -0.017501522401338187
134 148 -0.15416397673593157
134 149 0.018446118956123952
135 136 -0.077051484722929761
135 137 0.011814836613976171
135 138 -0.066196513701897927
135 139 -0.025896184804426181
135 140 -0.0072464323887475608
135 141 -0.06846819486594985
135 142 -0.12234400164219039
135 143 0.12029853214343816
135 144 0.095393695626676517
135 145 -0.084937605857586002
135 146 0.015203721401630817
135 147 0.081516954865367974
135 148 0.012517819052647068
135 149 -0.040900565613846161
136 137 -0.06649002039390757
136 138 0.1131615126027518
136 139 0.034418059860784424
136 140 0.03567469490298221
136 141 0.1595778000108001
136 142 0.030096617849497725
136 143 -0.012671592575392571
136 144 0.095487945319769535
136 145 -0.076492010658277307
136 146 0.14574734121746069
136 147 0.10777178562519978
136 148 -0.13020776886246366
136 149 -0.11366768556186128
137 138 -0.1974080088398133
137 139 0.021337271829120794
137 140 0.068913678486999599
137 141 -0.073939894399083494
137 142 -0.08844775318001076
137 143 0.038398011526428119
137 144 -0.044041298724553868
137 145 0.036195711786494209
137 146 0.057467424354489177
137 147 -0.010202486095231557
137 148 0.012262758745663987
137 149 -0.10077014863939328
138 139 -0.052218888072285356
138 140 0.021694152792478636
138 141 0.06225513795978322
138 142 -0.062449944542134025
138 143 0.042389836922234886
138 144 0.035565160624381559
138 145 0.13352211744976833
138 146 -0.020459017458007267
138 147 0.034502480511840822
138 148 0.01641670514254856
138 149 -0.051652271883691342
139 140 -0.064271020595800754
139 141 0.087278354073864764
139 142 -0.001620369782539987
139 143 0.00056343468854362167
139 144 0.026687904776461765
139 145 -0.047187969131241465
139 146 -0.035734796022020621
139 147 -0.05281154714487607
139 148 -0.023537862949712576
139 149 -0.012604456544377392
140 141 -0.011358584845820408
140 142 0.019521711370717905
140 143 0.17170233412209882
140 144 -0.0396374281431532
140 145 0.059048684551657515
140 146 -0.059916831717839091
140 147 0.063733606245741939
140 148 0.022700113060787099
140 149 -0.11138108131933896
141 142 -0.083060667561558069
141 143 0.005933687058359307
141 144 -0.066921919593242354
141 145 -0.14573275605915789
141 146 0.050395146814970995
141 147 -0.11246143538142966
141 148 0.015782822251504118
141 149 -0.012560692038075069
142 143 -0.12367358195589805
142 144 -0.072686079854750923
142 145 0.016987656704716504
142 146 0.089368678348872396
142 147 0.083289111769435667
142 148 -0.13111036605200946
142 149 0.00764668008365173
143 144 -0.077570658666870837
143 145 0.049278202591203302
143 146 -0.075615271591328442
143 147 0.16880059451030585
143 148 -0.014573245851708405
143 149 -0.03752630496117277
144 145 0.1905529945597603
144 146 0.095739707878298289
144 147 -0.045171445395594673
144 148 -0.14695373495092776
144 149 -0.048604296093561906
145 146 -0.14300604457717597
145 147 -0.0050279316865966253
145 148 0.08179730287256079
145 149 -0.024386027083638028
146 147 0.099004989754614275
146 148 0.083960353053886175
146 149 0.12490782387707293
147 148 -0.033725063032127439
147 149 -0.073637656733218412
148 149 0.077861413467051527
