# model=sk N=100 meanJ=0 seed=10027133 distribution=gaussian field=0 num_fields=100 num_couplings=4950
0 0
1 0
2 0
3 0
4 0
5 0
6 0
7 0
8 0
9 0
10 0
11 0
12 0
13 0
14 0
15 0
16 0
17 0
18 0
19 0
20 0
21 0
22 0
23 0
24 0
25 0
26 0
27 0
28 0
29 0
30 0
31 0
32 0
33 0
34 0
35 0
36 0
37 0
38 0
39 0
40 0
41 0
42 0
43 0
44 0
45 0
46 0
47 0
48 0
49 0
50 0
51 0
52 0
53 0
54 0
55 0
56 0
57 0
58 0
59 0
60 0
61 0
62 0
63 0
64 0
65 0
66 0
67 0
68 0
69 0
70 0
71 0
72 0
73 0
74 0
75 0
76 0
77 0
78 0
79 0
80 0
81 0
82 0
83 0
84 0
85 0
86 0
87 0
88 0
89 0
90 0
91 0
92 0
93 0
94 0
95 0
96 0
97 0
98 0
99 0
0 1 0.043776331203048843
0 2 -0.014502591671907816
0 3 -0.014599939125434705
0 4 0.043350030868929246
0 5 0.085888470208189197
0 6 0.16527813064463259
0 7 -0.21325382247967553
0 8 -0.11769421611104114
0 9 -0.029262244612288574
0 10 -0.10772451745967371
0 11 -0.0065880621956789986
0 12 0.037350509855696698
0 13 -0.038346622386973138
0 14 -0.046091085335253995
0 15 0.061235969130114601
0 16 0.023286612046731502
0 17 -0.0111396707195466
0 18 -0.016770501091824621
0 19 -0.00087280481361816853
0 20 -0.08246718207255993
0 21 0.14187813597825802
0 22 -0.04179586352491807
0 23 -0.03085604105230115
0 24 0.16717324207218484
0 25 -0.044319813729728978
0 26 -0.11718379815875837
0 27 -0.036571198617083099
0 28 0.012034049034577225
0 29 0.065108302669868917
0 30 -0.0072418426828683869
0 31 0.13854829258584167
0 32 0.33188338833464082
0 33 0.11172257228075169
0 34 -0.0046931007630067979
0 35 -0.18704071904492076
0 36 0.061058347980825226
0 37 -0.15691240169714449
0 38 -0.14766974711519665
0 39 -0.070478249406618204
0 40 0.094813218710766811
0 41 0.26133190372084303
0 42 0.060420214126214344
0 43 0.043398963442250638
0 44 -0.051856712004114291
0 45 -0.0011407366173755396
0 46 0.087186927543859788
0 47 -0.019135048643414143
0 48 -0.00028040608879332981
0 49 -0.023620659249579169
0 50 0.0052346023388256755
0 51 -0.054463685189371759
0 52 -0.080016914997933924
0 53 0.062671162433404773
0 54 0.10747742624151957
0 55 -0.22138937828360819
0 56 -0.10546474834975195
0 57 -0.054587543583227163
0 58 -0.24295451930795406
0 59 -0.1117085681374051
0 60 -0.059556445666813208
0 61 0.084235571015352298
0 62 -0.14374734335991143
0 63 -0.0070560608263836536
0 64 -0.20082645967680632
0 65 0.055761204917705899
0 66 -0.024922943156731873
0 67 -0.18561754557200824
0 68 0.12217444729520084
0 69 -0.089326183574288384
0 70 -0.018301318934333205
0 71 -0.025278870905820941
0 72 -0.13039064023133659
0 73 0.041613945488604615
0 74 -0.031790779717954014
0 75 0.086589537409075434
0 76 -0.022896863558683485
0 77 -0.016102056288192331
0 78 0.029609612853025193
0 79 0.059052919491531186
0 80 -0.009885807638752719
0 81 -0.14695446041498897
0 82 0.11755550594674379
0 83 -0.13143519043466384
0 84 0.16291703169453087
0 85 -0.090533092573606797
0 86 0.011204857126460173
0 87 0.096627712581055833
0 88 0.010085416616064881
0 89 0.055920371410388685
0 90 0.088624239497756843
0 91 -0.090084546172860755
0 92 -0.088738706452703445
0 93 0.026914959734684649
0 94 -0.14523174228610727
0 95 -0.040423601679268034
0 96 -0.087675876610666184
0 97 -0.13029384924542972
0 98 -0.16270493839056341
0 99 0.13099892570067936
1 2 -0.13148193543776684
1 3 -0.022536654610481991
1 4 -0.047107117025679726
1 5 0.015081630451961661
1 6 -0.13505767875998217
1 7 -0.015723103867837051
1 8 0.11232810700877038
1 9 0.12928110100768475
1 10 -0.017497088745121653
1 11 -0.056114172466372153
1 12 0.005323205569340253
1 13 -0.077046691284420737
1 14 -0.055083520268105451
1 15 0.080514324831288842
1 16 0.046435647107680493
1 17 0.12709998170049813
1 18 0.015821501930831646
1 19 0.027475720969092912
1 20 0.057470016102782441
1 21 0.2292858704549508
1 22 -0.0017821461536611427
1 23 -0.054604543211630496
1 24 -0.17937711983527641
1 25 -0.06716252274390469
1 26 0.15000664765946736
1 27 0.073688864743581425
1 28 -0.030267965822673184
1 29 0.018177045933340446
1 30 0.068424845777961915
1 31 0.11538999401253805
1 32 -0.01085672568259009
1 33 0.034278205432543687
1 34 -0.036454851317052492
1 35 -0.025770689131379327
1 36 -0.051036460446728119
1 37 -0.18085652822940884
1 38 -0.06679784340813337
1 39 -0.086748111627477476
1 40 0.047814123672067541
1 41 0.24641111437002802
1 42 0.26983557793497476
1 43 0.091112445373110584
1 44 0.065021892260939115
1 45 -0.025685769682630557
1 46 0.010394528240747982
1 47 -0.052223479030696712
1 48 0.064280805819275158
1 49 0.039383149852498966
1 50 -0.046501751459926438
1 51 -0.025545980314677572
1 52 0.0697627260351769
1 53 -0.088730177854966563
1 54 0.01759575668615827
1 55 0.1069184140043775
1 56 0.037452984711175578
1 57 0.03832879355309482
1 58 0.18472407425487505
1 59 -0.027648586374255414
1 60 0.057564628364962227
1 61 0.12083962713448977
1 62 0.059621767492912939
1 63 -0.098848263029105016
1 64 -0.21609195564000028
1 65 -0.10071007417725415
1 66 0.092673841649790478
1 67 -0.072105249326410062
1 68 -0.21438469159900544
1 69 0.035819499795110288
1 70 0.057615225921469962
1 71 -0.0098741115931368501
1 72 0.0087548799977640156
1 73 0.021244453047369535
1 74 -0.051497624689108429
1 75 -0.064009689479251841
1 76 -0.067160917867365652
1 77 -0.10814350088343179
1 78 0.067783439373234777
1 79 -0.11837875564453609
1 80 -0.02002476281870863
1 81 0.03505799867663547
1 82 0.032867193205042632
1 83 -0.064383925506919348
1 84 -0.01032284815954739
1 85 -0.15172666148485481
1 86 0.030885116188951924
1 87 0.042471964521342082
1 88 0.12362032774818309
1 89 -0.017827610767705376
1 90 -0.023409725796482574
1 91 -0.011148884367756705
1 92 0.09056191976081121
1 93 0.010311203227073969
1 94 0.040239366925249251
1 95 0.087912672558662516
1 96 -0.02308106599050708
1 97 -0.026855486839573457
1 98 0.0050490543283853891
1 99 -0.023455956590052989
2 3 -0.11130526637968244
2 4 -0.054113424745062449
2 5 0.036111193336825873
2 6 -0.065382345287025412
2 7 0.076980853776494301
2 8 0.041526476822872367
2 9 0.11891101756458961
2 10 0.013530614738478242
2 11 -0.065400470103854372
2 12 -0.024596146370432351
2 13 -0.045048210664435949
2 14 -0.09389143152999313
2 15 0.094931163755581749
2 16 -0.060851017988926094
2 17 -0.0099631857942127835
2 18 -0.058387799577412941
2 19 0.13642731031480065
2 20 0.038139522609069686
2 21 0.014002819390398595
2 22 -0.039050092406150705
2 23 -0.057528424371227432
2 24 0.056853544833298499
2 25 -0.14080125640844451
2 26 0.18258524806751322
2 27 -0.064679513715331649
2 28 0.13160825215029323
2 29 0.082446378681257704
2 30 0.14336105082652947
2 31 0.0073029026531187856
2 32 -0.081870455221168537
2 33 -0.037392791484383889
2 34 -0.068012479440801618
2 35 -0.041251357777394387
2 36 0.071213863683479844
2 37 -0.088555440607947775
2 38 -0.028590229587991584
2 39 0.080558889421437338
2 40 -0.06298818597414553
2 41 0.015920766726717127
2 42 -0.11501702566978755
2 43 0.03953491861705985
2 44 -0.060710285819523362
2 45 -0.10592747061996458
2 46 0.037176575667719161
2 47 0.045028754471524941
2 48 0.037098797214654665
2 49 0.10385079045769992
2 50 -0.048765098196082622
2 51 0.063853802255912057
2 52 -0.023301081167114258
2 53 0.027611167612963134
2 54 0.082763791876691667
2 55 -0.077880520875837633
2 56 -0.14457751156260698
2 57 0.10503519716072318
2 58 0.021861685142977583
2 59 0.042778463334722315
2 60 -0.075629446302320935
2 61 -0.16110176090304157
2 62 -0.0083901385746949289
2 63 -0.060096139028708209
2 64 -0.017071144273747448
2 65 -0.0038960032863688656
2 66 -0.14293267693316158
2 67 0.093504565612617357
2 68 0.11124807325773162
2 69 0.037696613661638269
2 70 0.069303606857691408
2 71 -0.0011454196172065551
2 72 -0.026707179838193259
2 73 -0.11156066450338203
2 74 -0.13300382456692106
2 75 -0.10127228750854203
2 76 0.023771957311331363
2 77 0.0041828235118293259
2 78 0.0030518585525282256
2 79 0.11483623661768283
2 80 0.08161875314484629
2 81 0.18059178663370132
2 82 -0.0076917234793364977
2 83 0.044578040289449498
2 84 0.11412999207093771
2 85 -0.08342784779658198
2 86 -0.15765857874487613
2 87 -0.14063389719040451
2 88 -0.026486448345644016
2 89 0.099880825991170347
2 90 0.02431988898062952
2 91 -0.098972444505335835
2 92 0.089937030278911451
2 93 -0.029508536698642503
2 94 0.028929956528654429
2 95 0.10621939778690324
2 96 -0.019551061673966905
2 97 0.14278118540287638
2 98 -0.1322243341262912
2 99 0.025015571580496894
3 4 0.094212790273004068
3 5 0.0074922479595809256
3 6 -0.12508481067814528
3 7 0.017171180415518943
3 8 -0.042519551338864196
3 9 -0.1520515482491954
3 10 0.13935309679187219
3 11 -0.016105482838686066
3 12 -0.080924063733165019
3 13 -0.051228843770940641
3 14 0.0823902278226845
3 15 -0.0022795004663285993
3 16 0.096397854884176182
3 17 0.10727659598011551
3 18 0.14888245084811622
3 19 0.040710583311958384
3 20 -0.065984884153540091
3 21 0.11706745940460038
3 22 0.17388368964534215
3 23 0.050901586977719009
3 24 0.036903944379188335
3 25 0.11365208669361403
3 26 0.009187202956400714
3 27 0.076969559079746272
3 28 -0.20888864161487175
3 29 -0.10858702752764243
3 30 -0.11289798955397563
3 31 0.12728518291243321
3 32 -0.090763535080141705
3 33 0.069612843907614574
3 34 -0.005456134828757178
3 35 0.07391548222601349
3 36 -0.10012397806223375
3 37 0.017419712199500885
3 38 0.10638278865908826
3 39 0.062486164372049693
3 40 0.025638119831660439
3 41 0.081037407724248431
3 42 0.09234863704419928
3 43 -0.089584230426163536
3 44 -0.099775911642285012
3 45 0.066445774722067932
3 46 -0.0035453173102420982
3 47 0.046015963042386254
3 48 -0.051287297223991404
3 49 0.082258597934411606
3 50 0.052106893579784791
3 51 0.13329195102470129
3 52 -0.044723595446065342
3 53 -0.018708320253128369
3 54 0.055983343543329817
3 55 0.15708318360401374
3 56 0.021469912220455748
3 57 0.25226259593372252
3 58 0.12300788620308256
3 59 -0.15614038455700613
3 60 0.087484862146891509
3 61 -0.082552289644853283
3 62 0.12179541696295995
3 63 0.11357378942816815
3 64 -0.047793464256166901
3 65 -0.11658004854050459
3 66 -0.024354128991587492
3 67 -0.041727317666025193
3 68 -0.079983638925313849
3 69 0.048520108905840437
3 70 -0.081603870974162662
3 71 -0.058425709984308211
3 72 -0.16122343366232383
3 73 0.060094567589886877
3 74 0.00038550534475324273
3 75 -0.020819023763171875
3 76 -0.20333648555210188
3 77 0.02956381151674551
3 78 -0.089283038363210762
3 79 -0.0046503898906152903
3 80 -0.19209315137221017
3 81 0.014893151255740873
3 82 -0.11650851670318851
3 83 0.053210084917245437
3 84 0.022382443631539507
3 85 -0.063112649086931649
3 86 -0.057356656648770502
3 87 0.18585535018440064
3 88 -0.033404620639804615
3 89 0.12032188905818825
3 90 -0.081476093767698876
3 91 0.060684769843401425
3 92 -0.080245840176090072
3 93 -0.083551763758836411
3 94 0.065885425845195925
3 95 -0.20457939397396055
3 96 0.01831383432326231
3 97 0.036911819039820333
3 98 -0.092028427069999016
3 99 -0.020805830640368693
4 5 -0.16295759394522111
4 6 -0.013427282412780909
4 7 0.01304064043114124
4 8 0.032755065650171687
4 9 0.048985141091609417
4 10 0.07182287221820173
4 11 -0.046001038023804217
4 12 0.023868677612789532
4 13 0.0078613355282256252
4 14 0.019142237779918359
4 15 0.015208188370485397
4 16 0.1037077723203292
4 17 0.067738537949468824
4 18 -0.28956869246736722
4 19 -0.051449915749867958
4 20 -0.12771249985755892
4 21 0.091276473879034134
4 22 -0.10920591455538427
4 23 0.043671820765665698
4 24 -0.13197035240377553
4 25 -0.1045455727249214
4 26 0.12590423474630277
4 27 -0.085442588202567726
4 28 0.035893385985542994
4 29 -0.0084652858345017779
4 30 0.040865469663684248
4 31 -0.070649408092958124
4 32 -0.19906647433466382
4 33 -0.098771079838243278
4 34 -0.035681706972214927
4 35 0.19625649549614063
4 36 0.00058521450419724192
4 37 0.0019013147194932149
4 38 -0.038039081991781208
4 39 0.06570942526008576
4 40 -0.012085513431735945
4 41 -0.18545318237416616
4 42 -0.062491902432913832
4 43 0.049478822057566027
4 44 -0.19124537255925592
4 45 -0.02541925221226829
4 46 -0.021906109819596231
4 47 -0.17809244375826214
4 48 0.021101372661108675
4 49 0.028594676465663684
4 50 -0.010468619333534135
4 51 0.091322480222330568
4 52 -0.048598198034120445
4 53 0.038921907575392573
4 54 0.040913364195191759
4 55 -0.046001736426379634
4 56 0.045193118819277983
4 57 0.0067930081557736046
4 58 -0.042204928150143858
4 59 -0.021854301237607593
4 60 -0.058936253006061846
4 61 -0.021666101006874917
4 62 0.041137403403784974
4 63 0.040557687573559487
4 64 -0.058812036619648324
4 65 -0.083117689178371881
4 66 0.0818833441696451
4 67 0.14315223410382616
4 68 0.21643309523555915
4 69 0.22149347967241298
4 70 0.044717751999643486
4 71 -0.040102926407403337
4 72 0.038011920638896968
4 73 0.21881299621091752
4 74 -0.076544919876839368
4 75 -0.15498892084589649
4 76 0.10993556524277254
4 77 0.090002790638087485
4 78 -0.046249940815777435
4 79 0.050710779419511742
4 80 0.011710355639277964
4 81 -0.1109429721871855
4 82 0.1029277376157169
4 83 -0.14670486590154971
4 84 -0.014915106683879254
4 85 -0.035642133131290832
4 86 0.08308383943716123
4 87 0.007427145828214513
4 88 -0.1333323860994324
4 89 -0.010739513891447734
4 90 -0.020371638713049353
4 91 -0.041409425153301316
4 92 -0.050102895891326819
4 93 0.032638748549677757
4 94 0.010197628699830999
4 95 -0.21793112089049971
4 96 -0.062151175211829945
4 97 -0.055475122810513366
4 98 -0.022512301880661306
4 99 0.19856384286317563
5 6 0.025233123314656148
5 7 0.071695467864909754
5 8 0.020739662276345119
5 9 -0.076528875812986397
5 10 0.18388120746175518
5 11 0.0025386300955835897
5 12 0.080930976503161986
5 13 -0.10322751764788476
5 14 0.076007133555139772
5 15 0.046661999036414409
5 16 0.0045111837765033774
5 17 -0.24245100246927953
5 18 -0.080992045462572715
5 19 -0.10903243231811283
5 20 -0.0014591431919327971
5 21 0.055983311858787459
5 22 0.27237239592724577
5 23 0.085094931106495603
5 24 -0.13723343082194214
5 25 -0.086178036480657555
5 26 -0.010604244864699776
5 27 0.029844575532233138
5 28 -0.035667744685511808
5 29 -0.1084363507017083
5 30 -0.103712101509157
5 31 -0.13923666686545499
5 32 0.028239020926610677
5 33 0.052731003127614154
5 34 -0.087670949657055269
5 35 0.006863405120448896
5 36 0.050351165154619071
5 37 0.066250425226338228
5 38 -0.15732556304937123
5 39 0.02201418283514564
5 40 -0.23638335324600659
5 41 -0.10436629919320956
5 42 -0.079023112937828821
5 43 0.01116511796378288
5 44 -0.063693060611559535
5 45 -0.1012452840145109
5 46 -0.018836080614721359
5 47 0.037992571453047415
5 48 0.06858570841239206
5 49 0.11478650365098426
5 50 -0.2546636128150872
5 51 0.056895065641072079
5 52 -0.049272493398961253
5 53 -0.10783386378591152
5 54 -0.073232802726086219
5 55 -0.099035459462513145
5 56 0.06157293822794585
5 57 -0.011961871847917124
5 58 -0.00050947652020838236
5 59 0.013729935096507377
5 60 -0.067160100560494471
5 61 -0.033473207918664073
5 62 -0.097163600249274687
5 63 -0.033265194986734019
5 64 -0.022901827237953871
5 65 -0.13845874644586004
5 66 0.12775404061406634
5 67 -0.022218847523372675
5 68 0.098692376898180209
5 69 -0.026264965869383046
5 70 -0.064755476993020686
5 71 0.039484590394679255
5 72 0.17042494041677603
5 73 0.078233987492478577
5 74 -0.059886801388585389
5 75 -0.16861291912900447
5 76 0.012146700848091465
5 77 -0.0046694956809340193
5 78 -0.098604546201254889
5 79 -0.16123631929202892
5 80 0.095557235424124198
5 81 0.11375513214975382
5 82 0.15546602206162197
5 83 0.037233351163991971
5 84 -0.086962346201994431
5 85 -0.064017475819719061
5 86 -0.0039465190061260891
5 87 -0.048095019061086819
5 88 -0.25221316328789495
5 89 -0.034731098499822019
5 90 0.12984619430739641
5 91 -0.18617386683047379
5 92 -0.012691609209225269
5 93 -0.047061002535729764
5 94 0.10367526208942475
5 95 0.072163472662310185
5 96 -0.082590893910870711
5 97 0.11427883610249666
5 98 -0.0092823828481456306
5 99 0.0085808301567932201
6 7 0.045461548672101795
6 8 0.01865584259912921
6 9 -0.13619276678926134
6 10 -0.076878330577187737
6 11 -0.33138452117400435
6 12 -0.064535579887033331
6 13 -0.12538671533848009
6 14 -0.12824251323385341
6 15 -0.003008481317000624
6 16 0.055113303056916856
6 17 0.10119249635802452
6 18 -0.12778704047447945
6 19 0.073862341763716186
6 20 -0.036345553254304809
6 21 0.011068556633241368
6 22 -0.10510807541622812
6 23 0.080546213225432928
6 24 -0.034433672346183476
6 25 0.038369746917279297
6 26 -0.062356231416117361
6 27 0.15779607298942913
6 28 -0.15894477101304097
6 29 0.1415740975866342
6 30 0.0080818158079119535
6 31 -0.092598165814432809
6 32 -0.035108854001031177
6 33 -0.091170656562432964
6 34 0.15614603878918745
6 35 0.042762808275952725
6 36 -0.050997593691361524
6 37 0.062682345901573636
6 38 0.030721784201675657
6 39 -0.086797857511760237
6 40 -0.011217520957814954
6 41 -0.04114607946923915
6 42 -0.049982121949106409
6 43 0.11341083080709634
6 44 -0.068358828352621109
6 45 0.14427436401894453
6 46 0.10474139491838852
6 47 -0.037188203713090888
6 48 -0.31169069044976094
6 49 -0.14769096854343261
6 50 0.09696852827098533
6 51 -0.011384603443333124
6 52 0.10970636786374391
6 53 -0.1453532253545711
6 54 -0.043200260595075368
6 55 0.03720561497504573
6 56 -0.17792315366203165
6 57 0.066580010275522558
6 58 0.14113105079210136
6 59 -0.032892724033828084
6 60 -0.16697951002542977
6 61 0.057903155298415936
6 62 -0.01477746159562225
6 63 0.056959332139977836
6 64 0.13279611205126113
6 65 -0.020708973214354193
6 66 0.23053595974331667
6 67 0.06911704229172462
6 68 0.09024221826671186
6 69 -0.1050359064674866
6 70 -0.057789356375315598
6 71 -0.18837524215703
6 72 -0.1657257109466177
6 73 0.1807656280731692
6 74 0.13517099206217661
6 75 0.063485524003186453
6 76 0.038269008728824667
6 77 -0.09281768056601078
6 78 0.093665334272712897
6 79 0.079102242473261919
6 80 0.01046885217370911
6 81 0.050275699977992638
6 82 -0.04642179129891208
6 83 0.12287580006145545
6 84 0.071764077741742469
6 85 -0.026049209584262774
6 86 0.17959146352053887
6 87 0.056270696906018408
6 88 -0.31179114914651324
6 89 0.073506835705029236
6 90 0.015626223029176791
6 91 0.10049603585192696
6 92 -0.094643815763161832
6 93 0.14977645920046589
6 94 -0.018129511535264046
6 95 -0.012599836534338146
6 96 -0.034067644790514197
6 97 0.11756819121018872
6 98 -0.10463630270968932
6 99 0.06497643019019933
7 8 -0.020907732992152622
7 9 0.10549599014329319
7 10 -0.012932828648449954
7 11 -0.039501538411747313
7 12 0.065804775869840737
7 13 -0.034292476042191426
7 14 0.10296004768425733
7 15 0.0026328460689678881
7 16 0.11200586832767306
7 17 -0.08422901216014457
7 18 0.084661834257529503
7 19 0.16933485853818789
7 20 -0.024233271378532012
7 21 -0.19995172174848186
7 22 -0.0093904374015624081
7 23 0.11954390485692745
7 24 0.09038796483846484
7 25 -0.052045438753727684
7 26 -0.023342869666670069
7 27 -0.09031304820658298
7 28 0.058637488094977146
7 29 -0.060568720605549201
7 30 -0.1290001677679801
7 31 0.087613425281035551
7 32 0.014914580424617199
7 33 0.063547417562765454
7 34 -0.090560945328562986
7 35 0.03730530543594162
7 36 -0.16120717343623234
7 37 -0.030989117960981874
7 38 0.011120687348869458
7 39 0.014086730852610717
7 40 -0.061422366393827837
7 41 0.16832654017166582
7 42 -0.18130853804117067
7 43 -0.068644157464623837
7 44 -0.058870167971608947
7 45 -0.0026992482120454814
7 46 -0.030118316050890315
7 47 -0.044519197711507634
7 48 -0.11122528932004171
7 49 0.12246911224670053
7 50 -0.13250976931214731
7 51 -0.087222831933889466
7 52 -0.10070575666611606
7 53 0.061760873099602424
7 54 -0.13761851836074532
7 55 -0.13174522071635977
7 56 -0.037189320989697787
7 57 0.14762251896548551
7 58 -0.02590556528248851
7 59 -0.10147792570769697
7 60 -0.14084080886300765
7 61 -0.074310534701735376
7 62 -0.06437484862093372
7 63 0.17030020551657191
7 64 0.02534065255384731
7 65 -0.040866846581978714
7 66 0.11259762101315945
7 67 -0.02067414974044712
7 68 0.037235573587103797
7 69 0.23712501017332441
7 70 0.020624172205942756
7 71 0.17471076921796658
7 72 -0.014911832345778891
7 73 0.12744489613634574
7 74 -0.069887614827991232
7 75 -0.06533386218733217
7 76 0.018701766488771195
7 77 0.03208245794801988
7 78 0.031405503380852559
7 79 0.022359797075786513
7 80 0.029480321019208347
7 81 0.04512975633038771
7 82 0.020751495685837451
7 83 0.053398126646026389
7 84 0.0085496491857952883
7 85 -0.019548694207343564
7 86 -0.13915387945425975
7 87 0.0027298428878159003
7 88 -0.21068141810364174
7 89 -0.10706709512668822
7 90 -0.028357294611964651
7 91 -0.028649834971148598
7 92 -0.16004406861909246
7 93 -0.048686319922317506
7 94 0.022156106084005717
7 95 -0.094670713630984504
7 96 0.11180385390283908
7 97 -0.062075849716177717
7 98 -0.069229069474368771
7 99 -0.057585193269800453
8 9 0.041057932637368455
8 10 -0.2264434273411664
8 11 0.1622791423186157
8 12 0.017066336242784461
8 13 -0.030233292040966565
8 14 0.014804562898645133
8 15 -0.062693211249942191
8 16 -0.068760555264979914
8 17 0.11184865939114229
8 18 -0.086813265441014698
8 19 0.12425736834586508
8 20 -0.070982304094144036
8 21 0.18941654042084907
8 22 0.016796308648664045
8 23 0.07148286010575737
8 24 0.00098837709652886923
8 25 0.0053192449801264356
8 26 -0.032803739881544218
8 27 0.00053223870515655737
8 28 -0.0098949560647222379
8 29 0.2153370388660219
8 30 0.18692152803312928
8 31 -0.088541386085016258
8 32 0.00407308550056832
8 33 0.1120076676200428
8 34 -0.20360632819231606
8 35 -0.080702170927236611
8 36 -0.051599985705793876
8 37 0.038108640377832369
8 38 -0.08096211167453321
8 39 -0.051445073182310265
8 40 -0.10233294043903594
8 41 0.0092747672007873067
8 42 -0.032463210940631898
8 43 -0.23389549649334229
8 44 -0.1257754764941198
8 45 0.059968593465680897
8 46 0.0037725767625646361
8 47 -0.17526774374836893
8 48 0.010289971543243808
8 49 0.018410062603278432
8 50 -0.033438871915954731
8 51 -0.27287579067275364
8 52 -0.013910861301808037
8 53 0.088233031084302291
8 54 -0.12544870028203289
8 55 0.17511487235478843
8 56 -0.024343328543640783
8 57 -0.042345595230484569
8 58 0.024717181943925248
8 59 0.088224507467177832
8 60 0.15218206072773352
8 61 0.14207313618112627
8 62 0.0063265373583664495
8 63 -0.2344186891638067
8 64 0.16243560493505893
8 65 0.040826416568480794
8 66 0.12355305801592145
8 67 -0.1070270958855935
8 68 -0.070443049133943378
8 69 0.01383616932297406
8 70 -0.10382360501603041
8 71 -0.039672039353628993
8 72 -0.0026056219662150765
8 73 -0.094701831580254983
8 74 -0.052305857438501337
8 75 -0.098002005988062801
8 76 -0.073281855251319236
8 77 0.059850766770898539
8 78 0.059630474752730256
8 79 0.10001472655651999
8 80 -0.10585301867306635
8 81 0.077305289358146276
8 82 -0.033018839430396067
8 83 0.17327557166500773
8 84 0.066220241001859456
8 85 -0.040845363608721534
8 86 0.0029289676165362094
8 87 -0.048567782678344162
8 88 0.066688329887629225
8 89 -0.001361431961368755
8 90 -0.018751535406194647
8 91 0.0080326993457703177
8 92 0.022270935527143806
8 93 -0.056256310323985086
8 94 0.1022656208429939
8 95 0.063533457087952994
8 96 -0.045384457046221433
8 97 0.0091979433173467063
8 98 0.085239598717463616
8 99 -0.012799809340075531
9 10 -0.053705226187489408
9 11 -0.098337855481372388
9 12 -0.053869383046307985
9 13 -0.043836330459730226
9 14 0.069081479345230609
9 15 -0.12267010251534297
9 16 0.066100492782381989
9 17 0.021572961510461872
9 18 0.061593666396631254
9 19 0.074995780035155321
9 20 -0.08708424452265312
9 21 0.12956116637709883
9 22 0.085855704183914694
9 23 0.053534942482516126
9 24 0.0043592140972607508
9 25 0.078975326660412112
9 26 0.34499407791035064
9 27 -0.04891557939537447
9 28 0.13393374693779644
9 29 0.0071085069627768206
9 30 -0.10004754628699049
9 31 0.05105218941269573
9 32 0.038627152252416051
9 33 0.084257905147962858
9 34 0.098129991295748717
9 35 0.049575613752313612
9 36 -0.16747563911271632
9 37 0.097686691618398533
9 38 -0.16891139224598939
9 39 0.080689271423040831
9 40 -0.078246322286465969
9 41 0.071352156550620272
9 42 -0.077699695520732082
9 43 -0.14832519939700947
9 44 0.037348128934632047
9 45 -0.068265796654788699
9 46 -0.10970670072505506
9 47 -0.11343501299814147
9 48 -0.21329821459486437
9 49 0.029746711548919336
9 50 -0.061777842305381386
9 51 -0.11856129433665351
9 52 0.12827063584449494
9 53 -0.041388499772453312
9 54 0.0097287304938282887
9 55 0.062715310928594212
9 56 -0.11805108148371585
9 57 0.11538796067560886
9 58 -0.056491468811779667
9 59 -0.28353524370682037
9 60 0.10305857176649272
9 61 0.096523564642050461
9 62 -0.0086006728932993444
9 63 0.15349983071904624
9 64 -0.042151526566709979
9 65 0.044369389110685331
9 66 -0.017832754005963864
9 67 -0.1714140296680261
9 68 -0.11189678279349027
9 69 -0.13770681471375146
9 70 -0.053854005254607575
9 71 -0.048145004024651855
9 72 -0.12123844879690127
9 73 -0.075998081815821336
9 74 -0.082470170565504416
9 75 -0.050424381748215875
9 76 0.14825870007143827
9 77 -0.029922729537700685
9 78 -0.080422065031144879
9 79 0.067367985349565895
9 80 -0.091083078437783849
9 81 -0.025642825558385842
9 82 -0.017075570015569853
9 83 -0.057775479220292462
9 84 0.057649249322745823
9 85 0.22778014628783649
9 86 0.020771204458711678
9 87 -0.03060681978177476
9 88 0.035016862305491614
9 89 0.0033927656361299589
9 90 0.075485993466178986
9 91 -0.13267312580402688
9 92 -0.11134109873573461
9 93 -0.10409827212824617
9 94 0.051053869493579013
9 95 -0.18155526202987568
9 96 -0.070304369164491426
9 97 0.0020212423690416851
9 98 0.011456304927763498
9 99 -0.23994500940874541
10 11 0.011547132499903891
10 12 0.065817285471821405
10 13 0.08180463959059181
10 14 0.20408307018343122
10 15 -0.091837993926114192
10 16 -0.066620333721161482
10 17 -0.056888547960204955
10 18 -0.035322145696783575
10 19 0.080008942081627066
10 20 0.070090429991253256
10 21 -0.067680824596746778
10 22 0.028376166021091144
10 23 0.033890125672355081
10 24 -0.078651531662556284
10 25 -0.065661273000466092
10 26 -0.1036324151784994
10 27 0.1328853446250976
10 28 0.085166772027506471
10 29 -2.3885729439205994e-05
10 30 -0.11418056573552973
10 31 0.084375821876880711
10 32 -0.010879326110666762
10 33 0.0055542044793203266
10 34 -0.024535824279172613
10 35 -0.11342716479063053
10 36 -0.064746521183504546
10 37 -0.13927815020178802
10 38 0.16386153240984669
10 39 0.065890893514276669
10 40 0.094095402531486225
10 41 0.040649238564790524
10 42 -0.13614960298602649
10 43 0.059644499556417929
10 44 0.1664605588714792
10 45 0.10561010950506936
10 46 -0.011183794711426581
10 47 -0.049381048458346677
10 48 0.25158984709402671
10 49 -0.064956987981718478
10 50 0.091461616787885516
10 51 0.04114361550195067
10 52 0.20424884743214117
10 53 0.029819503686639021
10 54 -0.053534861178694174
10 55 -0.075767382339405526
10 56 0.031942381455003929
10 57 -0.06316961620774382
10 58 0.017767268618362121
10 59 0.0528182421049775
10 60 0.046353233523107468
10 61 0.065761076378945418
10 62 -0.15181586392299948
10 63 -0.015028432165890004
10 64 -0.033435186363234504
10 65 0.13350878772110006
10 66 0.073102920719560038
10 67 0.167979079091852
10 68 -0.12066493206440568
10 69 -0.017686248912746071
10 70 0.22744054330989152
10 71 -0.065465491624605202
10 72 0.15746044610879736
10 73 -0.2855102705053198
10 74 -0.10981549462426805
10 75 -0.012075639238672622
10 76 -0.067750509607486104
10 77 -0.10560287384539005
10 78 -0.18017587580881472
10 79 0.1222080510154471
10 80 0.22820297875705073
10 81 -0.012535006729890569
10 82 -0.030469566793932614
10 83 0.017740312611522199
10 84 0.040108166945050837
10 85 0.04240883664104312
10 86 -0.017179818133255042
10 87 -0.10935506940688067
10 88 0.076889898059433665
10 89 -0.010156659388668913
10 90 0.041082815545600442
10 91 0.1273948650060428
10 92 0.1565728025372384
10 93 -0.10518803248326623
10 94 -0.11125639650472896
10 95 0.15666971184897155
10 96 -0.13024856170539012
10 97 0.089268979723154604
10 98 -0.1243771971029005
10 99 0.0616877290091499
11 12 0.0074863058602903281
11 13 -0.05844800849449891
11 14 0.074643938633543003
11 15 0.055209269588247824
11 16 -0.12669157969675088
11 17 -0.0098283576959195436
11 18 0.094726011390398768
11 19 0.041738686555736121
11 20 0.021607460329412471
11 21 0.058228206818955131
11 22 -0.096130936940715755
11 23 0.072042473415691657
11 24 -0.038971520769541704
11 25 -0.093790173605296151
11 26 0.14703023214922803
11 27 0.031064334729074928
11 28 -0.11800619631170524
11 29 -0.088478189689840225
11 30 -0.010507431419422236
11 31 -0.1196168555968808
11 32 0.057878272179222159
11 33 -0.070619991726718456
11 34 -0.12977737971770095
11 35 0.04394853271059819
11 36 0.044512445988765172
11 37 -0.045705644708033961
11 38 0.26116496738748424
11 39 -0.065225773175300802
11 40 -0.019382235953429364
11 41 0.039938082420210096
11 42 -0.25443152437109751
11 43 -0.029760036077597668
11 44 -0.064261123458455069
11 45 0.0043351984320814359
11 46 0.20563860330859365
11 47 0.0080744234192297003
11 48 0.094639048862479161
11 49 0.14838824926647873
11 50 0.096912937891721507
11 51 0.090440344170957587
11 52 -0.13243335054909208
11 53 0.22162505225144802
11 54 -0.013440998067365047
11 55 0.16904033874742452
11 56 0.094600229878852041
11 57 -0.068218618854395438
11 58 0.21488477023251265
11 59 -0.14700773077372614
11 60 -0.015929857251468418
11 61 0.10452668078009458
11 62 -0.15565506003195206
11 63 -0.00155751210245937
11 64 0.04135103570730525
11 65 -0.079981964822930907
11 66 0.033907097245591315
11 67 0.055247577187546887
11 68 0.13778611578590641
11 69 0.028019578211839664
11 70 0.024030131455064649
11 71 0.1140934649058578
11 72 -0.16033615812800101
11 73 0.24744507615804412
11 74 -0.18558459858788262
11 75 0.13755309901117491
11 76 -0.0024675043209380905
11 77 0.089777138659478686
11 78 -0.072364089927052566
11 79 0.13678002094406341
11 80 0.041284195374738653
11 81 0.03300950623693804
11 82 0.076582087114379915
11 83 0.085879388028949843
11 84 0.054577117618102647
11 85 0.02284693787894785
11 86 -0.073155537917733479
11 87 0.084668656579998031
11 88 0.08661247490843571
11 89 -0.10283114366702797
11 90 0.071880121809906425
11 91 -0.021178386509029347
11 92 -0.018545561680811059
11 93 -0.16810200523524102
11 94 -0.085048308990071778
11 95 0.092493444610689229
11 96 -0.016100393104932782
11 97 -0.035642420476808608
11 98 -0.073160925078853425
11 99 0.045998091988871385
12 13 0.02932170036107374
12 14 0.016306611239655992
12 15 0.09020410116810712
12 16 -0.037845063388020371
12 17 -0.063214205593744244
12 18 -0.01557324279409795
12 19 0.005741932813017412
12 20 -0.10188184330839133
12 21 0.16086009974732776
12 22 0.10271289826452359
12 23 -0.021102279650094317
12 24 -0.10520099799296699
12 25 0.011705722087908002
12 26 0.19700925165126468
12 27 -0.091105505931705924
12 28 0.003500607303133329
12 29 -0.033890631212547907
12 30 -0.13636832917857294
12 31 -0.15779276817608212
12 32 0.1366983379971636
12 33 -0.012240441958604237
12 34 0.010551326285101435
12 35 0.23067170609448537
12 36 -0.16746719723271733
12 37 0.012273141742844274
12 38 -0.040004294075870049
12 39 -0.029519771998014418
12 40 -0.032918710222185607
12 41 0.10141880057557262
12 42 -0.13417954641527746
12 43 0.056509289441269261
12 44 0.038674347692937289
12 45 0.050141543641545487
12 46 0.086408323089757502
12 47 0.0073414567732430162
12 48 -0.13904433616266579
12 49 -0.05638724493608599
12 50 -0.0053687613737204076
12 51 -0.056433674827407833
12 52 -0.046311682475067832
12 53 -0.033333531911629986
12 54 0.029352935244781005
12 55 0.11521974489454644
12 56 -0.12148614748681991
12 57 -0.013547632303002766
12 58 0.098386561705548978
12 59 0.022986488103247039
12 60 -0.16195838630027101
12 61 -0.12839481233990779
12 62 -0.012873120118485459
12 63 -0.032334708085661697
12 64 -0.13620007509049722
12 65 -0.13317795541202013
12 66 -0.075092905795705989
12 67 0.028074373731030312
12 68 0.044270650485075468
12 69 0.010025763577926753
12 70 0.071067654294121305
12 71 -0.076917990715900816
12 72 -0.0060476684541328606
12 73 0.09035798324116491
12 74 0.056430602576054312
12 75 -0.19503650569519282
12 76 -0.021385632102902213
12 77 -0.0056972631369390653
12 78 0.085309631620127196
12 79 -0.086220008519995839
12 80 -0.00066141338160402097
12 81 0.16370474354687675
12 82 0.088128443743404908
12 83 0.11673906877662169
12 84 0.0062867685040344373
12 85 0.056645972030493763
12 86 0.083496700094281839
12 87 0.0069222041918292872
12 88 -0.080030488184513124
12 89 -0.10362602527414932
12 90 0.057615497535978083
12 91 -0.016063391255966706
12 92 0.10168404080541296
12 93 -0.17905674297227375
12 94 0.12181908873015097
12 95 0.066441383276519633
12 96 -0.090044587254472758
12 97 -0.093243844405430432
12 98 0.05662178748479834
12 99 0.03701807594716771
13 14 -0.08846259324899948
13 15 0.11612720957075923
13 16 -0.077643352402798224
13 17 0.13825892999675765
13 18 0.14695659368701136
13 19 0.067742325787790575
13 20 0.12460462089617425
13 21 -0.046133021093707385
13 22 -0.0081206319451398463
13 23 -0.039504082322344897
13 24 0.10275188389663224
13 25 -0.019468682161755596
13 26 0.047505478424596896
13 27 -0.043137272657305548
13 28 -0.075820827108209365
13 29 0.012475564017222034
13 30 -0.0047313703347252115
13 31 0.14743406327053574
13 32 -0.0076050693031616328
13 33 0.28528068842246718
13 34 0.1708103135854423
13 35 -0.02031582395999345
13 36 -0.0047166799262697602
13 37 0.11128303906641279
13 38 0.10453261184849297
13 39 0.1269220228208717
13 40 -0.071226933869928941
13 41 0.060292207254697743
13 42 0.063797406776832516
13 43 0.087575473793466779
13 44 -0.11911238392348499
13 45 -0.10160239210874722
13 46 0.085046360698555951
13 47 -0.24854116949265237
13 48 -0.027788621613582393
13 49 -0.052181097662012427
13 50 -0.1096903162410597
13 51 0.05167605451399309
13 52 -0.00013053956204387012
13 53 0.12857284638507735
13 54 0.0041439670686166689
13 55 -0.026734510015851143
13 56 0.018891411585273812
13 57 0.11061987059863346
13 58 0.0043593704369611751
13 59 0.23000509380555295
13 60 -0.059608604552769555
13 61 0.14921777563164357
13 62 0.14414123289134156
13 63 -0.01846493415206258
13 64 -0.050135918997584905
13 65 0.13895707829893819
13 66 -0.020097699403262951
13 67 0.063776819560998482
13 68 -0.19756445232798739
13 69 -0.020153728471905722
13 70 -0.010276275933414861
13 71 0.12863650555851422
13 72 -0.0049547918899733381
13 73 -0.051212305770884071
13 74 -0.056695522681087296
13 75 -0.017119193298532249
13 76 0.033171102542305556
13 77 -0.10382562847178195
13 78 0.16966137573960238
13 79 0.14397494382916723
13 80 -0.15736981779899537
13 81 0.027882445599550568
13 82 0.09486072021079428
13 83 -0.062742230097241836
13 84 -0.048460704650779889
13 85 -0.028176388411617032
13 86 -0.03641003702167038
13 87 0.09073430671539176
13 88 -0.13039287189157908
13 89 -0.081208058053455254
13 90 0.093238426905665195
13 91 -0.16292011835685083
13 92 -0.2380118766596982
13 93 0.043769738725332047
13 94 -0.050874614565102852
13 95 -0.080730596198131596
13 96 -0.056952799110163072
13 97 0.11516584064489394
13 98 0.20559056654240226
13 99 0.1215740651869075
14 15 -0.083968656257808902
14 16 0.01180228818220147
14 17 0.12146083948668036
14 18 -0.032656853576932619
14 19 -0.047250281065779776
14 20 -0.10948954147671
14 21 -0.032615582288982668
14 22 0.046112696109702617
14 23 -0.014279961597779237
14 24 0.0037759172580611165
14 25 -0.062275181728743884
14 26 -0.043016853407406019
14 27 0.24921605796282759
14 28 0.091869793349001902
14 29 0.048168095267447419
14 30 -0.052497529774139767
14 31 -0.0037877302333603614
14 32 -0.15208069298929175
14 33 -0.015418929798253317
14 34 -0.07412308246277112
14 35 0.091793044215231989
14 36 0.098283892003924345
14 37 0.022103447524762988
14 38 0.11747920109512316
14 39 0.0026411734904857988
14 40 0.18976175708788595
14 41 0.069675772849328299
14 42 0.10410670424990771
14 43 0.10464574487489849
14 44 -0.073992255607332511
14 45 0.04845940429429399
14 46 -0.12576412348817048
14 47 -0.015312418518824741
14 48 0.11387581910398555
14 49 -0.036352996837096821
14 50 -0.04598466110229095
14 51 -0.17802434919070742
14 52 0.002462426151437571
14 53 0.06656445628774936
14 54 0.061417088223331889
14 55 0.093650770317454626
14 56 -0.0099623234167566712
14 57 -0.12368813764539632
14 58 0.012542891945723847
14 59 0.098014067043035794
14 60 -0.0088886978344145783
14 61 0.098386196345235141
14 62 -0.17483129871349576
14 63 0.11473046288812538
14 64 0.098358236144420463
14 65 -0.2508606194671188
14 66 0.18438241094660393
14 67 0.0018266083813482288
14 68 -0.016315159992804376
14 69 -0.12774832097714703
14 70 -0.14524739695469824
14 71 0.018021436452979028
14 72 -0.13671412740661346
14 73 0.12603473044060534
14 74 -0.010286594076646383
14 75 -0.091357660832288079
14 76 0.17112578589320351
14 77 -0.042788427524989819
14 78 0.13739907649828939
14 79 0.052726065207841094
14 80 0.13805340942804836
14 81 -0.046875376693961579
14 82 -0.065478613171555816
14 83 0.026551299884973768
14 84 -0.19022111055978902
14 85 -0.075989447050464898
14 86 0.014200694555006558
14 87 -0.0079560829508846832
14 88 -0.15325561489142708
14 89 -0.15461928348593951
14 90 0.050572087574952795
14 91 -0.10134746126576742
14 92 0.063805858643731436
14 93 -0.04678616288083276
14 94 0.11357383621621193
14 95 0.1374318960739439
14 96 0.044984631853447227
14 97 -0.00017324843336891872
14 98 0.052339186306335633
14 99 0.017396291428021557
15 16 0.19641859358814917
15 17 0.10565861174503673
15 18 -0.0007472882507847901
15 19 0.045239038605278829
15 20 0.040339658422719679
15 21 0.002453026772668271
15 22 -0.14730664324317241
15 23 0.080887943645727933
15 24 -0.11634384453852303
15 25 0.014305239793084609
15 26 0.099788083090101995
15 27 0.079558702962200301
15 28 0.15241605770675565
15 29 -0.0075797835402281206
15 30 0.0030606701781599323
15 31 0.18150887507565813
15 32 0.077584904860604112
15 33 0.10109186979514695
15 34 0.088761275254720245
15 35 0.12181834580908441
15 36 -0.032986123912870188
15 37 -0.0021001813269383523
15 38 0.24780033525499864
15 39 0.11690755488014631
15 40 -0.14900464106599634
15 41 -0.0041081145798111101
15 42 -0.14345470964238391
15 43 0.032715251158235724
15 44 -0.036928302067208173
15 45 -0.037306660779601181
15 46 0.062089865552993423
15 47 0.0038500167737186204
15 48 0.12232533859608999
15 49 -0.059676914778899838
15 50 -0.029613527249776752
15 51 -0.18033779081603318
15 52 0.032387511008304289
15 53 0.015256122976334441
15 54 -0.15291805679256626
15 55 0.027364911557285012
15 56 -0.0039929328056775683
15 57 -0.01475681958746556
15 58 0.0038554352118699824
15 59 0.058211672263128435
15 60 0.060310866237591756
15 61 0.027245053494282086
15 62 -0.077251594088621173
15 63 0.043439227316475038
15 64 0.092755856704518455
15 65 0.16452298780825633
15 66 -0.13524174265130171
15 67 -0.01509950794973286
15 68 0.057296138586762281
15 69 -0.0020189887011614351
15 70 -0.039933423675883234
15 71 0.073549316441456805
15 72 0.00022618610617862196
15 73 -0.023243008024338346
15 74 -0.015457822534978053
15 75 0.025483162187662112
15 76 0.31606503499259886
15 77 -0.077862586383361909
15 78 0.019443712579614539
15 79 0.042171130847951883
15 80 0.06466297114427412
15 81 0.023883383454661088
15 82 -0.03460790505302596
15 83 0.03590317764415886
15 84 -0.21581520011964891
15 85 -0.13964564438107099
15 86 0.10526192176467322
15 87 0.046369789707647657
15 88 0.017029411252320922
15 89 0.079814658897735161
15 90 -0.036935924663433699
15 91 0.078042314723900386
15 92 -0.21864545653112522
15 93 0.015941551010418182
15 94 0.038993691546485458
15 95 -0.022283656777367041
15 96 0.078491942175191676
15 97 0.052490357402035719
15 98 0.22357745289001604
15 99 -0.069118018099179043
16 17 0.1578582836357704
16 18 0.0039856080694236828
16 19 -0.088760300931228386
16 20 -0.053616491538188898
16 21 0.062866742881010421
16 22 0.064716847846001638
16 23 0.022985832346296461
16 24 -0.0360660975737188
16 25 0.1198688931263
16 26 -0.014470317989935541
16 27 -0.0018099403758023741
16 28 -0.12515848849750374
16 29 0.067375176337527001
16 30 -0.047173699625064291
16 31 -0.094308220878075
16 32 -0.045776684365944495
16 33 -0.01421978565661542
16 34 0.011090699106153812
16 35 0.10000072660752556
16 36 -0.10725196264921544
16 37 -0.091164087495915272
16 38 0.1053124794030737
16 39 0.010434776778796079
16 40 -0.021188658674395837
16 41 0.15205505248578566
16 42 0.026521141544435519
16 43 0.10065487248334488
16 44 -0.059852484619385762
16 45 -0.11880387104849557
16 46 -0.02757584659366466
16 47 0.028886245704827625
16 48 -0.082512061630895625
16 49 0.016166358168555602
16 50 0.12581306213570639
16 51 -0.083036755622742653
16 52 -0.16308783330088916
16 53 -0.056918399637948702
16 54 -0.069853489377908584
16 55 -0.17157866400403343
16 56 -0.016636485779765439
16 57 -0.048254161276761368
16 58 0.0045645330637631562
16 59 -0.098275026457062875
16 60 -0.0422401412262619
16 61 -0.010215656384060643
16 62 0.25548427160692672
16 63 -0.053329044224481183
16 64 -0.16686891284158833
16 65 0.051960556672667239
16 66 -0.015198252624464177
16 67 -0.056351536964164339
16 68 0.063106461468182995
16 69 -0.0049432231252639035
16 70 0.15153176131644927
16 71 -0.060816398443039356
16 72 -0.14711077876631801
16 73 -0.0034792721140249287
16 74 -0.078013505383437598
16 75 -0.046517659874087583
16 76 0.093923680539773111
16 77 -0.066466530242677721
16 78 -0.084371503451203492
16 79 -0.13753834776701229
16 80 0.015795064793906938
16 81 -0.093820832184327962
16 82 -0.034777157286591663
16 83 -0.04751667349187292
16 84 0.096051209545006511
16 85 0.083279841786393333
16 86 0.034255912303320507
16 87 0.0092498824265949634
16 88 -0.004782395966542753
16 89 -0.14212111914383416
16 90 -0.097497217480163698
16 91 0.12744556420128159
16 92 0.1890421917045477
16 93 0.22527925531852661
16 94 0.029827910643304145
16 95 -0.19213595072021206
16 96 0.068513174675616725
16 97 0.031519971662257278
16 98 -0.14456875936306401
16 99 -0.18941602497248677
17 18 0.0065169464077346091
17 19 -0.15618319357801688
17 20 0.086956271204974747
17 21 -0.017331511339390628
17 22 -0.048011088647185333
17 23 0.050704450507374405
17 24 -0.046454062132995654
17 25 0.080713986180318831
17 26 -0.17607356331248758
17 27 0.014948492642471403
17 28 0.1209336882828308
17 29 -0.072626700856191412
17 30 0.087871037974181831
17 31 0.10095007071059131
17 32 0.070729706737534356
17 33 0.079734162659787194
17 34 0.023733218829917604
17 35 0.014997441032609169
17 36 -0.14868075239486064
17 37 0.2969403151233212
17 38 0.0014581972644835853
17 39 -0.091928221901753843
17 40 -0.030480186433844689
17 41 0.11802376720810924
17 42 0.10119579446391083
17 43 0.28932868172331683
17 44 0.24779706610488783
17 45 -0.091847329427364816
17 46 0.10950271201453761
17 47 -0.033044224422612581
17 48 0.071778211662672245
17 49 -0.0055401730799134567
17 50 -0.0002822137188965333
17 51 -0.030881565190999112
17 52 -0.026638158959540623
17 53 -0.074876916101056346
17 54 0.060529829691391507
17 55 -0.050449021140717559
17 56 0.12141267499787811
17 57 0.082190836293808328
17 58 -0.096248298831123513
17 59 0.10049882017278929
17 60 0.17525705917307344
17 61 -0.042858015019832905
17 62 0.021136321963837162
17 63 0.12985077732363018
17 64 -0.049933561326633756
17 65 -0.063808710217039363
17 66 0.064838467111012071
17 67 -0.0011431711689064662
17 68 -0.099000736994080296
17 69 0.0029851989603622156
17 70 0.0065815363340646907
17 71 0.026958326429920323
17 72 0.021354664076898709
17 73 -0.049417967034943389
17 74 -0.086094829542752951
17 75 -0.033595379449412613
17 76 0.15698438508611343
17 77 -0.021035801067084848
17 78 -0.1395425123195978
17 79 0.058147001735476767
17 80 -0.078010710411284684
17 81 0.017735798661251863
17 82 -0.17449219915585076
17 83 0.11939226888833576
17 84 0.015342645082801441
17 85 0.081422628139081549
17 86 -0.069526263290811838
17 87 0.020040412546598187
17 88 -0.13518486921879316
17 89 0.072719059468592542
17 90 0.17279754055753271
17 91 0.040430281679704486
17 92 -0.13688428405226771
17 93 -0.16081829987742471
17 94 0.02982659994872441
17 95 -0.10636944411724997
17 96 -0.16035002712886443
17 97 -0.0091817852220815732
17 98 -0.14038570519520238
17 99 0.086304085571282024
18 19 -0.18846407975335425
18 20 0.027536784858539234
18 21 0.036652732667675041
18 22 0.021483797047614446
18 23 -0.066561707093871714
18 24 0.029113269360607985
18 25 -0.048572635830357556
18 26 -0.13313250908589785
18 27 -0.045642206280711875
18 28 -0.043296401201065642
18 29 0.034752402508249014
18 30 -0.25075975003071288
18 31 0.02944539138355496
18 32 -0.022788056759132772
18 33 -0.17265707716430842
18 34 0.21493505458269468
18 35 0.084115372475029829
18 36 0.18331158653702873
18 37 -0.15501460520064447
18 38 0.0046854272619072631
18 39 0.00076534503978650619
18 40 0.14570306767036373
18 41 0.0024851934057673734
18 42 0.11494200547788772
18 43 0.042545938192096969
18 44 -0.043535046950074846
18 45 0.047161978744762051
18 46 -0.047092676926954014
18 47 0.10022736477647004
18 48 -0.049797176017793023
18 49 0.035686737559319219
18 50 0.16383031941059267
18 51 0.058997966240808081
18 52 -0.038573521668874428
18 53 -0.14057369352756605
18 54 0.032453351623941223
18 55 0.030918834104332424
18 56 -0.075346256639305775
18 57 0.099715776820827037
18 58 0.050731131269623655
18 59 0.047684831945347748
18 60 0.0023287969603690917
18 61 0.12052445324684946
18 62 0.066613283208225432
18 63 0.075903963419942391
18 64 -0.1235937443710336
18 65 -0.19250744498837369
18 66 -0.18757025684131717
18 67 -0.015534077721442286
18 68 0.11885121211981585
18 69 -0.19300842723397904
18 70 -0.13294787299259164
18 71 -0.081184080083405399
18 72 0.023026351804385031
18 73 -0.036650221170786333
18 74 -0.150745315778682
18 75 0.18652670242210601
18 76 0.16431171926785534
18 77 0.018253047710652275
18 78 0.089814379189903371
18 79 -0.090220426866437081
18 80 -0.070259638351674744
18 81 0.15039274471152544
18 82 -0.014725226597995146
18 83 -0.05567702850834743
18 84 0.088431477128161892
18 85 0.068938522911033404
18 86 0.044053535017749584
18 87 0.10338449560231361
18 88 0.07470910220010181
18 89 -0.16442685232528598
18 90 -0.033947682292571515
18 91 -0.035897876735422871
18 92 0.05763188090988737
18 93 -0.067603133814942762
18 94 -0.104160696169044
18 95 0.11375917930342526
18 96 0.11586080578762306
18 97 0.068282570595947847
18 98 -0.037334998092118231
18 99 0.04332462373529182
19 20 0.10909321897939105
19 21 -0.025935403991622287
19 22 0.040862370860738829
19 23 -0.058519231304647035
19 24 -0.019673944769142943
19 25 0.063601054487131381
19 26 0.073176565280043418
19 27 -0.030058126791623452
19 28 0.085064601196212009
19 29 0.14869226935978261
19 30 -0.29467205331706448
19 31 0.24090179543474366
19 32 -0.08564955390123101
19 33 0.091686626886277808
19 34 0.00049896478934443624
19 35 -0.069531622682293709
19 36 0.0353630834362521
19 37 0.03278529650420358
19 38 0.082426812088836343
19 39 -0.0059218984016611523
19 40 -0.017069190962624103
19 41 0.039106664569414272
19 42 0.097405929228267879
19 43 -0.090956978466957383
19 44 -0.14844266049507451
19 45 -0.0058662257631765038
19 46 0.042884178898294156
19 47 -0.042410710446880634
19 48 -0.045494704999852725
19 49 -0.053745239800172012
19 50 0.12091897229105684
19 51 -0.00038565552019551377
19 52 -0.1515141190345419
19 53 -0.029707781497483605
19 54 0.04129020714469897
19 55 -0.053334472882633627
19 56 -0.14835343593668388
19 57 0.0054423864233231487
19 58 0.084202486318985817
19 59 -0.0096546158649555153
19 60 -0.019038418083915591
19 61 0.093876562656236354
19 62 -0.18236132612892986
19 63 -0.1286323463288622
19 64 0.057411248068358525
19 65 0.094206901387136152
19 66 0.15219911519830084
19 67 0.020118678907472168
19 68 -0.062222710381151625
19 69 -0.077722253693140023
19 70 0.026063443217059654
19 71 0.020120074464052402
19 72 -0.05378154380458177
19 73 -0.10093334255775036
19 74 0.065615346466079416
19 75 0.14229997818559245
19 76 0.0053341182169132327
19 77 0.12415904385754031
19 78 -0.10869141764783402
19 79 -0.13920412406363755
19 80 -0.063972371575839238
19 81 -0.015435390921487014
19 82 -0.040577364282961492
19 83 -0.15950689397625933
19 84 -0.01209331594807906
19 85 0.30270642902706446
19 86 -0.0615510131341526
19 87 -0.059879336791182826
19 88 -0.16861617197695844
19 89 -0.12437989886093787
19 90 0.099491479122626444
19 91 0.078494239622235049
19 92 0.065041857520157967
19 93 0.14693396544514264
19 94 -0.10858939043056609
19 95 -0.1350021576962151
19 96 -0.034447211215057137
19 97 0.067306588077565677
19 98 -0.043660131808337062
19 99 0.017098014759370742
20 21 -0.067377361888489015
20 22 0.053952009006602658
20 23 0.059825372000859356
20 24 0.0025558588942716873
20 25 0.0058502683745281251
20 26 0.074958846307684651
20 27 0.01734544930849815
20 28 -0.15954275674635301
20 29 0.05702228233041428
20 30 0.0074216957039177208
20 31 -0.056423794562611589
20 32 -0.080961849540364533
20 33 0.11158093683510802
20 34 0.029744042803177106
20 35 -0.098883763670715996
20 36 -0.23187302170093887
20 37 0.090199519280597162
20 38 -0.061753319073773551
20 39 -0.035587087067656148
20 40 -0.10995590490924495
20 41 0.054927980884089872
20 42 -0.12072715503979736
20 43 -0.062019523580030024
20 44 0.18120534731815488
20 45 0.032490754027855451
20 46 -0.02903933016984871
20 47 0.032726586627437444
20 48 0.16075365158958646
20 49 0.034396534190087355
20 50 -0.055945372853258249
20 51 -0.13169498127520554
20 52 0.029352672229746919
20 53 -0.0054385164299490312
20 54 -0.12316832947816321
20 55 -0.0021667872839872047
20 56 0.031553884095537596
20 57 0.1181344014574392
20 58 0.029302819948977529
20 59 0.0019648353286293866
20 60 0.04184887150881212
20 61 -0.10001402499443829
20 62 0.075829458594081203
20 63 0.062760244993637609
20 64 -0.12728063654809685
20 65 -0.026746915012016172
20 66 0.08017135169577129
20 67 -0.040484158993042051
20 68 0.076540360814300268
20 69 0.039025021697228233
20 70 -0.024532595187908315
20 71 -0.066068247377583364
20 72 0.17275163777085134
20 73 -0.11279032172210052
20 74 0.096932869686873341
20 75 0.055250928574275215
20 76 -0.035371506246778942
20 77 0.091031198293157548
20 78 0.0029056605984603742
20 79 0.05241490890884342
20 80 0.0083869804630566421
20 81 0.07010173791002916
20 82 -0.249709992077082
20 83 0.10218409987095388
20 84 -0.020025289002673464
20 85 -0.072857827883576476
20 86 0.030970968597474814
20 87 -0.02823464187097733
20 88 0.07549277523653608
20 89 -0.29950933334162033
20 90 0.038021769149424275
20 91 0.050898006800652242
20 92 0.13924990986067823
20 93 -0.0097304026055579657
20 94 -0.062051715731637848
20 95 -0.010623025466523522
20 96 0.097893361863966979
20 97 -0.019188481483793908
20 98 -0.091958851467432601
20 99 0.016172172259499969
21 22 -0.034583741644607632
21 23 0.0033412014513727883
21 24 -0.017809398884326141
21 25 0.074907164511674493
21 26 -0.017242942279030022
21 27 0.054704828117934902
21 28 -0.050449165144678398
21 29 0.17216303886089118
21 30 -0.062705368212369356
21 31 -0.033257415630026703
21 32 -0.010339458256365107
21 33 -0.12130772720332678
21 34 -0.041254488719057139
21 35 0.0028900554870331255
21 36 0.038757950734672267
21 37 0.052994707479747577
21 38 0.00045317363259075405
21 39 -0.035444909921180177
21 40 0.13769469804287576
21 41 0.087049465566583106
21 42 0.16928702952644695
21 43 0.20208370136930776
21 44 -0.0020076229302434818
21 45 0.047104955165138448
21 46 0.1637262621327551
21 47 -0.055777641664383107
21 48 0.10565117320133804
21 49 -0.14721580433959702
21 50 -0.16863460309813252
21 51 0.049698679595035253
21 52 -0.048744885531324486
21 53 0.0070828152630518781
21 54 -0.17736621973034172
21 55 0.044901256634204793
21 56 0.051383098656540463
21 57 -0.15985025530050573
21 58 -0.10634719964896244
21 59 0.016130154946679919
21 60 -0.085090204865371999
21 61 0.1070649331795137
21 62 -0.083058388664881869
21 63 0.040960583497779486
21 64 -0.0015661765981346935
21 65 -0.00076315067459616158
21 66 -0.089788986083250935
21 67 -0.093759866215546384
21 68 -0.060220627900154915
21 69 -0.12762044121506153
21 70 -0.047921588655962313
21 71 -0.078506313212498818
21 72 -0.1431100249060637
21 73 0.22631709222301855
21 74 -0.046462831901094508
21 75 0.038922088412937518
21 76 -0.11330905807684605
21 77 0.096153262023509878
21 78 0.13238495111944923
21 79 -0.048557895954970592
21 80 0.088327503431436749
21 81 0.08893345998304969
21 82 0.034533465186952043
21 83 0.049514418648775871
21 84 -0.082284002601983916
21 85 -0.079526754976475211
21 86 -0.058549801773254653
21 87 0.01307445488028691
21 88 0.058056999700956402
21 89 -0.12618059975872006
21 90 0.097962897753275088
21 91 -0.068919111369823371
21 92 -0.063713279267935782
21 93 0.11084911189890873
21 94 0.10005814646975686
21 95 -0.080843431136619515
21 96 -0.03838263344133324
21 97 0.15051117730478036
21 98 0.083118159341940556
21 99 0.075654360622147906
22 23 -0.076255710299838131
22 24 -0.031133385506065033
22 25 0.17672626206809949
22 26 0.12347050800938363
22 27 0.086919501689356221
22 28 0.11625379395578093
22 29 0.052501049761116719
22 30 -0.022400607432690699
22 31 0.014410958816177441
22 32 -0.037620383393768018
22 33 0.087477244881768307
22 34 0.11184948132829933
22 35 0.021911225038713279
22 36 0.0085787977016135077
22 37 0.2133447155466191
22 38 0.18590272342159211
22 39 0.029464050195229425
22 40 -0.041140324138076022
22 41 0.026268179234659544
22 42 0.11091888302609872
22 43 0.047104631776004276
22 44 -0.017220753528636338
22 45 -0.039612493232957527
22 46 -0.11652477612423989
22 47 -0.16229063456077816
22 48 0.14270843316461565
22 49 0.066499327407654227
22 50 -0.18955432658468818
22 51 0.090381972145095982
22 52 -0.07859958946605014
22 53 -0.015479503451131275
22 54 0.0018140706607085505
22 55 0.16237045366515612
22 56 0.013301975007572754
22 57 0.069457752081790572
22 58 -0.0115909239357204
22 59 -0.1113247616058307
22 60 0.049569525729960325
22 61 -0.15260237366150708
22 62 -0.12358731697622012
22 63 -0.091004247825274942
22 64 -0.061976387971820972
22 65 -0.014215321978237383
22 66 0.067568072521411976
22 67 0.0047446512332758751
22 68 -0.17293040050738839
22 69 -0.056931856128301164
22 70 0.1298246512434604
22 71 0.082066814530067075
22 72 0.09225716405594539
22 73 -0.07118963679549882
22 74 -0.072823811742076347
22 75 -0.16709786502289922
22 76 0.001634599359071502
22 77 0.018757219411832938
22 78 0.036398274523703027
22 79 -0.024366971197274045
22 80 0.049497838787144741
22 81 0.053858683780062158
22 82 0.20217635278269111
22 83 -0.15172410147727028
22 84 0.0073255426095705303
22 85 0.062927605094256558
22 86 -0.12239847076132045
22 87 -0.11204565607733535
22 88 0.062982925782189142
22 89 -0.20301975344378209
22 90 0.1352056579429326
22 91 0.018691680587739987
22 92 0.23730327469937201
22 93 -0.05977243012209911
22 94 -0.012061140427236177
22 95 -0.10538658449780161
22 96 -0.10264777298448394
22 97 0.10312231486345039
22 98 0.02619159504227064
22 99 0.20212691439948799
23 24 -0.092298195966751095
23 25 -0.087993162863290286
23 26 -0.032480467984841187
23 27 -0.056053088763200511
23 28 0.080078800932018981
23 29 0.0026968389972336342
23 30 -0.020384798275425019
23 31 0.14105331164169582
23 32 -0.041293956479241979
23 33 -0.0052031118769189097
23 34 -0.07886649655131317
23 35 -0.11747810982872937
23 36 0.11320166900638984
23 37 0.097968702378313482
23 38 0.10406240429353825
23 39 0.01010524186907258
23 40 -0.081502947237229117
23 41 0.1353534967754314
23 42 0.076655472784442874
23 43 -0.071760815511806422
23 44 0.055957124539747577
23 45 -0.03158641869871525
23 46 0.15893537768835639
23 47 -0.012339927076585534
23 48 -0.017265247163253641
23 49 -0.078809103790386692
23 50 -0.052586640908872509
23 51 0.067184389763868299
23 52 -0.12281006138401673
23 53 0.033182352214389498
23 54 0.039459018065278753
23 55 -0.21560313769824382
23 56 0.10432349672991617
23 57 0.10577814580618242
23 58 -0.036068335002958272
23 59 0.10358847506574741
23 60 -0.0076416511063908807
23 61 0.17124156579649108
23 62 -0.12073371706515386
23 63 -0.1000746893510806
23 64 -0.14988295914975064
23 65 0.1499610378814083
23 66 -0.1573756093275577
23 67 -0.1173820877531021
23 68 -0.083071552883241431
23 69 -0.054776218546225046
23 70 0.025193264486152472
23 71 -0.073721714814153447
23 72 0.017067964759254765
23 73 0.084884720385223322
23 74 -0.046195705527123126
23 75 0.13647434738683814
23 76 -0.062522098473749774
23 77 0.074472149392091055
23 78 0.033380316209389242
23 79 7.2173908765860457e-05
23 80 0.055925485096895815
23 81 0.1026652024566253
23 82 0.069951706973674907
23 83 0.11319862392733732
23 84 0.14528359005231214
23 85 -0.12896703338640167
23 86 0.061520198048606894
23 87 -0.092440193966160294
23 88 0.021509587524268941
23 89 -0.017310211932590452
23 90 -0.015441796080699306
23 91 0.072315514745995541
23 92 0.16889244085271357
23 93 0.10640522080254872
23 94 0.10437918636428585
23 95 0.015692248972434212
23 96 0.13024845395063631
23 97 -0.19665729118644784
23 98 -0.17722214043733933
23 99 -0.077244273968945759
24 25 -0.030288621700805846
24 26 0.060001570020491279
24 27 -0.17932688897586171
24 28 0.14647341499901598
24 29 0.018455672088107215
24 30 0.035512937325463935
24 31 0.082399644990314547
24 32 0.09546062594920951
24 33 -0.150643701130214
24 34 -0.026528126407553761
24 35 -0.0019930066448937359
24 36 -0.24813317506898072
24 37 -0.16419492462082949
24 38 -0.10067702912716535
24 39 0.055054614686846581
24 40 -0.027216774320611321
24 41 0.0064543868642198523
24 42 -0.084249084182571932
24 43 -0.18750499721192687
24 44 0.21782792861417877
24 45 -0.01396030372346219
24 46 0.080620598449414119
24 47 -0.061984921254794281
24 48 0.062236920422784017
24 49 -0.089496654217769492
24 50 0.037224449669692981
24 51 -0.079176334667988443
24 52 0.16164716903666396
24 53 -0.034961026167003494
24 54 -0.03692701973616648
24 55 -0.017636676073161141
24 56 0.14315455987364703
24 57 -0.13978096093921186
24 58 -0.015503589327587611
24 59 -0.10876331853330262
24 60 -0.068561456813810706
24 61 0.076181287821946789
24 62 -0.056583324144845848
24 63 0.079521767977796878
24 64 -0.13847554127608011
24 65 0.067435184885452248
24 66 0.017073610679499567
24 67 0.0555310526883106
24 68 -0.019122393754683633
24 69 0.052614637892385532
24 70 0.093738324615326662
24 71 -0.011144471958081022
24 72 0.035748195945990636
24 73 0.020000475283340369
24 74 -0.14579438569533168
24 75 0.23132531395129252
24 76 -0.02319582242235535
24 77 0.012342695566976831
24 78 0.017254838828525087
24 79 -0.090140504423767365
24 80 0.051776990512971056
24 81 0.024925394368989544
24 82 0.090110380834384968
24 83 -0.076791030226744494
24 84 -0.046320524769746074
24 85 -0.047297942169844676
24 86 -0.14790181544722267
24 87 0.058525135477488867
24 88 -0.12610777174272242
24 89 0.016287161326104024
24 90 -0.0061619510380040666
24 91 0.073774409388642465
24 92 -0.021416117460680346
24 93 0.019436971467955658
24 94 0.042733535844220405
24 95 -0.08522113423228736
24 96 -0.011757959240514416
24 97 0.13135229771002702
24 98 -0.0290417187194459
24 99 -0.052120313912673792
25 26 0.0065244326499504443
25 27 -0.23531669703409125
25 28 -0.14684950534544791
25 29 0.039433280912944582
25 30 -0.10299994217405761
25 31 -0.23804785977820969
25 32 -0.070167123337927101
25 33 -0.05030753978382816
25 34 0.16315714031994707
25 35 -0.053818580775015348
25 36 0.026525085248607194
25 37 -0.1328966825283415
25 38 -0.16879496316467879
25 39 0.11875110400719913
25 40 -0.055602420768282403
25 41 0.12983296708622882
25 42 0.045363018824671524
25 43 -0.053097524441855261
25 44 0.19696627349949436
25 45 0.032796775835382229
25 46 -0.16919988436335753
25 47 -0.052991480339720176
25 48 -0.026971162367758535
25 49 0.096447631137385359
25 50 0.08387804334453669
25 51 0.20959320646112492
25 52 -0.055343373821719055
25 53 -0.0094427807984410524
25 54 0.014321504745117706
25 55 0.039707069301160164
25 56 -0.084838512267593799
25 57 -0.17748644042943898
25 58 0.02236684410067323
25 59 -0.0030425060780439914
25 60 -0.079620775627601351
25 61 -0.078945476239428256
25 62 -0.011054412672394676
25 63 0.05764253679770185
25 64 0.068692979454152245
25 65 -0.035144209969657662
25 66 0.041799173763333412
25 67 -0.0088867047041236002
25 68 0.077596694247272613
25 69 -0.073707021117576529
25 70 -0.026049713676892947
25 71 0.1742819095277843
25 72 0.026988532365934605
25 73 0.094485632068491879
25 74 -0.15522940689937428
25 75 0.056454201220986724
25 76 -0.1890611928555633
25 77 -0.088435741232337023
25 78 -0.08660023117151365
25 79 0.00062786280229010422
25 80 0.023690702810359596
25 81 0.15455727318545376
25 82 0.075975510151448933
25 83 0.1652425933538649
25 84 0.033308137209439724
25 85 0.074624291470294077
25 86 -0.11047235159645141
25 87 -0.012546050434753545
25 88 -0.035465707376150429
25 89 -0.085778743923819289
25 90 -0.0077404928257924074
25 91 -0.06158150185329965
25 92 -0.015473700496079257
25 93 -0.076766583470170444
25 94 0.17928897234481353
25 95 0.13653296907427231
25 96 -0.15351391040958184
25 97 -0.012454277893133565
25 98 0.01393377159980673
25 99 -0.066666256157774495
26 27 0.0014139971505642299
26 28 0.054412004599815149
26 29 0.064469156680010631
26 30 0.0058881254484320139
26 31 0.023154747052112012
26 32 0.051937593455608111
26 33 -0.041362513880241973
26 34 -0.048255312326595176
26 35 -0.060447175809509084
26 36 0.20349384842258386
26 37 -0.026920278220673305
26 38 -0.041224213121827336
26 39 0.13195096085238156
26 40 -0.019477941488060271
26 41 -0.15159219997031662
26 42 0.0677810069638317
26 43 0.11228311023534479
26 44 -0.096496664884874322
26 45 -0.11131374804775565
26 46 0.089729136302672596
26 47 0.118965064297144
26 48 0.060194952166111482
26 49 -0.13322402708660427
26 50 0.013639874393076016
26 51 0.079944519976577949
26 52 -0.013297544021265468
26 53 0.0048910212983458642
26 54 -0.10504065826766561
26 55 -0.063740579455618881
26 56 0.074803927710693871
26 57 0.18851542750390557
26 58 0.061412075768333567
26 59 0.057613982041555517
26 60 -0.065313314921104329
26 61 -0.24813328666408574
26 62 0.056156242251749505
26 63 0.067887109454638606
26 64 0.041117172213101946
26 65 -0.021392981810648887
26 66 0.23523841519579269
26 67 0.11028011103038836
26 68 0.0093890914536609842
26 69 -0.12209432431985059
26 70 0.061283197358742894
26 71 0.11625969307474036
26 72 0.060866958621919355
26 73 -0.075946601232524669
26 74 -0.0053210127199733769
26 75 0.071255457049988452
26 76 0.23036774216147526
26 77 0.18399077795744334
26 78 0.019688827800877426
26 79 -0.17046450093617108
26 80 0.0089358689969542878
26 81 -0.19020743957582664
26 82 0.022796252216316277
26 83 -0.0018180715869747387
26 84 0.078896375697529844
26 85 0.10601608642861145
26 86 0.075787260946600626
26 87 -0.17405775810288313
26 88 0.063851659203100736
26 89 0.080764297916727804
26 90 0.15359423301131936
26 91 0.037889998799814181
26 92 -0.19149990297282626
26 93 0.13535109212342192
26 94 -0.045689811751080625
26 95 0.0067124318261328128
26 96 0.084929138995804926
26 97 -0.098450789296035915
26 98 -0.075285215784532206
26 99 -0.0098578253218523718
27 28 -0.037955164583586692
27 29 0.033883135948517586
27 30 -0.15798163251170663
27 31 0.010133719984664995
27 32 0.083966251324395863
27 33 -0.015548851440409732
27 34 -0.0044290139943964444
27 35 -0.0084881825576047735
27 36 0.055457193422349504
27 37 -0.16108611581819443
27 38 0.04642853160582263
27 39 -0.0042014894304631912
27 40 -0.14206665618809428
27 41 -0.06115786196085693
27 42 0.044933666390436458
27 43 0.27043202198365796
27 44 -0.024641349054518522
27 45 0.027382720704968267
27 46 0.018042866430228111
27 47 -0.061843826682781045
27 48 -0.27257734473256123
27 49 -0.041307904407392973
27 50 -0.21925159261920679
27 51 0.0012233680646824563
27 52 -0.14261296888748287
27 53 0.09809195244427861
27 54 -0.041096840528123985
27 55 -0.17705555355424252
27 56 -0.032565241820614092
27 57 -0.0062875718406349354
27 58 -0.086894872050641642
27 59 0.0040010747435709525
27 60 -0.13211125464288248
27 61 0.012099123873383463
27 62 0.18760969980273567
27 63 0.058562563621974588
27 64 -0.13990074646577785
27 65 -0.15718240870189479
27 66 0.032700270438880491
27 67 -0.11986334722121826
27 68 -0.038033804663293792
27 69 -0.16748393176358939
27 70 0.039844939862836208
27 71 -0.013626015426148977
27 72 -0.15378171853241007
27 73 -0.14586798363856265
27 74 -0.015393370438663154
27 75 -0.14822554096666826
27 76 -0.084556932167382554
27 77 -0.063967861485311014
27 78 -0.011007060267007792
27 79 -0.11400450215024471
27 80 0.0749314919844081
27 81 0.046881428525129526
27 82 -0.024268675645612518
27 83 -0.054824805352584605
27 84 -0.054861587226740116
27 85 0.075489395758870703
27 86 0.10601400289140013
27 87 0.13000905125739323
27 88 0.041113377620749708
27 89 -0.033542531317573634
27 90 -0.020563135402974185
27 91 -0.12057309012206104
27 92 0.051365680632747039
27 93 0.052748177105387109
27 94 -0.051621245328544077
27 95 -0.10959315352767539
27 96 0.064487772258826556
27 97 -0.099500285680906242
27 98 -0.22764729652845772
27 99 0.30799415868899871
28 29 -0.011176008720078769
28 30 -0.09114278685715943
28 31 0.098903808721998249
28 32 0.11876385169770572
28 33 0.043677226569580389
28 34 -0.0079358556822067602
28 35 0.11227098447519775
28 36 0.16846087223612885
28 37 -0.041900891090016268
28 38 0.33872915362106626
28 39 0.097311336668566395
28 40 0.075076546594328511
28 41 -0.030956852344338776
28 42 0.14229889267319773
28 43 0.0045157066041010439
28 44 0.17055682680202686
28 45 -0.036219926874715751
28 46 0.026975549113730936
28 47 -0.029512758803070995
28 48 -0.032852113616068594
28 49 0.023785649467048357
28 50 0.078272659203611775
28 51 0.070653079556483409
28 52 0.06566239299448598
28 53 -0.099276896060285946
28 54 -0.16307062382065018
28 55 -0.10492820837263495
28 56 0.11314167388401819
28 57 -0.15907262665884431
28 58 -0.0050468891440873208
28 59 0.012461429193300993
28 60 -0.027626546564172877
28 61 -0.18528460944072306
28 62 -0.23300728230760992
28 63 -0.086140563840424025
28 64 -0.039074055092454936
28 65 0.044471878685668403
28 66 0.036229892428882464
28 67 0.081750090434522124
28 68 -0.048589085968144506
28 69 -0.15144684599047553
28 70 -0.023207001058143283
28 71 -0.083553418699416473
28 72 0.045143690705647971
28 73 -0.10310609566946279
28 74 -0.10490995589352639
28 75 -0.011029593447977978
28 76 -0.017509271905096636
28 77 -0.12558935385251185
28 78 -0.0023683284894370489
28 79 -0.023501620733697999
28 80 0.0159842786577311
28 81 -0.0011629219703435079
28 82 0.1864039064028705
28 83 0.057744792258932566
28 84 -0.10796139419659884
28 85 0.00055335533028860425
28 86 -0.064153194773439462
28 87 -0.087389770974044323
28 88 -0.089505734906097562
28 89 0.0010011029493047405
28 90 0.011092109622215032
28 91 0.17465299139743165
28 92 0.10696982638817823
28 93 0.045646765031498081
28 94 0.083497676360576187
28 95 0.14523989629049103
28 96 0.11954589502261713
28 97 0.11646796306048568
28 98 0.03207774251403047
28 99 -0.084245873349124367
29 30 -0.03157316380707232
29 31 -0.0026639330739589655
29 32 -0.1726446691490463
29 33 0.052770767271194854
29 34 -0.022055726547752313
29 35 -0.07107314794759105
29 36 -0.079970545120494688
29 37 -0.22065810134213876
29 38 0.094776390811937783
29 39 0.050570901755839961
29 40 -0.025702467785808748
29 41 -0.054679895861900876
29 42 -0.10749138268048058
29 43 0.045525839117440139
29 44 0.066273421164654428
29 45 -0.060190989297970024
29 46 -0.041470737661574247
29 47 0.099857775239626356
29 48 0.27586353205759767
29 49 -0.064112210081728502
29 50 -0.11488178860188832
29 51 0.17484347388250621
29 52 0.17309838898057209
29 53 -0.10169066959451825
29 54 0.14267080593910159
29 55 0.0065537536120501109
29 56 0.16182339001931001
29 57 0.17321592626789215
29 58 0.18536651172326382
29 59 0.042917402085894729
29 60 -0.26828770974795441
29 61 0.31121460862204042
29 62 0.029161992454456855
29 63 0.11288570971352022
29 64 -0.033825476956528128
29 65 -0.09319586425118076
29 66 0.059789941665663163
29 67 0.044944574021126268
29 68 0.10317177235746372
29 69 -0.013315596281232701
29 70 0.055378384103998313
29 71 0.082338775736107289
29 72 -0.082892718348171524
29 73 0.017405104539416918
29 74 -0.0014467526677757791
29 75 -0.0061504262790296853
29 76 0.15162778126733367
29 77 0.11251379372660482
29 78 -0.017950565157475611
29 79 -0.12389780078056284
29 80 -0.18511700898602856
29 81 0.07863760081176914
29 82 -0.13663951891691833
29 83 -0.090820643521210526
29 84 0.0033001785142959179
29 85 -0.033255903372906723
29 86 0.093844627277333739
29 87 -0.13990512058591476
29 88 0.014598542607569416
29 89 -0.091905931726729659
29 90 -0.24220585214612247
29 91 -0.10474329579675574
29 92 0.075775894023943136
29 93 -0.15733473871302966
29 94 -0.0558534191047029
29 95 -0.21775532880467197
29 96 0.095845784249028759
29 97 0.088944915268793626
29 98 -0.084866250872144569
29 99 0.0078463251405487839
30 31 0.0072363698761226947
30 32 0.053073069023256161
30 33 0.089484947753026178
30 34 0.052455343945498958
30 35 -0.21302432941341243
30 36 0.07816527653378201
30 37 -0.076043380724241716
30 38 0.16632145762395356
30 39 -0.018390187646478057
30 40 0.036413286933082122
30 41 0.037610190193993115
30 42 -0.25747866066224318
30 43 0.058511012321776648
30 44 -0.0026048460660035755
30 45 -0.010842034954983905
30 46 -0.051346762073212343
30 47 -0.13704260231371815
30 48 0.016403192163756214
30 49 -0.067570163798640323
30 50 -0.058471074176015797
30 51 -0.010247265145418261
30 52 -0.04941209119086
30 53 -0.040050992733591646
30 54 -0.027734248296427962
30 55 -0.00067720192537530969
30 56 0.023550383406404782
30 57 0.12851409936634861
30 58 -0.02481722239930341
30 59 -0.020896132426104341
30 60 0.092766845851332824
30 61 -0.044521254309819333
30 62 -0.079456018441580442
30 63 -0.043442861683255472
30 64 0.1680390747103615
30 65 -0.098870043833007723
30 66 0.092293607940527669
30 67 -0.015803752980217117
30 68 0.041566508145178073
30 69 0.091762794697753128
30 70 0.18129330651141051
30 71 -0.013385489725555906
30 72 -0.12840785212960384
30 73 -0.032201705424202115
30 74 -0.0093247141231936077
30 75 0.0031955831413151589
30 76 -0.10443694563343078
30 77 -0.082320213991374791
30 78 -0.21506884389488753
30 79 -0.12807771881083377
30 80 -0.087308670420952847
30 81 0.055543312676303941
30 82 -0.15268583524973905
30 83 0.016660461515472593
30 84 -0.0013864671254344863
30 85 0.097203819142625061
30 86 -0.0092332725032917198
30 87 0.061334059489613138
30 88 0.14131820521178243
30 89 0.23612746060894724
30 90 0.14582261670970148
30 91 0.067237449601943264
30 92 0.025742100977670143
30 93 -0.097100487951045034
30 94 0.037043532127993682
30 95 0.028562182020358731
30 96 0.14973727975718004
30 97 -0.045279706923518875
30 98 0.16092572576500419
30 99 0.073300059694038286
31 32 -0.16467256017986831
31 33 -0.0099858461690079219
31 34 0.23666391784982854
31 35 -0.11118816790145775
31 36 -0.16256480964625614
31 37 -0.049718557012716352
31 38 -0.10164573132603283
31 39 0.13393104582332063
31 40 -0.072599191918765474
31 41 0.17344025472255453
31 42 0.016402155645439495
31 43 0.18714217699742869
31 44 0.10796460389948986
31 45 -0.0074412573627872583
31 46 0.028207159793514264
31 47 0.094256211492554656
31 48 -0.1320454003224662
31 49 -0.061395210126822045
31 50 0.05680648511853309
31 51 0.046302618582023232
31 52 -0.011714823491174208
31 53 -0.056526279573057309
31 54 0.023276739715405746
31 55 0.060437402588658262
31 56 0.042763874022991616
31 57 -0.017690729383647418
31 58 0.20540562689815067
31 59 -0.048135726867895662
31 60 -0.10512851225733362
31 61 0.072563794354889563
31 62 -0.076702751618711248
31 63 -0.098570424719875649
31 64 -0.18910783475034507
31 65 0.042251105789231837
31 66 -0.10484335840249775
31 67 -0.15256949557955432
31 68 0.15044851473019039
31 69 0.039664276416325535
31 70 -0.23300541907228781
31 71 0.011275045888451416
31 72 -0.038905251902190158
31 73 -0.11574530403561245
31 74 0.21691882720311528
31 75 0.07104035983115782
31 76 -0.018848497890454601
31 77 0.079597233851141549
31 78 0.10473729463181776
31 79 0.28429456250884527
31 80 0.00030875063765075473
31 81 -0.11253313087969402
31 82 0.044282387653650251
31 83 -0.17144663812802782
31 84 -0.1187353858936655
31 85 -0.061431459846862636
31 86 -0.021492608028253112
31 87 0.028455827990489582
31 88 0.0039565220648116999
31 89 -0.084820668163712837
31 90 -0.20340977746127811
31 91 0.031734656761841881
31 92 0.17305381248348572
31 93 -0.09266625064084838
31 94 -0.011441667815681254
31 95 0.075344140667806328
31 96 0.061896543667464554
31 97 -0.099433881792328149
31 98 -0.013092388178398393
31 99 0.017680418189643023
32 33 0.021576057943483492
32 34 -0.01468158615021416
32 35 0.0055410463510195407
32 36 -0.036840516398275812
32 37 0.0092482324710592961
32 38 -0.01948603802791482
32 39 -0.01209118692039997
32 40 -0.21271490797284903
32 41 0.0011820084164755927
32 42 0.058798209539500629
32 43 0.063862323663582535
32 44 0.010390969252780904
32 45 0.0014328066412012239
32 46 -0.05309245526841503
32 47 0.17808127440021146
32 48 0.13244152263539816
32 49 -0.15194216309871336
32 50 -0.018312006895549054
32 51 -0.0065909798758612458
32 52 0.027952102076112779
32 53 0.017177275084504274
32 54 -0.065712063971215762
32 55 -0.076328389025084237
32 56 0.16020945166639233
32 57 0.13486777612892861
32 58 0.072561180006002299
32 59 -0.18692253230989206
32 60 0.1299825977070522
32 61 -0.031283695255281824
32 62 -0.12213782554963259
32 63 0.21797201836143462
32 64 0.072420818648341642
32 65 -0.0055700481933074779
32 66 0.21769493188075839
32 67 -0.076500007592027006
32 68 -0.056521138661342243
32 69 0.23368347224577818
32 70 -0.13744382944886799
32 71 0.015387402268847473
32 72 -0.10255809208491473
32 73 -0.20165709928236236
32 74 -0.049110300194228157
32 75 0.025091157726696109
32 76 0.042089575008913881
32 77 0.21483615294249941
32 78 -0.016518283457273998
32 79 0.054651369010912679
32 80 -0.15539059115375445
32 81 -0.25085422615799557
32 82 -0.050335057925003181
32 83 -0.026848129922751231
32 84 0.035170867623046768
32 85 0.10458391729993317
32 86 0.091438553962841188
32 87 -0.12786443456960639
32 88 0.023507514023176329
32 89 -0.038498350837388992
32 90 -0.019968483121410523
32 91 -0.054148946995081493
32 92 -0.02501913139501279
32 93 -0.14444689119889059
32 94 0.033912164326396932
32 95 0.084857594156381833
32 96 0.16006207488182619
32 97 0.0025295412085371959
32 98 0.1273866767575563
32 99 0.13152796308426978
33 34 0.040748576996288075
33 35 0.027201683994093902
33 36 0.047911859545781116
33 37 -0.11055651032070196
33 38 0.01552098154075641
33 39 -0.11808317614728454
33 40 0.00085739367568398285
33 41 -0.013016387050235338
33 42 -0.085520661067940651
33 43 0.0018188048146419774
33 44 0.05676833565270864
33 45 0.064063012871211453
33 46 0.075909860452564246
33 47 0.19640112266387502
33 48 0.026334240140083072
33 49 -0.082208550881218548
33 50 0.21432490676960134
33 51 0.15491249600032664
33 52 0.0057171215010652122
33 53 -0.02725504446265907
33 54 -0.070438731799179602
33 55 -0.10962237736331162
33 56 -0.048633690177144695
33 57 -0.032243208533975741
33 58 0.12608533075513773
33 59 -0.19550644874388731
33 60 0.0086274754670922684
33 61 0.050605477354374963
33 62 0.11589341320621505
33 63 0.053942298162795999
33 64 0.15881366207758024
33 65 0.024777466570374402
33 66 0.042137312427634729
33 67 -0.06064130083648938
33 68 0.025042156133842499
33 69 0.045820668645577975
33 70 0.00093578703483712016
33 71 -0.070614466979957241
33 72 0.019766612494941743
33 73 -0.13635066283667033
33 74 -0.034375405106484319
33 75 0.10622161858291231
33 76 0.096328328833309496
33 77 -0.084697194124407002
33 78 0.020099120387071553
33 79 0.25404719869968928
33 80 -0.069220578004311611
33 81 0.11704615754985417
33 82 0.10241497609603523
33 83 -0.15637725452793461
33 84 0.0709060993204573
33 85 -0.14911011522106277
33 86 0.16554164577790384
33 87 0.19403536835524118
33 88 0.048135051484556483
33 89 0.023559482815359252
33 90 0.11575025920588587
33 91 -0.054128364528961394
33 92 -0.087360749705052199
33 93 -0.018072967967865294
33 94 -0.029113754519244792
33 95 0.072818737688292057
33 96 0.12699294924163448
33 97 0.010053899798866249
33 98 -0.026327198514276614
33 99 0.047168459798981516
34 35 -0.14860083513754416
34 36 0.17747430024297753
34 37 -0.070260765145258683
34 38 -0.055583506041022739
34 39 -0.092830032404865939
34 40 -0.0024096634164349749
34 41 0.10448770219001753
34 42 0.036876046829204839
34 43 -0.031947624985172146
34 44 0.0018919528516186728
34 45 -0.12595120035045868
34 46 -0.018219654286025327
34 47 0.074189442733102726
34 48 0.14786990029008562
34 49 0.061027092662631288
34 50 0.0093413203320579629
34 51 -0.046928849674953345
34 52 0.056923621566531871
34 53 -0.057727602664822075
34 54 0.10813957544363247
34 55 -0.049709687238754685
34 56 0.10294508622910069
34 57 0.030011939862836536
34 58 0.020067708271872695
34 59 0.066269546586633934
34 60 -0.05905923244814603
34 61 -0.013416354111658306
34 62 0.11259278874898225
34 63 0.050623515945772572
34 64 -0.17721061425071979
34 65 0.16087499889757945
34 66 -0.017021901901718924
34 67 -0.022083283758691341
34 68 0.18712015716254105
34 69 -0.064430754619776223
34 70 -0.0089846093973225977
34 71 -0.10504322330001314
34 72 0.0048295724185810768
34 73 0.14611822322581949
34 74 -0.0089188548481185306
34 75 -0.067891940018406399
34 76 0.063494734017489105
34 77 0.083535551503862826
34 78 0.12361711108035044
34 79 -0.10648077957870546
34 80 -0.073406966131826332
34 81 -0.028284151431377733
34 82 0.16055554174742007
34 83 -0.071857848796592114
34 84 0.0090099006621997234
34 85 -0.017415316245285396
34 86 0.12921206228915066
34 87 -0.1951518349353395
34 88 0.03546680123796981
34 89 -0.098719750216540794
34 90 -0.058931040140535608
34 91 0.06832712147595707
34 92 -0.070949098533621288
34 93 0.032395702134310748
34 94 -0.071904224801495817
34 95 -0.1805443391210593
34 96 -0.12461632600048854
34 97 -0.015880224987932276
34 98 0.076344970343985463
34 99 0.12237579463976414
35 36 -0.0100097168208826
35 37 0.079099561702039328
35 38 0.071677856443621443
35 39 0.028214071279791603
35 40 -0.07762268609403275
35 41 0.10633451830530037
35 42 0.091986713207845544
35 43 -0.0049160617612513209
35 44 -0.039438269088025987
35 45 0.042428170109804847
35 46 -0.082301366308024315
35 47 0.18485688969147673
35 48 -0.044642651797451229
35 49 -0.10547296976207042
35 50 -0.10721424891337522
35 51 0.080628418663325097
35 52 -0.062581108018689297
35 53 0.034625251742406195
35 54 0.008885425930885307
35 55 0.18899778991559477
35 56 -0.062275396550164203
35 57 -0.055093148543894993
35 58 0.081149446093276997
35 59 -0.0018961122840991168
35 60 0.0050708416809971523
35 61 -0.001392084700325149
35 62 0.054002506419551378
35 63 0.060481630921846642
35 64 -0.043955040887663971
35 65 -0.13433231041960553
35 66 0.049132913694511476
35 67 0.041838185528904032
35 68 -0.11665965218454862
35 69 0.10758885253610651
35 70 0.020196737762565607
35 71 -0.10774578283328461
35 72 -0.13948390965453547
35 73 0.02524458914731377
35 74 -0.1776183814453022
35 75 0.03740948880246165
35 76 0.044602999813738879
35 77 -0.10790537669656385
35 78 0.021946652971288481
35 79 0.020981780664040228
35 80 -0.0017903375413297576
35 81 -0.053549783125176581
35 82 0.013461762558700938
35 83 0.015041026223876387
35 84 -0.036999167375895085
35 85 0.13170166452101228
35 86 -0.037107184168590997
35 87 -0.0051864394425382822
35 88 0.044060907146477139
35 89 0.036719591691486086
35 90 0.02767489435571931
35 91 0.059422919128203147
35 92 0.052406895305484417
35 93 0.012092422131480263
35 94 0.075070659503740034
35 95 0.0088227834254899964
35 96 0.063965571353649636
35 97 0.12366514394397617
35 98 0.016466832626704783
35 99 0.17017210665720434
36 37 -0.033004896577923319
36 38 0.26714728237494245
36 39 -0.12680420030020897
36 40 0.043221942386859044
36 41 -0.045019981058233398
36 42 0.065677689066946057
36 43 0.012091560380277472
36 44 0.099389180168834468
36 45 0.14445918846136757
36 46 0.11597644624831611
36 47 -0.071785158525100146
36 48 -0.013096234509807162
36 49 -0.07579768729338035
36 50 0.01352620024172335
36 51 -0.017276286367493621
36 52 0.12025811756093473
36 53 0.21118904374283895
36 54 -0.018710149359795644
36 55 0.082743446551255109
36 56 0.1288262634695588
36 57 -0.0081714314200317262
36 58 -0.15064888498954887
36 59 -0.065978618579952839
36 60 0.091820187047815832
36 61 -0.18578437982612181
36 62 -0.014421097253429839
36 63 0.10165582902443474
36 64 0.03532948140531382
36 65 0.10578900001207414
36 66 -0.16362039510365955
36 67 -0.058514607348446802
36 68 -0.13618073747766846
36 69 0.045028170257341044
36 70 -0.029398517158306034
36 71 -0.11364102168936936
36 72 0.047885801695456365
36 73 0.0087130849974234124
36 74 0.049598045912638007
36 75 -0.068626874248107719
36 76 -0.047124830393728001
36 77 -0.23112648774169819
36 78 -0.087641463788755314
36 79 -0.097249089503458466
36 80 -0.011319457209502884
36 81 -0.10154760149035352
36 82 0.06286108160465069
36 83 -0.14835298513537876
36 84 -0.11596824987133231
36 85 0.0048877703533939691
36 86 0.30575293925548225
36 87 -0.025210239844012751
36 88 -0.067977808636787734
36 89 -0.26728119816354995
36 90 -0.01771339686782198
36 91 0.11951301895703965
36 92 -0.073197761139016534
36 93 0.064136022144011748
36 94 0.010270240796905937
36 95 -0.068609238526724792
36 96 -0.021157737637074098
36 97 0.068467397860269688
36 98 0.048219459527163298
36 99 0.20591460418844429
37 38 -0.04710481642969451
37 39 0.068061517647429737
37 40 0.22452890956803745
37 41 -0.061633021137741467
37 42 0.069314518940018374
37 43 0.17200663369086142
37 44 -0.096428043942551653
37 45 -0.11802275632800741
37 46 -0.044331298691154195
37 47 0.034845407773125649
37 48 0.15196972017636534
37 49 -0.16538679599476525
37 50 0.15042817391801669
37 51 0.17536474001495739
37 52 0.0028467622375581876
37 53 -0.039074607647881239
37 54 0.047397818859785112
37 55 -0.052120391697896451
37 56 -0.059904228148102173
37 57 -0.023836895187193993
37 58 -0.017599610533911066
37 59 -0.16617464844016716
37 60 -0.023301806512193126
37 61 0.027943466433173955
37 62 0.034859801478152923
37 63 0.21487987606157397
37 64 -0.082513320577487378
37 65 -0.0071221799894690243
37 66 0.16179924743075819
37 67 -0.062870241199651469
37 68 0.092830347741121144
37 69 -0.10991435331194606
37 70 0.0038348894707307432
37 71 0.017293814075290771
37 72 -0.016045294495550318
37 73 -0.042839098550297702
37 74 0.07318352960003062
37 75 0.15722401669716773
37 76 -0.12458945589081612
37 77 0.21447944435551897
37 78 -0.016731600051281516
37 79 0.024695545611077171
37 80 0.050293043820011846
37 81 -0.0071898758546478543
37 82 0.13439781483742749
37 83 0.14526091053920326
37 84 0.011013431072927335
37 85 -0.19790985279192735
37 86 0.13159177832995822
37 87 0.070572144153762992
37 88 0.011035649379523491
37 89 -0.12060389671923531
37 90 0.13030786803712777
37 91 0.072553672519965917
37 92 -0.1703015307963987
37 93 -0.087995204702573021
37 94 0.10500062921472347
37 95 -0.0045003767355434
37 96 0.00041261636229826965
37 97 -0.029484294385813598
37 98 -0.022851119693714374
37 99 0.012810347254215549
38 39 0.0058447432760655952
38 40 -0.049098815092022463
38 41 0.15290797938658396
38 42 -0.14850717128733479
38 43 0.012266195037180601
38 44 0.014671533273725727
38 45 0.059924753996620152
38 46 0.17945334104702881
38 47 0.0017984474659529784
38 48 -0.10930907630141251
38 49 -0.16724375878178302
38 50 -0.1583745359866896
38 51 0.079996223061845062
38 52 -0.072111281657712967
38 53 0.16058936360690904
38 54 0.080745233513730849
38 55 -0.010212983465371511
38 56 0.090503469162560274
38 57 0.16394019675730687
38 58 0.0095308691721668528
38 59 0.0093569588997227063
38 60 -0.064340067945679758
38 61 0.087266805828024416
38 62 0.11575015495556169
38 63 0.072036907967140476
38 64 -0.046666942828421008
38 65 0.015307976298418863
38 66 0.06984213091513522
38 67 -0.066116096374568931
38 68 0.12171777887757834
38 69 -0.023498283579722279
38 70 0.021573766815765047
38 71 0.22541202307670322
38 72 0.17957877537973943
38 73 0.074028856928165812
38 74 -0.0090013267551833261
38 75 0.060807292569993371
38 76 0.062740161195927444
38 77 -0.11695561585946326
38 78 -0.10432940558833503
38 79 -0.042309081588141562
38 80 0.061139542978251131
38 81 0.0046321714769343575
38 82 0.0081005571546043428
38 83 0.16109294232047375
38 84 0.015378119415733853
38 85 0.080112450673169161
38 86 0.18357623231863174
38 87 0.048708123503111184
38 88 -0.13651231562609145
38 89 -0.051784806184593947
38 90 -0.11275715299417
38 91 -0.18824814523253952
38 92 0.11560443094817115
38 93 -0.014970330427441021
38 94 -0.065960871446352778
38 95 -0.029636509511775579
38 96 0.00015619777438979969
38 97 -0.036724742157741325
38 98 -0.069076492982448029
38 99 0.091194714216445649
39 40 -0.077084469829368493
39 41 0.031339466890196128
39 42 0.03479293605503133
39 43 -0.10891891554123559
39 44 -0.0146935167234802
39 45 -0.034236382572277645
39 46 -0.079879674122260449
39 47 -0.0036195649771037248
39 48 -0.1722091846623712
39 49 0.31256461012053371
39 50 -0.037654333951106587
39 51 0.18592127905134909
39 52 -0.1538774739623372
39 53 -0.0056581368092762244
39 54 0.05243295495488301
39 55 0.11354680198112249
39 56 0.073011342583958694
39 57 0.10353825868074154
39 58 0.0069821602608162022
39 59 -0.097839028511486612
39 60 -0.031544239853693555
39 61 0.11103297754870821
39 62 0.019699342268404217
39 63 -0.18255814011601834
39 64 -0.0022227252754555412
39 65 -0.034052450289116139
39 66 0.025740297882432719
39 67 0.12041526789030524
39 68 0.083293915092140611
39 69 0.015990071959125975
39 70 -0.090772603661515974
39 71 0.011712240199176382
39 72 -0.0077825718084847534
39 73 0.010903301370184026
39 74 -0.15279528362629535
39 75 -0.0051368090542858293
39 76 0.1253355891511784
39 77 -0.0062480460932428207
39 78 -0.22252627575558026
39 79 -0.10151022402937625
39 80 -0.06549851417474889
39 81 0.037127981723476353
39 82 0.15260950561497566
39 83 -0.12413644429250968
39 84 0.038243918442945474
39 85 -0.17251585308574818
39 86 -0.13179956870597115
39 87 0.22169913887542642
39 88 -0.15369350069315293
39 89 -0.030022681983771934
39 90 0.13026973270891304
39 91 -0.18799174614368858
39 92 0.010951625022811454
39 93 -0.10911284742322871
39 94 -0.085647266370135686
39 95 0.0052236270325627318
39 96 0.082665598201459245
39 97 -0.2646146858510332
39 98 -0.028831092797017302
39 99 0.10382379255947159
40 41 -0.031413857053789934
40 42 -0.077673057676601723
40 43 0.01684960890933351
40 44 -0.11620735927470578
40 45 0.0016962095260045443
40 46 -0.075822023051202933
40 47 0.084254981552550942
40 48 -0.028857668509164609
40 49 -0.025056619738353422
40 50 -0.063755000867649347
40 51 0.033403585655683986
40 52 0.070139800636871349
40 53 -0.041033134211853506
40 54 -0.20570624476803784
40 55 0.11986759049439533
40 56 0.12800320400280746
40 57 -0.12561924538820185
40 58 0.070486305237896604
40 59 0.053854344230143271
40 60 0.10306142752016086
40 61 0.0031647851323948584
40 62 0.20816366124562027
40 63 0.039746100661688377
40 64 -0.035475536100820333
40 65 0.024842229484395205
40 66 -0.050157267608738093
40 67 -0.089424433758702418
40 68 0.041634992387393904
40 69 -0.039928860652099808
40 70 -0.019684033484985316
40 71 -0.10147122355112788
40 72 -0.15962446651305698
40 73 0.15470183075273469
40 74 0.064773903903146565
40 75 -0.24526751374747718
40 76 -0.11268337622864544
40 77 -0.047819176007244057
40 78 0.030831727550783245
40 79 0.0042817336195844257
40 80 0.006824651062838436
40 81 -0.081048448823096669
40 82 0.012946095633601882
40 83 -0.050291239372688451
40 84 0.032159116932565242
40 85 -0.015134248447617529
40 86 0.12986486586444335
40 87 0.14141652770691726
40 88 -0.1880873368837182
40 89 0.019378396535552705
40 90 0.11542567394775072
40 91 0.031161105989039341
40 92 0.053444516813340705
40 93 -0.1688068249516114
40 94 0.065572702686535228
40 95 0.072336259426867472
40 96 0.08216327618072912
40 97 -0.13173265805454981
40 98 -0.08183561487455572
40 99 0.043464972509512062
41 42 -0.024433924500873019
41 43 0.060293738815347719
41 44 -0.18935224664559547
41 45 -0.044784153437897552
41 46 0.10423165897158736
41 47 -0.11310637964280031
41 48 0.10514080413102629
41 49 -0.21563035152577933
41 50 0.038236309211568148
41 51 -0.04259550696126467
41 52 0.029351525314472399
41 53 -0.092666711627017395
41 54 -0.013230843292494269
41 55 -0.019981023406459412
41 56 -0.15423372342468136
41 57 0.025326642399866657
41 58 -0.036800241861431014
41 59 0.025437268614957965
41 60 0.094651036610725658
41 61 0.15116879711095757
41 62 -0.0031619958718573046
41 63 0.024589706064652272
41 64 0.0097306928945635023
41 65 0.03773903436031241
41 66 0.15229288566129284
41 67 0.12787939104686874
41 68 -0.092873187908497051
41 69 -0.14509718275991393
41 70 -0.011883999997853216
41 71 0.21487157740536694
41 72 0.12967153182972316
41 73 -0.011101690375564053
41 74 0.093371776143941279
41 75 0.078399629873153076
41 76 0.14149368965169196
41 77 0.010132562273171303
41 78 -0.042205930669257749
41 79 -0.19113920141349303
41 80 -0.013352169558093485
41 81 -0.15333225107199966
41 82 0.041098892075827287
41 83 0.053726683526410191
41 84 0.26716826815239098
41 85 0.006227458307684077
41 86 -0.23849442461082401
41 87 0.044190405281567473
41 88 0.082397871973081419
41 89 -0.066712379533400798
41 90 -0.19350706178169774
41 91 -0.066001878900037503
41 92 -0.046977631850103861
41 93 0.014572654494368762
41 94 0.038224424701613899
41 95 0.069164385785278296
41 96 0.013631352986771463
41 97 -0.09933691870332563
41 98 0.042584833087392464
41 99 0.010614377892072971
42 43 -0.020614652836205411
42 44 0.15190523660110708
42 45 0.12928697402841455
42 46 -0.065192573409072377
42 47 -0.026672902804894223
42 48 0.066714912514332203
42 49 -0.21084428122245569
42 50 -0.1161815727124323
42 51 -0.23052901273117296
42 52 0.014974561385541188
42 53 -0.12598333870183778
42 54 0.12717993669844632
42 55 -0.18543683623836238
42 56 0.081006334209494699
42 57 0.15780627257293289
42 58 0.24144440781564189
42 59 0.10096745677446316
42 60 -0.024201950343608357
42 61 -0.17533295020104836
42 62 0.019236883789248913
42 63 0.049189675207243683
42 64 -0.14265583146892752
42 65 -0.056133682173798306
42 66 0.12764792995035726
42 67 0.11733648299098497
42 68 0.027580105010206163
42 69 0.015088463268777339
42 70 0.16648671471109308
42 71 -0.011880266713349151
42 72 0.052129238486834539
42 73 -0.0090854741332718116
42 74 -0.18553391783261169
42 75 -0.025967083805251059
42 76 0.18639522987341856
42 77 0.096036261284697111
42 78 0.021002678068896247
42 79 -0.19811126131717963
42 80 -0.06081268305793093
42 81 0.07064996397446334
42 82 -0.17133416914957192
42 83 0.044263535010240412
42 84 -0.17435586007014969
42 85 0.10901173215122391
42 86 0.066632269958961654
42 87 0.023981885516679249
42 88 -0.026565158360028825
42 89 0.047177083563961747
42 90 0.046659994116315051
42 91 -0.014627743392282908
42 92 0.059258211355737389
42 93 0.020904182199117782
42 94 0.073876811223707053
42 95 -0.02722442100844218
42 96 0.084280755681694519
42 97 -0.05098120624022702
42 98 0.13918616203773468
42 99 0.1048927668063116
43 44 -0.053308031018403035
43 45 -0.031046512071950944
43 46 0.046431327205970055
43 47 -0.087040992603225231
43 48 -0.2580998858035714
43 49 0.010604909138691207
43 50 -0.18896731054945634
43 51 0.083884315852923969
43 52 -0.066714700045444927
43 53 -0.20399406722279229
43 54 -0.15943281463311187
43 55 -0.052403441691741749
43 56 -0.059962287790288095
43 57 -0.11505292799304637
43 58 0.13128432015106337
43 59 0.065705218463124854
43 60 0.11361701679322606
43 61 -0.13737819788849762
43 62 -0.047366640887884108
43 63 0.073011530792831444
43 64 0.03080619643904501
43 65 0.13614426222799683
43 66 -0.2588333408789254
43 67 -0.2038388817174458
43 68 0.036318933187990191
43 69 -0.14006834306476743
43 70 0.017065386379856957
43 71 -0.034489104484225784
43 72 -0.017549888836271593
43 73 0.17045611453015655
43 74 0.1050350341252681
43 75 -0.053216904453031171
43 76 0.01456654250834772
43 77 0.100974803542337
43 78 -0.057232139477483374
43 79 0.13766919992138346
43 80 -0.10288876922637068
43 81 0.017763875348014713
43 82 -0.09049079614836264
43 83 0.19562942349334245
43 84 0.0080356973399379767
43 85 0.076505185973423429
43 86 0.057978653869198316
43 87 -0.037008544262851717
43 88 0.033216332084652272
43 89 -0.095599786807800555
43 90 0.051825157928745307
43 91 -0.10621846154388813
43 92 0.020803210500099621
43 93 0.0025569833839829328
43 94 0.17417253624190121
43 95 -0.20343606196877265
43 96 -0.06521938972124075
43 97 -0.13331610875842345
43 98 0.19761174627017875
43 99 -0.00034800981987303099
44 45 -0.26518134842953794
44 46 -0.0061882474874851009
44 47 -0.07683842607490908
44 48 -0.11223298319362417
44 49 -0.11213328003803918
44 50 0.067423961871325391
44 51 -0.029968911669261158
44 52 -0.19619846308675459
44 53 0.090863967389590558
44 54 0.041477163113594694
44 55 -0.062661431907149415
44 56 -0.10534000571234137
44 57 -0.26560703174443551
44 58 -0.1723857065815684
44 59 0.083919741190902286
44 60 -0.18675056603649826
44 61 -0.078216783639671661
44 62 0.19650624880658502
44 63 -0.023596037231206901
44 64 -0.0005072100915212151
44 65 0.057082218110429239
44 66 -0.08855945373089924
44 67 0.087781635355258306
44 68 0.085460755319468673
44 69 0.12614154138322867
44 70 -0.034670006721827427
44 71 -0.094734676484732966
44 72 0.13346051565997658
44 73 -0.0070759552357189497
44 74 0.026495244991971978
44 75 -0.25342855177959439
44 76 -0.15193900680965053
44 77 0.14830859232510138
44 78 -0.011651701768864655
44 79 0.23402700711701702
44 80 0.0024391419236993485
44 81 0.081660923743710256
44 82 0.039207805292356117
44 83 -0.076084190309363198
44 84 -0.023296447868872899
44 85 0.089528555227180687
44 86 0.020812094587133262
44 87 0.029797755391499616
44 88 -0.12431656631559625
44 89 0.0033365188256105566
44 90 -0.024391320925304293
44 91 0.065649166004772344
44 92 0.10757468558545179
44 93 0.071366749254498582
44 94 0.022000084734688122
44 95 -0.054576428029365742
44 96 0.21931308510036882
44 97 0.05784695448322668
44 98 -0.057036031047638651
44 99 0.059779375985199584
45 46 0.036381338957824409
45 47 0.1023639009566856
45 48 0.047659076623217958
45 49 -0.10802627703667547
45 50 -0.04497409355683616
45 51 -0.080453042668119798
45 52 -0.013935570938618811
45 53 0.18803242406352777
45 54 0.1609056608854639
45 55 -0.028259557238610036
45 56 0.0020732130739647757
45 57 -0.055797768150620243
45 58 0.020450760393992424
45 59 0.0483665352238139
45 60 0.052107959727679634
45 61 0.02900339804384245
45 62 0.040503543050019131
45 63 0.0099023980102307882
45 64 0.093287588179575859
45 65 0.097773587028252534
45 66 0.19458289684556629
45 67 0.096801992812472995
45 68 0.14457296061350441
45 69 -0.16549863857576286
45 70 0.091479659851329609
45 71 0.020462366830316284
45 72 0.035659646208635695
45 73 -0.11937954367598147
45 74 0.16850978595045851
45 75 0.13033474890497401
45 76 -0.29661176040394305
45 77 -0.12557956041456739
45 78 0.13879182028866455
45 79 0.1205861072223402
45 80 0.031647088693189752
45 81 -0.0082363181057107365
45 82 -0.08582690696018809
45 83 0.051081285013899594
45 84 0.050951015341774201
45 85 0.071034943690179778
45 86 0.027807949582248127
45 87 -0.13856961306821011
45 88 0.077932348359877709
45 89 -0.072700746181475956
45 90 0.15368507161976083
45 91 0.0042522566990391454
45 92 0.027539449534126667
45 93 0.060361489916374828
45 94 -0.053195549095193209
45 95 0.0096588953471015201
45 96 -0.030997791032239697
45 97 0.096323969246869423
45 98 0.15045834044344564
45 99 -0.016735979681745932
46 47 -0.053499348791317937
46 48 0.071000752287974325
46 49 -0.0037965022062205014
46 50 0.043896222518368382
46 51 -0.038089197673530341
46 52 0.10537296858021186
46 53 -0.075411735171773048
46 54 0.050321406944543179
46 55 -0.11197373617971779
46 56 0.0087651427107131238
46 57 0.12805355270159025
46 58 0.021578982869134986
46 59 0.072384825054994509
46 60 0.036359443791010512
46 61 -0.015104909925408744
46 62 0.045828659792120072
46 63 -0.00081994904495080343
46 64 -0.069237371913573917
46 65 -0.040054958936627839
46 66 0.062706517152231842
46 67 -0.038457175310353538
46 68 0.088681470745615554
46 69 -0.016152156394998389
46 70 0.054283818369438963
46 71 -0.11714660872000465
46 72 0.028924635849726987
46 73 0.1686865365819108
46 74 -0.13208642817156099
46 75 0.0040126339198815475
46 76 0.02750656171316343
46 77 0.051318105494208448
46 78 0.010989107311324284
46 79 -0.015540492268667239
46 80 -0.014568221745488713
46 81 -0.093704294391028287
46 82 -0.022203861454217062
46 83 -0.112035578096946
46 84 -0.21661263994111493
46 85 0.037027526314907196
46 86 -0.17966172935203573
46 87 -0.06288104355224132
46 88 -0.04478543435360989
46 89 -0.17876870150672125
46 90 -0.074727495018855089
46 91 0.0018395833229178473
46 92 -0.05090083676099847
46 93 -0.075065238011430085
46 94 0.010720589608557349
46 95 -0.10360900452420208
46 96 -0.076702185799587569
46 97 0.0376975469930717
46 98 0.097913778778413757
46 99 0.074046329800517494
47 48 0.024983078103610522
47 49 0.00070621735927102697
47 50 0.031219829620942826
47 51 0.12033719404501036
47 52 0.15604545170205145
47 53 -0.1219485276976551
47 54 -0.16174171706212215
47 55 -0.028903097774986199
47 56 0.087630148196535515
47 57 0.093829107584966723
47 58 -0.023528675662874504
47 59 0.065291364581133451
47 60 -0.047963195024110256
47 61 -0.11243148130166909
47 62 -0.068808555041223976
47 63 0.11361704589443498
47 64 0.028413662424896909
47 65 -0.047257672391674943
47 66 -0.012064154390827204
47 67 0.0057097506881576476
47 68 -0.028328873195961508
47 69 -0.015776399966548175
47 70 0.02125577839942348
47 71 0.031875184151201372
47 72 0.0023798563828310079
47 73 -0.041602492446225228
47 74 0.04363404094061249
47 75 -0.091691025964683412
47 76 0.10932264383312254
47 77 0.12540589332762764
47 78 -0.049590877740528748
47 79 0.02095809422165577
47 80 0.20548128546463157
47 81 0.14999257101805738
47 82 0.095925926444285242
47 83 0.12152369232894596
47 84 0.019820037495283105
47 85 0.049893810462934167
47 86 0.044544105455272202
47 87 -0.046789423361241492
47 88 0.27769468100731931
47 89 -0.097837418742182936
47 90 -0.055688915991084692
47 91 -0.0846316522579348
47 92 0.092104243355680945
47 93 -0.031970904863460901
47 94 -0.13020039883402659
47 95 0.0089739867559724476
47 96 -0.19199309471912784
47 97 0.045173014769645296
47 98 0.056188672754436481
47 99 0.022926837822796173
48 49 0.059785949289850683
48 50 -0.11565485444630463
48 51 -0.0092759766244406225
48 52 -0.10998947177769831
48 53 -0.0032175430908346174
48 54 -0.076787405581021373
48 55 0.00040008817222882023
48 56 0.041129514106876874
48 57 -0.08818240131613056
48 58 -0.062809750352211244
48 59 0.14300281722661587
48 60 0.049417740435297175
48 61 0.019608858655061932
48 62 -0.12725949178254747
48 63 0.064396024871777105
48 64 -0.18741508688357841
48 65 -0.089569471254357963
48 66 0.062040640929649143
48 67 0.21411702450022557
48 68 0.042163320917561663
48 69 -0.022135100630637002
48 70 -0.13321438461921228
48 71 -0.14015756323073486
48 72 0.065652530571147519
48 73 0.1054162285173868
48 74 -0.0066746119140474059
48 75 -0.16864606254170544
48 76 0.013696151488646981
48 77 -2.8337775199765026e-05
48 78 0.10204510941712604
48 79 -0.083055189451479494
48 80 0.053469354816645255
48 81 0.126534878424542
48 82 -0.17936734741325369
48 83 -0.09655454459872434
48 84 -0.027405207009228438
48 85 -0.0022453362669222188
48 86 0.05529088029334428
48 87 0.063607879324151226
48 88 0.12927876382037948
48 89 0.035155859515133517
48 90 0.089514811825017401
48 91 0.030216251835382953
48 92 0.083821794707734043
48 93 -0.019624291445731239
48 94 0.058682553303723829
48 95 0.023192498905826364
48 96 0.14250825605978854
48 97 0.059613461537743245
48 98 -0.013542916842603539
48 99 0.011568867767193611
49 50 0.18897979368597836
49 51 0.21041608030898346
49 52 -0.044541780508377038
49 53 -0.082838353061602435
49 54 -0.016571565064553578
49 55 0.099889720088426115
49 56 0.065926429270093651
49 57 0.078461128312140416
49 58 0.02457720631438777
49 59 0.10832248165228774
49 60 -0.049552604380929934
49 61 -0.026987774197632586
49 62 0.069972089294802878
49 63 0.012264463321636599
49 64 -0.050622886853610341
49 65 0.023417953754563084
49 66 -0.13456827324183432
49 67 -0.027545932916873229
49 68 -0.083010109777586924
49 69 -0.086494339879985643
49 70 -0.089326328401980556
49 71 0.038139907612544689
49 72 -0.066333449627104607
49 73 0.16327384353252
49 74 -0.020946640025751764
49 75 0.06839853012003437
49 76 0.22957584714144474
49 77 -0.090761806488578567
49 78 -0.20968578098743698
49 79 0.016205565637287929
49 80 0.056598550844162071
49 81 0.16928577450237525
49 82 -0.091929529391877943
49 83 -0.015817107562928173
49 84 0.039656593553029279
49 85 0.29025627788129171
49 86 -0.08345694106943663
49 87 0.013891716721028147
49 88 0.16195128676415685
49 89 -0.015347880273095776
49 90 0.016568947027011113
49 91 0.11837296478874176
49 92 -0.068006379009382667
49 93 -0.044152845162327398
49 94 -0.0059810094518660357
49 95 -0.073584028711095359
49 96 -0.00504258687673057
49 97 0.12432511702948984
49 98 0.00093850253000494631
49 99 -0.11939671828270249
50 51 0.089358874398179411
50 52 -0.014943345277424218
50 53 0.083690480399982101
50 54 0.040394111154342792
50 55 -0.10727395177179251
50 56 0.067420636312132243
50 57 0.21461017859813689
50 58 0.031957163265862211
50 59 -0.053939400638104942
50 60 0.055607803396183424
50 61 -0.058268931359357568
50 62 -0.096775715503973278
50 63 0.036695865832209879
50 64 -0.097032767821903149
50 65 -0.082878054769552623
50 66 0.020167851953029683
50 67 -0.17108391364542822
50 68 0.062249465780174484
50 69 0.020100313184314343
50 70 0.05382031216573805
50 71 0.071914844455001944
50 72 -0.087518138277123014
50 73 -0.069408386971664904
50 74 0.083499263510859276
50 75 0.030991813492665915
50 76 0.06809588600775944
50 77 -0.22728361126987459
50 78 0.17692440860290468
50 79 -0.0073130965329312823
50 80 0.075677368842179071
50 81 0.0080600946144107882
50 82 0.098012881834415866
50 83 0.0018297535429573726
50 84 0.014571428927885495
50 85 0.022009208045254854
50 86 -0.25587551188853841
50 87 0.01571983480801107
50 88 0.15905380373560998
50 89 -0.088746490143953666
50 90 -0.04021981410912806
50 91 -0.19647147242857796
50 92 0.028162821707470854
50 93 0.066987747363531386
50 94 0.34599850282513334
50 95 0.081913996128240921
50 96 -0.046040038236664693
50 97 0.0063724813419136564
50 98 -0.18581025474793447
50 99 -0.090072898088058462
51 52 0.075621780674949637
51 53 0.033235295262628022
51 54 -0.21338795740675282
51 55 -0.07135212713375548
51 56 -0.019312911665888846
51 57 -0.045729272488396706
51 58 -0.13597868469744245
51 59 -0.021202899590566891
51 60 0.047112039777846046
51 61 -0.10495926577360759
51 62 0.073348049650992647
51 63 -0.061368831525549575
51 64 0.077341966952302679
51 65 0.080740147191185885
51 66 -0.025162130166562515
51 67 0.091111780268142442
51 68 0.15666707402488225
51 69 -0.025405783017623803
51 70 0.055254564181899037
51 71 -0.19516472393398343
51 72 0.038122123435024018
51 73 -0.18215711166700421
51 74 0.045026466287921674
51 75 0.034176670775020963
51 76 -0.060236172270430835
51 77 -0.19422514609750463
51 78 0.064910880471377649
51 79 0.052853551786988119
51 80 0.097032725195090028
51 81 0.063605888063228061
51 82 -0.056981571075635784
51 83 0.15753068167021628
51 84 -0.12633816933812611
51 85 0.07134751070958241
51 86 0.00075704130957719544
51 87 0.052045786125781868
51 88 0.2177941062745172
51 89 0.0028213601557101928
51 90 0.13545202873321779
51 91 0.16182179812947572
51 92 -0.042315712806045354
51 93 0.0042751259078875527
51 94 0.043929417488725746
51 95 0.12973382798948657
51 96 0.11880971336529114
51 97 -0.02526306644422447
51 98 -0.13799501221162189
51 99 -0.0824731658608997
52 53 0.089256960419405451
52 54 0.10389035696941405
52 55 0.0057246347938862347
52 56 -0.12601340457399918
52 57 0.1886445740652494
52 58 -0.095814618529493328
52 59 0.17649483155129675
52 60 0.048832993609073415
52 61 -0.15894180134537328
52 62 -0.097660665810201705
52 63 0.15109843145591467
52 64 0.087099036021452164
52 65 -0.060716852000025773
52 66 0.04606147305398027
52 67 0.12106969432868174
52 68 0.017345736381450021
52 69 -0.027538323888361995
52 70 0.26703942754305438
52 71 -0.096460624704439349
52 72 -0.045023571243198807
52 73 -0.12733347339608719
52 74 -0.14742692760531123
52 75 0.17505769065583654
52 76 -0.021618135951017858
52 77 0.065994228884621003
52 78 0.03914851674239378
52 79 -0.028996085783737524
52 80 0.12441734296140146
52 81 -0.074530395282694076
52 82 0.059402532944072162
52 83 -0.12243233332935621
52 84 -0.047904884896133162
52 85 0.054869592925489756
52 86 0.11943289403131202
52 87 0.050604269016937369
52 88 -0.09491340424125666
52 89 0.20963610121680898
52 90 0.013322365189067846
52 91 -0.013632488919411549
52 92 -0.0025452807375961803
52 93 -0.29331713691007616
52 94 -0.060664716775410799
52 95 -0.12601693578930484
52 96 0.021557130558763422
52 97 -0.090179115690214459
52 98 -0.018348300239042787
52 99 0.030483333785829347
53 54 -0.024150639913748159
53 55 -0.013014125184820945
53 56 -0.19953374790408696
53 57 0.010913944439920819
53 58 0.029837090560629265
53 59 -0.044553367962119755
53 60 0.034091960995468823
53 61 0.082638013677910946
53 62 -0.0072076400650054303
53 63 -0.14721476811208953
53 64 0.039182735508935695
53 65 0.15842007033123984
53 66 0.12514683939594007
53 67 0.15954711903254754
53 68 -0.02298475161136293
53 69 0.11893598325192317
53 70 -0.068907651015476495
53 71 0.066383326561903253
53 72 0.047155114913319494
53 73 -0.036979939245898034
53 74 0.10833017956685312
53 75 -0.0373125732973425
53 76 0.10163833853235615
53 77 0.0059980513948836578
53 78 0.17868098847720584
53 79 0.14280086033383088
53 80 0.02097962726600696
53 81 0.12368655439063503
53 82 0.0277102578923774
53 83 -0.021172078607374353
53 84 0.01557948306860452
53 85 -0.13537980194845231
53 86 -0.14662915437473523
53 87 -0.08491945795849011
53 88 -0.16582866952310985
53 89 0.082235772416749703
53 90 0.078813633028434596
53 91 -0.079804757581172753
53 92 0.02589851386799823
53 93 0.0046487259038865657
53 94 -0.095875129133116521
53 95 0.18991602968072865
53 96 0.0013939472397258431
53 97 -0.20431348117247905
53 98 0.08162092425569574
53 99 0.03764030342065481
54 55 -0.10069754704902392
54 56 0.054241645258773265
54 57 -0.096006460064157514
54 58 0.049997392313137205
54 59 -0.035651249682846407
54 60 -0.13431083848987657
54 61 -0.042501631480784251
54 62 0.035114464835445301
54 63 -0.066109171932971875
54 64 -0.029550234136849565
54 65 0.013258381350459239
54 66 0.076248443452889794
54 67 -0.064111636629137936
54 68 0.0022998572519889473
54 69 -0.0087518639750635875
54 70 -0.0184042439018594
54 71 0.19515726887086135
54 72 -0.10081818138101811
54 73 0.035392528199301873
54 74 0.086394271238570061
54 75 0.086344671311610638
54 76 -0.056124324779153294
54 77 -0.015083350364521495
54 78 -0.04337523276944788
54 79 0.11187801802161182
54 80 -0.31864636997994722
54 81 0.06304784289511807
54 82 -0.033140175602255455
54 83 -0.069908960313488047
54 84 0.056299433744818689
54 85 -0.015841120315751252
54 86 0.019358745001169533
54 87 -0.042305038541096143
54 88 -0.012866610113148181
54 89 -0.12453841149732753
54 90 0.0030913901875363782
54 91 -0.019136580153329887
54 92 -0.060986081941177821
54 93 0.055811297233993779
54 94 0.075956478149733192
54 95 0.060930943638255089
54 96 -0.10046886474915612
54 97 0.044066825054802312
54 98 -0.0062689841289505629
54 99 -0.050156903883064888
55 56 -0.061927731433464306
55 57 -0.27488254012046381
55 58 -0.10977907314345628
55 59 -0.0078407206659318763
55 60 -0.14074446823213235
55 61 0.11007261768760666
55 62 -0.08018827611555901
55 63 0.017502717789498731
55 64 0.099591944416777822
55 65 -0.084234472593243861
55 66 -0.12860600226268362
55 67 0.042632804271025525
55 68 0.084149080586818539
55 69 -0.046901485708545299
55 70 0.02219888203362376
55 71 -0.032388530944498839
55 72 0.06797990267395064
55 73 -0.050995701066341541
55 74 -0.22627307567125188
55 75 0.0087996716673467406
55 76 -0.01571499565916111
55 77 -0.0037496621725478969
55 78 -0.034501749581805623
55 79 -0.012185130953503027
55 80 -0.12029229788527084
55 81 0.018912222718418359
55 82 0.083546993459200913
55 83 0.14017223599434844
55 84 0.12070255900942813
55 85 -0.064344435732767824
55 86 0.050786586542355162
55 87 0.037109527503198562
55 88 0.0067224897972478249
55 89 -0.041007069651224075
55 90 0.042529897409751397
55 91 -0.06400415304747871
55 92 -0.022362653046561751
55 93 -0.062984559294293682
55 94 -0.057070075930948476
55 95 -0.133251443796396
55 96 -0.0027635582891927454
55 97 0.10674485179516378
55 98 -0.044237338941050905
55 99 -0.19732333141739597
56 57 -0.062649127327126172
56 58 -0.046791490684545065
56 59 0.1110633235489626
56 60 0.085809621974547334
56 61 0.013459135095072544
56 62 0.15480928195946844
56 63 -0.096672979914426915
56 64 0.20479245660267417
56 65 -0.057043406830223291
56 66 -0.19021637037708683
56 67 0.050901281574336744
56 68 -0.023338789693988646
56 69 0.13209958233039049
56 70 -0.031630371172432371
56 71 0.031228200247928814
56 72 -0.037546781192771939
56 73 -0.079227222823920987
56 74 -0.12157889418015824
56 75 -0.081314847289685216
56 76 0.24614934680939329
56 77 0.10817648482674401
56 78 -0.059594174105553246
56 79 -0.2121630271374858
56 80 0.10560696102408701
56 81 0.016276164987362004
56 82 0.089627545628335956
56 83 -0.05573359824577049
56 84 0.10871211292769666
56 85 -0.093055895813969308
56 86 -0.041803949949727998
56 87 0.036890230902954672
56 88 0.0066406211214813174
56 89 0.031234566406717214
56 90 0.055732730920890698
56 91 -0.076200995991592205
56 92 0.069399091231675758
56 93 -0.058700128455500336
56 94 -0.064690560398047742
56 95 0.084010256457100363
56 96 -0.032316123911899496
56 97 -0.1201216104174689
56 98 0.027796137239658722
56 99 -0.048971125083646351
57 58 0.025159653525263906
57 59 -0.032276252743609679
57 60 0.1607378777498443
57 61 -0.061089143573616056
57 62 0.037043115688144487
57 63 -0.024425117698235549
57 64 -0.0086981176029068113
57 65 -0.037241107850199955
57 66 -0.12197988841262369
57 67 0.066245111135569607
57 68 -0.015524747855752445
57 69 0.045783523429459877
57 70 -0.0076257440112619231
57 71 -0.15971066111415499
57 72 0.1591130232100354
57 73 -0.19046869991509308
57 74 -0.20230416379521948
57 75 0.032608215590984278
57 76 -0.13752089602829318
57 77 0.045419802996626651
57 78 -0.030220751235027633
57 79 -0.051422213139887818
57 80 0.097213410253215171
57 81 0.083281149313214856
57 82 0.1416855284077275
57 83 -0.069963299065917459
57 84 -0.063814860908238596
57 85 0.11758713024162551
57 86 -0.072436316150006189
57 87 -0.0049659221815183362
57 88 0.15233184950632733
57 89 -0.048078451805535063
57 90 -0.019029408294039055
57 91 0.042555346155478707
57 92 -0.09964243740246613
57 93 0.16042282212043169
57 94 0.048508295285260274
57 95 0.23551672151608105
57 96 0.024500682430004472
57 97 -0.00019173343466686373
57 98 0.055902839486371203
57 99 0.004902626323379039
58 59 -0.011544337078010201
58 60 0.068928487223661059
58 61 -0.0058390427236991232
58 62 -0.03119664454934324
58 63 0.16830851156065163
58 64 -0.28141544610327246
58 65 -0.15856597973985351
58 66 -0.070405932423398418
58 67 0.061820553337346665
58 68 0.14958038355356498
58 69 -0.063455075549425616
58 70 0.15669599197493422
58 71 0.1520413331713224
58 72 -0.088906480750367736
58 73 0.077530412804846793
58 74 -0.042327006009596539
58 75 -0.093300996778137468
58 76 -0.096039449923281714
58 77 -0.083420952368272086
58 78 -0.17557865207253334
58 79 0.1291617606903441
58 80 -0.014562501361124986
58 81 -0.10541457398598385
58 82 0.015423851266229305
58 83 -0.025096156997963328
58 84 0.068995554329945669
58 85 0.068049069163185899
58 86 -0.012275066207740463
58 87 -0.076689749669313842
58 88 -0.082482261499935039
58 89 -0.068138206253219105
58 90 -0.11040791029292807
58 91 0.018667292245624068
58 92 0.00099686766686157987
58 93 0.030845964819901692
58 94 0.0015901710640802303
58 95 0.082194769706465887
58 96 -0.16603876488815128
58 97 -0.036878861561968894
58 98 0.16241253288485843
58 99 -0.029814108047305915
59 60 0.043312369686394125
59 61 0.10270405097699752
59 62 0.030219909151691794
59 63 -0.037456295312515722
59 64 0.0097253818883600972
59 65 -0.12052690709586747
59 66 -0.052441829332180945
59 67 0.010689534249009501
59 68 -0.0048639579071539539
59 69 -0.098452816272496468
59 70 0.1027761329355491
59 71 0.079485994126119369
59 72 -0.061335379021115966
59 73 -0.095390633350585535
59 74 -0.031151606023247225
59 75 -0.0013697884602965171
59 76 0.052922384840057339
59 77 -0.073252233502761763
59 78 0.0073862713610273788
59 79 -0.20542361686077237
59 80 -0.01962171050369961
59 81 -0.081305864695617069
59 82 -0.1385020576939516
59 83 -0.022436070550739113
59 84 0.094900465412198098
59 85 0.057787629149988577
59 86 0.2234806244665653
59 87 -0.21609825418706469
59 88 -0.048470378286583911
59 89 0.056432176361162767
59 90 0.073358438555174307
59 91 -0.052712213204505101
59 92 0.038991630405893547
59 93 -0.12879081579300811
59 94 0.10822431465059515
59 95 0.099189421768472646
59 96 0.073286896292751827
59 97 0.051510095049758592
59 98 0.00070026954784682791
59 99 0.0084857219600144272
60 61 -0.091186863712363342
60 62 -0.0063135818765491835
60 63 -0.089022254090125139
60 64 0.054240730676021122
60 65 0.068057169593210884
60 66 0.00031302647613719011
60 67 0.075619602935638242
60 68 -0.095117764920805009
60 69 -0.058035786128649416
60 70 -0.085290581710264324
60 71 0.054161972515444037
60 72 -0.094761158503835138
60 73 0.081005106889699585
60 74 0.088712657110785395
60 75 0.11046702823560209
60 76 0.11572016873875733
60 77 -0.09542337342206364
60 78 0.069803005476829189
60 79 -0.11985594339638868
60 80 -0.17251810760149422
60 81 0.12139519392744752
60 82 -0.025529791096190132
60 83 -0.010601446451690687
60 84 -0.14987056037359789
60 85 -0.010369341891381383
60 86 0.10773390239314309
60 87 -0.18174264993114519
60 88 0.076085805686371327
60 89 0.017277193983621323
60 90 -0.049305581677183977
60 91 0.015697101771618562
60 92 0.18532583869074612
60 93 -0.10639526540943955
60 94 0.04733945975674933
60 95 0.069709937320762722
60 96 0.14257800975845755
60 97 0.15773116436005546
60 98 0.00051918562341165013
60 99 -0.021666586558841783
61 62 -0.1519176412844036
61 63 -0.018397788860919674
61 64 0.089609513729767457
61 65 -0.11525289481605989
61 66 0.00079474600014942847
61 67 0.050550715502058634
61 68 0.060931009102139812
61 69 0.0092698435439213783
61 70 -0.035546720834409039
61 71 -0.072688090522798662
61 72 0.086555303372400819
61 73 0.032637988072116569
61 74 0.0069439551450168118
61 75 0.044885708985066622
61 76 -0.098903443937580535
61 77 0.012869091573306624
61 78 -0.049365953310997746
61 79 -0.003286245023367921
61 80 -0.1123123606608635
61 81 0.012253345473328792
61 82 -0.11621230645285652
61 83 0.073204715540195683
61 84 -0.21194519837406817
61 85 -0.0081339892218268411
61 86 -0.083397134658118738
61 87 -0.038201232207189816
61 88 -0.0032955029564339143
61 89 -0.022062282248555779
61 90 0.033997001335018165
61 91 -0.16601208335911993
61 92 0.026901477480099509
61 93 0.18493649205181656
61 94 -0.073218798411703909
61 95 -0.042357311742526778
61 96 -0.092964880335806674
61 97 0.089152619143076817
61 98 -0.011804395453771141
61 99 -0.054520534107436527
62 63 -0.064346481943131223
62 64 0.061631635364347494
62 65 0.041184267154321295
62 66 0.014804743039141336
62 67 -0.043177267575683714
62 68 0.027709603556644577
62 69 -0.12471684446471594
62 70 0.16286526548985691
62 71 -0.20393116295414759
62 72 0.17324653087998743
62 73 -0.11366566073691758
62 74 0.034294663659786728
62 75 0.18223249432603242
62 76 -0.034997309760841519
62 77 -0.17809567761846701
62 78 0.081536053738781047
62 79 0.028553387239562085
62 80 -0.11330913355083
62 81 0.1161040745265811
62 82 -0.068189159283764234
62 83 0.045131984679246465
62 84 -0.022338521875784237
62 85 0.058026336992825236
62 86 0.00073944111995860248
62 87 -0.17106223725918643
62 88 0.024449742603510863
62 89 -0.028275269700126004
62 90 0.031554650497271429
62 91 0.062411878551354397
62 92 -0.10424086579728356
62 93 0.035982332454340779
62 94 -0.090936397255615919
62 95 -0.055480881300265343
62 96 -0.10932180287535212
62 97 -0.044982190980833198
62 98 0.1231374605136199
62 99 0.088049470859122625
63 64 0.24212474020066224
63 65 0.0087966576142657054
63 66 0.07224819122550058
63 67 0.068705435423051006
63 68 0.20275604052407969
63 69 -0.12392632667449779
63 70 0.081178137400394257
63 71 -0.036681162488836461
63 72 -0.060737423348735844
63 73 0.10677430320112494
63 74 0.018299233882495217
63 75 -0.051805295516560428
63 76 0.079264146618072823
63 77 0.050345696727744298
63 78 -0.19530740873804958
63 79 0.014783890380976243
63 80 -0.051234484175439576
63 81 -0.0039349195314593776
63 82 0.086917899558268369
63 83 0.0037728061996842085
63 84 -0.11181164678008343
63 85 0.12609858840200691
63 86 -0.11417959262964555
63 87 0.017915027113323309
63 88 -0.24711312928921747
63 89 0.010226170480667058
63 90 0.025061690865508669
63 91 0.19176864430284085
63 92 0.052645652400399423
63 93 0.11220587932402336
63 94 -0.066221112771178314
63 95 0.11038979905685511
63 96 -0.028176773684035192
63 97 -0.11286673635319106
63 98 -0.094979214799833858
63 99 0.033470619217667356
64 65 0.064174166924405612
64 66 0.13356887007330126
64 67 -0.04668197136331402
64 68 -0.0074733235210474765
64 69 0.1549346094919285
64 70 0.097541966427126939
64 71 -0.057644934650413197
64 72 -0.12571613715128196
64 73 0.20620861611389452
64 74 -0.070110471213163758
64 75 0.054659459086877152
64 76 0.099837882074382864
64 77 -0.16843903694578963
64 78 0.14047946546755768
64 79 0.047423397117879081
64 80 -0.19690036090202068
64 81 0.02521346238037428
64 82 -0.14812535194186668
64 83 0.0061939379013037209
64 84 -0.022267615645242683
64 85 0.15064842384966476
64 86 -0.099819281941210147
64 87 -0.042805130594337527
64 88 0.083033236216624173
64 89 0.16473305126881904
64 90 0.1027953609201733
64 91 0.12744702255038079
64 92 -0.086414662343437545
64 93 -0.14813789971799091
64 94 -0.04791505167536704
64 95 -0.11566394955617113
64 96 0.11095075537846731
64 97 -0.069074438001006586
64 98 0.060622384027195914
64 99 0.12885574170167083
65 66 -0.15261336364471059
65 67 0.048255205740834271
65 68 0.047825952654530997
65 69 -0.16694947919632563
65 70 0.021890436945090755
65 71 -0.073275024718681581
65 72 0.029901470679163447
65 73 0.079152088115909264
65 74 0.1159623786820347
65 75 -0.11014834168425819
65 76 -0.11577731962841503
65 77 -0.1078943303066851
65 78 0.14433835212675891
65 79 -0.022695959105939769
65 80 0.11345385966986346
65 81 0.16167973053822438
65 82 0.0019825049150844825
65 83 0.017732306869884019
65 84 0.046428804397220469
65 85 -0.011837062561427391
65 86 0.042922682988757552
65 87 0.081031553454110228
65 88 -0.055759311621801748
65 89 0.10348988837275663
65 90 -0.14082672335371291
65 91 -0.056249834170353376
65 92 0.017535788839501496
65 93 -0.082806723292083106
65 94 -0.12289634124523784
65 95 -0.054446880655651189
65 96 -0.026433534664307836
65 97 0.0077898281100304417
65 98 -0.0085834596957216416
65 99 0.16771412263456453
66 67 0.02858333916001507
66 68 -0.010632080016943275
66 69 0.13146012033332197
66 70 -0.18624646021070418
66 71 -0.11190354030307732
66 72 -0.066136995089767753
66 73 0.008807462667552229
66 74 -0.034505382384882058
66 75 -0.069069628664915061
66 76 0.071971582259268127
66 77 -0.096223240881489522
66 78 -0.12682546970298422
66 79 0.1856233699663539
66 80 0.085628416303654309
66 81 0.11365485956655347
66 82 0.045480671461355919
66 83 -0.061560610492964379
66 84 -0.10658081553305498
66 85 -0.16531208892892466
66 86 -0.085278563699445767
66 87 -0.06465271911702096
66 88 -0.027499684719298242
66 89 0.1740703828017667
66 90 -0.023201646913632343
66 91 -0.14666437291900433
66 92 0.044854541730084768
66 93 0.0037855508917959929
66 94 0.12283169899599239
66 95 -0.019856274109630825
66 96 -0.070615699317327432
66 97 0.11322063599114499
66 98 -0.080749600533436439
66 99 -0.00079243231817964195
67 68 0.083783627243271278
67 69 -0.17923922144518917
67 70 -0.12791814726126691
67 71 0.16482716167154415
67 72 0.15231708642195041
67 73 0.10828038938301957
67 74 0.10645447439395539
67 75 0.0017181588543409066
67 76 0.059896917400125121
67 77 -0.10699125379571631
67 78 0.012317389932843183
67 79 0.022213908350919589
67 80 0.00045222745400647714
67 81 -0.084036669224525407
67 82 0.0030829884610445416
67 83 -0.10791034425514814
67 84 0.12538273810026224
67 85 -0.057218028026927784
67 86 0.092607546188437362
67 87 0.07824735069576029
67 88 0.046921050759467946
67 89 -0.0066448364328181965
67 90 0.091052675278756434
67 91 -0.051209724603889929
67 92 -0.10524258532989271
67 93 0.1648951674350721
67 94 0.03492820638701679
67 95 -0.10749001468746296
67 96 -0.12299156558038722
67 97 -0.078483540811894709
67 98 -0.042109364918947199
67 99 -0.11738690033395277
68 69 0.20449212716133572
68 70 0.0098788212938320796
68 71 0.035608146713648585
68 72 -0.10672917293291179
68 73 -0.061106944423358192
68 74 -0.0037533137543480769
68 75 0.083815622649031765
68 76 0.15273468639833215
68 77 0.21971924672314139
68 78 -0.05064393977277052
68 79 0.082616944607300583
68 80 -0.099215107680092285
68 81 0.07847546271177222
68 82 0.0016067429149358712
68 83 0.089610451990940296
68 84 -0.023350680340560117
68 85 -0.18976378855823206
68 86 0.09395284194752046
68 87 0.019838037236890659
68 88 0.12859272141805084
68 89 -0.075523206066770709
68 90 -0.027532905767645874
68 91 -0.11395666145801966
68 92 0.065326578733022209
68 93 0.10006985872795296
68 94 0.04472087677107911
68 95 0.16948401586205022
68 96 -0.024147487191497296
68 97 -0.013042384508937447
68 98 -0.087858079261267347
68 99 0.078304572145081144
69 70 0.0077116642716484511
69 71 -0.18194056800301861
69 72 0.11489263026959545
69 73 0.16777724021369569
69 74 0.12713735626521946
69 75 -0.027002982566849621
69 76 -0.01569177233604202
69 77 0.11153484652947887
69 78 -0.110253160255153
69 79 -0.029927887750920281
69 80 0.1656288666308661
69 81 0.15748456667742525
69 82 -0.0065036193916629768
69 83 0.12443541270369594
69 84 -0.04065000112383773
69 85 0.031924545614041337
69 86 -0.015370588932578281
69 87 -0.088201431344704095
69 88 0.037962354007977643
69 89 -0.18559979464543797
69 90 0.081295883896315702
69 91 -0.0034379524092574515
69 92 -0.041366432381016234
69 93 0.007037254273860526
69 94 0.10322222661386204
69 95 -0.020312667060173421
69 96 0.08609060732401784
69 97 -0.049238114085262824
69 98 -0.00013078526063525124
69 99 -0.12283951515799924
70 71 -0.012625716612979425
70 72 0.0025785746602075988
70 73 -0.12191339342538549
70 74 0.094524367642180335
70 75 0.051984861336518563
70 76 -0.19503244422432825
70 77 0.0078888083737508469
70 78 0.091933349201803988
70 79 -0.10990467277058152
70 80 0.088636749104743812
70 81 -0.010814717248874631
70 82 0.0021313727339059281
70 83 0.02246514836604592
70 84 -0.12276073417766636
70 85 0.10812176950610469
70 86 -0.011489369539725366
70 87 0.088613524330846266
70 88 -0.12911640861076668
70 89 0.028142284245304135
70 90 -0.016070153644476334
70 91 -0.18595777082905662
70 92 -0.086634471475316943
70 93 0.0071709194590850039
70 94 0.11538654313303782
70 95 -0.2175879148132944
70 96 0.048362029400070061
70 97 -0.043923193642357694
70 98 -0.006920710311637112
70 99 0.16185088093783187
71 72 0.09072067073088369
71 73 0.011126227316305137
71 74 0.13953324267336489
71 75 -0.055331052004815855
71 76 0.11429825484371128
71 77 0.070508337637309335
71 78 0.14011692466485939
71 79 0.061923316016829433
71 80 0.031344138013827905
71 81 -0.17036811989844941
71 82 0.04949301001979841
71 83 -0.0591302606520459
71 84 0.12317237620136
71 85 -0.13857683865396284
71 86 -0.07499077952192279
71 87 -0.12054920165168066
71 88 0.20997745431380396
71 89 0.11184663190874472
71 90 -0.17364121675425864
71 91 0.17315272471873497
71 92 0.17670526515693485
71 93 0.26429208735859533
71 94 0.14604535628315643
71 95 0.13198532950366279
71 96 0.039705187640190431
71 97 0.064062156981784787
71 98 0.032297262269113343
71 99 -0.0010072721290003729
72 73 0.017260531854459575
72 74 -0.087284719208701372
72 75 -0.015271490528048251
72 76 -0.11114608794847942
72 77 -0.0229413304421076
72 78 0.022706276056677892
72 79 0.096243732161346962
72 80 -0.10891977267755851
72 81 0.040085815086217891
72 82 0.038744521791163299
72 83 0.055696264957619035
72 84 0.042603385780018793
72 85 -0.095715770702581318
72 86 0.033442143437418984
72 87 0.11452467872071909
72 88 0.017887960681813222
72 89 0.059886270524601819
72 90 0.062493701022217178
72 91 0.18344447965006946
72 92 0.19986589589947959
72 93 0.12941698106695648
72 94 -0.055425729438067506
72 95 0.031059620464644701
72 96 0.090211332205522174
72 97 0.095186586974629672
72 98 0.32350726769293187
72 99 0.061456425394415148
73 74 0.029725441506669278
73 75 -0.075260440337773599
73 76 -0.049132305377418986
73 77 -0.11164823984565626
73 78 0.050876290902843652
73 79 0.056967924908356941
73 80 0.029572109621081234
73 81 -0.029008642526969792
73 82 -0.09259580443241619
73 83 -0.058067324698465123
73 84 0.053766335849147133
73 85 -0.069269628361632959
73 86 0.12717410492919543
73 87 0.064586543454261847
73 88 0.021341903655582004
73 89 -0.0058379528315895138
73 90 0.033316699322696895
73 91 0.11471083424971835
73 92 0.07818115210444268
73 93 0.15036499784509103
73 94 -0.092836186647490215
73 95 0.10006601009014729
73 96 -0.20699601807358967
73 97 -0.15164695509870124
73 98 -0.066018620864589692
73 99 -0.1648991624023684
74 75 -0.043772853719184331
74 76 -0.020207904826330975
74 77 0.12051347440516039
74 78 -0.089999530805955796
74 79 -0.090074560684836602
74 80 0.064010451426121787
74 81 -0.22910813310912861
74 82 0.047448676759789074
74 83 -0.11843482400933983
74 84 0.079430292903790806
74 85 0.1759336299943923
74 86 -0.01669412831138252
74 87 -0.077023952072184432
74 88 -0.027949393367126426
74 89 0.25223697864437145
74 90 -0.050704746447154371
74 91 -0.047507872177339684
74 92 0.023135271407531747
74 93 -0.043708445276341622
74 94 -0.14739297512875996
74 95 -0.14941656376907417
74 96 -0.10961941863409258
74 97 -0.04772528049867384
74 98 -0.038934177390365754
74 99 0.089572566283693811
75 76 -0.089638834915800381
75 77 0.1868882053703767
75 78 0.038333870702409616
75 79 -0.02472015858644824
75 80 0.093932712335226876
75 81 -0.14103607598795756
75 82 -0.11533994827433738
75 83 0.17521346020982348
75 84 0.087677821034110176
75 85 0.28366836250207655
75 86 -0.0014851208004963421
75 87 -0.041637286894215697
75 88 0.015281091868099889
75 89 0.0372738320477062
75 90 -0.091578931804184693
75 91 0.034114271898392313
75 92 -0.075819473519770531
75 93 0.019275642500247287
75 94 0.031610859294678231
75 95 -0.067972985731765148
75 96 -0.0059265713540846863
75 97 -0.012086765177862308
75 98 0.033804279685022316
75 99 0.2245177407372021
76 77 -0.0021111372591594226
76 78 -0.057919559736720985
76 79 0.0064181846822332651
76 80 0.18558412753959763
76 81 -0.068016978165913497
76 82 0.040011398946766245
76 83 0.024325785278976258
76 84 -0.076354367682038682
76 85 -0.041979285735887557
76 86 -0.057660346968253409
76 87 -0.0038975708901974448
76 88 -0.00086585409911607016
76 89 -0.04781007671110965
76 90 -0.0040599213023518399
76 91 -0.042036013859595739
76 92 -0.060398095031313548
76 93 -0.0078759872717439096
76 94 0.011634990381912146
76 95 -0.11955298956191932
76 96 0.026604416610454457
76 97 -0.044007577237877682
76 98 0.084001624178832918
76 99 -0.23350168662604287
77 78 -0.17000238497148681
77 79 -0.065372678242243243
77 80 -0.064544821765216767
77 81 -0.017932866442486328
77 82 0.053548804061469779
77 83 -0.027399353317363095
77 84 0.011564909543740525
77 85 -0.031713806801187919
77 86 0.18389956471943761
77 87 -0.1139245988456092
77 88 0.024701181969244743
77 89 -0.11285280135228103
77 90 0.027861285114704867
77 91 0.11080994018400994
77 92 -0.088623587187975916
77 93 0.030147430679002094
77 94 -0.20432393009910257
77 95 -0.19159059523167188
77 96 -0.21527100935988108
77 97 0.14809162978182847
77 98 -0.082677832143450369
77 99 0.17208910962547827
78 79 -0.049436655762588322
78 80 0.015020921838669883
78 81 0.022478659142989584
78 82 -0.015517341334770502
78 83 -0.10523418952760331
78 84 0.038950766562643471
78 85 -0.034432020822756836
78 86 -0.044002342535253161
78 87 0.10452681687525954
78 88 -0.14178185249502742
78 89 -0.085117454855934707
78 90 -0.026803091111968103
78 91 -0.040503684696156457
78 92 0.068220881403302056
78 93 -0.013397516595785206
78 94 -0.069601150786651772
78 95 -0.088445110597482418
78 96 0.065242269762802438
78 97 -0.12834320540846555
78 98 0.11264186267812647
78 99 0.090687202248536061
79 80 -0.038915930321129083
79 81 0.098795510791626767
79 82 -0.14805812147706365
79 83 0.043220147899157499
79 84 0.027493319997145573
79 85 -0.0054926730385080232
79 86 -0.11609167728420627
79 87 0.039839362218713516
79 88 -0.014634216012528728
79 89 0.10211745711551057
79 90 0.0098421574884858965
79 91 -0.00091146952643138268
79 92 -0.032205800879497946
79 93 0.19550567553524145
79 94 -0.059745682443838759
79 95 0.040533288072133244
79 96 0.055444169620894837
79 97 0.018103769821818327
79 98 0.056345503293917444
79 99 -0.041265209344476257
80 81 -0.039414395943061765
80 82 -0.07015611998548682
80 83 -0.069040074105814017
80 84 0.066868506350567444
80 85 -0.016657842921222066
80 86 0.19495596083327305
80 87 0.10424963083306274
80 88 0.096149285134204135
80 89 0.0087102580820757215
80 90 -0.046061249843709171
80 91 -0.13858927235906182
80 92 0.16193540025616324
80 93 0.022514913002759634
80 94 -0.035527293537586289
80 95 0.070670789110362925
80 96 0.14586079656938936
80 97 -0.036576748760682114
80 98 0.16521873372730228
80 99 0.055456814756090392
81 82 -0.1201911198871619
81 83 -0.063329172601573211
81 84 -0.084382859872514149
81 85 0.014523172185677759
81 86 -0.20286007525703678
81 87 0.083691071480285928
81 88 -0.077624257427239329
81 89 -0.13976515613111337
81 90 0.069381393948973566
81 91 -0.019700047884013014
81 92 -0.16895643082279896
81 93 -0.056052954023762397
81 94 0.0069757611098971526
81 95 0.1789613006293844
81 96 -0.10814218836200484
81 97 0.069761945038874493
81 98 -0.12139751155038569
81 99 -0.23820017856856768
82 83 -0.20407338798526961
82 84 -0.054701661182655209
82 85 0.13083085564659555
82 86 -0.054040453530058152
82 87 0.02268985123138147
82 88 -0.14519960827356759
82 89 0.05224378754368645
82 90 -0.03706767998366868
82 91 0.055940956491145333
82 92 -0.099723604700230895
82 93 -0.10121206293946204
82 94 0.12541466345462865
82 95 -0.057880818649069438
82 96 -0.13693813249804318
82 97 0.12567969101148882
82 98 0.019550670340907753
82 99 -0.078102032349347608
83 84 0.037307644456054431
83 85 -0.021492744366357491
83 86 0.0097177803241067923
83 87 0.048618617042140107
83 88 -0.0065061644098521627
83 89 0.031887041281373367
83 90 0.11045063030896746
83 91 -0.049231204780773655
83 92 0.047021967165948475
83 93 -0.17167895486000928
83 94 0.013479997851072553
83 95 0.0021606773595407845
83 96 0.17150507513928515
83 97 0.01760358244142356
83 98 -0.089729488160227924
83 99 0.046357363478143954
84 85 0.071699626101854527
84 86 -0.031860053854702246
84 87 0.088649941840572566
84 88 0.069240326010712547
84 89 -0.095052972410503492
84 90 0.079392514612912815
84 91 0.24823797022752414
84 92 -0.1641008521293057
84 93 0.052855423555405484
84 94 -0.09280517502216018
84 95 -0.12568354633768328
84 96 0.13672874685661193
84 97 0.074028871535477742
84 98 -0.01538979942640805
84 99 0.14470469619646739
85 86 -0.13219418881815762
85 87 0.041311347688562844
85 88 -0.017053388496937268
85 89 0.06155516055416721
85 90 -0.042045266568878123
85 91 0.037426542580797272
85 92 -0.0062962436416622554
85 93 -0.064385542263360171
85 94 -0.054868002077357508
85 95 -0.095052814199583183
85 96 0.027656590664053418
85 97 -0.072285939958724052
85 98 0.033553345320848832
85 99 0.076288721653328354
86 87 0.05198521660440221
86 88 0.108481074417048
86 89 -0.12596800186389082
86 90 -0.0071965113490495896
86 91 0.15213317971405252
86 92 0.062217473239981974
86 93 -0.037620900945603386
86 94 0.032120554022124145
86 95 -0.0052256995628137369
86 96 0.10820647327255298
86 97 -0.12529932948958164
86 98 -0.049595093192169024
86 99 -0.12130226181846462
87 88 0.077161188348293025
87 89 -0.078035877275155194
87 90 0.02279639291841179
87 91 0.082825250426119823
87 92 -0.042285136172584087
87 93 -0.218454908389004
87 94 -0.056812444519155625
87 95 -0.05335529119236801
87 96 -0.013219519381156572
87 97 -0.0076978744512312004
87 98 0.014543251977130467
87 99 0.10807808573027373
88 89 -0.19012355220470054
88 90 -0.13466448478920848
88 91 0.0091567785747509924
88 92 -0.0031652095021436027
88 93 -0.17385960118307306
88 94 0.2077699575102252
88 95 -0.0089691341549653896
88 96 -0.051736760685086973
88 97 0.16593496990335194
88 98 -0.011143116194790673
88 99 -0.10084059673869393
89 90 0.23908414249802848
89 91 0.11787596314453436
89 92 0.094762872527054343
89 93 0.14819183426452057
89 94 -0.29675509391270471
89 95 0.06707921629742776
89 96 -0.088050508926536944
89 97 0.029766777231746019
89 98 0.12983179304405912
89 99 0.24323691781317633
90 91 0.05772284588544932
90 92 -0.067639246970022063
90 93 0.15255255355467726
90 94 0.19723963333451114
90 95 0.079165475416789782
90 96 -0.054160746481666848
90 97 -0.0055520917425690786
90 98 -0.0082913499373379069
90 99 -0.011390657394883659
91 92 0.14775920321003236
91 93 0.096976080162188671
91 94 -0.04207820477398478
91 95 -0.097699661709515065
91 96 0.052580708842804573
91 97 -0.0060763859620886753
91 98 -0.099930465923283016
91 99 -0.033303215971305068
92 93 0.024024945813600478
92 94 0.014657469275641336
92 95 -0.005683945015076697
92 96 0.038761378461354752
92 97 -0.11415093298506745
92 98 0.056761638371149004
92 99 -0.079255639667052818
93 94 -0.073141854876328835
93 95 -0.0015654323531950299
93 96 0.018635730679455762
93 97 0.04263761675039094
93 98 -0.16038383258240343
93 99 -0.19091938540353209
94 95 -0.20906336253930827
94 96 0.085453546103376951
94 97 0.13398606569889746
94 98 -0.22663838527379299
94 99 0.16546033640246174
95 96 -0.074633562631517811
95 97 0.021575716883644906
95 98 -0.17129830553602271
95 99 -0.086992345550729225
96 97 -0.08364430786753442
96 98 0.16057158362386434
96 99 -0.038204690990757281
97 98 -0.21022851726392111
97 99 0.059632476513775248
98 99 -0.1079597161814418
