# model=sk N=100 meanJ=0 seed=371124450 distribution=gaussian field=0 num_fields=100 num_couplings=4950
0 0
1 0
2 0
3 0
4 0
5 0
6 0
7 0
8 0
9 0
10 0
11 0
12 0
13 0
14 0
15 0
16 0
17 0
18 0
19 0
20 0
21 0
22 0
23 0
24 0
25 0
26 0
27 0
28 0
29 0
30 0
31 0
32 0
33 0
34 0
35 0
36 0
37 0
38 0
39 0
40 0
41 0
42 0
43 0
44 0
45 0
46 0
47 0
48 0
49 0
50 0
51 0
52 0
53 0
54 0
55 0
56 0
57 0
58 0
59 0
60 0
61 0
62 0
63 0
64 0
65 0
66 0
67 0
68 0
69 0
70 0
71 0
72 0
73 0
74 0
75 0
76 0
77 0
78 0
79 0
80 0
81 0
82 0
83 0
84 0
85 0
86 0
87 0
88 0
89 0
90 0
91 0
92 0
93 0
94 0
95 0
96 0
97 0
98 0
99 0
0 1 -0.051559544365558055
0 2 0.053263302783735061
0 3 0.2819614381877304
0 4 -0.0036011395192389324
0 5 0.071415417101828402
0 6 -0.012235084995120766
0 7 -0.031003684737545185
0 8 -0.062125162640291658
0 9 0.041014325493894693
0 10 -0.03864126508876297
0 11 0.17955342379360556
0 12 0.047404950204448487
0 13 -0.29520972666561773
0 14 -0.18137364619856211
0 15 -0.17623678992359049
0 16 0.046448247849523755
0 17 -0.13146466833595391
0 18 0.088671243628922758
0 19 0.011586966839464873
0 20 -0.039360758462229056
0 21 0.016608599372492962
0 22 0.094299194968855346
0 23 -0.050811118376278913
0 24 -0.090716007606256921
0 25 -0.063057832170984304
0 26 0.12034932640893042
0 27 -0.03057823939697274
0 28 0.028066546124690242
0 29 0.082370041733493646
0 30 0.13453285724357664
0 31 0.080800668230505301
0 32 -0.18219590513523012
0 33 0.044055143291880074
0 34 0.1355579821006829
0 35 -0.27344967984605656
0 36 -0.22518756291550474
0 37 -0.043286384622094103
0 38 -0.0059131874672171082
0 39 0.10390252537303131
0 40 -0.049033862796225937
0 41 -0.090519267479573506
0 42 0.0012523216644456442
0 43 -0.15805296189609558
0 44 -0.193546086713451
0 45 0.0071086933126980048
0 46 0.059559844517974581
0 47 -0.14760762868999261
0 48 0.025961712618178479
0 49 -0.01775111431543033
0 50 0.073391613116767826
0 51 -0.050723748013074055
0 52 0.000256930459548681
0 53 -0.032503094107877918
0 54 -0.12199974426880743
0 55 -0.096255433955637626
0 56 0.11592957519163088
0 57 -0.02244625237379393
0 58 0.08909272668062726
0 59 0.070494990410608749
0 60 -0.1524773643749493
0 61 -0.032913507066770861
0 62 -0.12998413888498017
0 63 -0.086388386531509445
0 64 0.069134810053786036
0 65 0.17568124121350584
0 66 -0.076873621392595529
0 67 -0.030697281389173173
0 68 -0.028817866754762202
0 69 0.056401046942051072
0 70 -0.0032653335284761596
0 71 -0.0038853271666064709
0 72 -0.0021022608567587493
0 73 0.013599358798831996
0 74 -0.049386921084110053
0 75 0.023205288359043744
0 76 0.037958047192617562
0 77 0.023059422408995264
0 78 0.040171227676218654
0 79 -0.069135439663260162
0 80 0.042925631355452493
0 81 -0.14738702290178762
0 82 0.0070169884590229673
0 83 -0.13904628868794064
0 84 0.11049529505002825
0 85 0.12237646808695396
0 86 -0.16899578864591713
0 87 0.10030655790979218
0 88 0.11724930556547075
0 89 -0.10047187290334741
0 90 -0.098817890608485781
0 91 0.087414941944475341
0 92 0.14823433347791931
0 93 -0.038033855028739384
0 94 0.13551400799399568
0 95 -0.0069440912427351778
0 96 -0.013805175384500018
0 97 -0.065572263154855273
0 98 0.062287812889712926
0 99 -0.093784508250492282
1 2 0.10279361309234875
1 3 0.009036562125711526
1 4 0.012393193916858017
1 5 0.02022844116660184
1 6 -0.026529643120477932
1 7 0.10964815149990503
1 8 -0.14837691740204448
1 9 -0.035516181638226889
1 10 0.048469744756438511
1 11 0.1447494608880863
1 12 -0.0033241558071822872
1 13 -0.14240846821773417
1 14 0.12793459089337686
1 15 -0.03681169548394031
1 16 -0.034481202043360117
1 17 -0.011038145104891883
1 18 0.0092790598975794648
1 19 -0.1279435748835209
1 20 -0.047533769647137569
1 21 -0.087933863678029633
1 22 0.15566005194598018
1 23 -0.050010098897366656
1 24 -0.080816947422853724
1 25 -0.017282708173910696
1 26 0.052212235090036897
1 27 0.13384510609140884
1 28 0.031345171016540378
1 29 -0.036214820495521979
1 30 -0.0009521797620580917
1 31 0.0090836476959728959
1 32 -0.093729256467435518
1 33 -0.038623928523236734
1 34 0.076947885884341885
1 35 0.31135171708702591
1 36 -0.030111510828018648
1 37 -0.10337614731939702
1 38 -0.087201430069731675
1 39 0.15039792117392781
1 40 0.14620919547497693
1 41 0.06381156035663639
1 42 -0.078345488493257245
1 43 -0.035016389447253181
1 44 -0.1008402932456744
1 45 -0.028109281037613312
1 46 0.07599950658565631
1 47 0.061399252104784557
1 48 -0.12177681327796137
1 49 0.11168254495534274
1 50 -0.018605183731313733
1 51 -0.084519724486968831
1 52 0.17505791087294587
1 53 0.050955297472296414
1 54 0.049317530938132265
1 55 0.12912420806843408
1 56 0.077994671666384019
1 57 0.11290081856095745
1 58 0.051245496059486188
1 59 0.061641810765300009
1 60 -0.027211601665631122
1 61 -0.01231547243491754
1 62 0.090702917697328092
1 63 0.14356904449115637
1 64 -0.040052286827297251
1 65 -0.12759506273447449
1 66 0.0019531264408450583
1 67 0.068419233962773537
1 68 0.14173602300971519
1 69 0.10791850239346985
1 70 -0.1230578885270005
1 71 0.12226706941249255
1 72 -0.075434178469925395
1 73 -0.017733513987906194
1 74 -0.068900890258321051
1 75 0.2289044958898262
1 76 -0.037034194803290441
1 77 0.098990514926509232
1 78 -0.0059249497678474337
1 79 -0.012745035788830751
1 80 -0.049131069043592879
1 81 0.0040947907495704752
1 82 -0.11468314483986514
1 83 0.077032554313449061
1 84 0.024032208463288907
1 85 -0.045845398179091439
1 86 0.098176809548397651
1 87 -0.11310563149382985
1 88 -0.075643982611620239
1 89 -0.020594477624281279
1 90 0.033306444143634671
1 91 -0.14307011925365554
1 92 -0.015353525081683132
1 93 0.0041076442909670488
1 94 -0.027996124005757329
1 95 0.29406249752852703
1 96 0.020801558306322104
1 97 -0.064416594198167795
1 98 0.086056495276401107
1 99 0.032507950718093759
2 3 -0.040198209475782724
2 4 0.1222843043325692
2 5 -0.12735525707940271
2 6 -0.21162954587645993
2 7 0.11580579835139204
2 8 -0.16215857833399547
2 9 0.087534310940784149
2 10 -0.091480499654262595
2 11 0.21501504282535719
2 12 0.16790164943617369
2 13 0.078898370372918511
2 14 -0.0053876390874461272
2 15 -0.010648635977613482
2 16 -0.086554062288822453
2 17 0.19952531007068941
2 18 -0.062335184827524828
2 19 0.10453669005374196
2 20 0.10842710057744052
2 21 -0.054500633001064426
2 22 0.13886965089614928
2 23 0.231379759937103
2 24 -0.16489835041112838
2 25 0.019911729343893552
2 26 -0.028173697904131351
2 27 -0.15737476122622868
2 28 0.0054129093484120089
2 29 -0.18140662896268733
2 30 -0.14636250650696211
2 31 0.23476775964751817
2 32 -0.0019817959086050846
2 33 -0.19395850501302658
2 34 -0.15110577755859167
2 35 -0.0094291198646155542
2 36 -0.15279773421319104
2 37 -0.084260114191532565
2 38 -0.16107222076419767
2 39 0.074021600604949306
2 40 0.16401358104805408
2 41 -0.068182731927382445
2 42 -0.073712428770141059
2 43 -0.00056886894723183262
2 44 -0.095524664381097094
2 45 -0.043947750686514603
2 46 -0.013144375395183676
2 47 0.12439816296375938
2 48 -0.013127884278146413
2 49 -0.16926333271313609
2 50 -0.016295266697113075
2 51 0.063130999038002053
2 52 -0.010712850665980234
2 53 0.01610808628350829
2 54 -0.15300774904486761
2 55 0.098448210055038038
2 56 0.22507531914811843
2 57 -0.024479022653809634
2 58 -0.095487565222106302
2 59 -0.052725251217159923
2 60 0.078659812528982256
2 61 0.071635425049417389
2 62 0.014674393785035482
2 63 -0.028996685306843146
2 64 0.013750570393164485
2 65 -0.096679607408429791
2 66 0.29336058961437156
2 67 0.0049489543049202637
2 68 -0.0017317565886886968
2 69 -0.02093409195360545
2 70 0.043356336981966254
2 71 0.15898874638437804
2 72 -0.099003738982134937
2 73 -0.0033519328001342125
2 74 0.0056016581860540756
2 75 -0.094593995996997388
2 76 -0.11176353836842101
2 77 0.058574213928306397
2 78 -0.023901327406171995
2 79 -0.13580405664201931
2 80 -0.0048702706844326732
2 81 -0.053903872706384096
2 82 0.012628342772155072
2 83 -0.014177247805447235
2 84 -0.086656284916299314
2 85 0.19927465298722202
2 86 -0.022329180015302021
2 87 0.047052164211456471
2 88 -0.034801848983489057
2 89 -0.068699328811301488
2 90 -0.0045642663730401075
2 91 -0.10724346174991928
2 92 0.17496240919783426
2 93 -0.028247309254252763
2 94 -0.099218446518124892
2 95 0.036825372070105652
2 96 -0.11864330259183782
2 97 0.16175072893060347
2 98 0.14438886452563035
2 99 0.13828570560980777
3 4 0.0020995145430141252
3 5 0.20480890987913658
3 6 0.043033403156342381
3 7 0.30422188735239342
3 8 0.13882582899632787
3 9 0.0091487061141585398
3 10 0.0039927839661640851
3 11 -0.047170252762689859
3 12 0.11514056075532189
3 13 -0.051062138764702884
3 14 -0.009353583926283264
3 15 0.0418505181293388
3 16 0.014102638330791079
3 17 -0.030363359596536382
3 18 0.03924388208691254
3 19 -0.1131688502813375
3 20 0.04531666328229908
3 21 0.040539403868553425
3 22 -0.020038775354129179
3 23 0.11028827281559056
3 24 -0.055944449796896834
3 25 -0.026079689703898297
3 26 0.10036140114866879
3 27 -0.12947998371781849
3 28 -0.12440645440654606
3 29 -0.10747913140088156
3 30 0.13193814540348173
3 31 -0.080651238350619034
3 32 0.15608619555823533
3 33 0.048309152412827572
3 34 -0.003585543135167981
3 35 0.012294004987648419
3 36 -0.11096759933410567
3 37 0.15489951362227125
3 38 -0.00024123093817705836
3 39 0.088524164375763215
3 40 -0.069447755667305225
3 41 -0.056720591752191275
3 42 -0.21807832156694557
3 43 0.17319791363791881
3 44 0.14738930803247122
3 45 0.06014112614636944
3 46 0.033895448191619118
3 47 0.12017059828406512
3 48 -0.038769034416661491
3 49 0.0868168784906546
3 50 -0.17132603305539171
3 51 -0.070092066546759424
3 52 0.081622853660318725
3 53 0.060401104073814695
3 54 0.12620070149200155
3 55 -0.11216266811814515
3 56 0.072298806671265856
3 57 -0.031861889994342765
3 58 -0.0784200426542212
3 59 0.24992383948685126
3 60 -0.077687651556125586
3 61 -0.075243876389454747
3 62 0.054714753383669691
3 63 -0.080773603354738432
3 64 -0.23767702784045053
3 65 -0.092372020586632131
3 66 0.0075506463933249258
3 67 -0.19828331365175444
3 68 -0.058027873387625231
3 69 -0.050530110100720428
3 70 -0.05038138654696981
3 71 -0.020298721556405223
3 72 -0.09255384974374696
3 73 -0.020900851265938884
3 74 0.068050062270384223
3 75 -0.067378912362820814
3 76 0.20296386165365826
3 77 0.041638382467018821
3 78 0.093380676939359628
3 79 -0.13980190110814017
3 80 -0.16046010090090937
3 81 -0.010770667005834398
3 82 -0.12175341497869281
3 83 -0.030545050000479787
3 84 -0.046992967722945159
3 85 0.00684161320534569
3 86 -0.011046449798564943
3 87 -0.047775642219603918
3 88 -0.049923376195014357
3 89 -0.016253540389972617
3 90 0.13278033599672098
3 91 0.16417216151760208
3 92 0.12981837499782575
3 93 0.011379663757099119
3 94 -0.022885060414637441
3 95 0.014569838368351677
3 96 -0.12780936857727632
3 97 0.022648647508998952
3 98 0.023595474047041334
3 99 -0.1618440996826514
4 5 -0.020227450015162841
4 6 -0.028195748666952333
4 7 0.08758139948451496
4 8 0.13300379290781647
4 9 -0.18847587900736834
4 10 -0.071507198136467068
4 11 0.013266057946091975
4 12 0.0028358080208626965
4 13 0.0047129393449225647
4 14 0.019743529194656922
4 15 -0.053237668218535796
4 16 -0.055292649290252238
4 17 0.084337343388485239
4 18 0.10103355756468041
4 19 -0.050603304184982018
4 20 -0.24605004195841881
4 21 0.18190879084736283
4 22 -0.12116812202200707
4 23 -0.1394292587245074
4 24 0.041344219059732845
4 25 0.07536354719909627
4 26 0.0038561894084304439
4 27 0.0013646759166728861
4 28 -0.033913706026316062
4 29 0.07556685989562556
4 30 -0.074482498216627516
4 31 0.094956295057809323
4 32 -0.02900657294165054
4 33 0.11841838418518121
4 34 0.10673736792590226
4 35 0.024651623982966931
4 36 0.14855691807588586
4 37 0.044415702464307191
4 38 -0.096837413472226144
4 39 -0.1899350380402598
4 40 0.09473149001263298
4 41 -0.019742533738403657
4 42 -0.20268158039683529
4 43 0.031557991299286763
4 44 0.18214205039602349
4 45 0.12859696025184156
4 46 0.0013436197614419747
4 47 0.12216373657088771
4 48 -0.089689296678262878
4 49 0.0057765786522588963
4 50 -0.065261553122470034
4 51 0.023701163647158817
4 52 -0.006725541140087745
4 53 0.21053841299556769
4 54 0.13771938032926254
4 55 0.15913186215388544
4 56 0.020239952926909381
4 57 -0.1098090105702117
4 58 0.11586707011867808
4 59 0.026347186256501516
4 60 -0.024651623664253632
4 61 0.11545926995377183
4 62 0.15500590285581661
4 63 0.16728246671308888
4 64 -0.04211150705011181
4 65 -0.054979503162137067
4 66 0.038135820077619773
4 67 0.024148654107859425
4 68 -0.091132112303203575
4 69 0.068791728339763922
4 70 -0.18509554657304808
4 71 -0.017880162956698795
4 72 0.044698986085915986
4 73 0.060485845141914754
4 74 0.059613921862177378
4 75 0.02012610629456606
4 76 -0.13475261600497529
4 77 -0.035078822600242955
4 78 -0.0074018995557601401
4 79 0.0091531074904471557
4 80 0.046011141137703562
4 81 -0.2805420545874347
4 82 0.0016886130442943749
4 83 0.10001384362974829
4 84 0.14993936841432143
4 85 -0.045693305987800234
4 86 0.0091676635755641792
4 87 0.037239869891940509
4 88 -0.090557367249780349
4 89 -0.21409794655454847
4 90 -0.048281616240545923
4 91 -0.046893472810445529
4 92 -0.0051911734089786638
4 93 -0.023807370392917943
4 94 0.074866180636884813
4 95 0.0086122813334214825
4 96 0.038530890280183958
4 97 -0.066545471221127944
4 98 0.10725952240452596
4 99 0.054734362204606313
5 6 -0.14354304750027075
5 7 0.016569503467312289
5 8 -0.015117244698178108
5 9 -0.079787228903398524
5 10 0.17115514151010161
5 11 0.047575285198552156
5 12 0.04177501927929609
5 13 0.1303271612067933
5 14 -0.035773367738638075
5 15 -0.022034911169528562
5 16 -0.026361417931615935
5 17 0.018877283974048125
5 18 -0.065045561816461483
5 19 -0.019558334502967255
5 20 -0.024220152081097988
5 21 0.0885168107293694
5 22 -0.18358210611210388
5 23 0.061375426060777477
5 24 0.029814296874142932
5 25 0.018300870690457684
5 26 0.094119437373977169
5 27 -0.12581641099539143
5 28 -0.10069468988406396
5 29 -0.018026432353693788
5 30 -0.022708746281155101
5 31 0.0010058744301422136
5 32 0.012453401725057118
5 33 -0.12039721373166981
5 34 -0.065523797670899983
5 35 0.072821375267350927
5 36 -0.055551323080765491
5 37 0.12373288784120261
5 38 0.069858397793490443
5 39 -0.064137083948696369
5 40 0.063020551120120491
5 41 -0.028829504213116103
5 42 0.039635513802215916
5 43 0.0038395402962044275
5 44 -0.012918983811087473
5 45 -0.12658650549276415
5 46 -0.035089655021665396
5 47 -0.025268722341305335
5 48 0.099015450032225963
5 49 0.0034159666742233255
5 50 0.017838623273578175
5 51 -0.03338038920202753
5 52 0.13581309511492132
5 53 -0.089373743564670038
5 54 0.13003900359364054
5 55 -0.18512294826596828
5 56 -0.092868042232269146
5 57 -0.15939390215565952
5 58 -0.098375627679532743
5 59 0.10487412812861907
5 60 0.35384879630455962
5 61 0.0020980297211356694
5 62 -0.024669146454108466
5 63 -0.073568056584684655
5 64 -0.021253763019461497
5 65 0.069913917517411994
5 66 0.098553563975771835
5 67 -0.068240694904188784
5 68 0.075975463552613046
5 69 -0.038456732395011704
5 70 -0.027892413207534557
5 71 0.043761312532762782
5 72 -0.050902042426676175
5 73 -0.032600962194247345
5 74 -0.053916971709582234
5 75 0.038149859944905565
5 76 0.048685302489200076
5 77 -0.036848992799527927
5 78 -0.032344432716373765
5 79 0.026815481760769644
5 80 0.0084285764798292268
5 81 0.18703011365791899
5 82 -0.025518887341760652
5 83 0.11940601155430255
5 84 -0.087357401364854481
5 85 0.13813774877256155
5 86 0.072719844741821374
5 87 0.014308970854989132
5 88 -0.05021028618021061
5 89 -0.080235184447406668
5 90 0.015324436459329066
5 91 0.030498823180918868
5 92 0.051277181815515688
5 93 0.028257928691700442
5 94 0.098090458262669808
5 95 0.020134293138675999
5 96 -0.072409266712133366
5 97 0.019401043837101232
5 98 -0.05586252237547084
5 99 -0.01406461455019096
6 7 -0.059358748910850301
6 8 -0.05874761791111402
6 9 -0.010881399437145521
6 10 -0.030162576845756683
6 11 0.086036984004147055
6 12 -0.013144782769450129
6 13 7.5620567777267379e-05
6 14 0.05959570414423411
6 15 -0.088157230794920258
6 16 0.21446325718522932
6 17 -0.058109699087262337
6 18 -0.027350509315792068
6 19 -0.12050229090450817
6 20 -0.06521079767330952
6 21 0.087264554200447736
6 22 0.040655037456224757
6 23 0.0889719889214695
6 24 -0.0334335291669128
6 25 -0.024147108539134824
6 26 0.021787776115201378
6 27 0.065519546024901662
6 28 -0.05021559785356159
6 29 0.044479907410340393
6 30 -0.047963546273031434
6 31 -0.057888322042601026
6 32 0.15009991532038761
6 33 -0.035532915936016991
6 34 0.065313574285939688
6 35 0.04719155155612887
6 36 -0.117195833828953
6 37 0.12866027464560659
6 38 0.27750301723413784
6 39 0.13760311485617768
6 40 -0.12878172386715125
6 41 0.21620124627883072
6 42 0.068852497052357881
6 43 0.020046956873960679
6 44 -0.054180144704588311
6 45 -0.074190962113085818
6 46 0.090500830065600668
6 47 -0.014931484701927372
6 48 0.08396126065585649
6 49 0.048545111814796843
6 50 -0.10498819341337265
6 51 -0.09463845261913359
6 52 -0.16878395342046543
6 53 -0.1645082681385443
6 54 0.14144913257463917
6 55 0.18916960706019798
6 56 0.061579033865551969
6 57 -0.075841837314637603
6 58 0.13233627357644412
6 59 -0.12984066453738258
6 60 -0.10408919963817463
6 61 0.16096193051317281
6 62 0.028878544676266472
6 63 0.14299173028657308
6 64 0.12811071094399074
6 65 0.040011668245290934
6 66 -0.066393944592196844
6 67 0.046213717572413146
6 68 -0.10795287816491357
6 69 -0.052799029601891492
6 70 -0.011351055686123362
6 71 0.047808106708998134
6 72 -0.16953543256174025
6 73 0.12437482832042718
6 74 0.11950094853848588
6 75 0.017028226488549431
6 76 -0.082849033337986683
6 77 0.013260737494994519
6 78 0.23463843851452784
6 79 -0.035315254406200002
6 80 0.28742554193209169
6 81 -0.10034003514730472
6 82 0.021413656229692133
6 83 -0.04955790731221868
6 84 0.024481104456025388
6 85 0.00464285949067511
6 86 0.16371979046176771
6 87 0.11711450824524541
6 88 0.046047331850465313
6 89 -0.068597929767982985
6 90 0.1042052800112699
6 91 -0.075813294053042782
6 92 0.026955606287161274
6 93 0.098270861420695702
6 94 -0.17110046624763198
6 95 0.12572609038690499
6 96 -0.030082488201712811
6 97 -0.052195779200595649
6 98 -0.10989633087186629
6 99 -0.059591347481907191
7 8 -0.0058219274649276391
7 9 0.11228269678403922
7 10 0.036621473001347153
7 11 -0.098643534840603689
7 12 0.0061683078708196504
7 13 -0.054167648262063543
7 14 -0.23559436091879948
7 15 -0.060952287853431042
7 16 -0.20006404598653227
7 17 -0.070075715396233335
7 18 -0.083316916600108315
7 19 -0.08018401617924005
7 20 -0.069531126419612344
7 21 0.090383790723752869
7 22 0.040144236766591859
7 23 0.0233460127227967
7 24 0.063359585295230517
7 25 -0.0108538401281704
7 26 -0.12822910885963154
7 27 0.049776462175541103
7 28 -0.17462082016769834
7 29 0.098875125383441079
7 30 0.057582877176068407
7 31 0.013409201890771725
7 32 -0.031668968300017288
7 33 0.0013043678629929393
7 34 -0.084262467946768421
7 35 0.017569731695319092
7 36 0.093695563641801718
7 37 0.072962734495951531
7 38 -0.20469829388321786
7 39 0.12283678660979794
7 40 -0.0023191542096151685
7 41 -0.13729728646930206
7 42 0.085019857469362692
7 43 0.053870540942606127
7 44 0.0011215328307897876
7 45 0.066484254140171228
7 46 0.038081607852335872
7 47 0.20321461645858513
7 48 0.021165669510871787
7 49 0.21366065199468287
7 50 -0.11786637394164029
7 51 -0.18841822660084068
7 52 0.14063098011547612
7 53 0.07620254388691107
7 54 -0.066515003173979431
7 55 -0.0098779336642233189
7 56 -0.089644089723055015
7 57 -0.0089397114293133708
7 58 -0.047754930009434655
7 59 -0.034326186918531669
7 60 -0.14474247727933548
7 61 -0.15477406228862517
7 62 -0.10320868151657742
7 63 0.10099357049436633
7 64 0.054677855855483438
7 65 -0.032074570457146998
7 66 -0.083521012853030194
7 67 -0.0023799972350100583
7 68 -0.026135046664736306
7 69 -0.071694869449352744
7 70 -0.047578529622268752
7 71 0.11215412330883022
7 72 0.053962753792602583
7 73 0.086494614809346546
7 74 -0.062763643775104336
7 75 -0.010324060468491271
7 76 -0.0099157080162321255
7 77 -0.011242683302002747
7 78 -0.040402711447575991
7 79 0.020458387128329886
7 80 0.1753066453071504
7 81 -0.11208716525738463
7 82 0.086423529910340621
7 83 -0.15894057038845641
7 84 0.17196119967125467
7 85 -0.011833199438949796
7 86 0.0039511015648911072
7 87 -0.049032092856699225
7 88 -0.080612818017087848
7 89 -0.1121103500901717
7 90 -0.14018725992355768
7 91 -0.092965404185583259
7 92 -0.032118169186596254
7 93 0.038486544831020174
7 94 0.017991285853891922
7 95 0.22968009207583504
7 96 -0.10010721103875475
7 97 -0.18813381486904623
7 98 0.078348653248561287
7 99 -0.16606826354556872
8 9 -0.19236228325410376
8 10 -0.0018686027428528322
8 11 0.047990253942096599
8 12 -0.051365357602678123
8 13 -0.27026157029240827
8 14 0.015970787551949035
8 15 -0.041413705073353874
8 16 -0.13412025796545277
8 17 0.1345046008899915
8 18 -0.017294857628932184
8 19 -0.075796697560255089
8 20 0.17967426978638701
8 21 -0.043641603358857382
8 22 0.047937962348253475
8 23 -0.032625945895735899
8 24 -0.09690735092355264
8 25 -0.040176502320268363
8 26 0.053996409359154229
8 27 0.11364451707229282
8 28 0.014674579466200949
8 29 0.2333948125788782
8 30 -0.14948776184667475
8 31 0.064805157931640753
8 32 -0.2244843561857299
8 33 0.068604559553263153
8 34 -0.047960271382093453
8 35 0.033121466553681457
8 36 -0.085820980411319775
8 37 -0.032283694091366812
8 38 0.042531393498228112
8 39 0.066325886804342343
8 40 -0.0034932244340263735
8 41 -0.033466835437957525
8 42 0.22889743033577284
8 43 -0.023837526624990613
8 44 -0.15766597795717152
8 45 0.20082309397415804
8 46 -0.0052628946627909625
8 47 -0.075233219854623889
8 48 0.051620735099433136
8 49 -0.080270315455365795
8 50 0.084253076005387062
8 51 -0.04699758251831862
8 52 0.13598686889556097
8 53 -0.096179721242836386
8 54 0.098681774319899482
8 55 0.07001338899052488
8 56 0.064115785690037133
8 57 0.040980935910352616
8 58 0.13996491702585229
8 59 -0.0054182972313968295
8 60 0.075245587378433509
8 61 -0.047143288092644738
8 62 0.073162687955302605
8 63 -0.035583263842823669
8 64 -0.065905961830992496
8 65 0.0080269750620197353
8 66 -0.059059488276351157
8 67 -0.046328862490563075
8 68 -0.15182631359129573
8 69 -0.044778628252826386
8 70 0.0012668778400091582
8 71 -0.13219999795927034
8 72 -0.03221256275305965
8 73 -0.038397504697812945
8 74 -0.13360077501709683
8 75 -0.054648700502318306
8 76 0.015437730359966265
8 77 0.237655443107718
8 78 -0.035811021523386645
8 79 -0.12164579698637541
8 80 -0.060223541771197098
8 81 0.053070270997698094
8 82 0.24370508434815263
8 83 -0.0084068044195267783
8 84 -0.10698254607320146
8 85 -0.016547332541493091
8 86 -0.048814201392140301
8 87 0.036489353275914897
8 88 -0.046426082967749936
8 89 -0.13576126491212889
8 90 0.11820801664798242
8 91 0.051064147413253137
8 92 -0.062809466089907257
8 93 -0.0041814204099481665
8 94 -0.19575775348150007
8 95 -0.064971017365863082
8 96 -0.040516694374874984
8 97 0.20390290123627183
8 98 -0.20018445689147701
8 99 0.13153397486398286
9 10 -0.085798961645299515
9 11 0.095151982584041908
9 12 0.091586958635052867
9 13 -0.012011743718548648
9 14 0.05333626211798953
9 15 -0.13628047742819901
9 16 0.0022322538771091202
9 17 -0.0072951582352664621
9 18 -0.017701570832877093
9 19 0.0031452712034455337
9 20 0.014322352180178797
9 21 0.13669114699610449
9 22 -0.03367421524355857
9 23 -0.0039386875054312938
9 24 0.077501346438172608
9 25 0.0414668140853744
9 26 -0.038901638661358359
9 27 -0.11671718782992904
9 28 -0.12287580330012869
9 29 0.050155093062568823
9 30 0.031051038725204424
9 31 0.011618412371533878
9 32 -0.034740356529903697
9 33 -0.091316297704888846
9 34 -0.04182208181717248
9 35 -0.035864995980999126
9 36 0.074463277606037742
9 37 -0.15739351832434656
9 38 0.015024430643925432
9 39 0.1266619956995883
9 40 -0.23394582597983243
9 41 0.00068986350871840635
9 42 -0.079757135778423041
9 43 0.031021776358606559
9 44 -0.12835768260022193
9 45 0.050596158402652504
9 46 0.20298135875353607
9 47 0.046998894912719982
9 48 -0.010457717679910175
9 49 -0.095236522539524304
9 50 -0.064304619320759177
9 51 0.0025719017880047744
9 52 0.00167255868637108
9 53 0.027524591692135891
9 54 0.03167995761891456
9 55 -0.098218392007549449
9 56 0.029065534044373727
9 57 0.064773685709122369
9 58 0.023495267408604338
9 59 0.039212668735888814
9 60 -0.060981458105367307
9 61 0.10264347455200523
9 62 -0.045872305214501002
9 63 -0.046804260423637334
9 64 0.035472897416025724
9 65 0.010072216933753257
9 66 0.17923056056764652
9 67 -0.074684760589219371
9 68 0.099352482489611024
9 69 -0.027639755751319751
9 70 -0.10393746949762553
9 71 0.087203165553637982
9 72 0.036142547295721639
9 73 0.09250563245330902
9 74 -0.15621233773230261
9 75 0.17325799483304608
9 76 -0.14204863959132494
9 77 0.2010343565173619
9 78 -0.028613808810393854
9 79 -0.0083759295133987114
9 80 -0.13205283060033121
9 81 0.0077443487259294432
9 82 0.012630620806855475
9 83 0.031108437263846836
9 84 -0.014268869232379614
9 85 0.060565795221788093
9 86 -0.071426024860150969
9 87 -0.020105933382903483
9 88 0.21352346265625047
9 89 -0.085222564699489439
9 90 -0.11836439513178515
9 91 -0.12497956669309418
9 92 -0.12507260602322687
9 93 -0.025416857804602379
9 94 0.087575911622594996
9 95 -0.11507906148383595
9 96 0.016291654463836378
9 97 -0.02862738599123163
9 98 -0.00079272412670075532
9 99 -0.027424953321069714
10 11 -0.026306926648626112
10 12 -0.12017657257273436
10 13 0.0028580180232813594
10 14 0.011731177616683037
10 15 -0.13615154717816344
10 16 0.078526844981194943
10 17 -0.018554541098417289
10 18 -0.033055283963931703
10 19 0.0066832920268469946
10 20 -0.13626278179422022
10 21 0.0089011334328669249
10 22 -0.0034586624566964931
10 23 -0.19405705701559076
10 24 0.11059458197625963
10 25 -0.088719184394233097
10 26 -0.23155055898640706
10 27 0.041511422227428124
10 28 -0.071604658313375383
10 29 0.053211509945049168
10 30 -0.11285215072906085
10 31 0.041398532430200058
10 32 -0.074116573840878205
10 33 0.082057486714145589
10 34 -0.14658129848678869
10 35 0.010847656644064967
10 36 -0.15712713903809963
10 37 0.066981395605234501
10 38 0.014047987594146419
10 39 0.0037559183494570714
10 40 0.062306054161426927
10 41 -0.11552420530247416
10 42 -0.036527136321644692
10 43 -0.017640127952127022
10 44 0.055650925334194773
10 45 -0.034364659627402268
10 46 -0.16803581958160091
10 47 0.15446121534422083
10 48 -0.0832554245927251
10 49 -0.13211818540917511
10 50 -0.028903496012562386
10 51 -0.024304373301717266
10 52 0.063427149994787588
10 53 0.064588328781438137
10 54 0.057022826026931796
10 55 -0.10965463211519764
10 56 0.10391882735765134
10 57 0.092072009498465085
10 58 0.028912247404009966
10 59 -0.0029141720980426634
10 60 0.020680015630817321
10 61 0.13016110622873908
10 62 0.16874586959630805
10 63 -0.020057659545192966
10 64 0.2128223121396495
10 65 0.11825296294403181
10 66 -0.045390779636141187
10 67 -0.068480384093738578
10 68 -0.08505890827608753
10 69 0.1328835576676751
10 70 0.03788045565679974
10 71 -0.030228649226748384
10 72 -0.035140609220003741
10 73 -0.038967251653641455
10 74 -0.086112909773606389
10 75 -0.021730084121818472
10 76 -0.0970811014834006
10 77 0.045235610273457405
10 78 -0.084773085944924234
10 79 0.045543657467161047
10 80 -0.21484476099425653
10 81 0.014324392710144289
10 82 -0.21109637716795238
10 83 0.0069816907336108722
10 84 0.10162321280229794
10 85 0.058765030680434316
10 86 -0.021930146518233336
10 87 -0.077999132327596407
10 88 0.12175438498386398
10 89 -0.046861286696825474
10 90 0.15263133750910665
10 91 -0.098771262219597977
10 92 -0.1577920083934512
10 93 -0.084026213594096399
10 94 -0.011532877797545044
10 95 0.083359129155229583
10 96 0.019468382981089456
10 97 -0.0030143701992310251
10 98 -0.068861470715244552
10 99 -0.22545886943915777
11 12 -0.16619568785855179
11 13 0.0011951788826028004
11 14 0.037864333180492149
11 15 -0.029049952098573417
11 16 0.14175207656400554
11 17 0.10688331295809067
11 18 -0.057949609360198662
11 19 0.055387812855531175
11 20 -0.14198978981310759
11 21 -0.16355524400800811
11 22 -0.16555570688739535
11 23 -0.10486237824028002
11 24 0.088606210875883024
11 25 0.15661086329139148
11 26 0.022242086438637825
11 27 -0.0908455281070467
11 28 0.061194787357546881
11 29 0.0081072073379059775
11 30 -0.038206600361499012
11 31 -0.21111377481977645
11 32 -0.13246635646621241
11 33 -0.085790489759030558
11 34 -0.012855244423740678
11 35 0.2025221658802257
11 36 -0.087659854467424761
11 37 0.048166730665655508
11 38 -0.052418909570246586
11 39 0.024209183645715417
11 40 -0.0088651194886516429
11 41 0.020504142951516938
11 42 -0.024828345609913191
11 43 -0.043138196068683965
11 44 -0.11349014589813203
11 45 -0.060476190457031266
11 46 0.14393632401268117
11 47 0.15954298442766038
11 48 0.079809341025274372
11 49 -0.035867383512208188
11 50 0.06998354855061531
11 51 -0.077562710034748988
11 52 0.069092383583574668
11 53 0.014132095148056249
11 54 0.16186049931989055
11 55 -0.17336854397260615
11 56 -0.059959298857123366
11 57 -0.048056150216872484
11 58 0.10380470316964885
11 59 0.080911500920000448
11 60 -0.021125242917820048
11 61 0.014465961279179793
11 62 -0.18199819005378692
11 63 0.051488664006210161
11 64 0.0042498531434158699
11 65 -0.034888038609825235
11 66 -0.056357214187155738
11 67 -0.20227423039466996
11 68 0.13696228397502683
11 69 0.044008732133352851
11 70 -0.062564473395439704
11 71 0.086367124136009721
11 72 0.1505152536901336
11 73 -0.11942208165226192
11 74 -0.056788991936444683
11 75 -0.071608310062557537
11 76 0.085139368982652175
11 77 -0.28003705376069904
11 78 -0.056967492638212075
11 79 -0.11824631169204231
11 80 0.17056906940400979
11 81 -0.085757323084558523
11 82 -0.030751211139373097
11 83 0.089049492797759963
11 84 -0.25150460397441948
11 85 0.21439215785733257
11 86 -0.064240589115801411
11 87 0.12406100234848989
11 88 0.0266914297911169
11 89 0.07399664310114322
11 90 0.026663409634521525
11 91 0.026121093888569931
11 92 -0.25054998114932314
11 93 0.15660702323690279
11 94 0.0070246077272800292
11 95 0.037585874150990919
11 96 0.099544621579934781
11 97 -0.045117181523137505
11 98 -0.054185927366553976
11 99 -0.19517829078262994
12 13 -0.067029920521202907
12 14 0.018221085675398443
12 15 0.025928174274844531
12 16 0.014915613475500201
12 17 0.040988980840885744
12 18 -0.099711314982404542
12 19 0.18335999155628441
12 20 0.053909510006736827
12 21 -0.068846024320073029
12 22 -0.054857833157225283
12 23 -0.056145175270789563
12 24 0.045213890907790981
12 25 0.11209777043899097
12 26 0.13754908702798094
12 27 0.096973006336278811
12 28 0.022064565456671736
12 29 -0.055312408298513527
12 30 -0.049376915157913648
12 31 -0.10082024734978806
12 32 0.090373397319166243
12 33 0.04723899825135168
12 34 0.07533790787149347
12 35 -0.050060234872247061
12 36 0.056057739140721256
12 37 -0.019267407364434386
12 38 -0.057997353041524695
12 39 -0.22267144796506599
12 40 0.036586648251403106
12 41 -0.0019612736725158433
12 42 -0.04863578881265395
12 43 0.069280588673417076
12 44 0.10412815710016968
12 45 0.081967017026483277
12 46 -0.062109328595823354
12 47 -0.23672841660210486
12 48 0.029932864002004067
12 49 0.0028776316110421581
12 50 0.17241279327235884
12 51 0.095432344283317871
12 52 0.025396172731545527
12 53 -0.040836326203625067
12 54 -0.046104267341344957
12 55 0.083930895342902601
12 56 -0.18947028376431971
12 57 0.097394360966581286
12 58 -0.052309083192414056
12 59 0.05395667779185246
12 60 -0.047850616405926187
12 61 0.073888522986684774
12 62 -0.14932890829574216
12 63 -0.20718465814895159
12 64 0.1745442183707564
12 65 -0.18312885787880839
12 66 0.045731732755633386
12 67 -0.19079486403508897
12 68 0.090721436235748007
12 69 0.10445284172681753
12 70 0.0036545496485947369
12 71 -0.035528645607541869
12 72 0.020697013597897006
12 73 -0.035470841712450428
12 74 0.061441872169025649
12 75 -0.044843749081398897
12 76 -0.17028563858798756
12 77 0.021304905481548383
12 78 0.10848107868971053
12 79 0.14199076483588643
12 80 -0.012778502490737881
12 81 -0.066958603565019967
12 82 0.040137334832303986
12 83 -0.038527531281203939
12 84 -0.028691166225411881
12 85 0.1818786716152419
12 86 0.029701438112977069
12 87 0.078401475411261606
12 88 0.028621322045571926
12 89 -0.065682267387034241
12 90 -0.057497520355558912
12 91 0.093503935575472014
12 92 -0.051549277193332903
12 93 -0.0016107599797795299
12 94 -0.14042048908525984
12 95 -0.033416674971539627
12 96 -0.067115282538270454
12 97 -0.03949650675801656
12 98 0.029762868751360461
12 99 0.0034811188626911113
13 14 0.11269185603555934
13 15 -0.044648783748814813
13 16 -0.016436678102877602
13 17 -0.10356031575574205
13 18 -0.13687738017851511
13 19 -0.0098412382766103375
13 20 0.040105071929620442
13 21 -0.036754833178049721
13 22 -0.081985168745155032
13 23 -0.01092338610270881
13 24 0.044893913669313279
13 25 -0.072543780046330261
13 26 0.1572582218870158
13 27 -0.0075179348895729071
13 28 -0.10181474306574266
13 29 0.084646919746532795
13 30 -0.078982747822778449
13 31 -0.023607451308272812
13 32 0.037625936814667631
13 33 0.029329116316475969
13 34 -0.15410555987022301
13 35 0.17095890194110414
13 36 0.033206742991362802
13 37 0.047767612276083241
13 38 0.1118671521217753
13 39 0.056682724228852489
13 40 0.010097456718469889
13 41 0.035102336303712421
13 42 0.030487973339931002
13 43 0.23854208429166202
13 44 -0.11885124177316925
13 45 0.070986543302643076
13 46 -0.072921570971907379
13 47 -0.079811719952954482
13 48 -0.040312588390246915
13 49 0.018296159299268224
13 50 0.16429349094443582
13 51 -0.098410535443569924
13 52 -0.21449601189805956
13 53 -0.0015520700139145217
13 54 -0.042533743864810208
13 55 -0.10295549390094168
13 56 -0.15638685498210736
13 57 -0.10626986382689481
13 58 -0.052922935225240358
13 59 0.051115586617336339
13 60 -0.085442752544200418
13 61 -0.092165822390305463
13 62 0.0049086035441858874
13 63 0.10132466257288658
13 64 -0.21520771499806834
13 65 0.075787534440921955
13 66 0.19514251606397492
13 67 0.056824955009763069
13 68 0.070237524873548007
13 69 -0.072033393374065072
13 70 0.061202344459752311
13 71 0.2396418787542289
13 72 -0.012248973606153766
13 73 -0.13067004051054457
13 74 -0.063715002101894166
13 75 0.15468813645191562
13 76 -0.091123637828535206
13 77 -0.067155369512610988
13 78 -0.069185028581211686
13 79 0.013037879786130111
13 80 -0.048244680804115855
13 81 0.13129034544415061
13 82 -0.0037547726288844653
13 83 -0.21068014274844563
13 84 -0.011930418018931219
13 85 -0.015101394657433273
13 86 -0.075463885700023464
13 87 -0.055974464244398697
13 88 -0.049011213525748699
13 89 0.13509841591569377
13 90 0.023010596964069294
13 91 -0.036801844291346135
13 92 0.043330959333985286
13 93 -0.070173365828248666
13 94 0.037707705404175271
13 95 -0.13974556850903075
13 96 -0.032312175643866674
13 97 0.25763032083926468
13 98 -0.033961678455061414
13 99 0.02205194561819836
14 15 0.033463850111561923
14 16 -0.043638923646763632
14 17 0.201213026315611
14 18 0.016461819476785714
14 19 0.18278634022128923
14 20 0.001328086606262545
14 21 -0.040260605783020181
14 22 0.098610489618560893
14 23 -0.029750566138599579
14 24 0.052078730482548276
14 25 -0.23262543936730742
14 26 -0.18615455358235117
14 27 -0.033437546333542345
14 28 0.032338611519413106
14 29 -0.020163915989918676
14 30 0.11371079738180093
14 31 0.04530360647474909
14 32 -0.12569854624682594
14 33 0.097278665090368283
14 34 -0.073463603271054154
14 35 0.02764575650382789
14 36 0.1060860346731942
14 37 0.052247449148655735
14 38 -0.080773759895743161
14 39 0.17555202745371137
14 40 -0.053347431852599506
14 41 0.025125590950477519
14 42 -0.028466357462826226
14 43 -0.0033967733424763863
14 44 -0.032887255586573065
14 45 -0.053359233906203854
14 46 0.060882778300678488
14 47 0.0004226396406591524
14 48 -0.094712279850973358
14 49 0.10897091077243021
14 50 -0.022735940748390016
14 51 0.079210734616215667
14 52 -0.18415496481637689
14 53 0.039881167086274934
14 54 -0.048366936332570651
14 55 0.16984296088407597
14 56 -0.16553036671799259
14 57 0.13579957933543529
14 58 0.040318888874325415
14 59 0.061306281945604627
14 60 -0.082529793815386263
14 61 0.087170766423259938
14 62 0.005287128796738913
14 63 0.055130954495900879
14 64 -0.06365131029651927
14 65 0.063802965787605456
14 66 0.07794683640027196
14 67 0.15430936378744942
14 68 0.01619391445648382
14 69 0.069267883052527041
14 70 -0.092788170334358266
14 71 0.048315274423590279
14 72 0.066845865036771021
14 73 -0.12170786402276626
14 74 -0.0096478770248872008
14 75 0.040405441345004726
14 76 0.15682713387661004
14 77 0.056276642347783359
14 78 0.15655535471808882
14 79 -0.014323594608377056
14 80 -0.0048729091158257309
14 81 0.044624480962212221
14 82 0.0043411909048450973
14 83 -0.047635249152210866
14 84 0.0011790699846339549
14 85 -0.15818434259022859
14 86 -0.03091843396451199
14 87 0.12509176952710543
14 88 -0.056768030419257966
14 89 0.035457617466853948
14 90 -0.042829463121047517
14 91 0.022222421159454806
14 92 0.011294536160063134
14 93 0.11185112317919894
14 94 0.046296865604336088
14 95 -0.075460885305438707
14 96 -0.13576541498988789
14 97 0.017620976787188845
14 98 -0.076701326433762151
14 99 -0.034433173425246801
15 16 -0.095205232542927815
15 17 0.24626503390235888
15 18 -0.036005462749988094
15 19 -0.12907337149188694
15 20 0.057922401809860025
15 21 -0.1354233657526363
15 22 -0.19187695244640607
15 23 -0.014211243746360397
15 24 0.14228405301835151
15 25 -0.094182633524521345
15 26 0.039915172474364692
15 27 0.088692396618706926
15 28 -0.0011125808365308766
15 29 -0.0072366094695532381
15 30 0.040055033930152154
15 31 -0.11014101092652731
15 32 -0.24055300217262393
15 33 0.073437476120280412
15 34 0.17894249084371425
15 35 -0.12002043583396489
15 36 0.011547868088614365
15 37 -0.012887972421349415
15 38 -0.27826323285502935
15 39 0.086272126613958874
15 40 -0.26056769343887348
15 41 -0.071947220238893148
15 42 0.03429293355769459
15 43 0.048181712108692001
15 44 0.040351203249553935
15 45 0.15154555052175187
15 46 0.024231444013009414
15 47 0.01546474890190146
15 48 0.026352943589657996
15 49 0.030967633547318737
15 50 0.013841127115343799
15 51 -0.021975392767078456
15 52 0.01609867893982941
15 53 -0.12852469339316466
15 54 0.040074485237363698
15 55 -0.098479394327092143
15 56 -0.13818097099832946
15 57 0.15312184300895459
15 58 0.013897710378443218
15 59 -0.16718536983117827
15 60 -0.090274351043031886
15 61 0.032900085504708014
15 62 -0.073539598377779222
15 63 0.18213773773846087
15 64 -0.12151678850005568
15 65 -0.05396873917788475
15 66 0.052083988844935342
15 67 -0.17653895284439594
15 68 -0.031273384504212014
15 69 -0.0021566166157474275
15 70 0.020267829250330369
15 71 0.099804668248245368
15 72 0.093058379028475663
15 73 0.01768823209929609
15 74 -0.08407846215650755
15 75 0.1194941502409145
15 76 0.044047664676898142
15 77 -0.13468611441635522
15 78 0.0082268414017965547
15 79 -0.086455129105074469
15 80 -0.060621859954464299
15 81 0.011456880458448709
15 82 0.12874802334507579
15 83 0.13248727285956205
15 84 0.11264312687217953
15 85 -0.08852283536948137
15 86 0.085757165862987039
15 87 -0.083058289670746424
15 88 -0.027892177159882688
15 89 0.086773227620113039
15 90 -0.048273214665407682
15 91 0.069338425562426281
15 92 0.11890052073061873
15 93 -0.02874872507650833
15 94 -0.14828407791791515
15 95 -0.074100572992309377
15 96 -0.019860514074252714
15 97 0.009405530244750035
15 98 -0.1865330380262181
15 99 -0.085310412044447795
16 17 -0.12364471363856525
16 18 0.10076287675556046
16 19 -0.02396019096848756
16 20 -0.11952278285445794
16 21 -0.23940322903675409
16 22 0.17987319836393004
16 23 0.027524900672208405
16 24 0.051175634811167395
16 25 -0.043223444603234074
16 26 -0.10387363451094099
16 27 -0.016889155154508818
16 28 -0.11800119141986865
16 29 -0.030142836375435262
16 30 0.094737474481529013
16 31 -0.085397423333327893
16 32 0.094920001304892143
16 33 0.03789204093849622
16 34 -0.11597785478412577
16 35 -0.12183032819466721
16 36 -0.015910276190124313
16 37 0.29044302100123665
16 38 -0.13754180629504761
16 39 0.20080904185070758
16 40 -0.041617176248694078
16 41 0.1210325695817147
16 42 0.050696022775310656
16 43 -0.030303451670342058
16 44 0.092206078983487524
16 45 0.1482452797110633
16 46 -0.043579361827525767
16 47 -0.016318695560304661
16 48 -0.063930263242150995
16 49 -0.025714414225477978
16 50 -0.034353978452153669
16 51 -0.20443687545730171
16 52 0.092311968778406167
16 53 -0.024496478393041081
16 54 0.07408944149232348
16 55 -0.11404344680679419
16 56 -0.16562287288012634
16 57 0.12149627616479806
16 58 0.016120940742166041
16 59 -0.29781307992367501
16 60 0.068218387251724341
16 61 -0.024937092721837809
16 62 -0.030247365201429063
16 63 0.053361492846507846
16 64 -0.043860742223581627
16 65 -0.17827796438691779
16 66 0.074421084761475007
16 67 0.16919376737163172
16 68 0.034448773410112363
16 69 0.090483705033174516
16 70 -0.033025598137217296
16 71 -0.18149071680207332
16 72 0.11112065145035904
16 73 -0.059378176245784786
16 74 -0.11906472519549316
16 75 -0.1734383850007124
16 76 0.042742195383205783
16 77 0.18069505516325268
16 78 0.076327962834349103
16 79 0.047331276361072823
16 80 0.11675346189892269
16 81 0.076992052799682478
16 82 0.066326559125876636
16 83 -0.10368038041958941
16 84 0.094455501699633682
16 85 -0.13599894877625082
16 86 0.064055669915291782
16 87 0.21538755885627983
16 88 -0.073584670757217974
16 89 0.11802366957548927
16 90 0.05303919194473216
16 91 -0.022344041691975181
16 92 -0.098756188358569044
16 93 -0.024220862676296757
16 94 -0.008770247354478955
16 95 -0.11958178570060646
16 96 -0.037502384037433015
16 97 -0.045125804321214255
16 98 -0.02385325622662144
16 99 -0.09461808573542646
17 18 0.053218255141352061
17 19 -0.10124619607082364
17 20 0.12115114274694126
17 21 -0.083290414856931297
17 22 0.14720636657471717
17 23 0.0098516460521905786
17 24 0.10376439100690185
17 25 0.13239144047332005
17 26 -0.073302377513240119
17 27 0.17977501715145836
17 28 -0.05437991454993845
17 29 0.064967639140303138
17 30 -0.00019261561335223571
17 31 -0.017589522164170861
17 32 0.013063315414075667
17 33 0.14354647749443294
17 34 0.005456603805116555
17 35 -0.1005845536612618
17 36 0.083768237883484475
17 37 0.025223450517166197
17 38 -0.033537362610913474
17 39 0.012484005592981937
17 40 -0.082589380338578086
17 41 -0.15407213433879197
17 42 -0.012692043401909079
17 43 -0.13873908274159613
17 44 -0.10896615949723908
17 45 0.032892942899446762
17 46 0.006335160098894713
17 47 -0.070154934796212445
17 48 0.021654401331875434
17 49 0.010644550615389992
17 50 -0.1645948750292964
17 51 -0.11117480765289352
17 52 0.028694178127765042
17 53 0.0098145586638170249
17 54 0.044875836972990885
17 55 0.025570487493665181
17 56 -0.046449610021522481
17 57 0.028378032781648826
17 58 -0.088404789440386988
17 59 0.047003057816506683
17 60 0.037618507830760275
17 61 0.12872687632265153
17 62 -0.091051986143924457
17 63 -0.074696113749672874
17 64 0.16117870438334858
17 65 0.094784738836982338
17 66 0.040393115791333228
17 67 -0.071526064368799477
17 68 0.057435644395476972
17 69 0.098391691249901603
17 70 0.071239342808978534
17 71 0.088683611965221731
17 72 -0.11644894817692496
17 73 -0.049198035026836555
17 74 -0.040231831830535851
17 75 -0.059279682019116223
17 76 -0.15342694508752269
17 77 0.21689058380212889
17 78 0.17375147937258861
17 79 -0.24263008833820854
17 80 -0.072202326204563391
17 81 -0.077437905849026156
17 82 0.095357003506575999
17 83 0.039237582513941438
17 84 0.064480224936650274
17 85 -0.123900672363214
17 86 -0.010815704763995513
17 87 -0.14273547264918016
17 88 -0.19586758587547187
17 89 0.024930823325469864
17 90 -0.11162357516126604
17 91 0.029889742705231082
17 92 0.16707927345506343
17 93 -0.1322067026342825
17 94 0.061957022800778139
17 95 0.030145561016182123
17 96 -0.02695891739930046
17 97 0.033103392991516677
17 98 0.20189489936574773
17 99 0.12563661873438986
18 19 0.081613831365529133
18 20 0.018619770495821249
18 21 0.053289031838803153
18 22 -0.039454578840097281
18 23 -0.039968472489619357
18 24 -0.1943615538812006
18 25 -0.00084172977264835094
18 26 -0.001469528584386294
18 27 -0.065093560686620186
18 28 -0.060586878267548584
18 29 -0.11316170431722412
18 30 0.0902469687095519
18 31 0.070505839191379732
18 32 -0.015209858721173562
18 33 -0.040445014871728899
18 34 0.0015328383214348144
18 35 -0.06572489929220271
18 36 0.030333715732131956
18 37 -0.10681412870905234
18 38 -0.011924785033185902
18 39 -0.15375523136198427
18 40 -0.020103253156279061
18 41 0.1589983367359506
18 42 0.22046883756025412
18 43 -0.083392165613020347
18 44 0.08374612061380414
18 45 -0.084027984449424248
18 46 -0.16191716127130987
18 47 -0.037266353997244088
18 48 -0.13622533685534566
18 49 0.044897647568154349
18 50 0.023737398986040117
18 51 -0.10592300464522303
18 52 -0.076298185732685708
18 53 0.067517352362209168
18 54 0.084373888214764672
18 55 -0.10150134601495882
18 56 -0.014170981275127585
18 57 0.14561116872472513
18 58 0.10863343013078093
18 59 -0.066225217229308728
18 60 0.076147755755653732
18 61 0.044356657223879922
18 62 0.019208991908958001
18 63 0.0080433719234266742
18 64 0.040807516445085984
18 65 0.058226983924011932
18 66 -0.12187729583112257
18 67 0.054022338608861575
18 68 -0.087970977478465218
18 69 -0.17661705478897191
18 70 0.039016853263009625
18 71 -0.035614592149251383
18 72 -0.051047401260346015
18 73 -0.050583487296379598
18 74 0.10751020312885062
18 75 -0.17444327850134442
18 76 -0.028382192370903066
18 77 -0.053244741891984498
18 78 0.030917149876023176
18 79 -0.10683922651582806
18 80 0.072606675239994076
18 81 0.046420391154267875
18 82 0.073689361626818717
18 83 -0.042595363103844798
18 84 0.08828620246696095
18 85 -0.0072708917565961137
18 86 -0.10726478027548128
18 87 0.055363602548510027
18 88 -0.05927923101521311
18 89 -0.10247385043206224
18 90 -0.094263289763786853
18 91 -0.10226984687916896
18 92 -0.021645499396693905
18 93 -0.092261404106764866
18 94 -0.12118557984754086
18 95 0.15132379203859056
18 96 0.024029004164996644
18 97 0.086976476824563415
18 98 -0.045305711006536152
18 99 -0.0053492646252797796
19 20 -0.19797534626646474
19 21 -0.020370979194889158
19 22 0.0036836999077900358
19 23 0.23641679150455161
19 24 -0.050587348287187077
19 25 0.036078701237691697
19 26 -0.045710277410747499
19 27 -0.0019335756135159766
19 28 -0.096256105570656753
19 29 -0.082528167073433745
19 30 -0.010259674861476066
19 31 -0.01336218728308608
19 32 0.039510394042618857
19 33 -0.21998490034736462
19 34 0.011302242764217898
19 35 0.012981257248865917
19 36 -0.15177707437799548
19 37 -0.088360282041276883
19 38 0.047061241600709985
19 39 0.13202737783307333
19 40 0.048067311358868423
19 41 0.075599041897363606
19 42 -0.15942372717468514
19 43 0.11040900996091521
19 44 -0.10395937351318039
19 45 -0.13576334322512604
19 46 0.28513627329907315
19 47 0.064266498933541014
19 48 -0.1488178175536754
19 49 0.071350178731048847
19 50 0.10602116657463752
19 51 -0.052473851444526445
19 52 0.12444653175171022
19 53 -0.042591664375097815
19 54 0.043293744286108105
19 55 -0.095811804612897122
19 56 0.048531388551267207
19 57 -0.09743932840433342
19 58 -0.069928081454960919
19 59 -0.013822051262325233
19 60 -0.080920523193382068
19 61 0.19811025237427246
19 62 0.10922912274252494
19 63 0.0047502205312237823
19 64 0.084422450988530642
19 65 0.040499670889282247
19 66 -0.026571386868650779
19 67 -0.0028921049730365098
19 68 0.0097292903562791622
19 69 -0.072008819624270082
19 70 -0.047329967076484299
19 71 -0.17208240258811092
19 72 -0.12634028925045643
19 73 0.11873701771668217
19 74 -0.16606283897719473
19 75 -0.078811406828938613
19 76 0.043326758182786772
19 77 0.015917664893011378
19 78 0.029105405181162277
19 79 0.11633592300971592
19 80 -0.024433104756922969
19 81 -0.12747711971229989
19 82 0.088557064838327315
19 83 -0.075961683215422654
19 84 -0.064874349144448396
19 85 0.026353423475941429
19 86 0.011621575493445488
19 87 0.022813411144232701
19 88 0.015108296462084669
19 89 -0.05338616285716638
19 90 0.16930608640782308
19 91 -0.056930714764053841
19 92 -0.17131946213360316
19 93 0.26107867418568825
19 94 -0.022367993792231387
19 95 -0.14887805240643659
19 96 0.14080489779275085
19 97 0.11642142781793055
19 98 -0.04878407894314462
19 99 -0.087081221574835443
20 21 0.071589853488839228
20 22 0.074583998390875525
20 23 0.0056981563319408483
20 24 -0.0031254595974607329
20 25 0.14948566577562658
20 26 -0.14850800845857248
20 27 0.10414084820403068
20 28 0.019777718387919974
20 29 0.030944232200059277
20 30 -0.10893693714053371
20 31 -0.12652105504525232
20 32 -0.16138117220983986
20 33 0.054382208888575381
20 34 0.035597262345901895
20 35 0.095625567782239601
20 36 0.11503893633465256
20 37 0.21450044694741244
20 38 0.11852002563466346
20 39 -0.017389541159231039
20 40 0.063647249156106034
20 41 -0.13240443188405027
20 42 0.011355014416333074
20 43 0.07149432194368037
20 44 0.2587555660324658
20 45 -0.035801132231182545
20 46 0.0092075511970141199
20 47 -0.040478749368819934
20 48 -0.11093476304293459
20 49 0.073004938361355562
20 50 -0.12144715746106385
20 51 -0.053574638249818334
20 52 0.065312772253590154
20 53 -0.017681223737336511
20 54 -0.10259483131178569
20 55 -0.068752932137170611
20 56 -0.00047736236691842268
20 57 0.041116075851981397
20 58 -0.074836035613302154
20 59 0.058659694667251266
20 60 0.040906183021447606
20 61 -0.033889473679679837
20 62 0.12061411961274236
20 63 0.069709935455240402
20 64 -0.14909802607395831
20 65 0.044096305646437912
20 66 0.021392691990708965
20 67 -0.07217346752539687
20 68 -0.052852220956778877
20 69 -0.11388350225160059
20 70 -0.0044646986619921031
20 71 0.019085754350694751
20 72 -0.078686778644025179
20 73 0.12031348127828839
20 74 -0.015190413133788317
20 75 -0.071837775004734164
20 76 -0.026087594637108455
20 77 0.1448325304701272
20 78 -0.14097888458155269
20 79 -0.038092732758145113
20 80 0.014004335191489796
20 81 -0.083320005294868216
20 82 -0.097863453246796031
20 83 -0.065168260792375587
20 84 -0.064005673694398857
20 85 0.12719537303550349
20 86 0.047002817131542557
20 87 0.0080222347573522031
20 88 0.098759089219754737
20 89 0.13166260805517169
20 90 -0.17289727153876391
20 91 0.13980027580860097
20 92 -0.074067491169706609
20 93 -0.032156994186226494
20 94 -0.020001568687886103
20 95 -0.20791157268294072
20 96 0.019846695448545216
20 97 -0.024525200549358566
20 98 -0.096647142004700703
20 99 -0.029941003311416737
21 22 -0.16504867017397543
21 23 0.046151891845206433
21 24 0.095975724828869888
21 25 -0.11215658151224683
21 26 -0.054129949448950047
21 27 -0.042960562146553478
21 28 0.12514447074049326
21 29 0.15320842795576062
21 30 0.10059269358423371
21 31 0.0067933109387740848
21 32 0.12719675685827411
21 33 0.023070075931639837
21 34 0.07356666499079495
21 35 -0.063087998422496835
21 36 -0.10022689472390219
21 37 0.097777862306820951
21 38 -0.080993916021819767
21 39 0.004165174126446701
21 40 -0.034733056477481483
21 41 0.0090483094173069607
21 42 0.17802196192611772
21 43 0.0196907346397047
21 44 0.044528566973288872
21 45 0.055400083004076089
21 46 0.24653642989183844
21 47 -0.033931988777164683
21 48 0.12571401140936139
21 49 -0.11032491692362865
21 50 -0.10543940767326354
21 51 0.1210992283561787
21 52 0.0015533475455951214
21 53 -0.02627012418987364
21 54 0.084267497125807472
21 55 -0.038385425807998377
21 56 0.13959076721479238
21 57 0.084498414174041414
21 58 -0.0048299145699120995
21 59 0.04742472284955522
21 60 0.010306228482384916
21 61 -0.071302604397031663
21 62 -0.0073406356746672291
21 63 -0.1838041696188788
21 64 -0.12134507782114186
21 65 0.044324741933555858
21 66 -0.022014502117743688
21 67 0.27589945464433913
21 68 -0.16457393835800727
21 69 -0.030579318010613483
21 70 0.17435230480204722
21 71 0.040359669087194031
21 72 -0.070040721893732227
21 73 0.01726993760288649
21 74 0.023874792671269664
21 75 0.093727598995852035
21 76 -0.063352781995123064
21 77 0.019512576457605964
21 78 0.03495863607850748
21 79 0.021656135085022513
21 80 0.0082090139482387924
21 81 0.017007383019716864
21 82 0.12099822229488677
21 83 0.010240104508304308
21 84 0.10725587118301444
21 85 0.073663816989731332
21 86 0.0067648437610615623
21 87 0.015617670493725975
21 88 0.068393716623631112
21 89 0.05861697350326131
21 90 0.089322947132611782
21 91 0.13859292694237521
21 92 -0.083075005141235281
21 93 0.1451828922267368
21 94 0.016552576888680861
21 95 0.04337183528018914
21 96 0.054536301697367388
21 97 -0.066033670861540092
21 98 -0.065058275627666681
21 99 -0.081654767937383022
22 23 0.099657270866142775
22 24 -0.097785591825036364
22 25 0.059349060582840979
22 26 0.19619483056101206
22 27 0.028791025695873343
22 28 -0.087494249879654915
22 29 -0.1190899083041934
22 30 -0.043513620029555979
22 31 -0.13260787861167431
22 32 0.18422650725172762
22 33 -0.061049368210777083
22 34 -0.078614608257329299
22 35 0.12180445372167129
22 36 -0.066984523532293838
22 37 0.032322170180424846
22 38 0.20119714999941013
22 39 -0.01575336213866731
22 40 -0.0021126315561351937
22 41 0.072522026637041215
22 42 -0.063562530134724668
22 43 -0.0058296724755483621
22 44 0.069283481710617698
22 45 0.1703170365417202
22 46 0.030966275162927822
22 47 -0.082454917443807063
22 48 -0.040132750094836328
22 49 -0.061966528312035876
22 50 0.016493591065402272
22 51 0.044116638389641603
22 52 0.033628270615460719
22 53 0.079184352331126764
22 54 0.0058247677160689184
22 55 0.047174315928302568
22 56 0.087841601883846321
22 57 0.079682548318849147
22 58 0.0010466558127666494
22 59 0.18829237165231266
22 60 0.0184805357236274
22 61 0.0086184914868698195
22 62 -0.033922688359358404
22 63 0.088646789818587313
22 64 0.0028402265541466283
22 65 0.073361639802254991
22 66 -0.16420691688706063
22 67 -0.084404551887722154
22 68 -0.062278260787609396
22 69 0.011456793466106979
22 70 -0.0040385136884284155
22 71 -0.026734303784804993
22 72 -0.021432357775826041
22 73 0.012205851817199494
22 74 -0.11603451053418186
22 75 -0.040433443527235435
22 76 -0.11659596143564165
22 77 -0.0012792239522583376
22 78 0.14800740201360893
22 79 0.043599408920103389
22 80 0.083981813773205474
22 81 0.13860927328669104
22 82 -0.074726394891253517
22 83 0.093647709377896016
22 84 0.15129425325103354
22 85 0.07480971569286414
22 86 -0.094871661074284686
22 87 0.075261830674848443
22 88 -0.036630954779046022
22 89 0.066842092399933051
22 90 -0.026248582265121157
22 91 0.044448752305851207
22 92 0.076120209840597253
22 93 -0.12917353885790031
22 94 0.054709164991813899
22 95 -0.054835480607009247
22 96 0.049894898663266546
22 97 -0.072121638870246793
22 98 -0.092909025770951711
22 99 -0.17203553839022523
23 24 0.0036081420935275966
23 25 0.0099170889077618753
23 26 0.093176722083328473
23 27 0.11195726291138429
23 28 0.063468592561928272
23 29 -0.025900873413298827
23 30 -0.057560976285315014
23 31 -0.062875422886974328
23 32 0.043046661095856545
23 33 0.033502866806874768
23 34 -0.052679788820529365
23 35 -0.17295179600939306
23 36 0.038207542391028027
23 37 0.034613745247617837
23 38 -0.0024445328000203097
23 39 0.015116818445030719
23 40 0.10526928774822913
23 41 0.16878161084475232
23 42 -0.10940598055949934
23 43 -0.018942649356518307
23 44 -0.20541079007814395
23 45 0.031740814678922841
23 46 0.039578651997648095
23 47 0.1782062686556502
23 48 -0.084780497527841087
23 49 0.030989923712711649
23 50 0.056108807612823323
23 51 -0.0070648338846311474
23 52 0.11430914963317487
23 53 -0.034810343910562203
23 54 -0.052000005712425662
23 55 -0.033436554562436618
23 56 0.028816640831051388
23 57 0.010221932941568763
23 58 -0.021881807987883081
23 59 -0.14915020022596612
23 60 0.075716890642610085
23 61 -0.045712456346741967
23 62 0.031250241416583946
23 63 -0.065533645757103853
23 64 0.28479702591004535
23 65 0.14796165050253016
23 66 -0.013669085578506743
23 67 0.14137782989721986
23 68 0.018162851831037396
23 69 0.029799233896215745
23 70 -0.068685294470497371
23 71 -0.037612135197274577
23 72 -0.13754642353039767
23 73 -0.14686365774380866
23 74 -0.071455062456811089
23 75 -0.12820475963491945
23 76 -0.021859903151087077
23 77 -0.063943186691480081
23 78 -0.036778122373554427
23 79 -0.010560794996929796
23 80 0.068198701603060588
23 81 -0.053702161908153315
23 82 0.057510714402554952
23 83 -0.001280717151452589
23 84 0.075109258036452867
23 85 0.011729255981024905
23 86 0.0013987710122242421
23 87 -0.078701430755755045
23 88 -0.011889887769644976
23 89 0.04793214685365927
23 90 0.077470537424989397
23 91 -0.0089424035599506742
23 92 -0.046431406901978271
23 93 -0.028661364152471787
23 94 0.041900648923160942
23 95 -0.16331672583240078
23 96 -0.11752220121138635
23 97 -0.038407871766591418
23 98 -0.19101377168701197
23 99 -0.12228644636612902
24 25 0.13073647379380221
24 26 -0.095986152815716472
24 27 -0.052277247795677433
24 28 -0.038191179780887714
24 29 0.037838206210537538
24 30 0.028339117832447122
24 31 0.057859816451409966
24 32 -0.0450710300795664
24 33 -0.091573223850226232
24 34 0.043285795380548914
24 35 -0.043342053046508698
24 36 -0.11290828842427354
24 37 0.028063503215041814
24 38 -0.011272028242285785
24 39 -0.088828040508667716
24 40 -0.0074663176538585403
24 41 0.10873298640521745
24 42 -0.073474988771645933
24 43 0.042983049156374624
24 44 0.022322193163567317
24 45 -0.1268790994049685
24 46 0.045374330626686082
24 47 0.034295818034089286
24 48 -0.024445895111812298
24 49 -0.0098024633750512947
24 50 0.064541640037326292
24 51 -0.063011222205105952
24 52 -0.0038658085784455082
24 53 0.025375629503515226
24 54 -0.073474720141352284
24 55 -0.084938696834545427
24 56 -0.013692044197530832
24 57 -0.02340662714245674
24 58 0.059499169722534863
24 59 0.079947015153222722
24 60 0.24208853870118341
24 61 -0.013808690584883846
24 62 -0.0058571383373521406
24 63 0.07653401924226208
24 64 0.039522945635412324
24 65 -0.090231723365605088
24 66 0.10166027430784699
24 67 -0.091632973822744213
24 68 0.085395960143611227
24 69 0.0030521660137530372
24 70 -0.24323079639951639
24 71 0.067353036761923127
24 72 -0.053530307647812816
24 73 0.073380476842223819
24 74 -0.025907399958264535
24 75 -0.0082200492238832072
24 76 0.065747621470170742
24 77 0.15159532797546976
24 78 0.16802340736282265
24 79 -0.050680273180811745
24 80 0.0018619638388893405
24 81 0.076228325807104536
24 82 0.049651743203060018
24 83 -0.03579522712625606
24 84 0.053796545381429431
24 85 -0.083495058049049428
24 86 0.11404380780568922
24 87 0.024887369664044492
24 88 -0.019516656702608801
24 89 -0.037455587513833981
24 90 0.01875938029057533
24 91 -0.10779182446703076
24 92 0.0045185856029281912
24 93 -0.078326515210623754
24 94 0.033482406414578038
24 95 -0.014147205381830508
24 96 0.087788651635313797
24 97 -0.0037683556312469025
24 98 0.010735882677072628
24 99 -0.084547462830638409
25 26 0.038110947611644297
25 27 -0.039370688766670672
25 28 -0.0095841066841910183
25 29 -0.17633123757675573
25 30 0.055858287751414264
25 31 0.0029702284905623304
25 32 0.082454556066701157
25 33 -0.022907469884586366
25 34 0.065846324554506522
25 35 -0.13603381605146153
25 36 -0.1745297444147908
25 37 -0.13996888431065405
25 38 0.042870780472894748
25 39 -0.057246985130216171
25 40 -0.0033234354046768888
25 41 -0.048765714069730431
25 42 0.062963563366492323
25 43 0.012572402271380479
25 44 -0.23642935905793064
25 45 0.0071362543361519828
25 46 0.075310889491841532
25 47 0.18944327744112258
25 48 0.033686949002927895
25 49 -0.058799266435326458
25 50 -0.035784126494038969
25 51 0.13022277812743224
25 52 0.14399945204297682
25 53 0.005531413244127841
25 54 0.013789833670924024
25 55 0.10348642956601597
25 56 -0.1575251284942365
25 57 -0.061357785779390807
25 58 -0.14478958134284214
25 59 -0.21472380194126994
25 60 -0.052743507048594651
25 61 0.010744940879041719
25 62 0.085971397069557878
25 63 -0.046391548603576915
25 64 0.19138070578471456
25 65 -0.047612815515039507
25 66 -0.081956842900591853
25 67 -0.050768147986832518
25 68 0.042066859705211235
25 69 0.042224083790006417
25 70 -0.0011759698828009433
25 71 -0.063970063959812126
25 72 -0.002874156784229703
25 73 0.0038273051023638713
25 74 0.0059651986794823381
25 75 -0.19300974553241937
25 76 0.0040855102133881575
25 77 0.029177469295642047
25 78 -0.07940277742996471
25 79 0.049351598009413362
25 80 -0.089946548665532922
25 81 -0.24408641064443742
25 82 0.15065611606927665
25 83 -0.12123157588601852
25 84 -0.00039200304169109684
25 85 0.080206143973705457
25 86 -0.073295977386096875
25 87 0.029822284003898372
25 88 0.017344830066357647
25 89 0.093613416776713643
25 90 -0.023955015573528339
25 91 -0.0038350639318936483
25 92 0.0005830506120877275
25 93 -0.025418656654009802
25 94 -0.1632227935258069
25 95 -0.099228481459373172
25 96 0.052982639581480799
25 97 0.040897615311567583
25 98 -0.060844761993139332
25 99 -0.083350979849740783
26 27 -0.066203935983286999
26 28 -0.21235865288871417
26 29 -0.086707158109472368
26 30 -0.11271233506356411
26 31 0.091747930087750437
26 32 -0.027181789706532303
26 33 0.15406289235994791
26 34 0.15937478941855987
26 35 -0.19809909642978188
26 36 -0.032358692114143349
26 37 -0.0049997893908334274
26 38 0.067629440933580628
26 39 -0.032365394149144418
26 40 -0.1037738030341846
26 41 0.06459155430639596
26 42 -0.052552111995595147
26 43 0.084629749968433879
26 44 0.05907477192541663
26 45 -0.081978219177118727
26 46 0.10041733630495545
26 47 -0.046078631248114767
26 48 0.12229765670705572
26 49 0.031892814177400079
26 50 0.0082364636501860017
26 51 -0.081190232282209715
26 52 -0.094993944533812838
26 53 0.015670149962663943
26 54 -0.11923512407453747
26 55 -0.17812555039640865
26 56 0.043890741486312376
26 57 -0.07917354771718943
26 58 0.040640292826426679
26 59 0.14115970819711393
26 60 -0.054859426624044472
26 61 0.060225616164225941
26 62 0.033575685718377747
26 63 -0.081941466377472738
26 64 0.041492120331905059
26 65 -0.15898586825581101
26 66 0.074454503726902835
26 67 0.026636137550354572
26 68 0.10183271779942148
26 69 0.14128397779659169
26 70 0.040355192457281155
26 71 0.040636703600792891
26 72 -0.0090986617749295225
26 73 -0.035915482874444841
26 74 -0.04990359376980652
26 75 0.042717658702227171
26 76 -0.16074149605913768
26 77 0.035472991139362718
26 78 0.045691798291250904
26 79 -0.02634869386780482
26 80 -0.10302809897460002
26 81 0.11376874805431539
26 82 0.089964972723685185
26 83 -0.021067885320785969
26 84 -0.045946063539411275
26 85 -0.079349517779164866
26 86 -0.062681737298764584
26 87 0.023150983876136403
26 88 0.02510752876612278
26 89 -0.025852747020830891
26 90 -0.007226079402675091
26 91 0.089366151039116923
26 92 0.018549529440353145
26 93 -0.020522070375260937
26 94 -0.039165832882089316
26 95 0.04188190186611853
26 96 -0.049696238568105899
26 97 0.00066178022410418773
26 98 -0.081230311912529413
26 99 -0.063490691416571932
27 28 -0.079247737700695403
27 29 0.091387742523724294
27 30 0.016304322150641894
27 31 0.10655735836664089
27 32 0.097395324165032118
27 33 0.052707712396888297
27 34 -0.019292011340620314
27 35 -0.0030166093279283251
27 36 -0.11429105658278299
27 37 -0.057751076275054172
27 38 0.12071052385021284
27 39 -0.12440073611019112
27 40 0.13935766683865788
27 41 -0.063018090063366769
27 42 -0.11419196673274901
27 43 -0.1598487698183183
27 44 -0.067950224540515622
27 45 0.13063520187830563
27 46 -0.069207032100487204
27 47 0.18132804406652353
27 48 0.18727827945241929
27 49 0.16141359691608925
27 50 -0.14512639357905552
27 51 -0.11948226686862605
27 52 -0.136130972063221
27 53 0.066317547058105664
27 54 0.038548565160135766
27 55 -0.08853818270560522
27 56 0.034649807396041191
27 57 -0.12173499945126956
27 58 -0.13477095141075252
27 59 -0.024929916303097488
27 60 0.0076508556122989943
27 61 -0.058689597461816415
27 62 0.02754602574039873
27 63 0.042483999717021929
27 64 0.046272461418256756
27 65 -0.0075217658308926391
27 66 0.075085128455492714
27 67 0.17167195557283027
27 68 -0.095870375125048202
27 69 0.0032165974279185789
27 70 -0.0051077019792052135
27 71 0.28196768710377074
27 72 -0.074865683314288348
27 73 0.058597938650794427
27 74 -0.093839500462832376
27 75 -0.041416087225352366
27 76 0.059774610889431957
27 77 -0.056214214215640129
27 78 -0.0039157163791546127
27 79 0.045296457091477199
27 80 0.14400392257006786
27 81 0.07213643873792415
27 82 0.049005242051958275
27 83 0.036479254589473951
27 84 0.024966945054252263
27 85 -0.35013437914794032
27 86 -0.055730658011309497
27 87 -0.19020948740770038
27 88 -0.0039135793972722962
27 89 -0.0838434115105582
27 90 -0.095911740751740443
27 91 -0.011891931495408181
27 92 0.13414543953777952
27 93 0.19515470025736242
27 94 0.03251832204091093
27 95 -0.02775277639967455
27 96 -0.16468939479535211
27 97 0.10688330125483791
27 98 0.19692242390522971
27 99 -0.048528414167797074
28 29 0.044241553544697165
28 30 -0.10989400836448034
28 31 -0.061739558163034107
28 32 -0.046829887731735326
28 33 -0.032035318679546329
28 34 0.18251569004532964
28 35 0.0037039218612519224
28 36 0.057760466691315286
28 37 0.065221005835389062
28 38 -0.043212837108823093
28 39 0.20856407637082675
28 40 -0.1938927225423395
28 41 0.11801712060316322
28 42 0.17659922946995302
28 43 0.023770164764699005
28 44 0.0071416507924721402
28 45 0.09962730511993835
28 46 -0.045419262978149105
28 47 -0.091980236278483923
28 48 -0.058709743780516549
28 49 -0.1372469192369018
28 50 -0.089339335635673686
28 51 0.093205551406063236
28 52 -0.042762550344808643
28 53 -0.13114977999273889
28 54 0.069353759367725351
28 55 0.067009008237192483
28 56 -0.038220596077099322
28 57 0.085372488863451321
28 58 0.0044580619390922078
28 59 0.07916026535734072
28 60 -0.0032051904750854052
28 61 0.0057050826436886391
28 62 -0.068192413151493367
28 63 0.058041664154900946
28 64 -0.24479428127773528
28 65 0.031882393849357454
28 66 0.018891351490994846
28 67 -0.12871835565095122
28 68 -0.019529961915851216
28 69 0.061637918452572327
28 70 -0.023387091600523387
28 71 -0.066174250052883174
28 72 -0.12274881099373383
28 73 0.077978587144242689
28 74 0.032501181240803173
28 75 0.20052257129568749
28 76 0.26486330573363359
28 77 0.13098009106026093
28 78 0.0090580865188514461
28 79 0.0038034492357484338
28 80 -0.009065062686889766
28 81 -0.0099692487144366279
28 82 0.2283680443317298
28 83 0.085011074320342342
28 84 0.0012897863208527825
28 85 0.17366593888306683
28 86 -0.027044383926363547
28 87 0.21496091870411532
28 88 0.058588108268943999
28 89 -0.019845013740927248
28 90 0.024040774369075618
28 91 0.10511051687811122
28 92 -0.1484405830012033
28 93 -0.049540024531960179
28 94 -0.091800485564906747
28 95 -0.093629357447219952
28 96 -0.045168320934971265
28 97 -0.028268340751651213
28 98 -0.01474680316122046
28 99 0.084561597350201148
29 30 -0.18438877852477767
29 31 -0.0086032395168960957
29 32 0.11229971963779053
29 33 0.019192399644769022
29 34 -0.0037194721519441597
29 35 -0.062693156967952399
29 36 -0.058288156567871841
29 37 0.051342662941841949
29 38 0.19085800935777117
29 39 -0.13439418613871615
29 40 0.085652351736304172
29 41 0.18089692998375476
29 42 0.059603588471736704
29 43 -0.0040847028921120387
29 44 0.051320657970435259
29 45 -0.18315982579024576
29 46 -0.024061804427388794
29 47 0.064694900130561353
29 48 -0.048701075778353586
29 49 -0.22826534148848704
29 50 -0.088789718367098674
29 51 0.05439849582261428
29 52 0.16828625127320201
29 53 0.015606098886769998
29 54 0.058691065899014627
29 55 0.05356169188138446
29 56 -0.075043027599894105
29 57 -0.0034502112025140037
29 58 -0.03131898319203457
29 59 0.083663116710733829
29 60 -0.155718541747531
29 61 0.15950436890618302
29 62 -0.036698215111327932
29 63 0.05359194586527663
29 64 0.020387022377808886
29 65 0.044980335624618076
29 66 0.069769648069136325
29 67 0.0022840268498298512
29 68 -0.010668606559428811
29 69 -0.32889554769275031
29 70 -0.012753223959921093
29 71 -0.054759976474855782
29 72 -0.0045322558871091255
29 73 -0.0029638594051782903
29 74 -0.15292896893016369
29 75 -0.057087355018063834
29 76 -0.05810081755179184
29 77 -0.03411367197358732
29 78 0.056592081917271921
29 79 0.035919331590287699
29 80 0.098810698156375623
29 81 -0.019780997306495358
29 82 0.0027328991461129828
29 83 -0.013757912948380177
29 84 0.0048869729696520781
29 85 -0.1368440952306399
29 86 0.023057614006667976
29 87 -0.013917568255296981
29 88 -0.013687642011367226
29 89 -0.0047437692402731158
29 90 -0.04417708012556118
29 91 -0.13857096612933606
29 92 -0.085113445549757361
29 93 0.10879708694102741
29 94 0.061086311654397291
29 95 0.047056093773960334
29 96 0.010299975198562161
29 97 -0.036993282243387812
29 98 -0.16739375415301289
29 99 -0.13427221060769517
30 31 -0.18672342330681285
30 32 0.019885195841136072
30 33 0.070624023681533629
30 34 -0.077271980468752915
30 35 -0.088176604479405549
30 36 -0.068046859985138958
30 37 -0.0190629498762219
30 38 -0.048527472443029011
30 39 -0.24223486560909363
30 40 0.17100907549016406
30 41 0.075273695663740647
30 42 -0.083859972785227138
30 43 0.067523579956165716
30 44 -0.068164917635222505
30 45 -0.087721198949293352
30 46 -0.025454167192846461
30 47 -0.052513520921935536
30 48 0.00986687349612346
30 49 0.15209797893566318
30 50 -0.10690574693483093
30 51 -0.045352244957861394
30 52 0.063152305700763217
30 53 -0.088409933694914553
30 54 0.012029607673273331
30 55 0.077210142041689217
30 56 0.014726765883758706
30 57 0.083139873084764296
30 58 -0.047628846535111034
30 59 -0.056252762764640897
30 60 0.10540566767017667
30 61 0.074309200761625685
30 62 0.1810578546036101
30 63 0.092149133837927069
30 64 -0.078365081651447246
30 65 -0.044012315576623877
30 66 0.076993370072577241
30 67 -0.18166626237302086
30 68 -0.070702930216400256
30 69 -0.10029811712440501
30 70 -0.023066235509946974
30 71 0.13132550411816177
30 72 0.13295159789717015
30 73 0.060039318943435664
30 74 -0.073424677203536057
30 75 0.00060192936162556322
30 76 -0.083467567187826955
30 77 0.20993355695766436
30 78 -0.0094972570140430812
30 79 -0.12205141217677473
30 80 0.092021842400336951
30 81 -0.085857104970011519
30 82 0.039558879105582784
30 83 0.13276890553011225
30 84 0.075083957556533076
30 85 -0.038671614771229774
30 86 -0.07433279742693194
30 87 -0.16693214663190128
30 88 -0.27996651000039374
30 89 -0.0014119202072230283
30 90 0.042341565501708193
30 91 0.0825481516622633
30 92 -0.061382282595372664
30 93 0.0060257074093937506
30 94 -0.041201789038897756
30 95 -0.054720117429728869
30 96 0.015353846740633646
30 97 -0.025338283667957037
30 98 -0.0049108935347741862
30 99 -0.02661930325699673
31 32 0.057270544265581605
31 33 0.0062639870213238389
31 34 0.043247602001370206
31 35 0.030779164309771102
31 36 -0.15702134438162396
31 37 -0.042025854768237544
31 38 -0.14126173380223128
31 39 -0.1950137528702095
31 40 -0.15508176409920899
31 41 0.061808916338647574
31 42 0.084123519100657185
31 43 -0.07445227387081646
31 44 0.079073964761190468
31 45 -0.024056724057612024
31 46 0.024029509917576651
31 47 0.18145299257107761
31 48 -0.20162730149597918
31 49 -0.13315590158521232
31 50 0.1490877335220285
31 51 -0.011991843443009926
31 52 0.066384696397171886
31 53 0.0065282730185114842
31 54 -0.058014452820144391
31 55 -0.013240070590514567
31 56 -0.024735626344079012
31 57 -0.17402304243371589
31 58 -0.027627315137086925
31 59 -0.040230710369539499
31 60 -0.056500361853732819
31 61 -0.051008504794716969
31 62 -0.030031106827043394
31 63 0.051885059274681414
31 64 0.24923462049450396
31 65 0.027201629577890286
31 66 0.046279464218998131
31 67 0.012388412937330642
31 68 -0.12070986303375249
31 69 0.06566375636799332
31 70 -0.033030141858838347
31 71 -0.019761087292626097
31 72 -0.067191828350346969
31 73 0.050109577961706446
31 74 0.047030525725433828
31 75 0.070546004246673913
31 76 0.03243169836186454
31 77 -0.077223635531067703
31 78 -0.1491210853428844
31 79 0.10605718518358545
31 80 -0.11644528785805681
31 81 -0.052667130235663606
31 82 0.035078882362078873
31 83 -0.039642769754530627
31 84 -0.0039688733700624602
31 85 -0.15046217835593431
31 86 -0.025066068741409687
31 87 0.10525467248062431
31 88 -0.12651112545319618
31 89 -0.051144351030590063
31 90 -0.16018841987452748
31 91 0.20041743125196618
31 92 -0.0031912495529135033
31 93 0.036619462551879527
31 94 -0.1225193909996444
31 95 -0.14046263259987396
31 96 -0.095078173223180573
31 97 0.0018933554793070821
31 98 0.017184187844428316
31 99 0.10225252990892936
32 33 0.036826044410571954
32 34 -0.023418909035196243
32 35 0.072697807186248006
32 36 0.0019232004079819749
32 37 -0.025208118136321869
32 38 -0.061685963568188264
32 39 0.1237499717387627
32 40 0.028487685065327291
32 41 0.036786137964360387
32 42 -0.015458922546698735
32 43 -0.06389209369905563
32 44 0.081003384668609305
32 45 -0.094424523107074582
32 46 0.15412525174958508
32 47 -0.11312499150722354
32 48 -0.029094259722338717
32 49 0.070511995689858956
32 50 0.019844179140247945
32 51 -0.039724303917867097
32 52 -0.026317531844071859
32 53 0.0069252139812895352
32 54 0.052137345347265919
32 55 0.057038284994607238
32 56 0.18408081516217001
32 57 0.065765433672504856
32 58 -0.063538742268176324
32 59 0.04376698078402997
32 60 -0.089107435424810977
32 61 0.075232043530509468
32 62 0.16582841801855233
32 63 0.13407358784880094
32 64 -0.023942299695386238
32 65 -0.11306130917604584
32 66 0.033421532317026686
32 67 0.045731481874291414
32 68 0.069638976538960187
32 69 -0.085224343830138882
32 70 0.1823704154460655
32 71 0.050866216179222823
32 72 -0.093917769156533631
32 73 0.041376713315812302
32 74 -0.069310056495873726
32 75 -0.0355863871934863
32 76 -0.055292266659535017
32 77 -0.0053509052092676609
32 78 0.12596517594831244
32 79 -0.073475517002097326
32 80 0.03552016423261492
32 81 -0.067047728102750836
32 82 0.034056019757141759
32 83 0.16291972509999064
32 84 0.12089159926327681
32 85 0.098527759532613279
32 86 0.009059029116453796
32 87 0.062588940774261609
32 88 -0.13995205484648968
32 89 0.26463481839315517
32 90 -0.11373775102657131
32 91 -0.22932322053700704
32 92 0.10563450574980977
32 93 0.036625236417202223
32 94 -0.084814515976651489
32 95 0.046052034927221347
32 96 0.21507290058704345
32 97 0.011144071441205557
32 98 0.12927606084974497
32 99 -0.01131633690543051
33 34 0.014638621195251028
33 35 0.029947702506480545
33 36 0.10025144893959009
33 37 0.063042775104504026
33 38 -0.18064435041070734
33 39 -0.10027908678610174
33 40 -0.0063070038682672361
33 41 -0.098561309700686314
33 42 0.2354421275610096
33 43 0.041239879238811811
33 44 0.12299930263191024
33 45 -0.10125360136750512
33 46 -0.10707531479771969
33 47 0.08716712302372033
33 48 0.083829896870115078
33 49 -0.11248916116425411
33 50 -0.061206847919952401
33 51 -0.20703192435146303
33 52 -0.061397374752729529
33 53 0.11532945288342233
33 54 -0.077754524649423604
33 55 -0.075836578701323487
33 56 -0.098593751932779888
33 57 -0.08888498448369346
33 58 -0.060477944508214025
33 59 0.12468235004210404
33 60 0.086284453028595359
33 61 0.1251959219415246
33 62 0.00091275057721476322
33 63 0.022355475099578324
33 64 0.053373725392646065
33 65 0.12618685027716511
33 66 0.059324434744791113
33 67 -0.11951154338473935
33 68 0.046117539463402413
33 69 -0.21349928223405473
33 70 0.064820520373557497
33 71 -0.080004001171594119
33 72 -0.056637548666337995
33 73 -0.14738650466354283
33 74 0.1365365689744541
33 75 -0.25876514297638403
33 76 -0.03056982091590001
33 77 -0.00083509018748836145
33 78 -0.13086080324433452
33 79 0.0075652548421237505
33 80 -0.13820414896658181
33 81 0.090779080198732695
33 82 0.15203307834332
33 83 0.072000141575084095
33 84 0.15908214958717892
33 85 -0.026756600331738156
33 86 -0.0079541690827914114
33 87 -0.13106087089018556
33 88 0.14902725761425237
33 89 0.14500513986851832
33 90 -0.17376401116551374
33 91 0.14256300061563359
33 92 0.041588365864630154
33 93 -0.044581432730007586
33 94 -0.046300259684511264
33 95 0.011820460892720961
33 96 -0.23764263924384754
33 97 -0.038093573585290245
33 98 -0.068615610203592844
33 99 0.11877008204707298
34 35 -0.061470423323368883
34 36 -0.056192715112542119
34 37 -0.10758306278572183
34 38 0.0052268008194793431
34 39 -0.13401107280754906
34 40 -0.022557332423562386
34 41 -0.065463013542889456
34 42 -0.020255225285470826
34 43 -0.089274018890595608
34 44 0.035912146789940799
34 45 -0.067657338478401718
34 46 0.14891530277479714
34 47 0.062793276109878213
34 48 -0.17505049115801152
34 49 0.085258283890374598
34 50 -0.021204625362693241
34 51 -0.069544323941975808
34 52 0.062680434206936447
34 53 -0.037941944732175582
34 54 0.0072955144614264868
34 55 -0.12659321427610498
34 56 -0.071118452092195486
34 57 -0.019453640524192066
34 58 -0.047840606778655911
34 59 -0.054164844452329289
34 60 0.25093122042400501
34 61 0.12835229925784275
34 62 0.013135445637793418
34 63 -0.099805667224332928
34 64 -0.12957506708534436
34 65 -0.070306380934916202
34 66 0.1324800215690316
34 67 0.18923538764831016
34 68 0.080647339102671578
34 69 -0.019895569649063541
34 70 -0.045119496210273835
34 71 -0.0016208889288611761
34 72 0.0024811680466855675
34 73 -0.069044552627029188
34 74 0.047931160227765272
34 75 -0.017562924449339927
34 76 0.078421609528486064
34 77 -0.15727330797317865
34 78 -0.059011275494431352
34 79 0.036131690902995305
34 80 0.10520027307518297
34 81 -0.058962235339714425
34 82 -0.076886905209807482
34 83 -0.087906442570307761
34 84 -0.083209084296895705
34 85 0.049045191470881683
34 86 -0.098215239506799654
34 87 -0.021556343659659586
34 88 0.022932109975037536
34 89 -0.13099745239767904
34 90 0.067523996945351716
34 91 0.013863683972669939
34 92 0.086637959043385518
34 93 0.12712347179145797
34 94 0.01376718762859821
34 95 0.065783383743237001
34 96 -0.10183249688822871
34 97 0.010453678412204518
34 98 0.02945149986704438
34 99 0.15099463935156909
35 36 0.10924752682715717
35 37 -0.02483037400713187
35 38 -0.03660900438716333
35 39 -0.043449064139701843
35 40 0.010384868495953964
35 41 0.14270697814359928
35 42 -0.041829597380632688
35 43 0.023832361514188161
35 44 -0.080207092044005071
35 45 -0.0010459303910419846
35 46 0.062254296847572957
35 47 0.15422311822660162
35 48 0.0069291884945195089
35 49 -0.082914607526473505
35 50 -0.15461446424093284
35 51 -0.085144621247611796
35 52 -0.028191024798255485
35 53 -0.01189586486714455
35 54 0.042703746089031609
35 55 0.0070892730308815995
35 56 0.052042503619936759
35 57 0.031746659198390599
35 58 -0.18115974338787297
35 59 0.05696754653023698
35 60 0.001332490465013483
35 61 -0.01607556347159662
35 62 -0.16679967780502619
35 63 -0.018697251008897589
35 64 0.23649501028325318
35 65 -0.096040596310687745
35 66 0.01398036560969744
35 67 0.0041371411738969554
35 68 -0.14500507595105291
35 69 0.079174638651930807
35 70 -0.1671586105086762
35 71 -0.10877185073995435
35 72 -0.092839672007230561
35 73 0.099461674744538459
35 74 0.07655342187388639
35 75 -0.10282870402740714
35 76 -0.10188042667197675
35 77 0.23155421908806542
35 78 0.048688803689420967
35 79 0.0063103143155817864
35 80 -0.05868329191738391
35 81 -0.020400214989548041
35 82 0.012731269247742961
35 83 -0.10112645463299362
35 84 0.087160755441868562
35 85 -0.093914212446082335
35 86 0.175198144496129
35 87 -0.060607521710451841
35 88 0.086776407918834453
35 89 0.046456370178585837
35 90 0.1403738974939219
35 91 -0.14395839545798544
35 92 -0.096473864411658672
35 93 -0.14797545649395435
35 94 0.0027039428498344818
35 95 -0.08508200054300262
35 96 -0.10568782420060718
35 97 -0.10972306126548746
35 98 0.16000865142534396
35 99 0.11679233969348518
36 37 0.14424110598352502
36 38 -0.13250867611922609
36 39 -0.022733400275523286
36 40 -0.15868377988764282
36 41 0.019024534675608818
36 42 0.051687728206629792
36 43 0.15368615477338554
36 44 -0.22057901310514813
36 45 -0.04001349918867772
36 46 -0.042755533051949235
36 47 0.098491910878720917
36 48 -0.10184016051397589
36 49 -0.076283840070853662
36 50 -0.026820301070758241
36 51 0.10084747680405509
36 52 -0.054748994084748731
36 53 0.064643455711625705
36 54 -0.026714186226089311
36 55 0.095401943071387718
36 56 -0.0072496557841990692
36 57 0.06199881037386902
36 58 -0.013402396662312556
36 59 -0.17943131774942916
36 60 -0.14091940078677956
36 61 0.16831573510786038
36 62 -0.050888709752573882
36 63 -0.0093841260009167766
36 64 0.038167970621697377
36 65 -0.13576244123313291
36 66 0.14085236493305059
36 67 -0.13398923511798713
36 68 0.30749570366273488
36 69 0.038129206362291418
36 70 0.011191915740569772
36 71 0.14497214338727155
36 72 0.0090085417455156771
36 73 0.0095698728542956118
36 74 0.091507306735639421
36 75 0.15143550770895831
36 76 -0.10395772209809379
36 77 -0.068754817628602735
36 78 -0.062024637109875672
36 79 0.25109269449335242
36 80 -0.056084576578730651
36 81 -0.012458979603357588
36 82 0.066146298242978116
36 83 -0.21799601553870371
36 84 -0.001652005978585099
36 85 0.06543584750546616
36 86 -0.085740518155751094
36 87 -0.016919295290243344
36 88 -0.019027327620213263
36 89 0.081947834953406476
36 90 0.002484740146924895
36 91 -0.11036939577305455
36 92 0.068052424781734219
36 93 -0.17747628210611466
36 94 0.12431625673007196
36 95 0.091357412260291648
36 96 0.0072245111767793736
36 97 -0.097697882686200985
36 98 -0.063080051599028797
36 99 0.12622462172236376
37 38 -0.16691055658679477
37 39 -0.12035759682516854
37 40 0.097071196787638592
37 41 -0.051287126222234775
37 42 0.032387733724221331
37 43 -0.035909738050614558
37 44 -0.09735397214382685
37 45 0.061823972753743461
37 46 -0.087000937412601204
37 47 -0.057438591581423171
37 48 0.12636339363845192
37 49 0.2530592111933187
37 50 -0.14345384296283226
37 51 0.050878616275211702
37 52 0.070094684279217515
37 53 0.042323692629527371
37 54 0.021500159347984424
37 55 0.13517664142753694
37 56 0.057590595507391311
37 57 0.047277925644386626
37 58 0.089826532092131706
37 59 0.10429730944529743
37 60 -0.20048727317935328
37 61 -0.023720347355978628
37 62 0.047020007255321655
37 63 0.030162224647053822
37 64 -0.042869061062116944
37 65 0.060818115615230511
37 66 0.011752569302739983
37 67 -0.051388469688097106
37 68 -0.070769028383850421
37 69 0.12268791084164737
37 70 0.008791374587671286
37 71 -0.12870518725874594
37 72 0.11819031751525688
37 73 -0.11022680999396771
37 74 -0.032107258101906129
37 75 -0.0047989642109528084
37 76 -0.049548331174262439
37 77 -0.096817337495894495
37 78 0.035912493441611175
37 79 0.038906144717312241
37 80 -0.09288264844159215
37 81 0.016703878520249651
37 82 0.078178335551326375
37 83 0.063400134631589264
37 84 -0.056546938168352427
37 85 0.077679664174714252
37 86 0.078539234175381722
37 87 0.063274351802596093
37 88 0.12273266405431993
37 89 0.096147326460567284
37 90 -0.060577176367229937
37 91 -0.00045648568576941079
37 92 0.052935048747707283
37 93 -0.12657349580239519
37 94 -0.032569707636828676
37 95 0.018942277563570351
37 96 -0.12692038042820639
37 97 -0.096597925345179914
37 98 -0.10786618321492472
37 99 -0.024166627877320473
38 39 -0.1161762255432891
38 40 0.14075311508618615
38 41 -0.14490648549903182
38 42 0.11474729072807065
38 43 0.13933609766994745
38 44 -0.072261677463081306
38 45 -0.036370832573595399
38 46 -0.076957770623731367
38 47 -0.29072450161309632
38 48 -0.13568134505522489
38 49 -0.036721348107513652
38 50 -0.17581188059984409
38 51 0.18415724492447305
38 52 -0.12685789745267345
38 53 0.14281469418627524
38 54 -0.040115953587201894
38 55 -0.019461628051734653
38 56 -0.26138582602827642
38 57 -0.063400020447802699
38 58 -0.076018805566700931
38 59 0.047129480752513803
38 60 0.016237187195631195
38 61 -0.077013214218934686
38 62 -0.087885543463431109
38 63 -0.079875715724602947
38 64 0.051084792324133377
38 65 -0.077559415603960111
38 66 -0.076334098892761715
38 67 -0.047938856742691695
38 68 0.029893680875958274
38 69 -0.021068801473464061
38 70 -0.00066301229596221181
38 71 -0.14513137503494236
38 72 0.17868198319440737
38 73 0.01975779583256888
38 74 0.046213236386902092
38 75 -0.070491689307111999
38 76 0.14750356849874632
38 77 0.10955043015919758
38 78 -0.15978602473100353
38 79 -0.051467400455389993
38 80 -0.12751510164904242
38 81 0.022285345151523427
38 82 -0.099395446669661089
38 83 -0.068156014846720694
38 84 0.052902373517731353
38 85 -0.022136396224991514
38 86 0.074569225659185265
38 87 -0.015035968548496582
38 88 0.081541042107310918
38 89 0.085126547156418417
38 90 0.03797085455218413
38 91 0.14131851911740076
38 92 0.07890948729254442
38 93 -0.018228367486965571
38 94 -0.069558056428353887
38 95 -0.11776578884651689
38 96 -0.078050042568259814
38 97 -0.059918422154261845
38 98 -0.037138966920683046
38 99 0.03527398800651349
39 40 -0.028371743575165032
39 41 0.061438925980637084
39 42 0.023766777639648077
39 43 0.050744705508898535
39 44 -0.013702774463787315
39 45 -0.11390427387126961
39 46 -0.29403558177605799
39 47 -0.2087141987510755
39 48 0.033689149644216002
39 49 0.010728677733968579
39 50 0.047209030713602107
39 51 -0.042412143413687563
39 52 -0.026725265621369249
39 53 -0.090541529467470697
39 54 -0.052515682872611352
39 55 0.014352303308265996
39 56 -0.073893746458719919
39 57 -0.015001538816924896
39 58 -0.17161337423216924
39 59 0.23779994052982964
39 60 0.057778083919120773
39 61 -0.014177862787248375
39 62 -0.11807471572663673
39 63 -0.070384965492771664
39 64 -0.089735987323248487
39 65 0.028768920445090947
39 66 -0.089368678155265668
39 67 0.043556756468449677
39 68 -0.089060216724103192
39 69 0.27790355516568604
39 70 0.018151493903059587
39 71 -0.12540870373858554
39 72 0.025785887790774543
39 73 0.10737226852868526
39 74 0.019152004569237571
39 75 0.18769345378250424
39 76 -0.17557725168601784
39 77 -0.09082570547077265
39 78 0.055253563347665048
39 79 0.026314135943411143
39 80 -0.014368339755125427
39 81 0.16029852982050247
39 82 -0.0057927340643972834
39 83 -0.11651462694734138
39 84 0.017759729609250281
39 85 0.07249607142739424
39 86 -0.10310679310019477
39 87 0.0097617130221031301
39 88 0.10906010370016948
39 89 -0.22107088352243368
39 90 0.055906376948403794
39 91 -0.071408040276013759
39 92 -0.036462528926484876
39 93 -0.0091916765965127985
39 94 0.10886770162466067
39 95 0.081044476258176415
39 96 -0.048085461809435986
39 97 0.0085756799268551596
39 98 0.13185662235884441
39 99 0.10005285263731512
40 41 -0.026948928151485453
40 42 0.23982724804231986
40 43 -0.035340968000160615
40 44 -0.011092360370772131
40 45 -0.17659269556858256
40 46 0.012993370211178166
40 47 0.075469433336076155
40 48 0.19256714935813182
40 49 0.084689135126918766
40 50 0.052983185540750356
40 51 -0.06387846799305634
40 52 0.092823008971467807
40 53 0.01334477014358074
40 54 -0.22089767800501578
40 55 0.07441044995609071
40 56 0.081340850958665945
40 57 0.10422985911455525
40 58 -0.079052131454528274
40 59 -0.056289720869490356
40 60 0.040987180376730555
40 61 -0.06789666359656292
40 62 0.035802615255233261
40 63 0.29612436034430872
40 64 0.1911842694026093
40 65 -0.034691752875435404
40 66 -0.17953175440293023
40 67 -0.13666922267979714
40 68 0.2367468623841068
40 69 0.069142762598285168
40 70 0.1383565466894206
40 71 -0.12268950850198163
40 72 0.085513830033451865
40 73 -0.057452836133656343
40 74 -0.1250790102145983
40 75 -0.022282174469463154
40 76 0.066878907851997613
40 77 -0.019318316972998108
40 78 -0.053163175333997642
40 79 -0.10585944884736927
40 80 -0.0002915048656830818
40 81 0.21512135402596361
40 82 0.11605035810402148
40 83 -0.079636305765673085
40 84 -0.0041647135598892925
40 85 0.0021213162471633742
40 86 -0.047039884754122102
40 87 0.068363640316130847
40 88 -0.35999824733374908
40 89 -0.0162019342464093
40 90 0.16814598887047577
40 91 -0.14633478860497348
40 92 0.071667746958851433
40 93 0.02553657804204499
40 94 0.096019879553470369
40 95 0.11190038159011767
40 96 -0.11707673097454259
40 97 0.12779106046327809
40 98 0.0048963413232675189
40 99 0.018044955033897216
41 42 0.08019703969244478
41 43 -0.077269753739754143
41 44 -0.17438679642347027
41 45 -0.12759957013847245
41 46 0.099244418490565464
41 47 -0.11159845012159425
41 48 0.05629512231695312
41 49 0.020718126973656943
41 50 0.10639194447969694
41 51 -0.069348268056970877
41 52 0.067110682741802236
41 53 -0.097277537410436807
41 54 0.038855200430229428
41 55 0.052892684527268065
41 56 0.032143958260825667
41 57 -0.11963601976958005
41 58 0.036224847194509718
41 59 -0.060888061680888519
41 60 0.086883975997228344
41 61 -0.17787066570392918
41 62 -0.057751140678194202
41 63 -0.097585794900725761
41 64 -0.061380382855751384
41 65 0.069467930909706627
41 66 0.15550267418099856
41 67 0.046731566983778922
41 68 -0.073333732111149338
41 69 0.10733051676469196
41 70 0.11816501657362383
41 71 0.013321729656762878
41 72 0.065234905599826296
41 73 -0.012570067285743359
41 74 0.018715079758216843
41 75 -0.04299090651511997
41 76 0.022374945112313013
41 77 -0.078849846054681344
41 78 -0.18612642175680583
41 79 0.0086130376221293502
41 80 0.033040090918056549
41 81 -0.22037502398525399
41 82 0.1255740505797969
41 83 0.10403749434144219
41 84 0.10112996552420733
41 85 0.1503770583846929
41 86 0.16030453117266519
41 87 -7.6464899782981838e-05
41 88 -0.031894906808292121
41 89 0.046129331048128976
41 90 -0.079770487607757457
41 91 -0.10240646748374078
41 92 0.10005143951173266
41 93 -0.031116098455927155
41 94 -0.019333562883926084
41 95 -0.01081019674755913
41 96 -0.022616985602791958
41 97 -0.1147331746516991
41 98 -0.0063556011064162341
41 99 0.10308427516594765
42 43 -0.16992261991722299
42 44 -0.088717464403288135
42 45 -0.077805430595686453
42 46 0.11226377249824782
42 47 -0.071317285232658081
42 48 0.031828115853462929
42 49 -0.062261157445454296
42 50 -0.019179320389822573
42 51 -0.019416830830025246
42 52 -0.15151983540658476
42 53 -0.055979539383736746
42 54 -0.035616192277647299
42 55 0.01489778623022372
42 56 -0.056948784745008134
42 57 0.10174918682260943
42 58 0.03448967203549537
42 59 -0.05859416509211849
42 60 0.0037570881714372919
42 61 0.098853151927008637
42 62 -0.10552034026030073
42 63 0.066350658178290306
42 64 0.094025228212387457
42 65 -0.041175604113873804
42 66 -0.027160486039514653
42 67 0.23130705712581734
42 68 -0.0076655457482258313
42 69 -0.025696264878547051
42 70 0.22506609524165977
42 71 0.029200704214244422
42 72 -0.1772899329129568
42 73 0.22042616459539219
42 74 0.025205489057063164
42 75 0.023889624820588221
42 76 -0.0043820642480622866
42 77 0.14939860718417652
42 78 -0.17601373560839761
42 79 -0.026990893723885585
42 80 0.045452999019699694
42 81 0.11766199580454154
42 82 -0.021740915814983292
42 83 0.026947405698814625
42 84 0.031314315558406643
42 85 0.14830438062869805
42 86 0.17640109544620869
42 87 0.12160886914109466
42 88 -0.010974134337861466
42 89 -0.093232839235026677
42 90 -0.12265717786569626
42 91 0.0059207927732753043
42 92 0.00023495791243942647
42 93 -0.10482980890284686
42 94 -0.13531504054927104
42 95 0.023205192262499126
42 96 -0.096117314657880648
42 97 -0.11506244522846228
42 98 0.050703984994640253
42 99 0.0086404823150147709
43 44 -0.063393308769796722
43 45 -0.15607752601362557
43 46 0.11933139510574862
43 47 0.055622592324693888
43 48 0.0042706576409123334
43 49 0.11931229333986076
43 50 0.050033193474103822
43 51 -0.017687093626558247
43 52 0.10475241131961213
43 53 -0.014114754533871766
43 54 0.19293655152238876
43 55 0.044332421377108154
43 56 -0.017334225775670096
43 57 -0.12160106883200968
43 58 0.26329357259405167
43 59 0.045695206476162549
43 60 -0.0033532103202597468
43 61 0.056807610977552415
43 62 -0.13631046516429488
43 63 -0.19044297657571341
43 64 -0.19678421770182622
43 65 0.12740224075583159
43 66 0.12638713624364897
43 67 0.054482793745830344
43 68 -0.11033634255804191
43 69 -0.012006958480931309
43 70 0.21309980476278195
43 71 0.040421377221006485
43 72 -0.1391485718364511
43 73 0.062537158419540967
43 74 -0.036269845634435992
43 75 0.080049891473293569
43 76 0.042287675149490174
43 77 -0.026353553841013913
43 78 -0.14855079665305818
43 79 -5.3481542291732046e-05
43 80 0.045025491487206373
43 81 -0.17533595927083448
43 82 -0.091696282198583043
43 83 0.0079504454113393831
43 84 0.0052815726063188909
43 85 0.01257644767495663
43 86 -0.033990221700299132
43 87 -0.01761709377040983
43 88 -0.073266046619222466
43 89 0.081501761955730223
43 90 0.13911718823917696
43 91 0.11035899884498512
43 92 0.016026964329349115
43 93 -0.18118396263132622
43 94 0.0091452149820308859
43 95 0.044662998557488648
43 96 0.19460977352908881
43 97 -0.030871706899604241
43 98 0.010855309387859717
43 99 -0.054623302572410895
44 45 0.014658236319135605
44 46 0.011498340557994384
44 47 0.15978568743902211
44 48 -0.0072038473039261995
44 49 -0.054361443695455508
44 50 -0.015217527649206634
44 51 -0.024572331918820207
44 52 -0.11077997363352182
44 53 -0.15053818330037605
44 54 -0.0237941640319866
44 55 -0.085761137012822064
44 56 -0.069340422917637146
44 57 0.031178131180476409
44 58 0.10241948144869811
44 59 -0.05967056488305468
44 60 -0.099260378313289543
44 61 0.11707498173724361
44 62 -0.032410131636850928
44 63 -0.016353227214414647
44 64 0.029302531616286945
44 65 0.018518998166935426
44 66 0.04220646335069099
44 67 0.03449080129756784
44 68 0.11633371737574226
44 69 -0.03549809297503171
44 70 0.13876022910196131
44 71 -0.029175315566023954
44 72 -0.073339395440755337
44 73 0.18076132998482278
44 74 0.0024038102982923068
44 75 0.14262959793871088
44 76 0.13278918589603808
44 77 0.2275562443238445
44 78 -0.051285819789057774
44 79 0.067844854340812652
44 80 0.083019569626655909
44 81 0.17019799932187193
44 82 -0.007248544617497946
44 83 0.066777729530702185
44 84 0.14979299526452652
44 85 0.091749748014536434
44 86 -0.18679391230524559
44 87 -0.036293991844235034
44 88 0.099101214013918346
44 89 -0.056849646872568542
44 90 0.035905092927449735
44 91 -0.13903415813516126
44 92 0.07311903466620974
44 93 0.1017121809763763
44 94 -0.17808650577233631
44 95 -0.015354961861803851
44 96 0.10129947667105058
44 97 0.025405998698115991
44 98 -0.021948232234301757
44 99 -0.01419349178765825
45 46 0.091296576273629026
45 47 -0.089325636147452495
45 48 0.11328046990039559
45 49 -0.045055749475498535
45 50 -0.024008240868366997
45 51 0.095537221743520431
45 52 0.25079474389084416
45 53 0.14402595127404894
45 54 -0.0031896139975008866
45 55 -0.18801181907450953
45 56 0.14001561765633178
45 57 -0.0069052347538785313
45 58 -0.011695466175436313
45 59 -0.0096228838826308526
45 60 -0.021017166431443336
45 61 0.051914597046678772
45 62 0.0032580066060904642
45 63 -0.033082177652264962
45 64 -0.035641785082197917
45 65 0.055850127555593321
45 66 -0.12003985443704004
45 67 -0.17734547374817911
45 68 0.15211761339629903
45 69 0.045738347456386129
45 70 -0.025479705560945434
45 71 -0.081375083030427578
45 72 -0.012413327907769927
45 73 -0.23493820533140869
45 74 -0.044099099407447918
45 75 -0.065067232664161534
45 76 -0.12579109967006061
45 77 0.072802898405755406
45 78 -0.0073819233750042623
45 79 -0.023421823320891981
45 80 -0.26974001072031673
45 81 0.012563239584128466
45 82 0.15524322739111404
45 83 0.25375236879591567
45 84 -0.1569338259079994
45 85 -0.027664364669811044
45 86 0.10114784295179657
45 87 -0.067639660596383225
45 88 -0.038008597505699654
45 89 -0.20996289901464818
45 90 -0.050644748149903066
45 91 0.017215425302885209
45 92 -0.0074741244326321709
45 93 -0.037827203482103174
45 94 -0.033605204993958956
45 95 -0.076027229199646398
45 96 -0.059846240909714535
45 97 -0.091617191054550517
45 98 0.083453272745232371
45 99 0.056394448475924369
46 47 -0.25942892339838247
46 48 0.071272016326008311
46 49 0.063391304007651625
46 50 -0.08588730449937497
46 51 -0.16417743358774842
46 52 -0.16526414746542209
46 53 -0.17471397718909293
46 54 -0.014449682290666319
46 55 -0.067554663762887254
46 56 -0.081432217553901509
46 57 0.0032953779612585987
46 58 -0.20376928370235292
46 59 -0.021158895993616273
46 60 -0.026257903055548822
46 61 -0.049047772814511711
46 62 0.03310438271589957
46 63 0.007440464737633933
46 64 0.088091346319171537
46 65 -0.026910774097153978
46 66 0.067725872545578311
46 67 0.082557665427756527
46 68 0.056299111363285415
46 69 -0.0012273457664546384
46 70 0.10795415430145119
46 71 -0.28027109358468066
46 72 -0.058023328404384539
46 73 0.069022101156756166
46 74 -0.091640018403178619
46 75 -0.17313560955997986
46 76 0.11120704262228909
46 77 -0.11659459494066358
46 78 -0.19448018620567403
46 79 -0.076836549620772451
46 80 -0.00016674069300477815
46 81 0.043289051063358036
46 82 -0.050532914792203933
46 83 -0.051928751358641639
46 84 0.0062283574506634661
46 85 0.05426201558806934
46 86 0.056628405466166487
46 87 -0.20898480529383512
46 88 0.025464863659315426
46 89 0.011447262349766679
46 90 0.0083962866072046852
46 91 0.058015117209925575
46 92 -0.25549384582549639
46 93 0.21264844567953409
46 94 -0.066282164244908889
46 95 -0.022992627390144803
46 96 0.017218799047508743
46 97 0.14151611182569587
46 98 0.027986633239064675
46 99 -0.0029100427737179684
47 48 0.26777477524887366
47 49 -0.0075184364010837772
47 50 -0.031706370360169066
47 51 -0.10583232322216717
47 52 0.023826314293930635
47 53 0.18351073038192178
47 54 -0.090030372891556298
47 55 -0.21381545260727144
47 56 0.014555725312510086
47 57 0.069030064636628835
47 58 -0.061454607776562642
47 59 0.025025816539040208
47 60 -0.021580756587558456
47 61 0.1709666414435087
47 62 0.06872817026300522
47 63 -0.23327985177971466
47 64 -0.066101024516050641
47 65 0.073639139170952453
47 66 -0.0048460894559006788
47 67 -0.110489214320536
47 68 0.051590643576088516
47 69 -0.081461147305055215
47 70 -0.083745994974388546
47 71 -0.062967727266154738
47 72 -0.093609478036666832
47 73 0.22117765071749568
47 74 0.061589075963476791
47 75 -0.089408504478023246
47 76 0.012203328955388341
47 77 -0.049844960831165998
47 78 -0.10495493845371183
47 79 0.12938500405927827
47 80 0.098674121886542482
47 81 0.20925231562526353
47 82 0.15944549233567384
47 83 -0.13362708900414544
47 84 0.080841239839460122
47 85 -0.034096881839202203
47 86 -0.12428879157880457
47 87 0.17075126765973972
47 88 -0.042402638469414312
47 89 -0.11131252424286074
47 90 0.066097531284242131
47 91 -0.059826427577295588
47 92 -0.025849581315654391
47 93 -0.19632464567638214
47 94 0.099873663535510249
47 95 0.10365497138700311
47 96 -0.048938868024411518
47 97 -0.04447402012720636
47 98 -0.069330493142454763
47 99 -0.056091021436779243
48 49 0.081668398333567885
48 50 0.074258027590339767
48 51 0.11479484271547005
48 52 0.031643398784911868
48 53 -0.060605727646260293
48 54 0.3649049709832351
48 55 0.060731412579945056
48 56 -0.11977762311841665
48 57 0.017959352810637968
48 58 -0.040024486635227008
48 59 -0.081179272820424142
48 60 0.028030353136557343
48 61 -0.038097509523373548
48 62 -0.015831401462843613
48 63 0.048153387184381759
48 64 -0.11240991429684433
48 65 0.026919920296858205
48 66 -0.018516541938351255
48 67 0.10353338750099615
48 68 0.040920576674981626
48 69 0.093777581038836891
48 70 0.10882101052859341
48 71 -0.18491744727246537
48 72 -0.14688075618064936
48 73 0.089758220193566607
48 74 -0.090219333101133156
48 75 -0.22387435036433831
48 76 0.018463608649183047
48 77 -0.031602117919465635
48 78 0.1388989171799104
48 79 -0.046125692779442423
48 80 0.081487713246314084
48 81 0.057760582261178764
48 82 0.16948744966123613
48 83 0.11234193903021578
48 84 -0.014770182468713837
48 85 0.02290611568720665
48 86 -0.020429757497432578
48 87 -0.033756151775591291
48 88 0.11834337351110183
48 89 -0.12871475114888487
48 90 0.11684365422709518
48 91 0.16681670261399195
48 92 0.090724371801764125
48 93 -0.032652140184733155
48 94 -0.15065786918518742
48 95 -0.093185532491537493
48 96 -0.092227152940789744
48 97 0.1899538563730627
48 98 -0.027613615858828995
48 99 0.058791314371675375
49 50 0.20274459748895454
49 51 0.019681380108362966
49 52 -0.070486118729742683
49 53 -0.094258307134453767
49 54 0.062068872256888223
49 55 0.13749824546739042
49 56 -0.14185506566156
49 57 0.022350242889004644
49 58 0.038947013374712916
49 59 0.076747592861304337
49 60 0.039329832284953486
49 61 0.10030971895664137
49 62 0.045192782998099805
49 63 0.03835045523048352
49 64 0.17563080839727196
49 65 -0.10234601451636494
49 66 0.022340028204613373
49 67 -0.048106407854161093
49 68 -0.0094802451267597173
49 69 0.075574995223674682
49 70 -0.016660743021044488
49 71 -0.18719531662308211
49 72 0.031206571164469149
49 73 0.020230215197700577
49 74 0.059189386470834375
49 75 -0.17877165489701441
49 76 -0.030269534263152539
49 77 -0.0085234700778787902
49 78 0.16093728673585361
49 79 -0.071014896429875185
49 80 0.10883230500346548
49 81 0.13605603602477609
49 82 0.17250731140014119
49 83 -0.020816770016425436
49 84 0.051738767928980849
49 85 0.20447312080329272
49 86 0.009787347015768319
49 87 -0.089204889453112793
49 88 0.0047070402902287872
49 89 0.15681936941932756
49 90 0.1205640588717718
49 91 0.051627546264506212
49 92 0.14852570137347723
49 93 0.057003686288294213
49 94 0.094918540458526046
49 95 0.15829101609500515
49 96 -0.047101603246239021
49 97 -0.12417134964114694
49 98 -0.11712839884692378
49 99 -0.14152261953936979
50 51 -0.14262291833517837
50 52 0.11283069276771887
50 53 -0.035664532028530725
50 54 0.18482587885344351
50 55 0.19129826650982301
50 56 -0.10324304829843114
50 57 -0.098665281791388088
50 58 -0.10301661338685758
50 59 -0.022275591277098036
50 60 -0.044304929194548842
50 61 -0.016314647833184117
50 62 0.013655496297872908
50 63 -0.041741784071037083
50 64 0.099717665546905504
50 65 0.058133898612270175
50 66 0.089956670607358291
50 67 0.064163226754427871
50 68 0.083507985715699659
50 69 0.07196853045783623
50 70 0.12671300068275851
50 71 0.14129866797943738
50 72 0.025859234215307832
50 73 0.048173603654681443
50 74 0.047552197622197145
50 75 -0.051146202771726962
50 76 -0.16775368329505499
50 77 0.018993413311165296
50 78 0.0585136942665479
50 79 0.22410918553817846
50 80 -0.021211204605189559
50 81 -0.20671633892307822
50 82 -0.041252483992617439
50 83 0.071836624120517084
50 84 0.2096587335878963
50 85 -0.022147377761340393
50 86 0.015896987131971737
50 87 0.078733934789420076
50 88 0.10456412952375732
50 89 -0.151420951431254
50 90 -0.14441786852932223
50 91 0.090681634302580139
50 92 0.075727608060521451
50 93 0.02409998496832999
50 94 -0.10609458405754094
50 95 0.10350717951213484
50 96 0.094676822380421036
50 97 0.062627451052897035
50 98 -0.04299397516776552
50 99 0.19280094690596122
51 52 -0.05438956869607018
51 53 -0.045307698555994619
51 54 0.043467306571107395
51 55 -0.079481799379386445
51 56 -0.006368541426345996
51 57 -0.08028518029772122
51 58 0.053529417882714786
51 59 -0.0010984969999696529
51 60 0.1607402352324542
51 61 -0.044118136433989243
51 62 -0.047680947755715991
51 63 0.06203221417730146
51 64 -0.034462279066242871
51 65 -0.025110213150465438
51 66 -0.11197331870618779
51 67 0.041229467432116647
51 68 -0.080798211296022451
51 69 0.011406887171957203
51 70 0.038679395885805733
51 71 -0.064891790338972549
51 72 -0.14860435182342233
51 73 0.073612845425343229
51 74 -0.03030217619627797
51 75 0.097057652408258949
51 76 -0.015404753064567379
51 77 0.094349924943474966
51 78 0.12526255937567971
51 79 0.05704356462754398
51 80 -0.075124002994415018
51 81 0.085823031287459273
51 82 0.081356204512542676
51 83 -0.11631683833671508
51 84 -0.0078097415323596184
51 85 -0.14906070148386805
51 86 -0.002785178705901321
51 87 -0.11665509095135945
51 88 0.13423051677895023
51 89 -0.23798245628338921
51 90 -0.19692917878133667
51 91 0.095737291701303143
51 92 -0.025294684623743909
51 93 -0.019920518249395183
51 94 -0.0083311489341921941
51 95 0.028414744544216615
51 96 -0.0075182359529744683
51 97 -0.061455336061539162
51 98 -0.062730807349513293
51 99 0.1501268094107705
52 53 -0.057278233945690794
52 54 -0.13379263373267267
52 55 0.010155198304501876
52 56 -0.19297291176245601
52 57 -0.20210316734112049
52 58 0.040543669279461673
52 59 0.053434476843932037
52 60 -0.043176209830580646
52 61 -0.022346327946444349
52 62 0.029102221129263375
52 63 -0.10694110093248255
52 64 -0.094643176687965333
52 65 0.014751068094215423
52 66 -0.030796416791390002
52 67 0.079571135769325479
52 68 -0.038362138055774701
52 69 -0.040140349356809969
52 70 -0.11046637382518261
52 71 0.037570291754550157
52 72 0.022172328929424973
52 73 0.1631001292731678
52 74 -0.039778103730074767
52 75 0.027924390390927745
52 76 0.090531936439992744
52 77 -0.05940193426874657
52 78 0.067418637174460172
52 79 0.043024795687558355
52 80 0.07641429063884661
52 81 -0.045109665076384531
52 82 -0.06568468489697224
52 83 0.10916678151152788
52 84 0.11104179822471937
52 85 -0.096683094898684693
52 86 -0.018636562069504196
52 87 -0.036567822140818211
52 88 0.039886012247154351
52 89 -0.013708505524046573
52 90 -0.057945706636002549
52 91 -0.069092906410635133
52 92 0.013309714077234745
52 93 -0.07284052715987975
52 94 -0.067692929585028414
52 95 0.17653482225207617
52 96 -0.07860415936495127
52 97 0.052861927456712227
52 98 0.021053466539096226
52 99 -0.18569744933040602
53 54 -0.074874743008984876
53 55 -0.16414501641816659
53 56 0.016985713276405297
53 57 0.0054382047148668873
53 58 -0.026910892548845884
53 59 0.111887652228852
53 60 -0.0093713607395842658
53 61 0.054275368485884039
53 62 0.0039488997025488104
53 63 -0.023299829566192469
53 64 -0.12299453638442821
53 65 0.12074595726160536
53 66 -0.18238749277633579
53 67 0.063760205848251969
53 68 -0.11601605168960222
53 69 -0.087226802817302315
53 70 -0.044168848869784852
53 71 0.11356395133928238
53 72 0.057385733071932468
53 73 0.085866922742308338
53 74 0.013666163913304297
53 75 -0.19321836141545126
53 76 -0.0035865592169051978
53 77 -0.07418691252704894
53 78 -0.036495785481266467
53 79 -0.11155136290052954
53 80 -0.14562291480950651
53 81 0.021258271302831207
53 82 -0.14602845600714842
53 83 -0.011754028398108648
53 84 -0.13900721839556315
53 85 -0.02719464310181792
53 86 -0.19492719539712308
53 87 -0.065202411679569791
53 88 0.062016396011598356
53 89 0.038688994040860583
53 90 0.14364604513728166
53 91 -0.081570335861239865
53 92 -0.026181901967654804
53 93 0.054725210681528295
53 94 -0.026534697746996329
53 95 -0.094683081238614464
53 96 -0.095277565416181806
53 97 0.11020466384665183
53 98 -0.055132121060417719
53 99 -0.19815393761481501
54 55 0.13073530957253382
54 56 -0.013132811995976122
54 57 0.021963092888452884
54 58 -0.00042633130507863532
54 59 0.24213096452629268
54 60 -0.06318177191576349
54 61 -0.13612801448840936
54 62 0.067353815357505328
54 63 -0.011629187532464644
54 64 -0.053593902377046879
54 65 -0.1769434501657316
54 66 -0.023986010476023435
54 67 -0.063502325224834802
54 68 -0.048289023843571428
54 69 0.080031051642146411
54 70 0.080383509033989956
54 71 -0.045457391911930489
54 72 0.1359087972708829
54 73 0.089298810149855787
54 74 -0.072127003695431902
54 75 0.089139535150706786
54 76 -0.03597951273791207
54 77 0.11648658893178949
54 78 -0.26550158341343977
54 79 0.017505782671060805
54 80 0.037085091797900691
54 81 -0.1115596064342672
54 82 -0.15947731716916538
54 83 -0.14638501287428551
54 84 0.10756702542196211
54 85 -0.0053589676596735285
54 86 0.020631814449508092
54 87 -0.088365833463192031
54 88 0.011399691219796414
54 89 0.27969366462396489
54 90 0.0033139914077047745
54 91 0.029813653542043642
54 92 -0.1743928659808561
54 93 -0.21562433158652389
54 94 0.054652409283046301
54 95 -0.068035308531583905
54 96 0.021167872319119478
54 97 -0.00940782102291245
54 98 0.094692801427932349
54 99 0.011324427811473732
55 56 -0.13500732080022196
55 57 0.10662593935659392
55 58 0.0015459459077584543
55 59 -0.15458081153947334
55 60 -0.096195857506791826
55 61 0.18621917577013722
55 62 -0.25086900405883561
55 63 0.18706720721496928
55 64 -0.13261657571282459
55 65 -0.068463569594299098
55 66 -0.070290787624783288
55 67 0.11001479982966529
55 68 0.046118048435253731
55 69 0.016947667015746591
55 70 -0.06143146260775581
55 71 -0.070404473672115483
55 72 0.03339069992869971
55 73 0.01341610464153385
55 74 0.00033586285842549803
55 75 -0.24211094586680668
55 76 0.15587297772337044
55 77 0.038656428516434492
55 78 0.087394490253805523
55 79 -0.021920361885611712
55 80 -0.083333417904402671
55 81 0.062299248969024945
55 82 -0.024895787581050516
55 83 -0.018115677686769256
55 84 0.041836641418387804
55 85 0.16264941099564237
55 86 -0.16874573621768627
55 87 -0.14706810367421999
55 88 0.03618889448856856
55 89 -0.19068248255106332
55 90 0.17558973906796763
55 91 -0.10023802104903086
55 92 0.06237839205268482
55 93 0.013256441590332386
55 94 -0.084866919213459749
55 95 -0.012450486713151248
55 96 0.084853129596214841
55 97 0.086239079253182194
55 98 -0.0022225698877973168
55 99 0.069534967453793214
56 57 -0.072697900144948771
56 58 0.040990301456346079
56 59 -0.091977926151155409
56 60 0.12754151892817411
56 61 -0.13874081056621876
56 62 -0.10337755749554796
56 63 0.14130459949769608
56 64 0.041424255900541607
56 65 0.042726305485834129
56 66 -0.052641648868432901
56 67 0.10960077979198089
56 68 0.17461664253067732
56 69 0.10039026133880101
56 70 -0.15485000432764573
56 71 0.10914711353241512
56 72 -0.12951055502403849
56 73 -0.10268147592874464
56 74 -0.10212079339138003
56 75 0.0179168318810707
56 76 0.095355711547060407
56 77 0.11005962236518757
56 78 0.030650777071044157
56 79 0.069403705653873868
56 80 -0.17253463367047497
56 81 0.025225355056773327
56 82 -0.041952120330328371
56 83 0.18874107733920115
56 84 -0.10240496822643919
56 85 0.032527026949804659
56 86 -0.098151275820517747
56 87 0.015975645785775275
56 88 0.010297861118884664
56 89 -0.071695367495369727
56 90 -0.051121123488858472
56 91 -0.016849007138893913
56 92 0.1711064823355988
56 93 -0.01784100489747115
56 94 -0.0093417986863028272
56 95 -0.079033173794047479
56 96 -0.17504065817369241
56 97 0.035406089133844625
56 98 -0.0034695166092158372
56 99 -0.12856703202124864
57 58 0.086497295844019717
57 59 0.18073555855330187
57 60 -0.048413462293913301
57 61 -0.069271257965924163
57 62 0.049025490316970448
57 63 0.10473032454909668
57 64 -0.062149244636216898
57 65 0.032610749705118937
57 66 -0.088468366727160394
57 67 -0.15656516628425676
57 68 0.15208839290762316
57 69 -0.0017140751010105569
57 70 -0.13040790992128024
57 71 -0.0049903442303609723
57 72 0.18882935839423209
57 73 0.048648829017200912
57 74 -0.076138519151502132
57 75 -0.039420620438735648
57 76 -0.090379537179714836
57 77 -0.00080192806719160995
57 78 0.12271101580781599
57 79 -0.10822985043963831
57 80 0.097428145641089925
57 81 0.10767265942217941
57 82 -0.21475881524791457
57 83 -0.014222409010867819
57 84 0.035827411968209183
57 85 -0.049345641223210612
57 86 0.090526387286790022
57 87 0.17483309672878775
57 88 -0.026498318199335232
57 89 -0.14708262678158332
57 90 0.056685326525835814
57 91 -0.12805386277646957
57 92 0.089255348775589244
57 93 0.039081418980575648
57 94 -0.0009750773235894883
57 95 -0.074819717072793931
57 96 0.12074860850404977
57 97 -0.020258606395048832
57 98 -0.043620585069626294
57 99 0.015790070509271861
58 59 0.14703809880645283
58 60 -0.00035510630742152498
58 61 0.043596991520406567
58 62 -0.029670725144833238
58 63 -0.041377496821820549
58 64 -0.03640459046671133
58 65 -0.017588548165999938
58 66 0.13968776557950843
58 67 -0.097245889722157655
58 68 -0.096535332797752366
58 69 -0.035706561081473139
58 70 -0.1032128425022238
58 71 0.12377634216194576
58 72 0.0081969379574005786
58 73 -0.050129469245534186
58 74 0.018923730589420727
58 75 0.056012640626181012
58 76 -0.0444882275125894
58 77 0.32791663502187696
58 78 0.13874280661350977
58 79 0.015882526660869457
58 80 -0.02855271767420646
58 81 -0.030675525517021553
58 82 -0.015143018732549847
58 83 0.14776110288573549
58 84 0.11339504223075898
58 85 0.047480658701555253
58 86 -0.071423693653783024
58 87 0.061435502566295042
58 88 -0.12926240546909062
58 89 -0.047759635144323451
58 90 -0.16798056579769446
58 91 0.093259380361976341
58 92 -0.019116142663436749
58 93 0.026133245470561395
58 94 -0.015475028695192631
58 95 0.026640765147041636
58 96 0.024116090355332655
58 97 0.048050676338618786
58 98 0.10897574584813302
58 99 -0.093635163532898025
59 60 -0.012827371855314622
59 61 0.01919385743455497
59 62 0.10297309732650006
59 63 0.12309047608545119
59 64 0.089593239562854046
59 65 -0.15404366833303462
59 66 -0.050264439723223989
59 67 -0.079270926135048519
59 68 0.018320510358582946
59 69 0.0057106668978709561
59 70 -0.026141924058156765
59 71 0.043489609258650003
59 72 -0.19742276677044476
59 73 0.037353052320840886
59 74 0.0072573528531577189
59 75 0.061178889460104718
59 76 0.060706148794531269
59 77 0.16805647970648455
59 78 -0.12236583068451068
59 79 -0.12888411435153932
59 80 -0.050822626390876625
59 81 0.23411694491650087
59 82 -0.08278723457858754
59 83 -0.044366527952049012
59 84 -0.092909875848591117
59 85 -0.058743462137114934
59 86 0.043294802441443132
59 87 -0.011476740389770984
59 88 0.079150845470787601
59 89 -0.074101404123214407
59 90 0.17764526737416131
59 91 -0.060876656049682225
59 92 0.14876589786102956
59 93 0.028378673201939382
59 94 0.040933720034484859
59 95 -0.12509354062030545
59 96 0.035127109751084087
59 97 -0.083195129249782604
59 98 -0.038838919673336518
59 99 -0.0032541212117878321
60 61 -0.028182799432697837
60 62 -0.16727007865658083
60 63 0.034430384570488935
60 64 0.11112510156321849
60 65 -0.01622413719958998
60 66 -0.01113032840097501
60 67 0.016904640957790588
60 68 -0.10948363972883626
60 69 -0.12738004326310731
60 70 -0.013126370152509849
60 71 0.21688417803547991
60 72 0.050572819666932667
60 73 0.035488837028318662
60 74 -0.058193007598385117
60 75 -0.1868940821665829
60 76 0.10737044717749428
60 77 0.037667002657263186
60 78 -0.027132991173101986
60 79 -0.038527147743123713
60 80 -0.024505341833005276
60 81 0.057863379814234894
60 82 0.0085994635429379861
60 83 0.0044551198223471969
60 84 0.095229586460019902
60 85 -0.015450366019152154
60 86 0.22475532190075806
60 87 0.063604785560006427
60 88 -0.011555592960877915
60 89 0.030585822583092434
60 90 -0.071228983378440289
60 91 -0.13366292303148639
60 92 0.10747925547068371
60 93 0.048944057079372383
60 94 0.016640999351641077
60 95 -0.036187149789036858
60 96 0.052036876463602659
60 97 0.020157395465607322
60 98 0.093515607747766447
60 99 -0.20312267686443605
61 62 -0.14991205809197747
61 63 0.046946657543538155
61 64 -0.014447896016896481
61 65 -0.17617899066166998
61 66 0.10473052789045928
61 67 0.039971404715667985
61 68 0.13766799792162129
61 69 -0.09500840279780276
61 70 -0.080412664453692329
61 71 -0.015632554850203827
61 72 0.041316580584506789
61 73 -0.083243537851348859
61 74 -0.11307346463045642
61 75 0.027273042076637208
61 76 0.048272782065137965
61 77 0.10113396314830142
61 78 0.23307445920831626
61 79 -0.019808737548665883
61 80 0.15951291672069337
61 81 0.030400890599333399
61 82 0.029831592830013562
61 83 -0.044163981123670953
61 84 -0.15608286879743
61 85 -0.00046579451189899564
61 86 0.095369849030432455
61 87 -0.070661007170725806
61 88 -0.1445086795103929
61 89 -0.099673607461638017
61 90 -0.077682039719392026
61 91 0.16522540969321384
61 92 -0.012489171649757101
61 93 0.032503193784357107
61 94 0.081068410726201356
61 95 -0.0021095748223146707
61 96 0.03293181147362808
61 97 -0.13379732019548826
61 98 0.086792851843031191
61 99 0.068068946499456995
62 63 -0.044047930581265243
62 64 -0.019428049568955802
62 65 0.015950258994003989
62 66 0.0028480573806955599
62 67 0.17333060794982413
62 68 -0.026716777713645109
62 69 -0.13090001416341385
62 70 0.42897874416423409
62 71 0.25527028316053696
62 72 -0.010755078002429651
62 73 0.010941807264030639
62 74 0.061006530677764605
62 75 -0.040543026483605658
62 76 -0.081834384592843146
62 77 -0.055271021782843634
62 78 -0.1388932867157151
62 79 -0.097402976731170945
62 80 -0.080427824066157894
62 81 -0.12827759233343577
62 82 0.068738927806140243
62 83 0.013906472923424951
62 84 0.014159257491508974
62 85 -0.10415558849249014
62 86 0.041507367046728132
62 87 0.099217782137790228
62 88 0.0080629690024745619
62 89 -0.005434762390926242
62 90 0.0084325393528054335
62 91 -0.056856425712812443
62 92 -0.18518314240097239
62 93 0.11962929736365074
62 94 -0.053885523958958959
62 95 0.13253744365735154
62 96 -0.032471963803309876
62 97 0.19265289360992355
62 98 -0.069814980172876934
62 99 -0.035335720786079411
63 64 0.12369213361858325
63 65 -0.058449933300725704
63 66 0.061048219441730195
63 67 -0.18309660439664951
63 68 -0.1097954917669971
63 69 0.0014947434966417275
63 70 0.11201977033122718
63 71 0.012160348148530901
63 72 -0.080408664028854382
63 73 0.043701620866853079
63 74 -0.033132539233632567
63 75 -0.025357215707594513
63 76 -0.10397857646611258
63 77 0.056918376029641893
63 78 0.055163265376561854
63 79 0.1085197201501894
63 80 0.036243836990863941
63 81 -0.082823388825961131
63 82 -0.067589661998059922
63 83 0.10458444368352589
63 84 -0.11314774409449829
63 85 0.0081540175776067224
63 86 -0.018453140230720356
63 87 0.10862874473128117
63 88 0.03617001758486519
63 89 -0.16255175418904311
63 90 0.047247037817156827
63 91 -0.062322317255296994
63 92 -0.089631356049661493
63 93 -0.070117241338522887
63 94 -0.098634077566110867
63 95 0.10554817058271244
63 96 -0.078491135746097146
63 97 0.079424382710275923
63 98 -0.091631119482838488
63 99 -0.056378852750261388
64 65 -0.066123701190756834
64 66 0.097206426265984705
64 67 0.18507311465802967
64 68 -0.13296322970525293
64 69 0.028911076264168351
64 70 -0.10250001619305499
64 71 -0.035944607225685647
64 72 0.017376690999653679
64 73 -0.15746331473901279
64 74 0.041400656440145817
64 75 0.10214791155569286
64 76 -0.11439301669117263
64 77 -0.10764763246183102
64 78 -0.054782722302351095
64 79 0.062294315288550055
64 80 -0.078087027688627617
64 81 -0.15310842325414031
64 82 -0.017087732196272295
64 83 0.0097153363572612273
64 84 0.0037616615466794061
64 85 -0.10181231633371926
64 86 0.0085096802730215641
64 87 0.087511517413087089
64 88 -0.11612128174468116
64 89 0.05541769317182469
64 90 0.069264411947747892
64 91 -0.11847605210101089
64 92 0.089172316252304831
64 93 0.15428002917145309
64 94 -0.056963930491279513
64 95 -0.042468776800325375
64 96 -0.046890090504554768
64 97 -0.019174751863568068
64 98 -0.047295123612065781
64 99 -0.069891225860389886
65 66 0.011347645664236062
65 67 -0.026512112796139443
65 68 0.23386511600953164
65 69 -0.034753421920325607
65 70 -0.16173650426868524
65 71 0.0043132723985162885
65 72 -0.2061018930719547
65 73 -0.069660519528336795
65 74 0.11956928727631565
65 75 -0.041754826801950806
65 76 0.0030190095063712739
65 77 0.012781123242401085
65 78 -0.017350373503035671
65 79 0.1957705264425165
65 80 0.011649143485746721
65 81 -0.1430160660413414
65 82 0.11941292423298162
65 83 -0.043281176599705103
65 84 0.011726209331422467
65 85 0.059855223463774226
65 86 0.03576740572869172
65 87 0.050935986055433938
65 88 -0.10230397451874895
65 89 -0.20077927380190569
65 90 0.24035077532248819
65 91 0.069869184013519922
65 92 -0.16151661274202667
65 93 -0.0034311589188084652
65 94 0.0086013701708535905
65 95 -0.17854614308709732
65 96 0.028819704205507824
65 97 -0.20935173171852106
65 98 0.12745518485768001
65 99 0.043137812405815906
66 67 -0.0049644544567853761
66 68 0.1312727825646699
66 69 0.092229564156645863
66 70 -0.027648602147779151
66 71 0.15817029309218647
66 72 -0.23379131265406441
66 73 -0.11565370465314749
66 74 -0.071109802257237051
66 75 -0.32338120322139718
66 76 -0.1323304357593946
66 77 0.078010060331122649
66 78 -0.20604188903933754
66 79 0.22216123291884143
66 80 -0.070330045870307931
66 81 -0.092078100429176676
66 82 0.21442285152771789
66 83 0.13155006140002518
66 84 -0.083629252430135276
66 85 -0.17540873508682678
66 86 0.025052839529105281
66 87 0.014257806846629887
66 88 -0.038673979643672085
66 89 -0.034815075387666851
66 90 -0.023107189463774828
66 91 -0.060961425704249929
66 92 0.011878435308831144
66 93 -0.082833046175521521
66 94 -0.031150236758432481
66 95 0.0024002060599055386
66 96 -0.0871678929585398
66 97 0.092465732677500412
66 98 -0.10054877077065918
66 99 0.02995767586446247
67 68 0.02554269158262203
67 69 -0.023539627474857844
67 70 0.064566002716337084
67 71 -0.10839472555419483
67 72 -0.04787078160687875
67 73 0.18780264695983265
67 74 -0.043664385114314863
67 75 -0.015428327654381561
67 76 -0.050306191655684375
67 77 0.031274961006222006
67 78 -0.1066484332292716
67 79 0.013455238519679814
67 80 -0.05291182900280731
67 81 -0.044951700690098711
67 82 0.079525745274918389
67 83 -0.14489400470706745
67 84 0.07888798434334289
67 85 -0.19888103787718586
67 86 -0.015728504403277856
67 87 0.01895380983780906
67 88 0.034046370044607137
67 89 -0.005885207074059466
67 90 0.0024699512271797231
67 91 -0.046303316251740397
67 92 -0.017249157610041765
67 93 0.12936454818818652
67 94 -0.020902615894814482
67 95 -0.089393114099780638
67 96 -0.027867203981975921
67 97 0.10331311682641016
67 98 -0.14528939437827057
67 99 -0.024789201472549163
68 69 0.033078365692647396
68 70 0.14967817788425328
68 71 0.16617159828148842
68 72 -0.12943954974906086
68 73 0.13663868093389689
68 74 0.031754290932054292
68 75 -0.022397168008000498
68 76 -0.23377149818062579
68 77 -0.11030468677384314
68 78 0.16170118534337302
68 79 0.10428883989811344
68 80 -0.050482818024873033
68 81 0.068167990599764111
68 82 0.084157155415138685
68 83 0.053879283641206921
68 84 0.11034229003764605
68 85 0.0065236534842993193
68 86 -0.071856805409650004
68 87 0.00070222339496094945
68 88 0.15807116838668939
68 89 -0.066582492975307911
68 90 -0.0072988390889349268
68 91 0.14340983060733264
68 92 -0.060306736756222445
68 93 0.049892410919739769
68 94 -0.010449374474062006
68 95 0.1241437340977105
68 96 -0.12764856453184412
68 97 0.071537117392271268
68 98 -0.039897427422060816
68 99 0.04183456042488809
69 70 0.14104557458104425
69 71 -0.14064591709174076
69 72 -0.097629605922597854
69 73 -0.046105731222305157
69 74 -0.056713759442249524
69 75 0.033919690352480568
69 76 0.19652340868738871
69 77 -0.077516481256770506
69 78 -0.035159226267478146
69 79 -0.035082004997580019
69 80 -0.073185370323528884
69 81 -0.039912524261636752
69 82 0.031914382454440803
69 83 -0.1466219574173335
69 84 -0.077332834321067634
69 85 -0.099296313248405252
69 86 -0.040113375353449943
69 87 0.097603677223739235
69 88 -0.16321271116377006
69 89 0.071077181534426992
69 90 -0.040033479326222532
69 91 -0.082033046407513521
69 92 0.03643522837476993
69 93 -0.15685583991786023
69 94 -0.073015404745731635
69 95 -0.094267825626355592
69 96 0.0076510509640087786
69 97 -0.026207611693703704
69 98 0.049069448875943333
69 99 0.038875771716620842
70 71 0.051754758311687278
70 72 0.10284302423513225
70 73 -0.051818017169010459
70 74 -0.093998405744861624
70 75 0.069548034679350695
70 76 -0.087328068601234266
70 77 0.081801352779529712
70 78 0.067536389037812325
70 79 -0.028196558890984054
70 80 0.055848013089902032
70 81 0.09832878067645752
70 82 0.11013398452643537
70 83 -0.14329593316476102
70 84 0.17511572653107663
70 85 -0.050122711126233344
70 86 -0.00083633003123153443
70 87 -0.023719904496353125
70 88 -0.024524448115194636
70 89 0.0064304408287161555
70 90 -0.2070929191780628
70 91 -0.086528741225498917
70 92 0.0042712758362775409
70 93 0.18063567302004158
70 94 0.050934939935891224
70 95 0.10171650615051397
70 96 0.053580260178797072
70 97 0.0073015684156338941
70 98 0.063744491854648588
70 99 -0.1296495896908928
71 72 -0.19361086537291428
71 73 0.18059178967416167
71 74 0.12421780468750887
71 75 -0.056390619184806201
71 76 -0.049065745735347444
71 77 0.15882458361210033
71 78 -0.024372863065248548
71 79 0.012198687950571756
71 80 -0.11449376820888449
71 81 -0.038602472016692091
71 82 0.11865024882862868
71 83 0.15435667856881785
71 84 0.094195491215946836
71 85 0.28937249581342162
71 86 0.10467574039944304
71 87 0.13259361140763679
71 88 -0.2246841797589367
71 89 -0.070198332824426946
71 90 -0.018741499566616585
71 91 0.0082185046682010689
71 92 -0.083103120054830185
71 93 0.099753954281870685
71 94 0.14664344088814618
71 95 0.046110203991228525
71 96 -0.045483606285458077
71 97 0.13700462124245416
71 98 0.041064350073670014
71 99 -0.014226813033827232
72 73 0.026525611218149777
72 74 -0.063408369680874585
72 75 -0.032932098921684687
72 76 -0.031230796041372744
72 77 -0.031929487380521954
72 78 -0.024705064877999405
72 79 -0.043027913163360368
72 80 -0.058981895881104085
72 81 0.021398720144959027
72 82 -0.083898206751229693
72 83 -0.162741607113355
72 84 -0.15986410352845476
72 85 0.058311331760858703
72 86 0.18779488364786667
72 87 0.05005123967809403
72 88 0.15825846563310597
72 89 -0.079966911668212445
72 90 0.081219014402876544
72 91 -0.070591910880011183
72 92 0.082835870981209994
72 93 0.1225121192620527
72 94 0.00083184400019397438
72 95 -0.01307250873908801
72 96 0.047956723280492927
72 97 -0.11764606420560496
72 98 0.045385445294162989
72 99 -0.011398345660497695
73 74 -0.068914183106952784
73 75 -0.099927063904362609
73 76 0.048373769361891861
73 77 -0.082471088929367983
73 78 0.024147594085605094
73 79 0.066695155051952046
73 80 0.14226198450703462
73 81 -0.1170109400401162
73 82 -0.2022957813117825
73 83 -0.089425042600751764
73 84 0.1197391776294543
73 85 -0.095383285804620868
73 86 -0.028994107838477036
73 87 0.031438336086600446
73 88 -0.050121235297946369
73 89 0.1018587286845679
73 90 -0.017358098397178914
73 91 0.049050201926277168
73 92 -0.16791367998184628
73 93 0.12403267118021676
73 94 0.012109683944593779
73 95 0.11535072275032535
73 96 0.098608802998796818
73 97 -0.18818972611766416
73 98 -0.17160299054381453
73 99 0.046660066132159471
74 75 0.01908873906121282
74 76 -0.03607088250522348
74 77 -0.0061814752147753343
74 78 0.091294024092096984
74 79 -0.21150062830408689
74 80 -0.046238383098450929
74 81 0.04013306362431774
74 82 -0.061916722221462474
74 83 -0.071208089273471234
74 84 0.073352917653398131
74 85 0.014992358739947058
74 86 0.1387190271611928
74 87 -0.068790970958433159
74 88 0.1516126375021247
74 89 -0.11580016160502671
74 90 0.0068465716188043438
74 91 0.017055475538497785
74 92 0.056540705343313936
74 93 0.062640759177580968
74 94 -0.0066933688657595247
74 95 0.14440565315834178
74 96 -0.16135287516627755
74 97 -0.18740192403300032
74 98 -0.12084256228172952
74 99 0.0013469831015000047
75 76 -0.048685709148933498
75 77 0.2778499229248238
75 78 0.15845858255446782
75 79 -0.040795288690558811
75 80 0.037646980972028316
75 81 -0.041808599578409933
75 82 -0.16474639902610769
75 83 -0.10358887803321114
75 84 0.0094355608777026822
75 85 0.003633114659875817
75 86 -0.17601511830036529
75 87 0.10076152855323153
75 88 -0.070094907438446874
75 89 0.068687854572645229
75 90 0.1640203866959577
75 91 0.0011280336828939953
75 92 0.061125021558063812
75 93 0.0040886311554329275
75 94 0.034653328061361711
75 95 0.067780352417265904
75 96 -0.066475874398540274
75 97 0.03733596065086224
75 98 -0.11475819763319101
75 99 0.089404569715865037
76 77 0.2041295214731548
76 78 -0.049726447539804292
76 79 0.15152346671680139
76 80 0.0298221938226573
76 81 -0.14236780525384238
76 82 0.10790040584353776
76 83 0.18622369797422667
76 84 -0.079287924599260387
76 85 0.009348829200168397
76 86 -0.14602362080171361
76 87 -0.014457213975251102
76 88 0.11585883354947867
76 89 0.085542422166223597
76 90 -0.052857607672890973
76 91 -0.073738453668502985
76 92 -0.10826754350550299
76 93 0.039866051012887205
76 94 0.072063009078845428
76 95 -0.032022134677065751
76 96 -0.034117348577004276
76 97 -0.13915651225460832
76 98 -0.019529003185907459
76 99 -0.039099183670129545
77 78 0.13636296318695026
77 79 0.034746382669487173
77 80 0.015457657315810884
77 81 -0.13869212185204968
77 82 -0.14948805665597528
77 83 0.012660513492161225
77 84 -0.10895372641625839
77 85 0.11963027625458843
77 86 -0.081028984180982061
77 87 0.10129496780297567
77 88 0.060859011416550202
77 89 -0.17554728474232179
77 90 -0.16434386480324767
77 91 0.030952283787536079
77 92 0.11288984952746722
77 93 0.12921381052788669
77 94 -0.10446681658689716
77 95 0.079590046865034403
77 96 0.082870857761560959
77 97 0.032330712120296097
77 98 0.070825210098872923
77 99 -0.10140959276683002
78 79 -0.028332673002647621
78 80 -0.022542017779631968
78 81 -0.08532596464887382
78 82 0.018788194177711895
78 83 -0.025175592268567845
78 84 -0.02758901086400661
78 85 0.054328173326980214
78 86 0.0020054452485672222
78 87 -0.0022472817270625316
78 88 0.094362151673048053
78 89 0.027245490630339538
78 90 0.13230156915507982
78 91 0.082416101856399471
78 92 0.12086215877105758
78 93 -0.015991062811339194
78 94 -0.06042166607137011
78 95 -0.025313583921388307
78 96 0.017587959411449281
78 97 -0.22685079583377138
78 98 0.060755695901805074
78 99 0.087878569790037664
79 80 0.0022007413826669901
79 81 -0.087865515929702515
79 82 0.14340587687144976
79 83 -0.081305568917308835
79 84 -0.11938576963165122
79 85 -0.082972092065848602
79 86 -0.050648064159923581
79 87 -0.083297039366272363
79 88 -0.0013347740850132327
79 89 0.007597962474400745
79 90 0.12125019087709724
79 91 0.075833905980900382
79 92 -0.047017799330163312
79 93 0.11430322131253207
79 94 -0.11002115596544276
79 95 -0.072550611070315477
79 96 -0.058932938679667479
79 97 -0.07099985769519622
79 98 -0.052346682848225405
79 99 0.041624705791009575
80 81 -0.079443701278082257
80 82 -0.14004975151727436
80 83 0.047554970048325262
80 84 0.12842750357579016
80 85 0.13791921464304008
80 86 -0.13927056512346725
80 87 0.058124509924299288
80 88 0.11916233639180329
80 89 -0.19273758763947338
80 90 -0.21925939583244305
80 91 0.11172037693960089
80 92 0.063827006140310658
80 93 0.078482681845194024
80 94 -0.11919926501110208
80 95 -0.0053580722332680596
80 96 -0.069510704364895773
80 97 0.073966399999972204
80 98 0.12761789030865955
80 99 0.0043019884586888981
81 82 0.058689262702729283
81 83 0.01292100439537228
81 84 -0.017429487421330603
81 85 0.073145578690957627
81 86 0.094957436587455105
81 87 -0.12878993679672185
81 88 -0.034835498517807137
81 89 -0.013009342256035417
81 90 -0.15161226620463261
81 91 -0.0051171127224922484
81 92 0.067966139701611986
81 93 0.0027666046107409589
81 94 0.032244681872309534
81 95 0.086469077340211351
81 96 -0.059752895244177033
81 97 0.04188310592326859
81 98 0.0014445478298385445
81 99 -0.037122476398946655
82 83 -0.036245312357418118
82 84 0.27028559043129491
82 85 0.14656759713811796
82 86 0.18267820797013742
82 87 0.11960146162666518
82 88 -0.030703976180059312
82 89 0.13775300596979609
82 90 -0.22351361107995099
82 91 0.0055087429693202287
82 92 0.064655646562200339
82 93 -0.0063396423019309285
82 94 -0.0017360788411647943
82 95 -0.099506015107529613
82 96 0.011788562938775084
82 97 -0.063448570568392343
82 98 0.074083474306815847
82 99 -0.079006205425024068
83 84 0.010945875869947906
83 85 0.017321008004772858
83 86 -0.17207860000254269
83 87 -0.061085487888523041
83 88 -0.12439499850730092
83 89 -0.12562647504902372
83 90 0.072383297415585093
83 91 -0.0082335920678728892
83 92 -0.15563531765373434
83 93 -0.15012294956935093
83 94 0.03613952540867215
83 95 -0.086646686717598287
83 96 -0.035302665445885173
83 97 -0.031182676497800633
83 98 -0.036555697189793131
83 99 0.023898425465341804
84 85 -0.00017419869070201395
84 86 0.070981405702846098
84 87 -0.0050231329453023464
84 88 -0.02863651635163271
84 89 0.048318182886141689
84 90 -0.050670109324103013
84 91 -0.017901431948417198
84 92 0.20837980214062279
84 93 -0.069151735099870784
84 94 0.0058958455959741106
84 95 0.020233997190332153
84 96 0.080709582590873297
84 97 0.10603187401718986
84 98 0.044802038744614026
84 99 -0.10880030211703501
85 86 0.028549143068977295
85 87 0.093071187026877306
85 88 0.12017259997609658
85 89 -0.031504795754258921
85 90 0.089178231324499188
85 91 0.045607125319606173
85 92 -0.1393915823245914
85 93 0.1928301861647711
85 94 -0.051095707771468907
85 95 0.037926110652391154
85 96 -0.079002074064310299
85 97 -0.016593864757345329
85 98 0.10687706321733836
85 99 -0.26234128207420443
86 87 0.066019519729924356
86 88 0.1295601780443478
86 89 0.10687152092202584
86 90 0.2006311111331002
86 91 -0.038766105785165955
86 92 -0.058141590694854486
86 93 0.012187121842229184
86 94 0.15118099286298756
86 95 0.031592869011012339
86 96 -0.052299656303598535
86 97 0.10156964867712411
86 98 -0.062044408417307989
86 99 -0.084535820805160755
87 88 0.10302390985759587
87 89 0.022741938889989821
87 90 0.049476311683410927
87 91 0.10603766121397802
87 92 0.19789787065968026
87 93 -0.086518789002308541
87 94 0.13885859424862387
87 95 0.0027696276166225683
87 96 -0.078672249940428249
87 97 0.22748710643732584
87 98 -0.12372436186623859
87 99 0.059646408494279095
88 89 0.0037632391865537289
88 90 -0.066900283534967409
88 91 0.011873609304390742
88 92 -0.1778793017800471
88 93 -0.062705769887606511
88 94 0.080461107371430515
88 95 -0.092793848284253022
88 96 -0.10852604540374614
88 97 -0.048303463455064276
88 98 -0.030358717826846172
88 99 -0.13063566195828777
89 90 -0.26147298439318439
89 91 0.10149478392743594
89 92 0.030222486492581448
89 93 -0.024048511802037265
89 94 -0.080534764130422098
89 95 -0.10786835696998852
89 96 0.027672419107870206
89 97 -0.073296843125361166
89 98 -0.090015922955964264
89 99 -0.067786714100154022
90 91 -0.12950482943875286
90 92 -0.0092829162420929763
90 93 -0.08412906829741737
90 94 0.15463723807841312
90 95 -0.13167905739118835
90 96 0.032136247464367093
90 97 0.065050483963137173
90 98 0.0079018743957831056
90 99 0.032016845245282498
91 92 -0.010246086300567293
91 93 0.027025780095335062
91 94 -0.0037494149204940494
91 95 0.036304175948054337
91 96 -0.03482079686653454
91 97 -0.063113540751700573
91 98 0.11364060349745223
91 99 0.062166261626476704
92 93 0.12662545031093242
92 94 -0.010001272502031327
92 95 0.0028469088310610711
92 96 -0.032970179500370421
92 97 -0.15136559886980155
92 98 -0.067511766185949729
92 99 -0.26069503428443791
93 94 0.15377060010718882
93 95 -0.017676854082417742
93 96 -0.14464451387385296
93 97 -0.070033076243966513
93 98 0.16866888210135333
93 99 -0.19716075283557444
94 95 -0.029239353028368172
94 96 -0.11476042734170783
94 97 0.056946953823091298
94 98 -0.012031391631947047
94 99 0.021628753744138696
95 96 -0.14305490300516219
95 97 -0.05539413667668186
95 98 0.013823930016869414
95 99 0.062799821588453916
96 97 0.0065556301773388274
96 98 -0.078624087287044619
96 99 0.03807141682846301
97 98 -0.039957545479650906
97 99 -0.023055376074886114
98 99 0.0059810238877844365
