# model=sk N=150 meanJ=0 seed=1128115206 distribution=gaussian field=0 num_fields=150 num_couplings=11175
0 0
1 0
2 0
3 0
4 0
5 0
6 0
7 0
8 0
9 0
10 0
11 0
12 0
13 0
14 0
15 0
16 0
17 0
18 0
19 0
20 0
21 0
22 0
23 0
24 0
25 0
26 0
27 0
28 0
29 0
30 0
31 0
32 0
33 0
34 0
35 0
36 0
37 0
38 0
39 0
40 0
41 0
42 0
43 0
44 0
45 0
46 0
47 0
48 0
49 0
50 0
51 0
52 0
53 0
54 0
55 0
56 0
57 0
58 0
59 0
60 0
61 0
62 0
63 0
64 0
65 0
66 0
67 0
68 0
69 0
70 0
71 0
72 0
73 0
74 0
75 0
76 0
77 0
78 0
79 0
80 0
81 0
82 0
83 0
84 0
85 0
86 0
87 0
88 0
89 0
90 0
91 0
92 0
93 0
94 0
95 0
96 0
97 0
98 0
99 0
100 0
101 0
102 0
103 0
104 0
105 0
106 0
107 0
108 0
109 0
110 0
111 0
112 0
113 0
114 0
115 0
116 0
117 0
118 0
119 0
120 0
121 0
122 0
123 0
124 0
125 0
126 0
127 0
128 0
129 0
130 0
131 0
132 0
133 0
134 0
135 0
136 0
137 0
138 0
139 0
140 0
141 0
142 0
143 0
144 0
145 0
146 0
147 0
148 0
149 0
0 1 -0.13699060184181439
0 2 -0.10313903722387462
0 3 0.11748623170781905
0 4 0.024902167356893757
0 5 0.12817991467549419
0 6 0.048894457547908235
0 7 0.0021749808910448815
0 8 0.071810119543317938
0 9 -0.044053502422217054
0 10 -0.051988270279461436
0 11 0.015455314218766128
0 12 0.0031964290326683678
0 13 -0.056852679659052975
0 14 -0.00035911403863001342
0 15 -0.11422074988313642
0 16 0.03359717176787172
0 17 -0.042802500068728599
0 18 0.097555208056074039
0 19 -0.064056891818959627
0 20 -0.035407131370921045
0 21 -0.048429626869178392
0 22 0.014997313974391442
0 23 -0.12589919350895157
0 24 0.036836025227407351
0 25 -0.062216095992445063
0 26 -0.13114854189011552
0 27 0.017074559576968691
0 28 -0.12036500693062456
0 29 0.005609375120984245
0 30 0.0096778769471604076
0 31 -0.002464413691891354
0 32 -0.014534085890767066
0 33 0.025793452264484949
0 34 -0.025892301466443664
0 35 0.10986750131058365
0 36 -0.016499242453338413
0 37 0.0054348264731159546
0 38 -0.028268632120519457
0 39 -0.033064432730441816
0 40 -0.065264878617492111
0 41 -0.18103735318464259
0 42 0.045353617512135687
0 43 -0.035226153045179245
0 44 -0.002194963055251581
0 45 -0.13766330523919751
0 46 -0.080574745366312664
0 47 0.03942971815152739
0 48 -0.10554176389428874
0 49 0.055341968856217109
0 50 -0.027538515099079477
0 51 -0.029875164242324247
0 52 0.083689839766077551
0 53 0.090229838187295103
0 54 -0.054998037828533936
0 55 0.052065319558115108
0 56 -0.090430003188195135
0 57 -0.093043526806924959
0 58 0.063173122657967512
0 59 -0.045938407936918883
0 60 0.03192247950284513
0 61 0.013069083333129679
0 62 -0.042599996372697208
0 63 0.1258345422874507
0 64 -0.023693232608632622
0 65 -0.0028355273229457643
0 66 0.033580745367792604
0 67 -0.092209843932854502
0 68 0.055684066090729518
0 69 0.0060561328808925591
0 70 -0.031669748003045055
0 71 0.081912565720207275
0 72 0.13381533989965333
0 73 0.069470344876905968
0 74 0.018126421788665106
0 75 -0.13806408811882853
0 76 -0.011510741683984096
0 77 0.041898001604741469
0 78 -0.012870043144315228
0 79 -0.017603704550852525
0 80 0.064056343557978512
0 81 -0.081511484278530152
0 82 0.010425761600832835
0 83 -0.049841484696447537
0 84 -0.059425434864334506
0 85 -0.072960397969700025
0 86 -0.040110598579791573
0 87 -0.046970058925512669
0 88 -0.072713598349371508
0 89 -0.041976562833622624
0 90 0.0018188356040411255
0 91 0.098376540723437808
0 92 0.11032219336030363
0 93 -0.0087165198296066896
0 94 -0.12038126527143475
0 95 0.071705412648129421
0 96 0.038831462047297371
0 97 -0.031510839743836595
0 98 -0.029942931531695863
0 99 0.0077406543585720562
0 100 0.070392036253913493
0 101 -0.047867512704097254
0 102 0.0021628079861449588
0 103 -0.063079083474392852
0 104 -0.033933100640216943
0 105 0.080210486810441795
0 106 -0.069274060684904409
0 107 -0.10627524943629239
0 108 0.049725356754549629
0 109 -0.078641774162756806
0 110 0.049285050729288737
0 111 -0.0078623995795562215
0 112 -0.018909672827100599
0 113 0.078357081726860095
0 114 0.015343819716532842
0 115 0.078350884271365134
0 116 -0.14752130976022892
0 117 -0.045777904360424518
0 118 0.074472053278060696
0 119 0.038684736677122057
0 120 -0.065324961804902798
0 121 0.038565389314536187
0 122 -0.072108052708954429
0 123 -0.0025552238897935961
0 124 -0.039294769318477772
0 125 0.0036261129804221266
0 126 -0.055676233715633953
0 127 -0.049099375310870365
0 128 -0.13651334716443767
0 129 -0.049318541061079774
0 130 -0.036149969780067369
0 131 -0.036602430061246617
0 132 0.038433033476789981
0 133 0.082082440855970967
0 134 -0.061116757097083814
0 135 -0.024492520387998588
0 136 0.25369237267285544
0 137 0.13203556735100422
0 138 -0.029779802680151828
0 139 0.033819504359352486
0 140 0.12193761560051829
0 141 -0.039293914003674171
0 142 0.020594724154796986
0 143 -0.081458067763582054
0 144 -0.052398564969506518
0 145 0.10246708862502694
0 146 0.072968046079594742
0 147 0.041043556256785726
0 148 0.05727243870719833
0 149 -0.0036117902421913205
1 2 0.013397673733148929
1 3 -0.039566030834050803
1 4 -0.040177209440051084
1 5 0.088142382426147414
1 6 0.11855698611606297
1 7 -0.1152703674816319
1 8 -0.067303852473276846
1 9 0.029883438382759551
1 10 -0.085216952262281487
1 11 0.001786239103107219
1 12 0.06518313483182514
1 13 -0.11887278522435872
1 14 0.015921899090768007
1 15 -0.028396232307323934
1 16 -0.12723439124667624
1 17 0.10440219001189635
1 18 -0.14958349791081038
1 19 -0.0050624471888969531
1 20 -0.012332601469954128
1 21 0.039056954666449421
1 22 -0.07090052918242859
1 23 0.078849076494734133
1 24 0.12161711155689534
1 25 -0.057922632629207639
1 26 0.038318924761542202
1 27 -0.037591626402318959
1 28 -0.089328886246516886
1 29 0.04847117614324857
1 30 -0.045769606921871715
1 31 -0.088112787377385871
1 32 -0.038343209558292832
1 33 0.030181734582368634
1 34 0.060987318895736428
1 35 0.1102485880092015
1 36 -0.037898490874592107
1 37 -0.028769587857476027
1 38 0.027823946617036369
1 39 0.025365040966857016
1 40 -0.030173629392902235
1 41 0.072802722811799489
1 42 0.046018032893195109
1 43 -0.038748042279518211
1 44 -0.0214426248963271
1 45 0.02864232770499239
1 46 0.0070710434842647541
1 47 -0.039904658901713831
1 48 -0.064067550826724509
1 49 0.06077265810563065
1 50 -0.12726164704852674
1 51 0.12177534938760601
1 52 -0.039247947199307943
1 53 0.06124971675760655
1 54 -0.12175559690780427
1 55 0.066586363160164405
1 56 0.040244799228530637
1 57 -0.037208732373054977
1 58 -0.12073467658006369
1 59 0.099400269423207538
1 60 -0.11570968566400004
1 61 -0.05956812016827371
1 62 -0.05221359994049575
1 63 -0.17243116350163348
1 64 -0.033149346839889786
1 65 -0.093936897721486626
1 66 -0.11481442487957574
1 67 -0.069921208991130634
1 68 -0.09346363639739283
1 69 0.13254534144332475
1 70 -0.033478352768512527
1 71 0.099715245223984048
1 72 -0.01820599784110899
1 73 0.10006920481404767
1 74 2.0897784840780677e-05
1 75 -0.041878274162719407
1 76 -0.1220082053608961
1 77 -0.0049667990622150578
1 78 0.033996134982651395
1 79 -0.064599879270374846
1 80 -0.0074849218772583895
1 81 -0.035204487198967613
1 82 -0.05967201348496478
1 83 -0.05404694695471908
1 84 -0.058320604425680114
1 85 0.0496056189727496
1 86 -0.06422826070841757
1 87 -0.020843303365126683
1 88 -0.0057249424627697932
1 89 0.14562982259359125
1 90 -0.03473230472550725
1 91 -0.054034851695539177
1 92 0.01429510105527404
1 93 -0.11561064311465682
1 94 -0.019415655966236411
1 95 0.10072796798755966
1 96 -0.1001348325477904
1 97 0.089630394605191538
1 98 -0.03477356434307978
1 99 0.00061411772484705343
1 100 -0.009423715962860936
1 101 0.09595333804533733
1 102 -0.015004618222430724
1 103 0.12945702893907862
1 104 -0.035326245970889354
1 105 0.013744997427859508
1 106 0.012406958280382425
1 107 0.011048430782745611
1 108 0.12384589915643793
1 109 -0.020329480334624603
1 110 0.10400849448739843
1 111 0.060138287190049995
1 112 0.035713496288189511
1 113 -0.12393120120852395
1 114 -0.12088648467695735
1 115 -0.031591671540248167
1 116 -0.15265239286768637
1 117 0.081211741827681566
1 118 -0.055317000080888357
1 119 -0.11254138484754934
1 120 -0.050076979332825636
1 121 -0.15522822285355634
1 122 -0.15082984538626054
1 123 0.01529344023747754
1 124 0.030983381522082392
1 125 0.18583411629493871
1 126 0.043006698289966214
1 127 0.012373322672508123
1 128 0.024323380389890854
1 129 -0.052702758130966365
1 130 -0.001895961476148127
1 131 -0.053214221324289761
1 132 -0.0016173504732470887
1 133 0.015290853194295101
1 134 0.030408336759333243
1 135 -0.016341138957694668
1 136 -0.14575822489713142
1 137 0.049428267657051585
1 138 0.00033406941342568674
1 139 -0.12593014415413822
1 140 -0.080459829300196697
1 141 0.061413128624258337
1 142 -0.059523651088071471
1 143 -0.1104446310247567
1 144 0.0030488863274761124
1 145 -0.013812472741280548
1 146 0.14188232398158496
1 147 0.04030171701039395
1 148 -0.11615427861554582
1 149 0.0055572228381066419
2 3 -0.160928944458228
2 4 0.070338538531770495
2 5 0.0020429482225837051
2 6 -0.058809367295974954
2 7 0.17122070384091867
2 8 0.025832464611632543
2 9 0.12743878906590592
2 10 -0.11703271479013852
2 11 -0.0075656580205463436
2 12 -0.15401212474864745
2 13 0.027815145772436344
2 14 0.031392290591052821
2 15 0.082702014688837588
2 16 -0.15942220774761162
2 17 0.048274990435451866
2 18 -0.010804692659274662
2 19 -0.034155267027866885
2 20 -0.0023042008465748525
2 21 -0.0008537497379197495
2 22 -0.040183362610190204
2 23 -0.024597551189209109
2 24 -0.1208816452422414
2 25 -0.01207414536658238
2 26 0.019912819142078108
2 27 0.025688954174336202
2 28 0.036841839003017816
2 29 -0.062749136865412003
2 30 0.024680078691621306
2 31 -0.028604984025912536
2 32 0.036078564221405249
2 33 -0.07523299896945887
2 34 -0.11570022540421521
2 35 -0.0062636257699742789
2 36 0.15852759857963919
2 37 0.095754538291691338
2 38 -0.067594499338560932
2 39 0.082537892582111388
2 40 0.069905292802999078
2 41 0.032756670121910518
2 42 -0.089665978171786467
2 43 0.026334482570338835
2 44 -0.028422797576997633
2 45 0.03747493860833364
2 46 0.1692811804457853
2 47 -0.10359749498872391
2 48 0.058238969395392741
2 49 0.015179091171305651
2 50 -0.05464273101632839
2 51 -0.069693726437938308
2 52 -0.059489947023163299
2 53 -0.16411525380429712
2 54 -0.12213501262249048
2 55 -0.010699235655055091
2 56 0.052892465815392295
2 57 -0.032554922386325125
2 58 -0.10813257713480423
2 59 -0.097011352668361833
2 60 -0.018971699148786852
2 61 0.010269490928775259
2 62 0.095121358405252168
2 63 0.11157713488827502
2 64 0.049867748811535884
2 65 -0.05173397079437702
2 66 0.14413309157139612
2 67 0.032408331779801229
2 68 -0.11655993719150609
2 69 0.035004743505784176
2 70 -0.13730374986581687
2 71 -0.069757161993083308
2 72 0.10492885732599475
2 73 -0.059643021882307801
2 74 0.029747850873033957
2 75 0.10850950384489941
2 76 0.13082948318500731
2 77 0.072971375383910353
2 78 0.056205488196440334
2 79 0.080596107764705452
2 80 -0.016445213637207426
2 81 -0.029210317939135637
2 82 -0.10521315341244335
2 83 -0.051552797323097588
2 84 0.030835227643524178
2 85 -0.029210248520360093
2 86 0.08998925297616707
2 87 -0.042423504876154761
2 88 0.14769735790051128
2 89 0.12322504129556397
2 90 -0.0094814103768754675
2 91 -0.11218082645384939
2 92 -0.0038629928916996347
2 93 0.063935323396847099
2 94 0.17217109537067965
2 95 -0.17839537491309915
2 96 0.087346244365809081
2 97 -0.10344695767679354
2 98 -0.072607295399253771
2 99 0.13660165463092469
2 100 -0.099950003740009286
2 101 -0.060222426553079723
2 102 0.043162709118865834
2 103 0.067317020999719271
2 104 -0.025677342624543815
2 105 -0.14660468601006521
2 106 0.036872651259119475
2 107 0.0076399046255785068
2 108 0.20962712130588537
2 109 -0.071789121629117311
2 110 -0.077719219482520543
2 111 -0.090377040655228127
2 112 -0.14721803719468929
2 113 -0.0090912807388828423
2 114 0.039814896589118444
2 115 -0.042020712757807221
2 116 0.10948468803070951
2 117 -0.0075635914568146848
2 118 0.089177844602552889
2 119 0.018629191350126709
2 120 -0.018222708438048338
2 121 -0.14672160414957514
2 122 0.025809539034650067
2 123 0.041762025106762732
2 124 -0.01730671622502955
2 125 0.067967601390685181
2 126 0.076308275046756066
2 127 0.02511669890433579
2 128 0.020209831784739184
2 129 0.0028833293588988542
2 130 -0.0099733373080713623
2 131 -0.021431183104164048
2 132 -0.005314693759273
2 133 -0.039268765176406116
2 134 0.027249310092857842
2 135 0.11614458158364789
2 136 0.074425814835636969
2 137 0.039362159158967382
2 138 0.12195005770414395
2 139 0.023294372275845635
2 140 -0.012953724546240563
2 141 0.047724463113097186
2 142 -0.060621892897991345
2 143 -0.0076088964756412083
2 144 -0.044720127502896244
2 145 0.0081982715677180861
2 146 0.0034777791271316969
2 147 0.15076688755147319
2 148 0.03025958053741518
2 149 -0.034993153466143768
3 4 0.016539292262779795
3 5 -0.01623687527529517
3 6 -0.12110296755518359
3 7 -0.046896621090548228
3 8 -0.075226175980376037
3 9 -0.030286695959020352
3 10 0.085788143732934002
3 11 -0.058491379349660019
3 12 -0.017993650458674446
3 13 -0.053836223797465332
3 14 -0.082962008336408655
3 15 -0.045619046537669544
3 16 -0.082237966481492827
3 17 0.02377793335949312
3 18 -0.16327411375862161
3 19 0.052090149206799712
3 20 -7.6653071997189243e-05
3 21 -0.024688918855261904
3 22 0.077053953189419974
3 23 -0.039763677479649609
3 24 0.019102289191610271
3 25 0.12532199660490828
3 26 0.0202354132778155
3 27 -0.089869218733035536
3 28 0.020420406567154509
3 29 -0.12472565663712505
3 30 -0.025378703502504339
3 31 -0.020666453832582792
3 32 0.038996332775708388
3 33 -0.048801531980351039
3 34 -0.0073112238201803762
3 35 0.0089701957412303135
3 36 0.15314403974769386
3 37 -0.017276462253968086
3 38 -0.092399092577166275
3 39 0.16935526839551565
3 40 -0.23048482431047926
3 41 0.021085442513633434
3 42 0.030372737618482869
3 43 -0.034853831856651737
3 44 -0.039238059214414894
3 45 -0.01535456536585166
3 46 -0.070517585458252346
3 47 0.053763320720083815
3 48 0.046833084660062536
3 49 -0.040691839013754082
3 50 -0.028383424637089195
3 51 -0.057190176994750014
3 52 0.088733105708833984
3 53 0.014356985073879055
3 54 -0.023757434739707841
3 55 0.11874512287322618
3 56 -0.05473788955881196
3 57 -0.050933290586151571
3 58 -0.02806987725116792
3 59 -0.010134574005830323
3 60 0.077247898712662383
3 61 -0.038583284402031008
3 62 -0.11812521217508459
3 63 0.032725893163541062
3 64 -0.1803788485662198
3 65 -0.016630666115203061
3 66 0.097209562880498868
3 67 -0.18669043979108815
3 68 -0.00031759075005794677
3 69 -0.007935357721572292
3 70 -0.14150581335041587
3 71 0.021962337394891125
3 72 -0.05379656217066086
3 73 -0.02382330860981572
3 74 0.089818640704416822
3 75 0.018805498755335836
3 76 0.095852446023506399
3 77 0.16431945710102625
3 78 -0.098017850787465388
3 79 -0.029483550031296334
3 80 -0.25605777381344708
3 81 -0.02623890369924662
3 82 -0.021184479568158634
3 83 -0.040461133664844884
3 84 0.0083380356561988268
3 85 0.051048273522797186
3 86 -0.079863207452253338
3 87 0.042237440951372912
3 88 0.12388818454578689
3 89 -0.069289819747654399
3 90 -0.14428985418854384
3 91 -0.077282858689719652
3 92 -0.081291766565557297
3 93 -0.064010398057348039
3 94 0.097521674864102514
3 95 -0.0050175800277578193
3 96 -0.17204546576856611
3 97 -0.070971002890153262
3 98 0.054769307821097027
3 99 -0.04817359398409958
3 100 0.13182061445724189
3 101 -0.041402844338856257
3 102 0.11793338748410997
3 103 -0.066626559869101099
3 104 -0.12446628498232695
3 105 0.11225209643309483
3 106 -0.11731952719844027
3 107 0.078062611075436897
3 108 0.013163789843601472
3 109 0.12680928544786799
3 110 -0.061210418432529855
3 111 -0.10523104898624358
3 112 0.015585893606428841
3 113 -0.085087994174519052
3 114 0.010204262449501067
3 115 0.00088565289776638143
3 116 0.046859018592090733
3 117 -0.032122630558512506
3 118 -0.14500239004420964
3 119 -0.042483782298337193
3 120 -0.0078857105607402118
3 121 -0.024617250224472805
3 122 -0.055455151866857642
3 123 -0.0366073544854938
3 124 -0.11820732415619033
3 125 -0.057269706721128091
3 126 -0.066101130385773546
3 127 -0.069400066671287647
3 128 -0.028285984810819936
3 129 0.10875948670308212
3 130 0.11380004546684888
3 131 0.025806440935141485
3 132 0.11334028123322409
3 133 0.0093460817047823375
3 134 0.027049206738707168
3 135 -0.12429707351485837
3 136 0.014691585335879056
3 137 -0.057779950098552899
3 138 0.12205747086357577
3 139 -0.10585478733919765
3 140 0.1048762137995962
3 141 0.067233004526115137
3 142 0.11013415547917139
3 143 0.15935117605659241
3 144 -0.056302880176803898
3 145 -0.066368678192317704
3 146 -0.013683994321715204
3 147 0.13133861435353592
3 148 0.011636709152735762
3 149 -0.055573793738187653
4 5 0.012336705532911371
4 6 -0.16564254001620279
4 7 -0.20906764683500972
4 8 -0.019295959289042874
4 9 -0.16004992001386517
4 10 -0.076153421796048337
4 11 -0.1101534852344191
4 12 -0.038024242072476025
4 13 -0.1159722466128891
4 14 0.022377048421386554
4 15 0.063708654438579662
4 16 0.10869970644928059
4 17 -0.020092949958026209
4 18 0.055662693676720033
4 19 -0.062009195310877716
4 20 0.016242706648953203
4 21 0.017817548386181704
4 22 0.083800652714124971
4 23 -0.0081784096816452587
4 24 -0.010609264823979198
4 25 0.027367537494348188
4 26 0.15018414348230474
4 27 0.07629940049415751
4 28 0.029859871792894489
4 29 -0.099402161770077962
4 30 0.056461278871360474
4 31 0.044820407967888824
4 32 0.13589821788543979
4 33 0.031323979501568969
4 34 -0.098259338948355104
4 35 0.042058446663191834
4 36 -0.0099142458822756331
4 37 -0.043912235501513665
4 38 0.071389569103434219
4 39 0.012019036141840269
4 40 0.042398989763578067
4 41 -0.00037718667232404708
4 42 -0.098298610836894368
4 43 -0.096943482157448108
4 44 0.031119602291378876
4 45 -0.066161411107895793
4 46 -0.10519014544602098
4 47 0.024574066744270061
4 48 -0.13093806850207748
4 49 -0.038903053292995086
4 50 -0.018531781579104793
4 51 0.010047216786202793
4 52 0.053492107169369391
4 53 -0.023922995294819369
4 54 0.10121237888692815
4 55 -0.035311933003157193
4 56 0.06255460052858057
4 57 -0.085989467863013619
4 58 0.10745699744396811
4 59 0.057069894194891842
4 60 -0.10115847400430271
4 61 0.028893715024783523
4 62 -0.0065717304562103451
4 63 0.09888055177190265
4 64 -0.057001992822051116
4 65 0.1519771003515388
4 66 0.1157480766242264
4 67 0.035104325792340914
4 68 -0.044290342250586222
4 69 0.025210251165010508
4 70 0.04277394988550947
4 71 -0.019302789152500562
4 72 -0.031501003863763935
4 73 -0.039856014379858425
4 74 0.044567477108359392
4 75 -0.071851368267073543
4 76 0.0053153728376864728
4 77 -0.10253452874358222
4 78 -0.048640487132983953
4 79 -0.05587748289141066
4 80 -0.012998424309908786
4 81 0.027673704629272808
4 82 0.11040195760344787
4 83 0.0026261391820624758
4 84 0.047141807344734624
4 85 0.087577977018159156
4 86 0.036211156541651142
4 87 0.019057468313965275
4 88 0.034095777212970933
4 89 -0.027221087675373037
4 90 0.085165643945312716
4 91 -0.070532756727954712
4 92 -0.040017143817791999
4 93 -0.08718223793603351
4 94 0.060772881791157932
4 95 0.033526116943827795
4 96 0.030237251519961227
4 97 0.094613255254997183
4 98 0.013432095910741029
4 99 -0.010368912243866912
4 100 0.073028843369682031
4 101 0.078893383540887388
4 102 -0.051201980604840991
4 103 -0.02214541594073444
4 104 0.13131970081714447
4 105 -0.07628672965680823
4 106 0.051918596330194834
4 107 0.1470624917962805
4 108 -0.0059709907651417935
4 109 -0.0049369942442043001
4 110 0.091486860062988881
4 111 0.072447662951361513
4 112 0.044415880526173797
4 113 -0.080092459985989406
4 114 0.14957378884093478
4 115 0.069813320992157729
4 116 0.03557515159353962
4 117 -0.050413561649680562
4 118 0.043463336277414368
4 119 0.0049067840980068327
4 120 0.037903211754038608
4 121 -0.091502327151524274
4 122 -0.037852230885374795
4 123 0.19218943524372059
4 124 -0.083314465288270023
4 125 -0.21211213833073769
4 126 -0.0040195623610651083
4 127 0.0074940594138374851
4 128 0.032192601171590174
4 129 0.04441198535521966
4 130 0.019278095843395838
4 131 0.091935603245091493
4 132 0.10563598617142225
4 133 0.12796200435933922
4 134 -0.17366676858981953
4 135 -0.12418878813799035
4 136 0.052721234215115209
4 137 0.056882038760673458
4 138 -0.12025199752211034
4 139 -0.12871214317437829
4 140 0.015978551026951039
4 141 0.019548956174380513
4 142 0.044154339250728238
4 143 0.02396222264879061
4 144 0.016280127984928405
4 145 -0.090215095492259686
4 146 -0.027500916023808639
4 147 0.075136037738318368
4 148 -0.059046412528353506
4 149 0.065495461594014912
5 6 0.0041829311726580172
5 7 0.03114530904075756
5 8 0.034901376689199168
5 9 0.060689493753410068
5 10 -0.022269422518914828
5 11 -0.054333887947493498
5 12 0.038010720320890562
5 13 -0.061329584957928826
5 14 -0.058481043926131876
5 15 -0.1001562499272681
5 16 0.070369671835729286
5 17 -0.025294715602386959
5 18 0.14463490747387051
5 19 0.0068099039186189326
5 20 0.022067437177068237
5 21 -0.056890742598140365
5 22 0.090036099525416941
5 23 0.078815711581809736
5 24 -0.052684480709397075
5 25 -0.097160250774607868
5 26 0.070575763531590535
5 27 -0.018326738092340127
5 28 -0.045554872131952313
5 29 0.00084606210254470143
5 30 -0.029757201866333724
5 31 0.040054270308140363
5 32 0.1292424998206467
5 33 0.017578622995832294
5 34 -0.011740878187732666
5 35 -0.18146029594066376
5 36 0.086257681850324147
5 37 0.0075946865784028358
5 38 0.05658529412442552
5 39 -0.1230378075850537
5 40 0.02419636334436923
5 41 -0.0057807224714992549
5 42 -0.090458634532045071
5 43 0.11011635885637462
5 44 -0.012569801368804845
5 45 -0.081884390024279621
5 46 -0.077989077975583437
5 47 -0.046042373305873831
5 48 -0.078497932244438878
5 49 -0.044283087209456173
5 50 -0.04169171837542332
5 51 0.028958705851971838
5 52 0.0043427014579163151
5 53 -0.021359066527657081
5 54 -0.058677356426664787
5 55 -0.10681447991454286
5 56 0.15522562678672161
5 57 -0.025220553488422767
5 58 -0.035955546468486636
5 59 -0.039236779741394383
5 60 -0.090929096297907519
5 61 0.068394367028796726
5 62 -0.057928306285171628
5 63 0.020361908845398034
5 64 0.0046264697253786341
5 65 -0.050247733356245425
5 66 -0.029314461439117503
5 67 -0.069896354613704109
5 68 0.017303094335075878
5 69 -0.0071530520176355987
5 70 0.11909062072673597
5 71 -0.013740007101824126
5 72 -0.090529591199041637
5 73 -0.00026040189253867508
5 74 -0.13170309748480674
5 75 0.068222041436996284
5 76 -0.11255681118568489
5 77 -0.019699856970752862
5 78 0.059128481704116394
5 79 -0.037408125232924
5 80 0.013394101793896204
5 81 -0.11795513377613462
5 82 -0.13428514608833214
5 83 0.05130399906691907
5 84 -0.033683084665736697
5 85 -0.028745757366177602
5 86 -0.07447751333660442
5 87 -0.13305641071928712
5 88 -0.053997528206384544
5 89 0.031328653224793432
5 90 0.033103576001957895
5 91 0.13010645905094279
5 92 -0.067523246678556303
5 93 -0.049871600610217594
5 94 0.050770884098315892
5 95 0.022341304456847306
5 96 -0.078947612000560843
5 97 -0.13438631779369903
5 98 -0.011673443470544919
5 99 0.1365997731686234
5 100 0.043281616660753371
5 101 0.013066045805634616
5 102 0.13409095715081132
5 103 -0.015467316545290492
5 104 0.035595060059992488
5 105 0.011969097117520857
5 106 0.02597209181312303
5 107 0.059216940691572316
5 108 0.026286969159703997
5 109 -0.0085528216713446313
5 110 -0.028256593246041881
5 111 0.013581238013813184
5 112 0.0014199931999087619
5 113 0.050338231689603767
5 114 -0.051541423095555934
5 115 -0.039122983900240223
5 116 0.05742680455523165
5 117 0.050617044833286114
5 118 -0.02837473533359379
5 119 0.036130356551144015
5 120 0.066347421599771209
5 121 0.052853092961820107
5 122 0.051835128988172004
5 123 -0.086746808486471275
5 124 -0.0024531275861206844
5 125 -0.053508672858147498
5 126 0.18666397048309452
5 127 -0.049160318433809247
5 128 0.11468262658652199
5 129 -0.051077983813043633
5 130 -0.050920381336884001
5 131 -0.073178097249849527
5 132 -0.045017775108230122
5 133 0.14182315264102954
5 134 -0.013107936582045527
5 135 0.12466288449919094
5 136 0.03000121160205017
5 137 0.011822979943319791
5 138 -0.092594132754112615
5 139 -0.064487043872405905
5 140 -0.016696780540956163
5 141 0.018777338425204772
5 142 -0.13689258758589293
5 143 0.018971140595542287
5 144 -0.12886356539895003
5 145 0.046588692684606282
5 146 -0.11073334513021027
5 147 0.031421425078999227
5 148 0.084395232652488994
5 149 -0.050752394160039835
6 7 -0.067342728753682621
6 8 -0.00348169254483751
6 9 0.048973789956207187
6 10 0.019355507611078709
6 11 -0.0014493854572323423
6 12 0.0065098571913802042
6 13 -0.20085481203249064
6 14 0.052537597354543782
6 15 0.058956379970539527
6 16 -0.077651122535885034
6 17 0.050004307300325457
6 18 -0.069967346353367224
6 19 -0.090819994735803392
6 20 0.081520975785916411
6 21 -0.014346839659166772
6 22 0.23663731645207606
6 23 -0.12739145009495925
6 24 -0.081570859283981084
6 25 0.030313663266890337
6 26 0.038293894624360732
6 27 -0.044722065142687235
6 28 0.00437318516130076
6 29 0.044650036433674108
6 30 -0.13212301899964574
6 31 -0.027207870540604116
6 32 -0.079770664306052494
6 33 0.031354558530437365
6 34 -0.030591831192271976
6 35 0.10605241384583815
6 36 -0.0076019772699606305
6 37 0.027262282768684136
6 38 0.034120804063815596
6 39 -0.0084065544662592639
6 40 -0.053742368691582776
6 41 0.03432078986370686
6 42 0.13532656560047424
6 43 -0.0092254626260750931
6 44 0.0072902859508208124
6 45 0.0013956377524408246
6 46 0.076550638790343462
6 47 -0.12106173256456972
6 48 0.051673664763336138
6 49 -0.081478848528169653
6 50 -0.072085787324281822
6 51 -0.08682289911165586
6 52 0.067763014310867328
6 53 -0.15504649705715814
6 54 0.037639556286493681
6 55 -0.13183643469517359
6 56 0.005526909996860359
6 57 0.0222753985139354
6 58 -0.026243859251063342
6 59 0.10336596151345341
6 60 -0.034799317448436944
6 61 -0.042859364491123042
6 62 -0.034323220747742481
6 63 -0.027076215155656842
6 64 0.073085710267623102
6 65 0.1351550344790351
6 66 0.076848187451841146
6 67 0.055895440279320675
6 68 -0.00086193072441515255
6 69 0.037622015670699643
6 70 -0.099356672521206682
6 71 -0.01866753233708714
6 72 0.11535115539318277
6 73 0.093034391822042845
6 74 0.031078738578281435
6 75 0.11070179801858021
6 76 -0.14875117519302505
6 77 0.13543669601580383
6 78 -0.017815505650883197
6 79 -0.046946082903171274
6 80 0.019057144432774238
6 81 -0.11458860392645286
6 82 -0.020009846520735702
6 83 -0.039721269196183379
6 84 0.12672654659053037
6 85 -0.1092836678777893
6 86 -0.072023627385755351
6 87 -0.022927820582200057
6 88 0.0021193346152570377
6 89 -0.12921709268821768
6 90 -0.012717287223078487
6 91 -0.0058435897626208325
6 92 -0.036830451284996131
6 93 -0.087590167022288307
6 94 0.026537014932275282
6 95 -0.02670876202548236
6 96 0.016949979002402922
6 97 0.012717141681101456
6 98 0.04457983756970621
6 99 -0.091721890175860729
6 100 -0.059578925910212931
6 101 1.2027553284183733e-07
6 102 0.15871493298446085
6 103 -0.0098511714118705331
6 104 -0.10110366337222582
6 105 0.10936414989165109
6 106 -0.042734591866955232
6 107 -0.082648992635838067
6 108 -6.5465317209606832e-05
6 109 0.030152871175904213
6 110 0.053313540880000058
6 111 -0.08271486647099778
6 112 0.036991658963535241
6 113 -0.073626367833179607
6 114 -0.0031245758361428413
6 115 0.1055184294085143
6 116 -0.024725802637329347
6 117 -0.04453124325380213
6 118 -0.057434177014764512
6 119 0.041674127272356976
6 120 -0.012185454017630328
6 121 -0.017155893399119937
6 122 0.07536047684983449
6 123 -0.16692090219294961
6 124 -0.067500790162164981
6 125 -0.086022120456621817
6 126 -0.013879655242105854
6 127 0.0082200135049963555
6 128 0.0097890826249700229
6 129 0.091616906533718123
6 130 -0.065969634029882693
6 131 -0.021991231864698695
6 132 0.0044641650638124258
6 133 -0.13665804277341714
6 134 0.010131193667693821
6 135 -0.0051142827166882395
6 136 0.24247220280870502
6 137 0.079883690889824069
6 138 -0.022053648682053853
6 139 -0.12879311722658587
6 140 0.046732073118635212
6 141 0.021097707686187621
6 142 -0.068820882419377297
6 143 -0.081874518664852486
6 144 -0.1060634184874793
6 145 0.010965615133890437
6 146 0.065737597763117661
6 147 0.038201749856731547
6 148 -0.0045025468416337571
6 149 -0.00039369064030977247
7 8 -0.056504902833046086
7 9 -0.079406409550346474
7 10 0.14336990643387373
7 11 -0.11289747808491628
7 12 0.040969919404811539
7 13 0.0089940707033483776
7 14 -0.019380823055087159
7 15 -0.036594946105363652
7 16 -0.016700384131426174
7 17 -0.047417490331358905
7 18 0.012480035741856223
7 19 0.14341331143852309
7 20 -0.095047987030543221
7 21 -0.065715905879898312
7 22 0.034834222453793473
7 23 0.034081688030872408
7 24 0.08036786971455856
7 25 0.034886935385679413
7 26 -0.029705152286878995
7 27 0.11573578425889058
7 28 -0.0084831576661836463
7 29 -0.12143982323173068
7 30 0.038148661192748588
7 31 -0.039901728645587976
7 32 -0.030096713036346045
7 33 -0.0086131565683464414
7 34 -0.079774404056436168
7 35 -0.050971820258297239
7 36 0.03779047119782266
7 37 0.028630603585434469
7 38 -0.062366806247003123
7 39 -0.070820005419483134
7 40 -0.064498638491260113
7 41 0.012868154675399963
7 42 0.051967356902009335
7 43 -0.084990739966974344
7 44 -0.038270256908650151
7 45 0.11897763330679037
7 46 0.0019508886397930007
7 47 0.054646815562906029
7 48 -0.026932913056306414
7 49 0.027836634007774148
7 50 -0.11472660389582792
7 51 0.067581214248225219
7 52 -0.0020698509112110353
7 53 0.048834387352837169
7 54 0.024068763882285901
7 55 0.082822628629158498
7 56 -0.0021205797120716187
7 57 0.032157530869266579
7 58 0.1165626655533996
7 59 0.0080614271131732411
7 60 0.11093853802798227
7 61 -0.040692657952573853
7 62 -0.045939605845038547
7 63 -0.054481068563810971
7 64 -0.036495921812321232
7 65 0.051876202963907554
7 66 -0.12226668211040906
7 67 0.098312567880036936
7 68 -0.09354002189695082
7 69 -0.012701739745500427
7 70 0.0019503472063766938
7 71 0.046469606977143155
7 72 0.075330225334000619
7 73 -0.019179385872792346
7 74 0.089675795067311284
7 75 0.050651217232676314
7 76 -0.086964203208748092
7 77 -0.12312927288724833
7 78 0.036911403198786871
7 79 -0.0068674284564727624
7 80 0.098276059362329499
7 81 -0.038655399507855889
7 82 0.021905007722119431
7 83 -0.077325677790889641
7 84 0.071456379945816217
7 85 0.050476291160301771
7 86 -0.17571785810492416
7 87 -0.024749321690694024
7 88 -0.071283012211323257
7 89 -0.051790915986490139
7 90 -0.061782775369491894
7 91 0.045621407581135351
7 92 -0.028897497970388809
7 93 -0.15207814724581545
7 94 0.0026686441393080915
7 95 0.10996266144841142
7 96 0.037968884869213064
7 97 -0.024339544099975637
7 98 0.060805235991278954
7 99 -0.13148077228393185
7 100 0.039015299702560104
7 101 0.17864445768598755
7 102 -0.080462381391534207
7 103 -0.137834976107686
7 104 -0.092335114946373115
7 105 0.058725661961931255
7 106 -0.008647431716770666
7 107 0.011328693468197643
7 108 0.011370902182768282
7 109 -0.003477603831865482
7 110 -0.14931573602621109
7 111 0.020625410349376712
7 112 -0.051232990869848852
7 113 0.12767176080631895
7 114 -0.039590714842686593
7 115 0.025171579004102416
7 116 0.15859187742932954
7 117 -0.010469804962045068
7 118 0.16587295439125327
7 119 0.013507975421425147
7 120 0.036130873974698573
7 121 -0.076321454010169085
7 122 -0.083528845678898719
7 123 0.11933025305469187
7 124 0.0991918885297291
7 125 0.088446751334190735
7 126 -0.028902579444247609
7 127 -0.05851376348813269
7 128 0.072328002236698413
7 129 -0.017041639047253917
7 130 -0.038492015927148689
7 131 -0.14187300671546513
7 132 0.10524718317228773
7 133 -0.10148805088888264
7 134 0.050109550285527278
7 135 0.055080436942684344
7 136 0.03072886079269321
7 137 0.0052143294687746903
7 138 -0.014855421667378497
7 139 0.029110382980774913
7 140 0.050384410247169928
7 141 -0.093697866531528423
7 142 0.12806100914551719
7 143 -0.14624441530051974
7 144 0.1343465908364605
7 145 0.00017323314258023179
7 146 0.062969067427781272
7 147 0.070187929110809746
7 148 0.0035199528229567663
7 149 0.10963718536817815
8 9 -0.17496820872505939
8 10 -0.080598953251584865
8 11 -0.041855158459466163
8 12 0.090402360875220619
8 13 0.061062164989555523
8 14 -0.03569893857356126
8 15 0.11283640600332623
8 16 -0.11779281748649355
8 17 0.006046041764715039
8 18 -0.043453232935340091
8 19 -0.069858164315964921
8 20 0.069184340465309357
8 21 0.075241896371945158
8 22 -0.052910574458167998
8 23 0.046874888673070061
8 24 0.18130443179270006
8 25 -0.026632417000633866
8 26 0.035833000759039356
8 27 -0.0047912131741771839
8 28 0.054473489567388907
8 29 0.054316819846760386
8 30 -0.036081978454777328
8 31 -0.047557282448690036
8 32 -0.04244733382152327
8 33 0.008851696473920834
8 34 0.045558414248461333
8 35 0.024443917118465192
8 36 0.09581881321316435
8 37 -0.066408291291578492
8 38 -0.053918973853727958
8 39 0.076603221751251005
8 40 0.21473441012450015
8 41 -0.047798894568889513
8 42 0.13535826901381137
8 43 0.052019164170162814
8 44 -0.18701892915096172
8 45 -0.088081949595017195
8 46 0.023289531283967432
8 47 -0.045656881721096346
8 48 0.16954800861366348
8 49 0.0027468427870201068
8 50 0.0084986982793159114
8 51 0.015821903237705971
8 52 0.018261498116539192
8 53 0.084513072280552229
8 54 0.11191916308828727
8 55 0.0048429029893286134
8 56 -0.080409449128312188
8 57 -0.088015795143356168
8 58 -0.032918853269895514
8 59 0.00055969699310932648
8 60 0.019606594692532116
8 61 0.094670118324698169
8 62 -0.057522103064442463
8 63 0.036218122673942317
8 64 -0.043121028304831964
8 65 -0.0023515392533189306
8 66 -0.035863766171259644
8 67 -0.076864813185557018
8 68 0.033477699742421499
8 69 -0.006038309381325567
8 70 -0.069348714891681193
8 71 0.0098039256821394923
8 72 0.14286771363857745
8 73 -0.0080339750763840385
8 74 -0.03586651983059011
8 75 0.037153224735916882
8 76 -0.044345868836275462
8 77 -0.064467417136394436
8 78 0.10579159698729836
8 79 0.021992389302458507
8 80 -0.022988505756860851
8 81 -0.065381751953964312
8 82 0.070563132166070339
8 83 -0.064779586799126196
8 84 -0.12545590535939899
8 85 0.016983498312816585
8 86 -0.15994040789124317
8 87 0.050485547928233579
8 88 0.1493630881694358
8 89 0.04749703823856026
8 90 -0.047319228512545781
8 91 -0.034687894495511566
8 92 0.0014115743805470956
8 93 0.13157508197926446
8 94 -0.032205116192633908
8 95 -0.00022173484313609318
8 96 0.056859332369150438
8 97 0.030123205324085075
8 98 -0.048425512475918461
8 99 0.082744356774504799
8 100 -0.096062084721184895
8 101 0.062312748963162919
8 102 0.1537096642654214
8 103 0.043080680492604204
8 104 -0.01356168890093618
8 105 -0.048857380880593285
8 106 0.039009846188156554
8 107 -0.044263578505221488
8 108 -0.15439562758226366
8 109 -0.099503144925227216
8 110 0.029603022601478818
8 111 -0.00087483837936559554
8 112 -0.040048147960224212
8 113 0.1003890846260706
8 114 0.073173303245782889
8 115 -0.017329601611976844
8 116 -0.026747707873512321
8 117 0.064721316731221973
8 118 0.14207565284428
8 119 -0.060809742799031917
8 120 -0.13620892826272579
8 121 0.016996770800959567
8 122 -0.036144356131577918
8 123 0.037551781582058824
8 124 0.032477215996675982
8 125 0.1253238296479546
8 126 0.11630520688989157
8 127 0.0082186749888407858
8 128 -0.010153608590838676
8 129 0.03697657637698093
8 130 0.10242922781995938
8 131 -0.088828113898062333
8 132 0.048989594352362796
8 133 -0.016089309366118947
8 134 -0.0094504788114823622
8 135 0.19750167320307305
8 136 0.022306832026573874
8 137 -0.0054489658744572419
8 138 0.059165169684898641
8 139 0.1225696259585082
8 140 -0.016923978865706322
8 141 -0.041448649835624955
8 142 -0.056477927519721825
8 143 -0.059758831410683264
8 144 0.044753642455595523
8 145 -0.053610377926547936
8 146 0.025568496907704266
8 147 0.039211049690342954
8 148 -0.080071321006305762
8 149 -0.08433667094400954
9 10 -0.00018047053232985734
9 11 0.12655174666204025
9 12 0.023139303110075934
9 13 -0.092257039993188586
9 14 -0.025912074299903134
9 15 -0.070313582058527307
9 16 -0.16689775813771929
9 17 0.16884681343162272
9 18 0.058076357168586973
9 19 -0.1176093497619837
9 20 0.096581136892074371
9 21 -0.053513792131906976
9 22 -0.068071193095395111
9 23 0.0023049891323431828
9 24 -0.20184999456727332
9 25 0.1287669568439278
9 26 0.05279152299857312
9 27 0.01601199051943554
9 28 -0.077804856180494458
9 29 -0.02048538436539574
9 30 -0.080506155168572818
9 31 0.034954848825520593
9 32 0.0087066405447644903
9 33 -0.0089810846286665826
9 34 0.075838380775493666
9 35 -0.054568621994606777
9 36 0.050344721224523992
9 37 -0.084531468699847734
9 38 -0.064472730564731809
9 39 -0.013921785967396367
9 40 0.05332183220379727
9 41 -0.08520679578484798
9 42 0.038009389673099851
9 43 -0.067859574429964806
9 44 -0.015344245306342466
9 45 0.13997197187023161
9 46 -0.11178531391633513
9 47 -0.077327879812835357
9 48 0.029153216848479494
9 49 -0.028088359054207777
9 50 0.14734953914997087
9 51 -0.032196560941289531
9 52 -0.067374951213484108
9 53 0.14147259336807236
9 54 0.039021656308059573
9 55 -0.033532749002438751
9 56 0.022324794961433476
9 57 -0.090809513557375404
9 58 0.0097003063207084465
9 59 0.10049340640750044
9 60 -0.0020831033182457789
9 61 0.042354063959131216
9 62 0.0077835805164627632
9 63 0.22034764733009368
9 64 -0.1208636117019971
9 65 -0.081785926804571751
9 66 -0.036108977161511457
9 67 -0.053613061483137034
9 68 -0.1755156791126038
9 69 0.015130244733375894
9 70 -0.044059793474045574
9 71 0.19610290610417019
9 72 -0.022105782020844972
9 73 0.12209357500301776
9 74 0.078217568109886032
9 75 -0.028729792493817852
9 76 -0.11089277739904059
9 77 0.11229456664734885
9 78 0.00017506577540573047
9 79 -0.067309101965074919
9 80 -0.0391779384180483
9 81 0.0057113247344984146
9 82 0.090658977227848894
9 83 0.0081413287932617477
9 84 0.040315023097402473
9 85 -0.034830921491474862
9 86 -0.021272469505432039
9 87 0.1206174625783616
9 88 0.14608492733937212
9 89 0.019392064297146669
9 90 0.038708843477836763
9 91 0.011166658314946771
9 92 -0.082842719625773303
9 93 -0.14852296746751367
9 94 -0.095932828169151371
9 95 -0.024277350531640096
9 96 0.026841926404344022
9 97 -0.11507413113694562
9 98 -0.11982160260090702
9 99 0.13918249957868331
9 100 0.11796337219896968
9 101 -0.011079384576362721
9 102 0.090955520870114104
9 103 -0.043314265617834143
9 104 -0.025215518822128132
9 105 -0.12915524886508986
9 106 -0.037111358584727756
9 107 -0.0063631387960339124
9 108 -0.028638664126574918
9 109 0.0034889904773177595
9 110 -0.029890588651864794
9 111 0.022398783363569812
9 112 0.13167797996596334
9 113 -0.018883785387323632
9 114 0.062608773986714966
9 115 -0.075252971743348926
9 116 -0.15791168401763905
9 117 -0.0065596228519635121
9 118 -0.11271294127773654
9 119 0.060294808227905484
9 120 -0.021909406006194006
9 121 0.042638032746466902
9 122 0.040889890046015114
9 123 -0.027104227672359732
9 124 0.10274799579366461
9 125 -0.075596593315704466
9 126 0.04250471492577073
9 127 -0.0056787881439866583
9 128 -0.21769889619429164
9 129 0.14920459311563025
9 130 -0.0068414828259471963
9 131 -0.11147908209399837
9 132 -0.011009827044867212
9 133 -0.12213554475864909
9 134 -0.13402206638174968
9 135 0.087187468658450909
9 136 -0.036869391900082801
9 137 -0.22143118723811483
9 138 0.27136727212970263
9 139 0.014250645698684526
9 140 0.17408803791065536
9 141 0.0045183991947614788
9 142 0.12633549055565851
9 143 -0.055603721538301148
9 144 0.019914785633190314
9 145 0.0063623843699515759
9 146 -0.091899082433986298
9 147 0.053953338251507103
9 148 -0.0024478256677931375
9 149 -0.020704697653753188
10 11 0.028654535672845871
10 12 0.022020262265073635
10 13 -0.0019159450800141466
10 14 -0.053166334172460222
10 15 -0.012415347185919022
10 16 -0.089768823888566524
10 17 -0.042747749346325949
10 18 0.0057993436133880012
10 19 -0.044203835360001338
10 20 -0.071397359159528287
10 21 -0.067887637728980738
10 22 0.013931545924783828
10 23 0.10601877859882876
10 24 0.011819567133717472
10 25 -0.014115516275709545
10 26 0.052207162661033285
10 27 0.14508082688293222
10 28 0.19956867216128224
10 29 0.0072139620917666646
10 30 0.062557118439793932
10 31 -0.061648020892728188
10 32 -0.0022498321350551968
10 33 0.0098797601351315097
10 34 0.00084192703748162232
10 35 -0.078602057543577145
10 36 0.074375142703013514
10 37 0.10121659864550026
10 38 -0.0013470079391572642
10 39 0.10943284448146111
10 40 0.082740973261875295
10 41 -0.077383003166089745
10 42 -0.017695160325004556
10 43 -0.073744667646879813
10 44 -0.10812358434625235
10 45 -0.10939059369747559
10 46 -0.012791489080854864
10 47 0.02260619069646419
10 48 0.0421906550614208
10 49 0.043710266035205565
10 50 -0.050535734007576966
10 51 0.13977256852492576
10 52 -0.037488762419199094
10 53 -0.088146725506962231
10 54 0.077981954935856121
10 55 0.09086495678900447
10 56 0.094280904652955841
10 57 -0.073754742644232471
10 58 0.14700019416318016
10 59 0.001025106473584815
10 60 -0.04051271971857269
10 61 -0.11130657227963685
10 62 0.065683082899057929
10 63 -0.08963537569631666
10 64 0.040279559521918931
10 65 0.012259335231146966
10 66 0.11701478878156682
10 67 0.11077741744364557
10 68 0.063556342142220265
10 69 0.024441135745379608
10 70 0.18034244557756043
10 71 -0.079924273997155237
10 72 0.0060416791786360325
10 73 0.10770831645557799
10 74 0.13908991504651966
10 75 0.0059133738521388625
10 76 -0.0016763359062760335
10 77 0.0045363487338594046
10 78 0.060938138939012738
10 79 0.061793749862003956
10 80 0.055039577742414941
10 81 -0.011454555023910412
10 82 0.057446925746266253
10 83 0.10333977959302595
10 84 0.035927821221998425
10 85 0.11554804456820875
10 86 -0.01375069352129675
10 87 0.0038740143820610662
10 88 -0.02740165417199452
10 89 -0.088494658148786834
10 90 0.15568417763887396
10 91 -0.023483794789443832
10 92 0.099868894754840676
10 93 -0.024119582995922071
10 94 -0.040500558449894593
10 95 -0.022049401382419367
10 96 0.017080041957308167
10 97 0.01370922323467016
10 98 -0.14699160810606748
10 99 -0.080091646052444135
10 100 -0.081442055996808357
10 101 -0.0096824448570044068
10 102 -0.043771882735997351
10 103 0.075045240056870133
10 104 -0.012280066957984224
10 105 -0.10196906067533794
10 106 0.090850744103872033
10 107 0.011505963647711462
10 108 -0.028214781507415666
10 109 -0.16654764136562636
10 110 -0.080137254286536161
10 111 -0.05204228426357603
10 112 -0.051374273359233336
10 113 -0.1186098561558499
10 114 -0.0038108757471043901
10 115 0.02221082262478161
10 116 0.12660124798483915
10 117 0.044295411331730795
10 118 -0.096629740215066387
10 119 0.0054418933335127128
10 120 -0.0079672046438106579
10 121 0.064379364127443037
10 122 0.070323722136080999
10 123 -0.085612165877300181
10 124 -0.0016053350741864216
10 125 -0.074608478048836357
10 126 0.11800936623733277
10 127 -0.069088388472727066
10 128 0.051342209050499708
10 129 0.022965342659364323
10 130 0.13988281547677875
10 131 -0.062838173420567245
10 132 -0.11367991876041893
10 133 0.051221815019886756
10 134 -0.083894594961720775
10 135 0.026106503259359894
10 136 -0.14272749689653774
10 137 -0.035400932495445007
10 138 0.084273759357149605
10 139 -0.17594095141681163
10 140 0.010243227270748528
10 141 0.03525771722772706
10 142 -0.037318183359358895
10 143 -0.009317779909460781
10 144 -0.035214500024624083
10 145 0.033894259468341542
10 146 -0.0093460132062635117
10 147 0.060947406165989496
10 148 0.082575226141656868
10 149 -0.038011675364780298
11 12 -0.0181529216261909
11 13 -0.099655582502772302
11 14 0.033633901835663164
11 15 0.012165723078284478
11 16 -0.067516554849289839
11 17 0.19406460512709003
11 18 0.022126983751172034
11 19 0.039437628483549585
11 20 0.051240284066133714
11 21 0.11098667508166768
11 22 0.0067372686257044919
11 23 -0.088473666483032315
11 24 0.0095146260464162441
11 25 -0.11100277556564336
11 26 -0.10123442054539901
11 27 -0.055838528504304867
11 28 0.0025871119520977878
11 29 -0.034595039240367956
11 30 0.088131718706683557
11 31 0.05816662863347221
11 32 -0.059199166461430419
11 33 0.057145915334819476
11 34 -0.027594029287752606
11 35 0.023215340647457665
11 36 -0.0028352473964789091
11 37 -0.18220141817463639
11 38 0.13009701602465379
11 39 0.10492173222021089
11 40 -0.021349194542531671
11 41 -0.02479511220705103
11 42 -0.031638783839969389
11 43 -0.11728247025186347
11 44 0.044226931885277473
11 45 0.044319772185242134
11 46 0.23882987572335729
11 47 -0.095074726429031503
11 48 0.14295699486991875
11 49 0.038164287388410607
11 50 -0.016015392415610535
11 51 0.10291402829291353
11 52 0.0088557333269963442
11 53 0.024354804071064259
11 54 -0.035669085845907923
11 55 -0.0094411401135752505
11 56 -0.045458234693596639
11 57 0.18467511009769982
11 58 0.050891611980164869
11 59 -0.028286642249795893
11 60 0.075907797174086661
11 61 0.0044523068890057315
11 62 0.040326605893313217
11 63 -0.082920456466096207
11 64 0.1317846213545481
11 65 0.13182867506491758
11 66 0.11449911473636026
11 67 0.024058890455708075
11 68 -0.062912367793159119
11 69 -0.039746291671452438
11 70 -0.054714078673957639
11 71 0.053909375576439704
11 72 0.071811419402355872
11 73 0.006519640498916051
11 74 0.049990664578837711
11 75 0.038843681925512824
11 76 -0.012903979237149341
11 77 -0.070122112906973844
11 78 0.10688338597566906
11 79 -0.05888876475042213
11 80 0.08717931289321261
11 81 -0.01541087072504356
11 82 -0.061253108032703542
11 83 0.071129953062242124
11 84 0.071142918608526243
11 85 -0.017296801507764716
11 86 -0.0749433112986988
11 87 0.11141826528701701
11 88 0.098118467929650066
11 89 0.056598584181791776
11 90 -0.044237861032238049
11 91 0.052001579761295005
11 92 -0.070157116919230503
11 93 -0.022262816045756709
11 94 -0.021582421706551422
11 95 0.20271244761737123
11 96 0.076812253904262481
11 97 -0.11765174291774923
11 98 -0.10010398006229586
11 99 0.027036569043981915
11 100 0.033414061978656567
11 101 -0.016047088315460235
11 102 0.028075455550101679
11 103 -0.08665954765058885
11 104 0.071666617057829923
11 105 -0.095044980806573268
11 106 -0.10694045564675847
11 107 -0.020801407323089039
11 108 -0.15685817657893536
11 109 0.15290080128383648
11 110 0.019817313301005231
11 111 -0.024265137737197826
11 112 0.049796237960866178
11 113 0.039307991415596918
11 114 0.055110099162476056
11 115 -0.0063489125335123246
11 116 -0.072134363047225231
11 117 0.0098719368085161303
11 118 -0.025314051798499177
11 119 0.032410414669175311
11 120 0.10510880516078852
11 121 -0.065962479118608155
11 122 -0.10152580432410581
11 123 -0.074521039702145228
11 124 0.021231980241659253
11 125 -0.039993645949857375
11 126 0.063674936987894573
11 127 0.13441200424075125
11 128 -0.1407818207474304
11 129 -0.17034396110092587
11 130 -0.10498298448782592
11 131 0.080325524649540028
11 132 0.024366265445212608
11 133 -0.0060200327618911351
11 134 0.11574567299032301
11 135 -0.02500565327333442
11 136 -0.12396012729361712
11 137 -0.11645247569551311
11 138 -0.031088804849693452
11 139 -0.031966059732605037
11 140 -0.058903357540630676
11 141 0.039351418754422919
11 142 -0.05739846096731184
11 143 -0.0058297511146521309
11 144 0.01323550057948546
11 145 -0.020655854900961612
11 146 0.066650141590966105
11 147 -0.074923672317553577
11 148 0.032549172091990826
11 149 -0.068434366221676979
12 13 -0.17032767872076651
12 14 -0.22908921187339323
12 15 -0.16543315502221009
12 16 -0.003790019053956149
12 17 -0.12997536143694688
12 18 -0.030305088571375097
12 19 0.063727846226716747
12 20 0.0070353662490271231
12 21 -0.018310255648974507
12 22 -0.032631927356251325
12 23 -0.095811260222336159
12 24 -0.033814787647206294
12 25 -0.024010699754840478
12 26 0.13321514461233347
12 27 0.02669023646326012
12 28 -0.12461674535306136
12 29 -0.23208280207906182
12 30 -0.0048168432205852362
12 31 -0.074290899824574014
12 32 0.13713397689733905
12 33 -0.1610635801914829
12 34 -0.056333297527281917
12 35 -0.06917113285453369
12 36 -0.044282154132530525
12 37 -0.1763982173204271
12 38 -0.012469993659632186
12 39 0.0094989478521601937
12 40 0.059319061057256435
12 41 0.049838842281365724
12 42 -0.025403636646688686
12 43 0.20064614127179381
12 44 0.10009095912921191
12 45 -0.089365710521144254
12 46 0.015858829070648509
12 47 -0.039104987597424257
12 48 -0.13204883321322802
12 49 -0.067522627960554929
12 50 0.048846520071526303
12 51 0.12208459658583411
12 52 0.023998909076783544
12 53 -0.00010566663983257471
12 54 -0.0038603315056674912
12 55 0.086640589411862631
12 56 0.061090823503516148
12 57 0.10397604088114257
12 58 -0.045858855238872238
12 59 0.006639845995224665
12 60 0.12592372748584557
12 61 -0.12997282868561816
12 62 0.029528813432457425
12 63 0.18264094610325898
12 64 -0.019889673094507919
12 65 -0.00077991534026293464
12 66 0.021815313830612512
12 67 -0.10355297340599846
12 68 0.023726918461619829
12 69 0.016655606373321231
12 70 -0.059675492718327755
12 71 -0.10297404016210168
12 72 0.014979845786464165
12 73 0.12346459017341194
12 74 0.03244825093016096
12 75 0.011829212091912209
12 76 0.028396606267820739
12 77 -0.025806189247710297
12 78 -0.0063758402279564174
12 79 0.02852499567349644
12 80 0.0022948755807953806
12 81 0.0042929735051178896
12 82 0.028595338609696878
12 83 -0.062492609437258366
12 84 -0.066206616808567931
12 85 0.052958278759433056
12 86 0.10566248360133101
12 87 -0.06148249647177248
12 88 -0.044597474103196873
12 89 0.053896393313848219
12 90 0.0086795019428914377
12 91 0.010938124511015826
12 92 0.016504534037591605
12 93 0.19610396479210662
12 94 -0.079023178798851665
12 95 0.10181899289460251
12 96 0.0062628065653129615
12 97 -0.13661865677622362
12 98 0.072839112380867752
12 99 -0.070500058909702526
12 100 -0.11392055329946918
12 101 0.12871565890209877
12 102 0.13518427101569394
12 103 0.0097098854564031094
12 104 0.14497093274401759
12 105 -0.19052993526524326
12 106 0.015264715902266314
12 107 -0.016042806588525561
12 108 0.01104044274213424
12 109 0.076244831462527737
12 110 -0.0093280993358446605
12 111 0.0096415855989102316
12 112 0.0068303051134608944
12 113 -0.1292922404784968
12 114 0.1207418474551207
12 115 -0.011047803930834954
12 116 0.16295758621739523
12 117 -0.17335610624706391
12 118 -0.25503689891743314
12 119 0.20576904169087884
12 120 -0.015770077145068007
12 121 -0.0094864422429211965
12 122 0.10302269954017244
12 123 -0.10497971904113117
12 124 -0.16623695074536901
12 125 -0.035471959553583766
12 126 -0.065351769731043619
12 127 -0.12716730659614217
12 128 0.073513640339994302
12 129 0.10609077305497752
12 130 -0.028198227742800324
12 131 0.033767861706749606
12 132 -0.030862377275312734
12 133 0.0020427139858065781
12 134 0.20063980854133709
12 135 -0.031859761452684647
12 136 -0.10740072220671079
12 137 0.014553778226141963
12 138 -0.046036083023394868
12 139 0.1294229328093007
12 140 -0.02291366682276055
12 141 -0.068119000303664801
12 142 0.1169650797738377
12 143 0.12741427737231539
12 144 -0.079225922410457089
12 145 0.079057328024101106
12 146 -0.033143537217845388
12 147 -0.070882532517474353
12 148 -0.033849790317129633
12 149 0.07386923045259082
13 14 -0.018710638695033061
13 15 0.1279289984192841
13 16 0.036846821869941287
13 17 0.044385927477024814
13 18 -0.054146843997212424
13 19 -0.064711973932068845
13 20 0.0094641204578481443
13 21 0.091199367158536132
13 22 -0.057262888686231216
13 23 -0.021598167705917579
13 24 0.017496688701743968
13 25 -0.12088632365284852
13 26 0.01983192448470026
13 27 -0.063099924467128504
13 28 0.094765544814480532
13 29 0.075790899094869982
13 30 0.11663344888962651
13 31 -0.094991498095677085
13 32 0.079364303208153408
13 33 0.10510203157632057
13 34 -0.091042912509243956
13 35 0.13908039844923017
13 36 -0.032234004572057169
13 37 0.017670151988516663
13 38 0.013965965163042949
13 39 -0.058470453794786409
13 40 0.089651851034888902
13 41 -0.040749888743061513
13 42 -0.085951286442268626
13 43 -0.020664091443725455
13 44 -0.041059754010433658
13 45 0.07168747243963991
13 46 0.098985262786049091
13 47 0.12633529704136476
13 48 -0.079224251680116362
13 49 -0.022552762434297043
13 50 -0.16108707603191583
13 51 0.04873771506489203
13 52 -0.093651716005483651
13 53 -0.023041087161355334
13 54 0.039160902459293975
13 55 0.0049092764902497936
13 56 0.092759006496882873
13 57 0.024117671097114209
13 58 0.10922115884144837
13 59 0.17137184798440511
13 60 -0.036989547946287116
13 61 -0.011967133539902161
13 62 0.072286578999433776
13 63 0.0062706633863804494
13 64 -0.057018565060423264
13 65 -0.015021693016175114
13 66 0.09333167316383878
13 67 -0.08523935231005686
13 68 0.15784332404716159
13 69 -0.057042902843871542
13 70 -0.13717268975799826
13 71 0.028007879206689026
13 72 -0.099813446525492844
13 73 0.029407149452975716
13 74 0.046846987331564109
13 75 -0.10075815290937577
13 76 -0.024255522777978957
13 77 -0.0038822010185172299
13 78 0.019538845594816816
13 79 -0.19191518425901555
13 80 -0.10093163789571696
13 81 -0.1361033558049306
13 82 0.037221286198147747
13 83 0.048970116751171695
13 84 0.028716335957927247
13 85 0.040966047977568157
13 86 -0.059338898285072786
13 87 0.12152778241058595
13 88 0.053008479963092443
13 89 0.00042083087733146564
13 90 -0.097324093824752878
13 91 -0.11958886997635287
13 92 -0.066168396512231969
13 93 -0.10453765980730492
13 94 0.039847137503458099
13 95 -0.030829468736279765
13 96 -0.12141136929495987
13 97 -0.013846449450986092
13 98 -0.039232849590971473
13 99 0.069865130448986984
13 100 0.061814798210011047
13 101 0.15724315204441255
13 102 0.071920856475752387
13 103 0.0053435990082980169
13 104 -0.05625494720766179
13 105 -0.10830317184686147
13 106 0.071168099435508211
13 107 -0.0030049164366201669
13 108 0.0084545356447993728
13 109 -0.034650409341391485
13 110 -0.082996877177045153
13 111 0.077076801738833037
13 112 -0.098892636801383743
13 113 -0.10849889681727247
13 114 0.048655720925594732
13 115 0.057121426820193756
13 116 -0.072037251829031798
13 117 0.0071888398028250129
13 118 0.021604706708087437
13 119 -0.18415157313543795
13 120 0.05072262198056391
13 121 -0.14791834154537636
13 122 0.0076461628154574062
13 123 -0.099780189328355862
13 124 -0.02170854413259515
13 125 -0.066701105351392717
13 126 -0.032865632986588018
13 127 0.22333515453098449
13 128 -0.028441473003536062
13 129 -0.014545098508845696
13 130 -0.17714327672472246
13 131 0.10882771650595707
13 132 0.007380996970981042
13 133 0.12371685853845624
13 134 -0.098632833069624615
13 135 0.025270103828695066
13 136 0.0032139413603209919
13 137 -0.089122402803033601
13 138 -0.14251430797418574
13 139 0.12987885709172264
13 140 0.1347945088325733
13 141 -0.009092527640185909
13 142 -0.027963653902596329
13 143 0.056902617300062429
13 144 0.061244716325348489
13 145 -0.038953237883936565
13 146 0.060803620869224563
13 147 -0.041701882767287368
13 148 -0.070079010828040883
13 149 -0.097883057029626214
14 15 0.10769187602681901
14 16 0.0053219749564030455
14 17 0.035070574617809477
14 18 -0.063064199302706972
14 19 0.0068849948519626074
14 20 -0.070185867282939227
14 21 -0.051287393545916264
14 22 -0.14311277920763499
14 23 0.040843890919665511
14 24 -0.053333891626475075
14 25 -0.056188427734755075
14 26 0.01835294938548156
14 27 -0.015972924121638744
14 28 0.0035746008611638627
14 29 -0.011264159753949878
14 30 0.075311453356471894
14 31 -0.10112884549339984
14 32 -0.086564597858462239
14 33 0.069103747327740495
14 34 0.07297404309869103
14 35 0.025706527700715427
14 36 0.051691705052424292
14 37 -0.012630166837788417
14 38 -0.068546989129154037
14 39 -0.000139957888497271
14 40 0.081507603732676515
14 41 -0.038061624161857863
14 42 0.029534822217034479
14 43 0.16101305291900195
14 44 -0.012424478905266694
14 45 0.0423432358557451
14 46 -0.13835200069809128
14 47 0.030259667952714217
14 48 -0.074359275960430696
14 49 -0.12256054834712396
14 50 -0.092037429322958969
14 51 0.032751002984448246
14 52 0.055395809270489045
14 53 -0.088454632819235213
14 54 0.044996080234282664
14 55 0.094456590393475912
14 56 -0.14010355795650647
14 57 0.014631287069052867
14 58 0.14039364560950515
14 59 -0.1298645382182122
14 60 0.058601603597130708
14 61 -0.071887369058089415
14 62 -0.12327268898570258
14 63 -0.047962212132695289
14 64 -0.069597691858329758
14 65 0.0033888499631992914
14 66 0.058433941037041706
14 67 0.082626590502744887
14 68 0.055483566153049689
14 69 -0.0098657327233062243
14 70 -0.080085462199714422
14 71 -0.05026750468773724
14 72 -0.059506581443256636
14 73 -0.097687754598792892
14 74 -0.14595915128908185
14 75 0.064287471804451352
14 76 0.06804360860425325
14 77 -0.040702921978685642
14 78 -0.060678013686676309
14 79 -0.16070674472677163
14 80 0.020953281576970299
14 81 -0.15394281002102311
14 82 0.034197584672597495
14 83 -0.089604889925545564
14 84 -0.024560540364028299
14 85 0.014414048650683464
14 86 0.067204030838317955
14 87 0.031656756887371545
14 88 0.039578235200772173
14 89 0.0707240845389768
14 90 0.06769756998104981
14 91 0.070888496005444349
14 92 -0.016108519069005674
14 93 -0.015126390648267112
14 94 -0.18895576412730158
14 95 0.194903363432924
14 96 0.0020563288256925587
14 97 -0.14916173351323694
14 98 -0.056746778534360096
14 99 -0.016701418031888012
14 100 -0.044535766065183315
14 101 -0.0098006869491020412
14 102 0.10100670833561631
14 103 -0.069715146423997981
14 104 0.0036022308387212106
14 105 0.1050938069749793
14 106 -0.11300342759727766
14 107 -0.066137659489366812
14 108 -0.0013176287756225739
14 109 0.059573462726908576
14 110 0.047738567581879963
14 111 -0.10848751812588947
14 112 -0.18855495500040673
14 113 -0.15146785453332468
14 114 -0.044381946621912347
14 115 -0.0058586292288096316
14 116 -0.024532423026385117
14 117 0.051096586898493876
14 118 0.051344835071847346
14 119 0.037378884673212362
14 120 0.08034910176282796
14 121 0.032688976933230807
14 122 0.047861755574395495
14 123 -0.013653495000844324
14 124 0.14498609316535094
14 125 0.055969703446760478
14 126 -0.10452885130860592
14 127 -0.053334166607544579
14 128 0.14826568376359223
14 129 0.0063090096432737207
14 130 0.051049376970138061
14 131 0.12703648488978458
14 132 0.11184623955031928
14 133 0.059931072086092031
14 134 0.11502917409031718
14 135 -0.064765919378733966
14 136 0.11645044736387559
14 137 0.056725786338299465
14 138 0.12464140184371417
14 139 -0.13247512678727491
14 140 -0.037135529408740688
14 141 0.0052034106957461312
14 142 0.022908637096809261
14 143 0.002874598833607086
14 144 0.049987723354514464
14 145 -0.022370207651272966
14 146 -0.042390510262744381
14 147 0.06504559869419145
14 148 -0.013562203217546776
14 149 0.025934221646886461
15 16 0.059440807387762418
15 17 -0.021844533303733819
15 18 0.089718816220049943
15 19 0.11483620774540761
15 20 0.052561730643996891
15 21 0.030316201703270942
15 22 -0.14208449002644785
15 23 -0.040460370885182777
15 24 0.090670834700961295
15 25 0.12104189203213402
15 26 0.14788457054484311
15 27 -0.072988739602915409
15 28 -0.071192432460489771
15 29 0.037080496027059782
15 30 0.11831964167302099
15 31 0.026498030575658891
15 32 0.051240718665913919
15 33 0.18126400863050032
15 34 0.11995505058941715
15 35 -0.10928140563836082
15 36 0.048731553120625389
15 37 0.12901942562879587
15 38 -0.00034401652114648441
15 39 -0.033933396918665752
15 40 0.027575212566587379
15 41 -0.15282565429638653
15 42 -0.071365905795371568
15 43 -0.0029871443853618637
15 44 -0.23375718844594084
15 45 -0.043088808875943435
15 46 -0.21125075127414353
15 47 -0.091930349788677451
15 48 -0.043438369058605444
15 49 0.039911215262252241
15 50 -0.068640961891963503
15 51 0.1492026509726129
15 52 -0.078369936490080824
15 53 -0.229601811211121
15 54 -0.11102859602367854
15 55 0.045155391274484633
15 56 -0.02364451761025179
15 57 -0.026559053284781652
15 58 0.022592249597683831
15 59 -0.15039272091812436
15 60 0.1833259262375157
15 61 -0.019169197025019007
15 62 -0.098003024506663622
15 63 -0.14654954565522471
15 64 0.0073473873229483837
15 65 0.023659622746179543
15 66 -0.0073745701437968273
15 67 -0.055444670997388125
15 68 -0.022565923321954902
15 69 -0.0052930130602525582
15 70 0.025753879944170135
15 71 0.0095003477710430741
15 72 -0.13102059694722226
15 73 -0.062834951183174073
15 74 -0.069498925376671308
15 75 0.020434270696689658
15 76 0.0079850010027654374
15 77 0.020841984977479903
15 78 0.012326323217077873
15 79 -0.0097512342161525916
15 80 0.12601550512317966
15 81 0.0059732630836474938
15 82 0.042685435642667607
15 83 -0.040611998890146266
15 84 -0.065248799874941435
15 85 0.078019669358924224
15 86 -0.026201726194610808
15 87 -0.075460289806370567
15 88 -0.1132470138165728
15 89 -0.03184116922828957
15 90 -0.079901921699983017
15 91 0.065363846808697793
15 92 0.042007313912139833
15 93 -0.19142341367292232
15 94 -0.038616336369243422
15 95 0.046904864690684583
15 96 -0.12281822656913564
15 97 0.017939737478205275
15 98 -0.053199930048033264
15 99 -0.047191909546715587
15 100 0.055290438043952492
15 101 -0.054705654394849416
15 102 0.1149953717309096
15 103 0.13678745101342649
15 104 -0.17626984477746677
15 105 0.19017895976841068
15 106 -0.07164209112446121
15 107 0.15296039131746583
15 108 0.041815264850386849
15 109 0.027367082591783463
15 110 0.024603343865352248
15 111 0.057034397964599727
15 112 0.014958542789586233
15 113 -0.15825700381319646
15 114 0.097075802872483102
15 115 0.1634271582733727
15 116 0.065924284761692875
15 117 0.097614156858772949
15 118 0.012156555734791064
15 119 -0.018149931593056987
15 120 -0.089010511804163098
15 121 -0.1512579917418129
15 122 0.078919000519358212
15 123 -0.064685328718758997
15 124 0.0036783712841436519
15 125 0.068795346508725333
15 126 0.020249593317172094
15 127 -0.011339410974822259
15 128 0.017891304416807131
15 129 0.024919367492558648
15 130 0.06161795996445546
15 131 0.077660062966568813
15 132 0.11539694133530906
15 133 0.039038674184293118
15 134 0.15172044240329938
15 135 0.085612419284996924
15 136 -0.067608381425476288
15 137 0.047198357061566269
15 138 -0.1354915086249727
15 139 -0.031432626859480964
15 140 -0.038303777106848499
15 141 -0.10148233608564571
15 142 -0.0051385170542648829
15 143 -0.10685650814336381
15 144 -0.10855195460491182
15 145 -0.023687861005986282
15 146 0.0059133442937608256
15 147 0.089848287585279477
15 148 -0.0025366898512501766
15 149 0.040045755807497127
16 17 0.049097378735791231
16 18 -0.10446624882790588
16 19 0.049437121545460157
16 20 0.011214835543320137
16 21 -0.077639282066644916
16 22 0.054408581845726653
16 23 -0.044534803338282178
16 24 -0.0017567092116422358
16 25 0.0090803345372800492
16 26 -0.03455908984095702
16 27 0.024982920972291302
16 28 0.055827875461142526
16 29 -0.023849805976957537
16 30 0.062761387780964378
16 31 -0.0045462273543559169
16 32 0.0053377206836388996
16 33 0.016378443820020301
16 34 0.033588134527900999
16 35 -0.031443242738144001
16 36 0.041556704974394572
16 37 -0.048026399305529703
16 38 0.028518398512426036
16 39 -0.089432485007074083
16 40 -0.01908687060938109
16 41 -0.06236424918310253
16 42 0.085899571047311288
16 43 0.03473525142893337
16 44 -0.043808059599860269
16 45 0.099145028466172597
16 46 0.03447689688607606
16 47 0.040954672243036373
16 48 0.028445657764251973
16 49 0.16017901136710669
16 50 0.01809625829311692
16 51 0.032485084164271497
16 52 0.015358375459094548
16 53 0.026048265133647004
16 54 0.090636130204199084
16 55 -0.081724818136964861
16 56 -0.021827147937882888
16 57 0.014089688976421103
16 58 0.17451257389108119
16 59 -0.097726103275071627
16 60 0.096178863912406154
16 61 0.24319157390958437
16 62 -0.062441188789934182
16 63 -0.019676231316374252
16 64 -0.035909845885696672
16 65 -0.13011561914273398
16 66 -0.083494415431976693
16 67 0.033839094701454978
16 68 0.061183797057423467
16 69 -0.070535959983492408
16 70 0.043323722438495922
16 71 0.23956816816770832
16 72 0.036559842412716224
16 73 -0.067302059207833803
16 74 -0.024765468490074664
16 75 -0.0024848737422949962
16 76 -0.046840508843190132
16 77 -0.078404599782043199
16 78 -0.020720414003725734
16 79 -0.030581551062899608
16 80 0.20889562114630203
16 81 -0.091930982783580334
16 82 -0.039192659256480522
16 83 0.063120670818971214
16 84 0.051754344236734945
16 85 0.038719322718298539
16 86 0.11476931160125042
16 87 -0.15333687674907059
16 88 0.026819741291307774
16 89 -0.22215161321879634
16 90 -0.02540052234702133
16 91 -0.077429124889661277
16 92 0.06898917729736187
16 93 -0.0060604753376394573
16 94 -0.10007414569580696
16 95 -0.096952425733864436
16 96 -0.096161504359037531
16 97 -0.0050715283814085537
16 98 0.001348774688395287
16 99 -0.13582535421372244
16 100 -0.12938591246370287
16 101 0.019788035675574051
16 102 0.028161650647696091
16 103 0.1170832763765992
16 104 -0.079022061422617973
16 105 0.076834024325934558
16 106 -0.013419172258421708
16 107 0.20150604112800058
16 108 -0.065543875693913123
16 109 -0.027190927937177187
16 110 -0.028775793791911478
16 111 0.065152884281696841
16 112 0.028872058238713715
16 113 0.045805044185015548
16 114 0.080326350230828125
16 115 -0.11594897863413201
16 116 0.029176034510466325
16 117 0.071622042012049331
16 118 -0.060452043340475214
16 119 0.083007044447637082
16 120 -0.13046988828816333
16 121 -0.042577304238678997
16 122 -0.10374801973118923
16 123 -0.11384861938132074
16 124 -0.11905652897763598
16 125 -0.067717020096521197
16 126 0.0021736354041767747
16 127 -0.0058990010194537156
16 128 -0.0039682510410580891
16 129 0.10213523459479083
16 130 0.08976870378034825
16 131 0.013579029178386322
16 132 -0.089237799571071516
16 133 -0.070995610154893071
16 134 -0.010229340112749414
16 135 -0.087839493306215391
16 136 0.053396735194663342
16 137 0.078617447990055461
16 138 0.017538816729923454
16 139 -0.014756766371026037
16 140 -0.020527225279721818
16 141 -0.10413971701794165
16 142 -0.053331618325070461
16 143 0.071221837076080999
16 144 0.014834138184016644
16 145 0.020891539632080014
16 146 -0.061107435348682293
16 147 -0.067645475950595821
16 148 -0.050038329728564777
16 149 0.0072872048798117905
17 18 0.066110580614694603
17 19 0.074482310318554179
17 20 -0.018361082072453388
17 21 0.074541966678669067
17 22 0.11188385403819491
17 23 0.012317803693545206
17 24 0.035386354913323786
17 25 0.079736344513476359
17 26 0.00056999752207582402
17 27 0.095204999433281978
17 28 -0.052702374956639063
17 29 -0.063349127056818902
17 30 -0.12887972981228957
17 31 -0.049747815099697341
17 32 0.0071449314006602786
17 33 -0.060390534958641322
17 34 0.10883671076971617
17 35 -0.078583080628989235
17 36 0.042141440688628067
17 37 -0.052727582060884841
17 38 -0.017049483845486046
17 39 0.077999166747784662
17 40 -0.011536507994354709
17 41 0.079665938886060703
17 42 0.036827533034818019
17 43 0.088294313762618509
17 44 0.035558480669014146
17 45 0.18865994745130579
17 46 0.060982055466836702
17 47 -0.092052870671695944
17 48 -0.010744705604991087
17 49 -0.15727774800809038
17 50 -0.0050733984137447726
17 51 0.11841065231828449
17 52 0.079764175896623643
17 53 -0.044140949315934305
17 54 -0.018990343676140803
17 55 -0.077434673495128017
17 56 0.068284317930023222
17 57 0.030107263711667522
17 58 -0.029861082846869162
17 59 0.051436436050853296
17 60 -0.079361492168138204
17 61 -0.055958897400490065
17 62 -0.021053984270168274
17 63 0.050276349131368019
17 64 -0.080981330986437394
17 65 0.093963037380748154
17 66 -0.11213310776051844
17 67 -0.012986351878529903
17 68 -0.09316516702132073
17 69 -0.025116716500107019
17 70 0.010589376682324573
17 71 0.0079898575029776434
17 72 0.010601281283705214
17 73 -0.10898293876659637
17 74 -0.23053788254568175
17 75 0.090123525747738492
17 76 0.17776283010985863
17 77 0.16351566882633792
17 78 0.14921999047121279
17 79 -0.032814064105664606
17 80 -0.098577839706724291
17 81 0.10652046517470935
17 82 0.14792230190242553
17 83 -0.059472145905794742
17 84 -0.17629458627194225
17 85 0.035599240354383735
17 86 0.053979689822138029
17 87 0.18875581534436184
17 88 -0.11913572937389538
17 89 0.045599904024663365
17 90 0.051720095883206078
17 91 -0.11111671221353291
17 92 0.022748459886605458
17 93 0.10240019330098429
17 94 0.021686705692202723
17 95 0.079495635102821247
17 96 -0.096113233659716038
17 97 -0.11394062079836062
17 98 -0.18053583977457824
17 99 0.081486704612908967
17 100 0.05154411865709569
17 101 -0.062368652405626855
17 102 0.037566986516507174
17 103 0.12752609542686025
17 104 0.032339570997502169
17 105 0.08310863991992494
17 106 0.047127207070725562
17 107 -0.10682251154608936
17 108 -0.14996983417458601
17 109 -0.13255803222475329
17 110 -0.035374322766055045
17 111 0.070098799744384016
17 112 -0.1851871663017696
17 113 0.13040217255170716
17 114 -0.069337177451356577
17 115 -0.0098145112447279009
17 116 0.1024124121106174
17 117 -0.093924567482705792
17 118 0.05858716103526692
17 119 -0.043044620353897042
17 120 0.046069751000777634
17 121 -0.077857955232273277
17 122 0.024541159381734953
17 123 -0.053940540788188301
17 124 -0.061019762721384402
17 125 0.071042688212375235
17 126 0.020192348818920038
17 127 -0.0036263023717882812
17 128 -0.11012752579317817
17 129 0.068777719016106728
17 130 0.044151019423036314
17 131 0.014595971082035347
17 132 -0.0069200725627320842
17 133 0.090060127405840601
17 134 -0.10868040955995763
17 135 -0.041967240898158814
17 136 -0.21373526455494712
17 137 0.10335213431382055
17 138 -0.014021881758841547
17 139 -0.004495089134646804
17 140 0.021695220145498136
17 141 -0.054976486670093083
17 142 -0.034299653965805935
17 143 0.1204744302423449
17 144 -0.016769434519558278
17 145 -0.017726854674392601
17 146 -0.0035158487715989135
17 147 0.032956964930337715
17 148 -0.09034334063056107
17 149 0.17264165204727655
18 19 0.05527115138034025
18 20 0.045394710962630223
18 21 -0.10842311706986474
18 22 -0.091641462854223976
18 23 0.21536999148192909
18 24 -0.049160929587890853
18 25 0.076681601455581463
18 26 -0.031696672332075515
18 27 0.1458179032309114
18 28 -0.040481963462289577
18 29 0.083598390075201284
18 30 -0.13598653888107617
18 31 0.018667086953796427
18 32 0.14322105630867793
18 33 0.0011475244152216947
18 34 0.083483407324914216
18 35 0.021999026579144338
18 36 0.10640832579676758
18 37 0.056926397957289265
18 38 0.072054930967732883
18 39 -0.0083862030411487355
18 40 -0.13276797486293762
18 41 0.1036137378677246
18 42 0.1320789366038419
18 43 -0.12045355570299504
18 44 -0.22564340000991781
18 45 -0.0013220933076102579
18 46 0.049768314423743125
18 47 -0.17368952142177935
18 48 -0.10942074120704182
18 49 0.091964596976223348
18 50 0.048523240318561735
18 51 -0.011842345008118567
18 52 0.0067090627422831421
18 53 -0.026428848522742021
18 54 -0.050258954441946321
18 55 -0.033615309164611119
18 56 -0.032205889447106881
18 57 0.0012116295520219604
18 58 0.070340915359592637
18 59 0.030585203824239196
18 60 -0.12326865532578228
18 61 0.034915274090576265
18 62 -0.011071328746579167
18 63 0.032028322249927854
18 64 0.10582236067141197
18 65 0.058283455453357419
18 66 -0.060420262407357213
18 67 0.065590542933196286
18 68 0.054343476473520315
18 69 -0.062837753048873832
18 70 -0.029997854390274997
18 71 -0.14722423945085353
18 72 -0.026386230977991417
18 73 0.11423916540426261
18 74 0.11223249393220792
18 75 -0.054895618811510082
18 76 0.051089179612333661
18 77 -0.097826053084423381
18 78 -0.13293453781402187
18 79 0.075484300635647303
18 80 0.0050587515607867948
18 81 0.12569645362516416
18 82 -0.054116717964740255
18 83 0.016648540497036422
18 84 0.062303543574571747
18 85 0.072090013598281127
18 86 0.0013351174633164879
18 87 0.010371153439795033
18 88 0.16121964446325399
18 89 0.15977544781225009
18 90 -0.038452721209828761
18 91 0.013614535114671103
18 92 0.018078789229263748
18 93 -0.089561525799023697
18 94 0.0062048127362468565
18 95 -0.020993577823256237
18 96 0.026934568853415018
18 97 0.076418980838012157
18 98 0.079068539658947223
18 99 -0.033964596349264228
18 100 0.057332752966184321
18 101 0.07825311616783194
18 102 -0.022270021705915129
18 103 -0.022432828475112753
18 104 0.067232113172359914
18 105 0.034065701874639483
18 106 -0.055985801369865952
18 107 -0.014229053891160123
18 108 0.11303872118527859
18 109 -0.018238324312931445
18 110 -0.015263764541620383
18 111 0.020932021220401744
18 112 -0.15701179392469231
18 113 -0.14808909244390606
18 114 0.0288603480948652
18 115 0.091556871303121026
18 116 -0.058761557095874842
18 117 0.030287207469238284
18 118 -0.023771371519467632
18 119 -0.0074842455624340278
18 120 -0.010485730970993425
18 121 -0.067374212542335624
18 122 -0.043101719079552056
18 123 0.040204889873532261
18 124 -0.074567668336080417
18 125 0.094864224151661292
18 126 0.026590385945401231
18 127 -0.026091564180474165
18 128 0.029977066944015755
18 129 0.053937303351828218
18 130 0.060358887755512479
18 131 0.11993303366829618
18 132 -0.050061414534777651
18 133 0.0058230630066489234
18 134 -0.0069178037425834506
18 135 -0.036564771542818723
18 136 -0.019326111911484187
18 137 0.060157298786863433
18 138 -0.026601119027982109
18 139 -0.08997243461862571
18 140 0.06471643133025104
18 141 -0.069253753774134619
18 142 -0.050718604345643119
18 143 0.012693772270473485
18 144 -0.13315486839251331
18 145 0.16870403189160649
18 146 -0.091465310548436943
18 147 0.0054916709059530302
18 148 0.05069677220501994
18 149 -0.025129987424903449
19 20 -0.19195723936465514
19 21 -0.091718577689046024
19 22 -0.18103113160581555
19 23 0.010004712355288136
19 24 -0.056380019239469961
19 25 -0.13648674353391391
19 26 -0.089265539490172796
19 27 0.11484384375644492
19 28 0.041808091573205919
19 29 0.13485169935461552
19 30 0.051476560028096675
19 31 -0.11218567583381847
19 32 -0.041154930616024765
19 33 -0.11456259085535721
19 34 -0.01080478762802212
19 35 0.0436096753360437
19 36 -0.065418946756253191
19 37 -0.031817848390004289
19 38 -0.088124031437745276
19 39 0.028985915874168145
19 40 0.04825846705795566
19 41 0.053853730939170223
19 42 -0.068778434523319193
19 43 0.035134814345019763
19 44 -0.025317911016853049
19 45 -0.036788319678134167
19 46 0.22520857890780122
19 47 0.02876091337325095
19 48 0.003386766120700292
19 49 -0.084649187554672989
19 50 -0.091042798929950153
19 51 0.063868506383346957
19 52 -0.20047629788280108
19 53 -0.016251103170751562
19 54 0.016165231030348552
19 55 -0.022067855036663579
19 56 0.011958941950392531
19 57 0.024776003198002574
19 58 0.054465522492158185
19 59 -0.086931405262200903
19 60 -0.046552344116492582
19 61 -0.010343828233886196
19 62 0.049079721888537521
19 63 -0.046462815303962533
19 64 -0.075944222726928662
19 65 -0.037878565429531989
19 66 0.016056861031304638
19 67 -0.032391907862855417
19 68 -0.05804448160363887
19 69 -0.073813438085959915
19 70 -0.062147750227528838
19 71 0.082698799170376314
19 72 -0.1029691344596723
19 73 -0.045034309876775917
19 74 -0.11191381668856744
19 75 -0.038305778901648158
19 76 0.0042702485733083183
19 77 -0.016022277242628474
19 78 -0.014567909554297416
19 79 -0.11901830532259038
19 80 -0.030377064742168048
19 81 0.18193300816618888
19 82 0.13616715371914606
19 83 0.1431370718404634
19 84 0.041940506054271381
19 85 -0.046549795270331804
19 86 0.031714156528378855
19 87 0.030916648985092825
19 88 0.11897699296138477
19 89 0.057186898759259495
19 90 -0.024758836213958888
19 91 -0.05089543181941434
19 92 0.046986393143614517
19 93 0.04817282147570881
19 94 -0.068368644282262983
19 95 -0.065286223963379617
19 96 0.064561555141903995
19 97 -0.020989782019854519
19 98 -0.041801445651800939
19 99 0.11683158101240189
19 100 0.085224683603382298
19 101 0.09517802094448026
19 102 0.037096126960735394
19 103 0.051682832044916444
19 104 0.12982555248237845
19 105 -0.045753266575656905
19 106 -0.031005383688328822
19 107 0.043612597718728538
19 108 0.084069133050305889
19 109 -0.10757858838410059
19 110 0.03405141870769348
19 111 0.096213442310066344
19 112 -0.045598805873911977
19 113 0.093282578676858241
19 114 -0.015866283609808077
19 115 -0.0068184415121990017
19 116 0.048141913816088261
19 117 0.14059182473997078
19 118 0.001983495651415027
19 119 -0.11107410662538632
19 120 0.08295470507532729
19 121 -0.14222317682080099
19 122 0.077995254507721337
19 123 -0.0085793364182023962
19 124 -0.15684634156799174
19 125 0.052536576697198543
19 126 0.010786667677952824
19 127 -0.11773290195444301
19 128 -0.0061596524891405153
19 129 0.11330036459643957
19 130 0.021285317402101905
19 131 -0.085095306828750827
19 132 0.11790711342904871
19 133 0.025917525998303378
19 134 -0.062050809095891411
19 135 0.16079259946945842
19 136 -0.01790722689771965
19 137 -0.0092358259973707429
19 138 -0.10451834747132913
19 139 0.043780432498343076
19 140 -0.012690256058157434
19 141 -0.016908872642995905
19 142 0.013978815723055689
19 143 -0.13243500979967518
19 144 0.062898386582618079
19 145 -0.20024624631367405
19 146 0.0056464052806433612
19 147 0.074078748145710263
19 148 0.00038543199132841816
19 149 0.060781685856007073
20 21 -0.01184100858252566
20 22 0.046999402645470242
20 23 -0.10852893763662605
20 24 -0.041559815755080352
20 25 -0.042799949293624816
20 26 -0.0018682653788900218
20 27 -0.056009628418942643
20 28 0.045385778446825897
20 29 -0.062150606662210069
20 30 -0.12627419395159406
20 31 -0.12126110512573444
20 32 -0.045635885836136002
20 33 -0.069126013571660039
20 34 -0.068533650050593975
20 35 0.052545054547161033
20 36 -0.061217320042626651
20 37 0.028457720016945978
20 38 -0.099980954172440933
20 39 -0.044054575810602299
20 40 -0.05518728278499576
20 41 0.068827265002710233
20 42 0.11119825411904449
20 43 0.0098618392680561266
20 44 -0.034408112021759613
20 45 0.053576868391670647
20 46 0.11062616868977622
20 47 -0.20051274862573307
20 48 0.1102391891972887
20 49 0.0078717100716562578
20 50 -0.060196197713397639
20 51 0.05644027727213087
20 52 -0.017702091957615237
20 53 0.050436367401492481
20 54 -0.12467633426447963
20 55 -0.07565547123959275
20 56 0.1030990392191157
20 57 0.20734413465482179
20 58 -0.066198132692867021
20 59 -0.019267511791681374
20 60 0.0022752237418122109
20 61 0.082026603624852951
20 62 0.024165180911196956
20 63 0.10523458876002756
20 64 -0.021592483069927133
20 65 -0.12324325350622954
20 66 0.0030939694910631596
20 67 -0.036190844327597012
20 68 -0.043198754872941732
20 69 -0.11068009290631427
20 70 -0.11481229375876205
20 71 -0.14621961865072605
20 72 0.10264126627094786
20 73 0.01929736304840541
20 74 -0.088876534821251921
20 75 0.11525759775737232
20 76 0.055763884870923298
20 77 -0.080026472012601241
20 78 0.19559662638149602
20 79 -0.024493562781070361
20 80 0.096196667902873081
20 81 -0.063223034118949945
20 82 -0.084780427800650912
20 83 0.0181066823981696
20 84 -0.14365109029549872
20 85 -0.095291640774924913
20 86 0.057013538701270537
20 87 0.080257135021276974
20 88 0.022198233544059566
20 89 0.005999797844601586
20 90 -0.042345595266846815
20 91 -0.10974372061212767
20 92 0.068007305240133167
20 93 -0.068198372862875639
20 94 0.013676710790314357
20 95 0.1065974554372006
20 96 -0.072291979471559339
20 97 -0.066258188356064576
20 98 -0.043735429900585959
20 99 0.0095897853764444416
20 100 0.067032425434405893
20 101 0.01728688602470186
20 102 -0.02690760476508474
20 103 -0.11803219121081396
20 104 -0.082998204405412779
20 105 -0.14993730592913557
20 106 -0.039400483568895216
20 107 0.067394030933431673
20 108 -0.069890104610405152
20 109 -0.17725875160286533
20 110 0.072037547042061834
20 111 -0.055624803981852503
20 112 -0.10479880075156575
20 113 -0.010539995512326787
20 114 -0.016431114361346612
20 115 -0.011480103666898403
20 116 0.020497470329269081
20 117 -0.018417045970303195
20 118 0.17104253437631722
20 119 0.094208040356541539
20 120 0.021084546582664381
20 121 -0.023565292182328886
20 122 -0.067251154178455536
20 123 -0.068683995502168291
20 124 -0.13910338869539815
20 125 -0.018751754110559179
20 126 0.0016355483105820483
20 127 0.012694572960441857
20 128 -0.052113074053846534
20 129 -0.048829333567966267
20 130 0.040438866414190637
20 131 -0.011079722644006789
20 132 0.021592652199195188
20 133 -0.087026377667652408
20 134 -0.01198668825756821
20 135 -0.0057618902919780715
20 136 0.073600337486936313
20 137 -0.044915656203856916
20 138 0.049349723742121585
20 139 -0.010479225660094058
20 140 0.099146503858448046
20 141 0.051829274872339591
20 142 0.13538755949575579
20 143 -0.17665130123059322
20 144 -0.025630670166066714
20 145 0.035567273164590699
20 146 0.20978887147147537
20 147 0.087969941878666247
20 148 -0.013480515734001825
20 149 -0.060836695940334064
21 22 0.071168145635370036
21 23 -0.0064084433181250972
21 24 -0.010244054560501986
21 25 -0.060475265326567176
21 26 0.1457319591072839
21 27 0.016557307577630537
21 28 -0.0036458247708524537
21 29 -0.076014491087310246
21 30 -0.11130843446376704
21 31 -0.0091715495889386177
21 32 -0.037416010597439792
21 33 -0.0023714007485551962
21 34 -0.14133556181385515
21 35 0.056309136616434823
21 36 -0.0017518964805446526
21 37 -0.040196610343066826
21 38 0.20536675772506413
21 39 -0.023928226295881157
21 40 -0.061544163957179494
21 41 -0.043632389313432413
21 42 0.0414702740286199
21 43 0.12884652704111718
21 44 0.02977520705047516
21 45 0.016750646527404298
21 46 0.088059500634342563
21 47 -0.014329975219306006
21 48 -0.028758172467906198
21 49 0.034423223898461836
21 50 -0.15666832924113125
21 51 0.0093123090035926517
21 52 -0.082504383251749552
21 53 0.05212131780475019
21 54 -0.0070730344436652085
21 55 -0.019930593918982241
21 56 0.092631304523121002
21 57 -0.049232978199491496
21 58 0.020420897064323346
21 59 -0.091214542177248364
21 60 -0.012890278750729263
21 61 0.058510426505989033
21 62 0.06583466817886105
21 63 0.087362323394885061
21 64 0.087072105767969116
21 65 0.043569978126671308
21 66 0.093391070057349215
21 67 -0.096991221003802613
21 68 0.034174923830852015
21 69 0.0074492774801643456
21 70 -0.019684274417050313
21 71 -0.050920543151769811
21 72 0.14872505427181493
21 73 -0.06589247390306513
21 74 -0.15430416233454683
21 75 -0.02371058000752229
21 76 0.035364301700368292
21 77 -0.025352736516988206
21 78 0.097028939536200037
21 79 -0.080613236506688224
21 80 0.026470488945342072
21 81 0.013778721250887032
21 82 0.13700199985100228
21 83 -0.086913054794680297
21 84 0.042124884475410934
21 85 0.063384415453621876
21 86 -0.079088899385506256
21 87 -0.11707479320384118
21 88 -0.18985860382044778
21 89 0.013712673271260382
21 90 0.12024818118181471
21 91 -0.011126822474743855
21 92 0.018777651820675711
21 93 0.051446441468708144
21 94 0.096564335851883426
21 95 0.0062007745240522652
21 96 0.015466922130348042
21 97 0.05057319149427008
21 98 0.048494897363556604
21 99 0.0352065907198831
21 100 -0.088004956408556032
21 101 0.070071969263641926
21 102 0.18109042990165627
21 103 -0.02005386006020466
21 104 -0.020430279812491823
21 105 0.016835431874665401
21 106 0.18435996684611186
21 107 -0.072749043689324527
21 108 -0.11738963386351441
21 109 0.01923294499346535
21 110 0.0058239932810460974
21 111 -0.024114932219452094
21 112 -0.18859194504994134
21 113 0.013805770511379213
21 114 0.11134102137805665
21 115 -0.13266683854835676
21 116 -0.019741169970491412
21 117 0.070149233196298094
21 118 0.085572276295920943
21 119 -0.032276017296029316
21 120 -0.040515199460201115
21 121 -0.048031239466333281
21 122 -0.02227429578230181
21 123 -0.015924331947740771
21 124 0.073469000965316125
21 125 -0.067577207373228546
21 126 0.056517542940452373
21 127 0.011232309803737498
21 128 0.089537782672660077
21 129 -0.087851730743021106
21 130 0.084887164763505746
21 131 -0.075597078124109124
21 132 0.055731242968493098
21 133 0.016200008123170725
21 134 -0.0043480712519707691
21 135 0.053054189934531495
21 136 -0.021885756695216654
21 137 0.013154833611564047
21 138 -0.086403571981662278
21 139 0.0104696067618694
21 140 0.04746405816532577
21 141 0.041019610898556665
21 142 -0.086264458126580193
21 143 -0.047112025174648062
21 144 -0.044999103666355914
21 145 -0.15165257379195302
21 146 0.095196570144072873
21 147 0.0032628536544114942
21 148 0.097759167662914287
21 149 0.20501812229671096
22 23 0.032640643834193142
22 24 0.022631565756228669
22 25 -0.02407335224392065
22 26 0.05562747386057193
22 27 -0.050273905896825323
22 28 -0.02712742244352797
22 29 0.035595082776074358
22 30 0.010276068547313741
22 31 -0.04227832478029607
22 32 0.049363140647676676
22 33 0.047465355467668724
22 34 -0.12897951499366089
22 35 0.081265897166967624
22 36 0.017721306428207052
22 37 0.029653089107068625
22 38 -0.067030374983467728
22 39 0.092437852218472269
22 40 0.11776974244444928
22 41 -0.017998399069702277
22 42 0.075120133579641493
22 43 0.043750126993777054
22 44 0.10258779067953389
22 45 0.070876617483053864
22 46 -0.048181730107770208
22 47 -0.0088223430590756921
22 48 0.096728550817705802
22 49 0.053476512032389165
22 50 -0.062522653586054508
22 51 0.064901604796548981
22 52 0.026078176090585034
22 53 -0.04235303447652515
22 54 -0.039076167270047847
22 55 0.092052525880213842
22 56 0.07708090521380713
22 57 -0.077376163213482438
22 58 -0.015777880871705573
22 59 0.03987826393604834
22 60 -0.10476939878458305
22 61 -0.091563615258552042
22 62 0.19267405793265438
22 63 0.10297154634081285
22 64 -0.018247168050709896
22 65 0.051660086523579132
22 66 -0.048435528415760966
22 67 -0.15272961298591811
22 68 0.11616934197850307
22 69 0.05690435700979609
22 70 -0.011560981233704465
22 71 -0.10828439291700927
22 72 0.083015376294089227
22 73 0.025190869070986523
22 74 -0.086629746300727672
22 75 0.087063134244719551
22 76 -0.12836539489619092
22 77 -0.092765255428132048
22 78 0.023380731155882396
22 79 0.01839525485764865
22 80 0.024114031045203196
22 81 -0.021047618284033783
22 82 -0.066330916566515422
22 83 -0.058982371555860273
22 84 -0.041479113268668738
22 85 -0.017132417183451543
22 86 -0.093690233608152637
22 87 0.025948208498248002
22 88 0.038186062926316135
22 89 -0.008750971654502308
22 90 0.047560691994073735
22 91 -0.029271144212751756
22 92 -0.0039438825013480474
22 93 -0.0091993799804639519
22 94 0.079182756750852193
22 95 0.029146931161199142
22 96 -0.00746504275056061
22 97 -0.072974391591192678
22 98 0.018233393961378415
22 99 -0.13598008473783213
22 100 0.13006238070581266
22 101 0.080485387643534356
22 102 0.10741694647067239
22 103 -0.002709322698876011
22 104 0.14198480484359385
22 105 0.061687450800036354
22 106 -0.0071951984054139887
22 107 0.017981812122027978
22 108 -0.10999611925813238
22 109 0.014489623233000055
22 110 -0.053511135562207088
22 111 0.12292532843851531
22 112 -0.13945790458332991
22 113 -0.078966234280425415
22 114 0.010205289347438503
22 115 0.057406782679933217
22 116 0.026958031953090746
22 117 0.0081093815107330866
22 118 -0.059533169599797833
22 119 -0.11140246350823796
22 120 -0.024941785797899428
22 121 0.061221993900242494
22 122 -0.15301936912864919
22 123 -0.037975553017625174
22 124 -0.069223325581030698
22 125 -0.064840455655593307
22 126 0.10628724045933141
22 127 -0.0018497577692280791
22 128 -0.0083718134099969015
22 129 0.018474185772209835
22 130 0.060491515732645856
22 131 -0.084124842968077373
22 132 0.033457047920371845
22 133 -0.15601653140141261
22 134 0.045929234441099955
22 135 0.1096076288684798
22 136 0.015552430291042668
22 137 0.12603538294474984
22 138 0.13701709518494845
22 139 -0.039088496427519111
22 140 -0.15059149498656887
22 141 -0.095879828161305636
22 142 -0.074960479258780202
22 143 0.051721554288384437
22 144 0.26257248112838627
22 145 0.0066219438257213957
22 146 -0.0013302479431836546
22 147 -0.14995912592543051
22 148 -0.082615586622785259
22 149 -0.0033857962696907731
23 24 -0.084055497832902046
23 25 0.049765356345426677
23 26 -0.055541353146412037
23 27 -0.022459980877269626
23 28 -0.0044177741184186353
23 29 -0.10065114821952956
23 30 -0.061383880996520389
23 31 -0.062343932136965832
23 32 0.041035062905251024
23 33 -0.054634795967475731
23 34 -0.11822097517132127
23 35 -0.15792492496604052
23 36 -0.19845122707869667
23 37 0.031814330907593565
23 38 -0.036134910195217876
23 39 0.077914261099435778
23 40 0.024599160421325109
23 41 0.12064608578264421
23 42 -0.063100956765903743
23 43 0.021160657664046005
23 44 0.060844679664613883
23 45 0.024011698747918812
23 46 -0.0068314534211341765
23 47 0.17093606318026122
23 48 -0.020065517096837873
23 49 0.061360341342178472
23 50 -0.012715043977605716
23 51 -0.0080209242876730282
23 52 -0.011125978083697032
23 53 -0.02255716251982718
23 54 -0.069245834027534869
23 55 -0.023852767688198936
23 56 -0.072323811441496619
23 57 0.071594954724494855
23 58 0.076212024521769589
23 59 0.04967412757631761
23 60 0.035754934800445469
23 61 0.10470017386955645
23 62 0.031556139956204883
23 63 -0.030232282107991986
23 64 -0.13544598976452854
23 65 0.076591011531578296
23 66 0.10208501778111023
23 67 -0.069539450789203316
23 68 -0.1459079262550026
23 69 -0.052494064944139017
23 70 -0.10689452603489057
23 71 0.07730636560187408
23 72 0.0038920890605905691
23 73 -0.074154089604225218
23 74 0.088453553999236267
23 75 0.0046825916349039001
23 76 0.027636752760040691
23 77 -0.023589451912775825
23 78 -0.027683538165464046
23 79 0.042731954087364958
23 80 0.080290240142194838
23 81 0.044023004582929917
23 82 -0.029420402579906788
23 83 0.057649043089902235
23 84 0.015081140900317617
23 85 -0.060541865227490312
23 86 -0.0051949339484633301
23 87 0.15441444269098289
23 88 -0.058582425581989693
23 89 0.060537178127682188
23 90 0.084866575928282686
23 91 0.044199557181302099
23 92 0.019844905318756489
23 93 0.063014432979923735
23 94 -0.022625204615580503
23 95 -0.023611342481163099
23 96 0.0018335010421258024
23 97 0.046950174042974052
23 98 0.14226779403961015
23 99 -0.042642629979337647
23 100 -0.10105086701057704
23 101 -0.0096299159166018129
23 102 0.084425303391671619
23 103 0.083518125245790498
23 104 -0.12713552233383943
23 105 0.069950843971284885
23 106 -0.076408616572028826
23 107 -0.088486652692466347
23 108 0.015220533936445773
23 109 0.068506887081460771
23 110 0.029643019158725668
23 111 0.070925608151815256
23 112 -0.0078045009268292971
23 113 0.059534930557898831
23 114 0.046978787709156318
23 115 -0.0079844477611035886
23 116 0.01833519373230412
23 117 0.023882066359312202
23 118 0.057279045081073079
23 119 0.12997759083743246
23 120 -0.040694718385481478
23 121 -0.01093073076477992
23 122 -0.057979690893734767
23 123 -0.056238757610566271
23 124 -0.015712670792605524
23 125 -0.13986704787071988
23 126 -0.10211524957751018
23 127 0.12063082586939143
23 128 -0.12032817190438568
23 129 0.019581666397165416
23 130 0.028060343039545455
23 131 -0.071405789585192142
23 132 0.093848315980981159
23 133 -0.09711268491405349
23 134 0.083263299586615935
23 135 0.024223161170847801
23 136 0.032338772778349928
23 137 -0.094086177851806618
23 138 -0.13050787939583638
23 139 0.041416250472475546
23 140 0.11165918947122125
23 141 0.1299675648521767
23 142 -0.028460212344762995
23 143 0.14850037041326772
23 144 -0.065855644330090723
23 145 -0.096869423629236964
23 146 -0.030254896733191042
23 147 0.053605164522050434
23 148 0.046290709209499209
23 149 0.02958735372552395
24 25 -0.087388250545877941
24 26 0.033626998275351164
24 27 0.13405603500170388
24 28 0.0028325867625101759
24 29 -0.007460721653873255
24 30 -0.00055492131969833952
24 31 0.05006638276210712
24 32 0.022657924146223765
24 33 0.038327946951532132
24 34 -0.063309458834320376
24 35 -0.17123143437173188
24 36 -0.099863256406106604
24 37 0.036267749997565338
24 38 -0.068794735396789611
24 39 0.16384442837555804
24 40 -0.06513350495131201
24 41 0.13025491870648059
24 42 0.082890827728471422
24 43 0.0071764522111336521
24 44 -0.025456306700057541
24 45 0.072277106248321302
24 46 -0.13163770690904941
24 47 -0.06678419309967347
24 48 0.1537041756027443
24 49 0.084628614119091145
24 50 0.044912488899916753
24 51 -0.034018005878181545
24 52 0.06483705679227432
24 53 0.018060935727716561
24 54 0.065731242567853718
24 55 -0.017148777981856038
24 56 0.055021261013581783
24 57 -0.014567149599673059
24 58 -0.098000204507823874
24 59 0.023390394003517782
24 60 -0.034261275358369175
24 61 0.023803090350024859
24 62 0.067442930768395012
24 63 -0.0026057755493372929
24 64 0.037250066986781016
24 65 0.0034672860023854399
24 66 0.086239471587107652
24 67 -0.051923250909801461
24 68 0.028026901066277785
24 69 0.010182658325625054
24 70 0.16417108265907396
24 71 -0.007988224469838219
24 72 0.009635586296096392
24 73 -0.087533980808438702
24 74 -0.011337524939610166
24 75 -0.017333230519939884
24 76 0.021951654226697113
24 77 0.1043172576987469
24 78 0.046946798220016774
24 79 -0.039065304547673256
24 80 0.11887089399771439
24 81 -0.026264402223906275
24 82 0.042171158311810356
24 83 -0.13020083815470629
24 84 -0.021314687288819942
24 85 -0.064149616721950395
24 86 -0.11607328103085543
24 87 -0.0042580702015011934
24 88 -0.090038165562086464
24 89 -0.071275723741666658
24 90 0.092500475003318108
24 91 -0.017742135850062565
24 92 0.082971755028038136
24 93 0.0575832977732183
24 94 0.051864616098997236
24 95 0.0014014808606937108
24 96 -0.064191752339938762
24 97 0.0809449372414872
24 98 -0.15830205095233763
24 99 0.13927867014539169
24 100 0.027795135571710716
24 101 0.12133804897438145
24 102 -0.022810708967008413
24 103 -0.042945067731757582
24 104 0.043823858697814327
24 105 -0.13765817244098513
24 106 -0.053171401068459939
24 107 0.094241294888592633
24 108 0.059311765080211076
24 109 0.025136791356171719
24 110 -0.047452554163703038
24 111 0.027078116705930348
24 112 -0.0037745692595892804
24 113 0.024409748375754228
24 114 -0.072839749311419594
24 115 0.072939082602006128
24 116 0.071464618380179992
24 117 0.076858129509595308
24 118 0.034967975192418121
24 119 -0.019035802365453193
24 120 0.082493439293057441
24 121 0.13237194637826483
24 122 0.075333367757269065
24 123 -0.07179080041446341
24 124 0.010059041847542792
24 125 0.00606725089984837
24 126 -0.017528081219754993
24 127 0.070403906589733931
24 128 0.042786953234868849
24 129 0.081974466383690631
24 130 0.02282812002859929
24 131 -0.074579516855379502
24 132 -0.058221469140639359
24 133 0.14852219738129699
24 134 0.075202345070859059
24 135 0.063695239566267714
24 136 0.050145014714437115
24 137 -0.11796385975941821
24 138 -0.010894396519483634
24 139 -0.067363746475713054
24 140 0.085043378502093175
24 141 0.010741010173710899
24 142 -0.030557861244223185
24 143 0.0052147331154955906
24 144 -0.048799762282385979
24 145 -0.10886898442868347
24 146 0.13470809695679564
24 147 -0.057331281972445414
24 148 0.021872701513005313
24 149 -0.11654897489424791
25 26 0.048446449146930748
25 27 -0.11931515615785533
25 28 -0.073849435408059882
25 29 0.017342628946913224
25 30 0.10213441030710742
25 31 0.035816089200878809
25 32 0.091382330077654131
25 33 0.012784028539969815
25 34 -0.065777581333899923
25 35 0.023951973230924229
25 36 -0.11433364151920075
25 37 -0.13460209438185355
25 38 0.026203808848005543
25 39 0.0084874173391030847
25 40 -0.10017265186467196
25 41 0.001365094697207612
25 42 -0.04736955175294693
25 43 0.0049088278160882674
25 44 -0.021702427328914767
25 45 -0.035514280748485658
25 46 -0.026393142930498357
25 47 -0.01147558701637429
25 48 0.028580300040751933
25 49 0.035541023493339888
25 50 -0.13947737876910007
25 51 0.10553156265043108
25 52 -0.084810277566918932
25 53 0.0097554494511172193
25 54 0.076966109114463985
25 55 0.056515439490423092
25 56 0.012839419223090271
25 57 -0.026716717152347254
25 58 0.0010728568838260146
25 59 0.12077290077864422
25 60 0.11256988040724572
25 61 0.1216118037401171
25 62 -0.05811516259794882
25 63 0.074295492057949025
25 64 0.049681776448006205
25 65 0.025514317756877951
25 66 0.034280830881656656
25 67 0.013576630928993845
25 68 0.034956121033723322
25 69 0.15638016109420666
25 70 0.088033340736960952
25 71 0.10923335093640983
25 72 0.13623951436121409
25 73 -0.076368480653751653
25 74 0.0037441317539460206
25 75 -0.062353488338787309
25 76 0.069344563682135846
25 77 0.089775362826060801
25 78 0.044716826484243709
25 79 -0.053115205418090353
25 80 0.058556293525424373
25 81 -0.0580629005952841
25 82 0.0041929843594703071
25 83 -0.081704545205554854
25 84 -0.16502464969593145
25 85 -0.076349600872129303
25 86 -0.03782179545503437
25 87 0.12890844132974821
25 88 -0.078760189462307853
25 89 0.0049140382342688542
25 90 -0.053751634160238565
25 91 0.097996652607851273
25 92 -0.18962554661442177
25 93 -0.031383030912975875
25 94 -0.0062645081721463044
25 95 -0.13254334017360614
25 96 -0.024027818382073698
25 97 0.0047495120363445489
25 98 -0.032721784543456249
25 99 0.0850128187592675
25 100 0.10213473120469277
25 101 -0.018762229653522301
25 102 0.1306593337586609
25 103 -0.035722671562720763
25 104 0.04262448353340751
25 105 0.14550886852106512
25 106 0.13107058990967704
25 107 0.082965954487677462
25 108 -0.055342079406013413
25 109 -0.055630202149462016
25 110 0.052511931234467624
25 111 -0.1257282212421818
25 112 0.14028576878297377
25 113 -0.00028826427587393539
25 114 0.039882378043789017
25 115 0.077554918668686176
25 116 0.0055125955641129511
25 117 -0.036910994552687211
25 118 0.0099380933760207148
25 119 -0.011677829590866978
25 120 0.075002977314414146
25 121 -0.083392554540438257
25 122 0.079082443723053786
25 123 -0.14004110833686448
25 124 0.084790713293894149
25 125 -0.10760816125463984
25 126 0.077837671109414322
25 127 0.0070192677507262902
25 128 -0.0100974233979205
25 129 0.10061015467351028
25 130 0.12341357046815883
25 131 0.094084137339714172
25 132 -0.0011257279256836161
25 133 -0.0017813808450811116
25 134 -0.065845312142656848
25 135 0.020003122223755224
25 136 0.1208984689741049
25 137 -0.024374881007908897
25 138 -0.058357502121080304
25 139 -0.061050436521144641
25 140 0.021643273072686153
25 141 0.0079689551912705946
25 142 -0.12516598918686409
25 143 -0.21921468884646536
25 144 -0.039294083202933677
25 145 -0.010830486614868856
25 146 0.13260479319112123
25 147 0.015797226951640403
25 148 -0.029363776798474378
25 149 -0.0270215183664087
26 27 -0.012522145773188087
26 28 -0.063899732554017111
26 29 -0.17769055497811467
26 30 0.09840015471577146
26 31 0.021301048021196377
26 32 -0.050945589386442759
26 33 0.14216237564820872
26 34 0.012459285654884711
26 35 0.071565438106496224
26 36 0.11344386597372162
26 37 -0.072734189682521697
26 38 -0.11470267899490559
26 39 -0.024006691740648772
26 40 -0.015425795048501915
26 41 0.089380643258895456
26 42 -0.11559368436702609
26 43 -0.014994813422065181
26 44 -0.0051452054352103139
26 45 -0.030967201969785214
26 46 -0.034873019801351914
26 47 0.030842796553204516
26 48 0.11145633412009519
26 49 -0.037112645985163437
26 50 0.064774970808952198
26 51 -0.0010030420313290186
26 52 -0.13700575495630302
26 53 -0.087407317080922337
26 54 -0.073965143293930294
26 55 0.077526505297259241
26 56 -0.053487551576367545
26 57 0.0056272009560188463
26 58 -0.10169972040919521
26 59 -0.069419313016871723
26 60 -0.098702971997738143
26 61 0.11735970620522529
26 62 0.078627156106353888
26 63 0.040923608613293715
26 64 0.054044436497561764
26 65 0.030533425166218084
26 66 0.091799383796813488
26 67 -0.042003731053691921
26 68 -0.021211886605123263
26 69 0.083941814044763238
26 70 0.032124763162142245
26 71 0.055125587699955
26 72 0.064574111169443532
26 73 -0.0017434796345476456
26 74 -0.066519990912225171
26 75 -0.088400066446801567
26 76 0.098311122954612709
26 77 0.0062827821334263938
26 78 0.051301463327679223
26 79 -0.0044379720153407904
26 80 -0.015738654356767974
26 81 0.04166673002096713
26 82 0.066476758374979086
26 83 0.032115686669818233
26 84 -0.012715173843776137
26 85 0.021847132645776989
26 86 0.099885633136428509
26 87 0.018862624829570792
26 88 0.14876316690868535
26 89 0.063207233268255406
26 90 -0.044622896993402134
26 91 -0.072019656579967561
26 92 0.017858860999476575
26 93 -0.091438434500441951
26 94 0.058852796334697415
26 95 0.026701045962531526
26 96 0.073749483724847034
26 97 -0.096715835052659641
26 98 -0.0082499495319964047
26 99 0.11076812475695288
26 100 -0.10826192151340831
26 101 -0.13267882825010613
26 102 -0.071853073266440748
26 103 -0.034697823690521414
26 104 -0.11648395654873675
26 105 0.015088168059962411
26 106 0.0083364657753475062
26 107 0.0086716014228463527
26 108 -0.019046578901660352
26 109 0.034449211634393614
26 110 0.091338607943166977
26 111 -0.052064080584980903
26 112 0.13253260069684505
26 113 0.081907731179269888
26 114 -0.23139793621825427
26 115 -0.05417072389296914
26 116 -0.011738000929619583
26 117 0.063272791006547438
26 118 -0.0036792418039731252
26 119 -0.0053611492662530456
26 120 -0.069618081669460707
26 121 -0.11386529315482444
26 122 0.017292490787416622
26 123 0.07325180173769516
26 124 -0.0069762994152613609
26 125 -0.085163594796239209
26 126 0.099907717820608505
26 127 0.060807713075261845
26 128 0.056543603080495587
26 129 0.021697959018435284
26 130 -0.070387400602602207
26 131 0.081317459256400909
26 132 -0.091183254400634073
26 133 -0.065781704353550088
26 134 -0.033113680124627967
26 135 -0.021803920533424056
26 136 0.014787414933372907
26 137 0.066853728236133975
26 138 0.087089861726691489
26 139 -0.095638288889469944
26 140 -0.13026147229578447
26 141 -0.032765978307250365
26 142 -0.067367964403594077
26 143 0.12843946659384978
26 144 0.060055334624038448
26 145 -0.25773506967526172
26 146 -0.0079782970203404399
26 147 -0.034225166455030355
26 148 -0.025716487343026537
26 149 0.11068190629339905
27 28 -0.0010273614540526879
27 29 0.0012764127526535393
27 30 -0.12625539260110646
27 31 0.0002230585116001
27 32 -0.015922300240540706
27 33 0.0078357407787493002
27 34 0.15518345935229966
27 35 -0.1483046371846638
27 36 -0.023194549615924136
27 37 0.0418727646415267
27 38 -0.0016998482272017705
27 39 -0.086244684063279703
27 40 -0.022970580413743662
27 41 -0.00080058887817367622
27 42 0.0048465166977475624
27 43 0.10206468093003776
27 44 -0.12242827226714997
27 45 0.16292709942276101
27 46 -0.072169732564275113
27 47 0.038597741075905953
27 48 -0.05216902833804439
27 49 0.045426351510254703
27 50 -0.032746523277212412
27 51 0.010822104455260363
27 52 0.090282604058615906
27 53 0.015209378171627295
27 54 0.11593699201496081
27 55 0.12238224397410984
27 56 -0.08874712567550426
27 57 -0.04730361053678675
27 58 -0.042599370735275241
27 59 -0.029987332654201108
27 60 0.11716436874896036
27 61 -0.038343849954720184
27 62 0.03595237318312474
27 63 0.08987364295216288
27 64 0.016291397184984204
27 65 -0.076659138686208175
27 66 0.11185067115570686
27 67 -0.099417565493408661
27 68 -0.093863176726417932
27 69 -0.050890646082166514
27 70 0.018455114634868066
27 71 -0.064713991678297944
27 72 0.022219574193679432
27 73 0.1182305674606068
27 74 0.049187469349315227
27 75 -0.0028111299397602881
27 76 0.045204647407271314
27 77 0.00099668029681359584
27 78 0.046716368475361758
27 79 0.0049902388788318208
27 80 -0.017463968274628927
27 81 0.11358558607270772
27 82 0.13963731027792411
27 83 0.0069894602424114315
27 84 0.089337856993231532
27 85 -0.020973442444225301
27 86 0.035602150084916483
27 87 -0.034054706894572899
27 88 -0.037375307858396413
27 89 -0.013845183835689865
27 90 -0.077282408285789334
27 91 0.16019939231070104
27 92 0.074206483623736927
27 93 0.16108893087944945
27 94 -0.078098853870739615
27 95 -0.026319461381982729
27 96 0.0072095140806026272
27 97 0.0014080739507458127
27 98 -0.067668647279192223
27 99 0.099014423908243582
27 100 -0.006304974513918672
27 101 -0.016789654669348775
27 102 -0.079805171248141141
27 103 -0.045600676903483656
27 104 -0.078776251847838208
27 105 -0.10922478624995624
27 106 0.013297683539563201
27 107 -0.085954399164261799
27 108 -0.1110031264961983
27 109 0.0057027278527314084
27 110 0.13654981359350266
27 111 0.11326457464101761
27 112 -0.14035369201908124
27 113 -0.05658766653928838
27 114 -0.060540370649149626
27 115 0.066202635432350179
27 116 -0.023540092159623088
27 117 -0.040693760318531946
27 118 -0.0022696686596848556
27 119 0.030312736038912554
27 120 -0.0051397286956532092
27 121 -0.023441163098787327
27 122 0.067904581628730615
27 123 -0.0071596792719605933
27 124 -0.094479219256065533
27 125 -0.072185093750107426
27 126 -0.16271232965386426
27 127 0.027723260371941776
27 128 -0.084645554548426205
27 129 -0.05876572912066319
27 130 -0.087288049573310739
27 131 0.046158678528873794
27 132 0.006045652749456322
27 133 0.037030288345111212
27 134 -0.016096559563145332
27 135 0.031291669935308734
27 136 0.11116083473623149
27 137 -0.15172411330833555
27 138 0.049068032311188142
27 139 -0.085086414509658176
27 140 -0.095481387965265535
27 141 0.053901254848967933
27 142 0.096142689013596003
27 143 0.059300938747039483
27 144 -0.045009508479558369
27 145 0.076916000705196635
27 146 -0.16090095787137187
27 147 -0.067633852887365523
27 148 -0.012426385906275992
27 149 -0.089523436814606686
28 29 -0.057550659871552182
28 30 -0.013969813456381137
28 31 0.029761428377818488
28 32 -0.056496757234995747
28 33 0.12383397225056166
28 34 0.00087492436294613551
28 35 0.014359751439104711
28 36 -0.10171976718326615
28 37 0.0069837990485175049
28 38 -0.10046361487518224
28 39 0.074275700562096703
28 40 0.079164007098825512
28 41 -0.062006855394766025
28 42 0.060861445797916892
28 43 0.13643863325806491
28 44 -0.13794844632273093
28 45 0.00026611133131239714
28 46 -0.036851618873517983
28 47 0.014851968287549479
28 48 0.025827776976233466
28 49 -0.043161259552952913
28 50 -0.026156731572119337
28 51 -0.15618440662039046
28 52 0.0064715996483841222
28 53 0.11918119018263076
28 54 0.04954916385017407
28 55 -0.059065897733190979
28 56 -0.070295703471753374
28 57 -0.052522784737121922
28 58 -0.12417292849394528
28 59 0.092330312474267373
28 60 -0.0032536797995745105
28 61 0.044678215712576769
28 62 -0.059090293970918015
28 63 0.024003285976707721
28 64 -0.042017549883900857
28 65 0.086080458722264913
28 66 0.036112237142925621
28 67 -0.1174843717000193
28 68 0.17198987491704912
28 69 -0.097252743194971653
28 70 -0.050546644360757967
28 71 -0.042012551209320056
28 72 -0.00032444046713451163
28 73 0.072065971914621524
28 74 0.1018098904621407
28 75 0.1881226675037394
28 76 -0.0091862291727824365
28 77 0.0082630361389301119
28 78 -0.0001724801129447202
28 79 0.10193639189598809
28 80 -0.082180599622428033
28 81 -0.056392093235470578
28 82 -0.04685809425406405
28 83 -0.21866803974294555
28 84 -0.029489042400122966
28 85 -0.072634388036364156
28 86 -0.02968595844515735
28 87 -0.1438886867538535
28 88 0.091751860554724549
28 89 0.040219590481138254
28 90 -0.084616132744377626
28 91 0.096848298538875333
28 92 -0.02315320833824289
28 93 0.11647255641623239
28 94 0.0055579722152661829
28 95 0.026775129159823483
28 96 0.0028949586021493816
28 97 0.15606557432550003
28 98 0.0027068936714475891
28 99 -0.052287535080585125
28 100 0.0376265909107402
28 101 0.070221884337257665
28 102 -0.0012911086650133458
28 103 0.021577134751062387
28 104 -0.028726181160714723
28 105 0.076012770504321286
28 106 -0.12879427652159042
28 107 -0.087999206334820237
28 108 -0.013430310619433878
28 109 0.11354532034722888
28 110 -0.038973319044996159
28 111 0.01204095756131527
28 112 0.068849687308239801
28 113 -0.023233717773566993
28 114 -0.079066680823721369
28 115 0.16724884520516531
28 116 0.16069524776422336
28 117 -0.00088323747964606412
28 118 0.031999476037916065
28 119 -0.18125665155390283
28 120 0.13179740170750656
28 121 0.023350320574825952
28 122 0.040142932192097761
28 123 0.13052086472097954
28 124 0.0096396984870297069
28 125 0.016913383293315352
28 126 0.072622529235879016
28 127 -0.037857195723141487
28 128 -0.088884963830823366
28 129 0.13353303669356351
28 130 -0.012325199103601277
28 131 0.037676133108949912
28 132 0.073116454014933135
28 133 0.063469320576789653
28 134 -0.0024130290580635164
28 135 -0.08909341442823171
28 136 -0.067198614111076305
28 137 -0.036982305062524402
28 138 0.041387014853752416
28 139 0.012454438951561012
28 140 0.0017951063351499495
28 141 0.10695367096678157
28 142 0.040984207412491175
28 143 -0.066765629461918038
28 144 0.057425169913531915
28 145 0.089689222020829282
28 146 0.10333972919560568
28 147 0.0029552619540577285
28 148 -0.072888054739838545
28 149 0.02139840540157046
29 30 0.026449885371150474
29 31 0.042655625131775697
29 32 0.071377593615114129
29 33 0.20120197600376807
29 34 -0.1013883498541289
29 35 0.07961323806462256
29 36 -0.056373401431646604
29 37 0.014223662681551456
29 38 -0.025933221197764728
29 39 0.052495254168884627
29 40 0.081814298403689825
29 41 0.17822953711747322
29 42 -0.089929588600301272
29 43 0.038792127841273234
29 44 -0.061146390967218467
29 45 -0.030418417234241053
29 46 0.074729247361233667
29 47 -0.028157445683699673
29 48 -0.18075478636054793
29 49 -0.06610665058598475
29 50 0.036016289301215337
29 51 -0.15065871763936203
29 52 0.018339446460397101
29 53 -0.062641307494508691
29 54 0.041067086931093857
29 55 -0.011728701618429177
29 56 0.12793347710033792
29 57 0.10156938671649958
29 58 -0.091407913002032937
29 59 -0.078849753557295885
29 60 0.081175669649174442
29 61 -0.018678352151184106
29 62 0.074276498529360607
29 63 0.090190807485886718
29 64 0.055941397498801289
29 65 0.13118740693878017
29 66 -0.035288280532375399
29 67 -0.025299858787369719
29 68 0.056526361329906419
29 69 -0.076303795411894623
29 70 -0.0012369280382760195
29 71 0.014997777892457754
29 72 0.10026555135754887
29 73 0.051513777188040115
29 74 0.00062385663213154513
29 75 0.019657588915953605
29 76 0.032629206255829636
29 77 -0.06816975817562447
29 78 -0.07098641116997742
29 79 -0.077418614848200284
29 80 -0.054245201599942568
29 81 0.029525097982507544
29 82 -0.098831164795909615
29 83 0.0088887446587365172
29 84 -0.091698955631876106
29 85 0.017901195950522624
29 86 -0.14476487336260851
29 87 -0.012180891344621346
29 88 8.5920504851469715e-05
29 89 0.14884137580330789
29 90 0.01932023699948459
29 91 -0.015601061798235205
29 92 0.066216283167786813
29 93 0.016051872482304833
29 94 0.016134654170775892
29 95 -0.011598451263223081
29 96 0.11656313390030502
29 97 0.1927985772753226
29 98 0.039515430138045884
29 99 -0.10886310314244119
29 100 0.019325178909656418
29 101 -0.066975343832672785
29 102 -0.15005529198598214
29 103 -0.011517998347436109
29 104 0.034448182550359134
29 105 -0.085965650246728587
29 106 -0.060480477088286702
29 107 0.0029170652330062518
29 108 0.066296633220400053
29 109 -0.032260165768910234
29 110 0.02947141214201169
29 111 -0.029839552290597964
29 112 0.098658082926581819
29 113 -0.0092868258329654105
29 114 -0.022969965579662584
29 115 0.098813084712428695
29 116 0.11852311509385104
29 117 0.009441697277473779
29 118 -0.089516287883054629
29 119 0.036523452687152728
29 120 0.056017221693897307
29 121 0.052530902744265758
29 122 -0.094544737114789404
29 123 -0.07120312444070033
29 124 0.080995767147754152
29 125 0.093481196651685389
29 126 0.07090919151582957
29 127 -0.07428756566947009
29 128 -0.027723850615134358
29 129 -0.12648373995651768
29 130 -0.14740416762820641
29 131 -0.036098490185103312
29 132 -0.027527054038610908
29 133 0.034307184210539902
29 134 -0.063497128525153393
29 135 0.086503706175799874
29 136 0.017524081746817761
29 137 0.082686653429834597
29 138 0.012267118685621036
29 139 0.16068033584785621
29 140 -0.057708682491328898
29 141 0.085104048234322716
29 142 0.022301006695436106
29 143 0.055396540731444927
29 144 -0.10094788968329399
29 145 0.029202896674886833
29 146 -0.1080921663640502
29 147 -0.034094025019725777
29 148 -0.017937329581557127
29 149 0.047115676018514269
30 31 0.11493983770173294
30 32 -0.016574387176700379
30 33 0.098723596920863646
30 34 0.1208584050837772
30 35 0.028977498919594495
30 36 0.086161135041460599
30 37 0.059520376961548813
30 38 0.19651648766016247
30 39 -0.06357697449333026
30 40 0.021872263956979089
30 41 -0.088767041937774058
30 42 -0.071569795211598022
30 43 0.074947390883474491
30 44 -0.064063751214162787
30 45 0.079102701453446042
30 46 0.07709857819731869
30 47 -0.09115537228489301
30 48 -0.18835750425607659
30 49 -0.077092498283539604
30 50 -0.11903954823776278
30 51 0.043462302555888073
30 52 -0.090422132482778556
30 53 0.0054936174863123074
30 54 -0.12531911893986808
30 55 0.029691200861224214
30 56 0.090424840522783295
30 57 0.22065886791821493
30 58 -0.0020134380844724692
30 59 -0.058852720342353254
30 60 -0.090372320837574752
30 61 0.091108183899864345
30 62 -0.10084137421607504
30 63 0.058707532449345068
30 64 -0.016237737595619476
30 65 0.07750475297458978
30 66 0.09663109918011048
30 67 0.026449156731301684
30 68 -0.020014237777651992
30 69 0.16746038349632625
30 70 -0.091146131587760013
30 71 -0.12957592311562366
30 72 -0.014373532078528184
30 73 -0.0067229000331393354
30 74 0.042591852777891605
30 75 0.1923027723046338
30 76 0.039391977511987725
30 77 0.064094780433620144
30 78 0.0083568352124514887
30 79 -0.070854651658767684
30 80 -0.021913216976306275
30 81 -0.17703964501217795
30 82 -0.094566377063794768
30 83 0.058577769981658499
30 84 0.0054029821680910061
30 85 0.17084897207666871
30 86 0.060570251575479565
30 87 -0.039280704287905525
30 88 -0.068007747060618129
30 89 0.016165114242971242
30 90 -0.098388008089245887
30 91 -0.060442680119250157
30 92 0.14797882437225654
30 93 -0.067472445804884054
30 94 0.11408860514538466
30 95 0.11806633066851092
30 96 -0.012610952179961771
30 97 -0.075429651753011584
30 98 -0.0055761660364701702
30 99 -0.2027514766977927
30 100 0.02909782070232169
30 101 -0.10482752991570489
30 102 -0.12418821740685382
30 103 0.10651071306578244
30 104 -0.072887938174905673
30 105 -0.062000449029793826
30 106 -0.14735897391680808
30 107 0.073215945105427366
30 108 -0.019407171609335468
30 109 -0.002232776498927027
30 110 -0.0028011525990626249
30 111 0.074804034398312888
30 112 -0.055568331808662788
30 113 0.019624627411695725
30 114 -0.1042858375896142
30 115 0.088994362662966578
30 116 0.051909794037184709
30 117 -0.00024687591214503948
30 118 0.011133648195572467
30 119 -0.065498383424844819
30 120 -0.12341776665345842
30 121 -0.021438653127764534
30 122 0.19726750655413086
30 123 0.080770474082863711
30 124 -0.10643964364682304
30 125 -0.15213197418594579
30 126 0.017904416224229541
30 127 0.098419681767882058
30 128 -0.074339138166723523
30 129 -0.00076848232905717031
30 130 -0.10704635764694458
30 131 0.022734900382903895
30 132 0.096898329315914911
30 133 -0.05438337185308792
30 134 -0.046895741284356848
30 135 -0.11366108354137539
30 136 -0.071152142263626275
30 137 0.032021369190516825
30 138 -0.071598494917016392
30 139 -0.13638487051202403
30 140 0.1164366850953369
30 141 -0.0048265144282395251
30 142 -0.074785867574743134
30 143 0.0099037772524185261
30 144 0.085455836639563548
30 145 -0.022158579124201886
30 146 0.038615421101540724
30 147 0.064003539720262001
30 148 0.11082878777616122
30 149 -0.027642871666332187
31 32 -0.076222941366212382
31 33 -0.061252420876770373
31 34 0.002185344375345539
31 35 0.059695720663965952
31 36 -0.035282631558173204
31 37 -0.10023254903180311
31 38 0.029629774318727792
31 39 -0.13949327343964796
31 40 -0.039509144755221805
31 41 -0.0053001014753093229
31 42 -0.0019126270587039721
31 43 0.073244863969152085
31 44 -0.1989373139442456
31 45 -0.0064210898954616714
31 46 -0.00016814551159938021
31 47 -0.053511743834579011
31 48 0.065396840744332788
31 49 0.063775955880854482
31 50 0.038731309035953912
31 51 -0.087709662751064149
31 52 0.053219666956512743
31 53 -0.02746606346673372
31 54 0.072271589550047324
31 55 -0.011136183097200309
31 56 0.040004751603380941
31 57 0.095877594231853436
31 58 0.041449201985739668
31 59 -0.012994314867867868
31 60 0.04466545993395734
31 61 -0.0026670687202349757
31 62 -0.022765788472261326
31 63 -0.10935865834566275
31 64 0.043992398616105766
31 65 -0.014607080321623396
31 66 -0.021888766381041733
31 67 0.057779929531395054
31 68 0.10574592180246023
31 69 -0.10707870202935062
31 70 0.05065039252329924
31 71 0.026851738765863914
31 72 0.043396160198042655
31 73 0.14013621348728689
31 74 0.0522307956202267
31 75 0.10473103179959682
31 76 0.073298043479892203
31 77 0.0066540655388890556
31 78 -0.16365403321929881
31 79 0.017482678469720559
31 80 -0.1346111619074627
31 81 -0.15598123276604506
31 82 -0.16767781861823508
31 83 0.00082874987943909657
31 84 0.019575943343451762
31 85 -0.033850518711815068
31 86 -0.088281028861307176
31 87 -0.14784721646077303
31 88 0.019135998919395387
31 89 0.018945072776901717
31 90 -0.049370605458091327
31 91 0.023249502159385906
31 92 0.069824598978855429
31 93 -0.093290232267033549
31 94 0.055851371693264457
31 95 0.061173728021501624
31 96 0.054283161197606483
31 97 0.033624493577110517
31 98 -0.15869165323662035
31 99 0.17835903129238173
31 100 0.052337896848275285
31 101 0.034745442328860156
31 102 -0.010791339675459298
31 103 -0.084663957695100434
31 104 0.084994440610149644
31 105 -0.12233736972359673
31 106 -0.0027289453156129607
31 107 -0.070882858840613697
31 108 0.0036969982607129208
31 109 0.0040723475319849115
31 110 0.026872065180334848
31 111 -0.051929023394455757
31 112 0.10940169821207198
31 113 0.045375808168145633
31 114 0.037032008937669739
31 115 0.043333427494790494
31 116 0.028792135938051872
31 117 0.13341190461868288
31 118 -0.043939031557786043
31 119 0.065527911246845955
31 120 0.012183000524858528
31 121 -0.078058782323348411
31 122 -0.096496472558099525
31 123 0.038794099264094606
31 124 0.015912383280243463
31 125 0.010888645027258366
31 126 0.079645650058284209
31 127 -0.059469615463814129
31 128 -0.06083893999906749
31 129 -0.19282387970110995
31 130 -0.001913028957202961
31 131 0.084954387210794138
31 132 -0.050237161347792408
31 133 -0.036500701270603619
31 134 -0.001971644011868503
31 135 0.058194843014914052
31 136 0.090200257584238774
31 137 0.00031605396021962241
31 138 -0.042420795079275875
31 139 0.090256747223504408
31 140 -0.13826416150206428
31 141 0.01967467493721229
31 142 0.0037297808109565209
31 143 -0.031906207428224913
31 144 0.085742722889952133
31 145 0.089129598147882835
31 146 -0.10512005497047451
31 147 0.016841021547286748
31 148 -0.059455456591693497
31 149 0.020848649473893876
32 33 -0.14905738525994006
32 34 -0.0044869134671331875
32 35 -0.016155235325866456
32 36 -0.14832856366944369
32 37 0.06135836603755683
32 38 -0.094689012143727047
32 39 -0.07140477587060165
32 40 0.1169879482560555
32 41 0.14738675560514794
32 42 -0.18155052247857004
32 43 -0.08704638019602097
32 44 0.12422419357072521
32 45 -0.091747083017057585
32 46 -0.06940564534639479
32 47 -0.10539328841876251
32 48 -0.063200418026170838
32 49 -0.0030328513883966977
32 50 0.072490813693007389
32 51 0.037798331157219645
32 52 -0.13798919886166858
32 53 -0.050612951055860229
32 54 0.079765123856310488
32 55 0.056548113635818249
32 56 -0.073476364885146792
32 57 -0.062452465306967672
32 58 -0.051048850107610615
32 59 -0.074937972557396398
32 60 0.023427276587899306
32 61 -0.0014724784393336922
32 62 0.010674731312265611
32 63 0.005485264992530727
32 64 -0.0022103234434156008
32 65 -0.032054560587065295
32 66 -0.14292101152648851
32 67 -0.074718465548703053
32 68 -0.050361299389109285
32 69 -0.066110153898730109
32 70 -0.0010019061010907192
32 71 -0.12294856010764811
32 72 0.028235493414673327
32 73 0.12241464725093898
32 74 0.012382424667094407
32 75 0.043392805366665732
32 76 0.0053756330536030806
32 77 -0.027602087532042067
32 78 -0.055888396356157714
32 79 -0.042076905236396983
32 80 -0.011748567958878024
32 81 -0.026792940276532388
32 82 -0.0088266267646590641
32 83 0.085154040203733891
32 84 0.023584777094162294
32 85 0.10564222223755587
32 86 -0.049368850713894137
32 87 -0.012930759260954713
32 88 -0.035724632980317257
32 89 -0.0098654393335998909
32 90 0.059473752190882703
32 91 0.10265753309347177
32 92 -0.032374627076259183
32 93 -0.02674198604351051
32 94 -0.012897279663269843
32 95 -1.1966275045436156e-05
32 96 0.047088314085614785
32 97 0.059822226721599203
32 98 -0.045155671303253167
32 99 -0.064387106141821887
32 100 0.076714777200761947
32 101 -4.3489095429019399e-05
32 102 0.029444506614506184
32 103 0.043229287755937353
32 104 0.028257050736421402
32 105 0.055436840156151211
32 106 0.046787007022278185
32 107 -0.099478587342317917
32 108 0.039976645498460507
32 109 0.12898399223191484
32 110 -0.071282544424430758
32 111 0.023111694673978816
32 112 -0.019968332825525459
32 113 -0.07964892137941218
32 114 -0.015581629360230999
32 115 -0.11970667477271504
32 116 -0.10949929738994081
32 117 0.047624056351607748
32 118 0.031702899639395363
32 119 0.020057716781276429
32 120 -0.07323396933520282
32 121 0.069763551210865957
32 122 0.12899198910945958
32 123 -0.062684636463801832
32 124 -0.037858540458141431
32 125 0.018105341442657082
32 126 0.010943387370650769
32 127 -0.074153359987201434
32 128 0.02728543165157447
32 129 -0.093100436545821438
32 130 -0.04455806434574789
32 131 0.018495020607410172
32 132 -0.031184220454291981
32 133 0.068790359987615346
32 134 -0.12610712307260508
32 135 0.0034632412788135566
32 136 -0.075110475271442753
32 137 0.12738895527249278
32 138 0.049607801679985991
32 139 0.071803166745073616
32 140 0.12917520267533761
32 141 0.12171387838992621
32 142 0.13241966250993933
32 143 0.05466360409141658
32 144 0.19041310425277719
32 145 0.013803820984503225
32 146 -0.00054673589977149203
32 147 0.066285498013167923
32 148 -0.026918906623175989
32 149 0.055133920013348492
33 34 0.12991014902651121
33 35 -0.062489927586326967
33 36 -0.18016379387663808
33 37 0.066035362431289157
33 38 0.076358953937470969
33 39 -0.0094973406195679334
33 40 0.077354472642927649
33 41 -0.20447439093627298
33 42 0.016609453107673557
33 43 0.02075621975943015
33 44 0.083537835405740293
33 45 0.12526087390634633
33 46 0.13964931263849648
33 47 -0.0091551896801267876
33 48 -0.063563379068844433
33 49 -0.041399508140488733
33 50 0.050448417896513963
33 51 0.033505099895381703
33 52 -0.031523581529130838
33 53 0.001812827422931772
33 54 -0.12865051217426149
33 55 -0.007892575863110176
33 56 0.008791296291214579
33 57 0.096961241574374413
33 58 0.070262718813391911
33 59 -0.013409325187981855
33 60 0.066510209610084275
33 61 0.16025143343701251
33 62 -0.16361512007768939
33 63 -0.028751445644086059
33 64 0.0306497533416091
33 65 0.12238209883883643
33 66 0.023615495210198286
33 67 0.0054924931022804283
33 68 -0.043042498759060348
33 69 0.043020462858053284
33 70 0.099755463048549903
33 71 0.091167959202878054
33 72 0.12374337958651563
33 73 0.065245604864610035
33 74 -0.092505196844707607
33 75 -0.091988770940103035
33 76 -0.025599030496556787
33 77 -0.075930898601181601
33 78 -0.026800896528463188
33 79 -0.048479705047710722
33 80 -0.026971294663669893
33 81 0.049025840511336786
33 82 0.00071545063731206691
33 83 -0.036425245126587076
33 84 0.079129239368457199
33 85 0.066779247600805891
33 86 0.065708008798124634
33 87 -0.1409590126550031
33 88 -0.020119683614845629
33 89 0.09596658375490015
33 90 0.085520883990398561
33 91 -0.014616214733299418
33 92 0.1037729381503968
33 93 0.13436408762674201
33 94 -0.042624899762297483
33 95 -0.0066153821866106778
33 96 0.094669496556827409
33 97 0.033813003445956426
33 98 0.0090411286412106912
33 99 -0.099955188450039478
33 100 -0.11099085783127463
33 101 0.060555728464334872
33 102 -0.025085309418050442
33 103 -0.052786188661693663
33 104 0.040942338578487607
33 105 -0.012194299121043597
33 106 -0.027430857897128264
33 107 -0.028901222170779318
33 108 -0.038327093078207232
33 109 -0.01425455161991168
33 110 -0.11652150781983003
33 111 -0.057197019469792269
33 112 0.018572537256522588
33 113 0.15253571306443575
33 114 -0.059100036138907928
33 115 -0.10256234823164651
33 116 0.09353436663858565
33 117 -0.055360525152299681
33 118 0.04919434283892838
33 119 0.1638810647335639
33 120 0.041218226275409289
33 121 0.075086627587647128
33 122 -0.0052777561455845147
33 123 -0.069049708703587939
33 124 -0.089740254873544464
33 125 0.0043463994139822061
33 126 -0.0088885790903457523
33 127 0.071659175001270017
33 128 -0.029640025098034779
33 129 -0.081627877329789211
33 130 -0.021772428879624873
33 131 -0.096461241231563896
33 132 -0.20362866954344666
33 133 0.12401265350768714
33 134 -0.10028445357734662
33 135 0.064148415836791581
33 136 0.068307041283105857
33 137 -0.030739750880754146
33 138 -0.089465875396166863
33 139 0.044592349401242445
33 140 0.12130285812533337
33 141 -0.056041424385404021
33 142 0.047444163576315486
33 143 0.081574544277105546
33 144 0.10091393803865317
33 145 0.08342117224515877
33 146 0.13348320704297814
33 147 0.05310451316203213
33 148 0.022171148206219782
33 149 -0.059538263159724221
34 35 0.0039380250753793542
34 36 0.08768202976943526
34 37 -0.04200164791538373
34 38 -0.01959571741687683
34 39 -0.000833514694282246
34 40 -0.016805526359453538
34 41 0.1024618457790006
34 42 0.13065034450105592
34 43 0.070083282655712925
34 44 -0.050829273642289403
34 45 -0.043668066986705736
34 46 0.055654830166368033
34 47 -0.10192066247894696
34 48 -0.097517908141823151
34 49 0.019576510282701878
34 50 0.031727317022099563
34 51 0.039109326317806024
34 52 -0.09190031714242583
34 53 0.056164759136532939
34 54 -0.1938055787485988
34 55 -0.07109462588907195
34 56 0.01714677994015059
34 57 -0.21316490988792827
34 58 0.026316433700900862
34 59 0.045406125195937869
34 60 0.018939201613334108
34 61 0.070717718252593736
34 62 0.012766237741903852
34 63 0.038432801470295132
34 64 -0.11697116513265544
34 65 0.14544536897055058
34 66 0.089780568511578548
34 67 0.1268043106853482
34 68 -0.01881737210958434
34 69 0.13298614199778425
34 70 0.06182165684676913
34 71 -0.10667117830313118
34 72 -0.064839137717670095
34 73 0.14249812691110561
34 74 0.031004970242641032
34 75 -0.015280507047995124
34 76 -0.0017438805891842042
34 77 -0.044305341197304546
34 78 -0.024980754278487862
34 79 0.057032104461060745
34 80 -0.055533954825747696
34 81 -0.16935616648960503
34 82 -0.056768089773165067
34 83 -0.028672517798097572
34 84 -0.023619273227714958
34 85 -0.031633002482172448
34 86 0.010343522185164974
34 87 0.042038109432039297
34 88 0.030073851114277537
34 89 0.11153517020823467
34 90 0.032573476991745384
34 91 0.0082838624422466207
34 92 -0.051027894440470775
34 93 0.1344955911493958
34 94 -0.12537039711504361
34 95 -0.15250251342732118
34 96 0.032989080947866373
34 97 0.069480251576238258
34 98 0.013421217279943736
34 99 0.041004596204755328
34 100 -0.11614812966829935
34 101 -0.023505862624758955
34 102 -0.12835027928155654
34 103 0.051684413437944103
34 104 -0.096046611358404144
34 105 0.031340536720512832
34 106 -0.21792285419237231
34 107 0.062867551019242532
34 108 -0.017105179947813201
34 109 0.013928867447049615
34 110 0.10769292553715279
34 111 0.082340424610169438
34 112 -0.06233564846405238
34 113 0.053567156217928416
34 114 0.013344553720517911
34 115 -0.13728468090645138
34 116 0.0020035394180074229
34 117 -0.042298440156036544
34 118 -0.026822635658272944
34 119 0.077055216692093378
34 120 0.047182658720368892
34 121 0.04916991770841983
34 122 0.15953447781545835
34 123 -0.0011502834462733594
34 124 -0.083874745802038603
34 125 -0.087332580654246372
34 126 0.0058140024741943101
34 127 0.110338970095129
34 128 0.030626628592471557
34 129 -0.018735089467502762
34 130 -0.095041329651974427
34 131 -0.094613235814320767
34 132 0.28266558730879504
34 133 -0.059022181510418464
34 134 0.081226377953445963
34 135 -0.086640996157145794
34 136 0.0025702300019289537
34 137 -0.069779968313137514
34 138 -0.010087776657003016
34 139 0.05146647056193282
34 140 -0.019235859467707953
34 141 0.077027217688934793
34 142 -0.089422657213550708
34 143 0.033079997651740953
34 144 -0.064915106158058289
34 145 0.00068775448899233615
34 146 -0.069622608267133151
34 147 0.026502544988510096
34 148 0.027733869587083473
34 149 0.054664515596419695
35 36 0.012057367488771481
35 37 -0.26334381460094847
35 38 0.12041204237095349
35 39 0.035328876425601972
35 40 0.10761946333582073
35 41 -0.076105985139250848
35 42 0.096242363890831351
35 43 0.049663048477284734
35 44 -0.00081307855969161137
35 45 -0.14628815137568199
35 46 -0.010930447168901479
35 47 -0.05868769511224807
35 48 -0.16587438149425945
35 49 -0.027384182575427411
35 50 -0.021908708616904107
35 51 0.11742205907729067
35 52 -0.025557136549425645
35 53 -0.052131711461267029
35 54 0.033194200518976563
35 55 0.04958801220063843
35 56 -0.025413461324480292
35 57 0.067028309074449566
35 58 -0.032743810015234895
35 59 0.053139157307528426
35 60 0.067688886658131622
35 61 0.029004553108575856
35 62 0.080070257226576041
35 63 0.17898868969141285
35 64 -0.075000099783039398
35 65 -0.10574790282252877
35 66 -0.082518913734490495
35 67 -0.0073421564062312828
35 68 -0.15447404025329003
35 69 0.059206123899587418
35 70 0.012952627915338747
35 71 0.12050488348139438
35 72 -0.0094033259778339706
35 73 0.010933049279241675
35 74 0.0081839602519510942
35 75 -0.029908857822694916
35 76 -0.043339433102638228
35 77 -0.048425169272012472
35 78 -0.054289503172647038
35 79 -0.13227473882985064
35 80 -0.093587840698306696
35 81 -0.01061919009990228
35 82 0.016783809930717996
35 83 -0.016171683627466751
35 84 0.075656605196476948
35 85 -0.0033433404625743306
35 86 -0.074496676156692129
35 87 0.0075059808006188106
35 88 -0.00071914954612876307
35 89 0.20480226470650642
35 90 -0.064526763005487209
35 91 -0.038823447753853595
35 92 -0.11373028313482705
35 93 -0.010276131273787736
35 94 -0.039291559933749179
35 95 -0.076978611473295155
35 96 -0.11062707771643136
35 97 -0.029523064957473477
35 98 -0.054577938776177191
35 99 -0.032143734371376416
35 100 -0.0094330265704195126
35 101 0.04412902052634534
35 102 0.014403589832475789
35 103 -0.11997526103449688
35 104 0.13160789818561436
35 105 -0.033399962832362171
35 106 -0.07575919426096904
35 107 0.025943716079385899
35 108 0.058139286354499324
35 109 0.024504359626584298
35 110 -0.12833492917871231
35 111 0.0043039598943894969
35 112 0.23179677311607996
35 113 -0.019437761618586059
35 114 -0.057451112699930806
35 115 0.06015225799486399
35 116 0.028200919375652621
35 117 0.014811073003638809
35 118 0.018951879028701921
35 119 0.07733746762741156
35 120 0.0033995975945590585
35 121 -0.062408213936961235
35 122 -0.056675434998388403
35 123 0.062696454902846879
35 124 -0.12643831428814276
35 125 -0.020807786122221578
35 126 -0.15636492842394786
35 127 0.13038712141902323
35 128 -0.042650267203752236
35 129 0.002711852154961386
35 130 0.099400797466032184
35 131 -0.25448995886254405
35 132 0.11676003644000413
35 133 0.06969796958823056
35 134 -0.020642434639428817
35 135 0.033104938558364549
35 136 -0.060126520955053976
35 137 -0.079546983690953643
35 138 -0.067202850962473651
35 139 0.16634236100032415
35 140 0.024897721438461109
35 141 -0.042397416282710092
35 142 0.022373620983036722
35 143 0.045008394154988272
35 144 -0.034429442657851111
35 145 0.065309129684032671
35 146 -0.043157491404177538
35 147 0.064245043522288395
35 148 0.048057220674247531
35 149 -0.078425100253706748
36 37 -0.015051194310296296
36 38 0.080358695011292142
36 39 -0.015869629278397343
36 40 -0.045770281683835679
36 41 0.0034207020950205052
36 42 -0.0018609612355281408
36 43 -0.022997572076063511
36 44 -0.028073717460657361
36 45 0.042658769256796812
36 46 0.0097600576527377761
36 47 0.08408870704501023
36 48 0.1429481602229826
36 49 -0.090901056795864452
36 50 0.0075316571654338088
36 51 0.011379915296790003
36 52 0.13952465596265923
36 53 -0.004154577800626732
36 54 -0.033881725944643622
36 55 -0.065471933750944983
36 56 0.055229341453515636
36 57 -0.057676860600540211
36 58 0.064370559665498303
36 59 0.19014121908927814
36 60 0.023931963901561045
36 61 0.058685063259374046
36 62 -0.097349737584432203
36 63 -0.038788740378254992
36 64 -0.10272438027686591
36 65 0.046035991550759041
36 66 0.22283875847470583
36 67 0.021949437312531003
36 68 -0.011747352281429429
36 69 0.12329144514594258
36 70 -0.11412968088821279
36 71 -0.052455198470814354
36 72 -0.070633240549884221
36 73 -0.039025764322617132
36 74 -0.0040332204680158159
36 75 -0.015410143529477709
36 76 0.011695180905732806
36 77 -0.12676576591044836
36 78 0.23075562403791433
36 79 -0.18323456442618291
36 80 0.12551978767092792
36 81 -0.1461002645993103
36 82 0.011446977806233891
36 83 0.10822184988299328
36 84 0.02168853185794049
36 85 -0.031086696231857509
36 86 -0.011891472487508615
36 87 0.025404005644181483
36 88 -0.018715707993875858
36 89 0.066011191418697088
36 90 0.080718557061188329
36 91 -0.056103679055210423
36 92 0.099662829935232566
36 93 0.058950130475357375
36 94 -0.042517351778687804
36 95 -0.020760714584196087
36 96 0.042766990785267057
36 97 0.08316792659232615
36 98 -0.093858203535566176
36 99 -0.033481640948316953
36 100 -0.087668114059620786
36 101 0.074439338662587576
36 102 -0.044060539680240415
36 103 0.045856808144929644
36 104 0.055601811957190161
36 105 0.049305622402972635
36 106 0.029530634235214404
36 107 -0.073321620016840977
36 108 -0.039029852806326433
36 109 0.049523007015479431
36 110 0.0357539900245804
36 111 0.014085309008764294
36 112 -0.064863143168695972
36 113 -0.01375880282839855
36 114 0.10324351479503593
36 115 0.084507132182516029
36 116 0.031651960889359627
36 117 0.17703433820738171
36 118 -0.17907433405078524
36 119 -0.19066766588134604
36 120 0.053753598788703678
36 121 -0.048916488841288998
36 122 -0.13075572204807576
36 123 0.032022832847614445
36 124 0.087513232813219835
36 125 -0.0029995797303042364
36 126 -0.15796499294557759
36 127 0.15560790029317384
36 128 -0.0032899564719201801
36 129 -0.028390605864233764
36 130 -0.12127320061122786
36 131 0.1052692080655013
36 132 0.00041173112691922901
36 133 -0.029844118886522372
36 134 0.062196934195600594
36 135 -0.089895033380926803
36 136 0.049494366692129609
36 137 -0.066046416866162375
36 138 0.03005944399096952
36 139 0.020955785809442854
36 140 -0.021600227679286339
36 141 0.028724347152662033
36 142 -0.0062131150267281231
36 143 0.0086123513798059895
36 144 -0.010165267730426353
36 145 0.082031971641760085
36 146 -0.11103409971097872
36 147 0.11731834714580017
36 148 -0.10589413711754311
36 149 -0.12531621750406369
37 38 0.14406869832770419
37 39 -0.04348420801223743
37 40 -0.068536567300125223
37 41 0.046750437455224628
37 42 -0.11702320931812545
37 43 0.16401760418352959
37 44 0.06576383130899445
37 45 0.079003772889893811
37 46 -0.11244533478745904
37 47 0.047413557385827573
37 48 -0.050368489066304319
37 49 0.024343879049630344
37 50 -0.056656505082497477
37 51 -0.059291220957973553
37 52 0.080560970964318038
37 53 -0.057467626537327239
37 54 -0.064461058339929642
37 55 0.10359376574666786
37 56 -0.068100762861606087
37 57 0.012929339027514678
37 58 -0.03567072296040652
37 59 -0.018513695308206037
37 60 0.1050116386814707
37 61 0.10693781276460361
37 62 0.0529519055030922
37 63 0.098627434656005472
37 64 0.034602172803258148
37 65 0.075276930228255629
37 66 0.099446965220549244
37 67 0.026870719931869316
37 68 0.086053764756086976
37 69 -0.067984602681744347
37 70 0.085000409670275057
37 71 0.11813971989721569
37 72 -0.011734149719792331
37 73 -0.065735175603699236
37 74 0.028899812572021174
37 75 0.09578230215729272
37 76 -0.053838700585671903
37 77 0.010277651950416893
37 78 0.039822440742255022
37 79 0.039404478457869145
37 80 -0.1192510158641998
37 81 -0.10002107419190656
37 82 0.13278715815268394
37 83 0.0037515292076841576
37 84 -0.14214752873005762
37 85 0.065880715870222414
37 86 -0.0094230622994289255
37 87 0.030169904447106155
37 88 0.021911395121051839
37 89 0.16689804617359663
37 90 -0.098393332793754826
37 91 -0.059350138854212767
37 92 -0.018130317503709355
37 93 0.029538813921011431
37 94 -0.071688086057123748
37 95 -0.084726466471023651
37 96 -0.030195234068067112
37 97 -0.039286954752551985
37 98 -0.02932101888748196
37 99 0.079041435701674267
37 100 -0.024608724309355821
37 101 -0.0012671428703579729
37 102 0.1014712526051024
37 103 -0.015207702752487113
37 104 -0.0046503769195214992
37 105 -0.016327802298362518
37 106 0.017019192445485103
37 107 0.064464516238271194
37 108 0.053488648776404725
37 109 -0.0069696473510630188
37 110 -0.03903957853949367
37 111 -0.074720793776713965
37 112 0.15950425710329358
37 113 -0.019907897223307297
37 114 -0.002238027455407268
37 115 0.12352004564913202
37 116 0.045266400756522593
37 117 -0.021822428977309957
37 118 -0.10364357398200141
37 119 -0.054853897464299146
37 120 -0.07280384450718401
37 121 0.11782983204658898
37 122 -0.12318876224945827
37 123 0.10384081102710975
37 124 0.13795898609187174
37 125 -0.07957475112432022
37 126 0.01960945451104984
37 127 -0.11591528793257895
37 128 0.12873636357321486
37 129 -0.085869378896523504
37 130 0.053469693963607012
37 131 -0.0026239510440945702
37 132 0.081481994407377231
37 133 0.16112708937406237
37 134 -0.017833051599443307
37 135 -0.032834410924508395
37 136 0.05721439576733809
37 137 -0.070375534361265521
37 138 0.023429385954304736
37 139 0.030522665679061339
37 140 -0.041292536095936389
37 141 -0.090644320937611517
37 142 -0.014663968429551094
37 143 -0.14930198728274713
37 144 -0.11258736790072807
37 145 0.06926296196007363
37 146 -0.10526333409033642
37 147 -0.036763026214513606
37 148 0.0024457896775359322
37 149 0.003596081226666869
38 39 -0.17131134753983432
38 40 -0.14421258194104097
38 41 -0.035715738977012523
38 42 0.037560999270471282
38 43 0.063330943671498857
38 44 -0.13970408229082062
38 45 -0.2003156308011986
38 46 -0.14823985907032958
38 47 -0.11723116016131767
38 48 0.023500627534710956
38 49 -0.088257323382293168
38 50 -0.0078115732818180468
38 51 0.10264917752336282
38 52 0.092612791600554634
38 53 -0.037746911372153545
38 54 -0.060359890719762901
38 55 -0.14244495442582103
38 56 0.023686838435429527
38 57 0.27920991403884288
38 58 -0.017620365445203484
38 59 0.009226610438395599
38 60 0.050505352215267439
38 61 -0.013291910713271559
38 62 0.051968053436674752
38 63 -0.025796233322142884
38 64 -0.010745173296184666
38 65 0.00013304375061747763
38 66 -0.18283674495639526
38 67 0.087291302537070486
38 68 0.080220712285761872
38 69 0.055353289738652493
38 70 0.024149840361568451
38 71 -0.039311847685073648
38 72 -0.11093773275884138
38 73 -0.11767493396996352
38 74 -0.082748049048531433
38 75 0.027828925437671861
38 76 0.044741181890967548
38 77 -0.0043509065461827109
38 78 0.0036844864979048895
38 79 -0.076266996631403794
38 80 0.029966468322097269
38 81 -0.14922106251348399
38 82 -0.0063583142876185508
38 83 -0.021935740648247885
38 84 0.11519423277428799
38 85 -0.055117411691613105
38 86 0.020809925922581192
38 87 0.016547916437421897
38 88 0.031572879317332311
38 89 0.020535196570010225
38 90 -0.03795310173751025
38 91 -0.066765261824439509
38 92 -0.16992366945587797
38 93 -0.12496197940540169
38 94 0.02662250943968782
38 95 -0.002052617024492831
38 96 -0.035300861297346366
38 97 -0.020228210113172516
38 98 0.11060500363030755
38 99 -0.17903244469948806
38 100 -0.10467346888804716
38 101 -0.11036205740848766
38 102 0.045142720237046761
38 103 0.06256812558911036
38 104 -0.0093939779266360157
38 105 -0.17501095965878322
38 106 0.090816357683892152
38 107 -0.075942979025551652
38 108 0.013664019509564177
38 109 0.083155669796760423
38 110 -0.064214873180211948
38 111 -0.092371315599571499
38 112 0.0078099006692177063
38 113 -0.030502001479548325
38 114 -0.025278132197618632
38 115 0.14321180196405464
38 116 0.082193854660265894
38 117 0.046503903583412311
38 118 -0.049944506099614774
38 119 0.033848297457850833
38 120 0.043841638971297607
38 121 0.058604391317195317
38 122 -0.015140859855041496
38 123 -0.012203635964808496
38 124 0.032183337917356357
38 125 0.035220205569440916
38 126 0.0057452359483878496
38 127 -0.0090512007810599985
38 128 0.15859631533390317
38 129 0.014432104408024648
38 130 -0.1095367042450858
38 131 -0.033880271465024467
38 132 -0.12017812931786943
38 133 0.0049439000548869311
38 134 0.036569508709052317
38 135 -0.051370996422157235
38 136 -0.076649710019592962
38 137 -0.034390655817090277
38 138 0.075762185367581114
38 139 0.049017689859910715
38 140 -0.10055343138643398
38 141 0.027273817619899998
38 142 0.12941095689983498
38 143 0.10174009058557612
38 144 0.0053352904455777452
38 145 -0.042644305343413548
38 146 0.049763271812574623
38 147 -0.17189663422208845
38 148 -0.00083022471270563969
38 149 0.11637639621380166
39 40 0.037968843808256228
39 41 -0.045479496085913333
39 42 -0.0078753275253872403
39 43 -0.022766238794797791
39 44 0.14866392010467058
39 45 0.069644916524145548
39 46 -0.029251346269960836
39 47 0.03736685106511712
39 48 -0.053306835328461241
39 49 -0.011371975069252669
39 50 -0.05880778352245325
39 51 0.036310582986888371
39 52 0.10048504183959063
39 53 -0.010869608420740636
39 54 0.0092076893266496672
39 55 -0.11216908820971259
39 56 -0.1470236971222699
39 57 0.16201431300478919
39 58 -0.11844937569938288
39 59 -0.15188967255073044
39 60 0.16625470805427581
39 61 0.024607790065630929
39 62 -0.034630074894506264
39 63 0.027924832373959506
39 64 0.014687417038516571
39 65 -0.051793912643511651
39 66 -0.16451105506714622
39 67 -0.042207640402019117
39 68 0.093295338163947292
39 69 0.088366740688705786
39 70 -0.047976519739785325
39 71 -0.13688261150224096
39 72 0.001621139583337683
39 73 0.060387416134353791
39 74 -0.017794678416763313
39 75 0.03838984010518208
39 76 -0.075368043635794177
39 77 0.003069076599042422
39 78 -0.017388058050201327
39 79 0.10831405473309251
39 80 -0.12626487835204345
39 81 0.056157530082165313
39 82 -0.024289738546218596
39 83 -0.069056582079562445
39 84 0.0086223557191777416
39 85 0.11851973371371359
39 86 0.071795420653673947
39 87 0.11979436118529935
39 88 0.17392633321904982
39 89 0.032859380578816114
39 90 0.059397713624432982
39 91 0.092325598236218956
39 92 -0.13448499302474723
39 93 -0.13017443456187375
39 94 -0.055626001093196785
39 95 0.099761258717556825
39 96 -0.06644896800145092
39 97 0.041372539638545452
39 98 -0.05318027196166214
39 99 -0.041258620042132516
39 100 0.045356694394065852
39 101 -0.028957773902050482
39 102 -0.011323297228832203
39 103 0.020762242983283566
39 104 -0.022007154004553758
39 105 -0.0029693511462072102
39 106 -0.033315722803093903
39 107 -0.022252602193758277
39 108 0.047598031962993087
39 109 0.032451077160249919
39 110 -0.0085598008283599564
39 111 0.017283728712897538
39 112 -0.11920959669033264
39 113 0.028034480011461402
39 114 -0.015017064721746092
39 115 -0.10651660513169937
39 116 0.11209181203802282
39 117 -0.089121523454272975
39 118 -0.19164932868498286
39 119 -0.054444641699134322
39 120 -0.17344717321353195
39 121 -0.078830928975804349
39 122 -0.10296623944934365
39 123 -0.13558066428442095
39 124 0.08924956206114254
39 125 0.049603977706281215
39 126 -0.12736870736879324
39 127 -0.1322989761023789
39 128 0.10223483537656161
39 129 0.028447506651192316
39 130 0.072045964391165063
39 131 0.052688766201539755
39 132 0.032247894222718634
39 133 0.013459653554789243
39 134 0.071993730936330949
39 135 0.14261576814002855
39 136 -0.068841103634474821
39 137 0.075557821907500669
39 138 0.044436749898258812
39 139 0.065253426851755739
39 140 0.021177316580324981
39 141 0.0069998796495068481
39 142 0.095993077560872303
39 143 -0.074104429688821374
39 144 0.053725283316513273
39 145 0.066354282503766446
39 146 -0.074631459781703727
39 147 -0.20886993192867634
39 148 0.090609588184451556
39 149 -0.0054027712468355613
40 41 0.077235793354076515
40 42 -0.024296712792748046
40 43 -0.097051625154400717
40 44 0.18372880957578822
40 45 0.07036471921197264
40 46 0.076796308880640041
40 47 -0.0088040277545485563
40 48 -0.019931273025007325
40 49 0.10821595019465527
40 50 -0.073989288210090917
40 51 0.081957255852167579
40 52 0.013792599929864573
40 53 0.024408996174778881
40 54 0.060759439442272016
40 55 -0.0046319185540195902
40 56 -0.0061332352825728105
40 57 -0.07947651197127957
40 58 0.2089726862164808
40 59 -0.00058298716646452704
40 60 0.066425919276053291
40 61 0.06108506572031374
40 62 0.0018220437033454723
40 63 -0.074921914063508982
40 64 0.040797588277770705
40 65 0.09100866387688368
40 66 0.012200905812860346
40 67 0.070516595499732881
40 68 -0.027357764449493321
40 69 -0.016013752524985818
40 70 -0.14719731715179896
40 71 -0.023650561806331329
40 72 0.11254123606801869
40 73 -0.067629435713127614
40 74 -0.074701336700700505
40 75 0.05097727059601833
40 76 0.14202318393845131
40 77 -0.15658546625867686
40 78 -0.13092669494277415
40 79 -0.012058789576817388
40 80 0.055161787716882592
40 81 -0.07534272809761558
40 82 -0.00016887699097973603
40 83 0.12810281784777416
40 84 -0.0071138556342193494
40 85 0.095393236390664868
40 86 0.21109545621169604
40 87 0.12596538407963825
40 88 -0.049948232701463653
40 89 0.0062793128703312285
40 90 -0.016560103257460462
40 91 0.056361007492137287
40 92 -0.033115706230780743
40 93 -0.027561408435544249
40 94 0.10605929805313771
40 95 0.081915248241660285
40 96 0.084767157418193767
40 97 0.093003787072691871
40 98 0.011971444225242741
40 99 0.054009041914919412
40 100 -0.073876909784111502
40 101 -0.14645592371348476
40 102 -0.14655472346775539
40 103 -0.066449041046750021
40 104 0.12560085971548321
40 105 0.1075487189692113
40 106 -0.12959494774673544
40 107 0.046011165173317062
40 108 0.056254798049507108
40 109 -0.029908591083118372
40 110 -0.025941129027081553
40 111 -0.070867923602253496
40 112 0.022297626065080154
40 113 -0.17669656589541399
40 114 -0.015101884921948912
40 115 -0.0096757755081776867
40 116 0.1355595466537414
40 117 -0.05326028546395821
40 118 -0.17065684464995298
40 119 -0.14515273141486718
40 120 -0.10222431827129791
40 121 -0.090310338067144891
40 122 0.016839653832515799
40 123 -0.014021512545503406
40 124 0.0038914229521080155
40 125 -0.025255141864021665
40 126 -0.074087276672059485
40 127 0.025305305027629902
40 128 0.0058910885495802295
40 129 -0.0078393518888111077
40 130 0.016987971108948847
40 131 -0.11229791299834657
40 132 -0.080146547705805024
40 133 0.042294034764009752
40 134 -0.0056538531065934592
40 135 -0.048070575519813807
40 136 0.055803920714827426
40 137 -0.069502931057030065
40 138 -0.085493122398899987
40 139 0.072743462822356511
40 140 -0.025827046608938017
40 141 -0.15348780961574549
40 142 -0.05196502142514068
40 143 -0.061590582848656247
40 144 0.055779942184446783
40 145 -0.11930008118519063
40 146 0.018771487194444814
40 147 0.0038202658176310993
40 148 -0.0060349706806567286
40 149 0.0061066581912945471
41 42 -0.057287149242713775
41 43 -0.0086043004562383132
41 44 -0.02460385347037549
41 45 -0.0046906177058797984
41 46 -0.078601475275899418
41 47 -0.0091144142329954957
41 48 0.020780534715111119
41 49 0.0053406446638654057
41 50 -0.10773098992645669
41 51 -0.017758755752092941
41 52 0.0631147560931834
41 53 0.056612314688918135
41 54 -0.022185981464858926
41 55 -0.12413466383636511
41 56 0.054293602390774229
41 57 0.054009884063678917
41 58 0.17166167074227828
41 59 0.033360440384691534
41 60 -0.039140901490271704
41 61 -0.03462281839409969
41 62 0.10228781570811275
41 63 -0.0056497799245894187
41 64 0.042760941163733995
41 65 0.030227839537450289
41 66 0.083168404715701819
41 67 -0.055424302832112582
41 68 -0.0097024926068270158
41 69 -0.14162111272334391
41 70 -0.09048222231571372
41 71 -0.0051649652804331729
41 72 0.0440340092281227
41 73 0.10328991461379405
41 74 0.080398473076400995
41 75 0.067548790365526107
41 76 0.077938632794528784
41 77 0.042862145176933514
41 78 0.005471771142266056
41 79 -0.063671000928720092
41 80 0.10158100134176078
41 81 -0.10314972312010555
41 82 -0.051736614550649096
41 83 0.017654623649541307
41 84 -0.015378945546445436
41 85 -0.10001751458491612
41 86 -0.16297040689933531
41 87 -0.026781405482663865
41 88 0.04354694249702961
41 89 0.025951924213405697
41 90 0.05003177691380295
41 91 -0.19362193361318408
41 92 -0.053669844456618557
41 93 0.042188661357811172
41 94 0.1146689868851906
41 95 -0.0020194569686668887
41 96 0.090428973643340377
41 97 0.025089574537635762
41 98 -0.060621804983645014
41 99 0.042138692311935219
41 100 0.028068848434152898
41 101 -0.18049986949282976
41 102 -0.080142011826835641
41 103 -0.010117247007339351
41 104 -0.10760560463858586
41 105 -0.056567342277271768
41 106 0.015944855623198889
41 107 0.054588669406819827
41 108 0.084164721050954516
41 109 -0.020979378973445744
41 110 0.030964020228399107
41 111 0.14436495506963992
41 112 -0.058836035373802789
41 113 0.01527155337762779
41 114 -0.070225328355461719
41 115 0.0043323613689797355
41 116 -0.074229507303599798
41 117 -0.079234962215268767
41 118 -0.0010642852184150735
41 119 -0.082664791236848528
41 120 0.0040267225658605493
41 121 0.032061040981492116
41 122 -0.11583719311773635
41 123 -0.079235298267931964
41 124 0.024963040289124026
41 125 0.049530635407268805
41 126 -0.024291772841816398
41 127 -0.094441048369297162
41 128 0.066188910819508659
41 129 -0.15293721425940532
41 130 0.13538268457848143
41 131 -0.020019537125456673
41 132 -0.079598496850969813
41 133 -0.055093751982655287
41 134 0.10476279740405031
41 135 0.070487309068477125
41 136 0.01579891514403238
41 137 -0.11405813776067095
41 138 -0.13917248365439144
41 139 -0.01639058107365688
41 140 -0.14148120518466539
41 141 -0.028512773366023543
41 142 -0.049154484425290627
41 143 0.044272751799816115
41 144 0.087593950541129298
41 145 -0.15797975577164064
41 146 -0.11293768439509895
41 147 -0.13853658960539969
41 148 -0.011761668321778374
41 149 -0.11310132963346849
42 43 -0.13349633231263927
42 44 0.028418125611343711
42 45 -0.016053331439917745
42 46 -0.048653140898623569
42 47 0.19266019185352246
42 48 0.032912263080815282
42 49 0.031545627074755667
42 50 0.015979326952620304
42 51 -0.1553811103338178
42 52 0.045740329321699795
42 53 -0.14499614148448223
42 54 0.16601993067962983
42 55 -0.15589630226910159
42 56 -0.02982706111428763
42 57 -0.077351035500924883
42 58 -0.17742264624552864
42 59 -0.095659237406766767
42 60 -0.061707785098520027
42 61 0.086395604907617954
42 62 -0.029335821543532533
42 63 0.057429287867507867
42 64 0.024064211884448527
42 65 0.0082211000231086299
42 66 0.12741399681649437
42 67 -0.039080443674231392
42 68 0.013293753802264144
42 69 0.04031924060040417
42 70 -0.026633482311689383
42 71 0.046073735438903342
42 72 0.05126053975540433
42 73 -0.073343028461956131
42 74 0.080083907552800301
42 75 -0.18767121943958937
42 76 0.012105898970993947
42 77 0.063371664052645715
42 78 -0.01325906215267122
42 79 -0.0065163978868947956
42 80 0.035328978923905172
42 81 0.005167182851995398
42 82 0.044011437179306966
42 83 -0.081689907131876682
42 84 0.053122585676700106
42 85 0.055008537212403709
42 86 -0.018125973126379119
42 87 -0.00041791923913831364
42 88 -0.036310295444429389
42 89 -0.021615241066103966
42 90 -0.027783985177096841
42 91 -0.10670591102180133
42 92 0.021270000011761381
42 93 -0.032813767824165542
42 94 -0.082517333607365642
42 95 0.01752156408967346
42 96 -0.09232073151845395
42 97 -0.012476976428650713
42 98 0.081228174733084774
42 99 0.012728775887112015
42 100 0.048533953253487506
42 101 0.077208077978792922
42 102 -0.049307334623270423
42 103 0.059156019422502107
42 104 0.064081837016929794
42 105 0.00033974640964391935
42 106 0.066077929283635622
42 107 -0.0090536500324211629
42 108 -0.066279368201377253
42 109 0.065009654612748102
42 110 0.019301848919962335
42 111 0.033688360981978929
42 112 -0.00094854797131623089
42 113 0.060434200105794277
42 114 -0.084368052818883474
42 115 -0.020723149993795733
42 116 -0.0023746125665358481
42 117 -0.11750499638781522
42 118 0.037289495995267631
42 119 -0.02719843525194093
42 120 0.032228380124767753
42 121 -0.069308113390856088
42 122 0.044379004401370811
42 123 0.064453453540961811
42 124 0.02879588305689022
42 125 0.0054577514946648059
42 126 0.01850684311998594
42 127 -0.04294517025488305
42 128 0.04946511684556771
42 129 -0.008972371291713464
42 130 0.028128567713839668
42 131 0.13345537675130995
42 132 -0.11125676885672907
42 133 0.058872766533998498
42 134 0.074972375847507031
42 135 0.028361709787918785
42 136 0.01753525250239734
42 137 0.035678338493048148
42 138 0.025581833519117567
42 139 0.0019344815224809264
42 140 -0.030018019298813415
42 141 0.14610949922066035
42 142 -0.026108225297826013
42 143 -0.02119403416795761
42 144 0.016342065731458241
42 145 0.064469231337948588
42 146 0.16660701615857171
42 147 0.12336876897671964
42 148 -0.073574395668055223
42 149 0.010267324654185929
43 44 -0.14104828112082038
43 45 0.058259168055449284
43 46 -0.067119800721367001
43 47 -0.059267107313010367
43 48 -0.17554161172313121
43 49 0.028474205890469548
43 50 -0.08636442675869023
43 51 -0.0078532972467256976
43 52 0.10786477766521896
43 53 0.065890568979537836
43 54 -0.17067129395879832
43 55 0.028902728159374527
43 56 -0.05464395959465549
43 57 0.019795265545562827
43 58 -0.15879794907816297
43 59 -0.068046904454515958
43 60 0.061266759873963579
43 61 -0.046750970998033561
43 62 -0.01552338054310873
43 63 0.093673292538527089
43 64 0.0094310054549228053
43 65 0.0025218043806112312
43 66 -0.060905885477737606
43 67 0.061838936062964055
43 68 -0.034990741153104257
43 69 0.11420170065496361
43 70 -0.056138085742474836
43 71 -0.11831514705208318
43 72 -0.062554065204406262
43 73 0.038633624670569494
43 74 -0.13422730212964601
43 75 0.10702684259327086
43 76 -0.13032562438802489
43 77 0.063925121844591731
43 78 -0.065473443063675196
43 79 -0.0701563283593679
43 80 -0.048435073652844149
43 81 0.019820955541104992
43 82 -0.044423651759309207
43 83 0.06194328217691572
43 84 0.12837874131737667
43 85 -0.035050630991167502
43 86 0.053195601892921489
43 87 0.038759004701633529
43 88 0.004134294410265838
43 89 -0.011798746991082345
43 90 -0.085198525057699162
43 91 -0.025690157329424278
43 92 -0.11539725867946736
43 93 -0.00059029316596802414
43 94 0.021969929490861614
43 95 0.048362734187346039
43 96 0.022435001032862951
43 97 0.022320322840425334
43 98 0.080037620562051229
43 99 -0.075941453546495924
43 100 -0.048311180492208471
43 101 -0.06740042503853276
43 102 0.11568194955493062
43 103 -0.10238763349845605
43 104 0.030683320222723375
43 105 0.10015236432128755
43 106 -0.058524375168841514
43 107 -0.021597906127715092
43 108 -0.018219886020675206
43 109 -0.011180448719107285
43 110 0.14126457110675056
43 111 -0.024672710831947189
43 112 0.057003597729297285
43 113 -0.10662236030983463
43 114 -0.1174609084658589
43 115 0.10935296165492241
43 116 0.043295584449433495
43 117 -0.0091730265429006974
43 118 0.049413265579942307
43 119 0.018552030912012032
43 120 0.085368469857114895
43 121 0.01327729717542276
43 122 0.049912426095569874
43 123 0.00077165386166357596
43 124 -0.017152370861182365
43 125 0.0008510497291092299
43 126 -0.012189246481143503
43 127 0.0077512180975855254
43 128 0.042345299990450294
43 129 -0.057880583870716949
43 130 -0.038673666704298337
43 131 0.23773462334520679
43 132 -0.1727182146207849
43 133 0.049514712646916502
43 134 -0.061076731364808179
43 135 0.00042145776124660202
43 136 0.0068524828088337604
43 137 -0.084417700148880601
43 138 0.018031466024590711
43 139 0.096793774019939577
43 140 -0.017507381806272641
43 141 0.096965612566280793
43 142 0.11191893426862551
43 143 -0.033041781259601798
43 144 0.10921690163069571
43 145 0.020592348539219794
43 146 0.016212220570246138
43 147 -0.0055842846199211059
43 148 0.22425235155088546
43 149 0.044967646809666056
44 45 -0.086654063111641866
44 46 -0.014248564114297695
44 47 0.095836580854889664
44 48 -0.0046863548780294523
44 49 -0.095309531607656262
44 50 -0.084868239625339681
44 51 -0.086374192181125839
44 52 -0.12398894666717035
44 53 -0.052826306464573855
44 54 0.076243370510496677
44 55 -0.015841712661984531
44 56 -0.14005242783227825
44 57 -0.091664829608717802
44 58 -0.018952616790245933
44 59 -0.039802164897162338
44 60 0.00082512398554443196
44 61 -0.098620482953235833
44 62 -0.13079026212035499
44 63 0.088259689304434383
44 64 -0.058800711372800192
44 65 0.059915280344442344
44 66 -0.0035875686032619957
44 67 -0.031682657113694765
44 68 -0.035384183629867262
44 69 0.054108403449775334
44 70 0.072420215689122686
44 71 -0.17680324340257192
44 72 0.047632109433994839
44 73 -0.046865641976360325
44 74 -0.11668512961466944
44 75 0.067710723340555209
44 76 0.022074980611164533
44 77 0.070228591489545383
44 78 -0.092159268170810785
44 79 0.075772538403263701
44 80 0.066237008700523153
44 81 -0.027462272619576778
44 82 0.084306841866392992
44 83 -0.10355131711526766
44 84 0.064939473220119115
44 85 0.059526317831907663
44 86 0.0068019726827304571
44 87 0.0094675497535012081
44 88 0.063437858128766358
44 89 -0.11962391934421832
44 90 -0.073730301951288726
44 91 0.022755097891583285
44 92 -0.14471266615547157
44 93 -0.055529798408187656
44 94 -0.069175064497413591
44 95 -0.13347835832294014
44 96 -0.057191900839173193
44 97 0.023458031284073269
44 98 -0.11021612126907401
44 99 0.052061929475936193
44 100 -0.048243483186473306
44 101 0.028611192721653439
44 102 0.083771247383075106
44 103 0.015695352235367201
44 104 -0.16949917469926315
44 105 0.018453346187967033
44 106 0.06407716836118682
44 107 0.039649153987570865
44 108 -0.029193004251203233
44 109 0.055232899277366097
44 110 0.0864672495388112
44 111 -0.001811814447157227
44 112 -0.021225900907402069
44 113 0.01466363740950084
44 114 -0.018809284686964137
44 115 -0.1404992996079395
44 116 -0.16722831922517323
44 117 -0.10670813663731529
44 118 -0.050182280498292549
44 119 0.067460125624192041
44 120 0.070650670456490497
44 121 0.0016435652247355542
44 122 -0.048954290640444396
44 123 0.078903886089723027
44 124 0.15661271835827936
44 125 0.075518900499063818
44 126 0.20543340175423275
44 127 0.12001468986321626
44 128 -0.086177980113693972
44 129 -0.0051414536461549159
44 130 -0.11043108028117798
44 131 0.04164271330290522
44 132 -0.006084406912767769
44 133 -0.13858041688143877
44 134 -0.1338668836615263
44 135 -0.01319915702575216
44 136 0.050942171449119632
44 137 0.002471905781963163
44 138 0.039567442492266659
44 139 0.067416987229038092
44 140 0.026674017708128123
44 141 -0.00012457791576357419
44 142 0.0034522558281857981
44 143 -0.033763874188175932
44 144 0.067333245490027921
44 145 0.034512361562342907
44 146 0.01909689293940043
44 147 0.0029921439431588072
44 148 -0.13313763057553477
44 149 -0.0081095295309642212
45 46 -0.11369582752757712
45 47 -0.061643367660317999
45 48 0.025226192994984506
45 49 0.0045429369269619898
45 50 -0.054882308382052554
45 51 -0.025174860880856596
45 52 -0.088544299065536902
45 53 0.056011885099770925
45 54 -0.002640814042376254
45 55 -0.077171710387659159
45 56 -0.019650182794966987
45 57 0.021976749284429095
45 58 0.073887727566060948
45 59 -0.1420192665793602
45 60 -0.14151141590225472
45 61 -0.084906005774486329
45 62 -0.045322076514422015
45 63 -0.012159485621400193
45 64 0.011790230981965178
45 65 0.089204482168256771
45 66 0.10470103478919091
45 67 0.039035632738710191
45 68 0.10991394055368696
45 69 0.039741919925944245
45 70 0.059648089475256523
45 71 0.018548198843461032
45 72 -0.014207619591499852
45 73 0.018804461893974188
45 74 0.075853294501267252
45 75 -0.079638317160450126
45 76 0.075123906468727172
45 77 -0.0040966661527918769
45 78 -0.0032003944179305474
45 79 -0.010665012832804658
45 80 -0.029004367268526132
45 81 0.13003929296909411
45 82 -0.011707112014148079
45 83 0.047713712734448237
45 84 0.0092409541439206436
45 85 0.038367854383254907
45 86 -0.0033557013510679126
45 87 0.068663279917115544
45 88 -0.032863883856358279
45 89 0.046667332697251006
45 90 -0.23300541495961999
45 91 -0.039414801265109801
45 92 -0.12581481486548393
45 93 0.18204885336454424
45 94 0.0070762831789402438
45 95 0.03041325270203565
45 96 -0.03878114968353702
45 97 0.0045833489094008507
45 98 -0.045709359903987355
45 99 0.11950154617586008
45 100 0.10208739799004733
45 101 0.018311937670492273
45 102 0.010156225000325453
45 103 -0.12623478863795248
45 104 0.093380147109561051
45 105 0.010783069171674547
45 106 0.086074878467235064
45 107 -0.060794675065752819
45 108 0.087177395133938296
45 109 -0.076499782349341697
45 110 0.0065985727195380902
45 111 -0.059429717188123669
45 112 -0.018983392651624059
45 113 0.10531832764544793
45 114 0.15162321926888553
45 115 -0.01704392014255671
45 116 -0.093547238352569353
45 117 0.065833445395161325
45 118 -0.025069319420059102
45 119 -0.16408351313660921
45 120 0.08125756626459546
45 121 -0.13526586804094948
45 122 -0.099789476687927883
45 123 0.017420546380079983
45 124 -0.084726501450754582
45 125 -0.024005059114257751
45 126 -0.079707376317470116
45 127 -0.090352027149298242
45 128 -0.026197591587036263
45 129 0.15241442961306736
45 130 -0.12151451651776256
45 131 -0.049056146104039147
45 132 0.039469370019727792
45 133 0.0094827868326186945
45 134 -0.021778479125590725
45 135 0.1252780407415123
45 136 -0.07067987292293415
45 137 0.20096100132474465
45 138 0.0084235552449308006
45 139 0.13258163414141491
45 140 -0.22754861793801484
45 141 0.068882146329950947
45 142 -0.01310707439020363
45 143 0.032794097920590966
45 144 -0.034450046917810284
45 145 -0.062191614804350384
45 146 0.033534610700083796
45 147 0.0041591419073525385
45 148 0.04687145305622057
45 149 0.034971675202325241
46 47 -0.07573203314313634
46 48 0.12186448941935159
46 49 0.029850901290673301
46 50 0.026678876926219321
46 51 -0.03466234074811906
46 52 -0.068111116071750771
46 53 0.0116162956066905
46 54 -0.031789703028397502
46 55 -0.0011560032243211067
46 56 0.042330577242445357
46 57 -0.035964871138800994
46 58 0.013558030590922535
46 59 0.017299316014091154
46 60 -0.051685921288626348
46 61 -0.017311894724384248
46 62 0.017129743957916388
46 63 0.015904492150792204
46 64 0.0092006653746868478
46 65 -0.12282266358944456
46 66 0.17707073883340724
46 67 -0.029636537588084249
46 68 -0.096267203270499271
46 69 -0.032627719503913875
46 70 0.1190578108747711
46 71 0.10558183029099524
46 72 -0.016402312479485065
46 73 0.023869089131543508
46 74 -0.01951485068394623
46 75 0.010916794776373856
46 76 -0.058279553120461812
46 77 -0.028258991208161
46 78 0.012169770205256619
46 79 0.10763181983101347
46 80 -0.058245699167851765
46 81 -0.088657726320204341
46 82 -0.033057442402917338
46 83 0.044516944464422982
46 84 0.024854207950055971
46 85 -0.04246821134192786
46 86 0.12250939794152915
46 87 -0.18499275034115503
46 88 -0.16970952542337464
46 89 0.068875937156940473
46 90 -0.049717483606395947
46 91 -0.0032086037026280911
46 92 0.03789820944212869
46 93 0.071363397550425367
46 94 0.10703802009499751
46 95 -0.11721917250941655
46 96 0.056451948486649674
46 97 -0.0041814716307875472
46 98 -0.2853477938105396
46 99 -0.015539100487954569
46 100 -0.013700346884692672
46 101 0.14012785666989155
46 102 -0.0063419276217015867
46 103 -0.095643133312315068
46 104 0.031974928687753319
46 105 0.0089613011212062079
46 106 0.021372926616237971
46 107 0.0048811584611652267
46 108 -0.11424409020541883
46 109 0.093695048755786145
46 110 0.11849513237047311
46 111 -0.14463612393976946
46 112 -0.20949752155208656
46 113 0.13014663113881647
46 114 0.0071528045380862861
46 115 0.040606384942203935
46 116 0.016679505419473252
46 117 -0.091728563836578181
46 118 -0.09422271250173872
46 119 0.078840705937161262
46 120 -0.062224611339169462
46 121 -0.11637648102198417
46 122 -0.04444060434916814
46 123 -0.022377440831470155
46 124 -0.076704956349003678
46 125 -0.057830557716722464
46 126 -0.063144018904763274
46 127 -0.037002070862308445
46 128 0.037225491193427517
46 129 0.09049498529834947
46 130 0.043660077369901677
46 131 0.02186101488511815
46 132 0.11198619642473212
46 133 0.15080611430810015
46 134 0.039198335827934062
46 135 -0.0024729851729235748
46 136 0.1053415125786156
46 137 -0.050264077865690877
46 138 0.032194595191632328
46 139 -0.04808243320248555
46 140 0.045229538355593749
46 141 -0.0091232126673922841
46 142 -0.083226012540287539
46 143 -0.05442675126309704
46 144 0.14658082001189765
46 145 -0.061172506422862323
46 146 0.024306915491050608
46 147 -0.018813343232652449
46 148 0.052795688572602292
46 149 0.048407350796413798
47 48 0.086372179125896203
47 49 0.060581339478784441
47 50 0.066236694318985226
47 51 0.034764726669193974
47 52 -0.07452875020558708
47 53 -0.034684132685110905
47 54 -0.0084038563462746577
47 55 -0.0033038976029662226
47 56 -0.084884905124356633
47 57 -0.0018848687400254954
47 58 0.008672034221966423
47 59 0.041954609606068984
47 60 0.092954430573616173
47 61 -0.011145054228633332
47 62 0.019182731018075938
47 63 -0.013258605105904335
47 64 -0.00080842905273678363
47 65 -0.035831678158249419
47 66 0.096273244206764197
47 67 0.082639461481495521
47 68 0.12256972632962222
47 69 0.12762471844557152
47 70 -0.10877209993501347
47 71 0.082483372469619246
47 72 0.023594064272116813
47 73 -0.01626868769560897
47 74 -0.047393652388151623
47 75 0.097411213378116882
47 76 -0.02959983056377986
47 77 0.0052772517376709193
47 78 -0.055957465205572633
47 79 0.097852139437094837
47 80 -0.13136902203376144
47 81 -0.067468041129675402
47 82 0.046748595363235973
47 83 0.0011807906289556984
47 84 -7.9688598877147648e-05
47 85 0.15719472713776331
47 86 0.013368728643339331
47 87 0.058273784974678798
47 88 -0.014845826703786709
47 89 -0.029406263307173979
47 90 0.02897618855185111
47 91 0.08194170742808532
47 92 -0.10853998306802913
47 93 0.049241194041741106
47 94 -0.13316517680055306
47 95 -0.13259205137368169
47 96 0.0052429836994668591
47 97 -0.082379900961847996
47 98 -0.034715427059890953
47 99 0.091410913081663422
47 100 0.1174200455581767
47 101 0.05911045268043378
47 102 0.02309295516049225
47 103 0.09081259117619804
47 104 0.12622481361390853
47 105 0.057661658923478104
47 106 0.092147970727163048
47 107 -0.066207848696696686
47 108 0.065603974264796611
47 109 0.05330658688573886
47 110 0.01468249981321453
47 111 -0.091981630629154668
47 112 -0.024919885443594893
47 113 0.0051964860196304242
47 114 0.0039307153602052445
47 115 -0.071166164136120355
47 116 0.0059978405021880983
47 117 -0.03251622275734542
47 118 -0.075382550794938122
47 119 0.072195900947679845
47 120 -0.060458028545907531
47 121 -0.059022940283038824
47 122 0.019527560012737227
47 123 -0.024043740584317082
47 124 0.069638542903620732
47 125 0.016431913911152771
47 126 -0.022245830690279592
47 127 0.039606690352681342
47 128 0.061547507835972855
47 129 -0.052342297113739319
47 130 -0.034862374686398905
47 131 -0.03299291407548572
47 132 -0.0094188071234712848
47 133 -0.15817001677962847
47 134 -0.030792736919520558
47 135 0.045629901519895405
47 136 -0.010734787334079534
47 137 0.086763892612964494
47 138 0.096468714085316334
47 139 0.043866191963698231
47 140 -0.13560751878321481
47 141 0.13082670971738639
47 142 0.049594415739702608
47 143 -0.054519116417599635
47 144 0.13539112444234808
47 145 -0.051976986695589034
47 146 0.020617856228191844
47 147 -0.0090386596247043639
47 148 -0.027648691143333695
47 149 0.027238500149736253
48 49 -0.11225645897961696
48 50 0.085304405606413447
48 51 -0.16851425379705659
48 52 0.10514104901275029
48 53 -0.050197417720058105
48 54 0.021867872501413074
48 55 -0.017854980880909848
48 56 0.046780231640514411
48 57 -0.12272565638208541
48 58 0.049792782722730071
48 59 0.075345828634515638
48 60 -0.10691280012806029
48 61 0.011847102167212581
48 62 -0.087838132212829045
48 63 -0.082334354703714002
48 64 -0.020498546093732983
48 65 0.055866105068664858
48 66 0.037528216305724775
48 67 -0.28339417267569972
48 68 -0.15002116720957406
48 69 -0.00044720527919295727
48 70 -0.062464824392950064
48 71 0.027104853514648742
48 72 -0.044331242500470706
48 73 -0.021028481005398239
48 74 0.023699067186679298
48 75 -0.047133335975243502
48 76 0.060659378408383861
48 77 -0.13171836027531897
48 78 0.057838810536126342
48 79 -0.00089877179385237319
48 80 0.011589734633163729
48 81 -0.0048067212711916784
48 82 0.051761797140394708
48 83 -0.0074610853556314905
48 84 -0.0041058967952536801
48 85 0.065286524100449689
48 86 -0.053134054184490194
48 87 0.13179398020045627
48 88 -0.042991581369620079
48 89 -0.12973363837345275
48 90 -0.026613777548882084
48 91 -0.045541031249885164
48 92 -0.048469691300380924
48 93 0.014089236673641944
48 94 -0.043584880668331029
48 95 0.12042043890793677
48 96 -0.026395950675053712
48 97 -0.084479433921121644
48 98 -0.091306682024862973
48 99 0.037493422527550634
48 100 0.060422634996195559
48 101 -0.10420299898058413
48 102 0.05518244237731891
48 103 -0.058926416045511132
48 104 0.031578494802810178
48 105 -0.10571279434150352
48 106 -0.10452096614906088
48 107 0.10045762042803638
48 108 0.067423854777643427
48 109 -0.087541073766505509
48 110 -0.081442586234173775
48 111 -0.070346083772991896
48 112 -0.11264990031138246
48 113 -0.042770429867194787
48 114 0.036878022896275058
48 115 -0.17616799013633877
48 116 -0.056355282168697431
48 117 0.0095855598068178751
48 118 -0.00212357004861277
48 119 -0.13368698073163682
48 120 -0.12533785889090562
48 121 0.095712797171489797
48 122 -0.047035944363612699
48 123 0.061526308172702396
48 124 0.12141581752994055
48 125 -0.048815351320441257
48 126 0.017902622613625775
48 127 0.085315371316767044
48 128 0.033246401199581929
48 129 0.021665730806181782
48 130 0.091635441283210994
48 131 -0.021983099478657037
48 132 0.02299361338876869
48 133 0.077044526417639161
48 134 -0.017415466037480971
48 135 0.01479742399809012
48 136 0.017386813317115394
48 137 -0.13823035145690146
48 138 -0.0087940164407655282
48 139 -0.0038119002572683542
48 140 0.014863602672351187
48 141 0.043135095230353922
48 142 -0.026581440489935718
48 143 -0.039056813346937648
48 144 0.047578045027812897
48 145 -0.019513147027095668
48 146 -0.10639236261792583
48 147 0.020332510281538669
48 148 -0.0061349276027299936
48 149 0.0083935841388570152
49 50 0.023658033932189727
49 51 -0.073025239139787423
49 52 -0.095378289636537841
49 53 -0.091895657648359316
49 54 0.085950907584701169
49 55 -0.11595493435946283
49 56 0.022291673562329542
49 57 -0.039321276214059529
49 58 0.1645664731625984
49 59 0.08194726274837652
49 60 -0.065436768611075183
49 61 -0.004177893745633471
49 62 -0.16215189189364387
49 63 0.02909907791988639
49 64 -0.11883498676315507
49 65 0.034580505932342784
49 66 0.11941576763705498
49 67 0.028235295052940087
49 68 -0.023379903805077307
49 69 -0.034325371703243221
49 70 -0.17704858681247915
49 71 -0.12600044223301049
49 72 -0.071336621306804904
49 73 -0.071288559795575204
49 74 0.097517373137605931
49 75 0.098340131626933391
49 76 0.081142592535597705
49 77 0.0040140356972405439
49 78 -0.048699793481798238
49 79 -0.03454986917464975
49 80 -0.031214257543839469
49 81 -0.058068885733279819
49 82 -0.076829636199046064
49 83 0.093825722021949984
49 84 0.045123678775224996
49 85 -0.010215807596300648
49 86 0.056217104831827014
49 87 0.17017122775092758
49 88 -0.012273790467482141
49 89 0.14073200750750575
49 90 -0.06914527364075912
49 91 0.03805508082922205
49 92 0.20309870759332216
49 93 -0.037507055239297614
49 94 -0.043662668399844229
49 95 -0.040286129201542002
49 96 -0.15843081208709084
49 97 -0.019045276361939499
49 98 -0.024522631761221318
49 99 0.12973854748501862
49 100 0.14805130603862751
49 101 -0.065799286597102047
49 102 0.038805388331774694
49 103 0.041219936028206387
49 104 0.11462959115379089
49 105 0.0067179203229815083
49 106 0.0045936548555850923
49 107 0.088751932178086357
49 108 -0.036913318721523418
49 109 -0.17206128928669839
49 110 0.038637164029676381
49 111 0.080790704960272144
49 112 0.021801791911766479
49 113 0.17829149199304337
49 114 -0.11407155100343615
49 115 0.0081347886199801597
49 116 -0.092934740500396212
49 117 0.16783168589615136
49 118 -0.15551621023306139
49 119 -0.021191989780638465
49 120 -0.074214639532522469
49 121 -0.19305256567433801
49 122 0.1075535615716319
49 123 0.018398911617710262
49 124 0.050444685910133007
49 125 0.023068417704184125
49 126 0.084731251662048451
49 127 -0.20216930827060764
49 128 -0.043296475237459317
49 129 -0.048759425183546139
49 130 -0.039905517128320071
49 131 -0.1011113807184251
49 132 0.014165621704507374
49 133 0.086205459177769173
49 134 0.02940578798585966
49 135 0.06881647958246262
49 136 0.018825449527102991
49 137 -0.041070134209534974
49 138 0.10923328059231635
49 139 0.066712657136067083
49 140 -0.049913009836848446
49 141 0.092684347052885793
49 142 -0.061751011833024151
49 143 -0.062374208326495678
49 144 -0.071396467105516018
49 145 -0.049362487325940119
49 146 -0.050103509380559977
49 147 0.15339642640939299
49 148 -0.14592257347154511
49 149 -0.0047810175628146623
50 51 -0.02808852083551629
50 52 -0.014700669379526082
50 53 -0.015197751872485826
50 54 0.046512887972180221
50 55 0.045727835745115554
50 56 -0.030430519773223811
50 57 -0.20792558231427621
50 58 -0.12959508294137206
50 59 0.080221300542622706
50 60 -0.028630451417488507
50 61 0.095844883998525934
50 62 -0.1569049822800945
50 63 0.071244965216511025
50 64 -0.156598093325615
50 65 0.0098343910560954369
50 66 -0.11173221267620856
50 67 -0.044465028934658563
50 68 0.0077521189303684625
50 69 0.0027001717229193354
50 70 0.048194285751918954
50 71 0.11742349852705027
50 72 0.042037175563792523
50 73 -0.092360111096442973
50 74 -0.11213681878176543
50 75 -0.070926167773670473
50 76 -0.029391305408058004
50 77 -0.044363149527272064
50 78 0.10741427344861497
50 79 -0.021377579992356885
50 80 0.093432234986911583
50 81 -0.063730903300283984
50 82 -0.058472759581122101
50 83 0.00036593339692579587
50 84 0.033886296872156683
50 85 0.066316762245318309
50 86 -0.10434493246232185
50 87 0.046884196255188158
50 88 -0.0093332576718639631
50 89 -0.10720336647963712
50 90 0.081040678019529966
50 91 -0.089744027200982152
50 92 0.03233241375701866
50 93 -0.11862788698679612
50 94 0.1445138429025519
50 95 0.073556202587420044
50 96 0.091260353753021356
50 97 -0.13116268891289296
50 98 -0.036469628099246532
50 99 0.020423643212687706
50 100 0.102243505450432
50 101 0.13765241081174923
50 102 -0.002060767203546727
50 103 0.019337798736885556
50 104 -0.015355804179564052
50 105 0.01696533682061049
50 106 0.05395348750335089
50 107 -0.026417692997549015
50 108 0.028422230185101784
50 109 -0.11341546252028988
50 110 0.069914288045104564
50 111 -0.080306254060995882
50 112 -0.059621392187679159
50 113 0.024093565501694364
50 114 -0.019740506901583695
50 115 -0.066101078496181867
50 116 -0.064158956054860827
50 117 -0.011794983279312525
50 118 0.10676627332783561
50 119 0.014860785346289511
50 120 -0.1418742991497399
50 121 0.0067012344438430139
50 122 -0.039705118178639948
50 123 -0.018007761246951279
50 124 -0.050194710425214402
50 125 0.15810911055163804
50 126 -0.092003138980652252
50 127 -0.0082578807858869601
50 128 0.023085565710927555
50 129 0.060966879752879871
50 130 0.074925768607883983
50 131 0.042142168186319807
50 132 0.03105211155824306
50 133 0.074957242803100496
50 134 0.010172347404201683
50 135 0.062981370827646502
50 136 0.048635558709713617
50 137 0.16814707032284096
50 138 0.055519029024354238
50 139 -0.045915892810322712
50 140 0.18935609698457317
50 141 0.077765570741975265
50 142 0.020744680573843956
50 143 0.023858727687148255
50 144 -0.025939942030862338
50 145 -0.12495670595769316
50 146 0.040910174199080225
50 147 0.097487698731021061
50 148 -0.14118638974154132
50 149 0.22399787816726485
51 52 0.021823776460828011
51 53 -0.11015355001942218
51 54 0.17543455026300089
51 55 0.10396837016308959
51 56 -0.085574058273805154
51 57 -0.0045026620824561141
51 58 0.076203150071291734
51 59 0.035081011364386662
51 60 0.015823203141677893
51 61 -0.014766334254977441
51 62 0.11019166838860871
51 63 0.053088509804688017
51 64 -0.026642500137039699
51 65 0.11455978228183232
51 66 -0.06009285948770475
51 67 -0.087495551662571905
51 68 0.043152223545690635
51 69 -0.094398052614346417
51 70 0.093354510584464506
51 71 -0.049056684854725537
51 72 -0.0044527294144030534
51 73 -0.087745172455006321
51 74 -0.038966813940388915
51 75 0.04977691866092164
51 76 -0.058567701774959804
51 77 -0.0015909247766106756
51 78 0.080073530709831128
51 79 0.041703959747464048
51 80 0.00062322552805004709
51 81 0.1139031190444067
51 82 0.13509052556923096
51 83 0.15624218929651046
51 84 0.011179036935168134
51 85 0.14699570995349737
51 86 0.023977272467658611
51 87 -0.0087116504758817468
51 88 -0.065868513045158783
51 89 -0.07594135288425917
51 90 -0.012227262931009716
51 91 0.21951515673795266
51 92 0.094053216456691152
51 93 0.11735349831054016
51 94 -0.19884542051565221
51 95 0.040488487380499733
51 96 -0.12275740979274229
51 97 0.097151023178474447
51 98 -0.039080986089613787
51 99 -0.040622329522038182
51 100 0.088376049510648272
51 101 -0.032173358835132781
51 102 0.0064641277039694288
51 103 0.14639862066428652
51 104 0.057671819499605474
51 105 -0.048068220618374034
51 106 0.029663993425181199
51 107 -0.17825748287286652
51 108 -0.007020462486287374
51 109 0.13636842777392677
51 110 -0.0098103447948079299
51 111 0.27191625748835213
51 112 0.0051021996395357455
51 113 -0.099048852000397411
51 114 -0.049341951890332948
51 115 0.059695423853595955
51 116 0.02845192253753881
51 117 -0.033000620781480618
51 118 -0.073876986806335074
51 119 0.00033188820518052867
51 120 0.082255716482457941
51 121 -0.029175747353120476
51 122 -0.0010317850186444368
51 123 0.00044445443554462917
51 124 0.033348626753791182
51 125 0.0063418369540091937
51 126 0.09636947626264003
51 127 -0.077976354657158492
51 128 -0.086271231147609984
51 129 -0.013228934051668887
51 130 -0.0525850761014778
51 131 0.051028960629920871
51 132 0.050720943946614298
51 133 -0.044622906099383547
51 134 -0.014055679930201079
51 135 0.067521942902684901
51 136 -0.087770220725731901
51 137 0.036573293484592713
51 138 0.041295099936046895
51 139 -0.035230374304821718
51 140 -0.05052968987052045
51 141 0.0038815866847238811
51 142 -0.087948266707463377
51 143 -0.031663579885447789
51 144 0.21939320648735436
51 145 0.10689706219491057
51 146 -0.069556527945997343
51 147 -0.047614498203217628
51 148 0.030644692585399085
51 149 0.098988204804741908
52 53 0.019330132233407866
52 54 0.096703656651571393
52 55 -0.10084057644295347
52 56 0.065210565747450946
52 57 0.13946208841295099
52 58 0.10163777306559185
52 59 0.020982803330535257
52 60 0.081457159981381103
52 61 0.051622626537763554
52 62 0.014312703424887692
52 63 0.018777340858297405
52 64 -0.029468799712540083
52 65 -0.014663982346817598
52 66 0.14986231728194471
52 67 -0.19641184783189791
52 68 -0.022155098753158634
52 69 -0.097651268078694745
52 70 -0.031064494566891889
52 71 -0.083959544085394869
52 72 -0.14646648888319763
52 73 -0.077222435021605584
52 74 -0.061066624436460708
52 75 -0.011626475908723677
52 76 -0.094107362370638437
52 77 0.01500370463416943
52 78 -0.074389686766810403
52 79 -0.028569710946181597
52 80 -0.028355684031039819
52 81 -0.043083988928196162
52 82 -0.10369555593925604
52 83 -0.018526272793743068
52 84 0.029065357317385253
52 85 -0.096746401010224609
52 86 -0.032870915420872338
52 87 0.065895707799063091
52 88 -0.14230914972382927
52 89 0.064001924788740672
52 90 -0.010699489025792602
52 91 0.0023091748235017167
52 92 0.062902138304666719
52 93 -0.046108017497239681
52 94 0.093532024860266641
52 95 -0.082176394841618552
52 96 -0.055408334513304125
52 97 -0.092040151605360374
52 98 -0.08435468233125791
52 99 -0.013743063253891191
52 100 0.17477802211104651
52 101 -0.11754694082127659
52 102 0.098855901013943731
52 103 -0.11943203649792718
52 104 -0.084529207229674247
52 105 0.079389588653115531
52 106 0.085723371315059749
52 107 -0.14749427344402272
52 108 -0.028381982088222839
52 109 -0.15773756217328253
52 110 -0.028815791201178897
52 111 -0.014236722764308141
52 112 0.099634935926167845
52 113 -0.028422716004963489
52 114 0.080202883988557017
52 115 0.094272453587767716
52 116 -0.10620560600449672
52 117 0.027362924918267906
52 118 0.0040093149807644548
52 119 0.059564462429656545
52 120 -0.013175127687579929
52 121 0.069894854431888753
52 122 0.0014845072669801493
52 123 0.034832947223881354
52 124 0.0049150034830000387
52 125 -0.030148242501169042
52 126 -0.10696931224869938
52 127 0.054794911870810398
52 128 -0.045233768541051149
52 129 0.071685816119863355
52 130 -0.049675765355350003
52 131 -0.03218908866000858
52 132 0.012831159407477127
52 133 -0.05345791271905919
52 134 -0.035187829569374905
52 135 -0.13804194271430595
52 136 0.12731565484096408
52 137 -0.1127770228409454
52 138 0.1368974045310889
52 139 0.055890459418831445
52 140 -0.022987767773180418
52 141 0.13022837300112305
52 142 -0.034171286095523529
52 143 0.069286413659111867
52 144 0.13605279913006352
52 145 -0.023234935026090888
52 146 0.057038234242482916
52 147 0.0093662817522415006
52 148 0.026712423496906262
52 149 0.07913891948968696
53 54 -0.014220217279584852
53 55 -0.0047220013371427278
53 56 -0.11107676623110752
53 57 0.026825211662806582
53 58 0.1202797486580407
53 59 -0.054625426998004781
53 60 0.017853006870481181
53 61 -0.067343464234836781
53 62 -0.0055720977582207785
53 63 0.16475809809059219
53 64 0.038529464437230897
53 65 -0.025718840325816318
53 66 0.026035521805427529
53 67 -0.050236178252190324
53 68 -0.21810303904209244
53 69 0.034337571464797677
53 70 -0.065910137720177286
53 71 -0.012882661279128595
53 72 -0.0062277821951072553
53 73 -0.04120018005532123
53 74 0.0583540753651621
53 75 0.00045351123430228203
53 76 0.056257747871699078
53 77 -0.026678305973396176
53 78 -0.075411726593594991
53 79 0.031853009088266042
53 80 -0.1693619906319552
53 81 -0.0094011554408352412
53 82 -0.18086719849254729
53 83 -0.13711334220493476
53 84 0.053854964935147999
53 85 -0.028768493366589414
53 86 -0.006248035630853823
53 87 -0.11159145865267539
53 88 -0.056000308255095138
53 89 -0.030152246145716304
53 90 -0.0036917821032311461
53 91 -0.10147166633513507
53 92 -0.0084018479592586019
53 93 -0.12260067796348417
53 94 0.17060320884514366
53 95 -0.03712622460530686
53 96 -0.0065913384652895417
53 97 -0.10674920148822564
53 98 0.18512413949115841
53 99 -0.017800791593458071
53 100 0.11516518780279011
53 101 -0.074673823265133721
53 102 -0.0815967131102983
53 103 -0.018893634758092442
53 104 0.0015941168041966893
53 105 0.079043430000600601
53 106 -0.0082591282003751498
53 107 -0.10308754548748447
53 108 -0.19149329317970354
53 109 -0.10650672851710949
53 110 -0.11371631040825837
53 111 -0.084008251571597081
53 112 0.044681664414280432
53 113 -0.062351749505560813
53 114 0.13091010190540517
53 115 0.022313537684047244
53 116 0.061256903047128546
53 117 -0.036295574439208986
53 118 0.092817314562274503
53 119 0.021911800687614752
53 120 0.0021522808764844639
53 121 -0.020692646625062226
53 122 0.042644673606932935
53 123 -0.11378277946523785
53 124 -0.1505210895314599
53 125 -0.088278077669291882
53 126 0.20676617398584035
53 127 0.18229436512825989
53 128 -0.14377300858101277
53 129 -0.060941114537431222
53 130 0.025401740996217274
53 131 -0.00075508035884339292
53 132 -0.003350913047664569
53 133 -0.033820584353664251
53 134 0.023466502895943472
53 135 -0.011880951166128502
53 136 0.055945844034161182
53 137 0.0114444206908612
53 138 -0.040460524759624542
53 139 -0.037786173324542136
53 140 -0.0019898541731415498
53 141 -0.02009206789226297
53 142 -0.0056812231578524429
53 143 -0.037846972448041111
53 144 0.10761654775280625
53 145 -0.052258232799160045
53 146 0.12265466494337338
53 147 0.07899390356395361
53 148 -0.072087938267197171
53 149 0.094472823525357977
54 55 -0.0027400068648232318
54 56 0.012081232185015896
54 57 0.040235284833040265
54 58 0.099499247422141543
54 59 -0.099482810660259532
54 60 0.10198661751974319
54 61 0.031747275379369805
54 62 -0.074871136939160657
54 63 -0.10926572475102968
54 64 0.064970112411361788
54 65 -0.016154154560727222
54 66 -0.029293725828464765
54 67 -0.093903287136720012
54 68 0.14483461673942133
54 69 -0.2058922266186842
54 70 -0.040930755691725766
54 71 0.10460441592324402
54 72 0.093952162201975609
54 73 -0.26287758634562336
54 74 0.073730181514441814
54 75 0.060311866320605
54 76 0.023662201486934233
54 77 0.046085015948405958
54 78 0.042217129947353653
54 79 -0.032276912979684769
54 80 0.060943859850119353
54 81 -0.0045368444380473093
54 82 -0.063152602636149358
54 83 0.15015529740592259
54 84 -0.12261556515608596
54 85 0.0012513248636549837
54 86 -0.011580741196616721
54 87 0.062288921845806748
54 88 0.034636190081557883
54 89 -0.055096233511695486
54 90 -0.12000431727915466
54 91 -0.17077594393000486
54 92 -0.087034069057895611
54 93 0.13286611519421662
54 94 -0.011738917073414132
54 95 0.055432279453579231
54 96 0.028216453759970152
54 97 -0.1373675439188406
54 98 -0.019523956969204864
54 99 0.064225812227836979
54 100 0.085767105385221976
54 101 -0.039083429023265573
54 102 0.012118739760529896
54 103 -0.031183012952626769
54 104 0.097919144706460196
54 105 -0.085226237962678281
54 106 -0.037954396093159294
54 107 0.075103430025912132
54 108 -0.1297818987330201
54 109 0.032736570712391957
54 110 0.12818759433744967
54 111 -0.0073574473598439181
54 112 0.082521078674792303
54 113 0.079146876385758791
54 114 0.066571483055903255
54 115 0.092303533186990375
54 116 0.016521421268313349
54 117 0.21819503407472762
54 118 0.1103229750004029
54 119 -0.014171774578132216
54 120 -0.00025910100490032225
54 121 -0.038630868319209304
54 122 0.078084554917785001
54 123 0.019762777174263401
54 124 0.17279680773629844
54 125 0.12936555207662923
54 126 0.045312237984801454
54 127 -0.00061943967238737641
54 128 0.0069949685130924104
54 129 0.094573091639552687
54 130 -0.09007947906533148
54 131 -0.14980843486318693
54 132 -0.069324062375826528
54 133 0.058623743669615765
54 134 -0.022516950456582807
54 135 -0.099619250433150452
54 136 0.11965028339969166
54 137 -0.05439359354147319
54 138 0.073987073837118986
54 139 0.065547319306915944
54 140 0.076382617267428565
54 141 -0.1894929372499034
54 142 -0.050711796922024863
54 143 0.071409691232445088
54 144 0.0038120157716476878
54 145 0.075585020789048135
54 146 0.053972076167455987
54 147 0.037942282472779303
54 148 -0.024342893225967888
54 149 -0.076001315076973219
55 56 -0.10914468837823818
55 57 -0.038437323280088455
55 58 0.084457402602483286
55 59 0.097079850676305007
55 60 -0.00055069793259959927
55 61 0.0079643804509150137
55 62 -0.081723956887352942
55 63 0.02460669533691575
55 64 -0.039790716687890734
55 65 0.017106378572964123
55 66 0.08573737661065263
55 67 -0.10913106713465555
55 68 -0.12312751643957684
55 69 -0.047999484463593839
55 70 -0.061188513629196174
55 71 0.087870935053371083
55 72 0.013383965442005277
55 73 0.03692318879170256
55 74 -0.021266726347876703
55 75 0.076432444819633849
55 76 -0.026432206365660779
55 77 0.11557625705574041
55 78 0.034970895323939044
55 79 -0.12554912831652934
55 80 0.067381489499109035
55 81 -0.031441672057689427
55 82 -0.12531158995143896
55 83 -0.045060114376066468
55 84 0.0028469229424375663
55 85 -0.13626051341394702
55 86 0.05717305657546766
55 87 -0.029032281480747612
55 88 0.030246834031355398
55 89 -0.09556399634509212
55 90 -0.0051410499166519357
55 91 0.087453559668071709
55 92 0.021884246047893643
55 93 -0.0056333778792899449
55 94 0.011173788024465389
55 95 -0.067559685569147432
55 96 -0.073552795107949515
55 97 0.090405793167179518
55 98 -0.031351536988943191
55 99 -0.0042562944755339775
55 100 0.02355119739472189
55 101 0.067638921631051022
55 102 -0.062590820171686726
55 103 0.014435947155847638
55 104 0.063916768231861362
55 105 -0.047842480442802343
55 106 -0.034915757104181738
55 107 -0.063124160224543785
55 108 0.019270973559693802
55 109 0.062673365241725204
55 110 -0.072338136365409172
55 111 -0.032031185689015057
55 112 -0.037100892739058366
55 113 -0.033363228791430201
55 114 -0.1672522611822633
55 115 -0.036985320860436821
55 116 -0.018847387693570191
55 117 0.055796173927089847
55 118 0.022362472902623283
55 119 -0.053752755643606161
55 120 0.067811432533385771
55 121 -0.0071914541977856376
55 122 0.13848566337893892
55 123 -0.11625194119176518
55 124 -0.090860586121852827
55 125 0.068473874708376861
55 126 0.10685502399615464
55 127 0.011635206155500424
55 128 0.12747042366959421
55 129 0.11471325285165697
55 130 0.072653992607567844
55 131 0.089676926667559498
55 132 0.062972995295016987
55 133 -0.0056967850026136448
55 134 -0.095945229415170682
55 135 -0.04696427105837804
55 136 0.057847429811807245
55 137 0.18283299749777418
55 138 0.034848835904798432
55 139 -0.0084653498027069621
55 140 0.010660830371587987
55 141 0.14358181089754068
55 142 0.11838205493892158
55 143 0.16521671081282402
55 144 -0.019935645492783153
55 145 0.15767636618397152
55 146 0.067869116193623957
55 147 0.0054379560165047766
55 148 0.018347530189702616
55 149 0.075810378873198969
56 57 -0.055890695986745648
56 58 0.13026806050092141
56 59 0.071391535529072833
56 60 -0.17758042887289291
56 61 -0.0016245714842661849
56 62 -0.037222078859752081
56 63 0.0076026353616249209
56 64 -0.02395705187688963
56 65 0.0054521820849573162
56 66 0.10719467860617396
56 67 -0.15643991457983841
56 68 -0.056427164706837139
56 69 0.05495234381086643
56 70 0.019625071400714587
56 71 0.085023045464724542
56 72 0.13486570939417314
56 73 0.017200505796735571
56 74 -0.12130803357207934
56 75 0.018049439835880296
56 76 -0.055748482607667973
56 77 -0.050454646827387907
56 78 0.08152458049634706
56 79 0.14472168267025884
56 80 -0.025774031290825512
56 81 -0.019401337195651635
56 82 0.036082186916012005
56 83 0.039661670706464251
56 84 -0.045538841766370582
56 85 0.031609069809492685
56 86 -0.18104937931915471
56 87 0.0084907729356973084
56 88 0.09063052240946988
56 89 -0.022730885153180957
56 90 0.013834189354103939
56 91 -0.055469408269881053
56 92 0.019182294842297803
56 93 -0.0052839755888322041
56 94 0.030725040610787919
56 95 -0.10926217817972918
56 96 0.11845266301024787
56 97 -0.019345641358525879
56 98 -0.021213036261483822
56 99 0.040325326851027403
56 100 0.053339857644030937
56 101 -0.13077245652831715
56 102 0.014599692902673512
56 103 -0.16388233490992002
56 104 -0.066505785106988624
56 105 -0.018417541172696679
56 106 0.027923721151018564
56 107 -0.11322872746615764
56 108 0.084445207949321116
56 109 0.068897527629033145
56 110 -0.016080886154600679
56 111 0.014930034325432433
56 112 0.039464486087727554
56 113 -0.029538265907515654
56 114 0.089962379062330691
56 115 -0.025278524586537603
56 116 -0.036498077513375915
56 117 -0.016955065046826111
56 118 0.097307955414546995
56 119 -0.004263564937498225
56 120 -0.021672365696895828
56 121 -0.050323269628343409
56 122 -0.10741328201805436
56 123 -0.043420794427722134
56 124 -0.11511824207760399
56 125 0.0017931400638477009
56 126 -0.015907304198707835
56 127 -0.11029865109912911
56 128 -0.00016343988556884363
56 129 0.015668096586231178
56 130 0.099133475580459096
56 131 -0.12098836475322207
56 132 -0.04997790804366354
56 133 0.052536718915522654
56 134 -0.017234471169777332
56 135 0.015050627612203944
56 136 -0.1066176643294713
56 137 0.11959315743694661
56 138 0.076987932447170962
56 139 0.013421778557541736
56 140 0.082662985937274683
56 141 -0.022662761976811073
56 142 0.10356511192407254
56 143 0.15919982735847238
56 144 -0.068783611567000108
56 145 0.083805162699204475
56 146 -0.040192440038174626
56 147 -0.060862000238959255
56 148 -0.03296858039649566
56 149 -0.03816800446414733
57 58 -0.092208623722296379
57 59 -0.060478996296106369
57 60 0.070824906079949068
57 61 0.11455688104643474
57 62 0.12785120293166627
57 63 0.011798236543474104
57 64 0.083855587956294012
57 65 0.085829173639599826
57 66 0.044181599544051244
57 67 0.05238326439569984
57 68 0.099436429194734666
57 69 0.05178219967997412
57 70 0.089744953567372443
57 71 0.04232142602408695
57 72 0.11249286249751704
57 73 -0.0018348983183227223
57 74 0.075478279176890498
57 75 -0.036798022174675385
57 76 -0.042039209441632329
57 77 -0.025820068419530995
57 78 -0.047236010138746495
57 79 0.076213695151039332
57 80 0.11195130343312579
57 81 0.11910312241382791
57 82 0.06279897203961031
57 83 -0.0034533476104824075
57 84 0.039966915071695301
57 85 0.0098871162351242305
57 86 0.0028853012676960553
57 87 -0.007998386085389492
57 88 0.0024774975333840409
57 89 -0.012759918312350892
57 90 -0.10183740678138012
57 91 0.056497294753062088
57 92 -0.039414785791797739
57 93 -0.087484327814819712
57 94 -0.0092042213584237684
57 95 -0.040733280616999615
57 96 0.12642670560941152
57 97 0.10341407130326218
57 98 0.10447906692091756
57 99 -0.038233917137976033
57 100 -0.12464289058795795
57 101 0.15519432662830251
57 102 0.020968340244609463
57 103 -0.17422778379577999
57 104 -0.017450441251415098
57 105 -0.13065990423701387
57 106 0.092543947786470293
57 107 0.026324614584386008
57 108 -0.044232010959336397
57 109 -0.095206957150068244
57 110 0.11285235258926345
57 111 -0.08318585295414635
57 112 -0.17036595958752468
57 113 0.051817767227076976
57 114 -0.014384477738797355
57 115 0.10892234782306945
57 116 0.052671128131512632
57 117 0.018747303075555489
57 118 -0.073676857027101555
57 119 -0.06033922032132049
57 120 0.013249871629210413
57 121 0.10806023531392418
57 122 0.039989229172160398
57 123 -0.1995829375428177
57 124 -0.040391037514227499
57 125 -0.019855740026589783
57 126 -0.14048459601347657
57 127 0.011450596687526149
57 128 -0.12620516745626484
57 129 -0.04176125555903739
57 130 -0.067019432430214493
57 131 0.10142411731787232
57 132 0.076502245920728351
57 133 0.1136871457447326
57 134 0.042800673853256359
57 135 -0.0043577861909850635
57 136 0.070901301332652253
57 137 -0.077022609085099544
57 138 0.060106046327317218
57 139 -0.039707044193960414
57 140 0.053562672966323804
57 141 -0.042706929681399372
57 142 0.034138871251084273
57 143 -0.01126961992732183
57 144 -0.024748616656731483
57 145 -0.041030647477262927
57 146 0.15586108879231528
57 147 -0.042862663953351962
57 148 -0.013616758490215696
57 149 -0.026202330115065224
58 59 0.044520503342142075
58 60 0.0034449899477264423
58 61 -0.021313269396318064
58 62 -0.068407132088570952
58 63 0.08076238277469662
58 64 -0.021469458547871627
58 65 0.070938941257612284
58 66 0.053343877071171449
58 67 -0.039327956146301905
58 68 0.025328155622792899
58 69 0.17461266055899038
58 70 -0.032896240673248991
58 71 -0.030956592007822907
58 72 -0.025565627255953495
58 73 -0.031750319301549458
58 74 0.0037820486250945908
58 75 0.0074023561544365067
58 76 -0.10626347257333357
58 77 0.034375861752853516
58 78 -0.044996190945048455
58 79 -0.011614834217495958
58 80 -0.032409628484175161
58 81 -0.028168780758603042
58 82 -0.033696557216355241
58 83 -0.049804079148722341
58 84 0.011767077978563599
58 85 0.063629546931899483
58 86 -0.015671349523594561
58 87 -0.074280293350363569
58 88 0.08834454432788548
58 89 0.19847415399892451
58 90 0.12915591432586021
58 91 -0.15028778204383586
58 92 0.047698353910882139
58 93 -0.07707209701972538
58 94 -0.10996831757846562
58 95 -0.068975618515911025
58 96 -0.050319103388372532
58 97 0.030634225654997429
58 98 -0.027597234351690023
58 99 -0.081538585243884118
58 100 0.055479624933113862
58 101 -0.0089366358937679451
58 102 -0.0055630333778361523
58 103 -0.074058584496914381
58 104 -0.16935615795670422
58 105 0.086879233245509627
58 106 0.10280758525485137
58 107 -0.029571891524121104
58 108 -0.014155505317338028
58 109 -0.18085166646183995
58 110 -0.075956927471445876
58 111 0.11594544279360462
58 112 -0.11182613833800524
58 113 0.099370575222760396
58 114 0.058290583538368176
58 115 -0.069891972950816381
58 116 0.034744586014455223
58 117 -0.062950164939458611
58 118 -0.06963075999172455
58 119 0.090069379762776083
58 120 0.067373092804108831
58 121 0.052036512294192129
58 122 -0.15441646366793332
58 123 -0.12064525770330693
58 124 0.03952045638546868
58 125 0.094745506936320958
58 126 0.14193287265189686
58 127 0.1443785900051828
58 128 -0.057641371315214587
58 129 0.06302949056410577
58 130 -0.052623548515019332
58 131 0.082165842889769483
58 132 0.0040437370433303189
58 133 0.049627398223497508
58 134 -0.017412961429469378
58 135 -0.03417023303137276
58 136 0.23653907426801168
58 137 -0.20123610802644909
58 138 -0.022779003515028783
58 139 -0.080235680529861741
58 140 0.028794524755757687
58 141 -0.084736627046420016
58 142 -0.051948925813817874
58 143 0.022308458408322553
58 144 -0.0069533622176364829
58 145 0.14681183644403847
58 146 0.12726079027350562
58 147 -0.10538287749452908
58 148 -0.028799118517507372
58 149 0.092566739266606426
59 60 0.012574855459774053
59 61 -0.11422061347349634
59 62 0.20525873941750059
59 63 0.028983944594095215
59 64 0.10760436190252623
59 65 0.10215075360649384
59 66 -0.11268560852831883
59 67 0.017960741371359865
59 68 0.077038831274424166
59 69 0.020115597210584413
59 70 0.11139315626971943
59 71 -0.047809858935986001
59 72 0.10139511900399911
59 73 0.018710430346584307
59 74 -0.044040567886086603
59 75 0.0085438550835629044
59 76 -0.11211700595331398
59 77 -0.012070318246793813
59 78 -0.012120208967269343
59 79 0.076011239508518236
59 80 0.029826264766479132
59 81 0.14310990217636979
59 82 -0.0042584220067341952
59 83 0.028509099934004183
59 84 0.03190642946517748
59 85 -0.054545767979290727
59 86 0.052981458830832218
59 87 -0.082589600875853306
59 88 0.07869734233962479
59 89 -0.055247868998994469
59 90 -0.078088139237621271
59 91 0.085983969988280326
59 92 -0.11582421765663981
59 93 -0.11103617795478697
59 94 -0.097179443398363458
59 95 -0.051103648943822473
59 96 0.13205760276011208
59 97 -0.012196183864642685
59 98 -0.052324031333164968
59 99 0.089181923771635363
59 100 -0.039503013498287928
59 101 -0.032807932903306455
59 102 -0.041159814504504053
59 103 -0.10740041896740204
59 104 -0.030324604210846453
59 105 -0.041849699139662258
59 106 -0.064735590680380664
59 107 -0.031138367615400748
59 108 0.0084215052255529905
59 109 0.011452450198146091
59 110 0.072563265233387533
59 111 0.18889743924877889
59 112 -0.058722674990498845
59 113 -0.061667839125052464
59 114 -0.16270746425843369
59 115 -0.18770857550616082
59 116 0.086124201686294991
59 117 0.075023833710224655
59 118 -0.17084155480177154
59 119 -0.02123799626427458
59 120 -7.3588507920278916e-05
59 121 -0.029184727477948692
59 122 0.13475053898600953
59 123 -0.012890494762421189
59 124 0.053649971191296296
59 125 -0.012829736802519415
59 126 -0.023988810491259567
59 127 -0.09017227682626347
59 128 -0.092182472344956398
59 129 -0.13778128294823028
59 130 0.028372547951142336
59 131 -0.064822431916009657
59 132 -0.0056547632090168639
59 133 0.0063227123527146607
59 134 0.094623410373808503
59 135 0.0085145693720837072
59 136 -0.010349899188222602
59 137 0.022055788028208775
59 138 0.034661806552675131
59 139 0.0049005363837794939
59 140 0.023848652329839772
59 141 -0.21728480279169729
59 142 -0.09464860464883576
59 143 -0.045223900377333474
59 144 -0.19026234937962103
59 145 0.03897839577194704
59 146 -0.0028854629443668925
59 147 -0.02532304668004607
59 148 0.0077683861860361044
59 149 -0.061513435317754904
60 61 0.035902330698774604
60 62 -0.10556669060764753
60 63 0.0094045882274822537
60 64 -0.11183910333469167
60 65 0.1353525674691666
60 66 -0.095921335650739709
60 67 -0.022387643361043631
60 68 0.0083106100784541437
60 69 0.070446587913117864
60 70 0.018095406678131441
60 71 0.080795554600544772
60 72 -0.069987517181915926
60 73 0.12973503661505301
60 74 -0.0041701628164190806
60 75 0.080726893282043841
60 76 -0.011500696431628073
60 77 -0.058222680365916858
60 78 0.0085864999607759146
60 79 0.00052832886706687023
60 80 0.047396524497570654
60 81 -0.047638788053472027
60 82 0.021843503715078583
60 83 -0.029645791377087873
60 84 0.0022852779963976337
60 85 -0.01752433376146377
60 86 -0.056010157788795929
60 87 -0.027246266021623944
60 88 0.1029635310291063
60 89 0.083568207175336792
60 90 -0.082423421213537976
60 91 -0.0035731019970122362
60 92 0.0599561477922873
60 93 0.079895693774525045
60 94 -0.010351960772866526
60 95 -0.14411350747895657
60 96 -0.113583501399311
60 97 -0.014016830426290703
60 98 0.046664035582094088
60 99 0.06442043299212652
60 100 0.038493703676635349
60 101 -0.034940412866629106
60 102 -0.048025393981946336
60 103 0.11243082776946579
60 104 0.13111716451992569
60 105 -0.060319477332316969
60 106 0.01899861115330137
60 107 0.017983966170297558
60 108 -0.022064270689027575
60 109 -0.047396775863768684
60 110 -0.029644411566469575
60 111 -0.025868965485105887
60 112 -0.11307670922702442
60 113 0.018433085619963024
60 114 0.086038691835589973
60 115 0.04524740069778381
60 116 0.13076373611715361
60 117 0.04597002400248832
60 118 -0.07153249824980501
60 119 0.094790816243017523
60 120 -0.043656147333762045
60 121 -0.012487240837682857
60 122 -0.1529849750493496
60 123 -0.10188157734739718
60 124 -0.10641334240870566
60 125 -0.12825504148497657
60 126 -0.097015080388272168
60 127 -0.075023363668885901
60 128 0.16042879489901588
60 129 -0.083628746645047963
60 130 -0.027169042954837318
60 131 -0.0065627655249525232
60 132 -0.080775506480243703
60 133 -0.13324632733608985
60 134 -0.035675684052852909
60 135 -0.10468523623404455
60 136 -0.028811191978292943
60 137 0.0055959615043443016
60 138 -0.018944699720344474
60 139 -0.045392557142532236
60 140 0.020953927498557057
60 141 -0.13772720684091486
60 142 0.0068433435882171746
60 143 0.073306606453401424
60 144 0.083974200286814529
60 145 -0.068450017865687968
60 146 -0.032646464334782223
60 147 -0.054483546701735178
60 148 0.047907512462039815
60 149 0.23177234711306577
61 62 -0.058632502038458323
61 63 -0.027493073881836701
61 64 -0.065329762486297183
61 65 0.016290885908020036
61 66 -0.072583296476414955
61 67 -0.046667728295935948
61 68 0.069594292920704764
61 69 -0.04610401059034578
61 70 0.036551773505588574
61 71 -0.090038129066303721
61 72 -0.01128831886076582
61 73 0.0014997251826819355
61 74 -0.00729419084131661
61 75 0.16988709231736168
61 76 -0.079534342642388026
61 77 -0.10411787769361153
61 78 -0.090748998269281483
61 79 0.099966290387107359
61 80 0.11295786786576487
61 81 0.072685120434601763
61 82 -0.12388688000587024
61 83 -0.016735332369971333
61 84 -0.11202899921814197
61 85 0.091267611951668381
61 86 0.064026765668983285
61 87 -0.002313590952076098
61 88 0.081846404299790648
61 89 -0.10701750951995168
61 90 -0.03105040513715317
61 91 0.12944491214697482
61 92 0.0045054417945010463
61 93 -0.033776814588522192
61 94 -0.043699909366168466
61 95 -0.031978464631431856
61 96 0.079512846177422908
61 97 -0.035596356847623509
61 98 -0.084225507436765989
61 99 0.013206136964620292
61 100 0.14125142621856634
61 101 -0.060028002566175014
61 102 0.057706341833559494
61 103 0.090756245412670022
61 104 0.059613851392626892
61 105 -0.086622585981822514
61 106 -0.022555639860278798
61 107 -0.036592709427167545
61 108 -0.021330045962877207
61 109 0.11119915569069173
61 110 -0.021213197780967918
61 111 0.017535819809959548
61 112 -0.016970638692616551
61 113 0.04345198532666792
61 114 -0.023841536067310848
61 115 -0.12026091436204679
61 116 -0.0079861481033783824
61 117 0.095143826055434366
61 118 0.018895346406894071
61 119 0.0061700442871217105
61 120 0.035086158526878297
61 121 0.0058487250891952362
61 122 -0.062057161799398568
61 123 -0.12045060831139523
61 124 0.042328622995304065
61 125 0.044380779757384449
61 126 0.038700450292247668
61 127 -0.073913998895290406
61 128 0.04251075097988613
61 129 0.15464780638062089
61 130 0.053936725538155497
61 131 0.05204781927784969
61 132 0.063528510167887464
61 133 0.027175369193035419
61 134 -0.11437614778230108
61 135 0.0049937667001926202
61 136 -0.15766373096198447
61 137 -0.1972645521361332
61 138 -0.029206539212615557
61 139 -0.012494497094270066
61 140 0.0064807847670310661
61 141 -0.12809276600422695
61 142 -0.028547894733926146
61 143 -0.097755357936643791
61 144 -0.0010525687653996777
61 145 0.053663479294355373
61 146 -0.043993981944290932
61 147 0.13549388156695108
61 148 0.043224324569579482
61 149 -0.013263190670529734
62 63 -0.021433423123788448
62 64 -0.02391618247362913
62 65 0.00073291663534555678
62 66 0.024321196143233453
62 67 -0.083425361939752141
62 68 -0.036115675012549309
62 69 0.095815578605185803
62 70 -0.010531469720716023
62 71 -0.043726940929903382
62 72 -0.16241729744559913
62 73 0.028684022931795256
62 74 0.03868405717129441
62 75 0.023960047050394267
62 76 -0.058076576162728641
62 77 0.048937974840204831
62 78 -0.078865063858640408
62 79 -0.11439808953207047
62 80 -0.038481331355461383
62 81 -0.094201094879376432
62 82 0.017841719987744184
62 83 0.0043695223082084846
62 84 0.061120623144977834
62 85 0.050377195390305309
62 86 -0.038707606498118899
62 87 0.11500203302007678
62 88 -0.028620536541511973
62 89 0.056819374799462218
62 90 0.0085565003048055765
62 91 0.059767497387501901
62 92 0.0636023696546206
62 93 -0.071943095376455726
62 94 0.0018604604684788852
62 95 0.088578882986627028
62 96 0.098956958395419181
62 97 -0.18399705893112858
62 98 0.095155150394223981
62 99 0.11193072860671335
62 100 0.037148346203621806
62 101 0.071258661601318066
62 102 0.030156462944958964
62 103 0.016803821579630236
62 104 0.0053916285586674256
62 105 -0.019648408831254668
62 106 0.065475687209591085
62 107 0.061758291731856894
62 108 0.15147472238698492
62 109 -0.066276288584462828
62 110 -0.088423083115507992
62 111 -0.016494534990112417
62 112 0.091393808356075981
62 113 0.059146983238585978
62 114 0.023615908741013911
62 115 0.042216744505646137
62 116 -0.14948137051332477
62 117 0.13793935209453753
62 118 -0.042750330179723309
62 119 0.0059315066113936228
62 120 -0.15571114784054757
62 121 -0.063955717270943971
62 122 -0.049238154622265065
62 123 -0.081242771972357963
62 124 -0.047318603851933469
62 125 -0.028018824190397338
62 126 0.049518999614953652
62 127 0.096016394648371028
62 128 0.061662901033859782
62 129 -0.096623724071599054
62 130 -0.12148220018076089
62 131 0.11879647369792058
62 132 0.10442038726708475
62 133 -0.056019574567456105
62 134 0.026792049129110637
62 135 -0.12089525239900865
62 136 -0.099777867882229671
62 137 0.23125001945493948
62 138 0.0082250475608492135
62 139 0.070009809801589135
62 140 0.11020880420273999
62 141 0.041449931062675298
62 142 -0.022994021440596816
62 143 0.10796179074870199
62 144 -0.16841842876154667
62 145 0.053792795521362631
62 146 0.15620335200898669
62 147 0.055716648478338321
62 148 0.066493206712764985
62 149 -0.16776219183232408
63 64 0.011387537172454576
63 65 -0.094293492804992884
63 66 -0.056170300904949073
63 67 -0.044606315011790215
63 68 0.096004867826768328
63 69 0.06423243084091125
63 70 0.030100620993377125
63 71 -0.059482243831323098
63 72 4.3926779581803157e-05
63 73 -0.12009823781597523
63 74 -0.077161007991195268
63 75 0.074900445745629526
63 76 0.027806391811081636
63 77 0.025103180478178388
63 78 0.021142442111570767
63 79 -0.12982577553894711
63 80 -0.0018876973300461257
63 81 -0.073946341711962571
63 82 -0.026320534965007764
63 83 0.12735657647050083
63 84 0.068034303557190964
63 85 0.031675425084233655
63 86 0.037919624579255212
63 87 -0.13082465421897399
63 88 -0.098862656437386828
63 89 0.046836693907785984
63 90 0.038168509461570369
63 91 -0.17562816644491938
63 92 0.062319826461413375
63 93 -0.063458082916687988
63 94 -0.0045692104613480316
63 95 -0.055069730006199982
63 96 0.021292051467277626
63 97 0.074386977656441783
63 98 0.041588685869445981
63 99 -0.034989732400819283
63 100 0.042665854932314264
63 101 -0.0070645852610426814
63 102 0.15142562398826701
63 103 -0.13867378674674005
63 104 0.0087555363228274535
63 105 -0.093478314818960989
63 106 0.057413272138647858
63 107 0.088007459117627598
63 108 -0.087657371608733312
63 109 -0.01217817586647617
63 110 -0.042651081510498526
63 111 -0.06218110345043857
63 112 0.063659644940898319
63 113 0.032590549549322355
63 114 -0.028550186601171937
63 115 -0.0037291284014193708
63 116 0.083855312345154531
63 117 0.0045419238645609261
63 118 -0.023401248355771585
63 119 0.01615046153447185
63 120 0.10419998359051365
63 121 -0.031649663985550226
63 122 -0.0026315355053967968
63 123 -0.059747590737865397
63 124 0.059283112050055355
63 125 0.016735421101743884
63 126 0.088081771979864262
63 127 -0.0084148421288944564
63 128 -0.18570581054959057
63 129 -0.13365735830765874
63 130 -0.09717687224053366
63 131 0.10751420065116131
63 132 0.058782551438677923
63 133 0.075537868176909731
63 134 0.12790267139198797
63 135 0.011477917379787346
63 136 0.035494172210773091
63 137 0.18403484712103838
63 138 -0.047260540565622164
63 139 -0.10726072984651251
63 140 -0.031536547271183296
63 141 0.028347404685015003
63 142 0.068772312952305709
63 143 0.016212362861460782
63 144 0.011017722704859196
63 145 0.016140868633002223
63 146 0.017471071924807575
63 147 0.058090359791161457
63 148 -0.05153932345778707
63 149 0.087513286579357613
64 65 -0.043695146036730435
64 66 -0.033556506936119841
64 67 -0.065897795005541188
64 68 -0.082132306797414817
64 69 -0.065273929689025831
64 70 -0.012470019373412329
64 71 -0.10250823383774747
64 72 0.012159732699432955
64 73 0.049837016651969865
64 74 -0.015272543283863321
64 75 0.014665126640536668
64 76 -0.11202011312496311
64 77 0.093044847365590086
64 78 -0.041384263939900905
64 79 -0.1451467569593887
64 80 0.012358761197153414
64 81 -0.15792758814615337
64 82 0.022766970763845141
64 83 0.069362853207948216
64 84 0.080256345349592306
64 85 0.043747367813179623
64 86 -0.12797812280347795
64 87 0.061849220322534433
64 88 -0.04135644655978702
64 89 0.017613225721706312
64 90 0.14304644693451907
64 91 0.14282056763810486
64 92 0.086801654352648708
64 93 -0.052836324320468163
64 94 0.058782958851203028
64 95 -0.12826765576471036
64 96 0.0073282595577852556
64 97 0.0072182367572623807
64 98 -0.10145931236993241
64 99 -0.079695076955476313
64 100 0.008780133923471236
64 101 0.11907957960918902
64 102 -0.060847305046526988
64 103 -0.054776263621990368
64 104 0.19925799352619769
64 105 0.039933315978408108
64 106 -0.049696323991171777
64 107 0.029628597607448993
64 108 0.02086323164898567
64 109 -0.049319850733759246
64 110 -0.0035486188715679362
64 111 -0.10015605008731231
64 112 0.025735671381364098
64 113 -0.055970522334874935
64 114 0.027624605344184063
64 115 -0.055571385869975523
64 116 0.021636674868955669
64 117 0.10322332457920372
64 118 0.0072998877072636761
64 119 0.10414130912858802
64 120 0.26249334684549752
64 121 -0.17825177842287449
64 122 0.042572667288491621
64 123 -0.084614836289977305
64 124 -0.090726294583310912
64 125 0.014461009885519365
64 126 0.11582808863313436
64 127 0.088095095753118524
64 128 0.020877009301438813
64 129 -0.14948953150161393
64 130 0.0033680966979253882
64 131 -0.1258708698362131
64 132 0.16786956334901337
64 133 -0.083411976950676703
64 134 -0.16501444600517534
64 135 0.077459466584616624
64 136 0.033849892843561595
64 137 0.13139582609634026
64 138 0.079013044062451285
64 139 -0.094837539869454812
64 140 0.016395817646377032
64 141 0.073598008101276799
64 142 -0.065054206905929765
64 143 0.085972643108645691
64 144 -0.10457236064624341
64 145 -0.087200156580977572
64 146 -0.066972982183636204
64 147 0.087875933772228632
64 148 0.0061910729430084402
64 149 0.064412227233616573
65 66 0.058035771551342895
65 67 -0.048197314553828322
65 68 0.013861029939006142
65 69 -0.075839923116766461
65 70 0.025259189594284037
65 71 0.050997531059588888
65 72 -0.099770143166655667
65 73 -0.0087031756783398848
65 74 -0.13900449539418144
65 75 -0.032423316910265801
65 76 0.050456317925536211
65 77 0.016873413107798212
65 78 0.086753529714846039
65 79 -0.041510541955912167
65 80 0.11465092389676887
65 81 -0.073746152907196619
65 82 -0.072004677228263272
65 83 -0.088761025085473247
65 84 -0.087171205489040254
65 85 -0.0035465818487860207
65 86 -0.1550694557419196
65 87 0.027738338675819842
65 88 0.0094234177766291151
65 89 -0.068272159328906609
65 90 -0.00063243661881492541
65 91 0.11299635855276581
65 92 -0.019208882200405879
65 93 0.010196542214160153
65 94 -0.060411131689204728
65 95 -0.08402694922723733
65 96 -0.025402649735787871
65 97 0.079246776582196754
65 98 -0.046157413042493253
65 99 -0.17596736045420319
65 100 0.016921043450090042
65 101 0.043659374751418255
65 102 0.077496741074823308
65 103 -0.04167146137978063
65 104 -0.11534419393238191
65 105 0.036676910063911564
65 106 -0.042591819270582233
65 107 0.065984379751200042
65 108 -0.16016515737330425
65 109 -0.036463136780288938
65 110 0.043340584273918216
65 111 -0.11769973008217278
65 112 -0.17618935824778659
65 113 0.020756081048069353
65 114 -0.094264189013831323
65 115 0.074890274312899366
65 116 0.098882002658487289
65 117 0.052379880247072706
65 118 0.084104613511240447
65 119 0.095388453810452606
65 120 -0.020209129645297558
65 121 0.049068537371313344
65 122 -0.1223429273118173
65 123 -0.068300535339721594
65 124 0.099717926348667899
65 125 -0.14100749966909779
65 126 -0.075794451659111445
65 127 0.01362031830420276
65 128 0.029728348162176187
65 129 -0.12213280559543929
65 130 0.010826018612761334
65 131 0.11090969935707647
65 132 -0.0020904211773406494
65 133 -0.1097055105481422
65 134 0.0084328604732503039
65 135 -0.098795240158751921
65 136 0.073160861925793214
65 137 -0.018791568517795509
65 138 0.12847563271994297
65 139 -0.075628756611354001
65 140 0.089711539579886951
65 141 -0.075147440000700796
65 142 -0.024269585995767205
65 143 0.0058591992987929971
65 144 -0.022748001971833284
65 145 -0.045617921560478607
65 146 -0.084832347894608084
65 147 0.071579990346349417
65 148 -0.093250523643311961
65 149 0.087071592961972574
66 67 0.011196663393991297
66 68 -0.04769840567343113
66 69 0.0921027881730416
66 70 -0.036862984864727819
66 71 0.21945299790506415
66 72 -0.05779748353242016
66 73 0.043714977781547225
66 74 0.03258530741912135
66 75 0.097495773877550665
66 76 -0.043665426168399919
66 77 -0.057652523773138932
66 78 -0.019794792170235494
66 79 0.11162907444036228
66 80 0.053911978785832093
66 81 0.084649517346692751
66 82 -0.15508745769786031
66 83 -0.10667307543583204
66 84 -0.17435024435425228
66 85 -0.067332026546081544
66 86 0.11221859769765942
66 87 -0.046617483741605022
66 88 -0.01836132500302768
66 89 -0.011122921600685369
66 90 -0.026228861540116607
66 91 0.092229232024566191
66 92 0.080419803576487134
66 93 0.09287258849603891
66 94 -0.11038999557535953
66 95 0.0035547855677896803
66 96 -0.13555694237054106
66 97 0.1238382581302305
66 98 0.045846741953442488
66 99 0.095304381432866625
66 100 0.019260620359691588
66 101 0.010585541822383001
66 102 0.010585204380506121
66 103 0.061552724544584013
66 104 -0.15691534338015498
66 105 -0.034928871589258149
66 106 -0.12932312601977045
66 107 -0.12958090336578809
66 108 0.081967531316541636
66 109 0.02231106970082114
66 110 -0.042251632457321518
66 111 -0.17841927359667889
66 112 0.02682328039004683
66 113 -0.042143333831014179
66 114 -0.043311832946628485
66 115 -0.017649369552989468
66 116 -0.17470509659239541
66 117 -0.040428416117149479
66 118 -0.13239356979706046
66 119 -0.11139120286077225
66 120 -0.060182297278657086
66 121 -0.045311812248356495
66 122 0.088305921694360204
66 123 0.077435662576578607
66 124 0.081817050409720815
66 125 0.027774704183189242
66 126 -0.055573664699511922
66 127 -0.038829251613935911
66 128 0.13897492125540939
66 129 0.04726371226521054
66 130 0.069784671578789509
66 131 -0.058180949419328637
66 132 0.18671631254937091
66 133 -0.1128303041285289
66 134 0.018307048168177506
66 135 0.043080324740480645
66 136 0.0067391863377723668
66 137 0.056035797161604728
66 138 -0.013500168913555124
66 139 -0.01974877998985582
66 140 0.017137915137906051
66 141 -0.041527822749884272
66 142 -0.093375141068078649
66 143 -0.023014918760046958
66 144 -0.041142137046474812
66 145 -0.091324321920130944
66 146 -0.17497787571854159
66 147 0.034585724320326638
66 148 0.094028090001897616
66 149 -0.064288722982739979
67 68 0.045455047473069374
67 69 0.064646384365154075
67 70 0.0051684298278678494
67 71 -0.069197029668852175
67 72 -0.13272106324645006
67 73 -0.0047099038766898402
67 74 0.068390983146710799
67 75 0.091001193417792628
67 76 -0.034052660676489481
67 77 -0.0034153125344221938
67 78 -0.10896072640091296
67 79 -0.033590259734026982
67 80 -0.16132248078428588
67 81 -0.024299965484248474
67 82 0.072059222840576434
67 83 0.024405332406167515
67 84 -0.071266547148624459
67 85 0.067494937292448653
67 86 -0.025537164290247771
67 87 -0.14818883866724067
67 88 0.076086694087376602
67 89 0.036091582125865621
67 90 -0.060666584500158376
67 91 0.030031740378928928
67 92 0.020391956983069018
67 93 0.0089826144233189822
67 94 -0.0091062739076845454
67 95 0.0357676041788473
67 96 0.016024334535629448
67 97 0.040890084005466149
67 98 0.16123748332641799
67 99 0.055007038699317848
67 100 -0.050060101086141291
67 101 -0.076688620523976417
67 102 -0.014888578034453143
67 103 0.1418569092949013
67 104 -0.074736334908095031
67 105 -0.11855328644977094
67 106 0.01739069060721133
67 107 -0.11864849722660892
67 108 -0.0088520770822666656
67 109 0.070990769760216024
67 110 0.045705457793399316
67 111 0.096497802076621786
67 112 -0.096423098766805965
67 113 -0.012680217960909708
67 114 0.000932330224790357
67 115 -0.21266974393277141
67 116 -0.14976200119836638
67 117 0.045789609920163427
67 118 0.078800867452733611
67 119 0.051838922249870065
67 120 0.099516299646944029
67 121 -0.028295604832431431
67 122 -0.18724182368067582
67 123 0.040619436407866201
67 124 -0.23822403627443542
67 125 0.085493480067062103
67 126 0.035253289868559884
67 127 -0.077590061455696302
67 128 -0.0038200154544957678
67 129 0.096136489297504388
67 130 0.031453903688198552
67 131 -0.11142617776256017
67 132 -0.14674369452295777
67 133 0.085932224058943366
67 134 0.032795939518282427
67 135 -0.021090986588078446
67 136 -0.005181519528796601
67 137 -0.10579843599698822
67 138 0.10566876574704859
67 139 -0.018633805962811417
67 140 -0.046322991092197376
67 141 -0.045288477008666346
67 142 -0.075273681709624743
67 143 -0.017168409851625786
67 144 -0.1934115764108976
67 145 0.033802247386286101
67 146 -0.069104852653536469
67 147 -0.0073806702172815007
67 148 0.066214535639781413
67 149 0.0091612167728835972
68 69 -0.21849205025982738
68 70 -0.005211647603490582
68 71 0.018856211377786532
68 72 -0.019650547955285654
68 73 -0.14897229652212746
68 74 0.14345996750774059
68 75 0.03835071285913081
68 76 0.12320581196282322
68 77 0.05440180623274625
68 78 -0.10479758718416175
68 79 -0.052392125944351602
68 80 -0.02664814338367608
68 81 0.062943521290158941
68 82 0.039035046708495287
68 83 -0.090517962044714226
68 84 -0.12731581958778135
68 85 0.062514256801896609
68 86 -0.0032327490854823261
68 87 -0.054876556680618443
68 88 -0.057961470677594031
68 89 -0.21218653074698915
68 90 0.063709276613528071
68 91 -0.006243247555004887
68 92 0.074756354804818348
68 93 0.079290783059307368
68 94 -0.024754712228340251
68 95 0.00091413240991038809
68 96 -0.072680949837474668
68 97 0.016742768892087662
68 98 -0.12859752298090846
68 99 -0.056842546079714833
68 100 0.04933708329069092
68 101 0.035350941556205814
68 102 0.010087362473557241
68 103 -0.0053255038196835976
68 104 0.037131579982131645
68 105 0.0098439123714627319
68 106 0.081010264433370657
68 107 0.041074997625094783
68 108 -0.0094615300780375982
68 109 -0.01477944291871023
68 110 0.0080755868337800355
68 111 -0.0076501318409591661
68 112 0.0036452675005908862
68 113 0.175095942048305
68 114 -0.1078528430661792
68 115 -0.027889566742430507
68 116 -0.061288162827632886
68 117 0.092383544581793139
68 118 -0.039130904650476597
68 119 -0.12255324756061221
68 120 0.036553107670181967
68 121 0.24590483422730666
68 122 -0.13475726597732884
68 123 -0.070702106064618894
68 124 0.025076008971574644
68 125 0.04359101457482558
68 126 -0.025827932416730294
68 127 0.097149735601364806
68 128 -0.13613808117016671
68 129 0.1340004115720046
68 130 -0.1452479232920689
68 131 -0.010567156151428826
68 132 -0.10871685616276572
68 133 0.004237216018882977
68 134 0.11158531040421817
68 135 0.11892420074437912
68 136 0.015644544115481732
68 137 0.036106496290369362
68 138 0.12628226975447612
68 139 -0.038411275946774154
68 140 -0.094912644571887597
68 141 -0.026100364808483163
68 142 0.065067172470653176
68 143 -0.095651508156298554
68 144 -0.011066549980147274
68 145 0.06946195599334265
68 146 -0.093310378234919153
68 147 0.10452610958809556
68 148 -0.012685713806222965
68 149 -0.10331595857512661
69 70 -0.026333926814226246
69 71 -0.088549076102180421
69 72 -0.08630942716829286
69 73 -0.13867543642321173
69 74 -0.1936623093602747
69 75 0.051840296940214407
69 76 -0.0091297972195698244
69 77 0.037507216371186446
69 78 -0.10832186518142853
69 79 0.057282358971605107
69 80 -0.074257675867324568
69 81 0.0884108072006249
69 82 -0.095601585482286658
69 83 0.025909191967561581
69 84 0.093070374865736369
69 85 0.058438587563790022
69 86 -0.13491588944374533
69 87 0.0060099921698871517
69 88 0.056765232003434821
69 89 -0.0055877283820290266
69 90 -0.039459122394026581
69 91 -0.056499817820407749
69 92 0.077369980196150531
69 93 -0.046010646139020658
69 94 0.080138312323985578
69 95 0.022411939384543757
69 96 0.12160455094159368
69 97 -0.0041671369566346136
69 98 -0.061002920577176163
69 99 0.076141106520492802
69 100 -0.11031581001945205
69 101 0.004469488865892584
69 102 -0.017624456340407151
69 103 -0.028472646249016645
69 104 -0.092775534681512034
69 105 -0.051255530136138802
69 106 0.023439815948041447
69 107 -0.050663749974096242
69 108 0.059148471958503528
69 109 0.056152361693267969
69 110 0.03790475609618775
69 111 -0.022685515804604282
69 112 -0.039153405298666913
69 113 0.07574688362501214
69 114 0.084509632125185724
69 115 -0.15283767847229837
69 116 0.14083206630377121
69 117 -0.0035897841294274999
69 118 0.11708507210290615
69 119 0.10220595770672536
69 120 0.079404950288344434
69 121 -0.0083743655959703182
69 122 0.06897166545028964
69 123 -0.061740676509483783
69 124 0.05393290324466158
69 125 -0.036205877673154481
69 126 -0.032389788060876105
69 127 -0.043103106914647249
69 128 -0.12998464181465891
69 129 -0.01257256245585135
69 130 -0.13542554228996603
69 131 0.14708587210906274
69 132 0.0073775965685836638
69 133 -0.12106128294847594
69 134 0.041433981520387672
69 135 0.051409618194086425
69 136 -0.090557766072646137
69 137 -0.0048532275101839297
69 138 -0.0069494009917152044
69 139 -0.038716407900512465
69 140 -0.0050359933949593559
69 141 0.014953916166092884
69 142 -0.029750077434091454
69 143 0.11190144165872698
69 144 0.048247843929430448
69 145 0.064356603849193866
69 146 -0.052792268364038518
69 147 -0.080927357622688725
69 148 -0.09393387260291923
69 149 -0.049318017266205195
70 71 -0.065643642187702259
70 72 -0.021931524556838833
70 73 -0.036574692371439982
70 74 -0.013042784821855663
70 75 -0.012493598765021723
70 76 0.025098459291709684
70 77 -0.036889758235504465
70 78 0.038728298838324279
70 79 -0.032448520145128786
70 80 0.036034813225910581
70 81 -0.033356939838983912
70 82 0.075976200147857595
70 83 0.070112480907351338
70 84 0.0031248816213708995
70 85 0.075478456574824909
70 86 0.025339345193493366
70 87 0.023563949004639817
70 88 0.047350212783430018
70 89 0.13093116403105054
70 90 -0.057422372873047578
70 91 -0.0038131408056697536
70 92 -0.062555441161748673
70 93 -0.07631149493780845
70 94 -0.16502720420745176
70 95 -0.053166308533905221
70 96 0.12653074298315314
70 97 -0.049525046660689298
70 98 -0.03670108386071539
70 99 0.034493242848244787
70 100 -0.01856726206868773
70 101 -0.043166719868658984
70 102 -0.087998637332074567
70 103 0.0053135993578023464
70 104 0.15292443874397316
70 105 -0.1361467759403826
70 106 -0.071196538584776092
70 107 -0.051549045491984601
70 108 0.050727399244031655
70 109 0.013502168447381174
70 110 0.030143648555119331
70 111 0.035544765939376527
70 112 0.092183413548283022
70 113 -0.11616902398817106
70 114 0.10380930530766083
70 115 -0.044014974684364092
70 116 0.032530440234607286
70 117 -0.088291500549278687
70 118 0.13878192968304939
70 119 -0.12591227846316894
70 120 -0.056086755306063711
70 121 -0.049860126520269693
70 122 0.13300380184462995
70 123 -0.1429235009287774
70 124 0.12267198635759993
70 125 0.041165798328600858
70 126 0.07698933725300372
70 127 -0.077120553649036111
70 128 0.19313557084303276
70 129 0.019603229628641649
70 130 -0.012647053511103528
70 131 -0.04012196481724184
70 132 0.098960523492326979
70 133 -0.1277290084444902
70 134 -0.035034664708426318
70 135 -0.015873270341921111
70 136 -0.0047931881149859204
70 137 -0.063850713032413187
70 138 -0.074987194876086058
70 139 0.055272021342852591
70 140 -0.027176466247818106
70 141 0.071124520285235207
70 142 0.11023147107257782
70 143 -0.2327669090613653
70 144 -0.038267272431301402
70 145 -0.051107838463981425
70 146 0.048358607291351038
70 147 0.16704575303045235
70 148 -0.042774806536903916
70 149 0.052627870202914692
71 72 -0.077529530366789667
71 73 -0.10682756403883073
71 74 0.066184266435939609
71 75 0.015425401685792248
71 76 -0.03290393823975403
71 77 -0.17613828020271
71 78 -0.15309481669704408
71 79 -0.07144226249039666
71 80 -0.014798864608875915
71 81 0.10196462415758564
71 82 0.13543281476966873
71 83 0.042998969966071082
71 84 -0.080741549857336919
71 85 0.11674403820376433
71 86 -0.094174168758290183
71 87 -0.040089456082148561
71 88 0.11459393888430602
71 89 -0.042325080845422233
71 90 -0.015923662340333343
71 91 -0.1401926430897816
71 92 -0.05479513092165076
71 93 0.0187417755230622
71 94 -0.0025548962790619585
71 95 -0.047184626755572327
71 96 0.028605779787997925
71 97 0.13471878128606068
71 98 -0.11117652016634129
71 99 -0.0052040519955680676
71 100 -0.12535749508600647
71 101 0.086967179426714933
71 102 -0.056357657303858048
71 103 -0.12937330567999258
71 104 0.074297301805458071
71 105 0.089243928928255459
71 106 0.1008033582881161
71 107 0.027398215036262812
71 108 -0.052124703644366291
71 109 0.0080044804484203005
71 110 0.013433832209198833
71 111 0.10032742420562814
71 112 0.032148629127803453
71 113 0.092607396534470962
71 114 0.13090159352351774
71 115 -0.066443672360090189
71 116 -0.0801877592875965
71 117 0.0058996916798105216
71 118 -0.12165943804474243
71 119 0.12586420904448239
71 120 -0.022969811140179944
71 121 0.028256822305050906
71 122 0.025118138968536808
71 123 0.097201794047188456
71 124 -0.054307663592665679
71 125 -0.1490641573396623
71 126 0.041766432531863865
71 127 0.056435199733719049
71 128 0.054266566717437514
71 129 -0.089133382227418539
71 130 0.017432284968540861
71 131 0.11121350951088946
71 132 -0.040778771912233197
71 133 0.081996439408933183
71 134 -0.11429484793960139
71 135 -0.025641852521685854
71 136 0.14085455317729181
71 137 0.029546082938759814
71 138 -0.15495945044079393
71 139 0.060920039219781522
71 140 -0.054387550586403995
71 141 0.22860549410789294
71 142 -0.044754805077625047
71 143 0.012053806421924895
71 144 -0.087562408418477525
71 145 -0.085202610140723653
71 146 0.044226159843394994
71 147 -0.087914975387365785
71 148 0.058882439672417491
71 149 0.045658075736730031
72 73 -0.099095795330754854
72 74 0.068166634150305022
72 75 0.099894532465042832
72 76 0.089122599944183575
72 77 -0.010724726852651557
72 78 0.18780565010241451
72 79 -0.011079643708077347
72 80 0.095153091613567345
72 81 -0.10755463653864722
72 82 -0.09104878844832992
72 83 0.076599642272441967
72 84 -0.070291715514078756
72 85 0.11029483271721192
72 86 -0.088239509387414927
72 87 -0.06214414899289869
72 88 0.028863036490560396
72 89 -0.07879220824188865
72 90 0.038953182110622875
72 91 0.083989055333482832
72 92 0.02712461101177235
72 93 -0.012843723282582537
72 94 -0.13107164651762637
72 95 0.07246629096077202
72 96 -0.013716823520162845
72 97 -0.013249173216074961
72 98 0.11782052563851182
72 99 -0.094181582087481647
72 100 0.027977789472391788
72 101 -0.081977355585705486
72 102 0.061434350898227678
72 103 0.20500898999464304
72 104 -0.017628911557622938
72 105 0.1076510521707342
72 106 0.024039401983533781
72 107 0.092094229096461908
72 108 -0.053642499915858906
72 109 0.027068395817891645
72 110 -0.045217133936680705
72 111 -0.003759469250953103
72 112 -0.087619004661706926
72 113 -0.071075652842233675
72 114 -0.046688299734905202
72 115 0.050599811659742783
72 116 0.12710787801525514
72 117 -0.048578512642060805
72 118 0.1239328060133514
72 119 0.032434668732436944
72 120 0.065395915834840251
72 121 -0.030563381950172119
72 122 0.13465755934329157
72 123 -0.019548370338917417
72 124 0.090271218310658333
72 125 -0.034568333421447675
72 126 0.028544337751744454
72 127 -0.021180247373850519
72 128 -0.082713357435915028
72 129 -0.082494323155577143
72 130 0.026074392963875478
72 131 -0.003439731337217122
72 132 0.05212031562707263
72 133 -0.0020273540011033599
72 134 0.033012201329018505
72 135 0.0009428118799211829
72 136 -0.06937316417826879
72 137 -0.022094277707119851
72 138 -0.065616435457147293
72 139 -0.013043424973448795
72 140 0.002161276287234404
72 141 -0.1408252051380314
72 142 -0.0047882287711818608
72 143 -0.039903176108813873
72 144 -0.056303234998358952
72 145 0.087832077373752648
72 146 -0.098034619912646184
72 147 -0.03552445002439434
72 148 -0.062957908342982816
72 149 -0.013228047993220738
73 74 0.052038375469182781
73 75 0.047903173319517503
73 76 -0.15178684833415113
73 77 0.042037558174644454
73 78 0.067625524549234706
73 79 -0.18592010538056758
73 80 0.044344193528815107
73 81 -0.0057283795017722466
73 82 -0.07277677333023122
73 83 0.036194000531675548
73 84 -0.12265553777970395
73 85 0.049160050318083959
73 86 0.0049697861183078378
73 87 -0.099952624820887306
73 88 -0.032183080253277527
73 89 0.07473187550912512
73 90 -0.012673183218290508
73 91 0.017331433387846238
73 92 -0.23921918195494993
73 93 -0.017005180695336183
73 94 0.039008895498921455
73 95 -0.15618340318422996
73 96 0.12780572807961324
73 97 -0.068434101039323375
73 98 -0.06822711746932851
73 99 0.0093427410015058873
73 100 -0.067588108368606709
73 101 0.085637802343214303
73 102 0.034939275794541605
73 103 -0.1131861711924235
73 104 -0.0082830266747545636
73 105 -0.055771621988911814
73 106 0.094907276017296135
73 107 0.083920726346361538
73 108 0.0050153778282959202
73 109 -0.064406948988232196
73 110 0.10265153398863905
73 111 -0.02453978045304803
73 112 -0.032639175917284373
73 113 -0.074590925889959733
73 114 -0.06506780149838047
73 115 0.062827778117666849
73 116 0.079278292216824045
73 117 -0.14106408742507581
73 118 -0.10483228826314886
73 119 0.073079095798517943
73 120 -0.18358587579299948
73 121 0.070201237893558491
73 122 -0.144389122087867
73 123 -0.18780792906397459
73 124 0.13618276557833753
73 125 -0.090143344917724466
73 126 -0.050894153563426345
73 127 -0.017246769861423962
73 128 0.064745700263601491
73 129 0.14434857909966295
73 130 -0.11840822370989301
73 131 0.0073313643267142996
73 132 0.15834463586999814
73 133 -0.011928606895710783
73 134 0.013503944055331608
73 135 -0.054573853801303633
73 136 0.092629145253257425
73 137 -0.056789229443006024
73 138 -0.087267614881724284
73 139 -0.010201535332990421
73 140 -0.062188092788196828
73 141 0.027557189227869532
73 142 0.016647471302385079
73 143 0.01286320300791742
73 144 -0.12319934680387673
73 145 -0.084117495132523895
73 146 -0.024535960100294477
73 147 -0.033608390922531858
73 148 0.049102753832845833
73 149 -0.029926605103909005
74 75 0.057052105994349088
74 76 -0.044004653641406717
74 77 0.06466183921409277
74 78 0.039577366607300248
74 79 -0.11401630396752618
74 80 -0.035109125163119814
74 81 0.05071824734945217
74 82 0.05218623101569364
74 83 0.15199861598345601
74 84 -0.15938077116373386
74 85 0.071791410687914545
74 86 0.12231649533808311
74 87 -0.011213132247006529
74 88 -0.026432866417574797
74 89 -0.027719492640664891
74 90 -0.13251482269122913
74 91 -0.049618873026785415
74 92 0.062065345038640467
74 93 0.15013517620830674
74 94 0.13318935514421407
74 95 -0.011616901430573754
74 96 0.06129588629791298
74 97 -0.04320839683378809
74 98 0.073757154623926846
74 99 0.13162872575689524
74 100 0.013579866210617927
74 101 -0.028137800917185013
74 102 -0.086290106928313362
74 103 0.13936076349211918
74 104 -0.057283672802246347
74 105 0.083402010022480294
74 106 0.0045913832712918623
74 107 -0.10690726256419161
74 108 -0.14475171915425994
74 109 -0.14057921657781616
74 110 0.029640542195125977
74 111 0.052643863286014302
74 112 0.14070593068211218
74 113 0.072635565798265841
74 114 -0.10340180893678161
74 115 -0.11128635125562497
74 116 -0.054203327304106118
74 117 0.057914462127310953
74 118 -0.0084277514905537233
74 119 -0.051682625631311249
74 120 -0.010340880001243266
74 121 -0.052924678677713478
74 122 0.048935430427216445
74 123 0.076637585784775794
74 124 -0.14783076104323753
74 125 -0.22507007231002685
74 126 0.00047813864639477724
74 127 0.032779012471635692
74 128 -0.0089748788994082306
74 129 0.18861325983206784
74 130 0.21318855189398073
74 131 0.017842714145666683
74 132 0.069371604819909935
74 133 -0.044092764477951608
74 134 0.060302041059879324
74 135 0.022010366519717023
74 136 0.062539490811700377
74 137 -0.054277031055362343
74 138 0.063382898308234487
74 139 0.082642773929357732
74 140 0.083138785294935
74 141 0.066928282842875372
74 142 -0.06076267162976022
74 143 0.071379967187077106
74 144 0.02270316479960512
74 145 0.097171164774317531
74 146 0.044349197425502404
74 147 0.010628086851128624
74 148 -0.090212375249651922
74 149 0.010696521755560759
75 76 0.013761270483772719
75 77 -0.0067418483162724483
75 78 0.019158652666369496
75 79 0.073674131643017948
75 80 0.030024868693743861
75 81 -0.18974930139664231
75 82 -0.075154016565899623
75 83 0.049744200504008691
75 84 0.11806672493429458
75 85 0.066137467697917285
75 86 0.071869837164648717
75 87 0.06220463248548929
75 88 0.096937410927288858
75 89 0.02147057257968037
75 90 -0.026340935597498609
75 91 0.12846128039056309
75 92 0.024268352039554061
75 93 -0.047818708340992493
75 94 0.172592074201911
75 95 -0.039441105187491242
75 96 0.06125227694202294
75 97 -0.11754036969352734
75 98 0.041554847264220873
75 99 -0.10721110755741275
75 100 -0.01446981556551603
75 101 -0.028784726074063578
75 102 -0.055580106085339087
75 103 -0.062929271781459045
75 104 -0.028592391948621714
75 105 -0.07066730488007808
75 106 -0.065657565032562912
75 107 0.024110427112528338
75 108 0.065021460810556958
75 109 -0.14905808245821159
75 110 -0.027910412200362944
75 111 -0.07281339513612195
75 112 -0.11774869254439302
75 113 -0.10885998695352217
75 114 -0.0045499868201268924
75 115 0.00089913107322536485
75 116 -0.17910647839395857
75 117 0.10438455489947011
75 118 -0.23685057813834434
75 119 -0.014606421160124804
75 120 0.050316950846532246
75 121 -0.018556254609391889
75 122 0.080183817191120194
75 123 -0.11187378810553783
75 124 -0.043881614717420442
75 125 0.014416499990846359
75 126 -0.18335246071368755
75 127 -0.10516955756411979
75 128 -0.043376152164474241
75 129 0.22368768920042986
75 130 0.0094001768547089786
75 131 -0.13742924038056095
75 132 0.0042945325849479583
75 133 -0.03547788614177548
75 134 0.12410071539299197
75 135 0.057306388827899089
75 136 0.17028965839855786
75 137 0.087060673065880792
75 138 0.037921582323279177
75 139 0.065269980970228708
75 140 -0.018457979877609373
75 141 0.071181998458767715
75 142 -0.10120037072328343
75 143 0.054055254454677258
75 144 -0.10959583826035009
75 145 0.068700786173247944
75 146 0.080586400782284781
75 147 -0.02400615458975517
75 148 0.047866955968529468
75 149 -0.023861546880772889
76 77 0.091066003917364885
76 78 -0.067288652454733019
76 79 -0.014716904398380332
76 80 0.13256232873098886
76 81 0.080937079000024711
76 82 0.011195943803457658
76 83 0.12613780627341209
76 84 -0.0086705670026871132
76 85 0.020379682765260324
76 86 -0.032223472241379336
76 87 -0.065103807429925234
76 88 -0.030333734210653315
76 89 -0.096374979554888857
76 90 0.13488547357974295
76 91 0.029179393057388554
76 92 -0.089683336298835847
76 93 0.06245223620818928
76 94 -0.0078094497530423876
76 95 0.070867756247011707
76 96 -0.099006841889570665
76 97 0.010233108179193026
76 98 0.18105476801464518
76 99 0.0008935695316887014
76 100 -0.059990865445568663
76 101 0.055264004876161121
76 102 -0.068599318130834253
76 103 0.052897338341348001
76 104 0.080898346236430205
76 105 -0.17960104840431909
76 106 0.11287480721254459
76 107 -0.024593132144541913
76 108 0.014458971760087062
76 109 0.05242051188425037
76 110 0.030022564858356981
76 111 -0.022842851486671593
76 112 0.029724513695062755
76 113 -0.10782963679472432
76 114 -0.071320141230307443
76 115 -0.016313541329267156
76 116 0.037668103598056717
76 117 0.015872039126862629
76 118 -0.027115681056740244
76 119 -0.023100461137754016
76 120 0.070963630751359003
76 121 -0.026814484376340715
76 122 0.070436283622516138
76 123 0.0085737232399289293
76 124 -0.14337765216967971
76 125 0.25046510570321701
76 126 0.10612743851026479
76 127 -0.019976739792490456
76 128 0.10893002812696846
76 129 0.16612161495218494
76 130 -0.0070412927945736415
76 131 -0.016728945862734157
76 132 0.0039012600261338413
76 133 0.12236972415664356
76 134 0.00058212515710182001
76 135 0.026290864352905119
76 136 0.075514724750953222
76 137 -0.083009403674270774
76 138 0.086571745728936014
76 139 -0.075462010740401056
76 140 -0.016062404493433702
76 141 0.046289011313210032
76 142 0.079293091105973643
76 143 -0.044826869014124554
76 144 -0.078258655898425233
76 145 0.0037306421618680296
76 146 0.0096103895262015793
76 147 -0.042082364359356812
76 148 -0.097300537665817657
76 149 0.12468032796334576
77 78 -0.018115499905867388
77 79 0.012365137313068672
77 80 0.063970042328650806
77 81 0.062243741888216457
77 82 -0.03732657807847839
77 83 0.044830229962111681
77 84 -0.084035787878892848
77 85 -0.06122946906349571
77 86 0.072403792727937358
77 87 -0.039213351183310735
77 88 -0.066345095751930247
77 89 0.10206273741629508
77 90 0.042416619455001775
77 91 -0.016957143812497272
77 92 0.10023113651894303
77 93 0.05330523502284517
77 94 0.095661454528961881
77 95 0.080312954576198525
77 96 -0.062383646088317708
77 97 -0.011242732151936261
77 98 -0.024537435121418396
77 99 0.11910020390784168
77 100 -0.055645635658766956
77 101 -0.066000671121895074
77 102 -0.13552306684138815
77 103 -0.085123380475175411
77 104 -0.071239514762162504
77 105 0.032710783130993376
77 106 0.076693024113896752
77 107 0.01727757880060531
77 108 0.0031907733626923844
77 109 0.095715606603150982
77 110 0.030811659847913314
77 111 0.12762722892463954
77 112 -0.021839271339237631
77 113 -0.093195028631305438
77 114 0.047456070712922641
77 115 -0.06649429600210989
77 116 -0.004500250572929524
77 117 -0.004260276985242094
77 118 -0.083090656751608136
77 119 0.12127743303358708
77 120 -0.035156274394332235
77 121 0.017180022248862309
77 122 -0.039934418290179116
77 123 0.042662344184782201
77 124 -0.089275005825440179
77 125 0.22948258283985976
77 126 -0.0031176486166364223
77 127 0.12885096945832075
77 128 -0.019403338075105914
77 129 0.016525711431931201
77 130 0.03878569425082716
77 131 0.048014507794679938
77 132 -0.015574684449430238
77 133 -0.025500627908163674
77 134 -0.0010228460019495774
77 135 -0.046293476531300323
77 136 0.06744532291012155
77 137 0.10868667164325949
77 138 0.0018066738049904794
77 139 -0.069763279706104853
77 140 0.17114293106982698
77 141 0.023224563151576883
77 142 0.11867193955386733
77 143 0.011888711720694993
77 144 0.0062024623696672479
77 145 -0.12451139921989478
77 146 -0.33719786824430842
77 147 -0.031928829081708875
77 148 -0.094294463963683281
77 149 0.044108416430187633
78 79 0.14930152443770375
78 80 -0.018428148700189356
78 81 0.01675044892050831
78 82 0.090528045633319079
78 83 0.037133718829953845
78 84 0.14006099245118897
78 85 0.05767909182608956
78 86 -0.076892258332536753
78 87 -0.14047112728096245
78 88 0.08237289122761958
78 89 -0.17425788487739835
78 90 -0.0070796218330289751
78 91 0.0094591984923923286
78 92 0.027742244703008696
78 93 0.05494382339587351
78 94 -0.015540334805915686
78 95 0.12786444818693751
78 96 -0.0066346744600503929
78 97 -0.13526975683728709
78 98 0.20545145772145568
78 99 -0.043953581681277727
78 100 0.050181203150915454
78 101 0.20402973400200095
78 102 0.15061654386332404
78 103 0.015396040768214277
78 104 0.02737933736075197
78 105 -0.090492855096971511
78 106 -0.067430566782886017
78 107 -0.071966198098246559
78 108 -0.082497425765394775
78 109 0.14809795660831918
78 110 -0.070977924162702918
78 111 -0.072558756673625519
78 112 -0.056529883267568165
78 113 -0.014775164644964247
78 114 -0.088507062299394909
78 115 0.043902146778469188
78 116 0.014926103327463093
78 117 -0.028598938863010914
78 118 -0.19280651623156511
78 119 0.047117318960014934
78 120 -0.097879504147999521
78 121 0.07959506068883837
78 122 -0.031334853116872938
78 123 0.052150643540263483
78 124 0.0055928072848190243
78 125 -0.041671316439462446
78 126 -0.15516981799061108
78 127 -0.069103954421666086
78 128 0.11483466359998375
78 129 -0.012977253226233164
78 130 -0.057592058822587847
78 131 -0.11455370667773754
78 132 -0.06409265908785762
78 133 0.084667515515903347
78 134 -0.12009805068341645
78 135 0.11831797749596346
78 136 -0.088554363859649418
78 137 -0.030861215212456973
78 138 -0.069875252342425795
78 139 -0.23067675068394525
78 140 0.031798342398339459
78 141 0.022072650372692394
78 142 -0.090601298256306098
78 143 -0.21887378413123312
78 144 0.1424519370148597
78 145 -0.012374391104723831
78 146 0.10786782132361221
78 147 0.0059421495328854995
78 148 0.07206008239485695
78 149 -0.1179071837147057
79 80 -0.025857565409034219
79 81 -0.0069511334111086549
79 82 -0.011155838733653216
79 83 0.019449577716366077
79 84 -0.1342513534971532
79 85 0.10047412353987091
79 86 -0.078421134184914296
79 87 -0.011155714150245891
79 88 0.23311248998961115
79 89 -0.016663587521508271
79 90 0.09989991340538068
79 91 0.040030413258202502
79 92 -0.10744048525918443
79 93 0.049950696198805204
79 94 -0.075216818178920786
79 95 -0.055301494608041776
79 96 -0.033101112280377008
79 97 0.012029333220501724
79 98 -0.039526048618760273
79 99 0.042544875056164271
79 100 -0.022002121957253706
79 101 -0.0039803328898106553
79 102 0.071691883450381091
79 103 -0.033640419901258371
79 104 0.10204261714425419
79 105 -0.013285966832419968
79 106 -0.041086425552459664
79 107 0.079273890276122722
79 108 0.0088486484765724766
79 109 0.052098887486833674
79 110 -0.0004311565599100913
79 111 0.012320727708614115
79 112 0.041835872266111566
79 113 0.077922626259595243
79 114 -0.00023369388495196144
79 115 0.0058228788859789682
79 116 0.055110711780494412
79 117 -0.020769913945743824
79 118 -0.12946089253146106
79 119 0.0039892846965782266
79 120 -0.070647104250797482
79 121 0.10834782075750475
79 122 0.010807599211997405
79 123 -0.051553857583808711
79 124 0.064499848789424802
79 125 0.07810467569399214
79 126 -0.13401999242661691
79 127 0.08547005626576
79 128 -0.024752511842993753
79 129 -0.01012729765630177
79 130 0.068546115430230203
79 131 0.029707421745486847
79 132 0.010338146174001174
79 133 0.060196700954019744
79 134 0.034752014960899816
79 135 -0.010833612472241148
79 136 -0.094976983303991194
79 137 -0.093907734435532159
79 138 -0.091708264422345434
79 139 0.029046729847009123
79 140 0.12047913640320843
79 141 -0.1027525167621552
79 142 0.13419597427857827
79 143 -0.076298796301442054
79 144 -0.066955324774589764
79 145 0.0094130295213666771
79 146 0.12758840010558428
79 147 -0.0036061572173156278
79 148 0.094886485842845938
79 149 0.066355919336501229
80 81 -0.010160481214646258
80 82 0.025778327765729372
80 83 0.015148149417850853
80 84 0.030272107447877995
80 85 -0.016922287213259477
80 86 0.094025347728897937
80 87 0.078617900235031069
80 88 4.1576234851460778e-05
80 89 0.04203603698216022
80 90 0.024893388330336712
80 91 0.060318059876581308
80 92 -0.068208308044793997
80 93 0.093871196878560187
80 94 -0.030412203592319473
80 95 -0.014920690893597936
80 96 0.098482907067166919
80 97 -0.031426537891809297
80 98 0.032183292898861043
80 99 -0.025962949018847641
80 100 0.065927745027775514
80 101 0.059945129474997937
80 102 0.11724893170524284
80 103 -0.039429213143929547
80 104 -0.16380509378655506
80 105 -0.039949618318935932
80 106 0.07659635865335232
80 107 -0.075251685285391154
80 108 0.17871506549416113
80 109 0.13656865996394577
80 110 -0.039232708941445489
80 111 0.058503652117103538
80 112 0.18213504950872905
80 113 -0.048416154470629413
80 114 -0.065416296223088574
80 115 0.15804036820189352
80 116 -0.081780134998888962
80 117 0.07872046058311126
80 118 0.079519125299260821
80 119 -0.0070086093968639374
80 120 -0.09594315195224247
80 121 -0.07125007223958181
80 122 -0.067383941890022198
80 123 -0.16693875891628737
80 124 0.0096727324515001618
80 125 0.034772490060884939
80 126 0.13236279455780192
80 127 0.00050438588234228321
80 128 0.013254996176919141
80 129 -0.026774695205540645
80 130 -0.027910566700761238
80 131 -0.02862216131817347
80 132 -0.054558197134195387
80 133 0.057694026921327808
80 134 0.19310450098153847
80 135 0.069946779120790531
80 136 0.12011355200499528
80 137 0.0083893490368895235
80 138 -0.020422400813611487
80 139 -0.027742725688904245
80 140 -0.010781891227566062
80 141 0.069764092619107765
80 142 -0.025615042999726893
80 143 0.059805953145578197
80 144 -0.01135695293418588
80 145 -0.042570192666585627
80 146 0.047464105514778775
80 147 -0.03328962507750767
80 148 0.011461695826677866
80 149 -0.019885546628260593
81 82 0.092699611171655399
81 83 -0.040813148294787237
81 84 0.11496210201652986
81 85 0.008493171291983851
81 86 0.00071893759668953177
81 87 0.1706770143913208
81 88 0.087396020803637717
81 89 -0.028184331713996057
81 90 -0.019471819072580377
81 91 -0.14018594405780629
81 92 -0.086429716697718095
81 93 -0.013944141099335488
81 94 -0.028551993563802371
81 95 0.033753242104019129
81 96 0.045128838816701954
81 97 0.002336703588330533
81 98 0.051727976836752183
81 99 -0.037909277741037611
81 100 0.014094670585464313
81 101 0.15089514034171547
81 102 -0.21693790654922424
81 103 0.009264684559027115
81 104 0.016247408450477504
81 105 0.018070842477060509
81 106 -0.17435508510104633
81 107 0.090599876196187437
81 108 0.016865306521210134
81 109 -0.26820838368658378
81 110 -0.04113985772320846
81 111 -0.18236246320728783
81 112 0.074016756772629241
81 113 -0.097745957270717596
81 114 -0.046392654408107976
81 115 0.10126656868398375
81 116 -0.045974563092103869
81 117 0.016366175491595181
81 118 -0.12194821329261292
81 119 0.033826525514873897
81 120 -0.053671929699438126
81 121 -0.073760448075910159
81 122 0.11293107158752357
81 123 0.18053291832762469
81 124 -0.033789697357915351
81 125 0.028345301579778159
81 126 -0.009262584418022345
81 127 0.03945814263216707
81 128 -0.045302253846996765
81 129 -0.0024362524577853113
81 130 -0.091337414411049006
81 131 0.049401177393293534
81 132 0.063592709378175502
81 133 0.029831217015403012
81 134 0.066023085372948626
81 135 0.0083981345869441927
81 136 0.037050389370645732
81 137 -0.064874055978719689
81 138 -0.13978780507197086
81 139 -0.021609351795936135
81 140 0.023909440140638658
81 141 -0.053837734219061899
81 142 0.0051555219377015403
81 143 0.029557956907567868
81 144 -0.13229402614881031
81 145 0.18588455584690189
81 146 0.043203332876365699
81 147 -0.027819912068034258
81 148 0.10788671926745674
81 149 0.021518215326421966
82 83 -0.068665886181290756
82 84 -0.052765945358404329
82 85 -0.024579041422570783
82 86 -0.060414414708798464
82 87 0.10333464044139491
82 88 -0.011605732703926806
82 89 -0.028550334302626712
82 90 -0.13837565495077053
82 91 0.094429070924661795
82 92 -0.060517748373933394
82 93 0.18443992817354818
82 94 0.045006715638205158
82 95 -0.011139175405589306
82 96 0.0020499342142862331
82 97 -0.078374146480795895
82 98 0.0082713627988342635
82 99 -0.028519153871416656
82 100 -0.084233444730296925
82 101 -0.052148868069020853
82 102 -0.093494184575233716
82 103 -0.0098058423972795308
82 104 -0.0032264400391226614
82 105 -0.087983666445596243
82 106 0.10905140092599143
82 107 0.04929947939117086
82 108 0.062997456980724273
82 109 0.021714177315946132
82 110 -0.087007719786015347
82 111 -0.15262867653002427
82 112 0.059578249101994801
82 113 0.0078303307164150245
82 114 -0.0084249959102256286
82 115 -0.028690282603673376
82 116 -0.088087148619846525
82 117 0.048186316227615128
82 118 -0.032411390647945959
82 119 -0.070790525360190551
82 120 0.04157589970364612
82 121 -0.045212664318234091
82 122 -0.080490258201518727
82 123 -0.056649094427009362
82 124 0.069431250601257516
82 125 -0.068038042343200919
82 126 0.055159673219166802
82 127 -0.054881739513183335
82 128 -0.12935769942812786
82 129 0.022905972423834971
82 130 -0.041470173628997409
82 131 -0.031604259127558487
82 132 -0.059535119818484951
82 133 -0.013460791177488845
82 134 0.040565066550400333
82 135 -0.1835758196740202
82 136 -0.13005270544860176
82 137 0.0064709418021538416
82 138 -0.091034897767651321
82 139 0.12119824236395108
82 140 -0.16063649212077005
82 141 -0.01929402289085605
82 142 -0.044911386406448622
82 143 -0.038169719710936738
82 144 -0.14945609529035137
82 145 -0.019196764245853305
82 146 -0.12125714596926288
82 147 0.05716949830399002
82 148 0.065724805476591666
82 149 -0.0016026433824601546
83 84 0.056614601799792531
83 85 0.013610323969606727
83 86 -0.17789502669635252
83 87 -0.049655575613718549
83 88 -0.062427594161596607
83 89 -0.0077619452631570362
83 90 0.085988012539867181
83 91 -0.013203206818048192
83 92 0.14971130137510422
83 93 0.10865378200058563
83 94 -0.0041815175623035753
83 95 -0.16332504579629895
83 96 0.12389143484012287
83 97 0.028585049339601206
83 98 -0.14041438080018018
83 99 0.072439312066858816
83 100 0.035922017891551396
83 101 -0.14850710814282828
83 102 0.069235552470843939
83 103 -0.014277061426003955
83 104 -0.11562029148374985
83 105 -0.0041677598571106533
83 106 -0.051917659138947338
83 107 0.014056712293982778
83 108 0.05804638399061364
83 109 0.1427202501770849
83 110 0.24512989177735928
83 111 0.0086833509486591281
83 112 -0.14879666582898482
83 113 0.0032878603178925466
83 114 0.13652861462690255
83 115 -0.068000944829328211
83 116 0.054724336369590093
83 117 0.022883109762682267
83 118 0.12267288753854079
83 119 0.055129265199718884
83 120 0.084018106347448704
83 121 -0.0090411177589009781
83 122 0.010512978303056293
83 123 0.0040668049458338993
83 124 -0.055929511323779192
83 125 -0.043564770030591511
83 126 0.12874658186739821
83 127 0.10717224135338224
83 128 0.018645996813171008
83 129 0.049908574328419691
83 130 0.064620921308259083
83 131 -0.10608455340773129
83 132 -0.14896677058153066
83 133 0.0057515241966196538
83 134 0.097991382832175122
83 135 -0.12879596705818944
83 136 0.073575572111705845
83 137 -0.11312842982915357
83 138 0.0068793492492828894
83 139 0.069274447403062753
83 140 0.076061400497517168
83 141 0.021808615875653841
83 142 -0.039561528167544997
83 143 0.06577285921806468
83 144 0.015167500069715052
83 145 -0.049178499177739407
83 146 -0.082100027116516761
83 147 0.31028354565040472
83 148 0.032598807710794001
83 149 -0.034400319390361284
84 85 -0.065401670643878265
84 86 0.036776155474499396
84 87 0.081165423225739178
84 88 0.060301900302437157
84 89 0.030306341315729551
84 90 0.042340177050667088
84 91 -0.048434619731963884
84 92 -0.015505808631615683
84 93 0.14490243368999614
84 94 0.065924764388283541
84 95 0.0015582581505320279
84 96 -0.10219532113940522
84 97 0.018361396416589276
84 98 -0.039472081307502384
84 99 -0.085799180770774142
84 100 -0.23733631932315238
84 101 0.012988183722786831
84 102 -0.18015206958705324
84 103 0.031875545193828625
84 104 -0.0051109479957026941
84 105 0.098245126911708572
84 106 -0.052218531645102748
84 107 0.091343584684260112
84 108 0.083873943154022759
84 109 -0.051813135892905836
84 110 0.011855313569605733
84 111 0.010485726189041008
84 112 -0.084652228471084306
84 113 -0.043117932922270445
84 114 0.073427677268731603
84 115 0.033825343222597427
84 116 0.0018768605442216137
84 117 0.0031025803565397814
84 118 -0.10364457933129853
84 119 -0.029126469726911963
84 120 0.099956434531851962
84 121 0.028153773908809049
84 122 0.04907785761277763
84 123 0.07679950923434653
84 124 0.091635774441594584
84 125 0.029136306022156149
84 126 0.10819382782143633
84 127 0.019446835689235654
84 128 0.071929775270107479
84 129 -0.064966308300616213
84 130 -0.042903763414221599
84 131 -0.036273551705084575
84 132 0.053224720509793585
84 133 -0.079235227652609888
84 134 -0.078096452144604811
84 135 -0.056390032191889344
84 136 -0.12676157904155044
84 137 0.17461688438109965
84 138 -0.033710991908797651
84 139 0.1231423759638104
84 140 -0.21096215033348314
84 141 -0.086811597865786905
84 142 0.0070695454122990074
84 143 -0.15903614991024762
84 144 0.040440971093939376
84 145 -0.075684763593871746
84 146 -0.014334810417575986
84 147 0.034495610779387217
84 148 -0.065623324648596423
84 149 0.069004268761812856
85 86 0.066139658023004561
85 87 0.062749480496812199
85 88 0.1077923052222778
85 89 0.052640594642420296
85 90 -0.11087242065897664
85 91 0.011072889695911643
85 92 0.089647720583778165
85 93 0.05792641099586518
85 94 0.066586347053314704
85 95 -0.090724436860728716
85 96 0.22322140385465664
85 97 0.02045241394558367
85 98 -0.16422695478675808
85 99 0.032760961140215601
85 100 -0.0055731469290452081
85 101 0.076562736380411334
85 102 0.017798983590527472
85 103 0.1475567058126068
85 104 -0.093354665204574375
85 105 -0.074846431996565779
85 106 -0.16374741323859132
85 107 -0.23005716621309164
85 108 -0.10134003317560804
85 109 -0.075548089520573417
85 110 0.0130080355219636
85 111 -0.055591870471177675
85 112 -0.050146732914762036
85 113 0.037801048878823192
85 114 0.067382624016206857
85 115 -0.035148363594148892
85 116 0.063277931610329394
85 117 -0.007112296458680948
85 118 0.064049070445670028
85 119 -0.098997244677308444
85 120 -0.029651957738199793
85 121 -0.090037487711174105
85 122 0.037098885121263241
85 123 0.080634827340819185
85 124 -0.025323054247663825
85 125 0.091216546832456613
85 126 0.080248182244139307
85 127 -0.0019002987240087183
85 128 0.097830472552936601
85 129 -0.20762542623234689
85 130 0.012873057496466037
85 131 -0.060312847948934205
85 132 0.10751446079678328
85 133 0.032801966036947669
85 134 0.012044418558002656
85 135 0.067850430051130034
85 136 -0.064239339772235102
85 137 -0.11329771992814132
85 138 -0.067948772266085478
85 139 -0.04670879703346071
85 140 0.062973333751876595
85 141 -0.033293398168817406
85 142 -0.11589573768780236
85 143 -0.13233182215709519
85 144 0.064463507331405073
85 145 0.05423760368847489
85 146 -0.17442037308917344
85 147 0.017284236582052942
85 148 0.13284974450042977
85 149 -0.064206366626258171
86 87 -0.018940836051744271
86 88 -0.12169052076686664
86 89 0.01140427109999816
86 90 0.014937923121126065
86 91 0.035020469165865167
86 92 0.09177955143923662
86 93 -0.12726193628429422
86 94 -0.10393600566321508
86 95 0.032124663878806241
86 96 0.014157179676115869
86 97 0.034857847808181963
86 98 -0.0072124470405638547
86 99 -0.12753002929894725
86 100 -0.09952427729433462
86 101 -0.13660659942003034
86 102 -0.010411937084677421
86 103 0.0069032976239908408
86 104 0.0087860016065506065
86 105 0.052687080413072011
86 106 -0.083124150343547823
86 107 0.013399637133991085
86 108 -0.028686893010598354
86 109 0.052723400246041767
86 110 0.15171666814701393
86 111 0.070106611098131669
86 112 0.098048627948497571
86 113 -0.088325358657208045
86 114 0.0060006481181498119
86 115 0.007850709769843223
86 116 0.024334987103626513
86 117 -0.096211096888010536
86 118 -0.083700963404178291
86 119 0.11090550201099493
86 120 -0.01964725490550966
86 121 -0.066183923865711439
86 122 0.076330335579320299
86 123 -0.067877848002453195
86 124 -0.019080526629501302
86 125 -0.11206377201359291
86 126 -0.13789034120466973
86 127 0.10673147688870416
86 128 0.058034040020304017
86 129 0.07807012604493857
86 130 0.004032377795399277
86 131 -0.076100198778758357
86 132 0.092893092020566101
86 133 0.04856190441869624
86 134 -0.0671290586333112
86 135 -0.075626113697994241
86 136 0.022671700542556007
86 137 -0.036919100848702452
86 138 0.0059507300995248471
86 139 0.03982363443003846
86 140 -0.23792463576760758
86 141 0.053595825881410236
86 142 -0.045795433921011625
86 143 -0.034175499382853372
86 144 0.026238803883248139
86 145 -0.024432274366125373
86 146 -0.15830451161817891
86 147 0.11814109285951521
86 148 0.14048979095345851
86 149 -0.0082084701211635486
87 88 0.097422642688374847
87 89 -0.011602012524913101
87 90 -0.0029398960168713489
87 91 0.0068307321535353216
87 92 0.037662816549707087
87 93 -0.11801872073633757
87 94 0.10058714585211521
87 95 0.03080819402263513
87 96 0.067879090650157112
87 97 -0.12118522201748035
87 98 0.012933677817328746
87 99 0.035762593909253106
87 100 -0.014487766834447297
87 101 0.0035448695895473514
87 102 -0.023494877072517576
87 103 -0.13641253703068956
87 104 0.064826825537178445
87 105 0.10301792485218225
87 106 0.083041957033161029
87 107 -0.08808545584810433
87 108 -0.12224541620411186
87 109 -0.024844634243838367
87 110 -0.052694207661327937
87 111 0.04909549309661191
87 112 0.032166887985174523
87 113 0.043314407456756653
87 114 -0.0027673619059962063
87 115 -0.089681962624418923
87 116 0.072915930561532408
87 117 -0.038124432585104104
87 118 -0.0031581380782863193
87 119 -0.034152431531813743
87 120 0.14832260113244028
87 121 -0.00056062773209192437
87 122 0.058309074371083326
87 123 0.020586481045048899
87 124 0.065548493133737104
87 125 0.021051654350675349
87 126 0.097322725252861605
87 127 -0.074623991606898241
87 128 0.03186416685204442
87 129 -0.039221001413781403
87 130 -0.010811364410399352
87 131 -0.0077771448417090902
87 132 -0.09773857778732449
87 133 0.0077278398723926644
87 134 -0.0090465561360514295
87 135 -0.030562863917719035
87 136 0.23126240286526373
87 137 -0.046455629943396172
87 138 0.070431255726775721
87 139 0.040481364194181961
87 140 -0.025735038293997516
87 141 -0.055836641738251494
87 142 0.035998406029852791
87 143 0.13035311581726974
87 144 0.012391785935829409
87 145 0.14585307215268245
87 146 -0.083824451223926233
87 147 -0.0040866522918743906
87 148 -0.0078319301182843935
87 149 0.118698614140532
88 89 -0.17038246835845203
88 90 0.052403784664749264
88 91 0.14155467465092519
88 92 -0.0010234365188308775
88 93 0.22698656336180811
88 94 -0.11110761960107571
88 95 -0.10344543317084856
88 96 0.19098911616232586
88 97 -0.053774848045113344
88 98 0.10264525174616777
88 99 0.052266138786798186
88 100 -0.098927107473002943
88 101 -0.071962191051374622
88 102 0.070670737431932015
88 103 0.065336758089943686
88 104 0.16232241458728361
88 105 0.016945004459408913
88 106 -0.12768995026400809
88 107 -0.052944720631328351
88 108 0.0037526331378849235
88 109 -0.042271345105019544
88 110 0.16032198490469185
88 111 -0.053724554828749889
88 112 -0.056599622468028979
88 113 0.029180569897198912
88 114 0.025590019836910959
88 115 0.23314064815992791
88 116 -0.032162831828249853
88 117 -0.0060254841666547397
88 118 0.011258055524822588
88 119 -0.007432169069583227
88 120 -0.036193363316761346
88 121 0.058030898045752767
88 122 0.065452453614691986
88 123 -0.036934679227526107
88 124 0.022937105464472946
88 125 -0.014526577795682477
88 126 0.059130610921090093
88 127 -0.013586662833479167
88 128 0.10121211429618146
88 129 -0.081222153505265862
88 130 0.0080923916028647191
88 131 -0.18459716226828612
88 132 -0.010700684777914823
88 133 0.093929628647860447
88 134 -0.0059691150163949736
88 135 0.016912556885044432
88 136 0.010891372441559884
88 137 0.11120808066172622
88 138 0.070161584591773365
88 139 -0.14170829313430675
88 140 0.07860148423863654
88 141 -0.10193123558420357
88 142 0.018908766772958288
88 143 0.014743771773259692
88 144 -0.0068135987986459902
88 145 0.043932811512272581
88 146 -0.09789175593638777
88 147 0.010653666920517628
88 148 0.0067566305312896273
88 149 0.10789208250248775
89 90 0.014949899041959742
89 91 0.081942842791812034
89 92 0.046007446627342206
89 93 0.14209961213649558
89 94 -0.0062310497905663613
89 95 0.048660974985239455
89 96 -0.0038593703466645855
89 97 0.10401723625997865
89 98 0.20203339451250002
89 99 0.012374845817667034
89 100 -0.10318674917886581
89 101 0.0082953230729456914
89 102 -0.055180298069697445
89 103 -0.11636439367913758
89 104 -0.050073072262024343
89 105 -0.10772410070420434
89 106 0.064909614339565755
89 107 0.10630825065870489
89 108 -0.13374098577675511
89 109 -0.13737229095644754
89 110 -0.10456516382400699
89 111 -0.053666908046950824
89 112 0.0069430409138041271
89 113 -0.071821861852003163
89 114 -0.0015570570875753497
89 115 -0.05320836064788715
89 116 0.080708394597864941
89 117 0.13786871110920162
89 118 0.13876908960181553
89 119 0.012778472850475509
89 120 0.0065731239223449688
89 121 0.0046758387358628245
89 122 0.098745709912430521
89 123 -0.072694379947501345
89 124 0.066911049012213827
89 125 -0.073827921615860465
89 126 -0.014106658728236993
89 127 -0.13041234044674885
89 128 0.088075303126919094
89 129 -0.04425194084319211
89 130 0.016456661671006054
89 131 -0.16859060223861111
89 132 0.035595046890858982
89 133 -0.016960721151460748
89 134 0.080371999003897465
89 135 -0.14119943757549641
89 136 -0.031773257760128695
89 137 0.029384005075720969
89 138 -0.10545842793421206
89 139 0.041581184366003499
89 140 0.069406289855508119
89 141 0.065609340479553468
89 142 -0.11410415953679739
89 143 0.12020214462566199
89 144 0.062347007879977247
89 145 -0.13336966073994663
89 146 -0.074714318651152092
89 147 0.13504604208830565
89 148 0.055123560960340191
89 149 0.033021832012677145
90 91 0.031625829866173835
90 92 0.028030143679962434
90 93 -0.050231017506422088
90 94 -0.050379497108088082
90 95 0.0076824756226043199
90 96 0.024931443843552701
90 97 -0.28002220692690799
90 98 -0.20578411864838031
90 99 0.0065845556660971945
90 100 -0.10663479456751798
90 101 0.03024490562857177
90 102 0.080390637535539766
90 103 0.1878315626229787
90 104 -0.076967895567186029
90 105 0.084658064199394173
90 106 0.029981711023953649
90 107 0.06682384462861761
90 108 -0.011136656670613098
90 109 0.13307202975867521
90 110 -0.030487904883614449
90 111 0.091214433505779263
90 112 0.036985885475417299
90 113 0.09234299346413985
90 114 0.049089092757152085
90 115 0.081652766722199607
90 116 0.10777618179524402
90 117 -0.02489209344946466
90 118 0.069114625589295292
90 119 -0.077829074800018896
90 120 0.066779037586841491
90 121 0.048990935329659348
90 122 -0.11598070212772008
90 123 -0.10552315280715668
90 124 0.003805158925697548
90 125 0.021664550663925287
90 126 0.023977609190707856
90 127 -0.062245818877064103
90 128 -0.021800356998108384
90 129 0.041311584779434848
90 130 0.11710852870239043
90 131 -0.050267755317468257
90 132 0.040222683925792535
90 133 -0.044446050676627449
90 134 -0.00053808113530172256
90 135 0.030097381890772289
90 136 0.16811162839941293
90 137 -0.00017159701679296275
90 138 0.056181718020731623
90 139 -0.058668819051621385
90 140 0.15029679615254402
90 141 -0.038518700716343376
90 142 0.065896107352354974
90 143 -0.11347107995612248
90 144 -0.066294723542899864
90 145 -0.092428178183720677
90 146 -0.005038463383857588
90 147 -0.060844208337944183
90 148 -0.094071972252321445
90 149 -0.0054250752001475102
91 92 -0.054681269917014066
91 93 -0.094396614990918171
91 94 -0.076081339972578335
91 95 0.044829023555405835
91 96 -0.0017114876873876922
91 97 0.043707528117986894
91 98 -0.020174439740690098
91 99 0.0089869361728390062
91 100 -0.014872176624571954
91 101 -0.012232966875497572
91 102 0.18144309744320491
91 103 -0.096279067686470265
91 104 0.070940261364935628
91 105 0.05857550081211594
91 106 -0.13553002577770962
91 107 -0.14595992496813617
91 108 -0.18118928105184673
91 109 0.0501222293309498
91 110 -0.066710546440137866
91 111 0.048224930930124095
91 112 0.037862186283260428
91 113 -0.0093931887951217274
91 114 0.003970625271927322
91 115 0.17747490755914211
91 116 -0.12570404076982422
91 117 0.17720425222885422
91 118 0.086398697290693688
91 119 0.084339686988003149
91 120 -0.02305182163618498
91 121 -0.050026675223055268
91 122 -0.024667047747620956
91 123 0.010834410717056613
91 124 0.11019411698489703
91 125 0.056134511242406301
91 126 0.12192154739899495
91 127 -0.011725999891663097
91 128 -0.14673218523292597
91 129 0.004149590910566203
91 130 -0.014697325296369796
91 131 0.036607156037498707
91 132 -0.078728706973911489
91 133 0.084402176198000833
91 134 -0.012241043800367148
91 135 -0.056569137370347404
91 136 0.057126710992085113
91 137 -0.0060120040097515802
91 138 -0.029383816644312062
91 139 -0.057885765064581748
91 140 0.099290436001265206
91 141 0.057630480958121018
91 142 0.10518492189124377
91 143 -0.014244308275550078
91 144 -0.03692245896971097
91 145 0.0083341646596901912
91 146 -0.11524609972151953
91 147 0.083983148068780919
91 148 -0.011119372092795267
91 149 0.07726474924595679
92 93 0.0107370635346331
92 94 0.037003673965234726
92 95 0.02646561245730587
92 96 0.095025907123603301
92 97 -0.014118683797416109
92 98 -0.10581589470427329
92 99 -0.11140731865549847
92 100 0.16355873489168032
92 101 0.036564022246929048
92 102 0.016476239559391929
92 103 -0.047428892212459516
92 104 0.16231479115437814
92 105 0.015523844292849547
92 106 0.031017409411888731
92 107 0.060369196703263857
92 108 0.0018624835040961523
92 109 0.09760789672071743
92 110 -0.23070940888418243
92 111 -0.061641452348279689
92 112 -0.1611487587113376
92 113 -0.13477272747192773
92 114 0.0034650390561674778
92 115 0.21102975308949995
92 116 0.034150689330065057
92 117 0.075546510859006377
92 118 0.066311183557707362
92 119 -0.10580196050910494
92 120 -0.10586401253052939
92 121 -0.14477091830585004
92 122 0.1094042302250397
92 123 0.059932023364640791
92 124 0.14447173038817698
92 125 0.12102884467371149
92 126 0.015290806558891219
92 127 -0.0295478313618814
92 128 0.046589208395874625
92 129 0.091222254863542448
92 130 0.07081947096401453
92 131 0.10948980554065742
92 132 0.10378846373524929
92 133 -0.15539103170158458
92 134 0.037670978055264918
92 135 0.10593527771827162
92 136 -0.030303051335124863
92 137 0.030957100893087938
92 138 -0.062088393409245546
92 139 0.030385604432350628
92 140 0.020627573288327188
92 141 0.081000480426298718
92 142 0.015868746619009111
92 143 -0.0013208012156637832
92 144 -0.1675285735597124
92 145 -0.0027768558363426322
92 146 -0.00011001898501993963
92 147 0.043711464830706447
92 148 -0.063905390954529753
92 149 -0.051698888517316702
93 94 -0.014444604962293701
93 95 -0.039980470938674788
93 96 -0.017943548282127443
93 97 0.061301908083265001
93 98 0.01647940631346502
93 99 0.056817456380865779
93 100 -0.10224177313590352
93 101 0.0049139708929366588
93 102 -0.078680674933580413
93 103 -0.026663477391484242
93 104 -0.11131175503296906
93 105 0.0039206964896003399
93 106 0.06183935499141692
93 107 0.16582922701018188
93 108 0.079552960280162746
93 109 -0.023229956608710484
93 110 -0.093193226488154063
93 111 0.035083029282060009
93 112 -0.002917012975259258
93 113 0.011783427493230759
93 114 -0.030252627332357448
93 115 0.099998458614974875
93 116 0.13264899641665712
93 117 0.0030508859689318745
93 118 -0.034512186711967929
93 119 0.056723242518327624
93 120 -0.0061504326679221906
93 121 -0.079289258029568085
93 122 0.092371652346901367
93 123 -0.002265482204511025
93 124 -0.085182418822029857
93 125 0.038567874685488224
93 126 0.093619890775544737
93 127 -0.060311502574030097
93 128 0.042265950729607607
93 129 0.025815025024717764
93 130 0.15737764187464326
93 131 -0.071208513781855776
93 132 -0.11249016286861978
93 133 0.045283429925526524
93 134 0.040115447348487918
93 135 -0.053387893215200384
93 136 -0.23745837318110879
93 137 -0.1071287449116015
93 138 -0.071998060595494073
93 139 -0.055622618852262995
93 140 -0.097311986852928009
93 141 -0.12629377167329314
93 142 -0.065402518839225501
93 143 0.014861843720632751
93 144 0.0028029772365812037
93 145 -0.13375761270369188
93 146 0.059743906776371612
93 147 0.023092007474617624
93 148 0.026098066988098381
93 149 0.022755604779704629
94 95 -0.081028890893357963
94 96 0.052162365897246578
94 97 -0.21443948102972601
94 98 0.11972794884704609
94 99 0.11968938605237729
94 100 0.019443133183763749
94 101 0.0077131717765159605
94 102 0.12317980680681988
94 103 0.12488429138783169
94 104 -0.0028457262757065095
94 105 0.051774124169538319
94 106 0.081578802705626341
94 107 -0.14314542369402888
94 108 0.011879440789720747
94 109 -0.072102621228366762
94 110 0.00068744766564455531
94 111 -0.14664823059363405
94 112 0.04902491988157677
94 113 0.041630720978918699
94 114 0.11071819662116972
94 115 0.091782867411596691
94 116 0.024465281206255102
94 117 -0.16177009160434727
94 118 -0.059747665274311829
94 119 0.081846550764921214
94 120 -0.032490516271984543
94 121 0.0039237970090546847
94 122 -0.04633234076426844
94 123 0.10237888722811146
94 124 -0.050279486962066237
94 125 0.10803632892694456
94 126 0.017560860057719663
94 127 0.11735484670382074
94 128 0.051132159414946983
94 129 0.00021696220724734324
94 130 0.03534266168703365
94 131 0.21271240209048572
94 132 0.071555855386524217
94 133 -0.032759815492316206
94 134 -0.027569128575574895
94 135 0.083822314174187867
94 136 0.094934757927185906
94 137 -0.016502549184542678
94 138 -0.038406730116843806
94 139 0.078114128298898952
94 140 0.0094331060736592039
94 141 -0.033649620720758361
94 142 0.14145705813432327
94 143 -0.042470187631858509
94 144 0.0099605844638708564
94 145 -0.038382045687901128
94 146 0.076187859202586486
94 147 0.0083386074072495965
94 148 0.1612297355239628
94 149 0.086316490760357384
95 96 0.029054364549077113
95 97 -0.10314040977945242
95 98 -0.035733851913748907
95 99 0.067108938970547538
95 100 -0.039573445190899073
95 101 -0.0053975348471105092
95 102 0.059143576722514864
95 103 -0.10631091160800694
95 104 -0.00050977480478591288
95 105 0.069916496254321128
95 106 0.060501390465341476
95 107 0.11333683759544631
95 108 -0.056621356817360052
95 109 0.14338853422690476
95 110 0.061541291224226143
95 111 0.06222441495942433
95 112 -0.0093372683557787165
95 113 0.15169064801137144
95 114 -0.023036221444434016
95 115 0.16914857430824601
95 116 -0.0041497648810268619
95 117 0.047977190403191698
95 118 -0.16644559004375059
95 119 0.05369662228208779
95 120 0.15745508611782666
95 121 -0.0050425368085470421
95 122 0.18256064171674957
95 123 -0.14201322524574314
95 124 0.020494295992755322
95 125 0.03176711000208067
95 126 -0.031230386815236905
95 127 -0.09663885469814304
95 128 -0.052006001400594574
95 129 -0.013123521655341457
95 130 0.078139220939770895
95 131 0.11630101776276176
95 132 -0.075803243804691556
95 133 0.06004405444100018
95 134 -0.010688269274441381
95 135 -0.0047389262425671626
95 136 0.18900985722965757
95 137 -0.023005824783760138
95 138 0.058390496745944875
95 139 0.047768814293089268
95 140 -0.021546470694859238
95 141 0.0080661229831273471
95 142 -0.1301731073836655
95 143 0.23002450003016106
95 144 -0.020949230302448843
95 145 -0.019683059611693792
95 146 -0.12188999552333429
95 147 -0.042807695522017082
95 148 0.068634313855155019
95 149 0.064763494966458557
96 97 0.059915141419156784
96 98 0.11927399608412537
96 99 -0.038685711173400743
96 100 -0.00062715806613748248
96 101 0.0084019015919286812
96 102 -0.103692635860319
96 103 -0.10990414077555015
96 104 0.13954892670238539
96 105 0.0065139233338930369
96 106 -0.045916673991410542
96 107 -0.042967343901535671
96 108 -0.022652089022630981
96 109 0.091146731498569805
96 110 0.081363869363544755
96 111 0.040659625139433102
96 112 0.056403062222808789
96 113 0.036113420969607603
96 114 0.02136148372194142
96 115 -0.10402194308873838
96 116 -0.018899608642598483
96 117 0.013171592811061988
96 118 -0.052686795153672313
96 119 0.050786916055274502
96 120 0.025180866015354953
96 121 0.11620998699990238
96 122 -0.0067916592035738256
96 123 -0.037509602257744044
96 124 -0.135474684210206
96 125 0.020772525412770092
96 126 -0.12927761191841142
96 127 0.093803612904382883
96 128 -0.0083291793264585277
96 129 0.044408541019022287
96 130 0.10550264680375881
96 131 -0.11406002334059422
96 132 -0.058075287718863312
96 133 -0.035945216329826231
96 134 -0.026589037280032493
96 135 0.10342167776384591
96 136 0.070402558056986794
96 137 -0.018901619033852651
96 138 -0.041292630727766559
96 139 -0.05808465763669645
96 140 -0.018935890804988881
96 141 -0.13931782280708219
96 142 -0.12278972904411693
96 143 0.084916770335280542
96 144 -0.1205205070235356
96 145 -0.028367773081235805
96 146 -0.15657213529485384
96 147 -0.095142512333928828
96 148 0.026330565291874955
96 149 0.067815932436019966
97 98 0.10284213501714869
97 99 -0.10379332591485466
97 100 0.028953688245951539
97 101 0.13679878690034067
97 102 0.0063781755043100094
97 103 0.11130146739011451
97 104 0.047111092368899314
97 105 -0.095954423916471174
97 106 0.039178507070703472
97 107 -0.029079806048339346
97 108 -0.11433701094662312
97 109 0.0073406950799773584
97 110 0.064050973081839657
97 111 -0.0062606248852745015
97 112 0.01581729419278495
97 113 -0.013502667986918416
97 114 -0.014735872317846028
97 115 0.050404152394576414
97 116 -0.090860597440543076
97 117 -0.091109597241285187
97 118 -0.10684022887723713
97 119 0.1358495271681866
97 120 0.019897966427687888
97 121 -0.068850374656047403
97 122 0.02229894116343379
97 123 0.03877071987276233
97 124 -0.048074086331142615
97 125 -0.10994199386436294
97 126 0.03879761537801954
97 127 -0.00047464361256586415
97 128 -0.081837836945179335
97 129 -0.019950489889651375
97 130 -0.056476529455062416
97 131 0.07537731464142737
97 132 0.052664499424707661
97 133 0.039288063713763387
97 134 -0.047143606703663112
97 135 0.061582876693015397
97 136 0.046936570638191774
97 137 -0.17684454043370826
97 138 -0.066070463262775048
97 139 -0.068959195453416625
97 140 0.025667065138730807
97 141 0.0080333284683069654
97 142 0.038718139148902021
97 143 -0.10002275344584258
97 144 0.13352906773818557
97 145 0.094812497320084635
97 146 0.048743835953481966
97 147 0.06901398078462545
97 148 -0.03955170298048561
97 149 -0.089136066387967408
98 99 0.095541357524188242
98 100 0.083262872707285857
98 101 -0.11014378486589367
98 102 0.22364425527912615
98 103 0.032025327329215425
98 104 0.033161614605728695
98 105 0.068039417625076148
98 106 -0.06094626606681381
98 107 0.022513805159507558
98 108 0.023284403288900753
98 109 0.05689008460695022
98 110 0.10535747146905344
98 111 -0.070189162886950665
98 112 -0.17257218862243048
98 113 -0.0649390157648536
98 114 -0.067459438115396911
98 115 0.041892653266922479
98 116 -0.036760896003526285
98 117 0.074276543084821872
98 118 -0.0024299892018365844
98 119 0.04980360691255508
98 120 0.035690223850090803
98 121 0.041454699770167656
98 122 0.007812795312107523
98 123 0.010663380605945464
98 124 -0.054652395660707918
98 125 0.086230554772750476
98 126 -0.028327521698657442
98 127 0.057794999261821696
98 128 0.086689082841779175
98 129 -0.074288254768574355
98 130 0.013443122184072448
98 131 0.13159159731250578
98 132 0.135962606163231
98 133 0.075389810538454546
98 134 -0.13443053701572161
98 135 0.035583333528321916
98 136 -0.13496373380638096
98 137 -0.09261667597095613
98 138 -0.16699862173002286
98 139 -0.018395672297857567
98 140 -0.078395819733118086
98 141 -0.039221045845680001
98 142 0.035313426171595393
98 143 -0.063696569971971276
98 144 -0.046332692714750219
98 145 0.12603894465225096
98 146 -0.011554562093940677
98 147 -0.0025689772281737512
98 148 0.16010501918145553
98 149 0.16916856863600588
99 100 0.20205569875601156
99 101 0.10864697060620467
99 102 0.071592750692154927
99 103 -0.16637108489912777
99 104 -0.027507752910003801
99 105 -0.069921337183419585
99 106 -0.12451349778269373
99 107 -0.10316189160337698
99 108 0.085845068004209518
99 109 -0.097121712696632015
99 110 -0.00046486257508765721
99 111 -0.066637849998314416
99 112 0.086370826754919958
99 113 0.011482634116876814
99 114 0.055594341657563592
99 115 -0.10615597856308696
99 116 0.1138706204149294
99 117 -0.097581132350696348
99 118 0.061256822384399487
99 119 0.10262712385108175
99 120 0.10436706902440103
99 121 0.093613943107650283
99 122 0.10287656632202086
99 123 0.039344755372986706
99 124 0.070390486927099233
99 125 -0.1460932947691152
99 126 0.054560347687437602
99 127 0.107139471493995
99 128 0.080958137748547571
99 129 -0.084454575140502613
99 130 0.02862659104322127
99 131 -0.06523107948564591
99 132 0.01083368229295103
99 133 -0.099671724404939377
99 134 -0.075839003980828948
99 135 -0.0070597567021584793
99 136 -0.0073142734574133412
99 137 -0.11256123810238343
99 138 -0.037711017434002764
99 139 -0.047568736820096158
99 140 0.12759174134944434
99 141 -0.12022957336214458
99 142 0.085447703799837335
99 143 0.031150327700040489
99 144 -0.07723859610836277
99 145 0.077614347345448101
99 146 0.027671192061269292
99 147 -0.012628285821754511
99 148 0.060089984152641635
99 149 0.033028387362478477
100 101 -0.0030681271153809421
100 102 -0.034821192184083104
100 103 0.19235979403759107
100 104 -0.016789537631213734
100 105 -0.15508936395207024
100 106 0.06063078274003586
100 107 -0.081758949367452816
100 108 0.067662543134884096
100 109 0.07900032329208885
100 110 -0.0031965811779902957
100 111 -0.021458497478108005
100 112 -0.064811790596900301
100 113 0.051765774829562183
100 114 -0.035242386756781867
100 115 -0.15140805376349434
100 116 0.0037610929981880094
100 117 0.0095048069429113126
100 118 -0.059990873549708994
100 119 0.044848427784307657
100 120 -0.10337820949370249
100 121 0.044347134744401183
100 122 0.013063877170937653
100 123 0.03463301171401973
100 124 0.032264183489543082
100 125 0.07575539407203899
100 126 -0.10137794863664659
100 127 -0.1005070875288525
100 128 -0.049192636169849008
100 129 0.0022862578628371462
100 130 0.051144555712007905
100 131 -0.090254322736746037
100 132 0.025890451541379686
100 133 -0.0060474069672471842
100 134 -0.19270788803468786
100 135 0.0752911266151855
100 136 -0.11686649106104655
100 137 -0.00050311996886721053
100 138 0.035758204323903524
100 139 -0.10943156302786543
100 140 -0.11154921434756616
100 141 0.024364797871667794
100 142 0.011217887965901317
100 143 0.07984120780275393
100 144 -0.069802624909301059
100 145 0.07918869356261711
100 146 -0.12212297572279507
100 147 0.060926235490439164
100 148 0.022224732921104672
100 149 -0.063853238206956014
101 102 0.025130226240228495
101 103 -0.022266288883211811
101 104 0.09327280610073703
101 105 -0.0092853756540039242
101 106 -0.00313164980938099
101 107 0.01797972470350211
101 108 -0.042817801127093241
101 109 -0.18427375814313576
101 110 -0.027014980870312545
101 111 0.0085496212993338219
101 112 -0.010878903374463169
101 113 0.014288711733636852
101 114 0.06851597387467015
101 115 -0.053440096723416992
101 116 -0.065124375347795221
101 117 0.11946479850775574
101 118 -0.14288009126163975
101 119 -0.10448986200553685
101 120 -0.14433034296051719
101 121 -0.04856101143438115
101 122 -0.10234819395559799
101 123 -0.021930970045577782
101 124 0.023598188316069756
101 125 -0.03155594989484025
101 126 0.06284959727264941
101 127 -0.027940720880848022
101 128 -0.10518898866744086
101 129 0.086300629585553748
101 130 0.063044973921011271
101 131 0.066715803345086255
101 132 0.022768762843926985
101 133 0.045980105352143925
101 134 0.021683982945469811
101 135 -0.072323635120114305
101 136 -0.10794864229480405
101 137 0.016232526173105694
101 138 -0.22177151820256413
101 139 0.058116132326994245
101 140 0.01241171655853408
101 141 -0.0082092677164630617
101 142 0.049835011036491732
101 143 -0.025188619976358396
101 144 0.13235865588112311
101 145 -0.052148634349871936
101 146 0.052828221344669107
101 147 -0.059544361702038001
101 148 0.066937374444492131
101 149 -0.015608399586892568
102 103 0.12414538429038206
102 104 0.010389258594545349
102 105 0.093749155858361341
102 106 -0.077420717449102491
102 107 0.074219765668309498
102 108 0.12960234848557478
102 109 0.026271065274262873
102 110 -0.058835424551453422
102 111 0.023856435058381358
102 112 0.0612567511598337
102 113 -0.090826456113063753
102 114 -0.059752092636313099
102 115 0.0042053385681770378
102 116 -0.13496946041018248
102 117 0.1560564395294797
102 118 0.013084847999431536
102 119 0.059199280893198036
102 120 -0.017801745564251608
102 121 -0.045802283669466579
102 122 -0.076094003775945468
102 123 0.082112931106280942
102 124 -0.013103559424089861
102 125 0.16713174184618829
102 126 0.024812421898151537
102 127 -0.019943675654251709
102 128 -0.036721389369450817
102 129 0.075099497858126502
102 130 0.16019216414699697
102 131 0.077854952182200995
102 132 0.010409131401063584
102 133 0.0029760263527612157
102 134 0.020814745773006467
102 135 -0.1103778690920247
102 136 -0.018425743742924834
102 137 0.030184402035606989
102 138 0.084642797752366203
102 139 0.037783015262774514
102 140 0.13120465936134287
102 141 0.037662169812303102
102 142 0.035080396904215556
102 143 -0.087685114603290107
102 144 0.12732526212561371
102 145 0.072366853080083143
102 146 -0.072656719228343838
102 147 -0.11271499357225272
102 148 -0.19728580156515085
102 149 0.018008899572313924
103 104 -0.020903416116423448
103 105 0.00054627596915390614
103 106 -0.053676056711034661
103 107 0.07469435677649347
103 108 -2.7665645735901226e-05
103 109 -0.013752679758096084
103 110 0.0094191241078631135
103 111 0.02033202186744841
103 112 0.10043109499497541
103 113 0.065437584920472983
103 114 -0.11030413174134916
103 115 -0.1671691504680172
103 116 -0.057365709283283245
103 117 0.019315776354665977
103 118 -0.20874482827979418
103 119 0.041156594004438656
103 120 -0.03453379599475364
103 121 -0.042183029430485415
103 122 0.16772517532116543
103 123 0.068781270498062569
103 124 0.064326469490103302
103 125 -0.10745234082860287
103 126 -0.17012167544741663
103 127 -0.10189267018529725
103 128 -0.020501936163625695
103 129 -0.024421130422911587
103 130 0.052620668210959926
103 131 -0.039590655168862315
103 132 -0.010935062026618954
103 133 -0.0066280736596364201
103 134 0.032581916632091132
103 135 0.032675133703013594
103 136 0.084048332079590754
103 137 0.11623501337646121
103 138 -0.090238883933030867
103 139 0.16635301266583816
103 140 0.057738437734847152
103 141 0.064082346254305589
103 142 0.037483787769417347
103 143 -0.12698768596229262
103 144 -0.050277408771040914
103 145 0.028662894646110545
103 146 0.082179171693094327
103 147 0.019318096531802421
103 148 -0.02609280083253035
103 149 -0.067204404468177992
104 105 0.10137320390667516
104 106 0.043829249257450201
104 107 -0.0023329415105113019
104 108 -0.028892791646875235
104 109 0.009922874308550449
104 110 0.26744191687946856
104 111 -0.036995746808314002
104 112 0.056499334622902297
104 113 -0.023848415861573252
104 114 -0.025203544840957052
104 115 0.082240645122650821
104 116 -0.021188531845603868
104 117 0.19010087285632996
104 118 -0.13513722501379585
104 119 0.083351432607879139
104 120 0.0081480670316408949
104 121 0.11774127586661462
104 122 -0.12067139743839152
104 123 0.045803044021480992
104 124 -0.083943528347028173
104 125 0.09964224695964119
104 126 0.041373025271596441
104 127 -0.019997845343271019
104 128 -0.10388122792311973
104 129 0.12066598493388626
104 130 0.12860215961143801
104 131 -0.078374544692023013
104 132 0.024915107037252204
104 133 0.066844992242803894
104 134 -0.024614329840712174
104 135 -0.047756672436529049
104 136 0.14661922359034271
104 137 0.071583407788067183
104 138 -0.049048578554677619
104 139 -0.16270446505437242
104 140 0.018954625864083544
104 141 -0.067285742675369339
104 142 0.040247734789851233
104 143 -0.083515941528217855
104 144 0.0619836439130831
104 145 0.10248750055475844
104 146 0.02084422378076356
104 147 -0.042855317865652505
104 148 -0.0063726465900948324
104 149 0.018442155814565916
105 106 0.035244854451945057
105 107 0.0032156599788025399
105 108 0.038390894524017706
105 109 -0.096153320307912613
105 110 -0.055202632934362388
105 111 0.056365932706742006
105 112 0.0066204193726139334
105 113 0.06579443143672449
105 114 0.11546118401825213
105 115 -0.12838992514412825
105 116 -0.054766503819557735
105 117 -0.12289224356346289
105 118 -0.066704623513808639
105 119 0.0047966435495452745
105 120 0.063657998612600658
105 121 0.018146692506325213
105 122 -0.040894101495303141
105 123 0.048592739960990311
105 124 -0.093242374714349027
105 125 0.11794959716410561
105 126 0.039869833187148387
105 127 0.053964732829926608
105 128 0.067665646531918505
105 129 0.06313169373801282
105 130 0.0017846155389063683
105 131 -0.098564853857320667
105 132 -0.06588361592355764
105 133 -0.015113394773143923
105 134 -0.062145639542254411
105 135 -0.1053910256343667
105 136 0.05588641538033276
105 137 0.18072333619974221
105 138 0.075237950703606948
105 139 0.14376264192390581
105 140 -0.029249615011988039
105 141 0.047544999156625002
105 142 0.016423109461645949
105 143 0.058323527721647471
105 144 0.085788288825094608
105 145 -0.017365021042989003
105 146 0.049639257696004517
105 147 -0.00074305505484964485
105 148 0.011079249198094764
105 149 -0.11583049204943012
106 107 0.016934686395294236
106 108 0.036128589691812422
106 109 0.011179665390981461
106 110 -0.069000113009880112
106 111 0.0094015517036552376
106 112 0.038315825076846194
106 113 -0.0025012195722925166
106 114 0.0055360590726960613
106 115 -0.081117468736716339
106 116 -0.06824975839873651
106 117 0.042575638156864756
106 118 0.024184128868690591
106 119 -0.049248332505085084
106 120 -0.10639116603266667
106 121 -0.064053906765545857
106 122 -0.098680098903433128
106 123 -0.078378943715983404
106 124 0.071988809310948684
106 125 0.039128222552180431
106 126 -0.0083573532094951691
106 127 -0.12066653337138607
106 128 -0.039785900129228766
106 129 0.014271402644581295
106 130 -0.056792995987566049
106 131 0.12111556864838681
106 132 -0.010312510509804038
106 133 0.081040829802543415
106 134 -0.058950521858468399
106 135 -0.066990344713443964
106 136 -0.14940308456792678
106 137 0.033205793743142517
106 138 -0.020224187525494049
106 139 -0.11187233731840837
106 140 0.09561553668343141
106 141 0.16870742791986063
106 142 -0.01617333722758316
106 143 0.017862453460051424
106 144 -0.0096254983330695872
106 145 -0.073812494635702955
106 146 -0.067287612075542555
106 147 -0.025897463167265166
106 148 -0.036039577747524143
106 149 0.07142004364885661
107 108 -0.051423744653153421
107 109 -0.057368254097614292
107 110 0.090647091574287214
107 111 0.1116240827207045
107 112 0.082594975151876082
107 113 -0.12638814286092503
107 114 -0.057237089784835674
107 115 0.083069411402768883
107 116 0.017288933695151953
107 117 0.017564583756584241
107 118 0.0096836646200294495
107 119 -0.047526180626940515
107 120 0.20517557763511318
107 121 -0.10497461816276603
107 122 0.012723834708658512
107 123 -0.015341363183610332
107 124 0.068651669441259777
107 125 -0.081342665763292354
107 126 0.14014185983170849
107 127 -0.084528355181701237
107 128 0.088998848335476818
107 129 -0.05200393309320573
107 130 0.019970038551481186
107 131 -0.032030963350846244
107 132 -0.058705533868666684
107 133 -0.069215623493428691
107 134 0.050864084898296427
107 135 -0.0062499880390369782
107 136 0.10138447117258464
107 137 -0.020673687922810598
107 138 0.052683023984753781
107 139 -0.085292994553537158
107 140 0.0744027733895328
107 141 0.060726046382011997
107 142 -0.11039203295764878
107 143 -0.15129103333882787
107 144 -0.16358114509803925
107 145 0.061855256886745869
107 146 -0.071175598521157138
107 147 -0.017580503094003087
107 148 0.026106174376235892
107 149 0.083803813375130695
108 109 -0.033964249391866382
108 110 0.085773139822325484
108 111 0.047607718821656618
108 112 -0.011277896894054704
108 113 0.06348255828430184
108 114 0.10754242354190342
108 115 -0.11558482891265721
108 116 -0.015853153505438221
108 117 -0.076219608204297601
108 118 -0.11337344490057223
108 119 -0.05623234101629037
108 120 0.013995464310670322
108 121 -0.096033427235833982
108 122 -0.10511607535674292
108 123 -0.026283987582086225
108 124 -0.074892745998470733
108 125 -0.095890720227195678
108 126 0.080540827247317384
108 127 -0.065832734961928666
108 128 -0.056293976737978056
108 129 0.11461650314368008
108 130 -0.10005571473327851
108 131 0.0041938364646316407
108 132 -0.037872483887105686
108 133 -0.15361183737271075
108 134 0.047388330994279831
108 135 0.0077914442154978329
108 136 0.057236768992413367
108 137 0.10711026942274099
108 138 -0.029716419673774346
108 139 -0.074693024276230952
108 140 -0.039433197119472171
108 141 0.12059135873382426
108 142 -0.10286581721792717
108 143 -0.061240360640801655
108 144 -0.044678212082615035
108 145 0.093718665346052318
108 146 -0.019092055448674022
108 147 0.017516997679741738
108 148 0.090111405116937937
108 149 0.10885397790602405
109 110 0.040091585609514799
109 111 0.00025764997578866616
109 112 0.066818898589728976
109 113 0.012490305767560432
109 114 -0.16103708566457253
109 115 0.11696150676957824
109 116 -0.13207177077036325
109 117 0.053401789125961059
109 118 -0.075635560857889916
109 119 -0.0022838464355703736
109 120 0.056230793016326087
109 121 0.062035520094888837
109 122 -0.0041692519604825786
109 123 -0.14909686086046817
109 124 0.12158393966280238
109 125 -0.12608031211765475
109 126 -0.070655841313366899
109 127 0.027668294492156315
109 128 -0.074716064942325744
109 129 -0.094388119937579104
109 130 -0.047461043925471416
109 131 -0.058547680460448823
109 132 0.22257634042681257
109 133 -0.069765105497543389
109 134 0.044162839337918126
109 135 -0.0030738702520596776
109 136 -0.013594611274412376
109 137 -0.069055621597267511
109 138 0.025667474347653818
109 139 -0.086563785441894775
109 140 0.024964294845513248
109 141 0.052655747165508179
109 142 -0.051484436049291316
109 143 0.12098658836032007
109 144 -0.067265616440725692
109 145 0.022422276235696894
109 146 -0.01958376967725178
109 147 -0.0074430707554412525
109 148 -0.10395174971333032
109 149 -0.0095405972126409114
110 111 -0.057158626502345836
110 112 0.0094825814462957177
110 113 -0.16341601078254975
110 114 -0.070285024782210145
110 115 -0.092032252445161417
110 116 -0.17551331784100038
110 117 -0.2073718967492745
110 118 -0.22242689972541949
110 119 -0.024475837241119812
110 120 -0.039271678593266392
110 121 -0.051887038964660688
110 122 -0.01035242402150425
110 123 0.01391762319734197
110 124 0.17325858147422155
110 125 -0.058445086677480995
110 126 0.0857570092735504
110 127 0.032338696299622778
110 128 -0.15920833856448835
110 129 0.056673060769111362
110 130 -0.068486990050892038
110 131 0.023575368582206047
110 132 -0.10030201898943462
110 133 -0.026318657582474678
110 134 0.0026163448098908159
110 135 -0.055346048898028313
110 136 0.037906368528159005
110 137 0.054217796770971993
110 138 0.044321505825868038
110 139 -0.10550862350113754
110 140 -0.0440243870793499
110 141 0.029695600437275156
110 142 0.10520809760143533
110 143 -0.014746728100393689
110 144 -0.014283817850722016
110 145 0.01749212646664516
110 146 -0.073055919861304178
110 147 -0.040710654566040783
110 148 -0.0056972858528079708
110 149 0.016640969893206636
111 112 -0.13228076019615007
111 113 0.092277059655965887
111 114 -0.11208540248043641
111 115 -0.030160138260700371
111 116 -0.070479687136736427
111 117 0.021091570369140861
111 118 0.15783853916281779
111 119 0.088638083844089638
111 120 -0.0033145573047484536
111 121 -0.097547499846775784
111 122 0.17000908378240234
111 123 -0.078304194570572541
111 124 0.052080055011928424
111 125 0.019294418462278216
111 126 -0.033114208259508122
111 127 0.18654287266244185
111 128 0.007531546430756343
111 129 -0.060035425010807594
111 130 0.11050629195930756
111 131 0.0087425315951806335
111 132 -0.028478370815691607
111 133 -0.029033266004453346
111 134 0.096315307425426613
111 135 -0.015850986156807023
111 136 -0.065973583799846969
111 137 -0.019797156256758774
111 138 -0.082342153860234746
111 139 0.087425574136024697
111 140 0.066711131444737212
111 141 -0.077428227827806506
111 142 -0.063732850044324982
111 143 0.059389265291404571
111 144 -0.096736160905231655
111 145 0.0172346319311249
111 146 -0.015620695980119543
111 147 0.072784276003730955
111 148 -0.067157324716551184
111 149 -0.10870133727220975
112 113 -0.00012603179490784211
112 114 0.057711450811480554
112 115 -0.094631211356935918
112 116 -0.071243601404433657
112 117 0.083585677303588402
112 118 -0.022479504854920739
112 119 -0.03399974557228657
112 120 -0.018141222901066158
112 121 0.010593037677242925
112 122 0.027608710569181263
112 123 0.10336333318311589
112 124 0.043340954789715003
112 125 0.1345235123932908
112 126 0.1628190674774066
112 127 0.063181859215142647
112 128 -0.016941215762930319
112 129 0.081672572412694031
112 130 0.04847592411951758
112 131 -0.084786345218824277
112 132 -0.053472857486472299
112 133 0.045043128100420236
112 134 0.062313054468625603
112 135 0.1143825878099918
112 136 -0.11156892301233998
112 137 -0.012148021146664641
112 138 -0.12965048307857019
112 139 0.099532327643385946
112 140 0.075526217176726293
112 141 -0.011003232777833803
112 142 -0.062891309052969926
112 143 0.04028136423703229
112 144 -0.045181165924948481
112 145 0.028129898993542485
112 146 -0.044670940497234392
112 147 0.054405060186910881
112 148 -0.064905455416769661
112 149 0.0086489466725773283
113 114 0.033513474917520054
113 115 0.054059661680303066
113 116 0.23999359549009938
113 117 -0.0074425986580828711
113 118 -0.070284191826249759
113 119 0.01701629271644374
113 120 -0.0095812171768909701
113 121 -0.031775114731843156
113 122 -0.0056193358163713772
113 123 -0.075175922150426802
113 124 0.027007586303106575
113 125 0.12768218580149795
113 126 0.14887366078186764
113 127 -0.037723360788510976
113 128 -0.036367716638339771
113 129 -0.13763810409866459
113 130 0.070040220040752915
113 131 -0.056903548608638096
113 132 -0.13001450432973802
113 133 -0.018020678650413294
113 134 -0.0099482544254405406
113 135 -0.0010939728144771538
113 136 -0.046422821267791022
113 137 -0.074966432521514609
113 138 0.15826115065873445
113 139 -0.031903454124269655
113 140 0.067449721088479894
113 141 -0.14966178478225273
113 142 0.050719359710869313
113 143 0.009529392340408796
113 144 0.089190879300782067
113 145 -0.068013812757187084
113 146 -0.054107073084354661
113 147 -0.033810428210734524
113 148 -0.13183041500464104
113 149 -0.080550776210117692
114 115 -0.039431116574762511
114 116 -0.014281138661089952
114 117 0.072642975572841537
114 118 -0.22177392447985103
114 119 -0.058717869034514154
114 120 -0.092912360608246564
114 121 -0.034813450732476076
114 122 0.048843615005725795
114 123 0.033536602187052442
114 124 0.14449801873383986
114 125 0.0036161719385692523
114 126 -0.1373949220349438
114 127 -0.034375317476947151
114 128 0.10347288365886995
114 129 -0.023716819375822578
114 130 -0.018298006447839112
114 131 0.058929991859581525
114 132 0.071782615121833454
114 133 -0.19575029243878042
114 134 -0.016018774694620042
114 135 0.11155258279197529
114 136 0.081043124774873909
114 137 -0.09228493404370787
114 138 0.079437306531976989
114 139 -0.16037121342682345
114 140 0.037447636740626594
114 141 0.085569549724540062
114 142 0.10817279933941634
114 143 0.026589875800008989
114 144 -0.095528241720510679
114 145 0.010832574417037938
114 146 -0.066318717600084925
114 147 -0.1873262947238048
114 148 0.041421383785840218
114 149 0.01203539478030659
115 116 0.03829556603402047
115 117 0.13508883376081532
115 118 0.015384576633915886
115 119 -0.0081644309227376938
115 120 -0.00077604115884345856
115 121 -0.12995829321200003
115 122 0.0070256433565096749
115 123 -0.10550278792361878
115 124 0.084814098158644921
115 125 0.15271274603761475
115 126 -0.025617064400446886
115 127 -0.020244000148985086
115 128 0.082406029428477287
115 129 -0.00048395750875773898
115 130 -0.10265176243042012
115 131 0.13986271937818423
115 132 0.078714253050054264
115 133 -0.040104146973865565
115 134 0.076778615238701872
115 135 0.079440318147319222
115 136 0.043968236463101773
115 137 -0.24543076450406556
115 138 0.024092286428002232
115 139 0.12344927200376181
115 140 0.14560194629027998
115 141 0.017490784012561551
115 142 -0.048860536265320199
115 143 -0.22038090590287795
115 144 -0.023703555231587976
115 145 -0.059967640557385161
115 146 0.062457660190679637
115 147 0.0028607893955140697
115 148 0.0027134854282092813
115 149 -0.026959042507757276
116 117 0.041265071589394652
116 118 -0.077578246236614523
116 119 -0.15482850690506184
116 120 0.14501536544711496
116 121 0.033533471547305203
116 122 -0.12852390089440779
116 123 -0.063513577756723574
116 124 0.036072942018378823
116 125 -0.077147906138616607
116 126 0.14343117719883314
116 127 -0.025700317391798868
116 128 0.024689221809555482
116 129 0.037039224058634544
116 130 -0.031881234864865847
116 131 -0.0041868921680281081
116 132 0.10677381131570365
116 133 -0.03409296944505899
116 134 -0.0092448893608014331
116 135 -0.1019714308718665
116 136 -0.21974778250869087
116 137 0.047205816400335367
116 138 -0.012421021492900005
116 139 -0.0250760453038824
116 140 -0.030809729114031858
116 141 0.045989277739141445
116 142 0.056402617553141389
116 143 -0.047175240088476074
116 144 -0.073592236853939494
116 145 -0.03374599618674641
116 146 0.16235600541153886
116 147 0.062010319426856732
116 148 0.044262176378305172
116 149 -0.12451884339868002
117 118 0.11625375329750931
117 119 -0.1591629280704964
117 120 0.05398709298748517
117 121 0.10086281403102687
117 122 -0.13514355466662892
117 123 -0.048858056755951479
117 124 -0.013107456760624869
117 125 -0.053559218445887478
117 126 -0.092671500034509635
117 127 0.051218346252557473
117 128 -0.070764687524677586
117 129 -0.0036964165411104235
117 130 -0.099673402734563515
117 131 0.081945126539785557
117 132 -0.13410136798417574
117 133 -0.025159735912414556
117 134 0.12027928239007227
117 135 -0.069909631077140738
117 136 0.098585872227549026
117 137 -0.035113347347984034
117 138 -0.014382498246969412
117 139 -0.13635494816993729
117 140 -0.047427605572379537
117 141 -0.043317985476355216
117 142 0.018658210065921537
117 143 -0.02782196850210299
117 144 0.049898638858076778
117 145 -0.099862200144335472
117 146 -0.073375254610562476
117 147 0.0067582897373113732
117 148 0.046206582774627469
117 149 -0.026312355220611608
118 119 0.054103413130129188
118 120 0.0075885028388687908
118 121 0.17328161588875562
118 122 0.055931238316291085
118 123 -0.0094483989617744173
118 124 -0.029606380854904097
118 125 -0.087971780067333152
118 126 0.0067998823262971596
118 127 0.11521382966044513
118 128 0.019978359424210758
118 129 -0.18078722578452849
118 130 0.041567612145364898
118 131 0.13620470795054293
118 132 0.06353800115719016
118 133 0.039631629225401366
118 134 0.057545483651112783
118 135 -0.020230481161727768
118 136 -0.16590098891709831
118 137 0.026143386934117607
118 138 0.07695161072048777
118 139 -0.037569667090453923
118 140 -0.075070447535814669
118 141 -0.030646084774552076
118 142 0.096640876074396725
118 143 -0.065956266602895441
118 144 0.05269436873306324
118 145 0.061474137106357206
118 146 0.025555479939674063
118 147 0.071396587266592065
118 148 -0.014074007264876348
118 149 0.051504522303630083
119 120 -0.099522515625091026
119 121 -0.0045274682545211956
119 122 -0.03654704901215531
119 123 0.13186527720866847
119 124 -0.1002622780792805
119 125 0.067409774158627228
119 126 0.012379041007698616
119 127 -0.0052445512802950537
119 128 0.082921609819372841
119 129 -0.098880488663818697
119 130 -0.054285876373999314
119 131 -0.10910730257917564
119 132 -0.014023353497464962
119 133 0.050866489553548479
119 134 0.057948297061298705
119 135 0.12562169563945436
119 136 0.018308386677206547
119 137 0.019599183537704828
119 138 0.032329008106765061
119 139 0.00079909099555035789
119 140 -0.11738614492721446
119 141 0.044411231173732524
119 142 -0.06110453999071664
119 143 0.093405538040078853
119 144 0.08021201504694675
119 145 -0.024823919578774268
119 146 0.052198599446998679
119 147 -0.1156402517422719
119 148 0.011623980607069179
119 149 0.015290755461145554
120 121 -0.045597001421016012
120 122 -0.013321716662923287
120 123 -0.030278956689720513
120 124 0.012232299557985278
120 125 0.020597521144631214
120 126 -0.0038458356476462527
120 127 0.035359639559763151
120 128 0.08498704900825417
120 129 -0.072591999020633832
120 130 -0.0050579394804103903
120 131 0.055889352913198909
120 132 -0.16302198196442749
120 133 0.0042299011129528948
120 134 -0.0068547891160247081
120 135 -0.10485509154420458
120 136 -0.12730634151289633
120 137 0.15241118098870524
120 138 0.027502450608668291
120 139 0.12059877919208122
120 140 0.1308318970165
120 141 -0.093893866346396126
120 142 0.0090382329280180532
120 143 -0.053644788548404376
120 144 -0.044509188292621508
120 145 0.017954834296312266
120 146 -0.016354759603401776
120 147 -0.13206033543002121
120 148 0.078902576134832342
120 149 -0.023733134868367062
121 122 -0.098546832812462737
121 123 0.12048466987561039
121 124 -0.057572742023045853
121 125 -0.037389219292202548
121 126 0.036673193891573953
121 127 -0.16858842339260338
121 128 0.075938477690623341
121 129 0.03215860167422608
121 130 -0.046259089635317996
121 131 0.018395298564268858
121 132 -0.14379335660386916
121 133 -0.019705983366002617
121 134 -0.023977074602583526
121 135 0.088150069978290432
121 136 0.039204988888888188
121 137 0.02507571779652332
121 138 0.0036823813782630183
121 139 0.026341327499923049
121 140 0.14815359739386999
121 141 0.021607269015158456
121 142 -0.092806394443357254
121 143 0.032789736265406641
121 144 -0.055287640254369136
121 145 0.048268048295695885
121 146 -0.079460927649102731
121 147 0.13596595609285039
121 148 -0.020224828718194424
121 149 -0.18677945549694855
122 123 -0.052335751438702519
122 124 -0.078047334005565128
122 125 -0.002862676178172006
122 126 -0.062465955383168507
122 127 0.05632050048698975
122 128 -0.058668936711570661
122 129 0.044126245236008492
122 130 0.019775145464693264
122 131 0.0074410083544457972
122 132 -0.092544214813306769
122 133 0.10928622026972276
122 134 0.0077211445698344176
122 135 -0.021208819538821675
122 136 0.028546245247677619
122 137 0.10380416215365833
122 138 0.008279748054486176
122 139 -0.022063292129828826
122 140 0.057749433458316589
122 141 -0.034795755968488912
122 142 0.038384410418987276
122 143 -0.012025722814805333
122 144 -0.17144522239430923
122 145 0.20972637892171914
122 146 0.049859355133613836
122 147 0.11482018342152815
122 148 0.017835871669806717
122 149 0.0011292726447865162
123 124 -0.075877795072667134
123 125 0.1015238027278418
123 126 0.065799977248595085
123 127 0.13392396910521356
123 128 0.033830498973880962
123 129 0.030158583163637766
123 130 -0.018966792126877328
123 131 -0.13722060913659551
123 132 0.01302568917205538
123 133 0.019087430186198753
123 134 -0.017510714147461588
123 135 0.092828211794009477
123 136 0.058717944236478872
123 137 -0.14574342722677705
123 138 0.1056849025383884
123 139 0.060874082748341767
123 140 0.047173905337776684
123 141 0.047973699669071834
123 142 -0.022434367558063679
123 143 -0.018483932976158662
123 144 -0.091247472689418949
123 145 -0.050867140680252554
123 146 0.0072760330151918715
123 147 -0.15040758733328227
123 148 -0.051775941608448631
123 149 0.044648363705161932
124 125 0.013045851882052114
124 126 0.066344914365168678
124 127 -0.046319085087164966
124 128 -0.018307811934946412
124 129 -0.044775046737620956
124 130 0.081209823481572102
124 131 -0.12143338008361569
124 132 0.078559031161194393
124 133 0.086784628643000003
124 134 -0.011494474579929389
124 135 -0.046715186663972626
124 136 -0.002913526167299803
124 137 -0.15452988398614986
124 138 -0.037011598339878618
124 139 0.031702419777685467
124 140 0.024189042525076254
124 141 -0.15371645177748236
124 142 0.036035942420392479
124 143 -0.1342359766145681
124 144 0.022179752675695743
124 145 0.14072634338957424
124 146 0.15482383405461103
124 147 -0.042047936426002332
124 148 0.037750301738899719
124 149 0.080164777167160611
125 126 0.02768475389651438
125 127 0.084726409990559068
125 128 -0.093466431723201945
125 129 0.024103726657267288
125 130 0.067111164727775341
125 131 -0.054514085231045582
125 132 0.041009986937589574
125 133 0.013818026935774311
125 134 0.049294638901255156
125 135 0.059657573140182163
125 136 0.039116468485388085
125 137 0.051158871398496973
125 138 -0.0049490676961018651
125 139 0.0083046028354678367
125 140 -0.02349451001852209
125 141 -0.070610907180367735
125 142 -0.017409849603281007
125 143 0.027937838198136666
125 144 0.087728687615235904
125 145 -0.093477275346362354
125 146 0.072386155026775603
125 147 0.11283468628230456
125 148 0.19946313567332535
125 149 -0.044811220931021169
126 127 0.033928298985177484
126 128 0.058703632857466555
126 129 0.12806373832993365
126 130 -0.025708612885804061
126 131 -0.027789237406523764
126 132 -0.057203815798198429
126 133 0.19408495776463675
126 134 0.13183626850598915
126 135 -0.027641066557376612
126 136 0.022587982173600057
126 137 0.21234294175283755
126 138 -0.056368247067575289
126 139 0.14455026687885891
126 140 -0.030667023037812276
126 141 0.020652449238762291
126 142 -0.1125275707082027
126 143 -0.10207182213967173
126 144 -0.19251456376276185
126 145 -0.030799148583580759
126 146 0.046893095055122083
126 147 0.022038892248849543
126 148 0.11287373230348027
126 149 0.1380812290780801
127 128 0.076412133252559231
127 129 -0.035388102692603556
127 130 0.093462187818306883
127 131 -0.0072594196962733155
127 132 0.065332629717550258
127 133 -0.023547250031086889
127 134 0.024247154252206863
127 135 -0.07804502047565938
127 136 -0.0011175933287312478
127 137 0.022327973169521013
127 138 0.024480084777472693
127 139 -0.064320852638632284
127 140 -0.098310944829009844
127 141 -0.098188948580806415
127 142 0.0359500565262914
127 143 0.051481455048356807
127 144 0.079875654893170944
127 145 0.014160539647998203
127 146 -0.0045471380397398547
127 147 0.13225354667731862
127 148 0.07589416770996732
127 149 -0.012844637170170276
128 129 0.11779717204760819
128 130 -0.023999792136686942
128 131 -0.14154226987162224
128 132 -0.085060228060484855
128 133 -0.17859152806013717
128 134 0.084728146717892902
128 135 -0.065410337521363326
128 136 0.14074239447074494
128 137 -0.053097560905837268
128 138 0.017768982332341036
128 139 -0.023483087899991945
128 140 -0.073447444540952964
128 141 0.05400268676388955
128 142 -0.14107867627619058
128 143 -0.079099500387286401
128 144 0.040615702939808068
128 145 -0.050017950877452706
128 146 -0.00099359842534785074
128 147 -0.0099463835858719096
128 148 -0.031307471699760843
128 149 0.026741704032509226
129 130 -0.029076890232059532
129 131 0.20780624716429522
129 132 -0.069571197574337953
129 133 0.011590152233586951
129 134 -0.076168280746887945
129 135 -0.058589129194517857
129 136 -0.17673783759023801
129 137 0.17291514253400761
129 138 -0.10650050784475394
129 139 -0.084737834108305654
129 140 -0.041533893641669185
129 141 -0.05863305714573528
129 142 0.12119397220945946
129 143 -0.072898090262398879
129 144 0.097644501829838443
129 145 0.01335979064763409
129 146 -0.05932030335420542
129 147 0.048921328303493689
129 148 -0.026244379551779991
129 149 -0.089268026277192367
130 131 -0.005093271698155463
130 132 -0.088023216353330505
130 133 -0.074180191118565303
130 134 0.040940349313860029
130 135 -0.066203784513266861
130 136 0.060489561922021623
130 137 0.030889266305366446
130 138 0.051690800663967938
130 139 -0.040275788294225172
130 140 -0.10980662466713594
130 141 0.010013490005680824
130 142 0.095076699042273852
130 143 -0.040567510363000464
130 144 0.042596773306439961
130 145 -0.064754511007357657
130 146 0.021534294105137103
130 147 -0.014598401651319284
130 148 -0.071202116029284224
130 149 0.067897348661096771
131 132 0.048029521781992532
131 133 -0.031988299816465574
131 134 0.059893709824738649
131 135 0.078514868198072837
131 136 -0.089172634480084736
131 137 0.039479557591727582
131 138 -0.073351932745092482
131 139 -0.022434212612381151
131 140 -0.026567522696123478
131 141 0.073551466728443121
131 142 0.038603473695023996
131 143 -0.039806645683342558
131 144 0.16942936236421877
131 145 0.13567256762359772
131 146 -0.034032021510539974
131 147 0.11412619003899784
131 148 -0.16666026147224125
131 149 0.053402291325532793
132 133 -0.080210105580296606
132 134 0.11594721011138513
132 135 -0.052780919560479228
132 136 0.0040970989730682262
132 137 -0.006953639415089554
132 138 0.016603567750371542
132 139 -0.038999072387922412
132 140 0.037269343351373718
132 141 -0.011970983817604995
132 142 0.056493816454740872
132 143 -0.035458358157042964
132 144 0.14991194060568605
132 145 0.089216222225048936
132 146 0.018438411643853996
132 147 0.0049467352215459169
132 148 0.031884926587813701
132 149 -0.0031375595913393042
133 134 -0.036434051428987813
133 135 0.080814118073419927
133 136 0.033770970144352326
133 137 -0.027182668985132261
133 138 0.071062909845807751
133 139 0.0017804774296112272
133 140 0.053461698318890465
133 141 0.068449085242018023
133 142 -0.098657602369199932
133 143 0.026079262323907625
133 144 -0.041353348802229489
133 145 0.034375154848652625
133 146 0.016997217400339087
133 147 0.048610019757379053
133 148 0.034477599001482048
133 149 0.049274031572935389
134 135 0.037640883426598479
134 136 0.050573118604571421
134 137 -0.10703936769616694
134 138 -0.045899926555631243
134 139 -0.13068253889555639
134 140 0.0015588499858867351
134 141 0.099945267045894459
134 142 -0.015922138397415384
134 143 -0.0725126227596323
134 144 -0.02825843784963571
134 145 0.068616071599320469
134 146 -0.019753146872782179
134 147 0.011414673753678469
134 148 0.15722467642304191
134 149 0.0081856392539810408
135 136 0.023949875748598141
135 137 0.057042059014765452
135 138 -0.14108906231900681
135 139 0.066281974786639178
135 140 0.10851509607788813
135 141 -0.014843531740602486
135 142 0.16946133740391878
135 143 0.11428440646065359
135 144 0.046432951755190154
135 145 0.048832962978368984
135 146 -0.032640327509030932
135 147 0.073171096116772402
135 148 -0.029342359258894727
135 149 0.017372913042275801
136 137 -0.021192360147461526
136 138 0.10382367432557559
136 139 -0.0067630468207119333
136 140 -0.10656600021107974
136 141 0.016827639626900797
136 142 0.005714548463782697
136 143 0.022650697481242807
136 144 -0.020825123558070396
136 145 -0.18501313253758814
136 146 -0.15213869453017645
136 147 0.073649311686912439
136 148 0.053488383471963337
136 149 0.070944491122790929
137 138 0.096951519055961333
137 139 0.0027066436293948825
137 140 0.037490049255133231
137 141 -0.087333029800893996
137 142 0.08883297211248023
137 143 0.083907126494689982
137 144 -0.18115350666610266
137 145 0.2306089005671991
137 146 0.037583053902467078
137 147 0.083953857565850942
137 148 0.071603160693423734
137 149 0.021820149240660031
138 139 -0.031928402685135415
138 140 0.083658184879324818
138 141 0.04688241629784997
138 142 0.02407493219932123
138 143 -0.10735439764284731
138 144 0.099192721678938264
138 145 -0.10684397117104688
138 146 -0.083568983763935137
138 147 0.042523630761777842
138 148 -0.017161660593460037
138 149 0.019480463864354331
139 140 -0.0089393499228456307
139 141 -0.077846545787747745
139 142 -0.05543738839004015
139 143 0.016203466159396891
139 144 -0.028412996936173079
139 145 0.079570047842896965
139 146 -0.0065420719175113074
139 147 0.071860652163266509
139 148 -0.081691754046663345
139 149 -0.046979979141041774
140 141 0.050983323848622426
140 142 0.084226669994477435
140 143 -0.0053970607781816515
140 144 0.063921633289131419
140 145 -0.15686275780136674
140 146 -0.0022237898717348652
140 147 -0.050610762604432466
140 148 -0.038950710083741992
140 149 0.031031668231102393
141 142 -0.0065323032623850804
141 143 -0.12307514440529305
141 144 0.063323171588560143
141 145 -0.022801016235106653
141 146 -0.027885105414349392
141 147 0.019855986760898475
141 148 -0.070413149811404341
141 149 -0.069620419638394923
142 143 0.093120785749757615
142 144 -0.014654390036383181
142 145 0.19445527856565489
142 146 0.022156520763187013
142 147 -0.051300931008689626
142 148 0.083648506932916533
142 149 0.11937251967085813
143 144 0.017534197607658463
143 145 -0.013067968894747661
143 146 -0.085009362283683845
143 147 0.039792764691986802
143 148 0.13093529600497245
143 149 -0.025777146163884952
144 145 -0.090958312023977195
144 146 -0.11179485674597067
144 147 0.060036094791837427
144 148 0.076459622615174944
144 149 0.07628425640437167
145 146 -0.10897318773147525
145 147 -0.08050088229437799
145 148 0.0060687239349087518
145 149 -0.25227047431702887
146 147 0.10058808066347572
146 148 -0.03516404852893918
146 149 -0.011843655980379451
147 148 -0.098987911488929201
147 149 -0.0031839167498204078
148 149 0.014088757516684442
