# model=sk N=200 meanJ=0 seed=22565822 distribution=gaussian field=0 num_fields=200 num_couplings=19900
0 0
1 0
2 0
3 0
4 0
5 0
6 0
7 0
8 0
9 0
10 0
11 0
12 0
13 0
14 0
15 0
16 0
17 0
18 0
19 0
20 0
21 0
22 0
23 0
24 0
25 0
26 0
27 0
28 0
29 0
30 0
31 0
32 0
33 0
34 0
35 0
36 0
37 0
38 0
39 0
40 0
41 0
42 0
43 0
44 0
45 0
46 0
47 0
48 0
49 0
50 0
51 0
52 0
53 0
54 0
55 0
56 0
57 0
58 0
59 0
60 0
61 0
62 0
63 0
64 0
65 0
66 0
67 0
68 0
69 0
70 0
71 0
72 0
73 0
74 0
75 0
76 0
77 0
78 0
79 0
80 0
81 0
82 0
83 0
84 0
85 0
86 0
87 0
88 0
89 0
90 0
91 0
92 0
93 0
94 0
95 0
96 0
97 0
98 0
99 0
100 0
101 0
102 0
103 0
104 0
105 0
106 0
107 0
108 0
109 0
110 0
111 0
112 0
113 0
114 0
115 0
116 0
117 0
118 0
119 0
120 0
121 0
122 0
123 0
124 0
125 0
126 0
127 0
128 0
129 0
130 0
131 0
132 0
133 0
134 0
135 0
136 0
137 0
138 0
139 0
140 0
141 0
142 0
143 0
144 0
145 0
146 0
147 0
148 0
149 0
150 0
151 0
152 0
153 0
154 0
155 0
156 0
157 0
158 0
159 0
160 0
161 0
162 0
163 0
164 0
165 0
166 0
167 0
168 0
169 0
170 0
171 0
172 0
173 0
174 0
175 0
176 0
177 0
178 0
179 0
180 0
181 0
182 0
183 0
184 0
185 0
186 0
187 0
188 0
189 0
190 0
191 0
192 0
193 0
194 0
195 0
196 0
197 0
198 0
199 0
0 1 -0.078836070095884295
0 2 0.009405739715030401
0 3 -0.058679022005505926
0 4 -0.0108195109048421
0 5 -0.07922855072722175
0 6 -0.12377300524436692
0 7 0.017556229642778823
0 8 0.0057628786667341782
0 9 -0.051287830938302033
0 10 0.086853089533935737
0 11 0.0054841916564749979
0 12 -0.065282804842640776
0 13 0.080179873670734134
0 14 -0.066879199235516135
0 15 0.088528824067942588
0 16 0.026444253874979104
0 17 0.031101221193527758
0 18 -0.021662535375951801
0 19 0.019878020981788931
0 20 -0.049573601621886773
0 21 -0.086458517607472848
0 22 -0.001343905047019043
0 23 0.066817079044600491
0 24 0.054820571861038045
0 25 -0.11465571296101504
0 26 0.039275512574373936
0 27 0.081588230713687718
0 28 0.073171709306424734
0 29 -0.067641382090145197
0 30 -0.064858213622878594
0 31 -0.010577134386761273
0 32 0.042358572541821481
0 33 -0.019129388615640876
0 34 0.02098841171433018
0 35 -0.032617235527267759
0 36 -0.028629423502012582
0 37 -0.023578985861638653
0 38 0.05743942377211568
0 39 -0.0467300487990071
0 40 0.15036677077970118
0 41 -0.10582928141394485
0 42 0.019620300643499636
0 43 0.080190975598868258
0 44 -0.044931293242945321
0 45 -0.0537508966239734
0 46 -0.05066843145797769
0 47 -0.050773030562171494
0 48 -0.10935400739783606
0 49 -0.03639870716703858
0 50 0.0065951933201441179
0 51 0.07199139682854977
0 52 0.021338354017732465
0 53 -0.12890401822459116
0 54 0.020135657479039826
0 55 -0.017879157759448008
0 56 0.0089589443158976517
0 57 -0.066276892610442714
0 58 -0.05546687732606885
0 59 -0.072704188577761092
0 60 0.011781099501958258
0 61 0.092193649081429907
0 62 0.048578779428077708
0 63 0.055175598378964873
0 64 0.034921845963743002
0 65 0.036877903040771189
0 66 -0.036097350420502113
0 67 0.049785275793721155
0 68 6.9608017459520769e-05
0 69 -0.02009943531895424
0 70 0.12789870349315863
0 71 0.025348789488518524
0 72 -0.043904905161635824
0 73 0.12373728253884239
0 74 -0.067185149585640605
0 75 -0.14606054901854051
0 76 -0.016559411638348741
0 77 -0.027523170009764845
0 78 0.013633463655953948
0 79 0.11303256202580549
0 80 0.014306053800640069
0 81 0.085273863447672155
0 82 0.029855314538525607
0 83 0.028118285038521026
0 84 -0.10211812277132577
0 85 0.0077281474459675072
0 86 -0.061960143896339567
0 87 -0.034485470669377072
0 88 0.0073786878713950873
0 89 0.09522345000879337
0 90 0.053109125681790791
0 91 -0.036946850864558886
0 92 -0.036546353280841472
0 93 0.048758736279723866
0 94 -0.037637188152327902
0 95 -0.014107131873284256
0 96 0.09936429195422658
0 97 -0.033880799813368244
0 98 0.080685591423626121
0 99 -0.02908376831853535
0 100 -0.078068245853280246
0 101 -0.059730315779344206
0 102 -0.015738623762301326
0 103 0.058793013124309373
0 104 0.077054622938219408
0 105 -0.034537009967240601
0 106 0.0085056572652900692
0 107 -0.11043203583563166
0 108 -0.054916668700038876
0 109 0.12875826358278064
0 110 -0.02744350282962606
0 111 0.082111250843705741
0 112 -0.05011514523183367
0 113 -0.021635526356196279
0 114 -0.070743056664935633
0 115 0.06816668715902631
0 116 -0.02946321914467984
0 117 0.043771104861397805
0 118 0.068743817770911958
0 119 0.080073873281149455
0 120 -0.036203157861498629
0 121 -0.15263940824370348
0 122 -0.051671135025047284
0 123 -0.036366969223165797
0 124 0.026839989377639595
0 125 0.066478832977118069
0 126 -0.065150708391317563
0 127 0.032043022762003048
0 128 0.043754973348575893
0 129 0.12453126619531775
0 130 -0.096236572340442653
0 131 -0.054069129924338599
0 132 0.049179015821514703
0 133 -0.10814044796156481
0 134 0.0061401432328597747
0 135 0.0067717567590433311
0 136 -0.067498974748623958
0 137 0.028463204713241881
0 138 0.013743634736957408
0 139 -0.014181259470017303
0 140 -0.076475363947786146
0 141 0.033900899820748717
0 142 -0.02533476498514883
0 143 -0.052026879262792008
0 144 -0.045851673006548577
0 145 -0.070383440507227668
0 146 -0.086195140213697063
0 147 -0.012319375313596195
0 148 0.065703383290739228
0 149 -0.05553260430032804
0 150 0.032964017909930025
0 151 -0.028947410722856878
0 152 0.070791215963673534
0 153 0.04914850845681247
0 154 -0.060827210421964664
0 155 0.072129190623201556
0 156 0.044564344335001276
0 157 0.11542115189955417
0 158 0.010657379559332082
0 159 0.083482309176620556
0 160 -0.091540556544641452
0 161 -0.060790678917163665
0 162 -0.024388589719000486
0 163 0.014170574800555844
0 164 0.11884790113958466
0 165 -0.0092450349380887292
0 166 -0.010626077734070949
0 167 0.075288371300875748
0 168 -0.066557993744668489
0 169 -0.0032984698516803869
0 170 -0.029681637977798457
0 171 -0.02406631511125569
0 172 -0.087689525075836966
0 173 0.0017611197825591807
0 174 -0.020243671025362255
0 175 -0.035049951143361492
0 176 -0.12824099598466054
0 177 0.014028538712942266
0 178 -0.094394091319786072
0 179 0.082175292762379823
0 180 -0.0038519315630975424
0 181 0.06607663231703384
0 182 0.0062714478937298214
0 183 0.15477884940374889
0 184 -0.05120799579422812
0 185 0.060880299110645804
0 186 -0.09056155016600935
0 187 -0.020834518176161762
0 188 0.02161870758675323
0 189 -0.09373210104792
0 190 0.10831612250295314
0 191 0.14825878512705645
0 192 -0.023577123550412263
0 193 0.034585119751926623
0 194 0.0017021310283214142
0 195 -0.1065839154821961
0 196 0.031032851819748696
0 197 -0.023284532335021861
0 198 -0.042857882143914117
0 199 0.10897312630708283
1 2 -0.0014333022089697404
1 3 -0.082281117033543558
1 4 -0.092365328664424221
1 5 0.07918855769085402
1 6 -0.060675394999487813
1 7 0.045787822924663553
1 8 0.057721648210044899
1 9 0.08461681700315922
1 10 -0.060952679572821487
1 11 -0.0588096007941636
1 12 -0.080117365519098094
1 13 0.06346498293691484
1 14 -0.053999075036776277
1 15 -0.033060254778902495
1 16 -0.054266433822090697
1 17 0.17084012620570477
1 18 0.061664044250827943
1 19 0.12698950272911347
1 20 -0.12305000050786033
1 21 0.13385624114595626
1 22 -0.13144969801720016
1 23 0.012366684429169274
1 24 0.081025876593734239
1 25 -0.034135362204441626
1 26 0.069876355682228802
1 27 0.054743180628335213
1 28 -0.052163204658642409
1 29 -0.19106710545650585
1 30 0.16132652714787596
1 31 0.0050367703280540816
1 32 -0.075049136700821625
1 33 -0.065010014601584495
1 34 -0.077402181629690828
1 35 -0.010061730927159196
1 36 0.0091372837348139158
1 37 0.021778947634538786
1 38 -0.036375790024517976
1 39 -0.018189915053728349
1 40 0.056847739137964114
1 41 0.034942063026039076
1 42 0.064879542620048969
1 43 -0.080621523594727726
1 44 -0.028473389823561415
1 45 -0.11728608727520416
1 46 -0.0016765372920056548
1 47 0.17853769588949167
1 48 0.039158118348860044
1 49 -0.073200444948869028
1 50 0.010026020175661145
1 51 0.064503133086847644
1 52 -0.022432760800101981
1 53 0.029763795737494683
1 54 -0.044519513464172253
1 55 0.11196354062101857
1 56 0.038256501955979155
1 57 0.11249016732295598
1 58 0.06977249457401076
1 59 0.084983439748507403
1 60 -0.14030545809364869
1 61 -0.042923496007248305
1 62 0.11113854103649044
1 63 0.16925790805034704
1 64 0.11125430089860473
1 65 0.061233956111706213
1 66 -0.078593932258741173
1 67 0.10340644378570144
1 68 -0.14797555516909583
1 69 -0.067726610616322985
1 70 -0.034914427678549555
1 71 0.027228254097436958
1 72 0.021632369723433378
1 73 0.017627671650679761
1 74 -0.032898803316236409
1 75 -0.15643485890757589
1 76 -0.056032911709407787
1 77 -0.098798363006549775
1 78 0.00040309043229859557
1 79 -0.0061175150359409469
1 80 -0.068119907425636186
1 81 -0.0010747261828493089
1 82 -0.024514960948215269
1 83 0.14635011396437303
1 84 0.080937296911562442
1 85 -0.062802251355826372
1 86 -0.10374677654000743
1 87 0.070985323066335301
1 88 -0.068841488740915169
1 89 0.098383187167483691
1 90 0.0025120931158133337
1 91 0.1526770344319304
1 92 -0.14231976013887651
1 93 -0.039539529002636763
1 94 0.0068185105382097952
1 95 -0.061574537016624166
1 96 0.033273229176812927
1 97 0.045998559440891894
1 98 -0.076270934608698507
1 99 -0.08321293830073026
1 100 -0.032630770952461904
1 101 0.058819442419873504
1 102 0.044689183449536721
1 103 -0.011887066743277474
1 104 -0.039615684549864597
1 105 -0.051950083969147916
1 106 -0.11255735533242014
1 107 -0.099640010825685882
1 108 -0.089663564525461578
1 109 -0.1045022098074905
1 110 0.054090178662563743
1 111 -0.017112790024087415
1 112 -0.023257927779274337
1 113 -0.016951981941968588
1 114 -0.067558992743853588
1 115 0.064290714046909517
1 116 0.11636782311379064
1 117 -0.067690628744458622
1 118 0.0079335960654305353
1 119 0.030371801278095426
1 120 -0.010252634507928652
1 121 -0.032914661172976291
1 122 0.040249265283100757
1 123 0.0067180700496007424
1 124 -0.12308009724691876
1 125 -0.037242872272542096
1 126 0.05012600466667607
1 127 -0.015138206372410127
1 128 -0.022487593859673197
1 129 -0.034929352507126754
1 130 -0.0072407418742190238
1 131 -0.045113124514444804
1 132 0.065176659304531107
1 133 0.027463928661715129
1 134 0.042416265786756814
1 135 0.125884938403342
1 136 0.035538825085939411
1 137 0.057988067924210206
1 138 0.029285136078872117
1 139 -0.012977109874414966
1 140 0.053881384676548433
1 141 0.023793461481839914
1 142 -0.048502945912250163
1 143 0.023804478797235743
1 144 0.11758495734034023
1 145 0.014896064306145854
1 146 -0.036845692091445094
1 147 0.05919280956160184
1 148 -0.10456144942188465
1 149 0.10236566896204061
1 150 -0.19159742969746396
1 151 0.13199182878104762
1 152 -0.054023769196070888
1 153 0.11142534423287825
1 154 0.036787706085343742
1 155 0.064082547668107837
1 156 -0.0077679298060300802
1 157 0.03165524718189959
1 158 0.11718225717560853
1 159 -0.0014236170642855591
1 160 -0.13261417711225623
1 161 0.055662995292199105
1 162 0.040490085526968818
1 163 0.19541969762182418
1 164 -0.020233944487407198
1 165 -0.06720134626646454
1 166 0.05418132604413587
1 167 -0.14904960819894286
1 168 0.035486873548865962
1 169 0.035418499952320846
1 170 0.018317084459581932
1 171 0.10395617667103668
1 172 -0.18988259551988629
1 173 0.11438356151893458
1 174 0.095905384292830242
1 175 -0.085849116032878273
1 176 -0.043287530121980444
1 177 0.08200700733249397
1 178 0.020536602296831002
1 179 0.044217632979597098
1 180 0.0031604874418172261
1 181 0.044990310577631254
1 182 -0.010510101649954133
1 183 -0.10976742982799875
1 184 -0.0067528759862397489
1 185 0.084459867068626238
1 186 0.10387642235765289
1 187 -0.090463579670737745
1 188 -0.037601373708805952
1 189 0.030860708072103064
1 190 0.14153289118395873
1 191 0.13444880718141411
1 192 -0.015739705063361909
1 193 -0.10957164510068232
1 194 -0.015145266610594933
1 195 -0.12211711312522625
1 196 -0.037937615283623702
1 197 0.021250443845034554
1 198 0.021760059905506172
1 199 -0.068495187461464643
2 3 0.046381424691470038
2 4 -0.035321628373764152
2 5 0.14185954496294709
2 6 0.019073536433340425
2 7 -0.03789921916807884
2 8 -0.08050701740944248
2 9 0.042887492281212344
2 10 0.012053071687912555
2 11 -0.0073772448781066991
2 12 0.065697891860343943
2 13 0.052698733779404323
2 14 -0.032140550961567822
2 15 0.089581737816731566
2 16 -0.087473959539886709
2 17 -0.011257707140044981
2 18 0.10429525211962497
2 19 0.035969446279385919
2 20 -0.14658105882512035
2 21 0.010575625495682601
2 22 -0.10551806897296206
2 23 -0.035430491296215977
2 24 0.10423474446163372
2 25 0.058434231183648995
2 26 0.09148588558569852
2 27 0.085581842903249536
2 28 0.041897754348746756
2 29 -0.10260618343455016
2 30 0.012157405409441147
2 31 -0.039920991510216317
2 32 -0.034470331511364437
2 33 -0.077131386838636268
2 34 -0.012455412379105194
2 35 -0.026924826659122918
2 36 -0.074108895571461331
2 37 0.1842447129510231
2 38 -0.019265146032512996
2 39 -0.087471399750400303
2 40 -0.050896589531132651
2 41 0.0013716014150334296
2 42 -0.038593366112347427
2 43 0.043419909770089936
2 44 0.032435472094438068
2 45 0.050805586934286447
2 46 -0.077540759776326518
2 47 0.022321605966095861
2 48 -0.051177573074621341
2 49 -0.070810208471781128
2 50 0.17669055004233222
2 51 0.034901632949083161
2 52 0.04614391907036923
2 53 -0.06217996847810648
2 54 0.027118118017042361
2 55 -0.00029514574023202468
2 56 -0.016376209444718681
2 57 -0.11426339895141945
2 58 -0.040342845793849912
2 59 0.038040341832385881
2 60 0.046059096397556371
2 61 -0.087809886780662968
2 62 -0.031607433399327887
2 63 0.11163717648217308
2 64 0.098279577687896719
2 65 -0.11004703171716866
2 66 -0.0048970736060373601
2 67 -0.0010786375248646942
2 68 -0.08454290540636486
2 69 -0.055372091495927367
2 70 -0.097247294015895797
2 71 0.14847390279485237
2 72 0.066213838972940656
2 73 -0.040119842631276534
2 74 0.0053098287617292924
2 75 -0.013559646169778406
2 76 0.033917330711738858
2 77 -0.010314235961269841
2 78 0.0053146516660822901
2 79 -0.097630259869020783
2 80 0.047433239415193326
2 81 0.045280017533071676
2 82 0.064734306350991658
2 83 0.099849270658123795
2 84 0.048452092205507405
2 85 -0.095018088894019428
2 86 -0.027592969632649039
2 87 0.06216850599108837
2 88 0.0020702462020379055
2 89 0.14402331252663034
2 90 0.090651100596680842
2 91 0.013033018487353649
2 92 -0.01688802257746766
2 93 0.028249982246905631
2 94 0.1594484433472145
2 95 -0.026345398563221364
2 96 -0.026758293595213513
2 97 0.053888331197155054
2 98 -0.0025716799862358
2 99 -0.15991578984047164
2 100 -0.030241521044776693
2 101 -0.063470516374269356
2 102 0.057668896378642691
2 103 -0.0032336982109309282
2 104 -0.083962054004038833
2 105 -0.023371684468222916
2 106 -0.10382148493012198
2 107 0.0054460023999846029
2 108 0.013025712678411903
2 109 -0.09990289512674505
2 110 -0.0070028143759471488
2 111 0.033313177317914174
2 112 -0.021436530786101568
2 113 0.038302685860668831
2 114 -0.021701507527150561
2 115 -0.068847628944309583
2 116 -0.099585129230597619
2 117 -0.031855063074323779
2 118 0.0092292018259442256
2 119 0.051849974199789158
2 120 0.037025382286442671
2 121 -0.03851046821680025
2 122 -0.016683193322286918
2 123 -0.059967715767915271
2 124 -0.026268298653592516
2 125 0.14614364860753851
2 126 0.03407435826214044
2 127 -0.077330259678074456
2 128 0.057836472153350756
2 129 -0.069876941353060537
2 130 0.032606860980640348
2 131 -0.12039620317837973
2 132 0.033184207454533231
2 133 -0.050418342654145999
2 134 -0.026578545171572897
2 135 -0.089767230388778832
2 136 0.077422254689279588
2 137 -0.041580721683394058
2 138 0.011620666100437995
2 139 -0.054100539240147419
2 140 -0.037231049778361835
2 141 0.034018940953702906
2 142 -0.09757895255517586
2 143 0.019987956275016473
2 144 0.012619374659499206
2 145 0.048884630489816429
2 146 -0.11038237511080422
2 147 0.071480049834389603
2 148 0.026012605260485693
2 149 -0.040309249953913537
2 150 -0.058030165759679966
2 151 -0.021277524459620147
2 152 0.015581080021619355
2 153 -0.12616607358700932
2 154 -0.026087744864534568
2 155 -0.020882301116933458
2 156 -0.033813574383559711
2 157 -0.037749122057529838
2 158 -0.05592325255749412
2 159 -0.015678118709828957
2 160 -0.038175264294127972
2 161 0.18473721851990699
2 162 0.06568180049931889
2 163 -0.073380812974575244
2 164 -0.0017774532121631775
2 165 -0.042601080677756621
2 166 -0.038459369830362036
2 167 -0.090403923523838997
2 168 -0.02348711009308924
2 169 -0.019075467552879522
2 170 -0.087670062381560485
2 171 -0.027776152950827901
2 172 -0.062796083629701155
2 173 -0.024531101137423413
2 174 0.034151315446661418
2 175 0.035012017924150374
2 176 -0.08828684913972866
2 177 0.018751917739029112
2 178 -0.065297726958014432
2 179 0.0048508357903370202
2 180 0.15158420657706984
2 181 -0.093383464275391917
2 182 0.00082708358793708969
2 183 -0.16402215581479404
2 184 0.0027735115722901031
2 185 -0.014589148070785336
2 186 -0.063857551192325501
2 187 0.008808893052696774
2 188 0.029322604089212907
2 189 0.0042653559946329161
2 190 -0.054538113116644471
2 191 -0.016637251963712785
2 192 -0.033260639123284225
2 193 0.07521047875952433
2 194 0.069316972458270551
2 195 0.074173102139554775
2 196 0.067569058332204557
2 197 -0.0038489726779224517
2 198 -0.029174859769067571
2 199 0.04312197324952588
3 4 -0.073608881878138036
3 5 0.075437357436983696
3 6 -0.067306867511377433
3 7 -0.019985803842248559
3 8 -0.04734952772427263
3 9 0.042017185829000048
3 10 -0.12584278572113869
3 11 -0.018776549891166523
3 12 0.059554547402010223
3 13 -0.012607695089439598
3 14 0.007205938647275336
3 15 -0.021339576367904192
3 16 0.046626158162364928
3 17 -0.025484175617979766
3 18 0.033335113807492149
3 19 0.070157156991693476
3 20 0.02786970793517644
3 21 -0.0082233005403660603
3 22 0.024698510534953658
3 23 0.040833760394806864
3 24 -0.071299832493891782
3 25 -0.034026895368881475
3 26 0.019295316431706677
3 27 0.051759049656411156
3 28 -0.10830043248866948
3 29 -0.013420340177975051
3 30 -0.042969664066881054
3 31 0.049538449925849187
3 32 0.079828319159286801
3 33 -0.052500347348751635
3 34 0.095201494335194231
3 35 0.095167131835067226
3 36 -0.094863928900084646
3 37 -0.035173173999836715
3 38 -0.070304526420831362
3 39 -0.077181950539513045
3 40 -0.036754204891209015
3 41 -0.071943775116063827
3 42 0.092888832788881923
3 43 0.15379427757210479
3 44 -0.029583353894742578
3 45 0.020641853006185856
3 46 0.047938480205101948
3 47 -0.040684081961192393
3 48 -0.035947123156074054
3 49 0.15958356262235146
3 50 0.018358680667990086
3 51 0.035800282479697625
3 52 -0.019086808994387076
3 53 0.082856822085863951
3 54 -0.044967779163252009
3 55 -0.047422852671973333
3 56 0.062441695959787685
3 57 -0.020633672436823184
3 58 0.1134176845799791
3 59 0.074403776164332094
3 60 0.040037252186501032
3 61 -0.099459395195311232
3 62 0.00035781346685344838
3 63 0.040266805412438184
3 64 0.0039851621609864607
3 65 -0.091932574382087531
3 66 0.026524105763077215
3 67 -0.016813635037294283
3 68 0.069849846564879234
3 69 -0.033543372094206221
3 70 0.017335868784829542
3 71 -0.07738647634954729
3 72 0.014711290897525427
3 73 0.13304971584065231
3 74 -0.011869954308381097
3 75 0.022056767462730189
3 76 0.049930837685631314
3 77 -0.043450263148845883
3 78 -0.020024692199919755
3 79 -0.045462626618309382
3 80 0.015852750202174221
3 81 0.081794677578948399
3 82 -0.010445069887461928
3 83 -0.091499550625944864
3 84 -0.085942439229979489
3 85 -0.033015501962371276
3 86 0.059935932669922365
3 87 0.086683287474799253
3 88 -0.01947685927870119
3 89 0.10955462571081644
3 90 0.0088651988858637742
3 91 -0.18614108740594998
3 92 0.018526554328755402
3 93 -0.070807934388336727
3 94 -0.021529020448226206
3 95 0.016404057032051063
3 96 -0.090691756057494549
3 97 -0.23652410325292922
3 98 -0.07358555366731645
3 99 0.0062801748057817021
3 100 -0.12243442659620953
3 101 0.026662681816966679
3 102 -0.083950102536230115
3 103 -0.024225020776755271
3 104 0.026645256065987374
3 105 0.019563677130397129
3 106 -0.090927006058785592
3 107 -0.021107689428116035
3 108 -0.034068425589931187
3 109 -0.006831969037393068
3 110 0.14150121273866159
3 111 -0.032214695652703365
3 112 -0.030014953691111977
3 113 -0.0090108779968883605
3 114 0.075959913706799123
3 115 0.036627279941684451
3 116 0.049971694497595316
3 117 -0.048204236372413591
3 118 0.010644801149898422
3 119 0.10108441730532022
3 120 0.049189241088034207
3 121 0.0061022089123820783
3 122 0.025017463836884107
3 123 -0.07610821285860038
3 124 -0.19003933328029177
3 125 -0.092894194326470544
3 126 -0.033583639997440379
3 127 0.068332857341043954
3 128 0.053732484600482112
3 129 0.01380132323454181
3 130 -0.0032750304632003418
3 131 0.061301857766272401
3 132 0.016754895589656593
3 133 0.054070956508672503
3 134 0.04902109841804899
3 135 0.026503706846078584
3 136 -0.01928029994661408
3 137 0.039129580512445847
3 138 0.11617401210740676
3 139 0.014484979260078188
3 140 -0.037984236602366953
3 141 -0.079727189999864695
3 142 -0.057604136212012595
3 143 0.11438123820302855
3 144 -0.0021228080874222074
3 145 0.099109420673877749
3 146 0.021878098744912748
3 147 0.0016826014685035549
3 148 -0.0045040819410396699
3 149 -0.14516138752925592
3 150 -0.029745942738402947
3 151 -0.12187018221981673
3 152 0.092222326699659407
3 153 0.10803268370795965
3 154 0.049287639190487731
3 155 0.0049774194622320004
3 156 -0.16216750002972108
3 157 -0.033443302005612151
3 158 0.027448499990064264
3 159 0.15893926835878885
3 160 -0.015938476867054154
3 161 0.09680280439828072
3 162 0.035019516223873511
3 163 0.060660347327702369
3 164 -0.026381602718574787
3 165 -0.040622494861278259
3 166 -0.039496007809435574
3 167 -0.024146036170461238
3 168 0.1532803712987964
3 169 0.033324806935477076
3 170 0.046978958231174178
3 171 0.092526590481383467
3 172 0.00040835579429894845
3 173 -0.10490872146021457
3 174 0.01221243051468876
3 175 0.057650492861976148
3 176 0.074864901071801548
3 177 -0.017951409043997547
3 178 -0.035001427582257785
3 179 0.049908102698489817
3 180 0.097509880173756697
3 181 0.062296476818843621
3 182 -0.016645883339946752
3 183 -0.014641036592110374
3 184 -0.014908478683139161
3 185 0.033944251418159939
3 186 0.04021805830996026
3 187 -0.012370362585510762
3 188 -0.055588245946163281
3 189 -0.0089375647467607559
3 190 0.08818544810442891
3 191 -0.10689993392428553
3 192 -0.0074159209885576146
3 193 0.065021345113473933
3 194 -0.067124144046258633
3 195 0.16005389846353971
3 196 0.059919752933514051
3 197 -0.017865738442156897
3 198 0.056408852321127065
3 199 0.047582007658985813
4 5 0.085084313439563658
4 6 0.04257388981674793
4 7 0.015975999957824668
4 8 -0.018909909810902712
4 9 -0.011806757292660305
4 10 -0.020321163645140718
4 11 -0.0038347255482325646
4 12 0.0017113072674833293
4 13 -0.054256997561150044
4 14 0.0090231251935733916
4 15 -0.1070873424997765
4 16 -0.073398380789298931
4 17 -0.029533626615583137
4 18 0.055373994530539185
4 19 0.038556924352939483
4 20 -0.088383126324398958
4 21 0.051861114819729819
4 22 0.02062313230502396
4 23 -0.025451131145576414
4 24 0.12724761608339671
4 25 -0.03297512463170154
4 26 0.015210843384284582
4 27 0.096775828776127448
4 28 -0.062477901855570561
4 29 -0.05943769305955271
4 30 -0.13982543088432089
4 31 -0.072621422831619487
4 32 -0.095265250699171966
4 33 0.024224224564225287
4 34 -0.0099304911711885942
4 35 0.014239440367571181
4 36 0.13987660646514119
4 37 -0.031286807354582134
4 38 -0.010385077140735856
4 39 -0.0021347311636359546
4 40 0.030314527960631259
4 41 -0.14013290797927552
4 42 0.021596135387104427
4 43 0.045211296363097925
4 44 0.068079415746910621
4 45 0.0368293913689079
4 46 0.024513129934966751
4 47 0.0722357667282892
4 48 -0.12490327204546087
4 49 0.094830213524773041
4 50 0.050617984897879699
4 51 -0.0024697875792937135
4 52 0.033571226047134077
4 53 -0.06273165708064378
4 54 0.015878396937576988
4 55 -0.11446233540493453
4 56 0.014123921741478626
4 57 -0.040563011221478554
4 58 0.02523445507946518
4 59 -0.12539673693130335
4 60 0.16242855902246531
4 61 0.067025084231473728
4 62 -0.0031908531312648406
4 63 0.066872022743197285
4 64 0.061217917809249824
4 65 -0.051895646733561715
4 66 0.0072549667737711893
4 67 0.028791609037879841
4 68 0.19953128848096249
4 69 0.11100854152140335
4 70 -0.031669472928850313
4 71 0.036147595821586581
4 72 0.061823844308153769
4 73 0.010933650789341979
4 74 -0.016915894663035572
4 75 -0.024238541813951648
4 76 -0.15246182907395359
4 77 0.095654234522441886
4 78 -0.033720259610049624
4 79 -0.062438003994966691
4 80 0.0053696277137811402
4 81 0.035546172227660579
4 82 -0.078029158449748795
4 83 -0.0073471528849396476
4 84 -0.018528253463057951
4 85 0.037166090720212201
4 86 0.047652134603961338
4 87 -0.067975849901229388
4 88 -0.098079840884481462
4 89 0.13979023213311662
4 90 -0.052111172874942033
4 91 0.0051392184402559108
4 92 -0.020070844470087779
4 93 -0.033027253005457544
4 94 0.094034268843057336
4 95 0.070245392050478708
4 96 0.0011971595621280032
4 97 0.017894864486295983
4 98 -0.10177331714790738
4 99 0.021626157339971624
4 100 0.034216800638519521
4 101 0.041203133505537032
4 102 -0.031105832617407052
4 103 -0.065895659463781342
4 104 0.093059203473475377
4 105 0.069360830322538855
4 106 -0.056089628811351107
4 107 -0.065989652925945691
4 108 0.0037835339824184009
4 109 0.11029219076687791
4 110 -0.02999465589582713
4 111 -0.017743452071361392
4 112 0.047182447055319134
4 113 -0.043669643561857874
4 114 0.083743068953390398
4 115 0.043168043334817108
4 116 -0.023117183077381382
4 117 -0.022227632270167254
4 118 0.039299195433470949
4 119 -0.082229257587807983
4 120 -0.034759107361607172
4 121 -0.0018423625416556825
4 122 -0.037619553877944592
4 123 0.078792597600865252
4 124 -0.15431490111730387
4 125 0.0062630534181386966
4 126 0.019741476169760692
4 127 0.13139485303623419
4 128 -0.11837330653226677
4 129 -0.004936398313827855
4 130 0.10388099051463946
4 131 0.043920685619280773
4 132 -0.058186358041308762
4 133 -0.058837154106821353
4 134 -0.0702568212446575
4 135 -0.088724439277073311
4 136 -0.02646599372731585
4 137 0.14176004366080983
4 138 0.10851133361491998
4 139 0.081777910119667119
4 140 -0.048700768131387816
4 141 0.055707434176119307
4 142 0.032280963648875699
4 143 -0.020211360344234607
4 144 -0.018655053649401621
4 145 0.13194784631748965
4 146 -0.053814131267326565
4 147 -0.096390648424352438
4 148 0.02256330966195955
4 149 -0.0028682596453940595
4 150 0.063288522271458009
4 151 -0.017324573823752666
4 152 0.022538901226820941
4 153 -0.063986548932907353
4 154 0.027217774222005497
4 155 -0.016100031996811349
4 156 0.098597146290279561
4 157 0.10094639509206266
4 158 -0.067653415222881624
4 159 0.018310892978790641
4 160 -0.030540757617224974
4 161 0.065657407813465032
4 162 -0.031587519383092733
4 163 -0.0037450630815381524
4 164 -0.079945891097328775
4 165 0.13921779510480017
4 166 0.032961132831178755
4 167 -0.034218248110166119
4 168 0.013120837967823889
4 169 -0.092253964864693325
4 170 -0.038979223763099792
4 171 -0.018440252018216013
4 172 0.031265130586364917
4 173 0.11178697340251793
4 174 0.033677070930113073
4 175 -0.010855529770245089
4 176 0.0086795956354637233
4 177 -0.044523443085739099
4 178 0.08043235112023972
4 179 -0.0924063889716637
4 180 0.05662985364562198
4 181 -0.0086493053715873194
4 182 -0.12472390238820834
4 183 -0.054079182471858167
4 184 0.043366396160099054
4 185 -0.013875274749773242
4 186 0.11117009409493156
4 187 0.049019809047975635
4 188 0.034069265279726063
4 189 0.013868336380489645
4 190 -0.095247523811478427
4 191 0.12875983565318599
4 192 0.031945851738728222
4 193 -0.1591725253819059
4 194 -0.093684662927890835
4 195 -0.072985917658814986
4 196 -0.012987112030678769
4 197 -0.088782510277260543
4 198 -0.028769302637314479
4 199 0.17603551492614805
5 6 -0.12723553453205652
5 7 -0.0821419959380046
5 8 -0.13683168609327231
5 9 -0.047017246700850002
5 10 0.072829108992432542
5 11 -0.027092357250735045
5 12 0.012203629286289522
5 13 -0.07821639736349259
5 14 -0.049674360249838415
5 15 0.043467608098049039
5 16 0.053666181484144398
5 17 -0.015748345880540811
5 18 -0.038157437032624877
5 19 0.0084913984575677656
5 20 -0.076819654633393339
5 21 0.0026165860290047337
5 22 -0.05334937540258082
5 23 -0.039271452288540835
5 24 -0.033206091414257628
5 25 -0.033793386282916768
5 26 0.040883039222546505
5 27 -0.072628246365890867
5 28 0.064099005052610333
5 29 0.06128847781738854
5 30 0.026407747183247923
5 31 -0.023567950660010564
5 32 0.10047435821767575
5 33 -0.0015013817542418103
5 34 -0.012547744881045457
5 35 0.078987588903829134
5 36 0.035574836037137174
5 37 0.013497501329547371
5 38 0.0082405623718243368
5 39 0.010759916635284418
5 40 -0.077494568822932014
5 41 0.13135576832964513
5 42 -0.046271100919003681
5 43 -0.019982592331055586
5 44 -0.057829567882688351
5 45 0.036837054074297056
5 46 0.024830268435568976
5 47 -0.024652374310531976
5 48 -0.047127873064322368
5 49 0.063058090667548861
5 50 -0.12361643416699533
5 51 -0.10367526453185084
5 52 0.00055789702669420166
5 53 -0.025726651904860183
5 54 -0.094296273877822315
5 55 0.046500027688946094
5 56 -0.05140963308829101
5 57 -0.25413335301011242
5 58 -0.085809087585504568
5 59 -0.023549832095236513
5 60 0.074354364197655162
5 61 0.049495376392028133
5 62 0.014650828728503765
5 63 0.01723337400769881
5 64 0.20117751219144731
5 65 0.12663110076985384
5 66 -0.10641020636938624
5 67 -0.0018896238335456784
5 68 0.07743969732124277
5 69 -0.00085875041939367281
5 70 0.067307161100907509
5 71 0.056883039412468993
5 72 -0.063894425957206596
5 73 -0.11862961854274218
5 74 0.13036657947168187
5 75 -0.1038771923836483
5 76 0.044566015608477505
5 77 0.021939411762323443
5 78 -0.10851443216395916
5 79 0.049613280404491922
5 80 0.067989187558382833
5 81 0.0089806901043680311
5 82 -0.052807090904032163
5 83 -0.021992711837823881
5 84 -0.0031436056061896608
5 85 -0.076443117948572253
5 86 0.0027846802002848138
5 87 0.060075910151836796
5 88 0.066894655521737512
5 89 0.065073152126103109
5 90 0.016763367004400093
5 91 0.030518620469259464
5 92 -0.026293337311947201
5 93 0.021729467537434398
5 94 -0.13396965373306577
5 95 -0.0031541923132209636
5 96 0.05278279445715036
5 97 -0.062865486611270088
5 98 -0.029130930203981251
5 99 0.023341739894212291
5 100 -0.0042577031904259552
5 101 0.014699024359081669
5 102 -0.12588067529632577
5 103 0.0048392753684726036
5 104 0.0043421919015768293
5 105 -0.0024034343120712342
5 106 0.074767549380675022
5 107 0.074707906733023202
5 108 -0.024017850993389305
5 109 0.089854636365950424
5 110 0.034314774351241153
5 111 0.12220853925785793
5 112 0.0085261113438320699
5 113 -0.03924925685813245
5 114 0.017322477459739551
5 115 0.016550527971215132
5 116 -0.066640415022361038
5 117 0.082822195370274132
5 118 0.033370697162135483
5 119 -0.069044715773646001
5 120 0.16246996837387948
5 121 -0.073488373048935643
5 122 -0.13812037879659733
5 123 -0.0022666298455555748
5 124 -0.017400205191960592
5 125 0.02699472530416502
5 126 0.034050072222926976
5 127 0.01204700938987506
5 128 -0.030448121092785128
5 129 0.035890642998957223
5 130 -0.056862955708808359
5 131 0.13537882198970808
5 132 0.011695461435700921
5 133 -0.099246976323138794
5 134 -0.022357943191168243
5 135 -0.015414847075062198
5 136 -0.039595035830637261
5 137 0.073039381235844761
5 138 0.016170991212512413
5 139 0.17715013210977842
5 140 0.0073131410033126718
5 141 0.046995723191060566
5 142 -0.036748790327637254
5 143 0.043647901545186628
5 144 -0.00046792558370047365
5 145 0.042655406549688753
5 146 0.030246259133161677
5 147 0.1536619510936596
5 148 -0.048313452560214368
5 149 -0.022354546469034512
5 150 0.0057743131734192153
5 151 0.066294537750860194
5 152 0.06055426436775159
5 153 0.039457007495643424
5 154 0.088194731417134867
5 155 -0.06049179006350066
5 156 -0.010979893694008043
5 157 -0.051663273879386393
5 158 -0.026019395621038225
5 159 -0.088269400884006755
5 160 0.10414588929999659
5 161 -0.076229045563968603
5 162 0.015829237487570688
5 163 -0.039892617298986452
5 164 0.013418528593102667
5 165 -0.02103509615963697
5 166 -0.0056212707589363689
5 167 0.033175248793100708
5 168 0.069265318778333043
5 169 0.041909161940965271
5 170 -0.01238198269215331
5 171 0.10991220520436586
5 172 -0.07791794344010565
5 173 0.0023130346407339354
5 174 -0.1259506580094337
5 175 0.051134075996730567
5 176 0.10551508706655369
5 177 -0.0014379752124532119
5 178 -0.018349786297996429
5 179 -0.099834084557340594
5 180 0.12102613382277033
5 181 0.0019874090222572341
5 182 0.090923341547720388
5 183 -0.12372744298576592
5 184 -0.084800784858148917
5 185 -0.10149660941373766
5 186 -0.10877007148196467
5 187 -0.019547808122509974
5 188 0.04022664767677505
5 189 0.092954685981756255
5 190 0.09304032379704652
5 191 -0.068747227049985177
5 192 0.036893672670836791
5 193 0.043174102257265617
5 194 0.0039746784325558259
5 195 0.057201576461109453
5 196 -0.064563506608976834
5 197 0.05223130052733152
5 198 0.011823244555575072
5 199 -0.043404024086725522
6 7 -0.070129626339746717
6 8 0.0014203038107420247
6 9 -0.12239171955892381
6 10 0.020566706137552425
6 11 -0.023429440242468427
6 12 0.0063135809384336815
6 13 0.035347413127997968
6 14 -0.11804592671851152
6 15 0.021749986747088272
6 16 -0.0087817349719199033
6 17 0.13672263738680313
6 18 0.06237176213556573
6 19 -0.028082131738434709
6 20 -0.052712864657791646
6 21 -0.024205061493787681
6 22 -0.063479334627936757
6 23 0.046718454039706196
6 24 -0.14266352072410912
6 25 -0.10865221627676051
6 26 0.018520408559316581
6 27 -0.065365395960077718
6 28 0.011180535142885698
6 29 -0.052674680970023077
6 30 -0.0052829858488475682
6 31 -0.091060616657860832
6 32 0.053410737856684404
6 33 0.0073942487546826627
6 34 -0.05324297478484967
6 35 0.11890880814682572
6 36 -0.083872736853115817
6 37 -0.014276925897169382
6 38 0.10299607028814309
6 39 -0.018207842079790999
6 40 -0.031257475294608719
6 41 0.087431154725118407
6 42 -0.031319291334708316
6 43 -0.0052941915778673149
6 44 -0.049388808878145576
6 45 -0.036263098198048738
6 46 0.012291061528963833
6 47 0.14917944289534776
6 48 0.084551150049811161
6 49 0.015906181125545926
6 50 0.031331800442229607
6 51 -0.11277534440773662
6 52 -0.011853859584032336
6 53 -0.031133960464866346
6 54 0.090243214314750075
6 55 0.028085698841712584
6 56 0.071055050823470217
6 57 0.0055932354149975747
6 58 0.029747117990507541
6 59 -0.054136263792739232
6 60 0.01471677589821597
6 61 -0.0050371642130398195
6 62 0.006675966139802491
6 63 -0.037054154259466808
6 64 0.048721205506153997
6 65 0.09233856682100032
6 66 -0.087730409451959881
6 67 0.046840944023898282
6 68 -0.042434773219565042
6 69 -0.029139931292733776
6 70 0.0052499271361320056
6 71 0.013835366335639292
6 72 -0.068118198361088775
6 73 0.058476878812497357
6 74 -0.010693850134929928
6 75 -0.17831100981569506
6 76 -0.0081521572700050775
6 77 0.036355784441353081
6 78 0.0076217170338407749
6 79 -0.004568328958231214
6 80 0.10944767918976017
6 81 0.11950594073485643
6 82 0.066886781979130519
6 83 -0.14866397625558839
6 84 -0.12237906685018292
6 85 -0.034930620837969599
6 86 0.00044919328603289672
6 87 -0.018877147931143441
6 88 -0.036347355847673242
6 89 -0.0082703154343820254
6 90 0.15200472388686589
6 91 -0.10075107623005486
6 92 0.027570953890910202
6 93 -0.048975817681409545
6 94 -0.081338799740582376
6 95 0.051915123557545372
6 96 -0.069971416759801924
6 97 0.039135659820921563
6 98 -0.021986617837777587
6 99 0.099321687224218594
6 100 -0.019480936392978293
6 101 0.054473878959029456
6 102 0.1138290521718883
6 103 0.057379452531519076
6 104 0.10482165319601824
6 105 0.009246679993238624
6 106 -0.039540079380398385
6 107 0.10573120298180046
6 108 0.1042677843012017
6 109 0.084032291189113054
6 110 0.080923389251693706
6 111 0.046148325543398608
6 112 -0.12971311560017826
6 113 0.14555248063717457
6 114 -0.021700362694594362
6 115 0.049707004422544318
6 116 -0.010521488129007614
6 117 0.049911857657499968
6 118 -0.011835761588140406
6 119 -0.036234745249360586
6 120 -0.086333320887702028
6 121 -0.062585248820754072
6 122 -0.0029601190542909387
6 123 -0.019257561115584392
6 124 0.041945119202643127
6 125 0.0012247818438499381
6 126 0.01526751588698245
6 127 0.077917832185497332
6 128 0.023175629527322113
6 129 -0.00018343671964344719
6 130 0.0098946719434657368
6 131 0.1234205283983266
6 132 -0.15335552182878454
6 133 0.12091904699714463
6 134 -0.053371742778384648
6 135 -0.032056384236399935
6 136 0.22095028534942851
6 137 0.038570757210125567
6 138 -0.066749762021053108
6 139 0.043480963806021421
6 140 -0.050366100680192934
6 141 -0.13128653190578879
6 142 0.022874230960060797
6 143 -0.20346344862163709
6 144 -0.035693303862225363
6 145 -0.084163128054514827
6 146 -0.12519203323899736
6 147 0.060613156239218584
6 148 0.015097325788803316
6 149 -0.11306554577730078
6 150 -0.13189914442550002
6 151 0.076184418093188683
6 152 0.085864807915547056
6 153 0.026486273825387967
6 154 -0.037170228004935468
6 155 -0.063905174698505346
6 156 -0.081130096833288534
6 157 0.12001849992622567
6 158 -0.084945434138138265
6 159 -0.037354309275686691
6 160 0.029798924302029971
6 161 -0.00048634322951621926
6 162 -0.064775688456867653
6 163 -0.063879725449344602
6 164 -0.012407169311681286
6 165 -0.06605564240032831
6 166 0.078443037375520192
6 167 -0.032605882414609058
6 168 -0.046390988661987383
6 169 -0.076080488355589657
6 170 -0.11769741598311424
6 171 0.13253704638387323
6 172 0.078572074310833309
6 173 0.012911092783531754
6 174 -0.14779167603367638
6 175 -0.084392492913252556
6 176 -0.0013051814008727715
6 177 -0.0055180617829925869
6 178 -0.02956984039031765
6 179 -0.039581958023503123
6 180 0.08935831668735722
6 181 -0.013398738591883425
6 182 0.061365082195815435
6 183 -0.0040579708234647887
6 184 -0.047569861092815316
6 185 0.001034307245969272
6 186 -0.12324080389543771
6 187 -0.085986603164916811
6 188 0.025891061704666107
6 189 -0.059012543150160281
6 190 0.022084151852141722
6 191 0.036681429366739737
6 192 -0.016411962584926582
6 193 -0.086902695429891957
6 194 0.052557099748011697
6 195 -0.11927476800850423
6 196 0.098063580365994579
6 197 -0.024427159995806687
6 198 -0.024974984204228372
6 199 0.098629203541404503
7 8 0.067023026463352606
7 9 -0.00015706054849043427
7 10 0.081851692173475835
7 11 -0.15981072755067033
7 12 0.058017397551554557
7 13 0.074678604887908867
7 14 -0.10088626675481858
7 15 -0.061789037127312318
7 16 0.10200658722764482
7 17 0.015047535937043157
7 18 -0.02183075745975252
7 19 -0.0663558755393934
7 20 -0.068744577042835167
7 21 0.053711579467343389
7 22 0.12730292967234927
7 23 -0.14863877726382246
7 24 -0.058448096250468554
7 25 0.020473821565477612
7 26 0.015681034622808055
7 27 0.039002770582872159
7 28 0.0084759786747605707
7 29 0.09906377470572568
7 30 0.056639138006444899
7 31 -0.024641897619737691
7 32 -0.11469687637757515
7 33 -0.085402505424946165
7 34 -0.013472652675095495
7 35 0.0097797419926553934
7 36 -0.090344399067366479
7 37 0.033620197308038217
7 38 -0.040218480550575274
7 39 0.070685955767144745
7 40 -0.032322089767960582
7 41 -0.17789119673401019
7 42 0.074214648847105186
7 43 0.04275315457474111
7 44 -0.019046626671890481
7 45 0.177737282674261
7 46 0.0055519036726088449
7 47 0.11626656645734197
7 48 -0.020539268151653255
7 49 -0.15483443400604602
7 50 -0.0070958214255624616
7 51 0.082876731783743912
7 52 0.024992674853646462
7 53 0.051060004357056654
7 54 0.0078172942777912716
7 55 0.062654141142598346
7 56 -0.042258658903572964
7 57 0.12335132409980151
7 58 0.0071860358737746606
7 59 0.085025824316184606
7 60 0.014868737848856041
7 61 -0.014487965532014004
7 62 -0.018991794347242043
7 63 0.11386872593744711
7 64 -0.05614303075096147
7 65 0.0092435730185670539
7 66 0.08609915932048523
7 67 0.049434900292905752
7 68 0.055657677162985794
7 69 -0.064459570269229147
7 70 -0.037419349561407855
7 71 -0.0059410715147526841
7 72 0.033498514771854788
7 73 -0.012268447507140873
7 74 0.10437876169855395
7 75 0.026143851347463963
7 76 -0.009196663938984953
7 77 0.023382657783021454
7 78 -0.054016728139835948
7 79 0.053883275543046033
7 80 -0.016122860352480017
7 81 -0.066585110167857051
7 82 -0.059325303140966595
7 83 0.046306729054889556
7 84 -0.08811158270035549
7 85 0.0070872606551567905
7 86 -0.022565803859676659
7 87 0.028331555141015135
7 88 0.0059166293584820466
7 89 -0.04187770699125172
7 90 -0.084206425816904795
7 91 0.02727818355837321
7 92 -0.029304360172161568
7 93 -0.035264406567005274
7 94 -0.10352512501250637
7 95 0.004847136071706044
7 96 0.099570200775995432
7 97 0.014403524431178177
7 98 0.028209335252293414
7 99 0.085112489422696488
7 100 0.11826581134596661
7 101 0.072586419285325665
7 102 0.056329093811823605
7 103 0.0065972581774323812
7 104 -0.0010530922588223531
7 105 -0.091046865945197508
7 106 -0.07844024714570684
7 107 -0.025511960467716383
7 108 -0.00016004226273263328
7 109 -0.018641129276476227
7 110 0.0065586200780437818
7 111 -0.014980697699657434
7 112 0.089466252424191844
7 113 -0.011769304540472788
7 114 -0.12356926281450338
7 115 0.037216638188785019
7 116 -0.023672304375270813
7 117 -0.036206806502557691
7 118 -0.012541774614436512
7 119 -0.017521696572667646
7 120 0.034412488070009552
7 121 0.22430143106452288
7 122 -0.011242205050188213
7 123 0.035836299889189328
7 124 0.012499613246042443
7 125 -0.027806497087133945
7 126 -0.074263011247356764
7 127 -0.059918655561273834
7 128 0.017563002734867543
7 129 0.029052439098649751
7 130 -0.090165434695622965
7 131 0.050490388022987949
7 132 0.060276075832417168
7 133 0.11985417521072449
7 134 0.0060822901511372969
7 135 0.10976479116048814
7 136 -0.054744934949074779
7 137 0.047824608072687715
7 138 -0.030640495667501128
7 139 -0.030215193185034739
7 140 -0.034485651124983453
7 141 -0.077367968632754539
7 142 -0.0052162972367800148
7 143 0.022607028155111272
7 144 0.069921548829959781
7 145 -0.0026342713935583579
7 146 -0.010216791528893461
7 147 0.022440067391822884
7 148 -0.061090850284563909
7 149 -0.063607333239956834
7 150 -0.016533309450729103
7 151 0.13652503372462119
7 152 -0.17021435360395179
7 153 0.070206222048083536
7 154 -0.089171948088889147
7 155 -0.11619994848658463
7 156 0.039613376944262819
7 157 -0.12862294193705379
7 158 -0.11410860827470749
7 159 -0.017597621951306673
7 160 -0.074236294209589354
7 161 0.14899565404031917
7 162 -0.098014958771071234
7 163 -0.03436667172658231
7 164 -0.037606438062518878
7 165 0.036172950200329131
7 166 -0.078543236187803553
7 167 0.099044279851235928
7 168 0.11969118092413975
7 169 0.081454103549475618
7 170 -0.052859753890863628
7 171 -0.11975491154254478
7 172 -0.11446825886655881
7 173 0.071870959463557982
7 174 0.086418936488861287
7 175 0.089615896124510305
7 176 -0.070601266440264807
7 177 0.10745363745277046
7 178 -0.051917821619219498
7 179 -0.091989821570720276
7 180 0.018330873418556826
7 181 -0.094008891099210456
7 182 0.028917280692563579
7 183 -0.012226648906446477
7 184 0.091217204109085293
7 185 0.2029289682039524
7 186 0.073557336177424576
7 187 0.11061949438617899
7 188 0.013141116018016721
7 189 0.026239496878119564
7 190 0.13972869051664397
7 191 -0.0059100276784499924
7 192 -0.11226518122520461
7 193 -0.017769532917374004
7 194 0.19218318503859783
7 195 0.034049115449808716
7 196 0.054608435226655587
7 197 -0.090380738714941733
7 198 0.061505575884341059
7 199 -0.19375252256249362
8 9 0.06958868950066506
8 10 0.0059097978019406732
8 11 0.056423754946106554
8 12 0.056879881449694046
8 13 -0.0251893000678792
8 14 0.12082454132628442
8 15 -0.037427412251290024
8 16 0.0028330105444140546
8 17 -0.067371753710039631
8 18 -0.035810833756147548
8 19 0.20488009816046432
8 20 -0.051750376221290861
8 21 0.056180597009153413
8 22 0.013062972081121105
8 23 -0.074580321640695044
8 24 -0.03119258646831085
8 25 -0.073351991716729861
8 26 0.01257390709141876
8 27 -0.054623439780703227
8 28 -0.035443265711114676
8 29 0.049462185409238343
8 30 -0.0012270568012027626
8 31 -0.13712440972653844
8 32 0.11847212040451778
8 33 0.0042735200755848607
8 34 -0.025244364689781022
8 35 0.096471325677286668
8 36 -0.038522755441908613
8 37 0.0053933313467922663
8 38 -0.033012768303110285
8 39 0.072919165704712408
8 40 0.035446431404741581
8 41 0.057352654941942971
8 42 -0.098858377735232053
8 43 -0.022373826677983016
8 44 0.054140147286027035
8 45 -0.043489305547329139
8 46 0.01230875072469545
8 47 -0.1060792891945891
8 48 0.068132863498406235
8 49 -0.0053102083977431321
8 50 -0.082305248841990031
8 51 0.075672319786389455
8 52 0.056901123415693831
8 53 0.10614922858266639
8 54 0.013889384482957597
8 55 0.034044024637442417
8 56 -0.05954689233963973
8 57 0.11467136859221676
8 58 -0.13169851954373366
8 59 -0.042784830786556656
8 60 0.062262671271474716
8 61 0.031779338631584435
8 62 -0.088999768098166926
8 63 0.023121731313380193
8 64 -0.06156157110355074
8 65 0.10439581500707391
8 66 0.047812663133726778
8 67 0.033159570124042054
8 68 -0.031313063552213319
8 69 0.013327994681028523
8 70 -0.063529435832813189
8 71 -0.033694084056556384
8 72 -0.049980439109598158
8 73 -0.15674371665592665
8 74 -0.080251417613476442
8 75 0.024865981783139042
8 76 0.032290794504084779
8 77 -0.0088031109630815844
8 78 0.027825879172127411
8 79 0.038901923530244915
8 80 0.10360318357016407
8 81 0.019312004061400777
8 82 -0.087650381366503646
8 83 0.14089051127571861
8 84 0.024433975187195145
8 85 -0.041921911776928486
8 86 -0.1052679161455853
8 87 -0.068110233875301227
8 88 0.077356551862345885
8 89 0.14089639920609009
8 90 0.01542827051969245
8 91 -0.085201010216656201
8 92 -0.06887893590575711
8 93 -0.042727264813471541
8 94 0.0097851443519804647
8 95 0.086364382056682024
8 96 0.062529697244600307
8 97 0.0097469765302468578
8 98 -0.075262274799143256
8 99 0.01080789387963438
8 100 -0.062184398047188887
8 101 -0.034693861144087214
8 102 -0.029679913125341083
8 103 0.057687946387757844
8 104 0.086904691093160027
8 105 0.0065773030400989229
8 106 0.093254182473077027
8 107 0.060169038960339129
8 108 -0.076802608773811995
8 109 0.017566831027391341
8 110 -0.036609182689410075
8 111 -0.033953231069663768
8 112 0.074427301415777108
8 113 0.094225809714951606
8 114 -0.017005464421206706
8 115 -0.026803878081474549
8 116 -0.036390232267296374
8 117 0.018987936858781761
8 118 0.032161264893456477
8 119 -0.12077471822778926
8 120 0.022193630570191639
8 121 -0.030838920201437553
8 122 -0.0035269861158936894
8 123 0.0076011407915110487
8 124 -0.060802741764780684
8 125 0.00041674721095520418
8 126 -0.014873745420350009
8 127 -0.005155878991910493
8 128 -0.068416096872916096
8 129 -0.091748162571628988
8 130 0.027255333009821837
8 131 -0.075060944994405146
8 132 -0.13655034754223075
8 133 0.00081028725595304579
8 134 0.045129617831276156
8 135 -0.071538912593502937
8 136 -0.076257766184883002
8 137 -0.025604421325318389
8 138 0.084302615676768736
8 139 -0.043945414866496335
8 140 -0.0017009380295424836
8 141 -0.0051680917306976973
8 142 0.039031404884273854
8 143 0.09309166597611522
8 144 -0.078616465307178598
8 145 -0.12513897128350218
8 146 -0.026715368795444151
8 147 0.14339663468094832
8 148 0.075860635578898092
8 149 0.0079459583213323647
8 150 0.017007304754752445
8 151 0.0075814633755894919
8 152 -0.15981176619890866
8 153 -0.016756242552530189
8 154 0.01746785945394189
8 155 -0.02470614491876915
8 156 -0.077160217001191397
8 157 0.027905244059409348
8 158 -0.0689008715338746
8 159 0.055962991381558296
8 160 0.14505892258851294
8 161 -0.04452758808244893
8 162 0.001081798270944651
8 163 -0.0065456671035400461
8 164 -0.016260567411297121
8 165 0.041376994745203052
8 166 0.036013209865833853
8 167 0.036523225463299412
8 168 -0.079634896450726869
8 169 0.035558824483738719
8 170 0.053442544018545736
8 171 0.034068400754059099
8 172 0.060375224021128951
8 173 0.01382276997364639
8 174 0.021980644699684724
8 175 -0.11409989254923535
8 176 -0.099059624784252551
8 177 0.053095092382879308
8 178 0.097590733377541428
8 179 0.098890310959906746
8 180 0.02737625254157464
8 181 0.028414849969021376
8 182 0.028071108728244976
8 183 0.093523185385973484
8 184 0.11284852265878191
8 185 -0.039356487371313378
8 186 -0.070730010207122787
8 187 0.040151945797638061
8 188 -0.036466183788691514
8 189 -0.047324640786846672
8 190 -0.06506733562065263
8 191 -0.13490611883609843
8 192 -0.031363285197268727
8 193 -0.06541937616954821
8 194 0.17259283440905018
8 195 0.07282703078689165
8 196 -0.12167537906877358
8 197 -0.10205646658900214
8 198 0.062140621358851039
8 199 0.025070610802037579
9 10 -0.073126048210296071
9 11 -0.074608848923846505
9 12 0.055071154218276124
9 13 0.11087703127240352
9 14 0.039507897055395771
9 15 -0.023921572815727737
9 16 0.033028622027401221
9 17 -0.0067475503709582057
9 18 -0.07731576429824312
9 19 0.0018706050054208387
9 20 -0.011330456438185614
9 21 0.093759042173745616
9 22 -0.034654696601752057
9 23 0.02675367350244889
9 24 -0.00057202798661359401
9 25 -0.0054126884643271944
9 26 0.0078508188910943258
9 27 0.026080974633965047
9 28 -0.064191931826031376
9 29 -0.052722915227980137
9 30 0.025285453230874697
9 31 0.097175230009326721
9 32 -0.027981193655393397
9 33 -0.067908667389772165
9 34 0.040776845194278294
9 35 0.017863328525087947
9 36 0.028161955181470719
9 37 0.050147143570287871
9 38 0.017843597262417361
9 39 -0.086299801280438904
9 40 0.0096087313998588792
9 41 0.080706002340047669
9 42 0.12834853300238883
9 43 0.14447792565724996
9 44 0.013585864668215396
9 45 0.015004071658174103
9 46 -0.037614637638900265
9 47 -0.009653616614026762
9 48 -0.099694854079326878
9 49 0.023988587722060105
9 50 -0.034756870978971448
9 51 0.051752303262251463
9 52 0.021651178159964861
9 53 0.054566969335716649
9 54 0.11654746352306834
9 55 0.069089605103785631
9 56 -0.0023732540974875111
9 57 0.067890169311390178
9 58 0.12620038693276475
9 59 -0.04755753973699222
9 60 0.10435651677445562
9 61 0.11648167497832315
9 62 -0.037580236968402209
9 63 -0.017634541795303747
9 64 -0.030792713758837579
9 65 -0.01660611643770523
9 66 0.10131018793819439
9 67 -0.052525353221510473
9 68 0.090192317696578692
9 69 -0.013072770973941852
9 70 -0.041192413226613378
9 71 -0.084668590375823388
9 72 -0.028837377416424587
9 73 -0.010774159592239521
9 74 0.016979618806015794
9 75 0.025068151716057981
9 76 0.0091486686043339132
9 77 0.097595602816757471
9 78 -0.011319743194603034
9 79 0.06063851837924511
9 80 -0.16275493992354881
9 81 -0.0085800142959591534
9 82 -0.042975660346360675
9 83 -0.022410824723427866
9 84 -0.0060095105390966979
9 85 -0.063195724202704015
9 86 -0.044358544972480644
9 87 0.042040610152668481
9 88 -0.11993981010358054
9 89 0.13683900525428774
9 90 -0.026682718228364672
9 91 -0.024774426402081152
9 92 0.039327010919256063
9 93 0.069952751473855296
9 94 0.0080951860897299846
9 95 0.022866455343388232
9 96 0.060700042899386068
9 97 -0.05849583279942791
9 98 -0.13695657182574592
9 99 0.013629684497028617
9 100 -0.025321553667694348
9 101 0.070825433955290465
9 102 0.021902748295860645
9 103 0.12654875549976721
9 104 -0.022142247277388803
9 105 -0.021922705993238676
9 106 -0.066974911502992535
9 107 -0.0061700878322617312
9 108 0.020949041917573127
9 109 0.064863802842705001
9 110 -0.12485620417093182
9 111 0.067534608715165048
9 112 0.032878091678346356
9 113 0.041320006381648136
9 114 0.033180151659845641
9 115 0.02452366417069908
9 116 -0.079580354552489505
9 117 0.024367738873837606
9 118 0.023311025708339424
9 119 0.080045893524933742
9 120 -0.00055865467292938703
9 121 -0.093856051021388956
9 122 0.068770484405617976
9 123 0.022896257373041146
9 124 0.024821728859937275
9 125 -0.097286434059782892
9 126 -0.080291548474916333
9 127 0.0127939476550253
9 128 0.057370801704400169
9 129 0.11656672674588248
9 130 -0.025851287988258299
9 131 -0.10711140612970037
9 132 0.026811893210015352
9 133 0.10628125812334051
9 134 0.012287346620563775
9 135 -0.14366894841841102
9 136 0.040001985962016144
9 137 0.091899905950987765
9 138 0.038846330477238386
9 139 -0.016105983485120327
9 140 -0.01726780379261604
9 141 -0.067054048804647742
9 142 0.0082831401734361227
9 143 0.061427159521483726
9 144 0.026617132420773633
9 145 0.015616514975710663
9 146 -0.092183200651833982
9 147 0.14979520863225351
9 148 -0.0035011362784817196
9 149 -0.0048836967414310943
9 150 -0.052981958097701447
9 151 -0.008231989485201598
9 152 -0.023785545555215098
9 153 -0.048321482525189634
9 154 0.062949034705340468
9 155 0.030797657738243316
9 156 0.10437373820615103
9 157 0.086428242983995582
9 158 0.0049713282067654846
9 159 0.011019238546384305
9 160 0.11919401844818488
9 161 0.039911599251932904
9 162 0.095931899910074794
9 163 -0.0023921507823124271
9 164 0.17463930548056722
9 165 0.16866196583946425
9 166 0.063688980502249165
9 167 0.11524859204181967
9 168 -0.10415014866782971
9 169 -0.0024600983163546933
9 170 0.019800912478238133
9 171 0.069170824846406145
9 172 -0.013963054896590514
9 173 -0.04331315022898892
9 174 0.048156670878154784
9 175 0.0025072108287274987
9 176 -0.044160401938001165
9 177 0.010287596286571292
9 178 0.15175157720574298
9 179 -0.089980064486786304
9 180 0.098479905169863713
9 181 -0.032564943425121291
9 182 -0.070498767168207535
9 183 -0.040357255895867555
9 184 0.14028307456147618
9 185 -0.042791829569516542
9 186 0.056515402829632036
9 187 -0.055559856055511614
9 188 -0.024226535764904848
9 189 0.14727553369567362
9 190 -0.12033359388148393
9 191 -0.11039831207371026
9 192 0.050757339887846593
9 193 -0.030044622427475676
9 194 -0.068591729859257364
9 195 -0.1285726467282001
9 196 0.15398777305507325
9 197 0.018222219886778666
9 198 -0.037346624901865376
9 199 0.042670629481776717
10 11 -0.07218683685561568
10 12 -0.05635143448964379
10 13 -0.044798169407983569
10 14 0.061509224499111385
10 15 0.069270778069098288
10 16 -0.033793886920546974
10 17 0.0051877074420042532
10 18 -0.009498716623540732
10 19 0.042293286330516898
10 20 -0.02208612604703749
10 21 0.068847881504784908
10 22 -0.014387876650089974
10 23 0.061705429954318054
10 24 -0.02016640037124413
10 25 0.034707563166654763
10 26 0.035051097197065492
10 27 -0.10515543558057236
10 28 0.020535576505962553
10 29 0.12079789075322225
10 30 -0.12027301763346054
10 31 -0.11089195410470762
10 32 -0.077394434716172508
10 33 -0.096171980746667732
10 34 0.0576991624541459
10 35 0.037379782995964367
10 36 0.090635400790795628
10 37 -0.057794562149308372
10 38 -0.060134743754179314
10 39 0.017803062808498544
10 40 0.06996128589496331
10 41 0.084321738187771444
10 42 -0.00088694606083863611
10 43 0.044763656992825085
10 44 -0.016343340907744714
10 45 0.013430481003516938
10 46 0.061311615619111283
10 47 0.044437712400697826
10 48 -0.040886095865260083
10 49 0.015510122335005228
10 50 -0.025670962058376972
10 51 -0.0077906034140992403
10 52 -0.15132880587015571
10 53 0.049264978519599233
10 54 -0.0099610810253033411
10 55 0.029101645745276822
10 56 -0.053862754955180177
10 57 0.040390471486549152
10 58 -0.04828140962699215
10 59 0.019782700730875763
10 60 -0.09589266772800531
10 61 0.062483339461692072
10 62 0.043884697560291168
10 63 0.11348110089640315
10 64 0.048564434236112626
10 65 0.074657478397377977
10 66 0.044030831652552463
10 67 -0.13179314365503578
10 68 0.017200642077493125
10 69 -0.12293796552665623
10 70 0.050351468606918776
10 71 0.043788085459666296
10 72 0.060108548100617484
10 73 -0.10236214448394994
10 74 0.081809132158643647
10 75 -0.055309305344746679
10 76 0.028035208443067582
10 77 -0.14863653433473928
10 78 0.0036975867253709041
10 79 0.030756642054319147
10 80 0.094712006377578803
10 81 0.12510364518332609
10 82 0.0074357108592611899
10 83 0.091892842350503864
10 84 -0.15355652847432499
10 85 0.037940982867811633
10 86 0.033106500882997117
10 87 0.14647966533583523
10 88 0.06224364951219024
10 89 -0.0070283015768288961
10 90 -0.09127997551289177
10 91 -0.047454737516909866
10 92 0.065238403858002725
10 93 0.11054427198492991
10 94 -0.070021732813826842
10 95 -0.08733718738810374
10 96 0.06543518656882355
10 97 0.087617966087801327
10 98 -0.040438931813191935
10 99 0.037747790289773334
10 100 0.021091253235380018
10 101 -0.055792082889225075
10 102 -0.059679975872732806
10 103 0.069991786335600908
10 104 -0.034406138225282656
10 105 0.045280932755936067
10 106 -0.032516849871340431
10 107 -0.0086423852365182484
10 108 -0.12335179599931748
10 109 0.0052249372464255629
10 110 -0.024271915539245854
10 111 0.079160100192738114
10 112 0.031758934071997175
10 113 -0.0074607213928875628
10 114 0.1080755429028013
10 115 0.056241153188037372
10 116 0.014562746848526067
10 117 -0.05766367556435556
10 118 0.078002786024162704
10 119 0.0082638596403362581
10 120 -0.12084133281653152
10 121 0.010768535035110221
10 122 0.14955822260514148
10 123 -0.0046569916500610051
10 124 0.051529034532765722
10 125 -0.046873041868245167
10 126 0.1285575723079366
10 127 0.053416205220602454
10 128 0.055848851122180264
10 129 -0.059076693795657532
10 130 0.049106799545395492
10 131 -0.045958488087143659
10 132 -0.00040470978679477593
10 133 -0.079837638717285608
10 134 0.0052566743684973648
10 135 -0.12891669253830068
10 136 0.0024110939851012684
10 137 0.0031106253761172867
10 138 0.017539961368450482
10 139 0.01120409917258669
10 140 0.062307720950673551
10 141 0.081686406699430072
10 142 -0.011605486396701632
10 143 0.11919199957670172
10 144 -0.038622841443730092
10 145 0.051545674809601441
10 146 -0.094528714770056865
10 147 -0.044480565947619052
10 148 0.10082016806196582
10 149 -0.15412223417298782
10 150 0.01795932877571943
10 151 0.14118796830304989
10 152 -0.049302097609214515
10 153 0.055807841119483691
10 154 0.003284689587053261
10 155 -0.080780483971193071
10 156 0.050888181165443441
10 157 0.052931172896635244
10 158 0.040085718364844557
10 159 -0.013131149035043917
10 160 -0.098876800147673319
10 161 3.9658938245286564e-05
10 162 -0.092463655383092341
10 163 -0.036868108744411737
10 164 -0.093601384875307239
10 165 -0.075728629360996863
10 166 -0.010326789999174498
10 167 0.037609168303623111
10 168 0.014577577199858076
10 169 0.010451108243247745
10 170 0.12433884397669986
10 171 0.060810421570419083
10 172 0.13052781799358062
10 173 -0.10856871307265638
10 174 0.15484705935668183
10 175 0.069659430225961619
10 176 -0.058930638346088103
10 177 0.059795373985977229
10 178 0.0056525644262148149
10 179 -0.056592697563512574
10 180 -0.091617399311885783
10 181 -0.035878806766518757
10 182 0.0050022103781965366
10 183 0.0092695144387604823
10 184 -0.12656974360493223
10 185 0.046510099412228383
10 186 0.11599300624295454
10 187 0.17010654691656552
10 188 0.1523703729882292
10 189 -0.081505600225355301
10 190 0.098228861407953755
10 191 -0.016345801334112196
10 192 0.021110642858856984
10 193 -0.0006768978703307739
10 194 -0.090826575380598684
10 195 0.07140444193362569
10 196 -0.11599593505794914
10 197 0.0086864372919184304
10 198 -0.067024284821757138
10 199 -0.0066247305586646281
11 12 -0.06066022819281839
11 13 0.023719073374158618
11 14 -0.0078923778559947481
11 15 -0.021777444601974786
11 16 0.032561567153848336
11 17 0.085534330698225206
11 18 0.014341502662359756
11 19 0.0033346383904880443
11 20 0.017226160694614658
11 21 -0.00016941936733700735
11 22 -0.071256333684141249
11 23 0.035735176028496476
11 24 -0.10240399271135486
11 25 0.03507811477289461
11 26 0.047148346826086852
11 27 -0.190551562011056
11 28 -0.075869510577934368
11 29 -0.053041782610744014
11 30 0.051887258672912967
11 31 -0.0044059160675478824
11 32 -0.087563986909303337
11 33 -0.026669826883954618
11 34 -0.050596624063674628
11 35 -0.10190315868586615
11 36 0.020449216288467412
11 37 0.015853848878779001
11 38 0.036093541275720863
11 39 0.04540838469894682
11 40 -0.067520728420862083
11 41 0.099320707866175556
11 42 0.0045788915154585099
11 43 0.050653991595894024
11 44 0.093327298173770751
11 45 -0.13600418636646028
11 46 -0.010494985399620372
11 47 0.092973713217527898
11 48 -0.021271138426810818
11 49 0.083736404892393909
11 50 -0.1120641855928535
11 51 -0.0049460975670741515
11 52 0.0451138293283464
11 53 -0.033406447773361603
11 54 -0.008131399072436301
11 55 0.04659892910654749
11 56 -0.03538298490276167
11 57 -0.044064652269999796
11 58 0.026972959683075937
11 59 0.02340389339451843
11 60 0.024029882848146382
11 61 0.056784403035981812
11 62 0.030160818938704401
11 63 0.072631314008963166
11 64 0.027111850192919201
11 65 -0.0064511331430932694
11 66 -0.15118247949133673
11 67 -0.11818255723119733
11 68 -0.043543932720268533
11 69 0.082867007492789149
11 70 0.097105322032928196
11 71 -0.025927134197569299
11 72 0.038014821201371084
11 73 -0.10385563660854794
11 74 -0.10475558399722988
11 75 0.0030256283443108791
11 76 -0.027613581222564059
11 77 -0.11363892754058082
11 78 0.040344557913355672
11 79 0.12317916841478287
11 80 -0.10532071304582299
11 81 0.057117576976109294
11 82 -0.0086296013805021617
11 83 -0.054826788707477508
11 84 -0.014311332889714475
11 85 -0.047738864408515741
11 86 -0.046964486529051906
11 87 0.057110499818066957
11 88 -0.068106667083966801
11 89 0.04559673901949414
11 90 -0.045912088262496639
11 91 -0.010665915935007176
11 92 0.024724792887729996
11 93 0.014392034861676263
11 94 0.09672206721510189
11 95 -0.023279963244857715
11 96 0.013621573059421689
11 97 0.00023770896866709114
11 98 -0.079403757270556069
11 99 0.086734678082400471
11 100 0.22783754765462658
11 101 -0.060823189586035692
11 102 -0.042507617479127242
11 103 -0.079766883933433619
11 104 0.010634303965854951
11 105 0.049501108883982049
11 106 0.16179514485078428
11 107 -0.064238266395482663
11 108 -0.046771902989119651
11 109 -0.023897461960259579
11 110 -0.070563316009313024
11 111 -0.020098309593877157
11 112 -0.14412952016560351
11 113 -0.11035780340647407
11 114 -0.11722076077317112
11 115 -0.064778530605996976
11 116 -0.032629952912079499
11 117 -0.031907790462162272
11 118 -0.063369158088950162
11 119 0.089125660248344965
11 120 -0.024530254489325179
11 121 -0.081179805023335175
11 122 0.016057160763123423
11 123 0.045350005979086207
11 124 -0.0054316301198811317
11 125 0.024092433472543799
11 126 0.067556172719306487
11 127 0.08913516424158624
11 128 -0.1292526313591657
11 129 0.0017506701229641887
11 130 -0.16630408029536536
11 131 0.0076337973314870959
11 132 -0.037087175343861356
11 133 -0.0093848347189503314
11 134 0.01921918824181007
11 135 -0.040547982768127142
11 136 -0.013956798595292173
11 137 0.058131661249591571
11 138 0.015797119261126237
11 139 0.10613156488731595
11 140 0.037425929473568785
11 141 0.029478729016920231
11 142 -0.050011377508150566
11 143 0.17114727501931951
11 144 0.13978409645810042
11 145 0.01428768189066475
11 146 0.091671625296619874
11 147 -0.06596967923000123
11 148 -0.068639601988022894
11 149 0.055289369558336042
11 150 0.027400987826955627
11 151 -0.13708639088268082
11 152 0.067951215121875838
11 153 -0.0057892674166671581
11 154 -0.055558574817920488
11 155 -0.043829045826005754
11 156 0.014204393823797009
11 157 0.086570901754503563
11 158 0.052685636176351434
11 159 0.036940059156976963
11 160 0.055928232308654145
11 161 -0.037085851670673603
11 162 0.056432406915158641
11 163 -0.057154392602915577
11 164 -0.079114531455079587
11 165 -0.03161603844900128
11 166 -0.0036948983542025868
11 167 0.11669448643692316
11 168 0.046980177483804168
11 169 -0.018210799677023579
11 170 -0.019542144108694579
11 171 -0.044841274957903153
11 172 -0.086797506725622572
11 173 0.12257132349847925
11 174 0.10541098383416039
11 175 -0.068185495539235821
11 176 0.017674206120291497
11 177 0.11204934181395233
11 178 -0.028988479437534114
11 179 -0.20672309140110406
11 180 -0.031705376777968974
11 181 -0.039363467422572573
11 182 -0.089371608384651191
11 183 0.0014224353672985112
11 184 0.025940097045359194
11 185 -0.060284067114902362
11 186 -0.041699433826438551
11 187 -0.13919710746804489
11 188 -0.015594529836319067
11 189 0.076497121533771431
11 190 -0.10296517827765479
11 191 -0.016765235666407401
11 192 -0.090184598666754781
11 193 -0.030746265114250403
11 194 -0.12055148748856419
11 195 0.01709014106612939
11 196 0.14706308320849304
11 197 -0.014339283115873571
11 198 -0.011403571476110543
11 199 -0.022172165722364905
12 13 0.019978307473569108
12 14 0.0039688709674858894
12 15 -0.10063690560525734
12 16 0.080860222526133715
12 17 0.040759164138975054
12 18 0.10143730027182694
12 19 -0.049796471551173227
12 20 0.002930615576795513
12 21 -0.02862635415130646
12 22 0.0059218133286491094
12 23 0.083060452535514695
12 24 -0.010157087872523387
12 25 -0.06956912684929728
12 26 0.016339061988871979
12 27 0.002967535693801193
12 28 -0.1151005980818625
12 29 -0.095469765065991474
12 30 0.036665771363531795
12 31 -0.070785118622859106
12 32 0.20128047318530334
12 33 0.028019031165157981
12 34 0.10810576065217531
12 35 -0.055879053192846112
12 36 -0.0061763687548147504
12 37 -0.056609083952871446
12 38 -0.0054453180228747648
12 39 0.050035121669038105
12 40 -0.028848166086861894
12 41 0.021273448108687008
12 42 0.033989146861475715
12 43 0.0048876909090486342
12 44 -0.030586376617990574
12 45 -0.093635423456516903
12 46 -0.050626437796161258
12 47 0.044794289148985027
12 48 0.054691427156359856
12 49 -0.037063586021546691
12 50 0.052860665583950896
12 51 0.093973024671324457
12 52 -0.019219326623441217
12 53 0.013717181752911615
12 54 -0.06749976691771116
12 55 0.020905041778886777
12 56 0.0091895338292927991
12 57 0.075108498506835972
12 58 0.021319915998369167
12 59 0.0025203998958777513
12 60 -0.13158291416056841
12 61 -0.046163980159879457
12 62 -0.072194716940005496
12 63 -0.054564947681796067
12 64 0.0083212124205167392
12 65 -0.043119903201063625
12 66 -0.12397874163330841
12 67 -0.067401667787584427
12 68 -0.081187500363794463
12 69 -0.10800438412844281
12 70 0.0045381553249066583
12 71 0.0067457192035701953
12 72 -0.025288618084083302
12 73 0.06858788043148055
12 74 -0.034335002043818785
12 75 0.035249010484893206
12 76 -0.045924216010453739
12 77 -0.059286644875760422
12 78 -0.017755174741964242
12 79 -0.0017626654577747461
12 80 0.0085080665184169256
12 81 0.0075454555482107515
12 82 -0.072314007696859833
12 83 -0.1321388804980336
12 84 0.02997223214663957
12 85 0.021618018447582349
12 86 -0.13331396562584674
12 87 0.017118554711717155
12 88 -0.021353646449750623
12 89 0.044213464796156558
12 90 -0.15174667435471451
12 91 0.037573750795761286
12 92 -0.041949281648600817
12 93 -0.0025020406502977866
12 94 0.0078620257336551504
12 95 0.07172829076145365
12 96 0.097789381222129795
12 97 -0.037622140651500241
12 98 -0.015829770533139706
12 99 0.019154286980395219
12 100 -0.046673067044180346
12 101 0.022187026375633224
12 102 -0.049627632521648722
12 103 -0.014757017454055743
12 104 0.084615573091319424
12 105 -0.017521700224595909
12 106 -0.0014298944759668763
12 107 -0.058381664217863706
12 108 -0.032835697835895544
12 109 -0.060885310520548547
12 110 -0.015078768762979261
12 111 0.00012097147186498215
12 112 -0.10572022256350382
12 113 0.003440617170512375
12 114 0.047392305648627994
12 115 0.0056826407898402541
12 116 -0.043118568391765463
12 117 0.054796059488713092
12 118 -0.020108036861272532
12 119 0.038158701805353572
12 120 0.0022322430558412332
12 121 -0.016193082331463795
12 122 -0.10087465254780643
12 123 0.04188913926395893
12 124 -0.067881626697810935
12 125 0.043254627337966638
12 126 0.032379124444783761
12 127 0.040750974844776855
12 128 0.016233530530416151
12 129 -0.056954327154284175
12 130 -0.030662737225623952
12 131 0.0018746471124524466
12 132 0.02684881426849153
12 133 0.064175068512690628
12 134 -0.015186044619788525
12 135 0.039863966554922754
12 136 0.1329653477341908
12 137 -0.041442019887193697
12 138 0.039196170838017561
12 139 -0.13829728680122805
12 140 0.13134767633753999
12 141 -0.00318836865536812
12 142 -0.042026678293194224
12 143 0.00114125534571007
12 144 -0.059901382095575877
12 145 0.013382305941705025
12 146 -0.11955435084194782
12 147 0.050774318964574787
12 148 -0.044922169678867876
12 149 -0.043057426755139024
12 150 -0.077942381427898902
12 151 -0.011211379681787089
12 152 0.14020386574381177
12 153 0.065639438273397258
12 154 0.01209801673598707
12 155 -0.059910100216511518
12 156 -0.0054348593399828225
12 157 -0.026447998253080078
12 158 0.018148544980262693
12 159 -0.00056747306545723824
12 160 0.045915718145927237
12 161 -0.031799227360068273
12 162 -0.031246690317729971
12 163 0.10455911666471514
12 164 0.031173264292795246
12 165 -0.0048472725617074346
12 166 -0.015374990111765102
12 167 -0.045469375901725867
12 168 0.059478008802913984
12 169 0.10477308449017596
12 170 -0.085351134939819023
12 171 -0.040625814321271055
12 172 0.11952891215620788
12 173 0.042217576246331497
12 174 -0.18864977191747878
12 175 0.1524817574662258
12 176 0.058253144892819637
12 177 0.048347643831133436
12 178 -0.14373187970488091
12 179 0.037273953671573296
12 180 -0.06301325373239304
12 181 0.011261460674523476
12 182 -0.10060825657670107
12 183 -0.0084260492988587534
12 184 -0.023225390460087762
12 185 0.0056181932236796205
12 186 -0.00033192976850610073
12 187 -0.1365349991148985
12 188 -0.053177874688178722
12 189 -0.043952165307532098
12 190 -0.028698574688834532
12 191 -0.0686237563556054
12 192 0.02049645934732372
12 193 -0.082847060989000687
12 194 0.063730366460270069
12 195 0.060387855218453253
12 196 -0.043330653846587519
12 197 0.051666484887091128
12 198 -0.018921096665730545
12 199 -0.12357532672446443
13 14 0.036355089137865712
13 15 -0.031229722089747891
13 16 0.0055947105638634908
13 17 0.0037077729009816146
13 18 0.046661923702195685
13 19 -0.045490822340811393
13 20 -0.041229100206348915
13 21 -0.065048037749352375
13 22 0.009884664017320216
13 23 -0.038071486370908666
13 24 0.0057727449019980507
13 25 -0.063511953964738077
13 26 0.011177193190514178
13 27 0.050198334097410618
13 28 0.099921188942494243
13 29 0.19737931513266821
13 30 -0.062519212523936302
13 31 0.09714757242024423
13 32 0.10303154135364952
13 33 0.077953390497321542
13 34 -0.003063046975048507
13 35 -0.019013975673563003
13 36 -0.11601676160193398
13 37 0.073236487920770907
13 38 -0.0051029466617663367
13 39 0.034846937665513333
13 40 -0.022449615738536436
13 41 -0.0034636060072252384
13 42 -0.12923152505111235
13 43 -0.14471205355018324
13 44 0.047173920194785592
13 45 0.081137353052883332
13 46 -0.06681573362709986
13 47 -0.10576770829027782
13 48 0.10720111260522157
13 49 0.043563591285934643
13 50 0.031463694580820496
13 51 0.074062067053867711
13 52 0.035056068844280662
13 53 -0.065709078983630431
13 54 0.0031254120099007258
13 55 0.01737615210008599
13 56 -0.087942441050810047
13 57 -0.014995198404787953
13 58 -0.11110682814896813
13 59 -0.16433192102225114
13 60 0.059042149204026492
13 61 -0.012248785434348552
13 62 -0.18901693483554025
13 63 -0.092467576840763774
13 64 0.15497140111502078
13 65 0.030749070071790351
13 66 -0.058966290942517714
13 67 -0.073756048883444558
13 68 -0.0056337493758355072
13 69 0.0012581275423110107
13 70 0.012308264219798571
13 71 0.063857342935336667
13 72 -0.029478708667980257
13 73 -0.055028573046232571
13 74 0.08683954143908286
13 75 -0.033333443827381251
13 76 -0.036016674099367825
13 77 0.029760111593975402
13 78 -0.14589472956763594
13 79 0.13914168627259738
13 80 -0.025253386263825183
13 81 0.056178121052693451
13 82 -0.11087300940470562
13 83 0.089166387262291494
13 84 0.067784691983463444
13 85 -0.089448155235826318
13 86 -0.0084203632335995513
13 87 0.07834388054994236
13 88 0.054935303661630026
13 89 0.034428918491235146
13 90 -0.040583434727318922
13 91 -0.045305657651541258
13 92 0.0024928356453327318
13 93 -0.022908433396511756
13 94 -0.0013777749697344859
13 95 -0.088848650058060252
13 96 -0.081649808719960998
13 97 -0.027357699758338603
13 98 -0.032506933933248848
13 99 -0.045747761039499693
13 100 0.032197892665502707
13 101 0.13743958446383697
13 102 0.02071967855214912
13 103 -0.06878821554683387
13 104 -0.03214613789723194
13 105 -0.1015376884596231
13 106 0.035171170358438648
13 107 0.020414304683293583
13 108 -0.04663488295631571
13 109 0.041441239139875678
13 110 -0.059099245585701149
13 111 0.11500105742456194
13 112 -0.042674715320347695
13 113 -0.058033997310586373
13 114 -0.050939116118497205
13 115 0.011101085033895657
13 116 0.031375818353823921
13 117 0.034875436288974326
13 118 -0.055231410857324019
13 119 0.041081140218571621
13 120 0.0022852926502577296
13 121 0.016458694170003989
13 122 0.028352716231120345
13 123 -0.082997253071289398
13 124 0.11426406465338973
13 125 0.021583233236303196
13 126 -0.070066505318306257
13 127 0.034509635290195226
13 128 -0.017744506522277926
13 129 -0.08783397154552286
13 130 -0.042697264555420014
13 131 -0.037148018751381774
13 132 0.11800599208694737
13 133 -0.11749152589011985
13 134 -0.075103405773210924
13 135 0.10310748449346012
13 136 0.095650869096656849
13 137 -0.015778342976131909
13 138 0.074627721566925015
13 139 0.050516785843117334
13 140 -0.18998697474670001
13 141 0.065170314634020107
13 142 0.067089866813990845
13 143 -0.012119917724743469
13 144 -0.012346794045944647
13 145 0.0088899457663945552
13 146 0.13148730010013754
13 147 -0.13448264648419822
13 148 -2.5613555523186466e-05
13 149 0.0097560156145386871
13 150 0.034704634337460571
13 151 -0.030677344533663168
13 152 0.10636879156699101
13 153 0.02836381563919417
13 154 -0.11463704426797879
13 155 0.10288309948990394
13 156 0.046100291455445301
13 157 0.0035563647167773044
13 158 -0.011480350922394186
13 159 0.026414259700052494
13 160 -0.034454787725936784
13 161 -0.034454808863832252
13 162 -0.081554175708496254
13 163 -0.085450127295003828
13 164 0.062392354121589243
13 165 -0.015769610098437137
13 166 -0.040198394739710056
13 167 0.091736870522077407
13 168 -0.0025174468381940849
13 169 -0.019509656391780348
13 170 -0.083206868134328746
13 171 -0.072419499435542642
13 172 0.0067523009910397174
13 173 -0.043275200052849488
13 174 0.081521897074221999
13 175 0.073015363786162621
13 176 -0.041562779119061949
13 177 -0.063611314806951591
13 178 -0.027771740826978565
13 179 0.0042119706999612511
13 180 -0.0022650219036327132
13 181 0.047947076341536915
13 182 0.065738740998569148
13 183 -0.10553020537506622
13 184 -0.021265992841142303
13 185 -0.16087671827629277
13 186 -0.034670098598451653
13 187 0.016526824156269802
13 188 0.13364780207764751
13 189 -0.082309846896157599
13 190 -0.027070160659926134
13 191 -0.047994654012826016
13 192 -0.097871004936069969
13 193 -0.030827849320068539
13 194 -0.017928648049627734
13 195 0.05486059732757205
13 196 -0.01258934283477107
13 197 0.098914019600627373
13 198 -0.055779382579047056
13 199 -0.083854971628143468
14 15 -0.031736800009802731
14 16 -0.066781876123790607
14 17 0.026053426398554926
14 18 0.041420775488214677
14 19 0.041265870000946364
14 20 -0.0090119325533082866
14 21 -0.074051806357501096
14 22 -0.01953779217152897
14 23 -0.016046201776502796
14 24 0.061758593830899419
14 25 -0.012376923556254568
14 26 0.078554596866681217
14 27 0.0040728394716963998
14 28 -0.072909928002098362
14 29 -0.046843221392592962
14 30 0.17845459049202356
14 31 -0.042054788186664943
14 32 0.070840244313403578
14 33 0.10719679071424613
14 34 -0.047678536355711017
14 35 -0.041845318328924672
14 36 0.0034935622754743586
14 37 0.0091307312280816989
14 38 0.012331308218088036
14 39 -0.042403572344160638
14 40 0.041777830986010317
14 41 0.044948975820701578
14 42 0.082686198942512987
14 43 -0.029654560944561387
14 44 0.13307929072383651
14 45 0.039880458023262504
14 46 0.069307855730484771
14 47 0.028064028708643895
14 48 0.080774097221263566
14 49 0.019332450469960506
14 50 -0.037941515761510961
14 51 -0.059258380064209332
14 52 -0.066129694956437543
14 53 -0.12698079027933018
14 54 0.015106282534742152
14 55 -0.0054027816173656193
14 56 0.018597904055332844
14 57 -0.061615506206069509
14 58 -0.0596538020635776
14 59 0.012547985086287411
14 60 -0.091814340387318297
14 61 -0.025279446500622377
14 62 -0.043397608732827719
14 63 0.077036246887592252
14 64 -0.10674124718932054
14 65 0.038020570635950116
14 66 -0.004524616296265974
14 67 0.1177928305752691
14 68 -0.0026007604462185449
14 69 -0.022696115286339164
14 70 -0.058708909867758299
14 71 0.01817744052546846
14 72 0.10810327412642938
14 73 0.12813112841071356
14 74 -0.020604112209042472
14 75 -0.00582146402798719
14 76 -0.071293672823970478
14 77 0.073299529690861745
14 78 -0.030805688541835949
14 79 -0.027248616921795591
14 80 0.068220449535562638
14 81 0.074048259614185
14 82 0.013156583541288723
14 83 0.0093792824672772872
14 84 0.073841550225588207
14 85 0.072220868029395674
14 86 -0.16138589679926552
14 87 -0.04482809126589319
14 88 0.019538205323074351
14 89 -0.13332661105207358
14 90 0.097816713775780328
14 91 -0.12153302625866617
14 92 -0.11013279761535529
14 93 -0.0015947684995478882
14 94 -0.04518262642077691
14 95 0.093291178893206289
14 96 0.018220123011333626
14 97 -0.11298165695303983
14 98 -0.027339154594204759
14 99 -0.066129478118073085
14 100 -0.0049616627251495363
14 101 0.05144146354278567
14 102 -0.063434278364187302
14 103 -0.0031185018713429527
14 104 0.062928279463519782
14 105 -0.012853162406402803
14 106 -0.082980175789918606
14 107 0.0043514957893636937
14 108 -0.005967623655400333
14 109 -0.095275018325153782
14 110 -0.055136702733581039
14 111 0.013130430268667753
14 112 0.097982421185097146
14 113 -0.12383734131219987
14 114 0.11845941821796395
14 115 0.02743780669460048
14 116 -0.035819461246793395
14 117 -0.054308020836997761
14 118 -0.052335826796382767
14 119 0.059424729979896312
14 120 0.074337822516131302
14 121 0.017127297410509012
14 122 -0.065590296649497407
14 123 -0.015874818008754382
14 124 -0.0090420027302595338
14 125 0.053075925983638896
14 126 0.10499885914659941
14 127 0.048046103693522239
14 128 -0.046003561784462771
14 129 0.071985617861889048
14 130 0.004443891942143308
14 131 0.065110598437032929
14 132 0.033720842431001867
14 133 0.058232586396599596
14 134 0.053800048174235705
14 135 -0.086508512114443561
14 136 0.016235464713462676
14 137 -0.026076516437758865
14 138 -0.065277824691416256
14 139 0.0040120897796966683
14 140 0.098051499475923662
14 141 -0.024351528600528419
14 142 -0.039604534056159033
14 143 -0.11341875736810847
14 144 0.085234600677719582
14 145 0.010021097910315848
14 146 -0.012620493347965138
14 147 0.045834699997114717
14 148 0.04270128230176095
14 149 -0.023231310768363257
14 150 0.12160781584132911
14 151 0.0082395744075415105
14 152 0.062046350968920382
14 153 0.042214724750711606
14 154 -0.069930897399866201
14 155 0.033244072535052537
14 156 0.046604140019420467
14 157 -0.051423408235253903
14 158 -0.035804389654067979
14 159 -0.029922108690760625
14 160 0.011176428908514864
14 161 -0.061283349785268615
14 162 0.022892015016427455
14 163 0.13393412966241375
14 164 -0.02287328870880834
14 165 -0.031403141855748357
14 166 -0.09004117273989877
14 167 -0.028285270821471007
14 168 -0.23751655525953594
14 169 0.025536237355551591
14 170 0.013056236335971205
14 171 -0.14455133715008833
14 172 -0.0027461155907044827
14 173 -0.074508352893795676
14 174 0.15643425218379231
14 175 0.046086040247985981
14 176 0.070619099799639332
14 177 0.077324818541475368
14 178 -0.091179332826840112
14 179 0.081810366069856297
14 180 0.093540981861195693
14 181 -0.013712028391301673
14 182 -0.058014417789601834
14 183 -0.027865130009791024
14 184 0.070816047864382295
14 185 0.053407338071784376
14 186 0.037590465748309751
14 187 0.00094763402896315668
14 188 0.0067840507765258027
14 189 -0.0087718524979863224
14 190 0.0065160262503376675
14 191 0.059166211714436215
14 192 0.081929143829401127
14 193 -0.082763946976669986
14 194 0.03296962858532726
14 195 0.025336231940946908
14 196 0.036885918635933851
14 197 0.052727037572957318
14 198 0.086446614030025667
14 199 -0.0051088204124603619
15 16 -0.028976657883560995
15 17 -0.044559120830633347
15 18 -0.007910983872795643
15 19 -0.022813482090738413
15 20 -0.087738869387385718
15 21 0.076553372442298498
15 22 0.0018604724013460076
15 23 -0.054499307485175501
15 24 0.050800491649641774
15 25 -0.011098065372149609
15 26 -0.028376765653936497
15 27 0.11981037414951075
15 28 0.003534119781739912
15 29 -0.13564033061981434
15 30 -0.035499992721017122
15 31 0.029197530306632514
15 32 0.0038811352110033471
15 33 -0.028629304688041382
15 34 0.044090710927717651
15 35 -0.073104571413133493
15 36 -0.025950211452089145
15 37 -0.026151006949622455
15 38 0.081510565339565549
15 39 -0.034164170370982558
15 40 -0.03696289631524545
15 41 0.035363657967845498
15 42 0.019638388872352083
15 43 -0.041137262221915973
15 44 0.04143176594733769
15 45 -0.049465920048426919
15 46 0.035543820388391836
15 47 0.042310838322767476
15 48 -0.0096182009011436097
15 49 -0.0047999704236411133
15 50 0.053806257699273892
15 51 -0.047461981081507718
15 52 0.032163671193366473
15 53 0.022108523834835307
15 54 -0.039067679890394696
15 55 -0.11055243578608082
15 56 0.05652576622915273
15 57 0.090939624507687278
15 58 0.11157378163680774
15 59 0.03382255557467724
15 60 -0.058542311841049112
15 61 0.010336302904314117
15 62 -0.046685679310738547
15 63 0.064173192560829664
15 64 -0.019593159179300119
15 65 -0.074145963347123311
15 66 -0.015734208512256296
15 67 -0.080306493044922517
15 68 0.11496563947507933
15 69 -0.031972330452328029
15 70 -0.035239200897106006
15 71 0.079912409557716682
15 72 -0.042468513261127223
15 73 0.043313712101163707
15 74 0.078262606286120362
15 75 -0.098653710335944333
15 76 0.021319140056535145
15 77 -0.023962080543029653
15 78 -0.007354200848278202
15 79 0.027617377366797254
15 80 0.057729657938601936
15 81 0.082322387812156492
15 82 0.03958057253211171
15 83 -0.048243245632949988
15 84 -0.03341669905427562
15 85 0.056682135885427649
15 86 -0.052488734546185627
15 87 -0.073816996098588938
15 88 -0.053810444976652577
15 89 0.051618619254666827
15 90 0.10272014137721043
15 91 0.041014632103782402
15 92 0.098931400514396833
15 93 -0.022782441628820937
15 94 0.097037694856862297
15 95 -0.0087917738252803312
15 96 -0.045792995518673101
15 97 0.011672403142084816
15 98 0.031045338700748062
15 99 0.089554641892285361
15 100 -0.013129623587486244
15 101 0.014985312226588696
15 102 -0.054491501803790053
15 103 -0.024095515526074019
15 104 0.027543895032454288
15 105 0.029511815438346807
15 106 0.10669793311510063
15 107 -0.069604050932162875
15 108 -0.046593976288182765
15 109 0.0031437455555457777
15 110 0.096554029443152681
15 111 -0.08348113564364959
15 112 -0.076021535843303192
15 113 0.21594248704866315
15 114 0.060857346461986032
15 115 -0.057178422034678968
15 116 -0.061708257869861408
15 117 0.0062972548307300234
15 118 -0.069241808765203111
15 119 -0.034683119940107879
15 120 -0.083367147731992275
15 121 -0.067530537032171337
15 122 -0.06717620255620016
15 123 -0.041496329800439449
15 124 0.035309539131237903
15 125 0.00050301537012518809
15 126 0.17992157529210509
15 127 -0.0024864322028739267
15 128 0.043383320162499531
15 129 -0.030575538174636856
15 130 -0.030570460304938492
15 131 -0.047879900412302716
15 132 -0.013917942971748148
15 133 0.07995809416641543
15 134 0.08812421010503585
15 135 0.1567967178049178
15 136 0.0091522075548960066
15 137 -0.0008406192641480677
15 138 -0.04220129042495549
15 139 0.015358564741074917
15 140 0.011151232876093408
15 141 -0.035182432897337572
15 142 0.019423737261218117
15 143 -0.13513669628437555
15 144 0.038725730709894546
15 145 -0.059632781358808735
15 146 -0.030728937941637873
15 147 -0.005902246393796733
15 148 -0.019715156224242712
15 149 -0.082950611862859569
15 150 0.010311734530721433
15 151 0.0051952507177666649
15 152 -0.052095499371192219
15 153 0.0096494231102636618
15 154 -0.12968729304438548
15 155 -0.047529618247206737
15 156 -0.084402582450683106
15 157 -0.071935968202503905
15 158 0.037803682429887929
15 159 0.15341033461057918
15 160 -0.021402997948584072
15 161 0.0077955815244586807
15 162 -0.075388986853857143
15 163 0.043105572800459929
15 164 -0.27349976573865681
15 165 0.13072341377062455
15 166 -0.021948170099339834
15 167 0.038411766743954391
15 168 -0.032187581824227263
15 169 0.058293750528113378
15 170 -0.080385579312083802
15 171 -0.078101079686011599
15 172 -0.013035333815148297
15 173 0.095701140870470727
15 174 -0.036715098793250432
15 175 -0.078588100731775384
15 176 0.029024629950174824
15 177 0.092605381973235534
15 178 -0.12978070599647959
15 179 0.077225290622569623
15 180 -0.087583490123375088
15 181 0.023582589126272212
15 182 0.085704283035983056
15 183 -0.0050595862187807874
15 184 0.063786596613048849
15 185 -0.056579200657361453
15 186 -0.078859378325274482
15 187 -0.086713109412405037
15 188 0.013183377084591696
15 189 -0.0034388436095091754
15 190 -0.086284430794155903
15 191 -0.019125516199692737
15 192 -0.058886062512001909
15 193 -0.084726385917421737
15 194 0.14731905589497074
15 195 -0.025071751549676273
15 196 0.058918898250092493
15 197 -0.030186223108301453
15 198 -0.0069980904905044515
15 199 0.015698133039414433
16 17 0.086623815639733162
16 18 0.050776069929087356
16 19 0.07120274933600447
16 20 -0.035706541208191778
16 21 -0.017226139967134374
16 22 0.045797014853141395
16 23 -0.085032501287460927
16 24 0.05410508405838247
16 25 -0.058058455737851553
16 26 0.030865892057046068
16 27 0.0032466437119778547
16 28 -0.022590236070278366
16 29 -0.0081941077171824445
16 30 0.01508614173883285
16 31 0.0073442555866377766
16 32 -0.070063971471850992
16 33 -0.048000458359036005
16 34 -0.013797054929413544
16 35 0.07230941235977352
16 36 0.054715192125178794
16 37 0.07673610081188699
16 38 -0.070485747172301313
16 39 -0.078751390429024751
16 40 -0.026351711164485932
16 41 0.068135703117076313
16 42 -0.033759655718322248
16 43 0.066654363730125746
16 44 -0.088130941426591794
16 45 -0.00074023589005273161
16 46 0.0054829125498286327
16 47 0.078769206554283586
16 48 -0.043959513376294057
16 49 0.097105620546797389
16 50 0.038427263712167072
16 51 0.0025191484426769785
16 52 -0.0014519255846695291
16 53 0.093277858242238512
16 54 0.0030725958747507588
16 55 0.10289675949155773
16 56 0.046954385738212374
16 57 0.05161134095538876
16 58 -0.034815695493290583
16 59 0.10027538433405316
16 60 0.040165156690922375
16 61 0.057325741756167108
16 62 -0.046702606455480238
16 63 0.11953273279341689
16 64 0.04690628775134708
16 65 0.055713313518067062
16 66 -0.091354475737490712
16 67 -0.038187586633405345
16 68 -0.0050917132029960803
16 69 0.067949939668591919
16 70 0.067634215573036088
16 71 0.13534284393550661
16 72 -0.12293712947529738
16 73 -0.11105192976065678
16 74 0.0043771355020828986
16 75 -0.15150944058391505
16 76 0.025738701156966214
16 77 0.095159162133855488
16 78 0.057380280808067979
16 79 -0.0051935552459888255
16 80 0.015640574555496341
16 81 -0.13790440755548983
16 82 0.1210706449950765
16 83 -0.03485720182286569
16 84 -0.012533077997682609
16 85 0.04493690936241268
16 86 -0.15743818758894143
16 87 -0.016115207146507268
16 88 -0.022762353022726483
16 89 0.0076855057155041286
16 90 -0.0053026517966420503
16 91 0.029012609612218253
16 92 0.036235134781361089
16 93 0.0061913889328295618
16 94 0.0047249028120667043
16 95 -0.03313916826988627
16 96 -0.067139058994052439
16 97 -0.04775702391365861
16 98 -0.18264059984862249
16 99 -0.076120932617442433
16 100 0.018740889150803117
16 101 0.09733008911557918
16 102 -0.049280985735723065
16 103 -0.046953623802718204
16 104 -0.0021019154001474662
16 105 0.022449507209821591
16 106 -0.011953698985045043
16 107 0.090000706845186643
16 108 -0.0054076100418824213
16 109 -0.12269850200824363
16 110 -0.14196501997741062
16 111 0.075017961115822346
16 112 0.039433702071285957
16 113 0.040609636454675378
16 114 -0.033035023586708123
16 115 -0.058705358863397873
16 116 0.083957149671275613
16 117 -0.061336826448526255
16 118 0.14379104317494282
16 119 0.001218188451566593
16 120 -0.039734602261575998
16 121 -0.0026123641593100077
16 122 -0.097716977101577174
16 123 -0.049653712787995748
16 124 -0.10336919799181274
16 125 -0.022321086840094598
16 126 -0.081983784724979761
16 127 0.073722557328071675
16 128 0.011556185044338868
16 129 0.07880091672364406
16 130 0.038274655164858791
16 131 -0.016883578070370997
16 132 -0.016275000610924347
16 133 0.1334648365929873
16 134 0.0044143757338701217
16 135 0.023719970023091504
16 136 -0.052834585094833554
16 137 -0.0089775304653977785
16 138 -0.061129183030988701
16 139 -0.036179413200043184
16 140 -0.028048146136711725
16 141 -0.048392753624096986
16 142 -0.018776530613414825
16 143 0.052540082986970216
16 144 -0.072436745041238954
16 145 0.053387247068565485
16 146 -0.037420156236947028
16 147 -0.067470824127819976
16 148 0.07020320993381414
16 149 -0.11325134580090973
16 150 0.15154886883384439
16 151 0.072877273258255507
16 152 0.10039217851076246
16 153 -0.095879717389458441
16 154 0.014777544182117549
16 155 -0.038659005678647662
16 156 0.0059316385002654787
16 157 0.072610394737963477
16 158 0.038197254588005949
16 159 0.026886083462014099
16 160 0.092968414972217056
16 161 0.062480253205902517
16 162 0.00082580920674072051
16 163 0.05094979152715326
16 164 -0.058635939585459776
16 165 0.097390134407437018
16 166 -0.014372618783282101
16 167 -0.005591918416318507
16 168 0.052404573376311492
16 169 -0.10669160587663686
16 170 -0.059426119751492514
16 171 -0.053070344475533701
16 172 -0.032215916995051726
16 173 0.107123539663905
16 174 -0.0079568960900511885
16 175 0.058522973722859493
16 176 0.033836730074159438
16 177 -0.03050511342922058
16 178 -0.019441902647822789
16 179 0.089198428324819043
16 180 0.044202751606468103
16 181 0.019937496926329051
16 182 0.010311532331487187
16 183 -0.010061530851764765
16 184 0.028343220185997112
16 185 0.024409238266097779
16 186 0.16390343231560794
16 187 -0.058430096795425095
16 188 0.007078929739789872
16 189 0.11149970357487479
16 190 0.081460575687743592
16 191 0.012214762314227249
16 192 0.0083614880579156326
16 193 0.030679824716304809
16 194 0.12535657001720185
16 195 0.037415052704825723
16 196 0.01918661350565197
16 197 0.0238501032295232
16 198 0.064869464597499732
16 199 -0.02511980904203975
17 18 -0.16935166669272772
17 19 0.035058447032760252
17 20 0.071538780469620367
17 21 -0.024565854190439072
17 22 -0.061151840180515935
17 23 -0.091594428747670362
17 24 -0.0050016744008620695
17 25 0.047513297581866711
17 26 0.0086090451134199723
17 27 0.024262399585263321
17 28 0.090733630770335652
17 29 -0.0495092077509664
17 30 -0.032207156114935909
17 31 0.0050824129213152113
17 32 -0.089074621925049932
17 33 -0.14853038348103598
17 34 -0.066001196953284463
17 35 -0.19799980634011558
17 36 -0.039000126460897781
17 37 0.043761576269411177
17 38 -0.04635980339687279
17 39 0.071092951531583848
17 40 -0.079674905009031807
17 41 0.1069070321409782
17 42 0.018021772773007625
17 43 0.056804221173641145
17 44 -0.076512851889161002
17 45 -0.10283303358332241
17 46 -0.11357764102798351
17 47 -0.0049631054404697143
17 48 -0.039524240887845216
17 49 0.061838499058747387
17 50 0.033288376072297426
17 51 0.056841731032235825
17 52 -0.10282587159695129
17 53 -0.010665529852171916
17 54 -0.022954731933430107
17 55 0.070909810667535128
17 56 -0.027192812165287874
17 57 0.056764168387268131
17 58 -0.012843836358305404
17 59 -0.030188054404359271
17 60 0.086954963053631734
17 61 0.012351127696028615
17 62 0.012085900450852066
17 63 -0.15332980306466926
17 64 -0.08838583754890468
17 65 -0.088250414857934417
17 66 0.086494021817173625
17 67 -0.02457396957014836
17 68 0.068683855948473357
17 69 0.12263017358437088
17 70 -0.060617087187762049
17 71 -0.095708419840298195
17 72 0.1237795174419568
17 73 0.027650050933062321
17 74 -0.015310109372136334
17 75 -0.037907376723162786
17 76 0.028320711871822786
17 77 0.0039545478009970735
17 78 -0.1491772642376803
17 79 -0.13783876552020313
17 80 0.033108326195815448
17 81 -0.11160039627796589
17 82 0.045363619424114987
17 83 -0.022342262577752278
17 84 -0.061969698571924872
17 85 0.043148879861152734
17 86 0.14331174485360829
17 87 -0.033790052964941253
17 88 -0.10498227181614332
17 89 -0.027478989070858363
17 90 0.13638614369138952
17 91 -0.03682412427412908
17 92 -0.052637301786056169
17 93 -0.065423076595801211
17 94 0.17381740700099085
17 95 0.046519418065778764
17 96 -0.013711890315135573
17 97 -0.0050282533230995331
17 98 -0.0074800115067901549
17 99 0.047441583043626126
17 100 0.073767618894899301
17 101 -0.052151091151900593
17 102 -0.079985572185135703
17 103 0.013291295380600567
17 104 -0.0047901392417130963
17 105 0.15035217851437277
17 106 -0.071323030387706834
17 107 0.13915060495405915
17 108 0.03948335507919689
17 109 0.13143138706864677
17 110 0.1052912101379597
17 111 0.018837654147720942
17 112 0.018933615475256561
17 113 0.097436404694644208
17 114 0.15675900308952903
17 115 0.13551338600742063
17 116 0.018053491243946323
17 117 -0.031704136327255411
17 118 0.0096837567257681157
17 119 0.081992612114296926
17 120 0.023368638176723466
17 121 0.034413250853466637
17 122 -0.0085713541484341675
17 123 -0.074948536114157846
17 124 -0.055271728043364027
17 125 -0.024817055185486218
17 126 -0.072574430196215456
17 127 -0.10281686407287179
17 128 0.0056762484596789139
17 129 0.0042323091043146074
17 130 0.0027273542305355737
17 131 -0.040239682456971175
17 132 0.0042049118401725301
17 133 0.049244475803259122
17 134 0.021652895985084474
17 135 -0.001822054915319287
17 136 -0.073078435185614354
17 137 -0.085045369188806993
17 138 -0.0038629277523608728
17 139 0.046907268218437173
17 140 0.096077118573736756
17 141 0.13536790271082752
17 142 0.0051916918828806375
17 143 0.016271418765260472
17 144 0.039846112115347228
17 145 -0.10491962167946814
17 146 0.036896828844454416
17 147 -0.086143936448256173
17 148 -0.0059418872233601063
17 149 -0.033274583465487659
17 150 -0.1418583234068363
17 151 -0.049485327618079597
17 152 -0.011095680975806665
17 153 -0.0019044798654005897
17 154 0.035905117727615128
17 155 -0.038436430076408949
17 156 -0.049792218669665836
17 157 -0.064783287916591784
17 158 0.053390991206343899
17 159 -0.0030527443363094499
17 160 0.065661474056486965
17 161 -0.032495157029765513
17 162 0.10995285943486922
17 163 -0.037478643916078747
17 164 -0.0042898172732593418
17 165 0.11930371849371726
17 166 0.026190800995642721
17 167 0.05908082851459303
17 168 0.044859922510379763
17 169 0.010040153719033275
17 170 0.0085760318756526264
17 171 -0.044683101439813501
17 172 -0.0062547527044386209
17 173 0.095120561777223653
17 174 0.043641943246125275
17 175 -0.0051551391078654288
17 176 0.055891693002432845
17 177 -0.03450621207630282
17 178 -0.014495710405848902
17 179 0.022827284479557036
17 180 0.1157093480678195
17 181 0.013547528055280486
17 182 -0.1202913315048012
17 183 0.034748898059249522
17 184 0.033251043946971162
17 185 0.034745452464561066
17 186 -0.070832688979077629
17 187 0.050107953194435804
17 188 0.075951783468343886
17 189 -0.021342479562727244
17 190 -0.14358454767931042
17 191 -0.057184697283002385
17 192 -0.038858874784678615
17 193 0.10856983999414783
17 194 -0.010641580770131975
17 195 -0.030578767717883506
17 196 -0.13100631053355744
17 197 -0.095872159683770247
17 198 0.019114631435857111
17 199 0.076520647281781082
18 19 0.073597986729752957
18 20 0.11493913221892992
18 21 0.010553069396415399
18 22 -0.068490223356970428
18 23 0.0015517507041212695
18 24 -0.083899610681554326
18 25 0.057610352570381433
18 26 -0.12717769863097994
18 27 -0.010198670557487835
18 28 -0.023717117408168183
18 29 0.029410729876547612
18 30 -0.073500943300265284
18 31 0.0015809376745795631
18 32 -0.03576066898503303
18 33 0.0039189756425264009
18 34 -0.014917950366491668
18 35 -0.040795935976252112
18 36 0.03002956708326673
18 37 -0.055635568476396058
18 38 -0.039291572429296609
18 39 -0.064512193291280842
18 40 0.0016633002141147241
18 41 -0.029102954466718668
18 42 0.0105645052324406
18 43 -0.01910228176250283
18 44 -0.031893927753187945
18 45 0.063937418858018985
18 46 0.088844953318435088
18 47 -0.020927817958489095
18 48 0.083002470873800777
18 49 -0.035218204362005422
18 50 0.019276129203767978
18 51 0.10989252060208911
18 52 -0.081099269786445161
18 53 -0.036883978808144327
18 54 0.068640635322016516
18 55 0.11276198883091577
18 56 0.010354489215791908
18 57 -0.026983323541512023
18 58 -0.04638655076018966
18 59 -0.051259420582834857
18 60 -0.11111859325870542
18 61 -0.089813779566755
18 62 -0.001928837813561256
18 63 -0.037144770236591344
18 64 -0.061473200353733229
18 65 0.097390201286663869
18 66 -0.042506901401704732
18 67 0.037824785840384366
18 68 -0.029042947765699646
18 69 0.016013665386237556
18 70 -0.052106936157655645
18 71 -0.080260002365439911
18 72 0.052185385486273342
18 73 0.054677721084298518
18 74 -0.053366811611438116
18 75 0.031856639452504325
18 76 0.021622533098148579
18 77 -0.090871407463626971
18 78 0.054608226215883585
18 79 0.027562631676587752
18 80 0.033303498656175018
18 81 -0.044568688433936347
18 82 -0.1489505432395142
18 83 0.041606614483404851
18 84 -0.00660000255265881
18 85 0.036961577733333882
18 86 0.079224376548705497
18 87 -0.00041077558669688801
18 88 -0.071901856416556054
18 89 -0.060165753005134451
18 90 -0.097112659947681673
18 91 0.068072065366592563
18 92 -0.024561141222200374
18 93 -0.047348482580586625
18 94 -0.069080108273790242
18 95 0.10027002115488279
18 96 0.019235247873580167
18 97 -0.010522782940681451
18 98 -0.039464190380906455
18 99 0.097125054733732563
18 100 0.18028544259250212
18 101 0.0050310269084481128
18 102 -0.053034388104377973
18 103 0.11767650542761823
18 104 0.0014015866754132189
18 105 0.12183549072088475
18 106 -0.044241433149150536
18 107 0.11205617628066596
18 108 0.035209261461855303
18 109 -0.060974043328780307
18 110 0.0011673532751630175
18 111 -0.048508659464757214
18 112 -0.10600703720859177
18 113 0.057814420398942148
18 114 0.10284382568519518
18 115 -0.025451884081962209
18 116 0.12266953688032975
18 117 0.0392972291122997
18 118 0.00016191673880857824
18 119 0.0055267551540859423
18 120 0.090013743944867594
18 121 0.0026513600593111144
18 122 -0.083997186970024659
18 123 -0.0094888655902554339
18 124 -0.03862862791431225
18 125 0.016753733700575098
18 126 -0.04760576463113473
18 127 0.092316232984350696
18 128 0.072175994366060522
18 129 -0.10705337704704568
18 130 0.083916853020276932
18 131 -0.11689452294462264
18 132 -0.06522949015990552
18 133 0.012565194770294833
18 134 0.15315457325567511
18 135 0.021212339731764233
18 136 -0.052664619499751396
18 137 -0.1571407228528155
18 138 0.0092981901197754895
18 139 -0.0018705139209175608
18 140 0.056099181458697987
18 141 0.037932632402504059
18 142 0.016473350732078704
18 143 0.060160272075678908
18 144 -0.043721023915655209
18 145 0.10223585027770404
18 146 0.019687639437447349
18 147 0.025895158871102514
18 148 0.053158714062233665
18 149 0.014054412880144553
18 150 0.10432269141271824
18 151 0.060017745458758216
18 152 0.10245747800015405
18 153 0.024295137048044632
18 154 -0.019591760149885139
18 155 -0.022513496251897656
18 156 -0.018223465197380606
18 157 0.091212388561039109
18 158 0.013065824432637848
18 159 0.020057440809140938
18 160 0.046092237033574554
18 161 0.015567838999986809
18 162 -0.014776430545035971
18 163 0.023833647812430483
18 164 -0.030770814856344988
18 165 -0.04295865261718014
18 166 -0.14671481748811646
18 167 0.060351861911936928
18 168 -0.0027881862806183192
18 169 0.23339214730356331
18 170 0.016002755477266931
18 171 -0.08531256436594678
18 172 0.05590255823735972
18 173 0.060744135889105051
18 174 -0.023763727434668862
18 175 0.095484614520831748
18 176 -0.027576562235622288
18 177 -0.029096396675923331
18 178 -0.015118955472414593
18 179 0.03905137916692359
18 180 0.078093891655789491
18 181 0.12717842174510594
18 182 -0.069359502105249771
18 183 -0.037457782486789569
18 184 0.028696371330518645
18 185 -0.055340162182857935
18 186 0.084263321877102448
18 187 0.00089474190764520965
18 188 0.11719640366497582
18 189 0.06534606580806504
18 190 -0.15769912738662512
18 191 -0.040193127105283735
18 192 0.04169749251883717
18 193 0.013059966072380944
18 194 -0.0064223233116835433
18 195 -0.076779601106799045
18 196 -0.043305884936533028
18 197 -0.098592873576047471
18 198 0.048146291590097708
18 199 -0.092277310108531033
19 20 0.041855226308153345
19 21 0.018028592752623092
19 22 -0.015342905306325184
19 23 0.041355250591005144
19 24 -0.0023598282246164023
19 25 0.12219337622315758
19 26 -0.079515680332838984
19 27 -0.069844188749382127
19 28 -0.030329968965322859
19 29 0.020444014300702338
19 30 -0.093649635885836705
19 31 -0.0871443838156883
19 32 0.097462892605000392
19 33 -0.0016839487633285399
19 34 0.041465278207614989
19 35 0.069961379939536703
19 36 0.045304829166870682
19 37 -0.093246298452030488
19 38 0.05648927738252401
19 39 -0.16567826277096487
19 40 -0.051181936800037624
19 41 -0.07579902463466158
19 42 0.088249712387019716
19 43 -0.048432502081565798
19 44 -0.11854943758563159
19 45 -0.048428766839579564
19 46 0.02704006924895324
19 47 0.04312046934858732
19 48 -0.075126640470944861
19 49 0.007540854200954389
19 50 0.15358391947870018
19 51 0.019100107093818576
19 52 0.01566602112442186
19 53 -0.037164468663354822
19 54 0.048960394988513484
19 55 0.0053242452582296278
19 56 -0.048094317700257107
19 57 0.058551369435006197
19 58 -0.057081297666175076
19 59 0.0094723538517136399
19 60 -0.084628442491156003
19 61 0.033795309812964636
19 62 0.02074596533565715
19 63 -0.016485522218904265
19 64 -0.086260112636742978
19 65 0.040440182747208273
19 66 0.062660395915896464
19 67 -0.087434766111733814
19 68 -0.037476877247711288
19 69 0.082424141349271243
19 70 0.021799474275479104
19 71 -0.075909603630733194
19 72 -0.043096762797129269
19 73 -0.14628786134788191
19 74 -0.079581579101103472
19 75 0.038641140310411923
19 76 -0.10475848967281334
19 77 -0.099751028449493989
19 78 0.13561302659484151
19 79 -0.10704050908718064
19 80 0.12230010518376042
19 81 -0.054145048796529274
19 82 0.16095478011045261
19 83 0.037940941486408954
19 84 -0.027213773615734585
19 85 -0.072845067923620291
19 86 0.0034773582502159897
19 87 0.074677108287413058
19 88 0.021452732301152945
19 89 0.046073439068102691
19 90 -0.025738430310383954
19 91 0.0085589687537074698
19 92 0.0065955220819829286
19 93 0.072141617289299673
19 94 -0.050736102861783143
19 95 0.069223206681872665
19 96 -0.037281371509214324
19 97 0.024889665047423529
19 98 0.078317436429806389
19 99 0.0061663050963284213
19 100 0.1255083663953262
19 101 0.034739918984382251
19 102 0.060046942963360779
19 103 0.085055366592798526
19 104 0.10159304394114628
19 105 0.023716414943975583
19 106 -0.0055556024700204971
19 107 -0.021586780318624689
19 108 0.030954242846804491
19 109 -0.039448886346124097
19 110 0.030999823681144428
19 111 -0.00060104767531720651
19 112 0.16780522114560584
19 113 -0.0002197143277965468
19 114 0.12377230975889407
19 115 0.070652488319600262
19 116 0.10597677461904328
19 117 -0.12319592276778089
19 118 0.017505967823363895
19 119 0.024581761997309243
19 120 -0.035576431300806448
19 121 -0.17958373864924945
19 122 -0.034166555652425101
19 123 0.053821587411693468
19 124 -0.0049199307056013632
19 125 -0.094825867048773896
19 126 0.031222271693533525
19 127 0.11717616909091808
19 128 -0.0079957443223061843
19 129 0.058819402510015453
19 130 -0.061084070954873872
19 131 -0.046965932919137421
19 132 -0.051930919158833078
19 133 -0.09910681125195174
19 134 0.087372828288366441
19 135 -0.00056082449854864434
19 136 -0.19159211372076784
19 137 0.018514698588268669
19 138 -0.050342119309062551
19 139 -0.039475462312134509
19 140 -0.014458068564954319
19 141 0.038906920051579127
19 142 0.032089216220332235
19 143 -0.029615474323126636
19 144 0.14548861369321006
19 145 0.039537182667155925
19 146 -0.054002258394016379
19 147 0.033591581135921471
19 148 0.016160814616386673
19 149 -0.003949202317178142
19 150 0.024327635197187291
19 151 -0.017512794476471871
19 152 0.0088605916336134127
19 153 0.1470330110879533
19 154 0.12576299715234793
19 155 -0.08570571387373338
19 156 -0.0042699011379237302
19 157 -0.028075554749362436
19 158 -0.16371890640813033
19 159 -0.029331098954737202
19 160 0.020798721844495865
19 161 0.0033554590993178988
19 162 0.10513524351832634
19 163 0.051622562029919966
19 164 -0.11799412507032495
19 165 -0.039013544468478385
19 166 -0.079407870091024471
19 167 -0.14720743217793664
19 168 -0.064417594890041147
19 169 0.12746090060348358
19 170 -0.013175396523560409
19 171 0.0075553031367901549
19 172 0.14337129878533858
19 173 0.028574386129574612
19 174 0.0086367882945724856
19 175 0.080763747745341091
19 176 0.045563646016420559
19 177 0.15789561853324538
19 178 0.10026370506978756
19 179 -0.040485211574045075
19 180 -0.070066282094861085
19 181 0.0054856217712664582
19 182 -0.087248403806899535
19 183 0.052019766339224116
19 184 -0.12947345162489615
19 185 -0.040004397289232392
19 186 0.11748064325464766
19 187 -0.02220432703670832
19 188 -0.044210486384790221
19 189 0.037303207928509656
19 190 0.013479659732126307
19 191 -0.033989320254722885
19 192 -0.16314120816382419
19 193 -0.026316709287286508
19 194 -0.10452868787861376
19 195 -0.14210940932226912
19 196 -0.03580110523524796
19 197 -0.038064666357358959
19 198 -0.10252348520096465
19 199 -0.054395744289675488
20 21 0.019049593361176162
20 22 -0.028304634032704855
20 23 -0.09380417971360358
20 24 -0.04725764651728908
20 25 0.10040399317056221
20 26 -0.066470930954291713
20 27 -0.027264346285226854
20 28 -0.048405337029114301
20 29 -0.074736961771371124
20 30 0.014513763092173983
20 31 -0.087156864029235517
20 32 0.029862871041698595
20 33 0.058592907762286019
20 34 0.066648784413052026
20 35 -0.046958068482920896
20 36 -0.0084744829727127352
20 37 -0.097710244179601294
20 38 0.044635868189782366
20 39 0.10354895767958372
20 40 0.003554005156373614
20 41 -0.026979887096279249
20 42 -0.093974853856925875
20 43 0.014489655720205497
20 44 -0.041394833757405422
20 45 0.033935393435795227
20 46 0.072162224644021819
20 47 0.07049847457208018
20 48 0.00019033030434554302
20 49 -0.033970144312957563
20 50 0.052768228731714113
20 51 0.099053392727256426
20 52 -0.054172631700103425
20 53 0.0021581146156681437
20 54 0.049629460627343754
20 55 0.10706960527247177
20 56 -0.035708992761245964
20 57 0.013551243468257644
20 58 0.019551853541040699
20 59 -0.007115469357371714
20 60 -0.021739052933566278
20 61 -0.11534626661134725
20 62 0.026819047787462191
20 63 0.046750113575994463
20 64 -0.09804114868375427
20 65 -0.039385847096210541
20 66 0.0072992689451531695
20 67 -0.060471766323110222
20 68 0.001279408454407402
20 69 -0.027386746777915673
20 70 0.039026471690812789
20 71 0.027753522027317706
20 72 0.053888530850746456
20 73 -0.11580783639030708
20 74 -0.077187467129898754
20 75 0.046702566501352509
20 76 -0.007364756881375523
20 77 0.042233301581235526
20 78 0.093304860878419604
20 79 0.084192357162329381
20 80 0.09384165685630913
20 81 -0.071757665970249088
20 82 0.02209242614748606
20 83 0.133913860899432
20 84 0.049105026227266577
20 85 -0.076083427473930598
20 86 0.036773840585206448
20 87 -0.083852671779192117
20 88 -0.076215768701923578
20 89 0.052340793020058229
20 90 0.12256310813866145
20 91 -0.033184074595457205
20 92 -0.0016962355905998457
20 93 0.049219812173824408
20 94 -0.00028531789534317064
20 95 0.03472473747002508
20 96 -0.031530071071809412
20 97 0.0015968038831091771
20 98 0.058140133714781973
20 99 0.033909102253975407
20 100 -0.042239555029548237
20 101 -0.04093488762665648
20 102 -0.041552332258208043
20 103 0.022914266997203964
20 104 -0.0061493752585401228
20 105 0.07552742805796045
20 106 -0.062819333624436965
20 107 -0.089416431254294479
20 108 -0.089380646205187431
20 109 0.021430900927864198
20 110 -0.01668376928749114
20 111 -0.0069935427636454318
20 112 0.057279200317765622
20 113 -0.011428519513207135
20 114 0.060584809446339517
20 115 0.039274902638630371
20 116 0.030152887538155804
20 117 0.035199775187301281
20 118 0.044235352896950041
20 119 0.046788243942540247
20 120 0.071647129160256617
20 121 0.005721981088146289
20 122 0.011410521451983019
20 123 0.04544170849274818
20 124 0.12330824962636418
20 125 -0.14266003420038895
20 126 0.045270093652248787
20 127 0.1165538331353399
20 128 -0.091819222509673004
20 129 -0.067099745229868515
20 130 0.060454580985251957
20 131 0.0039049907019055932
20 132 0.03475044749256017
20 133 -0.043976483112231936
20 134 0.039444305170429558
20 135 0.0051493218224140892
20 136 -0.019094765814579098
20 137 0.013713404057433976
20 138 -0.01679385783931945
20 139 0.041498754622169294
20 140 0.084922257837859727
20 141 -0.0096108484965705537
20 142 0.0789822413364131
20 143 0.027717845284361421
20 144 0.045107169145059849
20 145 0.025419578617206035
20 146 0.00047027983513642197
20 147 0.0072959194149647454
20 148 0.0066818964375214328
20 149 0.10180047708833209
20 150 -0.087526645195816224
20 151 -0.035081539290917972
20 152 0.029269759782642801
20 153 0.018086432134300088
20 154 0.036471971200929015
20 155 0.050387138415988006
20 156 -0.070504845363430838
20 157 -0.0013176783849735754
20 158 0.0050050215225861524
20 159 -0.059463840696825608
20 160 -0.041845977414809707
20 161 -0.11675676254754901
20 162 -0.07566095599201382
20 163 0.022319365757523437
20 164 -0.011761494614741205
20 165 0.0036402940286026438
20 166 0.040917005911298335
20 167 0.043599696253269198
20 168 0.046249466630640869
20 169 -0.083293335283796024
20 170 0.050941768707211815
20 171 0.01851219383428911
20 172 0.018841755955626632
20 173 -0.038250856162772733
20 174 0.027871980250199449
20 175 -0.048462576002093298
20 176 0.040342546053279742
20 177 -0.10277643109645936
20 178 0.10873840362432871
20 179 -0.042372166345475845
20 180 -0.072900510473771357
20 181 0.074110149968397529
20 182 -0.0010623859062379906
20 183 -0.020676790630334337
20 184 -0.063107805844922094
20 185 -0.072640352729019211
20 186 0.11538372366917632
20 187 -0.037610650236066932
20 188 0.060555996054631848
20 189 -0.057620757119839654
20 190 0.01275325866931913
20 191 0.072449843404747083
20 192 0.025551163141639511
20 193 0.088817693644148626
20 194 -0.027693386118796348
20 195 -0.019579839158526048
20 196 0.010961353039348854
20 197 -0.074890056318927201
20 198 0.10292449398705374
20 199 0.069258905651966143
21 22 0.0064633687155766983
21 23 0.018380696990664743
21 24 0.055074848671651293
21 25 -0.054006914066462776
21 26 0.017861173754323452
21 27 0.00035960481122570198
21 28 0.015015824870623069
21 29 -0.048547626343543045
21 30 0.085975010716997771
21 31 -0.083769857564308714
21 32 0.053353749119410682
21 33 0.091769599959003231
21 34 -0.044183079931296346
21 35 0.043198500197129362
21 36 -0.021997800271315926
21 37 -0.037379951332938172
21 38 -0.045755350042804156
21 39 0.038116985765809241
21 40 0.021872958009964676
21 41 -0.17095146827771535
21 42 0.029587780283978144
21 43 -0.14149988636788907
21 44 0.034101303749189661
21 45 0.027386956317388508
21 46 0.012320372396523298
21 47 0.082316868283987807
21 48 -0.0059529210651409602
21 49 0.025814565185464631
21 50 -0.10924685205946988
21 51 0.089623916221241898
21 52 0.036665887002853184
21 53 -0.078603589950496114
21 54 0.05742394883045026
21 55 -0.051193013200998304
21 56 -0.085130647810833307
21 57 0.052024337775209109
21 58 0.035686280618865529
21 59 -0.17599644085859328
21 60 0.085687968312785787
21 61 -0.002276858335520261
21 62 0.030466515532489885
21 63 0.060949339341228051
21 64 0.0029444134975651357
21 65 -0.011111121660744815
21 66 0.051288939063003518
21 67 -0.003505255773013795
21 68 0.10686769622049289
21 69 -0.045174663700257266
21 70 0.050895788896212685
21 71 -0.054926644451982677
21 72 -0.030447893910527105
21 73 -0.074211564368015875
21 74 -0.08982471596364458
21 75 -0.10426084331023024
21 76 0.10573419486972992
21 77 0.038758572717837468
21 78 -0.067680666946495757
21 79 -0.04174232308646085
21 80 -0.045329139860710216
21 81 -0.089914562168915746
21 82 -0.042593471873284869
21 83 0.11397767043806278
21 84 -0.075533068534247544
21 85 0.20852650268164902
21 86 0.029549967159675377
21 87 0.042218561324491609
21 88 -0.089932762963424728
21 89 0.014599644716039849
21 90 0.042776715013728352
21 91 0.052302891909925736
21 92 0.0082125797319923428
21 93 -0.09985665862479795
21 94 -0.052638438518321076
21 95 0.016869781390804233
21 96 -0.092736260276616217
21 97 -0.036893872222696127
21 98 0.0067067718516404294
21 99 0.077241618471017987
21 100 0.041852108202464988
21 101 0.0603299193549518
21 102 0.038874784241837282
21 103 0.00012329671801352223
21 104 0.030193353401791332
21 105 0.012909904156104896
21 106 0.026974614101940606
21 107 -0.031102515460388027
21 108 0.028761675136439405
21 109 -0.034194524094562195
21 110 -0.07291300838409516
21 111 -0.025980981188907994
21 112 0.024333154443613145
21 113 -0.031731769008575689
21 114 -0.076914353381347583
21 115 -0.033146798623205381
21 116 0.00075953130407038912
21 117 0.054769169063481823
21 118 -0.004711721643096899
21 119 0.053651021859335409
21 120 -0.04732701356649726
21 121 0.14782877336076297
21 122 -0.0011958001785124823
21 123 0.03457647703466226
21 124 0.069633220222111908
21 125 -0.010406196978950202
21 126 -0.0051933631330496012
21 127 -0.045156430107079072
21 128 0.023163458470706239
21 129 0.0096275815455991454
21 130 0.00083545807480560016
21 131 0.14837447733115428
21 132 -0.089066598255953047
21 133 0.056972070737472395
21 134 0.069364402411590254
21 135 -0.060171938487087927
21 136 -0.0281292573185698
21 137 0.025529511410599524
21 138 0.025768358727412767
21 139 0.05410119552022033
21 140 -0.072681676310256502
21 141 0.072491324788292358
21 142 -0.042921413767108528
21 143 -0.021326909925863658
21 144 -0.018836297695703275
21 145 -0.037487802554578703
21 146 0.032175083650391879
21 147 -0.14988630739840697
21 148 -0.055310355008331313
21 149 -0.03645758898661193
21 150 -0.1143343262429744
21 151 -0.011495402042462907
21 152 -0.021369833339285067
21 153 -0.07133133551514724
21 154 -0.050998834839338363
21 155 -0.055274881308658097
21 156 -0.069127946860553555
21 157 -0.013035689440433764
21 158 -0.097295817885755156
21 159 0.078587721117546194
21 160 -0.070161606461258144
21 161 -0.015807976352103875
21 162 0.010673770639854004
21 163 0.032155908926680847
21 164 -0.057322583089384503
21 165 0.0864882919080074
21 166 0.02458056889689696
21 167 0.081483992468420127
21 168 -0.026828389844043617
21 169 -0.0028721783501593759
21 170 -0.059891247277859896
21 171 0.095921116623440619
21 172 -0.091332100352795098
21 173 0.087962288887035431
21 174 -0.01473118337682092
21 175 0.012275901916657238
21 176 -0.019030555981947316
21 177 -0.010995081014331243
21 178 -0.01135374670939907
21 179 0.060462679236679466
21 180 -0.045825519473510552
21 181 -0.01769432492053925
21 182 0.066133577638499655
21 183 -0.10917606070309693
21 184 -0.0040064569643665435
21 185 0.0013510974762658225
21 186 -0.19143538332307505
21 187 0.0082331687204307991
21 188 0.077456282863355042
21 189 0.078444890394390385
21 190 -0.029538501721089249
21 191 0.00084302068677876395
21 192 0.015704679076234209
21 193 0.14237721452096377
21 194 0.09092200082730667
21 195 -0.099241083354949369
21 196 0.1097749640418843
21 197 0.054344647325046215
21 198 0.081882504508785217
21 199 -0.010843396674280952
22 23 -0.033125927515580793
22 24 0.042617641216401977
22 25 0.0065851180115412593
22 26 0.009154224508775316
22 27 0.058337622161263619
22 28 -0.014945727633174652
22 29 0.03536260975520919
22 30 -0.10970387163669083
22 31 -0.045479085127495364
22 32 0.072271442514739853
22 33 -0.019056267777132988
22 34 -0.01426348710437636
22 35 -0.018951926708543575
22 36 -0.069157890170318648
22 37 -0.06617194058164369
22 38 0.021678416474288569
22 39 0.097378570594355771
22 40 0.13804283927794891
22 41 -0.037817604487651861
22 42 -0.116769313136008
22 43 0.017631495983110281
22 44 -0.059339856530838099
22 45 -0.010448602821313517
22 46 0.0037431861591593523
22 47 0.076160408127597709
22 48 -0.052676635922589518
22 49 0.012234739891061617
22 50 0.047849252605021597
22 51 -0.098947881651706551
22 52 0.0048312805447846725
22 53 -0.037595998224329623
22 54 -0.058808172834431023
22 55 0.011513197053561585
22 56 0.0084554642498029017
22 57 0.043772928586468182
22 58 -0.028319257149091087
22 59 0.086312835826348494
22 60 -0.0001556777314773809
22 61 0.040050835456721716
22 62 0.09273770593422892
22 63 -0.079508183657611725
22 64 -0.1138297603753583
22 65 -0.027388576861522993
22 66 0.0033416964356932951
22 67 -0.063085279260736885
22 68 0.0064392119579907425
22 69 -0.068864252530526207
22 70 -0.0053635478610277046
22 71 -0.084031575448407531
22 72 0.0024408791041226406
22 73 -0.054256772644721521
22 74 -0.033037749834515316
22 75 -0.013901106409015479
22 76 -0.020456281435000084
22 77 0.086064979633431696
22 78 0.018674546754021023
22 79 0.07342405318884436
22 80 -0.026277233424432021
22 81 0.011320220906170219
22 82 0.0049905803796202611
22 83 0.065843533035880933
22 84 0.12702470007147437
22 85 -0.051560790828466957
22 86 0.060927157060381466
22 87 0.11832682554430636
22 88 -0.086812342216653959
22 89 -0.017495801300663007
22 90 -0.044994876577639231
22 91 -0.024090586355435654
22 92 0.05406740174665587
22 93 0.054613629409632623
22 94 0.177042896421781
22 95 0.093037574151980412
22 96 -0.0059045634689666362
22 97 0.063975515856149509
22 98 -0.02444025257303814
22 99 0.029413429038494594
22 100 -0.018330305191952424
22 101 -0.08162259118812526
22 102 -0.14470199014965393
22 103 0.015152172136104649
22 104 0.07152871753569652
22 105 0.075507129708746332
22 106 0.11543250932810513
22 107 -0.0024948912880781221
22 108 -0.084787357184622325
22 109 0.0095693447552024202
22 110 0.021004825114210125
22 111 -0.094203419606265354
22 112 -0.032372626380108231
22 113 -0.021783038923516861
22 114 -0.07935902339502425
22 115 0.01688759036233916
22 116 0.030688611683549825
22 117 0.16790362223449443
22 118 0.1038444252421057
22 119 0.046739223769122151
22 120 -0.0071437259135851416
22 121 -0.072104668938825403
22 122 0.028939357587886724
22 123 -0.020181165293231194
22 124 0.058915387152900775
22 125 0.034165169034922817
22 126 -0.05780078368406779
22 127 -0.047940539554248027
22 128 0.035249162716544241
22 129 -0.08041964759742197
22 130 0.017705824082240966
22 131 -0.085761974953651829
22 132 -0.075022988436143856
22 133 0.053902437637309779
22 134 -0.13700566513156104
22 135 -0.011047920801203254
22 136 0.1762912066806383
22 137 0.027868178990074065
22 138 0.027864311039766908
22 139 0.074413352993380311
22 140 0.016149652681656395
22 141 -0.012930337943237582
22 142 0.017314420942751371
22 143 0.02679593552115702
22 144 -0.25706861891969301
22 145 -0.044379186447609596
22 146 -0.11749619700798052
22 147 0.053759214447353321
22 148 0.02365162250866085
22 149 -0.061564132329419728
22 150 0.096699966101620474
22 151 0.10546211137473277
22 152 0.14990985320789757
22 153 0.094133985402877596
22 154 -0.037906025699478756
22 155 -0.0089340237517535268
22 156 0.09934564561228891
22 157 0.040081443773215535
22 158 -0.075544405620298197
22 159 -0.089331454752645367
22 160 0.10404160179388008
22 161 0.027606428480270621
22 162 -0.030825894855231375
22 163 -0.061526826840077924
22 164 0.010231816862361638
22 165 -0.065459378330271767
22 166 0.099815108525345614
22 167 -0.079694441622565226
22 168 0.054327474385888495
22 169 -0.072384539589043548
22 170 0.011160397025897897
22 171 0.016472340343650766
22 172 0.0057538080628875806
22 173 0.06286631329369155
22 174 0.15156378240815002
22 175 0.0043274785791165855
22 176 0.0026943381836268695
22 177 -0.067120725764539577
22 178 -0.087696109259239416
22 179 -0.0738030160860247
22 180 -0.010637880300275616
22 181 0.0010446700142908054
22 182 -0.090276387440972952
22 183 -0.022168404535465907
22 184 -0.060638565645180546
22 185 0.029863399271208475
22 186 0.052010298893648416
22 187 0.070319267928504792
22 188 -0.0075904152968811461
22 189 -0.11200573573266903
22 190 0.071132186470180409
22 191 -0.075972480000171871
22 192 0.0065224827292781687
22 193 -0.12165784572016829
22 194 0.057426221183101374
22 195 -0.030811054003457509
22 196 -0.016374713665450413
22 197 0.023398032734794062
22 198 0.011996158343124791
22 199 0.030085948469521853
23 24 -0.013203747735657393
23 25 0.047365930953432833
23 26 0.099109746130038867
23 27 0.10229844769049892
23 28 -0.10891918667355513
23 29 -0.035522917214342552
23 30 -0.042913285742553757
23 31 0.058017060245183029
23 32 -0.079995588871866211
23 33 -0.043152725473582162
23 34 -0.023853412674567896
23 35 0.069206537449673644
23 36 0.0026485231582173696
23 37 0.064107953718922875
23 38 -0.035092430056764816
23 39 -0.034772801575421675
23 40 0.023876431128691627
23 41 -0.023480222673486432
23 42 -0.011106368405613314
23 43 -0.048847948669838985
23 44 -0.014889505663193154
23 45 -0.028891392162806669
23 46 -0.10009955770627241
23 47 0.098138305762435693
23 48 -0.087596319132750566
23 49 0.1186482691219654
23 50 0.026306663402420289
23 51 0.0014549117389494001
23 52 -0.08787624759098854
23 53 -0.039703056586775781
23 54 -0.025813967951063693
23 55 -0.076176137201549435
23 56 0.030968500762815515
23 57 0.075882899631875736
23 58 0.022120909516832463
23 59 0.01335110975254656
23 60 0.12229841160047743
23 61 0.025908188422711916
23 62 0.018069473741103497
23 63 0.1153293638125594
23 64 -0.051546382828542937
23 65 -0.030031619202405851
23 66 -0.068392195361529892
23 67 -0.052618691916278965
23 68 -0.069760471100791005
23 69 0.031696689518142515
23 70 -0.019170522050719122
23 71 0.10604139787397363
23 72 -0.0011347218541052672
23 73 0.11381163434190514
23 74 -0.0053354728406806232
23 75 0.13920547719689738
23 76 -0.015030090904669313
23 77 0.010564313682113302
23 78 -0.011327575662127276
23 79 -0.069098226013022512
23 80 0.0433845202742036
23 81 0.0475195711645027
23 82 0.027505664756437013
23 83 -0.022428883264555975
23 84 -0.046354836334252247
23 85 0.015904157223388199
23 86 0.040407397552857043
23 87 -0.080285446362624593
23 88 0.065892043613785187
23 89 -0.096973081935875435
23 90 0.018301128754190658
23 91 -0.02487860542255697
23 92 -0.035196090241268504
23 93 -0.0085767772782409744
23 94 -0.039072894062222516
23 95 -0.096782167602204872
23 96 -0.073478876941402815
23 97 -0.002998890544835989
23 98 0.057705463608931119
23 99 -0.091676894884921617
23 100 0.13588554855842661
23 101 0.10336567645711736
23 102 -0.047102477943782237
23 103 -7.722897539956449e-05
23 104 -0.14518437026951178
23 105 0.051212555849726435
23 106 -0.015807892189434403
23 107 -0.0179226946441025
23 108 -0.045233674216986597
23 109 -0.073387332985931281
23 110 -0.10414637540571481
23 111 -0.16633073802896994
23 112 0.081119630892556957
23 113 0.0033161572922307671
23 114 0.015521065872122188
23 115 -0.037668843369080565
23 116 -0.084043758048664888
23 117 -0.075001260116446547
23 118 -0.0047880311548138665
23 119 -0.024391647295141337
23 120 0.048972140074414881
23 121 0.095262343832522592
23 122 0.020927635200967239
23 123 -0.073541038128798072
23 124 -0.1077539329456273
23 125 -0.0074636931225602809
23 126 -0.018466440851217097
23 127 0.079768919362535162
23 128 -0.065812688536107763
23 129 -0.17752673586807227
23 130 0.049646105303074714
23 131 0.057093165016667828
23 132 0.051757189167004558
23 133 -0.21507983803168318
23 134 0.022659904032952115
23 135 -0.00016299288606271906
23 136 0.025777524709534785
23 137 -0.11143585210906148
23 138 0.05245674337761299
23 139 -0.024021904146269417
23 140 -0.1045613484405867
23 141 -0.053804921396001203
23 142 -0.047868800732444317
23 143 0.0071706794321717091
23 144 0.0048712393607384099
23 145 0.0035705038109539013
23 146 0.092147623474318582
23 147 0.073066605107244512
23 148 0.054469763050332666
23 149 -0.07471722661621337
23 150 -0.029944684878952566
23 151 0.043207687295593933
23 152 0.012449096850003083
23 153 -0.076450889605181482
23 154 -0.051062830052096338
23 155 0.074434891801165026
23 156 0.026591382597190155
23 157 -0.022938275242638723
23 158 0.15032975378927263
23 159 0.0042217328016550208
23 160 -0.04742725459904102
23 161 -0.15070121044287876
23 162 -0.21937837361879667
23 163 0.046311509576563055
23 164 0.1226721995112927
23 165 -0.0052399029495292168
23 166 0.0093824587931743871
23 167 -0.067812316417974527
23 168 0.0081392604609605776
23 169 0.039853397953692027
23 170 -0.051969995327202971
23 171 0.052464236095690391
23 172 -0.0091215648781641442
23 173 -0.049131633913216559
23 174 -0.075489970708670306
23 175 -0.04063896529544693
23 176 -0.0090577013171721753
23 177 -0.10714208844461756
23 178 -0.022289215898971843
23 179 -0.097917202400741962
23 180 -0.0014821785474042092
23 181 0.05543230626568442
23 182 -0.13284045181204773
23 183 -0.066513307153171233
23 184 0.07688405901978973
23 185 -0.070741622875069979
23 186 0.18812560022765198
23 187 0.031279928081402127
23 188 0.054126288517215529
23 189 -0.10008160952345423
23 190 0.17166192015253237
23 191 -0.01965574331061903
23 192 -0.072311014024057138
23 193 0.0055393115600292746
23 194 -0.018736843069131634
23 195 0.03160365796621787
23 196 0.12626037829804537
23 197 0.069656635029925223
23 198 0.025991259738506155
23 199 0.093690660691620783
24 25 -0.010962592545681773
24 26 -0.13105775982233658
24 27 0.0025114302524553282
24 28 -0.0055129942119592733
24 29 0.10174483473925476
24 30 0.025535908849350999
24 31 -0.034159989868531089
24 32 0.06561676246623438
24 33 -0.03865298050394312
24 34 -0.0085950582966747065
24 35 -0.0497806273535061
24 36 -0.015911566409392008
24 37 0.036836693300083156
24 38 -0.064386033009048271
24 39 -0.072548260674176426
24 40 -0.086669558541059691
24 41 0.089377415428670726
24 42 -0.061953662537485771
24 43 -0.034584094864674869
24 44 -0.023375210922962353
24 45 0.1176812297784281
24 46 0.048365128070978668
24 47 0.017423998349691893
24 48 0.076347663684165609
24 49 0.074462364899526554
24 50 -0.10522142741333354
24 51 -0.026988311947479995
24 52 -0.094203781366913555
24 53 -0.05447084387457115
24 54 -0.023823273405192431
24 55 0.083506168135781433
24 56 0.048805001403845416
24 57 -0.0030124868139081683
24 58 0.078040906373578564
24 59 0.013617787115563955
24 60 0.12319865305688459
24 61 0.0081130843287105531
24 62 -0.037037129302081841
24 63 0.05850604214898842
24 64 -0.025912979161049007
24 65 0.044643657445900792
24 66 0.069734949516483027
24 67 0.061264661849235125
24 68 0.062941761555520975
24 69 0.092808604632107466
24 70 -0.049253126645827039
24 71 -0.065443592566095249
24 72 0.19391017242469955
24 73 -0.077032004607154564
24 74 0.11468010208955665
24 75 0.076031222264694012
24 76 0.084573915648406883
24 77 0.079500854390987474
24 78 -0.072957048926987456
24 79 -0.066449003256461497
24 80 0.055723101218964406
24 81 0.13562155701469408
24 82 0.062133788724211728
24 83 0.035072343025909697
24 84 0.10474581513165604
24 85 -0.0458589468087496
24 86 0.25787375474213781
24 87 -0.093409137991582389
24 88 0.026363443358381655
24 89 0.09742043419663679
24 90 -0.037950797592109911
24 91 0.041295588904675253
24 92 0.053398304386280897
24 93 0.023628869413782626
24 94 -0.0034993702834765941
24 95 -0.045731488463742656
24 96 -0.039024566241976602
24 97 -0.063121224294354794
24 98 0.069214857990102269
24 99 0.090202897032291035
24 100 0.047307099015819892
24 101 -0.035943607827420947
24 102 0.091990101328175283
24 103 0.032924212046455022
24 104 -0.026833077907408666
24 105 -0.038440474255107625
24 106 -0.044022331192970054
24 107 0.019298926015426574
24 108 0.04161722495186352
24 109 0.023366402492676949
24 110 -0.045971071606315063
24 111 0.012210298141853674
24 112 0.0088952398930867687
24 113 -0.10985636246980693
24 114 0.033181608110505252
24 115 -0.013616623423578739
24 116 -0.073594654200086165
24 117 -0.0099905300801832533
24 118 -0.13746844123138044
24 119 -0.022234301091251192
24 120 -0.050650278862020615
24 121 -0.01173048716258453
24 122 0.088752883636545904
24 123 0.012057722893170844
24 124 0.14797215163160526
24 125 -0.054608131890053667
24 126 -0.10367245654256241
24 127 0.023644761662933989
24 128 0.073978764405536426
24 129 -0.039220934317826348
24 130 -0.097345981508873108
24 131 -0.061527390674000877
24 132 0.014613389586604658
24 133 0.039228880839551609
24 134 -0.046085035904121809
24 135 -0.026439017563533736
24 136 0.1000494038886998
24 137 0.0032323303990324996
24 138 0.10795166059604205
24 139 -0.010599555410246854
24 140 0.084156971508389161
24 141 -0.080748724013568723
24 142 -0.046402034497284361
24 143 0.022122953923502428
24 144 -0.045164981041237014
24 145 -0.046106819795058512
24 146 0.081894503617425188
24 147 0.074250381645690533
24 148 -0.04656913966524967
24 149 0.00088058081306906753
24 150 -0.01693039216956899
24 151 0.035689150580463312
24 152 -0.015259708131762013
24 153 0.13261924911815903
24 154 0.096916664756038093
24 155 -0.030563138152077642
24 156 0.0024917926689293516
24 157 -0.093993043997036729
24 158 -0.12794206005474126
24 159 -0.04952669742695965
24 160 0.10254369108185828
24 161 0.14934092190567894
24 162 -0.016925893209337316
24 163 -0.0069280581942078165
24 164 -0.010915661762192828
24 165 -0.027869447963375267
24 166 -0.031401842871132166
24 167 0.070622970449501998
24 168 -0.00640170887084472
24 169 -0.011365451338831016
24 170 -0.013214218241045662
24 171 -0.015058254214459667
24 172 -0.083022350027983943
24 173 0.031031020172401825
24 174 0.016114235877496757
24 175 -0.17027676561810753
24 176 -0.075438856562048948
24 177 -0.084325562757367301
24 178 0.083096262267865456
24 179 0.032110587643129879
24 180 -0.060868087732028037
24 181 0.090872900320473515
24 182 -0.0086617056718424918
24 183 0.014929350049701929
24 184 0.022091807289669137
24 185 0.00081752626019580702
24 186 -0.099152083996980195
24 187 0.092807695763881939
24 188 0.021395743258789929
24 189 -0.0082635464565232134
24 190 0.05086263305111785
24 191 0.087286079570058087
24 192 0.016071916282824381
24 193 -0.011340301918415851
24 194 0.019746820613653505
24 195 0.106468214269534
24 196 -0.091239327648035787
24 197 -0.060259000686558407
24 198 0.14710814335659361
24 199 0.096115041886360761
25 26 0.10504964119373827
25 27 -0.065319327840297328
25 28 0.038207055044193659
25 29 -0.10164526112153539
25 30 -0.086906413907632762
25 31 -0.0064518609870144192
25 32 0.064330331743122901
25 33 -0.089922830422966643
25 34 0.046670828020224625
25 35 -0.046276510177955386
25 36 0.039807997322183299
25 37 -0.078952805016748839
25 38 -0.042271129486207856
25 39 0.077917024008620439
25 40 -0.14137696372777919
25 41 -0.10721523578147213
25 42 -0.096466102850631411
25 43 0.040498453664596062
25 44 -0.022979665234500193
25 45 -0.071329162643876301
25 46 -0.012627259707927337
25 47 -0.098026285007964106
25 48 -0.010630574441400167
25 49 -0.062616829972963015
25 50 0.049026892403132523
25 51 0.14714061255628066
25 52 0.064222689611143399
25 53 -0.051858328020866519
25 54 -0.0063323441590119227
25 55 0.13611301924521554
25 56 -0.10468254887912576
25 57 0.039992313679144749
25 58 0.10740931653939459
25 59 -0.007088811768540388
25 60 0.013726291636786314
25 61 -0.063898703141992946
25 62 -0.084139324814316102
25 63 0.02797285832978539
25 64 0.074208060319781347
25 65 -0.039639462962494085
25 66 0.011749762766320617
25 67 -0.04853372098182919
25 68 0.024665043995965679
25 69 0.083842603121533091
25 70 0.041464448034502131
25 71 0.0083340739000144388
25 72 0.018491038584261779
25 73 -0.19355341331760725
25 74 -0.0088722894845778694
25 75 0.010932366032479749
25 76 0.033253289763678112
25 77 0.21064792968312412
25 78 0.10046744718793085
25 79 -0.026445180080061005
25 80 -0.014590114910449157
25 81 0.078690613555463002
25 82 0.085023574423737994
25 83 -0.030044804188092303
25 84 0.060560858654796594
25 85 0.066690561589536679
25 86 -0.002083070016788873
25 87 -0.04279537936400564
25 88 -0.064645894729419368
25 89 -0.021717891870544563
25 90 0.0057620307407395127
25 91 -0.026497576182356843
25 92 0.09345161572889947
25 93 -0.12795698145667897
25 94 0.059930787408005462
25 95 -0.015756717463199354
25 96 -0.12270271383536656
25 97 -0.088998694123288757
25 98 0.0014107066999059707
25 99 -0.081563191471924076
25 100 -0.0037526222782640851
25 101 0.0015550783645914999
25 102 0.14198441811331153
25 103 0.042040747722581276
25 104 -0.0089969344311098022
25 105 -0.078869250483301831
25 106 0.05351892179228248
25 107 -0.011357783349565801
25 108 -0.058927238422193787
25 109 0.074543678799346105
25 110 0.074568730986208157
25 111 -0.10152367239958894
25 112 -0.014110933700877923
25 113 -0.09602122860550634
25 114 -0.077126543690137203
25 115 -0.028259187696968509
25 116 -0.033306551871542939
25 117 -0.0019444435689788642
25 118 -0.033461614181998001
25 119 -0.066101933277898983
25 120 0.0097375158009731511
25 121 -0.01209747534709572
25 122 0.17900159475999117
25 123 -0.11818895783721027
25 124 -0.06072388936975958
25 125 0.039942891006133338
25 126 0.15803168880534757
25 127 0.11392590575155541
25 128 0.056551946886816154
25 129 0.02287668365017255
25 130 0.060370832454921086
25 131 -0.051500863062054432
25 132 -0.044185294087454814
25 133 -0.030418878853490833
25 134 -0.020797993466143992
25 135 0.032213527249960114
25 136 0.074860761436260012
25 137 -0.043820247166174782
25 138 -0.0030722904578696407
25 139 0.0096155092838236013
25 140 -0.015098502001403896
25 141 0.016494065705939698
25 142 0.060265372908459049
25 143 -0.023523906263252667
25 144 0.026024424732140665
25 145 -0.10390664738213869
25 146 -0.019917050900312799
25 147 0.14466650700485886
25 148 -0.012697830396991032
25 149 -0.08648426530442542
25 150 0.069590343761181714
25 151 0.051879278592627955
25 152 0.11103841745721642
25 153 -0.08058901404814002
25 154 -0.072867290163517701
25 155 -0.05721941855283913
25 156 0.01345179263284995
25 157 0.065616640901742698
25 158 0.099769359908510713
25 159 -0.013823185009616093
25 160 -0.060957914557094789
25 161 -0.0048810910426610133
25 162 -0.066131266992224061
25 163 -0.014137840505506129
25 164 -0.14142870789033452
25 165 0.10250567540839248
25 166 0.028539039613655462
25 167 0.057702251974617549
25 168 -0.033924562743657634
25 169 0.014237353197293502
25 170 -0.022717207932285294
25 171 0.049735287606617669
25 172 0.0054589694033984892
25 173 -0.034732381679860772
25 174 -0.018548539923026144
25 175 -0.058148468076554799
25 176 -0.07342245841832637
25 177 0.038374820747248864
25 178 -0.034030468974942024
25 179 -0.014216724549074562
25 180 0.047965055868470323
25 181 0.16460907859961887
25 182 -0.037002443141977606
25 183 -0.025805481023595079
25 184 0.00048536824309701405
25 185 0.032199179873267689
25 186 -0.025768750700699613
25 187 0.066587941785072297
25 188 -0.073848251906788828
25 189 0.046780457386266516
25 190 0.072494608410537273
25 191 0.0081330224853224144
25 192 -0.10630650146093094
25 193 0.071666823388553194
25 194 -0.088549858521019389
25 195 0.047052563068666009
25 196 0.052317613641602805
25 197 -0.094872324609677719
25 198 0.095259662903686121
25 199 -0.067354381633773483
26 27 0.058818811915682209
26 28 0.046262369740023748
26 29 -0.041051637711942937
26 30 0.064364087036504231
26 31 -0.0101134204801688
26 32 0.014052231557409896
26 33 0.032135947119856463
26 34 0.041990664402727515
26 35 0.025030915794730765
26 36 0.12675294940808976
26 37 -0.079301753255415941
26 38 -0.066688128350081116
26 39 0.062451798181192876
26 40 -0.091902919571242012
26 41 -0.059745097806583811
26 42 0.074364283480446602
26 43 -0.11228505107320838
26 44 -0.11953426354115165
26 45 -0.029486389769501783
26 46 -0.15754191193536954
26 47 0.0077439175603225725
26 48 -0.020265966335194837
26 49 0.0066057641532745338
26 50 0.001159947468779403
26 51 0.01354329276129489
26 52 0.071427014396864955
26 53 -0.016983771803636014
26 54 0.0255801182616218
26 55 -0.061076920811434551
26 56 0.0084424076557187942
26 57 -0.0011788603692404632
26 58 0.067979925292001586
26 59 -0.023732988832374839
26 60 0.069244452188443703
26 61 0.028515779013693072
26 62 0.062535890599622584
26 63 0.19082556990390617
26 64 0.10498081734292815
26 65 -0.13682167303770904
26 66 -0.0094973326108253823
26 67 -0.16878674678670963
26 68 0.02239973157913272
26 69 -0.0039217425823983776
26 70 0.065438768456249075
26 71 -0.059276336408536884
26 72 0.12516897365220175
26 73 0.0069554557533980455
26 74 -0.0076732908383869971
26 75 0.076293944769841984
26 76 0.15052620938131289
26 77 0.050956196023953265
26 78 -0.1603197466044376
26 79 -0.004881070679431455
26 80 0.01631352305128396
26 81 0.035822109737282441
26 82 0.10823806277825178
26 83 0.051564201895018619
26 84 -0.06679525089961888
26 85 -0.027644959129386422
26 86 -0.064710228379114582
26 87 0.15222269125569624
26 88 -0.020524225163590693
26 89 -0.066986615887155043
26 90 -0.14983548874912522
26 91 -0.017764026851442197
26 92 0.037058702573991992
26 93 0.038938829178992135
26 94 0.16933529048939497
26 95 0.14965005093458142
26 96 0.026911922252885669
26 97 0.11273280813781481
26 98 -0.052287839644067781
26 99 0.16295091416881868
26 100 -0.021912966740344361
26 101 0.12559749541711721
26 102 -0.17060862250281603
26 103 -0.046863131235204726
26 104 -0.0090467452555650727
26 105 0.093126652341484928
26 106 0.0045138994640188989
26 107 0.028908558736599994
26 108 0.19226946665125125
26 109 -0.081981214184831355
26 110 -0.03083574808188606
26 111 0.16307655099968835
26 112 -0.062055116234436547
26 113 -0.077552292399030706
26 114 0.077404415517475372
26 115 0.023050297929513387
26 116 -0.038083407368500626
26 117 -0.1008180833472854
26 118 0.087997137017142346
26 119 0.0657770101241901
26 120 -0.018738164091536089
26 121 0.0084559756038261758
26 122 0.054253215456150063
26 123 0.05530359448328253
26 124 -0.035729575933032075
26 125 -0.065639521676121915
26 126 -0.029949582166000514
26 127 -0.076205768924799008
26 128 0.015878994356334081
26 129 -0.012243867331931188
26 130 0.091699623772362751
26 131 0.082593397572879229
26 132 0.072983200033238174
26 133 -0.027445216596789467
26 134 -0.17959204852327135
26 135 0.073488241742340754
26 136 0.0027701681898941797
26 137 -0.0090359570606584876
26 138 -0.023583641084291344
26 139 -0.0078283259889094532
26 140 0.033804530155618025
26 141 0.068594836704719594
26 142 -0.0055801450968753627
26 143 0.018860208871479215
26 144 -0.099763363203125829
26 145 0.054280364950642868
26 146 0.056582674423354469
26 147 0.019970587404458742
26 148 -0.036105824045032507
26 149 0.18394462215731042
26 150 0.049366129298894779
26 151 0.0057199935373056024
26 152 0.031684623383339008
26 153 -0.0080958784304449825
26 154 0.03711972273933016
26 155 -0.070453334323302017
26 156 0.017118861974730538
26 157 -0.020732030983335863
26 158 -0.012950171058303681
26 159 0.016874197924639327
26 160 -0.062892412591530278
26 161 -0.079824421854430214
26 162 0.0025386858496169919
26 163 0.031378118711506135
26 164 -0.036741059393677569
26 165 0.13639042246822089
26 166 0.041843104920583983
26 167 -0.053322971641488658
26 168 0.02658049053589475
26 169 -0.029384457550861148
26 170 -0.029575478315911737
26 171 0.080883379681285131
26 172 0.086452683797754712
26 173 0.02131336944659357
26 174 -0.075498910969543129
26 175 0.022063370752128098
26 176 0.14791490297345039
26 177 0.057110749403265978
26 178 -0.067928707754086756
26 179 -0.057551353501320526
26 180 0.079447986566971204
26 181 0.074136355862798861
26 182 -0.020056027811956468
26 183 -0.072441179677533066
26 184 0.032732535617726669
26 185 0.043609846439515619
26 186 -0.031419699312731246
26 187 0.023770029707188958
26 188 0.047114324416703698
26 189 -0.0060834482409489604
26 190 -0.00026863661005368356
26 191 -0.069057364822866174
26 192 0.055561616069596066
26 193 -0.037037602158980679
26 194 -0.0066769951052122875
26 195 0.00018214303966578794
26 196 -0.021420676599087588
26 197 0.0094854789873867803
26 198 -0.018101818063669499
26 199 -0.093145626517600028
27 28 -0.012268598823375285
27 29 -0.028987648418820532
27 30 -0.12782157808641492
27 31 0.10143226321595288
27 32 -0.042230613714480607
27 33 0.017515088818645264
27 34 0.06670511590151891
27 35 -0.10844051172327702
27 36 -0.056814384634954099
27 37 0.092842801315322687
27 38 -0.072888230373931787
27 39 -0.043637265837791629
27 40 -0.030238540645290381
27 41 -0.0094618359708984225
27 42 0.054911784069234471
27 43 -0.029204759458835706
27 44 -0.075209494841852839
27 45 0.013199180152309425
27 46 -0.026701350225431162
27 47 0.013627341006600589
27 48 0.063865995233525735
27 49 -0.021849810694493165
27 50 0.052101091220941843
27 51 0.049934533220453617
27 52 0.12375298469108453
27 53 0.042928531805409322
27 54 -0.029420120046278767
27 55 0.0042384329184411958
27 56 -0.077662180089264857
27 57 -0.084517164733707684
27 58 -0.049098879613171706
27 59 -0.051565538880880529
27 60 -0.11109433783601902
27 61 -0.023392175478211451
27 62 0.052375914728991148
27 63 0.005228109379057838
27 64 -0.1120441470337328
27 65 -0.081263347727729501
27 66 0.078998983558119559
27 67 0.053818293044357146
27 68 0.0008794802231807062
27 69 -0.037977538042129853
27 70 -0.10281430092281041
27 71 0.027087338751375357
27 72 0.13868183178902832
27 73 -0.0092730776320535096
27 74 0.02020826068855678
27 75 0.047581221731086212
27 76 -0.0026808622521183826
27 77 0.01121040311296906
27 78 0.12403877864552258
27 79 0.13695504376295073
27 80 0.11102487717369963
27 81 0.07631182395535846
27 82 -0.033577028664842197
27 83 -0.05680351667650943
27 84 0.11627127444345156
27 85 0.027809034299837977
27 86 0.14427650296519437
27 87 0.001156856740618955
27 88 -0.025922671824582081
27 89 0.016439605581118774
27 90 0.0029394541583420779
27 91 0.029529075208772064
27 92 -0.028307701485327814
27 93 0.097069067862813857
27 94 0.0040874700633439657
27 95 0.023260429764720279
27 96 0.005897966903752867
27 97 0.072982293312802829
27 98 0.015652525023952101
27 99 -0.02092808079061094
27 100 -0.10758548032199
27 101 -0.0039221794777239364
27 102 -0.035473900668457709
27 103 0.022264705376235532
27 104 0.037935145520148969
27 105 -0.038938312920231921
27 106 0.074564489906708997
27 107 0.047596352926648301
27 108 -0.021846887266412731
27 109 -0.047097669012571626
27 110 0.11304488909410462
27 111 -0.057840741630242061
27 112 -0.022605506647342125
27 113 0.00032682871677286457
27 114 0.02051533482185406
27 115 0.1021024352447789
27 116 0.0093566451676201628
27 117 0.10042106989163668
27 118 -0.032169205266387176
27 119 0.048811325383366432
27 120 -0.096737987555946661
27 121 0.11147598181183195
27 122 -0.036657224152488781
27 123 -0.0086508623828731503
27 124 -0.028528556836640882
27 125 -0.03960703376574029
27 126 -0.02085004933739789
27 127 -0.077547779419191332
27 128 -0.13415951828903225
27 129 -0.039647693674658285
27 130 0.0033349927554723749
27 131 0.028100867103652179
27 132 0.083090186630506366
27 133 0.010799225404537796
27 134 0.076435594308825155
27 135 0.021521040431451675
27 136 0.090349382611356499
27 137 0.14885551030912228
27 138 0.081862545756633029
27 139 0.062669623382327844
27 140 0.046349055995528833
27 141 0.040767061272348498
27 142 -0.0663684407068071
27 143 0.044349107326191906
27 144 0.01296427461609184
27 145 -0.012186733895699652
27 146 -0.1194851056208495
27 147 0.061392010879834875
27 148 0.091741571685207371
27 149 0.053005745111425716
27 150 -0.040511951769113465
27 151 0.087100851566172921
27 152 -0.037833411958656346
27 153 -0.058606964878112768
27 154 -0.06930588801270321
27 155 -0.036420757335174921
27 156 -0.021116217711906454
27 157 -0.0050674608541241388
27 158 -0.044040301563172991
27 159 0.11750303020936725
27 160 0.036003897705737968
27 161 -0.056257842132849213
27 162 0.067312555182006462
27 163 -0.02595187688445498
27 164 -0.0093196655135454678
27 165 -0.095148389449315876
27 166 -0.02695131380882795
27 167 -0.11522471155105629
27 168 0.078146945369282586
27 169 -0.084113094528700402
27 170 0.095254747486931579
27 171 -0.0097166203998853024
27 172 0.078973611633808422
27 173 0.085852026013334332
27 174 0.094309820770120109
27 175 -0.070087736342175688
27 176 0.038781450354826864
27 177 0.012140660396119923
27 178 -0.074952677561725994
27 179 0.049722195989129199
27 180 -0.029348306723507061
27 181 -0.10259454491616642
27 182 0.13954909176846284
27 183 0.01228574124925238
27 184 -0.085325907969686879
27 185 0.091795377513948076
27 186 0.011470986946311703
27 187 -0.079883215313459446
27 188 -0.046022820203833331
27 189 0.062317581474743741
27 190 -0.10775747423596289
27 191 -0.016813870356582477
27 192 0.050813688365649222
27 193 0.078527812755427265
27 194 0.058856518862393625
27 195 0.078868496137584107
27 196 0.20923844925421609
27 197 -0.10270421794664054
27 198 -0.12024431345629594
27 199 -0.0137006522417767
28 29 0.066005594646525209
28 30 0.095366047494989614
28 31 -0.012014655760036512
28 32 -0.023666645142818084
28 33 0.093799644809584401
28 34 0.10988036447205031
28 35 0.084494875967719249
28 36 -0.055796512284742798
28 37 0.0019585895089459554
28 38 0.099803158469970288
28 39 0.11074631728669486
28 40 -0.074925862399478155
28 41 0.047564132798051148
28 42 -0.082366382010228389
28 43 0.073587166314307062
28 44 0.061415087420814807
28 45 -0.055582547393334188
28 46 -0.0048161864339814758
28 47 0.095293566468446611
28 48 0.079325553124782511
28 49 -0.02685603330111835
28 50 0.03653794103578583
28 51 -0.058078471592251123
28 52 -0.016065375614510685
28 53 0.048055239576974849
28 54 0.034006830267957491
28 55 -0.080776830722532014
28 56 -0.038582265917870881
28 57 -0.017424196388318512
28 58 0.032710797415218533
28 59 -0.0052840958805404391
28 60 0.12389710424577027
28 61 -0.031078513488394317
28 62 -0.067257821757122346
28 63 0.086948307151346785
28 64 0.045472745674380192
28 65 0.0309235570534367
28 66 0.041626869236492753
28 67 -0.047361954471557582
28 68 0.081050224081575903
28 69 -0.091131304928808887
28 70 -0.040742287309940506
28 71 0.0042445418043574098
28 72 0.19641324354733694
28 73 0.089161152840751406
28 74 -0.0057027496560075278
28 75 -0.048413127363117127
28 76 0.097184357628343584
28 77 -0.066684102803050996
28 78 0.10328009541327836
28 79 -0.12714554263405958
28 80 0.046639079343144076
28 81 0.067582737802858228
28 82 -0.043483528056481029
28 83 -0.043120338226380214
28 84 -0.025963195715622809
28 85 0.059130517744145725
28 86 0.029911104488353206
28 87 -0.086757724378019374
28 88 -0.13888721278823465
28 89 -0.15112434215168338
28 90 0.050113774350325407
28 91 -0.096591609634007897
28 92 0.013278034359268588
28 93 -0.071923763199347457
28 94 -0.15700969825111702
28 95 0.070858086084727712
28 96 -0.010664401306222362
28 97 -0.030075952473081983
28 98 -0.089011224934458621
28 99 -0.039600781454182617
28 100 0.10614083316044809
28 101 0.045253472290697976
28 102 -0.0073298218199449724
28 103 0.01351339052098206
28 104 -0.0086740977161967863
28 105 -0.060910066235487212
28 106 -0.061136014247565998
28 107 0.022843437979952738
28 108 0.017918892146518779
28 109 0.13268330116250779
28 110 -0.034732590333536553
28 111 -0.086990416932014217
28 112 0.011022198540321529
28 113 -0.017967629147631229
28 114 -0.019268044747811242
28 115 0.050907604479190169
28 116 0.058703151618174396
28 117 0.030469064394327932
28 118 -0.0060978810242648101
28 119 0.092823804858015974
28 120 0.047666354437019443
28 121 0.021947311195906535
28 122 -0.034690094915374087
28 123 -0.013560615397996538
28 124 0.044315855402631922
28 125 -0.085372932614115229
28 126 0.024421387713136629
28 127 0.13538005441531223
28 128 -0.10943658240643411
28 129 -0.024926545578357565
28 130 -0.0098467344836118045
28 131 0.05886659386395178
28 132 -0.041903387626799106
28 133 0.042643841206274277
28 134 0.018076609281416602
28 135 0.043345980460110005
28 136 0.16553649482971933
28 137 -0.028718871172672935
28 138 -0.034746602201568715
28 139 0.070876457832408826
28 140 -0.088796016555356627
28 141 -0.030740016869598846
28 142 -0.037534980782839816
28 143 -0.068732736074609113
28 144 0.026984112804652603
28 145 -0.018473314460725171
28 146 -0.0016442743641058221
28 147 -0.030895441331013337
28 148 0.087874598409842186
28 149 0.018596082608416692
28 150 -0.068492126094917102
28 151 -0.07946498058212513
28 152 -0.070991511516436442
28 153 -0.085297638683035332
28 154 0.1225372689113004
28 155 0.043979336050491979
28 156 -0.15957301941593405
28 157 0.016241783725584161
28 158 -0.063972420642429514
28 159 -0.016516946205065115
28 160 0.051643579561846301
28 161 -0.080740038897573918
28 162 -0.027596143200834391
28 163 0.065058008943463211
28 164 -0.01015646527855899
28 165 -0.08957943520224898
28 166 0.11340043867690644
28 167 0.01897910340650933
28 168 -0.066747648071592655
28 169 -0.056914342048824652
28 170 -0.036236783177768628
28 171 0.075776894617205701
28 172 -0.11660231030220577
28 173 0.029135803747957607
28 174 0.063329846874151857
28 175 0.088076795575141434
28 176 -0.013219106467398439
28 177 -0.11776097509024093
28 178 0.054395355899768523
28 179 0.072911801962702846
28 180 0.060418905681942574
28 181 0.12162268035647526
28 182 0.044140888158581477
28 183 -0.047680221021202292
28 184 -0.062533613947737154
28 185 0.062403544566453834
28 186 0.027536419410887216
28 187 0.013296903301596741
28 188 -0.018879785073160456
28 189 0.036253496294053153
28 190 0.14255297683042562
28 191 -0.062476017177826512
28 192 -0.0097508431824115515
28 193 -0.095228541186341553
28 194 0.078177649079816142
28 195 0.12225324978993335
28 196 -0.026512859741421514
28 197 0.038056862628221215
28 198 -0.040502080125904255
28 199 0.0053605658736500519
29 30 0.15559012914601347
29 31 0.063081027511370791
29 32 0.088319066259728699
29 33 -0.068859575219884506
29 34 0.020690902626386298
29 35 -0.010542723734972574
29 36 -0.020513049352017147
29 37 0.080409877432980129
29 38 -0.062518325588147544
29 39 0.012244980319523983
29 40 -0.0025909385677386925
29 41 0.013636639209909162
29 42 0.035154396677114945
29 43 -0.019154277345559464
29 44 -0.0033219846485734589
29 45 -0.014725591771727857
29 46 0.075569207110286973
29 47 -0.04715888462309039
29 48 0.066141723255618859
29 49 -0.10241130858508628
29 50 0.077419233862677919
29 51 0.10381849389471444
29 52 0.13067525134042884
29 53 -0.060379946216740914
29 54 0.060239028437026998
29 55 0.0098825251586497024
29 56 -0.069562733361771378
29 57 0.081403955118811697
29 58 -0.055138060689071657
29 59 -0.0068228221019926844
29 60 0.1246322900783708
29 61 0.013268700248462476
29 62 0.013740409693543986
29 63 -0.052621708919395598
29 64 0.018838896980102118
29 65 -0.067149987067650962
29 66 0.012505172137733903
29 67 -0.050198494541189846
29 68 -0.034616797639208594
29 69 -0.0027358021644930779
29 70 0.061632124298141001
29 71 -0.014128234415049679
29 72 -0.16488044598809512
29 73 0.0082587800038060929
29 74 0.09979930868369688
29 75 0.072186503070257063
29 76 0.042350709018580887
29 77 0.043662560336423892
29 78 -0.0042692231127809573
29 79 -0.095996036145013591
29 80 0.043217258129479331
29 81 -0.040271126283496113
29 82 0.014554618850081625
29 83 -0.0029184301227224456
29 84 0.15121000349204189
29 85 0.010317277875886731
29 86 -0.06027274014813086
29 87 0.10191333402988555
29 88 -0.051182440423912325
29 89 -0.053216748275714834
29 90 -0.057228787893013229
29 91 0.0050771700410821782
29 92 -0.017165906104653364
29 93 -0.075556410886490136
29 94 0.12058109969953819
29 95 0.031666020527406864
29 96 0.037609389026946861
29 97 0.056653398983366826
29 98 0.0034460785073807268
29 99 -0.054118697179855124
29 100 0.054257327756891835
29 101 -0.054424242274539555
29 102 0.00029930864132446128
29 103 -0.095745682320478726
29 104 -0.0031522989889006068
29 105 0.0021993354143155144
29 106 -0.055692103877025681
29 107 -0.12531450508678063
29 108 -0.030786721782685888
29 109 0.050474109889084719
29 110 0.042249624031002624
29 111 0.022139013433609189
29 112 0.050157461100896181
29 113 -0.049357601157763518
29 114 -0.042792464485222115
29 115 0.11349525524109515
29 116 -0.024652529683543103
29 117 0.075828494338120708
29 118 -0.15191345722121655
29 119 0.13203841189343987
29 120 0.014423286685125289
29 121 0.068149284718246828
29 122 -0.045082122738113697
29 123 0.051433244200011344
29 124 0.08579204099779085
29 125 -0.048907019852297763
29 126 0.013461432349263214
29 127 0.039408074737629799
29 128 -0.22182567100715284
29 129 0.065058565125240664
29 130 0.016213703668473026
29 131 0.024347019081133674
29 132 0.035139541336712363
29 133 0.15245242955259569
29 134 0.063292050429950633
29 135 0.038940943715921175
29 136 0.068157193268775493
29 137 0.054776257952899837
29 138 0.092667233521921688
29 139 0.12050802347526497
29 140 0.081969179230273276
29 141 -0.12286854496581642
29 142 -0.098468453865477576
29 143 0.10612459540472888
29 144 -0.12651896205031377
29 145 -0.085998630249342442
29 146 0.081911588718807216
29 147 -0.061605727419577191
29 148 -0.0036070620235338995
29 149 -0.1076698605253243
29 150 0.039605348441074516
29 151 -0.035263501953860653
29 152 -0.093444506068948607
29 153 0.080092714637395132
29 154 0.038540219306334007
29 155 -0.11767369561376682
29 156 0.043384583793097793
29 157 0.0037659012489439825
29 158 0.055758470370201776
29 159 -0.10057757133477063
29 160 -0.031275284036276663
29 161 -0.033230785893969383
29 162 0.028944930615844015
29 163 0.042614024863278664
29 164 -0.067611807801674542
29 165 -0.051606547079480834
29 166 -0.045755864795629611
29 167 0.033003166577384883
29 168 -0.095111187881288403
29 169 -0.037131317911359346
29 170 -0.1387177689624674
29 171 -0.078780304716414104
29 172 -0.022895268803701616
29 173 -0.031298767241529815
29 174 -0.040413586812893539
29 175 0.029609451721692184
29 176 -0.067113643829892516
29 177 0.10805056786465646
29 178 -0.13695499297547487
29 179 -0.041351447302468931
29 180 0.012496242355247888
29 181 -0.028685295414511494
29 182 0.04348094893937126
29 183 -0.037589061003255361
29 184 -0.21629291278081691
29 185 -0.056684346356057527
29 186 0.047992865214530431
29 187 -0.093285265940992554
29 188 0.044916820601797067
29 189 0.041114109940526299
29 190 0.078536937532369649
29 191 0.029870915946587428
29 192 0.13811455707701731
29 193 0.029588315735101799
29 194 0.11827387632220292
29 195 -0.06317065416765244
29 196 -0.039660757719672
29 197 0.0052364284311710377
29 198 -0.16088157255959942
29 199 -0.038838715098381535
30 31 -0.040341125213833005
30 32 0.076946731208004451
30 33 0.0053129298203450376
30 34 -0.070375835912718454
30 35 -0.033562401151862403
30 36 -0.039718651227302879
30 37 -0.0095487290522693804
30 38 0.078614667302655247
30 39 -0.012142922953506292
30 40 0.048038338463600845
30 41 0.064869042511180183
30 42 -0.013689524666499831
30 43 0.048173073029802616
30 44 0.11937836160459012
30 45 0.029223433884128139
30 46 -0.03810454414938453
30 47 -0.051020964044622225
30 48 0.029150349762039455
30 49 -0.023868517643764065
30 50 0.035672510741865067
30 51 -0.041125785128199782
30 52 -0.040066143301268557
30 53 -0.14408126040757399
30 54 -0.013227947234508645
30 55 -0.032066237497593991
30 56 -0.13165439002116608
30 57 -0.091073631291737456
30 58 0.03929624423966168
30 59 0.040155569546737421
30 60 0.12498381412336533
30 61 -0.18745937532209694
30 62 -0.018327268057609373
30 63 0.06468015425502241
30 64 0.066394193383129463
30 65 0.14292125223181129
30 66 -0.089225250992264082
30 67 -0.047483503996096466
30 68 -0.014146396675156559
30 69 0.059474126687295618
30 70 -0.055963936254034292
30 71 0.082583977850602078
30 72 0.027221825169471695
30 73 0.13102744742884531
30 74 0.0108706500618113
30 75 -0.10281847202105421
30 76 -0.10021875233364386
30 77 0.027850304984602933
30 78 -0.0048283575308567485
30 79 -0.022514389505201793
30 80 -0.091202577793233
30 81 -0.0049087579778123534
30 82 0.02057927807240199
30 83 -0.0071981475345264459
30 84 -0.037989063535250188
30 85 -0.0056825347331809634
30 86 0.058986543616518047
30 87 0.095546087095720739
30 88 -0.060725194633840539
30 89 -0.04580965200860565
30 90 -0.014710495254582606
30 91 -0.06008850796117482
30 92 -0.026154968762847619
30 93 -0.054093697935876435
30 94 -0.087330985563748645
30 95 -0.093893601816435607
30 96 -0.1197168116754084
30 97 0.0046386335220005232
30 98 -0.075584058198882587
30 99 0.0032302408722953038
30 100 0.012851179200841716
30 101 0.080459481724134085
30 102 -0.0208245107320017
30 103 -0.15215094644958571
30 104 -0.22546733383540654
30 105 -0.038148574112801155
30 106 0.04093534837710025
30 107 0.033659496948047325
30 108 -0.064897660666455775
30 109 -0.057680796173414796
30 110 -0.022320466124064617
30 111 -0.032667325389188616
30 112 -0.067645679957423405
30 113 -0.039751079677675001
30 114 0.016959917897940088
30 115 0.048835856147153363
30 116 0.0031027938970219254
30 117 -0.034933725160322907
30 118 0.01045394242399629
30 119 0.052910140095471216
30 120 0.047377602258908531
30 121 -0.11286218205748004
30 122 0.0082133635456438803
30 123 -0.052658700591615162
30 124 -0.083311232198289176
30 125 -0.020716078113727221
30 126 0.055208473384140262
30 127 -0.13946614271834079
30 128 0.0047224651611362566
30 129 0.10924416873165163
30 130 -0.037445472491909493
30 131 -0.03735481351064214
30 132 0.14111508950167637
30 133 -0.04771036498266757
30 134 -0.017650066973807089
30 135 0.11054255953429286
30 136 0.0003219607361220954
30 137 0.049067517001359383
30 138 -0.14699430435393887
30 139 0.017082055227804347
30 140 0.02887442297005138
30 141 0.092904774603439363
30 142 0.078218686927450362
30 143 -0.080701151211362135
30 144 0.068425825170099958
30 145 -0.090894633651641868
30 146 0.084926968824676374
30 147 0.0067997596443801003
30 148 0.017488093684343356
30 149 -0.053948247128605832
30 150 0.038187475258917927
30 151 -0.013431867966891267
30 152 -0.069298713947871418
30 153 -0.089339818859181325
30 154 0.15871401236463564
30 155 0.10418524671033598
30 156 0.15108191831764195
30 157 0.027729139639800615
30 158 0.08148375195121732
30 159 -0.083205399397583479
30 160 -0.12364708014357488
30 161 -0.077711772114989849
30 162 -0.018375352238827771
30 163 -0.022698788837414351
30 164 0.024486803214404728
30 165 0.090832387530995068
30 166 0.14198725924388622
30 167 0.002782378480006504
30 168 -0.0044553720111093998
30 169 -0.024475903192220785
30 170 0.072855997692146499
30 171 0.0007418900948555037
30 172 0.054409935257631971
30 173 0.068396338270712814
30 174 -0.034013728278121068
30 175 0.12007867332598686
30 176 -0.060700182364343165
30 177 -0.0096518038319750969
30 178 0.048025795932467266
30 179 0.16613880143602275
30 180 -0.034642359216574457
30 181 -0.019702196711517347
30 182 -0.073132098931403072
30 183 0.011707802472126437
30 184 -0.12234491349475754
30 185 -0.024324645188190702
30 186 0.042593615479170358
30 187 -0.069070108833241925
30 188 0.012923614717107779
30 189 -0.0042579620187590036
30 190 -0.0015614265623725575
30 191 -0.13192876429927641
30 192 -0.067732649587757598
30 193 0.054977581466942059
30 194 0.024161163437992447
30 195 0.10672205484426982
30 196 0.014848763672147384
30 197 0.074343832970154428
30 198 0.014291373377954214
30 199 0.0033293264684416306
31 32 0.022586664887304899
31 33 0.06773823254932107
31 34 -0.022249987557763088
31 35 -0.054864776384746718
31 36 0.15444842485242161
31 37 0.0036871623818974745
31 38 0.059282869752733704
31 39 0.12102025132559818
31 40 -0.071893852654674489
31 41 0.048588732359469054
31 42 0.05266187762735814
31 43 0.045586941045022519
31 44 0.03283642414721924
31 45 -0.009778229025322915
31 46 0.012298394853813358
31 47 0.013901017259582623
31 48 0.1331076711737724
31 49 -0.064517306767438901
31 50 0.056086027793653327
31 51 -0.038693245967183314
31 52 -0.052414391448704731
31 53 0.062221287239729112
31 54 -0.002333686738282163
31 55 0.035934507078373222
31 56 -0.0093510202609497235
31 57 0.0033468738893044753
31 58 0.051436168556208403
31 59 0.061058817096321077
31 60 0.02025989444411511
31 61 0.020862930878421171
31 62 -0.065749528835813503
31 63 0.017660608802494412
31 64 0.053167181497323607
31 65 0.00095425858812015049
31 66 -0.0061628874648809989
31 67 0.062174944700572631
31 68 -0.0280612007559441
31 69 0.097158264594298535
31 70 -0.046959898565988374
31 71 0.11226921725546718
31 72 0.038575417859395965
31 73 -0.020857185758015706
31 74 0.019014225161198575
31 75 -0.0089622608209261757
31 76 -0.034582855623584721
31 77 -0.069732216460331092
31 78 0.056752199226203864
31 79 0.086561057427242738
31 80 -0.051394900661233957
31 81 -0.0052332150126469471
31 82 -0.013012722944346191
31 83 -0.0055039755527749564
31 84 -0.062943539946647947
31 85 0.0031943682204971869
31 86 -0.10111621091931926
31 87 0.057125165581120504
31 88 -0.090604247436057841
31 89 0.057151260900806744
31 90 0.043274156058649621
31 91 -0.055378903359502483
31 92 -0.048429748360349086
31 93 -0.031414296859991191
31 94 -0.12294431499223205
31 95 -0.059391840231893735
31 96 -0.13590526097290778
31 97 -0.0011248243224644295
31 98 0.033930864978560051
31 99 -0.15819086262561818
31 100 -0.0055656720824872078
31 101 0.097953769918334391
31 102 -0.064007703680713193
31 103 0.084629835361283545
31 104 -0.10023193923209536
31 105 -0.034881039959372286
31 106 -0.079509066936878828
31 107 0.040736837792515322
31 108 0.15788418612157318
31 109 0.024048130663470731
31 110 0.0050885065039061551
31 111 0.092054863526802935
31 112 -0.061057402496826764
31 113 0.061334501831740565
31 114 0.037536918623343164
31 115 -0.040925966191086259
31 116 0.028079830904545612
31 117 -0.013728638593695374
31 118 0.15290551235900143
31 119 0.01022054880480755
31 120 0.015660069322069797
31 121 -0.06758617869945599
31 122 -0.056360130088409142
31 123 -0.06785056689894145
31 124 0.098284859004024713
31 125 0.056625710078369688
31 126 -0.025210722469663282
31 127 0.076335891254323801
31 128 0.053123419240799566
31 129 0.096856755475583131
31 130 -0.059973251173732867
31 131 0.0012310047253677532
31 132 0.0032187452156287573
31 133 0.01533228021538648
31 134 -0.0097271530235181793
31 135 0.029379179014769191
31 136 -0.015844256597687668
31 137 0.082806578981216739
31 138 0.11983828649970135
31 139 -0.15072572931368755
31 140 0.019058738280338987
31 141 0.030085159538434571
31 142 0.0052546353283514065
31 143 -0.11125686811803377
31 144 0.014125555163797066
31 145 0.051048813162438013
31 146 -0.057464464057562448
31 147 0.098712843412758697
31 148 0.056028080271041933
31 149 0.0017729137451917088
31 150 -0.051532192744595175
31 151 0.041149779243639932
31 152 -0.0021725605373531663
31 153 0.058688022736809842
31 154 0.098818062551723734
31 155 0.062740855391983263
31 156 -0.036952332841923161
31 157 0.038706567103449913
31 158 -0.19133958065600931
31 159 -0.010698408609372516
31 160 -0.13297884597719775
31 161 -0.013229044043460265
31 162 -0.1403088864394979
31 163 -0.11870071058137648
31 164 0.11236495718576148
31 165 -0.051837343285594403
31 166 0.0045173712535632148
31 167 -0.14681036762816321
31 168 -0.058373041614655084
31 169 0.027093461328554076
31 170 0.05940995500483507
31 171 0.025025737330626945
31 172 0.12320420256129955
31 173 -0.087584968571684407
31 174 0.13846758836091141
31 175 0.053325050017580103
31 176 0.063482817105701181
31 177 -0.030775181358455785
31 178 0.026420783965881035
31 179 -0.023658608753290889
31 180 0.17088182245892244
31 181 0.082480871906103953
31 182 0.012342951633011152
31 183 -0.15755549689722187
31 184 -0.058551073323336887
31 185 0.1139702562434451
31 186 0.060177867486037172
31 187 0.0076049822098729208
31 188 0.059462385884915918
31 189 0.077910027173808391
31 190 -0.012860183703365261
31 191 -0.040703782942784317
31 192 -0.0086985382360003603
31 193 -0.14787902642695047
31 194 -0.018837355330149453
31 195 0.098422757773427932
31 196 -0.041507095834660314
31 197 -0.080021577805603844
31 198 -0.046309109614544049
31 199 -0.13114649855459001
32 33 -0.078298338290329922
32 34 -0.11029438563327175
32 35 -0.07446842814761738
32 36 -0.012141799307253603
32 37 -0.007540523858852185
32 38 -0.022258195265705247
32 39 0.18491415656853907
32 40 0.025169822333437102
32 41 -0.076081522250778397
32 42 -0.032727074713583312
32 43 -0.052813319853020083
32 44 -0.058593025554421092
32 45 -0.026646453335043892
32 46 -0.090325912904653805
32 47 -0.11163122437277653
32 48 -0.035271950200839411
32 49 0.0015924687129347543
32 50 0.070892550375715957
32 51 -0.073164052897174037
32 52 0.038176932386848474
32 53 -0.0072611855281362559
32 54 -0.0018337081483400896
32 55 -0.034537470757318889
32 56 -0.0028521980319075359
32 57 0.076058396573262854
32 58 0.11786006884303558
32 59 -0.049751340272996589
32 60 0.0033237054104416218
32 61 0.038401195399874175
32 62 -0.031826068444227605
32 63 -0.014358681556502969
32 64 0.0007430532325366164
32 65 -0.032456434246611654
32 66 -0.10843351912023273
32 67 -0.051612290409460478
32 68 0.00084111667063881579
32 69 0.080961280264486082
32 70 -0.052873370171581932
32 71 -0.032723887242825656
32 72 -0.012992385498916842
32 73 0.025911354553539084
32 74 0.17760372433665284
32 75 0.065860447197752719
32 76 -0.026083562443800546
32 77 0.12181884230771375
32 78 -0.043255688294137791
32 79 0.030856525859919527
32 80 0.064241078167346838
32 81 -0.0073223857681884077
32 82 0.045323781376771163
32 83 0.084446181696978886
32 84 0.019279142183112431
32 85 -0.020372338765295452
32 86 -0.12300260533807164
32 87 0.12921965337197452
32 88 -0.03472693074277837
32 89 0.022097334123777606
32 90 0.055164796558684843
32 91 -0.015090696133937698
32 92 -0.085272747704123783
32 93 -0.073598414121428396
32 94 -0.074425443590059856
32 95 0.0015348711865800836
32 96 -0.04032299875548602
32 97 -0.018456955852377877
32 98 -0.077351940767590555
32 99 0.081178069086243393
32 100 -0.032412953101337329
32 101 -0.10332339182888747
32 102 0.063745401396682805
32 103 0.12656673521917686
32 104 -0.071463145109849954
32 105 0.013896228271090966
32 106 -0.039457991601460768
32 107 -0.035940232980719668
32 108 0.066885058012638901
32 109 0.088561737767622703
32 110 -0.02537561858842672
32 111 0.017134937509519228
32 112 0.038890388629531272
32 113 -0.0057364853443791965
32 114 -0.011919460598204394
32 115 0.094254152385610732
32 116 -0.074684882931627575
32 117 0.083872334912905813
32 118 -0.051618546701549459
32 119 0.19126042547077293
32 120 -0.083754601455075336
32 121 0.040422662988457592
32 122 0.0061241064267004803
32 123 -0.0057774236329898145
32 124 0.023111696386577268
32 125 -0.038250928362115806
32 126 -0.054079961115138096
32 127 0.00607612215678129
32 128 -0.052905054033292008
32 129 -0.069157030493481875
32 130 0.020339584985430922
32 131 0.059143489769000752
32 132 0.032208532972120694
32 133 0.064309367048128729
32 134 -0.053568394663283461
32 135 -0.052869672195524249
32 136 0.01009437041670334
32 137 -0.090463392571604601
32 138 -0.053225002222001112
32 139 0.045407052208847609
32 140 0.10239977920176914
32 141 -0.034565355682563664
32 142 -0.09701864652472976
32 143 -0.11398073600770545
32 144 -0.046297161122514315
32 145 0.015294529075486967
32 146 -0.074762259121480129
32 147 -0.016309715683425725
32 148 0.073864046361198671
32 149 -0.03754610376499995
32 150 0.010936978425500061
32 151 -0.059152143248280858
32 152 -0.057394565326684015
32 153 -0.020899197200343955
32 154 0.0085561395187371634
32 155 -0.11104587846066524
32 156 0.063920184259224924
32 157 -0.05104811164790498
32 158 0.012064841686359231
32 159 -0.074504112283280383
32 160 -0.043276040639407931
32 161 0.2029704362352269
32 162 -0.046092289005899255
32 163 -0.010174808672492564
32 164 -0.013938306471984222
32 165 0.051747936130331275
32 166 -0.1783575226723165
32 167 0.012322617732670809
32 168 0.082010986592595814
32 169 0.0050808645537464316
32 170 0.025240074994742089
32 171 -0.055568236797802519
32 172 0.035160707422027884
32 173 0.11361058235565694
32 174 0.06595577086745523
32 175 0.08369198766993656
32 176 -0.092899383929900395
32 177 0.091578169072941723
32 178 0.06388795052506048
32 179 -0.067459149715156014
32 180 -0.074313943937880489
32 181 0.019639002346296227
32 182 0.0055536378183538449
32 183 -0.06475803944385565
32 184 0.056443512610986651
32 185 -0.068933472419534639
32 186 -0.041017892963221336
32 187 0.094115524265474093
32 188 -0.036390194676347951
32 189 -0.0087785059671265861
32 190 -0.14528457327338321
32 191 -0.08447760101753013
32 192 0.052869837872869023
32 193 -0.040131643282250717
32 194 -0.063864149159582176
32 195 0.036536931475725828
32 196 0.038050371787236713
32 197 -0.016861445743013743
32 198 -0.046765373844638476
32 199 -0.069188922994770433
33 34 -0.015305021539374681
33 35 0.0095272618971897986
33 36 -0.10311255954510119
33 37 -0.067443953283825742
33 38 0.0044463788738025953
33 39 0.0831797722444544
33 40 0.022611369733920042
33 41 0.023905862481385758
33 42 -0.19450491354480526
33 43 0.031325281780702013
33 44 0.046539348286238895
33 45 0.1536255889314608
33 46 -0.047890391517730016
33 47 0.018549097261009721
33 48 0.01475415955704905
33 49 -0.031270004226207772
33 50 0.081118390726358153
33 51 -0.070241004641915197
33 52 -0.012570708158909842
33 53 -0.0040816728849662016
33 54 -0.25417440746320735
33 55 -0.089313551958027385
33 56 0.08834708010025126
33 57 0.1173496851248903
33 58 -0.033326502848820765
33 59 -0.13009800285287895
33 60 -0.066090628127750115
33 61 0.015639847991258879
33 62 0.14337789743385879
33 63 0.10085067713713254
33 64 0.098701123558100567
33 65 -0.070790622160847541
33 66 0.038124602225367503
33 67 0.12471617908266806
33 68 0.047162623994608736
33 69 0.042403422710450785
33 70 -0.11574434597625416
33 71 -0.032123151848524871
33 72 0.0096006517368409372
33 73 0.097318058577253591
33 74 -0.020943386569918149
33 75 -0.02324301137815837
33 76 -0.025383326518465945
33 77 0.034664383371478327
33 78 -0.01974165587902527
33 79 -0.028607351852344434
33 80 0.087077895655443729
33 81 0.0781706829398367
33 82 -0.084023291373742259
33 83 0.10208493520703563
33 84 0.050587759675882096
33 85 -0.070536015879621203
33 86 0.079936358928210147
33 87 -0.026801801418861647
33 88 0.09091142130571829
33 89 0.01830734515540642
33 90 -0.10629029217224047
33 91 -0.06825650433128147
33 92 -0.084513632202804861
33 93 -0.15529878691856694
33 94 -0.023175283725514934
33 95 0.056075449449991231
33 96 0.0083191311469010976
33 97 -0.08425867904437169
33 98 -0.1279786350256574
33 99 0.00061604286641746774
33 100 0.020964512855076833
33 101 -0.19329992189255107
33 102 0.062566860616318026
33 103 -0.056500162693802501
33 104 -0.071672857430129161
33 105 0.13355706788682664
33 106 0.16052956122492601
33 107 -0.0074276241198923251
33 108 -0.033697993920167139
33 109 -0.021509926797082201
33 110 0.0012312657407993536
33 111 -0.0052520150271339865
33 112 -0.00068896994369266524
33 113 0.038816605298625878
33 114 -0.15960187595985575
33 115 0.072977675856188501
33 116 0.036345349669756589
33 117 -0.091966968524978598
33 118 -0.067045453571271701
33 119 0.15743441636449193
33 120 -0.030442027586584
33 121 -0.023147829539910229
33 122 0.05260230801218805
33 123 0.066696362920736427
33 124 0.079915672408589364
33 125 0.26092510852936673
33 126 -0.0069214983108247937
33 127 -0.0033642129681627107
33 128 0.030281740178681502
33 129 -0.089084246945945411
33 130 0.033410468436209748
33 131 0.074922701548387718
33 132 0.0706895203706044
33 133 0.04957548514617794
33 134 0.072913768611231777
33 135 -0.009925661081455912
33 136 0.069546958508335768
33 137 -0.091447106801729905
33 138 -0.0043128200390496856
33 139 0.0060742745440912609
33 140 0.13298926881767703
33 141 0.058441028366972937
33 142 -0.0068848756146899937
33 143 -0.016592998476417785
33 144 0.0055032895376371377
33 145 0.044383032989410771
33 146 -0.097127209297266509
33 147 -0.022514850209042515
33 148 0.049541970415851871
33 149 -0.021085090090364231
33 150 0.029308996055953607
33 151 0.018251267065154647
33 152 -0.014222726885789003
33 153 0.069537593695053468
33 154 -0.018891395853546478
33 155 -0.10182978198819735
33 156 -0.023279460519245704
33 157 0.082670615299401298
33 158 0.040310890945549981
33 159 -0.049076702262363943
33 160 0.010378362441105854
33 161 -0.049355102318665738
33 162 0.065740793230033345
33 163 -0.017430422305776908
33 164 0.0075378268033114157
33 165 0.012084503924698415
33 166 0.0032571185836960648
33 167 -0.046380952774158261
33 168 0.0090547562343651754
33 169 -0.013569565332281458
33 170 -0.090738186149224215
33 171 -0.078032203834855651
33 172 0.058703828332373316
33 173 -0.053028890652679621
33 174 0.047341915592244911
33 175 0.063572775198264986
33 176 -0.016849950924724941
33 177 0.066632642195623731
33 178 -0.015651424122744902
33 179 -0.01279260166814597
33 180 0.025541440040812557
33 181 0.064341060662011021
33 182 -0.082252038423708429
33 183 -0.027597880073271335
33 184 0.064933792834065113
33 185 -0.016963324140442642
33 186 -0.047998457376250088
33 187 0.019289790415601235
33 188 -0.059038135189430588
33 189 -0.017286766869679143
33 190 -0.039563895039393865
33 191 0.009739883976440834
33 192 0.029289512082466388
33 193 0.006311804009934331
33 194 0.063820366963358369
33 195 -0.019558705340232515
33 196 0.07724808273553703
33 197 -0.0067359994065581243
33 198 -0.020754452603249054
33 199 -0.14154901443363024
34 35 -0.017529053036256154
34 36 0.10926867457182489
34 37 0.12694486609038255
34 38 0.052174502669902992
34 39 0.08775337890419839
34 40 -0.073524560234399919
34 41 0.14928157092204294
34 42 0.024797711082654716
34 43 0.089270366012927677
34 44 0.02502633467184965
34 45 -0.018248400679250081
34 46 0.085442664884262248
34 47 -0.12941084822971799
34 48 -0.032079629744635851
34 49 -0.018113065117271922
34 50 0.029536141827528003
34 51 0.057737588264025273
34 52 0.023521596996848391
34 53 0.097813429137411631
34 54 0.041154367785273684
34 55 0.073101653916141235
34 56 0.024914836251746043
34 57 -0.031643047701676821
34 58 0.021131202192077876
34 59 -0.050682597313730114
34 60 0.063461218450421686
34 61 0.031618405691836722
34 62 -0.080553267230107167
34 63 0.065863202193756021
34 64 -0.018077652914824376
34 65 -0.056810320644719317
34 66 -0.016640175386001172
34 67 -0.1014206160841077
34 68 -0.16078894174450772
34 69 0.046012429577985195
34 70 0.043492377208025422
34 71 -0.06558103591545926
34 72 -0.063293922080087675
34 73 0.090216586246596439
34 74 -0.039722392656998028
34 75 -0.051674800937214715
34 76 -0.024681607199382435
34 77 -0.031166733765425437
34 78 0.0049320902716266674
34 79 -0.023160062697629061
34 80 0.063141585673869655
34 81 -0.0068047840807191461
34 82 -0.047339713788042942
34 83 0.090009808921204262
34 84 0.053773070717670284
34 85 -0.054049002352274771
34 86 -0.079745005305758482
34 87 0.077165406683445001
34 88 0.10105823329420337
34 89 -0.050574574472298413
34 90 0.10147532444325197
34 91 0.014140570475115209
34 92 0.0046883170738376096
34 93 0.051486318476747422
34 94 0.079704282808021151
34 95 0.047229464250371507
34 96 -0.10386511405314161
34 97 -0.0087414182404286205
34 98 0.029221202335986973
34 99 0.057400882929263174
34 100 -0.064154482569422605
34 101 -0.0095778186756442472
34 102 -0.038438532548579797
34 103 0.14039322049071754
34 104 -0.024611778240596783
34 105 0.066711119012519318
34 106 0.079901509896480746
34 107 -0.071625336893646585
34 108 -0.045852020408531209
34 109 0.036836909912299716
34 110 0.050004656652515085
34 111 -0.012757388368686588
34 112 -0.09370501180106991
34 113 -0.043549155016182534
34 114 -0.10618086706299831
34 115 -0.031136945931630456
34 116 0.065477456892866534
34 117 0.10658330981367889
34 118 -0.012251933346657751
34 119 -0.10807218831794925
34 120 -0.083460310790465481
34 121 0.097815305296547042
34 122 -0.04754523541131004
34 123 0.011727002599767333
34 124 -0.051786405710273799
34 125 -0.030078316333289341
34 126 -0.031724973863766243
34 127 0.065524693895715275
34 128 -0.040031638555061193
34 129 0.025749286767288788
34 130 0.03597300667534762
34 131 0.080497851212781718
34 132 -0.024397257986936708
34 133 -0.0049139917312972601
34 134 -0.018933109775360668
34 135 0.02801401245140353
34 136 0.0049203576220857234
34 137 -0.030010062743895276
34 138 0.015137632973253478
34 139 0.047487313268831273
34 140 0.030179308955316019
34 141 -0.027549062288544056
34 142 0.0037331570722938016
34 143 0.0069687181080366686
34 144 -0.028450142138629755
34 145 0.012109009423802112
34 146 -0.03788953853680499
34 147 0.13613852016555297
34 148 0.18835115997488122
34 149 -0.11888661403932815
34 150 -0.081654370133612916
34 151 -0.043299628891099499
34 152 -0.068343450855232024
34 153 -0.050608581050138213
34 154 0.032694194102360491
34 155 -0.045086045036285195
34 156 -0.054455390413848385
34 157 -0.007954504441156229
34 158 -0.0037433547144124033
34 159 -0.031021344952517096
34 160 0.0070661028029722532
34 161 -0.026488537216812623
34 162 -0.060006265157393976
34 163 -0.077270797486610504
34 164 0.0011481441839987668
34 165 -0.025910224929630639
34 166 -0.072636094700195275
34 167 0.0041069215372948236
34 168 0.08704813747606939
34 169 -0.035703768261467289
34 170 0.06980878898338945
34 171 0.11655265535599453
34 172 -0.057311834823574971
34 173 0.04929902589668364
34 174 -0.094675455060301297
34 175 0.065913649863533388
34 176 0.089309625987997146
34 177 -0.05045246262944026
34 178 0.10425147611772718
34 179 0.025838893116454251
34 180 -0.012431143520634173
34 181 0.03503028075421305
34 182 0.096053432504555142
34 183 -0.069140059991961295
34 184 -0.049038838701707561
34 185 -0.037703992736354809
34 186 -0.03368136953580135
34 187 0.124430841972809
34 188 0.072836944646931301
34 189 -0.22169957999878287
34 190 0.020370299148855082
34 191 0.015986258870241216
34 192 0.078435103556415517
34 193 -0.095625602620959163
34 194 -0.024735337594724651
34 195 0.040659747717841303
34 196 -0.022859968613349574
34 197 0.02572310480749455
34 198 0.010787664715534781
34 199 -0.038628375808689198
35 36 0.064876352024960809
35 37 0.05023732158220192
35 38 -0.085021178851223955
35 39 0.18282252538766439
35 40 -0.14347941722908905
35 41 0.0068495858677561699
35 42 -0.009739141632739659
35 43 -0.081804406323577578
35 44 -0.13053337174235932
35 45 0.072503107315868495
35 46 0.0085666812133059298
35 47 0.07773325010900474
35 48 0.01721655940685075
35 49 0.063686550075720175
35 50 -0.056853136442612494
35 51 0.01325819441963849
35 52 0.042336194819432849
35 53 0.15270257341419874
35 54 -0.044598159848272242
35 55 -0.082521582359039447
35 56 0.0035573382267446389
35 57 -0.056087358248960544
35 58 0.13425878642769737
35 59 0.051938374583129207
35 60 0.0012895522848200664
35 61 -0.033382936330206531
35 62 0.04348435794111731
35 63 -0.047672447320898301
35 64 -0.022346423216079922
35 65 -0.061503783735019517
35 66 -0.022351950566993423
35 67 -0.060329539143707131
35 68 -0.075621482580229493
35 69 -0.031741242442636104
35 70 0.085203316559927286
35 71 -0.043918150606054938
35 72 0.013480691125557366
35 73 0.066361263576906263
35 74 -0.12076650292874046
35 75 0.023573275617834517
35 76 -0.048508092749960187
35 77 0.070282353039754372
35 78 -0.0088470667414234233
35 79 0.013038865150363675
35 80 0.070548197982396033
35 81 0.042669655009735498
35 82 -0.032969990395039603
35 83 -0.030463841040062667
35 84 -0.020230730274952112
35 85 0.048566694222549507
35 86 0.049604468699314487
35 87 -0.035667127651578298
35 88 -0.073577082943596953
35 89 0.18813146236310416
35 90 -0.066962262429552333
35 91 -0.0068658807451870115
35 92 0.021292238399803307
35 93 -0.16587822825083398
35 94 0.024884821889804145
35 95 0.026692841035323642
35 96 0.057443530240509945
35 97 0.00078590015464656115
35 98 -0.027292948517587002
35 99 -0.13066652602354747
35 100 0.0025011884881336829
35 101 0.099684279881777541
35 102 -0.11406847593539211
35 103 0.078646358003107403
35 104 0.11617626180189568
35 105 -0.10503309619181064
35 106 -0.046642833470434256
35 107 -0.086219739704496104
35 108 0.016065882650943112
35 109 0.12390228396331995
35 110 -0.070003352706587571
35 111 0.065204113543344933
35 112 0.14270923641624061
35 113 -0.090557678174768397
35 114 -0.026798288711323698
35 115 -0.036804525990287808
35 116 -0.139208166264012
35 117 -0.039939541942107193
35 118 -0.024608513742659148
35 119 -0.05501970870874718
35 120 -0.051951751877336909
35 121 0.087753639637141834
35 122 0.025951657284183752
35 123 0.068518981667149939
35 124 -0.0065126005295840497
35 125 0.13875307412207899
35 126 0.083178671782319469
35 127 0.0091495487988673876
35 128 0.0086159315531246488
35 129 -0.044303967081109598
35 130 0.034814691610448832
35 131 -0.078283110182294446
35 132 0.012993160000742923
35 133 -0.079268227082518281
35 134 -0.09038682158031125
35 135 0.050579536735610053
35 136 0.041990252500724003
35 137 0.042621280283426627
35 138 -0.016425789937450135
35 139 0.033457640280586225
35 140 0.011329632104854655
35 141 0.0066795787973893657
35 142 0.10161031999083896
35 143 0.074910411486230233
35 144 0.020350922726376251
35 145 0.17524589308578045
35 146 -0.10978584024224035
35 147 0.008362891541009795
35 148 0.011996124225074851
35 149 -0.11445481399798775
35 150 -0.14160885771828052
35 151 -0.045211260205297657
35 152 -0.25787534507274579
35 153 -0.081625025608463422
35 154 -0.030615485732131967
35 155 0.097335577268137116
35 156 0.0078697224214943975
35 157 -0.046971084948781612
35 158 0.021027676292328441
35 159 -0.0425317452579752
35 160 0.13525067917459163
35 161 -0.054578044470863049
35 162 0.095049845770927593
35 163 0.021287009355273639
35 164 -0.0090040839962143172
35 165 -0.084756433717145002
35 166 0.047571451129030169
35 167 -0.085523568728662486
35 168 0.017951339105227088
35 169 -0.054740206757019988
35 170 0.055706065351545396
35 171 0.11519025132780993
35 172 -0.059142888152265281
35 173 0.052010050187275877
35 174 0.046173465814114245
35 175 0.033735862220278398
35 176 0.041793161138139662
35 177 -0.18274603861087602
35 178 -0.058088386382209055
35 179 -0.042574394474037359
35 180 0.072466136730429898
35 181 -0.061466059217611363
35 182 -0.030289921961662213
35 183 0.025220919006455986
35 184 -0.023544723305231323
35 185 0.049226507674521393
35 186 -0.0017485443632554751
35 187 -0.0051058358368797118
35 188 -0.02069749471570044
35 189 0.00366051340363268
35 190 -0.066052432189552035
35 191 -0.048789180251410873
35 192 -0.1260048826797032
35 193 0.007035587186538521
35 194 -0.10383191774475066
35 195 0.063069466094338972
35 196 -0.13478868046247941
35 197 -0.066460216476149456
35 198 -0.0067390197232635443
35 199 -0.015758777816696753
36 37 -0.04409317839577831
36 38 0.0029130578813618565
36 39 0.10216582281985487
36 40 -0.062559112811313017
36 41 -0.0070221425235718919
36 42 0.10782190495949022
36 43 -0.069548456916441542
36 44 -0.087064304515117985
36 45 0.0075932773202364232
36 46 -0.052235307970508134
36 47 0.030756355312174313
36 48 0.10385620569494922
36 49 -0.017963706948689956
36 50 0.05270230415209462
36 51 0.010122357036566979
36 52 0.21631202777360642
36 53 0.02388857604115651
36 54 0.025986433815863158
36 55 -0.0080152180566690281
36 56 0.017917564706252255
36 57 -0.04040054831941562
36 58 -0.079657322120928992
36 59 0.089037353397559221
36 60 -0.053665202359761043
36 61 0.0096684513002556344
36 62 -0.048137486670088346
36 63 0.08858346528271889
36 64 -0.0030124674098825047
36 65 -0.029251492582751441
36 66 -0.050625925727080627
36 67 -0.10290091086904057
36 68 -0.050124126936858908
36 69 0.15384688372096872
36 70 -0.11368894384030254
36 71 -0.027722972432617281
36 72 -0.031221823898623834
36 73 -0.010205036551135778
36 74 -0.074214718640151653
36 75 0.090632738646617791
36 76 -0.087997390194743244
36 77 -0.11025515708024261
36 78 -0.067312661747736396
36 79 -0.043735789690137181
36 80 -0.032973158354126057
36 81 0.10610170946390017
36 82 0.083690541291471146
36 83 -0.021593781732912719
36 84 -0.063774617206885681
36 85 0.03681391903991834
36 86 -0.093863578919710228
36 87 0.025160826153721012
36 88 0.0058043353631579801
36 89 0.1190498906157912
36 90 0.05393621673183039
36 91 0.10388413726243614
36 92 -0.072039772386625942
36 93 -0.035483624616446406
36 94 -0.004857185484381828
36 95 -0.093086616652406667
36 96 -0.029814845786093856
36 97 -0.0024924055329836061
36 98 -0.051407745642438336
36 99 0.016217568222234805
36 100 -0.055971380828745462
36 101 -0.084883767582320982
36 102 0.029446410801589103
36 103 -0.0038143050312839473
36 104 -0.094909949600936017
36 105 -0.028841356748932807
36 106 0.052622907079664799
36 107 0.021197571225661859
36 108 -0.019571704439520356
36 109 -0.094576950341011906
36 110 -0.028993966849275077
36 111 0.10136049282608726
36 112 -0.0051604011681862299
36 113 0.072955462382681219
36 114 -0.069021590868316302
36 115 0.10628297879410593
36 116 0.13165389356638355
36 117 -0.040246189959018748
36 118 -0.032259094013825249
36 119 0.026090678966496028
36 120 0.10396752462705092
36 121 0.10570316224319956
36 122 -0.12047650966304416
36 123 -0.068702975091920235
36 124 0.02753626943679937
36 125 -0.0965794870616076
36 126 -0.035334145675230924
36 127 -0.041508738806774338
36 128 -0.065323819305087308
36 129 0.03153796270253767
36 130 -0.040522521402824564
36 131 -0.022498544970905688
36 132 -0.11696936347799378
36 133 -0.062288531803876987
36 134 0.12110724825002775
36 135 0.08474947053500656
36 136 0.088721843231553743
36 137 -0.083435070171745035
36 138 -0.079961142958082376
36 139 0.025569777421759771
36 140 0.047080645718863563
36 141 0.0038859984922388385
36 142 -0.0069058660975728683
36 143 -0.043537084508538978
36 144 -0.047296055117526992
36 145 -0.093043031498547202
36 146 -0.1146004692359103
36 147 -0.042674182362178528
36 148 -0.11112241303271475
36 149 0.01092781018627955
36 150 -0.097903136954775094
36 151 -0.095917699520665284
36 152 0.019648848796011035
36 153 0.049842952842421434
36 154 0.051852381141950149
36 155 -0.0016257113820506823
36 156 0.0063153575732278443
36 157 0.049837749125382996
36 158 0.034833467527701348
36 159 0.042324272466424263
36 160 0.14335222083420332
36 161 0.12045644502725963
36 162 0.025218809027747102
36 163 0.08312797375097962
36 164 -0.094486457004487823
36 165 0.12814445103858002
36 166 -0.021472519745525869
36 167 -0.020287561917741132
36 168 0.15474302425176245
36 169 0.0044307062527706763
36 170 -0.057053920589441968
36 171 0.029021412778888523
36 172 0.074134752771065654
36 173 -0.13410343791066737
36 174 0.013970933637818438
36 175 0.0087992834293629026
36 176 -0.071643442513212294
36 177 -0.043474327360375292
36 178 0.028777647454401024
36 179 0.04605508880799198
36 180 0.056151291215433233
36 181 -0.0022547667704572046
36 182 0.031975779692412172
36 183 0.1008577782106304
36 184 0.017967872168650145
36 185 -0.0014921684120179793
36 186 0.089685280661946629
36 187 0.017453242991803383
36 188 0.039029410605351748
36 189 -0.050923580090293304
36 190 0.011581256800947711
36 191 0.026170449030032458
36 192 -0.026107513215318168
36 193 -0.031306193467774537
36 194 0.046524586242745795
36 195 -0.1028939668301959
36 196 -0.0075622598784410959
36 197 -0.064890920599286459
36 198 -0.024669473241629481
36 199 -0.027688887063421409
37 38 -0.0024588855212992694
37 39 -0.0071173967123647954
37 40 0.049032451751707992
37 41 0.13860201505177039
37 42 -0.04217832937688603
37 43 -0.0024037706839854004
37 44 -0.088027711115509263
37 45 0.081078272802228291
37 46 0.0035454624544263682
37 47 -0.0053715348751343208
37 48 -0.011474927006747277
37 49 0.12206038811056838
37 50 0.050781771917904929
37 51 0.08500552947434438
37 52 0.077046572542048483
37 53 -0.045582777559384259
37 54 -0.05533675768192943
37 55 0.095242636130046826
37 56 0.098728429146660621
37 57 -0.062767537119652092
37 58 0.12023778952170476
37 59 0.092928548682830278
37 60 0.065813987347921071
37 61 -0.039703170601911336
37 62 0.049495117175726522
37 63 -0.1016697830716226
37 64 -0.0061734173810760141
37 65 -0.0040911511156913405
37 66 -0.00091933801934057353
37 67 -0.16629619501280546
37 68 -0.073089080169034149
37 69 0.014861147443926744
37 70 -0.033850532072879982
37 71 -0.0030553522939405471
37 72 0.028127305126008049
37 73 -0.11206845485408976
37 74 -0.049814248961413045
37 75 -0.058450558007524869
37 76 0.079864249831577028
37 77 -0.0062732582304850047
37 78 -0.035657281200602312
37 79 0.061111248824324602
37 80 0.058718434642615197
37 81 -0.13609480026568274
37 82 0.053243502519609034
37 83 -0.094313075401258731
37 84 0.048472381686134602
37 85 -0.0099469116365929096
37 86 -0.062827498467802265
37 87 -0.089884164171914693
37 88 -0.083075481881080382
37 89 0.015176654598705635
37 90 -0.049376677585535475
37 91 -0.0056775420756051565
37 92 0.11515331324376959
37 93 -0.019984806408856737
37 94 0.084690360883663413
37 95 0.0050815999748525182
37 96 -0.0021048693912752029
37 97 -0.034455953010283299
37 98 -0.03177756188939812
37 99 -0.044310764568737483
37 100 -0.071928899818515385
37 101 -0.01502236183295522
37 102 -0.087480629950241681
37 103 -0.0073791137141815356
37 104 -0.071044519958018415
37 105 0.0035788635479073344
37 106 -0.03529345486565532
37 107 0.017187171724139035
37 108 0.083511173781626077
37 109 -0.036153792828205834
37 110 -0.013313828569565403
37 111 -0.03349491413302285
37 112 -0.027827710909867385
37 113 0.080719961719693728
37 114 0.036106626046910326
37 115 -0.11886900117296002
37 116 0.14917499627947445
37 117 -0.062298328045330663
37 118 -0.046747131232743405
37 119 -0.013280945123269683
37 120 -0.023453106838377671
37 121 0.11563012075029816
37 122 0.15457843141952318
37 123 0.050991479645408372
37 124 0.058683211314770806
37 125 -0.025663018238616928
37 126 -0.041601142208401838
37 127 -0.063995168141003672
37 128 -0.19632284056286589
37 129 0.052878513287801285
37 130 0.077312570548108459
37 131 0.033916619015624573
37 132 -0.090672564521948065
37 133 -0.039732682228316767
37 134 0.17188935136538552
37 135 0.077785753742447505
37 136 -0.0054458351281503224
37 137 0.030118366335065472
37 138 -0.019219840574585915
37 139 0.047095674744318701
37 140 -0.049893016777220453
37 141 -0.012192581167038917
37 142 -0.15297126860186383
37 143 0.037912645579616371
37 144 0.11737511637734634
37 145 -0.017642969717002435
37 146 -0.02903124249536642
37 147 -0.22493420836702657
37 148 0.040904474973544651
37 149 -0.064327009839928159
37 150 0.053115679753997155
37 151 -0.015680770529338594
37 152 -0.011899051646532911
37 153 0.095792764971433977
37 154 -0.0036851742044786409
37 155 0.040242732289659834
37 156 -0.070264850287513753
37 157 -0.011220908609483811
37 158 0.11918575296971323
37 159 -0.1447957092583104
37 160 0.097697783913982206
37 161 0.04217108984879462
37 162 -0.091977977133759492
37 163 0.013239768696195977
37 164 0.046772173823833599
37 165 0.022521579074900037
37 166 -0.10132623049116937
37 167 -0.014281275425263414
37 168 -0.091399371742757848
37 169 0.030575224792460366
37 170 0.044734217970650622
37 171 -0.12557738440202204
37 172 -0.091990892564264487
37 173 -0.062831422662273984
37 174 -0.06418346755837101
37 175 -0.090097619069407137
37 176 0.022945671230925408
37 177 0.019475446035422742
37 178 -0.14059305847304879
37 179 0.0040502172120032622
37 180 0.00034651719075233219
37 181 -0.0097791410686696723
37 182 -0.01594912900125306
37 183 -0.098350547811861366
37 184 0.024322494214988898
37 185 0.11203091723760229
37 186 0.060350702401574613
37 187 0.11430951466160336
37 188 0.075180261533076109
37 189 0.0028886758720958095
37 190 0.05513235670302094
37 191 -0.12020326774515633
37 192 0.042492595353024076
37 193 -0.028418455303806413
37 194 0.0079794416658389346
37 195 -0.015482536536056451
37 196 0.08266701273029449
37 197 -0.013300721581031488
37 198 0.003690160926367037
37 199 -0.073078268096966423
38 39 0.084705476253418593
38 40 0.0089055961444282124
38 41 0.09406591894339654
38 42 0.076738641240317623
38 43 0.10137010871153553
38 44 0.10093243936696338
38 45 0.045011855728988456
38 46 0.0088425083225838665
38 47 -0.024228579227419063
38 48 0.06087266908790246
38 49 -0.036756412396329707
38 50 -0.10134506810247859
38 51 0.1322279246041114
38 52 0.0075590721275821037
38 53 -0.033200999115235615
38 54 0.12264043280740047
38 55 0.002440787141641801
38 56 -0.052758982457572962
38 57 -0.0021260734417085183
38 58 -0.008098630519437917
38 59 -0.083083751982165902
38 60 -0.030762145440484261
38 61 0.013009858078643346
38 62 -0.034070752253265349
38 63 -0.0095766099288611684
38 64 0.080601458228658038
38 65 0.098426367015723396
38 66 -0.10675937958354254
38 67 0.13196094499428193
38 68 -0.013737463120815913
38 69 0.06358983742682027
38 70 0.0048261360640369138
38 71 -0.0020387658602668726
38 72 0.0073198176825411609
38 73 0.013209357464697563
38 74 -0.041477068028747864
38 75 0.033294326085759454
38 76 0.030643207105039039
38 77 0.055692100728771184
38 78 0.022201171291879061
38 79 0.023933417569098111
38 80 -0.035275400708713094
38 81 0.093893018184416366
38 82 -0.066757766622381046
38 83 -0.057225013787339518
38 84 -0.10827709394696591
38 85 -0.072021162007540745
38 86 0.11338454257838518
38 87 -0.075955755262835933
38 88 0.037191279857159497
38 89 -0.030454440894696816
38 90 -0.074418378590158332
38 91 -0.12067075941063692
38 92 -0.04444354463624596
38 93 -0.062366715193435208
38 94 -0.11032690972092635
38 95 -0.036149732478494567
38 96 0.05196577757791012
38 97 0.029567267993226256
38 98 -0.008560073421360467
38 99 -0.065028023130300192
38 100 0.10271218558256644
38 101 -0.10480364602663521
38 102 -0.010806841205633631
38 103 -0.046172870969970442
38 104 0.16583104232767412
38 105 0.088440247124548399
38 106 -0.058362382866082169
38 107 -0.07625291760239207
38 108 0.0094803129115963222
38 109 0.061799251620962302
38 110 -0.10516423806494879
38 111 0.1333065951698785
38 112 -0.043692881173393504
38 113 -0.0027520761991263677
38 114 -0.003044697894283699
38 115 0.072238692773515079
38 116 -0.12312869038731378
38 117 -0.096953491915520287
38 118 -0.077992803584698928
38 119 0.050320807882115806
38 120 -0.03740233211398887
38 121 -0.061432839200430772
38 122 0.044063249921318492
38 123 0.13934541277074908
38 124 -0.022059218601286842
38 125 0.010645922830552467
38 126 0.14986946839011903
38 127 -0.006871273781997091
38 128 0.031152665533531698
38 129 -0.02099502161354784
38 130 0.04010272736673224
38 131 0.045905826193531028
38 132 0.10169390479362797
38 133 -0.014985132045344332
38 134 0.066771736543472474
38 135 0.021332772204057097
38 136 -0.016884447660295759
38 137 0.025548635557862888
38 138 -0.10755361037866586
38 139 -0.02099007524952342
38 140 -0.035632869480296328
38 141 0.020730647390037452
38 142 0.079158800220925321
38 143 -0.0081613912083974768
38 144 0.063504504326395969
38 145 -0.018577810964296029
38 146 0.019337336969017779
38 147 -0.011219167115156317
38 148 -0.0036276293363967159
38 149 0.001593812519919889
38 150 -0.067109768477393028
38 151 -0.015584018179724844
38 152 -0.00080459023499050654
38 153 0.011661882202850391
38 154 -0.0048772777039785154
38 155 0.0055927801924903131
38 156 -0.065956197220411059
38 157 -0.015870860030641962
38 158 0.068546207799119463
38 159 0.08359600207465126
38 160 0.015350785016564845
38 161 0.024402950958771756
38 162 0.088477300800509084
38 163 0.12068476852955076
38 164 0.082378246090718324
38 165 -0.048165577591467348
38 166 -0.127745562040781
38 167 -0.053567701661137099
38 168 0.039838727671076525
38 169 -0.15931501315525542
38 170 -0.15369038546021807
38 171 -0.087072484541302508
38 172 -0.047949276868244614
38 173 0.039320505830214576
38 174 -0.099575833169976105
38 175 -0.052548490349284639
38 176 0.026698463980773329
38 177 -0.030045943501323856
38 178 0.020509185730124654
38 179 -0.10076113811911946
38 180 0.076206635978222081
38 181 0.024375390359579974
38 182 -0.0081525230906788412
38 183 -0.068009454464101851
38 184 0.07602746502961355
38 185 -0.0530861205761664
38 186 0.037464279886366261
38 187 -0.060117811964648257
38 188 0.09181446741973015
38 189 0.031373086407103928
38 190 -0.020489739970136048
38 191 0.060846877466275422
38 192 0.08787623245523106
38 193 0.022736819846499015
38 194 0.034435672430562773
38 195 -0.0080465363828215748
38 196 0.025433732125117584
38 197 -0.051963636939002668
38 198 0.048763394663086976
38 199 0.11533731515202104
39 40 -0.022004358921931123
39 41 0.092247527055771286
39 42 -0.080663548140003163
39 43 0.054373499827245042
39 44 0.049916787633076144
39 45 -0.10284322780541259
39 46 0.15382401891777231
39 47 -0.077677960609224009
39 48 -0.070727087112473497
39 49 -0.027254735112853291
39 50 0.042770532690165772
39 51 0.12808374280119345
39 52 0.12061769388473847
39 53 0.0041374268787381652
39 54 -0.01269882164578642
39 55 -0.0066001872943687034
39 56 0.1401338428940184
39 57 -0.015330241716918238
39 58 -0.023378455844626354
39 59 0.05392046423269329
39 60 -0.0050548381777077312
39 61 0.12151478892787031
39 62 0.007826471501883786
39 63 -0.043058458263957732
39 64 -0.0014711962774857632
39 65 -0.042606076095370975
39 66 0.076866156145303982
39 67 0.016927104404789822
39 68 0.080279259543646425
39 69 -0.113193341311212
39 70 -0.016266319279339962
39 71 0.030288543628229025
39 72 0.13044128659255766
39 73 -0.14818070173288148
39 74 -0.046886367979802779
39 75 0.056530291126798825
39 76 0.10547593417413595
39 77 0.013884562543650603
39 78 0.018723763246415264
39 79 -0.12677346007441848
39 80 -0.029359591126586294
39 81 0.060659964655069357
39 82 -0.061655690278163991
39 83 0.057894849445818936
39 84 0.058818221212527312
39 85 -0.036934721016346379
39 86 -0.0080614693273961917
39 87 -0.017591795814677826
39 88 -0.016458489350562197
39 89 -0.085033786769956793
39 90 0.079612259832555501
39 91 0.030431337984571268
39 92 -0.0031713337010319982
39 93 0.033248984220072039
39 94 0.013796108488085851
39 95 -0.031680668876371408
39 96 0.035848120542597464
39 97 0.0027657485825979119
39 98 -0.020243291839498519
39 99 0.034244806097403858
39 100 -0.074717984271518462
39 101 0.04026483736026245
39 102 0.08096454872528383
39 103 -0.033111932732297157
39 104 0.056320288412823931
39 105 -0.06379596751803511
39 106 0.017489575925949963
39 107 0.0052900019085405153
39 108 0.014431357590468187
39 109 -0.11301634295800284
39 110 0.072774554217404253
39 111 0.042018696390914718
39 112 0.018238508497556261
39 113 -0.074989518302540401
39 114 -0.035056907785150741
39 115 0.023195130026760078
39 116 -0.029566011159180453
39 117 -0.12266967695933123
39 118 0.0037970827408521069
39 119 0.073518970151073532
39 120 0.058906543612473647
39 121 0.070642736305994089
39 122 -0.15589034743522667
39 123 0.050386609887844255
39 124 -0.054113183192683503
39 125 -0.049752849229888152
39 126 0.034215926318298936
39 127 -0.072262326630562729
39 128 0.075742663303896771
39 129 -0.049858092123852379
39 130 0.078779314923652921
39 131 -0.0292904164320574
39 132 0.021243605980087569
39 133 0.029983826655670148
39 134 0.11406268526611682
39 135 0.021730205490454717
39 136 0.043149525220595321
39 137 0.060795909283106887
39 138 0.11657095643237904
39 139 -0.053628893651423447
39 140 0.060426646807186436
39 141 -0.030703013571572794
39 142 0.063082376072370897
39 143 -0.050636973321555485
39 144 -0.13486580657232361
39 145 -0.027797344343610773
39 146 -0.075752532265732017
39 147 -0.054788953797140147
39 148 0.0078682134530387495
39 149 -0.032601285721912308
39 150 -0.063607738267000988
39 151 -0.05683181341142881
39 152 -0.012918260034082852
39 153 0.11385213564486392
39 154 -0.146957027505176
39 155 0.0034189637806014144
39 156 0.063173082666731731
39 157 -0.028219154744420469
39 158 -0.086445939941834665
39 159 -0.045454986322331511
39 160 -0.01600341294627184
39 161 0.071454079684357602
39 162 0.057327453161416353
39 163 -0.020150713026676381
39 164 -0.14030528565937156
39 165 -0.031813943362851524
39 166 0.036530499155158581
39 167 0.10736099618282537
39 168 0.038354215480065353
39 169 -0.082932189530472378
39 170 -0.0067345553770563329
39 171 -0.061608861535605172
39 172 -0.11382528536636514
39 173 0.067526591781193579
39 174 0.043027686143139211
39 175 -0.11264279347897235
39 176 -0.038170692970165031
39 177 -0.028441001416444421
39 178 0.030077373671965772
39 179 0.046700714424586079
39 180 0.0089946333254991868
39 181 -0.13336991659190814
39 182 -0.060195475307483967
39 183 -0.13672248457555258
39 184 -0.051787240079572881
39 185 0.062158877984010548
39 186 -0.053336795325150455
39 187 -0.016936457635076795
39 188 -0.044227917457777904
39 189 0.044655539166731234
39 190 -0.023900341021764228
39 191 -0.010651848531195489
39 192 -0.044033484477546299
39 193 0.029255689018020153
39 194 -0.063436499760768872
39 195 0.029398177255503106
39 196 -0.046999646660787812
39 197 0.060637217560413695
39 198 0.14514645326472719
39 199 0.056812209322905385
40 41 0.10707500937453816
40 42 0.15203293133007861
40 43 0.0077704171114729489
40 44 0.11185298826805914
40 45 0.11069023899286717
40 46 0.0034126930769593322
40 47 -0.015843705947815413
40 48 0.049155480178308543
40 49 0.094642595329217774
40 50 0.0012230341172056733
40 51 0.054730343040177092
40 52 -0.1524613972134759
40 53 -0.012342121862402492
40 54 0.03096265228078977
40 55 -0.12219861094786651
40 56 0.026554641424615787
40 57 0.043476700192414834
40 58 0.058160910717460955
40 59 -0.075354105985421901
40 60 0.062157774389823138
40 61 -0.15027674461407778
40 62 0.10222035390167647
40 63 -0.065278289126062913
40 64 0.036527175735990583
40 65 -0.066307685112819037
40 66 -0.031781072365074395
40 67 0.081400318546041392
40 68 -0.064622862000898396
40 69 0.088899921341254268
40 70 -0.023392773298650534
40 71 0.032687885136514327
40 72 0.0062820366482662518
40 73 -0.0084632514243595525
40 74 0.026259116685578961
40 75 -0.0052566555865462402
40 76 0.014939655904169612
40 77 -0.049105481954881215
40 78 -0.004381178649117962
40 79 -0.001147931367655072
40 80 -0.055747083991919945
40 81 0.044644518249973189
40 82 -0.068105856388960967
40 83 0.11154167544200383
40 84 0.013701381308193802
40 85 -0.043336555395623907
40 86 0.0084574420360107507
40 87 -0.033295344348585283
40 88 0.009805143936390523
40 89 -0.0014986092646702672
40 90 -0.013895052854367571
40 91 -0.061368913399957432
40 92 -0.003236890758822547
40 93 -0.072694429938597829
40 94 0.080715542288790118
40 95 -0.047666479554753456
40 96 0.078686490659222993
40 97 -0.073702996720142439
40 98 -0.00060631364082419268
40 99 -0.022155296954254496
40 100 0.051611247742546905
40 101 0.0010863339625864549
40 102 -0.1037667453589108
40 103 0.064885231547526859
40 104 0.037410452776914689
40 105 0.13063211355456511
40 106 0.0042587135800401521
40 107 0.12676231209447109
40 108 -0.086118303112445546
40 109 0.037072414243504423
40 110 -0.16536186278827311
40 111 -0.062277721100331161
40 112 0.19391403098127047
40 113 -0.19668346497722639
40 114 0.090992039818700743
40 115 0.10798243019136873
40 116 -0.044114204709667149
40 117 0.01403995377293696
40 118 0.078546248317713133
40 119 -0.08157275729212346
40 120 0.0042374568104169355
40 121 0.059988486499308463
40 122 0.046321409544820571
40 123 0.023177502659726523
40 124 -0.029275223419429369
40 125 -0.049742222433154369
40 126 0.13821632932274056
40 127 0.060136683308958765
40 128 0.055592308373491335
40 129 -0.032048122729711068
40 130 -0.10961713102636438
40 131 0.035123585536880504
40 132 -0.05480547951482248
40 133 0.013493947679704509
40 134 -0.0078815772963471108
40 135 0.060998198068275077
40 136 -0.059755623556407601
40 137 -0.15894578354445851
40 138 -0.030706781358624761
40 139 -0.03785593756825438
40 140 0.027591216636536582
40 141 -0.093988988367954981
40 142 0.012109961236504546
40 143 0.011088439996415581
40 144 0.02956099902711495
40 145 -0.083204874730563663
40 146 -0.020313960021113759
40 147 -0.0072026092448322782
40 148 -0.14295596445297126
40 149 0.04631430654621399
40 150 0.054773564614318419
40 151 0.0039387959765419169
40 152 -0.090793903046773247
40 153 0.0086509245938500359
40 154 -0.066703487349154808
40 155 -0.059377291145181837
40 156 -0.0939908641486569
40 157 -0.023380837853083619
40 158 -0.11912486304362765
40 159 -0.045129403638111056
40 160 -0.021661519972134814
40 161 0.094454252292657623
40 162 0.10891974222754199
40 163 -0.016624169556574156
40 164 -0.10428261598285958
40 165 0.028469625476381225
40 166 -0.018393715818483904
40 167 -0.0021499880847402029
40 168 -0.082360981017380208
40 169 0.027811674074001022
40 170 0.046652480569627612
40 171 0.11461084505951701
40 172 0.16378506017330152
40 173 -0.063143121688414391
40 174 -0.04232036076631604
40 175 0.0057037112431741459
40 176 0.033918869465946591
40 177 0.0010117217572126989
40 178 0.010674074094321218
40 179 -0.017379809494261437
40 180 0.028761818438193757
40 181 0.054025170997391098
40 182 0.045504884919677552
40 183 0.011445256543641114
40 184 0.073480882833884126
40 185 -0.017808567427030044
40 186 0.056773141781153051
40 187 -0.04297771946807153
40 188 -0.0013371254013505838
40 189 -0.085516044605248226
40 190 0.021492553476825514
40 191 0.033556870661580744
40 192 -0.13241208845834171
40 193 0.050434268095253948
40 194 0.076730253117629252
40 195 0.015230489250403479
40 196 -0.052831065992421142
40 197 -0.0073006719140694858
40 198 0.033032984818759804
40 199 0.013267284054136781
41 42 -0.10430058386518465
41 43 -0.083123733785407536
41 44 0.040040681592748963
41 45 -0.0093227315243481056
41 46 -0.033902529624479809
41 47 -0.097045867026088611
41 48 -0.11301434498893274
41 49 0.021410556796080598
41 50 -0.0069158979122889335
41 51 -0.01046620642713454
41 52 0.018306230314774345
41 53 0.095480382224944815
41 54 0.045753192782670038
41 55 -0.0047123976383963897
41 56 0.060800399554241796
41 57 0.10935125705650607
41 58 -0.046435252009185898
41 59 0.045356377996719016
41 60 0.10463525707043667
41 61 -0.047553975332971371
41 62 -0.046653610217835526
41 63 -0.06922317629617894
41 64 -0.041381955106588819
41 65 0.072891174124849259
41 66 -0.102958741269183
41 67 -0.086366919784390553
41 68 -0.0014519263109689391
41 69 0.067567439068577304
41 70 0.028589164601743027
41 71 0.00079616142779963673
41 72 0.026495690549010149
41 73 0.010885506903551622
41 74 0.14358422234319493
41 75 0.0080662946008671389
41 76 0.0010022658215581919
41 77 0.054416659036704354
41 78 0.048642404923942874
41 79 0.038724480320762741
41 80 0.11292806632791949
41 81 0.10481926716750466
41 82 0.045000569941708604
41 83 -0.086137014930596736
41 84 -0.0089805039554633273
41 85 -0.014381986899336308
41 86 0.0012379214750137539
41 87 0.092349247666576414
41 88 -0.08573484055351184
41 89 -0.015215422679796581
41 90 -0.027570467668252538
41 91 -0.12677668570298159
41 92 0.10303569443396113
41 93 0.15731227684458052
41 94 -0.053182482249396597
41 95 -0.033800348636919005
41 96 0.058508523073175528
41 97 0.067707051750828209
41 98 0.028692621833192114
41 99 0.15233887486200143
41 100 0.061017383483679494
41 101 0.068831408804024857
41 102 -0.0080376085521917193
41 103 0.018369645270354264
41 104 0.025490833049898333
41 105 0.037857800765970728
41 106 -0.06539220801200489
41 107 -0.039707142978018216
41 108 0.11708229819529274
41 109 0.018995766213047802
41 110 -0.07351382558841528
41 111 0.066146271043228719
41 112 -0.091781599204894482
41 113 -0.085204530865493233
41 114 -0.045676758779374348
41 115 -0.049971359353074993
41 116 0.13670919241870952
41 117 0.077098194480652471
41 118 0.0050187739703003468
41 119 -0.00080518206974836538
41 120 -0.05334161711961672
41 121 -0.00079087487065055263
41 122 -0.054506242498123011
41 123 0.039359851431125512
41 124 -0.090886788355255724
41 125 0.047571769260317122
41 126 -0.095852950956916552
41 127 -0.02730403805823186
41 128 0.13653118659732336
41 129 0.098435366581164682
41 130 -0.031663945419529334
41 131 -0.030345990348444637
41 132 0.050045488934446589
41 133 -0.083281567821127625
41 134 -0.046188718070889416
41 135 -0.08846336936777166
41 136 0.053643453110506556
41 137 -0.092357830671275051
41 138 0.027464642495422287
41 139 -0.11401880722352721
41 140 0.0093679873455920371
41 141 0.020904796486397627
41 142 0.026927565863162421
41 143 0.077983906094580682
41 144 0.035132449511049997
41 145 -0.029399071433096152
41 146 -0.056790215398114685
41 147 -0.10672011004904659
41 148 0.018037781934891625
41 149 0.031413050917893363
41 150 0.014206769727187559
41 151 0.10595110833041414
41 152 0.015607504880361047
41 153 -0.051997544459097399
41 154 0.067998558909612025
41 155 -0.079743717034270772
41 156 0.038833618269521052
41 157 0.0033575890853805956
41 158 0.12115877262516002
41 159 -0.005929330566240754
41 160 0.027621324675280369
41 161 0.041249153305048081
41 162 0.059216352644351301
41 163 -0.047931738764556857
41 164 -0.04120804100436469
41 165 0.056680455226973972
41 166 0.029955454448145836
41 167 -0.05516391012499295
41 168 0.064825675089939985
41 169 0.066097795613742558
41 170 -0.060741655294153873
41 171 -0.084473651936688057
41 172 -0.13297181400013006
41 173 -0.097034691538855911
41 174 0.018010730250584393
41 175 -0.054476219145437772
41 176 -0.053575818068954645
41 177 0.079777440488815854
41 178 0.094614862928517549
41 179 -0.056670123130836657
41 180 0.15821773670951247
41 181 -0.035712512062350328
41 182 -0.0032610025108577361
41 183 0.038630771408195499
41 184 -0.072579386337647891
41 185 0.011154370102942124
41 186 0.05628237307616292
41 187 0.094748993394296932
41 188 0.024176806022110444
41 189 -0.1005620738583976
41 190 -0.090753870966695294
41 191 0.013619712909488853
41 192 0.033037864967134567
41 193 0.11919091033222044
41 194 -0.022819907194136277
41 195 -0.0019221705309008848
41 196 -0.059644072548388313
41 197 0.080375430139223186
41 198 0.02270689583153139
41 199 -0.033212334424955046
42 43 0.0028024062686353951
42 44 0.037231245060911737
42 45 -0.03532936655423196
42 46 0.065828174182278515
42 47 -0.016382066339434932
42 48 0.097046522771737295
42 49 -0.093343111502779325
42 50 -0.0098984190978220268
42 51 0.059268677869826585
42 52 0.14042618472314911
42 53 -0.085913809476848749
42 54 0.064628490502705735
42 55 -0.041984266107791351
42 56 0.069548731698659078
42 57 -0.015610629734373155
42 58 -0.084743361045833188
42 59 0.11997663846540328
42 60 0.11902722591732222
42 61 -0.047085120334497362
42 62 -0.0068946019794682081
42 63 0.074238536299467459
42 64 -0.066612309309987128
42 65 -0.062302463287778616
42 66 0.010721446058678077
42 67 0.0011440845337056373
42 68 0.14693006570036143
42 69 -0.068146860468312351
42 70 0.21555584261792213
42 71 -0.089342873882143445
42 72 0.015794889837451993
42 73 -0.0080197249317582112
42 74 -0.10868249873729771
42 75 0.0012394098070483564
42 76 0.014122937525166041
42 77 -0.0010501321178523493
42 78 0.13478016362191919
42 79 0.024145030007825911
42 80 -0.018888754919608855
42 81 0.0076713265759465882
42 82 -0.006004355265655935
42 83 0.037052058989222827
42 84 0.040282889630039113
42 85 -0.023004103649064651
42 86 -0.069580794033443333
42 87 0.04299729313799542
42 88 -0.054116803962646128
42 89 0.038998542462408567
42 90 -0.08269473287865059
42 91 -0.031124308407592147
42 92 -0.02496257469349842
42 93 -0.19081155019688445
42 94 0.019727631941982085
42 95 0.046603142909613746
42 96 -0.031617535465943286
42 97 0.0074699240454780286
42 98 -0.021064888060075431
42 99 -0.040925725931065082
42 100 0.0011834600632759811
42 101 -0.087789047615061899
42 102 0.13881199675415354
42 103 -0.012435765218041675
42 104 -0.152371474326227
42 105 -0.096141180961765313
42 106 0.073058559177129681
42 107 0.014075580522204548
42 108 -0.046215792952984926
42 109 -0.058228833609461919
42 110 -0.030889249896210474
42 111 -0.16198550757705935
42 112 0.015138589236831959
42 113 -0.016556596017758968
42 114 0.0085767543297408308
42 115 -0.037568911838587057
42 116 -0.034374972322927931
42 117 0.012501239443281499
42 118 0.099209580110025619
42 119 -0.070117108539864678
42 120 0.07275914168142604
42 121 0.098911230763301661
42 122 -0.025647450658832345
42 123 -0.016940105785461294
42 124 0.083116600434896576
42 125 -0.0078699515654139882
42 126 0.027220657678957292
42 127 0.03069585029801554
42 128 0.029645392051651693
42 129 -0.037423832664536132
42 130 -0.016884565815213505
42 131 0.11324676671644661
42 132 0.11389510436937345
42 133 -0.050406571536384261
42 134 0.063739136941847671
42 135 0.017973772527737766
42 136 -0.055378880504698975
42 137 0.033835473899169466
42 138 -0.0075941549363137259
42 139 -0.063751620682191937
42 140 -0.026440990980292223
42 141 -0.0044053903921188664
42 142 0.014627134404137839
42 143 -0.0014271107512517011
42 144 0.020568023694451064
42 145 -0.058649250799364956
42 146 -0.024583610312957291
42 147 0.044201534481229779
42 148 0.045613128142886858
42 149 0.048595408583225093
42 150 -0.068150251682230753
42 151 0.073184686742197469
42 152 -0.0088292610480638894
42 153 0.055477144876688075
42 154 -0.09422258480811127
42 155 0.038994532649052435
42 156 -0.062115300884298341
42 157 0.065116894822434185
42 158 -0.082246243663164562
42 159 -0.038969138193927125
42 160 0.097823400928795684
42 161 -0.025736342385371844
42 162 0.019681821142257229
42 163 0.0802400844638613
42 164 -0.087719508747270886
42 165 0.14692285201330307
42 166 -0.048192011413343727
42 167 0.039373956402265549
42 168 0.076630623756768573
42 169 0.063422366061297919
42 170 -0.039736934750790619
42 171 -0.045543218055230344
42 172 0.032234304826471313
42 173 0.0597475293495792
42 174 -0.095060078272355686
42 175 -0.04342132664153487
42 176 0.051222465635932218
42 177 -0.021839001564702146
42 178 0.028676255457673265
42 179 0.08048075826818861
42 180 -0.090762964444361119
42 181 0.076494133940727654
42 182 0.03647810996271484
42 183 -0.020809377965037967
42 184 -0.044663559512092318
42 185 0.14045357967177752
42 186 0.0069339993537898314
42 187 -0.016874705045279624
42 188 0.17334905051559843
42 189 -0.021825198277097106
42 190 0.023710732308391734
42 191 0.0066214434955592589
42 192 0.010496347332486725
42 193 -0.07869254274886843
42 194 -0.061245057927854007
42 195 0.037048808691469523
42 196 -0.029820326551922322
42 197 0.14524022162493611
42 198 0.019283353949815289
42 199 -0.134060138735105
43 44 0.062576293657002374
43 45 0.065921371484963118
43 46 0.0081172067884245306
43 47 -0.0071191555315046583
43 48 0.018497918402857031
43 49 0.089461313582184579
43 50 0.068392118041058797
43 51 0.014173277645896607
43 52 0.0084017486225983432
43 53 0.032475930579896971
43 54 0.022792965234398679
43 55 -0.020997642843350994
43 56 0.04787159539349882
43 57 -0.070591865236318815
43 58 0.013342890582848493
43 59 -0.0039634656304850645
43 60 -0.017938066502043763
43 61 -0.085255558738768084
43 62 0.020592848546916301
43 63 0.053293110294418591
43 64 0.11310503497557813
43 65 -0.056995355726961787
43 66 -0.13637836601829487
43 67 0.05158316251954586
43 68 -0.039812450216496591
43 69 0.029565979613447157
43 70 0.031912342065343366
43 71 -0.075891302923499965
43 72 0.013512415085968862
43 73 0.049794017748912851
43 74 -0.032091262320242044
43 75 0.076524677241915778
43 76 0.010009904111961104
43 77 -0.035668621068942516
43 78 0.0067614154376406162
43 79 0.054627230285224829
43 80 0.11672202448820626
43 81 0.10426950180704458
43 82 0.13909736309976187
43 83 -0.063507583266458431
43 84 0.021101638287859995
43 85 -0.034777581674536748
43 86 0.0227604752398326
43 87 0.08259902621369683
43 88 -0.0064340719106468058
43 89 0.069088540723292582
43 90 0.028282807797118888
43 91 -0.028119454474917385
43 92 0.013832787656647687
43 93 -0.00040685532951076483
43 94 0.082379193907340137
43 95 -0.058470566019269594
43 96 0.070586706870846228
43 97 0.061807340088524523
43 98 -0.034029001587841091
43 99 -0.107403590159002
43 100 -0.063453696315681193
43 101 -0.030763581415375101
43 102 -0.074432191395351649
43 103 0.046339598432802678
43 104 -0.11652197803844627
43 105 0.039529124442056349
43 106 0.086687214895434045
43 107 -0.067151254954803022
43 108 -0.00022328323076053076
43 109 -0.13147571355419083
43 110 0.11661583250095259
43 111 0.089503957062862294
43 112 0.014584908233567796
43 113 0.0099198821162653494
43 114 -0.036086089372843987
43 115 0.002138200928225567
43 116 0.0020453760312686732
43 117 -0.03887949771025178
43 118 -0.041910433922875502
43 119 0.016949151462022066
43 120 -0.034196907215289743
43 121 -0.0067544110336898834
43 122 -0.059136946045277604
43 123 0.037580848696627395
43 124 0.013391911723122648
43 125 -0.0096915174875833229
43 126 -0.016206905442561502
43 127 -0.05781310945985442
43 128 0.066243115383611981
43 129 -0.01405832891657471
43 130 0.12876893706655634
43 131 0.083819989793128213
43 132 -0.019887088856309285
43 133 -0.055911376786156694
43 134 0.043320740222810676
43 135 -0.029162472961118041
43 136 0.06389432040612085
43 137 0.050435156920475302
43 138 -0.028228113525287968
43 139 0.012506493217409433
43 140 -0.01501416731387481
43 141 -0.061335011848904414
43 142 0.014380877582858298
43 143 -0.031080356135651865
43 144 0.096903550107348108
43 145 -0.043629134179596109
43 146 -0.0041263568617091392
43 147 -0.037871511351601037
43 148 0.12029619471635597
43 149 0.040962615705806782
43 150 0.067685488804948596
43 151 0.11750856609514145
43 152 0.077070071010489766
43 153 0.029014831626223443
43 154 -0.061459504480224511
43 155 -0.064252725756807599
43 156 0.036103480348617288
43 157 -0.040092831282380871
43 158 0.054036014026117823
43 159 0.10068497998132357
43 160 -0.06997403511834055
43 161 -0.0051940818833003145
43 162 0.016762482998901387
43 163 0.014780851171663384
43 164 -0.097874261568114754
43 165 -0.1032551497780082
43 166 0.042380271791152883
43 167 0.017871928642349225
43 168 0.039487487545813778
43 169 -0.1159505384044394
43 170 -0.035161114118163049
43 171 0.024946205906981538
43 172 0.098637220886523116
43 173 0.096100682307154295
43 174 -0.077953533951730714
43 175 -0.1229100546716653
43 176 -0.028544146546235508
43 177 0.0097661585070767509
43 178 -0.011201499267012126
43 179 0.055495635157164297
43 180 -0.026227309991422747
43 181 -0.07123536550309427
43 182 -0.00048949903819222218
43 183 -0.08456301303260147
43 184 -0.029146140591542587
43 185 -0.053485253198079591
43 186 -0.021766800979173252
43 187 -0.039944956361592641
43 188 0.017131643528165895
43 189 -0.15604511930526463
43 190 0.043396242128011013
43 191 -0.10208473440640187
43 192 0.12251382320799101
43 193 -0.019074360945001586
43 194 -0.053081382364905616
43 195 0.015160465346164694
43 196 -0.047751296729627697
43 197 0.076524027236592462
43 198 0.026602505016903075
43 199 0.022476441407234996
44 45 -0.11230172645901484
44 46 0.050967549137069121
44 47 0.11123922173900921
44 48 -0.083523308382923878
44 49 0.002530367392886982
44 50 -0.059927646129599846
44 51 -0.081370878164963051
44 52 0.052139325493067837
44 53 -0.13363476587450268
44 54 0.034640142054649131
44 55 0.041605611069288818
44 56 -0.092570168003001344
44 57 0.020005991554057842
44 58 -0.041148072028126252
44 59 -0.033342362347231168
44 60 -0.0098746215985495173
44 61 -0.13093650553097597
44 62 0.080509651389532505
44 63 -0.10186603249810428
44 64 -0.12858436912302407
44 65 -0.041949891585914022
44 66 0.026851410344977331
44 67 0.021107015423374641
44 68 0.045973903914154998
44 69 -0.032349128136879811
44 70 0.015233222290530856
44 71 0.079074984026638193
44 72 -0.056060863337764312
44 73 -0.010757230220474241
44 74 0.067027470572894793
44 75 0.0077049745833602627
44 76 0.16253555589490898
44 77 0.10238656401340152
44 78 0.066560256664933176
44 79 -0.13850937001974092
44 80 -0.023188890459768019
44 81 0.048047418742022105
44 82 -0.10079162773115581
44 83 0.031133262987087268
44 84 0.13731182918763002
44 85 -0.057085065298337616
44 86 -0.028304858314497545
44 87 0.043070564704353505
44 88 0.1538322400307543
44 89 0.0016601930944802807
44 90 0.030038703116766007
44 91 0.031350107804845692
44 92 0.039235671667574044
44 93 0.027150036490161674
44 94 0.0064952871107696727
44 95 -0.13295410843419483
44 96 -0.031841511010953637
44 97 0.0033553229288888708
44 98 -0.10796285977324162
44 99 -0.052389938111135896
44 100 -0.05496667763068374
44 101 -0.052611649364748957
44 102 0.013341727972557407
44 103 -0.053230535390654782
44 104 0.19554604394857886
44 105 0.070548225350704125
44 106 -0.18065550086008722
44 107 -0.10613384925189549
44 108 -0.010531267474120297
44 109 0.019413083034969931
44 110 -0.1508572487955423
44 111 0.0011964840242801292
44 112 0.0037849336590679641
44 113 0.12820894469963459
44 114 0.038241174892174733
44 115 -0.15015922905624352
44 116 0.075446828627341783
44 117 -0.036912406673067687
44 118 -0.0094414684425504283
44 119 -0.0338067845287379
44 120 0.0017673642821591493
44 121 0.049137904466562708
44 122 -0.076860746617495965
44 123 -0.030732872491332407
44 124 -0.035020834443168093
44 125 0.12875434639180586
44 126 0.089039616549687006
44 127 0.053872333768912012
44 128 0.016840896636561829
44 129 -0.025813928814289084
44 130 0.09227571735702092
44 131 -0.029171668984869562
44 132 -0.044924723240837731
44 133 0.0080963788708851171
44 134 -0.036013023780214364
44 135 -0.027283538396604672
44 136 0.047643703014060623
44 137 -0.095821465673296524
44 138 -0.033853885519553997
44 139 0.0049265976852246015
44 140 0.02479323504468969
44 141 -0.011771935608951902
44 142 -0.022010020603339318
44 143 -0.12955981163890182
44 144 0.059805041586711585
44 145 -0.043977154755661586
44 146 -0.043559436318893988
44 147 0.023323611626139235
44 148 -0.072495659665715043
44 149 0.026636116856661705
44 150 -0.019844970161862194
44 151 0.045655553626201245
44 152 -0.050987000522113551
44 153 0.058009492712314016
44 154 0.051401925395331442
44 155 0.050316743070412402
44 156 0.051620143058637012
44 157 -0.051785971921994606
44 158 -0.06212035601826691
44 159 0.12354312028303309
44 160 -0.03407934653073217
44 161 -0.088992989687145613
44 162 0.010541700859062093
44 163 0.11334949927225012
44 164 -0.077485587255739799
44 165 -0.014537084138007188
44 166 0.10866840902418923
44 167 -0.098523791581558717
44 168 0.095665116062183184
44 169 0.039002429858934713
44 170 0.082234175324472497
44 171 0.040670167759311482
44 172 -0.059906753513576064
44 173 0.082014800773635432
44 174 0.093497083962743782
44 175 -0.078544151831900999
44 176 -0.067568600898691572
44 177 0.036630515767007064
44 178 -0.0034735012546822613
44 179 -0.095774365960079683
44 180 -0.047036363406543644
44 181 0.029794840560089731
44 182 0.026000404134511237
44 183 0.054957711574381805
44 184 0.009608551773013306
44 185 -0.01861130073385037
44 186 0.15496533274650481
44 187 -0.06614563813156514
44 188 -0.028289185902200944
44 189 -0.06603830608936502
44 190 -0.017572354245327285
44 191 0.03779134419945504
44 192 0.067172294493181572
44 193 0.039787374918721551
44 194 -0.13309883671585646
44 195 0.097982834179730388
44 196 -0.14558267303880498
44 197 0.0133385906624245
44 198 0.035563969950941764
44 199 -0.072209264514094734
45 46 -0.056695892607213472
45 47 -0.077526367657835715
45 48 0.063459881366135229
45 49 -0.013098605171450808
45 50 0.025140050510101906
45 51 0.086186374423893028
45 52 -0.11054281612797651
45 53 0.040560351297055597
45 54 -0.1063889558874352
45 55 -0.029357068919029925
45 56 0.05146115805877674
45 57 -0.051043862053499679
45 58 0.084789429230184774
45 59 0.0029196644330867065
45 60 -0.038595193076468685
45 61 -0.093139263598996158
45 62 0.076141409215243774
45 63 0.027309612976059192
45 64 -0.1270087411654254
45 65 0.11022386629705072
45 66 0.051924843148631071
45 67 -0.0084195133643290131
45 68 0.054521643990851548
45 69 0.063916452116906705
45 70 -0.12704386733065792
45 71 0.049998229177354511
45 72 -0.078788484342570145
45 73 0.029418735067286695
45 74 -0.1151782004705405
45 75 -0.054249914638270273
45 76 -0.087399578091189853
45 77 -0.025387450089266145
45 78 0.013014993829255472
45 79 0.047573472642411206
45 80 -0.046031558577369285
45 81 0.029684962373650141
45 82 -0.085644601337436926
45 83 -0.045767164398864059
45 84 0.018594313429491062
45 85 -0.041991499483268621
45 86 -0.044380361044329165
45 87 -0.009139103599361157
45 88 -0.01049205861922101
45 89 0.093373201300436526
45 90 0.061083413637817142
45 91 -0.01411188894397635
45 92 -0.033042896079683012
45 93 0.002684171300457212
45 94 -0.0018703013272105325
45 95 -0.086780331855319026
45 96 0.046002992854562136
45 97 -0.026749226079469519
45 98 -0.070614722346069816
45 99 0.022790946270717601
45 100 0.014112658680642267
45 101 0.019519099081414217
45 102 0.086258655308704399
45 103 -0.048071815560772495
45 104 -0.13208193905535132
45 105 0.10165937659344872
45 106 0.095574398258437637
45 107 0.024730006181090922
45 108 0.037683314737327861
45 109 0.026537446647710759
45 110 0.079290380820118578
45 111 -0.036629269866556395
45 112 -0.015814205687178683
45 113 0.05289906617880797
45 114 -0.01993854966988616
45 115 0.15639767886138209
45 116 0.10934342092173041
45 117 0.00051294595340591899
45 118 -0.0062354495262918006
45 119 -0.016201866740641637
45 120 -0.03424507830300428
45 121 0.072871481694224055
45 122 -0.083153121928154133
45 123 -0.02666919196976977
45 124 -0.064867154667951066
45 125 -0.15851302615634916
45 126 -0.012241647223733781
45 127 -0.04405873220403856
45 128 -0.18025616262073749
45 129 0.036648938521165859
45 130 -0.023067264514210158
45 131 -0.094440693697917466
45 132 0.054409435674042182
45 133 0.16043933796598059
45 134 -0.047681408813352824
45 135 -0.046127182582487561
45 136 -0.14015554363498381
45 137 0.0047210658742653615
45 138 -0.14763692532321396
45 139 -0.036288795546327711
45 140 0.15298657734866081
45 141 -0.067307629907319921
45 142 -0.045592497871705169
45 143 0.07103145451359659
45 144 0.023422677855776831
45 145 -0.025668309085793452
45 146 -0.017516594268225098
45 147 -0.11995110804857123
45 148 0.054912915473814557
45 149 0.021785373764905268
45 150 -0.11922501406239756
45 151 0.070244541742400302
45 152 -0.019856000510642329
45 153 0.035128757098804329
45 154 -0.038359072750110711
45 155 -0.1018543848463202
45 156 0.049910326154275132
45 157 0.095132047959881352
45 158 -0.0016436260229342199
45 159 0.080090186110055958
45 160 0.039553244448450556
45 161 -0.048130836278722097
45 162 -0.18087283947702479
45 163 -0.03504023009279874
45 164 0.12405812339157622
45 165 0.031144445218353231
45 166 -0.11358105862486406
45 167 -0.10744675974341672
45 168 -0.055423115938380473
45 169 0.079569830396190436
45 170 -0.063781368904999192
45 171 -0.079873816125229202
45 172 -0.055174129226592906
45 173 -0.089840363324180925
45 174 -0.044115836530834812
45 175 0.0042175097833978313
45 176 0.0055927329520017912
45 177 -0.017137699810604673
45 178 0.080674769360416829
45 179 -0.052403331641191403
45 180 0.087706885374246785
45 181 -0.0425308312204997
45 182 -0.0011299214740269473
45 183 0.033583076452260843
45 184 -0.011818420145172063
45 185 -0.09936326301723325
45 186 0.038644746023678296
45 187 -0.041003505725774027
45 188 0.04309692593279478
45 189 0.040342509464627523
45 190 0.018670549405193904
45 191 0.0055085233415762816
45 192 0.091032728652591308
45 193 -0.024870883372648239
45 194 -0.010297449830831973
45 195 -0.042286487845083376
45 196 0.016135564900803277
45 197 -0.019547666472941337
45 198 -0.097345001053962307
45 199 -0.1011766351223163
46 47 -0.023883120948957642
46 48 -0.025451233131293841
46 49 -0.1038811780376489
46 50 0.029227838114132931
46 51 0.021001835818000913
46 52 0.027972878024655992
46 53 0.02446101312931951
46 54 0.029336734235685856
46 55 0.060554927646837571
46 56 0.0089065611240741124
46 57 -0.0060971902168195976
46 58 0.027932610041113744
46 59 -0.070394402195877753
46 60 -0.057974865740526009
46 61 -0.045141346713300445
46 62 0.016155581781588341
46 63 0.013510592208879303
46 64 -0.066165601850276465
46 65 0.07682307303942558
46 66 -0.026561769933250365
46 67 -0.0028178653611803063
46 68 -0.14187055840595525
46 69 0.055222612981928501
46 70 0.13220346309221148
46 71 0.0099877548273742435
46 72 0.044289809481895287
46 73 -0.021544186915648536
46 74 -0.12457280312502436
46 75 0.015593237355195777
46 76 0.0058947681513798998
46 77 0.040569059212643185
46 78 0.034738888538331271
46 79 0.050412376021437597
46 80 -0.11156210365070407
46 81 -0.088972462238634989
46 82 -0.10870252259974558
46 83 -0.023884613629262894
46 84 0.051932082961643984
46 85 -0.05090791705789683
46 86 -0.045117918538679372
46 87 0.047396656300946423
46 88 0.007541611398784346
46 89 0.099990751912657341
46 90 -0.11679079833226202
46 91 -0.073339023922363689
46 92 -0.021006664941403661
46 93 0.082044500749328161
46 94 0.064606765265198804
46 95 -0.06080661732932454
46 96 -0.031898586207999659
46 97 -0.00040681635399234553
46 98 -0.13618254433082316
46 99 -0.062422288145992544
46 100 -0.056758371720623362
46 101 0.072364242327222647
46 102 0.087803467924029044
46 103 -0.061937544200001894
46 104 0.051223035642994526
46 105 -0.038464971294408547
46 106 0.061938536164498632
46 107 0.11322046629164817
46 108 0.074695905153118497
46 109 -0.059207146156910487
46 110 -0.0058170707342763712
46 111 -0.025531316803317824
46 112 -0.031688279870920308
46 113 -0.014454218456681326
46 114 -0.06890787022708085
46 115 -0.052080390853698463
46 116 0.062343619617701504
46 117 0.037210801871529468
46 118 -0.14864108308659807
46 119 0.033518157679304883
46 120 0.10327727704803265
46 121 -0.084131630640516319
46 122 -0.018531695096864361
46 123 0.091296526381508369
46 124 0.053660300013339761
46 125 0.055264824287776043
46 126 -0.034857152031714883
46 127 0.001732807521717016
46 128 0.048262646169339445
46 129 -0.072557518953802191
46 130 0.13946964766924352
46 131 -0.004636247145472127
46 132 0.018142902285352688
46 133 0.14535494130269241
46 134 -0.060172688852941442
46 135 -0.001530836477744379
46 136 -0.021444145965793169
46 137 0.11426108103203911
46 138 0.02500112232099819
46 139 -0.032345628240619248
46 140 0.021710280579606871
46 141 -0.092947759534995858
46 142 0.04132418525347057
46 143 -0.11959800711570935
46 144 -0.041950787641097304
46 145 0.094151378245516185
46 146 -0.027546770665867949
46 147 -0.013929222294351118
46 148 -0.08387522861509554
46 149 -0.016761500051152917
46 150 0.12357352712717173
46 151 -0.18783877152068462
46 152 0.051301552977732354
46 153 -0.13278197410293446
46 154 0.072111479280506666
46 155 -0.01129341030896748
46 156 0.042880062206597139
46 157 0.038549065315758663
46 158 -0.11300231194213527
46 159 -0.025153191505699651
46 160 0.075813584802040659
46 161 0.046379349292719502
46 162 -0.070372448006703697
46 163 0.12942848415359182
46 164 -0.059357612364927967
46 165 -0.042651844834478363
46 166 -0.00098576288678223082
46 167 -0.028616748891265576
46 168 -0.032088096956371846
46 169 -0.046525461288012757
46 170 -0.072154451874234346
46 171 -0.054010239160897915
46 172 0.0093591149808382925
46 173 -0.047234865698019782
46 174 0.071038625835955535
46 175 0.044069432466711356
46 176 0.017298445274494392
46 177 0.018473412521983344
46 178 -0.042917245112423522
46 179 0.011140485409374663
46 180 -0.02988015537524628
46 181 -0.031358670197023451
46 182 0.15438134374258708
46 183 0.056952967515863699
46 184 0.037763101335509766
46 185 0.049890359774987056
46 186 -0.0061801317843765196
46 187 0.042408516357936341
46 188 0.12521007991993316
46 189 0.040840816830259828
46 190 0.06723535272232091
46 191 0.033477627457734679
46 192 -0.044185604306253672
46 193 0.0011843103911234139
46 194 0.005120052460996608
46 195 -0.042849297525847402
46 196 -0.017385768110929855
46 197 -0.036281674315000942
46 198 0.050266032051663578
46 199 0.028963771112496747
47 48 0.045429172313722267
47 49 0.10353829416614431
47 50 -0.03674110576853179
47 51 -0.040699445764113308
47 52 -0.05580482807360828
47 53 -0.041611425906039487
47 54 -0.015057587398729977
47 55 0.0041110945996359347
47 56 -0.031892011811449399
47 57 0.03194675280033616
47 58 0.030395565257606089
47 59 -0.032405470712662927
47 60 -0.0020522307356936006
47 61 -0.032200474003429215
47 62 0.044399568111654575
47 63 0.10195732225587889
47 64 0.085219025313320956
47 65 -0.01438817420550482
47 66 0.0026526915269561449
47 67 0.053097411696497586
47 68 -0.070038432279432045
47 69 0.028703428095012997
47 70 -0.0018393120607653021
47 71 0.035416561595066683
47 72 -0.051473609278584478
47 73 -0.0041148130511982975
47 74 -0.095974834250099825
47 75 0.087301817086359826
47 76 0.036066736960045601
47 77 -0.029006705891207137
47 78 -0.044724315726391371
47 79 -0.012144004887168684
47 80 0.045923100625583822
47 81 -0.14449903510542936
47 82 0.007337166567289455
47 83 -0.096922627644602646
47 84 -0.070644874851211098
47 85 0.014373329189815999
47 86 0.038805085960113631
47 87 -0.0022089357244815871
47 88 0.055075233275760381
47 89 0.008645334437605354
47 90 0.033102272412669373
47 91 -0.033241193459240724
47 92 -0.0095849807346935871
47 93 -0.087999077603957504
47 94 -0.037246993685430559
47 95 0.028860624943563385
47 96 0.086620745888291203
47 97 -0.039558302901007092
47 98 -0.060966148006128519
47 99 -0.0059598606891090198
47 100 -0.14806318892467515
47 101 0.0044467829162011859
47 102 0.019879665611295852
47 103 0.060266404935042893
47 104 -0.059886786874933005
47 105 -0.18505978270304244
47 106 -0.063210799282300181
47 107 -0.027219361366891178
47 108 0.06797243766993144
47 109 -0.053772487134047975
47 110 -0.0098417886225282032
47 111 0.063131550813420201
47 112 0.10457822294608918
47 113 0.0099409264773240875
47 114 -0.047261908200131701
47 115 0.0014599470223747222
47 116 -0.054014237406882853
47 117 0.040697787971302572
47 118 0.10503083462635669
47 119 -0.0096477500658939518
47 120 0.066363532171245243
47 121 0.070049977204240207
47 122 0.026601774769059016
47 123 0.036856901527799454
47 124 0.038972886847173094
47 125 0.018626325066652103
47 126 -0.015928170714683276
47 127 0.11769215411468562
47 128 -0.09495988000501554
47 129 -0.0099251188788164798
47 130 -0.073775098586954246
47 131 0.11995610715172982
47 132 -0.12268309371066433
47 133 -0.011189993813736466
47 134 -0.10765029583104296
47 135 -0.020588173294545764
47 136 0.02769480436633566
47 137 -0.019038370796038553
47 138 0.01122730154521615
47 139 -0.11353665003965353
47 140 0.040544189512870372
47 141 0.0037914611340284735
47 142 -0.042994472474858235
47 143 -0.019742066734520388
47 144 -0.11037123783533724
47 145 0.028443657091962487
47 146 0.10020550326129125
47 147 -0.21404741813879338
47 148 -0.03192620338998358
47 149 0.11119630327358063
47 150 -0.096929001909456386
47 151 -0.12209425365014807
47 152 -0.1749705894407601
47 153 0.027920555166772811
47 154 0.14450412723413736
47 155 -0.12972625794451678
47 156 -0.018920440117682923
47 157 -0.061673363254919296
47 158 0.11111920985313309
47 159 -0.072732544333686866
47 160 -0.0056921479054567441
47 161 -0.028340263767564478
47 162 0.076130504823773121
47 163 0.033875987146070763
47 164 0.0071754618259075595
47 165 -0.075671984089919597
47 166 -0.013049075600006106
47 167 -0.072770678972436997
47 168 0.064165812249302831
47 169 0.007469711805944735
47 170 -0.077757879251853471
47 171 0.090423183473829355
47 172 -0.016834878813755297
47 173 -0.11765045643884008
47 174 0.018672016732517869
47 175 0.087692437735883741
47 176 -0.038553565547956088
47 177 -0.085754416498965813
47 178 0.016165084930891728
47 179 0.052941032214637029
47 180 -0.092629971621401685
47 181 0.076887763207994148
47 182 -0.0017184073169076673
47 183 0.10058349013602716
47 184 0.099103701988996207
47 185 0.048491949570297017
47 186 -0.0083470643834373144
47 187 -0.087596315715972414
47 188 -0.007276745469414315
47 189 -0.032111586108074866
47 190 -0.0083537028413164134
47 191 -0.037567150242720074
47 192 0.062127711551755636
47 193 0.027927780732323146
47 194 0.0044801966876697515
47 195 -0.029969918031340918
47 196 -0.051150055172204029
47 197 -0.046897839868803588
47 198 -0.083526951323094997
47 199 0.019136141296336819
48 49 -0.041386365298105368
48 50 0.12100318819936562
48 51 0.05503377378521191
48 52 -0.14156461111511356
48 53 -0.088744879485167266
48 54 0.023447327480710458
48 55 0.044380182384598836
48 56 -0.028301180007513568
48 57 -0.073950678536682163
48 58 -0.061218530890909534
48 59 -0.20869671378159246
48 60 0.032782745377628764
48 61 0.018601385007303104
48 62 -0.0060461621846620616
48 63 -0.021280727016922112
48 64 -0.058694060329888463
48 65 -0.12510130693646904
48 66 -0.063892673381487131
48 67 -0.085949520269765128
48 68 -0.020090415948123337
48 69 0.084251434358299279
48 70 0.012961381692066693
48 71 0.080284169956754914
48 72 0.071370702525349203
48 73 -0.10692114806449898
48 74 -0.052479235249135947
48 75 0.061753458453087801
48 76 0.0139738373844321
48 77 -0.039952109846067924
48 78 0.026393090930853257
48 79 0.030009412914931765
48 80 -0.014012210151480159
48 81 0.0065730695762294513
48 82 0.043576303198746724
48 83 0.21980366768029158
48 84 -0.057365432747259172
48 85 0.058813660666823704
48 86 0.0063081925558437987
48 87 0.019993869947783915
48 88 -0.10131078334467179
48 89 0.012203722874550623
48 90 -0.004732661343181707
48 91 -0.016041390397020044
48 92 0.10426874906678324
48 93 0.018046852320606866
48 94 -0.0045581678928471167
48 95 -0.10722480891085506
48 96 -0.10519090020810092
48 97 0.010868471220729856
48 98 -0.047404262990553662
48 99 -0.037677605611754934
48 100 0.11860382348642462
48 101 0.025819759228387792
48 102 -0.044228763811034265
48 103 0.036776923456560605
48 104 0.063005254862097904
48 105 0.0049338180702095617
48 106 -0.062608762583670527
48 107 -0.02404702508440924
48 108 -0.0017462135445636612
48 109 0.08793243063665257
48 110 0.031031146208832142
48 111 0.0283218471762283
48 112 -0.07340284355347805
48 113 0.047476629636120364
48 114 0.012791184281357398
48 115 -0.031916130820551412
48 116 0.0012104241067664504
48 117 0.022466314702811942
48 118 0.081529919334435708
48 119 0.052533487948002063
48 120 -0.12007628856896226
48 121 0.26535170177025674
48 122 -0.061388086947796398
48 123 0.002293942766575754
48 124 -0.049280596658812514
48 125 0.05921168688943261
48 126 0.011820542957040773
48 127 0.072490910006418857
48 128 -0.024155061841153177
48 129 0.1389911240201297
48 130 -0.085950360257140104
48 131 -0.014262340236730538
48 132 0.075097101034815636
48 133 -0.042981516424915496
48 134 -0.015448350014995433
48 135 0.0089299061760890041
48 136 -0.065004278780308039
48 137 -0.015199438891400919
48 138 0.1400587095536793
48 139 -0.025912882937453072
48 140 -0.099512568569985374
48 141 0.14359583749713212
48 142 0.13781616351099524
48 143 -0.075560598955253744
48 144 -0.06029727493153051
48 145 -0.10302545843091683
48 146 -0.18013064442046445
48 147 0.049790285560652195
48 148 -0.00047876600843033286
48 149 -0.0048142132883585232
48 150 -0.0055357225897996378
48 151 0.014583098999081917
48 152 0.032666173218805571
48 153 0.04676758887184921
48 154 -0.016579148425594461
48 155 0.044844735081028438
48 156 0.031164002587931033
48 157 0.0010062194735743896
48 158 0.039505107993175068
48 159 0.055849966403583695
48 160 -0.10221893854135203
48 161 0.098362122009411565
48 162 -0.049960306142699154
48 163 0.072096912302267196
48 164 -0.043132064653604099
48 165 0.0083307160737234182
48 166 -0.10219692299055065
48 167 -0.029161989255097102
48 168 0.023908747217564506
48 169 0.11925074690157622
48 170 -0.08353791011213034
48 171 -0.029297940612890105
48 172 0.061115174586504124
48 173 0.061530347549952492
48 174 0.047647721980884745
48 175 0.024852583782373608
48 176 0.19013617185172968
48 177 -0.029269957263166623
48 178 0.015572627913264608
48 179 0.014346693959882946
48 180 -0.072494910494636744
48 181 -0.017422370427295414
48 182 -0.08388447159179864
48 183 -0.053241976308709513
48 184 0.030403829233246409
48 185 0.13689053035982782
48 186 -0.038786876633596437
48 187 0.024277960376952602
48 188 0.11558957085949206
48 189 -0.020067166046441185
48 190 -0.14429734681779097
48 191 -0.10432665411484848
48 192 -0.016196604232908286
48 193 -0.010395921322716146
48 194 -0.049942109143829773
48 195 -0.021964571089552496
48 196 0.014424151510859635
48 197 -0.048382187933226101
48 198 0.027847464746746067
48 199 0.035908401764195283
49 50 -0.0080073131679528394
49 51 0.087125402850524974
49 52 -0.076316231459131578
49 53 -0.092686729449732524
49 54 -0.12823307495929698
49 55 0.012004335769095906
49 56 0.08947676908967897
49 57 0.082470701488485135
49 58 0.11535251071006536
49 59 0.025914891580719985
49 60 0.061108841906872907
49 61 0.11479378737138414
49 62 0.051539874264240247
49 63 0.012780700145279654
49 64 0.064285475956728608
49 65 0.0067335239595869489
49 66 -0.036552441156691012
49 67 -0.067107366959317002
49 68 -0.063799929237762232
49 69 -0.054396440482268174
49 70 0.05488952683643103
49 71 0.10791072433666359
49 72 -0.018414718332625122
49 73 0.021405860935546792
49 74 0.072044865820336215
49 75 -0.073081415092282886
49 76 0.0093140907786796231
49 77 -0.0039092048597957002
49 78 0.017090369676111054
49 79 0.032248746198823168
49 80 0.15683590546920631
49 81 0.09387396398017489
49 82 0.090527187795213793
49 83 -0.067110705905250034
49 84 0.0063106429394252034
49 85 0.059447411593046923
49 86 -0.010992496089973464
49 87 -0.010247154928903631
49 88 -0.040873646554014861
49 89 -0.078909901521292763
49 90 -0.035361003862351657
49 91 0.023224708607811749
49 92 -0.059566225173000011
49 93 -0.030700847731034448
49 94 0.012939615064960591
49 95 0.091314174822909613
49 96 -0.044289445309646389
49 97 -0.029474124543193213
49 98 -0.093629336026240462
49 99 -0.0031453257913744499
49 100 -0.072531154621846616
49 101 -0.13456947805964192
49 102 0.12186277279884412
49 103 -0.054557381838396715
49 104 -0.026050965265013933
49 105 -0.023080513943407429
49 106 0.095524261046776845
49 107 -0.045426590008318946
49 108 0.0095471062729327125
49 109 -0.048895902664254344
49 110 -0.069435731542966367
49 111 0.090840908196216458
49 112 -0.044437202873295042
49 113 0.018847448373991337
49 114 -0.14387823401710126
49 115 -0.066888537650924437
49 116 0.065352017183434211
49 117 -0.028491528551846359
49 118 -0.0022207278367598125
49 119 0.065883583075505903
49 120 0.047290016277219175
49 121 0.14365270195520893
49 122 0.0048396172431737147
49 123 -0.11564482089461318
49 124 0.014414979003510422
49 125 0.022525656400782107
49 126 -0.06596895487076572
49 127 -0.059800605709782614
49 128 0.017975688409149777
49 129 0.0096325824740222162
49 130 -0.1139508910120386
49 131 0.023878952373670638
49 132 -0.043291368925864528
49 133 -0.0039795483569261556
49 134 -0.18244104346772047
49 135 0.031648596191999827
49 136 -0.10423091609787456
49 137 0.00066524768807173207
49 138 -0.0097380971666186159
49 139 -0.028297535351611551
49 140 -0.029947684476625228
49 141 0.034679740174603658
49 142 -0.078548038790614852
49 143 -0.052107353320167901
49 144 -0.032283651867090493
49 145 0.01009051684343909
49 146 -0.02989940454930547
49 147 -0.076861486342608795
49 148 -0.02281227049286004
49 149 0.0019863869078602376
49 150 0.063388955364556854
49 151 0.025483474191892379
49 152 -0.011231499884918511
49 153 0.059880428744634701
49 154 -0.034728306863209504
49 155 0.055834227141048458
49 156 0.098663909268714142
49 157 0.045291702714660972
49 158 0.082167417105633814
49 159 0.13058897509216863
49 160 -0.097601337466777363
49 161 0.042553598069575718
49 162 0.038760845713212012
49 163 0.032732298511660422
49 164 0.10140229354842789
49 165 -0.054050466016533127
49 166 0.01794638384428519
49 167 0.081105104117108251
49 168 -0.055341009056610366
49 169 0.014277460842767173
49 170 -0.041961036633173805
49 171 -0.035413657317239375
49 172 -0.1469248237315206
49 173 -0.035559852711567225
49 174 -0.17570011319803205
49 175 0.053198722870820073
49 176 0.02797711460335409
49 177 0.17803008514233115
49 178 -0.023702335745758994
49 179 -0.058908766382014845
49 180 0.090144489769422548
49 181 0.02391268086632067
49 182 -0.005992950397088889
49 183 0.035976471016439596
49 184 0.028730096837477185
49 185 -0.049698052434754031
49 186 0.051626730809312862
49 187 -0.11860749627976779
49 188 0.011528232390111181
49 189 0.10235561655059522
49 190 0.044145669033715307
49 191 -0.0067526639553016242
49 192 0.09714305060051294
49 193 0.041972404526495616
49 194 -0.0029040220723429671
49 195 0.027039197143342207
49 196 0.058790823490948954
49 197 -0.032234638834302561
49 198 -0.042801495477318999
49 199 -0.074325663213062512
50 51 -0.056689504160808195
50 52 0.11610928361692927
50 53 0.13437302975804766
50 54 0.039635443520985345
50 55 0.072603702004383527
50 56 -0.022291366882587486
50 57 0.048410130902647702
50 58 -0.044807337893324063
50 59 0.052529178793561726
50 60 0.010319714323348911
50 61 0.037863629752411462
50 62 -0.049020650568907947
50 63 -0.010733112754644451
50 64 -0.062499126592427325
50 65 -0.070152308117066367
50 66 -0.040477714633123676
50 67 -0.042284855554412436
50 68 -0.047540883504421053
50 69 -0.023105495460670221
50 70 -0.081442262502988055
50 71 0.025774332185622854
50 72 0.047154630826464136
50 73 0.0091191889640732781
50 74 0.077359911221468333
50 75 -0.032389521222527196
50 76 -0.043732205192440123
50 77 0.029013512081886919
50 78 -0.13016224630266623
50 79 0.061576024402719261
50 80 0.017027316388184995
50 81 -0.037029461241079385
50 82 -0.010524517920094779
50 83 0.078080959349334719
50 84 0.080580442310824549
50 85 0.031578152674323422
50 86 0.080575045297665543
50 87 -0.026937304186602309
50 88 0.063014778002588881
50 89 0.011533828398675989
50 90 -0.017941413133899877
50 91 0.018787649111934642
50 92 0.078979618384303479
50 93 -0.11295494620097989
50 94 0.04752360693934083
50 95 0.10028109839087972
50 96 -0.13121044429444437
50 97 0.0077147412328587165
50 98 0.012844106707321739
50 99 -0.10728719816446342
50 100 -0.13246115976817635
50 101 0.015033083001576335
50 102 -0.0031571595210163187
50 103 -0.0012593579961405607
50 104 0.065696900297688557
50 105 -0.026996212228292838
50 106 0.15624976124396722
50 107 0.0095971127385385546
50 108 -0.0039602234639006815
50 109 0.035241184249410161
50 110 0.010844047704952337
50 111 0.039165348333880905
50 112 -0.10537731090329203
50 113 0.053299179082859402
50 114 -0.085095405894338408
50 115 -0.062003250979851682
50 116 0.17275237539973193
50 117 0.044799736557335927
50 118 -0.046227744849338843
50 119 -0.12106943632022259
50 120 0.019269642214641006
50 121 0.075495040027855481
50 122 0.041428758851230041
50 123 0.088012001626116304
50 124 0.03363605517791747
50 125 -0.072444866873093205
50 126 -0.00032832736063211911
50 127 -0.023770028734414365
50 128 0.082091924344775247
50 129 0.0072153515403707222
50 130 -0.0089073564194977386
50 131 0.11423449541091933
50 132 0.025728213357454108
50 133 0.036693246631266684
50 134 0.01112200220034754
50 135 0.077685253631391588
50 136 0.031487930644104448
50 137 0.016600173062223934
50 138 -0.099690424419656337
50 139 -0.078883811469168716
50 140 -0.03571278643245062
50 141 0.020791007511945868
50 142 -0.061098302446915422
50 143 -0.10066428461676051
50 144 -0.24203426847396572
50 145 -0.073250284849601832
50 146 -0.10938235259819123
50 147 0.017861850157375066
50 148 0.08022336059314622
50 149 -0.03109951494759584
50 150 -0.035562611003673333
50 151 -0.014938253695499082
50 152 0.17684909701379928
50 153 -0.12779519872962897
50 154 0.0033491038033044958
50 155 -0.13020807474971161
50 156 0.04414376927159061
50 157 0.16150272689692377
50 158 -0.062059173334103511
50 159 0.09757577217355945
50 160 -0.024249026552143425
50 161 0.03394012548070019
50 162 0.096789547565225134
50 163 -0.031342262205563257
50 164 0.0080248827704806555
50 165 -0.084488060825065436
50 166 -0.10362951250479747
50 167 0.029200734158931173
50 168 -0.094411877622706183
50 169 -0.030867129306148426
50 170 -0.067640406435784908
50 171 0.068527152048691212
50 172 -0.17655119407914763
50 173 -0.1086577477849186
50 174 0.051927549488583601
50 175 -0.090582415782582457
50 176 -0.093115465152067645
50 177 -0.015236115376167595
50 178 0.006430988528292326
50 179 -0.083787819969117272
50 180 -0.18505661474399929
50 181 -0.016107187533093852
50 182 -0.011559308791153234
50 183 -0.13160815136119622
50 184 -0.031369232894513613
50 185 -0.089969564807151611
50 186 -0.052740130474786817
50 187 -0.022117721115648033
50 188 -0.022582916318039443
50 189 0.02517282498376364
50 190 0.086275170844939908
50 191 -0.073521731291755599
50 192 0.13224856299918042
50 193 0.042667091166209495
50 194 -0.058089897406807166
50 195 0.037502782417372607
50 196 0.066883934791563418
50 197 -0.075698292399788605
50 198 -0.061261470416345241
50 199 0.056182304520453877
51 52 -0.12426096871544584
51 53 0.028843618309343753
51 54 0.059908619686752915
51 55 0.11044481866514023
51 56 -0.042254123034524235
51 57 -0.0660135283135731
51 58 0.012605181780190641
51 59 -0.043172890204211285
51 60 0.059315565946496222
51 61 0.070299589713575028
51 62 -0.057375205383514531
51 63 0.069571345626021075
51 64 0.035284270473843714
51 65 -0.037308380492317293
51 66 0.090230580738611676
51 67 0.057335198978044323
51 68 -0.029261294161440021
51 69 -0.048568653804886397
51 70 0.027634801943885328
51 71 0.024826744795458461
51 72 0.02328344787260064
51 73 0.069002498996993664
51 74 -0.034391487195474954
51 75 -0.075919642852644562
51 76 0.041017821480320946
51 77 0.086676150456706527
51 78 0.071043458954482636
51 79 0.013138186449178062
51 80 0.044096707424113785
51 81 -0.0094905026350222653
51 82 -0.11720398358581666
51 83 -0.015733684945134069
51 84 -0.045370589094956421
51 85 0.030694893388869399
51 86 -0.17809619415677491
51 87 -0.073988623235169276
51 88 0.048828648953785199
51 89 0.03773930143317944
51 90 -0.00084175043445322377
51 91 0.026351664648078515
51 92 -0.0080119179705595584
51 93 -0.1828126917884931
51 94 0.015000954493360827
51 95 -0.018489457092880662
51 96 -0.012339312478798256
51 97 0.0018183315045216734
51 98 0.026153674674133185
51 99 0.050401435146832242
51 100 0.03037120805178848
51 101 0.020673751348281293
51 102 -0.0046690969298072106
51 103 0.035697159458930233
51 104 -0.0063533237294011819
51 105 0.1102143137120524
51 106 0.005425913388930643
51 107 -0.030647264601864028
51 108 -0.015882173897947445
51 109 0.054108877926948622
51 110 0.0082248653760951008
51 111 0.01920811334915443
51 112 0.069181030141745023
51 113 -0.12117829487369762
51 114 -0.057789740102989685
51 115 0.0098335041003555484
51 116 0.016074363915977143
51 117 -0.020091804586684282
51 118 -0.12372215160064884
51 119 -0.037083673588736391
51 120 -0.073597927170366381
51 121 -0.021119652766988926
51 122 0.013960680773175057
51 123 -0.036318523691790783
51 124 0.099260364517208238
51 125 0.13964562343700662
51 126 0.063652769611625748
51 127 -0.098574414475673527
51 128 0.18478445483580166
51 129 -0.093948696559993883
51 130 -0.14115097115686645
51 131 0.013731591118600167
51 132 0.013507275798700516
51 133 0.030259867897156328
51 134 -0.012852911837070742
51 135 -0.077172135814531057
51 136 0.045691549838012609
51 137 -0.045944947288045455
51 138 -0.05269976594974482
51 139 -0.0020520973784104845
51 140 -0.061470641587097169
51 141 -0.039452181081737078
51 142 -0.094916978952261602
51 143 0.04303015821756713
51 144 -0.027321709255837712
51 145 0.03065362498059622
51 146 0.0061822394330877575
51 147 -0.076756094635206912
51 148 0.079162899600906694
51 149 0.031057345730790085
51 150 -0.035540479553408617
51 151 -0.040113561870781703
51 152 -0.054961303121677456
51 153 -0.075242353269341214
51 154 0.019255726438307443
51 155 -0.017259339436110112
51 156 0.034566848198375036
51 157 -0.011948049991771853
51 158 -0.030697055530702445
51 159 0.039613627470292449
51 160 0.051280376189615694
51 161 -0.0080374997781579686
51 162 0.015930842254068413
51 163 -0.02935861201451017
51 164 -0.15164734328630214
51 165 -0.054892018716632067
51 166 -0.095212136031259748
51 167 0.027541354021661101
51 168 -0.053509803462703155
51 169 0.0017608229844275783
51 170 0.10122041181239994
51 171 0.078918530570264642
51 172 0.066574068101624112
51 173 -0.0069410003125127588
51 174 0.091704629834805138
51 175 -0.11403245896263728
51 176 0.035681524861601067
51 177 0.065966355572556548
51 178 0.08241830112605654
51 179 0.072462916557220328
51 180 -0.072281751604795066
51 181 -0.071968152764410487
51 182 -0.0035525985746484691
51 183 -0.012232634008353513
51 184 0.0022788280291032035
51 185 0.10009168620565782
51 186 0.046304000116035388
51 187 0.1032155312993856
51 188 -0.10143702828736263
51 189 -0.037273296035731721
51 190 -0.020575056348113623
51 191 -0.013472043893338559
51 192 0.050240582580166643
51 193 -0.0093672738658643045
51 194 -0.018756517855100428
51 195 0.074310086321654353
51 196 -0.014383934048899576
51 197 0.027084773868693551
51 198 0.092525418699012998
51 199 0.18268913146520097
52 53 -0.12394783420564773
52 54 0.0021109754521977768
52 55 -0.075521825673829021
52 56 -0.11125915543829872
52 57 0.058906712103676588
52 58 -0.056243588208431519
52 59 0.029182525698964526
52 60 0.060811365910016422
52 61 0.013843248983975895
52 62 0.061394574664261833
52 63 0.035082380491717476
52 64 0.020707262864075621
52 65 -0.027099601886572473
52 66 0.0083203930799017473
52 67 0.10489077389515175
52 68 0.0249438190529837
52 69 -0.18979551335035907
52 70 0.056916608071282765
52 71 -0.056661445670916119
52 72 0.0026850453662884961
52 73 0.081305515213671936
52 74 -0.04133222128125031
52 75 -0.02307211836076143
52 76 -0.078565947148062171
52 77 0.022740629803951334
52 78 0.041991969530852172
52 79 0.02636461259860573
52 80 0.027562712818420695
52 81 0.019645910848353484
52 82 -0.10397439016092896
52 83 0.025190356969959735
52 84 -0.047199709179349895
52 85 -0.013019293591101301
52 86 -0.0063684412230145607
52 87 0.032153791711925471
52 88 -0.1474633405868751
52 89 -0.054639231305684162
52 90 -0.10555806628741175
52 91 0.090751078069301758
52 92 -0.01706003954226188
52 93 -0.053601267576879844
52 94 -0.051154296278547277
52 95 0.077206701509439604
52 96 0.069456914816682716
52 97 -0.18688193153867341
52 98 -0.022272962891655885
52 99 -0.035592810289779536
52 100 -0.00072204957504289199
52 101 0.049611860263620015
52 102 -0.019388255159823009
52 103 0.0063183071489596315
52 104 -0.014661527555085097
52 105 0.032733232001289289
52 106 -0.040494692279786346
52 107 0.060973415008130277
52 108 -0.063361420245570663
52 109 -0.075321296143755323
52 110 -0.17229674149184254
52 111 0.066780145518862577
52 112 -0.023274427364404018
52 113 0.11385483123684083
52 114 -0.0088999851464729683
52 115 0.17467096737413149
52 116 0.029370549796238193
52 117 -0.023494058864929574
52 118 -0.024749126000108035
52 119 -0.092239080484402589
52 120 -0.017682442275838369
52 121 0.003058213583161004
52 122 -0.038291782188748347
52 123 0.0068560868339000202
52 124 -0.10731831285444686
52 125 0.11111242279941912
52 126 -0.18686758065391676
52 127 0.0093055627625822038
52 128 0.021541981720616062
52 129 0.055198630578989522
52 130 -0.0057621115103649485
52 131 0.1724820109691072
52 132 0.052002258632347503
52 133 0.083749509769663208
52 134 0.031109111431767832
52 135 -0.058178298296109474
52 136 -0.013104519352080648
52 137 -0.0046344951333847518
52 138 -0.087388423618836059
52 139 0.081750989595993875
52 140 0.025996023714909194
52 141 -0.18219458265974267
52 142 0.054849054821937103
52 143 0.076606608831657999
52 144 0.072134608561528327
52 145 -0.016124359029067104
52 146 0.15060707593030515
52 147 0.016534197925638927
52 148 -0.0402989649349864
52 149 -0.02881142103554054
52 150 0.088028901885310512
52 151 -0.077287753659443612
52 152 -0.052164614861956123
52 153 0.030097088381151549
52 154 0.029823591765711775
52 155 0.090705576470468965
52 156 -0.010872277497372103
52 157 0.010488120037198921
52 158 -0.0085694875200518841
52 159 0.12375477701074691
52 160 0.03483539994309439
52 161 0.084051979459576889
52 162 -0.097248466569185732
52 163 -0.037297473053942432
52 164 -0.0027800073076705506
52 165 -0.0039261438916329298
52 166 0.080528870482942758
52 167 0.025288679076038142
52 168 0.0084910543006536526
52 169 0.083148808851229702
52 170 -0.15628070386231413
52 171 0.024271369004745975
52 172 -0.064028524524180133
52 173 0.12214359232175637
52 174 -0.0032299443058927367
52 175 0.035696939384081035
52 176 0.075213832785425108
52 177 0.020067703779198094
52 178 -0.079978749644873712
52 179 -0.022824393308712436
52 180 0.00027972201299095953
52 181 -0.0036358773592375161
52 182 -0.076786203116996618
52 183 -0.046893108116790254
52 184 -0.013932580958476324
52 185 0.048287825017815499
52 186 -0.032617606457351442
52 187 0.098471641012803729
52 188 -0.039159508997849576
52 189 0.029544032006031364
52 190 -0.15966439616417097
52 191 -0.011824895499695851
52 192 0.099120661278653113
52 193 -0.12575535052636219
52 194 -0.030477972668032993
52 195 0.049187328215884729
52 196 0.031753043927242652
52 197 0.12910327343799427
52 198 -0.070258190839005114
52 199 0.013921036932117511
53 54 -0.0080745466298281516
53 55 -0.094090214119161894
53 56 -0.090150498603218027
53 57 -0.016611677453163151
53 58 0.033190106441022271
53 59 -0.0034899736848159751
53 60 -0.075035338753927483
53 61 0.15038062698900553
53 62 0.043651679410805194
53 63 0.024340119760195116
53 64 -0.10562235786696622
53 65 -0.01333784984424234
53 66 0.074488446880949161
53 67 -0.079155780649896895
53 68 -0.10720296627722817
53 69 0.0095095422133933145
53 70 -0.010997645421655503
53 71 0.031158006307942229
53 72 0.046725743290125112
53 73 -0.027581548741007933
53 74 0.082493893068161323
53 75 0.025153142757433807
53 76 -0.018813727447625789
53 77 0.051708934069789644
53 78 -0.062618040059832597
53 79 -0.055293498606059061
53 80 0.057646397230955271
53 81 0.065647315461209832
53 82 0.051807655884492904
53 83 -0.067657591944464648
53 84 -0.13245976640660387
53 85 -0.12002259896039952
53 86 0.034102716616104992
53 87 0.075112411818439348
53 88 0.04907557457761124
53 89 -0.037756606494294243
53 90 0.080839087996226675
53 91 -0.0020150189179756845
53 92 0.031260397460109966
53 93 -0.056347429914172048
53 94 0.012916972564638371
53 95 0.10912128586359722
53 96 0.08339114251610745
53 97 0.13392733563225784
53 98 -0.088294668082699174
53 99 -0.090447434423155532
53 100 -0.11403339590951421
53 101 0.016944604714213239
53 102 -0.021149515711765463
53 103 -0.051907414410601295
53 104 -0.02672173083603065
53 105 0.055230634194271204
53 106 0.029659151555251891
53 107 -0.096180585003467822
53 108 -0.058958303676373218
53 109 0.10412931988806577
53 110 -0.029017740019153821
53 111 -0.013426439821426051
53 112 0.071919778559079037
53 113 -0.08674275448449123
53 114 -0.057960301423818833
53 115 0.19094547559870609
53 116 0.20532702908047401
53 117 -0.12451807583365436
53 118 0.141600550549767
53 119 0.080350739353802117
53 120 0.021406823541657263
53 121 -0.0010952169034421074
53 122 0.025693476097429974
53 123 -0.084601741660253638
53 124 -0.04940912915942005
53 125 0.030879466397217673
53 126 -0.081283984605269158
53 127 0.010285825770126189
53 128 0.065523137686331084
53 129 0.056840868623882532
53 130 0.06644364683579132
53 131 0.038844287835207984
53 132 -0.12482284306969048
53 133 0.12063508314196071
53 134 -0.0015863362524500813
53 135 -0.05817987631070836
53 136 0.09209095438084737
53 137 0.047146739459307051
53 138 -0.047443713792920797
53 139 -0.0624406172494162
53 140 -0.067329989385429639
53 141 0.073694244564884701
53 142 -0.058170821993158449
53 143 0.068304476105805617
53 144 -0.03157002709074723
53 145 0.068061655455315229
53 146 0.010971810050852871
53 147 0.0205489769731531
53 148 0.14398015145715942
53 149 0.055419543148263729
53 150 0.025968026607376418
53 151 0.029135122419748794
53 152 0.029357257356076034
53 153 -0.040214356900153507
53 154 -0.090293531606007157
53 155 0.056535768167985168
53 156 -0.07025117796547628
53 157 0.0073256100805741912
53 158 -0.055709666791540796
53 159 0.0895366689036136
53 160 -0.066185521393834726
53 161 -0.11219019400692841
53 162 0.087136168142246895
53 163 -0.062164266951847527
53 164 0.0017229271647898751
53 165 0.021167519794502328
53 166 0.052447133724677936
53 167 0.052195587195444239
53 168 -0.037915659617625677
53 169 0.0073913611864003786
53 170 0.01272169302363972
53 171 -0.085920483566329198
53 172 -0.055534491983680039
53 173 0.19168473223816948
53 174 0.065285212691006733
53 175 0.087880189234022452
53 176 -0.090843643189730733
53 177 -0.16242426478506669
53 178 0.043518559884456097
53 179 -0.051115222983925339
53 180 0.015989224005347202
53 181 -0.058900403246106639
53 182 0.15513735167149983
53 183 0.079304505225824232
53 184 -0.0230684736593962
53 185 -0.025722956991723857
53 186 -0.037943081710652894
53 187 -0.12503521924962449
53 188 -0.0010909859627383956
53 189 0.1435880498051855
53 190 0.040746956204278824
53 191 -0.12373428477730622
53 192 0.02337151635831183
53 193 -0.089793931748147676
53 194 0.10732789352330645
53 195 -0.043800332098461875
53 196 -0.16773825235546758
53 197 -0.051152849102411919
53 198 0.084418950683317673
53 199 -0.010138367385936767
54 55 -0.024235585500149155
54 56 -0.093564624709335187
54 57 -0.057867423131543728
54 58 -0.16799177319839065
54 59 -0.11355088253432999
54 60 -0.011485058044893881
54 61 0.076812699898810802
54 62 -0.064829530171865504
54 63 0.11032691101956464
54 64 0.032190642716368879
54 65 -0.014867493639189726
54 66 -0.10585464779809202
54 67 -0.0078412115508279569
54 68 -0.0088402592325519478
54 69 0.087798499441557806
54 70 0.033991266482288493
54 71 0.054724365702983349
54 72 0.041446663488783536
54 73 0.016617338420827403
54 74 -0.0038050541414485998
54 75 -0.1077123721497819
54 76 -0.0274842498253835
54 77 0.038762083449166505
54 78 0.012376790169490294
54 79 -0.0085213406575652823
54 80 -0.036161759121040984
54 81 -0.1158319839892384
54 82 -0.018474980905959254
54 83 -0.023729724476545023
54 84 0.090475019305647539
54 85 0.087746587630635961
54 86 -0.018234365242965248
54 87 0.0051115640258548997
54 88 -0.07209827675356674
54 89 0.012041161760767544
54 90 0.056219523640675423
54 91 0.0074298804885917034
54 92 0.046870305994425987
54 93 -0.011365471743936534
54 94 0.046775561686146466
54 95 -0.098387342204341074
54 96 -0.057498436922313712
54 97 0.061989214753223498
54 98 -0.0049681435796859802
54 99 0.15931472056090715
54 100 -0.056619841653919749
54 101 -0.040145556871719168
54 102 -0.11882926672433815
54 103 -0.020179147790759345
54 104 -0.0029722066983959902
54 105 -0.026263054715284822
54 106 -0.064731578912836776
54 107 0.052775461316184581
54 108 -0.00056013523690266525
54 109 -0.066898257406117378
54 110 0.025298563344246978
54 111 -0.078504335904487077
54 112 0.0038857022363109621
54 113 -0.13078122163021069
54 114 -0.15640274739752436
54 115 -0.083215287498668175
54 116 -0.071978739723375748
54 117 -0.026628435683439266
54 118 0.053636212756443855
54 119 0.043799456513478705
54 120 -0.078398174116853375
54 121 0.061400146596898672
54 122 -0.10087533769214176
54 123 0.02255670974811257
54 124 0.11961269074486205
54 125 0.049787195500080164
54 126 -0.0028578575682709547
54 127 -0.095769843002571894
54 128 0.20799319539237471
54 129 -0.13327052969724171
54 130 -0.038007548834167917
54 131 0.012749092333599624
54 132 0.062824926896260791
54 133 -0.078794422705920908
54 134 0.029535315274648755
54 135 0.083897471485789951
54 136 0.11163518135985329
54 137 0.068405356242518991
54 138 -0.087857840800675352
54 139 0.085410313592011691
54 140 0.051188702040897344
54 141 0.12163487804492058
54 142 0.05310530259508732
54 143 -0.0064795839666075836
54 144 0.012701417395550621
54 145 -0.040384114660705989
54 146 0.065073730510382732
54 147 0.083774794049849902
54 148 -0.0030135176703120587
54 149 0.0023940058473818498
54 150 -0.18630519327138365
54 151 0.012840555491752163
54 152 -0.049128694520160505
54 153 -0.0072742118165835291
54 154 0.041822673550700608
54 155 0.0028796914069773067
54 156 0.025575023336936863
54 157 -0.14173777355146658
54 158 -0.060814129745202311
54 159 0.03478818719922129
54 160 0.096033442552943118
54 161 -0.027572319110255681
54 162 -0.052911476845720132
54 163 -0.062710910607678985
54 164 0.11229706417517357
54 165 0.021762510087444956
54 166 0.055112901320953513
54 167 -0.063268700083564569
54 168 0.079030214805429447
54 169 -0.071701822317920133
54 170 -0.0095461811938522996
54 171 -0.082473662360331684
54 172 -0.060612946277902764
54 173 -0.13023930185947422
54 174 -0.11873283628590756
54 175 0.055159705944874265
54 176 0.0022138754863821309
54 177 0.09839616603652164
54 178 -0.028346285121390556
54 179 0.049189941339195326
54 180 -0.064302282429060387
54 181 -0.12457463744078728
54 182 -0.025651873315691413
54 183 0.031050299905245427
54 184 -0.033134029673409317
54 185 -0.061545759148958358
54 186 0.046700984819551455
54 187 -0.048276348666904133
54 188 0.012861985214499534
54 189 -0.066582822917178985
54 190 -0.078994235834901491
54 191 -0.0061734269184924636
54 192 0.094431674565165852
54 193 -0.072307702670370747
54 194 0.0046103456504762858
54 195 -0.015579804332616529
54 196 -0.062455208275691072
54 197 0.049675720781447615
54 198 0.040500918281285735
54 199 0.022216414920063141
55 56 0.034841093611806671
55 57 0.054790058782524492
55 58 -0.12661397771530791
55 59 -0.047902691486455554
55 60 0.028901005905208502
55 61 -0.036421527256991749
55 62 0.05811214667162707
55 63 0.033417337707726105
55 64 0.040839949855321279
55 65 -0.05094679522230134
55 66 0.021698419571857971
55 67 -0.045821394573741944
55 68 0.17312858611481119
55 69 -0.04157699070263754
55 70 0.05462124845237834
55 71 0.046786826696852329
55 72 -0.019400281984188545
55 73 0.016989911719862579
55 74 0.055085097313067155
55 75 -0.1223001376081569
55 76 0.0020534480547649133
55 77 0.048498889086608828
55 78 -0.024017054882063019
55 79 -0.0053769365942131853
55 80 0.030066461039749946
55 81 -0.044901042573650699
55 82 -0.0080119103211772225
55 83 0.071076291624196389
55 84 0.015894328263140869
55 85 -0.083672813665833262
55 86 0.065198925209075109
55 87 0.06738991501557906
55 88 -0.070210254908151942
55 89 0.03025263229121285
55 90 -0.010535090591037438
55 91 0.014787415514621514
55 92 0.045644181137913964
55 93 -0.068702824521720635
55 94 -0.015753758818977222
55 95 -0.01354443046729098
55 96 -0.13750008341747322
55 97 -0.18626412462526845
55 98 -0.043856233572224131
55 99 -0.13738500268993936
55 100 -0.0098415307878822467
55 101 -0.037664007206619179
55 102 -0.16006645860418453
55 103 0.021590462419899103
55 104 0.02462076294394705
55 105 -0.083338712437739784
55 106 -0.034695198905892802
55 107 0.029804153576122785
55 108 -0.057892409715369027
55 109 0.13000303183068598
55 110 -0.0005609496610934398
55 111 -0.027554197011625346
55 112 -0.046086256406128893
55 113 0.12816003694324507
55 114 0.10130009950140399
55 115 0.012471253973089614
55 116 0.018402496997773257
55 117 0.072336856180356415
55 118 0.01032724874058609
55 119 -0.0039520666471881301
55 120 -0.06047330001217515
55 121 -0.053861369446260382
55 122 -0.04673392815646385
55 123 0.030410398749221374
55 124 -0.02052410244042591
55 125 -0.043229190354204437
55 126 0.026693191789070654
55 127 -0.029953796827751553
55 128 -0.043798432300593153
55 129 0.014123718561069538
55 130 0.048024530143518866
55 131 0.10868449571719685
55 132 0.017990251316696952
55 133 -0.089063370517406676
55 134 -0.070486289879552827
55 135 -0.12089262964986637
55 136 0.041248991290856199
55 137 0.038365642846573351
55 138 -0.088930767585124457
55 139 -0.13665538171612049
55 140 -0.028356891110514575
55 141 0.026504472376340422
55 142 0.089163584607159854
55 143 -0.06441123690706739
55 144 -0.042325561735791675
55 145 0.040109648234237988
55 146 -0.012389298367488373
55 147 0.10291391660376478
55 148 -0.071212400223130939
55 149 -0.039161563593799652
55 150 -0.12283063972500394
55 151 0.11554008522355602
55 152 -0.013785667338361141
55 153 -0.040515463721892485
55 154 0.12511526908442852
55 155 -0.026035660261045538
55 156 0.042108100663927367
55 157 0.026008330369130844
55 158 0.04826205320189321
55 159 0.056930998096682721
55 160 -0.09312824561828352
55 161 0.05856023205108013
55 162 -0.027974282447793472
55 163 -0.14738736827403898
55 164 0.036139015589859144
55 165 0.032913766790895305
55 166 0.051662305228926321
55 167 -0.0075424370281440686
55 168 0.10466146365863396
55 169 -0.1309667650760688
55 170 -0.15109342189828517
55 171 0.0035768868991161245
55 172 0.014082294114197803
55 173 0.071826507124498437
55 174 -0.03400725654217248
55 175 -0.071559777099901481
55 176 -0.054629286911032908
55 177 -0.16773596199636684
55 178 0.20757445138714645
55 179 -0.059509902302796465
55 180 0.095761439110088192
55 181 0.034759966792375092
55 182 -0.029760667577515734
55 183 0.0034485550315531961
55 184 0.068012618102827591
55 185 0.12005702047943233
55 186 -0.012831234880560108
55 187 0.0018704087419187528
55 188 0.010480993026225079
55 189 -0.048634653820901326
55 190 0.036233909658201634
55 191 -0.05250609173277835
55 192 0.062262071587177399
55 193 0.043293616797603143
55 194 0.068255891288036163
55 195 0.032498728081548731
55 196 0.085996950224208987
55 197 -0.047465005550303536
55 198 -0.025521186241398375
55 199 -0.15099966095684489
56 57 0.10733242096216793
56 58 -0.1962868728064231
56 59 -0.017567655897667629
56 60 0.055857963104655427
56 61 -0.024501252159195873
56 62 0.037838423384050898
56 63 -0.031517757176194483
56 64 0.05925328805451522
56 65 -0.034634031645184506
56 66 -0.071403548681311546
56 67 -0.1316364722281014
56 68 -0.11270910889131297
56 69 -0.028102784282787441
56 70 0.048825481092555703
56 71 -0.092022037948625249
56 72 -0.12466387356799029
56 73 0.012161334360778559
56 74 0.0014217480190276772
56 75 0.070407161911181432
56 76 -0.015934943132478105
56 77 -0.13248641250590529
56 78 0.10108316099006141
56 79 -0.079683368376800442
56 80 -0.088169781744613582
56 81 0.089548498388781234
56 82 -0.044676539757305372
56 83 -0.056130084789307991
56 84 -0.0308050942933553
56 85 0.089100097539093329
56 86 0.00060907464205129812
56 87 0.074607308173267883
56 88 -0.10986486128160478
56 89 -0.0022673888080047286
56 90 0.011331091174482373
56 91 0.079080877126369548
56 92 -0.0074271746383938108
56 93 -0.044612695366207746
56 94 -0.026470175808055885
56 95 -0.0024084083132698262
56 96 -0.018241224871376454
56 97 0.081516133249194503
56 98 0.0053233094515055639
56 99 0.00594094376359291
56 100 -0.026718959955366443
56 101 0.08600873281762321
56 102 0.023183028025165503
56 103 0.064515594914410654
56 104 -0.028153107352047773
56 105 -0.24947289773884945
56 106 0.15398904880113784
56 107 0.027872614206350135
56 108 -0.010934602320174031
56 109 0.029309403876846517
56 110 -0.055540332462959051
56 111 0.017550131727126161
56 112 -0.075555553347562157
56 113 0.097464316633493378
56 114 0.0035070378740058778
56 115 0.079897278969246588
56 116 -0.1779640588809612
56 117 -0.19294106861396629
56 118 -0.090348915135916266
56 119 0.11805041064168864
56 120 0.018463295066696337
56 121 -0.0038460951495520165
56 122 -0.14349957437806929
56 123 0.049532590452042433
56 124 0.0020728978762810154
56 125 -0.03692989557792168
56 126 -0.041993304833871446
56 127 -0.024675584489349315
56 128 -0.066792361471061754
56 129 0.045640937037034653
56 130 -0.029978971390023701
56 131 -0.024327259515800285
56 132 -0.0065742556355863129
56 133 0.055359834996655956
56 134 0.025699602909286159
56 135 0.0032488953664942589
56 136 0.15897200639729123
56 137 0.068943655148172481
56 138 -0.02853667653414365
56 139 -0.05953621226538109
56 140 -0.04534855877011814
56 141 0.071902076839208184
56 142 0.077103975914843567
56 143 -0.10260999128901913
56 144 -0.029749569324101732
56 145 -0.067038227183272792
56 146 0.10159677706739623
56 147 -0.041132327937591327
56 148 -0.043033160805795397
56 149 -0.043913560631775185
56 150 -0.028047773824284573
56 151 -0.053232066252848952
56 152 0.0047178381586704884
56 153 0.060442363019148418
56 154 -0.14136673174438288
56 155 -0.11191024359041232
56 156 0.052426074979871139
56 157 -0.0013567382578283634
56 158 0.0044757937340109515
56 159 0.012430016834387129
56 160 -0.08681854209798745
56 161 0.045574850816886933
56 162 0.047937391600872938
56 163 0.068370839472726805
56 164 -0.083319691602315102
56 165 -0.02325008120449136
56 166 -0.099213998233436906
56 167 0.0698723066470954
56 168 0.019639384819838707
56 169 -0.048661282591060999
56 170 0.007531527434676593
56 171 -0.033627429711611485
56 172 0.040860632764908485
56 173 -0.010258290855688005
56 174 0.027895644957994559
56 175 0.039546973247645348
56 176 -0.0051997638626293044
56 177 0.04304060049582438
56 178 0.024369879607490711
56 179 0.06993830406701082
56 180 0.059358402664474279
56 181 0.0038685673134939017
56 182 0.029035800575872357
56 183 0.13995388301607628
56 184 -0.031679132342139614
56 185 0.12608971869465344
56 186 0.035826608798169401
56 187 0.0090814082468092822
56 188 -0.066625058528253164
56 189 0.051375042257654172
56 190 0.029780947791801186
56 191 0.0053876875946319101
56 192 0.070809221932242844
56 193 -0.032945998201484077
56 194 -0.10366620437123965
56 195 0.021521513323046786
56 196 0.037683663808948518
56 197 -0.073264326067879151
56 198 -0.10991605421887647
56 199 0.01556562420771024
57 58 0.049367243859475357
57 59 -0.020541185847669726
57 60 0.094302434171414831
57 61 -0.023242216906600256
57 62 -0.0028346648929297646
57 63 -0.078099933388767806
57 64 -0.034561036465360025
57 65 0.16700293192781024
57 66 0.042077161294395087
57 67 -0.016297346875178149
57 68 -0.03088789413577564
57 69 -0.09787021428333148
57 70 0.030966047135176672
57 71 0.024313121904669766
57 72 -0.10065949805498674
57 73 0.029175276893678173
57 74 0.079289035245904763
57 75 0.017621190305291478
57 76 0.077687993583193352
57 77 -0.016519380490762455
57 78 0.069787740775993812
57 79 0.12764641965992554
57 80 0.025761669794416478
57 81 0.0758983763118527
57 82 0.0015031788521427071
57 83 -0.13191848315617399
57 84 0.060242067844066438
57 85 0.004780345356049087
57 86 0.024855433045826977
57 87 -0.062030970205988065
57 88 0.14207026006521875
57 89 0.034612864863945353
57 90 0.13123658301625815
57 91 -0.20846674658787948
57 92 0.088398912222921205
57 93 0.034460937376331997
57 94 0.015862990828227366
57 95 -0.0098648812492149445
57 96 -0.035862224607730676
57 97 0.0078046382149518879
57 98 0.013667472121211057
57 99 0.089500693026817998
57 100 -0.06791645058794793
57 101 0.041606411828370722
57 102 -0.053502283193886419
57 103 0.013984111293745514
57 104 0.092301791284878615
57 105 0.021864874450100803
57 106 0.14528474054516713
57 107 -0.092772449821677816
57 108 0.017651814985759875
57 109 -0.024678721066934362
57 110 -0.10242267158188993
57 111 -0.055391362374168411
57 112 0.012673136844853737
57 113 0.028688615775108822
57 114 0.080154359718612858
57 115 -0.0034547631532047592
57 116 0.064404473241672699
57 117 -0.059156935531060099
57 118 0.10587359905077799
57 119 -0.065413830740568862
57 120 -0.076949617335028864
57 121 0.056244527843052942
57 122 0.071719621297131331
57 123 0.11110723985138761
57 124 -0.0056317726042177203
57 125 0.089576368960990804
57 126 0.026110572120507578
57 127 0.062390293174260154
57 128 0.070856117963214768
57 129 0.02063730312128521
57 130 -0.056442863238973899
57 131 -0.043063126977062563
57 132 -0.0421945686362949
57 133 0.0060240254339326057
57 134 0.011592316124429023
57 135 0.20159412244941394
57 136 0.035199852105311381
57 137 -0.097583622978874698
57 138 0.11914395841801394
57 139 0.061689301867221463
57 140 -0.037988388198504162
57 141 0.054957428645741567
57 142 0.13105513668661781
57 143 -0.052927347538213779
57 144 -0.01796524775684839
57 145 -0.044516991170408395
57 146 0.033455870392583895
57 147 0.024227139823990128
57 148 0.077393695678804858
57 149 -0.0051978484283262422
57 150 0.039936595678835576
57 151 0.16150841115288853
57 152 -0.025799749872641633
57 153 0.033932203397874602
57 154 0.11765984653635908
57 155 0.022557797775051711
57 156 -0.12616690052450355
57 157 0.044780834292126516
57 158 0.029474395374322785
57 159 0.052370619456780822
57 160 0.15488286732465062
57 161 -0.023473363799268277
57 162 0.074125176781457899
57 163 -0.18069298767256667
57 164 -0.092988727270544802
57 165 0.0057557411511617541
57 166 0.11016283631757975
57 167 -0.020514110589376987
57 168 -0.096574457453667897
57 169 -0.069494489610312418
57 170 -0.058922388689843369
57 171 0.014498503593148795
57 172 -0.04070526498905995
57 173 -0.068660480915571767
57 174 0.052856151853265178
57 175 -0.019445689466496649
57 176 -0.031152837879973454
57 177 -0.10536714508271089
57 178 -0.17327220073945865
57 179 0.1042309371743866
57 180 -0.1456634337382072
57 181 0.14191079985867283
57 182 -0.019538313995591888
57 183 -0.070842795307650475
57 184 -0.12124734864250568
57 185 0.049908699582088059
57 186 0.018017214689298178
57 187 -0.034448620166168266
57 188 0.023257671773838844
57 189 -0.039422429197049177
57 190 -0.045758368555594349
57 191 0.0046104658744490611
57 192 0.09453566189942092
57 193 0.0016203000308458316
57 194 -0.082444402174993048
57 195 -0.13614072005855735
57 196 -0.074930077697730829
57 197 -0.042848383608566777
57 198 -0.035117186122579608
57 199 0.052231464465092969
58 59 0.047937365135215106
58 60 -0.043078934459938885
58 61 0.11168255995070688
58 62 -0.11559186731200009
58 63 -0.0042399212490789621
58 64 -0.10638469241336215
58 65 -0.028497927000533208
58 66 -0.0095635063812011013
58 67 0.057223340185412946
58 68 -0.060298282727342938
58 69 -0.038253332647590649
58 70 -0.031801030302913827
58 71 0.085321980935883737
58 72 0.037601127295565952
58 73 -0.0036384933728669322
58 74 0.053649810681393795
58 75 -0.048855698409385841
58 76 -0.068177050083410448
58 77 -0.060710203374672561
58 78 0.019462126882734541
58 79 0.049265750038551423
58 80 -0.093147759524082691
58 81 -0.018584381779471037
58 82 -0.048060052099671034
58 83 -0.0091314090931148284
58 84 0.080726901566234854
58 85 0.05228820871468666
58 86 -0.056321478634860006
58 87 0.026010318574251696
58 88 -0.074162799793812545
58 89 -0.03518882964355774
58 90 0.13596232202337521
58 91 -0.054075677221243318
58 92 0.021586493835353757
58 93 0.025224707787389378
58 94 -0.0015271744530605726
58 95 0.10635861084911023
58 96 -0.0090870536206445682
58 97 -0.042228977922047051
58 98 0.04827895993176011
58 99 -0.033656510642959193
58 100 -0.046012693787859285
58 101 0.019080926944430442
58 102 0.031722547152394628
58 103 -0.032771093668625885
58 104 -0.021711614102548262
58 105 -0.018568774430381792
58 106 -0.018351467045548821
58 107 0.024412464103940011
58 108 -0.02888883960894674
58 109 0.044638417972661437
58 110 0.077515618300293479
58 111 0.05123171143461655
58 112 -0.18192320577892956
58 113 -0.073219598413113984
58 114 -0.028191631487013705
58 115 0.019844173934919284
58 116 -0.020042911269464881
58 117 -0.081760898364728066
58 118 0.017234951340771239
58 119 0.068537880362522299
58 120 0.088739427058660433
58 121 0.065930608673744923
58 122 -0.0012976253879369332
58 123 -0.13401812985573722
58 124 0.057099091745706793
58 125 0.095106368839340594
58 126 0.035558076470662656
58 127 -0.033294314343950721
58 128 0.13660216131874503
58 129 0.064063164523719365
58 130 0.015072124254583647
58 131 -0.071917033684614759
58 132 -0.17745947470157214
58 133 -0.050940610329882209
58 134 -0.02794174077031682
58 135 -0.040475687472767662
58 136 0.040696272395383759
58 137 -0.010095245076435694
58 138 0.033665553002608414
58 139 0.1152623198637474
58 140 0.043047524753546881
58 141 -0.1314706981679874
58 142 0.017015528485810762
58 143 -0.066443558520962884
58 144 0.041571910801411989
58 145 0.14563434917869575
58 146 0.018982153060997403
58 147 -0.12103219836536049
58 148 0.014729286184885095
58 149 0.03515939515549725
58 150 0.037262381224105502
58 151 -0.01619300907142034
58 152 0.096063057454729137
58 153 0.010629770215383118
58 154 -0.053007914594181825
58 155 -0.016378833447896025
58 156 -0.034362383436422311
58 157 0.084668544792430384
58 158 0.070923226550950833
58 159 -0.083316802093782949
58 160 0.081118757085664905
58 161 -0.08416162923814835
58 162 0.14354911598226694
58 163 -0.0058880060404090002
58 164 0.048183293368432342
58 165 -0.1299828280818103
58 166 0.031124043934588595
58 167 -0.05423783267781649
58 168 0.0029738222289418244
58 169 -0.045939820875733874
58 170 -0.13358735439255456
58 171 0.13392855592944514
58 172 -0.11864384050232188
58 173 0.12098232892243299
58 174 0.11606340181859723
58 175 0.18389718695545085
58 176 -0.1745702815536995
58 177 0.024349495313637448
58 178 -0.089976364295949726
58 179 -0.035516904784614785
58 180 0.0077732788541359527
58 181 -0.083175126938424326
58 182 0.17624541537015212
58 183 0.0056202557853700461
58 184 0.066363496758919421
58 185 -0.022561300000582204
58 186 -0.0079249439014670211
58 187 0.043121637458555406
58 188 0.00058752748068761082
58 189 0.031488048023221152
58 190 0.071867433914522272
58 191 0.00049614198947984546
58 192 -0.043602142643394882
58 193 -0.090430177582353805
58 194 -0.067200990461543264
58 195 0.076648548973565683
58 196 -0.08708352155902209
58 197 -0.074722426507271886
58 198 0.062109080664775614
58 199 -0.12521053482899802
59 60 0.058128115565934502
59 61 -0.0052860970516933675
59 62 -0.080111652077292081
59 63 0.046458228058211738
59 64 -0.014500326609929294
59 65 0.10983064041938934
59 66 -0.092455499904692318
59 67 -0.035231799144175742
59 68 -0.029912704557799891
59 69 -0.037685044207938452
59 70 0.077580059142974958
59 71 0.00039665537700770017
59 72 0.058419229637418392
59 73 0.058599335327324538
59 74 0.079253377774056874
59 75 -0.15008387283717053
59 76 0.0068618383929665606
59 77 -0.081637822071982086
59 78 0.042860986169451443
59 79 0.045354155891594007
59 80 -0.089473658409254073
59 81 -0.0090109290080250416
59 82 0.14301298420710298
59 83 0.060931905116824434
59 84 -0.14827749700069059
59 85 -0.019565657369076273
59 86 0.010529091141300285
59 87 -0.065101671036097902
59 88 -0.010203561458691106
59 89 0.05511378821490949
59 90 -0.028312198732489174
59 91 -0.054260978962171968
59 92 0.038356495900052294
59 93 -0.11049535889836314
59 94 0.081185224154289914
59 95 0.080693356570515143
59 96 0.039412125696107886
59 97 -0.11409432946862975
59 98 0.019603551148306874
59 99 -0.030577796928198328
59 100 0.00064269175102045755
59 101 0.13889669728091439
59 102 0.019635050136926083
59 103 0.022966702643662712
59 104 0.10708935495409339
59 105 -0.021605150187496619
59 106 0.022844404077737735
59 107 0.018780970335677084
59 108 -0.092993564277091281
59 109 0.040977438776119667
59 110 -0.057785076530266655
59 111 -0.058106108485694474
59 112 0.040071237771823746
59 113 0.083394384315601325
59 114 -0.15828630356669388
59 115 -0.034063053588877575
59 116 0.1103077080003754
59 117 0.002424387830020525
59 118 0.035759564876820943
59 119 -0.058749560248351429
59 120 -0.11847955198157761
59 121 -0.058146769960803472
59 122 -0.088823367439558334
59 123 -0.036052048801573221
59 124 -0.056099649704537603
59 125 0.0009595576549883808
59 126 -0.089811713562551715
59 127 0.048838998509916173
59 128 -0.14682779041127822
59 129 -0.018303651494048369
59 130 -0.0029122782038266742
59 131 -0.003390335584123794
59 132 0.078965347192677379
59 133 -0.098432460320098378
59 134 0.018251969629748756
59 135 0.045775308436535829
59 136 0.13767306939384785
59 137 0.10547340795462197
59 138 -0.062767739158461691
59 139 -0.028120895092798918
59 140 0.09903623147742216
59 141 0.096512182393042642
59 142 -0.001647677676585445
59 143 0.026324161562908951
59 144 0.043773980878203479
59 145 -0.028503825160393077
59 146 0.14121730293453472
59 147 -0.038024512438693932
59 148 -0.029111448113206245
59 149 0.029719629072217025
59 150 0.056292621283735855
59 151 0.039393291424545368
59 152 -0.081515631675975961
59 153 -0.038093345141059817
59 154 0.055687638980509754
59 155 0.043158587922462993
59 156 -0.0038561230207880782
59 157 -0.022195195804905213
59 158 0.037631664837040918
59 159 0.024710318317435111
59 160 -0.06137024139727397
59 161 0.090778041964459905
59 162 -0.042596270955680401
59 163 0.052948741331824478
59 164 0.022697517976373188
59 165 -0.035781795368825538
59 166 0.058899969309713161
59 167 -0.075721005000751684
59 168 0.022259884528662177
59 169 0.022165605609839715
59 170 -0.080910113658541755
59 171 0.022379088608700401
59 172 0.0065890891174164249
59 173 -0.014778969662254461
59 174 0.052746068861860389
59 175 0.025053914272544081
59 176 -0.057433574058115937
59 177 -0.019796819259941041
59 178 0.02708098345697357
59 179 -0.016082565388471998
59 180 -0.089013217691519847
59 181 0.061041642146211252
59 182 0.034749459911869028
59 183 -0.040968323046211501
59 184 0.017442390648120764
59 185 0.035218806011657618
59 186 -0.060989704343741805
59 187 0.064022924031551812
59 188 -0.1304690104040129
59 189 0.0090786458189267612
59 190 0.017180244519107889
59 191 0.047429296809262569
59 192 -0.054051240531188822
59 193 -0.028272533317726504
59 194 -0.069061704723986053
59 195 0.045151388910632799
59 196 -0.025880472472265464
59 197 -0.072340862283865714
59 198 0.032342487650724408
59 199 0.070477463058328679
60 61 -0.036520722888479865
60 62 -0.012289698829862526
60 63 -0.051481515559846772
60 64 0.06204974134700654
60 65 0.042666929052846553
60 66 0.00015037461202555138
60 67 -0.0060760982667967334
60 68 0.048191169979889953
60 69 -0.075784249061031206
60 70 -0.027815301910075255
60 71 0.013931500289167011
60 72 -0.14445846576891672
60 73 -0.012936113745323351
60 74 -0.063360262992622457
60 75 -0.071258031763538843
60 76 0.090177188836606526
60 77 0.049648496404653242
60 78 0.10089468176707636
60 79 -0.066946616857984739
60 80 -0.0055625093037789041
60 81 -0.21181610833312503
60 82 -0.14137139477523547
60 83 -0.00068974920286310958
60 84 -0.06912297339308264
60 85 -0.038540255001640343
60 86 0.036363002251106627
60 87 -0.080552234609255494
60 88 0.090280004276760376
60 89 0.096987243689678357
60 90 -0.056274545821721471
60 91 0.018202552929071449
60 92 -0.16552036724783098
60 93 0.042094908383021462
60 94 0.037586938463988244
60 95 0.024776013608921753
60 96 0.062242881950155114
60 97 -0.07523881055668373
60 98 -0.017609140120027317
60 99 0.059499850488886709
60 100 -0.086021923420865384
60 101 -0.034053486763687309
60 102 0.16807581614812633
60 103 0.055682426509049511
60 104 -0.067013913532268501
60 105 0.036429664481962283
60 106 0.024518033142757266
60 107 -0.062314787608539847
60 108 -0.081834245477213116
60 109 -0.030619942898331736
60 110 -0.066002725828992928
60 111 0.054215379532466447
60 112 0.020893018635056191
60 113 -0.068212097611358588
60 114 -0.013736202412568819
60 115 -0.04883424935105489
60 116 0.045722192959530852
60 117 -0.0017936844690587769
60 118 -0.042895327402349637
60 119 -0.0038989363838454862
60 120 -0.012473040010728523
60 121 0.041391356469103122
60 122 0.078000146036798987
60 123 -0.011599317750731157
60 124 -0.037292500086274959
60 125 -0.011783741131756486
60 126 0.12261228733875545
60 127 0.073594011186080013
60 128 -0.07219762017838155
60 129 -0.040384468953955525
60 130 0.047588212183416287
60 131 -0.049620247696199118
60 132 0.02390481763275043
60 133 -0.083621760353475058
60 134 -0.013197861449120512
60 135 0.00067044012485067571
60 136 -0.12549956547843033
60 137 0.085025050362591725
60 138 0.16794021272917992
60 139 -0.10104595108308217
60 140 0.085283341210403138
60 141 0.0027658581798926515
60 142 -0.02838535369429103
60 143 0.027511737178905857
60 144 -0.078906738562304832
60 145 0.055944099938889214
60 146 -0.03234527895157225
60 147 -0.022870897706644831
60 148 0.024383701118200676
60 149 -0.01979758568607624
60 150 0.050623051488677413
60 151 -0.014292393891351368
60 152 -0.06631835214430129
60 153 -0.053560539893759689
60 154 0.063874806357235955
60 155 -0.013470486795234557
60 156 -0.0027267987580152859
60 157 -0.080405329016975044
60 158 0.027585234780957476
60 159 -0.092012716495785726
60 160 -0.10358791387357193
60 161 0.045544806106839655
60 162 -0.19655063973371731
60 163 -0.17097569741969837
60 164 -0.016549735889033673
60 165 0.001297025036521891
60 166 -0.050573414495808731
60 167 0.082559619659276301
60 168 -0.056209582489521855
60 169 0.058915465039450214
60 170 -0.062045802798611688
60 171 -0.030032116581725804
60 172 0.0049139948281250812
60 173 -0.04184583671895907
60 174 -0.067667720438624193
60 175 -0.080226288250152711
60 176 0.0074124449899936511
60 177 0.0034509795466121972
60 178 -0.084555335876923848
60 179 0.10317312075071355
60 180 0.085721186882532718
60 181 -0.062031473367380761
60 182 -0.068016735541544915
60 183 0.038050397208655003
60 184 0.030030116116446435
60 185 -0.014637293722791741
60 186 -0.042286580484701221
60 187 0.15238599904556913
60 188 -0.12182324918614025
60 189 -0.078541668445894539
60 190 0.063157637716921552
60 191 0.067196808581510614
60 192 -0.13663079518969817
60 193 -0.047482090046131957
60 194 0.10542267454278643
60 195 -0.093036422494910037
60 196 -0.045788077431904078
60 197 -0.04987375837694083
60 198 -0.16024048168206087
60 199 -0.0093932905606352261
61 62 -0.024825985750880755
61 63 -0.1384500892007951
61 64 0.053302515491010109
61 65 0.041326708243683598
61 66 -0.061938001858521191
61 67 0.0087197740528085418
61 68 -0.057076461362680089
61 69 0.041181303412905101
61 70 0.13872895747929193
61 71 -0.036537076350221499
61 72 -0.028452597453216138
61 73 -0.031299980207956046
61 74 -0.023216259060450495
61 75 -0.062231442635665268
61 76 0.090277750016161812
61 77 0.095166019008131222
61 78 -0.026600169404494993
61 79 -0.1042966027247428
61 80 0.077328699379675764
61 81 -0.12916152008698989
61 82 0.019837422533897413
61 83 -0.1109626901797038
61 84 0.068847902159621319
61 85 -0.0047201708440109957
61 86 0.053131586968682219
61 87 0.023331921709189084
61 88 -0.0050798915119658191
61 89 -0.163516194047548
61 90 -0.067822518291281275
61 91 -0.066546474462549826
61 92 -0.090199656343732379
61 93 -0.066493618982273142
61 94 -0.015919559641113575
61 95 0.080002848462316103
61 96 0.0056725005040726018
61 97 -0.014666264535478148
61 98 -0.09852125976311446
61 99 0.067979757654539369
61 100 -0.015362650076854657
61 101 0.0049631050234307736
61 102 0.022188235757743625
61 103 -0.066800349374319057
61 104 0.043976611999400825
61 105 -0.086068153851700233
61 106 0.014088042386547862
61 107 0.12505547153551663
61 108 -0.062445329261127051
61 109 -0.035756476401269777
61 110 -0.033815129479732906
61 111 -0.0048432403222679696
61 112 0.18093591989563851
61 113 0.0070867532733627329
61 114 -0.00085648127569293937
61 115 -0.0046876496806271739
61 116 -0.0094836958343504363
61 117 -0.028268535726312098
61 118 -0.062576317992651218
61 119 0.039280622528929339
61 120 0.015911992256704009
61 121 0.17197749701809861
61 122 -0.0042937460467818659
61 123 0.041273300818080609
61 124 -0.00072468001873880012
61 125 -0.015593426050820078
61 126 -0.036003937480271961
61 127 -0.024785987608168161
61 128 -0.096112618228694061
61 129 -0.05844021839994467
61 130 -0.080830718220889664
61 131 -0.080182710492054401
61 132 0.1078091905232091
61 133 -0.068984913139678625
61 134 0.053989324612957086
61 135 0.028837504657495988
61 136 -0.027088539002210782
61 137 0.00045110337233759083
61 138 -0.029356442504373154
61 139 -0.16458433689683072
61 140 -0.14620014006981982
61 141 -0.034634584882054439
61 142 0.11799349957365417
61 143 0.010328089850030798
61 144 -0.084667624053234899
61 145 -0.13275372330901181
61 146 -0.059882369750650588
61 147 0.030274531362715861
61 148 0.0042554878812954651
61 149 -0.06809734897690195
61 150 -0.0086787069857341363
61 151 0.0098913632590658558
61 152 -0.022429660553171995
61 153 0.082368970405050951
61 154 0.10393371307687592
61 155 -0.0033127077520032013
61 156 0.13981360392388145
61 157 -0.072693041257252608
61 158 -0.0069363232636448831
61 159 0.042727277290871779
61 160 0.032241792853400453
61 161 0.015616271892120245
61 162 -0.087764911154131903
61 163 0.063719238379453785
61 164 0.096706829931141616
61 165 -0.15312146159914169
61 166 -0.050661620197330226
61 167 -0.037547652373942364
61 168 0.016397068569361746
61 169 0.076589567689833243
61 170 -0.06686506703071983
61 171 0.022072437372646862
61 172 -0.028364107653432995
61 173 0.094027475569322366
61 174 0.14408724494772479
61 175 0.0088479196368025023
61 176 -0.099677694777965731
61 177 0.057694106953181355
61 178 0.059753200099482852
61 179 0.053679524620076829
61 180 -0.09069548879998085
61 181 0.069001829014244939
61 182 0.047776236551518803
61 183 -0.10396985091785207
61 184 -0.021653622039097518
61 185 -0.083170669415869494
61 186 -0.063587407823017847
61 187 0.093124230953913326
61 188 0.15479696211997138
61 189 0.044729006074353712
61 190 0.0091992931690300459
61 191 0.11245380070044085
61 192 -0.08416070037939688
61 193 -0.013192584210573849
61 194 0.036647953742940151
61 195 0.11001100936732529
61 196 -0.047145595635746801
61 197 0.077133465291608694
61 198 0.041263580920214975
61 199 0.059522675989106905
62 63 -0.064331718781412639
62 64 0.026983250868595328
62 65 0.015577098951486935
62 66 0.037881852671556644
62 67 -0.039221519144155545
62 68 0.10356505455614859
62 69 0.030098477156306945
62 70 0.15174474415151248
62 71 -0.025829338464526012
62 72 -0.078769533324593258
62 73 0.096681039634390495
62 74 -0.069022315359652794
62 75 0.041106717862586843
62 76 -0.0090659890558186639
62 77 0.072249637577824974
62 78 -0.022893591993870137
62 79 0.030198523380414934
62 80 -0.036971389360283421
62 81 0.034481541354647809
62 82 -0.098327400762085168
62 83 0.14444500252690817
62 84 -0.039586338692639771
62 85 -0.082426131670773686
62 86 -0.092690036079856611
62 87 -3.2579191221866115e-05
62 88 -0.018269523095747683
62 89 -0.10651000530759319
62 90 0.10959818645779822
62 91 0.01172387214081896
62 92 -0.059545266318325733
62 93 -0.031667296570143492
62 94 -0.017570958171202394
62 95 0.045519738888829757
62 96 0.06628197571727007
62 97 -0.15630654162844121
62 98 -0.004582547205382992
62 99 0.021751686539010925
62 100 -0.1175008504468263
62 101 -0.044863246505207843
62 102 -0.12583152085543736
62 103 -0.090592285768692576
62 104 -0.04944313370282908
62 105 -0.030885510343127451
62 106 0.069615478365164879
62 107 0.022439635296969063
62 108 -0.094411467181921907
62 109 0.093607972946962825
62 110 0.051042371149068073
62 111 0.041966155015451673
62 112 0.09155028713485984
62 113 -0.01394560819921868
62 114 0.048408736009981329
62 115 0.0096974843405237716
62 116 -0.0057467641972758048
62 117 -0.048131534078228878
62 118 0.054471751508663104
62 119 -0.043605708878376025
62 120 0.017673355635344588
62 121 0.044781979589787517
62 122 -0.011756049137016477
62 123 -0.02307564364626984
62 124 -0.015044655811312787
62 125 -0.0350656258355257
62 126 0.016134846595604366
62 127 -0.021076333528096087
62 128 0.076426296916868516
62 129 0.04702949628564751
62 130 -0.019994357252783392
62 131 0.079896298825453321
62 132 -0.036099698000812884
62 133 -0.068150252672040237
62 134 -0.0087105796141483793
62 135 0.052275841912478437
62 136 0.068213818184844649
62 137 0.12058990963292608
62 138 0.14498289100364611
62 139 0.046997473752482227
62 140 0.054957966746574327
62 141 -0.013336083908809703
62 142 0.072598293342664322
62 143 0.03998055681542928
62 144 0.038236999661143099
62 145 0.11925162255436574
62 146 -0.065117590411450599
62 147 0.02887320878681264
62 148 -0.072358468676046853
62 149 -0.013228879213419456
62 150 0.11414875695591585
62 151 0.049244621542515389
62 152 0.081211641165199355
62 153 -0.035032027670999916
62 154 -0.081873988403652828
62 155 0.0044572089198733778
62 156 -0.12504151675117597
62 157 0.037331636251110668
62 158 0.041102586242131735
62 159 0.078454679510320452
62 160 -0.067500641787581375
62 161 -0.12590678840368402
62 162 -0.0090808650224815605
62 163 -0.0031616443280254262
62 164 0.039572736988947137
62 165 -0.0086108870433401416
62 166 0.027896390921976145
62 167 0.053753676690605899
62 168 0.095297494145877071
62 169 -0.011662759383089185
62 170 0.019329007367324368
62 171 -0.038546052553277872
62 172 0.076780378972088656
62 173 0.07152683214729709
62 174 0.01446780649993388
62 175 0.0095266646058879741
62 176 0.077511090746493899
62 177 0.082712379466866714
62 178 0.0016047960882874448
62 179 -0.13673038435749196
62 180 0.11805752810202692
62 181 0.12680544164462901
62 182 -0.057102783362135062
62 183 -0.042919409977822683
62 184 0.02830319021342103
62 185 0.090269511797755539
62 186 -0.09383640970591331
62 187 -0.14553129321866806
62 188 -0.010635095230676008
62 189 -0.00035082325489973359
62 190 0.026470158848977375
62 191 -0.057368227941361975
62 192 0.072704444175313701
62 193 -0.00086057152531417071
62 194 0.0068115816520349275
62 195 -0.060703534395007079
62 196 0.051404394324899384
62 197 -0.057819469336748482
62 198 0.04462311916609827
62 199 -0.044761467693582399
63 64 -0.080409696975535572
63 65 -0.10747188736106141
63 66 0.063809831536138367
63 67 0.093010891987629934
63 68 -0.092697226657049173
63 69 -0.027502586499385397
63 70 0.085466759572797979
63 71 -0.049031750797396079
63 72 0.080143978871536445
63 73 -0.0042904037438335563
63 74 0.080855654933446611
63 75 0.097022252205252901
63 76 -0.063815527910186146
63 77 -0.017025789777011514
63 78 0.014016434755277394
63 79 0.12531305333893569
63 80 0.0067658206210308887
63 81 0.027829855523294152
63 82 0.070649212569029812
63 83 0.080248431541388485
63 84 -0.097264510712857952
63 85 -0.1283932175045901
63 86 -0.15333403801547671
63 87 -0.05956660200333027
63 88 0.079354286372735977
63 89 -0.05852555243987749
63 90 0.1036412574616289
63 91 -0.037024467474652975
63 92 -0.073814561668849019
63 93 -0.035551343132565603
63 94 -0.035233446142115835
63 95 0.012125236083036657
63 96 0.029453886758273911
63 97 -0.13261875300051629
63 98 0.065950424972302857
63 99 0.035771390532478478
63 100 0.0031755114150211908
63 101 -0.025417539406251303
63 102 -0.028448523812855109
63 103 0.10474175579556576
63 104 0.02208301940908558
63 105 -0.025598029451159614
63 106 0.051655271412593948
63 107 -0.14547283396257935
63 108 0.050092361142252607
63 109 0.1684202434348987
63 110 0.10528848710457961
63 111 -0.02211259231899431
63 112 0.055581012999436831
63 113 0.13934404441561971
63 114 -0.17597074757048847
63 115 -0.10015608409997369
63 116 0.0097527659776766966
63 117 -0.07559503957381708
63 118 -0.036688980281185397
63 119 0.053788409852995343
63 120 0.033115184391098507
63 121 -0.066325053767242792
63 122 0.0080142935225758147
63 123 0.0018795721701860893
63 124 -0.066735094944539261
63 125 0.041705467410525346
63 126 -0.037332209397443666
63 127 -0.0091050903303979101
63 128 0.014098486367313421
63 129 -0.047158882471873546
63 130 -0.016302902876635397
63 131 0.10400839694813091
63 132 0.067257888758101625
63 133 -0.041048685640547651
63 134 -0.14081328718119746
63 135 0.07330247785638426
63 136 0.020682538811054127
63 137 -0.08561891916213886
63 138 0.030478588504040314
63 139 -0.029201222957118893
63 140 0.0393828783951033
63 141 0.075265738120671388
63 142 0.052356427857371282
63 143 0.071948217983050497
63 144 0.021343733029853647
63 145 0.070515536636119591
63 146 0.060672121904768637
63 147 0.00040175624146166085
63 148 0.021874936176226809
63 149 -0.11707292937644709
63 150 -0.047592720286703312
63 151 0.015825206000705
63 152 -0.010870016919067211
63 153 0.046795203266903507
63 154 -0.053521667470856973
63 155 0.010314177957401468
63 156 0.015202122206366622
63 157 -0.014324172066045195
63 158 -0.084632283373260286
63 159 -0.014921576130521424
63 160 -0.029995322131906522
63 161 0.062590155702658551
63 162 -0.028637333608504761
63 163 0.040179065557877321
63 164 0.071787702591485564
63 165 -0.095757651178505029
63 166 -0.086316154807665968
63 167 -0.031854010307988193
63 168 -0.036737648532377466
63 169 0.025838652262735285
63 170 0.099032809980493602
63 171 -0.020332655501436793
63 172 -0.028476559488610297
63 173 0.063415843279623837
63 174 -0.091977189704544507
63 175 0.091964301291437928
63 176 -0.079655781267468612
63 177 0.011751951270475576
63 178 0.052920087131000805
63 179 0.0092265977232520412
63 180 0.17072940910275519
63 181 0.08684696689096412
63 182 -0.068917730855907411
63 183 -0.11864174049867
63 184 -0.010175058725675337
63 185 -0.11134430085743446
63 186 -0.11066664240532882
63 187 0.038813569249390598
63 188 -0.056272391812641001
63 189 -0.13473284402024727
63 190 -0.02172457517347532
63 191 0.11888040235270339
63 192 0.11087131747087554
63 193 -0.032038785941532207
63 194 -0.00079406615090205513
63 195 0.015594805467523702
63 196 0.020017325703297072
63 197 0.17954192969704769
63 198 -0.037768093574999939
63 199 0.082577362138076066
64 65 0.048526102085954648
64 66 -0.07360491525803689
64 67 -0.0097272750225669453
64 68 -0.017138761236513887
64 69 -0.0051153062520564773
64 70 0.03894254076956747
64 71 -0.033912242694654426
64 72 0.058524040314205925
64 73 -0.026925443336930664
64 74 -0.021453688089226413
64 75 0.018838163175386374
64 76 -0.074573304855550152
64 77 -0.11258426210835384
64 78 -0.02825497895032919
64 79 -0.019590508890180616
64 80 -0.012905266042648838
64 81 0.071118154879129689
64 82 0.044467836927400022
64 83 -0.0062315261666719274
64 84 -0.020182006476107531
64 85 -0.027459625757245486
64 86 0.071235433620684158
64 87 -0.020770158143578892
64 88 -0.013479584241211465
64 89 0.083181803037739879
64 90 0.071436774168864889
64 91 -0.15012686150784585
64 92 0.061072480659071289
64 93 0.0067807468315779235
64 94 -0.030284901918934248
64 95 0.16826654647725175
64 96 0.05107811696376769
64 97 -0.11096583952713392
64 98 -0.072332524687507838
64 99 -0.03301592790244217
64 100 -0.050919614766476995
64 101 -0.086738113136307388
64 102 0.043637294357199007
64 103 -0.010846091578562759
64 104 0.096123988136786701
64 105 -0.041431516277709163
64 106 -0.12814376125542279
64 107 -0.015323186872315086
64 108 0.066969452415142794
64 109 0.020250782299415342
64 110 -0.091742632211937375
64 111 0.027666800837657952
64 112 0.024898871802467599
64 113 -0.069792121067283469
64 114 0.083196725345228123
64 115 -0.0089291731307683444
64 116 0.086286553937263422
64 117 0.018033912326852728
64 118 0.049224205637069106
64 119 0.075563811901138575
64 120 -0.047354943170544513
64 121 -0.0044434052873729077
64 122 -0.02475579621062985
64 123 -0.027245360636787154
64 124 0.027039308501716732
64 125 0.051781680575401258
64 126 0.026059549466214905
64 127 0.01162622956102315
64 128 -0.088045394088703641
64 129 0.12858214634608484
64 130 -0.047090699757684255
64 131 -0.0073010203511066369
64 132 0.060110965157244574
64 133 -0.04931148601902282
64 134 -0.046183151395302567
64 135 -0.026895867098676373
64 136 -0.024515669890860549
64 137 -0.087566595343792575
64 138 0.099550287786885489
64 139 -0.045487034904601722
64 140 -0.11026782513044169
64 141 0.0020819560364330365
64 142 -0.042571019516501933
64 143 0.046711508173522612
64 144 0.17337126070372949
64 145 -0.046369212470895788
64 146 -0.056610176645558313
64 147 -0.036616639031399494
64 148 0.11042894308204042
64 149 -0.046586784261447876
64 150 -0.082390188357115826
64 151 0.062020688497198502
64 152 -0.092216659832160083
64 153 0.086981468218051819
64 154 -0.035136761369249654
64 155 0.081922377826150403
64 156 0.063117585172713903
64 157 0.042740940080026844
64 158 0.10837919438485775
64 159 0.036823705947887621
64 160 0.00043525637574243952
64 161 0.042898540317047859
64 162 0.017648640454534809
64 163 -0.043868431554628662
64 164 0.029780414990864024
64 165 0.043952632021391928
64 166 0.027995135228995226
64 167 0.083659218378118475
64 168 0.062787012920808696
64 169 0.070581351802187553
64 170 0.066177017406029631
64 171 -0.061061532386165913
64 172 0.039657699019229949
64 173 -0.053296759022942147
64 174 -0.047566484259350075
64 175 -0.042555944821283484
64 176 -0.032307085613400545
64 177 -0.021157853412701853
64 178 0.039959252400703089
64 179 -0.094834131713028513
64 180 0.037845440695578283
64 181 -0.1280359921208398
64 182 0.079316797430617009
64 183 0.049184697212149013
64 184 0.083017835665702575
64 185 0.0051996496006291174
64 186 -0.036384510066406153
64 187 -0.15234143269415198
64 188 -0.073342751011819141
64 189 -0.024537546923385313
64 190 0.00048718048653877832
64 191 -0.011705952149268657
64 192 -0.01126655319020824
64 193 -0.08118474124934201
64 194 0.079353115962033954
64 195 0.12601665802121179
64 196 0.079693739396106203
64 197 -0.0790640187122192
64 198 -0.12119791366949659
64 199 0.10304573510960857
65 66 -0.071400475238698635
65 67 -0.023209057883751546
65 68 -0.016458605002534817
65 69 -0.0023515968503788841
65 70 0.091232162677905293
65 71 0.060092178354563555
65 72 -0.0063887498678506741
65 73 -0.012159189158058296
65 74 -0.0029439624347922916
65 75 -0.045629005730224756
65 76 0.091198284469056451
65 77 0.0059253500187576458
65 78 -0.095542819372755092
65 79 0.033630074616064799
65 80 -0.037152226149579248
65 81 -0.0079817552304835056
65 82 0.0014421769589705556
65 83 -0.088035881766098556
65 84 -0.001567869082755151
65 85 0.067349476947032069
65 86 -0.034296454344427116
65 87 -0.089782729537322914
65 88 -0.020405592756380941
65 89 -0.00077697452448451121
65 90 -0.041369302155461675
65 91 -0.0818700293288952
65 92 -0.048475516328925577
65 93 -0.12240331096364593
65 94 0.081778118181511372
65 95 0.053899296534301915
65 96 -0.025537633888982607
65 97 0.062081642488594282
65 98 0.079409375583541178
65 99 -0.048082407711780246
65 100 -0.15177874028322827
65 101 0.068030381671059556
65 102 -0.017140821940632048
65 103 -0.017783440238667004
65 104 0.088595022499279225
65 105 -0.012956093632120372
65 106 -0.013793537129387736
65 107 0.030150558303794619
65 108 -0.049126099160302958
65 109 -0.044317812028056729
65 110 -0.039656321195535527
65 111 -0.030900824758430093
65 112 0.024131824810681074
65 113 0.095762676054549953
65 114 0.054035716131468792
65 115 0.0077954401371918046
65 116 0.012271442128547947
65 117 -0.10021347074286524
65 118 -0.0089057696671002457
65 119 -0.011719308559357931
65 120 -0.036417498330859374
65 121 -0.17652360683859164
65 122 0.032901077127150007
65 123 0.11677541054739232
65 124 0.011694395770725096
65 125 -0.010365507346738072
65 126 -0.02582155822842561
65 127 -0.0025559934239040216
65 128 -0.079769386686456431
65 129 -0.088426681163834134
65 130 0.11399302488738992
65 131 -0.043305586748503773
65 132 -0.0096856559461813204
65 133 -0.21183049108983626
65 134 0.044915631375612261
65 135 -0.016160815933495564
65 136 -0.06566513043917975
65 137 0.12588625207410806
65 138 0.077260234852006129
65 139 0.067681114255276259
65 140 -0.15851524517028392
65 141 0.0051871971207450634
65 142 -0.014342477934139177
65 143 0.070400934274406565
65 144 0.03572923078755913
65 145 0.00070631239596292625
65 146 0.032851448695940991
65 147 0.072563337931729824
65 148 -0.11430053565472485
65 149 -0.030473482929771187
65 150 -0.0039798758641522627
65 151 0.057198243216040917
65 152 -0.053775671313648334
65 153 -0.015159575937638418
65 154 0.080982014139919067
65 155 0.033526883542507623
65 156 0.038502925910009263
65 157 -0.018933127163087527
65 158 0.08512627154215964
65 159 -0.12033203972572563
65 160 0.011417927930092117
65 161 0.018761155960558107
65 162 -0.056265008642140055
65 163 0.078744527242750731
65 164 0.0077950865591457606
65 165 0.060323939284599726
65 166 -0.010193050329190302
65 167 -0.00060043886825953113
65 168 0.037237705152832055
65 169 0.071492583458795445
65 170 -0.095147907958442648
65 171 -0.035529365889303707
65 172 0.092454818335294495
65 173 -0.030842959741248642
65 174 -0.034133103868072251
65 175 -0.082177812847729334
65 176 0.07346044338290536
65 177 -0.13619983918874562
65 178 -0.0070398151944674782
65 179 0.15069140940289016
65 180 -0.12810880528303498
65 181 0.033180751463307553
65 182 -0.029477163728598137
65 183 0.027875205286980058
65 184 0.10109241135652829
65 185 0.00079764207239888028
65 186 -0.016160522937185017
65 187 -0.035080175383461761
65 188 0.011826694197791709
65 189 0.019663972564199442
65 190 0.058581081735417206
65 191 0.021641319755987216
65 192 -0.077696600839851193
65 193 -0.0928384754547944
65 194 -0.010424664245678266
65 195 -0.063777185323002916
65 196 0.074764362233491755
65 197 -0.073880481272619994
65 198 -0.03515917508145075
65 199 0.012676511559819166
66 67 -0.19975477197444258
66 68 0.039980653588820116
66 69 -0.027546616370461092
66 70 0.02418785262680807
66 71 0.066622639728444538
66 72 0.047124853311073904
66 73 0.027450498637163322
66 74 0.052434737716589769
66 75 0.013224915163692593
66 76 0.022620700009411378
66 77 0.049498523445445378
66 78 -0.11653955079691213
66 79 0.018611666080316117
66 80 0.091817911097827373
66 81 -0.079878102923279265
66 82 -0.09706238564671528
66 83 0.021196506722560127
66 84 0.033734262947174777
66 85 0.02440934372084002
66 86 0.11976277843927674
66 87 -0.021982249659443089
66 88 -0.085150157427156509
66 89 -0.036138724668297574
66 90 0.018804965194786086
66 91 0.099252233825064193
66 92 0.029621977117485054
66 93 -0.036959323215067147
66 94 -0.062203842809570885
66 95 -0.038410352134838247
66 96 0.057031057280016985
66 97 -0.072998568834347896
66 98 0.0059380244322775576
66 99 0.059402654140049652
66 100 -0.0070361153112114723
66 101 0.066627489361369155
66 102 -0.020869527988440904
66 103 -0.064666360111342733
66 104 -0.043057771517660937
66 105 -0.087396402919579855
66 106 -0.074497144410003019
66 107 0.024838186954723323
66 108 -0.063419378468514212
66 109 -0.06577628979086389
66 110 0.034545489180495437
66 111 0.0109777868992081
66 112 0.0012247317140647162
66 113 0.031875237215787867
66 114 -0.073999509528815843
66 115 0.11132947937899573
66 116 0.062295017082129193
66 117 0.041916132924309839
66 118 0.051997202063659625
66 119 -0.018460565220419056
66 120 0.01097759089387791
66 121 0.10839151082561807
66 122 0.018627157190883939
66 123 -0.05262626038642524
66 124 -0.027854083220177375
66 125 0.0095434032922339044
66 126 -0.0048144251679865437
66 127 -0.0039977620131534134
66 128 0.017249268980850312
66 129 0.034773140773985807
66 130 0.063899353515171481
66 131 -0.14288698528568397
66 132 -0.014953572947846244
66 133 -0.056732892495446274
66 134 0.099227792087224764
66 135 -0.03291671685749533
66 136 -0.03998463891753732
66 137 0.075539258790715935
66 138 -0.020629573911591061
66 139 -0.014766036066526151
66 140 -0.090603421225298991
66 141 -0.015908205349604129
66 142 -0.0054729468010027366
66 143 -0.04296668922085814
66 144 0.036387065368624946
66 145 -0.0082599428637832942
66 146 -0.11166548409643841
66 147 -0.06217197057474786
66 148 0.015504969906077345
66 149 -0.12616547443137585
66 150 0.048770070786751003
66 151 0.048285827443963557
66 152 -0.070251531405090675
66 153 0.11965796624856509
66 154 -0.0011993122564168662
66 155 0.12793978903428396
66 156 0.016536459090418159
66 157 0.087272691146524181
66 158 0.091141065992665415
66 159 -0.004150794857084061
66 160 -0.070113678636144414
66 161 -0.082813880868445738
66 162 -0.060301270832771807
66 163 -0.11714275716299057
66 164 0.01289489928923764
66 165 -0.012395227819497187
66 166 0.16282559225803842
66 167 0.016832736096641987
66 168 -0.073441102061265778
66 169 -0.03677487121381609
66 170 -0.0015502450877637223
66 171 0.12290655965255767
66 172 0.011673046083848429
66 173 -0.0019674986520317088
66 174 0.036268404494889793
66 175 0.055188283838340957
66 176 -0.0038883075458334988
66 177 0.0026502491082952694
66 178 0.04053584616205861
66 179 0.058822117324704999
66 180 -0.010118063814122403
66 181 0.091518379117081383
66 182 -0.1386392678381129
66 183 -0.015005109237836862
66 184 0.00042194972735223044
66 185 -0.011539869773783009
66 186 -0.053325801743595733
66 187 -0.030291066108589056
66 188 -0.058814825990654046
66 189 -0.085637128970395188
66 190 -0.016456626124791887
66 191 -0.00014713763451141293
66 192 0.10307805792895126
66 193 0.016275251148443581
66 194 0.0094166474132273675
66 195 0.02315598600982113
66 196 0.083718476218830093
66 197 0.069041216716239057
66 198 0.079582276171106137
66 199 0.0044178625630783676
67 68 0.05970182275443181
67 69 -0.006149615020164945
67 70 0.01722812136201959
67 71 0.1279837203354644
67 72 0.1020214977356598
67 73 -0.05189265185149728
67 74 0.093372710514911278
67 75 -0.0024307410467156228
67 76 -0.031061039059729151
67 77 0.084542936647577199
67 78 -0.12250095122928112
67 79 -0.053537943403065481
67 80 0.055474684559855415
67 81 0.044448444946353138
67 82 -0.019710442603816644
67 83 -0.069524428525872803
67 84 0.016550591994622926
67 85 -0.021865412613030478
67 86 -0.042845663620460536
67 87 0.044131157168260167
67 88 0.045099235778359191
67 89 -0.01472523870577378
67 90 0.06703752637337422
67 91 -0.12999553872957936
67 92 -0.021284663706219554
67 93 -0.12491537342596225
67 94 0.035087562254628155
67 95 -0.085898859990351364
67 96 -0.089772587219925426
67 97 -0.066506368910347349
67 98 -0.11783352930185013
67 99 -0.055810695436936418
67 100 -0.074965108799426292
67 101 -0.13141142688964785
67 102 -0.016781609439392171
67 103 -0.055173208887379088
67 104 0.015405946730028529
67 105 0.00035513666986940954
67 106 0.010157279520842213
67 107 0.0064992472383838254
67 108 -0.030578009418420243
67 109 0.014977388106276347
67 110 0.081225815088716791
67 111 0.017529036031011764
67 112 -0.035014394023166889
67 113 -0.10832124256921302
67 114 -0.023981052523691069
67 115 0.02660226710481705
67 116 0.03319159467153019
67 117 0.055439741076664412
67 118 0.026231383792666933
67 119 0.018504291649997257
67 120 0.018135614327236347
67 121 -0.11937293716269536
67 122 0.050428022521258435
67 123 -0.013111199588537695
67 124 -0.122304858353385
67 125 0.029664971235915185
67 126 -0.029759804907609495
67 127 -0.058208934646487978
67 128 0.043476460128311273
67 129 -0.018393926164203957
67 130 0.0088970383857986807
67 131 -0.087411771696478124
67 132 -0.0072775568533867225
67 133 -0.018863375143079265
67 134 0.097038528457185469
67 135 0.018226982233101763
67 136 0.031413968996260581
67 137 -0.092500883415725169
67 138 0.064271048806854358
67 139 0.035528325303341532
67 140 -0.019704014317556223
67 141 0.0042789492909347752
67 142 0.033329927232658013
67 143 0.029882231875259912
67 144 0.047149572745162502
67 145 -0.094448095967204285
67 146 0.040581678438563237
67 147 -0.040488747976770503
67 148 0.057035808047787781
67 149 0.037256593528194958
67 150 -0.017572793231990045
67 151 0.0073443260534894021
67 152 -0.1426407232960257
67 153 0.11804611987101209
67 154 0.09174483452016978
67 155 0.064142707873033458
67 156 -0.049488637748571658
67 157 0.0046204394620293424
67 158 0.051509770410034024
67 159 0.076546880516131996
67 160 0.066071038833298304
67 161 0.052278367177861787
67 162 -0.15034891867621064
67 163 0.044072225796410965
67 164 -0.016406976246340323
67 165 -0.044288277228361643
67 166 0.039919544181974152
67 167 0.039618751953391054
67 168 -0.016288388428869868
67 169 -0.020360816210564198
67 170 0.20859467644592955
67 171 0.020037231464867789
67 172 -0.055256837308097939
67 173 -0.007326252601454971
67 174 -0.0765169096228068
67 175 0.040582247918326868
67 176 -0.020711121618209018
67 177 0.013642283788288358
67 178 -0.023129799751040563
67 179 -0.10751500323977808
67 180 -0.12522066630009138
67 181 0.013536702505720392
67 182 -0.062216032879798676
67 183 0.054808550343893758
67 184 0.060219636152765606
67 185 -0.15568809221692689
67 186 -0.15140861935280261
67 187 -0.087534728758780309
67 188 0.020138773419477733
67 189 -0.058550034848377445
67 190 -0.06437102275166616
67 191 -0.03666343880475207
67 192 0.041117822872397146
67 193 -0.12452549013230768
67 194 -0.12339896948886171
67 195 -0.050304947075961531
67 196 0.031858899632632158
67 197 0.049705873503042133
67 198 0.08230163000733802
67 199 0.075774038258351564
68 69 -0.0097656075412361886
68 70 -0.0017576291099382325
68 71 -0.077276814944797198
68 72 -0.040438124286420761
68 73 -0.025118283492241319
68 74 -0.072297504760763451
68 75 0.077899424810162807
68 76 0.001812321604292929
68 77 0.026947332752876467
68 78 -0.043714811325164915
68 79 0.073273749802665045
68 80 0.0034270015435501422
68 81 0.10704807337213965
68 82 0.021112720784364169
68 83 -0.040007648313519467
68 84 0.10200601333117662
68 85 0.10630905355966132
68 86 0.084214941201829069
68 87 0.08642692437460929
68 88 0.11752097025250001
68 89 -0.032643240983407165
68 90 0.022882887295982614
68 91 0.014402805811603869
68 92 -0.01230697006788444
68 93 -0.048105883705692874
68 94 0.066365382669716047
68 95 -0.0038359843335177444
68 96 0.0014856886870831742
68 97 -0.017240469868163338
68 98 0.025265232958913076
68 99 0.058651339884012173
68 100 0.001914703817526205
68 101 -0.00096224218961644069
68 102 -0.058537184054160515
68 103 -0.0097068373753143086
68 104 -0.048709936625287005
68 105 0.052314144221883956
68 106 0.045809339917819686
68 107 -0.048214498033377046
68 108 0.0030135279530245163
68 109 -0.051126801659905317
68 110 0.027597948975344622
68 111 -0.1671710974474386
68 112 0.04755720620378158
68 113 0.051644577387845579
68 114 -0.04269335834891283
68 115 0.054941480652192551
68 116 0.023218356776461082
68 117 -0.037995584575462024
68 118 0.0068768491060014611
68 119 0.007260935108507071
68 120 -0.065928089492987438
68 121 0.10265136180694708
68 122 0.02646368546233507
68 123 -0.023418473579640619
68 124 -0.0076564625894599394
68 125 -0.02903712624181597
68 126 0.046618442068022743
68 127 -0.046761685094217728
68 128 -0.049962154788061715
68 129 -0.040445698390902965
68 130 -0.064078306063526339
68 131 -0.016531003033223111
68 132 -0.050960428632877433
68 133 0.072545919870387901
68 134 0.094488470001748204
68 135 -0.024606928841443398
68 136 0.016307196829916996
68 137 0.018476205753164412
68 138 -0.040455280521988206
68 139 -0.13332518899772194
68 140 -0.091662272292045016
68 141 -0.028812424674578577
68 142 0.053122325566996809
68 143 -0.084562527564672196
68 144 -0.071730417519466391
68 145 -0.030847419434467491
68 146 -0.041299636864185099
68 147 -0.14338509664263752
68 148 0.045556989359190378
68 149 0.016213418604964169
68 150 -0.092061502072824208
68 151 0.05571177705645896
68 152 -0.078530460251678952
68 153 -0.07193873683946872
68 154 -0.011900054396942798
68 155 0.026284949075452688
68 156 -0.095567342162879862
68 157 0.0091189558591886141
68 158 -0.054749856917396734
68 159 0.1478516248224597
68 160 0.12300754003589134
68 161 0.026622828146230716
68 162 -0.098740282463268117
68 163 -0.060717867233757696
68 164 0.047453864980654077
68 165 -0.081978657120702278
68 166 0.0064742560310672524
68 167 0.012379555180321565
68 168 -0.11013843329289379
68 169 -0.061239529710861683
68 170 -0.098493652251827005
68 171 0.11930415472863616
68 172 0.0052302927946889849
68 173 -0.1155795769062074
68 174 -0.005712249233461998
68 175 0.00075214996347884404
68 176 -0.028591115609974356
68 177 -0.051622263222444523
68 178 -0.094244638536195427
68 179 0.027353225890073524
68 180 0.11661760496034598
68 181 0.044649269313631737
68 182 -0.044814395797226458
68 183 0.14877776487749872
68 184 -0.097666587798287907
68 185 0.12715810545907677
68 186 -0.014439963715843917
68 187 -0.033861467409992158
68 188 0.027577563180508771
68 189 0.018835659551176633
68 190 0.010549140814740485
68 191 -0.010302400903714719
68 192 0.04288257792009452
68 193 0.09275034599404039
68 194 0.11726473297010351
68 195 0.029166668229210938
68 196 0.008427996849714273
68 197 -0.0016168759207857606
68 198 -0.0065099158057820043
68 199 0.073241139473345304
69 70 -0.048709976224754488
69 71 -0.072142582862864804
69 72 -0.071422631552219007
69 73 -0.02042521747774606
69 74 0.26802339663004932
69 75 -0.038640680655532701
69 76 0.05091369831216868
69 77 0.051157557909892577
69 78 0.06048278441631226
69 79 -0.026925722122278999
69 80 -0.026989458404963609
69 81 0.04691817022708504
69 82 -0.005548088260489502
69 83 0.15537555925818838
69 84 0.10792440651656897
69 85 -0.018909802774348995
69 86 -0.041216414181086458
69 87 -0.011203828856096476
69 88 -0.050377785529752098
69 89 -0.033530738422185055
69 90 0.006671985160507145
69 91 0.00057436653676963805
69 92 -0.069615342307156089
69 93 -0.00024238569106533627
69 94 0.036973693375627538
69 95 -0.058200106498400475
69 96 -0.052507467493732946
69 97 -0.067830445993326535
69 98 -0.022768867357025144
69 99 -0.079781024034738968
69 100 -0.018598465726699216
69 101 -0.091859958339456316
69 102 -0.025824947419566188
69 103 -0.056304944883742762
69 104 -0.064538791567194567
69 105 -0.071924862118498384
69 106 -0.038972932567063585
69 107 0.10877529185148892
69 108 0.0079738101737181488
69 109 0.029902381006585276
69 110 -0.0084699199926735972
69 111 -0.020540653533443625
69 112 -0.21920103108347985
69 113 -0.00053013567162811949
69 114 -0.049683201274265634
69 115 -0.0049804458076982755
69 116 0.076502653998686443
69 117 -0.0075221861550028527
69 118 0.084399234854272351
69 119 0.021792334353661985
69 120 -0.11457126536177169
69 121 0.057885230845955302
69 122 0.11652328060422686
69 123 -0.032683614128499482
69 124 -0.00014939220804187472
69 125 -0.059356495273518287
69 126 0.061579971602154338
69 127 -0.10012470479821994
69 128 -0.099860942718178941
69 129 -0.14070660612584532
69 130 0.090859949729817022
69 131 0.037835367165767415
69 132 -0.1702163610659877
69 133 0.049454217573547461
69 134 0.071513392899103398
69 135 0.1010694159434834
69 136 -0.053093970848232495
69 137 0.089015486896521528
69 138 0.048618391040111383
69 139 -0.066358706013318725
69 140 -0.090807528593316311
69 141 0.14585123199159944
69 142 0.0075010946784344994
69 143 -0.078869203253846901
69 144 0.012866700668926166
69 145 -0.064663408774906131
69 146 -0.00081516355210623664
69 147 0.063629556687797406
69 148 0.055957224437283841
69 149 -0.048133050347833356
69 150 0.030273662930364088
69 151 0.059803694598498429
69 152 0.0040189586986820467
69 153 0.033078439467910781
69 154 0.08849717791691937
69 155 -0.083049691501821052
69 156 0.02040641880713006
69 157 0.10792773965367634
69 158 -0.089905456400548145
69 159 -0.010737737615121222
69 160 0.076408309765044077
69 161 0.18565907574300558
69 162 -0.001747839743085869
69 163 0.0085734294639153025
69 164 0.06483909649193538
69 165 -0.043062398818908033
69 166 -0.011450710223433209
69 167 0.05529949642439122
69 168 0.071701027663085115
69 169 -0.01413859458153793
69 170 -0.029138729454478908
69 171 -0.19625157559680501
69 172 0.032244126777505898
69 173 -0.033707430737997215
69 174 0.035119751510301056
69 175 0.061070340498607593
69 176 0.040297882745616312
69 177 0.035179742094188345
69 178 0.0037201476722299215
69 179 0.02989573426755817
69 180 -0.014730920483402628
69 181 0.021090669137384221
69 182 0.1034954414375418
69 183 0.073141937675725494
69 184 0.06440192449126346
69 185 0.11107509269646007
69 186 0.01392207123412542
69 187 -0.0043883004501662042
69 188 -0.023628152844692205
69 189 -0.056092504950185786
69 190 0.0010027315258760374
69 191 0.0099148279931149316
69 192 -0.0064639538113471411
69 193 0.010539184914927236
69 194 0.026094999605550201
69 195 -0.00097904172463462221
69 196 0.0094083809239966093
69 197 -0.03187325703010057
69 198 -0.014460691827722763
69 199 0.011592708669249441
70 71 0.0073281675379129069
70 72 -0.013332531512105401
70 73 -0.11634387233520742
70 74 -0.043812235360640585
70 75 -0.060153961331982059
70 76 0.12192980765788994
70 77 -0.086710677086243762
70 78 0.0052823109195922783
70 79 0.077838276910831575
70 80 0.16713631765966946
70 81 0.046586126548254121
70 82 0.048137880941203096
70 83 0.055384374532467417
70 84 0.025317731017023445
70 85 -0.069213117665810564
70 86 -0.068981536231401755
70 87 0.06590965161435515
70 88 -0.016663144429845237
70 89 -0.13884367931186603
70 90 0.018295638264220215
70 91 -0.045845679711873519
70 92 0.10456161733270498
70 93 0.0055911651658652247
70 94 0.017543171925505394
70 95 0.076679522374502929
70 96 0.034467333658446023
70 97 0.14650809513504345
70 98 -0.015468254282264863
70 99 0.01483562733009167
70 100 0.080137046370024639
70 101 0.0055904085014458317
70 102 0.0030687419456312866
70 103 0.10983734426541771
70 104 -0.0091835967708817825
70 105 0.022196134395984547
70 106 -0.0061003910171399016
70 107 0.020924692067179319
70 108 0.011446774835022737
70 109 0.10728781035519711
70 110 0.014287394396261114
70 111 -0.017173882292835983
70 112 0.02070453892498984
70 113 -0.05173730713010604
70 114 0.0079601049524246244
70 115 0.036140946140190394
70 116 0.035192840996786545
70 117 -0.011766015304442492
70 118 0.06776646734534468
70 119 -0.08285112194656119
70 120 0.023134221178340568
70 121 0.039140830254864062
70 122 0.061224377289538542
70 123 0.14540399231914281
70 124 -0.13455230658687387
70 125 -0.11745628662243926
70 126 -0.01443923690979429
70 127 0.034458598485624221
70 128 0.039917169369247496
70 129 0.061986481613728835
70 130 -0.13364091912784323
70 131 -0.066142269419126737
70 132 -0.015341552919674598
70 133 -0.13992172586210286
70 134 0.12926260754915558
70 135 0.0026926542971151364
70 136 0.043937067093096346
70 137 0.096663197240653004
70 138 0.027527076477853699
70 139 -0.034646264071236658
70 140 0.026030800500029608
70 141 -0.0073003648521077378
70 142 0.03664135929913117
70 143 0.048451558185552919
70 144 -0.08930535053991813
70 145 0.028538817716083447
70 146 0.061600169742754833
70 147 0.012570852684104201
70 148 -0.044552025981507773
70 149 0.045385034177246333
70 150 0.017868513137930479
70 151 0.067990080849893386
70 152 -0.061319509806000705
70 153 -0.027073087249012442
70 154 -0.013653001784261074
70 155 0.00063228283643838943
70 156 0.04772109801933104
70 157 -0.025006979509004029
70 158 -0.053208729659475276
70 159 -0.016356149469317627
70 160 -0.053640185983758054
70 161 0.013062920473133842
70 162 -0.060892374010937493
70 163 -0.0068172777487222995
70 164 -0.069858139188877524
70 165 -0.018666243940884147
70 166 -0.048946487116774608
70 167 0.032438685260756404
70 168 0.05323751095995978
70 169 -0.04009988853003716
70 170 0.048448488813358462
70 171 -0.028153797110619945
70 172 -0.063487760487188613
70 173 0.029186119763400048
70 174 0.012442584705570778
70 175 0.086802151889440668
70 176 0.092226340600787646
70 177 -0.021322126363661174
70 178 0.042337029847248006
70 179 -0.06686900596118546
70 180 0.053077729736521147
70 181 0.085949484890292818
70 182 -0.030267153266198433
70 183 -0.079863257171146992
70 184 0.079656814799379541
70 185 -0.048230765356491088
70 186 -0.032856834222330621
70 187 0.048293614029857893
70 188 -0.016538249012134451
70 189 -0.0066244444783985215
70 190 -0.03670825628330511
70 191 -0.11188338465132976
70 192 0.046354819781131526
70 193 0.093606024216023515
70 194 -0.042465680329867403
70 195 0.043635038714267597
70 196 -0.041718176785092202
70 197 -0.026304807902691782
70 198 -0.10722576332236716
70 199 0.076952096531588715
71 72 0.092612458922515975
71 73 -0.056976583833594399
71 74 0.06740343773150273
71 75 0.027304309069368749
71 76 0.15267048850952966
71 77 -0.12608688697370232
71 78 -0.041943214530077565
71 79 0.024401000187602846
71 80 0.0057310767672393449
71 81 0.0010370751768649059
71 82 -0.055316764804312815
71 83 -0.06187019412452921
71 84 0.017354202057067544
71 85 0.049894595010473351
71 86 -0.032480954598389018
71 87 -0.053442997075562292
71 88 0.079978527544131317
71 89 -0.018435114045742631
71 90 -0.051993411655245576
71 91 -0.047900057979650239
71 92 0.15669933750448917
71 93 -0.075560735655592889
71 94 0.020152854635718902
71 95 0.047443696240704755
71 96 -0.014136919198471374
71 97 0.095183625472473332
71 98 -0.010586981659735234
71 99 0.063963779804990281
71 100 0.039741630920737382
71 101 -0.13019782989446474
71 102 0.091743356364040948
71 103 -0.0081999518153178155
71 104 0.012960732034813766
71 105 0.09311889853174049
71 106 -0.037649462761516511
71 107 -0.0035929874067918786
71 108 0.019255987278565114
71 109 0.050343270770705877
71 110 -0.063090878163647446
71 111 -0.085316729399541325
71 112 -0.017641011464845934
71 113 0.051025914809322517
71 114 -0.0066271847164682228
71 115 0.089790260357023879
71 116 -0.082788925729578258
71 117 0.090032201464380041
71 118 0.0050589057317291068
71 119 -0.03054817417967565
71 120 0.022515456614648034
71 121 0.089172860244354044
71 122 0.028279589495779685
71 123 0.099517850389732015
71 124 0.021076393892382014
71 125 -0.16299452727120167
71 126 -0.081838562226934877
71 127 -0.029025975821617481
71 128 -0.0040676260561421269
71 129 0.0030699549257909636
71 130 -0.070927041653708195
71 131 -0.0040987001532648264
71 132 0.081731397943700046
71 133 -0.063319877474772607
71 134 0.04248602443657646
71 135 -0.014938979083266931
71 136 -0.0036139958036906284
71 137 0.088922411082659247
71 138 -0.022986450707681443
71 139 0.05852168462469437
71 140 -0.055134865728844705
71 141 -0.065775671218101642
71 142 0.10161858240259082
71 143 0.027860517795975304
71 144 0.050017367505314977
71 145 0.067679115103715173
71 146 0.032165910963580291
71 147 0.12025417113127998
71 148 -0.018897826031689265
71 149 -0.13173517502937088
71 150 -0.034415757984591441
71 151 0.0047626396479118283
71 152 0.050151703528137817
71 153 -0.1007719742359621
71 154 -0.060218276718254332
71 155 -0.045532727431393936
71 156 0.060114272084800642
71 157 -0.11891620293586945
71 158 0.08755721883239212
71 159 0.07949548702002926
71 160 0.040035815721299155
71 161 -0.065836204498569972
71 162 0.017611641658559322
71 163 0.088663184879174101
71 164 0.076402067598494924
71 165 -0.087371258242190761
71 166 0.057823684311943888
71 167 0.10762762352841018
71 168 0.03446188668464354
71 169 -0.036957420648510673
71 170 -0.014588714538435223
71 171 0.18984841864691832
71 172 0.055367966875206655
71 173 0.029045440048724301
71 174 0.0022051286611045637
71 175 -0.082931931766430197
71 176 0.07769122230258331
71 177 -0.03048225899538759
71 178 0.085746999698429721
71 179 0.017435000506504462
71 180 0.050523963836948148
71 181 -0.096571095839847285
71 182 0.048514453605358922
71 183 0.026889816512813774
71 184 -0.00090348583853659041
71 185 0.19230940271831592
71 186 0.04391072110930027
71 187 0.034127490781857631
71 188 -0.064824669580815217
71 189 0.095295149756262007
71 190 -0.032088748798002054
71 191 -0.0086801442758404901
71 192 -0.003298287438118989
71 193 -0.0095469434913709184
71 194 0.073120486928676134
71 195 -0.07566423908670479
71 196 0.050432771948783081
71 197 -0.14202614620861526
71 198 -0.0011241662063793179
71 199 0.063744499934571014
72 73 -0.036733448915580773
72 74 0.028623543828218787
72 75 -0.033070617931737843
72 76 -0.08985252544853882
72 77 -0.19673121032709667
72 78 0.0071003523173802079
72 79 -0.026917766079806792
72 80 0.1578249369191608
72 81 0.098723436777745338
72 82 -0.0039084670353041863
72 83 -0.12601565935579723
72 84 -0.033545818230285809
72 85 -0.040088552692062233
72 86 -0.13043847535789868
72 87 -0.084949614866745626
72 88 0.054565355749713482
72 89 0.0083959808525976582
72 90 0.13317358944944163
72 91 0.0095941521178753864
72 92 0.039731180539011604
72 93 0.039153212939716721
72 94 0.032557460881211447
72 95 0.06022547839676308
72 96 -0.11332351101297514
72 97 0.0035688049447092697
72 98 -0.10830620970647116
72 99 0.048926374648373447
72 100 0.028671595551133588
72 101 -0.19105232027484814
72 102 -0.010722642023738486
72 103 -0.042467017692663624
72 104 -0.014833484516372031
72 105 0.0020884275202109753
72 106 0.031147262641177027
72 107 -0.025533432053816439
72 108 0.052903624075225697
72 109 0.033860940862146173
72 110 -0.042404856581677877
72 111 0.041500858622410715
72 112 0.060747235773137218
72 113 -0.11674061746202667
72 114 -0.043200735650342256
72 115 0.0020172522317486105
72 116 0.0034408883186181076
72 117 0.033584708986016829
72 118 -0.10381005666080431
72 119 -0.0076453575406464349
72 120 -0.090082248496193021
72 121 0.11978497865433656
72 122 -0.0084885270922106584
72 123 -0.0091992919695863731
72 124 -0.12022129921585042
72 125 0.00027172674564931673
72 126 -0.035989023055449487
72 127 -0.036314849340834295
72 128 -0.021769004503112432
72 129 -0.029551346193172467
72 130 -0.059241878905477469
72 131 0.10554741873213948
72 132 0.07309220608314751
72 133 0.16696270593152626
72 134 -0.081860747586627314
72 135 -0.0088858341537732168
72 136 -0.056604559388894485
72 137 -0.1264440679838956
72 138 -0.062212667677315224
72 139 0.012115062088875575
72 140 -0.037675726938321663
72 141 0.011208451097064991
72 142 0.025134226915975513
72 143 -0.056929940220433323
72 144 -0.18221584552581507
72 145 -0.029520708308859559
72 146 -0.049704554314441859
72 147 0.14743663925216216
72 148 0.047019719531990987
72 149 0.022428083756519397
72 150 -0.163660184291364
72 151 -0.014466476739824151
72 152 0.054775261728914879
72 153 0.0010018228740040845
72 154 -0.061573186104597839
72 155 -0.066150949963022274
72 156 -0.02504076261320461
72 157 -0.10570094194995688
72 158 0.03664476534667372
72 159 0.048140175850558901
72 160 -0.0042633587431904416
72 161 -0.037538296060672778
72 162 -0.094726588117828553
72 163 -0.049558596326182716
72 164 0.032733120664114594
72 165 0.097360838465091817
72 166 -0.097024751654224722
72 167 -0.010154491461748204
72 168 0.072710812296734095
72 169 0.0035201618199032494
72 170 0.041311296322185123
72 171 0.056429410206476474
72 172 -0.016451787510136283
72 173 -0.14806183642518234
72 174 -0.053042947217558353
72 175 -0.026410612983955171
72 176 0.032629102829015252
72 177 -0.094267504762274398
72 178 0.013956275097187344
72 179 0.015346544559431604
72 180 0.01625253454037711
72 181 0.13424792068965838
72 182 0.12336753876634707
72 183 0.072610269502601923
72 184 0.063294020546409521
72 185 0.019478492356253749
72 186 -0.10460458692285067
72 187 0.02640710168361388
72 188 -0.039430793219783558
72 189 -0.020931948059428565
72 190 -0.044222150664385784
72 191 -0.020568141878728144
72 192 -0.013147047251129878
72 193 -0.091857923244212047
72 194 0.0072800108696335908
72 195 0.036608721902644033
72 196 0.033845939575023277
72 197 -0.071024128451007321
72 198 0.10385377921417356
72 199 0.054084296154356948
73 74 -0.12531107539126332
73 75 -0.069299434795688286
73 76 -0.010021973518358721
73 77 0.031084358450639876
73 78 -0.061958816106006558
73 79 0.077455815460361371
73 80 -0.0029379119923768357
73 81 0.057195543806002301
73 82 -0.051233076109799762
73 83 -0.16680164870430961
73 84 0.10471603791750865
73 85 0.10430974503403835
73 86 0.079168463478280632
73 87 0.0078069096045120957
73 88 0.049259503860041555
73 89 0.024307108547802273
73 90 -0.030368947039140767
73 91 -0.11074259721890714
73 92 0.048773095446096974
73 93 -0.16458755102065956
73 94 -0.070858600663549556
73 95 0.0068787517646752682
73 96 -0.0075417066805964477
73 97 0.044105655419200189
73 98 -0.017305180559523965
73 99 0.016020279154743574
73 100 -0.031351431300884712
73 101 -0.054728677621418448
73 102 -0.12274257330983908
73 103 -0.0039932158259238116
73 104 0.1051888132231738
73 105 0.059140292368248623
73 106 0.042776403784379725
73 107 0.075144851895793549
73 108 -0.021101504986323509
73 109 -0.14573135671490783
73 110 -0.0061934763517334391
73 111 -0.019526842070200601
73 112 -0.020853477611119421
73 113 0.026220196807829409
73 114 -0.014441589124488804
73 115 0.025756900595893976
73 116 -0.0087898907378083507
73 117 0.017320531261633954
73 118 0.020327506324398392
73 119 -0.063961635765368549
73 120 -0.037285307698088688
73 121 -0.072704133232881746
73 122 -0.14849083385035244
73 123 -0.057327359206949098
73 124 -0.11062690911510258
73 125 -0.038350264446605588
73 126 0.049517582180434103
73 127 0.029357080419381926
73 128 -0.052078243038302621
73 129 -0.07411132046053838
73 130 -0.12967386441371823
73 131 0.14816020460259494
73 132 -0.097771667792856343
73 133 0.011855499802487762
73 134 0.13401573565883268
73 135 -0.01210085881683837
73 136 0.12861265759367241
73 137 -0.027263650009009377
73 138 -0.01438915571978863
73 139 -0.0034741186289206681
73 140 -0.0026446192255942407
73 141 -0.088749475967755384
73 142 0.11299045772637216
73 143 -0.095723843806643616
73 144 -0.083740631700330082
73 145 -0.20569019730966687
73 146 -0.010937711464435826
73 147 -0.0097066639509843788
73 148 -0.050634139171677278
73 149 0.078360979789999868
73 150 -0.15277798979281798
73 151 0.11815624818967377
73 152 0.018207109764014826
73 153 0.056764502698697435
73 154 -0.074403766185082862
73 155 -0.14864061783827437
73 156 0.038447638244868118
73 157 0.16932574789596491
73 158 0.069545684960270554
73 159 -0.12522643107335277
73 160 -0.18345294332978154
73 161 0.040824061908012445
73 162 -0.10082548091268823
73 163 -0.0052534002068193959
73 164 -0.014139972706818932
73 165 0.0018484158748590599
73 166 0.067211451595742142
73 167 0.072814465450754193
73 168 -0.098201817942243474
73 169 -0.012464366810551334
73 170 -0.046944719314071071
73 171 0.0069673458805034356
73 172 -0.14960902097068718
73 173 -0.040408750751037253
73 174 -0.0036321590308002133
73 175 -0.042426394064775011
73 176 -0.072050899984254388
73 177 0.081337478761266027
73 178 -0.081662797006442495
73 179 0.092893396798270439
73 180 -0.049811332383235839
73 181 0.027859867919054718
73 182 -0.092976276042522205
73 183 -0.026153341385750761
73 184 -0.064653513559570788
73 185 7.0350235885370199e-05
73 186 -0.11253430143351825
73 187 -0.061298028861594696
73 188 0.044198530502701845
73 189 0.076154341903737238
73 190 -0.07290161571499143
73 191 0.0037898753239615449
73 192 -0.065866925935858314
73 193 -0.088098061474140191
73 194 -0.020138163457748742
73 195 -0.024900519134369335
73 196 -0.050275452784150028
73 197 -0.041215313868023767
73 198 0.058619630227461798
73 199 0.073653718032499343
74 75 -0.028376792909952885
74 76 0.065407858107918868
74 77 -0.05294660877890691
74 78 0.023781114499870505
74 79 0.066430307825377746
74 80 -0.084719527831077779
74 81 0.044678827546416694
74 82 0.019269619872062362
74 83 0.07883892581080211
74 84 0.010291853267230923
74 85 -0.05189816286122749
74 86 0.085158677381395015
74 87 0.026861171810211033
74 88 -0.06692173229279938
74 89 0.05121072941026919
74 90 -0.15530904537598417
74 91 0.038315688554104728
74 92 0.023217105587512797
74 93 0.10049601737743194
74 94 0.12546134072996096
74 95 0.048897807373950546
74 96 0.052720163725253982
74 97 -0.071053270916013475
74 98 0.013386275048781076
74 99 0.13833857812265332
74 100 0.11880544996009033
74 101 0.073658705970666358
74 102 -0.083939985488938676
74 103 0.10285140036312933
74 104 0.030663422620388077
74 105 -0.013114981649290678
74 106 0.04608832833165652
74 107 0.05640834176296685
74 108 0.010752624308315636
74 109 0.071353090071042694
74 110 -0.078679155265519052
74 111 0.11023077742934301
74 112 0.015298654614545975
74 113 -0.019260435637454585
74 114 -0.015977386958975829
74 115 -0.029408311443643621
74 116 0.017769837414507834
74 117 -0.059230755530093819
74 118 0.078021216205862054
74 119 0.033248697321170112
74 120 0.01054468107237011
74 121 0.099667489960215988
74 122 -0.0087024649923530383
74 123 0.0043157241013546538
74 124 0.11127207444074153
74 125 -0.071846329070824541
74 126 0.10276556558036462
74 127 0.037088050120830163
74 128 -0.20818636989445674
74 129 0.043404927108019464
74 130 -0.083591903328668921
74 131 -0.0049315488836848345
74 132 0.13315968950906626
74 133 0.065520511495410647
74 134 0.094597489290327214
74 135 -0.097296310668866959
74 136 0.018355997300940542
74 137 0.052304049974668698
74 138 -0.004687491296975421
74 139 0.019724887964634959
74 140 -0.056360912231323952
74 141 0.071694563839757308
74 142 -0.10249663791473557
74 143 -0.054625459259731571
74 144 0.059184718709652209
74 145 0.080253568639601106
74 146 0.02126722788237179
74 147 0.033701664259552129
74 148 -0.066660764548458928
74 149 -0.062811360579318701
74 150 -0.077134070074197647
74 151 -0.0068706709049099523
74 152 -0.1150258691953791
74 153 0.014196960117223465
74 154 0.026674141091031223
74 155 0.03650913512137454
74 156 -0.014395453909123761
74 157 0.041835635718627598
74 158 -0.058112619519312923
74 159 -0.08817300240261744
74 160 0.02225219621423807
74 161 -0.021453550610734715
74 162 -0.044168677223423242
74 163 -0.029420865502998123
74 164 0.013884345967756409
74 165 -0.033532327227066443
74 166 -0.098708288811221581
74 167 0.14451174273963174
74 168 -0.077580266185934485
74 169 0.045190751252090849
74 170 -0.010639714896818265
74 171 0.042311650152854804
74 172 0.043006112885790253
74 173 -0.11795022244280527
74 174 -0.013169598461771922
74 175 -0.052979012989406375
74 176 0.0782732363173132
74 177 -0.0023488654762154147
74 178 0.052242378636438283
74 179 -0.012642265115956411
74 180 -0.051895361376037431
74 181 0.018091151108724505
74 182 0.03202998127531706
74 183 -0.10673638052376333
74 184 -0.08316368180027818
74 185 0.018190909386065168
74 186 0.00091376365313952353
74 187 -0.038593118769320575
74 188 0.053122203386746662
74 189 0.1594306169267013
74 190 0.044176949061469586
74 191 -0.0025683933855848548
74 192 0.0072888456674927906
74 193 0.0095735670061514958
74 194 -0.079251657461951022
74 195 0.087175336992091651
74 196 0.13682387474793128
74 197 0.0070530049777914258
74 198 -0.013778693451253838
74 199 0.049611506442006625
75 76 -0.012736431046597003
75 77 0.095262547414243351
75 78 -0.026974497983175322
75 79 0.062883561557036505
75 80 0.034836319159114594
75 81 0.11277885061404815
75 82 0.017496704970004068
75 83 0.045912972931812505
75 84 -0.022933716759648587
75 85 -0.027805728541516736
75 86 0.067510086128209815
75 87 0.012691930450639377
75 88 -0.034368468875477329
75 89 0.0061713310360962921
75 90 0.023309193391103929
75 91 0.043761737325959948
75 92 -0.059130542220939629
75 93 -0.017434788840269846
75 94 -0.052586653883170069
75 95 0.1252409141333814
75 96 0.13261501369591794
75 97 -0.054397868719947638
75 98 0.020669994224406338
75 99 -0.031901391128389398
75 100 0.039326990335012392
75 101 -0.095547971171066642
75 102 -0.10144587434097732
75 103 0.029804986869395124
75 104 0.029321450794358845
75 105 -0.023697861501014671
75 106 -0.032522696924732454
75 107 0.037608482438253356
75 108 -0.039288493707958783
75 109 0.0078569884748248293
75 110 0.0083925807950002741
75 111 -0.02031489215087447
75 112 -0.070269414046644968
75 113 -0.022560036121188339
75 114 0.073235402810086628
75 115 -0.035427557486935789
75 116 -0.03588214572312539
75 117 -0.070733533848612862
75 118 -0.035366553866949368
75 119 0.054807497056578967
75 120 -0.048848177511865452
75 121 0.059346916713780659
75 122 0.101239221083489
75 123 0.031918308657469273
75 124 -0.064156531192001182
75 125 0.067266571490169277
75 126 -0.062783517555515006
75 127 0.12074154683753098
75 128 0.011230612584117925
75 129 -0.079217000561742898
75 130 -0.0061206236008118451
75 131 -0.062390094922865486
75 132 0.017561966171514058
75 133 0.095915821750021932
75 134 0.061099494534467634
75 135 0.0072130379350529589
75 136 0.084734425674282951
75 137 -0.092312348555243923
75 138 0.011324680198766609
75 139 -0.04415088755726037
75 140 -0.015233020049622769
75 141 -0.021504172252039506
75 142 0.031317108024208805
75 143 -0.081180778212905938
75 144 0.036399154570443945
75 145 -0.017466791874199614
75 146 0.039353080104966118
75 147 0.041472339756442558
75 148 -0.045463826040627174
75 149 -0.085973678187201127
75 150 -0.039168543771957338
75 151 -0.018504423796316768
75 152 0.041333868141758892
75 153 -0.080174272589468548
75 154 0.0039948338013113998
75 155 -0.092754592480471867
75 156 -0.019658925506976
75 157 0.047990532409503191
75 158 -0.15699562546086113
75 159 0.038892691842142418
75 160 0.061250000484888829
75 161 0.017830378564360112
75 162 0.041226189582460417
75 163 -0.039101374261365354
75 164 0.037294029126459731
75 165 0.08528886809372585
75 166 0.035744501348137524
75 167 0.0036531147422132486
75 168 0.053842574167063582
75 169 -0.095869846151175483
75 170 0.092613138600824554
75 171 -0.075118876470766968
75 172 0.12925161030686333
75 173 -0.055024594985518649
75 174 0.092084054513862701
75 175 -0.03559947979810478
75 176 -0.048556812302813349
75 177 -0.070141134208072387
75 178 -0.025056342148175915
75 179 -0.064870448695005342
75 180 0.01333777333404408
75 181 -0.034277258174743398
75 182 -0.00050102098132212851
75 183 -0.11369294333242208
75 184 -0.025767617678982221
75 185 0.056118462800496358
75 186 -0.0032572035989763071
75 187 -0.047374035768177315
75 188 0.055694698159353878
75 189 0.055088330439172557
75 190 0.028102947951173459
75 191 -0.031136451779282041
75 192 -0.068243257446332223
75 193 -0.032334556801365745
75 194 0.00065419103304052391
75 195 -0.055627645175577813
75 196 -0.075675559800132505
75 197 -0.038873333155575014
75 198 -0.14211235954502635
75 199 -0.021002543810227876
76 77 -0.042638329674502595
76 78 -0.0062083403336880109
76 79 0.0074522562967264481
76 80 -0.025060099308706459
76 81 -0.054243655183490697
76 82 -0.071135752407378627
76 83 -0.15150825782618754
76 84 0.14052316691289646
76 85 0.03058247173961165
76 86 0.031628568839963907
76 87 -0.12985693887929334
76 88 0.016920508869285089
76 89 0.12148538095571303
76 90 0.044653822573836426
76 91 -0.0050168186185309705
76 92 0.068850962518762437
76 93 0.089854332660833494
76 94 -0.0096302069181012952
76 95 0.089453157022848326
76 96 -0.028069585569530316
76 97 0.030206656076075963
76 98 0.013628954510912552
76 99 -0.040304540386014782
76 100 -0.05825649251182103
76 101 -0.0063241875764662283
76 102 -0.07643116797243163
76 103 -0.0021809809763804972
76 104 -0.0086425994196771116
76 105 -0.021830687055179415
76 106 0.075409960469146442
76 107 0.042650540415487201
76 108 0.051680011651876523
76 109 0.14326602526407797
76 110 -0.14111828906871149
76 111 -0.070085231632264419
76 112 0.030767287930279299
76 113 0.085354181164290152
76 114 -0.004743103299746294
76 115 -0.070801650819785414
76 116 -0.0079683126311453842
76 117 0.034796400814711623
76 118 0.053038294083587886
76 119 0.024595723794456209
76 120 -0.057947589869547678
76 121 -0.046059399009056201
76 122 0.038109560481184496
76 123 0.052297767050725572
76 124 -0.10047122643197781
76 125 0.033014906751802839
76 126 0.073958447498518071
76 127 0.12738861065660481
76 128 -0.037289125315975946
76 129 -0.038358770321404112
76 130 -0.041425025006923306
76 131 -0.0042013617255311775
76 132 -0.057598743483398732
76 133 -0.0098401059655899761
76 134 0.077710707525374761
76 135 0.015289728997856956
76 136 -0.013259443797174603
76 137 0.028226817259461849
76 138 0.011591369338074057
76 139 -0.0027969420167762238
76 140 0.092201836802250442
76 141 -0.033484763148545295
76 142 0.056768732894469057
76 143 0.0084569329051153719
76 144 -0.093336725552686017
76 145 -0.065171980586663833
76 146 0.10730495339779901
76 147 0.022030874091172159
76 148 0.038840813883084149
76 149 0.14645904993799583
76 150 -0.04106982701362364
76 151 -0.01256926439352706
76 152 -0.14839151315495877
76 153 -0.017975703747948466
76 154 0.11378104859169122
76 155 -0.055039613551886364
76 156 0.058197159072079396
76 157 0.0055285024378808906
76 158 -0.068510078520732154
76 159 0.00057131759923046246
76 160 0.015681759356121372
76 161 0.13670436455744248
76 162 0.03215376602809579
76 163 0.071086246140533244
76 164 0.044513278167365805
76 165 -0.031321174030717547
76 166 0.0062427265623497029
76 167 -0.060002502088022103
76 168 0.0077250096214785732
76 169 -0.10916623275107713
76 170 0.017408691244204182
76 171 0.048404993795920795
76 172 0.033584898902734354
76 173 0.095907942513256572
76 174 0.012682655051541548
76 175 -0.15446035269108721
76 176 -0.036996123995691917
76 177 -0.082978735275170482
76 178 0.20760959576018981
76 179 -0.084244310713291581
76 180 0.028139951206345326
76 181 -0.019813740346240109
76 182 0.08853119407314837
76 183 0.064919312530478473
76 184 0.03415442356766922
76 185 0.14431916577422971
76 186 0.068007688466985489
76 187 0.04268813175458807
76 188 -0.093441941814344037
76 189 0.088144045104694729
76 190 0.076697636597235122
76 191 0.022078151876509342
76 192 0.040786146227466527
76 193 -0.10891632490303504
76 194 0.11644486985290092
76 195 0.035852691481088675
76 196 -0.039133787460903742
76 197 0.032411912593370416
76 198 0.018360281916579946
76 199 -0.035153803010095096
77 78 -0.12375783158972252
77 79 -0.022221515544633162
77 80 0.011695844146850713
77 81 0.033079672519504388
77 82 0.056871752706307635
77 83 0.092120029243885196
77 84 -0.1296293279293175
77 85 -0.033656554997340327
77 86 0.09674648875391112
77 87 0.065089737633499248
77 88 -0.0045717419140350697
77 89 -0.013051361844460331
77 90 0.096699799514838355
77 91 -0.0093530968588040955
77 92 -0.0043126579007808372
77 93 0.028801332317054337
77 94 0.14222829524194136
77 95 -0.0092948373774072671
77 96 0.012454726529943927
77 97 0.050210111233485344
77 98 -0.065335177110570589
77 99 -0.082830005517185751
77 100 0.018806385827402971
77 101 -0.098659989655725908
77 102 0.029394112492106477
77 103 0.028808639035791325
77 104 0.076052973936252447
77 105 0.058486482952962236
77 106 -0.091802352074045718
77 107 0.037238648664679651
77 108 0.069938451330963367
77 109 -0.098865916575035712
77 110 0.084174904765013672
77 111 -0.01837686537062326
77 112 0.013422467578888221
77 113 -0.027647315168368488
77 114 -0.002961672832042953
77 115 -0.10098765185207566
77 116 0.07524676355536962
77 117 0.0071189809885459157
77 118 0.0088512347120328835
77 119 0.032734395198508688
77 120 0.19686104328313297
77 121 0.067339386410241925
77 122 0.041899320775124919
77 123 -0.040265196554662666
77 124 -0.058331237628239128
77 125 -0.10219488435520586
77 126 0.043109584636450142
77 127 0.046947713882708624
77 128 0.11975077007582843
77 129 -0.0095700532391548403
77 130 -0.056330461103207309
77 131 0.038486307645649788
77 132 -0.052899089368102031
77 133 -0.018463609133293826
77 134 0.04648488831281896
77 135 -0.091092459238410139
77 136 0.073340958827166167
77 137 0.068706829174135148
77 138 -0.015308374962601207
77 139 0.033450898094785554
77 140 -0.0023084601709066556
77 141 -0.043355941184079171
77 142 -0.10719581012287105
77 143 0.028800990783622034
77 144 0.015107829424864338
77 145 0.075030412402114749
77 146 0.17656274049520918
77 147 -0.061570654328496573
77 148 -0.22958899155225912
77 149 0.01575452807762396
77 150 -0.032635225807754527
77 151 -0.10888028328550373
77 152 0.071676435833816401
77 153 -0.092933263184075909
77 154 0.037371495481960261
77 155 0.07152404239643971
77 156 -0.038659715692198816
77 157 0.058454551905316975
77 158 -0.021381805193176579
77 159 -0.043060671365605478
77 160 0.10269577550369176
77 161 0.10413508977892984
77 162 0.16661876995907479
77 163 0.0085474015638643108
77 164 0.046502794032965512
77 165 0.043405203386192172
77 166 -0.088546597221458703
77 167 0.022973276624443591
77 168 -0.11744082840432467
77 169 -0.10816789262408801
77 170 -0.069458544751349771
77 171 -0.045213970087933708
77 172 -0.092790416566487649
77 173 -0.041618564415257062
77 174 0.060186380703112198
77 175 0.037154908999439372
77 176 -0.08017190552442037
77 177 -0.080427392843205214
77 178 0.012921359700113369
77 179 -0.11604563938944852
77 180 -0.014945023922098963
77 181 -0.057709365936844885
77 182 0.013745696637833546
77 183 -0.037831724736698075
77 184 -0.075101563797195597
77 185 0.038203202342687037
77 186 -0.10963601563946915
77 187 -0.029789308562091988
77 188 -0.059331387015593332
77 189 0.026247720887845633
77 190 -0.024587144597310869
77 191 0.054474265562965765
77 192 -0.076842273858633431
77 193 0.049753245358528916
77 194 0.11502789603389076
77 195 0.0044416020507724932
77 196 -0.10401149347635837
77 197 -0.063746089474927797
77 198 -0.044912547729924118
77 199 -0.088025962280051509
78 79 0.054636951390099942
78 80 -0.12990528576469018
78 81 -0.065597427862371868
78 82 0.062072075745546677
78 83 -0.14126172470117176
78 84 -0.033698686403332276
78 85 0.009657288668652694
78 86 -0.089478830103645324
78 87 0.063753575117770481
78 88 -0.065761625313687566
78 89 -0.094009697942295162
78 90 -0.038093027588578479
78 91 -0.00077438400567744596
78 92 -0.067204861003389973
78 93 -0.072107791776016006
78 94 0.036695607442677101
78 95 -0.013007661675440867
78 96 -0.045659687146840468
78 97 -0.044050624687341257
78 98 0.050799684071280868
78 99 -0.053501593575260138
78 100 0.089215436142641602
78 101 -0.0094694376463685722
78 102 0.015709949750379062
78 103 -0.071285610388703999
78 104 0.029843762714668431
78 105 0.051748328928198729
78 106 -0.024467491131403875
78 107 0.07822440896688572
78 108 -0.083250137218381676
78 109 0.081426535930748764
78 110 0.04146252406011345
78 111 -0.21029198038276503
78 112 0.104622223636415
78 113 0.050674532223001417
78 114 0.09417606366356307
78 115 0.15387702851054746
78 116 0.012666392606375228
78 117 -0.038144206313942629
78 118 0.027622713766052177
78 119 -0.043175285999045465
78 120 0.13378576671230324
78 121 0.031901078361067307
78 122 -0.082692817695391552
78 123 -0.032736825258357354
78 124 0.02614566470404316
78 125 -0.015428125439353426
78 126 -0.034249419658043435
78 127 -0.0076484233714715017
78 128 -0.0020663986459560405
78 129 -0.017245742282381633
78 130 -0.058621342414314576
78 131 -0.075495622340164145
78 132 0.01400294184128819
78 133 0.035693607264239466
78 134 -0.016091494438956098
78 135 -0.10074796304270804
78 136 -0.10058430232738663
78 137 -0.0083376076853286032
78 138 -0.061907922030517669
78 139 0.085475714193608318
78 140 0.093423418510758929
78 141 -0.029907081403899059
78 142 0.0047930481206721635
78 143 0.037747362539952672
78 144 0.016780414334732718
78 145 -0.10522142088735938
78 146 0.083105628709414819
78 147 0.032682100880207024
78 148 0.0023274236716568052
78 149 0.035045354428017379
78 150 -0.0052819068940846859
78 151 -0.066688991546439716
78 152 0.033079680374461823
78 153 0.082471721189898067
78 154 0.039401251551870436
78 155 0.075207056240671852
78 156 -0.16406098131402724
78 157 0.04975854911877902
78 158 -0.06303562783892519
78 159 -0.050508107426021506
78 160 0.0046328351205099597
78 161 0.043669904317743702
78 162 0.21637987041961154
78 163 0.05447508657377035
78 164 0.081705879550406382
78 165 -0.057437708328077805
78 166 -0.079358994403220681
78 167 0.01637151213343856
78 168 0.020807140373220515
78 169 0.0133746948734786
78 170 -0.094782931985861393
78 171 -0.067090578033376605
78 172 -0.17141505813847538
78 173 0.038699857851506966
78 174 -0.11439734169023257
78 175 0.0073327191162354385
78 176 -0.018200313220642327
78 177 0.034359691459775542
78 178 0.046318811048552282
78 179 0.012160544625386287
78 180 -0.026813267645135173
78 181 0.045184192552176448
78 182 -0.00098027406188972983
78 183 -0.0067770872259664584
78 184 0.071529107527281102
78 185 -0.081354636686301121
78 186 -0.11612730146879569
78 187 -0.041915135499263706
78 188 0.11789431011973925
78 189 -0.096204952521162415
78 190 0.046163280936157007
78 191 -0.0034363514135425698
78 192 -0.040775633505926272
78 193 -0.096206248273881231
78 194 0.056931411699847945
78 195 0.11336053809789136
78 196 0.17850798423307207
78 197 -0.05291442962106014
78 198 0.015728424056821635
78 199 0.038914728242627018
79 80 -0.025065381904345454
79 81 0.059594365573755602
79 82 0.0019172259739555801
79 83 0.013555912629030305
79 84 0.06918751057931169
79 85 -0.077982203734597758
79 86 0.038114529490687679
79 87 -0.050785600306482187
79 88 0.03058200488733025
79 89 0.11840279739612186
79 90 0.013372447703066299
79 91 -0.11419526415099533
79 92 -0.034735538622553783
79 93 -0.04034609217425305
79 94 -0.044209279702747538
79 95 0.074526687414580364
79 96 -0.034330249886522432
79 97 -0.057231291511440401
79 98 -0.064436741603693906
79 99 -0.095331569935192415
79 100 0.12070124500845446
79 101 0.049839497860818156
79 102 -0.058719847914166783
79 103 0.045798511909617076
79 104 -0.093053493567287315
79 105 -0.068565144013933862
79 106 0.004687111628447903
79 107 -0.033144797329749759
79 108 0.037771979647556277
79 109 -0.025451751728062678
79 110 -0.11165132354767014
79 111 -0.041090276417294187
79 112 0.020838163725534604
79 113 -0.1782682638277143
79 114 0.18649817640040156
79 115 -0.026682203811564477
79 116 0.084513317072697047
79 117 -0.027477200407074603
79 118 -0.027460931554569051
79 119 -0.057669222087814921
79 120 -0.0061611726660225612
79 121 -0.021943739113270404
79 122 0.03211723452243026
79 123 0.04569382634668482
79 124 0.12054348025815201
79 125 0.1055936758297614
79 126 -0.013488189237779747
79 127 -0.10298107813414943
79 128 -0.072219020308304335
79 129 0.021978554118083048
79 130 -0.026913813229033894
79 131 0.054172319796094076
79 132 0.0096727897605651154
79 133 -0.035476591999509935
79 134 -0.10126567745724824
79 135 -0.007277057438987356
79 136 -0.055419530968678396
79 137 -0.04990881673111891
79 138 -0.066806711944348188
79 139 0.063451890356653995
79 140 -0.11330536155063473
79 141 -0.09878574050446326
79 142 -0.083353794096059933
79 143 0.083548818602674838
79 144 -0.042698556815109916
79 145 -0.0017140758808793727
79 146 -0.06517433044646645
79 147 -0.056093333353187246
79 148 0.097147352460424455
79 149 -0.010104022390151457
79 150 0.24320442238402487
79 151 -0.04139545197058301
79 152 -0.021749754658992603
79 153 -0.043107662702950758
79 154 0.072968836957034544
79 155 0.089926781124076871
79 156 -0.1345186936670742
79 157 -0.10394327006752475
79 158 -0.051234017809034631
79 159 0.006848205422549135
79 160 0.079656339203480434
79 161 -0.11610129566562763
79 162 0.036431140990216125
79 163 0.0078773955376846821
79 164 0.094531295250114694
79 165 -0.035469002385011085
79 166 -0.043833580082325393
79 167 0.10649590740089369
79 168 0.094113688699372033
79 169 0.04368988216643533
79 170 -0.003007818194789015
79 171 0.040399209915398013
79 172 -0.076024805924789579
79 173 0.0029094152363242378
79 174 0.0369189032216415
79 175 -0.024787121080690377
79 176 0.0059989246680197195
79 177 0.0043502757234165487
79 178 -0.065555390104941463
79 179 -0.0032085550008456938
79 180 0.086864856636198029
79 181 -0.0029212961258695091
79 182 -0.063200360660205721
79 183 0.020146550425202272
79 184 0.11970444223431621
79 185 -0.095844212972935536
79 186 0.039220209821801959
79 187 -0.080807288765841603
79 188 -0.023743055849600112
79 189 0.029477367701580125
79 190 -0.011174734593088291
79 191 -0.00094361804011971551
79 192 -0.027443181604879751
79 193 -0.0073359462782108245
79 194 0.02610204183977647
79 195 0.014894306051889917
79 196 0.025048160742975441
79 197 0.015365075691137611
79 198 0.011296699800850509
79 199 0.17460080480199799
80 81 0.14892130895454656
80 82 -0.0033427645567016828
80 83 -0.011109522359883283
80 84 0.041193117912635989
80 85 -0.028912954647306834
80 86 0.027372028964097791
80 87 -0.1048795501391477
80 88 -0.069452927175139109
80 89 -0.02685453994210513
80 90 0.043020802076826008
80 91 0.082222421746892316
80 92 0.0913051577493523
80 93 0.12451498690388051
80 94 0.16655255729130389
80 95 0.014765116894312147
80 96 -0.033401290142427272
80 97 0.066627783947519975
80 98 0.022008584530898316
80 99 0.0086933500690542335
80 100 0.07926516966890855
80 101 0.035792592594470526
80 102 0.041654051615138223
80 103 0.086952709769203704
80 104 -0.0013906427350489931
80 105 0.013574222082242602
80 106 0.07104377000841651
80 107 -0.047900264817897331
80 108 -0.0020556523390507721
80 109 0.058844159931148249
80 110 -0.016244297569207575
80 111 -0.058280731880042312
80 112 -0.096950989135963825
80 113 -0.029234621820336953
80 114 0.035855948930980201
80 115 -0.01901861236270521
80 116 -0.13314693158826482
80 117 0.050972734515423578
80 118 -0.081208926172258125
80 119 -0.097022563497162276
80 120 -0.076580741492363991
80 121 0.018618855477076264
80 122 -0.072061699917855784
80 123 0.049029493018050839
80 124 0.0073410196459850136
80 125 -0.038121739743761957
80 126 -0.010694907041618256
80 127 -0.050556156018593611
80 128 0.010711177926234624
80 129 0.042911975439180412
80 130 -0.023768075154640324
80 131 -0.13129562416419591
80 132 -0.0054952834311517793
80 133 -0.049710562196016182
80 134 -0.11101074756849034
80 135 0.042318981672621304
80 136 -0.044167174433723262
80 137 -0.070546118682549036
80 138 -0.039944732245683422
80 139 0.17566284744497337
80 140 0.094562105431948637
80 141 0.039854317685918891
80 142 -0.058053547380407432
80 143 0.0019265169908567301
80 144 0.062296667280163726
80 145 0.01219459122744195
80 146 0.037865767988027307
80 147 0.011449411790181774
80 148 0.056366684519024636
80 149 -0.098939431312891943
80 150 0.073296010379785712
80 151 0.13935272503000204
80 152 0.036290358130227171
80 153 0.064591238892846514
80 154 0.0057847271338515695
80 155 -0.0051656227499758513
80 156 0.013851293523840598
80 157 -0.021739113692490795
80 158 -0.033707513672032598
80 159 0.04981360193826976
80 160 -0.023059996605758849
80 161 -0.0034952262989277074
80 162 -0.086309863174942852
80 163 0.086755249282193844
80 164 0.0342142925298871
80 165 -0.037058705129643703
80 166 -0.13236660911588954
80 167 -0.064870718823259968
80 168 0.013436106457536843
80 169 -0.097674914567248194
80 170 0.032175091440470045
80 171 -0.019115458169787266
80 172 -0.037675084695263553
80 173 -0.089598385930868385
80 174 0.083361774273484596
80 175 0.046791587967470814
80 176 -0.058570328570937247
80 177 0.065004345103873276
80 178 -0.015480587508948263
80 179 0.064651802238444286
80 180 -0.083739106247293707
80 181 -0.092945962773061719
80 182 -0.032436136547936617
80 183 0.028112179126110536
80 184 -0.017658201416769673
80 185 -0.070945893818475533
80 186 0.034883227973155795
80 187 0.071985487750782826
80 188 0.063401021501734045
80 189 0.078120926274574551
80 190 -0.14145961706984908
80 191 -0.030279618978057476
80 192 -0.050489902606682659
80 193 -0.031431928281740781
80 194 -0.078467412219231258
80 195 -0.081552116860112309
80 196 0.082828513126863831
80 197 0.045358129552105372
80 198 -0.04713979706090702
80 199 -0.067482816455464653
81 82 -0.080927021963927329
81 83 -0.047967339549609363
81 84 0.012748123523359287
81 85 -0.089267767989996208
81 86 0.056763079799489226
81 87 -0.035080090805953305
81 88 -0.10933426965493101
81 89 -0.059118995999253403
81 90 -0.035957400970829306
81 91 -0.12285267122489428
81 92 0.003241542627440446
81 93 -0.10095084888308459
81 94 0.049216497393118279
81 95 0.045947693882967808
81 96 0.11037087202275155
81 97 -0.010199305341794782
81 98 0.15068494729647833
81 99 -0.096662218648172801
81 100 0.02601008609219968
81 101 -0.074223534377890643
81 102 0.063379302361817588
81 103 0.15112477085247003
81 104 -0.050035792552463342
81 105 -0.048049376812172577
81 106 0.0032454488195362303
81 107 0.011638187503891097
81 108 -0.081555086784859426
81 109 -0.067183833795024198
81 110 -0.046514383494825416
81 111 0.11725714589610767
81 112 -0.070259935919900818
81 113 -0.01666969696171863
81 114 0.0087827615650993025
81 115 0.0096385865462656189
81 116 0.014287855073613097
81 117 -0.023083417394527322
81 118 0.0089894683963865005
81 119 -0.059514764746457269
81 120 0.0061510795428230533
81 121 -0.014013075840432295
81 122 -0.091777385627740585
81 123 -0.12573514093275662
81 124 0.18972326056088701
81 125 0.021327473246473175
81 126 -0.065113663417067938
81 127 -0.047712096608144537
81 128 0.0078134520895062915
81 129 -0.0091768698416966315
81 130 -0.028215617091733862
81 131 -0.0092226720035119766
81 132 0.075855885728074293
81 133 0.054788930866697845
81 134 0.065036568016968055
81 135 -0.035092058610987367
81 136 -0.026668299452145369
81 137 0.040981625109372109
81 138 -0.053758210353255377
81 139 0.068688382977470749
81 140 0.067412466012458441
81 141 -0.06775251862095337
81 142 0.10598727930657886
81 143 0.021445458545873361
81 144 0.055948667539616026
81 145 -0.013539225383506192
81 146 0.092812062338389748
81 147 0.091939710479700676
81 148 -0.074329565653421956
81 149 -0.18016761540785142
81 150 -0.0047744633513472651
81 151 0.10943807249872758
81 152 -0.039233247738888088
81 153 0.093170508268440616
81 154 0.11577404280017721
81 155 -0.036499865440343053
81 156 -0.11840851884408345
81 157 -0.15195866005116218
81 158 -0.012506097342837126
81 159 -0.081725446922925812
81 160 -0.028294673115271396
81 161 -0.03346642957798996
81 162 0.038122277906586934
81 163 0.0040208994078893435
81 164 0.080855026332754071
81 165 0.080663576328024983
81 166 0.03514239896005783
81 167 -0.027436441083461671
81 168 0.027722570505119538
81 169 0.012966111884120618
81 170 0.045166518497893472
81 171 -0.021008514061404474
81 172 -0.11758104578736775
81 173 -0.053600297043189256
81 174 -0.12354687379540062
81 175 -0.065780358790923393
81 176 -0.035828526584187538
81 177 -0.030861022289264992
81 178 0.015580976374205533
81 179 -0.078946633627519636
81 180 0.088107608376658389
81 181 0.022324419631856045
81 182 0.086590193783889643
81 183 -0.09756496003652089
81 184 -0.048306229275095681
81 185 -0.029488744029575808
81 186 0.052712257566955918
81 187 -0.12227149621105586
81 188 -0.058189066222548019
81 189 0.096862175640498704
81 190 0.01070023671450461
81 191 0.067847403673667428
81 192 -0.020240524763769228
81 193 -0.026093411964344237
81 194 -0.00050280136122796398
81 195 0.074055898605272952
81 196 -0.071037495331017636
81 197 0.072460027644182273
81 198 0.11781649367286715
81 199 0.00039099474349298016
82 83 0.020444432094924674
82 84 0.008320345968213301
82 85 0.022429046486625834
82 86 0.03866498486771229
82 87 0.017323300301223962
82 88 0.092554520409243321
82 89 0.041872848798324543
82 90 -0.013375593332548855
82 91 -0.0065475807463172024
82 92 -0.01771777084910087
82 93 0.04706298215864007
82 94 -0.0064621062210340379
82 95 0.087574387875272192
82 96 -0.047108173740004831
82 97 -0.031162660753774628
82 98 -0.033715692030360435
82 99 -0.080253371448697944
82 100 0.067583503972778181
82 101 -0.027534775174795301
82 102 0.15406965816471063
82 103 0.085823893580534494
82 104 -0.10612931124649524
82 105 -0.033158879149883275
82 106 -0.064340643028848662
82 107 0.034738996932915475
82 108 0.11996831546319425
82 109 0.036810767821702665
82 110 -0.031154220027816849
82 111 -0.16063086327113238
82 112 -0.064452865771977369
82 113 0.0016642313057976107
82 114 -0.042619259912167799
82 115 -0.019972249551560114
82 116 0.013873556785673884
82 117 -0.026826285781685638
82 118 -0.0079017330891215948
82 119 -0.094970507971164561
82 120 -0.020338109141621184
82 121 -0.047402975935212449
82 122 -0.016881013344075893
82 123 0.071103653222891278
82 124 0.037266293391442454
82 125 0.023742691687769883
82 126 0.091123878948126666
82 127 -0.040936153712377799
82 128 0.032347770342656387
82 129 0.014593749485393888
82 130 0.024246231539815234
82 131 0.074804302689479421
82 132 0.04227607034331874
82 133 -0.067708993947656435
82 134 -0.01650969222888159
82 135 -0.10334489319401392
82 136 0.13454572305193394
82 137 -0.017471504011325013
82 138 -0.071388066227606031
82 139 -0.091312091949473567
82 140 0.03577053116693326
82 141 -0.085500365253028815
82 142 0.18573947409764929
82 143 -0.042275575053309651
82 144 -0.030718433707568722
82 145 -0.0041268877111692017
82 146 0.012405203933799151
82 147 -0.057938200852568282
82 148 0.13412679779138742
82 149 0.072491787311904504
82 150 0.052898252722193104
82 151 0.0014717745610158652
82 152 -0.010021511440834043
82 153 0.010521287865577982
82 154 0.047626442975094635
82 155 -0.098236022551317331
82 156 -0.0078065380742924906
82 157 -0.0010930671586167049
82 158 -0.10952609595583852
82 159 0.04307685315019423
82 160 0.15757624078342783
82 161 -0.057648734874263578
82 162 -0.0079193081558742197
82 163 -0.01587282987980565
82 164 0.0073891642804359966
82 165 -0.0048355101595952523
82 166 -0.069637542279710696
82 167 0.095844161872197395
82 168 -0.047610041290827694
82 169 0.070515355495405829
82 170 0.11440833830032043
82 171 0.04521365661216839
82 172 -0.067698097663727724
82 173 0.1249066309424037
82 174 0.0067182639901785454
82 175 -0.029613549344143428
82 176 0.028624063274414885
82 177 -0.029918708852596985
82 178 0.058896812214231618
82 179 0.055153162523491485
82 180 0.10956032503704617
82 181 0.050982471976575724
82 182 -0.10459532417641669
82 183 -0.033888506060821555
82 184 0.013904662125694463
82 185 -0.033967262797319556
82 186 0.07840118199205004
82 187 -0.019993643759800377
82 188 -0.063904571213669825
82 189 -0.14968020532808324
82 190 -0.079416497237427885
82 191 -0.064551451157476139
82 192 -0.012272447375073927
82 193 -0.029155724150002674
82 194 -0.017594794331630022
82 195 0.052868594482318988
82 196 0.054481023706013848
82 197 -0.081506016867741268
82 198 -0.0707079401758305
82 199 0.049072241443963383
83 84 0.019646263583578408
83 85 0.023608427674411563
83 86 0.057359003601746776
83 87 -0.14265150769374466
83 88 0.027868880623326948
83 89 0.014340803763665139
83 90 -0.072147491332193073
83 91 -0.048490084649266518
83 92 0.0039870830036017454
83 93 0.090120586714542955
83 94 -0.072457442059842947
83 95 0.089765848309965604
83 96 0.017779276967013549
83 97 0.071135845517062868
83 98 -0.075821100619053047
83 99 -0.088524323854666784
83 100 0.021195293323692851
83 101 0.074562283296692511
83 102 -0.083832810017866688
83 103 -0.1267241326095716
83 104 0.069628895685960451
83 105 0.15382997439370594
83 106 -0.0010090850792846193
83 107 -0.004862458161124618
83 108 0.045261796077676018
83 109 -0.0003669917409422012
83 110 -0.013327421597663298
83 111 -0.14063609357910645
83 112 -0.019978667682798327
83 113 -0.10103787351030787
83 114 -0.027538029622864269
83 115 0.046848428933513583
83 116 -0.07184300282634333
83 117 0.022872508039043376
83 118 -0.07738785025045225
83 119 -0.04362730552369852
83 120 0.0032044713676995305
83 121 -0.013458962479135483
83 122 -0.024353726148787939
83 123 0.071234412156861882
83 124 0.054468856157339256
83 125 0.15336694857770833
83 126 0.051422958159373144
83 127 0.050682987370393048
83 128 -0.057361471972689683
83 129 -0.034364691872780025
83 130 0.034442931892224797
83 131 0.010312692164984335
83 132 -0.11615461222596553
83 133 0.077147102014895816
83 134 0.0065649026510461077
83 135 -0.017969994917939266
83 136 -0.02985208568698992
83 137 0.060403672893184338
83 138 0.106896297408261
83 139 -0.033625522465828672
83 140 0.0019599202024334563
83 141 -0.020856586813088572
83 142 0.099615385535378631
83 143 -0.088065690094329005
83 144 -0.021803083280682735
83 145 -0.11732029546338613
83 146 0.071220439003043645
83 147 -0.060268599438139066
83 148 -0.023874929602143068
83 149 -0.12782122187858203
83 150 -0.014976931380615767
83 151 0.060602255101476023
83 152 0.034170155831719437
83 153 0.052012730537327974
83 154 -0.047420773107614708
83 155 0.093617067263332576
83 156 -0.011905984980676935
83 157 -0.013670951208234319
83 158 0.085473891664947302
83 159 0.043864900553970139
83 160 -0.025999740600436982
83 161 0.034610266533016361
83 162 0.10073016863084323
83 163 -0.012857854429401103
83 164 -0.12562957824532617
83 165 0.052135862479260539
83 166 -0.0031756539200121538
83 167 -0.049331594160614826
83 168 -0.088307264708118755
83 169 -0.032297909480589172
83 170 0.099978445711346439
83 171 0.067499555071223474
83 172 0.12022638803304246
83 173 0.052652451496828998
83 174 0.13337259896558348
83 175 0.07824170901359874
83 176 -0.08292615292450084
83 177 0.018396524695049935
83 178 -0.050591083928521886
83 179 -0.10682230241942001
83 180 -0.1170510120147376
83 181 0.056929185753662868
83 182 -0.12126017826454315
83 183 0.080529359110342036
83 184 0.03812654622878605
83 185 0.033970961898100928
83 186 0.01687032150891964
83 187 0.01689872835813757
83 188 -0.0019046799195312823
83 189 0.15915063570716378
83 190 -0.043984074379173059
83 191 0.058360274926752283
83 192 0.086866130877018333
83 193 0.12053182132834082
83 194 -0.18847035713794727
83 195 0.079448383642770945
83 196 -0.086536565346197705
83 197 -0.16677085379098958
83 198 0.044590792454282067
83 199 0.079286640396629887
84 85 -0.007476117522513921
84 86 -0.012969861634595391
84 87 0.060812888667528119
84 88 -0.01403818982513245
84 89 0.025622513902452689
84 90 -0.0023116417075007825
84 91 0.067562622780918694
84 92 -0.032688435078166427
84 93 -0.0080054701742105893
84 94 0.097162120683477252
84 95 -0.014450840668817393
84 96 0.0026385684011259064
84 97 -0.035153918399188008
84 98 0.033857870094473851
84 99 -0.12545764619203095
84 100 -0.1215393399089989
84 101 -0.052408935828098892
84 102 -0.026378289097292475
84 103 -0.042473573630269774
84 104 -0.072267731611923638
84 105 0.035208149680356383
84 106 -0.059409129669345924
84 107 -0.008779608978812593
84 108 -0.046105922387621005
84 109 0.0041226561312808271
84 110 0.0082309803129799568
84 111 -0.071951090713212512
84 112 -0.098827253485870417
84 113 0.021865867424173197
84 114 -0.0048882917465151443
84 115 0.018053944442909753
84 116 0.15611382695432222
84 117 0.03219751049954598
84 118 0.015317218357491971
84 119 -0.015043785436288063
84 120 -0.007465026911332228
84 121 0.067360875151675451
84 122 -0.039872413973493136
84 123 -0.0046773659686212615
84 124 0.10024957866068331
84 125 -0.02038163465359151
84 126 0.13332904904555404
84 127 0.073988184718961444
84 128 -0.00042655615370244663
84 129 -0.0010665744564217791
84 130 0.020660561195590788
84 131 -0.044851514974781397
84 132 -0.12699849666665858
84 133 -0.07481156564165406
84 134 0.069739176765100247
84 135 -0.041264104057484839
84 136 -0.02049236990939439
84 137 -0.094445474636899715
84 138 -0.011273379685974583
84 139 -0.070580931817264783
84 140 0.039349273123066464
84 141 -0.069558470173373146
84 142 0.1559325302400521
84 143 0.025955829496527836
84 144 -0.036430782403175301
84 145 0.080984868133800555
84 146 -0.0063991940435922465
84 147 0.01694299197390808
84 148 -0.045876277019823115
84 149 -0.023573287233134139
84 150 0.020104110103827406
84 151 0.054790967887761895
84 152 -0.1013177025436878
84 153 -0.038065207753506934
84 154 -0.00020989507352014777
84 155 -0.069766949335793582
84 156 0.1405471931973952
84 157 0.00723710044566138
84 158 0.060307210195739556
84 159 0.050832398936325553
84 160 0.0996781280472082
84 161 -0.088329660668312562
84 162 -0.073598312764990154
84 163 0.014177760287968501
84 164 0.055097981457002031
84 165 0.08149838940442361
84 166 0.044889490243183464
84 167 -0.095770656447198052
84 168 0.016817388353697324
84 169 -0.012455599896110859
84 170 -0.0034145088358971147
84 171 0.019292897703613702
84 172 0.048405087822746294
84 173 -0.037918271332793095
84 174 -0.062120838568674036
84 175 -0.18718053811125948
84 176 0.013522721245389228
84 177 0.04917081624820039
84 178 -0.0033027987029538354
84 179 0.068479691762026548
84 180 0.018016034608630764
84 181 -0.036008581280156944
84 182 0.021561444626971793
84 183 -0.0037022955791463454
84 184 -0.013778446340622764
84 185 0.012039596202967346
84 186 0.07832794080248609
84 187 -0.10587820528483145
84 188 -0.074628419893837394
84 189 -0.0074378867012635909
84 190 0.046795860427769939
84 191 -0.049831614084498037
84 192 -0.18580903498741236
84 193 0.13872095689892114
84 194 -0.11287561605494262
84 195 -0.1206352930652119
84 196 -0.00064300102542019257
84 197 -0.021929892307085634
84 198 -0.011600527691858079
84 199 0.13067943774361301
85 86 0.0046534338260082724
85 87 0.12766879562214892
85 88 -0.051184570384749349
85 89 -0.13407844985710721
85 90 0.07440164244399286
85 91 -0.051904504250524869
85 92 0.0073654385459990448
85 93 0.05962857813202041
85 94 -0.065268542248619929
85 95 0.049012537950565413
85 96 0.010015846818145404
85 97 0.025769272733237293
85 98 0.040264151762822831
85 99 0.088562192800298103
85 100 0.0027060759910629466
85 101 0.017095841274418135
85 102 -0.024728474063121886
85 103 -0.0097397050631137343
85 104 0.0076753825654602738
85 105 -0.088528578460166901
85 106 0.013408295246490417
85 107 0.039884141950679061
85 108 -0.097974779888260158
85 109 0.017119097344985311
85 110 -0.15932509135229289
85 111 -0.0063813665881250646
85 112 -0.05188166921450061
85 113 -0.061069014572891517
85 114 0.019768625438947363
85 115 0.037575975879557209
85 116 0.15375724448742681
85 117 0.0052431539328970864
85 118 0.07445604189051977
85 119 -0.0028474774041190392
85 120 -0.12993985516477746
85 121 0.080076323573478631
85 122 -0.02774517497958455
85 123 0.097575529499621741
85 124 -0.058982346905023915
85 125 -0.1642375079147923
85 126 0.12925155428876453
85 127 -0.11012750329110206
85 128 0.028191256977731539
85 129 0.04443840830058074
85 130 -0.039942723866128182
85 131 -0.079151626918060977
85 132 0.0096876834733536903
85 133 0.11132527501425092
85 134 0.10391612270319732
85 135 0.084755213444311778
85 136 0.031796430192759031
85 137 0.017245181331520205
85 138 -0.076977921271179278
85 139 -0.12598656607061204
85 140 0.043772460244938839
85 141 0.029002654500714847
85 142 -0.00084360437342962584
85 143 -0.063439151835064669
85 144 0.057996778183229271
85 145 0.090753537160407252
85 146 -0.073645813670670884
85 147 -0.053054289428101455
85 148 -0.027442673783751852
85 149 -0.026537239420302478
85 150 0.14548656730063167
85 151 0.046030577499449818
85 152 0.01272440829926816
85 153 -0.033907140007414772
85 154 0.031180771762068026
85 155 -0.031704633122324653
85 156 0.015753429862469574
85 157 0.016058956503113061
85 158 -0.11410824305502563
85 159 -0.052444852472902558
85 160 -0.098578387289190092
85 161 -0.13033236435801976
85 162 -0.023094024499452769
85 163 -0.10180021988931538
85 164 0.00071157209962653353
85 165 -0.067554848255848926
85 166 0.056806250194859943
85 167 0.085757589014115301
85 168 0.039625782554645779
85 169 0.11290101384126257
85 170 0.050533058807822703
85 171 -0.061756595785232092
85 172 0.06618493733840837
85 173 0.047092840567440515
85 174 0.11345360838945666
85 175 -0.13297009055766995
85 176 0.11447535853911758
85 177 0.0013438738351098753
85 178 0.0054682851657383317
85 179 -0.064137247825282045
85 180 -0.030363783888144463
85 181 0.065549508570271614
85 182 -0.031810827509498728
85 183 0.0068064489341771563
85 184 -0.025987257451419166
85 185 -0.05913009824149984
85 186 -0.0023782674558671239
85 187 0.053987055095401415
85 188 -0.06959843016844261
85 189 -0.073047895242378244
85 190 -0.064758285434813212
85 191 0.062937259670310677
85 192 0.022968135495617298
85 193 0.071556222538830053
85 194 0.0032499254383880653
85 195 0.042150869778172929
85 196 -0.038273841051582894
85 197 0.030124734692569537
85 198 0.031131646169430326
85 199 0.041885299513603931
86 87 0.027833557453227496
86 88 -0.096618905996789031
86 89 -0.031864242336107081
86 90 -0.059188003231828185
86 91 0.048181826366287435
86 92 0.049763210464980223
86 93 -0.014482842971122987
86 94 -0.044840290838000646
86 95 -0.08174435895577796
86 96 -0.026672945679892042
86 97 -0.064392790198745248
86 98 -0.10369284354774015
86 99 0.010185913875264685
86 100 -0.057668486590721837
86 101 -0.05696750666497561
86 102 -0.086620605504510492
86 103 0.0043302814333256489
86 104 -0.12918317435507287
86 105 0.012138579349623872
86 106 -0.054717751652317133
86 107 0.090038534583356561
86 108 -0.056654570847930984
86 109 -0.034278611043527876
86 110 -0.032443795040847261
86 111 -0.035934965902549958
86 112 -0.011280521843550691
86 113 0.066316874062350553
86 114 -0.026905158813013755
86 115 -0.11765512393584208
86 116 -0.11564538606396929
86 117 -0.017553672826229095
86 118 0.094001760801236983
86 119 -0.0083096773737059444
86 120 0.028956745476620586
86 121 -0.063514103171454617
86 122 0.0062565227027891798
86 123 0.0061196722917849751
86 124 -0.025320846270906607
86 125 0.1320998601244352
86 126 0.041160734597846284
86 127 0.12058542670062534
86 128 0.0020444494733393168
86 129 -0.012054831926899254
86 130 0.016577554086817044
86 131 -0.07514497303626945
86 132 -0.015856637071216359
86 133 -0.13180927345624815
86 134 0.10569113490327148
86 135 0.040723644274052125
86 136 0.084763505572071601
86 137 -0.045479571353592027
86 138 -0.039298194254479973
86 139 -0.030258092508414564
86 140 0.035468337173179244
86 141 -0.10461939008159181
86 142 0.039860450386737377
86 143 -0.0049942964351256305
86 144 0.032408731844883229
86 145 -0.049929726991485436
86 146 -0.12180906954835635
86 147 0.10058604174062076
86 148 -0.022128432905871902
86 149 -0.12822075186258608
86 150 0.025635766804472954
86 151 -0.0041076329273734497
86 152 0.017305560177072975
86 153 -0.018622686705679906
86 154 -0.006931388518988303
86 155 0.029798428829967184
86 156 0.011705441148676681
86 157 0.023951884049213938
86 158 -0.064426197302884777
86 159 0.010190472744828134
86 160 0.062352967328985501
86 161 0.032727724249429831
86 162 -0.12219275057099499
86 163 -0.0033112727805710883
86 164 -0.026421138057370182
86 165 -0.06069464963461535
86 166 0.02199368606634957
86 167 -0.04433986920114194
86 168 -0.013711042148188517
86 169 -0.037437493237394266
86 170 0.086688863844603073
86 171 -0.01414428474182376
86 172 -0.055984378979196919
86 173 -0.0003551012091571833
86 174 0.014906756814109832
86 175 -0.083319639207533353
86 176 0.044158522410422126
86 177 -0.025594880810717431
86 178 0.083603429082673708
86 179 -0.0073879715381393561
86 180 0.076999553053185871
86 181 -0.067680428193027636
86 182 0.033403219916256291
86 183 -0.057196861930300165
86 184 0.035516866027314409
86 185 0.050430286029146745
86 186 -0.028048395443678098
86 187 0.012791568130573602
86 188 0.020692243276513939
86 189 -0.059493947680537847
86 190 0.011668510216154098
86 191 0.029295350084618792
86 192 0.057582552809858481
86 193 -0.10086516364336116
86 194 -0.039284090330171488
86 195 0.033152851349918147
86 196 0.044749049476195672
86 197 -0.082291280538381306
86 198 0.044637496962208187
86 199 0.10674300699477018
87 88 -0.030220659526462759
87 89 0.020083006695160513
87 90 -0.091367668788853329
87 91 -0.03637722581334249
87 92 0.047434591131342796
87 93 -0.087722964035047493
87 94 -0.0032262088653481017
87 95 -0.019810409832917757
87 96 0.19830408302420702
87 97 -0.014599944110957424
87 98 0.016215640892721997
87 99 -0.12793212472352333
87 100 0.11362053591245931
87 101 -0.027866819585042127
87 102 -0.08178271795136445
87 103 -0.046898729270096431
87 104 -0.096152275919992813
87 105 0.10868129687158858
87 106 0.039628032303143539
87 107 0.030589140084930341
87 108 0.065143004266312809
87 109 -0.18260178681982939
87 110 0.03842983211235141
87 111 -0.046557315261332097
87 112 -0.068577927444002582
87 113 -0.011953242040779318
87 114 0.080728526732922176
87 115 -0.083317477987850816
87 116 -0.069518319984997509
87 117 -0.026957886799117588
87 118 -0.056863343983347234
87 119 -0.07406874313518734
87 120 0.02339248765144775
87 121 0.025790514712820883
87 122 0.081195681708382872
87 123 0.09243521498030631
87 124 0.12346679392263056
87 125 -0.083658580778776623
87 126 -0.003053618000391692
87 127 0.096515424567255051
87 128 -0.0524987163708866
87 129 -0.075973918870449283
87 130 -0.084293187163207134
87 131 -0.061306424104037728
87 132 0.014376490781944546
87 133 -0.10554815250558934
87 134 -0.094832345738493709
87 135 -0.014573001676807648
87 136 0.01488103094719089
87 137 0.067327619055571997
87 138 -0.082747184500900225
87 139 -0.079016255397078641
87 140 0.081989010621424524
87 141 -0.12170044076164829
87 142 -0.041275358365621531
87 143 -0.016178766579217761
87 144 -0.012776118142477772
87 145 -0.13287304795063615
87 146 -0.040862463681572078
87 147 0.13743931383114308
87 148 -0.032080272472940284
87 149 -0.074206534641100469
87 150 0.0035363982316588796
87 151 0.11962959396597765
87 152 0.089143564036946163
87 153 -0.038489905150034379
87 154 -0.012791100000859321
87 155 0.057634898562245782
87 156 -0.046744788357712806
87 157 0.015583843096308994
87 158 -0.056246231234302876
87 159 -0.051497727412367612
87 160 -0.027719687800730208
87 161 -0.0074291050809933883
87 162 0.0055561836611505754
87 163 0.0013594290698568004
87 164 0.13704730031227588
87 165 -0.13675549642894122
87 166 -0.0002465599616696464
87 167 -0.051215376605026557
87 168 -0.023213466337204371
87 169 -0.047353061091354301
87 170 0.037112467519556103
87 171 -0.057670725379759237
87 172 -0.10281704718567307
87 173 -0.046560667477749805
87 174 0.11799789220621032
87 175 0.1018948406675612
87 176 0.058777587426507766
87 177 0.023578718539124837
87 178 0.06934994027547757
87 179 -0.10985754221232787
87 180 0.096985796898439058
87 181 -0.039929647249630176
87 182 -0.084036452050258975
87 183 -0.18734183817710273
87 184 -0.038569333714933811
87 185 -0.13185547614430873
87 186 -0.056262347253680352
87 187 -0.05124063828646435
87 188 0.020085780493606188
87 189 0.054316718688215235
87 190 0.037889883694826619
87 191 -0.011167129056898656
87 192 0.064155439606370934
87 193 -0.082466124718747258
87 194 -0.0064962885358797028
87 195 0.039458252118166205
87 196 -0.076059757254575366
87 197 -0.010648966853294235
87 198 0.07521124457352954
87 199 0.048847099339148548
88 89 -0.057882532511328522
88 90 0.033289153072910312
88 91 0.021774429292092206
88 92 -0.023531872245790415
88 93 0.050250755205302311
88 94 -0.034479661051806741
88 95 0.072171311587663073
88 96 -0.088017911121601719
88 97 -0.029287208194325537
88 98 0.011644384630182103
88 99 0.020261186932759991
88 100 -0.012689170349531253
88 101 -0.020600091664266417
88 102 0.17622604699083178
88 103 -0.00056250914146659288
88 104 -0.13109973003782679
88 105 0.039184627505694979
88 106 -0.15978990379264696
88 107 0.013801664261511063
88 108 -0.024558812574332491
88 109 -0.10337615502548882
88 110 0.034379802965030522
88 111 -0.11949576677890261
88 112 0.021067116352097511
88 113 0.053866323925721452
88 114 0.13427127212832551
88 115 0.065792401421945798
88 116 -0.018547602110933106
88 117 -0.047073032529249652
88 118 0.10804984308430104
88 119 -0.032867360625523027
88 120 0.0015204993789673057
88 121 -0.020591336433396178
88 122 -0.0094569319174061355
88 123 0.10378877533069909
88 124 -0.016353406486711932
88 125 -0.085917753647191564
88 126 0.00090475606171423056
88 127 0.038458989682032381
88 128 0.021456233042505712
88 129 0.029853017666343133
88 130 -0.048603042827056332
88 131 -0.02418662123005905
88 132 -0.02827026972817704
88 133 0.05045008160934978
88 134 -0.10203299451868657
88 135 0.024368493312435818
88 136 -0.015861757809912259
88 137 0.0047122544287136114
88 138 -0.039177132851886572
88 139 0.065152939112977384
88 140 -0.075393064971863044
88 141 -0.19085625888458313
88 142 0.033443437349138239
88 143 0.040067358704034647
88 144 -0.15380044837878057
88 145 0.06030102935198195
88 146 -0.010702577063485515
88 147 0.031124395658166184
88 148 0.06906571760123173
88 149 0.11706251322240341
88 150 0.024170677422855964
88 151 0.070504601171546458
88 152 -0.046590138224420888
88 153 0.018055597745657671
88 154 -0.035935056665389105
88 155 -0.043490393237048973
88 156 -0.15338950317363353
88 157 -0.0094263868567497754
88 158 0.0878657984263672
88 159 0.034536073515249538
88 160 0.0079644181602640148
88 161 -0.01119425638268408
88 162 -0.00802972654035463
88 163 -0.0088384213504366215
88 164 -0.074132016556018338
88 165 0.0089495105112945925
88 166 -0.036902568571774465
88 167 0.034057004240261174
88 168 0.021783472680770098
88 169 -0.15239329886968839
88 170 -0.007450940345571839
88 171 -0.040148949123468662
88 172 -0.048460101636156834
88 173 0.0055742151075320514
88 174 -0.046996019717330237
88 175 0.02445469599677693
88 176 -0.036300073990274309
88 177 0.087315664701890019
88 178 0.071889242993117011
88 179 -0.0070445977135978541
88 180 0.089455738481262981
88 181 -0.024212755041212963
88 182 0.070394504972927902
88 183 -0.056051683801169948
88 184 0.11332641251269959
88 185 0.0082765750391520093
88 186 0.054521889949755861
88 187 -0.034514515289547312
88 188 0.17481877870476284
88 189 -0.0080445140696086097
88 190 -0.039643955638659231
88 191 0.042728025554456574
88 192 0.073026316334173627
88 193 0.07050376446030697
88 194 -0.13233251526649914
88 195 -0.07739137674050113
88 196 0.03075885636023103
88 197 0.097508135897935208
88 198 0.027020429807952721
88 199 0.017129683533387292
89 90 -0.035351088437935843
89 91 0.044489554706259579
89 92 0.086566873496268806
89 93 0.065802261496654121
89 94 0.062292988507178557
89 95 -0.019766842168787206
89 96 0.04980728944917031
89 97 0.0070821715944276737
89 98 0.0095350472104196622
89 99 0.019005054169552633
89 100 0.14946683116946191
89 101 -0.028022233513846452
89 102 0.094783496653732507
89 103 -0.005623944435285389
89 104 0.028083631663304204
89 105 -0.0066528787292601593
89 106 -0.014381934427990496
89 107 -0.010141378693277225
89 108 0.014129011816302495
89 109 0.1291182589700802
89 110 -0.079083054594394353
89 111 -0.056117615807125827
89 112 -0.15576180120465727
89 113 -0.1285479875987795
89 114 -0.055362602980659661
89 115 -0.034597511453673728
89 116 -0.010497530929211102
89 117 -0.036316362340039855
89 118 -0.064882923962948702
89 119 -0.074587147666211467
89 120 0.02067501550537592
89 121 -0.01548930964362177
89 122 -0.029341481745532846
89 123 0.033818926512379555
89 124 0.021671718974104755
89 125 -0.066966910239094693
89 126 0.10286863999043556
89 127 -0.1136168394927637
89 128 -0.099970262673737639
89 129 0.013959733213602334
89 130 0.026088642729422871
89 131 -0.045127169840222962
89 132 -0.11740965155881322
89 133 -0.0018745188057142823
89 134 -0.026598835023826969
89 135 -0.054080516636353354
89 136 0.1028864396821637
89 137 -0.017456033664753838
89 138 -0.080884240949925121
89 139 0.055154976175754974
89 140 -0.067187304446663237
89 141 0.042211163887729067
89 142 0.1054835362198436
89 143 0.042028719104650107
89 144 0.0051162886622011152
89 145 0.021834195811982107
89 146 0.030980060103258239
89 147 0.074583022362197562
89 148 -0.12180881173067803
89 149 -0.0072249247468492142
89 150 -0.1323135346586255
89 151 0.02621878885364539
89 152 0.026151445997456065
89 153 0.090764385521534235
89 154 -0.032462584898302234
89 155 0.002105618632911155
89 156 0.066832717373394399
89 157 -0.11639381089427073
89 158 -0.10180926408200261
89 159 0.051735893472657279
89 160 -0.036138669079206792
89 161 -0.06309859985412089
89 162 0.17998389189286917
89 163 0.080657261966347177
89 164 0.023099221027348831
89 165 0.057855873352165195
89 166 0.0099059142533474698
89 167 0.0062596391297223023
89 168 0.047009304018229087
89 169 -0.0483958207351683
89 170 -0.073424459068436435
89 171 0.052433315043756534
89 172 -0.012932226588311982
89 173 -0.076735489256745559
89 174 -0.082644438484338875
89 175 0.004911861756707
89 176 -0.10950818247958187
89 177 -0.056926052345254559
89 178 0.10283395218876651
89 179 0.013598582006905524
89 180 0.010097590980787002
89 181 0.034512488411085132
89 182 0.0025097904939376421
89 183 -0.1322865163272717
89 184 0.076142666230228639
89 185 -0.037464234627614799
89 186 0.059309640838427963
89 187 0.077594354301380536
89 188 -0.10195027474284546
89 189 -0.01721045353676599
89 190 0.037024918006922633
89 191 -0.046589977416165926
89 192 -0.09072880359409502
89 193 -0.0043353009692157704
89 194 0.066849495407780596
89 195 -0.064651314323393841
89 196 0.08828777852486526
89 197 0.048005831570027212
89 198 0.070769154555375413
89 199 -0.013491019373825353
90 91 0.020903363116586214
90 92 0.084568223713437043
90 93 -0.060845518783279165
90 94 0.015601690167138681
90 95 0.10786754145897894
90 96 -0.019365213914892463
90 97 -0.098954820944562857
90 98 -0.15007610476193997
90 99 -0.031743143375843039
90 100 0.059208666624927089
90 101 -0.046081440582531989
90 102 -0.050349546597740741
90 103 0.01841804948002862
90 104 -0.0060149462886752072
90 105 -0.025976268961136858
90 106 0.035474053691216659
90 107 -0.033924897350591912
90 108 0.022407396779366918
90 109 -0.045165055812653322
90 110 0.13942541331546199
90 111 0.0057225615635477824
90 112 0.062627762442893697
90 113 0.012564893117988684
90 114 -0.081687802441948315
90 115 0.0096690511541191095
90 116 0.015865613166903245
90 117 -0.066959972356507802
90 118 -0.015682413649950298
90 119 0.0046283393242455345
90 120 -0.067601618150211748
90 121 0.0055882236754403875
90 122 -0.047431124017420549
90 123 -0.049173020066790585
90 124 -0.0025996063340060637
90 125 0.044281109508838991
90 126 0.14770697438609615
90 127 -0.017747738978339707
90 128 -0.040048618271608119
90 129 -0.067028564922860107
90 130 -0.024554488864940983
90 131 0.070468882934211899
90 132 -0.018328755364787782
90 133 -0.029490356018686568
90 134 0.0038897355315708005
90 135 -0.087152669187012186
90 136 -0.0077950299519021719
90 137 -0.070707552778570576
90 138 0.094674138153874418
90 139 -0.070481025827495505
90 140 0.056503829150084853
90 141 0.072662637401218103
90 142 0.016771496323783084
90 143 -0.033667366092156231
90 144 0.12511515217974803
90 145 0.068551094321607095
90 146 0.030267768590683513
90 147 0.092861410557049898
90 148 -0.096113948999542564
90 149 0.093605370264278967
90 150 0.013531863066747215
90 151 0.037082953194656501
90 152 -0.058421827369202435
90 153 0.1494415253519315
90 154 -0.077019574886287204
90 155 -0.046989133113060008
90 156 0.15195794713723801
90 157 0.003554586797547978
90 158 0.022395338218998775
90 159 0.094548399159122651
90 160 0.01505938216081348
90 161 0.16743234914299313
90 162 0.023506596867202863
90 163 0.088674349232854749
90 164 0.070011400497678677
90 165 -0.075967031302813598
90 166 0.048749016972753849
90 167 -0.097958377232574625
90 168 -0.019985934375798275
90 169 0.01544750754874768
90 170 0.027829520742240661
90 171 -0.045141380290433568
90 172 -0.055365006481766496
90 173 -0.084876968825046917
90 174 -0.028419231123263503
90 175 -0.040072854271569251
90 176 -0.027811010334306066
90 177 -0.021156211214826182
90 178 0.017970735952041395
90 179 -0.059635953802137882
90 180 -0.065261072789036201
90 181 -0.11350410832986149
90 182 -0.10355233475736132
90 183 0.099614473210477769
90 184 -0.023660484703641852
90 185 0.12475530633392806
90 186 0.026947609668113454
90 187 -0.040228086772537475
90 188 0.067480895018869863
90 189 0.095859557391796427
90 190 0.0045972987769833116
90 191 -0.047844288323001867
90 192 0.035529515613924548
90 193 0.20476009595943376
90 194 0.098105423976179579
90 195 0.12092207704899109
90 196 -0.11849630173752421
90 197 -0.12692693995472243
90 198 0.025265249142308648
90 199 -0.0024786851651203406
91 92 -0.0038695901670987212
91 93 0.0084568285388268161
91 94 -0.0053245008595467803
91 95 0.033494145034946479
91 96 -0.012653887863543172
91 97 -0.13174415514571167
91 98 0.043908572165888456
91 99 -0.042286736774184659
91 100 -0.012964189450447814
91 101 0.068809809755543433
91 102 0.049393862222189472
91 103 0.17103272947360365
91 104 -0.10997352146833776
91 105 0.058268262242909458
91 106 0.0075324755347269201
91 107 0.063974726675296995
91 108 0.0002472550005734652
91 109 -0.033658367028965033
91 110 0.0096010207917300514
91 111 0.17551097161739079
91 112 0.055309243096355792
91 113 0.072625958675538047
91 114 0.068601430348770503
91 115 0.067730860916018015
91 116 0.17184758240330414
91 117 0.079778605228672889
91 118 0.056602248972185451
91 119 -0.10308239573511616
91 120 0.066417898884172072
91 121 -0.0054426030218513496
91 122 -0.006658135977231556
91 123 -0.081461340675089533
91 124 -0.015439984317300091
91 125 0.094188855604787652
91 126 0.07466021767202205
91 127 -0.081233667725950087
91 128 0.033214115672087853
91 129 -0.00024672737559548757
91 130 0.022877455657156723
91 131 0.09915569169584014
91 132 -0.098296951688144799
91 133 -0.0016119314302976123
91 134 0.017470615291985968
91 135 -0.029030959099079993
91 136 -0.083846955941296833
91 137 -0.0002661803608494106
91 138 0.13616058322470567
91 139 0.054891251181808071
91 140 -0.067966133228292328
91 141 0.058650885245190569
91 142 0.11281204703039424
91 143 0.11744924257923968
91 144 -0.046287357024751757
91 145 -0.12142037566840148
91 146 0.072246211234153077
91 147 -0.084331318635160496
91 148 0.010261684302590439
91 149 0.0076823872890318381
91 150 0.016518329129355632
91 151 0.058900746083611087
91 152 -0.0043690488790961495
91 153 0.062220318946240104
91 154 0.040217218228326121
91 155 -0.014579783414669853
91 156 0.044671195557817671
91 157 0.04621660468694834
91 158 0.054994151346427621
91 159 0.033295672287155034
91 160 0.11450126106124572
91 161 0.090290175289120075
91 162 0.091046584200961247
91 163 0.1470188030843235
91 164 0.025968679821971982
91 165 0.061537844853234304
91 166 0.060747334886939258
91 167 0.053945440658857605
91 168 0.084499155280509261
91 169 0.025928183392475188
91 170 -0.074887631389163975
91 171 -0.037763677169460476
91 172 0.0040330855441822622
91 173 -0.07983879267379107
91 174 -0.0069940352635436054
91 175 -0.036563655265190835
91 176 -0.0073590220573070252
91 177 0.024601808523909644
91 178 0.023319744067404963
91 179 0.084045481053176135
91 180 0.062247721598213665
91 181 0.10639861069030511
91 182 -0.11619378556634345
91 183 -0.009298875047272382
91 184 -0.15263559212139993
91 185 0.059039801780894942
91 186 -0.0256735285548217
91 187 -0.039832048200779867
91 188 0.067365592934279947
91 189 -0.050582366540747624
91 190 -0.0024113501321498436
91 191 -0.073761451332870626
91 192 0.024511211553241197
91 193 -0.024700436118598734
91 194 0.10132562669161826
91 195 -0.07199674342024788
91 196 0.039483587293140471
91 197 -0.048562003997482173
91 198 -0.039644417748364094
91 199 0.097213020452247362
92 93 -0.14157194928145783
92 94 -0.02978285213790513
92 95 0.039565668147371023
92 96 -0.0063128149047757681
92 97 -0.019793493575890646
92 98 0.11199929458475308
92 99 0.035287177116790372
92 100 0.048059224328930707
92 101 0.047204562914788174
92 102 -0.10847330944488232
92 103 0.008761999078195146
92 104 -0.02609533333735594
92 105 0.18621856428851316
92 106 -0.020148056391853547
92 107 0.13413169872945926
92 108 0.01261861822782682
92 109 0.0038115807166707902
92 110 -0.04645406327659362
92 111 -0.030275213426767537
92 112 0.13411974953351746
92 113 0.054108231568762669
92 114 -0.09389730050240562
92 115 -0.011507233413702645
92 116 0.0061978157112331407
92 117 -0.01427819238862184
92 118 0.078740216929786069
92 119 0.058458977784327244
92 120 -0.078207675073813473
92 121 0.075398962116039442
92 122 -0.0058210539028317933
92 123 0.028250802412590915
92 124 -0.033707240012612792
92 125 0.065496228752193894
92 126 0.031975580555225119
92 127 -0.0040591376895692168
92 128 -0.1309799342523619
92 129 -0.075877688693000961
92 130 -0.095607327227875322
92 131 0.040966973190285305
92 132 -0.091396948223212982
92 133 0.015095633749303079
92 134 0.042287673139671744
92 135 0.012833789605385957
92 136 0.052631237646466045
92 137 0.015888426215769871
92 138 0.026933397550216939
92 139 -0.0098495562354541186
92 140 0.15777351958737074
92 141 -0.088057653413151596
92 142 0.043991223290388008
92 143 0.0065910802530607512
92 144 -0.055663342165179326
92 145 -0.070743310039595525
92 146 0.12159748368355225
92 147 -0.067870451870271478
92 148 0.023407191254030374
92 149 -0.064133366262119212
92 150 0.14378070881204155
92 151 -0.0534783582089867
92 152 0.067141194211606608
92 153 0.01120055316170551
92 154 0.036778707751010407
92 155 0.081886517319949947
92 156 -0.0075404016355643481
92 157 0.051924902667452047
92 158 0.038010263932615786
92 159 0.0032227692639153049
92 160 0.026010590484089397
92 161 -0.10482537167680808
92 162 -0.072367512991512978
92 163 -0.027660096456561981
92 164 0.024056629956512837
92 165 -0.039647793994623842
92 166 -0.012483905630149774
92 167 -0.015109690669680024
92 168 0.099538195244779665
92 169 0.060955476463477196
92 170 0.018793172120063383
92 171 -0.064810629879678242
92 172 0.026895724530912692
92 173 0.11660591961132484
92 174 -0.034544019545972901
92 175 0.065013417497184658
92 176 0.040650175541866188
92 177 0.049599167514881443
92 178 -0.049415223466409239
92 179 0.02132028295976585
92 180 -0.12760279847201719
92 181 0.02754027706833299
92 182 0.02368753453574032
92 183 0.047818949317014206
92 184 0.081872017713960465
92 185 -0.16815703407494265
92 186 -0.0020975813304094483
92 187 0.079437155353617062
92 188 0.057356035742272667
92 189 -0.05905831446638822
92 190 0.069636985507626592
92 191 0.076552005794076311
92 192 0.038433944405543173
92 193 -0.093021266644085845
92 194 -0.13007455813616298
92 195 0.099401479777575116
92 196 0.02759169799428185
92 197 0.013119685917771604
92 198 0.018376153661737438
92 199 0.062811765467035346
93 94 -0.10377051525408379
93 95 0.062425457463293185
93 96 -0.11632895674157416
93 97 -0.038937740742072846
93 98 -0.097043036513178652
93 99 -0.027454629480922903
93 100 0.12261177151083544
93 101 -0.12294099884928412
93 102 -0.022455962196178316
93 103 -0.016883733441768897
93 104 0.042763553185006561
93 105 0.014787846968787433
93 106 0.014426616093180461
93 107 -0.04821055151411497
93 108 0.13129763667064553
93 109 -0.033142764942042109
93 110 0.13753893556481403
93 111 0.11915365323353405
93 112 0.0062174536726277135
93 113 -0.078225124780245667
93 114 0.012370175100925142
93 115 -0.018922915584464926
93 116 -0.017448353527628399
93 117 0.086325400705889704
93 118 0.038169504891629631
93 119 0.064003294796817253
93 120 -0.025212623349935088
93 121 -0.034226104857426991
93 122 0.13764245013194584
93 123 0.051758147545066975
93 124 0.08074609553332672
93 125 0.10736584683929332
93 126 0.043391554790272222
93 127 0.0206954154146438
93 128 0.012114475074174312
93 129 -0.084247688406118099
93 130 0.16568055336173312
93 131 0.019055690476256291
93 132 -0.062696368599237023
93 133 0.050280229056771812
93 134 0.04122560925855269
93 135 0.095563157629158332
93 136 0.020366441485079739
93 137 -0.10773971077837755
93 138 0.0011279861352373078
93 139 0.00038108605076843019
93 140 0.083175512268824581
93 141 -0.021694762405478758
93 142 -0.064371319782928288
93 143 0.032513857691452618
93 144 -0.14677462484878559
93 145 -0.08997171698127257
93 146 -0.026307354801787041
93 147 -0.011789383130172646
93 148 0.031082452479891731
93 149 0.045562068246735206
93 150 0.10209428031997832
93 151 -0.045593440281919591
93 152 0.068978072637472937
93 153 0.044030985400296652
93 154 -0.11797251493468637
93 155 -0.063757457999917236
93 156 -0.019530246308681286
93 157 -0.10312548188887863
93 158 0.067201427863745639
93 159 0.066789085061887563
93 160 0.17907506188954406
93 161 0.068852980349921628
93 162 0.096123115217977381
93 163 -0.055290714773198871
93 164 -0.046017375416649589
93 165 0.063009937738867081
93 166 -0.031683446065477072
93 167 0.11456465763136199
93 168 0.0080912464888256951
93 169 -0.078858348074147447
93 170 0.0060082379877775087
93 171 -0.0771062623715629
93 172 -0.07848585179078825
93 173 0.15158036640663164
93 174 0.043058219250510392
93 175 0.078909143167666035
93 176 0.016717623264318523
93 177 0.040047008979373466
93 178 -0.15092158866590408
93 179 -0.017388393333440607
93 180 0.067938067086342549
93 181 -0.038339524847610836
93 182 0.12591867856486905
93 183 0.004069209013244415
93 184 0.093911284639588935
93 185 0.014264068471646874
93 186 -0.20966072895470664
93 187 -0.050253100803524332
93 188 0.080787844048518381
93 189 -0.028548115896795043
93 190 -0.061679105328424154
93 191 -0.020108055908498228
93 192 0.014331644341811368
93 193 -0.0058580913881675573
93 194 -0.054674821967806861
93 195 -0.099242037589449994
93 196 0.073719563313963093
93 197 -0.039576577945435856
93 198 0.030322724998070261
93 199 -0.0053583209822982989
94 95 -0.059905894033244957
94 96 -0.064707451830218934
94 97 0.092810527206400026
94 98 -0.075307321499584093
94 99 -0.017977365429649332
94 100 0.0084227527114216424
94 101 0.08929606382846246
94 102 -0.0097769012050626086
94 103 0.011056694888633912
94 104 -0.10735262552300356
94 105 -0.11358752257784917
94 106 -0.039127555683099426
94 107 0.044230482425172024
94 108 -0.087374761882336713
94 109 -0.01983405577265725
94 110 -0.027483791221390289
94 111 -0.0086017232000392199
94 112 -0.044024487610931501
94 113 0.13449962888320874
94 114 -0.10451450238859794
94 115 0.0044131107319878614
94 116 -0.00075537329620699323
94 117 0.02741356345806251
94 118 0.059815501015869597
94 119 0.12870521366450327
94 120 -0.04196517223308853
94 121 0.0014381271894945925
94 122 -0.043302861222478041
94 123 -0.17095009269715375
94 124 -0.086941175172133678
94 125 0.042369375124697926
94 126 0.080823512639413619
94 127 0.07999112529416616
94 128 -0.0078177996370469103
94 129 0.03077184006379147
94 130 0.056041265608535402
94 131 -0.011899999694601102
94 132 0.048115486758209369
94 133 -0.088531433804058868
94 134 0.047832808672169165
94 135 0.11637553368894543
94 136 0.074534148889749061
94 137 -0.00098355563291222404
94 138 -0.0027847385971443519
94 139 -0.0018938789425798981
94 140 -0.043681623992785155
94 141 0.090032049927650085
94 142 -0.024846820485546265
94 143 0.020346587691959891
94 144 0.020684717612418149
94 145 0.094684587724304367
94 146 -0.051694081570795122
94 147 0.042171642945165823
94 148 0.044854532352139799
94 149 -0.15985894155505498
94 150 0.069435361618453678
94 151 0.029562338517060419
94 152 0.064311272257518107
94 153 -0.035941931472283584
94 154 -0.06090257420177219
94 155 0.042175244682827351
94 156 -0.03213981758811367
94 157 0.073476818937389013
94 158 -0.052556686530222434
94 159 0.034234690517910407
94 160 -0.11096397273442596
94 161 -0.13684450170468249
94 162 0.04241580201002914
94 163 0.080626168714602695
94 164 -0.017190496838827066
94 165 0.060736309507090212
94 166 -0.02344989712052525
94 167 0.15179094182249706
94 168 -0.097620618635242226
94 169 0.01328872458832509
94 170 -0.023062101922898415
94 171 0.039984041702974329
94 172 -0.063345741338112438
94 173 0.058388477440009377
94 174 0.0075797667060155298
94 175 0.12182959025392842
94 176 0.02980841441577434
94 177 -0.052129717308415334
94 178 -0.057775385877920672
94 179 0.027796815345262012
94 180 -0.03871753037402656
94 181 0.01499461034679375
94 182 0.026910742162264238
94 183 -0.013673889552724755
94 184 0.050782227667778894
94 185 0.030017537024936859
94 186 -0.17001585370139863
94 187 0.087455631653636443
94 188 0.05835965901128997
94 189 0.050838498524008402
94 190 -0.14872147227376578
94 191 -0.021531421583540086
94 192 -0.016360140603828201
94 193 0.032562757208196146
94 194 -0.066372954691352667
94 195 0.16932606796446248
94 196 0.089694227522756256
94 197 0.091051256863856733
94 198 0.014631349433154204
94 199 -0.029010225394977652
95 96 -0.013336058764930346
95 97 0.038970248636082394
95 98 0.072191488108263785
95 99 0.018330100634875265
95 100 -0.11195792502386726
95 101 -0.077447796834240384
95 102 -0.073407573636157825
95 103 0.01656524910849699
95 104 -0.035557632992847733
95 105 -0.11795603411767515
95 106 -0.058174769757011031
95 107 0.035361185051203219
95 108 -0.1200242247277693
95 109 -0.016350539842302374
95 110 -0.1346625822015356
95 111 -0.11942563348570205
95 112 0.004289882569170911
95 113 0.025412822081398043
95 114 0.030044879001478939
95 115 -0.087948712827801798
95 116 -0.019234545541384328
95 117 0.039949016400014636
95 118 0.017800465670219347
95 119 -0.0084077282382924411
95 120 -0.048603304200653133
95 121 0.10557124183588756
95 122 -0.010250504823283131
95 123 -0.064339250515224877
95 124 -0.023155877226144608
95 125 0.014136663852251076
95 126 0.11218914667864253
95 127 0.0146619502136802
95 128 0.020299726050268158
95 129 -0.033523923369026022
95 130 0.035103025034261763
95 131 0.11465434459615713
95 132 -0.039146178800211789
95 133 0.095892148064059962
95 134 -0.042844949236381616
95 135 -0.085065854282711198
95 136 -0.032147880404361007
95 137 -0.030220630800461491
95 138 -0.032268291439300066
95 139 -0.074526485965584782
95 140 -0.14525972634065687
95 141 0.0036427365723987982
95 142 0.054216615791072578
95 143 0.076857855096177943
95 144 0.063863400412115356
95 145 0.081807186101756607
95 146 0.030105683608102857
95 147 -0.07211766152726716
95 148 0.018543576435635232
95 149 -0.07222991119770017
95 150 -0.0032873924781174884
95 151 0.0072029343591172796
95 152 -0.029508745626566732
95 153 -0.027059685251648903
95 154 -0.072277959130673655
95 155 0.045834231691461703
95 156 0.0902433568867715
95 157 -0.010011805464379591
95 158 -0.055616529049715598
95 159 0.12815936748853607
95 160 0.051438250649412785
95 161 -0.0048367780371302745
95 162 0.0096846130933839099
95 163 0.00094688766017168293
95 164 -0.033813890765392457
95 165 -0.094984614359706177
95 166 0.017814996453009834
95 167 0.076001114112156973
95 168 -0.070861314604571249
95 169 0.049472761272127762
95 170 -0.049688634022007433
95 171 -0.050189153707315186
95 172 -0.0024184018969529981
95 173 -0.10041054665252284
95 174 0.14317841875724302
95 175 -0.18397018955299221
95 176 -0.076665267294898434
95 177 0.018229875234067078
95 178 -0.059353710910572899
95 179 -0.0061480133478195196
95 180 -0.044493569581276829
95 181 0.033742815747732614
95 182 -0.0042868052149477032
95 183 -0.051224336773581687
95 184 -0.021044267765650982
95 185 -0.06678892235692778
95 186 0.076416102364047597
95 187 0.2160201325330581
95 188 -0.029741254300787532
95 189 -0.036840626761567415
95 190 -0.02248969289409113
95 191 0.027744141520758686
95 192 0.010961383869453218
95 193 0.1017974956996856
95 194 0.027555665465554581
95 195 0.0058100829980889546
95 196 0.050293240621298821
95 197 -0.052534165672000907
95 198 0.010635142151697927
95 199 -0.021176679052676249
96 97 -0.10027277445482882
96 98 -0.12310766320243914
96 99 -0.0079898252929856122
96 100 -0.09835015632600401
96 101 0.00048122716365187989
96 102 0.037613632030977617
96 103 0.027244330696709809
96 104 0.023808024540962182
96 105 -0.05884991994164139
96 106 0.03130948684606584
96 107 0.028765531598997519
96 108 -0.09685634048326143
96 109 0.053591773792091693
96 110 -0.002223525437717568
96 111 -0.057782549057327943
96 112 -0.079577417301178774
96 113 0.018955693033483496
96 114 -0.0046329279900912878
96 115 0.046962241052601189
96 116 -0.0064337533204755545
96 117 0.046058653505365886
96 118 0.0196660351288695
96 119 0.041829255797726748
96 120 0.012442090234761463
96 121 0.06474101635077234
96 122 -0.013802421483095139
96 123 0.056901490741396374
96 124 0.031692746588963407
96 125 0.020041499628043385
96 126 0.043281128383915839
96 127 0.020254757962385274
96 128 -0.0045145461904305927
96 129 0.051671616182944399
96 130 0.12952990052764568
96 131 -0.020634712129270559
96 132 -0.028280057991751761
96 133 0.046519344844061526
96 134 -0.07863858113304327
96 135 0.054906542104913893
96 136 -0.14940690694775133
96 137 -0.055476251240795048
96 138 0.044074184072222813
96 139 -0.0035284248913112202
96 140 -0.0311063258189028
96 141 0.11188814607045314
96 142 -0.013892772622989392
96 143 -0.068587686088764935
96 144 0.010713412243544759
96 145 -0.03183327474513447
96 146 0.0096918739955026579
96 147 0.046408837165277154
96 148 0.097015820153540211
96 149 0.026863483829666229
96 150 0.058896159283046048
96 151 -0.079013969990722244
96 152 0.023572619564472801
96 153 0.039477072037151555
96 154 0.13617254954292043
96 155 0.033564168563326634
96 156 0.0062009294658252412
96 157 -0.17596878189500151
96 158 0.026267266266725785
96 159 0.043137295608136131
96 160 -0.039384879706462608
96 161 -0.039866219637042032
96 162 0.11393278464509562
96 163 -0.13887068189556145
96 164 -0.11736983769277222
96 165 0.089668439653936227
96 166 -0.038409702628023006
96 167 0.0780060062931342
96 168 -0.091200709410240374
96 169 0.0020377636118380292
96 170 -0.1161957294170024
96 171 -0.015413474809960854
96 172 -0.01402599730550271
96 173 0.032355424192756325
96 174 -0.017198671276071956
96 175 -0.046676119720087957
96 176 0.11751043018633443
96 177 -0.037491192358292222
96 178 -0.016282079913075138
96 179 -0.014644217743841618
96 180 -0.1064081159670951
96 181 0.028916346211427576
96 182 0.12438186497084408
96 183 0.049019076075124263
96 184 -0.040812105394595372
96 185 -0.046786697500280451
96 186 0.069740066516278565
96 187 0.053253623259543512
96 188 0.094406076986300755
96 189 0.0017729357683447273
96 190 -0.053024669993665292
96 191 -0.019745155176891543
96 192 0.02248662365898316
96 193 -0.012260907152971321
96 194 0.10182974235715675
96 195 0.020298805547843187
96 196 0.024780830882616935
96 197 -0.00044344833421022198
96 198 0.011549630613580698
96 199 -0.0033153614023438424
97 98 -0.052392026696733332
97 99 -0.14903629378971067
97 100 -0.054272030484239078
97 101 0.030022797350969663
97 102 -0.049951544452171349
97 103 0.050111125181100946
97 104 -0.1197306884750593
97 105 0.01188112512536189
97 106 0.11779404294753898
97 107 -0.063073966630126183
97 108 0.0072138300323375771
97 109 0.065917173706792662
97 110 -0.097555967279556219
97 111 0.015220792393522885
97 112 -0.06172339248489904
97 113 -0.019727840262622049
97 114 0.0095569441404653073
97 115 -0.11671396423373581
97 116 -0.060130186028993018
97 117 -0.10390409600405331
97 118 -0.0031462954967252173
97 119 0.072348651065461261
97 120 0.080694126489012849
97 121 -0.0094703977207204332
97 122 -0.025904321812913456
97 123 -0.037680009680014476
97 124 -0.096186311571008987
97 125 -0.11956722411996173
97 126 -0.0069284694849143158
97 127 -0.040412972208300736
97 128 -0.022235694234150921
97 129 0.025175411476174463
97 130 -0.18305199323260316
97 131 -0.067903775888980944
97 132 0.12313704739256172
97 133 -0.098177705678285349
97 134 -0.0094036048964321328
97 135 -0.023727038073345599
97 136 -0.097728477900441521
97 137 0.0018637475315516146
97 138 0.023886961647916503
97 139 0.12676078173266819
97 140 -0.1075683430336869
97 141 0.075734159419884539
97 142 0.069329259836690013
97 143 -0.010420703947807568
97 144 -0.056428467842233751
97 145 -0.0064354378527887524
97 146 0.077630761253084768
97 147 -0.051680108869983393
97 148 0.036798361774657798
97 149 -0.0079750941225640911
97 150 0.08033944056363522
97 151 0.010943343952647868
97 152 -0.046607598717855026
97 153 -0.04167374630574204
97 154 0.017986091660585811
97 155 -0.0039998293745761105
97 156 0.088148504988549217
97 157 -0.035064175252597932
97 158 0.038691402702628594
97 159 -0.015696026235898605
97 160 0.044362378043434743
97 161 0.01698910700534868
97 162 0.0062170047022432531
97 163 0.036624380025741483
97 164 -0.18319454262601223
97 165 0.021817016464670384
97 166 -0.025031990107338691
97 167 -0.0095471603014589176
97 168 0.011454145486375598
97 169 -0.065681621034004212
97 170 0.0053882808683896957
97 171 0.056675497922525298
97 172 -0.044715667272774484
97 173 0.027182814761530047
97 174 -0.0033615975582510478
97 175 0.18372498309975074
97 176 -0.00025240344105813652
97 177 -0.062756830011658035
97 178 -0.12233289286504279
97 179 0.019423608587360589
97 180 -0.057230705150871801
97 181 -0.0074689453927422305
97 182 0.015946189596033382
97 183 0.056524260088604505
97 184 0.1045525281100558
97 185 0.035601759514934453
97 186 0.15619925902793039
97 187 -0.081327928718898171
97 188 -0.02920526567105489
97 189 -0.011623486234371448
97 190 -0.027072862662117978
97 191 -0.073345979343120288
97 192 0.055828315449966671
97 193 0.045302758553058084
97 194 0.028041217087827256
97 195 0.10648945900499723
97 196 -0.0049436160824895999
97 197 -0.0034288384304705802
97 198 -0.016314649886546032
97 199 0.057225820179180049
98 99 0.076406494236180234
98 100 -0.067596670435084369
98 101 -0.0086897256600402643
98 102 0.041226002868802375
98 103 -0.091039232592149522
98 104 0.041626033298924031
98 105 0.054331892544603265
98 106 -0.059178778274940294
98 107 0.10109458748279426
98 108 0.1042086118038282
98 109 0.0090089021794335575
98 110 -0.035499060636694078
98 111 0.082021295367199834
98 112 0.016221541106913106
98 113 0.00011596483871018124
98 114 -0.028118326935487891
98 115 0.095847535541528944
98 116 0.19267856720710255
98 117 0.035222027912719944
98 118 -0.026759289582888091
98 119 0.038514919263046891
98 120 0.13819938424671283
98 121 -0.081120256491875667
98 122 -0.047805237670950282
98 123 0.090997108826690667
98 124 0.022916336807958251
98 125 -0.050539823978992107
98 126 -0.04563565339200807
98 127 0.10448352091982928
98 128 0.062999929685025838
98 129 -0.0047237504054825682
98 130 0.025243718663199039
98 131 0.033610198232939058
98 132 -0.033769731927714687
98 133 -0.069994220994308867
98 134 0.010518248773276194
98 135 0.04392932797155058
98 136 0.028882292076285662
98 137 -0.0046460278648466687
98 138 0.015623223911735627
98 139 0.026107313376773533
98 140 -0.05256716767013906
98 141 0.0079656841834851791
98 142 -0.0058613330820112344
98 143 -0.027789297743101758
98 144 -0.015297852437988891
98 145 -0.10312464801256338
98 146 -0.016488943116863993
98 147 0.072633167339362842
98 148 0.014681541933504771
98 149 0.13467729749190735
98 150 0.0065076645474682164
98 151 0.0153729771376188
98 152 0.097382278661965305
98 153 0.021715807943745082
98 154 -0.082045649276455787
98 155 -0.21708643282256182
98 156 -0.031854495516165079
98 157 0.035089717254230879
98 158 -0.12237480774903521
98 159 0.0074721157905303067
98 160 -0.12617668160293294
98 161 0.0091918270863425959
98 162 0.090056511981217349
98 163 0.042346088651815619
98 164 -0.013152192812578546
98 165 -0.081800443135315856
98 166 0.014682860971717997
98 167 -0.077739175136687377
98 168 -0.032779461750645944
98 169 -0.033107572528732102
98 170 -0.08353857304944437
98 171 0.14905371162705164
98 172 0.043631555362276579
98 173 -0.0135916070406868
98 174 -0.05092952214689421
98 175 0.038169653978620724
98 176 -0.033563554625718001
98 177 0.037554275721989758
98 178 -0.11507763314304302
98 179 0.016291301480879213
98 180 0.033939407873824927
98 181 0.016049019725208735
98 182 0.060862420219357526
98 183 -0.020948670561237885
98 184 -0.075814353936182577
98 185 -0.039572561578651515
98 186 -0.041708950822108841
98 187 0.047010500363152082
98 188 0.01683160625584924
98 189 -0.027107961754139404
98 190 -0.027284487490329638
98 191 0.11774210685964388
98 192 -0.12073764760566166
98 193 0.064677211912946703
98 194 0.0085217885150354993
98 195 -0.022965575636117494
98 196 0.082958274329516121
98 197 -0.0052707257346646576
98 198 0.058079906985294007
98 199 -0.0077736849274810524
99 100 -0.0010574888539634938
99 101 0.18739928766652802
99 102 0.032932333629365242
99 103 -0.034905676478628654
99 104 0.099895137927369343
99 105 -0.030770915199387069
99 106 0.066403090746200863
99 107 0.035271372130667847
99 108 0.10497130850913744
99 109 0.02133004874612773
99 110 -0.14776101093155494
99 111 -0.040357768785666999
99 112 -0.00031801846037270913
99 113 -0.045737320598329884
99 114 0.042085614379685415
99 115 0.016216003210998371
99 116 0.11126360210488792
99 117 -0.023724099741924323
99 118 -0.0038300938434797328
99 119 0.018719357535077821
99 120 -0.011194877897694166
99 121 0.041310776818412588
99 122 -0.02176105629548486
99 123 -0.0017562067164448882
99 124 -0.096507302306191894
99 125 0.01861480843771501
99 126 -0.024837104979319687
99 127 0.070767279787934401
99 128 -0.03984803765880926
99 129 -0.10527307524404464
99 130 0.065365378334852675
99 131 0.11357170171860095
99 132 -0.043672413952208528
99 133 -0.20672298147049067
99 134 -0.027173227811232954
99 135 -0.0084462707476363908
99 136 0.075209756972770714
99 137 -0.046818838232033887
99 138 0.076751722903182537
99 139 -0.062257767888374942
99 140 -0.05169951468168911
99 141 0.039316544625028954
99 142 -0.013564710381778831
99 143 -0.13301120182042833
99 144 -0.063371635664658102
99 145 0.025670874212939527
99 146 0.0058350683661557894
99 147 0.0050859015099244884
99 148 0.032386991678738521
99 149 0.051513880123723342
99 150 -0.11701486015604562
99 151 0.060951980779260076
99 152 -0.069229102702458162
99 153 -0.045292055110992123
99 154 0.0085523277241477888
99 155 0.02466336792716245
99 156 0.0073940315250189707
99 157 0.094394858808827017
99 158 -0.16695984858010779
99 159 -0.010615363218041459
99 160 -0.073687785287359003
99 161 -0.0016932788544096729
99 162 0.086605248803787629
99 163 0.05050874129446567
99 164 0.068231589042845084
99 165 -0.026410530309159984
99 166 -0.14092724519992633
99 167 -0.0090351918129166226
99 168 -0.026593950040015201
99 169 -0.029541790942476737
99 170 -0.09004799466160672
99 171 0.18261180449189862
99 172 -0.080172770131609172
99 173 -0.057003373004346949
99 174 0.11449142049430432
99 175 -0.012798644463173418
99 176 0.12737820441740913
99 177 -0.023039329177046843
99 178 -0.057863070126595931
99 179 0.080430126221039844
99 180 0.055739074359501692
99 181 -0.0080091262933435232
99 182 0.040782964581856519
99 183 0.016158919006507573
99 184 -0.034693526763379653
99 185 0.031504245033963693
99 186 0.080268078229584927
99 187 0.013795736610666487
99 188 -0.011280270278058049
99 189 0.052255032453457903
99 190 0.041067965312983977
99 191 -0.016587517701748638
99 192 0.022237219642006742
99 193 0.0059152845744185585
99 194 -0.044764561301286983
99 195 -0.017569068855610503
99 196 0.0016201235461123034
99 197 0.050683955761689527
99 198 0.035599255284200548
99 199 0.053610920399591588
100 101 0.018014847780942859
100 102 -0.017676633409385165
100 103 -0.12574893582962166
100 104 -0.05580976183412388
100 105 0.095476599797873304
100 106 0.067015809137052795
100 107 0.078794694822892891
100 108 -0.042779675893782745
100 109 0.08046190571662809
100 110 0.064106074248279243
100 111 0.13391027299487862
100 112 -0.22203475958925936
100 113 -0.22192763336822818
100 114 -0.054690850723321811
100 115 -0.058129253201379384
100 116 -0.03571926745815119
100 117 0.0076613575373611804
100 118 -0.10669717972797862
100 119 -0.077772668615340601
100 120 -0.08013163537801514
100 121 0.094093047053138285
100 122 -0.042119064449519225
100 123 0.13612860428130075
100 124 -0.027990822687277112
100 125 -0.072331823681485691
100 126 0.17075278408232877
100 127 0.027539481475888049
100 128 0.058407481904674007
100 129 -0.062559072508654501
100 130 -0.19468432246806336
100 131 0.023947684240271994
100 132 -0.045680184700008036
100 133 -0.10584392966021841
100 134 -0.090957219427682076
100 135 0.037487069749712131
100 136 0.04731176997501936
100 137 -0.026452523301771714
100 138 0.037243947864503503
100 139 0.08076780047986018
100 140 -0.076648969982381632
100 141 -0.057741104959636323
100 142 0.12389019248107429
100 143 -0.024868770087687845
100 144 -0.055602024169022476
100 145 -0.089275887139433546
100 146 0.16984402917082103
100 147 -0.018977193832847829
100 148 0.029579815069449861
100 149 0.10545195254511937
100 150 0.15927197209418836
100 151 -0.069237484102382368
100 152 0.023315957668736665
100 153 -0.071349554303732673
100 154 0.12811973910943678
100 155 -0.099980799942096812
100 156 0.011277403961120272
100 157 0.1129623069840416
100 158 -0.034697898452594862
100 159 -0.036305896950678263
100 160 -0.073233162775922497
100 161 0.010027650895204991
100 162 -0.0038080457022450047
100 163 0.055574830525495472
100 164 0.047326363383921231
100 165 0.051245451365598695
100 166 0.094205026798179492
100 167 0.04070517122747358
100 168 0.039934236176722003
100 169 -0.044696136706452255
100 170 0.12775036940484308
100 171 0.050045019162756589
100 172 0.040284530578747001
100 173 0.036754593565149929
100 174 0.1092362269631364
100 175 -0.035033594686436437
100 176 0.15144447727372978
100 177 -0.015055982480838779
100 178 -0.071386576797948492
100 179 0.035752760590851723
100 180 -0.019107637811096555
100 181 0.012669046218265112
100 182 0.088862712851912301
100 183 0.0084137008899172281
100 184 0.038989477152164234
100 185 -0.1226796738634169
100 186 0.10893490902257419
100 187 -0.049875706786230538
100 188 -0.25074397432001982
100 189 -0.079085317478674449
100 190 0.010957950560567154
100 191 0.0099551937451946675
100 192 0.042589740360992195
100 193 -0.068491956327654799
100 194 -0.033857665506777969
100 195 0.025236049454684731
100 196 0.14175498056225877
100 197 0.091837651104395263
100 198 0.041180483790436012
100 199 0.04205823231977926
101 102 -0.057602020997293536
101 103 -0.14979790098470686
101 104 0.0057075537466606263
101 105 0.036341810184027913
101 106 0.11863445038067338
101 107 -0.13551940585113309
101 108 0.0068870865751144688
101 109 -0.0067351969426836227
101 110 0.086891189946797051
101 111 0.04150714357429329
101 112 -0.023104514626166684
101 113 -0.10352019600153016
101 114 -0.037858498223333863
101 115 0.033265250038743512
101 116 -0.012305520321025446
101 117 0.044042485868403092
101 118 0.039980662426858327
101 119 0.016192366291215603
101 120 -0.061861269716013891
101 121 0.058712511662008506
101 122 0.036594246989242317
101 123 0.0029857443381483936
101 124 0.010522595798930483
101 125 -0.040873380108178342
101 126 0.04878153689977445
101 127 0.10390635926768381
101 128 0.017333605426102915
101 129 -0.13111368666365172
101 130 -0.083951187253763854
101 131 -0.06840532019298777
101 132 -0.072706479634277524
101 133 -0.012332569161801294
101 134 -0.0024512022015056836
101 135 0.065849069467156185
101 136 -0.062209040515426257
101 137 -0.040973635348465036
101 138 -0.057214216465341548
101 139 0.045440563870404904
101 140 0.084737965770660201
101 141 -0.16874736465828902
101 142 -0.10840179185345143
101 143 -0.045323739702918087
101 144 -0.12665706914977182
101 145 0.11618444879322457
101 146 -0.11479910824920193
101 147 -0.16057844105816688
101 148 -0.12372562523079095
101 149 -0.032108589297535753
101 150 -0.11236936424838077
101 151 0.0014661567192872751
101 152 -0.053865404549990142
101 153 -0.095313058291898622
101 154 0.059360542172188654
101 155 -0.036260927633084562
101 156 0.082362936690571653
101 157 0.030737666014851686
101 158 0.088204140281269827
101 159 -0.022661141813458116
101 160 0.11191930410912326
101 161 -0.032673394914197296
101 162 0.0010411299926377392
101 163 -0.09644679114074077
101 164 -0.13632834746535105
101 165 0.097957436396890307
101 166 -0.0024974384941989164
101 167 -0.077116306041695087
101 168 0.051285986604379441
101 169 0.062834442153617123
101 170 0.049445511212364665
101 171 -0.10357282009973624
101 172 0.0036120419069755856
101 173 0.06864968296944525
101 174 0.045479676162918578
101 175 0.07152467010893622
101 176 0.0020454486815195245
101 177 0.080815979206897717
101 178 -0.046038486359463102
101 179 -0.082039816506254512
101 180 -0.00074836685941573886
101 181 0.018804257133550044
101 182 0.033650675650415719
101 183 0.011927927899035178
101 184 0.057756297441509619
101 185 -0.13415567695105976
101 186 0.11515554468124267
101 187 0.043177371369422464
101 188 -0.066892083189362309
101 189 0.12309368180326813
101 190 0.10027982978792109
101 191 -0.020102323857448864
101 192 0.051854547254882949
101 193 -0.1001292452415263
101 194 0.029285486032632414
101 195 -0.031491297704265002
101 196 0.048131080889186467
101 197 0.0074913982054581841
101 198 -0.17573178255905889
101 199 0.0053680373450187505
102 103 -0.021557718730960858
102 104 -0.053405273595890604
102 105 0.015117556209675798
102 106 0.063411846284754894
102 107 -0.030400695542717567
102 108 -0.054743486194805534
102 109 -0.014793439949369692
102 110 -0.073228177003583889
102 111 -0.11672090446917328
102 112 0.029936033946690258
102 113 0.090767004987574798
102 114 -0.076540095523452492
102 115 -0.023355881097080526
102 116 -0.029435729533540688
102 117 0.019983500926668642
102 118 -0.036439201904893519
102 119 0.069083109804425696
102 120 0.085486362805052035
102 121 0.0017585429541706612
102 122 0.12359656041809337
102 123 -0.17290940555078477
102 124 0.02569968850314858
102 125 0.030849508015304644
102 126 -0.037559841605954145
102 127 0.048023086914847399
102 128 0.072816524114584349
102 129 -0.0056140487484724923
102 130 -0.020759764022192491
102 131 -0.15883028392321938
102 132 -0.099243507316102139
102 133 0.085739706064913643
102 134 0.029491198783328558
102 135 -0.13126972139881302
102 136 0.064300055259789476
102 137 0.010325872387500681
102 138 -0.036579645716164032
102 139 -0.01174733090016284
102 140 0.02642886697312909
102 141 0.016351684394321105
102 142 0.052586743772229466
102 143 0.072861908215090421
102 144 0.015582205586010887
102 145 -0.029713681239120958
102 146 0.056379484712125359
102 147 0.030501052574929684
102 148 0.01548461565767017
102 149 -0.020570551027983528
102 150 -0.10930354241722351
102 151 0.10384651857739753
102 152 0.067312639987311615
102 153 -0.10974239514602895
102 154 0.10947928514650591
102 155 -0.1061530587234663
102 156 -0.20572204037752073
102 157 -0.070964856447676181
102 158 -4.3902303265993644e-05
102 159 0.10352495392128577
102 160 -0.092785448854058539
102 161 -0.12838818459310244
102 162 -0.10654132554271083
102 163 0.039290472493344601
102 164 -0.0077457568864510891
102 165 -0.035739711970806151
102 166 0.033419748771348158
102 167 -0.069593531312778664
102 168 -0.033694549218874083
102 169 -0.11882797673252526
102 170 0.0053025583153191941
102 171 0.020524247885403465
102 172 0.074639809172822147
102 173 -0.09386155026605332
102 174 0.0063422220487060511
102 175 -0.12529025871274382
102 176 -0.0091308236688965299
102 177 0.051002243214982868
102 178 0.04318517306675676
102 179 0.086144103297179433
102 180 0.17003537441995564
102 181 0.057378005730755147
102 182 -0.079170736223078825
102 183 -0.022008647465867968
102 184 0.057278888221326082
102 185 -0.067366498524665197
102 186 0.050994189376126202
102 187 0.044723218117479285
102 188 -0.1313394077735793
102 189 -0.058247365971953652
102 190 -0.086750037292569596
102 191 -0.0099114647683434323
102 192 0.037898097980096253
102 193 -0.025802506399862042
102 194 -0.17547419963180963
102 195 0.078328269919386379
102 196 0.073273560919864256
102 197 -0.024655074769510035
102 198 0.1185990690975396
102 199 -0.097928060097813102
103 104 0.052245110765413438
103 105 0.042518534677242453
103 106 -0.071238323959059144
103 107 0.010561866366720516
103 108 -0.10468112348928411
103 109 -0.031771487558947022
103 110 0.11578538113142708
103 111 -0.015266843083785704
103 112 -0.1335656250333869
103 113 0.0069906446580069552
103 114 0.027013012347454266
103 115 0.12268788311203098
103 116 -0.069467047472108939
103 117 0.056036347209250395
103 118 -0.055072888234769211
103 119 -0.10183143409459325
103 120 0.067374159162658251
103 121 -0.09842224506816398
103 122 -0.083659434079281475
103 123 -0.025866919647528203
103 124 0.087831549580341547
103 125 0.13066070102793337
103 126 0.006412070839154964
103 127 0.014833631251505927
103 128 0.023577766963817602
103 129 0.043400203694530695
103 130 0.11635878243639053
103 131 -0.070653340474882004
103 132 0.043115180041944284
103 133 -0.021126484402021244
103 134 -0.082786054971689102
103 135 0.010206466128074273
103 136 -0.089335877281072493
103 137 -0.0041346584821232314
103 138 -0.024021541009123386
103 139 -0.022721063825911846
103 140 0.10397879664850845
103 141 0.0084221117750027646
103 142 -0.041429557772138526
103 143 -0.030873978227544435
103 144 -0.0098191159478425074
103 145 0.061371996211210533
103 146 -0.078981800272174663
103 147 0.049961038966202367
103 148 0.0037822729098439061
103 149 -0.013601678946321477
103 150 -0.044042113992866845
103 151 0.0037572305309144503
103 152 0.021953385132279041
103 153 -0.043392305402852313
103 154 -0.041531117209224325
103 155 -0.014671195452888058
103 156 0.085979015272823617
103 157 -0.02688577780285498
103 158 -0.0011244428014149149
103 159 0.057876862995390674
103 160 -0.096748197631748037
103 161 0.10888810455064807
103 162 0.0049324162546526846
103 163 0.090391068881108913
103 164 0.0065389872247925418
103 165 0.12794612415691703
103 166 -0.012188779277904164
103 167 -0.0072136151140838782
103 168 0.0046269112571659327
103 169 -0.019203423518053896
103 170 0.014385435152202917
103 171 -0.033623068833153316
103 172 0.034937900883834569
103 173 -0.16299173702836259
103 174 0.0053611989041612747
103 175 -0.061119527429298125
103 176 0.044613881090770358
103 177 -0.021646979054095544
103 178 0.060089060252300298
103 179 -0.033689872387203786
103 180 0.037599668295873967
103 181 -0.03803379227249222
103 182 0.11639995706756566
103 183 0.060459094935754978
103 184 -0.050823403310124769
103 185 -0.033382231946618171
103 186 0.030863097394589794
103 187 -0.13020174479266136
103 188 0.053847146200545128
103 189 0.11750208339497875
103 190 0.10179721299737682
103 191 0.012388727935476674
103 192 0.030427145158647351
103 193 0.039566775680849327
103 194 -0.022508554911197826
103 195 -0.11609265643407983
103 196 -0.17954408823893495
103 197 0.016559608247944276
103 198 -0.11566221510966958
103 199 -0.078401628980994856
104 105 -0.01525817328959693
104 106 -0.070128591907156368
104 107 0.016574130171603248
104 108 0.001593962824282311
104 109 -0.057690857315948189
104 110 -0.11352978248914636
104 111 -0.036265449203265937
104 112 0.048218605579161071
104 113 0.0046667975419494865
104 114 0.0081437451377005914
104 115 0.090925766669541719
104 116 0.014992932802462578
104 117 0.10795604168222106
104 118 0.046044475324323146
104 119 -0.057778630281068347
104 120 -0.019084487989760909
104 121 0.057895724615214826
104 122 -0.0086001383361263128
104 123 -0.06061367926597469
104 124 0.081357548095379359
104 125 -0.054034144677068567
104 126 -0.02508704646125914
104 127 -0.11065189606427338
104 128 0.046232247509651214
104 129 -0.087236786814783224
104 130 0.007825054958658241
104 131 0.016749991406915733
104 132 0.15687535047684267
104 133 0.043545029770787412
104 134 0.026898848799700836
104 135 -0.15588799378751031
104 136 0.015758334875888517
104 137 -0.026480169511333064
104 138 -0.12335634384777326
104 139 -0.067688352895322157
104 140 0.031382718002187511
104 141 -0.033278168680244892
104 142 0.08813942280853336
104 143 -0.16635139426857057
104 144 -0.025473970680764672
104 145 -0.070908296689047551
104 146 -0.018550496552173737
104 147 -0.030952829798109455
104 148 -0.031831663783205948
104 149 -0.01332833142284179
104 150 -0.099670974393046327
104 151 0.10142971662211941
104 152 -0.059783050221508732
104 153 0.046263413485678348
104 154 0.094161132361678029
104 155 0.026710217172180313
104 156 0.026517049558588437
104 157 -0.061765565795733945
104 158 0.11244259879141713
104 159 0.063317006797815267
104 160 0.0042883332421180427
104 161 0.042199638363091894
104 162 0.004717890599054861
104 163 -0.038192755040630584
104 164 0.11389803144173807
104 165 0.095539320309276823
104 166 0.054503901094279043
104 167 -0.039278631918597123
104 168 -0.12214617833776105
104 169 0.021234142106776675
104 170 0.020921748035058089
104 171 0.088067823840983189
104 172 -0.046467164679752239
104 173 0.090711548595581962
104 174 -0.00063894807518462032
104 175 -0.025627294213855022
104 176 -0.057611706127698593
104 177 0.038840210413848851
104 178 0.10033242372148182
104 179 -0.0018681331818022405
104 180 0.18659829598264313
104 181 -0.039702067113931531
104 182 -0.048237609303173286
104 183 0.11472798609038684
104 184 0.05223480191321659
104 185 0.0076761663773081325
104 186 -0.033129671316500652
104 187 -0.066929418786839334
104 188 0.097212922229435852
104 189 0.054887050749074191
104 190 0.09846799806418978
104 191 0.027218767003840273
104 192 -0.040752511121875758
104 193 -0.025390152173421256
104 194 0.090157141192154289
104 195 0.06372582835719752
104 196 -0.1080057518321003
104 197 -0.11430198456476229
104 198 0.057567707160592528
104 199 0.063494457073234603
105 106 -0.052356094220161416
105 107 -0.0091930920766503509
105 108 0.017085294227792265
105 109 0.026172866176284837
105 110 -0.037604093220390759
105 111 -0.14307249561945976
105 112 -0.011203332060764249
105 113 -0.14207240284184625
105 114 -0.018561841171651224
105 115 0.14244446417372561
105 116 0.027517962851146171
105 117 -0.021361503718920719
105 118 0.0675883465255913
105 119 -0.023579178649851897
105 120 -0.11018162250262271
105 121 -0.014184290563197366
105 122 0.085615042274322276
105 123 0.13692966911448887
105 124 0.019243514731374842
105 125 -0.0049036640021054619
105 126 0.014169942518913963
105 127 0.011791426163104513
105 128 -0.062795596774191859
105 129 -0.0053828900398483499
105 130 0.058922298295759512
105 131 0.075888891350858231
105 132 0.097351979834604252
105 133 -0.069196179820382245
105 134 -0.064305424078743512
105 135 -0.046358614395734694
105 136 -0.055745291264006729
105 137 0.039261089679062215
105 138 0.018871325888147425
105 139 0.11447789365688325
105 140 -0.18055021463884124
105 141 -0.077755647208423734
105 142 -0.10930018448459387
105 143 0.094067316908055809
105 144 -0.083747299397537084
105 145 0.044665672601049561
105 146 0.0087982797394076644
105 147 0.006349472217775382
105 148 -0.027887023580628841
105 149 0.14817322094100044
105 150 -0.032955737802629358
105 151 0.036232875383949092
105 152 -0.091514860635164494
105 153 -0.080916869856502024
105 154 0.076320312437937257
105 155 0.0043159866836298827
105 156 0.1321737634901608
105 157 -0.10067203331957994
105 158 0.043035462906788759
105 159 0.017936423716094989
105 160 -0.10810868609316224
105 161 0.02928058406392919
105 162 -0.031671396281697066
105 163 -0.050647820610873411
105 164 -0.050754407702978302
105 165 0.028526680688075283
105 166 0.0072505099249010815
105 167 -0.065379888698533187
105 168 0.082952806073546645
105 169 0.068331962514524142
105 170 -0.068113868146105899
105 171 0.080317043493735515
105 172 0.036841948020280534
105 173 -0.058147496555013625
105 174 0.1780145989229196
105 175 -0.04783617599223839
105 176 0.062726300188106723
105 177 -0.0092083204686385089
105 178 0.0013988605522853019
105 179 0.09454796029467917
105 180 -0.030944567368723874
105 181 -0.02638845325063801
105 182 0.013352636137111554
105 183 0.043132169339745584
105 184 -0.0027861157510467027
105 185 -0.014283380050680522
105 186 0.056353527042235729
105 187 -0.063899882154700022
105 188 0.061178940640024659
105 189 0.056129790101005231
105 190 0.00014867159467574735
105 191 -0.034719140993360528
105 192 -0.027462541077137952
105 193 0.065626048720308791
105 194 -0.03464844148113784
105 195 0.015550501832624632
105 196 0.00076930123123827388
105 197 -0.078998581409329485
105 198 0.028117509183435793
105 199 0.10309123589431997
106 107 -0.016255654928237349
106 108 -0.080318666208559292
106 109 -0.0067374207365215174
106 110 -0.056692113726016818
106 111 0.050687822782575838
106 112 0.067546299115414113
106 113 -0.034869338359400065
106 114 -0.059218154088355499
106 115 0.038049295773560289
106 116 0.038080499985983757
106 117 -0.062872362737478565
106 118 0.10692911714711484
106 119 0.0064580010561287506
106 120 -0.034280253569925596
106 121 0.073163980523053132
106 122 0.026612541001197285
106 123 0.083492106695777085
106 124 0.022286234306790432
106 125 0.015616418072697048
106 126 0.054350978803764133
106 127 0.028650198304831433
106 128 -0.033057778277047846
106 129 -0.13700969931869725
106 130 -0.065058356817581889
106 131 -0.023820147226769336
106 132 -0.0017169823720576307
106 133 0.10913762924161458
106 134 0.043121677049617231
106 135 -0.11493044264062161
106 136 0.023659238487507797
106 137 0.046360865361522646
106 138 0.06863688632588158
106 139 0.033172635939244827
106 140 0.015248103284962495
106 141 0.070413852196153259
106 142 0.0019431583929473931
106 143 0.068830449330113563
106 144 0.1250380155383983
106 145 0.069694477983439695
106 146 -0.067109408258350448
106 147 -0.10477760232082788
106 148 -0.023073065409831214
106 149 -0.037781562887646308
106 150 -0.081007410847509023
106 151 0.053982246585548302
106 152 0.07209940576352214
106 153 -0.10208680520876763
106 154 0.083464225788831614
106 155 0.0093014805831599604
106 156 0.081060635844027049
106 157 0.060902596930791919
106 158 0.099545331486478858
106 159 -0.014834669971271185
106 160 -0.080938196722410316
106 161 0.027081620211880826
106 162 -0.04727420711899815
106 163 -0.064430864035934857
106 164 0.0024511148463342361
106 165 -0.015876939902756411
106 166 0.012991026392429741
106 167 -0.10805695136154052
106 168 -0.13503421760898587
106 169 0.16362368303396452
106 170 -0.055253194952327792
106 171 0.056475882647996557
106 172 -0.060786393223086613
106 173 -0.0027421302656066176
106 174 0.025318912779204554
106 175 0.090029898373411257
106 176 -0.070182720453565231
106 177 0.062065732137737077
106 178 -0.048635886567147193
106 179 -0.029474153575219274
106 180 -0.022721800752119495
106 181 -0.0091478664083373164
106 182 -0.040145705537434989
106 183 0.0085077102871574262
106 184 0.10946361817566475
106 185 -0.099864490669774222
106 186 -0.050385626786573337
106 187 -0.029240201218571418
106 188 0.080521473520149253
106 189 0.093895596277651955
106 190 -0.019953658799642116
106 191 0.032761425023810416
106 192 -0.0078755428494656846
106 193 -0.038632312170284344
106 194 -0.138870002558214
106 195 -0.038096535526095224
106 196 0.10017558894772713
106 197 -0.039405816876152779
106 198 -0.022899784861166225
106 199 -0.031196223919802035
107 108 -0.025599354907234351
107 109 0.049719135380020055
107 110 0.051841795884912216
107 111 0.062611453282982232
107 112 0.0079493933445921108
107 113 -0.043840844237617312
107 114 -0.015648262775918131
107 115 0.013300953035532345
107 116 0.1514356775326815
107 117 0.10561268939096205
107 118 -0.016981410519228836
107 119 0.078331842019085871
107 120 0.052461735474312085
107 121 -0.15217305600283754
107 122 0.090210768823121401
107 123 -0.075230323850412048
107 124 0.099872193286972138
107 125 0.0020021981486360724
107 126 -0.11854418288740647
107 127 0.11124034482055599
107 128 -0.09197829532631932
107 129 -0.028083869832310017
107 130 -0.016951866456527416
107 131 -0.078990478547338913
107 132 0.17545042185740117
107 133 -0.034629753843133146
107 134 -0.025883764912914779
107 135 0.075573663214421535
107 136 0.011700534023687845
107 137 0.02858859460213339
107 138 0.031677242960807192
107 139 -0.084356898098895433
107 140 -0.054578935734303433
107 141 -0.051791300129615338
107 142 0.070978403889857197
107 143 0.060991795554069521
107 144 0.046977649850625337
107 145 0.01719085140825018
107 146 0.098939814041923188
107 147 -0.027207742544563759
107 148 -0.068698247585498265
107 149 9.8506647378382745e-06
107 150 -0.066026281737396483
107 151 0.024634589172213828
107 152 -0.016473220359728265
107 153 -0.046733080186572781
107 154 -0.071906586111065179
107 155 0.082127911657613892
107 156 0.060890910564962902
107 157 0.1320224430781172
107 158 0.029982162494416799
107 159 -0.0011843440781672014
107 160 0.15660428917374464
107 161 -0.11226180387407883
107 162 0.0672864281823502
107 163 0.052101016951808035
107 164 0.099932306708691784
107 165 -0.09376079754974101
107 166 -0.016780977419778218
107 167 -0.016874123667103988
107 168 -0.079401663734317174
107 169 -0.11365310254646761
107 170 0.049820843165164795
107 171 -0.098786484341697386
107 172 0.058744240264353868
107 173 0.028797358273890659
107 174 -0.12472884496777208
107 175 -0.010270275820075846
107 176 -0.011820828282122949
107 177 -0.073658148967032031
107 178 -0.0048008732261182983
107 179 -0.081222836963241909
107 180 -0.094349403547997868
107 181 0.069614387936125954
107 182 0.016878775153134132
107 183 -0.029262137092027275
107 184 -0.15306555682813267
107 185 0.16119168687575497
107 186 -0.11502032438225308
107 187 -0.055441837317211029
107 188 0.012952892522851348
107 189 0.029698471286337656
107 190 -0.021299446632192052
107 191 0.063412602119503558
107 192 -0.039042520023688146
107 193 0.026106248574205678
107 194 -0.15480087864289988
107 195 -0.03231928965575244
107 196 0.10246117535350761
107 197 0.0015529592595648451
107 198 0.00046032811950130797
107 199 -0.091354147248861914
108 109 -0.027570406362281055
108 110 -0.035858510227486581
108 111 -0.070401340667332307
108 112 0.013667739215927923
108 113 -0.0026337057027941715
108 114 0.0093625271842342605
108 115 0.11549219554314721
108 116 0.040207649863534589
108 117 -0.038997552398981367
108 118 -0.13247851763798105
108 119 0.029001203898398376
108 120 -0.049880719389607399
108 121 0.07922765014334969
108 122 -0.013367351432907739
108 123 -0.036623126960689159
108 124 0.21240612034002443
108 125 -0.0062139188370237131
108 126 0.039229401676003604
108 127 -0.005608132419756196
108 128 -0.044037234441082693
108 129 0.082307592658121001
108 130 -0.10123807678487755
108 131 0.16774766084665835
108 132 -0.033629492979081702
108 133 0.11664416782663861
108 134 0.10112516193215298
108 135 0.11083674566893878
108 136 -0.032845854746924592
108 137 -0.021635017283721011
108 138 -0.13506982206615153
108 139 0.047032373697710121
108 140 0.092786293230111797
108 141 0.080360467898034499
108 142 0.085517540718755447
108 143 0.012987088795507069
108 144 -0.026764989063386934
108 145 0.0069999418561655048
108 146 -0.031214841973671865
108 147 0.019403800945250089
108 148 0.096557415140176184
108 149 0.011293927051867374
108 150 -0.036681993476595454
108 151 -0.093389138154072557
108 152 0.029221717467733461
108 153 -0.042486994948585086
108 154 0.076541996204441257
108 155 -0.042137517987628388
108 156 0.19627254757418222
108 157 0.0053950899043005282
108 158 0.10418002764402755
108 159 -0.0020528264720264255
108 160 -0.049213398757438583
108 161 -0.011183064947040418
108 162 -0.037484574623579341
108 163 0.034141931721323578
108 164 -0.066529294777861805
108 165 0.029689337381817234
108 166 -0.097557039351560126
108 167 0.080412302002482644
108 168 -0.082921229553732489
108 169 -0.058743913515027481
108 170 -0.0086200903940595146
108 171 -0.041271307090062895
108 172 -0.02458359612697867
108 173 0.016608508319181859
108 174 0.06261045004201464
108 175 -0.020307456595791851
108 176 0.0080914304734755419
108 177 0.037187957397898534
108 178 0.06503813777360333
108 179 -0.073209053759180631
108 180 -0.00314852199776964
108 181 -0.12030922607246469
108 182 0.015337337001122102
108 183 -0.044696106153569677
108 184 0.086660080251512908
108 185 -0.01357171440764166
108 186 0.062799964712786913
108 187 -0.098059003047854726
108 188 0.058299290795676209
108 189 -0.19030850185524539
108 190 0.033430551014419177
108 191 0.01674582502179469
108 192 -0.13978175569977261
108 193 0.10228896319838526
108 194 -0.0094325479756111087
108 195 -0.041313351638617532
108 196 -0.065543179836225832
108 197 0.20645215343122716
108 198 0.053772270178166652
108 199 0.0067325715032545783
109 110 0.084000117498977359
109 111 0.087488716921710258
109 112 0.010602387229078749
109 113 -0.062751739074635729
109 114 -0.023782051358228098
109 115 -0.038511475577263699
109 116 -0.065148701948007454
109 117 -0.076931521890518176
109 118 0.11114984165281817
109 119 0.14366756882384787
109 120 -0.059631646391235131
109 121 -0.017522298535914912
109 122 0.017886763791874639
109 123 0.084045527376897758
109 124 -0.087439313100745375
109 125 -0.044711155405442266
109 126 0.12658183516026289
109 127 -0.056521569646407172
109 128 -0.00067866825189755902
109 129 0.080475578402805142
109 130 0.020632746472526026
109 131 0.052666418991193613
109 132 0.049714353272878611
109 133 0.10519298913820413
109 134 0.10519356475541708
109 135 -0.09726672696754865
109 136 -0.037934072896851814
109 137 0.047091950222057477
109 138 0.039733145442669419
109 139 -0.072601519472058104
109 140 -0.061106365321417291
109 141 0.14213007200272626
109 142 0.036543466693206836
109 143 -0.13258751333680682
109 144 0.04276644830697357
109 145 -0.15547468242479398
109 146 0.023166247513222056
109 147 -0.072364578321209544
109 148 -0.16751242928274476
109 149 -0.085401355516725688
109 150 0.06394688744519432
109 151 0.044861989634465235
109 152 0.026769009835813044
109 153 0.039754892080893271
109 154 -0.018139875594417453
109 155 0.12086831565549759
109 156 -0.095939765842056157
109 157 0.10725757604279706
109 158 0.087684521952936287
109 159 0.051820111574427147
109 160 0.056329379499630391
109 161 -0.075558553886896168
109 162 0.076075881291024772
109 163 -0.033376061998295077
109 164 0.019922512273108477
109 165 0.079221788886450317
109 166 0.069358286402154509
109 167 -0.043994126996308731
109 168 0.10038629581693023
109 169 -0.0032749468753495987
109 170 0.057549712174687989
109 171 0.035383275020779412
109 172 -0.099711532517037682
109 173 0.1271385577343519
109 174 0.063427142313691592
109 175 0.11248033958792782
109 176 -0.075220559182769528
109 177 -0.014567976202063408
109 178 -0.093495382351754669
109 179 -0.10000618917542363
109 180 0.16016486629975807
109 181 0.034707096937107995
109 182 -0.031416687498195116
109 183 -0.019070504641086252
109 184 -0.076565516725969424
109 185 -0.08115588815599481
109 186 0.02243650197625548
109 187 0.028962851801612486
109 188 0.066152171517776442
109 189 -0.024075031365042694
109 190 0.0071218680684739062
109 191 0.069445994070861425
109 192 0.0052403779744265959
109 193 -0.063075770094984968
109 194 -0.029865171033482428
109 195 -0.071397436399832551
109 196 0.03381602316740643
109 197 -0.028650386534914873
109 198 -0.063078676484962487
109 199 -0.03028570056381975
110 111 -0.095010460160103505
110 112 -0.13268863537397313
110 113 -0.058657055591776794
110 114 -0.00076702458399534117
110 115 0.09110213505507414
110 116 0.0053173065497114057
110 117 0.00015063553411415144
110 118 0.01323036708854222
110 119 -0.059858890785196982
110 120 -0.12034098205311283
110 121 0.026166726956355735
110 122 0.024893467877532362
110 123 -0.023131437217031252
110 124 0.031707700938014859
110 125 0.013791282983204528
110 126 0.041697990618876503
110 127 -0.039661423195392051
110 128 -0.091743927402839265
110 129 0.012830642200557933
110 130 -0.011677329131383526
110 131 -0.049376528932616404
110 132 0.065116353014746234
110 133 0.017491327761062905
110 134 0.082913483688581507
110 135 0.068186639640908278
110 136 -0.043733737299876771
110 137 0.10263630330985329
110 138 0.011026758881977539
110 139 0.038686205205921108
110 140 0.18442419307578586
110 141 0.043250759231674638
110 142 0.053183137157703793
110 143 0.058459427681196705
110 144 -0.040293598325287255
110 145 -0.015970152655808794
110 146 0.069311844077378948
110 147 -0.0043037929127772937
110 148 0.0051092148700919151
110 149 0.11926727715469862
110 150 -0.040813855235341402
110 151 0.001120062688547801
110 152 -0.00026698244720391558
110 153 -0.016701464762656559
110 154 -0.06805903983293865
110 155 0.039734092469349114
110 156 0.07621544825292341
110 157 -0.0055430330611161644
110 158 -0.12784398965230701
110 159 0.085022401303597409
110 160 -0.067486881976365654
110 161 0.096122285723973605
110 162 0.045079917080707549
110 163 -0.11084934584140289
110 164 -0.044289357401090655
110 165 0.033586454208001514
110 166 -0.013982856460926384
110 167 0.08735909158889435
110 168 -0.028348887035072771
110 169 0.036620916871545471
110 170 -0.059549500815550771
110 171 -0.062139403082474669
110 172 -0.06381903686732425
110 173 -0.014748979206905448
110 174 -0.094107185827712367
110 175 0.01521226469284746
110 176 0.19103080452584964
110 177 0.011640698206302494
110 178 0.033834650022443964
110 179 -0.0015507172217669605
110 180 -0.060088493341559801
110 181 0.03098148905161513
110 182 0.022244809508673635
110 183 0.14851465825173615
110 184 0.030373376008301634
110 185 0.094070771228551411
110 186 0.074004423902078745
110 187 -0.025677266587090925
110 188 0.015930129701041434
110 189 -0.03585812944023177
110 190 0.10223325547127504
110 191 0.064911474573725106
110 192 -0.13060207485945957
110 193 0.017957896669703783
110 194 -0.016627967325073895
110 195 0.056592826883192518
110 196 0.053425351506525304
110 197 0.0036151219115724818
110 198 0.045984913436135817
110 199 0.023990742339940325
111 112 0.095734098646850452
111 113 -0.076574300909305087
111 114 -0.025713224247214003
111 115 0.071880108677439172
111 116 0.021427700955840782
111 117 -0.023981837645822193
111 118 0.055137440429759488
111 119 0.078707853877965653
111 120 -0.083046507010071852
111 121 -0.076729287686363223
111 122 -0.015772855064348008
111 123 0.068018813613936219
111 124 -0.11663931637964077
111 125 -0.034953871836000072
111 126 -0.04701818124107688
111 127 -0.0072118465898917466
111 128 0.084933273994240596
111 129 -0.017300050402166121
111 130 -0.046329713757506018
111 131 -0.0062563278164440642
111 132 0.0041659470208625839
111 133 -0.024277230858857531
111 134 -0.043595440954695912
111 135 0.00042666080292766813
111 136 0.036230467829432747
111 137 0.056375476866706471
111 138 0.0096675232174823211
111 139 -0.026830552860417425
111 140 0.088177499191895686
111 141 -0.037330361268007192
111 142 0.025007999916079059
111 143 0.04503130161410903
111 144 -0.0072888388880628105
111 145 -0.11962168019334044
111 146 -0.0656916749199246
111 147 -0.029708839271582937
111 148 -0.072658116304221601
111 149 0.073534222569969207
111 150 -0.012126705042923845
111 151 0.011010207679159128
111 152 0.0067654474708905487
111 153 0.069383512048492066
111 154 0.0201088673971671
111 155 0.066213268732974714
111 156 0.012029137347671699
111 157 0.017849912257217805
111 158 -0.070260232637247289
111 159 -0.044939271487719173
111 160 -0.064795620690104763
111 161 0.074325472383962921
111 162 -0.068322857345921834
111 163 0.023163305213259214
111 164 -0.021290782320922064
111 165 -0.0036285703049061661
111 166 0.037126817476354511
111 167 0.011190578224754659
111 168 0.066657055109603305
111 169 -0.022419786966303111
111 170 0.014921343184717687
111 171 -0.026854545552335674
111 172 0.067519081378327073
111 173 -0.15337085049402663
111 174 -0.17596195764306799
111 175 0.0074697632812659506
111 176 -0.052608532224850957
111 177 0.02427553392731437
111 178 -0.063722715235665153
111 179 0.070036726381636757
111 180 0.093657956249218466
111 181 0.1233928402797059
111 182 0.014384936843413312
111 183 0.043415926099806629
111 184 0.049649733154472804
111 185 0.071646319154867313
111 186 -0.016393844865662432
111 187 -0.045604774598343847
111 188 0.087604566258440764
111 189 -0.11433369264532035
111 190 0.017285172726239671
111 191 -0.033793609800755901
111 192 0.064447954277528308
111 193 -0.048121733284462433
111 194 -0.033793723282587326
111 195 0.038926920101779457
111 196 0.026254968645849169
111 197 0.073596533406820375
111 198 -0.15552726023691052
111 199 0.0092549263266368757
112 113 0.05623983186735898
112 114 0.020775774216579529
112 115 -0.050969963045567453
112 116 0.04315159548034838
112 117 -0.016337747503792452
112 118 -0.086666010355088002
112 119 -0.040760244718889921
112 120 0.1291399587612663
112 121 0.010473526357118701
112 122 0.068675530882692237
112 123 -0.06601662179103393
112 124 0.050238717357632794
112 125 -0.16086132841490097
112 126 0.039190241491434935
112 127 -0.025680212692649161
112 128 0.0093551787346978985
112 129 0.046003322138911867
112 130 -0.0015348971781092835
112 131 -0.0026947941731578508
112 132 0.18855860817920392
112 133 0.050210123738562915
112 134 0.022956118355084446
112 135 -0.026637492260863527
112 136 0.0057014202666480877
112 137 0.020187418533449814
112 138 -0.13392232313796279
112 139 -0.011761413753428573
112 140 -0.021354641961107229
112 141 -0.044669312888404582
112 142 0.076731471136977536
112 143 -0.03729917783427987
112 144 0.0031203474443991706
112 145 -0.095943575622387769
112 146 -0.064206285174208927
112 147 -0.047969128136667677
112 148 -0.019373386853927425
112 149 0.079788189216561098
112 150 -0.0077177339264463286
112 151 0.024989409099042553
112 152 -0.10120856317019462
112 153 0.07477333728151847
112 154 -0.062458398915715814
112 155 -0.049431379537433949
112 156 -0.064935831247848935
112 157 -0.076397750170485709
112 158 0.074194728780790559
112 159 0.13684085757619704
112 160 0.02054205710048736
112 161 -0.031450355970875629
112 162 0.0082485063138638941
112 163 0.052124769236234748
112 164 -0.093075362611654319
112 165 -0.054923810441704572
112 166 0.10373622701211174
112 167 0.084643278981485118
112 168 0.041412143497009737
112 169 0.096261863756814781
112 170 -0.011041398565814301
112 171 -0.0012358159756157305
112 172 -0.014903110903818791
112 173 0.17347243862602646
112 174 -0.062777188388009414
112 175 0.059231250907002188
112 176 -0.086889581996102444
112 177 -0.0025405154332236351
112 178 0.14031606811108496
112 179 -0.006410670351208788
112 180 -0.027664711078531537
112 181 -0.063765605693910918
112 182 -0.10209860309947706
112 183 0.0061534659822940563
112 184 -0.040317891285468428
112 185 -0.0081860948502564448
112 186 -0.13692495776237842
112 187 0.027357894404082216
112 188 -0.067409095720892806
112 189 -0.12080526037907002
112 190 0.020855633866533909
112 191 0.029684968502052721
112 192 0.0018697046537061641
112 193 0.12000834457271745
112 194 -0.083796988213323487
112 195 0.027113693027177522
112 196 -0.033257245047249279
112 197 0.090744016706816408
112 198 -0.0064732366958711414
112 199 -0.0054140654783890706
113 114 0.014752927502467249
113 115 0.023302822075954788
113 116 0.038130127345867286
113 117 -0.036510520460062881
113 118 0.10020372577552565
113 119 0.04423190564299747
113 120 0.046612029152782772
113 121 0.026523969577617865
113 122 -0.066473608553281036
113 123 -0.04914042650200863
113 124 0.004155743564178813
113 125 0.10670843470933612
113 126 0.11322596220555105
113 127 0.0034690308802465572
113 128 0.0199401103978037
113 129 0.0070336791049149397
113 130 0.005899048048749079
113 131 0.094555016342898868
113 132 0.13232417844731911
113 133 0.036575072501071795
113 134 -0.022667847175747696
113 135 0.072620775566980864
113 136 -0.039160939882805154
113 137 0.0021933302179440719
113 138 -0.11604607626938289
113 139 -0.038975237911611116
113 140 -0.020156058511775553
113 141 0.059469635520234723
113 142 0.10470844042649277
113 143 -0.0018520999717732043
113 144 -0.017512196455788526
113 145 0.010840898745398458
113 146 -0.10786939348911741
113 147 -0.065013858991786203
113 148 0.07634387682456141
113 149 0.0010310186228392223
113 150 -0.060665871758657362
113 151 -0.0067037080739907008
113 152 0.041243981253046007
113 153 -0.024341522417989099
113 154 -0.091208106040748721
113 155 0.044991292253778549
113 156 -0.11307568846382506
113 157 -0.053588040193718559
113 158 -0.030781119407403044
113 159 -0.071655087760094743
113 160 0.050806201913951222
113 161 0.014769630630038805
113 162 0.10863062091630997
113 163 0.050422512582211455
113 164 -0.048494597845693231
113 165 -0.062744611750490717
113 166 -0.018868595728445049
113 167 0.071170179583126061
113 168 -0.0037142097644639808
113 169 0.087097083040507894
113 170 0.11378092746004931
113 171 0.024384143593898792
113 172 0.031144695774723608
113 173 0.071800193342820479
113 174 0.15877059131719012
113 175 0.15087785774111262
113 176 0.015904237262702847
113 177 -0.08737095095745627
113 178 -0.15897316881071019
113 179 -0.033085130086311504
113 180 -0.055453079670410008
113 181 -0.045500274050929788
113 182 0.038266866411199786
113 183 0.016956544987533979
113 184 0.066893794166672987
113 185 0.076753410608458097
113 186 0.097197574030258374
113 187 -0.00074762045384200386
113 188 -0.073140215350108742
113 189 -0.0090465750791647558
113 190 0.040583632661964943
113 191 0.053867831996068379
113 192 -0.037157576056792936
113 193 -0.00044237258808500752
113 194 0.0303746470565242
113 195 -0.018970701244256
113 196 -0.014480659220719765
113 197 0.13328769166901844
113 198 0.033587183403384992
113 199 0.060046162002844301
114 115 -0.13863394915819682
114 116 -0.073753916352961663
114 117 -0.0096650707627544755
114 118 -0.049286860858449848
114 119 0.014940089218759233
114 120 0.060540701531383009
114 121 -0.014915095625140979
114 122 -0.0018673167371933597
114 123 0.10394184086893035
114 124 -0.052058107654063906
114 125 0.14777078840131136
114 126 -0.084760653392434826
114 127 -0.0040217442733122199
114 128 0.083537721091091061
114 129 -0.1169197038721172
114 130 0.032194461255024585
114 131 0.014406042279390517
114 132 0.081446331971031766
114 133 -0.015531198601026742
114 134 0.13399008058607206
114 135 -0.045742772641130455
114 136 0.024231028645856672
114 137 0.064913765634388262
114 138 0.011301472093267652
114 139 0.089242320987095683
114 140 -0.04034574477007654
114 141 0.01524494571878454
114 142 -0.053038843410748347
114 143 -0.028301383111772955
114 144 0.052642615811699281
114 145 -0.13760276796919105
114 146 -0.073787141051240901
114 147 -0.034275539654112078
114 148 -0.0039165174908752341
114 149 0.024931887048563507
114 150 0.021277956298583242
114 151 -0.030156184062470993
114 152 -0.082760682294210436
114 153 -0.091457055580156446
114 154 -0.00021115228124083822
114 155 -0.13278857601780406
114 156 -0.14003568060885985
114 157 0.013365497956176831
114 158 0.071424768891982848
114 159 0.080777895318085241
114 160 -0.072010272455764981
114 161 0.042790900267962194
114 162 0.062375506104475294
114 163 0.076803994645401788
114 164 -0.07561116439619453
114 165 0.098111319870823707
114 166 -0.060510438782576143
114 167 0.017841648144860434
114 168 0.086491899426702268
114 169 -0.022388750942408771
114 170 -0.026979635238438129
114 171 -0.087036931297472253
114 172 -0.032414311216089016
114 173 0.024521334547268736
114 174 0.046595271537102051
114 175 0.015169233722978922
114 176 0.056339352509499598
114 177 0.020665364496202532
114 178 -0.087460072586298995
114 179 -0.090667200108828297
114 180 -0.04435048703766982
114 181 0.071307513533327246
114 182 0.022558788406730944
114 183 -0.044873518911005973
114 184 -0.088137452782273099
114 185 0.079325690744093846
114 186 -0.092233916314280198
114 187 0.010172394930657551
114 188 0.050181959994570924
114 189 0.17168952510846747
114 190 -0.014231432654271448
114 191 -0.068080908580305161
114 192 0.0011148950040421224
114 193 0.11011683690461917
114 194 0.0239789743409357
114 195 0.024068566026966096
114 196 -0.046438228253590355
114 197 0.14435476403847386
114 198 -0.0078293023958682893
114 199 0.065365580427120012
115 116 0.0082675339828633364
115 117 -0.062946634930853937
115 118 0.085525866742605372
115 119 -0.030054207465135725
115 120 -0.12589789088604125
115 121 0.10240805811979677
115 122 0.023573084462921282
115 123 -0.069547485116728897
115 124 0.075994966325588956
115 125 -0.023991643669310399
115 126 -0.037617244130034755
115 127 0.19276056962324106
115 128 0.023158819316147151
115 129 -0.075390475211517469
115 130 -0.041586160591940889
115 131 -0.011217777595962292
115 132 -0.077377014174261197
115 133 -0.073608428322386454
115 134 0.0038224540174158937
115 135 -0.035461980360613356
115 136 0.12038237600720943
115 137 0.018846741297367402
115 138 -0.055678507614971263
115 139 0.099611403886703101
115 140 0.012392015542056527
115 141 0.044993744477026726
115 142 0.0130910152702873
115 143 0.041522246329394594
115 144 -0.085960236889373834
115 145 -0.028507845442693438
115 146 0.077208224549585314
115 147 -0.1564807665138378
115 148 0.12091061199494206
115 149 0.013854939424328732
115 150 0.12083465341998464
115 151 -0.11288356658221498
115 152 -0.15518301731801606
115 153 -0.051760501807341062
115 154 -0.095275193358645024
115 155 0.024525145063254695
115 156 0.051196871419558448
115 157 0.19464251166129526
115 158 -0.038822512868823933
115 159 -0.036566334657510691
115 160 -0.0066181717148919746
115 161 0.12230229808379706
115 162 -0.015277982597291356
115 163 -0.048919738412143109
115 164 -0.14149181346360828
115 165 0.045236813351724081
115 166 0.050907587386204482
115 167 0.056008230830652761
115 168 -0.12961029491831139
115 169 0.075789833463203643
115 170 -0.043407492652216967
115 171 -0.10766817726292294
115 172 0.051920461145440557
115 173 0.030175239398289588
115 174 -0.14913523391306005
115 175 0.24757889123765661
115 176 0.13868098722754604
115 177 -0.053742328110716824
115 178 -0.0052732189717477592
115 179 -0.16089488829340157
115 180 -0.065779031508678934
115 181 0.015172010790761078
115 182 1.8065581784661093e-05
115 183 -0.0021341895987248422
115 184 0.10553260299080945
115 185 -0.077955938643006928
115 186 0.023298096624186741
115 187 -0.0067045658609213568
115 188 0.036940055699056056
115 189 -0.013547004987891175
115 190 -0.12005793288830806
115 191 -0.081729240877713855
115 192 0.10403386062037223
115 193 -0.013501817194777986
115 194 -0.069794906201935222
115 195 -0.034074281665216151
115 196 0.15820282189643181
115 197 0.092781370850871639
115 198 0.0028779409154877349
115 199 -0.11025307425170341
116 117 -0.093711210048132737
116 118 0.01499700404101738
116 119 -0.048715096760304159
116 120 -0.0049999220919786621
116 121 -0.059609727653746149
116 122 0.04908377372500411
116 123 0.085915382720275907
116 124 -0.022225036419859557
116 125 -0.23531828454197901
116 126 0.0093074262047802021
116 127 -0.011762269684264857
116 128 0.0041162749016086598
116 129 0.048107598849018711
116 130 0.099269508126854089
116 131 0.10159333394561101
116 132 0.041072047000745814
116 133 -0.029016696965481339
116 134 0.0080593874985122847
116 135 0.073349219796601875
116 136 0.15358767687653518
116 137 -0.053916164889354135
116 138 -0.01287678113571444
116 139 -0.080996761729999464
116 140 0.043178526697365285
116 141 -0.049236254520012283
116 142 -0.029356898171114688
116 143 -0.042923977048970323
116 144 0.020532105595826008
116 145 -0.062165493316841243
116 146 -0.078695913665503534
116 147 0.082331046437548114
116 148 0.012826554117547073
116 149 0.041507748145278696
116 150 0.15556310780061905
116 151 0.019514863802215964
116 152 0.11293010626438589
116 153 -0.038265984615946436
116 154 0.0050940559447352311
116 155 -0.08922700882930458
116 156 0.018742292743325669
116 157 -0.050766397227184699
116 158 -0.028711469022927139
116 159 -0.017466528997093892
116 160 0.096969829406884506
116 161 -0.080118412834540798
116 162 0.036845892312295798
116 163 0.016622259745409016
116 164 0.10783965378918536
116 165 0.13532420366041012
116 166 0.005083126676246043
116 167 0.058442094929882116
116 168 0.019648738162836733
116 169 -0.10159292333995051
116 170 0.002206525214409354
116 171 0.067524057517048916
116 172 0.083197565989861014
116 173 -0.12545830859946225
116 174 0.010975947293758972
116 175 -0.083187302551085376
116 176 -0.12068572078937972
116 177 0.15374462146266368
116 178 -0.12540570496777415
116 179 -0.081228888859018647
116 180 -0.085033207297434132
116 181 0.048694309727297824
116 182 -0.048213181610611305
116 183 0.035968414435088795
116 184 -0.11451091413711785
116 185 0.0024196686881419373
116 186 0.067420253618817511
116 187 -0.11620582074746266
116 188 0.024925027124219241
116 189 -0.20318872992875189
116 190 0.0043833838015193667
116 191 0.033941910808421398
116 192 0.083946331835553528
116 193 -0.0089626550027839102
116 194 -0.041245547810247161
116 195 -0.021183850741477599
116 196 0.057127983099632594
116 197 0.081954014715630921
116 198 0.09603120420889949
116 199 -0.0056582202347031461
117 118 0.079415645845167041
117 119 -0.069732241970861558
117 120 -0.024336762126081352
117 121 0.013302708018928217
117 122 -0.13023015443822403
117 123 0.0067409714631489238
117 124 -0.14655189236840724
117 125 -0.011666592852532773
117 126 0.066162537611311148
117 127 -0.035842695649785629
117 128 -0.043683460504124208
117 129 0.054039508316035149
117 130 -0.088881133143475524
117 131 -0.059411450153964325
117 132 0.0021786786458393979
117 133 0.0079556077400490064
117 134 -0.040198353603003251
117 135 -0.040965780009824627
117 136 -0.024448869555800824
117 137 -0.09482010826528306
117 138 0.0063420719832516731
117 139 -0.054735293671412888
117 140 0.096517185832107347
117 141 -0.033985574351694019
117 142 0.085982145875843449
117 143 0.055638113327087624
117 144 0.074527194842786929
117 145 0.01933627650457365
117 146 -0.046294097935186851
117 147 -0.015373313631212636
117 148 -0.1266017932301137
117 149 0.033564127977789265
117 150 -0.10313247865744743
117 151 0.04410128834232678
117 152 -0.046735561618143358
117 153 -0.050343906733592181
117 154 0.0060456815802594982
117 155 -0.028907879065684525
117 156 -0.057637038819937231
117 157 -0.048670868867337874
117 158 -0.017773426652440121
117 159 -0.0021617887748123909
117 160 -0.091663095867059827
117 161 -0.013529170049093122
117 162 -0.036750903812619876
117 163 -0.01217225320572397
117 164 0.078834893025218206
117 165 0.085231974469002103
117 166 0.079825323824750882
117 167 0.0053003598491834555
117 168 0.07558843517962438
117 169 -0.0097127313117695915
117 170 0.18712039266295288
117 171 0.054020754009691772
117 172 0.06420130759832926
117 173 0.098740233510114614
117 174 -0.041004705443804239
117 175 -0.016335578010169133
117 176 -0.048245375790934998
117 177 -0.17285885487490102
117 178 -0.035753099429437392
117 179 0.0001979991906154546
117 180 0.11407140184609321
117 181 0.046634805871017281
117 182 0.0092946690652203137
117 183 -0.04056267215598576
117 184 0.13395830633150793
117 185 -0.080351261808717461
117 186 -0.016787417938647884
117 187 -0.068049448301278154
117 188 0.090985606565247373
117 189 -0.02565381397755653
117 190 0.085840821401811027
117 191 -0.036927634255387094
117 192 -0.19508320295452042
117 193 0.039370633627418446
117 194 0.11970651018480404
117 195 0.00030539909315290535
117 196 0.10089944892522022
117 197 -0.037511526461774816
117 198 0.024786141351114826
117 199 0.060651611214114561
118 119 0.06276378634734274
118 120 -0.11616220848646998
118 121 0.031563906695320158
118 122 -0.01944122200345906
118 123 -0.049398657992751081
118 124 -0.081031386220122015
118 125 0.065101265895245342
118 126 -0.0096205916026435006
118 127 -0.12458061879162363
118 128 0.095093303079315836
118 129 0.051471975048549785
118 130 0.021895360408573521
118 131 -0.051705993752574057
118 132 0.12492240864515307
118 133 -0.076570943875810996
118 134 -0.032579982321481037
118 135 0.082999536446637878
118 136 -0.029850091023630766
118 137 0.17562553729149677
118 138 0.11661704171221622
118 139 -0.042183813113848563
118 140 0.022839799729214023
118 141 -0.10589427102097744
118 142 -0.026577321768364717
118 143 0.097599666463463006
118 144 -0.063042008826399487
118 145 0.090850430276241526
118 146 -0.007029427769921273
118 147 0.14224656117722159
118 148 -0.057266496264170547
118 149 -0.072275846744126251
118 150 0.029145793976469825
118 151 -0.076303430386893509
118 152 0.022880655772457504
118 153 7.0070258061985602e-07
118 154 -0.074141147846274041
118 155 -0.0042335004546439391
118 156 -0.096695608410490727
118 157 0.060873464783791242
118 158 -0.010806991564122768
118 159 -0.079671892114647341
118 160 -0.13751786274257058
118 161 0.029441509050556005
118 162 0.025572583811564482
118 163 0.027474688373716916
118 164 -0.08382531959463245
118 165 -0.036089086201326656
118 166 0.079593245426025735
118 167 0.094218416654191367
118 168 -0.025220229219307388
118 169 -0.077496282430100996
118 170 0.11614266703045785
118 171 -0.052119400097781411
118 172 -0.18106913810684003
118 173 0.093885268050483181
118 174 0.012305453709477911
118 175 -0.10233957272802247
118 176 0.14229566710438252
118 177 0.17350645323117239
118 178 0.031653127273071735
118 179 -0.032437912735848486
118 180 -0.16858363929611866
118 181 -0.01246140601918359
118 182 -0.086031234896558187
118 183 0.10900164525184745
118 184 -0.14359727792194482
118 185 -0.079383307566798456
118 186 0.011461629998187796
118 187 0.014502910819085033
118 188 0.067077993244568077
118 189 0.077321120794288892
118 190 -0.067504776832304381
118 191 -0.0033613782653654622
118 192 -0.095784160575060409
118 193 0.036339952772238435
118 194 0.072710944010897477
118 195 0.031192207016614508
118 196 0.034969913833787454
118 197 -0.03703639160320029
118 198 0.016037514484462837
118 199 -0.086709714148071618
119 120 -0.17053294290560264
119 121 -0.021373528916102384
119 122 -0.014346078103705464
119 123 -0.064008767285873777
119 124 0.12419511201190861
119 125 -0.016599407146990514
119 126 -0.021190947148219723
119 127 0.042056795249510955
119 128 -0.048580094255713212
119 129 0.076628913926709896
119 130 0.034124042980252289
119 131 -0.091511508970284011
119 132 0.061568289845225721
119 133 -0.018159222537270019
119 134 0.023831455376504527
119 135 -0.09976930151817319
119 136 0.071812426931992232
119 137 0.011351146942233097
119 138 0.024650508510417918
119 139 0.022649141983000304
119 140 -0.032875021512616627
119 141 0.1606345284950125
119 142 0.16388668199283124
119 143 -0.094107553295946902
119 144 -0.064483482316972221
119 145 0.029879576864605576
119 146 0.045412346055207851
119 147 0.055368618634996154
119 148 0.039099316600771102
119 149 0.013354225770794179
119 150 -0.055106118530318805
119 151 -0.11719045969695813
119 152 0.041215244045208189
119 153 0.095085056979865523
119 154 -0.0056006924483831457
119 155 0.021320358427943182
119 156 -0.13966892979418569
119 157 -0.12857847924563709
119 158 0.017039230835385871
119 159 0.002838506593771723
119 160 -0.051528994356617626
119 161 0.037184485252191382
119 162 -0.061757726402634841
119 163 -0.047238143561474648
119 164 0.024808253881079476
119 165 -0.1702369629089838
119 166 0.034622743600446301
119 167 0.02065774961732874
119 168 -0.017435291590745149
119 169 0.0087684468847078756
119 170 0.064898702380866466
119 171 0.021848374993968529
119 172 0.059465010454964502
119 173 0.052162902569103095
119 174 -0.013093276898794455
119 175 -0.0019742429443986476
119 176 -0.031785625610501501
119 177 0.10195737231135811
119 178 -0.027978491306932127
119 179 -0.010106000727601825
119 180 0.019824812306042831
119 181 0.025734543075702037
119 182 0.0065884670313035151
119 183 0.0032275668779518231
119 184 0.027193723206656979
119 185 0.0017787587553882323
119 186 -0.0079513353714661845
119 187 -0.047123005857864518
119 188 0.0050268865302801778
119 189 0.068331721036750129
119 190 0.062517606076822566
119 191 -0.097935510251314209
119 192 -0.039536139832493399
119 193 0.0087787834061212374
119 194 -0.056415187112586591
119 195 0.045085341829927884
119 196 0.0294715762121943
119 197 -0.0088782689351152404
119 198 0.097292352189404629
119 199 -0.10609274485398369
120 121 0.0007967785312652675
120 122 0.026551700545828782
120 123 0.060476453530496382
120 124 0.023083752588019247
120 125 0.079668293092112027
120 126 -0.027510602870159655
120 127 -0.017549294234481611
120 128 0.017232613919700938
120 129 -0.043863249498371795
120 130 0.12546974415570147
120 131 -0.12141494916886562
120 132 -0.1485407004015698
120 133 -0.0012555864858806954
120 134 -0.023099556958793177
120 135 -0.007646448212040708
120 136 0.032276770932993679
120 137 -0.13275961980524362
120 138 -0.04986654238621465
120 139 -0.13044244535557398
120 140 -0.086308370799562453
120 141 -0.10421122952003749
120 142 0.068923921179362468
120 143 -0.014115446394558782
120 144 0.18524990053889615
120 145 -0.017583071927522901
120 146 -0.010351956249664347
120 147 0.03732910519332662
120 148 0.01554338222850004
120 149 -0.07026794441742841
120 150 -0.047534341057341042
120 151 0.040783756895275469
120 152 0.017009155894656618
120 153 -0.067225915421026919
120 154 0.041755142157687837
120 155 0.11328904164125013
120 156 0.17334061766190362
120 157 -0.03117867418671794
120 158 -0.031786134818416273
120 159 0.1640715878186387
120 160 -0.031773947201581165
120 161 0.024427898021225684
120 162 -0.093604211498947029
120 163 -0.095293851997518816
120 164 0.059304242110883608
120 165 -0.066620058021212611
120 166 0.042896693564366685
120 167 -0.022713443217964733
120 168 0.076119424164101265
120 169 -0.042939153562012417
120 170 -0.0073948139260957843
120 171 -0.0099876400726145904
120 172 -0.012240182909559071
120 173 -0.15471892092088962
120 174 -0.04835848420827011
120 175 -0.080912920082608045
120 176 -0.061442122118333525
120 177 0.044971304643515495
120 178 -0.023844071828459146
120 179 -0.032831041340088137
120 180 -0.045182381472013963
120 181 -0.016674378534121653
120 182 0.016155619943029165
120 183 0.021740485120336703
120 184 -0.051273672429557347
120 185 -0.025730488599715291
120 186 -0.00018989098718956253
120 187 0.030906546875355108
120 188 0.024168438546508391
120 189 0.0056992378293810259
120 190 0.023344918634917229
120 191 0.0055634962400153941
120 192 0.0044684771895426231
120 193 0.14484595710660295
120 194 0.1070971186953799
120 195 -0.1039060411202343
120 196 -0.057893824529257315
120 197 -0.10384318199656065
120 198 0.087061366647415275
120 199 0.05393649028485447
121 122 0.028003952970025888
121 123 -0.11021372202992995
121 124 0.091054919083963334
121 125 0.029328998207489264
121 126 0.0267314058167505
121 127 0.0071637734877580909
121 128 -0.034183423701408512
121 129 0.029450300934421362
121 130 0.059119981234998939
121 131 0.048864095166132979
121 132 -0.040890613363925916
121 133 0.010740393359733683
121 134 0.00073039751017266023
121 135 0.01695456992648952
121 136 -0.079367785029286972
121 137 -0.041718828012222639
121 138 -0.10287320912040551
121 139 -0.026228939532079141
121 140 -0.0096064285188753439
121 141 -0.061182264832918699
121 142 -0.072904976200662747
121 143 -0.066791107142443309
121 144 -0.009594429772620967
121 145 -0.009630358252189419
121 146 0.013824409339614754
121 147 -0.083318838838771642
121 148 -0.05186036126836565
121 149 0.020703206519880626
121 150 0.020727591638499746
121 151 -0.07134052818022997
121 152 -0.049607487111492411
121 153 -0.062048396129109708
121 154 -0.034664080631287182
121 155 0.058086766115150096
121 156 0.11559792206678704
121 157 -0.1214773709348992
121 158 -0.027295709472015026
121 159 -0.078899125555971922
121 160 -0.029189426557252006
121 161 -0.055746399603729777
121 162 0.0026029011719012128
121 163 -0.050524748135728097
121 164 -0.040255385336258713
121 165 -0.10735124981374096
121 166 -0.042243303176437562
121 167 -0.067320164686360748
121 168 0.13125475747379012
121 169 -0.078733411515185106
121 170 -0.065309508475246678
121 171 0.074310506068521798
121 172 -0.019012284457467093
121 173 0.020565223138053097
121 174 -0.064970684460474853
121 175 0.083383178325958068
121 176 -0.12825321666638537
121 177 0.03011353573457564
121 178 0.024891628365861774
121 179 0.032540438599300309
121 180 0.088956733976026658
121 181 -0.053181774935144588
121 182 -0.13643101548780845
121 183 0.1057801680807408
121 184 0.04021599256246549
121 185 0.069540585726841936
121 186 -0.024042121310752344
121 187 -0.10469088686666904
121 188 -0.062495979851770099
121 189 -0.042826663356548063
121 190 -0.0038052975197477401
121 191 0.048721748336129786
121 192 0.070899176183243845
121 193 0.052962177653688748
121 194 0.027769107275104375
121 195 0.0035771581157722321
121 196 0.094325989912674865
121 197 0.082892639993738346
121 198 0.070710510336472937
121 199 -0.054319309903053115
122 123 -0.05882805607291601
122 124 0.050334926730691641
122 125 0.13088714139032542
122 126 0.024412756121825661
122 127 0.025675366953867775
122 128 -0.050130876009470964
122 129 -0.0047529028860307703
122 130 -0.075043117464922468
122 131 -0.043816270843358131
122 132 0.063383300748305046
122 133 -0.0061561582205156336
122 134 0.13966232789919059
122 135 0.01987411002444546
122 136 -0.041602573226758317
122 137 -0.064609540988689262
122 138 -0.13577365169723132
122 139 -0.098088834883508183
122 140 0.063714090597222606
122 141 -0.022992903115783378
122 142 -0.075088278097368955
122 143 0.095281651421123423
122 144 -0.034009644248220589
122 145 -0.12866458635159128
122 146 -0.026459647293881415
122 147 0.00093109575586685332
122 148 -0.074413685368583601
122 149 -0.10596260562284859
122 150 -0.011973105471536618
122 151 0.060758833008414795
122 152 0.012468890985001424
122 153 0.056785968610945182
122 154 0.021787278189117128
122 155 -0.038290864749092365
122 156 -0.06354577017094927
122 157 0.09762108141546201
122 158 -0.015571165142497548
122 159 0.016149395652916808
122 160 -0.053202550613804141
122 161 0.085942591547778988
122 162 -0.10019114343576747
122 163 0.025945124890606248
122 164 0.074931563526045381
122 165 0.051964504574884975
122 166 0.058171006849200922
122 167 -0.23066868403863353
122 168 -0.086626682267564523
122 169 0.029951800889030957
122 170 -0.019537029244757777
122 171 0.06793504141157182
122 172 0.1333653288392341
122 173 0.13937446410820767
122 174 0.057622773853758413
122 175 -0.0099652100086707104
122 176 0.11826185544140251
122 177 -0.099186488850462842
122 178 -0.037331820167757206
122 179 -0.091345470169912554
122 180 -0.12988043994604204
122 181 -0.12470951820442004
122 182 -0.032630255464154066
122 183 -0.023480909793914172
122 184 0.071155074863451573
122 185 0.034306144961861337
122 186 0.16487450318865579
122 187 -0.087558971844476974
122 188 -0.075834188991073373
122 189 -0.12165981384983766
122 190 0.058813049529869564
122 191 -0.015815556868494035
122 192 -0.13456326467679491
122 193 -0.055611026140785128
122 194 0.082438649755765037
122 195 0.050452708008497216
122 196 0.070597744257845027
122 197 -0.0051553762856973977
122 198 -0.025990618500001648
122 199 0.037545885783028372
123 124 0.022751489855268623
123 125 0.011459344991856439
123 126 -0.11259434109771622
123 127 0.059309081322692379
123 128 0.021019679114204725
123 129 0.092270726239558024
123 130 0.030670212277595275
123 131 -0.011170717154966623
123 132 0.025730866938107548
123 133 0.068155627504062927
123 134 -0.025027731044127949
123 135 -0.027235300793469384
123 136 0.0046589342440998818
123 137 0.12648363601308241
123 138 0.12054567019670939
123 139 0.007679914607241301
123 140 0.061439689239358088
123 141 0.069188958952077426
123 142 -0.093444134320269309
123 143 -0.16466749595931224
123 144 0.0078686741982182552
123 145 -0.03393590026067226
123 146 0.032510041639411368
123 147 0.050639031338208629
123 148 -0.0046806544002207561
123 149 0.048158953290890393
123 150 -0.047795467521429533
123 151 0.0086044061489437031
123 152 -0.082819941607309655
123 153 0.06531198641237515
123 154 -0.0011965467417585144
123 155 0.0029259150659000969
123 156 0.092667894941378712
123 157 -0.10665475828056782
123 158 0.068364298194942663
123 159 -0.14893008047017844
123 160 0.040596163628905911
123 161 0.045466788019758488
123 162 -0.063612954698200122
123 163 0.1116301502541031
123 164 0.10541344894595976
123 165 -0.061597482237922323
123 166 0.15993571275957458
123 167 -0.036448864238632313
123 168 -0.027412725476922962
123 169 -0.044057297062966558
123 170 0.0076272669216969112
123 171 0.052284743384050383
123 172 0.0023216108857827722
123 173 0.079230728400132705
123 174 0.062832912826828527
123 175 0.017195598893242878
123 176 0.015922088732782835
123 177 -0.045398977334092976
123 178 -0.074332049654869475
123 179 -0.0061771496307016288
123 180 -0.099937082163437746
123 181 -0.038146410225401418
123 182 0.056651668545222786
123 183 -0.029164340476986583
123 184 -0.02859802311963822
123 185 0.00095297716503828299
123 186 -0.0067215664392873339
123 187 -0.020604595096004066
123 188 -0.1133288053681515
123 189 -0.08293212101816734
123 190 -0.0040521949804814801
123 191 0.038967254415333843
123 192 -0.050026007203953927
123 193 -0.014225602294934697
123 194 -0.029396238924220292
123 195 -0.039193484113935841
123 196 -0.11833380439083095
123 197 0.012736176184897469
123 198 -0.11354991279868723
123 199 -0.037576341666550814
124 125 -0.0038063743868703985
124 126 -0.018395366829017195
124 127 0.10989213264018236
124 128 0.027861434845974108
124 129 0.037380750201859457
124 130 -0.075115898536859113
124 131 -0.022811757646210098
124 132 -0.0040413257331954463
124 133 -0.021516324233175694
124 134 -0.043610090716444908
124 135 0.064910083017718223
124 136 0.084322838811642792
124 137 0.021702762648664949
124 138 -0.082663405198059897
124 139 -0.025912565006017914
124 140 0.001632935130643065
124 141 0.0016833777416043441
124 142 -0.056509235894999392
124 143 0.052659203156852637
124 144 -0.10465167980234866
124 145 -0.0046086683320663811
124 146 0.013443802521150051
124 147 0.035729899748979228
124 148 0.066360028561947823
124 149 0.1343204885603908
124 150 -0.037797551877788375
124 151 0.049772395909655251
124 152 0.047979067776889331
124 153 -0.0004243030768497888
124 154 -0.091637706705429728
124 155 0.0095679521097112533
124 156 -0.034923024875572771
124 157 0.081101190478757704
124 158 -0.018449844902949451
124 159 -0.096342870198626473
124 160 0.014655880303487913
124 161 0.055260891431514171
124 162 0.084946728973320437
124 163 0.059743311647046368
124 164 -0.0022891410635971794
124 165 0.0072668532851238865
124 166 -0.02993138206915447
124 167 0.12916727510183598
124 168 -0.017787113247711331
124 169 0.036063651341238415
124 170 0.15972594622368236
124 171 -0.048199395337708728
124 172 0.061629827495575017
124 173 -0.013348721411624095
124 174 0.016265293930563265
124 175 -0.0032338106974982238
124 176 0.016736739439808686
124 177 0.03599274000167603
124 178 -0.050879271739153069
124 179 -0.0016626206275714072
124 180 0.089520608668777132
124 181 0.075563864143172857
124 182 0.0077670626332716286
124 183 -0.045015017263571447
124 184 0.08372383017412964
124 185 -0.058621465178058565
124 186 0.10525027733074084
124 187 0.078508104408808829
124 188 0.044583750662937148
124 189 0.028214956927079152
124 190 0.12100881582007472
124 191 0.02969662610825035
124 192 -0.19408632345192012
124 193 0.024152113110972959
124 194 0.013520499460513976
124 195 -0.16772039291290161
124 196 0.088631374470731356
124 197 0.034281054203660996
124 198 -0.041022808356605357
124 199 -0.10699042085524775
125 126 -0.059777804986190716
125 127 0.088869092131106289
125 128 0.16438552282091856
125 129 -0.13797789478866346
125 130 0.04039537698173698
125 131 0.050795092345166062
125 132 0.11806433156839645
125 133 0.0055103325604573808
125 134 -0.075813534302543228
125 135 -0.021818955348856858
125 136 0.016215709704296682
125 137 0.0037878835206865127
125 138 0.024372274891613265
125 139 0.060875728064775862
125 140 0.059680400047254598
125 141 -0.072709113859506763
125 142 -0.051939439750050886
125 143 0.01494062632061669
125 144 -0.00059532636996375719
125 145 -0.060064035822365462
125 146 -0.05218987049927265
125 147 -0.015741104942518964
125 148 0.0279302626040095
125 149 0.077086668896223301
125 150 0.030355547128378339
125 151 -0.052282933320865546
125 152 -0.076495040718405696
125 153 -0.074203554077168624
125 154 -0.018661957931911576
125 155 0.032222065351860348
125 156 0.034504684463292197
125 157 0.01309016199610534
125 158 0.059212919665072722
125 159 -0.073307543217863813
125 160 -0.040727250363322733
125 161 0.012962717333352783
125 162 -0.11088086135746916
125 163 0.023043858774589029
125 164 0.050628485598807338
125 165 -0.026561730656405144
125 166 -0.055686339356408952
125 167 0.081085519407736811
125 168 0.17185048500680877
125 169 0.094983217056783892
125 170 -0.057816317990023916
125 171 -0.12089121019688275
125 172 -0.017522887020226145
125 173 -0.02489437820907683
125 174 -0.056307786948641782
125 175 -0.21340505835716095
125 176 0.012433088580933786
125 177 0.00047444535105330393
125 178 -0.029574779362307416
125 179 -0.14933973005158649
125 180 -0.16165280566133214
125 181 -0.051855898650126055
125 182 0.010298892881723577
125 183 0.053795396748457118
125 184 0.035117301747873433
125 185 -0.013791754448919724
125 186 -0.11276198809550363
125 187 -0.050814225930484708
125 188 -0.01373341304249184
125 189 0.041474861554207307
125 190 -0.021254630357974206
125 191 -0.10723120113862243
125 192 0.0089831767526458509
125 193 0.010705740207847375
125 194 0.036362016183561267
125 195 -0.065064026228572755
125 196 0.0025940397114502783
125 197 -0.020698190943671636
125 198 -0.028600729869869772
125 199 -0.018721597247389924
126 127 0.021439789123058262
126 128 0.094757304745716059
126 129 -0.047009260107674332
126 130 -0.0041452634399907692
126 131 0.12461547645483383
126 132 -0.058949225474940033
126 133 0.072644888649478268
126 134 -0.12205718564798361
126 135 -0.072285824289768305
126 136 0.099734077333996807
126 137 -0.014193306248414545
126 138 -0.035921804906511284
126 139 -0.0056155317727281905
126 140 -0.010734765014169239
126 141 -0.10622898599269072
126 142 -0.014246000020697716
126 143 -0.036600554452137363
126 144 0.034854629137668812
126 145 -0.032983166736061519
126 146 -0.011229043520878555
126 147 -0.049130551283835269
126 148 -0.042181337364952234
126 149 0.08908588437042303
126 150 0.083084036970410807
126 151 0.012025169028494211
126 152 0.01645888390289842
126 153 -0.010872906378609657
126 154 0.084806658510881205
126 155 8.6964056123398046e-05
126 156 0.071858612167832403
126 157 -0.026948530752529221
126 158 -0.036558909793996695
126 159 -0.066763548388400734
126 160 0.15030794792205715
126 161 -0.060709578489504284
126 162 0.056784320792037962
126 163 0.025813218824854701
126 164 -0.018294430267858861
126 165 0.046852136917140026
126 166 0.026766461369163969
126 167 -0.0090840367549989143
126 168 -0.061255068375972076
126 169 -0.01055019198199237
126 170 0.041187804397816961
126 171 -0.028625990349788227
126 172 0.045749394124192197
126 173 -0.089806340509509308
126 174 0.096874139793207401
126 175 0.010263498743497993
126 176 0.029041760564494708
126 177 0.0051282836349575847
126 178 0.1095232030984413
126 179 -0.032485064649121438
126 180 0.0011442080887542545
126 181 -0.078105291865213672
126 182 -0.035158178016799817
126 183 -0.074040374587380511
126 184 -0.0051275173063599416
126 185 -0.02710248845524561
126 186 -0.025936805946579388
126 187 0.062851877489325178
126 188 -0.037366574146754088
126 189 0.11019068303050231
126 190 -0.16818780127097172
126 191 0.05346699539692857
126 192 -0.049135869114522696
126 193 -0.010869606721685002
126 194 0.041302291818096908
126 195 0.012256385359443128
126 196 0.12075153571935537
126 197 -0.0077043814829314619
126 198 -0.037651134812921733
126 199 -0.050878402178166041
127 128 -0.13755704492204032
127 129 -0.10293033252105049
127 130 -0.025380551553460584
127 131 0.07796203499350278
127 132 -0.13203234669511146
127 133 0.011037804349440704
127 134 -0.022070629882750447
127 135 0.15974242971047686
127 136 -0.020609804192310816
127 137 -0.058459227869011365
127 138 0.0073825192950116624
127 139 -0.021423744118413718
127 140 -0.02383772597712085
127 141 0.059954129383355162
127 142 0.05587676771528214
127 143 -0.02590595719988258
127 144 0.00088251750766915897
127 145 -0.10253554493113054
127 146 -0.00049156146096471329
127 147 -0.15012090615851731
127 148 0.071994678109552956
127 149 0.069705903857400831
127 150 0.0035560196165586285
127 151 -0.0047401390587553044
127 152 -0.026895689058682899
127 153 -0.11077522761066204
127 154 -0.11238180170718698
127 155 0.010609895317679507
127 156 -0.026982251170786658
127 157 -0.051840231695556835
127 158 -0.10664152720246527
127 159 -0.049027738151612342
127 160 -0.066634353880403813
127 161 0.090351046152882308
127 162 -0.054007427642756796
127 163 0.072509050028156649
127 164 0.10847543947920599
127 165 -0.0037303201383504839
127 166 0.030893691052330578
127 167 -0.05723300943572282
127 168 0.039832941807341725
127 169 -0.010107247845645805
127 170 -0.070976888753895115
127 171 -0.044321663824617684
127 172 0.048802985997016442
127 173 -0.097902034649204342
127 174 -0.047425053931365556
127 175 0.072498029928273255
127 176 0.14328111826776033
127 177 -0.0064378426097036669
127 178 -0.044600525048289728
127 179 0.2025113000554499
127 180 -0.12741900314787505
127 181 0.006804387689808164
127 182 -0.092806312158511275
127 183 0.053468949193242986
127 184 -0.080855092720000132
127 185 -0.012605113208143514
127 186 -0.18194598797244288
127 187 -0.084332464004408927
127 188 -0.029900142801600787
127 189 0.070217528464560072
127 190 0.14811807818491612
127 191 -0.037556117647551228
127 192 -0.0073221762867319243
127 193 -0.036531078958487451
127 194 -0.032976200283682484
127 195 0.01383379425673063
127 196 -0.16404311123920018
127 197 -0.04432039552307078
127 198 -0.064001698626685949
127 199 0.12768803872992671
128 129 0.16078485043696428
128 130 -0.013913239123404267
128 131 -0.024095377234600798
128 132 -0.042933616929538343
128 133 0.07362184271026595
128 134 -0.038374524697061832
128 135 -0.049980135175080299
128 136 -0.0109134925143282
128 137 0.0097916952023415771
128 138 0.081799214180756877
128 139 0.0054452304925464027
128 140 -0.073025570633222861
128 141 -0.033562369209382013
128 142 -0.053536466253046963
128 143 -0.018922893749115478
128 144 0.049260592770067592
128 145 -0.034819337739621765
128 146 0.11484805558931187
128 147 0.0063603847350837675
128 148 -0.18137435485096165
128 149 0.06398793656334445
128 150 -0.10852201104267799
128 151 -0.067356474718649709
128 152 0.032885865410435165
128 153 -0.059629742701123617
128 154 -0.027305317369631155
128 155 0.015666305240230261
128 156 -0.1631662741423662
128 157 0.0041403666862057046
128 158 -0.13276992328955203
128 159 -0.040600919424450856
128 160 -0.021386991855747502
128 161 0.05346094336572435
128 162 -0.059336898467810373
128 163 -0.03618515453812518
128 164 0.0091663251591894441
128 165 0.043549918705921252
128 166 0.02637772885403605
128 167 -0.035086714812142039
128 168 0.024490333282694818
128 169 -0.0074166811128753909
128 170 -0.096815953168218394
128 171 -0.012213687215235728
128 172 0.051307603021587433
128 173 -0.086773719320098391
128 174 0.12156778283478964
128 175 0.01564878559574414
128 176 -0.072209836124817392
128 177 -0.093253260984605971
128 178 -0.086666311847890462
128 179 0.031849135136019342
128 180 0.031229971778733902
128 181 -0.062569784626875485
128 182 0.11237238618398161
128 183 -0.083650339170520976
128 184 -0.019250610663284644
128 185 -0.050012847346076021
128 186 0.014089478322624627
128 187 -0.060385883560501029
128 188 -0.031757960182722866
128 189 -0.078754398202218356
128 190 0.20364009391222831
128 191 -0.08793009207265659
128 192 -0.048647609460424686
128 193 -0.012387284784877686
128 194 0.0097819021328524013
128 195 -0.040498721918061219
128 196 -0.093263383273327005
128 197 -0.15120479037210396
128 198 0.027989062564475652
128 199 0.043192115180443989
129 130 -0.023296447180055014
129 131 0.089446863485344558
129 132 -0.060675414636535425
129 133 0.071589227330947233
129 134 -0.0056915702591936856
129 135 0.028769061613896137
129 136 0.038156689231262864
129 137 0.091238577872638074
129 138 -0.11496603117256239
129 139 0.12501877803026087
129 140 0.073574787457323362
129 141 0.072905793451806811
129 142 0.037292496381949355
129 143 0.041576892384376014
129 144 -0.074337191742934822
129 145 -0.03538592041424099
129 146 -0.017245873988735547
129 147 -0.087381608706913111
129 148 0.01267441195973888
129 149 0.046440348104940722
129 150 -0.06524023331663753
129 151 -0.056735494715784554
129 152 0.071057982592685795
129 153 0.10287088944099788
129 154 0.030180324035590587
129 155 0.03505728710036158
129 156 -0.067115495697988151
129 157 0.10100800750455159
129 158 -0.022168409310916425
129 159 -0.0072202659244930238
129 160 0.001679589081829111
129 161 -0.093787631634302135
129 162 0.14054440444558214
129 163 0.0039903341524109683
129 164 0.067202356250183226
129 165 -0.022285770004444212
129 166 0.066695519103009748
129 167 0.020148111439039548
129 168 0.037615619087282948
129 169 0.12405177376788676
129 170 0.082965449226617374
129 171 -0.076258163477037413
129 172 -0.097406319187865714
129 173 -0.0090160225586279688
129 174 0.027075485981559646
129 175 -0.015811989815004323
129 176 -0.16695923364493276
129 177 0.0086688859466977023
129 178 0.088653490631619133
129 179 0.060961355032112724
129 180 0.1495288057568272
129 181 0.084833508224355286
129 182 -0.059594668111500777
129 183 -0.04027607003199641
129 184 -0.036744277637806674
129 185 0.12562093081798828
129 186 -0.095999005190255698
129 187 -0.085783591746859386
129 188 -0.064999782719138963
129 189 0.013551455426380853
129 190 0.012252249769584068
129 191 -0.0065828267308585065
129 192 0.018601478495288919
129 193 0.084011357507498982
129 194 -0.068388294068848998
129 195 -0.047062965716426354
129 196 0.14649734169707285
129 197 -0.057639337925320853
129 198 0.055494284474971921
129 199 0.048757160463322242
130 131 -0.088895792854750327
130 132 -0.042860134274902303
130 133 -0.040951859358424277
130 134 0.067869898881360274
130 135 0.053816311840767329
130 136 -0.058551968369041953
130 137 -0.1250902021446903
130 138 0.045271323787668565
130 139 0.02975443511672687
130 140 0.0028901380841459511
130 141 -0.0018096261001929416
130 142 0.082932730881353667
130 143 -0.052385597646510074
130 144 -0.07370867055663724
130 145 0.10983567382100809
130 146 -0.15127438131016391
130 147 -0.080150529210246457
130 148 0.051232912142955923
130 149 -0.1052316556172906
130 150 -0.031092450918724396
130 151 -0.21097685198679803
130 152 0.03717113376961069
130 153 -0.049397054325342547
130 154 -0.019808100816123941
130 155 0.062829556622478758
130 156 -0.063449867820567885
130 157 -0.10132439052134794
130 158 0.083895331809557036
130 159 0.022596515267876763
130 160 0.048899522206494059
130 161 -0.12288783009113745
130 162 -0.14247387396661509
130 163 0.026575774367518446
130 164 -0.036965883984115072
130 165 -0.11607107975169936
130 166 -0.034816841366304273
130 167 -0.017602775265819642
130 168 -0.016433448634299418
130 169 0.011679252299034371
130 170 0.04214512561939035
130 171 0.03731813325215854
130 172 -0.069983654099195491
130 173 0.085022975174564586
130 174 -0.11806973477523329
130 175 0.017507678090706674
130 176 -0.005189819232266463
130 177 -0.017771194896446778
130 178 -0.055552625445702435
130 179 -0.24368506633183268
130 180 -0.017694532025926989
130 181 -0.062148587079007438
130 182 -0.012567104645121804
130 183 0.22707890373653511
130 184 0.019357941532330156
130 185 0.036812575913969463
130 186 -0.011088683385563425
130 187 -0.0037407145171440646
130 188 -0.063461525939566679
130 189 -0.01300770687527643
130 190 0.19803283090624582
130 191 0.12312026107781748
130 192 0.08613990380066025
130 193 -0.045767497703036966
130 194 -0.035289322242268127
130 195 -0.043207048391067968
130 196 0.020263236156518739
130 197 -0.14363429799932839
130 198 0.212889016488641
130 199 -0.03641799942476287
131 132 0.034346892963405477
131 133 -0.058895734283356808
131 134 -0.1131707692878163
131 135 -0.072618044743589683
131 136 -0.06996525438711737
131 137 -0.067576148472584835
131 138 -0.063329085706963287
131 139 0.12825130669846835
131 140 0.089317498019331185
131 141 0.050319582123369885
131 142 0.018263254073178099
131 143 0.015422904508465538
131 144 -0.006861260381321903
131 145 -0.06515316662363034
131 146 0.079571144242031433
131 147 0.060315410092514919
131 148 -0.11728988739116589
131 149 -0.050728979099379602
131 150 0.026352834985785747
131 151 -0.1166723081384719
131 152 -0.084624606237108171
131 153 -0.013185130838705966
131 154 0.02293859943079923
131 155 -0.012654066555484379
131 156 0.11565590480041905
131 157 -0.020455610853132841
131 158 -0.059590891742504794
131 159 -0.015564594399275159
131 160 0.027445573928632172
131 161 -0.14598889891890163
131 162 0.062540123715279658
131 163 -0.079932578162047185
131 164 0.010919103601782987
131 165 0.045036269651291455
131 166 -0.0097822651292040503
131 167 0.027550411099234579
131 168 -0.080841979644336717
131 169 0.024169195189420872
131 170 0.00083904467636809353
131 171 -0.03117846274750382
131 172 -0.035821018820840746
131 173 -0.058541558875098126
131 174 0.011002972062343363
131 175 -0.057011366444821791
131 176 -0.011468954393456077
131 177 0.035502394992406018
131 178 -0.015347359977127394
131 179 -0.0041658330322772181
131 180 0.0063427455553194123
131 181 0.10173507476651661
131 182 0.0097586186841869555
131 183 0.074562826964775675
131 184 0.037530799839874431
131 185 0.033980410057544791
131 186 -0.0095267031746592533
131 187 0.047237340550272594
131 188 0.0028785418526136378
131 189 0.03490702812038543
131 190 0.023247383822391627
131 191 -0.077464867658475087
131 192 0.020159716942481264
131 193 -0.033473144606796228
131 194 -0.05354768138876425
131 195 -0.1603980840781663
131 196 -0.14919776936944762
131 197 -0.030052841760390137
131 198 0.02429725102792548
131 199 -0.017817892785892797
132 133 -0.019365808810415656
132 134 -0.040139303456750007
132 135 0.1240179349834192
132 136 -0.019485152610335173
132 137 0.0073519920626016581
132 138 0.084680929267117899
132 139 -0.073324652771685705
132 140 -0.064109750610851488
132 141 0.011562852432699351
132 142 -0.090825756305697891
132 143 0.049231935324769549
132 144 -0.016110867937773391
132 145 -0.071316974655974558
132 146 -0.057352363299174314
132 147 0.025663285223527225
132 148 0.16612890690784538
132 149 0.072899439763009694
132 150 -0.043423686697714979
132 151 0.015403137708829026
132 152 -0.13138925926334361
132 153 0.067873790316991658
132 154 -0.10335745213304237
132 155 0.055235850171115791
132 156 -0.018551725556517646
132 157 0.056504926673485521
132 158 0.049495014451572811
132 159 0.10983313476651199
132 160 0.037537238971725839
132 161 -0.055712702952414546
132 162 -0.02826044551122095
132 163 -0.0058507127030989732
132 164 -0.018746269974782768
132 165 0.069169148441867973
132 166 -0.091219305283436025
132 167 -0.085744673196165078
132 168 -0.14582374394471923
132 169 0.04559369101840554
132 170 0.0025013367289622728
132 171 0.080236252643787559
132 172 -0.030091077595671541
132 173 -0.0450214843216242
132 174 0.11306673548550028
132 175 0.030914304251927104
132 176 0.03330641136007105
132 177 0.12755819291904608
132 178 0.027722235840663439
132 179 0.078745343783156466
132 180 -0.098169666321499469
132 181 -0.086450883066379713
132 182 0.056803129306542133
132 183 0.049196520175290907
132 184 0.056730646538636062
132 185 0.0058021869863594438
132 186 0.12593573706874681
132 187 0.081762202494093231
132 188 0.024109186439332561
132 189 -0.021095079348506327
132 190 -0.042434044796508912
132 191 -0.12066685416931942
132 192 0.036192150779020764
132 193 0.017038602090806997
132 194 -0.06424385980312973
132 195 -0.020372624639538497
132 196 -0.043478599875909012
132 197 0.032397874019011487
132 198 0.027426499597920862
132 199 0.067623365958703385
133 134 -0.1054693902341227
133 135 -0.025531948941484243
133 136 -0.044165155105670401
133 137 -0.014229203239167784
133 138 0.0014600289491315764
133 139 -0.064344009673593203
133 140 0.02374291076080021
133 141 -0.066473001588288838
133 142 0.019341171193407166
133 143 0.059208537911263424
133 144 -0.10722382023972855
133 145 -0.036168067879090451
133 146 0.039072480778864056
133 147 -0.15789873808454621
133 148 0.097272731007937888
133 149 0.17691535192854807
133 150 -0.098498628306266753
133 151 0.064487644364719418
133 152 0.0040639814164016791
133 153 0.1539198772290038
133 154 -0.015782918850540888
133 155 0.11083677697336271
133 156 -0.056922714028116175
133 157 -0.10935179565508761
133 158 -0.053033550178542034
133 159 0.071008021972550975
133 160 -0.014255466434417417
133 161 0.061710520174062977
133 162 -0.068363094095656704
133 163 -0.018680584396864961
133 164 0.054308514529244088
133 165 0.030601204506189465
133 166 -0.058788368063756868
133 167 0.090979900329133542
133 168 -0.0042606580936954451
133 169 0.0757764762552285
133 170 -0.03447561940617061
133 171 -0.014290792554912146
133 172 -0.085236363018878047
133 173 -0.094904579466803737
133 174 0.13356546472271319
133 175 -0.048555416127139053
133 176 0.076603848876671835
133 177 0.025887425431686369
133 178 0.030894036413541381
133 179 0.015923796100641416
133 180 -0.034349889696385957
133 181 0.058051157618083528
133 182 0.067654088042166965
133 183 -0.015224406097948732
133 184 -0.020997802015013521
133 185 0.069781844336354065
133 186 0.068492303685633568
133 187 -0.019295560361014968
133 188 -0.032982684326645924
133 189 -0.035561301043357633
133 190 0.09999508453639161
133 191 0.08085611387200238
133 192 0.13246641473409024
133 193 0.047062627003107829
133 194 -0.01703310235128349
133 195 -0.045511338290677973
133 196 -0.098390929015728615
133 197 -0.0062904318596289479
133 198 -0.17677966825481187
133 199 -0.011261922177657315
134 135 0.067072558777278607
134 136 -0.045575525189203783
134 137 -0.03861827239805616
134 138 0.018818395878975124
134 139 0.080552870800895848
134 140 0.086540242615291724
134 141 -0.0016921089951368047
134 142 -0.064905445706751566
134 143 -0.18383808648666927
134 144 -0.023739307259220074
134 145 0.039517741497051694
134 146 -0.0089299448417274902
134 147 0.020099776981766005
134 148 -0.00077386308881946043
134 149 -0.058776396917538491
134 150 -0.022809328152619827
134 151 0.011354828223943261
134 152 -0.030892781628553759
134 153 -0.0089882657694438095
134 154 -0.020337086452111144
134 155 0.046055629971957869
134 156 0.1016851983335276
134 157 0.10293013943126671
134 158 -0.040152112699175457
134 159 -0.087860301349999156
134 160 -0.012453901786481274
134 161 -0.068863243224316154
134 162 0.063702884446056846
134 163 0.065910237062796029
134 164 0.071394783514262192
134 165 -0.0047965225953642918
134 166 -0.046304319270793072
134 167 0.09627070790691046
134 168 0.022587012514182138
134 169 0.03758145615309564
134 170 0.0682281741663191
134 171 -0.089747003134868719
134 172 0.02917138385086079
134 173 0.10039286395354585
134 174 -0.049068999144352393
134 175 -0.066343011728718343
134 176 0.055435789278213611
134 177 -0.090293901347893279
134 178 -0.018829215681682106
134 179 -0.045514035667613625
134 180 -0.077546806970312618
134 181 0.022432792840375224
134 182 -0.073276943401160755
134 183 -0.087705747596730319
134 184 0.045298951259305394
134 185 0.077668249280555338
134 186 0.042214778483618869
134 187 0.11496913013559028
134 188 0.045843988290792233
134 189 0.089361464293617118
134 190 0.099517444278380454
134 191 -0.080544506439617233
134 192 0.059572324207092846
134 193 0.079326756151772412
134 194 -0.0026203955544799378
134 195 0.014473419713362403
134 196 0.13768225035604323
134 197 -0.030638391549135859
134 198 -0.032267009562998168
134 199 0.09092259508623296
135 136 0.036662828250279063
135 137 0.034120440437712021
135 138 0.055733694566746532
135 139 -0.014656806257440196
135 140 0.048932244647072763
135 141 0.045101275232825429
135 142 -0.051368932484303929
135 143 -0.082556629996466055
135 144 0.070123228589541994
135 145 0.1069416535095674
135 146 -0.04667030519695356
135 147 -0.063901436941620871
135 148 -0.089223073022265259
135 149 -0.0021844964986053915
135 150 -0.11656683911232525
135 151 0.019250567858546116
135 152 -0.0067621234508298397
135 153 -0.038863447764000615
135 154 0.06764287702401936
135 155 -0.075071595412375763
135 156 0.019847975988168398
135 157 0.0052941707677155361
135 158 0.11927243491316346
135 159 -0.11213600864527092
135 160 -0.045850211453488963
135 161 0.00019677205741088806
135 162 -0.13829885796224126
135 163 0.11072631189595593
135 164 -0.01680255425404515
135 165 -0.10092820397801744
135 166 0.03348910939786709
135 167 -0.030106680849485267
135 168 -0.064903119572498183
135 169 0.052606930392253108
135 170 0.058620948835621307
135 171 0.082480227362832129
135 172 -0.067381143667896284
135 173 0.061015779273466866
135 174 -0.016423092455627598
135 175 -0.10712951191046365
135 176 0.084392434206920025
135 177 -0.069600443147600069
135 178 0.098307256104145563
135 179 -0.0017832005386398816
135 180 -0.018336236077801864
135 181 -0.012641511590317159
135 182 -0.04055028799832839
135 183 0.028209565568068275
135 184 0.007840296830644319
135 185 0.13262007462056211
135 186 0.073101022584286607
135 187 -0.010390939271068728
135 188 0.03612434872932644
135 189 -0.028284127246570329
135 190 -0.03588922012470859
135 191 0.020516680408594026
135 192 -0.038573868377085783
135 193 -0.039145867716923695
135 194 0.011474740357688303
135 195 -0.067875741434977044
135 196 0.087359320675174434
135 197 0.078891249926140217
135 198 0.0070391844926010723
135 199 0.080898085479644791
136 137 -0.10722693004889031
136 138 0.0013433353782157252
136 139 0.069459265461740902
136 140 0.048191753285282121
136 141 0.067288666261407448
136 142 -0.040791302477665062
136 143 0.078256823412383242
136 144 0.04509578049537856
136 145 0.13576150981614224
136 146 -0.017110978057967852
136 147 0.018136872826160493
136 148 -0.15191878677823153
136 149 0.11510835299726993
136 150 -0.044933799131994724
136 151 -0.0074122749904546896
136 152 0.017798100313174931
136 153 -0.045181353435779135
136 154 0.015345067737807029
136 155 0.068296159653625829
136 156 0.08772823404743757
136 157 -0.099333507507406174
136 158 0.0034983690866427193
136 159 0.0071394844203745986
136 160 0.036606163398526785
136 161 0.084508928941265798
136 162 0.0042969517330842108
136 163 -0.067354773780834501
136 164 -0.024526024390719717
136 165 -0.047376513130683306
136 166 0.030262888192366805
136 167 0.024683552306045145
136 168 0.078663449526138823
136 169 -0.065119675549645123
136 170 -0.043156102362627458
136 171 -0.070621672168476146
136 172 -0.077692625866910905
136 173 -0.06313460004341126
136 174 0.071348565103800332
136 175 -0.0029715380397447666
136 176 0.016616270213499366
136 177 0.046683491394497088
136 178 0.098157600994055419
136 179 0.15905408915299868
136 180 -0.0094404858945399198
136 181 0.057645562433247872
136 182 0.077513048305092522
136 183 -0.0151062342584634
136 184 -0.030272207886390373
136 185 0.12763701162254829
136 186 -0.062289677875863897
136 187 0.056475844365055539
136 188 -0.030557464468251232
136 189 0.16785038353229187
136 190 -0.097764683121537313
136 191 0.20781797810104777
136 192 -0.073973322156410642
136 193 0.074927084853828096
136 194 -0.076439786020759487
136 195 0.13416097473999997
136 196 -0.0036419315521301291
136 197 -0.21917022578654363
136 198 0.02059191112336933
136 199 0.025315628843302705
137 138 0.12359620252301078
137 139 0.018577943877963576
137 140 -0.049903293271493177
137 141 0.071890747871553376
137 142 -0.14537941332892546
137 143 -0.058063884291051755
137 144 0.0039822986692965995
137 145 0.14486237711698277
137 146 0.12139721297332608
137 147 0.095737716602419864
137 148 0.11279997309231478
137 149 -0.027742443777034189
137 150 -0.10226716693948538
137 151 -0.044184828511971655
137 152 -0.08843417717841344
137 153 0.055758327387242776
137 154 -0.21973981904204323
137 155 0.0016342914573743126
137 156 -0.095092461498870254
137 157 -0.0086151749973489185
137 158 0.084169332429987531
137 159 0.087739647225822642
137 160 -0.025737122613865591
137 161 0.077925295247652043
137 162 -0.044953474054628802
137 163 -0.04061553178484615
137 164 0.014321834526682242
137 165 0.056028942301832238
137 166 -0.029423314994685139
137 167 0.011168635499356164
137 168 -0.037310667938370984
137 169 -0.061057211074385914
137 170 0.10761452820901393
137 171 -0.034943318338747038
137 172 -0.10621778443294405
137 173 0.12621279110677799
137 174 -0.085722963473040481
137 175 -0.031709257978937193
137 176 -0.035238348402991122
137 177 0.16413870024957924
137 178 0.031360727798815505
137 179 -0.096824002328451134
137 180 0.0055412991773198675
137 181 -0.020880521841753878
137 182 0.012600136763129478
137 183 0.051139641330931414
137 184 -0.097507790682550152
137 185 0.13885034765239432
137 186 -0.083352039432478944
137 187 0.1601809309300721
137 188 0.046938006098515062
137 189 0.032628673266332058
137 190 -0.041995910721744245
137 191 -0.061374689359117225
137 192 -0.085314219067447725
137 193 0.030060008238845286
137 194 -0.048056859207318801
137 195 -0.0034476248894083172
137 196 0.037729995435865686
137 197 0.061900565023499575
137 198 0.083477129444043008
137 199 0.0361767045516425
138 139 -0.075689397780360587
138 140 -0.081031030187534603
138 141 -0.11936073160914513
138 142 0.014500907406901459
138 143 -0.08891595510380107
138 144 0.09523307713063088
138 145 -0.023639004016601069
138 146 0.068162729305873249
138 147 -0.065868199269755054
138 148 0.03070866113398673
138 149 -0.0038107563082077382
138 150 0.043928713845767915
138 151 0.081006989177882266
138 152 0.048083202917869584
138 153 0.138140541625797
138 154 -0.10740174700368044
138 155 -0.033106456327441955
138 156 0.036759995232277132
138 157 -0.024182346796915711
138 158 0.013177124505935608
138 159 0.040670191997485505
138 160 0.023618693696925611
138 161 0.053129581606307853
138 162 -0.11614471063441009
138 163 -0.030803856806707299
138 164 -0.10118788762908693
138 165 -0.070653831130358641
138 166 -0.08217013671442365
138 167 -0.040647126891204075
138 168 -0.032434703883042093
138 169 0.069052765924048368
138 170 -0.045028616679391141
138 171 0.01629760977822205
138 172 -0.016539370858070612
138 173 0.07808175332184504
138 174 -0.044206545530888063
138 175 -0.068930150374276508
138 176 -0.035104934524267987
138 177 -0.063571313700126836
138 178 0.02059409100197573
138 179 0.069506841411159259
138 180 9.2066557885363878e-05
138 181 -0.074897214368928322
138 182 -0.02459008156896593
138 183 -0.052406794925475952
138 184 -0.057905094805000223
138 185 0.019164032496391606
138 186 0.021080784861912717
138 187 -0.088295016786153993
138 188 -0.074827902693336848
138 189 -0.063195712201935691
138 190 -0.043434736235780258
138 191 0.098639859915937558
138 192 -0.05250327492745193
138 193 -0.014488480969977027
138 194 0.050602462092825075
138 195 0.098323190537415367
138 196 -0.027153406538602372
138 197 0.086448362357081532
138 198 0.091451653324849475
138 199 0.053597171605841515
139 140 -0.057679887855821038
139 141 -0.16525443363153181
139 142 -0.033780037247878453
139 143 0.1172231542618119
139 144 0.012960688764967091
139 145 0.05564181955999508
139 146 0.0083767299609605345
139 147 0.070956480027390384
139 148 -0.026559022057092482
139 149 0.11520396639292933
139 150 0.095472603690672689
139 151 -0.065953375465010927
139 152 0.011784002249672262
139 153 -0.066706631191508936
139 154 -0.081179513152313851
139 155 0.048360836273481873
139 156 -0.021389187607985038
139 157 -0.040916732097252204
139 158 0.070112095014518511
139 159 -0.055075684748122022
139 160 -0.034821069904937697
139 161 -0.018028940142136775
139 162 0.0013751262813764468
139 163 -0.048136167536669709
139 164 -0.10354959905224202
139 165 0.014034988753481055
139 166 -0.069392092337296901
139 167 -0.039476109547013992
139 168 -0.011048020984712774
139 169 -0.036003712609870023
139 170 -0.074264466650868804
139 171 -0.0014208659505798756
139 172 0.0017055844243763661
139 173 0.0072819923009039304
139 174 -0.013545968202718958
139 175 0.043812732868012405
139 176 0.0085675092531446173
139 177 -0.0070783489609433361
139 178 -0.059839233352083687
139 179 0.068510825417492011
139 180 -0.032046665802533417
139 181 0.072202450026613296
139 182 -0.13581536485499698
139 183 -0.032218642357962908
139 184 0.11249966081601279
139 185 0.19068920725975341
139 186 0.037448911051120505
139 187 0.0098150066087240202
139 188 0.039201434862929069
139 189 -0.039755917206434059
139 190 -0.060168192205219018
139 191 -0.049163326143062881
139 192 0.04780810216443656
139 193 0.044662450420517558
139 194 -0.13555027682646911
139 195 0.067157802453486265
139 196 0.077778862346162159
139 197 0.0058715165455707893
139 198 0.083378204109366152
139 199 0.02944985637037853
140 141 -0.073355314069908362
140 142 -0.024388647722760112
140 143 0.01607607589741631
140 144 -0.028626992456196671
140 145 -0.026445170749133981
140 146 0.011017563941474875
140 147 0.052770448238129306
140 148 0.0011935503951145741
140 149 -0.045250692871958674
140 150 -0.1042115726752065
140 151 -0.033046108630361511
140 152 -0.058290303648371643
140 153 -0.048792728336088949
140 154 -0.035817790527402922
140 155 -0.027620103295937341
140 156 0.024573666698841916
140 157 -0.0014095195649905152
140 158 0.0070038256422049056
140 159 -0.063717109040759903
140 160 -0.027456424205204649
140 161 0.073491819242725007
140 162 -0.0014336193166488462
140 163 -0.051411671840831299
140 164 0.015100323579165863
140 165 0.080568244555239879
140 166 0.076095213988867871
140 167 0.0059910394046421792
140 168 -0.12129395353460515
140 169 0.063826850521767967
140 170 -0.022321656551561573
140 171 -0.01627264786734077
140 172 0.13855894135649932
140 173 0.048897285278382281
140 174 -0.078548322941241921
140 175 -0.087984506637543175
140 176 0.072321584179862314
140 177 0.049991802327280378
140 178 0.014021331875500524
140 179 0.029769200645151705
140 180 -0.0038212464377477932
140 181 0.01240993868369627
140 182 -0.043590304090537275
140 183 0.060576416349144714
140 184 -0.024872801159979609
140 185 -0.035058163641185344
140 186 0.0014232720975781682
140 187 0.063680764551371727
140 188 0.031725074357391865
140 189 -0.027381697305275853
140 190 -0.098832109554137307
140 191 -0.094917929521319389
140 192 -0.0322854349884504
140 193 0.012005074528358148
140 194 0.0020469665276166022
140 195 -0.013119218790109789
140 196 0.074561053189711748
140 197 0.054700573543486883
140 198 0.056898309272235076
140 199 0.12482136867476712
141 142 -0.051146102695077821
141 143 -0.039461209234437862
141 144 0.06618279143882877
141 145 0.097038536513592358
141 146 -0.060298225050655248
141 147 -0.066457312143368266
141 148 -0.037880567519537764
141 149 0.012492164980767681
141 150 -0.00014307705032666051
141 151 0.086226754905818728
141 152 -0.054555215847802908
141 153 -0.066317602620626206
141 154 0.058738952668522179
141 155 0.023638558529387326
141 156 0.047024377459441859
141 157 0.055437960777034632
141 158 0.16523570016492267
141 159 0.08571645408207737
141 160 -0.075636844402879641
141 161 0.064927803990876776
141 162 -0.064615516259106512
141 163 0.035875017992492694
141 164 0.041531925790116372
141 165 -0.049055089480175236
141 166 0.0085223778033307416
141 167 0.021262846656362931
141 168 0.026797049894461543
141 169 0.11193869972410464
141 170 -0.0063190302173321711
141 171 -0.044995609060078094
141 172 0.018905909724988245
141 173 -0.029684334295274169
141 174 0.086905644063053664
141 175 0.20187446775909862
141 176 0.017328874324729213
141 177 0.06843497354377602
141 178 0.017795170298878952
141 179 -0.1027043219590385
141 180 0.076534193721585639
141 181 0.016280223227246381
141 182 -0.0029383635712003507
141 183 -0.0064164992166936448
141 184 0.066268321606717071
141 185 -0.13767352000480002
141 186 -0.16579525786391261
141 187 0.032572413421023287
141 188 0.016295309817054331
141 189 0.01520520145594138
141 190 -0.061610593856522684
141 191 0.00083399124132528231
141 192 0.0397703076905934
141 193 -0.011232568830050516
141 194 0.049362277621018094
141 195 -0.03552099938413486
141 196 -0.056262932895531872
141 197 0.16297693787173614
141 198 0.062963311519972337
141 199 0.0025436945876746273
142 143 -0.10200442974529406
142 144 0.010828074972162188
142 145 -0.050631420049434932
142 146 -0.09130192634924722
142 147 0.065760468602928099
142 148 -0.15661378655358321
142 149 0.06470165451977028
142 150 -0.13049374166313696
142 151 0.013064707866269511
142 152 -0.016645511733015428
142 153 0.10830703158910493
142 154 -0.018107128796587428
142 155 -0.050670830508181684
142 156 -0.021410146379246934
142 157 0.010084465046757271
142 158 0.095723666803450874
142 159 0.15040887172024908
142 160 -0.19046756696492367
142 161 -0.028954148218515573
142 162 0.12067745610621902
142 163 0.060003965058256913
142 164 0.016102103221078041
142 165 0.032588095424320757
142 166 -0.11072306512009297
142 167 0.034387729441954118
142 168 -0.018484410863377543
142 169 0.12849050897459868
142 170 -0.030995591886809472
142 171 0.036935137465589594
142 172 0.018759003917816864
142 173 0.095285108159772244
142 174 -0.0500296920919144
142 175 0.008911482242406862
142 176 0.077532906549691818
142 177 0.037570638799564571
142 178 0.043131258355283371
142 179 0.041793195834927091
142 180 0.10978653590006575
142 181 -0.14622263186786658
142 182 0.044841097233313046
142 183 0.0060992379940271605
142 184 0.017235265109994614
142 185 0.10190345667680997
142 186 0.14517114960129116
142 187 -0.091193459929554591
142 188 -0.0066783546318454493
142 189 -0.033205836405006385
142 190 -0.098681963626327585
142 191 0.15043413387043486
142 192 0.048193307224132502
142 193 0.013442749580500716
142 194 0.078656671235291215
142 195 -0.00032820345249757001
142 196 -0.11410764083028935
142 197 -0.12889355143051839
142 198 0.052527373466473903
142 199 0.048305118898854381
143 144 0.077101423110023395
143 145 -0.0023241451690556949
143 146 0.041693610292044721
143 147 -0.11360217290647866
143 148 0.068396182412209142
143 149 0.0085222445896615297
143 150 0.037727281474149256
143 151 -0.10192391851408611
143 152 0.074384733329543776
143 153 0.022886113192248002
143 154 0.087523095667145223
143 155 0.029774255966745728
143 156 -0.076378119077537956
143 157 0.025587524437852706
143 158 0.035053953362192254
143 159 0.11903780450632713
143 160 -0.030489316791390855
143 161 0.062071970806603906
143 162 -0.01697085929309243
143 163 -0.011817986609762795
143 164 -0.014056161814921496
143 165 0.03551064323142232
143 166 -0.091828087312563644
143 167 -0.037157086454539433
143 168 0.084133482214949679
143 169 -0.060577251652805454
143 170 0.15545671944050843
143 171 -0.0082811769177479604
143 172 -0.012439440896402651
143 173 -0.021939281659828395
143 174 0.10644979277447185
143 175 -0.037139537954288399
143 176 0.023423017354999329
143 177 0.0090870562916702691
143 178 -0.025581531043525327
143 179 -0.03319181229159586
143 180 0.029353918390348135
143 181 0.12295516748229331
143 182 -0.028832127726643387
143 183 0.023249275494205825
143 184 0.054382223091899863
143 185 0.065990092723420199
143 186 -0.045132106240707272
143 187 0.090919772845976105
143 188 0.093963350583265853
143 189 0.0053511354651470276
143 190 -0.063102084724817764
143 191 -0.0085599060215306132
143 192 -0.038657654690321057
143 193 -0.15549565451105318
143 194 0.080996897688228472
143 195 0.053481355973507137
143 196 -0.072442886000013973
143 197 0.022870422954923041
143 198 0.063193349539926613
143 199 0.01188945198796734
144 145 -0.074421134370240796
144 146 -0.090000479149732415
144 147 0.070231385455091097
144 148 0.024857259261504675
144 149 -0.066783978034078983
144 150 -0.017787386576413388
144 151 0.045008015338802318
144 152 -0.0058881267641193091
144 153 -0.082073747644791584
144 154 -0.0060039503096654661
144 155 0.026919590898647223
144 156 -0.080849814989241181
144 157 0.020427279321536092
144 158 -0.024009346626920922
144 159 0.12920101598917058
144 160 -0.055317282775887266
144 161 -0.070599482439322458
144 162 0.0096191303541873115
144 163 -0.088371472799559064
144 164 -0.0044979507544204832
144 165 -0.019020939478145916
144 166 0.040481508288520922
144 167 -0.062398586074854233
144 168 0.013597705018748438
144 169 -0.047712638308935552
144 170 -0.087693337886478581
144 171 -0.03595186631915178
144 172 0.033070356639464289
144 173 -0.034978485826638032
144 174 0.029570279275645282
144 175 0.020576592318843775
144 176 0.088137923698904261
144 177 0.0099877361434803982
144 178 -0.037889264528423325
144 179 -0.13262498652850144
144 180 0.00058442904563028527
144 181 -0.0092132972736066465
144 182 -0.13457895485102303
144 183 0.019947384068648048
144 184 0.01429928935205426
144 185 -0.051160845573581616
144 186 0.057327839939193229
144 187 0.054753077140623822
144 188 -0.0028170660098680036
144 189 0.056750771440118759
144 190 0.038860046919162568
144 191 -0.084876283224227536
144 192 -0.10566035963976531
144 193 -0.066445259434085038
144 194 0.098036823851349028
144 195 0.13041182782719002
144 196 -0.13539471899246103
144 197 0.10765368604707713
144 198 -0.090531251814409117
144 199 0.056858282265778722
145 146 0.075314519529411358
145 147 0.019635561742128403
145 148 0.013268866451574631
145 149 0.10348772759776287
145 150 -0.093802925427798778
145 151 0.076171939509917824
145 152 0.12521551512272147
145 153 0.056743442005170334
145 154 0.025823936999951082
145 155 -0.01095862206610034
145 156 -0.051903727572138451
145 157 0.026972171638101852
145 158 0.060388340077339689
145 159 -0.0052857065331502326
145 160 -0.050674075104062327
145 161 -0.024518885850188969
145 162 0.036680543989656936
145 163 0.16236536937036167
145 164 -0.064041970799940978
145 165 -0.034538493199313854
145 166 0.071769163511826772
145 167 0.066545725991629417
145 168 -0.016897491048562245
145 169 0.025970068314615929
145 170 -0.0089915940881198243
145 171 0.053675550219655511
145 172 -0.027447296478847943
145 173 0.049922732945990318
145 174 -0.11727318159763106
145 175 -0.055774463482845003
145 176 -0.0060924205560717081
145 177 0.078672637286164498
145 178 0.027156429510394781
145 179 -0.017821290793222703
145 180 -0.006357599701811603
145 181 0.017609280887297549
145 182 -0.042642087167809581
145 183 -0.053291439250747787
145 184 -0.12866255494104079
145 185 0.090741306867157756
145 186 -0.12198260735265509
145 187 -0.057024406828696736
145 188 0.043871774862876911
145 189 -0.077335105520329503
145 190 0.082024467143274743
145 191 -0.083852113739200249
145 192 -0.10336043570019576
145 193 -0.067781515628697955
145 194 -0.0049154104405075586
145 195 0.027615456596027269
145 196 0.074739648966798342
145 197 -0.1177687668670708
145 198 -0.025847312266310658
145 199 0.082036971874242443
146 147 0.049944686215952099
146 148 0.037044700745935064
146 149 0.040154297273280334
146 150 0.05003003114962843
146 151 0.11625353818409645
146 152 0.12693508865995692
146 153 0.059066970458373169
146 154 -0.038635007059542856
146 155 -0.0055855032550768957
146 156 -0.02752769970038689
146 157 0.079133407780585141
146 158 -0.017629614555784268
146 159 -0.071356416815484797
146 160 0.058468241411442051
146 161 -0.018553826357008474
146 162 -0.076820364357892468
146 163 0.02723078062646735
146 164 -0.011000724921470749
146 165 -0.073397132189960038
146 166 0.025067318504539568
146 167 0.036498898469105201
146 168 0.055948457964316717
146 169 0.14290091183288625
146 170 0.032526028330030508
146 171 0.046468395377075075
146 172 -0.083263680676353383
146 173 0.079719058834696307
146 174 0.034517894440804615
146 175 -0.031113692044496672
146 176 0.10595133361652545
146 177 -0.016621434577261271
146 178 0.13898528956924838
146 179 0.019404320386899345
146 180 -0.01236325163572078
146 181 0.025998824801582717
146 182 -0.063810151991055108
146 183 0.14103524294680339
146 184 0.056643201396164591
146 185 0.011181414828777726
146 186 -0.023284056777691461
146 187 -0.060662453450167894
146 188 0.19031996042615518
146 189 0.010197850427431798
146 190 0.016203959480274536
146 191 -0.08228981354714543
146 192 0.17493267206800214
146 193 0.070403094092836335
146 194 0.033079872909645584
146 195 0.032890878142801457
146 196 0.13807247140212875
146 197 0.012709145839961036
146 198 0.054417277560664265
146 199 -0.13002826710260673
147 148 -0.080572844198540119
147 149 0.070293443423594532
147 150 -0.081565748768921614
147 151 -0.10622856159899126
147 152 -0.07226769549087253
147 153 0.1414002897650356
147 154 0.064041686980081128
147 155 -0.020950511128228589
147 156 0.059421067176551629
147 157 0.067744219501226277
147 158 0.03855911270242076
147 159 -0.029430436967316613
147 160 0.072572800370295662
147 161 0.024381311361993056
147 162 0.051069834192940679
147 163 0.024019621113724667
147 164 0.06311725321663203
147 165 -0.0088676069987811534
147 166 0.055299145627448199
147 167 -0.14464084239232231
147 168 0.0041301812767265628
147 169 0.12907266170989715
147 170 -0.060365190028762658
147 171 -0.021800636571289483
147 172 -0.034978320669019007
147 173 -0.050245605293492042
147 174 -0.025054573024074288
147 175 -0.069279360991813074
147 176 -0.038506946276470576
147 177 -0.030806889653227091
147 178 0.00091870615052456453
147 179 -0.03696456089808077
147 180 -0.072407843483564507
147 181 -0.10637982419062154
147 182 0.023074460256851961
147 183 0.10942860150286116
147 184 0.0061580796550006834
147 185 -0.079032860674851033
147 186 0.032432653295065589
147 187 -0.00026890880993796413
147 188 0.033447057172815098
147 189 -0.027674765433549849
147 190 0.0034490996434712973
147 191 -0.096857956422175179
147 192 -0.034446203086382098
147 193 0.03231968647305862
147 194 0.0031271260453847845
147 195 0.1274589633824656
147 196 0.015359836053854135
147 197 0.027730324278947231
147 198 0.099112468500639164
147 199 0.00097904586533682173
148 149 -0.15807839015148062
148 150 0.0013404796003399129
148 151 -0.048566726545932616
148 152 -0.027816074809957174
148 153 -0.0936670279047912
148 154 -0.083086142127353546
148 155 0.0053856423911012108
148 156 -0.10745411859652927
148 157 0.071074228239124876
148 158 0.0068621383996495672
148 159 -0.01514996769315498
148 160 -0.065159760133499972
148 161 0.099450209520413585
148 162 -0.029219276521717838
148 163 -0.21111593055347302
148 164 -0.10273894878807405
148 165 -0.022136309339974396
148 166 0.029144322719746273
148 167 -0.033255618278159094
148 168 0.019368947969017392
148 169 0.073029719734906337
148 170 -0.14110641487200073
148 171 0.030488294262851701
148 172 0.11433704262405267
148 173 0.08047449953828012
148 174 0.023443787205487499
148 175 0.020087473147089901
148 176 0.029580342461897231
148 177 0.045408629463217422
148 178 -0.0021081015458193045
148 179 0.067197501331361723
148 180 0.056931794397610189
148 181 0.02703712220342195
148 182 0.01291474432537308
148 183 -0.022828569835587186
148 184 0.0583798679657027
148 185 -0.019346836196170808
148 186 0.0026314093919048557
148 187 -0.02134528407205661
148 188 0.082432645486178402
148 189 0.03892756821168275
148 190 -0.1039994194552466
148 191 -0.012506957950212449
148 192 -0.0088347948780660157
148 193 -0.01151774621370321
148 194 0.028385139247033331
148 195 0.025641027526925843
148 196 0.0095264252787222482
148 197 -0.022568846788745364
148 198 0.051438516921905646
148 199 -0.054634700964937895
149 150 0.069771888179182659
149 151 0.0014010160251581995
149 152 -0.0077470064472530123
149 153 0.0061628389068610137
149 154 0.049311289931409298
149 155 -0.10767047914896931
149 156 0.0079076414999158292
149 157 -0.014611063678028608
149 158 -0.0084826560223842679
149 159 0.016454779351714698
149 160 0.052065766517851345
149 161 -0.059760019279060987
149 162 -0.037245214340316114
149 163 0.021401544695758452
149 164 0.14802872393273606
149 165 0.016470187797447876
149 166 0.0078580773607405587
149 167 -0.042907048227468485
149 168 -0.093274042304851867
149 169 0.060232506596157434
149 170 -0.078954642002072833
149 171 0.027141187145594152
149 172 -0.0075902559401334049
149 173 0.033975797010386791
149 174 0.15758654426275159
149 175 0.021318782536776763
149 176 -0.025000126418691676
149 177 0.031715388485003687
149 178 0.019086255983696218
149 179 0.035194613036786025
149 180 -0.047308044902881409
149 181 -0.022423391740448023
149 182 0.082800658087471279
149 183 -0.048932172650062764
149 184 -0.018814813049775378
149 185 -0.079928038000745383
149 186 0.018120195862836166
149 187 0.15027719064316672
149 188 0.014569113440033348
149 189 -0.080574802344970359
149 190 -0.016015089837663303
149 191 -0.034941826213221776
149 192 -0.046724703235392552
149 193 0.016850957945794796
149 194 0.022136008879454556
149 195 0.04865370473817255
149 196 -0.1266240551202171
149 197 -0.013881257770817652
149 198 0.023758201014658479
149 199 -0.033411848498358737
150 151 0.011926081469650003
150 152 0.098543676937355537
150 153 0.10047101630011857
150 154 0.063760200796834116
150 155 0.12710652169381384
150 156 0.0020209390199785989
150 157 0.039594993423495817
150 158 -0.015110808650236302
150 159 0.026542468620877981
150 160 0.065528254703543426
150 161 -0.1363381428261761
150 162 -0.03852156904548551
150 163 0.074520015072505497
150 164 0.074374035411777867
150 165 0.044317776646228747
150 166 0.04142868358762275
150 167 0.023199406751421365
150 168 -0.050710950990412978
150 169 -0.024010925900533161
150 170 -0.041557423310950088
150 171 0.17247776330934031
150 172 0.092985264465256387
150 173 0.02715594953785587
150 174 -0.01584909985480833
150 175 -0.075612307028861958
150 176 -0.042473556648895537
150 177 -0.0046789037460103619
150 178 -0.076421249815703446
150 179 -0.10390183947516764
150 180 0.0061915734521343141
150 181 -0.015112497823511907
150 182 0.031219617301780495
150 183 0.11867122237998992
150 184 0.013993860841273156
150 185 0.080218014639996588
150 186 0.0081301972506521401
150 187 -0.077489621306722281
150 188 -0.021250220709361164
150 189 -0.1538923137022018
150 190 0.10962248716358945
150 191 -0.0035972466336879638
150 192 0.042951746531635415
150 193 0.13167510209088973
150 194 0.048249636302467896
150 195 -0.061782040588020552
150 196 0.087676911674190394
150 197 0.050862290665193398
150 198 -0.019441129925872085
150 199 -0.073702129602975744
151 152 -0.032152101664114571
151 153 -0.12427062375089652
151 154 -0.062623730580168291
151 155 0.010725653322794036
151 156 0.053769247274109332
151 157 0.086158824154848837
151 158 0.019095287482192486
151 159 -0.014961778465899174
151 160 -0.084439604587354597
151 161 0.016469288827652841
151 162 -0.022923432113886838
151 163 -0.075929728786178208
151 164 -0.12800522911758555
151 165 0.026955589617181825
151 166 -0.068011391902678561
151 167 0.036623852114652626
151 168 -0.12219412197786374
151 169 0.018920887671342618
151 170 0.17419140281478443
151 171 -0.093621858859105594
151 172 -0.0088105950828208136
151 173 -0.1430393217989806
151 174 -0.13755922487961381
151 175 -0.023254523063986978
151 176 0.066707764940650977
151 177 -0.060636526219680131
151 178 -0.047491948728512645
151 179 0.0087867413586672008
151 180 0.13791410751430175
151 181 0.035657573412693065
151 182 -0.090097715323063085
151 183 0.17293967421036585
151 184 -0.16154012802913328
151 185 0.009182755063835599
151 186 -0.051585450195313999
151 187 -0.016648906333719758
151 188 0.10978636284040555
151 189 -0.037635238691257109
151 190 -0.065409139738195579
151 191 -0.068493956584099958
151 192 0.066867615954677675
151 193 0.024250383697705144
151 194 0.014912356790185587
151 195 0.036284403939968818
151 196 0.057316978984535617
151 197 -0.074351113667687277
151 198 -0.14458369517305517
151 199 0.020110475626501818
152 153 0.046933844278616917
152 154 0.02677371879001951
152 155 -0.036058882974421849
152 156 0.022951344051292445
152 157 -0.015176622084626135
152 158 0.023226539576028233
152 159 -0.23186884241527722
152 160 -0.041603620728599883
152 161 0.016938720651837925
152 162 0.013822243036310963
152 163 0.011930471309684641
152 164 0.036779143207584755
152 165 -0.11542609592070767
152 166 0.10234519048002452
152 167 -0.13851959935268074
152 168 -0.041849554116464002
152 169 -0.012119507719670398
152 170 0.00087819822239652671
152 171 -0.1034384351950607
152 172 0.11092798222490642
152 173 0.085905830201638972
152 174 0.0040119541363422915
152 175 0.042801272554075481
152 176 0.075760660383334719
152 177 -0.10745154356980995
152 178 0.12667995785073738
152 179 -0.002156032549483218
152 180 0.0051105551990972232
152 181 0.056220413533559187
152 182 0.0065010068847459598
152 183 -0.039008828449496567
152 184 -0.025974220837815819
152 185 -0.10519295448477523
152 186 0.082569270001458944
152 187 -0.015453980148705977
152 188 0.019880992325495863
152 189 0.012592137847529777
152 190 -0.040534552394424668
152 191 -0.009520438253312646
152 192 -0.052245236553448204
152 193 -0.10864651421698791
152 194 0.063997574525226128
152 195 0.003935748932023005
152 196 0.076968216600801595
152 197 0.062911933752210603
152 198 -0.07262277789227721
152 199 0.027035424617063583
153 154 -0.0088575091908366238
153 155 0.0098047264001690452
153 156 0.050538186748426021
153 157 0.026982563905188432
153 158 -0.013250822368865864
153 159 0.10374623192067894
153 160 0.057193537664212396
153 161 -0.0048329079048470011
153 162 0.12889754153698929
153 163 0.031084361229620217
153 164 0.042872685400464156
153 165 -0.020742069262134469
153 166 -0.029319566755435785
153 167 -0.0042906159253180594
153 168 0.10121094653647689
153 169 -0.0083890575425198694
153 170 -0.12607768868392141
153 171 -0.050995853411082669
153 172 0.091754100428430144
153 173 0.068888277392969627
153 174 -0.080740383706757832
153 175 0.1286758687352629
153 176 0.016239927638842602
153 177 -0.05979147728066244
153 178 -0.082944011379465346
153 179 0.031769715346539162
153 180 0.082882364217984034
153 181 -0.11049832117999349
153 182 -0.029158686153322694
153 183 0.12313866476732266
153 184 0.038166837547207018
153 185 0.083799073847515088
153 186 -0.034574760378025114
153 187 0.098896580557736188
153 188 -0.02922821822282563
153 189 0.045853071189209511
153 190 -0.057343314858144374
153 191 0.01491948770288525
153 192 0.067543664822833402
153 193 -0.1060960974812659
153 194 -0.039606119156227346
153 195 -0.024108414218222234
153 196 -0.05268538182258533
153 197 -0.058059407251110438
153 198 0.046345082215044998
153 199 -0.047520978919213752
154 155 -0.035205661505617498
154 156 0.040890457020388869
154 157 0.005034143099347738
154 158 -0.059494530790023335
154 159 -0.0088483043810513237
154 160 -0.040291005521653024
154 161 -0.033145431613640641
154 162 -0.13109640348010801
154 163 -0.013035640166688447
154 164 -0.061633138040210006
154 165 0.10316217590208629
154 166 0.017982486357054916
154 167 -0.0043294385056907008
154 168 -0.13199840397320067
154 169 -0.0070444513602038079
154 170 -0.0021534120309128582
154 171 0.049578166111304868
154 172 0.087665712116495084
154 173 0.039385775412706908
154 174 0.040269873223231265
154 175 -0.023518922945256922
154 176 -0.16398727582262834
154 177 -0.00080843313329467662
154 178 0.04862217416864676
154 179 -0.024450478390023893
154 180 0.03263834949365961
154 181 -0.10859815208973117
154 182 0.045798584844903449
154 183 0.016134410693495756
154 184 0.14283048254922412
154 185 0.01998431532884928
154 186 -0.10393883816898206
154 187 -0.011317673857888563
154 188 0.0044304691729208879
154 189 -0.077269218917329519
154 190 -0.025542900354150761
154 191 0.092442357754712184
154 192 -0.076449909253340581
154 193 0.1208905563533767
154 194 0.0046270031828723138
154 195 -0.0039400603015986623
154 196 -0.04240892755414382
154 197 0.0074439990268056191
154 198 0.0031536371330903399
154 199 0.043092106895493081
155 156 -0.1198409283157745
155 157 -0.047567059627277593
155 158 -0.035218225905569514
155 159 0.008586837403558251
155 160 0.15859939778626039
155 161 -0.055986835439472658
155 162 0.020854267911566388
155 163 0.027009132029422962
155 164 -0.082565023616842578
155 165 0.065096989925766721
155 166 -0.040511418124973581
155 167 -0.041132244970535248
155 168 0.069401099681384276
155 169 0.02755131843546621
155 170 -0.026502406568747548
155 171 -0.024856465369587272
155 172 0.13282315574921807
155 173 -0.058160984395462439
155 174 0.084978999833231678
155 175 -0.11081228745175832
155 176 -0.018523892276179715
155 177 0.043728031874851095
155 178 0.10808121915409238
155 179 -0.0029159800659469275
155 180 0.037506263151590238
155 181 -0.052077527741529378
155 182 -0.020791352097116966
155 183 -0.023550390172955168
155 184 0.076358156050468112
155 185 -0.030248189642596391
155 186 -0.025859633034184402
155 187 0.036147861655923014
155 188 0.01689646947750344
155 189 0.060703867958531138
155 190 0.059441701066446244
155 191 -0.079694426594980688
155 192 -0.019318390479827911
155 193 0.077976187421831877
155 194 0.028186863472285335
155 195 0.054144636737393843
155 196 -0.070524102034103656
155 197 -0.073314922905827556
155 198 0.10170107337383626
155 199 -0.12417633696285729
156 157 -0.11650156559305398
156 158 -0.10265230345216682
156 159 0.048200318249463893
156 160 0.12254072183529574
156 161 -0.0056342429770394565
156 162 -0.090912049560062852
156 163 0.066752258137249179
156 164 0.082148113817063134
156 165 0.14284214579846671
156 166 -0.068006542674295012
156 167 -0.085265357720041193
156 168 -0.070503611281586012
156 169 0.066584947389208074
156 170 -0.01360509305411289
156 171 -0.0792605155483153
156 172 -0.10653264865680089
156 173 -0.037384603099657535
156 174 0.068665688455390894
156 175 -0.19262376048687932
156 176 0.021197189921368671
156 177 0.0059646123235766743
156 178 0.073850897545244432
156 179 0.14001644436405997
156 180 -0.038921782208824841
156 181 0.12364091574278863
156 182 0.10021858903879548
156 183 0.059666037407129717
156 184 -0.088166492212238656
156 185 -0.017207823130196715
156 186 0.13393413774577076
156 187 -0.079527519911014408
156 188 0.070982015611930002
156 189 0.06955390270542619
156 190 0.01575543054643087
156 191 -0.14072602742729654
156 192 -0.10713036689015978
156 193 0.028186440597255655
156 194 -0.0029089788772528485
156 195 -0.11893494445007556
156 196 -0.0041835900176880048
156 197 -0.010535230204533353
156 198 0.010201834457983035
156 199 0.1342064394272133
157 158 0.0030713064307923512
157 159 -0.010848830680318861
157 160 -0.0039778947057361146
157 161 -0.045055518098525052
157 162 -0.0067096619972658493
157 163 0.046155822637575908
157 164 -0.080088135939850369
157 165 -0.081523148960292918
157 166 -0.059059039518323295
157 167 -0.092946175597610342
157 168 0.029733614219019343
157 169 -0.0354929647986887
157 170 -0.028005845193198185
157 171 0.026505360543164345
157 172 0.10293650544601966
157 173 -0.013447790726137441
157 174 -0.014975719720923385
157 175 0.022105930079336634
157 176 -0.050037133910601127
157 177 0.002984456704049556
157 178 -0.12523879586430287
157 179 0.20228628082070246
157 180 -0.036712338227929311
157 181 0.0015254929836238207
157 182 0.0080754262923665963
157 183 0.12626701237794891
157 184 0.056714474621753636
157 185 -0.063876777717383579
157 186 0.030161103079092672
157 187 -0.051915468035645382
157 188 0.023950114971537585
157 189 0.047839916195442832
157 190 -0.01495151049540009
157 191 -0.067514188870153369
157 192 0.075417610744596769
157 193 -0.073199878105502394
157 194 0.036117203427084209
157 195 0.067221066992455253
157 196 0.010523497807952573
157 197 0.057847064128950215
157 198 -0.020276085380476445
157 199 0.1077863167401653
158 159 -0.017929846652188559
158 160 -0.083041270507978965
158 161 -0.090291441979799533
158 162 -0.042930965416357901
158 163 -0.063006392490667723
158 164 -0.071173710013338456
158 165 0.015380908224782814
158 166 -0.03395996073612282
158 167 0.021587798211502196
158 168 -0.20150492808553083
158 169 -0.095682777180072828
158 170 0.10594191648317894
158 171 0.11093380651596446
158 172 0.011802660557227002
158 173 -0.16819571869026437
158 174 0.01431308767061786
158 175 0.024965360940767824
158 176 0.068718326742106289
158 177 0.15075920190766048
158 178 0.033525050218618298
158 179 -0.001806568195309512
158 180 -0.011904754058902161
158 181 -0.048951268528511643
158 182 -0.063419828033433753
158 183 0.15243493457807994
158 184 -0.028593555529706868
158 185 -0.02294042947284838
158 186 -0.093296426075821101
158 187 0.0071198155407837379
158 188 -0.06361605024753364
158 189 -0.092494883922400545
158 190 -0.022504065986620178
158 191 0.050662754011141703
158 192 0.0043682405075407696
158 193 -0.035186697376846515
158 194 -0.10020994365677069
158 195 -0.053140842612018457
158 196 0.1397833658896768
158 197 0.14139505291850027
158 198 -0.011055251384135401
158 199 0.092187886761613463
159 160 -0.12100191960763169
159 161 0.070904104957812894
159 162 -0.045907877231002661
159 163 -0.037457152360319733
159 164 0.051460347377540266
159 165 -0.069017776430288086
159 166 -0.026621272063918271
159 167 0.05937488447974882
159 168 0.13167528641507903
159 169 -0.039315107263712651
159 170 0.035836112993913746
159 171 -0.0004149258645324103
159 172 0.039283383175056273
159 173 0.060670448894650675
159 174 0.073794641778098691
159 175 -0.12270116457909507
159 176 0.17489497257705602
159 177 -0.041855742424027446
159 178 0.021705411691082248
159 179 -0.012012066050458979
159 180 -0.043226375992006127
159 181 -0.10498040871821093
159 182 0.04141261862897249
159 183 0.069677681623283999
159 184 -0.060777805300788801
159 185 0.0025985413190702049
159 186 0.061029631526406336
159 187 -0.063291539986039508
159 188 -0.0071510685252472268
159 189 -0.15281244565884175
159 190 -0.12682444293274656
159 191 0.076423047666711014
159 192 -0.035358909574864858
159 193 -0.026785847386979894
159 194 -0.029460049574096848
159 195 0.12495474221603523
159 196 -0.059269126559605485
159 197 0.011521736498000788
159 198 -0.027451140486553748
159 199 0.011542228391500963
160 161 -0.062091145137160929
160 162 0.072421659417965287
160 163 0.0031864839462376416
160 164 0.13019546818287364
160 165 -0.11599369914872085
160 166 -0.035362002713638117
160 167 -0.01195473933605036
160 168 -0.043870660031030899
160 169 0.060807467494458194
160 170 0.061891709393638368
160 171 -0.038811660395788039
160 172 -0.016184068241367897
160 173 0.065136974480615562
160 174 -0.019537780381701165
160 175 0.076089912778999555
160 176 -0.096309768485670161
160 177 -0.026696556509698186
160 178 0.042651328710348699
160 179 0.11155097235036562
160 180 -0.063503996152383196
160 181 -0.10216671185251214
160 182 0.02227404546085858
160 183 0.076616193345348652
160 184 0.047544858224036632
160 185 0.01606681730738057
160 186 -0.062160666331335553
160 187 -0.0084182667706145294
160 188 -0.067671540237220051
160 189 -0.032086866331106856
160 190 0.091950430343610542
160 191 -0.096856846396277424
160 192 0.0076386604871530516
160 193 -0.031640430589312131
160 194 -0.022051391555119648
160 195 -0.0057436256963289672
160 196 -0.07849970780500598
160 197 -0.032462293495496487
160 198 -0.020267296957884214
160 199 0.16580937825306372
161 162 0.034224947254749692
161 163 0.072307480062697521
161 164 0.11903051046535552
161 165 -0.048497704989851044
161 166 0.02647877405568887
161 167 0.041081507936273007
161 168 0.021657573254632325
161 169 0.050539418019948192
161 170 0.017188614260192803
161 171 -0.20170333584458222
161 172 0.0073783938344104726
161 173 -0.060833400997528063
161 174 0.00075076701904162456
161 175 -0.069757080509570663
161 176 0.1264988262039804
161 177 0.0358124864784191
161 178 0.11709764058389235
161 179 0.050734534671443482
161 180 0.031605674166791865
161 181 -0.050395998834055419
161 182 0.039953326737638115
161 183 -0.063839572044150444
161 184 0.055932008271152966
161 185 0.025814923076129932
161 186 0.15102720688138838
161 187 0.055796130390456389
161 188 -0.10196244088827687
161 189 -0.043520958578229435
161 190 0.066241932755695163
161 191 0.018959523164031971
161 192 0.066646657272491638
161 193 0.062225469423586713
161 194 0.010623910841425499
161 195 0.054359891143851584
161 196 -0.10289691749544475
161 197 -0.0065342667449317408
161 198 -0.075001366725670454
161 199 0.011733034304172225
162 163 -0.052374595083030315
162 164 -0.051268579947646116
162 165 -0.0099784725890855411
162 166 -0.041689156069795515
162 167 0.037578227249341574
162 168 0.10496742474191635
162 169 0.10206386257759595
162 170 0.10364842679975642
162 171 -0.070789650663289669
162 172 -0.061129988514325585
162 173 -0.028479792272518276
162 174 -0.006842888598440653
162 175 -0.021227054516632069
162 176 0.0022273399385856138
162 177 -0.1552252708055189
162 178 -0.083219772285548221
162 179 -0.038325002586170068
162 180 0.077043844474586648
162 181 0.021400697012002097
162 182 -0.15244026046478237
162 183 0.034040526641540489
162 184 0.12430416918126681
162 185 0.10212933306839603
162 186 0.12585734507961924
162 187 0.054982968413631324
162 188 -0.075853709171223485
162 189 -0.081149790026951024
162 190 -0.082732099309161644
162 191 -0.060330290986446697
162 192 -0.11945898413168268
162 193 -0.05411590943408269
162 194 -0.065087497783535606
162 195 -0.042385355854529294
162 196 0.045017647024942695
162 197 -0.084871990387393487
162 198 0.090543896191681406
162 199 0.01145107955044818
163 164 -0.0027857481981645076
163 165 -0.066527903600975866
163 166 0.098175526484036088
163 167 -0.11455849344091379
163 168 0.045351005568503862
163 169 0.10301034874836613
163 170 -0.05001511376191025
163 171 0.043583034964495886
163 172 -0.037707132558453954
163 173 -0.12571690014024869
163 174 0.025181835112685354
163 175 -0.034451473682751824
163 176 -0.15118056189639847
163 177 0.057570412768241451
163 178 -0.020550935875319459
163 179 0.002101196850210181
163 180 0.093760434332790521
163 181 -0.11002779474005447
163 182 -0.047787602559266465
163 183 -0.066495792398418005
163 184 0.087157355901242947
163 185 -0.022312706827701142
163 186 -0.10824247221710828
163 187 -0.0070701303821299136
163 188 0.025759487016489609
163 189 0.11567608832036105
163 190 -0.045724858242000295
163 191 -0.0048232623049295773
163 192 -0.050465478581826394
163 193 0.013894552656486953
163 194 -0.028501359901067492
163 195 -0.012262406514596818
163 196 0.27253837363587985
163 197 0.073944135505327468
163 198 -0.032840931911014809
163 199 0.055223290156148089
164 165 0.011666239004425424
164 166 0.067545528335395483
164 167 -0.021023929456882237
164 168 -0.0093673763456263073
164 169 -0.025119737297531381
164 170 -0.052774459938260923
164 171 0.11507298854926917
164 172 0.11775237846975978
164 173 0.067427722040819163
164 174 -0.06924601759485384
164 175 0.10116880022844969
164 176 0.045616803678700808
164 177 -0.05080981389955759
164 178 0.026500620726193049
164 179 -0.057608747079007386
164 180 -0.03290829315936248
164 181 0.0076756529722691374
164 182 -0.025092618651259783
164 183 0.064578321746937423
164 184 0.12048109268187965
164 185 -0.11961500552135337
164 186 -0.033943204052716759
164 187 0.015721535891502048
164 188 -0.060689548366906126
164 189 0.031645248516432252
164 190 0.034635524729363647
164 191 0.045183342066722698
164 192 -0.11632578515870982
164 193 0.077416226158506421
164 194 -0.1122130309149186
164 195 0.052425129674459517
164 196 -0.024962265469812058
164 197 -0.12163407433056278
164 198 -0.04976090091932675
164 199 -0.043049659611966364
165 166 0.046908217645415348
165 167 0.040107675531809148
165 168 -0.025409438301315514
165 169 -0.027756356757495694
165 170 0.020239115130145799
165 171 0.058531969017963842
165 172 -0.023433534505341441
165 173 -0.02342370388151364
165 174 -0.040945468397765306
165 175 0.0082024222799510094
165 176 -0.06584886267731907
165 177 -0.046677439384659784
165 178 -0.067244641075677847
165 179 0.11221313644553023
165 180 0.02354764832623971
165 181 -0.047915410309857645
165 182 0.030511557937821183
165 183 -0.018938107170957435
165 184 -0.066767656725534447
165 185 0.055537197074290667
165 186 0.076818703880900299
165 187 0.12034991511666762
165 188 0.086162420329812001
165 189 -0.044268985314745747
165 190 -0.03928627893675405
165 191 0.058145561185715594
165 192 0.002637889123828562
165 193 -0.0067343191238120829
165 194 -0.068629460400701281
165 195 -0.040144113221909188
165 196 0.064272734307880025
165 197 0.077223493922302169
165 198 -0.053265077297512078
165 199 -0.050869762102077838
166 167 -0.083544014079582826
166 168 0.067131970886831385
166 169 0.045796188137798427
166 170 -0.11816493474735615
166 171 0.046024161647111358
166 172 -0.043840400145672254
166 173 0.023494250958114023
166 174 -0.067332774208794424
166 175 0.077941896395666913
166 176 -0.13269441007139079
166 177 -0.076165120928404967
166 178 0.01902635875540034
166 179 0.01212489515825008
166 180 -0.021901434772324299
166 181 0.031457686309429515
166 182 -0.044470528967130503
166 183 0.017359427867126478
166 184 0.0060530572665137049
166 185 -0.0062089494908404196
166 186 -0.039792445659879036
166 187 0.070289181014432545
166 188 -0.11118805353188289
166 189 0.076364245251637417
166 190 -0.018843482106589784
166 191 0.028139804177402607
166 192 0.1138691691413677
166 193 0.060499005843941037
166 194 -0.060451272939294955
166 195 0.07335902552597523
166 196 0.060490169703540417
166 197 0.095080078334520951
166 198 0.025335408016357842
166 199 -0.094916469132979644
167 168 -0.049012753042847239
167 169 -0.12069488140396213
167 170 0.095804856900220961
167 171 0.0020095219588381879
167 172 0.021485937490215962
167 173 -0.048029251323887349
167 174 0.0054376450195053726
167 175 0.027163278916064945
167 176 -0.01212043737862252
167 177 0.036058803222468891
167 178 -0.027019977132468034
167 179 -0.074335949647507282
167 180 -0.013161009229080343
167 181 0.017736041169330051
167 182 0.098489104190154705
167 183 0.01309037258073407
167 184 0.056985713846663781
167 185 0.10826141771270384
167 186 -0.1082195454159479
167 187 -0.025793410231767146
167 188 0.0022495313995399406
167 189 0.049224215504653675
167 190 0.055343729577621632
167 191 -0.08148298397204716
167 192 0.011942774148715272
167 193 0.11989994048106598
167 194 0.024688567257138912
167 195 0.034550994954355235
167 196 0.033918377122880053
167 197 -0.011207554548882797
167 198 -0.032299750724868952
167 199 -0.071780622543419631
168 169 0.031497653098775093
168 170 -0.049650667994389885
168 171 0.040838510811988235
168 172 0.033670732017070666
168 173 -0.043056530636659068
168 174 -0.076229954698053964
168 175 0.030947663450886967
168 176 -0.052795644269536597
168 177 0.0057851506636349267
168 178 -0.1220473776440044
168 179 -0.073708695228912921
168 180 0.029056504231167186
168 181 -0.015419056494428615
168 182 -0.052836747303695149
168 183 -0.10853443485784535
168 184 -0.10536394351137085
168 185 0.052284128875927059
168 186 -0.091787959473821235
168 187 -0.068600230843480298
168 188 0.050191258861909858
168 189 -0.039396302027563723
168 190 0.035733486980258494
168 191 -0.0026702065201392568
168 192 -0.092888315503524096
168 193 -0.1662231466226273
168 194 0.059453336765844682
168 195 0.15952351821060473
168 196 0.063167044147561732
168 197 -0.086268109604981602
168 198 -0.019815193799824233
168 199 -0.035189838235953563
169 170 0.09173697408588774
169 171 0.044113029835463891
169 172 0.047742728061402215
169 173 -0.0023257148655901234
169 174 0.10881970161612786
169 175 -0.11831124316243144
169 176 0.14365752514089572
169 177 0.058438302050628041
169 178 0.049754794156852931
169 179 -0.063966180527365052
169 180 -0.1629022326757876
169 181 -0.084076105474188187
169 182 -0.0073364081734545372
169 183 0.12443628145825739
169 184 0.023653297927798637
169 185 -0.062647720688914318
169 186 0.078485195228420138
169 187 -0.080935599658337049
169 188 0.081618342395578039
169 189 -0.01915061770089125
169 190 0.013726358702989791
169 191 0.14195591844288175
169 192 0.012933000338874533
169 193 -0.01516526518934672
169 194 0.10212383611901389
169 195 -0.013019241543080595
169 196 -0.041985998367665846
169 197 0.03955548810463954
169 198 -0.020313582374258048
169 199 -0.16278179624655245
170 171 0.092717724919458108
170 172 0.087813513997603523
170 173 -0.016033942736899551
170 174 -0.072451921125104554
170 175 -0.0066504551917960092
170 176 0.01389756230780714
170 177 0.054182605148956564
170 178 -0.13431197414602156
170 179 -0.021399342951110307
170 180 -0.061379024710246394
170 181 0.035730452698738119
170 182 -0.10175176685731067
170 183 0.023429611246516348
170 184 0.035938987647916032
170 185 0.13746529154752712
170 186 0.085781136970741009
170 187 -0.034276941780131111
170 188 0.0048238239119054744
170 189 0.00030264623186740164
170 190 -0.030057823121297053
170 191 -0.015382413066632194
170 192 -0.094515471764735307
170 193 -0.10912539308635809
170 194 0.018789778133765277
170 195 0.025476597595096573
170 196 0.030457892638907223
170 197 0.033652849273025032
170 198 -0.0055980671224624863
170 199 -0.0081021526694457849
171 172 0.052108285548440665
171 173 -0.091235465483495315
171 174 0.083970104707867407
171 175 0.036148042109047207
171 176 -0.094671207747053759
171 177 0.051390085503559731
171 178 0.11166819298729645
171 179 0.054344384784902937
171 180 -0.007288036329510454
171 181 0.095324052069272636
171 182 -0.076595251351746954
171 183 -0.011483752106296728
171 184 -0.017936748826428678
171 185 0.050782018486302656
171 186 0.046458915618435535
171 187 0.051207745544759098
171 188 0.1381548200033656
171 189 0.014123573138432544
171 190 0.063515172616019189
171 191 -0.091304878054864744
171 192 0.052501683618584857
171 193 0.11827327581397336
171 194 0.0047215401102302943
171 195 0.067228734996350348
171 196 -0.11343243672267622
171 197 0.054562945297361894
171 198 0.12618719085024899
171 199 0.13767058618471092
172 173 0.038746403498059898
172 174 -0.021799575205353961
172 175 0.019949722000812162
172 176 0.028283623243059587
172 177 0.056701920682221837
172 178 -0.044772958945835356
172 179 0.10199937152779069
172 180 -0.035723724103784493
172 181 0.0576319995425277
172 182 -0.04131581330600502
172 183 0.067478091392504422
172 184 0.065789232148393106
172 185 -0.080384729461801183
172 186 0.069710675656956309
172 187 -0.12434279715536797
172 188 0.023100045784001003
172 189 -0.0072495701358276602
172 190 -0.062707444402264778
172 191 -0.088297570731355537
172 192 -0.08375414320211301
172 193 -0.021444509854715053
172 194 0.014503904218443208
172 195 0.032191845040393463
172 196 -0.049161412318366952
172 197 0.01956326852135357
172 198 -0.13177323772395719
172 199 -0.10974844320096243
173 174 -0.047551459519973853
173 175 -0.085752003434881069
173 176 0.068800840840684177
173 177 -0.12929789210383238
173 178 -0.10797223360811857
173 179 -0.062538996972498262
173 180 0.036194373647122607
173 181 0.03803537798000009
173 182 -0.055828296938757828
173 183 -0.13059152936331325
173 184 -0.016084783557668562
173 185 -0.12049346882434823
173 186 -0.069822144561705851
173 187 0.029970412324940604
173 188 0.019733880540169477
173 189 -0.036955151022407831
173 190 0.015266923192294
173 191 -0.093543128218973065
173 192 0.022345813369976378
173 193 -0.019217967913536887
173 194 -0.11756872618749832
173 195 -0.13353177175975744
173 196 -0.042871662774127399
173 197 -0.080263718580355761
173 198 0.02992030309574837
173 199 -0.010010437840805011
174 175 -0.12613920411470153
174 176 -0.017288243991495703
174 177 0.13792809369456113
174 178 0.03043397216049774
174 179 -0.078497931566851226
174 180 -0.027177193516677928
174 181 -0.22290743794772447
174 182 -0.025519273446549751
174 183 -0.16758198596800603
174 184 -0.00053811644549401174
174 185 0.011336316721938964
174 186 -0.063509216316630923
174 187 -0.096791396507911381
174 188 0.029616743696969022
174 189 0.076386734457908764
174 190 -0.052791859125912298
174 191 -0.013328192133373412
174 192 0.070359327656485574
174 193 0.024169904180094848
174 194 0.00092285626713824523
174 195 -0.026930497305233812
174 196 -0.053941300180097566
174 197 -0.1135175422261356
174 198 0.003160259008639883
174 199 0.016020132836932287
175 176 0.065136240047847613
175 177 -0.075667826935446506
175 178 0.010513024504666221
175 179 -0.12797139112337161
175 180 0.070872468789789284
175 181 -0.033099138085223981
175 182 -0.091142605197693738
175 183 0.025550852417864877
175 184 -0.0017664293267387536
175 185 0.059942936027761677
175 186 -0.037483777015638854
175 187 0.050800968891145479
175 188 -0.1204419970692954
175 189 -0.015486799785039891
175 190 0.051491414965692067
175 191 -0.01623582223020114
175 192 0.032333501579838109
175 193 0.036003054554096484
175 194 -0.0077312996178444818
175 195 0.0070768921397646048
175 196 0.01620514674134638
175 197 -0.011078651205597713
175 198 -0.0087994848815142728
175 199 -0.010157465187881369
176 177 0.058241798461499121
176 178 -0.048612221435953729
176 179 -0.045597720686225723
176 180 0.031129722089206276
176 181 -0.15441924760719361
176 182 -0.074410712752315852
176 183 -0.039390998485613421
176 184 0.022845730225788796
176 185 0.16003372327511739
176 186 -0.053828945874297277
176 187 0.055622029664768105
176 188 0.051127977808259124
176 189 0.039814529769019079
176 190 -0.013419207193580557
176 191 0.034553931788979773
176 192 0.015370698681936452
176 193 0.050688674591161692
176 194 -0.043564735437402025
176 195 -0.024476688093100458
176 196 -0.031864305786927685
176 197 -0.056718371916250281
176 198 -0.012432417672525299
176 199 -0.099845891284034607
177 178 0.092401400942400888
177 179 -0.050251565156704911
177 180 0.0090414611945389984
177 181 -0.020694998092556562
177 182 -0.10170185575816941
177 183 -0.059054055376936948
177 184 -0.034361241445701594
177 185 -0.025614984929712439
177 186 -0.11718073094205389
177 187 -0.050425693532542518
177 188 0.065285745381581509
177 189 0.016579607160439255
177 190 0.044572151670467297
177 191 -0.062155700868478367
177 192 0.077880564415406639
177 193 0.015459041755509131
177 194 0.087544152949637369
177 195 0.070486954483302222
177 196 0.0053213626137924045
177 197 -0.15343425983650927
177 198 0.1029369849281575
177 199 0.084063747020078003
178 179 0.037640910973165458
178 180 -0.017703539856308417
178 181 -0.0050564118567116133
178 182 0.057137171846599867
178 183 0.021756835434967429
178 184 0.095564773386005206
178 185 0.014422978249633733
178 186 -0.1248558194634589
178 187 0.099286917173801836
178 188 0.0034068898266557462
178 189 -0.092379503167634713
178 190 -0.095028886547245853
178 191 0.010480532122177673
178 192 0.019696140432570806
178 193 -0.033783422424322009
178 194 0.059572940662986691
178 195 -0.16820368801096383
178 196 -0.096493592786989643
178 197 0.039690390035485468
178 198 -0.040661228393696985
178 199 0.014990759699656929
179 180 -0.086841438135021473
179 181 0.05679399643181602
179 182 -0.16633266696655311
179 183 -0.14887848847113483
179 184 0.014166260377999694
179 185 -0.0059984248044141339
179 186 -0.057077414059475029
179 187 -0.066703856504141193
179 188 -0.015401372081136818
179 189 -0.018612467145725314
179 190 0.013179690142739399
179 191 -0.050557205130793426
179 192 0.03394443938394192
179 193 0.11374477606787758
179 194 -0.021088558375683183
179 195 0.028432082101001392
179 196 0.097613854085539548
179 197 0.022868579269503177
179 198 0.090139662259129935
179 199 -0.032726337143143415
180 181 0.020683976573307717
180 182 -0.094447565593661437
180 183 -0.15026802536931497
180 184 -0.014075578294339409
180 185 0.073525168559495993
180 186 0.0039687487384541097
180 187 0.045534577337827932
180 188 0.081534663490689011
180 189 0.070097207064240635
180 190 -0.00080909501807369295
180 191 0.063499814480013572
180 192 -0.028059115629492849
180 193 0.022949542324525798
180 194 0.10730692240396028
180 195 0.060898087262109754
180 196 0.0082196455249716957
180 197 0.044946306674712812
180 198 0.085586349209998525
180 199 -0.0017884820726907285
181 182 0.04443873502140526
181 183 -0.16595141733418872
181 184 -0.1536764944077034
181 185 0.0049455688560137807
181 186 0.11914695281601539
181 187 0.063067842204187499
181 188 -0.027382271858252157
181 189 -0.1352189533245815
181 190 0.0010250256455793165
181 191 0.08807658961659659
181 192 -0.030760681526111149
181 193 -0.078723169241790181
181 194 -0.025383500476694895
181 195 0.06786502454229118
181 196 -0.042385608515747623
181 197 -0.10379163826114715
181 198 -0.15599328876729396
181 199 -0.10399844250974008
182 183 -0.016295265148234879
182 184 -0.010352422368599738
182 185 0.14757022069054457
182 186 0.07654813718232989
182 187 -0.070527850597220346
182 188 0.06102768529738363
182 189 -0.037665190588880619
182 190 0.087057801572324497
182 191 -0.011655902813445463
182 192 0.072752315482307123
182 193 -0.034259546602038345
182 194 0.096400225908442355
182 195 0.036873444432515418
182 196 -0.010897874593969778
182 197 0.1063079156589425
182 198 0.041174615876821474
182 199 0.084062174265206444
183 184 -0.070758880965049675
183 185 -0.12056310916670093
183 186 -0.10234346343792557
183 187 -0.13960815169704072
183 188 -0.092538693953527248
183 189 -0.12274964037271306
183 190 -0.027214416815796966
183 191 0.050966940384770634
183 192 0.11694353823123592
183 193 -0.10849736076904627
183 194 -0.093285740745082293
183 195 -0.08333406940041703
183 196 0.10040774658116593
183 197 0.046503962134368484
183 198 0.023653487336946739
183 199 0.10466041955217857
184 185 0.061044105657481779
184 186 -0.034235068981005479
184 187 -0.071441803667941645
184 188 -0.11741611711854336
184 189 -0.018175679950817838
184 190 -0.048455259197358803
184 191 0.11844687312315241
184 192 0.0081233973859867643
184 193 -0.043134526798298475
184 194 0.018276693349121683
184 195 0.010769855256174271
184 196 -0.061289525235415858
184 197 -0.032138820617687372
184 198 0.10418953903207376
184 199 0.098422975135297838
185 186 0.010493689919560439
185 187 0.03173203142367069
185 188 0.056365243876001676
185 189 -0.056947145528888833
185 190 0.14699982127455027
185 191 -0.011896342380538978
185 192 0.018445177164415016
185 193 0.044858189947993038
185 194 0.032036674106144809
185 195 -0.12466234802889425
185 196 0.0090601844779385349
185 197 0.020690264046785034
185 198 0.072496181115048269
185 199 -0.050510997958455581
186 187 0.11827521247943323
186 188 0.12960771412303659
186 189 0.023203696529339235
186 190 -0.013332808909542328
186 191 0.038062655624669754
186 192 0.016310558883995744
186 193 -0.069836383365715252
186 194 -0.064736744511794522
186 195 -0.084569261081037572
186 196 0.039418734680944104
186 197 -0.037965545274546257
186 198 0.098094585326374217
186 199 -0.0070374440096799993
187 188 0.097348873552028009
187 189 0.025640708994899754
187 190 0.004134558261392726
187 191 -0.015841870323273981
187 192 0.033148863277839634
187 193 0.13418494739029674
187 194 0.043116328187641335
187 195 -0.10772637042163774
187 196 -0.030763049498294705
187 197 0.0039651845552677997
187 198 0.08755243944829505
187 199 0.032950092902819215
188 189 0.095889524984227439
188 190 0.090924316518352893
188 191 -0.02909987869189104
188 192 -0.048199326176476355
188 193 -0.076911997188044812
188 194 -0.033792064604871531
188 195 0.053006130224510957
188 196 0.040915787126477615
188 197 0.048626503659080014
188 198 -0.12540534658483538
188 199 -0.007892261957115853
189 190 0.002807867170883271
189 191 -0.012416531482463576
189 192 0.088770798686362021
189 193 0.020567056309043236
189 194 -0.055175391767736177
189 195 -0.10029057203024912
189 196 0.0050484044787830447
189 197 0.011152371062515839
189 198 0.088822829508777013
189 199 -0.044522855024894031
190 191 -0.031136649089554092
190 192 0.031411603724164495
190 193 -0.033004148828877138
190 194 -0.031139530349622392
190 195 0.012972755925792631
190 196 0.006401602786842482
190 197 -0.034843963699969636
190 198 0.046549853051026067
190 199 -0.03337310849880086
191 192 0.12383939042404626
191 193 -0.038711667024265484
191 194 -0.13389832380639671
191 195 0.079672103938953673
191 196 -0.010717367592209266
191 197 -0.025938052942968165
191 198 -0.023925338921867434
191 199 0.024739041015329408
192 193 0.09565858272346861
192 194 -0.097523602403339252
192 195 -0.00038244151792069859
192 196 0.0085523338994992395
192 197 0.011655259510427479
192 198 -0.12283162958099519
192 199 0.12308927362347513
193 194 -0.10722418996661634
193 195 0.016308967761798843
193 196 0.026273178419521655
193 197 0.092490287639460225
193 198 -0.018356607493137143
193 199 -0.033490156021288651
194 195 0.077125314513274548
194 196 -0.011302214833515763
194 197 0.0047343358701786888
194 198 0.027229801746655381
194 199 0.040135556353727113
195 196 -0.12144378446469754
195 197 -0.024961286380066085
195 198 0.098212249258180145
195 199 0.033215704050140529
196 197 -0.13003043149074348
196 198 0.066713129102397503
196 199 0.0194893591247269
197 198 0.046357877552403032
197 199 0.050726125997028276
198 199 -0.02170567965007867
