N,seed,min_energy,average_time,success_probability,TTS,hardware,program_name,average_steps,parameters
50,1051732,-0.66678368,0.000529652357071,0.032,0.0745314677797,Intel Xeon Gold 6248,Greedy,18.1626880642,
50,1051735,-0.69177407,0.000648174724173,0.037,0.080256514357,Intel Xeon Gold 6248,Greedy,18.4977933801,
50,1051738,-0.68109187,0.00053255225677,0.023,0.105079256818,Intel Xeon Gold 6248,Greedy,18.2584754263,
50,1051741,-0.65971072,0.000506439919759,0.031,0.0750653912305,Intel Xeon Gold 6248,Greedy,17.6055165496,
50,1051744,-0.72038148,0.00062905115346,0.053,0.0529300008926,Intel Xeon Gold 6248,Greedy,18.9209628887,
50,1051747,-0.74132487,0.000499156369107,0.065,0.0342598063062,Intel Xeon Gold 6248,Greedy,18.6279839519,
50,1051750,-0.6775141,0.000594670110331,0.026,0.105697020075,Intel Xeon Gold 6248,Greedy,17.7610832497,
50,1051753,-0.64243066,0.000557041323972,0.023,0.110396864298,Intel Xeon Gold 6248,Greedy,18.096890672,
50,1051756,-0.68232807,0.000578260882648,0.032,0.0813715482768,Intel Xeon Gold 6248,Greedy,18.3364092277,
50,1051759,-0.77338429,0.00061465667001,0.154,0.0169543835564,Intel Xeon Gold 6248,Greedy,20.3440320963,
50,1051762,-0.74319947,0.000502018355065,0.074,0.030019269328,Intel Xeon Gold 6248,Greedy,19.1244734203,
50,1051765,-0.70464689,0.000481769107322,0.035,0.0624465551,Intel Xeon Gold 6248,Greedy,18.9485456369,
50,1051768,-0.66862689,0.000498426178536,0.03,0.0741244137193,Intel Xeon Gold 6248,Greedy,18.2023069208,
50,1051771,-0.76888409,0.000580576930792,0.06,0.043002641628,Intel Xeon Gold 6248,Greedy,19.370110331,
50,1051774,-0.68299107,0.000503554964895,0.037,0.0613196853435,Intel Xeon Gold 6248,Greedy,18.3368104313,
50,1051777,-0.70669449,0.000546802006018,0.075,0.0321096193984,Intel Xeon Gold 6248,Greedy,19.9994984955,
50,1051780,-0.74360889,0.000509355165496,0.05,0.045403327549,Intel Xeon Gold 6248,Greedy,19.861885657,
50,1051783,-0.75693509,0.000536956970913,0.079,0.0298748381331,Intel Xeon Gold 6248,Greedy,19.0449348044,
50,1051786,-0.68135928,0.000598870812437,0.015,0.17833176304,Intel Xeon Gold 6248,Greedy,18.0203610832,
50,1051789,-0.67632188,0.000551890872618,0.03,0.0820755191672,Intel Xeon Gold 6248,Greedy,18.245336008,
50,1051792,-0.67481349,0.000578920962889,0.05,0.0520297275572,Intel Xeon Gold 6248,Greedy,17.9272818455,
50,1051795,-0.70228247,0.0005541444333,0.047,0.0526178242164,Intel Xeon Gold 6248,Greedy,19.0238716148,
50,1051798,-0.66235707,0.000508553460381,0.006,0.387986052329,Intel Xeon Gold 6248,Greedy,17.5416248746,
50,1051801,-0.71790228,0.000480158475426,0.107,0.0195350017726,Intel Xeon Gold 6248,Greedy,18.908224674,
50,1051804,-0.7263719,0.000524291474423,0.049,0.048415897786,Intel Xeon Gold 6248,Greedy,18.606218656,
50,1051807,-0.67750687,0.000480659879639,0.041,0.0527118350636,Intel Xeon Gold 6248,Greedy,18.7910732197,
50,1051810,-0.70251411,0.000492080842528,0.04,0.0550611023756,Intel Xeon Gold 6248,Greedy,18.2117352056,
50,1051813,-0.66356966,0.000538666399198,0.007,0.373486860927,Intel Xeon Gold 6248,Greedy,17.8552657974,
50,1051816,-0.72162928,0.000545273821464,0.044,0.0553762731776,Intel Xeon Gold 6248,Greedy,19.4517552658,
50,1051819,-0.69647807,0.000631463089268,0.03,0.0948598696595,Intel Xeon Gold 6248,Greedy,18.622668004,
50,1051822,-0.6960499,0.000486667703109,0.06,0.0361710740993,Intel Xeon Gold 6248,Greedy,18.7994984955,
50,1051825,-0.66074586,0.00050478335005,0.015,0.157577259897,Intel Xeon Gold 6248,Greedy,17.8532597793,
50,1051828,-0.65501966,0.00054702998997,0.012,0.204607397942,Intel Xeon Gold 6248,Greedy,18.2683049147,
50,1051831,-0.68945888,0.000483993580742,0.082,0.0259694557351,Intel Xeon Gold 6248,Greedy,18.8115346038,
50,1051834,-0.70098389,0.000511619658977,0.039,0.059045587374,Intel Xeon Gold 6248,Greedy,18.7715145436,
50,1051837,-0.68416251,0.000578134302909,0.037,0.0707914208594,Intel Xeon Gold 6248,Greedy,18.2904714142,
50,1051840,-0.69210408,0.000581912838516,0.071,0.036487438843,Intel Xeon Gold 6248,Greedy,18.4970912738,
50,1051843,-0.6868825,0.000593922868606,0.037,0.0729266333713,Intel Xeon Gold 6248,Greedy,18.5506519559,
50,1051846,-0.68337167,0.000581008124373,0.036,0.0723449377534,Intel Xeon Gold 6248,Greedy,18.423671013,
50,1051849,-0.6813367,0.000528956068205,0.042,0.0571537888026,Intel Xeon Gold 6248,Greedy,19.0360080241,
50,1051852,-0.69819431,0.000615621464393,0.05,0.0556721960302,Intel Xeon Gold 6248,Greedy,18.1200601805,
50,1051855,-0.68380991,0.000593826579739,0.016,0.17453028293,Intel Xeon Gold 6248,Greedy,18.2563691073,
50,1051858,-0.67745487,0.000529184754263,0.014,0.178754656632,Intel Xeon Gold 6248,Greedy,17.9078234704,
50,1051861,-0.6888083,0.000514936108325,0.031,0.0755696183056,Intel Xeon Gold 6248,Greedy,18.2754262788,
50,1051864,-0.71321929,0.000589937512538,0.051,0.0522657393885,Intel Xeon Gold 6248,Greedy,18.3007021063,
50,1051867,-0.69006307,0.000562927081244,0.041,0.062512085702,Intel Xeon Gold 6248,Greedy,18.3270812437,
50,1051870,-0.71284849,0.000487109327984,0.027,0.0814006065207,Intel Xeon Gold 6248,Greedy,19.0098294885,
50,1051873,-0.67281488,0.00047598004012,0.032,0.0665572314381,Intel Xeon Gold 6248,Greedy,18.4462387161,
50,1051876,-0.7080873,0.000570845235707,0.012,0.218931096148,Intel Xeon Gold 6248,Greedy,18.107221665,
50,1051879,-0.70556768,0.00056784112337,0.05,0.0514579419471,Intel Xeon Gold 6248,Greedy,19.0762286861,
50,1051882,-0.68820188,0.00050380672016,0.023,0.100736605521,Intel Xeon Gold 6248,Greedy,18.2140421264,
50,1051885,-0.70292524,0.000560346038114,0.007,0.394515641614,Intel Xeon Gold 6248,Greedy,18.2866599799,
50,1051888,-0.71621769,0.000467631895687,0.062,0.0335977435576,Intel Xeon Gold 6248,Greedy,18.9829488465,
50,1051891,-0.70562388,0.000495582547643,0.041,0.0540788929512,Intel Xeon Gold 6248,Greedy,18.3779338014,
50,1051894,-0.68382947,0.000466424674022,0.023,0.0916283629257,Intel Xeon Gold 6248,Greedy,17.8916750251,
50,1051897,-0.67194845,0.000591895386158,0.022,0.120497517002,Intel Xeon Gold 6248,Greedy,18.886559679,
50,1051900,-0.72562886,0.000502407121364,0.029,0.0789322802522,Intel Xeon Gold 6248,Greedy,18.2389167503,
50,1051903,-0.67784168,0.000477427382146,0.044,0.0491686012963,Intel Xeon Gold 6248,Greedy,18.6640922768,
50,1051906,-0.66721008,0.000487590672016,0.035,0.0635730335473,Intel Xeon Gold 6248,Greedy,17.9744232698,
50,1051909,-0.66387707,0.000565750250752,0.025,0.103011501762,Intel Xeon Gold 6248,Greedy,17.6905717151,
50,1051912,-0.67752607,0.000499513841525,0.042,0.0538403229996,Intel Xeon Gold 6248,Greedy,18.9189568706,
50,1051915,-0.71076248,0.000516930491474,0.05,0.046844404405,Intel Xeon Gold 6248,Greedy,18.6557673019,
50,1051918,-0.74306389,0.000565412537613,0.083,0.0298812212771,Intel Xeon Gold 6248,Greedy,18.735005015,
50,1051921,-0.67841327,0.000496019859579,0.077,0.0283808550952,Intel Xeon Gold 6248,Greedy,18.4894684052,
50,1051924,-0.66685228,0.000578518355065,0.021,0.122783793803,Intel Xeon Gold 6248,Greedy,17.5211634905,
50,1051927,-0.68721728,0.000543957271815,0.028,0.0889040926938,Intel Xeon Gold 6248,Greedy,18.9795386158,
50,1051930,-0.66906047,0.000585643229689,0.023,0.11762404285,Intel Xeon Gold 6248,Greedy,17.9459378134,
50,1051933,-0.72364329,0.000476213540622,0.074,0.0285968726192,Intel Xeon Gold 6248,Greedy,18.7243731194,
50,1051936,-0.66279849,0.000537271715145,0.029,0.0841133956556,Intel Xeon Gold 6248,Greedy,17.8584754263,
50,1051939,-0.71504228,0.00053997221665,0.05,0.0481324959098,Intel Xeon Gold 6248,Greedy,18.6391173521,
50,1051942,-0.75813488,0.000555905015045,0.072,0.0341042058032,Intel Xeon Gold 6248,Greedy,19.8095285858,
50,1051945,-0.70466466,0.000551704814443,0.06,0.0412892719899,Intel Xeon Gold 6248,Greedy,18.3786359077,
50,1051948,-0.70383809,0.000479140822467,0.07,0.0305823977443,Intel Xeon Gold 6248,Greedy,18.2165496489,
50,1051951,-0.69874248,0.000557722066199,0.064,0.0387751708188,Intel Xeon Gold 6248,Greedy,17.7110330993,
50,1051954,-0.72165631,0.000473977331996,0.067,0.0315716985389,Intel Xeon Gold 6248,Greedy,18.6035105316,
50,1051957,-0.74203869,0.000504476529589,0.042,0.053717009908,Intel Xeon Gold 6248,Greedy,19.4165496489,
50,1051960,-0.71202849,0.000504255265797,0.074,0.030195502432,Intel Xeon Gold 6248,Greedy,18.5663991976,
50,1051963,-0.68614806,0.000542646439318,0.015,0.165960949601,Intel Xeon Gold 6248,Greedy,18.1738214644,
50,1051966,-0.67133586,0.000488205315948,0.027,0.0828229806682,Intel Xeon Gold 6248,Greedy,18.2016048144,
50,1051969,-0.71275347,0.000501614042126,0.013,0.176003078094,Intel Xeon Gold 6248,Greedy,19.188665998,
50,1051972,-0.73796129,0.000572018154463,0.037,0.0698490786105,Intel Xeon Gold 6248,Greedy,18.4409227683,
50,1051975,-0.86106391,0.000556292978937,0.295,0.00733518054696,Intel Xeon Gold 6248,Greedy,22.4193580742,
50,1051978,-0.69254627,0.000478193179539,0.044,0.0489032867771,Intel Xeon Gold 6248,Greedy,18.9207622869,
50,1051981,-0.6987235,0.000545544734203,0.049,0.0498514366121,Intel Xeon Gold 6248,Greedy,18.5171514544,
50,1051984,-0.72206629,0.000465939819458,0.053,0.0394343549582,Intel Xeon Gold 6248,Greedy,18.7285857573,
50,1051987,-0.74627327,0.000476519157472,0.027,0.0787468919902,Intel Xeon Gold 6248,Greedy,19.4292878636,
50,1051990,-0.72064188,0.000459215045135,0.025,0.0846463107795,Intel Xeon Gold 6248,Greedy,18.2523570712,
50,1051993,-0.75253528,0.000480754764293,0.146,0.0140449382584,Intel Xeon Gold 6248,Greedy,19.746439318,
50,1051996,-0.74668027,0.000482764292879,0.027,0.0812826611516,Intel Xeon Gold 6248,Greedy,19.459779338,
50,1051999,-0.73388249,0.000560399799398,0.044,0.0577136446998,Intel Xeon Gold 6248,Greedy,18.4451354062,
50,1052002,-0.68477628,0.000487499398195,0.038,0.058557855884,Intel Xeon Gold 6248,Greedy,18.1600802407,
50,1052005,-0.72361709,0.000561287462387,0.107,0.0229038647034,Intel Xeon Gold 6248,Greedy,18.8718154463,
50,1052008,-0.72259929,0.000555021364092,0.028,0.0903814579308,Intel Xeon Gold 6248,Greedy,18.1137412237,
50,1052011,-0.70798711,0.000526434002006,0.053,0.0442955267513,Intel Xeon Gold 6248,Greedy,18.3084252758,
50,1052014,-0.69469047,0.000532244032096,0.035,0.0685877671947,Intel Xeon Gold 6248,Greedy,18.4262788365,
50,1052017,-0.70872148,0.000550927482447,0.017,0.14840258971,Intel Xeon Gold 6248,Greedy,18.8979939819,
50,1052020,-0.69671668,0.000468403410231,0.068,0.0308169836887,Intel Xeon Gold 6248,Greedy,18.8755265797,
50,1052023,-0.71161227,0.000512114944835,0.05,0.0461206488246,Intel Xeon Gold 6248,Greedy,18.7545636911,
50,1052026,-0.76282749,0.000459275927783,0.114,0.0175328600407,Intel Xeon Gold 6248,Greedy,19.4039117352,
50,1052029,-0.68656828,0.000496916549649,0.025,0.0897481610809,Intel Xeon Gold 6248,Greedy,18.2186559679,
100,1101732,-0.73146357,0.000583989067202,0.007,0.392962742579,Intel Xeon Gold 6248,Greedy,40.0348044132,
100,1101735,-0.76029217,0.000596699498495,0.004,0.759641618128,Intel Xeon Gold 6248,Greedy,40.0323971916,
100,1101738,-0.74355118,0.000550173921765,0.004,0.681446881362,Intel Xeon Gold 6248,Greedy,38.9137412237,
100,1101741,-0.7527932,0.000589314844534,0.007,0.364283727932,Intel Xeon Gold 6248,Greedy,38.9788365095,
100,1101744,-0.72449546,0.000596337011033,0.003,0.942762328282,Intel Xeon Gold 6248,Greedy,39.3057171515,
100,1101747,-0.69158493,0.000598858575727,0.001,2.49823184309,Intel Xeon Gold 6248,Greedy,38.0016048144,
100,1101750,-0.72912176,0.000596625977934,0.006,0.462916634073,Intel Xeon Gold 6248,Greedy,38.5830491474,
100,1101753,-0.70186604,0.000619766900702,0.001,2.58545417797,Intel Xeon Gold 6248,Greedy,38.6570712136,
100,1101756,-0.71960034,0.000570134202608,0.002,1.37641750368,Intel Xeon Gold 6248,Greedy,39.4137412237,
100,1101759,-0.73880446,0.000581669709127,0.004,0.683442329442,Intel Xeon Gold 6248,Greedy,39.7947843531,
100,1101762,-0.71952186,0.00059338776329,0.003,0.938099797502,Intel Xeon Gold 6248,Greedy,37.9846539619,
100,1101765,-0.74321766,0.000574296589769,0.006,0.410676109612,Intel Xeon Gold 6248,Greedy,38.6054162487,
100,1101768,-0.74495454,0.000578015245737,0.005,0.529442555665,Intel Xeon Gold 6248,Greedy,39.4221664995,
100,1101771,-0.72723934,0.000581479237713,0.003,0.783888984261,Intel Xeon Gold 6248,Greedy,38.8648946841,
100,1101774,-0.71075895,0.000583655967904,0.006,0.437961520468,Intel Xeon Gold 6248,Greedy,38.5517552658,
100,1101777,-0.72976417,0.000588650852558,0.004,0.674319884189,Intel Xeon Gold 6248,Greedy,39.6860581745,
100,1101780,-0.74268036,0.000606560982949,0.012,0.236629363553,Intel Xeon Gold 6248,Greedy,40.3192577733,
100,1101783,-0.70662902,0.000603130692076,0.001,1.97660157427,Intel Xeon Gold 6248,Greedy,38.6349047141,
100,1101786,-0.75315845,0.000575980842528,0.001,4.40622751253,Intel Xeon Gold 6248,Greedy,39.6091273821,
100,1101789,-0.73306047,0.000579507221665,0.006,0.465457902594,Intel Xeon Gold 6248,Greedy,38.6801404213,
100,1101792,-0.73091485,0.000579889368104,0.006,0.435135153797,Intel Xeon Gold 6248,Greedy,38.6282848546,
100,1101795,-0.72806423,0.000592038615848,0.001,3.01892464986,Intel Xeon Gold 6248,Greedy,38.8702106319,
100,1101798,-0.72107297,0.000566981444333,0.002,1.44492347563,Intel Xeon Gold 6248,Greedy,38.5299899699,
100,1101801,-0.77959047,0.000572930591775,0.022,0.117704246003,Intel Xeon Gold 6248,Greedy,42.4497492477,
100,1101804,-0.74748738,0.000578577432297,0.007,0.407351585271,Intel Xeon Gold 6248,Greedy,40.0197592778,
100,1101807,-0.73635225,0.00059045887663,0.003,0.845829103438,Intel Xeon Gold 6248,Greedy,39.634002006,
100,1101810,-0.72323357,0.000582496489468,0.005,0.555834336012,Intel Xeon Gold 6248,Greedy,38.6816449348,
100,1101813,-0.72769237,0.000588702908726,0.013,0.209809030639,Intel Xeon Gold 6248,Greedy,39.7514543631,
100,1101816,-0.70120283,0.000581584854564,0.001,5.33918542174,Intel Xeon Gold 6248,Greedy,38.0044132397,
100,1101819,-0.73943935,0.000540498796389,0.003,0.750761336275,Intel Xeon Gold 6248,Greedy,39.8353059178,
100,1101822,-0.74900059,0.000592197191575,0.005,0.565091015515,Intel Xeon Gold 6248,Greedy,39.6892678034,
100,1101825,-0.72049976,0.000548001504514,0.004,0.597801403981,Intel Xeon Gold 6248,Greedy,39.1076228686,
100,1101828,-0.71397246,0.000547079037111,0.007,0.342825595982,Intel Xeon Gold 6248,Greedy,39.1749247743,
100,1101831,-0.73790628,0.000601133600802,0.011,0.258992388801,Intel Xeon Gold 6248,Greedy,38.708224674,
100,1101834,-0.72949067,0.000592757171515,0.005,0.51213550063,Intel Xeon Gold 6248,Greedy,38.6301905717,
100,1101837,-0.71715726,0.000546174022066,0.004,0.658657021589,Intel Xeon Gold 6248,Greedy,38.7165496489,
100,1101840,-0.69353697,0.000565752758275,0.001,3.70951368484,Intel Xeon Gold 6248,Greedy,37.7646940822,
100,1101843,-0.72370557,0.000582352958877,0.011,0.253303286185,Intel Xeon Gold 6248,Greedy,39.0115346038,
100,1101846,-0.71478955,0.00058436780341,0.002,1.11658717223,Intel Xeon Gold 6248,Greedy,38.2662988967,
100,1101849,-0.7476264,0.000566876228686,0.009,0.287884949071,Intel Xeon Gold 6248,Greedy,40.0901705115,
100,1101852,-0.74452459,0.000543467101304,0.006,0.414622397904,Intel Xeon Gold 6248,Greedy,39.6508525577,
100,1101855,-0.79419298,0.000587569207623,0.05,0.0528069766918,Intel Xeon Gold 6248,Greedy,40.7001003009,
100,1101858,-0.73230854,0.000582346138415,0.002,1.11272425373,Intel Xeon Gold 6248,Greedy,38.2872617854,
100,1101861,-0.71794126,0.000604597993982,0.006,0.477214064228,Intel Xeon Gold 6248,Greedy,38.3600802407,
100,1101864,-0.71651446,0.00058393671013,0.002,1.67431791625,Intel Xeon Gold 6248,Greedy,38.4503510532,
100,1101867,-0.7615074,0.000546698294885,0.017,0.149042173912,Intel Xeon Gold 6248,Greedy,39.9971915747,
100,1101870,-0.71627158,0.00060417883651,0.006,0.432044728295,Intel Xeon Gold 6248,Greedy,38.9778335005,
100,1101873,-0.72277705,0.000578602507523,0.002,1.65902319194,Intel Xeon Gold 6248,Greedy,39.2827482447,
100,1101876,-0.71836185,0.000588187462387,0.006,0.456369267116,Intel Xeon Gold 6248,Greedy,38.6815446339,
100,1101879,-0.71319874,0.000571761584754,0.001,3.2801335759,Intel Xeon Gold 6248,Greedy,38.7197592778,
100,1101882,-0.72267076,0.000595802507523,0.003,0.941917319898,Intel Xeon Gold 6248,Greedy,39.3079237713,
100,1101885,-0.72582335,0.000568252557673,0.004,0.667677628099,Intel Xeon Gold 6248,Greedy,39.1095285858,
100,1101888,-0.72354835,0.000572538014042,0.006,0.436801204164,Intel Xeon Gold 6248,Greedy,39.1836509529,
100,1101891,-0.73940755,0.000573061283852,0.003,0.87572234986,Intel Xeon Gold 6248,Greedy,38.6974924774,
100,1101894,-0.71977126,0.000589574824473,0.005,0.540030741623,Intel Xeon Gold 6248,Greedy,38.4377131394,
100,1101897,-0.71213803,0.000586958676028,0.002,1.68298277934,Intel Xeon Gold 6248,Greedy,38.527883651,
100,1101900,-0.73218795,0.000580562487462,0.003,0.887185297782,Intel Xeon Gold 6248,Greedy,39.2884653962,
100,1101903,-0.73717443,0.000576886058175,0.002,1.15027485527,Intel Xeon Gold 6248,Greedy,39.0990972919,
100,1101906,-0.71702196,0.000581330992979,0.002,1.33320937423,Intel Xeon Gold 6248,Greedy,38.2840521565,
100,1101909,-0.72777708,0.00057397662989,0.008,0.336539496729,Intel Xeon Gold 6248,Greedy,39.2192577733,
100,1101912,-0.71722626,0.000588409528586,0.003,0.999235946913,Intel Xeon Gold 6248,Greedy,39.1582748245,
100,1101915,-0.72154415,0.000578707121364,0.002,1.47480576928,Intel Xeon Gold 6248,Greedy,38.6405215647,
100,1101918,-0.70019627,0.000570560782347,0.002,1.53965463549,Intel Xeon Gold 6248,Greedy,38.377331996,
100,1101921,-0.71412635,0.000529142026078,0.004,0.606150467963,Intel Xeon Gold 6248,Greedy,38.8859578736,
100,1101924,-0.71887656,0.000588691875627,0.007,0.408172258393,Intel Xeon Gold 6248,Greedy,38.6345035105,
100,1101927,-0.71346836,0.000588690972919,0.003,0.817701028077,Intel Xeon Gold 6248,Greedy,39.0225677031,
100,1101930,-0.73601584,0.000590809327984,0.004,0.644499408934,Intel Xeon Gold 6248,Greedy,38.5109327984,
100,1101933,-0.73136596,0.000592563089268,0.002,1.8124134376,Intel Xeon Gold 6248,Greedy,40.1160481444,
100,1101936,-0.71981535,0.000581695987964,0.005,0.543715127079,Intel Xeon Gold 6248,Greedy,38.3358074223,
100,1101939,-0.71719856,0.000573295687061,0.002,1.25210987075,Intel Xeon Gold 6248,Greedy,38.9160481444,
100,1101942,-0.72951968,0.00055694222668,0.005,0.566965358785,Intel Xeon Gold 6248,Greedy,38.5514543631,
100,1101945,-0.70968294,0.000547255065196,0.005,0.533343608859,Intel Xeon Gold 6248,Greedy,38.6203610832,
100,1101948,-0.71393369,0.00056612116349,0,6.4968539978,Intel Xeon Gold 6248,Greedy,38.444332999,
100,1101951,-0.71187347,0.000569093480441,0.007,0.400674341038,Intel Xeon Gold 6248,Greedy,38.7313941825,
100,1101954,-0.77353608,0.000563721464393,0.023,0.110742157963,Intel Xeon Gold 6248,Greedy,41.823671013,
100,1101957,-0.69714585,0.000594098294885,0.003,0.878539710009,Intel Xeon Gold 6248,Greedy,38.0218655968,
100,1101960,-0.74448927,0.000578658375125,0.009,0.290624436734,Intel Xeon Gold 6248,Greedy,39.1934804413,
100,1101963,-0.71136158,0.000539319859579,0.007,0.3426745532,Intel Xeon Gold 6248,Greedy,38.406218656,
100,1101966,-0.7325426,0.000539524272818,0.003,0.951506117456,Intel Xeon Gold 6248,Greedy,38.6388164493,
100,1101969,-0.74476817,0.000550496489468,0.006,0.399925481637,Intel Xeon Gold 6248,Greedy,39.5204613842,
100,1101972,-0.73985685,0.000555867703109,0.004,0.653125840856,Intel Xeon Gold 6248,Greedy,39.8769307924,
100,1101975,-0.73296445,0.000559386559679,0.002,1.22173155799,Intel Xeon Gold 6248,Greedy,39.5737211635,
100,1101978,-0.75162795,0.000568374322969,0.004,0.667820698223,Intel Xeon Gold 6248,Greedy,39.1138415246,
100,1101981,-0.71113708,0.000577324674022,0.003,0.827014430214,Intel Xeon Gold 6248,Greedy,38.3313941825,
100,1101984,-0.71840345,0.000564999699097,0.001,3.24134137865,Intel Xeon Gold 6248,Greedy,39.0841524574,
100,1101987,-0.76107956,0.000581251955868,0.009,0.291927032487,Intel Xeon Gold 6248,Greedy,40.3928786359,
100,1101990,-0.76639647,0.000587102607823,0.012,0.221421949123,Intel Xeon Gold 6248,Greedy,41.2996990973,
100,1101993,-0.73824667,0.000586299899699,0.01,0.276164370644,Intel Xeon Gold 6248,Greedy,39.5832497492,
100,1101996,-0.73956348,0.000539662487462,0.004,0.706694334299,Intel Xeon Gold 6248,Greedy,39.4296890672,
100,1101999,-0.71177624,0.000544837011033,0.003,0.756787184704,Intel Xeon Gold 6248,Greedy,38.3283851555,
100,1102002,-0.70195916,0.000526156168506,0.004,0.651698428357,Intel Xeon Gold 6248,Greedy,38.3325977934,
100,1102005,-0.71515402,0.000580654864594,0.001,4.44198357089,Intel Xeon Gold 6248,Greedy,38.4272818455,
100,1102008,-0.72347219,0.000594094984955,0.005,0.533474168025,Intel Xeon Gold 6248,Greedy,38.7994984955,
100,1102011,-0.72489744,0.000522588365095,0.003,0.725883465276,Intel Xeon Gold 6248,Greedy,39.4337011033,
100,1102014,-0.73889275,0.000554840421264,0.002,1.33949526986,Intel Xeon Gold 6248,Greedy,38.8500501505,
100,1102017,-0.69855777,0.00061512337011,0.001,2.82283295053,Intel Xeon Gold 6248,Greedy,38.4367101304,
100,1102020,-0.68722584,0.000547828585757,0.002,1.570785327,Intel Xeon Gold 6248,Greedy,37.2289869609,
100,1102023,-0.73834465,0.000532409929789,0.003,0.938959247454,Intel Xeon Gold 6248,Greedy,39.3747241725,
100,1102026,-0.73065667,0.000547624573721,0.003,1.00447397895,Intel Xeon Gold 6248,Greedy,38.1816449348,
100,1102029,-0.72947322,0.000573272316951,0.003,0.973529962786,Intel Xeon Gold 6248,Greedy,38.9321965898,
200,1201732,-0.73652172,0.000713368505517,0,32.7516356119,Intel Xeon Gold 6248,Greedy,82.6731193581,
200,1201735,-0.7523523,0.000722715045135,0,33.1807468742,Intel Xeon Gold 6248,Greedy,83.3241725176,
200,1201738,-0.74381717,0.000716709327984,0,inf,Intel Xeon Gold 6248,Greedy,82.897893681,
200,1201741,-0.75015007,0.000737727582748,0,inf,Intel Xeon Gold 6248,Greedy,82.5498495486,
200,1201744,-0.75860119,0.000710838415246,0,16.3169195859,Intel Xeon Gold 6248,Greedy,84.0872617854,
200,1201747,-0.73829681,0.000687271514544,0,10.5167750248,Intel Xeon Gold 6248,Greedy,82.5720160481,
200,1201750,-0.73891089,0.000703589669007,0,inf,Intel Xeon Gold 6248,Greedy,82.4730190572,
200,1201753,-0.76575641,0.000703084653962,0.001,5.37856594731,Intel Xeon Gold 6248,Greedy,83.920661986,
200,1201756,-0.75222126,0.000703627883651,0,8.07489266198,Intel Xeon Gold 6248,Greedy,83.004112337,
200,1201759,-0.74997873,0.000675746339017,0,31.024355141,Intel Xeon Gold 6248,Greedy,83.374222668,
200,1201762,-0.73835646,0.000696078736209,0,15.9781189657,Intel Xeon Gold 6248,Greedy,81.6562688064,
200,1201765,-0.72781152,0.000686900902708,0,inf,Intel Xeon Gold 6248,Greedy,81.8168505517,
200,1201768,-0.72381412,0.000692042828485,0,inf,Intel Xeon Gold 6248,Greedy,81.2850551655,
200,1201771,-0.73897619,0.000711693881645,0,inf,Intel Xeon Gold 6248,Greedy,81.4183550652,
200,1201774,-0.74203851,0.000707185957874,0,10.8215100761,Intel Xeon Gold 6248,Greedy,82.1813440321,
200,1201777,-0.74251204,0.000716428585757,0,inf,Intel Xeon Gold 6248,Greedy,83.9087261785,
200,1201780,-0.75779155,0.000667636108325,0,15.3252334969,Intel Xeon Gold 6248,Greedy,84.1642928786,
200,1201783,-0.7247413,0.000690381644935,0,31.696280244,Intel Xeon Gold 6248,Greedy,81.4338014042,
200,1201786,-0.72188765,0.000679417051153,0,inf,Intel Xeon Gold 6248,Greedy,81.9256770311,
200,1201789,-0.75373623,0.000715359177533,0,inf,Intel Xeon Gold 6248,Greedy,83.3492477432,
200,1201792,-0.7308005,0.000721307321966,0,33.116116552,Intel Xeon Gold 6248,Greedy,82.8122367101,
200,1201795,-0.75425818,0.000710009327984,0,16.2978883266,Intel Xeon Gold 6248,Greedy,83.9457372116,
200,1201798,-0.74214082,0.00066954994985,0,30.7398712053,Intel Xeon Gold 6248,Greedy,82.5722166499,
200,1201801,-0.75141823,0.000696425075226,0,inf,Intel Xeon Gold 6248,Greedy,83.5002006018,
200,1201804,-0.71851049,0.000715417652959,0,inf,Intel Xeon Gold 6248,Greedy,81.0901705115,
200,1201807,-0.73948138,0.000702302106319,0,inf,Intel Xeon Gold 6248,Greedy,82.1646940822,
200,1201810,-0.74031749,0.000715774222668,0,inf,Intel Xeon Gold 6248,Greedy,82.0044132397,
200,1201813,-0.74557774,0.000621569709127,0,28.53703866,Intel Xeon Gold 6248,Greedy,83.5174523571,
200,1201816,-0.73023011,0.000684096589769,0,inf,Intel Xeon Gold 6248,Greedy,82.2548645938,
200,1201819,-0.73982994,0.000725563189569,0,33.3115087285,Intel Xeon Gold 6248,Greedy,81.9404212638,
200,1201822,-0.72502995,0.0006734222668,0,inf,Intel Xeon Gold 6248,Greedy,80.9463390171,
200,1201825,-0.75781744,0.000695565797392,0,31.934291133,Intel Xeon Gold 6248,Greedy,85.2770310933,
200,1201828,-0.74273507,0.000704552156469,0,32.3468660585,Intel Xeon Gold 6248,Greedy,82.5231695085,
200,1201831,-0.75413735,0.000691560782347,0,15.8744117261,Intel Xeon Gold 6248,Greedy,85.4086258776,
200,1201834,-0.73585532,0.000667738515547,0,inf,Intel Xeon Gold 6248,Greedy,81.4652958877,
200,1201837,-0.75564297,0.000704951955868,0,16.1817990265,Intel Xeon Gold 6248,Greedy,82.1187562688,
200,1201840,-0.74403217,0.000702609227683,0,10.7514759764,Intel Xeon Gold 6248,Greedy,81.8993981946,
200,1201843,-0.72349928,0.000667789468405,0,inf,Intel Xeon Gold 6248,Greedy,82.0810431294,
200,1201846,-0.72723412,0.000683698996991,0,inf,Intel Xeon Gold 6248,Greedy,81.6053159478,
200,1201849,-0.75911652,0.000725493079238,0,16.6533096413,Intel Xeon Gold 6248,Greedy,81.7463390171,
200,1201852,-0.71384407,0.000745445737212,0,34.2243412273,Intel Xeon Gold 6248,Greedy,80.1067201605,
200,1201855,-0.73512132,0.000772195486459,0,35.4524554955,Intel Xeon Gold 6248,Greedy,82.0249749248,
200,1201858,-0.73746214,0.000694693480441,0,15.9463211527,Intel Xeon Gold 6248,Greedy,82.0487462387,
200,1201861,-0.75307302,0.000715248445336,0,32.8379459879,Intel Xeon Gold 6248,Greedy,83.9580742227,
200,1201864,-0.75890557,0.000690550752257,0.001,5.28268216359,Intel Xeon Gold 6248,Greedy,82.9905717151,
200,1201867,-0.72814805,0.0007017667001,0,inf,Intel Xeon Gold 6248,Greedy,80.8258776329,
200,1201870,-0.72825581,0.00067460551655,0,inf,Intel Xeon Gold 6248,Greedy,81.8872617854,
200,1201873,-0.75026004,0.000738200200602,0,8.47164747363,Intel Xeon Gold 6248,Greedy,81.4296890672,
200,1201876,-0.73836483,0.000673050752257,0,inf,Intel Xeon Gold 6248,Greedy,83.0415245737,
200,1201879,-0.74839195,0.000686226980943,0,31.5055344511,Intel Xeon Gold 6248,Greedy,83.5779338014,
200,1201882,-0.73723458,0.000698204212638,0,32.0554240595,Intel Xeon Gold 6248,Greedy,82.2071213641,
200,1201885,-0.73745341,0.000692239719157,0,inf,Intel Xeon Gold 6248,Greedy,83.2094282849,
200,1201888,-0.74595357,0.000742891775326,0,11.3678880959,Intel Xeon Gold 6248,Greedy,82.2748244734,
200,1201891,-0.73887777,0.000705824072217,0,32.4052612929,Intel Xeon Gold 6248,Greedy,81.9837512538,
200,1201894,-0.72801797,0.00071079338014,0,inf,Intel Xeon Gold 6248,Greedy,81.4472417252,
200,1201897,-0.72123642,0.000729348545637,0,33.4852991351,Intel Xeon Gold 6248,Greedy,80.5151454363,
200,1201900,-0.73620887,0.000680145436309,0,inf,Intel Xeon Gold 6248,Greedy,82.6445336008,
200,1201903,-0.73755742,0.000667492477432,0,inf,Intel Xeon Gold 6248,Greedy,82.0901705115,
200,1201906,-0.72539703,0.000683970210632,0,31.4019233185,Intel Xeon Gold 6248,Greedy,80.8684052156,
200,1201909,-0.72471893,0.000689945336008,0,inf,Intel Xeon Gold 6248,Greedy,82.18555667,
200,1201912,-0.73536082,0.000684726880642,0,31.43666298,Intel Xeon Gold 6248,Greedy,82.7818455366,
200,1201915,-0.74148332,0.000729507522568,0,16.7454590632,Intel Xeon Gold 6248,Greedy,82.2875626881,
200,1201918,-0.74602789,0.000740959578736,0,inf,Intel Xeon Gold 6248,Greedy,84.1137412237,
200,1201921,-0.74327068,0.000729860280843,0,11.1684773932,Intel Xeon Gold 6248,Greedy,83.5898696088,
200,1201924,-0.73036485,0.000697222467402,0,10.6690466238,Intel Xeon Gold 6248,Greedy,82.1792377131,
200,1201927,-0.73692257,0.00065705115346,0,30.1660359129,Intel Xeon Gold 6248,Greedy,82.1414242728,
200,1201930,-0.7469818,0.000711452657974,0,10.8868000293,Intel Xeon Gold 6248,Greedy,83.2294884654,
200,1201933,-0.7382631,0.000717751955868,0,32.9528852711,Intel Xeon Gold 6248,Greedy,82.4352056169,
200,1201936,-0.73922742,0.000675594383149,0,inf,Intel Xeon Gold 6248,Greedy,82.188665998,
200,1201939,-0.73272213,0.000749924874624,0,inf,Intel Xeon Gold 6248,Greedy,82.5692076229,
200,1201942,-0.7352259,0.000700782748245,0,10.7235267992,Intel Xeon Gold 6248,Greedy,82.5758274824,
200,1201945,-0.73644375,0.000678372116349,0,15.5716728787,Intel Xeon Gold 6248,Greedy,82.9502507523,
200,1201948,-0.73483874,0.000647292076229,0,29.7179845356,Intel Xeon Gold 6248,Greedy,81.4562688064,
200,1201951,-0.74829583,0.000723498294885,0,inf,Intel Xeon Gold 6248,Greedy,83.1949849549,
200,1201954,-0.74154736,0.000710693580742,0,inf,Intel Xeon Gold 6248,Greedy,82.9803410231,
200,1201957,-0.74033585,0.0006699332999,0,inf,Intel Xeon Gold 6248,Greedy,82.9656970913,
200,1201960,-0.74804642,0.000684185356068,0,15.7051127195,Intel Xeon Gold 6248,Greedy,84.2471414243,
200,1201963,-0.7466895,0.000709844934804,0,32.5898640968,Intel Xeon Gold 6248,Greedy,83.7293881645,
200,1201966,-0.72845879,0.000705624674022,0,32.3961066737,Intel Xeon Gold 6248,Greedy,81.1171514544,
200,1201969,-0.72784657,0.000694172818455,0,inf,Intel Xeon Gold 6248,Greedy,81.8915747242,
200,1201972,-0.73155549,0.000679014643932,0,inf,Intel Xeon Gold 6248,Greedy,82.4045135406,
200,1201975,-0.74286791,0.000671511634905,0,inf,Intel Xeon Gold 6248,Greedy,82.8893681043,
200,1201978,-0.7545701,0.000679984854564,0.001,6.24253742855,Intel Xeon Gold 6248,Greedy,83.0120361083,
200,1201981,-0.75140838,0.000686007321966,0,10.4974300808,Intel Xeon Gold 6248,Greedy,84.0462387161,
200,1201984,-0.74307257,0.000667433701103,0,inf,Intel Xeon Gold 6248,Greedy,82.5708124373,
200,1201987,-0.74649532,0.000707529789368,0,16.2409718301,Intel Xeon Gold 6248,Greedy,83.322668004,
200,1201990,-0.73228407,0.000676655767302,0,inf,Intel Xeon Gold 6248,Greedy,82.3713139418,
200,1201993,-0.75665671,0.000706370210632,0,32.430335187,Intel Xeon Gold 6248,Greedy,84.0174523571,
200,1201996,-0.74209751,0.000701668806419,0.001,6.4416049227,Intel Xeon Gold 6248,Greedy,83.1579739218,
200,1201999,-0.74716722,0.000670424674022,0,30.7800308803,Intel Xeon Gold 6248,Greedy,82.5044132397,
200,1202002,-0.75519774,0.00073590110331,0,inf,Intel Xeon Gold 6248,Greedy,83.377331996,
200,1202005,-0.7357776,0.00064644663992,0,inf,Intel Xeon Gold 6248,Greedy,82.7015045135,
200,1202008,-0.73382246,0.00066265777332,0,30.423442806,Intel Xeon Gold 6248,Greedy,81.8843530592,
200,1202011,-0.76275446,0.000757222367101,0,inf,Intel Xeon Gold 6248,Greedy,84.8115346038,
200,1202014,-0.73318496,0.000675687362086,0,inf,Intel Xeon Gold 6248,Greedy,82.0368104313,
200,1202017,-0.75548521,0.000660522968907,0,10.1074630851,Intel Xeon Gold 6248,Greedy,83.0020060181,
200,1202020,-0.74306207,0.00068864663992,0.001,6.32205613977,Intel Xeon Gold 6248,Greedy,81.7909729188,
200,1202023,-0.7338546,0.000677567402207,0,inf,Intel Xeon Gold 6248,Greedy,81.9692076229,
200,1202026,-0.73383257,0.000679164092277,0,inf,Intel Xeon Gold 6248,Greedy,82.692778335,
200,1202029,-0.74846219,0.000693662286861,0,7.9605266366,Intel Xeon Gold 6248,Greedy,83.4675025075,
300,1301732,-0.72986811,0.0010832441324,0,inf,Intel Xeon Gold 6248,Greedy,125.579939819,
300,1301735,-0.74610532,0.00109256258776,0,inf,Intel Xeon Gold 6248,Greedy,128.495787362,
300,1301738,-0.73719103,0.00104170240722,0,inf,Intel Xeon Gold 6248,Greedy,128.246238716,
300,1301741,-0.73004616,0.001064,0,inf,Intel Xeon Gold 6248,Greedy,126.920561685,
300,1301744,-0.74152506,0.00108587853561,0,inf,Intel Xeon Gold 6248,Greedy,130.127983952,
300,1301747,-0.73877165,0.00112212477432,0,inf,Intel Xeon Gold 6248,Greedy,126.391173521,
300,1301750,-0.7528069,0.00107538425276,0,inf,Intel Xeon Gold 6248,Greedy,127.424874624,
300,1301753,-0.72957745,0.00110792557673,0,inf,Intel Xeon Gold 6248,Greedy,126.342728185,
300,1301756,-0.74817231,0.00106475456369,0,inf,Intel Xeon Gold 6248,Greedy,128.676429288,
300,1301759,-0.75062766,0.00107503701103,0,inf,Intel Xeon Gold 6248,Greedy,128.795085256,
300,1301762,-0.73355984,0.00105110531595,0,inf,Intel Xeon Gold 6248,Greedy,128.693480441,
300,1301765,-0.75417868,0.00107405155466,0,inf,Intel Xeon Gold 6248,Greedy,131.29669007,
300,1301768,-0.74805011,0.00106230411234,0,inf,Intel Xeon Gold 6248,Greedy,129.299699097,
300,1301771,-0.75816047,0.00104269197593,0,inf,Intel Xeon Gold 6248,Greedy,129.711735206,
300,1301774,-0.74695339,0.00109439799398,0,inf,Intel Xeon Gold 6248,Greedy,129.223169509,
300,1301777,-0.73483969,0.00108469418255,0,inf,Intel Xeon Gold 6248,Greedy,126.819658977,
300,1301780,-0.73498965,0.00105899709127,0,inf,Intel Xeon Gold 6248,Greedy,127.16328987,
300,1301783,-0.73117454,0.00107583039117,0,inf,Intel Xeon Gold 6248,Greedy,128.533400201,
300,1301786,-0.74039868,0.00105205947844,0,inf,Intel Xeon Gold 6248,Greedy,127.271013039,
300,1301789,-0.75606975,0.00105613681043,0,inf,Intel Xeon Gold 6248,Greedy,128.922968907,
300,1301792,-0.75001395,0.00109675456369,0,inf,Intel Xeon Gold 6248,Greedy,129.56108325,
300,1301795,-0.74421251,0.00105473520562,0,inf,Intel Xeon Gold 6248,Greedy,129.171614845,
300,1301798,-0.74547474,0.00104387382146,0,inf,Intel Xeon Gold 6248,Greedy,129.352858576,
300,1301801,-0.77174642,0.00107861865597,0,inf,Intel Xeon Gold 6248,Greedy,132.585957874,
300,1301804,-0.7404076,0.00104177522568,0,inf,Intel Xeon Gold 6248,Greedy,128.272617854,
300,1301807,-0.74547474,0.00108733550652,0,inf,Intel Xeon Gold 6248,Greedy,129.453560682,
300,1301810,-0.74266591,0.00107569217653,0,inf,Intel Xeon Gold 6248,Greedy,128.127382146,
300,1301813,-0.73966962,0.00108090320963,0,inf,Intel Xeon Gold 6248,Greedy,129.174022066,
300,1301816,-0.74804879,0.00106052607823,0,inf,Intel Xeon Gold 6248,Greedy,129.142326981,
300,1301819,-0.73693977,0.00107419648947,0,inf,Intel Xeon Gold 6248,Greedy,127.162888666,
300,1301822,-0.73029092,0.00102611494483,0,inf,Intel Xeon Gold 6248,Greedy,125.445035105,
300,1301825,-0.73603518,0.00109510892678,0,inf,Intel Xeon Gold 6248,Greedy,126.509428285,
300,1301828,-0.7517408,0.00109196800401,0,inf,Intel Xeon Gold 6248,Greedy,129.919257773,
300,1301831,-0.75703546,0.00107933259779,0,inf,Intel Xeon Gold 6248,Greedy,128.911534604,
300,1301834,-0.73448957,0.00107964814443,0,inf,Intel Xeon Gold 6248,Greedy,127.479137412,
300,1301837,-0.7458042,0.00108989017051,0,inf,Intel Xeon Gold 6248,Greedy,127.268004012,
300,1301840,-0.72773237,0.00101269157472,0,inf,Intel Xeon Gold 6248,Greedy,126.512437312,
300,1301843,-0.74530728,0.00107886940822,0,inf,Intel Xeon Gold 6248,Greedy,128.969207623,
300,1301846,-0.74804619,0.001085332999,0,inf,Intel Xeon Gold 6248,Greedy,127.728284855,
300,1301849,-0.74740623,0.00106157542628,0,inf,Intel Xeon Gold 6248,Greedy,127.776529589,
300,1301852,-0.72869817,0.00103660942828,0,inf,Intel Xeon Gold 6248,Greedy,127.477231695,
300,1301855,-0.73438536,0.00108092918756,0,inf,Intel Xeon Gold 6248,Greedy,126.691675025,
300,1301858,-0.74392207,0.00105890471414,0,inf,Intel Xeon Gold 6248,Greedy,129.246940822,
300,1301861,-0.74118731,0.00107311414243,0,inf,Intel Xeon Gold 6248,Greedy,129.173620863,
300,1301864,-0.73544035,0.00105142828485,0,inf,Intel Xeon Gold 6248,Greedy,127.459177533,
300,1301867,-0.7341713,0.0010599667001,0,inf,Intel Xeon Gold 6248,Greedy,128.641323972,
300,1301870,-0.73863471,0.00108638044132,0,inf,Intel Xeon Gold 6248,Greedy,127.152357071,
300,1301873,-0.74475014,0.00106499217653,0,inf,Intel Xeon Gold 6248,Greedy,127.783550652,
300,1301876,-0.75833643,0.00106412908726,0,inf,Intel Xeon Gold 6248,Greedy,130.92778335,
300,1301879,-0.73057412,0.00107506599799,0,inf,Intel Xeon Gold 6248,Greedy,126.5888666,
300,1301882,-0.73902506,0.00105676870612,0,inf,Intel Xeon Gold 6248,Greedy,126.781444333,
300,1301885,-0.74366203,0.00106246328987,0,inf,Intel Xeon Gold 6248,Greedy,128.62557673,
300,1301888,-0.73789899,0.00105695636911,0,inf,Intel Xeon Gold 6248,Greedy,127.889468405,
300,1301891,-0.7402745,0.00104450441324,0,inf,Intel Xeon Gold 6248,Greedy,127.54553661,
300,1301894,-0.74337818,0.00106211253761,0,inf,Intel Xeon Gold 6248,Greedy,129.413440321,
300,1301897,-0.74302679,0.00108993229689,0,inf,Intel Xeon Gold 6248,Greedy,128.758174524,
300,1301900,-0.7462956,0.00106950902708,0,inf,Intel Xeon Gold 6248,Greedy,127.650852558,
300,1301903,-0.75750152,0.00106474684052,0,inf,Intel Xeon Gold 6248,Greedy,128.533199599,
300,1301906,-0.75324282,0.00105669067202,0,inf,Intel Xeon Gold 6248,Greedy,129.257372116,
300,1301909,-0.73942262,0.00104759027081,0,inf,Intel Xeon Gold 6248,Greedy,129.269508526,
300,1301912,-0.72767572,0.00106920300903,0,inf,Intel Xeon Gold 6248,Greedy,126.794684052,
300,1301915,-0.74113354,0.00106915155466,0,inf,Intel Xeon Gold 6248,Greedy,126.74002006,
300,1301918,-0.74550041,0.00107513881645,0,inf,Intel Xeon Gold 6248,Greedy,127.575626881,
300,1301921,-0.74781512,0.00108379007021,0,inf,Intel Xeon Gold 6248,Greedy,129.364994985,
300,1301924,-0.7477682,0.00104560832497,0,inf,Intel Xeon Gold 6248,Greedy,126.746539619,
300,1301927,-0.73727774,0.00102686609829,0,inf,Intel Xeon Gold 6248,Greedy,126.814744233,
300,1301930,-0.7427587,0.00106271765296,0,inf,Intel Xeon Gold 6248,Greedy,128.723971916,
300,1301933,-0.74161517,0.00109502076229,0,inf,Intel Xeon Gold 6248,Greedy,128.222066199,
300,1301936,-0.76424198,0.00109892387161,0,inf,Intel Xeon Gold 6248,Greedy,129.412036108,
300,1301939,-0.74645095,0.00107833069208,0,inf,Intel Xeon Gold 6248,Greedy,126.077532598,
300,1301942,-0.7490295,0.0010292662989,0,inf,Intel Xeon Gold 6248,Greedy,129.031795386,
300,1301945,-0.75286045,0.00105898505517,0,inf,Intel Xeon Gold 6248,Greedy,128.874322969,
300,1301948,-0.74341655,0.00110579829488,0,inf,Intel Xeon Gold 6248,Greedy,128.554563691,
300,1301951,-0.73265153,0.00100691604814,0,inf,Intel Xeon Gold 6248,Greedy,127.666900702,
300,1301954,-0.74960656,0.00105092086259,0,inf,Intel Xeon Gold 6248,Greedy,129.124974925,
300,1301957,-0.73977055,0.00106242918756,0,inf,Intel Xeon Gold 6248,Greedy,128.286860582,
300,1301960,-0.73547224,0.00105879378134,0,inf,Intel Xeon Gold 6248,Greedy,126.297392177,
300,1301963,-0.73517504,0.00109955656971,0,inf,Intel Xeon Gold 6248,Greedy,128.409929789,
300,1301966,-0.74917706,0.00104340421264,0,inf,Intel Xeon Gold 6248,Greedy,130.407622869,
300,1301969,-0.73541209,0.00107531845537,0,inf,Intel Xeon Gold 6248,Greedy,128.249147442,
300,1301972,-0.71887819,0.00103214994985,0,inf,Intel Xeon Gold 6248,Greedy,126.746339017,
300,1301975,-0.74752793,0.00104193590772,0,inf,Intel Xeon Gold 6248,Greedy,128.783049147,
300,1301978,-0.75369323,0.00102929829488,0,inf,Intel Xeon Gold 6248,Greedy,129.576028084,
300,1301981,-0.74141653,0.00106984042126,0,inf,Intel Xeon Gold 6248,Greedy,127.546439318,
300,1301984,-0.76609934,0.00109570982949,0,50.3054014781,Intel Xeon Gold 6248,Greedy,128.786258776,
300,1301987,-0.73218187,0.00106478284855,0,inf,Intel Xeon Gold 6248,Greedy,126.772417252,
300,1301990,-0.74922159,0.00104704824473,0,inf,Intel Xeon Gold 6248,Greedy,128.465897693,
300,1301993,-0.72678855,0.0010380223671,0,inf,Intel Xeon Gold 6248,Greedy,127.799097292,
300,1301996,-0.75169923,0.00107097522568,0,inf,Intel Xeon Gold 6248,Greedy,129.938615848,
300,1301999,-0.74488864,0.0010409108325,0,inf,Intel Xeon Gold 6248,Greedy,129.91444333,
300,1302002,-0.73042761,0.00105855997994,0,inf,Intel Xeon Gold 6248,Greedy,127.940922768,
300,1302005,-0.72662694,0.00105434002006,0,inf,Intel Xeon Gold 6248,Greedy,127.250150451,
300,1302008,-0.74550077,0.00102693831494,0,inf,Intel Xeon Gold 6248,Greedy,128.819458375,
300,1302011,-0.74393068,0.00105119007021,0,inf,Intel Xeon Gold 6248,Greedy,129.29448345,
300,1302014,-0.74142525,0.00108113420261,0,inf,Intel Xeon Gold 6248,Greedy,128.483450351,
300,1302017,-0.7403214,0.00107284884654,0,inf,Intel Xeon Gold 6248,Greedy,127.264092277,
300,1302020,-0.73337992,0.00103543480441,0,inf,Intel Xeon Gold 6248,Greedy,128.502808425,
300,1302023,-0.73667822,0.00103008565697,0,inf,Intel Xeon Gold 6248,Greedy,127.848946841,
300,1302026,-0.74775385,0.00105057452357,0,inf,Intel Xeon Gold 6248,Greedy,127.641624875,
300,1302029,-0.74365125,0.001037555667,0,inf,Intel Xeon Gold 6248,Greedy,126.634603811,
400,1401732,-0.73803236,0.00140127301906,0,inf,Intel Xeon Gold 6248,Greedy,174.455265797,
400,1401735,-0.72906801,0.00130553159478,0,inf,Intel Xeon Gold 6248,Greedy,173.548144433,
400,1401738,-0.75689627,0.00130841614845,0,inf,Intel Xeon Gold 6248,Greedy,176.81003009,
400,1401741,-0.74898283,0.00127369498495,0,inf,Intel Xeon Gold 6248,Greedy,177.114543631,
400,1401744,-0.75680289,0.00130417632899,0,inf,Intel Xeon Gold 6248,Greedy,175.504112337,
400,1401747,-0.7316934,0.00135793811434,0,inf,Intel Xeon Gold 6248,Greedy,174.763590772,
400,1401750,-0.73606897,0.00135864553661,0,inf,Intel Xeon Gold 6248,Greedy,173.863089268,
400,1401753,-0.74458812,0.0013166775326,0,inf,Intel Xeon Gold 6248,Greedy,175.70551655,
400,1401756,-0.73706781,0.00132767241725,0,inf,Intel Xeon Gold 6248,Greedy,174.079037111,
400,1401759,-0.73280304,0.00135131725176,0,inf,Intel Xeon Gold 6248,Greedy,172.585456369,
400,1401762,-0.73458882,0.00134617331996,0,inf,Intel Xeon Gold 6248,Greedy,174.205416249,
400,1401765,-0.75051092,0.00136475155466,0,inf,Intel Xeon Gold 6248,Greedy,177.188565697,
400,1401768,-0.74297022,0.00133568345035,0,inf,Intel Xeon Gold 6248,Greedy,176.420962889,
400,1401771,-0.74452064,0.00136070160481,0,inf,Intel Xeon Gold 6248,Greedy,175.885055165,
400,1401774,-0.75047754,0.0013135217653,0,inf,Intel Xeon Gold 6248,Greedy,176.937512538,
400,1401777,-0.74127963,0.00135508314945,0,inf,Intel Xeon Gold 6248,Greedy,174.68776329,
400,1401780,-0.75457324,0.00131415987964,0,inf,Intel Xeon Gold 6248,Greedy,176.666599799,
400,1401783,-0.73656981,0.00137626910732,0,inf,Intel Xeon Gold 6248,Greedy,174.741323972,
400,1401786,-0.73920122,0.00129562056169,0,inf,Intel Xeon Gold 6248,Greedy,175.729187563,
400,1401789,-0.74012903,0.00132499779338,0,inf,Intel Xeon Gold 6248,Greedy,175.186960883,
400,1401792,-0.73594009,0.00130436790371,0,inf,Intel Xeon Gold 6248,Greedy,173.677031093,
400,1401795,-0.73607958,0.00142336429288,0,inf,Intel Xeon Gold 6248,Greedy,173.635406219,
400,1401798,-0.73986012,0.00135289478435,0,inf,Intel Xeon Gold 6248,Greedy,175.068405216,
400,1401801,-0.7309702,0.0012882447342,0,inf,Intel Xeon Gold 6248,Greedy,173.925877633,
400,1401804,-0.74391809,0.00128917231695,0,inf,Intel Xeon Gold 6248,Greedy,175.373420261,
400,1401807,-0.76812319,0.00135839578736,0,62.3656406197,Intel Xeon Gold 6248,Greedy,175.014543631,
400,1401810,-0.745446,0.00138454192578,0,inf,Intel Xeon Gold 6248,Greedy,173.796990973,
400,1401813,-0.7315641,0.00135050762287,0,inf,Intel Xeon Gold 6248,Greedy,172.030591775,
400,1401816,-0.73863316,0.0013704218656,0,inf,Intel Xeon Gold 6248,Greedy,175.088465396,
400,1401819,-0.74524437,0.00126900541625,0,inf,Intel Xeon Gold 6248,Greedy,176.990571715,
400,1401822,-0.74572274,0.00130897673019,0,inf,Intel Xeon Gold 6248,Greedy,175.494082247,
400,1401825,-0.74911742,0.00139265456369,0,inf,Intel Xeon Gold 6248,Greedy,175.870511535,
400,1401828,-0.7368765,0.00129873430291,0,inf,Intel Xeon Gold 6248,Greedy,174.117452357,
400,1401831,-0.74823147,0.00130306298897,0,inf,Intel Xeon Gold 6248,Greedy,176.03440321,
400,1401834,-0.73818255,0.00128630150451,0,inf,Intel Xeon Gold 6248,Greedy,175.818555667,
400,1401837,-0.73248824,0.00128095877633,0,inf,Intel Xeon Gold 6248,Greedy,173.365195587,
400,1401840,-0.74111747,0.00131743229689,0,inf,Intel Xeon Gold 6248,Greedy,173.569608826,
400,1401843,-0.73563314,0.00136843640923,0,inf,Intel Xeon Gold 6248,Greedy,173.511634905,
400,1401846,-0.74493746,0.00136878254764,0,inf,Intel Xeon Gold 6248,Greedy,176.270411234,
400,1401849,-0.7258231,0.00131528475426,0,inf,Intel Xeon Gold 6248,Greedy,172.718054162,
400,1401852,-0.73295119,0.00137739147442,0,inf,Intel Xeon Gold 6248,Greedy,173.024172518,
400,1401855,-0.73058371,0.00135332678034,0,inf,Intel Xeon Gold 6248,Greedy,172.688064193,
400,1401858,-0.74936079,0.00133708194584,0,inf,Intel Xeon Gold 6248,Greedy,177.383550652,
400,1401861,-0.74013362,0.00139997071214,0,inf,Intel Xeon Gold 6248,Greedy,175.726178536,
400,1401864,-0.73995315,0.00131803851555,0,inf,Intel Xeon Gold 6248,Greedy,174.312036108,
400,1401867,-0.73494895,0.00133600140421,0,inf,Intel Xeon Gold 6248,Greedy,174.476930792,
400,1401870,-0.74198995,0.00135245777332,0,inf,Intel Xeon Gold 6248,Greedy,175.392577733,
400,1401873,-0.74126815,0.00137517873621,0,inf,Intel Xeon Gold 6248,Greedy,176.077231695,
400,1401876,-0.7536696,0.00135902557673,0,inf,Intel Xeon Gold 6248,Greedy,175.817953862,
400,1401879,-0.73124318,0.00133051364092,0,inf,Intel Xeon Gold 6248,Greedy,173.734002006,
400,1401882,-0.75242768,0.00131844513541,0,inf,Intel Xeon Gold 6248,Greedy,176.44112337,
400,1401885,-0.74846288,0.00136705677031,0,inf,Intel Xeon Gold 6248,Greedy,176.301504514,
400,1401888,-0.73063584,0.00137413771314,0,inf,Intel Xeon Gold 6248,Greedy,174.071013039,
400,1401891,-0.75249378,0.00135514834504,0,inf,Intel Xeon Gold 6248,Greedy,175.87662989,
400,1401894,-0.74287818,0.0014053217653,0,inf,Intel Xeon Gold 6248,Greedy,174.433600802,
400,1401897,-0.744091,0.0013973337011,0,inf,Intel Xeon Gold 6248,Greedy,174.887963892,
400,1401900,-0.72976962,0.00133686730191,0,inf,Intel Xeon Gold 6248,Greedy,172.87331996,
400,1401903,-0.74704772,0.00135840441324,0,inf,Intel Xeon Gold 6248,Greedy,176.639017051,
400,1401906,-0.73480327,0.00136834363089,0,inf,Intel Xeon Gold 6248,Greedy,174.682146439,
400,1401909,-0.73615777,0.0013067661986,0,inf,Intel Xeon Gold 6248,Greedy,175.347342026,
400,1401912,-0.73613554,0.00138600932798,0,inf,Intel Xeon Gold 6248,Greedy,175.153861585,
400,1401915,-0.7350671,0.00131227211635,0,inf,Intel Xeon Gold 6248,Greedy,175.194082247,
400,1401918,-0.74037545,0.00132126288867,0,inf,Intel Xeon Gold 6248,Greedy,174.156469408,
400,1401921,-0.73888,0.00135806609829,0,inf,Intel Xeon Gold 6248,Greedy,175.171715145,
400,1401924,-0.74088262,0.00131942527583,0,inf,Intel Xeon Gold 6248,Greedy,174.927582748,
400,1401927,-0.73219733,0.00133587201605,0,inf,Intel Xeon Gold 6248,Greedy,173.43891675,
400,1401930,-0.74872604,0.00130808064193,0,inf,Intel Xeon Gold 6248,Greedy,174.612938816,
400,1401933,-0.74473569,0.00131108976931,0,inf,Intel Xeon Gold 6248,Greedy,176.514643932,
400,1401936,-0.74614708,0.00134534744233,0,inf,Intel Xeon Gold 6248,Greedy,175.45115346,
400,1401939,-0.7518631,0.00140295677031,0,inf,Intel Xeon Gold 6248,Greedy,175.252958877,
400,1401942,-0.73991519,0.00139653570712,0,inf,Intel Xeon Gold 6248,Greedy,175.311434303,
400,1401945,-0.73622192,0.00135872427282,0,inf,Intel Xeon Gold 6248,Greedy,174.203510532,
400,1401948,-0.74236054,0.00136913650953,0,inf,Intel Xeon Gold 6248,Greedy,174.826479438,
400,1401951,-0.73667383,0.00131477903711,0,inf,Intel Xeon Gold 6248,Greedy,174.246840522,
400,1401954,-0.73484601,0.00139547552658,0,inf,Intel Xeon Gold 6248,Greedy,175.875125376,
400,1401957,-0.74287446,0.00135603450351,0,inf,Intel Xeon Gold 6248,Greedy,174.727081244,
400,1401960,-0.74471258,0.00137750330993,0,inf,Intel Xeon Gold 6248,Greedy,173.85446339,
400,1401963,-0.7319972,0.00134822477432,0,inf,Intel Xeon Gold 6248,Greedy,174.540822467,
400,1401966,-0.72763028,0.00132601745236,0,inf,Intel Xeon Gold 6248,Greedy,173.731895687,
400,1401969,-0.74789971,0.00130925346038,0,inf,Intel Xeon Gold 6248,Greedy,176.309027081,
400,1401972,-0.75547918,0.00128682016048,0,inf,Intel Xeon Gold 6248,Greedy,175.423470411,
400,1401975,-0.75800306,0.00144744974925,0,inf,Intel Xeon Gold 6248,Greedy,178.600501505,
400,1401978,-0.74840884,0.00134778234704,0,inf,Intel Xeon Gold 6248,Greedy,175.950752257,
400,1401981,-0.74273814,0.00142291915747,0,inf,Intel Xeon Gold 6248,Greedy,175.203610832,
400,1401984,-0.74683897,0.00138657893681,0,inf,Intel Xeon Gold 6248,Greedy,174.605416249,
400,1401987,-0.74060287,0.00139641033099,0,inf,Intel Xeon Gold 6248,Greedy,174.892878636,
400,1401990,-0.7464518,0.00140991404213,0,inf,Intel Xeon Gold 6248,Greedy,176.573119358,
400,1401993,-0.73049544,0.00132665837513,0,inf,Intel Xeon Gold 6248,Greedy,172.985857573,
400,1401996,-0.74501098,0.0013501221665,0,inf,Intel Xeon Gold 6248,Greedy,175.538114343,
400,1401999,-0.73598272,0.00135794663992,0,inf,Intel Xeon Gold 6248,Greedy,174.49558676,
400,1402002,-0.74348015,0.0014375663992,0,inf,Intel Xeon Gold 6248,Greedy,174.899498495,
400,1402005,-0.74072952,0.00135113691073,0,inf,Intel Xeon Gold 6248,Greedy,174.794684052,
400,1402008,-0.74256917,0.00129423400201,0,inf,Intel Xeon Gold 6248,Greedy,176.302106319,
400,1402011,-0.74801422,0.00136707863591,0,inf,Intel Xeon Gold 6248,Greedy,175.770712136,
400,1402014,-0.76091893,0.00135590160481,0,inf,Intel Xeon Gold 6248,Greedy,177.864894684,
400,1402017,-0.74854167,0.00142054774323,0,inf,Intel Xeon Gold 6248,Greedy,176.37883651,
400,1402020,-0.73926207,0.00135880471414,0,inf,Intel Xeon Gold 6248,Greedy,174.288465396,
400,1402023,-0.7291899,0.00129841323972,0,inf,Intel Xeon Gold 6248,Greedy,174.243029087,
400,1402026,-0.74606143,0.00142216238716,0,inf,Intel Xeon Gold 6248,Greedy,176.936008024,
400,1402029,-0.7395706,0.00136889368104,0,inf,Intel Xeon Gold 6248,Greedy,176.037612839,
600,1601732,-0.73379906,0.00253742136409,0,inf,Intel Xeon Gold 6248,Greedy,272.018555667,
600,1601735,-0.73397223,0.0025962328987,0,inf,Intel Xeon Gold 6248,Greedy,271.238415246,
600,1601738,-0.72722386,0.00264217402207,0,inf,Intel Xeon Gold 6248,Greedy,271.218956871,
600,1601741,-0.73714742,0.00260667512538,0,inf,Intel Xeon Gold 6248,Greedy,272.018956871,
600,1601744,-0.733029,0.00263296328987,0,inf,Intel Xeon Gold 6248,Greedy,270.890070211,
600,1601747,-0.73769253,0.00259747422267,0,inf,Intel Xeon Gold 6248,Greedy,271.928986961,
600,1601750,-0.73672906,0.00251069829488,0,inf,Intel Xeon Gold 6248,Greedy,273.83560682,
600,1601753,-0.7274835,0.00260123681043,0,inf,Intel Xeon Gold 6248,Greedy,271.144032096,
600,1601756,-0.73653982,0.0025348782347,0,inf,Intel Xeon Gold 6248,Greedy,270.274322969,
600,1601759,-0.73111946,0.00255435135406,0,inf,Intel Xeon Gold 6248,Greedy,271.843731194,
600,1601762,-0.73779283,0.00262453139418,0,inf,Intel Xeon Gold 6248,Greedy,273.285255767,
600,1601765,-0.7292408,0.00259341344032,0,inf,Intel Xeon Gold 6248,Greedy,270.270110331,
600,1601768,-0.72773965,0.0025537330993,0,inf,Intel Xeon Gold 6248,Greedy,269.218054162,
600,1601771,-0.73197654,0.00254183971916,0,inf,Intel Xeon Gold 6248,Greedy,272.179438315,
600,1601774,-0.72650707,0.00260042698094,0,inf,Intel Xeon Gold 6248,Greedy,268.823470411,
600,1601777,-0.73937856,0.00260332868606,0,inf,Intel Xeon Gold 6248,Greedy,271.852758275,
600,1601780,-0.73265928,0.00258323851555,0,inf,Intel Xeon Gold 6248,Greedy,272.215346038,
600,1601783,-0.72773313,0.00252611374122,0,inf,Intel Xeon Gold 6248,Greedy,271.797893681,
600,1601786,-0.72796616,0.00261663620863,0,inf,Intel Xeon Gold 6248,Greedy,271.498996991,
600,1601789,-0.73877722,0.00264094714142,0,inf,Intel Xeon Gold 6248,Greedy,273.376830491,
600,1601792,-0.73058386,0.00255051985958,0,inf,Intel Xeon Gold 6248,Greedy,270.524774323,
600,1601795,-0.75085446,0.00254615747242,0,inf,Intel Xeon Gold 6248,Greedy,274.677532598,
600,1601798,-0.74952814,0.00262618806419,0,inf,Intel Xeon Gold 6248,Greedy,275.980541625,
600,1601801,-0.7373976,0.00253423009027,0,inf,Intel Xeon Gold 6248,Greedy,271.808726179,
600,1601804,-0.73345284,0.00250899157472,0,inf,Intel Xeon Gold 6248,Greedy,269.932898696,
600,1601807,-0.73915007,0.00268977993982,0,inf,Intel Xeon Gold 6248,Greedy,271.857171515,
600,1601810,-0.74369555,0.00259190451354,0,inf,Intel Xeon Gold 6248,Greedy,274.218355065,
600,1601813,-0.72786112,0.00254427652959,0,inf,Intel Xeon Gold 6248,Greedy,271.017452357,
600,1601816,-0.74009247,0.00255267201605,0,inf,Intel Xeon Gold 6248,Greedy,273.066599799,
600,1601819,-0.7368315,0.00268885205617,0,inf,Intel Xeon Gold 6248,Greedy,272.287061184,
600,1601822,-0.73647465,0.00256308294885,0,inf,Intel Xeon Gold 6248,Greedy,269.640521565,
600,1601825,-0.72772653,0.00260066409228,0,inf,Intel Xeon Gold 6248,Greedy,271.14112337,
600,1601828,-0.73990814,0.00266044764293,0,inf,Intel Xeon Gold 6248,Greedy,272.916449348,
600,1601831,-0.74238251,0.00261921644935,0,inf,Intel Xeon Gold 6248,Greedy,271.413139418,
600,1601834,-0.72498312,0.00262882788365,0,inf,Intel Xeon Gold 6248,Greedy,270.28114343,
600,1601837,-0.7281268,0.00256139849549,0,inf,Intel Xeon Gold 6248,Greedy,269.621564694,
600,1601840,-0.73491868,0.00266518655968,0,inf,Intel Xeon Gold 6248,Greedy,271.222567703,
600,1601843,-0.74056356,0.00260004092277,0,inf,Intel Xeon Gold 6248,Greedy,273.182146439,
600,1601846,-0.72454037,0.00252906078235,0,inf,Intel Xeon Gold 6248,Greedy,269.249749248,
600,1601849,-0.74771406,0.00252314794383,0,inf,Intel Xeon Gold 6248,Greedy,271.028284855,
600,1601852,-0.74897426,0.00261317512538,0,inf,Intel Xeon Gold 6248,Greedy,275.201705115,
600,1601855,-0.73446974,0.00255471173521,0,inf,Intel Xeon Gold 6248,Greedy,271.809127382,
600,1601858,-0.74395579,0.00259617963892,0,inf,Intel Xeon Gold 6248,Greedy,273.112938816,
600,1601861,-0.74316981,0.0025276883651,0,inf,Intel Xeon Gold 6248,Greedy,274.203811434,
600,1601864,-0.73609523,0.00251513069208,0,inf,Intel Xeon Gold 6248,Greedy,272.125075226,
600,1601867,-0.73622452,0.00258294032096,0,inf,Intel Xeon Gold 6248,Greedy,270.866399198,
600,1601870,-0.73182256,0.00256242848546,0,inf,Intel Xeon Gold 6248,Greedy,273.687362086,
600,1601873,-0.73609254,0.00264129037111,0,inf,Intel Xeon Gold 6248,Greedy,274.11003009,
600,1601876,-0.73764545,0.00271981785356,0,inf,Intel Xeon Gold 6248,Greedy,272.766298897,
600,1601879,-0.74268437,0.00256732938816,0,inf,Intel Xeon Gold 6248,Greedy,274.566098295,
600,1601882,-0.72879408,0.0026025112337,0,inf,Intel Xeon Gold 6248,Greedy,270.466900702,
600,1601885,-0.73212382,0.00265013570712,0,inf,Intel Xeon Gold 6248,Greedy,272.572918756,
600,1601888,-0.72999018,0.00255283871615,0,inf,Intel Xeon Gold 6248,Greedy,271.451454363,
600,1601891,-0.73463283,0.00255096158475,0,inf,Intel Xeon Gold 6248,Greedy,269.355065196,
600,1601894,-0.73010764,0.00252158555667,0,inf,Intel Xeon Gold 6248,Greedy,269.637612839,
600,1601897,-0.7287802,0.00265099027081,0,inf,Intel Xeon Gold 6248,Greedy,270.126479438,
600,1601900,-0.73738629,0.00252386469408,0,inf,Intel Xeon Gold 6248,Greedy,270.776730191,
600,1601903,-0.74629343,0.00271280702106,0,inf,Intel Xeon Gold 6248,Greedy,275.120561685,
600,1601906,-0.74270169,0.00258366318957,0,inf,Intel Xeon Gold 6248,Greedy,273.503610832,
600,1601909,-0.7368905,0.00268256308927,0,inf,Intel Xeon Gold 6248,Greedy,272.143630893,
600,1601912,-0.73055286,0.00256005336008,0,inf,Intel Xeon Gold 6248,Greedy,271.825376128,
600,1601915,-0.74725041,0.00269291825476,0,inf,Intel Xeon Gold 6248,Greedy,272.679839519,
600,1601918,-0.73888099,0.00265743841525,0,inf,Intel Xeon Gold 6248,Greedy,271.079037111,
600,1601921,-0.73527266,0.00272302958877,0,inf,Intel Xeon Gold 6248,Greedy,273.872918756,
600,1601924,-0.72444861,0.00268823570712,0,inf,Intel Xeon Gold 6248,Greedy,271.25887663,
600,1601927,-0.73845202,0.00259324784353,0,inf,Intel Xeon Gold 6248,Greedy,272.705917753,
600,1601930,-0.73722683,0.00250883630893,0,inf,Intel Xeon Gold 6248,Greedy,271.185255767,
600,1601933,-0.74363927,0.00261732547643,0,inf,Intel Xeon Gold 6248,Greedy,274.60551655,
600,1601936,-0.74368799,0.00264398966901,0,inf,Intel Xeon Gold 6248,Greedy,274.414643932,
600,1601939,-0.72699728,0.0025727449348,0,inf,Intel Xeon Gold 6248,Greedy,270.179237713,
600,1601942,-0.73608748,0.00256240200602,0,inf,Intel Xeon Gold 6248,Greedy,273.489067202,
600,1601945,-0.72974475,0.00267863129388,0,inf,Intel Xeon Gold 6248,Greedy,272.308525577,
600,1601948,-0.74805045,0.00257870822467,0,inf,Intel Xeon Gold 6248,Greedy,274.743731194,
600,1601951,-0.73040987,0.00260045065196,0,inf,Intel Xeon Gold 6248,Greedy,269.635907723,
600,1601954,-0.7323277,0.00271636218656,0,inf,Intel Xeon Gold 6248,Greedy,272.892678034,
600,1601957,-0.73752518,0.0025856772317,0,inf,Intel Xeon Gold 6248,Greedy,271.129187563,
600,1601960,-0.73625458,0.00268653981946,0,inf,Intel Xeon Gold 6248,Greedy,272.118555667,
600,1601963,-0.73779246,0.00269652617854,0,inf,Intel Xeon Gold 6248,Greedy,271.9332999,
600,1601966,-0.73676744,0.00267070651956,0,inf,Intel Xeon Gold 6248,Greedy,270.599699097,
600,1601969,-0.73224851,0.00264593229689,0,inf,Intel Xeon Gold 6248,Greedy,271.63671013,
600,1601972,-0.74486267,0.0026268441324,0,inf,Intel Xeon Gold 6248,Greedy,271.774322969,
600,1601975,-0.74902985,0.00264563440321,0,inf,Intel Xeon Gold 6248,Greedy,273.940521565,
600,1601978,-0.7338974,0.00261060862588,0,inf,Intel Xeon Gold 6248,Greedy,270.925777332,
600,1601981,-0.73870807,0.00272969809428,0,inf,Intel Xeon Gold 6248,Greedy,273.721464393,
600,1601984,-0.73060237,0.00263012738215,0,inf,Intel Xeon Gold 6248,Greedy,271.811634905,
600,1601987,-0.73093865,0.00262460651956,0,inf,Intel Xeon Gold 6248,Greedy,271.784152457,
600,1601990,-0.7388166,0.00262065376128,0,inf,Intel Xeon Gold 6248,Greedy,273.486258776,
600,1601993,-0.73397585,0.00268234874624,0,inf,Intel Xeon Gold 6248,Greedy,271.043630893,
600,1601996,-0.74184104,0.0025858227683,0,inf,Intel Xeon Gold 6248,Greedy,270.550150451,
600,1601999,-0.74045609,0.00268284162487,0,inf,Intel Xeon Gold 6248,Greedy,275.193781344,
600,1602002,-0.73926028,0.00263823971916,0,inf,Intel Xeon Gold 6248,Greedy,272.885656971,
600,1602005,-0.74536434,0.00271546399198,0,inf,Intel Xeon Gold 6248,Greedy,273.365997994,
600,1602008,-0.7270358,0.00259721644935,0,inf,Intel Xeon Gold 6248,Greedy,271.369508526,
600,1602011,-0.75101379,0.00258819588766,0,inf,Intel Xeon Gold 6248,Greedy,274.116148445,
600,1602014,-0.74049909,0.00273676198596,0,inf,Intel Xeon Gold 6248,Greedy,271.722868606,
600,1602017,-0.74523545,0.00271006489468,0,inf,Intel Xeon Gold 6248,Greedy,273.859679037,
600,1602020,-0.73202649,0.00263974533601,0,inf,Intel Xeon Gold 6248,Greedy,271.956168506,
600,1602023,-0.72876919,0.00268716469408,0,inf,Intel Xeon Gold 6248,Greedy,271.850451354,
600,1602026,-0.73784431,0.00261811905717,0,inf,Intel Xeon Gold 6248,Greedy,272.019458375,
600,1602029,-0.73039969,0.00262647632899,0,inf,Intel Xeon Gold 6248,Greedy,272,
800,1801732,-0.73558789,0.00421423721163,0,inf,Intel Xeon Gold 6248,Greedy,372.391273821,
800,1801735,-0.7431879,0.00420712457372,0,inf,Intel Xeon Gold 6248,Greedy,375.159177533,
800,1801738,-0.73499076,0.00425233079238,0,inf,Intel Xeon Gold 6248,Greedy,373.74663992,
800,1801741,-0.73511558,0.00434488465396,0,inf,Intel Xeon Gold 6248,Greedy,372.182146439,
800,1801744,-0.73812232,0.00417869067202,0,inf,Intel Xeon Gold 6248,Greedy,374.64112337,
800,1801747,-0.72497723,0.00434566449348,0,inf,Intel Xeon Gold 6248,Greedy,371.008726179,
800,1801750,-0.73334767,0.00423949638917,0,inf,Intel Xeon Gold 6248,Greedy,370.909127382,
800,1801753,-0.74159885,0.00424564152457,0,inf,Intel Xeon Gold 6248,Greedy,374.096790371,
800,1801756,-0.72814894,0.0042573114343,0,inf,Intel Xeon Gold 6248,Greedy,372.08996991,
800,1801759,-0.72329407,0.00435554563691,0,inf,Intel Xeon Gold 6248,Greedy,369.073721163,
800,1801762,-0.73168556,0.0041712327984,0,inf,Intel Xeon Gold 6248,Greedy,372.430591775,
800,1801765,-0.73544566,0.00434818495486,0,inf,Intel Xeon Gold 6248,Greedy,374.848244734,
800,1801768,-0.72745691,0.00423740060181,0,inf,Intel Xeon Gold 6248,Greedy,371.705616851,
800,1801771,-0.73375772,0.00427384804413,0,inf,Intel Xeon Gold 6248,Greedy,368.997893681,
800,1801774,-0.73162393,0.00432462367101,0,inf,Intel Xeon Gold 6248,Greedy,372.78004012,
800,1801777,-0.72868685,0.0043089780341,0,inf,Intel Xeon Gold 6248,Greedy,370.168104313,
800,1801780,-0.73579893,0.00424141594784,0,inf,Intel Xeon Gold 6248,Greedy,373.648946841,
800,1801783,-0.73684931,0.00422386188566,0,inf,Intel Xeon Gold 6248,Greedy,375.102908726,
800,1801786,-0.72522512,0.00429015957874,0,inf,Intel Xeon Gold 6248,Greedy,370.497693079,
800,1801789,-0.73045675,0.00420318826479,0,inf,Intel Xeon Gold 6248,Greedy,370.076930792,
800,1801792,-0.73457128,0.00430076449348,0,inf,Intel Xeon Gold 6248,Greedy,371.694884654,
800,1801795,-0.73100495,0.00427298766299,0,inf,Intel Xeon Gold 6248,Greedy,370.828284855,
800,1801798,-0.73293085,0.00433765446339,0,inf,Intel Xeon Gold 6248,Greedy,376.270812437,
800,1801801,-0.73035806,0.00425504944835,0,inf,Intel Xeon Gold 6248,Greedy,372.141223671,
800,1801804,-0.72914547,0.00419223460381,0,inf,Intel Xeon Gold 6248,Greedy,371.010230692,
800,1801807,-0.73312473,0.00428015265797,0,inf,Intel Xeon Gold 6248,Greedy,372.5777332,
800,1801810,-0.72646708,0.0042164885657,0,inf,Intel Xeon Gold 6248,Greedy,369.9667001,
800,1801813,-0.73081266,0.00432095336008,0,inf,Intel Xeon Gold 6248,Greedy,370.330391174,
800,1801816,-0.73396783,0.00430843169509,0,inf,Intel Xeon Gold 6248,Greedy,370.164292879,
800,1801819,-0.72958905,0.00433935285858,0,inf,Intel Xeon Gold 6248,Greedy,372.409327984,
800,1801822,-0.74635514,0.00426017442327,0,inf,Intel Xeon Gold 6248,Greedy,375.412938816,
800,1801825,-0.74006096,0.00431943390171,0,inf,Intel Xeon Gold 6248,Greedy,372.874724173,
800,1801828,-0.72942871,0.0042528116349,0,inf,Intel Xeon Gold 6248,Greedy,369.571815446,
800,1801831,-0.73781976,0.00419395315948,0,inf,Intel Xeon Gold 6248,Greedy,370.773620863,
800,1801834,-0.74380223,0.00423833149448,0,inf,Intel Xeon Gold 6248,Greedy,374.496990973,
800,1801837,-0.73293222,0.00428888204614,0,inf,Intel Xeon Gold 6248,Greedy,370.576328987,
800,1801840,-0.7402276,0.00437011283852,0,inf,Intel Xeon Gold 6248,Greedy,374.910531595,
800,1801843,-0.72603294,0.0043393661986,0,inf,Intel Xeon Gold 6248,Greedy,372.160180542,
800,1801846,-0.73626601,0.0042504668004,0,inf,Intel Xeon Gold 6248,Greedy,374.8888666,
800,1801849,-0.73608769,0.0043146997994,0,inf,Intel Xeon Gold 6248,Greedy,370.913039117,
800,1801852,-0.73125897,0.00419620882648,0,inf,Intel Xeon Gold 6248,Greedy,371.533801404,
800,1801855,-0.73520607,0.00428182056169,0,inf,Intel Xeon Gold 6248,Greedy,374.551253761,
800,1801858,-0.73363667,0.00432269819458,0,inf,Intel Xeon Gold 6248,Greedy,373.41554664,
800,1801861,-0.73592207,0.00424977552658,0,inf,Intel Xeon Gold 6248,Greedy,375.420862588,
800,1801864,-0.73239897,0.00435555827482,0,inf,Intel Xeon Gold 6248,Greedy,372.848244734,
800,1801867,-0.73456755,0.00436469578736,0,inf,Intel Xeon Gold 6248,Greedy,373.600300903,
800,1801870,-0.74079774,0.00433445456369,0,inf,Intel Xeon Gold 6248,Greedy,375.001805416,
800,1801873,-0.72996619,0.00433345235707,0,inf,Intel Xeon Gold 6248,Greedy,373.107221665,
800,1801876,-0.7382262,0.00433858766299,0,inf,Intel Xeon Gold 6248,Greedy,372.797693079,
800,1801879,-0.72429213,0.00426426258776,0,inf,Intel Xeon Gold 6248,Greedy,371.627683049,
800,1801882,-0.74189363,0.00436199358074,0,inf,Intel Xeon Gold 6248,Greedy,375.170310933,
800,1801885,-0.73162261,0.00440696760281,0,inf,Intel Xeon Gold 6248,Greedy,374.832397192,
800,1801888,-0.72916907,0.00430113460381,0,inf,Intel Xeon Gold 6248,Greedy,370.041825476,
800,1801891,-0.72785093,0.00426006830491,0,inf,Intel Xeon Gold 6248,Greedy,372.256369107,
800,1801894,-0.73330241,0.00429150361083,0,inf,Intel Xeon Gold 6248,Greedy,371.5,
800,1801897,-0.73123491,0.00425138274824,0,inf,Intel Xeon Gold 6248,Greedy,371.182347041,
800,1801900,-0.73060301,0.00434830561685,0,inf,Intel Xeon Gold 6248,Greedy,370.444132397,
800,1801903,-0.73031652,0.00420837903711,0,inf,Intel Xeon Gold 6248,Greedy,370.406118355,
800,1801906,-0.72840939,0.00424549287864,0,inf,Intel Xeon Gold 6248,Greedy,371.705015045,
800,1801909,-0.7349771,0.00426226609829,0,inf,Intel Xeon Gold 6248,Greedy,370.042627884,
800,1801912,-0.73593152,0.00437819458375,0,inf,Intel Xeon Gold 6248,Greedy,370.333801404,
800,1801915,-0.74015767,0.0043246559679,0,inf,Intel Xeon Gold 6248,Greedy,373.089468405,
800,1801918,-0.73446423,0.0044118998997,0,inf,Intel Xeon Gold 6248,Greedy,372.905015045,
800,1801921,-0.73201417,0.00430294242728,0,inf,Intel Xeon Gold 6248,Greedy,373.749749248,
800,1801924,-0.73106316,0.00422947402207,0,inf,Intel Xeon Gold 6248,Greedy,370.689769308,
800,1801927,-0.73780938,0.00432908575727,0,inf,Intel Xeon Gold 6248,Greedy,372.82668004,
800,1801930,-0.72981281,0.00438335295888,0,inf,Intel Xeon Gold 6248,Greedy,371.811233701,
800,1801933,-0.72763948,0.00441756178536,0,inf,Intel Xeon Gold 6248,Greedy,371.315847543,
800,1801936,-0.73099091,0.00433268054162,0,inf,Intel Xeon Gold 6248,Greedy,372.058575727,
800,1801939,-0.74524137,0.00431249558676,0,inf,Intel Xeon Gold 6248,Greedy,374.785656971,
800,1801942,-0.73257071,0.00418946609829,0,inf,Intel Xeon Gold 6248,Greedy,369.347542628,
800,1801945,-0.7254649,0.00429199297894,0,inf,Intel Xeon Gold 6248,Greedy,368.56449348,
800,1801948,-0.73613653,0.00426354172518,0,inf,Intel Xeon Gold 6248,Greedy,372.685155466,
800,1801951,-0.73696788,0.00423153681043,0,inf,Intel Xeon Gold 6248,Greedy,371.767201605,
800,1801954,-0.73082879,0.00438778395186,0,inf,Intel Xeon Gold 6248,Greedy,371.439017051,
800,1801957,-0.7272838,0.00427128696088,0,inf,Intel Xeon Gold 6248,Greedy,372.564593781,
800,1801960,-0.7309721,0.00425662718154,0,inf,Intel Xeon Gold 6248,Greedy,371.836609829,
800,1801963,-0.73287159,0.00433243440321,0,inf,Intel Xeon Gold 6248,Greedy,371.80772317,
800,1801966,-0.73148946,0.00435831685055,0,inf,Intel Xeon Gold 6248,Greedy,374.557271815,
800,1801969,-0.72413991,0.00432236910732,0,inf,Intel Xeon Gold 6248,Greedy,370.342126379,
800,1801972,-0.73757305,0.00428185616851,0,inf,Intel Xeon Gold 6248,Greedy,371.660682046,
800,1801975,-0.73440334,0.00428385305918,0,inf,Intel Xeon Gold 6248,Greedy,372.378535607,
800,1801978,-0.72885335,0.00436690381143,0,inf,Intel Xeon Gold 6248,Greedy,372.79889669,
800,1801981,-0.72822799,0.00422679899699,0,inf,Intel Xeon Gold 6248,Greedy,371.080742227,
800,1801984,-0.74521044,0.00445814764293,0,inf,Intel Xeon Gold 6248,Greedy,373.794884654,
800,1801987,-0.73139895,0.00436624032096,0,inf,Intel Xeon Gold 6248,Greedy,370.920060181,
800,1801990,-0.73434403,0.00436729769308,0,inf,Intel Xeon Gold 6248,Greedy,373.968505517,
800,1801993,-0.73056062,0.00438094844534,0,inf,Intel Xeon Gold 6248,Greedy,370.484252758,
800,1801996,-0.73919125,0.00433059187563,0,inf,Intel Xeon Gold 6248,Greedy,372.491775326,
800,1801999,-0.73491844,0.00424261945838,0,inf,Intel Xeon Gold 6248,Greedy,370.41995988,
800,1802002,-0.73248416,0.00427040982949,0,inf,Intel Xeon Gold 6248,Greedy,369.239117352,
800,1802005,-0.73458145,0.00433541925777,0,inf,Intel Xeon Gold 6248,Greedy,371.992076229,
800,1802008,-0.72602329,0.0043923225677,0,inf,Intel Xeon Gold 6248,Greedy,370.437512538,
800,1802011,-0.73523245,0.00428009648947,0,inf,Intel Xeon Gold 6248,Greedy,373.500702106,
800,1802014,-0.74398566,0.00430625727182,0,inf,Intel Xeon Gold 6248,Greedy,372.999498495,
800,1802017,-0.72761665,0.00434248134403,0,inf,Intel Xeon Gold 6248,Greedy,372.325777332,
800,1802020,-0.73916406,0.00427060471414,0,inf,Intel Xeon Gold 6248,Greedy,372.677532598,
800,1802023,-0.72136214,0.00436234824473,0,inf,Intel Xeon Gold 6248,Greedy,368.107021063,
800,1802026,-0.73426296,0.00428166840522,0,inf,Intel Xeon Gold 6248,Greedy,372.342326981,
800,1802029,-0.73276207,0.00444617502508,0,inf,Intel Xeon Gold 6248,Greedy,372.39448345,
1000,2001732,-0.72128884,0.00668200120361,0,inf,Intel Xeon Gold 6248,Greedy,471.840521565,
1000,2001735,-0.73162684,0.00661617853561,0,inf,Intel Xeon Gold 6248,Greedy,472.745937813,
1000,2001738,-0.72834243,0.0066069337011,0,inf,Intel Xeon Gold 6248,Greedy,474.450451354,
1000,2001741,-0.72861558,0.00665485285858,0,inf,Intel Xeon Gold 6248,Greedy,475.968204614,
1000,2001744,-0.72610925,0.00660295787362,0,inf,Intel Xeon Gold 6248,Greedy,474.876730191,
1000,2001747,-0.7213669,0.00654334684052,0,inf,Intel Xeon Gold 6248,Greedy,471.229388164,
1000,2001750,-0.7275403,0.00671623490471,0,inf,Intel Xeon Gold 6248,Greedy,476.170611836,
1000,2001753,-0.72517829,0.00655566008024,0,inf,Intel Xeon Gold 6248,Greedy,471.41554664,
1000,2001756,-0.7308377,0.00652439719157,0,inf,Intel Xeon Gold 6248,Greedy,476.779438315,
1000,2001759,-0.72521155,0.00657817011033,0,inf,Intel Xeon Gold 6248,Greedy,474.029889669,
1000,2001762,-0.73984669,0.006665088666,0,inf,Intel Xeon Gold 6248,Greedy,475.627081244,
1000,2001765,-0.72205401,0.00663783570712,0,inf,Intel Xeon Gold 6248,Greedy,474.548445336,
1000,2001768,-0.72985238,0.00659840260782,0,inf,Intel Xeon Gold 6248,Greedy,474.529488465,
1000,2001771,-0.72986261,0.00660989127382,0,inf,Intel Xeon Gold 6248,Greedy,475.06328987,
1000,2001774,-0.72656109,0.00667762758275,0,inf,Intel Xeon Gold 6248,Greedy,474.793079238,
1000,2001777,-0.72945613,0.00664235767302,0,inf,Intel Xeon Gold 6248,Greedy,472.231695085,
1000,2001780,-0.73339907,0.00660810431294,0,inf,Intel Xeon Gold 6248,Greedy,474.193781344,
1000,2001783,-0.72530563,0.00662878064193,0,inf,Intel Xeon Gold 6248,Greedy,472.788164493,
1000,2001786,-0.73133199,0.00663555757272,0,inf,Intel Xeon Gold 6248,Greedy,475.385957874,
1000,2001789,-0.72787955,0.00664726970913,0,inf,Intel Xeon Gold 6248,Greedy,474.263891675,
1000,2001792,-0.72884255,0.00670083781344,0,inf,Intel Xeon Gold 6248,Greedy,473.135907723,
1000,2001795,-0.73079006,0.00663610160481,0,inf,Intel Xeon Gold 6248,Greedy,473.477632899,
1000,2001798,-0.73058254,0.0066028440321,0,inf,Intel Xeon Gold 6248,Greedy,477.319658977,
1000,2001801,-0.72541932,0.00660858365095,0,inf,Intel Xeon Gold 6248,Greedy,472.420762287,
1000,2001804,-0.73091099,0.0066209780341,0,inf,Intel Xeon Gold 6248,Greedy,476.399899699,
1000,2001807,-0.72939702,0.00658721644935,0,inf,Intel Xeon Gold 6248,Greedy,474.712637914,
1000,2001810,-0.72779834,0.00669510852558,0,inf,Intel Xeon Gold 6248,Greedy,477.015245737,
1000,2001813,-0.73096321,0.00659517161484,0,inf,Intel Xeon Gold 6248,Greedy,473.34112337,
1000,2001816,-0.72690068,0.00661483901705,0,inf,Intel Xeon Gold 6248,Greedy,474.016449348,
1000,2001819,-0.7334458,0.00660943711133,0,inf,Intel Xeon Gold 6248,Greedy,474.748645938,
1000,2001822,-0.72446065,0.00659254704112,0,inf,Intel Xeon Gold 6248,Greedy,474.775827482,
1000,2001825,-0.72731582,0.00654539568706,0,inf,Intel Xeon Gold 6248,Greedy,474.038415246,
1000,2001828,-0.73501889,0.00659532738215,0,inf,Intel Xeon Gold 6248,Greedy,476.393981946,
1000,2001831,-0.72793287,0.00659402146439,0,inf,Intel Xeon Gold 6248,Greedy,473.840521565,
1000,2001834,-0.73338278,0.00671496800401,0,inf,Intel Xeon Gold 6248,Greedy,476.574322969,
1000,2001837,-0.73123023,0.00660945626881,0,inf,Intel Xeon Gold 6248,Greedy,475.791173521,
1000,2001840,-0.73324427,0.00662985436309,0,inf,Intel Xeon Gold 6248,Greedy,474.760080241,
1000,2001843,-0.7283051,0.0066098331996,0,inf,Intel Xeon Gold 6248,Greedy,474.048645938,
1000,2001846,-0.73223244,0.00666940290873,0,inf,Intel Xeon Gold 6248,Greedy,474.057873621,
1000,2001849,-0.7285084,0.00664856288867,0,inf,Intel Xeon Gold 6248,Greedy,473.362888666,
1000,2001852,-0.73601234,0.00667057903711,0,inf,Intel Xeon Gold 6248,Greedy,477.039217653,
1000,2001855,-0.72432415,0.00663422467402,0,inf,Intel Xeon Gold 6248,Greedy,470.175426279,
1000,2001858,-0.72616677,0.00660140341023,0,inf,Intel Xeon Gold 6248,Greedy,473.283049147,
1000,2001861,-0.73019857,0.006656932999,0,inf,Intel Xeon Gold 6248,Greedy,472.714944835,
1000,2001864,-0.72776364,0.00664690902708,0,inf,Intel Xeon Gold 6248,Greedy,473.356369107,
1000,2001867,-0.72726994,0.00664050882648,0,inf,Intel Xeon Gold 6248,Greedy,474.162086259,
1000,2001870,-0.73673689,0.0066472441324,0,inf,Intel Xeon Gold 6248,Greedy,474.62778335,
1000,2001873,-0.72475623,0.00664702798395,0,inf,Intel Xeon Gold 6248,Greedy,471.44002006,
1000,2001876,-0.72748032,0.00654654663992,0,inf,Intel Xeon Gold 6248,Greedy,474.514744233,
1000,2001879,-0.73341513,0.00668525897693,0,inf,Intel Xeon Gold 6248,Greedy,475.073821464,
1000,2001882,-0.73013785,0.00658009498495,0,inf,Intel Xeon Gold 6248,Greedy,475.585055165,
1000,2001885,-0.72787818,0.00665504794383,0,inf,Intel Xeon Gold 6248,Greedy,474.628284855,
1000,2001888,-0.72849194,0.0066827115346,0,inf,Intel Xeon Gold 6248,Greedy,475.428585757,
1000,2001891,-0.72655756,0.00664107933801,0,inf,Intel Xeon Gold 6248,Greedy,474.114343029,
1000,2001894,-0.72988103,0.00661895907723,0,inf,Intel Xeon Gold 6248,Greedy,473.641323972,
1000,2001897,-0.73296733,0.00674442367101,0,inf,Intel Xeon Gold 6248,Greedy,475.699598796,
1000,2001900,-0.73607116,0.00668326238716,0,inf,Intel Xeon Gold 6248,Greedy,478.041223671,
1000,2001903,-0.72873368,0.00672991454363,0,inf,Intel Xeon Gold 6248,Greedy,478.052357071,
1000,2001906,-0.73501282,0.00662543811434,0,inf,Intel Xeon Gold 6248,Greedy,477.767101304,
1000,2001909,-0.72773993,0.00661575235707,0,inf,Intel Xeon Gold 6248,Greedy,476.511233701,
1000,2001912,-0.73265221,0.00664043761284,0,inf,Intel Xeon Gold 6248,Greedy,473.220962889,
1000,2001915,-0.72814535,0.00669567983952,0,inf,Intel Xeon Gold 6248,Greedy,476.341624875,
1000,2001918,-0.72661422,0.00669261434303,0,inf,Intel Xeon Gold 6248,Greedy,475.161584754,
1000,2001921,-0.73270265,0.00660587452357,0,inf,Intel Xeon Gold 6248,Greedy,476.6,
1000,2001924,-0.73444198,0.00663834172518,0,inf,Intel Xeon Gold 6248,Greedy,474.092878636,
1000,2001927,-0.72916371,0.00668887582748,0,inf,Intel Xeon Gold 6248,Greedy,473.576328987,
1000,2001930,-0.72880106,0.00667177703109,0,inf,Intel Xeon Gold 6248,Greedy,474.59889669,
1000,2001933,-0.74864688,0.00670638986961,0,inf,Intel Xeon Gold 6248,Greedy,477.615847543,
1000,2001936,-0.73870612,0.00667821484453,0,inf,Intel Xeon Gold 6248,Greedy,477.536108325,
1000,2001939,-0.72333383,0.00664780310933,0,inf,Intel Xeon Gold 6248,Greedy,474.610732197,
1000,2001942,-0.73375094,0.00672709699097,0,inf,Intel Xeon Gold 6248,Greedy,476.930090271,
1000,2001945,-0.72698891,0.00669285155466,0,inf,Intel Xeon Gold 6248,Greedy,474.133701103,
1000,2001948,-0.73329506,0.00667991263791,0,inf,Intel Xeon Gold 6248,Greedy,476.303610832,
1000,2001951,-0.72982002,0.00663998545637,0,inf,Intel Xeon Gold 6248,Greedy,473.821364092,
1000,2001954,-0.72567843,0.00670985677031,0,inf,Intel Xeon Gold 6248,Greedy,474.380341023,
1000,2001957,-0.72553698,0.00674152678034,0,inf,Intel Xeon Gold 6248,Greedy,477.724573721,
1000,2001960,-0.72772663,0.00662557231695,0,inf,Intel Xeon Gold 6248,Greedy,475.839618857,
1000,2001963,-0.72472439,0.00684576980943,0,inf,Intel Xeon Gold 6248,Greedy,471.245436309,
1000,2001966,-0.73276243,0.00678221464393,0,inf,Intel Xeon Gold 6248,Greedy,477.134102307,
1000,2001969,-0.73083193,0.00666705626881,0,inf,Intel Xeon Gold 6248,Greedy,476.113540622,
1000,2001972,-0.72913349,0.00661203761284,0,inf,Intel Xeon Gold 6248,Greedy,472.528986961,
1000,2001975,-0.72669198,0.00670052958877,0,inf,Intel Xeon Gold 6248,Greedy,473.45777332,
1000,2001978,-0.72774334,0.00670465646941,0,inf,Intel Xeon Gold 6248,Greedy,475.372116349,
1000,2001981,-0.73933403,0.00670321013039,0,inf,Intel Xeon Gold 6248,Greedy,476.008425276,
1000,2001984,-0.727278,0.00668041233701,0,inf,Intel Xeon Gold 6248,Greedy,474.073620863,
1000,2001987,-0.73162862,0.00669899468405,0,inf,Intel Xeon Gold 6248,Greedy,475.259478435,
1000,2001990,-0.72742534,0.00669044172518,0,inf,Intel Xeon Gold 6248,Greedy,474.230792377,
1000,2001993,-0.73284693,0.00672087201605,0,inf,Intel Xeon Gold 6248,Greedy,476.282146439,
1000,2001996,-0.72685867,0.00669059237713,0,inf,Intel Xeon Gold 6248,Greedy,473.989468405,
1000,2001999,-0.72975287,0.00674131925777,0,inf,Intel Xeon Gold 6248,Greedy,475.201905717,
1000,2002002,-0.72700808,0.00667390982949,0,inf,Intel Xeon Gold 6248,Greedy,473.970310933,
1000,2002005,-0.72672645,0.00676007362086,0,inf,Intel Xeon Gold 6248,Greedy,474.184353059,
1000,2002008,-0.73447447,0.00665180902708,0,inf,Intel Xeon Gold 6248,Greedy,473.506118355,
1000,2002011,-0.74089141,0.00676729588766,0,inf,Intel Xeon Gold 6248,Greedy,476.51003009,
1000,2002014,-0.73664437,0.00670574864594,0,inf,Intel Xeon Gold 6248,Greedy,476.100401204,
1000,2002017,-0.73531972,0.00667464132397,0,inf,Intel Xeon Gold 6248,Greedy,476.613941825,
1000,2002020,-0.73335482,0.00670636509529,0,inf,Intel Xeon Gold 6248,Greedy,473.546439318,
1000,2002023,-0.72935493,0.00671596078235,0,inf,Intel Xeon Gold 6248,Greedy,475.621464393,
1000,2002026,-0.7419223,0.00678903630893,0,inf,Intel Xeon Gold 6248,Greedy,474.765095286,
1000,2002029,-0.73099429,0.00670625456369,0,inf,Intel Xeon Gold 6248,Greedy,473.274322969,
1200,2201732,-0.73165408,0.00876890812437,0,inf,Intel Xeon Gold 6248,Greedy,578.688164493,
1200,2201735,-0.73289748,0.00882421033099,0,inf,Intel Xeon Gold 6248,Greedy,579.756870612,
1200,2201738,-0.72401419,0.00872619548646,0,inf,Intel Xeon Gold 6248,Greedy,579.599799398,
1200,2201741,-0.72495932,0.00875168094283,0,inf,Intel Xeon Gold 6248,Greedy,577.479338014,
1200,2201744,-0.72420847,0.00874443761284,0,inf,Intel Xeon Gold 6248,Greedy,577.432096289,
1200,2201747,-0.72699551,0.0088556994985,0,inf,Intel Xeon Gold 6248,Greedy,578.118756269,
1200,2201750,-0.72863727,0.00879854072217,0,inf,Intel Xeon Gold 6248,Greedy,579.862086259,
1200,2201753,-0.7312181,0.00884844373119,0,inf,Intel Xeon Gold 6248,Greedy,581.178635908,
1200,2201756,-0.7248062,0.00881741374122,0,inf,Intel Xeon Gold 6248,Greedy,579.363991976,
1200,2201759,-0.72801541,0.00878846158475,0,inf,Intel Xeon Gold 6248,Greedy,580.8777332,
1200,2201762,-0.73158077,0.0087542777332,0,inf,Intel Xeon Gold 6248,Greedy,579.913440321,
1200,2201765,-0.72685318,0.00878514062187,0,inf,Intel Xeon Gold 6248,Greedy,579.32888666,
1200,2201768,-0.73208461,0.00879837101304,0,inf,Intel Xeon Gold 6248,Greedy,582.804112337,
1200,2201771,-0.72376102,0.00884610170512,0,inf,Intel Xeon Gold 6248,Greedy,576.729187563,
1200,2201774,-0.72654676,0.00879068676028,0,inf,Intel Xeon Gold 6248,Greedy,579.064292879,
1200,2201777,-0.73228033,0.00884315947844,0,inf,Intel Xeon Gold 6248,Greedy,580.681945838,
1200,2201780,-0.72384867,0.00882536208626,0,inf,Intel Xeon Gold 6248,Greedy,578.44112337,
1200,2201783,-0.72915922,0.00875963851555,0,inf,Intel Xeon Gold 6248,Greedy,577.739819458,
1200,2201786,-0.7290935,0.0087821335005,0,inf,Intel Xeon Gold 6248,Greedy,578.933500502,
1200,2201789,-0.72514164,0.00874895285858,0,inf,Intel Xeon Gold 6248,Greedy,577.468004012,
1200,2201792,-0.72708435,0.00882871424273,0,inf,Intel Xeon Gold 6248,Greedy,578.545737212,
1200,2201795,-0.72992562,0.00883155075226,0,inf,Intel Xeon Gold 6248,Greedy,580.531594784,
1200,2201798,-0.72802633,0.00876359919759,0,inf,Intel Xeon Gold 6248,Greedy,582.130290873,
1200,2201801,-0.73123434,0.0088050217653,0,inf,Intel Xeon Gold 6248,Greedy,578.325977934,
1200,2201804,-0.72517682,0.00884790822467,0,inf,Intel Xeon Gold 6248,Greedy,577.577632899,
1200,2201807,-0.72779386,0.00884413931795,0,inf,Intel Xeon Gold 6248,Greedy,579.456068205,
1200,2201810,-0.72406331,0.00884294653962,0,inf,Intel Xeon Gold 6248,Greedy,576.85777332,
1200,2201813,-0.73262452,0.00870909498495,0,inf,Intel Xeon Gold 6248,Greedy,578.951253761,
1200,2201816,-0.7395594,0.00884540842528,0,inf,Intel Xeon Gold 6248,Greedy,579.911935807,
1200,2201819,-0.72098578,0.00879546549649,0,inf,Intel Xeon Gold 6248,Greedy,578.087462387,
1200,2201822,-0.7250919,0.00872601323972,0,inf,Intel Xeon Gold 6248,Greedy,576.077632899,
1200,2201825,-0.72780813,0.00890046910732,0,inf,Intel Xeon Gold 6248,Greedy,578.23550652,
1200,2201828,-0.73387482,0.00886223881645,0,inf,Intel Xeon Gold 6248,Greedy,580.697191575,
1200,2201831,-0.72427951,0.0089114106319,0,inf,Intel Xeon Gold 6248,Greedy,579.229689067,
1200,2201834,-0.72878539,0.00880922768305,0,inf,Intel Xeon Gold 6248,Greedy,578.322668004,
1200,2201837,-0.72393281,0.00878928355065,0,inf,Intel Xeon Gold 6248,Greedy,577.978335005,
1200,2201840,-0.7267919,0.00874362688064,0,inf,Intel Xeon Gold 6248,Greedy,575.530692076,
1200,2201843,-0.7252623,0.00880926349047,0,inf,Intel Xeon Gold 6248,Greedy,578.193580742,
1200,2201846,-0.72778979,0.0088761331996,0,inf,Intel Xeon Gold 6248,Greedy,578.310531595,
1200,2201849,-0.7319717,0.00886964302909,0,inf,Intel Xeon Gold 6248,Greedy,577.500702106,
1200,2201852,-0.72999672,0.00889097863591,0,inf,Intel Xeon Gold 6248,Greedy,581.400601805,
1200,2201855,-0.72926785,0.00889036108325,0,inf,Intel Xeon Gold 6248,Greedy,581.231193581,
1200,2201858,-0.72373577,0.00878457713139,0,inf,Intel Xeon Gold 6248,Greedy,580.166599799,
1200,2201861,-0.73494357,0.00882121925777,0,inf,Intel Xeon Gold 6248,Greedy,581.069508526,
1200,2201864,-0.72916347,0.00881818726179,0,inf,Intel Xeon Gold 6248,Greedy,579.69217653,
1200,2201867,-0.72949637,0.00889110491474,0,inf,Intel Xeon Gold 6248,Greedy,578.574122367,
1200,2201870,-0.73000347,0.00884728054162,0,inf,Intel Xeon Gold 6248,Greedy,581.378335005,
1200,2201873,-0.7288035,0.00888832156469,0,inf,Intel Xeon Gold 6248,Greedy,580.135205617,
1200,2201876,-0.73068358,0.00879069067202,0,inf,Intel Xeon Gold 6248,Greedy,580.726278837,
1200,2201879,-0.73396695,0.00887501945838,0,inf,Intel Xeon Gold 6248,Greedy,580.062788365,
1200,2201882,-0.73658891,0.00883835055165,0,inf,Intel Xeon Gold 6248,Greedy,583.270712136,
1200,2201885,-0.73019388,0.00880313861585,0,inf,Intel Xeon Gold 6248,Greedy,578.57001003,
1200,2201888,-0.72974616,0.00879468595787,0,inf,Intel Xeon Gold 6248,Greedy,580.710230692,
1200,2201891,-0.72748903,0.00890028294885,0,inf,Intel Xeon Gold 6248,Greedy,580.294182548,
1200,2201894,-0.72319177,0.00892036820461,0,inf,Intel Xeon Gold 6248,Greedy,579.14332999,
1200,2201897,-0.72566845,0.00885532577733,0,inf,Intel Xeon Gold 6248,Greedy,580.381444333,
1200,2201900,-0.72669154,0.00884131263791,0,inf,Intel Xeon Gold 6248,Greedy,578.847843531,
1200,2201903,-0.72430549,0.00888711675025,0,inf,Intel Xeon Gold 6248,Greedy,578.501404213,
1200,2201906,-0.7244579,0.0088791996991,0,inf,Intel Xeon Gold 6248,Greedy,577.208826479,
1200,2201909,-0.73421751,0.00884726058175,0,inf,Intel Xeon Gold 6248,Greedy,579.414343029,
1200,2201912,-0.73642037,0.00889357903711,0,inf,Intel Xeon Gold 6248,Greedy,581.306820461,
1200,2201915,-0.73202829,0.00885341514544,0,inf,Intel Xeon Gold 6248,Greedy,576.953660983,
1200,2201918,-0.7294102,0.00876609729188,0,inf,Intel Xeon Gold 6248,Greedy,579.484553661,
1200,2201921,-0.73099344,0.00885666198596,0,inf,Intel Xeon Gold 6248,Greedy,582.490772317,
1200,2201924,-0.72771933,0.00892266930792,0,inf,Intel Xeon Gold 6248,Greedy,579.020762287,
1200,2201927,-0.73544489,0.00884792928786,0,inf,Intel Xeon Gold 6248,Greedy,578.303109328,
1200,2201930,-0.7298294,0.00879429177533,0,inf,Intel Xeon Gold 6248,Greedy,580.642026078,
1200,2201933,-0.72731426,0.0088952889669,0,inf,Intel Xeon Gold 6248,Greedy,579.621664995,
1200,2201936,-0.73782832,0.00885686399198,0,inf,Intel Xeon Gold 6248,Greedy,580.643229689,
1200,2201939,-0.72814291,0.0089184440321,0,inf,Intel Xeon Gold 6248,Greedy,579.349348044,
1200,2201942,-0.72363707,0.00886579658977,0,inf,Intel Xeon Gold 6248,Greedy,576.782046138,
1200,2201945,-0.72887761,0.00885216770311,0,inf,Intel Xeon Gold 6248,Greedy,581.871715145,
1200,2201948,-0.73328664,0.00889419007021,0,inf,Intel Xeon Gold 6248,Greedy,579.775626881,
1200,2201951,-0.72641074,0.00886053781344,0,inf,Intel Xeon Gold 6248,Greedy,579.514643932,
1200,2201954,-0.73388999,0.00886434834504,0,inf,Intel Xeon Gold 6248,Greedy,580.148746239,
1200,2201957,-0.73263124,0.0089580224674,0,inf,Intel Xeon Gold 6248,Greedy,580.085456369,
1200,2201960,-0.72302778,0.00890351504514,0,inf,Intel Xeon Gold 6248,Greedy,575.94553661,
1200,2201963,-0.72855261,0.0089470222668,0,inf,Intel Xeon Gold 6248,Greedy,578.860682046,
1200,2201966,-0.72603032,0.00888088555667,0,inf,Intel Xeon Gold 6248,Greedy,578.97001003,
1200,2201969,-0.72875569,0.00887521875627,0,inf,Intel Xeon Gold 6248,Greedy,580.4222668,
1200,2201972,-0.72898751,0.00879434252758,0,inf,Intel Xeon Gold 6248,Greedy,578.330391174,
1200,2201975,-0.73242222,0.00894777492477,0,inf,Intel Xeon Gold 6248,Greedy,580.319257773,
1200,2201978,-0.73096707,0.00882322286861,0,inf,Intel Xeon Gold 6248,Greedy,581.618254764,
1200,2201981,-0.73131286,0.00889223741224,0,inf,Intel Xeon Gold 6248,Greedy,578.773921765,
1200,2201984,-0.73220551,0.00886905857573,0,inf,Intel Xeon Gold 6248,Greedy,581.108425276,
1200,2201987,-0.73933048,0.00887497873621,0,inf,Intel Xeon Gold 6248,Greedy,578.926379137,
1200,2201990,-0.73048298,0.00890985095286,0,inf,Intel Xeon Gold 6248,Greedy,579.454764293,
1200,2201993,-0.72772845,0.0089106114343,0,inf,Intel Xeon Gold 6248,Greedy,579.197993982,
1200,2201996,-0.72826877,0.00884742537613,0,inf,Intel Xeon Gold 6248,Greedy,575.417853561,
1200,2201999,-0.73771372,0.00882237703109,0,inf,Intel Xeon Gold 6248,Greedy,577.872918756,
1200,2202002,-0.73630054,0.00886345466399,0,inf,Intel Xeon Gold 6248,Greedy,577.59448345,
1200,2202005,-0.72653888,0.00892084724173,0,inf,Intel Xeon Gold 6248,Greedy,579.794984955,
1200,2202008,-0.72467236,0.00889840611836,0,inf,Intel Xeon Gold 6248,Greedy,574.399398195,
1200,2202011,-0.73541959,0.00898413039117,0,inf,Intel Xeon Gold 6248,Greedy,581.894583751,
1200,2202014,-0.72373166,0.0088215217653,0,inf,Intel Xeon Gold 6248,Greedy,576.417151454,
1200,2202017,-0.72696006,0.00894896439318,0,inf,Intel Xeon Gold 6248,Greedy,581.459277834,
1200,2202020,-0.72687371,0.00887478224674,0,inf,Intel Xeon Gold 6248,Greedy,577.758776329,
1200,2202023,-0.72720521,0.00899766278837,0,inf,Intel Xeon Gold 6248,Greedy,578.561183551,
1200,2202026,-0.73973029,0.00892140772317,0,inf,Intel Xeon Gold 6248,Greedy,583.876730191,
1200,2202029,-0.72860888,0.0088860114343,0,inf,Intel Xeon Gold 6248,Greedy,580.029689067,
1400,2401732,-0.73137022,0.0117538361083,0,inf,Intel Xeon Gold 6248,Greedy,687.930692076,
1400,2401735,-0.7213189,0.0117672933801,0,inf,Intel Xeon Gold 6248,Greedy,686.036208626,
1400,2401738,-0.7248275,0.0118042861585,0,inf,Intel Xeon Gold 6248,Greedy,685.50661986,
1400,2401741,-0.7283555,0.0117664486459,0,inf,Intel Xeon Gold 6248,Greedy,689.185255767,
1400,2401744,-0.72882658,0.0116616177533,0,inf,Intel Xeon Gold 6248,Greedy,685.029789368,
1400,2401747,-0.72590322,0.011664430993,0,inf,Intel Xeon Gold 6248,Greedy,684.160180542,
1400,2401750,-0.7271052,0.0116556801404,0,inf,Intel Xeon Gold 6248,Greedy,686.824573721,
1400,2401753,-0.72585239,0.0116667635908,0,inf,Intel Xeon Gold 6248,Greedy,686.816349047,
1400,2401756,-0.72592968,0.0116843934804,0,inf,Intel Xeon Gold 6248,Greedy,682.602507523,
1400,2401759,-0.72983868,0.0116734772317,0,inf,Intel Xeon Gold 6248,Greedy,686.31444333,
1400,2401762,-0.72831953,0.0116641325978,0,inf,Intel Xeon Gold 6248,Greedy,685.368806419,
1400,2401765,-0.72629307,0.0117295620863,0,inf,Intel Xeon Gold 6248,Greedy,686.318756269,
1400,2401768,-0.7222748,0.0117158462387,0,inf,Intel Xeon Gold 6248,Greedy,685.090471414,
1400,2401771,-0.72604002,0.011751415346,0,inf,Intel Xeon Gold 6248,Greedy,686.23219659,
1400,2401774,-0.72159675,0.0116918344032,0,inf,Intel Xeon Gold 6248,Greedy,684.684353059,
1400,2401777,-0.72262985,0.0116983001003,0,inf,Intel Xeon Gold 6248,Greedy,685.593781344,
1400,2401780,-0.72406604,0.0117295421264,0,inf,Intel Xeon Gold 6248,Greedy,685.131293882,
1400,2401783,-0.72762822,0.0116219039117,0,inf,Intel Xeon Gold 6248,Greedy,684.588465396,
1400,2401786,-0.7308753,0.011796628987,0,inf,Intel Xeon Gold 6248,Greedy,690.742828485,
1400,2401789,-0.72804051,0.0116738107322,0,inf,Intel Xeon Gold 6248,Greedy,683.599498495,
1400,2401792,-0.72224121,0.0116933854564,0,inf,Intel Xeon Gold 6248,Greedy,684.058475426,
1400,2401795,-0.73526276,0.0116831754263,0,inf,Intel Xeon Gold 6248,Greedy,688.261685055,
1400,2401798,-0.72356581,0.01168564333,0,inf,Intel Xeon Gold 6248,Greedy,685.849348044,
1400,2401801,-0.72617179,0.0117606651956,0,inf,Intel Xeon Gold 6248,Greedy,687.067301906,
1400,2401804,-0.73421288,0.0116922158475,0,inf,Intel Xeon Gold 6248,Greedy,685.14112337,
1400,2401807,-0.73139644,0.0117270389168,0,inf,Intel Xeon Gold 6248,Greedy,682.928385155,
1400,2401810,-0.72940344,0.0117611296891,0,inf,Intel Xeon Gold 6248,Greedy,688.431494483,
1400,2401813,-0.7324638,0.0117610438315,0,inf,Intel Xeon Gold 6248,Greedy,689.523269809,
1400,2401816,-0.73035296,0.0117488650953,0,inf,Intel Xeon Gold 6248,Greedy,687.521263791,
1400,2401819,-0.72669815,0.0116753361083,0,inf,Intel Xeon Gold 6248,Greedy,684.361484453,
1400,2401822,-0.72795626,0.0117280470411,0,inf,Intel Xeon Gold 6248,Greedy,688.189368104,
1400,2401825,-0.73835814,0.0117304115346,0,inf,Intel Xeon Gold 6248,Greedy,687.548144433,
1400,2401828,-0.73671284,0.0116804533601,0,inf,Intel Xeon Gold 6248,Greedy,687.047342026,
1400,2401831,-0.72545973,0.0117352404213,0,inf,Intel Xeon Gold 6248,Greedy,686.960982949,
1400,2401834,-0.72724536,0.0117864177533,0,inf,Intel Xeon Gold 6248,Greedy,688.979137412,
1400,2401837,-0.72948611,0.011735765998,0,inf,Intel Xeon Gold 6248,Greedy,685.86890672,
1400,2401840,-0.72814397,0.0117518267803,0,inf,Intel Xeon Gold 6248,Greedy,684.659779338,
1400,2401843,-0.72549521,0.0117165469408,0,inf,Intel Xeon Gold 6248,Greedy,685.102808425,
1400,2401846,-0.72711127,0.0117416573721,0,inf,Intel Xeon Gold 6248,Greedy,683.333701103,
1400,2401849,-0.72949293,0.0117830458375,0,inf,Intel Xeon Gold 6248,Greedy,687.703811434,
1400,2401852,-0.73012804,0.011789547342,0,inf,Intel Xeon Gold 6248,Greedy,690.253259779,
1400,2401855,-0.72815376,0.0117287977934,0,inf,Intel Xeon Gold 6248,Greedy,685.673921765,
1400,2401858,-0.72694335,0.0116833966901,0,inf,Intel Xeon Gold 6248,Greedy,685.582948847,
1400,2401861,-0.72578992,0.0117610864594,0,inf,Intel Xeon Gold 6248,Greedy,685.794383149,
1400,2401864,-0.72785536,0.0117021792377,0,inf,Intel Xeon Gold 6248,Greedy,687.498094283,
1400,2401867,-0.73140222,0.0117628379137,0,inf,Intel Xeon Gold 6248,Greedy,686.136910732,
1400,2401870,-0.72282447,0.0116663892678,0,inf,Intel Xeon Gold 6248,Greedy,684.060982949,
1400,2401873,-0.72581541,0.0117065613842,0,inf,Intel Xeon Gold 6248,Greedy,683.140621866,
1400,2401876,-0.72349925,0.0117245328987,0,inf,Intel Xeon Gold 6248,Greedy,684.738014042,
1400,2401879,-0.72516638,0.0117762331996,0,inf,Intel Xeon Gold 6248,Greedy,688.031594784,
1400,2401882,-0.73541976,0.01178282668,0,inf,Intel Xeon Gold 6248,Greedy,688.960682046,
1400,2401885,-0.72410059,0.0117752347041,0,inf,Intel Xeon Gold 6248,Greedy,684.549247743,
1400,2401888,-0.72627964,0.0117047934804,0,inf,Intel Xeon Gold 6248,Greedy,684.567301906,
1400,2401891,-0.7222467,0.0116710082247,0,inf,Intel Xeon Gold 6248,Greedy,680.505115346,
1400,2401894,-0.72501314,0.0117375951856,0,inf,Intel Xeon Gold 6248,Greedy,688.200200602,
1400,2401897,-0.72962513,0.011652574323,0,inf,Intel Xeon Gold 6248,Greedy,687.894583751,
1400,2401900,-0.72826216,0.0117300290873,0,inf,Intel Xeon Gold 6248,Greedy,686.186559679,
1400,2401903,-0.72643745,0.0117288814443,0,inf,Intel Xeon Gold 6248,Greedy,686.876529589,
1400,2401906,-0.72417907,0.0116867790371,0,inf,Intel Xeon Gold 6248,Greedy,682.660280843,
1400,2401909,-0.72812149,0.0117529481444,0,inf,Intel Xeon Gold 6248,Greedy,683.708324975,
1400,2401912,-0.72178473,0.0117207737212,0,inf,Intel Xeon Gold 6248,Greedy,685.398595787,
1400,2401915,-0.72517068,0.0117307584754,0,inf,Intel Xeon Gold 6248,Greedy,683.678234704,
1400,2401918,-0.73103415,0.0117659877633,0,inf,Intel Xeon Gold 6248,Greedy,688.602507523,
1400,2401921,-0.72804056,0.0116579870612,0,inf,Intel Xeon Gold 6248,Greedy,684.638515547,
1400,2401924,-0.72469382,0.0117004051153,0,inf,Intel Xeon Gold 6248,Greedy,685.426780341,
1400,2401927,-0.73355247,0.0117585086259,0,inf,Intel Xeon Gold 6248,Greedy,688.028385155,
1400,2401930,-0.72321658,0.0116502782347,0,inf,Intel Xeon Gold 6248,Greedy,685.061183551,
1400,2401933,-0.72748939,0.0117958818455,0,inf,Intel Xeon Gold 6248,Greedy,687.133600802,
1400,2401936,-0.72833834,0.0117217928786,0,inf,Intel Xeon Gold 6248,Greedy,686.181745236,
1400,2401939,-0.72966659,0.011720503009,0,inf,Intel Xeon Gold 6248,Greedy,682.24774323,
1400,2401942,-0.72762849,0.0117459303912,0,inf,Intel Xeon Gold 6248,Greedy,684.127482447,
1400,2401945,-0.73153854,0.0117759781344,0,inf,Intel Xeon Gold 6248,Greedy,687.455065196,
1400,2401948,-0.72182651,0.0117600719157,0,inf,Intel Xeon Gold 6248,Greedy,685.194182548,
1400,2401951,-0.72587503,0.0117601274824,0,inf,Intel Xeon Gold 6248,Greedy,684.092577733,
1400,2401954,-0.72938401,0.0117781954865,0,inf,Intel Xeon Gold 6248,Greedy,688.555366098,
1400,2401957,-0.72326426,0.0117059779338,0,inf,Intel Xeon Gold 6248,Greedy,682.237612839,
1400,2401960,-0.72637791,0.0117520239719,0,inf,Intel Xeon Gold 6248,Greedy,684.798696088,
1400,2401963,-0.72180562,0.0117736233701,0,inf,Intel Xeon Gold 6248,Greedy,687.536910732,
1400,2401966,-0.72764819,0.011762221665,0,inf,Intel Xeon Gold 6248,Greedy,688.472718154,
1400,2401969,-0.72716348,0.011782553661,0,inf,Intel Xeon Gold 6248,Greedy,688.009829488,
1400,2401972,-0.72832689,0.0117782122367,0,inf,Intel Xeon Gold 6248,Greedy,684.371614845,
1400,2401975,-0.72810306,0.0117282984955,0,inf,Intel Xeon Gold 6248,Greedy,686.442527583,
1400,2401978,-0.7284606,0.0118138531595,0,inf,Intel Xeon Gold 6248,Greedy,687.600702106,
1400,2401981,-0.72784117,0.0116905501505,0,inf,Intel Xeon Gold 6248,Greedy,686.763590772,
1400,2401984,-0.72281455,0.0116957008024,0,inf,Intel Xeon Gold 6248,Greedy,685.953059178,
1400,2401987,-0.72638474,0.0117440981946,0,inf,Intel Xeon Gold 6248,Greedy,688.064794383,
1400,2401990,-0.72824303,0.011781384654,0,inf,Intel Xeon Gold 6248,Greedy,686.917051153,
1400,2401993,-0.72681969,0.0117846339017,0,inf,Intel Xeon Gold 6248,Greedy,685.046840522,
1400,2401996,-0.73174991,0.0117338519559,0,inf,Intel Xeon Gold 6248,Greedy,686.251654965,
1400,2401999,-0.73699345,0.011844754664,0,inf,Intel Xeon Gold 6248,Greedy,689.462387161,
1400,2402002,-0.7227478,0.0117104785356,0,inf,Intel Xeon Gold 6248,Greedy,683.530491474,
1400,2402005,-0.72724415,0.0117725537613,0,inf,Intel Xeon Gold 6248,Greedy,687.092878636,
1400,2402008,-0.72992316,0.01174948666,0,inf,Intel Xeon Gold 6248,Greedy,684.967903711,
1400,2402011,-0.72372332,0.0117734069208,0,inf,Intel Xeon Gold 6248,Greedy,683.988365095,
1400,2402014,-0.7271611,0.0117622391174,0,inf,Intel Xeon Gold 6248,Greedy,685.030290873,
1400,2402017,-0.73281566,0.0117711650953,0,inf,Intel Xeon Gold 6248,Greedy,687.106820461,
1400,2402020,-0.72478747,0.0118456528586,0,inf,Intel Xeon Gold 6248,Greedy,687.422367101,
1400,2402023,-0.72363069,0.0117483520562,0,inf,Intel Xeon Gold 6248,Greedy,684.022467402,
1400,2402026,-0.72296673,0.0117706826479,0,inf,Intel Xeon Gold 6248,Greedy,684.875426279,
1400,2402029,-0.72840671,0.0117913942828,0,inf,Intel Xeon Gold 6248,Greedy,689.148746239,
1600,2601732,-0.72335809,0.0151839904714,0,inf,Intel Xeon Gold 6248,Greedy,791.296890672,
1600,2601735,-0.72696435,0.0152798438315,0,inf,Intel Xeon Gold 6248,Greedy,793.761685055,
1600,2601738,-0.73028498,0.0152749782347,0,inf,Intel Xeon Gold 6248,Greedy,793.464593781,
1600,2601741,-0.72247417,0.0152705772317,0,inf,Intel Xeon Gold 6248,Greedy,792.927883651,
1600,2601744,-0.72146423,0.0154000980943,0,inf,Intel Xeon Gold 6248,Greedy,789.257271815,
1600,2601747,-0.72597258,0.0152951785356,0,inf,Intel Xeon Gold 6248,Greedy,797.603109328,
1600,2601750,-0.73408919,0.0152426489468,0,inf,Intel Xeon Gold 6248,Greedy,798.509227683,
1600,2601753,-0.72493033,0.0152397827482,0,inf,Intel Xeon Gold 6248,Greedy,795.757873621,
1600,2601756,-0.7241108,0.0152596929789,0,inf,Intel Xeon Gold 6248,Greedy,793.711334002,
1600,2601759,-0.73163038,0.0153719697091,0,inf,Intel Xeon Gold 6248,Greedy,794.300300903,
1600,2601762,-0.72576424,0.0152653797392,0,inf,Intel Xeon Gold 6248,Greedy,792.838816449,
1600,2601765,-0.72810211,0.0153240966901,0,inf,Intel Xeon Gold 6248,Greedy,794.90782347,
1600,2601768,-0.72562435,0.0152255489468,0,inf,Intel Xeon Gold 6248,Greedy,794.357973922,
1600,2601771,-0.72510202,0.0151966604814,0,inf,Intel Xeon Gold 6248,Greedy,792.895887663,
1600,2601774,-0.72262298,0.0152102602808,0,inf,Intel Xeon Gold 6248,Greedy,790.279839519,
1600,2601777,-0.72951077,0.0152736509529,0,inf,Intel Xeon Gold 6248,Greedy,794.243129388,
1600,2601780,-0.72678921,0.015264762989,0,inf,Intel Xeon Gold 6248,Greedy,797.696790371,
1600,2601783,-0.72500433,0.0152596420261,0,inf,Intel Xeon Gold 6248,Greedy,793.499197593,
1600,2601786,-0.72310595,0.0152937647944,0,inf,Intel Xeon Gold 6248,Greedy,792.430491474,
1600,2601789,-0.72936179,0.0152313589769,0,inf,Intel Xeon Gold 6248,Greedy,792.011534604,
1600,2601792,-0.72629936,0.0152642970913,0,inf,Intel Xeon Gold 6248,Greedy,790.323671013,
1600,2601795,-0.72566038,0.015253181344,0,inf,Intel Xeon Gold 6248,Greedy,792.24994985,
1600,2601798,-0.72421919,0.0152691921765,0,inf,Intel Xeon Gold 6248,Greedy,791.324172518,
1600,2601801,-0.72605577,0.0153299902708,0,inf,Intel Xeon Gold 6248,Greedy,795.094784353,
1600,2601804,-0.72267517,0.0152587379137,0,inf,Intel Xeon Gold 6248,Greedy,791.142427282,
1600,2601807,-0.72733682,0.0153444217653,0,inf,Intel Xeon Gold 6248,Greedy,794.222467402,
1600,2601810,-0.72431612,0.0153129870612,0,inf,Intel Xeon Gold 6248,Greedy,798.21003009,
1600,2601813,-0.72594399,0.0153898828485,0,inf,Intel Xeon Gold 6248,Greedy,792.805717151,
1600,2601816,-0.7244022,0.0153184853561,0,inf,Intel Xeon Gold 6248,Greedy,793.271213641,
1600,2601819,-0.72459912,0.0153051514544,0,inf,Intel Xeon Gold 6248,Greedy,794.307121364,
1600,2601822,-0.72617829,0.0153734134403,0,inf,Intel Xeon Gold 6248,Greedy,794.999398195,
1600,2601825,-0.72316495,0.0153036903711,0,inf,Intel Xeon Gold 6248,Greedy,793.010631896,
1600,2601828,-0.72900235,0.0153606445336,0,inf,Intel Xeon Gold 6248,Greedy,794.895687061,
1600,2601831,-0.72555172,0.0153867543631,0,inf,Intel Xeon Gold 6248,Greedy,796.274122367,
1600,2601834,-0.72849073,0.0152975577733,0,inf,Intel Xeon Gold 6248,Greedy,792.525275827,
1600,2601837,-0.73106445,0.0153296545637,0,inf,Intel Xeon Gold 6248,Greedy,796.096890672,
1600,2601840,-0.73933693,0.0153134383149,0,inf,Intel Xeon Gold 6248,Greedy,794.566800401,
1600,2601843,-0.72509617,0.0152590258776,0,inf,Intel Xeon Gold 6248,Greedy,793.359578736,
1600,2601846,-0.72768095,0.0153917118355,0,inf,Intel Xeon Gold 6248,Greedy,797.359578736,
1600,2601849,-0.71738875,0.0152937855567,0,inf,Intel Xeon Gold 6248,Greedy,788.146339017,
1600,2601852,-0.72237579,0.0152903124373,0,inf,Intel Xeon Gold 6248,Greedy,790.509428285,
1600,2601855,-0.72162678,0.0152097930792,0,inf,Intel Xeon Gold 6248,Greedy,791.385656971,
1600,2601858,-0.73057384,0.0152702924774,0,inf,Intel Xeon Gold 6248,Greedy,794.274623872,
1600,2601861,-0.72384057,0.0152422324975,0,inf,Intel Xeon Gold 6248,Greedy,791.385456369,
1600,2601864,-0.72309586,0.0153491663992,0,inf,Intel Xeon Gold 6248,Greedy,792.940120361,
1600,2601867,-0.72733366,0.0153278633902,0,inf,Intel Xeon Gold 6248,Greedy,793.591875627,
1600,2601870,-0.72257626,0.0152747966901,0,inf,Intel Xeon Gold 6248,Greedy,794.01003009,
1600,2601873,-0.7316127,0.015359823671,0,inf,Intel Xeon Gold 6248,Greedy,795.567101304,
1600,2601876,-0.73367852,0.0152811752257,0,inf,Intel Xeon Gold 6248,Greedy,794.267001003,
1600,2601879,-0.72383847,0.0152902706118,0,inf,Intel Xeon Gold 6248,Greedy,792.012136409,
1600,2601882,-0.71935567,0.0152605472417,0,inf,Intel Xeon Gold 6248,Greedy,790.427382146,
1600,2601885,-0.72679894,0.0152420975928,0,inf,Intel Xeon Gold 6248,Greedy,792.722066199,
1600,2601888,-0.72620204,0.0153007995988,0,inf,Intel Xeon Gold 6248,Greedy,793.116950853,
1600,2601891,-0.7296393,0.015333183651,0,inf,Intel Xeon Gold 6248,Greedy,794.198194584,
1600,2601894,-0.72416072,0.0152392577733,0,inf,Intel Xeon Gold 6248,Greedy,796.182046138,
1600,2601897,-0.73243203,0.0153572116349,0,inf,Intel Xeon Gold 6248,Greedy,796.518555667,
1600,2601900,-0.72114222,0.0153681234704,0,inf,Intel Xeon Gold 6248,Greedy,794.733099298,
1600,2601903,-0.7254058,0.0153956797392,0,inf,Intel Xeon Gold 6248,Greedy,796.375125376,
1600,2601906,-0.72578875,0.0152870702106,0,inf,Intel Xeon Gold 6248,Greedy,792.795285858,
1600,2601909,-0.72830743,0.0152893508526,0,inf,Intel Xeon Gold 6248,Greedy,792.610832497,
1600,2601912,-0.72561326,0.0152344307924,0,inf,Intel Xeon Gold 6248,Greedy,792.050651956,
1600,2601915,-0.72731791,0.0152446057172,0,inf,Intel Xeon Gold 6248,Greedy,795.780240722,
1600,2601918,-0.72928669,0.0152751913741,0,inf,Intel Xeon Gold 6248,Greedy,791.584754263,
1600,2601921,-0.72715686,0.0152369310933,0,inf,Intel Xeon Gold 6248,Greedy,791.397492477,
1600,2601924,-0.73458168,0.0153574451354,0,inf,Intel Xeon Gold 6248,Greedy,798.563189569,
1600,2601927,-0.7242717,0.0153871589769,0,inf,Intel Xeon Gold 6248,Greedy,795.087261785,
1600,2601930,-0.72710374,0.0153758335005,0,inf,Intel Xeon Gold 6248,Greedy,794.166800401,
1600,2601933,-0.72280412,0.0153288480441,0,inf,Intel Xeon Gold 6248,Greedy,793.458976931,
1600,2601936,-0.72513375,0.0154016286861,0,inf,Intel Xeon Gold 6248,Greedy,794.88335005,
1600,2601939,-0.72705403,0.0153391363089,0,inf,Intel Xeon Gold 6248,Greedy,794.528284855,
1600,2601942,-0.72539673,0.0152767420261,0,inf,Intel Xeon Gold 6248,Greedy,791.234904714,
1600,2601945,-0.72380613,0.0153184638917,0,inf,Intel Xeon Gold 6248,Greedy,788.959277834,
1600,2601948,-0.72325136,0.0153242091274,0,inf,Intel Xeon Gold 6248,Greedy,791.583450351,
1600,2601951,-0.72266772,0.0152503920762,0,inf,Intel Xeon Gold 6248,Greedy,791.287863591,
1600,2601954,-0.73020559,0.0153504315948,0,inf,Intel Xeon Gold 6248,Greedy,792.102006018,
1600,2601957,-0.7260126,0.0153718447342,0,inf,Intel Xeon Gold 6248,Greedy,796.030190572,
1600,2601960,-0.72462963,0.0152863438315,0,inf,Intel Xeon Gold 6248,Greedy,793.202607823,
1600,2601963,-0.7244243,0.0153309788365,0,inf,Intel Xeon Gold 6248,Greedy,790.272517553,
1600,2601966,-0.7318243,0.015384481344,0,inf,Intel Xeon Gold 6248,Greedy,795.34994985,
1600,2601969,-0.72842437,0.0153259832497,0,inf,Intel Xeon Gold 6248,Greedy,796.175927783,
1600,2601972,-0.7224096,0.0153440855567,0,inf,Intel Xeon Gold 6248,Greedy,792.352156469,
1600,2601975,-0.72528009,0.0152815025075,0,inf,Intel Xeon Gold 6248,Greedy,792.272818455,
1600,2601978,-0.72389683,0.0152946462387,0,inf,Intel Xeon Gold 6248,Greedy,789.561484453,
1600,2601981,-0.73032149,0.0153737474423,0,inf,Intel Xeon Gold 6248,Greedy,793.534302909,
1600,2601984,-0.72937822,0.0153825201605,0,inf,Intel Xeon Gold 6248,Greedy,791.689669007,
1600,2601987,-0.73049124,0.0153666572718,0,inf,Intel Xeon Gold 6248,Greedy,793.391273821,
1600,2601990,-0.72736451,0.0152989168506,0,inf,Intel Xeon Gold 6248,Greedy,794.269508526,
1600,2601993,-0.73040676,0.0153604799398,0,inf,Intel Xeon Gold 6248,Greedy,794.103711133,
1600,2601996,-0.72141598,0.0153526271815,0,inf,Intel Xeon Gold 6248,Greedy,789.993480441,
1600,2601999,-0.72549528,0.0153612594784,0,inf,Intel Xeon Gold 6248,Greedy,794.75005015,
1600,2602002,-0.73015611,0.0153686311936,0,inf,Intel Xeon Gold 6248,Greedy,793.024774323,
1600,2602005,-0.72423311,0.0153187438315,0,inf,Intel Xeon Gold 6248,Greedy,789.582647944,
1600,2602008,-0.72533561,0.0153586231695,0,inf,Intel Xeon Gold 6248,Greedy,793.116750251,
1600,2602011,-0.72676522,0.0153607132397,0,inf,Intel Xeon Gold 6248,Greedy,797.925877633,
1600,2602014,-0.72652836,0.0153338671013,0,inf,Intel Xeon Gold 6248,Greedy,792.683149448,
1600,2602017,-0.72523391,0.0153782663992,0,inf,Intel Xeon Gold 6248,Greedy,793.395386158,
1600,2602020,-0.72079841,0.0153311500502,0,inf,Intel Xeon Gold 6248,Greedy,791.240621866,
1600,2602023,-0.72927894,0.0154164331996,0,inf,Intel Xeon Gold 6248,Greedy,791.145737212,
1600,2602026,-0.72620336,0.0153507986961,0,inf,Intel Xeon Gold 6248,Greedy,793.746940822,
1600,2602029,-0.73052604,0.0153386904714,0,inf,Intel Xeon Gold 6248,Greedy,795.046740221,
2000,3001732,-0.72301406,0.024083754664,0,inf,Intel Xeon Gold 6248,Greedy,1014.27201605,
2000,3001735,-0.72432695,0.0241066317954,0,inf,Intel Xeon Gold 6248,Greedy,1013.69739218,
2000,3001738,-0.7239015,0.0239550588766,0,inf,Intel Xeon Gold 6248,Greedy,1014.8551655,
2000,3001741,-0.72491742,0.0240305170512,0,inf,Intel Xeon Gold 6248,Greedy,1015.90361083,
2000,3001744,-0.73090172,0.0239576597793,0,inf,Intel Xeon Gold 6248,Greedy,1015.67993982,
2000,3001747,-0.72611024,0.023959836008,0,inf,Intel Xeon Gold 6248,Greedy,1019.46038114,
2000,3001750,-0.72761073,0.0239388086259,0,inf,Intel Xeon Gold 6248,Greedy,1014.61614845,
2000,3001753,-0.72502601,0.0238817581745,0,inf,Intel Xeon Gold 6248,Greedy,1013.13069208,
2000,3001756,-0.72435074,0.0238562640923,0,inf,Intel Xeon Gold 6248,Greedy,1011.68996991,
2000,3001759,-0.72292186,0.0239773032096,0,inf,Intel Xeon Gold 6248,Greedy,1016.83169509,
2000,3001762,-0.72410762,0.0239453116349,0,inf,Intel Xeon Gold 6248,Greedy,1015.59117352,
2000,3001765,-0.72427422,0.0238406456369,0,inf,Intel Xeon Gold 6248,Greedy,1011.94734203,
2000,3001768,-0.72787563,0.0239245829488,0,inf,Intel Xeon Gold 6248,Greedy,1017.51845537,
2000,3001771,-0.72422075,0.0238759023069,0,inf,Intel Xeon Gold 6248,Greedy,1013.04282849,
2000,3001774,-0.72457128,0.0239184436309,0,inf,Intel Xeon Gold 6248,Greedy,1013.46930792,
2000,3001777,-0.73099762,0.0239949428285,0,inf,Intel Xeon Gold 6248,Greedy,1016.14764293,
2000,3001780,-0.71902682,0.0239615597793,0,inf,Intel Xeon Gold 6248,Greedy,1008.90902708,
2000,3001783,-0.72030501,0.0238189513541,0,inf,Intel Xeon Gold 6248,Greedy,1008.57141424,
2000,3001786,-0.72169264,0.0238217722166,0,inf,Intel Xeon Gold 6248,Greedy,1013.78435306,
2000,3001789,-0.72255125,0.0239190006018,0,inf,Intel Xeon Gold 6248,Greedy,1014.96298897,
2000,3001792,-0.72411386,0.0239386182548,0,inf,Intel Xeon Gold 6248,Greedy,1012.30471414,
2000,3001795,-0.72626245,0.0238920422267,0,inf,Intel Xeon Gold 6248,Greedy,1015.75456369,
2000,3001798,-0.72662389,0.0237680198596,0,inf,Intel Xeon Gold 6248,Greedy,1013.32326981,
2000,3001801,-0.72292703,0.0238730013039,0,inf,Intel Xeon Gold 6248,Greedy,1012.29398195,
2000,3001804,-0.72388957,0.0238943182548,0,inf,Intel Xeon Gold 6248,Greedy,1012.24754263,
2000,3001807,-0.72678752,0.0238341650953,0,inf,Intel Xeon Gold 6248,Greedy,1013.28214644,
2000,3001810,-0.72122164,0.0238895801404,0,inf,Intel Xeon Gold 6248,Greedy,1011.56018054,
2000,3001813,-0.72184967,0.0238885460381,0,inf,Intel Xeon Gold 6248,Greedy,1014.53600802,
2000,3001816,-0.72332536,0.0238785923771,0,inf,Intel Xeon Gold 6248,Greedy,1014.73179539,
2000,3001819,-0.72520537,0.0239805577733,0,inf,Intel Xeon Gold 6248,Greedy,1016.76740221,
2000,3001822,-0.72220988,0.0238965169509,0,inf,Intel Xeon Gold 6248,Greedy,1012.74764293,
2000,3001825,-0.72642072,0.0239391250752,0,inf,Intel Xeon Gold 6248,Greedy,1016.3885657,
2000,3001828,-0.7252189,0.0238708024072,0,inf,Intel Xeon Gold 6248,Greedy,1010.55827482,
2000,3001831,-0.72215875,0.0238621537613,0,inf,Intel Xeon Gold 6248,Greedy,1012.63650953,
2000,3001834,-0.72340964,0.0238760072217,0,inf,Intel Xeon Gold 6248,Greedy,1010.84513541,
2000,3001837,-0.72682871,0.0239007581745,0,inf,Intel Xeon Gold 6248,Greedy,1011.46419258,
2000,3001840,-0.73061439,0.0239031845537,0,inf,Intel Xeon Gold 6248,Greedy,1016.14503511,
2000,3001843,-0.72365091,0.0238026085256,0,inf,Intel Xeon Gold 6248,Greedy,1012.11524574,
2000,3001846,-0.72682074,0.023887278335,0,inf,Intel Xeon Gold 6248,Greedy,1014.79588766,
2000,3001849,-0.72255312,0.0238250306921,0,inf,Intel Xeon Gold 6248,Greedy,1013.66820461,
2000,3001852,-0.71939977,0.023750987663,0,inf,Intel Xeon Gold 6248,Greedy,1007.44012036,
2000,3001855,-0.72171119,0.0237823714142,0,inf,Intel Xeon Gold 6248,Greedy,1015.12607823,
2000,3001858,-0.72472319,0.0239732975928,0,inf,Intel Xeon Gold 6248,Greedy,1016.4108325,
2000,3001861,-0.72646844,0.0238581252758,0,inf,Intel Xeon Gold 6248,Greedy,1018.70561685,
2000,3001864,-0.72525053,0.0237995784353,0,inf,Intel Xeon Gold 6248,Greedy,1015.49628887,
2000,3001867,-0.73257125,0.0238143219659,0,inf,Intel Xeon Gold 6248,Greedy,1013.14022066,
2000,3001870,-0.72357279,0.0237835053159,0,inf,Intel Xeon Gold 6248,Greedy,1013.51815446,
2000,3001873,-0.72204672,0.0236905603811,0,inf,Intel Xeon Gold 6248,Greedy,1009.91945838,
2000,3001876,-0.72431771,0.0237834682046,0,inf,Intel Xeon Gold 6248,Greedy,1011.36128385,
2000,3001879,-0.72441148,0.0237131507523,0,inf,Intel Xeon Gold 6248,Greedy,1013.56278837,
2000,3001882,-0.71850749,0.023774957673,0,inf,Intel Xeon Gold 6248,Greedy,1011.46840522,
2000,3001885,-0.72375629,0.0238197938816,0,inf,Intel Xeon Gold 6248,Greedy,1015.02928786,
2000,3001888,-0.72512158,0.0237858140421,0,inf,Intel Xeon Gold 6248,Greedy,1014.30270812,
2000,3001891,-0.72645112,0.0239413467402,0,inf,Intel Xeon Gold 6248,Greedy,1014.50732197,
2000,3001894,-0.72560944,0.0238864201605,0,inf,Intel Xeon Gold 6248,Greedy,1012.55476429,
2000,3001897,-0.7215478,0.0237156258776,0,inf,Intel Xeon Gold 6248,Greedy,1008.73981946,
2000,3001900,-0.72312979,0.0237724305918,0,inf,Intel Xeon Gold 6248,Greedy,1010.67382146,
2000,3001903,-0.72689598,0.0237415234704,0,inf,Intel Xeon Gold 6248,Greedy,1011.27963892,
2000,3001906,-0.72179257,0.0237573397192,0,inf,Intel Xeon Gold 6248,Greedy,1012.59628887,
2000,3001909,-0.72516623,0.0237906062187,0,inf,Intel Xeon Gold 6248,Greedy,1010.33801404,
2000,3001912,-0.72248878,0.0237653791374,0,inf,Intel Xeon Gold 6248,Greedy,1013.10060181,
2000,3001915,-0.72093916,0.0237224210632,0,inf,Intel Xeon Gold 6248,Greedy,1010.91985958,
2000,3001918,-0.72073918,0.0237595854564,0,inf,Intel Xeon Gold 6248,Greedy,1011.05677031,
2000,3001921,-0.72660712,0.0237941817452,0,inf,Intel Xeon Gold 6248,Greedy,1013.99207623,
2000,3001924,-0.72561912,0.0237212944835,0,inf,Intel Xeon Gold 6248,Greedy,1014.4883651,
2000,3001927,-0.72469295,0.0237169508526,0,inf,Intel Xeon Gold 6248,Greedy,1014.55646941,
2000,3001930,-0.72629522,0.0238281146439,0,inf,Intel Xeon Gold 6248,Greedy,1015.54533601,
2000,3001933,-0.72542726,0.0237450419258,0,inf,Intel Xeon Gold 6248,Greedy,1014.24984955,
2000,3001936,-0.7249841,0.0237876986961,0,inf,Intel Xeon Gold 6248,Greedy,1013.65987964,
2000,3001939,-0.7204634,0.0236936552658,0,inf,Intel Xeon Gold 6248,Greedy,1010.85677031,
2000,3001942,-0.72612409,0.0237667980943,0,inf,Intel Xeon Gold 6248,Greedy,1015.06268806,
2000,3001945,-0.72521805,0.0237363207623,0,inf,Intel Xeon Gold 6248,Greedy,1017.71725176,
2000,3001948,-0.73010729,0.0236847794383,0,inf,Intel Xeon Gold 6248,Greedy,1013.89909729,
2000,3001951,-0.72827623,0.0236596375125,0,inf,Intel Xeon Gold 6248,Greedy,1011.70060181,
2000,3001954,-0.72584934,0.0237326305918,0,inf,Intel Xeon Gold 6248,Greedy,1014.37301906,
2000,3001957,-0.72327382,0.0236130227683,0,inf,Intel Xeon Gold 6248,Greedy,1015.64543631,
2000,3001960,-0.72383302,0.0236896970913,0,inf,Intel Xeon Gold 6248,Greedy,1015.09057172,
2000,3001963,-0.72140497,0.0237259419258,0,inf,Intel Xeon Gold 6248,Greedy,1012.77141424,
2000,3001966,-0.73110306,0.0236845899699,0,inf,Intel Xeon Gold 6248,Greedy,1017.54684052,
2000,3001969,-0.72338509,0.0236258892678,0,inf,Intel Xeon Gold 6248,Greedy,1014.70702106,
2000,3001972,-0.72045892,0.0236608587763,0,inf,Intel Xeon Gold 6248,Greedy,1011.03249749,
2000,3001975,-0.72450086,0.0236805325978,0,inf,Intel Xeon Gold 6248,Greedy,1012.4775326,
2000,3001978,-0.72338772,0.0236703741224,0,inf,Intel Xeon Gold 6248,Greedy,1015.39839519,
2000,3001981,-0.72768116,0.0236621707121,0,inf,Intel Xeon Gold 6248,Greedy,1014.96870612,
2000,3001984,-0.7285833,0.0237441330993,0,inf,Intel Xeon Gold 6248,Greedy,1018.71263791,
2000,3001987,-0.72441515,0.0236407031093,0,inf,Intel Xeon Gold 6248,Greedy,1010.50371113,
2000,3001990,-0.720763,0.023759652658,0,inf,Intel Xeon Gold 6248,Greedy,1012.0777332,
2000,3001993,-0.71887206,0.0236051332999,0,inf,Intel Xeon Gold 6248,Greedy,1009.32788365,
2000,3001996,-0.72242208,0.0236914714142,0,inf,Intel Xeon Gold 6248,Greedy,1014.6884654,
2000,3001999,-0.72350468,0.0236939711133,0,inf,Intel Xeon Gold 6248,Greedy,1014.8553661,
2000,3002002,-0.72586808,0.023626921665,0,inf,Intel Xeon Gold 6248,Greedy,1013.52417252,
2000,3002005,-0.72879165,0.0236875764293,0,inf,Intel Xeon Gold 6248,Greedy,1016.75847543,
2000,3002008,-0.72504233,0.0236148373119,0,inf,Intel Xeon Gold 6248,Greedy,1013.25496489,
2000,3002011,-0.72266599,0.0236145523571,0,inf,Intel Xeon Gold 6248,Greedy,1012.10672016,
2000,3002014,-0.72674168,0.0236522356068,0,inf,Intel Xeon Gold 6248,Greedy,1015.08595787,
2000,3002017,-0.72364112,0.0236424042126,0,inf,Intel Xeon Gold 6248,Greedy,1011.39588766,
2000,3002020,-0.72921574,0.0235774731194,0,inf,Intel Xeon Gold 6248,Greedy,1015.68816449,
2000,3002023,-0.72410529,0.0235693560682,0,inf,Intel Xeon Gold 6248,Greedy,1015.57161484,
2000,3002026,-0.72431636,0.0236436273821,0,inf,Intel Xeon Gold 6248,Greedy,1016.26308927,
2000,3002029,-0.72254628,0.0235937142427,0,inf,Intel Xeon Gold 6248,Greedy,1012.6331996,
50,1051732,-0.6667837,0.000567989067202,0.042,0.0604798688561,Intel Xeon Gold 6248,Random,30.2918756269,
50,1051735,-0.69177408,0.000622309227683,0.035,0.0808998991657,Intel Xeon Gold 6248,Random,30.8218655968,
50,1051738,-0.68109191,0.000460349849549,0.03,0.0701006368494,Intel Xeon Gold 6248,Random,30.4676028084,
50,1051741,-0.65971069,0.000482450451354,0.029,0.0752664493359,Intel Xeon Gold 6248,Random,29.6451354062,
50,1051744,-0.72038151,0.000631387863591,0.065,0.0431974423333,Intel Xeon Gold 6248,Random,31.3165496489,
50,1051747,-0.7413249,0.000466038816449,0.078,0.0265221059091,Intel Xeon Gold 6248,Random,30.8375125376,
50,1051750,-0.67751407,0.000605931995988,0.027,0.103581495665,Intel Xeon Gold 6248,Random,29.9107321966,
50,1051753,-0.64243069,0.000567048345035,0.022,0.114917952582,Intel Xeon Gold 6248,Random,30.2682046138,
50,1051756,-0.68232808,0.000591110230692,0.046,0.0576281320164,Intel Xeon Gold 6248,Random,30.4078234704,
50,1051759,-0.77338432,0.000605165797392,0.17,0.0149171098745,Intel Xeon Gold 6248,Random,32.6414242728,
50,1051762,-0.7431995,0.000537881243731,0.076,0.0311545679878,Intel Xeon Gold 6248,Random,31.1239719157,
50,1051765,-0.70464688,0.000475092678034,0.04,0.054121953977,Intel Xeon Gold 6248,Random,30.9731193581,
50,1051768,-0.66862687,0.000494363791374,0.023,0.0971169567483,Intel Xeon Gold 6248,Random,30.3177532598,
50,1051771,-0.76888411,0.000588584252758,0.071,0.0367437161314,Intel Xeon Gold 6248,Random,31.5761283852,
50,1051774,-0.68299109,0.000496869207623,0.045,0.0492069341827,Intel Xeon Gold 6248,Random,30.5784353059,
50,1051777,-0.70669449,0.000580529187563,0.085,0.0299276015737,Intel Xeon Gold 6248,Random,32.5878635908,
50,1051780,-0.74360891,0.000478559578736,0.056,0.038123830537,Intel Xeon Gold 6248,Random,32.3259779338,
50,1051783,-0.75693512,0.000515872617854,0.076,0.0302515164194,Intel Xeon Gold 6248,Random,31.375225677,
50,1051786,-0.68135929,0.000582836609829,0.017,0.156997908132,Intel Xeon Gold 6248,Random,30.048445336,
50,1051789,-0.67632191,0.000572143029087,0.025,0.102098641173,Intel Xeon Gold 6248,Random,30.5143430291,
50,1051792,-0.67481349,0.000572372818455,0.054,0.0472459014987,Intel Xeon Gold 6248,Random,30.1458375125,
50,1051795,-0.7022825,0.000598919358074,0.049,0.055074544088,Intel Xeon Gold 6248,Random,31.1826479438,
50,1051798,-0.66235707,0.000505766399198,0.007,0.340327178187,Intel Xeon Gold 6248,Random,29.5265797392,
50,1051801,-0.71790231,0.000501928385155,0.099,0.022268134271,Intel Xeon Gold 6248,Random,31.3005015045,
50,1051804,-0.72637188,0.000516205717151,0.051,0.0452732170835,Intel Xeon Gold 6248,Random,30.9931795386,
50,1051807,-0.67750689,0.000473703711133,0.059,0.0360132926141,Intel Xeon Gold 6248,Random,31.0153460381,
50,1051810,-0.70251409,0.000478868505517,0.044,0.0490867148276,Intel Xeon Gold 6248,Random,30.3708124373,
50,1051813,-0.66356966,0.000560381344032,0.008,0.316351068591,Intel Xeon Gold 6248,Random,30.201003009,
50,1051816,-0.72162931,0.00051785997994,0.043,0.0543521074985,Intel Xeon Gold 6248,Random,31.7401203611,
50,1051819,-0.69647808,0.000618325476429,0.034,0.0830607244657,Intel Xeon Gold 6248,Random,31.0132397192,
50,1051822,-0.6960499,0.000485194984955,0.067,0.0323189080226,Intel Xeon Gold 6248,Random,31.1292878636,
50,1051825,-0.66074589,0.000515694383149,0.014,0.174197710052,Intel Xeon Gold 6248,Random,29.9120361083,
50,1051828,-0.65501968,0.00056121995988,0.017,0.150278150208,Intel Xeon Gold 6248,Random,30.1196589769,
50,1051831,-0.68945891,0.000497575125376,0.095,0.0229847700337,Intel Xeon Gold 6248,Random,30.997893681,
50,1051834,-0.70098388,0.000477207321966,0.043,0.0504468134701,Intel Xeon Gold 6248,Random,31.0626880642,
50,1051837,-0.68416249,0.00059259107322,0.042,0.063252675792,Intel Xeon Gold 6248,Random,30.5821464393,
50,1051840,-0.69210411,0.000563485456369,0.084,0.0295197725914,Intel Xeon Gold 6248,Random,30.8040120361,
50,1051843,-0.68688249,0.000574227081244,0.042,0.0620453290904,Intel Xeon Gold 6248,Random,30.7238716148,
50,1051846,-0.68337169,0.000574794182548,0.04,0.0646445542777,Intel Xeon Gold 6248,Random,30.5619859579,
50,1051849,-0.68133668,0.000500045436309,0.049,0.0458858159748,Intel Xeon Gold 6248,Random,31.6894684052,
50,1051852,-0.69819429,0.000578423470411,0.059,0.04382040854,Intel Xeon Gold 6248,Random,30.0187562688,
50,1051855,-0.68380991,0.000578023169509,0.021,0.12504096749,Intel Xeon Gold 6248,Random,30.4116349047,
50,1051858,-0.67745486,0.000468162587763,0.012,0.173675922595,Intel Xeon Gold 6248,Random,30.1149448345,
50,1051861,-0.68880829,0.0005093332999,0.028,0.0814551510961,Intel Xeon Gold 6248,Random,30.4446339017,
50,1051864,-0.71321929,0.000595264894684,0.059,0.0447821300809,Intel Xeon Gold 6248,Random,30.2961885657,
50,1051867,-0.6900631,0.000592867602808,0.042,0.0637463102246,Intel Xeon Gold 6248,Random,30.4411233701,
50,1051870,-0.71284851,0.000516615045135,0.026,0.0903868107987,Intel Xeon Gold 6248,Random,31.3345035105,
50,1051873,-0.67281488,0.000496602908726,0.033,0.0683647912229,Intel Xeon Gold 6248,Random,30.4378134403,
50,1051876,-0.70808727,0.000564419157472,0.008,0.326730114159,Intel Xeon Gold 6248,Random,30.1844533601,
50,1051879,-0.70556767,0.000556431494483,0.059,0.042452016467,Intel Xeon Gold 6248,Random,31.2668004012,
50,1051882,-0.68820189,0.000476406218656,0.022,0.0987779651936,Intel Xeon Gold 6248,Random,30.2331995988,
50,1051885,-0.70292526,0.000543454864594,0.008,0.295793793068,Intel Xeon Gold 6248,Random,30.5992978937,
50,1051888,-0.7162177,0.000500690872618,0.074,0.0301092657684,Intel Xeon Gold 6248,Random,31.0409227683,
50,1051891,-0.7056239,0.000478398996991,0.046,0.0468483159708,Intel Xeon Gold 6248,Random,30.519558676,
50,1051894,-0.68382947,0.000473520060181,0.022,0.0968379545162,Intel Xeon Gold 6248,Random,29.874222668,
50,1051897,-0.67194847,0.000588939719157,0.022,0.120442030935,Intel Xeon Gold 6248,Random,31.2768304915,
50,1051900,-0.72562887,0.000517236810431,0.031,0.0744338015008,Intel Xeon Gold 6248,Random,30.2431293882,
50,1051903,-0.67784167,0.000491962688064,0.046,0.0479621046344,Intel Xeon Gold 6248,Random,30.8779338014,
50,1051906,-0.66721008,0.00050083109328,0.041,0.0549239225116,Intel Xeon Gold 6248,Random,30.0024072217,
50,1051909,-0.66387709,0.000586405416249,0.029,0.0921291014567,Intel Xeon Gold 6248,Random,29.861885657,
50,1051912,-0.67752611,0.000473571715145,0.048,0.0442938427586,Intel Xeon Gold 6248,Random,31.2786359077,
50,1051915,-0.7107625,0.000486380842528,0.056,0.0391789079961,Intel Xeon Gold 6248,Random,31.0490471414,
50,1051918,-0.74306389,0.000586862788365,0.088,0.0291776728757,Intel Xeon Gold 6248,Random,30.9889669007,
50,1051921,-0.67841327,0.000472445035105,0.081,0.025742906807,Intel Xeon Gold 6248,Random,30.7892678034,
50,1051924,-0.6668523,0.000600167402207,0.023,0.116877913462,Intel Xeon Gold 6248,Random,29.4362086259,
50,1051927,-0.6872173,0.000578857472417,0.028,0.0949558212994,Intel Xeon Gold 6248,Random,31.4991975928,
50,1051930,-0.66906052,0.000563629187563,0.025,0.101797139079,Intel Xeon Gold 6248,Random,29.7862587763,
50,1051933,-0.7236433,0.000496527883651,0.077,0.0285642092881,Intel Xeon Gold 6248,Random,30.8441323972,
50,1051936,-0.66279848,0.000582208425276,0.025,0.107317466678,Intel Xeon Gold 6248,Random,29.9210631896,
50,1051939,-0.7150423,0.000585761183551,0.061,0.0431642959759,Intel Xeon Gold 6248,Random,30.5238716148,
50,1051942,-0.75813491,0.000601145837513,0.07,0.0381984289458,Intel Xeon Gold 6248,Random,32.0738214644,
50,1051945,-0.70466468,0.000561752457372,0.063,0.0394381080418,Intel Xeon Gold 6248,Random,30.627883651,
50,1051948,-0.7038381,0.000488303510532,0.075,0.0288740937878,Intel Xeon Gold 6248,Random,30.3749247743,
50,1051951,-0.69874249,0.000597548746239,0.048,0.0560094426355,Intel Xeon Gold 6248,Random,29.8180541625,
50,1051954,-0.72165633,0.000474898495486,0.076,0.0277719890194,Intel Xeon Gold 6248,Random,30.6135406219,
50,1051957,-0.74203868,0.000507987061184,0.039,0.058780110028,Intel Xeon Gold 6248,Random,31.6674022066,
50,1051960,-0.7120285,0.000597517652959,0.078,0.0338679460191,Intel Xeon Gold 6248,Random,30.429889669,
50,1051963,-0.6861481,0.000569918956871,0.017,0.153518297451,Intel Xeon Gold 6248,Random,30.4304914744,
50,1051966,-0.67133588,0.000497206419258,0.028,0.0795157591592,Intel Xeon Gold 6248,Random,30.2186559679,
50,1051969,-0.71275346,0.000504824874624,0.009,0.271521827043,Intel Xeon Gold 6248,Random,31.4440320963,
50,1051972,-0.73796127,0.000609809829488,0.035,0.0779033800484,Intel Xeon Gold 6248,Random,30.4819458375,
50,1051975,-0.86106392,0.000570528786359,0.264,0.00856800095915,Intel Xeon Gold 6248,Random,34.6940822467,
50,1051978,-0.69254629,0.000505629789368,0.053,0.0423809129651,Intel Xeon Gold 6248,Random,31.070110331,
50,1051981,-0.6987235,0.000588784252758,0.04,0.0663873598643,Intel Xeon Gold 6248,Random,30.6664994985,
50,1051984,-0.72206628,0.000472930591775,0.054,0.0390375493634,Intel Xeon Gold 6248,Random,30.7497492477,
50,1051987,-0.74627332,0.000498793079238,0.04,0.0565297523377,Intel Xeon Gold 6248,Random,31.634002006,
50,1051990,-0.72064191,0.000505615245737,0.025,0.0902267910677,Intel Xeon Gold 6248,Random,30.3277833501,
50,1051993,-0.75253532,0.000492748746239,0.164,0.0126433530173,Intel Xeon Gold 6248,Random,32.2425275827,
50,1051996,-0.7466803,0.000508892778335,0.029,0.079391681385,Intel Xeon Gold 6248,Random,31.7189568706,
50,1051999,-0.73388248,0.000554086158475,0.031,0.0813150968197,Intel Xeon Gold 6248,Random,30.4713139418,
50,1052002,-0.68477627,0.00049551554664,0.035,0.0633022527403,Intel Xeon Gold 6248,Random,30.3204613842,
50,1052005,-0.72361709,0.000602745135406,0.107,0.0246200782047,Intel Xeon Gold 6248,Random,30.9232698094,
50,1052008,-0.72259929,0.000604431193581,0.028,0.097011448014,Intel Xeon Gold 6248,Random,29.9720160481,
50,1052011,-0.70798709,0.0005728332999,0.063,0.0408155268674,Intel Xeon Gold 6248,Random,30.4805416249,
50,1052014,-0.69469048,0.000571186258776,0.033,0.0788768338082,Intel Xeon Gold 6248,Random,30.517552658,
50,1052017,-0.70872147,0.000611788365095,0.024,0.117608450847,Intel Xeon Gold 6248,Random,31.2263791374,
50,1052020,-0.69671671,0.000458293981946,0.087,0.0231705441087,Intel Xeon Gold 6248,Random,30.9106318957,
50,1052023,-0.71161229,0.000490179939819,0.054,0.04046137833,Intel Xeon Gold 6248,Random,30.7582748245,
50,1052026,-0.76282751,0.000480629388164,0.121,0.0171069723676,Intel Xeon Gold 6248,Random,31.7880641926,
50,1052029,-0.68656827,0.000500655667001,0.023,0.0992221103735,Intel Xeon Gold 6248,Random,30.1875626881,
100,1101732,-0.73146356,0.000623586559679,0.008,0.360980851083,Intel Xeon Gold 6248,Random,67.595887663,
100,1101735,-0.76029218,0.000631037211635,0.004,0.722874922579,Intel Xeon Gold 6248,Random,67.583550652,
100,1101738,-0.74355115,0.000634047041123,0.004,0.830292010378,Intel Xeon Gold 6248,Random,66.3324974925,
100,1101741,-0.7527932,0.000641884353059,0.012,0.24208252982,Intel Xeon Gold 6248,Random,66.3935807422,
100,1101744,-0.72449548,0.000611188565697,0.004,0.800358569663,Intel Xeon Gold 6248,Random,66.7187562688,
100,1101747,-0.69158497,0.000634423570712,0.003,0.85526295039,Intel Xeon Gold 6248,Random,65.4038114343,
100,1101750,-0.72912178,0.000593380541625,0.006,0.460398529753,Intel Xeon Gold 6248,Random,65.9326980943,
100,1101753,-0.70186606,0.000636640320963,0.001,2.24702723519,Intel Xeon Gold 6248,Random,66.1844533601,
100,1101756,-0.71960035,0.000628510531595,0.003,0.960456996747,Intel Xeon Gold 6248,Random,67.1135406219,
100,1101759,-0.73880448,0.000595357873621,0.003,1.01103561329,Intel Xeon Gold 6248,Random,67.1306920762,
100,1101762,-0.71952185,0.000619217953862,0.005,0.590874977711,Intel Xeon Gold 6248,Random,65.5323971916,
100,1101765,-0.74321767,0.000613914844534,0.007,0.395584836563,Intel Xeon Gold 6248,Random,65.8880641926,
100,1101768,-0.74495457,0.000607577231695,0.005,0.567906498543,Intel Xeon Gold 6248,Random,67.1946840522,
100,1101771,-0.72723936,0.000605634102307,0.005,0.523261023382,Intel Xeon Gold 6248,Random,66.6256770311,
100,1101774,-0.71075897,0.000646968405216,0.006,0.519642457726,Intel Xeon Gold 6248,Random,65.7629889669,
100,1101777,-0.72976417,0.000620759077232,0.004,0.729371021231,Intel Xeon Gold 6248,Random,67.2877632899,
100,1101780,-0.74268037,0.000622281845537,0.012,0.22897678828,Intel Xeon Gold 6248,Random,67.8132397192,
100,1101783,-0.70662904,0.00065505005015,0.002,1.66936185414,Intel Xeon Gold 6248,Random,65.8735205617,
100,1101786,-0.75315846,0.000656960381143,0.002,1.25529423416,Intel Xeon Gold 6248,Random,67.15667001,
100,1101789,-0.73306051,0.000645402006018,0.005,0.547266176227,Intel Xeon Gold 6248,Random,66.0064192578,
100,1101792,-0.73091488,0.000618913139418,0.005,0.534733961451,Intel Xeon Gold 6248,Random,66.1116349047,
100,1101795,-0.72806424,0.000641226379137,0.001,2.67497573537,Intel Xeon Gold 6248,Random,66.1957873621,
100,1101798,-0.72107295,0.000618750150451,0.003,0.978195754535,Intel Xeon Gold 6248,Random,65.9091273821,
100,1101801,-0.77959049,0.000668770110331,0.031,0.0962404466158,Intel Xeon Gold 6248,Random,70.7600802407,
100,1101804,-0.74748737,0.000629757372116,0.011,0.256711436802,Intel Xeon Gold 6248,Random,68.1797392177,
100,1101807,-0.73635226,0.000614528184554,0.004,0.782338824947,Intel Xeon Gold 6248,Random,67.5022066199,
100,1101810,-0.72323357,0.000583426278837,0.005,0.504073714755,Intel Xeon Gold 6248,Random,65.9352056169,
100,1101813,-0.72769238,0.000620645135406,0.017,0.162336944938,Intel Xeon Gold 6248,Random,67.2779338014,
100,1101816,-0.70120284,0.000597715847543,0.001,3.04787400257,Intel Xeon Gold 6248,Random,65.1480441324,
100,1101819,-0.73943935,0.000631034603811,0.004,0.657024026781,Intel Xeon Gold 6248,Random,67.4073219659,
100,1101822,-0.74900057,0.000634276228686,0.006,0.500639333818,Intel Xeon Gold 6248,Random,67.3370110331,
100,1101825,-0.72049978,0.000575944934804,0.004,0.713366926588,Intel Xeon Gold 6248,Random,66.5750250752,
100,1101828,-0.71397248,0.000644862487462,0.01,0.283204130827,Intel Xeon Gold 6248,Random,66.8847542628,
100,1101831,-0.73790628,0.000632251654965,0.011,0.27500748379,Intel Xeon Gold 6248,Random,66.0544633902,
100,1101834,-0.72949064,0.000624496389168,0.005,0.608621425548,Intel Xeon Gold 6248,Random,66.3035105316,
100,1101837,-0.71715726,0.000659396589769,0.005,0.603985134058,Intel Xeon Gold 6248,Random,66.1922768305,
100,1101840,-0.69353693,0.000593828986961,0.001,3.02805411429,Intel Xeon Gold 6248,Random,65.2686058175,
100,1101843,-0.72370558,0.000614365797392,0.013,0.210670270004,Intel Xeon Gold 6248,Random,66.441223671,
100,1101846,-0.71478953,0.000603059679037,0.002,1.53686702829,Intel Xeon Gold 6248,Random,65.4441323972,
100,1101849,-0.74762639,0.000629058274824,0.009,0.326757314449,Intel Xeon Gold 6248,Random,68.0018054162,
100,1101852,-0.74452457,0.000586549648947,0.008,0.319249595114,Intel Xeon Gold 6248,Random,66.9818455366,
100,1101855,-0.794193,0.000604507923771,0.068,0.03983272299,Intel Xeon Gold 6248,Random,68.7831494483,
100,1101858,-0.73230855,0.000597889067202,0.002,1.37118323085,Intel Xeon Gold 6248,Random,65.750551655,
100,1101861,-0.71794127,0.00062693219659,0.009,0.32565294679,Intel Xeon Gold 6248,Random,65.6192577733,
100,1101864,-0.71651446,0.000607703009027,0.002,1.1611751716,Intel Xeon Gold 6248,Random,66.0646940822,
100,1101867,-0.7615074,0.000608027582748,0.019,0.143241532239,Intel Xeon Gold 6248,Random,67.8386158475,
100,1101870,-0.71627155,0.000602473019057,0.008,0.327916430854,Intel Xeon Gold 6248,Random,66.3273821464,
100,1101873,-0.72277705,0.000606668405216,0.001,2.78403267946,Intel Xeon Gold 6248,Random,66.8127382146,
100,1101876,-0.71836185,0.000615647342026,0.006,0.440245789057,Intel Xeon Gold 6248,Random,66.0672016048,
100,1101879,-0.71319872,0.000602117652959,0.001,3.94795012639,Intel Xeon Gold 6248,Random,66.0831494483,
100,1101882,-0.72267078,0.00063246559679,0.006,0.452272424005,Intel Xeon Gold 6248,Random,66.8809428285,
100,1101885,-0.72582337,0.00063005777332,0.005,0.601218634643,Intel Xeon Gold 6248,Random,66.4283851555,
100,1101888,-0.72354836,0.000629889669007,0.007,0.389364970084,Intel Xeon Gold 6248,Random,66.6633901705,
100,1101891,-0.73940761,0.000630914744233,0.005,0.545103212446,Intel Xeon Gold 6248,Random,65.9301905717,
100,1101894,-0.71977126,0.000607334102307,0.007,0.408671476759,Intel Xeon Gold 6248,Random,66.018555667,
100,1101897,-0.71213806,0.000611827983952,0.003,0.904757990765,Intel Xeon Gold 6248,Random,65.8584754263,
100,1101900,-0.73218794,0.000608956469408,0.003,0.872326803676,Intel Xeon Gold 6248,Random,66.6040120361,
100,1101903,-0.73717443,0.000614187562688,0.002,1.76105598827,Intel Xeon Gold 6248,Random,66.8301905717,
100,1101906,-0.71702199,0.000620181544634,0.004,0.728692439868,Intel Xeon Gold 6248,Random,65.8121364092,
100,1101909,-0.72777709,0.000616500501505,0.008,0.335551365254,Intel Xeon Gold 6248,Random,66.7718154463,
100,1101912,-0.71722626,0.000611573219659,0.004,0.778576940917,Intel Xeon Gold 6248,Random,66.3301905717,
100,1101915,-0.72154415,0.000656315747242,0.002,1.25406249288,Intel Xeon Gold 6248,Random,66.0098294885,
100,1101918,-0.70019625,0.000592043229689,0.003,0.969450577774,Intel Xeon Gold 6248,Random,66.0363089268,
100,1101921,-0.71412639,0.000645344332999,0.008,0.378384494655,Intel Xeon Gold 6248,Random,66.3065195587,
100,1101924,-0.71887656,0.000584912437312,0.007,0.399478609185,Intel Xeon Gold 6248,Random,66.1800401204,
100,1101927,-0.71346838,0.000612818054162,0.003,1.04068645881,Intel Xeon Gold 6248,Random,66.2167502508,
100,1101930,-0.73601587,0.000603509729188,0.007,0.400192413642,Intel Xeon Gold 6248,Random,65.5369107322,
100,1101933,-0.73136598,0.000608988164493,0.003,0.997197330059,Intel Xeon Gold 6248,Random,67.676328987,
100,1101936,-0.71981539,0.000627457071214,0.006,0.455835915782,Intel Xeon Gold 6248,Random,65.6922768305,
100,1101939,-0.71719853,0.000604960280843,0.001,2.52368605655,Intel Xeon Gold 6248,Random,66.1821464393,
100,1101942,-0.72951969,0.000606777231695,0.007,0.402359122233,Intel Xeon Gold 6248,Random,66.073219659,
100,1101945,-0.70968297,0.000618695386158,0.007,0.416316416557,Intel Xeon Gold 6248,Random,66.1428284855,
100,1101948,-0.71393372,0.000610007221665,0,7.00049408562,Intel Xeon Gold 6248,Random,65.7608826479,
100,1101951,-0.71187347,0.000605041825476,0.007,0.389867379452,Intel Xeon Gold 6248,Random,66.1928786359,
100,1101954,-0.77353609,0.000637542728185,0.03,0.0951312113251,Intel Xeon Gold 6248,Random,70.2387161484,
100,1101957,-0.69714586,0.000619643731194,0.005,0.603892124202,Intel Xeon Gold 6248,Random,65.5252758275,
100,1101960,-0.74448929,0.000615164092277,0.011,0.260102862111,Intel Xeon Gold 6248,Random,66.8537612839,
100,1101963,-0.71136158,0.000614209829488,0.009,0.308479741078,Intel Xeon Gold 6248,Random,65.5960882648,
100,1101966,-0.73254257,0.000636480742227,0.005,0.571534927953,Intel Xeon Gold 6248,Random,66.3388164493,
100,1101969,-0.74476819,0.000628735005015,0.008,0.37345241406,Intel Xeon Gold 6248,Random,66.9586760281,
100,1101972,-0.73985687,0.000655973420261,0.004,0.751440210882,Intel Xeon Gold 6248,Random,67.6099297894,
100,1101975,-0.73296446,0.000599055867603,0.001,2.29068531149,Intel Xeon Gold 6248,Random,66.8227683049,
100,1101978,-0.75162796,0.000621762988967,0.006,0.459007882633,Intel Xeon Gold 6248,Random,66.5407221665,
100,1101981,-0.71113707,0.00058873550652,0.005,0.550295012113,Intel Xeon Gold 6248,Random,65.6892678034,
100,1101984,-0.71840345,0.000605775626881,0.002,1.46246299964,Intel Xeon Gold 6248,Random,66.3338014042,
100,1101987,-0.76107958,0.000586588565697,0.012,0.228837796809,Intel Xeon Gold 6248,Random,67.9057171515,
100,1101990,-0.76639649,0.000630903711133,0.014,0.209982094026,Intel Xeon Gold 6248,Random,69.3733199599,
100,1101993,-0.73824667,0.00063110441324,0.012,0.246204157271,Intel Xeon Gold 6248,Random,66.8269809428,
100,1101996,-0.73956347,0.000633764192578,0.004,0.744651594015,Intel Xeon Gold 6248,Random,66.5924774323,
100,1101999,-0.71177626,0.000638169909729,0.004,0.713179403618,Intel Xeon Gold 6248,Random,65.5536609829,
100,1102002,-0.70195915,0.000607121564694,0.005,0.545171529499,Intel Xeon Gold 6248,Random,65.7684052156,
100,1102005,-0.71515404,0.000585814744233,0.001,2.06763794519,Intel Xeon Gold 6248,Random,65.8869608826,
100,1102008,-0.7234722,0.000586431695085,0.006,0.471019612188,Intel Xeon Gold 6248,Random,66.0492477432,
100,1102011,-0.72489748,0.000581155466399,0.003,0.807234090903,Intel Xeon Gold 6248,Random,66.8729187563,
100,1102014,-0.73889276,0.000568516950853,0.003,1.04279557772,Intel Xeon Gold 6248,Random,66.3860581745,
100,1102017,-0.69855774,0.000655225777332,0.003,1.11270317397,Intel Xeon Gold 6248,Random,65.707221665,
100,1102020,-0.68722582,0.000621054363089,0.001,2.59082502789,Intel Xeon Gold 6248,Random,64.2273821464,
100,1102023,-0.73834466,0.000651720361083,0.002,1.42339374864,Intel Xeon Gold 6248,Random,66.9533600802,
100,1102026,-0.73065663,0.00062365005015,0.004,0.81667702919,Intel Xeon Gold 6248,Random,65.1675025075,
100,1102029,-0.72947325,0.000588749849549,0.005,0.573783578158,Intel Xeon Gold 6248,Random,66.6498495486,
200,1201732,-0.73640069,0.000783265496489,0,inf,Intel Xeon Gold 6248,Random,142.436308927,
200,1201735,-0.75188336,0.000766366800401,0,inf,Intel Xeon Gold 6248,Random,143.764593781,
200,1201738,-0.74448269,0.000735031394183,0,inf,Intel Xeon Gold 6248,Random,142.899699097,
200,1201741,-0.75144099,0.000787447141424,0,36.15267795,Intel Xeon Gold 6248,Random,142.898294885,
200,1201744,-0.75860122,0.000774158174524,0,11.8463331926,Intel Xeon Gold 6248,Random,144.841524574,
200,1201747,-0.73829677,0.00071656439318,0,8.22335313134,Intel Xeon Gold 6248,Random,142.694583751,
200,1201750,-0.73997709,0.000781538816449,0,inf,Intel Xeon Gold 6248,Random,142.328986961,
200,1201753,-0.76575637,0.000730420561685,0.001,5.58768441063,Intel Xeon Gold 6248,Random,144.673219659,
200,1201756,-0.75222126,0.000789618455366,0.001,4.52995457663,Intel Xeon Gold 6248,Random,143.433400201,
200,1201759,-0.74997875,0.000730484754263,0,11.1780332184,Intel Xeon Gold 6248,Random,143.553259779,
200,1201762,-0.73709282,0.000780817652959,0,inf,Intel Xeon Gold 6248,Random,141.016148445,
200,1201765,-0.72923044,0.000691704814443,0,15.8777179066,Intel Xeon Gold 6248,Random,141.869809428,
200,1201768,-0.72667113,0.000714608525577,0,10.9350917872,Intel Xeon Gold 6248,Random,141.062888666,
200,1201771,-0.74042941,0.000761851755266,0,17.4879038055,Intel Xeon Gold 6248,Random,140.786860582,
200,1201774,-0.74203853,0.000752403911735,0.001,4.93334334882,Intel Xeon Gold 6248,Random,142.328786359,
200,1201777,-0.74353521,0.000800240621866,0,inf,Intel Xeon Gold 6248,Random,144.400501505,
200,1201780,-0.75779148,0.000668868706118,0,30.708594458,Intel Xeon Gold 6248,Random,144.928485456,
200,1201783,-0.72474134,0.000698360381143,0,16.0304929175,Intel Xeon Gold 6248,Random,141.206920762,
200,1201786,-0.72374232,0.000718263590772,0,16.4873605601,Intel Xeon Gold 6248,Random,141.751354062,
200,1201789,-0.75584266,0.000753320361083,0.001,5.76286684499,Intel Xeon Gold 6248,Random,143.611434303,
200,1201792,-0.73080051,0.000779504613842,0,35.7880266271,Intel Xeon Gold 6248,Random,143.713841525,
200,1201795,-0.75425818,0.00076465667001,0,8.77526413757,Intel Xeon Gold 6248,Random,144.869809428,
200,1201798,-0.74214084,0.000726388565697,0,16.6738650591,Intel Xeon Gold 6248,Random,142.016850552,
200,1201801,-0.75205501,0.000761705616851,0,34.970852531,Intel Xeon Gold 6248,Random,143.659378134,
200,1201804,-0.71962229,0.000695563590772,0,10.6436621405,Intel Xeon Gold 6248,Random,140.684052156,
200,1201807,-0.73948138,0.000697215947844,0,inf,Intel Xeon Gold 6248,Random,141.823871615,
200,1201810,-0.74409353,0.00076748996991,0,17.6173260384,Intel Xeon Gold 6248,Random,141.743129388,
200,1201813,-0.74557773,0.000733895285858,0,33.6940456354,Intel Xeon Gold 6248,Random,143.543229689,
200,1201816,-0.73131421,0.000772249247743,0,35.4549237429,Intel Xeon Gold 6248,Random,142.038615848,
200,1201819,-0.73861521,0.000764879538616,0,inf,Intel Xeon Gold 6248,Random,141.828786359,
200,1201822,-0.72167392,0.000732878335005,0,inf,Intel Xeon Gold 6248,Random,140.09217653,
200,1201825,-0.75717826,0.000778384152457,0,inf,Intel Xeon Gold 6248,Random,146.23109328,
200,1201828,-0.7427351,0.000695606218656,0.001,6.38594790215,Intel Xeon Gold 6248,Random,142.102407222,
200,1201831,-0.75413742,0.000723854262788,0,11.0765720263,Intel Xeon Gold 6248,Random,146.605616851,
200,1201834,-0.7390038,0.000728023470411,0,33.4244632829,Intel Xeon Gold 6248,Random,141.449849549,
200,1201837,-0.75564298,0.000762791675025,0.001,3.88962903567,Intel Xeon Gold 6248,Random,141.588966901,
200,1201840,-0.74403223,0.000720890270812,0.001,4.13566851094,Intel Xeon Gold 6248,Random,141.84774323,
200,1201843,-0.72745998,0.000759408726179,0,17.4318253658,Intel Xeon Gold 6248,Random,142.14222668,
200,1201846,-0.72934335,0.00072799327984,0,16.7107004228,Intel Xeon Gold 6248,Random,141.798294885,
200,1201849,-0.75911655,0.000733183149448,0.001,3.36461538222,Intel Xeon Gold 6248,Random,141.398996991,
200,1201852,-0.7138441,0.000764770611836,0,35.111570264,Intel Xeon Gold 6248,Random,139.36890672,
200,1201855,-0.7351213,0.000754801404213,0.001,6.92938377274,Intel Xeon Gold 6248,Random,142.079839519,
200,1201858,-0.73746215,0.000738955667001,0,11.3076569284,Intel Xeon Gold 6248,Random,142.08776329,
200,1201861,-0.75307303,0.000787628786359,0,12.0524633626,Intel Xeon Gold 6248,Random,144.57001003,
200,1201864,-0.75890562,0.000716705817452,0.001,3.28900005372,Intel Xeon Gold 6248,Random,143.165295888,
200,1201867,-0.72932169,0.000723390772317,0,33.2117703497,Intel Xeon Gold 6248,Random,140.19227683,
200,1201870,-0.72825578,0.000784260080241,0,inf,Intel Xeon Gold 6248,Random,141.744834504,
200,1201873,-0.75026005,0.000764518054162,0.001,2.92338389747,Intel Xeon Gold 6248,Random,141.162988967,
200,1201876,-0.74004896,0.000739865697091,0,33.9681546431,Intel Xeon Gold 6248,Random,143.406820461,
200,1201879,-0.7481537,0.000708874322969,0,inf,Intel Xeon Gold 6248,Random,143.667703109,
200,1201882,-0.73723451,0.000737736308927,0,33.8703917832,Intel Xeon Gold 6248,Random,141.716449348,
200,1201885,-0.74124036,0.000742765195587,0,34.1012742264,Intel Xeon Gold 6248,Random,143.460581745,
200,1201888,-0.74595362,0.000757609628887,0.001,3.16048659271,Intel Xeon Gold 6248,Random,142.219558676,
200,1201891,-0.7388778,0.000766052457372,0,35.1704213873,Intel Xeon Gold 6248,Random,142.169307924,
200,1201894,-0.72980397,0.000728663691073,0,16.7260893579,Intel Xeon Gold 6248,Random,141.237111334,
200,1201897,-0.72123643,0.000758606419258,0,8.70583095202,Intel Xeon Gold 6248,Random,140.149548646,
200,1201900,-0.73744094,0.000723768806419,0,inf,Intel Xeon Gold 6248,Random,142.769007021,
200,1201903,-0.73709715,0.000739910431294,0,inf,Intel Xeon Gold 6248,Random,142.174824473,
200,1201906,-0.72455244,0.000774840120361,0,inf,Intel Xeon Gold 6248,Random,140.521364092,
200,1201909,-0.72723906,0.00074380110331,0,inf,Intel Xeon Gold 6248,Random,141.948645938,
200,1201912,-0.73503368,0.000768177833501,0,inf,Intel Xeon Gold 6248,Random,143.013139418,
200,1201915,-0.73973007,0.000778603911735,0,inf,Intel Xeon Gold 6248,Random,142.225175527,
200,1201918,-0.74618643,0.000745713841525,0,17.1174665371,Intel Xeon Gold 6248,Random,144.815847543,
200,1201921,-0.74327069,0.000788779338014,0,9.05209790067,Intel Xeon Gold 6248,Random,144.087562688,
200,1201924,-0.73036482,0.000746087362086,0,11.4167876448,Intel Xeon Gold 6248,Random,142.237211635,
200,1201927,-0.7369226,0.000713748746239,0,32.7690929366,Intel Xeon Gold 6248,Random,142.128686058,
200,1201930,-0.74698177,0.000788430692076,0,18.0980092321,Intel Xeon Gold 6248,Random,143.761484453,
200,1201933,-0.73826313,0.000735160982949,0.001,6.74907672027,Intel Xeon Gold 6248,Random,141.953761284,
200,1201936,-0.73999736,0.000758116349047,0,inf,Intel Xeon Gold 6248,Random,142.548946841,
200,1201939,-0.73272212,0.000773168505517,0,inf,Intel Xeon Gold 6248,Random,142.705416249,
200,1201942,-0.73522591,0.000758800300903,0,17.4178592857,Intel Xeon Gold 6248,Random,142.709528586,
200,1201945,-0.73594904,0.000698791574724,0,inf,Intel Xeon Gold 6248,Random,143.175626881,
200,1201948,-0.73483879,0.000720699899699,0,16.543284742,Intel Xeon Gold 6248,Random,141.30551655,
200,1201951,-0.74869245,0.000718270511535,0,32.976692807,Intel Xeon Gold 6248,Random,143.733701103,
200,1201954,-0.74154735,0.0007763888666,0,inf,Intel Xeon Gold 6248,Random,143.389468405,
200,1201957,-0.73972263,0.00071063560682,0,inf,Intel Xeon Gold 6248,Random,142.899899699,
200,1201960,-0.74804646,0.000705567001003,0.001,4.04776059069,Intel Xeon Gold 6248,Random,144.701504514,
200,1201963,-0.74668952,0.000792592978937,0,36.3889297523,Intel Xeon Gold 6248,Random,143.799297894,
200,1201966,-0.72845886,0.000692195085256,0,15.8889718136,Intel Xeon Gold 6248,Random,140.725075226,
200,1201969,-0.72804161,0.000733986960883,0,16.8482821988,Intel Xeon Gold 6248,Random,141.926078235,
200,1201972,-0.73705971,0.000747593881645,0.001,5.71905953512,Intel Xeon Gold 6248,Random,142.58114343,
200,1201975,-0.74350321,0.00071053891675,0,16.3100447565,Intel Xeon Gold 6248,Random,142.936308927,
200,1201978,-0.75457012,0.00072306559679,0.001,6.63803615767,Intel Xeon Gold 6248,Random,142.904513541,
200,1201981,-0.75140842,0.000731637713139,0.001,3.35752329509,Intel Xeon Gold 6248,Random,144.715646941,
200,1201984,-0.74551418,0.000772950351053,0,17.7426661974,Intel Xeon Gold 6248,Random,142.900601805,
200,1201987,-0.74649536,0.00073290220662,0.001,6.72834023521,Intel Xeon Gold 6248,Random,143.736108325,
200,1201990,-0.73462132,0.000701335205617,0,32.1991718425,Intel Xeon Gold 6248,Random,142.335907723,
200,1201993,-0.75665674,0.000729801905717,0,11.1675841246,Intel Xeon Gold 6248,Random,145.186359077,
200,1201996,-0.74209753,0.000739618154463,0,16.977543267,Intel Xeon Gold 6248,Random,142.833099298,
200,1201999,-0.7471672,0.000726835807422,0,33.3699361975,Intel Xeon Gold 6248,Random,142.71554664,
200,1202002,-0.75652925,0.00072503891675,0,8.32060747527,Intel Xeon Gold 6248,Random,144.001303912,
200,1202005,-0.73604588,0.000742998696088,0,34.1119945249,Intel Xeon Gold 6248,Random,143.03440321,
200,1202008,-0.73382245,0.00074177552658,0,17.027064602,Intel Xeon Gold 6248,Random,141.745336008,
200,1202011,-0.76351821,0.00075856108325,0,8.70531067219,Intel Xeon Gold 6248,Random,145.207221665,
200,1202014,-0.73376466,0.000742398696088,0,inf,Intel Xeon Gold 6248,Random,141.952156469,
200,1202017,-0.75548516,0.000702349348044,0,8.06022008002,Intel Xeon Gold 6248,Random,142.649749248,
200,1202020,-0.74306209,0.00071175887663,0.001,4.66684298848,Intel Xeon Gold 6248,Random,140.953761284,
200,1202023,-0.73298177,0.000739782447342,0,inf,Intel Xeon Gold 6248,Random,141.89107322,
200,1202026,-0.73809051,0.000772745837513,0,11.824721311,Intel Xeon Gold 6248,Random,142.760280843,
200,1202029,-0.74846218,0.000713227482447,0.001,4.67647230676,Intel Xeon Gold 6248,Random,143.854262788,
300,1301732,-0.73521871,0.00116407612839,0,inf,Intel Xeon Gold 6248,Random,218.573019057,
300,1301735,-0.75004571,0.00117269899699,0,53.8400699427,Intel Xeon Gold 6248,Random,221.775827482,
300,1301738,-0.73996015,0.00113852958877,0,inf,Intel Xeon Gold 6248,Random,222.078736209,
300,1301741,-0.73421272,0.001146288666,0,inf,Intel Xeon Gold 6248,Random,219.801303912,
300,1301744,-0.74134201,0.00116645225677,0,inf,Intel Xeon Gold 6248,Random,224.765897693,
300,1301747,-0.73822095,0.00114107161484,0,inf,Intel Xeon Gold 6248,Random,219.441323972,
300,1301750,-0.75286103,0.00114034884654,0,inf,Intel Xeon Gold 6248,Random,220.828184554,
300,1301753,-0.72928152,0.00118491344032,0,inf,Intel Xeon Gold 6248,Random,219.518355065,
300,1301756,-0.75210231,0.0011807890672,0,inf,Intel Xeon Gold 6248,Random,222.188665998,
300,1301759,-0.75133961,0.00117712868606,0,inf,Intel Xeon Gold 6248,Random,222.898094283,
300,1301762,-0.74208167,0.00113971624875,0,52.3257909359,Intel Xeon Gold 6248,Random,222.834804413,
300,1301765,-0.75716546,0.00116294994985,0,inf,Intel Xeon Gold 6248,Random,226.146038114,
300,1301768,-0.74805019,0.00111648615848,0,inf,Intel Xeon Gold 6248,Random,223.369608826,
300,1301771,-0.75915781,0.0011291550652,0,51.8409138596,Intel Xeon Gold 6248,Random,224.184553661,
300,1301774,-0.74772184,0.00120172597793,0,inf,Intel Xeon Gold 6248,Random,223.633901705,
300,1301777,-0.73398596,0.00116352698094,0,inf,Intel Xeon Gold 6248,Random,220.154162487,
300,1301780,-0.73398139,0.0011625893681,0,inf,Intel Xeon Gold 6248,Random,221.282547643,
300,1301783,-0.73323102,0.00110287221665,0,inf,Intel Xeon Gold 6248,Random,222.327382146,
300,1301786,-0.75390364,0.0011284114343,0,inf,Intel Xeon Gold 6248,Random,220.744332999,
300,1301789,-0.75352701,0.00114970591775,0,inf,Intel Xeon Gold 6248,Random,222.505817452,
300,1301792,-0.74841103,0.00118972587763,0,inf,Intel Xeon Gold 6248,Random,224.378736209,
300,1301795,-0.74962812,0.00115201805416,0,52.8905821276,Intel Xeon Gold 6248,Random,223.253059178,
300,1301798,-0.74686595,0.00113189057172,0,inf,Intel Xeon Gold 6248,Random,223.657472417,
300,1301801,-0.77263146,0.00116452758275,0,53.4649101485,Intel Xeon Gold 6248,Random,227.550651956,
300,1301804,-0.73860565,0.00110668124373,0,inf,Intel Xeon Gold 6248,Random,222.519057172,
300,1301807,-0.74995123,0.00119076529589,0,inf,Intel Xeon Gold 6248,Random,223.470411234,
300,1301810,-0.74191676,0.00116511434303,0,inf,Intel Xeon Gold 6248,Random,221.934102307,
300,1301813,-0.74515516,0.00121078696088,0,inf,Intel Xeon Gold 6248,Random,223.732296891,
300,1301816,-0.75218113,0.00116874162487,0,inf,Intel Xeon Gold 6248,Random,223.379137412,
300,1301819,-0.74197255,0.00113975917753,0,inf,Intel Xeon Gold 6248,Random,221.020461384,
300,1301822,-0.73144345,0.00112999669007,0,inf,Intel Xeon Gold 6248,Random,218.524272818,
300,1301825,-0.73876822,0.00115644252758,0,inf,Intel Xeon Gold 6248,Random,219.839317954,
300,1301828,-0.75317951,0.00115265737212,0,inf,Intel Xeon Gold 6248,Random,224.370310933,
300,1301831,-0.75941879,0.00120485015045,0,inf,Intel Xeon Gold 6248,Random,222.437612839,
300,1301834,-0.73673947,0.00115745105316,0,inf,Intel Xeon Gold 6248,Random,221.452357071,
300,1301837,-0.74416108,0.00114307652959,0,inf,Intel Xeon Gold 6248,Random,221.316549649,
300,1301840,-0.7265052,0.00119537703109,0,inf,Intel Xeon Gold 6248,Random,219.731695085,
300,1301843,-0.74538982,0.0011834887663,0,inf,Intel Xeon Gold 6248,Random,223.090672016,
300,1301846,-0.74493882,0.00114638565697,0,inf,Intel Xeon Gold 6248,Random,221.159077232,
300,1301849,-0.75048747,0.00116110802407,0,inf,Intel Xeon Gold 6248,Random,221.388064193,
300,1301852,-0.7330051,0.00113503510532,0,inf,Intel Xeon Gold 6248,Random,221.684353059,
300,1301855,-0.73944842,0.00115201434303,0,inf,Intel Xeon Gold 6248,Random,219.430792377,
300,1301858,-0.74721619,0.00116478144433,0,inf,Intel Xeon Gold 6248,Random,223.130190572,
300,1301861,-0.74168868,0.00115942316951,0,inf,Intel Xeon Gold 6248,Random,222.315847543,
300,1301864,-0.73685919,0.00122836058175,0,inf,Intel Xeon Gold 6248,Random,220.509227683,
300,1301867,-0.73726282,0.00112992948847,0,inf,Intel Xeon Gold 6248,Random,222.228385155,
300,1301870,-0.74072738,0.00116466920762,0,inf,Intel Xeon Gold 6248,Random,220.721364092,
300,1301873,-0.74285112,0.0011412446339,0,inf,Intel Xeon Gold 6248,Random,221.640521565,
300,1301876,-0.75694556,0.00112088555667,0,inf,Intel Xeon Gold 6248,Random,225.469408225,
300,1301879,-0.72968133,0.0011296885657,0,inf,Intel Xeon Gold 6248,Random,220.318756269,
300,1301882,-0.73272292,0.00114794764293,0,inf,Intel Xeon Gold 6248,Random,219.959478435,
300,1301885,-0.74507314,0.00118961624875,0,inf,Intel Xeon Gold 6248,Random,222.820962889,
300,1301888,-0.74272097,0.00110369117352,0,inf,Intel Xeon Gold 6248,Random,220.793480441,
300,1301891,-0.74642682,0.00113151604814,0,inf,Intel Xeon Gold 6248,Random,220.545235707,
300,1301894,-0.74656685,0.001180788666,0,inf,Intel Xeon Gold 6248,Random,223.758274824,
300,1301897,-0.74553764,0.00117270521565,0,inf,Intel Xeon Gold 6248,Random,223.017953862,
300,1301900,-0.74830865,0.00114622106319,0,inf,Intel Xeon Gold 6248,Random,221.628585757,
300,1301903,-0.75902681,0.00119748726179,0,54.9781300192,Intel Xeon Gold 6248,Random,222.340822467,
300,1301906,-0.75613404,0.00121837362086,0,inf,Intel Xeon Gold 6248,Random,223.069608826,
300,1301909,-0.74396813,0.00117891875627,0,inf,Intel Xeon Gold 6248,Random,224.133400201,
300,1301912,-0.72989688,0.0011292449348,0,inf,Intel Xeon Gold 6248,Random,220.023771314,
300,1301915,-0.74213781,0.0011710668004,0,inf,Intel Xeon Gold 6248,Random,220.271213641,
300,1301918,-0.74912095,0.00113884272818,0,inf,Intel Xeon Gold 6248,Random,221.119257773,
300,1301921,-0.74535777,0.00111561925777,0,inf,Intel Xeon Gold 6248,Random,223.508625878,
300,1301924,-0.74799593,0.00111715446339,0,inf,Intel Xeon Gold 6248,Random,220.502808425,
300,1301927,-0.73651079,0.00118915476429,0,inf,Intel Xeon Gold 6248,Random,220.776429288,
300,1301930,-0.74382172,0.00112340852558,0,inf,Intel Xeon Gold 6248,Random,222.994182548,
300,1301933,-0.73959436,0.00118133751254,0,inf,Intel Xeon Gold 6248,Random,221.80551655,
300,1301936,-0.76621502,0.00113582878636,0,52.1473127012,Intel Xeon Gold 6248,Random,224.042326981,
300,1301939,-0.73878207,0.00110793500502,0,inf,Intel Xeon Gold 6248,Random,218.556369107,
300,1301942,-0.74879691,0.00114509398195,0,inf,Intel Xeon Gold 6248,Random,223.463691073,
300,1301945,-0.75182005,0.00114087873621,0,inf,Intel Xeon Gold 6248,Random,223.044533601,
300,1301948,-0.74513346,0.00115780511535,0,inf,Intel Xeon Gold 6248,Random,222.832998997,
300,1301951,-0.73600934,0.0011577665998,0,inf,Intel Xeon Gold 6248,Random,221.166800401,
300,1301954,-0.75500292,0.00112782507523,0,inf,Intel Xeon Gold 6248,Random,223.579137412,
300,1301957,-0.74541078,0.00117689638917,0,54.0327774396,Intel Xeon Gold 6248,Random,222.004112337,
300,1301960,-0.73534488,0.00111238395186,0,inf,Intel Xeon Gold 6248,Random,219.436509529,
300,1301963,-0.73884263,0.00119236218656,0,inf,Intel Xeon Gold 6248,Random,222.683650953,
300,1301966,-0.74750586,0.00116055015045,0,inf,Intel Xeon Gold 6248,Random,225.26890672,
300,1301969,-0.73910955,0.00115933811434,0,inf,Intel Xeon Gold 6248,Random,222.172116349,
300,1301972,-0.72754662,0.00114703901705,0,inf,Intel Xeon Gold 6248,Random,220.049648947,
300,1301975,-0.7482422,0.0011065444333,0,inf,Intel Xeon Gold 6248,Random,222.40772317,
300,1301978,-0.75829817,0.00109198234704,0,50.1342681214,Intel Xeon Gold 6248,Random,223.554764293,
300,1301981,-0.74106948,0.00118548044132,0,inf,Intel Xeon Gold 6248,Random,221.142026078,
300,1301984,-0.7657162,0.00115686960883,0,inf,Intel Xeon Gold 6248,Random,222.653961886,
300,1301987,-0.73395416,0.00116291765296,0,inf,Intel Xeon Gold 6248,Random,220.576529589,
300,1301990,-0.75306674,0.00112467873621,0,inf,Intel Xeon Gold 6248,Random,222.062888666,
300,1301993,-0.73559496,0.00110524282849,0,inf,Intel Xeon Gold 6248,Random,221.495185557,
300,1301996,-0.75403919,0.00115288385155,0,inf,Intel Xeon Gold 6248,Random,224.790170512,
300,1301999,-0.74488869,0.00113837201605,0,inf,Intel Xeon Gold 6248,Random,224.392678034,
300,1302002,-0.73238852,0.00116835797392,0,inf,Intel Xeon Gold 6248,Random,221.882146439,
300,1302005,-0.72706287,0.00112332958877,0,inf,Intel Xeon Gold 6248,Random,220.239217653,
300,1302008,-0.75253156,0.00115690080241,0,inf,Intel Xeon Gold 6248,Random,222.666599799,
300,1302011,-0.74709325,0.00115558224674,0,53.0542186432,Intel Xeon Gold 6248,Random,223.102708124,
300,1302014,-0.7427962,0.00113831995988,0,inf,Intel Xeon Gold 6248,Random,222.37221665,
300,1302017,-0.73670997,0.00117922878636,0,inf,Intel Xeon Gold 6248,Random,220.903911735,
300,1302020,-0.73471824,0.00112147873621,0,inf,Intel Xeon Gold 6248,Random,222.292477432,
300,1302023,-0.73864202,0.00112696589769,0,inf,Intel Xeon Gold 6248,Random,221.1222668,
300,1302026,-0.74268576,0.00116935967904,0,inf,Intel Xeon Gold 6248,Random,221.22337011,
300,1302029,-0.74519069,0.00113511624875,0,inf,Intel Xeon Gold 6248,Random,219.612938816,
400,1401732,-0.74665818,0.00148230732197,0,inf,Intel Xeon Gold 6248,Random,302.445937813,
400,1401735,-0.73841741,0.00136876399198,0,inf,Intel Xeon Gold 6248,Random,301.246038114,
400,1401738,-0.75501069,0.00137602908726,0,inf,Intel Xeon Gold 6248,Random,305.049548646,
400,1401741,-0.75148237,0.00140301494483,0,inf,Intel Xeon Gold 6248,Random,306.070611836,
400,1401744,-0.75533364,0.00137887853561,0,inf,Intel Xeon Gold 6248,Random,304.152958877,
400,1401747,-0.7337629,0.00140859879639,0,inf,Intel Xeon Gold 6248,Random,303.031795386,
400,1401750,-0.73762335,0.00144956770311,0,inf,Intel Xeon Gold 6248,Random,301.648445336,
400,1401753,-0.74618597,0.00135884734203,0,inf,Intel Xeon Gold 6248,Random,304.245135406,
400,1401756,-0.73483291,0.0013815337011,0,inf,Intel Xeon Gold 6248,Random,301.155065196,
400,1401759,-0.73502606,0.00145764162487,0,inf,Intel Xeon Gold 6248,Random,299.937913741,
400,1401762,-0.73694741,0.00144588645938,0,inf,Intel Xeon Gold 6248,Random,302.1111334,
400,1401765,-0.74883547,0.00145279819458,0,inf,Intel Xeon Gold 6248,Random,305.770310933,
400,1401768,-0.74330406,0.00146290922768,0,inf,Intel Xeon Gold 6248,Random,304.516248746,
400,1401771,-0.74310783,0.00139767011033,0,inf,Intel Xeon Gold 6248,Random,304.325977934,
400,1401774,-0.750952,0.0013793557673,0,inf,Intel Xeon Gold 6248,Random,305.280742227,
400,1401777,-0.73314524,0.00142909669007,0,inf,Intel Xeon Gold 6248,Random,301.9888666,
400,1401780,-0.75617187,0.0013893552658,0,inf,Intel Xeon Gold 6248,Random,305.331895687,
400,1401783,-0.74368142,0.00141985646941,0,inf,Intel Xeon Gold 6248,Random,302.742527583,
400,1401786,-0.74433875,0.00138232968907,0,inf,Intel Xeon Gold 6248,Random,303.837011033,
400,1401789,-0.73798035,0.00146364824473,0,inf,Intel Xeon Gold 6248,Random,303.140621866,
400,1401792,-0.73485081,0.00135768104313,0,inf,Intel Xeon Gold 6248,Random,300.597993982,
400,1401795,-0.73947489,0.00144298515547,0,inf,Intel Xeon Gold 6248,Random,301.374322969,
400,1401798,-0.74153698,0.00144970170512,0,inf,Intel Xeon Gold 6248,Random,302.204012036,
400,1401801,-0.73830753,0.001401267001,0,inf,Intel Xeon Gold 6248,Random,300.884954865,
400,1401804,-0.73898667,0.00138361434303,0,inf,Intel Xeon Gold 6248,Random,303.594684052,
400,1401807,-0.76588166,0.00145336349047,0,inf,Intel Xeon Gold 6248,Random,303.604513541,
400,1401810,-0.74626319,0.00142256890672,0,inf,Intel Xeon Gold 6248,Random,302.180842528,
400,1401813,-0.72917314,0.00142002607823,0,inf,Intel Xeon Gold 6248,Random,299.436308927,
400,1401816,-0.73971132,0.00144340621866,0,inf,Intel Xeon Gold 6248,Random,302.37552658,
400,1401819,-0.74800991,0.00133316108325,0,inf,Intel Xeon Gold 6248,Random,305.994383149,
400,1401822,-0.74262387,0.00140686840522,0,inf,Intel Xeon Gold 6248,Random,303.200601805,
400,1401825,-0.74563515,0.00141439217653,0,inf,Intel Xeon Gold 6248,Random,304.486960883,
400,1401828,-0.74183711,0.00137798575727,0,inf,Intel Xeon Gold 6248,Random,302.133701103,
400,1401831,-0.74928291,0.00140617362086,0,inf,Intel Xeon Gold 6248,Random,304.592878636,
400,1401834,-0.73597055,0.00139998996991,0,inf,Intel Xeon Gold 6248,Random,303.240822467,
400,1401837,-0.74022099,0.00135474162487,0,inf,Intel Xeon Gold 6248,Random,301.676930792,
400,1401840,-0.74599142,0.00138659628887,0,inf,Intel Xeon Gold 6248,Random,301.924373119,
400,1401843,-0.73716589,0.00140915667001,0,inf,Intel Xeon Gold 6248,Random,300.891775326,
400,1401846,-0.7499049,0.00141806780341,0,inf,Intel Xeon Gold 6248,Random,305.037311936,
400,1401849,-0.73107672,0.00145257081244,0,inf,Intel Xeon Gold 6248,Random,300.256369107,
400,1401852,-0.73288248,0.00148024513541,0,inf,Intel Xeon Gold 6248,Random,300.313741224,
400,1401855,-0.72596732,0.00143130220662,0,inf,Intel Xeon Gold 6248,Random,299.401705115,
400,1401858,-0.75352651,0.00137628505517,0,inf,Intel Xeon Gold 6248,Random,306.177031093,
400,1401861,-0.74502915,0.00142693490471,0,inf,Intel Xeon Gold 6248,Random,303.49107322,
400,1401864,-0.73967149,0.00139299719157,0,inf,Intel Xeon Gold 6248,Random,302.024774323,
400,1401867,-0.73214765,0.0013799224674,0,inf,Intel Xeon Gold 6248,Random,301.883149448,
400,1401870,-0.73875322,0.00146721705115,0,inf,Intel Xeon Gold 6248,Random,303.981243731,
400,1401873,-0.73773451,0.001448555667,0,inf,Intel Xeon Gold 6248,Random,304.500401204,
400,1401876,-0.75086334,0.00143507382146,0,inf,Intel Xeon Gold 6248,Random,304.013941825,
400,1401879,-0.7405185,0.00140223119358,0,inf,Intel Xeon Gold 6248,Random,301.371013039,
400,1401882,-0.74845899,0.00137109187563,0,inf,Intel Xeon Gold 6248,Random,306.17442327,
400,1401885,-0.75097172,0.00142928645938,0,inf,Intel Xeon Gold 6248,Random,305.108525577,
400,1401888,-0.73656004,0.00145721975928,0,inf,Intel Xeon Gold 6248,Random,301.91334002,
400,1401891,-0.74828633,0.00141169889669,0,inf,Intel Xeon Gold 6248,Random,304.665095286,
400,1401894,-0.73796294,0.00142539147442,0,inf,Intel Xeon Gold 6248,Random,302.211935807,
400,1401897,-0.74856341,0.00144651033099,0,inf,Intel Xeon Gold 6248,Random,302.789267803,
400,1401900,-0.73365501,0.00135203229689,0,inf,Intel Xeon Gold 6248,Random,300.622968907,
400,1401903,-0.74820746,0.00143198314945,0,inf,Intel Xeon Gold 6248,Random,305.442627884,
400,1401906,-0.73227803,0.00141439578736,0,inf,Intel Xeon Gold 6248,Random,302.252056169,
400,1401909,-0.7363732,0.00141812688064,0,inf,Intel Xeon Gold 6248,Random,303.347943831,
400,1401912,-0.74212339,0.00144324824473,0,inf,Intel Xeon Gold 6248,Random,303.081444333,
400,1401915,-0.73553253,0.0013754994985,0,inf,Intel Xeon Gold 6248,Random,302.579638917,
400,1401918,-0.73901086,0.00147558966901,0,inf,Intel Xeon Gold 6248,Random,301.913640923,
400,1401921,-0.74532507,0.00141237482447,0,inf,Intel Xeon Gold 6248,Random,302.381344032,
400,1401924,-0.74613185,0.00145516238716,0,inf,Intel Xeon Gold 6248,Random,303.140922768,
400,1401927,-0.73451631,0.00135650601805,0,inf,Intel Xeon Gold 6248,Random,300.320762287,
400,1401930,-0.75482404,0.00137682347041,0,inf,Intel Xeon Gold 6248,Random,303.195887663,
400,1401933,-0.7440626,0.00138830230692,0,inf,Intel Xeon Gold 6248,Random,305.774122367,
400,1401936,-0.75382889,0.00134358044132,0,inf,Intel Xeon Gold 6248,Random,304.121564694,
400,1401939,-0.75280196,0.00143661614845,0,inf,Intel Xeon Gold 6248,Random,304.252557673,
400,1401942,-0.74191171,0.00151043089268,0,inf,Intel Xeon Gold 6248,Random,302.984553661,
400,1401945,-0.74407969,0.00141983209629,0,inf,Intel Xeon Gold 6248,Random,302.683751254,
400,1401948,-0.74211938,0.00145690371113,0,inf,Intel Xeon Gold 6248,Random,302.694383149,
400,1401951,-0.73553576,0.0013471334002,0,inf,Intel Xeon Gold 6248,Random,301.483249749,
400,1401954,-0.7386877,0.00148840601805,0,inf,Intel Xeon Gold 6248,Random,304.381344032,
400,1401957,-0.74738661,0.00144372858576,0,inf,Intel Xeon Gold 6248,Random,303.41664995,
400,1401960,-0.74307291,0.00144610150451,0,inf,Intel Xeon Gold 6248,Random,301.367001003,
400,1401963,-0.73473999,0.00140838545637,0,inf,Intel Xeon Gold 6248,Random,301.760882648,
400,1401966,-0.73405682,0.00134558074223,0,inf,Intel Xeon Gold 6248,Random,300.855265797,
400,1401969,-0.74425535,0.00135859759278,0,inf,Intel Xeon Gold 6248,Random,304.386459378,
400,1401972,-0.75766489,0.00137276278837,0,inf,Intel Xeon Gold 6248,Random,304.222166499,
400,1401975,-0.75291796,0.00142872507523,0,inf,Intel Xeon Gold 6248,Random,308.91223671,
400,1401978,-0.74647199,0.00147178696088,0,inf,Intel Xeon Gold 6248,Random,305.423971916,
400,1401981,-0.75076514,0.00146026529589,0,inf,Intel Xeon Gold 6248,Random,302.762587763,
400,1401984,-0.74628165,0.00136224202608,0,inf,Intel Xeon Gold 6248,Random,302.841323972,
400,1401987,-0.73971069,0.00139974523571,0,inf,Intel Xeon Gold 6248,Random,303.164593781,
400,1401990,-0.74995767,0.00148982988967,0,inf,Intel Xeon Gold 6248,Random,305.55667001,
400,1401993,-0.73380134,0.00143125667001,0,inf,Intel Xeon Gold 6248,Random,300.112838516,
400,1401996,-0.74713485,0.00135836970913,0,inf,Intel Xeon Gold 6248,Random,303.588064193,
400,1401999,-0.74789292,0.00142599287864,0,inf,Intel Xeon Gold 6248,Random,302.1111334,
400,1402002,-0.74183608,0.00142825727182,0,inf,Intel Xeon Gold 6248,Random,303.094884654,
400,1402005,-0.74108666,0.00141207331996,0,inf,Intel Xeon Gold 6248,Random,302.662086259,
400,1402008,-0.74406057,0.00141777422267,0,inf,Intel Xeon Gold 6248,Random,304.319358074,
400,1402011,-0.73874036,0.00138654633902,0,inf,Intel Xeon Gold 6248,Random,303.717652959,
400,1402014,-0.75779873,0.00138034383149,0,inf,Intel Xeon Gold 6248,Random,306.969107322,
400,1402017,-0.74868506,0.00145493801404,0,inf,Intel Xeon Gold 6248,Random,304.761384152,
400,1402020,-0.74410346,0.00141336108325,0,inf,Intel Xeon Gold 6248,Random,302.621564694,
400,1402023,-0.73130557,0.00139300170512,0,inf,Intel Xeon Gold 6248,Random,301.746038114,
400,1402026,-0.74458563,0.00143738345035,0,inf,Intel Xeon Gold 6248,Random,305.915646941,
400,1402029,-0.74204361,0.0013784116349,0,inf,Intel Xeon Gold 6248,Random,304.379137412,
600,1601732,-0.73578406,0.00266730100301,0,inf,Intel Xeon Gold 6248,Random,470.147342026,
600,1601735,-0.73765415,0.00273652798395,0,inf,Intel Xeon Gold 6248,Random,469.706519559,
600,1601738,-0.73732209,0.00270474302909,0,inf,Intel Xeon Gold 6248,Random,469.468004012,
600,1601741,-0.73699183,0.00280336840522,0,inf,Intel Xeon Gold 6248,Random,469.836810431,
600,1601744,-0.73634768,0.00279652577733,0,inf,Intel Xeon Gold 6248,Random,468.146840522,
600,1601747,-0.74222916,0.00275329909729,0,inf,Intel Xeon Gold 6248,Random,469.499097292,
600,1601750,-0.73876366,0.00270334704112,0,inf,Intel Xeon Gold 6248,Random,472.114242728,
600,1601753,-0.73185775,0.00276315195587,0,inf,Intel Xeon Gold 6248,Random,468.680240722,
600,1601756,-0.73554933,0.0026329222668,0,inf,Intel Xeon Gold 6248,Random,467.684052156,
600,1601759,-0.73819961,0.00261256208626,0,inf,Intel Xeon Gold 6248,Random,468.923069208,
600,1601762,-0.74249121,0.00277505235707,0,inf,Intel Xeon Gold 6248,Random,471.490872618,
600,1601765,-0.72790143,0.00274240792377,0,inf,Intel Xeon Gold 6248,Random,467.741725176,
600,1601768,-0.72997527,0.00262408716148,0,inf,Intel Xeon Gold 6248,Random,465.918254764,
600,1601771,-0.73479618,0.00266939207623,0,inf,Intel Xeon Gold 6248,Random,470.109027081,
600,1601774,-0.73238831,0.00270009869609,0,inf,Intel Xeon Gold 6248,Random,464.817953862,
600,1601777,-0.73838545,0.00273041915747,0,inf,Intel Xeon Gold 6248,Random,470.004814443,
600,1601780,-0.7379184,0.0026764218656,0,inf,Intel Xeon Gold 6248,Random,471.101203611,
600,1601783,-0.73985366,0.00271365225677,0,inf,Intel Xeon Gold 6248,Random,469.489869609,
600,1601786,-0.73325037,0.00276290240722,0,inf,Intel Xeon Gold 6248,Random,469.011033099,
600,1601789,-0.74354056,0.0027754884654,0,inf,Intel Xeon Gold 6248,Random,470.249849549,
600,1601792,-0.7370515,0.00266052668004,0,inf,Intel Xeon Gold 6248,Random,468.00110331,
600,1601795,-0.74762156,0.00266970250752,0,inf,Intel Xeon Gold 6248,Random,473.765897693,
600,1601798,-0.75849633,0.00277690090271,0,inf,Intel Xeon Gold 6248,Random,476.016349047,
600,1601801,-0.73069505,0.00261008726179,0,inf,Intel Xeon Gold 6248,Random,468.950651956,
600,1601804,-0.73369707,0.00265292316951,0,inf,Intel Xeon Gold 6248,Random,465.560782347,
600,1601807,-0.74028201,0.00273769358074,0,inf,Intel Xeon Gold 6248,Random,469.796088265,
600,1601810,-0.74689174,0.00278622056169,0,inf,Intel Xeon Gold 6248,Random,472.4777332,
600,1601813,-0.73327176,0.00265348274824,0,inf,Intel Xeon Gold 6248,Random,468.846038114,
600,1601816,-0.74612493,0.00272675837513,0,inf,Intel Xeon Gold 6248,Random,471.462387161,
600,1601819,-0.74290797,0.00276049648947,0,inf,Intel Xeon Gold 6248,Random,470.3777332,
600,1601822,-0.73424471,0.00265925225677,0,inf,Intel Xeon Gold 6248,Random,466.327582748,
600,1601825,-0.7357451,0.00274783610832,0,inf,Intel Xeon Gold 6248,Random,468.314844534,
600,1601828,-0.73978868,0.00277901735206,0,inf,Intel Xeon Gold 6248,Random,470.636108325,
600,1601831,-0.74537356,0.00273699317954,0,inf,Intel Xeon Gold 6248,Random,469.242828485,
600,1601834,-0.73437676,0.00270139729188,0,inf,Intel Xeon Gold 6248,Random,467.322467402,
600,1601837,-0.72953393,0.00264419749248,0,inf,Intel Xeon Gold 6248,Random,465.712337011,
600,1601840,-0.74594094,0.00281124834504,0,inf,Intel Xeon Gold 6248,Random,468.4667001,
600,1601843,-0.75182331,0.00267543079238,0,inf,Intel Xeon Gold 6248,Random,471.424573721,
600,1601846,-0.73362282,0.00265367331996,0,inf,Intel Xeon Gold 6248,Random,466.033500502,
600,1601849,-0.7378722,0.00267182728185,0,inf,Intel Xeon Gold 6248,Random,468.586760281,
600,1601852,-0.74920415,0.00264990742227,0,inf,Intel Xeon Gold 6248,Random,474.255667001,
600,1601855,-0.73670764,0.00267985265797,0,inf,Intel Xeon Gold 6248,Random,469.446740221,
600,1601858,-0.74477774,0.00266633640923,0,inf,Intel Xeon Gold 6248,Random,471.429087262,
600,1601861,-0.74334571,0.00264363189569,0,inf,Intel Xeon Gold 6248,Random,472.624674022,
600,1601864,-0.74850342,0.0026581995988,0,inf,Intel Xeon Gold 6248,Random,471.048445336,
600,1601867,-0.73252285,0.00267728274824,0,inf,Intel Xeon Gold 6248,Random,468.804012036,
600,1601870,-0.73499602,0.00264614583751,0,inf,Intel Xeon Gold 6248,Random,472.482647944,
600,1601873,-0.74365132,0.00275075857573,0,inf,Intel Xeon Gold 6248,Random,472.803209629,
600,1601876,-0.73945851,0.00270560682046,0,inf,Intel Xeon Gold 6248,Random,471.017652959,
600,1601879,-0.74727818,0.00269719889669,0,inf,Intel Xeon Gold 6248,Random,473.45115346,
600,1601882,-0.73386982,0.00265346419258,0,inf,Intel Xeon Gold 6248,Random,468.15336008,
600,1601885,-0.73418182,0.00268743430291,0,inf,Intel Xeon Gold 6248,Random,470.018355065,
600,1601888,-0.7341941,0.0026585550652,0,inf,Intel Xeon Gold 6248,Random,468.533600802,
600,1601891,-0.73393746,0.00265401865597,0,inf,Intel Xeon Gold 6248,Random,466.241825476,
600,1601894,-0.73274199,0.00258937231695,0,inf,Intel Xeon Gold 6248,Random,467.962086259,
600,1601897,-0.73263433,0.00275195396189,0,inf,Intel Xeon Gold 6248,Random,468.076930792,
600,1601900,-0.73599632,0.00262691725176,0,inf,Intel Xeon Gold 6248,Random,468.601203611,
600,1601903,-0.74489614,0.0027984328987,0,inf,Intel Xeon Gold 6248,Random,474.197592778,
600,1601906,-0.73925737,0.00263357382146,0,inf,Intel Xeon Gold 6248,Random,472.247843531,
600,1601909,-0.73583396,0.0027611106319,0,inf,Intel Xeon Gold 6248,Random,469.997392177,
600,1601912,-0.74190011,0.00262996830491,0,inf,Intel Xeon Gold 6248,Random,469.404914744,
600,1601915,-0.75294062,0.00276828625878,0,inf,Intel Xeon Gold 6248,Random,470.326178536,
600,1601918,-0.73836059,0.00280412477432,0,inf,Intel Xeon Gold 6248,Random,469.634503511,
600,1601921,-0.73692533,0.00272568144433,0,inf,Intel Xeon Gold 6248,Random,472.147843531,
600,1601924,-0.73740762,0.00275351243731,0,inf,Intel Xeon Gold 6248,Random,469.366599799,
600,1601927,-0.73742578,0.00261227622869,0,inf,Intel Xeon Gold 6248,Random,470.837311936,
600,1601930,-0.73604055,0.0026732331996,0,inf,Intel Xeon Gold 6248,Random,468.701504514,
600,1601933,-0.74554852,0.00265490852558,0,inf,Intel Xeon Gold 6248,Random,473.14112337,
600,1601936,-0.75355836,0.0027512888666,0,inf,Intel Xeon Gold 6248,Random,473.157071214,
600,1601939,-0.74230896,0.0026722225677,0,inf,Intel Xeon Gold 6248,Random,466.847642929,
600,1601942,-0.74512157,0.00271616138415,0,inf,Intel Xeon Gold 6248,Random,472.706920762,
600,1601945,-0.73358599,0.0027409440321,0,inf,Intel Xeon Gold 6248,Random,469.60772317,
600,1601948,-0.75051439,0.00270322607823,0,inf,Intel Xeon Gold 6248,Random,472.914543631,
600,1601951,-0.74062261,0.00265722467402,0,inf,Intel Xeon Gold 6248,Random,466.946740221,
600,1601954,-0.74002205,0.00273077552658,0,inf,Intel Xeon Gold 6248,Random,470.645135406,
600,1601957,-0.73766811,0.00265001995988,0,inf,Intel Xeon Gold 6248,Random,467.641424273,
600,1601960,-0.73464665,0.00270999207623,0,inf,Intel Xeon Gold 6248,Random,470.323671013,
600,1601963,-0.7442081,0.00279809087262,0,inf,Intel Xeon Gold 6248,Random,470.226479438,
600,1601966,-0.73665274,0.00278451554664,0,inf,Intel Xeon Gold 6248,Random,468.605315948,
600,1601969,-0.74100795,0.00277211594784,0,inf,Intel Xeon Gold 6248,Random,469.229087262,
600,1601972,-0.75165113,0.00267634072217,0,inf,Intel Xeon Gold 6248,Random,468.775827482,
600,1601975,-0.74437745,0.00276306499498,0,inf,Intel Xeon Gold 6248,Random,472.225275827,
600,1601978,-0.74101682,0.00268649749248,0,inf,Intel Xeon Gold 6248,Random,468.031594784,
600,1601981,-0.74103449,0.00273138475426,0,inf,Intel Xeon Gold 6248,Random,471.937913741,
600,1601984,-0.73709674,0.00270747081244,0,inf,Intel Xeon Gold 6248,Random,469.466499498,
600,1601987,-0.73138864,0.00266738124373,0,inf,Intel Xeon Gold 6248,Random,468.873721163,
600,1601990,-0.74856244,0.00263704102307,0,inf,Intel Xeon Gold 6248,Random,472.147342026,
600,1601993,-0.73524902,0.00275577843531,0,inf,Intel Xeon Gold 6248,Random,467.580441324,
600,1601996,-0.73698893,0.00267021905717,0,inf,Intel Xeon Gold 6248,Random,468.655366098,
600,1601999,-0.75377583,0.00276149468405,0,inf,Intel Xeon Gold 6248,Random,474.098996991,
600,1602002,-0.74435777,0.00267602858576,0,inf,Intel Xeon Gold 6248,Random,471.238816449,
600,1602005,-0.74383736,0.00273094363089,0,inf,Intel Xeon Gold 6248,Random,471.487662989,
600,1602008,-0.7392027,0.00268792888666,0,inf,Intel Xeon Gold 6248,Random,467.523570712,
600,1602011,-0.74272333,0.00266801675025,0,inf,Intel Xeon Gold 6248,Random,472.477632899,
600,1602014,-0.73636886,0.00278768676028,0,inf,Intel Xeon Gold 6248,Random,469.029087262,
600,1602017,-0.74819327,0.00275077051153,0,inf,Intel Xeon Gold 6248,Random,473.30441324,
600,1602020,-0.73787101,0.00264504894684,0,inf,Intel Xeon Gold 6248,Random,470.538816449,
600,1602023,-0.73231216,0.00272909789368,0,inf,Intel Xeon Gold 6248,Random,469.900200602,
600,1602026,-0.73984683,0.00267834694082,0,inf,Intel Xeon Gold 6248,Random,469.037913741,
600,1602029,-0.73247031,0.00266761233701,0,inf,Intel Xeon Gold 6248,Random,469.005315948,
800,1801732,-0.73979132,0.00445036449348,0,inf,Intel Xeon Gold 6248,Random,641.935707121,
800,1801735,-0.74310242,0.00440360381143,0,inf,Intel Xeon Gold 6248,Random,645.340521565,
800,1801738,-0.7446231,0.00441219829488,0,inf,Intel Xeon Gold 6248,Random,644.20772317,
800,1801741,-0.73189423,0.00449837362086,0,inf,Intel Xeon Gold 6248,Random,641.346840522,
800,1801744,-0.73923891,0.0044674781344,0,inf,Intel Xeon Gold 6248,Random,643.725275827,
800,1801747,-0.73217657,0.00450743470411,0,inf,Intel Xeon Gold 6248,Random,638.673219659,
800,1801750,-0.7327374,0.00438642286861,0,inf,Intel Xeon Gold 6248,Random,638.9667001,
800,1801753,-0.73835764,0.00437824282849,0,inf,Intel Xeon Gold 6248,Random,642.503811434,
800,1801756,-0.73170523,0.00441583650953,0,inf,Intel Xeon Gold 6248,Random,641.192577733,
800,1801759,-0.72689414,0.00450435195587,0,inf,Intel Xeon Gold 6248,Random,636.449348044,
800,1801762,-0.73331402,0.00436973470411,0,inf,Intel Xeon Gold 6248,Random,641.028786359,
800,1801765,-0.73819683,0.00451768375125,0,inf,Intel Xeon Gold 6248,Random,643.748345035,
800,1801768,-0.7352066,0.00432902728185,0,inf,Intel Xeon Gold 6248,Random,640.858776329,
800,1801771,-0.73077502,0.00446792718154,0,inf,Intel Xeon Gold 6248,Random,636.642527583,
800,1801774,-0.74163758,0.00447187542628,0,inf,Intel Xeon Gold 6248,Random,640.892678034,
800,1801777,-0.74649819,0.00448537833501,0,inf,Intel Xeon Gold 6248,Random,639.298094283,
800,1801780,-0.73420618,0.00436840120361,0,inf,Intel Xeon Gold 6248,Random,641.995987964,
800,1801783,-0.73890386,0.00444230451354,0,inf,Intel Xeon Gold 6248,Random,643.687261785,
800,1801786,-0.73111227,0.00447388024072,0,inf,Intel Xeon Gold 6248,Random,638.101303912,
800,1801789,-0.73904288,0.00438307863591,0,inf,Intel Xeon Gold 6248,Random,638.336208626,
800,1801792,-0.74062285,0.00443229277834,0,inf,Intel Xeon Gold 6248,Random,640.841524574,
800,1801795,-0.73419867,0.00439214573721,0,inf,Intel Xeon Gold 6248,Random,640.489669007,
800,1801798,-0.73890251,0.00451479829488,0,inf,Intel Xeon Gold 6248,Random,645.901604814,
800,1801801,-0.73829767,0.00429874784353,0,inf,Intel Xeon Gold 6248,Random,640.484152457,
800,1801804,-0.74167684,0.00437684202608,0,inf,Intel Xeon Gold 6248,Random,638.294984955,
800,1801807,-0.73657305,0.00443878304915,0,inf,Intel Xeon Gold 6248,Random,641.328786359,
800,1801810,-0.7253294,0.00441742778335,0,inf,Intel Xeon Gold 6248,Random,637.263189569,
800,1801813,-0.73490624,0.00445232026078,0,inf,Intel Xeon Gold 6248,Random,637.560982949,
800,1801816,-0.73277459,0.00445894543631,0,inf,Intel Xeon Gold 6248,Random,637.787863591,
800,1801819,-0.73376146,0.00443971755266,0,inf,Intel Xeon Gold 6248,Random,641.983550652,
800,1801822,-0.74107,0.00439341223671,0,inf,Intel Xeon Gold 6248,Random,644.885155466,
800,1801825,-0.73940049,0.00440232698094,0,inf,Intel Xeon Gold 6248,Random,641.822367101,
800,1801828,-0.7327431,0.00445787011033,0,inf,Intel Xeon Gold 6248,Random,636.483550652,
800,1801831,-0.73998193,0.00438755707121,0,inf,Intel Xeon Gold 6248,Random,638.272617854,
800,1801834,-0.74754906,0.00437567502508,0,inf,Intel Xeon Gold 6248,Random,643.942728185,
800,1801837,-0.74305847,0.00443059699097,0,inf,Intel Xeon Gold 6248,Random,638.542326981,
800,1801840,-0.74690272,0.00449957833501,0,inf,Intel Xeon Gold 6248,Random,644.454062187,
800,1801843,-0.73738172,0.00449331023069,0,inf,Intel Xeon Gold 6248,Random,639.093681043,
800,1801846,-0.74439526,0.0044046111334,0,inf,Intel Xeon Gold 6248,Random,645.700100301,
800,1801849,-0.73692432,0.00449449789368,0,inf,Intel Xeon Gold 6248,Random,639.223069208,
800,1801852,-0.73786704,0.00436324864594,0,inf,Intel Xeon Gold 6248,Random,639.506920762,
800,1801855,-0.73810912,0.00437251374122,0,inf,Intel Xeon Gold 6248,Random,644.071213641,
800,1801858,-0.7406021,0.00446112096289,0,inf,Intel Xeon Gold 6248,Random,642.10782347,
800,1801861,-0.74556948,0.00442700832497,0,inf,Intel Xeon Gold 6248,Random,646.428385155,
800,1801864,-0.73627315,0.00450109658977,0,inf,Intel Xeon Gold 6248,Random,641.811735206,
800,1801867,-0.73543201,0.0044650778335,0,inf,Intel Xeon Gold 6248,Random,642.659277834,
800,1801870,-0.73973284,0.00447889779338,0,inf,Intel Xeon Gold 6248,Random,645.042427282,
800,1801873,-0.7344346,0.00445770341023,0,inf,Intel Xeon Gold 6248,Random,641.420561685,
800,1801876,-0.73309559,0.00450232627884,0,inf,Intel Xeon Gold 6248,Random,641.390972919,
800,1801879,-0.73170698,0.00446674523571,0,inf,Intel Xeon Gold 6248,Random,639.46449348,
800,1801882,-0.74124632,0.00446532818455,0,inf,Intel Xeon Gold 6248,Random,644.995486459,
800,1801885,-0.73599899,0.00444998395186,0,inf,Intel Xeon Gold 6248,Random,644.245937813,
800,1801888,-0.73606258,0.00449474754263,0,inf,Intel Xeon Gold 6248,Random,637.905115346,
800,1801891,-0.73393708,0.00437820361083,0,inf,Intel Xeon Gold 6248,Random,639.942728185,
800,1801894,-0.73453795,0.00448343580742,0,inf,Intel Xeon Gold 6248,Random,640.081043129,
800,1801897,-0.73258071,0.00442283039117,0,inf,Intel Xeon Gold 6248,Random,638.939418255,
800,1801900,-0.73189741,0.00445763480441,0,inf,Intel Xeon Gold 6248,Random,638.784653962,
800,1801903,-0.73271016,0.00443814353059,0,inf,Intel Xeon Gold 6248,Random,639.49669007,
800,1801906,-0.72814948,0.00442025356068,0,inf,Intel Xeon Gold 6248,Random,639.433600802,
800,1801909,-0.74289377,0.00440057241725,0,inf,Intel Xeon Gold 6248,Random,637.46439318,
800,1801912,-0.73909299,0.0045136444333,0,inf,Intel Xeon Gold 6248,Random,638.362587763,
800,1801915,-0.74568743,0.00447168224674,0,inf,Intel Xeon Gold 6248,Random,642.049648947,
800,1801918,-0.73633098,0.00457061695085,0,inf,Intel Xeon Gold 6248,Random,642.393781344,
800,1801921,-0.74188909,0.00440760882648,0,inf,Intel Xeon Gold 6248,Random,643.391173521,
800,1801924,-0.74553179,0.00436327873621,0,inf,Intel Xeon Gold 6248,Random,640.066098295,
800,1801927,-0.73368606,0.00444206449348,0,inf,Intel Xeon Gold 6248,Random,642.333701103,
800,1801930,-0.73274741,0.00449870200602,0,inf,Intel Xeon Gold 6248,Random,640.047943831,
800,1801933,-0.73180301,0.00450638776329,0,inf,Intel Xeon Gold 6248,Random,640.288264794,
800,1801936,-0.73545374,0.00448301544634,0,inf,Intel Xeon Gold 6248,Random,640.353761284,
800,1801939,-0.73791237,0.00441688054162,0,inf,Intel Xeon Gold 6248,Random,644.692778335,
800,1801942,-0.73584112,0.00434859869609,0,inf,Intel Xeon Gold 6248,Random,635.852156469,
800,1801945,-0.73009353,0.0044050227683,0,inf,Intel Xeon Gold 6248,Random,637.556168506,
800,1801948,-0.73539207,0.00439401233701,0,inf,Intel Xeon Gold 6248,Random,641.521464393,
800,1801951,-0.73615159,0.00433683410231,0,inf,Intel Xeon Gold 6248,Random,641.032798395,
800,1801954,-0.73751938,0.00453645235707,0,inf,Intel Xeon Gold 6248,Random,640.801604814,
800,1801957,-0.73288504,0.0044265887663,0,inf,Intel Xeon Gold 6248,Random,640.12557673,
800,1801960,-0.73873451,0.00443028746239,0,inf,Intel Xeon Gold 6248,Random,640.972918756,
800,1801963,-0.73897125,0.00440029297894,0,inf,Intel Xeon Gold 6248,Random,640.073721163,
800,1801966,-0.73260909,0.00451081975928,0,inf,Intel Xeon Gold 6248,Random,644.495987964,
800,1801969,-0.73334654,0.00454792326981,0,inf,Intel Xeon Gold 6248,Random,639.23550652,
800,1801972,-0.72895317,0.00443206559679,0,inf,Intel Xeon Gold 6248,Random,639.58776329,
800,1801975,-0.73611464,0.00445262066199,0,inf,Intel Xeon Gold 6248,Random,641.804212638,
800,1801978,-0.73662412,0.00447708435306,0,inf,Intel Xeon Gold 6248,Random,641.337311936,
800,1801981,-0.73339704,0.00441335777332,0,inf,Intel Xeon Gold 6248,Random,639.843129388,
800,1801984,-0.75005979,0.00448619859579,0,inf,Intel Xeon Gold 6248,Random,643.769909729,
800,1801987,-0.7354057,0.00450902116349,0,inf,Intel Xeon Gold 6248,Random,638.515847543,
800,1801990,-0.73360656,0.0045108116349,0,inf,Intel Xeon Gold 6248,Random,642.140722166,
800,1801993,-0.73291142,0.00449353981946,0,inf,Intel Xeon Gold 6248,Random,637.535907723,
800,1801996,-0.73918415,0.00448629147442,0,inf,Intel Xeon Gold 6248,Random,641.759378134,
800,1801999,-0.73263477,0.00430843961886,0,inf,Intel Xeon Gold 6248,Random,637.854162487,
800,1802002,-0.73516828,0.00441968545637,0,inf,Intel Xeon Gold 6248,Random,638.247241725,
800,1802005,-0.7349023,0.00436086940822,0,inf,Intel Xeon Gold 6248,Random,640.802607823,
800,1802008,-0.729912,0.00446167382146,0,inf,Intel Xeon Gold 6248,Random,638.090070211,
800,1802011,-0.73645814,0.00438200551655,0,inf,Intel Xeon Gold 6248,Random,640.702407222,
800,1802014,-0.74905786,0.00437187983952,0,inf,Intel Xeon Gold 6248,Random,643.125977934,
800,1802017,-0.73434966,0.00453033901705,0,inf,Intel Xeon Gold 6248,Random,640.147041123,
800,1802020,-0.74431383,0.00442323179539,0,inf,Intel Xeon Gold 6248,Random,641.950551655,
800,1802023,-0.72341469,0.0044520777332,0,inf,Intel Xeon Gold 6248,Random,636.071213641,
800,1802026,-0.74318588,0.00446095757272,0,inf,Intel Xeon Gold 6248,Random,642.958575727,
800,1802029,-0.73464554,0.00453264944835,0,inf,Intel Xeon Gold 6248,Random,640.544633902,
1000,2001732,-0.73598752,0.0068957672016,0,inf,Intel Xeon Gold 6248,Random,809.599097292,
1000,2001735,-0.73007647,0.00677323259779,0,inf,Intel Xeon Gold 6248,Random,813.561685055,
1000,2001738,-0.73156388,0.00691137542628,0,inf,Intel Xeon Gold 6248,Random,814.138716148,
1000,2001741,-0.7339069,0.00682161334002,0,inf,Intel Xeon Gold 6248,Random,817.449448345,
1000,2001744,-0.73162504,0.00687545757272,0,inf,Intel Xeon Gold 6248,Random,814.739719157,
1000,2001747,-0.72723987,0.00686742718154,0,inf,Intel Xeon Gold 6248,Random,810.120160481,
1000,2001750,-0.72982607,0.00683555035105,0,inf,Intel Xeon Gold 6248,Random,816.416449348,
1000,2001753,-0.73191754,0.00682527271815,0,inf,Intel Xeon Gold 6248,Random,810.102306921,
1000,2001756,-0.73638233,0.0068197002006,0,inf,Intel Xeon Gold 6248,Random,818.243931795,
1000,2001759,-0.72855102,0.00680693450351,0,inf,Intel Xeon Gold 6248,Random,812.406218656,
1000,2001762,-0.73567093,0.00687525305918,0,inf,Intel Xeon Gold 6248,Random,816.617552658,
1000,2001765,-0.73505044,0.00684509378134,0,inf,Intel Xeon Gold 6248,Random,813.958074223,
1000,2001768,-0.72944759,0.00685310090271,0,inf,Intel Xeon Gold 6248,Random,814.312738215,
1000,2001771,-0.73404316,0.00694682668004,0,inf,Intel Xeon Gold 6248,Random,814.979338014,
1000,2001774,-0.73004203,0.00681103941825,0,inf,Intel Xeon Gold 6248,Random,813.312437312,
1000,2001777,-0.72996927,0.00685165887663,0,inf,Intel Xeon Gold 6248,Random,812.224373119,
1000,2001780,-0.73090419,0.00681051043129,0,inf,Intel Xeon Gold 6248,Random,814.870511535,
1000,2001783,-0.72884056,0.00684359458375,0,inf,Intel Xeon Gold 6248,Random,811.893681043,
1000,2001786,-0.73850029,0.00673654222668,0,inf,Intel Xeon Gold 6248,Random,816.621865597,
1000,2001789,-0.74107368,0.00683552928786,0,inf,Intel Xeon Gold 6248,Random,813.8332999,
1000,2001792,-0.7384808,0.00682506810431,0,inf,Intel Xeon Gold 6248,Random,812.214343029,
1000,2001795,-0.73315592,0.006831077332,0,inf,Intel Xeon Gold 6248,Random,812.663891675,
1000,2001798,-0.73559587,0.00677028254764,0,inf,Intel Xeon Gold 6248,Random,819.378134403,
1000,2001801,-0.72937486,0.00681219498495,0,inf,Intel Xeon Gold 6248,Random,811.2777332,
1000,2001804,-0.73346709,0.00682273671013,0,inf,Intel Xeon Gold 6248,Random,816.173019057,
1000,2001807,-0.7363881,0.00683565336008,0,inf,Intel Xeon Gold 6248,Random,815.52447342,
1000,2001810,-0.73531475,0.00687408064193,0,inf,Intel Xeon Gold 6248,Random,817.87221665,
1000,2001813,-0.73567509,0.00682871594784,0,inf,Intel Xeon Gold 6248,Random,811.70661986,
1000,2001816,-0.73016245,0.00683208956871,0,inf,Intel Xeon Gold 6248,Random,812.573420261,
1000,2001819,-0.73203321,0.00681888505517,0,inf,Intel Xeon Gold 6248,Random,815.389869609,
1000,2001822,-0.73101127,0.00686032587763,0,inf,Intel Xeon Gold 6248,Random,816.366800401,
1000,2001825,-0.73234132,0.00688370571715,0,inf,Intel Xeon Gold 6248,Random,814.784653962,
1000,2001828,-0.73098655,0.00684332357071,0,inf,Intel Xeon Gold 6248,Random,815.516148445,
1000,2001831,-0.73372282,0.00682553079238,0,inf,Intel Xeon Gold 6248,Random,814.071313942,
1000,2001834,-0.73236644,0.00682237452357,0,inf,Intel Xeon Gold 6248,Random,816.864694082,
1000,2001837,-0.73484228,0.00687253610832,0,inf,Intel Xeon Gold 6248,Random,815.556770311,
1000,2001840,-0.73503988,0.00691203029087,0,inf,Intel Xeon Gold 6248,Random,815.041424273,
1000,2001843,-0.73274509,0.00682463671013,0,inf,Intel Xeon Gold 6248,Random,813.586158475,
1000,2001846,-0.72914089,0.00679464132397,0,inf,Intel Xeon Gold 6248,Random,811.923971916,
1000,2001849,-0.73008741,0.00684171805416,0,inf,Intel Xeon Gold 6248,Random,812.272116349,
1000,2001852,-0.73961676,0.00686838816449,0,inf,Intel Xeon Gold 6248,Random,818.910130391,
1000,2001855,-0.73404181,0.00679357913741,0,inf,Intel Xeon Gold 6248,Random,809.530190572,
1000,2001858,-0.72862523,0.00683650310933,0,inf,Intel Xeon Gold 6248,Random,812.503811434,
1000,2001861,-0.73145985,0.00685958986961,0,inf,Intel Xeon Gold 6248,Random,813.20782347,
1000,2001864,-0.73695667,0.00689592397192,0,inf,Intel Xeon Gold 6248,Random,813.575626881,
1000,2001867,-0.73274942,0.00681414904714,0,inf,Intel Xeon Gold 6248,Random,813.99107322,
1000,2001870,-0.73822525,0.00681595677031,0,inf,Intel Xeon Gold 6248,Random,816.042928786,
1000,2001873,-0.72609727,0.00680235025075,0,inf,Intel Xeon Gold 6248,Random,810.387662989,
1000,2001876,-0.73617027,0.00680274152457,0,inf,Intel Xeon Gold 6248,Random,814.263189569,
1000,2001879,-0.73090142,0.00685693149448,0,inf,Intel Xeon Gold 6248,Random,813.653560682,
1000,2001882,-0.7315909,0.00684361434303,0,inf,Intel Xeon Gold 6248,Random,815.64332999,
1000,2001885,-0.73069937,0.0067891777332,0,inf,Intel Xeon Gold 6248,Random,813.718956871,
1000,2001888,-0.73585742,0.00687307141424,0,inf,Intel Xeon Gold 6248,Random,816.575727182,
1000,2001891,-0.74004276,0.00680487151454,0,inf,Intel Xeon Gold 6248,Random,815.094082247,
1000,2001894,-0.73396859,0.00687539498495,0,inf,Intel Xeon Gold 6248,Random,814.051053159,
1000,2001897,-0.73367291,0.00683619358074,0,inf,Intel Xeon Gold 6248,Random,816.755065196,
1000,2001900,-0.73476781,0.0068274114343,0,inf,Intel Xeon Gold 6248,Random,821.495787362,
1000,2001903,-0.74288709,0.00683301484453,0,inf,Intel Xeon Gold 6248,Random,817.922668004,
1000,2001906,-0.74233522,0.00691257211635,0,inf,Intel Xeon Gold 6248,Random,817.815646941,
1000,2001909,-0.73093046,0.00681330651956,0,inf,Intel Xeon Gold 6248,Random,816.687061184,
1000,2001912,-0.7300207,0.0068428557673,0,inf,Intel Xeon Gold 6248,Random,812.729789368,
1000,2001915,-0.73583609,0.00685767853561,0,inf,Intel Xeon Gold 6248,Random,815.817853561,
1000,2001918,-0.73009772,0.00682568535607,0,inf,Intel Xeon Gold 6248,Random,816.003610832,
1000,2001921,-0.7397579,0.00685827853561,0,inf,Intel Xeon Gold 6248,Random,818.647843531,
1000,2001924,-0.73209673,0.00674740270812,0,inf,Intel Xeon Gold 6248,Random,813.489267803,
1000,2001927,-0.73521135,0.00682570220662,0,inf,Intel Xeon Gold 6248,Random,813.903510532,
1000,2001930,-0.72782984,0.00680177241725,0,inf,Intel Xeon Gold 6248,Random,812.895987964,
1000,2001933,-0.74188133,0.0069080448345,0,inf,Intel Xeon Gold 6248,Random,820.790270812,
1000,2001936,-0.74765723,0.00674138074223,0,inf,Intel Xeon Gold 6248,Random,818.97221665,
1000,2001939,-0.73077105,0.0068396221665,0,inf,Intel Xeon Gold 6248,Random,814.345235707,
1000,2001942,-0.73388234,0.00677330140421,0,inf,Intel Xeon Gold 6248,Random,816.501805416,
1000,2001945,-0.73033339,0.00682026750251,0,inf,Intel Xeon Gold 6248,Random,814.752657974,
1000,2001948,-0.73168195,0.00686826379137,0,inf,Intel Xeon Gold 6248,Random,816.260882648,
1000,2001951,-0.72918114,0.0068597005015,0,inf,Intel Xeon Gold 6248,Random,814.273721163,
1000,2001954,-0.7349703,0.00685200581745,0,inf,Intel Xeon Gold 6248,Random,814.267001003,
1000,2001957,-0.73840641,0.00681134864594,0,inf,Intel Xeon Gold 6248,Random,817.874523571,
1000,2001960,-0.73572728,0.00682947442327,0,inf,Intel Xeon Gold 6248,Random,816.372617854,
1000,2001963,-0.73463312,0.00687467983952,0,inf,Intel Xeon Gold 6248,Random,809.506018054,
1000,2001966,-0.73950299,0.00681625025075,0,inf,Intel Xeon Gold 6248,Random,815.864794383,
1000,2001969,-0.73654925,0.00688844302909,0,inf,Intel Xeon Gold 6248,Random,816.557673019,
1000,2001972,-0.72612316,0.00685706178536,0,inf,Intel Xeon Gold 6248,Random,812.829689067,
1000,2001975,-0.72751065,0.00685177221665,0,inf,Intel Xeon Gold 6248,Random,813.314744233,
1000,2001978,-0.73153253,0.00684715145436,0,inf,Intel Xeon Gold 6248,Random,815.038314945,
1000,2001981,-0.73669304,0.00686939338014,0,inf,Intel Xeon Gold 6248,Random,817.353159478,
1000,2001984,-0.73331453,0.00677861584754,0,inf,Intel Xeon Gold 6248,Random,814.094583751,
1000,2001987,-0.73133958,0.00681388806419,0,inf,Intel Xeon Gold 6248,Random,815.206218656,
1000,2001990,-0.73276104,0.00680919478435,0,inf,Intel Xeon Gold 6248,Random,814.799899699,
1000,2001993,-0.73196353,0.00680852497492,0,inf,Intel Xeon Gold 6248,Random,816.468605817,
1000,2001996,-0.73289948,0.00686058084253,0,inf,Intel Xeon Gold 6248,Random,815.57221665,
1000,2001999,-0.73134727,0.00684846379137,0,inf,Intel Xeon Gold 6248,Random,816.853059178,
1000,2002002,-0.7313914,0.00679576439318,0,inf,Intel Xeon Gold 6248,Random,813.802006018,
1000,2002005,-0.72889074,0.0068138782347,0,inf,Intel Xeon Gold 6248,Random,812.305616851,
1000,2002008,-0.73160029,0.00682315235707,0,inf,Intel Xeon Gold 6248,Random,813.169408225,
1000,2002011,-0.73609948,0.00676306439318,0,inf,Intel Xeon Gold 6248,Random,818.292778335,
1000,2002014,-0.73574987,0.00686930351053,0,inf,Intel Xeon Gold 6248,Random,817.290872618,
1000,2002017,-0.73517422,0.00683730732197,0,inf,Intel Xeon Gold 6248,Random,816.986459378,
1000,2002020,-0.73049787,0.00683054944835,0,inf,Intel Xeon Gold 6248,Random,812.574724173,
1000,2002023,-0.73718349,0.00680285837513,0,inf,Intel Xeon Gold 6248,Random,816.090872618,
1000,2002026,-0.74436425,0.00680021715145,0,inf,Intel Xeon Gold 6248,Random,813.609428285,
1000,2002029,-0.73174903,0.00680986770311,0,inf,Intel Xeon Gold 6248,Random,812.451053159,
1200,2201732,-0.72906082,0.00902882728185,0,inf,Intel Xeon Gold 6248,Random,989.791675025,
1200,2201735,-0.73362534,0.00912650190572,0,inf,Intel Xeon Gold 6248,Random,991.756068205,
1200,2201738,-0.73187476,0.00901722166499,0,inf,Intel Xeon Gold 6248,Random,991.460882648,
1200,2201741,-0.72465763,0.00900849398195,0,inf,Intel Xeon Gold 6248,Random,987.864593781,
1200,2201744,-0.72700302,0.00900010722166,0,inf,Intel Xeon Gold 6248,Random,989.756068205,
1200,2201747,-0.73575985,0.00912133681043,0,inf,Intel Xeon Gold 6248,Random,990.797693079,
1200,2201750,-0.7349065,0.00913569157472,0,inf,Intel Xeon Gold 6248,Random,992.935807422,
1200,2201753,-0.74052073,0.00908739628887,0,inf,Intel Xeon Gold 6248,Random,993.410631896,
1200,2201756,-0.73345281,0.00909503791374,0,inf,Intel Xeon Gold 6248,Random,992.052858576,
1200,2201759,-0.73251865,0.00913034573721,0,inf,Intel Xeon Gold 6248,Random,992.441223671,
1200,2201762,-0.72913012,0.00907154964895,0,inf,Intel Xeon Gold 6248,Random,992.918154463,
1200,2201765,-0.72909545,0.00907235837513,0,inf,Intel Xeon Gold 6248,Random,992.424272818,
1200,2201768,-0.73320599,0.00898590190572,0,inf,Intel Xeon Gold 6248,Random,994.172617854,
1200,2201771,-0.73109421,0.00903033801404,0,inf,Intel Xeon Gold 6248,Random,989.773019057,
1200,2201774,-0.73381684,0.00901243440321,0,inf,Intel Xeon Gold 6248,Random,992.893179539,
1200,2201777,-0.73650783,0.00911696770311,0,inf,Intel Xeon Gold 6248,Random,993.510130391,
1200,2201780,-0.72812292,0.00909029107322,0,inf,Intel Xeon Gold 6248,Random,991.116850552,
1200,2201783,-0.72859118,0.00908084934804,0,inf,Intel Xeon Gold 6248,Random,991.308024072,
1200,2201786,-0.73016283,0.00906488355065,0,inf,Intel Xeon Gold 6248,Random,991.401805416,
1200,2201789,-0.73289442,0.00903242166499,0,inf,Intel Xeon Gold 6248,Random,989.136609829,
1200,2201792,-0.73537218,0.0089975778335,0,inf,Intel Xeon Gold 6248,Random,991.328986961,
1200,2201795,-0.73747945,0.00904820080241,0,inf,Intel Xeon Gold 6248,Random,992.547542628,
1200,2201798,-0.73549033,0.00906703971916,0,inf,Intel Xeon Gold 6248,Random,996.47001003,
1200,2201801,-0.73517044,0.00903055175527,0,inf,Intel Xeon Gold 6248,Random,990.229789368,
1200,2201804,-0.72914038,0.00896244312939,0,inf,Intel Xeon Gold 6248,Random,991.243229689,
1200,2201807,-0.72873454,0.00898071965898,0,inf,Intel Xeon Gold 6248,Random,989.960682046,
1200,2201810,-0.72777711,0.00902563610832,0,inf,Intel Xeon Gold 6248,Random,986.311534604,
1200,2201813,-0.72920606,0.00906905907723,0,inf,Intel Xeon Gold 6248,Random,991.878736209,
1200,2201816,-0.73160067,0.00906239849549,0,inf,Intel Xeon Gold 6248,Random,991.736810431,
1200,2201819,-0.7300815,0.00905920692076,0,inf,Intel Xeon Gold 6248,Random,989.472517553,
1200,2201822,-0.72950171,0.00904605215647,0,inf,Intel Xeon Gold 6248,Random,987.523771314,
1200,2201825,-0.7348212,0.00905715205617,0,inf,Intel Xeon Gold 6248,Random,989.780240722,
1200,2201828,-0.73286481,0.0090080221665,0,inf,Intel Xeon Gold 6248,Random,995.571614845,
1200,2201831,-0.73095151,0.00904300190572,0,inf,Intel Xeon Gold 6248,Random,991.337512538,
1200,2201834,-0.72844225,0.00905600421264,0,inf,Intel Xeon Gold 6248,Random,989.48004012,
1200,2201837,-0.7265612,0.00908615336008,0,inf,Intel Xeon Gold 6248,Random,989.310531595,
1200,2201840,-0.73117274,0.0089976558676,0,inf,Intel Xeon Gold 6248,Random,985.919057172,
1200,2201843,-0.7387633,0.00903843169509,0,inf,Intel Xeon Gold 6248,Random,989.832898696,
1200,2201846,-0.73222943,0.00901026058175,0,inf,Intel Xeon Gold 6248,Random,991.41664995,
1200,2201849,-0.73363966,0.00905284944835,0,inf,Intel Xeon Gold 6248,Random,990.059378134,
1200,2201852,-0.73601546,0.00903409759278,0,inf,Intel Xeon Gold 6248,Random,994.52557673,
1200,2201855,-0.7285349,0.00907448395186,0,inf,Intel Xeon Gold 6248,Random,991.324774323,
1200,2201858,-0.72908353,0.00907587953862,0,inf,Intel Xeon Gold 6248,Random,992.94222668,
1200,2201861,-0.73453084,0.00908793500502,0,inf,Intel Xeon Gold 6248,Random,993.438816449,
1200,2201864,-0.73196777,0.00906397562688,0,inf,Intel Xeon Gold 6248,Random,993.29227683,
1200,2201867,-0.73197243,0.00907905396189,0,inf,Intel Xeon Gold 6248,Random,991.984353059,
1200,2201870,-0.7389074,0.00899896599799,0,inf,Intel Xeon Gold 6248,Random,994.043530592,
1200,2201873,-0.73596698,0.00901318665998,0,inf,Intel Xeon Gold 6248,Random,991.906018054,
1200,2201876,-0.73679548,0.00902895386158,0,inf,Intel Xeon Gold 6248,Random,994.583650953,
1200,2201879,-0.74139533,0.0090849555667,0,inf,Intel Xeon Gold 6248,Random,992.555466399,
1200,2201882,-0.73318401,0.0090323889669,0,inf,Intel Xeon Gold 6248,Random,998.012738215,
1200,2201885,-0.731011,0.00905880371113,0,inf,Intel Xeon Gold 6248,Random,991.571514544,
1200,2201888,-0.73132878,0.00902760922768,0,inf,Intel Xeon Gold 6248,Random,992.202908726,
1200,2201891,-0.7338798,0.00905111554664,0,inf,Intel Xeon Gold 6248,Random,991.89448345,
1200,2201894,-0.73393411,0.00900708214644,0,inf,Intel Xeon Gold 6248,Random,989.17001003,
1200,2201897,-0.73959588,0.00907408736209,0,inf,Intel Xeon Gold 6248,Random,992.193981946,
1200,2201900,-0.72821719,0.00907801323972,0,inf,Intel Xeon Gold 6248,Random,992.684152457,
1200,2201903,-0.73008588,0.00903518224674,0,inf,Intel Xeon Gold 6248,Random,988.342026078,
1200,2201906,-0.73027048,0.00897976128385,0,inf,Intel Xeon Gold 6248,Random,989.127983952,
1200,2201909,-0.73538602,0.00901454162487,0,inf,Intel Xeon Gold 6248,Random,992.722668004,
1200,2201912,-0.74068844,0.00905509368104,0,inf,Intel Xeon Gold 6248,Random,993.408625878,
1200,2201915,-0.72492437,0.0090470668004,0,inf,Intel Xeon Gold 6248,Random,987.726278837,
1200,2201918,-0.72768765,0.00903554994985,0,inf,Intel Xeon Gold 6248,Random,990.822066199,
1200,2201921,-0.73459827,0.00908841805416,0,inf,Intel Xeon Gold 6248,Random,994.965496489,
1200,2201924,-0.73457298,0.00907283600802,0,inf,Intel Xeon Gold 6248,Random,992.613540622,
1200,2201927,-0.73116843,0.00904891564694,0,inf,Intel Xeon Gold 6248,Random,991.354262788,
1200,2201930,-0.73162035,0.00907878645938,0,inf,Intel Xeon Gold 6248,Random,992.542326981,
1200,2201933,-0.7336436,0.00900856820461,0,inf,Intel Xeon Gold 6248,Random,994.481243731,
1200,2201936,-0.74085382,0.0090440108325,0,inf,Intel Xeon Gold 6248,Random,992.342326981,
1200,2201939,-0.73901157,0.00910426459378,0,inf,Intel Xeon Gold 6248,Random,990.738014042,
1200,2201942,-0.72888143,0.00894837161484,0,inf,Intel Xeon Gold 6248,Random,989.15887663,
1200,2201945,-0.73836506,0.00902880351053,0,inf,Intel Xeon Gold 6248,Random,993.284252758,
1200,2201948,-0.73813004,0.00901218615848,0,inf,Intel Xeon Gold 6248,Random,993.349849549,
1200,2201951,-0.72985598,0.00899508264794,0,inf,Intel Xeon Gold 6248,Random,991.828084253,
1200,2201954,-0.73092631,0.00910986830491,0,inf,Intel Xeon Gold 6248,Random,993.863991976,
1200,2201957,-0.73511885,0.00904510792377,0,inf,Intel Xeon Gold 6248,Random,993.639719157,
1200,2201960,-0.72354613,0.00912415406219,0,inf,Intel Xeon Gold 6248,Random,985.658074223,
1200,2201963,-0.73151736,0.00899955265797,0,inf,Intel Xeon Gold 6248,Random,990.149749248,
1200,2201966,-0.73182192,0.00910432918756,0,inf,Intel Xeon Gold 6248,Random,993.340421264,
1200,2201969,-0.73810034,0.00907850802407,0,inf,Intel Xeon Gold 6248,Random,994.143129388,
1200,2201972,-0.73372002,0.00903662748245,0,inf,Intel Xeon Gold 6248,Random,991.116248746,
1200,2201975,-0.73416131,0.00903868174524,0,inf,Intel Xeon Gold 6248,Random,994.091775326,
1200,2201978,-0.73408742,0.00906124383149,0,inf,Intel Xeon Gold 6248,Random,995.390371113,
1200,2201981,-0.7337427,0.0090325892678,0,inf,Intel Xeon Gold 6248,Random,990.493681043,
1200,2201984,-0.7329341,0.00921123721163,0,inf,Intel Xeon Gold 6248,Random,993.437412237,
1200,2201987,-0.73492406,0.00899292688064,0,inf,Intel Xeon Gold 6248,Random,989.729087262,
1200,2201990,-0.72873988,0.00908598324975,0,inf,Intel Xeon Gold 6248,Random,992.81664995,
1200,2201993,-0.73143553,0.00899889217653,0,inf,Intel Xeon Gold 6248,Random,992.022968907,
1200,2201996,-0.72862454,0.00904233530592,0,inf,Intel Xeon Gold 6248,Random,987.398595787,
1200,2201999,-0.73344416,0.00906341624875,0,inf,Intel Xeon Gold 6248,Random,989.189568706,
1200,2202002,-0.73129401,0.00904873560682,0,inf,Intel Xeon Gold 6248,Random,988.802006018,
1200,2202005,-0.73369268,0.00901102928786,0,inf,Intel Xeon Gold 6248,Random,993.438214644,
1200,2202008,-0.73546859,0.00907276278837,0,inf,Intel Xeon Gold 6248,Random,984.816449348,
1200,2202011,-0.73667051,0.00900912457372,0,inf,Intel Xeon Gold 6248,Random,994.625977934,
1200,2202014,-0.73069225,0.00903203681043,0,inf,Intel Xeon Gold 6248,Random,988.503109328,
1200,2202017,-0.73603223,0.00904741875627,0,inf,Intel Xeon Gold 6248,Random,993.285055165,
1200,2202020,-0.72975389,0.00905239608826,0,inf,Intel Xeon Gold 6248,Random,990.504012036,
1200,2202023,-0.73622163,0.00907039628887,0,inf,Intel Xeon Gold 6248,Random,991.653660983,
1200,2202026,-0.74537101,0.00913166880642,0,inf,Intel Xeon Gold 6248,Random,999.195285858,
1200,2202029,-0.73569783,0.00903867833501,0,inf,Intel Xeon Gold 6248,Random,991.599097292,
1400,2401732,-0.73229597,0.0120023754263,0,inf,Intel Xeon Gold 6248,Random,1173.18465396,
1400,2401735,-0.72767663,0.0121251359077,0,inf,Intel Xeon Gold 6248,Random,1170.60341023,
1400,2401738,-0.72890229,0.0120119833501,0,inf,Intel Xeon Gold 6248,Random,1170.95466399,
1400,2401741,-0.73895007,0.0120700490471,0,inf,Intel Xeon Gold 6248,Random,1175.77582748,
1400,2401744,-0.72567448,0.0120164192578,0,inf,Intel Xeon Gold 6248,Random,1168.84704112,
1400,2401747,-0.7295327,0.0120240240722,0,inf,Intel Xeon Gold 6248,Random,1168.05927783,
1400,2401750,-0.72947407,0.0120844021063,0,inf,Intel Xeon Gold 6248,Random,1171.07151454,
1400,2401753,-0.73461696,0.0120175491474,0,inf,Intel Xeon Gold 6248,Random,1170.41835507,
1400,2401756,-0.72769006,0.0120227665998,0,inf,Intel Xeon Gold 6248,Random,1165.01243731,
1400,2401759,-0.7315551,0.0120316457372,0,inf,Intel Xeon Gold 6248,Random,1172.34132397,
1400,2401762,-0.72826665,0.0120878684052,0,inf,Intel Xeon Gold 6248,Random,1170.24292879,
1400,2401765,-0.73269922,0.012001297994,0,inf,Intel Xeon Gold 6248,Random,1171.72126379,
1400,2401768,-0.72997034,0.0120946703109,0,inf,Intel Xeon Gold 6248,Random,1168.91935807,
1400,2401771,-0.72952153,0.0120736059178,0,inf,Intel Xeon Gold 6248,Random,1170.35747242,
1400,2401774,-0.72388455,0.0120415955868,0,inf,Intel Xeon Gold 6248,Random,1169.63079238,
1400,2401777,-0.73624125,0.0120644404213,0,inf,Intel Xeon Gold 6248,Random,1168.72627884,
1400,2401780,-0.72816255,0.0119834545637,0,inf,Intel Xeon Gold 6248,Random,1170.74222668,
1400,2401783,-0.73008024,0.0120684404213,0,inf,Intel Xeon Gold 6248,Random,1166.95737212,
1400,2401786,-0.73482442,0.0121526078235,0,inf,Intel Xeon Gold 6248,Random,1177.74363089,
1400,2401789,-0.73425918,0.0120230903711,0,inf,Intel Xeon Gold 6248,Random,1167.39919759,
1400,2401792,-0.72716288,0.0120680645938,0,inf,Intel Xeon Gold 6248,Random,1168.18475426,
1400,2401795,-0.72880671,0.0120732953862,0,inf,Intel Xeon Gold 6248,Random,1172.52126379,
1400,2401798,-0.72709359,0.0119775722166,0,inf,Intel Xeon Gold 6248,Random,1168.53109328,
1400,2401801,-0.73026804,0.0120817535607,0,inf,Intel Xeon Gold 6248,Random,1171.94553661,
1400,2401804,-0.72468246,0.0120294685055,0,inf,Intel Xeon Gold 6248,Random,1169.35797392,
1400,2401807,-0.72805771,0.0120236341023,0,inf,Intel Xeon Gold 6248,Random,1165.94513541,
1400,2401810,-0.73402801,0.012119289669,0,inf,Intel Xeon Gold 6248,Random,1172.09578736,
1400,2401813,-0.74198312,0.0120376352056,0,inf,Intel Xeon Gold 6248,Random,1174.05917753,
1400,2401816,-0.73416989,0.0120821597793,0,inf,Intel Xeon Gold 6248,Random,1173.12367101,
1400,2401819,-0.73149972,0.012042982347,0,inf,Intel Xeon Gold 6248,Random,1168.32036108,
1400,2401822,-0.7263541,0.0120722488465,0,inf,Intel Xeon Gold 6248,Random,1172.50692076,
1400,2401825,-0.73090707,0.0120731682046,0,inf,Intel Xeon Gold 6248,Random,1172.97071214,
1400,2401828,-0.73288997,0.0120563881645,0,inf,Intel Xeon Gold 6248,Random,1172.36950853,
1400,2401831,-0.72812842,0.0120701182548,0,inf,Intel Xeon Gold 6248,Random,1173.29177533,
1400,2401834,-0.73502573,0.0120626244734,0,inf,Intel Xeon Gold 6248,Random,1174.71494483,
1400,2401837,-0.73339579,0.0120580664995,0,inf,Intel Xeon Gold 6248,Random,1169.90411234,
1400,2401840,-0.72904154,0.0120709497492,0,inf,Intel Xeon Gold 6248,Random,1167.49207623,
1400,2401843,-0.73015936,0.0120154520562,0,inf,Intel Xeon Gold 6248,Random,1169.26399198,
1400,2401846,-0.72942773,0.0120465455366,0,inf,Intel Xeon Gold 6248,Random,1167.50772317,
1400,2401849,-0.74511411,0.0120907102307,0,inf,Intel Xeon Gold 6248,Random,1172.4555667,
1400,2401852,-0.73367282,0.0120830284855,0,inf,Intel Xeon Gold 6248,Random,1176.88094283,
1400,2401855,-0.72774636,0.0120337281846,0,inf,Intel Xeon Gold 6248,Random,1169.85035105,
1400,2401858,-0.72915065,0.0120092511535,0,inf,Intel Xeon Gold 6248,Random,1169.88164493,
1400,2401861,-0.72896601,0.0120428018054,0,inf,Intel Xeon Gold 6248,Random,1170.01845537,
1400,2401864,-0.73049345,0.0121051975928,0,inf,Intel Xeon Gold 6248,Random,1171.53440321,
1400,2401867,-0.73565562,0.0120759593781,0,inf,Intel Xeon Gold 6248,Random,1171.86188566,
1400,2401870,-0.72986285,0.0120799457372,0,inf,Intel Xeon Gold 6248,Random,1167.91664995,
1400,2401873,-0.73240747,0.0121173734203,0,inf,Intel Xeon Gold 6248,Random,1168.22537613,
1400,2401876,-0.72894653,0.0120600320963,0,inf,Intel Xeon Gold 6248,Random,1169.31173521,
1400,2401879,-0.72700151,0.0120922477432,0,inf,Intel Xeon Gold 6248,Random,1171.20481444,
1400,2401882,-0.73067528,0.0121105510532,0,inf,Intel Xeon Gold 6248,Random,1172.38515547,
1400,2401885,-0.73037053,0.0121146572718,0,inf,Intel Xeon Gold 6248,Random,1168.85616851,
1400,2401888,-0.72716913,0.0119402424273,0,inf,Intel Xeon Gold 6248,Random,1168.85937813,
1400,2401891,-0.72597029,0.0120652728185,0,inf,Intel Xeon Gold 6248,Random,1164.09438315,
1400,2401894,-0.73191023,0.0120111335005,0,inf,Intel Xeon Gold 6248,Random,1172.22046138,
1400,2401897,-0.73388471,0.0120785351053,0,inf,Intel Xeon Gold 6248,Random,1174.40421264,
1400,2401900,-0.72768661,0.0120821051153,0,inf,Intel Xeon Gold 6248,Random,1171.61765296,
1400,2401903,-0.73570436,0.01207804333,0,inf,Intel Xeon Gold 6248,Random,1171.92828485,
1400,2401906,-0.73059523,0.012074211334,0,inf,Intel Xeon Gold 6248,Random,1169.51725176,
1400,2401909,-0.73470086,0.0120639716148,0,inf,Intel Xeon Gold 6248,Random,1169.34302909,
1400,2401912,-0.72746363,0.0119803925777,0,inf,Intel Xeon Gold 6248,Random,1169.20130391,
1400,2401915,-0.72909869,0.012080963992,0,inf,Intel Xeon Gold 6248,Random,1165.58104313,
1400,2401918,-0.73035943,0.0120220555667,0,inf,Intel Xeon Gold 6248,Random,1172.75366098,
1400,2401921,-0.72769576,0.0120874219659,0,inf,Intel Xeon Gold 6248,Random,1168.51494483,
1400,2401924,-0.72552749,0.0120267432297,0,inf,Intel Xeon Gold 6248,Random,1170.19408225,
1400,2401927,-0.73927778,0.012057927984,0,inf,Intel Xeon Gold 6248,Random,1174.10260782,
1400,2401930,-0.72555982,0.0120358424273,0,inf,Intel Xeon Gold 6248,Random,1169.67061184,
1400,2401933,-0.73026436,0.0121061758275,0,inf,Intel Xeon Gold 6248,Random,1172.28234704,
1400,2401936,-0.72925668,0.0120294864594,0,inf,Intel Xeon Gold 6248,Random,1173.0449348,
1400,2401939,-0.72961114,0.0121028879639,0,inf,Intel Xeon Gold 6248,Random,1166.49558676,
1400,2401942,-0.72624556,0.0120145211635,0,inf,Intel Xeon Gold 6248,Random,1167.54814443,
1400,2401945,-0.73277953,0.0120687300903,0,inf,Intel Xeon Gold 6248,Random,1174.5115346,
1400,2401948,-0.72739986,0.0120474703109,0,inf,Intel Xeon Gold 6248,Random,1166.96399198,
1400,2401951,-0.730756,0.0120335420261,0,inf,Intel Xeon Gold 6248,Random,1168.85235707,
1400,2401954,-0.73746345,0.0121355131394,0,inf,Intel Xeon Gold 6248,Random,1174.16128385,
1400,2401957,-0.73418522,0.012013210331,0,inf,Intel Xeon Gold 6248,Random,1164.27662989,
1400,2401960,-0.72945079,0.0120245799398,0,inf,Intel Xeon Gold 6248,Random,1167.26278837,
1400,2401963,-0.72955257,0.0120593482447,0,inf,Intel Xeon Gold 6248,Random,1171.81193581,
1400,2401966,-0.7295454,0.012069723671,0,inf,Intel Xeon Gold 6248,Random,1174.35636911,
1400,2401969,-0.7379186,0.0120951984955,0,inf,Intel Xeon Gold 6248,Random,1173.1005015,
1400,2401972,-0.73090135,0.0120919381143,0,inf,Intel Xeon Gold 6248,Random,1168.91253761,
1400,2401975,-0.72788786,0.0119953602808,0,inf,Intel Xeon Gold 6248,Random,1170.02617854,
1400,2401978,-0.73168663,0.0120766018054,0,inf,Intel Xeon Gold 6248,Random,1172.7331996,
1400,2401981,-0.72628307,0.0120272684052,0,inf,Intel Xeon Gold 6248,Random,1169.84202608,
1400,2401984,-0.73311805,0.0120267456369,0,inf,Intel Xeon Gold 6248,Random,1169.71715145,
1400,2401987,-0.72969163,0.0121090192578,0,inf,Intel Xeon Gold 6248,Random,1172.74523571,
1400,2401990,-0.73358636,0.0121135175527,0,inf,Intel Xeon Gold 6248,Random,1173.76760281,
1400,2401993,-0.72960962,0.0120447518556,0,inf,Intel Xeon Gold 6248,Random,1168.43721163,
1400,2401996,-0.7269252,0.012014407322,0,inf,Intel Xeon Gold 6248,Random,1172.01604814,
1400,2401999,-0.73780575,0.0121910079238,0,inf,Intel Xeon Gold 6248,Random,1177.69057172,
1400,2402002,-0.73105182,0.0121286364092,0,inf,Intel Xeon Gold 6248,Random,1168.79277834,
1400,2402005,-0.7317497,0.0120536880642,0,inf,Intel Xeon Gold 6248,Random,1171.82106319,
1400,2402008,-0.73058458,0.0120599066199,0,inf,Intel Xeon Gold 6248,Random,1169.9444333,
1400,2402011,-0.72901527,0.0120545154463,0,inf,Intel Xeon Gold 6248,Random,1166.69057172,
1400,2402014,-0.73001183,0.0121508664995,0,inf,Intel Xeon Gold 6248,Random,1169.99929789,
1400,2402017,-0.73556222,0.0121527263791,0,inf,Intel Xeon Gold 6248,Random,1173.95315948,
1400,2402020,-0.73741458,0.0121670933801,0,inf,Intel Xeon Gold 6248,Random,1171.30591775,
1400,2402023,-0.72696496,0.0120902378134,0,inf,Intel Xeon Gold 6248,Random,1168.98355065,
1400,2402026,-0.72903007,0.0120861554664,0,inf,Intel Xeon Gold 6248,Random,1169.20170512,
1400,2402029,-0.73211279,0.0121328110331,0,inf,Intel Xeon Gold 6248,Random,1173.15737212,
1600,2601732,-0.72897416,0.0156280489468,0,inf,Intel Xeon Gold 6248,Random,1348.48224674,
1600,2601735,-0.72559056,0.0157170822467,0,inf,Intel Xeon Gold 6248,Random,1351.27552658,
1600,2601738,-0.73071546,0.0156919086259,0,inf,Intel Xeon Gold 6248,Random,1351.57121364,
1600,2601741,-0.73326809,0.0156082055165,0,inf,Intel Xeon Gold 6248,Random,1350.8995988,
1600,2601744,-0.72576514,0.0156837452357,0,inf,Intel Xeon Gold 6248,Random,1346.20972919,
1600,2601747,-0.7285233,0.0157620036108,0,inf,Intel Xeon Gold 6248,Random,1358.18084253,
1600,2601750,-0.73022483,0.0157229709127,0,inf,Intel Xeon Gold 6248,Random,1355.86098295,
1600,2601753,-0.727034,0.0156666694082,0,inf,Intel Xeon Gold 6248,Random,1353.17883651,
1600,2601756,-0.72730166,0.015701211334,0,inf,Intel Xeon Gold 6248,Random,1349.88304915,
1600,2601759,-0.72745109,0.0157701750251,0,inf,Intel Xeon Gold 6248,Random,1351.99077232,
1600,2601762,-0.72894474,0.0156500594784,0,inf,Intel Xeon Gold 6248,Random,1349.96238716,
1600,2601765,-0.73645876,0.0156999689067,0,inf,Intel Xeon Gold 6248,Random,1353.30782347,
1600,2601768,-0.72726651,0.0156974921765,0,inf,Intel Xeon Gold 6248,Random,1352.71223671,
1600,2601771,-0.72793979,0.015735806319,0,inf,Intel Xeon Gold 6248,Random,1348.40170512,
1600,2601774,-0.72503025,0.0157257595787,0,inf,Intel Xeon Gold 6248,Random,1347.13500502,
1600,2601777,-0.72917674,0.0156368907723,0,inf,Intel Xeon Gold 6248,Random,1352.70461384,
1600,2601780,-0.73062152,0.0157579207623,0,inf,Intel Xeon Gold 6248,Random,1357.97311936,
1600,2601783,-0.73271917,0.0156562610832,0,inf,Intel Xeon Gold 6248,Random,1349.66830491,
1600,2601786,-0.72768978,0.0157091479438,0,inf,Intel Xeon Gold 6248,Random,1348.45687061,
1600,2601789,-0.72961625,0.0156422583751,0,inf,Intel Xeon Gold 6248,Random,1347.59578736,
1600,2601792,-0.72876859,0.0156767465396,0,inf,Intel Xeon Gold 6248,Random,1348.02668004,
1600,2601795,-0.7314389,0.0157269848546,0,inf,Intel Xeon Gold 6248,Random,1351.02156469,
1600,2601798,-0.73099909,0.0156991074223,0,inf,Intel Xeon Gold 6248,Random,1349.08174524,
1600,2601801,-0.72948859,0.0158181977934,0,inf,Intel Xeon Gold 6248,Random,1350.37853561,
1600,2601804,-0.72700492,0.0156114193581,0,inf,Intel Xeon Gold 6248,Random,1347.40411234,
1600,2601807,-0.72986075,0.0156950890672,0,inf,Intel Xeon Gold 6248,Random,1352.84804413,
1600,2601810,-0.73242374,0.0157782553661,0,inf,Intel Xeon Gold 6248,Random,1356.37512538,
1600,2601813,-0.73269563,0.015685539318,0,inf,Intel Xeon Gold 6248,Random,1349.51323972,
1600,2601816,-0.7250773,0.0157040149448,0,inf,Intel Xeon Gold 6248,Random,1349.16810431,
1600,2601819,-0.72685051,0.0157655059178,0,inf,Intel Xeon Gold 6248,Random,1352.69939819,
1600,2601822,-0.73675148,0.0156211541625,0,inf,Intel Xeon Gold 6248,Random,1354.39127382,
1600,2601825,-0.73182034,0.0156787819458,0,inf,Intel Xeon Gold 6248,Random,1350.7888666,
1600,2601828,-0.73720722,0.0157867925777,0,inf,Intel Xeon Gold 6248,Random,1353.93951856,
1600,2601831,-0.73343066,0.01572544333,0,inf,Intel Xeon Gold 6248,Random,1353.66790371,
1600,2601834,-0.72739518,0.0157455099298,0,inf,Intel Xeon Gold 6248,Random,1348.10230692,
1600,2601837,-0.73314446,0.0157397318957,0,inf,Intel Xeon Gold 6248,Random,1354.7337011,
1600,2601840,-0.73150919,0.015759264995,0,inf,Intel Xeon Gold 6248,Random,1353.45897693,
1600,2601843,-0.72985276,0.0157212192578,0,inf,Intel Xeon Gold 6248,Random,1351.56479438,
1600,2601846,-0.72919454,0.0156777548646,0,inf,Intel Xeon Gold 6248,Random,1355.21223671,
1600,2601849,-0.72534504,0.0156812931795,0,inf,Intel Xeon Gold 6248,Random,1343.83059178,
1600,2601852,-0.72787606,0.0156426844534,0,inf,Intel Xeon Gold 6248,Random,1348.97923771,
1600,2601855,-0.72892269,0.0157267620863,0,inf,Intel Xeon Gold 6248,Random,1348.83941825,
1600,2601858,-0.73483046,0.0157220922768,0,inf,Intel Xeon Gold 6248,Random,1353.92798395,
1600,2601861,-0.73127382,0.015690880341,0,inf,Intel Xeon Gold 6248,Random,1349.42928786,
1600,2601864,-0.72541353,0.0157055519559,0,inf,Intel Xeon Gold 6248,Random,1349.43450351,
1600,2601867,-0.73652837,0.0157416421264,0,inf,Intel Xeon Gold 6248,Random,1353.24012036,
1600,2601870,-0.73603008,0.0156738231695,0,inf,Intel Xeon Gold 6248,Random,1351.52457372,
1600,2601873,-0.72907204,0.0157467474423,0,inf,Intel Xeon Gold 6248,Random,1353.97392177,
1600,2601876,-0.73628986,0.0157142768305,0,inf,Intel Xeon Gold 6248,Random,1352.95045135,
1600,2601879,-0.72879805,0.0156414190572,0,inf,Intel Xeon Gold 6248,Random,1350.1782347,
1600,2601882,-0.72165297,0.0156837550652,0,inf,Intel Xeon Gold 6248,Random,1347.62948847,
1600,2601885,-0.73083688,0.0157061495486,0,inf,Intel Xeon Gold 6248,Random,1351.66900702,
1600,2601888,-0.72752797,0.0157199578736,0,inf,Intel Xeon Gold 6248,Random,1351.44774323,
1600,2601891,-0.72864735,0.0156528074223,0,inf,Intel Xeon Gold 6248,Random,1350.97311936,
1600,2601894,-0.73034419,0.0156773694082,0,inf,Intel Xeon Gold 6248,Random,1352.44784353,
1600,2601897,-0.73530988,0.0156692442327,0,inf,Intel Xeon Gold 6248,Random,1354.43600802,
1600,2601900,-0.72993699,0.015723705015,0,inf,Intel Xeon Gold 6248,Random,1351.87923771,
1600,2601903,-0.72950174,0.0156847814443,0,inf,Intel Xeon Gold 6248,Random,1357.61203611,
1600,2601906,-0.72620649,0.0156916529589,0,inf,Intel Xeon Gold 6248,Random,1349.05005015,
1600,2601909,-0.72580435,0.0157089891675,0,inf,Intel Xeon Gold 6248,Random,1351.12738215,
1600,2601912,-0.72680976,0.015620846339,0,inf,Intel Xeon Gold 6248,Random,1348.68756269,
1600,2601915,-0.72652462,0.0157060796389,0,inf,Intel Xeon Gold 6248,Random,1353.85175527,
1600,2601918,-0.73090148,0.0156234884654,0,inf,Intel Xeon Gold 6248,Random,1349.43209629,
1600,2601921,-0.72293284,0.0157201332999,0,inf,Intel Xeon Gold 6248,Random,1346.88375125,
1600,2601924,-0.73061929,0.0157867922768,0,inf,Intel Xeon Gold 6248,Random,1356.43400201,
1600,2601927,-0.72865904,0.0157332336008,0,inf,Intel Xeon Gold 6248,Random,1350.75115346,
1600,2601930,-0.72952684,0.0157098100301,0,inf,Intel Xeon Gold 6248,Random,1353.01434303,
1600,2601933,-0.73010143,0.0156602998997,0,inf,Intel Xeon Gold 6248,Random,1351.10641926,
1600,2601936,-0.73009414,0.0157174053159,0,inf,Intel Xeon Gold 6248,Random,1352.62647944,
1600,2601939,-0.72852071,0.0157209674022,0,inf,Intel Xeon Gold 6248,Random,1353.25877633,
1600,2601942,-0.72653228,0.0157337005015,0,inf,Intel Xeon Gold 6248,Random,1347.59538616,
1600,2601945,-0.72413564,0.0157353683049,0,inf,Intel Xeon Gold 6248,Random,1345.0447342,
1600,2601948,-0.72721678,0.0156195522568,0,inf,Intel Xeon Gold 6248,Random,1347.39558676,
1600,2601951,-0.72994456,0.0156553824473,0,inf,Intel Xeon Gold 6248,Random,1348.16499498,
1600,2601954,-0.7282931,0.0157089397192,0,inf,Intel Xeon Gold 6248,Random,1350.60531595,
1600,2601957,-0.72793186,0.0156940615848,0,inf,Intel Xeon Gold 6248,Random,1356.72708124,
1600,2601960,-0.72904699,0.0157544707121,0,inf,Intel Xeon Gold 6248,Random,1349.71845537,
1600,2601963,-0.7270595,0.0157107180542,0,inf,Intel Xeon Gold 6248,Random,1349.12657974,
1600,2601966,-0.72834572,0.0157254286861,0,inf,Intel Xeon Gold 6248,Random,1353.50431294,
1600,2601969,-0.72969897,0.0157736355065,0,inf,Intel Xeon Gold 6248,Random,1356.72848546,
1600,2601972,-0.73248552,0.0157658345035,0,inf,Intel Xeon Gold 6248,Random,1348.44764293,
1600,2601975,-0.73068428,0.0156726,0,inf,Intel Xeon Gold 6248,Random,1350.67311936,
1600,2601978,-0.72796227,0.0156573435306,0,inf,Intel Xeon Gold 6248,Random,1346.06800401,
1600,2601981,-0.72768445,0.0157430620863,0,inf,Intel Xeon Gold 6248,Random,1350.88134403,
1600,2601984,-0.7305789,0.015712175326,0,inf,Intel Xeon Gold 6248,Random,1351.23570712,
1600,2601987,-0.73164299,0.0157282822467,0,inf,Intel Xeon Gold 6248,Random,1353.42718154,
1600,2601990,-0.72776642,0.015796540321,0,inf,Intel Xeon Gold 6248,Random,1352.73540622,
1600,2601993,-0.73319214,0.0156938585757,0,inf,Intel Xeon Gold 6248,Random,1351.64663992,
1600,2601996,-0.73162937,0.0157136608826,0,inf,Intel Xeon Gold 6248,Random,1344.62026078,
1600,2601999,-0.73141279,0.0157395318957,0,inf,Intel Xeon Gold 6248,Random,1351.7001003,
1600,2602002,-0.7348678,0.0157033419258,0,inf,Intel Xeon Gold 6248,Random,1351.22076229,
1600,2602005,-0.72684943,0.0156657119358,0,inf,Intel Xeon Gold 6248,Random,1344.19628887,
1600,2602008,-0.72790549,0.0157640132397,0,inf,Intel Xeon Gold 6248,Random,1351.01233701,
1600,2602011,-0.73465529,0.015702357673,0,inf,Intel Xeon Gold 6248,Random,1356.03510532,
1600,2602014,-0.72766607,0.0156706630893,0,inf,Intel Xeon Gold 6248,Random,1350.02036108,
1600,2602017,-0.73723236,0.015775377332,0,inf,Intel Xeon Gold 6248,Random,1349.76850552,
1600,2602020,-0.72771208,0.0157560889669,0,inf,Intel Xeon Gold 6248,Random,1347.60150451,
1600,2602023,-0.73134694,0.0157168178536,0,inf,Intel Xeon Gold 6248,Random,1350.30411234,
1600,2602026,-0.73357211,0.0156841654965,0,inf,Intel Xeon Gold 6248,Random,1352.77191575,
1600,2602029,-0.72765642,0.0156736991976,0,inf,Intel Xeon Gold 6248,Random,1352.6005015,
2000,3001732,-0.72904326,0.0247937717151,0,inf,Intel Xeon Gold 6248,Random,1718.85737212,
2000,3001735,-0.73345971,0.0247037800401,0,inf,Intel Xeon Gold 6248,Random,1719.23941825,
2000,3001738,-0.72543621,0.0247604261785,0,inf,Intel Xeon Gold 6248,Random,1722.2775326,
2000,3001741,-0.73284901,0.0246153152457,0,inf,Intel Xeon Gold 6248,Random,1719.55115346,
2000,3001744,-0.73137856,0.0246740950853,0,inf,Intel Xeon Gold 6248,Random,1720.04824473,
2000,3001747,-0.73170424,0.0246766925777,0,inf,Intel Xeon Gold 6248,Random,1726.39749248,
2000,3001750,-0.73067553,0.0246336601805,0,inf,Intel Xeon Gold 6248,Random,1718.60160481,
2000,3001753,-0.72529067,0.0247645767302,0,inf,Intel Xeon Gold 6248,Random,1716.13701103,
2000,3001756,-0.72385691,0.0246550532598,0,inf,Intel Xeon Gold 6248,Random,1715.27181545,
2000,3001759,-0.73335126,0.0247576624875,0,inf,Intel Xeon Gold 6248,Random,1721.95135406,
2000,3001762,-0.72919858,0.0245922970913,0,inf,Intel Xeon Gold 6248,Random,1720.84653962,
2000,3001765,-0.73006752,0.0246120845537,0,inf,Intel Xeon Gold 6248,Random,1716.52647944,
2000,3001768,-0.73313051,0.0246491848546,0,inf,Intel Xeon Gold 6248,Random,1723.03530592,
2000,3001771,-0.72332562,0.0245572915747,0,inf,Intel Xeon Gold 6248,Random,1718.22918756,
2000,3001774,-0.72579886,0.0245947807422,0,inf,Intel Xeon Gold 6248,Random,1715.53921765,
2000,3001777,-0.72741087,0.0246936237713,0,inf,Intel Xeon Gold 6248,Random,1721.6439318,
2000,3001780,-0.7243028,0.0246290247743,0,inf,Intel Xeon Gold 6248,Random,1713.55616851,
2000,3001783,-0.72191319,0.0245750330993,0,inf,Intel Xeon Gold 6248,Random,1709.89859579,
2000,3001786,-0.72876685,0.0245774798395,0,inf,Intel Xeon Gold 6248,Random,1718.62286861,
2000,3001789,-0.72710568,0.0247498751254,0,inf,Intel Xeon Gold 6248,Random,1720.49067202,
2000,3001792,-0.72565946,0.0245813718154,0,inf,Intel Xeon Gold 6248,Random,1715.75175527,
2000,3001795,-0.73160255,0.0247528283852,0,inf,Intel Xeon Gold 6248,Random,1723.35015045,
2000,3001798,-0.72720471,0.024540312337,0,inf,Intel Xeon Gold 6248,Random,1718.47031093,
2000,3001801,-0.72541416,0.0246185250752,0,inf,Intel Xeon Gold 6248,Random,1715.755667,
2000,3001804,-0.73281478,0.0246408631896,0,inf,Intel Xeon Gold 6248,Random,1715.52507523,
2000,3001807,-0.72584074,0.0246407414243,0,inf,Intel Xeon Gold 6248,Random,1717.43420261,
2000,3001810,-0.72856924,0.0246059399198,0,inf,Intel Xeon Gold 6248,Random,1713.52617854,
2000,3001813,-0.72939575,0.024605296991,0,inf,Intel Xeon Gold 6248,Random,1717.58766299,
2000,3001816,-0.7261361,0.0246040758275,0,inf,Intel Xeon Gold 6248,Random,1720.88956871,
2000,3001819,-0.7305238,0.0246812691073,0,inf,Intel Xeon Gold 6248,Random,1724.3560682,
2000,3001822,-0.72622037,0.0245636302909,0,inf,Intel Xeon Gold 6248,Random,1716.17993982,
2000,3001825,-0.73224678,0.0245942570712,0,inf,Intel Xeon Gold 6248,Random,1720.55235707,
2000,3001828,-0.72670217,0.0246355587763,0,inf,Intel Xeon Gold 6248,Random,1712.82898696,
2000,3001831,-0.72642227,0.0245997996991,0,inf,Intel Xeon Gold 6248,Random,1713.69297894,
2000,3001834,-0.72403253,0.0245797590772,0,inf,Intel Xeon Gold 6248,Random,1714.72437312,
2000,3001837,-0.73026984,0.0245903139418,0,inf,Intel Xeon Gold 6248,Random,1716.39438315,
2000,3001840,-0.72722913,0.0246671750251,0,inf,Intel Xeon Gold 6248,Random,1723.92136409,
2000,3001843,-0.72541403,0.0245814943831,0,inf,Intel Xeon Gold 6248,Random,1714.03941825,
2000,3001846,-0.727425,0.0246651863591,0,inf,Intel Xeon Gold 6248,Random,1719.09368104,
2000,3001849,-0.72654019,0.024647269007,0,inf,Intel Xeon Gold 6248,Random,1721.16429288,
2000,3001852,-0.72253855,0.0244806915747,0,inf,Intel Xeon Gold 6248,Random,1712.16840522,
2000,3001855,-0.73226162,0.02461422668,0,inf,Intel Xeon Gold 6248,Random,1716.91685055,
2000,3001858,-0.72970849,0.0246546297894,0,inf,Intel Xeon Gold 6248,Random,1722.17161484,
2000,3001861,-0.72904345,0.0247060797392,0,inf,Intel Xeon Gold 6248,Random,1726.56449348,
2000,3001864,-0.72642665,0.0246251243731,0,inf,Intel Xeon Gold 6248,Random,1720.57693079,
2000,3001867,-0.73961486,0.0246910588766,0,inf,Intel Xeon Gold 6248,Random,1718.32497492,
2000,3001870,-0.72768072,0.0245822533601,0,inf,Intel Xeon Gold 6248,Random,1718.38044132,
2000,3001873,-0.72211894,0.0246733320963,0,inf,Intel Xeon Gold 6248,Random,1713.12908726,
2000,3001876,-0.72192356,0.0246350572718,0,inf,Intel Xeon Gold 6248,Random,1718.07833501,
2000,3001879,-0.72496423,0.0246312978937,0,inf,Intel Xeon Gold 6248,Random,1714.96830491,
2000,3001882,-0.72730909,0.0246388458375,0,inf,Intel Xeon Gold 6248,Random,1714.09027081,
2000,3001885,-0.72950013,0.0246587006018,0,inf,Intel Xeon Gold 6248,Random,1720.39107322,
2000,3001888,-0.72770299,0.0246246835507,0,inf,Intel Xeon Gold 6248,Random,1718.89097292,
2000,3001891,-0.7297186,0.0246746021063,0,inf,Intel Xeon Gold 6248,Random,1719.1664995,
2000,3001894,-0.72755888,0.0245886201605,0,inf,Intel Xeon Gold 6248,Random,1715.23931795,
2000,3001897,-0.7228676,0.0246431747242,0,inf,Intel Xeon Gold 6248,Random,1711.27141424,
2000,3001900,-0.72680512,0.0246625162487,0,inf,Intel Xeon Gold 6248,Random,1713.12808425,
2000,3001903,-0.72580883,0.0246281230692,0,inf,Intel Xeon Gold 6248,Random,1712.71213641,
2000,3001906,-0.72314113,0.0245673358074,0,inf,Intel Xeon Gold 6248,Random,1718.15857573,
2000,3001909,-0.72363252,0.0246210014042,0,inf,Intel Xeon Gold 6248,Random,1712.46810431,
2000,3001912,-0.72839486,0.0245771080241,0,inf,Intel Xeon Gold 6248,Random,1717.42858576,
2000,3001915,-0.72408842,0.0245463978937,0,inf,Intel Xeon Gold 6248,Random,1714.53089268,
2000,3001918,-0.7216138,0.0246165644935,0,inf,Intel Xeon Gold 6248,Random,1713.91695085,
2000,3001921,-0.72753911,0.0245257815446,0,inf,Intel Xeon Gold 6248,Random,1719.98324975,
2000,3001924,-0.73041052,0.0246158895687,0,inf,Intel Xeon Gold 6248,Random,1716.74373119,
2000,3001927,-0.73449552,0.0245837632899,0,inf,Intel Xeon Gold 6248,Random,1716.21765296,
2000,3001930,-0.72965242,0.0246736171515,0,inf,Intel Xeon Gold 6248,Random,1719.36760281,
2000,3001933,-0.72478729,0.0246409111334,0,inf,Intel Xeon Gold 6248,Random,1720.05707121,
2000,3001936,-0.72779299,0.0246450808425,0,inf,Intel Xeon Gold 6248,Random,1719.5551655,
2000,3001939,-0.72940706,0.0246053241725,0,inf,Intel Xeon Gold 6248,Random,1714.44363089,
2000,3001942,-0.73088703,0.0246335884654,0,inf,Intel Xeon Gold 6248,Random,1720.44784353,
2000,3001945,-0.73069588,0.0246166036108,0,inf,Intel Xeon Gold 6248,Random,1723.96359077,
2000,3001948,-0.73017404,0.0246104248746,0,inf,Intel Xeon Gold 6248,Random,1719.24373119,
2000,3001951,-0.72362758,0.0245201069208,0,inf,Intel Xeon Gold 6248,Random,1715.36198596,
2000,3001954,-0.72996245,0.0246400701103,0,inf,Intel Xeon Gold 6248,Random,1721.16188566,
2000,3001957,-0.72969151,0.0247140816449,0,inf,Intel Xeon Gold 6248,Random,1721.21624875,
2000,3001960,-0.73006992,0.0245533022066,0,inf,Intel Xeon Gold 6248,Random,1720.49067202,
2000,3001963,-0.72607722,0.0246302028084,0,inf,Intel Xeon Gold 6248,Random,1716.06068205,
2000,3001966,-0.72892938,0.0245962817452,0,inf,Intel Xeon Gold 6248,Random,1721.05817452,
2000,3001969,-0.72739375,0.0245410840522,0,inf,Intel Xeon Gold 6248,Random,1721.66980943,
2000,3001972,-0.72663302,0.0246336051153,0,inf,Intel Xeon Gold 6248,Random,1716.56328987,
2000,3001975,-0.73106381,0.0245705497492,0,inf,Intel Xeon Gold 6248,Random,1716.34573721,
2000,3001978,-0.72711823,0.0246557354062,0,inf,Intel Xeon Gold 6248,Random,1722.69007021,
2000,3001981,-0.73014973,0.0245464074223,0,inf,Intel Xeon Gold 6248,Random,1721.50330993,
2000,3001984,-0.72697342,0.0245336834504,0,inf,Intel Xeon Gold 6248,Random,1724.7554664,
2000,3001987,-0.72701884,0.0244191487462,0,inf,Intel Xeon Gold 6248,Random,1714.39398195,
2000,3001990,-0.7306091,0.0246319034102,0,inf,Intel Xeon Gold 6248,Random,1715.97372116,
2000,3001993,-0.72890832,0.0245687617854,0,inf,Intel Xeon Gold 6248,Random,1712.92617854,
2000,3001996,-0.73056158,0.0245639120361,0,inf,Intel Xeon Gold 6248,Random,1718.19628887,
2000,3001999,-0.72781843,0.0244955809428,0,inf,Intel Xeon Gold 6248,Random,1716.411334,
2000,3002002,-0.72615495,0.024589228987,0,inf,Intel Xeon Gold 6248,Random,1719.10310933,
2000,3002005,-0.72933644,0.02464868666,0,inf,Intel Xeon Gold 6248,Random,1720.62136409,
2000,3002008,-0.73263912,0.0245749780341,0,inf,Intel Xeon Gold 6248,Random,1716.71173521,
2000,3002011,-0.73376204,0.0245488029087,0,inf,Intel Xeon Gold 6248,Random,1717.06298897,
2000,3002014,-0.724809,0.0244867168506,0,inf,Intel Xeon Gold 6248,Random,1717.98655968,
2000,3002017,-0.73165327,0.0245107651956,0,inf,Intel Xeon Gold 6248,Random,1716.08465396,
2000,3002020,-0.72727476,0.0244665910732,0,inf,Intel Xeon Gold 6248,Random,1719.49899699,
2000,3002023,-0.72491094,0.0245251164493,0,inf,Intel Xeon Gold 6248,Random,1723.1555667,
2000,3002026,-0.73092006,0.0245689497492,0,inf,Intel Xeon Gold 6248,Random,1722.66439318,
2000,3002029,-0.73222517,0.0245524499498,0,inf,Intel Xeon Gold 6248,Random,1719.34222668,
50,1051732,-0.66678383,0.000262254162487,0.059,0.0199378549734,Intel Xeon Gold 6248,Reluctant,212.318956871,
50,1051735,-0.69177418,0.000263137913741,0.044,0.0267854409854,Intel Xeon Gold 6248,Reluctant,216.041424273,
50,1051738,-0.68109197,0.000254620461384,0.067,0.0168035163833,Intel Xeon Gold 6248,Reluctant,213.914944835,
50,1051741,-0.65971081,0.000254132798395,0.049,0.0235177079038,Intel Xeon Gold 6248,Reluctant,210.271614845,
50,1051744,-0.72038168,0.000258305015045,0.084,0.0135827937776,Intel Xeon Gold 6248,Reluctant,217.127983952,
50,1051747,-0.74132503,0.000254152357071,0.106,0.0104436334687,Intel Xeon Gold 6248,Reluctant,214.028986961,
50,1051750,-0.67751417,0.000253610732197,0.045,0.0252874741183,Intel Xeon Gold 6248,Reluctant,214.629388164,
50,1051753,-0.64243077,0.000258356469408,0.04,0.0293557955481,Intel Xeon Gold 6248,Reluctant,212.350752257,
50,1051756,-0.68232829,0.000251802006018,0.079,0.014121078208,Intel Xeon Gold 6248,Reluctant,213.153761284,
50,1051759,-0.77338446,0.000264956068205,0.211,0.0051560104672,Intel Xeon Gold 6248,Reluctant,214.857271815,
50,1051762,-0.74319966,0.000247975125376,0.125,0.00856123985761,Intel Xeon Gold 6248,Reluctant,214.305616851,
50,1051765,-0.704647,0.000262571815446,0.037,0.0320626176545,Intel Xeon Gold 6248,Reluctant,215.123871615,
50,1051768,-0.66862701,0.000251454663992,0.01,0.112608006723,Intel Xeon Gold 6248,Reluctant,214.44884654,
50,1051771,-0.76888424,0.000260344132397,0.098,0.0116375008617,Intel Xeon Gold 6248,Reluctant,213.228986961,
50,1051774,-0.68299128,0.000248032497492,0.035,0.0320560129827,Intel Xeon Gold 6248,Reluctant,213.469508526,
50,1051777,-0.70669458,0.000255084854564,0.099,0.0112206130525,Intel Xeon Gold 6248,Reluctant,216.482748245,
50,1051780,-0.74360907,0.000257381845537,0.076,0.0150516496809,Intel Xeon Gold 6248,Reluctant,215.925877633,
50,1051783,-0.75693531,0.000259557372116,0.108,0.0104870851802,Intel Xeon Gold 6248,Reluctant,216.949849549,
50,1051786,-0.68135939,0.000256326178536,0.026,0.0443264194447,Intel Xeon Gold 6248,Reluctant,213.623470411,
50,1051789,-0.67632198,0.00025564553661,0.016,0.0732311186849,Intel Xeon Gold 6248,Reluctant,213.597392177,
50,1051792,-0.67481365,0.000261355265797,0.085,0.0135902099708,Intel Xeon Gold 6248,Reluctant,212.833199599,
50,1051795,-0.70228259,0.000261329789368,0.064,0.0182277163465,Intel Xeon Gold 6248,Reluctant,213.69669007,
50,1051798,-0.6623572,0.000252537512538,0.013,0.0921764312421,Intel Xeon Gold 6248,Reluctant,210.808726179,
50,1051801,-0.71790243,0.000259933701103,0.098,0.0116191543966,Intel Xeon Gold 6248,Reluctant,216.651454363,
50,1051804,-0.72637204,0.000262887161484,0.087,0.0133232529689,Intel Xeon Gold 6248,Reluctant,215.304212638,
50,1051807,-0.67750704,0.000249179939819,0.061,0.0180836895404,Intel Xeon Gold 6248,Reluctant,214.595887663,
50,1051810,-0.7025142,0.00025279779338,0.05,0.0226266068302,Intel Xeon Gold 6248,Reluctant,213.442427282,
50,1051813,-0.6635698,0.000251840320963,0.011,0.106482789064,Intel Xeon Gold 6248,Reluctant,212.405215647,
50,1051816,-0.72162943,0.000255935205617,0.047,0.0245684875779,Intel Xeon Gold 6248,Reluctant,214.258375125,
50,1051819,-0.69647817,0.00025116780341,0.035,0.0327477536151,Intel Xeon Gold 6248,Reluctant,215.389167503,
50,1051822,-0.69605011,0.000247185155466,0.105,0.0102393068369,Intel Xeon Gold 6248,Reluctant,213.862988967,
50,1051825,-0.660746,0.000256374322969,0.024,0.0488655112127,Intel Xeon Gold 6248,Reluctant,212.606018054,
50,1051828,-0.65501982,0.000249437512538,0.019,0.058457586939,Intel Xeon Gold 6248,Reluctant,213.20110331,
50,1051831,-0.68945904,0.000250191574724,0.136,0.00791266252717,Intel Xeon Gold 6248,Reluctant,214.246138415,
50,1051834,-0.70098398,0.000257786760281,0.058,0.019737079596,Intel Xeon Gold 6248,Reluctant,216.356369107,
50,1051837,-0.6841626,0.000252107622869,0.066,0.0168715993983,Intel Xeon Gold 6248,Reluctant,214.461985958,
50,1051840,-0.69210419,0.000252882046138,0.107,0.0102679962599,Intel Xeon Gold 6248,Reluctant,213.610631896,
50,1051843,-0.68688263,0.000256554964895,0.048,0.024047411495,Intel Xeon Gold 6248,Reluctant,215.361384152,
50,1051846,-0.68337181,0.000258057171515,0.049,0.0235317982536,Intel Xeon Gold 6248,Reluctant,214.671313942,
50,1051849,-0.68133689,0.000256485957874,0.063,0.01818481267,Intel Xeon Gold 6248,Reluctant,218.555366098,
50,1051852,-0.69819446,0.000248398495486,0.079,0.0139672450869,Intel Xeon Gold 6248,Reluctant,209.686559679,
50,1051855,-0.68380999,0.000257106820461,0.029,0.0395570296431,Intel Xeon Gold 6248,Reluctant,217.369107322,
50,1051858,-0.677455,0.000251226278837,0.018,0.063147330035,Intel Xeon Gold 6248,Reluctant,211.27001003,
50,1051861,-0.68880842,0.000246282748245,0.046,0.0242806180294,Intel Xeon Gold 6248,Reluctant,212.297893681,
50,1051864,-0.71321941,0.000256216549649,0.091,0.0123706852081,Intel Xeon Gold 6248,Reluctant,214.005416249,
50,1051867,-0.69006321,0.000253268706118,0.068,0.0164604753919,Intel Xeon Gold 6248,Reluctant,213.585957874,
50,1051870,-0.71284854,0.000254489669007,0.016,0.0743132661535,Intel Xeon Gold 6248,Reluctant,215.974924774,
50,1051873,-0.67281501,0.000254852958877,0.051,0.0223966659452,Intel Xeon Gold 6248,Reluctant,212.993179539,
50,1051876,-0.70808742,0.000253184052156,0.01,0.121780068924,Intel Xeon Gold 6248,Reluctant,212.984854564,
50,1051879,-0.7055678,0.000250376529589,0.076,0.0145417563369,Intel Xeon Gold 6248,Reluctant,214.123570712,
50,1051882,-0.688202,0.000251852858576,0.04,0.0281809305121,Intel Xeon Gold 6248,Reluctant,213.656970913,
50,1051885,-0.70292536,0.000262296589769,0.02,0.0596088336989,Intel Xeon Gold 6248,Reluctant,215.456168506,
50,1051888,-0.7162178,0.000257269608826,0.112,0.00999929482153,Intel Xeon Gold 6248,Reluctant,215.079839519,
50,1051891,-0.70562412,0.000249184252758,0.074,0.0148378840439,Intel Xeon Gold 6248,Reluctant,213.2111334,
50,1051894,-0.6838296,0.000250562387161,0.033,0.0339669631307,Intel Xeon Gold 6248,Reluctant,212.282948847,
50,1051897,-0.67194859,0.000259240722166,0.046,0.0252737269385,Intel Xeon Gold 6248,Reluctant,217.655967904,
50,1051900,-0.72562902,0.000254970411234,0.058,0.0197310375801,Intel Xeon Gold 6248,Reluctant,214.044934804,
50,1051903,-0.67784178,0.000257945135406,0.068,0.016892712099,Intel Xeon Gold 6248,Reluctant,215.437111334,
50,1051906,-0.66721023,0.000256362387161,0.048,0.0241328457684,Intel Xeon Gold 6248,Reluctant,211.656369107,
50,1051909,-0.66387718,0.000249604212638,0.038,0.0295800025198,Intel Xeon Gold 6248,Reluctant,212.460280843,
50,1051912,-0.67752623,0.000253588264794,0.055,0.0205414785584,Intel Xeon Gold 6248,Reluctant,214.738515547,
50,1051915,-0.71076263,0.000261919859579,0.091,0.0126168589576,Intel Xeon Gold 6248,Reluctant,216.530491474,
50,1051918,-0.74306402,0.000258648746239,0.13,0.00853965992105,Intel Xeon Gold 6248,Reluctant,216.301805416,
50,1051921,-0.67841342,0.000252090571715,0.091,0.0121293723604,Intel Xeon Gold 6248,Reluctant,215.667703109,
50,1051924,-0.66685242,0.000257302306921,0.037,0.0317700527042,Intel Xeon Gold 6248,Reluctant,210.756569709,
50,1051927,-0.68721741,0.000264338214644,0.032,0.03684695339,Intel Xeon Gold 6248,Reluctant,216.360782347,
50,1051930,-0.66906063,0.000251271815446,0.038,0.0298577416263,Intel Xeon Gold 6248,Reluctant,211.347843531,
50,1051933,-0.72364341,0.000257833099298,0.107,0.0105106649623,Intel Xeon Gold 6248,Reluctant,217.32888666,
50,1051936,-0.66279861,0.000261572517553,0.021,0.0568583651243,Intel Xeon Gold 6248,Reluctant,214.055265797,
50,1051939,-0.71504247,0.000255060180542,0.092,0.0121600216123,Intel Xeon Gold 6248,Reluctant,213.018756269,
50,1051942,-0.75813505,0.000259260581745,0.086,0.0132032838403,Intel Xeon Gold 6248,Reluctant,215.336208626,
50,1051945,-0.70466488,0.000259816549649,0.092,0.0124294204945,Intel Xeon Gold 6248,Reluctant,215.914944835,
50,1051948,-0.70383825,0.000258001404213,0.105,0.0107089483452,Intel Xeon Gold 6248,Reluctant,212.648345035,
50,1051951,-0.69874258,0.000258043029087,0.049,0.0235305086295,Intel Xeon Gold 6248,Reluctant,213.253660983,
50,1051954,-0.72165643,0.000247286559679,0.101,0.0106730081395,Intel Xeon Gold 6248,Reluctant,212.865897693,
50,1051957,-0.7420388,0.000253172517553,0.042,0.0272883131287,Intel Xeon Gold 6248,Reluctant,214.010932798,
50,1051960,-0.71202861,0.000249129187563,0.103,0.010586316562,Intel Xeon Gold 6248,Reluctant,212.968605817,
50,1051963,-0.68614816,0.000250520561685,0.024,0.0465612955792,Intel Xeon Gold 6248,Reluctant,214.832898696,
50,1051966,-0.671336,0.000252779037111,0.037,0.0308668224889,Intel Xeon Gold 6248,Reluctant,212.007522568,
50,1051969,-0.71275356,0.000258340521565,0.013,0.0928001741513,Intel Xeon Gold 6248,Reluctant,215.295185557,
50,1051972,-0.73796137,0.000265740722166,0.03,0.0404661669358,Intel Xeon Gold 6248,Reluctant,214.634202608,
50,1051975,-0.86106409,0.000262573520562,0.266,0.00391190179549,Intel Xeon Gold 6248,Reluctant,215.82778335,
50,1051978,-0.69254643,0.000245762988967,0.083,0.0131366175571,Intel Xeon Gold 6248,Reluctant,214.348144433,
50,1051981,-0.69872362,0.000253966298897,0.043,0.026912149535,Intel Xeon Gold 6248,Reluctant,211.652056169,
50,1051984,-0.7220664,0.000250538014042,0.073,0.0151303860838,Intel Xeon Gold 6248,Reluctant,213.504714142,
50,1051987,-0.74627342,0.000250494182548,0.086,0.0128819110584,Intel Xeon Gold 6248,Reluctant,214.661384152,
50,1051990,-0.72064202,0.000256843430291,0.043,0.0271515796646,Intel Xeon Gold 6248,Reluctant,214.555265797,
50,1051993,-0.75253543,0.000250410431294,0.233,0.0043536873261,Intel Xeon Gold 6248,Reluctant,216.947943831,
50,1051996,-0.74668045,0.000251917652959,0.061,0.018500399141,Intel Xeon Gold 6248,Reluctant,216.420661986,
50,1051999,-0.73388262,0.000251686559679,0.037,0.0311636434391,Intel Xeon Gold 6248,Reluctant,210.895787362,
50,1052002,-0.6847764,0.000250809829488,0.049,0.0231611301359,Intel Xeon Gold 6248,Reluctant,214.634002006,
50,1052005,-0.72361726,0.00025323671013,0.12,0.00912605365136,Intel Xeon Gold 6248,Reluctant,214.245737212,
50,1052008,-0.72259943,0.000251545636911,0.044,0.0258451920784,Intel Xeon Gold 6248,Reluctant,212.82888666,
50,1052011,-0.70798719,0.000260162587763,0.106,0.0106479567097,Intel Xeon Gold 6248,Reluctant,212.780742227,
50,1052014,-0.69469057,0.000250400702106,0.042,0.0269895517601,Intel Xeon Gold 6248,Reluctant,214.131594784,
50,1052017,-0.70872163,0.000254527081244,0.051,0.0224586171223,Intel Xeon Gold 6248,Reluctant,215.767703109,
50,1052020,-0.69671678,0.000257322467402,0.112,0.00995390501058,Intel Xeon Gold 6248,Reluctant,213.261484453,
50,1052023,-0.71161241,0.000253522868606,0.076,0.0148669476861,Intel Xeon Gold 6248,Reluctant,215.417151454,
50,1052026,-0.76282765,0.00025185667001,0.181,0.00581079531369,Intel Xeon Gold 6248,Reluctant,215.887362086,
50,1052029,-0.68656836,0.000251339217653,0.031,0.0368853697307,Intel Xeon Gold 6248,Reluctant,214.15997994,
100,1101732,-0.73146374,0.00170506609829,0.022,0.351903121707,Intel Xeon Gold 6248,Reluctant,845.389468405,
100,1101735,-0.76029231,0.00171270250752,0.008,1.0445346824,Intel Xeon Gold 6248,Reluctant,848.104513541,
100,1101738,-0.74355136,0.00171077131394,0.011,0.723346048249,Intel Xeon Gold 6248,Reluctant,847.062286861,
100,1101741,-0.75279342,0.00170343701103,0.03,0.255033858189,Intel Xeon Gold 6248,Reluctant,845.222066199,
100,1101744,-0.72449568,0.00169282818455,0.01,0.797371499527,Intel Xeon Gold 6248,Reluctant,843.742427282,
100,1101747,-0.69158517,0.00169762126379,0.007,1.15942718623,Intel Xeon Gold 6248,Reluctant,840.049147442,
100,1101750,-0.72912193,0.00170828746239,0.019,0.411046231207,Intel Xeon Gold 6248,Reluctant,847.314944835,
100,1101753,-0.70186623,0.00169840140421,0.003,2.28960565617,Intel Xeon Gold 6248,Reluctant,843.676930792,
100,1101756,-0.71960054,0.00169995476429,0.007,1.17867156663,Intel Xeon Gold 6248,Reluctant,844.938716148,
100,1101759,-0.73880462,0.00170251434303,0.008,0.961117348827,Intel Xeon Gold 6248,Reluctant,847.263891675,
100,1101762,-0.71952199,0.0017056887663,0.01,0.763852254769,Intel Xeon Gold 6248,Reluctant,840.537913741,
100,1101765,-0.74321783,0.00168999358074,0.026,0.291124004949,Intel Xeon Gold 6248,Reluctant,842.724674022,
100,1101768,-0.74495475,0.0016991779338,0.014,0.53785082734,Intel Xeon Gold 6248,Reluctant,846.403711133,
100,1101771,-0.72723954,0.00169107392177,0.014,0.558729008343,Intel Xeon Gold 6248,Reluctant,844.701504514,
100,1101774,-0.71075913,0.00171498375125,0.012,0.674845010614,Intel Xeon Gold 6248,Reluctant,844.724573721,
100,1101777,-0.72976431,0.00170872617854,0.013,0.608976408699,Intel Xeon Gold 6248,Reluctant,847.61664995,
100,1101780,-0.74268054,0.00171133921765,0.039,0.196476145906,Intel Xeon Gold 6248,Reluctant,849.265797392,
100,1101783,-0.70662917,0.0017073889669,0.004,2.17362964249,Intel Xeon Gold 6248,Reluctant,842.861283852,
100,1101786,-0.75315866,0.00171674944835,0.006,1.30974399585,Intel Xeon Gold 6248,Reluctant,846.238214644,
100,1101789,-0.73306064,0.00171729338014,0.019,0.406694584648,Intel Xeon Gold 6248,Reluctant,846.840822467,
100,1101792,-0.73091506,0.00170303059178,0.014,0.558603082144,Intel Xeon Gold 6248,Reluctant,842.476228686,
100,1101795,-0.72806438,0.00170636820461,0.004,2.05778992405,Intel Xeon Gold 6248,Reluctant,840.829789368,
100,1101798,-0.72107309,0.00169503510532,0.007,1.07699612216,Intel Xeon Gold 6248,Reluctant,840.391574724,
100,1101801,-0.77959071,0.00171073169509,0.099,0.0754116939787,Intel Xeon Gold 6248,Reluctant,851.967703109,
100,1101804,-0.74748758,0.00169141524574,0.032,0.235771807746,Intel Xeon Gold 6248,Reluctant,850.853660983,
100,1101807,-0.73635243,0.00171975707121,0.014,0.580921090942,Intel Xeon Gold 6248,Reluctant,847.552958877,
100,1101810,-0.72323375,0.00170761925777,0.016,0.501882674782,Intel Xeon Gold 6248,Reluctant,844.412337011,
100,1101813,-0.72769259,0.00171161464393,0.038,0.205039725244,Intel Xeon Gold 6248,Reluctant,845.928184554,
100,1101816,-0.70120292,0.00169977041123,0.002,3.71239372274,Intel Xeon Gold 6248,Reluctant,835.639217653,
100,1101819,-0.73943953,0.00171123139418,0.011,0.697558598521,Intel Xeon Gold 6248,Reluctant,850.344032096,
100,1101822,-0.74900077,0.00169873570712,0.01,0.817082078177,Intel Xeon Gold 6248,Reluctant,846.319057172,
100,1101825,-0.72050001,0.00170961253761,0.013,0.586237932564,Intel Xeon Gold 6248,Reluctant,846.943029087,
100,1101828,-0.71397265,0.00170688585757,0.025,0.314627302166,Intel Xeon Gold 6248,Reluctant,846.816950853,
100,1101831,-0.73790648,0.00169826008024,0.024,0.315635527218,Intel Xeon Gold 6248,Reluctant,843.808024072,
100,1101834,-0.72949083,0.00169701975928,0.014,0.564814814634,Intel Xeon Gold 6248,Reluctant,841.091875627,
100,1101837,-0.71715745,0.0017160440321,0.011,0.699520400397,Intel Xeon Gold 6248,Reluctant,846.404513541,
100,1101840,-0.69353709,0.00169955215647,0.004,1.89931486096,Intel Xeon Gold 6248,Reluctant,839.967602808,
100,1101843,-0.72370577,0.00171274533601,0.032,0.241013604719,Intel Xeon Gold 6248,Reluctant,843.414744233,
100,1101846,-0.71478969,0.00169698284855,0.005,1.52382453346,Intel Xeon Gold 6248,Reluctant,840.260581745,
100,1101849,-0.74762662,0.00172506609829,0.028,0.280915292776,Intel Xeon Gold 6248,Reluctant,854.564894684,
100,1101852,-0.74452471,0.00171925015045,0.022,0.363175139224,Intel Xeon Gold 6248,Reluctant,847.617051153,
100,1101855,-0.79419321,0.00171645025075,0.177,0.0406463354827,Intel Xeon Gold 6248,Reluctant,848.370411234,
100,1101858,-0.73230873,0.00169495396189,0.007,1.15760549466,Intel Xeon Gold 6248,Reluctant,840.270310933,
100,1101861,-0.71794139,0.00170197893681,0.024,0.320313570497,Intel Xeon Gold 6248,Reluctant,839.086760281,
100,1101864,-0.71651458,0.00169548445336,0.01,0.751872786769,Intel Xeon Gold 6248,Reluctant,837.223470411,
100,1101867,-0.76150761,0.00170739498495,0.071,0.106121943391,Intel Xeon Gold 6248,Reluctant,849.654764293,
100,1101870,-0.71627177,0.00169262878636,0.017,0.45867839007,Intel Xeon Gold 6248,Reluctant,844.016549649,
100,1101873,-0.72277716,0.00170399127382,0.006,1.32211122905,Intel Xeon Gold 6248,Reluctant,845.313440321,
100,1101876,-0.71836202,0.00170719859579,0.018,0.426735764901,Intel Xeon Gold 6248,Reluctant,841.151755266,
100,1101879,-0.71319888,0.00170551644935,0.002,4.60232527082,Intel Xeon Gold 6248,Reluctant,846.194383149,
100,1101882,-0.72267091,0.00170305997994,0.014,0.558612721618,Intel Xeon Gold 6248,Reluctant,843.386058175,
100,1101885,-0.72582354,0.001684167001,0.016,0.482439221006,Intel Xeon Gold 6248,Reluctant,840.332898696,
100,1101888,-0.72354854,0.00169378615848,0.023,0.337171410839,Intel Xeon Gold 6248,Reluctant,841.507923771,
100,1101891,-0.7394078,0.00169475957874,0.012,0.628710924597,Intel Xeon Gold 6248,Reluctant,840.790772317,
100,1101894,-0.71977149,0.00170056308927,0.02,0.392410791705,Intel Xeon Gold 6248,Reluctant,839.500300903,
100,1101897,-0.71213819,0.00171656569709,0.007,1.15506676757,Intel Xeon Gold 6248,Reluctant,843.147943831,
100,1101900,-0.73218811,0.00170534072217,0.007,1.08354413368,Intel Xeon Gold 6248,Reluctant,846.241223671,
100,1101903,-0.73717461,0.00170167602808,0.01,0.762055245143,Intel Xeon Gold 6248,Reluctant,843.78224674,
100,1101906,-0.7170221,0.00169392417252,0.011,0.736798109989,Intel Xeon Gold 6248,Reluctant,837.634002006,
100,1101909,-0.72777727,0.00170349608826,0.027,0.284670415498,Intel Xeon Gold 6248,Reluctant,842.006419258,
100,1101912,-0.71722646,0.00169726539619,0.015,0.529832115942,Intel Xeon Gold 6248,Reluctant,847.096489468,
100,1101915,-0.72154436,0.00169456449348,0.006,1.41070299818,Intel Xeon Gold 6248,Reluctant,846.158676028,
100,1101918,-0.70019648,0.00169361945838,0.007,1.17427895272,Intel Xeon Gold 6248,Reluctant,841.186459378,
100,1101921,-0.71412659,0.00169893149448,0.015,0.502597205913,Intel Xeon Gold 6248,Reluctant,844.987462387,
100,1101924,-0.71887675,0.00170470531595,0.012,0.670800452887,Intel Xeon Gold 6248,Reluctant,844.824774323,
100,1101927,-0.71346849,0.00170350090271,0.006,1.32173075459,Intel Xeon Gold 6248,Reluctant,844.047943831,
100,1101930,-0.73601602,0.00171114162487,0.012,0.673333136338,Intel Xeon Gold 6248,Reluctant,844.314042126,
100,1101933,-0.73136608,0.00169915336008,0.008,1.0362713942,Intel Xeon Gold 6248,Reluctant,849.376529589,
100,1101936,-0.71981555,0.00169617713139,0.01,0.744909774665,Intel Xeon Gold 6248,Reluctant,843.044332999,
100,1101939,-0.71719872,0.00169937121364,0.004,2.1048457006,Intel Xeon Gold 6248,Reluctant,842.418254764,
100,1101942,-0.7295199,0.00170523400201,0.022,0.351937774815,Intel Xeon Gold 6248,Reluctant,839.535105316,
100,1101945,-0.70968312,0.00170031925777,0.024,0.322712082581,Intel Xeon Gold 6248,Reluctant,839.268104313,
100,1101948,-0.71393377,0.00168870190572,0.001,5.53427455967,Intel Xeon Gold 6248,Reluctant,838.537512538,
100,1101951,-0.71187365,0.00170393440321,0.023,0.339191558411,Intel Xeon Gold 6248,Reluctant,839.690972919,
100,1101954,-0.77353633,0.00172010842528,0.084,0.0903377945467,Intel Xeon Gold 6248,Reluctant,853.780842528,
100,1101957,-0.69714599,0.00168995255767,0.011,0.714543489454,Intel Xeon Gold 6248,Reluctant,841.570912738,
100,1101960,-0.7444894,0.00170091594784,0.026,0.293005528814,Intel Xeon Gold 6248,Reluctant,845.629689067,
100,1101963,-0.71136175,0.0016959892678,0.03,0.252222326122,Intel Xeon Gold 6248,Reluctant,842.326379137,
100,1101966,-0.73254276,0.00170667442327,0.014,0.572233858293,Intel Xeon Gold 6248,Reluctant,843.340722166,
100,1101969,-0.74476836,0.00170950371113,0.026,0.302645792096,Intel Xeon Gold 6248,Reluctant,849.513841525,
100,1101972,-0.73985703,0.00171977031093,0.01,0.777823011799,Intel Xeon Gold 6248,Reluctant,849.315646941,
100,1101975,-0.73296455,0.00170736529589,0.008,1.01413105099,Intel Xeon Gold 6248,Reluctant,847.52998997,
100,1101978,-0.75162818,0.00170123119358,0.011,0.71267704246,Intel Xeon Gold 6248,Reluctant,839.76108325,
100,1101981,-0.71113727,0.00169568776329,0.009,0.861145626985,Intel Xeon Gold 6248,Reluctant,842.545636911,
100,1101984,-0.71840353,0.00171160070211,0.003,2.30739955757,Intel Xeon Gold 6248,Reluctant,844.404814443,
100,1101987,-0.76107976,0.0017123883651,0.026,0.296122874991,Intel Xeon Gold 6248,Reluctant,850.115045135,
100,1101990,-0.76639668,0.00171810912738,0.051,0.150381984849,Intel Xeon Gold 6248,Reluctant,853.411835507,
100,1101993,-0.73824693,0.00170437061184,0.03,0.258652001648,Intel Xeon Gold 6248,Reluctant,841.479638917,
100,1101996,-0.73956361,0.00169371985958,0.006,1.21116909815,Intel Xeon Gold 6248,Reluctant,844.400601805,
100,1101999,-0.71177648,0.00172082036108,0.012,0.671320177656,Intel Xeon Gold 6248,Reluctant,845.06439318,
100,1102002,-0.70195935,0.00169248254764,0.014,0.543332165062,Intel Xeon Gold 6248,Reluctant,839.07662989,
100,1102005,-0.71515411,0.00170230330993,0.002,4.59365463458,Intel Xeon Gold 6248,Reluctant,843.12337011,
100,1102008,-0.72347237,0.00170032988967,0.021,0.367824173271,Intel Xeon Gold 6248,Reluctant,844.455667001,
100,1102011,-0.72489758,0.0017016334002,0.004,2.22830882433,Intel Xeon Gold 6248,Reluctant,845.035807422,
100,1102014,-0.73889285,0.00168882316951,0.007,1.0439424795,Intel Xeon Gold 6248,Reluctant,841.261785356,
100,1102017,-0.69855788,0.00171191524574,0.005,1.74272410137,Intel Xeon Gold 6248,Reluctant,838.061384152,
100,1102020,-0.68722597,0.00168217632899,0.005,1.67513847633,Intel Xeon Gold 6248,Reluctant,832.287863591,
100,1102023,-0.73834488,0.00172460962889,0.002,4.65384809414,Intel Xeon Gold 6248,Reluctant,853.272918756,
100,1102026,-0.73065683,0.00170644613842,0.009,0.857042720043,Intel Xeon Gold 6248,Reluctant,844.177632899,
100,1102029,-0.72947339,0.00171772457372,0.012,0.637230329597,Intel Xeon Gold 6248,Reluctant,846.478736209,
200,1201732,-0.73652191,0.00981361875627,0,150.170083373,Intel Xeon Gold 6248,Reluctant,3147.77713139,
200,1201735,-0.75235244,0.00980303400201,0.001,40.8948835257,Intel Xeon Gold 6248,Reluctant,3150.43159478,
200,1201738,-0.74461566,0.00981360962889,0,150.169943703,Intel Xeon Gold 6248,Reluctant,3146.4893681,
200,1201741,-0.75144124,0.00976189739218,0.002,27.9902246541,Intel Xeon Gold 6248,Reluctant,3137.84202608,
200,1201744,-0.75860149,0.00985447642929,0.004,12.9045520522,Intel Xeon Gold 6248,Reluctant,3168.06098295,
200,1201747,-0.73829702,0.00979698355065,0.003,16.0422261202,Intel Xeon Gold 6248,Reluctant,3142.50992979,
200,1201750,-0.74093678,0.00976789458375,0.001,34.4758640592,Intel Xeon Gold 6248,Reluctant,3137.82908726,
200,1201753,-0.7657566,0.00983050491474,0.007,6.16025926345,Intel Xeon Gold 6248,Reluctant,3171.15356068,
200,1201756,-0.75222146,0.00980037883651,0.007,6.79513838805,Intel Xeon Gold 6248,Reluctant,3152.48254764,
200,1201759,-0.749979,0.00978485275827,0.005,9.3369783925,Intel Xeon Gold 6248,Reluctant,3147.8441324,
200,1201762,-0.73835666,0.00977971043129,0.001,40.7975856169,Intel Xeon Gold 6248,Reluctant,3133.13259779,
200,1201765,-0.72923059,0.00976756258776,0.002,29.8750664821,Intel Xeon Gold 6248,Reluctant,3133.30972919,
200,1201768,-0.72667117,0.00972686499498,0.001,89.2965753372,Intel Xeon Gold 6248,Reluctant,3121.90330993,
200,1201771,-0.74042962,0.00974939398195,0.002,18.6287611907,Intel Xeon Gold 6248,Reluctant,3125.13911735,
200,1201774,-0.74203858,0.00974992296891,0.002,21.2943775158,Intel Xeon Gold 6248,Reluctant,3134.62678034,
200,1201777,-0.74368217,0.00982317542628,0.001,37.5621121135,Intel Xeon Gold 6248,Reluctant,3156.03931795,
200,1201780,-0.75779177,0.00981166910732,0.002,26.476726565,Intel Xeon Gold 6248,Reluctant,3164.12347041,
200,1201783,-0.72474148,0.0097057444333,0.001,44.5401630421,Intel Xeon Gold 6248,Reluctant,3118.52718154,
200,1201786,-0.72374253,0.00973209217653,0.002,23.4952085982,Intel Xeon Gold 6248,Reluctant,3136.56308927,
200,1201789,-0.75584284,0.00978342627884,0.005,8.29581910204,Intel Xeon Gold 6248,Reluctant,3145.85376128,
200,1201792,-0.73080072,0.00983420421264,0.001,50.1465963783,Intel Xeon Gold 6248,Reluctant,3152.69227683,
200,1201795,-0.7542584,0.00980430952859,0.002,26.4568667887,Intel Xeon Gold 6248,Reluctant,3162.11454363,
200,1201798,-0.74214112,0.0097997115346,0.001,56.2198715268,Intel Xeon Gold 6248,Reluctant,3150.07642929,
200,1201801,-0.75205507,0.00980894924774,0.001,45.0137752718,Intel Xeon Gold 6248,Reluctant,3163.29307924,
200,1201804,-0.71962246,0.00975128696088,0,149.21626897,Intel Xeon Gold 6248,Reluctant,3126.32016048,
200,1201807,-0.74027116,0.00979726539619,0.001,40.8708188878,Intel Xeon Gold 6248,Reluctant,3147.43269809,
200,1201810,-0.74409367,0.00977565917753,0.001,37.3804182533,Intel Xeon Gold 6248,Reluctant,3138.78525577,
200,1201813,-0.74557809,0.00983141434303,0.003,17.3387025606,Intel Xeon Gold 6248,Reluctant,3153.12146439,
200,1201816,-0.7313144,0.00978003420261,0.001,40.7989362794,Intel Xeon Gold 6248,Reluctant,3132.04974925,
200,1201819,-0.73983021,0.0097909663992,0.003,13.5998064499,Intel Xeon Gold 6248,Reluctant,3140.82337011,
200,1201822,-0.72531129,0.00975039388164,0.001,40.6752870629,Intel Xeon Gold 6248,Reluctant,3120.18264794,
200,1201825,-0.75781759,0.00985035045135,0.002,30.1282814379,Intel Xeon Gold 6248,Reluctant,3170.64343029,
200,1201828,-0.74273532,0.0097671552658,0.002,22.3997397648,Intel Xeon Gold 6248,Reluctant,3136.05125376,
200,1201831,-0.75413751,0.00986184072217,0.002,20.5587423249,Intel Xeon Gold 6248,Reluctant,3168.36128385,
200,1201834,-0.73900409,0.00976356469408,0.002,26.3469171124,Intel Xeon Gold 6248,Reluctant,3135.95005015,
200,1201837,-0.75564315,0.00975935205617,0.008,5.44196643912,Intel Xeon Gold 6248,Reluctant,3136.41685055,
200,1201840,-0.74403241,0.00981934302909,0.002,21.445994813,Intel Xeon Gold 6248,Reluctant,3139.51975928,
200,1201843,-0.72746007,0.00975771795386,0.001,49.7565774744,Intel Xeon Gold 6248,Reluctant,3131.65687061,
200,1201846,-0.7293436,0.00975896268806,0.001,89.5912452097,Intel Xeon Gold 6248,Reluctant,3130.56198596,
200,1201849,-0.75911677,0.00976095616851,0.007,6.47257271856,Intel Xeon Gold 6248,Reluctant,3128.2893681,
200,1201852,-0.71384422,0.0096950336008,0.001,74.1665705396,Intel Xeon Gold 6248,Reluctant,3108.7449348,
200,1201855,-0.73512162,0.00976501043129,0.003,13.9883239038,Intel Xeon Gold 6248,Reluctant,3136.18826479,
200,1201858,-0.73746241,0.00975926479438,0.002,18.6476219535,Intel Xeon Gold 6248,Reluctant,3134.09598796,
200,1201861,-0.75307319,0.00981482507523,0.003,18.0027282725,Intel Xeon Gold 6248,Reluctant,3158.83069208,
200,1201864,-0.75890585,0.00980239789368,0.012,3.75942476438,Intel Xeon Gold 6248,Reluctant,3149.31725176,
200,1201867,-0.72932189,0.00972691434303,0.002,29.7507397626,Intel Xeon Gold 6248,Reluctant,3119.98174524,
200,1201870,-0.7282616,0.00976890280843,0,112.108748724,Intel Xeon Gold 6248,Reluctant,3127.35346038,
200,1201873,-0.75026025,0.0097629227683,0.009,4.74610594088,Intel Xeon Gold 6248,Reluctant,3129.17562688,
200,1201876,-0.74004923,0.00979464072217,0.001,32.0993484914,Intel Xeon Gold 6248,Reluctant,3152.15075226,
200,1201879,-0.74839221,0.00981534353059,0.002,21.4372596844,Intel Xeon Gold 6248,Reluctant,3154.37452357,
200,1201882,-0.73723437,0.00979729869609,0,449.806172258,Intel Xeon Gold 6248,Reluctant,3141.37021063,
200,1201885,-0.74124072,0.00984235325978,0.003,15.040570647,Intel Xeon Gold 6248,Reluctant,3147.67271815,
200,1201888,-0.74595385,0.00975600992979,0.012,3.7102657708,Intel Xeon Gold 6248,Reluctant,3130.53540622,
200,1201891,-0.73887797,0.00974463570712,0.001,74.5460244196,Intel Xeon Gold 6248,Reluctant,3128.74242728,
200,1201894,-0.72980405,0.00976956288867,0.001,32.0171625144,Intel Xeon Gold 6248,Reluctant,3135.98826479,
200,1201897,-0.72123666,0.0097089217653,0.002,26.1994635173,Intel Xeon Gold 6248,Reluctant,3114.82758275,
200,1201900,-0.73859027,0.00978736579739,0.001,74.8729076863,Intel Xeon Gold 6248,Reluctant,3143.49137412,
200,1201903,-0.7381583,0.00976835145436,0.001,89.6774379015,Intel Xeon Gold 6248,Reluctant,3136.57061184,
200,1201906,-0.72539717,0.00974401514544,0.001,55.9003474436,Intel Xeon Gold 6248,Reluctant,3120.66569709,
200,1201909,-0.72777948,0.00978963701103,0.001,64.188449691,Intel Xeon Gold 6248,Reluctant,3143.78726179,
200,1201912,-0.73536109,0.00971799237713,0.001,34.2997338116,Intel Xeon Gold 6248,Reluctant,3126.6552658,
200,1201915,-0.74148359,0.00980875275827,0.001,32.1455969632,Intel Xeon Gold 6248,Reluctant,3138.53400201,
200,1201918,-0.74618667,0.00978616118355,0.001,32.0715590428,Intel Xeon Gold 6248,Reluctant,3154.80732197,
200,1201921,-0.74327089,0.00978885175527,0.003,13.5968691762,Intel Xeon Gold 6248,Reluctant,3153.39719157,
200,1201924,-0.73036499,0.00979845225677,0.002,28.0950381787,Intel Xeon Gold 6248,Reluctant,3142.02407222,
200,1201927,-0.73692278,0.00975879739218,0.001,31.9818814426,Intel Xeon Gold 6248,Reluctant,3132.44322969,
200,1201930,-0.74698193,0.00982040611836,0.002,20.4723646022,Intel Xeon Gold 6248,Reluctant,3151.13991976,
200,1201933,-0.73826335,0.00979812036108,0.002,28.0940865363,Intel Xeon Gold 6248,Reluctant,3137.43089268,
200,1201936,-0.74018582,0.00981714754263,0.001,64.3688300638,Intel Xeon Gold 6248,Reluctant,3146.71885657,
200,1201939,-0.73461106,0.00982415977934,0.002,25.0363732983,Intel Xeon Gold 6248,Reluctant,3150.47973922,
200,1201942,-0.73522618,0.00975397532598,0.001,49.7374930579,Intel Xeon Gold 6248,Reluctant,3139.2994985,
200,1201945,-0.73644394,0.00977994744233,0.002,22.4290770097,Intel Xeon Gold 6248,Reluctant,3142.04302909,
200,1201948,-0.73483904,0.00975290982949,0.004,10.6392101864,Intel Xeon Gold 6248,Reluctant,3131.38595787,
200,1201951,-0.74869267,0.00979403530592,0.002,26.4291418643,Intel Xeon Gold 6248,Reluctant,3154.46238716,
200,1201954,-0.74424298,0.00981693801404,0.001,50.0585525393,Intel Xeon Gold 6248,Reluctant,3153.80180542,
200,1201957,-0.74091341,0.00979714523571,0,149.918002054,Intel Xeon Gold 6248,Reluctant,3150.60872618,
200,1201960,-0.74804658,0.00981154383149,0.002,18.7475146955,Intel Xeon Gold 6248,Reluctant,3150.98956871,
200,1201963,-0.74668976,0.00983971865597,0.002,28.2133610556,Intel Xeon Gold 6248,Reluctant,3160.20641926,
200,1201966,-0.728459,0.00977471354062,0.001,34.4999316234,Intel Xeon Gold 6248,Reluctant,3125.56339017,
200,1201969,-0.72804173,0.0097463997994,0.001,63.9049530118,Intel Xeon Gold 6248,Reluctant,3122.84633902,
200,1201972,-0.73705991,0.00977141013039,0.003,14.9321590587,Intel Xeon Gold 6248,Reluctant,3139.36950853,
200,1201975,-0.74350332,0.0097516782347,0.001,40.6806449418,Intel Xeon Gold 6248,Reluctant,3137.79769308,
200,1201978,-0.75457039,0.00979269317954,0.004,11.2178682865,Intel Xeon Gold 6248,Reluctant,3146.88455366,
200,1201981,-0.75140857,0.00980202016048,0.005,9.7610106822,Intel Xeon Gold 6248,Reluctant,3158.14994985,
200,1201984,-0.74551431,0.00976791614845,0.001,34.4759401719,Intel Xeon Gold 6248,Reluctant,3142.55325978,
200,1201987,-0.74649567,0.00979861213641,0.003,13.2094555001,Intel Xeon Gold 6248,Reluctant,3157.30060181,
200,1201990,-0.73462158,0.00978786429288,0.001,40.8316007208,Intel Xeon Gold 6248,Reluctant,3148.79267803,
200,1201993,-0.75665696,0.0098331661986,0.002,22.5511275207,Intel Xeon Gold 6248,Reluctant,3170.41965898,
200,1201996,-0.74209784,0.00981944102307,0.003,17.3175863889,Intel Xeon Gold 6248,Reluctant,3148.82016048,
200,1201999,-0.74716731,0.00979101795386,0.002,23.6374671593,Intel Xeon Gold 6248,Reluctant,3141.38104313,
200,1202002,-0.75652941,0.00978314714142,0.002,20.3946917085,Intel Xeon Gold 6248,Reluctant,3146.97231695,
200,1202005,-0.73604615,0.00979701263791,0,112.431339487,Intel Xeon Gold 6248,Reluctant,3147.84252758,
200,1202008,-0.73382271,0.00977768254764,0.001,34.510410758,Intel Xeon Gold 6248,Reluctant,3135.50782347,
200,1202011,-0.76351828,0.0098170555667,0,112.66135382,Intel Xeon Gold 6248,Reluctant,3160.7002006,
200,1202014,-0.73485968,0.00977218605817,0.001,89.7126411236,Intel Xeon Gold 6248,Reluctant,3134.50782347,
200,1202017,-0.75548541,0.00979600742227,0.009,5.03099941703,Intel Xeon Gold 6248,Reluctant,3149.56469408,
200,1202020,-0.74306224,0.00976834734203,0.005,8.439741764,Intel Xeon Gold 6248,Reluctant,3131.81484453,
200,1202023,-0.73437548,0.00981399007021,0,225.274947665,Intel Xeon Gold 6248,Reluctant,3143.16469408,
200,1202026,-0.7380906,0.0097937448345,0.002,28.0815406175,Intel Xeon Gold 6248,Reluctant,3143.49277834,
200,1202029,-0.7484625,0.00980084513541,0.003,14.493277825,Intel Xeon Gold 6248,Reluctant,3147.39799398,
300,1301732,-0.7416603,0.0293876055165,0.001,134.861241208,Intel Xeon Gold 6248,Reluctant,6584.24282849,
300,1301735,-0.75004592,0.029574285657,0,678.862074032,Intel Xeon Gold 6248,Reluctant,6639.09388164,
300,1301738,-0.74054127,0.029610877332,0,679.702016565,Intel Xeon Gold 6248,Reluctant,6644.93149448,
300,1301741,-0.73438406,0.0294712820461,0,inf,Intel Xeon Gold 6248,Reluctant,6607.42106319,
300,1301744,-0.7442588,0.0296738362086,0,1362.36273847,Intel Xeon Gold 6248,Reluctant,6677.27592778,
300,1301747,-0.7404274,0.0294680945838,0,1352.9168845,Intel Xeon Gold 6248,Reluctant,6609.1776329,
300,1301750,-0.75378395,0.0295195251755,0.001,271.001242961,Intel Xeon Gold 6248,Reluctant,6627.10692076,
300,1301753,-0.73677919,0.0295294910732,0,inf,Intel Xeon Gold 6248,Reluctant,6623.26108325,
300,1301756,-0.75434151,0.0296504481444,0,453.717469617,Intel Xeon Gold 6248,Reluctant,6660.90080241,
300,1301759,-0.7557276,0.0295386762287,0,338.988328157,Intel Xeon Gold 6248,Reluctant,6643.88545637,
300,1301762,-0.74169621,0.0295278317954,0,inf,Intel Xeon Gold 6248,Reluctant,6636.08996991,
300,1301765,-0.7597031,0.0296331172518,0.001,226.692012782,Intel Xeon Gold 6248,Reluctant,6688.34543631,
300,1301768,-0.7502693,0.0296149150451,0,339.863251215,Intel Xeon Gold 6248,Reluctant,6661.43671013,
300,1301771,-0.75915796,0.029627368004,0.002,90.6182664156,Intel Xeon Gold 6248,Reluctant,6671.10411234,
300,1301774,-0.7527514,0.0295331285858,0,338.924662941,Intel Xeon Gold 6248,Reluctant,6654.28946841,
300,1301777,-0.7396483,0.0294324593781,0,675.606526868,Intel Xeon Gold 6248,Reluctant,6602.67472417,
300,1301780,-0.73864963,0.0294385689067,0,1351.56132394,Intel Xeon Gold 6248,Reluctant,6618.79338014,
300,1301783,-0.73778186,0.0295421765296,0,inf,Intel Xeon Gold 6248,Reluctant,6637.98585757,
300,1301786,-0.75411423,0.0294987053159,0,338.529618607,Intel Xeon Gold 6248,Reluctant,6622.87843531,
300,1301789,-0.75709017,0.0295001884654,0,451.418164021,Intel Xeon Gold 6248,Reluctant,6641.62046138,
300,1301792,-0.75040454,0.0295526716148,0,1356.79992122,Intel Xeon Gold 6248,Reluctant,6660.71574724,
300,1301795,-0.74962824,0.0296166786359,0,679.835182425,Intel Xeon Gold 6248,Reluctant,6667.56830491,
300,1301798,-0.74752042,0.0296280430291,0,680.096046056,Intel Xeon Gold 6248,Reluctant,6661.15295888,
300,1301801,-0.77263163,0.0296227725176,0.002,71.5152720434,Intel Xeon Gold 6248,Reluctant,6681.56339017,
300,1301804,-0.74242664,0.02955398666,0,inf,Intel Xeon Gold 6248,Reluctant,6650.42908726,
300,1301807,-0.75414468,0.0296379454363,0.002,64.7309318162,Intel Xeon Gold 6248,Reluctant,6668.68375125,
300,1301810,-0.74418557,0.0296639397192,0,1361.90837833,Intel Xeon Gold 6248,Reluctant,6651.88425276,
300,1301813,-0.74789445,0.0296021589769,0,1359.07194759,Intel Xeon Gold 6248,Reluctant,6659.90401204,
300,1301816,-0.75287272,0.0296958893681,0,1363.37522646,Intel Xeon Gold 6248,Reluctant,6671.27171515,
300,1301819,-0.74265487,0.0294763209629,0.001,270.604610723,Intel Xeon Gold 6248,Reluctant,6624.59789368,
300,1301822,-0.73575867,0.0293756642929,0,inf,Intel Xeon Gold 6248,Reluctant,6594.08044132,
300,1301825,-0.74132046,0.0294793932798,0,676.68386974,Intel Xeon Gold 6248,Reluctant,6613.08034102,
300,1301828,-0.75492331,0.0296780663992,0.001,194.592411327,Intel Xeon Gold 6248,Reluctant,6683.54312939,
300,1301831,-0.76074305,0.0296263435306,0,339.994405473,Intel Xeon Gold 6248,Reluctant,6658.93681043,
300,1301834,-0.74067252,0.0295272869609,0,1355.63448018,Intel Xeon Gold 6248,Reluctant,6633.75376128,
300,1301837,-0.74591443,0.0294379253761,0,1351.53177865,Intel Xeon Gold 6248,Reluctant,6618.15456369,
300,1301840,-0.73112683,0.0294988185557,0,1354.32746028,Intel Xeon Gold 6248,Reluctant,6624.27171515,
300,1301843,-0.7494565,0.0295362601805,0.001,169.446288992,Intel Xeon Gold 6248,Reluctant,6645.45295888,
300,1301846,-0.74977715,0.0294589967904,0.002,56.2891003422,Intel Xeon Gold 6248,Reluctant,6620.75827482,
300,1301849,-0.75169128,0.0294482287864,0,inf,Intel Xeon Gold 6248,Reluctant,6613.00411234,
300,1301852,-0.73762222,0.029555728987,0,inf,Intel Xeon Gold 6248,Reluctant,6628.8335005,
300,1301855,-0.74171969,0.0294240634905,0,inf,Intel Xeon Gold 6248,Reluctant,6607.05656971,
300,1301858,-0.74864777,0.0296074074223,0,339.777093105,Intel Xeon Gold 6248,Reluctant,6660.68294885,
300,1301861,-0.7429542,0.0294822839519,0,1353.56833604,Intel Xeon Gold 6248,Reluctant,6642.73079238,
300,1301864,-0.737226,0.0294821486459,0,inf,Intel Xeon Gold 6248,Reluctant,6621.76198596,
300,1301867,-0.73869875,0.0294910671013,0,1353.97158136,Intel Xeon Gold 6248,Reluctant,6635.70080241,
300,1301870,-0.74389471,0.0294584685055,0.001,225.355957737,Intel Xeon Gold 6248,Reluctant,6611.48645938,
300,1301873,-0.7460643,0.0294703968907,0,450.962287002,Intel Xeon Gold 6248,Reluctant,6639.97331996,
300,1301876,-0.76064767,0.0296617664995,0.001,194.485536548,Intel Xeon Gold 6248,Reluctant,6690.47151454,
300,1301879,-0.73422921,0.0294667008024,0,338.162332123,Intel Xeon Gold 6248,Reluctant,6610.82808425,
300,1301882,-0.74186727,0.029504493681,0,1354.58801234,Intel Xeon Gold 6248,Reluctant,6631.18385155,
300,1301885,-0.7473615,0.0296273385155,0.001,226.647805711,Intel Xeon Gold 6248,Reluctant,6667.93029087,
300,1301888,-0.74576452,0.0295302002006,0,1355.76823064,Intel Xeon Gold 6248,Reluctant,6640.29327984,
300,1301891,-0.75041257,0.0295502160481,0,678.309568901,Intel Xeon Gold 6248,Reluctant,6632.63189569,
300,1301894,-0.74705868,0.0295848281846,0,679.104072173,Intel Xeon Gold 6248,Reluctant,6660.97923771,
300,1301897,-0.74669599,0.0295425826479,0,1356.3367242,Intel Xeon Gold 6248,Reluctant,6645.70200602,
300,1301900,-0.74841622,0.0295816253761,0.001,193.960069213,Intel Xeon Gold 6248,Reluctant,6643.87873621,
300,1301903,-0.75902695,0.0295615742227,0.001,193.828598307,Intel Xeon Gold 6248,Reluctant,6646.0662989,
300,1301906,-0.75763782,0.0295913418255,0,inf,Intel Xeon Gold 6248,Reluctant,6652.27211635,
300,1301909,-0.74580782,0.0295394328987,0,338.997011766,Intel Xeon Gold 6248,Reluctant,6655.46830491,
300,1301912,-0.73249853,0.0294772716148,0,1353.33821342,Intel Xeon Gold 6248,Reluctant,6609.61534604,
300,1301915,-0.74331795,0.0294695355065,0,676.457589771,Intel Xeon Gold 6248,Reluctant,6619.65356068,
300,1301918,-0.75003955,0.02959084333,0,452.805384058,Intel Xeon Gold 6248,Reluctant,6629.77261785,
300,1301921,-0.75324307,0.0295893089268,0.001,150.881871047,Intel Xeon Gold 6248,Reluctant,6658.63179539,
300,1301924,-0.74844135,0.0295907095286,0,1358.54628917,Intel Xeon Gold 6248,Reluctant,6632.35135406,
300,1301927,-0.7383132,0.0294586156469,0,1352.48169472,Intel Xeon Gold 6248,Reluctant,6607.44002006,
300,1301930,-0.74447685,0.0295832192578,0.001,193.970519937,Intel Xeon Gold 6248,Reluctant,6651.48455366,
300,1301933,-0.74431408,0.0296195719157,0.001,271.919712712,Intel Xeon Gold 6248,Reluctant,6638.8664995,
300,1301936,-0.76621532,0.0296652677031,0.003,48.5758631675,Intel Xeon Gold 6248,Reluctant,6677.04062187,
300,1301939,-0.74720195,0.0293433394183,0,449.018026511,Intel Xeon Gold 6248,Reluctant,6594.16369107,
300,1301942,-0.75146454,0.0296031053159,0,1359.11539519,Intel Xeon Gold 6248,Reluctant,6665.567001,
300,1301945,-0.75336282,0.0296587577733,0.001,113.40992462,Intel Xeon Gold 6248,Reluctant,6665.44513541,
300,1301948,-0.74712068,0.0295359893681,0,677.983002991,Intel Xeon Gold 6248,Reluctant,6641.09428285,
300,1301951,-0.73659855,0.0295332732197,0,677.920655241,Intel Xeon Gold 6248,Reluctant,6622.03741224,
300,1301954,-0.75568933,0.0296553528586,0,453.792522597,Intel Xeon Gold 6248,Reluctant,6663.66930792,
300,1301957,-0.74541094,0.029565668004,0,339.298088037,Intel Xeon Gold 6248,Reluctant,6643.78114343,
300,1301960,-0.73801905,0.0295012832497,0,1354.44061745,Intel Xeon Gold 6248,Reluctant,6602.00621866,
300,1301963,-0.74570108,0.0295937162487,0.001,194.039346348,Intel Xeon Gold 6248,Reluctant,6642.86750251,
300,1301966,-0.74988224,0.0297347324975,0.001,272.976933674,Intel Xeon Gold 6248,Reluctant,6682.41404213,
300,1301969,-0.74143541,0.0296254843531,0,680.037313002,Intel Xeon Gold 6248,Reluctant,6648.42858576,
300,1301972,-0.7283075,0.029486496991,0,inf,Intel Xeon Gold 6248,Reluctant,6609.78625878,
300,1301975,-0.75067985,0.0295427764293,0,inf,Intel Xeon Gold 6248,Reluctant,6646.92668004,
300,1301978,-0.75829839,0.0296082655968,0.002,71.4802494477,Intel Xeon Gold 6248,Reluctant,6663.24162487,
300,1301981,-0.74762961,0.0294981559679,0.001,123.056153053,Intel Xeon Gold 6248,Reluctant,6625.01534604,
300,1301984,-0.76609934,0.0296610204614,0,680.85302556,Intel Xeon Gold 6248,Reluctant,6660.70290873,
300,1301987,-0.73989792,0.0295519617854,0,1356.76733207,Intel Xeon Gold 6248,Reluctant,6633.41243731,
300,1301990,-0.75379181,0.0297280684052,0,682.392075623,Intel Xeon Gold 6248,Reluctant,6667.96900702,
300,1301993,-0.73820141,0.0294754725176,0,1353.25561462,Intel Xeon Gold 6248,Reluctant,6619.3337011,
300,1301996,-0.75414747,0.0296120540622,0,inf,Intel Xeon Gold 6248,Reluctant,6660.62016048,
300,1301999,-0.74567645,0.0295788225677,0,678.966216416,Intel Xeon Gold 6248,Reluctant,6652.40190572,
300,1302002,-0.73634259,0.0295573560682,0,inf,Intel Xeon Gold 6248,Reluctant,6626.91003009,
300,1302005,-0.73363371,0.0294976703109,0,677.103409315,Intel Xeon Gold 6248,Reluctant,6611.74312939,
300,1302008,-0.75324904,0.0295858759278,0,452.729371812,Intel Xeon Gold 6248,Reluctant,6657.71484453,
300,1302011,-0.74655336,0.029589315346,0,inf,Intel Xeon Gold 6248,Reluctant,6649.55446339,
300,1302014,-0.75098718,0.0295273894684,0.001,225.8832,Intel Xeon Gold 6248,Reluctant,6638.35356068,
300,1302017,-0.74919251,0.0296041044132,0.001,271.777714751,Intel Xeon Gold 6248,Reluctant,6636.66068205,
300,1302020,-0.73874707,0.0294903839519,0,451.268133268,Intel Xeon Gold 6248,Reluctant,6638.03259779,
300,1302023,-0.74360974,0.0295503593781,0,1356.69376356,Intel Xeon Gold 6248,Reluctant,6636.52888666,
300,1302026,-0.74795515,0.0296175528586,0,1359.77869984,Intel Xeon Gold 6248,Reluctant,6644.55446339,
300,1302029,-0.74643456,0.0294824605817,0.001,225.53949604,Intel Xeon Gold 6248,Reluctant,6607.64092277,
400,1401732,-0.7538327,0.0641887511535,0,inf,Intel Xeon Gold 6248,Reluctant,11118.1386158,
400,1401735,-0.74300583,0.0638446026078,0,inf,Intel Xeon Gold 6248,Reluctant,11069.5962889,
400,1401738,-0.76298033,0.0643733260782,0,2955.45948908,Intel Xeon Gold 6248,Reluctant,11177.9287864,
400,1401741,-0.75168112,0.0641582558676,0,2945.58534814,Intel Xeon Gold 6248,Reluctant,11145.1727182,
400,1401744,-0.75830412,0.0641317661986,0,2944.36917448,Intel Xeon Gold 6248,Reluctant,11121.1848546,
400,1401747,-0.74301039,0.0639338336008,0,inf,Intel Xeon Gold 6248,Reluctant,11084.0351053,
400,1401750,-0.74193845,0.0639893185557,0,inf,Intel Xeon Gold 6248,Reluctant,11089.9767302,
400,1401753,-0.75330887,0.0642243937813,0,inf,Intel Xeon Gold 6248,Reluctant,11132.8275827,
400,1401756,-0.74296871,0.0639655790371,0,2936.73931514,Intel Xeon Gold 6248,Reluctant,11091.8746239,
400,1401759,-0.74541239,0.0639493091274,0,inf,Intel Xeon Gold 6248,Reluctant,11077.2942828,
400,1401762,-0.74507147,0.06400752999,0,inf,Intel Xeon Gold 6248,Reluctant,11097.6780341,
400,1401765,-0.75903382,0.0642282306921,0,1474.3250405,Intel Xeon Gold 6248,Reluctant,11174.2703109,
400,1401768,-0.75060707,0.0640764515547,0,1470.84103074,Intel Xeon Gold 6248,Reluctant,11127.8464393,
400,1401771,-0.74778207,0.0640459582748,0,inf,Intel Xeon Gold 6248,Reluctant,11119.4225677,
400,1401774,-0.75547123,0.0641507252758,0,inf,Intel Xeon Gold 6248,Reluctant,11138.7364092,
400,1401777,-0.74395673,0.0639187015045,0,inf,Intel Xeon Gold 6248,Reluctant,11086.5927783,
400,1401780,-0.76001471,0.0642866654965,0,2951.48079396,Intel Xeon Gold 6248,Reluctant,11170.6869609,
400,1401783,-0.7482989,0.0639177461384,0,inf,Intel Xeon Gold 6248,Reluctant,11101.3338014,
400,1401786,-0.74884659,0.0641472950853,0,inf,Intel Xeon Gold 6248,Reluctant,11142.0624875,
400,1401789,-0.74891492,0.0640315013039,0,1469.80922152,Intel Xeon Gold 6248,Reluctant,11103.4854564,
400,1401792,-0.74570598,0.063937949348,0,inf,Intel Xeon Gold 6248,Reluctant,11086.2724173,
400,1401795,-0.74643151,0.0638918409228,0,inf,Intel Xeon Gold 6248,Reluctant,11082.6374122,
400,1401798,-0.74658655,0.0639449297894,0,inf,Intel Xeon Gold 6248,Reluctant,11095.6221665,
400,1401801,-0.74321394,0.0638728368104,0,2932.48140412,Intel Xeon Gold 6248,Reluctant,11071.8638917,
400,1401804,-0.74718077,0.064262684654,0,2950.37980364,Intel Xeon Gold 6248,Reluctant,11151.8597793,
400,1401807,-0.76812333,0.0641805237713,0,982.104037767,Intel Xeon Gold 6248,Reluctant,11147.7634905,
400,1401810,-0.75144563,0.064015280341,0,2939.02116383,Intel Xeon Gold 6248,Reluctant,11114.2860582,
400,1401813,-0.73683556,0.0638509089268,0,2931.47466771,Intel Xeon Gold 6248,Reluctant,11055.8183551,
400,1401816,-0.75057148,0.0641864937813,0,inf,Intel Xeon Gold 6248,Reluctant,11135.2511535,
400,1401819,-0.75722889,0.064307362989,0,2952.43104159,Intel Xeon Gold 6248,Reluctant,11168.450652,
400,1401822,-0.74718946,0.0640175744233,0,inf,Intel Xeon Gold 6248,Reluctant,11114.4845537,
400,1401825,-0.75576508,0.064034038014,0,2939.88235194,Intel Xeon Gold 6248,Reluctant,11118.6166499,
400,1401828,-0.74713868,0.0639997325978,0,1469.07998769,Intel Xeon Gold 6248,Reluctant,11089.477332,
400,1401831,-0.75292084,0.0641554930792,0,2945.45850509,Intel Xeon Gold 6248,Reluctant,11136.887663,
400,1401834,-0.74563579,0.0640945090271,0,inf,Intel Xeon Gold 6248,Reluctant,11120.1364092,
400,1401837,-0.74597685,0.0638835390171,0,inf,Intel Xeon Gold 6248,Reluctant,11070.9696088,
400,1401840,-0.75029066,0.06398702668,0,2937.72400311,Intel Xeon Gold 6248,Reluctant,11108.9560682,
400,1401843,-0.74307057,0.064072497994,0,inf,Intel Xeon Gold 6248,Reluctant,11098.2488465,
400,1401846,-0.75467623,0.0640024984955,0,inf,Intel Xeon Gold 6248,Reluctant,11119.7603811,
400,1401849,-0.74264701,0.0639373222668,0,inf,Intel Xeon Gold 6248,Reluctant,11079.0828485,
400,1401852,-0.74277389,0.0637765175527,0,2928.05926717,Intel Xeon Gold 6248,Reluctant,11060.7132397,
400,1401855,-0.73673424,0.0638662361083,0,inf,Intel Xeon Gold 6248,Reluctant,11068.3144433,
400,1401858,-0.75919088,0.064302188666,0.001,295.086068547,Intel Xeon Gold 6248,Reluctant,11175.3227683,
400,1401861,-0.74693289,0.0641483825476,0,2945.13205174,Intel Xeon Gold 6248,Reluctant,11130.0791374,
400,1401864,-0.7430645,0.0640030748245,0,979.388676206,Intel Xeon Gold 6248,Reluctant,11096.7338014,
400,1401867,-0.74703228,0.0639088458375,0,1466.99373021,Intel Xeon Gold 6248,Reluctant,11088.0711133,
400,1401870,-0.7458192,0.0641034507523,0,inf,Intel Xeon Gold 6248,Reluctant,11128.6243731,
400,1401873,-0.74963283,0.0640874975928,0,inf,Intel Xeon Gold 6248,Reluctant,11112.2789368,
400,1401876,-0.75933973,0.0639384980943,0,2935.49599536,Intel Xeon Gold 6248,Reluctant,11118.4028084,
400,1401879,-0.74322936,0.0638739895687,0,2932.53432869,Intel Xeon Gold 6248,Reluctant,11080.7657974,
400,1401882,-0.75747675,0.0641294189569,0.001,367.903451251,Intel Xeon Gold 6248,Reluctant,11150.5656971,
400,1401885,-0.75562272,0.0642701591775,0,2950.72296832,Intel Xeon Gold 6248,Reluctant,11164.4515547,
400,1401888,-0.74203552,0.0640930681043,0,inf,Intel Xeon Gold 6248,Reluctant,11108.6872618,
400,1401891,-0.75307869,0.064228989669,0,inf,Intel Xeon Gold 6248,Reluctant,11150.235005,
400,1401894,-0.74867604,0.0640624087262,0,inf,Intel Xeon Gold 6248,Reluctant,11113.5135406,
400,1401897,-0.75109743,0.0639984467402,0,inf,Intel Xeon Gold 6248,Reluctant,11116.7658977,
400,1401900,-0.74255796,0.0638647146439,0,2932.10850536,Intel Xeon Gold 6248,Reluctant,11069.779338,
400,1401903,-0.75652002,0.0643243444333,0,2953.21068083,Intel Xeon Gold 6248,Reluctant,11176.7124373,
400,1401906,-0.74322542,0.0639503450351,0,inf,Intel Xeon Gold 6248,Reluctant,11094.4626881,
400,1401909,-0.74103058,0.063958788666,0,inf,Intel Xeon Gold 6248,Reluctant,11103.6021063,
400,1401912,-0.74947457,0.0641039225677,0,2943.09083874,Intel Xeon Gold 6248,Reluctant,11125.9764293,
400,1401915,-0.74712774,0.0639879214644,0,inf,Intel Xeon Gold 6248,Reluctant,11104.6662989,
400,1401918,-0.74683056,0.0638690478435,0,2932.30744794,Intel Xeon Gold 6248,Reluctant,11085.238014,
400,1401921,-0.75303918,0.064140771013,0,2944.78259671,Intel Xeon Gold 6248,Reluctant,11124.1711133,
400,1401924,-0.75013202,0.0640499384152,0,inf,Intel Xeon Gold 6248,Reluctant,11124.3235707,
400,1401927,-0.73887346,0.0638408281846,0,2931.01184829,Intel Xeon Gold 6248,Reluctant,11069.9096289,
400,1401930,-0.7555266,0.0640802641926,0,2942.00465331,Intel Xeon Gold 6248,Reluctant,11123.8,
400,1401933,-0.75154159,0.064197779338,0,inf,Intel Xeon Gold 6248,Reluctant,11156.8833501,
400,1401936,-0.76035901,0.0642564321966,0,1474.97239111,Intel Xeon Gold 6248,Reluctant,11165.5558676,
400,1401939,-0.75460987,0.0640510673019,0,2940.66418773,Intel Xeon Gold 6248,Reluctant,11121.5422267,
400,1401942,-0.75081558,0.0641676320963,0,inf,Intel Xeon Gold 6248,Reluctant,11137.9873621,
400,1401945,-0.75182072,0.0641291881645,0,inf,Intel Xeon Gold 6248,Reluctant,11112.5344032,
400,1401948,-0.74379774,0.0642294001003,0,inf,Intel Xeon Gold 6248,Reluctant,11132.7625878,
400,1401951,-0.74643827,0.0639515307924,0,inf,Intel Xeon Gold 6248,Reluctant,11097.7510532,
400,1401954,-0.74624485,0.0641776770311,0.001,490.956339769,Intel Xeon Gold 6248,Reluctant,11129.9997994,
400,1401957,-0.75140571,0.0640054940822,0,inf,Intel Xeon Gold 6248,Reluctant,11111.0482447,
400,1401960,-0.7470155,0.0639290758275,0,inf,Intel Xeon Gold 6248,Reluctant,11092.7419258,
400,1401963,-0.74134799,0.06387744333,0,inf,Intel Xeon Gold 6248,Reluctant,11080.8457372,
400,1401966,-0.73869846,0.0638581796389,0,1465.83071444,Intel Xeon Gold 6248,Reluctant,11086.3706118,
400,1401969,-0.75342623,0.0641448972919,0,981.558873794,Intel Xeon Gold 6248,Reluctant,11143.7195587,
400,1401972,-0.76224944,0.0642195810431,0,2948.40086324,Intel Xeon Gold 6248,Reluctant,11174.6757272,
400,1401975,-0.76224376,0.0642473451354,0,983.126552505,Intel Xeon Gold 6248,Reluctant,11180.3268806,
400,1401978,-0.75138654,0.0642285399198,0,2948.81217642,Intel Xeon Gold 6248,Reluctant,11148.9757272,
400,1401981,-0.75491227,0.0640315450351,0,2939.76789617,Intel Xeon Gold 6248,Reluctant,11117.6055165,
400,1401984,-0.74921504,0.0640308714142,0,inf,Intel Xeon Gold 6248,Reluctant,11108.7092277,
400,1401987,-0.74801158,0.0640278180542,0,inf,Intel Xeon Gold 6248,Reluctant,11109.498997,
400,1401990,-0.7518683,0.0641272228686,0,inf,Intel Xeon Gold 6248,Reluctant,11150.8703109,
400,1401993,-0.74339033,0.0638974345035,0,inf,Intel Xeon Gold 6248,Reluctant,11075.0895687,
400,1401996,-0.7507514,0.0640217711133,0,2939.31916327,Intel Xeon Gold 6248,Reluctant,11111.6385155,
400,1401999,-0.74859915,0.0639144080241,0,inf,Intel Xeon Gold 6248,Reluctant,11098.1863591,
400,1402002,-0.74608136,0.0640078448345,0,inf,Intel Xeon Gold 6248,Reluctant,11119.920662,
400,1402005,-0.74879268,0.0639795898696,0,1468.61762202,Intel Xeon Gold 6248,Reluctant,11117.0638917,
400,1402008,-0.74972263,0.0640676600802,0,inf,Intel Xeon Gold 6248,Reluctant,11122.4582748,
400,1402011,-0.75189227,0.063986691675,0,1468.78064021,Intel Xeon Gold 6248,Reluctant,11115.5106319,
400,1402014,-0.76382328,0.0642382590772,0,2949.25839503,Intel Xeon Gold 6248,Reluctant,11184.1597793,
400,1402017,-0.75616363,0.0641681496489,0,inf,Intel Xeon Gold 6248,Reluctant,11148.4349047,
400,1402020,-0.75372511,0.06402902668,0.001,419.823937617,Intel Xeon Gold 6248,Reluctant,11118.7389168,
400,1402023,-0.73803337,0.0638338974925,0,inf,Intel Xeon Gold 6248,Reluctant,11076.2146439,
400,1402026,-0.75291718,0.0642130997994,0,1473.97771887,Intel Xeon Gold 6248,Reluctant,11166.7277834,
400,1402029,-0.75372223,0.0639404647944,0.001,586.999463296,Intel Xeon Gold 6248,Reluctant,11111.0992979,
600,1601732,-0.74312165,0.194602351053,0,inf,Intel Xeon Gold 6248,Reluctant,23069.0439318,
600,1601735,-0.7490688,0.194379831394,0,inf,Intel Xeon Gold 6248,Reluctant,23055.8096289,
600,1601738,-0.74635647,0.194185764092,0,inf,Intel Xeon Gold 6248,Reluctant,23035.5962889,
600,1601741,-0.74891478,0.1940137334,0,inf,Intel Xeon Gold 6248,Reluctant,23038.9967904,
600,1601744,-0.7528307,0.194008519057,0,inf,Intel Xeon Gold 6248,Reluctant,22995.8414243,
600,1601747,-0.75470839,0.1942344667,0,inf,Intel Xeon Gold 6248,Reluctant,23051.5005015,
600,1601750,-0.75067035,0.194947996891,0,inf,Intel Xeon Gold 6248,Reluctant,23141.8964895,
600,1601753,-0.74561382,0.194180836209,0,inf,Intel Xeon Gold 6248,Reluctant,23015.9167503,
600,1601756,-0.75418097,0.194013956269,0,inf,Intel Xeon Gold 6248,Reluctant,23035.0212638,
600,1601759,-0.74555496,0.194146429288,0,inf,Intel Xeon Gold 6248,Reluctant,23011.3278837,
600,1601762,-0.75672316,0.194726525777,0,inf,Intel Xeon Gold 6248,Reluctant,23152.3608826,
600,1601765,-0.74498108,0.193897856871,0,inf,Intel Xeon Gold 6248,Reluctant,22996.1879639,
600,1601768,-0.74228759,0.194137099097,0,inf,Intel Xeon Gold 6248,Reluctant,22980.8,
600,1601771,-0.7515848,0.194172649649,0,inf,Intel Xeon Gold 6248,Reluctant,23037.8451354,
600,1601774,-0.74890635,0.193508514644,0,inf,Intel Xeon Gold 6248,Reluctant,22950.7752257,
600,1601777,-0.75223882,0.194728687964,0,inf,Intel Xeon Gold 6248,Reluctant,23103.2480441,
600,1601780,-0.75651829,0.194300318756,0,8920.56936909,Intel Xeon Gold 6248,Reluctant,23066.3498495,
600,1601783,-0.74653829,0.194149662889,0,inf,Intel Xeon Gold 6248,Reluctant,23035.046339,
600,1601786,-0.74941975,0.194128377332,0,inf,Intel Xeon Gold 6248,Reluctant,23033.1057172,
600,1601789,-0.75649529,0.194950416851,0,inf,Intel Xeon Gold 6248,Reluctant,23133.1768305,
600,1601792,-0.75734695,0.194298935908,0,inf,Intel Xeon Gold 6248,Reluctant,23025.808325,
600,1601795,-0.7629721,0.195591289669,0,inf,Intel Xeon Gold 6248,Reluctant,23229.8931795,
600,1601798,-0.76042442,0.195323528586,0,inf,Intel Xeon Gold 6248,Reluctant,23218.9542628,
600,1601801,-0.7475151,0.194257384554,0,inf,Intel Xeon Gold 6248,Reluctant,23037.3080241,
600,1601804,-0.7463954,0.194010631494,0,inf,Intel Xeon Gold 6248,Reluctant,22994.8341023,
600,1601807,-0.7507253,0.194438567101,0,inf,Intel Xeon Gold 6248,Reluctant,23077.7759278,
600,1601810,-0.75835397,0.194642598395,0,inf,Intel Xeon Gold 6248,Reluctant,23121.9375125,
600,1601813,-0.7469713,0.194251435306,0,inf,Intel Xeon Gold 6248,Reluctant,23037.1048144,
600,1601816,-0.7585673,0.194642970612,0,inf,Intel Xeon Gold 6248,Reluctant,23127.528987,
600,1601819,-0.75367105,0.19460580652,0,inf,Intel Xeon Gold 6248,Reluctant,23085.8177533,
600,1601822,-0.74499335,0.193682506118,0,inf,Intel Xeon Gold 6248,Reluctant,22968.6202608,
600,1601825,-0.74377053,0.194214977733,0,inf,Intel Xeon Gold 6248,Reluctant,23010.6904714,
600,1601828,-0.75225556,0.194547238917,0,8931.90578086,Intel Xeon Gold 6248,Reluctant,23115.6084253,
600,1601831,-0.75625151,0.194684217954,0,inf,Intel Xeon Gold 6248,Reluctant,23123.4918756,
600,1601834,-0.74358111,0.19398202658,0,inf,Intel Xeon Gold 6248,Reluctant,23003.294985,
600,1601837,-0.74163881,0.193748694082,0,inf,Intel Xeon Gold 6248,Reluctant,22955.3194584,
600,1601840,-0.74930436,0.194501816148,0,inf,Intel Xeon Gold 6248,Reluctant,23075.6975928,
600,1601843,-0.7616236,0.19482639679,0,inf,Intel Xeon Gold 6248,Reluctant,23136.776329,
600,1601846,-0.74777041,0.19399005336,0,inf,Intel Xeon Gold 6248,Reluctant,23001.3389168,
600,1601849,-0.75483922,0.194081922768,0,inf,Intel Xeon Gold 6248,Reluctant,23054.0364092,
600,1601852,-0.76610818,0.194935590672,0,inf,Intel Xeon Gold 6248,Reluctant,23178.6005015,
600,1601855,-0.74890751,0.194152036209,0,inf,Intel Xeon Gold 6248,Reluctant,23043.0515547,
600,1601858,-0.7556223,0.194651176931,0,inf,Intel Xeon Gold 6248,Reluctant,23111.3238716,
600,1601861,-0.75485864,0.194743731996,0,inf,Intel Xeon Gold 6248,Reluctant,23142.3632899,
600,1601864,-0.75230759,0.194318542929,0,inf,Intel Xeon Gold 6248,Reluctant,23069.5575727,
600,1601867,-0.74515975,0.194134187061,0,inf,Intel Xeon Gold 6248,Reluctant,23043.3288867,
600,1601870,-0.75001585,0.194472851956,0,inf,Intel Xeon Gold 6248,Reluctant,23086.1529589,
600,1601873,-0.75060088,0.194636070512,0,inf,Intel Xeon Gold 6248,Reluctant,23114.0425276,
600,1601876,-0.75472545,0.194656898495,0,inf,Intel Xeon Gold 6248,Reluctant,23102.8523571,
600,1601879,-0.76060261,0.194991525176,0,inf,Intel Xeon Gold 6248,Reluctant,23167.9069208,
600,1601882,-0.74891566,0.19400621655,0,inf,Intel Xeon Gold 6248,Reluctant,23009.1217653,
600,1601885,-0.74882443,0.194023682247,0,inf,Intel Xeon Gold 6248,Reluctant,23048.6305918,
600,1601888,-0.74932578,0.193933192076,0,inf,Intel Xeon Gold 6248,Reluctant,23002.1317954,
600,1601891,-0.7422506,0.193897209428,0,inf,Intel Xeon Gold 6248,Reluctant,23001.6424273,
600,1601894,-0.74771316,0.193941030792,0,inf,Intel Xeon Gold 6248,Reluctant,23025.4482447,
600,1601897,-0.74710266,0.193890124072,0,inf,Intel Xeon Gold 6248,Reluctant,23017.6747242,
600,1601900,-0.74810874,0.1941776666,0,inf,Intel Xeon Gold 6248,Reluctant,23033.882347,
600,1601903,-0.7582834,0.194921683852,0,inf,Intel Xeon Gold 6248,Reluctant,23171.0449348,
600,1601906,-0.75525477,0.194547122668,0,inf,Intel Xeon Gold 6248,Reluctant,23097.4768305,
600,1601909,-0.75125027,0.194313151053,0,8921.15851581,Intel Xeon Gold 6248,Reluctant,23087.9885657,
600,1601912,-0.74940621,0.194439652859,0,inf,Intel Xeon Gold 6248,Reluctant,23054.6852558,
600,1601915,-0.76156934,0.194512248947,0,inf,Intel Xeon Gold 6248,Reluctant,23114.0882648,
600,1601918,-0.75093986,0.194247391876,0,4458.84606829,Intel Xeon Gold 6248,Reluctant,23051.3661986,
600,1601921,-0.74983111,0.194728395386,0,inf,Intel Xeon Gold 6248,Reluctant,23124.0668004,
600,1601924,-0.75242362,0.193998916851,0,inf,Intel Xeon Gold 6248,Reluctant,23007.927683,
600,1601927,-0.75231673,0.194150417854,0,inf,Intel Xeon Gold 6248,Reluctant,23057.9841525,
600,1601930,-0.74956675,0.193721221866,0,8893.98231037,Intel Xeon Gold 6248,Reluctant,23017.1945838,
600,1601933,-0.75645717,0.194975186459,0,inf,Intel Xeon Gold 6248,Reluctant,23154.0827482,
600,1601936,-0.76078602,0.194986775326,0,inf,Intel Xeon Gold 6248,Reluctant,23183.2532598,
600,1601939,-0.74857316,0.194227806419,0,inf,Intel Xeon Gold 6248,Reluctant,23018.2592778,
600,1601942,-0.75960536,0.194411047743,0,inf,Intel Xeon Gold 6248,Reluctant,23101.1807422,
600,1601945,-0.7518777,0.194085886359,0,4455.13879464,Intel Xeon Gold 6248,Reluctant,23049.8775326,
600,1601948,-0.75940214,0.194873488666,0,inf,Intel Xeon Gold 6248,Reluctant,23158.8544634,
600,1601951,-0.74832475,0.194107532096,0,inf,Intel Xeon Gold 6248,Reluctant,23017.1522568,
600,1601954,-0.7534203,0.194226960281,0,inf,Intel Xeon Gold 6248,Reluctant,23061.7541625,
600,1601957,-0.74918246,0.194143069809,0,inf,Intel Xeon Gold 6248,Reluctant,23058.5035105,
600,1601960,-0.75294103,0.194240307924,0,inf,Intel Xeon Gold 6248,Reluctant,23074.2565697,
600,1601963,-0.74825571,0.194470091073,0,inf,Intel Xeon Gold 6248,Reluctant,23092.0059178,
600,1601966,-0.74836636,0.193991017452,0,inf,Intel Xeon Gold 6248,Reluctant,23009.397994,
600,1601969,-0.74832134,0.193973332096,0,inf,Intel Xeon Gold 6248,Reluctant,23038.5591775,
600,1601972,-0.75856525,0.194208407723,0,inf,Intel Xeon Gold 6248,Reluctant,23061.8562688,
600,1601975,-0.75899296,0.194827198395,0,inf,Intel Xeon Gold 6248,Reluctant,23156.1047141,
600,1601978,-0.75187954,0.19387236008,0,inf,Intel Xeon Gold 6248,Reluctant,23003.138014,
600,1601981,-0.75176325,0.194377702708,0,inf,Intel Xeon Gold 6248,Reluctant,23124.1436309,
600,1601984,-0.7449984,0.19455395667,0,inf,Intel Xeon Gold 6248,Reluctant,23065.4238716,
600,1601987,-0.75015498,0.194034337613,0,inf,Intel Xeon Gold 6248,Reluctant,23020.7965898,
600,1601990,-0.76008462,0.194681165898,0,inf,Intel Xeon Gold 6248,Reluctant,23117.2657974,
600,1601993,-0.74263095,0.194118870211,0,inf,Intel Xeon Gold 6248,Reluctant,23002.7668004,
600,1601996,-0.74882428,0.193845777232,0,inf,Intel Xeon Gold 6248,Reluctant,23003.0415246,
600,1601999,-0.75722637,0.194955353159,0,inf,Intel Xeon Gold 6248,Reluctant,23194.0552658,
600,1602002,-0.75165579,0.194223608425,0,inf,Intel Xeon Gold 6248,Reluctant,23083.518656,
600,1602005,-0.75730765,0.194609073119,0,inf,Intel Xeon Gold 6248,Reluctant,23143.7503511,
600,1602008,-0.74622172,0.194043844534,0,inf,Intel Xeon Gold 6248,Reluctant,23036.4754263,
600,1602011,-0.75834981,0.194902907222,0,inf,Intel Xeon Gold 6248,Reluctant,23149.34333,
600,1602014,-0.7499447,0.194185394784,0,inf,Intel Xeon Gold 6248,Reluctant,23060.0729188,
600,1602017,-0.75625219,0.195120798897,0,inf,Intel Xeon Gold 6248,Reluctant,23191.8402207,
600,1602020,-0.75263948,0.194524731394,0,inf,Intel Xeon Gold 6248,Reluctant,23086.0859579,
600,1602023,-0.75226284,0.19396501324,0,inf,Intel Xeon Gold 6248,Reluctant,23021.3817452,
600,1602026,-0.75371791,0.194107768606,0,inf,Intel Xeon Gold 6248,Reluctant,23066.9023069,
600,1602029,-0.74712533,0.194043496088,0,inf,Intel Xeon Gold 6248,Reluctant,23031.7756269,
800,1801732,-0.75769536,0.423780900301,0,inf,Intel Xeon Gold 6248,Reluctant,38347.8412237,
800,1801735,-0.7580416,0.425324308726,0,inf,Intel Xeon Gold 6248,Reluctant,38521.3996991,
800,1801738,-0.75762856,0.424797454062,0,inf,Intel Xeon Gold 6248,Reluctant,38417.9204614,
800,1801741,-0.75098803,0.42328922016,0,inf,Intel Xeon Gold 6248,Reluctant,38270.260682,
800,1801744,-0.75810017,0.424833450853,0,inf,Intel Xeon Gold 6248,Reluctant,38444.4241725,
800,1801747,-0.74447617,0.423166577834,0,inf,Intel Xeon Gold 6248,Reluctant,38211.624674,
800,1801750,-0.74803348,0.423252829689,0,inf,Intel Xeon Gold 6248,Reluctant,38234.9048144,
800,1801753,-0.75778384,0.424553235406,0,inf,Intel Xeon Gold 6248,Reluctant,38391.6428285,
800,1801756,-0.74717748,0.423782347442,0,inf,Intel Xeon Gold 6248,Reluctant,38309.9462387,
800,1801759,-0.7458634,0.422442178837,0,inf,Intel Xeon Gold 6248,Reluctant,38168.1620863,
800,1801762,-0.74646629,0.423587902106,0,inf,Intel Xeon Gold 6248,Reluctant,38288.7810431,
800,1801765,-0.75436501,0.424029136911,0,inf,Intel Xeon Gold 6248,Reluctant,38377.8249749,
800,1801768,-0.74903538,0.423431647442,0,inf,Intel Xeon Gold 6248,Reluctant,38304.6553661,
800,1801771,-0.74828458,0.423154031093,0,inf,Intel Xeon Gold 6248,Reluctant,38213.6863591,
800,1801774,-0.7547959,0.424311305416,0,inf,Intel Xeon Gold 6248,Reluctant,38362.0313942,
800,1801777,-0.75236733,0.423497361083,0,inf,Intel Xeon Gold 6248,Reluctant,38294.9363089,
800,1801780,-0.75248455,0.424333680642,0,inf,Intel Xeon Gold 6248,Reluctant,38391.9924774,
800,1801783,-0.75477752,0.425056584453,0,inf,Intel Xeon Gold 6248,Reluctant,38462.6486459,
800,1801786,-0.75074702,0.422658012538,0,inf,Intel Xeon Gold 6248,Reluctant,38221.8204614,
800,1801789,-0.74829414,0.422950230391,0,inf,Intel Xeon Gold 6248,Reluctant,38235.5770311,
800,1801792,-0.75081017,0.423402123771,0,inf,Intel Xeon Gold 6248,Reluctant,38295.3500502,
800,1801795,-0.74642854,0.423249334403,0,inf,Intel Xeon Gold 6248,Reluctant,38262.2822467,
800,1801798,-0.75348254,0.424655669809,0,inf,Intel Xeon Gold 6248,Reluctant,38428.32668,
800,1801801,-0.74963883,0.42379524323,0,inf,Intel Xeon Gold 6248,Reluctant,38319.7094283,
800,1801804,-0.74709903,0.423264182046,0,inf,Intel Xeon Gold 6248,Reluctant,38256.7770311,
800,1801807,-0.75237185,0.423189454463,0,inf,Intel Xeon Gold 6248,Reluctant,38282.3422267,
800,1801810,-0.74322388,0.4229182999,0,inf,Intel Xeon Gold 6248,Reluctant,38211.0013039,
800,1801813,-0.74541492,0.42280463651,0,inf,Intel Xeon Gold 6248,Reluctant,38214.860682,
800,1801816,-0.74682465,0.422874593781,0,inf,Intel Xeon Gold 6248,Reluctant,38197.8842528,
800,1801819,-0.74915428,0.424127146439,0,inf,Intel Xeon Gold 6248,Reluctant,38355.3395186,
800,1801822,-0.76303721,0.42461721675,0,inf,Intel Xeon Gold 6248,Reluctant,38471.0613842,
800,1801825,-0.75399886,0.42431453651,0,inf,Intel Xeon Gold 6248,Reluctant,38383.5517553,
800,1801828,-0.74512134,0.421689495687,0,inf,Intel Xeon Gold 6248,Reluctant,38119.1980943,
800,1801831,-0.75436315,0.423468854564,0,inf,Intel Xeon Gold 6248,Reluctant,38284.5892678,
800,1801834,-0.7585288,0.424900353962,0,inf,Intel Xeon Gold 6248,Reluctant,38433.1332999,
800,1801837,-0.74829266,0.423226762287,0,inf,Intel Xeon Gold 6248,Reluctant,38244.2729188,
800,1801840,-0.7596316,0.424662509629,0,inf,Intel Xeon Gold 6248,Reluctant,38475.1910732,
800,1801843,-0.74968055,0.423009212036,0,inf,Intel Xeon Gold 6248,Reluctant,38246.4404213,
800,1801846,-0.75688431,0.424261766499,0,inf,Intel Xeon Gold 6248,Reluctant,38434.9613842,
800,1801849,-0.74786813,0.423188521765,0,inf,Intel Xeon Gold 6248,Reluctant,38228.3502508,
800,1801852,-0.75378498,0.423417595486,0,inf,Intel Xeon Gold 6248,Reluctant,38308.7265797,
800,1801855,-0.75370552,0.424976091675,0,inf,Intel Xeon Gold 6248,Reluctant,38435.1255767,
800,1801858,-0.75675073,0.42436837653,0,inf,Intel Xeon Gold 6248,Reluctant,38401.6241725,
800,1801861,-0.75349254,0.424925357573,0,inf,Intel Xeon Gold 6248,Reluctant,38459.735005,
800,1801864,-0.75164467,0.423635105015,0,inf,Intel Xeon Gold 6248,Reluctant,38324.5948847,
800,1801867,-0.75751347,0.423923867803,0,inf,Intel Xeon Gold 6248,Reluctant,38399.5478435,
800,1801870,-0.75498585,0.424198301906,0,inf,Intel Xeon Gold 6248,Reluctant,38414.279338,
800,1801873,-0.74783372,0.423784997894,0,inf,Intel Xeon Gold 6248,Reluctant,38317.1275827,
800,1801876,-0.75857197,0.423644369408,0,inf,Intel Xeon Gold 6248,Reluctant,38383.4914744,
800,1801879,-0.7490779,0.423251695687,0,inf,Intel Xeon Gold 6248,Reluctant,38253.3428285,
800,1801882,-0.76021964,0.424792334303,0,inf,Intel Xeon Gold 6248,Reluctant,38465.9282849,
800,1801885,-0.75189882,0.424022983751,0,inf,Intel Xeon Gold 6248,Reluctant,38385.0044132,
800,1801888,-0.75097377,0.422964374925,0,inf,Intel Xeon Gold 6248,Reluctant,38273.6311936,
800,1801891,-0.7485589,0.42295787653,0,inf,Intel Xeon Gold 6248,Reluctant,38263.8579739,
800,1801894,-0.75348548,0.423400602708,0,inf,Intel Xeon Gold 6248,Reluctant,38317.7537613,
800,1801897,-0.75126191,0.423385162086,0,inf,Intel Xeon Gold 6248,Reluctant,38272.9915747,
800,1801900,-0.75498971,0.422930572518,0,inf,Intel Xeon Gold 6248,Reluctant,38269.479338,
800,1801903,-0.74721454,0.423016901505,0,inf,Intel Xeon Gold 6248,Reluctant,38273.9535607,
800,1801906,-0.7458655,0.423129039218,0,inf,Intel Xeon Gold 6248,Reluctant,38254.5880642,
800,1801909,-0.75597488,0.422861956269,0,inf,Intel Xeon Gold 6248,Reluctant,38243.739318,
800,1801912,-0.75593407,0.42353483992,0,inf,Intel Xeon Gold 6248,Reluctant,38307.7159478,
800,1801915,-0.76111256,0.424432159579,0,inf,Intel Xeon Gold 6248,Reluctant,38426.0986961,
800,1801918,-0.75504232,0.42374594323,0,inf,Intel Xeon Gold 6248,Reluctant,38381.3909729,
800,1801921,-0.75018127,0.423627384152,0,inf,Intel Xeon Gold 6248,Reluctant,38354.5650953,
800,1801924,-0.75353028,0.422953218857,0,inf,Intel Xeon Gold 6248,Reluctant,38263.588666,
800,1801927,-0.74952067,0.423329966199,0,inf,Intel Xeon Gold 6248,Reluctant,38315.2227683,
800,1801930,-0.75199766,0.423026748847,0,inf,Intel Xeon Gold 6248,Reluctant,38289.1079238,
800,1801933,-0.75132844,0.422702344935,0,inf,Intel Xeon Gold 6248,Reluctant,38247.5730191,
800,1801936,-0.7534797,0.423051254263,0,inf,Intel Xeon Gold 6248,Reluctant,38277.3592778,
800,1801939,-0.7573829,0.424532322668,0,inf,Intel Xeon Gold 6248,Reluctant,38486.2873621,
800,1801942,-0.75321041,0.422317856169,0,inf,Intel Xeon Gold 6248,Reluctant,38220.067001,
800,1801945,-0.7469464,0.422050965496,0,inf,Intel Xeon Gold 6248,Reluctant,38161.6295888,
800,1801948,-0.75203234,0.423558745938,0,inf,Intel Xeon Gold 6248,Reluctant,38339.1707121,
800,1801951,-0.75399851,0.422995157071,0,inf,Intel Xeon Gold 6248,Reluctant,38287.7160481,
800,1801954,-0.74934323,0.422950101003,0,inf,Intel Xeon Gold 6248,Reluctant,38266.6757272,
800,1801957,-0.75272961,0.423589330692,0,inf,Intel Xeon Gold 6248,Reluctant,38366.2804413,
800,1801960,-0.7523871,0.423259924875,0,inf,Intel Xeon Gold 6248,Reluctant,38295.7482447,
800,1801963,-0.7522773,0.423470273019,0,inf,Intel Xeon Gold 6248,Reluctant,38324.9901705,
800,1801966,-0.74921537,0.42433226008,0,inf,Intel Xeon Gold 6248,Reluctant,38409.2727182,
800,1801969,-0.74576688,0.42182339659,0,inf,Intel Xeon Gold 6248,Reluctant,38165.0452357,
800,1801972,-0.74867849,0.423134072317,0,inf,Intel Xeon Gold 6248,Reluctant,38273.7151454,
800,1801975,-0.75226328,0.423797590572,0,inf,Intel Xeon Gold 6248,Reluctant,38354.6009027,
800,1801978,-0.74960048,0.423323361484,0,inf,Intel Xeon Gold 6248,Reluctant,38313.4139418,
800,1801981,-0.74958403,0.422950568104,0,inf,Intel Xeon Gold 6248,Reluctant,38282.3308927,
800,1801984,-0.76046384,0.424567702608,0,inf,Intel Xeon Gold 6248,Reluctant,38500.3147442,
800,1801987,-0.75019484,0.423134260883,0,inf,Intel Xeon Gold 6248,Reluctant,38291.4381143,
800,1801990,-0.75153758,0.424231927282,0,inf,Intel Xeon Gold 6248,Reluctant,38396.3531595,
800,1801993,-0.74982657,0.422829399097,0,inf,Intel Xeon Gold 6248,Reluctant,38274.9771314,
800,1801996,-0.75453938,0.423716204012,0,inf,Intel Xeon Gold 6248,Reluctant,38381.6584754,
800,1801999,-0.74642043,0.423314597994,0,inf,Intel Xeon Gold 6248,Reluctant,38304.4211635,
800,1802002,-0.75084793,0.422600342929,0,inf,Intel Xeon Gold 6248,Reluctant,38227.9277834,
800,1802005,-0.75306983,0.423768590672,0,inf,Intel Xeon Gold 6248,Reluctant,38346.4495486,
800,1802008,-0.7531643,0.422550214042,0,inf,Intel Xeon Gold 6248,Reluctant,38219.2274824,
800,1802011,-0.75178743,0.423145374524,0,inf,Intel Xeon Gold 6248,Reluctant,38311.6475426,
800,1802014,-0.76151839,0.424374464895,0,inf,Intel Xeon Gold 6248,Reluctant,38461.1448345,
800,1802017,-0.75246158,0.423074531795,0,inf,Intel Xeon Gold 6248,Reluctant,38314.1173521,
800,1802020,-0.75277234,0.423705861184,0,inf,Intel Xeon Gold 6248,Reluctant,38367.1974925,
800,1802023,-0.74482587,0.421616994584,0,inf,Intel Xeon Gold 6248,Reluctant,38124.0698094,
800,1802026,-0.75868916,0.423677684654,0,inf,Intel Xeon Gold 6248,Reluctant,38386.8539619,
800,1802029,-0.74496083,0.422446143631,0,inf,Intel Xeon Gold 6248,Reluctant,38228.1966901,
1000,2001732,-0.75464728,0.790670079037,0,inf,Intel Xeon Gold 6248,Reluctant,57397.4270812,
1000,2001735,-0.75115126,0.792595225075,0,inf,Intel Xeon Gold 6248,Reluctant,57500.5920762,
1000,2001738,-0.7508581,0.793305789067,0,inf,Intel Xeon Gold 6248,Reluctant,57587.4721163,
1000,2001741,-0.75438468,0.794043270211,0,inf,Intel Xeon Gold 6248,Reluctant,57683.3695085,
1000,2001744,-0.74882415,0.79247192337,0,inf,Intel Xeon Gold 6248,Reluctant,57542.2301906,
1000,2001747,-0.74431422,0.792443516951,0,inf,Intel Xeon Gold 6248,Reluctant,57473.1323972,
1000,2001750,-0.74852598,0.794094709127,0,inf,Intel Xeon Gold 6248,Reluctant,57585.9484453,
1000,2001753,-0.74940132,0.792118048245,0,inf,Intel Xeon Gold 6248,Reluctant,57466.9109328,
1000,2001756,-0.75553846,0.794197311133,0,inf,Intel Xeon Gold 6248,Reluctant,57699.2981946,
1000,2001759,-0.75084069,0.791277774122,0,inf,Intel Xeon Gold 6248,Reluctant,57423.749348,
1000,2001762,-0.75339309,0.79352587342,0,inf,Intel Xeon Gold 6248,Reluctant,57634.5542628,
1000,2001765,-0.74486636,0.791206029087,0,inf,Intel Xeon Gold 6248,Reluctant,57402.4954865,
1000,2001768,-0.75119906,0.793397085256,0,inf,Intel Xeon Gold 6248,Reluctant,57601.7211635,
1000,2001771,-0.74867771,0.792599708927,0,inf,Intel Xeon Gold 6248,Reluctant,57542.1351053,
1000,2001774,-0.75321933,0.792787734804,0,inf,Intel Xeon Gold 6248,Reluctant,57534.3843531,
1000,2001777,-0.74705784,0.791774448245,0,inf,Intel Xeon Gold 6248,Reluctant,57457.1077232,
1000,2001780,-0.75095095,0.793728547242,0,inf,Intel Xeon Gold 6248,Reluctant,57624.8746239,
1000,2001783,-0.74629622,0.791107362387,0,inf,Intel Xeon Gold 6248,Reluctant,57401.9241725,
1000,2001786,-0.75738008,0.793514887763,0,inf,Intel Xeon Gold 6248,Reluctant,57713.6405216,
1000,2001789,-0.75426204,0.792838423872,0,inf,Intel Xeon Gold 6248,Reluctant,57570.5563691,
1000,2001792,-0.74699686,0.791843771715,0,inf,Intel Xeon Gold 6248,Reluctant,57455.9941825,
1000,2001795,-0.75234426,0.792964332698,0,inf,Intel Xeon Gold 6248,Reluctant,57572.3355065,
1000,2001798,-0.7545822,0.794939457974,0,inf,Intel Xeon Gold 6248,Reluctant,57733.8560682,
1000,2001801,-0.74580558,0.79109982016,0,inf,Intel Xeon Gold 6248,Reluctant,57387.1088265,
1000,2001804,-0.75366647,0.793085527282,0,inf,Intel Xeon Gold 6248,Reluctant,57592.6772317,
1000,2001807,-0.75816224,0.792124004915,0,inf,Intel Xeon Gold 6248,Reluctant,57545.5318957,
1000,2001810,-0.75109896,0.79286804343,0,inf,Intel Xeon Gold 6248,Reluctant,57576.9540622,
1000,2001813,-0.75131313,0.792754965296,0,inf,Intel Xeon Gold 6248,Reluctant,57509.4644935,
1000,2001816,-0.74988986,0.792274548245,0,inf,Intel Xeon Gold 6248,Reluctant,57499.6315948,
1000,2001819,-0.75129993,0.79351512668,0,inf,Intel Xeon Gold 6248,Reluctant,57643.2213641,
1000,2001822,-0.74932136,0.791898683149,0,inf,Intel Xeon Gold 6248,Reluctant,57507.1530592,
1000,2001825,-0.75038993,0.792326544534,0,inf,Intel Xeon Gold 6248,Reluctant,57536.6039117,
1000,2001828,-0.75239765,0.792719761484,0,inf,Intel Xeon Gold 6248,Reluctant,57613.5791374,
1000,2001831,-0.75086995,0.792286737011,0,inf,Intel Xeon Gold 6248,Reluctant,57542.9993982,
1000,2001834,-0.75114581,0.792318347242,0,inf,Intel Xeon Gold 6248,Reluctant,57571.0095286,
1000,2001837,-0.7572235,0.795209728586,0,inf,Intel Xeon Gold 6248,Reluctant,57757.7164493,
1000,2001840,-0.75381607,0.793869279539,0,inf,Intel Xeon Gold 6248,Reluctant,57674.6883651,
1000,2001843,-0.7506169,0.792466244835,0,inf,Intel Xeon Gold 6248,Reluctant,57523.4503511,
1000,2001846,-0.7492592,0.791547970612,0,inf,Intel Xeon Gold 6248,Reluctant,57475.3701103,
1000,2001849,-0.74886134,0.792582077031,0,inf,Intel Xeon Gold 6248,Reluctant,57524.8264794,
1000,2001852,-0.75897892,0.79631325998,0,inf,Intel Xeon Gold 6248,Reluctant,57871.7105316,
1000,2001855,-0.74837131,0.790333802708,0,inf,Intel Xeon Gold 6248,Reluctant,57372.3816449,
1000,2001858,-0.74833024,0.792386337713,0,inf,Intel Xeon Gold 6248,Reluctant,57552.3035105,
1000,2001861,-0.75132791,0.792660610331,0,inf,Intel Xeon Gold 6248,Reluctant,57578.9016048,
1000,2001864,-0.75540783,0.793754877834,0,inf,Intel Xeon Gold 6248,Reluctant,57657.6609829,
1000,2001867,-0.75249387,0.792125169107,0,inf,Intel Xeon Gold 6248,Reluctant,57536.0387161,
1000,2001870,-0.75265262,0.792599547041,0,inf,Intel Xeon Gold 6248,Reluctant,57578.030993,
1000,2001873,-0.74603837,0.791880434102,0,inf,Intel Xeon Gold 6248,Reluctant,57432.8675025,
1000,2001876,-0.75422181,0.793195099097,0,inf,Intel Xeon Gold 6248,Reluctant,57609.0159478,
1000,2001879,-0.75015494,0.792940102708,0,inf,Intel Xeon Gold 6248,Reluctant,57580.4199599,
1000,2001882,-0.74853801,0.792617801605,0,inf,Intel Xeon Gold 6248,Reluctant,57553.6794383,
1000,2001885,-0.75518001,0.792358221765,0,inf,Intel Xeon Gold 6248,Reluctant,57586.1461384,
1000,2001888,-0.75411858,0.793558978335,0,inf,Intel Xeon Gold 6248,Reluctant,57632.8207623,
1000,2001891,-0.74920183,0.791671544132,0,inf,Intel Xeon Gold 6248,Reluctant,57504.2138415,
1000,2001894,-0.75608649,0.79330704323,0,inf,Intel Xeon Gold 6248,Reluctant,57649.3839519,
1000,2001897,-0.75124512,0.793524823069,0,inf,Intel Xeon Gold 6248,Reluctant,57656.1517553,
1000,2001900,-0.75309559,0.794470847543,0,inf,Intel Xeon Gold 6248,Reluctant,57749.780341,
1000,2001903,-0.75155805,0.793454863691,0,inf,Intel Xeon Gold 6248,Reluctant,57660.0562688,
1000,2001906,-0.75720165,0.795059201906,0,inf,Intel Xeon Gold 6248,Reluctant,57800.939318,
1000,2001909,-0.75467021,0.793203468806,0,inf,Intel Xeon Gold 6248,Reluctant,57621.7067202,
1000,2001912,-0.74973537,0.792667001103,0,inf,Intel Xeon Gold 6248,Reluctant,57550.55667,
1000,2001915,-0.75409175,0.792974621765,0,inf,Intel Xeon Gold 6248,Reluctant,57650.0570712,
1000,2001918,-0.75547176,0.792316739519,0,inf,Intel Xeon Gold 6248,Reluctant,57577.1069208,
1000,2001921,-0.75295866,0.794047574122,0,inf,Intel Xeon Gold 6248,Reluctant,57707.1774323,
1000,2001924,-0.74968951,0.791102780542,0,inf,Intel Xeon Gold 6248,Reluctant,57476.0406219,
1000,2001927,-0.75145704,0.792764089168,0,inf,Intel Xeon Gold 6248,Reluctant,57572.7061184,
1000,2001930,-0.7582041,0.792919227783,0,inf,Intel Xeon Gold 6248,Reluctant,57628.0104313,
1000,2001933,-0.76027624,0.795294491073,0,inf,Intel Xeon Gold 6248,Reluctant,57871.8503511,
1000,2001936,-0.75676968,0.794205027783,0,inf,Intel Xeon Gold 6248,Reluctant,57763.5399198,
1000,2001939,-0.74850287,0.791930664393,0,inf,Intel Xeon Gold 6248,Reluctant,57534.227683,
1000,2001942,-0.75488496,0.794432852156,0,inf,Intel Xeon Gold 6248,Reluctant,57753.2911735,
1000,2001945,-0.75060113,0.791214565396,0,inf,Intel Xeon Gold 6248,Reluctant,57504.4167503,
1000,2001948,-0.75000363,0.792721719057,0,inf,Intel Xeon Gold 6248,Reluctant,57618.5713139,
1000,2001951,-0.74967795,0.791258438315,0,inf,Intel Xeon Gold 6248,Reluctant,57486.1449348,
1000,2001954,-0.74820261,0.793658157071,0,inf,Intel Xeon Gold 6248,Reluctant,57634.1692076,
1000,2001957,-0.75438855,0.794357127382,0,inf,Intel Xeon Gold 6248,Reluctant,57760.8998997,
1000,2001960,-0.7535485,0.792003254363,0,inf,Intel Xeon Gold 6248,Reluctant,57592.3756269,
1000,2001963,-0.75019494,0.790219504714,0,inf,Intel Xeon Gold 6248,Reluctant,57396.9706118,
1000,2001966,-0.75743037,0.793123477934,0,inf,Intel Xeon Gold 6248,Reluctant,57644.1069208,
1000,2001969,-0.75220886,0.792712274122,0,inf,Intel Xeon Gold 6248,Reluctant,57623.7112337,
1000,2001972,-0.74842628,0.791718864694,0,inf,Intel Xeon Gold 6248,Reluctant,57464.9315948,
1000,2001975,-0.74976299,0.791749749549,0,inf,Intel Xeon Gold 6248,Reluctant,57517.9640923,
1000,2001978,-0.75259133,0.792421140822,0,inf,Intel Xeon Gold 6248,Reluctant,57564.7328987,
1000,2001981,-0.75742532,0.793273163791,0,inf,Intel Xeon Gold 6248,Reluctant,57693.5181545,
1000,2001984,-0.74875743,0.791400160582,0,inf,Intel Xeon Gold 6248,Reluctant,57484.8018054,
1000,2001987,-0.75723473,0.792418234002,0,inf,Intel Xeon Gold 6248,Reluctant,57603.2324975,
1000,2001990,-0.75180085,0.792370939418,0,inf,Intel Xeon Gold 6248,Reluctant,57575.5840522,
1000,2001993,-0.7548838,0.792850603511,0,inf,Intel Xeon Gold 6248,Reluctant,57601.4317954,
1000,2001996,-0.74950214,0.79257541675,0,inf,Intel Xeon Gold 6248,Reluctant,57609.558676,
1000,2001999,-0.75522726,0.793206872818,0,inf,Intel Xeon Gold 6248,Reluctant,57666.2975928,
1000,2002002,-0.75162431,0.79203601665,0,inf,Intel Xeon Gold 6248,Reluctant,57547.8597793,
1000,2002005,-0.7516704,0.79197157994,0,inf,Intel Xeon Gold 6248,Reluctant,57506.1858576,
1000,2002008,-0.75476437,0.79223994012,0,inf,Intel Xeon Gold 6248,Reluctant,57580.5875627,
1000,2002011,-0.75767753,0.794359371214,0,inf,Intel Xeon Gold 6248,Reluctant,57726.9484453,
1000,2002014,-0.75664605,0.792683695687,0,inf,Intel Xeon Gold 6248,Reluctant,57643.6459378,
1000,2002017,-0.7571686,0.792779911836,0,inf,Intel Xeon Gold 6248,Reluctant,57618.7424273,
1000,2002020,-0.75028269,0.790485093882,0,inf,Intel Xeon Gold 6248,Reluctant,57455.8225677,
1000,2002023,-0.75210143,0.793030545135,0,inf,Intel Xeon Gold 6248,Reluctant,57624.1033099,
1000,2002026,-0.75615959,0.793066985958,0,inf,Intel Xeon Gold 6248,Reluctant,57640.3363089,
1000,2002029,-0.74827026,0.791391729789,0,inf,Intel Xeon Gold 6248,Reluctant,57494.8038114,
1200,2201732,-0.75031742,1.29609224905,0,inf,Intel Xeon Gold 6248,Reluctant,79176.2219659,
1200,2201735,-0.75529337,1.29741947292,0,inf,Intel Xeon Gold 6248,Reluctant,79322.1081244,
1200,2201738,-0.75552313,1.29527534162,0,inf,Intel Xeon Gold 6248,Reluctant,79150.9568706,
1200,2201741,-0.74628097,1.29437775015,0,inf,Intel Xeon Gold 6248,Reluctant,79016.024674,
1200,2201744,-0.74961788,1.29474701394,0,inf,Intel Xeon Gold 6248,Reluctant,79062.5829488,
1200,2201747,-0.7525701,1.29495263731,0,inf,Intel Xeon Gold 6248,Reluctant,79167.7041123,
1200,2201750,-0.75504822,1.2971596007,0,inf,Intel Xeon Gold 6248,Reluctant,79258.2622869,
1200,2201753,-0.76032717,1.29781689488,0,inf,Intel Xeon Gold 6248,Reluctant,79323.3917753,
1200,2201756,-0.75358997,1.29642233561,0,inf,Intel Xeon Gold 6248,Reluctant,79189.9052156,
1200,2201759,-0.74965101,1.29746384644,0,inf,Intel Xeon Gold 6248,Reluctant,79222.4867603,
1200,2201762,-0.75312234,1.29700092628,0,inf,Intel Xeon Gold 6248,Reluctant,79290.5797392,
1200,2201765,-0.75425927,1.29662345557,0,inf,Intel Xeon Gold 6248,Reluctant,79286.0022066,
1200,2201768,-0.7543895,1.2971734652,0,inf,Intel Xeon Gold 6248,Reluctant,79360.9144433,
1200,2201771,-0.74730845,1.29459076179,0,inf,Intel Xeon Gold 6248,Reluctant,79076.3171515,
1200,2201774,-0.75276029,1.29615768877,0,inf,Intel Xeon Gold 6248,Reluctant,79198.176329,
1200,2201777,-0.75499704,1.29783929519,0,inf,Intel Xeon Gold 6248,Reluctant,79343.1660983,
1200,2201780,-0.75389702,1.29390262497,0,inf,Intel Xeon Gold 6248,Reluctant,79115.781344,
1200,2201783,-0.75126983,1.29596772879,0,inf,Intel Xeon Gold 6248,Reluctant,79223.1613842,
1200,2201786,-0.75031281,1.29450877854,0,inf,Intel Xeon Gold 6248,Reluctant,79135.2641926,
1200,2201789,-0.75528862,1.29481872026,0,inf,Intel Xeon Gold 6248,Reluctant,79165.2766299,
1200,2201792,-0.75258208,1.29706379047,0,inf,Intel Xeon Gold 6248,Reluctant,79257.9401204,
1200,2201795,-0.75452501,1.29633414905,0,inf,Intel Xeon Gold 6248,Reluctant,79245.2745236,
1200,2201798,-0.75499081,1.29715751645,0,inf,Intel Xeon Gold 6248,Reluctant,79325.2776329,
1200,2201801,-0.74884699,1.29535311615,0,inf,Intel Xeon Gold 6248,Reluctant,79120.0878636,
1200,2201804,-0.7501946,1.29360567954,0,inf,Intel Xeon Gold 6248,Reluctant,79020.9247743,
1200,2201807,-0.75485093,1.29551026108,0,inf,Intel Xeon Gold 6248,Reluctant,79219.4194584,
1200,2201810,-0.74526135,1.29514816851,0,inf,Intel Xeon Gold 6248,Reluctant,79057.3796389,
1200,2201813,-0.75112755,1.2961085678,0,inf,Intel Xeon Gold 6248,Reluctant,79204.1998997,
1200,2201816,-0.75573368,1.29811934213,0,inf,Intel Xeon Gold 6248,Reluctant,79386.9217653,
1200,2201819,-0.74838958,1.29540517673,0,inf,Intel Xeon Gold 6248,Reluctant,79156.0664995,
1200,2201822,-0.74588715,1.29453308215,0,inf,Intel Xeon Gold 6248,Reluctant,79058.9290873,
1200,2201825,-0.75198829,1.29694620792,0,inf,Intel Xeon Gold 6248,Reluctant,79280.25667,
1200,2201828,-0.76036568,1.29700288947,0,inf,Intel Xeon Gold 6248,Reluctant,79359.8567703,
1200,2201831,-0.75521395,1.29454752608,0,inf,Intel Xeon Gold 6248,Reluctant,79116.1315948,
1200,2201834,-0.74849534,1.29442983962,0,inf,Intel Xeon Gold 6248,Reluctant,79097.480341,
1200,2201837,-0.75179792,1.29413890261,0,inf,Intel Xeon Gold 6248,Reluctant,79135.7940822,
1200,2201840,-0.7479405,1.29375538175,0,inf,Intel Xeon Gold 6248,Reluctant,79080.6640923,
1200,2201843,-0.75473003,1.29573810692,0,inf,Intel Xeon Gold 6248,Reluctant,79230.5261785,
1200,2201846,-0.75452161,1.29592288164,0,inf,Intel Xeon Gold 6248,Reluctant,79241.8437312,
1200,2201849,-0.75243432,1.29625305396,0,inf,Intel Xeon Gold 6248,Reluctant,79285.8092277,
1200,2201852,-0.75372883,1.29707132397,0,inf,Intel Xeon Gold 6248,Reluctant,79331.7716148,
1200,2201855,-0.7508386,1.2959250662,0,inf,Intel Xeon Gold 6248,Reluctant,79246.2205617,
1200,2201858,-0.74965705,1.29458635095,0,inf,Intel Xeon Gold 6248,Reluctant,79179.4137412,
1200,2201861,-0.75673399,1.29682940712,0,inf,Intel Xeon Gold 6248,Reluctant,79382.3582748,
1200,2201864,-0.75312318,1.2960057324,0,inf,Intel Xeon Gold 6248,Reluctant,79244.5514544,
1200,2201867,-0.74991838,1.29513304453,0,inf,Intel Xeon Gold 6248,Reluctant,79149.9022066,
1200,2201870,-0.7601698,1.29692429017,0,inf,Intel Xeon Gold 6248,Reluctant,79349.5893681,
1200,2201873,-0.75680813,1.29697394514,0,inf,Intel Xeon Gold 6248,Reluctant,79329.7427282,
1200,2201876,-0.75639629,1.295380532,0,inf,Intel Xeon Gold 6248,Reluctant,79292.3481444,
1200,2201879,-0.75932317,1.29718641033,0,inf,Intel Xeon Gold 6248,Reluctant,79404.3436309,
1200,2201882,-0.75957028,1.29975982287,0,inf,Intel Xeon Gold 6248,Reluctant,79604.0729188,
1200,2201885,-0.75133892,1.29430997693,0,inf,Intel Xeon Gold 6248,Reluctant,79188.8422267,
1200,2201888,-0.74850705,1.29604577482,0,inf,Intel Xeon Gold 6248,Reluctant,79213.7839519,
1200,2201891,-0.75837449,1.29580489719,0,inf,Intel Xeon Gold 6248,Reluctant,79275.1923771,
1200,2201894,-0.75023821,1.29448856489,0,inf,Intel Xeon Gold 6248,Reluctant,79094.8561685,
1200,2201897,-0.75199303,1.29736352698,0,inf,Intel Xeon Gold 6248,Reluctant,79336.0514544,
1200,2201900,-0.75165944,1.29519385456,0,inf,Intel Xeon Gold 6248,Reluctant,79218.6517553,
1200,2201903,-0.74754924,1.29367786239,0,inf,Intel Xeon Gold 6248,Reluctant,79108.7895687,
1200,2201906,-0.74712153,1.29470446239,0,inf,Intel Xeon Gold 6248,Reluctant,79082.8769308,
1200,2201909,-0.75627107,1.29766060411,0,inf,Intel Xeon Gold 6248,Reluctant,79352.4646941,
1200,2201912,-0.75306086,1.29602520491,0,inf,Intel Xeon Gold 6248,Reluctant,79242.9374122,
1200,2201915,-0.7516439,1.29378054905,0,inf,Intel Xeon Gold 6248,Reluctant,79081.7704112,
1200,2201918,-0.75217154,1.29720052668,0,inf,Intel Xeon Gold 6248,Reluctant,79295.4222668,
1200,2201921,-0.75512774,1.2974504672,0,inf,Intel Xeon Gold 6248,Reluctant,79426.0395186,
1200,2201924,-0.75135571,1.29621392337,0,inf,Intel Xeon Gold 6248,Reluctant,79331.0640923,
1200,2201927,-0.75074852,1.29548700642,0,inf,Intel Xeon Gold 6248,Reluctant,79227.4194584,
1200,2201930,-0.75121424,1.29614424233,0,inf,Intel Xeon Gold 6248,Reluctant,79267.3919759,
1200,2201933,-0.75181152,1.29597682949,0,inf,Intel Xeon Gold 6248,Reluctant,79291.8457372,
1200,2201936,-0.76153377,1.29795640271,0,inf,Intel Xeon Gold 6248,Reluctant,79557.7346038,
1200,2201939,-0.75541854,1.29606570592,0,inf,Intel Xeon Gold 6248,Reluctant,79375.1320963,
1200,2201942,-0.75474942,1.29324642909,0,inf,Intel Xeon Gold 6248,Reluctant,79112.5303912,
1200,2201945,-0.75395343,1.29654758816,0,inf,Intel Xeon Gold 6248,Reluctant,79322.2971916,
1200,2201948,-0.75656295,1.29616468726,0,inf,Intel Xeon Gold 6248,Reluctant,79363.3756269,
1200,2201951,-0.75661578,1.29456165196,0,inf,Intel Xeon Gold 6248,Reluctant,79254.9967904,
1200,2201954,-0.75199723,1.29447458044,0,inf,Intel Xeon Gold 6248,Reluctant,79234.6214644,
1200,2201957,-0.75934933,1.29524957332,0,inf,Intel Xeon Gold 6248,Reluctant,79300.9805416,
1200,2201960,-0.74749851,1.29257206128,0,inf,Intel Xeon Gold 6248,Reluctant,79052.9859579,
1200,2201963,-0.75331305,1.29541255206,0,inf,Intel Xeon Gold 6248,Reluctant,79290.6513541,
1200,2201966,-0.74948515,1.29367355486,0,inf,Intel Xeon Gold 6248,Reluctant,79171.874323,
1200,2201969,-0.75301225,1.29465587914,0,inf,Intel Xeon Gold 6248,Reluctant,79237.8565697,
1200,2201972,-0.75401793,1.29609902497,0,inf,Intel Xeon Gold 6248,Reluctant,79328.6950853,
1200,2201975,-0.75698801,1.29513833119,0,inf,Intel Xeon Gold 6248,Reluctant,79282.4215647,
1200,2201978,-0.756647,1.29629535878,0,inf,Intel Xeon Gold 6248,Reluctant,79439.0934804,
1200,2201981,-0.75187529,1.29464225958,0,inf,Intel Xeon Gold 6248,Reluctant,79276.2115346,
1200,2201984,-0.75019779,1.29542600772,0,inf,Intel Xeon Gold 6248,Reluctant,79275.9557673,
1200,2201987,-0.75796796,1.29361263059,0,inf,Intel Xeon Gold 6248,Reluctant,79182.4587763,
1200,2201990,-0.75433419,1.29635803109,0,inf,Intel Xeon Gold 6248,Reluctant,79354.2391174,
1200,2201993,-0.75179125,1.29730014443,0,inf,Intel Xeon Gold 6248,Reluctant,79372.0095286,
1200,2201996,-0.74745768,1.29235067322,0,inf,Intel Xeon Gold 6248,Reluctant,78987.5539619,
1200,2201999,-0.75567501,1.2951875338,0,inf,Intel Xeon Gold 6248,Reluctant,79301.5270812,
1200,2202002,-0.75147961,1.29346538455,0,inf,Intel Xeon Gold 6248,Reluctant,79131.5464393,
1200,2202005,-0.75412236,1.29456487884,0,inf,Intel Xeon Gold 6248,Reluctant,79261.3255767,
1200,2202008,-0.7499393,1.29158965065,0,inf,Intel Xeon Gold 6248,Reluctant,79019.9215647,
1200,2202011,-0.75971421,1.29780924744,0,inf,Intel Xeon Gold 6248,Reluctant,79523.088666,
1200,2202014,-0.74532893,1.29270661384,0,inf,Intel Xeon Gold 6248,Reluctant,79029.1295888,
1200,2202017,-0.75391263,1.2973567003,0,inf,Intel Xeon Gold 6248,Reluctant,79427.1882648,
1200,2202020,-0.75186978,1.2920557337,0,inf,Intel Xeon Gold 6248,Reluctant,79095.6201605,
1200,2202023,-0.75082033,1.29267738626,0,inf,Intel Xeon Gold 6248,Reluctant,79179.4055165,
1200,2202026,-0.76086794,1.29750305246,0,inf,Intel Xeon Gold 6248,Reluctant,79509.4377131,
1200,2202029,-0.75567742,1.295201568,0,inf,Intel Xeon Gold 6248,Reluctant,79350.889669,
1400,2401732,-0.75221396,1.96804044132,0,inf,Intel Xeon Gold 6248,Reluctant,103913.136209,
1400,2401735,-0.75242958,1.96433564794,0,inf,Intel Xeon Gold 6248,Reluctant,103665.194885,
1400,2401738,-0.75382503,1.96475468967,0,inf,Intel Xeon Gold 6248,Reluctant,103683.557071,
1400,2401741,-0.75569529,1.96793812919,0,inf,Intel Xeon Gold 6248,Reluctant,103970.98987,
1400,2401744,-0.75191238,1.96415451986,0,inf,Intel Xeon Gold 6248,Reluctant,103646.918957,
1400,2401747,-0.75245373,1.96437277904,0,inf,Intel Xeon Gold 6248,Reluctant,103660.461886,
1400,2401750,-0.75456084,1.96763890542,0,inf,Intel Xeon Gold 6248,Reluctant,103861.213139,
1400,2401753,-0.74917828,1.96557236088,0,inf,Intel Xeon Gold 6248,Reluctant,103712.710532,
1400,2401756,-0.75074677,1.96283764975,0,inf,Intel Xeon Gold 6248,Reluctant,103543.195988,
1400,2401759,-0.75326944,1.96653165547,0,inf,Intel Xeon Gold 6248,Reluctant,103794.381444,
1400,2401762,-0.75562894,1.96551488847,0,inf,Intel Xeon Gold 6248,Reluctant,103725.472618,
1400,2401765,-0.7542251,1.96598805507,0,inf,Intel Xeon Gold 6248,Reluctant,103817.531194,
1400,2401768,-0.74999054,1.96539437834,0,inf,Intel Xeon Gold 6248,Reluctant,103683.057673,
1400,2401771,-0.75103348,1.96646889559,0,inf,Intel Xeon Gold 6248,Reluctant,103778.427382,
1400,2401774,-0.74631267,1.96223104002,0,inf,Intel Xeon Gold 6248,Reluctant,103558.073019,
1400,2401777,-0.75026934,1.96489102156,0,inf,Intel Xeon Gold 6248,Reluctant,103733.660582,
1400,2401780,-0.74784679,1.96563404855,0,inf,Intel Xeon Gold 6248,Reluctant,103723.204614,
1400,2401783,-0.75239562,1.96674800171,0,inf,Intel Xeon Gold 6248,Reluctant,103814.688867,
1400,2401786,-0.75461604,1.97082898495,0,inf,Intel Xeon Gold 6248,Reluctant,104119.768104,
1400,2401789,-0.74996933,1.9650260986,0,inf,Intel Xeon Gold 6248,Reluctant,103726.398596,
1400,2401792,-0.74930412,1.96405884303,0,inf,Intel Xeon Gold 6248,Reluctant,103650.330391,
1400,2401795,-0.75594905,1.96673294403,0,inf,Intel Xeon Gold 6248,Reluctant,103828.578736,
1400,2401798,-0.75269784,1.96721882758,0,inf,Intel Xeon Gold 6248,Reluctant,103874.291675,
1400,2401801,-0.75292226,1.96608209749,0,inf,Intel Xeon Gold 6248,Reluctant,103811.901304,
1400,2401804,-0.75019043,1.96308330692,0,inf,Intel Xeon Gold 6248,Reluctant,103668.245236,
1400,2401807,-0.75050278,1.96233714784,0,inf,Intel Xeon Gold 6248,Reluctant,103583.810933,
1400,2401810,-0.75423263,1.96771511364,0,inf,Intel Xeon Gold 6248,Reluctant,103943.276329,
1400,2401813,-0.75396477,1.96675508656,0,inf,Intel Xeon Gold 6248,Reluctant,103928.482247,
1400,2401816,-0.75191372,1.96682171184,0,inf,Intel Xeon Gold 6248,Reluctant,103833.451555,
1400,2401819,-0.75222186,1.96252572357,0,inf,Intel Xeon Gold 6248,Reluctant,103618.930592,
1400,2401822,-0.75111269,1.96449427091,0,inf,Intel Xeon Gold 6248,Reluctant,103738.747141,
1400,2401825,-0.75525195,1.96688122899,0,inf,Intel Xeon Gold 6248,Reluctant,103971.876329,
1400,2401828,-0.75530337,1.96553431936,0,inf,Intel Xeon Gold 6248,Reluctant,103851.137011,
1400,2401831,-0.75002048,1.96538289157,0,inf,Intel Xeon Gold 6248,Reluctant,103761.141825,
1400,2401834,-0.75502347,1.96756655396,0,inf,Intel Xeon Gold 6248,Reluctant,104009.774524,
1400,2401837,-0.75649565,1.96700514634,0,inf,Intel Xeon Gold 6248,Reluctant,103988.374423,
1400,2401840,-0.7484637,1.96184590893,0,inf,Intel Xeon Gold 6248,Reluctant,103555.307021,
1400,2401843,-0.75293947,1.96385928195,0,inf,Intel Xeon Gold 6248,Reluctant,103809.385757,
1400,2401846,-0.75202945,1.96235499448,0,inf,Intel Xeon Gold 6248,Reluctant,103677.70652,
1400,2401849,-0.76087979,1.96691774804,0,inf,Intel Xeon Gold 6248,Reluctant,104057.47683,
1400,2401852,-0.75602122,1.96834797031,0,inf,Intel Xeon Gold 6248,Reluctant,104013.054764,
1400,2401855,-0.75224768,1.96366005055,0,inf,Intel Xeon Gold 6248,Reluctant,103732.558576,
1400,2401858,-0.75100239,1.96282982477,0,inf,Intel Xeon Gold 6248,Reluctant,103661.72317,
1400,2401861,-0.74948581,1.96403545336,0,inf,Intel Xeon Gold 6248,Reluctant,103759.695888,
1400,2401864,-0.75162471,1.96497568646,0,inf,Intel Xeon Gold 6248,Reluctant,103835.302207,
1400,2401867,-0.75625124,1.96430957783,0,inf,Intel Xeon Gold 6248,Reluctant,103862.517352,
1400,2401870,-0.7504763,1.95986429127,0,inf,Intel Xeon Gold 6248,Reluctant,103575.466399,
1400,2401873,-0.75434947,1.96069402307,0,inf,Intel Xeon Gold 6248,Reluctant,103620.619358,
1400,2401876,-0.74997549,1.96071332939,0,inf,Intel Xeon Gold 6248,Reluctant,103620.311635,
1400,2401879,-0.75183748,1.96349137733,0,inf,Intel Xeon Gold 6248,Reluctant,103791.374122,
1400,2401882,-0.75337507,1.96621102568,0,inf,Intel Xeon Gold 6248,Reluctant,103999.216449,
1400,2401885,-0.75487978,1.96103323791,0,inf,Intel Xeon Gold 6248,Reluctant,103672.000802,
1400,2401888,-0.7493211,1.95773158636,0,inf,Intel Xeon Gold 6248,Reluctant,103433.316048,
1400,2401891,-0.74815432,1.95854748365,0,inf,Intel Xeon Gold 6248,Reluctant,103445.64012,
1400,2401894,-0.75509784,1.96439100832,0,inf,Intel Xeon Gold 6248,Reluctant,103873.120562,
1400,2401897,-0.75261749,1.96571128766,0,inf,Intel Xeon Gold 6248,Reluctant,103956.603611,
1400,2401900,-0.75251787,1.96206485376,0,inf,Intel Xeon Gold 6248,Reluctant,103811.852056,
1400,2401903,-0.7578218,1.96324822959,0,inf,Intel Xeon Gold 6248,Reluctant,103845.221364,
1400,2401906,-0.75417123,1.95693156419,0,inf,Intel Xeon Gold 6248,Reluctant,103517.801705,
1400,2401909,-0.754697,1.96311437222,0,inf,Intel Xeon Gold 6248,Reluctant,103826.00331,
1400,2401912,-0.74771984,1.96141249639,0,inf,Intel Xeon Gold 6248,Reluctant,103652.917954,
1400,2401915,-0.75168305,1.96202833972,0,inf,Intel Xeon Gold 6248,Reluctant,103632.864794,
1400,2401918,-0.75356759,1.96660040271,0,inf,Intel Xeon Gold 6248,Reluctant,103909.450752,
1400,2401921,-0.75639614,1.96436705777,0,inf,Intel Xeon Gold 6248,Reluctant,103800.578435,
1400,2401924,-0.75228844,1.96144524002,0,inf,Intel Xeon Gold 6248,Reluctant,103687.071314,
1400,2401927,-0.75540117,1.96245835817,0,inf,Intel Xeon Gold 6248,Reluctant,103888.22989,
1400,2401930,-0.75022379,1.96373771775,0,inf,Intel Xeon Gold 6248,Reluctant,103776.125276,
1400,2401933,-0.75305128,1.96463528516,0,inf,Intel Xeon Gold 6248,Reluctant,103822.806921,
1400,2401936,-0.75177463,1.96131579679,0,inf,Intel Xeon Gold 6248,Reluctant,103702.742828,
1400,2401939,-0.7489888,1.95746627603,0,inf,Intel Xeon Gold 6248,Reluctant,103486.564694,
1400,2401942,-0.74998217,1.96369326459,0,inf,Intel Xeon Gold 6248,Reluctant,103753.138716,
1400,2401945,-0.75642802,1.96434518235,0,inf,Intel Xeon Gold 6248,Reluctant,103887.644233,
1400,2401948,-0.75244743,1.96172270421,0,inf,Intel Xeon Gold 6248,Reluctant,103734.355567,
1400,2401951,-0.75062437,1.96275415165,0,inf,Intel Xeon Gold 6248,Reluctant,103731.510632,
1400,2401954,-0.75902176,1.9676295674,0,inf,Intel Xeon Gold 6248,Reluctant,104133.406018,
1400,2401957,-0.75027019,1.95874018857,0,inf,Intel Xeon Gold 6248,Reluctant,103494.096991,
1400,2401960,-0.74928677,1.96124250181,0,inf,Intel Xeon Gold 6248,Reluctant,103642.306219,
1400,2401963,-0.75694039,1.96481412558,0,inf,Intel Xeon Gold 6248,Reluctant,103994.105517,
1400,2401966,-0.75354774,1.96663680471,0,inf,Intel Xeon Gold 6248,Reluctant,104008.815446,
1400,2401969,-0.75733795,1.96327398967,0,inf,Intel Xeon Gold 6248,Reluctant,103863.016148,
1400,2401972,-0.74886503,1.9605048328,0,inf,Intel Xeon Gold 6248,Reluctant,103617.324173,
1400,2401975,-0.74916476,1.96293806219,0,inf,Intel Xeon Gold 6248,Reluctant,103778.098696,
1400,2401978,-0.75477029,1.96642086108,0,inf,Intel Xeon Gold 6248,Reluctant,103974.41003,
1400,2401981,-0.75269163,1.96101677051,0,inf,Intel Xeon Gold 6248,Reluctant,103667.127382,
1400,2401984,-0.75357916,1.96160549509,0,inf,Intel Xeon Gold 6248,Reluctant,103728.478335,
1400,2401987,-0.75292101,1.96323821605,0,inf,Intel Xeon Gold 6248,Reluctant,103855.178134,
1400,2401990,-0.75670221,1.96406020943,0,inf,Intel Xeon Gold 6248,Reluctant,103915.341224,
1400,2401993,-0.75111691,1.96146995216,0,inf,Intel Xeon Gold 6248,Reluctant,103742.356871,
1400,2401996,-0.7533144,1.96307668034,0,inf,Intel Xeon Gold 6248,Reluctant,103859.083551,
1400,2401999,-0.76322523,1.96758512467,0,inf,Intel Xeon Gold 6248,Reluctant,104349.276329,
1400,2402002,-0.75274666,1.96024539629,0,inf,Intel Xeon Gold 6248,Reluctant,103643.160381,
1400,2402005,-0.75175909,1.96239596169,0,inf,Intel Xeon Gold 6248,Reluctant,103826.650552,
1400,2402008,-0.7522336,1.95991188766,0,inf,Intel Xeon Gold 6248,Reluctant,103670.403009,
1400,2402011,-0.75298363,1.96302962287,0,inf,Intel Xeon Gold 6248,Reluctant,103721.249749,
1400,2402014,-0.75202702,1.96189375777,0,inf,Intel Xeon Gold 6248,Reluctant,103781.734102,
1400,2402017,-0.75602379,1.9622082656,0,inf,Intel Xeon Gold 6248,Reluctant,103874.384754,
1400,2402020,-0.75135554,1.9618563336,0,inf,Intel Xeon Gold 6248,Reluctant,103795.689168,
1400,2402023,-0.74935715,1.96164021946,0,inf,Intel Xeon Gold 6248,Reluctant,103776.320863,
1400,2402026,-0.7531502,1.96107951876,0,inf,Intel Xeon Gold 6248,Reluctant,103739.021966,
1400,2402029,-0.75352345,1.96372208987,0,inf,Intel Xeon Gold 6248,Reluctant,103900.681244,
1600,2601732,-0.74840502,2.84223256329,0,inf,Intel Xeon Gold 6248,Reluctant,131696.63671,
1600,2601735,-0.74953286,2.84230327533,0,inf,Intel Xeon Gold 6248,Reluctant,131699.014544,
1600,2601738,-0.7527373,2.84313122618,0,inf,Intel Xeon Gold 6248,Reluctant,131702.061685,
1600,2601741,-0.75335839,2.84232877272,0,inf,Intel Xeon Gold 6248,Reluctant,131802.754764,
1600,2601744,-0.74956029,2.83812388516,0,inf,Intel Xeon Gold 6248,Reluctant,131438.295486,
1600,2601747,-0.75512796,2.8489923989,0,inf,Intel Xeon Gold 6248,Reluctant,132128.917553,
1600,2601750,-0.75641336,2.85132084714,0,inf,Intel Xeon Gold 6248,Reluctant,132236.753159,
1600,2601753,-0.75489775,2.84338293852,0,inf,Intel Xeon Gold 6248,Reluctant,131773.855767,
1600,2601756,-0.75160048,2.84452628134,0,inf,Intel Xeon Gold 6248,Reluctant,131786.87994,
1600,2601759,-0.75314597,2.84524789087,0,inf,Intel Xeon Gold 6248,Reluctant,131817.716249,
1600,2601762,-0.74961207,2.84488711705,0,inf,Intel Xeon Gold 6248,Reluctant,131775.875727,
1600,2601765,-0.7515876,2.8489157662,0,inf,Intel Xeon Gold 6248,Reluctant,132010.297392,
1600,2601768,-0.75213999,2.84421814132,0,inf,Intel Xeon Gold 6248,Reluctant,131884.27001,
1600,2601771,-0.75278315,2.8415031318,0,inf,Intel Xeon Gold 6248,Reluctant,131691.074724,
1600,2601774,-0.74776109,2.83843721645,0,inf,Intel Xeon Gold 6248,Reluctant,131527.894082,
1600,2601777,-0.75504533,2.84316795807,0,inf,Intel Xeon Gold 6248,Reluctant,131829.349448,
1600,2601780,-0.75377615,2.8465280656,0,inf,Intel Xeon Gold 6248,Reluctant,132044.396991,
1600,2601783,-0.74961557,2.83995288776,0,inf,Intel Xeon Gold 6248,Reluctant,131684.284152,
1600,2601786,-0.74929207,2.84150366269,0,inf,Intel Xeon Gold 6248,Reluctant,131719.164393,
1600,2601789,-0.75089369,2.84244581444,0,inf,Intel Xeon Gold 6248,Reluctant,131729.965797,
1600,2601792,-0.75074103,2.83793365878,0,inf,Intel Xeon Gold 6248,Reluctant,131680.57653,
1600,2601795,-0.75691225,2.84049837111,0,inf,Intel Xeon Gold 6248,Reluctant,131780.043831,
1600,2601798,-0.75212352,2.83913730451,0,inf,Intel Xeon Gold 6248,Reluctant,131630.931294,
1600,2601801,-0.75534316,2.84387507924,0,inf,Intel Xeon Gold 6248,Reluctant,131894.940923,
1600,2601804,-0.74876281,2.83597227262,0,inf,Intel Xeon Gold 6248,Reluctant,131521.072417,
1600,2601807,-0.75539271,2.84648631846,0,inf,Intel Xeon Gold 6248,Reluctant,132053.667603,
1600,2601810,-0.75471434,2.84748204243,0,inf,Intel Xeon Gold 6248,Reluctant,132106.066901,
1600,2601813,-0.75697363,2.839545533,0,inf,Intel Xeon Gold 6248,Reluctant,131702.728786,
1600,2601816,-0.7512447,2.84050913591,0,inf,Intel Xeon Gold 6248,Reluctant,131777.654062,
1600,2601819,-0.75312494,2.84217264905,0,inf,Intel Xeon Gold 6248,Reluctant,131843.921866,
1600,2601822,-0.75272609,2.84280131194,0,inf,Intel Xeon Gold 6248,Reluctant,131944.01013,
1600,2601825,-0.7501042,2.83676131013,0,inf,Intel Xeon Gold 6248,Reluctant,131685.830692,
1600,2601828,-0.75691816,2.84282071444,0,inf,Intel Xeon Gold 6248,Reluctant,131974.783551,
1600,2601831,-0.75665064,2.84427484453,0,inf,Intel Xeon Gold 6248,Reluctant,131966.695486,
1600,2601834,-0.75422411,2.83872057001,0,inf,Intel Xeon Gold 6248,Reluctant,131653.540421,
1600,2601837,-0.75301692,2.84277945406,0,inf,Intel Xeon Gold 6248,Reluctant,131950.782046,
1600,2601840,-0.75762723,2.84508654985,0,inf,Intel Xeon Gold 6248,Reluctant,132049.789468,
1600,2601843,-0.75325316,2.83960492869,0,inf,Intel Xeon Gold 6248,Reluctant,131826.110832,
1600,2601846,-0.75515283,2.8400968332,0,inf,Intel Xeon Gold 6248,Reluctant,131894.934604,
1600,2601849,-0.74762515,2.83251043791,0,inf,Intel Xeon Gold 6248,Reluctant,131376.061484,
1600,2601852,-0.75033547,2.83751237914,0,inf,Intel Xeon Gold 6248,Reluctant,131692.047242,
1600,2601855,-0.75143801,2.83617988044,0,inf,Intel Xeon Gold 6248,Reluctant,131614.482949,
1600,2601858,-0.75773762,2.84114497312,0,inf,Intel Xeon Gold 6248,Reluctant,132063.832698,
1600,2601861,-0.75102634,2.83666329378,0,inf,Intel Xeon Gold 6248,Reluctant,131700.097894,
1600,2601864,-0.75160227,2.8372579332,0,inf,Intel Xeon Gold 6248,Reluctant,131724.361484,
1600,2601867,-0.7533423,2.83975048546,0,inf,Intel Xeon Gold 6248,Reluctant,131795.576128,
1600,2601870,-0.75137233,2.83939391916,0,inf,Intel Xeon Gold 6248,Reluctant,131805.415346,
1600,2601873,-0.75370542,2.83809082327,0,inf,Intel Xeon Gold 6248,Reluctant,131846.051254,
1600,2601876,-0.76219101,2.83950346219,0,inf,Intel Xeon Gold 6248,Reluctant,131942.595787,
1600,2601879,-0.75372397,2.83552056851,0,inf,Intel Xeon Gold 6248,Reluctant,131742.9,
1600,2601882,-0.74608963,2.83196012337,0,inf,Intel Xeon Gold 6248,Reluctant,131410.451956,
1600,2601885,-0.75229797,2.83557777282,0,inf,Intel Xeon Gold 6248,Reluctant,131664.596088,
1600,2601888,-0.75270782,2.83974562538,0,inf,Intel Xeon Gold 6248,Reluctant,131856.120261,
1600,2601891,-0.75182738,2.83968677783,0,inf,Intel Xeon Gold 6248,Reluctant,131921.866098,
1600,2601894,-0.75374474,2.84101519729,0,inf,Intel Xeon Gold 6248,Reluctant,131970.511334,
1600,2601897,-0.75500544,2.84235694704,0,inf,Intel Xeon Gold 6248,Reluctant,131964.629789,
1600,2601900,-0.75204143,2.83918039368,0,inf,Intel Xeon Gold 6248,Reluctant,131896.043129,
1600,2601903,-0.75408617,2.84165626249,0,inf,Intel Xeon Gold 6248,Reluctant,132016.486359,
1600,2601906,-0.75228208,2.83975104945,0,inf,Intel Xeon Gold 6248,Reluctant,131897.991174,
1600,2601909,-0.75471674,2.83477268285,0,inf,Intel Xeon Gold 6248,Reluctant,131719.430692,
1600,2601912,-0.75115513,2.83702956499,0,inf,Intel Xeon Gold 6248,Reluctant,131792.316148,
1600,2601915,-0.74930835,2.83872642136,0,inf,Intel Xeon Gold 6248,Reluctant,131803.146841,
1600,2601918,-0.75501091,2.83644486861,0,inf,Intel Xeon Gold 6248,Reluctant,131797.957773,
1600,2601921,-0.75144552,2.83365677011,0,inf,Intel Xeon Gold 6248,Reluctant,131646.968104,
1600,2601924,-0.76045053,2.84652915747,0,inf,Intel Xeon Gold 6248,Reluctant,132381.164694,
1600,2601927,-0.74978231,2.83802830351,0,inf,Intel Xeon Gold 6248,Reluctant,131790.366199,
1600,2601930,-0.75318019,2.83615254814,0,inf,Intel Xeon Gold 6248,Reluctant,131815.094483,
1600,2601933,-0.75241624,2.83928705196,0,inf,Intel Xeon Gold 6248,Reluctant,131746.602207,
1600,2601936,-0.75228233,2.8362485998,0,inf,Intel Xeon Gold 6248,Reluctant,131718.958275,
1600,2601939,-0.7507861,2.83952077021,0,inf,Intel Xeon Gold 6248,Reluctant,131916.385155,
1600,2601942,-0.75221383,2.8344895015,0,inf,Intel Xeon Gold 6248,Reluctant,131621.206419,
1600,2601945,-0.75097055,2.83649473922,0,inf,Intel Xeon Gold 6248,Reluctant,131682.362588,
1600,2601948,-0.75477303,2.83580357823,0,inf,Intel Xeon Gold 6248,Reluctant,131745.018054,
1600,2601951,-0.75003011,2.8339316679,0,inf,Intel Xeon Gold 6248,Reluctant,131571.371815,
1600,2601954,-0.75247574,2.83809075527,0,inf,Intel Xeon Gold 6248,Reluctant,131884.161284,
1600,2601957,-0.75300548,2.83954553621,0,inf,Intel Xeon Gold 6248,Reluctant,132068.034102,
1600,2601960,-0.75191751,2.83866037392,0,inf,Intel Xeon Gold 6248,Reluctant,131876.079037,
1600,2601963,-0.74967227,2.83297777513,0,inf,Intel Xeon Gold 6248,Reluctant,131544.318857,
1600,2601966,-0.75506662,2.83859611625,0,inf,Intel Xeon Gold 6248,Reluctant,131924.24995,
1600,2601969,-0.75697388,2.84164028586,0,inf,Intel Xeon Gold 6248,Reluctant,132136.237914,
1600,2601972,-0.75097024,2.83605907262,0,inf,Intel Xeon Gold 6248,Reluctant,131685.431795,
1600,2601975,-0.75047634,2.83273980762,0,inf,Intel Xeon Gold 6248,Reluctant,131548.786058,
1600,2601978,-0.7508673,2.83237576931,0,inf,Intel Xeon Gold 6248,Reluctant,131520.360682,
1600,2601981,-0.75064439,2.83652307182,0,inf,Intel Xeon Gold 6248,Reluctant,131759.896489,
1600,2601984,-0.74982513,2.83499929468,0,inf,Intel Xeon Gold 6248,Reluctant,131747.094584,
1600,2601987,-0.75161772,2.83711213531,0,inf,Intel Xeon Gold 6248,Reluctant,131895.383852,
1600,2601990,-0.75423743,2.83744842778,0,inf,Intel Xeon Gold 6248,Reluctant,131888.352257,
1600,2601993,-0.75416848,2.84112611434,0,inf,Intel Xeon Gold 6248,Reluctant,131953.401304,
1600,2601996,-0.74921068,2.83223208134,0,inf,Intel Xeon Gold 6248,Reluctant,131515.633099,
1600,2601999,-0.75167547,2.83909299519,0,inf,Intel Xeon Gold 6248,Reluctant,131893.222467,
1600,2602002,-0.75225278,2.83720558596,0,inf,Intel Xeon Gold 6248,Reluctant,131806.583751,
1600,2602005,-0.74582163,2.83201577894,0,inf,Intel Xeon Gold 6248,Reluctant,131440.899298,
1600,2602008,-0.75168642,2.83554994504,0,inf,Intel Xeon Gold 6248,Reluctant,131713.775727,
1600,2602011,-0.75776982,2.8421655319,0,inf,Intel Xeon Gold 6248,Reluctant,132167.798195,
1600,2602014,-0.75117298,2.83603935346,0,inf,Intel Xeon Gold 6248,Reluctant,131674.352457,
1600,2602017,-0.7519419,2.83513691775,0,inf,Intel Xeon Gold 6248,Reluctant,131699.16008,
1600,2602020,-0.74928103,2.83268247362,0,inf,Intel Xeon Gold 6248,Reluctant,131533.325176,
1600,2602023,-0.74975222,2.83305401043,0,inf,Intel Xeon Gold 6248,Reluctant,131587.508225,
1600,2602026,-0.75093503,2.83416661093,0,inf,Intel Xeon Gold 6248,Reluctant,131669.645537,
1600,2602029,-0.75159186,2.83762113741,0,inf,Intel Xeon Gold 6248,Reluctant,131800.259077,
2000,3001732,-0.75211644,5.36780336148,0,inf,Intel Xeon Gold 6248,Reluctant,198590.998596,
2000,3001735,-0.75350764,5.3673745347,0,inf,Intel Xeon Gold 6248,Reluctant,198685.325075,
2000,3001738,-0.75386287,5.36844502006,0,inf,Intel Xeon Gold 6248,Reluctant,198782.742728,
2000,3001741,-0.75606282,5.36720034383,0,inf,Intel Xeon Gold 6248,Reluctant,198665.026078,
2000,3001744,-0.7551814,5.36102220481,0,inf,Intel Xeon Gold 6248,Reluctant,198495.338114,
2000,3001747,-0.75775535,5.36835259639,0,inf,Intel Xeon Gold 6248,Reluctant,198896.205216,
2000,3001750,-0.75342649,5.36611407633,0,inf,Intel Xeon Gold 6248,Reluctant,198772.317252,
2000,3001753,-0.75139349,5.3566026332,0,inf,Intel Xeon Gold 6248,Reluctant,198236.931294,
2000,3001756,-0.75081825,5.35905374784,0,inf,Intel Xeon Gold 6248,Reluctant,198352.886861,
2000,3001759,-0.75771128,5.37339851886,0,inf,Intel Xeon Gold 6248,Reluctant,199119.508626,
2000,3001762,-0.75305821,5.36435567954,0,inf,Intel Xeon Gold 6248,Reluctant,198605.992377,
2000,3001765,-0.75383394,5.36570832528,0,inf,Intel Xeon Gold 6248,Reluctant,198626.734604,
2000,3001768,-0.75394282,5.36526479819,0,inf,Intel Xeon Gold 6248,Reluctant,198745.351254,
2000,3001771,-0.75117176,5.35771632708,0,inf,Intel Xeon Gold 6248,Reluctant,198361.908124,
2000,3001774,-0.75129684,5.35887690742,0,inf,Intel Xeon Gold 6248,Reluctant,198444.632497,
2000,3001777,-0.75394403,5.36848775346,0,inf,Intel Xeon Gold 6248,Reluctant,198928.271715,
2000,3001780,-0.75152217,5.35546516158,0,inf,Intel Xeon Gold 6248,Reluctant,198218.459679,
2000,3001783,-0.75018559,5.34727387583,0,inf,Intel Xeon Gold 6248,Reluctant,197968.674022,
2000,3001786,-0.75089346,5.35644791123,0,inf,Intel Xeon Gold 6248,Reluctant,198370.510331,
2000,3001789,-0.75334156,5.36359105005,0,inf,Intel Xeon Gold 6248,Reluctant,198674.207924,
2000,3001792,-0.75079583,5.35279242046,0,inf,Intel Xeon Gold 6248,Reluctant,198164.998295,
2000,3001795,-0.75498913,5.36443901043,0,inf,Intel Xeon Gold 6248,Reluctant,198811.509829,
2000,3001798,-0.75544323,5.35876073741,0,inf,Intel Xeon Gold 6248,Reluctant,198582.238616,
2000,3001801,-0.75325721,5.35780870792,0,inf,Intel Xeon Gold 6248,Reluctant,198447.297091,
2000,3001804,-0.75204024,5.36176377111,0,inf,Intel Xeon Gold 6248,Reluctant,198562.847041,
2000,3001807,-0.75870252,5.36218809117,0,inf,Intel Xeon Gold 6248,Reluctant,198699.625476,
2000,3001810,-0.75352216,5.35231130792,0,inf,Intel Xeon Gold 6248,Reluctant,198207.007523,
2000,3001813,-0.75032116,5.35720568215,0,inf,Intel Xeon Gold 6248,Reluctant,198481.111234,
2000,3001816,-0.75323676,5.35651846118,0,inf,Intel Xeon Gold 6248,Reluctant,198456.712738,
2000,3001819,-0.75736786,5.36490292447,0,inf,Intel Xeon Gold 6248,Reluctant,198958.35015,
2000,3001822,-0.75435338,5.35357249047,0,inf,Intel Xeon Gold 6248,Reluctant,198319.661986,
2000,3001825,-0.75287555,5.36076694514,0,inf,Intel Xeon Gold 6248,Reluctant,198618.173821,
2000,3001828,-0.75213301,5.35603401143,0,inf,Intel Xeon Gold 6248,Reluctant,198232.7332,
2000,3001831,-0.7530202,5.3592786337,0,inf,Intel Xeon Gold 6248,Reluctant,198554.565095,
2000,3001834,-0.74986584,5.35653764373,0,inf,Intel Xeon Gold 6248,Reluctant,198346.85005,
2000,3001837,-0.75366446,5.35785710201,0,inf,Intel Xeon Gold 6248,Reluctant,198457.485858,
2000,3001840,-0.75167356,5.36321171464,0,inf,Intel Xeon Gold 6248,Reluctant,198697.621866,
2000,3001843,-0.75674127,5.35887432518,0,inf,Intel Xeon Gold 6248,Reluctant,198534.613641,
2000,3001846,-0.75192073,5.35948525848,0,inf,Intel Xeon Gold 6248,Reluctant,198524.96349,
2000,3001849,-0.75196247,5.36027278285,0,inf,Intel Xeon Gold 6248,Reluctant,198559.727081,
2000,3001852,-0.74665894,5.34754191515,0,inf,Intel Xeon Gold 6248,Reluctant,197865.927984,
2000,3001855,-0.75235582,5.35878810371,0,inf,Intel Xeon Gold 6248,Reluctant,198539.766399,
2000,3001858,-0.75286978,5.36358093882,0,inf,Intel Xeon Gold 6248,Reluctant,198600.120863,
2000,3001861,-0.75608298,5.36500301635,0,inf,Intel Xeon Gold 6248,Reluctant,198867.272217,
2000,3001864,-0.75293745,5.3596833336,0,inf,Intel Xeon Gold 6248,Reluctant,198639.928084,
2000,3001867,-0.75387924,5.3602465984,0,inf,Intel Xeon Gold 6248,Reluctant,198662.487262,
2000,3001870,-0.75443748,5.3635806013,0,inf,Intel Xeon Gold 6248,Reluctant,198710.768907,
2000,3001873,-0.74680195,5.34843474303,0,inf,Intel Xeon Gold 6248,Reluctant,198051.891174,
2000,3001876,-0.75050345,5.35231471294,0,inf,Intel Xeon Gold 6248,Reluctant,198299.181244,
2000,3001879,-0.75238317,5.35660888465,0,inf,Intel Xeon Gold 6248,Reluctant,198446.026881,
2000,3001882,-0.74912567,5.3521371651,0,inf,Intel Xeon Gold 6248,Reluctant,198306.930692,
2000,3001885,-0.75389781,5.36351522427,0,inf,Intel Xeon Gold 6248,Reluctant,198806.886058,
2000,3001888,-0.75412457,5.35522872377,0,inf,Intel Xeon Gold 6248,Reluctant,198419.82999,
2000,3001891,-0.7538052,5.36045821755,0,inf,Intel Xeon Gold 6248,Reluctant,198589.965396,
2000,3001894,-0.75247309,5.35625538837,0,inf,Intel Xeon Gold 6248,Reluctant,198325.066499,
2000,3001897,-0.74829215,5.34534761284,0,inf,Intel Xeon Gold 6248,Reluctant,197866.354865,
2000,3001900,-0.74989958,5.35334616931,0,inf,Intel Xeon Gold 6248,Reluctant,198182.126179,
2000,3001903,-0.75181233,5.35256056459,0,inf,Intel Xeon Gold 6248,Reluctant,198245.584453,
2000,3001906,-0.75137144,5.3512912013,0,inf,Intel Xeon Gold 6248,Reluctant,198241.667202,
2000,3001909,-0.74900341,5.34984466891,0,inf,Intel Xeon Gold 6248,Reluctant,198105.197593,
2000,3001912,-0.75169744,5.35705675396,0,inf,Intel Xeon Gold 6248,Reluctant,198452.117452,
2000,3001915,-0.7503298,5.35292431996,0,inf,Intel Xeon Gold 6248,Reluctant,198269.605316,
2000,3001918,-0.74985411,5.3492192012,0,inf,Intel Xeon Gold 6248,Reluctant,198225.63009,
2000,3001921,-0.75272175,5.35074649388,0,inf,Intel Xeon Gold 6248,Reluctant,198282.148847,
2000,3001924,-0.75559581,5.35707293621,0,inf,Intel Xeon Gold 6248,Reluctant,198534.111434,
2000,3001927,-0.75470594,5.36209685777,0,inf,Intel Xeon Gold 6248,Reluctant,198643.394784,
2000,3001930,-0.75624063,5.36386768506,0,inf,Intel Xeon Gold 6248,Reluctant,198811.902307,
2000,3001933,-0.75293184,5.36541936309,0,inf,Intel Xeon Gold 6248,Reluctant,198814.260582,
2000,3001936,-0.75408137,5.35786443501,0,inf,Intel Xeon Gold 6248,Reluctant,198507.01334,
2000,3001939,-0.75061396,5.35515770903,0,inf,Intel Xeon Gold 6248,Reluctant,198311.468405,
2000,3001942,-0.75643764,5.36099716279,0,inf,Intel Xeon Gold 6248,Reluctant,198743.846339,
2000,3001945,-0.75598483,5.36712321896,0,inf,Intel Xeon Gold 6248,Reluctant,198921.918054,
2000,3001948,-0.75250135,5.358952866,0,inf,Intel Xeon Gold 6248,Reluctant,198560.364594,
2000,3001951,-0.75128205,5.35700037412,0,inf,Intel Xeon Gold 6248,Reluctant,198435.610532,
2000,3001954,-0.75166719,5.35565993089,0,inf,Intel Xeon Gold 6248,Reluctant,198483.986158,
2000,3001957,-0.75060788,5.36115459027,0,inf,Intel Xeon Gold 6248,Reluctant,198700.513741,
2000,3001960,-0.75534392,5.36297267743,0,inf,Intel Xeon Gold 6248,Reluctant,198697.7333,
2000,3001963,-0.75430531,5.35859019017,0,inf,Intel Xeon Gold 6248,Reluctant,198537.022869,
2000,3001966,-0.75773202,5.36556619117,0,inf,Intel Xeon Gold 6248,Reluctant,198941.257573,
2000,3001969,-0.75444533,5.3616270675,0,inf,Intel Xeon Gold 6248,Reluctant,198614.267703,
2000,3001972,-0.75395069,5.36021043882,0,inf,Intel Xeon Gold 6248,Reluctant,198587.694985,
2000,3001975,-0.75347704,5.35812981825,0,inf,Intel Xeon Gold 6248,Reluctant,198527.904413,
2000,3001978,-0.75205724,5.35819284062,0,inf,Intel Xeon Gold 6248,Reluctant,198494.376931,
2000,3001981,-0.75264924,5.36029172427,0,inf,Intel Xeon Gold 6248,Reluctant,198592.420863,
2000,3001984,-0.75197993,5.363191566,0,inf,Intel Xeon Gold 6248,Reluctant,198747.478937,
2000,3001987,-0.75447024,5.35027922818,0,inf,Intel Xeon Gold 6248,Reluctant,198292.207723,
2000,3001990,-0.75317451,5.3580139011,0,inf,Intel Xeon Gold 6248,Reluctant,198481.571414,
2000,3001993,-0.75164722,5.34874248485,0,inf,Intel Xeon Gold 6248,Reluctant,198197.77673,
2000,3001996,-0.75139655,5.36154788977,0,inf,Intel Xeon Gold 6248,Reluctant,198599.152257,
2000,3001999,-0.75088431,5.35866945958,0,inf,Intel Xeon Gold 6248,Reluctant,198438.434704,
2000,3002002,-0.75361419,5.35939855557,0,inf,Intel Xeon Gold 6248,Reluctant,198593.403109,
2000,3002005,-0.7547816,5.36124194243,0,inf,Intel Xeon Gold 6248,Reluctant,198761.823972,
2000,3002008,-0.75593789,5.35849972698,0,inf,Intel Xeon Gold 6248,Reluctant,198648.369408,
2000,3002011,-0.75207775,5.35587463019,0,inf,Intel Xeon Gold 6248,Reluctant,198422.707222,
2000,3002014,-0.7536305,5.36654702678,0,inf,Intel Xeon Gold 6248,Reluctant,198913.924273,
2000,3002017,-0.75114965,5.35443548024,0,inf,Intel Xeon Gold 6248,Reluctant,198315.119157,
2000,3002020,-0.75303989,5.35722249388,0,inf,Intel Xeon Gold 6248,Reluctant,198446.028285,
2000,3002023,-0.75417471,5.3607373988,0,inf,Intel Xeon Gold 6248,Reluctant,198584.12999,
2000,3002026,-0.75449212,5.36606549107,0,inf,Intel Xeon Gold 6248,Reluctant,198901.615948,
2000,3002029,-0.7540902,5.3586602334,0,inf,Intel Xeon Gold 6248,Reluctant,198525.864393,
50,1051732,-0.666784,13.046608,1,13.046608,NVIDIA Tesla V100-SXM2-32G,Global Annealing,,"global_steps_per_temperature=5, MCS_per_global_steps=15, number_of_temperatures=10, schedule=logT"
50,1051735,-0.691774,13.31813436,1,13.31813436,NVIDIA Tesla V100-SXM2-32G,Global Annealing,,"global_steps_per_temperature=5, MCS_per_global_steps=15, number_of_temperatures=10, schedule=logT"
50,1051738,-0.681092,13.90157185,1,13.90157185,NVIDIA Tesla V100-SXM2-32G,Global Annealing,,"global_steps_per_temperature=5, MCS_per_global_steps=15, number_of_temperatures=10, schedule=logT"
50,1051741,-0.659711,11.52788844,1,11.52788844,NVIDIA Tesla V100-SXM2-32G,Global Annealing,,"global_steps_per_temperature=5, MCS_per_global_steps=15, number_of_temperatures=10, schedule=logT"
50,1051744,-0.720381,11.99436259,1,11.99436259,NVIDIA Tesla V100-SXM2-32G,Global Annealing,,"global_steps_per_temperature=5, MCS_per_global_steps=15, number_of_temperatures=10, schedule=logT"
50,1051747,-0.741325,13.94550374,1,13.94550374,NVIDIA Tesla V100-SXM2-32G,Global Annealing,,"global_steps_per_temperature=5, MCS_per_global_steps=15, number_of_temperatures=10, schedule=logT"
50,1051750,-0.677514,14.10146062,1,14.10146062,NVIDIA Tesla V100-SXM2-32G,Global Annealing,,"global_steps_per_temperature=5, MCS_per_global_steps=15, number_of_temperatures=10, schedule=logT"
50,1051753,-0.642431,13.69985542,1,13.69985542,NVIDIA Tesla V100-SXM2-32G,Global Annealing,,"global_steps_per_temperature=5, MCS_per_global_steps=15, number_of_temperatures=10, schedule=logT"
50,1051756,-0.682328,14.15819042,1,14.15819042,NVIDIA Tesla V100-SXM2-32G,Global Annealing,,"global_steps_per_temperature=5, MCS_per_global_steps=15, number_of_temperatures=10, schedule=logT"
50,1051759,-0.773384,13.22849736,1,13.22849736,NVIDIA Tesla V100-SXM2-32G,Global Annealing,,"global_steps_per_temperature=5, MCS_per_global_steps=15, number_of_temperatures=10, schedule=logT"
50,1051762,-0.743199,11.68527431,1,11.68527431,NVIDIA Tesla V100-SXM2-32G,Global Annealing,,"global_steps_per_temperature=5, MCS_per_global_steps=15, number_of_temperatures=10, schedule=logT"
50,1051765,-0.704647,11.83327949,1,11.83327949,NVIDIA Tesla V100-SXM2-32G,Global Annealing,,"global_steps_per_temperature=5, MCS_per_global_steps=15, number_of_temperatures=10, schedule=logT"
50,1051768,-0.668627,13.13532727,1,13.13532727,NVIDIA Tesla V100-SXM2-32G,Global Annealing,,"global_steps_per_temperature=5, MCS_per_global_steps=15, number_of_temperatures=10, schedule=logT"
50,1051771,-0.768884,13.03356702,1,13.03356702,NVIDIA Tesla V100-SXM2-32G,Global Annealing,,"global_steps_per_temperature=5, MCS_per_global_steps=15, number_of_temperatures=10, schedule=logT"
50,1051774,-0.682991,13.27161279,1,13.27161279,NVIDIA Tesla V100-SXM2-32G,Global Annealing,,"global_steps_per_temperature=5, MCS_per_global_steps=15, number_of_temperatures=10, schedule=logT"
50,1051777,-0.706694,13.61614611,1,13.61614611,NVIDIA Tesla V100-SXM2-32G,Global Annealing,,"global_steps_per_temperature=5, MCS_per_global_steps=15, number_of_temperatures=10, schedule=logT"
50,1051780,-0.743609,13.15764911,1,13.15764911,NVIDIA Tesla V100-SXM2-32G,Global Annealing,,"global_steps_per_temperature=5, MCS_per_global_steps=15, number_of_temperatures=10, schedule=logT"
50,1051783,-0.756935,13.31341939,1,13.31341939,NVIDIA Tesla V100-SXM2-32G,Global Annealing,,"global_steps_per_temperature=5, MCS_per_global_steps=15, number_of_temperatures=10, schedule=logT"
50,1051786,-0.681359,12.90041022,1,12.90041022,NVIDIA Tesla V100-SXM2-32G,Global Annealing,,"global_steps_per_temperature=5, MCS_per_global_steps=15, number_of_temperatures=10, schedule=logT"
50,1051789,-0.676322,13.37958102,1,13.37958102,NVIDIA Tesla V100-SXM2-32G,Global Annealing,,"global_steps_per_temperature=5, MCS_per_global_steps=15, number_of_temperatures=10, schedule=logT"
50,1051792,-0.674813,12.70368567,1,12.70368567,NVIDIA Tesla V100-SXM2-32G,Global Annealing,,"global_steps_per_temperature=5, MCS_per_global_steps=15, number_of_temperatures=10, schedule=logT"
50,1051795,-0.702282,13.49121156,1,13.49121156,NVIDIA Tesla V100-SXM2-32G,Global Annealing,,"global_steps_per_temperature=5, MCS_per_global_steps=15, number_of_temperatures=10, schedule=logT"
50,1051798,-0.662357,13.34200056,1,13.34200056,NVIDIA Tesla V100-SXM2-32G,Global Annealing,,"global_steps_per_temperature=5, MCS_per_global_steps=15, number_of_temperatures=10, schedule=logT"
50,1051801,-0.717902,13.25699563,1,13.25699563,NVIDIA Tesla V100-SXM2-32G,Global Annealing,,"global_steps_per_temperature=5, MCS_per_global_steps=15, number_of_temperatures=10, schedule=logT"
50,1051804,-0.726372,13.56175842,1,13.56175842,NVIDIA Tesla V100-SXM2-32G,Global Annealing,,"global_steps_per_temperature=5, MCS_per_global_steps=15, number_of_temperatures=10, schedule=logT"
50,1051807,-0.677507,13.28675349,1,13.28675349,NVIDIA Tesla V100-SXM2-32G,Global Annealing,,"global_steps_per_temperature=5, MCS_per_global_steps=15, number_of_temperatures=10, schedule=logT"
50,1051810,-0.702514,12.28041811,1,12.28041811,NVIDIA Tesla V100-SXM2-32G,Global Annealing,,"global_steps_per_temperature=5, MCS_per_global_steps=15, number_of_temperatures=10, schedule=logT"
50,1051813,-0.663570,13.55274487,1,13.55274487,NVIDIA Tesla V100-SXM2-32G,Global Annealing,,"global_steps_per_temperature=5, MCS_per_global_steps=15, number_of_temperatures=10, schedule=logT"
50,1051816,-0.721629,12.84796336,1,12.84796336,NVIDIA Tesla V100-SXM2-32G,Global Annealing,,"global_steps_per_temperature=5, MCS_per_global_steps=15, number_of_temperatures=10, schedule=logT"
50,1051819,-0.696478,13.02282889,1,13.02282889,NVIDIA Tesla V100-SXM2-32G,Global Annealing,,"global_steps_per_temperature=5, MCS_per_global_steps=15, number_of_temperatures=10, schedule=logT"
50,1051822,-0.696050,13.29294331,1,13.29294331,NVIDIA Tesla V100-SXM2-32G,Global Annealing,,"global_steps_per_temperature=5, MCS_per_global_steps=15, number_of_temperatures=10, schedule=logT"
50,1051825,-0.660746,13.78609626,1,13.78609626,NVIDIA Tesla V100-SXM2-32G,Global Annealing,,"global_steps_per_temperature=5, MCS_per_global_steps=15, number_of_temperatures=10, schedule=logT"
50,1051828,-0.655020,13.98489599,1,13.98489599,NVIDIA Tesla V100-SXM2-32G,Global Annealing,,"global_steps_per_temperature=5, MCS_per_global_steps=15, number_of_temperatures=10, schedule=logT"
50,1051831,-0.689459,12.02232985,1,12.02232985,NVIDIA Tesla V100-SXM2-32G,Global Annealing,,"global_steps_per_temperature=5, MCS_per_global_steps=15, number_of_temperatures=10, schedule=logT"
50,1051834,-0.700984,14.02491567,1,14.02491567,NVIDIA Tesla V100-SXM2-32G,Global Annealing,,"global_steps_per_temperature=5, MCS_per_global_steps=15, number_of_temperatures=10, schedule=logT"
50,1051837,-0.684162,12.51485782,1,12.51485782,NVIDIA Tesla V100-SXM2-32G,Global Annealing,,"global_steps_per_temperature=5, MCS_per_global_steps=15, number_of_temperatures=10, schedule=logT"
50,1051840,-0.692104,13.2366673,1,13.2366673,NVIDIA Tesla V100-SXM2-32G,Global Annealing,,"global_steps_per_temperature=5, MCS_per_global_steps=15, number_of_temperatures=10, schedule=logT"
50,1051843,-0.686882,12.59869323,1,12.59869323,NVIDIA Tesla V100-SXM2-32G,Global Annealing,,"global_steps_per_temperature=5, MCS_per_global_steps=15, number_of_temperatures=10, schedule=logT"
50,1051846,-0.683372,13.33102677,1,13.33102677,NVIDIA Tesla V100-SXM2-32G,Global Annealing,,"global_steps_per_temperature=5, MCS_per_global_steps=15, number_of_temperatures=10, schedule=logT"
50,1051849,-0.681337,12.45184221,1,12.45184221,NVIDIA Tesla V100-SXM2-32G,Global Annealing,,"global_steps_per_temperature=5, MCS_per_global_steps=15, number_of_temperatures=10, schedule=logT"
50,1051852,-0.698194,13.06254389,1,13.06254389,NVIDIA Tesla V100-SXM2-32G,Global Annealing,,"global_steps_per_temperature=5, MCS_per_global_steps=15, number_of_temperatures=10, schedule=logT"
50,1051855,-0.683810,12.60179625,1,12.60179625,NVIDIA Tesla V100-SXM2-32G,Global Annealing,,"global_steps_per_temperature=5, MCS_per_global_steps=15, number_of_temperatures=10, schedule=logT"
50,1051858,-0.677455,13.44538906,1,13.44538906,NVIDIA Tesla V100-SXM2-32G,Global Annealing,,"global_steps_per_temperature=5, MCS_per_global_steps=15, number_of_temperatures=10, schedule=logT"
50,1051861,-0.688808,14.09320443,1,14.09320443,NVIDIA Tesla V100-SXM2-32G,Global Annealing,,"global_steps_per_temperature=5, MCS_per_global_steps=15, number_of_temperatures=10, schedule=logT"
50,1051864,-0.713219,13.91980467,1,13.91980467,NVIDIA Tesla V100-SXM2-32G,Global Annealing,,"global_steps_per_temperature=5, MCS_per_global_steps=15, number_of_temperatures=10, schedule=logT"
50,1051867,-0.690063,14.04542596,1,14.04542596,NVIDIA Tesla V100-SXM2-32G,Global Annealing,,"global_steps_per_temperature=5, MCS_per_global_steps=15, number_of_temperatures=10, schedule=logT"
50,1051870,-0.712848,12.73244171,1,12.73244171,NVIDIA Tesla V100-SXM2-32G,Global Annealing,,"global_steps_per_temperature=5, MCS_per_global_steps=15, number_of_temperatures=10, schedule=logT"
50,1051873,-0.672815,14.02874923,1,14.02874923,NVIDIA Tesla V100-SXM2-32G,Global Annealing,,"global_steps_per_temperature=5, MCS_per_global_steps=15, number_of_temperatures=10, schedule=logT"
50,1051876,-0.708087,14.72883189,1,14.72883189,NVIDIA Tesla V100-SXM2-32G,Global Annealing,,"global_steps_per_temperature=5, MCS_per_global_steps=15, number_of_temperatures=10, schedule=logT"
50,1051879,-0.705568,12.90329442,1,12.90329442,NVIDIA Tesla V100-SXM2-32G,Global Annealing,,"global_steps_per_temperature=5, MCS_per_global_steps=15, number_of_temperatures=10, schedule=logT"
50,1051882,-0.688202,15.51954546,1,15.51954546,NVIDIA Tesla V100-SXM2-32G,Global Annealing,,"global_steps_per_temperature=5, MCS_per_global_steps=15, number_of_temperatures=10, schedule=logT"
50,1051885,-0.702925,15.21086111,1,15.21086111,NVIDIA Tesla V100-SXM2-32G,Global Annealing,,"global_steps_per_temperature=5, MCS_per_global_steps=15, number_of_temperatures=10, schedule=logT"
50,1051888,-0.716218,14.66523507,1,14.66523507,NVIDIA Tesla V100-SXM2-32G,Global Annealing,,"global_steps_per_temperature=5, MCS_per_global_steps=15, number_of_temperatures=10, schedule=logT"
50,1051891,-0.705624,14.11069832,1,14.11069832,NVIDIA Tesla V100-SXM2-32G,Global Annealing,,"global_steps_per_temperature=5, MCS_per_global_steps=15, number_of_temperatures=10, schedule=logT"
50,1051894,-0.683829,15.73248911,1,15.73248911,NVIDIA Tesla V100-SXM2-32G,Global Annealing,,"global_steps_per_temperature=5, MCS_per_global_steps=15, number_of_temperatures=10, schedule=logT"
50,1051897,-0.671948,14.77552984,1,14.77552984,NVIDIA Tesla V100-SXM2-32G,Global Annealing,,"global_steps_per_temperature=5, MCS_per_global_steps=15, number_of_temperatures=10, schedule=logT"
50,1051900,-0.725629,14.3811115,1,14.3811115,NVIDIA Tesla V100-SXM2-32G,Global Annealing,,"global_steps_per_temperature=5, MCS_per_global_steps=15, number_of_temperatures=10, schedule=logT"
50,1051903,-0.677841,14.93307076,1,14.93307076,NVIDIA Tesla V100-SXM2-32G,Global Annealing,,"global_steps_per_temperature=5, MCS_per_global_steps=15, number_of_temperatures=10, schedule=logT"
50,1051906,-0.667210,14.30927749,1,14.30927749,NVIDIA Tesla V100-SXM2-32G,Global Annealing,,"global_steps_per_temperature=5, MCS_per_global_steps=15, number_of_temperatures=10, schedule=logT"
50,1051909,-0.663877,14.77117362,1,14.77117362,NVIDIA Tesla V100-SXM2-32G,Global Annealing,,"global_steps_per_temperature=5, MCS_per_global_steps=15, number_of_temperatures=10, schedule=logT"
50,1051912,-0.677526,14.94050555,1,14.94050555,NVIDIA Tesla V100-SXM2-32G,Global Annealing,,"global_steps_per_temperature=5, MCS_per_global_steps=15, number_of_temperatures=10, schedule=logT"
50,1051915,-0.710762,15.33853047,1,15.33853047,NVIDIA Tesla V100-SXM2-32G,Global Annealing,,"global_steps_per_temperature=5, MCS_per_global_steps=15, number_of_temperatures=10, schedule=logT"
50,1051918,-0.743064,14.62731569,1,14.62731569,NVIDIA Tesla V100-SXM2-32G,Global Annealing,,"global_steps_per_temperature=5, MCS_per_global_steps=15, number_of_temperatures=10, schedule=logT"
50,1051921,-0.678413,14.62527754,1,14.62527754,NVIDIA Tesla V100-SXM2-32G,Global Annealing,,"global_steps_per_temperature=5, MCS_per_global_steps=15, number_of_temperatures=10, schedule=logT"
50,1051924,-0.666852,14.56223366,1,14.56223366,NVIDIA Tesla V100-SXM2-32G,Global Annealing,,"global_steps_per_temperature=5, MCS_per_global_steps=15, number_of_temperatures=10, schedule=logT"
50,1051927,-0.687217,14.70377793,1,14.70377793,NVIDIA Tesla V100-SXM2-32G,Global Annealing,,"global_steps_per_temperature=5, MCS_per_global_steps=15, number_of_temperatures=10, schedule=logT"
50,1051930,-0.669060,15.21567175,1,15.21567175,NVIDIA Tesla V100-SXM2-32G,Global Annealing,,"global_steps_per_temperature=5, MCS_per_global_steps=15, number_of_temperatures=10, schedule=logT"
50,1051933,-0.723643,15.09599195,1,15.09599195,NVIDIA Tesla V100-SXM2-32G,Global Annealing,,"global_steps_per_temperature=5, MCS_per_global_steps=15, number_of_temperatures=10, schedule=logT"
50,1051936,-0.662798,17.14876928,1,17.14876928,NVIDIA Tesla V100-SXM2-32G,Global Annealing,,"global_steps_per_temperature=5, MCS_per_global_steps=15, number_of_temperatures=10, schedule=logT"
50,1051939,-0.715042,14.51132445,1,14.51132445,NVIDIA Tesla V100-SXM2-32G,Global Annealing,,"global_steps_per_temperature=5, MCS_per_global_steps=15, number_of_temperatures=10, schedule=logT"
50,1051942,-0.758135,14.16409693,1,14.16409693,NVIDIA Tesla V100-SXM2-32G,Global Annealing,,"global_steps_per_temperature=5, MCS_per_global_steps=15, number_of_temperatures=10, schedule=logT"
50,1051945,-0.704665,14.87764878,1,14.87764878,NVIDIA Tesla V100-SXM2-32G,Global Annealing,,"global_steps_per_temperature=5, MCS_per_global_steps=15, number_of_temperatures=10, schedule=logT"
50,1051948,-0.703838,15.2981554,1,15.2981554,NVIDIA Tesla V100-SXM2-32G,Global Annealing,,"global_steps_per_temperature=5, MCS_per_global_steps=15, number_of_temperatures=10, schedule=logT"
50,1051951,-0.698742,14.50529675,1,14.50529675,NVIDIA Tesla V100-SXM2-32G,Global Annealing,,"global_steps_per_temperature=5, MCS_per_global_steps=15, number_of_temperatures=10, schedule=logT"
50,1051954,-0.721656,14.56247318,1,14.56247318,NVIDIA Tesla V100-SXM2-32G,Global Annealing,,"global_steps_per_temperature=5, MCS_per_global_steps=15, number_of_temperatures=10, schedule=logT"
50,1051957,-0.742039,13.57487397,1,13.57487397,NVIDIA Tesla V100-SXM2-32G,Global Annealing,,"global_steps_per_temperature=5, MCS_per_global_steps=15, number_of_temperatures=10, schedule=logT"
50,1051960,-0.712028,12.96298516,1,12.96298516,NVIDIA Tesla V100-SXM2-32G,Global Annealing,,"global_steps_per_temperature=5, MCS_per_global_steps=15, number_of_temperatures=10, schedule=logT"
50,1051963,-0.686148,12.88392613,1,12.88392613,NVIDIA Tesla V100-SXM2-32G,Global Annealing,,"global_steps_per_temperature=5, MCS_per_global_steps=15, number_of_temperatures=10, schedule=logT"
50,1051966,-0.671336,12.67020764,1,12.67020764,NVIDIA Tesla V100-SXM2-32G,Global Annealing,,"global_steps_per_temperature=5, MCS_per_global_steps=15, number_of_temperatures=10, schedule=logT"
50,1051969,-0.712753,13.55997727,1,13.55997727,NVIDIA Tesla V100-SXM2-32G,Global Annealing,,"global_steps_per_temperature=5, MCS_per_global_steps=15, number_of_temperatures=10, schedule=logT"
50,1051972,-0.737961,13.50153065,1,13.50153065,NVIDIA Tesla V100-SXM2-32G,Global Annealing,,"global_steps_per_temperature=5, MCS_per_global_steps=15, number_of_temperatures=10, schedule=logT"
50,1051975,-0.861064,12.90402694,1,12.90402694,NVIDIA Tesla V100-SXM2-32G,Global Annealing,,"global_steps_per_temperature=5, MCS_per_global_steps=15, number_of_temperatures=10, schedule=logT"
50,1051978,-0.692546,13.87083998,1,13.87083998,NVIDIA Tesla V100-SXM2-32G,Global Annealing,,"global_steps_per_temperature=5, MCS_per_global_steps=15, number_of_temperatures=10, schedule=logT"
50,1051981,-0.698723,12.95060165,1,12.95060165,NVIDIA Tesla V100-SXM2-32G,Global Annealing,,"global_steps_per_temperature=5, MCS_per_global_steps=15, number_of_temperatures=10, schedule=logT"
50,1051984,-0.722066,13.76930866,1,13.76930866,NVIDIA Tesla V100-SXM2-32G,Global Annealing,,"global_steps_per_temperature=5, MCS_per_global_steps=15, number_of_temperatures=10, schedule=logT"
50,1051987,-0.746273,13.47350323,1,13.47350323,NVIDIA Tesla V100-SXM2-32G,Global Annealing,,"global_steps_per_temperature=5, MCS_per_global_steps=15, number_of_temperatures=10, schedule=logT"
50,1051990,-0.720642,13.13442135,1,13.13442135,NVIDIA Tesla V100-SXM2-32G,Global Annealing,,"global_steps_per_temperature=5, MCS_per_global_steps=15, number_of_temperatures=10, schedule=logT"
50,1051993,-0.752535,12.05970719,1,12.05970719,NVIDIA Tesla V100-SXM2-32G,Global Annealing,,"global_steps_per_temperature=5, MCS_per_global_steps=15, number_of_temperatures=10, schedule=logT"
50,1051996,-0.746680,13.56899922,1,13.56899922,NVIDIA Tesla V100-SXM2-32G,Global Annealing,,"global_steps_per_temperature=5, MCS_per_global_steps=15, number_of_temperatures=10, schedule=logT"
50,1051999,-0.733882,12.92111654,1,12.92111654,NVIDIA Tesla V100-SXM2-32G,Global Annealing,,"global_steps_per_temperature=5, MCS_per_global_steps=15, number_of_temperatures=10, schedule=logT"
50,1052002,-0.684776,13.45988553,1,13.45988553,NVIDIA Tesla V100-SXM2-32G,Global Annealing,,"global_steps_per_temperature=5, MCS_per_global_steps=15, number_of_temperatures=10, schedule=logT"
50,1052005,-0.723617,14.57597666,1,14.57597666,NVIDIA Tesla V100-SXM2-32G,Global Annealing,,"global_steps_per_temperature=5, MCS_per_global_steps=15, number_of_temperatures=10, schedule=logT"
50,1052008,-0.722599,13.65528948,1,13.65528948,NVIDIA Tesla V100-SXM2-32G,Global Annealing,,"global_steps_per_temperature=5, MCS_per_global_steps=15, number_of_temperatures=10, schedule=logT"
50,1052011,-0.707987,14.62993767,1,14.62993767,NVIDIA Tesla V100-SXM2-32G,Global Annealing,,"global_steps_per_temperature=5, MCS_per_global_steps=15, number_of_temperatures=10, schedule=logT"
50,1052014,-0.694690,13.782829,1,13.782829,NVIDIA Tesla V100-SXM2-32G,Global Annealing,,"global_steps_per_temperature=5, MCS_per_global_steps=15, number_of_temperatures=10, schedule=logT"
50,1052017,-0.708721,13.33109334,1,13.33109334,NVIDIA Tesla V100-SXM2-32G,Global Annealing,,"global_steps_per_temperature=5, MCS_per_global_steps=15, number_of_temperatures=10, schedule=logT"
50,1052020,-0.696717,14.28878641,1,14.28878641,NVIDIA Tesla V100-SXM2-32G,Global Annealing,,"global_steps_per_temperature=5, MCS_per_global_steps=15, number_of_temperatures=10, schedule=logT"
50,1052023,-0.711612,13.82835038,1,13.82835038,NVIDIA Tesla V100-SXM2-32G,Global Annealing,,"global_steps_per_temperature=5, MCS_per_global_steps=15, number_of_temperatures=10, schedule=logT"
50,1052026,-0.762827,14.02083604,1,14.02083604,NVIDIA Tesla V100-SXM2-32G,Global Annealing,,"global_steps_per_temperature=5, MCS_per_global_steps=15, number_of_temperatures=10, schedule=logT"
50,1052029,-0.686568,13.07384961,1,13.07384961,NVIDIA Tesla V100-SXM2-32G,Global Annealing,,"global_steps_per_temperature=5, MCS_per_global_steps=15, number_of_temperatures=10, schedule=logT"
100,1101732,-0.731463,15.3120693,1,15.3120693,NVIDIA Tesla V100-SXM2-32G,Global Annealing,,"global_steps_per_temperature=5, MCS_per_global_steps=15, number_of_temperatures=10, schedule=logT"
100,1101735,-0.760292,16.81942701,1,16.81942701,NVIDIA Tesla V100-SXM2-32G,Global Annealing,,"global_steps_per_temperature=5, MCS_per_global_steps=15, number_of_temperatures=10, schedule=logT"
100,1101738,-0.743551,18.08331671,1,18.08331671,NVIDIA Tesla V100-SXM2-32G,Global Annealing,,"global_steps_per_temperature=5, MCS_per_global_steps=15, number_of_temperatures=10, schedule=logT"
100,1101741,-0.752793,16.83826294,1,16.83826294,NVIDIA Tesla V100-SXM2-32G,Global Annealing,,"global_steps_per_temperature=5, MCS_per_global_steps=15, number_of_temperatures=10, schedule=logT"
100,1101744,-0.724495,15.81256337,1,15.81256337,NVIDIA Tesla V100-SXM2-32G,Global Annealing,,"global_steps_per_temperature=5, MCS_per_global_steps=15, number_of_temperatures=10, schedule=logT"
100,1101747,-0.691585,17.06963277,1,17.06963277,NVIDIA Tesla V100-SXM2-32G,Global Annealing,,"global_steps_per_temperature=5, MCS_per_global_steps=15, number_of_temperatures=10, schedule=logT"
100,1101750,-0.729122,17.11968019,1,17.11968019,NVIDIA Tesla V100-SXM2-32G,Global Annealing,,"global_steps_per_temperature=5, MCS_per_global_steps=15, number_of_temperatures=10, schedule=logT"
100,1101753,-0.701866,17.15403016,1,17.15403016,NVIDIA Tesla V100-SXM2-32G,Global Annealing,,"global_steps_per_temperature=5, MCS_per_global_steps=15, number_of_temperatures=10, schedule=logT"
100,1101756,-0.719600,15.7778332,1,15.7778332,NVIDIA Tesla V100-SXM2-32G,Global Annealing,,"global_steps_per_temperature=5, MCS_per_global_steps=15, number_of_temperatures=10, schedule=logT"
100,1101759,-0.738804,15.73086572,1,15.73086572,NVIDIA Tesla V100-SXM2-32G,Global Annealing,,"global_steps_per_temperature=5, MCS_per_global_steps=15, number_of_temperatures=10, schedule=logT"
100,1101762,-0.719522,15.10549688,1,15.10549688,NVIDIA Tesla V100-SXM2-32G,Global Annealing,,"global_steps_per_temperature=5, MCS_per_global_steps=15, number_of_temperatures=10, schedule=logT"
100,1101765,-0.743218,16.45664856,1,16.45664856,NVIDIA Tesla V100-SXM2-32G,Global Annealing,,"global_steps_per_temperature=5, MCS_per_global_steps=15, number_of_temperatures=10, schedule=logT"
100,1101768,-0.744955,16.8579123,1,16.8579123,NVIDIA Tesla V100-SXM2-32G,Global Annealing,,"global_steps_per_temperature=5, MCS_per_global_steps=15, number_of_temperatures=10, schedule=logT"
100,1101771,-0.727239,15.84954064,1,15.84954064,NVIDIA Tesla V100-SXM2-32G,Global Annealing,,"global_steps_per_temperature=5, MCS_per_global_steps=15, number_of_temperatures=10, schedule=logT"
100,1101774,-0.710759,17.03750982,1,17.03750982,NVIDIA Tesla V100-SXM2-32G,Global Annealing,,"global_steps_per_temperature=5, MCS_per_global_steps=15, number_of_temperatures=10, schedule=logT"
100,1101777,-0.729764,17.4430553,1,17.4430553,NVIDIA Tesla V100-SXM2-32G,Global Annealing,,"global_steps_per_temperature=5, MCS_per_global_steps=15, number_of_temperatures=10, schedule=logT"
100,1101780,-0.742680,17.29176238,1,17.29176238,NVIDIA Tesla V100-SXM2-32G,Global Annealing,,"global_steps_per_temperature=5, MCS_per_global_steps=15, number_of_temperatures=10, schedule=logT"
100,1101783,-0.706629,16.79084294,1,16.79084294,NVIDIA Tesla V100-SXM2-32G,Global Annealing,,"global_steps_per_temperature=5, MCS_per_global_steps=15, number_of_temperatures=10, schedule=logT"
100,1101786,-0.753158,17.2754544,1,17.2754544,NVIDIA Tesla V100-SXM2-32G,Global Annealing,,"global_steps_per_temperature=5, MCS_per_global_steps=15, number_of_temperatures=10, schedule=logT"
100,1101789,-0.733060,17.90143263,1,17.90143263,NVIDIA Tesla V100-SXM2-32G,Global Annealing,,"global_steps_per_temperature=5, MCS_per_global_steps=15, number_of_temperatures=10, schedule=logT"
100,1101792,-0.730915,16.58923032,1,16.58923032,NVIDIA Tesla V100-SXM2-32G,Global Annealing,,"global_steps_per_temperature=5, MCS_per_global_steps=15, number_of_temperatures=10, schedule=logT"
100,1101795,-0.728064,15.8040422,1,15.8040422,NVIDIA Tesla V100-SXM2-32G,Global Annealing,,"global_steps_per_temperature=5, MCS_per_global_steps=15, number_of_temperatures=10, schedule=logT"
100,1101798,-0.721073,16.85461197,1,16.85461197,NVIDIA Tesla V100-SXM2-32G,Global Annealing,,"global_steps_per_temperature=5, MCS_per_global_steps=15, number_of_temperatures=10, schedule=logT"
100,1101801,-0.779590,15.68923297,1,15.68923297,NVIDIA Tesla V100-SXM2-32G,Global Annealing,,"global_steps_per_temperature=5, MCS_per_global_steps=15, number_of_temperatures=10, schedule=logT"
100,1101804,-0.747487,16.03913026,1,16.03913026,NVIDIA Tesla V100-SXM2-32G,Global Annealing,,"global_steps_per_temperature=5, MCS_per_global_steps=15, number_of_temperatures=10, schedule=logT"
100,1101807,-0.736352,15.97831616,1,15.97831616,NVIDIA Tesla V100-SXM2-32G,Global Annealing,,"global_steps_per_temperature=5, MCS_per_global_steps=15, number_of_temperatures=10, schedule=logT"
100,1101810,-0.723233,15.10561163,1,15.10561163,NVIDIA Tesla V100-SXM2-32G,Global Annealing,,"global_steps_per_temperature=5, MCS_per_global_steps=15, number_of_temperatures=10, schedule=logT"
100,1101813,-0.727692,15.57120593,1,15.57120593,NVIDIA Tesla V100-SXM2-32G,Global Annealing,,"global_steps_per_temperature=5, MCS_per_global_steps=15, number_of_temperatures=10, schedule=logT"
100,1101816,-0.701203,16.60956976,1,16.60956976,NVIDIA Tesla V100-SXM2-32G,Global Annealing,,"global_steps_per_temperature=5, MCS_per_global_steps=15, number_of_temperatures=10, schedule=logT"
100,1101819,-0.739439,15.85100331,1,15.85100331,NVIDIA Tesla V100-SXM2-32G,Global Annealing,,"global_steps_per_temperature=5, MCS_per_global_steps=15, number_of_temperatures=10, schedule=logT"
100,1101822,-0.749001,14.49653251,1,14.49653251,NVIDIA Tesla V100-SXM2-32G,Global Annealing,,"global_steps_per_temperature=5, MCS_per_global_steps=15, number_of_temperatures=10, schedule=logT"
100,1101825,-0.720500,16.3536849,1,16.3536849,NVIDIA Tesla V100-SXM2-32G,Global Annealing,,"global_steps_per_temperature=5, MCS_per_global_steps=15, number_of_temperatures=10, schedule=logT"
100,1101828,-0.713972,16.17763789,1,16.17763789,NVIDIA Tesla V100-SXM2-32G,Global Annealing,,"global_steps_per_temperature=5, MCS_per_global_steps=15, number_of_temperatures=10, schedule=logT"
100,1101831,-0.737906,16.1385036,1,16.1385036,NVIDIA Tesla V100-SXM2-32G,Global Annealing,,"global_steps_per_temperature=5, MCS_per_global_steps=15, number_of_temperatures=10, schedule=logT"
100,1101834,-0.729491,16.79156847,1,16.79156847,NVIDIA Tesla V100-SXM2-32G,Global Annealing,,"global_steps_per_temperature=5, MCS_per_global_steps=15, number_of_temperatures=10, schedule=logT"
100,1101837,-0.717157,15.64859254,1,15.64859254,NVIDIA Tesla V100-SXM2-32G,Global Annealing,,"global_steps_per_temperature=5, MCS_per_global_steps=15, number_of_temperatures=10, schedule=logT"
100,1101840,-0.693537,17.89563038,1,17.89563038,NVIDIA Tesla V100-SXM2-32G,Global Annealing,,"global_steps_per_temperature=5, MCS_per_global_steps=15, number_of_temperatures=10, schedule=logT"
100,1101843,-0.723706,16.43761413,1,16.43761413,NVIDIA Tesla V100-SXM2-32G,Global Annealing,,"global_steps_per_temperature=5, MCS_per_global_steps=15, number_of_temperatures=10, schedule=logT"
100,1101846,-0.714790,17.61007624,1,17.61007624,NVIDIA Tesla V100-SXM2-32G,Global Annealing,,"global_steps_per_temperature=5, MCS_per_global_steps=15, number_of_temperatures=10, schedule=logT"
100,1101849,-0.747626,16.86485341,1,16.86485341,NVIDIA Tesla V100-SXM2-32G,Global Annealing,,"global_steps_per_temperature=5, MCS_per_global_steps=15, number_of_temperatures=10, schedule=logT"
100,1101852,-0.744525,16.94146056,1,16.94146056,NVIDIA Tesla V100-SXM2-32G,Global Annealing,,"global_steps_per_temperature=5, MCS_per_global_steps=15, number_of_temperatures=10, schedule=logT"
100,1101855,-0.794193,17.44295168,1,17.44295168,NVIDIA Tesla V100-SXM2-32G,Global Annealing,,"global_steps_per_temperature=5, MCS_per_global_steps=15, number_of_temperatures=10, schedule=logT"
100,1101858,-0.732309,14.44904802,1,14.44904802,NVIDIA Tesla V100-SXM2-32G,Global Annealing,,"global_steps_per_temperature=5, MCS_per_global_steps=15, number_of_temperatures=10, schedule=logT"
100,1101861,-0.717941,13.66688924,1,13.66688924,NVIDIA Tesla V100-SXM2-32G,Global Annealing,,"global_steps_per_temperature=5, MCS_per_global_steps=15, number_of_temperatures=10, schedule=logT"
100,1101864,-0.716514,15.8482352,1,15.8482352,NVIDIA Tesla V100-SXM2-32G,Global Annealing,,"global_steps_per_temperature=5, MCS_per_global_steps=15, number_of_temperatures=10, schedule=logT"
100,1101867,-0.761507,17.50850592,1,17.50850592,NVIDIA Tesla V100-SXM2-32G,Global Annealing,,"global_steps_per_temperature=5, MCS_per_global_steps=15, number_of_temperatures=10, schedule=logT"
100,1101870,-0.716272,15.97216067,1,15.97216067,NVIDIA Tesla V100-SXM2-32G,Global Annealing,,"global_steps_per_temperature=5, MCS_per_global_steps=15, number_of_temperatures=10, schedule=logT"
100,1101873,-0.722777,15.55430269,1,15.55430269,NVIDIA Tesla V100-SXM2-32G,Global Annealing,,"global_steps_per_temperature=5, MCS_per_global_steps=15, number_of_temperatures=10, schedule=logT"
100,1101876,-0.718362,15.92459977,1,15.92459977,NVIDIA Tesla V100-SXM2-32G,Global Annealing,,"global_steps_per_temperature=5, MCS_per_global_steps=15, number_of_temperatures=10, schedule=logT"
100,1101879,-0.713199,15.66483619,1,15.66483619,NVIDIA Tesla V100-SXM2-32G,Global Annealing,,"global_steps_per_temperature=5, MCS_per_global_steps=15, number_of_temperatures=10, schedule=logT"
100,1101882,-0.722671,19.00448921,1,19.00448921,NVIDIA Tesla V100-SXM2-32G,Global Annealing,,"global_steps_per_temperature=5, MCS_per_global_steps=15, number_of_temperatures=10, schedule=logT"
100,1101885,-0.725823,18.72445436,1,18.72445436,NVIDIA Tesla V100-SXM2-32G,Global Annealing,,"global_steps_per_temperature=5, MCS_per_global_steps=15, number_of_temperatures=10, schedule=logT"
100,1101888,-0.723548,18.21638863,1,18.21638863,NVIDIA Tesla V100-SXM2-32G,Global Annealing,,"global_steps_per_temperature=5, MCS_per_global_steps=15, number_of_temperatures=10, schedule=logT"
100,1101891,-0.739408,19.06192291,1,19.06192291,NVIDIA Tesla V100-SXM2-32G,Global Annealing,,"global_steps_per_temperature=5, MCS_per_global_steps=15, number_of_temperatures=10, schedule=logT"
100,1101894,-0.719771,18.85329814,1,18.85329814,NVIDIA Tesla V100-SXM2-32G,Global Annealing,,"global_steps_per_temperature=5, MCS_per_global_steps=15, number_of_temperatures=10, schedule=logT"
100,1101897,-0.712138,18.80817523,1,18.80817523,NVIDIA Tesla V100-SXM2-32G,Global Annealing,,"global_steps_per_temperature=5, MCS_per_global_steps=15, number_of_temperatures=10, schedule=logT"
100,1101900,-0.732188,19.24074183,1,19.24074183,NVIDIA Tesla V100-SXM2-32G,Global Annealing,,"global_steps_per_temperature=5, MCS_per_global_steps=15, number_of_temperatures=10, schedule=logT"
100,1101903,-0.737174,16.3609482,1,16.3609482,NVIDIA Tesla V100-SXM2-32G,Global Annealing,,"global_steps_per_temperature=5, MCS_per_global_steps=15, number_of_temperatures=10, schedule=logT"
100,1101906,-0.717022,17.19567895,1,17.19567895,NVIDIA Tesla V100-SXM2-32G,Global Annealing,,"global_steps_per_temperature=5, MCS_per_global_steps=15, number_of_temperatures=10, schedule=logT"
100,1101909,-0.727777,18.63966582,1,18.63966582,NVIDIA Tesla V100-SXM2-32G,Global Annealing,,"global_steps_per_temperature=5, MCS_per_global_steps=15, number_of_temperatures=10, schedule=logT"
100,1101912,-0.717226,18.19510739,1,18.19510739,NVIDIA Tesla V100-SXM2-32G,Global Annealing,,"global_steps_per_temperature=5, MCS_per_global_steps=15, number_of_temperatures=10, schedule=logT"
100,1101915,-0.721544,20.926635,1,20.926635,NVIDIA Tesla V100-SXM2-32G,Global Annealing,,"global_steps_per_temperature=5, MCS_per_global_steps=15, number_of_temperatures=10, schedule=logT"
100,1101918,-0.700196,18.28340929,1,18.28340929,NVIDIA Tesla V100-SXM2-32G,Global Annealing,,"global_steps_per_temperature=5, MCS_per_global_steps=15, number_of_temperatures=10, schedule=logT"
100,1101921,-0.714126,18.86430902,1,18.86430902,NVIDIA Tesla V100-SXM2-32G,Global Annealing,,"global_steps_per_temperature=5, MCS_per_global_steps=15, number_of_temperatures=10, schedule=logT"
100,1101924,-0.718876,18.659357,1,18.659357,NVIDIA Tesla V100-SXM2-32G,Global Annealing,,"global_steps_per_temperature=5, MCS_per_global_steps=15, number_of_temperatures=10, schedule=logT"
100,1101927,-0.713468,18.00098193,1,18.00098193,NVIDIA Tesla V100-SXM2-32G,Global Annealing,,"global_steps_per_temperature=5, MCS_per_global_steps=15, number_of_temperatures=10, schedule=logT"
100,1101930,-0.736016,18.03902843,1,18.03902843,NVIDIA Tesla V100-SXM2-32G,Global Annealing,,"global_steps_per_temperature=5, MCS_per_global_steps=15, number_of_temperatures=10, schedule=logT"
100,1101933,-0.731366,17.44415491,1,17.44415491,NVIDIA Tesla V100-SXM2-32G,Global Annealing,,"global_steps_per_temperature=5, MCS_per_global_steps=15, number_of_temperatures=10, schedule=logT"
100,1101936,-0.719815,20.58237267,1,20.58237267,NVIDIA Tesla V100-SXM2-32G,Global Annealing,,"global_steps_per_temperature=5, MCS_per_global_steps=15, number_of_temperatures=10, schedule=logT"
100,1101939,-0.717198,18.48401008,1,18.48401008,NVIDIA Tesla V100-SXM2-32G,Global Annealing,,"global_steps_per_temperature=5, MCS_per_global_steps=15, number_of_temperatures=10, schedule=logT"
100,1101942,-0.729520,19.20599964,1,19.20599964,NVIDIA Tesla V100-SXM2-32G,Global Annealing,,"global_steps_per_temperature=5, MCS_per_global_steps=15, number_of_temperatures=10, schedule=logT"
100,1101945,-0.709683,20.18993597,1,20.18993597,NVIDIA Tesla V100-SXM2-32G,Global Annealing,,"global_steps_per_temperature=5, MCS_per_global_steps=15, number_of_temperatures=10, schedule=logT"
100,1101948,-0.713934,19.03960798,1,19.03960798,NVIDIA Tesla V100-SXM2-32G,Global Annealing,,"global_steps_per_temperature=5, MCS_per_global_steps=15, number_of_temperatures=10, schedule=logT"
100,1101951,-0.711873,19.93233931,1,19.93233931,NVIDIA Tesla V100-SXM2-32G,Global Annealing,,"global_steps_per_temperature=5, MCS_per_global_steps=15, number_of_temperatures=10, schedule=logT"
100,1101954,-0.773536,18.24235759,1,18.24235759,NVIDIA Tesla V100-SXM2-32G,Global Annealing,,"global_steps_per_temperature=5, MCS_per_global_steps=15, number_of_temperatures=10, schedule=logT"
100,1101957,-0.697146,17.00587766,1,17.00587766,NVIDIA Tesla V100-SXM2-32G,Global Annealing,,"global_steps_per_temperature=5, MCS_per_global_steps=15, number_of_temperatures=10, schedule=logT"
100,1101960,-0.744489,17.97817101,1,17.97817101,NVIDIA Tesla V100-SXM2-32G,Global Annealing,,"global_steps_per_temperature=5, MCS_per_global_steps=15, number_of_temperatures=10, schedule=logT"
100,1101963,-0.711362,18.27868662,1,18.27868662,NVIDIA Tesla V100-SXM2-32G,Global Annealing,,"global_steps_per_temperature=5, MCS_per_global_steps=15, number_of_temperatures=10, schedule=logT"
100,1101966,-0.732542,15.88506043,1,15.88506043,NVIDIA Tesla V100-SXM2-32G,Global Annealing,,"global_steps_per_temperature=5, MCS_per_global_steps=15, number_of_temperatures=10, schedule=logT"
100,1101969,-0.744768,15.9785778,1,15.9785778,NVIDIA Tesla V100-SXM2-32G,Global Annealing,,"global_steps_per_temperature=5, MCS_per_global_steps=15, number_of_temperatures=10, schedule=logT"
100,1101972,-0.739857,14.72387428,1,14.72387428,NVIDIA Tesla V100-SXM2-32G,Global Annealing,,"global_steps_per_temperature=5, MCS_per_global_steps=15, number_of_temperatures=10, schedule=logT"
100,1101975,-0.732964,16.33398478,1,16.33398478,NVIDIA Tesla V100-SXM2-32G,Global Annealing,,"global_steps_per_temperature=5, MCS_per_global_steps=15, number_of_temperatures=10, schedule=logT"
100,1101978,-0.751628,17.42304118,1,17.42304118,NVIDIA Tesla V100-SXM2-32G,Global Annealing,,"global_steps_per_temperature=5, MCS_per_global_steps=15, number_of_temperatures=10, schedule=logT"
100,1101981,-0.711137,18.00612998,1,18.00612998,NVIDIA Tesla V100-SXM2-32G,Global Annealing,,"global_steps_per_temperature=5, MCS_per_global_steps=15, number_of_temperatures=10, schedule=logT"
100,1101984,-0.718403,16.0383872,1,16.0383872,NVIDIA Tesla V100-SXM2-32G,Global Annealing,,"global_steps_per_temperature=5, MCS_per_global_steps=15, number_of_temperatures=10, schedule=logT"
100,1101987,-0.761079,16.53350012,1,16.53350012,NVIDIA Tesla V100-SXM2-32G,Global Annealing,,"global_steps_per_temperature=5, MCS_per_global_steps=15, number_of_temperatures=10, schedule=logT"
100,1101990,-0.766396,16.10560482,1,16.10560482,NVIDIA Tesla V100-SXM2-32G,Global Annealing,,"global_steps_per_temperature=5, MCS_per_global_steps=15, number_of_temperatures=10, schedule=logT"
100,1101993,-0.738247,16.72595706,1,16.72595706,NVIDIA Tesla V100-SXM2-32G,Global Annealing,,"global_steps_per_temperature=5, MCS_per_global_steps=15, number_of_temperatures=10, schedule=logT"
100,1101996,-0.739563,15.08484485,1,15.08484485,NVIDIA Tesla V100-SXM2-32G,Global Annealing,,"global_steps_per_temperature=5, MCS_per_global_steps=15, number_of_temperatures=10, schedule=logT"
100,1101999,-0.711776,16.97731793,1,16.97731793,NVIDIA Tesla V100-SXM2-32G,Global Annealing,,"global_steps_per_temperature=5, MCS_per_global_steps=15, number_of_temperatures=10, schedule=logT"
100,1102002,-0.701959,16.46907632,1,16.46907632,NVIDIA Tesla V100-SXM2-32G,Global Annealing,,"global_steps_per_temperature=5, MCS_per_global_steps=15, number_of_temperatures=10, schedule=logT"
100,1102005,-0.715154,17.28257437,1,17.28257437,NVIDIA Tesla V100-SXM2-32G,Global Annealing,,"global_steps_per_temperature=5, MCS_per_global_steps=15, number_of_temperatures=10, schedule=logT"
100,1102008,-0.723472,16.40058775,1,16.40058775,NVIDIA Tesla V100-SXM2-32G,Global Annealing,,"global_steps_per_temperature=5, MCS_per_global_steps=15, number_of_temperatures=10, schedule=logT"
100,1102011,-0.724897,15.83692923,1,15.83692923,NVIDIA Tesla V100-SXM2-32G,Global Annealing,,"global_steps_per_temperature=5, MCS_per_global_steps=15, number_of_temperatures=10, schedule=logT"
100,1102014,-0.738893,17.18565981,1,17.18565981,NVIDIA Tesla V100-SXM2-32G,Global Annealing,,"global_steps_per_temperature=5, MCS_per_global_steps=15, number_of_temperatures=10, schedule=logT"
100,1102017,-0.698558,15.10083771,1,15.10083771,NVIDIA Tesla V100-SXM2-32G,Global Annealing,,"global_steps_per_temperature=5, MCS_per_global_steps=15, number_of_temperatures=10, schedule=logT"
100,1102020,-0.687226,17.59188304,1,17.59188304,NVIDIA Tesla V100-SXM2-32G,Global Annealing,,"global_steps_per_temperature=5, MCS_per_global_steps=15, number_of_temperatures=10, schedule=logT"
100,1102023,-0.738345,15.89921849,1,15.89921849,NVIDIA Tesla V100-SXM2-32G,Global Annealing,,"global_steps_per_temperature=5, MCS_per_global_steps=15, number_of_temperatures=10, schedule=logT"
100,1102026,-0.730657,17.5715745,1,17.5715745,NVIDIA Tesla V100-SXM2-32G,Global Annealing,,"global_steps_per_temperature=5, MCS_per_global_steps=15, number_of_temperatures=10, schedule=logT"
100,1102029,-0.729473,17.39815631,1,17.39815631,NVIDIA Tesla V100-SXM2-32G,Global Annealing,,"global_steps_per_temperature=5, MCS_per_global_steps=15, number_of_temperatures=10, schedule=logT"
200,1201732,-0.736522,22.42733083,1,22.42733083,NVIDIA Tesla V100-SXM2-32G,Global Annealing,,"global_steps_per_temperature=5, MCS_per_global_steps=15, number_of_temperatures=10, schedule=logT"
200,1201735,-0.752352,21.84375339,1,21.84375339,NVIDIA Tesla V100-SXM2-32G,Global Annealing,,"global_steps_per_temperature=5, MCS_per_global_steps=15, number_of_temperatures=10, schedule=logT"
200,1201738,-0.744616,22.78889585,1,22.78889585,NVIDIA Tesla V100-SXM2-32G,Global Annealing,,"global_steps_per_temperature=5, MCS_per_global_steps=15, number_of_temperatures=10, schedule=logT"
200,1201741,-0.751441,20.64069004,1,20.64069004,NVIDIA Tesla V100-SXM2-32G,Global Annealing,,"global_steps_per_temperature=5, MCS_per_global_steps=15, number_of_temperatures=10, schedule=logT"
200,1201744,-0.758601,21.28899205,1,21.28899205,NVIDIA Tesla V100-SXM2-32G,Global Annealing,,"global_steps_per_temperature=5, MCS_per_global_steps=15, number_of_temperatures=10, schedule=logT"
200,1201747,-0.738297,22.5556921,1,22.5556921,NVIDIA Tesla V100-SXM2-32G,Global Annealing,,"global_steps_per_temperature=5, MCS_per_global_steps=15, number_of_temperatures=10, schedule=logT"
200,1201750,-0.740937,22.11344855,1,22.11344855,NVIDIA Tesla V100-SXM2-32G,Global Annealing,,"global_steps_per_temperature=5, MCS_per_global_steps=15, number_of_temperatures=10, schedule=logT"
200,1201753,-0.765756,22.76373706,1,22.76373706,NVIDIA Tesla V100-SXM2-32G,Global Annealing,,"global_steps_per_temperature=5, MCS_per_global_steps=15, number_of_temperatures=10, schedule=logT"
200,1201756,-0.752221,22.76045296,1,22.76045296,NVIDIA Tesla V100-SXM2-32G,Global Annealing,,"global_steps_per_temperature=5, MCS_per_global_steps=15, number_of_temperatures=10, schedule=logT"
200,1201759,-0.749979,22.22820795,1,22.22820795,NVIDIA Tesla V100-SXM2-32G,Global Annealing,,"global_steps_per_temperature=5, MCS_per_global_steps=15, number_of_temperatures=10, schedule=logT"
200,1201762,-0.738356,23.13550088,1,23.13550088,NVIDIA Tesla V100-SXM2-32G,Global Annealing,,"global_steps_per_temperature=5, MCS_per_global_steps=15, number_of_temperatures=10, schedule=logT"
200,1201765,-0.729230,22.22541816,1,22.22541816,NVIDIA Tesla V100-SXM2-32G,Global Annealing,,"global_steps_per_temperature=5, MCS_per_global_steps=15, number_of_temperatures=10, schedule=logT"
200,1201768,-0.726671,22.4452266,1,22.4452266,NVIDIA Tesla V100-SXM2-32G,Global Annealing,,"global_steps_per_temperature=5, MCS_per_global_steps=15, number_of_temperatures=10, schedule=logT"
200,1201771,-0.740429,21.64582622,1,21.64582622,NVIDIA Tesla V100-SXM2-32G,Global Annealing,,"global_steps_per_temperature=5, MCS_per_global_steps=15, number_of_temperatures=10, schedule=logT"
200,1201774,-0.742038,22.37226956,1,22.37226956,NVIDIA Tesla V100-SXM2-32G,Global Annealing,,"global_steps_per_temperature=5, MCS_per_global_steps=15, number_of_temperatures=10, schedule=logT"
200,1201777,-0.743682,21.52947209,1,21.52947209,NVIDIA Tesla V100-SXM2-32G,Global Annealing,,"global_steps_per_temperature=5, MCS_per_global_steps=15, number_of_temperatures=10, schedule=logT"
200,1201780,-0.757792,22.82776148,1,22.82776148,NVIDIA Tesla V100-SXM2-32G,Global Annealing,,"global_steps_per_temperature=5, MCS_per_global_steps=15, number_of_temperatures=10, schedule=logT"
200,1201783,-0.724741,22.90318997,1,22.90318997,NVIDIA Tesla V100-SXM2-32G,Global Annealing,,"global_steps_per_temperature=5, MCS_per_global_steps=15, number_of_temperatures=10, schedule=logT"
200,1201786,-0.723742,21.66396937,1,21.66396937,NVIDIA Tesla V100-SXM2-32G,Global Annealing,,"global_steps_per_temperature=5, MCS_per_global_steps=15, number_of_temperatures=10, schedule=logT"
200,1201789,-0.755843,22.82727268,1,22.82727268,NVIDIA Tesla V100-SXM2-32G,Global Annealing,,"global_steps_per_temperature=5, MCS_per_global_steps=15, number_of_temperatures=10, schedule=logT"
200,1201792,-0.730800,22.81901679,1,22.81901679,NVIDIA Tesla V100-SXM2-32G,Global Annealing,,"global_steps_per_temperature=5, MCS_per_global_steps=15, number_of_temperatures=10, schedule=logT"
200,1201795,-0.754258,22.27829449,1,22.27829449,NVIDIA Tesla V100-SXM2-32G,Global Annealing,,"global_steps_per_temperature=5, MCS_per_global_steps=15, number_of_temperatures=10, schedule=logT"
200,1201798,-0.742141,22.66750782,1,22.66750782,NVIDIA Tesla V100-SXM2-32G,Global Annealing,,"global_steps_per_temperature=5, MCS_per_global_steps=15, number_of_temperatures=10, schedule=logT"
200,1201801,-0.752055,22.82998676,1,22.82998676,NVIDIA Tesla V100-SXM2-32G,Global Annealing,,"global_steps_per_temperature=5, MCS_per_global_steps=15, number_of_temperatures=10, schedule=logT"
200,1201804,-0.719622,22.59914486,1,22.59914486,NVIDIA Tesla V100-SXM2-32G,Global Annealing,,"global_steps_per_temperature=5, MCS_per_global_steps=15, number_of_temperatures=10, schedule=logT"
200,1201807,-0.740271,22.21634974,1,22.21634974,NVIDIA Tesla V100-SXM2-32G,Global Annealing,,"global_steps_per_temperature=5, MCS_per_global_steps=15, number_of_temperatures=10, schedule=logT"
200,1201810,-0.744093,22.75815103,1,22.75815103,NVIDIA Tesla V100-SXM2-32G,Global Annealing,,"global_steps_per_temperature=5, MCS_per_global_steps=15, number_of_temperatures=10, schedule=logT"
200,1201813,-0.745578,20.65902638,1,20.65902638,NVIDIA Tesla V100-SXM2-32G,Global Annealing,,"global_steps_per_temperature=5, MCS_per_global_steps=15, number_of_temperatures=10, schedule=logT"
200,1201816,-0.731314,22.36905119,1,22.36905119,NVIDIA Tesla V100-SXM2-32G,Global Annealing,,"global_steps_per_temperature=5, MCS_per_global_steps=15, number_of_temperatures=10, schedule=logT"
200,1201819,-0.739830,21.64016626,1,21.64016626,NVIDIA Tesla V100-SXM2-32G,Global Annealing,,"global_steps_per_temperature=5, MCS_per_global_steps=15, number_of_temperatures=10, schedule=logT"
200,1201822,-0.725311,21.78314068,1,21.78314068,NVIDIA Tesla V100-SXM2-32G,Global Annealing,,"global_steps_per_temperature=5, MCS_per_global_steps=15, number_of_temperatures=10, schedule=logT"
200,1201825,-0.757817,21.97728584,1,21.97728584,NVIDIA Tesla V100-SXM2-32G,Global Annealing,,"global_steps_per_temperature=5, MCS_per_global_steps=15, number_of_temperatures=10, schedule=logT"
200,1201828,-0.742735,22.40929458,1,22.40929458,NVIDIA Tesla V100-SXM2-32G,Global Annealing,,"global_steps_per_temperature=5, MCS_per_global_steps=15, number_of_temperatures=10, schedule=logT"
200,1201831,-0.754137,21.5814291,1,21.5814291,NVIDIA Tesla V100-SXM2-32G,Global Annealing,,"global_steps_per_temperature=5, MCS_per_global_steps=15, number_of_temperatures=10, schedule=logT"
200,1201834,-0.739004,22.68982697,1,22.68982697,NVIDIA Tesla V100-SXM2-32G,Global Annealing,,"global_steps_per_temperature=5, MCS_per_global_steps=15, number_of_temperatures=10, schedule=logT"
200,1201837,-0.755643,21.84821599,1,21.84821599,NVIDIA Tesla V100-SXM2-32G,Global Annealing,,"global_steps_per_temperature=5, MCS_per_global_steps=15, number_of_temperatures=10, schedule=logT"
200,1201840,-0.744032,20.51867101,1,20.51867101,NVIDIA Tesla V100-SXM2-32G,Global Annealing,,"global_steps_per_temperature=5, MCS_per_global_steps=15, number_of_temperatures=10, schedule=logT"
200,1201843,-0.727460,22.56504216,1,22.56504216,NVIDIA Tesla V100-SXM2-32G,Global Annealing,,"global_steps_per_temperature=5, MCS_per_global_steps=15, number_of_temperatures=10, schedule=logT"
200,1201846,-0.729343,22.81303551,1,22.81303551,NVIDIA Tesla V100-SXM2-32G,Global Annealing,,"global_steps_per_temperature=5, MCS_per_global_steps=15, number_of_temperatures=10, schedule=logT"
200,1201849,-0.759116,22.25444691,1,22.25444691,NVIDIA Tesla V100-SXM2-32G,Global Annealing,,"global_steps_per_temperature=5, MCS_per_global_steps=15, number_of_temperatures=10, schedule=logT"
200,1201852,-0.713844,22.01761758,1,22.01761758,NVIDIA Tesla V100-SXM2-32G,Global Annealing,,"global_steps_per_temperature=5, MCS_per_global_steps=15, number_of_temperatures=10, schedule=logT"
200,1201855,-0.735121,22.54890475,1,22.54890475,NVIDIA Tesla V100-SXM2-32G,Global Annealing,,"global_steps_per_temperature=5, MCS_per_global_steps=15, number_of_temperatures=10, schedule=logT"
200,1201858,-0.737462,22.54955244,1,22.54955244,NVIDIA Tesla V100-SXM2-32G,Global Annealing,,"global_steps_per_temperature=5, MCS_per_global_steps=15, number_of_temperatures=10, schedule=logT"
200,1201861,-0.753073,22.1091295,1,22.1091295,NVIDIA Tesla V100-SXM2-32G,Global Annealing,,"global_steps_per_temperature=5, MCS_per_global_steps=15, number_of_temperatures=10, schedule=logT"
200,1201864,-0.758906,22.20048256,1,22.20048256,NVIDIA Tesla V100-SXM2-32G,Global Annealing,,"global_steps_per_temperature=5, MCS_per_global_steps=15, number_of_temperatures=10, schedule=logT"
200,1201867,-0.729322,22.71968153,1,22.71968153,NVIDIA Tesla V100-SXM2-32G,Global Annealing,,"global_steps_per_temperature=5, MCS_per_global_steps=15, number_of_temperatures=10, schedule=logT"
200,1201870,-0.728262,21.37790337,1,21.37790337,NVIDIA Tesla V100-SXM2-32G,Global Annealing,,"global_steps_per_temperature=5, MCS_per_global_steps=15, number_of_temperatures=10, schedule=logT"
200,1201873,-0.750260,22.09338167,1,22.09338167,NVIDIA Tesla V100-SXM2-32G,Global Annealing,,"global_steps_per_temperature=5, MCS_per_global_steps=15, number_of_temperatures=10, schedule=logT"
200,1201876,-0.740049,22.78162007,1,22.78162007,NVIDIA Tesla V100-SXM2-32G,Global Annealing,,"global_steps_per_temperature=5, MCS_per_global_steps=15, number_of_temperatures=10, schedule=logT"
200,1201879,-0.748392,22.16596577,1,22.16596577,NVIDIA Tesla V100-SXM2-32G,Global Annealing,,"global_steps_per_temperature=5, MCS_per_global_steps=15, number_of_temperatures=10, schedule=logT"
200,1201882,-0.737235,24.78754859,1,24.78754859,NVIDIA Tesla V100-SXM2-32G,Global Annealing,,"global_steps_per_temperature=5, MCS_per_global_steps=15, number_of_temperatures=10, schedule=logT"
200,1201885,-0.741240,24.61230736,1,24.61230736,NVIDIA Tesla V100-SXM2-32G,Global Annealing,,"global_steps_per_temperature=5, MCS_per_global_steps=15, number_of_temperatures=10, schedule=logT"
200,1201888,-0.745954,24.11484082,1,24.11484082,NVIDIA Tesla V100-SXM2-32G,Global Annealing,,"global_steps_per_temperature=5, MCS_per_global_steps=15, number_of_temperatures=10, schedule=logT"
200,1201891,-0.738878,25.89232738,1,25.89232738,NVIDIA Tesla V100-SXM2-32G,Global Annealing,,"global_steps_per_temperature=5, MCS_per_global_steps=15, number_of_temperatures=10, schedule=logT"
200,1201894,-0.729804,25.33030777,1,25.33030777,NVIDIA Tesla V100-SXM2-32G,Global Annealing,,"global_steps_per_temperature=5, MCS_per_global_steps=15, number_of_temperatures=10, schedule=logT"
200,1201897,-0.721236,24.24134059,1,24.24134059,NVIDIA Tesla V100-SXM2-32G,Global Annealing,,"global_steps_per_temperature=5, MCS_per_global_steps=15, number_of_temperatures=10, schedule=logT"
200,1201900,-0.738590,24.50621526,1,24.50621526,NVIDIA Tesla V100-SXM2-32G,Global Annealing,,"global_steps_per_temperature=5, MCS_per_global_steps=15, number_of_temperatures=10, schedule=logT"
200,1201903,-0.738158,25.64395163,1,25.64395163,NVIDIA Tesla V100-SXM2-32G,Global Annealing,,"global_steps_per_temperature=5, MCS_per_global_steps=15, number_of_temperatures=10, schedule=logT"
200,1201906,-0.725397,23.68338547,1,23.68338547,NVIDIA Tesla V100-SXM2-32G,Global Annealing,,"global_steps_per_temperature=5, MCS_per_global_steps=15, number_of_temperatures=10, schedule=logT"
200,1201909,-0.727779,25.62307334,1,25.62307334,NVIDIA Tesla V100-SXM2-32G,Global Annealing,,"global_steps_per_temperature=5, MCS_per_global_steps=15, number_of_temperatures=10, schedule=logT"
200,1201912,-0.735361,24.76128311,1,24.76128311,NVIDIA Tesla V100-SXM2-32G,Global Annealing,,"global_steps_per_temperature=5, MCS_per_global_steps=15, number_of_temperatures=10, schedule=logT"
200,1201915,-0.741483,25.83222835,1,25.83222835,NVIDIA Tesla V100-SXM2-32G,Global Annealing,,"global_steps_per_temperature=5, MCS_per_global_steps=15, number_of_temperatures=10, schedule=logT"
200,1201918,-0.746186,25.25550258,1,25.25550258,NVIDIA Tesla V100-SXM2-32G,Global Annealing,,"global_steps_per_temperature=5, MCS_per_global_steps=15, number_of_temperatures=10, schedule=logT"
200,1201921,-0.743271,24.15878692,1,24.15878692,NVIDIA Tesla V100-SXM2-32G,Global Annealing,,"global_steps_per_temperature=5, MCS_per_global_steps=15, number_of_temperatures=10, schedule=logT"
200,1201924,-0.730365,24.22505698,1,24.22505698,NVIDIA Tesla V100-SXM2-32G,Global Annealing,,"global_steps_per_temperature=5, MCS_per_global_steps=15, number_of_temperatures=10, schedule=logT"
200,1201927,-0.736923,24.88487866,1,24.88487866,NVIDIA Tesla V100-SXM2-32G,Global Annealing,,"global_steps_per_temperature=5, MCS_per_global_steps=15, number_of_temperatures=10, schedule=logT"
200,1201930,-0.746982,24.75178776,1,24.75178776,NVIDIA Tesla V100-SXM2-32G,Global Annealing,,"global_steps_per_temperature=5, MCS_per_global_steps=15, number_of_temperatures=10, schedule=logT"
200,1201933,-0.738263,26.04708416,1,26.04708416,NVIDIA Tesla V100-SXM2-32G,Global Annealing,,"global_steps_per_temperature=5, MCS_per_global_steps=15, number_of_temperatures=10, schedule=logT"
200,1201936,-0.740186,24.59646058,1,24.59646058,NVIDIA Tesla V100-SXM2-32G,Global Annealing,,"global_steps_per_temperature=5, MCS_per_global_steps=15, number_of_temperatures=10, schedule=logT"
200,1201939,-0.734611,24.97520156,1,24.97520156,NVIDIA Tesla V100-SXM2-32G,Global Annealing,,"global_steps_per_temperature=5, MCS_per_global_steps=15, number_of_temperatures=10, schedule=logT"
200,1201942,-0.735226,23.91322291,1,23.91322291,NVIDIA Tesla V100-SXM2-32G,Global Annealing,,"global_steps_per_temperature=5, MCS_per_global_steps=15, number_of_temperatures=10, schedule=logT"
200,1201945,-0.736444,25.37486482,1,25.37486482,NVIDIA Tesla V100-SXM2-32G,Global Annealing,,"global_steps_per_temperature=5, MCS_per_global_steps=15, number_of_temperatures=10, schedule=logT"
200,1201948,-0.734839,25.28215652,1,25.28215652,NVIDIA Tesla V100-SXM2-32G,Global Annealing,,"global_steps_per_temperature=5, MCS_per_global_steps=15, number_of_temperatures=10, schedule=logT"
200,1201951,-0.748692,26.1635679,1,26.1635679,NVIDIA Tesla V100-SXM2-32G,Global Annealing,,"global_steps_per_temperature=5, MCS_per_global_steps=15, number_of_temperatures=10, schedule=logT"
200,1201954,-0.744243,24.23513258,1,24.23513258,NVIDIA Tesla V100-SXM2-32G,Global Annealing,,"global_steps_per_temperature=5, MCS_per_global_steps=15, number_of_temperatures=10, schedule=logT"
200,1201957,-0.740913,21.59602144,1,21.59602144,NVIDIA Tesla V100-SXM2-32G,Global Annealing,,"global_steps_per_temperature=5, MCS_per_global_steps=15, number_of_temperatures=10, schedule=logT"
200,1201960,-0.748046,22.2630029,1,22.2630029,NVIDIA Tesla V100-SXM2-32G,Global Annealing,,"global_steps_per_temperature=5, MCS_per_global_steps=15, number_of_temperatures=10, schedule=logT"
200,1201963,-0.746689,23.06809411,1,23.06809411,NVIDIA Tesla V100-SXM2-32G,Global Annealing,,"global_steps_per_temperature=5, MCS_per_global_steps=15, number_of_temperatures=10, schedule=logT"
200,1201966,-0.728459,22.69061015,1,22.69061015,NVIDIA Tesla V100-SXM2-32G,Global Annealing,,"global_steps_per_temperature=5, MCS_per_global_steps=15, number_of_temperatures=10, schedule=logT"
200,1201969,-0.728042,22.8328692,1,22.8328692,NVIDIA Tesla V100-SXM2-32G,Global Annealing,,"global_steps_per_temperature=5, MCS_per_global_steps=15, number_of_temperatures=10, schedule=logT"
200,1201972,-0.737060,22.44781127,1,22.44781127,NVIDIA Tesla V100-SXM2-32G,Global Annealing,,"global_steps_per_temperature=5, MCS_per_global_steps=15, number_of_temperatures=10, schedule=logT"
200,1201975,-0.743503,21.73897817,1,21.73897817,NVIDIA Tesla V100-SXM2-32G,Global Annealing,,"global_steps_per_temperature=5, MCS_per_global_steps=15, number_of_temperatures=10, schedule=logT"
200,1201978,-0.754570,22.34542007,1,22.34542007,NVIDIA Tesla V100-SXM2-32G,Global Annealing,,"global_steps_per_temperature=5, MCS_per_global_steps=15, number_of_temperatures=10, schedule=logT"
200,1201981,-0.751408,22.7412374,1,22.7412374,NVIDIA Tesla V100-SXM2-32G,Global Annealing,,"global_steps_per_temperature=5, MCS_per_global_steps=15, number_of_temperatures=10, schedule=logT"
200,1201984,-0.745514,21.56059546,1,21.56059546,NVIDIA Tesla V100-SXM2-32G,Global Annealing,,"global_steps_per_temperature=5, MCS_per_global_steps=15, number_of_temperatures=10, schedule=logT"
200,1201987,-0.746495,21.71710331,1,21.71710331,NVIDIA Tesla V100-SXM2-32G,Global Annealing,,"global_steps_per_temperature=5, MCS_per_global_steps=15, number_of_temperatures=10, schedule=logT"
200,1201990,-0.734621,22.09759638,1,22.09759638,NVIDIA Tesla V100-SXM2-32G,Global Annealing,,"global_steps_per_temperature=5, MCS_per_global_steps=15, number_of_temperatures=10, schedule=logT"
200,1201993,-0.756657,23.19597929,1,23.19597929,NVIDIA Tesla V100-SXM2-32G,Global Annealing,,"global_steps_per_temperature=5, MCS_per_global_steps=15, number_of_temperatures=10, schedule=logT"
200,1201996,-0.742097,21.71913242,1,21.71913242,NVIDIA Tesla V100-SXM2-32G,Global Annealing,,"global_steps_per_temperature=5, MCS_per_global_steps=15, number_of_temperatures=10, schedule=logT"
200,1201999,-0.747167,23.02406368,1,23.02406368,NVIDIA Tesla V100-SXM2-32G,Global Annealing,,"global_steps_per_temperature=5, MCS_per_global_steps=15, number_of_temperatures=10, schedule=logT"
200,1202002,-0.756529,21.63614638,1,21.63614638,NVIDIA Tesla V100-SXM2-32G,Global Annealing,,"global_steps_per_temperature=5, MCS_per_global_steps=15, number_of_temperatures=10, schedule=logT"
200,1202005,-0.736046,22.93424573,1,22.93424573,NVIDIA Tesla V100-SXM2-32G,Global Annealing,,"global_steps_per_temperature=5, MCS_per_global_steps=15, number_of_temperatures=10, schedule=logT"
200,1202008,-0.733822,22.33398325,1,22.33398325,NVIDIA Tesla V100-SXM2-32G,Global Annealing,,"global_steps_per_temperature=5, MCS_per_global_steps=15, number_of_temperatures=10, schedule=logT"
200,1202011,-0.763518,21.78617256,1,21.78617256,NVIDIA Tesla V100-SXM2-32G,Global Annealing,,"global_steps_per_temperature=5, MCS_per_global_steps=15, number_of_temperatures=10, schedule=logT"
200,1202014,-0.734860,22.64737308,1,22.64737308,NVIDIA Tesla V100-SXM2-32G,Global Annealing,,"global_steps_per_temperature=5, MCS_per_global_steps=15, number_of_temperatures=10, schedule=logT"
200,1202017,-0.755485,23.01684642,1,23.01684642,NVIDIA Tesla V100-SXM2-32G,Global Annealing,,"global_steps_per_temperature=5, MCS_per_global_steps=15, number_of_temperatures=10, schedule=logT"
200,1202020,-0.743062,22.78485441,1,22.78485441,NVIDIA Tesla V100-SXM2-32G,Global Annealing,,"global_steps_per_temperature=5, MCS_per_global_steps=15, number_of_temperatures=10, schedule=logT"
200,1202023,-0.734375,22.88039415,1,22.88039415,NVIDIA Tesla V100-SXM2-32G,Global Annealing,,"global_steps_per_temperature=5, MCS_per_global_steps=15, number_of_temperatures=10, schedule=logT"
200,1202026,-0.738091,21.76604497,1,21.76604497,NVIDIA Tesla V100-SXM2-32G,Global Annealing,,"global_steps_per_temperature=5, MCS_per_global_steps=15, number_of_temperatures=10, schedule=logT"
200,1202029,-0.748462,22.50415051,1,22.50415051,NVIDIA Tesla V100-SXM2-32G,Global Annealing,,"global_steps_per_temperature=5, MCS_per_global_steps=15, number_of_temperatures=10, schedule=logT"
300,1301732,-0.741660,25.85926533,1,25.85926533,NVIDIA Tesla V100-SXM2-32G,Global Annealing,,"global_steps_per_temperature=5, MCS_per_global_steps=15, number_of_temperatures=10, schedule=logT"
300,1301735,-0.750046,25.77062569,1,25.77062569,NVIDIA Tesla V100-SXM2-32G,Global Annealing,,"global_steps_per_temperature=5, MCS_per_global_steps=15, number_of_temperatures=10, schedule=logT"
300,1301738,-0.740541,25.74307425,1,25.74307425,NVIDIA Tesla V100-SXM2-32G,Global Annealing,,"global_steps_per_temperature=5, MCS_per_global_steps=15, number_of_temperatures=10, schedule=logT"
300,1301741,-0.735649,25.87293212,1,25.87293212,NVIDIA Tesla V100-SXM2-32G,Global Annealing,,"global_steps_per_temperature=5, MCS_per_global_steps=15, number_of_temperatures=10, schedule=logT"
300,1301744,-0.744259,25.93033636,1,25.93033636,NVIDIA Tesla V100-SXM2-32G,Global Annealing,,"global_steps_per_temperature=5, MCS_per_global_steps=15, number_of_temperatures=10, schedule=logT"
300,1301747,-0.740427,25.60760114,1,25.60760114,NVIDIA Tesla V100-SXM2-32G,Global Annealing,,"global_steps_per_temperature=5, MCS_per_global_steps=15, number_of_temperatures=10, schedule=logT"
300,1301750,-0.753784,25.86354396,1,25.86354396,NVIDIA Tesla V100-SXM2-32G,Global Annealing,,"global_steps_per_temperature=5, MCS_per_global_steps=15, number_of_temperatures=10, schedule=logT"
300,1301753,-0.736924,25.83197403,1,25.83197403,NVIDIA Tesla V100-SXM2-32G,Global Annealing,,"global_steps_per_temperature=5, MCS_per_global_steps=15, number_of_temperatures=10, schedule=logT"
300,1301756,-0.754342,25.94365642,1,25.94365642,NVIDIA Tesla V100-SXM2-32G,Global Annealing,,"global_steps_per_temperature=5, MCS_per_global_steps=15, number_of_temperatures=10, schedule=logT"
300,1301759,-0.755728,24.9497942,1,24.9497942,NVIDIA Tesla V100-SXM2-32G,Global Annealing,,"global_steps_per_temperature=5, MCS_per_global_steps=15, number_of_temperatures=10, schedule=logT"
300,1301762,-0.742082,25.96045141,1,25.96045141,NVIDIA Tesla V100-SXM2-32G,Global Annealing,,"global_steps_per_temperature=5, MCS_per_global_steps=15, number_of_temperatures=10, schedule=logT"
300,1301765,-0.759703,25.77670608,1,25.77670608,NVIDIA Tesla V100-SXM2-32G,Global Annealing,,"global_steps_per_temperature=5, MCS_per_global_steps=15, number_of_temperatures=10, schedule=logT"
300,1301768,-0.750269,26.08652709,1,26.08652709,NVIDIA Tesla V100-SXM2-32G,Global Annealing,,"global_steps_per_temperature=5, MCS_per_global_steps=15, number_of_temperatures=10, schedule=logT"
300,1301771,-0.759158,25.50255322,1,25.50255322,NVIDIA Tesla V100-SXM2-32G,Global Annealing,,"global_steps_per_temperature=5, MCS_per_global_steps=15, number_of_temperatures=10, schedule=logT"
300,1301774,-0.752751,26.01004117,1,26.01004117,NVIDIA Tesla V100-SXM2-32G,Global Annealing,,"global_steps_per_temperature=5, MCS_per_global_steps=15, number_of_temperatures=10, schedule=logT"
300,1301777,-0.739648,25.78585393,1,25.78585393,NVIDIA Tesla V100-SXM2-32G,Global Annealing,,"global_steps_per_temperature=5, MCS_per_global_steps=15, number_of_temperatures=10, schedule=logT"
300,1301780,-0.738650,25.67892649,1,25.67892649,NVIDIA Tesla V100-SXM2-32G,Global Annealing,,"global_steps_per_temperature=5, MCS_per_global_steps=15, number_of_temperatures=10, schedule=logT"
300,1301783,-0.738056,25.80920422,1,25.80920422,NVIDIA Tesla V100-SXM2-32G,Global Annealing,,"global_steps_per_temperature=5, MCS_per_global_steps=15, number_of_temperatures=10, schedule=logT"
300,1301786,-0.754114,25.66406593,1,25.66406593,NVIDIA Tesla V100-SXM2-32G,Global Annealing,,"global_steps_per_temperature=5, MCS_per_global_steps=15, number_of_temperatures=10, schedule=logT"
300,1301789,-0.757090,25.6699563,1,25.6699563,NVIDIA Tesla V100-SXM2-32G,Global Annealing,,"global_steps_per_temperature=5, MCS_per_global_steps=15, number_of_temperatures=10, schedule=logT"
300,1301792,-0.750405,26.07381639,1,26.07381639,NVIDIA Tesla V100-SXM2-32G,Global Annealing,,"global_steps_per_temperature=5, MCS_per_global_steps=15, number_of_temperatures=10, schedule=logT"
300,1301795,-0.749628,25.88403842,1,25.88403842,NVIDIA Tesla V100-SXM2-32G,Global Annealing,,"global_steps_per_temperature=5, MCS_per_global_steps=15, number_of_temperatures=10, schedule=logT"
300,1301798,-0.747520,25.9442147,1,25.9442147,NVIDIA Tesla V100-SXM2-32G,Global Annealing,,"global_steps_per_temperature=5, MCS_per_global_steps=15, number_of_temperatures=10, schedule=logT"
300,1301801,-0.772631,25.95229101,1,25.95229101,NVIDIA Tesla V100-SXM2-32G,Global Annealing,,"global_steps_per_temperature=5, MCS_per_global_steps=15, number_of_temperatures=10, schedule=logT"
300,1301804,-0.742546,25.86845698,1,25.86845698,NVIDIA Tesla V100-SXM2-32G,Global Annealing,,"global_steps_per_temperature=5, MCS_per_global_steps=15, number_of_temperatures=10, schedule=logT"
300,1301807,-0.754144,25.01314914,1,25.01314914,NVIDIA Tesla V100-SXM2-32G,Global Annealing,,"global_steps_per_temperature=5, MCS_per_global_steps=15, number_of_temperatures=10, schedule=logT"
300,1301810,-0.744185,25.70996249,1,25.70996249,NVIDIA Tesla V100-SXM2-32G,Global Annealing,,"global_steps_per_temperature=5, MCS_per_global_steps=15, number_of_temperatures=10, schedule=logT"
300,1301813,-0.747894,25.22476118,1,25.22476118,NVIDIA Tesla V100-SXM2-32G,Global Annealing,,"global_steps_per_temperature=5, MCS_per_global_steps=15, number_of_temperatures=10, schedule=logT"
300,1301816,-0.752873,25.86515937,1,25.86515937,NVIDIA Tesla V100-SXM2-32G,Global Annealing,,"global_steps_per_temperature=5, MCS_per_global_steps=15, number_of_temperatures=10, schedule=logT"
300,1301819,-0.742655,25.43532145,1,25.43532145,NVIDIA Tesla V100-SXM2-32G,Global Annealing,,"global_steps_per_temperature=5, MCS_per_global_steps=15, number_of_temperatures=10, schedule=logT"
300,1301822,-0.736043,25.79669776,1,25.79669776,NVIDIA Tesla V100-SXM2-32G,Global Annealing,,"global_steps_per_temperature=5, MCS_per_global_steps=15, number_of_temperatures=10, schedule=logT"
300,1301825,-0.741320,25.54213345,1,25.54213345,NVIDIA Tesla V100-SXM2-32G,Global Annealing,,"global_steps_per_temperature=5, MCS_per_global_steps=15, number_of_temperatures=10, schedule=logT"
300,1301828,-0.754923,25.70966249,1,25.70966249,NVIDIA Tesla V100-SXM2-32G,Global Annealing,,"global_steps_per_temperature=5, MCS_per_global_steps=15, number_of_temperatures=10, schedule=logT"
300,1301831,-0.760743,25.71317489,1,25.71317489,NVIDIA Tesla V100-SXM2-32G,Global Annealing,,"global_steps_per_temperature=5, MCS_per_global_steps=15, number_of_temperatures=10, schedule=logT"
300,1301834,-0.740673,25.19706423,1,25.19706423,NVIDIA Tesla V100-SXM2-32G,Global Annealing,,"global_steps_per_temperature=5, MCS_per_global_steps=15, number_of_temperatures=10, schedule=logT"
300,1301837,-0.745915,25.68076642,1,25.68076642,NVIDIA Tesla V100-SXM2-32G,Global Annealing,,"global_steps_per_temperature=5, MCS_per_global_steps=15, number_of_temperatures=10, schedule=logT"
300,1301840,-0.731127,25.46948252,1,25.46948252,NVIDIA Tesla V100-SXM2-32G,Global Annealing,,"global_steps_per_temperature=5, MCS_per_global_steps=15, number_of_temperatures=10, schedule=logT"
300,1301843,-0.749456,25.68012059,1,25.68012059,NVIDIA Tesla V100-SXM2-32G,Global Annealing,,"global_steps_per_temperature=5, MCS_per_global_steps=15, number_of_temperatures=10, schedule=logT"
300,1301846,-0.749777,25.34736712,1,25.34736712,NVIDIA Tesla V100-SXM2-32G,Global Annealing,,"global_steps_per_temperature=5, MCS_per_global_steps=15, number_of_temperatures=10, schedule=logT"
300,1301849,-0.751751,25.24198077,1,25.24198077,NVIDIA Tesla V100-SXM2-32G,Global Annealing,,"global_steps_per_temperature=5, MCS_per_global_steps=15, number_of_temperatures=10, schedule=logT"
300,1301852,-0.738399,25.92451487,1,25.92451487,NVIDIA Tesla V100-SXM2-32G,Global Annealing,,"global_steps_per_temperature=5, MCS_per_global_steps=15, number_of_temperatures=10, schedule=logT"
300,1301855,-0.741814,25.74120851,1,25.74120851,NVIDIA Tesla V100-SXM2-32G,Global Annealing,,"global_steps_per_temperature=5, MCS_per_global_steps=15, number_of_temperatures=10, schedule=logT"
300,1301858,-0.748648,25.11296318,1,25.11296318,NVIDIA Tesla V100-SXM2-32G,Global Annealing,,"global_steps_per_temperature=5, MCS_per_global_steps=15, number_of_temperatures=10, schedule=logT"
300,1301861,-0.742954,25.72864869,1,25.72864869,NVIDIA Tesla V100-SXM2-32G,Global Annealing,,"global_steps_per_temperature=5, MCS_per_global_steps=15, number_of_temperatures=10, schedule=logT"
300,1301864,-0.737563,25.63154974,1,25.63154974,NVIDIA Tesla V100-SXM2-32G,Global Annealing,,"global_steps_per_temperature=5, MCS_per_global_steps=15, number_of_temperatures=10, schedule=logT"
300,1301867,-0.738699,25.80661614,1,25.80661614,NVIDIA Tesla V100-SXM2-32G,Global Annealing,,"global_steps_per_temperature=5, MCS_per_global_steps=15, number_of_temperatures=10, schedule=logT"
300,1301870,-0.743895,24.83743691,1,24.83743691,NVIDIA Tesla V100-SXM2-32G,Global Annealing,,"global_steps_per_temperature=5, MCS_per_global_steps=15, number_of_temperatures=10, schedule=logT"
300,1301873,-0.746064,25.74081066,1,25.74081066,NVIDIA Tesla V100-SXM2-32G,Global Annealing,,"global_steps_per_temperature=5, MCS_per_global_steps=15, number_of_temperatures=10, schedule=logT"
300,1301876,-0.760647,25.55665317,1,25.55665317,NVIDIA Tesla V100-SXM2-32G,Global Annealing,,"global_steps_per_temperature=5, MCS_per_global_steps=15, number_of_temperatures=10, schedule=logT"
300,1301879,-0.734229,25.62585697,1,25.62585697,NVIDIA Tesla V100-SXM2-32G,Global Annealing,,"global_steps_per_temperature=5, MCS_per_global_steps=15, number_of_temperatures=10, schedule=logT"
300,1301882,-0.741867,28.91924617,1,28.91924617,NVIDIA Tesla V100-SXM2-32G,Global Annealing,,"global_steps_per_temperature=5, MCS_per_global_steps=15, number_of_temperatures=10, schedule=logT"
300,1301885,-0.747361,29.0122937,1,29.0122937,NVIDIA Tesla V100-SXM2-32G,Global Annealing,,"global_steps_per_temperature=5, MCS_per_global_steps=15, number_of_temperatures=10, schedule=logT"
300,1301888,-0.745765,28.46478817,1,28.46478817,NVIDIA Tesla V100-SXM2-32G,Global Annealing,,"global_steps_per_temperature=5, MCS_per_global_steps=15, number_of_temperatures=10, schedule=logT"
300,1301891,-0.750412,28.53648307,1,28.53648307,NVIDIA Tesla V100-SXM2-32G,Global Annealing,,"global_steps_per_temperature=5, MCS_per_global_steps=15, number_of_temperatures=10, schedule=logT"
300,1301894,-0.747059,28.76565955,1,28.76565955,NVIDIA Tesla V100-SXM2-32G,Global Annealing,,"global_steps_per_temperature=5, MCS_per_global_steps=15, number_of_temperatures=10, schedule=logT"
300,1301897,-0.746696,28.97948599,1,28.97948599,NVIDIA Tesla V100-SXM2-32G,Global Annealing,,"global_steps_per_temperature=5, MCS_per_global_steps=15, number_of_temperatures=10, schedule=logT"
300,1301900,-0.748416,28.63829679,1,28.63829679,NVIDIA Tesla V100-SXM2-32G,Global Annealing,,"global_steps_per_temperature=5, MCS_per_global_steps=15, number_of_temperatures=10, schedule=logT"
300,1301903,-0.759027,28.91742439,1,28.91742439,NVIDIA Tesla V100-SXM2-32G,Global Annealing,,"global_steps_per_temperature=5, MCS_per_global_steps=15, number_of_temperatures=10, schedule=logT"
300,1301906,-0.757763,29.00314,1,29.00314,NVIDIA Tesla V100-SXM2-32G,Global Annealing,,"global_steps_per_temperature=5, MCS_per_global_steps=15, number_of_temperatures=10, schedule=logT"
300,1301909,-0.745808,27.5757129,1,27.5757129,NVIDIA Tesla V100-SXM2-32G,Global Annealing,,"global_steps_per_temperature=5, MCS_per_global_steps=15, number_of_temperatures=10, schedule=logT"
300,1301912,-0.732498,28.75961044,1,28.75961044,NVIDIA Tesla V100-SXM2-32G,Global Annealing,,"global_steps_per_temperature=5, MCS_per_global_steps=15, number_of_temperatures=10, schedule=logT"
300,1301915,-0.743318,28.74024439,1,28.74024439,NVIDIA Tesla V100-SXM2-32G,Global Annealing,,"global_steps_per_temperature=5, MCS_per_global_steps=15, number_of_temperatures=10, schedule=logT"
300,1301918,-0.750039,28.71734209,1,28.71734209,NVIDIA Tesla V100-SXM2-32G,Global Annealing,,"global_steps_per_temperature=5, MCS_per_global_steps=15, number_of_temperatures=10, schedule=logT"
300,1301921,-0.753243,28.6474376,1,28.6474376,NVIDIA Tesla V100-SXM2-32G,Global Annealing,,"global_steps_per_temperature=5, MCS_per_global_steps=15, number_of_temperatures=10, schedule=logT"
300,1301924,-0.748441,28.91433568,1,28.91433568,NVIDIA Tesla V100-SXM2-32G,Global Annealing,,"global_steps_per_temperature=5, MCS_per_global_steps=15, number_of_temperatures=10, schedule=logT"
300,1301927,-0.738313,28.16285818,1,28.16285818,NVIDIA Tesla V100-SXM2-32G,Global Annealing,,"global_steps_per_temperature=5, MCS_per_global_steps=15, number_of_temperatures=10, schedule=logT"
300,1301930,-0.744477,28.89770892,1,28.89770892,NVIDIA Tesla V100-SXM2-32G,Global Annealing,,"global_steps_per_temperature=5, MCS_per_global_steps=15, number_of_temperatures=10, schedule=logT"
300,1301933,-0.744314,27.96689754,1,27.96689754,NVIDIA Tesla V100-SXM2-32G,Global Annealing,,"global_steps_per_temperature=5, MCS_per_global_steps=15, number_of_temperatures=10, schedule=logT"
300,1301936,-0.766215,28.5016268,1,28.5016268,NVIDIA Tesla V100-SXM2-32G,Global Annealing,,"global_steps_per_temperature=5, MCS_per_global_steps=15, number_of_temperatures=10, schedule=logT"
300,1301939,-0.747202,28.24943662,1,28.24943662,NVIDIA Tesla V100-SXM2-32G,Global Annealing,,"global_steps_per_temperature=5, MCS_per_global_steps=15, number_of_temperatures=10, schedule=logT"
300,1301942,-0.751465,28.25603895,1,28.25603895,NVIDIA Tesla V100-SXM2-32G,Global Annealing,,"global_steps_per_temperature=5, MCS_per_global_steps=15, number_of_temperatures=10, schedule=logT"
300,1301945,-0.753363,29.07753825,1,29.07753825,NVIDIA Tesla V100-SXM2-32G,Global Annealing,,"global_steps_per_temperature=5, MCS_per_global_steps=15, number_of_temperatures=10, schedule=logT"
300,1301948,-0.747121,27.84964633,1,27.84964633,NVIDIA Tesla V100-SXM2-32G,Global Annealing,,"global_steps_per_temperature=5, MCS_per_global_steps=15, number_of_temperatures=10, schedule=logT"
300,1301951,-0.736599,29.00594573,1,29.00594573,NVIDIA Tesla V100-SXM2-32G,Global Annealing,,"global_steps_per_temperature=5, MCS_per_global_steps=15, number_of_temperatures=10, schedule=logT"
300,1301954,-0.755689,28.60013924,1,28.60013924,NVIDIA Tesla V100-SXM2-32G,Global Annealing,,"global_steps_per_temperature=5, MCS_per_global_steps=15, number_of_temperatures=10, schedule=logT"
300,1301957,-0.745411,26.11027229,1,26.11027229,NVIDIA Tesla V100-SXM2-32G,Global Annealing,,"global_steps_per_temperature=5, MCS_per_global_steps=15, number_of_temperatures=10, schedule=logT"
300,1301960,-0.738019,25.7892628,1,25.7892628,NVIDIA Tesla V100-SXM2-32G,Global Annealing,,"global_steps_per_temperature=5, MCS_per_global_steps=15, number_of_temperatures=10, schedule=logT"
300,1301963,-0.745701,26.20536041,1,26.20536041,NVIDIA Tesla V100-SXM2-32G,Global Annealing,,"global_steps_per_temperature=5, MCS_per_global_steps=15, number_of_temperatures=10, schedule=logT"
300,1301966,-0.749882,25.67086482,1,25.67086482,NVIDIA Tesla V100-SXM2-32G,Global Annealing,,"global_steps_per_temperature=5, MCS_per_global_steps=15, number_of_temperatures=10, schedule=logT"
300,1301969,-0.741435,25.70826128,1,25.70826128,NVIDIA Tesla V100-SXM2-32G,Global Annealing,,"global_steps_per_temperature=5, MCS_per_global_steps=15, number_of_temperatures=10, schedule=logT"
300,1301972,-0.729310,25.806094,1,25.806094,NVIDIA Tesla V100-SXM2-32G,Global Annealing,,"global_steps_per_temperature=5, MCS_per_global_steps=15, number_of_temperatures=10, schedule=logT"
300,1301975,-0.750825,26.25811343,1,26.25811343,NVIDIA Tesla V100-SXM2-32G,Global Annealing,,"global_steps_per_temperature=5, MCS_per_global_steps=15, number_of_temperatures=10, schedule=logT"
300,1301978,-0.758298,25.9439574,1,25.9439574,NVIDIA Tesla V100-SXM2-32G,Global Annealing,,"global_steps_per_temperature=5, MCS_per_global_steps=15, number_of_temperatures=10, schedule=logT"
300,1301981,-0.747629,25.93079247,1,25.93079247,NVIDIA Tesla V100-SXM2-32G,Global Annealing,,"global_steps_per_temperature=5, MCS_per_global_steps=15, number_of_temperatures=10, schedule=logT"
300,1301984,-0.766099,25.63134766,1,25.63134766,NVIDIA Tesla V100-SXM2-32G,Global Annealing,,"global_steps_per_temperature=5, MCS_per_global_steps=15, number_of_temperatures=10, schedule=logT"
300,1301987,-0.739898,25.62877307,1,25.62877307,NVIDIA Tesla V100-SXM2-32G,Global Annealing,,"global_steps_per_temperature=5, MCS_per_global_steps=15, number_of_temperatures=10, schedule=logT"
300,1301990,-0.753792,26.04467518,1,26.04467518,NVIDIA Tesla V100-SXM2-32G,Global Annealing,,"global_steps_per_temperature=5, MCS_per_global_steps=15, number_of_temperatures=10, schedule=logT"
300,1301993,-0.738201,25.29948523,1,25.29948523,NVIDIA Tesla V100-SXM2-32G,Global Annealing,,"global_steps_per_temperature=5, MCS_per_global_steps=15, number_of_temperatures=10, schedule=logT"
300,1301996,-0.754211,26.06077442,1,26.06077442,NVIDIA Tesla V100-SXM2-32G,Global Annealing,,"global_steps_per_temperature=5, MCS_per_global_steps=15, number_of_temperatures=10, schedule=logT"
300,1301999,-0.745676,26.01548076,1,26.01548076,NVIDIA Tesla V100-SXM2-32G,Global Annealing,,"global_steps_per_temperature=5, MCS_per_global_steps=15, number_of_temperatures=10, schedule=logT"
300,1302002,-0.736712,26.04179583,1,26.04179583,NVIDIA Tesla V100-SXM2-32G,Global Annealing,,"global_steps_per_temperature=5, MCS_per_global_steps=15, number_of_temperatures=10, schedule=logT"
300,1302005,-0.733634,25.53901634,1,25.53901634,NVIDIA Tesla V100-SXM2-32G,Global Annealing,,"global_steps_per_temperature=5, MCS_per_global_steps=15, number_of_temperatures=10, schedule=logT"
300,1302008,-0.753249,25.43753867,1,25.43753867,NVIDIA Tesla V100-SXM2-32G,Global Annealing,,"global_steps_per_temperature=5, MCS_per_global_steps=15, number_of_temperatures=10, schedule=logT"
300,1302011,-0.747093,25.88960893,1,25.88960893,NVIDIA Tesla V100-SXM2-32G,Global Annealing,,"global_steps_per_temperature=5, MCS_per_global_steps=15, number_of_temperatures=10, schedule=logT"
300,1302014,-0.750987,26.14410021,1,26.14410021,NVIDIA Tesla V100-SXM2-32G,Global Annealing,,"global_steps_per_temperature=5, MCS_per_global_steps=15, number_of_temperatures=10, schedule=logT"
300,1302017,-0.749192,25.7249794,1,25.7249794,NVIDIA Tesla V100-SXM2-32G,Global Annealing,,"global_steps_per_temperature=5, MCS_per_global_steps=15, number_of_temperatures=10, schedule=logT"
300,1302020,-0.738747,26.19534411,1,26.19534411,NVIDIA Tesla V100-SXM2-32G,Global Annealing,,"global_steps_per_temperature=5, MCS_per_global_steps=15, number_of_temperatures=10, schedule=logT"
300,1302023,-0.743610,26.08348446,1,26.08348446,NVIDIA Tesla V100-SXM2-32G,Global Annealing,,"global_steps_per_temperature=5, MCS_per_global_steps=15, number_of_temperatures=10, schedule=logT"
300,1302026,-0.747955,25.38991926,1,25.38991926,NVIDIA Tesla V100-SXM2-32G,Global Annealing,,"global_steps_per_temperature=5, MCS_per_global_steps=15, number_of_temperatures=10, schedule=logT"
300,1302029,-0.746434,25.83571684,1,25.83571684,NVIDIA Tesla V100-SXM2-32G,Global Annealing,,"global_steps_per_temperature=5, MCS_per_global_steps=15, number_of_temperatures=10, schedule=logT"
400,1401732,-0.754050,26.02008221,1,26.02008221,NVIDIA Tesla V100-SXM2-32G,Global Annealing,,"global_steps_per_temperature=5, MCS_per_global_steps=15, number_of_temperatures=10, schedule=logT"
400,1401735,-0.743056,26.26474671,1,26.26474671,NVIDIA Tesla V100-SXM2-32G,Global Annealing,,"global_steps_per_temperature=5, MCS_per_global_steps=15, number_of_temperatures=10, schedule=logT"
400,1401738,-0.762981,26.00802693,1,26.00802693,NVIDIA Tesla V100-SXM2-32G,Global Annealing,,"global_steps_per_temperature=5, MCS_per_global_steps=15, number_of_temperatures=10, schedule=logT"
400,1401741,-0.751681,26.26471188,1,26.26471188,NVIDIA Tesla V100-SXM2-32G,Global Annealing,,"global_steps_per_temperature=5, MCS_per_global_steps=15, number_of_temperatures=10, schedule=logT"
400,1401744,-0.758304,26.20479796,1,26.20479796,NVIDIA Tesla V100-SXM2-32G,Global Annealing,,"global_steps_per_temperature=5, MCS_per_global_steps=15, number_of_temperatures=10, schedule=logT"
400,1401747,-0.743694,26.16455939,1,26.16455939,NVIDIA Tesla V100-SXM2-32G,Global Annealing,,"global_steps_per_temperature=5, MCS_per_global_steps=15, number_of_temperatures=10, schedule=logT"
400,1401750,-0.742571,26.14069612,1,26.14069612,NVIDIA Tesla V100-SXM2-32G,Global Annealing,,"global_steps_per_temperature=5, MCS_per_global_steps=15, number_of_temperatures=10, schedule=logT"
400,1401753,-0.753878,26.18204343,1,26.18204343,NVIDIA Tesla V100-SXM2-32G,Global Annealing,,"global_steps_per_temperature=5, MCS_per_global_steps=15, number_of_temperatures=10, schedule=logT"
400,1401756,-0.742969,25.95416696,1,25.95416696,NVIDIA Tesla V100-SXM2-32G,Global Annealing,,"global_steps_per_temperature=5, MCS_per_global_steps=15, number_of_temperatures=10, schedule=logT"
400,1401759,-0.745441,25.95165484,1,25.95165484,NVIDIA Tesla V100-SXM2-32G,Global Annealing,,"global_steps_per_temperature=5, MCS_per_global_steps=15, number_of_temperatures=10, schedule=logT"
400,1401762,-0.746677,25.67048495,1,25.67048495,NVIDIA Tesla V100-SXM2-32G,Global Annealing,,"global_steps_per_temperature=5, MCS_per_global_steps=15, number_of_temperatures=10, schedule=logT"
400,1401765,-0.759034,26.1250468,1,26.1250468,NVIDIA Tesla V100-SXM2-32G,Global Annealing,,"global_steps_per_temperature=5, MCS_per_global_steps=15, number_of_temperatures=10, schedule=logT"
400,1401768,-0.750607,26.21138492,1,26.21138492,NVIDIA Tesla V100-SXM2-32G,Global Annealing,,"global_steps_per_temperature=5, MCS_per_global_steps=15, number_of_temperatures=10, schedule=logT"
400,1401771,-0.749292,26.19434307,1,26.19434307,NVIDIA Tesla V100-SXM2-32G,Global Annealing,,"global_steps_per_temperature=5, MCS_per_global_steps=15, number_of_temperatures=10, schedule=logT"
400,1401774,-0.755594,26.08476872,1,26.08476872,NVIDIA Tesla V100-SXM2-32G,Global Annealing,,"global_steps_per_temperature=5, MCS_per_global_steps=15, number_of_temperatures=10, schedule=logT"
400,1401777,-0.745320,26.20797157,1,26.20797157,NVIDIA Tesla V100-SXM2-32G,Global Annealing,,"global_steps_per_temperature=5, MCS_per_global_steps=15, number_of_temperatures=10, schedule=logT"
400,1401780,-0.760015,25.95508187,1,25.95508187,NVIDIA Tesla V100-SXM2-32G,Global Annealing,,"global_steps_per_temperature=5, MCS_per_global_steps=15, number_of_temperatures=10, schedule=logT"
400,1401783,-0.748890,25.96450303,1,25.96450303,NVIDIA Tesla V100-SXM2-32G,Global Annealing,,"global_steps_per_temperature=5, MCS_per_global_steps=15, number_of_temperatures=10, schedule=logT"
400,1401786,-0.750486,26.06642301,1,26.06642301,NVIDIA Tesla V100-SXM2-32G,Global Annealing,,"global_steps_per_temperature=5, MCS_per_global_steps=15, number_of_temperatures=10, schedule=logT"
400,1401789,-0.748915,26.01376572,1,26.01376572,NVIDIA Tesla V100-SXM2-32G,Global Annealing,,"global_steps_per_temperature=5, MCS_per_global_steps=15, number_of_temperatures=10, schedule=logT"
400,1401792,-0.745998,25.93080108,1,25.93080108,NVIDIA Tesla V100-SXM2-32G,Global Annealing,,"global_steps_per_temperature=5, MCS_per_global_steps=15, number_of_temperatures=10, schedule=logT"
400,1401795,-0.746732,26.2920191,1,26.2920191,NVIDIA Tesla V100-SXM2-32G,Global Annealing,,"global_steps_per_temperature=5, MCS_per_global_steps=15, number_of_temperatures=10, schedule=logT"
400,1401798,-0.747698,26.08041661,1,26.08041661,NVIDIA Tesla V100-SXM2-32G,Global Annealing,,"global_steps_per_temperature=5, MCS_per_global_steps=15, number_of_temperatures=10, schedule=logT"
400,1401801,-0.743214,26.22471614,1,26.22471614,NVIDIA Tesla V100-SXM2-32G,Global Annealing,,"global_steps_per_temperature=5, MCS_per_global_steps=15, number_of_temperatures=10, schedule=logT"
400,1401804,-0.747181,26.10148742,1,26.10148742,NVIDIA Tesla V100-SXM2-32G,Global Annealing,,"global_steps_per_temperature=5, MCS_per_global_steps=15, number_of_temperatures=10, schedule=logT"
400,1401807,-0.768123,25.9428498,1,25.9428498,NVIDIA Tesla V100-SXM2-32G,Global Annealing,,"global_steps_per_temperature=5, MCS_per_global_steps=15, number_of_temperatures=10, schedule=logT"
400,1401810,-0.751446,25.94273875,1,25.94273875,NVIDIA Tesla V100-SXM2-32G,Global Annealing,,"global_steps_per_temperature=5, MCS_per_global_steps=15, number_of_temperatures=10, schedule=logT"
400,1401813,-0.736835,25.9953295,1,25.9953295,NVIDIA Tesla V100-SXM2-32G,Global Annealing,,"global_steps_per_temperature=5, MCS_per_global_steps=15, number_of_temperatures=10, schedule=logT"
400,1401816,-0.751217,25.89028094,1,25.89028094,NVIDIA Tesla V100-SXM2-32G,Global Annealing,,"global_steps_per_temperature=5, MCS_per_global_steps=15, number_of_temperatures=10, schedule=logT"
400,1401819,-0.757229,25.70075951,1,25.70075951,NVIDIA Tesla V100-SXM2-32G,Global Annealing,,"global_steps_per_temperature=5, MCS_per_global_steps=15, number_of_temperatures=10, schedule=logT"
400,1401822,-0.747975,25.86019909,1,25.86019909,NVIDIA Tesla V100-SXM2-32G,Global Annealing,,"global_steps_per_temperature=5, MCS_per_global_steps=15, number_of_temperatures=10, schedule=logT"
400,1401825,-0.755765,25.7546236,1,25.7546236,NVIDIA Tesla V100-SXM2-32G,Global Annealing,,"global_steps_per_temperature=5, MCS_per_global_steps=15, number_of_temperatures=10, schedule=logT"
400,1401828,-0.747138,25.73180339,1,25.73180339,NVIDIA Tesla V100-SXM2-32G,Global Annealing,,"global_steps_per_temperature=5, MCS_per_global_steps=15, number_of_temperatures=10, schedule=logT"
400,1401831,-0.752921,25.6446568,1,25.6446568,NVIDIA Tesla V100-SXM2-32G,Global Annealing,,"global_steps_per_temperature=5, MCS_per_global_steps=15, number_of_temperatures=10, schedule=logT"
400,1401834,-0.745839,25.73513689,1,25.73513689,NVIDIA Tesla V100-SXM2-32G,Global Annealing,,"global_steps_per_temperature=5, MCS_per_global_steps=15, number_of_temperatures=10, schedule=logT"
400,1401837,-0.746937,25.76671743,1,25.76671743,NVIDIA Tesla V100-SXM2-32G,Global Annealing,,"global_steps_per_temperature=5, MCS_per_global_steps=15, number_of_temperatures=10, schedule=logT"
400,1401840,-0.750291,25.99041309,1,25.99041309,NVIDIA Tesla V100-SXM2-32G,Global Annealing,,"global_steps_per_temperature=5, MCS_per_global_steps=15, number_of_temperatures=10, schedule=logT"
400,1401843,-0.743173,25.95421631,1,25.95421631,NVIDIA Tesla V100-SXM2-32G,Global Annealing,,"global_steps_per_temperature=5, MCS_per_global_steps=15, number_of_temperatures=10, schedule=logT"
400,1401846,-0.754831,25.81455512,1,25.81455512,NVIDIA Tesla V100-SXM2-32G,Global Annealing,,"global_steps_per_temperature=5, MCS_per_global_steps=15, number_of_temperatures=10, schedule=logT"
400,1401849,-0.743158,25.96896572,1,25.96896572,NVIDIA Tesla V100-SXM2-32G,Global Annealing,,"global_steps_per_temperature=5, MCS_per_global_steps=15, number_of_temperatures=10, schedule=logT"
400,1401852,-0.742774,25.72813256,1,25.72813256,NVIDIA Tesla V100-SXM2-32G,Global Annealing,,"global_steps_per_temperature=5, MCS_per_global_steps=15, number_of_temperatures=10, schedule=logT"
400,1401855,-0.737099,25.75348248,1,25.75348248,NVIDIA Tesla V100-SXM2-32G,Global Annealing,,"global_steps_per_temperature=5, MCS_per_global_steps=15, number_of_temperatures=10, schedule=logT"
400,1401858,-0.759190,25.82105637,1,25.82105637,NVIDIA Tesla V100-SXM2-32G,Global Annealing,,"global_steps_per_temperature=5, MCS_per_global_steps=15, number_of_temperatures=10, schedule=logT"
400,1401861,-0.746933,25.84460864,1,25.84460864,NVIDIA Tesla V100-SXM2-32G,Global Annealing,,"global_steps_per_temperature=5, MCS_per_global_steps=15, number_of_temperatures=10, schedule=logT"
400,1401864,-0.743065,25.77658949,1,25.77658949,NVIDIA Tesla V100-SXM2-32G,Global Annealing,,"global_steps_per_temperature=5, MCS_per_global_steps=15, number_of_temperatures=10, schedule=logT"
400,1401867,-0.747032,25.57074063,1,25.57074063,NVIDIA Tesla V100-SXM2-32G,Global Annealing,,"global_steps_per_temperature=5, MCS_per_global_steps=15, number_of_temperatures=10, schedule=logT"
400,1401870,-0.746112,25.88016996,1,25.88016996,NVIDIA Tesla V100-SXM2-32G,Global Annealing,,"global_steps_per_temperature=5, MCS_per_global_steps=15, number_of_temperatures=10, schedule=logT"
400,1401873,-0.749940,25.85456936,1,25.85456936,NVIDIA Tesla V100-SXM2-32G,Global Annealing,,"global_steps_per_temperature=5, MCS_per_global_steps=15, number_of_temperatures=10, schedule=logT"
400,1401876,-0.759340,25.94326646,1,25.94326646,NVIDIA Tesla V100-SXM2-32G,Global Annealing,,"global_steps_per_temperature=5, MCS_per_global_steps=15, number_of_temperatures=10, schedule=logT"
400,1401879,-0.743229,25.78939164,1,25.78939164,NVIDIA Tesla V100-SXM2-32G,Global Annealing,,"global_steps_per_temperature=5, MCS_per_global_steps=15, number_of_temperatures=10, schedule=logT"
400,1401882,-0.757476,29.09959092,1,29.09959092,NVIDIA Tesla V100-SXM2-32G,Global Annealing,,"global_steps_per_temperature=5, MCS_per_global_steps=15, number_of_temperatures=10, schedule=logT"
400,1401885,-0.755623,28.93879125,1,28.93879125,NVIDIA Tesla V100-SXM2-32G,Global Annealing,,"global_steps_per_temperature=5, MCS_per_global_steps=15, number_of_temperatures=10, schedule=logT"
400,1401888,-0.743341,28.73958228,1,28.73958228,NVIDIA Tesla V100-SXM2-32G,Global Annealing,,"global_steps_per_temperature=5, MCS_per_global_steps=15, number_of_temperatures=10, schedule=logT"
400,1401891,-0.753717,28.71065018,1,28.71065018,NVIDIA Tesla V100-SXM2-32G,Global Annealing,,"global_steps_per_temperature=5, MCS_per_global_steps=15, number_of_temperatures=10, schedule=logT"
400,1401894,-0.749041,28.74579735,1,28.74579735,NVIDIA Tesla V100-SXM2-32G,Global Annealing,,"global_steps_per_temperature=5, MCS_per_global_steps=15, number_of_temperatures=10, schedule=logT"
400,1401897,-0.752587,28.96967757,1,28.96967757,NVIDIA Tesla V100-SXM2-32G,Global Annealing,,"global_steps_per_temperature=5, MCS_per_global_steps=15, number_of_temperatures=10, schedule=logT"
400,1401900,-0.742558,29.15091071,1,29.15091071,NVIDIA Tesla V100-SXM2-32G,Global Annealing,,"global_steps_per_temperature=5, MCS_per_global_steps=15, number_of_temperatures=10, schedule=logT"
400,1401903,-0.756520,29.18573868,1,29.18573868,NVIDIA Tesla V100-SXM2-32G,Global Annealing,,"global_steps_per_temperature=5, MCS_per_global_steps=15, number_of_temperatures=10, schedule=logT"
400,1401906,-0.743933,28.89033706,1,28.89033706,NVIDIA Tesla V100-SXM2-32G,Global Annealing,,"global_steps_per_temperature=5, MCS_per_global_steps=15, number_of_temperatures=10, schedule=logT"
400,1401909,-0.741334,29.01583526,1,29.01583526,NVIDIA Tesla V100-SXM2-32G,Global Annealing,,"global_steps_per_temperature=5, MCS_per_global_steps=15, number_of_temperatures=10, schedule=logT"
400,1401912,-0.749475,29.09918113,1,29.09918113,NVIDIA Tesla V100-SXM2-32G,Global Annealing,,"global_steps_per_temperature=5, MCS_per_global_steps=15, number_of_temperatures=10, schedule=logT"
400,1401915,-0.747504,28.93206532,1,28.93206532,NVIDIA Tesla V100-SXM2-32G,Global Annealing,,"global_steps_per_temperature=5, MCS_per_global_steps=15, number_of_temperatures=10, schedule=logT"
400,1401918,-0.746831,28.94657271,1,28.94657271,NVIDIA Tesla V100-SXM2-32G,Global Annealing,,"global_steps_per_temperature=5, MCS_per_global_steps=15, number_of_temperatures=10, schedule=logT"
400,1401921,-0.753039,28.90770783,1,28.90770783,NVIDIA Tesla V100-SXM2-32G,Global Annealing,,"global_steps_per_temperature=5, MCS_per_global_steps=15, number_of_temperatures=10, schedule=logT"
400,1401924,-0.751030,29.05209522,1,29.05209522,NVIDIA Tesla V100-SXM2-32G,Global Annealing,,"global_steps_per_temperature=5, MCS_per_global_steps=15, number_of_temperatures=10, schedule=logT"
400,1401927,-0.738873,29.09375262,1,29.09375262,NVIDIA Tesla V100-SXM2-32G,Global Annealing,,"global_steps_per_temperature=5, MCS_per_global_steps=15, number_of_temperatures=10, schedule=logT"
400,1401930,-0.755527,28.72515314,1,28.72515314,NVIDIA Tesla V100-SXM2-32G,Global Annealing,,"global_steps_per_temperature=5, MCS_per_global_steps=15, number_of_temperatures=10, schedule=logT"
400,1401933,-0.752442,28.89294152,1,28.89294152,NVIDIA Tesla V100-SXM2-32G,Global Annealing,,"global_steps_per_temperature=5, MCS_per_global_steps=15, number_of_temperatures=10, schedule=logT"
400,1401936,-0.760359,28.856727,1,28.856727,NVIDIA Tesla V100-SXM2-32G,Global Annealing,,"global_steps_per_temperature=5, MCS_per_global_steps=15, number_of_temperatures=10, schedule=logT"
400,1401939,-0.754610,29.19454551,1,29.19454551,NVIDIA Tesla V100-SXM2-32G,Global Annealing,,"global_steps_per_temperature=5, MCS_per_global_steps=15, number_of_temperatures=10, schedule=logT"
400,1401942,-0.751187,28.81541123,1,28.81541123,NVIDIA Tesla V100-SXM2-32G,Global Annealing,,"global_steps_per_temperature=5, MCS_per_global_steps=15, number_of_temperatures=10, schedule=logT"
400,1401945,-0.751989,29.07558177,1,29.07558177,NVIDIA Tesla V100-SXM2-32G,Global Annealing,,"global_steps_per_temperature=5, MCS_per_global_steps=15, number_of_temperatures=10, schedule=logT"
400,1401948,-0.743970,29.21132071,1,29.21132071,NVIDIA Tesla V100-SXM2-32G,Global Annealing,,"global_steps_per_temperature=5, MCS_per_global_steps=15, number_of_temperatures=10, schedule=logT"
400,1401951,-0.746579,28.94797757,1,28.94797757,NVIDIA Tesla V100-SXM2-32G,Global Annealing,,"global_steps_per_temperature=5, MCS_per_global_steps=15, number_of_temperatures=10, schedule=logT"
400,1401954,-0.746245,29.04145362,1,29.04145362,NVIDIA Tesla V100-SXM2-32G,Global Annealing,,"global_steps_per_temperature=5, MCS_per_global_steps=15, number_of_temperatures=10, schedule=logT"
400,1401957,-0.752510,26.306144,1,26.306144,NVIDIA Tesla V100-SXM2-32G,Global Annealing,,"global_steps_per_temperature=5, MCS_per_global_steps=15, number_of_temperatures=10, schedule=logT"
400,1401960,-0.747316,26.13192241,1,26.13192241,NVIDIA Tesla V100-SXM2-32G,Global Annealing,,"global_steps_per_temperature=5, MCS_per_global_steps=15, number_of_temperatures=10, schedule=logT"
400,1401963,-0.741935,26.25236754,1,26.25236754,NVIDIA Tesla V100-SXM2-32G,Global Annealing,,"global_steps_per_temperature=5, MCS_per_global_steps=15, number_of_temperatures=10, schedule=logT"
400,1401966,-0.738698,26.274192,1,26.274192,NVIDIA Tesla V100-SXM2-32G,Global Annealing,,"global_steps_per_temperature=5, MCS_per_global_steps=15, number_of_temperatures=10, schedule=logT"
400,1401969,-0.753426,26.28541858,1,26.28541858,NVIDIA Tesla V100-SXM2-32G,Global Annealing,,"global_steps_per_temperature=5, MCS_per_global_steps=15, number_of_temperatures=10, schedule=logT"
400,1401972,-0.762249,26.20403726,1,26.20403726,NVIDIA Tesla V100-SXM2-32G,Global Annealing,,"global_steps_per_temperature=5, MCS_per_global_steps=15, number_of_temperatures=10, schedule=logT"
400,1401975,-0.762244,26.09864335,1,26.09864335,NVIDIA Tesla V100-SXM2-32G,Global Annealing,,"global_steps_per_temperature=5, MCS_per_global_steps=15, number_of_temperatures=10, schedule=logT"
400,1401978,-0.751387,26.19094121,1,26.19094121,NVIDIA Tesla V100-SXM2-32G,Global Annealing,,"global_steps_per_temperature=5, MCS_per_global_steps=15, number_of_temperatures=10, schedule=logT"
400,1401981,-0.754912,26.23011413,1,26.23011413,NVIDIA Tesla V100-SXM2-32G,Global Annealing,,"global_steps_per_temperature=5, MCS_per_global_steps=15, number_of_temperatures=10, schedule=logT"
400,1401984,-0.749644,26.18107285,1,26.18107285,NVIDIA Tesla V100-SXM2-32G,Global Annealing,,"global_steps_per_temperature=5, MCS_per_global_steps=15, number_of_temperatures=10, schedule=logT"
400,1401987,-0.750075,26.1856473,1,26.1856473,NVIDIA Tesla V100-SXM2-32G,Global Annealing,,"global_steps_per_temperature=5, MCS_per_global_steps=15, number_of_temperatures=10, schedule=logT"
400,1401990,-0.752139,26.15327163,1,26.15327163,NVIDIA Tesla V100-SXM2-32G,Global Annealing,,"global_steps_per_temperature=5, MCS_per_global_steps=15, number_of_temperatures=10, schedule=logT"
400,1401993,-0.743918,26.16842992,1,26.16842992,NVIDIA Tesla V100-SXM2-32G,Global Annealing,,"global_steps_per_temperature=5, MCS_per_global_steps=15, number_of_temperatures=10, schedule=logT"
400,1401996,-0.750751,26.05795491,1,26.05795491,NVIDIA Tesla V100-SXM2-32G,Global Annealing,,"global_steps_per_temperature=5, MCS_per_global_steps=15, number_of_temperatures=10, schedule=logT"
400,1401999,-0.748773,26.05326698,1,26.05326698,NVIDIA Tesla V100-SXM2-32G,Global Annealing,,"global_steps_per_temperature=5, MCS_per_global_steps=15, number_of_temperatures=10, schedule=logT"
400,1402002,-0.747477,26.24646087,1,26.24646087,NVIDIA Tesla V100-SXM2-32G,Global Annealing,,"global_steps_per_temperature=5, MCS_per_global_steps=15, number_of_temperatures=10, schedule=logT"
400,1402005,-0.748793,25.94944701,1,25.94944701,NVIDIA Tesla V100-SXM2-32G,Global Annealing,,"global_steps_per_temperature=5, MCS_per_global_steps=15, number_of_temperatures=10, schedule=logT"
400,1402008,-0.749916,25.97427933,1,25.97427933,NVIDIA Tesla V100-SXM2-32G,Global Annealing,,"global_steps_per_temperature=5, MCS_per_global_steps=15, number_of_temperatures=10, schedule=logT"
400,1402011,-0.751892,26.13333282,1,26.13333282,NVIDIA Tesla V100-SXM2-32G,Global Annealing,,"global_steps_per_temperature=5, MCS_per_global_steps=15, number_of_temperatures=10, schedule=logT"
400,1402014,-0.763823,26.24095218,1,26.24095218,NVIDIA Tesla V100-SXM2-32G,Global Annealing,,"global_steps_per_temperature=5, MCS_per_global_steps=15, number_of_temperatures=10, schedule=logT"
400,1402017,-0.756801,26.13280628,1,26.13280628,NVIDIA Tesla V100-SXM2-32G,Global Annealing,,"global_steps_per_temperature=5, MCS_per_global_steps=15, number_of_temperatures=10, schedule=logT"
400,1402020,-0.753725,26.13453491,1,26.13453491,NVIDIA Tesla V100-SXM2-32G,Global Annealing,,"global_steps_per_temperature=5, MCS_per_global_steps=15, number_of_temperatures=10, schedule=logT"
400,1402023,-0.740970,26.07111878,1,26.07111878,NVIDIA Tesla V100-SXM2-32G,Global Annealing,,"global_steps_per_temperature=5, MCS_per_global_steps=15, number_of_temperatures=10, schedule=logT"
400,1402026,-0.752917,25.84870965,1,25.84870965,NVIDIA Tesla V100-SXM2-32G,Global Annealing,,"global_steps_per_temperature=5, MCS_per_global_steps=15, number_of_temperatures=10, schedule=logT"
400,1402029,-0.753722,25.98076873,1,25.98076873,NVIDIA Tesla V100-SXM2-32G,Global Annealing,,"global_steps_per_temperature=5, MCS_per_global_steps=15, number_of_temperatures=10, schedule=logT"
600,1601732,-0.745058,37.23147314,1,37.23147314,NVIDIA Tesla V100-SXM2-32G,Global Annealing,,"global_steps_per_temperature=5, MCS_per_global_steps=15, number_of_temperatures=10, schedule=logT"
600,1601735,-0.751392,37.43188937,1,37.43188937,NVIDIA Tesla V100-SXM2-32G,Global Annealing,,"global_steps_per_temperature=5, MCS_per_global_steps=15, number_of_temperatures=10, schedule=logT"
600,1601738,-0.748177,37.33496916,1,37.33496916,NVIDIA Tesla V100-SXM2-32G,Global Annealing,,"global_steps_per_temperature=5, MCS_per_global_steps=15, number_of_temperatures=10, schedule=logT"
600,1601741,-0.750243,37.10398419,1,37.10398419,NVIDIA Tesla V100-SXM2-32G,Global Annealing,,"global_steps_per_temperature=5, MCS_per_global_steps=15, number_of_temperatures=10, schedule=logT"
600,1601744,-0.754038,37.22372773,1,37.22372773,NVIDIA Tesla V100-SXM2-32G,Global Annealing,,"global_steps_per_temperature=5, MCS_per_global_steps=15, number_of_temperatures=10, schedule=logT"
600,1601747,-0.755738,37.28525894,1,37.28525894,NVIDIA Tesla V100-SXM2-32G,Global Annealing,,"global_steps_per_temperature=5, MCS_per_global_steps=15, number_of_temperatures=10, schedule=logT"
600,1601750,-0.753444,37.16641912,1,37.16641912,NVIDIA Tesla V100-SXM2-32G,Global Annealing,,"global_steps_per_temperature=5, MCS_per_global_steps=15, number_of_temperatures=10, schedule=logT"
600,1601753,-0.748959,37.13589413,1,37.13589413,NVIDIA Tesla V100-SXM2-32G,Global Annealing,,"global_steps_per_temperature=5, MCS_per_global_steps=15, number_of_temperatures=10, schedule=logT"
600,1601756,-0.754196,37.26281297,1,37.26281297,NVIDIA Tesla V100-SXM2-32G,Global Annealing,,"global_steps_per_temperature=5, MCS_per_global_steps=15, number_of_temperatures=10, schedule=logT"
600,1601759,-0.746958,37.32098546,1,37.32098546,NVIDIA Tesla V100-SXM2-32G,Global Annealing,,"global_steps_per_temperature=5, MCS_per_global_steps=15, number_of_temperatures=10, schedule=logT"
600,1601762,-0.758163,37.14906874,1,37.14906874,NVIDIA Tesla V100-SXM2-32G,Global Annealing,,"global_steps_per_temperature=5, MCS_per_global_steps=15, number_of_temperatures=10, schedule=logT"
600,1601765,-0.745421,37.22791455,1,37.22791455,NVIDIA Tesla V100-SXM2-32G,Global Annealing,,"global_steps_per_temperature=5, MCS_per_global_steps=15, number_of_temperatures=10, schedule=logT"
600,1601768,-0.746599,37.16633132,1,37.16633132,NVIDIA Tesla V100-SXM2-32G,Global Annealing,,"global_steps_per_temperature=5, MCS_per_global_steps=15, number_of_temperatures=10, schedule=logT"
600,1601771,-0.752739,37.18100693,1,37.18100693,NVIDIA Tesla V100-SXM2-32G,Global Annealing,,"global_steps_per_temperature=5, MCS_per_global_steps=15, number_of_temperatures=10, schedule=logT"
600,1601774,-0.749107,37.31751676,1,37.31751676,NVIDIA Tesla V100-SXM2-32G,Global Annealing,,"global_steps_per_temperature=5, MCS_per_global_steps=15, number_of_temperatures=10, schedule=logT"
600,1601777,-0.752455,37.26446776,1,37.26446776,NVIDIA Tesla V100-SXM2-32G,Global Annealing,,"global_steps_per_temperature=5, MCS_per_global_steps=15, number_of_temperatures=10, schedule=logT"
600,1601780,-0.756519,37.26581995,1,37.26581995,NVIDIA Tesla V100-SXM2-32G,Global Annealing,,"global_steps_per_temperature=5, MCS_per_global_steps=15, number_of_temperatures=10, schedule=logT"
600,1601783,-0.749233,37.29547377,1,37.29547377,NVIDIA Tesla V100-SXM2-32G,Global Annealing,,"global_steps_per_temperature=5, MCS_per_global_steps=15, number_of_temperatures=10, schedule=logT"
600,1601786,-0.749869,37.2121681,1,37.2121681,NVIDIA Tesla V100-SXM2-32G,Global Annealing,,"global_steps_per_temperature=5, MCS_per_global_steps=15, number_of_temperatures=10, schedule=logT"
600,1601789,-0.757685,37.53935928,1,37.53935928,NVIDIA Tesla V100-SXM2-32G,Global Annealing,,"global_steps_per_temperature=5, MCS_per_global_steps=15, number_of_temperatures=10, schedule=logT"
600,1601792,-0.757484,37.20982819,1,37.20982819,NVIDIA Tesla V100-SXM2-32G,Global Annealing,,"global_steps_per_temperature=5, MCS_per_global_steps=15, number_of_temperatures=10, schedule=logT"
600,1601795,-0.763234,37.38559785,1,37.38559785,NVIDIA Tesla V100-SXM2-32G,Global Annealing,,"global_steps_per_temperature=5, MCS_per_global_steps=15, number_of_temperatures=10, schedule=logT"
600,1601798,-0.761139,37.3401279,1,37.3401279,NVIDIA Tesla V100-SXM2-32G,Global Annealing,,"global_steps_per_temperature=5, MCS_per_global_steps=15, number_of_temperatures=10, schedule=logT"
600,1601801,-0.748552,37.3347414,1,37.3347414,NVIDIA Tesla V100-SXM2-32G,Global Annealing,,"global_steps_per_temperature=5, MCS_per_global_steps=15, number_of_temperatures=10, schedule=logT"
600,1601804,-0.747045,37.19372845,1,37.19372845,NVIDIA Tesla V100-SXM2-32G,Global Annealing,,"global_steps_per_temperature=5, MCS_per_global_steps=15, number_of_temperatures=10, schedule=logT"
600,1601807,-0.754266,36.86140831,1,36.86140831,NVIDIA Tesla V100-SXM2-32G,Global Annealing,,"global_steps_per_temperature=5, MCS_per_global_steps=15, number_of_temperatures=10, schedule=logT"
600,1601810,-0.759580,37.02905297,1,37.02905297,NVIDIA Tesla V100-SXM2-32G,Global Annealing,,"global_steps_per_temperature=5, MCS_per_global_steps=15, number_of_temperatures=10, schedule=logT"
600,1601813,-0.749189,37.02126772,1,37.02126772,NVIDIA Tesla V100-SXM2-32G,Global Annealing,,"global_steps_per_temperature=5, MCS_per_global_steps=15, number_of_temperatures=10, schedule=logT"
600,1601816,-0.759538,37.19355111,1,37.19355111,NVIDIA Tesla V100-SXM2-32G,Global Annealing,,"global_steps_per_temperature=5, MCS_per_global_steps=15, number_of_temperatures=10, schedule=logT"
600,1601819,-0.755000,37.06422315,1,37.06422315,NVIDIA Tesla V100-SXM2-32G,Global Annealing,,"global_steps_per_temperature=5, MCS_per_global_steps=15, number_of_temperatures=10, schedule=logT"
600,1601822,-0.746519,37.16828721,1,37.16828721,NVIDIA Tesla V100-SXM2-32G,Global Annealing,,"global_steps_per_temperature=5, MCS_per_global_steps=15, number_of_temperatures=10, schedule=logT"
600,1601825,-0.745780,37.12366672,1,37.12366672,NVIDIA Tesla V100-SXM2-32G,Global Annealing,,"global_steps_per_temperature=5, MCS_per_global_steps=15, number_of_temperatures=10, schedule=logT"
600,1601828,-0.752255,37.04840996,1,37.04840996,NVIDIA Tesla V100-SXM2-32G,Global Annealing,,"global_steps_per_temperature=5, MCS_per_global_steps=15, number_of_temperatures=10, schedule=logT"
600,1601831,-0.756614,37.12493513,1,37.12493513,NVIDIA Tesla V100-SXM2-32G,Global Annealing,,"global_steps_per_temperature=5, MCS_per_global_steps=15, number_of_temperatures=10, schedule=logT"
600,1601834,-0.746064,37.05324275,1,37.05324275,NVIDIA Tesla V100-SXM2-32G,Global Annealing,,"global_steps_per_temperature=5, MCS_per_global_steps=15, number_of_temperatures=10, schedule=logT"
600,1601837,-0.742816,37.05817327,1,37.05817327,NVIDIA Tesla V100-SXM2-32G,Global Annealing,,"global_steps_per_temperature=5, MCS_per_global_steps=15, number_of_temperatures=10, schedule=logT"
600,1601840,-0.751235,37.30346522,1,37.30346522,NVIDIA Tesla V100-SXM2-32G,Global Annealing,,"global_steps_per_temperature=5, MCS_per_global_steps=15, number_of_temperatures=10, schedule=logT"
600,1601843,-0.762066,37.14663556,1,37.14663556,NVIDIA Tesla V100-SXM2-32G,Global Annealing,,"global_steps_per_temperature=5, MCS_per_global_steps=15, number_of_temperatures=10, schedule=logT"
600,1601846,-0.748014,37.0631124,1,37.0631124,NVIDIA Tesla V100-SXM2-32G,Global Annealing,,"global_steps_per_temperature=5, MCS_per_global_steps=15, number_of_temperatures=10, schedule=logT"
600,1601849,-0.756480,37.15733585,1,37.15733585,NVIDIA Tesla V100-SXM2-32G,Global Annealing,,"global_steps_per_temperature=5, MCS_per_global_steps=15, number_of_temperatures=10, schedule=logT"
600,1601852,-0.766249,37.15535908,1,37.15535908,NVIDIA Tesla V100-SXM2-32G,Global Annealing,,"global_steps_per_temperature=5, MCS_per_global_steps=15, number_of_temperatures=10, schedule=logT"
600,1601855,-0.751660,37.08850245,1,37.08850245,NVIDIA Tesla V100-SXM2-32G,Global Annealing,,"global_steps_per_temperature=5, MCS_per_global_steps=15, number_of_temperatures=10, schedule=logT"
600,1601858,-0.755794,37.06096089,1,37.06096089,NVIDIA Tesla V100-SXM2-32G,Global Annealing,,"global_steps_per_temperature=5, MCS_per_global_steps=15, number_of_temperatures=10, schedule=logT"
600,1601861,-0.756413,37.15456979,1,37.15456979,NVIDIA Tesla V100-SXM2-32G,Global Annealing,,"global_steps_per_temperature=5, MCS_per_global_steps=15, number_of_temperatures=10, schedule=logT"
600,1601864,-0.753697,37.11001556,1,37.11001556,NVIDIA Tesla V100-SXM2-32G,Global Annealing,,"global_steps_per_temperature=5, MCS_per_global_steps=15, number_of_temperatures=10, schedule=logT"
600,1601867,-0.747868,37.24849744,1,37.24849744,NVIDIA Tesla V100-SXM2-32G,Global Annealing,,"global_steps_per_temperature=5, MCS_per_global_steps=15, number_of_temperatures=10, schedule=logT"
600,1601870,-0.751092,37.1394454,1,37.1394454,NVIDIA Tesla V100-SXM2-32G,Global Annealing,,"global_steps_per_temperature=5, MCS_per_global_steps=15, number_of_temperatures=10, schedule=logT"
600,1601873,-0.752419,37.25769403,1,37.25769403,NVIDIA Tesla V100-SXM2-32G,Global Annealing,,"global_steps_per_temperature=5, MCS_per_global_steps=15, number_of_temperatures=10, schedule=logT"
600,1601876,-0.756369,37.03852084,1,37.03852084,NVIDIA Tesla V100-SXM2-32G,Global Annealing,,"global_steps_per_temperature=5, MCS_per_global_steps=15, number_of_temperatures=10, schedule=logT"
600,1601879,-0.760752,37.00197568,1,37.00197568,NVIDIA Tesla V100-SXM2-32G,Global Annealing,,"global_steps_per_temperature=5, MCS_per_global_steps=15, number_of_temperatures=10, schedule=logT"
600,1601882,-0.750216,40.05573733,1,40.05573733,NVIDIA Tesla V100-SXM2-32G,Global Annealing,,"global_steps_per_temperature=5, MCS_per_global_steps=15, number_of_temperatures=10, schedule=logT"
600,1601885,-0.750434,40.20748146,1,40.20748146,NVIDIA Tesla V100-SXM2-32G,Global Annealing,,"global_steps_per_temperature=5, MCS_per_global_steps=15, number_of_temperatures=10, schedule=logT"
600,1601888,-0.750170,40.43697371,1,40.43697371,NVIDIA Tesla V100-SXM2-32G,Global Annealing,,"global_steps_per_temperature=5, MCS_per_global_steps=15, number_of_temperatures=10, schedule=logT"
600,1601891,-0.747360,40.30660079,1,40.30660079,NVIDIA Tesla V100-SXM2-32G,Global Annealing,,"global_steps_per_temperature=5, MCS_per_global_steps=15, number_of_temperatures=10, schedule=logT"
600,1601894,-0.749229,40.33206499,1,40.33206499,NVIDIA Tesla V100-SXM2-32G,Global Annealing,,"global_steps_per_temperature=5, MCS_per_global_steps=15, number_of_temperatures=10, schedule=logT"
600,1601897,-0.750146,40.34961097,1,40.34961097,NVIDIA Tesla V100-SXM2-32G,Global Annealing,,"global_steps_per_temperature=5, MCS_per_global_steps=15, number_of_temperatures=10, schedule=logT"
600,1601900,-0.750012,40.23573802,1,40.23573802,NVIDIA Tesla V100-SXM2-32G,Global Annealing,,"global_steps_per_temperature=5, MCS_per_global_steps=15, number_of_temperatures=10, schedule=logT"
600,1601903,-0.758844,40.2803525,1,40.2803525,NVIDIA Tesla V100-SXM2-32G,Global Annealing,,"global_steps_per_temperature=5, MCS_per_global_steps=15, number_of_temperatures=10, schedule=logT"
600,1601906,-0.756682,40.29118803,1,40.29118803,NVIDIA Tesla V100-SXM2-32G,Global Annealing,,"global_steps_per_temperature=5, MCS_per_global_steps=15, number_of_temperatures=10, schedule=logT"
600,1601909,-0.751250,40.19922729,1,40.19922729,NVIDIA Tesla V100-SXM2-32G,Global Annealing,,"global_steps_per_temperature=5, MCS_per_global_steps=15, number_of_temperatures=10, schedule=logT"
600,1601912,-0.752685,40.15183244,1,40.15183244,NVIDIA Tesla V100-SXM2-32G,Global Annealing,,"global_steps_per_temperature=5, MCS_per_global_steps=15, number_of_temperatures=10, schedule=logT"
600,1601915,-0.762830,40.03741035,1,40.03741035,NVIDIA Tesla V100-SXM2-32G,Global Annealing,,"global_steps_per_temperature=5, MCS_per_global_steps=15, number_of_temperatures=10, schedule=logT"
600,1601918,-0.750940,40.07299545,1,40.07299545,NVIDIA Tesla V100-SXM2-32G,Global Annealing,,"global_steps_per_temperature=5, MCS_per_global_steps=15, number_of_temperatures=10, schedule=logT"
600,1601921,-0.750805,40.01878116,1,40.01878116,NVIDIA Tesla V100-SXM2-32G,Global Annealing,,"global_steps_per_temperature=5, MCS_per_global_steps=15, number_of_temperatures=10, schedule=logT"
600,1601924,-0.752509,40.06744816,1,40.06744816,NVIDIA Tesla V100-SXM2-32G,Global Annealing,,"global_steps_per_temperature=5, MCS_per_global_steps=15, number_of_temperatures=10, schedule=logT"
600,1601927,-0.754076,40.36183822,1,40.36183822,NVIDIA Tesla V100-SXM2-32G,Global Annealing,,"global_steps_per_temperature=5, MCS_per_global_steps=15, number_of_temperatures=10, schedule=logT"
600,1601930,-0.749567,40.32818236,1,40.32818236,NVIDIA Tesla V100-SXM2-32G,Global Annealing,,"global_steps_per_temperature=5, MCS_per_global_steps=15, number_of_temperatures=10, schedule=logT"
600,1601933,-0.756853,40.36371624,1,40.36371624,NVIDIA Tesla V100-SXM2-32G,Global Annealing,,"global_steps_per_temperature=5, MCS_per_global_steps=15, number_of_temperatures=10, schedule=logT"
600,1601936,-0.761000,40.37319212,1,40.37319212,NVIDIA Tesla V100-SXM2-32G,Global Annealing,,"global_steps_per_temperature=5, MCS_per_global_steps=15, number_of_temperatures=10, schedule=logT"
600,1601939,-0.750706,40.10893226,1,40.10893226,NVIDIA Tesla V100-SXM2-32G,Global Annealing,,"global_steps_per_temperature=5, MCS_per_global_steps=15, number_of_temperatures=10, schedule=logT"
600,1601942,-0.759919,39.94826024,1,39.94826024,NVIDIA Tesla V100-SXM2-32G,Global Annealing,,"global_steps_per_temperature=5, MCS_per_global_steps=15, number_of_temperatures=10, schedule=logT"
600,1601945,-0.751878,40.20289006,1,40.20289006,NVIDIA Tesla V100-SXM2-32G,Global Annealing,,"global_steps_per_temperature=5, MCS_per_global_steps=15, number_of_temperatures=10, schedule=logT"
600,1601948,-0.759720,40.20547395,1,40.20547395,NVIDIA Tesla V100-SXM2-32G,Global Annealing,,"global_steps_per_temperature=5, MCS_per_global_steps=15, number_of_temperatures=10, schedule=logT"
600,1601951,-0.749428,40.24101539,1,40.24101539,NVIDIA Tesla V100-SXM2-32G,Global Annealing,,"global_steps_per_temperature=5, MCS_per_global_steps=15, number_of_temperatures=10, schedule=logT"
600,1601954,-0.755457,40.08534272,1,40.08534272,NVIDIA Tesla V100-SXM2-32G,Global Annealing,,"global_steps_per_temperature=5, MCS_per_global_steps=15, number_of_temperatures=10, schedule=logT"
600,1601957,-0.749332,37.1012676,1,37.1012676,NVIDIA Tesla V100-SXM2-32G,Global Annealing,,"global_steps_per_temperature=5, MCS_per_global_steps=15, number_of_temperatures=10, schedule=logT"
600,1601960,-0.754908,37.12800059,1,37.12800059,NVIDIA Tesla V100-SXM2-32G,Global Annealing,,"global_steps_per_temperature=5, MCS_per_global_steps=15, number_of_temperatures=10, schedule=logT"
600,1601963,-0.749017,37.41560335,1,37.41560335,NVIDIA Tesla V100-SXM2-32G,Global Annealing,,"global_steps_per_temperature=5, MCS_per_global_steps=15, number_of_temperatures=10, schedule=logT"
600,1601966,-0.751507,37.26509957,1,37.26509957,NVIDIA Tesla V100-SXM2-32G,Global Annealing,,"global_steps_per_temperature=5, MCS_per_global_steps=15, number_of_temperatures=10, schedule=logT"
600,1601969,-0.751360,37.32221611,1,37.32221611,NVIDIA Tesla V100-SXM2-32G,Global Annealing,,"global_steps_per_temperature=5, MCS_per_global_steps=15, number_of_temperatures=10, schedule=logT"
600,1601972,-0.759462,37.01236029,1,37.01236029,NVIDIA Tesla V100-SXM2-32G,Global Annealing,,"global_steps_per_temperature=5, MCS_per_global_steps=15, number_of_temperatures=10, schedule=logT"
600,1601975,-0.759573,37.30324957,1,37.30324957,NVIDIA Tesla V100-SXM2-32G,Global Annealing,,"global_steps_per_temperature=5, MCS_per_global_steps=15, number_of_temperatures=10, schedule=logT"
600,1601978,-0.753140,37.31615751,1,37.31615751,NVIDIA Tesla V100-SXM2-32G,Global Annealing,,"global_steps_per_temperature=5, MCS_per_global_steps=15, number_of_temperatures=10, schedule=logT"
600,1601981,-0.754602,37.44697556,1,37.44697556,NVIDIA Tesla V100-SXM2-32G,Global Annealing,,"global_steps_per_temperature=5, MCS_per_global_steps=15, number_of_temperatures=10, schedule=logT"
600,1601984,-0.750563,37.28138902,1,37.28138902,NVIDIA Tesla V100-SXM2-32G,Global Annealing,,"global_steps_per_temperature=5, MCS_per_global_steps=15, number_of_temperatures=10, schedule=logT"
600,1601987,-0.751697,36.98424127,1,36.98424127,NVIDIA Tesla V100-SXM2-32G,Global Annealing,,"global_steps_per_temperature=5, MCS_per_global_steps=15, number_of_temperatures=10, schedule=logT"
600,1601990,-0.760771,37.42076342,1,37.42076342,NVIDIA Tesla V100-SXM2-32G,Global Annealing,,"global_steps_per_temperature=5, MCS_per_global_steps=15, number_of_temperatures=10, schedule=logT"
600,1601993,-0.745899,37.36316853,1,37.36316853,NVIDIA Tesla V100-SXM2-32G,Global Annealing,,"global_steps_per_temperature=5, MCS_per_global_steps=15, number_of_temperatures=10, schedule=logT"
600,1601996,-0.752317,37.35711317,1,37.35711317,NVIDIA Tesla V100-SXM2-32G,Global Annealing,,"global_steps_per_temperature=5, MCS_per_global_steps=15, number_of_temperatures=10, schedule=logT"
600,1601999,-0.759210,37.11228492,1,37.11228492,NVIDIA Tesla V100-SXM2-32G,Global Annealing,,"global_steps_per_temperature=5, MCS_per_global_steps=15, number_of_temperatures=10, schedule=logT"
600,1602002,-0.753692,37.33312049,1,37.33312049,NVIDIA Tesla V100-SXM2-32G,Global Annealing,,"global_steps_per_temperature=5, MCS_per_global_steps=15, number_of_temperatures=10, schedule=logT"
600,1602005,-0.758458,37.44992881,1,37.44992881,NVIDIA Tesla V100-SXM2-32G,Global Annealing,,"global_steps_per_temperature=5, MCS_per_global_steps=15, number_of_temperatures=10, schedule=logT"
600,1602008,-0.747811,37.34663162,1,37.34663162,NVIDIA Tesla V100-SXM2-32G,Global Annealing,,"global_steps_per_temperature=5, MCS_per_global_steps=15, number_of_temperatures=10, schedule=logT"
600,1602011,-0.758789,37.10670307,1,37.10670307,NVIDIA Tesla V100-SXM2-32G,Global Annealing,,"global_steps_per_temperature=5, MCS_per_global_steps=15, number_of_temperatures=10, schedule=logT"
600,1602014,-0.750523,37.05274403,1,37.05274403,NVIDIA Tesla V100-SXM2-32G,Global Annealing,,"global_steps_per_temperature=5, MCS_per_global_steps=15, number_of_temperatures=10, schedule=logT"
600,1602017,-0.759026,37.41671135,1,37.41671135,NVIDIA Tesla V100-SXM2-32G,Global Annealing,,"global_steps_per_temperature=5, MCS_per_global_steps=15, number_of_temperatures=10, schedule=logT"
600,1602020,-0.753387,37.40666671,1,37.40666671,NVIDIA Tesla V100-SXM2-32G,Global Annealing,,"global_steps_per_temperature=5, MCS_per_global_steps=15, number_of_temperatures=10, schedule=logT"
600,1602023,-0.752885,37.37730122,1,37.37730122,NVIDIA Tesla V100-SXM2-32G,Global Annealing,,"global_steps_per_temperature=5, MCS_per_global_steps=15, number_of_temperatures=10, schedule=logT"
600,1602026,-0.754118,37.42766819,1,37.42766819,NVIDIA Tesla V100-SXM2-32G,Global Annealing,,"global_steps_per_temperature=5, MCS_per_global_steps=15, number_of_temperatures=10, schedule=logT"
600,1602029,-0.748254,37.37892654,1,37.37892654,NVIDIA Tesla V100-SXM2-32G,Global Annealing,,"global_steps_per_temperature=5, MCS_per_global_steps=15, number_of_temperatures=10, schedule=logT"
800,1801732,-0.758648,42.1767359,1,42.1767359,NVIDIA Tesla V100-SXM2-32G,Global Annealing,,"global_steps_per_temperature=5, MCS_per_global_steps=15, number_of_temperatures=10, schedule=logT"
800,1801735,-0.761385,42.01133685,1,42.01133685,NVIDIA Tesla V100-SXM2-32G,Global Annealing,,"global_steps_per_temperature=5, MCS_per_global_steps=15, number_of_temperatures=10, schedule=logT"
800,1801738,-0.759020,42.24302206,1,42.24302206,NVIDIA Tesla V100-SXM2-32G,Global Annealing,,"global_steps_per_temperature=5, MCS_per_global_steps=15, number_of_temperatures=10, schedule=logT"
800,1801741,-0.753424,42.30356853,1,42.30356853,NVIDIA Tesla V100-SXM2-32G,Global Annealing,,"global_steps_per_temperature=5, MCS_per_global_steps=15, number_of_temperatures=10, schedule=logT"
800,1801744,-0.758203,42.22736864,1,42.22736864,NVIDIA Tesla V100-SXM2-32G,Global Annealing,,"global_steps_per_temperature=5, MCS_per_global_steps=15, number_of_temperatures=10, schedule=logT"
800,1801747,-0.749683,42.21978781,1,42.21978781,NVIDIA Tesla V100-SXM2-32G,Global Annealing,,"global_steps_per_temperature=5, MCS_per_global_steps=15, number_of_temperatures=10, schedule=logT"
800,1801750,-0.749185,42.15212238,1,42.15212238,NVIDIA Tesla V100-SXM2-32G,Global Annealing,,"global_steps_per_temperature=5, MCS_per_global_steps=15, number_of_temperatures=10, schedule=logT"
800,1801753,-0.761441,42.3214638,1,42.3214638,NVIDIA Tesla V100-SXM2-32G,Global Annealing,,"global_steps_per_temperature=5, MCS_per_global_steps=15, number_of_temperatures=10, schedule=logT"
800,1801756,-0.752508,42.26928699,1,42.26928699,NVIDIA Tesla V100-SXM2-32G,Global Annealing,,"global_steps_per_temperature=5, MCS_per_global_steps=15, number_of_temperatures=10, schedule=logT"
800,1801759,-0.750066,42.22698119,1,42.22698119,NVIDIA Tesla V100-SXM2-32G,Global Annealing,,"global_steps_per_temperature=5, MCS_per_global_steps=15, number_of_temperatures=10, schedule=logT"
800,1801762,-0.750344,42.30480609,1,42.30480609,NVIDIA Tesla V100-SXM2-32G,Global Annealing,,"global_steps_per_temperature=5, MCS_per_global_steps=15, number_of_temperatures=10, schedule=logT"
800,1801765,-0.756849,42.29940054,1,42.29940054,NVIDIA Tesla V100-SXM2-32G,Global Annealing,,"global_steps_per_temperature=5, MCS_per_global_steps=15, number_of_temperatures=10, schedule=logT"
800,1801768,-0.753876,42.2687896,1,42.2687896,NVIDIA Tesla V100-SXM2-32G,Global Annealing,,"global_steps_per_temperature=5, MCS_per_global_steps=15, number_of_temperatures=10, schedule=logT"
800,1801771,-0.752071,42.13084223,1,42.13084223,NVIDIA Tesla V100-SXM2-32G,Global Annealing,,"global_steps_per_temperature=5, MCS_per_global_steps=15, number_of_temperatures=10, schedule=logT"
800,1801774,-0.758096,42.1557411,1,42.1557411,NVIDIA Tesla V100-SXM2-32G,Global Annealing,,"global_steps_per_temperature=5, MCS_per_global_steps=15, number_of_temperatures=10, schedule=logT"
800,1801777,-0.753818,42.20260339,1,42.20260339,NVIDIA Tesla V100-SXM2-32G,Global Annealing,,"global_steps_per_temperature=5, MCS_per_global_steps=15, number_of_temperatures=10, schedule=logT"
800,1801780,-0.755327,42.06231303,1,42.06231303,NVIDIA Tesla V100-SXM2-32G,Global Annealing,,"global_steps_per_temperature=5, MCS_per_global_steps=15, number_of_temperatures=10, schedule=logT"
800,1801783,-0.757433,42.30768831,1,42.30768831,NVIDIA Tesla V100-SXM2-32G,Global Annealing,,"global_steps_per_temperature=5, MCS_per_global_steps=15, number_of_temperatures=10, schedule=logT"
800,1801786,-0.752870,42.20618937,1,42.20618937,NVIDIA Tesla V100-SXM2-32G,Global Annealing,,"global_steps_per_temperature=5, MCS_per_global_steps=15, number_of_temperatures=10, schedule=logT"
800,1801789,-0.753703,42.0226598,1,42.0226598,NVIDIA Tesla V100-SXM2-32G,Global Annealing,,"global_steps_per_temperature=5, MCS_per_global_steps=15, number_of_temperatures=10, schedule=logT"
800,1801792,-0.754276,42.12714205,1,42.12714205,NVIDIA Tesla V100-SXM2-32G,Global Annealing,,"global_steps_per_temperature=5, MCS_per_global_steps=15, number_of_temperatures=10, schedule=logT"
800,1801795,-0.749726,42.20047374,1,42.20047374,NVIDIA Tesla V100-SXM2-32G,Global Annealing,,"global_steps_per_temperature=5, MCS_per_global_steps=15, number_of_temperatures=10, schedule=logT"
800,1801798,-0.755969,42.21738236,1,42.21738236,NVIDIA Tesla V100-SXM2-32G,Global Annealing,,"global_steps_per_temperature=5, MCS_per_global_steps=15, number_of_temperatures=10, schedule=logT"
800,1801801,-0.752739,42.28376443,1,42.28376443,NVIDIA Tesla V100-SXM2-32G,Global Annealing,,"global_steps_per_temperature=5, MCS_per_global_steps=15, number_of_temperatures=10, schedule=logT"
800,1801804,-0.750396,42.29704702,1,42.29704702,NVIDIA Tesla V100-SXM2-32G,Global Annealing,,"global_steps_per_temperature=5, MCS_per_global_steps=15, number_of_temperatures=10, schedule=logT"
800,1801807,-0.754797,42.17571342,1,42.17571342,NVIDIA Tesla V100-SXM2-32G,Global Annealing,,"global_steps_per_temperature=5, MCS_per_global_steps=15, number_of_temperatures=10, schedule=logT"
800,1801810,-0.747970,42.15816081,1,42.15816081,NVIDIA Tesla V100-SXM2-32G,Global Annealing,,"global_steps_per_temperature=5, MCS_per_global_steps=15, number_of_temperatures=10, schedule=logT"
800,1801813,-0.750870,42.2886487,1,42.2886487,NVIDIA Tesla V100-SXM2-32G,Global Annealing,,"global_steps_per_temperature=5, MCS_per_global_steps=15, number_of_temperatures=10, schedule=logT"
800,1801816,-0.750020,42.20900319,1,42.20900319,NVIDIA Tesla V100-SXM2-32G,Global Annealing,,"global_steps_per_temperature=5, MCS_per_global_steps=15, number_of_temperatures=10, schedule=logT"
800,1801819,-0.750025,42.30509441,1,42.30509441,NVIDIA Tesla V100-SXM2-32G,Global Annealing,,"global_steps_per_temperature=5, MCS_per_global_steps=15, number_of_temperatures=10, schedule=logT"
800,1801822,-0.764175,42.04138067,1,42.04138067,NVIDIA Tesla V100-SXM2-32G,Global Annealing,,"global_steps_per_temperature=5, MCS_per_global_steps=15, number_of_temperatures=10, schedule=logT"
800,1801825,-0.755946,42.08790872,1,42.08790872,NVIDIA Tesla V100-SXM2-32G,Global Annealing,,"global_steps_per_temperature=5, MCS_per_global_steps=15, number_of_temperatures=10, schedule=logT"
800,1801828,-0.749868,42.04111071,1,42.04111071,NVIDIA Tesla V100-SXM2-32G,Global Annealing,,"global_steps_per_temperature=5, MCS_per_global_steps=15, number_of_temperatures=10, schedule=logT"
800,1801831,-0.756448,42.16357038,1,42.16357038,NVIDIA Tesla V100-SXM2-32G,Global Annealing,,"global_steps_per_temperature=5, MCS_per_global_steps=15, number_of_temperatures=10, schedule=logT"
800,1801834,-0.759625,42.15736489,1,42.15736489,NVIDIA Tesla V100-SXM2-32G,Global Annealing,,"global_steps_per_temperature=5, MCS_per_global_steps=15, number_of_temperatures=10, schedule=logT"
800,1801837,-0.750602,42.11109254,1,42.11109254,NVIDIA Tesla V100-SXM2-32G,Global Annealing,,"global_steps_per_temperature=5, MCS_per_global_steps=15, number_of_temperatures=10, schedule=logT"
800,1801840,-0.761483,42.15549283,1,42.15549283,NVIDIA Tesla V100-SXM2-32G,Global Annealing,,"global_steps_per_temperature=5, MCS_per_global_steps=15, number_of_temperatures=10, schedule=logT"
800,1801843,-0.751347,42.22662334,1,42.22662334,NVIDIA Tesla V100-SXM2-32G,Global Annealing,,"global_steps_per_temperature=5, MCS_per_global_steps=15, number_of_temperatures=10, schedule=logT"
800,1801846,-0.758945,42.04417238,1,42.04417238,NVIDIA Tesla V100-SXM2-32G,Global Annealing,,"global_steps_per_temperature=5, MCS_per_global_steps=15, number_of_temperatures=10, schedule=logT"
800,1801849,-0.752069,42.33954427,1,42.33954427,NVIDIA Tesla V100-SXM2-32G,Global Annealing,,"global_steps_per_temperature=5, MCS_per_global_steps=15, number_of_temperatures=10, schedule=logT"
800,1801852,-0.755835,42.17154226,1,42.17154226,NVIDIA Tesla V100-SXM2-32G,Global Annealing,,"global_steps_per_temperature=5, MCS_per_global_steps=15, number_of_temperatures=10, schedule=logT"
800,1801855,-0.756142,42.13569214,1,42.13569214,NVIDIA Tesla V100-SXM2-32G,Global Annealing,,"global_steps_per_temperature=5, MCS_per_global_steps=15, number_of_temperatures=10, schedule=logT"
800,1801858,-0.759181,42.16157773,1,42.16157773,NVIDIA Tesla V100-SXM2-32G,Global Annealing,,"global_steps_per_temperature=5, MCS_per_global_steps=15, number_of_temperatures=10, schedule=logT"
800,1801861,-0.756947,41.94535444,1,41.94535444,NVIDIA Tesla V100-SXM2-32G,Global Annealing,,"global_steps_per_temperature=5, MCS_per_global_steps=15, number_of_temperatures=10, schedule=logT"
800,1801864,-0.754584,42.15558119,1,42.15558119,NVIDIA Tesla V100-SXM2-32G,Global Annealing,,"global_steps_per_temperature=5, MCS_per_global_steps=15, number_of_temperatures=10, schedule=logT"
800,1801867,-0.760169,42.00658724,1,42.00658724,NVIDIA Tesla V100-SXM2-32G,Global Annealing,,"global_steps_per_temperature=5, MCS_per_global_steps=15, number_of_temperatures=10, schedule=logT"
800,1801870,-0.755670,42.15381618,1,42.15381618,NVIDIA Tesla V100-SXM2-32G,Global Annealing,,"global_steps_per_temperature=5, MCS_per_global_steps=15, number_of_temperatures=10, schedule=logT"
800,1801873,-0.750929,42.164482,1,42.164482,NVIDIA Tesla V100-SXM2-32G,Global Annealing,,"global_steps_per_temperature=5, MCS_per_global_steps=15, number_of_temperatures=10, schedule=logT"
800,1801876,-0.760083,42.22924757,1,42.22924757,NVIDIA Tesla V100-SXM2-32G,Global Annealing,,"global_steps_per_temperature=5, MCS_per_global_steps=15, number_of_temperatures=10, schedule=logT"
800,1801879,-0.750333,42.1094516,1,42.1094516,NVIDIA Tesla V100-SXM2-32G,Global Annealing,,"global_steps_per_temperature=5, MCS_per_global_steps=15, number_of_temperatures=10, schedule=logT"
800,1801882,-0.763096,45.09225566,1,45.09225566,NVIDIA Tesla V100-SXM2-32G,Global Annealing,,"global_steps_per_temperature=5, MCS_per_global_steps=15, number_of_temperatures=10, schedule=logT"
800,1801885,-0.755498,45.10948217,1,45.10948217,NVIDIA Tesla V100-SXM2-32G,Global Annealing,,"global_steps_per_temperature=5, MCS_per_global_steps=15, number_of_temperatures=10, schedule=logT"
800,1801888,-0.754612,45.12825704,1,45.12825704,NVIDIA Tesla V100-SXM2-32G,Global Annealing,,"global_steps_per_temperature=5, MCS_per_global_steps=15, number_of_temperatures=10, schedule=logT"
800,1801891,-0.751560,44.95615869,1,44.95615869,NVIDIA Tesla V100-SXM2-32G,Global Annealing,,"global_steps_per_temperature=5, MCS_per_global_steps=15, number_of_temperatures=10, schedule=logT"
800,1801894,-0.755503,45.04615963,1,45.04615963,NVIDIA Tesla V100-SXM2-32G,Global Annealing,,"global_steps_per_temperature=5, MCS_per_global_steps=15, number_of_temperatures=10, schedule=logT"
800,1801897,-0.753445,45.412398,1,45.412398,NVIDIA Tesla V100-SXM2-32G,Global Annealing,,"global_steps_per_temperature=5, MCS_per_global_steps=15, number_of_temperatures=10, schedule=logT"
800,1801900,-0.755647,45.27887247,1,45.27887247,NVIDIA Tesla V100-SXM2-32G,Global Annealing,,"global_steps_per_temperature=5, MCS_per_global_steps=15, number_of_temperatures=10, schedule=logT"
800,1801903,-0.752241,45.29498067,1,45.29498067,NVIDIA Tesla V100-SXM2-32G,Global Annealing,,"global_steps_per_temperature=5, MCS_per_global_steps=15, number_of_temperatures=10, schedule=logT"
800,1801906,-0.750394,45.23406496,1,45.23406496,NVIDIA Tesla V100-SXM2-32G,Global Annealing,,"global_steps_per_temperature=5, MCS_per_global_steps=15, number_of_temperatures=10, schedule=logT"
800,1801909,-0.758069,45.19864199,1,45.19864199,NVIDIA Tesla V100-SXM2-32G,Global Annealing,,"global_steps_per_temperature=5, MCS_per_global_steps=15, number_of_temperatures=10, schedule=logT"
800,1801912,-0.758051,45.31953483,1,45.31953483,NVIDIA Tesla V100-SXM2-32G,Global Annealing,,"global_steps_per_temperature=5, MCS_per_global_steps=15, number_of_temperatures=10, schedule=logT"
800,1801915,-0.763134,45.23836145,1,45.23836145,NVIDIA Tesla V100-SXM2-32G,Global Annealing,,"global_steps_per_temperature=5, MCS_per_global_steps=15, number_of_temperatures=10, schedule=logT"
800,1801918,-0.757698,45.15027795,1,45.15027795,NVIDIA Tesla V100-SXM2-32G,Global Annealing,,"global_steps_per_temperature=5, MCS_per_global_steps=15, number_of_temperatures=10, schedule=logT"
800,1801921,-0.755093,45.24872496,1,45.24872496,NVIDIA Tesla V100-SXM2-32G,Global Annealing,,"global_steps_per_temperature=5, MCS_per_global_steps=15, number_of_temperatures=10, schedule=logT"
800,1801924,-0.754269,45.12316029,1,45.12316029,NVIDIA Tesla V100-SXM2-32G,Global Annealing,,"global_steps_per_temperature=5, MCS_per_global_steps=15, number_of_temperatures=10, schedule=logT"
800,1801927,-0.754921,45.06259632,1,45.06259632,NVIDIA Tesla V100-SXM2-32G,Global Annealing,,"global_steps_per_temperature=5, MCS_per_global_steps=15, number_of_temperatures=10, schedule=logT"
800,1801930,-0.752458,45.01551533,1,45.01551533,NVIDIA Tesla V100-SXM2-32G,Global Annealing,,"global_steps_per_temperature=5, MCS_per_global_steps=15, number_of_temperatures=10, schedule=logT"
800,1801933,-0.753041,45.32728751,1,45.32728751,NVIDIA Tesla V100-SXM2-32G,Global Annealing,,"global_steps_per_temperature=5, MCS_per_global_steps=15, number_of_temperatures=10, schedule=logT"
800,1801936,-0.755070,45.31537938,1,45.31537938,NVIDIA Tesla V100-SXM2-32G,Global Annealing,,"global_steps_per_temperature=5, MCS_per_global_steps=15, number_of_temperatures=10, schedule=logT"
800,1801939,-0.758958,45.30338383,1,45.30338383,NVIDIA Tesla V100-SXM2-32G,Global Annealing,,"global_steps_per_temperature=5, MCS_per_global_steps=15, number_of_temperatures=10, schedule=logT"
800,1801942,-0.756832,45.35496187,1,45.35496187,NVIDIA Tesla V100-SXM2-32G,Global Annealing,,"global_steps_per_temperature=5, MCS_per_global_steps=15, number_of_temperatures=10, schedule=logT"
800,1801945,-0.749547,45.38963282,1,45.38963282,NVIDIA Tesla V100-SXM2-32G,Global Annealing,,"global_steps_per_temperature=5, MCS_per_global_steps=15, number_of_temperatures=10, schedule=logT"
800,1801948,-0.755821,45.27799442,1,45.27799442,NVIDIA Tesla V100-SXM2-32G,Global Annealing,,"global_steps_per_temperature=5, MCS_per_global_steps=15, number_of_temperatures=10, schedule=logT"
800,1801951,-0.755357,45.37003994,1,45.37003994,NVIDIA Tesla V100-SXM2-32G,Global Annealing,,"global_steps_per_temperature=5, MCS_per_global_steps=15, number_of_temperatures=10, schedule=logT"
800,1801954,-0.751329,45.09621494,1,45.09621494,NVIDIA Tesla V100-SXM2-32G,Global Annealing,,"global_steps_per_temperature=5, MCS_per_global_steps=15, number_of_temperatures=10, schedule=logT"
800,1801957,-0.753758,42.32616351,1,42.32616351,NVIDIA Tesla V100-SXM2-32G,Global Annealing,,"global_steps_per_temperature=5, MCS_per_global_steps=15, number_of_temperatures=10, schedule=logT"
800,1801960,-0.754187,42.14239836,1,42.14239836,NVIDIA Tesla V100-SXM2-32G,Global Annealing,,"global_steps_per_temperature=5, MCS_per_global_steps=15, number_of_temperatures=10, schedule=logT"
800,1801963,-0.754015,42.2040508,1,42.2040508,NVIDIA Tesla V100-SXM2-32G,Global Annealing,,"global_steps_per_temperature=5, MCS_per_global_steps=15, number_of_temperatures=10, schedule=logT"
800,1801966,-0.753630,42.15747099,1,42.15747099,NVIDIA Tesla V100-SXM2-32G,Global Annealing,,"global_steps_per_temperature=5, MCS_per_global_steps=15, number_of_temperatures=10, schedule=logT"
800,1801969,-0.747904,42.19900162,1,42.19900162,NVIDIA Tesla V100-SXM2-32G,Global Annealing,,"global_steps_per_temperature=5, MCS_per_global_steps=15, number_of_temperatures=10, schedule=logT"
800,1801972,-0.751098,42.10334892,1,42.10334892,NVIDIA Tesla V100-SXM2-32G,Global Annealing,,"global_steps_per_temperature=5, MCS_per_global_steps=15, number_of_temperatures=10, schedule=logT"
800,1801975,-0.757246,42.00461955,1,42.00461955,NVIDIA Tesla V100-SXM2-32G,Global Annealing,,"global_steps_per_temperature=5, MCS_per_global_steps=15, number_of_temperatures=10, schedule=logT"
800,1801978,-0.751378,42.0381696,1,42.0381696,NVIDIA Tesla V100-SXM2-32G,Global Annealing,,"global_steps_per_temperature=5, MCS_per_global_steps=15, number_of_temperatures=10, schedule=logT"
800,1801981,-0.751489,42.20460055,1,42.20460055,NVIDIA Tesla V100-SXM2-32G,Global Annealing,,"global_steps_per_temperature=5, MCS_per_global_steps=15, number_of_temperatures=10, schedule=logT"
800,1801984,-0.762368,42.23972735,1,42.23972735,NVIDIA Tesla V100-SXM2-32G,Global Annealing,,"global_steps_per_temperature=5, MCS_per_global_steps=15, number_of_temperatures=10, schedule=logT"
800,1801987,-0.753419,42.09426453,1,42.09426453,NVIDIA Tesla V100-SXM2-32G,Global Annealing,,"global_steps_per_temperature=5, MCS_per_global_steps=15, number_of_temperatures=10, schedule=logT"
800,1801990,-0.753081,42.14517651,1,42.14517651,NVIDIA Tesla V100-SXM2-32G,Global Annealing,,"global_steps_per_temperature=5, MCS_per_global_steps=15, number_of_temperatures=10, schedule=logT"
800,1801993,-0.751626,42.06406491,1,42.06406491,NVIDIA Tesla V100-SXM2-32G,Global Annealing,,"global_steps_per_temperature=5, MCS_per_global_steps=15, number_of_temperatures=10, schedule=logT"
800,1801996,-0.756622,42.06493177,1,42.06493177,NVIDIA Tesla V100-SXM2-32G,Global Annealing,,"global_steps_per_temperature=5, MCS_per_global_steps=15, number_of_temperatures=10, schedule=logT"
800,1801999,-0.750846,42.24750965,1,42.24750965,NVIDIA Tesla V100-SXM2-32G,Global Annealing,,"global_steps_per_temperature=5, MCS_per_global_steps=15, number_of_temperatures=10, schedule=logT"
800,1802002,-0.753398,42.3414803,1,42.3414803,NVIDIA Tesla V100-SXM2-32G,Global Annealing,,"global_steps_per_temperature=5, MCS_per_global_steps=15, number_of_temperatures=10, schedule=logT"
800,1802005,-0.755374,42.16951118,1,42.16951118,NVIDIA Tesla V100-SXM2-32G,Global Annealing,,"global_steps_per_temperature=5, MCS_per_global_steps=15, number_of_temperatures=10, schedule=logT"
800,1802008,-0.754465,41.94973145,1,41.94973145,NVIDIA Tesla V100-SXM2-32G,Global Annealing,,"global_steps_per_temperature=5, MCS_per_global_steps=15, number_of_temperatures=10, schedule=logT"
800,1802011,-0.754218,41.97132633,1,41.97132633,NVIDIA Tesla V100-SXM2-32G,Global Annealing,,"global_steps_per_temperature=5, MCS_per_global_steps=15, number_of_temperatures=10, schedule=logT"
800,1802014,-0.762537,41.97845237,1,41.97845237,NVIDIA Tesla V100-SXM2-32G,Global Annealing,,"global_steps_per_temperature=5, MCS_per_global_steps=15, number_of_temperatures=10, schedule=logT"
800,1802017,-0.755833,42.1857764,1,42.1857764,NVIDIA Tesla V100-SXM2-32G,Global Annealing,,"global_steps_per_temperature=5, MCS_per_global_steps=15, number_of_temperatures=10, schedule=logT"
800,1802020,-0.755367,42.21151316,1,42.21151316,NVIDIA Tesla V100-SXM2-32G,Global Annealing,,"global_steps_per_temperature=5, MCS_per_global_steps=15, number_of_temperatures=10, schedule=logT"
800,1802023,-0.747203,42.49520426,1,42.49520426,NVIDIA Tesla V100-SXM2-32G,Global Annealing,,"global_steps_per_temperature=5, MCS_per_global_steps=15, number_of_temperatures=10, schedule=logT"
800,1802026,-0.759742,42.57222624,1,42.57222624,NVIDIA Tesla V100-SXM2-32G,Global Annealing,,"global_steps_per_temperature=5, MCS_per_global_steps=15, number_of_temperatures=10, schedule=logT"
800,1802029,-0.750460,42.56613173,1,42.56613173,NVIDIA Tesla V100-SXM2-32G,Global Annealing,,"global_steps_per_temperature=5, MCS_per_global_steps=15, number_of_temperatures=10, schedule=logT"
1000,2001732,-0.757446,101.2018086,1,101.2018086,NVIDIA Tesla V100-SXM2-32G,Global Annealing,,"global_steps_per_temperature=5, MCS_per_global_steps=15, number_of_temperatures=20, schedule=logT"
1000,2001735,-0.756204,101.2106552,1,101.2106552,NVIDIA Tesla V100-SXM2-32G,Global Annealing,,"global_steps_per_temperature=5, MCS_per_global_steps=15, number_of_temperatures=20, schedule=logT"
1000,2001738,-0.756187,101.2634724,1,101.2634724,NVIDIA Tesla V100-SXM2-32G,Global Annealing,,"global_steps_per_temperature=5, MCS_per_global_steps=15, number_of_temperatures=20, schedule=logT"
1000,2001741,-0.758695,100.8880878,1,100.8880878,NVIDIA Tesla V100-SXM2-32G,Global Annealing,,"global_steps_per_temperature=5, MCS_per_global_steps=15, number_of_temperatures=20, schedule=logT"
1000,2001744,-0.752101,100.9652975,1,100.9652975,NVIDIA Tesla V100-SXM2-32G,Global Annealing,,"global_steps_per_temperature=5, MCS_per_global_steps=15, number_of_temperatures=20, schedule=logT"
1000,2001747,-0.749268,100.9819145,1,100.9819145,NVIDIA Tesla V100-SXM2-32G,Global Annealing,,"global_steps_per_temperature=5, MCS_per_global_steps=15, number_of_temperatures=20, schedule=logT"
1000,2001750,-0.753320,101.5234462,1,101.5234462,NVIDIA Tesla V100-SXM2-32G,Global Annealing,,"global_steps_per_temperature=5, MCS_per_global_steps=15, number_of_temperatures=20, schedule=logT"
1000,2001753,-0.751732,101.1932666,1,101.1932666,NVIDIA Tesla V100-SXM2-32G,Global Annealing,,"global_steps_per_temperature=5, MCS_per_global_steps=15, number_of_temperatures=20, schedule=logT"
1000,2001756,-0.758293,101.8930988,1,101.8930988,NVIDIA Tesla V100-SXM2-32G,Global Annealing,,"global_steps_per_temperature=5, MCS_per_global_steps=15, number_of_temperatures=20, schedule=logT"
1000,2001759,-0.751970,101.0975177,1,101.0975177,NVIDIA Tesla V100-SXM2-32G,Global Annealing,,"global_steps_per_temperature=5, MCS_per_global_steps=15, number_of_temperatures=20, schedule=logT"
1000,2001762,-0.757640,101.1787617,1,101.1787617,NVIDIA Tesla V100-SXM2-32G,Global Annealing,,"global_steps_per_temperature=5, MCS_per_global_steps=15, number_of_temperatures=20, schedule=logT"
1000,2001765,-0.750388,101.3311622,1,101.3311622,NVIDIA Tesla V100-SXM2-32G,Global Annealing,,"global_steps_per_temperature=5, MCS_per_global_steps=15, number_of_temperatures=20, schedule=logT"
1000,2001768,-0.754395,104.7236121,1,104.7236121,NVIDIA Tesla V100-SXM2-32G,Global Annealing,,"global_steps_per_temperature=5, MCS_per_global_steps=15, number_of_temperatures=20, schedule=logT"
1000,2001771,-0.753450,104.598157,1,104.598157,NVIDIA Tesla V100-SXM2-32G,Global Annealing,,"global_steps_per_temperature=5, MCS_per_global_steps=15, number_of_temperatures=20, schedule=logT"
1000,2001774,-0.754715,105.0104004,1,105.0104004,NVIDIA Tesla V100-SXM2-32G,Global Annealing,,"global_steps_per_temperature=5, MCS_per_global_steps=15, number_of_temperatures=20, schedule=logT"
1000,2001777,-0.751821,104.5194692,1,104.5194692,NVIDIA Tesla V100-SXM2-32G,Global Annealing,,"global_steps_per_temperature=5, MCS_per_global_steps=15, number_of_temperatures=20, schedule=logT"
1000,2001780,-0.753569,104.6449773,1,104.6449773,NVIDIA Tesla V100-SXM2-32G,Global Annealing,,"global_steps_per_temperature=5, MCS_per_global_steps=15, number_of_temperatures=20, schedule=logT"
1000,2001783,-0.751772,104.5411773,1,104.5411773,NVIDIA Tesla V100-SXM2-32G,Global Annealing,,"global_steps_per_temperature=5, MCS_per_global_steps=15, number_of_temperatures=20, schedule=logT"
1000,2001786,-0.758532,101.4580612,1,101.4580612,NVIDIA Tesla V100-SXM2-32G,Global Annealing,,"global_steps_per_temperature=5, MCS_per_global_steps=15, number_of_temperatures=20, schedule=logT"
1000,2001789,-0.759042,101.1642065,1,101.1642065,NVIDIA Tesla V100-SXM2-32G,Global Annealing,,"global_steps_per_temperature=5, MCS_per_global_steps=15, number_of_temperatures=20, schedule=logT"
1000,2001792,-0.752637,102.2162883,1,102.2162883,NVIDIA Tesla V100-SXM2-32G,Global Annealing,,"global_steps_per_temperature=5, MCS_per_global_steps=15, number_of_temperatures=20, schedule=logT"
1000,2001795,-0.756052,101.3710644,1,101.3710644,NVIDIA Tesla V100-SXM2-32G,Global Annealing,,"global_steps_per_temperature=5, MCS_per_global_steps=15, number_of_temperatures=20, schedule=logT"
1000,2001798,-0.758913,101.3321764,1,101.3321764,NVIDIA Tesla V100-SXM2-32G,Global Annealing,,"global_steps_per_temperature=5, MCS_per_global_steps=15, number_of_temperatures=20, schedule=logT"
1000,2001801,-0.751343,101.311961,1,101.311961,NVIDIA Tesla V100-SXM2-32G,Global Annealing,,"global_steps_per_temperature=5, MCS_per_global_steps=15, number_of_temperatures=20, schedule=logT"
1000,2001804,-0.757661,101.3127281,1,101.3127281,NVIDIA Tesla V100-SXM2-32G,Global Annealing,,"global_steps_per_temperature=5, MCS_per_global_steps=15, number_of_temperatures=20, schedule=logT"
1000,2001807,-0.759883,100.7274563,1,100.7274563,NVIDIA Tesla V100-SXM2-32G,Global Annealing,,"global_steps_per_temperature=5, MCS_per_global_steps=15, number_of_temperatures=20, schedule=logT"
1000,2001810,-0.755746,100.5645254,1,100.5645254,NVIDIA Tesla V100-SXM2-32G,Global Annealing,,"global_steps_per_temperature=5, MCS_per_global_steps=15, number_of_temperatures=20, schedule=logT"
1000,2001813,-0.754802,100.7993349,1,100.7993349,NVIDIA Tesla V100-SXM2-32G,Global Annealing,,"global_steps_per_temperature=5, MCS_per_global_steps=15, number_of_temperatures=20, schedule=logT"
1000,2001816,-0.753126,100.704521,1,100.704521,NVIDIA Tesla V100-SXM2-32G,Global Annealing,,"global_steps_per_temperature=5, MCS_per_global_steps=15, number_of_temperatures=20, schedule=logT"
1000,2001819,-0.757056,100.5041142,1,100.5041142,NVIDIA Tesla V100-SXM2-32G,Global Annealing,,"global_steps_per_temperature=5, MCS_per_global_steps=15, number_of_temperatures=20, schedule=logT"
1000,2001822,-0.753511,100.5598077,1,100.5598077,NVIDIA Tesla V100-SXM2-32G,Global Annealing,,"global_steps_per_temperature=5, MCS_per_global_steps=15, number_of_temperatures=20, schedule=logT"
1000,2001825,-0.754329,101.4562867,1,101.4562867,NVIDIA Tesla V100-SXM2-32G,Global Annealing,,"global_steps_per_temperature=5, MCS_per_global_steps=15, number_of_temperatures=20, schedule=logT"
1000,2001828,-0.757293,101.1794483,1,101.1794483,NVIDIA Tesla V100-SXM2-32G,Global Annealing,,"global_steps_per_temperature=5, MCS_per_global_steps=15, number_of_temperatures=20, schedule=logT"
1000,2001831,-0.755255,102.0738876,1,102.0738876,NVIDIA Tesla V100-SXM2-32G,Global Annealing,,"global_steps_per_temperature=5, MCS_per_global_steps=15, number_of_temperatures=20, schedule=logT"
1000,2001834,-0.754644,102.4491038,1,102.4491038,NVIDIA Tesla V100-SXM2-32G,Global Annealing,,"global_steps_per_temperature=5, MCS_per_global_steps=15, number_of_temperatures=20, schedule=logT"
1000,2001837,-0.760802,102.2866186,1,102.2866186,NVIDIA Tesla V100-SXM2-32G,Global Annealing,,"global_steps_per_temperature=5, MCS_per_global_steps=15, number_of_temperatures=20, schedule=logT"
1000,2001840,-0.755837,102.6557247,1,102.6557247,NVIDIA Tesla V100-SXM2-32G,Global Annealing,,"global_steps_per_temperature=5, MCS_per_global_steps=15, number_of_temperatures=20, schedule=logT"
1000,2001843,-0.757100,104.697473,1,104.697473,NVIDIA Tesla V100-SXM2-32G,Global Annealing,,"global_steps_per_temperature=5, MCS_per_global_steps=15, number_of_temperatures=20, schedule=logT"
1000,2001846,-0.754134,104.5806397,1,104.5806397,NVIDIA Tesla V100-SXM2-32G,Global Annealing,,"global_steps_per_temperature=5, MCS_per_global_steps=15, number_of_temperatures=20, schedule=logT"
1000,2001849,-0.754035,105.8234779,1,105.8234779,NVIDIA Tesla V100-SXM2-32G,Global Annealing,,"global_steps_per_temperature=5, MCS_per_global_steps=15, number_of_temperatures=20, schedule=logT"
1000,2001852,-0.762211,105.3115675,1,105.3115675,NVIDIA Tesla V100-SXM2-32G,Global Annealing,,"global_steps_per_temperature=5, MCS_per_global_steps=15, number_of_temperatures=20, schedule=logT"
1000,2001855,-0.751428,105.2828284,1,105.2828284,NVIDIA Tesla V100-SXM2-32G,Global Annealing,,"global_steps_per_temperature=5, MCS_per_global_steps=15, number_of_temperatures=20, schedule=logT"
1000,2001858,-0.753072,105.1488433,1,105.1488433,NVIDIA Tesla V100-SXM2-32G,Global Annealing,,"global_steps_per_temperature=5, MCS_per_global_steps=15, number_of_temperatures=20, schedule=logT"
1000,2001861,-0.756185,100.9272462,1,100.9272462,NVIDIA Tesla V100-SXM2-32G,Global Annealing,,"global_steps_per_temperature=5, MCS_per_global_steps=15, number_of_temperatures=20, schedule=logT"
1000,2001864,-0.759388,100.8750137,1,100.8750137,NVIDIA Tesla V100-SXM2-32G,Global Annealing,,"global_steps_per_temperature=5, MCS_per_global_steps=15, number_of_temperatures=20, schedule=logT"
1000,2001867,-0.756945,101.9095623,1,101.9095623,NVIDIA Tesla V100-SXM2-32G,Global Annealing,,"global_steps_per_temperature=5, MCS_per_global_steps=15, number_of_temperatures=20, schedule=logT"
1000,2001870,-0.755683,101.9973538,1,101.9973538,NVIDIA Tesla V100-SXM2-32G,Global Annealing,,"global_steps_per_temperature=5, MCS_per_global_steps=15, number_of_temperatures=20, schedule=logT"
1000,2001873,-0.750525,101.8381333,1,101.8381333,NVIDIA Tesla V100-SXM2-32G,Global Annealing,,"global_steps_per_temperature=5, MCS_per_global_steps=15, number_of_temperatures=20, schedule=logT"
1000,2001876,-0.756714,102.10613,1,102.10613,NVIDIA Tesla V100-SXM2-32G,Global Annealing,,"global_steps_per_temperature=5, MCS_per_global_steps=15, number_of_temperatures=20, schedule=logT"
1000,2001879,-0.754788,102.7755681,1,102.7755681,NVIDIA Tesla V100-SXM2-32G,Global Annealing,,"global_steps_per_temperature=5, MCS_per_global_steps=15, number_of_temperatures=20, schedule=logT"
1000,2001882,-0.753858,100.8499294,1,100.8499294,NVIDIA Tesla V100-SXM2-32G,Global Annealing,,"global_steps_per_temperature=5, MCS_per_global_steps=15, number_of_temperatures=20, schedule=logT"
1000,2001885,-0.758224,100.4540387,1,100.4540387,NVIDIA Tesla V100-SXM2-32G,Global Annealing,,"global_steps_per_temperature=5, MCS_per_global_steps=15, number_of_temperatures=20, schedule=logT"
1000,2001888,-0.755149,101.4330365,1,101.4330365,NVIDIA Tesla V100-SXM2-32G,Global Annealing,,"global_steps_per_temperature=5, MCS_per_global_steps=15, number_of_temperatures=20, schedule=logT"
1000,2001891,-0.755142,101.5794116,1,101.5794116,NVIDIA Tesla V100-SXM2-32G,Global Annealing,,"global_steps_per_temperature=5, MCS_per_global_steps=15, number_of_temperatures=20, schedule=logT"
1000,2001894,-0.758785,101.302216,1,101.302216,NVIDIA Tesla V100-SXM2-32G,Global Annealing,,"global_steps_per_temperature=5, MCS_per_global_steps=15, number_of_temperatures=20, schedule=logT"
1000,2001897,-0.755018,101.4045488,1,101.4045488,NVIDIA Tesla V100-SXM2-32G,Global Annealing,,"global_steps_per_temperature=5, MCS_per_global_steps=15, number_of_temperatures=20, schedule=logT"
1000,2001900,-0.759176,105.2625834,1,105.2625834,NVIDIA Tesla V100-SXM2-32G,Global Annealing,,"global_steps_per_temperature=5, MCS_per_global_steps=15, number_of_temperatures=20, schedule=logT"
1000,2001903,-0.755844,105.4192121,1,105.4192121,NVIDIA Tesla V100-SXM2-32G,Global Annealing,,"global_steps_per_temperature=5, MCS_per_global_steps=15, number_of_temperatures=20, schedule=logT"
1000,2001906,-0.760258,105.4179825,1,105.4179825,NVIDIA Tesla V100-SXM2-32G,Global Annealing,,"global_steps_per_temperature=5, MCS_per_global_steps=15, number_of_temperatures=20, schedule=logT"
1000,2001909,-0.757463,105.0945982,1,105.0945982,NVIDIA Tesla V100-SXM2-32G,Global Annealing,,"global_steps_per_temperature=5, MCS_per_global_steps=15, number_of_temperatures=20, schedule=logT"
1000,2001912,-0.753626,105.2990217,1,105.2990217,NVIDIA Tesla V100-SXM2-32G,Global Annealing,,"global_steps_per_temperature=5, MCS_per_global_steps=15, number_of_temperatures=20, schedule=logT"
1000,2001915,-0.758874,104.9375662,1,104.9375662,NVIDIA Tesla V100-SXM2-32G,Global Annealing,,"global_steps_per_temperature=5, MCS_per_global_steps=15, number_of_temperatures=20, schedule=logT"
1000,2001918,-0.758314,100.8283107,1,100.8283107,NVIDIA Tesla V100-SXM2-32G,Global Annealing,,"global_steps_per_temperature=5, MCS_per_global_steps=15, number_of_temperatures=20, schedule=logT"
1000,2001921,-0.756388,100.8643857,1,100.8643857,NVIDIA Tesla V100-SXM2-32G,Global Annealing,,"global_steps_per_temperature=5, MCS_per_global_steps=15, number_of_temperatures=20, schedule=logT"
1000,2001924,-0.755089,100.6859641,1,100.6859641,NVIDIA Tesla V100-SXM2-32G,Global Annealing,,"global_steps_per_temperature=5, MCS_per_global_steps=15, number_of_temperatures=20, schedule=logT"
1000,2001927,-0.755306,100.5181492,1,100.5181492,NVIDIA Tesla V100-SXM2-32G,Global Annealing,,"global_steps_per_temperature=5, MCS_per_global_steps=15, number_of_temperatures=20, schedule=logT"
1000,2001930,-0.760720,100.3156873,1,100.3156873,NVIDIA Tesla V100-SXM2-32G,Global Annealing,,"global_steps_per_temperature=5, MCS_per_global_steps=15, number_of_temperatures=20, schedule=logT"
1000,2001933,-0.762263,100.551165,1,100.551165,NVIDIA Tesla V100-SXM2-32G,Global Annealing,,"global_steps_per_temperature=5, MCS_per_global_steps=15, number_of_temperatures=20, schedule=logT"
1000,2001936,-0.760477,101.2582675,1,101.2582675,NVIDIA Tesla V100-SXM2-32G,Global Annealing,,"global_steps_per_temperature=5, MCS_per_global_steps=15, number_of_temperatures=20, schedule=logT"
1000,2001939,-0.753617,101.0274703,1,101.0274703,NVIDIA Tesla V100-SXM2-32G,Global Annealing,,"global_steps_per_temperature=5, MCS_per_global_steps=15, number_of_temperatures=20, schedule=logT"
1000,2001942,-0.758279,102.1308285,1,102.1308285,NVIDIA Tesla V100-SXM2-32G,Global Annealing,,"global_steps_per_temperature=5, MCS_per_global_steps=15, number_of_temperatures=20, schedule=logT"
1000,2001945,-0.754073,102.3136614,1,102.3136614,NVIDIA Tesla V100-SXM2-32G,Global Annealing,,"global_steps_per_temperature=5, MCS_per_global_steps=15, number_of_temperatures=20, schedule=logT"
1000,2001948,-0.754718,101.6539567,1,101.6539567,NVIDIA Tesla V100-SXM2-32G,Global Annealing,,"global_steps_per_temperature=5, MCS_per_global_steps=15, number_of_temperatures=20, schedule=logT"
1000,2001951,-0.754944,102.1328811,1,102.1328811,NVIDIA Tesla V100-SXM2-32G,Global Annealing,,"global_steps_per_temperature=5, MCS_per_global_steps=15, number_of_temperatures=20, schedule=logT"
1000,2001954,-0.753593,106.0264969,1,106.0264969,NVIDIA Tesla V100-SXM2-32G,Global Annealing,,"global_steps_per_temperature=5, MCS_per_global_steps=15, number_of_temperatures=20, schedule=logT"
1000,2001957,-0.755756,101.2171484,1,101.2171484,NVIDIA Tesla V100-SXM2-32G,Global Annealing,,"global_steps_per_temperature=5, MCS_per_global_steps=15, number_of_temperatures=20, schedule=logT"
1000,2001960,-0.756810,101.102949,1,101.102949,NVIDIA Tesla V100-SXM2-32G,Global Annealing,,"global_steps_per_temperature=5, MCS_per_global_steps=15, number_of_temperatures=20, schedule=logT"
1000,2001963,-0.754543,102.1594222,1,102.1594222,NVIDIA Tesla V100-SXM2-32G,Global Annealing,,"global_steps_per_temperature=5, MCS_per_global_steps=15, number_of_temperatures=20, schedule=logT"
1000,2001966,-0.761304,102.2996879,1,102.2996879,NVIDIA Tesla V100-SXM2-32G,Global Annealing,,"global_steps_per_temperature=5, MCS_per_global_steps=15, number_of_temperatures=20, schedule=logT"
1000,2001969,-0.755431,101.7355448,1,101.7355448,NVIDIA Tesla V100-SXM2-32G,Global Annealing,,"global_steps_per_temperature=5, MCS_per_global_steps=15, number_of_temperatures=20, schedule=logT"
1000,2001972,-0.752991,102.0943716,1,102.0943716,NVIDIA Tesla V100-SXM2-32G,Global Annealing,,"global_steps_per_temperature=5, MCS_per_global_steps=15, number_of_temperatures=20, schedule=logT"
1000,2001975,-0.753638,100.9959309,1,100.9959309,NVIDIA Tesla V100-SXM2-32G,Global Annealing,,"global_steps_per_temperature=5, MCS_per_global_steps=15, number_of_temperatures=20, schedule=logT"
1000,2001978,-0.756563,100.8511588,1,100.8511588,NVIDIA Tesla V100-SXM2-32G,Global Annealing,,"global_steps_per_temperature=5, MCS_per_global_steps=15, number_of_temperatures=20, schedule=logT"
1000,2001981,-0.758812,101.3388618,1,101.3388618,NVIDIA Tesla V100-SXM2-32G,Global Annealing,,"global_steps_per_temperature=5, MCS_per_global_steps=15, number_of_temperatures=20, schedule=logT"
1000,2001984,-0.754174,101.5339583,1,101.5339583,NVIDIA Tesla V100-SXM2-32G,Global Annealing,,"global_steps_per_temperature=5, MCS_per_global_steps=15, number_of_temperatures=20, schedule=logT"
1000,2001987,-0.760069,101.1383508,1,101.1383508,NVIDIA Tesla V100-SXM2-32G,Global Annealing,,"global_steps_per_temperature=5, MCS_per_global_steps=15, number_of_temperatures=20, schedule=logT"
1000,2001990,-0.755490,101.5757434,1,101.5757434,NVIDIA Tesla V100-SXM2-32G,Global Annealing,,"global_steps_per_temperature=5, MCS_per_global_steps=15, number_of_temperatures=20, schedule=logT"
1000,2001993,-0.758048,101.0203872,1,101.0203872,NVIDIA Tesla V100-SXM2-32G,Global Annealing,,"global_steps_per_temperature=5, MCS_per_global_steps=15, number_of_temperatures=20, schedule=logT"
1000,2001996,-0.755192,100.6443567,1,100.6443567,NVIDIA Tesla V100-SXM2-32G,Global Annealing,,"global_steps_per_temperature=5, MCS_per_global_steps=15, number_of_temperatures=20, schedule=logT"
1000,2001999,-0.758494,102.0133069,1,102.0133069,NVIDIA Tesla V100-SXM2-32G,Global Annealing,,"global_steps_per_temperature=5, MCS_per_global_steps=15, number_of_temperatures=20, schedule=logT"
1000,2002002,-0.757188,101.999567,1,101.999567,NVIDIA Tesla V100-SXM2-32G,Global Annealing,,"global_steps_per_temperature=5, MCS_per_global_steps=15, number_of_temperatures=20, schedule=logT"
1000,2002005,-0.757588,102.285354,1,102.285354,NVIDIA Tesla V100-SXM2-32G,Global Annealing,,"global_steps_per_temperature=5, MCS_per_global_steps=15, number_of_temperatures=20, schedule=logT"
1000,2002008,-0.758079,101.9099216,1,101.9099216,NVIDIA Tesla V100-SXM2-32G,Global Annealing,,"global_steps_per_temperature=5, MCS_per_global_steps=15, number_of_temperatures=20, schedule=logT"
1000,2002011,-0.761642,101.0576806,1,101.0576806,NVIDIA Tesla V100-SXM2-32G,Global Annealing,,"global_steps_per_temperature=5, MCS_per_global_steps=15, number_of_temperatures=20, schedule=logT"
1000,2002014,-0.757827,101.1144934,1,101.1144934,NVIDIA Tesla V100-SXM2-32G,Global Annealing,,"global_steps_per_temperature=5, MCS_per_global_steps=15, number_of_temperatures=20, schedule=logT"
1000,2002017,-0.759966,102.4399196,1,102.4399196,NVIDIA Tesla V100-SXM2-32G,Global Annealing,,"global_steps_per_temperature=5, MCS_per_global_steps=15, number_of_temperatures=20, schedule=logT"
1000,2002020,-0.755086,101.720493,1,101.720493,NVIDIA Tesla V100-SXM2-32G,Global Annealing,,"global_steps_per_temperature=5, MCS_per_global_steps=15, number_of_temperatures=20, schedule=logT"
1000,2002023,-0.756713,102.5542578,1,102.5542578,NVIDIA Tesla V100-SXM2-32G,Global Annealing,,"global_steps_per_temperature=5, MCS_per_global_steps=15, number_of_temperatures=20, schedule=logT"
1000,2002026,-0.757631,102.0795246,1,102.0795246,NVIDIA Tesla V100-SXM2-32G,Global Annealing,,"global_steps_per_temperature=5, MCS_per_global_steps=15, number_of_temperatures=20, schedule=logT"
1000,2002029,-0.751727,101.8053488,1,101.8053488,NVIDIA Tesla V100-SXM2-32G,Global Annealing,,"global_steps_per_temperature=5, MCS_per_global_steps=15, number_of_temperatures=20, schedule=logT"
1200,2201732,-0.754026,118.219453,1,118.219453,NVIDIA Tesla V100-SXM2-32G,Global Annealing,,"global_steps_per_temperature=5, MCS_per_global_steps=15, number_of_temperatures=20, schedule=logT"
1200,2201735,-0.760750,118.2542148,1,118.2542148,NVIDIA Tesla V100-SXM2-32G,Global Annealing,,"global_steps_per_temperature=5, MCS_per_global_steps=15, number_of_temperatures=20, schedule=logT"
1200,2201738,-0.758350,118.177761,1,118.177761,NVIDIA Tesla V100-SXM2-32G,Global Annealing,,"global_steps_per_temperature=5, MCS_per_global_steps=15, number_of_temperatures=20, schedule=logT"
1200,2201741,-0.753356,118.3662054,1,118.3662054,NVIDIA Tesla V100-SXM2-32G,Global Annealing,,"global_steps_per_temperature=5, MCS_per_global_steps=15, number_of_temperatures=20, schedule=logT"
1200,2201744,-0.756628,118.3779662,1,118.3779662,NVIDIA Tesla V100-SXM2-32G,Global Annealing,,"global_steps_per_temperature=5, MCS_per_global_steps=15, number_of_temperatures=20, schedule=logT"
1200,2201747,-0.757052,118.190657,1,118.190657,NVIDIA Tesla V100-SXM2-32G,Global Annealing,,"global_steps_per_temperature=5, MCS_per_global_steps=15, number_of_temperatures=20, schedule=logT"
1200,2201750,-0.758676,118.5895657,1,118.5895657,NVIDIA Tesla V100-SXM2-32G,Global Annealing,,"global_steps_per_temperature=5, MCS_per_global_steps=15, number_of_temperatures=20, schedule=logT"
1200,2201753,-0.761389,118.286988,1,118.286988,NVIDIA Tesla V100-SXM2-32G,Global Annealing,,"global_steps_per_temperature=5, MCS_per_global_steps=15, number_of_temperatures=20, schedule=logT"
1200,2201756,-0.757135,118.6532291,1,118.6532291,NVIDIA Tesla V100-SXM2-32G,Global Annealing,,"global_steps_per_temperature=5, MCS_per_global_steps=15, number_of_temperatures=20, schedule=logT"
1200,2201759,-0.755813,118.5739191,1,118.5739191,NVIDIA Tesla V100-SXM2-32G,Global Annealing,,"global_steps_per_temperature=5, MCS_per_global_steps=15, number_of_temperatures=20, schedule=logT"
1200,2201762,-0.758087,118.5218089,1,118.5218089,NVIDIA Tesla V100-SXM2-32G,Global Annealing,,"global_steps_per_temperature=5, MCS_per_global_steps=15, number_of_temperatures=20, schedule=logT"
1200,2201765,-0.757917,118.4293924,1,118.4293924,NVIDIA Tesla V100-SXM2-32G,Global Annealing,,"global_steps_per_temperature=5, MCS_per_global_steps=15, number_of_temperatures=20, schedule=logT"
1200,2201768,-0.759446,121.74089,1,121.74089,NVIDIA Tesla V100-SXM2-32G,Global Annealing,,"global_steps_per_temperature=5, MCS_per_global_steps=15, number_of_temperatures=20, schedule=logT"
1200,2201771,-0.752816,121.7949353,1,121.7949353,NVIDIA Tesla V100-SXM2-32G,Global Annealing,,"global_steps_per_temperature=5, MCS_per_global_steps=15, number_of_temperatures=20, schedule=logT"
1200,2201774,-0.756326,121.7609004,1,121.7609004,NVIDIA Tesla V100-SXM2-32G,Global Annealing,,"global_steps_per_temperature=5, MCS_per_global_steps=15, number_of_temperatures=20, schedule=logT"
1200,2201777,-0.760483,121.6792789,1,121.6792789,NVIDIA Tesla V100-SXM2-32G,Global Annealing,,"global_steps_per_temperature=5, MCS_per_global_steps=15, number_of_temperatures=20, schedule=logT"
1200,2201780,-0.757616,121.6133778,1,121.6133778,NVIDIA Tesla V100-SXM2-32G,Global Annealing,,"global_steps_per_temperature=5, MCS_per_global_steps=15, number_of_temperatures=20, schedule=logT"
1200,2201783,-0.755458,121.6822253,1,121.6822253,NVIDIA Tesla V100-SXM2-32G,Global Annealing,,"global_steps_per_temperature=5, MCS_per_global_steps=15, number_of_temperatures=20, schedule=logT"
1200,2201786,-0.756604,119.1088925,1,119.1088925,NVIDIA Tesla V100-SXM2-32G,Global Annealing,,"global_steps_per_temperature=5, MCS_per_global_steps=15, number_of_temperatures=20, schedule=logT"
1200,2201789,-0.758657,119.1064294,1,119.1064294,NVIDIA Tesla V100-SXM2-32G,Global Annealing,,"global_steps_per_temperature=5, MCS_per_global_steps=15, number_of_temperatures=20, schedule=logT"
1200,2201792,-0.758676,119.117259,1,119.117259,NVIDIA Tesla V100-SXM2-32G,Global Annealing,,"global_steps_per_temperature=5, MCS_per_global_steps=15, number_of_temperatures=20, schedule=logT"
1200,2201795,-0.759004,119.1187026,1,119.1187026,NVIDIA Tesla V100-SXM2-32G,Global Annealing,,"global_steps_per_temperature=5, MCS_per_global_steps=15, number_of_temperatures=20, schedule=logT"
1200,2201798,-0.759821,119.1031089,1,119.1031089,NVIDIA Tesla V100-SXM2-32G,Global Annealing,,"global_steps_per_temperature=5, MCS_per_global_steps=15, number_of_temperatures=20, schedule=logT"
1200,2201801,-0.755385,119.1991055,1,119.1991055,NVIDIA Tesla V100-SXM2-32G,Global Annealing,,"global_steps_per_temperature=5, MCS_per_global_steps=15, number_of_temperatures=20, schedule=logT"
1200,2201804,-0.755092,119.2029133,1,119.2029133,NVIDIA Tesla V100-SXM2-32G,Global Annealing,,"global_steps_per_temperature=5, MCS_per_global_steps=15, number_of_temperatures=20, schedule=logT"
1200,2201807,-0.757170,117.6197451,1,117.6197451,NVIDIA Tesla V100-SXM2-32G,Global Annealing,,"global_steps_per_temperature=5, MCS_per_global_steps=15, number_of_temperatures=20, schedule=logT"
1200,2201810,-0.753738,117.7812738,1,117.7812738,NVIDIA Tesla V100-SXM2-32G,Global Annealing,,"global_steps_per_temperature=5, MCS_per_global_steps=15, number_of_temperatures=20, schedule=logT"
1200,2201813,-0.756833,117.8258834,1,117.8258834,NVIDIA Tesla V100-SXM2-32G,Global Annealing,,"global_steps_per_temperature=5, MCS_per_global_steps=15, number_of_temperatures=20, schedule=logT"
1200,2201816,-0.759622,117.7210382,1,117.7210382,NVIDIA Tesla V100-SXM2-32G,Global Annealing,,"global_steps_per_temperature=5, MCS_per_global_steps=15, number_of_temperatures=20, schedule=logT"
1200,2201819,-0.755373,117.9931436,1,117.9931436,NVIDIA Tesla V100-SXM2-32G,Global Annealing,,"global_steps_per_temperature=5, MCS_per_global_steps=15, number_of_temperatures=20, schedule=logT"
1200,2201822,-0.751855,118.0475051,1,118.0475051,NVIDIA Tesla V100-SXM2-32G,Global Annealing,,"global_steps_per_temperature=5, MCS_per_global_steps=15, number_of_temperatures=20, schedule=logT"
1200,2201825,-0.759458,120.5275355,1,120.5275355,NVIDIA Tesla V100-SXM2-32G,Global Annealing,,"global_steps_per_temperature=5, MCS_per_global_steps=15, number_of_temperatures=20, schedule=logT"
1200,2201828,-0.765731,120.7121147,1,120.7121147,NVIDIA Tesla V100-SXM2-32G,Global Annealing,,"global_steps_per_temperature=5, MCS_per_global_steps=15, number_of_temperatures=20, schedule=logT"
1200,2201831,-0.759272,120.7702924,1,120.7702924,NVIDIA Tesla V100-SXM2-32G,Global Annealing,,"global_steps_per_temperature=5, MCS_per_global_steps=15, number_of_temperatures=20, schedule=logT"
1200,2201834,-0.754823,120.94203,1,120.94203,NVIDIA Tesla V100-SXM2-32G,Global Annealing,,"global_steps_per_temperature=5, MCS_per_global_steps=15, number_of_temperatures=20, schedule=logT"
1200,2201837,-0.755105,120.7328362,1,120.7328362,NVIDIA Tesla V100-SXM2-32G,Global Annealing,,"global_steps_per_temperature=5, MCS_per_global_steps=15, number_of_temperatures=20, schedule=logT"
1200,2201840,-0.753007,120.7486769,1,120.7486769,NVIDIA Tesla V100-SXM2-32G,Global Annealing,,"global_steps_per_temperature=5, MCS_per_global_steps=15, number_of_temperatures=20, schedule=logT"
1200,2201843,-0.758578,123.7455765,1,123.7455765,NVIDIA Tesla V100-SXM2-32G,Global Annealing,,"global_steps_per_temperature=5, MCS_per_global_steps=15, number_of_temperatures=20, schedule=logT"
1200,2201846,-0.758017,123.4634528,1,123.4634528,NVIDIA Tesla V100-SXM2-32G,Global Annealing,,"global_steps_per_temperature=5, MCS_per_global_steps=15, number_of_temperatures=20, schedule=logT"
1200,2201849,-0.759300,123.6320097,1,123.6320097,NVIDIA Tesla V100-SXM2-32G,Global Annealing,,"global_steps_per_temperature=5, MCS_per_global_steps=15, number_of_temperatures=20, schedule=logT"
1200,2201852,-0.758107,123.792359,1,123.792359,NVIDIA Tesla V100-SXM2-32G,Global Annealing,,"global_steps_per_temperature=5, MCS_per_global_steps=15, number_of_temperatures=20, schedule=logT"
1200,2201855,-0.756331,123.5905522,1,123.5905522,NVIDIA Tesla V100-SXM2-32G,Global Annealing,,"global_steps_per_temperature=5, MCS_per_global_steps=15, number_of_temperatures=20, schedule=logT"
1200,2201858,-0.755295,123.5525068,1,123.5525068,NVIDIA Tesla V100-SXM2-32G,Global Annealing,,"global_steps_per_temperature=5, MCS_per_global_steps=15, number_of_temperatures=20, schedule=logT"
1200,2201861,-0.760857,119.333738,1,119.333738,NVIDIA Tesla V100-SXM2-32G,Global Annealing,,"global_steps_per_temperature=5, MCS_per_global_steps=15, number_of_temperatures=20, schedule=logT"
1200,2201864,-0.758438,120.2253753,1,120.2253753,NVIDIA Tesla V100-SXM2-32G,Global Annealing,,"global_steps_per_temperature=5, MCS_per_global_steps=15, number_of_temperatures=20, schedule=logT"
1200,2201867,-0.756689,119.5957231,1,119.5957231,NVIDIA Tesla V100-SXM2-32G,Global Annealing,,"global_steps_per_temperature=5, MCS_per_global_steps=15, number_of_temperatures=20, schedule=logT"
1200,2201870,-0.760867,119.5100634,1,119.5100634,NVIDIA Tesla V100-SXM2-32G,Global Annealing,,"global_steps_per_temperature=5, MCS_per_global_steps=15, number_of_temperatures=20, schedule=logT"
1200,2201873,-0.759044,119.6800951,1,119.6800951,NVIDIA Tesla V100-SXM2-32G,Global Annealing,,"global_steps_per_temperature=5, MCS_per_global_steps=15, number_of_temperatures=20, schedule=logT"
1200,2201876,-0.760913,119.8154329,1,119.8154329,NVIDIA Tesla V100-SXM2-32G,Global Annealing,,"global_steps_per_temperature=5, MCS_per_global_steps=15, number_of_temperatures=20, schedule=logT"
1200,2201879,-0.763294,119.5032091,1,119.5032091,NVIDIA Tesla V100-SXM2-32G,Global Annealing,,"global_steps_per_temperature=5, MCS_per_global_steps=15, number_of_temperatures=20, schedule=logT"
1200,2201882,-0.762330,118.6872046,1,118.6872046,NVIDIA Tesla V100-SXM2-32G,Global Annealing,,"global_steps_per_temperature=5, MCS_per_global_steps=15, number_of_temperatures=20, schedule=logT"
1200,2201885,-0.757879,119.2694036,1,119.2694036,NVIDIA Tesla V100-SXM2-32G,Global Annealing,,"global_steps_per_temperature=5, MCS_per_global_steps=15, number_of_temperatures=20, schedule=logT"
1200,2201888,-0.752755,119.5356911,1,119.5356911,NVIDIA Tesla V100-SXM2-32G,Global Annealing,,"global_steps_per_temperature=5, MCS_per_global_steps=15, number_of_temperatures=20, schedule=logT"
1200,2201891,-0.759694,119.1988587,1,119.1988587,NVIDIA Tesla V100-SXM2-32G,Global Annealing,,"global_steps_per_temperature=5, MCS_per_global_steps=15, number_of_temperatures=20, schedule=logT"
1200,2201894,-0.756909,119.1878135,1,119.1878135,NVIDIA Tesla V100-SXM2-32G,Global Annealing,,"global_steps_per_temperature=5, MCS_per_global_steps=15, number_of_temperatures=20, schedule=logT"
1200,2201897,-0.756252,119.2294993,1,119.2294993,NVIDIA Tesla V100-SXM2-32G,Global Annealing,,"global_steps_per_temperature=5, MCS_per_global_steps=15, number_of_temperatures=20, schedule=logT"
1200,2201900,-0.757244,123.5501638,1,123.5501638,NVIDIA Tesla V100-SXM2-32G,Global Annealing,,"global_steps_per_temperature=5, MCS_per_global_steps=15, number_of_temperatures=20, schedule=logT"
1200,2201903,-0.753584,123.4208675,1,123.4208675,NVIDIA Tesla V100-SXM2-32G,Global Annealing,,"global_steps_per_temperature=5, MCS_per_global_steps=15, number_of_temperatures=20, schedule=logT"
1200,2201906,-0.754501,123.6504653,1,123.6504653,NVIDIA Tesla V100-SXM2-32G,Global Annealing,,"global_steps_per_temperature=5, MCS_per_global_steps=15, number_of_temperatures=20, schedule=logT"
1200,2201909,-0.760460,123.3149631,1,123.3149631,NVIDIA Tesla V100-SXM2-32G,Global Annealing,,"global_steps_per_temperature=5, MCS_per_global_steps=15, number_of_temperatures=20, schedule=logT"
1200,2201912,-0.757789,123.3323439,1,123.3323439,NVIDIA Tesla V100-SXM2-32G,Global Annealing,,"global_steps_per_temperature=5, MCS_per_global_steps=15, number_of_temperatures=20, schedule=logT"
1200,2201915,-0.755997,123.3352011,1,123.3352011,NVIDIA Tesla V100-SXM2-32G,Global Annealing,,"global_steps_per_temperature=5, MCS_per_global_steps=15, number_of_temperatures=20, schedule=logT"
1200,2201918,-0.756981,117.8003502,1,117.8003502,NVIDIA Tesla V100-SXM2-32G,Global Annealing,,"global_steps_per_temperature=5, MCS_per_global_steps=15, number_of_temperatures=20, schedule=logT"
1200,2201921,-0.759930,117.9202134,1,117.9202134,NVIDIA Tesla V100-SXM2-32G,Global Annealing,,"global_steps_per_temperature=5, MCS_per_global_steps=15, number_of_temperatures=20, schedule=logT"
1200,2201924,-0.757986,117.7793334,1,117.7793334,NVIDIA Tesla V100-SXM2-32G,Global Annealing,,"global_steps_per_temperature=5, MCS_per_global_steps=15, number_of_temperatures=20, schedule=logT"
1200,2201927,-0.755699,117.8403724,1,117.8403724,NVIDIA Tesla V100-SXM2-32G,Global Annealing,,"global_steps_per_temperature=5, MCS_per_global_steps=15, number_of_temperatures=20, schedule=logT"
1200,2201930,-0.756387,117.869295,1,117.869295,NVIDIA Tesla V100-SXM2-32G,Global Annealing,,"global_steps_per_temperature=5, MCS_per_global_steps=15, number_of_temperatures=20, schedule=logT"
1200,2201933,-0.755912,117.7631532,1,117.7631532,NVIDIA Tesla V100-SXM2-32G,Global Annealing,,"global_steps_per_temperature=5, MCS_per_global_steps=15, number_of_temperatures=20, schedule=logT"
1200,2201936,-0.764522,126.9725045,1,126.9725045,NVIDIA Tesla V100-SXM2-32G,Global Annealing,,"global_steps_per_temperature=5, MCS_per_global_steps=15, number_of_temperatures=20, schedule=logT"
1200,2201939,-0.760654,128.2340836,1,128.2340836,NVIDIA Tesla V100-SXM2-32G,Global Annealing,,"global_steps_per_temperature=5, MCS_per_global_steps=15, number_of_temperatures=20, schedule=logT"
1200,2201942,-0.757377,130.7648277,1,130.7648277,NVIDIA Tesla V100-SXM2-32G,Global Annealing,,"global_steps_per_temperature=5, MCS_per_global_steps=15, number_of_temperatures=20, schedule=logT"
1200,2201945,-0.756197,137.5053895,1,137.5053895,NVIDIA Tesla V100-SXM2-32G,Global Annealing,,"global_steps_per_temperature=5, MCS_per_global_steps=15, number_of_temperatures=20, schedule=logT"
1200,2201948,-0.760882,130.0478556,1,130.0478556,NVIDIA Tesla V100-SXM2-32G,Global Annealing,,"global_steps_per_temperature=5, MCS_per_global_steps=15, number_of_temperatures=20, schedule=logT"
1200,2201951,-0.759073,121.1138076,1,121.1138076,NVIDIA Tesla V100-SXM2-32G,Global Annealing,,"global_steps_per_temperature=5, MCS_per_global_steps=15, number_of_temperatures=20, schedule=logT"
1200,2201954,-0.755188,120.9391057,1,120.9391057,NVIDIA Tesla V100-SXM2-32G,Global Annealing,,"global_steps_per_temperature=5, MCS_per_global_steps=15, number_of_temperatures=20, schedule=logT"
1200,2201957,-0.762298,123.2538771,1,123.2538771,NVIDIA Tesla V100-SXM2-32G,Global Annealing,,"global_steps_per_temperature=5, MCS_per_global_steps=15, number_of_temperatures=20, schedule=logT"
1200,2201960,-0.752657,127.5901955,1,127.5901955,NVIDIA Tesla V100-SXM2-32G,Global Annealing,,"global_steps_per_temperature=5, MCS_per_global_steps=15, number_of_temperatures=20, schedule=logT"
1200,2201963,-0.758721,128.7975988,1,128.7975988,NVIDIA Tesla V100-SXM2-32G,Global Annealing,,"global_steps_per_temperature=5, MCS_per_global_steps=15, number_of_temperatures=20, schedule=logT"
1200,2201966,-0.757332,131.4869203,1,131.4869203,NVIDIA Tesla V100-SXM2-32G,Global Annealing,,"global_steps_per_temperature=5, MCS_per_global_steps=15, number_of_temperatures=20, schedule=logT"
1200,2201969,-0.758685,141.1385992,1,141.1385992,NVIDIA Tesla V100-SXM2-32G,Global Annealing,,"global_steps_per_temperature=5, MCS_per_global_steps=15, number_of_temperatures=20, schedule=logT"
1200,2201972,-0.757724,126.2973428,1,126.2973428,NVIDIA Tesla V100-SXM2-32G,Global Annealing,,"global_steps_per_temperature=5, MCS_per_global_steps=15, number_of_temperatures=20, schedule=logT"
1200,2201975,-0.760641,119.8427351,1,119.8427351,NVIDIA Tesla V100-SXM2-32G,Global Annealing,,"global_steps_per_temperature=5, MCS_per_global_steps=15, number_of_temperatures=20, schedule=logT"
1200,2201978,-0.759323,120.9611083,1,120.9611083,NVIDIA Tesla V100-SXM2-32G,Global Annealing,,"global_steps_per_temperature=5, MCS_per_global_steps=15, number_of_temperatures=20, schedule=logT"
1200,2201981,-0.755966,121.5275309,1,121.5275309,NVIDIA Tesla V100-SXM2-32G,Global Annealing,,"global_steps_per_temperature=5, MCS_per_global_steps=15, number_of_temperatures=20, schedule=logT"
1200,2201984,-0.755586,121.7769244,1,121.7769244,NVIDIA Tesla V100-SXM2-32G,Global Annealing,,"global_steps_per_temperature=5, MCS_per_global_steps=15, number_of_temperatures=20, schedule=logT"
1200,2201987,-0.762298,123.7771997,1,123.7771997,NVIDIA Tesla V100-SXM2-32G,Global Annealing,,"global_steps_per_temperature=5, MCS_per_global_steps=15, number_of_temperatures=20, schedule=logT"
1200,2201990,-0.759473,118.5541062,1,118.5541062,NVIDIA Tesla V100-SXM2-32G,Global Annealing,,"global_steps_per_temperature=5, MCS_per_global_steps=15, number_of_temperatures=20, schedule=logT"
1200,2201993,-0.756039,118.9997077,1,118.9997077,NVIDIA Tesla V100-SXM2-32G,Global Annealing,,"global_steps_per_temperature=5, MCS_per_global_steps=15, number_of_temperatures=20, schedule=logT"
1200,2201996,-0.752251,118.8061088,1,118.8061088,NVIDIA Tesla V100-SXM2-32G,Global Annealing,,"global_steps_per_temperature=5, MCS_per_global_steps=15, number_of_temperatures=20, schedule=logT"
1200,2201999,-0.760524,118.9691601,1,118.9691601,NVIDIA Tesla V100-SXM2-32G,Global Annealing,,"global_steps_per_temperature=5, MCS_per_global_steps=15, number_of_temperatures=20, schedule=logT"
1200,2202002,-0.756479,118.9144378,1,118.9144378,NVIDIA Tesla V100-SXM2-32G,Global Annealing,,"global_steps_per_temperature=5, MCS_per_global_steps=15, number_of_temperatures=20, schedule=logT"
1200,2202005,-0.757189,118.9522075,1,118.9522075,NVIDIA Tesla V100-SXM2-32G,Global Annealing,,"global_steps_per_temperature=5, MCS_per_global_steps=15, number_of_temperatures=20, schedule=logT"
1200,2202008,-0.756065,118.9498424,1,118.9498424,NVIDIA Tesla V100-SXM2-32G,Global Annealing,,"global_steps_per_temperature=5, MCS_per_global_steps=15, number_of_temperatures=20, schedule=logT"
1200,2202011,-0.764318,119.62075,1,119.62075,NVIDIA Tesla V100-SXM2-32G,Global Annealing,,"global_steps_per_temperature=5, MCS_per_global_steps=15, number_of_temperatures=20, schedule=logT"
1200,2202014,-0.752491,119.787341,1,119.787341,NVIDIA Tesla V100-SXM2-32G,Global Annealing,,"global_steps_per_temperature=5, MCS_per_global_steps=15, number_of_temperatures=20, schedule=logT"
1200,2202017,-0.758040,119.7054516,1,119.7054516,NVIDIA Tesla V100-SXM2-32G,Global Annealing,,"global_steps_per_temperature=5, MCS_per_global_steps=15, number_of_temperatures=20, schedule=logT"
1200,2202020,-0.758586,119.384192,1,119.384192,NVIDIA Tesla V100-SXM2-32G,Global Annealing,,"global_steps_per_temperature=5, MCS_per_global_steps=15, number_of_temperatures=20, schedule=logT"
1200,2202023,-0.755160,119.4244123,1,119.4244123,NVIDIA Tesla V100-SXM2-32G,Global Annealing,,"global_steps_per_temperature=5, MCS_per_global_steps=15, number_of_temperatures=20, schedule=logT"
1200,2202026,-0.765198,119.1233267,1,119.1233267,NVIDIA Tesla V100-SXM2-32G,Global Annealing,,"global_steps_per_temperature=5, MCS_per_global_steps=15, number_of_temperatures=20, schedule=logT"
1200,2202029,-0.761133,119.5547557,1,119.5547557,NVIDIA Tesla V100-SXM2-32G,Global Annealing,,"global_steps_per_temperature=5, MCS_per_global_steps=15, number_of_temperatures=20, schedule=logT"
1400,2401732,-0.757793,155.4130298,1,155.4130298,NVIDIA Tesla V100-SXM2-32G,Global Annealing,,"global_steps_per_temperature=5, MCS_per_global_steps=15, number_of_temperatures=20, schedule=logT"
1400,2401735,-0.757206,155.4590483,1,155.4590483,NVIDIA Tesla V100-SXM2-32G,Global Annealing,,"global_steps_per_temperature=5, MCS_per_global_steps=15, number_of_temperatures=20, schedule=logT"
1400,2401738,-0.756359,155.5323574,1,155.5323574,NVIDIA Tesla V100-SXM2-32G,Global Annealing,,"global_steps_per_temperature=5, MCS_per_global_steps=15, number_of_temperatures=20, schedule=logT"
1400,2401741,-0.760250,155.6334927,1,155.6334927,NVIDIA Tesla V100-SXM2-32G,Global Annealing,,"global_steps_per_temperature=5, MCS_per_global_steps=15, number_of_temperatures=20, schedule=logT"
1400,2401744,-0.758029,155.8214618,1,155.8214618,NVIDIA Tesla V100-SXM2-32G,Global Annealing,,"global_steps_per_temperature=5, MCS_per_global_steps=15, number_of_temperatures=20, schedule=logT"
1400,2401747,-0.756337,155.2728651,1,155.2728651,NVIDIA Tesla V100-SXM2-32G,Global Annealing,,"global_steps_per_temperature=5, MCS_per_global_steps=15, number_of_temperatures=20, schedule=logT"
1400,2401750,-0.758599,155.9225061,1,155.9225061,NVIDIA Tesla V100-SXM2-32G,Global Annealing,,"global_steps_per_temperature=5, MCS_per_global_steps=15, number_of_temperatures=20, schedule=logT"
1400,2401753,-0.755913,156.0704702,1,156.0704702,NVIDIA Tesla V100-SXM2-32G,Global Annealing,,"global_steps_per_temperature=5, MCS_per_global_steps=15, number_of_temperatures=20, schedule=logT"
1400,2401756,-0.753801,156.0366162,1,156.0366162,NVIDIA Tesla V100-SXM2-32G,Global Annealing,,"global_steps_per_temperature=5, MCS_per_global_steps=15, number_of_temperatures=20, schedule=logT"
1400,2401759,-0.760246,155.7384863,1,155.7384863,NVIDIA Tesla V100-SXM2-32G,Global Annealing,,"global_steps_per_temperature=5, MCS_per_global_steps=15, number_of_temperatures=20, schedule=logT"
1400,2401762,-0.756894,155.834559,1,155.834559,NVIDIA Tesla V100-SXM2-32G,Global Annealing,,"global_steps_per_temperature=5, MCS_per_global_steps=15, number_of_temperatures=20, schedule=logT"
1400,2401765,-0.758754,156.0849189,1,156.0849189,NVIDIA Tesla V100-SXM2-32G,Global Annealing,,"global_steps_per_temperature=5, MCS_per_global_steps=15, number_of_temperatures=20, schedule=logT"
1400,2401768,-0.754587,159.1750491,1,159.1750491,NVIDIA Tesla V100-SXM2-32G,Global Annealing,,"global_steps_per_temperature=5, MCS_per_global_steps=15, number_of_temperatures=20, schedule=logT"
1400,2401771,-0.757274,159.2379262,1,159.2379262,NVIDIA Tesla V100-SXM2-32G,Global Annealing,,"global_steps_per_temperature=5, MCS_per_global_steps=15, number_of_temperatures=20, schedule=logT"
1400,2401774,-0.752419,159.1602631,1,159.1602631,NVIDIA Tesla V100-SXM2-32G,Global Annealing,,"global_steps_per_temperature=5, MCS_per_global_steps=15, number_of_temperatures=20, schedule=logT"
1400,2401777,-0.756428,159.0521158,1,159.0521158,NVIDIA Tesla V100-SXM2-32G,Global Annealing,,"global_steps_per_temperature=5, MCS_per_global_steps=15, number_of_temperatures=20, schedule=logT"
1400,2401780,-0.754277,159.2756545,1,159.2756545,NVIDIA Tesla V100-SXM2-32G,Global Annealing,,"global_steps_per_temperature=5, MCS_per_global_steps=15, number_of_temperatures=20, schedule=logT"
1400,2401783,-0.756430,159.3066735,1,159.3066735,NVIDIA Tesla V100-SXM2-32G,Global Annealing,,"global_steps_per_temperature=5, MCS_per_global_steps=15, number_of_temperatures=20, schedule=logT"
1400,2401786,-0.760214,156.4556061,1,156.4556061,NVIDIA Tesla V100-SXM2-32G,Global Annealing,,"global_steps_per_temperature=5, MCS_per_global_steps=15, number_of_temperatures=20, schedule=logT"
1400,2401789,-0.755143,156.3953876,1,156.3953876,NVIDIA Tesla V100-SXM2-32G,Global Annealing,,"global_steps_per_temperature=5, MCS_per_global_steps=15, number_of_temperatures=20, schedule=logT"
1400,2401792,-0.754885,156.3848536,1,156.3848536,NVIDIA Tesla V100-SXM2-32G,Global Annealing,,"global_steps_per_temperature=5, MCS_per_global_steps=15, number_of_temperatures=20, schedule=logT"
1400,2401795,-0.758497,156.3507577,1,156.3507577,NVIDIA Tesla V100-SXM2-32G,Global Annealing,,"global_steps_per_temperature=5, MCS_per_global_steps=15, number_of_temperatures=20, schedule=logT"
1400,2401798,-0.757849,156.3874718,1,156.3874718,NVIDIA Tesla V100-SXM2-32G,Global Annealing,,"global_steps_per_temperature=5, MCS_per_global_steps=15, number_of_temperatures=20, schedule=logT"
1400,2401801,-0.757549,156.5251176,1,156.5251176,NVIDIA Tesla V100-SXM2-32G,Global Annealing,,"global_steps_per_temperature=5, MCS_per_global_steps=15, number_of_temperatures=20, schedule=logT"
1400,2401804,-0.756127,156.5618893,1,156.5618893,NVIDIA Tesla V100-SXM2-32G,Global Annealing,,"global_steps_per_temperature=5, MCS_per_global_steps=15, number_of_temperatures=20, schedule=logT"
1400,2401807,-0.755573,155.0653467,1,155.0653467,NVIDIA Tesla V100-SXM2-32G,Global Annealing,,"global_steps_per_temperature=5, MCS_per_global_steps=15, number_of_temperatures=20, schedule=logT"
1400,2401810,-0.758245,155.1027954,1,155.1027954,NVIDIA Tesla V100-SXM2-32G,Global Annealing,,"global_steps_per_temperature=5, MCS_per_global_steps=15, number_of_temperatures=20, schedule=logT"
1400,2401813,-0.759700,155.0670613,1,155.0670613,NVIDIA Tesla V100-SXM2-32G,Global Annealing,,"global_steps_per_temperature=5, MCS_per_global_steps=15, number_of_temperatures=20, schedule=logT"
1400,2401816,-0.757761,155.0257593,1,155.0257593,NVIDIA Tesla V100-SXM2-32G,Global Annealing,,"global_steps_per_temperature=5, MCS_per_global_steps=15, number_of_temperatures=20, schedule=logT"
1400,2401819,-0.755411,155.237106,1,155.237106,NVIDIA Tesla V100-SXM2-32G,Global Annealing,,"global_steps_per_temperature=5, MCS_per_global_steps=15, number_of_temperatures=20, schedule=logT"
1400,2401822,-0.755566,154.9786536,1,154.9786536,NVIDIA Tesla V100-SXM2-32G,Global Annealing,,"global_steps_per_temperature=5, MCS_per_global_steps=15, number_of_temperatures=20, schedule=logT"
1400,2401825,-0.760101,157.3986195,1,157.3986195,NVIDIA Tesla V100-SXM2-32G,Global Annealing,,"global_steps_per_temperature=5, MCS_per_global_steps=15, number_of_temperatures=20, schedule=logT"
1400,2401828,-0.758932,158.0100688,1,158.0100688,NVIDIA Tesla V100-SXM2-32G,Global Annealing,,"global_steps_per_temperature=5, MCS_per_global_steps=15, number_of_temperatures=20, schedule=logT"
1400,2401831,-0.756603,157.525458,1,157.525458,NVIDIA Tesla V100-SXM2-32G,Global Annealing,,"global_steps_per_temperature=5, MCS_per_global_steps=15, number_of_temperatures=20, schedule=logT"
1400,2401834,-0.760858,157.2920813,1,157.2920813,NVIDIA Tesla V100-SXM2-32G,Global Annealing,,"global_steps_per_temperature=5, MCS_per_global_steps=15, number_of_temperatures=20, schedule=logT"
1400,2401837,-0.761188,157.2921281,1,157.2921281,NVIDIA Tesla V100-SXM2-32G,Global Annealing,,"global_steps_per_temperature=5, MCS_per_global_steps=15, number_of_temperatures=20, schedule=logT"
1400,2401840,-0.753945,158.3182425,1,158.3182425,NVIDIA Tesla V100-SXM2-32G,Global Annealing,,"global_steps_per_temperature=5, MCS_per_global_steps=15, number_of_temperatures=20, schedule=logT"
1400,2401843,-0.758055,161.0765529,1,161.0765529,NVIDIA Tesla V100-SXM2-32G,Global Annealing,,"global_steps_per_temperature=5, MCS_per_global_steps=15, number_of_temperatures=20, schedule=logT"
1400,2401846,-0.759276,160.8473351,1,160.8473351,NVIDIA Tesla V100-SXM2-32G,Global Annealing,,"global_steps_per_temperature=5, MCS_per_global_steps=15, number_of_temperatures=20, schedule=logT"
1400,2401849,-0.764366,160.6828015,1,160.6828015,NVIDIA Tesla V100-SXM2-32G,Global Annealing,,"global_steps_per_temperature=5, MCS_per_global_steps=15, number_of_temperatures=20, schedule=logT"
1400,2401852,-0.760991,159.8745393,1,159.8745393,NVIDIA Tesla V100-SXM2-32G,Global Annealing,,"global_steps_per_temperature=5, MCS_per_global_steps=15, number_of_temperatures=20, schedule=logT"
1400,2401855,-0.757788,160.9773483,1,160.9773483,NVIDIA Tesla V100-SXM2-32G,Global Annealing,,"global_steps_per_temperature=5, MCS_per_global_steps=15, number_of_temperatures=20, schedule=logT"
1400,2401858,-0.755892,161.4256499,1,161.4256499,NVIDIA Tesla V100-SXM2-32G,Global Annealing,,"global_steps_per_temperature=5, MCS_per_global_steps=15, number_of_temperatures=20, schedule=logT"
1400,2401861,-0.756693,157.3663157,1,157.3663157,NVIDIA Tesla V100-SXM2-32G,Global Annealing,,"global_steps_per_temperature=5, MCS_per_global_steps=15, number_of_temperatures=20, schedule=logT"
1400,2401864,-0.758043,157.2589186,1,157.2589186,NVIDIA Tesla V100-SXM2-32G,Global Annealing,,"global_steps_per_temperature=5, MCS_per_global_steps=15, number_of_temperatures=20, schedule=logT"
1400,2401867,-0.759214,156.6906096,1,156.6906096,NVIDIA Tesla V100-SXM2-32G,Global Annealing,,"global_steps_per_temperature=5, MCS_per_global_steps=15, number_of_temperatures=20, schedule=logT"
1400,2401870,-0.756919,157.3700246,1,157.3700246,NVIDIA Tesla V100-SXM2-32G,Global Annealing,,"global_steps_per_temperature=5, MCS_per_global_steps=15, number_of_temperatures=20, schedule=logT"
1400,2401873,-0.759715,157.0966586,1,157.0966586,NVIDIA Tesla V100-SXM2-32G,Global Annealing,,"global_steps_per_temperature=5, MCS_per_global_steps=15, number_of_temperatures=20, schedule=logT"
1400,2401876,-0.753381,156.4560173,1,156.4560173,NVIDIA Tesla V100-SXM2-32G,Global Annealing,,"global_steps_per_temperature=5, MCS_per_global_steps=15, number_of_temperatures=20, schedule=logT"
1400,2401879,-0.758711,157.464638,1,157.464638,NVIDIA Tesla V100-SXM2-32G,Global Annealing,,"global_steps_per_temperature=5, MCS_per_global_steps=15, number_of_temperatures=20, schedule=logT"
1400,2401882,-0.758462,156.8468093,1,156.8468093,NVIDIA Tesla V100-SXM2-32G,Global Annealing,,"global_steps_per_temperature=5, MCS_per_global_steps=15, number_of_temperatures=20, schedule=logT"
1400,2401885,-0.757206,156.7093274,1,156.7093274,NVIDIA Tesla V100-SXM2-32G,Global Annealing,,"global_steps_per_temperature=5, MCS_per_global_steps=15, number_of_temperatures=20, schedule=logT"
1400,2401888,-0.753948,156.7125731,1,156.7125731,NVIDIA Tesla V100-SXM2-32G,Global Annealing,,"global_steps_per_temperature=5, MCS_per_global_steps=15, number_of_temperatures=20, schedule=logT"
1400,2401891,-0.754151,156.1673197,1,156.1673197,NVIDIA Tesla V100-SXM2-32G,Global Annealing,,"global_steps_per_temperature=5, MCS_per_global_steps=15, number_of_temperatures=20, schedule=logT"
1400,2401894,-0.757586,157.1213935,1,157.1213935,NVIDIA Tesla V100-SXM2-32G,Global Annealing,,"global_steps_per_temperature=5, MCS_per_global_steps=15, number_of_temperatures=20, schedule=logT"
1400,2401897,-0.758157,156.7336854,1,156.7336854,NVIDIA Tesla V100-SXM2-32G,Global Annealing,,"global_steps_per_temperature=5, MCS_per_global_steps=15, number_of_temperatures=20, schedule=logT"
1400,2401900,-0.756141,160.8782773,1,160.8782773,NVIDIA Tesla V100-SXM2-32G,Global Annealing,,"global_steps_per_temperature=5, MCS_per_global_steps=15, number_of_temperatures=20, schedule=logT"
1400,2401903,-0.759287,160.9284512,1,160.9284512,NVIDIA Tesla V100-SXM2-32G,Global Annealing,,"global_steps_per_temperature=5, MCS_per_global_steps=15, number_of_temperatures=20, schedule=logT"
1400,2401906,-0.758216,160.8091122,1,160.8091122,NVIDIA Tesla V100-SXM2-32G,Global Annealing,,"global_steps_per_temperature=5, MCS_per_global_steps=15, number_of_temperatures=20, schedule=logT"
1400,2401909,-0.760515,160.6929826,1,160.6929826,NVIDIA Tesla V100-SXM2-32G,Global Annealing,,"global_steps_per_temperature=5, MCS_per_global_steps=15, number_of_temperatures=20, schedule=logT"
1400,2401912,-0.755025,160.8895468,1,160.8895468,NVIDIA Tesla V100-SXM2-32G,Global Annealing,,"global_steps_per_temperature=5, MCS_per_global_steps=15, number_of_temperatures=20, schedule=logT"
1400,2401915,-0.755950,160.8182144,1,160.8182144,NVIDIA Tesla V100-SXM2-32G,Global Annealing,,"global_steps_per_temperature=5, MCS_per_global_steps=15, number_of_temperatures=20, schedule=logT"
1400,2401918,-0.759136,155.2421244,1,155.2421244,NVIDIA Tesla V100-SXM2-32G,Global Annealing,,"global_steps_per_temperature=5, MCS_per_global_steps=15, number_of_temperatures=20, schedule=logT"
1400,2401921,-0.759364,155.2482496,1,155.2482496,NVIDIA Tesla V100-SXM2-32G,Global Annealing,,"global_steps_per_temperature=5, MCS_per_global_steps=15, number_of_temperatures=20, schedule=logT"
1400,2401924,-0.757097,155.2087944,1,155.2087944,NVIDIA Tesla V100-SXM2-32G,Global Annealing,,"global_steps_per_temperature=5, MCS_per_global_steps=15, number_of_temperatures=20, schedule=logT"
1400,2401927,-0.761346,155.1688854,1,155.1688854,NVIDIA Tesla V100-SXM2-32G,Global Annealing,,"global_steps_per_temperature=5, MCS_per_global_steps=15, number_of_temperatures=20, schedule=logT"
1400,2401930,-0.755734,155.1687713,1,155.1687713,NVIDIA Tesla V100-SXM2-32G,Global Annealing,,"global_steps_per_temperature=5, MCS_per_global_steps=15, number_of_temperatures=20, schedule=logT"
1400,2401933,-0.756831,155.3195571,1,155.3195571,NVIDIA Tesla V100-SXM2-32G,Global Annealing,,"global_steps_per_temperature=5, MCS_per_global_steps=15, number_of_temperatures=20, schedule=logT"
1400,2401936,-0.755838,160.3943739,1,160.3943739,NVIDIA Tesla V100-SXM2-32G,Global Annealing,,"global_steps_per_temperature=5, MCS_per_global_steps=15, number_of_temperatures=20, schedule=logT"
1400,2401939,-0.755632,158.7632544,1,158.7632544,NVIDIA Tesla V100-SXM2-32G,Global Annealing,,"global_steps_per_temperature=5, MCS_per_global_steps=15, number_of_temperatures=20, schedule=logT"
1400,2401942,-0.755745,158.1283033,1,158.1283033,NVIDIA Tesla V100-SXM2-32G,Global Annealing,,"global_steps_per_temperature=5, MCS_per_global_steps=15, number_of_temperatures=20, schedule=logT"
1400,2401945,-0.759720,159.8645626,1,159.8645626,NVIDIA Tesla V100-SXM2-32G,Global Annealing,,"global_steps_per_temperature=5, MCS_per_global_steps=15, number_of_temperatures=20, schedule=logT"
1400,2401948,-0.757188,157.6323808,1,157.6323808,NVIDIA Tesla V100-SXM2-32G,Global Annealing,,"global_steps_per_temperature=5, MCS_per_global_steps=15, number_of_temperatures=20, schedule=logT"
1400,2401951,-0.754874,157.7377984,1,157.7377984,NVIDIA Tesla V100-SXM2-32G,Global Annealing,,"global_steps_per_temperature=5, MCS_per_global_steps=15, number_of_temperatures=20, schedule=logT"
1400,2401954,-0.761366,159.8887283,1,159.8887283,NVIDIA Tesla V100-SXM2-32G,Global Annealing,,"global_steps_per_temperature=5, MCS_per_global_steps=15, number_of_temperatures=20, schedule=logT"
1400,2401957,-0.756057,158.5397248,1,158.5397248,NVIDIA Tesla V100-SXM2-32G,Global Annealing,,"global_steps_per_temperature=5, MCS_per_global_steps=15, number_of_temperatures=20, schedule=logT"
1400,2401960,-0.753284,158.4373601,1,158.4373601,NVIDIA Tesla V100-SXM2-32G,Global Annealing,,"global_steps_per_temperature=5, MCS_per_global_steps=15, number_of_temperatures=20, schedule=logT"
1400,2401963,-0.761394,157.8327119,1,157.8327119,NVIDIA Tesla V100-SXM2-32G,Global Annealing,,"global_steps_per_temperature=5, MCS_per_global_steps=15, number_of_temperatures=20, schedule=logT"
1400,2401966,-0.760095,160.8714107,1,160.8714107,NVIDIA Tesla V100-SXM2-32G,Global Annealing,,"global_steps_per_temperature=5, MCS_per_global_steps=15, number_of_temperatures=20, schedule=logT"
1400,2401969,-0.761079,159.6983809,1,159.6983809,NVIDIA Tesla V100-SXM2-32G,Global Annealing,,"global_steps_per_temperature=5, MCS_per_global_steps=15, number_of_temperatures=20, schedule=logT"
1400,2401972,-0.755363,158.0320247,1,158.0320247,NVIDIA Tesla V100-SXM2-32G,Global Annealing,,"global_steps_per_temperature=5, MCS_per_global_steps=15, number_of_temperatures=20, schedule=logT"
1400,2401975,-0.755293,156.1307896,1,156.1307896,NVIDIA Tesla V100-SXM2-32G,Global Annealing,,"global_steps_per_temperature=5, MCS_per_global_steps=15, number_of_temperatures=20, schedule=logT"
1400,2401978,-0.760596,156.3071326,1,156.3071326,NVIDIA Tesla V100-SXM2-32G,Global Annealing,,"global_steps_per_temperature=5, MCS_per_global_steps=15, number_of_temperatures=20, schedule=logT"
1400,2401981,-0.757569,156.5036392,1,156.5036392,NVIDIA Tesla V100-SXM2-32G,Global Annealing,,"global_steps_per_temperature=5, MCS_per_global_steps=15, number_of_temperatures=20, schedule=logT"
1400,2401984,-0.757636,156.6498898,1,156.6498898,NVIDIA Tesla V100-SXM2-32G,Global Annealing,,"global_steps_per_temperature=5, MCS_per_global_steps=15, number_of_temperatures=20, schedule=logT"
1400,2401987,-0.758126,156.4484741,1,156.4484741,NVIDIA Tesla V100-SXM2-32G,Global Annealing,,"global_steps_per_temperature=5, MCS_per_global_steps=15, number_of_temperatures=20, schedule=logT"
1400,2401990,-0.760017,156.3494662,1,156.3494662,NVIDIA Tesla V100-SXM2-32G,Global Annealing,,"global_steps_per_temperature=5, MCS_per_global_steps=15, number_of_temperatures=20, schedule=logT"
1400,2401993,-0.756307,156.2216309,1,156.2216309,NVIDIA Tesla V100-SXM2-32G,Global Annealing,,"global_steps_per_temperature=5, MCS_per_global_steps=15, number_of_temperatures=20, schedule=logT"
1400,2401996,-0.758030,156.8145062,1,156.8145062,NVIDIA Tesla V100-SXM2-32G,Global Annealing,,"global_steps_per_temperature=5, MCS_per_global_steps=15, number_of_temperatures=20, schedule=logT"
1400,2401999,-0.765730,156.8943188,1,156.8943188,NVIDIA Tesla V100-SXM2-32G,Global Annealing,,"global_steps_per_temperature=5, MCS_per_global_steps=15, number_of_temperatures=20, schedule=logT"
1400,2402002,-0.754826,156.2493868,1,156.2493868,NVIDIA Tesla V100-SXM2-32G,Global Annealing,,"global_steps_per_temperature=5, MCS_per_global_steps=15, number_of_temperatures=20, schedule=logT"
1400,2402005,-0.756812,156.4073286,1,156.4073286,NVIDIA Tesla V100-SXM2-32G,Global Annealing,,"global_steps_per_temperature=5, MCS_per_global_steps=15, number_of_temperatures=20, schedule=logT"
1400,2402008,-0.757683,156.1241085,1,156.1241085,NVIDIA Tesla V100-SXM2-32G,Global Annealing,,"global_steps_per_temperature=5, MCS_per_global_steps=15, number_of_temperatures=20, schedule=logT"
1400,2402011,-0.757233,156.7651517,1,156.7651517,NVIDIA Tesla V100-SXM2-32G,Global Annealing,,"global_steps_per_temperature=5, MCS_per_global_steps=15, number_of_temperatures=20, schedule=logT"
1400,2402014,-0.756516,156.777073,1,156.777073,NVIDIA Tesla V100-SXM2-32G,Global Annealing,,"global_steps_per_temperature=5, MCS_per_global_steps=15, number_of_temperatures=20, schedule=logT"
1400,2402017,-0.760970,157.0795897,1,157.0795897,NVIDIA Tesla V100-SXM2-32G,Global Annealing,,"global_steps_per_temperature=5, MCS_per_global_steps=15, number_of_temperatures=20, schedule=logT"
1400,2402020,-0.756708,157.1610152,1,157.1610152,NVIDIA Tesla V100-SXM2-32G,Global Annealing,,"global_steps_per_temperature=5, MCS_per_global_steps=15, number_of_temperatures=20, schedule=logT"
1400,2402023,-0.755852,156.7385623,1,156.7385623,NVIDIA Tesla V100-SXM2-32G,Global Annealing,,"global_steps_per_temperature=5, MCS_per_global_steps=15, number_of_temperatures=20, schedule=logT"
1400,2402026,-0.756611,157.0856131,1,157.0856131,NVIDIA Tesla V100-SXM2-32G,Global Annealing,,"global_steps_per_temperature=5, MCS_per_global_steps=15, number_of_temperatures=20, schedule=logT"
1400,2402029,-0.758905,156.9480558,1,156.9480558,NVIDIA Tesla V100-SXM2-32G,Global Annealing,,"global_steps_per_temperature=5, MCS_per_global_steps=15, number_of_temperatures=20, schedule=logT"
1600,2601732,-0.756515,170.3378127,1,170.3378127,NVIDIA Tesla V100-SXM2-32G,Global Annealing,,"global_steps_per_temperature=5, MCS_per_global_steps=15, number_of_temperatures=20, schedule=logT"
1600,2601735,-0.756142,170.1187761,1,170.1187761,NVIDIA Tesla V100-SXM2-32G,Global Annealing,,"global_steps_per_temperature=5, MCS_per_global_steps=15, number_of_temperatures=20, schedule=logT"
1600,2601738,-0.757758,169.9774119,1,169.9774119,NVIDIA Tesla V100-SXM2-32G,Global Annealing,,"global_steps_per_temperature=5, MCS_per_global_steps=15, number_of_temperatures=20, schedule=logT"
1600,2601741,-0.758014,169.8376577,1,169.8376577,NVIDIA Tesla V100-SXM2-32G,Global Annealing,,"global_steps_per_temperature=5, MCS_per_global_steps=15, number_of_temperatures=20, schedule=logT"
1600,2601744,-0.753461,169.8093319,1,169.8093319,NVIDIA Tesla V100-SXM2-32G,Global Annealing,,"global_steps_per_temperature=5, MCS_per_global_steps=15, number_of_temperatures=20, schedule=logT"
1600,2601747,-0.760881,169.9187836,1,169.9187836,NVIDIA Tesla V100-SXM2-32G,Global Annealing,,"global_steps_per_temperature=5, MCS_per_global_steps=15, number_of_temperatures=20, schedule=logT"
1600,2601750,-0.759955,170.4776482,1,170.4776482,NVIDIA Tesla V100-SXM2-32G,Global Annealing,,"global_steps_per_temperature=5, MCS_per_global_steps=15, number_of_temperatures=20, schedule=logT"
1600,2601753,-0.758638,170.4946865,1,170.4946865,NVIDIA Tesla V100-SXM2-32G,Global Annealing,,"global_steps_per_temperature=5, MCS_per_global_steps=15, number_of_temperatures=20, schedule=logT"
1600,2601756,-0.756638,170.3589731,1,170.3589731,NVIDIA Tesla V100-SXM2-32G,Global Annealing,,"global_steps_per_temperature=5, MCS_per_global_steps=15, number_of_temperatures=20, schedule=logT"
1600,2601759,-0.756975,170.6240347,1,170.6240347,NVIDIA Tesla V100-SXM2-32G,Global Annealing,,"global_steps_per_temperature=5, MCS_per_global_steps=15, number_of_temperatures=20, schedule=logT"
1600,2601762,-0.755726,170.6298183,1,170.6298183,NVIDIA Tesla V100-SXM2-32G,Global Annealing,,"global_steps_per_temperature=5, MCS_per_global_steps=15, number_of_temperatures=20, schedule=logT"
1600,2601765,-0.759278,170.4661517,1,170.4661517,NVIDIA Tesla V100-SXM2-32G,Global Annealing,,"global_steps_per_temperature=5, MCS_per_global_steps=15, number_of_temperatures=20, schedule=logT"
1600,2601768,-0.756652,173.1787826,1,173.1787826,NVIDIA Tesla V100-SXM2-32G,Global Annealing,,"global_steps_per_temperature=5, MCS_per_global_steps=15, number_of_temperatures=20, schedule=logT"
1600,2601771,-0.757629,172.9153129,1,172.9153129,NVIDIA Tesla V100-SXM2-32G,Global Annealing,,"global_steps_per_temperature=5, MCS_per_global_steps=15, number_of_temperatures=20, schedule=logT"
1600,2601774,-0.754399,173.1065457,1,173.1065457,NVIDIA Tesla V100-SXM2-32G,Global Annealing,,"global_steps_per_temperature=5, MCS_per_global_steps=15, number_of_temperatures=20, schedule=logT"
1600,2601777,-0.759493,173.1389273,1,173.1389273,NVIDIA Tesla V100-SXM2-32G,Global Annealing,,"global_steps_per_temperature=5, MCS_per_global_steps=15, number_of_temperatures=20, schedule=logT"
1600,2601780,-0.760426,172.969893,1,172.969893,NVIDIA Tesla V100-SXM2-32G,Global Annealing,,"global_steps_per_temperature=5, MCS_per_global_steps=15, number_of_temperatures=20, schedule=logT"
1600,2601783,-0.757253,172.9508956,1,172.9508956,NVIDIA Tesla V100-SXM2-32G,Global Annealing,,"global_steps_per_temperature=5, MCS_per_global_steps=15, number_of_temperatures=20, schedule=logT"
1600,2601786,-0.756771,172.2100427,1,172.2100427,NVIDIA Tesla V100-SXM2-32G,Global Annealing,,"global_steps_per_temperature=5, MCS_per_global_steps=15, number_of_temperatures=20, schedule=logT"
1600,2601789,-0.757737,172.5382702,1,172.5382702,NVIDIA Tesla V100-SXM2-32G,Global Annealing,,"global_steps_per_temperature=5, MCS_per_global_steps=15, number_of_temperatures=20, schedule=logT"
1600,2601792,-0.757202,172.0546595,1,172.0546595,NVIDIA Tesla V100-SXM2-32G,Global Annealing,,"global_steps_per_temperature=5, MCS_per_global_steps=15, number_of_temperatures=20, schedule=logT"
1600,2601795,-0.759783,171.9817466,1,171.9817466,NVIDIA Tesla V100-SXM2-32G,Global Annealing,,"global_steps_per_temperature=5, MCS_per_global_steps=15, number_of_temperatures=20, schedule=logT"
1600,2601798,-0.758180,171.8429371,1,171.8429371,NVIDIA Tesla V100-SXM2-32G,Global Annealing,,"global_steps_per_temperature=5, MCS_per_global_steps=15, number_of_temperatures=20, schedule=logT"
1600,2601801,-0.759506,171.9258783,1,171.9258783,NVIDIA Tesla V100-SXM2-32G,Global Annealing,,"global_steps_per_temperature=5, MCS_per_global_steps=15, number_of_temperatures=20, schedule=logT"
1600,2601804,-0.755440,171.9599825,1,171.9599825,NVIDIA Tesla V100-SXM2-32G,Global Annealing,,"global_steps_per_temperature=5, MCS_per_global_steps=15, number_of_temperatures=20, schedule=logT"
1600,2601807,-0.759542,168.6851375,1,168.6851375,NVIDIA Tesla V100-SXM2-32G,Global Annealing,,"global_steps_per_temperature=5, MCS_per_global_steps=15, number_of_temperatures=20, schedule=logT"
1600,2601810,-0.759441,168.6848607,1,168.6848607,NVIDIA Tesla V100-SXM2-32G,Global Annealing,,"global_steps_per_temperature=5, MCS_per_global_steps=15, number_of_temperatures=20, schedule=logT"
1600,2601813,-0.759833,168.5557261,1,168.5557261,NVIDIA Tesla V100-SXM2-32G,Global Annealing,,"global_steps_per_temperature=5, MCS_per_global_steps=15, number_of_temperatures=20, schedule=logT"
1600,2601816,-0.756674,168.5607629,1,168.5607629,NVIDIA Tesla V100-SXM2-32G,Global Annealing,,"global_steps_per_temperature=5, MCS_per_global_steps=15, number_of_temperatures=20, schedule=logT"
1600,2601819,-0.758060,168.6900609,1,168.6900609,NVIDIA Tesla V100-SXM2-32G,Global Annealing,,"global_steps_per_temperature=5, MCS_per_global_steps=15, number_of_temperatures=20, schedule=logT"
1600,2601822,-0.758006,168.6613928,1,168.6613928,NVIDIA Tesla V100-SXM2-32G,Global Annealing,,"global_steps_per_temperature=5, MCS_per_global_steps=15, number_of_temperatures=20, schedule=logT"
1600,2601825,-0.757464,172.97226,1,172.97226,NVIDIA Tesla V100-SXM2-32G,Global Annealing,,"global_steps_per_temperature=5, MCS_per_global_steps=15, number_of_temperatures=20, schedule=logT"
1600,2601828,-0.760347,172.8672308,1,172.8672308,NVIDIA Tesla V100-SXM2-32G,Global Annealing,,"global_steps_per_temperature=5, MCS_per_global_steps=15, number_of_temperatures=20, schedule=logT"
1600,2601831,-0.760214,172.8910732,1,172.8910732,NVIDIA Tesla V100-SXM2-32G,Global Annealing,,"global_steps_per_temperature=5, MCS_per_global_steps=15, number_of_temperatures=20, schedule=logT"
1600,2601834,-0.757642,172.9828033,1,172.9828033,NVIDIA Tesla V100-SXM2-32G,Global Annealing,,"global_steps_per_temperature=5, MCS_per_global_steps=15, number_of_temperatures=20, schedule=logT"
1600,2601837,-0.757935,172.0296355,1,172.0296355,NVIDIA Tesla V100-SXM2-32G,Global Annealing,,"global_steps_per_temperature=5, MCS_per_global_steps=15, number_of_temperatures=20, schedule=logT"
1600,2601840,-0.760711,172.771984,1,172.771984,NVIDIA Tesla V100-SXM2-32G,Global Annealing,,"global_steps_per_temperature=5, MCS_per_global_steps=15, number_of_temperatures=20, schedule=logT"
1600,2601843,-0.757676,173.1882694,1,173.1882694,NVIDIA Tesla V100-SXM2-32G,Global Annealing,,"global_steps_per_temperature=5, MCS_per_global_steps=15, number_of_temperatures=20, schedule=logT"
1600,2601846,-0.759696,175.2268988,1,175.2268988,NVIDIA Tesla V100-SXM2-32G,Global Annealing,,"global_steps_per_temperature=5, MCS_per_global_steps=15, number_of_temperatures=20, schedule=logT"
1600,2601849,-0.753557,174.5797727,1,174.5797727,NVIDIA Tesla V100-SXM2-32G,Global Annealing,,"global_steps_per_temperature=5, MCS_per_global_steps=15, number_of_temperatures=20, schedule=logT"
1600,2601852,-0.755979,174.1388569,1,174.1388569,NVIDIA Tesla V100-SXM2-32G,Global Annealing,,"global_steps_per_temperature=5, MCS_per_global_steps=15, number_of_temperatures=20, schedule=logT"
1600,2601855,-0.757188,173.9976154,1,173.9976154,NVIDIA Tesla V100-SXM2-32G,Global Annealing,,"global_steps_per_temperature=5, MCS_per_global_steps=15, number_of_temperatures=20, schedule=logT"
1600,2601858,-0.761091,175.056656,1,175.056656,NVIDIA Tesla V100-SXM2-32G,Global Annealing,,"global_steps_per_temperature=5, MCS_per_global_steps=15, number_of_temperatures=20, schedule=logT"
1600,2601861,-0.756665,170.9781254,1,170.9781254,NVIDIA Tesla V100-SXM2-32G,Global Annealing,,"global_steps_per_temperature=5, MCS_per_global_steps=15, number_of_temperatures=20, schedule=logT"
1600,2601864,-0.756061,171.2813938,1,171.2813938,NVIDIA Tesla V100-SXM2-32G,Global Annealing,,"global_steps_per_temperature=5, MCS_per_global_steps=15, number_of_temperatures=20, schedule=logT"
1600,2601867,-0.758463,170.0617804,1,170.0617804,NVIDIA Tesla V100-SXM2-32G,Global Annealing,,"global_steps_per_temperature=5, MCS_per_global_steps=15, number_of_temperatures=20, schedule=logT"
1600,2601870,-0.756571,170.4685922,1,170.4685922,NVIDIA Tesla V100-SXM2-32G,Global Annealing,,"global_steps_per_temperature=5, MCS_per_global_steps=15, number_of_temperatures=20, schedule=logT"
1600,2601873,-0.757850,170.6636335,1,170.6636335,NVIDIA Tesla V100-SXM2-32G,Global Annealing,,"global_steps_per_temperature=5, MCS_per_global_steps=15, number_of_temperatures=20, schedule=logT"
1600,2601876,-0.764333,171.505899,1,171.505899,NVIDIA Tesla V100-SXM2-32G,Global Annealing,,"global_steps_per_temperature=5, MCS_per_global_steps=15, number_of_temperatures=20, schedule=logT"
1600,2601879,-0.758587,169.9962977,1,169.9962977,NVIDIA Tesla V100-SXM2-32G,Global Annealing,,"global_steps_per_temperature=5, MCS_per_global_steps=15, number_of_temperatures=20, schedule=logT"
1600,2601882,-0.753034,169.8909764,1,169.8909764,NVIDIA Tesla V100-SXM2-32G,Global Annealing,,"global_steps_per_temperature=5, MCS_per_global_steps=15, number_of_temperatures=20, schedule=logT"
1600,2601885,-0.755408,169.7761471,1,169.7761471,NVIDIA Tesla V100-SXM2-32G,Global Annealing,,"global_steps_per_temperature=5, MCS_per_global_steps=15, number_of_temperatures=20, schedule=logT"
1600,2601888,-0.759327,170.4741508,1,170.4741508,NVIDIA Tesla V100-SXM2-32G,Global Annealing,,"global_steps_per_temperature=5, MCS_per_global_steps=15, number_of_temperatures=20, schedule=logT"
1600,2601891,-0.758951,170.4246968,1,170.4246968,NVIDIA Tesla V100-SXM2-32G,Global Annealing,,"global_steps_per_temperature=5, MCS_per_global_steps=15, number_of_temperatures=20, schedule=logT"
1600,2601894,-0.760301,169.0115569,1,169.0115569,NVIDIA Tesla V100-SXM2-32G,Global Annealing,,"global_steps_per_temperature=5, MCS_per_global_steps=15, number_of_temperatures=20, schedule=logT"
1600,2601897,-0.759873,170.0546921,1,170.0546921,NVIDIA Tesla V100-SXM2-32G,Global Annealing,,"global_steps_per_temperature=5, MCS_per_global_steps=15, number_of_temperatures=20, schedule=logT"
1600,2601900,-0.758169,176.8602653,1,176.8602653,NVIDIA Tesla V100-SXM2-32G,Global Annealing,,"global_steps_per_temperature=5, MCS_per_global_steps=15, number_of_temperatures=20, schedule=logT"
1600,2601903,-0.759181,176.8796057,1,176.8796057,NVIDIA Tesla V100-SXM2-32G,Global Annealing,,"global_steps_per_temperature=5, MCS_per_global_steps=15, number_of_temperatures=20, schedule=logT"
1600,2601906,-0.757785,176.7632444,1,176.7632444,NVIDIA Tesla V100-SXM2-32G,Global Annealing,,"global_steps_per_temperature=5, MCS_per_global_steps=15, number_of_temperatures=20, schedule=logT"
1600,2601909,-0.757169,176.6341225,1,176.6341225,NVIDIA Tesla V100-SXM2-32G,Global Annealing,,"global_steps_per_temperature=5, MCS_per_global_steps=15, number_of_temperatures=20, schedule=logT"
1600,2601912,-0.756414,176.6596395,1,176.6596395,NVIDIA Tesla V100-SXM2-32G,Global Annealing,,"global_steps_per_temperature=5, MCS_per_global_steps=15, number_of_temperatures=20, schedule=logT"
1600,2601915,-0.756389,176.6113142,1,176.6113142,NVIDIA Tesla V100-SXM2-32G,Global Annealing,,"global_steps_per_temperature=5, MCS_per_global_steps=15, number_of_temperatures=20, schedule=logT"
1600,2601918,-0.759061,169.258324,1,169.258324,NVIDIA Tesla V100-SXM2-32G,Global Annealing,,"global_steps_per_temperature=5, MCS_per_global_steps=15, number_of_temperatures=20, schedule=logT"
1600,2601921,-0.757852,169.0740336,1,169.0740336,NVIDIA Tesla V100-SXM2-32G,Global Annealing,,"global_steps_per_temperature=5, MCS_per_global_steps=15, number_of_temperatures=20, schedule=logT"
1600,2601924,-0.765089,169.2019224,1,169.2019224,NVIDIA Tesla V100-SXM2-32G,Global Annealing,,"global_steps_per_temperature=5, MCS_per_global_steps=15, number_of_temperatures=20, schedule=logT"
1600,2601927,-0.756338,169.0173144,1,169.0173144,NVIDIA Tesla V100-SXM2-32G,Global Annealing,,"global_steps_per_temperature=5, MCS_per_global_steps=15, number_of_temperatures=20, schedule=logT"
1600,2601930,-0.757715,169.0872339,1,169.0872339,NVIDIA Tesla V100-SXM2-32G,Global Annealing,,"global_steps_per_temperature=5, MCS_per_global_steps=15, number_of_temperatures=20, schedule=logT"
1600,2601933,-0.756857,169.129654,1,169.129654,NVIDIA Tesla V100-SXM2-32G,Global Annealing,,"global_steps_per_temperature=5, MCS_per_global_steps=15, number_of_temperatures=20, schedule=logT"
1600,2601936,-0.756913,171.7840803,1,171.7840803,NVIDIA Tesla V100-SXM2-32G,Global Annealing,,"global_steps_per_temperature=5, MCS_per_global_steps=15, number_of_temperatures=20, schedule=logT"
1600,2601939,-0.756640,171.3734368,1,171.3734368,NVIDIA Tesla V100-SXM2-32G,Global Annealing,,"global_steps_per_temperature=5, MCS_per_global_steps=15, number_of_temperatures=20, schedule=logT"
1600,2601942,-0.757107,172.3347708,1,172.3347708,NVIDIA Tesla V100-SXM2-32G,Global Annealing,,"global_steps_per_temperature=5, MCS_per_global_steps=15, number_of_temperatures=20, schedule=logT"
1600,2601945,-0.756350,172.1069754,1,172.1069754,NVIDIA Tesla V100-SXM2-32G,Global Annealing,,"global_steps_per_temperature=5, MCS_per_global_steps=15, number_of_temperatures=20, schedule=logT"
1600,2601948,-0.758546,171.937336,1,171.937336,NVIDIA Tesla V100-SXM2-32G,Global Annealing,,"global_steps_per_temperature=5, MCS_per_global_steps=15, number_of_temperatures=20, schedule=logT"
1600,2601951,-0.756199,170.7864447,1,170.7864447,NVIDIA Tesla V100-SXM2-32G,Global Annealing,,"global_steps_per_temperature=5, MCS_per_global_steps=15, number_of_temperatures=20, schedule=logT"
1600,2601954,-0.758528,170.8025485,1,170.8025485,NVIDIA Tesla V100-SXM2-32G,Global Annealing,,"global_steps_per_temperature=5, MCS_per_global_steps=15, number_of_temperatures=20, schedule=logT"
1600,2601957,-0.758993,172.4027546,1,172.4027546,NVIDIA Tesla V100-SXM2-32G,Global Annealing,,"global_steps_per_temperature=5, MCS_per_global_steps=15, number_of_temperatures=20, schedule=logT"
1600,2601960,-0.757410,172.5885431,1,172.5885431,NVIDIA Tesla V100-SXM2-32G,Global Annealing,,"global_steps_per_temperature=5, MCS_per_global_steps=15, number_of_temperatures=20, schedule=logT"
1600,2601963,-0.755215,173.2858212,1,173.2858212,NVIDIA Tesla V100-SXM2-32G,Global Annealing,,"global_steps_per_temperature=5, MCS_per_global_steps=15, number_of_temperatures=20, schedule=logT"
1600,2601966,-0.758247,172.6859053,1,172.6859053,NVIDIA Tesla V100-SXM2-32G,Global Annealing,,"global_steps_per_temperature=5, MCS_per_global_steps=15, number_of_temperatures=20, schedule=logT"
1600,2601969,-0.762413,172.3519561,1,172.3519561,NVIDIA Tesla V100-SXM2-32G,Global Annealing,,"global_steps_per_temperature=5, MCS_per_global_steps=15, number_of_temperatures=20, schedule=logT"
1600,2601972,-0.756023,174.2848727,1,174.2848727,NVIDIA Tesla V100-SXM2-32G,Global Annealing,,"global_steps_per_temperature=5, MCS_per_global_steps=15, number_of_temperatures=20, schedule=logT"
1600,2601975,-0.756769,170.6033362,1,170.6033362,NVIDIA Tesla V100-SXM2-32G,Global Annealing,,"global_steps_per_temperature=5, MCS_per_global_steps=15, number_of_temperatures=20, schedule=logT"
1600,2601978,-0.755149,170.8090384,1,170.8090384,NVIDIA Tesla V100-SXM2-32G,Global Annealing,,"global_steps_per_temperature=5, MCS_per_global_steps=15, number_of_temperatures=20, schedule=logT"
1600,2601981,-0.756040,170.3505891,1,170.3505891,NVIDIA Tesla V100-SXM2-32G,Global Annealing,,"global_steps_per_temperature=5, MCS_per_global_steps=15, number_of_temperatures=20, schedule=logT"
1600,2601984,-0.756753,170.3908857,1,170.3908857,NVIDIA Tesla V100-SXM2-32G,Global Annealing,,"global_steps_per_temperature=5, MCS_per_global_steps=15, number_of_temperatures=20, schedule=logT"
1600,2601987,-0.757380,171.0470345,1,171.0470345,NVIDIA Tesla V100-SXM2-32G,Global Annealing,,"global_steps_per_temperature=5, MCS_per_global_steps=15, number_of_temperatures=20, schedule=logT"
1600,2601990,-0.759852,169.9619258,1,169.9619258,NVIDIA Tesla V100-SXM2-32G,Global Annealing,,"global_steps_per_temperature=5, MCS_per_global_steps=15, number_of_temperatures=20, schedule=logT"
1600,2601993,-0.758641,170.1594492,1,170.1594492,NVIDIA Tesla V100-SXM2-32G,Global Annealing,,"global_steps_per_temperature=5, MCS_per_global_steps=15, number_of_temperatures=20, schedule=logT"
1600,2601996,-0.754506,169.3855874,1,169.3855874,NVIDIA Tesla V100-SXM2-32G,Global Annealing,,"global_steps_per_temperature=5, MCS_per_global_steps=15, number_of_temperatures=20, schedule=logT"
1600,2601999,-0.757779,169.7369874,1,169.7369874,NVIDIA Tesla V100-SXM2-32G,Global Annealing,,"global_steps_per_temperature=5, MCS_per_global_steps=15, number_of_temperatures=20, schedule=logT"
1600,2602002,-0.759165,169.647866,1,169.647866,NVIDIA Tesla V100-SXM2-32G,Global Annealing,,"global_steps_per_temperature=5, MCS_per_global_steps=15, number_of_temperatures=20, schedule=logT"
1600,2602005,-0.754325,169.6869846,1,169.6869846,NVIDIA Tesla V100-SXM2-32G,Global Annealing,,"global_steps_per_temperature=5, MCS_per_global_steps=15, number_of_temperatures=20, schedule=logT"
1600,2602008,-0.758086,170.1987693,1,170.1987693,NVIDIA Tesla V100-SXM2-32G,Global Annealing,,"global_steps_per_temperature=5, MCS_per_global_steps=15, number_of_temperatures=20, schedule=logT"
1600,2602011,-0.761134,171.8014868,1,171.8014868,NVIDIA Tesla V100-SXM2-32G,Global Annealing,,"global_steps_per_temperature=5, MCS_per_global_steps=15, number_of_temperatures=20, schedule=logT"
1600,2602014,-0.757285,172.0195243,1,172.0195243,NVIDIA Tesla V100-SXM2-32G,Global Annealing,,"global_steps_per_temperature=5, MCS_per_global_steps=15, number_of_temperatures=20, schedule=logT"
1600,2602017,-0.757119,171.9802369,1,171.9802369,NVIDIA Tesla V100-SXM2-32G,Global Annealing,,"global_steps_per_temperature=5, MCS_per_global_steps=15, number_of_temperatures=20, schedule=logT"
1600,2602020,-0.755552,172.1382338,1,172.1382338,NVIDIA Tesla V100-SXM2-32G,Global Annealing,,"global_steps_per_temperature=5, MCS_per_global_steps=15, number_of_temperatures=20, schedule=logT"
1600,2602023,-0.755388,172.2479475,1,172.2479475,NVIDIA Tesla V100-SXM2-32G,Global Annealing,,"global_steps_per_temperature=5, MCS_per_global_steps=15, number_of_temperatures=20, schedule=logT"
1600,2602026,-0.757288,172.2083695,1,172.2083695,NVIDIA Tesla V100-SXM2-32G,Global Annealing,,"global_steps_per_temperature=5, MCS_per_global_steps=15, number_of_temperatures=20, schedule=logT"
1600,2602029,-0.756586,172.5647855,1,172.5647855,NVIDIA Tesla V100-SXM2-32G,Global Annealing,,"global_steps_per_temperature=5, MCS_per_global_steps=15, number_of_temperatures=20, schedule=logT"
2000,3001732,-0.759172,243.5400774,1,243.5400774,NVIDIA Tesla V100-SXM2-32G,Global Annealing,,"global_steps_per_temperature=5, MCS_per_global_steps=15, number_of_temperatures=20, schedule=logT"
2000,3001735,-0.759979,243.5098977,1,243.5098977,NVIDIA Tesla V100-SXM2-32G,Global Annealing,,"global_steps_per_temperature=5, MCS_per_global_steps=15, number_of_temperatures=20, schedule=logT"
2000,3001738,-0.760696,243.5759241,1,243.5759241,NVIDIA Tesla V100-SXM2-32G,Global Annealing,,"global_steps_per_temperature=5, MCS_per_global_steps=15, number_of_temperatures=20, schedule=logT"
2000,3001741,-0.759931,243.5938324,1,243.5938324,NVIDIA Tesla V100-SXM2-32G,Global Annealing,,"global_steps_per_temperature=5, MCS_per_global_steps=15, number_of_temperatures=20, schedule=logT"
2000,3001744,-0.760324,243.3670202,1,243.3670202,NVIDIA Tesla V100-SXM2-32G,Global Annealing,,"global_steps_per_temperature=5, MCS_per_global_steps=15, number_of_temperatures=20, schedule=logT"
2000,3001747,-0.762540,243.6825416,1,243.6825416,NVIDIA Tesla V100-SXM2-32G,Global Annealing,,"global_steps_per_temperature=5, MCS_per_global_steps=15, number_of_temperatures=20, schedule=logT"
2000,3001750,-0.759381,243.9476507,0.8,698.0203706,NVIDIA Tesla V100-SXM2-32G,Global Annealing,,"global_steps_per_temperature=5, MCS_per_global_steps=15, number_of_temperatures=20, schedule=logT"
2000,3001753,-0.758669,244.134972,1,244.134972,NVIDIA Tesla V100-SXM2-32G,Global Annealing,,"global_steps_per_temperature=5, MCS_per_global_steps=15, number_of_temperatures=20, schedule=logT"
2000,3001756,-0.756680,243.8736178,1,243.8736178,NVIDIA Tesla V100-SXM2-32G,Global Annealing,,"global_steps_per_temperature=5, MCS_per_global_steps=15, number_of_temperatures=20, schedule=logT"
2000,3001759,-0.762790,243.8944051,1,243.8944051,NVIDIA Tesla V100-SXM2-32G,Global Annealing,,"global_steps_per_temperature=5, MCS_per_global_steps=15, number_of_temperatures=20, schedule=logT"
2000,3001762,-0.758792,243.8070041,1,243.8070041,NVIDIA Tesla V100-SXM2-32G,Global Annealing,,"global_steps_per_temperature=5, MCS_per_global_steps=15, number_of_temperatures=20, schedule=logT"
2000,3001765,-0.758251,243.9571389,1,243.9571389,NVIDIA Tesla V100-SXM2-32G,Global Annealing,,"global_steps_per_temperature=5, MCS_per_global_steps=15, number_of_temperatures=20, schedule=logT"
2000,3001768,-0.759873,243.0888552,1,243.0888552,NVIDIA Tesla V100-SXM2-32G,Global Annealing,,"global_steps_per_temperature=5, MCS_per_global_steps=15, number_of_temperatures=20, schedule=logT"
2000,3001771,-0.758346,243.1721579,1,243.1721579,NVIDIA Tesla V100-SXM2-32G,Global Annealing,,"global_steps_per_temperature=5, MCS_per_global_steps=15, number_of_temperatures=20, schedule=logT"
2000,3001774,-0.757993,243.2266506,1,243.2266506,NVIDIA Tesla V100-SXM2-32G,Global Annealing,,"global_steps_per_temperature=5, MCS_per_global_steps=15, number_of_temperatures=20, schedule=logT"
2000,3001777,-0.760589,243.3592458,1,243.3592458,NVIDIA Tesla V100-SXM2-32G,Global Annealing,,"global_steps_per_temperature=5, MCS_per_global_steps=15, number_of_temperatures=20, schedule=logT"
2000,3001780,-0.757580,243.1096609,1,243.1096609,NVIDIA Tesla V100-SXM2-32G,Global Annealing,,"global_steps_per_temperature=5, MCS_per_global_steps=15, number_of_temperatures=20, schedule=logT"
2000,3001783,-0.756045,243.1219685,1,243.1219685,NVIDIA Tesla V100-SXM2-32G,Global Annealing,,"global_steps_per_temperature=5, MCS_per_global_steps=15, number_of_temperatures=20, schedule=logT"
2000,3001786,-0.757449,246.84143,0.8,706.3004949,NVIDIA Tesla V100-SXM2-32G,Global Annealing,,"global_steps_per_temperature=5, MCS_per_global_steps=15, number_of_temperatures=20, schedule=logT"
2000,3001789,-0.760825,246.6832269,1,246.6832269,NVIDIA Tesla V100-SXM2-32G,Global Annealing,,"global_steps_per_temperature=5, MCS_per_global_steps=15, number_of_temperatures=20, schedule=logT"
2000,3001792,-0.758103,246.7992676,1,246.7992676,NVIDIA Tesla V100-SXM2-32G,Global Annealing,,"global_steps_per_temperature=5, MCS_per_global_steps=15, number_of_temperatures=20, schedule=logT"
2000,3001795,-0.760955,246.5382808,1,246.5382808,NVIDIA Tesla V100-SXM2-32G,Global Annealing,,"global_steps_per_temperature=5, MCS_per_global_steps=15, number_of_temperatures=20, schedule=logT"
2000,3001798,-0.760272,245.3194366,1,245.3194366,NVIDIA Tesla V100-SXM2-32G,Global Annealing,,"global_steps_per_temperature=5, MCS_per_global_steps=15, number_of_temperatures=20, schedule=logT"
2000,3001801,-0.759016,246.5748064,1,246.5748064,NVIDIA Tesla V100-SXM2-32G,Global Annealing,,"global_steps_per_temperature=5, MCS_per_global_steps=15, number_of_temperatures=20, schedule=logT"
2000,3001804,-0.758887,247.4388254,1,247.4388254,NVIDIA Tesla V100-SXM2-32G,Global Annealing,,"global_steps_per_temperature=5, MCS_per_global_steps=15, number_of_temperatures=20, schedule=logT"
2000,3001807,-0.763086,239.5085927,1,239.5085927,NVIDIA Tesla V100-SXM2-32G,Global Annealing,,"global_steps_per_temperature=5, MCS_per_global_steps=15, number_of_temperatures=20, schedule=logT"
2000,3001810,-0.758537,239.4250064,1,239.4250064,NVIDIA Tesla V100-SXM2-32G,Global Annealing,,"global_steps_per_temperature=5, MCS_per_global_steps=15, number_of_temperatures=20, schedule=logT"
2000,3001813,-0.757669,239.4819681,1,239.4819681,NVIDIA Tesla V100-SXM2-32G,Global Annealing,,"global_steps_per_temperature=5, MCS_per_global_steps=15, number_of_temperatures=20, schedule=logT"
2000,3001816,-0.758908,239.761462,1,239.761462,NVIDIA Tesla V100-SXM2-32G,Global Annealing,,"global_steps_per_temperature=5, MCS_per_global_steps=15, number_of_temperatures=20, schedule=logT"
2000,3001819,-0.762326,239.5409499,1,239.5409499,NVIDIA Tesla V100-SXM2-32G,Global Annealing,,"global_steps_per_temperature=5, MCS_per_global_steps=15, number_of_temperatures=20, schedule=logT"
2000,3001822,-0.759050,239.7666811,1,239.7666811,NVIDIA Tesla V100-SXM2-32G,Global Annealing,,"global_steps_per_temperature=5, MCS_per_global_steps=15, number_of_temperatures=20, schedule=logT"
2000,3001825,-0.760435,245.2471938,1,245.2471938,NVIDIA Tesla V100-SXM2-32G,Global Annealing,,"global_steps_per_temperature=5, MCS_per_global_steps=15, number_of_temperatures=20, schedule=logT"
2000,3001828,-0.757625,244.8263259,1,244.8263259,NVIDIA Tesla V100-SXM2-32G,Global Annealing,,"global_steps_per_temperature=5, MCS_per_global_steps=15, number_of_temperatures=20, schedule=logT"
2000,3001831,-0.759033,244.9728953,1,244.9728953,NVIDIA Tesla V100-SXM2-32G,Global Annealing,,"global_steps_per_temperature=5, MCS_per_global_steps=15, number_of_temperatures=20, schedule=logT"
2000,3001834,-0.755609,245.2120199,1,245.2120199,NVIDIA Tesla V100-SXM2-32G,Global Annealing,,"global_steps_per_temperature=5, MCS_per_global_steps=15, number_of_temperatures=20, schedule=logT"
2000,3001837,-0.758391,245.0690039,1,245.0690039,NVIDIA Tesla V100-SXM2-32G,Global Annealing,,"global_steps_per_temperature=5, MCS_per_global_steps=15, number_of_temperatures=20, schedule=logT"
2000,3001840,-0.759647,244.9094893,1,244.9094893,NVIDIA Tesla V100-SXM2-32G,Global Annealing,,"global_steps_per_temperature=5, MCS_per_global_steps=15, number_of_temperatures=20, schedule=logT"
2000,3001843,-0.760891,243.4776053,1,243.4776053,NVIDIA Tesla V100-SXM2-32G,Global Annealing,,"global_steps_per_temperature=5, MCS_per_global_steps=15, number_of_temperatures=20, schedule=logT"
2000,3001846,-0.757631,243.3004067,1,243.3004067,NVIDIA Tesla V100-SXM2-32G,Global Annealing,,"global_steps_per_temperature=5, MCS_per_global_steps=15, number_of_temperatures=20, schedule=logT"
2000,3001849,-0.757768,244.4252176,1,244.4252176,NVIDIA Tesla V100-SXM2-32G,Global Annealing,,"global_steps_per_temperature=5, MCS_per_global_steps=15, number_of_temperatures=20, schedule=logT"
2000,3001852,-0.754612,243.867735,1,243.867735,NVIDIA Tesla V100-SXM2-32G,Global Annealing,,"global_steps_per_temperature=5, MCS_per_global_steps=15, number_of_temperatures=20, schedule=logT"
2000,3001855,-0.757963,243.1999886,0.9,486.3999772,NVIDIA Tesla V100-SXM2-32G,Global Annealing,,"global_steps_per_temperature=5, MCS_per_global_steps=15, number_of_temperatures=20, schedule=logT"
2000,3001858,-0.757701,243.9052147,1,243.9052147,NVIDIA Tesla V100-SXM2-32G,Global Annealing,,"global_steps_per_temperature=5, MCS_per_global_steps=15, number_of_temperatures=20, schedule=logT"
2000,3001861,-0.762009,240.755421,1,240.755421,NVIDIA Tesla V100-SXM2-32G,Global Annealing,,"global_steps_per_temperature=5, MCS_per_global_steps=15, number_of_temperatures=20, schedule=logT"
2000,3001864,-0.759785,240.8754368,1,240.8754368,NVIDIA Tesla V100-SXM2-32G,Global Annealing,,"global_steps_per_temperature=5, MCS_per_global_steps=15, number_of_temperatures=20, schedule=logT"
2000,3001867,-0.759695,241.1183821,1,241.1183821,NVIDIA Tesla V100-SXM2-32G,Global Annealing,,"global_steps_per_temperature=5, MCS_per_global_steps=15, number_of_temperatures=20, schedule=logT"
2000,3001870,-0.759050,240.6954757,1,240.6954757,NVIDIA Tesla V100-SXM2-32G,Global Annealing,,"global_steps_per_temperature=5, MCS_per_global_steps=15, number_of_temperatures=20, schedule=logT"
2000,3001873,-0.755584,241.1312052,0.7,922.3216944,NVIDIA Tesla V100-SXM2-32G,Global Annealing,,"global_steps_per_temperature=5, MCS_per_global_steps=15, number_of_temperatures=20, schedule=logT"
2000,3001876,-0.757077,239.5829198,1,239.5829198,NVIDIA Tesla V100-SXM2-32G,Global Annealing,,"global_steps_per_temperature=5, MCS_per_global_steps=15, number_of_temperatures=20, schedule=logT"
2000,3001879,-0.758483,239.8025101,1,239.8025101,NVIDIA Tesla V100-SXM2-32G,Global Annealing,,"global_steps_per_temperature=5, MCS_per_global_steps=15, number_of_temperatures=20, schedule=logT"
2000,3001882,-0.756559,240.8342994,1,240.8342994,NVIDIA Tesla V100-SXM2-32G,Global Annealing,,"global_steps_per_temperature=5, MCS_per_global_steps=15, number_of_temperatures=20, schedule=logT"
2000,3001885,-0.759212,240.1991668,1,240.1991668,NVIDIA Tesla V100-SXM2-32G,Global Annealing,,"global_steps_per_temperature=5, MCS_per_global_steps=15, number_of_temperatures=20, schedule=logT"
2000,3001888,-0.759044,240.7354446,1,240.7354446,NVIDIA Tesla V100-SXM2-32G,Global Annealing,,"global_steps_per_temperature=5, MCS_per_global_steps=15, number_of_temperatures=20, schedule=logT"
2000,3001891,-0.759603,240.5312511,1,240.5312511,NVIDIA Tesla V100-SXM2-32G,Global Annealing,,"global_steps_per_temperature=5, MCS_per_global_steps=15, number_of_temperatures=20, schedule=logT"
2000,3001894,-0.757821,240.0768618,1,240.0768618,NVIDIA Tesla V100-SXM2-32G,Global Annealing,,"global_steps_per_temperature=5, MCS_per_global_steps=15, number_of_temperatures=20, schedule=logT"
2000,3001897,-0.754932,240.9113194,1,240.9113194,NVIDIA Tesla V100-SXM2-32G,Global Annealing,,"global_steps_per_temperature=5, MCS_per_global_steps=15, number_of_temperatures=20, schedule=logT"
2000,3001900,-0.757082,249.4300982,1,249.4300982,NVIDIA Tesla V100-SXM2-32G,Global Annealing,,"global_steps_per_temperature=5, MCS_per_global_steps=15, number_of_temperatures=20, schedule=logT"
2000,3001903,-0.757877,249.2775045,1,249.2775045,NVIDIA Tesla V100-SXM2-32G,Global Annealing,,"global_steps_per_temperature=5, MCS_per_global_steps=15, number_of_temperatures=20, schedule=logT"
2000,3001906,-0.758130,249.3423656,1,249.3423656,NVIDIA Tesla V100-SXM2-32G,Global Annealing,,"global_steps_per_temperature=5, MCS_per_global_steps=15, number_of_temperatures=20, schedule=logT"
2000,3001909,-0.756216,249.5897065,1,249.5897065,NVIDIA Tesla V100-SXM2-32G,Global Annealing,,"global_steps_per_temperature=5, MCS_per_global_steps=15, number_of_temperatures=20, schedule=logT"
2000,3001912,-0.758331,249.1614267,1,249.1614267,NVIDIA Tesla V100-SXM2-32G,Global Annealing,,"global_steps_per_temperature=5, MCS_per_global_steps=15, number_of_temperatures=20, schedule=logT"
2000,3001915,-0.757384,248.2307362,1,248.2307362,NVIDIA Tesla V100-SXM2-32G,Global Annealing,,"global_steps_per_temperature=5, MCS_per_global_steps=15, number_of_temperatures=20, schedule=logT"
2000,3001918,-0.756819,241.8311549,1,241.8311549,NVIDIA Tesla V100-SXM2-32G,Global Annealing,,"global_steps_per_temperature=5, MCS_per_global_steps=15, number_of_temperatures=20, schedule=logT"
2000,3001921,-0.759163,241.904448,1,241.904448,NVIDIA Tesla V100-SXM2-32G,Global Annealing,,"global_steps_per_temperature=5, MCS_per_global_steps=15, number_of_temperatures=20, schedule=logT"
2000,3001924,-0.759709,241.770262,1,241.770262,NVIDIA Tesla V100-SXM2-32G,Global Annealing,,"global_steps_per_temperature=5, MCS_per_global_steps=15, number_of_temperatures=20, schedule=logT"
2000,3001927,-0.760731,241.8870828,1,241.8870828,NVIDIA Tesla V100-SXM2-32G,Global Annealing,,"global_steps_per_temperature=5, MCS_per_global_steps=15, number_of_temperatures=20, schedule=logT"
2000,3001930,-0.761624,242.0621422,1,242.0621422,NVIDIA Tesla V100-SXM2-32G,Global Annealing,,"global_steps_per_temperature=5, MCS_per_global_steps=15, number_of_temperatures=20, schedule=logT"
2000,3001933,-0.759459,241.7950007,1,241.7950007,NVIDIA Tesla V100-SXM2-32G,Global Annealing,,"global_steps_per_temperature=5, MCS_per_global_steps=15, number_of_temperatures=20, schedule=logT"
2000,3001936,-0.759530,242.0923539,1,242.0923539,NVIDIA Tesla V100-SXM2-32G,Global Annealing,,"global_steps_per_temperature=5, MCS_per_global_steps=15, number_of_temperatures=20, schedule=logT"
2000,3001939,-0.756806,240.2878795,1,240.2878795,NVIDIA Tesla V100-SXM2-32G,Global Annealing,,"global_steps_per_temperature=5, MCS_per_global_steps=15, number_of_temperatures=20, schedule=logT"
2000,3001942,-0.762960,240.8797059,1,240.8797059,NVIDIA Tesla V100-SXM2-32G,Global Annealing,,"global_steps_per_temperature=5, MCS_per_global_steps=15, number_of_temperatures=20, schedule=logT"
2000,3001945,-0.761989,242.136589,1,242.136589,NVIDIA Tesla V100-SXM2-32G,Global Annealing,,"global_steps_per_temperature=5, MCS_per_global_steps=15, number_of_temperatures=20, schedule=logT"
2000,3001948,-0.759626,240.4767396,1,240.4767396,NVIDIA Tesla V100-SXM2-32G,Global Annealing,,"global_steps_per_temperature=5, MCS_per_global_steps=15, number_of_temperatures=20, schedule=logT"
2000,3001951,-0.757035,240.6613455,1,240.6613455,NVIDIA Tesla V100-SXM2-32G,Global Annealing,,"global_steps_per_temperature=5, MCS_per_global_steps=15, number_of_temperatures=20, schedule=logT"
2000,3001954,-0.757776,240.9967947,1,240.9967947,NVIDIA Tesla V100-SXM2-32G,Global Annealing,,"global_steps_per_temperature=5, MCS_per_global_steps=15, number_of_temperatures=20, schedule=logT"
2000,3001957,-0.758895,244.6357385,1,244.6357385,NVIDIA Tesla V100-SXM2-32G,Global Annealing,,"global_steps_per_temperature=5, MCS_per_global_steps=15, number_of_temperatures=20, schedule=logT"
2000,3001960,-0.761360,245.3838206,1,245.3838206,NVIDIA Tesla V100-SXM2-32G,Global Annealing,,"global_steps_per_temperature=5, MCS_per_global_steps=15, number_of_temperatures=20, schedule=logT"
2000,3001963,-0.758716,245.1226962,1,245.1226962,NVIDIA Tesla V100-SXM2-32G,Global Annealing,,"global_steps_per_temperature=5, MCS_per_global_steps=15, number_of_temperatures=20, schedule=logT"
2000,3001966,-0.762332,245.0998294,1,245.0998294,NVIDIA Tesla V100-SXM2-32G,Global Annealing,,"global_steps_per_temperature=5, MCS_per_global_steps=15, number_of_temperatures=20, schedule=logT"
2000,3001969,-0.759711,244.9662402,1,244.9662402,NVIDIA Tesla V100-SXM2-32G,Global Annealing,,"global_steps_per_temperature=5, MCS_per_global_steps=15, number_of_temperatures=20, schedule=logT"
2000,3001972,-0.759261,245.1066123,1,245.1066123,NVIDIA Tesla V100-SXM2-32G,Global Annealing,,"global_steps_per_temperature=5, MCS_per_global_steps=15, number_of_temperatures=20, schedule=logT"
2000,3001975,-0.759737,243.4054672,1,243.4054672,NVIDIA Tesla V100-SXM2-32G,Global Annealing,,"global_steps_per_temperature=5, MCS_per_global_steps=15, number_of_temperatures=20, schedule=logT"
2000,3001978,-0.757970,243.4209118,1,243.4209118,NVIDIA Tesla V100-SXM2-32G,Global Annealing,,"global_steps_per_temperature=5, MCS_per_global_steps=15, number_of_temperatures=20, schedule=logT"
2000,3001981,-0.759613,243.5070728,1,243.5070728,NVIDIA Tesla V100-SXM2-32G,Global Annealing,,"global_steps_per_temperature=5, MCS_per_global_steps=15, number_of_temperatures=20, schedule=logT"
2000,3001984,-0.758476,243.3048648,1,243.3048648,NVIDIA Tesla V100-SXM2-32G,Global Annealing,,"global_steps_per_temperature=5, MCS_per_global_steps=15, number_of_temperatures=20, schedule=logT"
2000,3001987,-0.758566,243.1892284,1,243.1892284,NVIDIA Tesla V100-SXM2-32G,Global Annealing,,"global_steps_per_temperature=5, MCS_per_global_steps=15, number_of_temperatures=20, schedule=logT"
2000,3001990,-0.758336,243.4072338,1,243.4072338,NVIDIA Tesla V100-SXM2-32G,Global Annealing,,"global_steps_per_temperature=5, MCS_per_global_steps=15, number_of_temperatures=20, schedule=logT"
2000,3001993,-0.757143,239.8194546,1,239.8194546,NVIDIA Tesla V100-SXM2-32G,Global Annealing,,"global_steps_per_temperature=5, MCS_per_global_steps=15, number_of_temperatures=20, schedule=logT"
2000,3001996,-0.758297,240.2595799,0.5,1596.250097,NVIDIA Tesla V100-SXM2-32G,Global Annealing,,"global_steps_per_temperature=5, MCS_per_global_steps=15, number_of_temperatures=20, schedule=logT"
2000,3001999,-0.759920,239.9282065,1,239.9282065,NVIDIA Tesla V100-SXM2-32G,Global Annealing,,"global_steps_per_temperature=5, MCS_per_global_steps=15, number_of_temperatures=20, schedule=logT"
2000,3002002,-0.758784,240.2078988,1,240.2078988,NVIDIA Tesla V100-SXM2-32G,Global Annealing,,"global_steps_per_temperature=5, MCS_per_global_steps=15, number_of_temperatures=20, schedule=logT"
2000,3002005,-0.760192,239.9606179,1,239.9606179,NVIDIA Tesla V100-SXM2-32G,Global Annealing,,"global_steps_per_temperature=5, MCS_per_global_steps=15, number_of_temperatures=20, schedule=logT"
2000,3002008,-0.761335,239.7640373,1,239.7640373,NVIDIA Tesla V100-SXM2-32G,Global Annealing,,"global_steps_per_temperature=5, MCS_per_global_steps=15, number_of_temperatures=20, schedule=logT"
2000,3002011,-0.757584,246.1698443,1,246.1698443,NVIDIA Tesla V100-SXM2-32G,Global Annealing,,"global_steps_per_temperature=5, MCS_per_global_steps=15, number_of_temperatures=20, schedule=logT"
2000,3002014,-0.760719,246.0081321,1,246.0081321,NVIDIA Tesla V100-SXM2-32G,Global Annealing,,"global_steps_per_temperature=5, MCS_per_global_steps=15, number_of_temperatures=20, schedule=logT"
2000,3002017,-0.759319,245.5662678,1,245.5662678,NVIDIA Tesla V100-SXM2-32G,Global Annealing,,"global_steps_per_temperature=5, MCS_per_global_steps=15, number_of_temperatures=20, schedule=logT"
2000,3002020,-0.760594,244.8548115,1,244.8548115,NVIDIA Tesla V100-SXM2-32G,Global Annealing,,"global_steps_per_temperature=5, MCS_per_global_steps=15, number_of_temperatures=20, schedule=logT"
2000,3002023,-0.759475,244.1182889,1,244.1182889,NVIDIA Tesla V100-SXM2-32G,Global Annealing,,"global_steps_per_temperature=5, MCS_per_global_steps=15, number_of_temperatures=20, schedule=logT"
2000,3002026,-0.760351,244.4158841,1,244.4158841,NVIDIA Tesla V100-SXM2-32G,Global Annealing,,"global_steps_per_temperature=5, MCS_per_global_steps=15, number_of_temperatures=20, schedule=logT"
2000,3002029,-0.758779,245.9539089,1,245.9539089,NVIDIA Tesla V100-SXM2-32G,Global Annealing,,"global_steps_per_temperature=5, MCS_per_global_steps=15, number_of_temperatures=20, schedule=logT"
50,1051732,-0.666784,0.636707902,1,0.636707902,NVIDIA Tesla V100-SXM2-32G,Population Annealing,,"MCS_per_temperature=10, number_of_temperatures=10, schedule=logT"
50,1051735,-0.691774,0.6364741564,1,0.6364741564,NVIDIA Tesla V100-SXM2-32G,Population Annealing,,"MCS_per_temperature=10, number_of_temperatures=10, schedule=logT"
50,1051738,-0.681092,0.6347102165,1,0.6347102165,NVIDIA Tesla V100-SXM2-32G,Population Annealing,,"MCS_per_temperature=10, number_of_temperatures=10, schedule=logT"
50,1051741,-0.659711,0.6341669798,1,0.6341669798,NVIDIA Tesla V100-SXM2-32G,Population Annealing,,"MCS_per_temperature=10, number_of_temperatures=10, schedule=logT"
50,1051744,-0.720381,0.6362613678,1,0.6362613678,NVIDIA Tesla V100-SXM2-32G,Population Annealing,,"MCS_per_temperature=10, number_of_temperatures=10, schedule=logT"
50,1051747,-0.741325,0.6226547718,1,0.6226547718,NVIDIA Tesla V100-SXM2-32G,Population Annealing,,"MCS_per_temperature=10, number_of_temperatures=10, schedule=logT"
50,1051750,-0.677514,0.6230965853,1,0.6230965853,NVIDIA Tesla V100-SXM2-32G,Population Annealing,,"MCS_per_temperature=10, number_of_temperatures=10, schedule=logT"
50,1051753,-0.642431,0.636838007,1,0.636838007,NVIDIA Tesla V100-SXM2-32G,Population Annealing,,"MCS_per_temperature=10, number_of_temperatures=10, schedule=logT"
50,1051756,-0.682328,0.6313712835,1,0.6313712835,NVIDIA Tesla V100-SXM2-32G,Population Annealing,,"MCS_per_temperature=10, number_of_temperatures=10, schedule=logT"
50,1051759,-0.773384,0.6288894415,1,0.6288894415,NVIDIA Tesla V100-SXM2-32G,Population Annealing,,"MCS_per_temperature=10, number_of_temperatures=10, schedule=logT"
50,1051762,-0.743199,0.6227827549,1,0.6227827549,NVIDIA Tesla V100-SXM2-32G,Population Annealing,,"MCS_per_temperature=10, number_of_temperatures=10, schedule=logT"
50,1051765,-0.704647,0.6311922073,1,0.6311922073,NVIDIA Tesla V100-SXM2-32G,Population Annealing,,"MCS_per_temperature=10, number_of_temperatures=10, schedule=logT"
50,1051768,-0.668627,0.6298187017,1,0.6298187017,NVIDIA Tesla V100-SXM2-32G,Population Annealing,,"MCS_per_temperature=10, number_of_temperatures=10, schedule=logT"
50,1051771,-0.768884,0.6290384531,1,0.6290384531,NVIDIA Tesla V100-SXM2-32G,Population Annealing,,"MCS_per_temperature=10, number_of_temperatures=10, schedule=logT"
50,1051774,-0.682991,0.6353646994,1,0.6353646994,NVIDIA Tesla V100-SXM2-32G,Population Annealing,,"MCS_per_temperature=10, number_of_temperatures=10, schedule=logT"
50,1051777,-0.706694,0.6317230225,1,0.6317230225,NVIDIA Tesla V100-SXM2-32G,Population Annealing,,"MCS_per_temperature=10, number_of_temperatures=10, schedule=logT"
50,1051780,-0.743609,0.630210042,1,0.630210042,NVIDIA Tesla V100-SXM2-32G,Population Annealing,,"MCS_per_temperature=10, number_of_temperatures=10, schedule=logT"
50,1051783,-0.756935,0.6319472313,1,0.6319472313,NVIDIA Tesla V100-SXM2-32G,Population Annealing,,"MCS_per_temperature=10, number_of_temperatures=10, schedule=logT"
50,1051786,-0.681359,0.6292683125,1,0.6292683125,NVIDIA Tesla V100-SXM2-32G,Population Annealing,,"MCS_per_temperature=10, number_of_temperatures=10, schedule=logT"
50,1051789,-0.676322,0.6297148705,1,0.6297148705,NVIDIA Tesla V100-SXM2-32G,Population Annealing,,"MCS_per_temperature=10, number_of_temperatures=10, schedule=logT"
50,1051792,-0.674813,0.6278544903,1,0.6278544903,NVIDIA Tesla V100-SXM2-32G,Population Annealing,,"MCS_per_temperature=10, number_of_temperatures=10, schedule=logT"
50,1051795,-0.702282,0.6328846931,1,0.6328846931,NVIDIA Tesla V100-SXM2-32G,Population Annealing,,"MCS_per_temperature=10, number_of_temperatures=10, schedule=logT"
50,1051798,-0.662357,0.6323493719,1,0.6323493719,NVIDIA Tesla V100-SXM2-32G,Population Annealing,,"MCS_per_temperature=10, number_of_temperatures=10, schedule=logT"
50,1051801,-0.717902,0.6323158026,1,0.6323158026,NVIDIA Tesla V100-SXM2-32G,Population Annealing,,"MCS_per_temperature=10, number_of_temperatures=10, schedule=logT"
50,1051804,-0.726372,0.631986928,1,0.631986928,NVIDIA Tesla V100-SXM2-32G,Population Annealing,,"MCS_per_temperature=10, number_of_temperatures=10, schedule=logT"
50,1051807,-0.677507,0.6381072521,1,0.6381072521,NVIDIA Tesla V100-SXM2-32G,Population Annealing,,"MCS_per_temperature=10, number_of_temperatures=10, schedule=logT"
50,1051810,-0.702514,0.6344035864,1,0.6344035864,NVIDIA Tesla V100-SXM2-32G,Population Annealing,,"MCS_per_temperature=10, number_of_temperatures=10, schedule=logT"
50,1051813,-0.663570,0.6379776001,1,0.6379776001,NVIDIA Tesla V100-SXM2-32G,Population Annealing,,"MCS_per_temperature=10, number_of_temperatures=10, schedule=logT"
50,1051816,-0.721629,0.6285970926,1,0.6285970926,NVIDIA Tesla V100-SXM2-32G,Population Annealing,,"MCS_per_temperature=10, number_of_temperatures=10, schedule=logT"
50,1051819,-0.696478,0.63942101,1,0.63942101,NVIDIA Tesla V100-SXM2-32G,Population Annealing,,"MCS_per_temperature=10, number_of_temperatures=10, schedule=logT"
50,1051822,-0.696050,0.6306224585,1,0.6306224585,NVIDIA Tesla V100-SXM2-32G,Population Annealing,,"MCS_per_temperature=10, number_of_temperatures=10, schedule=logT"
50,1051825,-0.660746,0.6277879,1,0.6277879,NVIDIA Tesla V100-SXM2-32G,Population Annealing,,"MCS_per_temperature=10, number_of_temperatures=10, schedule=logT"
50,1051828,-0.655020,0.6417043924,1,0.6417043924,NVIDIA Tesla V100-SXM2-32G,Population Annealing,,"MCS_per_temperature=10, number_of_temperatures=10, schedule=logT"
50,1051831,-0.689459,0.6342387676,1,0.6342387676,NVIDIA Tesla V100-SXM2-32G,Population Annealing,,"MCS_per_temperature=10, number_of_temperatures=10, schedule=logT"
50,1051834,-0.700984,0.630308032,1,0.630308032,NVIDIA Tesla V100-SXM2-32G,Population Annealing,,"MCS_per_temperature=10, number_of_temperatures=10, schedule=logT"
50,1051837,-0.684162,0.636460495,1,0.636460495,NVIDIA Tesla V100-SXM2-32G,Population Annealing,,"MCS_per_temperature=10, number_of_temperatures=10, schedule=logT"
50,1051840,-0.692104,0.6312667847,1,0.6312667847,NVIDIA Tesla V100-SXM2-32G,Population Annealing,,"MCS_per_temperature=10, number_of_temperatures=10, schedule=logT"
50,1051843,-0.686882,0.6322002888,1,0.6322002888,NVIDIA Tesla V100-SXM2-32G,Population Annealing,,"MCS_per_temperature=10, number_of_temperatures=10, schedule=logT"
50,1051846,-0.683372,0.625036335,1,0.625036335,NVIDIA Tesla V100-SXM2-32G,Population Annealing,,"MCS_per_temperature=10, number_of_temperatures=10, schedule=logT"
50,1051849,-0.681337,0.6368701696,1,0.6368701696,NVIDIA Tesla V100-SXM2-32G,Population Annealing,,"MCS_per_temperature=10, number_of_temperatures=10, schedule=logT"
50,1051852,-0.698194,0.6294012308,1,0.6294012308,NVIDIA Tesla V100-SXM2-32G,Population Annealing,,"MCS_per_temperature=10, number_of_temperatures=10, schedule=logT"
50,1051855,-0.683810,0.6313076019,1,0.6313076019,NVIDIA Tesla V100-SXM2-32G,Population Annealing,,"MCS_per_temperature=10, number_of_temperatures=10, schedule=logT"
50,1051858,-0.677455,0.6381755114,1,0.6381755114,NVIDIA Tesla V100-SXM2-32G,Population Annealing,,"MCS_per_temperature=10, number_of_temperatures=10, schedule=logT"
50,1051861,-0.688808,0.6333828926,1,0.6333828926,NVIDIA Tesla V100-SXM2-32G,Population Annealing,,"MCS_per_temperature=10, number_of_temperatures=10, schedule=logT"
50,1051864,-0.713219,0.6305418968,1,0.6305418968,NVIDIA Tesla V100-SXM2-32G,Population Annealing,,"MCS_per_temperature=10, number_of_temperatures=10, schedule=logT"
50,1051867,-0.690063,0.6293220282,1,0.6293220282,NVIDIA Tesla V100-SXM2-32G,Population Annealing,,"MCS_per_temperature=10, number_of_temperatures=10, schedule=logT"
50,1051870,-0.712848,0.6353471041,1,0.6353471041,NVIDIA Tesla V100-SXM2-32G,Population Annealing,,"MCS_per_temperature=10, number_of_temperatures=10, schedule=logT"
50,1051873,-0.672815,0.6317248583,1,0.6317248583,NVIDIA Tesla V100-SXM2-32G,Population Annealing,,"MCS_per_temperature=10, number_of_temperatures=10, schedule=logT"
50,1051876,-0.708087,0.627817893,1,0.627817893,NVIDIA Tesla V100-SXM2-32G,Population Annealing,,"MCS_per_temperature=10, number_of_temperatures=10, schedule=logT"
50,1051879,-0.705568,0.631426239,1,0.631426239,NVIDIA Tesla V100-SXM2-32G,Population Annealing,,"MCS_per_temperature=10, number_of_temperatures=10, schedule=logT"
50,1051882,-0.688202,0.6396048307,1,0.6396048307,NVIDIA Tesla V100-SXM2-32G,Population Annealing,,"MCS_per_temperature=10, number_of_temperatures=10, schedule=logT"
50,1051885,-0.702925,0.6377452612,1,0.6377452612,NVIDIA Tesla V100-SXM2-32G,Population Annealing,,"MCS_per_temperature=10, number_of_temperatures=10, schedule=logT"
50,1051888,-0.716218,0.6321474552,1,0.6321474552,NVIDIA Tesla V100-SXM2-32G,Population Annealing,,"MCS_per_temperature=10, number_of_temperatures=10, schedule=logT"
50,1051891,-0.705624,0.6316179752,1,0.6316179752,NVIDIA Tesla V100-SXM2-32G,Population Annealing,,"MCS_per_temperature=10, number_of_temperatures=10, schedule=logT"
50,1051894,-0.683829,0.6359550714,1,0.6359550714,NVIDIA Tesla V100-SXM2-32G,Population Annealing,,"MCS_per_temperature=10, number_of_temperatures=10, schedule=logT"
50,1051897,-0.671948,0.6383165359,1,0.6383165359,NVIDIA Tesla V100-SXM2-32G,Population Annealing,,"MCS_per_temperature=10, number_of_temperatures=10, schedule=logT"
50,1051900,-0.725629,0.625810504,1,0.625810504,NVIDIA Tesla V100-SXM2-32G,Population Annealing,,"MCS_per_temperature=10, number_of_temperatures=10, schedule=logT"
50,1051903,-0.677841,0.6300909758,1,0.6300909758,NVIDIA Tesla V100-SXM2-32G,Population Annealing,,"MCS_per_temperature=10, number_of_temperatures=10, schedule=logT"
50,1051906,-0.667210,0.631577158,1,0.631577158,NVIDIA Tesla V100-SXM2-32G,Population Annealing,,"MCS_per_temperature=10, number_of_temperatures=10, schedule=logT"
50,1051909,-0.663877,0.6344153404,1,0.6344153404,NVIDIA Tesla V100-SXM2-32G,Population Annealing,,"MCS_per_temperature=10, number_of_temperatures=10, schedule=logT"
50,1051912,-0.677526,0.6326771259,1,0.6326771259,NVIDIA Tesla V100-SXM2-32G,Population Annealing,,"MCS_per_temperature=10, number_of_temperatures=10, schedule=logT"
50,1051915,-0.710762,0.6333148718,1,0.6333148718,NVIDIA Tesla V100-SXM2-32G,Population Annealing,,"MCS_per_temperature=10, number_of_temperatures=10, schedule=logT"
50,1051918,-0.743064,0.6257455349,1,0.6257455349,NVIDIA Tesla V100-SXM2-32G,Population Annealing,,"MCS_per_temperature=10, number_of_temperatures=10, schedule=logT"
50,1051921,-0.678413,0.6286009312,1,0.6286009312,NVIDIA Tesla V100-SXM2-32G,Population Annealing,,"MCS_per_temperature=10, number_of_temperatures=10, schedule=logT"
50,1051924,-0.666852,0.6315416813,1,0.6315416813,NVIDIA Tesla V100-SXM2-32G,Population Annealing,,"MCS_per_temperature=10, number_of_temperatures=10, schedule=logT"
50,1051927,-0.687217,0.6370332956,1,0.6370332956,NVIDIA Tesla V100-SXM2-32G,Population Annealing,,"MCS_per_temperature=10, number_of_temperatures=10, schedule=logT"
50,1051930,-0.669060,0.634844327,1,0.634844327,NVIDIA Tesla V100-SXM2-32G,Population Annealing,,"MCS_per_temperature=10, number_of_temperatures=10, schedule=logT"
50,1051933,-0.723643,0.6375455141,1,0.6375455141,NVIDIA Tesla V100-SXM2-32G,Population Annealing,,"MCS_per_temperature=10, number_of_temperatures=10, schedule=logT"
50,1051936,-0.662798,0.6312774181,1,0.6312774181,NVIDIA Tesla V100-SXM2-32G,Population Annealing,,"MCS_per_temperature=10, number_of_temperatures=10, schedule=logT"
50,1051939,-0.715042,0.6352080345,1,0.6352080345,NVIDIA Tesla V100-SXM2-32G,Population Annealing,,"MCS_per_temperature=10, number_of_temperatures=10, schedule=logT"
50,1051942,-0.758135,0.6290754795,1,0.6290754795,NVIDIA Tesla V100-SXM2-32G,Population Annealing,,"MCS_per_temperature=10, number_of_temperatures=10, schedule=logT"
50,1051945,-0.704665,0.6251078606,1,0.6251078606,NVIDIA Tesla V100-SXM2-32G,Population Annealing,,"MCS_per_temperature=10, number_of_temperatures=10, schedule=logT"
50,1051948,-0.703838,0.6253678799,1,0.6253678799,NVIDIA Tesla V100-SXM2-32G,Population Annealing,,"MCS_per_temperature=10, number_of_temperatures=10, schedule=logT"
50,1051951,-0.698742,0.6279520988,1,0.6279520988,NVIDIA Tesla V100-SXM2-32G,Population Annealing,,"MCS_per_temperature=10, number_of_temperatures=10, schedule=logT"
50,1051954,-0.721656,0.6323029995,1,0.6323029995,NVIDIA Tesla V100-SXM2-32G,Population Annealing,,"MCS_per_temperature=10, number_of_temperatures=10, schedule=logT"
50,1051957,-0.742039,0.6330670834,1,0.6330670834,NVIDIA Tesla V100-SXM2-32G,Population Annealing,,"MCS_per_temperature=10, number_of_temperatures=10, schedule=logT"
50,1051960,-0.712028,0.6323681355,1,0.6323681355,NVIDIA Tesla V100-SXM2-32G,Population Annealing,,"MCS_per_temperature=10, number_of_temperatures=10, schedule=logT"
50,1051963,-0.686148,0.6312893629,1,0.6312893629,NVIDIA Tesla V100-SXM2-32G,Population Annealing,,"MCS_per_temperature=10, number_of_temperatures=10, schedule=logT"
50,1051966,-0.671336,0.6332406044,1,0.6332406044,NVIDIA Tesla V100-SXM2-32G,Population Annealing,,"MCS_per_temperature=10, number_of_temperatures=10, schedule=logT"
50,1051969,-0.712753,0.6321741104,1,0.6321741104,NVIDIA Tesla V100-SXM2-32G,Population Annealing,,"MCS_per_temperature=10, number_of_temperatures=10, schedule=logT"
50,1051972,-0.737961,0.6332428694,1,0.6332428694,NVIDIA Tesla V100-SXM2-32G,Population Annealing,,"MCS_per_temperature=10, number_of_temperatures=10, schedule=logT"
50,1051975,-0.861064,0.6238536835,1,0.6238536835,NVIDIA Tesla V100-SXM2-32G,Population Annealing,,"MCS_per_temperature=10, number_of_temperatures=10, schedule=logT"
50,1051978,-0.692546,0.6258488894,1,0.6258488894,NVIDIA Tesla V100-SXM2-32G,Population Annealing,,"MCS_per_temperature=10, number_of_temperatures=10, schedule=logT"
50,1051981,-0.698723,0.6300803185,1,0.6300803185,NVIDIA Tesla V100-SXM2-32G,Population Annealing,,"MCS_per_temperature=10, number_of_temperatures=10, schedule=logT"
50,1051984,-0.722066,0.63595438,1,0.63595438,NVIDIA Tesla V100-SXM2-32G,Population Annealing,,"MCS_per_temperature=10, number_of_temperatures=10, schedule=logT"
50,1051987,-0.746273,0.6321831703,1,0.6321831703,NVIDIA Tesla V100-SXM2-32G,Population Annealing,,"MCS_per_temperature=10, number_of_temperatures=10, schedule=logT"
50,1051990,-0.720642,0.6291704655,1,0.6291704655,NVIDIA Tesla V100-SXM2-32G,Population Annealing,,"MCS_per_temperature=10, number_of_temperatures=10, schedule=logT"
50,1051993,-0.752535,0.6203342438,1,0.6203342438,NVIDIA Tesla V100-SXM2-32G,Population Annealing,,"MCS_per_temperature=10, number_of_temperatures=10, schedule=logT"
50,1051996,-0.746680,0.6346746683,1,0.6346746683,NVIDIA Tesla V100-SXM2-32G,Population Annealing,,"MCS_per_temperature=10, number_of_temperatures=10, schedule=logT"
50,1051999,-0.733882,0.6290531635,1,0.6290531635,NVIDIA Tesla V100-SXM2-32G,Population Annealing,,"MCS_per_temperature=10, number_of_temperatures=10, schedule=logT"
50,1052002,-0.684776,0.629339838,1,0.629339838,NVIDIA Tesla V100-SXM2-32G,Population Annealing,,"MCS_per_temperature=10, number_of_temperatures=10, schedule=logT"
50,1052005,-0.723617,0.6284144402,1,0.6284144402,NVIDIA Tesla V100-SXM2-32G,Population Annealing,,"MCS_per_temperature=10, number_of_temperatures=10, schedule=logT"
50,1052008,-0.722599,0.6300307512,1,0.6300307512,NVIDIA Tesla V100-SXM2-32G,Population Annealing,,"MCS_per_temperature=10, number_of_temperatures=10, schedule=logT"
50,1052011,-0.707987,0.6195064783,1,0.6195064783,NVIDIA Tesla V100-SXM2-32G,Population Annealing,,"MCS_per_temperature=10, number_of_temperatures=10, schedule=logT"
50,1052014,-0.694690,0.632087326,1,0.632087326,NVIDIA Tesla V100-SXM2-32G,Population Annealing,,"MCS_per_temperature=10, number_of_temperatures=10, schedule=logT"
50,1052017,-0.708721,0.6281512737,1,0.6281512737,NVIDIA Tesla V100-SXM2-32G,Population Annealing,,"MCS_per_temperature=10, number_of_temperatures=10, schedule=logT"
50,1052020,-0.696717,0.6325186014,1,0.6325186014,NVIDIA Tesla V100-SXM2-32G,Population Annealing,,"MCS_per_temperature=10, number_of_temperatures=10, schedule=logT"
50,1052023,-0.711612,0.6315656185,1,0.6315656185,NVIDIA Tesla V100-SXM2-32G,Population Annealing,,"MCS_per_temperature=10, number_of_temperatures=10, schedule=logT"
50,1052026,-0.762827,0.6380671024,1,0.6380671024,NVIDIA Tesla V100-SXM2-32G,Population Annealing,,"MCS_per_temperature=10, number_of_temperatures=10, schedule=logT"
50,1052029,-0.686568,0.6315820217,1,0.6315820217,NVIDIA Tesla V100-SXM2-32G,Population Annealing,,"MCS_per_temperature=10, number_of_temperatures=10, schedule=logT"
100,1101732,-0.731463,0.9116450548,1,0.9116450548,NVIDIA Tesla V100-SXM2-32G,Population Annealing,,"MCS_per_temperature=10, number_of_temperatures=10, schedule=logT"
100,1101735,-0.760292,0.8951674461,1,0.8951674461,NVIDIA Tesla V100-SXM2-32G,Population Annealing,,"MCS_per_temperature=10, number_of_temperatures=10, schedule=logT"
100,1101738,-0.743551,0.9052549601,1,0.9052549601,NVIDIA Tesla V100-SXM2-32G,Population Annealing,,"MCS_per_temperature=10, number_of_temperatures=10, schedule=logT"
100,1101741,-0.752793,0.8995720863,1,0.8995720863,NVIDIA Tesla V100-SXM2-32G,Population Annealing,,"MCS_per_temperature=10, number_of_temperatures=10, schedule=logT"
100,1101744,-0.724495,0.8916544676,1,0.8916544676,NVIDIA Tesla V100-SXM2-32G,Population Annealing,,"MCS_per_temperature=10, number_of_temperatures=10, schedule=logT"
100,1101747,-0.691585,0.9068709373,1,0.9068709373,NVIDIA Tesla V100-SXM2-32G,Population Annealing,,"MCS_per_temperature=10, number_of_temperatures=10, schedule=logT"
100,1101750,-0.729122,0.8950284481,1,0.8950284481,NVIDIA Tesla V100-SXM2-32G,Population Annealing,,"MCS_per_temperature=10, number_of_temperatures=10, schedule=logT"
100,1101753,-0.701866,0.9061434269,1,0.9061434269,NVIDIA Tesla V100-SXM2-32G,Population Annealing,,"MCS_per_temperature=10, number_of_temperatures=10, schedule=logT"
100,1101756,-0.719600,0.9188185215,1,0.9188185215,NVIDIA Tesla V100-SXM2-32G,Population Annealing,,"MCS_per_temperature=10, number_of_temperatures=10, schedule=logT"
100,1101759,-0.738804,0.9000410795,1,0.9000410795,NVIDIA Tesla V100-SXM2-32G,Population Annealing,,"MCS_per_temperature=10, number_of_temperatures=10, schedule=logT"
100,1101762,-0.719522,0.9130422115,1,0.9130422115,NVIDIA Tesla V100-SXM2-32G,Population Annealing,,"MCS_per_temperature=10, number_of_temperatures=10, schedule=logT"
100,1101765,-0.743218,0.888926363,1,0.888926363,NVIDIA Tesla V100-SXM2-32G,Population Annealing,,"MCS_per_temperature=10, number_of_temperatures=10, schedule=logT"
100,1101768,-0.744955,0.8959423542,1,0.8959423542,NVIDIA Tesla V100-SXM2-32G,Population Annealing,,"MCS_per_temperature=10, number_of_temperatures=10, schedule=logT"
100,1101771,-0.727239,0.900834918,1,0.900834918,NVIDIA Tesla V100-SXM2-32G,Population Annealing,,"MCS_per_temperature=10, number_of_temperatures=10, schedule=logT"
100,1101774,-0.710759,0.8901773214,1,0.8901773214,NVIDIA Tesla V100-SXM2-32G,Population Annealing,,"MCS_per_temperature=10, number_of_temperatures=10, schedule=logT"
100,1101777,-0.729764,0.9157507896,1,0.9157507896,NVIDIA Tesla V100-SXM2-32G,Population Annealing,,"MCS_per_temperature=10, number_of_temperatures=10, schedule=logT"
100,1101780,-0.742680,0.9089430809,1,0.9089430809,NVIDIA Tesla V100-SXM2-32G,Population Annealing,,"MCS_per_temperature=10, number_of_temperatures=10, schedule=logT"
100,1101783,-0.706629,0.9119664431,1,0.9119664431,NVIDIA Tesla V100-SXM2-32G,Population Annealing,,"MCS_per_temperature=10, number_of_temperatures=10, schedule=logT"
100,1101786,-0.753158,0.8986464739,1,0.8986464739,NVIDIA Tesla V100-SXM2-32G,Population Annealing,,"MCS_per_temperature=10, number_of_temperatures=10, schedule=logT"
100,1101789,-0.733060,0.9172218084,1,0.9172218084,NVIDIA Tesla V100-SXM2-32G,Population Annealing,,"MCS_per_temperature=10, number_of_temperatures=10, schedule=logT"
100,1101792,-0.730915,0.8999323368,1,0.8999323368,NVIDIA Tesla V100-SXM2-32G,Population Annealing,,"MCS_per_temperature=10, number_of_temperatures=10, schedule=logT"
100,1101795,-0.728064,0.9084993124,1,0.9084993124,NVIDIA Tesla V100-SXM2-32G,Population Annealing,,"MCS_per_temperature=10, number_of_temperatures=10, schedule=logT"
100,1101798,-0.721073,0.9008936644,1,0.9008936644,NVIDIA Tesla V100-SXM2-32G,Population Annealing,,"MCS_per_temperature=10, number_of_temperatures=10, schedule=logT"
100,1101801,-0.779590,0.8962642431,1,0.8962642431,NVIDIA Tesla V100-SXM2-32G,Population Annealing,,"MCS_per_temperature=10, number_of_temperatures=10, schedule=logT"
100,1101804,-0.747487,0.8910853386,1,0.8910853386,NVIDIA Tesla V100-SXM2-32G,Population Annealing,,"MCS_per_temperature=10, number_of_temperatures=10, schedule=logT"
100,1101807,-0.736352,0.9027939796,1,0.9027939796,NVIDIA Tesla V100-SXM2-32G,Population Annealing,,"MCS_per_temperature=10, number_of_temperatures=10, schedule=logT"
100,1101810,-0.723233,0.9047813416,1,0.9047813416,NVIDIA Tesla V100-SXM2-32G,Population Annealing,,"MCS_per_temperature=10, number_of_temperatures=10, schedule=logT"
100,1101813,-0.727692,0.9113127947,1,0.9113127947,NVIDIA Tesla V100-SXM2-32G,Population Annealing,,"MCS_per_temperature=10, number_of_temperatures=10, schedule=logT"
100,1101816,-0.701203,0.9058616161,1,0.9058616161,NVIDIA Tesla V100-SXM2-32G,Population Annealing,,"MCS_per_temperature=10, number_of_temperatures=10, schedule=logT"
100,1101819,-0.739439,0.9068827629,1,0.9068827629,NVIDIA Tesla V100-SXM2-32G,Population Annealing,,"MCS_per_temperature=10, number_of_temperatures=10, schedule=logT"
100,1101822,-0.749001,0.9129083633,1,0.9129083633,NVIDIA Tesla V100-SXM2-32G,Population Annealing,,"MCS_per_temperature=10, number_of_temperatures=10, schedule=logT"
100,1101825,-0.720500,0.9093749285,1,0.9093749285,NVIDIA Tesla V100-SXM2-32G,Population Annealing,,"MCS_per_temperature=10, number_of_temperatures=10, schedule=logT"
100,1101828,-0.713972,0.9217885971,1,0.9217885971,NVIDIA Tesla V100-SXM2-32G,Population Annealing,,"MCS_per_temperature=10, number_of_temperatures=10, schedule=logT"
100,1101831,-0.737906,0.8967407227,1,0.8967407227,NVIDIA Tesla V100-SXM2-32G,Population Annealing,,"MCS_per_temperature=10, number_of_temperatures=10, schedule=logT"
100,1101834,-0.729491,0.912949729,1,0.912949729,NVIDIA Tesla V100-SXM2-32G,Population Annealing,,"MCS_per_temperature=10, number_of_temperatures=10, schedule=logT"
100,1101837,-0.717157,0.9098687172,1,0.9098687172,NVIDIA Tesla V100-SXM2-32G,Population Annealing,,"MCS_per_temperature=10, number_of_temperatures=10, schedule=logT"
100,1101840,-0.693537,0.9112594843,1,0.9112594843,NVIDIA Tesla V100-SXM2-32G,Population Annealing,,"MCS_per_temperature=10, number_of_temperatures=10, schedule=logT"
100,1101843,-0.723706,0.8841902733,1,0.8841902733,NVIDIA Tesla V100-SXM2-32G,Population Annealing,,"MCS_per_temperature=10, number_of_temperatures=10, schedule=logT"
100,1101846,-0.714790,0.9033206701,1,0.9033206701,NVIDIA Tesla V100-SXM2-32G,Population Annealing,,"MCS_per_temperature=10, number_of_temperatures=10, schedule=logT"
100,1101849,-0.747626,0.9185842991,1,0.9185842991,NVIDIA Tesla V100-SXM2-32G,Population Annealing,,"MCS_per_temperature=10, number_of_temperatures=10, schedule=logT"
100,1101852,-0.744525,0.8844665527,1,0.8844665527,NVIDIA Tesla V100-SXM2-32G,Population Annealing,,"MCS_per_temperature=10, number_of_temperatures=10, schedule=logT"
100,1101855,-0.794193,0.8824666023,1,0.8824666023,NVIDIA Tesla V100-SXM2-32G,Population Annealing,,"MCS_per_temperature=10, number_of_temperatures=10, schedule=logT"
100,1101858,-0.732309,0.9063438892,1,0.9063438892,NVIDIA Tesla V100-SXM2-32G,Population Annealing,,"MCS_per_temperature=10, number_of_temperatures=10, schedule=logT"
100,1101861,-0.717941,0.8899792194,1,0.8899792194,NVIDIA Tesla V100-SXM2-32G,Population Annealing,,"MCS_per_temperature=10, number_of_temperatures=10, schedule=logT"
100,1101864,-0.716514,0.9147440672,1,0.9147440672,NVIDIA Tesla V100-SXM2-32G,Population Annealing,,"MCS_per_temperature=10, number_of_temperatures=10, schedule=logT"
100,1101867,-0.761507,0.9066133976,1,0.9066133976,NVIDIA Tesla V100-SXM2-32G,Population Annealing,,"MCS_per_temperature=10, number_of_temperatures=10, schedule=logT"
100,1101870,-0.716272,0.9066749811,1,0.9066749811,NVIDIA Tesla V100-SXM2-32G,Population Annealing,,"MCS_per_temperature=10, number_of_temperatures=10, schedule=logT"
100,1101873,-0.722777,0.9088763475,1,0.9088763475,NVIDIA Tesla V100-SXM2-32G,Population Annealing,,"MCS_per_temperature=10, number_of_temperatures=10, schedule=logT"
100,1101876,-0.718362,0.8979585648,1,0.8979585648,NVIDIA Tesla V100-SXM2-32G,Population Annealing,,"MCS_per_temperature=10, number_of_temperatures=10, schedule=logT"
100,1101879,-0.713199,0.906938982,1,0.906938982,NVIDIA Tesla V100-SXM2-32G,Population Annealing,,"MCS_per_temperature=10, number_of_temperatures=10, schedule=logT"
100,1101882,-0.722671,0.9091632128,1,0.9091632128,NVIDIA Tesla V100-SXM2-32G,Population Annealing,,"MCS_per_temperature=10, number_of_temperatures=10, schedule=logT"
100,1101885,-0.725823,0.9065324545,1,0.9065324545,NVIDIA Tesla V100-SXM2-32G,Population Annealing,,"MCS_per_temperature=10, number_of_temperatures=10, schedule=logT"
100,1101888,-0.723548,0.9068489313,1,0.9068489313,NVIDIA Tesla V100-SXM2-32G,Population Annealing,,"MCS_per_temperature=10, number_of_temperatures=10, schedule=logT"
100,1101891,-0.739408,0.9015611172,1,0.9015611172,NVIDIA Tesla V100-SXM2-32G,Population Annealing,,"MCS_per_temperature=10, number_of_temperatures=10, schedule=logT"
100,1101894,-0.719771,0.9024682999,1,0.9024682999,NVIDIA Tesla V100-SXM2-32G,Population Annealing,,"MCS_per_temperature=10, number_of_temperatures=10, schedule=logT"
100,1101897,-0.712138,0.8996175051,1,0.8996175051,NVIDIA Tesla V100-SXM2-32G,Population Annealing,,"MCS_per_temperature=10, number_of_temperatures=10, schedule=logT"
100,1101900,-0.732188,0.9067153215,1,0.9067153215,NVIDIA Tesla V100-SXM2-32G,Population Annealing,,"MCS_per_temperature=10, number_of_temperatures=10, schedule=logT"
100,1101903,-0.737174,0.9089385271,1,0.9089385271,NVIDIA Tesla V100-SXM2-32G,Population Annealing,,"MCS_per_temperature=10, number_of_temperatures=10, schedule=logT"
100,1101906,-0.717022,0.9022552729,1,0.9022552729,NVIDIA Tesla V100-SXM2-32G,Population Annealing,,"MCS_per_temperature=10, number_of_temperatures=10, schedule=logT"
100,1101909,-0.727777,0.9027859211,1,0.9027859211,NVIDIA Tesla V100-SXM2-32G,Population Annealing,,"MCS_per_temperature=10, number_of_temperatures=10, schedule=logT"
100,1101912,-0.717226,0.9055613279,1,0.9055613279,NVIDIA Tesla V100-SXM2-32G,Population Annealing,,"MCS_per_temperature=10, number_of_temperatures=10, schedule=logT"
100,1101915,-0.721544,0.9057409525,1,0.9057409525,NVIDIA Tesla V100-SXM2-32G,Population Annealing,,"MCS_per_temperature=10, number_of_temperatures=10, schedule=logT"
100,1101918,-0.700196,0.9220487595,1,0.9220487595,NVIDIA Tesla V100-SXM2-32G,Population Annealing,,"MCS_per_temperature=10, number_of_temperatures=10, schedule=logT"
100,1101921,-0.714126,0.9108654737,1,0.9108654737,NVIDIA Tesla V100-SXM2-32G,Population Annealing,,"MCS_per_temperature=10, number_of_temperatures=10, schedule=logT"
100,1101924,-0.718876,0.9073526382,1,0.9073526382,NVIDIA Tesla V100-SXM2-32G,Population Annealing,,"MCS_per_temperature=10, number_of_temperatures=10, schedule=logT"
100,1101927,-0.713468,0.9105054855,1,0.9105054855,NVIDIA Tesla V100-SXM2-32G,Population Annealing,,"MCS_per_temperature=10, number_of_temperatures=10, schedule=logT"
100,1101930,-0.736016,0.8925652742,1,0.8925652742,NVIDIA Tesla V100-SXM2-32G,Population Annealing,,"MCS_per_temperature=10, number_of_temperatures=10, schedule=logT"
100,1101933,-0.731366,0.9020035505,1,0.9020035505,NVIDIA Tesla V100-SXM2-32G,Population Annealing,,"MCS_per_temperature=10, number_of_temperatures=10, schedule=logT"
100,1101936,-0.719815,0.9025123596,1,0.9025123596,NVIDIA Tesla V100-SXM2-32G,Population Annealing,,"MCS_per_temperature=10, number_of_temperatures=10, schedule=logT"
100,1101939,-0.717198,0.9072261333,1,0.9072261333,NVIDIA Tesla V100-SXM2-32G,Population Annealing,,"MCS_per_temperature=10, number_of_temperatures=10, schedule=logT"
100,1101942,-0.729520,0.8849997282,1,0.8849997282,NVIDIA Tesla V100-SXM2-32G,Population Annealing,,"MCS_per_temperature=10, number_of_temperatures=10, schedule=logT"
100,1101945,-0.709683,0.9017093897,1,0.9017093897,NVIDIA Tesla V100-SXM2-32G,Population Annealing,,"MCS_per_temperature=10, number_of_temperatures=10, schedule=logT"
100,1101948,-0.713934,0.9120242357,1,0.9120242357,NVIDIA Tesla V100-SXM2-32G,Population Annealing,,"MCS_per_temperature=10, number_of_temperatures=10, schedule=logT"
100,1101951,-0.711873,0.9163831949,1,0.9163831949,NVIDIA Tesla V100-SXM2-32G,Population Annealing,,"MCS_per_temperature=10, number_of_temperatures=10, schedule=logT"
100,1101954,-0.773536,0.9013059616,1,0.9013059616,NVIDIA Tesla V100-SXM2-32G,Population Annealing,,"MCS_per_temperature=10, number_of_temperatures=10, schedule=logT"
100,1101957,-0.697146,0.9172824383,1,0.9172824383,NVIDIA Tesla V100-SXM2-32G,Population Annealing,,"MCS_per_temperature=10, number_of_temperatures=10, schedule=logT"
100,1101960,-0.744489,0.9150202036,1,0.9150202036,NVIDIA Tesla V100-SXM2-32G,Population Annealing,,"MCS_per_temperature=10, number_of_temperatures=10, schedule=logT"
100,1101963,-0.711362,0.9094492197,1,0.9094492197,NVIDIA Tesla V100-SXM2-32G,Population Annealing,,"MCS_per_temperature=10, number_of_temperatures=10, schedule=logT"
100,1101966,-0.732542,0.8949731588,1,0.8949731588,NVIDIA Tesla V100-SXM2-32G,Population Annealing,,"MCS_per_temperature=10, number_of_temperatures=10, schedule=logT"
100,1101969,-0.744768,0.8965897083,1,0.8965897083,NVIDIA Tesla V100-SXM2-32G,Population Annealing,,"MCS_per_temperature=10, number_of_temperatures=10, schedule=logT"
100,1101972,-0.739857,0.9046430349,1,0.9046430349,NVIDIA Tesla V100-SXM2-32G,Population Annealing,,"MCS_per_temperature=10, number_of_temperatures=10, schedule=logT"
100,1101975,-0.732964,0.9159445763,1,0.9159445763,NVIDIA Tesla V100-SXM2-32G,Population Annealing,,"MCS_per_temperature=10, number_of_temperatures=10, schedule=logT"
100,1101978,-0.751628,0.9074666739,1,0.9074666739,NVIDIA Tesla V100-SXM2-32G,Population Annealing,,"MCS_per_temperature=10, number_of_temperatures=10, schedule=logT"
100,1101981,-0.711137,0.9058365822,1,0.9058365822,NVIDIA Tesla V100-SXM2-32G,Population Annealing,,"MCS_per_temperature=10, number_of_temperatures=10, schedule=logT"
100,1101984,-0.718403,0.9110759974,1,0.9110759974,NVIDIA Tesla V100-SXM2-32G,Population Annealing,,"MCS_per_temperature=10, number_of_temperatures=10, schedule=logT"
100,1101987,-0.761079,0.9078966856,1,0.9078966856,NVIDIA Tesla V100-SXM2-32G,Population Annealing,,"MCS_per_temperature=10, number_of_temperatures=10, schedule=logT"
100,1101990,-0.766396,0.8999207973,1,0.8999207973,NVIDIA Tesla V100-SXM2-32G,Population Annealing,,"MCS_per_temperature=10, number_of_temperatures=10, schedule=logT"
100,1101993,-0.738247,0.9027732849,1,0.9027732849,NVIDIA Tesla V100-SXM2-32G,Population Annealing,,"MCS_per_temperature=10, number_of_temperatures=10, schedule=logT"
100,1101996,-0.739563,0.9101007462,1,0.9101007462,NVIDIA Tesla V100-SXM2-32G,Population Annealing,,"MCS_per_temperature=10, number_of_temperatures=10, schedule=logT"
100,1101999,-0.711776,0.9131661654,1,0.9131661654,NVIDIA Tesla V100-SXM2-32G,Population Annealing,,"MCS_per_temperature=10, number_of_temperatures=10, schedule=logT"
100,1102002,-0.701959,0.9015447855,1,0.9015447855,NVIDIA Tesla V100-SXM2-32G,Population Annealing,,"MCS_per_temperature=10, number_of_temperatures=10, schedule=logT"
100,1102005,-0.715154,0.9150155306,1,0.9150155306,NVIDIA Tesla V100-SXM2-32G,Population Annealing,,"MCS_per_temperature=10, number_of_temperatures=10, schedule=logT"
100,1102008,-0.723472,0.9071302176,1,0.9071302176,NVIDIA Tesla V100-SXM2-32G,Population Annealing,,"MCS_per_temperature=10, number_of_temperatures=10, schedule=logT"
100,1102011,-0.724897,0.9167324066,1,0.9167324066,NVIDIA Tesla V100-SXM2-32G,Population Annealing,,"MCS_per_temperature=10, number_of_temperatures=10, schedule=logT"
100,1102014,-0.738893,0.9092039108,1,0.9092039108,NVIDIA Tesla V100-SXM2-32G,Population Annealing,,"MCS_per_temperature=10, number_of_temperatures=10, schedule=logT"
100,1102017,-0.698558,0.9125668287,1,0.9125668287,NVIDIA Tesla V100-SXM2-32G,Population Annealing,,"MCS_per_temperature=10, number_of_temperatures=10, schedule=logT"
100,1102020,-0.687226,0.9115041733,1,0.9115041733,NVIDIA Tesla V100-SXM2-32G,Population Annealing,,"MCS_per_temperature=10, number_of_temperatures=10, schedule=logT"
100,1102023,-0.738345,0.9051904917,1,0.9051904917,NVIDIA Tesla V100-SXM2-32G,Population Annealing,,"MCS_per_temperature=10, number_of_temperatures=10, schedule=logT"
100,1102026,-0.730657,0.9098465919,1,0.9098465919,NVIDIA Tesla V100-SXM2-32G,Population Annealing,,"MCS_per_temperature=10, number_of_temperatures=10, schedule=logT"
100,1102029,-0.729473,0.9049428225,1,0.9049428225,NVIDIA Tesla V100-SXM2-32G,Population Annealing,,"MCS_per_temperature=10, number_of_temperatures=10, schedule=logT"
200,1201732,-0.736522,1.528891778,1,1.528891778,NVIDIA Tesla V100-SXM2-32G,Population Annealing,,"MCS_per_temperature=10, number_of_temperatures=10, schedule=logT"
200,1201735,-0.752352,1.509723568,1,1.509723568,NVIDIA Tesla V100-SXM2-32G,Population Annealing,,"MCS_per_temperature=10, number_of_temperatures=10, schedule=logT"
200,1201738,-0.744616,1.533253384,1,1.533253384,NVIDIA Tesla V100-SXM2-32G,Population Annealing,,"MCS_per_temperature=10, number_of_temperatures=10, schedule=logT"
200,1201741,-0.751441,1.50565629,1,1.50565629,NVIDIA Tesla V100-SXM2-32G,Population Annealing,,"MCS_per_temperature=10, number_of_temperatures=10, schedule=logT"
200,1201744,-0.758601,1.51256423,1,1.51256423,NVIDIA Tesla V100-SXM2-32G,Population Annealing,,"MCS_per_temperature=10, number_of_temperatures=10, schedule=logT"
200,1201747,-0.738297,1.513945055,1,1.513945055,NVIDIA Tesla V100-SXM2-32G,Population Annealing,,"MCS_per_temperature=10, number_of_temperatures=10, schedule=logT"
200,1201750,-0.740937,1.52765274,1,1.52765274,NVIDIA Tesla V100-SXM2-32G,Population Annealing,,"MCS_per_temperature=10, number_of_temperatures=10, schedule=logT"
200,1201753,-0.765756,1.478561282,1,1.478561282,NVIDIA Tesla V100-SXM2-32G,Population Annealing,,"MCS_per_temperature=10, number_of_temperatures=10, schedule=logT"
200,1201756,-0.752221,1.508426213,1,1.508426213,NVIDIA Tesla V100-SXM2-32G,Population Annealing,,"MCS_per_temperature=10, number_of_temperatures=10, schedule=logT"
200,1201759,-0.749979,1.51345315,1,1.51345315,NVIDIA Tesla V100-SXM2-32G,Population Annealing,,"MCS_per_temperature=10, number_of_temperatures=10, schedule=logT"
200,1201762,-0.738356,1.511195636,1,1.511195636,NVIDIA Tesla V100-SXM2-32G,Population Annealing,,"MCS_per_temperature=10, number_of_temperatures=10, schedule=logT"
200,1201765,-0.729230,1.50907979,1,1.50907979,NVIDIA Tesla V100-SXM2-32G,Population Annealing,,"MCS_per_temperature=10, number_of_temperatures=10, schedule=logT"
200,1201768,-0.726671,1.530919003,1,1.530919003,NVIDIA Tesla V100-SXM2-32G,Population Annealing,,"MCS_per_temperature=10, number_of_temperatures=10, schedule=logT"
200,1201771,-0.740429,1.508621335,1,1.508621335,NVIDIA Tesla V100-SXM2-32G,Population Annealing,,"MCS_per_temperature=10, number_of_temperatures=10, schedule=logT"
200,1201774,-0.742038,1.489534497,1,1.489534497,NVIDIA Tesla V100-SXM2-32G,Population Annealing,,"MCS_per_temperature=10, number_of_temperatures=10, schedule=logT"
200,1201777,-0.743682,1.532219839,1,1.532219839,NVIDIA Tesla V100-SXM2-32G,Population Annealing,,"MCS_per_temperature=10, number_of_temperatures=10, schedule=logT"
200,1201780,-0.757792,1.534029841,1,1.534029841,NVIDIA Tesla V100-SXM2-32G,Population Annealing,,"MCS_per_temperature=10, number_of_temperatures=10, schedule=logT"
200,1201783,-0.724741,1.505850053,1,1.505850053,NVIDIA Tesla V100-SXM2-32G,Population Annealing,,"MCS_per_temperature=10, number_of_temperatures=10, schedule=logT"
200,1201786,-0.723742,1.526812243,1,1.526812243,NVIDIA Tesla V100-SXM2-32G,Population Annealing,,"MCS_per_temperature=10, number_of_temperatures=10, schedule=logT"
200,1201789,-0.755843,1.5045995,1,1.5045995,NVIDIA Tesla V100-SXM2-32G,Population Annealing,,"MCS_per_temperature=10, number_of_temperatures=10, schedule=logT"
200,1201792,-0.730800,1.522226548,1,1.522226548,NVIDIA Tesla V100-SXM2-32G,Population Annealing,,"MCS_per_temperature=10, number_of_temperatures=10, schedule=logT"
200,1201795,-0.754258,1.511980367,1,1.511980367,NVIDIA Tesla V100-SXM2-32G,Population Annealing,,"MCS_per_temperature=10, number_of_temperatures=10, schedule=logT"
200,1201798,-0.742141,1.508130145,1,1.508130145,NVIDIA Tesla V100-SXM2-32G,Population Annealing,,"MCS_per_temperature=10, number_of_temperatures=10, schedule=logT"
200,1201801,-0.752055,1.502027798,1,1.502027798,NVIDIA Tesla V100-SXM2-32G,Population Annealing,,"MCS_per_temperature=10, number_of_temperatures=10, schedule=logT"
200,1201804,-0.719622,1.523583388,1,1.523583388,NVIDIA Tesla V100-SXM2-32G,Population Annealing,,"MCS_per_temperature=10, number_of_temperatures=10, schedule=logT"
200,1201807,-0.740271,1.512266612,1,1.512266612,NVIDIA Tesla V100-SXM2-32G,Population Annealing,,"MCS_per_temperature=10, number_of_temperatures=10, schedule=logT"
200,1201810,-0.744093,1.526923323,1,1.526923323,NVIDIA Tesla V100-SXM2-32G,Population Annealing,,"MCS_per_temperature=10, number_of_temperatures=10, schedule=logT"
200,1201813,-0.745578,1.499780989,1,1.499780989,NVIDIA Tesla V100-SXM2-32G,Population Annealing,,"MCS_per_temperature=10, number_of_temperatures=10, schedule=logT"
200,1201816,-0.731314,1.497449398,1,1.497449398,NVIDIA Tesla V100-SXM2-32G,Population Annealing,,"MCS_per_temperature=10, number_of_temperatures=10, schedule=logT"
200,1201819,-0.739830,1.50745914,1,1.50745914,NVIDIA Tesla V100-SXM2-32G,Population Annealing,,"MCS_per_temperature=10, number_of_temperatures=10, schedule=logT"
200,1201822,-0.725311,1.511169291,1,1.511169291,NVIDIA Tesla V100-SXM2-32G,Population Annealing,,"MCS_per_temperature=10, number_of_temperatures=10, schedule=logT"
200,1201825,-0.757817,1.532926321,1,1.532926321,NVIDIA Tesla V100-SXM2-32G,Population Annealing,,"MCS_per_temperature=10, number_of_temperatures=10, schedule=logT"
200,1201828,-0.742735,1.513714337,1,1.513714337,NVIDIA Tesla V100-SXM2-32G,Population Annealing,,"MCS_per_temperature=10, number_of_temperatures=10, schedule=logT"
200,1201831,-0.754137,1.481039238,1,1.481039238,NVIDIA Tesla V100-SXM2-32G,Population Annealing,,"MCS_per_temperature=10, number_of_temperatures=10, schedule=logT"
200,1201834,-0.739004,1.511709833,1,1.511709833,NVIDIA Tesla V100-SXM2-32G,Population Annealing,,"MCS_per_temperature=10, number_of_temperatures=10, schedule=logT"
200,1201837,-0.755643,1.550772309,1,1.550772309,NVIDIA Tesla V100-SXM2-32G,Population Annealing,,"MCS_per_temperature=10, number_of_temperatures=10, schedule=logT"
200,1201840,-0.744032,1.505065465,1,1.505065465,NVIDIA Tesla V100-SXM2-32G,Population Annealing,,"MCS_per_temperature=10, number_of_temperatures=10, schedule=logT"
200,1201843,-0.727460,1.53462584,1,1.53462584,NVIDIA Tesla V100-SXM2-32G,Population Annealing,,"MCS_per_temperature=10, number_of_temperatures=10, schedule=logT"
200,1201846,-0.729343,1.503763437,1,1.503763437,NVIDIA Tesla V100-SXM2-32G,Population Annealing,,"MCS_per_temperature=10, number_of_temperatures=10, schedule=logT"
200,1201849,-0.759116,1.505464482,1,1.505464482,NVIDIA Tesla V100-SXM2-32G,Population Annealing,,"MCS_per_temperature=10, number_of_temperatures=10, schedule=logT"
200,1201852,-0.713844,1.508417892,1,1.508417892,NVIDIA Tesla V100-SXM2-32G,Population Annealing,,"MCS_per_temperature=10, number_of_temperatures=10, schedule=logT"
200,1201855,-0.735121,1.495757532,1,1.495757532,NVIDIA Tesla V100-SXM2-32G,Population Annealing,,"MCS_per_temperature=10, number_of_temperatures=10, schedule=logT"
200,1201858,-0.737462,1.53109827,1,1.53109827,NVIDIA Tesla V100-SXM2-32G,Population Annealing,,"MCS_per_temperature=10, number_of_temperatures=10, schedule=logT"
200,1201861,-0.753073,1.525850964,1,1.525850964,NVIDIA Tesla V100-SXM2-32G,Population Annealing,,"MCS_per_temperature=10, number_of_temperatures=10, schedule=logT"
200,1201864,-0.758906,1.507459688,1,1.507459688,NVIDIA Tesla V100-SXM2-32G,Population Annealing,,"MCS_per_temperature=10, number_of_temperatures=10, schedule=logT"
200,1201867,-0.729322,1.51440897,1,1.51440897,NVIDIA Tesla V100-SXM2-32G,Population Annealing,,"MCS_per_temperature=10, number_of_temperatures=10, schedule=logT"
200,1201870,-0.728262,1.513086319,1,1.513086319,NVIDIA Tesla V100-SXM2-32G,Population Annealing,,"MCS_per_temperature=10, number_of_temperatures=10, schedule=logT"
200,1201873,-0.750260,1.477790427,1,1.477790427,NVIDIA Tesla V100-SXM2-32G,Population Annealing,,"MCS_per_temperature=10, number_of_temperatures=10, schedule=logT"
200,1201876,-0.740049,1.524797368,1,1.524797368,NVIDIA Tesla V100-SXM2-32G,Population Annealing,,"MCS_per_temperature=10, number_of_temperatures=10, schedule=logT"
200,1201879,-0.748392,1.528889489,1,1.528889489,NVIDIA Tesla V100-SXM2-32G,Population Annealing,,"MCS_per_temperature=10, number_of_temperatures=10, schedule=logT"
200,1201882,-0.737235,1.504366589,1,1.504366589,NVIDIA Tesla V100-SXM2-32G,Population Annealing,,"MCS_per_temperature=10, number_of_temperatures=10, schedule=logT"
200,1201885,-0.741240,1.498558092,1,1.498558092,NVIDIA Tesla V100-SXM2-32G,Population Annealing,,"MCS_per_temperature=10, number_of_temperatures=10, schedule=logT"
200,1201888,-0.745954,1.519575953,1,1.519575953,NVIDIA Tesla V100-SXM2-32G,Population Annealing,,"MCS_per_temperature=10, number_of_temperatures=10, schedule=logT"
200,1201891,-0.738878,1.515686393,1,1.515686393,NVIDIA Tesla V100-SXM2-32G,Population Annealing,,"MCS_per_temperature=10, number_of_temperatures=10, schedule=logT"
200,1201894,-0.729804,1.528696895,1,1.528696895,NVIDIA Tesla V100-SXM2-32G,Population Annealing,,"MCS_per_temperature=10, number_of_temperatures=10, schedule=logT"
200,1201897,-0.721236,1.510616779,1,1.510616779,NVIDIA Tesla V100-SXM2-32G,Population Annealing,,"MCS_per_temperature=10, number_of_temperatures=10, schedule=logT"
200,1201900,-0.738590,1.516196251,1,1.516196251,NVIDIA Tesla V100-SXM2-32G,Population Annealing,,"MCS_per_temperature=10, number_of_temperatures=10, schedule=logT"
200,1201903,-0.738158,1.491901493,1,1.491901493,NVIDIA Tesla V100-SXM2-32G,Population Annealing,,"MCS_per_temperature=10, number_of_temperatures=10, schedule=logT"
200,1201906,-0.725397,1.515053892,1,1.515053892,NVIDIA Tesla V100-SXM2-32G,Population Annealing,,"MCS_per_temperature=10, number_of_temperatures=10, schedule=logT"
200,1201909,-0.727779,1.515734935,1,1.515734935,NVIDIA Tesla V100-SXM2-32G,Population Annealing,,"MCS_per_temperature=10, number_of_temperatures=10, schedule=logT"
200,1201912,-0.735361,1.529131365,1,1.529131365,NVIDIA Tesla V100-SXM2-32G,Population Annealing,,"MCS_per_temperature=10, number_of_temperatures=10, schedule=logT"
200,1201915,-0.741483,1.490627074,1,1.490627074,NVIDIA Tesla V100-SXM2-32G,Population Annealing,,"MCS_per_temperature=10, number_of_temperatures=10, schedule=logT"
200,1201918,-0.746186,1.528296733,1,1.528296733,NVIDIA Tesla V100-SXM2-32G,Population Annealing,,"MCS_per_temperature=10, number_of_temperatures=10, schedule=logT"
200,1201921,-0.743271,1.51365943,1,1.51365943,NVIDIA Tesla V100-SXM2-32G,Population Annealing,,"MCS_per_temperature=10, number_of_temperatures=10, schedule=logT"
200,1201924,-0.730365,1.496146345,1,1.496146345,NVIDIA Tesla V100-SXM2-32G,Population Annealing,,"MCS_per_temperature=10, number_of_temperatures=10, schedule=logT"
200,1201927,-0.736923,1.500995469,1,1.500995469,NVIDIA Tesla V100-SXM2-32G,Population Annealing,,"MCS_per_temperature=10, number_of_temperatures=10, schedule=logT"
200,1201930,-0.746982,1.479877853,1,1.479877853,NVIDIA Tesla V100-SXM2-32G,Population Annealing,,"MCS_per_temperature=10, number_of_temperatures=10, schedule=logT"
200,1201933,-0.738263,1.5057307,1,1.5057307,NVIDIA Tesla V100-SXM2-32G,Population Annealing,,"MCS_per_temperature=10, number_of_temperatures=10, schedule=logT"
200,1201936,-0.740186,1.530252385,1,1.530252385,NVIDIA Tesla V100-SXM2-32G,Population Annealing,,"MCS_per_temperature=10, number_of_temperatures=10, schedule=logT"
200,1201939,-0.734611,1.505979967,1,1.505979967,NVIDIA Tesla V100-SXM2-32G,Population Annealing,,"MCS_per_temperature=10, number_of_temperatures=10, schedule=logT"
200,1201942,-0.735226,1.50282948,1,1.50282948,NVIDIA Tesla V100-SXM2-32G,Population Annealing,,"MCS_per_temperature=10, number_of_temperatures=10, schedule=logT"
200,1201945,-0.736444,1.502684617,1,1.502684617,NVIDIA Tesla V100-SXM2-32G,Population Annealing,,"MCS_per_temperature=10, number_of_temperatures=10, schedule=logT"
200,1201948,-0.734839,1.510941887,1,1.510941887,NVIDIA Tesla V100-SXM2-32G,Population Annealing,,"MCS_per_temperature=10, number_of_temperatures=10, schedule=logT"
200,1201951,-0.748692,1.53351934,1,1.53351934,NVIDIA Tesla V100-SXM2-32G,Population Annealing,,"MCS_per_temperature=10, number_of_temperatures=10, schedule=logT"
200,1201954,-0.744243,1.523764038,1,1.523764038,NVIDIA Tesla V100-SXM2-32G,Population Annealing,,"MCS_per_temperature=10, number_of_temperatures=10, schedule=logT"
200,1201957,-0.740913,1.510612273,1,1.510612273,NVIDIA Tesla V100-SXM2-32G,Population Annealing,,"MCS_per_temperature=10, number_of_temperatures=10, schedule=logT"
200,1201960,-0.748046,1.518178225,1,1.518178225,NVIDIA Tesla V100-SXM2-32G,Population Annealing,,"MCS_per_temperature=10, number_of_temperatures=10, schedule=logT"
200,1201963,-0.746689,1.518031406,1,1.518031406,NVIDIA Tesla V100-SXM2-32G,Population Annealing,,"MCS_per_temperature=10, number_of_temperatures=10, schedule=logT"
200,1201966,-0.728459,1.506949186,1,1.506949186,NVIDIA Tesla V100-SXM2-32G,Population Annealing,,"MCS_per_temperature=10, number_of_temperatures=10, schedule=logT"
200,1201969,-0.728042,1.503729224,1,1.503729224,NVIDIA Tesla V100-SXM2-32G,Population Annealing,,"MCS_per_temperature=10, number_of_temperatures=10, schedule=logT"
200,1201972,-0.737060,1.479409456,1,1.479409456,NVIDIA Tesla V100-SXM2-32G,Population Annealing,,"MCS_per_temperature=10, number_of_temperatures=10, schedule=logT"
200,1201975,-0.743503,1.509238505,1,1.509238505,NVIDIA Tesla V100-SXM2-32G,Population Annealing,,"MCS_per_temperature=10, number_of_temperatures=10, schedule=logT"
200,1201978,-0.754570,1.503784418,1,1.503784418,NVIDIA Tesla V100-SXM2-32G,Population Annealing,,"MCS_per_temperature=10, number_of_temperatures=10, schedule=logT"
200,1201981,-0.751408,1.515665793,1,1.515665793,NVIDIA Tesla V100-SXM2-32G,Population Annealing,,"MCS_per_temperature=10, number_of_temperatures=10, schedule=logT"
200,1201984,-0.745514,1.523434258,1,1.523434258,NVIDIA Tesla V100-SXM2-32G,Population Annealing,,"MCS_per_temperature=10, number_of_temperatures=10, schedule=logT"
200,1201987,-0.746495,1.500110912,1,1.500110912,NVIDIA Tesla V100-SXM2-32G,Population Annealing,,"MCS_per_temperature=10, number_of_temperatures=10, schedule=logT"
200,1201990,-0.734621,1.528555059,1,1.528555059,NVIDIA Tesla V100-SXM2-32G,Population Annealing,,"MCS_per_temperature=10, number_of_temperatures=10, schedule=logT"
200,1201993,-0.756657,1.513557649,1,1.513557649,NVIDIA Tesla V100-SXM2-32G,Population Annealing,,"MCS_per_temperature=10, number_of_temperatures=10, schedule=logT"
200,1201996,-0.742097,1.518994808,1,1.518994808,NVIDIA Tesla V100-SXM2-32G,Population Annealing,,"MCS_per_temperature=10, number_of_temperatures=10, schedule=logT"
200,1201999,-0.747167,1.51960156,1,1.51960156,NVIDIA Tesla V100-SXM2-32G,Population Annealing,,"MCS_per_temperature=10, number_of_temperatures=10, schedule=logT"
200,1202002,-0.756529,1.516990495,1,1.516990495,NVIDIA Tesla V100-SXM2-32G,Population Annealing,,"MCS_per_temperature=10, number_of_temperatures=10, schedule=logT"
200,1202005,-0.736046,1.525864673,1,1.525864673,NVIDIA Tesla V100-SXM2-32G,Population Annealing,,"MCS_per_temperature=10, number_of_temperatures=10, schedule=logT"
200,1202008,-0.733822,1.503302383,1,1.503302383,NVIDIA Tesla V100-SXM2-32G,Population Annealing,,"MCS_per_temperature=10, number_of_temperatures=10, schedule=logT"
200,1202011,-0.763518,1.532947874,1,1.532947874,NVIDIA Tesla V100-SXM2-32G,Population Annealing,,"MCS_per_temperature=10, number_of_temperatures=10, schedule=logT"
200,1202014,-0.734860,1.528980374,1,1.528980374,NVIDIA Tesla V100-SXM2-32G,Population Annealing,,"MCS_per_temperature=10, number_of_temperatures=10, schedule=logT"
200,1202017,-0.755485,1.523367572,1,1.523367572,NVIDIA Tesla V100-SXM2-32G,Population Annealing,,"MCS_per_temperature=10, number_of_temperatures=10, schedule=logT"
200,1202020,-0.743062,1.50293498,1,1.50293498,NVIDIA Tesla V100-SXM2-32G,Population Annealing,,"MCS_per_temperature=10, number_of_temperatures=10, schedule=logT"
200,1202023,-0.734375,1.527908659,1,1.527908659,NVIDIA Tesla V100-SXM2-32G,Population Annealing,,"MCS_per_temperature=10, number_of_temperatures=10, schedule=logT"
200,1202026,-0.738091,1.529535174,1,1.529535174,NVIDIA Tesla V100-SXM2-32G,Population Annealing,,"MCS_per_temperature=10, number_of_temperatures=10, schedule=logT"
200,1202029,-0.748462,1.516966748,1,1.516966748,NVIDIA Tesla V100-SXM2-32G,Population Annealing,,"MCS_per_temperature=10, number_of_temperatures=10, schedule=logT"
300,1301732,-0.741660,2.058014607,1,2.058014607,NVIDIA Tesla V100-SXM2-32G,Population Annealing,,"MCS_per_temperature=10, number_of_temperatures=10, schedule=logT"
300,1301735,-0.750046,2.038752913,1,2.038752913,NVIDIA Tesla V100-SXM2-32G,Population Annealing,,"MCS_per_temperature=10, number_of_temperatures=10, schedule=logT"
300,1301738,-0.740541,2.083627772,1,2.083627772,NVIDIA Tesla V100-SXM2-32G,Population Annealing,,"MCS_per_temperature=10, number_of_temperatures=10, schedule=logT"
300,1301741,-0.735649,2.073852086,1,2.073852086,NVIDIA Tesla V100-SXM2-32G,Population Annealing,,"MCS_per_temperature=10, number_of_temperatures=10, schedule=logT"
300,1301744,-0.744259,2.056048536,1,2.056048536,NVIDIA Tesla V100-SXM2-32G,Population Annealing,,"MCS_per_temperature=10, number_of_temperatures=10, schedule=logT"
300,1301747,-0.740427,2.073849988,1,2.073849988,NVIDIA Tesla V100-SXM2-32G,Population Annealing,,"MCS_per_temperature=10, number_of_temperatures=10, schedule=logT"
300,1301750,-0.753784,2.047315478,1,2.047315478,NVIDIA Tesla V100-SXM2-32G,Population Annealing,,"MCS_per_temperature=10, number_of_temperatures=10, schedule=logT"
300,1301753,-0.736924,2.046731138,1,2.046731138,NVIDIA Tesla V100-SXM2-32G,Population Annealing,,"MCS_per_temperature=10, number_of_temperatures=10, schedule=logT"
300,1301756,-0.754342,2.031147075,1,2.031147075,NVIDIA Tesla V100-SXM2-32G,Population Annealing,,"MCS_per_temperature=10, number_of_temperatures=10, schedule=logT"
300,1301759,-0.755728,2.069774342,1,2.069774342,NVIDIA Tesla V100-SXM2-32G,Population Annealing,,"MCS_per_temperature=10, number_of_temperatures=10, schedule=logT"
300,1301762,-0.742082,1.998679304,1,1.998679304,NVIDIA Tesla V100-SXM2-32G,Population Annealing,,"MCS_per_temperature=10, number_of_temperatures=10, schedule=logT"
300,1301765,-0.759703,2.059295011,1,2.059295011,NVIDIA Tesla V100-SXM2-32G,Population Annealing,,"MCS_per_temperature=10, number_of_temperatures=10, schedule=logT"
300,1301768,-0.750269,2.031915331,1,2.031915331,NVIDIA Tesla V100-SXM2-32G,Population Annealing,,"MCS_per_temperature=10, number_of_temperatures=10, schedule=logT"
300,1301771,-0.759158,2.068690085,1,2.068690085,NVIDIA Tesla V100-SXM2-32G,Population Annealing,,"MCS_per_temperature=10, number_of_temperatures=10, schedule=logT"
300,1301774,-0.752751,2.041487408,1,2.041487408,NVIDIA Tesla V100-SXM2-32G,Population Annealing,,"MCS_per_temperature=10, number_of_temperatures=10, schedule=logT"
300,1301777,-0.739648,2.063830161,1,2.063830161,NVIDIA Tesla V100-SXM2-32G,Population Annealing,,"MCS_per_temperature=10, number_of_temperatures=10, schedule=logT"
300,1301780,-0.738650,2.057302451,1,2.057302451,NVIDIA Tesla V100-SXM2-32G,Population Annealing,,"MCS_per_temperature=10, number_of_temperatures=10, schedule=logT"
300,1301783,-0.738056,2.068464518,1,2.068464518,NVIDIA Tesla V100-SXM2-32G,Population Annealing,,"MCS_per_temperature=10, number_of_temperatures=10, schedule=logT"
300,1301786,-0.754114,2.045384049,1,2.045384049,NVIDIA Tesla V100-SXM2-32G,Population Annealing,,"MCS_per_temperature=10, number_of_temperatures=10, schedule=logT"
300,1301789,-0.757090,2.053345823,1,2.053345823,NVIDIA Tesla V100-SXM2-32G,Population Annealing,,"MCS_per_temperature=10, number_of_temperatures=10, schedule=logT"
300,1301792,-0.750405,2.070530415,1,2.070530415,NVIDIA Tesla V100-SXM2-32G,Population Annealing,,"MCS_per_temperature=10, number_of_temperatures=10, schedule=logT"
300,1301795,-0.749628,2.060098672,1,2.060098672,NVIDIA Tesla V100-SXM2-32G,Population Annealing,,"MCS_per_temperature=10, number_of_temperatures=10, schedule=logT"
300,1301798,-0.747520,2.076165128,1,2.076165128,NVIDIA Tesla V100-SXM2-32G,Population Annealing,,"MCS_per_temperature=10, number_of_temperatures=10, schedule=logT"
300,1301801,-0.772631,2.069688773,1,2.069688773,NVIDIA Tesla V100-SXM2-32G,Population Annealing,,"MCS_per_temperature=10, number_of_temperatures=10, schedule=logT"
300,1301804,-0.742546,2.056147456,1,2.056147456,NVIDIA Tesla V100-SXM2-32G,Population Annealing,,"MCS_per_temperature=10, number_of_temperatures=10, schedule=logT"
300,1301807,-0.754144,2.050835562,1,2.050835562,NVIDIA Tesla V100-SXM2-32G,Population Annealing,,"MCS_per_temperature=10, number_of_temperatures=10, schedule=logT"
300,1301810,-0.744185,2.065291977,1,2.065291977,NVIDIA Tesla V100-SXM2-32G,Population Annealing,,"MCS_per_temperature=10, number_of_temperatures=10, schedule=logT"
300,1301813,-0.747894,2.027893114,1,2.027893114,NVIDIA Tesla V100-SXM2-32G,Population Annealing,,"MCS_per_temperature=10, number_of_temperatures=10, schedule=logT"
300,1301816,-0.752873,2.065748334,1,2.065748334,NVIDIA Tesla V100-SXM2-32G,Population Annealing,,"MCS_per_temperature=10, number_of_temperatures=10, schedule=logT"
300,1301819,-0.742655,2.040187597,1,2.040187597,NVIDIA Tesla V100-SXM2-32G,Population Annealing,,"MCS_per_temperature=10, number_of_temperatures=10, schedule=logT"
300,1301822,-0.736043,2.058091998,1,2.058091998,NVIDIA Tesla V100-SXM2-32G,Population Annealing,,"MCS_per_temperature=10, number_of_temperatures=10, schedule=logT"
300,1301825,-0.741320,2.06387639,1,2.06387639,NVIDIA Tesla V100-SXM2-32G,Population Annealing,,"MCS_per_temperature=10, number_of_temperatures=10, schedule=logT"
300,1301828,-0.754923,2.065184808,1,2.065184808,NVIDIA Tesla V100-SXM2-32G,Population Annealing,,"MCS_per_temperature=10, number_of_temperatures=10, schedule=logT"
300,1301831,-0.760743,2.030259705,1,2.030259705,NVIDIA Tesla V100-SXM2-32G,Population Annealing,,"MCS_per_temperature=10, number_of_temperatures=10, schedule=logT"
300,1301834,-0.740673,2.046796656,1,2.046796656,NVIDIA Tesla V100-SXM2-32G,Population Annealing,,"MCS_per_temperature=10, number_of_temperatures=10, schedule=logT"
300,1301837,-0.745915,2.08179307,1,2.08179307,NVIDIA Tesla V100-SXM2-32G,Population Annealing,,"MCS_per_temperature=10, number_of_temperatures=10, schedule=logT"
300,1301840,-0.731127,2.039600658,1,2.039600658,NVIDIA Tesla V100-SXM2-32G,Population Annealing,,"MCS_per_temperature=10, number_of_temperatures=10, schedule=logT"
300,1301843,-0.749456,2.032085395,1,2.032085395,NVIDIA Tesla V100-SXM2-32G,Population Annealing,,"MCS_per_temperature=10, number_of_temperatures=10, schedule=logT"
300,1301846,-0.749777,2.050372672,1,2.050372672,NVIDIA Tesla V100-SXM2-32G,Population Annealing,,"MCS_per_temperature=10, number_of_temperatures=10, schedule=logT"
300,1301849,-0.751751,2.080973601,1,2.080973601,NVIDIA Tesla V100-SXM2-32G,Population Annealing,,"MCS_per_temperature=10, number_of_temperatures=10, schedule=logT"
300,1301852,-0.738399,2.071205974,1,2.071205974,NVIDIA Tesla V100-SXM2-32G,Population Annealing,,"MCS_per_temperature=10, number_of_temperatures=10, schedule=logT"
300,1301855,-0.741814,2.086145353,1,2.086145353,NVIDIA Tesla V100-SXM2-32G,Population Annealing,,"MCS_per_temperature=10, number_of_temperatures=10, schedule=logT"
300,1301858,-0.748648,2.044467998,1,2.044467998,NVIDIA Tesla V100-SXM2-32G,Population Annealing,,"MCS_per_temperature=10, number_of_temperatures=10, schedule=logT"
300,1301861,-0.742954,2.070029926,1,2.070029926,NVIDIA Tesla V100-SXM2-32G,Population Annealing,,"MCS_per_temperature=10, number_of_temperatures=10, schedule=logT"
300,1301864,-0.737563,2.062642813,1,2.062642813,NVIDIA Tesla V100-SXM2-32G,Population Annealing,,"MCS_per_temperature=10, number_of_temperatures=10, schedule=logT"
300,1301867,-0.738699,2.048497367,1,2.048497367,NVIDIA Tesla V100-SXM2-32G,Population Annealing,,"MCS_per_temperature=10, number_of_temperatures=10, schedule=logT"
300,1301870,-0.743895,2.035453916,1,2.035453916,NVIDIA Tesla V100-SXM2-32G,Population Annealing,,"MCS_per_temperature=10, number_of_temperatures=10, schedule=logT"
300,1301873,-0.746064,2.063584805,1,2.063584805,NVIDIA Tesla V100-SXM2-32G,Population Annealing,,"MCS_per_temperature=10, number_of_temperatures=10, schedule=logT"
300,1301876,-0.760647,2.024796462,1,2.024796462,NVIDIA Tesla V100-SXM2-32G,Population Annealing,,"MCS_per_temperature=10, number_of_temperatures=10, schedule=logT"
300,1301879,-0.734229,2.042459989,1,2.042459989,NVIDIA Tesla V100-SXM2-32G,Population Annealing,,"MCS_per_temperature=10, number_of_temperatures=10, schedule=logT"
300,1301882,-0.741867,2.044223619,1,2.044223619,NVIDIA Tesla V100-SXM2-32G,Population Annealing,,"MCS_per_temperature=10, number_of_temperatures=10, schedule=logT"
300,1301885,-0.747361,2.05960412,1,2.05960412,NVIDIA Tesla V100-SXM2-32G,Population Annealing,,"MCS_per_temperature=10, number_of_temperatures=10, schedule=logT"
300,1301888,-0.745765,2.066658282,1,2.066658282,NVIDIA Tesla V100-SXM2-32G,Population Annealing,,"MCS_per_temperature=10, number_of_temperatures=10, schedule=logT"
300,1301891,-0.750412,2.058234215,1,2.058234215,NVIDIA Tesla V100-SXM2-32G,Population Annealing,,"MCS_per_temperature=10, number_of_temperatures=10, schedule=logT"
300,1301894,-0.747059,2.069393301,1,2.069393301,NVIDIA Tesla V100-SXM2-32G,Population Annealing,,"MCS_per_temperature=10, number_of_temperatures=10, schedule=logT"
300,1301897,-0.746696,2.075997353,1,2.075997353,NVIDIA Tesla V100-SXM2-32G,Population Annealing,,"MCS_per_temperature=10, number_of_temperatures=10, schedule=logT"
300,1301900,-0.748416,2.059042692,1,2.059042692,NVIDIA Tesla V100-SXM2-32G,Population Annealing,,"MCS_per_temperature=10, number_of_temperatures=10, schedule=logT"
300,1301903,-0.759027,2.054574275,1,2.054574275,NVIDIA Tesla V100-SXM2-32G,Population Annealing,,"MCS_per_temperature=10, number_of_temperatures=10, schedule=logT"
300,1301906,-0.757763,2.090058732,1,2.090058732,NVIDIA Tesla V100-SXM2-32G,Population Annealing,,"MCS_per_temperature=10, number_of_temperatures=10, schedule=logT"
300,1301909,-0.745808,2.051478815,1,2.051478815,NVIDIA Tesla V100-SXM2-32G,Population Annealing,,"MCS_per_temperature=10, number_of_temperatures=10, schedule=logT"
300,1301912,-0.732498,2.063085103,1,2.063085103,NVIDIA Tesla V100-SXM2-32G,Population Annealing,,"MCS_per_temperature=10, number_of_temperatures=10, schedule=logT"
300,1301915,-0.743318,2.070637488,1,2.070637488,NVIDIA Tesla V100-SXM2-32G,Population Annealing,,"MCS_per_temperature=10, number_of_temperatures=10, schedule=logT"
300,1301918,-0.750039,2.047247171,1,2.047247171,NVIDIA Tesla V100-SXM2-32G,Population Annealing,,"MCS_per_temperature=10, number_of_temperatures=10, schedule=logT"
300,1301921,-0.753243,2.061566353,1,2.061566353,NVIDIA Tesla V100-SXM2-32G,Population Annealing,,"MCS_per_temperature=10, number_of_temperatures=10, schedule=logT"
300,1301924,-0.748441,2.084684134,1,2.084684134,NVIDIA Tesla V100-SXM2-32G,Population Annealing,,"MCS_per_temperature=10, number_of_temperatures=10, schedule=logT"
300,1301927,-0.738313,2.063512206,1,2.063512206,NVIDIA Tesla V100-SXM2-32G,Population Annealing,,"MCS_per_temperature=10, number_of_temperatures=10, schedule=logT"
300,1301930,-0.744477,2.062588573,1,2.062588573,NVIDIA Tesla V100-SXM2-32G,Population Annealing,,"MCS_per_temperature=10, number_of_temperatures=10, schedule=logT"
300,1301933,-0.744314,2.035351872,1,2.035351872,NVIDIA Tesla V100-SXM2-32G,Population Annealing,,"MCS_per_temperature=10, number_of_temperatures=10, schedule=logT"
300,1301936,-0.766215,2.026630259,1,2.026630259,NVIDIA Tesla V100-SXM2-32G,Population Annealing,,"MCS_per_temperature=10, number_of_temperatures=10, schedule=logT"
300,1301939,-0.747202,2.050538445,1,2.050538445,NVIDIA Tesla V100-SXM2-32G,Population Annealing,,"MCS_per_temperature=10, number_of_temperatures=10, schedule=logT"
300,1301942,-0.751465,2.075524306,1,2.075524306,NVIDIA Tesla V100-SXM2-32G,Population Annealing,,"MCS_per_temperature=10, number_of_temperatures=10, schedule=logT"
300,1301945,-0.753363,2.046669197,1,2.046669197,NVIDIA Tesla V100-SXM2-32G,Population Annealing,,"MCS_per_temperature=10, number_of_temperatures=10, schedule=logT"
300,1301948,-0.747121,2.050017691,1,2.050017691,NVIDIA Tesla V100-SXM2-32G,Population Annealing,,"MCS_per_temperature=10, number_of_temperatures=10, schedule=logT"
300,1301951,-0.736599,2.044251299,1,2.044251299,NVIDIA Tesla V100-SXM2-32G,Population Annealing,,"MCS_per_temperature=10, number_of_temperatures=10, schedule=logT"
300,1301954,-0.755689,2.05965271,1,2.05965271,NVIDIA Tesla V100-SXM2-32G,Population Annealing,,"MCS_per_temperature=10, number_of_temperatures=10, schedule=logT"
300,1301957,-0.745411,2.071370029,1,2.071370029,NVIDIA Tesla V100-SXM2-32G,Population Annealing,,"MCS_per_temperature=10, number_of_temperatures=10, schedule=logT"
300,1301960,-0.738019,2.038644576,1,2.038644576,NVIDIA Tesla V100-SXM2-32G,Population Annealing,,"MCS_per_temperature=10, number_of_temperatures=10, schedule=logT"
300,1301963,-0.745701,2.049225688,1,2.049225688,NVIDIA Tesla V100-SXM2-32G,Population Annealing,,"MCS_per_temperature=10, number_of_temperatures=10, schedule=logT"
300,1301966,-0.749882,2.053464842,1,2.053464842,NVIDIA Tesla V100-SXM2-32G,Population Annealing,,"MCS_per_temperature=10, number_of_temperatures=10, schedule=logT"
300,1301969,-0.741435,2.055309892,1,2.055309892,NVIDIA Tesla V100-SXM2-32G,Population Annealing,,"MCS_per_temperature=10, number_of_temperatures=10, schedule=logT"
300,1301972,-0.729310,2.050228167,1,2.050228167,NVIDIA Tesla V100-SXM2-32G,Population Annealing,,"MCS_per_temperature=10, number_of_temperatures=10, schedule=logT"
300,1301975,-0.750825,2.063504601,1,2.063504601,NVIDIA Tesla V100-SXM2-32G,Population Annealing,,"MCS_per_temperature=10, number_of_temperatures=10, schedule=logT"
300,1301978,-0.758298,1.996947122,1,1.996947122,NVIDIA Tesla V100-SXM2-32G,Population Annealing,,"MCS_per_temperature=10, number_of_temperatures=10, schedule=logT"
300,1301981,-0.747629,2.036202359,1,2.036202359,NVIDIA Tesla V100-SXM2-32G,Population Annealing,,"MCS_per_temperature=10, number_of_temperatures=10, schedule=logT"
300,1301984,-0.766099,2.058837318,1,2.058837318,NVIDIA Tesla V100-SXM2-32G,Population Annealing,,"MCS_per_temperature=10, number_of_temperatures=10, schedule=logT"
300,1301987,-0.739898,2.043514061,1,2.043514061,NVIDIA Tesla V100-SXM2-32G,Population Annealing,,"MCS_per_temperature=10, number_of_temperatures=10, schedule=logT"
300,1301990,-0.753792,2.058462501,1,2.058462501,NVIDIA Tesla V100-SXM2-32G,Population Annealing,,"MCS_per_temperature=10, number_of_temperatures=10, schedule=logT"
300,1301993,-0.738201,2.0528373,1,2.0528373,NVIDIA Tesla V100-SXM2-32G,Population Annealing,,"MCS_per_temperature=10, number_of_temperatures=10, schedule=logT"
300,1301996,-0.754211,2.042177367,1,2.042177367,NVIDIA Tesla V100-SXM2-32G,Population Annealing,,"MCS_per_temperature=10, number_of_temperatures=10, schedule=logT"
300,1301999,-0.745676,2.057392383,1,2.057392383,NVIDIA Tesla V100-SXM2-32G,Population Annealing,,"MCS_per_temperature=10, number_of_temperatures=10, schedule=logT"
300,1302002,-0.736712,2.041938829,1,2.041938829,NVIDIA Tesla V100-SXM2-32G,Population Annealing,,"MCS_per_temperature=10, number_of_temperatures=10, schedule=logT"
300,1302005,-0.733634,2.067500281,1,2.067500281,NVIDIA Tesla V100-SXM2-32G,Population Annealing,,"MCS_per_temperature=10, number_of_temperatures=10, schedule=logT"
300,1302008,-0.753249,2.069919515,1,2.069919515,NVIDIA Tesla V100-SXM2-32G,Population Annealing,,"MCS_per_temperature=10, number_of_temperatures=10, schedule=logT"
300,1302011,-0.747093,2.058718467,1,2.058718467,NVIDIA Tesla V100-SXM2-32G,Population Annealing,,"MCS_per_temperature=10, number_of_temperatures=10, schedule=logT"
300,1302014,-0.750987,2.030532479,1,2.030532479,NVIDIA Tesla V100-SXM2-32G,Population Annealing,,"MCS_per_temperature=10, number_of_temperatures=10, schedule=logT"
300,1302017,-0.749192,2.030837369,1,2.030837369,NVIDIA Tesla V100-SXM2-32G,Population Annealing,,"MCS_per_temperature=10, number_of_temperatures=10, schedule=logT"
300,1302020,-0.738747,2.083603525,1,2.083603525,NVIDIA Tesla V100-SXM2-32G,Population Annealing,,"MCS_per_temperature=10, number_of_temperatures=10, schedule=logT"
300,1302023,-0.743610,2.022272134,1,2.022272134,NVIDIA Tesla V100-SXM2-32G,Population Annealing,,"MCS_per_temperature=10, number_of_temperatures=10, schedule=logT"
300,1302026,-0.747955,2.059918189,1,2.059918189,NVIDIA Tesla V100-SXM2-32G,Population Annealing,,"MCS_per_temperature=10, number_of_temperatures=10, schedule=logT"
300,1302029,-0.746434,2.049549818,1,2.049549818,NVIDIA Tesla V100-SXM2-32G,Population Annealing,,"MCS_per_temperature=10, number_of_temperatures=10, schedule=logT"
400,1401732,-0.754050,2.123115468,1,2.123115468,NVIDIA Tesla V100-SXM2-32G,Population Annealing,,"MCS_per_temperature=10, number_of_temperatures=10, schedule=logT"
400,1401735,-0.743056,2.109211898,1,2.109211898,NVIDIA Tesla V100-SXM2-32G,Population Annealing,,"MCS_per_temperature=10, number_of_temperatures=10, schedule=logT"
400,1401738,-0.762981,2.114755082,1,2.114755082,NVIDIA Tesla V100-SXM2-32G,Population Annealing,,"MCS_per_temperature=10, number_of_temperatures=10, schedule=logT"
400,1401741,-0.751681,2.088739896,1,2.088739896,NVIDIA Tesla V100-SXM2-32G,Population Annealing,,"MCS_per_temperature=10, number_of_temperatures=10, schedule=logT"
400,1401744,-0.758304,2.109109426,1,2.109109426,NVIDIA Tesla V100-SXM2-32G,Population Annealing,,"MCS_per_temperature=10, number_of_temperatures=10, schedule=logT"
400,1401747,-0.743694,2.132615304,1,2.132615304,NVIDIA Tesla V100-SXM2-32G,Population Annealing,,"MCS_per_temperature=10, number_of_temperatures=10, schedule=logT"
400,1401750,-0.742571,2.115059352,1,2.115059352,NVIDIA Tesla V100-SXM2-32G,Population Annealing,,"MCS_per_temperature=10, number_of_temperatures=10, schedule=logT"
400,1401753,-0.753878,2.119468904,1,2.119468904,NVIDIA Tesla V100-SXM2-32G,Population Annealing,,"MCS_per_temperature=10, number_of_temperatures=10, schedule=logT"
400,1401756,-0.742969,2.090654945,1,2.090654945,NVIDIA Tesla V100-SXM2-32G,Population Annealing,,"MCS_per_temperature=10, number_of_temperatures=10, schedule=logT"
400,1401759,-0.745441,2.119100881,1,2.119100881,NVIDIA Tesla V100-SXM2-32G,Population Annealing,,"MCS_per_temperature=10, number_of_temperatures=10, schedule=logT"
400,1401762,-0.746677,2.094093204,1,2.094093204,NVIDIA Tesla V100-SXM2-32G,Population Annealing,,"MCS_per_temperature=10, number_of_temperatures=10, schedule=logT"
400,1401765,-0.759034,2.092828178,1,2.092828178,NVIDIA Tesla V100-SXM2-32G,Population Annealing,,"MCS_per_temperature=10, number_of_temperatures=10, schedule=logT"
400,1401768,-0.750607,2.095918322,1,2.095918322,NVIDIA Tesla V100-SXM2-32G,Population Annealing,,"MCS_per_temperature=10, number_of_temperatures=10, schedule=logT"
400,1401771,-0.749292,2.117400718,1,2.117400718,NVIDIA Tesla V100-SXM2-32G,Population Annealing,,"MCS_per_temperature=10, number_of_temperatures=10, schedule=logT"
400,1401774,-0.755594,2.083305669,1,2.083305669,NVIDIA Tesla V100-SXM2-32G,Population Annealing,,"MCS_per_temperature=10, number_of_temperatures=10, schedule=logT"
400,1401777,-0.745320,2.108491254,1,2.108491254,NVIDIA Tesla V100-SXM2-32G,Population Annealing,,"MCS_per_temperature=10, number_of_temperatures=10, schedule=logT"
400,1401780,-0.760015,2.099091935,1,2.099091935,NVIDIA Tesla V100-SXM2-32G,Population Annealing,,"MCS_per_temperature=10, number_of_temperatures=10, schedule=logT"
400,1401783,-0.748890,2.100864887,1,2.100864887,NVIDIA Tesla V100-SXM2-32G,Population Annealing,,"MCS_per_temperature=10, number_of_temperatures=10, schedule=logT"
400,1401786,-0.750486,2.092723989,1,2.092723989,NVIDIA Tesla V100-SXM2-32G,Population Annealing,,"MCS_per_temperature=10, number_of_temperatures=10, schedule=logT"
400,1401789,-0.748915,2.1376333,1,2.1376333,NVIDIA Tesla V100-SXM2-32G,Population Annealing,,"MCS_per_temperature=10, number_of_temperatures=10, schedule=logT"
400,1401792,-0.745998,2.083528018,1,2.083528018,NVIDIA Tesla V100-SXM2-32G,Population Annealing,,"MCS_per_temperature=10, number_of_temperatures=10, schedule=logT"
400,1401795,-0.746732,2.140352511,1,2.140352511,NVIDIA Tesla V100-SXM2-32G,Population Annealing,,"MCS_per_temperature=10, number_of_temperatures=10, schedule=logT"
400,1401798,-0.747698,2.107679772,1,2.107679772,NVIDIA Tesla V100-SXM2-32G,Population Annealing,,"MCS_per_temperature=10, number_of_temperatures=10, schedule=logT"
400,1401801,-0.743214,2.111998677,1,2.111998677,NVIDIA Tesla V100-SXM2-32G,Population Annealing,,"MCS_per_temperature=10, number_of_temperatures=10, schedule=logT"
400,1401804,-0.747181,2.126220155,1,2.126220155,NVIDIA Tesla V100-SXM2-32G,Population Annealing,,"MCS_per_temperature=10, number_of_temperatures=10, schedule=logT"
400,1401807,-0.768123,2.102094889,1,2.102094889,NVIDIA Tesla V100-SXM2-32G,Population Annealing,,"MCS_per_temperature=10, number_of_temperatures=10, schedule=logT"
400,1401810,-0.751446,2.092465067,1,2.092465067,NVIDIA Tesla V100-SXM2-32G,Population Annealing,,"MCS_per_temperature=10, number_of_temperatures=10, schedule=logT"
400,1401813,-0.736835,2.114286017,1,2.114286017,NVIDIA Tesla V100-SXM2-32G,Population Annealing,,"MCS_per_temperature=10, number_of_temperatures=10, schedule=logT"
400,1401816,-0.751217,2.076360393,1,2.076360393,NVIDIA Tesla V100-SXM2-32G,Population Annealing,,"MCS_per_temperature=10, number_of_temperatures=10, schedule=logT"
400,1401819,-0.757229,2.132908726,1,2.132908726,NVIDIA Tesla V100-SXM2-32G,Population Annealing,,"MCS_per_temperature=10, number_of_temperatures=10, schedule=logT"
400,1401822,-0.747975,2.128001976,1,2.128001976,NVIDIA Tesla V100-SXM2-32G,Population Annealing,,"MCS_per_temperature=10, number_of_temperatures=10, schedule=logT"
400,1401825,-0.755765,2.134495139,1,2.134495139,NVIDIA Tesla V100-SXM2-32G,Population Annealing,,"MCS_per_temperature=10, number_of_temperatures=10, schedule=logT"
400,1401828,-0.747138,2.117831016,1,2.117831016,NVIDIA Tesla V100-SXM2-32G,Population Annealing,,"MCS_per_temperature=10, number_of_temperatures=10, schedule=logT"
400,1401831,-0.752921,2.112722826,1,2.112722826,NVIDIA Tesla V100-SXM2-32G,Population Annealing,,"MCS_per_temperature=10, number_of_temperatures=10, schedule=logT"
400,1401834,-0.745839,2.112658548,1,2.112658548,NVIDIA Tesla V100-SXM2-32G,Population Annealing,,"MCS_per_temperature=10, number_of_temperatures=10, schedule=logT"
400,1401837,-0.746937,2.097725129,1,2.097725129,NVIDIA Tesla V100-SXM2-32G,Population Annealing,,"MCS_per_temperature=10, number_of_temperatures=10, schedule=logT"
400,1401840,-0.750291,2.099427772,1,2.099427772,NVIDIA Tesla V100-SXM2-32G,Population Annealing,,"MCS_per_temperature=10, number_of_temperatures=10, schedule=logT"
400,1401843,-0.743173,2.12639215,1,2.12639215,NVIDIA Tesla V100-SXM2-32G,Population Annealing,,"MCS_per_temperature=10, number_of_temperatures=10, schedule=logT"
400,1401846,-0.754831,2.087336183,1,2.087336183,NVIDIA Tesla V100-SXM2-32G,Population Annealing,,"MCS_per_temperature=10, number_of_temperatures=10, schedule=logT"
400,1401849,-0.743158,2.083171082,1,2.083171082,NVIDIA Tesla V100-SXM2-32G,Population Annealing,,"MCS_per_temperature=10, number_of_temperatures=10, schedule=logT"
400,1401852,-0.742774,2.11038847,1,2.11038847,NVIDIA Tesla V100-SXM2-32G,Population Annealing,,"MCS_per_temperature=10, number_of_temperatures=10, schedule=logT"
400,1401855,-0.737099,2.132709098,1,2.132709098,NVIDIA Tesla V100-SXM2-32G,Population Annealing,,"MCS_per_temperature=10, number_of_temperatures=10, schedule=logT"
400,1401858,-0.759190,2.091940761,1,2.091940761,NVIDIA Tesla V100-SXM2-32G,Population Annealing,,"MCS_per_temperature=10, number_of_temperatures=10, schedule=logT"
400,1401861,-0.746933,2.088282228,1,2.088282228,NVIDIA Tesla V100-SXM2-32G,Population Annealing,,"MCS_per_temperature=10, number_of_temperatures=10, schedule=logT"
400,1401864,-0.743065,2.078159928,1,2.078159928,NVIDIA Tesla V100-SXM2-32G,Population Annealing,,"MCS_per_temperature=10, number_of_temperatures=10, schedule=logT"
400,1401867,-0.747032,2.07305963,1,2.07305963,NVIDIA Tesla V100-SXM2-32G,Population Annealing,,"MCS_per_temperature=10, number_of_temperatures=10, schedule=logT"
400,1401870,-0.746112,2.10723474,1,2.10723474,NVIDIA Tesla V100-SXM2-32G,Population Annealing,,"MCS_per_temperature=10, number_of_temperatures=10, schedule=logT"
400,1401873,-0.749940,2.085559034,1,2.085559034,NVIDIA Tesla V100-SXM2-32G,Population Annealing,,"MCS_per_temperature=10, number_of_temperatures=10, schedule=logT"
400,1401876,-0.759340,2.112313724,1,2.112313724,NVIDIA Tesla V100-SXM2-32G,Population Annealing,,"MCS_per_temperature=10, number_of_temperatures=10, schedule=logT"
400,1401879,-0.743229,2.093602109,1,2.093602109,NVIDIA Tesla V100-SXM2-32G,Population Annealing,,"MCS_per_temperature=10, number_of_temperatures=10, schedule=logT"
400,1401882,-0.757476,2.078802586,1,2.078802586,NVIDIA Tesla V100-SXM2-32G,Population Annealing,,"MCS_per_temperature=10, number_of_temperatures=10, schedule=logT"
400,1401885,-0.755623,2.086818004,1,2.086818004,NVIDIA Tesla V100-SXM2-32G,Population Annealing,,"MCS_per_temperature=10, number_of_temperatures=10, schedule=logT"
400,1401888,-0.743341,2.125132799,1,2.125132799,NVIDIA Tesla V100-SXM2-32G,Population Annealing,,"MCS_per_temperature=10, number_of_temperatures=10, schedule=logT"
400,1401891,-0.753717,2.104932952,1,2.104932952,NVIDIA Tesla V100-SXM2-32G,Population Annealing,,"MCS_per_temperature=10, number_of_temperatures=10, schedule=logT"
400,1401894,-0.749041,2.119663048,1,2.119663048,NVIDIA Tesla V100-SXM2-32G,Population Annealing,,"MCS_per_temperature=10, number_of_temperatures=10, schedule=logT"
400,1401897,-0.752587,2.079038334,1,2.079038334,NVIDIA Tesla V100-SXM2-32G,Population Annealing,,"MCS_per_temperature=10, number_of_temperatures=10, schedule=logT"
400,1401900,-0.742558,2.135835052,1,2.135835052,NVIDIA Tesla V100-SXM2-32G,Population Annealing,,"MCS_per_temperature=10, number_of_temperatures=10, schedule=logT"
400,1401903,-0.756520,2.069126129,1,2.069126129,NVIDIA Tesla V100-SXM2-32G,Population Annealing,,"MCS_per_temperature=10, number_of_temperatures=10, schedule=logT"
400,1401906,-0.743933,2.118974376,1,2.118974376,NVIDIA Tesla V100-SXM2-32G,Population Annealing,,"MCS_per_temperature=10, number_of_temperatures=10, schedule=logT"
400,1401909,-0.741334,2.117623019,1,2.117623019,NVIDIA Tesla V100-SXM2-32G,Population Annealing,,"MCS_per_temperature=10, number_of_temperatures=10, schedule=logT"
400,1401912,-0.749475,2.093671489,1,2.093671489,NVIDIA Tesla V100-SXM2-32G,Population Annealing,,"MCS_per_temperature=10, number_of_temperatures=10, schedule=logT"
400,1401915,-0.747504,2.121032929,1,2.121032929,NVIDIA Tesla V100-SXM2-32G,Population Annealing,,"MCS_per_temperature=10, number_of_temperatures=10, schedule=logT"
400,1401918,-0.746831,2.110433435,1,2.110433435,NVIDIA Tesla V100-SXM2-32G,Population Annealing,,"MCS_per_temperature=10, number_of_temperatures=10, schedule=logT"
400,1401921,-0.753039,2.078923297,1,2.078923297,NVIDIA Tesla V100-SXM2-32G,Population Annealing,,"MCS_per_temperature=10, number_of_temperatures=10, schedule=logT"
400,1401924,-0.751030,2.065889025,1,2.065889025,NVIDIA Tesla V100-SXM2-32G,Population Annealing,,"MCS_per_temperature=10, number_of_temperatures=10, schedule=logT"
400,1401927,-0.738873,2.110123491,1,2.110123491,NVIDIA Tesla V100-SXM2-32G,Population Annealing,,"MCS_per_temperature=10, number_of_temperatures=10, schedule=logT"
400,1401930,-0.755527,2.086651039,1,2.086651039,NVIDIA Tesla V100-SXM2-32G,Population Annealing,,"MCS_per_temperature=10, number_of_temperatures=10, schedule=logT"
400,1401933,-0.752442,2.09903388,1,2.09903388,NVIDIA Tesla V100-SXM2-32G,Population Annealing,,"MCS_per_temperature=10, number_of_temperatures=10, schedule=logT"
400,1401936,-0.760359,2.09440434,1,2.09440434,NVIDIA Tesla V100-SXM2-32G,Population Annealing,,"MCS_per_temperature=10, number_of_temperatures=10, schedule=logT"
400,1401939,-0.754610,2.120457172,1,2.120457172,NVIDIA Tesla V100-SXM2-32G,Population Annealing,,"MCS_per_temperature=10, number_of_temperatures=10, schedule=logT"
400,1401942,-0.751187,2.102796316,1,2.102796316,NVIDIA Tesla V100-SXM2-32G,Population Annealing,,"MCS_per_temperature=10, number_of_temperatures=10, schedule=logT"
400,1401945,-0.751989,2.132820511,1,2.132820511,NVIDIA Tesla V100-SXM2-32G,Population Annealing,,"MCS_per_temperature=10, number_of_temperatures=10, schedule=logT"
400,1401948,-0.743970,2.119809914,1,2.119809914,NVIDIA Tesla V100-SXM2-32G,Population Annealing,,"MCS_per_temperature=10, number_of_temperatures=10, schedule=logT"
400,1401951,-0.746579,2.109803939,1,2.109803939,NVIDIA Tesla V100-SXM2-32G,Population Annealing,,"MCS_per_temperature=10, number_of_temperatures=10, schedule=logT"
400,1401954,-0.746245,2.073211193,1,2.073211193,NVIDIA Tesla V100-SXM2-32G,Population Annealing,,"MCS_per_temperature=10, number_of_temperatures=10, schedule=logT"
400,1401957,-0.752510,2.11943078,1,2.11943078,NVIDIA Tesla V100-SXM2-32G,Population Annealing,,"MCS_per_temperature=10, number_of_temperatures=10, schedule=logT"
400,1401960,-0.747316,2.126764703,1,2.126764703,NVIDIA Tesla V100-SXM2-32G,Population Annealing,,"MCS_per_temperature=10, number_of_temperatures=10, schedule=logT"
400,1401963,-0.741935,2.105974841,1,2.105974841,NVIDIA Tesla V100-SXM2-32G,Population Annealing,,"MCS_per_temperature=10, number_of_temperatures=10, schedule=logT"
400,1401966,-0.738698,2.120942402,1,2.120942402,NVIDIA Tesla V100-SXM2-32G,Population Annealing,,"MCS_per_temperature=10, number_of_temperatures=10, schedule=logT"
400,1401969,-0.753426,2.102182245,1,2.102182245,NVIDIA Tesla V100-SXM2-32G,Population Annealing,,"MCS_per_temperature=10, number_of_temperatures=10, schedule=logT"
400,1401972,-0.762249,2.111012602,1,2.111012602,NVIDIA Tesla V100-SXM2-32G,Population Annealing,,"MCS_per_temperature=10, number_of_temperatures=10, schedule=logT"
400,1401975,-0.762244,2.075804305,1,2.075804305,NVIDIA Tesla V100-SXM2-32G,Population Annealing,,"MCS_per_temperature=10, number_of_temperatures=10, schedule=logT"
400,1401978,-0.751387,2.123269701,1,2.123269701,NVIDIA Tesla V100-SXM2-32G,Population Annealing,,"MCS_per_temperature=10, number_of_temperatures=10, schedule=logT"
400,1401981,-0.754912,2.100443554,1,2.100443554,NVIDIA Tesla V100-SXM2-32G,Population Annealing,,"MCS_per_temperature=10, number_of_temperatures=10, schedule=logT"
400,1401984,-0.749644,2.115707827,1,2.115707827,NVIDIA Tesla V100-SXM2-32G,Population Annealing,,"MCS_per_temperature=10, number_of_temperatures=10, schedule=logT"
400,1401987,-0.750075,2.092918062,1,2.092918062,NVIDIA Tesla V100-SXM2-32G,Population Annealing,,"MCS_per_temperature=10, number_of_temperatures=10, schedule=logT"
400,1401990,-0.752139,2.110308719,1,2.110308719,NVIDIA Tesla V100-SXM2-32G,Population Annealing,,"MCS_per_temperature=10, number_of_temperatures=10, schedule=logT"
400,1401993,-0.743918,2.121468329,1,2.121468329,NVIDIA Tesla V100-SXM2-32G,Population Annealing,,"MCS_per_temperature=10, number_of_temperatures=10, schedule=logT"
400,1401996,-0.750751,2.11916399,1,2.11916399,NVIDIA Tesla V100-SXM2-32G,Population Annealing,,"MCS_per_temperature=10, number_of_temperatures=10, schedule=logT"
400,1401999,-0.748773,2.123520684,1,2.123520684,NVIDIA Tesla V100-SXM2-32G,Population Annealing,,"MCS_per_temperature=10, number_of_temperatures=10, schedule=logT"
400,1402002,-0.747477,2.097737646,1,2.097737646,NVIDIA Tesla V100-SXM2-32G,Population Annealing,,"MCS_per_temperature=10, number_of_temperatures=10, schedule=logT"
400,1402005,-0.748793,2.103389978,1,2.103389978,NVIDIA Tesla V100-SXM2-32G,Population Annealing,,"MCS_per_temperature=10, number_of_temperatures=10, schedule=logT"
400,1402008,-0.749916,2.096038342,1,2.096038342,NVIDIA Tesla V100-SXM2-32G,Population Annealing,,"MCS_per_temperature=10, number_of_temperatures=10, schedule=logT"
400,1402011,-0.751892,2.114422703,1,2.114422703,NVIDIA Tesla V100-SXM2-32G,Population Annealing,,"MCS_per_temperature=10, number_of_temperatures=10, schedule=logT"
400,1402014,-0.763823,2.100889015,1,2.100889015,NVIDIA Tesla V100-SXM2-32G,Population Annealing,,"MCS_per_temperature=10, number_of_temperatures=10, schedule=logT"
400,1402017,-0.756801,2.095181084,1,2.095181084,NVIDIA Tesla V100-SXM2-32G,Population Annealing,,"MCS_per_temperature=10, number_of_temperatures=10, schedule=logT"
400,1402020,-0.753725,2.107255721,1,2.107255721,NVIDIA Tesla V100-SXM2-32G,Population Annealing,,"MCS_per_temperature=10, number_of_temperatures=10, schedule=logT"
400,1402023,-0.740970,2.077345777,1,2.077345777,NVIDIA Tesla V100-SXM2-32G,Population Annealing,,"MCS_per_temperature=10, number_of_temperatures=10, schedule=logT"
400,1402026,-0.752917,2.087876248,1,2.087876248,NVIDIA Tesla V100-SXM2-32G,Population Annealing,,"MCS_per_temperature=10, number_of_temperatures=10, schedule=logT"
400,1402029,-0.753722,2.069993019,1,2.069993019,NVIDIA Tesla V100-SXM2-32G,Population Annealing,,"MCS_per_temperature=10, number_of_temperatures=10, schedule=logT"
600,1601732,-0.745058,4.233637524,0.5,28.12767887,NVIDIA Tesla V100-SXM2-32G,Population Annealing,,"MCS_per_temperature=10, number_of_temperatures=10, schedule=logT"
600,1601735,-0.751392,4.258020186,1,4.258020186,NVIDIA Tesla V100-SXM2-32G,Population Annealing,,"MCS_per_temperature=10, number_of_temperatures=10, schedule=logT"
600,1601738,-0.748177,4.220785999,1,4.220785999,NVIDIA Tesla V100-SXM2-32G,Population Annealing,,"MCS_per_temperature=10, number_of_temperatures=10, schedule=logT"
600,1601741,-0.750243,4.267383718,1,4.267383718,NVIDIA Tesla V100-SXM2-32G,Population Annealing,,"MCS_per_temperature=10, number_of_temperatures=10, schedule=logT"
600,1601744,-0.754038,4.199685407,1,4.199685407,NVIDIA Tesla V100-SXM2-32G,Population Annealing,,"MCS_per_temperature=10, number_of_temperatures=10, schedule=logT"
600,1601747,-0.755738,4.283829021,1,4.283829021,NVIDIA Tesla V100-SXM2-32G,Population Annealing,,"MCS_per_temperature=10, number_of_temperatures=10, schedule=logT"
600,1601750,-0.753444,4.288933039,1,4.288933039,NVIDIA Tesla V100-SXM2-32G,Population Annealing,,"MCS_per_temperature=10, number_of_temperatures=10, schedule=logT"
600,1601753,-0.748959,4.224325895,0.6,21.2309685,NVIDIA Tesla V100-SXM2-32G,Population Annealing,,"MCS_per_temperature=10, number_of_temperatures=10, schedule=logT"
600,1601756,-0.754196,4.268889713,1,4.268889713,NVIDIA Tesla V100-SXM2-32G,Population Annealing,,"MCS_per_temperature=10, number_of_temperatures=10, schedule=logT"
600,1601759,-0.746958,4.268836498,1,4.268836498,NVIDIA Tesla V100-SXM2-32G,Population Annealing,,"MCS_per_temperature=10, number_of_temperatures=10, schedule=logT"
600,1601762,-0.758163,4.189881635,1,4.189881635,NVIDIA Tesla V100-SXM2-32G,Population Annealing,,"MCS_per_temperature=10, number_of_temperatures=10, schedule=logT"
600,1601765,-0.745421,4.32037859,1,4.32037859,NVIDIA Tesla V100-SXM2-32G,Population Annealing,,"MCS_per_temperature=10, number_of_temperatures=10, schedule=logT"
600,1601768,-0.746599,4.228646374,1,4.228646374,NVIDIA Tesla V100-SXM2-32G,Population Annealing,,"MCS_per_temperature=10, number_of_temperatures=10, schedule=logT"
600,1601771,-0.752739,4.253341103,1,4.253341103,NVIDIA Tesla V100-SXM2-32G,Population Annealing,,"MCS_per_temperature=10, number_of_temperatures=10, schedule=logT"
600,1601774,-0.749107,4.243090558,0.8,12.14098039,NVIDIA Tesla V100-SXM2-32G,Population Annealing,,"MCS_per_temperature=10, number_of_temperatures=10, schedule=logT"
600,1601777,-0.752455,4.2795228,0.8,12.2452259,NVIDIA Tesla V100-SXM2-32G,Population Annealing,,"MCS_per_temperature=10, number_of_temperatures=10, schedule=logT"
600,1601780,-0.756519,4.214182496,1,4.214182496,NVIDIA Tesla V100-SXM2-32G,Population Annealing,,"MCS_per_temperature=10, number_of_temperatures=10, schedule=logT"
600,1601783,-0.749233,4.266702199,0.5,28.34735581,NVIDIA Tesla V100-SXM2-32G,Population Annealing,,"MCS_per_temperature=10, number_of_temperatures=10, schedule=logT"
600,1601786,-0.749869,4.261846852,0.9,8.523693705,NVIDIA Tesla V100-SXM2-32G,Population Annealing,,"MCS_per_temperature=10, number_of_temperatures=10, schedule=logT"
600,1601789,-0.757685,4.257424951,1,4.257424951,NVIDIA Tesla V100-SXM2-32G,Population Annealing,,"MCS_per_temperature=10, number_of_temperatures=10, schedule=logT"
600,1601792,-0.757484,4.209289384,1,4.209289384,NVIDIA Tesla V100-SXM2-32G,Population Annealing,,"MCS_per_temperature=10, number_of_temperatures=10, schedule=logT"
600,1601795,-0.763234,4.242182159,0.9,8.484364319,NVIDIA Tesla V100-SXM2-32G,Population Annealing,,"MCS_per_temperature=10, number_of_temperatures=10, schedule=logT"
600,1601798,-0.761139,4.266037226,1,4.266037226,NVIDIA Tesla V100-SXM2-32G,Population Annealing,,"MCS_per_temperature=10, number_of_temperatures=10, schedule=logT"
600,1601801,-0.748552,4.271402287,1,4.271402287,NVIDIA Tesla V100-SXM2-32G,Population Annealing,,"MCS_per_temperature=10, number_of_temperatures=10, schedule=logT"
600,1601804,-0.747045,4.230528378,0.8,12.10503556,NVIDIA Tesla V100-SXM2-32G,Population Annealing,,"MCS_per_temperature=10, number_of_temperatures=10, schedule=logT"
600,1601807,-0.754266,4.238813853,1,4.238813853,NVIDIA Tesla V100-SXM2-32G,Population Annealing,,"MCS_per_temperature=10, number_of_temperatures=10, schedule=logT"
600,1601810,-0.759580,4.28457005,1,4.28457005,NVIDIA Tesla V100-SXM2-32G,Population Annealing,,"MCS_per_temperature=10, number_of_temperatures=10, schedule=logT"
600,1601813,-0.749189,4.251078653,1,4.251078653,NVIDIA Tesla V100-SXM2-32G,Population Annealing,,"MCS_per_temperature=10, number_of_temperatures=10, schedule=logT"
600,1601816,-0.759538,4.182709861,1,4.182709861,NVIDIA Tesla V100-SXM2-32G,Population Annealing,,"MCS_per_temperature=10, number_of_temperatures=10, schedule=logT"
600,1601819,-0.755000,4.236884236,1,4.236884236,NVIDIA Tesla V100-SXM2-32G,Population Annealing,,"MCS_per_temperature=10, number_of_temperatures=10, schedule=logT"
600,1601822,-0.746519,4.241759491,1,4.241759491,NVIDIA Tesla V100-SXM2-32G,Population Annealing,,"MCS_per_temperature=10, number_of_temperatures=10, schedule=logT"
600,1601825,-0.745780,4.272244334,0.8,12.22439964,NVIDIA Tesla V100-SXM2-32G,Population Annealing,,"MCS_per_temperature=10, number_of_temperatures=10, schedule=logT"
600,1601828,-0.752255,4.233315325,1,4.233315325,NVIDIA Tesla V100-SXM2-32G,Population Annealing,,"MCS_per_temperature=10, number_of_temperatures=10, schedule=logT"
600,1601831,-0.756614,4.322271037,1,4.322271037,NVIDIA Tesla V100-SXM2-32G,Population Annealing,,"MCS_per_temperature=10, number_of_temperatures=10, schedule=logT"
600,1601834,-0.746064,4.130430341,1,4.130430341,NVIDIA Tesla V100-SXM2-32G,Population Annealing,,"MCS_per_temperature=10, number_of_temperatures=10, schedule=logT"
600,1601837,-0.742816,4.220229578,0.7,16.14228773,NVIDIA Tesla V100-SXM2-32G,Population Annealing,,"MCS_per_temperature=10, number_of_temperatures=10, schedule=logT"
600,1601840,-0.751235,4.282364702,1,4.282364702,NVIDIA Tesla V100-SXM2-32G,Population Annealing,,"MCS_per_temperature=10, number_of_temperatures=10, schedule=logT"
600,1601843,-0.762066,4.224393797,1,4.224393797,NVIDIA Tesla V100-SXM2-32G,Population Annealing,,"MCS_per_temperature=10, number_of_temperatures=10, schedule=logT"
600,1601846,-0.748014,4.241094947,1,4.241094947,NVIDIA Tesla V100-SXM2-32G,Population Annealing,,"MCS_per_temperature=10, number_of_temperatures=10, schedule=logT"
600,1601849,-0.756480,4.218223715,1,4.218223715,NVIDIA Tesla V100-SXM2-32G,Population Annealing,,"MCS_per_temperature=10, number_of_temperatures=10, schedule=logT"
600,1601852,-0.766249,4.299539995,1,4.299539995,NVIDIA Tesla V100-SXM2-32G,Population Annealing,,"MCS_per_temperature=10, number_of_temperatures=10, schedule=logT"
600,1601855,-0.751660,4.230056262,0.7,16.17987459,NVIDIA Tesla V100-SXM2-32G,Population Annealing,,"MCS_per_temperature=10, number_of_temperatures=10, schedule=logT"
600,1601858,-0.755794,4.303241706,1,4.303241706,NVIDIA Tesla V100-SXM2-32G,Population Annealing,,"MCS_per_temperature=10, number_of_temperatures=10, schedule=logT"
600,1601861,-0.756413,4.21453588,0.9,8.42907176,NVIDIA Tesla V100-SXM2-32G,Population Annealing,,"MCS_per_temperature=10, number_of_temperatures=10, schedule=logT"
600,1601864,-0.753697,4.269525027,1,4.269525027,NVIDIA Tesla V100-SXM2-32G,Population Annealing,,"MCS_per_temperature=10, number_of_temperatures=10, schedule=logT"
600,1601867,-0.747868,4.278967309,0.2,88.30805355,NVIDIA Tesla V100-SXM2-32G,Population Annealing,,"MCS_per_temperature=10, number_of_temperatures=10, schedule=logT"
600,1601870,-0.751092,4.245564151,1,4.245564151,NVIDIA Tesla V100-SXM2-32G,Population Annealing,,"MCS_per_temperature=10, number_of_temperatures=10, schedule=logT"
600,1601873,-0.752419,4.240842056,1,4.240842056,NVIDIA Tesla V100-SXM2-32G,Population Annealing,,"MCS_per_temperature=10, number_of_temperatures=10, schedule=logT"
600,1601876,-0.756369,4.207895923,1,4.207895923,NVIDIA Tesla V100-SXM2-32G,Population Annealing,,"MCS_per_temperature=10, number_of_temperatures=10, schedule=logT"
600,1601879,-0.760752,4.224076509,0.9,8.448153019,NVIDIA Tesla V100-SXM2-32G,Population Annealing,,"MCS_per_temperature=10, number_of_temperatures=10, schedule=logT"
600,1601882,-0.750216,4.240785193,1,4.240785193,NVIDIA Tesla V100-SXM2-32G,Population Annealing,,"MCS_per_temperature=10, number_of_temperatures=10, schedule=logT"
600,1601885,-0.750434,4.265322137,1,4.265322137,NVIDIA Tesla V100-SXM2-32G,Population Annealing,,"MCS_per_temperature=10, number_of_temperatures=10, schedule=logT"
600,1601888,-0.750170,4.2443048,1,4.2443048,NVIDIA Tesla V100-SXM2-32G,Population Annealing,,"MCS_per_temperature=10, number_of_temperatures=10, schedule=logT"
600,1601891,-0.747360,4.218692732,1,4.218692732,NVIDIA Tesla V100-SXM2-32G,Population Annealing,,"MCS_per_temperature=10, number_of_temperatures=10, schedule=logT"
600,1601894,-0.749229,4.216196895,1,4.216196895,NVIDIA Tesla V100-SXM2-32G,Population Annealing,,"MCS_per_temperature=10, number_of_temperatures=10, schedule=logT"
600,1601897,-0.750146,4.164191699,1,4.164191699,NVIDIA Tesla V100-SXM2-32G,Population Annealing,,"MCS_per_temperature=10, number_of_temperatures=10, schedule=logT"
600,1601900,-0.750012,4.163894224,1,4.163894224,NVIDIA Tesla V100-SXM2-32G,Population Annealing,,"MCS_per_temperature=10, number_of_temperatures=10, schedule=logT"
600,1601903,-0.758844,4.243834496,1,4.243834496,NVIDIA Tesla V100-SXM2-32G,Population Annealing,,"MCS_per_temperature=10, number_of_temperatures=10, schedule=logT"
600,1601906,-0.756682,4.20556581,1,4.20556581,NVIDIA Tesla V100-SXM2-32G,Population Annealing,,"MCS_per_temperature=10, number_of_temperatures=10, schedule=logT"
600,1601909,-0.751250,4.307069516,1,4.307069516,NVIDIA Tesla V100-SXM2-32G,Population Annealing,,"MCS_per_temperature=10, number_of_temperatures=10, schedule=logT"
600,1601912,-0.752685,4.216714191,1,4.216714191,NVIDIA Tesla V100-SXM2-32G,Population Annealing,,"MCS_per_temperature=10, number_of_temperatures=10, schedule=logT"
600,1601915,-0.762830,4.211939979,1,4.211939979,NVIDIA Tesla V100-SXM2-32G,Population Annealing,,"MCS_per_temperature=10, number_of_temperatures=10, schedule=logT"
600,1601918,-0.750940,4.237739229,1,4.237739229,NVIDIA Tesla V100-SXM2-32G,Population Annealing,,"MCS_per_temperature=10, number_of_temperatures=10, schedule=logT"
600,1601921,-0.750805,4.265313935,1,4.265313935,NVIDIA Tesla V100-SXM2-32G,Population Annealing,,"MCS_per_temperature=10, number_of_temperatures=10, schedule=logT"
600,1601924,-0.752509,4.167461562,1,4.167461562,NVIDIA Tesla V100-SXM2-32G,Population Annealing,,"MCS_per_temperature=10, number_of_temperatures=10, schedule=logT"
600,1601927,-0.754076,4.30148778,1,4.30148778,NVIDIA Tesla V100-SXM2-32G,Population Annealing,,"MCS_per_temperature=10, number_of_temperatures=10, schedule=logT"
600,1601930,-0.749567,4.211515641,1,4.211515641,NVIDIA Tesla V100-SXM2-32G,Population Annealing,,"MCS_per_temperature=10, number_of_temperatures=10, schedule=logT"
600,1601933,-0.756853,4.274300528,1,4.274300528,NVIDIA Tesla V100-SXM2-32G,Population Annealing,,"MCS_per_temperature=10, number_of_temperatures=10, schedule=logT"
600,1601936,-0.761000,4.242597032,1,4.242597032,NVIDIA Tesla V100-SXM2-32G,Population Annealing,,"MCS_per_temperature=10, number_of_temperatures=10, schedule=logT"
600,1601939,-0.750706,4.27462945,1,4.27462945,NVIDIA Tesla V100-SXM2-32G,Population Annealing,,"MCS_per_temperature=10, number_of_temperatures=10, schedule=logT"
600,1601942,-0.759919,4.195563245,1,4.195563245,NVIDIA Tesla V100-SXM2-32G,Population Annealing,,"MCS_per_temperature=10, number_of_temperatures=10, schedule=logT"
600,1601945,-0.751878,4.237985611,1,4.237985611,NVIDIA Tesla V100-SXM2-32G,Population Annealing,,"MCS_per_temperature=10, number_of_temperatures=10, schedule=logT"
600,1601948,-0.759720,4.248496962,1,4.248496962,NVIDIA Tesla V100-SXM2-32G,Population Annealing,,"MCS_per_temperature=10, number_of_temperatures=10, schedule=logT"
600,1601951,-0.749428,4.212581921,1,4.212581921,NVIDIA Tesla V100-SXM2-32G,Population Annealing,,"MCS_per_temperature=10, number_of_temperatures=10, schedule=logT"
600,1601954,-0.755457,4.263555408,1,4.263555408,NVIDIA Tesla V100-SXM2-32G,Population Annealing,,"MCS_per_temperature=10, number_of_temperatures=10, schedule=logT"
600,1601957,-0.749332,4.250241446,1,4.250241446,NVIDIA Tesla V100-SXM2-32G,Population Annealing,,"MCS_per_temperature=10, number_of_temperatures=10, schedule=logT"
600,1601960,-0.754908,4.155672145,1,4.155672145,NVIDIA Tesla V100-SXM2-32G,Population Annealing,,"MCS_per_temperature=10, number_of_temperatures=10, schedule=logT"
600,1601963,-0.749017,4.310497737,1,4.310497737,NVIDIA Tesla V100-SXM2-32G,Population Annealing,,"MCS_per_temperature=10, number_of_temperatures=10, schedule=logT"
600,1601966,-0.751507,4.260471416,1,4.260471416,NVIDIA Tesla V100-SXM2-32G,Population Annealing,,"MCS_per_temperature=10, number_of_temperatures=10, schedule=logT"
600,1601969,-0.751360,4.23057487,0.8,12.10516859,NVIDIA Tesla V100-SXM2-32G,Population Annealing,,"MCS_per_temperature=10, number_of_temperatures=10, schedule=logT"
600,1601972,-0.759462,4.225355864,1,4.225355864,NVIDIA Tesla V100-SXM2-32G,Population Annealing,,"MCS_per_temperature=10, number_of_temperatures=10, schedule=logT"
600,1601975,-0.759573,4.24086411,1,4.24086411,NVIDIA Tesla V100-SXM2-32G,Population Annealing,,"MCS_per_temperature=10, number_of_temperatures=10, schedule=logT"
600,1601978,-0.753140,4.250359964,1,4.250359964,NVIDIA Tesla V100-SXM2-32G,Population Annealing,,"MCS_per_temperature=10, number_of_temperatures=10, schedule=logT"
600,1601981,-0.754602,4.203554249,1,4.203554249,NVIDIA Tesla V100-SXM2-32G,Population Annealing,,"MCS_per_temperature=10, number_of_temperatures=10, schedule=logT"
600,1601984,-0.750563,4.214810538,0.5,28.00259508,NVIDIA Tesla V100-SXM2-32G,Population Annealing,,"MCS_per_temperature=10, number_of_temperatures=10, schedule=logT"
600,1601987,-0.751697,4.258033681,1,4.258033681,NVIDIA Tesla V100-SXM2-32G,Population Annealing,,"MCS_per_temperature=10, number_of_temperatures=10, schedule=logT"
600,1601990,-0.760771,4.248618293,1,4.248618293,NVIDIA Tesla V100-SXM2-32G,Population Annealing,,"MCS_per_temperature=10, number_of_temperatures=10, schedule=logT"
600,1601993,-0.745899,4.241615009,0.2,87.53718791,NVIDIA Tesla V100-SXM2-32G,Population Annealing,,"MCS_per_temperature=10, number_of_temperatures=10, schedule=logT"
600,1601996,-0.752317,4.193735337,1,4.193735337,NVIDIA Tesla V100-SXM2-32G,Population Annealing,,"MCS_per_temperature=10, number_of_temperatures=10, schedule=logT"
600,1601999,-0.759210,4.272447085,1,4.272447085,NVIDIA Tesla V100-SXM2-32G,Population Annealing,,"MCS_per_temperature=10, number_of_temperatures=10, schedule=logT"
600,1602002,-0.753692,4.176967239,1,4.176967239,NVIDIA Tesla V100-SXM2-32G,Population Annealing,,"MCS_per_temperature=10, number_of_temperatures=10, schedule=logT"
600,1602005,-0.758458,4.239952469,1,4.239952469,NVIDIA Tesla V100-SXM2-32G,Population Annealing,,"MCS_per_temperature=10, number_of_temperatures=10, schedule=logT"
600,1602008,-0.747811,4.241537285,0.8,12.13653593,NVIDIA Tesla V100-SXM2-32G,Population Annealing,,"MCS_per_temperature=10, number_of_temperatures=10, schedule=logT"
600,1602011,-0.758789,4.251268911,1,4.251268911,NVIDIA Tesla V100-SXM2-32G,Population Annealing,,"MCS_per_temperature=10, number_of_temperatures=10, schedule=logT"
600,1602014,-0.750523,4.282077122,0.9,8.564154243,NVIDIA Tesla V100-SXM2-32G,Population Annealing,,"MCS_per_temperature=10, number_of_temperatures=10, schedule=logT"
600,1602017,-0.759026,4.161336088,0.9,8.322672176,NVIDIA Tesla V100-SXM2-32G,Population Annealing,,"MCS_per_temperature=10, number_of_temperatures=10, schedule=logT"
600,1602020,-0.753387,4.229709578,1,4.229709578,NVIDIA Tesla V100-SXM2-32G,Population Annealing,,"MCS_per_temperature=10, number_of_temperatures=10, schedule=logT"
600,1602023,-0.752885,4.246090603,1,4.246090603,NVIDIA Tesla V100-SXM2-32G,Population Annealing,,"MCS_per_temperature=10, number_of_temperatures=10, schedule=logT"
600,1602026,-0.754118,4.257106709,1,4.257106709,NVIDIA Tesla V100-SXM2-32G,Population Annealing,,"MCS_per_temperature=10, number_of_temperatures=10, schedule=logT"
600,1602029,-0.748254,4.229092193,1,4.229092193,NVIDIA Tesla V100-SXM2-32G,Population Annealing,,"MCS_per_temperature=10, number_of_temperatures=10, schedule=logT"
800,1801732,-0.758648,5.145678186,1,5.145678186,NVIDIA Tesla V100-SXM2-32G,Population Annealing,,"MCS_per_temperature=10, number_of_temperatures=10, schedule=logT"
800,1801735,-0.761385,5.216655827,1,5.216655827,NVIDIA Tesla V100-SXM2-32G,Population Annealing,,"MCS_per_temperature=10, number_of_temperatures=10, schedule=logT"
800,1801738,-0.759020,5.28977685,1,5.28977685,NVIDIA Tesla V100-SXM2-32G,Population Annealing,,"MCS_per_temperature=10, number_of_temperatures=10, schedule=logT"
800,1801741,-0.753424,5.222011423,0.3,67.42343898,NVIDIA Tesla V100-SXM2-32G,Population Annealing,,"MCS_per_temperature=10, number_of_temperatures=10, schedule=logT"
800,1801744,-0.758203,5.269948769,0.9,10.53989754,NVIDIA Tesla V100-SXM2-32G,Population Annealing,,"MCS_per_temperature=10, number_of_temperatures=10, schedule=logT"
800,1801747,-0.749683,5.214200473,0.6,26.2059625,NVIDIA Tesla V100-SXM2-32G,Population Annealing,,"MCS_per_temperature=10, number_of_temperatures=10, schedule=logT"
800,1801750,-0.749185,5.246928239,0.2,108.2845431,NVIDIA Tesla V100-SXM2-32G,Population Annealing,,"MCS_per_temperature=10, number_of_temperatures=10, schedule=logT"
800,1801753,-0.761441,5.295403075,0.9,10.59080615,NVIDIA Tesla V100-SXM2-32G,Population Annealing,,"MCS_per_temperature=10, number_of_temperatures=10, schedule=logT"
800,1801756,-0.752508,5.255121207,0.4,47.37571175,NVIDIA Tesla V100-SXM2-32G,Population Annealing,,"MCS_per_temperature=10, number_of_temperatures=10, schedule=logT"
800,1801759,-0.750066,5.247826815,1,5.247826815,NVIDIA Tesla V100-SXM2-32G,Population Annealing,,"MCS_per_temperature=10, number_of_temperatures=10, schedule=logT"
800,1801762,-0.750344,5.262804222,0.6,26.45023927,NVIDIA Tesla V100-SXM2-32G,Population Annealing,,"MCS_per_temperature=10, number_of_temperatures=10, schedule=logT"
800,1801765,-0.756849,5.21325829,0.9,10.42651658,NVIDIA Tesla V100-SXM2-32G,Population Annealing,,"MCS_per_temperature=10, number_of_temperatures=10, schedule=logT"
800,1801768,-0.753876,5.290355206,0.6,26.58870729,NVIDIA Tesla V100-SXM2-32G,Population Annealing,,"MCS_per_temperature=10, number_of_temperatures=10, schedule=logT"
800,1801771,-0.752071,5.275233936,0.7,20.1776568,NVIDIA Tesla V100-SXM2-32G,Population Annealing,,"MCS_per_temperature=10, number_of_temperatures=10, schedule=logT"
800,1801774,-0.758096,5.215240216,0.7,19.94818211,NVIDIA Tesla V100-SXM2-32G,Population Annealing,,"MCS_per_temperature=10, number_of_temperatures=10, schedule=logT"
800,1801777,-0.753818,5.296871948,0.8,15.15622105,NVIDIA Tesla V100-SXM2-32G,Population Annealing,,"MCS_per_temperature=10, number_of_temperatures=10, schedule=logT"
800,1801780,-0.755327,5.245892739,0.7,20.06542735,NVIDIA Tesla V100-SXM2-32G,Population Annealing,,"MCS_per_temperature=10, number_of_temperatures=10, schedule=logT"
800,1801783,-0.757433,5.315552258,1,5.315552258,NVIDIA Tesla V100-SXM2-32G,Population Annealing,,"MCS_per_temperature=10, number_of_temperatures=10, schedule=logT"
800,1801786,-0.752870,5.320018554,0.8,15.22245167,NVIDIA Tesla V100-SXM2-32G,Population Annealing,,"MCS_per_temperature=10, number_of_temperatures=10, schedule=logT"
800,1801789,-0.753703,5.247452307,1,5.247452307,NVIDIA Tesla V100-SXM2-32G,Population Annealing,,"MCS_per_temperature=10, number_of_temperatures=10, schedule=logT"
800,1801792,-0.754276,5.281425667,0.2,108.9964907,NVIDIA Tesla V100-SXM2-32G,Population Annealing,,"MCS_per_temperature=10, number_of_temperatures=10, schedule=logT"
800,1801795,-0.749481,5.303542185,0,inf,NVIDIA Tesla V100-SXM2-32G,Population Annealing,,"MCS_per_temperature=10, number_of_temperatures=10, schedule=logT"
800,1801798,-0.755969,5.267911673,0.2,108.7175929,NVIDIA Tesla V100-SXM2-32G,Population Annealing,,"MCS_per_temperature=10, number_of_temperatures=10, schedule=logT"
800,1801801,-0.752739,5.241576552,0.9,10.4831531,NVIDIA Tesla V100-SXM2-32G,Population Annealing,,"MCS_per_temperature=10, number_of_temperatures=10, schedule=logT"
800,1801804,-0.750396,5.261708832,0.6,26.44473397,NVIDIA Tesla V100-SXM2-32G,Population Annealing,,"MCS_per_temperature=10, number_of_temperatures=10, schedule=logT"
800,1801807,-0.754797,5.314509988,0.8,15.20668971,NVIDIA Tesla V100-SXM2-32G,Population Annealing,,"MCS_per_temperature=10, number_of_temperatures=10, schedule=logT"
800,1801810,-0.747970,5.343937135,0.6,26.85800381,NVIDIA Tesla V100-SXM2-32G,Population Annealing,,"MCS_per_temperature=10, number_of_temperatures=10, schedule=logT"
800,1801813,-0.750870,5.273244667,0.6,26.50271173,NVIDIA Tesla V100-SXM2-32G,Population Annealing,,"MCS_per_temperature=10, number_of_temperatures=10, schedule=logT"
800,1801816,-0.750020,5.282710791,0.9,10.56542158,NVIDIA Tesla V100-SXM2-32G,Population Annealing,,"MCS_per_temperature=10, number_of_temperatures=10, schedule=logT"
800,1801819,-0.750025,5.3024791,0.8,15.1722651,NVIDIA Tesla V100-SXM2-32G,Population Annealing,,"MCS_per_temperature=10, number_of_temperatures=10, schedule=logT"
800,1801822,-0.764175,5.330881214,0.5,35.41760815,NVIDIA Tesla V100-SXM2-32G,Population Annealing,,"MCS_per_temperature=10, number_of_temperatures=10, schedule=logT"
800,1801825,-0.755946,5.315033698,1,5.315033698,NVIDIA Tesla V100-SXM2-32G,Population Annealing,,"MCS_per_temperature=10, number_of_temperatures=10, schedule=logT"
800,1801828,-0.749868,5.264632154,0.7,20.13710521,NVIDIA Tesla V100-SXM2-32G,Population Annealing,,"MCS_per_temperature=10, number_of_temperatures=10, schedule=logT"
800,1801831,-0.756448,5.382955766,1,5.382955766,NVIDIA Tesla V100-SXM2-32G,Population Annealing,,"MCS_per_temperature=10, number_of_temperatures=10, schedule=logT"
800,1801834,-0.759625,5.293393326,0.3,68.34507874,NVIDIA Tesla V100-SXM2-32G,Population Annealing,,"MCS_per_temperature=10, number_of_temperatures=10, schedule=logT"
800,1801837,-0.750602,5.329984236,0.7,20.38707553,NVIDIA Tesla V100-SXM2-32G,Population Annealing,,"MCS_per_temperature=10, number_of_temperatures=10, schedule=logT"
800,1801840,-0.761483,5.308354497,1,5.308354497,NVIDIA Tesla V100-SXM2-32G,Population Annealing,,"MCS_per_temperature=10, number_of_temperatures=10, schedule=logT"
800,1801843,-0.751347,5.323135591,0.8,15.23137061,NVIDIA Tesla V100-SXM2-32G,Population Annealing,,"MCS_per_temperature=10, number_of_temperatures=10, schedule=logT"
800,1801846,-0.758945,5.266320729,1,5.266320729,NVIDIA Tesla V100-SXM2-32G,Population Annealing,,"MCS_per_temperature=10, number_of_temperatures=10, schedule=logT"
800,1801849,-0.752069,5.259690356,0.6,26.43458934,NVIDIA Tesla V100-SXM2-32G,Population Annealing,,"MCS_per_temperature=10, number_of_temperatures=10, schedule=logT"
800,1801852,-0.755835,5.332739401,1,5.332739401,NVIDIA Tesla V100-SXM2-32G,Population Annealing,,"MCS_per_temperature=10, number_of_temperatures=10, schedule=logT"
800,1801855,-0.756142,5.358138704,0.3,69.18103173,NVIDIA Tesla V100-SXM2-32G,Population Annealing,,"MCS_per_temperature=10, number_of_temperatures=10, schedule=logT"
800,1801858,-0.759181,5.260019231,1,5.260019231,NVIDIA Tesla V100-SXM2-32G,Population Annealing,,"MCS_per_temperature=10, number_of_temperatures=10, schedule=logT"
800,1801861,-0.756947,5.268292141,0.6,26.47782091,NVIDIA Tesla V100-SXM2-32G,Population Annealing,,"MCS_per_temperature=10, number_of_temperatures=10, schedule=logT"
800,1801864,-0.754584,5.35695641,1,5.35695641,NVIDIA Tesla V100-SXM2-32G,Population Annealing,,"MCS_per_temperature=10, number_of_temperatures=10, schedule=logT"
800,1801867,-0.760169,5.205488753,1,5.205488753,NVIDIA Tesla V100-SXM2-32G,Population Annealing,,"MCS_per_temperature=10, number_of_temperatures=10, schedule=logT"
800,1801870,-0.755670,5.365366983,0.2,110.7288466,NVIDIA Tesla V100-SXM2-32G,Population Annealing,,"MCS_per_temperature=10, number_of_temperatures=10, schedule=logT"
800,1801873,-0.750929,5.283308172,0.3,68.21486536,NVIDIA Tesla V100-SXM2-32G,Population Annealing,,"MCS_per_temperature=10, number_of_temperatures=10, schedule=logT"
800,1801876,-0.760083,5.336857891,1,5.336857891,NVIDIA Tesla V100-SXM2-32G,Population Annealing,,"MCS_per_temperature=10, number_of_temperatures=10, schedule=logT"
800,1801879,-0.750333,5.318794537,0.1,232.477545,NVIDIA Tesla V100-SXM2-32G,Population Annealing,,"MCS_per_temperature=10, number_of_temperatures=10, schedule=logT"
800,1801882,-0.763096,5.204383707,0.9,10.40876741,NVIDIA Tesla V100-SXM2-32G,Population Annealing,,"MCS_per_temperature=10, number_of_temperatures=10, schedule=logT"
800,1801885,-0.755498,5.333322144,1,5.333322144,NVIDIA Tesla V100-SXM2-32G,Population Annealing,,"MCS_per_temperature=10, number_of_temperatures=10, schedule=logT"
800,1801888,-0.754612,5.232221746,1,5.232221746,NVIDIA Tesla V100-SXM2-32G,Population Annealing,,"MCS_per_temperature=10, number_of_temperatures=10, schedule=logT"
800,1801891,-0.751560,5.274891806,0.6,26.51099005,NVIDIA Tesla V100-SXM2-32G,Population Annealing,,"MCS_per_temperature=10, number_of_temperatures=10, schedule=logT"
800,1801894,-0.755503,5.259274745,1,5.259274745,NVIDIA Tesla V100-SXM2-32G,Population Annealing,,"MCS_per_temperature=10, number_of_temperatures=10, schedule=logT"
800,1801897,-0.753445,5.241970444,0.9,10.48394089,NVIDIA Tesla V100-SXM2-32G,Population Annealing,,"MCS_per_temperature=10, number_of_temperatures=10, schedule=logT"
800,1801900,-0.755647,5.260955381,0.9,10.52191076,NVIDIA Tesla V100-SXM2-32G,Population Annealing,,"MCS_per_temperature=10, number_of_temperatures=10, schedule=logT"
800,1801903,-0.752241,5.281239319,0.5,35.08779454,NVIDIA Tesla V100-SXM2-32G,Population Annealing,,"MCS_per_temperature=10, number_of_temperatures=10, schedule=logT"
800,1801906,-0.750394,5.28099122,1,5.28099122,NVIDIA Tesla V100-SXM2-32G,Population Annealing,,"MCS_per_temperature=10, number_of_temperatures=10, schedule=logT"
800,1801909,-0.758069,5.233242369,1,5.233242369,NVIDIA Tesla V100-SXM2-32G,Population Annealing,,"MCS_per_temperature=10, number_of_temperatures=10, schedule=logT"
800,1801912,-0.758051,5.289665246,1,5.289665246,NVIDIA Tesla V100-SXM2-32G,Population Annealing,,"MCS_per_temperature=10, number_of_temperatures=10, schedule=logT"
800,1801915,-0.763134,5.234007406,1,5.234007406,NVIDIA Tesla V100-SXM2-32G,Population Annealing,,"MCS_per_temperature=10, number_of_temperatures=10, schedule=logT"
800,1801918,-0.757698,5.229389715,1,5.229389715,NVIDIA Tesla V100-SXM2-32G,Population Annealing,,"MCS_per_temperature=10, number_of_temperatures=10, schedule=logT"
800,1801921,-0.755093,5.146119046,0.7,19.68379512,NVIDIA Tesla V100-SXM2-32G,Population Annealing,,"MCS_per_temperature=10, number_of_temperatures=10, schedule=logT"
800,1801924,-0.754269,5.321835542,0.9,10.64367108,NVIDIA Tesla V100-SXM2-32G,Population Annealing,,"MCS_per_temperature=10, number_of_temperatures=10, schedule=logT"
800,1801927,-0.754921,5.295873284,1,5.295873284,NVIDIA Tesla V100-SXM2-32G,Population Annealing,,"MCS_per_temperature=10, number_of_temperatures=10, schedule=logT"
800,1801930,-0.752458,5.246839738,0.6,26.37000364,NVIDIA Tesla V100-SXM2-32G,Population Annealing,,"MCS_per_temperature=10, number_of_temperatures=10, schedule=logT"
800,1801933,-0.753041,5.270894742,0.7,20.16105948,NVIDIA Tesla V100-SXM2-32G,Population Annealing,,"MCS_per_temperature=10, number_of_temperatures=10, schedule=logT"
800,1801936,-0.755070,5.201088405,0.9,10.40217681,NVIDIA Tesla V100-SXM2-32G,Population Annealing,,"MCS_per_temperature=10, number_of_temperatures=10, schedule=logT"
800,1801939,-0.758958,5.367298269,0.9,10.73459654,NVIDIA Tesla V100-SXM2-32G,Population Annealing,,"MCS_per_temperature=10, number_of_temperatures=10, schedule=logT"
800,1801942,-0.756832,5.425993967,1,5.425993967,NVIDIA Tesla V100-SXM2-32G,Population Annealing,,"MCS_per_temperature=10, number_of_temperatures=10, schedule=logT"
800,1801945,-0.749547,5.276967335,0.9,10.55393467,NVIDIA Tesla V100-SXM2-32G,Population Annealing,,"MCS_per_temperature=10, number_of_temperatures=10, schedule=logT"
800,1801948,-0.755821,5.207715225,0.8,14.90111219,NVIDIA Tesla V100-SXM2-32G,Population Annealing,,"MCS_per_temperature=10, number_of_temperatures=10, schedule=logT"
800,1801951,-0.755357,5.246200967,0.8,15.01123348,NVIDIA Tesla V100-SXM2-32G,Population Annealing,,"MCS_per_temperature=10, number_of_temperatures=10, schedule=logT"
800,1801954,-0.751329,5.272797108,0.7,20.16833599,NVIDIA Tesla V100-SXM2-32G,Population Annealing,,"MCS_per_temperature=10, number_of_temperatures=10, schedule=logT"
800,1801957,-0.753758,5.284823823,1,5.284823823,NVIDIA Tesla V100-SXM2-32G,Population Annealing,,"MCS_per_temperature=10, number_of_temperatures=10, schedule=logT"
800,1801960,-0.754187,5.279015923,0.8,15.10512866,NVIDIA Tesla V100-SXM2-32G,Population Annealing,,"MCS_per_temperature=10, number_of_temperatures=10, schedule=logT"
800,1801963,-0.754015,5.22341218,0.9,10.44682436,NVIDIA Tesla V100-SXM2-32G,Population Annealing,,"MCS_per_temperature=10, number_of_temperatures=10, schedule=logT"
800,1801966,-0.753630,5.217203903,0.3,67.3613672,NVIDIA Tesla V100-SXM2-32G,Population Annealing,,"MCS_per_temperature=10, number_of_temperatures=10, schedule=logT"
800,1801969,-0.747904,5.21685791,0.6,26.21931847,NVIDIA Tesla V100-SXM2-32G,Population Annealing,,"MCS_per_temperature=10, number_of_temperatures=10, schedule=logT"
800,1801972,-0.750813,5.258150053,0,inf,NVIDIA Tesla V100-SXM2-32G,Population Annealing,,"MCS_per_temperature=10, number_of_temperatures=10, schedule=logT"
800,1801975,-0.757246,5.176512718,1,5.176512718,NVIDIA Tesla V100-SXM2-32G,Population Annealing,,"MCS_per_temperature=10, number_of_temperatures=10, schedule=logT"
800,1801978,-0.751378,5.292134929,0.9,10.58426986,NVIDIA Tesla V100-SXM2-32G,Population Annealing,,"MCS_per_temperature=10, number_of_temperatures=10, schedule=logT"
800,1801981,-0.751489,5.258765006,0.5,34.93847844,NVIDIA Tesla V100-SXM2-32G,Population Annealing,,"MCS_per_temperature=10, number_of_temperatures=10, schedule=logT"
800,1801984,-0.762368,5.216978693,1,5.216978693,NVIDIA Tesla V100-SXM2-32G,Population Annealing,,"MCS_per_temperature=10, number_of_temperatures=10, schedule=logT"
800,1801987,-0.753419,5.273486352,0.9,10.5469727,NVIDIA Tesla V100-SXM2-32G,Population Annealing,,"MCS_per_temperature=10, number_of_temperatures=10, schedule=logT"
800,1801990,-0.753081,5.244750404,0.9,10.48950081,NVIDIA Tesla V100-SXM2-32G,Population Annealing,,"MCS_per_temperature=10, number_of_temperatures=10, schedule=logT"
800,1801993,-0.751626,5.197017646,0.6,26.11960362,NVIDIA Tesla V100-SXM2-32G,Population Annealing,,"MCS_per_temperature=10, number_of_temperatures=10, schedule=logT"
800,1801996,-0.756622,5.229486012,0.6,26.28278584,NVIDIA Tesla V100-SXM2-32G,Population Annealing,,"MCS_per_temperature=10, number_of_temperatures=10, schedule=logT"
800,1801999,-0.750846,5.285496926,0.8,15.1236731,NVIDIA Tesla V100-SXM2-32G,Population Annealing,,"MCS_per_temperature=10, number_of_temperatures=10, schedule=logT"
800,1802002,-0.753398,5.243505096,0.4,47.27099076,NVIDIA Tesla V100-SXM2-32G,Population Annealing,,"MCS_per_temperature=10, number_of_temperatures=10, schedule=logT"
800,1802005,-0.755374,5.263769317,0.8,15.06150274,NVIDIA Tesla V100-SXM2-32G,Population Annealing,,"MCS_per_temperature=10, number_of_temperatures=10, schedule=logT"
800,1802008,-0.754465,5.264684296,1,5.264684296,NVIDIA Tesla V100-SXM2-32G,Population Annealing,,"MCS_per_temperature=10, number_of_temperatures=10, schedule=logT"
800,1802011,-0.754218,5.223308635,0.8,14.94573044,NVIDIA Tesla V100-SXM2-32G,Population Annealing,,"MCS_per_temperature=10, number_of_temperatures=10, schedule=logT"
800,1802014,-0.762537,5.327250814,1,5.327250814,NVIDIA Tesla V100-SXM2-32G,Population Annealing,,"MCS_per_temperature=10, number_of_temperatures=10, schedule=logT"
800,1802017,-0.755833,5.278706002,0.6,26.53015976,NVIDIA Tesla V100-SXM2-32G,Population Annealing,,"MCS_per_temperature=10, number_of_temperatures=10, schedule=logT"
800,1802020,-0.755367,5.304792428,0.6,26.66126709,NVIDIA Tesla V100-SXM2-32G,Population Annealing,,"MCS_per_temperature=10, number_of_temperatures=10, schedule=logT"
800,1802023,-0.747203,5.340077472,0.5,35.47870676,NVIDIA Tesla V100-SXM2-32G,Population Annealing,,"MCS_per_temperature=10, number_of_temperatures=10, schedule=logT"
800,1802026,-0.759742,5.299729514,1,5.299729514,NVIDIA Tesla V100-SXM2-32G,Population Annealing,,"MCS_per_temperature=10, number_of_temperatures=10, schedule=logT"
800,1802029,-0.750460,5.254491091,0.9,10.50898218,NVIDIA Tesla V100-SXM2-32G,Population Annealing,,"MCS_per_temperature=10, number_of_temperatures=10, schedule=logT"
1000,2001732,-0.757446,13.19716415,1,13.19716415,NVIDIA Tesla V100-SXM2-32G,Population Annealing,,"MCS_per_temperature=10, number_of_temperatures=20, schedule=logT"
1000,2001735,-0.756204,13.40186086,1,13.40186086,NVIDIA Tesla V100-SXM2-32G,Population Annealing,,"MCS_per_temperature=10, number_of_temperatures=20, schedule=logT"
1000,2001738,-0.756187,13.22964694,1,13.22964694,NVIDIA Tesla V100-SXM2-32G,Population Annealing,,"MCS_per_temperature=10, number_of_temperatures=20, schedule=logT"
1000,2001741,-0.758695,13.18085411,1,13.18085411,NVIDIA Tesla V100-SXM2-32G,Population Annealing,,"MCS_per_temperature=10, number_of_temperatures=20, schedule=logT"
1000,2001744,-0.752101,13.25725648,1,13.25725648,NVIDIA Tesla V100-SXM2-32G,Population Annealing,,"MCS_per_temperature=10, number_of_temperatures=20, schedule=logT"
1000,2001747,-0.749268,13.29681983,1,13.29681983,NVIDIA Tesla V100-SXM2-32G,Population Annealing,,"MCS_per_temperature=10, number_of_temperatures=20, schedule=logT"
1000,2001750,-0.753320,13.08377621,1,13.08377621,NVIDIA Tesla V100-SXM2-32G,Population Annealing,,"MCS_per_temperature=10, number_of_temperatures=20, schedule=logT"
1000,2001753,-0.751732,13.27523115,1,13.27523115,NVIDIA Tesla V100-SXM2-32G,Population Annealing,,"MCS_per_temperature=10, number_of_temperatures=20, schedule=logT"
1000,2001756,-0.758293,13.23836086,1,13.23836086,NVIDIA Tesla V100-SXM2-32G,Population Annealing,,"MCS_per_temperature=10, number_of_temperatures=20, schedule=logT"
1000,2001759,-0.751970,13.2120935,1,13.2120935,NVIDIA Tesla V100-SXM2-32G,Population Annealing,,"MCS_per_temperature=10, number_of_temperatures=20, schedule=logT"
1000,2001762,-0.757640,13.23445549,1,13.23445549,NVIDIA Tesla V100-SXM2-32G,Population Annealing,,"MCS_per_temperature=10, number_of_temperatures=20, schedule=logT"
1000,2001765,-0.750388,13.27260082,1,13.27260082,NVIDIA Tesla V100-SXM2-32G,Population Annealing,,"MCS_per_temperature=10, number_of_temperatures=20, schedule=logT"
1000,2001768,-0.754395,13.27887359,0.9,26.55774717,NVIDIA Tesla V100-SXM2-32G,Population Annealing,,"MCS_per_temperature=10, number_of_temperatures=20, schedule=logT"
1000,2001771,-0.753450,13.2206063,1,13.2206063,NVIDIA Tesla V100-SXM2-32G,Population Annealing,,"MCS_per_temperature=10, number_of_temperatures=20, schedule=logT"
1000,2001774,-0.754715,13.31243112,1,13.31243112,NVIDIA Tesla V100-SXM2-32G,Population Annealing,,"MCS_per_temperature=10, number_of_temperatures=20, schedule=logT"
1000,2001777,-0.751821,13.24597082,1,13.24597082,NVIDIA Tesla V100-SXM2-32G,Population Annealing,,"MCS_per_temperature=10, number_of_temperatures=20, schedule=logT"
1000,2001780,-0.753569,13.51860285,1,13.51860285,NVIDIA Tesla V100-SXM2-32G,Population Annealing,,"MCS_per_temperature=10, number_of_temperatures=20, schedule=logT"
1000,2001783,-0.751772,13.39926515,1,13.39926515,NVIDIA Tesla V100-SXM2-32G,Population Annealing,,"MCS_per_temperature=10, number_of_temperatures=20, schedule=logT"
1000,2001786,-0.758532,13.24609909,1,13.24609909,NVIDIA Tesla V100-SXM2-32G,Population Annealing,,"MCS_per_temperature=10, number_of_temperatures=20, schedule=logT"
1000,2001789,-0.759042,13.1167165,1,13.1167165,NVIDIA Tesla V100-SXM2-32G,Population Annealing,,"MCS_per_temperature=10, number_of_temperatures=20, schedule=logT"
1000,2001792,-0.752637,13.2677866,0.9,26.5355732,NVIDIA Tesla V100-SXM2-32G,Population Annealing,,"MCS_per_temperature=10, number_of_temperatures=20, schedule=logT"
1000,2001795,-0.756052,13.26029394,1,13.26029394,NVIDIA Tesla V100-SXM2-32G,Population Annealing,,"MCS_per_temperature=10, number_of_temperatures=20, schedule=logT"
1000,2001798,-0.758913,13.26039882,1,13.26039882,NVIDIA Tesla V100-SXM2-32G,Population Annealing,,"MCS_per_temperature=10, number_of_temperatures=20, schedule=logT"
1000,2001801,-0.751343,13.24384081,1,13.24384081,NVIDIA Tesla V100-SXM2-32G,Population Annealing,,"MCS_per_temperature=10, number_of_temperatures=20, schedule=logT"
1000,2001804,-0.757661,13.37094767,1,13.37094767,NVIDIA Tesla V100-SXM2-32G,Population Annealing,,"MCS_per_temperature=10, number_of_temperatures=20, schedule=logT"
1000,2001807,-0.759883,13.06518617,1,13.06518617,NVIDIA Tesla V100-SXM2-32G,Population Annealing,,"MCS_per_temperature=10, number_of_temperatures=20, schedule=logT"
1000,2001810,-0.755746,13.29483805,1,13.29483805,NVIDIA Tesla V100-SXM2-32G,Population Annealing,,"MCS_per_temperature=10, number_of_temperatures=20, schedule=logT"
1000,2001813,-0.754802,13.1266494,1,13.1266494,NVIDIA Tesla V100-SXM2-32G,Population Annealing,,"MCS_per_temperature=10, number_of_temperatures=20, schedule=logT"
1000,2001816,-0.753126,13.28048751,1,13.28048751,NVIDIA Tesla V100-SXM2-32G,Population Annealing,,"MCS_per_temperature=10, number_of_temperatures=20, schedule=logT"
1000,2001819,-0.757056,13.28379657,0.5,88.25563408,NVIDIA Tesla V100-SXM2-32G,Population Annealing,,"MCS_per_temperature=10, number_of_temperatures=20, schedule=logT"
1000,2001822,-0.753511,13.30401032,1,13.30401032,NVIDIA Tesla V100-SXM2-32G,Population Annealing,,"MCS_per_temperature=10, number_of_temperatures=20, schedule=logT"
1000,2001825,-0.754329,13.16381416,1,13.16381416,NVIDIA Tesla V100-SXM2-32G,Population Annealing,,"MCS_per_temperature=10, number_of_temperatures=20, schedule=logT"
1000,2001828,-0.757293,13.31527433,1,13.31527433,NVIDIA Tesla V100-SXM2-32G,Population Annealing,,"MCS_per_temperature=10, number_of_temperatures=20, schedule=logT"
1000,2001831,-0.755255,13.45042109,1,13.45042109,NVIDIA Tesla V100-SXM2-32G,Population Annealing,,"MCS_per_temperature=10, number_of_temperatures=20, schedule=logT"
1000,2001834,-0.754644,13.26872458,0.9,26.53744917,NVIDIA Tesla V100-SXM2-32G,Population Annealing,,"MCS_per_temperature=10, number_of_temperatures=20, schedule=logT"
1000,2001837,-0.760802,13.29920623,1,13.29920623,NVIDIA Tesla V100-SXM2-32G,Population Annealing,,"MCS_per_temperature=10, number_of_temperatures=20, schedule=logT"
1000,2001840,-0.755837,13.2156898,1,13.2156898,NVIDIA Tesla V100-SXM2-32G,Population Annealing,,"MCS_per_temperature=10, number_of_temperatures=20, schedule=logT"
1000,2001843,-0.757100,13.24817393,1,13.24817393,NVIDIA Tesla V100-SXM2-32G,Population Annealing,,"MCS_per_temperature=10, number_of_temperatures=20, schedule=logT"
1000,2001846,-0.754134,13.16039431,1,13.16039431,NVIDIA Tesla V100-SXM2-32G,Population Annealing,,"MCS_per_temperature=10, number_of_temperatures=20, schedule=logT"
1000,2001849,-0.754035,13.31039777,1,13.31039777,NVIDIA Tesla V100-SXM2-32G,Population Annealing,,"MCS_per_temperature=10, number_of_temperatures=20, schedule=logT"
1000,2001852,-0.762211,13.21337905,1,13.21337905,NVIDIA Tesla V100-SXM2-32G,Population Annealing,,"MCS_per_temperature=10, number_of_temperatures=20, schedule=logT"
1000,2001855,-0.751428,13.32587526,1,13.32587526,NVIDIA Tesla V100-SXM2-32G,Population Annealing,,"MCS_per_temperature=10, number_of_temperatures=20, schedule=logT"
1000,2001858,-0.753072,13.16887617,1,13.16887617,NVIDIA Tesla V100-SXM2-32G,Population Annealing,,"MCS_per_temperature=10, number_of_temperatures=20, schedule=logT"
1000,2001861,-0.756185,13.2395962,1,13.2395962,NVIDIA Tesla V100-SXM2-32G,Population Annealing,,"MCS_per_temperature=10, number_of_temperatures=20, schedule=logT"
1000,2001864,-0.759388,13.15678954,1,13.15678954,NVIDIA Tesla V100-SXM2-32G,Population Annealing,,"MCS_per_temperature=10, number_of_temperatures=20, schedule=logT"
1000,2001867,-0.756945,13.21604953,1,13.21604953,NVIDIA Tesla V100-SXM2-32G,Population Annealing,,"MCS_per_temperature=10, number_of_temperatures=20, schedule=logT"
1000,2001870,-0.755683,13.27823267,1,13.27823267,NVIDIA Tesla V100-SXM2-32G,Population Annealing,,"MCS_per_temperature=10, number_of_temperatures=20, schedule=logT"
1000,2001873,-0.750525,13.2207783,1,13.2207783,NVIDIA Tesla V100-SXM2-32G,Population Annealing,,"MCS_per_temperature=10, number_of_temperatures=20, schedule=logT"
1000,2001876,-0.756714,13.3675446,1,13.3675446,NVIDIA Tesla V100-SXM2-32G,Population Annealing,,"MCS_per_temperature=10, number_of_temperatures=20, schedule=logT"
1000,2001879,-0.754788,13.29409113,1,13.29409113,NVIDIA Tesla V100-SXM2-32G,Population Annealing,,"MCS_per_temperature=10, number_of_temperatures=20, schedule=logT"
1000,2001882,-0.753858,13.23836114,0.9,26.47672229,NVIDIA Tesla V100-SXM2-32G,Population Annealing,,"MCS_per_temperature=10, number_of_temperatures=20, schedule=logT"
1000,2001885,-0.758224,13.18752413,1,13.18752413,NVIDIA Tesla V100-SXM2-32G,Population Annealing,,"MCS_per_temperature=10, number_of_temperatures=20, schedule=logT"
1000,2001888,-0.755149,13.2954191,1,13.2954191,NVIDIA Tesla V100-SXM2-32G,Population Annealing,,"MCS_per_temperature=10, number_of_temperatures=20, schedule=logT"
1000,2001891,-0.755142,13.20802093,1,13.20802093,NVIDIA Tesla V100-SXM2-32G,Population Annealing,,"MCS_per_temperature=10, number_of_temperatures=20, schedule=logT"
1000,2001894,-0.758785,13.31195242,1,13.31195242,NVIDIA Tesla V100-SXM2-32G,Population Annealing,,"MCS_per_temperature=10, number_of_temperatures=20, schedule=logT"
1000,2001897,-0.755018,13.29843128,1,13.29843128,NVIDIA Tesla V100-SXM2-32G,Population Annealing,,"MCS_per_temperature=10, number_of_temperatures=20, schedule=logT"
1000,2001900,-0.759176,13.27384479,1,13.27384479,NVIDIA Tesla V100-SXM2-32G,Population Annealing,,"MCS_per_temperature=10, number_of_temperatures=20, schedule=logT"
1000,2001903,-0.755844,13.21976013,1,13.21976013,NVIDIA Tesla V100-SXM2-32G,Population Annealing,,"MCS_per_temperature=10, number_of_temperatures=20, schedule=logT"
1000,2001906,-0.760258,13.25171785,1,13.25171785,NVIDIA Tesla V100-SXM2-32G,Population Annealing,,"MCS_per_temperature=10, number_of_temperatures=20, schedule=logT"
1000,2001909,-0.757463,13.33000984,1,13.33000984,NVIDIA Tesla V100-SXM2-32G,Population Annealing,,"MCS_per_temperature=10, number_of_temperatures=20, schedule=logT"
1000,2001912,-0.753626,13.24131837,1,13.24131837,NVIDIA Tesla V100-SXM2-32G,Population Annealing,,"MCS_per_temperature=10, number_of_temperatures=20, schedule=logT"
1000,2001915,-0.758874,13.14908135,1,13.14908135,NVIDIA Tesla V100-SXM2-32G,Population Annealing,,"MCS_per_temperature=10, number_of_temperatures=20, schedule=logT"
1000,2001918,-0.758314,13.26440265,1,13.26440265,NVIDIA Tesla V100-SXM2-32G,Population Annealing,,"MCS_per_temperature=10, number_of_temperatures=20, schedule=logT"
1000,2001921,-0.756388,13.23416145,1,13.23416145,NVIDIA Tesla V100-SXM2-32G,Population Annealing,,"MCS_per_temperature=10, number_of_temperatures=20, schedule=logT"
1000,2001924,-0.755089,13.22705116,1,13.22705116,NVIDIA Tesla V100-SXM2-32G,Population Annealing,,"MCS_per_temperature=10, number_of_temperatures=20, schedule=logT"
1000,2001927,-0.755306,13.28586049,1,13.28586049,NVIDIA Tesla V100-SXM2-32G,Population Annealing,,"MCS_per_temperature=10, number_of_temperatures=20, schedule=logT"
1000,2001930,-0.760720,13.06422856,1,13.06422856,NVIDIA Tesla V100-SXM2-32G,Population Annealing,,"MCS_per_temperature=10, number_of_temperatures=20, schedule=logT"
1000,2001933,-0.762263,13.22108116,1,13.22108116,NVIDIA Tesla V100-SXM2-32G,Population Annealing,,"MCS_per_temperature=10, number_of_temperatures=20, schedule=logT"
1000,2001936,-0.760477,13.23343203,1,13.23343203,NVIDIA Tesla V100-SXM2-32G,Population Annealing,,"MCS_per_temperature=10, number_of_temperatures=20, schedule=logT"
1000,2001939,-0.753617,13.24796691,1,13.24796691,NVIDIA Tesla V100-SXM2-32G,Population Annealing,,"MCS_per_temperature=10, number_of_temperatures=20, schedule=logT"
1000,2001942,-0.758279,13.2335629,1,13.2335629,NVIDIA Tesla V100-SXM2-32G,Population Annealing,,"MCS_per_temperature=10, number_of_temperatures=20, schedule=logT"
1000,2001945,-0.754073,13.20912898,0.9,26.41825795,NVIDIA Tesla V100-SXM2-32G,Population Annealing,,"MCS_per_temperature=10, number_of_temperatures=20, schedule=logT"
1000,2001948,-0.754718,13.24041824,1,13.24041824,NVIDIA Tesla V100-SXM2-32G,Population Annealing,,"MCS_per_temperature=10, number_of_temperatures=20, schedule=logT"
1000,2001951,-0.754944,13.33496056,1,13.33496056,NVIDIA Tesla V100-SXM2-32G,Population Annealing,,"MCS_per_temperature=10, number_of_temperatures=20, schedule=logT"
1000,2001954,-0.753593,13.24222667,1,13.24222667,NVIDIA Tesla V100-SXM2-32G,Population Annealing,,"MCS_per_temperature=10, number_of_temperatures=20, schedule=logT"
1000,2001957,-0.755756,13.29029026,1,13.29029026,NVIDIA Tesla V100-SXM2-32G,Population Annealing,,"MCS_per_temperature=10, number_of_temperatures=20, schedule=logT"
1000,2001960,-0.756810,13.29505043,1,13.29505043,NVIDIA Tesla V100-SXM2-32G,Population Annealing,,"MCS_per_temperature=10, number_of_temperatures=20, schedule=logT"
1000,2001963,-0.754543,13.34342301,1,13.34342301,NVIDIA Tesla V100-SXM2-32G,Population Annealing,,"MCS_per_temperature=10, number_of_temperatures=20, schedule=logT"
1000,2001966,-0.761304,13.18087232,1,13.18087232,NVIDIA Tesla V100-SXM2-32G,Population Annealing,,"MCS_per_temperature=10, number_of_temperatures=20, schedule=logT"
1000,2001969,-0.755431,13.32528498,1,13.32528498,NVIDIA Tesla V100-SXM2-32G,Population Annealing,,"MCS_per_temperature=10, number_of_temperatures=20, schedule=logT"
1000,2001972,-0.752991,13.21135213,1,13.21135213,NVIDIA Tesla V100-SXM2-32G,Population Annealing,,"MCS_per_temperature=10, number_of_temperatures=20, schedule=logT"
1000,2001975,-0.753638,13.21186283,1,13.21186283,NVIDIA Tesla V100-SXM2-32G,Population Annealing,,"MCS_per_temperature=10, number_of_temperatures=20, schedule=logT"
1000,2001978,-0.756563,13.26018193,1,13.26018193,NVIDIA Tesla V100-SXM2-32G,Population Annealing,,"MCS_per_temperature=10, number_of_temperatures=20, schedule=logT"
1000,2001981,-0.758812,13.30316908,1,13.30316908,NVIDIA Tesla V100-SXM2-32G,Population Annealing,,"MCS_per_temperature=10, number_of_temperatures=20, schedule=logT"
1000,2001984,-0.754174,13.26650314,1,13.26650314,NVIDIA Tesla V100-SXM2-32G,Population Annealing,,"MCS_per_temperature=10, number_of_temperatures=20, schedule=logT"
1000,2001987,-0.760069,13.1813612,1,13.1813612,NVIDIA Tesla V100-SXM2-32G,Population Annealing,,"MCS_per_temperature=10, number_of_temperatures=20, schedule=logT"
1000,2001990,-0.755490,13.22316749,1,13.22316749,NVIDIA Tesla V100-SXM2-32G,Population Annealing,,"MCS_per_temperature=10, number_of_temperatures=20, schedule=logT"
1000,2001993,-0.758048,13.27282162,1,13.27282162,NVIDIA Tesla V100-SXM2-32G,Population Annealing,,"MCS_per_temperature=10, number_of_temperatures=20, schedule=logT"
1000,2001996,-0.755192,13.11080279,1,13.11080279,NVIDIA Tesla V100-SXM2-32G,Population Annealing,,"MCS_per_temperature=10, number_of_temperatures=20, schedule=logT"
1000,2001999,-0.758494,13.22291245,1,13.22291245,NVIDIA Tesla V100-SXM2-32G,Population Annealing,,"MCS_per_temperature=10, number_of_temperatures=20, schedule=logT"
1000,2002002,-0.757188,13.07689342,1,13.07689342,NVIDIA Tesla V100-SXM2-32G,Population Annealing,,"MCS_per_temperature=10, number_of_temperatures=20, schedule=logT"
1000,2002005,-0.757588,13.37836854,1,13.37836854,NVIDIA Tesla V100-SXM2-32G,Population Annealing,,"MCS_per_temperature=10, number_of_temperatures=20, schedule=logT"
1000,2002008,-0.758079,13.24709187,1,13.24709187,NVIDIA Tesla V100-SXM2-32G,Population Annealing,,"MCS_per_temperature=10, number_of_temperatures=20, schedule=logT"
1000,2002011,-0.761642,13.30241385,1,13.30241385,NVIDIA Tesla V100-SXM2-32G,Population Annealing,,"MCS_per_temperature=10, number_of_temperatures=20, schedule=logT"
1000,2002014,-0.757827,13.28238933,1,13.28238933,NVIDIA Tesla V100-SXM2-32G,Population Annealing,,"MCS_per_temperature=10, number_of_temperatures=20, schedule=logT"
1000,2002017,-0.759966,13.36619754,1,13.36619754,NVIDIA Tesla V100-SXM2-32G,Population Annealing,,"MCS_per_temperature=10, number_of_temperatures=20, schedule=logT"
1000,2002020,-0.755086,13.23133931,1,13.23133931,NVIDIA Tesla V100-SXM2-32G,Population Annealing,,"MCS_per_temperature=10, number_of_temperatures=20, schedule=logT"
1000,2002023,-0.756713,13.29503913,1,13.29503913,NVIDIA Tesla V100-SXM2-32G,Population Annealing,,"MCS_per_temperature=10, number_of_temperatures=20, schedule=logT"
1000,2002026,-0.757631,13.22368004,1,13.22368004,NVIDIA Tesla V100-SXM2-32G,Population Annealing,,"MCS_per_temperature=10, number_of_temperatures=20, schedule=logT"
1000,2002029,-0.751727,13.23679845,1,13.23679845,NVIDIA Tesla V100-SXM2-32G,Population Annealing,,"MCS_per_temperature=10, number_of_temperatures=20, schedule=logT"
1200,2201732,-0.754026,16.27407262,1,16.27407262,NVIDIA Tesla V100-SXM2-32G,Population Annealing,,"MCS_per_temperature=10, number_of_temperatures=20, schedule=logT"
1200,2201735,-0.760750,16.26235392,1,16.26235392,NVIDIA Tesla V100-SXM2-32G,Population Annealing,,"MCS_per_temperature=10, number_of_temperatures=20, schedule=logT"
1200,2201738,-0.758350,16.38187521,1,16.38187521,NVIDIA Tesla V100-SXM2-32G,Population Annealing,,"MCS_per_temperature=10, number_of_temperatures=20, schedule=logT"
1200,2201741,-0.753356,16.35390933,1,16.35390933,NVIDIA Tesla V100-SXM2-32G,Population Annealing,,"MCS_per_temperature=10, number_of_temperatures=20, schedule=logT"
1200,2201744,-0.756628,16.04874778,1,16.04874778,NVIDIA Tesla V100-SXM2-32G,Population Annealing,,"MCS_per_temperature=10, number_of_temperatures=20, schedule=logT"
1200,2201747,-0.757052,16.39693418,1,16.39693418,NVIDIA Tesla V100-SXM2-32G,Population Annealing,,"MCS_per_temperature=10, number_of_temperatures=20, schedule=logT"
1200,2201750,-0.758676,16.19827359,1,16.19827359,NVIDIA Tesla V100-SXM2-32G,Population Annealing,,"MCS_per_temperature=10, number_of_temperatures=20, schedule=logT"
1200,2201753,-0.761389,16.35169628,1,16.35169628,NVIDIA Tesla V100-SXM2-32G,Population Annealing,,"MCS_per_temperature=10, number_of_temperatures=20, schedule=logT"
1200,2201756,-0.757135,16.43075111,1,16.43075111,NVIDIA Tesla V100-SXM2-32G,Population Annealing,,"MCS_per_temperature=10, number_of_temperatures=20, schedule=logT"
1200,2201759,-0.755813,16.42714872,1,16.42714872,NVIDIA Tesla V100-SXM2-32G,Population Annealing,,"MCS_per_temperature=10, number_of_temperatures=20, schedule=logT"
1200,2201762,-0.758087,16.33242769,1,16.33242769,NVIDIA Tesla V100-SXM2-32G,Population Annealing,,"MCS_per_temperature=10, number_of_temperatures=20, schedule=logT"
1200,2201765,-0.757917,16.3198159,1,16.3198159,NVIDIA Tesla V100-SXM2-32G,Population Annealing,,"MCS_per_temperature=10, number_of_temperatures=20, schedule=logT"
1200,2201768,-0.759446,16.0635155,1,16.0635155,NVIDIA Tesla V100-SXM2-32G,Population Annealing,,"MCS_per_temperature=10, number_of_temperatures=20, schedule=logT"
1200,2201771,-0.752816,16.19295511,1,16.19295511,NVIDIA Tesla V100-SXM2-32G,Population Annealing,,"MCS_per_temperature=10, number_of_temperatures=20, schedule=logT"
1200,2201774,-0.756326,16.3499054,1,16.3499054,NVIDIA Tesla V100-SXM2-32G,Population Annealing,,"MCS_per_temperature=10, number_of_temperatures=20, schedule=logT"
1200,2201777,-0.760483,16.38673434,1,16.38673434,NVIDIA Tesla V100-SXM2-32G,Population Annealing,,"MCS_per_temperature=10, number_of_temperatures=20, schedule=logT"
1200,2201780,-0.757616,16.26814475,1,16.26814475,NVIDIA Tesla V100-SXM2-32G,Population Annealing,,"MCS_per_temperature=10, number_of_temperatures=20, schedule=logT"
1200,2201783,-0.755458,16.34491198,0.6,82.14761836,NVIDIA Tesla V100-SXM2-32G,Population Annealing,,"MCS_per_temperature=10, number_of_temperatures=20, schedule=logT"
1200,2201786,-0.756604,16.15569403,1,16.15569403,NVIDIA Tesla V100-SXM2-32G,Population Annealing,,"MCS_per_temperature=10, number_of_temperatures=20, schedule=logT"
1200,2201789,-0.758657,16.21331353,1,16.21331353,NVIDIA Tesla V100-SXM2-32G,Population Annealing,,"MCS_per_temperature=10, number_of_temperatures=20, schedule=logT"
1200,2201792,-0.758676,16.02713325,1,16.02713325,NVIDIA Tesla V100-SXM2-32G,Population Annealing,,"MCS_per_temperature=10, number_of_temperatures=20, schedule=logT"
1200,2201795,-0.759004,16.01234455,1,16.01234455,NVIDIA Tesla V100-SXM2-32G,Population Annealing,,"MCS_per_temperature=10, number_of_temperatures=20, schedule=logT"
1200,2201798,-0.759821,16.09488657,1,16.09488657,NVIDIA Tesla V100-SXM2-32G,Population Annealing,,"MCS_per_temperature=10, number_of_temperatures=20, schedule=logT"
1200,2201801,-0.755385,16.23766754,1,16.23766754,NVIDIA Tesla V100-SXM2-32G,Population Annealing,,"MCS_per_temperature=10, number_of_temperatures=20, schedule=logT"
1200,2201804,-0.755092,16.29009993,1,16.29009993,NVIDIA Tesla V100-SXM2-32G,Population Annealing,,"MCS_per_temperature=10, number_of_temperatures=20, schedule=logT"
1200,2201807,-0.757170,16.11348753,1,16.11348753,NVIDIA Tesla V100-SXM2-32G,Population Annealing,,"MCS_per_temperature=10, number_of_temperatures=20, schedule=logT"
1200,2201810,-0.753738,16.24988434,1,16.24988434,NVIDIA Tesla V100-SXM2-32G,Population Annealing,,"MCS_per_temperature=10, number_of_temperatures=20, schedule=logT"
1200,2201813,-0.756833,16.13796875,0.4,145.4862268,NVIDIA Tesla V100-SXM2-32G,Population Annealing,,"MCS_per_temperature=10, number_of_temperatures=20, schedule=logT"
1200,2201816,-0.759622,16.28024092,1,16.28024092,NVIDIA Tesla V100-SXM2-32G,Population Annealing,,"MCS_per_temperature=10, number_of_temperatures=20, schedule=logT"
1200,2201819,-0.755373,15.9621768,1,15.9621768,NVIDIA Tesla V100-SXM2-32G,Population Annealing,,"MCS_per_temperature=10, number_of_temperatures=20, schedule=logT"
1200,2201822,-0.751855,16.3291024,1,16.3291024,NVIDIA Tesla V100-SXM2-32G,Population Annealing,,"MCS_per_temperature=10, number_of_temperatures=20, schedule=logT"
1200,2201825,-0.759458,16.37250581,1,16.37250581,NVIDIA Tesla V100-SXM2-32G,Population Annealing,,"MCS_per_temperature=10, number_of_temperatures=20, schedule=logT"
1200,2201828,-0.765731,16.23125947,1,16.23125947,NVIDIA Tesla V100-SXM2-32G,Population Annealing,,"MCS_per_temperature=10, number_of_temperatures=20, schedule=logT"
1200,2201831,-0.759272,16.4050777,1,16.4050777,NVIDIA Tesla V100-SXM2-32G,Population Annealing,,"MCS_per_temperature=10, number_of_temperatures=20, schedule=logT"
1200,2201834,-0.754823,16.57283921,1,16.57283921,NVIDIA Tesla V100-SXM2-32G,Population Annealing,,"MCS_per_temperature=10, number_of_temperatures=20, schedule=logT"
1200,2201837,-0.755105,16.52355142,0.9,33.04710283,NVIDIA Tesla V100-SXM2-32G,Population Annealing,,"MCS_per_temperature=10, number_of_temperatures=20, schedule=logT"
1200,2201840,-0.753007,16.6516624,1,16.6516624,NVIDIA Tesla V100-SXM2-32G,Population Annealing,,"MCS_per_temperature=10, number_of_temperatures=20, schedule=logT"
1200,2201843,-0.758578,16.272367,1,16.272367,NVIDIA Tesla V100-SXM2-32G,Population Annealing,,"MCS_per_temperature=10, number_of_temperatures=20, schedule=logT"
1200,2201846,-0.758017,16.15231361,1,16.15231361,NVIDIA Tesla V100-SXM2-32G,Population Annealing,,"MCS_per_temperature=10, number_of_temperatures=20, schedule=logT"
1200,2201849,-0.759300,16.12496111,1,16.12496111,NVIDIA Tesla V100-SXM2-32G,Population Annealing,,"MCS_per_temperature=10, number_of_temperatures=20, schedule=logT"
1200,2201852,-0.758107,16.18563898,1,16.18563898,NVIDIA Tesla V100-SXM2-32G,Population Annealing,,"MCS_per_temperature=10, number_of_temperatures=20, schedule=logT"
1200,2201855,-0.756331,16.26763377,0.9,32.53526754,NVIDIA Tesla V100-SXM2-32G,Population Annealing,,"MCS_per_temperature=10, number_of_temperatures=20, schedule=logT"
1200,2201858,-0.755295,16.31735365,1,16.31735365,NVIDIA Tesla V100-SXM2-32G,Population Annealing,,"MCS_per_temperature=10, number_of_temperatures=20, schedule=logT"
1200,2201861,-0.760857,16.31748328,1,16.31748328,NVIDIA Tesla V100-SXM2-32G,Population Annealing,,"MCS_per_temperature=10, number_of_temperatures=20, schedule=logT"
1200,2201864,-0.758438,16.36225615,1,16.36225615,NVIDIA Tesla V100-SXM2-32G,Population Annealing,,"MCS_per_temperature=10, number_of_temperatures=20, schedule=logT"
1200,2201867,-0.756689,16.30153015,1,16.30153015,NVIDIA Tesla V100-SXM2-32G,Population Annealing,,"MCS_per_temperature=10, number_of_temperatures=20, schedule=logT"
1200,2201870,-0.760867,16.34035063,1,16.34035063,NVIDIA Tesla V100-SXM2-32G,Population Annealing,,"MCS_per_temperature=10, number_of_temperatures=20, schedule=logT"
1200,2201873,-0.759044,16.15551519,1,16.15551519,NVIDIA Tesla V100-SXM2-32G,Population Annealing,,"MCS_per_temperature=10, number_of_temperatures=20, schedule=logT"
1200,2201876,-0.760913,16.36970267,1,16.36970267,NVIDIA Tesla V100-SXM2-32G,Population Annealing,,"MCS_per_temperature=10, number_of_temperatures=20, schedule=logT"
1200,2201879,-0.763294,16.10241501,1,16.10241501,NVIDIA Tesla V100-SXM2-32G,Population Annealing,,"MCS_per_temperature=10, number_of_temperatures=20, schedule=logT"
1200,2201882,-0.762330,16.23572853,1,16.23572853,NVIDIA Tesla V100-SXM2-32G,Population Annealing,,"MCS_per_temperature=10, number_of_temperatures=20, schedule=logT"
1200,2201885,-0.757879,16.33280985,1,16.33280985,NVIDIA Tesla V100-SXM2-32G,Population Annealing,,"MCS_per_temperature=10, number_of_temperatures=20, schedule=logT"
1200,2201888,-0.752755,16.13897326,1,16.13897326,NVIDIA Tesla V100-SXM2-32G,Population Annealing,,"MCS_per_temperature=10, number_of_temperatures=20, schedule=logT"
1200,2201891,-0.759694,16.25483453,1,16.25483453,NVIDIA Tesla V100-SXM2-32G,Population Annealing,,"MCS_per_temperature=10, number_of_temperatures=20, schedule=logT"
1200,2201894,-0.756909,16.14455299,1,16.14455299,NVIDIA Tesla V100-SXM2-32G,Population Annealing,,"MCS_per_temperature=10, number_of_temperatures=20, schedule=logT"
1200,2201897,-0.756252,16.17200015,1,16.17200015,NVIDIA Tesla V100-SXM2-32G,Population Annealing,,"MCS_per_temperature=10, number_of_temperatures=20, schedule=logT"
1200,2201900,-0.757244,16.36019864,1,16.36019864,NVIDIA Tesla V100-SXM2-32G,Population Annealing,,"MCS_per_temperature=10, number_of_temperatures=20, schedule=logT"
1200,2201903,-0.753584,16.18227601,1,16.18227601,NVIDIA Tesla V100-SXM2-32G,Population Annealing,,"MCS_per_temperature=10, number_of_temperatures=20, schedule=logT"
1200,2201906,-0.754501,16.40518148,1,16.40518148,NVIDIA Tesla V100-SXM2-32G,Population Annealing,,"MCS_per_temperature=10, number_of_temperatures=20, schedule=logT"
1200,2201909,-0.760460,16.15802131,1,16.15802131,NVIDIA Tesla V100-SXM2-32G,Population Annealing,,"MCS_per_temperature=10, number_of_temperatures=20, schedule=logT"
1200,2201912,-0.757789,16.56677086,1,16.56677086,NVIDIA Tesla V100-SXM2-32G,Population Annealing,,"MCS_per_temperature=10, number_of_temperatures=20, schedule=logT"
1200,2201915,-0.755997,16.43337495,0.9,32.86674991,NVIDIA Tesla V100-SXM2-32G,Population Annealing,,"MCS_per_temperature=10, number_of_temperatures=20, schedule=logT"
1200,2201918,-0.756981,16.25547433,1,16.25547433,NVIDIA Tesla V100-SXM2-32G,Population Annealing,,"MCS_per_temperature=10, number_of_temperatures=20, schedule=logT"
1200,2201921,-0.759930,16.25149481,1,16.25149481,NVIDIA Tesla V100-SXM2-32G,Population Annealing,,"MCS_per_temperature=10, number_of_temperatures=20, schedule=logT"
1200,2201924,-0.757986,16.21707022,1,16.21707022,NVIDIA Tesla V100-SXM2-32G,Population Annealing,,"MCS_per_temperature=10, number_of_temperatures=20, schedule=logT"
1200,2201927,-0.755699,16.23066354,1,16.23066354,NVIDIA Tesla V100-SXM2-32G,Population Annealing,,"MCS_per_temperature=10, number_of_temperatures=20, schedule=logT"
1200,2201930,-0.756387,16.30641551,1,16.30641551,NVIDIA Tesla V100-SXM2-32G,Population Annealing,,"MCS_per_temperature=10, number_of_temperatures=20, schedule=logT"
1200,2201933,-0.755912,16.16001749,1,16.16001749,NVIDIA Tesla V100-SXM2-32G,Population Annealing,,"MCS_per_temperature=10, number_of_temperatures=20, schedule=logT"
1200,2201936,-0.764522,16.26424429,1,16.26424429,NVIDIA Tesla V100-SXM2-32G,Population Annealing,,"MCS_per_temperature=10, number_of_temperatures=20, schedule=logT"
1200,2201939,-0.760654,16.11835208,1,16.11835208,NVIDIA Tesla V100-SXM2-32G,Population Annealing,,"MCS_per_temperature=10, number_of_temperatures=20, schedule=logT"
1200,2201942,-0.757377,16.29276681,1,16.29276681,NVIDIA Tesla V100-SXM2-32G,Population Annealing,,"MCS_per_temperature=10, number_of_temperatures=20, schedule=logT"
1200,2201945,-0.756197,16.2477917,1,16.2477917,NVIDIA Tesla V100-SXM2-32G,Population Annealing,,"MCS_per_temperature=10, number_of_temperatures=20, schedule=logT"
1200,2201948,-0.760882,16.28634841,1,16.28634841,NVIDIA Tesla V100-SXM2-32G,Population Annealing,,"MCS_per_temperature=10, number_of_temperatures=20, schedule=logT"
1200,2201951,-0.759073,16.07797444,1,16.07797444,NVIDIA Tesla V100-SXM2-32G,Population Annealing,,"MCS_per_temperature=10, number_of_temperatures=20, schedule=logT"
1200,2201954,-0.755188,16.29896626,0.6,81.91670056,NVIDIA Tesla V100-SXM2-32G,Population Annealing,,"MCS_per_temperature=10, number_of_temperatures=20, schedule=logT"
1200,2201957,-0.762298,16.2028506,1,16.2028506,NVIDIA Tesla V100-SXM2-32G,Population Annealing,,"MCS_per_temperature=10, number_of_temperatures=20, schedule=logT"
1200,2201960,-0.752657,16.2435673,0.9,32.4871346,NVIDIA Tesla V100-SXM2-32G,Population Annealing,,"MCS_per_temperature=10, number_of_temperatures=20, schedule=logT"
1200,2201963,-0.758721,16.10748148,1,16.10748148,NVIDIA Tesla V100-SXM2-32G,Population Annealing,,"MCS_per_temperature=10, number_of_temperatures=20, schedule=logT"
1200,2201966,-0.757332,16.06073377,1,16.06073377,NVIDIA Tesla V100-SXM2-32G,Population Annealing,,"MCS_per_temperature=10, number_of_temperatures=20, schedule=logT"
1200,2201969,-0.758685,16.16113746,1,16.16113746,NVIDIA Tesla V100-SXM2-32G,Population Annealing,,"MCS_per_temperature=10, number_of_temperatures=20, schedule=logT"
1200,2201972,-0.757724,16.2904911,1,16.2904911,NVIDIA Tesla V100-SXM2-32G,Population Annealing,,"MCS_per_temperature=10, number_of_temperatures=20, schedule=logT"
1200,2201975,-0.760641,16.28522487,1,16.28522487,NVIDIA Tesla V100-SXM2-32G,Population Annealing,,"MCS_per_temperature=10, number_of_temperatures=20, schedule=logT"
1200,2201978,-0.759323,16.38041906,1,16.38041906,NVIDIA Tesla V100-SXM2-32G,Population Annealing,,"MCS_per_temperature=10, number_of_temperatures=20, schedule=logT"
1200,2201981,-0.755966,16.27511494,0.5,108.1295231,NVIDIA Tesla V100-SXM2-32G,Population Annealing,,"MCS_per_temperature=10, number_of_temperatures=20, schedule=logT"
1200,2201984,-0.755586,16.38074722,1,16.38074722,NVIDIA Tesla V100-SXM2-32G,Population Annealing,,"MCS_per_temperature=10, number_of_temperatures=20, schedule=logT"
1200,2201987,-0.762298,16.28979363,1,16.28979363,NVIDIA Tesla V100-SXM2-32G,Population Annealing,,"MCS_per_temperature=10, number_of_temperatures=20, schedule=logT"
1200,2201990,-0.759473,16.27514031,1,16.27514031,NVIDIA Tesla V100-SXM2-32G,Population Annealing,,"MCS_per_temperature=10, number_of_temperatures=20, schedule=logT"
1200,2201993,-0.756039,16.23649774,1,16.23649774,NVIDIA Tesla V100-SXM2-32G,Population Annealing,,"MCS_per_temperature=10, number_of_temperatures=20, schedule=logT"
1200,2201996,-0.752251,16.10044508,1,16.10044508,NVIDIA Tesla V100-SXM2-32G,Population Annealing,,"MCS_per_temperature=10, number_of_temperatures=20, schedule=logT"
1200,2201999,-0.760524,16.23212817,1,16.23212817,NVIDIA Tesla V100-SXM2-32G,Population Annealing,,"MCS_per_temperature=10, number_of_temperatures=20, schedule=logT"
1200,2202002,-0.756479,16.18419023,1,16.18419023,NVIDIA Tesla V100-SXM2-32G,Population Annealing,,"MCS_per_temperature=10, number_of_temperatures=20, schedule=logT"
1200,2202005,-0.757189,16.20871718,1,16.20871718,NVIDIA Tesla V100-SXM2-32G,Population Annealing,,"MCS_per_temperature=10, number_of_temperatures=20, schedule=logT"
1200,2202008,-0.756065,16.33084834,1,16.33084834,NVIDIA Tesla V100-SXM2-32G,Population Annealing,,"MCS_per_temperature=10, number_of_temperatures=20, schedule=logT"
1200,2202011,-0.764318,16.28808472,1,16.28808472,NVIDIA Tesla V100-SXM2-32G,Population Annealing,,"MCS_per_temperature=10, number_of_temperatures=20, schedule=logT"
1200,2202014,-0.752491,16.43063188,1,16.43063188,NVIDIA Tesla V100-SXM2-32G,Population Annealing,,"MCS_per_temperature=10, number_of_temperatures=20, schedule=logT"
1200,2202017,-0.758040,16.31556416,1,16.31556416,NVIDIA Tesla V100-SXM2-32G,Population Annealing,,"MCS_per_temperature=10, number_of_temperatures=20, schedule=logT"
1200,2202020,-0.758586,16.46192944,1,16.46192944,NVIDIA Tesla V100-SXM2-32G,Population Annealing,,"MCS_per_temperature=10, number_of_temperatures=20, schedule=logT"
1200,2202023,-0.755160,16.33110564,1,16.33110564,NVIDIA Tesla V100-SXM2-32G,Population Annealing,,"MCS_per_temperature=10, number_of_temperatures=20, schedule=logT"
1200,2202026,-0.765198,16.43485019,1,16.43485019,NVIDIA Tesla V100-SXM2-32G,Population Annealing,,"MCS_per_temperature=10, number_of_temperatures=20, schedule=logT"
1200,2202029,-0.761133,16.34335549,1,16.34335549,NVIDIA Tesla V100-SXM2-32G,Population Annealing,,"MCS_per_temperature=10, number_of_temperatures=20, schedule=logT"
1400,2401732,-0.757793,22.50627749,0.9,45.01255498,NVIDIA Tesla V100-SXM2-32G,Population Annealing,,"MCS_per_temperature=10, number_of_temperatures=20, schedule=logT"
1400,2401735,-0.757206,22.50466347,0.9,45.00932693,NVIDIA Tesla V100-SXM2-32G,Population Annealing,,"MCS_per_temperature=10, number_of_temperatures=20, schedule=logT"
1400,2401738,-0.756359,22.43939085,1,22.43939085,NVIDIA Tesla V100-SXM2-32G,Population Annealing,,"MCS_per_temperature=10, number_of_temperatures=20, schedule=logT"
1400,2401741,-0.760250,22.60058193,1,22.60058193,NVIDIA Tesla V100-SXM2-32G,Population Annealing,,"MCS_per_temperature=10, number_of_temperatures=20, schedule=logT"
1400,2401744,-0.758029,22.48762057,0.9,44.97524114,NVIDIA Tesla V100-SXM2-32G,Population Annealing,,"MCS_per_temperature=10, number_of_temperatures=20, schedule=logT"
1400,2401747,-0.756337,22.71377962,1,22.71377962,NVIDIA Tesla V100-SXM2-32G,Population Annealing,,"MCS_per_temperature=10, number_of_temperatures=20, schedule=logT"
1400,2401750,-0.758599,22.40877748,1,22.40877748,NVIDIA Tesla V100-SXM2-32G,Population Annealing,,"MCS_per_temperature=10, number_of_temperatures=20, schedule=logT"
1400,2401753,-0.755913,22.55259416,1,22.55259416,NVIDIA Tesla V100-SXM2-32G,Population Annealing,,"MCS_per_temperature=10, number_of_temperatures=20, schedule=logT"
1400,2401756,-0.753801,22.44697988,0.8,64.22873583,NVIDIA Tesla V100-SXM2-32G,Population Annealing,,"MCS_per_temperature=10, number_of_temperatures=20, schedule=logT"
1400,2401759,-0.760246,22.53375645,1,22.53375645,NVIDIA Tesla V100-SXM2-32G,Population Annealing,,"MCS_per_temperature=10, number_of_temperatures=20, schedule=logT"
1400,2401762,-0.756894,22.50734489,0.9,45.01468978,NVIDIA Tesla V100-SXM2-32G,Population Annealing,,"MCS_per_temperature=10, number_of_temperatures=20, schedule=logT"
1400,2401765,-0.758754,22.55943203,1,22.55943203,NVIDIA Tesla V100-SXM2-32G,Population Annealing,,"MCS_per_temperature=10, number_of_temperatures=20, schedule=logT"
1400,2401768,-0.754587,22.45520399,0.6,112.8572322,NVIDIA Tesla V100-SXM2-32G,Population Annealing,,"MCS_per_temperature=10, number_of_temperatures=20, schedule=logT"
1400,2401771,-0.757274,22.36992688,1,22.36992688,NVIDIA Tesla V100-SXM2-32G,Population Annealing,,"MCS_per_temperature=10, number_of_temperatures=20, schedule=logT"
1400,2401774,-0.752419,22.29800613,0.5,148.144746,NVIDIA Tesla V100-SXM2-32G,Population Annealing,,"MCS_per_temperature=10, number_of_temperatures=20, schedule=logT"
1400,2401777,-0.756428,22.33888853,1,22.33888853,NVIDIA Tesla V100-SXM2-32G,Population Annealing,,"MCS_per_temperature=10, number_of_temperatures=20, schedule=logT"
1400,2401780,-0.754277,22.40177205,0.4,201.95536,NVIDIA Tesla V100-SXM2-32G,Population Annealing,,"MCS_per_temperature=10, number_of_temperatures=20, schedule=logT"
1400,2401783,-0.756430,22.2719404,1,22.2719404,NVIDIA Tesla V100-SXM2-32G,Population Annealing,,"MCS_per_temperature=10, number_of_temperatures=20, schedule=logT"
1400,2401786,-0.760214,22.34393749,1,22.34393749,NVIDIA Tesla V100-SXM2-32G,Population Annealing,,"MCS_per_temperature=10, number_of_temperatures=20, schedule=logT"
1400,2401789,-0.755143,22.33314195,0.8,63.9030053,NVIDIA Tesla V100-SXM2-32G,Population Annealing,,"MCS_per_temperature=10, number_of_temperatures=20, schedule=logT"
1400,2401792,-0.754885,22.49024246,0.9,44.98048491,NVIDIA Tesla V100-SXM2-32G,Population Annealing,,"MCS_per_temperature=10, number_of_temperatures=20, schedule=logT"
1400,2401795,-0.758497,22.4081758,0.9,44.8163516,NVIDIA Tesla V100-SXM2-32G,Population Annealing,,"MCS_per_temperature=10, number_of_temperatures=20, schedule=logT"
1400,2401798,-0.757849,22.47671473,1,22.47671473,NVIDIA Tesla V100-SXM2-32G,Population Annealing,,"MCS_per_temperature=10, number_of_temperatures=20, schedule=logT"
1400,2401801,-0.757549,22.29808836,0.8,63.80270461,NVIDIA Tesla V100-SXM2-32G,Population Annealing,,"MCS_per_temperature=10, number_of_temperatures=20, schedule=logT"
1400,2401804,-0.756127,22.4266011,0.6,112.7134775,NVIDIA Tesla V100-SXM2-32G,Population Annealing,,"MCS_per_temperature=10, number_of_temperatures=20, schedule=logT"
1400,2401807,-0.755573,22.42644503,0.9,44.85289006,NVIDIA Tesla V100-SXM2-32G,Population Annealing,,"MCS_per_temperature=10, number_of_temperatures=20, schedule=logT"
1400,2401810,-0.758245,22.40319023,0.8,64.10343818,NVIDIA Tesla V100-SXM2-32G,Population Annealing,,"MCS_per_temperature=10, number_of_temperatures=20, schedule=logT"
1400,2401813,-0.759700,22.2475354,1,22.2475354,NVIDIA Tesla V100-SXM2-32G,Population Annealing,,"MCS_per_temperature=10, number_of_temperatures=20, schedule=logT"
1400,2401816,-0.757761,22.44169466,1,22.44169466,NVIDIA Tesla V100-SXM2-32G,Population Annealing,,"MCS_per_temperature=10, number_of_temperatures=20, schedule=logT"
1400,2401819,-0.755411,22.31356223,1,22.31356223,NVIDIA Tesla V100-SXM2-32G,Population Annealing,,"MCS_per_temperature=10, number_of_temperatures=20, schedule=logT"
1400,2401822,-0.755566,22.49006987,0.7,86.02403547,NVIDIA Tesla V100-SXM2-32G,Population Annealing,,"MCS_per_temperature=10, number_of_temperatures=20, schedule=logT"
1400,2401825,-0.760101,22.73415966,1,22.73415966,NVIDIA Tesla V100-SXM2-32G,Population Annealing,,"MCS_per_temperature=10, number_of_temperatures=20, schedule=logT"
1400,2401828,-0.758932,22.65825076,1,22.65825076,NVIDIA Tesla V100-SXM2-32G,Population Annealing,,"MCS_per_temperature=10, number_of_temperatures=20, schedule=logT"
1400,2401831,-0.756603,22.72634439,1,22.72634439,NVIDIA Tesla V100-SXM2-32G,Population Annealing,,"MCS_per_temperature=10, number_of_temperatures=20, schedule=logT"
1400,2401834,-0.760858,22.76136599,1,22.76136599,NVIDIA Tesla V100-SXM2-32G,Population Annealing,,"MCS_per_temperature=10, number_of_temperatures=20, schedule=logT"
1400,2401837,-0.761188,22.75445323,1,22.75445323,NVIDIA Tesla V100-SXM2-32G,Population Annealing,,"MCS_per_temperature=10, number_of_temperatures=20, schedule=logT"
1400,2401840,-0.753945,22.6205472,0.8,64.72537322,NVIDIA Tesla V100-SXM2-32G,Population Annealing,,"MCS_per_temperature=10, number_of_temperatures=20, schedule=logT"
1400,2401843,-0.758055,22.38235443,1,22.38235443,NVIDIA Tesla V100-SXM2-32G,Population Annealing,,"MCS_per_temperature=10, number_of_temperatures=20, schedule=logT"
1400,2401846,-0.759276,22.62580874,1,22.62580874,NVIDIA Tesla V100-SXM2-32G,Population Annealing,,"MCS_per_temperature=10, number_of_temperatures=20, schedule=logT"
1400,2401849,-0.764366,22.4722635,1,22.4722635,NVIDIA Tesla V100-SXM2-32G,Population Annealing,,"MCS_per_temperature=10, number_of_temperatures=20, schedule=logT"
1400,2401852,-0.760991,22.4571213,1,22.4571213,NVIDIA Tesla V100-SXM2-32G,Population Annealing,,"MCS_per_temperature=10, number_of_temperatures=20, schedule=logT"
1400,2401855,-0.757788,22.36156433,1,22.36156433,NVIDIA Tesla V100-SXM2-32G,Population Annealing,,"MCS_per_temperature=10, number_of_temperatures=20, schedule=logT"
1400,2401858,-0.755892,22.33101895,1,22.33101895,NVIDIA Tesla V100-SXM2-32G,Population Annealing,,"MCS_per_temperature=10, number_of_temperatures=20, schedule=logT"
1400,2401861,-0.756693,22.39494231,1,22.39494231,NVIDIA Tesla V100-SXM2-32G,Population Annealing,,"MCS_per_temperature=10, number_of_temperatures=20, schedule=logT"
1400,2401864,-0.758043,22.39490848,1,22.39490848,NVIDIA Tesla V100-SXM2-32G,Population Annealing,,"MCS_per_temperature=10, number_of_temperatures=20, schedule=logT"
1400,2401867,-0.759214,22.44061117,1,22.44061117,NVIDIA Tesla V100-SXM2-32G,Population Annealing,,"MCS_per_temperature=10, number_of_temperatures=20, schedule=logT"
1400,2401870,-0.756919,22.40329647,1,22.40329647,NVIDIA Tesla V100-SXM2-32G,Population Annealing,,"MCS_per_temperature=10, number_of_temperatures=20, schedule=logT"
1400,2401873,-0.759715,22.30106339,1,22.30106339,NVIDIA Tesla V100-SXM2-32G,Population Annealing,,"MCS_per_temperature=10, number_of_temperatures=20, schedule=logT"
1400,2401876,-0.753381,22.58380184,1,22.58380184,NVIDIA Tesla V100-SXM2-32G,Population Annealing,,"MCS_per_temperature=10, number_of_temperatures=20, schedule=logT"
1400,2401879,-0.758711,22.48745942,1,22.48745942,NVIDIA Tesla V100-SXM2-32G,Population Annealing,,"MCS_per_temperature=10, number_of_temperatures=20, schedule=logT"
1400,2401882,-0.758462,22.44704401,0.8,64.22891934,NVIDIA Tesla V100-SXM2-32G,Population Annealing,,"MCS_per_temperature=10, number_of_temperatures=20, schedule=logT"
1400,2401885,-0.757206,22.35250995,0.5,148.5068616,NVIDIA Tesla V100-SXM2-32G,Population Annealing,,"MCS_per_temperature=10, number_of_temperatures=20, schedule=logT"
1400,2401888,-0.753948,22.15408671,1,22.15408671,NVIDIA Tesla V100-SXM2-32G,Population Annealing,,"MCS_per_temperature=10, number_of_temperatures=20, schedule=logT"
1400,2401891,-0.754151,22.56153328,1,22.56153328,NVIDIA Tesla V100-SXM2-32G,Population Annealing,,"MCS_per_temperature=10, number_of_temperatures=20, schedule=logT"
1400,2401894,-0.757586,22.41242485,1,22.41242485,NVIDIA Tesla V100-SXM2-32G,Population Annealing,,"MCS_per_temperature=10, number_of_temperatures=20, schedule=logT"
1400,2401897,-0.758157,22.45906017,1,22.45906017,NVIDIA Tesla V100-SXM2-32G,Population Annealing,,"MCS_per_temperature=10, number_of_temperatures=20, schedule=logT"
1400,2401900,-0.756141,22.59561031,0.8,64.65401997,NVIDIA Tesla V100-SXM2-32G,Population Annealing,,"MCS_per_temperature=10, number_of_temperatures=20, schedule=logT"
1400,2401903,-0.759287,22.41595094,1,22.41595094,NVIDIA Tesla V100-SXM2-32G,Population Annealing,,"MCS_per_temperature=10, number_of_temperatures=20, schedule=logT"
1400,2401906,-0.758216,22.57166445,1,22.57166445,NVIDIA Tesla V100-SXM2-32G,Population Annealing,,"MCS_per_temperature=10, number_of_temperatures=20, schedule=logT"
1400,2401909,-0.760515,22.40306847,1,22.40306847,NVIDIA Tesla V100-SXM2-32G,Population Annealing,,"MCS_per_temperature=10, number_of_temperatures=20, schedule=logT"
1400,2401912,-0.755025,22.60727131,1,22.60727131,NVIDIA Tesla V100-SXM2-32G,Population Annealing,,"MCS_per_temperature=10, number_of_temperatures=20, schedule=logT"
1400,2401915,-0.755950,22.46027305,0.6,112.8827088,NVIDIA Tesla V100-SXM2-32G,Population Annealing,,"MCS_per_temperature=10, number_of_temperatures=20, schedule=logT"
1400,2401918,-0.759136,22.39340181,1,22.39340181,NVIDIA Tesla V100-SXM2-32G,Population Annealing,,"MCS_per_temperature=10, number_of_temperatures=20, schedule=logT"
1400,2401921,-0.759364,22.3599123,1,22.3599123,NVIDIA Tesla V100-SXM2-32G,Population Annealing,,"MCS_per_temperature=10, number_of_temperatures=20, schedule=logT"
1400,2401924,-0.757097,22.24959188,1,22.24959188,NVIDIA Tesla V100-SXM2-32G,Population Annealing,,"MCS_per_temperature=10, number_of_temperatures=20, schedule=logT"
1400,2401927,-0.761346,22.3925236,1,22.3925236,NVIDIA Tesla V100-SXM2-32G,Population Annealing,,"MCS_per_temperature=10, number_of_temperatures=20, schedule=logT"
1400,2401930,-0.755734,22.57162771,1,22.57162771,NVIDIA Tesla V100-SXM2-32G,Population Annealing,,"MCS_per_temperature=10, number_of_temperatures=20, schedule=logT"
1400,2401933,-0.756831,22.55599902,0.1,985.8931834,NVIDIA Tesla V100-SXM2-32G,Population Annealing,,"MCS_per_temperature=10, number_of_temperatures=20, schedule=logT"
1400,2401936,-0.755838,22.46232991,0.4,202.5012983,NVIDIA Tesla V100-SXM2-32G,Population Annealing,,"MCS_per_temperature=10, number_of_temperatures=20, schedule=logT"
1400,2401939,-0.755632,22.54215848,1,22.54215848,NVIDIA Tesla V100-SXM2-32G,Population Annealing,,"MCS_per_temperature=10, number_of_temperatures=20, schedule=logT"
1400,2401942,-0.755745,22.39673688,0.1,978.9320441,NVIDIA Tesla V100-SXM2-32G,Population Annealing,,"MCS_per_temperature=10, number_of_temperatures=20, schedule=logT"
1400,2401945,-0.759720,22.38849459,1,22.38849459,NVIDIA Tesla V100-SXM2-32G,Population Annealing,,"MCS_per_temperature=10, number_of_temperatures=20, schedule=logT"
1400,2401948,-0.757188,22.34847121,0.8,63.94686774,NVIDIA Tesla V100-SXM2-32G,Population Annealing,,"MCS_per_temperature=10, number_of_temperatures=20, schedule=logT"
1400,2401951,-0.754874,22.47087746,0.9,44.94175491,NVIDIA Tesla V100-SXM2-32G,Population Annealing,,"MCS_per_temperature=10, number_of_temperatures=20, schedule=logT"
1400,2401954,-0.761366,22.28139999,1,22.28139999,NVIDIA Tesla V100-SXM2-32G,Population Annealing,,"MCS_per_temperature=10, number_of_temperatures=20, schedule=logT"
1400,2401957,-0.756057,22.16407404,0.7,84.77710842,NVIDIA Tesla V100-SXM2-32G,Population Annealing,,"MCS_per_temperature=10, number_of_temperatures=20, schedule=logT"
1400,2401960,-0.753284,22.40569894,1,22.40569894,NVIDIA Tesla V100-SXM2-32G,Population Annealing,,"MCS_per_temperature=10, number_of_temperatures=20, schedule=logT"
1400,2401963,-0.761394,22.29443994,1,22.29443994,NVIDIA Tesla V100-SXM2-32G,Population Annealing,,"MCS_per_temperature=10, number_of_temperatures=20, schedule=logT"
1400,2401966,-0.760095,22.40464299,1,22.40464299,NVIDIA Tesla V100-SXM2-32G,Population Annealing,,"MCS_per_temperature=10, number_of_temperatures=20, schedule=logT"
1400,2401969,-0.761079,22.25710981,1,22.25710981,NVIDIA Tesla V100-SXM2-32G,Population Annealing,,"MCS_per_temperature=10, number_of_temperatures=20, schedule=logT"
1400,2401972,-0.755363,22.16182182,0.9,44.32364364,NVIDIA Tesla V100-SXM2-32G,Population Annealing,,"MCS_per_temperature=10, number_of_temperatures=20, schedule=logT"
1400,2401975,-0.755293,22.54103971,0.8,64.4978742,NVIDIA Tesla V100-SXM2-32G,Population Annealing,,"MCS_per_temperature=10, number_of_temperatures=20, schedule=logT"
1400,2401978,-0.760596,22.59256899,1,22.59256899,NVIDIA Tesla V100-SXM2-32G,Population Annealing,,"MCS_per_temperature=10, number_of_temperatures=20, schedule=logT"
1400,2401981,-0.757569,22.47835927,1,22.47835927,NVIDIA Tesla V100-SXM2-32G,Population Annealing,,"MCS_per_temperature=10, number_of_temperatures=20, schedule=logT"
1400,2401984,-0.757636,22.57453802,1,22.57453802,NVIDIA Tesla V100-SXM2-32G,Population Annealing,,"MCS_per_temperature=10, number_of_temperatures=20, schedule=logT"
1400,2401987,-0.758126,22.31380327,1,22.31380327,NVIDIA Tesla V100-SXM2-32G,Population Annealing,,"MCS_per_temperature=10, number_of_temperatures=20, schedule=logT"
1400,2401990,-0.760017,22.57470369,1,22.57470369,NVIDIA Tesla V100-SXM2-32G,Population Annealing,,"MCS_per_temperature=10, number_of_temperatures=20, schedule=logT"
1400,2401993,-0.756307,22.42745881,1,22.42745881,NVIDIA Tesla V100-SXM2-32G,Population Annealing,,"MCS_per_temperature=10, number_of_temperatures=20, schedule=logT"
1400,2401996,-0.758030,22.44514387,1,22.44514387,NVIDIA Tesla V100-SXM2-32G,Population Annealing,,"MCS_per_temperature=10, number_of_temperatures=20, schedule=logT"
1400,2401999,-0.765730,22.65588903,1,22.65588903,NVIDIA Tesla V100-SXM2-32G,Population Annealing,,"MCS_per_temperature=10, number_of_temperatures=20, schedule=logT"
1400,2402002,-0.754826,22.53344355,0.4,203.1423985,NVIDIA Tesla V100-SXM2-32G,Population Annealing,,"MCS_per_temperature=10, number_of_temperatures=20, schedule=logT"
1400,2402005,-0.756812,22.4427635,1,22.4427635,NVIDIA Tesla V100-SXM2-32G,Population Annealing,,"MCS_per_temperature=10, number_of_temperatures=20, schedule=logT"
1400,2402008,-0.757683,22.29692805,1,22.29692805,NVIDIA Tesla V100-SXM2-32G,Population Annealing,,"MCS_per_temperature=10, number_of_temperatures=20, schedule=logT"
1400,2402011,-0.757233,22.63074777,1,22.63074777,NVIDIA Tesla V100-SXM2-32G,Population Annealing,,"MCS_per_temperature=10, number_of_temperatures=20, schedule=logT"
1400,2402014,-0.756516,22.51869271,1,22.51869271,NVIDIA Tesla V100-SXM2-32G,Population Annealing,,"MCS_per_temperature=10, number_of_temperatures=20, schedule=logT"
1400,2402017,-0.760970,22.41986306,1,22.41986306,NVIDIA Tesla V100-SXM2-32G,Population Annealing,,"MCS_per_temperature=10, number_of_temperatures=20, schedule=logT"
1400,2402020,-0.756708,22.57184703,0.8,64.58602485,NVIDIA Tesla V100-SXM2-32G,Population Annealing,,"MCS_per_temperature=10, number_of_temperatures=20, schedule=logT"
1400,2402023,-0.755852,22.49697483,0.8,64.37178902,NVIDIA Tesla V100-SXM2-32G,Population Annealing,,"MCS_per_temperature=10, number_of_temperatures=20, schedule=logT"
1400,2402026,-0.756611,22.59815729,0.7,86.43746754,NVIDIA Tesla V100-SXM2-32G,Population Annealing,,"MCS_per_temperature=10, number_of_temperatures=20, schedule=logT"
1400,2402029,-0.758905,22.46156681,1,22.46156681,NVIDIA Tesla V100-SXM2-32G,Population Annealing,,"MCS_per_temperature=10, number_of_temperatures=20, schedule=logT"
1600,2601732,-0.756515,25.11530724,0.8,71.86376262,NVIDIA Tesla V100-SXM2-32G,Population Annealing,,"MCS_per_temperature=10, number_of_temperatures=20, schedule=logT"
1600,2601735,-0.756142,24.66478043,0.8,70.57464633,NVIDIA Tesla V100-SXM2-32G,Population Annealing,,"MCS_per_temperature=10, number_of_temperatures=20, schedule=logT"
1600,2601738,-0.757758,24.9767657,0.3,322.4848247,NVIDIA Tesla V100-SXM2-32G,Population Annealing,,"MCS_per_temperature=10, number_of_temperatures=20, schedule=logT"
1600,2601741,-0.758014,25.12852964,1,25.12852964,NVIDIA Tesla V100-SXM2-32G,Population Annealing,,"MCS_per_temperature=10, number_of_temperatures=20, schedule=logT"
1600,2601744,-0.753461,24.94113052,0.4,224.8480603,NVIDIA Tesla V100-SXM2-32G,Population Annealing,,"MCS_per_temperature=10, number_of_temperatures=20, schedule=logT"
1600,2601747,-0.760881,24.62375453,1,24.62375453,NVIDIA Tesla V100-SXM2-32G,Population Annealing,,"MCS_per_temperature=10, number_of_temperatures=20, schedule=logT"
1600,2601750,-0.759955,25.0637372,1,25.0637372,NVIDIA Tesla V100-SXM2-32G,Population Annealing,,"MCS_per_temperature=10, number_of_temperatures=20, schedule=logT"
1600,2601753,-0.758638,25.15332217,1,25.15332217,NVIDIA Tesla V100-SXM2-32G,Population Annealing,,"MCS_per_temperature=10, number_of_temperatures=20, schedule=logT"
1600,2601756,-0.756638,25.17316906,0.8,72.02932575,NVIDIA Tesla V100-SXM2-32G,Population Annealing,,"MCS_per_temperature=10, number_of_temperatures=20, schedule=logT"
1600,2601759,-0.756975,25.16657398,1,25.16657398,NVIDIA Tesla V100-SXM2-32G,Population Annealing,,"MCS_per_temperature=10, number_of_temperatures=20, schedule=logT"
1600,2601762,-0.755726,24.87891936,0.5,165.2919624,NVIDIA Tesla V100-SXM2-32G,Population Annealing,,"MCS_per_temperature=10, number_of_temperatures=20, schedule=logT"
1600,2601765,-0.759278,25.02932005,0.7,95.73661303,NVIDIA Tesla V100-SXM2-32G,Population Annealing,,"MCS_per_temperature=10, number_of_temperatures=20, schedule=logT"
1600,2601768,-0.756652,24.81624694,0.4,223.722216,NVIDIA Tesla V100-SXM2-32G,Population Annealing,,"MCS_per_temperature=10, number_of_temperatures=20, schedule=logT"
1600,2601771,-0.757629,24.72877226,0.8,70.75774956,NVIDIA Tesla V100-SXM2-32G,Population Annealing,,"MCS_per_temperature=10, number_of_temperatures=20, schedule=logT"
1600,2601774,-0.754399,24.74510505,0.8,70.80448345,NVIDIA Tesla V100-SXM2-32G,Population Annealing,,"MCS_per_temperature=10, number_of_temperatures=20, schedule=logT"
1600,2601777,-0.759493,24.83264432,0.9,49.66528864,NVIDIA Tesla V100-SXM2-32G,Population Annealing,,"MCS_per_temperature=10, number_of_temperatures=20, schedule=logT"
1600,2601780,-0.760426,24.8494765,0.9,49.69895301,NVIDIA Tesla V100-SXM2-32G,Population Annealing,,"MCS_per_temperature=10, number_of_temperatures=20, schedule=logT"
1600,2601783,-0.757253,24.54842386,1,24.54842386,NVIDIA Tesla V100-SXM2-32G,Population Annealing,,"MCS_per_temperature=10, number_of_temperatures=20, schedule=logT"
1600,2601786,-0.756771,24.50419776,1,24.50419776,NVIDIA Tesla V100-SXM2-32G,Population Annealing,,"MCS_per_temperature=10, number_of_temperatures=20, schedule=logT"
1600,2601789,-0.757737,24.70214143,1,24.70214143,NVIDIA Tesla V100-SXM2-32G,Population Annealing,,"MCS_per_temperature=10, number_of_temperatures=20, schedule=logT"
1600,2601792,-0.757202,24.68220501,1,24.68220501,NVIDIA Tesla V100-SXM2-32G,Population Annealing,,"MCS_per_temperature=10, number_of_temperatures=20, schedule=logT"
1600,2601795,-0.759783,24.87624502,1,24.87624502,NVIDIA Tesla V100-SXM2-32G,Population Annealing,,"MCS_per_temperature=10, number_of_temperatures=20, schedule=logT"
1600,2601798,-0.758180,24.98572919,1,24.98572919,NVIDIA Tesla V100-SXM2-32G,Population Annealing,,"MCS_per_temperature=10, number_of_temperatures=20, schedule=logT"
1600,2601801,-0.759506,24.76493948,1,24.76493948,NVIDIA Tesla V100-SXM2-32G,Population Annealing,,"MCS_per_temperature=10, number_of_temperatures=20, schedule=logT"
1600,2601804,-0.755440,24.85750337,0.9,49.71500673,NVIDIA Tesla V100-SXM2-32G,Population Annealing,,"MCS_per_temperature=10, number_of_temperatures=20, schedule=logT"
1600,2601807,-0.759542,24.72972407,1,24.72972407,NVIDIA Tesla V100-SXM2-32G,Population Annealing,,"MCS_per_temperature=10, number_of_temperatures=20, schedule=logT"
1600,2601810,-0.759441,24.76589251,0.9,49.53178501,NVIDIA Tesla V100-SXM2-32G,Population Annealing,,"MCS_per_temperature=10, number_of_temperatures=20, schedule=logT"
1600,2601813,-0.759833,24.73133385,1,24.73133385,NVIDIA Tesla V100-SXM2-32G,Population Annealing,,"MCS_per_temperature=10, number_of_temperatures=20, schedule=logT"
1600,2601816,-0.756674,24.58578992,0.8,70.3486266,NVIDIA Tesla V100-SXM2-32G,Population Annealing,,"MCS_per_temperature=10, number_of_temperatures=20, schedule=logT"
1600,2601819,-0.758060,24.69801645,0.8,70.66974634,NVIDIA Tesla V100-SXM2-32G,Population Annealing,,"MCS_per_temperature=10, number_of_temperatures=20, schedule=logT"
1600,2601822,-0.758006,24.79436159,0.3,320.1297336,NVIDIA Tesla V100-SXM2-32G,Population Annealing,,"MCS_per_temperature=10, number_of_temperatures=20, schedule=logT"
1600,2601825,-0.757464,25.34699445,1,25.34699445,NVIDIA Tesla V100-SXM2-32G,Population Annealing,,"MCS_per_temperature=10, number_of_temperatures=20, schedule=logT"
1600,2601828,-0.760347,25.40610235,1,25.40610235,NVIDIA Tesla V100-SXM2-32G,Population Annealing,,"MCS_per_temperature=10, number_of_temperatures=20, schedule=logT"
1600,2601831,-0.760214,25.31497369,1,25.31497369,NVIDIA Tesla V100-SXM2-32G,Population Annealing,,"MCS_per_temperature=10, number_of_temperatures=20, schedule=logT"
1600,2601834,-0.757642,25.29322314,1,25.29322314,NVIDIA Tesla V100-SXM2-32G,Population Annealing,,"MCS_per_temperature=10, number_of_temperatures=20, schedule=logT"
1600,2601837,-0.757935,25.33444092,0.4,228.3938131,NVIDIA Tesla V100-SXM2-32G,Population Annealing,,"MCS_per_temperature=10, number_of_temperatures=20, schedule=logT"
1600,2601840,-0.760711,25.34609425,1,25.34609425,NVIDIA Tesla V100-SXM2-32G,Population Annealing,,"MCS_per_temperature=10, number_of_temperatures=20, schedule=logT"
1600,2601843,-0.757676,24.83768296,0.4,223.915465,NVIDIA Tesla V100-SXM2-32G,Population Annealing,,"MCS_per_temperature=10, number_of_temperatures=20, schedule=logT"
1600,2601846,-0.759696,24.59478195,0.7,94.0745141,NVIDIA Tesla V100-SXM2-32G,Population Annealing,,"MCS_per_temperature=10, number_of_temperatures=20, schedule=logT"
1600,2601849,-0.753557,24.8472723,0.4,224.0019143,NVIDIA Tesla V100-SXM2-32G,Population Annealing,,"MCS_per_temperature=10, number_of_temperatures=20, schedule=logT"
1600,2601852,-0.755979,24.93599131,1,24.93599131,NVIDIA Tesla V100-SXM2-32G,Population Annealing,,"MCS_per_temperature=10, number_of_temperatures=20, schedule=logT"
1600,2601855,-0.757188,24.74383876,0.4,223.0694453,NVIDIA Tesla V100-SXM2-32G,Population Annealing,,"MCS_per_temperature=10, number_of_temperatures=20, schedule=logT"
1600,2601858,-0.761091,24.945679,1,24.945679,NVIDIA Tesla V100-SXM2-32G,Population Annealing,,"MCS_per_temperature=10, number_of_temperatures=20, schedule=logT"
1600,2601861,-0.756665,24.81771982,1,24.81771982,NVIDIA Tesla V100-SXM2-32G,Population Annealing,,"MCS_per_temperature=10, number_of_temperatures=20, schedule=logT"
1600,2601864,-0.755028,24.68462565,0,inf,NVIDIA Tesla V100-SXM2-32G,Population Annealing,,"MCS_per_temperature=10, number_of_temperatures=20, schedule=logT"
1600,2601867,-0.758463,24.83257143,0.8,71.05475566,NVIDIA Tesla V100-SXM2-32G,Population Annealing,,"MCS_per_temperature=10, number_of_temperatures=20, schedule=logT"
1600,2601870,-0.756571,24.9119626,0.8,71.28192183,NVIDIA Tesla V100-SXM2-32G,Population Annealing,,"MCS_per_temperature=10, number_of_temperatures=20, schedule=logT"
1600,2601873,-0.757850,24.65690033,0.3,318.3549174,NVIDIA Tesla V100-SXM2-32G,Population Annealing,,"MCS_per_temperature=10, number_of_temperatures=20, schedule=logT"
1600,2601876,-0.764333,25.06219726,1,25.06219726,NVIDIA Tesla V100-SXM2-32G,Population Annealing,,"MCS_per_temperature=10, number_of_temperatures=20, schedule=logT"
1600,2601879,-0.758587,24.84369533,1,24.84369533,NVIDIA Tesla V100-SXM2-32G,Population Annealing,,"MCS_per_temperature=10, number_of_temperatures=20, schedule=logT"
1600,2601882,-0.753034,24.8006618,1,24.8006618,NVIDIA Tesla V100-SXM2-32G,Population Annealing,,"MCS_per_temperature=10, number_of_temperatures=20, schedule=logT"
1600,2601885,-0.755408,24.78290782,0.5,164.6540755,NVIDIA Tesla V100-SXM2-32G,Population Annealing,,"MCS_per_temperature=10, number_of_temperatures=20, schedule=logT"
1600,2601888,-0.759327,24.83096206,0.6,124.7975148,NVIDIA Tesla V100-SXM2-32G,Population Annealing,,"MCS_per_temperature=10, number_of_temperatures=20, schedule=logT"
1600,2601891,-0.758951,24.80079093,0.8,70.96382041,NVIDIA Tesla V100-SXM2-32G,Population Annealing,,"MCS_per_temperature=10, number_of_temperatures=20, schedule=logT"
1600,2601894,-0.760301,24.75921381,1,24.75921381,NVIDIA Tesla V100-SXM2-32G,Population Annealing,,"MCS_per_temperature=10, number_of_temperatures=20, schedule=logT"
1600,2601897,-0.759873,24.66574578,0.6,123.9671571,NVIDIA Tesla V100-SXM2-32G,Population Annealing,,"MCS_per_temperature=10, number_of_temperatures=20, schedule=logT"
1600,2601900,-0.758169,25.36799049,1,25.36799049,NVIDIA Tesla V100-SXM2-32G,Population Annealing,,"MCS_per_temperature=10, number_of_temperatures=20, schedule=logT"
1600,2601903,-0.759181,25.20751476,1,25.20751476,NVIDIA Tesla V100-SXM2-32G,Population Annealing,,"MCS_per_temperature=10, number_of_temperatures=20, schedule=logT"
1600,2601906,-0.757785,25.12850575,0.9,50.25701151,NVIDIA Tesla V100-SXM2-32G,Population Annealing,,"MCS_per_temperature=10, number_of_temperatures=20, schedule=logT"
1600,2601909,-0.757169,25.14641111,1,25.14641111,NVIDIA Tesla V100-SXM2-32G,Population Annealing,,"MCS_per_temperature=10, number_of_temperatures=20, schedule=logT"
1600,2601912,-0.755497,25.13707447,0,inf,NVIDIA Tesla V100-SXM2-32G,Population Annealing,,"MCS_per_temperature=10, number_of_temperatures=20, schedule=logT"
1600,2601915,-0.756389,25.14445186,0.7,96.17698973,NVIDIA Tesla V100-SXM2-32G,Population Annealing,,"MCS_per_temperature=10, number_of_temperatures=20, schedule=logT"
1600,2601918,-0.759061,24.63967493,0.9,49.27934985,NVIDIA Tesla V100-SXM2-32G,Population Annealing,,"MCS_per_temperature=10, number_of_temperatures=20, schedule=logT"
1600,2601921,-0.757852,24.70314996,0.8,70.68443512,NVIDIA Tesla V100-SXM2-32G,Population Annealing,,"MCS_per_temperature=10, number_of_temperatures=20, schedule=logT"
1600,2601924,-0.765089,24.96016316,1,24.96016316,NVIDIA Tesla V100-SXM2-32G,Population Annealing,,"MCS_per_temperature=10, number_of_temperatures=20, schedule=logT"
1600,2601927,-0.756338,24.79319906,1,24.79319906,NVIDIA Tesla V100-SXM2-32G,Population Annealing,,"MCS_per_temperature=10, number_of_temperatures=20, schedule=logT"
1600,2601930,-0.757715,24.88319685,0.9,49.76639371,NVIDIA Tesla V100-SXM2-32G,Population Annealing,,"MCS_per_temperature=10, number_of_temperatures=20, schedule=logT"
1600,2601933,-0.756857,24.95698888,0.7,95.45994787,NVIDIA Tesla V100-SXM2-32G,Population Annealing,,"MCS_per_temperature=10, number_of_temperatures=20, schedule=logT"
1600,2601936,-0.756913,24.99727945,0.6,125.6334066,NVIDIA Tesla V100-SXM2-32G,Population Annealing,,"MCS_per_temperature=10, number_of_temperatures=20, schedule=logT"
1600,2601939,-0.756640,24.81416531,0.6,124.7130963,NVIDIA Tesla V100-SXM2-32G,Population Annealing,,"MCS_per_temperature=10, number_of_temperatures=20, schedule=logT"
1600,2601942,-0.757107,24.79227462,0.7,94.82991933,NVIDIA Tesla V100-SXM2-32G,Population Annealing,,"MCS_per_temperature=10, number_of_temperatures=20, schedule=logT"
1600,2601945,-0.756350,24.7627301,0.7,94.71691218,NVIDIA Tesla V100-SXM2-32G,Population Annealing,,"MCS_per_temperature=10, number_of_temperatures=20, schedule=logT"
1600,2601948,-0.758546,24.81438537,0.7,94.91449247,NVIDIA Tesla V100-SXM2-32G,Population Annealing,,"MCS_per_temperature=10, number_of_temperatures=20, schedule=logT"
1600,2601951,-0.756199,24.44442475,1,24.44442475,NVIDIA Tesla V100-SXM2-32G,Population Annealing,,"MCS_per_temperature=10, number_of_temperatures=20, schedule=logT"
1600,2601954,-0.758528,24.73028495,0.8,70.76207791,NVIDIA Tesla V100-SXM2-32G,Population Annealing,,"MCS_per_temperature=10, number_of_temperatures=20, schedule=logT"
1600,2601957,-0.758993,24.87858984,0.5,165.2897731,NVIDIA Tesla V100-SXM2-32G,Population Annealing,,"MCS_per_temperature=10, number_of_temperatures=20, schedule=logT"
1600,2601960,-0.757410,24.90468407,1,24.90468407,NVIDIA Tesla V100-SXM2-32G,Population Annealing,,"MCS_per_temperature=10, number_of_temperatures=20, schedule=logT"
1600,2601963,-0.755215,24.87774341,1,24.87774341,NVIDIA Tesla V100-SXM2-32G,Population Annealing,,"MCS_per_temperature=10, number_of_temperatures=20, schedule=logT"
1600,2601966,-0.758247,24.85680976,0.9,49.71361952,NVIDIA Tesla V100-SXM2-32G,Population Annealing,,"MCS_per_temperature=10, number_of_temperatures=20, schedule=logT"
1600,2601969,-0.762413,24.74758444,1,24.74758444,NVIDIA Tesla V100-SXM2-32G,Population Annealing,,"MCS_per_temperature=10, number_of_temperatures=20, schedule=logT"
1600,2601972,-0.756023,24.72262254,0.5,164.2535488,NVIDIA Tesla V100-SXM2-32G,Population Annealing,,"MCS_per_temperature=10, number_of_temperatures=20, schedule=logT"
1600,2601975,-0.756769,24.8006552,0.9,49.6013104,NVIDIA Tesla V100-SXM2-32G,Population Annealing,,"MCS_per_temperature=10, number_of_temperatures=20, schedule=logT"
1600,2601978,-0.755149,24.73232388,0.9,49.46464777,NVIDIA Tesla V100-SXM2-32G,Population Annealing,,"MCS_per_temperature=10, number_of_temperatures=20, schedule=logT"
1600,2601981,-0.756040,24.94345555,0.8,71.37203427,NVIDIA Tesla V100-SXM2-32G,Population Annealing,,"MCS_per_temperature=10, number_of_temperatures=20, schedule=logT"
1600,2601984,-0.756753,24.90277479,0.9,49.80554957,NVIDIA Tesla V100-SXM2-32G,Population Annealing,,"MCS_per_temperature=10, number_of_temperatures=20, schedule=logT"
1600,2601987,-0.757380,24.73418825,0.9,49.46837649,NVIDIA Tesla V100-SXM2-32G,Population Annealing,,"MCS_per_temperature=10, number_of_temperatures=20, schedule=logT"
1600,2601990,-0.759852,24.91916049,1,24.91916049,NVIDIA Tesla V100-SXM2-32G,Population Annealing,,"MCS_per_temperature=10, number_of_temperatures=20, schedule=logT"
1600,2601993,-0.758641,24.81114478,0.5,164.8416778,NVIDIA Tesla V100-SXM2-32G,Population Annealing,,"MCS_per_temperature=10, number_of_temperatures=20, schedule=logT"
1600,2601996,-0.754506,24.82053139,0.2,512.2387382,NVIDIA Tesla V100-SXM2-32G,Population Annealing,,"MCS_per_temperature=10, number_of_temperatures=20, schedule=logT"
1600,2601999,-0.757779,24.71362388,1,24.71362388,NVIDIA Tesla V100-SXM2-32G,Population Annealing,,"MCS_per_temperature=10, number_of_temperatures=20, schedule=logT"
1600,2602002,-0.759165,24.63444939,1,24.63444939,NVIDIA Tesla V100-SXM2-32G,Population Annealing,,"MCS_per_temperature=10, number_of_temperatures=20, schedule=logT"
1600,2602005,-0.754325,24.69384387,0.1,1079.335583,NVIDIA Tesla V100-SXM2-32G,Population Annealing,,"MCS_per_temperature=10, number_of_temperatures=20, schedule=logT"
1600,2602008,-0.758086,24.81899829,1,24.81899829,NVIDIA Tesla V100-SXM2-32G,Population Annealing,,"MCS_per_temperature=10, number_of_temperatures=20, schedule=logT"
1600,2602011,-0.761134,24.93218369,1,24.93218369,NVIDIA Tesla V100-SXM2-32G,Population Annealing,,"MCS_per_temperature=10, number_of_temperatures=20, schedule=logT"
1600,2602014,-0.757285,24.77343941,1,24.77343941,NVIDIA Tesla V100-SXM2-32G,Population Annealing,,"MCS_per_temperature=10, number_of_temperatures=20, schedule=logT"
1600,2602017,-0.757119,25.18588476,0.8,72.06570985,NVIDIA Tesla V100-SXM2-32G,Population Annealing,,"MCS_per_temperature=10, number_of_temperatures=20, schedule=logT"
1600,2602020,-0.755552,25.06880786,0.2,517.3625941,NVIDIA Tesla V100-SXM2-32G,Population Annealing,,"MCS_per_temperature=10, number_of_temperatures=20, schedule=logT"
1600,2602023,-0.755388,25.07643495,0.5,166.6042275,NVIDIA Tesla V100-SXM2-32G,Population Annealing,,"MCS_per_temperature=10, number_of_temperatures=20, schedule=logT"
1600,2602026,-0.757288,25.17081108,0.7,96.2778132,NVIDIA Tesla V100-SXM2-32G,Population Annealing,,"MCS_per_temperature=10, number_of_temperatures=20, schedule=logT"
1600,2602029,-0.756586,25.07261813,0.8,71.74161401,NVIDIA Tesla V100-SXM2-32G,Population Annealing,,"MCS_per_temperature=10, number_of_temperatures=20, schedule=logT"
2000,3001732,-0.759172,36.29852929,0.1,1586.561188,NVIDIA Tesla V100-SXM2-32G,Population Annealing,,"MCS_per_temperature=10, number_of_temperatures=20, schedule=logT"
2000,3001735,-0.759979,36.53753035,0.9,73.0750607,NVIDIA Tesla V100-SXM2-32G,Population Annealing,,"MCS_per_temperature=10, number_of_temperatures=20, schedule=logT"
2000,3001738,-0.760696,36.27087319,1,36.27087319,NVIDIA Tesla V100-SXM2-32G,Population Annealing,,"MCS_per_temperature=10, number_of_temperatures=20, schedule=logT"
2000,3001741,-0.759931,36.39073646,1,36.39073646,NVIDIA Tesla V100-SXM2-32G,Population Annealing,,"MCS_per_temperature=10, number_of_temperatures=20, schedule=logT"
2000,3001744,-0.760324,36.27732847,1,36.27732847,NVIDIA Tesla V100-SXM2-32G,Population Annealing,,"MCS_per_temperature=10, number_of_temperatures=20, schedule=logT"
2000,3001747,-0.762540,36.03091319,0.7,137.8174711,NVIDIA Tesla V100-SXM2-32G,Population Annealing,,"MCS_per_temperature=10, number_of_temperatures=20, schedule=logT"
2000,3001750,-0.759318,36.38700047,0,inf,NVIDIA Tesla V100-SXM2-32G,Population Annealing,,"MCS_per_temperature=10, number_of_temperatures=20, schedule=logT"
2000,3001753,-0.758669,36.48570824,0.3,471.0812986,NVIDIA Tesla V100-SXM2-32G,Population Annealing,,"MCS_per_temperature=10, number_of_temperatures=20, schedule=logT"
2000,3001756,-0.756680,36.48965786,0.4,328.9597793,NVIDIA Tesla V100-SXM2-32G,Population Annealing,,"MCS_per_temperature=10, number_of_temperatures=20, schedule=logT"
2000,3001759,-0.762790,36.51027305,0.9,73.0205461,NVIDIA Tesla V100-SXM2-32G,Population Annealing,,"MCS_per_temperature=10, number_of_temperatures=20, schedule=logT"
2000,3001762,-0.758792,36.44837737,0.4,328.5876295,NVIDIA Tesla V100-SXM2-32G,Population Annealing,,"MCS_per_temperature=10, number_of_temperatures=20, schedule=logT"
2000,3001765,-0.758251,36.48786337,0.6,183.3837391,NVIDIA Tesla V100-SXM2-32G,Population Annealing,,"MCS_per_temperature=10, number_of_temperatures=20, schedule=logT"
2000,3001768,-0.759873,36.00341346,1,36.00341346,NVIDIA Tesla V100-SXM2-32G,Population Annealing,,"MCS_per_temperature=10, number_of_temperatures=20, schedule=logT"
2000,3001771,-0.758346,36.17481093,0.8,103.508908,NVIDIA Tesla V100-SXM2-32G,Population Annealing,,"MCS_per_temperature=10, number_of_temperatures=20, schedule=logT"
2000,3001774,-0.757993,35.98427801,0.2,742.6328177,NVIDIA Tesla V100-SXM2-32G,Population Annealing,,"MCS_per_temperature=10, number_of_temperatures=20, schedule=logT"
2000,3001777,-0.760589,35.87217925,0.1,1567.925986,NVIDIA Tesla V100-SXM2-32G,Population Annealing,,"MCS_per_temperature=10, number_of_temperatures=20, schedule=logT"
2000,3001780,-0.757580,36.03464763,0.5,239.4090167,NVIDIA Tesla V100-SXM2-32G,Population Annealing,,"MCS_per_temperature=10, number_of_temperatures=20, schedule=logT"
2000,3001783,-0.756045,36.05571301,0.7,137.9123299,NVIDIA Tesla V100-SXM2-32G,Population Annealing,,"MCS_per_temperature=10, number_of_temperatures=20, schedule=logT"
2000,3001786,-0.757449,35.84404597,0.1,1566.696317,NVIDIA Tesla V100-SXM2-32G,Population Annealing,,"MCS_per_temperature=10, number_of_temperatures=20, schedule=logT"
2000,3001789,-0.760825,35.69408729,0.2,736.643948,NVIDIA Tesla V100-SXM2-32G,Population Annealing,,"MCS_per_temperature=10, number_of_temperatures=20, schedule=logT"
2000,3001792,-0.758103,35.89727814,0.4,323.6193867,NVIDIA Tesla V100-SXM2-32G,Population Annealing,,"MCS_per_temperature=10, number_of_temperatures=20, schedule=logT"
2000,3001795,-0.760955,35.86954806,1,35.86954806,NVIDIA Tesla V100-SXM2-32G,Population Annealing,,"MCS_per_temperature=10, number_of_temperatures=20, schedule=logT"
2000,3001798,-0.760272,35.61623275,0.9,71.23246551,NVIDIA Tesla V100-SXM2-32G,Population Annealing,,"MCS_per_temperature=10, number_of_temperatures=20, schedule=logT"
2000,3001801,-0.759016,35.75827975,1,35.75827975,NVIDIA Tesla V100-SXM2-32G,Population Annealing,,"MCS_per_temperature=10, number_of_temperatures=20, schedule=logT"
2000,3001804,-0.758887,35.63277414,0.6,179.0861605,NVIDIA Tesla V100-SXM2-32G,Population Annealing,,"MCS_per_temperature=10, number_of_temperatures=20, schedule=logT"
2000,3001807,-0.763086,35.79719639,1,35.79719639,NVIDIA Tesla V100-SXM2-32G,Population Annealing,,"MCS_per_temperature=10, number_of_temperatures=20, schedule=logT"
2000,3001810,-0.758537,35.88969479,1,35.88969479,NVIDIA Tesla V100-SXM2-32G,Population Annealing,,"MCS_per_temperature=10, number_of_temperatures=20, schedule=logT"
2000,3001813,-0.757669,35.94698658,0.6,180.6653556,NVIDIA Tesla V100-SXM2-32G,Population Annealing,,"MCS_per_temperature=10, number_of_temperatures=20, schedule=logT"
2000,3001816,-0.758908,35.81083694,0.9,71.62167387,NVIDIA Tesla V100-SXM2-32G,Population Annealing,,"MCS_per_temperature=10, number_of_temperatures=20, schedule=logT"
2000,3001819,-0.762326,35.81050076,1,35.81050076,NVIDIA Tesla V100-SXM2-32G,Population Annealing,,"MCS_per_temperature=10, number_of_temperatures=20, schedule=logT"
2000,3001822,-0.759050,35.74822009,0.9,71.49644017,NVIDIA Tesla V100-SXM2-32G,Population Annealing,,"MCS_per_temperature=10, number_of_temperatures=20, schedule=logT"
2000,3001825,-0.760435,37.137005,0.2,766.422454,NVIDIA Tesla V100-SXM2-32G,Population Annealing,,"MCS_per_temperature=10, number_of_temperatures=20, schedule=logT"
2000,3001828,-0.757625,36.75538523,0.9,73.51077046,NVIDIA Tesla V100-SXM2-32G,Population Annealing,,"MCS_per_temperature=10, number_of_temperatures=20, schedule=logT"
2000,3001831,-0.759033,37.03233662,0.5,246.0375189,NVIDIA Tesla V100-SXM2-32G,Population Annealing,,"MCS_per_temperature=10, number_of_temperatures=20, schedule=logT"
2000,3001834,-0.755609,36.97089767,0.3,477.3457699,NVIDIA Tesla V100-SXM2-32G,Population Annealing,,"MCS_per_temperature=10, number_of_temperatures=20, schedule=logT"
2000,3001837,-0.758391,37.02807579,0.4,333.8136983,NVIDIA Tesla V100-SXM2-32G,Population Annealing,,"MCS_per_temperature=10, number_of_temperatures=20, schedule=logT"
2000,3001840,-0.759647,37.21487105,0.6,187.0375948,NVIDIA Tesla V100-SXM2-32G,Population Annealing,,"MCS_per_temperature=10, number_of_temperatures=20, schedule=logT"
2000,3001843,-0.760891,36.00340235,1,36.00340235,NVIDIA Tesla V100-SXM2-32G,Population Annealing,,"MCS_per_temperature=10, number_of_temperatures=20, schedule=logT"
2000,3001846,-0.757297,36.0900682,0,inf,NVIDIA Tesla V100-SXM2-32G,Population Annealing,,"MCS_per_temperature=10, number_of_temperatures=20, schedule=logT"
2000,3001849,-0.757768,35.90050271,0.4,323.6484566,NVIDIA Tesla V100-SXM2-32G,Population Annealing,,"MCS_per_temperature=10, number_of_temperatures=20, schedule=logT"
2000,3001852,-0.754612,35.88437424,0.3,463.3172394,NVIDIA Tesla V100-SXM2-32G,Population Annealing,,"MCS_per_temperature=10, number_of_temperatures=20, schedule=logT"
2000,3001855,-0.757963,36.20840099,0.2,747.258201,NVIDIA Tesla V100-SXM2-32G,Population Annealing,,"MCS_per_temperature=10, number_of_temperatures=20, schedule=logT"
2000,3001858,-0.757701,36.21715262,0.3,467.6138717,NVIDIA Tesla V100-SXM2-32G,Population Annealing,,"MCS_per_temperature=10, number_of_temperatures=20, schedule=logT"
2000,3001861,-0.762009,35.95045378,1,35.95045378,NVIDIA Tesla V100-SXM2-32G,Population Annealing,,"MCS_per_temperature=10, number_of_temperatures=20, schedule=logT"
2000,3001864,-0.759785,35.6788377,0.8,102.0897534,NVIDIA Tesla V100-SXM2-32G,Population Annealing,,"MCS_per_temperature=10, number_of_temperatures=20, schedule=logT"
2000,3001867,-0.759695,35.6844553,0.6,179.345904,NVIDIA Tesla V100-SXM2-32G,Population Annealing,,"MCS_per_temperature=10, number_of_temperatures=20, schedule=logT"
2000,3001870,-0.759050,35.61517663,0.4,321.0761989,NVIDIA Tesla V100-SXM2-32G,Population Annealing,,"MCS_per_temperature=10, number_of_temperatures=20, schedule=logT"
2000,3001873,-0.755584,35.76358786,0.3,461.757719,NVIDIA Tesla V100-SXM2-32G,Population Annealing,,"MCS_per_temperature=10, number_of_temperatures=20, schedule=logT"
2000,3001876,-0.757077,35.71940351,0.8,102.2058265,NVIDIA Tesla V100-SXM2-32G,Population Annealing,,"MCS_per_temperature=10, number_of_temperatures=20, schedule=logT"
2000,3001879,-0.758483,35.88358755,0.5,238.4053953,NVIDIA Tesla V100-SXM2-32G,Population Annealing,,"MCS_per_temperature=10, number_of_temperatures=20, schedule=logT"
2000,3001882,-0.756559,35.7703316,0.1,1563.474358,NVIDIA Tesla V100-SXM2-32G,Population Annealing,,"MCS_per_temperature=10, number_of_temperatures=20, schedule=logT"
2000,3001885,-0.759212,35.72614725,0.3,461.2743086,NVIDIA Tesla V100-SXM2-32G,Population Annealing,,"MCS_per_temperature=10, number_of_temperatures=20, schedule=logT"
2000,3001888,-0.759044,35.4445154,0.7,135.5745121,NVIDIA Tesla V100-SXM2-32G,Population Annealing,,"MCS_per_temperature=10, number_of_temperatures=20, schedule=logT"
2000,3001891,-0.759603,35.59008355,0.7,136.1313072,NVIDIA Tesla V100-SXM2-32G,Population Annealing,,"MCS_per_temperature=10, number_of_temperatures=20, schedule=logT"
2000,3001894,-0.757821,35.6319371,0.2,735.3613108,NVIDIA Tesla V100-SXM2-32G,Population Annealing,,"MCS_per_temperature=10, number_of_temperatures=20, schedule=logT"
2000,3001897,-0.754932,35.90336189,0.3,463.5623964,NVIDIA Tesla V100-SXM2-32G,Population Annealing,,"MCS_per_temperature=10, number_of_temperatures=20, schedule=logT"
2000,3001900,-0.757082,36.75147982,0.4,331.3201438,NVIDIA Tesla V100-SXM2-32G,Population Annealing,,"MCS_per_temperature=10, number_of_temperatures=20, schedule=logT"
2000,3001903,-0.757877,36.37090104,0.1,1589.724462,NVIDIA Tesla V100-SXM2-32G,Population Annealing,,"MCS_per_temperature=10, number_of_temperatures=20, schedule=logT"
2000,3001906,-0.758130,36.64205751,0.7,140.1550851,NVIDIA Tesla V100-SXM2-32G,Population Annealing,,"MCS_per_temperature=10, number_of_temperatures=20, schedule=logT"
2000,3001909,-0.756216,36.38329115,0.2,750.867532,NVIDIA Tesla V100-SXM2-32G,Population Annealing,,"MCS_per_temperature=10, number_of_temperatures=20, schedule=logT"
2000,3001912,-0.758331,36.57400582,0.3,472.2213434,NVIDIA Tesla V100-SXM2-32G,Population Annealing,,"MCS_per_temperature=10, number_of_temperatures=20, schedule=logT"
2000,3001915,-0.757384,36.70170913,0.5,243.8408774,NVIDIA Tesla V100-SXM2-32G,Population Annealing,,"MCS_per_temperature=10, number_of_temperatures=20, schedule=logT"
2000,3001918,-0.756819,35.67615652,0.2,736.2738981,NVIDIA Tesla V100-SXM2-32G,Population Annealing,,"MCS_per_temperature=10, number_of_temperatures=20, schedule=logT"
2000,3001921,-0.759163,35.64371638,1,35.64371638,NVIDIA Tesla V100-SXM2-32G,Population Annealing,,"MCS_per_temperature=10, number_of_temperatures=20, schedule=logT"
2000,3001924,-0.759709,35.73476765,1,35.73476765,NVIDIA Tesla V100-SXM2-32G,Population Annealing,,"MCS_per_temperature=10, number_of_temperatures=20, schedule=logT"
2000,3001927,-0.760731,35.6337208,0.5,236.7453165,NVIDIA Tesla V100-SXM2-32G,Population Annealing,,"MCS_per_temperature=10, number_of_temperatures=20, schedule=logT"
2000,3001930,-0.761624,36.12467024,1,36.12467024,NVIDIA Tesla V100-SXM2-32G,Population Annealing,,"MCS_per_temperature=10, number_of_temperatures=20, schedule=logT"
2000,3001933,-0.759459,35.7889168,1,35.7889168,NVIDIA Tesla V100-SXM2-32G,Population Annealing,,"MCS_per_temperature=10, number_of_temperatures=20, schedule=logT"
2000,3001936,-0.759530,35.80742223,1,35.80742223,NVIDIA Tesla V100-SXM2-32G,Population Annealing,,"MCS_per_temperature=10, number_of_temperatures=20, schedule=logT"
2000,3001939,-0.756806,35.97665181,0.9,71.95330362,NVIDIA Tesla V100-SXM2-32G,Population Annealing,,"MCS_per_temperature=10, number_of_temperatures=20, schedule=logT"
2000,3001942,-0.762960,36.06067226,0.8,103.1823169,NVIDIA Tesla V100-SXM2-32G,Population Annealing,,"MCS_per_temperature=10, number_of_temperatures=20, schedule=logT"
2000,3001945,-0.761989,35.96378369,0.9,71.92756739,NVIDIA Tesla V100-SXM2-32G,Population Annealing,,"MCS_per_temperature=10, number_of_temperatures=20, schedule=logT"
2000,3001948,-0.759626,35.70588264,0.8,102.1671386,NVIDIA Tesla V100-SXM2-32G,Population Annealing,,"MCS_per_temperature=10, number_of_temperatures=20, schedule=logT"
2000,3001951,-0.757035,35.60105705,0.1,1556.07559,NVIDIA Tesla V100-SXM2-32G,Population Annealing,,"MCS_per_temperature=10, number_of_temperatures=20, schedule=logT"
2000,3001954,-0.757776,35.57621229,0.6,178.8018873,NVIDIA Tesla V100-SXM2-32G,Population Annealing,,"MCS_per_temperature=10, number_of_temperatures=20, schedule=logT"
2000,3001957,-0.758895,35.85694096,0.3,462.9630376,NVIDIA Tesla V100-SXM2-32G,Population Annealing,,"MCS_per_temperature=10, number_of_temperatures=20, schedule=logT"
2000,3001960,-0.761360,35.66940842,0.9,71.33881683,NVIDIA Tesla V100-SXM2-32G,Population Annealing,,"MCS_per_temperature=10, number_of_temperatures=20, schedule=logT"
2000,3001963,-0.758716,35.8338516,1,35.8338516,NVIDIA Tesla V100-SXM2-32G,Population Annealing,,"MCS_per_temperature=10, number_of_temperatures=20, schedule=logT"
2000,3001966,-0.762332,35.76969247,0.6,179.7742961,NVIDIA Tesla V100-SXM2-32G,Population Annealing,,"MCS_per_temperature=10, number_of_temperatures=20, schedule=logT"
2000,3001969,-0.759711,35.73839607,0.3,461.432458,NVIDIA Tesla V100-SXM2-32G,Population Annealing,,"MCS_per_temperature=10, number_of_temperatures=20, schedule=logT"
2000,3001972,-0.759261,35.85879335,0.6,180.2221067,NVIDIA Tesla V100-SXM2-32G,Population Annealing,,"MCS_per_temperature=10, number_of_temperatures=20, schedule=logT"
2000,3001975,-0.759737,36.59435475,0.9,73.1887095,NVIDIA Tesla V100-SXM2-32G,Population Annealing,,"MCS_per_temperature=10, number_of_temperatures=20, schedule=logT"
2000,3001978,-0.757970,36.08944235,0.4,325.351776,NVIDIA Tesla V100-SXM2-32G,Population Annealing,,"MCS_per_temperature=10, number_of_temperatures=20, schedule=logT"
2000,3001981,-0.759613,35.8218761,0.6,180.0365649,NVIDIA Tesla V100-SXM2-32G,Population Annealing,,"MCS_per_temperature=10, number_of_temperatures=20, schedule=logT"
2000,3001984,-0.758476,35.95111568,0.3,464.1789643,NVIDIA Tesla V100-SXM2-32G,Population Annealing,,"MCS_per_temperature=10, number_of_temperatures=20, schedule=logT"
2000,3001987,-0.758566,36.16347325,0.4,326.0191758,NVIDIA Tesla V100-SXM2-32G,Population Annealing,,"MCS_per_temperature=10, number_of_temperatures=20, schedule=logT"
2000,3001990,-0.758336,36.07625279,0.7,137.9908941,NVIDIA Tesla V100-SXM2-32G,Population Annealing,,"MCS_per_temperature=10, number_of_temperatures=20, schedule=logT"
2000,3001993,-0.757143,35.68194389,1,35.68194389,NVIDIA Tesla V100-SXM2-32G,Population Annealing,,"MCS_per_temperature=10, number_of_temperatures=20, schedule=logT"
2000,3001996,-0.758297,35.62988448,0.1,1557.335599,NVIDIA Tesla V100-SXM2-32G,Population Annealing,,"MCS_per_temperature=10, number_of_temperatures=20, schedule=logT"
2000,3001999,-0.759920,35.3602174,1,35.3602174,NVIDIA Tesla V100-SXM2-32G,Population Annealing,,"MCS_per_temperature=10, number_of_temperatures=20, schedule=logT"
2000,3002002,-0.758784,35.72861164,0.7,136.6611742,NVIDIA Tesla V100-SXM2-32G,Population Annealing,,"MCS_per_temperature=10, number_of_temperatures=20, schedule=logT"
2000,3002005,-0.760192,35.75060182,0.8,102.2950959,NVIDIA Tesla V100-SXM2-32G,Population Annealing,,"MCS_per_temperature=10, number_of_temperatures=20, schedule=logT"
2000,3002008,-0.761335,35.89401984,0.5,238.4747059,NVIDIA Tesla V100-SXM2-32G,Population Annealing,,"MCS_per_temperature=10, number_of_temperatures=20, schedule=logT"
2000,3002011,-0.757584,36.67412028,0.6,184.3198446,NVIDIA Tesla V100-SXM2-32G,Population Annealing,,"MCS_per_temperature=10, number_of_temperatures=20, schedule=logT"
2000,3002014,-0.760719,36.80944264,0.6,184.999959,NVIDIA Tesla V100-SXM2-32G,Population Annealing,,"MCS_per_temperature=10, number_of_temperatures=20, schedule=logT"
2000,3002017,-0.759319,36.35436518,0.8,104.0226761,NVIDIA Tesla V100-SXM2-32G,Population Annealing,,"MCS_per_temperature=10, number_of_temperatures=20, schedule=logT"
2000,3002020,-0.760594,36.44032011,0.8,104.2686235,NVIDIA Tesla V100-SXM2-32G,Population Annealing,,"MCS_per_temperature=10, number_of_temperatures=20, schedule=logT"
2000,3002023,-0.759475,36.55411,0.2,754.3928407,NVIDIA Tesla V100-SXM2-32G,Population Annealing,,"MCS_per_temperature=10, number_of_temperatures=20, schedule=logT"
2000,3002026,-0.760351,36.45724211,0.1,1593.498317,NVIDIA Tesla V100-SXM2-32G,Population Annealing,,"MCS_per_temperature=10, number_of_temperatures=20, schedule=logT"
2000,3002029,-0.758779,36.61791434,1,36.61791434,NVIDIA Tesla V100-SXM2-32G,Population Annealing,,"MCS_per_temperature=10, number_of_temperatures=20, schedule=logT"
50,1051732,-0.666784,0.7149811745,1,0.7149811745,NVIDIA Tesla V100-SXM2-32G,Simulated Annealing,,"MCS_per_temperature=1, number_of_temperatures=100, schedule=logT"
50,1051735,-0.691774,0.7173774004,1,0.7173774004,NVIDIA Tesla V100-SXM2-32G,Simulated Annealing,,"MCS_per_temperature=1, number_of_temperatures=100, schedule=logT"
50,1051738,-0.681092,0.7149821758,1,0.7149821758,NVIDIA Tesla V100-SXM2-32G,Simulated Annealing,,"MCS_per_temperature=1, number_of_temperatures=100, schedule=logT"
50,1051741,-0.659711,0.7208497763,1,0.7208497763,NVIDIA Tesla V100-SXM2-32G,Simulated Annealing,,"MCS_per_temperature=1, number_of_temperatures=100, schedule=logT"
50,1051744,-0.720381,0.7196285009,1,0.7196285009,NVIDIA Tesla V100-SXM2-32G,Simulated Annealing,,"MCS_per_temperature=1, number_of_temperatures=100, schedule=logT"
50,1051747,-0.741325,0.7187826633,1,0.7187826633,NVIDIA Tesla V100-SXM2-32G,Simulated Annealing,,"MCS_per_temperature=1, number_of_temperatures=100, schedule=logT"
50,1051750,-0.677514,0.7116179466,1,0.7116179466,NVIDIA Tesla V100-SXM2-32G,Simulated Annealing,,"MCS_per_temperature=1, number_of_temperatures=100, schedule=logT"
50,1051753,-0.642431,0.7208104372,1,0.7208104372,NVIDIA Tesla V100-SXM2-32G,Simulated Annealing,,"MCS_per_temperature=1, number_of_temperatures=100, schedule=logT"
50,1051756,-0.682328,0.714975214,1,0.714975214,NVIDIA Tesla V100-SXM2-32G,Simulated Annealing,,"MCS_per_temperature=1, number_of_temperatures=100, schedule=logT"
50,1051759,-0.773384,0.7103316307,1,0.7103316307,NVIDIA Tesla V100-SXM2-32G,Simulated Annealing,,"MCS_per_temperature=1, number_of_temperatures=100, schedule=logT"
50,1051762,-0.743199,0.7190256596,1,0.7190256596,NVIDIA Tesla V100-SXM2-32G,Simulated Annealing,,"MCS_per_temperature=1, number_of_temperatures=100, schedule=logT"
50,1051765,-0.704647,0.7118194818,1,0.7118194818,NVIDIA Tesla V100-SXM2-32G,Simulated Annealing,,"MCS_per_temperature=1, number_of_temperatures=100, schedule=logT"
50,1051768,-0.668627,0.7135890484,1,0.7135890484,NVIDIA Tesla V100-SXM2-32G,Simulated Annealing,,"MCS_per_temperature=1, number_of_temperatures=100, schedule=logT"
50,1051771,-0.768884,0.7100281715,1,0.7100281715,NVIDIA Tesla V100-SXM2-32G,Simulated Annealing,,"MCS_per_temperature=1, number_of_temperatures=100, schedule=logT"
50,1051774,-0.682991,0.7210014105,1,0.7210014105,NVIDIA Tesla V100-SXM2-32G,Simulated Annealing,,"MCS_per_temperature=1, number_of_temperatures=100, schedule=logT"
50,1051777,-0.706694,0.7120466709,1,0.7120466709,NVIDIA Tesla V100-SXM2-32G,Simulated Annealing,,"MCS_per_temperature=1, number_of_temperatures=100, schedule=logT"
50,1051780,-0.743609,0.7096557379,1,0.7096557379,NVIDIA Tesla V100-SXM2-32G,Simulated Annealing,,"MCS_per_temperature=1, number_of_temperatures=100, schedule=logT"
50,1051783,-0.756935,0.7178241968,1,0.7178241968,NVIDIA Tesla V100-SXM2-32G,Simulated Annealing,,"MCS_per_temperature=1, number_of_temperatures=100, schedule=logT"
50,1051786,-0.681359,0.7132591248,1,0.7132591248,NVIDIA Tesla V100-SXM2-32G,Simulated Annealing,,"MCS_per_temperature=1, number_of_temperatures=100, schedule=logT"
50,1051789,-0.676322,0.7168591738,1,0.7168591738,NVIDIA Tesla V100-SXM2-32G,Simulated Annealing,,"MCS_per_temperature=1, number_of_temperatures=100, schedule=logT"
50,1051792,-0.674813,0.717403388,1,0.717403388,NVIDIA Tesla V100-SXM2-32G,Simulated Annealing,,"MCS_per_temperature=1, number_of_temperatures=100, schedule=logT"
50,1051795,-0.702282,0.7147901297,1,0.7147901297,NVIDIA Tesla V100-SXM2-32G,Simulated Annealing,,"MCS_per_temperature=1, number_of_temperatures=100, schedule=logT"
50,1051798,-0.662357,0.716759634,1,0.716759634,NVIDIA Tesla V100-SXM2-32G,Simulated Annealing,,"MCS_per_temperature=1, number_of_temperatures=100, schedule=logT"
50,1051801,-0.717902,0.7100187778,1,0.7100187778,NVIDIA Tesla V100-SXM2-32G,Simulated Annealing,,"MCS_per_temperature=1, number_of_temperatures=100, schedule=logT"
50,1051804,-0.726372,0.7201185226,1,0.7201185226,NVIDIA Tesla V100-SXM2-32G,Simulated Annealing,,"MCS_per_temperature=1, number_of_temperatures=100, schedule=logT"
50,1051807,-0.677507,0.7182495117,1,0.7182495117,NVIDIA Tesla V100-SXM2-32G,Simulated Annealing,,"MCS_per_temperature=1, number_of_temperatures=100, schedule=logT"
50,1051810,-0.702514,0.7196472645,1,0.7196472645,NVIDIA Tesla V100-SXM2-32G,Simulated Annealing,,"MCS_per_temperature=1, number_of_temperatures=100, schedule=logT"
50,1051813,-0.663570,0.7187552214,1,0.7187552214,NVIDIA Tesla V100-SXM2-32G,Simulated Annealing,,"MCS_per_temperature=1, number_of_temperatures=100, schedule=logT"
50,1051816,-0.721629,0.7123216391,1,0.7123216391,NVIDIA Tesla V100-SXM2-32G,Simulated Annealing,,"MCS_per_temperature=1, number_of_temperatures=100, schedule=logT"
50,1051819,-0.696478,0.7183236599,1,0.7183236599,NVIDIA Tesla V100-SXM2-32G,Simulated Annealing,,"MCS_per_temperature=1, number_of_temperatures=100, schedule=logT"
50,1051822,-0.696050,0.7155247927,1,0.7155247927,NVIDIA Tesla V100-SXM2-32G,Simulated Annealing,,"MCS_per_temperature=1, number_of_temperatures=100, schedule=logT"
50,1051825,-0.660746,0.7148033857,1,0.7148033857,NVIDIA Tesla V100-SXM2-32G,Simulated Annealing,,"MCS_per_temperature=1, number_of_temperatures=100, schedule=logT"
50,1051828,-0.655020,0.7209540844,1,0.7209540844,NVIDIA Tesla V100-SXM2-32G,Simulated Annealing,,"MCS_per_temperature=1, number_of_temperatures=100, schedule=logT"
50,1051831,-0.689459,0.7168277979,1,0.7168277979,NVIDIA Tesla V100-SXM2-32G,Simulated Annealing,,"MCS_per_temperature=1, number_of_temperatures=100, schedule=logT"
50,1051834,-0.700984,0.7128258228,1,0.7128258228,NVIDIA Tesla V100-SXM2-32G,Simulated Annealing,,"MCS_per_temperature=1, number_of_temperatures=100, schedule=logT"
50,1051837,-0.684162,0.71921947,1,0.71921947,NVIDIA Tesla V100-SXM2-32G,Simulated Annealing,,"MCS_per_temperature=1, number_of_temperatures=100, schedule=logT"
50,1051840,-0.692104,0.7155015469,1,0.7155015469,NVIDIA Tesla V100-SXM2-32G,Simulated Annealing,,"MCS_per_temperature=1, number_of_temperatures=100, schedule=logT"
50,1051843,-0.686882,0.719658637,1,0.719658637,NVIDIA Tesla V100-SXM2-32G,Simulated Annealing,,"MCS_per_temperature=1, number_of_temperatures=100, schedule=logT"
50,1051846,-0.683372,0.7150393009,1,0.7150393009,NVIDIA Tesla V100-SXM2-32G,Simulated Annealing,,"MCS_per_temperature=1, number_of_temperatures=100, schedule=logT"
50,1051849,-0.681337,0.7194832087,1,0.7194832087,NVIDIA Tesla V100-SXM2-32G,Simulated Annealing,,"MCS_per_temperature=1, number_of_temperatures=100, schedule=logT"
50,1051852,-0.698194,0.7152770519,1,0.7152770519,NVIDIA Tesla V100-SXM2-32G,Simulated Annealing,,"MCS_per_temperature=1, number_of_temperatures=100, schedule=logT"
50,1051855,-0.683810,0.7174083948,1,0.7174083948,NVIDIA Tesla V100-SXM2-32G,Simulated Annealing,,"MCS_per_temperature=1, number_of_temperatures=100, schedule=logT"
50,1051858,-0.677455,0.723516798,1,0.723516798,NVIDIA Tesla V100-SXM2-32G,Simulated Annealing,,"MCS_per_temperature=1, number_of_temperatures=100, schedule=logT"
50,1051861,-0.688808,0.714648819,1,0.714648819,NVIDIA Tesla V100-SXM2-32G,Simulated Annealing,,"MCS_per_temperature=1, number_of_temperatures=100, schedule=logT"
50,1051864,-0.713219,0.7202831745,1,0.7202831745,NVIDIA Tesla V100-SXM2-32G,Simulated Annealing,,"MCS_per_temperature=1, number_of_temperatures=100, schedule=logT"
50,1051867,-0.690063,0.7161441565,1,0.7161441565,NVIDIA Tesla V100-SXM2-32G,Simulated Annealing,,"MCS_per_temperature=1, number_of_temperatures=100, schedule=logT"
50,1051870,-0.712848,0.7190569878,1,0.7190569878,NVIDIA Tesla V100-SXM2-32G,Simulated Annealing,,"MCS_per_temperature=1, number_of_temperatures=100, schedule=logT"
50,1051873,-0.672815,0.7185921192,1,0.7185921192,NVIDIA Tesla V100-SXM2-32G,Simulated Annealing,,"MCS_per_temperature=1, number_of_temperatures=100, schedule=logT"
50,1051876,-0.708087,0.7158125639,1,0.7158125639,NVIDIA Tesla V100-SXM2-32G,Simulated Annealing,,"MCS_per_temperature=1, number_of_temperatures=100, schedule=logT"
50,1051879,-0.705568,0.7178592682,1,0.7178592682,NVIDIA Tesla V100-SXM2-32G,Simulated Annealing,,"MCS_per_temperature=1, number_of_temperatures=100, schedule=logT"
50,1051882,-0.688202,0.7252668381,1,0.7252668381,NVIDIA Tesla V100-SXM2-32G,Simulated Annealing,,"MCS_per_temperature=1, number_of_temperatures=100, schedule=logT"
50,1051885,-0.702925,0.7232162952,1,0.7232162952,NVIDIA Tesla V100-SXM2-32G,Simulated Annealing,,"MCS_per_temperature=1, number_of_temperatures=100, schedule=logT"
50,1051888,-0.716218,0.7192842245,1,0.7192842245,NVIDIA Tesla V100-SXM2-32G,Simulated Annealing,,"MCS_per_temperature=1, number_of_temperatures=100, schedule=logT"
50,1051891,-0.705624,0.7204050064,1,0.7204050064,NVIDIA Tesla V100-SXM2-32G,Simulated Annealing,,"MCS_per_temperature=1, number_of_temperatures=100, schedule=logT"
50,1051894,-0.683829,0.721525836,1,0.721525836,NVIDIA Tesla V100-SXM2-32G,Simulated Annealing,,"MCS_per_temperature=1, number_of_temperatures=100, schedule=logT"
50,1051897,-0.671948,0.7223483562,1,0.7223483562,NVIDIA Tesla V100-SXM2-32G,Simulated Annealing,,"MCS_per_temperature=1, number_of_temperatures=100, schedule=logT"
50,1051900,-0.725629,0.7201461077,1,0.7201461077,NVIDIA Tesla V100-SXM2-32G,Simulated Annealing,,"MCS_per_temperature=1, number_of_temperatures=100, schedule=logT"
50,1051903,-0.677841,0.7260527611,1,0.7260527611,NVIDIA Tesla V100-SXM2-32G,Simulated Annealing,,"MCS_per_temperature=1, number_of_temperatures=100, schedule=logT"
50,1051906,-0.667210,0.7217475653,1,0.7217475653,NVIDIA Tesla V100-SXM2-32G,Simulated Annealing,,"MCS_per_temperature=1, number_of_temperatures=100, schedule=logT"
50,1051909,-0.663877,0.7220620632,1,0.7220620632,NVIDIA Tesla V100-SXM2-32G,Simulated Annealing,,"MCS_per_temperature=1, number_of_temperatures=100, schedule=logT"
50,1051912,-0.677526,0.7184092522,1,0.7184092522,NVIDIA Tesla V100-SXM2-32G,Simulated Annealing,,"MCS_per_temperature=1, number_of_temperatures=100, schedule=logT"
50,1051915,-0.710762,0.7231174231,1,0.7231174231,NVIDIA Tesla V100-SXM2-32G,Simulated Annealing,,"MCS_per_temperature=1, number_of_temperatures=100, schedule=logT"
50,1051918,-0.743064,0.7267712831,1,0.7267712831,NVIDIA Tesla V100-SXM2-32G,Simulated Annealing,,"MCS_per_temperature=1, number_of_temperatures=100, schedule=logT"
50,1051921,-0.678413,0.7255232334,1,0.7255232334,NVIDIA Tesla V100-SXM2-32G,Simulated Annealing,,"MCS_per_temperature=1, number_of_temperatures=100, schedule=logT"
50,1051924,-0.666852,0.7210713387,1,0.7210713387,NVIDIA Tesla V100-SXM2-32G,Simulated Annealing,,"MCS_per_temperature=1, number_of_temperatures=100, schedule=logT"
50,1051927,-0.687217,0.7185269833,1,0.7185269833,NVIDIA Tesla V100-SXM2-32G,Simulated Annealing,,"MCS_per_temperature=1, number_of_temperatures=100, schedule=logT"
50,1051930,-0.669060,0.7230309248,1,0.7230309248,NVIDIA Tesla V100-SXM2-32G,Simulated Annealing,,"MCS_per_temperature=1, number_of_temperatures=100, schedule=logT"
50,1051933,-0.723643,0.7236215591,1,0.7236215591,NVIDIA Tesla V100-SXM2-32G,Simulated Annealing,,"MCS_per_temperature=1, number_of_temperatures=100, schedule=logT"
50,1051936,-0.662798,0.7243399382,1,0.7243399382,NVIDIA Tesla V100-SXM2-32G,Simulated Annealing,,"MCS_per_temperature=1, number_of_temperatures=100, schedule=logT"
50,1051939,-0.715042,0.7203920126,1,0.7203920126,NVIDIA Tesla V100-SXM2-32G,Simulated Annealing,,"MCS_per_temperature=1, number_of_temperatures=100, schedule=logT"
50,1051942,-0.758135,0.7182268143,1,0.7182268143,NVIDIA Tesla V100-SXM2-32G,Simulated Annealing,,"MCS_per_temperature=1, number_of_temperatures=100, schedule=logT"
50,1051945,-0.704665,0.7266017437,1,0.7266017437,NVIDIA Tesla V100-SXM2-32G,Simulated Annealing,,"MCS_per_temperature=1, number_of_temperatures=100, schedule=logT"
50,1051948,-0.703838,0.7217078924,1,0.7217078924,NVIDIA Tesla V100-SXM2-32G,Simulated Annealing,,"MCS_per_temperature=1, number_of_temperatures=100, schedule=logT"
50,1051951,-0.698742,0.7238266945,1,0.7238266945,NVIDIA Tesla V100-SXM2-32G,Simulated Annealing,,"MCS_per_temperature=1, number_of_temperatures=100, schedule=logT"
50,1051954,-0.721656,0.7208060503,1,0.7208060503,NVIDIA Tesla V100-SXM2-32G,Simulated Annealing,,"MCS_per_temperature=1, number_of_temperatures=100, schedule=logT"
50,1051957,-0.742039,0.7181926489,1,0.7181926489,NVIDIA Tesla V100-SXM2-32G,Simulated Annealing,,"MCS_per_temperature=1, number_of_temperatures=100, schedule=logT"
50,1051960,-0.712028,0.722102952,1,0.722102952,NVIDIA Tesla V100-SXM2-32G,Simulated Annealing,,"MCS_per_temperature=1, number_of_temperatures=100, schedule=logT"
50,1051963,-0.686148,0.7183070898,1,0.7183070898,NVIDIA Tesla V100-SXM2-32G,Simulated Annealing,,"MCS_per_temperature=1, number_of_temperatures=100, schedule=logT"
50,1051966,-0.671336,0.7194842815,1,0.7194842815,NVIDIA Tesla V100-SXM2-32G,Simulated Annealing,,"MCS_per_temperature=1, number_of_temperatures=100, schedule=logT"
50,1051969,-0.712753,0.7151268244,1,0.7151268244,NVIDIA Tesla V100-SXM2-32G,Simulated Annealing,,"MCS_per_temperature=1, number_of_temperatures=100, schedule=logT"
50,1051972,-0.737961,0.7144768715,1,0.7144768715,NVIDIA Tesla V100-SXM2-32G,Simulated Annealing,,"MCS_per_temperature=1, number_of_temperatures=100, schedule=logT"
50,1051975,-0.861064,0.7015554905,1,0.7015554905,NVIDIA Tesla V100-SXM2-32G,Simulated Annealing,,"MCS_per_temperature=1, number_of_temperatures=100, schedule=logT"
50,1051978,-0.692546,0.7144480228,1,0.7144480228,NVIDIA Tesla V100-SXM2-32G,Simulated Annealing,,"MCS_per_temperature=1, number_of_temperatures=100, schedule=logT"
50,1051981,-0.698723,0.7177326918,1,0.7177326918,NVIDIA Tesla V100-SXM2-32G,Simulated Annealing,,"MCS_per_temperature=1, number_of_temperatures=100, schedule=logT"
50,1051984,-0.722066,0.7197946787,1,0.7197946787,NVIDIA Tesla V100-SXM2-32G,Simulated Annealing,,"MCS_per_temperature=1, number_of_temperatures=100, schedule=logT"
50,1051987,-0.746273,0.7102275133,1,0.7102275133,NVIDIA Tesla V100-SXM2-32G,Simulated Annealing,,"MCS_per_temperature=1, number_of_temperatures=100, schedule=logT"
50,1051990,-0.720642,0.7177492857,1,0.7177492857,NVIDIA Tesla V100-SXM2-32G,Simulated Annealing,,"MCS_per_temperature=1, number_of_temperatures=100, schedule=logT"
50,1051993,-0.752535,0.708772397,1,0.708772397,NVIDIA Tesla V100-SXM2-32G,Simulated Annealing,,"MCS_per_temperature=1, number_of_temperatures=100, schedule=logT"
50,1051996,-0.746680,0.7119787931,1,0.7119787931,NVIDIA Tesla V100-SXM2-32G,Simulated Annealing,,"MCS_per_temperature=1, number_of_temperatures=100, schedule=logT"
50,1051999,-0.733882,0.7153885603,1,0.7153885603,NVIDIA Tesla V100-SXM2-32G,Simulated Annealing,,"MCS_per_temperature=1, number_of_temperatures=100, schedule=logT"
50,1052002,-0.684776,0.7174654484,1,0.7174654484,NVIDIA Tesla V100-SXM2-32G,Simulated Annealing,,"MCS_per_temperature=1, number_of_temperatures=100, schedule=logT"
50,1052005,-0.723617,0.7086366415,1,0.7086366415,NVIDIA Tesla V100-SXM2-32G,Simulated Annealing,,"MCS_per_temperature=1, number_of_temperatures=100, schedule=logT"
50,1052008,-0.722599,0.7170901537,1,0.7170901537,NVIDIA Tesla V100-SXM2-32G,Simulated Annealing,,"MCS_per_temperature=1, number_of_temperatures=100, schedule=logT"
50,1052011,-0.707987,0.7183798075,1,0.7183798075,NVIDIA Tesla V100-SXM2-32G,Simulated Annealing,,"MCS_per_temperature=1, number_of_temperatures=100, schedule=logT"
50,1052014,-0.694690,0.7175918102,1,0.7175918102,NVIDIA Tesla V100-SXM2-32G,Simulated Annealing,,"MCS_per_temperature=1, number_of_temperatures=100, schedule=logT"
50,1052017,-0.708721,0.716467452,1,0.716467452,NVIDIA Tesla V100-SXM2-32G,Simulated Annealing,,"MCS_per_temperature=1, number_of_temperatures=100, schedule=logT"
50,1052020,-0.696717,0.7131667614,1,0.7131667614,NVIDIA Tesla V100-SXM2-32G,Simulated Annealing,,"MCS_per_temperature=1, number_of_temperatures=100, schedule=logT"
50,1052023,-0.711612,0.7197197199,1,0.7197197199,NVIDIA Tesla V100-SXM2-32G,Simulated Annealing,,"MCS_per_temperature=1, number_of_temperatures=100, schedule=logT"
50,1052026,-0.762827,0.7161865473,1,0.7161865473,NVIDIA Tesla V100-SXM2-32G,Simulated Annealing,,"MCS_per_temperature=1, number_of_temperatures=100, schedule=logT"
50,1052029,-0.686568,0.7169107437,1,0.7169107437,NVIDIA Tesla V100-SXM2-32G,Simulated Annealing,,"MCS_per_temperature=1, number_of_temperatures=100, schedule=logT"
100,1101732,-0.731463,1.04343226,1,1.04343226,NVIDIA Tesla V100-SXM2-32G,Simulated Annealing,,"MCS_per_temperature=1, number_of_temperatures=100, schedule=logT"
100,1101735,-0.760292,1.034386349,1,1.034386349,NVIDIA Tesla V100-SXM2-32G,Simulated Annealing,,"MCS_per_temperature=1, number_of_temperatures=100, schedule=logT"
100,1101738,-0.743551,1.05495801,1,1.05495801,NVIDIA Tesla V100-SXM2-32G,Simulated Annealing,,"MCS_per_temperature=1, number_of_temperatures=100, schedule=logT"
100,1101741,-0.752793,1.050892496,1,1.050892496,NVIDIA Tesla V100-SXM2-32G,Simulated Annealing,,"MCS_per_temperature=1, number_of_temperatures=100, schedule=logT"
100,1101744,-0.724495,1.039400077,1,1.039400077,NVIDIA Tesla V100-SXM2-32G,Simulated Annealing,,"MCS_per_temperature=1, number_of_temperatures=100, schedule=logT"
100,1101747,-0.691585,1.046159959,1,1.046159959,NVIDIA Tesla V100-SXM2-32G,Simulated Annealing,,"MCS_per_temperature=1, number_of_temperatures=100, schedule=logT"
100,1101750,-0.729122,1.046644855,1,1.046644855,NVIDIA Tesla V100-SXM2-32G,Simulated Annealing,,"MCS_per_temperature=1, number_of_temperatures=100, schedule=logT"
100,1101753,-0.701866,1.040871549,1,1.040871549,NVIDIA Tesla V100-SXM2-32G,Simulated Annealing,,"MCS_per_temperature=1, number_of_temperatures=100, schedule=logT"
100,1101756,-0.719600,1.053902769,1,1.053902769,NVIDIA Tesla V100-SXM2-32G,Simulated Annealing,,"MCS_per_temperature=1, number_of_temperatures=100, schedule=logT"
100,1101759,-0.738804,1.047845721,1,1.047845721,NVIDIA Tesla V100-SXM2-32G,Simulated Annealing,,"MCS_per_temperature=1, number_of_temperatures=100, schedule=logT"
100,1101762,-0.719522,1.047080421,1,1.047080421,NVIDIA Tesla V100-SXM2-32G,Simulated Annealing,,"MCS_per_temperature=1, number_of_temperatures=100, schedule=logT"
100,1101765,-0.743218,1.048893237,1,1.048893237,NVIDIA Tesla V100-SXM2-32G,Simulated Annealing,,"MCS_per_temperature=1, number_of_temperatures=100, schedule=logT"
100,1101768,-0.744955,1.037022209,1,1.037022209,NVIDIA Tesla V100-SXM2-32G,Simulated Annealing,,"MCS_per_temperature=1, number_of_temperatures=100, schedule=logT"
100,1101771,-0.727239,1.041543651,1,1.041543651,NVIDIA Tesla V100-SXM2-32G,Simulated Annealing,,"MCS_per_temperature=1, number_of_temperatures=100, schedule=logT"
100,1101774,-0.710759,1.041962147,1,1.041962147,NVIDIA Tesla V100-SXM2-32G,Simulated Annealing,,"MCS_per_temperature=1, number_of_temperatures=100, schedule=logT"
100,1101777,-0.729764,1.039718223,1,1.039718223,NVIDIA Tesla V100-SXM2-32G,Simulated Annealing,,"MCS_per_temperature=1, number_of_temperatures=100, schedule=logT"
100,1101780,-0.742680,1.044492698,1,1.044492698,NVIDIA Tesla V100-SXM2-32G,Simulated Annealing,,"MCS_per_temperature=1, number_of_temperatures=100, schedule=logT"
100,1101783,-0.706629,1.048824573,1,1.048824573,NVIDIA Tesla V100-SXM2-32G,Simulated Annealing,,"MCS_per_temperature=1, number_of_temperatures=100, schedule=logT"
100,1101786,-0.753158,1.046441507,1,1.046441507,NVIDIA Tesla V100-SXM2-32G,Simulated Annealing,,"MCS_per_temperature=1, number_of_temperatures=100, schedule=logT"
100,1101789,-0.733060,1.04369061,1,1.04369061,NVIDIA Tesla V100-SXM2-32G,Simulated Annealing,,"MCS_per_temperature=1, number_of_temperatures=100, schedule=logT"
100,1101792,-0.730915,1.051559091,1,1.051559091,NVIDIA Tesla V100-SXM2-32G,Simulated Annealing,,"MCS_per_temperature=1, number_of_temperatures=100, schedule=logT"
100,1101795,-0.728064,1.045322156,1,1.045322156,NVIDIA Tesla V100-SXM2-32G,Simulated Annealing,,"MCS_per_temperature=1, number_of_temperatures=100, schedule=logT"
100,1101798,-0.721073,1.045281315,1,1.045281315,NVIDIA Tesla V100-SXM2-32G,Simulated Annealing,,"MCS_per_temperature=1, number_of_temperatures=100, schedule=logT"
100,1101801,-0.779590,1.031077862,1,1.031077862,NVIDIA Tesla V100-SXM2-32G,Simulated Annealing,,"MCS_per_temperature=1, number_of_temperatures=100, schedule=logT"
100,1101804,-0.747487,1.040643573,1,1.040643573,NVIDIA Tesla V100-SXM2-32G,Simulated Annealing,,"MCS_per_temperature=1, number_of_temperatures=100, schedule=logT"
100,1101807,-0.736352,1.038428164,1,1.038428164,NVIDIA Tesla V100-SXM2-32G,Simulated Annealing,,"MCS_per_temperature=1, number_of_temperatures=100, schedule=logT"
100,1101810,-0.723233,1.038951206,1,1.038951206,NVIDIA Tesla V100-SXM2-32G,Simulated Annealing,,"MCS_per_temperature=1, number_of_temperatures=100, schedule=logT"
100,1101813,-0.727692,1.065976334,1,1.065976334,NVIDIA Tesla V100-SXM2-32G,Simulated Annealing,,"MCS_per_temperature=1, number_of_temperatures=100, schedule=logT"
100,1101816,-0.701203,1.045202994,1,1.045202994,NVIDIA Tesla V100-SXM2-32G,Simulated Annealing,,"MCS_per_temperature=1, number_of_temperatures=100, schedule=logT"
100,1101819,-0.739439,1.034096885,1,1.034096885,NVIDIA Tesla V100-SXM2-32G,Simulated Annealing,,"MCS_per_temperature=1, number_of_temperatures=100, schedule=logT"
100,1101822,-0.749001,1.046109343,1,1.046109343,NVIDIA Tesla V100-SXM2-32G,Simulated Annealing,,"MCS_per_temperature=1, number_of_temperatures=100, schedule=logT"
100,1101825,-0.720500,1.045260167,1,1.045260167,NVIDIA Tesla V100-SXM2-32G,Simulated Annealing,,"MCS_per_temperature=1, number_of_temperatures=100, schedule=logT"
100,1101828,-0.713972,1.045647001,1,1.045647001,NVIDIA Tesla V100-SXM2-32G,Simulated Annealing,,"MCS_per_temperature=1, number_of_temperatures=100, schedule=logT"
100,1101831,-0.737906,1.040115976,1,1.040115976,NVIDIA Tesla V100-SXM2-32G,Simulated Annealing,,"MCS_per_temperature=1, number_of_temperatures=100, schedule=logT"
100,1101834,-0.729491,1.04053731,1,1.04053731,NVIDIA Tesla V100-SXM2-32G,Simulated Annealing,,"MCS_per_temperature=1, number_of_temperatures=100, schedule=logT"
100,1101837,-0.717157,1.038024616,1,1.038024616,NVIDIA Tesla V100-SXM2-32G,Simulated Annealing,,"MCS_per_temperature=1, number_of_temperatures=100, schedule=logT"
100,1101840,-0.693537,1.044186783,1,1.044186783,NVIDIA Tesla V100-SXM2-32G,Simulated Annealing,,"MCS_per_temperature=1, number_of_temperatures=100, schedule=logT"
100,1101843,-0.723706,1.04728961,1,1.04728961,NVIDIA Tesla V100-SXM2-32G,Simulated Annealing,,"MCS_per_temperature=1, number_of_temperatures=100, schedule=logT"
100,1101846,-0.714790,1.047290325,1,1.047290325,NVIDIA Tesla V100-SXM2-32G,Simulated Annealing,,"MCS_per_temperature=1, number_of_temperatures=100, schedule=logT"
100,1101849,-0.747626,1.045874786,1,1.045874786,NVIDIA Tesla V100-SXM2-32G,Simulated Annealing,,"MCS_per_temperature=1, number_of_temperatures=100, schedule=logT"
100,1101852,-0.744525,1.038767457,1,1.038767457,NVIDIA Tesla V100-SXM2-32G,Simulated Annealing,,"MCS_per_temperature=1, number_of_temperatures=100, schedule=logT"
100,1101855,-0.794193,1.031501031,1,1.031501031,NVIDIA Tesla V100-SXM2-32G,Simulated Annealing,,"MCS_per_temperature=1, number_of_temperatures=100, schedule=logT"
100,1101858,-0.732309,1.059187889,1,1.059187889,NVIDIA Tesla V100-SXM2-32G,Simulated Annealing,,"MCS_per_temperature=1, number_of_temperatures=100, schedule=logT"
100,1101861,-0.717941,1.049376583,1,1.049376583,NVIDIA Tesla V100-SXM2-32G,Simulated Annealing,,"MCS_per_temperature=1, number_of_temperatures=100, schedule=logT"
100,1101864,-0.716514,1.046902394,1,1.046902394,NVIDIA Tesla V100-SXM2-32G,Simulated Annealing,,"MCS_per_temperature=1, number_of_temperatures=100, schedule=logT"
100,1101867,-0.761507,1.051472497,1,1.051472497,NVIDIA Tesla V100-SXM2-32G,Simulated Annealing,,"MCS_per_temperature=1, number_of_temperatures=100, schedule=logT"
100,1101870,-0.716272,1.05123291,1,1.05123291,NVIDIA Tesla V100-SXM2-32G,Simulated Annealing,,"MCS_per_temperature=1, number_of_temperatures=100, schedule=logT"
100,1101873,-0.722777,1.045339298,1,1.045339298,NVIDIA Tesla V100-SXM2-32G,Simulated Annealing,,"MCS_per_temperature=1, number_of_temperatures=100, schedule=logT"
100,1101876,-0.718362,1.04758296,1,1.04758296,NVIDIA Tesla V100-SXM2-32G,Simulated Annealing,,"MCS_per_temperature=1, number_of_temperatures=100, schedule=logT"
100,1101879,-0.713199,1.037259126,1,1.037259126,NVIDIA Tesla V100-SXM2-32G,Simulated Annealing,,"MCS_per_temperature=1, number_of_temperatures=100, schedule=logT"
100,1101882,-0.722671,1.05381825,1,1.05381825,NVIDIA Tesla V100-SXM2-32G,Simulated Annealing,,"MCS_per_temperature=1, number_of_temperatures=100, schedule=logT"
100,1101885,-0.725823,1.050013494,1,1.050013494,NVIDIA Tesla V100-SXM2-32G,Simulated Annealing,,"MCS_per_temperature=1, number_of_temperatures=100, schedule=logT"
100,1101888,-0.723548,1.045553136,1,1.045553136,NVIDIA Tesla V100-SXM2-32G,Simulated Annealing,,"MCS_per_temperature=1, number_of_temperatures=100, schedule=logT"
100,1101891,-0.739408,1.042463541,1,1.042463541,NVIDIA Tesla V100-SXM2-32G,Simulated Annealing,,"MCS_per_temperature=1, number_of_temperatures=100, schedule=logT"
100,1101894,-0.719771,1.051765299,1,1.051765299,NVIDIA Tesla V100-SXM2-32G,Simulated Annealing,,"MCS_per_temperature=1, number_of_temperatures=100, schedule=logT"
100,1101897,-0.712138,1.047564769,1,1.047564769,NVIDIA Tesla V100-SXM2-32G,Simulated Annealing,,"MCS_per_temperature=1, number_of_temperatures=100, schedule=logT"
100,1101900,-0.732188,1.049164939,1,1.049164939,NVIDIA Tesla V100-SXM2-32G,Simulated Annealing,,"MCS_per_temperature=1, number_of_temperatures=100, schedule=logT"
100,1101903,-0.737174,1.040010834,1,1.040010834,NVIDIA Tesla V100-SXM2-32G,Simulated Annealing,,"MCS_per_temperature=1, number_of_temperatures=100, schedule=logT"
100,1101906,-0.717022,1.057781768,1,1.057781768,NVIDIA Tesla V100-SXM2-32G,Simulated Annealing,,"MCS_per_temperature=1, number_of_temperatures=100, schedule=logT"
100,1101909,-0.727777,1.047990823,1,1.047990823,NVIDIA Tesla V100-SXM2-32G,Simulated Annealing,,"MCS_per_temperature=1, number_of_temperatures=100, schedule=logT"
100,1101912,-0.717226,1.050086761,1,1.050086761,NVIDIA Tesla V100-SXM2-32G,Simulated Annealing,,"MCS_per_temperature=1, number_of_temperatures=100, schedule=logT"
100,1101915,-0.721544,1.047987652,1,1.047987652,NVIDIA Tesla V100-SXM2-32G,Simulated Annealing,,"MCS_per_temperature=1, number_of_temperatures=100, schedule=logT"
100,1101918,-0.700196,1.049900603,1,1.049900603,NVIDIA Tesla V100-SXM2-32G,Simulated Annealing,,"MCS_per_temperature=1, number_of_temperatures=100, schedule=logT"
100,1101921,-0.714126,1.0446913,1,1.0446913,NVIDIA Tesla V100-SXM2-32G,Simulated Annealing,,"MCS_per_temperature=1, number_of_temperatures=100, schedule=logT"
100,1101924,-0.718876,1.052830672,1,1.052830672,NVIDIA Tesla V100-SXM2-32G,Simulated Annealing,,"MCS_per_temperature=1, number_of_temperatures=100, schedule=logT"
100,1101927,-0.713468,1.042106891,1,1.042106891,NVIDIA Tesla V100-SXM2-32G,Simulated Annealing,,"MCS_per_temperature=1, number_of_temperatures=100, schedule=logT"
100,1101930,-0.736016,1.049025512,1,1.049025512,NVIDIA Tesla V100-SXM2-32G,Simulated Annealing,,"MCS_per_temperature=1, number_of_temperatures=100, schedule=logT"
100,1101933,-0.731366,1.046780229,1,1.046780229,NVIDIA Tesla V100-SXM2-32G,Simulated Annealing,,"MCS_per_temperature=1, number_of_temperatures=100, schedule=logT"
100,1101936,-0.719815,1.050357509,1,1.050357509,NVIDIA Tesla V100-SXM2-32G,Simulated Annealing,,"MCS_per_temperature=1, number_of_temperatures=100, schedule=logT"
100,1101939,-0.717198,1.045194125,1,1.045194125,NVIDIA Tesla V100-SXM2-32G,Simulated Annealing,,"MCS_per_temperature=1, number_of_temperatures=100, schedule=logT"
100,1101942,-0.729520,1.050493836,1,1.050493836,NVIDIA Tesla V100-SXM2-32G,Simulated Annealing,,"MCS_per_temperature=1, number_of_temperatures=100, schedule=logT"
100,1101945,-0.709683,1.042818022,1,1.042818022,NVIDIA Tesla V100-SXM2-32G,Simulated Annealing,,"MCS_per_temperature=1, number_of_temperatures=100, schedule=logT"
100,1101948,-0.713934,1.045219874,1,1.045219874,NVIDIA Tesla V100-SXM2-32G,Simulated Annealing,,"MCS_per_temperature=1, number_of_temperatures=100, schedule=logT"
100,1101951,-0.711873,1.054537368,1,1.054537368,NVIDIA Tesla V100-SXM2-32G,Simulated Annealing,,"MCS_per_temperature=1, number_of_temperatures=100, schedule=logT"
100,1101954,-0.773536,1.040895224,1,1.040895224,NVIDIA Tesla V100-SXM2-32G,Simulated Annealing,,"MCS_per_temperature=1, number_of_temperatures=100, schedule=logT"
100,1101957,-0.697146,1.045526123,1,1.045526123,NVIDIA Tesla V100-SXM2-32G,Simulated Annealing,,"MCS_per_temperature=1, number_of_temperatures=100, schedule=logT"
100,1101960,-0.744489,1.040487671,1,1.040487671,NVIDIA Tesla V100-SXM2-32G,Simulated Annealing,,"MCS_per_temperature=1, number_of_temperatures=100, schedule=logT"
100,1101963,-0.711362,1.045246696,1,1.045246696,NVIDIA Tesla V100-SXM2-32G,Simulated Annealing,,"MCS_per_temperature=1, number_of_temperatures=100, schedule=logT"
100,1101966,-0.732542,1.040349722,1,1.040349722,NVIDIA Tesla V100-SXM2-32G,Simulated Annealing,,"MCS_per_temperature=1, number_of_temperatures=100, schedule=logT"
100,1101969,-0.744768,1.040536857,1,1.040536857,NVIDIA Tesla V100-SXM2-32G,Simulated Annealing,,"MCS_per_temperature=1, number_of_temperatures=100, schedule=logT"
100,1101972,-0.739857,1.044517899,1,1.044517899,NVIDIA Tesla V100-SXM2-32G,Simulated Annealing,,"MCS_per_temperature=1, number_of_temperatures=100, schedule=logT"
100,1101975,-0.732964,1.036012101,1,1.036012101,NVIDIA Tesla V100-SXM2-32G,Simulated Annealing,,"MCS_per_temperature=1, number_of_temperatures=100, schedule=logT"
100,1101978,-0.751628,1.052961349,1,1.052961349,NVIDIA Tesla V100-SXM2-32G,Simulated Annealing,,"MCS_per_temperature=1, number_of_temperatures=100, schedule=logT"
100,1101981,-0.711137,1.047014856,1,1.047014856,NVIDIA Tesla V100-SXM2-32G,Simulated Annealing,,"MCS_per_temperature=1, number_of_temperatures=100, schedule=logT"
100,1101984,-0.718403,1.043798995,1,1.043798995,NVIDIA Tesla V100-SXM2-32G,Simulated Annealing,,"MCS_per_temperature=1, number_of_temperatures=100, schedule=logT"
100,1101987,-0.761079,1.038865924,1,1.038865924,NVIDIA Tesla V100-SXM2-32G,Simulated Annealing,,"MCS_per_temperature=1, number_of_temperatures=100, schedule=logT"
100,1101990,-0.766396,1.034536386,1,1.034536386,NVIDIA Tesla V100-SXM2-32G,Simulated Annealing,,"MCS_per_temperature=1, number_of_temperatures=100, schedule=logT"
100,1101993,-0.738247,1.03853538,1,1.03853538,NVIDIA Tesla V100-SXM2-32G,Simulated Annealing,,"MCS_per_temperature=1, number_of_temperatures=100, schedule=logT"
100,1101996,-0.739563,1.047212601,1,1.047212601,NVIDIA Tesla V100-SXM2-32G,Simulated Annealing,,"MCS_per_temperature=1, number_of_temperatures=100, schedule=logT"
100,1101999,-0.711776,1.042781663,1,1.042781663,NVIDIA Tesla V100-SXM2-32G,Simulated Annealing,,"MCS_per_temperature=1, number_of_temperatures=100, schedule=logT"
100,1102002,-0.701959,1.052007818,1,1.052007818,NVIDIA Tesla V100-SXM2-32G,Simulated Annealing,,"MCS_per_temperature=1, number_of_temperatures=100, schedule=logT"
100,1102005,-0.715154,1.044839525,1,1.044839525,NVIDIA Tesla V100-SXM2-32G,Simulated Annealing,,"MCS_per_temperature=1, number_of_temperatures=100, schedule=logT"
100,1102008,-0.723472,1.045882821,1,1.045882821,NVIDIA Tesla V100-SXM2-32G,Simulated Annealing,,"MCS_per_temperature=1, number_of_temperatures=100, schedule=logT"
100,1102011,-0.724897,1.053604245,1,1.053604245,NVIDIA Tesla V100-SXM2-32G,Simulated Annealing,,"MCS_per_temperature=1, number_of_temperatures=100, schedule=logT"
100,1102014,-0.738893,1.050503516,1,1.050503516,NVIDIA Tesla V100-SXM2-32G,Simulated Annealing,,"MCS_per_temperature=1, number_of_temperatures=100, schedule=logT"
100,1102017,-0.698558,1.048539448,1,1.048539448,NVIDIA Tesla V100-SXM2-32G,Simulated Annealing,,"MCS_per_temperature=1, number_of_temperatures=100, schedule=logT"
100,1102020,-0.687226,1.053856754,1,1.053856754,NVIDIA Tesla V100-SXM2-32G,Simulated Annealing,,"MCS_per_temperature=1, number_of_temperatures=100, schedule=logT"
100,1102023,-0.738345,1.052830696,1,1.052830696,NVIDIA Tesla V100-SXM2-32G,Simulated Annealing,,"MCS_per_temperature=1, number_of_temperatures=100, schedule=logT"
100,1102026,-0.730657,1.042099118,1,1.042099118,NVIDIA Tesla V100-SXM2-32G,Simulated Annealing,,"MCS_per_temperature=1, number_of_temperatures=100, schedule=logT"
100,1102029,-0.729473,1.045153069,1,1.045153069,NVIDIA Tesla V100-SXM2-32G,Simulated Annealing,,"MCS_per_temperature=1, number_of_temperatures=100, schedule=logT"
200,1201732,-0.736522,1.8208359,1,1.8208359,NVIDIA Tesla V100-SXM2-32G,Simulated Annealing,,"MCS_per_temperature=1, number_of_temperatures=100, schedule=logT"
200,1201735,-0.752352,1.825758004,1,1.825758004,NVIDIA Tesla V100-SXM2-32G,Simulated Annealing,,"MCS_per_temperature=1, number_of_temperatures=100, schedule=logT"
200,1201738,-0.744616,1.810814071,1,1.810814071,NVIDIA Tesla V100-SXM2-32G,Simulated Annealing,,"MCS_per_temperature=1, number_of_temperatures=100, schedule=logT"
200,1201741,-0.751441,1.829897618,1,1.829897618,NVIDIA Tesla V100-SXM2-32G,Simulated Annealing,,"MCS_per_temperature=1, number_of_temperatures=100, schedule=logT"
200,1201744,-0.758601,1.833194995,1,1.833194995,NVIDIA Tesla V100-SXM2-32G,Simulated Annealing,,"MCS_per_temperature=1, number_of_temperatures=100, schedule=logT"
200,1201747,-0.738297,1.811922574,1,1.811922574,NVIDIA Tesla V100-SXM2-32G,Simulated Annealing,,"MCS_per_temperature=1, number_of_temperatures=100, schedule=logT"
200,1201750,-0.740937,1.817750835,1,1.817750835,NVIDIA Tesla V100-SXM2-32G,Simulated Annealing,,"MCS_per_temperature=1, number_of_temperatures=100, schedule=logT"
200,1201753,-0.765756,1.857299685,1,1.857299685,NVIDIA Tesla V100-SXM2-32G,Simulated Annealing,,"MCS_per_temperature=1, number_of_temperatures=100, schedule=logT"
200,1201756,-0.752221,1.816741204,1,1.816741204,NVIDIA Tesla V100-SXM2-32G,Simulated Annealing,,"MCS_per_temperature=1, number_of_temperatures=100, schedule=logT"
200,1201759,-0.749979,1.835751104,1,1.835751104,NVIDIA Tesla V100-SXM2-32G,Simulated Annealing,,"MCS_per_temperature=1, number_of_temperatures=100, schedule=logT"
200,1201762,-0.738356,1.8111902,1,1.8111902,NVIDIA Tesla V100-SXM2-32G,Simulated Annealing,,"MCS_per_temperature=1, number_of_temperatures=100, schedule=logT"
200,1201765,-0.729230,1.819380116,1,1.819380116,NVIDIA Tesla V100-SXM2-32G,Simulated Annealing,,"MCS_per_temperature=1, number_of_temperatures=100, schedule=logT"
200,1201768,-0.726671,1.808743024,1,1.808743024,NVIDIA Tesla V100-SXM2-32G,Simulated Annealing,,"MCS_per_temperature=1, number_of_temperatures=100, schedule=logT"
200,1201771,-0.740429,1.828584766,1,1.828584766,NVIDIA Tesla V100-SXM2-32G,Simulated Annealing,,"MCS_per_temperature=1, number_of_temperatures=100, schedule=logT"
200,1201774,-0.742038,1.828467655,1,1.828467655,NVIDIA Tesla V100-SXM2-32G,Simulated Annealing,,"MCS_per_temperature=1, number_of_temperatures=100, schedule=logT"
200,1201777,-0.743682,1.818816566,1,1.818816566,NVIDIA Tesla V100-SXM2-32G,Simulated Annealing,,"MCS_per_temperature=1, number_of_temperatures=100, schedule=logT"
200,1201780,-0.757792,1.835428286,1,1.835428286,NVIDIA Tesla V100-SXM2-32G,Simulated Annealing,,"MCS_per_temperature=1, number_of_temperatures=100, schedule=logT"
200,1201783,-0.724741,1.822521162,1,1.822521162,NVIDIA Tesla V100-SXM2-32G,Simulated Annealing,,"MCS_per_temperature=1, number_of_temperatures=100, schedule=logT"
200,1201786,-0.723742,1.81001029,1,1.81001029,NVIDIA Tesla V100-SXM2-32G,Simulated Annealing,,"MCS_per_temperature=1, number_of_temperatures=100, schedule=logT"
200,1201789,-0.755843,1.828184748,1,1.828184748,NVIDIA Tesla V100-SXM2-32G,Simulated Annealing,,"MCS_per_temperature=1, number_of_temperatures=100, schedule=logT"
200,1201792,-0.730800,1.820810843,1,1.820810843,NVIDIA Tesla V100-SXM2-32G,Simulated Annealing,,"MCS_per_temperature=1, number_of_temperatures=100, schedule=logT"
200,1201795,-0.754258,1.814539671,1,1.814539671,NVIDIA Tesla V100-SXM2-32G,Simulated Annealing,,"MCS_per_temperature=1, number_of_temperatures=100, schedule=logT"
200,1201798,-0.742141,1.816757393,1,1.816757393,NVIDIA Tesla V100-SXM2-32G,Simulated Annealing,,"MCS_per_temperature=1, number_of_temperatures=100, schedule=logT"
200,1201801,-0.752055,1.824335623,1,1.824335623,NVIDIA Tesla V100-SXM2-32G,Simulated Annealing,,"MCS_per_temperature=1, number_of_temperatures=100, schedule=logT"
200,1201804,-0.719622,1.814229608,1,1.814229608,NVIDIA Tesla V100-SXM2-32G,Simulated Annealing,,"MCS_per_temperature=1, number_of_temperatures=100, schedule=logT"
200,1201807,-0.740271,1.823637342,1,1.823637342,NVIDIA Tesla V100-SXM2-32G,Simulated Annealing,,"MCS_per_temperature=1, number_of_temperatures=100, schedule=logT"
200,1201810,-0.744093,1.822276235,1,1.822276235,NVIDIA Tesla V100-SXM2-32G,Simulated Annealing,,"MCS_per_temperature=1, number_of_temperatures=100, schedule=logT"
200,1201813,-0.745578,1.816508698,1,1.816508698,NVIDIA Tesla V100-SXM2-32G,Simulated Annealing,,"MCS_per_temperature=1, number_of_temperatures=100, schedule=logT"
200,1201816,-0.731314,1.824803686,1,1.824803686,NVIDIA Tesla V100-SXM2-32G,Simulated Annealing,,"MCS_per_temperature=1, number_of_temperatures=100, schedule=logT"
200,1201819,-0.739830,1.82282114,1,1.82282114,NVIDIA Tesla V100-SXM2-32G,Simulated Annealing,,"MCS_per_temperature=1, number_of_temperatures=100, schedule=logT"
200,1201822,-0.725311,1.82627809,1,1.82627809,NVIDIA Tesla V100-SXM2-32G,Simulated Annealing,,"MCS_per_temperature=1, number_of_temperatures=100, schedule=logT"
200,1201825,-0.757817,1.811349702,1,1.811349702,NVIDIA Tesla V100-SXM2-32G,Simulated Annealing,,"MCS_per_temperature=1, number_of_temperatures=100, schedule=logT"
200,1201828,-0.742735,1.830326152,1,1.830326152,NVIDIA Tesla V100-SXM2-32G,Simulated Annealing,,"MCS_per_temperature=1, number_of_temperatures=100, schedule=logT"
200,1201831,-0.754137,1.817802286,1,1.817802286,NVIDIA Tesla V100-SXM2-32G,Simulated Annealing,,"MCS_per_temperature=1, number_of_temperatures=100, schedule=logT"
200,1201834,-0.739004,1.835449386,1,1.835449386,NVIDIA Tesla V100-SXM2-32G,Simulated Annealing,,"MCS_per_temperature=1, number_of_temperatures=100, schedule=logT"
200,1201837,-0.755643,1.820304632,1,1.820304632,NVIDIA Tesla V100-SXM2-32G,Simulated Annealing,,"MCS_per_temperature=1, number_of_temperatures=100, schedule=logT"
200,1201840,-0.744032,1.833644557,1,1.833644557,NVIDIA Tesla V100-SXM2-32G,Simulated Annealing,,"MCS_per_temperature=1, number_of_temperatures=100, schedule=logT"
200,1201843,-0.727460,1.80813427,1,1.80813427,NVIDIA Tesla V100-SXM2-32G,Simulated Annealing,,"MCS_per_temperature=1, number_of_temperatures=100, schedule=logT"
200,1201846,-0.729343,1.82630527,1,1.82630527,NVIDIA Tesla V100-SXM2-32G,Simulated Annealing,,"MCS_per_temperature=1, number_of_temperatures=100, schedule=logT"
200,1201849,-0.759116,1.823986077,1,1.823986077,NVIDIA Tesla V100-SXM2-32G,Simulated Annealing,,"MCS_per_temperature=1, number_of_temperatures=100, schedule=logT"
200,1201852,-0.713844,1.83155899,1,1.83155899,NVIDIA Tesla V100-SXM2-32G,Simulated Annealing,,"MCS_per_temperature=1, number_of_temperatures=100, schedule=logT"
200,1201855,-0.735121,1.810229993,1,1.810229993,NVIDIA Tesla V100-SXM2-32G,Simulated Annealing,,"MCS_per_temperature=1, number_of_temperatures=100, schedule=logT"
200,1201858,-0.737462,1.823024917,1,1.823024917,NVIDIA Tesla V100-SXM2-32G,Simulated Annealing,,"MCS_per_temperature=1, number_of_temperatures=100, schedule=logT"
200,1201861,-0.753073,1.827186584,1,1.827186584,NVIDIA Tesla V100-SXM2-32G,Simulated Annealing,,"MCS_per_temperature=1, number_of_temperatures=100, schedule=logT"
200,1201864,-0.758906,1.841710067,1,1.841710067,NVIDIA Tesla V100-SXM2-32G,Simulated Annealing,,"MCS_per_temperature=1, number_of_temperatures=100, schedule=logT"
200,1201867,-0.729322,1.848534036,1,1.848534036,NVIDIA Tesla V100-SXM2-32G,Simulated Annealing,,"MCS_per_temperature=1, number_of_temperatures=100, schedule=logT"
200,1201870,-0.728262,1.815954328,1,1.815954328,NVIDIA Tesla V100-SXM2-32G,Simulated Annealing,,"MCS_per_temperature=1, number_of_temperatures=100, schedule=logT"
200,1201873,-0.750260,1.839832258,1,1.839832258,NVIDIA Tesla V100-SXM2-32G,Simulated Annealing,,"MCS_per_temperature=1, number_of_temperatures=100, schedule=logT"
200,1201876,-0.740049,1.819275212,1,1.819275212,NVIDIA Tesla V100-SXM2-32G,Simulated Annealing,,"MCS_per_temperature=1, number_of_temperatures=100, schedule=logT"
200,1201879,-0.748392,1.823865867,1,1.823865867,NVIDIA Tesla V100-SXM2-32G,Simulated Annealing,,"MCS_per_temperature=1, number_of_temperatures=100, schedule=logT"
200,1201882,-0.737235,1.813537979,1,1.813537979,NVIDIA Tesla V100-SXM2-32G,Simulated Annealing,,"MCS_per_temperature=1, number_of_temperatures=100, schedule=logT"
200,1201885,-0.741240,1.823116136,1,1.823116136,NVIDIA Tesla V100-SXM2-32G,Simulated Annealing,,"MCS_per_temperature=1, number_of_temperatures=100, schedule=logT"
200,1201888,-0.745954,1.850674915,1,1.850674915,NVIDIA Tesla V100-SXM2-32G,Simulated Annealing,,"MCS_per_temperature=1, number_of_temperatures=100, schedule=logT"
200,1201891,-0.738878,1.811608362,1,1.811608362,NVIDIA Tesla V100-SXM2-32G,Simulated Annealing,,"MCS_per_temperature=1, number_of_temperatures=100, schedule=logT"
200,1201894,-0.729804,1.810391879,1,1.810391879,NVIDIA Tesla V100-SXM2-32G,Simulated Annealing,,"MCS_per_temperature=1, number_of_temperatures=100, schedule=logT"
200,1201897,-0.721236,1.835922122,1,1.835922122,NVIDIA Tesla V100-SXM2-32G,Simulated Annealing,,"MCS_per_temperature=1, number_of_temperatures=100, schedule=logT"
200,1201900,-0.738590,1.824320722,1,1.824320722,NVIDIA Tesla V100-SXM2-32G,Simulated Annealing,,"MCS_per_temperature=1, number_of_temperatures=100, schedule=logT"
200,1201903,-0.738158,1.815581751,1,1.815581751,NVIDIA Tesla V100-SXM2-32G,Simulated Annealing,,"MCS_per_temperature=1, number_of_temperatures=100, schedule=logT"
200,1201906,-0.725397,1.81873014,1,1.81873014,NVIDIA Tesla V100-SXM2-32G,Simulated Annealing,,"MCS_per_temperature=1, number_of_temperatures=100, schedule=logT"
200,1201909,-0.727779,1.813921642,1,1.813921642,NVIDIA Tesla V100-SXM2-32G,Simulated Annealing,,"MCS_per_temperature=1, number_of_temperatures=100, schedule=logT"
200,1201912,-0.735361,1.812749052,1,1.812749052,NVIDIA Tesla V100-SXM2-32G,Simulated Annealing,,"MCS_per_temperature=1, number_of_temperatures=100, schedule=logT"
200,1201915,-0.741483,1.82697804,1,1.82697804,NVIDIA Tesla V100-SXM2-32G,Simulated Annealing,,"MCS_per_temperature=1, number_of_temperatures=100, schedule=logT"
200,1201918,-0.746186,1.812963319,1,1.812963319,NVIDIA Tesla V100-SXM2-32G,Simulated Annealing,,"MCS_per_temperature=1, number_of_temperatures=100, schedule=logT"
200,1201921,-0.743271,1.836274385,1,1.836274385,NVIDIA Tesla V100-SXM2-32G,Simulated Annealing,,"MCS_per_temperature=1, number_of_temperatures=100, schedule=logT"
200,1201924,-0.730365,1.826715779,1,1.826715779,NVIDIA Tesla V100-SXM2-32G,Simulated Annealing,,"MCS_per_temperature=1, number_of_temperatures=100, schedule=logT"
200,1201927,-0.736923,1.810814166,1,1.810814166,NVIDIA Tesla V100-SXM2-32G,Simulated Annealing,,"MCS_per_temperature=1, number_of_temperatures=100, schedule=logT"
200,1201930,-0.746982,1.812207365,1,1.812207365,NVIDIA Tesla V100-SXM2-32G,Simulated Annealing,,"MCS_per_temperature=1, number_of_temperatures=100, schedule=logT"
200,1201933,-0.738263,1.810574579,1,1.810574579,NVIDIA Tesla V100-SXM2-32G,Simulated Annealing,,"MCS_per_temperature=1, number_of_temperatures=100, schedule=logT"
200,1201936,-0.740186,1.834811234,1,1.834811234,NVIDIA Tesla V100-SXM2-32G,Simulated Annealing,,"MCS_per_temperature=1, number_of_temperatures=100, schedule=logT"
200,1201939,-0.734611,1.805859971,1,1.805859971,NVIDIA Tesla V100-SXM2-32G,Simulated Annealing,,"MCS_per_temperature=1, number_of_temperatures=100, schedule=logT"
200,1201942,-0.735226,1.835146093,1,1.835146093,NVIDIA Tesla V100-SXM2-32G,Simulated Annealing,,"MCS_per_temperature=1, number_of_temperatures=100, schedule=logT"
200,1201945,-0.736444,1.825854254,1,1.825854254,NVIDIA Tesla V100-SXM2-32G,Simulated Annealing,,"MCS_per_temperature=1, number_of_temperatures=100, schedule=logT"
200,1201948,-0.734839,1.81998384,1,1.81998384,NVIDIA Tesla V100-SXM2-32G,Simulated Annealing,,"MCS_per_temperature=1, number_of_temperatures=100, schedule=logT"
200,1201951,-0.748692,1.824569082,1,1.824569082,NVIDIA Tesla V100-SXM2-32G,Simulated Annealing,,"MCS_per_temperature=1, number_of_temperatures=100, schedule=logT"
200,1201954,-0.744243,1.818507648,1,1.818507648,NVIDIA Tesla V100-SXM2-32G,Simulated Annealing,,"MCS_per_temperature=1, number_of_temperatures=100, schedule=logT"
200,1201957,-0.740913,1.815744781,1,1.815744781,NVIDIA Tesla V100-SXM2-32G,Simulated Annealing,,"MCS_per_temperature=1, number_of_temperatures=100, schedule=logT"
200,1201960,-0.748046,1.817201686,1,1.817201686,NVIDIA Tesla V100-SXM2-32G,Simulated Annealing,,"MCS_per_temperature=1, number_of_temperatures=100, schedule=logT"
200,1201963,-0.746689,1.811503673,1,1.811503673,NVIDIA Tesla V100-SXM2-32G,Simulated Annealing,,"MCS_per_temperature=1, number_of_temperatures=100, schedule=logT"
200,1201966,-0.728459,1.809594512,1,1.809594512,NVIDIA Tesla V100-SXM2-32G,Simulated Annealing,,"MCS_per_temperature=1, number_of_temperatures=100, schedule=logT"
200,1201969,-0.728042,1.815190721,1,1.815190721,NVIDIA Tesla V100-SXM2-32G,Simulated Annealing,,"MCS_per_temperature=1, number_of_temperatures=100, schedule=logT"
200,1201972,-0.737060,1.814038706,1,1.814038706,NVIDIA Tesla V100-SXM2-32G,Simulated Annealing,,"MCS_per_temperature=1, number_of_temperatures=100, schedule=logT"
200,1201975,-0.743503,1.806724524,1,1.806724524,NVIDIA Tesla V100-SXM2-32G,Simulated Annealing,,"MCS_per_temperature=1, number_of_temperatures=100, schedule=logT"
200,1201978,-0.754570,1.824727273,1,1.824727273,NVIDIA Tesla V100-SXM2-32G,Simulated Annealing,,"MCS_per_temperature=1, number_of_temperatures=100, schedule=logT"
200,1201981,-0.751408,1.811021662,1,1.811021662,NVIDIA Tesla V100-SXM2-32G,Simulated Annealing,,"MCS_per_temperature=1, number_of_temperatures=100, schedule=logT"
200,1201984,-0.745514,1.820477509,1,1.820477509,NVIDIA Tesla V100-SXM2-32G,Simulated Annealing,,"MCS_per_temperature=1, number_of_temperatures=100, schedule=logT"
200,1201987,-0.746495,1.81518333,1,1.81518333,NVIDIA Tesla V100-SXM2-32G,Simulated Annealing,,"MCS_per_temperature=1, number_of_temperatures=100, schedule=logT"
200,1201990,-0.734621,1.813948202,1,1.813948202,NVIDIA Tesla V100-SXM2-32G,Simulated Annealing,,"MCS_per_temperature=1, number_of_temperatures=100, schedule=logT"
200,1201993,-0.756657,1.822491169,1,1.822491169,NVIDIA Tesla V100-SXM2-32G,Simulated Annealing,,"MCS_per_temperature=1, number_of_temperatures=100, schedule=logT"
200,1201996,-0.742097,1.806907988,1,1.806907988,NVIDIA Tesla V100-SXM2-32G,Simulated Annealing,,"MCS_per_temperature=1, number_of_temperatures=100, schedule=logT"
200,1201999,-0.747167,1.821434975,1,1.821434975,NVIDIA Tesla V100-SXM2-32G,Simulated Annealing,,"MCS_per_temperature=1, number_of_temperatures=100, schedule=logT"
200,1202002,-0.756529,1.814987659,1,1.814987659,NVIDIA Tesla V100-SXM2-32G,Simulated Annealing,,"MCS_per_temperature=1, number_of_temperatures=100, schedule=logT"
200,1202005,-0.736046,1.808164597,1,1.808164597,NVIDIA Tesla V100-SXM2-32G,Simulated Annealing,,"MCS_per_temperature=1, number_of_temperatures=100, schedule=logT"
200,1202008,-0.733822,1.818727612,1,1.818727612,NVIDIA Tesla V100-SXM2-32G,Simulated Annealing,,"MCS_per_temperature=1, number_of_temperatures=100, schedule=logT"
200,1202011,-0.763518,1.818743539,1,1.818743539,NVIDIA Tesla V100-SXM2-32G,Simulated Annealing,,"MCS_per_temperature=1, number_of_temperatures=100, schedule=logT"
200,1202014,-0.734860,1.816117239,1,1.816117239,NVIDIA Tesla V100-SXM2-32G,Simulated Annealing,,"MCS_per_temperature=1, number_of_temperatures=100, schedule=logT"
200,1202017,-0.755485,1.818849111,1,1.818849111,NVIDIA Tesla V100-SXM2-32G,Simulated Annealing,,"MCS_per_temperature=1, number_of_temperatures=100, schedule=logT"
200,1202020,-0.743062,1.824144816,1,1.824144816,NVIDIA Tesla V100-SXM2-32G,Simulated Annealing,,"MCS_per_temperature=1, number_of_temperatures=100, schedule=logT"
200,1202023,-0.734375,1.822419524,1,1.822419524,NVIDIA Tesla V100-SXM2-32G,Simulated Annealing,,"MCS_per_temperature=1, number_of_temperatures=100, schedule=logT"
200,1202026,-0.738091,1.811365247,1,1.811365247,NVIDIA Tesla V100-SXM2-32G,Simulated Annealing,,"MCS_per_temperature=1, number_of_temperatures=100, schedule=logT"
200,1202029,-0.748462,1.819878316,1,1.819878316,NVIDIA Tesla V100-SXM2-32G,Simulated Annealing,,"MCS_per_temperature=1, number_of_temperatures=100, schedule=logT"
300,1301732,-0.741660,2.53976295,1,2.53976295,NVIDIA Tesla V100-SXM2-32G,Simulated Annealing,,"MCS_per_temperature=1, number_of_temperatures=100, schedule=logT"
300,1301735,-0.750046,2.538681936,1,2.538681936,NVIDIA Tesla V100-SXM2-32G,Simulated Annealing,,"MCS_per_temperature=1, number_of_temperatures=100, schedule=logT"
300,1301738,-0.740541,2.528718257,1,2.528718257,NVIDIA Tesla V100-SXM2-32G,Simulated Annealing,,"MCS_per_temperature=1, number_of_temperatures=100, schedule=logT"
300,1301741,-0.735649,2.517470622,1,2.517470622,NVIDIA Tesla V100-SXM2-32G,Simulated Annealing,,"MCS_per_temperature=1, number_of_temperatures=100, schedule=logT"
300,1301744,-0.744259,2.51995976,1,2.51995976,NVIDIA Tesla V100-SXM2-32G,Simulated Annealing,,"MCS_per_temperature=1, number_of_temperatures=100, schedule=logT"
300,1301747,-0.740427,2.568024921,1,2.568024921,NVIDIA Tesla V100-SXM2-32G,Simulated Annealing,,"MCS_per_temperature=1, number_of_temperatures=100, schedule=logT"
300,1301750,-0.753784,2.537836599,1,2.537836599,NVIDIA Tesla V100-SXM2-32G,Simulated Annealing,,"MCS_per_temperature=1, number_of_temperatures=100, schedule=logT"
300,1301753,-0.736924,2.534342337,1,2.534342337,NVIDIA Tesla V100-SXM2-32G,Simulated Annealing,,"MCS_per_temperature=1, number_of_temperatures=100, schedule=logT"
300,1301756,-0.754342,2.523045659,1,2.523045659,NVIDIA Tesla V100-SXM2-32G,Simulated Annealing,,"MCS_per_temperature=1, number_of_temperatures=100, schedule=logT"
300,1301759,-0.755728,2.518990517,1,2.518990517,NVIDIA Tesla V100-SXM2-32G,Simulated Annealing,,"MCS_per_temperature=1, number_of_temperatures=100, schedule=logT"
300,1301762,-0.742082,2.547502637,1,2.547502637,NVIDIA Tesla V100-SXM2-32G,Simulated Annealing,,"MCS_per_temperature=1, number_of_temperatures=100, schedule=logT"
300,1301765,-0.759703,2.518064618,1,2.518064618,NVIDIA Tesla V100-SXM2-32G,Simulated Annealing,,"MCS_per_temperature=1, number_of_temperatures=100, schedule=logT"
300,1301768,-0.750269,2.518242383,1,2.518242383,NVIDIA Tesla V100-SXM2-32G,Simulated Annealing,,"MCS_per_temperature=1, number_of_temperatures=100, schedule=logT"
300,1301771,-0.759158,2.545285535,1,2.545285535,NVIDIA Tesla V100-SXM2-32G,Simulated Annealing,,"MCS_per_temperature=1, number_of_temperatures=100, schedule=logT"
300,1301774,-0.752751,2.526616764,1,2.526616764,NVIDIA Tesla V100-SXM2-32G,Simulated Annealing,,"MCS_per_temperature=1, number_of_temperatures=100, schedule=logT"
300,1301777,-0.739648,2.518011141,1,2.518011141,NVIDIA Tesla V100-SXM2-32G,Simulated Annealing,,"MCS_per_temperature=1, number_of_temperatures=100, schedule=logT"
300,1301780,-0.738650,2.537689257,1,2.537689257,NVIDIA Tesla V100-SXM2-32G,Simulated Annealing,,"MCS_per_temperature=1, number_of_temperatures=100, schedule=logT"
300,1301783,-0.738056,2.535674357,1,2.535674357,NVIDIA Tesla V100-SXM2-32G,Simulated Annealing,,"MCS_per_temperature=1, number_of_temperatures=100, schedule=logT"
300,1301786,-0.754114,2.525781751,1,2.525781751,NVIDIA Tesla V100-SXM2-32G,Simulated Annealing,,"MCS_per_temperature=1, number_of_temperatures=100, schedule=logT"
300,1301789,-0.757090,2.557172751,1,2.557172751,NVIDIA Tesla V100-SXM2-32G,Simulated Annealing,,"MCS_per_temperature=1, number_of_temperatures=100, schedule=logT"
300,1301792,-0.750405,2.538504887,1,2.538504887,NVIDIA Tesla V100-SXM2-32G,Simulated Annealing,,"MCS_per_temperature=1, number_of_temperatures=100, schedule=logT"
300,1301795,-0.749628,2.50543499,1,2.50543499,NVIDIA Tesla V100-SXM2-32G,Simulated Annealing,,"MCS_per_temperature=1, number_of_temperatures=100, schedule=logT"
300,1301798,-0.747520,2.51799078,1,2.51799078,NVIDIA Tesla V100-SXM2-32G,Simulated Annealing,,"MCS_per_temperature=1, number_of_temperatures=100, schedule=logT"
300,1301801,-0.772631,2.546157479,1,2.546157479,NVIDIA Tesla V100-SXM2-32G,Simulated Annealing,,"MCS_per_temperature=1, number_of_temperatures=100, schedule=logT"
300,1301804,-0.742546,2.540291834,1,2.540291834,NVIDIA Tesla V100-SXM2-32G,Simulated Annealing,,"MCS_per_temperature=1, number_of_temperatures=100, schedule=logT"
300,1301807,-0.754144,2.52471571,1,2.52471571,NVIDIA Tesla V100-SXM2-32G,Simulated Annealing,,"MCS_per_temperature=1, number_of_temperatures=100, schedule=logT"
300,1301810,-0.744185,2.535787916,1,2.535787916,NVIDIA Tesla V100-SXM2-32G,Simulated Annealing,,"MCS_per_temperature=1, number_of_temperatures=100, schedule=logT"
300,1301813,-0.747894,2.534093404,1,2.534093404,NVIDIA Tesla V100-SXM2-32G,Simulated Annealing,,"MCS_per_temperature=1, number_of_temperatures=100, schedule=logT"
300,1301816,-0.752873,2.528558111,1,2.528558111,NVIDIA Tesla V100-SXM2-32G,Simulated Annealing,,"MCS_per_temperature=1, number_of_temperatures=100, schedule=logT"
300,1301819,-0.742655,2.544143462,1,2.544143462,NVIDIA Tesla V100-SXM2-32G,Simulated Annealing,,"MCS_per_temperature=1, number_of_temperatures=100, schedule=logT"
300,1301822,-0.736043,2.534503222,1,2.534503222,NVIDIA Tesla V100-SXM2-32G,Simulated Annealing,,"MCS_per_temperature=1, number_of_temperatures=100, schedule=logT"
300,1301825,-0.741320,2.555245471,1,2.555245471,NVIDIA Tesla V100-SXM2-32G,Simulated Annealing,,"MCS_per_temperature=1, number_of_temperatures=100, schedule=logT"
300,1301828,-0.754923,2.533929205,1,2.533929205,NVIDIA Tesla V100-SXM2-32G,Simulated Annealing,,"MCS_per_temperature=1, number_of_temperatures=100, schedule=logT"
300,1301831,-0.760743,2.53747735,1,2.53747735,NVIDIA Tesla V100-SXM2-32G,Simulated Annealing,,"MCS_per_temperature=1, number_of_temperatures=100, schedule=logT"
300,1301834,-0.740673,2.526320624,1,2.526320624,NVIDIA Tesla V100-SXM2-32G,Simulated Annealing,,"MCS_per_temperature=1, number_of_temperatures=100, schedule=logT"
300,1301837,-0.745915,2.544033122,1,2.544033122,NVIDIA Tesla V100-SXM2-32G,Simulated Annealing,,"MCS_per_temperature=1, number_of_temperatures=100, schedule=logT"
300,1301840,-0.731127,2.532560086,1,2.532560086,NVIDIA Tesla V100-SXM2-32G,Simulated Annealing,,"MCS_per_temperature=1, number_of_temperatures=100, schedule=logT"
300,1301843,-0.749456,2.521654272,1,2.521654272,NVIDIA Tesla V100-SXM2-32G,Simulated Annealing,,"MCS_per_temperature=1, number_of_temperatures=100, schedule=logT"
300,1301846,-0.749777,2.535634446,1,2.535634446,NVIDIA Tesla V100-SXM2-32G,Simulated Annealing,,"MCS_per_temperature=1, number_of_temperatures=100, schedule=logT"
300,1301849,-0.751751,2.529276037,1,2.529276037,NVIDIA Tesla V100-SXM2-32G,Simulated Annealing,,"MCS_per_temperature=1, number_of_temperatures=100, schedule=logT"
300,1301852,-0.738399,2.537908959,1,2.537908959,NVIDIA Tesla V100-SXM2-32G,Simulated Annealing,,"MCS_per_temperature=1, number_of_temperatures=100, schedule=logT"
300,1301855,-0.741814,2.521867514,1,2.521867514,NVIDIA Tesla V100-SXM2-32G,Simulated Annealing,,"MCS_per_temperature=1, number_of_temperatures=100, schedule=logT"
300,1301858,-0.748648,2.512098789,1,2.512098789,NVIDIA Tesla V100-SXM2-32G,Simulated Annealing,,"MCS_per_temperature=1, number_of_temperatures=100, schedule=logT"
300,1301861,-0.742954,2.5270051,1,2.5270051,NVIDIA Tesla V100-SXM2-32G,Simulated Annealing,,"MCS_per_temperature=1, number_of_temperatures=100, schedule=logT"
300,1301864,-0.737563,2.534990382,1,2.534990382,NVIDIA Tesla V100-SXM2-32G,Simulated Annealing,,"MCS_per_temperature=1, number_of_temperatures=100, schedule=logT"
300,1301867,-0.738699,2.539165211,1,2.539165211,NVIDIA Tesla V100-SXM2-32G,Simulated Annealing,,"MCS_per_temperature=1, number_of_temperatures=100, schedule=logT"
300,1301870,-0.743895,2.539073467,1,2.539073467,NVIDIA Tesla V100-SXM2-32G,Simulated Annealing,,"MCS_per_temperature=1, number_of_temperatures=100, schedule=logT"
300,1301873,-0.746064,2.511412382,1,2.511412382,NVIDIA Tesla V100-SXM2-32G,Simulated Annealing,,"MCS_per_temperature=1, number_of_temperatures=100, schedule=logT"
300,1301876,-0.760647,2.519357085,1,2.519357085,NVIDIA Tesla V100-SXM2-32G,Simulated Annealing,,"MCS_per_temperature=1, number_of_temperatures=100, schedule=logT"
300,1301879,-0.734229,2.554024434,1,2.554024434,NVIDIA Tesla V100-SXM2-32G,Simulated Annealing,,"MCS_per_temperature=1, number_of_temperatures=100, schedule=logT"
300,1301882,-0.741867,2.521485901,1,2.521485901,NVIDIA Tesla V100-SXM2-32G,Simulated Annealing,,"MCS_per_temperature=1, number_of_temperatures=100, schedule=logT"
300,1301885,-0.747361,2.532115197,1,2.532115197,NVIDIA Tesla V100-SXM2-32G,Simulated Annealing,,"MCS_per_temperature=1, number_of_temperatures=100, schedule=logT"
300,1301888,-0.745765,2.53172574,1,2.53172574,NVIDIA Tesla V100-SXM2-32G,Simulated Annealing,,"MCS_per_temperature=1, number_of_temperatures=100, schedule=logT"
300,1301891,-0.750412,2.5579211,1,2.5579211,NVIDIA Tesla V100-SXM2-32G,Simulated Annealing,,"MCS_per_temperature=1, number_of_temperatures=100, schedule=logT"
300,1301894,-0.747059,2.540448403,1,2.540448403,NVIDIA Tesla V100-SXM2-32G,Simulated Annealing,,"MCS_per_temperature=1, number_of_temperatures=100, schedule=logT"
300,1301897,-0.746696,2.539460492,1,2.539460492,NVIDIA Tesla V100-SXM2-32G,Simulated Annealing,,"MCS_per_temperature=1, number_of_temperatures=100, schedule=logT"
300,1301900,-0.748416,2.518301845,1,2.518301845,NVIDIA Tesla V100-SXM2-32G,Simulated Annealing,,"MCS_per_temperature=1, number_of_temperatures=100, schedule=logT"
300,1301903,-0.759027,2.532341838,1,2.532341838,NVIDIA Tesla V100-SXM2-32G,Simulated Annealing,,"MCS_per_temperature=1, number_of_temperatures=100, schedule=logT"
300,1301906,-0.757763,2.539576912,1,2.539576912,NVIDIA Tesla V100-SXM2-32G,Simulated Annealing,,"MCS_per_temperature=1, number_of_temperatures=100, schedule=logT"
300,1301909,-0.745808,2.523031139,1,2.523031139,NVIDIA Tesla V100-SXM2-32G,Simulated Annealing,,"MCS_per_temperature=1, number_of_temperatures=100, schedule=logT"
300,1301912,-0.732498,2.520005727,1,2.520005727,NVIDIA Tesla V100-SXM2-32G,Simulated Annealing,,"MCS_per_temperature=1, number_of_temperatures=100, schedule=logT"
300,1301915,-0.743318,2.539000082,1,2.539000082,NVIDIA Tesla V100-SXM2-32G,Simulated Annealing,,"MCS_per_temperature=1, number_of_temperatures=100, schedule=logT"
300,1301918,-0.750039,2.533675146,1,2.533675146,NVIDIA Tesla V100-SXM2-32G,Simulated Annealing,,"MCS_per_temperature=1, number_of_temperatures=100, schedule=logT"
300,1301921,-0.753243,2.522483468,1,2.522483468,NVIDIA Tesla V100-SXM2-32G,Simulated Annealing,,"MCS_per_temperature=1, number_of_temperatures=100, schedule=logT"
300,1301924,-0.748441,2.547150183,1,2.547150183,NVIDIA Tesla V100-SXM2-32G,Simulated Annealing,,"MCS_per_temperature=1, number_of_temperatures=100, schedule=logT"
300,1301927,-0.738313,2.533155608,1,2.533155608,NVIDIA Tesla V100-SXM2-32G,Simulated Annealing,,"MCS_per_temperature=1, number_of_temperatures=100, schedule=logT"
300,1301930,-0.744477,2.514856672,1,2.514856672,NVIDIA Tesla V100-SXM2-32G,Simulated Annealing,,"MCS_per_temperature=1, number_of_temperatures=100, schedule=logT"
300,1301933,-0.744314,2.554635024,1,2.554635024,NVIDIA Tesla V100-SXM2-32G,Simulated Annealing,,"MCS_per_temperature=1, number_of_temperatures=100, schedule=logT"
300,1301936,-0.766215,2.538218021,1,2.538218021,NVIDIA Tesla V100-SXM2-32G,Simulated Annealing,,"MCS_per_temperature=1, number_of_temperatures=100, schedule=logT"
300,1301939,-0.747202,2.536566424,1,2.536566424,NVIDIA Tesla V100-SXM2-32G,Simulated Annealing,,"MCS_per_temperature=1, number_of_temperatures=100, schedule=logT"
300,1301942,-0.751465,2.535832739,1,2.535832739,NVIDIA Tesla V100-SXM2-32G,Simulated Annealing,,"MCS_per_temperature=1, number_of_temperatures=100, schedule=logT"
300,1301945,-0.753363,2.538251996,1,2.538251996,NVIDIA Tesla V100-SXM2-32G,Simulated Annealing,,"MCS_per_temperature=1, number_of_temperatures=100, schedule=logT"
300,1301948,-0.747121,2.529640174,1,2.529640174,NVIDIA Tesla V100-SXM2-32G,Simulated Annealing,,"MCS_per_temperature=1, number_of_temperatures=100, schedule=logT"
300,1301951,-0.736599,2.522073245,1,2.522073245,NVIDIA Tesla V100-SXM2-32G,Simulated Annealing,,"MCS_per_temperature=1, number_of_temperatures=100, schedule=logT"
300,1301954,-0.755689,2.537153459,1,2.537153459,NVIDIA Tesla V100-SXM2-32G,Simulated Annealing,,"MCS_per_temperature=1, number_of_temperatures=100, schedule=logT"
300,1301957,-0.745411,2.536028552,1,2.536028552,NVIDIA Tesla V100-SXM2-32G,Simulated Annealing,,"MCS_per_temperature=1, number_of_temperatures=100, schedule=logT"
300,1301960,-0.738019,2.519329023,1,2.519329023,NVIDIA Tesla V100-SXM2-32G,Simulated Annealing,,"MCS_per_temperature=1, number_of_temperatures=100, schedule=logT"
300,1301963,-0.745701,2.512094069,1,2.512094069,NVIDIA Tesla V100-SXM2-32G,Simulated Annealing,,"MCS_per_temperature=1, number_of_temperatures=100, schedule=logT"
300,1301966,-0.749882,2.513951349,1,2.513951349,NVIDIA Tesla V100-SXM2-32G,Simulated Annealing,,"MCS_per_temperature=1, number_of_temperatures=100, schedule=logT"
300,1301969,-0.741435,2.540459776,1,2.540459776,NVIDIA Tesla V100-SXM2-32G,Simulated Annealing,,"MCS_per_temperature=1, number_of_temperatures=100, schedule=logT"
300,1301972,-0.729310,2.526925659,1,2.526925659,NVIDIA Tesla V100-SXM2-32G,Simulated Annealing,,"MCS_per_temperature=1, number_of_temperatures=100, schedule=logT"
300,1301975,-0.750825,2.51395421,1,2.51395421,NVIDIA Tesla V100-SXM2-32G,Simulated Annealing,,"MCS_per_temperature=1, number_of_temperatures=100, schedule=logT"
300,1301978,-0.758298,2.536485171,1,2.536485171,NVIDIA Tesla V100-SXM2-32G,Simulated Annealing,,"MCS_per_temperature=1, number_of_temperatures=100, schedule=logT"
300,1301981,-0.747629,2.52722249,1,2.52722249,NVIDIA Tesla V100-SXM2-32G,Simulated Annealing,,"MCS_per_temperature=1, number_of_temperatures=100, schedule=logT"
300,1301984,-0.766099,2.56091609,1,2.56091609,NVIDIA Tesla V100-SXM2-32G,Simulated Annealing,,"MCS_per_temperature=1, number_of_temperatures=100, schedule=logT"
300,1301987,-0.739898,2.531588626,1,2.531588626,NVIDIA Tesla V100-SXM2-32G,Simulated Annealing,,"MCS_per_temperature=1, number_of_temperatures=100, schedule=logT"
300,1301990,-0.753792,2.533478761,1,2.533478761,NVIDIA Tesla V100-SXM2-32G,Simulated Annealing,,"MCS_per_temperature=1, number_of_temperatures=100, schedule=logT"
300,1301993,-0.738201,2.533852291,1,2.533852291,NVIDIA Tesla V100-SXM2-32G,Simulated Annealing,,"MCS_per_temperature=1, number_of_temperatures=100, schedule=logT"
300,1301996,-0.754211,2.53077395,1,2.53077395,NVIDIA Tesla V100-SXM2-32G,Simulated Annealing,,"MCS_per_temperature=1, number_of_temperatures=100, schedule=logT"
300,1301999,-0.745676,2.549201298,1,2.549201298,NVIDIA Tesla V100-SXM2-32G,Simulated Annealing,,"MCS_per_temperature=1, number_of_temperatures=100, schedule=logT"
300,1302002,-0.736712,2.518451023,1,2.518451023,NVIDIA Tesla V100-SXM2-32G,Simulated Annealing,,"MCS_per_temperature=1, number_of_temperatures=100, schedule=logT"
300,1302005,-0.733634,2.521498752,1,2.521498752,NVIDIA Tesla V100-SXM2-32G,Simulated Annealing,,"MCS_per_temperature=1, number_of_temperatures=100, schedule=logT"
300,1302008,-0.753249,2.530152559,1,2.530152559,NVIDIA Tesla V100-SXM2-32G,Simulated Annealing,,"MCS_per_temperature=1, number_of_temperatures=100, schedule=logT"
300,1302011,-0.747093,2.511925459,1,2.511925459,NVIDIA Tesla V100-SXM2-32G,Simulated Annealing,,"MCS_per_temperature=1, number_of_temperatures=100, schedule=logT"
300,1302014,-0.750987,2.532882452,1,2.532882452,NVIDIA Tesla V100-SXM2-32G,Simulated Annealing,,"MCS_per_temperature=1, number_of_temperatures=100, schedule=logT"
300,1302017,-0.749192,2.527043819,1,2.527043819,NVIDIA Tesla V100-SXM2-32G,Simulated Annealing,,"MCS_per_temperature=1, number_of_temperatures=100, schedule=logT"
300,1302020,-0.738747,2.524617577,1,2.524617577,NVIDIA Tesla V100-SXM2-32G,Simulated Annealing,,"MCS_per_temperature=1, number_of_temperatures=100, schedule=logT"
300,1302023,-0.743610,2.547078848,1,2.547078848,NVIDIA Tesla V100-SXM2-32G,Simulated Annealing,,"MCS_per_temperature=1, number_of_temperatures=100, schedule=logT"
300,1302026,-0.747955,2.541221762,1,2.541221762,NVIDIA Tesla V100-SXM2-32G,Simulated Annealing,,"MCS_per_temperature=1, number_of_temperatures=100, schedule=logT"
300,1302029,-0.746434,2.54274807,1,2.54274807,NVIDIA Tesla V100-SXM2-32G,Simulated Annealing,,"MCS_per_temperature=1, number_of_temperatures=100, schedule=logT"
400,1401732,-0.754050,2.730953312,1,2.730953312,NVIDIA Tesla V100-SXM2-32G,Simulated Annealing,,"MCS_per_temperature=1, number_of_temperatures=100, schedule=logT"
400,1401735,-0.743056,2.749939084,1,2.749939084,NVIDIA Tesla V100-SXM2-32G,Simulated Annealing,,"MCS_per_temperature=1, number_of_temperatures=100, schedule=logT"
400,1401738,-0.762981,2.742604613,1,2.742604613,NVIDIA Tesla V100-SXM2-32G,Simulated Annealing,,"MCS_per_temperature=1, number_of_temperatures=100, schedule=logT"
400,1401741,-0.751681,2.734891868,1,2.734891868,NVIDIA Tesla V100-SXM2-32G,Simulated Annealing,,"MCS_per_temperature=1, number_of_temperatures=100, schedule=logT"
400,1401744,-0.758304,2.740356207,1,2.740356207,NVIDIA Tesla V100-SXM2-32G,Simulated Annealing,,"MCS_per_temperature=1, number_of_temperatures=100, schedule=logT"
400,1401747,-0.743694,2.728827715,1,2.728827715,NVIDIA Tesla V100-SXM2-32G,Simulated Annealing,,"MCS_per_temperature=1, number_of_temperatures=100, schedule=logT"
400,1401750,-0.742571,2.745041728,1,2.745041728,NVIDIA Tesla V100-SXM2-32G,Simulated Annealing,,"MCS_per_temperature=1, number_of_temperatures=100, schedule=logT"
400,1401753,-0.753878,2.738843274,1,2.738843274,NVIDIA Tesla V100-SXM2-32G,Simulated Annealing,,"MCS_per_temperature=1, number_of_temperatures=100, schedule=logT"
400,1401756,-0.742969,2.722214246,1,2.722214246,NVIDIA Tesla V100-SXM2-32G,Simulated Annealing,,"MCS_per_temperature=1, number_of_temperatures=100, schedule=logT"
400,1401759,-0.745441,2.736118746,1,2.736118746,NVIDIA Tesla V100-SXM2-32G,Simulated Annealing,,"MCS_per_temperature=1, number_of_temperatures=100, schedule=logT"
400,1401762,-0.746677,2.73230145,1,2.73230145,NVIDIA Tesla V100-SXM2-32G,Simulated Annealing,,"MCS_per_temperature=1, number_of_temperatures=100, schedule=logT"
400,1401765,-0.759034,2.738827991,1,2.738827991,NVIDIA Tesla V100-SXM2-32G,Simulated Annealing,,"MCS_per_temperature=1, number_of_temperatures=100, schedule=logT"
400,1401768,-0.750607,2.730280471,1,2.730280471,NVIDIA Tesla V100-SXM2-32G,Simulated Annealing,,"MCS_per_temperature=1, number_of_temperatures=100, schedule=logT"
400,1401771,-0.749292,2.722251987,1,2.722251987,NVIDIA Tesla V100-SXM2-32G,Simulated Annealing,,"MCS_per_temperature=1, number_of_temperatures=100, schedule=logT"
400,1401774,-0.755594,2.718874073,1,2.718874073,NVIDIA Tesla V100-SXM2-32G,Simulated Annealing,,"MCS_per_temperature=1, number_of_temperatures=100, schedule=logT"
400,1401777,-0.745320,2.724042082,1,2.724042082,NVIDIA Tesla V100-SXM2-32G,Simulated Annealing,,"MCS_per_temperature=1, number_of_temperatures=100, schedule=logT"
400,1401780,-0.760015,2.74184804,1,2.74184804,NVIDIA Tesla V100-SXM2-32G,Simulated Annealing,,"MCS_per_temperature=1, number_of_temperatures=100, schedule=logT"
400,1401783,-0.748890,2.734086442,1,2.734086442,NVIDIA Tesla V100-SXM2-32G,Simulated Annealing,,"MCS_per_temperature=1, number_of_temperatures=100, schedule=logT"
400,1401786,-0.750486,2.738165975,1,2.738165975,NVIDIA Tesla V100-SXM2-32G,Simulated Annealing,,"MCS_per_temperature=1, number_of_temperatures=100, schedule=logT"
400,1401789,-0.748915,2.737674093,1,2.737674093,NVIDIA Tesla V100-SXM2-32G,Simulated Annealing,,"MCS_per_temperature=1, number_of_temperatures=100, schedule=logT"
400,1401792,-0.745998,2.738233733,1,2.738233733,NVIDIA Tesla V100-SXM2-32G,Simulated Annealing,,"MCS_per_temperature=1, number_of_temperatures=100, schedule=logT"
400,1401795,-0.746732,2.735072708,1,2.735072708,NVIDIA Tesla V100-SXM2-32G,Simulated Annealing,,"MCS_per_temperature=1, number_of_temperatures=100, schedule=logT"
400,1401798,-0.747698,2.717867041,1,2.717867041,NVIDIA Tesla V100-SXM2-32G,Simulated Annealing,,"MCS_per_temperature=1, number_of_temperatures=100, schedule=logT"
400,1401801,-0.743214,2.725468397,1,2.725468397,NVIDIA Tesla V100-SXM2-32G,Simulated Annealing,,"MCS_per_temperature=1, number_of_temperatures=100, schedule=logT"
400,1401804,-0.747181,2.729944539,1,2.729944539,NVIDIA Tesla V100-SXM2-32G,Simulated Annealing,,"MCS_per_temperature=1, number_of_temperatures=100, schedule=logT"
400,1401807,-0.768123,2.714485574,1,2.714485574,NVIDIA Tesla V100-SXM2-32G,Simulated Annealing,,"MCS_per_temperature=1, number_of_temperatures=100, schedule=logT"
400,1401810,-0.751446,2.731142735,1,2.731142735,NVIDIA Tesla V100-SXM2-32G,Simulated Annealing,,"MCS_per_temperature=1, number_of_temperatures=100, schedule=logT"
400,1401813,-0.736835,2.720017076,1,2.720017076,NVIDIA Tesla V100-SXM2-32G,Simulated Annealing,,"MCS_per_temperature=1, number_of_temperatures=100, schedule=logT"
400,1401816,-0.751217,2.728848577,1,2.728848577,NVIDIA Tesla V100-SXM2-32G,Simulated Annealing,,"MCS_per_temperature=1, number_of_temperatures=100, schedule=logT"
400,1401819,-0.757229,2.740757513,1,2.740757513,NVIDIA Tesla V100-SXM2-32G,Simulated Annealing,,"MCS_per_temperature=1, number_of_temperatures=100, schedule=logT"
400,1401822,-0.747975,2.727593279,1,2.727593279,NVIDIA Tesla V100-SXM2-32G,Simulated Annealing,,"MCS_per_temperature=1, number_of_temperatures=100, schedule=logT"
400,1401825,-0.755765,2.709880614,1,2.709880614,NVIDIA Tesla V100-SXM2-32G,Simulated Annealing,,"MCS_per_temperature=1, number_of_temperatures=100, schedule=logT"
400,1401828,-0.747138,2.73037703,1,2.73037703,NVIDIA Tesla V100-SXM2-32G,Simulated Annealing,,"MCS_per_temperature=1, number_of_temperatures=100, schedule=logT"
400,1401831,-0.752921,2.72516036,1,2.72516036,NVIDIA Tesla V100-SXM2-32G,Simulated Annealing,,"MCS_per_temperature=1, number_of_temperatures=100, schedule=logT"
400,1401834,-0.745839,2.729754829,1,2.729754829,NVIDIA Tesla V100-SXM2-32G,Simulated Annealing,,"MCS_per_temperature=1, number_of_temperatures=100, schedule=logT"
400,1401837,-0.746937,2.732062197,1,2.732062197,NVIDIA Tesla V100-SXM2-32G,Simulated Annealing,,"MCS_per_temperature=1, number_of_temperatures=100, schedule=logT"
400,1401840,-0.750291,2.728503966,1,2.728503966,NVIDIA Tesla V100-SXM2-32G,Simulated Annealing,,"MCS_per_temperature=1, number_of_temperatures=100, schedule=logT"
400,1401843,-0.743173,2.745496202,1,2.745496202,NVIDIA Tesla V100-SXM2-32G,Simulated Annealing,,"MCS_per_temperature=1, number_of_temperatures=100, schedule=logT"
400,1401846,-0.754831,2.727982497,1,2.727982497,NVIDIA Tesla V100-SXM2-32G,Simulated Annealing,,"MCS_per_temperature=1, number_of_temperatures=100, schedule=logT"
400,1401849,-0.743158,2.732349467,1,2.732349467,NVIDIA Tesla V100-SXM2-32G,Simulated Annealing,,"MCS_per_temperature=1, number_of_temperatures=100, schedule=logT"
400,1401852,-0.742774,2.729487276,1,2.729487276,NVIDIA Tesla V100-SXM2-32G,Simulated Annealing,,"MCS_per_temperature=1, number_of_temperatures=100, schedule=logT"
400,1401855,-0.737099,2.710766745,1,2.710766745,NVIDIA Tesla V100-SXM2-32G,Simulated Annealing,,"MCS_per_temperature=1, number_of_temperatures=100, schedule=logT"
400,1401858,-0.759190,2.727380776,1,2.727380776,NVIDIA Tesla V100-SXM2-32G,Simulated Annealing,,"MCS_per_temperature=1, number_of_temperatures=100, schedule=logT"
400,1401861,-0.746933,2.734954238,1,2.734954238,NVIDIA Tesla V100-SXM2-32G,Simulated Annealing,,"MCS_per_temperature=1, number_of_temperatures=100, schedule=logT"
400,1401864,-0.743065,2.729812622,1,2.729812622,NVIDIA Tesla V100-SXM2-32G,Simulated Annealing,,"MCS_per_temperature=1, number_of_temperatures=100, schedule=logT"
400,1401867,-0.747032,2.724725747,1,2.724725747,NVIDIA Tesla V100-SXM2-32G,Simulated Annealing,,"MCS_per_temperature=1, number_of_temperatures=100, schedule=logT"
400,1401870,-0.746112,2.748703218,1,2.748703218,NVIDIA Tesla V100-SXM2-32G,Simulated Annealing,,"MCS_per_temperature=1, number_of_temperatures=100, schedule=logT"
400,1401873,-0.749940,2.722171736,1,2.722171736,NVIDIA Tesla V100-SXM2-32G,Simulated Annealing,,"MCS_per_temperature=1, number_of_temperatures=100, schedule=logT"
400,1401876,-0.759340,2.729983425,1,2.729983425,NVIDIA Tesla V100-SXM2-32G,Simulated Annealing,,"MCS_per_temperature=1, number_of_temperatures=100, schedule=logT"
400,1401879,-0.743229,2.721888542,1,2.721888542,NVIDIA Tesla V100-SXM2-32G,Simulated Annealing,,"MCS_per_temperature=1, number_of_temperatures=100, schedule=logT"
400,1401882,-0.757476,2.735699916,1,2.735699916,NVIDIA Tesla V100-SXM2-32G,Simulated Annealing,,"MCS_per_temperature=1, number_of_temperatures=100, schedule=logT"
400,1401885,-0.755623,2.744162965,1,2.744162965,NVIDIA Tesla V100-SXM2-32G,Simulated Annealing,,"MCS_per_temperature=1, number_of_temperatures=100, schedule=logT"
400,1401888,-0.743341,2.741312289,1,2.741312289,NVIDIA Tesla V100-SXM2-32G,Simulated Annealing,,"MCS_per_temperature=1, number_of_temperatures=100, schedule=logT"
400,1401891,-0.753717,2.724858141,1,2.724858141,NVIDIA Tesla V100-SXM2-32G,Simulated Annealing,,"MCS_per_temperature=1, number_of_temperatures=100, schedule=logT"
400,1401894,-0.749041,2.738061523,1,2.738061523,NVIDIA Tesla V100-SXM2-32G,Simulated Annealing,,"MCS_per_temperature=1, number_of_temperatures=100, schedule=logT"
400,1401897,-0.752587,2.722464871,1,2.722464871,NVIDIA Tesla V100-SXM2-32G,Simulated Annealing,,"MCS_per_temperature=1, number_of_temperatures=100, schedule=logT"
400,1401900,-0.742558,2.729980969,1,2.729980969,NVIDIA Tesla V100-SXM2-32G,Simulated Annealing,,"MCS_per_temperature=1, number_of_temperatures=100, schedule=logT"
400,1401903,-0.756520,2.739593673,1,2.739593673,NVIDIA Tesla V100-SXM2-32G,Simulated Annealing,,"MCS_per_temperature=1, number_of_temperatures=100, schedule=logT"
400,1401906,-0.743933,2.728755903,1,2.728755903,NVIDIA Tesla V100-SXM2-32G,Simulated Annealing,,"MCS_per_temperature=1, number_of_temperatures=100, schedule=logT"
400,1401909,-0.741334,2.734766603,1,2.734766603,NVIDIA Tesla V100-SXM2-32G,Simulated Annealing,,"MCS_per_temperature=1, number_of_temperatures=100, schedule=logT"
400,1401912,-0.749475,2.742739105,1,2.742739105,NVIDIA Tesla V100-SXM2-32G,Simulated Annealing,,"MCS_per_temperature=1, number_of_temperatures=100, schedule=logT"
400,1401915,-0.747504,2.722724724,1,2.722724724,NVIDIA Tesla V100-SXM2-32G,Simulated Annealing,,"MCS_per_temperature=1, number_of_temperatures=100, schedule=logT"
400,1401918,-0.746831,2.721558428,1,2.721558428,NVIDIA Tesla V100-SXM2-32G,Simulated Annealing,,"MCS_per_temperature=1, number_of_temperatures=100, schedule=logT"
400,1401921,-0.753039,2.766742539,1,2.766742539,NVIDIA Tesla V100-SXM2-32G,Simulated Annealing,,"MCS_per_temperature=1, number_of_temperatures=100, schedule=logT"
400,1401924,-0.751030,2.720939898,1,2.720939898,NVIDIA Tesla V100-SXM2-32G,Simulated Annealing,,"MCS_per_temperature=1, number_of_temperatures=100, schedule=logT"
400,1401927,-0.738873,2.7299716,1,2.7299716,NVIDIA Tesla V100-SXM2-32G,Simulated Annealing,,"MCS_per_temperature=1, number_of_temperatures=100, schedule=logT"
400,1401930,-0.755527,2.749274158,1,2.749274158,NVIDIA Tesla V100-SXM2-32G,Simulated Annealing,,"MCS_per_temperature=1, number_of_temperatures=100, schedule=logT"
400,1401933,-0.752442,2.729884219,1,2.729884219,NVIDIA Tesla V100-SXM2-32G,Simulated Annealing,,"MCS_per_temperature=1, number_of_temperatures=100, schedule=logT"
400,1401936,-0.760359,2.743026328,1,2.743026328,NVIDIA Tesla V100-SXM2-32G,Simulated Annealing,,"MCS_per_temperature=1, number_of_temperatures=100, schedule=logT"
400,1401939,-0.754610,2.742918944,1,2.742918944,NVIDIA Tesla V100-SXM2-32G,Simulated Annealing,,"MCS_per_temperature=1, number_of_temperatures=100, schedule=logT"
400,1401942,-0.751187,2.728233266,1,2.728233266,NVIDIA Tesla V100-SXM2-32G,Simulated Annealing,,"MCS_per_temperature=1, number_of_temperatures=100, schedule=logT"
400,1401945,-0.751989,2.771464753,1,2.771464753,NVIDIA Tesla V100-SXM2-32G,Simulated Annealing,,"MCS_per_temperature=1, number_of_temperatures=100, schedule=logT"
400,1401948,-0.743970,2.71381855,1,2.71381855,NVIDIA Tesla V100-SXM2-32G,Simulated Annealing,,"MCS_per_temperature=1, number_of_temperatures=100, schedule=logT"
400,1401951,-0.746579,2.72284658,1,2.72284658,NVIDIA Tesla V100-SXM2-32G,Simulated Annealing,,"MCS_per_temperature=1, number_of_temperatures=100, schedule=logT"
400,1401954,-0.746245,2.729030609,1,2.729030609,NVIDIA Tesla V100-SXM2-32G,Simulated Annealing,,"MCS_per_temperature=1, number_of_temperatures=100, schedule=logT"
400,1401957,-0.752510,2.732520866,1,2.732520866,NVIDIA Tesla V100-SXM2-32G,Simulated Annealing,,"MCS_per_temperature=1, number_of_temperatures=100, schedule=logT"
400,1401960,-0.747316,2.732312584,1,2.732312584,NVIDIA Tesla V100-SXM2-32G,Simulated Annealing,,"MCS_per_temperature=1, number_of_temperatures=100, schedule=logT"
400,1401963,-0.741935,2.729186654,1,2.729186654,NVIDIA Tesla V100-SXM2-32G,Simulated Annealing,,"MCS_per_temperature=1, number_of_temperatures=100, schedule=logT"
400,1401966,-0.738698,2.71294682,1,2.71294682,NVIDIA Tesla V100-SXM2-32G,Simulated Annealing,,"MCS_per_temperature=1, number_of_temperatures=100, schedule=logT"
400,1401969,-0.753426,2.726358294,1,2.726358294,NVIDIA Tesla V100-SXM2-32G,Simulated Annealing,,"MCS_per_temperature=1, number_of_temperatures=100, schedule=logT"
400,1401972,-0.762249,2.729961896,1,2.729961896,NVIDIA Tesla V100-SXM2-32G,Simulated Annealing,,"MCS_per_temperature=1, number_of_temperatures=100, schedule=logT"
400,1401975,-0.762244,2.734569407,1,2.734569407,NVIDIA Tesla V100-SXM2-32G,Simulated Annealing,,"MCS_per_temperature=1, number_of_temperatures=100, schedule=logT"
400,1401978,-0.751387,2.734504819,1,2.734504819,NVIDIA Tesla V100-SXM2-32G,Simulated Annealing,,"MCS_per_temperature=1, number_of_temperatures=100, schedule=logT"
400,1401981,-0.754912,2.741345072,1,2.741345072,NVIDIA Tesla V100-SXM2-32G,Simulated Annealing,,"MCS_per_temperature=1, number_of_temperatures=100, schedule=logT"
400,1401984,-0.749644,2.738135958,1,2.738135958,NVIDIA Tesla V100-SXM2-32G,Simulated Annealing,,"MCS_per_temperature=1, number_of_temperatures=100, schedule=logT"
400,1401987,-0.750075,2.722024632,1,2.722024632,NVIDIA Tesla V100-SXM2-32G,Simulated Annealing,,"MCS_per_temperature=1, number_of_temperatures=100, schedule=logT"
400,1401990,-0.752139,2.7152565,1,2.7152565,NVIDIA Tesla V100-SXM2-32G,Simulated Annealing,,"MCS_per_temperature=1, number_of_temperatures=100, schedule=logT"
400,1401993,-0.743918,2.727087569,1,2.727087569,NVIDIA Tesla V100-SXM2-32G,Simulated Annealing,,"MCS_per_temperature=1, number_of_temperatures=100, schedule=logT"
400,1401996,-0.750751,2.726491261,1,2.726491261,NVIDIA Tesla V100-SXM2-32G,Simulated Annealing,,"MCS_per_temperature=1, number_of_temperatures=100, schedule=logT"
400,1401999,-0.748773,2.728727674,1,2.728727674,NVIDIA Tesla V100-SXM2-32G,Simulated Annealing,,"MCS_per_temperature=1, number_of_temperatures=100, schedule=logT"
400,1402002,-0.747477,2.736573458,1,2.736573458,NVIDIA Tesla V100-SXM2-32G,Simulated Annealing,,"MCS_per_temperature=1, number_of_temperatures=100, schedule=logT"
400,1402005,-0.748793,2.739723849,1,2.739723849,NVIDIA Tesla V100-SXM2-32G,Simulated Annealing,,"MCS_per_temperature=1, number_of_temperatures=100, schedule=logT"
400,1402008,-0.749916,2.722041464,1,2.722041464,NVIDIA Tesla V100-SXM2-32G,Simulated Annealing,,"MCS_per_temperature=1, number_of_temperatures=100, schedule=logT"
400,1402011,-0.751892,2.723365188,1,2.723365188,NVIDIA Tesla V100-SXM2-32G,Simulated Annealing,,"MCS_per_temperature=1, number_of_temperatures=100, schedule=logT"
400,1402014,-0.763823,2.734868598,1,2.734868598,NVIDIA Tesla V100-SXM2-32G,Simulated Annealing,,"MCS_per_temperature=1, number_of_temperatures=100, schedule=logT"
400,1402017,-0.756801,2.73656044,1,2.73656044,NVIDIA Tesla V100-SXM2-32G,Simulated Annealing,,"MCS_per_temperature=1, number_of_temperatures=100, schedule=logT"
400,1402020,-0.753725,2.742914438,1,2.742914438,NVIDIA Tesla V100-SXM2-32G,Simulated Annealing,,"MCS_per_temperature=1, number_of_temperatures=100, schedule=logT"
400,1402023,-0.740970,2.737190008,1,2.737190008,NVIDIA Tesla V100-SXM2-32G,Simulated Annealing,,"MCS_per_temperature=1, number_of_temperatures=100, schedule=logT"
400,1402026,-0.752917,2.718181849,1,2.718181849,NVIDIA Tesla V100-SXM2-32G,Simulated Annealing,,"MCS_per_temperature=1, number_of_temperatures=100, schedule=logT"
400,1402029,-0.753722,2.768423629,1,2.768423629,NVIDIA Tesla V100-SXM2-32G,Simulated Annealing,,"MCS_per_temperature=1, number_of_temperatures=100, schedule=logT"
600,1601732,-0.745058,5.482632518,1,5.482632518,NVIDIA Tesla V100-SXM2-32G,Simulated Annealing,,"MCS_per_temperature=1, number_of_temperatures=100, schedule=logT"
600,1601735,-0.751392,5.460754395,1,5.460754395,NVIDIA Tesla V100-SXM2-32G,Simulated Annealing,,"MCS_per_temperature=1, number_of_temperatures=100, schedule=logT"
600,1601738,-0.748177,5.475893331,1,5.475893331,NVIDIA Tesla V100-SXM2-32G,Simulated Annealing,,"MCS_per_temperature=1, number_of_temperatures=100, schedule=logT"
600,1601741,-0.750243,5.466781235,1,5.466781235,NVIDIA Tesla V100-SXM2-32G,Simulated Annealing,,"MCS_per_temperature=1, number_of_temperatures=100, schedule=logT"
600,1601744,-0.754038,5.471339226,1,5.471339226,NVIDIA Tesla V100-SXM2-32G,Simulated Annealing,,"MCS_per_temperature=1, number_of_temperatures=100, schedule=logT"
600,1601747,-0.755738,5.46708262,1,5.46708262,NVIDIA Tesla V100-SXM2-32G,Simulated Annealing,,"MCS_per_temperature=1, number_of_temperatures=100, schedule=logT"
600,1601750,-0.753444,5.441741443,1,5.441741443,NVIDIA Tesla V100-SXM2-32G,Simulated Annealing,,"MCS_per_temperature=1, number_of_temperatures=100, schedule=logT"
600,1601753,-0.748959,5.473267198,1,5.473267198,NVIDIA Tesla V100-SXM2-32G,Simulated Annealing,,"MCS_per_temperature=1, number_of_temperatures=100, schedule=logT"
600,1601756,-0.754196,5.554789519,1,5.554789519,NVIDIA Tesla V100-SXM2-32G,Simulated Annealing,,"MCS_per_temperature=1, number_of_temperatures=100, schedule=logT"
600,1601759,-0.746958,5.547274995,1,5.547274995,NVIDIA Tesla V100-SXM2-32G,Simulated Annealing,,"MCS_per_temperature=1, number_of_temperatures=100, schedule=logT"
600,1601762,-0.758163,5.526335168,1,5.526335168,NVIDIA Tesla V100-SXM2-32G,Simulated Annealing,,"MCS_per_temperature=1, number_of_temperatures=100, schedule=logT"
600,1601765,-0.745421,5.460176635,1,5.460176635,NVIDIA Tesla V100-SXM2-32G,Simulated Annealing,,"MCS_per_temperature=1, number_of_temperatures=100, schedule=logT"
600,1601768,-0.746599,5.491000772,1,5.491000772,NVIDIA Tesla V100-SXM2-32G,Simulated Annealing,,"MCS_per_temperature=1, number_of_temperatures=100, schedule=logT"
600,1601771,-0.752739,5.491550469,1,5.491550469,NVIDIA Tesla V100-SXM2-32G,Simulated Annealing,,"MCS_per_temperature=1, number_of_temperatures=100, schedule=logT"
600,1601774,-0.749107,5.544578671,1,5.544578671,NVIDIA Tesla V100-SXM2-32G,Simulated Annealing,,"MCS_per_temperature=1, number_of_temperatures=100, schedule=logT"
600,1601777,-0.752455,5.475042653,1,5.475042653,NVIDIA Tesla V100-SXM2-32G,Simulated Annealing,,"MCS_per_temperature=1, number_of_temperatures=100, schedule=logT"
600,1601780,-0.756519,5.453823757,1,5.453823757,NVIDIA Tesla V100-SXM2-32G,Simulated Annealing,,"MCS_per_temperature=1, number_of_temperatures=100, schedule=logT"
600,1601783,-0.749233,5.496175194,1,5.496175194,NVIDIA Tesla V100-SXM2-32G,Simulated Annealing,,"MCS_per_temperature=1, number_of_temperatures=100, schedule=logT"
600,1601786,-0.749869,5.470338058,1,5.470338058,NVIDIA Tesla V100-SXM2-32G,Simulated Annealing,,"MCS_per_temperature=1, number_of_temperatures=100, schedule=logT"
600,1601789,-0.757685,5.439931774,1,5.439931774,NVIDIA Tesla V100-SXM2-32G,Simulated Annealing,,"MCS_per_temperature=1, number_of_temperatures=100, schedule=logT"
600,1601792,-0.757484,5.470601869,1,5.470601869,NVIDIA Tesla V100-SXM2-32G,Simulated Annealing,,"MCS_per_temperature=1, number_of_temperatures=100, schedule=logT"
600,1601795,-0.763234,5.458661962,1,5.458661962,NVIDIA Tesla V100-SXM2-32G,Simulated Annealing,,"MCS_per_temperature=1, number_of_temperatures=100, schedule=logT"
600,1601798,-0.761139,5.461537099,1,5.461537099,NVIDIA Tesla V100-SXM2-32G,Simulated Annealing,,"MCS_per_temperature=1, number_of_temperatures=100, schedule=logT"
600,1601801,-0.748552,5.40658505,1,5.40658505,NVIDIA Tesla V100-SXM2-32G,Simulated Annealing,,"MCS_per_temperature=1, number_of_temperatures=100, schedule=logT"
600,1601804,-0.747045,5.469611359,1,5.469611359,NVIDIA Tesla V100-SXM2-32G,Simulated Annealing,,"MCS_per_temperature=1, number_of_temperatures=100, schedule=logT"
600,1601807,-0.754266,5.486295056,1,5.486295056,NVIDIA Tesla V100-SXM2-32G,Simulated Annealing,,"MCS_per_temperature=1, number_of_temperatures=100, schedule=logT"
600,1601810,-0.759580,5.524292707,1,5.524292707,NVIDIA Tesla V100-SXM2-32G,Simulated Annealing,,"MCS_per_temperature=1, number_of_temperatures=100, schedule=logT"
600,1601813,-0.749189,5.464766192,1,5.464766192,NVIDIA Tesla V100-SXM2-32G,Simulated Annealing,,"MCS_per_temperature=1, number_of_temperatures=100, schedule=logT"
600,1601816,-0.759538,5.513712931,1,5.513712931,NVIDIA Tesla V100-SXM2-32G,Simulated Annealing,,"MCS_per_temperature=1, number_of_temperatures=100, schedule=logT"
600,1601819,-0.755000,5.499165034,1,5.499165034,NVIDIA Tesla V100-SXM2-32G,Simulated Annealing,,"MCS_per_temperature=1, number_of_temperatures=100, schedule=logT"
600,1601822,-0.746519,5.436568856,1,5.436568856,NVIDIA Tesla V100-SXM2-32G,Simulated Annealing,,"MCS_per_temperature=1, number_of_temperatures=100, schedule=logT"
600,1601825,-0.745780,5.490997982,1,5.490997982,NVIDIA Tesla V100-SXM2-32G,Simulated Annealing,,"MCS_per_temperature=1, number_of_temperatures=100, schedule=logT"
600,1601828,-0.752255,5.454571748,1,5.454571748,NVIDIA Tesla V100-SXM2-32G,Simulated Annealing,,"MCS_per_temperature=1, number_of_temperatures=100, schedule=logT"
600,1601831,-0.756614,5.508932686,1,5.508932686,NVIDIA Tesla V100-SXM2-32G,Simulated Annealing,,"MCS_per_temperature=1, number_of_temperatures=100, schedule=logT"
600,1601834,-0.746064,5.469253659,1,5.469253659,NVIDIA Tesla V100-SXM2-32G,Simulated Annealing,,"MCS_per_temperature=1, number_of_temperatures=100, schedule=logT"
600,1601837,-0.742816,5.471873164,1,5.471873164,NVIDIA Tesla V100-SXM2-32G,Simulated Annealing,,"MCS_per_temperature=1, number_of_temperatures=100, schedule=logT"
600,1601840,-0.751235,5.474962807,1,5.474962807,NVIDIA Tesla V100-SXM2-32G,Simulated Annealing,,"MCS_per_temperature=1, number_of_temperatures=100, schedule=logT"
600,1601843,-0.762066,5.476718998,1,5.476718998,NVIDIA Tesla V100-SXM2-32G,Simulated Annealing,,"MCS_per_temperature=1, number_of_temperatures=100, schedule=logT"
600,1601846,-0.748014,5.475297451,1,5.475297451,NVIDIA Tesla V100-SXM2-32G,Simulated Annealing,,"MCS_per_temperature=1, number_of_temperatures=100, schedule=logT"
600,1601849,-0.756480,5.525033641,1,5.525033641,NVIDIA Tesla V100-SXM2-32G,Simulated Annealing,,"MCS_per_temperature=1, number_of_temperatures=100, schedule=logT"
600,1601852,-0.766249,5.530727959,1,5.530727959,NVIDIA Tesla V100-SXM2-32G,Simulated Annealing,,"MCS_per_temperature=1, number_of_temperatures=100, schedule=logT"
600,1601855,-0.751660,5.457337189,1,5.457337189,NVIDIA Tesla V100-SXM2-32G,Simulated Annealing,,"MCS_per_temperature=1, number_of_temperatures=100, schedule=logT"
600,1601858,-0.755794,5.509011388,1,5.509011388,NVIDIA Tesla V100-SXM2-32G,Simulated Annealing,,"MCS_per_temperature=1, number_of_temperatures=100, schedule=logT"
600,1601861,-0.756413,5.476896,1,5.476896,NVIDIA Tesla V100-SXM2-32G,Simulated Annealing,,"MCS_per_temperature=1, number_of_temperatures=100, schedule=logT"
600,1601864,-0.753697,5.471858025,1,5.471858025,NVIDIA Tesla V100-SXM2-32G,Simulated Annealing,,"MCS_per_temperature=1, number_of_temperatures=100, schedule=logT"
600,1601867,-0.747868,5.477386689,1,5.477386689,NVIDIA Tesla V100-SXM2-32G,Simulated Annealing,,"MCS_per_temperature=1, number_of_temperatures=100, schedule=logT"
600,1601870,-0.751092,5.461342692,1,5.461342692,NVIDIA Tesla V100-SXM2-32G,Simulated Annealing,,"MCS_per_temperature=1, number_of_temperatures=100, schedule=logT"
600,1601873,-0.752419,5.465950203,1,5.465950203,NVIDIA Tesla V100-SXM2-32G,Simulated Annealing,,"MCS_per_temperature=1, number_of_temperatures=100, schedule=logT"
600,1601876,-0.756369,5.476256704,1,5.476256704,NVIDIA Tesla V100-SXM2-32G,Simulated Annealing,,"MCS_per_temperature=1, number_of_temperatures=100, schedule=logT"
600,1601879,-0.760752,5.451466465,1,5.451466465,NVIDIA Tesla V100-SXM2-32G,Simulated Annealing,,"MCS_per_temperature=1, number_of_temperatures=100, schedule=logT"
600,1601882,-0.750216,5.44685452,1,5.44685452,NVIDIA Tesla V100-SXM2-32G,Simulated Annealing,,"MCS_per_temperature=1, number_of_temperatures=100, schedule=logT"
600,1601885,-0.750434,5.456980062,1,5.456980062,NVIDIA Tesla V100-SXM2-32G,Simulated Annealing,,"MCS_per_temperature=1, number_of_temperatures=100, schedule=logT"
600,1601888,-0.750170,5.436240363,1,5.436240363,NVIDIA Tesla V100-SXM2-32G,Simulated Annealing,,"MCS_per_temperature=1, number_of_temperatures=100, schedule=logT"
600,1601891,-0.747360,5.436111522,1,5.436111522,NVIDIA Tesla V100-SXM2-32G,Simulated Annealing,,"MCS_per_temperature=1, number_of_temperatures=100, schedule=logT"
600,1601894,-0.749229,5.489035201,1,5.489035201,NVIDIA Tesla V100-SXM2-32G,Simulated Annealing,,"MCS_per_temperature=1, number_of_temperatures=100, schedule=logT"
600,1601897,-0.750146,5.494842815,1,5.494842815,NVIDIA Tesla V100-SXM2-32G,Simulated Annealing,,"MCS_per_temperature=1, number_of_temperatures=100, schedule=logT"
600,1601900,-0.750012,5.504410243,1,5.504410243,NVIDIA Tesla V100-SXM2-32G,Simulated Annealing,,"MCS_per_temperature=1, number_of_temperatures=100, schedule=logT"
600,1601903,-0.758844,5.476633215,1,5.476633215,NVIDIA Tesla V100-SXM2-32G,Simulated Annealing,,"MCS_per_temperature=1, number_of_temperatures=100, schedule=logT"
600,1601906,-0.756682,5.433702779,1,5.433702779,NVIDIA Tesla V100-SXM2-32G,Simulated Annealing,,"MCS_per_temperature=1, number_of_temperatures=100, schedule=logT"
600,1601909,-0.751250,5.483909273,1,5.483909273,NVIDIA Tesla V100-SXM2-32G,Simulated Annealing,,"MCS_per_temperature=1, number_of_temperatures=100, schedule=logT"
600,1601912,-0.752685,5.50892148,1,5.50892148,NVIDIA Tesla V100-SXM2-32G,Simulated Annealing,,"MCS_per_temperature=1, number_of_temperatures=100, schedule=logT"
600,1601915,-0.762830,5.564376998,1,5.564376998,NVIDIA Tesla V100-SXM2-32G,Simulated Annealing,,"MCS_per_temperature=1, number_of_temperatures=100, schedule=logT"
600,1601918,-0.750940,5.483011246,1,5.483011246,NVIDIA Tesla V100-SXM2-32G,Simulated Annealing,,"MCS_per_temperature=1, number_of_temperatures=100, schedule=logT"
600,1601921,-0.750805,5.467490602,1,5.467490602,NVIDIA Tesla V100-SXM2-32G,Simulated Annealing,,"MCS_per_temperature=1, number_of_temperatures=100, schedule=logT"
600,1601924,-0.752509,5.484544659,1,5.484544659,NVIDIA Tesla V100-SXM2-32G,Simulated Annealing,,"MCS_per_temperature=1, number_of_temperatures=100, schedule=logT"
600,1601927,-0.754076,5.468337917,1,5.468337917,NVIDIA Tesla V100-SXM2-32G,Simulated Annealing,,"MCS_per_temperature=1, number_of_temperatures=100, schedule=logT"
600,1601930,-0.749567,5.448087859,1,5.448087859,NVIDIA Tesla V100-SXM2-32G,Simulated Annealing,,"MCS_per_temperature=1, number_of_temperatures=100, schedule=logT"
600,1601933,-0.756853,5.473156309,1,5.473156309,NVIDIA Tesla V100-SXM2-32G,Simulated Annealing,,"MCS_per_temperature=1, number_of_temperatures=100, schedule=logT"
600,1601936,-0.761000,5.479711008,1,5.479711008,NVIDIA Tesla V100-SXM2-32G,Simulated Annealing,,"MCS_per_temperature=1, number_of_temperatures=100, schedule=logT"
600,1601939,-0.750706,5.506031609,1,5.506031609,NVIDIA Tesla V100-SXM2-32G,Simulated Annealing,,"MCS_per_temperature=1, number_of_temperatures=100, schedule=logT"
600,1601942,-0.759919,5.515799522,1,5.515799522,NVIDIA Tesla V100-SXM2-32G,Simulated Annealing,,"MCS_per_temperature=1, number_of_temperatures=100, schedule=logT"
600,1601945,-0.751878,5.447144866,1,5.447144866,NVIDIA Tesla V100-SXM2-32G,Simulated Annealing,,"MCS_per_temperature=1, number_of_temperatures=100, schedule=logT"
600,1601948,-0.759720,5.482992363,1,5.482992363,NVIDIA Tesla V100-SXM2-32G,Simulated Annealing,,"MCS_per_temperature=1, number_of_temperatures=100, schedule=logT"
600,1601951,-0.749428,5.463086677,1,5.463086677,NVIDIA Tesla V100-SXM2-32G,Simulated Annealing,,"MCS_per_temperature=1, number_of_temperatures=100, schedule=logT"
600,1601954,-0.755457,5.497222853,1,5.497222853,NVIDIA Tesla V100-SXM2-32G,Simulated Annealing,,"MCS_per_temperature=1, number_of_temperatures=100, schedule=logT"
600,1601957,-0.749332,5.489217401,1,5.489217401,NVIDIA Tesla V100-SXM2-32G,Simulated Annealing,,"MCS_per_temperature=1, number_of_temperatures=100, schedule=logT"
600,1601960,-0.754908,5.453556323,1,5.453556323,NVIDIA Tesla V100-SXM2-32G,Simulated Annealing,,"MCS_per_temperature=1, number_of_temperatures=100, schedule=logT"
600,1601963,-0.749017,5.496065569,1,5.496065569,NVIDIA Tesla V100-SXM2-32G,Simulated Annealing,,"MCS_per_temperature=1, number_of_temperatures=100, schedule=logT"
600,1601966,-0.751507,5.459874582,1,5.459874582,NVIDIA Tesla V100-SXM2-32G,Simulated Annealing,,"MCS_per_temperature=1, number_of_temperatures=100, schedule=logT"
600,1601969,-0.751360,5.515105152,1,5.515105152,NVIDIA Tesla V100-SXM2-32G,Simulated Annealing,,"MCS_per_temperature=1, number_of_temperatures=100, schedule=logT"
600,1601972,-0.759462,5.540292716,1,5.540292716,NVIDIA Tesla V100-SXM2-32G,Simulated Annealing,,"MCS_per_temperature=1, number_of_temperatures=100, schedule=logT"
600,1601975,-0.759573,5.440893722,1,5.440893722,NVIDIA Tesla V100-SXM2-32G,Simulated Annealing,,"MCS_per_temperature=1, number_of_temperatures=100, schedule=logT"
600,1601978,-0.753140,5.498868108,1,5.498868108,NVIDIA Tesla V100-SXM2-32G,Simulated Annealing,,"MCS_per_temperature=1, number_of_temperatures=100, schedule=logT"
600,1601981,-0.754602,5.461391902,1,5.461391902,NVIDIA Tesla V100-SXM2-32G,Simulated Annealing,,"MCS_per_temperature=1, number_of_temperatures=100, schedule=logT"
600,1601984,-0.750563,5.413599777,1,5.413599777,NVIDIA Tesla V100-SXM2-32G,Simulated Annealing,,"MCS_per_temperature=1, number_of_temperatures=100, schedule=logT"
600,1601987,-0.751697,5.519543386,1,5.519543386,NVIDIA Tesla V100-SXM2-32G,Simulated Annealing,,"MCS_per_temperature=1, number_of_temperatures=100, schedule=logT"
600,1601990,-0.760771,5.487429023,1,5.487429023,NVIDIA Tesla V100-SXM2-32G,Simulated Annealing,,"MCS_per_temperature=1, number_of_temperatures=100, schedule=logT"
600,1601993,-0.745899,5.437291241,1,5.437291241,NVIDIA Tesla V100-SXM2-32G,Simulated Annealing,,"MCS_per_temperature=1, number_of_temperatures=100, schedule=logT"
600,1601996,-0.752317,5.475702596,1,5.475702596,NVIDIA Tesla V100-SXM2-32G,Simulated Annealing,,"MCS_per_temperature=1, number_of_temperatures=100, schedule=logT"
600,1601999,-0.759210,5.44343679,1,5.44343679,NVIDIA Tesla V100-SXM2-32G,Simulated Annealing,,"MCS_per_temperature=1, number_of_temperatures=100, schedule=logT"
600,1602002,-0.753692,5.423791337,1,5.423791337,NVIDIA Tesla V100-SXM2-32G,Simulated Annealing,,"MCS_per_temperature=1, number_of_temperatures=100, schedule=logT"
600,1602005,-0.758458,5.485081005,1,5.485081005,NVIDIA Tesla V100-SXM2-32G,Simulated Annealing,,"MCS_per_temperature=1, number_of_temperatures=100, schedule=logT"
600,1602008,-0.747811,5.458465648,1,5.458465648,NVIDIA Tesla V100-SXM2-32G,Simulated Annealing,,"MCS_per_temperature=1, number_of_temperatures=100, schedule=logT"
600,1602011,-0.758789,5.469518805,1,5.469518805,NVIDIA Tesla V100-SXM2-32G,Simulated Annealing,,"MCS_per_temperature=1, number_of_temperatures=100, schedule=logT"
600,1602014,-0.750523,5.464232183,1,5.464232183,NVIDIA Tesla V100-SXM2-32G,Simulated Annealing,,"MCS_per_temperature=1, number_of_temperatures=100, schedule=logT"
600,1602017,-0.759026,5.469536424,1,5.469536424,NVIDIA Tesla V100-SXM2-32G,Simulated Annealing,,"MCS_per_temperature=1, number_of_temperatures=100, schedule=logT"
600,1602020,-0.753387,5.496417356,1,5.496417356,NVIDIA Tesla V100-SXM2-32G,Simulated Annealing,,"MCS_per_temperature=1, number_of_temperatures=100, schedule=logT"
600,1602023,-0.752885,5.475447798,1,5.475447798,NVIDIA Tesla V100-SXM2-32G,Simulated Annealing,,"MCS_per_temperature=1, number_of_temperatures=100, schedule=logT"
600,1602026,-0.754118,5.480356479,1,5.480356479,NVIDIA Tesla V100-SXM2-32G,Simulated Annealing,,"MCS_per_temperature=1, number_of_temperatures=100, schedule=logT"
600,1602029,-0.748254,5.443150926,1,5.443150926,NVIDIA Tesla V100-SXM2-32G,Simulated Annealing,,"MCS_per_temperature=1, number_of_temperatures=100, schedule=logT"
800,1801732,-0.758648,7.163187718,1,7.163187718,NVIDIA Tesla V100-SXM2-32G,Simulated Annealing,,"MCS_per_temperature=1, number_of_temperatures=100, schedule=logT"
800,1801735,-0.761385,7.137598991,1,7.137598991,NVIDIA Tesla V100-SXM2-32G,Simulated Annealing,,"MCS_per_temperature=1, number_of_temperatures=100, schedule=logT"
800,1801738,-0.759020,7.065886736,1,7.065886736,NVIDIA Tesla V100-SXM2-32G,Simulated Annealing,,"MCS_per_temperature=1, number_of_temperatures=100, schedule=logT"
800,1801741,-0.753424,7.08757534,1,7.08757534,NVIDIA Tesla V100-SXM2-32G,Simulated Annealing,,"MCS_per_temperature=1, number_of_temperatures=100, schedule=logT"
800,1801744,-0.758203,7.066196942,1,7.066196942,NVIDIA Tesla V100-SXM2-32G,Simulated Annealing,,"MCS_per_temperature=1, number_of_temperatures=100, schedule=logT"
800,1801747,-0.749683,7.081103253,1,7.081103253,NVIDIA Tesla V100-SXM2-32G,Simulated Annealing,,"MCS_per_temperature=1, number_of_temperatures=100, schedule=logT"
800,1801750,-0.749185,7.133970451,1,7.133970451,NVIDIA Tesla V100-SXM2-32G,Simulated Annealing,,"MCS_per_temperature=1, number_of_temperatures=100, schedule=logT"
800,1801753,-0.761441,7.079969883,1,7.079969883,NVIDIA Tesla V100-SXM2-32G,Simulated Annealing,,"MCS_per_temperature=1, number_of_temperatures=100, schedule=logT"
800,1801756,-0.752508,7.083560133,1,7.083560133,NVIDIA Tesla V100-SXM2-32G,Simulated Annealing,,"MCS_per_temperature=1, number_of_temperatures=100, schedule=logT"
800,1801759,-0.750066,7.071521425,1,7.071521425,NVIDIA Tesla V100-SXM2-32G,Simulated Annealing,,"MCS_per_temperature=1, number_of_temperatures=100, schedule=logT"
800,1801762,-0.750344,7.038380241,1,7.038380241,NVIDIA Tesla V100-SXM2-32G,Simulated Annealing,,"MCS_per_temperature=1, number_of_temperatures=100, schedule=logT"
800,1801765,-0.756849,7.017600965,1,7.017600965,NVIDIA Tesla V100-SXM2-32G,Simulated Annealing,,"MCS_per_temperature=1, number_of_temperatures=100, schedule=logT"
800,1801768,-0.753876,7.0321141,1,7.0321141,NVIDIA Tesla V100-SXM2-32G,Simulated Annealing,,"MCS_per_temperature=1, number_of_temperatures=100, schedule=logT"
800,1801771,-0.752071,7.025104928,1,7.025104928,NVIDIA Tesla V100-SXM2-32G,Simulated Annealing,,"MCS_per_temperature=1, number_of_temperatures=100, schedule=logT"
800,1801774,-0.758096,7.14084394,1,7.14084394,NVIDIA Tesla V100-SXM2-32G,Simulated Annealing,,"MCS_per_temperature=1, number_of_temperatures=100, schedule=logT"
800,1801777,-0.753818,7.071898961,1,7.071898961,NVIDIA Tesla V100-SXM2-32G,Simulated Annealing,,"MCS_per_temperature=1, number_of_temperatures=100, schedule=logT"
800,1801780,-0.755327,7.059908533,1,7.059908533,NVIDIA Tesla V100-SXM2-32G,Simulated Annealing,,"MCS_per_temperature=1, number_of_temperatures=100, schedule=logT"
800,1801783,-0.757433,7.047694612,1,7.047694612,NVIDIA Tesla V100-SXM2-32G,Simulated Annealing,,"MCS_per_temperature=1, number_of_temperatures=100, schedule=logT"
800,1801786,-0.752870,7.019837093,1,7.019837093,NVIDIA Tesla V100-SXM2-32G,Simulated Annealing,,"MCS_per_temperature=1, number_of_temperatures=100, schedule=logT"
800,1801789,-0.753703,7.078140903,1,7.078140903,NVIDIA Tesla V100-SXM2-32G,Simulated Annealing,,"MCS_per_temperature=1, number_of_temperatures=100, schedule=logT"
800,1801792,-0.754276,7.05007751,1,7.05007751,NVIDIA Tesla V100-SXM2-32G,Simulated Annealing,,"MCS_per_temperature=1, number_of_temperatures=100, schedule=logT"
800,1801795,-0.749726,7.057448816,1,7.057448816,NVIDIA Tesla V100-SXM2-32G,Simulated Annealing,,"MCS_per_temperature=1, number_of_temperatures=100, schedule=logT"
800,1801798,-0.755969,7.079020882,1,7.079020882,NVIDIA Tesla V100-SXM2-32G,Simulated Annealing,,"MCS_per_temperature=1, number_of_temperatures=100, schedule=logT"
800,1801801,-0.752739,7.12898159,1,7.12898159,NVIDIA Tesla V100-SXM2-32G,Simulated Annealing,,"MCS_per_temperature=1, number_of_temperatures=100, schedule=logT"
800,1801804,-0.750396,7.10833869,1,7.10833869,NVIDIA Tesla V100-SXM2-32G,Simulated Annealing,,"MCS_per_temperature=1, number_of_temperatures=100, schedule=logT"
800,1801807,-0.754797,7.349993086,1,7.349993086,NVIDIA Tesla V100-SXM2-32G,Simulated Annealing,,"MCS_per_temperature=1, number_of_temperatures=100, schedule=logT"
800,1801810,-0.747970,7.168279982,1,7.168279982,NVIDIA Tesla V100-SXM2-32G,Simulated Annealing,,"MCS_per_temperature=1, number_of_temperatures=100, schedule=logT"
800,1801813,-0.750870,7.167100668,1,7.167100668,NVIDIA Tesla V100-SXM2-32G,Simulated Annealing,,"MCS_per_temperature=1, number_of_temperatures=100, schedule=logT"
800,1801816,-0.750020,7.223975277,1,7.223975277,NVIDIA Tesla V100-SXM2-32G,Simulated Annealing,,"MCS_per_temperature=1, number_of_temperatures=100, schedule=logT"
800,1801819,-0.750025,7.161026716,1,7.161026716,NVIDIA Tesla V100-SXM2-32G,Simulated Annealing,,"MCS_per_temperature=1, number_of_temperatures=100, schedule=logT"
800,1801822,-0.764175,7.249857116,1,7.249857116,NVIDIA Tesla V100-SXM2-32G,Simulated Annealing,,"MCS_per_temperature=1, number_of_temperatures=100, schedule=logT"
800,1801825,-0.755946,7.153578544,1,7.153578544,NVIDIA Tesla V100-SXM2-32G,Simulated Annealing,,"MCS_per_temperature=1, number_of_temperatures=100, schedule=logT"
800,1801828,-0.749868,7.218581772,1,7.218581772,NVIDIA Tesla V100-SXM2-32G,Simulated Annealing,,"MCS_per_temperature=1, number_of_temperatures=100, schedule=logT"
800,1801831,-0.756448,7.227843618,1,7.227843618,NVIDIA Tesla V100-SXM2-32G,Simulated Annealing,,"MCS_per_temperature=1, number_of_temperatures=100, schedule=logT"
800,1801834,-0.759625,7.181298327,1,7.181298327,NVIDIA Tesla V100-SXM2-32G,Simulated Annealing,,"MCS_per_temperature=1, number_of_temperatures=100, schedule=logT"
800,1801837,-0.750602,7.179422092,1,7.179422092,NVIDIA Tesla V100-SXM2-32G,Simulated Annealing,,"MCS_per_temperature=1, number_of_temperatures=100, schedule=logT"
800,1801840,-0.761483,7.149477887,1,7.149477887,NVIDIA Tesla V100-SXM2-32G,Simulated Annealing,,"MCS_per_temperature=1, number_of_temperatures=100, schedule=logT"
800,1801843,-0.751347,7.123777413,1,7.123777413,NVIDIA Tesla V100-SXM2-32G,Simulated Annealing,,"MCS_per_temperature=1, number_of_temperatures=100, schedule=logT"
800,1801846,-0.758945,7.267776418,1,7.267776418,NVIDIA Tesla V100-SXM2-32G,Simulated Annealing,,"MCS_per_temperature=1, number_of_temperatures=100, schedule=logT"
800,1801849,-0.752069,7.181496692,1,7.181496692,NVIDIA Tesla V100-SXM2-32G,Simulated Annealing,,"MCS_per_temperature=1, number_of_temperatures=100, schedule=logT"
800,1801852,-0.755835,7.123090482,1,7.123090482,NVIDIA Tesla V100-SXM2-32G,Simulated Annealing,,"MCS_per_temperature=1, number_of_temperatures=100, schedule=logT"
800,1801855,-0.756142,7.199664783,1,7.199664783,NVIDIA Tesla V100-SXM2-32G,Simulated Annealing,,"MCS_per_temperature=1, number_of_temperatures=100, schedule=logT"
800,1801858,-0.759181,7.136216187,1,7.136216187,NVIDIA Tesla V100-SXM2-32G,Simulated Annealing,,"MCS_per_temperature=1, number_of_temperatures=100, schedule=logT"
800,1801861,-0.756947,7.148966551,1,7.148966551,NVIDIA Tesla V100-SXM2-32G,Simulated Annealing,,"MCS_per_temperature=1, number_of_temperatures=100, schedule=logT"
800,1801864,-0.754584,7.16372869,1,7.16372869,NVIDIA Tesla V100-SXM2-32G,Simulated Annealing,,"MCS_per_temperature=1, number_of_temperatures=100, schedule=logT"
800,1801867,-0.760169,7.175585556,1,7.175585556,NVIDIA Tesla V100-SXM2-32G,Simulated Annealing,,"MCS_per_temperature=1, number_of_temperatures=100, schedule=logT"
800,1801870,-0.755670,7.187285066,1,7.187285066,NVIDIA Tesla V100-SXM2-32G,Simulated Annealing,,"MCS_per_temperature=1, number_of_temperatures=100, schedule=logT"
800,1801873,-0.750929,7.17260859,1,7.17260859,NVIDIA Tesla V100-SXM2-32G,Simulated Annealing,,"MCS_per_temperature=1, number_of_temperatures=100, schedule=logT"
800,1801876,-0.760083,7.284091258,1,7.284091258,NVIDIA Tesla V100-SXM2-32G,Simulated Annealing,,"MCS_per_temperature=1, number_of_temperatures=100, schedule=logT"
800,1801879,-0.750333,7.144996572,1,7.144996572,NVIDIA Tesla V100-SXM2-32G,Simulated Annealing,,"MCS_per_temperature=1, number_of_temperatures=100, schedule=logT"
800,1801882,-0.763096,7.073939681,1,7.073939681,NVIDIA Tesla V100-SXM2-32G,Simulated Annealing,,"MCS_per_temperature=1, number_of_temperatures=100, schedule=logT"
800,1801885,-0.755498,7.088772678,1,7.088772678,NVIDIA Tesla V100-SXM2-32G,Simulated Annealing,,"MCS_per_temperature=1, number_of_temperatures=100, schedule=logT"
800,1801888,-0.754612,7.060421014,1,7.060421014,NVIDIA Tesla V100-SXM2-32G,Simulated Annealing,,"MCS_per_temperature=1, number_of_temperatures=100, schedule=logT"
800,1801891,-0.751560,7.093774343,1,7.093774343,NVIDIA Tesla V100-SXM2-32G,Simulated Annealing,,"MCS_per_temperature=1, number_of_temperatures=100, schedule=logT"
800,1801894,-0.755503,7.102235103,1,7.102235103,NVIDIA Tesla V100-SXM2-32G,Simulated Annealing,,"MCS_per_temperature=1, number_of_temperatures=100, schedule=logT"
800,1801897,-0.753445,7.158593869,1,7.158593869,NVIDIA Tesla V100-SXM2-32G,Simulated Annealing,,"MCS_per_temperature=1, number_of_temperatures=100, schedule=logT"
800,1801900,-0.755647,7.152432752,1,7.152432752,NVIDIA Tesla V100-SXM2-32G,Simulated Annealing,,"MCS_per_temperature=1, number_of_temperatures=100, schedule=logT"
800,1801903,-0.752241,7.116560054,1,7.116560054,NVIDIA Tesla V100-SXM2-32G,Simulated Annealing,,"MCS_per_temperature=1, number_of_temperatures=100, schedule=logT"
800,1801906,-0.750394,7.144308972,1,7.144308972,NVIDIA Tesla V100-SXM2-32G,Simulated Annealing,,"MCS_per_temperature=1, number_of_temperatures=100, schedule=logT"
800,1801909,-0.758069,7.187969041,1,7.187969041,NVIDIA Tesla V100-SXM2-32G,Simulated Annealing,,"MCS_per_temperature=1, number_of_temperatures=100, schedule=logT"
800,1801912,-0.758051,7.07723546,1,7.07723546,NVIDIA Tesla V100-SXM2-32G,Simulated Annealing,,"MCS_per_temperature=1, number_of_temperatures=100, schedule=logT"
800,1801915,-0.763134,7.120188284,1,7.120188284,NVIDIA Tesla V100-SXM2-32G,Simulated Annealing,,"MCS_per_temperature=1, number_of_temperatures=100, schedule=logT"
800,1801918,-0.757698,7.08907125,1,7.08907125,NVIDIA Tesla V100-SXM2-32G,Simulated Annealing,,"MCS_per_temperature=1, number_of_temperatures=100, schedule=logT"
800,1801921,-0.755093,7.079453945,1,7.079453945,NVIDIA Tesla V100-SXM2-32G,Simulated Annealing,,"MCS_per_temperature=1, number_of_temperatures=100, schedule=logT"
800,1801924,-0.754269,7.089475036,1,7.089475036,NVIDIA Tesla V100-SXM2-32G,Simulated Annealing,,"MCS_per_temperature=1, number_of_temperatures=100, schedule=logT"
800,1801927,-0.754921,7.05275805,1,7.05275805,NVIDIA Tesla V100-SXM2-32G,Simulated Annealing,,"MCS_per_temperature=1, number_of_temperatures=100, schedule=logT"
800,1801930,-0.752458,7.105803061,1,7.105803061,NVIDIA Tesla V100-SXM2-32G,Simulated Annealing,,"MCS_per_temperature=1, number_of_temperatures=100, schedule=logT"
800,1801933,-0.753041,7.048914647,1,7.048914647,NVIDIA Tesla V100-SXM2-32G,Simulated Annealing,,"MCS_per_temperature=1, number_of_temperatures=100, schedule=logT"
800,1801936,-0.755070,7.088585615,1,7.088585615,NVIDIA Tesla V100-SXM2-32G,Simulated Annealing,,"MCS_per_temperature=1, number_of_temperatures=100, schedule=logT"
800,1801939,-0.758958,7.142722726,1,7.142722726,NVIDIA Tesla V100-SXM2-32G,Simulated Annealing,,"MCS_per_temperature=1, number_of_temperatures=100, schedule=logT"
800,1801942,-0.756832,7.12530241,1,7.12530241,NVIDIA Tesla V100-SXM2-32G,Simulated Annealing,,"MCS_per_temperature=1, number_of_temperatures=100, schedule=logT"
800,1801945,-0.749547,7.064917612,1,7.064917612,NVIDIA Tesla V100-SXM2-32G,Simulated Annealing,,"MCS_per_temperature=1, number_of_temperatures=100, schedule=logT"
800,1801948,-0.755821,7.151021719,1,7.151021719,NVIDIA Tesla V100-SXM2-32G,Simulated Annealing,,"MCS_per_temperature=1, number_of_temperatures=100, schedule=logT"
800,1801951,-0.755357,7.085465598,1,7.085465598,NVIDIA Tesla V100-SXM2-32G,Simulated Annealing,,"MCS_per_temperature=1, number_of_temperatures=100, schedule=logT"
800,1801954,-0.751329,7.116233468,1,7.116233468,NVIDIA Tesla V100-SXM2-32G,Simulated Annealing,,"MCS_per_temperature=1, number_of_temperatures=100, schedule=logT"
800,1801957,-0.753758,7.07734797,1,7.07734797,NVIDIA Tesla V100-SXM2-32G,Simulated Annealing,,"MCS_per_temperature=1, number_of_temperatures=100, schedule=logT"
800,1801960,-0.754187,7.05121634,1,7.05121634,NVIDIA Tesla V100-SXM2-32G,Simulated Annealing,,"MCS_per_temperature=1, number_of_temperatures=100, schedule=logT"
800,1801963,-0.754015,7.016403866,1,7.016403866,NVIDIA Tesla V100-SXM2-32G,Simulated Annealing,,"MCS_per_temperature=1, number_of_temperatures=100, schedule=logT"
800,1801966,-0.753630,7.072188687,1,7.072188687,NVIDIA Tesla V100-SXM2-32G,Simulated Annealing,,"MCS_per_temperature=1, number_of_temperatures=100, schedule=logT"
800,1801969,-0.747904,7.03118546,0.9,14.06237092,NVIDIA Tesla V100-SXM2-32G,Simulated Annealing,,"MCS_per_temperature=1, number_of_temperatures=100, schedule=logT"
800,1801972,-0.751098,7.070579934,1,7.070579934,NVIDIA Tesla V100-SXM2-32G,Simulated Annealing,,"MCS_per_temperature=1, number_of_temperatures=100, schedule=logT"
800,1801975,-0.757246,7.043929982,1,7.043929982,NVIDIA Tesla V100-SXM2-32G,Simulated Annealing,,"MCS_per_temperature=1, number_of_temperatures=100, schedule=logT"
800,1801978,-0.751378,7.078924203,1,7.078924203,NVIDIA Tesla V100-SXM2-32G,Simulated Annealing,,"MCS_per_temperature=1, number_of_temperatures=100, schedule=logT"
800,1801981,-0.751489,7.035528183,1,7.035528183,NVIDIA Tesla V100-SXM2-32G,Simulated Annealing,,"MCS_per_temperature=1, number_of_temperatures=100, schedule=logT"
800,1801984,-0.762368,7.025368595,1,7.025368595,NVIDIA Tesla V100-SXM2-32G,Simulated Annealing,,"MCS_per_temperature=1, number_of_temperatures=100, schedule=logT"
800,1801987,-0.753419,7.049912024,1,7.049912024,NVIDIA Tesla V100-SXM2-32G,Simulated Annealing,,"MCS_per_temperature=1, number_of_temperatures=100, schedule=logT"
800,1801990,-0.753081,7.031841278,1,7.031841278,NVIDIA Tesla V100-SXM2-32G,Simulated Annealing,,"MCS_per_temperature=1, number_of_temperatures=100, schedule=logT"
800,1801993,-0.751626,7.074388528,1,7.074388528,NVIDIA Tesla V100-SXM2-32G,Simulated Annealing,,"MCS_per_temperature=1, number_of_temperatures=100, schedule=logT"
800,1801996,-0.756622,7.057192636,1,7.057192636,NVIDIA Tesla V100-SXM2-32G,Simulated Annealing,,"MCS_per_temperature=1, number_of_temperatures=100, schedule=logT"
800,1801999,-0.750846,7.133098435,1,7.133098435,NVIDIA Tesla V100-SXM2-32G,Simulated Annealing,,"MCS_per_temperature=1, number_of_temperatures=100, schedule=logT"
800,1802002,-0.753398,7.042438149,1,7.042438149,NVIDIA Tesla V100-SXM2-32G,Simulated Annealing,,"MCS_per_temperature=1, number_of_temperatures=100, schedule=logT"
800,1802005,-0.755374,7.05078733,1,7.05078733,NVIDIA Tesla V100-SXM2-32G,Simulated Annealing,,"MCS_per_temperature=1, number_of_temperatures=100, schedule=logT"
800,1802008,-0.754465,7.039227962,1,7.039227962,NVIDIA Tesla V100-SXM2-32G,Simulated Annealing,,"MCS_per_temperature=1, number_of_temperatures=100, schedule=logT"
800,1802011,-0.754218,7.113464737,1,7.113464737,NVIDIA Tesla V100-SXM2-32G,Simulated Annealing,,"MCS_per_temperature=1, number_of_temperatures=100, schedule=logT"
800,1802014,-0.762537,7.071009374,1,7.071009374,NVIDIA Tesla V100-SXM2-32G,Simulated Annealing,,"MCS_per_temperature=1, number_of_temperatures=100, schedule=logT"
800,1802017,-0.755833,7.037035036,1,7.037035036,NVIDIA Tesla V100-SXM2-32G,Simulated Annealing,,"MCS_per_temperature=1, number_of_temperatures=100, schedule=logT"
800,1802020,-0.755367,7.086024117,1,7.086024117,NVIDIA Tesla V100-SXM2-32G,Simulated Annealing,,"MCS_per_temperature=1, number_of_temperatures=100, schedule=logT"
800,1802023,-0.747203,7.01941545,1,7.01941545,NVIDIA Tesla V100-SXM2-32G,Simulated Annealing,,"MCS_per_temperature=1, number_of_temperatures=100, schedule=logT"
800,1802026,-0.759742,7.051253819,1,7.051253819,NVIDIA Tesla V100-SXM2-32G,Simulated Annealing,,"MCS_per_temperature=1, number_of_temperatures=100, schedule=logT"
800,1802029,-0.750460,7.046933985,1,7.046933985,NVIDIA Tesla V100-SXM2-32G,Simulated Annealing,,"MCS_per_temperature=1, number_of_temperatures=100, schedule=logT"
1000,2001732,-0.757446,17.27336698,1,17.27336698,NVIDIA Tesla V100-SXM2-32G,Simulated Annealing,,"MCS_per_temperature=1, number_of_temperatures=200, schedule=logT"
1000,2001735,-0.756204,17.07617097,1,17.07617097,NVIDIA Tesla V100-SXM2-32G,Simulated Annealing,,"MCS_per_temperature=1, number_of_temperatures=200, schedule=logT"
1000,2001738,-0.756187,17.14356632,1,17.14356632,NVIDIA Tesla V100-SXM2-32G,Simulated Annealing,,"MCS_per_temperature=1, number_of_temperatures=200, schedule=logT"
1000,2001741,-0.758695,17.11191158,1,17.11191158,NVIDIA Tesla V100-SXM2-32G,Simulated Annealing,,"MCS_per_temperature=1, number_of_temperatures=200, schedule=logT"
1000,2001744,-0.752101,17.20114179,1,17.20114179,NVIDIA Tesla V100-SXM2-32G,Simulated Annealing,,"MCS_per_temperature=1, number_of_temperatures=200, schedule=logT"
1000,2001747,-0.749268,17.08879993,1,17.08879993,NVIDIA Tesla V100-SXM2-32G,Simulated Annealing,,"MCS_per_temperature=1, number_of_temperatures=200, schedule=logT"
1000,2001750,-0.753320,17.21084833,1,17.21084833,NVIDIA Tesla V100-SXM2-32G,Simulated Annealing,,"MCS_per_temperature=1, number_of_temperatures=200, schedule=logT"
1000,2001753,-0.751732,17.16800902,1,17.16800902,NVIDIA Tesla V100-SXM2-32G,Simulated Annealing,,"MCS_per_temperature=1, number_of_temperatures=200, schedule=logT"
1000,2001756,-0.758293,17.21808069,1,17.21808069,NVIDIA Tesla V100-SXM2-32G,Simulated Annealing,,"MCS_per_temperature=1, number_of_temperatures=200, schedule=logT"
1000,2001759,-0.751970,17.18073006,1,17.18073006,NVIDIA Tesla V100-SXM2-32G,Simulated Annealing,,"MCS_per_temperature=1, number_of_temperatures=200, schedule=logT"
1000,2001762,-0.757640,17.25213556,1,17.25213556,NVIDIA Tesla V100-SXM2-32G,Simulated Annealing,,"MCS_per_temperature=1, number_of_temperatures=200, schedule=logT"
1000,2001765,-0.750388,17.20735042,1,17.20735042,NVIDIA Tesla V100-SXM2-32G,Simulated Annealing,,"MCS_per_temperature=1, number_of_temperatures=200, schedule=logT"
1000,2001768,-0.754395,17.08370366,1,17.08370366,NVIDIA Tesla V100-SXM2-32G,Simulated Annealing,,"MCS_per_temperature=1, number_of_temperatures=200, schedule=logT"
1000,2001771,-0.753450,17.15228033,1,17.15228033,NVIDIA Tesla V100-SXM2-32G,Simulated Annealing,,"MCS_per_temperature=1, number_of_temperatures=200, schedule=logT"
1000,2001774,-0.754715,17.13995142,1,17.13995142,NVIDIA Tesla V100-SXM2-32G,Simulated Annealing,,"MCS_per_temperature=1, number_of_temperatures=200, schedule=logT"
1000,2001777,-0.751821,17.10969279,1,17.10969279,NVIDIA Tesla V100-SXM2-32G,Simulated Annealing,,"MCS_per_temperature=1, number_of_temperatures=200, schedule=logT"
1000,2001780,-0.753569,17.07846873,1,17.07846873,NVIDIA Tesla V100-SXM2-32G,Simulated Annealing,,"MCS_per_temperature=1, number_of_temperatures=200, schedule=logT"
1000,2001783,-0.751772,17.07301414,1,17.07301414,NVIDIA Tesla V100-SXM2-32G,Simulated Annealing,,"MCS_per_temperature=1, number_of_temperatures=200, schedule=logT"
1000,2001786,-0.758532,17.0563554,1,17.0563554,NVIDIA Tesla V100-SXM2-32G,Simulated Annealing,,"MCS_per_temperature=1, number_of_temperatures=200, schedule=logT"
1000,2001789,-0.759042,17.07132514,1,17.07132514,NVIDIA Tesla V100-SXM2-32G,Simulated Annealing,,"MCS_per_temperature=1, number_of_temperatures=200, schedule=logT"
1000,2001792,-0.752637,17.12818158,1,17.12818158,NVIDIA Tesla V100-SXM2-32G,Simulated Annealing,,"MCS_per_temperature=1, number_of_temperatures=200, schedule=logT"
1000,2001795,-0.756052,17.0496273,1,17.0496273,NVIDIA Tesla V100-SXM2-32G,Simulated Annealing,,"MCS_per_temperature=1, number_of_temperatures=200, schedule=logT"
1000,2001798,-0.758913,17.13489339,1,17.13489339,NVIDIA Tesla V100-SXM2-32G,Simulated Annealing,,"MCS_per_temperature=1, number_of_temperatures=200, schedule=logT"
1000,2001801,-0.751343,17.18436913,1,17.18436913,NVIDIA Tesla V100-SXM2-32G,Simulated Annealing,,"MCS_per_temperature=1, number_of_temperatures=200, schedule=logT"
1000,2001804,-0.757661,17.1366576,1,17.1366576,NVIDIA Tesla V100-SXM2-32G,Simulated Annealing,,"MCS_per_temperature=1, number_of_temperatures=200, schedule=logT"
1000,2001807,-0.759883,17.24957802,1,17.24957802,NVIDIA Tesla V100-SXM2-32G,Simulated Annealing,,"MCS_per_temperature=1, number_of_temperatures=200, schedule=logT"
1000,2001810,-0.755746,17.18180718,1,17.18180718,NVIDIA Tesla V100-SXM2-32G,Simulated Annealing,,"MCS_per_temperature=1, number_of_temperatures=200, schedule=logT"
1000,2001813,-0.754802,17.10413861,1,17.10413861,NVIDIA Tesla V100-SXM2-32G,Simulated Annealing,,"MCS_per_temperature=1, number_of_temperatures=200, schedule=logT"
1000,2001816,-0.753126,17.05320725,1,17.05320725,NVIDIA Tesla V100-SXM2-32G,Simulated Annealing,,"MCS_per_temperature=1, number_of_temperatures=200, schedule=logT"
1000,2001819,-0.757056,17.14670639,1,17.14670639,NVIDIA Tesla V100-SXM2-32G,Simulated Annealing,,"MCS_per_temperature=1, number_of_temperatures=200, schedule=logT"
1000,2001822,-0.753511,17.06831527,1,17.06831527,NVIDIA Tesla V100-SXM2-32G,Simulated Annealing,,"MCS_per_temperature=1, number_of_temperatures=200, schedule=logT"
1000,2001825,-0.754329,17.41279235,1,17.41279235,NVIDIA Tesla V100-SXM2-32G,Simulated Annealing,,"MCS_per_temperature=1, number_of_temperatures=200, schedule=logT"
1000,2001828,-0.757293,17.38337295,1,17.38337295,NVIDIA Tesla V100-SXM2-32G,Simulated Annealing,,"MCS_per_temperature=1, number_of_temperatures=200, schedule=logT"
1000,2001831,-0.755255,17.39137774,1,17.39137774,NVIDIA Tesla V100-SXM2-32G,Simulated Annealing,,"MCS_per_temperature=1, number_of_temperatures=200, schedule=logT"
1000,2001834,-0.754644,17.3686192,1,17.3686192,NVIDIA Tesla V100-SXM2-32G,Simulated Annealing,,"MCS_per_temperature=1, number_of_temperatures=200, schedule=logT"
1000,2001837,-0.760802,17.31643245,1,17.31643245,NVIDIA Tesla V100-SXM2-32G,Simulated Annealing,,"MCS_per_temperature=1, number_of_temperatures=200, schedule=logT"
1000,2001840,-0.755837,17.36780732,1,17.36780732,NVIDIA Tesla V100-SXM2-32G,Simulated Annealing,,"MCS_per_temperature=1, number_of_temperatures=200, schedule=logT"
1000,2001843,-0.757100,17.11717188,1,17.11717188,NVIDIA Tesla V100-SXM2-32G,Simulated Annealing,,"MCS_per_temperature=1, number_of_temperatures=200, schedule=logT"
1000,2001846,-0.754134,17.1263834,1,17.1263834,NVIDIA Tesla V100-SXM2-32G,Simulated Annealing,,"MCS_per_temperature=1, number_of_temperatures=200, schedule=logT"
1000,2001849,-0.754035,17.12263577,1,17.12263577,NVIDIA Tesla V100-SXM2-32G,Simulated Annealing,,"MCS_per_temperature=1, number_of_temperatures=200, schedule=logT"
1000,2001852,-0.762211,17.09661827,1,17.09661827,NVIDIA Tesla V100-SXM2-32G,Simulated Annealing,,"MCS_per_temperature=1, number_of_temperatures=200, schedule=logT"
1000,2001855,-0.751428,17.19868081,1,17.19868081,NVIDIA Tesla V100-SXM2-32G,Simulated Annealing,,"MCS_per_temperature=1, number_of_temperatures=200, schedule=logT"
1000,2001858,-0.753072,17.12735085,1,17.12735085,NVIDIA Tesla V100-SXM2-32G,Simulated Annealing,,"MCS_per_temperature=1, number_of_temperatures=200, schedule=logT"
1000,2001861,-0.756185,17.08904376,1,17.08904376,NVIDIA Tesla V100-SXM2-32G,Simulated Annealing,,"MCS_per_temperature=1, number_of_temperatures=200, schedule=logT"
1000,2001864,-0.759388,17.1122462,1,17.1122462,NVIDIA Tesla V100-SXM2-32G,Simulated Annealing,,"MCS_per_temperature=1, number_of_temperatures=200, schedule=logT"
1000,2001867,-0.756945,17.20177426,1,17.20177426,NVIDIA Tesla V100-SXM2-32G,Simulated Annealing,,"MCS_per_temperature=1, number_of_temperatures=200, schedule=logT"
1000,2001870,-0.755683,17.14968657,1,17.14968657,NVIDIA Tesla V100-SXM2-32G,Simulated Annealing,,"MCS_per_temperature=1, number_of_temperatures=200, schedule=logT"
1000,2001873,-0.750525,17.0961586,1,17.0961586,NVIDIA Tesla V100-SXM2-32G,Simulated Annealing,,"MCS_per_temperature=1, number_of_temperatures=200, schedule=logT"
1000,2001876,-0.756714,17.14972444,1,17.14972444,NVIDIA Tesla V100-SXM2-32G,Simulated Annealing,,"MCS_per_temperature=1, number_of_temperatures=200, schedule=logT"
1000,2001879,-0.754788,17.08775823,1,17.08775823,NVIDIA Tesla V100-SXM2-32G,Simulated Annealing,,"MCS_per_temperature=1, number_of_temperatures=200, schedule=logT"
1000,2001882,-0.753858,17.10132093,1,17.10132093,NVIDIA Tesla V100-SXM2-32G,Simulated Annealing,,"MCS_per_temperature=1, number_of_temperatures=200, schedule=logT"
1000,2001885,-0.758224,17.16130095,1,17.16130095,NVIDIA Tesla V100-SXM2-32G,Simulated Annealing,,"MCS_per_temperature=1, number_of_temperatures=200, schedule=logT"
1000,2001888,-0.755149,17.14247768,1,17.14247768,NVIDIA Tesla V100-SXM2-32G,Simulated Annealing,,"MCS_per_temperature=1, number_of_temperatures=200, schedule=logT"
1000,2001891,-0.755142,17.15416636,1,17.15416636,NVIDIA Tesla V100-SXM2-32G,Simulated Annealing,,"MCS_per_temperature=1, number_of_temperatures=200, schedule=logT"
1000,2001894,-0.758785,17.12077274,1,17.12077274,NVIDIA Tesla V100-SXM2-32G,Simulated Annealing,,"MCS_per_temperature=1, number_of_temperatures=200, schedule=logT"
1000,2001897,-0.755018,17.12533348,1,17.12533348,NVIDIA Tesla V100-SXM2-32G,Simulated Annealing,,"MCS_per_temperature=1, number_of_temperatures=200, schedule=logT"
1000,2001900,-0.759176,17.21872351,1,17.21872351,NVIDIA Tesla V100-SXM2-32G,Simulated Annealing,,"MCS_per_temperature=1, number_of_temperatures=200, schedule=logT"
1000,2001903,-0.755844,17.15152504,1,17.15152504,NVIDIA Tesla V100-SXM2-32G,Simulated Annealing,,"MCS_per_temperature=1, number_of_temperatures=200, schedule=logT"
1000,2001906,-0.760258,17.27586677,1,17.27586677,NVIDIA Tesla V100-SXM2-32G,Simulated Annealing,,"MCS_per_temperature=1, number_of_temperatures=200, schedule=logT"
1000,2001909,-0.757463,17.21409535,1,17.21409535,NVIDIA Tesla V100-SXM2-32G,Simulated Annealing,,"MCS_per_temperature=1, number_of_temperatures=200, schedule=logT"
1000,2001912,-0.753626,17.25068614,1,17.25068614,NVIDIA Tesla V100-SXM2-32G,Simulated Annealing,,"MCS_per_temperature=1, number_of_temperatures=200, schedule=logT"
1000,2001915,-0.758874,17.26049004,1,17.26049004,NVIDIA Tesla V100-SXM2-32G,Simulated Annealing,,"MCS_per_temperature=1, number_of_temperatures=200, schedule=logT"
1000,2001918,-0.758314,17.2457669,1,17.2457669,NVIDIA Tesla V100-SXM2-32G,Simulated Annealing,,"MCS_per_temperature=1, number_of_temperatures=200, schedule=logT"
1000,2001921,-0.756388,17.09386942,1,17.09386942,NVIDIA Tesla V100-SXM2-32G,Simulated Annealing,,"MCS_per_temperature=1, number_of_temperatures=200, schedule=logT"
1000,2001924,-0.755089,17.08802123,1,17.08802123,NVIDIA Tesla V100-SXM2-32G,Simulated Annealing,,"MCS_per_temperature=1, number_of_temperatures=200, schedule=logT"
1000,2001927,-0.755306,17.09958715,1,17.09958715,NVIDIA Tesla V100-SXM2-32G,Simulated Annealing,,"MCS_per_temperature=1, number_of_temperatures=200, schedule=logT"
1000,2001930,-0.760720,17.19994793,1,17.19994793,NVIDIA Tesla V100-SXM2-32G,Simulated Annealing,,"MCS_per_temperature=1, number_of_temperatures=200, schedule=logT"
1000,2001933,-0.762263,17.0696877,1,17.0696877,NVIDIA Tesla V100-SXM2-32G,Simulated Annealing,,"MCS_per_temperature=1, number_of_temperatures=200, schedule=logT"
1000,2001936,-0.760477,17.15843165,1,17.15843165,NVIDIA Tesla V100-SXM2-32G,Simulated Annealing,,"MCS_per_temperature=1, number_of_temperatures=200, schedule=logT"
1000,2001939,-0.753617,17.10599148,1,17.10599148,NVIDIA Tesla V100-SXM2-32G,Simulated Annealing,,"MCS_per_temperature=1, number_of_temperatures=200, schedule=logT"
1000,2001942,-0.758279,17.12025712,1,17.12025712,NVIDIA Tesla V100-SXM2-32G,Simulated Annealing,,"MCS_per_temperature=1, number_of_temperatures=200, schedule=logT"
1000,2001945,-0.754073,17.13100431,1,17.13100431,NVIDIA Tesla V100-SXM2-32G,Simulated Annealing,,"MCS_per_temperature=1, number_of_temperatures=200, schedule=logT"
1000,2001948,-0.754718,17.14090047,1,17.14090047,NVIDIA Tesla V100-SXM2-32G,Simulated Annealing,,"MCS_per_temperature=1, number_of_temperatures=200, schedule=logT"
1000,2001951,-0.754944,17.08069894,1,17.08069894,NVIDIA Tesla V100-SXM2-32G,Simulated Annealing,,"MCS_per_temperature=1, number_of_temperatures=200, schedule=logT"
1000,2001954,-0.753593,17.1212744,1,17.1212744,NVIDIA Tesla V100-SXM2-32G,Simulated Annealing,,"MCS_per_temperature=1, number_of_temperatures=200, schedule=logT"
1000,2001957,-0.755756,17.08709228,1,17.08709228,NVIDIA Tesla V100-SXM2-32G,Simulated Annealing,,"MCS_per_temperature=1, number_of_temperatures=200, schedule=logT"
1000,2001960,-0.756810,17.13819366,1,17.13819366,NVIDIA Tesla V100-SXM2-32G,Simulated Annealing,,"MCS_per_temperature=1, number_of_temperatures=200, schedule=logT"
1000,2001963,-0.754543,17.09903553,1,17.09903553,NVIDIA Tesla V100-SXM2-32G,Simulated Annealing,,"MCS_per_temperature=1, number_of_temperatures=200, schedule=logT"
1000,2001966,-0.761304,17.14258153,1,17.14258153,NVIDIA Tesla V100-SXM2-32G,Simulated Annealing,,"MCS_per_temperature=1, number_of_temperatures=200, schedule=logT"
1000,2001969,-0.755431,17.13756785,1,17.13756785,NVIDIA Tesla V100-SXM2-32G,Simulated Annealing,,"MCS_per_temperature=1, number_of_temperatures=200, schedule=logT"
1000,2001972,-0.752991,17.15593808,1,17.15593808,NVIDIA Tesla V100-SXM2-32G,Simulated Annealing,,"MCS_per_temperature=1, number_of_temperatures=200, schedule=logT"
1000,2001975,-0.753638,17.13189266,1,17.13189266,NVIDIA Tesla V100-SXM2-32G,Simulated Annealing,,"MCS_per_temperature=1, number_of_temperatures=200, schedule=logT"
1000,2001978,-0.756563,17.12569206,1,17.12569206,NVIDIA Tesla V100-SXM2-32G,Simulated Annealing,,"MCS_per_temperature=1, number_of_temperatures=200, schedule=logT"
1000,2001981,-0.758812,17.14085503,1,17.14085503,NVIDIA Tesla V100-SXM2-32G,Simulated Annealing,,"MCS_per_temperature=1, number_of_temperatures=200, schedule=logT"
1000,2001984,-0.754174,17.18140762,1,17.18140762,NVIDIA Tesla V100-SXM2-32G,Simulated Annealing,,"MCS_per_temperature=1, number_of_temperatures=200, schedule=logT"
1000,2001987,-0.760069,17.08789616,1,17.08789616,NVIDIA Tesla V100-SXM2-32G,Simulated Annealing,,"MCS_per_temperature=1, number_of_temperatures=200, schedule=logT"
1000,2001990,-0.755490,17.17178988,1,17.17178988,NVIDIA Tesla V100-SXM2-32G,Simulated Annealing,,"MCS_per_temperature=1, number_of_temperatures=200, schedule=logT"
1000,2001993,-0.758048,17.13800464,1,17.13800464,NVIDIA Tesla V100-SXM2-32G,Simulated Annealing,,"MCS_per_temperature=1, number_of_temperatures=200, schedule=logT"
1000,2001996,-0.755192,17.06473584,1,17.06473584,NVIDIA Tesla V100-SXM2-32G,Simulated Annealing,,"MCS_per_temperature=1, number_of_temperatures=200, schedule=logT"
1000,2001999,-0.758494,17.09247844,1,17.09247844,NVIDIA Tesla V100-SXM2-32G,Simulated Annealing,,"MCS_per_temperature=1, number_of_temperatures=200, schedule=logT"
1000,2002002,-0.757188,17.05795455,1,17.05795455,NVIDIA Tesla V100-SXM2-32G,Simulated Annealing,,"MCS_per_temperature=1, number_of_temperatures=200, schedule=logT"
1000,2002005,-0.757588,17.17144833,1,17.17144833,NVIDIA Tesla V100-SXM2-32G,Simulated Annealing,,"MCS_per_temperature=1, number_of_temperatures=200, schedule=logT"
1000,2002008,-0.758079,17.13705597,1,17.13705597,NVIDIA Tesla V100-SXM2-32G,Simulated Annealing,,"MCS_per_temperature=1, number_of_temperatures=200, schedule=logT"
1000,2002011,-0.761642,17.29792991,1,17.29792991,NVIDIA Tesla V100-SXM2-32G,Simulated Annealing,,"MCS_per_temperature=1, number_of_temperatures=200, schedule=logT"
1000,2002014,-0.757827,17.21049237,1,17.21049237,NVIDIA Tesla V100-SXM2-32G,Simulated Annealing,,"MCS_per_temperature=1, number_of_temperatures=200, schedule=logT"
1000,2002017,-0.759966,17.22276673,1,17.22276673,NVIDIA Tesla V100-SXM2-32G,Simulated Annealing,,"MCS_per_temperature=1, number_of_temperatures=200, schedule=logT"
1000,2002020,-0.755086,17.2799531,1,17.2799531,NVIDIA Tesla V100-SXM2-32G,Simulated Annealing,,"MCS_per_temperature=1, number_of_temperatures=200, schedule=logT"
1000,2002023,-0.756713,17.22689867,1,17.22689867,NVIDIA Tesla V100-SXM2-32G,Simulated Annealing,,"MCS_per_temperature=1, number_of_temperatures=200, schedule=logT"
1000,2002026,-0.757631,17.18832927,1,17.18832927,NVIDIA Tesla V100-SXM2-32G,Simulated Annealing,,"MCS_per_temperature=1, number_of_temperatures=200, schedule=logT"
1000,2002029,-0.751727,17.1821316,1,17.1821316,NVIDIA Tesla V100-SXM2-32G,Simulated Annealing,,"MCS_per_temperature=1, number_of_temperatures=200, schedule=logT"
1200,2201732,-0.754026,21.85113518,1,21.85113518,NVIDIA Tesla V100-SXM2-32G,Simulated Annealing,,"MCS_per_temperature=1, number_of_temperatures=200, schedule=logT"
1200,2201735,-0.760750,21.83416038,1,21.83416038,NVIDIA Tesla V100-SXM2-32G,Simulated Annealing,,"MCS_per_temperature=1, number_of_temperatures=200, schedule=logT"
1200,2201738,-0.758350,21.76865575,1,21.76865575,NVIDIA Tesla V100-SXM2-32G,Simulated Annealing,,"MCS_per_temperature=1, number_of_temperatures=200, schedule=logT"
1200,2201741,-0.753356,21.71154673,1,21.71154673,NVIDIA Tesla V100-SXM2-32G,Simulated Annealing,,"MCS_per_temperature=1, number_of_temperatures=200, schedule=logT"
1200,2201744,-0.756628,21.77562032,1,21.77562032,NVIDIA Tesla V100-SXM2-32G,Simulated Annealing,,"MCS_per_temperature=1, number_of_temperatures=200, schedule=logT"
1200,2201747,-0.757052,21.66493382,1,21.66493382,NVIDIA Tesla V100-SXM2-32G,Simulated Annealing,,"MCS_per_temperature=1, number_of_temperatures=200, schedule=logT"
1200,2201750,-0.758676,21.87614455,1,21.87614455,NVIDIA Tesla V100-SXM2-32G,Simulated Annealing,,"MCS_per_temperature=1, number_of_temperatures=200, schedule=logT"
1200,2201753,-0.761389,21.90602767,1,21.90602767,NVIDIA Tesla V100-SXM2-32G,Simulated Annealing,,"MCS_per_temperature=1, number_of_temperatures=200, schedule=logT"
1200,2201756,-0.757135,21.90059741,0.8,62.66534263,NVIDIA Tesla V100-SXM2-32G,Simulated Annealing,,"MCS_per_temperature=1, number_of_temperatures=200, schedule=logT"
1200,2201759,-0.755813,21.98273547,1,21.98273547,NVIDIA Tesla V100-SXM2-32G,Simulated Annealing,,"MCS_per_temperature=1, number_of_temperatures=200, schedule=logT"
1200,2201762,-0.758087,21.83146455,1,21.83146455,NVIDIA Tesla V100-SXM2-32G,Simulated Annealing,,"MCS_per_temperature=1, number_of_temperatures=200, schedule=logT"
1200,2201765,-0.757917,21.96701925,1,21.96701925,NVIDIA Tesla V100-SXM2-32G,Simulated Annealing,,"MCS_per_temperature=1, number_of_temperatures=200, schedule=logT"
1200,2201768,-0.759446,21.60594473,1,21.60594473,NVIDIA Tesla V100-SXM2-32G,Simulated Annealing,,"MCS_per_temperature=1, number_of_temperatures=200, schedule=logT"
1200,2201771,-0.752816,21.76445267,0.9,43.52890534,NVIDIA Tesla V100-SXM2-32G,Simulated Annealing,,"MCS_per_temperature=1, number_of_temperatures=200, schedule=logT"
1200,2201774,-0.756326,21.6600553,1,21.6600553,NVIDIA Tesla V100-SXM2-32G,Simulated Annealing,,"MCS_per_temperature=1, number_of_temperatures=200, schedule=logT"
1200,2201777,-0.760483,21.63797975,1,21.63797975,NVIDIA Tesla V100-SXM2-32G,Simulated Annealing,,"MCS_per_temperature=1, number_of_temperatures=200, schedule=logT"
1200,2201780,-0.757616,21.6949163,1,21.6949163,NVIDIA Tesla V100-SXM2-32G,Simulated Annealing,,"MCS_per_temperature=1, number_of_temperatures=200, schedule=logT"
1200,2201783,-0.755458,21.62791803,1,21.62791803,NVIDIA Tesla V100-SXM2-32G,Simulated Annealing,,"MCS_per_temperature=1, number_of_temperatures=200, schedule=logT"
1200,2201786,-0.756604,21.67706647,1,21.67706647,NVIDIA Tesla V100-SXM2-32G,Simulated Annealing,,"MCS_per_temperature=1, number_of_temperatures=200, schedule=logT"
1200,2201789,-0.758657,21.67617779,1,21.67617779,NVIDIA Tesla V100-SXM2-32G,Simulated Annealing,,"MCS_per_temperature=1, number_of_temperatures=200, schedule=logT"
1200,2201792,-0.758676,21.53885047,1,21.53885047,NVIDIA Tesla V100-SXM2-32G,Simulated Annealing,,"MCS_per_temperature=1, number_of_temperatures=200, schedule=logT"
1200,2201795,-0.759004,21.51533363,1,21.51533363,NVIDIA Tesla V100-SXM2-32G,Simulated Annealing,,"MCS_per_temperature=1, number_of_temperatures=200, schedule=logT"
1200,2201798,-0.759821,21.6107482,1,21.6107482,NVIDIA Tesla V100-SXM2-32G,Simulated Annealing,,"MCS_per_temperature=1, number_of_temperatures=200, schedule=logT"
1200,2201801,-0.755385,21.63490467,0.9,43.26980934,NVIDIA Tesla V100-SXM2-32G,Simulated Annealing,,"MCS_per_temperature=1, number_of_temperatures=200, schedule=logT"
1200,2201804,-0.755092,21.59830456,1,21.59830456,NVIDIA Tesla V100-SXM2-32G,Simulated Annealing,,"MCS_per_temperature=1, number_of_temperatures=200, schedule=logT"
1200,2201807,-0.757170,21.53216774,1,21.53216774,NVIDIA Tesla V100-SXM2-32G,Simulated Annealing,,"MCS_per_temperature=1, number_of_temperatures=200, schedule=logT"
1200,2201810,-0.753738,21.56433148,1,21.56433148,NVIDIA Tesla V100-SXM2-32G,Simulated Annealing,,"MCS_per_temperature=1, number_of_temperatures=200, schedule=logT"
1200,2201813,-0.756833,21.54344194,1,21.54344194,NVIDIA Tesla V100-SXM2-32G,Simulated Annealing,,"MCS_per_temperature=1, number_of_temperatures=200, schedule=logT"
1200,2201816,-0.759622,21.54078884,1,21.54078884,NVIDIA Tesla V100-SXM2-32G,Simulated Annealing,,"MCS_per_temperature=1, number_of_temperatures=200, schedule=logT"
1200,2201819,-0.755373,21.50964475,0.9,43.01928949,NVIDIA Tesla V100-SXM2-32G,Simulated Annealing,,"MCS_per_temperature=1, number_of_temperatures=200, schedule=logT"
1200,2201822,-0.751855,21.58713188,1,21.58713188,NVIDIA Tesla V100-SXM2-32G,Simulated Annealing,,"MCS_per_temperature=1, number_of_temperatures=200, schedule=logT"
1200,2201825,-0.759458,22.18207374,1,22.18207374,NVIDIA Tesla V100-SXM2-32G,Simulated Annealing,,"MCS_per_temperature=1, number_of_temperatures=200, schedule=logT"
1200,2201828,-0.765731,22.3607867,1,22.3607867,NVIDIA Tesla V100-SXM2-32G,Simulated Annealing,,"MCS_per_temperature=1, number_of_temperatures=200, schedule=logT"
1200,2201831,-0.759272,22.14584568,1,22.14584568,NVIDIA Tesla V100-SXM2-32G,Simulated Annealing,,"MCS_per_temperature=1, number_of_temperatures=200, schedule=logT"
1200,2201834,-0.754823,22.19647303,1,22.19647303,NVIDIA Tesla V100-SXM2-32G,Simulated Annealing,,"MCS_per_temperature=1, number_of_temperatures=200, schedule=logT"
1200,2201837,-0.755105,22.17574875,1,22.17574875,NVIDIA Tesla V100-SXM2-32G,Simulated Annealing,,"MCS_per_temperature=1, number_of_temperatures=200, schedule=logT"
1200,2201840,-0.753007,22.22943461,1,22.22943461,NVIDIA Tesla V100-SXM2-32G,Simulated Annealing,,"MCS_per_temperature=1, number_of_temperatures=200, schedule=logT"
1200,2201843,-0.758578,21.64265728,1,21.64265728,NVIDIA Tesla V100-SXM2-32G,Simulated Annealing,,"MCS_per_temperature=1, number_of_temperatures=200, schedule=logT"
1200,2201846,-0.758017,21.6352942,1,21.6352942,NVIDIA Tesla V100-SXM2-32G,Simulated Annealing,,"MCS_per_temperature=1, number_of_temperatures=200, schedule=logT"
1200,2201849,-0.759300,21.74403577,1,21.74403577,NVIDIA Tesla V100-SXM2-32G,Simulated Annealing,,"MCS_per_temperature=1, number_of_temperatures=200, schedule=logT"
1200,2201852,-0.758107,21.59989207,1,21.59989207,NVIDIA Tesla V100-SXM2-32G,Simulated Annealing,,"MCS_per_temperature=1, number_of_temperatures=200, schedule=logT"
1200,2201855,-0.756331,21.6546659,1,21.6546659,NVIDIA Tesla V100-SXM2-32G,Simulated Annealing,,"MCS_per_temperature=1, number_of_temperatures=200, schedule=logT"
1200,2201858,-0.755295,21.6163136,1,21.6163136,NVIDIA Tesla V100-SXM2-32G,Simulated Annealing,,"MCS_per_temperature=1, number_of_temperatures=200, schedule=logT"
1200,2201861,-0.760857,21.54868667,1,21.54868667,NVIDIA Tesla V100-SXM2-32G,Simulated Annealing,,"MCS_per_temperature=1, number_of_temperatures=200, schedule=logT"
1200,2201864,-0.758438,21.49755356,1,21.49755356,NVIDIA Tesla V100-SXM2-32G,Simulated Annealing,,"MCS_per_temperature=1, number_of_temperatures=200, schedule=logT"
1200,2201867,-0.756689,21.49277401,1,21.49277401,NVIDIA Tesla V100-SXM2-32G,Simulated Annealing,,"MCS_per_temperature=1, number_of_temperatures=200, schedule=logT"
1200,2201870,-0.760867,21.55665987,1,21.55665987,NVIDIA Tesla V100-SXM2-32G,Simulated Annealing,,"MCS_per_temperature=1, number_of_temperatures=200, schedule=logT"
1200,2201873,-0.759044,21.52773311,1,21.52773311,NVIDIA Tesla V100-SXM2-32G,Simulated Annealing,,"MCS_per_temperature=1, number_of_temperatures=200, schedule=logT"
1200,2201876,-0.760913,21.48482795,1,21.48482795,NVIDIA Tesla V100-SXM2-32G,Simulated Annealing,,"MCS_per_temperature=1, number_of_temperatures=200, schedule=logT"
1200,2201879,-0.763294,21.52696261,1,21.52696261,NVIDIA Tesla V100-SXM2-32G,Simulated Annealing,,"MCS_per_temperature=1, number_of_temperatures=200, schedule=logT"
1200,2201882,-0.762330,21.59562905,1,21.59562905,NVIDIA Tesla V100-SXM2-32G,Simulated Annealing,,"MCS_per_temperature=1, number_of_temperatures=200, schedule=logT"
1200,2201885,-0.757879,21.55815797,1,21.55815797,NVIDIA Tesla V100-SXM2-32G,Simulated Annealing,,"MCS_per_temperature=1, number_of_temperatures=200, schedule=logT"
1200,2201888,-0.752755,21.52833719,1,21.52833719,NVIDIA Tesla V100-SXM2-32G,Simulated Annealing,,"MCS_per_temperature=1, number_of_temperatures=200, schedule=logT"
1200,2201891,-0.759694,21.51471527,1,21.51471527,NVIDIA Tesla V100-SXM2-32G,Simulated Annealing,,"MCS_per_temperature=1, number_of_temperatures=200, schedule=logT"
1200,2201894,-0.756909,21.41782391,1,21.41782391,NVIDIA Tesla V100-SXM2-32G,Simulated Annealing,,"MCS_per_temperature=1, number_of_temperatures=200, schedule=logT"
1200,2201897,-0.756252,21.56449518,1,21.56449518,NVIDIA Tesla V100-SXM2-32G,Simulated Annealing,,"MCS_per_temperature=1, number_of_temperatures=200, schedule=logT"
1200,2201900,-0.757244,21.91139007,1,21.91139007,NVIDIA Tesla V100-SXM2-32G,Simulated Annealing,,"MCS_per_temperature=1, number_of_temperatures=200, schedule=logT"
1200,2201903,-0.753584,21.93141849,1,21.93141849,NVIDIA Tesla V100-SXM2-32G,Simulated Annealing,,"MCS_per_temperature=1, number_of_temperatures=200, schedule=logT"
1200,2201906,-0.754501,21.95570815,0.6,110.3468245,NVIDIA Tesla V100-SXM2-32G,Simulated Annealing,,"MCS_per_temperature=1, number_of_temperatures=200, schedule=logT"
1200,2201909,-0.760460,21.91629817,1,21.91629817,NVIDIA Tesla V100-SXM2-32G,Simulated Annealing,,"MCS_per_temperature=1, number_of_temperatures=200, schedule=logT"
1200,2201912,-0.757789,21.97358377,1,21.97358377,NVIDIA Tesla V100-SXM2-32G,Simulated Annealing,,"MCS_per_temperature=1, number_of_temperatures=200, schedule=logT"
1200,2201915,-0.755997,21.90778887,1,21.90778887,NVIDIA Tesla V100-SXM2-32G,Simulated Annealing,,"MCS_per_temperature=1, number_of_temperatures=200, schedule=logT"
1200,2201918,-0.756981,21.66132286,1,21.66132286,NVIDIA Tesla V100-SXM2-32G,Simulated Annealing,,"MCS_per_temperature=1, number_of_temperatures=200, schedule=logT"
1200,2201921,-0.759930,21.54441559,1,21.54441559,NVIDIA Tesla V100-SXM2-32G,Simulated Annealing,,"MCS_per_temperature=1, number_of_temperatures=200, schedule=logT"
1200,2201924,-0.757986,21.53220196,1,21.53220196,NVIDIA Tesla V100-SXM2-32G,Simulated Annealing,,"MCS_per_temperature=1, number_of_temperatures=200, schedule=logT"
1200,2201927,-0.755699,21.56219721,1,21.56219721,NVIDIA Tesla V100-SXM2-32G,Simulated Annealing,,"MCS_per_temperature=1, number_of_temperatures=200, schedule=logT"
1200,2201930,-0.756387,21.61531465,1,21.61531465,NVIDIA Tesla V100-SXM2-32G,Simulated Annealing,,"MCS_per_temperature=1, number_of_temperatures=200, schedule=logT"
1200,2201933,-0.755912,21.5637038,0.9,43.1274076,NVIDIA Tesla V100-SXM2-32G,Simulated Annealing,,"MCS_per_temperature=1, number_of_temperatures=200, schedule=logT"
1200,2201936,-0.764522,21.61937971,1,21.61937971,NVIDIA Tesla V100-SXM2-32G,Simulated Annealing,,"MCS_per_temperature=1, number_of_temperatures=200, schedule=logT"
1200,2201939,-0.760654,21.65086522,1,21.65086522,NVIDIA Tesla V100-SXM2-32G,Simulated Annealing,,"MCS_per_temperature=1, number_of_temperatures=200, schedule=logT"
1200,2201942,-0.757377,21.70023549,1,21.70023549,NVIDIA Tesla V100-SXM2-32G,Simulated Annealing,,"MCS_per_temperature=1, number_of_temperatures=200, schedule=logT"
1200,2201945,-0.756197,21.654281,1,21.654281,NVIDIA Tesla V100-SXM2-32G,Simulated Annealing,,"MCS_per_temperature=1, number_of_temperatures=200, schedule=logT"
1200,2201948,-0.760882,21.68114491,1,21.68114491,NVIDIA Tesla V100-SXM2-32G,Simulated Annealing,,"MCS_per_temperature=1, number_of_temperatures=200, schedule=logT"
1200,2201951,-0.759073,21.6698936,1,21.6698936,NVIDIA Tesla V100-SXM2-32G,Simulated Annealing,,"MCS_per_temperature=1, number_of_temperatures=200, schedule=logT"
1200,2201954,-0.755188,21.69023654,1,21.69023654,NVIDIA Tesla V100-SXM2-32G,Simulated Annealing,,"MCS_per_temperature=1, number_of_temperatures=200, schedule=logT"
1200,2201957,-0.762298,21.53802423,1,21.53802423,NVIDIA Tesla V100-SXM2-32G,Simulated Annealing,,"MCS_per_temperature=1, number_of_temperatures=200, schedule=logT"
1200,2201960,-0.752657,21.54434698,1,21.54434698,NVIDIA Tesla V100-SXM2-32G,Simulated Annealing,,"MCS_per_temperature=1, number_of_temperatures=200, schedule=logT"
1200,2201963,-0.758721,21.65703111,1,21.65703111,NVIDIA Tesla V100-SXM2-32G,Simulated Annealing,,"MCS_per_temperature=1, number_of_temperatures=200, schedule=logT"
1200,2201966,-0.757332,21.52032797,1,21.52032797,NVIDIA Tesla V100-SXM2-32G,Simulated Annealing,,"MCS_per_temperature=1, number_of_temperatures=200, schedule=logT"
1200,2201969,-0.758685,21.57464037,1,21.57464037,NVIDIA Tesla V100-SXM2-32G,Simulated Annealing,,"MCS_per_temperature=1, number_of_temperatures=200, schedule=logT"
1200,2201972,-0.757724,21.46710293,1,21.46710293,NVIDIA Tesla V100-SXM2-32G,Simulated Annealing,,"MCS_per_temperature=1, number_of_temperatures=200, schedule=logT"
1200,2201975,-0.760641,21.72654054,1,21.72654054,NVIDIA Tesla V100-SXM2-32G,Simulated Annealing,,"MCS_per_temperature=1, number_of_temperatures=200, schedule=logT"
1200,2201978,-0.759323,21.75373743,1,21.75373743,NVIDIA Tesla V100-SXM2-32G,Simulated Annealing,,"MCS_per_temperature=1, number_of_temperatures=200, schedule=logT"
1200,2201981,-0.755966,21.63330042,1,21.63330042,NVIDIA Tesla V100-SXM2-32G,Simulated Annealing,,"MCS_per_temperature=1, number_of_temperatures=200, schedule=logT"
1200,2201984,-0.755586,21.68830976,1,21.68830976,NVIDIA Tesla V100-SXM2-32G,Simulated Annealing,,"MCS_per_temperature=1, number_of_temperatures=200, schedule=logT"
1200,2201987,-0.762298,21.78462029,1,21.78462029,NVIDIA Tesla V100-SXM2-32G,Simulated Annealing,,"MCS_per_temperature=1, number_of_temperatures=200, schedule=logT"
1200,2201990,-0.759473,21.83718147,1,21.83718147,NVIDIA Tesla V100-SXM2-32G,Simulated Annealing,,"MCS_per_temperature=1, number_of_temperatures=200, schedule=logT"
1200,2201993,-0.756039,21.47390079,1,21.47390079,NVIDIA Tesla V100-SXM2-32G,Simulated Annealing,,"MCS_per_temperature=1, number_of_temperatures=200, schedule=logT"
1200,2201996,-0.752251,21.44939799,1,21.44939799,NVIDIA Tesla V100-SXM2-32G,Simulated Annealing,,"MCS_per_temperature=1, number_of_temperatures=200, schedule=logT"
1200,2201999,-0.760524,21.49691916,1,21.49691916,NVIDIA Tesla V100-SXM2-32G,Simulated Annealing,,"MCS_per_temperature=1, number_of_temperatures=200, schedule=logT"
1200,2202002,-0.756479,21.4688782,1,21.4688782,NVIDIA Tesla V100-SXM2-32G,Simulated Annealing,,"MCS_per_temperature=1, number_of_temperatures=200, schedule=logT"
1200,2202005,-0.757189,21.47990816,1,21.47990816,NVIDIA Tesla V100-SXM2-32G,Simulated Annealing,,"MCS_per_temperature=1, number_of_temperatures=200, schedule=logT"
1200,2202008,-0.756065,21.62235682,1,21.62235682,NVIDIA Tesla V100-SXM2-32G,Simulated Annealing,,"MCS_per_temperature=1, number_of_temperatures=200, schedule=logT"
1200,2202011,-0.764318,21.89154489,1,21.89154489,NVIDIA Tesla V100-SXM2-32G,Simulated Annealing,,"MCS_per_temperature=1, number_of_temperatures=200, schedule=logT"
1200,2202014,-0.752491,21.96459374,1,21.96459374,NVIDIA Tesla V100-SXM2-32G,Simulated Annealing,,"MCS_per_temperature=1, number_of_temperatures=200, schedule=logT"
1200,2202017,-0.758040,21.93884366,1,21.93884366,NVIDIA Tesla V100-SXM2-32G,Simulated Annealing,,"MCS_per_temperature=1, number_of_temperatures=200, schedule=logT"
1200,2202020,-0.758586,21.95372779,1,21.95372779,NVIDIA Tesla V100-SXM2-32G,Simulated Annealing,,"MCS_per_temperature=1, number_of_temperatures=200, schedule=logT"
1200,2202023,-0.755160,21.86032412,1,21.86032412,NVIDIA Tesla V100-SXM2-32G,Simulated Annealing,,"MCS_per_temperature=1, number_of_temperatures=200, schedule=logT"
1200,2202026,-0.765198,21.85247889,1,21.85247889,NVIDIA Tesla V100-SXM2-32G,Simulated Annealing,,"MCS_per_temperature=1, number_of_temperatures=200, schedule=logT"
1200,2202029,-0.761133,21.96524918,1,21.96524918,NVIDIA Tesla V100-SXM2-32G,Simulated Annealing,,"MCS_per_temperature=1, number_of_temperatures=200, schedule=logT"
1400,2401732,-0.757793,29.60659988,1,29.60659988,NVIDIA Tesla V100-SXM2-32G,Simulated Annealing,,"MCS_per_temperature=1, number_of_temperatures=200, schedule=logT"
1400,2401735,-0.757206,29.70871215,1,29.70871215,NVIDIA Tesla V100-SXM2-32G,Simulated Annealing,,"MCS_per_temperature=1, number_of_temperatures=200, schedule=logT"
1400,2401738,-0.756359,29.7599788,1,29.7599788,NVIDIA Tesla V100-SXM2-32G,Simulated Annealing,,"MCS_per_temperature=1, number_of_temperatures=200, schedule=logT"
1400,2401741,-0.760250,29.67434959,1,29.67434959,NVIDIA Tesla V100-SXM2-32G,Simulated Annealing,,"MCS_per_temperature=1, number_of_temperatures=200, schedule=logT"
1400,2401744,-0.758029,29.5784312,1,29.5784312,NVIDIA Tesla V100-SXM2-32G,Simulated Annealing,,"MCS_per_temperature=1, number_of_temperatures=200, schedule=logT"
1400,2401747,-0.756337,29.78547542,1,29.78547542,NVIDIA Tesla V100-SXM2-32G,Simulated Annealing,,"MCS_per_temperature=1, number_of_temperatures=200, schedule=logT"
1400,2401750,-0.758599,29.97960131,1,29.97960131,NVIDIA Tesla V100-SXM2-32G,Simulated Annealing,,"MCS_per_temperature=1, number_of_temperatures=200, schedule=logT"
1400,2401753,-0.755913,29.83282318,0.7,114.1099096,NVIDIA Tesla V100-SXM2-32G,Simulated Annealing,,"MCS_per_temperature=1, number_of_temperatures=200, schedule=logT"
1400,2401756,-0.753801,29.82438071,0.9,59.64876142,NVIDIA Tesla V100-SXM2-32G,Simulated Annealing,,"MCS_per_temperature=1, number_of_temperatures=200, schedule=logT"
1400,2401759,-0.760246,30.04453514,1,30.04453514,NVIDIA Tesla V100-SXM2-32G,Simulated Annealing,,"MCS_per_temperature=1, number_of_temperatures=200, schedule=logT"
1400,2401762,-0.756894,29.85978832,0.9,59.71957664,NVIDIA Tesla V100-SXM2-32G,Simulated Annealing,,"MCS_per_temperature=1, number_of_temperatures=200, schedule=logT"
1400,2401765,-0.758754,29.81035948,1,29.81035948,NVIDIA Tesla V100-SXM2-32G,Simulated Annealing,,"MCS_per_temperature=1, number_of_temperatures=200, schedule=logT"
1400,2401768,-0.754587,29.45178106,0.4,265.5122565,NVIDIA Tesla V100-SXM2-32G,Simulated Annealing,,"MCS_per_temperature=1, number_of_temperatures=200, schedule=logT"
1400,2401771,-0.757274,29.55850115,1,29.55850115,NVIDIA Tesla V100-SXM2-32G,Simulated Annealing,,"MCS_per_temperature=1, number_of_temperatures=200, schedule=logT"
1400,2401774,-0.752419,29.54615781,0.3,381.4820396,NVIDIA Tesla V100-SXM2-32G,Simulated Annealing,,"MCS_per_temperature=1, number_of_temperatures=200, schedule=logT"
1400,2401777,-0.756428,29.5916683,1,29.5916683,NVIDIA Tesla V100-SXM2-32G,Simulated Annealing,,"MCS_per_temperature=1, number_of_temperatures=200, schedule=logT"
1400,2401780,-0.754277,29.56152985,0.3,381.680514,NVIDIA Tesla V100-SXM2-32G,Simulated Annealing,,"MCS_per_temperature=1, number_of_temperatures=200, schedule=logT"
1400,2401783,-0.756430,29.48330014,1,29.48330014,NVIDIA Tesla V100-SXM2-32G,Simulated Annealing,,"MCS_per_temperature=1, number_of_temperatures=200, schedule=logT"
1400,2401786,-0.760214,29.54043972,1,29.54043972,NVIDIA Tesla V100-SXM2-32G,Simulated Annealing,,"MCS_per_temperature=1, number_of_temperatures=200, schedule=logT"
1400,2401789,-0.755143,29.45383806,1,29.45383806,NVIDIA Tesla V100-SXM2-32G,Simulated Annealing,,"MCS_per_temperature=1, number_of_temperatures=200, schedule=logT"
1400,2401792,-0.754885,29.5318682,1,29.5318682,NVIDIA Tesla V100-SXM2-32G,Simulated Annealing,,"MCS_per_temperature=1, number_of_temperatures=200, schedule=logT"
1400,2401795,-0.758497,29.5006305,1,29.5006305,NVIDIA Tesla V100-SXM2-32G,Simulated Annealing,,"MCS_per_temperature=1, number_of_temperatures=200, schedule=logT"
1400,2401798,-0.757849,29.46539104,1,29.46539104,NVIDIA Tesla V100-SXM2-32G,Simulated Annealing,,"MCS_per_temperature=1, number_of_temperatures=200, schedule=logT"
1400,2401801,-0.757549,29.39269257,1,29.39269257,NVIDIA Tesla V100-SXM2-32G,Simulated Annealing,,"MCS_per_temperature=1, number_of_temperatures=200, schedule=logT"
1400,2401804,-0.756127,29.35606799,0.9,58.71213598,NVIDIA Tesla V100-SXM2-32G,Simulated Annealing,,"MCS_per_temperature=1, number_of_temperatures=200, schedule=logT"
1400,2401807,-0.755573,29.43890612,1,29.43890612,NVIDIA Tesla V100-SXM2-32G,Simulated Annealing,,"MCS_per_temperature=1, number_of_temperatures=200, schedule=logT"
1400,2401810,-0.758245,29.4367815,0.9,58.873563,NVIDIA Tesla V100-SXM2-32G,Simulated Annealing,,"MCS_per_temperature=1, number_of_temperatures=200, schedule=logT"
1400,2401813,-0.759700,29.36262658,1,29.36262658,NVIDIA Tesla V100-SXM2-32G,Simulated Annealing,,"MCS_per_temperature=1, number_of_temperatures=200, schedule=logT"
1400,2401816,-0.757761,29.40282125,0.9,58.80564251,NVIDIA Tesla V100-SXM2-32G,Simulated Annealing,,"MCS_per_temperature=1, number_of_temperatures=200, schedule=logT"
1400,2401819,-0.755411,29.35524077,1,29.35524077,NVIDIA Tesla V100-SXM2-32G,Simulated Annealing,,"MCS_per_temperature=1, number_of_temperatures=200, schedule=logT"
1400,2401822,-0.755566,29.45642316,0.3,380.3234403,NVIDIA Tesla V100-SXM2-32G,Simulated Annealing,,"MCS_per_temperature=1, number_of_temperatures=200, schedule=logT"
1400,2401825,-0.760101,30.18810406,0.9,60.37620811,NVIDIA Tesla V100-SXM2-32G,Simulated Annealing,,"MCS_per_temperature=1, number_of_temperatures=200, schedule=logT"
1400,2401828,-0.758932,30.1360029,1,30.1360029,NVIDIA Tesla V100-SXM2-32G,Simulated Annealing,,"MCS_per_temperature=1, number_of_temperatures=200, schedule=logT"
1400,2401831,-0.756603,30.31021793,1,30.31021793,NVIDIA Tesla V100-SXM2-32G,Simulated Annealing,,"MCS_per_temperature=1, number_of_temperatures=200, schedule=logT"
1400,2401834,-0.760858,30.28742907,1,30.28742907,NVIDIA Tesla V100-SXM2-32G,Simulated Annealing,,"MCS_per_temperature=1, number_of_temperatures=200, schedule=logT"
1400,2401837,-0.761188,30.15952146,1,30.15952146,NVIDIA Tesla V100-SXM2-32G,Simulated Annealing,,"MCS_per_temperature=1, number_of_temperatures=200, schedule=logT"
1400,2401840,-0.753945,30.2716135,0.9,60.54322701,NVIDIA Tesla V100-SXM2-32G,Simulated Annealing,,"MCS_per_temperature=1, number_of_temperatures=200, schedule=logT"
1400,2401843,-0.758055,29.49506955,1,29.49506955,NVIDIA Tesla V100-SXM2-32G,Simulated Annealing,,"MCS_per_temperature=1, number_of_temperatures=200, schedule=logT"
1400,2401846,-0.759276,29.48613288,1,29.48613288,NVIDIA Tesla V100-SXM2-32G,Simulated Annealing,,"MCS_per_temperature=1, number_of_temperatures=200, schedule=logT"
1400,2401849,-0.764366,29.51460431,1,29.51460431,NVIDIA Tesla V100-SXM2-32G,Simulated Annealing,,"MCS_per_temperature=1, number_of_temperatures=200, schedule=logT"
1400,2401852,-0.760991,29.67524836,1,29.67524836,NVIDIA Tesla V100-SXM2-32G,Simulated Annealing,,"MCS_per_temperature=1, number_of_temperatures=200, schedule=logT"
1400,2401855,-0.757788,29.61339817,1,29.61339817,NVIDIA Tesla V100-SXM2-32G,Simulated Annealing,,"MCS_per_temperature=1, number_of_temperatures=200, schedule=logT"
1400,2401858,-0.755892,29.50788558,0.9,59.01577115,NVIDIA Tesla V100-SXM2-32G,Simulated Annealing,,"MCS_per_temperature=1, number_of_temperatures=200, schedule=logT"
1400,2401861,-0.756693,29.33701608,1,29.33701608,NVIDIA Tesla V100-SXM2-32G,Simulated Annealing,,"MCS_per_temperature=1, number_of_temperatures=200, schedule=logT"
1400,2401864,-0.758043,29.50826006,0.9,59.01652012,NVIDIA Tesla V100-SXM2-32G,Simulated Annealing,,"MCS_per_temperature=1, number_of_temperatures=200, schedule=logT"
1400,2401867,-0.759214,29.37126691,1,29.37126691,NVIDIA Tesla V100-SXM2-32G,Simulated Annealing,,"MCS_per_temperature=1, number_of_temperatures=200, schedule=logT"
1400,2401870,-0.756919,29.35061183,1,29.35061183,NVIDIA Tesla V100-SXM2-32G,Simulated Annealing,,"MCS_per_temperature=1, number_of_temperatures=200, schedule=logT"
1400,2401873,-0.759715,29.24973984,1,29.24973984,NVIDIA Tesla V100-SXM2-32G,Simulated Annealing,,"MCS_per_temperature=1, number_of_temperatures=200, schedule=logT"
1400,2401876,-0.753381,29.31754479,0.8,83.88784815,NVIDIA Tesla V100-SXM2-32G,Simulated Annealing,,"MCS_per_temperature=1, number_of_temperatures=200, schedule=logT"
1400,2401879,-0.758711,29.37023432,1,29.37023432,NVIDIA Tesla V100-SXM2-32G,Simulated Annealing,,"MCS_per_temperature=1, number_of_temperatures=200, schedule=logT"
1400,2401882,-0.758462,29.41535289,0.9,58.83070579,NVIDIA Tesla V100-SXM2-32G,Simulated Annealing,,"MCS_per_temperature=1, number_of_temperatures=200, schedule=logT"
1400,2401885,-0.757206,29.40483103,1,29.40483103,NVIDIA Tesla V100-SXM2-32G,Simulated Annealing,,"MCS_per_temperature=1, number_of_temperatures=200, schedule=logT"
1400,2401888,-0.753948,29.36850762,1,29.36850762,NVIDIA Tesla V100-SXM2-32G,Simulated Annealing,,"MCS_per_temperature=1, number_of_temperatures=200, schedule=logT"
1400,2401891,-0.754151,29.45183372,1,29.45183372,NVIDIA Tesla V100-SXM2-32G,Simulated Annealing,,"MCS_per_temperature=1, number_of_temperatures=200, schedule=logT"
1400,2401894,-0.757586,29.41618481,1,29.41618481,NVIDIA Tesla V100-SXM2-32G,Simulated Annealing,,"MCS_per_temperature=1, number_of_temperatures=200, schedule=logT"
1400,2401897,-0.758157,29.3313026,1,29.3313026,NVIDIA Tesla V100-SXM2-32G,Simulated Annealing,,"MCS_per_temperature=1, number_of_temperatures=200, schedule=logT"
1400,2401900,-0.756141,29.95506029,0.9,59.91012058,NVIDIA Tesla V100-SXM2-32G,Simulated Annealing,,"MCS_per_temperature=1, number_of_temperatures=200, schedule=logT"
1400,2401903,-0.759287,30.02673109,1,30.02673109,NVIDIA Tesla V100-SXM2-32G,Simulated Annealing,,"MCS_per_temperature=1, number_of_temperatures=200, schedule=logT"
1400,2401906,-0.758216,29.89930496,1,29.89930496,NVIDIA Tesla V100-SXM2-32G,Simulated Annealing,,"MCS_per_temperature=1, number_of_temperatures=200, schedule=logT"
1400,2401909,-0.760515,29.72006617,1,29.72006617,NVIDIA Tesla V100-SXM2-32G,Simulated Annealing,,"MCS_per_temperature=1, number_of_temperatures=200, schedule=logT"
1400,2401912,-0.755025,29.93568194,0.5,198.8883657,NVIDIA Tesla V100-SXM2-32G,Simulated Annealing,,"MCS_per_temperature=1, number_of_temperatures=200, schedule=logT"
1400,2401915,-0.755950,29.86974072,0.7,114.2511184,NVIDIA Tesla V100-SXM2-32G,Simulated Annealing,,"MCS_per_temperature=1, number_of_temperatures=200, schedule=logT"
1400,2401918,-0.759136,29.56664534,1,29.56664534,NVIDIA Tesla V100-SXM2-32G,Simulated Annealing,,"MCS_per_temperature=1, number_of_temperatures=200, schedule=logT"
1400,2401921,-0.759364,29.53464167,1,29.53464167,NVIDIA Tesla V100-SXM2-32G,Simulated Annealing,,"MCS_per_temperature=1, number_of_temperatures=200, schedule=logT"
1400,2401924,-0.757097,29.44102871,1,29.44102871,NVIDIA Tesla V100-SXM2-32G,Simulated Annealing,,"MCS_per_temperature=1, number_of_temperatures=200, schedule=logT"
1400,2401927,-0.761346,29.34967616,0.7,112.2618826,NVIDIA Tesla V100-SXM2-32G,Simulated Annealing,,"MCS_per_temperature=1, number_of_temperatures=200, schedule=logT"
1400,2401930,-0.755734,29.48481069,0.6,148.1872144,NVIDIA Tesla V100-SXM2-32G,Simulated Annealing,,"MCS_per_temperature=1, number_of_temperatures=200, schedule=logT"
1400,2401933,-0.756831,29.48531713,0.8,84.36790406,NVIDIA Tesla V100-SXM2-32G,Simulated Annealing,,"MCS_per_temperature=1, number_of_temperatures=200, schedule=logT"
1400,2401936,-0.755838,29.48421645,0.5,195.888894,NVIDIA Tesla V100-SXM2-32G,Simulated Annealing,,"MCS_per_temperature=1, number_of_temperatures=200, schedule=logT"
1400,2401939,-0.755632,29.60591807,1,29.60591807,NVIDIA Tesla V100-SXM2-32G,Simulated Annealing,,"MCS_per_temperature=1, number_of_temperatures=200, schedule=logT"
1400,2401942,-0.755745,29.45811174,0.8,84.29005982,NVIDIA Tesla V100-SXM2-32G,Simulated Annealing,,"MCS_per_temperature=1, number_of_temperatures=200, schedule=logT"
1400,2401945,-0.759720,29.4092454,0.9,58.81849079,NVIDIA Tesla V100-SXM2-32G,Simulated Annealing,,"MCS_per_temperature=1, number_of_temperatures=200, schedule=logT"
1400,2401948,-0.757188,29.50048347,1,29.50048347,NVIDIA Tesla V100-SXM2-32G,Simulated Annealing,,"MCS_per_temperature=1, number_of_temperatures=200, schedule=logT"
1400,2401951,-0.754874,29.60222526,1,29.60222526,NVIDIA Tesla V100-SXM2-32G,Simulated Annealing,,"MCS_per_temperature=1, number_of_temperatures=200, schedule=logT"
1400,2401954,-0.761366,29.44165332,1,29.44165332,NVIDIA Tesla V100-SXM2-32G,Simulated Annealing,,"MCS_per_temperature=1, number_of_temperatures=200, schedule=logT"
1400,2401957,-0.756057,29.36128922,1,29.36128922,NVIDIA Tesla V100-SXM2-32G,Simulated Annealing,,"MCS_per_temperature=1, number_of_temperatures=200, schedule=logT"
1400,2401960,-0.753284,29.4830265,1,29.4830265,NVIDIA Tesla V100-SXM2-32G,Simulated Annealing,,"MCS_per_temperature=1, number_of_temperatures=200, schedule=logT"
1400,2401963,-0.761394,29.37643852,1,29.37643852,NVIDIA Tesla V100-SXM2-32G,Simulated Annealing,,"MCS_per_temperature=1, number_of_temperatures=200, schedule=logT"
1400,2401966,-0.760095,29.33385735,1,29.33385735,NVIDIA Tesla V100-SXM2-32G,Simulated Annealing,,"MCS_per_temperature=1, number_of_temperatures=200, schedule=logT"
1400,2401969,-0.761079,29.42647178,1,29.42647178,NVIDIA Tesla V100-SXM2-32G,Simulated Annealing,,"MCS_per_temperature=1, number_of_temperatures=200, schedule=logT"
1400,2401972,-0.755363,29.27465174,1,29.27465174,NVIDIA Tesla V100-SXM2-32G,Simulated Annealing,,"MCS_per_temperature=1, number_of_temperatures=200, schedule=logT"
1400,2401975,-0.755293,29.5868525,0.7,113.169077,NVIDIA Tesla V100-SXM2-32G,Simulated Annealing,,"MCS_per_temperature=1, number_of_temperatures=200, schedule=logT"
1400,2401978,-0.760596,29.66270585,0.9,59.3254117,NVIDIA Tesla V100-SXM2-32G,Simulated Annealing,,"MCS_per_temperature=1, number_of_temperatures=200, schedule=logT"
1400,2401981,-0.757569,29.54359128,1,29.54359128,NVIDIA Tesla V100-SXM2-32G,Simulated Annealing,,"MCS_per_temperature=1, number_of_temperatures=200, schedule=logT"
1400,2401984,-0.757636,29.63275597,1,29.63275597,NVIDIA Tesla V100-SXM2-32G,Simulated Annealing,,"MCS_per_temperature=1, number_of_temperatures=200, schedule=logT"
1400,2401987,-0.758126,29.61815467,1,29.61815467,NVIDIA Tesla V100-SXM2-32G,Simulated Annealing,,"MCS_per_temperature=1, number_of_temperatures=200, schedule=logT"
1400,2401990,-0.760017,29.55116014,1,29.55116014,NVIDIA Tesla V100-SXM2-32G,Simulated Annealing,,"MCS_per_temperature=1, number_of_temperatures=200, schedule=logT"
1400,2401993,-0.756307,29.35349467,0.8,83.99071344,NVIDIA Tesla V100-SXM2-32G,Simulated Annealing,,"MCS_per_temperature=1, number_of_temperatures=200, schedule=logT"
1400,2401996,-0.758030,29.29150853,1,29.29150853,NVIDIA Tesla V100-SXM2-32G,Simulated Annealing,,"MCS_per_temperature=1, number_of_temperatures=200, schedule=logT"
1400,2401999,-0.765730,29.56628289,1,29.56628289,NVIDIA Tesla V100-SXM2-32G,Simulated Annealing,,"MCS_per_temperature=1, number_of_temperatures=200, schedule=logT"
1400,2402002,-0.754826,29.28794553,1,29.28794553,NVIDIA Tesla V100-SXM2-32G,Simulated Annealing,,"MCS_per_temperature=1, number_of_temperatures=200, schedule=logT"
1400,2402005,-0.756812,29.3543927,1,29.3543927,NVIDIA Tesla V100-SXM2-32G,Simulated Annealing,,"MCS_per_temperature=1, number_of_temperatures=200, schedule=logT"
1400,2402008,-0.757683,29.26956646,1,29.26956646,NVIDIA Tesla V100-SXM2-32G,Simulated Annealing,,"MCS_per_temperature=1, number_of_temperatures=200, schedule=logT"
1400,2402011,-0.757233,30.11746573,1,30.11746573,NVIDIA Tesla V100-SXM2-32G,Simulated Annealing,,"MCS_per_temperature=1, number_of_temperatures=200, schedule=logT"
1400,2402014,-0.756516,29.91264575,0.9,59.82529149,NVIDIA Tesla V100-SXM2-32G,Simulated Annealing,,"MCS_per_temperature=1, number_of_temperatures=200, schedule=logT"
1400,2402017,-0.760970,29.98971846,1,29.98971846,NVIDIA Tesla V100-SXM2-32G,Simulated Annealing,,"MCS_per_temperature=1, number_of_temperatures=200, schedule=logT"
1400,2402020,-0.756708,29.83171053,0.7,114.1056537,NVIDIA Tesla V100-SXM2-32G,Simulated Annealing,,"MCS_per_temperature=1, number_of_temperatures=200, schedule=logT"
1400,2402023,-0.755852,29.88438292,1,29.88438292,NVIDIA Tesla V100-SXM2-32G,Simulated Annealing,,"MCS_per_temperature=1, number_of_temperatures=200, schedule=logT"
1400,2402026,-0.756611,29.93343854,1,29.93343854,NVIDIA Tesla V100-SXM2-32G,Simulated Annealing,,"MCS_per_temperature=1, number_of_temperatures=200, schedule=logT"
1400,2402029,-0.758905,29.80635335,1,29.80635335,NVIDIA Tesla V100-SXM2-32G,Simulated Annealing,,"MCS_per_temperature=1, number_of_temperatures=200, schedule=logT"
1600,2601732,-0.756515,34.32345967,0.9,68.64691935,NVIDIA Tesla V100-SXM2-32G,Simulated Annealing,,"MCS_per_temperature=1, number_of_temperatures=200, schedule=logT"
1600,2601735,-0.756142,34.40840909,1,34.40840909,NVIDIA Tesla V100-SXM2-32G,Simulated Annealing,,"MCS_per_temperature=1, number_of_temperatures=200, schedule=logT"
1600,2601738,-0.757758,34.28734343,0.8,98.10819697,NVIDIA Tesla V100-SXM2-32G,Simulated Annealing,,"MCS_per_temperature=1, number_of_temperatures=200, schedule=logT"
1600,2601741,-0.758014,34.27420034,0.9,68.54840069,NVIDIA Tesla V100-SXM2-32G,Simulated Annealing,,"MCS_per_temperature=1, number_of_temperatures=200, schedule=logT"
1600,2601744,-0.753461,34.27180004,0.5,227.6969108,NVIDIA Tesla V100-SXM2-32G,Simulated Annealing,,"MCS_per_temperature=1, number_of_temperatures=200, schedule=logT"
1600,2601747,-0.760881,34.29225953,1,34.29225953,NVIDIA Tesla V100-SXM2-32G,Simulated Annealing,,"MCS_per_temperature=1, number_of_temperatures=200, schedule=logT"
1600,2601750,-0.759955,34.62359848,0.3,447.0388688,NVIDIA Tesla V100-SXM2-32G,Simulated Annealing,,"MCS_per_temperature=1, number_of_temperatures=200, schedule=logT"
1600,2601753,-0.758638,34.61861374,0.6,173.9891089,NVIDIA Tesla V100-SXM2-32G,Simulated Annealing,,"MCS_per_temperature=1, number_of_temperatures=200, schedule=logT"
1600,2601756,-0.756638,34.60773833,0.6,173.9344503,NVIDIA Tesla V100-SXM2-32G,Simulated Annealing,,"MCS_per_temperature=1, number_of_temperatures=200, schedule=logT"
1600,2601759,-0.756975,34.5637183,0.3,446.2657322,NVIDIA Tesla V100-SXM2-32G,Simulated Annealing,,"MCS_per_temperature=1, number_of_temperatures=200, schedule=logT"
1600,2601762,-0.755726,34.63311734,0.1,1513.768212,NVIDIA Tesla V100-SXM2-32G,Simulated Annealing,,"MCS_per_temperature=1, number_of_temperatures=200, schedule=logT"
1600,2601765,-0.759278,34.51440053,0.9,69.02880106,NVIDIA Tesla V100-SXM2-32G,Simulated Annealing,,"MCS_per_temperature=1, number_of_temperatures=200, schedule=logT"
1600,2601768,-0.756652,34.07100596,0.7,130.320868,NVIDIA Tesla V100-SXM2-32G,Simulated Annealing,,"MCS_per_temperature=1, number_of_temperatures=200, schedule=logT"
1600,2601771,-0.757629,33.94236236,0.4,305.9955255,NVIDIA Tesla V100-SXM2-32G,Simulated Annealing,,"MCS_per_temperature=1, number_of_temperatures=200, schedule=logT"
1600,2601774,-0.754399,34.07864974,0.4,307.2241768,NVIDIA Tesla V100-SXM2-32G,Simulated Annealing,,"MCS_per_temperature=1, number_of_temperatures=200, schedule=logT"
1600,2601777,-0.759493,34.05343935,0.4,306.9969014,NVIDIA Tesla V100-SXM2-32G,Simulated Annealing,,"MCS_per_temperature=1, number_of_temperatures=200, schedule=logT"
1600,2601780,-0.760426,33.95972958,0.2,700.8507898,NVIDIA Tesla V100-SXM2-32G,Simulated Annealing,,"MCS_per_temperature=1, number_of_temperatures=200, schedule=logT"
1600,2601783,-0.757253,33.94671359,1,33.94671359,NVIDIA Tesla V100-SXM2-32G,Simulated Annealing,,"MCS_per_temperature=1, number_of_temperatures=200, schedule=logT"
1600,2601786,-0.756771,34.02167108,0.3,439.2671479,NVIDIA Tesla V100-SXM2-32G,Simulated Annealing,,"MCS_per_temperature=1, number_of_temperatures=200, schedule=logT"
1600,2601789,-0.757737,33.80577538,0.6,169.9038782,NVIDIA Tesla V100-SXM2-32G,Simulated Annealing,,"MCS_per_temperature=1, number_of_temperatures=200, schedule=logT"
1600,2601792,-0.757202,34.06109669,1,34.06109669,NVIDIA Tesla V100-SXM2-32G,Simulated Annealing,,"MCS_per_temperature=1, number_of_temperatures=200, schedule=logT"
1600,2601795,-0.759783,33.68465734,1,33.68465734,NVIDIA Tesla V100-SXM2-32G,Simulated Annealing,,"MCS_per_temperature=1, number_of_temperatures=200, schedule=logT"
1600,2601798,-0.758180,33.78669069,0.8,96.67565268,NVIDIA Tesla V100-SXM2-32G,Simulated Annealing,,"MCS_per_temperature=1, number_of_temperatures=200, schedule=logT"
1600,2601801,-0.759506,33.85572042,1,33.85572042,NVIDIA Tesla V100-SXM2-32G,Simulated Annealing,,"MCS_per_temperature=1, number_of_temperatures=200, schedule=logT"
1600,2601804,-0.755440,33.98780854,0.2,701.430275,NVIDIA Tesla V100-SXM2-32G,Simulated Annealing,,"MCS_per_temperature=1, number_of_temperatures=200, schedule=logT"
1600,2601807,-0.759542,33.84051569,0.8,96.82966501,NVIDIA Tesla V100-SXM2-32G,Simulated Annealing,,"MCS_per_temperature=1, number_of_temperatures=200, schedule=logT"
1600,2601810,-0.759441,33.85105813,0.8,96.85983065,NVIDIA Tesla V100-SXM2-32G,Simulated Annealing,,"MCS_per_temperature=1, number_of_temperatures=200, schedule=logT"
1600,2601813,-0.759833,33.8032901,1,33.8032901,NVIDIA Tesla V100-SXM2-32G,Simulated Annealing,,"MCS_per_temperature=1, number_of_temperatures=200, schedule=logT"
1600,2601816,-0.756674,33.86208522,0.3,437.2066722,NVIDIA Tesla V100-SXM2-32G,Simulated Annealing,,"MCS_per_temperature=1, number_of_temperatures=200, schedule=logT"
1600,2601819,-0.758060,33.74351914,0.5,224.1870885,NVIDIA Tesla V100-SXM2-32G,Simulated Annealing,,"MCS_per_temperature=1, number_of_temperatures=200, schedule=logT"
1600,2601822,-0.758004,33.74648333,0,inf,NVIDIA Tesla V100-SXM2-32G,Simulated Annealing,,"MCS_per_temperature=1, number_of_temperatures=200, schedule=logT"
1600,2601825,-0.757464,34.97060678,0.7,133.7618218,NVIDIA Tesla V100-SXM2-32G,Simulated Annealing,,"MCS_per_temperature=1, number_of_temperatures=200, schedule=logT"
1600,2601828,-0.760347,35.25226812,0.8,100.8691872,NVIDIA Tesla V100-SXM2-32G,Simulated Annealing,,"MCS_per_temperature=1, number_of_temperatures=200, schedule=logT"
1600,2601831,-0.760214,35.04811747,0.1,1531.907325,NVIDIA Tesla V100-SXM2-32G,Simulated Annealing,,"MCS_per_temperature=1, number_of_temperatures=200, schedule=logT"
1600,2601834,-0.757642,35.17537923,0.1,1537.469769,NVIDIA Tesla V100-SXM2-32G,Simulated Annealing,,"MCS_per_temperature=1, number_of_temperatures=200, schedule=logT"
1600,2601837,-0.757935,35.0722187,0.6,176.2688744,NVIDIA Tesla V100-SXM2-32G,Simulated Annealing,,"MCS_per_temperature=1, number_of_temperatures=200, schedule=logT"
1600,2601840,-0.760711,35.06236274,1,35.06236274,NVIDIA Tesla V100-SXM2-32G,Simulated Annealing,,"MCS_per_temperature=1, number_of_temperatures=200, schedule=logT"
1600,2601843,-0.757676,34.10033252,0.1,1490.480885,NVIDIA Tesla V100-SXM2-32G,Simulated Annealing,,"MCS_per_temperature=1, number_of_temperatures=200, schedule=logT"
1600,2601846,-0.759696,34.09326141,0.8,97.55285977,NVIDIA Tesla V100-SXM2-32G,Simulated Annealing,,"MCS_per_temperature=1, number_of_temperatures=200, schedule=logT"
1600,2601849,-0.753525,33.98533978,0,inf,NVIDIA Tesla V100-SXM2-32G,Simulated Annealing,,"MCS_per_temperature=1, number_of_temperatures=200, schedule=logT"
1600,2601852,-0.755979,33.95569677,0.6,170.6573656,NVIDIA Tesla V100-SXM2-32G,Simulated Annealing,,"MCS_per_temperature=1, number_of_temperatures=200, schedule=logT"
1600,2601855,-0.757188,34.05107367,0.9,68.10214734,NVIDIA Tesla V100-SXM2-32G,Simulated Annealing,,"MCS_per_temperature=1, number_of_temperatures=200, schedule=logT"
1600,2601858,-0.761091,34.0319973,0.9,68.0639946,NVIDIA Tesla V100-SXM2-32G,Simulated Annealing,,"MCS_per_temperature=1, number_of_temperatures=200, schedule=logT"
1600,2601861,-0.756665,33.7770292,0.3,436.1084806,NVIDIA Tesla V100-SXM2-32G,Simulated Annealing,,"MCS_per_temperature=1, number_of_temperatures=200, schedule=logT"
1600,2601864,-0.756061,33.84903569,0.4,305.1541715,NVIDIA Tesla V100-SXM2-32G,Simulated Annealing,,"MCS_per_temperature=1, number_of_temperatures=200, schedule=logT"
1600,2601867,-0.758463,33.85384429,0.5,224.9200729,NVIDIA Tesla V100-SXM2-32G,Simulated Annealing,,"MCS_per_temperature=1, number_of_temperatures=200, schedule=logT"
1600,2601870,-0.756571,33.86440215,1,33.86440215,NVIDIA Tesla V100-SXM2-32G,Simulated Annealing,,"MCS_per_temperature=1, number_of_temperatures=200, schedule=logT"
1600,2601873,-0.757850,33.92116158,0.3,437.9694303,NVIDIA Tesla V100-SXM2-32G,Simulated Annealing,,"MCS_per_temperature=1, number_of_temperatures=200, schedule=logT"
1600,2601876,-0.764333,33.82619462,1,33.82619462,NVIDIA Tesla V100-SXM2-32G,Simulated Annealing,,"MCS_per_temperature=1, number_of_temperatures=200, schedule=logT"
1600,2601879,-0.758587,33.82266142,0.6,169.9887455,NVIDIA Tesla V100-SXM2-32G,Simulated Annealing,,"MCS_per_temperature=1, number_of_temperatures=200, schedule=logT"
1600,2601882,-0.753034,33.98050177,0.3,438.7355947,NVIDIA Tesla V100-SXM2-32G,Simulated Annealing,,"MCS_per_temperature=1, number_of_temperatures=200, schedule=logT"
1600,2601885,-0.755408,33.76764505,0.8,96.62115639,NVIDIA Tesla V100-SXM2-32G,Simulated Annealing,,"MCS_per_temperature=1, number_of_temperatures=200, schedule=logT"
1600,2601888,-0.759327,33.68426459,1,33.68426459,NVIDIA Tesla V100-SXM2-32G,Simulated Annealing,,"MCS_per_temperature=1, number_of_temperatures=200, schedule=logT"
1600,2601891,-0.758951,33.62270646,0.7,128.606132,NVIDIA Tesla V100-SXM2-32G,Simulated Annealing,,"MCS_per_temperature=1, number_of_temperatures=200, schedule=logT"
1600,2601894,-0.760301,33.85859263,0.5,224.9516202,NVIDIA Tesla V100-SXM2-32G,Simulated Annealing,,"MCS_per_temperature=1, number_of_temperatures=200, schedule=logT"
1600,2601897,-0.759873,33.73522456,0.1,1474.522494,NVIDIA Tesla V100-SXM2-32G,Simulated Annealing,,"MCS_per_temperature=1, number_of_temperatures=200, schedule=logT"
1600,2601900,-0.758169,34.56647618,0.6,173.7270715,NVIDIA Tesla V100-SXM2-32G,Simulated Annealing,,"MCS_per_temperature=1, number_of_temperatures=200, schedule=logT"
1600,2601903,-0.759181,34.58775365,0.1,1511.785425,NVIDIA Tesla V100-SXM2-32G,Simulated Annealing,,"MCS_per_temperature=1, number_of_temperatures=200, schedule=logT"
1600,2601906,-0.757785,34.52713232,0.1,1509.135746,NVIDIA Tesla V100-SXM2-32G,Simulated Annealing,,"MCS_per_temperature=1, number_of_temperatures=200, schedule=logT"
1600,2601909,-0.757169,34.62220039,0.7,132.4291749,NVIDIA Tesla V100-SXM2-32G,Simulated Annealing,,"MCS_per_temperature=1, number_of_temperatures=200, schedule=logT"
1600,2601912,-0.756414,34.62075849,0.1,1513.228023,NVIDIA Tesla V100-SXM2-32G,Simulated Annealing,,"MCS_per_temperature=1, number_of_temperatures=200, schedule=logT"
1600,2601915,-0.756389,34.52367816,0.5,229.3703528,NVIDIA Tesla V100-SXM2-32G,Simulated Annealing,,"MCS_per_temperature=1, number_of_temperatures=200, schedule=logT"
1600,2601918,-0.759061,33.9397274,0.9,67.8794548,NVIDIA Tesla V100-SXM2-32G,Simulated Annealing,,"MCS_per_temperature=1, number_of_temperatures=200, schedule=logT"
1600,2601921,-0.757852,33.87585492,0.8,96.93078304,NVIDIA Tesla V100-SXM2-32G,Simulated Annealing,,"MCS_per_temperature=1, number_of_temperatures=200, schedule=logT"
1600,2601924,-0.765089,34.06650486,1,34.06650486,NVIDIA Tesla V100-SXM2-32G,Simulated Annealing,,"MCS_per_temperature=1, number_of_temperatures=200, schedule=logT"
1600,2601927,-0.756338,33.90176742,0.5,225.2384673,NVIDIA Tesla V100-SXM2-32G,Simulated Annealing,,"MCS_per_temperature=1, number_of_temperatures=200, schedule=logT"
1600,2601930,-0.757715,33.96447933,0.4,306.1949133,NVIDIA Tesla V100-SXM2-32G,Simulated Annealing,,"MCS_per_temperature=1, number_of_temperatures=200, schedule=logT"
1600,2601933,-0.756857,33.8426342,0.4,305.0964611,NVIDIA Tesla V100-SXM2-32G,Simulated Annealing,,"MCS_per_temperature=1, number_of_temperatures=200, schedule=logT"
1600,2601936,-0.756913,34.12960253,0.5,226.752171,NVIDIA Tesla V100-SXM2-32G,Simulated Annealing,,"MCS_per_temperature=1, number_of_temperatures=200, schedule=logT"
1600,2601939,-0.756640,34.31235313,0.3,443.0202579,NVIDIA Tesla V100-SXM2-32G,Simulated Annealing,,"MCS_per_temperature=1, number_of_temperatures=200, schedule=logT"
1600,2601942,-0.757107,33.93921907,0.8,97.11209024,NVIDIA Tesla V100-SXM2-32G,Simulated Annealing,,"MCS_per_temperature=1, number_of_temperatures=200, schedule=logT"
1600,2601945,-0.756350,33.86982205,0.5,225.0262269,NVIDIA Tesla V100-SXM2-32G,Simulated Annealing,,"MCS_per_temperature=1, number_of_temperatures=200, schedule=logT"
1600,2601948,-0.758546,34.19504321,0.6,171.8602928,NVIDIA Tesla V100-SXM2-32G,Simulated Annealing,,"MCS_per_temperature=1, number_of_temperatures=200, schedule=logT"
1600,2601951,-0.756199,34.06225367,0.6,171.1929081,NVIDIA Tesla V100-SXM2-32G,Simulated Annealing,,"MCS_per_temperature=1, number_of_temperatures=200, schedule=logT"
1600,2601954,-0.758528,33.93486674,0.9,67.86973348,NVIDIA Tesla V100-SXM2-32G,Simulated Annealing,,"MCS_per_temperature=1, number_of_temperatures=200, schedule=logT"
1600,2601957,-0.758993,33.9493176,1,33.9493176,NVIDIA Tesla V100-SXM2-32G,Simulated Annealing,,"MCS_per_temperature=1, number_of_temperatures=200, schedule=logT"
1600,2601960,-0.757410,33.79734395,0.2,697.4995235,NVIDIA Tesla V100-SXM2-32G,Simulated Annealing,,"MCS_per_temperature=1, number_of_temperatures=200, schedule=logT"
1600,2601963,-0.755215,33.96541908,0.9,67.93083816,NVIDIA Tesla V100-SXM2-32G,Simulated Annealing,,"MCS_per_temperature=1, number_of_temperatures=200, schedule=logT"
1600,2601966,-0.758247,33.98474557,0.8,97.24235765,NVIDIA Tesla V100-SXM2-32G,Simulated Annealing,,"MCS_per_temperature=1, number_of_temperatures=200, schedule=logT"
1600,2601969,-0.762413,33.88705742,1,33.88705742,NVIDIA Tesla V100-SXM2-32G,Simulated Annealing,,"MCS_per_temperature=1, number_of_temperatures=200, schedule=logT"
1600,2601972,-0.756023,34.02587175,0.2,702.2158123,NVIDIA Tesla V100-SXM2-32G,Simulated Annealing,,"MCS_per_temperature=1, number_of_temperatures=200, schedule=logT"
1600,2601975,-0.756730,34.22614501,0,inf,NVIDIA Tesla V100-SXM2-32G,Simulated Annealing,,"MCS_per_temperature=1, number_of_temperatures=200, schedule=logT"
1600,2601978,-0.755149,34.2887259,0.5,227.8093638,NVIDIA Tesla V100-SXM2-32G,Simulated Annealing,,"MCS_per_temperature=1, number_of_temperatures=200, schedule=logT"
1600,2601981,-0.756040,34.19292042,0.3,441.4782153,NVIDIA Tesla V100-SXM2-32G,Simulated Annealing,,"MCS_per_temperature=1, number_of_temperatures=200, schedule=logT"
1600,2601984,-0.756753,34.18914232,1,34.18914232,NVIDIA Tesla V100-SXM2-32G,Simulated Annealing,,"MCS_per_temperature=1, number_of_temperatures=200, schedule=logT"
1600,2601987,-0.757380,34.37505631,0.9,68.75011263,NVIDIA Tesla V100-SXM2-32G,Simulated Annealing,,"MCS_per_temperature=1, number_of_temperatures=200, schedule=logT"
1600,2601990,-0.759852,34.23759892,0.8,97.96586036,NVIDIA Tesla V100-SXM2-32G,Simulated Annealing,,"MCS_per_temperature=1, number_of_temperatures=200, schedule=logT"
1600,2601993,-0.758641,33.49346414,0.7,128.1117829,NVIDIA Tesla V100-SXM2-32G,Simulated Annealing,,"MCS_per_temperature=1, number_of_temperatures=200, schedule=logT"
1600,2601996,-0.754506,33.66346858,0.6,169.1886608,NVIDIA Tesla V100-SXM2-32G,Simulated Annealing,,"MCS_per_temperature=1, number_of_temperatures=200, schedule=logT"
1600,2601999,-0.757779,33.7887681,0.2,697.3225377,NVIDIA Tesla V100-SXM2-32G,Simulated Annealing,,"MCS_per_temperature=1, number_of_temperatures=200, schedule=logT"
1600,2602002,-0.759165,33.63407972,1,33.63407972,NVIDIA Tesla V100-SXM2-32G,Simulated Annealing,,"MCS_per_temperature=1, number_of_temperatures=200, schedule=logT"
1600,2602005,-0.754251,33.52711341,0,inf,NVIDIA Tesla V100-SXM2-32G,Simulated Annealing,,"MCS_per_temperature=1, number_of_temperatures=200, schedule=logT"
1600,2602008,-0.758086,33.60522542,0.7,128.5392674,NVIDIA Tesla V100-SXM2-32G,Simulated Annealing,,"MCS_per_temperature=1, number_of_temperatures=200, schedule=logT"
1600,2602011,-0.761134,34.64647212,1,34.64647212,NVIDIA Tesla V100-SXM2-32G,Simulated Annealing,,"MCS_per_temperature=1, number_of_temperatures=200, schedule=logT"
1600,2602014,-0.757285,34.54240398,1,34.54240398,NVIDIA Tesla V100-SXM2-32G,Simulated Annealing,,"MCS_per_temperature=1, number_of_temperatures=200, schedule=logT"
1600,2602017,-0.757074,34.66237285,0,inf,NVIDIA Tesla V100-SXM2-32G,Simulated Annealing,,"MCS_per_temperature=1, number_of_temperatures=200, schedule=logT"
1600,2602020,-0.755552,34.53377886,0.1,1509.426257,NVIDIA Tesla V100-SXM2-32G,Simulated Annealing,,"MCS_per_temperature=1, number_of_temperatures=200, schedule=logT"
1600,2602023,-0.755388,34.52328773,0.1,1508.967704,NVIDIA Tesla V100-SXM2-32G,Simulated Annealing,,"MCS_per_temperature=1, number_of_temperatures=200, schedule=logT"
1600,2602026,-0.757288,34.76585479,0.4,313.4194342,NVIDIA Tesla V100-SXM2-32G,Simulated Annealing,,"MCS_per_temperature=1, number_of_temperatures=200, schedule=logT"
1600,2602029,-0.756586,34.76962466,1,34.76962466,NVIDIA Tesla V100-SXM2-32G,Simulated Annealing,,"MCS_per_temperature=1, number_of_temperatures=200, schedule=logT"
2000,3001732,-0.759172,50.17927339,0.5,333.3838761,NVIDIA Tesla V100-SXM2-32G,Simulated Annealing,,"MCS_per_temperature=1, number_of_temperatures=200, schedule=logT"
2000,3001735,-0.759958,50.25639741,0,inf,NVIDIA Tesla V100-SXM2-32G,Simulated Annealing,,"MCS_per_temperature=1, number_of_temperatures=200, schedule=logT"
2000,3001738,-0.760696,50.38114779,0.1,2202.094004,NVIDIA Tesla V100-SXM2-32G,Simulated Annealing,,"MCS_per_temperature=1, number_of_temperatures=200, schedule=logT"
2000,3001741,-0.759931,50.17069209,0.1,2192.89526,NVIDIA Tesla V100-SXM2-32G,Simulated Annealing,,"MCS_per_temperature=1, number_of_temperatures=200, schedule=logT"
2000,3001744,-0.760320,50.30532632,0,inf,NVIDIA Tesla V100-SXM2-32G,Simulated Annealing,,"MCS_per_temperature=1, number_of_temperatures=200, schedule=logT"
2000,3001747,-0.762540,50.06264181,0.3,646.3784166,NVIDIA Tesla V100-SXM2-32G,Simulated Annealing,,"MCS_per_temperature=1, number_of_temperatures=200, schedule=logT"
2000,3001750,-0.759369,50.46483543,0,inf,NVIDIA Tesla V100-SXM2-32G,Simulated Annealing,,"MCS_per_temperature=1, number_of_temperatures=200, schedule=logT"
2000,3001753,-0.758648,50.55274811,0,inf,NVIDIA Tesla V100-SXM2-32G,Simulated Annealing,,"MCS_per_temperature=1, number_of_temperatures=200, schedule=logT"
2000,3001756,-0.756680,50.68643718,0.2,1046.051602,NVIDIA Tesla V100-SXM2-32G,Simulated Annealing,,"MCS_per_temperature=1, number_of_temperatures=200, schedule=logT"
2000,3001759,-0.762790,50.38039629,1,50.38039629,NVIDIA Tesla V100-SXM2-32G,Simulated Annealing,,"MCS_per_temperature=1, number_of_temperatures=200, schedule=logT"
2000,3001762,-0.758792,50.60674965,0.3,653.4036065,NVIDIA Tesla V100-SXM2-32G,Simulated Annealing,,"MCS_per_temperature=1, number_of_temperatures=200, schedule=logT"
2000,3001765,-0.758242,50.4561754,0,inf,NVIDIA Tesla V100-SXM2-32G,Simulated Annealing,,"MCS_per_temperature=1, number_of_temperatures=200, schedule=logT"
2000,3001768,-0.759873,49.88289981,0.2,1029.468437,NVIDIA Tesla V100-SXM2-32G,Simulated Annealing,,"MCS_per_temperature=1, number_of_temperatures=200, schedule=logT"
2000,3001771,-0.758267,50.00654554,0,inf,NVIDIA Tesla V100-SXM2-32G,Simulated Annealing,,"MCS_per_temperature=1, number_of_temperatures=200, schedule=logT"
2000,3001774,-0.757975,49.89247735,0,inf,NVIDIA Tesla V100-SXM2-32G,Simulated Annealing,,"MCS_per_temperature=1, number_of_temperatures=200, schedule=logT"
2000,3001777,-0.760589,49.80844893,0.2,1027.931942,NVIDIA Tesla V100-SXM2-32G,Simulated Annealing,,"MCS_per_temperature=1, number_of_temperatures=200, schedule=logT"
2000,3001780,-0.757576,49.89024937,0,inf,NVIDIA Tesla V100-SXM2-32G,Simulated Annealing,,"MCS_per_temperature=1, number_of_temperatures=200, schedule=logT"
2000,3001783,-0.756003,50.05054355,0,inf,NVIDIA Tesla V100-SXM2-32G,Simulated Annealing,,"MCS_per_temperature=1, number_of_temperatures=200, schedule=logT"
2000,3001786,-0.757381,49.39486978,0,inf,NVIDIA Tesla V100-SXM2-32G,Simulated Annealing,,"MCS_per_temperature=1, number_of_temperatures=200, schedule=logT"
2000,3001789,-0.760811,49.3774086,0,inf,NVIDIA Tesla V100-SXM2-32G,Simulated Annealing,,"MCS_per_temperature=1, number_of_temperatures=200, schedule=logT"
2000,3001792,-0.757931,49.61701753,0,inf,NVIDIA Tesla V100-SXM2-32G,Simulated Annealing,,"MCS_per_temperature=1, number_of_temperatures=200, schedule=logT"
2000,3001795,-0.760725,49.4139941,0,inf,NVIDIA Tesla V100-SXM2-32G,Simulated Annealing,,"MCS_per_temperature=1, number_of_temperatures=200, schedule=logT"
2000,3001798,-0.760215,49.4255466,0,inf,NVIDIA Tesla V100-SXM2-32G,Simulated Annealing,,"MCS_per_temperature=1, number_of_temperatures=200, schedule=logT"
2000,3001801,-0.759016,49.17456865,0.4,443.3161669,NVIDIA Tesla V100-SXM2-32G,Simulated Annealing,,"MCS_per_temperature=1, number_of_temperatures=200, schedule=logT"
2000,3001804,-0.758848,48.95642214,0,inf,NVIDIA Tesla V100-SXM2-32G,Simulated Annealing,,"MCS_per_temperature=1, number_of_temperatures=200, schedule=logT"
2000,3001807,-0.763086,49.53285441,1,49.53285441,NVIDIA Tesla V100-SXM2-32G,Simulated Annealing,,"MCS_per_temperature=1, number_of_temperatures=200, schedule=logT"
2000,3001810,-0.758537,49.26603224,0.5,327.3164333,NVIDIA Tesla V100-SXM2-32G,Simulated Annealing,,"MCS_per_temperature=1, number_of_temperatures=200, schedule=logT"
2000,3001813,-0.757669,49.3868458,0.1,2158.634366,NVIDIA Tesla V100-SXM2-32G,Simulated Annealing,,"MCS_per_temperature=1, number_of_temperatures=200, schedule=logT"
2000,3001816,-0.758908,49.29321046,0.3,636.4439864,NVIDIA Tesla V100-SXM2-32G,Simulated Annealing,,"MCS_per_temperature=1, number_of_temperatures=200, schedule=logT"
2000,3001819,-0.762321,49.56233611,0,inf,NVIDIA Tesla V100-SXM2-32G,Simulated Annealing,,"MCS_per_temperature=1, number_of_temperatures=200, schedule=logT"
2000,3001822,-0.759050,49.64826291,0.3,641.0282079,NVIDIA Tesla V100-SXM2-32G,Simulated Annealing,,"MCS_per_temperature=1, number_of_temperatures=200, schedule=logT"
2000,3001825,-0.760435,51.41348276,0.1,2247.216013,NVIDIA Tesla V100-SXM2-32G,Simulated Annealing,,"MCS_per_temperature=1, number_of_temperatures=200, schedule=logT"
2000,3001828,-0.757625,51.50479612,0.6,258.857089,NVIDIA Tesla V100-SXM2-32G,Simulated Annealing,,"MCS_per_temperature=1, number_of_temperatures=200, schedule=logT"
2000,3001831,-0.759020,51.40769813,0,inf,NVIDIA Tesla V100-SXM2-32G,Simulated Annealing,,"MCS_per_temperature=1, number_of_temperatures=200, schedule=logT"
2000,3001834,-0.755609,51.35476081,0.1,2244.649354,NVIDIA Tesla V100-SXM2-32G,Simulated Annealing,,"MCS_per_temperature=1, number_of_temperatures=200, schedule=logT"
2000,3001837,-0.758391,51.42050104,0.2,1061.200993,NVIDIA Tesla V100-SXM2-32G,Simulated Annealing,,"MCS_per_temperature=1, number_of_temperatures=200, schedule=logT"
2000,3001840,-0.759647,51.2232749,0.6,257.4421962,NVIDIA Tesla V100-SXM2-32G,Simulated Annealing,,"MCS_per_temperature=1, number_of_temperatures=200, schedule=logT"
2000,3001843,-0.760891,49.9349133,1,49.9349133,NVIDIA Tesla V100-SXM2-32G,Simulated Annealing,,"MCS_per_temperature=1, number_of_temperatures=200, schedule=logT"
2000,3001846,-0.757335,49.69284029,0,inf,NVIDIA Tesla V100-SXM2-32G,Simulated Annealing,,"MCS_per_temperature=1, number_of_temperatures=200, schedule=logT"
2000,3001849,-0.757753,49.82888789,0,inf,NVIDIA Tesla V100-SXM2-32G,Simulated Annealing,,"MCS_per_temperature=1, number_of_temperatures=200, schedule=logT"
2000,3001852,-0.754612,49.91032791,0.2,1030.03449,NVIDIA Tesla V100-SXM2-32G,Simulated Annealing,,"MCS_per_temperature=1, number_of_temperatures=200, schedule=logT"
2000,3001855,-0.757931,49.74160323,0,inf,NVIDIA Tesla V100-SXM2-32G,Simulated Annealing,,"MCS_per_temperature=1, number_of_temperatures=200, schedule=logT"
2000,3001858,-0.757669,49.70452964,0,inf,NVIDIA Tesla V100-SXM2-32G,Simulated Annealing,,"MCS_per_temperature=1, number_of_temperatures=200, schedule=logT"
2000,3001861,-0.762009,49.29951584,0.9,98.59903169,NVIDIA Tesla V100-SXM2-32G,Simulated Annealing,,"MCS_per_temperature=1, number_of_temperatures=200, schedule=logT"
2000,3001864,-0.759763,49.30328462,0,inf,NVIDIA Tesla V100-SXM2-32G,Simulated Annealing,,"MCS_per_temperature=1, number_of_temperatures=200, schedule=logT"
2000,3001867,-0.759695,49.32036126,0.8,141.1229694,NVIDIA Tesla V100-SXM2-32G,Simulated Annealing,,"MCS_per_temperature=1, number_of_temperatures=200, schedule=logT"
2000,3001870,-0.759050,49.22925804,0.6,247.4205004,NVIDIA Tesla V100-SXM2-32G,Simulated Annealing,,"MCS_per_temperature=1, number_of_temperatures=200, schedule=logT"
2000,3001873,-0.755555,49.29830899,0,inf,NVIDIA Tesla V100-SXM2-32G,Simulated Annealing,,"MCS_per_temperature=1, number_of_temperatures=200, schedule=logT"
2000,3001876,-0.756890,49.34985156,0,inf,NVIDIA Tesla V100-SXM2-32G,Simulated Annealing,,"MCS_per_temperature=1, number_of_temperatures=200, schedule=logT"
2000,3001879,-0.758483,49.27421975,0.4,444.2145366,NVIDIA Tesla V100-SXM2-32G,Simulated Annealing,,"MCS_per_temperature=1, number_of_temperatures=200, schedule=logT"
2000,3001882,-0.756469,49.2322237,0,inf,NVIDIA Tesla V100-SXM2-32G,Simulated Annealing,,"MCS_per_temperature=1, number_of_temperatures=200, schedule=logT"
2000,3001885,-0.759168,49.34895463,0,inf,NVIDIA Tesla V100-SXM2-32G,Simulated Annealing,,"MCS_per_temperature=1, number_of_temperatures=200, schedule=logT"
2000,3001888,-0.759044,49.19068766,0.1,2150.06055,NVIDIA Tesla V100-SXM2-32G,Simulated Annealing,,"MCS_per_temperature=1, number_of_temperatures=200, schedule=logT"
2000,3001891,-0.759603,49.3048219,0.1,2155.049208,NVIDIA Tesla V100-SXM2-32G,Simulated Annealing,,"MCS_per_temperature=1, number_of_temperatures=200, schedule=logT"
2000,3001894,-0.757821,49.21012702,0.2,1015.583952,NVIDIA Tesla V100-SXM2-32G,Simulated Annealing,,"MCS_per_temperature=1, number_of_temperatures=200, schedule=logT"
2000,3001897,-0.754805,49.22850869,0,inf,NVIDIA Tesla V100-SXM2-32G,Simulated Annealing,,"MCS_per_temperature=1, number_of_temperatures=200, schedule=logT"
2000,3001900,-0.757040,50.44393303,0,inf,NVIDIA Tesla V100-SXM2-32G,Simulated Annealing,,"MCS_per_temperature=1, number_of_temperatures=200, schedule=logT"
2000,3001903,-0.757877,50.65266109,0.2,1045.354541,NVIDIA Tesla V100-SXM2-32G,Simulated Annealing,,"MCS_per_temperature=1, number_of_temperatures=200, schedule=logT"
2000,3001906,-0.757716,50.68827267,0,inf,NVIDIA Tesla V100-SXM2-32G,Simulated Annealing,,"MCS_per_temperature=1, number_of_temperatures=200, schedule=logT"
2000,3001909,-0.756045,50.63323686,0,inf,NVIDIA Tesla V100-SXM2-32G,Simulated Annealing,,"MCS_per_temperature=1, number_of_temperatures=200, schedule=logT"
2000,3001912,-0.758081,50.6790457,0,inf,NVIDIA Tesla V100-SXM2-32G,Simulated Annealing,,"MCS_per_temperature=1, number_of_temperatures=200, schedule=logT"
2000,3001915,-0.757104,50.77627821,0,inf,NVIDIA Tesla V100-SXM2-32G,Simulated Annealing,,"MCS_per_temperature=1, number_of_temperatures=200, schedule=logT"
2000,3001918,-0.756790,49.61975777,0,inf,NVIDIA Tesla V100-SXM2-32G,Simulated Annealing,,"MCS_per_temperature=1, number_of_temperatures=200, schedule=logT"
2000,3001921,-0.759163,49.56661716,0.3,639.9740476,NVIDIA Tesla V100-SXM2-32G,Simulated Annealing,,"MCS_per_temperature=1, number_of_temperatures=200, schedule=logT"
2000,3001924,-0.759709,49.25550036,0.2,1016.520354,NVIDIA Tesla V100-SXM2-32G,Simulated Annealing,,"MCS_per_temperature=1, number_of_temperatures=200, schedule=logT"
2000,3001927,-0.760731,49.42576919,0.4,445.5807776,NVIDIA Tesla V100-SXM2-32G,Simulated Annealing,,"MCS_per_temperature=1, number_of_temperatures=200, schedule=logT"
2000,3001930,-0.761624,49.4881779,0.5,328.792337,NVIDIA Tesla V100-SXM2-32G,Simulated Annealing,,"MCS_per_temperature=1, number_of_temperatures=200, schedule=logT"
2000,3001933,-0.759459,49.33101366,0.1,2156.194016,NVIDIA Tesla V100-SXM2-32G,Simulated Annealing,,"MCS_per_temperature=1, number_of_temperatures=200, schedule=logT"
2000,3001936,-0.759530,49.72519648,0.3,642.0215275,NVIDIA Tesla V100-SXM2-32G,Simulated Annealing,,"MCS_per_temperature=1, number_of_temperatures=200, schedule=logT"
2000,3001939,-0.756806,49.82522514,0.2,1028.278164,NVIDIA Tesla V100-SXM2-32G,Simulated Annealing,,"MCS_per_temperature=1, number_of_temperatures=200, schedule=logT"
2000,3001942,-0.762960,49.78171902,1,49.78171902,NVIDIA Tesla V100-SXM2-32G,Simulated Annealing,,"MCS_per_temperature=1, number_of_temperatures=200, schedule=logT"
2000,3001945,-0.761989,49.79077933,0.5,330.8027774,NVIDIA Tesla V100-SXM2-32G,Simulated Annealing,,"MCS_per_temperature=1, number_of_temperatures=200, schedule=logT"
2000,3001948,-0.759626,49.69393563,0.2,1025.568651,NVIDIA Tesla V100-SXM2-32G,Simulated Annealing,,"MCS_per_temperature=1, number_of_temperatures=200, schedule=logT"
2000,3001951,-0.757035,49.4984849,0.1,2163.513964,NVIDIA Tesla V100-SXM2-32G,Simulated Annealing,,"MCS_per_temperature=1, number_of_temperatures=200, schedule=logT"
2000,3001954,-0.757776,49.47539611,0.6,248.6575616,NVIDIA Tesla V100-SXM2-32G,Simulated Annealing,,"MCS_per_temperature=1, number_of_temperatures=200, schedule=logT"
2000,3001957,-0.758895,49.30030334,0.4,444.4496841,NVIDIA Tesla V100-SXM2-32G,Simulated Annealing,,"MCS_per_temperature=1, number_of_temperatures=200, schedule=logT"
2000,3001960,-0.761360,49.33335645,0.3,636.9623271,NVIDIA Tesla V100-SXM2-32G,Simulated Annealing,,"MCS_per_temperature=1, number_of_temperatures=200, schedule=logT"
2000,3001963,-0.758702,49.39902213,0,inf,NVIDIA Tesla V100-SXM2-32G,Simulated Annealing,,"MCS_per_temperature=1, number_of_temperatures=200, schedule=logT"
2000,3001966,-0.762306,49.29996376,0,inf,NVIDIA Tesla V100-SXM2-32G,Simulated Annealing,,"MCS_per_temperature=1, number_of_temperatures=200, schedule=logT"
2000,3001969,-0.759711,49.38828123,0.1,2158.697106,NVIDIA Tesla V100-SXM2-32G,Simulated Annealing,,"MCS_per_temperature=1, number_of_temperatures=200, schedule=logT"
2000,3001972,-0.759261,49.70360544,0.9,99.40721087,NVIDIA Tesla V100-SXM2-32G,Simulated Annealing,,"MCS_per_temperature=1, number_of_temperatures=200, schedule=logT"
2000,3001975,-0.759737,49.93292654,0.2,1030.500874,NVIDIA Tesla V100-SXM2-32G,Simulated Annealing,,"MCS_per_temperature=1, number_of_temperatures=200, schedule=logT"
2000,3001978,-0.757970,49.97092099,0.1,2184.163527,NVIDIA Tesla V100-SXM2-32G,Simulated Annealing,,"MCS_per_temperature=1, number_of_temperatures=200, schedule=logT"
2000,3001981,-0.759613,50.09862723,0.6,251.7898484,NVIDIA Tesla V100-SXM2-32G,Simulated Annealing,,"MCS_per_temperature=1, number_of_temperatures=200, schedule=logT"
2000,3001984,-0.758476,50.06294305,0.1,2188.185691,NVIDIA Tesla V100-SXM2-32G,Simulated Annealing,,"MCS_per_temperature=1, number_of_temperatures=200, schedule=logT"
2000,3001987,-0.758522,50.16593854,0,inf,NVIDIA Tesla V100-SXM2-32G,Simulated Annealing,,"MCS_per_temperature=1, number_of_temperatures=200, schedule=logT"
2000,3001990,-0.758336,50.12068608,0.2,1034.375799,NVIDIA Tesla V100-SXM2-32G,Simulated Annealing,,"MCS_per_temperature=1, number_of_temperatures=200, schedule=logT"
2000,3001993,-0.757143,49.04402425,0.7,187.5923422,NVIDIA Tesla V100-SXM2-32G,Simulated Annealing,,"MCS_per_temperature=1, number_of_temperatures=200, schedule=logT"
2000,3001996,-0.757780,49.02081323,0,inf,NVIDIA Tesla V100-SXM2-32G,Simulated Annealing,,"MCS_per_temperature=1, number_of_temperatures=200, schedule=logT"
2000,3001999,-0.759920,49.09746618,0.9,98.19493237,NVIDIA Tesla V100-SXM2-32G,Simulated Annealing,,"MCS_per_temperature=1, number_of_temperatures=200, schedule=logT"
2000,3002002,-0.758726,48.91169889,0,inf,NVIDIA Tesla V100-SXM2-32G,Simulated Annealing,,"MCS_per_temperature=1, number_of_temperatures=200, schedule=logT"
2000,3002005,-0.760192,48.98197892,0.4,441.5799413,NVIDIA Tesla V100-SXM2-32G,Simulated Annealing,,"MCS_per_temperature=1, number_of_temperatures=200, schedule=logT"
2000,3002008,-0.761335,49.12776034,0.5,326.3977746,NVIDIA Tesla V100-SXM2-32G,Simulated Annealing,,"MCS_per_temperature=1, number_of_temperatures=200, schedule=logT"
2000,3002011,-0.757584,50.57496896,0.1,2210.565673,NVIDIA Tesla V100-SXM2-32G,Simulated Annealing,,"MCS_per_temperature=1, number_of_temperatures=200, schedule=logT"
2000,3002014,-0.760639,50.72718771,0,inf,NVIDIA Tesla V100-SXM2-32G,Simulated Annealing,,"MCS_per_temperature=1, number_of_temperatures=200, schedule=logT"
2000,3002017,-0.759319,50.70947487,0.1,2216.44475,NVIDIA Tesla V100-SXM2-32G,Simulated Annealing,,"MCS_per_temperature=1, number_of_temperatures=200, schedule=logT"
2000,3002020,-0.760594,50.6435251,0.1,2213.562172,NVIDIA Tesla V100-SXM2-32G,Simulated Annealing,,"MCS_per_temperature=1, number_of_temperatures=200, schedule=logT"
2000,3002023,-0.759420,50.75346355,0,inf,NVIDIA Tesla V100-SXM2-32G,Simulated Annealing,,"MCS_per_temperature=1, number_of_temperatures=200, schedule=logT"
2000,3002026,-0.760331,50.67911108,0,inf,NVIDIA Tesla V100-SXM2-32G,Simulated Annealing,,"MCS_per_temperature=1, number_of_temperatures=200, schedule=logT"
2000,3002029,-0.758779,50.66017826,0.4,456.7091619,NVIDIA Tesla V100-SXM2-32G,Simulated Annealing,,"MCS_per_temperature=1, number_of_temperatures=200, schedule=logT"
