# model=sk N=150 meanJ=0 seed=1128115206 distribution=gaussian field=0 num_fields=150 num_couplings=11175
0 0
1 0
2 0
3 0
4 0
5 0
6 0
7 0
8 0
9 0
10 0
11 0
12 0
13 0
14 0
15 0
16 0
17 0
18 0
19 0
20 0
21 0
22 0
23 0
24 0
25 0
26 0
27 0
28 0
29 0
30 0
31 0
32 0
33 0
34 0
35 0
36 0
37 0
38 0
39 0
40 0
41 0
42 0
43 0
44 0
45 0
46 0
47 0
48 0
49 0
50 0
51 0
52 0
53 0
54 0
55 0
56 0
57 0
58 0
59 0
60 0
61 0
62 0
63 0
64 0
65 0
66 0
67 0
68 0
69 0
70 0
71 0
72 0
73 0
74 0
75 0
76 0
77 0
78 0
79 0
80 0
81 0
82 0
83 0
84 0
85 0
86 0
87 0
88 0
89 0
90 0
91 0
92 0
93 0
94 0
95 0
96 0
97 0
98 0
99 0
100 0
101 0
102 0
103 0
104 0
105 0
106 0
107 0
108 0
109 0
110 0
111 0
112 0
113 0
114 0
115 0
116 0
117 0
118 0
119 0
120 0
121 0
122 0
123 0
124 0
125 0
126 0
127 0
128 0
129 0
130 0
131 0
132 0
133 0
134 0
135 0
136 0
137 0
138 0
139 0
140 0
141 0
142 0
143 0
144 0
145 0
146 0
147 0
148 0
149 0
0 1 -0.13699
0 2 -0.10314
0 3 0.11749
0 4 0.0249
0 5 0.12818
0 6 0.04889
0 7 0.00217
0 8 0.07181
0 9 -0.04405
0 10 -0.05199
0 11 0.01546
0 12 0.0032
0 13 -0.05685
0 14 -0.00036
0 15 -0.11422
0 16 0.0336
0 17 -0.0428
0 18 0.09756
0 19 -0.06406
0 20 -0.03541
0 21 -0.04843
0 22 0.015
0 23 -0.1259
0 24 0.03684
0 25 -0.06222
0 26 -0.13115
0 27 0.01707
0 28 -0.12037
0 29 0.00561
0 30 0.00968
0 31 -0.00246
0 32 -0.01453
0 33 0.02579
0 34 -0.02589
0 35 0.10987
0 36 -0.0165
0 37 0.00543
0 38 -0.02827
0 39 -0.03306
0 40 -0.06526
0 41 -0.18104
0 42 0.04535
0 43 -0.03523
0 44 -0.00219
0 45 -0.13766
0 46 -0.08057
0 47 0.03943
0 48 -0.10554
0 49 0.05534
0 50 -0.02754
0 51 -0.02988
0 52 0.08369
0 53 0.09023
0 54 -0.055
0 55 0.05207
0 56 -0.09043
0 57 -0.09304
0 58 0.06317
0 59 -0.04594
0 60 0.03192
0 61 0.01307
0 62 -0.0426
0 63 0.12583
0 64 -0.02369
0 65 -0.00284
0 66 0.03358
0 67 -0.09221
0 68 0.05568
0 69 0.00606
0 70 -0.03167
0 71 0.08191
0 72 0.13382
0 73 0.06947
0 74 0.01813
0 75 -0.13806
0 76 -0.01151
0 77 0.0419
0 78 -0.01287
0 79 -0.0176
0 80 0.06406
0 81 -0.08151
0 82 0.01043
0 83 -0.04984
0 84 -0.05943
0 85 -0.07296
0 86 -0.04011
0 87 -0.04697
0 88 -0.07271
0 89 -0.04198
0 90 0.00182
0 91 0.09838
0 92 0.11032
0 93 -0.00872
0 94 -0.12038
0 95 0.07171
0 96 0.03883
0 97 -0.03151
0 98 -0.02994
0 99 0.00774
0 100 0.07039
0 101 -0.04787
0 102 0.00216
0 103 -0.06308
0 104 -0.03393
0 105 0.08021
0 106 -0.06927
0 107 -0.10628
0 108 0.04973
0 109 -0.07864
0 110 0.04929
0 111 -0.00786
0 112 -0.01891
0 113 0.07836
0 114 0.01534
0 115 0.07835
0 116 -0.14752
0 117 -0.04578
0 118 0.07447
0 119 0.03868
0 120 -0.06532
0 121 0.03857
0 122 -0.07211
0 123 -0.00256
0 124 -0.03929
0 125 0.00363
0 126 -0.05568
0 127 -0.0491
0 128 -0.13651
0 129 -0.04932
0 130 -0.03615
0 131 -0.0366
0 132 0.03843
0 133 0.08208
0 134 -0.06112
0 135 -0.02449
0 136 0.25369
0 137 0.13204
0 138 -0.02978
0 139 0.03382
0 140 0.12194
0 141 -0.03929
0 142 0.02059
0 143 -0.08146
0 144 -0.0524
0 145 0.10247
0 146 0.07297
0 147 0.04104
0 148 0.05727
0 149 -0.00361
1 2 0.0134
1 3 -0.03957
1 4 -0.04018
1 5 0.08814
1 6 0.11856
1 7 -0.11527
1 8 -0.0673
1 9 0.02988
1 10 -0.08522
1 11 0.00179
1 12 0.06518
1 13 -0.11887
1 14 0.01592
1 15 -0.0284
1 16 -0.12723
1 17 0.1044
1 18 -0.14958
1 19 -0.00506
1 20 -0.01233
1 21 0.03906
1 22 -0.0709
1 23 0.07885
1 24 0.12162
1 25 -0.05792
1 26 0.03832
1 27 -0.03759
1 28 -0.08933
1 29 0.04847
1 30 -0.04577
1 31 -0.08811
1 32 -0.03834
1 33 0.03018
1 34 0.06099
1 35 0.11025
1 36 -0.0379
1 37 -0.02877
1 38 0.02782
1 39 0.02537
1 40 -0.03017
1 41 0.0728
1 42 0.04602
1 43 -0.03875
1 44 -0.02144
1 45 0.02864
1 46 0.00707
1 47 -0.0399
1 48 -0.06407
1 49 0.06077
1 50 -0.12726
1 51 0.12178
1 52 -0.03925
1 53 0.06125
1 54 -0.12176
1 55 0.06659
1 56 0.04024
1 57 -0.03721
1 58 -0.12073
1 59 0.0994
1 60 -0.11571
1 61 -0.05957
1 62 -0.05221
1 63 -0.17243
1 64 -0.03315
1 65 -0.09394
1 66 -0.11481
1 67 -0.06992
1 68 -0.09346
1 69 0.13255
1 70 -0.03348
1 71 0.09972
1 72 -0.01821
1 73 0.10007
1 74 0.00002
1 75 -0.04188
1 76 -0.12201
1 77 -0.00497
1 78 0.034
1 79 -0.0646
1 80 -0.00748
1 81 -0.0352
1 82 -0.05967
1 83 -0.05405
1 84 -0.05832
1 85 0.04961
1 86 -0.06423
1 87 -0.02084
1 88 -0.00572
1 89 0.14563
1 90 -0.03473
1 91 -0.05403
1 92 0.0143
1 93 -0.11561
1 94 -0.01942
1 95 0.10073
1 96 -0.10013
1 97 0.08963
1 98 -0.03477
1 99 0.00061
1 100 -0.00942
1 101 0.09595
1 102 -0.015
1 103 0.12946
1 104 -0.03533
1 105 0.01374
1 106 0.01241
1 107 0.01105
1 108 0.12385
1 109 -0.02033
1 110 0.10401
1 111 0.06014
1 112 0.03571
1 113 -0.12393
1 114 -0.12089
1 115 -0.03159
1 116 -0.15265
1 117 0.08121
1 118 -0.05532
1 119 -0.11254
1 120 -0.05008
1 121 -0.15523
1 122 -0.15083
1 123 0.01529
1 124 0.03098
1 125 0.18583
1 126 0.04301
1 127 0.01237
1 128 0.02432
1 129 -0.0527
1 130 -0.0019
1 131 -0.05321
1 132 -0.00162
1 133 0.01529
1 134 0.03041
1 135 -0.01634
1 136 -0.14576
1 137 0.04943
1 138 0.00033
1 139 -0.12593
1 140 -0.08046
1 141 0.06141
1 142 -0.05952
1 143 -0.11044
1 144 0.00305
1 145 -0.01381
1 146 0.14188
1 147 0.0403
1 148 -0.11615
1 149 0.00556
2 3 -0.16093
2 4 0.07034
2 5 0.00204
2 6 -0.05881
2 7 0.17122
2 8 0.02583
2 9 0.12744
2 10 -0.11703
2 11 -0.00757
2 12 -0.15401
2 13 0.02782
2 14 0.03139
2 15 0.0827
2 16 -0.15942
2 17 0.04827
2 18 -0.0108
2 19 -0.03416
2 20 -0.0023
2 21 -0.00085
2 22 -0.04018
2 23 -0.0246
2 24 -0.12088
2 25 -0.01207
2 26 0.01991
2 27 0.02569
2 28 0.03684
2 29 -0.06275
2 30 0.02468
2 31 -0.0286
2 32 0.03608
2 33 -0.07523
2 34 -0.1157
2 35 -0.00626
2 36 0.15853
2 37 0.09575
2 38 -0.06759
2 39 0.08254
2 40 0.06991
2 41 0.03276
2 42 -0.08967
2 43 0.02633
2 44 -0.02842
2 45 0.03747
2 46 0.16928
2 47 -0.1036
2 48 0.05824
2 49 0.01518
2 50 -0.05464
2 51 -0.06969
2 52 -0.05949
2 53 -0.16412
2 54 -0.12214
2 55 -0.0107
2 56 0.05289
2 57 -0.03255
2 58 -0.10813
2 59 -0.09701
2 60 -0.01897
2 61 0.01027
2 62 0.09512
2 63 0.11158
2 64 0.04987
2 65 -0.05173
2 66 0.14413
2 67 0.03241
2 68 -0.11656
2 69 0.035
2 70 -0.1373
2 71 -0.06976
2 72 0.10493
2 73 -0.05964
2 74 0.02975
2 75 0.10851
2 76 0.13083
2 77 0.07297
2 78 0.05621
2 79 0.0806
2 80 -0.01645
2 81 -0.02921
2 82 -0.10521
2 83 -0.05155
2 84 0.03084
2 85 -0.02921
2 86 0.08999
2 87 -0.04242
2 88 0.1477
2 89 0.12323
2 90 -0.00948
2 91 -0.11218
2 92 -0.00386
2 93 0.06394
2 94 0.17217
2 95 -0.1784
2 96 0.08735
2 97 -0.10345
2 98 -0.07261
2 99 0.1366
2 100 -0.09995
2 101 -0.06022
2 102 0.04316
2 103 0.06732
2 104 -0.02568
2 105 -0.1466
2 106 0.03687
2 107 0.00764
2 108 0.20963
2 109 -0.07179
2 110 -0.07772
2 111 -0.09038
2 112 -0.14722
2 113 -0.00909
2 114 0.03981
2 115 -0.04202
2 116 0.10948
2 117 -0.00756
2 118 0.08918
2 119 0.01863
2 120 -0.01822
2 121 -0.14672
2 122 0.02581
2 123 0.04176
2 124 -0.01731
2 125 0.06797
2 126 0.07631
2 127 0.02512
2 128 0.02021
2 129 0.00288
2 130 -0.00997
2 131 -0.02143
2 132 -0.00531
2 133 -0.03927
2 134 0.02725
2 135 0.11614
2 136 0.07443
2 137 0.03936
2 138 0.12195
2 139 0.02329
2 140 -0.01295
2 141 0.04772
2 142 -0.06062
2 143 -0.00761
2 144 -0.04472
2 145 0.0082
2 146 0.00348
2 147 0.15077
2 148 0.03026
2 149 -0.03499
3 4 0.01654
3 5 -0.01624
3 6 -0.1211
3 7 -0.0469
3 8 -0.07523
3 9 -0.03029
3 10 0.08579
3 11 -0.05849
3 12 -0.01799
3 13 -0.05384
3 14 -0.08296
3 15 -0.04562
3 16 -0.08224
3 17 0.02378
3 18 -0.16327
3 19 0.05209
3 20 -0.00008
3 21 -0.02469
3 22 0.07705
3 23 -0.03976
3 24 0.0191
3 25 0.12532
3 26 0.02024
3 27 -0.08987
3 28 0.02042
3 29 -0.12473
3 30 -0.02538
3 31 -0.02067
3 32 0.039
3 33 -0.0488
3 34 -0.00731
3 35 0.00897
3 36 0.15314
3 37 -0.01728
3 38 -0.0924
3 39 0.16936
3 40 -0.23048
3 41 0.02109
3 42 0.03037
3 43 -0.03485
3 44 -0.03924
3 45 -0.01535
3 46 -0.07052
3 47 0.05376
3 48 0.04683
3 49 -0.04069
3 50 -0.02838
3 51 -0.05719
3 52 0.08873
3 53 0.01436
3 54 -0.02376
3 55 0.11875
3 56 -0.05474
3 57 -0.05093
3 58 -0.02807
3 59 -0.01013
3 60 0.07725
3 61 -0.03858
3 62 -0.11813
3 63 0.03273
3 64 -0.18038
3 65 -0.01663
3 66 0.09721
3 67 -0.18669
3 68 -0.00032
3 69 -0.00794
3 70 -0.14151
3 71 0.02196
3 72 -0.0538
3 73 -0.02382
3 74 0.08982
3 75 0.01881
3 76 0.09585
3 77 0.16432
3 78 -0.09802
3 79 -0.02948
3 80 -0.25606
3 81 -0.02624
3 82 -0.02118
3 83 -0.04046
3 84 0.00834
3 85 0.05105
3 86 -0.07986
3 87 0.04224
3 88 0.12389
3 89 -0.06929
3 90 -0.14429
3 91 -0.07728
3 92 -0.08129
3 93 -0.06401
3 94 0.09752
3 95 -0.00502
3 96 -0.17205
3 97 -0.07097
3 98 0.05477
3 99 -0.04817
3 100 0.13182
3 101 -0.0414
3 102 0.11793
3 103 -0.06663
3 104 -0.12447
3 105 0.11225
3 106 -0.11732
3 107 0.07806
3 108 0.01316
3 109 0.12681
3 110 -0.06121
3 111 -0.10523
3 112 0.01559
3 113 -0.08509
3 114 0.0102
3 115 0.00089
3 116 0.04686
3 117 -0.03212
3 118 -0.145
3 119 -0.04248
3 120 -0.00789
3 121 -0.02462
3 122 -0.05546
3 123 -0.03661
3 124 -0.11821
3 125 -0.05727
3 126 -0.0661
3 127 -0.0694
3 128 -0.02829
3 129 0.10876
3 130 0.1138
3 131 0.02581
3 132 0.11334
3 133 0.00935
3 134 0.02705
3 135 -0.1243
3 136 0.01469
3 137 -0.05778
3 138 0.12206
3 139 -0.10585
3 140 0.10488
3 141 0.06723
3 142 0.11013
3 143 0.15935
3 144 -0.0563
3 145 -0.06637
3 146 -0.01368
3 147 0.13134
3 148 0.01164
3 149 -0.05557
4 5 0.01234
4 6 -0.16564
4 7 -0.20907
4 8 -0.0193
4 9 -0.16005
4 10 -0.07615
4 11 -0.11015
4 12 -0.03802
4 13 -0.11597
4 14 0.02238
4 15 0.06371
4 16 0.1087
4 17 -0.02009
4 18 0.05566
4 19 -0.06201
4 20 0.01624
4 21 0.01782
4 22 0.0838
4 23 -0.00818
4 24 -0.01061
4 25 0.02737
4 26 0.15018
4 27 0.0763
4 28 0.02986
4 29 -0.0994
4 30 0.05646
4 31 0.04482
4 32 0.1359
4 33 0.03132
4 34 -0.09826
4 35 0.04206
4 36 -0.00991
4 37 -0.04391
4 38 0.07139
4 39 0.01202
4 40 0.0424
4 41 -0.00038
4 42 -0.0983
4 43 -0.09694
4 44 0.03112
4 45 -0.06616
4 46 -0.10519
4 47 0.02457
4 48 -0.13094
4 49 -0.0389
4 50 -0.01853
4 51 0.01005
4 52 0.05349
4 53 -0.02392
4 54 0.10121
4 55 -0.03531
4 56 0.06255
4 57 -0.08599
4 58 0.10746
4 59 0.05707
4 60 -0.10116
4 61 0.02889
4 62 -0.00657
4 63 0.09888
4 64 -0.057
4 65 0.15198
4 66 0.11575
4 67 0.0351
4 68 -0.04429
4 69 0.02521
4 70 0.04277
4 71 -0.0193
4 72 -0.0315
4 73 -0.03986
4 74 0.04457
4 75 -0.07185
4 76 0.00532
4 77 -0.10253
4 78 -0.04864
4 79 -0.05588
4 80 -0.013
4 81 0.02767
4 82 0.1104
4 83 0.00263
4 84 0.04714
4 85 0.08758
4 86 0.03621
4 87 0.01906
4 88 0.0341
4 89 -0.02722
4 90 0.08517
4 91 -0.07053
4 92 -0.04002
4 93 -0.08718
4 94 0.06077
4 95 0.03353
4 96 0.03024
4 97 0.09461
4 98 0.01343
4 99 -0.01037
4 100 0.07303
4 101 0.07889
4 102 -0.0512
4 103 -0.02215
4 104 0.13132
4 105 -0.07629
4 106 0.05192
4 107 0.14706
4 108 -0.00597
4 109 -0.00494
4 110 0.09149
4 111 0.07245
4 112 0.04442
4 113 -0.08009
4 114 0.14957
4 115 0.06981
4 116 0.03558
4 117 -0.05041
4 118 0.04346
4 119 0.00491
4 120 0.0379
4 121 -0.0915
4 122 -0.03785
4 123 0.19219
4 124 -0.08331
4 125 -0.21211
4 126 -0.00402
4 127 0.00749
4 128 0.03219
4 129 0.04441
4 130 0.01928
4 131 0.09194
4 132 0.10564
4 133 0.12796
4 134 -0.17367
4 135 -0.12419
4 136 0.05272
4 137 0.05688
4 138 -0.12025
4 139 -0.12871
4 140 0.01598
4 141 0.01955
4 142 0.04415
4 143 0.02396
4 144 0.01628
4 145 -0.09022
4 146 -0.0275
4 147 0.07514
4 148 -0.05905
4 149 0.0655
5 6 0.00418
5 7 0.03115
5 8 0.0349
5 9 0.06069
5 10 -0.02227
5 11 -0.05433
5 12 0.03801
5 13 -0.06133
5 14 -0.05848
5 15 -0.10016
5 16 0.07037
5 17 -0.02529
5 18 0.14463
5 19 0.00681
5 20 0.02207
5 21 -0.05689
5 22 0.09004
5 23 0.07882
5 24 -0.05268
5 25 -0.09716
5 26 0.07058
5 27 -0.01833
5 28 -0.04555
5 29 0.00085
5 30 -0.02976
5 31 0.04005
5 32 0.12924
5 33 0.01758
5 34 -0.01174
5 35 -0.18146
5 36 0.08626
5 37 0.00759
5 38 0.05659
5 39 -0.12304
5 40 0.0242
5 41 -0.00578
5 42 -0.09046
5 43 0.11012
5 44 -0.01257
5 45 -0.08188
5 46 -0.07799
5 47 -0.04604
5 48 -0.0785
5 49 -0.04428
5 50 -0.04169
5 51 0.02896
5 52 0.00434
5 53 -0.02136
5 54 -0.05868
5 55 -0.10681
5 56 0.15523
5 57 -0.02522
5 58 -0.03596
5 59 -0.03924
5 60 -0.09093
5 61 0.06839
5 62 -0.05793
5 63 0.02036
5 64 0.00463
5 65 -0.05025
5 66 -0.02931
5 67 -0.0699
5 68 0.0173
5 69 -0.00715
5 70 0.11909
5 71 -0.01374
5 72 -0.09053
5 73 -0.00026
5 74 -0.1317
5 75 0.06822
5 76 -0.11256
5 77 -0.0197
5 78 0.05913
5 79 -0.03741
5 80 0.01339
5 81 -0.11796
5 82 -0.13429
5 83 0.0513
5 84 -0.03368
5 85 -0.02875
5 86 -0.07448
5 87 -0.13306
5 88 -0.054
5 89 0.03133
5 90 0.0331
5 91 0.13011
5 92 -0.06752
5 93 -0.04987
5 94 0.05077
5 95 0.02234
5 96 -0.07895
5 97 -0.13439
5 98 -0.01167
5 99 0.1366
5 100 0.04328
5 101 0.01307
5 102 0.13409
5 103 -0.01547
5 104 0.0356
5 105 0.01197
5 106 0.02597
5 107 0.05922
5 108 0.02629
5 109 -0.00855
5 110 -0.02826
5 111 0.01358
5 112 0.00142
5 113 0.05034
5 114 -0.05154
5 115 -0.03912
5 116 0.05743
5 117 0.05062
5 118 -0.02837
5 119 0.03613
5 120 0.06635
5 121 0.05285
5 122 0.05184
5 123 -0.08675
5 124 -0.00245
5 125 -0.05351
5 126 0.18666
5 127 -0.04916
5 128 0.11468
5 129 -0.05108
5 130 -0.05092
5 131 -0.07318
5 132 -0.04502
5 133 0.14182
5 134 -0.01311
5 135 0.12466
5 136 0.03
5 137 0.01182
5 138 -0.09259
5 139 -0.06449
5 140 -0.0167
5 141 0.01878
5 142 -0.13689
5 143 0.01897
5 144 -0.12886
5 145 0.04659
5 146 -0.11073
5 147 0.03142
5 148 0.0844
5 149 -0.05075
6 7 -0.06734
6 8 -0.00348
6 9 0.04897
6 10 0.01936
6 11 -0.00145
6 12 0.00651
6 13 -0.20085
6 14 0.05254
6 15 0.05896
6 16 -0.07765
6 17 0.05
6 18 -0.06997
6 19 -0.09082
6 20 0.08152
6 21 -0.01435
6 22 0.23664
6 23 -0.12739
6 24 -0.08157
6 25 0.03031
6 26 0.03829
6 27 -0.04472
6 28 0.00437
6 29 0.04465
6 30 -0.13212
6 31 -0.02721
6 32 -0.07977
6 33 0.03135
6 34 -0.03059
6 35 0.10605
6 36 -0.0076
6 37 0.02726
6 38 0.03412
6 39 -0.00841
6 40 -0.05374
6 41 0.03432
6 42 0.13533
6 43 -0.00923
6 44 0.00729
6 45 0.0014
6 46 0.07655
6 47 -0.12106
6 48 0.05167
6 49 -0.08148
6 50 -0.07209
6 51 -0.08682
6 52 0.06776
6 53 -0.15505
6 54 0.03764
6 55 -0.13184
6 56 0.00553
6 57 0.02228
6 58 -0.02624
6 59 0.10337
6 60 -0.0348
6 61 -0.04286
6 62 -0.03432
6 63 -0.02708
6 64 0.07309
6 65 0.13516
6 66 0.07685
6 67 0.0559
6 68 -0.00086
6 69 0.03762
6 70 -0.09936
6 71 -0.01867
6 72 0.11535
6 73 0.09303
6 74 0.03108
6 75 0.1107
6 76 -0.14875
6 77 0.13544
6 78 -0.01782
6 79 -0.04695
6 80 0.01906
6 81 -0.11459
6 82 -0.02001
6 83 -0.03972
6 84 0.12673
6 85 -0.10928
6 86 -0.07202
6 87 -0.02293
6 88 0.00212
6 89 -0.12922
6 90 -0.01272
6 91 -0.00584
6 92 -0.03683
6 93 -0.08759
6 94 0.02654
6 95 -0.02671
6 96 0.01695
6 97 0.01272
6 98 0.04458
6 99 -0.09172
6 100 -0.05958
6 101 0
6 102 0.15871
6 103 -0.00985
6 104 -0.1011
6 105 0.10936
6 106 -0.04273
6 107 -0.08265
6 108 -0.00007
6 109 0.03015
6 110 0.05331
6 111 -0.08271
6 112 0.03699
6 113 -0.07363
6 114 -0.00312
6 115 0.10552
6 116 -0.02473
6 117 -0.04453
6 118 -0.05743
6 119 0.04167
6 120 -0.01219
6 121 -0.01716
6 122 0.07536
6 123 -0.16692
6 124 -0.0675
6 125 -0.08602
6 126 -0.01388
6 127 0.00822
6 128 0.00979
6 129 0.09162
6 130 -0.06597
6 131 -0.02199
6 132 0.00446
6 133 -0.13666
6 134 0.01013
6 135 -0.00511
6 136 0.24247
6 137 0.07988
6 138 -0.02205
6 139 -0.12879
6 140 0.04673
6 141 0.0211
6 142 -0.06882
6 143 -0.08187
6 144 -0.10606
6 145 0.01097
6 146 0.06574
6 147 0.0382
6 148 -0.0045
6 149 -0.00039
7 8 -0.0565
7 9 -0.07941
7 10 0.14337
7 11 -0.1129
7 12 0.04097
7 13 0.00899
7 14 -0.01938
7 15 -0.03659
7 16 -0.0167
7 17 -0.04742
7 18 0.01248
7 19 0.14341
7 20 -0.09505
7 21 -0.06572
7 22 0.03483
7 23 0.03408
7 24 0.08037
7 25 0.03489
7 26 -0.02971
7 27 0.11574
7 28 -0.00848
7 29 -0.12144
7 30 0.03815
7 31 -0.0399
7 32 -0.0301
7 33 -0.00861
7 34 -0.07977
7 35 -0.05097
7 36 0.03779
7 37 0.02863
7 38 -0.06237
7 39 -0.07082
7 40 -0.0645
7 41 0.01287
7 42 0.05197
7 43 -0.08499
7 44 -0.03827
7 45 0.11898
7 46 0.00195
7 47 0.05465
7 48 -0.02693
7 49 0.02784
7 50 -0.11473
7 51 0.06758
7 52 -0.00207
7 53 0.04883
7 54 0.02407
7 55 0.08282
7 56 -0.00212
7 57 0.03216
7 58 0.11656
7 59 0.00806
7 60 0.11094
7 61 -0.04069
7 62 -0.04594
7 63 -0.05448
7 64 -0.0365
7 65 0.05188
7 66 -0.12227
7 67 0.09831
7 68 -0.09354
7 69 -0.0127
7 70 0.00195
7 71 0.04647
7 72 0.07533
7 73 -0.01918
7 74 0.08968
7 75 0.05065
7 76 -0.08696
7 77 -0.12313
7 78 0.03691
7 79 -0.00687
7 80 0.09828
7 81 -0.03866
7 82 0.02191
7 83 -0.07733
7 84 0.07146
7 85 0.05048
7 86 -0.17572
7 87 -0.02475
7 88 -0.07128
7 89 -0.05179
7 90 -0.06178
7 91 0.04562
7 92 -0.0289
7 93 -0.15208
7 94 0.00267
7 95 0.10996
7 96 0.03797
7 97 -0.02434
7 98 0.06081
7 99 -0.13148
7 100 0.03902
7 101 0.17864
7 102 -0.08046
7 103 -0.13783
7 104 -0.09234
7 105 0.05873
7 106 -0.00865
7 107 0.01133
7 108 0.01137
7 109 -0.00348
7 110 -0.14932
7 111 0.02063
7 112 -0.05123
7 113 0.12767
7 114 -0.03959
7 115 0.02517
7 116 0.15859
7 117 -0.01047
7 118 0.16587
7 119 0.01351
7 120 0.03613
7 121 -0.07632
7 122 -0.08353
7 123 0.11933
7 124 0.09919
7 125 0.08845
7 126 -0.0289
7 127 -0.05851
7 128 0.07233
7 129 -0.01704
7 130 -0.03849
7 131 -0.14187
7 132 0.10525
7 133 -0.10149
7 134 0.05011
7 135 0.05508
7 136 0.03073
7 137 0.00521
7 138 -0.01486
7 139 0.02911
7 140 0.05038
7 141 -0.0937
7 142 0.12806
7 143 -0.14624
7 144 0.13435
7 145 0.00017
7 146 0.06297
7 147 0.07019
7 148 0.00352
7 149 0.10964
8 9 -0.17497
8 10 -0.0806
8 11 -0.04186
8 12 0.0904
8 13 0.06106
8 14 -0.0357
8 15 0.11284
8 16 -0.11779
8 17 0.00605
8 18 -0.04345
8 19 -0.06986
8 20 0.06918
8 21 0.07524
8 22 -0.05291
8 23 0.04687
8 24 0.1813
8 25 -0.02663
8 26 0.03583
8 27 -0.00479
8 28 0.05447
8 29 0.05432
8 30 -0.03608
8 31 -0.04756
8 32 -0.04245
8 33 0.00885
8 34 0.04556
8 35 0.02444
8 36 0.09582
8 37 -0.06641
8 38 -0.05392
8 39 0.0766
8 40 0.21473
8 41 -0.0478
8 42 0.13536
8 43 0.05202
8 44 -0.18702
8 45 -0.08808
8 46 0.02329
8 47 -0.04566
8 48 0.16955
8 49 0.00275
8 50 0.0085
8 51 0.01582
8 52 0.01826
8 53 0.08451
8 54 0.11192
8 55 0.00484
8 56 -0.08041
8 57 -0.08802
8 58 -0.03292
8 59 0.00056
8 60 0.01961
8 61 0.09467
8 62 -0.05752
8 63 0.03622
8 64 -0.04312
8 65 -0.00235
8 66 -0.03586
8 67 -0.07686
8 68 0.03348
8 69 -0.00604
8 70 -0.06935
8 71 0.0098
8 72 0.14287
8 73 -0.00803
8 74 -0.03587
8 75 0.03715
8 76 -0.04435
8 77 -0.06447
8 78 0.10579
8 79 0.02199
8 80 -0.02299
8 81 -0.06538
8 82 0.07056
8 83 -0.06478
8 84 -0.12546
8 85 0.01698
8 86 -0.15994
8 87 0.05049
8 88 0.14936
8 89 0.0475
8 90 -0.04732
8 91 -0.03469
8 92 0.00141
8 93 0.13158
8 94 -0.03221
8 95 -0.00022
8 96 0.05686
8 97 0.03012
8 98 -0.04843
8 99 0.08274
8 100 -0.09606
8 101 0.06231
8 102 0.15371
8 103 0.04308
8 104 -0.01356
8 105 -0.04886
8 106 0.03901
8 107 -0.04426
8 108 -0.1544
8 109 -0.0995
8 110 0.0296
8 111 -0.00087
8 112 -0.04005
8 113 0.10039
8 114 0.07317
8 115 -0.01733
8 116 -0.02675
8 117 0.06472
8 118 0.14208
8 119 -0.06081
8 120 -0.13621
8 121 0.017
8 122 -0.03614
8 123 0.03755
8 124 0.03248
8 125 0.12532
8 126 0.11631
8 127 0.00822
8 128 -0.01015
8 129 0.03698
8 130 0.10243
8 131 -0.08883
8 132 0.04899
8 133 -0.01609
8 134 -0.00945
8 135 0.1975
8 136 0.02231
8 137 -0.00545
8 138 0.05917
8 139 0.12257
8 140 -0.01692
8 141 -0.04145
8 142 -0.05648
8 143 -0.05976
8 144 0.04475
8 145 -0.05361
8 146 0.02557
8 147 0.03921
8 148 -0.08007
8 149 -0.08434
9 10 -0.00018
9 11 0.12655
9 12 0.02314
9 13 -0.09226
9 14 -0.02591
9 15 -0.07031
9 16 -0.1669
9 17 0.16885
9 18 0.05808
9 19 -0.11761
9 20 0.09658
9 21 -0.05351
9 22 -0.06807
9 23 0.0023
9 24 -0.20185
9 25 0.12877
9 26 0.05279
9 27 0.01601
9 28 -0.0778
9 29 -0.02049
9 30 -0.08051
9 31 0.03495
9 32 0.00871
9 33 -0.00898
9 34 0.07584
9 35 -0.05457
9 36 0.05034
9 37 -0.08453
9 38 -0.06447
9 39 -0.01392
9 40 0.05332
9 41 -0.08521
9 42 0.03801
9 43 -0.06786
9 44 -0.01534
9 45 0.13997
9 46 -0.11179
9 47 -0.07733
9 48 0.02915
9 49 -0.02809
9 50 0.14735
9 51 -0.0322
9 52 -0.06737
9 53 0.14147
9 54 0.03902
9 55 -0.03353
9 56 0.02232
9 57 -0.09081
9 58 0.0097
9 59 0.10049
9 60 -0.00208
9 61 0.04235
9 62 0.00778
9 63 0.22035
9 64 -0.12086
9 65 -0.08179
9 66 -0.03611
9 67 -0.05361
9 68 -0.17552
9 69 0.01513
9 70 -0.04406
9 71 0.1961
9 72 -0.02211
9 73 0.12209
9 74 0.07822
9 75 -0.02873
9 76 -0.11089
9 77 0.11229
9 78 0.00018
9 79 -0.06731
9 80 -0.03918
9 81 0.00571
9 82 0.09066
9 83 0.00814
9 84 0.04032
9 85 -0.03483
9 86 -0.02127
9 87 0.12062
9 88 0.14608
9 89 0.01939
9 90 0.03871
9 91 0.01117
9 92 -0.08284
9 93 -0.14852
9 94 -0.09593
9 95 -0.02428
9 96 0.02684
9 97 -0.11507
9 98 -0.11982
9 99 0.13918
9 100 0.11796
9 101 -0.01108
9 102 0.09096
9 103 -0.04331
9 104 -0.02522
9 105 -0.12916
9 106 -0.03711
9 107 -0.00636
9 108 -0.02864
9 109 0.00349
9 110 -0.02989
9 111 0.0224
9 112 0.13168
9 113 -0.01888
9 114 0.06261
9 115 -0.07525
9 116 -0.15791
9 117 -0.00656
9 118 -0.11271
9 119 0.06029
9 120 -0.02191
9 121 0.04264
9 122 0.04089
9 123 -0.0271
9 124 0.10275
9 125 -0.0756
9 126 0.0425
9 127 -0.00568
9 128 -0.2177
9 129 0.1492
9 130 -0.00684
9 131 -0.11148
9 132 -0.01101
9 133 -0.12214
9 134 -0.13402
9 135 0.08719
9 136 -0.03687
9 137 -0.22143
9 138 0.27137
9 139 0.01425
9 140 0.17409
9 141 0.00452
9 142 0.12634
9 143 -0.0556
9 144 0.01991
9 145 0.00636
9 146 -0.0919
9 147 0.05395
9 148 -0.00245
9 149 -0.0207
10 11 0.02865
10 12 0.02202
10 13 -0.00192
10 14 -0.05317
10 15 -0.01242
10 16 -0.08977
10 17 -0.04275
10 18 0.0058
10 19 -0.0442
10 20 -0.0714
10 21 -0.06789
10 22 0.01393
10 23 0.10602
10 24 0.01182
10 25 -0.01412
10 26 0.05221
10 27 0.14508
10 28 0.19957
10 29 0.00721
10 30 0.06256
10 31 -0.06165
10 32 -0.00225
10 33 0.00988
10 34 0.00084
10 35 -0.0786
10 36 0.07438
10 37 0.10122
10 38 -0.00135
10 39 0.10943
10 40 0.08274
10 41 -0.07738
10 42 -0.0177
10 43 -0.07374
10 44 -0.10812
10 45 -0.10939
10 46 -0.01279
10 47 0.02261
10 48 0.04219
10 49 0.04371
10 50 -0.05054
10 51 0.13977
10 52 -0.03749
10 53 -0.08815
10 54 0.07798
10 55 0.09086
10 56 0.09428
10 57 -0.07375
10 58 0.147
10 59 0.00103
10 60 -0.04051
10 61 -0.11131
10 62 0.06568
10 63 -0.08964
10 64 0.04028
10 65 0.01226
10 66 0.11701
10 67 0.11078
10 68 0.06356
10 69 0.02444
10 70 0.18034
10 71 -0.07992
10 72 0.00604
10 73 0.10771
10 74 0.13909
10 75 0.00591
10 76 -0.00168
10 77 0.00454
10 78 0.06094
10 79 0.06179
10 80 0.05504
10 81 -0.01145
10 82 0.05745
10 83 0.10334
10 84 0.03593
10 85 0.11555
10 86 -0.01375
10 87 0.00387
10 88 -0.0274
10 89 -0.08849
10 90 0.15568
10 91 -0.02348
10 92 0.09987
10 93 -0.02412
10 94 -0.0405
10 95 -0.02205
10 96 0.01708
10 97 0.01371
10 98 -0.14699
10 99 -0.08009
10 100 -0.08144
10 101 -0.00968
10 102 -0.04377
10 103 0.07505
10 104 -0.01228
10 105 -0.10197
10 106 0.09085
10 107 0.01151
10 108 -0.02821
10 109 -0.16655
10 110 -0.08014
10 111 -0.05204
10 112 -0.05137
10 113 -0.11861
10 114 -0.00381
10 115 0.02221
10 116 0.1266
10 117 0.0443
10 118 -0.09663
10 119 0.00544
10 120 -0.00797
10 121 0.06438
10 122 0.07032
10 123 -0.08561
10 124 -0.00161
10 125 -0.07461
10 126 0.11801
10 127 -0.06909
10 128 0.05134
10 129 0.02297
10 130 0.13988
10 131 -0.06284
10 132 -0.11368
10 133 0.05122
10 134 -0.08389
10 135 0.02611
10 136 -0.14273
10 137 -0.0354
10 138 0.08427
10 139 -0.17594
10 140 0.01024
10 141 0.03526
10 142 -0.03732
10 143 -0.00932
10 144 -0.03521
10 145 0.03389
10 146 -0.00935
10 147 0.06095
10 148 0.08258
10 149 -0.03801
11 12 -0.01815
11 13 -0.09966
11 14 0.03363
11 15 0.01217
11 16 -0.06752
11 17 0.19406
11 18 0.02213
11 19 0.03944
11 20 0.05124
11 21 0.11099
11 22 0.00674
11 23 -0.08847
11 24 0.00951
11 25 -0.111
11 26 -0.10123
11 27 -0.05584
11 28 0.00259
11 29 -0.0346
11 30 0.08813
11 31 0.05817
11 32 -0.0592
11 33 0.05715
11 34 -0.02759
11 35 0.02322
11 36 -0.00284
11 37 -0.1822
11 38 0.1301
11 39 0.10492
11 40 -0.02135
11 41 -0.0248
11 42 -0.03164
11 43 -0.11728
11 44 0.04423
11 45 0.04432
11 46 0.23883
11 47 -0.09507
11 48 0.14296
11 49 0.03816
11 50 -0.01602
11 51 0.10291
11 52 0.00886
11 53 0.02435
11 54 -0.03567
11 55 -0.00944
11 56 -0.04546
11 57 0.18468
11 58 0.05089
11 59 -0.02829
11 60 0.07591
11 61 0.00445
11 62 0.04033
11 63 -0.08292
11 64 0.13178
11 65 0.13183
11 66 0.1145
11 67 0.02406
11 68 -0.06291
11 69 -0.03975
11 70 -0.05471
11 71 0.05391
11 72 0.07181
11 73 0.00652
11 74 0.04999
11 75 0.03884
11 76 -0.0129
11 77 -0.07012
11 78 0.10688
11 79 -0.05889
11 80 0.08718
11 81 -0.01541
11 82 -0.06125
11 83 0.07113
11 84 0.07114
11 85 -0.0173
11 86 -0.07494
11 87 0.11142
11 88 0.09812
11 89 0.0566
11 90 -0.04424
11 91 0.052
11 92 -0.07016
11 93 -0.02226
11 94 -0.02158
11 95 0.20271
11 96 0.07681
11 97 -0.11765
11 98 -0.1001
11 99 0.02704
11 100 0.03341
11 101 -0.01605
11 102 0.02808
11 103 -0.08666
11 104 0.07167
11 105 -0.09504
11 106 -0.10694
11 107 -0.0208
11 108 -0.15686
11 109 0.1529
11 110 0.01982
11 111 -0.02427
11 112 0.0498
11 113 0.03931
11 114 0.05511
11 115 -0.00635
11 116 -0.07213
11 117 0.00987
11 118 -0.02531
11 119 0.03241
11 120 0.10511
11 121 -0.06596
11 122 -0.10153
11 123 -0.07452
11 124 0.02123
11 125 -0.03999
11 126 0.06367
11 127 0.13441
11 128 -0.14078
11 129 -0.17034
11 130 -0.10498
11 131 0.08033
11 132 0.02437
11 133 -0.00602
11 134 0.11575
11 135 -0.02501
11 136 -0.12396
11 137 -0.11645
11 138 -0.03109
11 139 -0.03197
11 140 -0.0589
11 141 0.03935
11 142 -0.0574
11 143 -0.00583
11 144 0.01324
11 145 -0.02066
11 146 0.06665
11 147 -0.07492
11 148 0.03255
11 149 -0.06843
12 13 -0.17033
12 14 -0.22909
12 15 -0.16543
12 16 -0.00379
12 17 -0.12998
12 18 -0.03031
12 19 0.06373
12 20 0.00704
12 21 -0.01831
12 22 -0.03263
12 23 -0.09581
12 24 -0.03381
12 25 -0.02401
12 26 0.13322
12 27 0.02669
12 28 -0.12462
12 29 -0.23208
12 30 -0.00482
12 31 -0.07429
12 32 0.13713
12 33 -0.16106
12 34 -0.05633
12 35 -0.06917
12 36 -0.04428
12 37 -0.1764
12 38 -0.01247
12 39 0.0095
12 40 0.05932
12 41 0.04984
12 42 -0.0254
12 43 0.20065
12 44 0.10009
12 45 -0.08937
12 46 0.01586
12 47 -0.0391
12 48 -0.13205
12 49 -0.06752
12 50 0.04885
12 51 0.12208
12 52 0.024
12 53 -0.00011
12 54 -0.00386
12 55 0.08664
12 56 0.06109
12 57 0.10398
12 58 -0.04586
12 59 0.00664
12 60 0.12592
12 61 -0.12997
12 62 0.02953
12 63 0.18264
12 64 -0.01989
12 65 -0.00078
12 66 0.02182
12 67 -0.10355
12 68 0.02373
12 69 0.01666
12 70 -0.05968
12 71 -0.10297
12 72 0.01498
12 73 0.12346
12 74 0.03245
12 75 0.01183
12 76 0.0284
12 77 -0.02581
12 78 -0.00638
12 79 0.02852
12 80 0.00229
12 81 0.00429
12 82 0.0286
12 83 -0.06249
12 84 -0.06621
12 85 0.05296
12 86 0.10566
12 87 -0.06148
12 88 -0.0446
12 89 0.0539
12 90 0.00868
12 91 0.01094
12 92 0.0165
12 93 0.1961
12 94 -0.07902
12 95 0.10182
12 96 0.00626
12 97 -0.13662
12 98 0.07284
12 99 -0.0705
12 100 -0.11392
12 101 0.12872
12 102 0.13518
12 103 0.00971
12 104 0.14497
12 105 -0.19053
12 106 0.01526
12 107 -0.01604
12 108 0.01104
12 109 0.07624
12 110 -0.00933
12 111 0.00964
12 112 0.00683
12 113 -0.12929
12 114 0.12074
12 115 -0.01105
12 116 0.16296
12 117 -0.17336
12 118 -0.25504
12 119 0.20577
12 120 -0.01577
12 121 -0.00949
12 122 0.10302
12 123 -0.10498
12 124 -0.16624
12 125 -0.03547
12 126 -0.06535
12 127 -0.12717
12 128 0.07351
12 129 0.10609
12 130 -0.0282
12 131 0.03377
12 132 -0.03086
12 133 0.00204
12 134 0.20064
12 135 -0.03186
12 136 -0.1074
12 137 0.01455
12 138 -0.04604
12 139 0.12942
12 140 -0.02291
12 141 -0.06812
12 142 0.11697
12 143 0.12741
12 144 -0.07923
12 145 0.07906
12 146 -0.03314
12 147 -0.07088
12 148 -0.03385
12 149 0.07387
13 14 -0.01871
13 15 0.12793
13 16 0.03685
13 17 0.04439
13 18 -0.05415
13 19 -0.06471
13 20 0.00946
13 21 0.0912
13 22 -0.05726
13 23 -0.0216
13 24 0.0175
13 25 -0.12089
13 26 0.01983
13 27 -0.0631
13 28 0.09477
13 29 0.07579
13 30 0.11663
13 31 -0.09499
13 32 0.07936
13 33 0.1051
13 34 -0.09104
13 35 0.13908
13 36 -0.03223
13 37 0.01767
13 38 0.01397
13 39 -0.05847
13 40 0.08965
13 41 -0.04075
13 42 -0.08595
13 43 -0.02066
13 44 -0.04106
13 45 0.07169
13 46 0.09899
13 47 0.12634
13 48 -0.07922
13 49 -0.02255
13 50 -0.16109
13 51 0.04874
13 52 -0.09365
13 53 -0.02304
13 54 0.03916
13 55 0.00491
13 56 0.09276
13 57 0.02412
13 58 0.10922
13 59 0.17137
13 60 -0.03699
13 61 -0.01197
13 62 0.07229
13 63 0.00627
13 64 -0.05702
13 65 -0.01502
13 66 0.09333
13 67 -0.08524
13 68 0.15784
13 69 -0.05704
13 70 -0.13717
13 71 0.02801
13 72 -0.09981
13 73 0.02941
13 74 0.04685
13 75 -0.10076
13 76 -0.02426
13 77 -0.00388
13 78 0.01954
13 79 -0.19192
13 80 -0.10093
13 81 -0.1361
13 82 0.03722
13 83 0.04897
13 84 0.02872
13 85 0.04097
13 86 -0.05934
13 87 0.12153
13 88 0.05301
13 89 0.00042
13 90 -0.09732
13 91 -0.11959
13 92 -0.06617
13 93 -0.10454
13 94 0.03985
13 95 -0.03083
13 96 -0.12141
13 97 -0.01385
13 98 -0.03923
13 99 0.06987
13 100 0.06181
13 101 0.15724
13 102 0.07192
13 103 0.00534
13 104 -0.05625
13 105 -0.1083
13 106 0.07117
13 107 -0.003
13 108 0.00845
13 109 -0.03465
13 110 -0.083
13 111 0.07708
13 112 -0.09889
13 113 -0.1085
13 114 0.04866
13 115 0.05712
13 116 -0.07204
13 117 0.00719
13 118 0.0216
13 119 -0.18415
13 120 0.05072
13 121 -0.14792
13 122 0.00765
13 123 -0.09978
13 124 -0.02171
13 125 -0.0667
13 126 -0.03287
13 127 0.22334
13 128 -0.02844
13 129 -0.01455
13 130 -0.17714
13 131 0.10883
13 132 0.00738
13 133 0.12372
13 134 -0.09863
13 135 0.02527
13 136 0.00321
13 137 -0.08912
13 138 -0.14251
13 139 0.12988
13 140 0.13479
13 141 -0.00909
13 142 -0.02796
13 143 0.0569
13 144 0.06124
13 145 -0.03895
13 146 0.0608
13 147 -0.0417
13 148 -0.07008
13 149 -0.09788
14 15 0.10769
14 16 0.00532
14 17 0.03507
14 18 -0.06306
14 19 0.00688
14 20 -0.07019
14 21 -0.05129
14 22 -0.14311
14 23 0.04084
14 24 -0.05333
14 25 -0.05619
14 26 0.01835
14 27 -0.01597
14 28 0.00357
14 29 -0.01126
14 30 0.07531
14 31 -0.10113
14 32 -0.08656
14 33 0.0691
14 34 0.07297
14 35 0.02571
14 36 0.05169
14 37 -0.01263
14 38 -0.06855
14 39 -0.00014
14 40 0.08151
14 41 -0.03806
14 42 0.02953
14 43 0.16101
14 44 -0.01242
14 45 0.04234
14 46 -0.13835
14 47 0.03026
14 48 -0.07436
14 49 -0.12256
14 50 -0.09204
14 51 0.03275
14 52 0.0554
14 53 -0.08845
14 54 0.045
14 55 0.09446
14 56 -0.1401
14 57 0.01463
14 58 0.14039
14 59 -0.12986
14 60 0.0586
14 61 -0.07189
14 62 -0.12327
14 63 -0.04796
14 64 -0.0696
14 65 0.00339
14 66 0.05843
14 67 0.08263
14 68 0.05548
14 69 -0.00987
14 70 -0.08009
14 71 -0.05027
14 72 -0.05951
14 73 -0.09769
14 74 -0.14596
14 75 0.06429
14 76 0.06804
14 77 -0.0407
14 78 -0.06068
14 79 -0.16071
14 80 0.02095
14 81 -0.15394
14 82 0.0342
14 83 -0.0896
14 84 -0.02456
14 85 0.01441
14 86 0.0672
14 87 0.03166
14 88 0.03958
14 89 0.07072
14 90 0.0677
14 91 0.07089
14 92 -0.01611
14 93 -0.01513
14 94 -0.18896
14 95 0.1949
14 96 0.00206
14 97 -0.14916
14 98 -0.05675
14 99 -0.0167
14 100 -0.04454
14 101 -0.0098
14 102 0.10101
14 103 -0.06972
14 104 0.0036
14 105 0.10509
14 106 -0.113
14 107 -0.06614
14 108 -0.00132
14 109 0.05957
14 110 0.04774
14 111 -0.10849
14 112 -0.18855
14 113 -0.15147
14 114 -0.04438
14 115 -0.00586
14 116 -0.02453
14 117 0.0511
14 118 0.05134
14 119 0.03738
14 120 0.08035
14 121 0.03269
14 122 0.04786
14 123 -0.01365
14 124 0.14499
14 125 0.05597
14 126 -0.10453
14 127 -0.05333
14 128 0.14827
14 129 0.00631
14 130 0.05105
14 131 0.12704
14 132 0.11185
14 133 0.05993
14 134 0.11503
14 135 -0.06477
14 136 0.11645
14 137 0.05673
14 138 0.12464
14 139 -0.13248
14 140 -0.03714
14 141 0.0052
14 142 0.02291
14 143 0.00287
14 144 0.04999
14 145 -0.02237
14 146 -0.04239
14 147 0.06505
14 148 -0.01356
14 149 0.02593
15 16 0.05944
15 17 -0.02184
15 18 0.08972
15 19 0.11484
15 20 0.05256
15 21 0.03032
15 22 -0.14208
15 23 -0.04046
15 24 0.09067
15 25 0.12104
15 26 0.14788
15 27 -0.07299
15 28 -0.07119
15 29 0.03708
15 30 0.11832
15 31 0.0265
15 32 0.05124
15 33 0.18126
15 34 0.11996
15 35 -0.10928
15 36 0.04873
15 37 0.12902
15 38 -0.00034
15 39 -0.03393
15 40 0.02758
15 41 -0.15283
15 42 -0.07137
15 43 -0.00299
15 44 -0.23376
15 45 -0.04309
15 46 -0.21125
15 47 -0.09193
15 48 -0.04344
15 49 0.03991
15 50 -0.06864
15 51 0.1492
15 52 -0.07837
15 53 -0.2296
15 54 -0.11103
15 55 0.04516
15 56 -0.02364
15 57 -0.02656
15 58 0.02259
15 59 -0.15039
15 60 0.18333
15 61 -0.01917
15 62 -0.098
15 63 -0.14655
15 64 0.00735
15 65 0.02366
15 66 -0.00737
15 67 -0.05544
15 68 -0.02257
15 69 -0.00529
15 70 0.02575
15 71 0.0095
15 72 -0.13102
15 73 -0.06283
15 74 -0.0695
15 75 0.02043
15 76 0.00799
15 77 0.02084
15 78 0.01233
15 79 -0.00975
15 80 0.12602
15 81 0.00597
15 82 0.04269
15 83 -0.04061
15 84 -0.06525
15 85 0.07802
15 86 -0.0262
15 87 -0.07546
15 88 -0.11325
15 89 -0.03184
15 90 -0.0799
15 91 0.06536
15 92 0.04201
15 93 -0.19142
15 94 -0.03862
15 95 0.0469
15 96 -0.12282
15 97 0.01794
15 98 -0.0532
15 99 -0.04719
15 100 0.05529
15 101 -0.05471
15 102 0.115
15 103 0.13679
15 104 -0.17627
15 105 0.19018
15 106 -0.07164
15 107 0.15296
15 108 0.04182
15 109 0.02737
15 110 0.0246
15 111 0.05703
15 112 0.01496
15 113 -0.15826
15 114 0.09708
15 115 0.16343
15 116 0.06592
15 117 0.09761
15 118 0.01216
15 119 -0.01815
15 120 -0.08901
15 121 -0.15126
15 122 0.07892
15 123 -0.06469
15 124 0.00368
15 125 0.0688
15 126 0.02025
15 127 -0.01134
15 128 0.01789
15 129 0.02492
15 130 0.06162
15 131 0.07766
15 132 0.1154
15 133 0.03904
15 134 0.15172
15 135 0.08561
15 136 -0.06761
15 137 0.0472
15 138 -0.13549
15 139 -0.03143
15 140 -0.0383
15 141 -0.10148
15 142 -0.00514
15 143 -0.10686
15 144 -0.10855
15 145 -0.02369
15 146 0.00591
15 147 0.08985
15 148 -0.00254
15 149 0.04005
16 17 0.0491
16 18 -0.10447
16 19 0.04944
16 20 0.01121
16 21 -0.07764
16 22 0.05441
16 23 -0.04453
16 24 -0.00176
16 25 0.00908
16 26 -0.03456
16 27 0.02498
16 28 0.05583
16 29 -0.02385
16 30 0.06276
16 31 -0.00455
16 32 0.00534
16 33 0.01638
16 34 0.03359
16 35 -0.03144
16 36 0.04156
16 37 -0.04803
16 38 0.02852
16 39 -0.08943
16 40 -0.01909
16 41 -0.06236
16 42 0.0859
16 43 0.03474
16 44 -0.04381
16 45 0.09915
16 46 0.03448
16 47 0.04095
16 48 0.02845
16 49 0.16018
16 50 0.0181
16 51 0.03249
16 52 0.01536
16 53 0.02605
16 54 0.09064
16 55 -0.08172
16 56 -0.02183
16 57 0.01409
16 58 0.17451
16 59 -0.09773
16 60 0.09618
16 61 0.24319
16 62 -0.06244
16 63 -0.01968
16 64 -0.03591
16 65 -0.13012
16 66 -0.08349
16 67 0.03384
16 68 0.06118
16 69 -0.07054
16 70 0.04332
16 71 0.23957
16 72 0.03656
16 73 -0.0673
16 74 -0.02477
16 75 -0.00248
16 76 -0.04684
16 77 -0.0784
16 78 -0.02072
16 79 -0.03058
16 80 0.2089
16 81 -0.09193
16 82 -0.03919
16 83 0.06312
16 84 0.05175
16 85 0.03872
16 86 0.11477
16 87 -0.15334
16 88 0.02682
16 89 -0.22215
16 90 -0.0254
16 91 -0.07743
16 92 0.06899
16 93 -0.00606
16 94 -0.10007
16 95 -0.09695
16 96 -0.09616
16 97 -0.00507
16 98 0.00135
16 99 -0.13583
16 100 -0.12939
16 101 0.01979
16 102 0.02816
16 103 0.11708
16 104 -0.07902
16 105 0.07683
16 106 -0.01342
16 107 0.20151
16 108 -0.06554
16 109 -0.02719
16 110 -0.02878
16 111 0.06515
16 112 0.02887
16 113 0.04581
16 114 0.08033
16 115 -0.11595
16 116 0.02918
16 117 0.07162
16 118 -0.06045
16 119 0.08301
16 120 -0.13047
16 121 -0.04258
16 122 -0.10375
16 123 -0.11385
16 124 -0.11906
16 125 -0.06772
16 126 0.00217
16 127 -0.0059
16 128 -0.00397
16 129 0.10214
16 130 0.08977
16 131 0.01358
16 132 -0.08924
16 133 -0.071
16 134 -0.01023
16 135 -0.08784
16 136 0.0534
16 137 0.07862
16 138 0.01754
16 139 -0.01476
16 140 -0.02053
16 141 -0.10414
16 142 -0.05333
16 143 0.07122
16 144 0.01483
16 145 0.02089
16 146 -0.06111
16 147 -0.06765
16 148 -0.05004
16 149 0.00729
17 18 0.06611
17 19 0.07448
17 20 -0.01836
17 21 0.07454
17 22 0.11188
17 23 0.01232
17 24 0.03539
17 25 0.07974
17 26 0.00057
17 27 0.0952
17 28 -0.0527
17 29 -0.06335
17 30 -0.12888
17 31 -0.04975
17 32 0.00714
17 33 -0.06039
17 34 0.10884
17 35 -0.07858
17 36 0.04214
17 37 -0.05273
17 38 -0.01705
17 39 0.078
17 40 -0.01154
17 41 0.07967
17 42 0.03683
17 43 0.08829
17 44 0.03556
17 45 0.18866
17 46 0.06098
17 47 -0.09205
17 48 -0.01074
17 49 -0.15728
17 50 -0.00507
17 51 0.11841
17 52 0.07976
17 53 -0.04414
17 54 -0.01899
17 55 -0.07743
17 56 0.06828
17 57 0.03011
17 58 -0.02986
17 59 0.05144
17 60 -0.07936
17 61 -0.05596
17 62 -0.02105
17 63 0.05028
17 64 -0.08098
17 65 0.09396
17 66 -0.11213
17 67 -0.01299
17 68 -0.09317
17 69 -0.02512
17 70 0.01059
17 71 0.00799
17 72 0.0106
17 73 -0.10898
17 74 -0.23054
17 75 0.09012
17 76 0.17776
17 77 0.16352
17 78 0.14922
17 79 -0.03281
17 80 -0.09858
17 81 0.10652
17 82 0.14792
17 83 -0.05947
17 84 -0.17629
17 85 0.0356
17 86 0.05398
17 87 0.18876
17 88 -0.11914
17 89 0.0456
17 90 0.05172
17 91 -0.11112
17 92 0.02275
17 93 0.1024
17 94 0.02169
17 95 0.0795
17 96 -0.09611
17 97 -0.11394
17 98 -0.18054
17 99 0.08149
17 100 0.05154
17 101 -0.06237
17 102 0.03757
17 103 0.12753
17 104 0.03234
17 105 0.08311
17 106 0.04713
17 107 -0.10682
17 108 -0.14997
17 109 -0.13256
17 110 -0.03537
17 111 0.0701
17 112 -0.18519
17 113 0.1304
17 114 -0.06934
17 115 -0.00981
17 116 0.10241
17 117 -0.09392
17 118 0.05859
17 119 -0.04304
17 120 0.04607
17 121 -0.07786
17 122 0.02454
17 123 -0.05394
17 124 -0.06102
17 125 0.07104
17 126 0.02019
17 127 -0.00363
17 128 -0.11013
17 129 0.06878
17 130 0.04415
17 131 0.0146
17 132 -0.00692
17 133 0.09006
17 134 -0.10868
17 135 -0.04197
17 136 -0.21374
17 137 0.10335
17 138 -0.01402
17 139 -0.0045
17 140 0.0217
17 141 -0.05498
17 142 -0.0343
17 143 0.12047
17 144 -0.01677
17 145 -0.01773
17 146 -0.00352
17 147 0.03296
17 148 -0.09034
17 149 0.17264
18 19 0.05527
18 20 0.04539
18 21 -0.10842
18 22 -0.09164
18 23 0.21537
18 24 -0.04916
18 25 0.07668
18 26 -0.0317
18 27 0.14582
18 28 -0.04048
18 29 0.0836
18 30 -0.13599
18 31 0.01867
18 32 0.14322
18 33 0.00115
18 34 0.08348
18 35 0.022
18 36 0.10641
18 37 0.05693
18 38 0.07205
18 39 -0.00839
18 40 -0.13277
18 41 0.10361
18 42 0.13208
18 43 -0.12045
18 44 -0.22564
18 45 -0.00132
18 46 0.04977
18 47 -0.17369
18 48 -0.10942
18 49 0.09196
18 50 0.04852
18 51 -0.01184
18 52 0.00671
18 53 -0.02643
18 54 -0.05026
18 55 -0.03362
18 56 -0.03221
18 57 0.00121
18 58 0.07034
18 59 0.03059
18 60 -0.12327
18 61 0.03492
18 62 -0.01107
18 63 0.03203
18 64 0.10582
18 65 0.05828
18 66 -0.06042
18 67 0.06559
18 68 0.05434
18 69 -0.06284
18 70 -0.03
18 71 -0.14722
18 72 -0.02639
18 73 0.11424
18 74 0.11223
18 75 -0.0549
18 76 0.05109
18 77 -0.09783
18 78 -0.13293
18 79 0.07548
18 80 0.00506
18 81 0.1257
18 82 -0.05412
18 83 0.01665
18 84 0.0623
18 85 0.07209
18 86 0.00134
18 87 0.01037
18 88 0.16122
18 89 0.15978
18 90 -0.03845
18 91 0.01361
18 92 0.01808
18 93 -0.08956
18 94 0.0062
18 95 -0.02099
18 96 0.02693
18 97 0.07642
18 98 0.07907
18 99 -0.03396
18 100 0.05733
18 101 0.07825
18 102 -0.02227
18 103 -0.02243
18 104 0.06723
18 105 0.03407
18 106 -0.05599
18 107 -0.01423
18 108 0.11304
18 109 -0.01824
18 110 -0.01526
18 111 0.02093
18 112 -0.15701
18 113 -0.14809
18 114 0.02886
18 115 0.09156
18 116 -0.05876
18 117 0.03029
18 118 -0.02377
18 119 -0.00748
18 120 -0.01049
18 121 -0.06737
18 122 -0.0431
18 123 0.0402
18 124 -0.07457
18 125 0.09486
18 126 0.02659
18 127 -0.02609
18 128 0.02998
18 129 0.05394
18 130 0.06036
18 131 0.11993
18 132 -0.05006
18 133 0.00582
18 134 -0.00692
18 135 -0.03656
18 136 -0.01933
18 137 0.06016
18 138 -0.0266
18 139 -0.08997
18 140 0.06472
18 141 -0.06925
18 142 -0.05072
18 143 0.01269
18 144 -0.13315
18 145 0.1687
18 146 -0.09147
18 147 0.00549
18 148 0.0507
18 149 -0.02513
19 20 -0.19196
19 21 -0.09172
19 22 -0.18103
19 23 0.01
19 24 -0.05638
19 25 -0.13649
19 26 -0.08927
19 27 0.11484
19 28 0.04181
19 29 0.13485
19 30 0.05148
19 31 -0.11219
19 32 -0.04115
19 33 -0.11456
19 34 -0.0108
19 35 0.04361
19 36 -0.06542
19 37 -0.03182
19 38 -0.08812
19 39 0.02899
19 40 0.04826
19 41 0.05385
19 42 -0.06878
19 43 0.03513
19 44 -0.02532
19 45 -0.03679
19 46 0.22521
19 47 0.02876
19 48 0.00339
19 49 -0.08465
19 50 -0.09104
19 51 0.06387
19 52 -0.20048
19 53 -0.01625
19 54 0.01617
19 55 -0.02207
19 56 0.01196
19 57 0.02478
19 58 0.05447
19 59 -0.08693
19 60 -0.04655
19 61 -0.01034
19 62 0.04908
19 63 -0.04646
19 64 -0.07594
19 65 -0.03788
19 66 0.01606
19 67 -0.03239
19 68 -0.05804
19 69 -0.07381
19 70 -0.06215
19 71 0.0827
19 72 -0.10297
19 73 -0.04503
19 74 -0.11191
19 75 -0.03831
19 76 0.00427
19 77 -0.01602
19 78 -0.01457
19 79 -0.11902
19 80 -0.03038
19 81 0.18193
19 82 0.13617
19 83 0.14314
19 84 0.04194
19 85 -0.04655
19 86 0.03171
19 87 0.03092
19 88 0.11898
19 89 0.05719
19 90 -0.02476
19 91 -0.0509
19 92 0.04699
19 93 0.04817
19 94 -0.06837
19 95 -0.06529
19 96 0.06456
19 97 -0.02099
19 98 -0.0418
19 99 0.11683
19 100 0.08522
19 101 0.09518
19 102 0.0371
19 103 0.05168
19 104 0.12983
19 105 -0.04575
19 106 -0.03101
19 107 0.04361
19 108 0.08407
19 109 -0.10758
19 110 0.03405
19 111 0.09621
19 112 -0.0456
19 113 0.09328
19 114 -0.01587
19 115 -0.00682
19 116 0.04814
19 117 0.14059
19 118 0.00198
19 119 -0.11107
19 120 0.08295
19 121 -0.14222
19 122 0.078
19 123 -0.00858
19 124 -0.15685
19 125 0.05254
19 126 0.01079
19 127 -0.11773
19 128 -0.00616
19 129 0.1133
19 130 0.02129
19 131 -0.0851
19 132 0.11791
19 133 0.02592
19 134 -0.06205
19 135 0.16079
19 136 -0.01791
19 137 -0.00924
19 138 -0.10452
19 139 0.04378
19 140 -0.01269
19 141 -0.01691
19 142 0.01398
19 143 -0.13244
19 144 0.0629
19 145 -0.20025
19 146 0.00565
19 147 0.07408
19 148 0.00039
19 149 0.06078
20 21 -0.01184
20 22 0.047
20 23 -0.10853
20 24 -0.04156
20 25 -0.0428
20 26 -0.00187
20 27 -0.05601
20 28 0.04539
20 29 -0.06215
20 30 -0.12627
20 31 -0.12126
20 32 -0.04564
20 33 -0.06913
20 34 -0.06853
20 35 0.05255
20 36 -0.06122
20 37 0.02846
20 38 -0.09998
20 39 -0.04405
20 40 -0.05519
20 41 0.06883
20 42 0.1112
20 43 0.00986
20 44 -0.03441
20 45 0.05358
20 46 0.11063
20 47 -0.20051
20 48 0.11024
20 49 0.00787
20 50 -0.0602
20 51 0.05644
20 52 -0.0177
20 53 0.05044
20 54 -0.12468
20 55 -0.07566
20 56 0.1031
20 57 0.20734
20 58 -0.0662
20 59 -0.01927
20 60 0.00228
20 61 0.08203
20 62 0.02417
20 63 0.10523
20 64 -0.02159
20 65 -0.12324
20 66 0.00309
20 67 -0.03619
20 68 -0.0432
20 69 -0.11068
20 70 -0.11481
20 71 -0.14622
20 72 0.10264
20 73 0.0193
20 74 -0.08888
20 75 0.11526
20 76 0.05576
20 77 -0.08003
20 78 0.1956
20 79 -0.02449
20 80 0.0962
20 81 -0.06322
20 82 -0.08478
20 83 0.01811
20 84 -0.14365
20 85 -0.09529
20 86 0.05701
20 87 0.08026
20 88 0.0222
20 89 0.006
20 90 -0.04235
20 91 -0.10974
20 92 0.06801
20 93 -0.0682
20 94 0.01368
20 95 0.1066
20 96 -0.07229
20 97 -0.06626
20 98 -0.04374
20 99 0.00959
20 100 0.06703
20 101 0.01729
20 102 -0.02691
20 103 -0.11803
20 104 -0.083
20 105 -0.14994
20 106 -0.0394
20 107 0.06739
20 108 -0.06989
20 109 -0.17726
20 110 0.07204
20 111 -0.05562
20 112 -0.1048
20 113 -0.01054
20 114 -0.01643
20 115 -0.01148
20 116 0.0205
20 117 -0.01842
20 118 0.17104
20 119 0.09421
20 120 0.02108
20 121 -0.02357
20 122 -0.06725
20 123 -0.06868
20 124 -0.1391
20 125 -0.01875
20 126 0.00164
20 127 0.01269
20 128 -0.05211
20 129 -0.04883
20 130 0.04044
20 131 -0.01108
20 132 0.02159
20 133 -0.08703
20 134 -0.01199
20 135 -0.00576
20 136 0.0736
20 137 -0.04492
20 138 0.04935
20 139 -0.01048
20 140 0.09915
20 141 0.05183
20 142 0.13539
20 143 -0.17665
20 144 -0.02563
20 145 0.03557
20 146 0.20979
20 147 0.08797
20 148 -0.01348
20 149 -0.06084
21 22 0.07117
21 23 -0.00641
21 24 -0.01024
21 25 -0.06048
21 26 0.14573
21 27 0.01656
21 28 -0.00365
21 29 -0.07601
21 30 -0.11131
21 31 -0.00917
21 32 -0.03742
21 33 -0.00237
21 34 -0.14134
21 35 0.05631
21 36 -0.00175
21 37 -0.0402
21 38 0.20537
21 39 -0.02393
21 40 -0.06154
21 41 -0.04363
21 42 0.04147
21 43 0.12885
21 44 0.02978
21 45 0.01675
21 46 0.08806
21 47 -0.01433
21 48 -0.02876
21 49 0.03442
21 50 -0.15667
21 51 0.00931
21 52 -0.0825
21 53 0.05212
21 54 -0.00707
21 55 -0.01993
21 56 0.09263
21 57 -0.04923
21 58 0.02042
21 59 -0.09121
21 60 -0.01289
21 61 0.05851
21 62 0.06583
21 63 0.08736
21 64 0.08707
21 65 0.04357
21 66 0.09339
21 67 -0.09699
21 68 0.03417
21 69 0.00745
21 70 -0.01968
21 71 -0.05092
21 72 0.14873
21 73 -0.06589
21 74 -0.1543
21 75 -0.02371
21 76 0.03536
21 77 -0.02535
21 78 0.09703
21 79 -0.08061
21 80 0.02647
21 81 0.01378
21 82 0.137
21 83 -0.08691
21 84 0.04212
21 85 0.06338
21 86 -0.07909
21 87 -0.11707
21 88 -0.18986
21 89 0.01371
21 90 0.12025
21 91 -0.01113
21 92 0.01878
21 93 0.05145
21 94 0.09656
21 95 0.0062
21 96 0.01547
21 97 0.05057
21 98 0.04849
21 99 0.03521
21 100 -0.088
21 101 0.07007
21 102 0.18109
21 103 -0.02005
21 104 -0.02043
21 105 0.01684
21 106 0.18436
21 107 -0.07275
21 108 -0.11739
21 109 0.01923
21 110 0.00582
21 111 -0.02411
21 112 -0.18859
21 113 0.01381
21 114 0.11134
21 115 -0.13267
21 116 -0.01974
21 117 0.07015
21 118 0.08557
21 119 -0.03228
21 120 -0.04052
21 121 -0.04803
21 122 -0.02227
21 123 -0.01592
21 124 0.07347
21 125 -0.06758
21 126 0.05652
21 127 0.01123
21 128 0.08954
21 129 -0.08785
21 130 0.08489
21 131 -0.0756
21 132 0.05573
21 133 0.0162
21 134 -0.00435
21 135 0.05305
21 136 -0.02189
21 137 0.01315
21 138 -0.0864
21 139 0.01047
21 140 0.04746
21 141 0.04102
21 142 -0.08626
21 143 -0.04711
21 144 -0.045
21 145 -0.15165
21 146 0.0952
21 147 0.00326
21 148 0.09776
21 149 0.20502
22 23 0.03264
22 24 0.02263
22 25 -0.02407
22 26 0.05563
22 27 -0.05027
22 28 -0.02713
22 29 0.0356
22 30 0.01028
22 31 -0.04228
22 32 0.04936
22 33 0.04747
22 34 -0.12898
22 35 0.08127
22 36 0.01772
22 37 0.02965
22 38 -0.06703
22 39 0.09244
22 40 0.11777
22 41 -0.018
22 42 0.07512
22 43 0.04375
22 44 0.10259
22 45 0.07088
22 46 -0.04818
22 47 -0.00882
22 48 0.09673
22 49 0.05348
22 50 -0.06252
22 51 0.0649
22 52 0.02608
22 53 -0.04235
22 54 -0.03908
22 55 0.09205
22 56 0.07708
22 57 -0.07738
22 58 -0.01578
22 59 0.03988
22 60 -0.10477
22 61 -0.09156
22 62 0.19267
22 63 0.10297
22 64 -0.01825
22 65 0.05166
22 66 -0.04844
22 67 -0.15273
22 68 0.11617
22 69 0.0569
22 70 -0.01156
22 71 -0.10828
22 72 0.08302
22 73 0.02519
22 74 -0.08663
22 75 0.08706
22 76 -0.12837
22 77 -0.09277
22 78 0.02338
22 79 0.0184
22 80 0.02411
22 81 -0.02105
22 82 -0.06633
22 83 -0.05898
22 84 -0.04148
22 85 -0.01713
22 86 -0.09369
22 87 0.02595
22 88 0.03819
22 89 -0.00875
22 90 0.04756
22 91 -0.02927
22 92 -0.00394
22 93 -0.0092
22 94 0.07918
22 95 0.02915
22 96 -0.00747
22 97 -0.07297
22 98 0.01823
22 99 -0.13598
22 100 0.13006
22 101 0.08049
22 102 0.10742
22 103 -0.00271
22 104 0.14198
22 105 0.06169
22 106 -0.0072
22 107 0.01798
22 108 -0.11
22 109 0.01449
22 110 -0.05351
22 111 0.12293
22 112 -0.13946
22 113 -0.07897
22 114 0.01021
22 115 0.05741
22 116 0.02696
22 117 0.00811
22 118 -0.05953
22 119 -0.1114
22 120 -0.02494
22 121 0.06122
22 122 -0.15302
22 123 -0.03798
22 124 -0.06922
22 125 -0.06484
22 126 0.10629
22 127 -0.00185
22 128 -0.00837
22 129 0.01847
22 130 0.06049
22 131 -0.08412
22 132 0.03346
22 133 -0.15602
22 134 0.04593
22 135 0.10961
22 136 0.01555
22 137 0.12604
22 138 0.13702
22 139 -0.03909
22 140 -0.15059
22 141 -0.09588
22 142 -0.07496
22 143 0.05172
22 144 0.26257
22 145 0.00662
22 146 -0.00133
22 147 -0.14996
22 148 -0.08262
22 149 -0.00339
23 24 -0.08406
23 25 0.04977
23 26 -0.05554
23 27 -0.02246
23 28 -0.00442
23 29 -0.10065
23 30 -0.06138
23 31 -0.06234
23 32 0.04104
23 33 -0.05463
23 34 -0.11822
23 35 -0.15792
23 36 -0.19845
23 37 0.03181
23 38 -0.03613
23 39 0.07791
23 40 0.0246
23 41 0.12065
23 42 -0.0631
23 43 0.02116
23 44 0.06084
23 45 0.02401
23 46 -0.00683
23 47 0.17094
23 48 -0.02007
23 49 0.06136
23 50 -0.01272
23 51 -0.00802
23 52 -0.01113
23 53 -0.02256
23 54 -0.06925
23 55 -0.02385
23 56 -0.07232
23 57 0.07159
23 58 0.07621
23 59 0.04967
23 60 0.03575
23 61 0.1047
23 62 0.03156
23 63 -0.03023
23 64 -0.13545
23 65 0.07659
23 66 0.10209
23 67 -0.06954
23 68 -0.14591
23 69 -0.05249
23 70 -0.10689
23 71 0.07731
23 72 0.00389
23 73 -0.07415
23 74 0.08845
23 75 0.00468
23 76 0.02764
23 77 -0.02359
23 78 -0.02768
23 79 0.04273
23 80 0.08029
23 81 0.04402
23 82 -0.02942
23 83 0.05765
23 84 0.01508
23 85 -0.06054
23 86 -0.00519
23 87 0.15441
23 88 -0.05858
23 89 0.06054
23 90 0.08487
23 91 0.0442
23 92 0.01984
23 93 0.06301
23 94 -0.02263
23 95 -0.02361
23 96 0.00183
23 97 0.04695
23 98 0.14227
23 99 -0.04264
23 100 -0.10105
23 101 -0.00963
23 102 0.08443
23 103 0.08352
23 104 -0.12714
23 105 0.06995
23 106 -0.07641
23 107 -0.08849
23 108 0.01522
23 109 0.06851
23 110 0.02964
23 111 0.07093
23 112 -0.0078
23 113 0.05953
23 114 0.04698
23 115 -0.00798
23 116 0.01834
23 117 0.02388
23 118 0.05728
23 119 0.12998
23 120 -0.04069
23 121 -0.01093
23 122 -0.05798
23 123 -0.05624
23 124 -0.01571
23 125 -0.13987
23 126 -0.10212
23 127 0.12063
23 128 -0.12033
23 129 0.01958
23 130 0.02806
23 131 -0.07141
23 132 0.09385
23 133 -0.09711
23 134 0.08326
23 135 0.02422
23 136 0.03234
23 137 -0.09409
23 138 -0.13051
23 139 0.04142
23 140 0.11166
23 141 0.12997
23 142 -0.02846
23 143 0.1485
23 144 -0.06586
23 145 -0.09687
23 146 -0.03025
23 147 0.05361
23 148 0.04629
23 149 0.02959
24 25 -0.08739
24 26 0.03363
24 27 0.13406
24 28 0.00283
24 29 -0.00746
24 30 -0.00055
24 31 0.05007
24 32 0.02266
24 33 0.03833
24 34 -0.06331
24 35 -0.17123
24 36 -0.09986
24 37 0.03627
24 38 -0.06879
24 39 0.16384
24 40 -0.06513
24 41 0.13025
24 42 0.08289
24 43 0.00718
24 44 -0.02546
24 45 0.07228
24 46 -0.13164
24 47 -0.06678
24 48 0.1537
24 49 0.08463
24 50 0.04491
24 51 -0.03402
24 52 0.06484
24 53 0.01806
24 54 0.06573
24 55 -0.01715
24 56 0.05502
24 57 -0.01457
24 58 -0.098
24 59 0.02339
24 60 -0.03426
24 61 0.0238
24 62 0.06744
24 63 -0.00261
24 64 0.03725
24 65 0.00347
24 66 0.08624
24 67 -0.05192
24 68 0.02803
24 69 0.01018
24 70 0.16417
24 71 -0.00799
24 72 0.00964
24 73 -0.08753
24 74 -0.01134
24 75 -0.01733
24 76 0.02195
24 77 0.10432
24 78 0.04695
24 79 -0.03907
24 80 0.11887
24 81 -0.02626
24 82 0.04217
24 83 -0.1302
24 84 -0.02131
24 85 -0.06415
24 86 -0.11607
24 87 -0.00426
24 88 -0.09004
24 89 -0.07128
24 90 0.0925
24 91 -0.01774
24 92 0.08297
24 93 0.05758
24 94 0.05186
24 95 0.0014
24 96 -0.06419
24 97 0.08094
24 98 -0.1583
24 99 0.13928
24 100 0.0278
24 101 0.12134
24 102 -0.02281
24 103 -0.04295
24 104 0.04382
24 105 -0.13766
24 106 -0.05317
24 107 0.09424
24 108 0.05931
24 109 0.02514
24 110 -0.04745
24 111 0.02708
24 112 -0.00377
24 113 0.02441
24 114 -0.07284
24 115 0.07294
24 116 0.07146
24 117 0.07686
24 118 0.03497
24 119 -0.01904
24 120 0.08249
24 121 0.13237
24 122 0.07533
24 123 -0.07179
24 124 0.01006
24 125 0.00607
24 126 -0.01753
24 127 0.0704
24 128 0.04279
24 129 0.08197
24 130 0.02283
24 131 -0.07458
24 132 -0.05822
24 133 0.14852
24 134 0.0752
24 135 0.0637
24 136 0.05015
24 137 -0.11796
24 138 -0.01089
24 139 -0.06736
24 140 0.08504
24 141 0.01074
24 142 -0.03056
24 143 0.00521
24 144 -0.0488
24 145 -0.10887
24 146 0.13471
24 147 -0.05733
24 148 0.02187
24 149 -0.11655
25 26 0.04845
25 27 -0.11932
25 28 -0.07385
25 29 0.01734
25 30 0.10213
25 31 0.03582
25 32 0.09138
25 33 0.01278
25 34 -0.06578
25 35 0.02395
25 36 -0.11433
25 37 -0.1346
25 38 0.0262
25 39 0.00849
25 40 -0.10017
25 41 0.00137
25 42 -0.04737
25 43 0.00491
25 44 -0.0217
25 45 -0.03551
25 46 -0.02639
25 47 -0.01148
25 48 0.02858
25 49 0.03554
25 50 -0.13948
25 51 0.10553
25 52 -0.08481
25 53 0.00976
25 54 0.07697
25 55 0.05652
25 56 0.01284
25 57 -0.02672
25 58 0.00107
25 59 0.12077
25 60 0.11257
25 61 0.12161
25 62 -0.05812
25 63 0.0743
25 64 0.04968
25 65 0.02551
25 66 0.03428
25 67 0.01358
25 68 0.03496
25 69 0.15638
25 70 0.08803
25 71 0.10923
25 72 0.13624
25 73 -0.07637
25 74 0.00374
25 75 -0.06235
25 76 0.06934
25 77 0.08978
25 78 0.04472
25 79 -0.05312
25 80 0.05856
25 81 -0.05806
25 82 0.00419
25 83 -0.0817
25 84 -0.16502
25 85 -0.07635
25 86 -0.03782
25 87 0.12891
25 88 -0.07876
25 89 0.00491
25 90 -0.05375
25 91 0.098
25 92 -0.18963
25 93 -0.03138
25 94 -0.00626
25 95 -0.13254
25 96 -0.02403
25 97 0.00475
25 98 -0.03272
25 99 0.08501
25 100 0.10213
25 101 -0.01876
25 102 0.13066
25 103 -0.03572
25 104 0.04262
25 105 0.14551
25 106 0.13107
25 107 0.08297
25 108 -0.05534
25 109 -0.05563
25 110 0.05251
25 111 -0.12573
25 112 0.14029
25 113 -0.00029
25 114 0.03988
25 115 0.07755
25 116 0.00551
25 117 -0.03691
25 118 0.00994
25 119 -0.01168
25 120 0.075
25 121 -0.08339
25 122 0.07908
25 123 -0.14004
25 124 0.08479
25 125 -0.10761
25 126 0.07784
25 127 0.00702
25 128 -0.0101
25 129 0.10061
25 130 0.12341
25 131 0.09408
25 132 -0.00113
25 133 -0.00178
25 134 -0.06585
25 135 0.02
25 136 0.1209
25 137 -0.02437
25 138 -0.05836
25 139 -0.06105
25 140 0.02164
25 141 0.00797
25 142 -0.12517
25 143 -0.21921
25 144 -0.03929
25 145 -0.01083
25 146 0.1326
25 147 0.0158
25 148 -0.02936
25 149 -0.02702
26 27 -0.01252
26 28 -0.0639
26 29 -0.17769
26 30 0.0984
26 31 0.0213
26 32 -0.05095
26 33 0.14216
26 34 0.01246
26 35 0.07157
26 36 0.11344
26 37 -0.07273
26 38 -0.1147
26 39 -0.02401
26 40 -0.01543
26 41 0.08938
26 42 -0.11559
26 43 -0.01499
26 44 -0.00515
26 45 -0.03097
26 46 -0.03487
26 47 0.03084
26 48 0.11146
26 49 -0.03711
26 50 0.06477
26 51 -0.001
26 52 -0.13701
26 53 -0.08741
26 54 -0.07397
26 55 0.07753
26 56 -0.05349
26 57 0.00563
26 58 -0.1017
26 59 -0.06942
26 60 -0.0987
26 61 0.11736
26 62 0.07863
26 63 0.04092
26 64 0.05404
26 65 0.03053
26 66 0.0918
26 67 -0.042
26 68 -0.02121
26 69 0.08394
26 70 0.03212
26 71 0.05513
26 72 0.06457
26 73 -0.00174
26 74 -0.06652
26 75 -0.0884
26 76 0.09831
26 77 0.00628
26 78 0.0513
26 79 -0.00444
26 80 -0.01574
26 81 0.04167
26 82 0.06648
26 83 0.03212
26 84 -0.01272
26 85 0.02185
26 86 0.09989
26 87 0.01886
26 88 0.14876
26 89 0.06321
26 90 -0.04462
26 91 -0.07202
26 92 0.01786
26 93 -0.09144
26 94 0.05885
26 95 0.0267
26 96 0.07375
26 97 -0.09672
26 98 -0.00825
26 99 0.11077
26 100 -0.10826
26 101 -0.13268
26 102 -0.07185
26 103 -0.0347
26 104 -0.11648
26 105 0.01509
26 106 0.00834
26 107 0.00867
26 108 -0.01905
26 109 0.03445
26 110 0.09134
26 111 -0.05206
26 112 0.13253
26 113 0.08191
26 114 -0.2314
26 115 -0.05417
26 116 -0.01174
26 117 0.06327
26 118 -0.00368
26 119 -0.00536
26 120 -0.06962
26 121 -0.11387
26 122 0.01729
26 123 0.07325
26 124 -0.00698
26 125 -0.08516
26 126 0.09991
26 127 0.06081
26 128 0.05654
26 129 0.0217
26 130 -0.07039
26 131 0.08132
26 132 -0.09118
26 133 -0.06578
26 134 -0.03311
26 135 -0.0218
26 136 0.01479
26 137 0.06685
26 138 0.08709
26 139 -0.09564
26 140 -0.13026
26 141 -0.03277
26 142 -0.06737
26 143 0.12844
26 144 0.06006
26 145 -0.25774
26 146 -0.00798
26 147 -0.03423
26 148 -0.02572
26 149 0.11068
27 28 -0.00103
27 29 0.00128
27 30 -0.12626
27 31 0.00022
27 32 -0.01592
27 33 0.00784
27 34 0.15518
27 35 -0.1483
27 36 -0.02319
27 37 0.04187
27 38 -0.0017
27 39 -0.08624
27 40 -0.02297
27 41 -0.0008
27 42 0.00485
27 43 0.10206
27 44 -0.12243
27 45 0.16293
27 46 -0.07217
27 47 0.0386
27 48 -0.05217
27 49 0.04543
27 50 -0.03275
27 51 0.01082
27 52 0.09028
27 53 0.01521
27 54 0.11594
27 55 0.12238
27 56 -0.08875
27 57 -0.0473
27 58 -0.0426
27 59 -0.02999
27 60 0.11716
27 61 -0.03834
27 62 0.03595
27 63 0.08987
27 64 0.01629
27 65 -0.07666
27 66 0.11185
27 67 -0.09942
27 68 -0.09386
27 69 -0.05089
27 70 0.01846
27 71 -0.06471
27 72 0.02222
27 73 0.11823
27 74 0.04919
27 75 -0.00281
27 76 0.0452
27 77 0.001
27 78 0.04672
27 79 0.00499
27 80 -0.01746
27 81 0.11359
27 82 0.13964
27 83 0.00699
27 84 0.08934
27 85 -0.02097
27 86 0.0356
27 87 -0.03405
27 88 -0.03738
27 89 -0.01385
27 90 -0.07728
27 91 0.1602
27 92 0.07421
27 93 0.16109
27 94 -0.0781
27 95 -0.02632
27 96 0.00721
27 97 0.00141
27 98 -0.06767
27 99 0.09901
27 100 -0.0063
27 101 -0.01679
27 102 -0.07981
27 103 -0.0456
27 104 -0.07878
27 105 -0.10922
27 106 0.0133
27 107 -0.08595
27 108 -0.111
27 109 0.0057
27 110 0.13655
27 111 0.11326
27 112 -0.14035
27 113 -0.05659
27 114 -0.06054
27 115 0.0662
27 116 -0.02354
27 117 -0.04069
27 118 -0.00227
27 119 0.03031
27 120 -0.00514
27 121 -0.02344
27 122 0.0679
27 123 -0.00716
27 124 -0.09448
27 125 -0.07219
27 126 -0.16271
27 127 0.02772
27 128 -0.08465
27 129 -0.05877
27 130 -0.08729
27 131 0.04616
27 132 0.00605
27 133 0.03703
27 134 -0.0161
27 135 0.03129
27 136 0.11116
27 137 -0.15172
27 138 0.04907
27 139 -0.08509
27 140 -0.09548
27 141 0.0539
27 142 0.09614
27 143 0.0593
27 144 -0.04501
27 145 0.07692
27 146 -0.1609
27 147 -0.06763
27 148 -0.01243
27 149 -0.08952
28 29 -0.05755
28 30 -0.01397
28 31 0.02976
28 32 -0.0565
28 33 0.12383
28 34 0.00087
28 35 0.01436
28 36 -0.10172
28 37 0.00698
28 38 -0.10046
28 39 0.07428
28 40 0.07916
28 41 -0.06201
28 42 0.06086
28 43 0.13644
28 44 -0.13795
28 45 0.00027
28 46 -0.03685
28 47 0.01485
28 48 0.02583
28 49 -0.04316
28 50 -0.02616
28 51 -0.15618
28 52 0.00647
28 53 0.11918
28 54 0.04955
28 55 -0.05907
28 56 -0.0703
28 57 -0.05252
28 58 -0.12417
28 59 0.09233
28 60 -0.00325
28 61 0.04468
28 62 -0.05909
28 63 0.024
28 64 -0.04202
28 65 0.08608
28 66 0.03611
28 67 -0.11748
28 68 0.17199
28 69 -0.09725
28 70 -0.05055
28 71 -0.04201
28 72 -0.00032
28 73 0.07207
28 74 0.10181
28 75 0.18812
28 76 -0.00919
28 77 0.00826
28 78 -0.00017
28 79 0.10194
28 80 -0.08218
28 81 -0.05639
28 82 -0.04686
28 83 -0.21867
28 84 -0.02949
28 85 -0.07263
28 86 -0.02969
28 87 -0.14389
28 88 0.09175
28 89 0.04022
28 90 -0.08462
28 91 0.09685
28 92 -0.02315
28 93 0.11647
28 94 0.00556
28 95 0.02678
28 96 0.00289
28 97 0.15607
28 98 0.00271
28 99 -0.05229
28 100 0.03763
28 101 0.07022
28 102 -0.00129
28 103 0.02158
28 104 -0.02873
28 105 0.07601
28 106 -0.12879
28 107 -0.088
28 108 -0.01343
28 109 0.11355
28 110 -0.03897
28 111 0.01204
28 112 0.06885
28 113 -0.02323
28 114 -0.07907
28 115 0.16725
28 116 0.1607
28 117 -0.00088
28 118 0.032
28 119 -0.18126
28 120 0.1318
28 121 0.02335
28 122 0.04014
28 123 0.13052
28 124 0.00964
28 125 0.01691
28 126 0.07262
28 127 -0.03786
28 128 -0.08888
28 129 0.13353
28 130 -0.01233
28 131 0.03768
28 132 0.07312
28 133 0.06347
28 134 -0.00241
28 135 -0.08909
28 136 -0.0672
28 137 -0.03698
28 138 0.04139
28 139 0.01245
28 140 0.0018
28 141 0.10695
28 142 0.04098
28 143 -0.06677
28 144 0.05743
28 145 0.08969
28 146 0.10334
28 147 0.00296
28 148 -0.07289
28 149 0.0214
29 30 0.02645
29 31 0.04266
29 32 0.07138
29 33 0.2012
29 34 -0.10139
29 35 0.07961
29 36 -0.05637
29 37 0.01422
29 38 -0.02593
29 39 0.0525
29 40 0.08181
29 41 0.17823
29 42 -0.08993
29 43 0.03879
29 44 -0.06115
29 45 -0.03042
29 46 0.07473
29 47 -0.02816
29 48 -0.18075
29 49 -0.06611
29 50 0.03602
29 51 -0.15066
29 52 0.01834
29 53 -0.06264
29 54 0.04107
29 55 -0.01173
29 56 0.12793
29 57 0.10157
29 58 -0.09141
29 59 -0.07885
29 60 0.08118
29 61 -0.01868
29 62 0.07428
29 63 0.09019
29 64 0.05594
29 65 0.13119
29 66 -0.03529
29 67 -0.0253
29 68 0.05653
29 69 -0.0763
29 70 -0.00124
29 71 0.015
29 72 0.10027
29 73 0.05151
29 74 0.00062
29 75 0.01966
29 76 0.03263
29 77 -0.06817
29 78 -0.07099
29 79 -0.07742
29 80 -0.05425
29 81 0.02953
29 82 -0.09883
29 83 0.00889
29 84 -0.0917
29 85 0.0179
29 86 -0.14476
29 87 -0.01218
29 88 0.00009
29 89 0.14884
29 90 0.01932
29 91 -0.0156
29 92 0.06622
29 93 0.01605
29 94 0.01613
29 95 -0.0116
29 96 0.11656
29 97 0.1928
29 98 0.03952
29 99 -0.10886
29 100 0.01933
29 101 -0.06698
29 102 -0.15006
29 103 -0.01152
29 104 0.03445
29 105 -0.08597
29 106 -0.06048
29 107 0.00292
29 108 0.0663
29 109 -0.03226
29 110 0.02947
29 111 -0.02984
29 112 0.09866
29 113 -0.00929
29 114 -0.02297
29 115 0.09881
29 116 0.11852
29 117 0.00944
29 118 -0.08952
29 119 0.03652
29 120 0.05602
29 121 0.05253
29 122 -0.09454
29 123 -0.0712
29 124 0.081
29 125 0.09348
29 126 0.07091
29 127 -0.07429
29 128 -0.02772
29 129 -0.12648
29 130 -0.1474
29 131 -0.0361
29 132 -0.02753
29 133 0.03431
29 134 -0.0635
29 135 0.0865
29 136 0.01752
29 137 0.08269
29 138 0.01227
29 139 0.16068
29 140 -0.05771
29 141 0.0851
29 142 0.0223
29 143 0.0554
29 144 -0.10095
29 145 0.0292
29 146 -0.10809
29 147 -0.03409
29 148 -0.01794
29 149 0.04712
30 31 0.11494
30 32 -0.01657
30 33 0.09872
30 34 0.12086
30 35 0.02898
30 36 0.08616
30 37 0.05952
30 38 0.19652
30 39 -0.06358
30 40 0.02187
30 41 -0.08877
30 42 -0.07157
30 43 0.07495
30 44 -0.06406
30 45 0.0791
30 46 0.0771
30 47 -0.09116
30 48 -0.18836
30 49 -0.07709
30 50 -0.11904
30 51 0.04346
30 52 -0.09042
30 53 0.00549
30 54 -0.12532
30 55 0.02969
30 56 0.09042
30 57 0.22066
30 58 -0.00201
30 59 -0.05885
30 60 -0.09037
30 61 0.09111
30 62 -0.10084
30 63 0.05871
30 64 -0.01624
30 65 0.0775
30 66 0.09663
30 67 0.02645
30 68 -0.02001
30 69 0.16746
30 70 -0.09115
30 71 -0.12958
30 72 -0.01437
30 73 -0.00672
30 74 0.04259
30 75 0.1923
30 76 0.03939
30 77 0.06409
30 78 0.00836
30 79 -0.07085
30 80 -0.02191
30 81 -0.17704
30 82 -0.09457
30 83 0.05858
30 84 0.0054
30 85 0.17085
30 86 0.06057
30 87 -0.03928
30 88 -0.06801
30 89 0.01617
30 90 -0.09839
30 91 -0.06044
30 92 0.14798
30 93 -0.06747
30 94 0.11409
30 95 0.11807
30 96 -0.01261
30 97 -0.07543
30 98 -0.00558
30 99 -0.20275
30 100 0.0291
30 101 -0.10483
30 102 -0.12419
30 103 0.10651
30 104 -0.07289
30 105 -0.062
30 106 -0.14736
30 107 0.07322
30 108 -0.01941
30 109 -0.00223
30 110 -0.0028
30 111 0.0748
30 112 -0.05557
30 113 0.01962
30 114 -0.10429
30 115 0.08899
30 116 0.05191
30 117 -0.00025
30 118 0.01113
30 119 -0.0655
30 120 -0.12342
30 121 -0.02144
30 122 0.19727
30 123 0.08077
30 124 -0.10644
30 125 -0.15213
30 126 0.0179
30 127 0.09842
30 128 -0.07434
30 129 -0.00077
30 130 -0.10705
30 131 0.02273
30 132 0.0969
30 133 -0.05438
30 134 -0.0469
30 135 -0.11366
30 136 -0.07115
30 137 0.03202
30 138 -0.0716
30 139 -0.13638
30 140 0.11644
30 141 -0.00483
30 142 -0.07479
30 143 0.0099
30 144 0.08546
30 145 -0.02216
30 146 0.03862
30 147 0.064
30 148 0.11083
30 149 -0.02764
31 32 -0.07622
31 33 -0.06125
31 34 0.00219
31 35 0.0597
31 36 -0.03528
31 37 -0.10023
31 38 0.02963
31 39 -0.13949
31 40 -0.03951
31 41 -0.0053
31 42 -0.00191
31 43 0.07324
31 44 -0.19894
31 45 -0.00642
31 46 -0.00017
31 47 -0.05351
31 48 0.0654
31 49 0.06378
31 50 0.03873
31 51 -0.08771
31 52 0.05322
31 53 -0.02747
31 54 0.07227
31 55 -0.01114
31 56 0.04
31 57 0.09588
31 58 0.04145
31 59 -0.01299
31 60 0.04467
31 61 -0.00267
31 62 -0.02277
31 63 -0.10936
31 64 0.04399
31 65 -0.01461
31 66 -0.02189
31 67 0.05778
31 68 0.10575
31 69 -0.10708
31 70 0.05065
31 71 0.02685
31 72 0.0434
31 73 0.14014
31 74 0.05223
31 75 0.10473
31 76 0.0733
31 77 0.00665
31 78 -0.16365
31 79 0.01748
31 80 -0.13461
31 81 -0.15598
31 82 -0.16768
31 83 0.00083
31 84 0.01958
31 85 -0.03385
31 86 -0.08828
31 87 -0.14785
31 88 0.01914
31 89 0.01895
31 90 -0.04937
31 91 0.02325
31 92 0.06982
31 93 -0.09329
31 94 0.05585
31 95 0.06117
31 96 0.05428
31 97 0.03362
31 98 -0.15869
31 99 0.17836
31 100 0.05234
31 101 0.03475
31 102 -0.01079
31 103 -0.08466
31 104 0.08499
31 105 -0.12234
31 106 -0.00273
31 107 -0.07088
31 108 0.0037
31 109 0.00407
31 110 0.02687
31 111 -0.05193
31 112 0.1094
31 113 0.04538
31 114 0.03703
31 115 0.04333
31 116 0.02879
31 117 0.13341
31 118 -0.04394
31 119 0.06553
31 120 0.01218
31 121 -0.07806
31 122 -0.0965
31 123 0.03879
31 124 0.01591
31 125 0.01089
31 126 0.07965
31 127 -0.05947
31 128 -0.06084
31 129 -0.19282
31 130 -0.00191
31 131 0.08495
31 132 -0.05024
31 133 -0.0365
31 134 -0.00197
31 135 0.05819
31 136 0.0902
31 137 0.00032
31 138 -0.04242
31 139 0.09026
31 140 -0.13826
31 141 0.01967
31 142 0.00373
31 143 -0.03191
31 144 0.08574
31 145 0.08913
31 146 -0.10512
31 147 0.01684
31 148 -0.05946
31 149 0.02085
32 33 -0.14906
32 34 -0.00449
32 35 -0.01616
32 36 -0.14833
32 37 0.06136
32 38 -0.09469
32 39 -0.0714
32 40 0.11699
32 41 0.14739
32 42 -0.18155
32 43 -0.08705
32 44 0.12422
32 45 -0.09175
32 46 -0.06941
32 47 -0.10539
32 48 -0.0632
32 49 -0.00303
32 50 0.07249
32 51 0.0378
32 52 -0.13799
32 53 -0.05061
32 54 0.07977
32 55 0.05655
32 56 -0.07348
32 57 -0.06245
32 58 -0.05105
32 59 -0.07494
32 60 0.02343
32 61 -0.00147
32 62 0.01067
32 63 0.00549
32 64 -0.00221
32 65 -0.03205
32 66 -0.14292
32 67 -0.07472
32 68 -0.05036
32 69 -0.06611
32 70 -0.001
32 71 -0.12295
32 72 0.02824
32 73 0.12241
32 74 0.01238
32 75 0.04339
32 76 0.00538
32 77 -0.0276
32 78 -0.05589
32 79 -0.04208
32 80 -0.01175
32 81 -0.02679
32 82 -0.00883
32 83 0.08515
32 84 0.02358
32 85 0.10564
32 86 -0.04937
32 87 -0.01293
32 88 -0.03572
32 89 -0.00987
32 90 0.05947
32 91 0.10266
32 92 -0.03237
32 93 -0.02674
32 94 -0.0129
32 95 -0.00001
32 96 0.04709
32 97 0.05982
32 98 -0.04516
32 99 -0.06439
32 100 0.07671
32 101 -0.00004
32 102 0.02944
32 103 0.04323
32 104 0.02826
32 105 0.05544
32 106 0.04679
32 107 -0.09948
32 108 0.03998
32 109 0.12898
32 110 -0.07128
32 111 0.02311
32 112 -0.01997
32 113 -0.07965
32 114 -0.01558
32 115 -0.11971
32 116 -0.1095
32 117 0.04762
32 118 0.0317
32 119 0.02006
32 120 -0.07323
32 121 0.06976
32 122 0.12899
32 123 -0.06268
32 124 -0.03786
32 125 0.01811
32 126 0.01094
32 127 -0.07415
32 128 0.02729
32 129 -0.0931
32 130 -0.04456
32 131 0.0185
32 132 -0.03118
32 133 0.06879
32 134 -0.12611
32 135 0.00346
32 136 -0.07511
32 137 0.12739
32 138 0.04961
32 139 0.0718
32 140 0.12918
32 141 0.12171
32 142 0.13242
32 143 0.05466
32 144 0.19041
32 145 0.0138
32 146 -0.00055
32 147 0.06629
32 148 -0.02692
32 149 0.05513
33 34 0.12991
33 35 -0.06249
33 36 -0.18016
33 37 0.06604
33 38 0.07636
33 39 -0.0095
33 40 0.07735
33 41 -0.20447
33 42 0.01661
33 43 0.02076
33 44 0.08354
33 45 0.12526
33 46 0.13965
33 47 -0.00916
33 48 -0.06356
33 49 -0.0414
33 50 0.05045
33 51 0.03351
33 52 -0.03152
33 53 0.00181
33 54 -0.12865
33 55 -0.00789
33 56 0.00879
33 57 0.09696
33 58 0.07026
33 59 -0.01341
33 60 0.06651
33 61 0.16025
33 62 -0.16362
33 63 -0.02875
33 64 0.03065
33 65 0.12238
33 66 0.02362
33 67 0.00549
33 68 -0.04304
33 69 0.04302
33 70 0.09976
33 71 0.09117
33 72 0.12374
33 73 0.06525
33 74 -0.09251
33 75 -0.09199
33 76 -0.0256
33 77 -0.07593
33 78 -0.0268
33 79 -0.04848
33 80 -0.02697
33 81 0.04903
33 82 0.00072
33 83 -0.03643
33 84 0.07913
33 85 0.06678
33 86 0.06571
33 87 -0.14096
33 88 -0.02012
33 89 0.09597
33 90 0.08552
33 91 -0.01462
33 92 0.10377
33 93 0.13436
33 94 -0.04262
33 95 -0.00662
33 96 0.09467
33 97 0.03381
33 98 0.00904
33 99 -0.09996
33 100 -0.11099
33 101 0.06056
33 102 -0.02509
33 103 -0.05279
33 104 0.04094
33 105 -0.01219
33 106 -0.02743
33 107 -0.0289
33 108 -0.03833
33 109 -0.01425
33 110 -0.11652
33 111 -0.0572
33 112 0.01857
33 113 0.15254
33 114 -0.0591
33 115 -0.10256
33 116 0.09353
33 117 -0.05536
33 118 0.04919
33 119 0.16388
33 120 0.04122
33 121 0.07509
33 122 -0.00528
33 123 -0.06905
33 124 -0.08974
33 125 0.00435
33 126 -0.00889
33 127 0.07166
33 128 -0.02964
33 129 -0.08163
33 130 -0.02177
33 131 -0.09646
33 132 -0.20363
33 133 0.12401
33 134 -0.10028
33 135 0.06415
33 136 0.06831
33 137 -0.03074
33 138 -0.08947
33 139 0.04459
33 140 0.1213
33 141 -0.05604
33 142 0.04744
33 143 0.08157
33 144 0.10091
33 145 0.08342
33 146 0.13348
33 147 0.0531
33 148 0.02217
33 149 -0.05954
34 35 0.00394
34 36 0.08768
34 37 -0.042
34 38 -0.0196
34 39 -0.00083
34 40 -0.01681
34 41 0.10246
34 42 0.13065
34 43 0.07008
34 44 -0.05083
34 45 -0.04367
34 46 0.05565
34 47 -0.10192
34 48 -0.09752
34 49 0.01958
34 50 0.03173
34 51 0.03911
34 52 -0.0919
34 53 0.05616
34 54 -0.19381
34 55 -0.07109
34 56 0.01715
34 57 -0.21316
34 58 0.02632
34 59 0.04541
34 60 0.01894
34 61 0.07072
34 62 0.01277
34 63 0.03843
34 64 -0.11697
34 65 0.14545
34 66 0.08978
34 67 0.1268
34 68 -0.01882
34 69 0.13299
34 70 0.06182
34 71 -0.10667
34 72 -0.06484
34 73 0.1425
34 74 0.031
34 75 -0.01528
34 76 -0.00174
34 77 -0.04431
34 78 -0.02498
34 79 0.05703
34 80 -0.05553
34 81 -0.16936
34 82 -0.05677
34 83 -0.02867
34 84 -0.02362
34 85 -0.03163
34 86 0.01034
34 87 0.04204
34 88 0.03007
34 89 0.11154
34 90 0.03257
34 91 0.00828
34 92 -0.05103
34 93 0.1345
34 94 -0.12537
34 95 -0.1525
34 96 0.03299
34 97 0.06948
34 98 0.01342
34 99 0.041
34 100 -0.11615
34 101 -0.02351
34 102 -0.12835
34 103 0.05168
34 104 -0.09605
34 105 0.03134
34 106 -0.21792
34 107 0.06287
34 108 -0.01711
34 109 0.01393
34 110 0.10769
34 111 0.08234
34 112 -0.06234
34 113 0.05357
34 114 0.01334
34 115 -0.13728
34 116 0.002
34 117 -0.0423
34 118 -0.02682
34 119 0.07706
34 120 0.04718
34 121 0.04917
34 122 0.15953
34 123 -0.00115
34 124 -0.08387
34 125 -0.08733
34 126 0.00581
34 127 0.11034
34 128 0.03063
34 129 -0.01874
34 130 -0.09504
34 131 -0.09461
34 132 0.28267
34 133 -0.05902
34 134 0.08123
34 135 -0.08664
34 136 0.00257
34 137 -0.06978
34 138 -0.01009
34 139 0.05147
34 140 -0.01924
34 141 0.07703
34 142 -0.08942
34 143 0.03308
34 144 -0.06492
34 145 0.00069
34 146 -0.06962
34 147 0.0265
34 148 0.02773
34 149 0.05466
35 36 0.01206
35 37 -0.26334
35 38 0.12041
35 39 0.03533
35 40 0.10762
35 41 -0.07611
35 42 0.09624
35 43 0.04966
35 44 -0.00081
35 45 -0.14629
35 46 -0.01093
35 47 -0.05869
35 48 -0.16587
35 49 -0.02738
35 50 -0.02191
35 51 0.11742
35 52 -0.02556
35 53 -0.05213
35 54 0.03319
35 55 0.04959
35 56 -0.02541
35 57 0.06703
35 58 -0.03274
35 59 0.05314
35 60 0.06769
35 61 0.029
35 62 0.08007
35 63 0.17899
35 64 -0.075
35 65 -0.10575
35 66 -0.08252
35 67 -0.00734
35 68 -0.15447
35 69 0.05921
35 70 0.01295
35 71 0.1205
35 72 -0.0094
35 73 0.01093
35 74 0.00818
35 75 -0.02991
35 76 -0.04334
35 77 -0.04843
35 78 -0.05429
35 79 -0.13227
35 80 -0.09359
35 81 -0.01062
35 82 0.01678
35 83 -0.01617
35 84 0.07566
35 85 -0.00334
35 86 -0.0745
35 87 0.00751
35 88 -0.00072
35 89 0.2048
35 90 -0.06453
35 91 -0.03882
35 92 -0.11373
35 93 -0.01028
35 94 -0.03929
35 95 -0.07698
35 96 -0.11063
35 97 -0.02952
35 98 -0.05458
35 99 -0.03214
35 100 -0.00943
35 101 0.04413
35 102 0.0144
35 103 -0.11998
35 104 0.13161
35 105 -0.0334
35 106 -0.07576
35 107 0.02594
35 108 0.05814
35 109 0.0245
35 110 -0.12833
35 111 0.0043
35 112 0.2318
35 113 -0.01944
35 114 -0.05745
35 115 0.06015
35 116 0.0282
35 117 0.01481
35 118 0.01895
35 119 0.07734
35 120 0.0034
35 121 -0.06241
35 122 -0.05668
35 123 0.0627
35 124 -0.12644
35 125 -0.02081
35 126 -0.15636
35 127 0.13039
35 128 -0.04265
35 129 0.00271
35 130 0.0994
35 131 -0.25449
35 132 0.11676
35 133 0.0697
35 134 -0.02064
35 135 0.0331
35 136 -0.06013
35 137 -0.07955
35 138 -0.0672
35 139 0.16634
35 140 0.0249
35 141 -0.0424
35 142 0.02237
35 143 0.04501
35 144 -0.03443
35 145 0.06531
35 146 -0.04316
35 147 0.06425
35 148 0.04806
35 149 -0.07843
36 37 -0.01505
36 38 0.08036
36 39 -0.01587
36 40 -0.04577
36 41 0.00342
36 42 -0.00186
36 43 -0.023
36 44 -0.02807
36 45 0.04266
36 46 0.00976
36 47 0.08409
36 48 0.14295
36 49 -0.0909
36 50 0.00753
36 51 0.01138
36 52 0.13952
36 53 -0.00415
36 54 -0.03388
36 55 -0.06547
36 56 0.05523
36 57 -0.05768
36 58 0.06437
36 59 0.19014
36 60 0.02393
36 61 0.05869
36 62 -0.09735
36 63 -0.03879
36 64 -0.10272
36 65 0.04604
36 66 0.22284
36 67 0.02195
36 68 -0.01175
36 69 0.12329
36 70 -0.11413
36 71 -0.05246
36 72 -0.07063
36 73 -0.03903
36 74 -0.00403
36 75 -0.01541
36 76 0.0117
36 77 -0.12677
36 78 0.23076
36 79 -0.18323
36 80 0.12552
36 81 -0.1461
36 82 0.01145
36 83 0.10822
36 84 0.02169
36 85 -0.03109
36 86 -0.01189
36 87 0.0254
36 88 -0.01872
36 89 0.06601
36 90 0.08072
36 91 -0.0561
36 92 0.09966
36 93 0.05895
36 94 -0.04252
36 95 -0.02076
36 96 0.04277
36 97 0.08317
36 98 -0.09386
36 99 -0.03348
36 100 -0.08767
36 101 0.07444
36 102 -0.04406
36 103 0.04586
36 104 0.0556
36 105 0.04931
36 106 0.02953
36 107 -0.07332
36 108 -0.03903
36 109 0.04952
36 110 0.03575
36 111 0.01409
36 112 -0.06486
36 113 -0.01376
36 114 0.10324
36 115 0.08451
36 116 0.03165
36 117 0.17703
36 118 -0.17907
36 119 -0.19067
36 120 0.05375
36 121 -0.04892
36 122 -0.13076
36 123 0.03202
36 124 0.08751
36 125 -0.003
36 126 -0.15796
36 127 0.15561
36 128 -0.00329
36 129 -0.02839
36 130 -0.12127
36 131 0.10527
36 132 0.00041
36 133 -0.02984
36 134 0.0622
36 135 -0.0899
36 136 0.04949
36 137 -0.06605
36 138 0.03006
36 139 0.02096
36 140 -0.0216
36 141 0.02872
36 142 -0.00621
36 143 0.00861
36 144 -0.01017
36 145 0.08203
36 146 -0.11103
36 147 0.11732
36 148 -0.10589
36 149 -0.12532
37 38 0.14407
37 39 -0.04348
37 40 -0.06854
37 41 0.04675
37 42 -0.11702
37 43 0.16402
37 44 0.06576
37 45 0.079
37 46 -0.11245
37 47 0.04741
37 48 -0.05037
37 49 0.02434
37 50 -0.05666
37 51 -0.05929
37 52 0.08056
37 53 -0.05747
37 54 -0.06446
37 55 0.10359
37 56 -0.0681
37 57 0.01293
37 58 -0.03567
37 59 -0.01851
37 60 0.10501
37 61 0.10694
37 62 0.05295
37 63 0.09863
37 64 0.0346
37 65 0.07528
37 66 0.09945
37 67 0.02687
37 68 0.08605
37 69 -0.06798
37 70 0.085
37 71 0.11814
37 72 -0.01173
37 73 -0.06574
37 74 0.0289
37 75 0.09578
37 76 -0.05384
37 77 0.01028
37 78 0.03982
37 79 0.0394
37 80 -0.11925
37 81 -0.10002
37 82 0.13279
37 83 0.00375
37 84 -0.14215
37 85 0.06588
37 86 -0.00942
37 87 0.03017
37 88 0.02191
37 89 0.1669
37 90 -0.09839
37 91 -0.05935
37 92 -0.01813
37 93 0.02954
37 94 -0.07169
37 95 -0.08473
37 96 -0.0302
37 97 -0.03929
37 98 -0.02932
37 99 0.07904
37 100 -0.02461
37 101 -0.00127
37 102 0.10147
37 103 -0.01521
37 104 -0.00465
37 105 -0.01633
37 106 0.01702
37 107 0.06446
37 108 0.05349
37 109 -0.00697
37 110 -0.03904
37 111 -0.07472
37 112 0.1595
37 113 -0.01991
37 114 -0.00224
37 115 0.12352
37 116 0.04527
37 117 -0.02182
37 118 -0.10364
37 119 -0.05485
37 120 -0.0728
37 121 0.11783
37 122 -0.12319
37 123 0.10384
37 124 0.13796
37 125 -0.07957
37 126 0.01961
37 127 -0.11592
37 128 0.12874
37 129 -0.08587
37 130 0.05347
37 131 -0.00262
37 132 0.08148
37 133 0.16113
37 134 -0.01783
37 135 -0.03283
37 136 0.05721
37 137 -0.07038
37 138 0.02343
37 139 0.03052
37 140 -0.04129
37 141 -0.09064
37 142 -0.01466
37 143 -0.1493
37 144 -0.11259
37 145 0.06926
37 146 -0.10526
37 147 -0.03676
37 148 0.00245
37 149 0.0036
38 39 -0.17131
38 40 -0.14421
38 41 -0.03572
38 42 0.03756
38 43 0.06333
38 44 -0.1397
38 45 -0.20032
38 46 -0.14824
38 47 -0.11723
38 48 0.0235
38 49 -0.08826
38 50 -0.00781
38 51 0.10265
38 52 0.09261
38 53 -0.03775
38 54 -0.06036
38 55 -0.14244
38 56 0.02369
38 57 0.27921
38 58 -0.01762
38 59 0.00923
38 60 0.05051
38 61 -0.01329
38 62 0.05197
38 63 -0.0258
38 64 -0.01075
38 65 0.00013
38 66 -0.18284
38 67 0.08729
38 68 0.08022
38 69 0.05535
38 70 0.02415
38 71 -0.03931
38 72 -0.11094
38 73 -0.11767
38 74 -0.08275
38 75 0.02783
38 76 0.04474
38 77 -0.00435
38 78 0.00368
38 79 -0.07627
38 80 0.02997
38 81 -0.14922
38 82 -0.00636
38 83 -0.02194
38 84 0.11519
38 85 -0.05512
38 86 0.02081
38 87 0.01655
38 88 0.03157
38 89 0.02054
38 90 -0.03795
38 91 -0.06677
38 92 -0.16992
38 93 -0.12496
38 94 0.02662
38 95 -0.00205
38 96 -0.0353
38 97 -0.02023
38 98 0.11061
38 99 -0.17903
38 100 -0.10467
38 101 -0.11036
38 102 0.04514
38 103 0.06257
38 104 -0.00939
38 105 -0.17501
38 106 0.09082
38 107 -0.07594
38 108 0.01366
38 109 0.08316
38 110 -0.06421
38 111 -0.09237
38 112 0.00781
38 113 -0.0305
38 114 -0.02528
38 115 0.14321
38 116 0.08219
38 117 0.0465
38 118 -0.04994
38 119 0.03385
38 120 0.04384
38 121 0.0586
38 122 -0.01514
38 123 -0.0122
38 124 0.03218
38 125 0.03522
38 126 0.00575
38 127 -0.00905
38 128 0.1586
38 129 0.01443
38 130 -0.10954
38 131 -0.03388
38 132 -0.12018
38 133 0.00494
38 134 0.03657
38 135 -0.05137
38 136 -0.07665
38 137 -0.03439
38 138 0.07576
38 139 0.04902
38 140 -0.10055
38 141 0.02727
38 142 0.12941
38 143 0.10174
38 144 0.00534
38 145 -0.04264
38 146 0.04976
38 147 -0.1719
38 148 -0.00083
38 149 0.11638
39 40 0.03797
39 41 -0.04548
39 42 -0.00788
39 43 -0.02277
39 44 0.14866
39 45 0.06964
39 46 -0.02925
39 47 0.03737
39 48 -0.05331
39 49 -0.01137
39 50 -0.05881
39 51 0.03631
39 52 0.10049
39 53 -0.01087
39 54 0.00921
39 55 -0.11217
39 56 -0.14702
39 57 0.16201
39 58 -0.11845
39 59 -0.15189
39 60 0.16625
39 61 0.02461
39 62 -0.03463
39 63 0.02792
39 64 0.01469
39 65 -0.05179
39 66 -0.16451
39 67 -0.04221
39 68 0.0933
39 69 0.08837
39 70 -0.04798
39 71 -0.13688
39 72 0.00162
39 73 0.06039
39 74 -0.01779
39 75 0.03839
39 76 -0.07537
39 77 0.00307
39 78 -0.01739
39 79 0.10831
39 80 -0.12626
39 81 0.05616
39 82 -0.02429
39 83 -0.06906
39 84 0.00862
39 85 0.11852
39 86 0.0718
39 87 0.11979
39 88 0.17393
39 89 0.03286
39 90 0.0594
39 91 0.09233
39 92 -0.13448
39 93 -0.13017
39 94 -0.05563
39 95 0.09976
39 96 -0.06645
39 97 0.04137
39 98 -0.05318
39 99 -0.04126
39 100 0.04536
39 101 -0.02896
39 102 -0.01132
39 103 0.02076
39 104 -0.02201
39 105 -0.00297
39 106 -0.03332
39 107 -0.02225
39 108 0.0476
39 109 0.03245
39 110 -0.00856
39 111 0.01728
39 112 -0.11921
39 113 0.02803
39 114 -0.01502
39 115 -0.10652
39 116 0.11209
39 117 -0.08912
39 118 -0.19165
39 119 -0.05444
39 120 -0.17345
39 121 -0.07883
39 122 -0.10297
39 123 -0.13558
39 124 0.08925
39 125 0.0496
39 126 -0.12737
39 127 -0.1323
39 128 0.10223
39 129 0.02845
39 130 0.07205
39 131 0.05269
39 132 0.03225
39 133 0.01346
39 134 0.07199
39 135 0.14262
39 136 -0.06884
39 137 0.07556
39 138 0.04444
39 139 0.06525
39 140 0.02118
39 141 0.007
39 142 0.09599
39 143 -0.0741
39 144 0.05373
39 145 0.06635
39 146 -0.07463
39 147 -0.20887
39 148 0.09061
39 149 -0.0054
40 41 0.07724
40 42 -0.0243
40 43 -0.09705
40 44 0.18373
40 45 0.07036
40 46 0.0768
40 47 -0.0088
40 48 -0.01993
40 49 0.10822
40 50 -0.07399
40 51 0.08196
40 52 0.01379
40 53 0.02441
40 54 0.06076
40 55 -0.00463
40 56 -0.00613
40 57 -0.07948
40 58 0.20897
40 59 -0.00058
40 60 0.06643
40 61 0.06109
40 62 0.00182
40 63 -0.07492
40 64 0.0408
40 65 0.09101
40 66 0.0122
40 67 0.07052
40 68 -0.02736
40 69 -0.01601
40 70 -0.1472
40 71 -0.02365
40 72 0.11254
40 73 -0.06763
40 74 -0.0747
40 75 0.05098
40 76 0.14202
40 77 -0.15659
40 78 -0.13093
40 79 -0.01206
40 80 0.05516
40 81 -0.07534
40 82 -0.00017
40 83 0.1281
40 84 -0.00711
40 85 0.09539
40 86 0.2111
40 87 0.12597
40 88 -0.04995
40 89 0.00628
40 90 -0.01656
40 91 0.05636
40 92 -0.03312
40 93 -0.02756
40 94 0.10606
40 95 0.08192
40 96 0.08477
40 97 0.093
40 98 0.01197
40 99 0.05401
40 100 -0.07388
40 101 -0.14646
40 102 -0.14655
40 103 -0.06645
40 104 0.1256
40 105 0.10755
40 106 -0.12959
40 107 0.04601
40 108 0.05625
40 109 -0.02991
40 110 -0.02594
40 111 -0.07087
40 112 0.0223
40 113 -0.1767
40 114 -0.0151
40 115 -0.00968
40 116 0.13556
40 117 -0.05326
40 118 -0.17066
40 119 -0.14515
40 120 -0.10222
40 121 -0.09031
40 122 0.01684
40 123 -0.01402
40 124 0.00389
40 125 -0.02526
40 126 -0.07409
40 127 0.02531
40 128 0.00589
40 129 -0.00784
40 130 0.01699
40 131 -0.1123
40 132 -0.08015
40 133 0.04229
40 134 -0.00565
40 135 -0.04807
40 136 0.0558
40 137 -0.0695
40 138 -0.08549
40 139 0.07274
40 140 -0.02583
40 141 -0.15349
40 142 -0.05197
40 143 -0.06159
40 144 0.05578
40 145 -0.1193
40 146 0.01877
40 147 0.00382
40 148 -0.00603
40 149 0.00611
41 42 -0.05729
41 43 -0.0086
41 44 -0.0246
41 45 -0.00469
41 46 -0.0786
41 47 -0.00911
41 48 0.02078
41 49 0.00534
41 50 -0.10773
41 51 -0.01776
41 52 0.06311
41 53 0.05661
41 54 -0.02219
41 55 -0.12413
41 56 0.05429
41 57 0.05401
41 58 0.17166
41 59 0.03336
41 60 -0.03914
41 61 -0.03462
41 62 0.10229
41 63 -0.00565
41 64 0.04276
41 65 0.03023
41 66 0.08317
41 67 -0.05542
41 68 -0.0097
41 69 -0.14162
41 70 -0.09048
41 71 -0.00516
41 72 0.04403
41 73 0.10329
41 74 0.0804
41 75 0.06755
41 76 0.07794
41 77 0.04286
41 78 0.00547
41 79 -0.06367
41 80 0.10158
41 81 -0.10315
41 82 -0.05174
41 83 0.01765
41 84 -0.01538
41 85 -0.10002
41 86 -0.16297
41 87 -0.02678
41 88 0.04355
41 89 0.02595
41 90 0.05003
41 91 -0.19362
41 92 -0.05367
41 93 0.04219
41 94 0.11467
41 95 -0.00202
41 96 0.09043
41 97 0.02509
41 98 -0.06062
41 99 0.04214
41 100 0.02807
41 101 -0.1805
41 102 -0.08014
41 103 -0.01012
41 104 -0.10761
41 105 -0.05657
41 106 0.01594
41 107 0.05459
41 108 0.08416
41 109 -0.02098
41 110 0.03096
41 111 0.14436
41 112 -0.05884
41 113 0.01527
41 114 -0.07023
41 115 0.00433
41 116 -0.07423
41 117 -0.07923
41 118 -0.00106
41 119 -0.08266
41 120 0.00403
41 121 0.03206
41 122 -0.11584
41 123 -0.07924
41 124 0.02496
41 125 0.04953
41 126 -0.02429
41 127 -0.09444
41 128 0.06619
41 129 -0.15294
41 130 0.13538
41 131 -0.02002
41 132 -0.0796
41 133 -0.05509
41 134 0.10476
41 135 0.07049
41 136 0.0158
41 137 -0.11406
41 138 -0.13917
41 139 -0.01639
41 140 -0.14148
41 141 -0.02851
41 142 -0.04915
41 143 0.04427
41 144 0.08759
41 145 -0.15798
41 146 -0.11294
41 147 -0.13854
41 148 -0.01176
41 149 -0.1131
42 43 -0.1335
42 44 0.02842
42 45 -0.01605
42 46 -0.04865
42 47 0.19266
42 48 0.03291
42 49 0.03155
42 50 0.01598
42 51 -0.15538
42 52 0.04574
42 53 -0.145
42 54 0.16602
42 55 -0.1559
42 56 -0.02983
42 57 -0.07735
42 58 -0.17742
42 59 -0.09566
42 60 -0.06171
42 61 0.0864
42 62 -0.02934
42 63 0.05743
42 64 0.02406
42 65 0.00822
42 66 0.12741
42 67 -0.03908
42 68 0.01329
42 69 0.04032
42 70 -0.02663
42 71 0.04607
42 72 0.05126
42 73 -0.07334
42 74 0.08008
42 75 -0.18767
42 76 0.01211
42 77 0.06337
42 78 -0.01326
42 79 -0.00652
42 80 0.03533
42 81 0.00517
42 82 0.04401
42 83 -0.08169
42 84 0.05312
42 85 0.05501
42 86 -0.01813
42 87 -0.00042
42 88 -0.03631
42 89 -0.02162
42 90 -0.02778
42 91 -0.10671
42 92 0.02127
42 93 -0.03281
42 94 -0.08252
42 95 0.01752
42 96 -0.09232
42 97 -0.01248
42 98 0.08123
42 99 0.01273
42 100 0.04853
42 101 0.07721
42 102 -0.04931
42 103 0.05916
42 104 0.06408
42 105 0.00034
42 106 0.06608
42 107 -0.00905
42 108 -0.06628
42 109 0.06501
42 110 0.0193
42 111 0.03369
42 112 -0.00095
42 113 0.06043
42 114 -0.08437
42 115 -0.02072
42 116 -0.00237
42 117 -0.1175
42 118 0.03729
42 119 -0.0272
42 120 0.03223
42 121 -0.06931
42 122 0.04438
42 123 0.06445
42 124 0.0288
42 125 0.00546
42 126 0.01851
42 127 -0.04295
42 128 0.04947
42 129 -0.00897
42 130 0.02813
42 131 0.13346
42 132 -0.11126
42 133 0.05887
42 134 0.07497
42 135 0.02836
42 136 0.01754
42 137 0.03568
42 138 0.02558
42 139 0.00193
42 140 -0.03002
42 141 0.14611
42 142 -0.02611
42 143 -0.02119
42 144 0.01634
42 145 0.06447
42 146 0.16661
42 147 0.12337
42 148 -0.07357
42 149 0.01027
43 44 -0.14105
43 45 0.05826
43 46 -0.06712
43 47 -0.05927
43 48 -0.17554
43 49 0.02847
43 50 -0.08636
43 51 -0.00785
43 52 0.10786
43 53 0.06589
43 54 -0.17067
43 55 0.0289
43 56 -0.05464
43 57 0.0198
43 58 -0.1588
43 59 -0.06805
43 60 0.06127
43 61 -0.04675
43 62 -0.01552
43 63 0.09367
43 64 0.00943
43 65 0.00252
43 66 -0.06091
43 67 0.06184
43 68 -0.03499
43 69 0.1142
43 70 -0.05614
43 71 -0.11832
43 72 -0.06255
43 73 0.03863
43 74 -0.13423
43 75 0.10703
43 76 -0.13033
43 77 0.06393
43 78 -0.06547
43 79 -0.07016
43 80 -0.04844
43 81 0.01982
43 82 -0.04442
43 83 0.06194
43 84 0.12838
43 85 -0.03505
43 86 0.0532
43 87 0.03876
43 88 0.00413
43 89 -0.0118
43 90 -0.0852
43 91 -0.02569
43 92 -0.1154
43 93 -0.00059
43 94 0.02197
43 95 0.04836
43 96 0.02244
43 97 0.02232
43 98 0.08004
43 99 -0.07594
43 100 -0.04831
43 101 -0.0674
43 102 0.11568
43 103 -0.10239
43 104 0.03068
43 105 0.10015
43 106 -0.05852
43 107 -0.0216
43 108 -0.01822
43 109 -0.01118
43 110 0.14126
43 111 -0.02467
43 112 0.057
43 113 -0.10662
43 114 -0.11746
43 115 0.10935
43 116 0.0433
43 117 -0.00917
43 118 0.04941
43 119 0.01855
43 120 0.08537
43 121 0.01328
43 122 0.04991
43 123 0.00077
43 124 -0.01715
43 125 0.00085
43 126 -0.01219
43 127 0.00775
43 128 0.04235
43 129 -0.05788
43 130 -0.03867
43 131 0.23773
43 132 -0.17272
43 133 0.04951
43 134 -0.06108
43 135 0.00042
43 136 0.00685
43 137 -0.08442
43 138 0.01803
43 139 0.09679
43 140 -0.01751
43 141 0.09697
43 142 0.11192
43 143 -0.03304
43 144 0.10922
43 145 0.02059
43 146 0.01621
43 147 -0.00558
43 148 0.22425
43 149 0.04497
44 45 -0.08665
44 46 -0.01425
44 47 0.09584
44 48 -0.00469
44 49 -0.09531
44 50 -0.08487
44 51 -0.08637
44 52 -0.12399
44 53 -0.05283
44 54 0.07624
44 55 -0.01584
44 56 -0.14005
44 57 -0.09166
44 58 -0.01895
44 59 -0.0398
44 60 0.00083
44 61 -0.09862
44 62 -0.13079
44 63 0.08826
44 64 -0.0588
44 65 0.05992
44 66 -0.00359
44 67 -0.03168
44 68 -0.03538
44 69 0.05411
44 70 0.07242
44 71 -0.1768
44 72 0.04763
44 73 -0.04687
44 74 -0.11669
44 75 0.06771
44 76 0.02207
44 77 0.07023
44 78 -0.09216
44 79 0.07577
44 80 0.06624
44 81 -0.02746
44 82 0.08431
44 83 -0.10355
44 84 0.06494
44 85 0.05953
44 86 0.0068
44 87 0.00947
44 88 0.06344
44 89 -0.11962
44 90 -0.07373
44 91 0.02276
44 92 -0.14471
44 93 -0.05553
44 94 -0.06918
44 95 -0.13348
44 96 -0.05719
44 97 0.02346
44 98 -0.11022
44 99 0.05206
44 100 -0.04824
44 101 0.02861
44 102 0.08377
44 103 0.0157
44 104 -0.1695
44 105 0.01845
44 106 0.06408
44 107 0.03965
44 108 -0.02919
44 109 0.05523
44 110 0.08647
44 111 -0.00181
44 112 -0.02123
44 113 0.01466
44 114 -0.01881
44 115 -0.1405
44 116 -0.16723
44 117 -0.10671
44 118 -0.05018
44 119 0.06746
44 120 0.07065
44 121 0.00164
44 122 -0.04895
44 123 0.0789
44 124 0.15661
44 125 0.07552
44 126 0.20543
44 127 0.12001
44 128 -0.08618
44 129 -0.00514
44 130 -0.11043
44 131 0.04164
44 132 -0.00608
44 133 -0.13858
44 134 -0.13387
44 135 -0.0132
44 136 0.05094
44 137 0.00247
44 138 0.03957
44 139 0.06742
44 140 0.02667
44 141 -0.00012
44 142 0.00345
44 143 -0.03376
44 144 0.06733
44 145 0.03451
44 146 0.0191
44 147 0.00299
44 148 -0.13314
44 149 -0.00811
45 46 -0.1137
45 47 -0.06164
45 48 0.02523
45 49 0.00454
45 50 -0.05488
45 51 -0.02517
45 52 -0.08854
45 53 0.05601
45 54 -0.00264
45 55 -0.07717
45 56 -0.01965
45 57 0.02198
45 58 0.07389
45 59 -0.14202
45 60 -0.14151
45 61 -0.08491
45 62 -0.04532
45 63 -0.01216
45 64 0.01179
45 65 0.0892
45 66 0.1047
45 67 0.03904
45 68 0.10991
45 69 0.03974
45 70 0.05965
45 71 0.01855
45 72 -0.01421
45 73 0.0188
45 74 0.07585
45 75 -0.07964
45 76 0.07512
45 77 -0.0041
45 78 -0.0032
45 79 -0.01067
45 80 -0.029
45 81 0.13004
45 82 -0.01171
45 83 0.04771
45 84 0.00924
45 85 0.03837
45 86 -0.00336
45 87 0.06866
45 88 -0.03286
45 89 0.04667
45 90 -0.23301
45 91 -0.03941
45 92 -0.12581
45 93 0.18205
45 94 0.00708
45 95 0.03041
45 96 -0.03878
45 97 0.00458
45 98 -0.04571
45 99 0.1195
45 100 0.10209
45 101 0.01831
45 102 0.01016
45 103 -0.12623
45 104 0.09338
45 105 0.01078
45 106 0.08607
45 107 -0.06079
45 108 0.08718
45 109 -0.0765
45 110 0.0066
45 111 -0.05943
45 112 -0.01898
45 113 0.10532
45 114 0.15162
45 115 -0.01704
45 116 -0.09355
45 117 0.06583
45 118 -0.02507
45 119 -0.16408
45 120 0.08126
45 121 -0.13527
45 122 -0.09979
45 123 0.01742
45 124 -0.08473
45 125 -0.02401
45 126 -0.07971
45 127 -0.09035
45 128 -0.0262
45 129 0.15241
45 130 -0.12151
45 131 -0.04906
45 132 0.03947
45 133 0.00948
45 134 -0.02178
45 135 0.12528
45 136 -0.07068
45 137 0.20096
45 138 0.00842
45 139 0.13258
45 140 -0.22755
45 141 0.06888
45 142 -0.01311
45 143 0.03279
45 144 -0.03445
45 145 -0.06219
45 146 0.03353
45 147 0.00416
45 148 0.04687
45 149 0.03497
46 47 -0.07573
46 48 0.12186
46 49 0.02985
46 50 0.02668
46 51 -0.03466
46 52 -0.06811
46 53 0.01162
46 54 -0.03179
46 55 -0.00116
46 56 0.04233
46 57 -0.03596
46 58 0.01356
46 59 0.0173
46 60 -0.05169
46 61 -0.01731
46 62 0.01713
46 63 0.0159
46 64 0.0092
46 65 -0.12282
46 66 0.17707
46 67 -0.02964
46 68 -0.09627
46 69 -0.03263
46 70 0.11906
46 71 0.10558
46 72 -0.0164
46 73 0.02387
46 74 -0.01951
46 75 0.01092
46 76 -0.05828
46 77 -0.02826
46 78 0.01217
46 79 0.10763
46 80 -0.05825
46 81 -0.08866
46 82 -0.03306
46 83 0.04452
46 84 0.02485
46 85 -0.04247
46 86 0.12251
46 87 -0.18499
46 88 -0.16971
46 89 0.06888
46 90 -0.04972
46 91 -0.00321
46 92 0.0379
46 93 0.07136
46 94 0.10704
46 95 -0.11722
46 96 0.05645
46 97 -0.00418
46 98 -0.28535
46 99 -0.01554
46 100 -0.0137
46 101 0.14013
46 102 -0.00634
46 103 -0.09564
46 104 0.03197
46 105 0.00896
46 106 0.02137
46 107 0.00488
46 108 -0.11424
46 109 0.0937
46 110 0.1185
46 111 -0.14464
46 112 -0.2095
46 113 0.13015
46 114 0.00715
46 115 0.04061
46 116 0.01668
46 117 -0.09173
46 118 -0.09422
46 119 0.07884
46 120 -0.06222
46 121 -0.11638
46 122 -0.04444
46 123 -0.02238
46 124 -0.0767
46 125 -0.05783
46 126 -0.06314
46 127 -0.037
46 128 0.03723
46 129 0.09049
46 130 0.04366
46 131 0.02186
46 132 0.11199
46 133 0.15081
46 134 0.0392
46 135 -0.00247
46 136 0.10534
46 137 -0.05026
46 138 0.03219
46 139 -0.04808
46 140 0.04523
46 141 -0.00912
46 142 -0.08323
46 143 -0.05443
46 144 0.14658
46 145 -0.06117
46 146 0.02431
46 147 -0.01881
46 148 0.0528
46 149 0.04841
47 48 0.08637
47 49 0.06058
47 50 0.06624
47 51 0.03476
47 52 -0.07453
47 53 -0.03468
47 54 -0.0084
47 55 -0.0033
47 56 -0.08488
47 57 -0.00188
47 58 0.00867
47 59 0.04195
47 60 0.09295
47 61 -0.01115
47 62 0.01918
47 63 -0.01326
47 64 -0.00081
47 65 -0.03583
47 66 0.09627
47 67 0.08264
47 68 0.12257
47 69 0.12762
47 70 -0.10877
47 71 0.08248
47 72 0.02359
47 73 -0.01627
47 74 -0.04739
47 75 0.09741
47 76 -0.0296
47 77 0.00528
47 78 -0.05596
47 79 0.09785
47 80 -0.13137
47 81 -0.06747
47 82 0.04675
47 83 0.00118
47 84 -0.00008
47 85 0.15719
47 86 0.01337
47 87 0.05827
47 88 -0.01485
47 89 -0.02941
47 90 0.02898
47 91 0.08194
47 92 -0.10854
47 93 0.04924
47 94 -0.13317
47 95 -0.13259
47 96 0.00524
47 97 -0.08238
47 98 -0.03472
47 99 0.09141
47 100 0.11742
47 101 0.05911
47 102 0.02309
47 103 0.09081
47 104 0.12622
47 105 0.05766
47 106 0.09215
47 107 -0.06621
47 108 0.0656
47 109 0.05331
47 110 0.01468
47 111 -0.09198
47 112 -0.02492
47 113 0.0052
47 114 0.00393
47 115 -0.07117
47 116 0.006
47 117 -0.03252
47 118 -0.07538
47 119 0.0722
47 120 -0.06046
47 121 -0.05902
47 122 0.01953
47 123 -0.02404
47 124 0.06964
47 125 0.01643
47 126 -0.02225
47 127 0.03961
47 128 0.06155
47 129 -0.05234
47 130 -0.03486
47 131 -0.03299
47 132 -0.00942
47 133 -0.15817
47 134 -0.03079
47 135 0.04563
47 136 -0.01073
47 137 0.08676
47 138 0.09647
47 139 0.04387
47 140 -0.13561
47 141 0.13083
47 142 0.04959
47 143 -0.05452
47 144 0.13539
47 145 -0.05198
47 146 0.02062
47 147 -0.00904
47 148 -0.02765
47 149 0.02724
48 49 -0.11226
48 50 0.0853
48 51 -0.16851
48 52 0.10514
48 53 -0.0502
48 54 0.02187
48 55 -0.01785
48 56 0.04678
48 57 -0.12273
48 58 0.04979
48 59 0.07535
48 60 -0.10691
48 61 0.01185
48 62 -0.08784
48 63 -0.08233
48 64 -0.0205
48 65 0.05587
48 66 0.03753
48 67 -0.28339
48 68 -0.15002
48 69 -0.00045
48 70 -0.06246
48 71 0.0271
48 72 -0.04433
48 73 -0.02103
48 74 0.0237
48 75 -0.04713
48 76 0.06066
48 77 -0.13172
48 78 0.05784
48 79 -0.0009
48 80 0.01159
48 81 -0.00481
48 82 0.05176
48 83 -0.00746
48 84 -0.00411
48 85 0.06529
48 86 -0.05313
48 87 0.13179
48 88 -0.04299
48 89 -0.12973
48 90 -0.02661
48 91 -0.04554
48 92 -0.04847
48 93 0.01409
48 94 -0.04358
48 95 0.12042
48 96 -0.0264
48 97 -0.08448
48 98 -0.09131
48 99 0.03749
48 100 0.06042
48 101 -0.1042
48 102 0.05518
48 103 -0.05893
48 104 0.03158
48 105 -0.10571
48 106 -0.10452
48 107 0.10046
48 108 0.06742
48 109 -0.08754
48 110 -0.08144
48 111 -0.07035
48 112 -0.11265
48 113 -0.04277
48 114 0.03688
48 115 -0.17617
48 116 -0.05636
48 117 0.00959
48 118 -0.00212
48 119 -0.13369
48 120 -0.12534
48 121 0.09571
48 122 -0.04704
48 123 0.06153
48 124 0.12142
48 125 -0.04882
48 126 0.0179
48 127 0.08532
48 128 0.03325
48 129 0.02167
48 130 0.09164
48 131 -0.02198
48 132 0.02299
48 133 0.07704
48 134 -0.01742
48 135 0.0148
48 136 0.01739
48 137 -0.13823
48 138 -0.00879
48 139 -0.00381
48 140 0.01486
48 141 0.04314
48 142 -0.02658
48 143 -0.03906
48 144 0.04758
48 145 -0.01951
48 146 -0.10639
48 147 0.02033
48 148 -0.00613
48 149 0.00839
49 50 0.02366
49 51 -0.07303
49 52 -0.09538
49 53 -0.0919
49 54 0.08595
49 55 -0.11595
49 56 0.02229
49 57 -0.03932
49 58 0.16457
49 59 0.08195
49 60 -0.06544
49 61 -0.00418
49 62 -0.16215
49 63 0.0291
49 64 -0.11883
49 65 0.03458
49 66 0.11942
49 67 0.02824
49 68 -0.02338
49 69 -0.03433
49 70 -0.17705
49 71 -0.126
49 72 -0.07134
49 73 -0.07129
49 74 0.09752
49 75 0.09834
49 76 0.08114
49 77 0.00401
49 78 -0.0487
49 79 -0.03455
49 80 -0.03121
49 81 -0.05807
49 82 -0.07683
49 83 0.09383
49 84 0.04512
49 85 -0.01022
49 86 0.05622
49 87 0.17017
49 88 -0.01227
49 89 0.14073
49 90 -0.06915
49 91 0.03806
49 92 0.2031
49 93 -0.03751
49 94 -0.04366
49 95 -0.04029
49 96 -0.15843
49 97 -0.01905
49 98 -0.02452
49 99 0.12974
49 100 0.14805
49 101 -0.0658
49 102 0.03881
49 103 0.04122
49 104 0.11463
49 105 0.00672
49 106 0.00459
49 107 0.08875
49 108 -0.03691
49 109 -0.17206
49 110 0.03864
49 111 0.08079
49 112 0.0218
49 113 0.17829
49 114 -0.11407
49 115 0.00813
49 116 -0.09293
49 117 0.16783
49 118 -0.15552
49 119 -0.02119
49 120 -0.07421
49 121 -0.19305
49 122 0.10755
49 123 0.0184
49 124 0.05044
49 125 0.02307
49 126 0.08473
49 127 -0.20217
49 128 -0.0433
49 129 -0.04876
49 130 -0.03991
49 131 -0.10111
49 132 0.01417
49 133 0.08621
49 134 0.02941
49 135 0.06882
49 136 0.01883
49 137 -0.04107
49 138 0.10923
49 139 0.06671
49 140 -0.04991
49 141 0.09268
49 142 -0.06175
49 143 -0.06237
49 144 -0.0714
49 145 -0.04936
49 146 -0.0501
49 147 0.1534
49 148 -0.14592
49 149 -0.00478
50 51 -0.02809
50 52 -0.0147
50 53 -0.0152
50 54 0.04651
50 55 0.04573
50 56 -0.03043
50 57 -0.20793
50 58 -0.1296
50 59 0.08022
50 60 -0.02863
50 61 0.09584
50 62 -0.1569
50 63 0.07124
50 64 -0.1566
50 65 0.00983
50 66 -0.11173
50 67 -0.04447
50 68 0.00775
50 69 0.0027
50 70 0.04819
50 71 0.11742
50 72 0.04204
50 73 -0.09236
50 74 -0.11214
50 75 -0.07093
50 76 -0.02939
50 77 -0.04436
50 78 0.10741
50 79 -0.02138
50 80 0.09343
50 81 -0.06373
50 82 -0.05847
50 83 0.00037
50 84 0.03389
50 85 0.06632
50 86 -0.10434
50 87 0.04688
50 88 -0.00933
50 89 -0.1072
50 90 0.08104
50 91 -0.08974
50 92 0.03233
50 93 -0.11863
50 94 0.14451
50 95 0.07356
50 96 0.09126
50 97 -0.13116
50 98 -0.03647
50 99 0.02042
50 100 0.10224
50 101 0.13765
50 102 -0.00206
50 103 0.01934
50 104 -0.01536
50 105 0.01697
50 106 0.05395
50 107 -0.02642
50 108 0.02842
50 109 -0.11342
50 110 0.06991
50 111 -0.08031
50 112 -0.05962
50 113 0.02409
50 114 -0.01974
50 115 -0.0661
50 116 -0.06416
50 117 -0.01179
50 118 0.10677
50 119 0.01486
50 120 -0.14187
50 121 0.0067
50 122 -0.03971
50 123 -0.01801
50 124 -0.05019
50 125 0.15811
50 126 -0.092
50 127 -0.00826
50 128 0.02309
50 129 0.06097
50 130 0.07493
50 131 0.04214
50 132 0.03105
50 133 0.07496
50 134 0.01017
50 135 0.06298
50 136 0.04864
50 137 0.16815
50 138 0.05552
50 139 -0.04592
50 140 0.18936
50 141 0.07777
50 142 0.02074
50 143 0.02386
50 144 -0.02594
50 145 -0.12496
50 146 0.04091
50 147 0.09749
50 148 -0.14119
50 149 0.224
51 52 0.02182
51 53 -0.11015
51 54 0.17543
51 55 0.10397
51 56 -0.08557
51 57 -0.0045
51 58 0.0762
51 59 0.03508
51 60 0.01582
51 61 -0.01477
51 62 0.11019
51 63 0.05309
51 64 -0.02664
51 65 0.11456
51 66 -0.06009
51 67 -0.0875
51 68 0.04315
51 69 -0.0944
51 70 0.09335
51 71 -0.04906
51 72 -0.00445
51 73 -0.08775
51 74 -0.03897
51 75 0.04978
51 76 -0.05857
51 77 -0.00159
51 78 0.08007
51 79 0.0417
51 80 0.00062
51 81 0.1139
51 82 0.13509
51 83 0.15624
51 84 0.01118
51 85 0.147
51 86 0.02398
51 87 -0.00871
51 88 -0.06587
51 89 -0.07594
51 90 -0.01223
51 91 0.21952
51 92 0.09405
51 93 0.11735
51 94 -0.19885
51 95 0.04049
51 96 -0.12276
51 97 0.09715
51 98 -0.03908
51 99 -0.04062
51 100 0.08838
51 101 -0.03217
51 102 0.00646
51 103 0.1464
51 104 0.05767
51 105 -0.04807
51 106 0.02966
51 107 -0.17826
51 108 -0.00702
51 109 0.13637
51 110 -0.00981
51 111 0.27192
51 112 0.0051
51 113 -0.09905
51 114 -0.04934
51 115 0.0597
51 116 0.02845
51 117 -0.033
51 118 -0.07388
51 119 0.00033
51 120 0.08226
51 121 -0.02918
51 122 -0.00103
51 123 0.00044
51 124 0.03335
51 125 0.00634
51 126 0.09637
51 127 -0.07798
51 128 -0.08627
51 129 -0.01323
51 130 -0.05259
51 131 0.05103
51 132 0.05072
51 133 -0.04462
51 134 -0.01406
51 135 0.06752
51 136 -0.08777
51 137 0.03657
51 138 0.0413
51 139 -0.03523
51 140 -0.05053
51 141 0.00388
51 142 -0.08795
51 143 -0.03166
51 144 0.21939
51 145 0.1069
51 146 -0.06956
51 147 -0.04761
51 148 0.03064
51 149 0.09899
52 53 0.01933
52 54 0.0967
52 55 -0.10084
52 56 0.06521
52 57 0.13946
52 58 0.10164
52 59 0.02098
52 60 0.08146
52 61 0.05162
52 62 0.01431
52 63 0.01878
52 64 -0.02947
52 65 -0.01466
52 66 0.14986
52 67 -0.19641
52 68 -0.02216
52 69 -0.09765
52 70 -0.03106
52 71 -0.08396
52 72 -0.14647
52 73 -0.07722
52 74 -0.06107
52 75 -0.01163
52 76 -0.09411
52 77 0.015
52 78 -0.07439
52 79 -0.02857
52 80 -0.02836
52 81 -0.04308
52 82 -0.1037
52 83 -0.01853
52 84 0.02907
52 85 -0.09675
52 86 -0.03287
52 87 0.0659
52 88 -0.14231
52 89 0.064
52 90 -0.0107
52 91 0.00231
52 92 0.0629
52 93 -0.04611
52 94 0.09353
52 95 -0.08218
52 96 -0.05541
52 97 -0.09204
52 98 -0.08435
52 99 -0.01374
52 100 0.17478
52 101 -0.11755
52 102 0.09886
52 103 -0.11943
52 104 -0.08453
52 105 0.07939
52 106 0.08572
52 107 -0.14749
52 108 -0.02838
52 109 -0.15774
52 110 -0.02882
52 111 -0.01424
52 112 0.09963
52 113 -0.02842
52 114 0.0802
52 115 0.09427
52 116 -0.10621
52 117 0.02736
52 118 0.00401
52 119 0.05956
52 120 -0.01318
52 121 0.06989
52 122 0.00148
52 123 0.03483
52 124 0.00492
52 125 -0.03015
52 126 -0.10697
52 127 0.05479
52 128 -0.04523
52 129 0.07169
52 130 -0.04968
52 131 -0.03219
52 132 0.01283
52 133 -0.05346
52 134 -0.03519
52 135 -0.13804
52 136 0.12732
52 137 -0.11278
52 138 0.1369
52 139 0.05589
52 140 -0.02299
52 141 0.13023
52 142 -0.03417
52 143 0.06929
52 144 0.13605
52 145 -0.02323
52 146 0.05704
52 147 0.00937
52 148 0.02671
52 149 0.07914
53 54 -0.01422
53 55 -0.00472
53 56 -0.11108
53 57 0.02683
53 58 0.12028
53 59 -0.05463
53 60 0.01785
53 61 -0.06734
53 62 -0.00557
53 63 0.16476
53 64 0.03853
53 65 -0.02572
53 66 0.02604
53 67 -0.05024
53 68 -0.2181
53 69 0.03434
53 70 -0.06591
53 71 -0.01288
53 72 -0.00623
53 73 -0.0412
53 74 0.05835
53 75 0.00045
53 76 0.05626
53 77 -0.02668
53 78 -0.07541
53 79 0.03185
53 80 -0.16936
53 81 -0.0094
53 82 -0.18087
53 83 -0.13711
53 84 0.05385
53 85 -0.02877
53 86 -0.00625
53 87 -0.11159
53 88 -0.056
53 89 -0.03015
53 90 -0.00369
53 91 -0.10147
53 92 -0.0084
53 93 -0.1226
53 94 0.1706
53 95 -0.03713
53 96 -0.00659
53 97 -0.10675
53 98 0.18512
53 99 -0.0178
53 100 0.11517
53 101 -0.07467
53 102 -0.0816
53 103 -0.01889
53 104 0.00159
53 105 0.07904
53 106 -0.00826
53 107 -0.10309
53 108 -0.19149
53 109 -0.10651
53 110 -0.11372
53 111 -0.08401
53 112 0.04468
53 113 -0.06235
53 114 0.13091
53 115 0.02231
53 116 0.06126
53 117 -0.0363
53 118 0.09282
53 119 0.02191
53 120 0.00215
53 121 -0.02069
53 122 0.04264
53 123 -0.11378
53 124 -0.15052
53 125 -0.08828
53 126 0.20677
53 127 0.18229
53 128 -0.14377
53 129 -0.06094
53 130 0.0254
53 131 -0.00076
53 132 -0.00335
53 133 -0.03382
53 134 0.02347
53 135 -0.01188
53 136 0.05595
53 137 0.01144
53 138 -0.04046
53 139 -0.03779
53 140 -0.00199
53 141 -0.02009
53 142 -0.00568
53 143 -0.03785
53 144 0.10762
53 145 -0.05226
53 146 0.12265
53 147 0.07899
53 148 -0.07209
53 149 0.09447
54 55 -0.00274
54 56 0.01208
54 57 0.04024
54 58 0.0995
54 59 -0.09948
54 60 0.10199
54 61 0.03175
54 62 -0.07487
54 63 -0.10927
54 64 0.06497
54 65 -0.01615
54 66 -0.02929
54 67 -0.0939
54 68 0.14483
54 69 -0.20589
54 70 -0.04093
54 71 0.1046
54 72 0.09395
54 73 -0.26288
54 74 0.07373
54 75 0.06031
54 76 0.02366
54 77 0.04609
54 78 0.04222
54 79 -0.03228
54 80 0.06094
54 81 -0.00454
54 82 -0.06315
54 83 0.15016
54 84 -0.12262
54 85 0.00125
54 86 -0.01158
54 87 0.06229
54 88 0.03464
54 89 -0.0551
54 90 -0.12
54 91 -0.17078
54 92 -0.08703
54 93 0.13287
54 94 -0.01174
54 95 0.05543
54 96 0.02822
54 97 -0.13737
54 98 -0.01952
54 99 0.06423
54 100 0.08577
54 101 -0.03908
54 102 0.01212
54 103 -0.03118
54 104 0.09792
54 105 -0.08523
54 106 -0.03795
54 107 0.0751
54 108 -0.12978
54 109 0.03274
54 110 0.12819
54 111 -0.00736
54 112 0.08252
54 113 0.07915
54 114 0.06657
54 115 0.0923
54 116 0.01652
54 117 0.2182
54 118 0.11032
54 119 -0.01417
54 120 -0.00026
54 121 -0.03863
54 122 0.07808
54 123 0.01976
54 124 0.1728
54 125 0.12937
54 126 0.04531
54 127 -0.00062
54 128 0.00699
54 129 0.09457
54 130 -0.09008
54 131 -0.14981
54 132 -0.06932
54 133 0.05862
54 134 -0.02252
54 135 -0.09962
54 136 0.11965
54 137 -0.05439
54 138 0.07399
54 139 0.06555
54 140 0.07638
54 141 -0.18949
54 142 -0.05071
54 143 0.07141
54 144 0.00381
54 145 0.07559
54 146 0.05397
54 147 0.03794
54 148 -0.02434
54 149 -0.076
55 56 -0.10914
55 57 -0.03844
55 58 0.08446
55 59 0.09708
55 60 -0.00055
55 61 0.00796
55 62 -0.08172
55 63 0.02461
55 64 -0.03979
55 65 0.01711
55 66 0.08574
55 67 -0.10913
55 68 -0.12313
55 69 -0.048
55 70 -0.06119
55 71 0.08787
55 72 0.01338
55 73 0.03692
55 74 -0.02127
55 75 0.07643
55 76 -0.02643
55 77 0.11558
55 78 0.03497
55 79 -0.12555
55 80 0.06738
55 81 -0.03144
55 82 -0.12531
55 83 -0.04506
55 84 0.00285
55 85 -0.13626
55 86 0.05717
55 87 -0.02903
55 88 0.03025
55 89 -0.09556
55 90 -0.00514
55 91 0.08745
55 92 0.02188
55 93 -0.00563
55 94 0.01117
55 95 -0.06756
55 96 -0.07355
55 97 0.09041
55 98 -0.03135
55 99 -0.00426
55 100 0.02355
55 101 0.06764
55 102 -0.06259
55 103 0.01444
55 104 0.06392
55 105 -0.04784
55 106 -0.03492
55 107 -0.06312
55 108 0.01927
55 109 0.06267
55 110 -0.07234
55 111 -0.03203
55 112 -0.0371
55 113 -0.03336
55 114 -0.16725
55 115 -0.03699
55 116 -0.01885
55 117 0.0558
55 118 0.02236
55 119 -0.05375
55 120 0.06781
55 121 -0.00719
55 122 0.13849
55 123 -0.11625
55 124 -0.09086
55 125 0.06847
55 126 0.10686
55 127 0.01164
55 128 0.12747
55 129 0.11471
55 130 0.07265
55 131 0.08968
55 132 0.06297
55 133 -0.0057
55 134 -0.09595
55 135 -0.04696
55 136 0.05785
55 137 0.18283
55 138 0.03485
55 139 -0.00847
55 140 0.01066
55 141 0.14358
55 142 0.11838
55 143 0.16522
55 144 -0.01994
55 145 0.15768
55 146 0.06787
55 147 0.00544
55 148 0.01835
55 149 0.07581
56 57 -0.05589
56 58 0.13027
56 59 0.07139
56 60 -0.17758
56 61 -0.00162
56 62 -0.03722
56 63 0.0076
56 64 -0.02396
56 65 0.00545
56 66 0.10719
56 67 -0.15644
56 68 -0.05643
56 69 0.05495
56 70 0.01963
56 71 0.08502
56 72 0.13487
56 73 0.0172
56 74 -0.12131
56 75 0.01805
56 76 -0.05575
56 77 -0.05045
56 78 0.08152
56 79 0.14472
56 80 -0.02577
56 81 -0.0194
56 82 0.03608
56 83 0.03966
56 84 -0.04554
56 85 0.03161
56 86 -0.18105
56 87 0.00849
56 88 0.09063
56 89 -0.02273
56 90 0.01383
56 91 -0.05547
56 92 0.01918
56 93 -0.00528
56 94 0.03073
56 95 -0.10926
56 96 0.11845
56 97 -0.01935
56 98 -0.02121
56 99 0.04033
56 100 0.05334
56 101 -0.13077
56 102 0.0146
56 103 -0.16388
56 104 -0.06651
56 105 -0.01842
56 106 0.02792
56 107 -0.11323
56 108 0.08445
56 109 0.0689
56 110 -0.01608
56 111 0.01493
56 112 0.03946
56 113 -0.02954
56 114 0.08996
56 115 -0.02528
56 116 -0.0365
56 117 -0.01696
56 118 0.09731
56 119 -0.00426
56 120 -0.02167
56 121 -0.05032
56 122 -0.10741
56 123 -0.04342
56 124 -0.11512
56 125 0.00179
56 126 -0.01591
56 127 -0.1103
56 128 -0.00016
56 129 0.01567
56 130 0.09913
56 131 -0.12099
56 132 -0.04998
56 133 0.05254
56 134 -0.01723
56 135 0.01505
56 136 -0.10662
56 137 0.11959
56 138 0.07699
56 139 0.01342
56 140 0.08266
56 141 -0.02266
56 142 0.10357
56 143 0.1592
56 144 -0.06878
56 145 0.08381
56 146 -0.04019
56 147 -0.06086
56 148 -0.03297
56 149 -0.03817
57 58 -0.09221
57 59 -0.06048
57 60 0.07082
57 61 0.11456
57 62 0.12785
57 63 0.0118
57 64 0.08386
57 65 0.08583
57 66 0.04418
57 67 0.05238
57 68 0.09944
57 69 0.05178
57 70 0.08974
57 71 0.04232
57 72 0.11249
57 73 -0.00183
57 74 0.07548
57 75 -0.0368
57 76 -0.04204
57 77 -0.02582
57 78 -0.04724
57 79 0.07621
57 80 0.11195
57 81 0.1191
57 82 0.0628
57 83 -0.00345
57 84 0.03997
57 85 0.00989
57 86 0.00289
57 87 -0.008
57 88 0.00248
57 89 -0.01276
57 90 -0.10184
57 91 0.0565
57 92 -0.03941
57 93 -0.08748
57 94 -0.0092
57 95 -0.04073
57 96 0.12643
57 97 0.10341
57 98 0.10448
57 99 -0.03823
57 100 -0.12464
57 101 0.15519
57 102 0.02097
57 103 -0.17423
57 104 -0.01745
57 105 -0.13066
57 106 0.09254
57 107 0.02632
57 108 -0.04423
57 109 -0.09521
57 110 0.11285
57 111 -0.08319
57 112 -0.17037
57 113 0.05182
57 114 -0.01438
57 115 0.10892
57 116 0.05267
57 117 0.01875
57 118 -0.07368
57 119 -0.06034
57 120 0.01325
57 121 0.10806
57 122 0.03999
57 123 -0.19958
57 124 -0.04039
57 125 -0.01986
57 126 -0.14048
57 127 0.01145
57 128 -0.12621
57 129 -0.04176
57 130 -0.06702
57 131 0.10142
57 132 0.0765
57 133 0.11369
57 134 0.0428
57 135 -0.00436
57 136 0.0709
57 137 -0.07702
57 138 0.06011
57 139 -0.03971
57 140 0.05356
57 141 -0.04271
57 142 0.03414
57 143 -0.01127
57 144 -0.02475
57 145 -0.04103
57 146 0.15586
57 147 -0.04286
57 148 -0.01362
57 149 -0.0262
58 59 0.04452
58 60 0.00344
58 61 -0.02131
58 62 -0.06841
58 63 0.08076
58 64 -0.02147
58 65 0.07094
58 66 0.05334
58 67 -0.03933
58 68 0.02533
58 69 0.17461
58 70 -0.0329
58 71 -0.03096
58 72 -0.02557
58 73 -0.03175
58 74 0.00378
58 75 0.0074
58 76 -0.10626
58 77 0.03438
58 78 -0.045
58 79 -0.01161
58 80 -0.03241
58 81 -0.02817
58 82 -0.0337
58 83 -0.0498
58 84 0.01177
58 85 0.06363
58 86 -0.01567
58 87 -0.07428
58 88 0.08834
58 89 0.19847
58 90 0.12916
58 91 -0.15029
58 92 0.0477
58 93 -0.07707
58 94 -0.10997
58 95 -0.06898
58 96 -0.05032
58 97 0.03063
58 98 -0.0276
58 99 -0.08154
58 100 0.05548
58 101 -0.00894
58 102 -0.00556
58 103 -0.07406
58 104 -0.16936
58 105 0.08688
58 106 0.10281
58 107 -0.02957
58 108 -0.01416
58 109 -0.18085
58 110 -0.07596
58 111 0.11595
58 112 -0.11183
58 113 0.09937
58 114 0.05829
58 115 -0.06989
58 116 0.03474
58 117 -0.06295
58 118 -0.06963
58 119 0.09007
58 120 0.06737
58 121 0.05204
58 122 -0.15442
58 123 -0.12065
58 124 0.03952
58 125 0.09475
58 126 0.14193
58 127 0.14438
58 128 -0.05764
58 129 0.06303
58 130 -0.05262
58 131 0.08217
58 132 0.00404
58 133 0.04963
58 134 -0.01741
58 135 -0.03417
58 136 0.23654
58 137 -0.20124
58 138 -0.02278
58 139 -0.08024
58 140 0.02879
58 141 -0.08474
58 142 -0.05195
58 143 0.02231
58 144 -0.00695
58 145 0.14681
58 146 0.12726
58 147 -0.10538
58 148 -0.0288
58 149 0.09257
59 60 0.01257
59 61 -0.11422
59 62 0.20526
59 63 0.02898
59 64 0.1076
59 65 0.10215
59 66 -0.11269
59 67 0.01796
59 68 0.07704
59 69 0.02012
59 70 0.11139
59 71 -0.04781
59 72 0.1014
59 73 0.01871
59 74 -0.04404
59 75 0.00854
59 76 -0.11212
59 77 -0.01207
59 78 -0.01212
59 79 0.07601
59 80 0.02983
59 81 0.14311
59 82 -0.00426
59 83 0.02851
59 84 0.03191
59 85 -0.05455
59 86 0.05298
59 87 -0.08259
59 88 0.0787
59 89 -0.05525
59 90 -0.07809
59 91 0.08598
59 92 -0.11582
59 93 -0.11104
59 94 -0.09718
59 95 -0.0511
59 96 0.13206
59 97 -0.0122
59 98 -0.05232
59 99 0.08918
59 100 -0.0395
59 101 -0.03281
59 102 -0.04116
59 103 -0.1074
59 104 -0.03032
59 105 -0.04185
59 106 -0.06474
59 107 -0.03114
59 108 0.00842
59 109 0.01145
59 110 0.07256
59 111 0.1889
59 112 -0.05872
59 113 -0.06167
59 114 -0.16271
59 115 -0.18771
59 116 0.08612
59 117 0.07502
59 118 -0.17084
59 119 -0.02124
59 120 -0.00007
59 121 -0.02918
59 122 0.13475
59 123 -0.01289
59 124 0.05365
59 125 -0.01283
59 126 -0.02399
59 127 -0.09017
59 128 -0.09218
59 129 -0.13778
59 130 0.02837
59 131 -0.06482
59 132 -0.00565
59 133 0.00632
59 134 0.09462
59 135 0.00851
59 136 -0.01035
59 137 0.02206
59 138 0.03466
59 139 0.0049
59 140 0.02385
59 141 -0.21728
59 142 -0.09465
59 143 -0.04522
59 144 -0.19026
59 145 0.03898
59 146 -0.00289
59 147 -0.02532
59 148 0.00777
59 149 -0.06151
60 61 0.0359
60 62 -0.10557
60 63 0.0094
60 64 -0.11184
60 65 0.13535
60 66 -0.09592
60 67 -0.02239
60 68 0.00831
60 69 0.07045
60 70 0.0181
60 71 0.0808
60 72 -0.06999
60 73 0.12974
60 74 -0.00417
60 75 0.08073
60 76 -0.0115
60 77 -0.05822
60 78 0.00859
60 79 0.00053
60 80 0.0474
60 81 -0.04764
60 82 0.02184
60 83 -0.02965
60 84 0.00229
60 85 -0.01752
60 86 -0.05601
60 87 -0.02725
60 88 0.10296
60 89 0.08357
60 90 -0.08242
60 91 -0.00357
60 92 0.05996
60 93 0.0799
60 94 -0.01035
60 95 -0.14411
60 96 -0.11358
60 97 -0.01402
60 98 0.04666
60 99 0.06442
60 100 0.03849
60 101 -0.03494
60 102 -0.04803
60 103 0.11243
60 104 0.13112
60 105 -0.06032
60 106 0.019
60 107 0.01798
60 108 -0.02206
60 109 -0.0474
60 110 -0.02964
60 111 -0.02587
60 112 -0.11308
60 113 0.01843
60 114 0.08604
60 115 0.04525
60 116 0.13076
60 117 0.04597
60 118 -0.07153
60 119 0.09479
60 120 -0.04366
60 121 -0.01249
60 122 -0.15298
60 123 -0.10188
60 124 -0.10641
60 125 -0.12826
60 126 -0.09702
60 127 -0.07502
60 128 0.16043
60 129 -0.08363
60 130 -0.02717
60 131 -0.00656
60 132 -0.08078
60 133 -0.13325
60 134 -0.03568
60 135 -0.10469
60 136 -0.02881
60 137 0.0056
60 138 -0.01894
60 139 -0.04539
60 140 0.02095
60 141 -0.13773
60 142 0.00684
60 143 0.07331
60 144 0.08397
60 145 -0.06845
60 146 -0.03265
60 147 -0.05448
60 148 0.04791
60 149 0.23177
61 62 -0.05863
61 63 -0.02749
61 64 -0.06533
61 65 0.01629
61 66 -0.07258
61 67 -0.04667
61 68 0.06959
61 69 -0.0461
61 70 0.03655
61 71 -0.09004
61 72 -0.01129
61 73 0.0015
61 74 -0.00729
61 75 0.16989
61 76 -0.07953
61 77 -0.10412
61 78 -0.09075
61 79 0.09997
61 80 0.11296
61 81 0.07269
61 82 -0.12389
61 83 -0.01674
61 84 -0.11203
61 85 0.09127
61 86 0.06403
61 87 -0.00231
61 88 0.08185
61 89 -0.10702
61 90 -0.03105
61 91 0.12944
61 92 0.00451
61 93 -0.03378
61 94 -0.0437
61 95 -0.03198
61 96 0.07951
61 97 -0.0356
61 98 -0.08423
61 99 0.01321
61 100 0.14125
61 101 -0.06003
61 102 0.05771
61 103 0.09076
61 104 0.05961
61 105 -0.08662
61 106 -0.02256
61 107 -0.03659
61 108 -0.02133
61 109 0.1112
61 110 -0.02121
61 111 0.01754
61 112 -0.01697
61 113 0.04345
61 114 -0.02384
61 115 -0.12026
61 116 -0.00799
61 117 0.09514
61 118 0.0189
61 119 0.00617
61 120 0.03509
61 121 0.00585
61 122 -0.06206
61 123 -0.12045
61 124 0.04233
61 125 0.04438
61 126 0.0387
61 127 -0.07391
61 128 0.04251
61 129 0.15465
61 130 0.05394
61 131 0.05205
61 132 0.06353
61 133 0.02718
61 134 -0.11438
61 135 0.00499
61 136 -0.15766
61 137 -0.19726
61 138 -0.02921
61 139 -0.01249
61 140 0.00648
61 141 -0.12809
61 142 -0.02855
61 143 -0.09776
61 144 -0.00105
61 145 0.05366
61 146 -0.04399
61 147 0.13549
61 148 0.04322
61 149 -0.01326
62 63 -0.02143
62 64 -0.02392
62 65 0.00073
62 66 0.02432
62 67 -0.08343
62 68 -0.03612
62 69 0.09582
62 70 -0.01053
62 71 -0.04373
62 72 -0.16242
62 73 0.02868
62 74 0.03868
62 75 0.02396
62 76 -0.05808
62 77 0.04894
62 78 -0.07887
62 79 -0.1144
62 80 -0.03848
62 81 -0.0942
62 82 0.01784
62 83 0.00437
62 84 0.06112
62 85 0.05038
62 86 -0.03871
62 87 0.115
62 88 -0.02862
62 89 0.05682
62 90 0.00856
62 91 0.05977
62 92 0.0636
62 93 -0.07194
62 94 0.00186
62 95 0.08858
62 96 0.09896
62 97 -0.184
62 98 0.09516
62 99 0.11193
62 100 0.03715
62 101 0.07126
62 102 0.03016
62 103 0.0168
62 104 0.00539
62 105 -0.01965
62 106 0.06548
62 107 0.06176
62 108 0.15147
62 109 -0.06628
62 110 -0.08842
62 111 -0.01649
62 112 0.09139
62 113 0.05915
62 114 0.02362
62 115 0.04222
62 116 -0.14948
62 117 0.13794
62 118 -0.04275
62 119 0.00593
62 120 -0.15571
62 121 -0.06396
62 122 -0.04924
62 123 -0.08124
62 124 -0.04732
62 125 -0.02802
62 126 0.04952
62 127 0.09602
62 128 0.06166
62 129 -0.09662
62 130 -0.12148
62 131 0.1188
62 132 0.10442
62 133 -0.05602
62 134 0.02679
62 135 -0.1209
62 136 -0.09978
62 137 0.23125
62 138 0.00823
62 139 0.07001
62 140 0.11021
62 141 0.04145
62 142 -0.02299
62 143 0.10796
62 144 -0.16842
62 145 0.05379
62 146 0.1562
62 147 0.05572
62 148 0.06649
62 149 -0.16776
63 64 0.01139
63 65 -0.09429
63 66 -0.05617
63 67 -0.04461
63 68 0.096
63 69 0.06423
63 70 0.0301
63 71 -0.05948
63 72 0.00004
63 73 -0.1201
63 74 -0.07716
63 75 0.0749
63 76 0.02781
63 77 0.0251
63 78 0.02114
63 79 -0.12983
63 80 -0.00189
63 81 -0.07395
63 82 -0.02632
63 83 0.12736
63 84 0.06803
63 85 0.03168
63 86 0.03792
63 87 -0.13082
63 88 -0.09886
63 89 0.04684
63 90 0.03817
63 91 -0.17563
63 92 0.06232
63 93 -0.06346
63 94 -0.00457
63 95 -0.05507
63 96 0.02129
63 97 0.07439
63 98 0.04159
63 99 -0.03499
63 100 0.04267
63 101 -0.00706
63 102 0.15143
63 103 -0.13867
63 104 0.00876
63 105 -0.09348
63 106 0.05741
63 107 0.08801
63 108 -0.08766
63 109 -0.01218
63 110 -0.04265
63 111 -0.06218
63 112 0.06366
63 113 0.03259
63 114 -0.02855
63 115 -0.00373
63 116 0.08386
63 117 0.00454
63 118 -0.0234
63 119 0.01615
63 120 0.1042
63 121 -0.03165
63 122 -0.00263
63 123 -0.05975
63 124 0.05928
63 125 0.01674
63 126 0.08808
63 127 -0.00841
63 128 -0.18571
63 129 -0.13366
63 130 -0.09718
63 131 0.10751
63 132 0.05878
63 133 0.07554
63 134 0.1279
63 135 0.01148
63 136 0.03549
63 137 0.18403
63 138 -0.04726
63 139 -0.10726
63 140 -0.03154
63 141 0.02835
63 142 0.06877
63 143 0.01621
63 144 0.01102
63 145 0.01614
63 146 0.01747
63 147 0.05809
63 148 -0.05154
63 149 0.08751
64 65 -0.0437
64 66 -0.03356
64 67 -0.0659
64 68 -0.08213
64 69 -0.06527
64 70 -0.01247
64 71 -0.10251
64 72 0.01216
64 73 0.04984
64 74 -0.01527
64 75 0.01467
64 76 -0.11202
64 77 0.09304
64 78 -0.04138
64 79 -0.14515
64 80 0.01236
64 81 -0.15793
64 82 0.02277
64 83 0.06936
64 84 0.08026
64 85 0.04375
64 86 -0.12798
64 87 0.06185
64 88 -0.04136
64 89 0.01761
64 90 0.14305
64 91 0.14282
64 92 0.0868
64 93 -0.05284
64 94 0.05878
64 95 -0.12827
64 96 0.00733
64 97 0.00722
64 98 -0.10146
64 99 -0.0797
64 100 0.00878
64 101 0.11908
64 102 -0.06085
64 103 -0.05478
64 104 0.19926
64 105 0.03993
64 106 -0.0497
64 107 0.02963
64 108 0.02086
64 109 -0.04932
64 110 -0.00355
64 111 -0.10016
64 112 0.02574
64 113 -0.05597
64 114 0.02762
64 115 -0.05557
64 116 0.02164
64 117 0.10322
64 118 0.0073
64 119 0.10414
64 120 0.26249
64 121 -0.17825
64 122 0.04257
64 123 -0.08461
64 124 -0.09073
64 125 0.01446
64 126 0.11583
64 127 0.0881
64 128 0.02088
64 129 -0.14949
64 130 0.00337
64 131 -0.12587
64 132 0.16787
64 133 -0.08341
64 134 -0.16501
64 135 0.07746
64 136 0.03385
64 137 0.1314
64 138 0.07901
64 139 -0.09484
64 140 0.0164
64 141 0.0736
64 142 -0.06505
64 143 0.08597
64 144 -0.10457
64 145 -0.0872
64 146 -0.06697
64 147 0.08788
64 148 0.00619
64 149 0.06441
65 66 0.05804
65 67 -0.0482
65 68 0.01386
65 69 -0.07584
65 70 0.02526
65 71 0.051
65 72 -0.09977
65 73 -0.0087
65 74 -0.139
65 75 -0.03242
65 76 0.05046
65 77 0.01687
65 78 0.08675
65 79 -0.04151
65 80 0.11465
65 81 -0.07375
65 82 -0.072
65 83 -0.08876
65 84 -0.08717
65 85 -0.00355
65 86 -0.15507
65 87 0.02774
65 88 0.00942
65 89 -0.06827
65 90 -0.00063
65 91 0.113
65 92 -0.01921
65 93 0.0102
65 94 -0.06041
65 95 -0.08403
65 96 -0.0254
65 97 0.07925
65 98 -0.04616
65 99 -0.17597
65 100 0.01692
65 101 0.04366
65 102 0.0775
65 103 -0.04167
65 104 -0.11534
65 105 0.03668
65 106 -0.04259
65 107 0.06598
65 108 -0.16017
65 109 -0.03646
65 110 0.04334
65 111 -0.1177
65 112 -0.17619
65 113 0.02076
65 114 -0.09426
65 115 0.07489
65 116 0.09888
65 117 0.05238
65 118 0.0841
65 119 0.09539
65 120 -0.02021
65 121 0.04907
65 122 -0.12234
65 123 -0.0683
65 124 0.09972
65 125 -0.14101
65 126 -0.07579
65 127 0.01362
65 128 0.02973
65 129 -0.12213
65 130 0.01083
65 131 0.11091
65 132 -0.00209
65 133 -0.10971
65 134 0.00843
65 135 -0.0988
65 136 0.07316
65 137 -0.01879
65 138 0.12848
65 139 -0.07563
65 140 0.08971
65 141 -0.07515
65 142 -0.02427
65 143 0.00586
65 144 -0.02275
65 145 -0.04562
65 146 -0.08483
65 147 0.07158
65 148 -0.09325
65 149 0.08707
66 67 0.0112
66 68 -0.0477
66 69 0.0921
66 70 -0.03686
66 71 0.21945
66 72 -0.0578
66 73 0.04371
66 74 0.03259
66 75 0.0975
66 76 -0.04367
66 77 -0.05765
66 78 -0.01979
66 79 0.11163
66 80 0.05391
66 81 0.08465
66 82 -0.15509
66 83 -0.10667
66 84 -0.17435
66 85 -0.06733
66 86 0.11222
66 87 -0.04662
66 88 -0.01836
66 89 -0.01112
66 90 -0.02623
66 91 0.09223
66 92 0.08042
66 93 0.09287
66 94 -0.11039
66 95 0.00355
66 96 -0.13556
66 97 0.12384
66 98 0.04585
66 99 0.0953
66 100 0.01926
66 101 0.01059
66 102 0.01059
66 103 0.06155
66 104 -0.15692
66 105 -0.03493
66 106 -0.12932
66 107 -0.12958
66 108 0.08197
66 109 0.02231
66 110 -0.04225
66 111 -0.17842
66 112 0.02682
66 113 -0.04214
66 114 -0.04331
66 115 -0.01765
66 116 -0.17471
66 117 -0.04043
66 118 -0.13239
66 119 -0.11139
66 120 -0.06018
66 121 -0.04531
66 122 0.08831
66 123 0.07744
66 124 0.08182
66 125 0.02777
66 126 -0.05557
66 127 -0.03883
66 128 0.13897
66 129 0.04726
66 130 0.06978
66 131 -0.05818
66 132 0.18672
66 133 -0.11283
66 134 0.01831
66 135 0.04308
66 136 0.00674
66 137 0.05604
66 138 -0.0135
66 139 -0.01975
66 140 0.01714
66 141 -0.04153
66 142 -0.09338
66 143 -0.02301
66 144 -0.04114
66 145 -0.09132
66 146 -0.17498
66 147 0.03459
66 148 0.09403
66 149 -0.06429
67 68 0.04546
67 69 0.06465
67 70 0.00517
67 71 -0.0692
67 72 -0.13272
67 73 -0.00471
67 74 0.06839
67 75 0.091
67 76 -0.03405
67 77 -0.00342
67 78 -0.10896
67 79 -0.03359
67 80 -0.16132
67 81 -0.0243
67 82 0.07206
67 83 0.02441
67 84 -0.07127
67 85 0.06749
67 86 -0.02554
67 87 -0.14819
67 88 0.07609
67 89 0.03609
67 90 -0.06067
67 91 0.03003
67 92 0.02039
67 93 0.00898
67 94 -0.00911
67 95 0.03577
67 96 0.01602
67 97 0.04089
67 98 0.16124
67 99 0.05501
67 100 -0.05006
67 101 -0.07669
67 102 -0.01489
67 103 0.14186
67 104 -0.07474
67 105 -0.11855
67 106 0.01739
67 107 -0.11865
67 108 -0.00885
67 109 0.07099
67 110 0.04571
67 111 0.0965
67 112 -0.09642
67 113 -0.01268
67 114 0.00093
67 115 -0.21267
67 116 -0.14976
67 117 0.04579
67 118 0.0788
67 119 0.05184
67 120 0.09952
67 121 -0.0283
67 122 -0.18724
67 123 0.04062
67 124 -0.23822
67 125 0.08549
67 126 0.03525
67 127 -0.07759
67 128 -0.00382
67 129 0.09614
67 130 0.03145
67 131 -0.11143
67 132 -0.14674
67 133 0.08593
67 134 0.0328
67 135 -0.02109
67 136 -0.00518
67 137 -0.1058
67 138 0.10567
67 139 -0.01863
67 140 -0.04632
67 141 -0.04529
67 142 -0.07527
67 143 -0.01717
67 144 -0.19341
67 145 0.0338
67 146 -0.0691
67 147 -0.00738
67 148 0.06621
67 149 0.00916
68 69 -0.21849
68 70 -0.00521
68 71 0.01886
68 72 -0.01965
68 73 -0.14897
68 74 0.14346
68 75 0.03835
68 76 0.12321
68 77 0.0544
68 78 -0.1048
68 79 -0.05239
68 80 -0.02665
68 81 0.06294
68 82 0.03904
68 83 -0.09052
68 84 -0.12732
68 85 0.06251
68 86 -0.00323
68 87 -0.05488
68 88 -0.05796
68 89 -0.21219
68 90 0.06371
68 91 -0.00624
68 92 0.07476
68 93 0.07929
68 94 -0.02475
68 95 0.00091
68 96 -0.07268
68 97 0.01674
68 98 -0.1286
68 99 -0.05684
68 100 0.04934
68 101 0.03535
68 102 0.01009
68 103 -0.00533
68 104 0.03713
68 105 0.00984
68 106 0.08101
68 107 0.04107
68 108 -0.00946
68 109 -0.01478
68 110 0.00808
68 111 -0.00765
68 112 0.00365
68 113 0.1751
68 114 -0.10785
68 115 -0.02789
68 116 -0.06129
68 117 0.09238
68 118 -0.03913
68 119 -0.12255
68 120 0.03655
68 121 0.2459
68 122 -0.13476
68 123 -0.0707
68 124 0.02508
68 125 0.04359
68 126 -0.02583
68 127 0.09715
68 128 -0.13614
68 129 0.134
68 130 -0.14525
68 131 -0.01057
68 132 -0.10872
68 133 0.00424
68 134 0.11159
68 135 0.11892
68 136 0.01564
68 137 0.03611
68 138 0.12628
68 139 -0.03841
68 140 -0.09491
68 141 -0.0261
68 142 0.06507
68 143 -0.09565
68 144 -0.01107
68 145 0.06946
68 146 -0.09331
68 147 0.10453
68 148 -0.01269
68 149 -0.10332
69 70 -0.02633
69 71 -0.08855
69 72 -0.08631
69 73 -0.13868
69 74 -0.19366
69 75 0.05184
69 76 -0.00913
69 77 0.03751
69 78 -0.10832
69 79 0.05728
69 80 -0.07426
69 81 0.08841
69 82 -0.0956
69 83 0.02591
69 84 0.09307
69 85 0.05844
69 86 -0.13492
69 87 0.00601
69 88 0.05677
69 89 -0.00559
69 90 -0.03946
69 91 -0.0565
69 92 0.07737
69 93 -0.04601
69 94 0.08014
69 95 0.02241
69 96 0.1216
69 97 -0.00417
69 98 -0.061
69 99 0.07614
69 100 -0.11032
69 101 0.00447
69 102 -0.01762
69 103 -0.02847
69 104 -0.09278
69 105 -0.05126
69 106 0.02344
69 107 -0.05066
69 108 0.05915
69 109 0.05615
69 110 0.0379
69 111 -0.02269
69 112 -0.03915
69 113 0.07575
69 114 0.08451
69 115 -0.15284
69 116 0.14083
69 117 -0.00359
69 118 0.11709
69 119 0.10221
69 120 0.0794
69 121 -0.00837
69 122 0.06897
69 123 -0.06174
69 124 0.05393
69 125 -0.03621
69 126 -0.03239
69 127 -0.0431
69 128 -0.12998
69 129 -0.01257
69 130 -0.13543
69 131 0.14709
69 132 0.00738
69 133 -0.12106
69 134 0.04143
69 135 0.05141
69 136 -0.09056
69 137 -0.00485
69 138 -0.00695
69 139 -0.03872
69 140 -0.00504
69 141 0.01495
69 142 -0.02975
69 143 0.1119
69 144 0.04825
69 145 0.06436
69 146 -0.05279
69 147 -0.08093
69 148 -0.09393
69 149 -0.04932
70 71 -0.06564
70 72 -0.02193
70 73 -0.03657
70 74 -0.01304
70 75 -0.01249
70 76 0.0251
70 77 -0.03689
70 78 0.03873
70 79 -0.03245
70 80 0.03603
70 81 -0.03336
70 82 0.07598
70 83 0.07011
70 84 0.00312
70 85 0.07548
70 86 0.02534
70 87 0.02356
70 88 0.04735
70 89 0.13093
70 90 -0.05742
70 91 -0.00381
70 92 -0.06256
70 93 -0.07631
70 94 -0.16503
70 95 -0.05317
70 96 0.12653
70 97 -0.04953
70 98 -0.0367
70 99 0.03449
70 100 -0.01857
70 101 -0.04317
70 102 -0.088
70 103 0.00531
70 104 0.15292
70 105 -0.13615
70 106 -0.0712
70 107 -0.05155
70 108 0.05073
70 109 0.0135
70 110 0.03014
70 111 0.03554
70 112 0.09218
70 113 -0.11617
70 114 0.10381
70 115 -0.04401
70 116 0.03253
70 117 -0.08829
70 118 0.13878
70 119 -0.12591
70 120 -0.05609
70 121 -0.04986
70 122 0.133
70 123 -0.14292
70 124 0.12267
70 125 0.04117
70 126 0.07699
70 127 -0.07712
70 128 0.19314
70 129 0.0196
70 130 -0.01265
70 131 -0.04012
70 132 0.09896
70 133 -0.12773
70 134 -0.03503
70 135 -0.01587
70 136 -0.00479
70 137 -0.06385
70 138 -0.07499
70 139 0.05527
70 140 -0.02718
70 141 0.07112
70 142 0.11023
70 143 -0.23277
70 144 -0.03827
70 145 -0.05111
70 146 0.04836
70 147 0.16705
70 148 -0.04277
70 149 0.05263
71 72 -0.07753
71 73 -0.10683
71 74 0.06618
71 75 0.01543
71 76 -0.0329
71 77 -0.17614
71 78 -0.15309
71 79 -0.07144
71 80 -0.0148
71 81 0.10196
71 82 0.13543
71 83 0.043
71 84 -0.08074
71 85 0.11674
71 86 -0.09417
71 87 -0.04009
71 88 0.11459
71 89 -0.04233
71 90 -0.01592
71 91 -0.14019
71 92 -0.0548
71 93 0.01874
71 94 -0.00255
71 95 -0.04718
71 96 0.02861
71 97 0.13472
71 98 -0.11118
71 99 -0.0052
71 100 -0.12536
71 101 0.08697
71 102 -0.05636
71 103 -0.12937
71 104 0.0743
71 105 0.08924
71 106 0.1008
71 107 0.0274
71 108 -0.05212
71 109 0.008
71 110 0.01343
71 111 0.10033
71 112 0.03215
71 113 0.09261
71 114 0.1309
71 115 -0.06644
71 116 -0.08019
71 117 0.0059
71 118 -0.12166
71 119 0.12586
71 120 -0.02297
71 121 0.02826
71 122 0.02512
71 123 0.0972
71 124 -0.05431
71 125 -0.14906
71 126 0.04177
71 127 0.05644
71 128 0.05427
71 129 -0.08913
71 130 0.01743
71 131 0.11121
71 132 -0.04078
71 133 0.082
71 134 -0.11429
71 135 -0.02564
71 136 0.14085
71 137 0.02955
71 138 -0.15496
71 139 0.06092
71 140 -0.05439
71 141 0.22861
71 142 -0.04475
71 143 0.01205
71 144 -0.08756
71 145 -0.0852
71 146 0.04423
71 147 -0.08791
71 148 0.05888
71 149 0.04566
72 73 -0.0991
72 74 0.06817
72 75 0.09989
72 76 0.08912
72 77 -0.01072
72 78 0.18781
72 79 -0.01108
72 80 0.09515
72 81 -0.10755
72 82 -0.09105
72 83 0.0766
72 84 -0.07029
72 85 0.11029
72 86 -0.08824
72 87 -0.06214
72 88 0.02886
72 89 -0.07879
72 90 0.03895
72 91 0.08399
72 92 0.02712
72 93 -0.01284
72 94 -0.13107
72 95 0.07247
72 96 -0.01372
72 97 -0.01325
72 98 0.11782
72 99 -0.09418
72 100 0.02798
72 101 -0.08198
72 102 0.06143
72 103 0.20501
72 104 -0.01763
72 105 0.10765
72 106 0.02404
72 107 0.09209
72 108 -0.05364
72 109 0.02707
72 110 -0.04522
72 111 -0.00376
72 112 -0.08762
72 113 -0.07108
72 114 -0.04669
72 115 0.0506
72 116 0.12711
72 117 -0.04858
72 118 0.12393
72 119 0.03243
72 120 0.0654
72 121 -0.03056
72 122 0.13466
72 123 -0.01955
72 124 0.09027
72 125 -0.03457
72 126 0.02854
72 127 -0.02118
72 128 -0.08271
72 129 -0.08249
72 130 0.02607
72 131 -0.00344
72 132 0.05212
72 133 -0.00203
72 134 0.03301
72 135 0.00094
72 136 -0.06937
72 137 -0.02209
72 138 -0.06562
72 139 -0.01304
72 140 0.00216
72 141 -0.14083
72 142 -0.00479
72 143 -0.0399
72 144 -0.0563
72 145 0.08783
72 146 -0.09803
72 147 -0.03552
72 148 -0.06296
72 149 -0.01323
73 74 0.05204
73 75 0.0479
73 76 -0.15179
73 77 0.04204
73 78 0.06763
73 79 -0.18592
73 80 0.04434
73 81 -0.00573
73 82 -0.07278
73 83 0.03619
73 84 -0.12266
73 85 0.04916
73 86 0.00497
73 87 -0.09995
73 88 -0.03218
73 89 0.07473
73 90 -0.01267
73 91 0.01733
73 92 -0.23922
73 93 -0.01701
73 94 0.03901
73 95 -0.15618
73 96 0.12781
73 97 -0.06843
73 98 -0.06823
73 99 0.00934
73 100 -0.06759
73 101 0.08564
73 102 0.03494
73 103 -0.11319
73 104 -0.00828
73 105 -0.05577
73 106 0.09491
73 107 0.08392
73 108 0.00502
73 109 -0.06441
73 110 0.10265
73 111 -0.02454
73 112 -0.03264
73 113 -0.07459
73 114 -0.06507
73 115 0.06283
73 116 0.07928
73 117 -0.14106
73 118 -0.10483
73 119 0.07308
73 120 -0.18359
73 121 0.0702
73 122 -0.14439
73 123 -0.18781
73 124 0.13618
73 125 -0.09014
73 126 -0.05089
73 127 -0.01725
73 128 0.06475
73 129 0.14435
73 130 -0.11841
73 131 0.00733
73 132 0.15834
73 133 -0.01193
73 134 0.0135
73 135 -0.05457
73 136 0.09263
73 137 -0.05679
73 138 -0.08727
73 139 -0.0102
73 140 -0.06219
73 141 0.02756
73 142 0.01665
73 143 0.01286
73 144 -0.1232
73 145 -0.08412
73 146 -0.02454
73 147 -0.03361
73 148 0.0491
73 149 -0.02993
74 75 0.05705
74 76 -0.044
74 77 0.06466
74 78 0.03958
74 79 -0.11402
74 80 -0.03511
74 81 0.05072
74 82 0.05219
74 83 0.152
74 84 -0.15938
74 85 0.07179
74 86 0.12232
74 87 -0.01121
74 88 -0.02643
74 89 -0.02772
74 90 -0.13251
74 91 -0.04962
74 92 0.06207
74 93 0.15014
74 94 0.13319
74 95 -0.01162
74 96 0.0613
74 97 -0.04321
74 98 0.07376
74 99 0.13163
74 100 0.01358
74 101 -0.02814
74 102 -0.08629
74 103 0.13936
74 104 -0.05728
74 105 0.0834
74 106 0.00459
74 107 -0.10691
74 108 -0.14475
74 109 -0.14058
74 110 0.02964
74 111 0.05264
74 112 0.14071
74 113 0.07264
74 114 -0.1034
74 115 -0.11129
74 116 -0.0542
74 117 0.05791
74 118 -0.00843
74 119 -0.05168
74 120 -0.01034
74 121 -0.05292
74 122 0.04894
74 123 0.07664
74 124 -0.14783
74 125 -0.22507
74 126 0.00048
74 127 0.03278
74 128 -0.00897
74 129 0.18861
74 130 0.21319
74 131 0.01784
74 132 0.06937
74 133 -0.04409
74 134 0.0603
74 135 0.02201
74 136 0.06254
74 137 -0.05428
74 138 0.06338
74 139 0.08264
74 140 0.08314
74 141 0.06693
74 142 -0.06076
74 143 0.07138
74 144 0.0227
74 145 0.09717
74 146 0.04435
74 147 0.01063
74 148 -0.09021
74 149 0.0107
75 76 0.01376
75 77 -0.00674
75 78 0.01916
75 79 0.07367
75 80 0.03002
75 81 -0.18975
75 82 -0.07515
75 83 0.04974
75 84 0.11807
75 85 0.06614
75 86 0.07187
75 87 0.0622
75 88 0.09694
75 89 0.02147
75 90 -0.02634
75 91 0.12846
75 92 0.02427
75 93 -0.04782
75 94 0.17259
75 95 -0.03944
75 96 0.06125
75 97 -0.11754
75 98 0.04155
75 99 -0.10721
75 100 -0.01447
75 101 -0.02878
75 102 -0.05558
75 103 -0.06293
75 104 -0.02859
75 105 -0.07067
75 106 -0.06566
75 107 0.02411
75 108 0.06502
75 109 -0.14906
75 110 -0.02791
75 111 -0.07281
75 112 -0.11775
75 113 -0.10886
75 114 -0.00455
75 115 0.0009
75 116 -0.17911
75 117 0.10438
75 118 -0.23685
75 119 -0.01461
75 120 0.05032
75 121 -0.01856
75 122 0.08018
75 123 -0.11187
75 124 -0.04388
75 125 0.01442
75 126 -0.18335
75 127 -0.10517
75 128 -0.04338
75 129 0.22369
75 130 0.0094
75 131 -0.13743
75 132 0.00429
75 133 -0.03548
75 134 0.1241
75 135 0.05731
75 136 0.17029
75 137 0.08706
75 138 0.03792
75 139 0.06527
75 140 -0.01846
75 141 0.07118
75 142 -0.1012
75 143 0.05406
75 144 -0.1096
75 145 0.0687
75 146 0.08059
75 147 -0.02401
75 148 0.04787
75 149 -0.02386
76 77 0.09107
76 78 -0.06729
76 79 -0.01472
76 80 0.13256
76 81 0.08094
76 82 0.0112
76 83 0.12614
76 84 -0.00867
76 85 0.02038
76 86 -0.03222
76 87 -0.0651
76 88 -0.03033
76 89 -0.09637
76 90 0.13489
76 91 0.02918
76 92 -0.08968
76 93 0.06245
76 94 -0.00781
76 95 0.07087
76 96 -0.09901
76 97 0.01023
76 98 0.18105
76 99 0.00089
76 100 -0.05999
76 101 0.05526
76 102 -0.0686
76 103 0.0529
76 104 0.0809
76 105 -0.1796
76 106 0.11287
76 107 -0.02459
76 108 0.01446
76 109 0.05242
76 110 0.03002
76 111 -0.02284
76 112 0.02972
76 113 -0.10783
76 114 -0.07132
76 115 -0.01631
76 116 0.03767
76 117 0.01587
76 118 -0.02712
76 119 -0.0231
76 120 0.07096
76 121 -0.02681
76 122 0.07044
76 123 0.00857
76 124 -0.14338
76 125 0.25047
76 126 0.10613
76 127 -0.01998
76 128 0.10893
76 129 0.16612
76 130 -0.00704
76 131 -0.01673
76 132 0.0039
76 133 0.12237
76 134 0.00058
76 135 0.02629
76 136 0.07551
76 137 -0.08301
76 138 0.08657
76 139 -0.07546
76 140 -0.01606
76 141 0.04629
76 142 0.07929
76 143 -0.04483
76 144 -0.07826
76 145 0.00373
76 146 0.00961
76 147 -0.04208
76 148 -0.0973
76 149 0.12468
77 78 -0.01812
77 79 0.01237
77 80 0.06397
77 81 0.06224
77 82 -0.03733
77 83 0.04483
77 84 -0.08404
77 85 -0.06123
77 86 0.0724
77 87 -0.03921
77 88 -0.06635
77 89 0.10206
77 90 0.04242
77 91 -0.01696
77 92 0.10023
77 93 0.05331
77 94 0.09566
77 95 0.08031
77 96 -0.06238
77 97 -0.01124
77 98 -0.02454
77 99 0.1191
77 100 -0.05565
77 101 -0.066
77 102 -0.13552
77 103 -0.08512
77 104 -0.07124
77 105 0.03271
77 106 0.07669
77 107 0.01728
77 108 0.00319
77 109 0.09572
77 110 0.03081
77 111 0.12763
77 112 -0.02184
77 113 -0.0932
77 114 0.04746
77 115 -0.06649
77 116 -0.0045
77 117 -0.00426
77 118 -0.08309
77 119 0.12128
77 120 -0.03516
77 121 0.01718
77 122 -0.03993
77 123 0.04266
77 124 -0.08928
77 125 0.22948
77 126 -0.00312
77 127 0.12885
77 128 -0.0194
77 129 0.01653
77 130 0.03879
77 131 0.04801
77 132 -0.01557
77 133 -0.0255
77 134 -0.00102
77 135 -0.04629
77 136 0.06745
77 137 0.10869
77 138 0.00181
77 139 -0.06976
77 140 0.17114
77 141 0.02322
77 142 0.11867
77 143 0.01189
77 144 0.0062
77 145 -0.12451
77 146 -0.3372
77 147 -0.03193
77 148 -0.09429
77 149 0.04411
78 79 0.1493
78 80 -0.01843
78 81 0.01675
78 82 0.09053
78 83 0.03713
78 84 0.14006
78 85 0.05768
78 86 -0.07689
78 87 -0.14047
78 88 0.08237
78 89 -0.17426
78 90 -0.00708
78 91 0.00946
78 92 0.02774
78 93 0.05494
78 94 -0.01554
78 95 0.12786
78 96 -0.00663
78 97 -0.13527
78 98 0.20545
78 99 -0.04395
78 100 0.05018
78 101 0.20403
78 102 0.15062
78 103 0.0154
78 104 0.02738
78 105 -0.09049
78 106 -0.06743
78 107 -0.07197
78 108 -0.0825
78 109 0.1481
78 110 -0.07098
78 111 -0.07256
78 112 -0.05653
78 113 -0.01478
78 114 -0.08851
78 115 0.0439
78 116 0.01493
78 117 -0.0286
78 118 -0.19281
78 119 0.04712
78 120 -0.09788
78 121 0.0796
78 122 -0.03133
78 123 0.05215
78 124 0.00559
78 125 -0.04167
78 126 -0.15517
78 127 -0.0691
78 128 0.11483
78 129 -0.01298
78 130 -0.05759
78 131 -0.11455
78 132 -0.06409
78 133 0.08467
78 134 -0.1201
78 135 0.11832
78 136 -0.08855
78 137 -0.03086
78 138 -0.06988
78 139 -0.23068
78 140 0.0318
78 141 0.02207
78 142 -0.0906
78 143 -0.21887
78 144 0.14245
78 145 -0.01237
78 146 0.10787
78 147 0.00594
78 148 0.07206
78 149 -0.11791
79 80 -0.02586
79 81 -0.00695
79 82 -0.01116
79 83 0.01945
79 84 -0.13425
79 85 0.10047
79 86 -0.07842
79 87 -0.01116
79 88 0.23311
79 89 -0.01666
79 90 0.0999
79 91 0.04003
79 92 -0.10744
79 93 0.04995
79 94 -0.07522
79 95 -0.0553
79 96 -0.0331
79 97 0.01203
79 98 -0.03953
79 99 0.04254
79 100 -0.022
79 101 -0.00398
79 102 0.07169
79 103 -0.03364
79 104 0.10204
79 105 -0.01329
79 106 -0.04109
79 107 0.07927
79 108 0.00885
79 109 0.0521
79 110 -0.00043
79 111 0.01232
79 112 0.04184
79 113 0.07792
79 114 -0.00023
79 115 0.00582
79 116 0.05511
79 117 -0.02077
79 118 -0.12946
79 119 0.00399
79 120 -0.07065
79 121 0.10835
79 122 0.01081
79 123 -0.05155
79 124 0.0645
79 125 0.0781
79 126 -0.13402
79 127 0.08547
79 128 -0.02475
79 129 -0.01013
79 130 0.06855
79 131 0.02971
79 132 0.01034
79 133 0.0602
79 134 0.03475
79 135 -0.01083
79 136 -0.09498
79 137 -0.09391
79 138 -0.09171
79 139 0.02905
79 140 0.12048
79 141 -0.10275
79 142 0.1342
79 143 -0.0763
79 144 -0.06696
79 145 0.00941
79 146 0.12759
79 147 -0.00361
79 148 0.09489
79 149 0.06636
80 81 -0.01016
80 82 0.02578
80 83 0.01515
80 84 0.03027
80 85 -0.01692
80 86 0.09403
80 87 0.07862
80 88 0.00004
80 89 0.04204
80 90 0.02489
80 91 0.06032
80 92 -0.06821
80 93 0.09387
80 94 -0.03041
80 95 -0.01492
80 96 0.09848
80 97 -0.03143
80 98 0.03218
80 99 -0.02596
80 100 0.06593
80 101 0.05995
80 102 0.11725
80 103 -0.03943
80 104 -0.16381
80 105 -0.03995
80 106 0.0766
80 107 -0.07525
80 108 0.17872
80 109 0.13657
80 110 -0.03923
80 111 0.0585
80 112 0.18214
80 113 -0.04842
80 114 -0.06542
80 115 0.15804
80 116 -0.08178
80 117 0.07872
80 118 0.07952
80 119 -0.00701
80 120 -0.09594
80 121 -0.07125
80 122 -0.06738
80 123 -0.16694
80 124 0.00967
80 125 0.03477
80 126 0.13236
80 127 0.0005
80 128 0.01325
80 129 -0.02677
80 130 -0.02791
80 131 -0.02862
80 132 -0.05456
80 133 0.05769
80 134 0.1931
80 135 0.06995
80 136 0.12011
80 137 0.00839
80 138 -0.02042
80 139 -0.02774
80 140 -0.01078
80 141 0.06976
80 142 -0.02562
80 143 0.05981
80 144 -0.01136
80 145 -0.04257
80 146 0.04746
80 147 -0.03329
80 148 0.01146
80 149 -0.01989
81 82 0.0927
81 83 -0.04081
81 84 0.11496
81 85 0.00849
81 86 0.00072
81 87 0.17068
81 88 0.0874
81 89 -0.02818
81 90 -0.01947
81 91 -0.14019
81 92 -0.08643
81 93 -0.01394
81 94 -0.02855
81 95 0.03375
81 96 0.04513
81 97 0.00234
81 98 0.05173
81 99 -0.03791
81 100 0.01409
81 101 0.1509
81 102 -0.21694
81 103 0.00926
81 104 0.01625
81 105 0.01807
81 106 -0.17436
81 107 0.0906
81 108 0.01687
81 109 -0.26821
81 110 -0.04114
81 111 -0.18236
81 112 0.07402
81 113 -0.09775
81 114 -0.04639
81 115 0.10127
81 116 -0.04597
81 117 0.01637
81 118 -0.12195
81 119 0.03383
81 120 -0.05367
81 121 -0.07376
81 122 0.11293
81 123 0.18053
81 124 -0.03379
81 125 0.02835
81 126 -0.00926
81 127 0.03946
81 128 -0.0453
81 129 -0.00244
81 130 -0.09134
81 131 0.0494
81 132 0.06359
81 133 0.02983
81 134 0.06602
81 135 0.0084
81 136 0.03705
81 137 -0.06487
81 138 -0.13979
81 139 -0.02161
81 140 0.02391
81 141 -0.05384
81 142 0.00516
81 143 0.02956
81 144 -0.13229
81 145 0.18588
81 146 0.0432
81 147 -0.02782
81 148 0.10789
81 149 0.02152
82 83 -0.06867
82 84 -0.05277
82 85 -0.02458
82 86 -0.06041
82 87 0.10333
82 88 -0.01161
82 89 -0.02855
82 90 -0.13838
82 91 0.09443
82 92 -0.06052
82 93 0.18444
82 94 0.04501
82 95 -0.01114
82 96 0.00205
82 97 -0.07837
82 98 0.00827
82 99 -0.02852
82 100 -0.08423
82 101 -0.05215
82 102 -0.09349
82 103 -0.00981
82 104 -0.00323
82 105 -0.08798
82 106 0.10905
82 107 0.0493
82 108 0.063
82 109 0.02171
82 110 -0.08701
82 111 -0.15263
82 112 0.05958
82 113 0.00783
82 114 -0.00842
82 115 -0.02869
82 116 -0.08809
82 117 0.04819
82 118 -0.03241
82 119 -0.07079
82 120 0.04158
82 121 -0.04521
82 122 -0.08049
82 123 -0.05665
82 124 0.06943
82 125 -0.06804
82 126 0.05516
82 127 -0.05488
82 128 -0.12936
82 129 0.02291
82 130 -0.04147
82 131 -0.0316
82 132 -0.05954
82 133 -0.01346
82 134 0.04057
82 135 -0.18358
82 136 -0.13005
82 137 0.00647
82 138 -0.09103
82 139 0.1212
82 140 -0.16064
82 141 -0.01929
82 142 -0.04491
82 143 -0.03817
82 144 -0.14946
82 145 -0.0192
82 146 -0.12126
82 147 0.05717
82 148 0.06572
82 149 -0.0016
83 84 0.05661
83 85 0.01361
83 86 -0.1779
83 87 -0.04966
83 88 -0.06243
83 89 -0.00776
83 90 0.08599
83 91 -0.0132
83 92 0.14971
83 93 0.10865
83 94 -0.00418
83 95 -0.16333
83 96 0.12389
83 97 0.02859
83 98 -0.14041
83 99 0.07244
83 100 0.03592
83 101 -0.14851
83 102 0.06924
83 103 -0.01428
83 104 -0.11562
83 105 -0.00417
83 106 -0.05192
83 107 0.01406
83 108 0.05805
83 109 0.14272
83 110 0.24513
83 111 0.00868
83 112 -0.1488
83 113 0.00329
83 114 0.13653
83 115 -0.068
83 116 0.05472
83 117 0.02288
83 118 0.12267
83 119 0.05513
83 120 0.08402
83 121 -0.00904
83 122 0.01051
83 123 0.00407
83 124 -0.05593
83 125 -0.04356
83 126 0.12875
83 127 0.10717
83 128 0.01865
83 129 0.04991
83 130 0.06462
83 131 -0.10608
83 132 -0.14897
83 133 0.00575
83 134 0.09799
83 135 -0.1288
83 136 0.07358
83 137 -0.11313
83 138 0.00688
83 139 0.06927
83 140 0.07606
83 141 0.02181
83 142 -0.03956
83 143 0.06577
83 144 0.01517
83 145 -0.04918
83 146 -0.0821
83 147 0.31028
83 148 0.0326
83 149 -0.0344
84 85 -0.0654
84 86 0.03678
84 87 0.08117
84 88 0.0603
84 89 0.03031
84 90 0.04234
84 91 -0.04843
84 92 -0.01551
84 93 0.1449
84 94 0.06592
84 95 0.00156
84 96 -0.1022
84 97 0.01836
84 98 -0.03947
84 99 -0.0858
84 100 -0.23734
84 101 0.01299
84 102 -0.18015
84 103 0.03188
84 104 -0.00511
84 105 0.09825
84 106 -0.05222
84 107 0.09134
84 108 0.08387
84 109 -0.05181
84 110 0.01186
84 111 0.01049
84 112 -0.08465
84 113 -0.04312
84 114 0.07343
84 115 0.03383
84 116 0.00188
84 117 0.0031
84 118 -0.10364
84 119 -0.02913
84 120 0.09996
84 121 0.02815
84 122 0.04908
84 123 0.0768
84 124 0.09164
84 125 0.02914
84 126 0.10819
84 127 0.01945
84 128 0.07193
84 129 -0.06497
84 130 -0.0429
84 131 -0.03627
84 132 0.05322
84 133 -0.07924
84 134 -0.0781
84 135 -0.05639
84 136 -0.12676
84 137 0.17462
84 138 -0.03371
84 139 0.12314
84 140 -0.21096
84 141 -0.08681
84 142 0.00707
84 143 -0.15904
84 144 0.04044
84 145 -0.07568
84 146 -0.01433
84 147 0.0345
84 148 -0.06562
84 149 0.069
85 86 0.06614
85 87 0.06275
85 88 0.10779
85 89 0.05264
85 90 -0.11087
85 91 0.01107
85 92 0.08965
85 93 0.05793
85 94 0.06659
85 95 -0.09072
85 96 0.22322
85 97 0.02045
85 98 -0.16423
85 99 0.03276
85 100 -0.00557
85 101 0.07656
85 102 0.0178
85 103 0.14756
85 104 -0.09335
85 105 -0.07485
85 106 -0.16375
85 107 -0.23006
85 108 -0.10134
85 109 -0.07555
85 110 0.01301
85 111 -0.05559
85 112 -0.05015
85 113 0.0378
85 114 0.06738
85 115 -0.03515
85 116 0.06328
85 117 -0.00711
85 118 0.06405
85 119 -0.099
85 120 -0.02965
85 121 -0.09004
85 122 0.0371
85 123 0.08063
85 124 -0.02532
85 125 0.09122
85 126 0.08025
85 127 -0.0019
85 128 0.09783
85 129 -0.20763
85 130 0.01287
85 131 -0.06031
85 132 0.10751
85 133 0.0328
85 134 0.01204
85 135 0.06785
85 136 -0.06424
85 137 -0.1133
85 138 -0.06795
85 139 -0.04671
85 140 0.06297
85 141 -0.03329
85 142 -0.1159
85 143 -0.13233
85 144 0.06446
85 145 0.05424
85 146 -0.17442
85 147 0.01728
85 148 0.13285
85 149 -0.06421
86 87 -0.01894
86 88 -0.12169
86 89 0.0114
86 90 0.01494
86 91 0.03502
86 92 0.09178
86 93 -0.12726
86 94 -0.10394
86 95 0.03212
86 96 0.01416
86 97 0.03486
86 98 -0.00721
86 99 -0.12753
86 100 -0.09952
86 101 -0.13661
86 102 -0.01041
86 103 0.0069
86 104 0.00879
86 105 0.05269
86 106 -0.08312
86 107 0.0134
86 108 -0.02869
86 109 0.05272
86 110 0.15172
86 111 0.07011
86 112 0.09805
86 113 -0.08833
86 114 0.006
86 115 0.00785
86 116 0.02433
86 117 -0.09621
86 118 -0.0837
86 119 0.11091
86 120 -0.01965
86 121 -0.06618
86 122 0.07633
86 123 -0.06788
86 124 -0.01908
86 125 -0.11206
86 126 -0.13789
86 127 0.10673
86 128 0.05803
86 129 0.07807
86 130 0.00403
86 131 -0.0761
86 132 0.09289
86 133 0.04856
86 134 -0.06713
86 135 -0.07563
86 136 0.02267
86 137 -0.03692
86 138 0.00595
86 139 0.03982
86 140 -0.23792
86 141 0.0536
86 142 -0.0458
86 143 -0.03418
86 144 0.02624
86 145 -0.02443
86 146 -0.1583
86 147 0.11814
86 148 0.14049
86 149 -0.00821
87 88 0.09742
87 89 -0.0116
87 90 -0.00294
87 91 0.00683
87 92 0.03766
87 93 -0.11802
87 94 0.10059
87 95 0.03081
87 96 0.06788
87 97 -0.12119
87 98 0.01293
87 99 0.03576
87 100 -0.01449
87 101 0.00354
87 102 -0.02349
87 103 -0.13641
87 104 0.06483
87 105 0.10302
87 106 0.08304
87 107 -0.08809
87 108 -0.12225
87 109 -0.02484
87 110 -0.05269
87 111 0.0491
87 112 0.03217
87 113 0.04331
87 114 -0.00277
87 115 -0.08968
87 116 0.07292
87 117 -0.03812
87 118 -0.00316
87 119 -0.03415
87 120 0.14832
87 121 -0.00056
87 122 0.05831
87 123 0.02059
87 124 0.06555
87 125 0.02105
87 126 0.09732
87 127 -0.07462
87 128 0.03186
87 129 -0.03922
87 130 -0.01081
87 131 -0.00778
87 132 -0.09774
87 133 0.00773
87 134 -0.00905
87 135 -0.03056
87 136 0.23126
87 137 -0.04646
87 138 0.07043
87 139 0.04048
87 140 -0.02574
87 141 -0.05584
87 142 0.036
87 143 0.13035
87 144 0.01239
87 145 0.14585
87 146 -0.08382
87 147 -0.00409
87 148 -0.00783
87 149 0.1187
88 89 -0.17038
88 90 0.0524
88 91 0.14155
88 92 -0.00102
88 93 0.22699
88 94 -0.11111
88 95 -0.10345
88 96 0.19099
88 97 -0.05377
88 98 0.10265
88 99 0.05227
88 100 -0.09893
88 101 -0.07196
88 102 0.07067
88 103 0.06534
88 104 0.16232
88 105 0.01695
88 106 -0.12769
88 107 -0.05294
88 108 0.00375
88 109 -0.04227
88 110 0.16032
88 111 -0.05372
88 112 -0.0566
88 113 0.02918
88 114 0.02559
88 115 0.23314
88 116 -0.03216
88 117 -0.00603
88 118 0.01126
88 119 -0.00743
88 120 -0.03619
88 121 0.05803
88 122 0.06545
88 123 -0.03693
88 124 0.02294
88 125 -0.01453
88 126 0.05913
88 127 -0.01359
88 128 0.10121
88 129 -0.08122
88 130 0.00809
88 131 -0.1846
88 132 -0.0107
88 133 0.09393
88 134 -0.00597
88 135 0.01691
88 136 0.01089
88 137 0.11121
88 138 0.07016
88 139 -0.14171
88 140 0.0786
88 141 -0.10193
88 142 0.01891
88 143 0.01474
88 144 -0.00681
88 145 0.04393
88 146 -0.09789
88 147 0.01065
88 148 0.00676
88 149 0.10789
89 90 0.01495
89 91 0.08194
89 92 0.04601
89 93 0.1421
89 94 -0.00623
89 95 0.04866
89 96 -0.00386
89 97 0.10402
89 98 0.20203
89 99 0.01237
89 100 -0.10319
89 101 0.0083
89 102 -0.05518
89 103 -0.11636
89 104 -0.05007
89 105 -0.10772
89 106 0.06491
89 107 0.10631
89 108 -0.13374
89 109 -0.13737
89 110 -0.10457
89 111 -0.05367
89 112 0.00694
89 113 -0.07182
89 114 -0.00156
89 115 -0.05321
89 116 0.08071
89 117 0.13787
89 118 0.13877
89 119 0.01278
89 120 0.00657
89 121 0.00468
89 122 0.09875
89 123 -0.07269
89 124 0.06691
89 125 -0.07383
89 126 -0.01411
89 127 -0.13041
89 128 0.08808
89 129 -0.04425
89 130 0.01646
89 131 -0.16859
89 132 0.0356
89 133 -0.01696
89 134 0.08037
89 135 -0.1412
89 136 -0.03177
89 137 0.02938
89 138 -0.10546
89 139 0.04158
89 140 0.06941
89 141 0.06561
89 142 -0.1141
89 143 0.1202
89 144 0.06235
89 145 -0.13337
89 146 -0.07471
89 147 0.13505
89 148 0.05512
89 149 0.03302
90 91 0.03163
90 92 0.02803
90 93 -0.05023
90 94 -0.05038
90 95 0.00768
90 96 0.02493
90 97 -0.28002
90 98 -0.20578
90 99 0.00658
90 100 -0.10663
90 101 0.03024
90 102 0.08039
90 103 0.18783
90 104 -0.07697
90 105 0.08466
90 106 0.02998
90 107 0.06682
90 108 -0.01114
90 109 0.13307
90 110 -0.03049
90 111 0.09121
90 112 0.03699
90 113 0.09234
90 114 0.04909
90 115 0.08165
90 116 0.10778
90 117 -0.02489
90 118 0.06911
90 119 -0.07783
90 120 0.06678
90 121 0.04899
90 122 -0.11598
90 123 -0.10552
90 124 0.00381
90 125 0.02166
90 126 0.02398
90 127 -0.06225
90 128 -0.0218
90 129 0.04131
90 130 0.11711
90 131 -0.05027
90 132 0.04022
90 133 -0.04445
90 134 -0.00054
90 135 0.0301
90 136 0.16811
90 137 -0.00017
90 138 0.05618
90 139 -0.05867
90 140 0.1503
90 141 -0.03852
90 142 0.0659
90 143 -0.11347
90 144 -0.06629
90 145 -0.09243
90 146 -0.00504
90 147 -0.06084
90 148 -0.09407
90 149 -0.00543
91 92 -0.05468
91 93 -0.0944
91 94 -0.07608
91 95 0.04483
91 96 -0.00171
91 97 0.04371
91 98 -0.02017
91 99 0.00899
91 100 -0.01487
91 101 -0.01223
91 102 0.18144
91 103 -0.09628
91 104 0.07094
91 105 0.05858
91 106 -0.13553
91 107 -0.14596
91 108 -0.18119
91 109 0.05012
91 110 -0.06671
91 111 0.04822
91 112 0.03786
91 113 -0.00939
91 114 0.00397
91 115 0.17747
91 116 -0.1257
91 117 0.1772
91 118 0.0864
91 119 0.08434
91 120 -0.02305
91 121 -0.05003
91 122 -0.02467
91 123 0.01083
91 124 0.11019
91 125 0.05613
91 126 0.12192
91 127 -0.01173
91 128 -0.14673
91 129 0.00415
91 130 -0.0147
91 131 0.03661
91 132 -0.07873
91 133 0.0844
91 134 -0.01224
91 135 -0.05657
91 136 0.05713
91 137 -0.00601
91 138 -0.02938
91 139 -0.05789
91 140 0.09929
91 141 0.05763
91 142 0.10518
91 143 -0.01424
91 144 -0.03692
91 145 0.00833
91 146 -0.11525
91 147 0.08398
91 148 -0.01112
91 149 0.07726
92 93 0.01074
92 94 0.037
92 95 0.02647
92 96 0.09503
92 97 -0.01412
92 98 -0.10582
92 99 -0.11141
92 100 0.16356
92 101 0.03656
92 102 0.01648
92 103 -0.04743
92 104 0.16231
92 105 0.01552
92 106 0.03102
92 107 0.06037
92 108 0.00186
92 109 0.09761
92 110 -0.23071
92 111 -0.06164
92 112 -0.16115
92 113 -0.13477
92 114 0.00347
92 115 0.21103
92 116 0.03415
92 117 0.07555
92 118 0.06631
92 119 -0.1058
92 120 -0.10586
92 121 -0.14477
92 122 0.1094
92 123 0.05993
92 124 0.14447
92 125 0.12103
92 126 0.01529
92 127 -0.02955
92 128 0.04659
92 129 0.09122
92 130 0.07082
92 131 0.10949
92 132 0.10379
92 133 -0.15539
92 134 0.03767
92 135 0.10594
92 136 -0.0303
92 137 0.03096
92 138 -0.06209
92 139 0.03039
92 140 0.02063
92 141 0.081
92 142 0.01587
92 143 -0.00132
92 144 -0.16753
92 145 -0.00278
92 146 -0.00011
92 147 0.04371
92 148 -0.06391
92 149 -0.0517
93 94 -0.01444
93 95 -0.03998
93 96 -0.01794
93 97 0.0613
93 98 0.01648
93 99 0.05682
93 100 -0.10224
93 101 0.00491
93 102 -0.07868
93 103 -0.02666
93 104 -0.11131
93 105 0.00392
93 106 0.06184
93 107 0.16583
93 108 0.07955
93 109 -0.02323
93 110 -0.09319
93 111 0.03508
93 112 -0.00292
93 113 0.01178
93 114 -0.03025
93 115 0.1
93 116 0.13265
93 117 0.00305
93 118 -0.03451
93 119 0.05672
93 120 -0.00615
93 121 -0.07929
93 122 0.09237
93 123 -0.00227
93 124 -0.08518
93 125 0.03857
93 126 0.09362
93 127 -0.06031
93 128 0.04227
93 129 0.02582
93 130 0.15738
93 131 -0.07121
93 132 -0.11249
93 133 0.04528
93 134 0.04012
93 135 -0.05339
93 136 -0.23746
93 137 -0.10713
93 138 -0.072
93 139 -0.05562
93 140 -0.09731
93 141 -0.12629
93 142 -0.0654
93 143 0.01486
93 144 0.0028
93 145 -0.13376
93 146 0.05974
93 147 0.02309
93 148 0.0261
93 149 0.02276
94 95 -0.08103
94 96 0.05216
94 97 -0.21444
94 98 0.11973
94 99 0.11969
94 100 0.01944
94 101 0.00771
94 102 0.12318
94 103 0.12488
94 104 -0.00285
94 105 0.05177
94 106 0.08158
94 107 -0.14315
94 108 0.01188
94 109 -0.0721
94 110 0.00069
94 111 -0.14665
94 112 0.04902
94 113 0.04163
94 114 0.11072
94 115 0.09178
94 116 0.02447
94 117 -0.16177
94 118 -0.05975
94 119 0.08185
94 120 -0.03249
94 121 0.00392
94 122 -0.04633
94 123 0.10238
94 124 -0.05028
94 125 0.10804
94 126 0.01756
94 127 0.11735
94 128 0.05113
94 129 0.00022
94 130 0.03534
94 131 0.21271
94 132 0.07156
94 133 -0.03276
94 134 -0.02757
94 135 0.08382
94 136 0.09493
94 137 -0.0165
94 138 -0.03841
94 139 0.07811
94 140 0.00943
94 141 -0.03365
94 142 0.14146
94 143 -0.04247
94 144 0.00996
94 145 -0.03838
94 146 0.07619
94 147 0.00834
94 148 0.16123
94 149 0.08632
95 96 0.02905
95 97 -0.10314
95 98 -0.03573
95 99 0.06711
95 100 -0.03957
95 101 -0.0054
95 102 0.05914
95 103 -0.10631
95 104 -0.00051
95 105 0.06992
95 106 0.0605
95 107 0.11334
95 108 -0.05662
95 109 0.14339
95 110 0.06154
95 111 0.06222
95 112 -0.00934
95 113 0.15169
95 114 -0.02304
95 115 0.16915
95 116 -0.00415
95 117 0.04798
95 118 -0.16645
95 119 0.0537
95 120 0.15746
95 121 -0.00504
95 122 0.18256
95 123 -0.14201
95 124 0.02049
95 125 0.03177
95 126 -0.03123
95 127 -0.09664
95 128 -0.05201
95 129 -0.01312
95 130 0.07814
95 131 0.1163
95 132 -0.0758
95 133 0.06004
95 134 -0.01069
95 135 -0.00474
95 136 0.18901
95 137 -0.02301
95 138 0.05839
95 139 0.04777
95 140 -0.02155
95 141 0.00807
95 142 -0.13017
95 143 0.23002
95 144 -0.02095
95 145 -0.01968
95 146 -0.12189
95 147 -0.04281
95 148 0.06863
95 149 0.06476
96 97 0.05992
96 98 0.11927
96 99 -0.03869
96 100 -0.00063
96 101 0.0084
96 102 -0.10369
96 103 -0.1099
96 104 0.13955
96 105 0.00651
96 106 -0.04592
96 107 -0.04297
96 108 -0.02265
96 109 0.09115
96 110 0.08136
96 111 0.04066
96 112 0.0564
96 113 0.03611
96 114 0.02136
96 115 -0.10402
96 116 -0.0189
96 117 0.01317
96 118 -0.05269
96 119 0.05079
96 120 0.02518
96 121 0.11621
96 122 -0.00679
96 123 -0.03751
96 124 -0.13547
96 125 0.02077
96 126 -0.12928
96 127 0.0938
96 128 -0.00833
96 129 0.04441
96 130 0.1055
96 131 -0.11406
96 132 -0.05808
96 133 -0.03595
96 134 -0.02659
96 135 0.10342
96 136 0.0704
96 137 -0.0189
96 138 -0.04129
96 139 -0.05808
96 140 -0.01894
96 141 -0.13932
96 142 -0.12279
96 143 0.08492
96 144 -0.12052
96 145 -0.02837
96 146 -0.15657
96 147 -0.09514
96 148 0.02633
96 149 0.06782
97 98 0.10284
97 99 -0.10379
97 100 0.02895
97 101 0.1368
97 102 0.00638
97 103 0.1113
97 104 0.04711
97 105 -0.09595
97 106 0.03918
97 107 -0.02908
97 108 -0.11434
97 109 0.00734
97 110 0.06405
97 111 -0.00626
97 112 0.01582
97 113 -0.0135
97 114 -0.01474
97 115 0.0504
97 116 -0.09086
97 117 -0.09111
97 118 -0.10684
97 119 0.13585
97 120 0.0199
97 121 -0.06885
97 122 0.0223
97 123 0.03877
97 124 -0.04807
97 125 -0.10994
97 126 0.0388
97 127 -0.00047
97 128 -0.08184
97 129 -0.01995
97 130 -0.05648
97 131 0.07538
97 132 0.05266
97 133 0.03929
97 134 -0.04714
97 135 0.06158
97 136 0.04694
97 137 -0.17684
97 138 -0.06607
97 139 -0.06896
97 140 0.02567
97 141 0.00803
97 142 0.03872
97 143 -0.10002
97 144 0.13353
97 145 0.09481
97 146 0.04874
97 147 0.06901
97 148 -0.03955
97 149 -0.08914
98 99 0.09554
98 100 0.08326
98 101 -0.11014
98 102 0.22364
98 103 0.03203
98 104 0.03316
98 105 0.06804
98 106 -0.06095
98 107 0.02251
98 108 0.02328
98 109 0.05689
98 110 0.10536
98 111 -0.07019
98 112 -0.17257
98 113 -0.06494
98 114 -0.06746
98 115 0.04189
98 116 -0.03676
98 117 0.07428
98 118 -0.00243
98 119 0.0498
98 120 0.03569
98 121 0.04145
98 122 0.00781
98 123 0.01066
98 124 -0.05465
98 125 0.08623
98 126 -0.02833
98 127 0.05779
98 128 0.08669
98 129 -0.07429
98 130 0.01344
98 131 0.13159
98 132 0.13596
98 133 0.07539
98 134 -0.13443
98 135 0.03558
98 136 -0.13496
98 137 -0.09262
98 138 -0.167
98 139 -0.0184
98 140 -0.0784
98 141 -0.03922
98 142 0.03531
98 143 -0.0637
98 144 -0.04633
98 145 0.12604
98 146 -0.01155
98 147 -0.00257
98 148 0.16011
98 149 0.16917
99 100 0.20206
99 101 0.10865
99 102 0.07159
99 103 -0.16637
99 104 -0.02751
99 105 -0.06992
99 106 -0.12451
99 107 -0.10316
99 108 0.08585
99 109 -0.09712
99 110 -0.00046
99 111 -0.06664
99 112 0.08637
99 113 0.01148
99 114 0.05559
99 115 -0.10616
99 116 0.11387
99 117 -0.09758
99 118 0.06126
99 119 0.10263
99 120 0.10437
99 121 0.09361
99 122 0.10288
99 123 0.03934
99 124 0.07039
99 125 -0.14609
99 126 0.05456
99 127 0.10714
99 128 0.08096
99 129 -0.08445
99 130 0.02863
99 131 -0.06523
99 132 0.01083
99 133 -0.09967
99 134 -0.07584
99 135 -0.00706
99 136 -0.00731
99 137 -0.11256
99 138 -0.03771
99 139 -0.04757
99 140 0.12759
99 141 -0.12023
99 142 0.08545
99 143 0.03115
99 144 -0.07724
99 145 0.07761
99 146 0.02767
99 147 -0.01263
99 148 0.06009
99 149 0.03303
100 101 -0.00307
100 102 -0.03482
100 103 0.19236
100 104 -0.01679
100 105 -0.15509
100 106 0.06063
100 107 -0.08176
100 108 0.06766
100 109 0.079
100 110 -0.0032
100 111 -0.02146
100 112 -0.06481
100 113 0.05177
100 114 -0.03524
100 115 -0.15141
100 116 0.00376
100 117 0.0095
100 118 -0.05999
100 119 0.04485
100 120 -0.10338
100 121 0.04435
100 122 0.01306
100 123 0.03463
100 124 0.03226
100 125 0.07576
100 126 -0.10138
100 127 -0.10051
100 128 -0.04919
100 129 0.00229
100 130 0.05114
100 131 -0.09025
100 132 0.02589
100 133 -0.00605
100 134 -0.19271
100 135 0.07529
100 136 -0.11687
100 137 -0.0005
100 138 0.03576
100 139 -0.10943
100 140 -0.11155
100 141 0.02436
100 142 0.01122
100 143 0.07984
100 144 -0.0698
100 145 0.07919
100 146 -0.12212
100 147 0.06093
100 148 0.02222
100 149 -0.06385
101 102 0.02513
101 103 -0.02227
101 104 0.09327
101 105 -0.00929
101 106 -0.00313
101 107 0.01798
101 108 -0.04282
101 109 -0.18427
101 110 -0.02701
101 111 0.00855
101 112 -0.01088
101 113 0.01429
101 114 0.06852
101 115 -0.05344
101 116 -0.06512
101 117 0.11946
101 118 -0.14288
101 119 -0.10449
101 120 -0.14433
101 121 -0.04856
101 122 -0.10235
101 123 -0.02193
101 124 0.0236
101 125 -0.03156
101 126 0.06285
101 127 -0.02794
101 128 -0.10519
101 129 0.0863
101 130 0.06304
101 131 0.06672
101 132 0.02277
101 133 0.04598
101 134 0.02168
101 135 -0.07232
101 136 -0.10795
101 137 0.01623
101 138 -0.22177
101 139 0.05812
101 140 0.01241
101 141 -0.00821
101 142 0.04984
101 143 -0.02519
101 144 0.13236
101 145 -0.05215
101 146 0.05283
101 147 -0.05954
101 148 0.06694
101 149 -0.01561
102 103 0.12415
102 104 0.01039
102 105 0.09375
102 106 -0.07742
102 107 0.07422
102 108 0.1296
102 109 0.02627
102 110 -0.05884
102 111 0.02386
102 112 0.06126
102 113 -0.09083
102 114 -0.05975
102 115 0.00421
102 116 -0.13497
102 117 0.15606
102 118 0.01308
102 119 0.0592
102 120 -0.0178
102 121 -0.0458
102 122 -0.07609
102 123 0.08211
102 124 -0.0131
102 125 0.16713
102 126 0.02481
102 127 -0.01994
102 128 -0.03672
102 129 0.0751
102 130 0.16019
102 131 0.07785
102 132 0.01041
102 133 0.00298
102 134 0.02081
102 135 -0.11038
102 136 -0.01843
102 137 0.03018
102 138 0.08464
102 139 0.03778
102 140 0.1312
102 141 0.03766
102 142 0.03508
102 143 -0.08769
102 144 0.12733
102 145 0.07237
102 146 -0.07266
102 147 -0.11271
102 148 -0.19729
102 149 0.01801
103 104 -0.0209
103 105 0.00055
103 106 -0.05368
103 107 0.07469
103 108 -0.00003
103 109 -0.01375
103 110 0.00942
103 111 0.02033
103 112 0.10043
103 113 0.06544
103 114 -0.1103
103 115 -0.16717
103 116 -0.05737
103 117 0.01932
103 118 -0.20874
103 119 0.04116
103 120 -0.03453
103 121 -0.04218
103 122 0.16773
103 123 0.06878
103 124 0.06433
103 125 -0.10745
103 126 -0.17012
103 127 -0.10189
103 128 -0.0205
103 129 -0.02442
103 130 0.05262
103 131 -0.03959
103 132 -0.01094
103 133 -0.00663
103 134 0.03258
103 135 0.03268
103 136 0.08405
103 137 0.11624
103 138 -0.09024
103 139 0.16635
103 140 0.05774
103 141 0.06408
103 142 0.03748
103 143 -0.12699
103 144 -0.05028
103 145 0.02866
103 146 0.08218
103 147 0.01932
103 148 -0.02609
103 149 -0.0672
104 105 0.10137
104 106 0.04383
104 107 -0.00233
104 108 -0.02889
104 109 0.00992
104 110 0.26744
104 111 -0.037
104 112 0.0565
104 113 -0.02385
104 114 -0.0252
104 115 0.08224
104 116 -0.02119
104 117 0.1901
104 118 -0.13514
104 119 0.08335
104 120 0.00815
104 121 0.11774
104 122 -0.12067
104 123 0.0458
104 124 -0.08394
104 125 0.09964
104 126 0.04137
104 127 -0.02
104 128 -0.10388
104 129 0.12067
104 130 0.1286
104 131 -0.07837
104 132 0.02492
104 133 0.06684
104 134 -0.02461
104 135 -0.04776
104 136 0.14662
104 137 0.07158
104 138 -0.04905
104 139 -0.1627
104 140 0.01895
104 141 -0.06729
104 142 0.04025
104 143 -0.08352
104 144 0.06198
104 145 0.10249
104 146 0.02084
104 147 -0.04286
104 148 -0.00637
104 149 0.01844
105 106 0.03524
105 107 0.00322
105 108 0.03839
105 109 -0.09615
105 110 -0.0552
105 111 0.05637
105 112 0.00662
105 113 0.06579
105 114 0.11546
105 115 -0.12839
105 116 -0.05477
105 117 -0.12289
105 118 -0.0667
105 119 0.0048
105 120 0.06366
105 121 0.01815
105 122 -0.04089
105 123 0.04859
105 124 -0.09324
105 125 0.11795
105 126 0.03987
105 127 0.05396
105 128 0.06767
105 129 0.06313
105 130 0.00178
105 131 -0.09856
105 132 -0.06588
105 133 -0.01511
105 134 -0.06215
105 135 -0.10539
105 136 0.05589
105 137 0.18072
105 138 0.07524
105 139 0.14376
105 140 -0.02925
105 141 0.04754
105 142 0.01642
105 143 0.05832
105 144 0.08579
105 145 -0.01737
105 146 0.04964
105 147 -0.00074
105 148 0.01108
105 149 -0.11583
106 107 0.01693
106 108 0.03613
106 109 0.01118
106 110 -0.069
106 111 0.0094
106 112 0.03832
106 113 -0.0025
106 114 0.00554
106 115 -0.08112
106 116 -0.06825
106 117 0.04258
106 118 0.02418
106 119 -0.04925
106 120 -0.10639
106 121 -0.06405
106 122 -0.09868
106 123 -0.07838
106 124 0.07199
106 125 0.03913
106 126 -0.00836
106 127 -0.12067
106 128 -0.03979
106 129 0.01427
106 130 -0.05679
106 131 0.12112
106 132 -0.01031
106 133 0.08104
106 134 -0.05895
106 135 -0.06699
106 136 -0.1494
106 137 0.03321
106 138 -0.02022
106 139 -0.11187
106 140 0.09562
106 141 0.16871
106 142 -0.01617
106 143 0.01786
106 144 -0.00963
106 145 -0.07381
106 146 -0.06729
106 147 -0.0259
106 148 -0.03604
106 149 0.07142
107 108 -0.05142
107 109 -0.05737
107 110 0.09065
107 111 0.11162
107 112 0.08259
107 113 -0.12639
107 114 -0.05724
107 115 0.08307
107 116 0.01729
107 117 0.01756
107 118 0.00968
107 119 -0.04753
107 120 0.20518
107 121 -0.10497
107 122 0.01272
107 123 -0.01534
107 124 0.06865
107 125 -0.08134
107 126 0.14014
107 127 -0.08453
107 128 0.089
107 129 -0.052
107 130 0.01997
107 131 -0.03203
107 132 -0.05871
107 133 -0.06922
107 134 0.05086
107 135 -0.00625
107 136 0.10138
107 137 -0.02067
107 138 0.05268
107 139 -0.08529
107 140 0.0744
107 141 0.06073
107 142 -0.11039
107 143 -0.15129
107 144 -0.16358
107 145 0.06186
107 146 -0.07118
107 147 -0.01758
107 148 0.02611
107 149 0.0838
108 109 -0.03396
108 110 0.08577
108 111 0.04761
108 112 -0.01128
108 113 0.06348
108 114 0.10754
108 115 -0.11558
108 116 -0.01585
108 117 -0.07622
108 118 -0.11337
108 119 -0.05623
108 120 0.014
108 121 -0.09603
108 122 -0.10512
108 123 -0.02628
108 124 -0.07489
108 125 -0.09589
108 126 0.08054
108 127 -0.06583
108 128 -0.05629
108 129 0.11462
108 130 -0.10006
108 131 0.00419
108 132 -0.03787
108 133 -0.15361
108 134 0.04739
108 135 0.00779
108 136 0.05724
108 137 0.10711
108 138 -0.02972
108 139 -0.07469
108 140 -0.03943
108 141 0.12059
108 142 -0.10287
108 143 -0.06124
108 144 -0.04468
108 145 0.09372
108 146 -0.01909
108 147 0.01752
108 148 0.09011
108 149 0.10885
109 110 0.04009
109 111 0.00026
109 112 0.06682
109 113 0.01249
109 114 -0.16104
109 115 0.11696
109 116 -0.13207
109 117 0.0534
109 118 -0.07564
109 119 -0.00228
109 120 0.05623
109 121 0.06204
109 122 -0.00417
109 123 -0.1491
109 124 0.12158
109 125 -0.12608
109 126 -0.07066
109 127 0.02767
109 128 -0.07472
109 129 -0.09439
109 130 -0.04746
109 131 -0.05855
109 132 0.22258
109 133 -0.06977
109 134 0.04416
109 135 -0.00307
109 136 -0.01359
109 137 -0.06906
109 138 0.02567
109 139 -0.08656
109 140 0.02496
109 141 0.05266
109 142 -0.05148
109 143 0.12099
109 144 -0.06727
109 145 0.02242
109 146 -0.01958
109 147 -0.00744
109 148 -0.10395
109 149 -0.00954
110 111 -0.05716
110 112 0.00948
110 113 -0.16342
110 114 -0.07029
110 115 -0.09203
110 116 -0.17551
110 117 -0.20737
110 118 -0.22243
110 119 -0.02448
110 120 -0.03927
110 121 -0.05189
110 122 -0.01035
110 123 0.01392
110 124 0.17326
110 125 -0.05845
110 126 0.08576
110 127 0.03234
110 128 -0.15921
110 129 0.05667
110 130 -0.06849
110 131 0.02358
110 132 -0.1003
110 133 -0.02632
110 134 0.00262
110 135 -0.05535
110 136 0.03791
110 137 0.05422
110 138 0.04432
110 139 -0.10551
110 140 -0.04402
110 141 0.0297
110 142 0.10521
110 143 -0.01475
110 144 -0.01428
110 145 0.01749
110 146 -0.07306
110 147 -0.04071
110 148 -0.0057
110 149 0.01664
111 112 -0.13228
111 113 0.09228
111 114 -0.11209
111 115 -0.03016
111 116 -0.07048
111 117 0.02109
111 118 0.15784
111 119 0.08864
111 120 -0.00331
111 121 -0.09755
111 122 0.17001
111 123 -0.0783
111 124 0.05208
111 125 0.01929
111 126 -0.03311
111 127 0.18654
111 128 0.00753
111 129 -0.06004
111 130 0.11051
111 131 0.00874
111 132 -0.02848
111 133 -0.02903
111 134 0.09632
111 135 -0.01585
111 136 -0.06597
111 137 -0.0198
111 138 -0.08234
111 139 0.08743
111 140 0.06671
111 141 -0.07743
111 142 -0.06373
111 143 0.05939
111 144 -0.09674
111 145 0.01723
111 146 -0.01562
111 147 0.07278
111 148 -0.06716
111 149 -0.1087
112 113 -0.00013
112 114 0.05771
112 115 -0.09463
112 116 -0.07124
112 117 0.08359
112 118 -0.02248
112 119 -0.034
112 120 -0.01814
112 121 0.01059
112 122 0.02761
112 123 0.10336
112 124 0.04334
112 125 0.13452
112 126 0.16282
112 127 0.06318
112 128 -0.01694
112 129 0.08167
112 130 0.04848
112 131 -0.08479
112 132 -0.05347
112 133 0.04504
112 134 0.06231
112 135 0.11438
112 136 -0.11157
112 137 -0.01215
112 138 -0.12965
112 139 0.09953
112 140 0.07553
112 141 -0.011
112 142 -0.06289
112 143 0.04028
112 144 -0.04518
112 145 0.02813
112 146 -0.04467
112 147 0.05441
112 148 -0.06491
112 149 0.00865
113 114 0.03351
113 115 0.05406
113 116 0.23999
113 117 -0.00744
113 118 -0.07028
113 119 0.01702
113 120 -0.00958
113 121 -0.03178
113 122 -0.00562
113 123 -0.07518
113 124 0.02701
113 125 0.12768
113 126 0.14887
113 127 -0.03772
113 128 -0.03637
113 129 -0.13764
113 130 0.07004
113 131 -0.0569
113 132 -0.13001
113 133 -0.01802
113 134 -0.00995
113 135 -0.00109
113 136 -0.04642
113 137 -0.07497
113 138 0.15826
113 139 -0.0319
113 140 0.06745
113 141 -0.14966
113 142 0.05072
113 143 0.00953
113 144 0.08919
113 145 -0.06801
113 146 -0.05411
113 147 -0.03381
113 148 -0.13183
113 149 -0.08055
114 115 -0.03943
114 116 -0.01428
114 117 0.07264
114 118 -0.22177
114 119 -0.05872
114 120 -0.09291
114 121 -0.03481
114 122 0.04884
114 123 0.03354
114 124 0.1445
114 125 0.00362
114 126 -0.13739
114 127 -0.03438
114 128 0.10347
114 129 -0.02372
114 130 -0.0183
114 131 0.05893
114 132 0.07178
114 133 -0.19575
114 134 -0.01602
114 135 0.11155
114 136 0.08104
114 137 -0.09228
114 138 0.07944
114 139 -0.16037
114 140 0.03745
114 141 0.08557
114 142 0.10817
114 143 0.02659
114 144 -0.09553
114 145 0.01083
114 146 -0.06632
114 147 -0.18733
114 148 0.04142
114 149 0.01204
115 116 0.0383
115 117 0.13509
115 118 0.01538
115 119 -0.00816
115 120 -0.00078
115 121 -0.12996
115 122 0.00703
115 123 -0.1055
115 124 0.08481
115 125 0.15271
115 126 -0.02562
115 127 -0.02024
115 128 0.08241
115 129 -0.00048
115 130 -0.10265
115 131 0.13986
115 132 0.07871
115 133 -0.0401
115 134 0.07678
115 135 0.07944
115 136 0.04397
115 137 -0.24543
115 138 0.02409
115 139 0.12345
115 140 0.1456
115 141 0.01749
115 142 -0.04886
115 143 -0.22038
115 144 -0.0237
115 145 -0.05997
115 146 0.06246
115 147 0.00286
115 148 0.00271
115 149 -0.02696
116 117 0.04127
116 118 -0.07758
116 119 -0.15483
116 120 0.14502
116 121 0.03353
116 122 -0.12852
116 123 -0.06351
116 124 0.03607
116 125 -0.07715
116 126 0.14343
116 127 -0.0257
116 128 0.02469
116 129 0.03704
116 130 -0.03188
116 131 -0.00419
116 132 0.10677
116 133 -0.03409
116 134 -0.00924
116 135 -0.10197
116 136 -0.21975
116 137 0.04721
116 138 -0.01242
116 139 -0.02508
116 140 -0.03081
116 141 0.04599
116 142 0.0564
116 143 -0.04718
116 144 -0.07359
116 145 -0.03375
116 146 0.16236
116 147 0.06201
116 148 0.04426
116 149 -0.12452
117 118 0.11625
117 119 -0.15916
117 120 0.05399
117 121 0.10086
117 122 -0.13514
117 123 -0.04886
117 124 -0.01311
117 125 -0.05356
117 126 -0.09267
117 127 0.05122
117 128 -0.07076
117 129 -0.0037
117 130 -0.09967
117 131 0.08195
117 132 -0.1341
117 133 -0.02516
117 134 0.12028
117 135 -0.06991
117 136 0.09859
117 137 -0.03511
117 138 -0.01438
117 139 -0.13635
117 140 -0.04743
117 141 -0.04332
117 142 0.01866
117 143 -0.02782
117 144 0.0499
117 145 -0.09986
117 146 -0.07338
117 147 0.00676
117 148 0.04621
117 149 -0.02631
118 119 0.0541
118 120 0.00759
118 121 0.17328
118 122 0.05593
118 123 -0.00945
118 124 -0.02961
118 125 -0.08797
118 126 0.0068
118 127 0.11521
118 128 0.01998
118 129 -0.18079
118 130 0.04157
118 131 0.1362
118 132 0.06354
118 133 0.03963
118 134 0.05755
118 135 -0.02023
118 136 -0.1659
118 137 0.02614
118 138 0.07695
118 139 -0.03757
118 140 -0.07507
118 141 -0.03065
118 142 0.09664
118 143 -0.06596
118 144 0.05269
118 145 0.06147
118 146 0.02556
118 147 0.0714
118 148 -0.01407
118 149 0.0515
119 120 -0.09952
119 121 -0.00453
119 122 -0.03655
119 123 0.13187
119 124 -0.10026
119 125 0.06741
119 126 0.01238
119 127 -0.00524
119 128 0.08292
119 129 -0.09888
119 130 -0.05429
119 131 -0.10911
119 132 -0.01402
119 133 0.05087
119 134 0.05795
119 135 0.12562
119 136 0.01831
119 137 0.0196
119 138 0.03233
119 139 0.0008
119 140 -0.11739
119 141 0.04441
119 142 -0.0611
119 143 0.09341
119 144 0.08021
119 145 -0.02482
119 146 0.0522
119 147 -0.11564
119 148 0.01162
119 149 0.01529
120 121 -0.0456
120 122 -0.01332
120 123 -0.03028
120 124 0.01223
120 125 0.0206
120 126 -0.00385
120 127 0.03536
120 128 0.08499
120 129 -0.07259
120 130 -0.00506
120 131 0.05589
120 132 -0.16302
120 133 0.00423
120 134 -0.00685
120 135 -0.10486
120 136 -0.12731
120 137 0.15241
120 138 0.0275
120 139 0.1206
120 140 0.13083
120 141 -0.09389
120 142 0.00904
120 143 -0.05364
120 144 -0.04451
120 145 0.01795
120 146 -0.01635
120 147 -0.13206
120 148 0.0789
120 149 -0.02373
121 122 -0.09855
121 123 0.12048
121 124 -0.05757
121 125 -0.03739
121 126 0.03667
121 127 -0.16859
121 128 0.07594
121 129 0.03216
121 130 -0.04626
121 131 0.0184
121 132 -0.14379
121 133 -0.01971
121 134 -0.02398
121 135 0.08815
121 136 0.0392
121 137 0.02508
121 138 0.00368
121 139 0.02634
121 140 0.14815
121 141 0.02161
121 142 -0.09281
121 143 0.03279
121 144 -0.05529
121 145 0.04827
121 146 -0.07946
121 147 0.13597
121 148 -0.02022
121 149 -0.18678
122 123 -0.05234
122 124 -0.07805
122 125 -0.00286
122 126 -0.06247
122 127 0.05632
122 128 -0.05867
122 129 0.04413
122 130 0.01978
122 131 0.00744
122 132 -0.09254
122 133 0.10929
122 134 0.00772
122 135 -0.02121
122 136 0.02855
122 137 0.1038
122 138 0.00828
122 139 -0.02206
122 140 0.05775
122 141 -0.0348
122 142 0.03838
122 143 -0.01203
122 144 -0.17145
122 145 0.20973
122 146 0.04986
122 147 0.11482
122 148 0.01784
122 149 0.00113
123 124 -0.07588
123 125 0.10152
123 126 0.0658
123 127 0.13392
123 128 0.03383
123 129 0.03016
123 130 -0.01897
123 131 -0.13722
123 132 0.01303
123 133 0.01909
123 134 -0.01751
123 135 0.09283
123 136 0.05872
123 137 -0.14574
123 138 0.10568
123 139 0.06087
123 140 0.04717
123 141 0.04797
123 142 -0.02243
123 143 -0.01848
123 144 -0.09125
123 145 -0.05087
123 146 0.00728
123 147 -0.15041
123 148 -0.05178
123 149 0.04465
124 125 0.01305
124 126 0.06634
124 127 -0.04632
124 128 -0.01831
124 129 -0.04478
124 130 0.08121
124 131 -0.12143
124 132 0.07856
124 133 0.08678
124 134 -0.01149
124 135 -0.04672
124 136 -0.00291
124 137 -0.15453
124 138 -0.03701
124 139 0.0317
124 140 0.02419
124 141 -0.15372
124 142 0.03604
124 143 -0.13424
124 144 0.02218
124 145 0.14073
124 146 0.15482
124 147 -0.04205
124 148 0.03775
124 149 0.08016
125 126 0.02768
125 127 0.08473
125 128 -0.09347
125 129 0.0241
125 130 0.06711
125 131 -0.05451
125 132 0.04101
125 133 0.01382
125 134 0.04929
125 135 0.05966
125 136 0.03912
125 137 0.05116
125 138 -0.00495
125 139 0.0083
125 140 -0.02349
125 141 -0.07061
125 142 -0.01741
125 143 0.02794
125 144 0.08773
125 145 -0.09348
125 146 0.07239
125 147 0.11283
125 148 0.19946
125 149 -0.04481
126 127 0.03393
126 128 0.0587
126 129 0.12806
126 130 -0.02571
126 131 -0.02779
126 132 -0.0572
126 133 0.19408
126 134 0.13184
126 135 -0.02764
126 136 0.02259
126 137 0.21234
126 138 -0.05637
126 139 0.14455
126 140 -0.03067
126 141 0.02065
126 142 -0.11253
126 143 -0.10207
126 144 -0.19251
126 145 -0.0308
126 146 0.04689
126 147 0.02204
126 148 0.11287
126 149 0.13808
127 128 0.07641
127 129 -0.03539
127 130 0.09346
127 131 -0.00726
127 132 0.06533
127 133 -0.02355
127 134 0.02425
127 135 -0.07805
127 136 -0.00112
127 137 0.02233
127 138 0.02448
127 139 -0.06432
127 140 -0.09831
127 141 -0.09819
127 142 0.03595
127 143 0.05148
127 144 0.07988
127 145 0.01416
127 146 -0.00455
127 147 0.13225
127 148 0.07589
127 149 -0.01284
128 129 0.1178
128 130 -0.024
128 131 -0.14154
128 132 -0.08506
128 133 -0.17859
128 134 0.08473
128 135 -0.06541
128 136 0.14074
128 137 -0.0531
128 138 0.01777
128 139 -0.02348
128 140 -0.07345
128 141 0.054
128 142 -0.14108
128 143 -0.0791
128 144 0.04062
128 145 -0.05002
128 146 -0.00099
128 147 -0.00995
128 148 -0.03131
128 149 0.02674
129 130 -0.02908
129 131 0.20781
129 132 -0.06957
129 133 0.01159
129 134 -0.07617
129 135 -0.05859
129 136 -0.17674
129 137 0.17292
129 138 -0.1065
129 139 -0.08474
129 140 -0.04153
129 141 -0.05863
129 142 0.12119
129 143 -0.0729
129 144 0.09764
129 145 0.01336
129 146 -0.05932
129 147 0.04892
129 148 -0.02624
129 149 -0.08927
130 131 -0.00509
130 132 -0.08802
130 133 -0.07418
130 134 0.04094
130 135 -0.0662
130 136 0.06049
130 137 0.03089
130 138 0.05169
130 139 -0.04028
130 140 -0.10981
130 141 0.01001
130 142 0.09508
130 143 -0.04057
130 144 0.0426
130 145 -0.06475
130 146 0.02153
130 147 -0.0146
130 148 -0.0712
130 149 0.0679
131 132 0.04803
131 133 -0.03199
131 134 0.05989
131 135 0.07851
131 136 -0.08917
131 137 0.03948
131 138 -0.07335
131 139 -0.02243
131 140 -0.02657
131 141 0.07355
131 142 0.0386
131 143 -0.03981
131 144 0.16943
131 145 0.13567
131 146 -0.03403
131 147 0.11413
131 148 -0.16666
131 149 0.0534
132 133 -0.08021
132 134 0.11595
132 135 -0.05278
132 136 0.0041
132 137 -0.00695
132 138 0.0166
132 139 -0.039
132 140 0.03727
132 141 -0.01197
132 142 0.05649
132 143 -0.03546
132 144 0.14991
132 145 0.08922
132 146 0.01844
132 147 0.00495
132 148 0.03188
132 149 -0.00314
133 134 -0.03643
133 135 0.08081
133 136 0.03377
133 137 -0.02718
133 138 0.07106
133 139 0.00178
133 140 0.05346
133 141 0.06845
133 142 -0.09866
133 143 0.02608
133 144 -0.04135
133 145 0.03438
133 146 0.017
133 147 0.04861
133 148 0.03448
133 149 0.04927
134 135 0.03764
134 136 0.05057
134 137 -0.10704
134 138 -0.0459
134 139 -0.13068
134 140 0.00156
134 141 0.09995
134 142 -0.01592
134 143 -0.07251
134 144 -0.02826
134 145 0.06862
134 146 -0.01975
134 147 0.01141
134 148 0.15722
134 149 0.00819
135 136 0.02395
135 137 0.05704
135 138 -0.14109
135 139 0.06628
135 140 0.10852
135 141 -0.01484
135 142 0.16946
135 143 0.11428
135 144 0.04643
135 145 0.04883
135 146 -0.03264
135 147 0.07317
135 148 -0.02934
135 149 0.01737
136 137 -0.02119
136 138 0.10382
136 139 -0.00676
136 140 -0.10657
136 141 0.01683
136 142 0.00571
136 143 0.02265
136 144 -0.02083
136 145 -0.18501
136 146 -0.15214
136 147 0.07365
136 148 0.05349
136 149 0.07094
137 138 0.09695
137 139 0.00271
137 140 0.03749
137 141 -0.08733
137 142 0.08883
137 143 0.08391
137 144 -0.18115
137 145 0.23061
137 146 0.03758
137 147 0.08395
137 148 0.0716
137 149 0.02182
138 139 -0.03193
138 140 0.08366
138 141 0.04688
138 142 0.02407
138 143 -0.10735
138 144 0.09919
138 145 -0.10684
138 146 -0.08357
138 147 0.04252
138 148 -0.01716
138 149 0.01948
139 140 -0.00894
139 141 -0.07785
139 142 -0.05544
139 143 0.0162
139 144 -0.02841
139 145 0.07957
139 146 -0.00654
139 147 0.07186
139 148 -0.08169
139 149 -0.04698
140 141 0.05098
140 142 0.08423
140 143 -0.0054
140 144 0.06392
140 145 -0.15686
140 146 -0.00222
140 147 -0.05061
140 148 -0.03895
140 149 0.03103
141 142 -0.00653
141 143 -0.12308
141 144 0.06332
141 145 -0.0228
141 146 -0.02789
141 147 0.01986
141 148 -0.07041
141 149 -0.06962
142 143 0.09312
142 144 -0.01465
142 145 0.19446
142 146 0.02216
142 147 -0.0513
142 148 0.08365
142 149 0.11937
143 144 0.01753
143 145 -0.01307
143 146 -0.08501
143 147 0.03979
143 148 0.13094
143 149 -0.02578
144 145 -0.09096
144 146 -0.11179
144 147 0.06004
144 148 0.07646
144 149 0.07628
145 146 -0.10897
145 147 -0.0805
145 148 0.00607
145 149 -0.25227
146 147 0.10059
146 148 -0.03516
146 149 -0.01184
147 148 -0.09899
147 149 -0.00318
148 149 0.01409
