seed,global_steps_per_temperature,MCS_per_global_steps,number_of_temperatures,schedule,num_runs,best_energy,success_rate,average_time,tts_p0.99
110046,5,15,4,logT,10,-1.64749,0,42.6931628227,inf
110046,5,15,5,logT,10,-1.64779,0,50.2964061499,inf
110046,5,15,6,logT,10,-1.65088,0,57.8398101091,inf
110046,5,15,7,logT,10,-1.65168,0,65.4994327307,inf
110046,5,15,8,logT,10,-1.65216,0.4,73.1466920853,659.428481898
110046,5,15,9,logT,10,-1.65216,1,80.6425801039,80.6425801039
228274,5,15,4,logT,10,-1.63539,0,42.747123456,inf
228274,5,15,5,logT,10,-1.63995,0,50.2739237785,inf
228274,5,15,6,logT,10,-1.64317,0,57.9307740211,inf
228274,5,15,7,logT,10,-1.64407,0,65.4681005239,inf
228274,5,15,8,logT,10,-1.64437,0,73.0637643337,inf
228274,5,15,9,logT,10,-1.64456,0.3,80.7247992039,1042.26956471
228274,5,15,10,logT,10,-1.64456,0.6,88.3005421162,443.788210242
228274,5,15,11,logT,10,-1.64456,1,95.8555305004,95.8555305004
369954,5,15,4,logT,10,-1.71681,0,42.769241786,inf
369954,5,15,5,logT,10,-1.72075,0,50.260875082,inf
369954,5,15,6,logT,10,-1.72714,0,57.8507670164,inf
369954,5,15,7,logT,10,-1.72847,0,65.5223035812,inf
369954,5,15,8,logT,10,-1.72927,0,73.1596636295,inf
369954,5,15,9,logT,10,-1.72947,0,80.7300996304,inf
369954,5,15,10,logT,10,-1.7295,0.3,88.2983730555,1140.05494913
369954,5,15,11,logT,10,-1.7295,0.7,95.9916639566,367.166058376
369954,5,15,12,logT,10,-1.7295,1,103.602399874,103.602399874
418527,5,15,4,logT,10,-1.67211,0,42.6932496309,inf
418527,5,15,5,logT,10,-1.67498,0,50.3133864641,inf
418527,5,15,6,logT,10,-1.67799,0,57.879136467,inf
418527,5,15,7,logT,10,-1.67812,0,65.4779886246,inf
418527,5,15,8,logT,10,-1.68124,0,73.0618831396,inf
418527,5,15,9,logT,10,-1.68155,0,80.5768512487,inf
418527,5,15,10,logT,10,-1.68175,0,88.3018304348,inf
418527,5,15,11,logT,10,-1.68273,0,95.8846059799,inf
418527,5,15,12,logT,10,-1.68276,0.1,103.381817937,4518.68389941
418527,5,15,13,logT,10,-1.68276,0.1,110.953968525,4849.65268704
418527,5,15,14,logT,10,-1.68276,0.7,118.594824791,453.62266438
418527,5,15,15,logT,10,-1.68276,1,126.213620567,126.213620567
492757,5,15,4,logT,10,-1.65284,0,43.0342170954,inf
492757,5,15,5,logT,10,-1.65692,0,50.7180719614,inf
492757,5,15,6,logT,10,-1.65762,0,58.4226632833,inf
492757,5,15,7,logT,10,-1.65928,0,66.0696242094,inf
492757,5,15,8,logT,10,-1.66209,0,73.6768627167,inf
492757,5,15,9,logT,10,-1.66219,0,80.6715121031,inf
492757,5,15,10,logT,10,-1.66167,0,88.4092767,inf
492757,5,15,11,logT,10,-1.66257,0.1,96.1588481665,4202.97734811
492757,5,15,12,logT,10,-1.66225,0,103.747100997,inf
492757,5,15,13,logT,10,-1.66257,0.1,111.618896532,4878.71581961
492757,5,15,14,logT,10,-1.66257,0.1,118.877500033,5195.97987463
492757,5,15,15,logT,10,-1.66257,0.5,126.680185318,841.644933347
492757,5,15,16,logT,10,-1.66257,0.6,134.395200777,675.45458033
492757,5,15,17,logT,10,-1.66257,0.9,142.251483583,284.502967167
554682,5,15,4,logT,10,-1.69451,0,43.0919336557,inf
554682,5,15,5,logT,10,-1.69796,0,50.556543088,inf
554682,5,15,6,logT,10,-1.70163,0,58.1563771009,inf
554682,5,15,7,logT,10,-1.70232,0,65.7018746376,inf
554682,5,15,8,logT,10,-1.70232,0,73.5094402313,inf
554682,5,15,9,logT,10,-1.70232,0,80.6447524548,inf
554682,5,15,10,logT,10,-1.70255,0.2,88.7129304409,1830.83105011
554682,5,15,11,logT,10,-1.70255,0.2,96.6956943274,1995.57695487
554682,5,15,12,logT,10,-1.70255,0.5,104.389649677,693.549820157
554682,5,15,13,logT,10,-1.70255,0.9,111.215482593,222.430965185
624355,5,15,4,logT,10,-1.72001,0,42.6760332108,inf
624355,5,15,5,logT,10,-1.7208,0,50.3099737167,inf
624355,5,15,6,logT,10,-1.72411,0,57.9861523628,inf
624355,5,15,7,logT,10,-1.72667,0,65.44980371,inf
624355,5,15,8,logT,10,-1.72627,0,73.0815960646,inf
624355,5,15,9,logT,10,-1.72772,0,80.6937413454,inf
624355,5,15,10,logT,10,-1.72771,0,88.2149273157,inf
624355,5,15,11,logT,10,-1.72799,0,95.8357367754,inf
624355,5,15,12,logT,10,-1.72807,0.4,103.46566608,932.758613771
624355,5,15,13,logT,10,-1.72807,0.8,111.021574593,317.67192842
624355,5,15,14,logT,10,-1.72807,1,118.562962508,118.562962508
631654,5,15,4,logT,10,-1.69016,0,42.9318706036,inf
631654,5,15,5,logT,10,-1.69179,0,50.8521723032,inf
631654,5,15,6,logT,10,-1.69404,0,58.2915874481,inf
631654,5,15,7,logT,10,-1.69364,0,65.838569665,inf
631654,5,15,8,logT,10,-1.69489,0,73.703342247,inf
631654,5,15,9,logT,10,-1.69582,0,81.1946349382,inf
631654,5,15,10,logT,10,-1.69736,0,88.8896959066,inf
631654,5,15,11,logT,10,-1.69735,0,96.4021342039,inf
631654,5,15,12,logT,10,-1.69762,0,103.72944448,inf
631654,5,15,13,logT,10,-1.69762,0,111.212372923,inf
631654,5,15,14,logT,10,-1.69762,0,119.286832976,inf
631654,5,15,15,logT,10,-1.69762,0,126.391537309,inf
631654,5,15,16,logT,10,-1.69765,0,134.34670856,inf
631654,5,15,17,logT,10,-1.69762,0,142.195774722,inf
631654,5,15,18,logT,10,-1.69768,0.1,149.603225231,6538.9610924
631654,5,15,19,logT,10,-1.69768,0.3,157.351882195,2031.63190717
631654,5,15,20,logT,10,-1.69768,0.1,164.601431513,7194.51305113
631654,5,15,21,logT,10,-1.69768,0.5,172.02746079,1142.92571018
631654,5,15,22,logT,10,-1.69768,1,179.974483514,179.974483514
654105,5,15,4,logT,10,-1.65737,0,42.6181795597,inf
654105,5,15,5,logT,10,-1.65984,0,50.2251065016,inf
654105,5,15,6,logT,10,-1.66262,0,57.8373171806,inf
654105,5,15,7,logT,10,-1.66343,0,65.4856077909,inf
654105,5,15,8,logT,10,-1.66429,0,72.9632920265,inf
654105,5,15,9,logT,10,-1.66402,0,80.5759509802,inf
654105,5,15,10,logT,10,-1.66433,0,88.1941333771,inf
654105,5,15,11,logT,10,-1.66439,0.2,95.7435731649,1975.92736175
654105,5,15,12,logT,10,-1.66439,0.4,103.318543124,931.432278098
654105,5,15,13,logT,10,-1.66439,0.9,110.972529149,221.945058298
658180,5,15,4,logT,10,-1.71871,0,42.6558965683,inf
658180,5,15,5,logT,10,-1.724,0,50.2999346018,inf
658180,5,15,6,logT,10,-1.72678,0,57.9436991215,inf
658180,5,15,7,logT,10,-1.72723,0,65.6037060261,inf
658180,5,15,8,logT,10,-1.7279,0,73.1872327328,inf
658180,5,15,9,logT,10,-1.72802,0,80.8225900173,inf
658180,5,15,10,logT,10,-1.72799,0,88.3872175932,inf
658180,5,15,11,logT,10,-1.72803,0.8,96.002745533,274.697755089
658180,5,15,12,logT,10,-1.72803,1,103.527679539,103.527679539
983552,5,15,4,logT,10,-1.7316,0,42.5768168211,inf
983552,5,15,5,logT,10,-1.73592,0,50.2532179594,inf
983552,5,15,6,logT,10,-1.73733,0,57.8294519901,inf
983552,5,15,7,logT,10,-1.73843,0,65.3706448555,inf
983552,5,15,8,logT,10,-1.73855,0,72.9533135414,inf
983552,5,15,9,logT,10,-1.73856,0.5,80.5005227804,534.833896555
983552,5,15,10,logT,10,-1.73856,1,88.1529388428,88.1529388428
984673,5,15,4,logT,10,-1.69144,0,43.2359873295,inf
984673,5,15,5,logT,10,-1.695,0,50.8488006115,inf
984673,5,15,6,logT,10,-1.69755,0,58.2270703554,inf
984673,5,15,7,logT,10,-1.69847,0,65.9628067255,inf
984673,5,15,8,logT,10,-1.69945,0,73.3667547703,inf
984673,5,15,9,logT,10,-1.69977,0,81.2059447527,inf
984673,5,15,10,logT,10,-1.70002,0,88.7474449158,inf
984673,5,15,11,logT,10,-1.70021,0.1,96.0875205517,4199.85971146
984673,5,15,12,logT,10,-1.70021,0.4,103.683627224,934.723566423
984673,5,15,13,logT,10,-1.70021,0.5,111.52912581,740.983472851
984673,5,15,14,logT,10,-1.70021,0.7,119.052028465,455.371458641
984673,5,15,15,logT,10,-1.70021,0.9,126.65703125,253.3140625
1010826,5,15,4,logT,10,-1.69366,0,42.8207156897,inf
1010826,5,15,5,logT,10,-1.69489,0,50.4759471655,inf
1010826,5,15,6,logT,10,-1.69922,0,58.0101951122,inf
1010826,5,15,7,logT,10,-1.69878,0,65.6045959711,inf
1010826,5,15,8,logT,10,-1.69994,0,73.2174956083,inf
1010826,5,15,9,logT,10,-1.70131,0,80.8195310831,inf
1010826,5,15,10,logT,10,-1.70121,0,88.3611975908,inf
1010826,5,15,11,logT,10,-1.70137,0.2,95.8778465748,1978.69845641
1010826,5,15,12,logT,10,-1.70137,0.2,103.534697914,2136.71827504
1010826,5,15,13,logT,10,-1.70137,0.6,111.098180008,558.366475282
1010826,5,15,14,logT,10,-1.70137,0.6,118.617534542,596.157872831
1010826,5,15,15,logT,10,-1.70137,0.8,126.334691787,361.488164022
1010826,5,15,16,logT,10,-1.70137,0.8,133.973848486,383.346488847
1010826,5,15,17,logT,10,-1.70137,0.8,141.561218762,405.056634431
1010826,5,15,18,logT,10,-1.70137,0.9,149.096176672,298.192353344
1051560,5,15,4,logT,10,-1.62827,0,42.6719870806,inf
1051560,5,15,5,logT,10,-1.63344,0,50.2865611792,inf
1051560,5,15,6,logT,10,-1.63601,0,57.8313513279,inf
1051560,5,15,7,logT,10,-1.63695,0,65.5078356028,inf
1051560,5,15,8,logT,10,-1.63753,0,73.0774811983,inf
1051560,5,15,9,logT,10,-1.63809,0,80.68273561,inf
1051560,5,15,10,logT,10,-1.63858,0,88.2846070528,inf
1051560,5,15,11,logT,10,-1.63918,0,95.8379967213,inf
1051560,5,15,12,logT,10,-1.63919,0.3,103.488981962,1336.1868626
1051560,5,15,13,logT,10,-1.63919,0.5,111.018498731,737.590939971
1051560,5,15,14,logT,10,-1.63919,0.9,118.558170176,237.116340351
1086364,5,15,4,logT,10,-1.69169,0,42.6969216347,inf
1086364,5,15,5,logT,10,-1.69708,0,50.4045515299,inf
1086364,5,15,6,logT,10,-1.70068,0,58.0056009054,inf
1086364,5,15,7,logT,10,-1.70186,0,65.9913909912,inf
1086364,5,15,8,logT,10,-1.70258,0,72.9869390965,inf
1086364,5,15,9,logT,10,-1.70278,0.2,80.6295373201,1664.00838917
1086364,5,15,10,logT,10,-1.70278,0.5,88.2577692032,586.371926216
1086364,5,15,11,logT,10,-1.70278,1,95.8666459084,95.8666459084
1153328,5,15,4,logT,10,-1.67302,0,42.9336576223,inf
1153328,5,15,5,logT,10,-1.67648,0,50.2921789646,inf
1153328,5,15,6,logT,10,-1.67947,0,57.9101597786,inf
1153328,5,15,7,logT,10,-1.67837,0,65.6941422224,inf
1153328,5,15,8,logT,10,-1.67977,0,73.0260864973,inf
1153328,5,15,9,logT,10,-1.68082,0,80.7093297243,inf
1153328,5,15,10,logT,10,-1.68082,0,88.2522330046,inf
1153328,5,15,11,logT,10,-1.68094,0,95.9169224501,inf
1153328,5,15,12,logT,10,-1.68096,0.1,103.410625052,4519.94302071
1153328,5,15,13,logT,10,-1.68096,0.5,110.885804534,736.709338811
1153328,5,15,14,logT,10,-1.68096,0.9,118.479115319,236.958230639
1251908,5,15,4,logT,10,-1.7291,0,42.7769678116,inf
1251908,5,15,5,logT,10,-1.72954,0,50.3567957163,inf
1251908,5,15,6,logT,10,-1.72984,0,58.0019145966,inf
1251908,5,15,7,logT,10,-1.7314,0,65.6056692362,inf
1251908,5,15,8,logT,10,-1.73153,0.2,73.1522536278,1509.69443419
1251908,5,15,9,logT,10,-1.73153,0.7,80.7720242739,308.951262613
1251908,5,15,10,logT,10,-1.73153,1,88.357744956,88.357744956
1430748,5,15,4,logT,10,-1.68011,0,42.5709137201,inf
1430748,5,15,5,logT,10,-1.68713,0,50.220454216,inf
1430748,5,15,6,logT,10,-1.68702,0,57.7363944292,inf
1430748,5,15,7,logT,10,-1.68947,0,65.286500597,inf
1430748,5,15,8,logT,10,-1.69008,0,72.8899416685,inf
1430748,5,15,9,logT,10,-1.68978,0,80.4464466572,inf
1430748,5,15,10,logT,10,-1.69017,0,88.0401968718,inf
1430748,5,15,11,logT,10,-1.69013,0,95.6403654575,inf
1430748,5,15,12,logT,10,-1.69059,0,103.320474911,inf
1430748,5,15,13,logT,10,-1.69038,0,110.892050886,inf
1430748,5,15,14,logT,10,-1.69034,0,118.450593185,inf
1430748,5,15,15,logT,10,-1.69063,0,126.095718288,inf
1430748,5,15,16,logT,10,-1.69044,0,133.743107462,inf
1430748,5,15,17,logT,10,-1.69098,0.1,141.181914473,6170.87662556
1430748,5,15,18,logT,10,-1.69055,0,148.68295567,inf
1430748,5,15,19,logT,10,-1.69044,0,156.236452699,inf
1430748,5,15,20,logT,10,-1.69098,0.1,163.841314316,7161.2893237
1430748,5,15,21,logT,10,-1.69068,0,171.459311748,inf
1430748,5,15,22,logT,10,-1.69098,0.1,179.115519452,7828.90483098
1430748,5,15,23,logT,10,-1.69057,0,186.778285241,inf
1430748,5,15,24,logT,10,-1.69098,0.2,194.844236732,4021.13735585
1430748,5,15,25,logT,10,-1.69056,0,201.911485934,inf
1430748,5,15,26,logT,10,-1.69074,0,209.515776944,inf
1430748,5,15,27,logT,10,-1.69098,0.2,216.928308344,4476.90185174
1430748,5,15,28,logT,10,-1.69098,0.1,224.379171419,9807.31979266
1430748,5,15,29,logT,10,-1.69092,0,232.069571829,inf
1430748,5,15,30,logT,10,-1.69098,0.1,239.706862497,10477.2731004
1430748,5,15,31,logT,10,-1.69098,0.3,247.303629851,3193.03422467
1430748,5,15,32,logT,10,-1.69098,0.3,255.035926843,3292.86894583
1430748,5,15,33,logT,10,-1.69098,0.3,262.546183085,3389.83681174
1430748,5,15,34,logT,10,-1.69098,0.5,270.096923828,1794.48511921
1430748,5,15,35,logT,10,-1.69098,0.5,277.75092361,1845.33719304
1430748,5,15,36,logT,10,-1.69098,0.6,285.275033903,1433.75899727
1430748,5,15,37,logT,10,-1.69098,0.8,292.946374679,838.223022051
1430748,5,15,38,logT,10,-1.69098,0.8,300.510474682,859.866583166
1430748,5,15,39,logT,10,-1.69098,0.8,308.035553002,881.398489467
1430748,5,15,40,logT,10,-1.69098,0.9,315.456870365,630.91374073
1494266,5,15,4,logT,10,-1.70022,0,42.4438248873,inf
1494266,5,15,5,logT,10,-1.70927,0,50.105577755,inf
1494266,5,15,6,logT,10,-1.7076,0,57.7360666513,inf
1494266,5,15,7,logT,10,-1.71118,0,65.2616442919,inf
1494266,5,15,8,logT,10,-1.71154,0,72.9654773951,inf
1494266,5,15,9,logT,10,-1.71194,0,80.4716876984,inf
1494266,5,15,10,logT,10,-1.71164,0,87.9883778811,inf
1494266,5,15,11,logT,10,-1.71164,0,95.5937880516,inf
1494266,5,15,12,logT,10,-1.71178,0,103.260484076,inf
1494266,5,15,13,logT,10,-1.71234,0.2,110.816999364,2287.00824454
1494266,5,15,14,logT,10,-1.71234,0.1,118.35289247,5173.04996494
1494266,5,15,15,logT,10,-1.71226,0,125.956829572,inf
1494266,5,15,16,logT,10,-1.71234,0.2,133.54094944,2755.97836168
1494266,5,15,17,logT,10,-1.71234,0.3,141.206715631,1823.17532515
1494266,5,15,18,logT,10,-1.71234,0.4,148.862643862,1342.01922814
1494266,5,15,19,logT,10,-1.71234,0.5,156.63987484,1040.69280202
1494266,5,15,20,logT,10,-1.71234,0.8,164.140444136,469.663771313
1494266,5,15,21,logT,10,-1.71234,0.8,171.575431466,490.93789548
1494266,5,15,22,logT,10,-1.71234,0.8,179.123003745,512.53416494
1494266,5,15,23,logT,10,-1.71234,1,186.775630116,186.775630116
1526610,5,15,4,logT,10,-1.67933,0,42.7388758421,inf
1526610,5,15,5,logT,10,-1.68641,0,50.3289158344,inf
1526610,5,15,6,logT,10,-1.68797,0,57.9161525726,inf
1526610,5,15,7,logT,10,-1.69133,0,65.4536957741,inf
1526610,5,15,8,logT,10,-1.69199,0,73.0903872967,inf
1526610,5,15,9,logT,10,-1.69287,0,80.5636646509,inf
1526610,5,15,10,logT,10,-1.69342,0,88.2739739895,inf
1526610,5,15,11,logT,10,-1.69344,0.5,95.8699852705,636.946395053
1526610,5,15,12,logT,10,-1.69344,0.9,103.445350409,206.890700817
1575578,5,15,4,logT,10,-1.68067,0,42.6306814432,inf
1575578,5,15,5,logT,10,-1.68372,0,50.2497042656,inf
1575578,5,15,6,logT,10,-1.68615,0,57.7805963039,inf
1575578,5,15,7,logT,10,-1.68711,0,65.501867485,inf
1575578,5,15,8,logT,10,-1.6878,0,73.0581923485,inf
1575578,5,15,9,logT,10,-1.68789,0,80.7239699841,inf
1575578,5,15,10,logT,10,-1.68794,0.5,88.3116741419,586.730062877
1575578,5,15,11,logT,10,-1.68794,0.8,95.9276749849,274.482951743
1575578,5,15,12,logT,10,-1.68794,1,103.499683642,103.499683642
1631660,5,15,4,logT,10,-1.67396,0,43.0750741005,inf
1631660,5,15,5,logT,10,-1.67895,0,50.6031675339,inf
1631660,5,15,6,logT,10,-1.68301,0,58.3965270996,inf
1631660,5,15,7,logT,10,-1.68383,0,65.9780694246,inf
1631660,5,15,8,logT,10,-1.68441,0,73.4816002607,inf
1631660,5,15,9,logT,10,-1.68455,0.2,80.943582058,1670.48955099
1631660,5,15,10,logT,10,-1.68455,0.8,88.6468458176,253.649928517
1631660,5,15,11,logT,10,-1.68455,1,95.9680405378,95.9680405378
1730477,5,15,4,logT,10,-1.63678,0,42.5675074339,inf
1730477,5,15,5,logT,10,-1.63978,0,50.2417984486,inf
1730477,5,15,6,logT,10,-1.64385,0,57.7873264074,inf
1730477,5,15,7,logT,10,-1.64391,0,65.3637235403,inf
1730477,5,15,8,logT,10,-1.64438,0,72.9843704939,inf
1730477,5,15,9,logT,10,-1.64573,0,80.6431477785,inf
1730477,5,15,10,logT,10,-1.64773,0.1,88.0808176756,3849.8972123
1730477,5,15,11,logT,10,-1.64729,0,95.7695084095,inf
1730477,5,15,12,logT,10,-1.64773,0.1,103.247593069,4512.81710618
1730477,5,15,13,logT,10,-1.64773,0.3,110.916366863,1432.0847441
1730477,5,15,14,logT,10,-1.64773,0.5,118.562977219,787.715370072
1730477,5,15,15,logT,10,-1.64773,1,126.11263175,126.11263175
1769991,5,15,4,logT,10,-1.70872,0,43.6965454817,inf
1769991,5,15,5,logT,10,-1.71329,0,51.1488525629,inf
1769991,5,15,6,logT,10,-1.7175,0,59.5122014046,inf
1769991,5,15,7,logT,10,-1.72014,0,66.6399505138,inf
1769991,5,15,8,logT,10,-1.72036,0,74.2824243069,inf
1769991,5,15,9,logT,10,-1.72064,0,81.9727187395,inf
1769991,5,15,10,logT,10,-1.72066,0.6,89.7389727831,451.01759475
1769991,5,15,11,logT,10,-1.72066,0.9,97.7227451563,195.445490313
1791529,5,15,4,logT,10,-1.69563,0,42.7018462658,inf
1791529,5,15,5,logT,10,-1.69996,0,50.3271590471,inf
1791529,5,15,6,logT,10,-1.70181,0,57.8689282417,inf
1791529,5,15,7,logT,10,-1.70264,0,65.4352740288,inf
1791529,5,15,8,logT,10,-1.70388,0,73.0213856459,inf
1791529,5,15,9,logT,10,-1.70447,0.1,80.7131398201,3527.86566007
1791529,5,15,10,logT,10,-1.70445,0,88.3337924242,inf
1791529,5,15,11,logT,10,-1.70447,0.2,95.961817646,1980.43142638
1791529,5,15,12,logT,10,-1.70447,1,103.467758298,103.467758298
1914710,5,15,4,logT,10,-1.67052,0,42.7366234779,inf
1914710,5,15,5,logT,10,-1.67215,0,50.3864247084,inf
1914710,5,15,6,logT,10,-1.67538,0,58.0493206739,inf
1914710,5,15,7,logT,10,-1.67605,0,65.6173305035,inf
1914710,5,15,8,logT,10,-1.67691,0,73.1764254808,inf
1914710,5,15,9,logT,10,-1.67746,0,80.6925811529,inf
1914710,5,15,10,logT,10,-1.67751,0,88.2526054621,inf
1914710,5,15,11,logT,10,-1.67759,0.1,95.8832115889,4190.92963421
1914710,5,15,12,logT,10,-1.67759,0.5,103.435415649,687.210026504
1914710,5,15,13,logT,10,-1.67759,0.9,111.099852991,222.199705982
1958910,5,15,4,logT,10,-1.71798,0,42.908448267,inf
1958910,5,15,5,logT,10,-1.72288,0,50.7003622532,inf
1958910,5,15,6,logT,10,-1.72519,0,58.3288899422,inf
1958910,5,15,7,logT,10,-1.72618,0,65.93225317,inf
1958910,5,15,8,logT,10,-1.72671,0,73.6106468201,inf
1958910,5,15,9,logT,10,-1.72682,0,81.8588984489,inf
1958910,5,15,10,logT,10,-1.72723,0,89.3208342552,inf
1958910,5,15,11,logT,10,-1.72736,0.1,96.6470368624,4224.3154368
1958910,5,15,12,logT,10,-1.72736,0.1,103.76495049,4535.43012165
1958910,5,15,13,logT,10,-1.72736,0.5,111.5769701,741.301343438
1958910,5,15,14,logT,10,-1.72736,0.9,119.294877148,238.589754295
2094269,5,15,4,logT,10,-1.67394,0,42.6437631845,inf
2094269,5,15,5,logT,10,-1.6794,0,50.2618588448,inf
2094269,5,15,6,logT,10,-1.68178,0,57.8148633242,inf
2094269,5,15,7,logT,10,-1.68215,0,65.4635071278,inf
2094269,5,15,8,logT,10,-1.68266,0,72.9537354708,inf
2094269,5,15,9,logT,10,-1.68266,0,80.5077944517,inf
2094269,5,15,10,logT,10,-1.68267,0,88.0862240791,inf
2094269,5,15,11,logT,10,-1.68269,0.4,95.7529652596,863.22745046
2094269,5,15,12,logT,10,-1.68269,0.8,103.35930953,295.747482407
2094269,5,15,13,logT,10,-1.68269,1,110.943058276,110.943058276
2103206,5,15,4,logT,10,-1.72721,0,42.7705132008,inf
2103206,5,15,5,logT,10,-1.73122,0,50.3722872019,inf
2103206,5,15,6,logT,10,-1.73285,0,58.0358708382,inf
2103206,5,15,7,logT,10,-1.73425,0,65.6007210255,inf
2103206,5,15,8,logT,10,-1.73471,0,73.223819375,inf
2103206,5,15,9,logT,10,-1.73502,0,80.8415040493,inf
2103206,5,15,10,logT,10,-1.73526,0.1,88.3840700865,3863.15197811
2103206,5,15,11,logT,10,-1.73526,0.1,95.971259737,4194.77810348
2103206,5,15,12,logT,10,-1.73526,0.7,103.522631717,395.971848736
2103206,5,15,13,logT,10,-1.73526,1,111.092190313,111.092190313
2254005,5,15,4,logT,10,-1.68389,0,42.5469963789,inf
2254005,5,15,5,logT,10,-1.68462,0,50.1314170122,inf
2254005,5,15,6,logT,10,-1.68535,0,57.646415019,inf
2254005,5,15,7,logT,10,-1.6861,0,65.2779099226,inf
2254005,5,15,8,logT,10,-1.6864,0,72.8889539719,inf
2254005,5,15,9,logT,10,-1.68655,0,80.4869954586,inf
2254005,5,15,10,logT,10,-1.68656,0.6,88.0552892923,442.555598198
2254005,5,15,11,logT,10,-1.68656,0.9,95.707769084,191.415538168
2261070,5,15,4,logT,10,-1.66885,0,42.6474772692,inf
2261070,5,15,5,logT,10,-1.67473,0,50.2134993792,inf
2261070,5,15,6,logT,10,-1.67554,0,57.9045237303,inf
2261070,5,15,7,logT,10,-1.67608,0,65.4427198648,inf
2261070,5,15,8,logT,10,-1.67676,0,73.1719627857,inf
2261070,5,15,9,logT,10,-1.67714,0,80.6471552134,inf
2261070,5,15,10,logT,10,-1.67716,0,88.2459279776,inf
2261070,5,15,11,logT,10,-1.67718,0.8,95.8831448793,274.355535386
2261070,5,15,12,logT,10,-1.67718,1,103.439388871,103.439388871
2330819,5,15,4,logT,10,-1.7036,0,44.7638553143,inf
2330819,5,15,5,logT,10,-1.71063,0,51.3181643009,inf
2330819,5,15,6,logT,10,-1.71199,0,59.3071721077,inf
2330819,5,15,7,logT,10,-1.71394,0,66.5256101131,inf
2330819,5,15,8,logT,10,-1.71399,0,74.2317121506,inf
2330819,5,15,9,logT,10,-1.71491,0.3,82.0879991055,1059.87037366
2330819,5,15,10,logT,10,-1.71491,0.5,89.8238162279,596.776517435
2330819,5,15,11,logT,10,-1.71491,1,97.1610811234,97.1610811234
2471202,5,15,4,logT,10,-1.64182,0,42.4795902252,inf
2471202,5,15,5,logT,10,-1.64573,0,50.0529438972,inf
2471202,5,15,6,logT,10,-1.64979,0,57.6331896544,inf
2471202,5,15,7,logT,10,-1.65047,0,65.2137153625,inf
2471202,5,15,8,logT,10,-1.65194,0,72.8530465841,inf
2471202,5,15,9,logT,10,-1.65144,0,80.4628047466,inf
2471202,5,15,10,logT,10,-1.65268,0,88.1026003361,inf
2471202,5,15,11,logT,10,-1.65239,0,95.6685889482,inf
2471202,5,15,12,logT,10,-1.65262,0,103.165193343,inf
2471202,5,15,13,logT,10,-1.65274,0,110.791834521,inf
2471202,5,15,14,logT,10,-1.65271,0,118.45200491,inf
2471202,5,15,15,logT,10,-1.65272,0,126.05384922,inf
2471202,5,15,16,logT,10,-1.6528,0.1,133.711617112,5844.35970914
2471202,5,15,17,logT,10,-1.6528,0.1,141.220941854,6172.58246128
2471202,5,15,18,logT,10,-1.6528,0.1,148.83905592,6505.56025236
2471202,5,15,19,logT,10,-1.6528,0.6,156.430162215,786.199722603
2471202,5,15,20,logT,10,-1.6528,0.3,163.988229537,2117.31639228
2471202,5,15,21,logT,10,-1.6528,0.7,171.608682084,656.399532905
2471202,5,15,22,logT,10,-1.6528,0.9,179.249614763,358.499229527
2475263,5,15,4,logT,10,-1.6824,0,42.5461663961,inf
2475263,5,15,5,logT,10,-1.68647,0,50.3064840794,inf
2475263,5,15,6,logT,10,-1.68966,0,57.865546155,inf
2475263,5,15,7,logT,10,-1.69041,0,65.3647817612,inf
2475263,5,15,8,logT,10,-1.69087,0,72.9878489494,inf
2475263,5,15,9,logT,10,-1.69088,0.1,80.5209471941,3519.46517204
2475263,5,15,10,logT,10,-1.69088,0.1,88.1733957291,3853.9436778
2475263,5,15,11,logT,10,-1.69088,0.8,95.7619402885,274.008726253
2475263,5,15,12,logT,10,-1.69088,1,103.392773747,103.392773747
2494091,5,15,4,logT,10,-1.68583,0,42.5215247393,inf
2494091,5,15,5,logT,10,-1.68787,0,50.1112568378,inf
2494091,5,15,6,logT,10,-1.69183,0,57.757640481,inf
2494091,5,15,7,logT,10,-1.69248,0,65.3915134192,inf
2494091,5,15,8,logT,10,-1.69311,0,72.9996316195,inf
2494091,5,15,9,logT,10,-1.69311,0,80.5863277912,inf
2494091,5,15,10,logT,10,-1.69335,0.2,88.1165124893,1818.52235397
2494091,5,15,11,logT,10,-1.69335,0.5,95.7437086582,636.107431401
2494091,5,15,12,logT,10,-1.69335,1,103.236370564,103.236370564
2575023,5,15,4,logT,10,-1.6999,0,42.6853904486,inf
2575023,5,15,5,logT,10,-1.70519,0,50.2303136826,inf
2575023,5,15,6,logT,10,-1.70685,0,57.91876297,inf
2575023,5,15,7,logT,10,-1.70838,0,65.4556559086,inf
2575023,5,15,8,logT,10,-1.7092,0,73.0627900362,inf
2575023,5,15,9,logT,10,-1.70921,0.4,80.6034281015,726.652083827
2575023,5,15,10,logT,10,-1.70921,1,88.2283890963,88.2283890963
2622727,5,15,4,logT,10,-1.67847,0,42.5192855358,inf
2622727,5,15,5,logT,10,-1.68197,0,50.0770224333,inf
2622727,5,15,6,logT,10,-1.68497,0,57.7004397154,inf
2622727,5,15,7,logT,10,-1.68667,0,65.3162644148,inf
2622727,5,15,8,logT,10,-1.68713,0.1,72.8143627882,3182.62045825
2622727,5,15,9,logT,10,-1.68713,0.7,80.4104738712,307.568340068
2622727,5,15,10,logT,10,-1.68713,1,88.0647608519,88.0647608519
2629801,5,15,4,logT,10,-1.67681,0,42.6019304752,inf
2629801,5,15,5,logT,10,-1.68462,0,50.2550361633,inf
2629801,5,15,6,logT,10,-1.68642,0,57.8159126997,inf
2629801,5,15,7,logT,10,-1.69002,0,65.4071692228,inf
2629801,5,15,8,logT,10,-1.69044,0,72.9141392946,inf
2629801,5,15,9,logT,10,-1.69113,0,80.4578632832,inf
2629801,5,15,10,logT,10,-1.6916,0.1,88.219953227,3855.97864507
2629801,5,15,11,logT,10,-1.69152,0,95.8691295147,inf
2629801,5,15,12,logT,10,-1.6916,0.5,103.458657217,687.364440137
2629801,5,15,13,logT,10,-1.6916,1,111.021275806,111.021275806
2633193,5,15,4,logT,10,-1.6781,0,42.9442159653,inf
2633193,5,15,5,logT,10,-1.68331,0,50.8381836653,inf
2633193,5,15,6,logT,10,-1.6858,0,58.2428663254,inf
2633193,5,15,7,logT,10,-1.687,0,65.888408041,inf
2633193,5,15,8,logT,10,-1.68978,0,73.5052858829,inf
2633193,5,15,9,logT,10,-1.69021,0,81.1911018133,inf
2633193,5,15,10,logT,10,-1.6899,0,88.6928445339,inf
2633193,5,15,11,logT,10,-1.69039,0.1,96.8017271757,4231.07674785
2633193,5,15,12,logT,10,-1.69031,0,103.972101927,inf
2633193,5,15,13,logT,10,-1.69036,0,111.496857047,inf
2633193,5,15,14,logT,10,-1.69036,0,119.131490636,inf
2633193,5,15,15,logT,10,-1.69036,0,126.436890388,inf
2633193,5,15,16,logT,10,-1.69036,0,134.155200028,inf
2633193,5,15,17,logT,10,-1.69039,0.2,141.970658374,2929.94818527
2633193,5,15,18,logT,10,-1.69036,0,149.318132615,inf
2633193,5,15,19,logT,10,-1.69039,0.1,157.060646915,6864.91522988
2633193,5,15,20,logT,10,-1.69039,0.4,164.657280803,1484.41026679
2633193,5,15,21,logT,10,-1.69039,0.6,172.291254663,865.915720505
2633193,5,15,22,logT,10,-1.69039,0.4,179.745878482,1620.43625482
2633193,5,15,23,logT,10,-1.69039,0.5,187.609958267,1246.4535825
2633193,5,15,24,logT,10,-1.69039,1,195.251921701,195.251921701
2702397,5,15,4,logT,10,-1.72009,0,42.6851293325,inf
2702397,5,15,5,logT,10,-1.72369,0,50.3662419081,inf
2702397,5,15,6,logT,10,-1.72586,0,57.9976706028,inf
2702397,5,15,7,logT,10,-1.72728,0,65.5755844593,inf
2702397,5,15,8,logT,10,-1.72742,0,73.1508065939,inf
2702397,5,15,9,logT,10,-1.72822,0,80.7754169464,inf
2702397,5,15,10,logT,10,-1.72818,0,88.3655344009,inf
2702397,5,15,11,logT,10,-1.72822,0,95.891713357,inf
2702397,5,15,12,logT,10,-1.72828,0.6,103.493450379,520.145992481
2702397,5,15,13,logT,10,-1.72828,0.9,111.192970085,222.38594017
2892506,5,15,4,logT,10,-1.71024,0,42.6035260439,inf
2892506,5,15,5,logT,10,-1.71194,0,50.2830080748,inf
2892506,5,15,6,logT,10,-1.7144,0,57.870972681,inf
2892506,5,15,7,logT,10,-1.71508,0,65.3899505615,inf
2892506,5,15,8,logT,10,-1.7157,0,73.0506518364,inf
2892506,5,15,9,logT,10,-1.7159,0,80.6360497952,inf
2892506,5,15,10,logT,10,-1.71593,0.1,88.2881216764,3858.95819874
2892506,5,15,11,logT,10,-1.71593,0.7,95.7820857286,366.364426144
2892506,5,15,12,logT,10,-1.71593,0.9,103.374753737,206.749507475
3139424,5,15,4,logT,10,-1.66289,0,43.1901497126,inf
3139424,5,15,5,logT,10,-1.67053,0,50.7368551731,inf
3139424,5,15,6,logT,10,-1.67026,0,58.2122448206,inf
3139424,5,15,7,logT,10,-1.67342,0,65.7746207476,inf
3139424,5,15,8,logT,10,-1.67375,0,73.3592464447,inf
3139424,5,15,9,logT,10,-1.67679,0,81.2480952978,inf
3139424,5,15,10,logT,10,-1.67717,0,88.7922868013,inf
3139424,5,15,11,logT,10,-1.6773,0,96.2855387688,inf
3139424,5,15,12,logT,10,-1.67747,0.1,104.178540349,4553.50759285
3139424,5,15,13,logT,10,-1.67747,0.4,111.68403039,1006.84840986
3139424,5,15,14,logT,10,-1.67747,0.9,119.259910798,238.519821596
3212296,5,15,4,logT,10,-1.71987,0,42.7591628551,inf
3212296,5,15,5,logT,10,-1.72442,0,50.376823163,inf
3212296,5,15,6,logT,10,-1.72822,0,57.9728334188,inf
3212296,5,15,7,logT,10,-1.72745,0,65.4914415121,inf
3212296,5,15,8,logT,10,-1.72911,0,73.1456465006,inf
3212296,5,15,9,logT,10,-1.72928,0.2,80.7151575327,1665.77539363
3212296,5,15,10,logT,10,-1.72928,1,88.2625925779,88.2625925779
3240710,5,15,4,logT,10,-1.68009,0,42.644045043,inf
3240710,5,15,5,logT,10,-1.68415,0,50.2854664564,inf
3240710,5,15,6,logT,10,-1.6884,0,57.9112195492,inf
3240710,5,15,7,logT,10,-1.68851,0,65.4389222145,inf
3240710,5,15,8,logT,10,-1.68981,0,73.0248453617,inf
3240710,5,15,9,logT,10,-1.68965,0,80.5608027458,inf
3240710,5,15,10,logT,10,-1.68995,0,88.0432206869,inf
3240710,5,15,11,logT,10,-1.68998,0,95.6309944153,inf
3240710,5,15,12,logT,10,-1.69005,0.6,103.345582533,519.402825957
3240710,5,15,13,logT,10,-1.69005,0.8,110.808065033,317.061002176
3240710,5,15,14,logT,10,-1.69005,1,118.407927108,118.407927108
3259621,5,15,4,logT,10,-1.69089,0,42.5854861498,inf
3259621,5,15,5,logT,10,-1.69483,0,50.138258338,inf
3259621,5,15,6,logT,10,-1.6965,0,57.8248086452,inf
3259621,5,15,7,logT,10,-1.69779,0,65.4022832394,inf
3259621,5,15,8,logT,10,-1.69784,0,73.0954352379,inf
3259621,5,15,9,logT,10,-1.69826,0.1,80.5805573225,3522.0706527
3259621,5,15,10,logT,10,-1.69826,0.5,88.2268058538,586.166210176
3259621,5,15,11,logT,10,-1.69826,1,95.7276046038,95.7276046038
3328448,5,15,4,logT,10,-1.67943,0,43.41592803,inf
3328448,5,15,5,logT,10,-1.68561,0,50.7786516428,inf
3328448,5,15,6,logT,10,-1.68775,0,58.2257216215,inf
3328448,5,15,7,logT,10,-1.68936,0,65.7654317617,inf
3328448,5,15,8,logT,10,-1.68994,0,73.2394036531,inf
3328448,5,15,9,logT,10,-1.69058,0,80.9454240799,inf
3328448,5,15,10,logT,10,-1.69074,0,88.6959896326,inf
3328448,5,15,11,logT,10,-1.69081,0.2,96.6801413774,1995.25597772
3328448,5,15,12,logT,10,-1.69081,0.6,104.107647157,523.23287374
3328448,5,15,13,logT,10,-1.69081,1,111.350689411,111.350689411
3396452,5,15,4,logT,10,-1.69276,0,42.5434653759,inf
3396452,5,15,5,logT,10,-1.69907,0,50.2029148579,inf
3396452,5,15,6,logT,10,-1.70224,0,57.8641263008,inf
3396452,5,15,7,logT,10,-1.70298,0,65.3879488945,inf
3396452,5,15,8,logT,10,-1.70298,0,72.9699393749,inf
3396452,5,15,9,logT,10,-1.70343,0,80.4565743208,inf
3396452,5,15,10,logT,10,-1.70352,0.4,87.9578903675,792.953672442
3396452,5,15,11,logT,10,-1.70352,1,95.7131231785,95.7131231785
3603850,5,15,4,logT,10,-1.67526,0,42.6664179802,inf
3603850,5,15,5,logT,10,-1.67816,0,50.2881134272,inf
3603850,5,15,6,logT,10,-1.68095,0,57.9194078445,inf
3603850,5,15,7,logT,10,-1.68205,0,65.5395175934,inf
3603850,5,15,8,logT,10,-1.68315,0,73.0607233286,inf
3603850,5,15,9,logT,10,-1.68315,0,80.686148715,inf
3603850,5,15,10,logT,10,-1.68343,0.1,88.2991974115,3859.44230462
3603850,5,15,11,logT,10,-1.68343,0.2,95.7545110464,1976.15309449
3603850,5,15,12,logT,10,-1.68343,1,103.320227766,103.320227766
3633003,5,15,4,logT,10,-1.66182,0,42.6421269178,inf
3633003,5,15,5,logT,10,-1.66664,0,50.2314933538,inf
3633003,5,15,6,logT,10,-1.66945,0,57.8974242926,inf
3633003,5,15,7,logT,10,-1.66884,0,65.5381993294,inf
3633003,5,15,8,logT,10,-1.67056,0,73.0434831381,inf
3633003,5,15,9,logT,10,-1.67285,0,80.6281894922,inf
3633003,5,15,10,logT,10,-1.6727,0,88.2393838882,inf
3633003,5,15,11,logT,10,-1.67301,0,95.7854362726,inf
3633003,5,15,12,logT,10,-1.67308,0.1,103.399490809,4519.45635753
3633003,5,15,13,logT,10,-1.67308,0.1,110.903697205,4847.45539345
3633003,5,15,14,logT,10,-1.67308,0.6,118.75547781,596.851159582
3633003,5,15,15,logT,10,-1.67308,0.9,126.214818764,252.429637527
3713812,5,15,4,logT,10,-1.72944,0,42.6054514408,inf
3713812,5,15,5,logT,10,-1.73306,0,50.3055423498,inf
3713812,5,15,6,logT,10,-1.73609,0,57.8473268032,inf
3713812,5,15,7,logT,10,-1.73795,0,65.545457983,inf
3713812,5,15,8,logT,10,-1.73911,0,73.0930547714,inf
3713812,5,15,9,logT,10,-1.73957,0,80.6612918854,inf
3713812,5,15,10,logT,10,-1.73954,0,88.2029388189,inf
3713812,5,15,11,logT,10,-1.73963,0.5,95.8871396542,637.060366311
3713812,5,15,12,logT,10,-1.73963,0.9,103.496417999,206.992835999
3727510,5,15,4,logT,10,-1.68929,0,43.6112650871,inf
3727510,5,15,5,logT,10,-1.6932,0,50.6804961205,inf
3727510,5,15,6,logT,10,-1.69543,0,58.3318474054,inf
3727510,5,15,7,logT,10,-1.6966,0,66.0346927404,inf
3727510,5,15,8,logT,10,-1.6971,0,73.6072271347,inf
3727510,5,15,9,logT,10,-1.69759,0,81.9024809361,inf
3727510,5,15,10,logT,10,-1.69772,0.7,89.2726698399,341.466049809
3727510,5,15,11,logT,10,-1.69772,0.9,96.9484110117,193.896822023
3730240,5,15,4,logT,10,-1.69518,0,42.6497276068,inf
3730240,5,15,5,logT,10,-1.70208,0,50.619382906,inf
3730240,5,15,6,logT,10,-1.704,0,57.7658583164,inf
3730240,5,15,7,logT,10,-1.70706,0,65.4280524969,inf
3730240,5,15,8,logT,10,-1.70812,0,72.9552387714,inf
3730240,5,15,9,logT,10,-1.70889,0,80.6816748381,inf
3730240,5,15,10,logT,10,-1.70893,0.4,88.2588083982,795.666493959
3730240,5,15,11,logT,10,-1.70893,0.7,95.7658895016,366.302475922
3730240,5,15,12,logT,10,-1.70893,1,103.334016895,103.334016895
3883519,5,15,4,logT,10,-1.67745,0,43.082420516,inf
3883519,5,15,5,logT,10,-1.68238,0,50.6400192976,inf
3883519,5,15,6,logT,10,-1.68459,0,59.0840035915,inf
3883519,5,15,7,logT,10,-1.68591,0,65.8739012003,inf
3883519,5,15,8,logT,10,-1.68599,0,73.452695775,inf
3883519,5,15,9,logT,10,-1.68623,0,81.0558299541,inf
3883519,5,15,10,logT,10,-1.68642,0.1,88.4691394567,3866.8702489
3883519,5,15,11,logT,10,-1.68642,0.1,96.329466033,4210.43483166
3883519,5,15,12,logT,10,-1.68642,0.6,103.756149244,521.466286291
3883519,5,15,13,logT,10,-1.68642,1,111.248506641,111.248506641
3996225,5,15,4,logT,10,-1.70179,0,42.7466375828,inf
3996225,5,15,5,logT,10,-1.70749,0,50.4094571829,inf
3996225,5,15,6,logT,10,-1.70955,0,57.9150127411,inf
3996225,5,15,7,logT,10,-1.71131,0,65.5197056532,inf
3996225,5,15,8,logT,10,-1.71288,0,73.0762932539,inf
3996225,5,15,9,logT,10,-1.7131,0,80.7463454485,inf
3996225,5,15,10,logT,10,-1.71324,0.2,88.3352974892,1823.03757367
3996225,5,15,11,logT,10,-1.71324,0.4,95.8974513531,864.530014426
3996225,5,15,12,logT,10,-1.71324,1,103.577863979,103.577863979
4030608,5,15,4,logT,10,-1.69269,0,42.6438222408,inf
4030608,5,15,5,logT,10,-1.69828,0,50.3355700493,inf
4030608,5,15,6,logT,10,-1.70185,0,57.9515907288,inf
4030608,5,15,7,logT,10,-1.70275,0,65.524424696,inf
4030608,5,15,8,logT,10,-1.70362,0,73.0851603746,inf
4030608,5,15,9,logT,10,-1.7044,0,80.6686947584,inf
4030608,5,15,10,logT,10,-1.70413,0,88.2928570747,inf
4030608,5,15,11,logT,10,-1.70531,0,95.8397420406,inf
4030608,5,15,12,logT,10,-1.70561,0,103.47815187,inf
4030608,5,15,13,logT,10,-1.70561,0,111.024688172,inf
4030608,5,15,14,logT,10,-1.70571,0.1,118.643179178,5185.73801686
4030608,5,15,15,logT,10,-1.70571,0.6,126.114649272,633.837495721
4030608,5,15,16,logT,10,-1.70571,0.9,133.737759614,267.475519228
4043709,5,15,4,logT,10,-1.66129,0,42.6655631781,inf
4043709,5,15,5,logT,10,-1.66867,0,50.3435556889,inf
4043709,5,15,6,logT,10,-1.67115,0,57.9327286243,inf
4043709,5,15,7,logT,10,-1.67213,0,65.5687615633,inf
4043709,5,15,8,logT,10,-1.67275,0.1,73.1113048077,3195.59940512
4043709,5,15,9,logT,10,-1.67275,0.7,80.6940508842,308.653016068
4043709,5,15,10,logT,10,-1.67275,1,88.262812376,88.262812376
4068529,5,15,4,logT,10,-1.65305,0,42.7173007488,inf
4068529,5,15,5,logT,10,-1.65771,0,50.2559929132,inf
4068529,5,15,6,logT,10,-1.66252,0,57.8240592241,inf
4068529,5,15,7,logT,10,-1.66192,0,65.3966239691,inf
4068529,5,15,8,logT,10,-1.66421,0,72.8982302189,inf
4068529,5,15,9,logT,10,-1.6643,0,80.4577252388,inf
4068529,5,15,10,logT,10,-1.6652,0,88.1130393028,inf
4068529,5,15,11,logT,10,-1.66534,0,95.6332040787,inf
4068529,5,15,12,logT,10,-1.66537,0.3,103.261809731,1333.25375276
4068529,5,15,13,logT,10,-1.66537,0.8,110.892367744,317.302222002
4068529,5,15,14,logT,10,-1.66537,1,118.45513463,118.45513463
4087272,5,15,4,logT,10,-1.72739,0,42.7168296576,inf
4087272,5,15,5,logT,10,-1.73347,0,50.2646604061,inf
4087272,5,15,6,logT,10,-1.73271,0,58.0315727711,inf
4087272,5,15,7,logT,10,-1.73385,0,65.5886781693,inf
4087272,5,15,8,logT,10,-1.73399,0,73.0978649616,inf
4087272,5,15,9,logT,10,-1.73405,0,80.6418782711,inf
4087272,5,15,10,logT,10,-1.73407,0.9,88.2370894432,176.474178886
4187807,5,15,4,logT,10,-1.71091,0,42.5354779482,inf
4187807,5,15,5,logT,10,-1.71445,0,50.1788732529,inf
4187807,5,15,6,logT,10,-1.71798,0,57.7293099642,inf
4187807,5,15,7,logT,10,-1.72038,0,65.3195091724,inf
4187807,5,15,8,logT,10,-1.72036,0,73.031529212,inf
4187807,5,15,9,logT,10,-1.72057,0,80.5531151295,inf
4187807,5,15,10,logT,10,-1.72061,0,88.1123302698,inf
4187807,5,15,11,logT,10,-1.72066,0.2,95.7391544104,1975.83616881
4187807,5,15,12,logT,10,-1.72066,0.6,103.380785966,519.5797543
4187807,5,15,13,logT,10,-1.72066,1,111.077363658,111.077363658
4197361,5,15,4,logT,10,-1.67869,0,42.5233052254,inf
4197361,5,15,5,logT,10,-1.68591,0,50.1236570358,inf
4197361,5,15,6,logT,10,-1.68719,0,57.7945928335,inf
4197361,5,15,7,logT,10,-1.68852,0,65.4141067743,inf
4197361,5,15,8,logT,10,-1.68861,0,73.0181208372,inf
4197361,5,15,9,logT,10,-1.68902,0,80.5793372154,inf
4197361,5,15,10,logT,10,-1.68923,0,88.2070129395,inf
4197361,5,15,11,logT,10,-1.68917,0,95.7956330538,inf
4197361,5,15,12,logT,10,-1.68937,0,103.47844696,inf
4197361,5,15,13,logT,10,-1.68943,0,110.974773264,inf
4197361,5,15,14,logT,10,-1.68945,0.4,118.534853458,1068.609615
4197361,5,15,15,logT,10,-1.68945,0.5,126.097605133,837.774354379
4197361,5,15,16,logT,10,-1.68945,0.5,133.795868349,888.920508097
4197361,5,15,17,logT,10,-1.68945,1,141.550223374,141.550223374
4490197,5,15,4,logT,10,-1.71925,0,43.3342181921,inf
4490197,5,15,5,logT,10,-1.722,0,50.6900077343,inf
4490197,5,15,6,logT,10,-1.72393,0,58.1778532505,inf
4490197,5,15,7,logT,10,-1.72557,0,66.3379208326,inf
4490197,5,15,8,logT,10,-1.72634,0,73.637878108,inf
4490197,5,15,9,logT,10,-1.72636,0,81.0783329725,inf
4490197,5,15,10,logT,10,-1.7264,0.2,89.0771341324,1838.34737748
4490197,5,15,11,logT,10,-1.7264,1,96.9878142595,96.9878142595
4621654,5,15,4,logT,10,-1.68116,0,42.6625934839,inf
4621654,5,15,5,logT,10,-1.68482,0,50.3651590109,inf
4621654,5,15,6,logT,10,-1.68939,0,57.9346984863,inf
4621654,5,15,7,logT,10,-1.69127,0,65.3960421324,inf
4621654,5,15,8,logT,10,-1.69139,0,73.0750654697,inf
4621654,5,15,9,logT,10,-1.69155,0,80.6438773155,inf
4621654,5,15,10,logT,10,-1.69259,0,88.615485549,inf
4621654,5,15,11,logT,10,-1.69278,0.2,95.8168680668,1977.44000011
4621654,5,15,12,logT,10,-1.69278,0.4,103.490885091,932.985966969
4621654,5,15,13,logT,10,-1.69278,0.9,111.09788835,222.195776701
4911238,5,15,4,logT,10,-1.72513,0,42.5940704584,inf
4911238,5,15,5,logT,10,-1.72997,0,50.2744609118,inf
4911238,5,15,6,logT,10,-1.73292,0,57.8631562471,inf
4911238,5,15,7,logT,10,-1.7344,0,65.3867805004,inf
4911238,5,15,8,logT,10,-1.73547,0,72.9929217577,inf
4911238,5,15,9,logT,10,-1.73549,0,80.530429697,inf
4911238,5,15,10,logT,10,-1.73571,0,88.1133957624,inf
4911238,5,15,11,logT,10,-1.73575,0.6,95.6758150339,480.855470417
4911238,5,15,12,logT,10,-1.73575,0.9,103.300446057,206.600892115
4931967,5,15,4,logT,10,-1.70378,0,44.3604956627,inf
4931967,5,15,5,logT,10,-1.71081,0,51.3408856869,inf
4931967,5,15,6,logT,10,-1.71213,0,59.5408987761,inf
4931967,5,15,7,logT,10,-1.71371,0,66.2373064756,inf
4931967,5,15,8,logT,10,-1.71389,0,73.9770279646,inf
4931967,5,15,9,logT,10,-1.71426,0.1,81.7734963179,3574.21245422
4931967,5,15,10,logT,10,-1.71426,0.6,89.693331933,450.788209169
4931967,5,15,11,logT,10,-1.71426,1,97.5965915442,97.5965915442
4955389,5,15,4,logT,10,-1.67132,0,42.6144172192,inf
4955389,5,15,5,logT,10,-1.67381,0,50.2319089651,inf
4955389,5,15,6,logT,10,-1.67773,0,57.8152297974,inf
4955389,5,15,7,logT,10,-1.6794,0,65.2610572815,inf
4955389,5,15,8,logT,10,-1.67959,0,72.8941755772,inf
4955389,5,15,9,logT,10,-1.68006,0,80.510099411,inf
4955389,5,15,10,logT,10,-1.6801,0.4,88.1032439947,794.264057355
4955389,5,15,11,logT,10,-1.6801,0.7,95.6185780525,365.739012785
4955389,5,15,12,logT,10,-1.6801,1,103.217554784,103.217554784
4960753,5,15,4,logT,10,-1.65898,0,42.5525556564,inf
4960753,5,15,5,logT,10,-1.66537,0,50.1572234392,inf
4960753,5,15,6,logT,10,-1.66795,0,57.7809855223,inf
4960753,5,15,7,logT,10,-1.67,0,65.3577199459,inf
4960753,5,15,8,logT,10,-1.67028,0,73.0810845375,inf
4960753,5,15,9,logT,10,-1.67037,0,80.6496621609,inf
4960753,5,15,10,logT,10,-1.67041,0.4,88.1944412947,795.086214794
4960753,5,15,11,logT,10,-1.67041,1,95.7891159296,95.7891159296
5049071,5,15,4,logT,10,-1.68254,0,42.7399064541,inf
5049071,5,15,5,logT,10,-1.68551,0,50.2961111069,inf
5049071,5,15,6,logT,10,-1.68851,0,57.9697906017,inf
5049071,5,15,7,logT,10,-1.68931,0,65.4152788639,inf
5049071,5,15,8,logT,10,-1.68984,0,73.059805727,inf
5049071,5,15,9,logT,10,-1.68998,0,80.6663695574,inf
5049071,5,15,10,logT,10,-1.69004,0.3,88.2165276766,1138.99821132
5049071,5,15,11,logT,10,-1.69004,0.7,95.8725569725,366.710476713
5049071,5,15,12,logT,10,-1.69004,1,103.453832626,103.453832626
5105258,5,15,4,logT,10,-1.73949,0,43.0890567541,inf
5105258,5,15,5,logT,10,-1.74258,0,50.9242919683,inf
5105258,5,15,6,logT,10,-1.74556,0,58.5601046801,inf
5105258,5,15,7,logT,10,-1.74569,0,66.0852280378,inf
5105258,5,15,8,logT,10,-1.74675,0,73.3106139898,inf
5105258,5,15,9,logT,10,-1.74743,0,80.9239073515,inf
5105258,5,15,10,logT,10,-1.74824,0,88.5435315132,inf
5105258,5,15,11,logT,10,-1.74839,0,96.1735692263,inf
5105258,5,15,12,logT,10,-1.74847,0,103.820481825,inf
5105258,5,15,13,logT,10,-1.74864,0.1,111.348153281,4866.88198661
5105258,5,15,14,logT,10,-1.74859,0,118.95590024,inf
5105258,5,15,15,logT,10,-1.74864,0.2,126.794984889,2616.75715343
5105258,5,15,16,logT,10,-1.74864,0.6,134.143758941,674.190863032
5105258,5,15,17,logT,10,-1.74864,0.9,141.872019243,283.744038486
5314052,5,15,4,logT,10,-1.69883,0,42.7900565386,inf
5314052,5,15,5,logT,10,-1.7058,0,50.3743648529,inf
5314052,5,15,6,logT,10,-1.70733,0,58.0181277275,inf
5314052,5,15,7,logT,10,-1.70987,0,65.5859179497,inf
5314052,5,15,8,logT,10,-1.70995,0,73.2459923267,inf
5314052,5,15,9,logT,10,-1.71041,0.1,80.7248065233,3528.3755964
5314052,5,15,10,logT,10,-1.71041,0.1,88.2613306522,3857.78719815
5314052,5,15,11,logT,10,-1.71041,0.9,95.9107928038,191.821585608
5406329,5,15,4,logT,10,-1.70466,0,42.560735774,inf
5406329,5,15,5,logT,10,-1.70686,0,50.2225848198,inf
5406329,5,15,6,logT,10,-1.71034,0,57.7795591354,inf
5406329,5,15,7,logT,10,-1.71289,0,65.329477334,inf
5406329,5,15,8,logT,10,-1.71291,0,73.0098732233,inf
5406329,5,15,9,logT,10,-1.71316,0,80.6023702383,inf
5406329,5,15,10,logT,10,-1.71326,0,88.2358259678,inf
5406329,5,15,11,logT,10,-1.71336,0,95.8177731991,inf
5406329,5,15,12,logT,10,-1.71337,0.1,103.28333838,4514.37948691
5406329,5,15,13,logT,10,-1.71337,0.8,110.926486015,317.399846423
5406329,5,15,14,logT,10,-1.71337,1,118.495958114,118.495958114
5550256,5,15,4,logT,10,-1.69577,0,42.6678972721,inf
5550256,5,15,5,logT,10,-1.70167,0,50.3024171591,inf
5550256,5,15,6,logT,10,-1.70476,0,57.8085621357,inf
5550256,5,15,7,logT,10,-1.70409,0,65.4506422281,inf
5550256,5,15,8,logT,10,-1.7047,0,72.9480195522,inf
5550256,5,15,9,logT,10,-1.70486,0,80.6464640379,inf
5550256,5,15,10,logT,10,-1.7049,0.6,88.3069739819,443.820536048
5550256,5,15,11,logT,10,-1.7049,0.9,95.8756731272,191.751346254
5551067,5,15,4,logT,10,-1.66534,0,42.5178586721,inf
5551067,5,15,5,logT,10,-1.67168,0,50.2115861654,inf
5551067,5,15,6,logT,10,-1.67452,0,57.846349287,inf
5551067,5,15,7,logT,10,-1.67565,0,65.4320814371,inf
5551067,5,15,8,logT,10,-1.67639,0,73.0317080498,inf
5551067,5,15,9,logT,10,-1.6766,0,80.6054271936,inf
5551067,5,15,10,logT,10,-1.67663,0.2,88.3050054312,1822.41241519
5551067,5,15,11,logT,10,-1.67663,0.9,95.8588437319,191.717687464
5672028,5,15,4,logT,10,-1.67477,0,42.5905650139,inf
5672028,5,15,5,logT,10,-1.681,0,50.2020331621,inf
5672028,5,15,6,logT,10,-1.68198,0,57.8288293362,inf
5672028,5,15,7,logT,10,-1.68267,0,65.2841130733,inf
5672028,5,15,8,logT,10,-1.68293,0.1,73.0664760828,3193.64000025
5672028,5,15,9,logT,10,-1.68293,0.5,80.6910541534,536.099759597
5672028,5,15,10,logT,10,-1.68293,1,88.1759900331,88.1759900331
5719349,5,15,4,logT,10,-1.65726,0,43.5783595324,inf
5719349,5,15,5,logT,10,-1.66008,0,50.6955143929,inf
5719349,5,15,6,logT,10,-1.66396,0,57.9509710073,inf
5719349,5,15,7,logT,10,-1.66408,0,65.6162318707,inf
5719349,5,15,8,logT,10,-1.66474,0,73.1693259954,inf
5719349,5,15,9,logT,10,-1.66501,0,80.7387474775,inf
5719349,5,15,10,logT,10,-1.66513,0,89.3993340015,inf
5719349,5,15,11,logT,10,-1.66523,0,96.2914596081,inf
5719349,5,15,12,logT,10,-1.66523,0,103.82681756,inf
5719349,5,15,13,logT,10,-1.66526,0,111.327626228,inf
5719349,5,15,14,logT,10,-1.66526,0,119.237932897,inf
5719349,5,15,15,logT,10,-1.66526,0,127.038805628,inf
5719349,5,15,16,logT,10,-1.66526,0,134.436400676,inf
5719349,5,15,17,logT,10,-1.66526,0,141.87198081,inf
5719349,5,15,18,logT,10,-1.66526,0,149.687817192,inf
5719349,5,15,19,logT,10,-1.66535,0,157.051215601,inf
5719349,5,15,20,logT,10,-1.66526,0,164.526577687,inf
5719349,5,15,21,logT,10,-1.66537,0,172.148807073,inf
5719349,5,15,22,logT,10,-1.66541,0,179.77999959,inf
5719349,5,15,23,logT,10,-1.66526,0,187.231148028,inf
5719349,5,15,24,logT,10,-1.66526,0,194.843758535,inf
5719349,5,15,25,logT,10,-1.66535,0,202.653391886,inf
5719349,5,15,26,logT,10,-1.66567,0.2,210.143678141,4336.88267327
5719349,5,15,27,logT,10,-1.66567,0.1,217.714824009,9516.0298933
5719349,5,15,28,logT,10,-1.66567,0.4,225.526776075,2033.15796429
5719349,5,15,29,logT,10,-1.6656,0,233.093835211,inf
5719349,5,15,30,logT,10,-1.66567,0.4,240.574338007,2168.81400885
5719349,5,15,31,logT,10,-1.66567,0.5,248.442119193,1650.6137114
5719349,5,15,32,logT,10,-1.66567,0.7,255.650476742,977.857597194
5719349,5,15,33,logT,10,-1.66567,0.7,263.058030677,1006.19133232
5719349,5,15,34,logT,10,-1.66567,1,270.80421474,270.80421474
5913160,5,15,4,logT,10,-1.66577,0,42.5912685394,inf
5913160,5,15,5,logT,10,-1.66898,0,50.1337481499,inf
5913160,5,15,6,logT,10,-1.67172,0,57.8182355881,inf
5913160,5,15,7,logT,10,-1.67269,0,65.3410402536,inf
5913160,5,15,8,logT,10,-1.67375,0,72.8585602283,inf
5913160,5,15,9,logT,10,-1.67459,0,80.4143955231,inf
5913160,5,15,10,logT,10,-1.67522,0,88.008989954,inf
5913160,5,15,11,logT,10,-1.67523,0.1,95.6564273596,4181.01719249
5913160,5,15,12,logT,10,-1.67523,0.8,103.253979874,295.446097066
5913160,5,15,13,logT,10,-1.67523,1,110.838849306,110.838849306
5918224,5,15,4,logT,10,-1.63619,0,42.6959207535,inf
5918224,5,15,5,logT,10,-1.64045,0,50.3563891172,inf
5918224,5,15,6,logT,10,-1.64476,0,57.8930886269,inf
5918224,5,15,7,logT,10,-1.64448,0,65.4524268389,inf
5918224,5,15,8,logT,10,-1.64634,0,73.0517012835,inf
5918224,5,15,9,logT,10,-1.64717,0,80.7006407738,inf
5918224,5,15,10,logT,10,-1.64761,0,88.2155264378,inf
5918224,5,15,11,logT,10,-1.64755,0,95.784218502,inf
5918224,5,15,12,logT,10,-1.6477,0.2,103.336885214,2132.63587541
5918224,5,15,13,logT,10,-1.6477,0.6,110.996680522,557.856350722
5918224,5,15,14,logT,10,-1.6477,1,118.657879376,118.657879376
5920270,5,15,4,logT,10,-1.69927,0,44.0744881392,inf
5920270,5,15,5,logT,10,-1.70672,0,51.5827476501,inf
5920270,5,15,6,logT,10,-1.70831,0,59.8070440292,inf
5920270,5,15,7,logT,10,-1.71088,0,67.0762831211,inf
5920270,5,15,8,logT,10,-1.71176,0,73.9892113209,inf
5920270,5,15,9,logT,10,-1.71186,0,81.8331017017,inf
5920270,5,15,10,logT,10,-1.7119,0,89.1402381182,inf
5920270,5,15,11,logT,10,-1.71192,0.5,96.8665927887,643.567712082
5920270,5,15,12,logT,10,-1.71192,0.9,105.316700697,210.633401394
6007986,5,15,4,logT,10,-1.66244,0,42.4712442636,inf
6007986,5,15,5,logT,10,-1.66438,0,50.1597697496,inf
6007986,5,15,6,logT,10,-1.66834,0,57.7714439392,inf
6007986,5,15,7,logT,10,-1.66981,0,65.3452280045,inf
6007986,5,15,8,logT,10,-1.67072,0,72.9556015968,inf
6007986,5,15,9,logT,10,-1.67091,0,80.5149861574,inf
6007986,5,15,10,logT,10,-1.67094,0.3,88.0591706753,1136.96651331
6007986,5,15,11,logT,10,-1.67094,0.8,95.6534654856,273.698341537
6007986,5,15,12,logT,10,-1.67094,1,103.256690788,103.256690788
6145844,5,15,4,logT,10,-1.65114,0,42.8074664116,inf
6145844,5,15,5,logT,10,-1.66033,0,50.3908104897,inf
6145844,5,15,6,logT,10,-1.6616,0,57.9464125156,inf
6145844,5,15,7,logT,10,-1.66382,0,65.5593664646,inf
6145844,5,15,8,logT,10,-1.6643,0,73.1331354856,inf
6145844,5,15,9,logT,10,-1.66399,0,80.7135267496,inf
6145844,5,15,10,logT,10,-1.66516,0,88.278702569,inf
6145844,5,15,11,logT,10,-1.66576,0,95.9838965416,inf
6145844,5,15,12,logT,10,-1.66582,0,103.546715283,inf
6145844,5,15,13,logT,10,-1.66589,0.3,111.123232102,1434.75566239
6145844,5,15,14,logT,10,-1.66589,0.6,118.689562678,596.51987783
6145844,5,15,15,logT,10,-1.66589,0.9,126.224577188,252.449154377
6163735,5,15,4,logT,10,-1.68598,0,42.8920540571,inf
6163735,5,15,5,logT,10,-1.69224,0,50.6189492464,inf
6163735,5,15,6,logT,10,-1.69501,0,58.3747777939,inf
6163735,5,15,7,logT,10,-1.69527,0,65.9411790371,inf
6163735,5,15,8,logT,10,-1.6963,0,73.5519685507,inf
6163735,5,15,9,logT,10,-1.69742,0,81.0849122047,inf
6163735,5,15,10,logT,10,-1.69796,0.1,88.8140523672,3881.94594061
6163735,5,15,11,logT,10,-1.69796,0.5,96.1079836845,638.527622289
6163735,5,15,12,logT,10,-1.69796,0.9,104.153462696,208.306925392
6391497,5,15,4,logT,10,-1.72493,0,42.5900314093,inf
6391497,5,15,5,logT,10,-1.72911,0,50.1135356665,inf
6391497,5,15,6,logT,10,-1.73086,0,57.7664123774,inf
6391497,5,15,7,logT,10,-1.73107,0,65.2698658228,inf
6391497,5,15,8,logT,10,-1.73133,0.4,73.0656718254,658.698072013
6391497,5,15,9,logT,10,-1.73133,1,80.4746795654,80.4746795654
6397791,5,15,4,logT,10,-1.71029,0,42.6190092802,inf
6397791,5,15,5,logT,10,-1.7158,0,50.2515398741,inf
6397791,5,15,6,logT,10,-1.71687,0,57.8869503975,inf
6397791,5,15,7,logT,10,-1.71805,0,65.4589793682,inf
6397791,5,15,8,logT,10,-1.71954,0,73.0512612104,inf
6397791,5,15,9,logT,10,-1.71963,0,80.6244524956,inf
6397791,5,15,10,logT,10,-1.71979,0,88.2751323223,inf
6397791,5,15,11,logT,10,-1.72007,0.2,95.773283124,1976.54050704
6397791,5,15,12,logT,10,-1.72007,0.5,103.399297667,686.97006382
6397791,5,15,13,logT,10,-1.72007,0.9,111.043311906,222.086623812
6582535,5,15,4,logT,10,-1.68894,0,42.5873008728,inf
6582535,5,15,5,logT,10,-1.69476,0,50.1621270418,inf
6582535,5,15,6,logT,10,-1.69864,0,57.7852388382,inf
6582535,5,15,7,logT,10,-1.6993,0,65.3763565779,inf
6582535,5,15,8,logT,10,-1.70001,0,73.0083453894,inf
6582535,5,15,9,logT,10,-1.7002,0.2,80.5717773676,1662.81635647
6582535,5,15,10,logT,10,-1.7002,0.7,88.1110152483,337.02274588
6582535,5,15,11,logT,10,-1.7002,1,95.7243835926,95.7243835926
6616820,5,15,4,logT,10,-1.68034,0,42.9496396303,inf
6616820,5,15,5,logT,10,-1.68628,0,50.563849926,inf
6616820,5,15,6,logT,10,-1.68756,0,58.4265642166,inf
6616820,5,15,7,logT,10,-1.68793,0,66.117493248,inf
6616820,5,15,8,logT,10,-1.68806,0,73.5491702318,inf
6616820,5,15,9,logT,10,-1.68807,0,81.2220318556,inf
6616820,5,15,10,logT,10,-1.68809,0.7,88.737057066,339.417342422
6616820,5,15,11,logT,10,-1.68809,0.8,96.5816126108,276.354098206
6616820,5,15,12,logT,10,-1.68809,1,104.457660174,104.457660174
6667235,5,15,4,logT,10,-1.71979,0,42.5310493708,inf
6667235,5,15,5,logT,10,-1.72712,0,50.2689167738,inf
6667235,5,15,6,logT,10,-1.73022,0,57.8096880198,inf
6667235,5,15,7,logT,10,-1.73024,0,65.365097928,inf
6667235,5,15,8,logT,10,-1.7321,0,72.992138505,inf
6667235,5,15,9,logT,10,-1.73309,0.1,80.5688621521,3521.55947212
6667235,5,15,10,logT,10,-1.73298,0,88.1616633177,inf
6667235,5,15,11,logT,10,-1.73309,0.3,95.7221069574,1235.90569114
6667235,5,15,12,logT,10,-1.73309,0.8,103.36990819,295.777808915
6667235,5,15,13,logT,10,-1.73309,1,110.960452414,110.960452414
6774234,5,15,4,logT,10,-1.68441,0,42.5950989008,inf
6774234,5,15,5,logT,10,-1.68922,0,50.2662662029,inf
6774234,5,15,6,logT,10,-1.69123,0,57.865421319,inf
6774234,5,15,7,logT,10,-1.69215,0,65.4292114973,inf
6774234,5,15,8,logT,10,-1.69264,0,73.1009406567,inf
6774234,5,15,9,logT,10,-1.69328,0,80.5140948534,inf
6774234,5,15,10,logT,10,-1.69375,0,88.1509301186,inf
6774234,5,15,11,logT,10,-1.69408,0.1,95.7607260227,4185.57595049
6774234,5,15,12,logT,10,-1.69408,0.5,103.324517345,686.473234121
6774234,5,15,13,logT,10,-1.69408,1,110.940669751,110.940669751
6857733,5,15,4,logT,10,-1.69843,0,42.7001077414,inf
6857733,5,15,5,logT,10,-1.70378,0,50.2071112394,inf
6857733,5,15,6,logT,10,-1.70683,0,57.8388188601,inf
6857733,5,15,7,logT,10,-1.70798,0,65.3522090197,inf
6857733,5,15,8,logT,10,-1.70853,0,72.985354352,inf
6857733,5,15,9,logT,10,-1.70857,0.4,80.6764927864,727.310773001
6857733,5,15,10,logT,10,-1.70857,0.9,88.2239256382,176.447851276
6893474,5,15,4,logT,10,-1.69943,0,42.5642424107,inf
6893474,5,15,5,logT,10,-1.7022,0,50.2460876226,inf
6893474,5,15,6,logT,10,-1.70592,0,57.835612607,inf
6893474,5,15,7,logT,10,-1.70844,0,65.416699338,inf
6893474,5,15,8,logT,10,-1.71058,0,73.0818854094,inf
6893474,5,15,9,logT,10,-1.71018,0,80.6172805071,inf
6893474,5,15,10,logT,10,-1.71062,0.2,88.2017187357,1820.28081512
6893474,5,15,11,logT,10,-1.71062,0.6,95.6596429825,480.774191576
6893474,5,15,12,logT,10,-1.71062,1,103.287427926,103.287427926
6998119,5,15,4,logT,10,-1.70576,0,42.6379523516,inf
6998119,5,15,5,logT,10,-1.71198,0,50.227198863,inf
6998119,5,15,6,logT,10,-1.7131,0,57.8716492891,inf
6998119,5,15,7,logT,10,-1.71557,0,65.5437234879,inf
6998119,5,15,8,logT,10,-1.71555,0,73.1911726952,inf
6998119,5,15,9,logT,10,-1.71608,0.1,80.793030405,3531.35757294
6998119,5,15,10,logT,10,-1.71608,0.6,88.3269529343,443.920947929
6998119,5,15,11,logT,10,-1.71608,1,95.8725557089,95.8725557089
7165636,5,15,4,logT,10,-1.6429,0,42.6185981274,inf
7165636,5,15,5,logT,10,-1.64824,0,50.2404037237,inf
7165636,5,15,6,logT,10,-1.64989,0,57.8522941351,inf
7165636,5,15,7,logT,10,-1.65358,0,65.4238586664,inf
7165636,5,15,8,logT,10,-1.65315,0,72.961436224,inf
7165636,5,15,9,logT,10,-1.65397,0,80.5346291065,inf
7165636,5,15,10,logT,10,-1.65401,0,88.2216571331,inf
7165636,5,15,11,logT,10,-1.65407,0,95.821249032,inf
7165636,5,15,12,logT,10,-1.65411,0,103.463583827,inf
7165636,5,15,13,logT,10,-1.65415,0.5,110.982342267,737.350721627
7165636,5,15,14,logT,10,-1.65415,0.8,118.678128886,339.580033907
7165636,5,15,15,logT,10,-1.65415,1,126.219022822,126.219022822
7276912,5,15,4,logT,10,-1.67903,0,42.599465847,inf
7276912,5,15,5,logT,10,-1.68155,0,50.2373481989,inf
7276912,5,15,6,logT,10,-1.68432,0,57.775513649,inf
7276912,5,15,7,logT,10,-1.68765,0,65.3460897684,inf
7276912,5,15,8,logT,10,-1.68877,0,72.889485693,inf
7276912,5,15,9,logT,10,-1.68922,0,80.4358026266,inf
7276912,5,15,10,logT,10,-1.68994,0,88.0317217588,inf
7276912,5,15,11,logT,10,-1.68996,0.1,95.5670126677,4177.10899338
7276912,5,15,12,logT,10,-1.68996,0.5,103.148777723,685.305645345
7276912,5,15,13,logT,10,-1.68996,0.9,111.066683531,222.133367062
7296639,5,15,4,logT,10,-1.66838,0,42.6443644524,inf
7296639,5,15,5,logT,10,-1.67084,0,50.3098713636,inf
7296639,5,15,6,logT,10,-1.67192,0,57.91175313,inf
7296639,5,15,7,logT,10,-1.67422,0,65.3719472885,inf
7296639,5,15,8,logT,10,-1.67569,0,73.138905859,inf
7296639,5,15,9,logT,10,-1.67581,0,80.6271044493,inf
7296639,5,15,10,logT,10,-1.67602,0,88.2172317505,inf
7296639,5,15,11,logT,10,-1.67602,0,95.8408392668,inf
7296639,5,15,12,logT,10,-1.67606,0.2,103.405415511,2134.05018329
7296639,5,15,13,logT,10,-1.67606,0.9,111.015513325,222.031026649
7308676,5,15,4,logT,10,-1.70157,0,42.6699993134,inf
7308676,5,15,5,logT,10,-1.70873,0,50.2535255671,inf
7308676,5,15,6,logT,10,-1.70836,0,57.9431735039,inf
7308676,5,15,7,logT,10,-1.70883,0,65.4470670938,inf
7308676,5,15,8,logT,10,-1.70904,0.3,72.9991433144,942.520589424
7308676,5,15,9,logT,10,-1.70904,0.9,80.5525367022,161.105073404
7388150,5,15,4,logT,10,-1.70534,0,42.652698493,inf
7388150,5,15,5,logT,10,-1.70749,0,50.3609505892,inf
7388150,5,15,6,logT,10,-1.71102,0,57.9206776619,inf
7388150,5,15,7,logT,10,-1.71116,0,65.5777110338,inf
7388150,5,15,8,logT,10,-1.71294,0,73.1608280897,inf
7388150,5,15,9,logT,10,-1.71334,0,80.7412108421,inf
7388150,5,15,10,logT,10,-1.71374,0,88.3393801689,inf
7388150,5,15,11,logT,10,-1.71365,0,95.9233444214,inf
7388150,5,15,12,logT,10,-1.71363,0,103.500545549,inf
7388150,5,15,13,logT,10,-1.71374,0,111.025320196,inf
7388150,5,15,14,logT,10,-1.71376,0.3,118.572709322,1530.93878648
7388150,5,15,15,logT,10,-1.71376,0.7,126.06535666,482.197288751
7388150,5,15,16,logT,10,-1.71376,0.9,133.788870049,267.577740097
7408152,5,15,4,logT,10,-1.69662,0,42.596046114,inf
7408152,5,15,5,logT,10,-1.70092,0,50.2952131987,inf
7408152,5,15,6,logT,10,-1.70175,0,57.8984387636,inf
7408152,5,15,7,logT,10,-1.70446,0,65.6569837809,inf
7408152,5,15,8,logT,10,-1.70433,0,73.2082083941,inf
7408152,5,15,9,logT,10,-1.70515,0,80.5808249235,inf
7408152,5,15,10,logT,10,-1.7055,0,88.1464024782,inf
7408152,5,15,11,logT,10,-1.70551,0.5,95.7443002462,636.111361827
7408152,5,15,12,logT,10,-1.70551,1,103.330396724,103.330396724
7429274,5,15,4,logT,10,-1.69267,0,42.6548335791,inf
7429274,5,15,5,logT,10,-1.69848,0,50.1869646072,inf
7429274,5,15,6,logT,10,-1.69965,0,57.8518135548,inf
7429274,5,15,7,logT,10,-1.70072,0,65.4664359093,inf
7429274,5,15,8,logT,10,-1.70105,0,73.0563081026,inf
7429274,5,15,9,logT,10,-1.70107,0.3,80.5882563353,1040.50660615
7429274,5,15,10,logT,10,-1.70107,1,88.3738752842,88.3738752842
7778359,5,15,4,logT,10,-1.72583,0,42.5958827496,inf
7778359,5,15,5,logT,10,-1.73167,0,50.2266366243,inf
7778359,5,15,6,logT,10,-1.73343,0,57.8865771294,inf
7778359,5,15,7,logT,10,-1.73497,0,65.5073080063,inf
7778359,5,15,8,logT,10,-1.73525,0,73.0671772957,inf
7778359,5,15,9,logT,10,-1.73538,0.1,80.655394578,3525.34169115
7778359,5,15,10,logT,10,-1.73538,0.6,88.3037041903,443.804102457
7778359,5,15,11,logT,10,-1.73538,1,95.8032657623,95.8032657623
7923692,5,15,4,logT,10,-1.6496,0,42.637839818,inf
7923692,5,15,5,logT,10,-1.65423,0,50.1580602407,inf
7923692,5,15,6,logT,10,-1.6564,0,57.8259531736,inf
7923692,5,15,7,logT,10,-1.6574,0,65.4868322611,inf
7923692,5,15,8,logT,10,-1.65811,0,73.0808157682,inf
7923692,5,15,9,logT,10,-1.65814,0,80.6607411623,inf
7923692,5,15,10,logT,10,-1.65815,0.1,88.3582185507,3862.02204133
7923692,5,15,11,logT,10,-1.65815,1,95.7519306183,95.7519306183
7981098,5,15,4,logT,10,-1.72285,0,42.6057702541,inf
7981098,5,15,5,logT,10,-1.72583,0,50.1554645061,inf
7981098,5,15,6,logT,10,-1.72843,0,57.767317009,inf
7981098,5,15,7,logT,10,-1.72917,0,65.3030540943,inf
7981098,5,15,8,logT,10,-1.73056,0,72.9942448378,inf
7981098,5,15,9,logT,10,-1.7313,0,80.479126668,inf
7981098,5,15,10,logT,10,-1.73152,0,88.1284456491,inf
7981098,5,15,11,logT,10,-1.73196,0,95.7937713385,inf
7981098,5,15,12,logT,10,-1.73219,0,103.303704739,inf
7981098,5,15,13,logT,10,-1.73222,0.1,110.910917497,4847.77098297
7981098,5,15,14,logT,10,-1.73222,0.5,118.445812035,786.936941439
7981098,5,15,15,logT,10,-1.73222,1,126.102522588,126.102522588
8085727,5,15,4,logT,10,-1.69672,0,42.6324762106,inf
8085727,5,15,5,logT,10,-1.70495,0,50.2606960297,inf
8085727,5,15,6,logT,10,-1.70449,0,57.8568443537,inf
8085727,5,15,7,logT,10,-1.7087,0,65.4871600628,inf
8085727,5,15,8,logT,10,-1.70822,0,73.0117030382,inf
8085727,5,15,9,logT,10,-1.70924,0,80.5903104782,inf
8085727,5,15,10,logT,10,-1.70976,0.2,88.2030385971,1820.30805402
8085727,5,15,11,logT,10,-1.70976,0.8,95.6594641685,273.715505888
8085727,5,15,12,logT,10,-1.70976,1,103.280458045,103.280458045
8111176,5,15,4,logT,10,-1.6827,0,42.5450355291,inf
8111176,5,15,5,logT,10,-1.68589,0,50.2200219631,inf
8111176,5,15,6,logT,10,-1.69039,0,57.6549091578,inf
8111176,5,15,7,logT,10,-1.69243,0,65.2879437923,inf
8111176,5,15,8,logT,10,-1.69426,0,72.9078809977,inf
8111176,5,15,9,logT,10,-1.69397,0,80.531877017,inf
8111176,5,15,10,logT,10,-1.6954,0,88.0588496923,inf
8111176,5,15,11,logT,10,-1.69527,0,95.5852390289,inf
8111176,5,15,12,logT,10,-1.69568,0,103.234473443,inf
8111176,5,15,13,logT,10,-1.69573,0.5,110.837147164,736.386066245
8111176,5,15,14,logT,10,-1.69573,0.9,118.41813736,236.836274719
8397304,5,15,4,logT,10,-1.70587,0,42.5528632641,inf
8397304,5,15,5,logT,10,-1.70824,0,50.1884653091,inf
8397304,5,15,6,logT,10,-1.7099,0,57.8130522728,inf
8397304,5,15,7,logT,10,-1.71191,0,65.3879201174,inf
8397304,5,15,8,logT,10,-1.71245,0,73.1295196295,inf
8397304,5,15,9,logT,10,-1.71309,0,80.67942729,inf
8397304,5,15,10,logT,10,-1.71318,0.2,88.2630745888,1821.54705895
8397304,5,15,11,logT,10,-1.71318,0.9,95.8528102636,191.705620527
8421935,5,15,4,logT,10,-1.66049,0,42.7027615786,inf
8421935,5,15,5,logT,10,-1.66693,0,50.2540963411,inf
8421935,5,15,6,logT,10,-1.66978,0,57.9215556622,inf
8421935,5,15,7,logT,10,-1.67075,0,65.4621808052,inf
8421935,5,15,8,logT,10,-1.67205,0,73.0443180323,inf
8421935,5,15,9,logT,10,-1.6738,0,80.5510318279,inf
8421935,5,15,10,logT,10,-1.67445,0,88.2109370947,inf
8421935,5,15,11,logT,10,-1.67438,0,95.7670529842,inf
8421935,5,15,12,logT,10,-1.67502,0,103.349343562,inf
8421935,5,15,13,logT,10,-1.67507,0.1,110.918786001,4848.114905
8421935,5,15,14,logT,10,-1.67507,0.3,118.538605618,1530.49846018
8421935,5,15,15,logT,10,-1.67507,0.5,126.29733851,839.101354209
8421935,5,15,16,logT,10,-1.67507,1,133.921161628,133.921161628
8453239,5,15,4,logT,10,-1.66952,0,42.648722744,inf
8453239,5,15,5,logT,10,-1.67675,0,50.2810554981,inf
8453239,5,15,6,logT,10,-1.67837,0,57.8316179991,inf
8453239,5,15,7,logT,10,-1.67852,0,65.3400202751,inf
8453239,5,15,8,logT,10,-1.67967,0,73.0477217436,inf
8453239,5,15,9,logT,10,-1.6801,0,80.6271721363,inf
8453239,5,15,10,logT,10,-1.68028,0,88.2351259947,inf
8453239,5,15,11,logT,10,-1.68031,0.1,95.7564594984,4185.3894663
8453239,5,15,12,logT,10,-1.68031,0.7,103.444034743,395.671216996
8453239,5,15,13,logT,10,-1.68031,1,110.958449984,110.958449984
8453439,5,15,4,logT,10,-1.70399,0,42.709678483,inf
8453439,5,15,5,logT,10,-1.70842,0,50.2645840168,inf
8453439,5,15,6,logT,10,-1.70915,0,57.8553307533,inf
8453439,5,15,7,logT,10,-1.71029,0,65.5102475166,inf
8453439,5,15,8,logT,10,-1.71284,0,73.0255681515,inf
8453439,5,15,9,logT,10,-1.71339,0,80.6899534702,inf
8453439,5,15,10,logT,10,-1.7135,0.2,88.2589864016,1821.46268816
8453439,5,15,11,logT,10,-1.7135,0.8,95.7810032606,274.063272147
8453439,5,15,12,logT,10,-1.7135,1,103.400691056,103.400691056
8458710,5,15,4,logT,10,-1.66984,0,42.6149454355,inf
8458710,5,15,5,logT,10,-1.67418,0,50.2012608051,inf
8458710,5,15,6,logT,10,-1.67759,0,57.8513484478,inf
8458710,5,15,7,logT,10,-1.67712,0,65.4896654844,inf
8458710,5,15,8,logT,10,-1.67828,0,73.0105407,inf
8458710,5,15,9,logT,10,-1.67931,0,80.7055081129,inf
8458710,5,15,10,logT,10,-1.67946,0,88.3318210602,inf
8458710,5,15,11,logT,10,-1.67941,0,95.8679569244,inf
8458710,5,15,12,logT,10,-1.67951,0.1,103.487573838,4523.30635138
8458710,5,15,13,logT,10,-1.67951,0.2,111.108712459,2293.02853255
8458710,5,15,14,logT,10,-1.67951,0.4,118.73131249,1070.38072286
8458710,5,15,15,logT,10,-1.67951,1,126.285814905,126.285814905
8598692,5,15,4,logT,10,-1.65076,0,42.4023614168,inf
8598692,5,15,5,logT,10,-1.65568,0,50.1271684885,inf
8598692,5,15,6,logT,10,-1.65796,0,57.6398478031,inf
8598692,5,15,7,logT,10,-1.65884,0,65.3419971466,inf
8598692,5,15,8,logT,10,-1.65907,0,73.0072886467,inf
8598692,5,15,9,logT,10,-1.65915,0,80.4570891857,inf
8598692,5,15,10,logT,10,-1.65927,0,88.1319314957,inf
8598692,5,15,11,logT,10,-1.65938,0.3,95.7355717659,1236.07954057
8598692,5,15,12,logT,10,-1.65938,0.5,103.198831201,685.63819345
8598692,5,15,13,logT,10,-1.65938,0.9,110.906706285,221.813412571
8767273,5,15,4,logT,10,-1.68321,0,42.5368791103,inf
8767273,5,15,5,logT,10,-1.68695,0,50.2547314644,inf
8767273,5,15,6,logT,10,-1.69018,0,57.8486135244,inf
8767273,5,15,7,logT,10,-1.69141,0,65.4633207798,inf
8767273,5,15,8,logT,10,-1.69237,0,73.1042472124,inf
8767273,5,15,9,logT,10,-1.69249,0,80.5563378572,inf
8767273,5,15,10,logT,10,-1.69285,0,88.2466472864,inf
8767273,5,15,11,logT,10,-1.69299,0,95.8141953707,inf
8767273,5,15,12,logT,10,-1.69295,0,103.324858236,inf
8767273,5,15,13,logT,10,-1.693,0.1,110.90681603,4847.59171321
8767273,5,15,14,logT,10,-1.693,0.6,118.549155307,595.814206782
8767273,5,15,15,logT,10,-1.693,0.6,126.145238972,633.991235979
8767273,5,15,16,logT,10,-1.693,0.8,133.917400002,383.184969803
8767273,5,15,17,logT,10,-1.693,1,141.508812332,141.508812332
8924713,5,15,4,logT,10,-1.65972,0,42.5119864941,inf
8924713,5,15,5,logT,10,-1.6659,0,50.0726401567,inf
8924713,5,15,6,logT,10,-1.66637,0,57.7543515921,inf
8924713,5,15,7,logT,10,-1.6679,0,65.3442156792,inf
8924713,5,15,8,logT,10,-1.66883,0,72.9786029577,inf
8924713,5,15,9,logT,10,-1.66914,0,80.5028935194,inf
8924713,5,15,10,logT,10,-1.66932,0.4,88.1950311661,795.091532574
8924713,5,15,11,logT,10,-1.66932,0.9,95.7275960922,191.455192184
8991508,5,15,4,logT,10,-1.6592,0,42.6081495047,inf
8991508,5,15,5,logT,10,-1.66236,0,50.2768889666,inf
8991508,5,15,6,logT,10,-1.66586,0,57.826069212,inf
8991508,5,15,7,logT,10,-1.66567,0,65.3905472517,inf
8991508,5,15,8,logT,10,-1.66604,0.1,73.028548789,3191.9822479
8991508,5,15,9,logT,10,-1.66604,0.9,80.6269582987,161.253916597
9015879,5,15,4,logT,10,-1.70776,0,42.8513489008,inf
9015879,5,15,5,logT,10,-1.71252,0,50.8075430632,inf
9015879,5,15,6,logT,10,-1.71662,0,58.3089375257,inf
9015879,5,15,7,logT,10,-1.71693,0,66.6180063248,inf
9015879,5,15,8,logT,10,-1.71762,0,73.2848443031,inf
9015879,5,15,9,logT,10,-1.71764,0.2,81.2204594374,1676.20366392
9015879,5,15,10,logT,10,-1.71764,0.2,88.7291587591,1831.16596531
9015879,5,15,11,logT,10,-1.71764,0.9,95.9800927401,191.96018548
9067352,5,15,4,logT,10,-1.66846,0,43.6454448462,inf
9067352,5,15,5,logT,10,-1.67229,0,51.3931067467,inf
9067352,5,15,6,logT,10,-1.6741,0,59.4825487614,inf
9067352,5,15,7,logT,10,-1.67577,0,67.6088818312,inf
9067352,5,15,8,logT,10,-1.67837,0,74.4825447321,inf
9067352,5,15,9,logT,10,-1.67848,0,81.9575987339,inf
9067352,5,15,10,logT,10,-1.6791,0,89.2441037655,inf
9067352,5,15,11,logT,10,-1.67959,0,97.0785488129,inf
9067352,5,15,12,logT,10,-1.67961,0,104.786974478,inf
9067352,5,15,13,logT,10,-1.67964,0.3,112.532325792,1452.94902405
9067352,5,15,14,logT,10,-1.67964,0.9,120.059237552,240.118475103
9175173,5,15,4,logT,10,-1.65854,0,42.3980846882,inf
9175173,5,15,5,logT,10,-1.66409,0,50.157822299,inf
9175173,5,15,6,logT,10,-1.66741,0,57.6701785803,inf
9175173,5,15,7,logT,10,-1.66886,0,65.2228095055,inf
9175173,5,15,8,logT,10,-1.67051,0,72.8112420797,inf
9175173,5,15,9,logT,10,-1.67093,0,80.4587217093,inf
9175173,5,15,10,logT,10,-1.67111,0.2,88.0615926981,1817.38893567
9175173,5,15,11,logT,10,-1.67111,0.5,95.5860644817,635.060066163
9175173,5,15,12,logT,10,-1.67111,0.8,103.192243958,295.26944881
9175173,5,15,13,logT,10,-1.67111,1,110.720789647,110.720789647
9181537,5,15,4,logT,10,-1.65961,0,43.1456262112,inf
9181537,5,15,5,logT,10,-1.66448,0,50.6825110912,inf
9181537,5,15,6,logT,10,-1.66601,0,58.5658242702,inf
9181537,5,15,7,logT,10,-1.66733,0,65.7095009804,inf
9181537,5,15,8,logT,10,-1.66774,0,73.5150449276,inf
9181537,5,15,9,logT,10,-1.66803,0,81.1183570147,inf
9181537,5,15,10,logT,10,-1.66803,0,89.0452241421,inf
9181537,5,15,11,logT,10,-1.66815,0,96.3190896988,inf
9181537,5,15,12,logT,10,-1.66824,0.1,104.173216414,4553.27489065
9181537,5,15,13,logT,10,-1.66824,0.3,111.273125386,1436.69099341
9181537,5,15,14,logT,10,-1.66824,0.7,118.887663674,454.742766836
9181537,5,15,15,logT,10,-1.66824,0.9,126.695600963,253.391201925
9182308,5,15,4,logT,10,-1.68594,0,42.6837190151,inf
9182308,5,15,5,logT,10,-1.69223,0,50.3087329865,inf
9182308,5,15,6,logT,10,-1.69732,0,57.8864731789,inf
9182308,5,15,7,logT,10,-1.6988,0,65.4342077494,inf
9182308,5,15,8,logT,10,-1.69881,0.3,73.0389527082,943.034584133
9182308,5,15,9,logT,10,-1.69881,0.7,80.5557144403,308.123882133
9182308,5,15,10,logT,10,-1.69881,1,88.1497785568,88.1497785568
9335413,5,15,4,logT,10,-1.67999,0,42.8254773378,inf
9335413,5,15,5,logT,10,-1.68287,0,50.7384178162,inf
9335413,5,15,6,logT,10,-1.68452,0,58.5923194647,inf
9335413,5,15,7,logT,10,-1.68665,0,65.8334341764,inf
9335413,5,15,8,logT,10,-1.68813,0,73.9813406229,inf
9335413,5,15,9,logT,10,-1.68839,0,81.190223527,inf
9335413,5,15,10,logT,10,-1.68925,0,88.456744957,inf
9335413,5,15,11,logT,10,-1.68982,0,95.853113246,inf
9335413,5,15,12,logT,10,-1.69021,0,103.326532507,inf
9335413,5,15,13,logT,10,-1.69022,0.2,110.955939531,2289.87565035
9335413,5,15,14,logT,10,-1.69022,1,118.666507006,118.666507006
9469999,5,15,4,logT,10,-1.69569,0,42.7709267139,inf
9469999,5,15,5,logT,10,-1.70087,0,50.2725099087,inf
9469999,5,15,6,logT,10,-1.70569,0,57.8567054272,inf
9469999,5,15,7,logT,10,-1.70725,0,65.3280282736,inf
9469999,5,15,8,logT,10,-1.70783,0,73.0863996267,inf
9469999,5,15,9,logT,10,-1.70804,0,80.5532257795,inf
9469999,5,15,10,logT,10,-1.70814,0.2,88.09541924,1818.08703777
9469999,5,15,11,logT,10,-1.70814,0.4,95.7183802128,862.915661038
9469999,5,15,12,logT,10,-1.70814,1,103.352933025,103.352933025
9510406,5,15,4,logT,10,-1.69836,0,42.508625555,inf
9510406,5,15,5,logT,10,-1.69928,0,50.1368013859,inf
9510406,5,15,6,logT,10,-1.70127,0,57.7990372419,inf
9510406,5,15,7,logT,10,-1.70154,0,65.2607738972,inf
9510406,5,15,8,logT,10,-1.70194,0,72.8973393679,inf
9510406,5,15,9,logT,10,-1.70199,0.1,80.45415833,3516.54591824
9510406,5,15,10,logT,10,-1.70199,0.7,88.1803022623,337.287767224
9510406,5,15,11,logT,10,-1.70199,1,95.6378344536,95.6378344536
9516964,5,15,4,logT,10,-1.65451,0,42.7482901335,inf
9516964,5,15,5,logT,10,-1.66124,0,50.3807134151,inf
9516964,5,15,6,logT,10,-1.66294,0,57.983423543,inf
9516964,5,15,7,logT,10,-1.66656,0,65.6313448906,inf
9516964,5,15,8,logT,10,-1.66657,0,73.1552475214,inf
9516964,5,15,9,logT,10,-1.66668,0,80.6331347704,inf
9516964,5,15,10,logT,10,-1.66673,0.2,88.3136703253,1822.5912387
9516964,5,15,11,logT,10,-1.66673,0.8,95.9055852175,274.419745118
9516964,5,15,12,logT,10,-1.66673,1,103.54974153,103.54974153
9692062,5,15,4,logT,10,-1.71589,0,42.6983312845,inf
9692062,5,15,5,logT,10,-1.71813,0,50.3064558744,inf
9692062,5,15,6,logT,10,-1.72047,0,57.9393827915,inf
9692062,5,15,7,logT,10,-1.72334,0,65.6106728077,inf
9692062,5,15,8,logT,10,-1.72355,0,73.0866359711,inf
9692062,5,15,9,logT,10,-1.72393,0,80.6591556787,inf
9692062,5,15,10,logT,10,-1.72381,0,88.259112668,inf
9692062,5,15,11,logT,10,-1.72398,0.2,95.843157959,1977.98256308
9692062,5,15,12,logT,10,-1.72398,0.5,103.473024869,687.45989675
9692062,5,15,13,logT,10,-1.72398,0.9,110.990408039,221.980816078
9721192,5,15,4,logT,10,-1.6893,0,42.5479063511,inf
9721192,5,15,5,logT,10,-1.69538,0,50.1578305006,inf
9721192,5,15,6,logT,10,-1.69896,0,57.840209651,inf
9721192,5,15,7,logT,10,-1.70127,0,65.4530831814,inf
9721192,5,15,8,logT,10,-1.70138,0,73.0560106516,inf
9721192,5,15,9,logT,10,-1.7014,0,80.6250779629,inf
9721192,5,15,10,logT,10,-1.70144,0.4,88.1718718052,794.882747436
9721192,5,15,11,logT,10,-1.70144,1,95.8599045038,95.8599045038
9732497,5,15,4,logT,10,-1.71061,0,42.699259901,inf
9732497,5,15,5,logT,10,-1.71507,0,50.3261786938,inf
9732497,5,15,6,logT,10,-1.71866,0,57.9376569033,inf
9732497,5,15,7,logT,10,-1.72017,0,65.5021991491,inf
9732497,5,15,8,logT,10,-1.72027,0.1,73.1025245428,3195.21563124
9732497,5,15,9,logT,10,-1.72027,0.9,80.6710669994,161.342133999
9807541,5,15,4,logT,10,-1.67345,0,42.7380558014,inf
9807541,5,15,5,logT,10,-1.67828,0,50.3234119415,inf
9807541,5,15,6,logT,10,-1.68128,0,58.1926923513,inf
9807541,5,15,7,logT,10,-1.68297,0,65.5058516741,inf
9807541,5,15,8,logT,10,-1.68407,0,73.0463885307,inf
9807541,5,15,9,logT,10,-1.68462,0,80.6704563141,inf
9807541,5,15,10,logT,10,-1.68575,0.1,88.2223285675,3856.08246809
9807541,5,15,11,logT,10,-1.68533,0,95.8422617912,inf
9807541,5,15,12,logT,10,-1.68573,0,103.46039021,inf
9807541,5,15,13,logT,10,-1.68575,0.4,111.111348367,1001.68559488
9807541,5,15,14,logT,10,-1.68575,1,118.751953769,118.751953769
10016117,5,15,4,logT,10,-1.65702,0,42.6225483418,inf
10016117,5,15,5,logT,10,-1.6598,0,50.2583541632,inf
10016117,5,15,6,logT,10,-1.66309,0,57.8552485466,inf
10016117,5,15,7,logT,10,-1.66393,0,65.4203313828,inf
10016117,5,15,8,logT,10,-1.66449,0,73.0263144255,inf
10016117,5,15,9,logT,10,-1.66535,0.2,80.680481267,1665.05975518
10016117,5,15,10,logT,10,-1.66535,0.1,88.2181631565,3855.90040343
10016117,5,15,11,logT,10,-1.66535,0.4,95.7772530317,863.446408396
10016117,5,15,12,logT,10,-1.66535,0.8,103.470792937,296.066475801
10016117,5,15,13,logT,10,-1.66535,1,110.927487159,110.927487159
10289415,5,15,4,logT,10,-1.68038,0,42.7281926155,inf
10289415,5,15,5,logT,10,-1.68465,0,50.3541940451,inf
10289415,5,15,6,logT,10,-1.68789,0,58.0222667694,inf
10289415,5,15,7,logT,10,-1.68788,0,65.5564014196,inf
10289415,5,15,8,logT,10,-1.68886,0,73.2142057896,inf
10289415,5,15,9,logT,10,-1.68938,0,80.7476596355,inf
10289415,5,15,10,logT,10,-1.68941,0,88.3054260969,inf
10289415,5,15,11,logT,10,-1.68948,0.1,95.8808969736,4190.82846541
10289415,5,15,12,logT,10,-1.68948,0.9,103.398669243,206.797338486
10303962,5,15,4,logT,10,-1.68212,0,42.7193930864,inf
10303962,5,15,5,logT,10,-1.68325,0,50.3849060059,inf
10303962,5,15,6,logT,10,-1.68846,0,57.8669635057,inf
10303962,5,15,7,logT,10,-1.68786,0,65.4327204227,inf
10303962,5,15,8,logT,10,-1.6893,0,73.1002827406,inf
10303962,5,15,9,logT,10,-1.69031,0,80.7611206532,inf
10303962,5,15,10,logT,10,-1.69084,0,88.249978137,inf
10303962,5,15,11,logT,10,-1.6909,0,95.7126518726,inf
10303962,5,15,12,logT,10,-1.6909,0,103.474684834,inf
10303962,5,15,13,logT,10,-1.69095,0.3,111.079885793,1434.19600117
10303962,5,15,14,logT,10,-1.69095,0.9,118.53620429,237.072408581
10321011,5,15,4,logT,10,-1.75891,0,42.9412528515,inf
10321011,5,15,5,logT,10,-1.76211,0,50.6680784464,inf
10321011,5,15,6,logT,10,-1.76576,0,58.1114310026,inf
10321011,5,15,7,logT,10,-1.7659,0,66.1280740261,inf
10321011,5,15,8,logT,10,-1.76596,0.5,73.3740657091,487.48674063
10321011,5,15,9,logT,10,-1.76596,1,80.8772530794,80.8772530794
10492586,5,15,4,logT,10,-1.67363,0,43.9087800026,inf
10492586,5,15,5,logT,10,-1.67671,0,52.3508046389,inf
10492586,5,15,6,logT,10,-1.6777,0,59.3254707575,inf
10492586,5,15,7,logT,10,-1.67974,0,67.3292503357,inf
10492586,5,15,8,logT,10,-1.68064,0,74.5102959871,inf
10492586,5,15,9,logT,10,-1.68059,0,82.5861142159,inf
10492586,5,15,10,logT,10,-1.68087,0,90.1771337032,inf
10492586,5,15,11,logT,10,-1.68098,0.3,97.615250802,1260.34881432
10492586,5,15,12,logT,10,-1.68098,0.6,104.709314156,526.256781795
10492586,5,15,13,logT,10,-1.68098,0.9,112.627194905,225.254389811
10617787,5,15,4,logT,10,-1.65671,0,42.6678639412,inf
10617787,5,15,5,logT,10,-1.66133,0,50.3094980955,inf
10617787,5,15,6,logT,10,-1.66552,0,57.9924305677,inf
10617787,5,15,7,logT,10,-1.66593,0,65.4469284773,inf
10617787,5,15,8,logT,10,-1.66765,0,73.0808257341,inf
10617787,5,15,9,logT,10,-1.66792,0,80.476436615,inf
10617787,5,15,10,logT,10,-1.66787,0,88.0573727608,inf
10617787,5,15,11,logT,10,-1.668,0,95.7500850677,inf
10617787,5,15,12,logT,10,-1.6683,0.1,103.215564585,4511.41718307
10617787,5,15,13,logT,10,-1.6683,0.1,110.847404671,4844.9949205
10617787,5,15,14,logT,10,-1.6683,0.3,118.555882764,1530.72153218
10617787,5,15,15,logT,10,-1.6683,0.8,126.132465625,360.909523563
10617787,5,15,16,logT,10,-1.6683,1,133.741247654,133.741247654
10680741,5,15,4,logT,10,-1.64196,0,43.1251792192,inf
10680741,5,15,5,logT,10,-1.65082,0,50.607665062,inf
10680741,5,15,6,logT,10,-1.65286,0,58.5047355175,inf
10680741,5,15,7,logT,10,-1.65465,0,65.735020566,inf
10680741,5,15,8,logT,10,-1.65473,0,73.4372364283,inf
10680741,5,15,9,logT,10,-1.65506,0,81.0887480021,inf
10680741,5,15,10,logT,10,-1.65512,0.2,88.4209169149,1824.80456189
10680741,5,15,11,logT,10,-1.65512,0.5,96.4186960697,640.591950693
10680741,5,15,12,logT,10,-1.65512,1,103.584718847,103.584718847
10752963,5,15,4,logT,10,-1.72848,0,42.7361187696,inf
10752963,5,15,5,logT,10,-1.73594,0,50.3066500664,inf
10752963,5,15,6,logT,10,-1.73772,0,58.0646861315,inf
10752963,5,15,7,logT,10,-1.74018,0,65.4235946655,inf
10752963,5,15,8,logT,10,-1.74129,0,73.0906353235,inf
10752963,5,15,9,logT,10,-1.74056,0,80.6833316565,inf
10752963,5,15,10,logT,10,-1.74156,0,88.2260176182,inf
10752963,5,15,11,logT,10,-1.74173,0,95.836501503,inf
10752963,5,15,12,logT,10,-1.74174,0.2,103.313439822,2132.1520164
10752963,5,15,13,logT,10,-1.74174,0.7,110.834717822,423.940421455
10752963,5,15,14,logT,10,-1.74174,1,118.803592396,118.803592396
10759243,5,15,4,logT,10,-1.69043,0,42.7149470568,inf
10759243,5,15,5,logT,10,-1.69074,0,50.3331398487,inf
10759243,5,15,6,logT,10,-1.69486,0,57.99966259,inf
10759243,5,15,7,logT,10,-1.69623,0,65.5624627352,inf
10759243,5,15,8,logT,10,-1.69712,0,73.1358376503,inf
10759243,5,15,9,logT,10,-1.69756,0,80.7875507116,inf
10759243,5,15,10,logT,10,-1.69761,0.6,88.3586949587,444.080479636
10759243,5,15,11,logT,10,-1.69761,0.7,95.9411825895,366.972968228
10759243,5,15,12,logT,10,-1.69761,1,103.478011703,103.478011703
10785990,5,15,4,logT,10,-1.68069,0,42.7509073734,inf
10785990,5,15,5,logT,10,-1.68541,0,50.3659429312,inf
10785990,5,15,6,logT,10,-1.68919,0,57.8624348402,inf
10785990,5,15,7,logT,10,-1.69003,0,65.4958362341,inf
10785990,5,15,8,logT,10,-1.69204,0,73.1054656506,inf
10785990,5,15,9,logT,10,-1.69311,0,80.7486001968,inf
10785990,5,15,10,logT,10,-1.69331,0,88.3222221613,inf
10785990,5,15,11,logT,10,-1.69337,0,95.8494982481,inf
10785990,5,15,12,logT,10,-1.69339,0.3,103.345390987,1334.33290317
10785990,5,15,13,logT,10,-1.69339,0.8,110.896257973,317.313353319
10785990,5,15,14,logT,10,-1.69339,1,118.602913284,118.602913284
10873220,5,15,4,logT,10,-1.64166,0,42.6054895639,inf
10873220,5,15,5,logT,10,-1.64704,0,50.1625340939,inf
10873220,5,15,6,logT,10,-1.64895,0,57.7752803564,inf
10873220,5,15,7,logT,10,-1.65042,0,65.34167521,inf
10873220,5,15,8,logT,10,-1.65146,0,73.0031397104,inf
10873220,5,15,9,logT,10,-1.65245,0,80.5761539698,inf
10873220,5,15,10,logT,10,-1.65266,0,88.1203915119,inf
10873220,5,15,11,logT,10,-1.65266,0,95.7532916069,inf
10873220,5,15,12,logT,10,-1.65267,0.5,103.336374331,686.552010225
10873220,5,15,13,logT,10,-1.65267,0.8,110.923083377,317.390110273
10873220,5,15,14,logT,10,-1.65267,1,118.36980679,118.36980679
11037872,5,15,4,logT,10,-1.68772,0,42.6331169844,inf
11037872,5,15,5,logT,10,-1.69057,0,50.2865893364,inf
11037872,5,15,6,logT,10,-1.69397,0,57.882640028,inf
11037872,5,15,7,logT,10,-1.69346,0,65.415264082,inf
11037872,5,15,8,logT,10,-1.69407,0,72.9861962318,inf
11037872,5,15,9,logT,10,-1.69431,0,80.5353625059,inf
11037872,5,15,10,logT,10,-1.69437,0,88.2470963478,inf
11037872,5,15,11,logT,10,-1.69444,0.3,95.7488352776,1236.25079097
11037872,5,15,12,logT,10,-1.69444,0.3,103.381185842,1334.79506458
11037872,5,15,13,logT,10,-1.69444,1,110.978031945,110.978031945
11146941,5,15,4,logT,10,-1.64197,0,42.6730098248,inf
11146941,5,15,5,logT,10,-1.64765,0,50.2502643347,inf
11146941,5,15,6,logT,10,-1.6499,0,57.8778140783,inf
11146941,5,15,7,logT,10,-1.64966,0,65.4959589005,inf
11146941,5,15,8,logT,10,-1.65006,0,73.1248995066,inf
11146941,5,15,9,logT,10,-1.65168,0,80.6527190208,inf
11146941,5,15,10,logT,10,-1.6518,0,88.18152318,inf
11146941,5,15,11,logT,10,-1.65289,0,95.9182512045,inf
11146941,5,15,12,logT,10,-1.6525,0,103.495850539,inf
11146941,5,15,13,logT,10,-1.65283,0,111.155226684,inf
11146941,5,15,14,logT,10,-1.65302,0.2,118.718349862,2450.07396402
11146941,5,15,15,logT,10,-1.65302,0.7,126.389784265,483.438217389
11146941,5,15,16,logT,10,-1.65302,1,133.923591948,133.923591948
11182766,5,15,4,logT,10,-1.67916,0,42.4469821215,inf
11182766,5,15,5,logT,10,-1.68301,0,50.1503615856,inf
11182766,5,15,6,logT,10,-1.68342,0,57.804678607,inf
11182766,5,15,7,logT,10,-1.68562,0,65.3158599377,inf
11182766,5,15,8,logT,10,-1.68619,0,72.9488502502,inf
11182766,5,15,9,logT,10,-1.68632,0,80.483831811,inf
11182766,5,15,10,logT,10,-1.68636,0.3,88.0628181219,1137.01360693
11182766,5,15,11,logT,10,-1.68636,0.5,95.7180109024,635.936699207
11182766,5,15,12,logT,10,-1.68636,1,103.312283182,103.312283182
11251697,5,15,4,logT,10,-1.70278,0,42.6053404331,inf
11251697,5,15,5,logT,10,-1.70759,0,50.2691644192,inf
11251697,5,15,6,logT,10,-1.71196,0,57.9007241249,inf
11251697,5,15,7,logT,10,-1.71312,0,65.4108227491,inf
11251697,5,15,8,logT,10,-1.71554,0,73.024161005,inf
11251697,5,15,9,logT,10,-1.71581,0,80.6364658833,inf
11251697,5,15,10,logT,10,-1.7161,0.1,88.1884601831,3854.60212536
11251697,5,15,11,logT,10,-1.7161,0.4,95.861692214,864.207640384
11251697,5,15,12,logT,10,-1.7161,1,103.404603982,103.404603982
11371769,5,15,4,logT,10,-1.68651,0,43.2071877003,inf
11371769,5,15,5,logT,10,-1.6876,0,50.8960738659,inf
11371769,5,15,6,logT,10,-1.69058,0,58.2785265923,inf
11371769,5,15,7,logT,10,-1.69393,0,65.6935804129,inf
11371769,5,15,8,logT,10,-1.69432,0,73.4026366234,inf
11371769,5,15,9,logT,10,-1.69495,0,80.8826489687,inf
11371769,5,15,10,logT,10,-1.69463,0,88.9876725674,inf
11371769,5,15,11,logT,10,-1.69494,0,95.9069961548,inf
11371769,5,15,12,logT,10,-1.695,0,103.346780014,inf
11371769,5,15,13,logT,10,-1.69505,0.3,111.499538875,1439.61430682
11371769,5,15,14,logT,10,-1.69505,0.7,118.978420043,455.089908002
11371769,5,15,15,logT,10,-1.69505,0.9,126.477944112,252.955888224
11402525,5,15,4,logT,10,-1.69944,0,42.6796528578,inf
11402525,5,15,5,logT,10,-1.70763,0,50.0790977001,inf
11402525,5,15,6,logT,10,-1.70508,0,57.7380899429,inf
11402525,5,15,7,logT,10,-1.70694,0,65.3915198326,inf
11402525,5,15,8,logT,10,-1.70843,0,72.9833692551,inf
11402525,5,15,9,logT,10,-1.70922,0,80.7175385475,inf
11402525,5,15,10,logT,10,-1.70922,0,88.1376513481,inf
11402525,5,15,11,logT,10,-1.70928,0.1,95.7201903105,4183.80418758
11402525,5,15,12,logT,10,-1.70928,0.2,103.168906569,2129.16918215
11402525,5,15,13,logT,10,-1.70928,0.8,110.889670515,317.294504277
11402525,5,15,14,logT,10,-1.70928,1,118.408065557,118.408065557
11412292,5,15,4,logT,10,-1.69662,0,43.4080818176,inf
11412292,5,15,5,logT,10,-1.70489,0,51.5135114431,inf
11412292,5,15,6,logT,10,-1.70443,0,59.1710368633,inf
11412292,5,15,7,logT,10,-1.70632,0,66.7980828524,inf
11412292,5,15,8,logT,10,-1.7077,0,74.6397610188,inf
11412292,5,15,9,logT,10,-1.70811,0,82.0386217356,inf
11412292,5,15,10,logT,10,-1.70851,0,89.9658601761,inf
11412292,5,15,11,logT,10,-1.70872,0.1,97.5030730963,4261.73165974
11412292,5,15,12,logT,10,-1.70866,0,104.60980792,inf
11412292,5,15,13,logT,10,-1.70872,0.3,112.594136524,1453.74708667
11412292,5,15,14,logT,10,-1.70872,0.9,119.878688145,239.757376289
11503114,5,15,4,logT,10,-1.68158,0,42.7022678614,inf
11503114,5,15,5,logT,10,-1.68767,0,50.4067277431,inf
11503114,5,15,6,logT,10,-1.69071,0,57.8963293552,inf
11503114,5,15,7,logT,10,-1.69105,0,65.4551436663,inf
11503114,5,15,8,logT,10,-1.69149,0,73.177397418,inf
11503114,5,15,9,logT,10,-1.69155,0,80.6524751902,inf
11503114,5,15,10,logT,10,-1.69155,0,88.0644417763,inf
11503114,5,15,11,logT,10,-1.69167,0.3,95.7176144123,1235.84768613
11503114,5,15,12,logT,10,-1.69167,0.4,103.374626517,931.937878361
11503114,5,15,13,logT,10,-1.69167,1,111.150400329,111.150400329
11534681,5,15,4,logT,10,-1.70296,0,42.7646258593,inf
11534681,5,15,5,logT,10,-1.70889,0,50.4593700409,inf
11534681,5,15,6,logT,10,-1.71033,0,57.9897007704,inf
11534681,5,15,7,logT,10,-1.71037,0,65.6163467646,inf
11534681,5,15,8,logT,10,-1.71107,0.1,73.1849675894,3198.81910886
11534681,5,15,9,logT,10,-1.71107,0.6,80.7411866903,405.795772884
11534681,5,15,10,logT,10,-1.71107,1,88.4055504799,88.4055504799
11605451,5,15,4,logT,10,-1.66932,0,42.597053051,inf
11605451,5,15,5,logT,10,-1.67801,0,50.2196709394,inf
11605451,5,15,6,logT,10,-1.67763,0,57.7397474051,inf
11605451,5,15,7,logT,10,-1.68252,0,65.473302722,inf
11605451,5,15,8,logT,10,-1.68138,0,73.0712747335,inf
11605451,5,15,9,logT,10,-1.68276,0,80.6782702684,inf
11605451,5,15,10,logT,10,-1.68312,0.1,88.3033470392,3859.62367941
11605451,5,15,11,logT,10,-1.68312,0.5,95.9439865828,637.43804913
11605451,5,15,12,logT,10,-1.68312,0.6,103.345701766,519.403425209
11605451,5,15,13,logT,10,-1.68312,0.8,110.853751111,317.191726178
11605451,5,15,14,logT,10,-1.68312,1,118.633185315,118.633185315
11679033,5,15,4,logT,10,-1.65945,0,43.0957869053,inf
11679033,5,15,5,logT,10,-1.66111,0,50.7864877939,inf
11679033,5,15,6,logT,10,-1.66359,0,58.5034557343,inf
11679033,5,15,7,logT,10,-1.66379,0,65.9710283279,inf
11679033,5,15,8,logT,10,-1.6656,0,73.4551273823,inf
11679033,5,15,9,logT,10,-1.66653,0,81.3909145355,inf
11679033,5,15,10,logT,10,-1.66702,0,88.6824726105,inf
11679033,5,15,11,logT,10,-1.66707,0.2,96.4104910374,1989.69101427
11679033,5,15,12,logT,10,-1.66707,0.2,103.713577509,2140.40993886
11679033,5,15,13,logT,10,-1.66707,0.7,111.288042307,425.674377899
11679033,5,15,14,logT,10,-1.66707,1,119.391033435,119.391033435
11777311,5,15,4,logT,10,-1.68435,0,42.6777951717,inf
11777311,5,15,5,logT,10,-1.69059,0,50.3580238104,inf
11777311,5,15,6,logT,10,-1.69468,0,58.0248495817,inf
11777311,5,15,7,logT,10,-1.69509,0,65.60824368,inf
11777311,5,15,8,logT,10,-1.69605,0,73.181730628,inf
11777311,5,15,9,logT,10,-1.6965,0.1,80.8181562185,3532.45578935
11777311,5,15,10,logT,10,-1.69644,0,88.7846124887,inf
11777311,5,15,11,logT,10,-1.6965,0.4,95.9700325966,865.184345303
11777311,5,15,12,logT,10,-1.6965,0.7,103.414344931,395.557654099
11777311,5,15,13,logT,10,-1.6965,1,111.104805732,111.104805732
11802495,5,15,4,logT,10,-1.67891,0,42.5773698568,inf
11802495,5,15,5,logT,10,-1.68424,0,50.1341007948,inf
11802495,5,15,6,logT,10,-1.68499,0,57.7619054556,inf
11802495,5,15,7,logT,10,-1.68691,0,65.3415380001,inf
11802495,5,15,8,logT,10,-1.68827,0,72.9370392799,inf
11802495,5,15,9,logT,10,-1.68941,0,80.5629750252,inf
11802495,5,15,10,logT,10,-1.68966,0,88.1236895084,inf
11802495,5,15,11,logT,10,-1.68969,0,95.7128504753,inf
11802495,5,15,12,logT,10,-1.68968,0,103.381046796,inf
11802495,5,15,13,logT,10,-1.6898,0.5,111.049390316,737.796179222
11802495,5,15,14,logT,10,-1.6898,0.7,118.516205478,453.321947191
11802495,5,15,15,logT,10,-1.6898,0.8,126.041397023,360.648944136
11802495,5,15,16,logT,10,-1.6898,1,133.658132887,133.658132887
11915411,5,15,4,logT,10,-1.67114,0,42.6377812624,inf
11915411,5,15,5,logT,10,-1.67112,0,50.2016056061,inf
11915411,5,15,6,logT,10,-1.67767,0,57.7976979256,inf
11915411,5,15,7,logT,10,-1.67693,0,65.378441453,inf
11915411,5,15,8,logT,10,-1.67879,0,73.0644521713,inf
11915411,5,15,9,logT,10,-1.67951,0,80.5166903734,inf
11915411,5,15,10,logT,10,-1.68097,0.1,88.1979656696,3855.01759773
11915411,5,15,11,logT,10,-1.68097,0.1,95.7626512527,4185.66009977
11915411,5,15,12,logT,10,-1.68097,0.5,103.365487742,686.745435547
11915411,5,15,13,logT,10,-1.68097,1,110.955025935,110.955025935
11960737,5,15,4,logT,10,-1.6813,0,42.7977918863,inf
11960737,5,15,5,logT,10,-1.68441,0,50.4141803026,inf
11960737,5,15,6,logT,10,-1.68684,0,58.0361696243,inf
11960737,5,15,7,logT,10,-1.68963,0,65.6391631365,inf
11960737,5,15,8,logT,10,-1.69031,0,73.1419223547,inf
11960737,5,15,9,logT,10,-1.69121,0,80.7840048552,inf
11960737,5,15,10,logT,10,-1.6913,0.3,88.3380247593,1140.56690784
11960737,5,15,11,logT,10,-1.6913,1,95.9210282803,95.9210282803
12088959,5,15,4,logT,10,-1.68576,0,42.6771613359,inf
12088959,5,15,5,logT,10,-1.69317,0,50.2562237263,inf
12088959,5,15,6,logT,10,-1.69369,0,57.8914875269,inf
12088959,5,15,7,logT,10,-1.69541,0,65.4314487457,inf
12088959,5,15,8,logT,10,-1.6956,0,72.9895290375,inf
12088959,5,15,9,logT,10,-1.6955,0,80.5760314465,inf
12088959,5,15,10,logT,10,-1.69584,0.1,88.1521192074,3853.01370889
12088959,5,15,11,logT,10,-1.69584,0.2,95.7266098499,1975.5772779
12088959,5,15,12,logT,10,-1.69584,0.4,103.461186218,932.718227145
12088959,5,15,13,logT,10,-1.69584,0.8,110.908599544,317.348666911
12088959,5,15,14,logT,10,-1.69584,1,118.562190032,118.562190032
12238274,5,15,4,logT,10,-1.65847,0,42.7063586235,inf
12238274,5,15,5,logT,10,-1.66071,0,50.349771452,inf
12238274,5,15,6,logT,10,-1.66232,0,58.0421869278,inf
12238274,5,15,7,logT,10,-1.66465,0,65.4588317156,inf
12238274,5,15,8,logT,10,-1.66526,0,73.2031474113,inf
12238274,5,15,9,logT,10,-1.66568,0,80.6574344158,inf
12238274,5,15,10,logT,10,-1.66623,0.1,88.2939343452,3859.21226288
12238274,5,15,11,logT,10,-1.66619,0,96.0030753613,inf
12238274,5,15,12,logT,10,-1.66623,0.8,103.437741923,295.97190518
12238274,5,15,13,logT,10,-1.66623,0.9,111.093418002,222.186836004
12476934,5,15,4,logT,10,-1.70835,0,42.6690841675,inf
12476934,5,15,5,logT,10,-1.71338,0,50.4332456827,inf
12476934,5,15,6,logT,10,-1.71462,0,57.9031436443,inf
12476934,5,15,7,logT,10,-1.71485,0,65.5412998915,inf
12476934,5,15,8,logT,10,-1.71499,0.4,73.1419178963,659.385441863
12476934,5,15,9,logT,10,-1.71499,1,80.6455506086,80.6455506086
12520071,5,15,4,logT,10,-1.68004,0,42.6212753296,inf
12520071,5,15,5,logT,10,-1.68517,0,50.3455073595,inf
12520071,5,15,6,logT,10,-1.6857,0,57.9556772947,inf
12520071,5,15,7,logT,10,-1.68683,0,66.2703821182,inf
12520071,5,15,8,logT,10,-1.68866,0,73.0780069351,inf
12520071,5,15,9,logT,10,-1.68887,0,80.7215961695,inf
12520071,5,15,10,logT,10,-1.68933,0,88.3002114534,inf
12520071,5,15,11,logT,10,-1.68949,0.2,95.7247298717,1975.53847947
12520071,5,15,12,logT,10,-1.68949,0.2,103.364764309,2133.21123588
12520071,5,15,13,logT,10,-1.68949,0.4,110.933005047,1000.07780291
12520071,5,15,14,logT,10,-1.68949,0.9,118.566163898,237.132327795
12531925,5,15,4,logT,10,-1.67662,0,42.6829591751,inf
12531925,5,15,5,logT,10,-1.6852,0,50.290747118,inf
12531925,5,15,6,logT,10,-1.68432,0,57.8587435722,inf
12531925,5,15,7,logT,10,-1.68714,0,65.5092661619,inf
12531925,5,15,8,logT,10,-1.68724,0,73.0564672947,inf
12531925,5,15,9,logT,10,-1.68773,0,80.6352282047,inf
12531925,5,15,10,logT,10,-1.68784,0,88.2041931152,inf
12531925,5,15,11,logT,10,-1.68789,0,95.8417721748,inf
12531925,5,15,12,logT,10,-1.68796,0.2,103.442591858,2134.81741767
12531925,5,15,13,logT,10,-1.68796,0.7,111.036651611,424.712813873
12531925,5,15,14,logT,10,-1.68796,1,118.931951809,118.931951809
12600313,5,15,4,logT,10,-1.69439,0,43.5257511854,inf
12600313,5,15,5,logT,10,-1.7004,0,51.1582080126,inf
12600313,5,15,6,logT,10,-1.7011,0,59.4704985142,inf
12600313,5,15,7,logT,10,-1.70235,0,66.5014190674,inf
12600313,5,15,8,logT,10,-1.70316,0,74.08431108,inf
12600313,5,15,9,logT,10,-1.70364,0,81.8449856281,inf
12600313,5,15,10,logT,10,-1.70382,0,89.4516672611,inf
12600313,5,15,11,logT,10,-1.70384,1,96.9727757692,96.9727757692
12876033,5,15,4,logT,10,-1.68626,0,42.6888195276,inf
12876033,5,15,5,logT,10,-1.68867,0,50.2944031,inf
12876033,5,15,6,logT,10,-1.68936,0,57.8561584473,inf
12876033,5,15,7,logT,10,-1.69215,0,65.3756859541,inf
12876033,5,15,8,logT,10,-1.69297,0,72.9697685957,inf
12876033,5,15,9,logT,10,-1.69339,0,80.5122353077,inf
12876033,5,15,10,logT,10,-1.69418,0,88.0291462183,inf
12876033,5,15,11,logT,10,-1.69416,0,95.7498798609,inf
12876033,5,15,12,logT,10,-1.69402,0,103.22771132,inf
12876033,5,15,13,logT,10,-1.69459,0.1,110.839654517,4844.65617144
12876033,5,15,14,logT,10,-1.69459,0.6,118.540359259,595.769998871
12876033,5,15,15,logT,10,-1.69459,0.9,126.129522943,252.259045887
12948253,5,15,4,logT,10,-1.65222,0,42.6676884413,inf
12948253,5,15,5,logT,10,-1.65531,0,50.3371353626,inf
12948253,5,15,6,logT,10,-1.65917,0,57.9041238546,inf
12948253,5,15,7,logT,10,-1.66075,0,65.4885274649,inf
12948253,5,15,8,logT,10,-1.66048,0,72.9651029587,inf
12948253,5,15,9,logT,10,-1.66156,0,80.646094346,inf
12948253,5,15,10,logT,10,-1.66265,0,88.1915517569,inf
12948253,5,15,11,logT,10,-1.66333,0,95.699164319,inf
12948253,5,15,12,logT,10,-1.66331,0,103.369491339,inf
12948253,5,15,13,logT,10,-1.6636,0.1,111.020899296,4852.5781434
12948253,5,15,14,logT,10,-1.6636,0.1,118.551671028,5181.73831543
12948253,5,15,15,logT,10,-1.6636,0.6,125.985691166,633.189367344
12948253,5,15,16,logT,10,-1.6636,0.8,133.665628648,382.464563053
12948253,5,15,17,logT,10,-1.6636,1,141.25856185,141.25856185
13046662,5,15,4,logT,10,-1.72854,0,42.7245789528,inf
13046662,5,15,5,logT,10,-1.73436,0,50.3345283747,inf
13046662,5,15,6,logT,10,-1.73627,0,57.9801441908,inf
13046662,5,15,7,logT,10,-1.73707,0,65.5650871992,inf
13046662,5,15,8,logT,10,-1.73788,0,73.0355028391,inf
13046662,5,15,9,logT,10,-1.73876,0.1,80.6435886621,3524.82567003
13046662,5,15,10,logT,10,-1.73876,0.1,88.2077607393,3855.4457274
13046662,5,15,11,logT,10,-1.73876,0.3,95.8623603821,1237.71655815
13046662,5,15,12,logT,10,-1.73876,0.9,103.335862398,206.671724796
13183385,5,15,4,logT,10,-1.6627,0,42.607995677,inf
13183385,5,15,5,logT,10,-1.66677,0,50.2895838976,inf
13183385,5,15,6,logT,10,-1.66819,0,57.9096722364,inf
13183385,5,15,7,logT,10,-1.66856,0,65.4026268244,inf
13183385,5,15,8,logT,10,-1.6689,0,73.013547349,inf
13183385,5,15,9,logT,10,-1.66908,0.1,80.5887668133,3522.42947879
13183385,5,15,10,logT,10,-1.66908,0.3,88.5060416698,1142.73624011
13183385,5,15,11,logT,10,-1.66908,0.7,95.7403584242,366.204820098
13183385,5,15,12,logT,10,-1.66908,0.9,103.246575475,206.493150949
13232651,5,15,4,logT,10,-1.64063,0,42.6888581514,inf
13232651,5,15,5,logT,10,-1.65022,0,50.3934274673,inf
13232651,5,15,6,logT,10,-1.64968,0,57.9887722492,inf
13232651,5,15,7,logT,10,-1.65239,0,65.4554691076,inf
13232651,5,15,8,logT,10,-1.65279,0,73.1790235996,inf
13232651,5,15,9,logT,10,-1.6533,0,80.6294445753,inf
13232651,5,15,10,logT,10,-1.65339,0,88.2282107353,inf
13232651,5,15,11,logT,10,-1.65347,0.2,95.7219311953,1975.48072122
13232651,5,15,12,logT,10,-1.65347,0.6,103.457545638,519.965539446
13232651,5,15,13,logT,10,-1.65347,0.9,111.01818347,222.03636694
13392517,5,15,4,logT,10,-1.68453,0,42.6158752203,inf
13392517,5,15,5,logT,10,-1.69268,0,50.2299854279,inf
13392517,5,15,6,logT,10,-1.69321,0,57.8685305595,inf
13392517,5,15,7,logT,10,-1.69411,0,65.4372719049,inf
13392517,5,15,8,logT,10,-1.69501,0,73.0565791845,inf
13392517,5,15,9,logT,10,-1.69551,0,80.6054579735,inf
13392517,5,15,10,logT,10,-1.69563,0,88.1769817591,inf
13392517,5,15,11,logT,10,-1.69579,0,95.7773963213,inf
13392517,5,15,12,logT,10,-1.69583,0,103.38426497,inf
13392517,5,15,13,logT,10,-1.69585,0.2,110.950288534,2289.75902676
13392517,5,15,14,logT,10,-1.69585,0.9,118.598392224,237.196784449
13414790,5,15,4,logT,10,-1.71122,0,42.7953706503,inf
13414790,5,15,5,logT,10,-1.71605,0,50.4190126181,inf
13414790,5,15,6,logT,10,-1.71762,0,57.9239131451,inf
13414790,5,15,7,logT,10,-1.71929,0,65.464879632,inf
13414790,5,15,8,logT,10,-1.7206,0,73.1439094782,inf
13414790,5,15,9,logT,10,-1.7206,0,80.6820365191,inf
13414790,5,15,10,logT,10,-1.72062,0.1,88.2446808577,3857.05945743
13414790,5,15,11,logT,10,-1.72062,0.6,95.8569143057,481.765654203
13414790,5,15,12,logT,10,-1.72062,0.9,103.371645474,206.743290949
13551483,5,15,4,logT,10,-1.66691,0,42.5967456102,inf
13551483,5,15,5,logT,10,-1.6735,0,50.2497753382,inf
13551483,5,15,6,logT,10,-1.67593,0,57.7655013323,inf
13551483,5,15,7,logT,10,-1.67778,0,65.355186677,inf
13551483,5,15,8,logT,10,-1.67869,0,72.9272014856,inf
13551483,5,15,9,logT,10,-1.67893,0,80.5605620384,inf
13551483,5,15,10,logT,10,-1.67897,0.5,88.1826558352,585.872883801
13551483,5,15,11,logT,10,-1.67897,0.9,95.8232420206,191.646484041
13753649,5,15,4,logT,10,-1.68898,0,43.3942475796,inf
13753649,5,15,5,logT,10,-1.69396,0,50.626467061,inf
13753649,5,15,6,logT,10,-1.69536,0,58.3539679527,inf
13753649,5,15,7,logT,10,-1.69785,0,66.0462216854,inf
13753649,5,15,8,logT,10,-1.69836,0,73.2439270496,inf
13753649,5,15,9,logT,10,-1.69899,0,80.8802170753,inf
13753649,5,15,10,logT,10,-1.69921,0,88.5138231993,inf
13753649,5,15,11,logT,10,-1.69922,0.7,96.1461558104,367.756986407
13753649,5,15,12,logT,10,-1.69922,1,103.503700638,103.503700638
13928994,5,15,4,logT,10,-1.6795,0,42.6127405882,inf
13928994,5,15,5,logT,10,-1.68356,0,50.2266474724,inf
13928994,5,15,6,logT,10,-1.68631,0,57.8517474174,inf
13928994,5,15,7,logT,10,-1.68687,0,65.3921008348,inf
13928994,5,15,8,logT,10,-1.68734,0,73.0168497562,inf
13928994,5,15,9,logT,10,-1.68737,0.4,80.6627051592,727.186475458
13928994,5,15,10,logT,10,-1.68737,1,88.164262414,88.164262414
14030140,5,15,4,logT,10,-1.66319,0,43.0635660172,inf
14030140,5,15,5,logT,10,-1.66989,0,50.8474810362,inf
14030140,5,15,6,logT,10,-1.67063,0,58.601687479,inf
14030140,5,15,7,logT,10,-1.67234,0,66.1468603611,inf
14030140,5,15,8,logT,10,-1.67232,0,73.8142563105,inf
14030140,5,15,9,logT,10,-1.67289,0,80.8015090227,inf
14030140,5,15,10,logT,10,-1.67293,0,89.0084034204,inf
14030140,5,15,11,logT,10,-1.67294,0.1,96.5063076735,4218.16434822
14030140,5,15,12,logT,10,-1.67294,0.7,104.118864083,398.252424766
14030140,5,15,13,logT,10,-1.67294,1,111.309874392,111.309874392
14066739,5,15,4,logT,10,-1.66754,0,42.7394528866,inf
14066739,5,15,5,logT,10,-1.66782,0,50.253689003,inf
14066739,5,15,6,logT,10,-1.67143,0,57.9471816301,inf
14066739,5,15,7,logT,10,-1.67423,0,65.531750083,inf
14066739,5,15,8,logT,10,-1.67443,0,73.1359416723,inf
14066739,5,15,9,logT,10,-1.67471,0,80.7439396381,inf
14066739,5,15,10,logT,10,-1.67538,0,88.2933030128,inf
14066739,5,15,11,logT,10,-1.67552,0,95.8789008617,inf
14066739,5,15,12,logT,10,-1.67601,0.1,103.542536759,4525.7087087
14066739,5,15,13,logT,10,-1.67601,0.5,111.035875559,737.706389119
14066739,5,15,14,logT,10,-1.67601,0.9,118.571671271,237.143342543
14106527,5,15,4,logT,10,-1.70186,0,42.6200230598,inf
14106527,5,15,5,logT,10,-1.70423,0,50.2903887749,inf
14106527,5,15,6,logT,10,-1.70847,0,57.8556841135,inf
14106527,5,15,7,logT,10,-1.71094,0,65.4187347174,inf
14106527,5,15,8,logT,10,-1.71142,0,72.9889905691,inf
14106527,5,15,9,logT,10,-1.71161,0,80.4994910955,inf
14106527,5,15,10,logT,10,-1.71237,0,88.1230657578,inf
14106527,5,15,11,logT,10,-1.71249,0,95.6942022324,inf
14106527,5,15,12,logT,10,-1.71261,0,103.32342155,inf
14106527,5,15,13,logT,10,-1.71267,0.1,110.9101403,4847.73701271
14106527,5,15,14,logT,10,-1.71262,0,118.578275371,inf
14106527,5,15,15,logT,10,-1.71267,0.3,126.060394311,1627.61522608
14106527,5,15,16,logT,10,-1.71267,0.6,133.664285088,671.781083453
14106527,5,15,17,logT,10,-1.71267,0.8,141.197047853,404.014612866
14106527,5,15,18,logT,10,-1.71267,0.9,148.842337418,297.684674835
14207659,5,15,4,logT,10,-1.62866,0,42.6634916067,inf
14207659,5,15,5,logT,10,-1.63462,0,50.2240404606,inf
14207659,5,15,6,logT,10,-1.63823,0,57.851012373,inf
14207659,5,15,7,logT,10,-1.63728,0,65.4723271132,inf
14207659,5,15,8,logT,10,-1.63926,0,73.0690040112,inf
14207659,5,15,9,logT,10,-1.64024,0,80.5782704353,inf
14207659,5,15,10,logT,10,-1.64076,0,88.2437794685,inf
14207659,5,15,11,logT,10,-1.64155,0,95.761600399,inf
14207659,5,15,12,logT,10,-1.64162,0,103.278687096,inf
14207659,5,15,13,logT,10,-1.6417,0.1,110.747349215,4840.62162752
14207659,5,15,14,logT,10,-1.6417,0.3,118.500614047,1530.00793609
14207659,5,15,15,logT,10,-1.6417,0.8,125.966879082,360.435721992
14207659,5,15,16,logT,10,-1.6417,0.9,133.642693496,267.285386992
14230092,5,15,4,logT,10,-1.67782,0,42.7233577728,inf
14230092,5,15,5,logT,10,-1.68484,0,50.4298055887,inf
14230092,5,15,6,logT,10,-1.68472,0,57.9859788418,inf
14230092,5,15,7,logT,10,-1.68702,0,65.5524025679,inf
14230092,5,15,8,logT,10,-1.68797,0,73.1371226072,inf
14230092,5,15,9,logT,10,-1.68794,0,80.6571839333,inf
14230092,5,15,10,logT,10,-1.68828,0.1,88.1851739168,3854.45848696
14230092,5,15,11,logT,10,-1.68828,0.1,95.8796763659,4190.77511424
14230092,5,15,12,logT,10,-1.68828,0.6,103.551262045,520.436547159
14230092,5,15,13,logT,10,-1.68828,0.9,111.030023599,222.060047197
14265803,5,15,4,logT,10,-1.64841,0,42.6527522802,inf
14265803,5,15,5,logT,10,-1.65133,0,50.2987976074,inf
14265803,5,15,6,logT,10,-1.65754,0,57.8797724247,inf
14265803,5,15,7,logT,10,-1.65702,0,65.5775582075,inf
14265803,5,15,8,logT,10,-1.6578,0,73.2573308945,inf
14265803,5,15,9,logT,10,-1.65957,0,80.7150561333,inf
14265803,5,15,10,logT,10,-1.6596,0,88.5101644278,inf
14265803,5,15,11,logT,10,-1.65969,0.1,96.0614139795,4198.71862738
14265803,5,15,12,logT,10,-1.65969,0.3,103.519796133,1336.58471646
14265803,5,15,13,logT,10,-1.65969,0.7,111.162349105,425.193604094
14265803,5,15,14,logT,10,-1.65969,1,118.650457335,118.650457335
14280208,5,15,4,logT,10,-1.67907,0,42.6912628174,inf
14280208,5,15,5,logT,10,-1.68894,0,50.3751018047,inf
14280208,5,15,6,logT,10,-1.69046,0,57.8982909203,inf
14280208,5,15,7,logT,10,-1.69214,0,65.446461916,inf
14280208,5,15,8,logT,10,-1.69263,0,73.0884834528,inf
14280208,5,15,9,logT,10,-1.69269,0.6,80.7218975782,405.69882806
14280208,5,15,10,logT,10,-1.69269,0.9,88.2865552902,176.57311058
14441004,5,15,4,logT,10,-1.68877,0,43.1871813536,inf
14441004,5,15,5,logT,10,-1.69258,0,50.9027287722,inf
14441004,5,15,6,logT,10,-1.69338,0,58.3847483873,inf
14441004,5,15,7,logT,10,-1.69505,0,66.2383612871,inf
14441004,5,15,8,logT,10,-1.69544,0,73.3180112839,inf
14441004,5,15,9,logT,10,-1.69641,0,81.1906881571,inf
14441004,5,15,10,logT,10,-1.69638,0,89.0990909338,inf
14441004,5,15,11,logT,10,-1.69695,0.1,96.4282708645,4214.75346147
14441004,5,15,12,logT,10,-1.69694,0,103.690698028,inf
14441004,5,15,13,logT,10,-1.69695,0.2,111.51088016,2301.32834986
14441004,5,15,14,logT,10,-1.69695,0.2,119.158458066,2459.15678612
14441004,5,15,15,logT,10,-1.69695,0.5,126.580684114,840.983861653
14441004,5,15,16,logT,10,-1.69695,1,134.013927054,134.013927054
14542852,5,15,4,logT,10,-1.68751,0,43.7455856323,inf
14542852,5,15,5,logT,10,-1.69064,0,51.5137667894,inf
14542852,5,15,6,logT,10,-1.69438,0,58.9695501566,inf
14542852,5,15,7,logT,10,-1.69543,0,66.3397038221,inf
14542852,5,15,8,logT,10,-1.69702,0,74.4665407896,inf
14542852,5,15,9,logT,10,-1.69727,0,81.8281534195,inf
14542852,5,15,10,logT,10,-1.69778,0,90.2598519325,inf
14542852,5,15,11,logT,10,-1.69779,0,96.9038527727,inf
14542852,5,15,12,logT,10,-1.69832,0,105.084373784,inf
14542852,5,15,13,logT,10,-1.69854,0,112.375438046,inf
14542852,5,15,14,logT,10,-1.69854,0,120.390397072,inf
14542852,5,15,15,logT,10,-1.69856,0.2,127.636215901,2634.11822865
14542852,5,15,16,logT,10,-1.69856,0.3,135.438935256,1748.70524903
14542852,5,15,17,logT,10,-1.69856,1,143.009200001,143.009200001
14547212,5,15,4,logT,10,-1.67031,0,42.6240018368,inf
14547212,5,15,5,logT,10,-1.67058,0,50.3029698372,inf
14547212,5,15,6,logT,10,-1.67188,0,57.9259431362,inf
14547212,5,15,7,logT,10,-1.67441,0,65.4424065828,inf
14547212,5,15,8,logT,10,-1.67469,0,73.1126998663,inf
14547212,5,15,9,logT,10,-1.67491,0,80.6627538919,inf
14547212,5,15,10,logT,10,-1.67492,0.3,88.2079799414,1138.88784815
14547212,5,15,11,logT,10,-1.67492,0.8,95.9596564531,274.574462017
14547212,5,15,12,logT,10,-1.67492,1,103.428572226,103.428572226
14550708,5,15,4,logT,10,-1.67611,0,42.6621766567,inf
14550708,5,15,5,logT,10,-1.6829,0,50.4190635204,inf
14550708,5,15,6,logT,10,-1.68522,0,57.8107576132,inf
14550708,5,15,7,logT,10,-1.68625,0,65.501504302,inf
14550708,5,15,8,logT,10,-1.68647,0.1,73.0085837841,3191.10960367
14550708,5,15,9,logT,10,-1.68647,0.8,80.4808850288,230.284231168
14550708,5,15,10,logT,10,-1.68647,1,88.1531222343,88.1531222343
14772102,5,15,4,logT,10,-1.71541,0,42.5149689913,inf
14772102,5,15,5,logT,10,-1.72043,0,50.1907060862,inf
14772102,5,15,6,logT,10,-1.72387,0,57.844364357,inf
14772102,5,15,7,logT,10,-1.72325,0,65.3766422987,inf
14772102,5,15,8,logT,10,-1.724,0,72.9730484009,inf
14772102,5,15,9,logT,10,-1.72485,0,80.5534353733,inf
14772102,5,15,10,logT,10,-1.725,0.1,88.1202718973,3851.62170467
14772102,5,15,11,logT,10,-1.72495,0,95.6668971062,inf
14772102,5,15,12,logT,10,-1.725,0.9,103.295666218,206.591332436
15011482,5,15,4,logT,10,-1.73561,0,43.1554240465,inf
15011482,5,15,5,logT,10,-1.73742,0,51.2418545485,inf
15011482,5,15,6,logT,10,-1.73726,0,58.2903810501,inf
15011482,5,15,7,logT,10,-1.73888,0.1,65.7179131269,2872.44393526
15011482,5,15,8,logT,10,-1.73888,0.1,73.5943525314,3216.71278865
15011482,5,15,9,logT,10,-1.73888,0.6,81.1044536114,407.621509996
15011482,5,15,10,logT,10,-1.73888,1,88.5871156693,88.5871156693
15037000,5,15,4,logT,10,-1.68473,0,42.6865718842,inf
15037000,5,15,5,logT,10,-1.69334,0,50.2882734299,inf
15037000,5,15,6,logT,10,-1.69494,0,57.8302826405,inf
15037000,5,15,7,logT,10,-1.69644,0,65.4143304586,inf
15037000,5,15,8,logT,10,-1.6996,0,72.8889992952,inf
15037000,5,15,9,logT,10,-1.7006,0,80.4936471224,inf
15037000,5,15,10,logT,10,-1.70086,0,88.1168256521,inf
15037000,5,15,11,logT,10,-1.70097,0,95.7852001667,inf
15037000,5,15,12,logT,10,-1.7012,0,103.351539421,inf
15037000,5,15,13,logT,10,-1.70124,0.2,110.894984221,2288.61767281
15037000,5,15,14,logT,10,-1.70124,0.3,118.561380863,1530.7925203
15037000,5,15,15,logT,10,-1.70124,0.8,126.154512811,360.972608347
15037000,5,15,16,logT,10,-1.70124,1,133.688270164,133.688270164
15345480,5,15,4,logT,10,-1.7409,0,42.6053786039,inf
15345480,5,15,5,logT,10,-1.74551,0,50.1435568333,inf
15345480,5,15,6,logT,10,-1.74834,0,57.8327069998,inf
15345480,5,15,7,logT,10,-1.74822,0,65.5380763531,inf
15345480,5,15,8,logT,10,-1.74852,0,73.1123521328,inf
15345480,5,15,9,logT,10,-1.74852,0,80.7768978596,inf
15345480,5,15,10,logT,10,-1.74859,0.7,88.3562720537,337.960847907
15345480,5,15,11,logT,10,-1.74859,1,95.9006042242,95.9006042242
15446758,5,15,4,logT,10,-1.70034,0,43.5875552416,inf
15446758,5,15,5,logT,10,-1.70153,0,50.9380810261,inf
15446758,5,15,6,logT,10,-1.70467,0,58.5579595089,inf
15446758,5,15,7,logT,10,-1.7052,0,66.0160883904,inf
15446758,5,15,8,logT,10,-1.70541,0,73.6259334564,inf
15446758,5,15,9,logT,10,-1.70574,0,81.1610629082,inf
15446758,5,15,10,logT,10,-1.70602,0,88.6565803528,inf
15446758,5,15,11,logT,10,-1.70623,0.1,96.4014032125,4213.57911159
15446758,5,15,12,logT,10,-1.70623,0.3,103.978867006,1342.51196067
15446758,5,15,13,logT,10,-1.70623,0.6,111.25279634,559.143558906
15446758,5,15,14,logT,10,-1.70623,0.9,119.215616679,238.431233358
15509635,5,15,4,logT,10,-1.64139,0,42.7485154867,inf
15509635,5,15,5,logT,10,-1.64547,0,50.3895841122,inf
15509635,5,15,6,logT,10,-1.64946,0,58.2493651867,inf
15509635,5,15,7,logT,10,-1.64962,0,65.7268496275,inf
15509635,5,15,8,logT,10,-1.64975,0,73.2400826693,inf
15509635,5,15,9,logT,10,-1.64976,0.4,80.8334228516,728.725521251
15509635,5,15,10,logT,10,-1.64976,1,88.2911593914,88.2911593914
15570002,5,15,4,logT,10,-1.66586,0,43.019630599,inf
15570002,5,15,5,logT,10,-1.66694,0,50.7925731421,inf
15570002,5,15,6,logT,10,-1.6702,0,58.3567237139,inf
15570002,5,15,7,logT,10,-1.67136,0,65.6280526161,inf
15570002,5,15,8,logT,10,-1.67297,0,73.5853402376,inf
15570002,5,15,9,logT,10,-1.67302,0,81.0569895506,inf
15570002,5,15,10,logT,10,-1.67308,0,88.4026344299,inf
15570002,5,15,11,logT,10,-1.67317,0.1,96.2073949099,4205.0992627
15570002,5,15,12,logT,10,-1.67317,0.7,103.671175694,396.540026269
15570002,5,15,13,logT,10,-1.67317,0.9,111.526989841,223.053979683
15709809,5,15,4,logT,10,-1.65435,0,42.5165773153,inf
15709809,5,15,5,logT,10,-1.66023,0,50.117497921,inf
15709809,5,15,6,logT,10,-1.66438,0,57.7684282064,inf
15709809,5,15,7,logT,10,-1.6652,0,65.3719411612,inf
15709809,5,15,8,logT,10,-1.66632,0,72.989918232,inf
15709809,5,15,9,logT,10,-1.66647,0.1,80.5131051064,3519.12240465
15709809,5,15,10,logT,10,-1.66647,0.5,88.1247139692,585.487926377
15709809,5,15,11,logT,10,-1.66647,1,95.6747033358,95.6747033358
15755754,5,15,4,logT,10,-1.6894,0,42.6817133665,inf
15755754,5,15,5,logT,10,-1.69236,0,50.2271869183,inf
15755754,5,15,6,logT,10,-1.69556,0,57.8625263929,inf
15755754,5,15,7,logT,10,-1.69585,0,65.405079484,inf
15755754,5,15,8,logT,10,-1.69611,0,73.2011267424,inf
15755754,5,15,9,logT,10,-1.69613,0,80.6946379423,inf
15755754,5,15,10,logT,10,-1.69614,0,88.3198918343,inf
15755754,5,15,11,logT,10,-1.69615,0.9,95.9388020992,191.877604198
15763085,5,15,4,logT,10,-1.65263,0,42.7128297806,inf
15763085,5,15,5,logT,10,-1.65283,0,50.348234725,inf
15763085,5,15,6,logT,10,-1.65689,0,57.9690555573,inf
15763085,5,15,7,logT,10,-1.65756,0,65.5557942152,inf
15763085,5,15,8,logT,10,-1.65829,0.1,73.1008695841,3195.14329516
15763085,5,15,9,logT,10,-1.65829,0.3,80.6896668673,1041.81595733
15763085,5,15,10,logT,10,-1.65829,1,88.4112747431,88.4112747431
15924209,5,15,4,logT,10,-1.69924,0,42.746064353,inf
15924209,5,15,5,logT,10,-1.70626,0,50.3880277395,inf
15924209,5,15,6,logT,10,-1.70871,0,57.9092760324,inf
15924209,5,15,7,logT,10,-1.70923,0,65.5811540604,inf
15924209,5,15,8,logT,10,-1.71149,0,73.1069773197,inf
15924209,5,15,9,logT,10,-1.71158,0.1,80.6583197832,3525.46954804
15924209,5,15,10,logT,10,-1.71157,0,88.3157828093,inf
15924209,5,15,11,logT,10,-1.71158,0.3,95.9583894491,1238.95642712
15924209,5,15,12,logT,10,-1.71158,1,103.45171237,103.45171237
15981934,5,15,4,logT,10,-1.66139,0,43.0823521137,inf
15981934,5,15,5,logT,10,-1.66639,0,50.7722501516,inf
15981934,5,15,6,logT,10,-1.66768,0,58.275253582,inf
15981934,5,15,7,logT,10,-1.66837,0,66.2055647373,inf
15981934,5,15,8,logT,10,-1.67035,0,73.3009990931,inf
15981934,5,15,9,logT,10,-1.67096,0,81.1441635609,inf
15981934,5,15,10,logT,10,-1.67123,0,88.674427557,inf
15981934,5,15,11,logT,10,-1.67169,0,96.4876195192,inf
15981934,5,15,12,logT,10,-1.67189,0,103.669017148,inf
15981934,5,15,13,logT,10,-1.67195,0.1,111.476411533,4872.48798688
15981934,5,15,14,logT,10,-1.67195,0.5,118.930087113,790.154395419
15981934,5,15,15,logT,10,-1.67195,0.7,126.50487597,483.878440697
15981934,5,15,16,logT,10,-1.67195,0.6,134.234104252,674.644928012
15981934,5,15,17,logT,10,-1.67195,1,141.924024677,141.924024677
16164239,5,15,4,logT,10,-1.68691,0,42.7676265001,inf
16164239,5,15,5,logT,10,-1.69015,0,50.4071513414,inf
16164239,5,15,6,logT,10,-1.69113,0,58.0840929508,inf
16164239,5,15,7,logT,10,-1.69415,0,65.5470365763,inf
16164239,5,15,8,logT,10,-1.69432,0,73.1512007236,inf
16164239,5,15,9,logT,10,-1.69433,0.4,80.6570827961,727.135789006
16164239,5,15,10,logT,10,-1.69433,1,88.2781365871,88.2781365871
16173523,5,15,4,logT,10,-1.69365,0,42.5750021935,inf
16173523,5,15,5,logT,10,-1.69973,0,50.3143349648,inf
16173523,5,15,6,logT,10,-1.70107,0,57.9333000898,inf
16173523,5,15,7,logT,10,-1.70311,0,65.4979456902,inf
16173523,5,15,8,logT,10,-1.70439,0,73.1456135988,inf
16173523,5,15,9,logT,10,-1.70468,0,80.6989954233,inf
16173523,5,15,10,logT,10,-1.70529,0.2,88.1454376221,1819.11930225
16173523,5,15,11,logT,10,-1.70529,0.1,95.8334941149,4188.75654852
16173523,5,15,12,logT,10,-1.70529,0.3,103.473226762,1335.98344103
16173523,5,15,13,logT,10,-1.70529,1,110.947075915,110.947075915
16248991,5,15,4,logT,10,-1.66893,0,42.5146614552,inf
16248991,5,15,5,logT,10,-1.6759,0,50.2148854733,inf
16248991,5,15,6,logT,10,-1.67462,0,57.831093502,inf
16248991,5,15,7,logT,10,-1.67645,0,65.4488499641,inf
16248991,5,15,8,logT,10,-1.67707,0,73.1029461145,inf
16248991,5,15,9,logT,10,-1.67723,0,80.6796217442,inf
16248991,5,15,10,logT,10,-1.67741,0,88.2157095194,inf
16248991,5,15,11,logT,10,-1.67747,0.2,95.79273839,1976.94201903
16248991,5,15,12,logT,10,-1.67747,0.8,103.456473231,296.025502066
16248991,5,15,13,logT,10,-1.67747,0.9,111.122542477,222.245084953
16319112,5,15,4,logT,10,-1.7031,0,42.7680033207,inf
16319112,5,15,5,logT,10,-1.7118,0,50.4198863029,inf
16319112,5,15,6,logT,10,-1.71025,0,57.9663217306,inf
16319112,5,15,7,logT,10,-1.71245,0,65.5573434353,inf
16319112,5,15,8,logT,10,-1.71367,0,73.1230620146,inf
16319112,5,15,9,logT,10,-1.71454,0,80.8196067572,inf
16319112,5,15,10,logT,10,-1.71467,0.1,88.3707412243,3862.569391
16319112,5,15,11,logT,10,-1.71467,0.7,95.8960424185,366.800308041
16319112,5,15,12,logT,10,-1.71467,1,103.540392876,103.540392876
16350340,5,15,4,logT,10,-1.69234,0,42.5940926075,inf
16350340,5,15,5,logT,10,-1.69571,0,50.1554120541,inf
16350340,5,15,6,logT,10,-1.69736,0,57.6811264992,inf
16350340,5,15,7,logT,10,-1.69822,0,65.286090517,inf
16350340,5,15,8,logT,10,-1.69956,0,72.9017440319,inf
16350340,5,15,9,logT,10,-1.70105,0,80.4656881571,inf
16350340,5,15,10,logT,10,-1.70122,0,88.2145172119,inf
16350340,5,15,11,logT,10,-1.70214,0,95.7072288513,inf
16350340,5,15,12,logT,10,-1.7023,0,103.233394432,inf
16350340,5,15,13,logT,10,-1.70231,0.1,110.782405686,4842.1539
16350340,5,15,14,logT,10,-1.70231,0.4,118.468764353,1068.01381173
16350340,5,15,15,logT,10,-1.70231,0.7,126.095141053,482.311213418
16350340,5,15,16,logT,10,-1.70231,1,133.521310568,133.521310568
16516882,5,15,4,logT,10,-1.68589,0,42.7658319473,inf
16516882,5,15,5,logT,10,-1.68934,0,50.2867654562,inf
16516882,5,15,6,logT,10,-1.69288,0,57.8314882517,inf
16516882,5,15,7,logT,10,-1.69449,0,65.4442697048,inf
16516882,5,15,8,logT,10,-1.69458,0,73.0204137564,inf
16516882,5,15,9,logT,10,-1.69481,0,80.5630916834,inf
16516882,5,15,10,logT,10,-1.69494,0,88.055994606,inf
16516882,5,15,11,logT,10,-1.69499,0.1,95.7652668715,4185.77442504
16516882,5,15,12,logT,10,-1.69499,0.5,103.291238594,686.252134883
16516882,5,15,13,logT,10,-1.69499,1,110.905696535,110.905696535
16577430,5,15,4,logT,10,-1.68501,0,42.6789393425,inf
16577430,5,15,5,logT,10,-1.69214,0,50.3560912609,inf
16577430,5,15,6,logT,10,-1.69355,0,57.7918964624,inf
16577430,5,15,7,logT,10,-1.69503,0,65.4185316086,inf
16577430,5,15,8,logT,10,-1.69589,0,73.0014272451,inf
16577430,5,15,9,logT,10,-1.69605,0.1,80.6100200415,3523.35842957
16577430,5,15,10,logT,10,-1.69605,0.3,88.1770375013,1138.48833817
16577430,5,15,11,logT,10,-1.69605,0.7,95.7803393126,366.357746139
16577430,5,15,12,logT,10,-1.69605,1,103.398532987,103.398532987
16600400,5,15,4,logT,10,-1.67342,0,42.6070636272,inf
16600400,5,15,5,logT,10,-1.68001,0,50.2461171627,inf
16600400,5,15,6,logT,10,-1.68052,0,57.8140577316,inf
16600400,5,15,7,logT,10,-1.68274,0,65.3097023964,inf
16600400,5,15,8,logT,10,-1.68288,0,72.8856613636,inf
16600400,5,15,9,logT,10,-1.6835,0.1,80.449118495,3516.32563365
16600400,5,15,10,logT,10,-1.6835,0.2,88.0611591816,1817.37998888
16600400,5,15,11,logT,10,-1.6835,0.8,95.6194844961,273.601109927
16600400,5,15,12,logT,10,-1.6835,1,103.226487803,103.226487803
16609733,5,15,4,logT,10,-1.70703,0,42.6480173826,inf
16609733,5,15,5,logT,10,-1.71093,0,50.271566081,inf
16609733,5,15,6,logT,10,-1.71499,0,57.9064185858,inf
16609733,5,15,7,logT,10,-1.71591,0,65.5178364515,inf
16609733,5,15,8,logT,10,-1.71625,0,73.0670575619,inf
16609733,5,15,9,logT,10,-1.71663,0,80.711124301,inf
16609733,5,15,10,logT,10,-1.71667,0.2,88.2509438038,1821.29670742
16609733,5,15,11,logT,10,-1.71667,0.8,95.8212711096,274.178492683
16609733,5,15,12,logT,10,-1.71667,1,103.583821273,103.583821273
16657501,5,15,4,logT,10,-1.68372,0,42.8500075817,inf
16657501,5,15,5,logT,10,-1.69159,0,50.2276604891,inf
16657501,5,15,6,logT,10,-1.69361,0,57.8083009481,inf
16657501,5,15,7,logT,10,-1.69484,0,65.3883709908,inf
16657501,5,15,8,logT,10,-1.69551,0,72.984375453,inf
16657501,5,15,9,logT,10,-1.69551,0,80.6399432182,inf
16657501,5,15,10,logT,10,-1.69571,0.1,88.158942914,3853.31196417
16657501,5,15,11,logT,10,-1.69571,0.4,95.6828763485,862.595588336
16657501,5,15,12,logT,10,-1.69571,0.4,103.291716003,931.190427551
16657501,5,15,13,logT,10,-1.69571,0.3,110.820565176,1430.84781091
16657501,5,15,14,logT,10,-1.69571,0.8,118.411039853,338.81579787
16657501,5,15,15,logT,10,-1.69571,0.7,126.06501441,482.195979653
16657501,5,15,16,logT,10,-1.69571,0.9,133.670337033,267.340674067
16678332,5,15,4,logT,10,-1.69893,0,42.6305419683,inf
16678332,5,15,5,logT,10,-1.69954,0,50.4089751482,inf
16678332,5,15,6,logT,10,-1.70101,0,57.9147903681,inf
16678332,5,15,7,logT,10,-1.70178,0,65.4894951582,inf
16678332,5,15,8,logT,10,-1.70234,0,73.0917054892,inf
16678332,5,15,9,logT,10,-1.70272,0.2,80.7159950972,1665.79267904
16678332,5,15,10,logT,10,-1.70272,0.2,88.2725968361,1821.74357625
16678332,5,15,11,logT,10,-1.70272,0.8,95.8750558615,274.33238985
16678332,5,15,12,logT,10,-1.70272,1,103.535900521,103.535900521
16695257,5,15,4,logT,10,-1.69615,0,42.6570817471,inf
16695257,5,15,5,logT,10,-1.69954,0,50.27892735,inf
16695257,5,15,6,logT,10,-1.70217,0,57.8957383156,inf
16695257,5,15,7,logT,10,-1.70229,0.1,65.5414630175,2864.73153201
16695257,5,15,8,logT,10,-1.70229,0.3,73.1998173475,945.111570625
16695257,5,15,9,logT,10,-1.70229,0.8,80.721139884,230.971685146
16695257,5,15,10,logT,10,-1.70229,1,88.2137032747,88.2137032747
