seed,MCS_per_temperature,number_of_temperatures,schedule,num_runs,best_energy,success_rate,average_time,tts_p0.99
110046,10,10,logT,10,-1.65068,0,4.99742231369,inf
110046,10,15,logT,10,-1.65216,0.1,7.77359652519,339.773725785
110046,10,20,logT,10,-1.65216,0.2,10.547055769,217.666997281
110046,10,25,logT,10,-1.65216,0.6,13.3238799572,66.9642642953
110046,10,30,logT,10,-1.65216,0.8,16.1002741575,46.0685696314
110046,10,35,logT,10,-1.65216,0.8,18.8818576813,54.027662315
110046,10,40,logT,10,-1.65216,1,21.6619713783,21.6619713783
228274,10,10,logT,10,-1.64333,0,4.99825444221,inf
228274,10,15,logT,10,-1.64456,0.1,7.77843291759,339.985118165
228274,10,20,logT,10,-1.64456,0.5,10.561561203,70.1694937723
228274,10,25,logT,10,-1.64456,0.9,13.3418563604,26.6837127209
369954,10,10,logT,10,-1.72515,0,5.00047969818,inf
369954,10,15,logT,10,-1.72524,0,7.78189032078,inf
369954,10,20,logT,10,-1.7295,0.2,10.5626030684,217.987857818
369954,10,25,logT,10,-1.7295,0.3,13.3430611849,172.277499731
369954,10,30,logT,10,-1.7295,0.4,16.1232979774,145.35396756
369954,10,35,logT,10,-1.7295,0.8,18.9023518801,54.0863034546
369954,10,40,logT,10,-1.7295,0.9,21.6820127964,43.3640255928
418527,10,10,logT,10,-1.68099,0,4.99831852913,inf
418527,10,15,logT,10,-1.68276,0.1,7.77659516335,339.904792333
418527,10,20,logT,10,-1.68233,0,10.5495246649,inf
418527,10,25,logT,10,-1.68276,0.2,13.3253654718,275.004925873
418527,10,30,logT,10,-1.68276,0.2,16.1055869579,332.382309279
418527,10,35,logT,10,-1.68276,0.5,18.8921666145,125.5168381
418527,10,40,logT,10,-1.68276,0.5,21.6720220566,143.985797886
418527,10,45,logT,10,-1.68276,0.5,24.4408692837,162.381620674
418527,10,50,logT,10,-1.68276,0.8,27.2295156956,77.9132595867
418527,10,55,logT,10,-1.68276,1,29.9979010582,29.9979010582
492757,10,10,logT,30,-1.65963,0,4.99606728554,inf
492757,10,15,logT,20,-1.66001,0,7.77587589025,inf
492757,10,20,logT,19,-1.66136,0,10.5541227115,inf
492757,10,25,logT,10,-1.66257,0.1,13.3244009018,582.392117161
492757,10,30,logT,10,-1.66257,0.2,16.1015933275,332.299889923
492757,10,35,logT,10,-1.66257,0.1,18.878109479,825.13744734
492757,10,40,logT,10,-1.66257,0.2,21.6546943903,446.903136593
492757,10,45,logT,10,-1.66244,0,24.4289978266,inf
492757,10,50,logT,10,-1.66244,0,27.2043350697,inf
492757,10,55,logT,10,-1.66257,0.2,29.9806108713,618.730922445
492757,10,60,logT,10,-1.66257,0.2,32.7559320688,676.007175153
492757,10,65,logT,10,-1.66257,0.6,35.5326122761,178.582758716
492757,10,70,logT,10,-1.66257,0.5,38.3086119175,254.51690841
492757,10,75,logT,10,-1.66257,0.2,41.0855441093,847.911228862
492757,10,80,logT,10,-1.66257,0.3,43.8617607117,566.316407045
492757,10,85,logT,10,-1.66257,0.5,46.6357855797,309.841452689
492757,10,90,logT,10,-1.66257,0.3,49.4116267443,637.972905557
492757,10,95,logT,10,-1.66257,0.4,52.1926821709,470.524916288
492757,10,100,logT,10,-1.66257,0.6,54.9683485508,276.264498934
492757,10,110,logT,10,-1.66257,0.4,60.515038681,545.552217767
492757,10,120,logT,10,-1.66257,0.6,66.0644312859,332.032114621
492757,10,130,logT,10,-1.66257,0.4,71.6183136463,645.649919327
492757,10,140,logT,10,-1.66257,0.5,77.1696320295,512.703937422
492757,10,150,logT,10,-1.66257,0.4,82.7212831497,745.744867102
492757,10,160,logT,10,-1.66257,0.6,88.2742308617,443.655972951
492757,10,170,logT,10,-1.66257,0.5,93.8245001078,623.356485793
492757,10,180,logT,10,-1.66257,0.5,99.3766402006,660.244106116
492757,10,190,logT,10,-1.66257,0.4,104.925159192,945.916164716
492757,10,200,logT,10,-1.66257,0.3,110.479212284,1426.44046976
492757,10,210,logT,10,-1.66257,0.8,116.028921103,331.999714963
492757,10,220,logT,10,-1.66257,0.6,121.584046006,611.06721293
492757,10,230,logT,10,-1.66257,0.8,127.135537601,363.779666686
492757,10,240,logT,10,-1.66257,0.5,132.687037253,881.553593759
492757,10,250,logT,10,-1.66257,0.3,138.237094641,1784.83338304
492757,10,260,logT,10,-1.66257,0.6,143.78875432,722.665483172
492757,10,270,logT,10,-1.66257,0.5,149.343972158,992.21987383
492757,10,280,logT,10,-1.66257,0.5,154.894533515,1029.09700526
492757,10,290,logT,10,-1.66257,1,160.446439648,160.446439648
554682,10,10,logT,10,-1.69952,0,4.99799623489,inf
554682,10,15,logT,10,-1.70168,0,7.7771488905,inf
554682,10,20,logT,10,-1.70255,0.1,10.5563338995,461.403532849
554682,10,25,logT,10,-1.70255,0.3,13.3346725941,172.169191343
554682,10,30,logT,10,-1.70255,0.4,16.1149087429,145.278337343
554682,10,35,logT,10,-1.70255,0.7,18.8932527781,72.2662871597
554682,10,40,logT,10,-1.70255,0.9,21.6726865292,43.3453730583
624355,10,10,logT,10,-1.72195,0,4.99685814381,inf
624355,10,15,logT,10,-1.72807,0.1,7.77467713356,339.820957762
624355,10,20,logT,10,-1.72807,0.1,10.5534417629,461.277121346
624355,10,25,logT,10,-1.72807,0.6,13.3324518204,67.0073454784
624355,10,30,logT,10,-1.72807,0.9,16.1103030205,32.220606041
631654,10,10,logT,10,-1.69501,0,4.99607043266,inf
631654,10,15,logT,10,-1.69637,0,7.77381911278,inf
631654,10,20,logT,10,-1.69663,0,10.5467916965,inf
631654,10,25,logT,10,-1.69768,0.1,13.3278366089,582.542287419
631654,10,30,logT,10,-1.69768,0.2,16.1125591755,332.526199829
631654,10,35,logT,10,-1.69768,0.2,18.8979916811,390.011126704
631654,10,40,logT,10,-1.69768,0.1,21.6776722193,947.502669122
631654,10,45,logT,10,-1.69768,0.7,24.4560468912,93.5438554807
631654,10,50,logT,10,-1.69768,0.7,27.236619091,104.179484582
631654,10,55,logT,10,-1.69768,0.7,30.0111191511,114.791887878
631654,10,60,logT,10,-1.69768,0.9,32.7870619535,65.5741239071
654105,10,10,logT,10,-1.66308,0,4.99423222542,inf
654105,10,15,logT,10,-1.66243,0,7.77050666809,inf
654105,10,20,logT,10,-1.66412,0,10.546774292,inf
654105,10,25,logT,10,-1.66438,0,13.3234551191,inf
654105,10,30,logT,10,-1.66439,0.1,16.0990557194,703.668646253
654105,10,35,logT,10,-1.66439,0.3,18.8761174202,243.716960353
654105,10,40,logT,10,-1.66439,0.7,21.6516142607,82.8169607432
654105,10,45,logT,10,-1.66439,0.5,24.4287640572,162.30119529
654105,10,50,logT,10,-1.66439,0.4,27.2150515556,245.347802074
654105,10,55,logT,10,-1.66439,0.7,30.0063220739,114.773539161
654105,10,60,logT,10,-1.66439,0.7,32.7779775143,125.375061848
654105,10,65,logT,10,-1.66439,0.6,35.5574755669,178.707718711
654105,10,70,logT,10,-1.66439,0.8,38.3416611195,109.709031522
654105,10,75,logT,10,-1.66439,0.7,41.1224617004,157.292535111
654105,10,80,logT,10,-1.66439,1,43.9005008698,43.9005008698
658180,10,10,logT,10,-1.72479,0,4.99808840752,inf
658180,10,15,logT,10,-1.72664,0,7.7770865202,inf
658180,10,20,logT,10,-1.72803,0.3,10.5561196804,136.294204171
658180,10,25,logT,10,-1.72803,0.6,13.3352530003,67.0214238813
658180,10,30,logT,10,-1.72803,1,16.1143084526,16.1143084526
983552,10,10,logT,10,-1.73725,0,4.99527990818,inf
983552,10,15,logT,10,-1.73856,0.2,7.77163965702,160.388785757
983552,10,20,logT,10,-1.73856,0.6,10.547797823,53.0119997642
983552,10,25,logT,10,-1.73856,1,13.3247514725,13.3247514725
984673,10,10,logT,10,-1.69369,0,4.99398169518,inf
984673,10,15,logT,10,-1.70005,0,7.76976616383,inf
984673,10,20,logT,10,-1.70005,0,10.547171402,inf
984673,10,25,logT,10,-1.70021,0.4,13.3243239403,120.120793679
984673,10,30,logT,10,-1.70021,0.2,16.0998599291,332.264116562
984673,10,35,logT,10,-1.70021,0.6,18.8763065815,94.8701119271
984673,10,40,logT,10,-1.70021,1,21.6526973724,21.6526973724
1010826,10,10,logT,10,-1.69759,0,4.99767301083,inf
1010826,10,15,logT,10,-1.7002,0,7.77681646347,inf
1010826,10,20,logT,10,-1.70086,0,10.5558844328,inf
1010826,10,25,logT,10,-1.70069,0,13.3349437714,inf
1010826,10,30,logT,10,-1.70137,0.2,16.1154323339,332.585495218
1010826,10,35,logT,10,-1.70137,0.1,18.8934159756,825.806474265
1010826,10,40,logT,10,-1.70137,0.5,21.6714066267,143.981709058
1010826,10,45,logT,10,-1.70137,0.3,24.4482507944,315.660961251
1010826,10,50,logT,10,-1.70137,0.4,27.2259722948,245.446254188
1010826,10,55,logT,10,-1.70137,0.6,29.9995746136,150.774357741
1010826,10,60,logT,10,-1.70137,0.5,32.7625311613,217.669545449
1010826,10,65,logT,10,-1.70137,0.7,35.5312026024,135.906088833
1010826,10,70,logT,10,-1.70137,0.6,38.3248720646,192.616330248
1010826,10,75,logT,10,-1.70137,0.9,41.1147939444,82.2295878887
1051560,10,10,logT,10,-1.63481,0,5.00009551048,inf
1051560,10,15,logT,10,-1.63801,0,7.77032220364,inf
1051560,10,20,logT,10,-1.63919,0.1,10.5465599298,460.976325433
1051560,10,25,logT,10,-1.63919,0.1,13.3236309528,582.3584637
1051560,10,30,logT,10,-1.63919,0.6,16.0999609709,80.9165231946
1051560,10,35,logT,10,-1.63919,0.4,18.8760148525,170.170126135
1051560,10,40,logT,10,-1.63919,0.7,21.6514763594,82.8164332737
1051560,10,45,logT,10,-1.63919,1,24.4267777681,24.4267777681
1086364,10,10,logT,10,-1.69672,0,4.99747960567,inf
1086364,10,15,logT,10,-1.7022,0,7.77650790215,inf
1086364,10,20,logT,10,-1.7022,0,10.5564616442,inf
1086364,10,25,logT,10,-1.70278,0.2,13.3360579491,275.225594036
1086364,10,30,logT,10,-1.70278,0.3,16.1161640644,208.082119373
1086364,10,35,logT,10,-1.70278,0.3,18.8942615986,243.951226961
1086364,10,40,logT,10,-1.70278,0.6,21.6739632368,108.930807481
1086364,10,45,logT,10,-1.70278,0.5,24.4505840778,162.446164369
1086364,10,50,logT,10,-1.70278,0.8,27.2295078993,77.9132372788
1086364,10,55,logT,10,-1.70278,0.9,30.0057500124,60.0115000248
1153328,10,10,logT,10,-1.67788,0,4.99498186111,inf
1153328,10,15,logT,10,-1.68086,0,7.77741522789,inf
1153328,10,20,logT,10,-1.67973,0,10.5621557713,inf
1153328,10,25,logT,10,-1.68094,0,13.341623807,inf
1153328,10,30,logT,10,-1.68096,0.1,16.122068119,704.674488111
1153328,10,35,logT,10,-1.68096,0.8,18.9038220167,54.0905100346
1153328,10,40,logT,10,-1.68096,0.6,21.6830317974,108.976385007
1153328,10,45,logT,10,-1.68096,0.7,24.4629998207,93.5704502871
1153328,10,50,logT,10,-1.68096,0.8,27.2430270433,77.9519203237
1153328,10,55,logT,10,-1.68096,0.8,30.0228047371,85.9058458899
1153328,10,60,logT,10,-1.68096,0.9,32.8021065474,65.6042130947
1251908,10,10,logT,10,-1.72719,0,4.99683961868,inf
1251908,10,15,logT,10,-1.73144,0,7.77631883621,inf
1251908,10,20,logT,10,-1.73153,0.3,10.5556447744,136.288072474
1251908,10,25,logT,10,-1.73153,1,13.3362312317,13.3362312317
1430748,10,10,logT,22,-1.68889,0,4.99726111239,inf
1430748,10,15,logT,20,-1.68915,0,7.77590532303,inf
1430748,10,20,logT,19,-1.69017,0,10.5540533568,inf
1430748,10,25,logT,10,-1.69098,0.1,13.3238234043,582.366875502
1430748,10,30,logT,10,-1.69017,0,16.1000865459,inf
1430748,10,35,logT,10,-1.69098,0.2,18.8764243603,389.566026757
1430748,10,40,logT,10,-1.69098,0.3,21.6533730984,279.575198408
1430748,10,45,logT,10,-1.69069,0,24.4286177635,inf
1430748,10,50,logT,10,-1.69098,0.2,27.2047849894,561.444254209
1430748,10,55,logT,10,-1.69098,0.2,29.9813789845,618.746774535
1430748,10,60,logT,10,-1.69098,0.2,32.7582428932,676.054865259
1430748,10,65,logT,10,-1.69098,0.4,35.533396697,320.338940458
1430748,10,70,logT,10,-1.69098,0.3,38.309922576,494.634445936
1430748,10,75,logT,10,-1.69098,0.5,41.0847983599,272.961491889
1430748,10,80,logT,10,-1.69098,0.2,43.8608587265,905.187345767
1430748,10,85,logT,10,-1.69098,0.3,46.6372475863,602.151807382
1430748,10,90,logT,10,-1.69098,0.7,49.4127537727,189.0027247
1430748,10,95,logT,10,-1.69098,0.2,52.1879351854,1077.0390709
1430748,10,100,logT,10,-1.69098,0.8,54.9652848244,157.275089012
1430748,10,110,logT,10,-1.69098,0.6,60.5990021229,304.563506068
1430748,10,120,logT,10,-1.69098,0.6,66.156095767,332.492809596
1430748,10,130,logT,10,-1.69098,0.6,71.715047431,360.431451315
1430748,10,140,logT,10,-1.69098,0.7,77.2719869375,295.563694776
1430748,10,150,logT,10,-1.69098,0.7,82.8348697901,316.841602524
1430748,10,160,logT,10,-1.69098,0.5,88.3785869122,587.1746217
1430748,10,170,logT,10,-1.69098,0.8,93.9517872095,268.829239099
1430748,10,180,logT,10,-1.69098,0.8,99.5120620728,284.739148906
1430748,10,190,logT,10,-1.69098,0.7,105.067129278,401.879518824
1430748,10,200,logT,10,-1.69098,0.7,110.612359381,423.08990518
1430748,10,210,logT,10,-1.69098,0.6,116.190529299,583.960027978
1430748,10,220,logT,10,-1.69098,0.7,121.747133279,465.68017682
1430748,10,230,logT,10,-1.69098,0.6,127.30699091,639.830065514
1430748,10,240,logT,10,-1.69098,0.8,132.87094121,380.190681676
1430748,10,250,logT,10,-1.69098,0.6,138.403785682,695.601259816
1430748,10,260,logT,10,-1.69098,0.5,143.98540256,956.618308037
1430748,10,270,logT,10,-1.69098,0.8,149.544568205,427.899816236
1430748,10,280,logT,10,-1.69098,0.8,155.101050591,443.798874428
1430748,10,290,logT,10,-1.69098,0.8,160.642876506,459.655995277
1430748,10,300,logT,10,-1.69098,0.8,166.222944593,475.622540488
1430748,10,310,logT,10,-1.69098,0.7,171.749853778,656.93951161
1430748,10,320,logT,10,-1.69098,0.8,177.310272527,507.347300819
1430748,10,330,logT,10,-1.69098,0.8,182.891926646,523.318384227
1430748,10,340,logT,10,-1.69098,0.5,188.454476643,1252.06444113
1430748,10,350,logT,10,-1.69098,0.6,194.005095744,975.046949371
1430748,10,360,logT,10,-1.69098,0.4,199.557409477,1799.04020034
1430748,10,370,logT,10,-1.69098,0.8,205.120702505,586.922761299
1430748,10,380,logT,10,-1.69098,0.8,210.685174155,602.844679595
1430748,10,390,logT,10,-1.69098,0.6,216.216510248,1086.67892414
1430748,10,400,logT,10,-1.69098,0.4,221.794209695,1999.50831437
1430748,10,410,logT,10,-1.69098,0.5,227.378576827,1510.67056507
1430748,10,420,logT,10,-1.69098,0.8,232.934207392,666.507020178
1430748,10,430,logT,10,-1.69098,0.5,238.498818707,1584.55185292
1430748,10,440,logT,10,-1.69098,0.7,244.060148263,933.524839041
1430748,10,450,logT,10,-1.69098,0.7,249.6222929,954.79992313
1430748,10,460,logT,10,-1.69098,0.6,255.181222343,1282.51101564
1430748,10,470,logT,10,-1.69098,0.7,260.738925266,997.320803799
1430748,10,480,logT,10,-1.69098,0.5,266.295371652,1769.22815326
1430748,10,490,logT,10,-1.69098,0.4,271.854509521,2450.8094816
1430748,10,500,logT,10,-1.69098,0.4,277.40637219,2500.86036247
1430748,10,510,logT,10,-1.69098,0.5,282.961740804,1879.95711311
1430748,10,520,logT,10,-1.69098,0.4,288.513805866,2600.99555544
1430748,10,530,logT,10,-1.69098,1,294.072686911,294.072686911
1494266,10,10,logT,23,-1.70816,0,4.99723502864,inf
1494266,10,15,logT,20,-1.71164,0,7.77329380512,inf
1494266,10,20,logT,20,-1.71164,0,10.5553966999,inf
1494266,10,25,logT,10,-1.71164,0,13.3353013992,inf
1494266,10,30,logT,10,-1.71234,0.1,16.1138285875,704.314348977
1494266,10,35,logT,10,-1.71164,0,18.8918986082,inf
1494266,10,40,logT,10,-1.71234,0.1,21.6703160763,947.181141743
1494266,10,45,logT,10,-1.71234,0.3,24.4487695217,315.667658743
1494266,10,50,logT,10,-1.71234,0.2,27.2258572578,561.879137413
1494266,10,55,logT,10,-1.71234,0.5,30.0051742077,199.350062385
1494266,10,60,logT,10,-1.71234,0.3,32.7796981573,423.23154801
1494266,10,65,logT,10,-1.71234,0.5,35.5523922682,236.204981432
1494266,10,70,logT,10,-1.71234,0.3,38.338674283,495.00567051
1494266,10,75,logT,10,-1.71234,0.6,41.1197081327,206.66284986
1494266,10,80,logT,10,-1.71234,0.5,43.8969252348,291.644858433
1494266,10,85,logT,10,-1.71234,0.6,46.6767101526,234.591692896
1494266,10,90,logT,10,-1.71234,0.6,49.4565040827,248.562612479
1494266,10,95,logT,10,-1.71234,0.5,52.223064208,346.962528388
1494266,10,100,logT,10,-1.71234,0.5,54.9697882891,365.211368175
1494266,10,110,logT,10,-1.71234,0.5,60.5841018677,402.512060196
1494266,10,120,logT,10,-1.71234,0.7,66.1421401262,252.992269138
1494266,10,130,logT,10,-1.71234,0.5,71.6986978769,476.355837688
1494266,10,140,logT,10,-1.71234,0.6,77.2571169376,388.285245283
1494266,10,150,logT,10,-1.71234,0.7,82.8084452391,316.740529182
1494266,10,160,logT,10,-1.71234,0.9,88.3736501455,176.747300291
1526610,10,10,logT,10,-1.69048,0,4.99952590466,inf
1526610,10,15,logT,10,-1.69232,0,7.78040852547,inf
1526610,10,20,logT,10,-1.69344,0.1,10.5598265886,461.556193718
1526610,10,25,logT,10,-1.69344,0.2,13.3406305313,275.319961627
1526610,10,30,logT,10,-1.69344,0.2,16.1205503225,332.691118743
1526610,10,35,logT,10,-1.69344,0.4,18.8995445728,170.382250119
1526610,10,40,logT,10,-1.69344,0.3,21.6802222252,279.921858021
1526610,10,45,logT,10,-1.69344,0.7,24.4592641592,93.5561614618
1526610,10,50,logT,10,-1.69344,0.4,27.236943984,245.545165624
1526610,10,55,logT,10,-1.69344,0.8,30.0154082775,85.8846820073
1526610,10,60,logT,10,-1.69344,1,32.796356988,32.796356988
1575578,10,10,logT,10,-1.68475,0,4.99742076397,inf
1575578,10,15,logT,10,-1.68794,0.1,7.77643735409,339.897894697
1575578,10,20,logT,10,-1.68794,0.1,10.5550006866,461.345259861
1575578,10,25,logT,10,-1.68794,0.5,13.3340352774,88.5894128122
1575578,10,30,logT,10,-1.68794,0.5,16.1142516613,107.060770644
1575578,10,35,logT,10,-1.68794,0.9,18.8924622059,37.7849244118
1631660,10,10,logT,10,-1.68423,0,4.99653427601,inf
1631660,10,15,logT,10,-1.68455,0.2,7.77532298565,160.464801197
1631660,10,20,logT,10,-1.68455,0.8,10.5551046848,30.2018816812
1631660,10,25,logT,10,-1.68455,1,13.3335232019,13.3335232019
1730477,10,10,logT,21,-1.64045,0,4.99964288303,inf
1730477,10,15,logT,20,-1.64666,0,7.77777554989,inf
1730477,10,20,logT,19,-1.64701,0,10.5601280363,inf
1730477,10,25,logT,10,-1.64769,0,13.3382365227,inf
1730477,10,30,logT,10,-1.64759,0,16.1164261103,inf
1730477,10,35,logT,10,-1.64773,0.1,18.8969383717,825.960433586
1730477,10,40,logT,10,-1.64773,0.3,21.6756864071,279.863294294
1730477,10,45,logT,10,-1.64773,0.2,24.4526810884,504.647153157
1730477,10,50,logT,10,-1.64773,0.2,27.2318217278,562.002230368
1730477,10,55,logT,10,-1.64773,0.6,30.0165253878,150.859550352
1730477,10,60,logT,10,-1.64773,0.3,32.7946412802,423.424484535
1730477,10,65,logT,10,-1.64773,0.4,35.5740972996,320.70586254
1730477,10,70,logT,10,-1.64773,0.7,38.3523451805,146.696898762
1730477,10,75,logT,10,-1.64773,0.8,41.1336365461,117.69785911
1730477,10,80,logT,10,-1.64773,0.6,43.9129063606,220.701137878
1730477,10,85,logT,10,-1.64773,0.7,46.6967169523,178.613942042
1730477,10,90,logT,10,-1.64773,0.7,49.4734254837,189.234792694
1730477,10,95,logT,10,-1.64773,0.7,52.2557076216,199.876962272
1730477,10,100,logT,10,-1.64773,0.8,55.0321124792,157.466306531
1730477,10,110,logT,10,-1.64773,0.6,60.5651973009,304.393606981
1730477,10,120,logT,10,-1.64773,0.8,66.1176207066,189.185860041
1730477,10,130,logT,10,-1.64773,0.9,71.6691478252,143.33829565
1769991,10,10,logT,10,-1.71261,0,4.99793000221,inf
1769991,10,15,logT,10,-1.72066,0.1,7.77327749729,339.759781493
1769991,10,20,logT,10,-1.72066,0.3,10.5558257103,136.290408608
1769991,10,25,logT,10,-1.72066,1,13.3355471134,13.3355471134
1791529,10,10,logT,10,-1.70374,0,4.9943053484,inf
1791529,10,15,logT,10,-1.70259,0,7.77637591362,inf
1791529,10,20,logT,10,-1.70447,0.1,10.5625609875,461.675710711
1791529,10,25,logT,10,-1.70447,0.4,13.3416605711,120.277086025
1791529,10,30,logT,10,-1.70447,0.3,16.1228154421,208.16799792
1791529,10,35,logT,10,-1.70447,0.7,18.9027783632,72.3027223189
1791529,10,40,logT,10,-1.70447,0.7,21.6825300455,82.935212958
1791529,10,45,logT,10,-1.70447,0.9,24.4622478724,48.9244957447
1914710,10,10,logT,10,-1.67247,0,4.99997625351,inf
1914710,10,15,logT,10,-1.67759,0.1,7.78018431664,340.061669524
1914710,10,20,logT,10,-1.67752,0,10.5603940725,inf
1914710,10,25,logT,10,-1.67759,0.5,13.3416193962,88.6398006071
1914710,10,30,logT,10,-1.67759,0.7,16.1206700802,61.6612177324
1914710,10,35,logT,10,-1.67759,0.9,18.9008824348,37.8017648697
1958910,10,10,logT,10,-1.7242,0,4.99583604336,inf
1958910,10,15,logT,10,-1.72682,0,7.77078835964,inf
1958910,10,20,logT,10,-1.72736,0.1,10.5475780964,461.020828159
1958910,10,25,logT,10,-1.72717,0,13.3242765665,inf
1958910,10,30,logT,10,-1.72736,0.2,16.1001971245,332.271075501
1958910,10,35,logT,10,-1.72736,0.4,18.8763128281,170.172812429
1958910,10,40,logT,10,-1.72736,0.5,21.6529550314,143.859119312
1958910,10,45,logT,10,-1.72736,0.7,24.4283156157,93.4377839457
1958910,10,50,logT,10,-1.72736,1,27.2039195776,27.2039195776
2094269,10,10,logT,10,-1.67965,0,4.9937084198,inf
2094269,10,15,logT,10,-1.68269,0.2,7.7698127985,160.351083595
2094269,10,20,logT,10,-1.68269,0.7,10.5471081734,40.3424628313
2094269,10,25,logT,10,-1.68269,0.8,13.3232893467,38.1226354895
2094269,10,30,logT,10,-1.68269,0.9,16.0992751122,32.1985502243
2103206,10,10,logT,10,-1.73419,0,4.99842400551,inf
2103206,10,15,logT,10,-1.73452,0,7.77714858055,inf
2103206,10,20,logT,10,-1.73526,0.1,10.5562657118,461.400552453
2103206,10,25,logT,10,-1.73526,0.1,13.3355961323,582.881446027
2103206,10,30,logT,10,-1.73526,0.6,16.1148512602,80.9913600493
2103206,10,35,logT,10,-1.73526,0.7,18.8925604105,72.2636388686
2103206,10,40,logT,10,-1.73526,0.6,21.6712321758,108.917081487
2103206,10,45,logT,10,-1.73526,0.9,24.4480445385,48.896089077
2254005,10,10,logT,10,-1.68404,0,4.99734339714,inf
2254005,10,15,logT,10,-1.68656,0.3,7.77595899105,100.398458377
2254005,10,20,logT,10,-1.68656,0.5,10.5548040152,70.124599988
2254005,10,25,logT,10,-1.68656,0.9,13.3350144625,26.6700289249
2261070,10,10,logT,10,-1.67511,0,4.99811053276,inf
2261070,10,15,logT,10,-1.67711,0,7.77942619324,inf
2261070,10,20,logT,10,-1.67718,0.2,10.5514376402,217.757429035
2261070,10,25,logT,10,-1.67718,0.5,13.3324178219,88.5786666706
2261070,10,30,logT,10,-1.67718,0.7,16.1191977262,61.6555860101
2261070,10,35,logT,10,-1.67718,0.7,18.9000067711,72.2921210383
2261070,10,40,logT,10,-1.67718,0.9,21.67749753,43.35499506
2330819,10,10,logT,10,-1.70986,0,4.99346613884,inf
2330819,10,15,logT,10,-1.71391,0,7.77001841068,inf
2330819,10,20,logT,10,-1.71455,0,10.5464339972,inf
2330819,10,25,logT,10,-1.71491,0.7,13.3234338999,50.9618492629
2330819,10,30,logT,10,-1.71491,0.8,16.0998534918,46.0673659582
2330819,10,35,logT,10,-1.71491,1,18.8758827925,18.8758827925
2471202,10,10,logT,10,-1.64876,0,5.0009401083,inf
2471202,10,15,logT,10,-1.6512,0,7.78147728443,inf
2471202,10,20,logT,10,-1.65209,0,10.5627015591,inf
2471202,10,25,logT,10,-1.65239,0,13.3425126791,inf
2471202,10,30,logT,10,-1.6528,0.2,16.1228694916,332.738981064
2471202,10,35,logT,10,-1.6528,0.2,18.9011936665,390.077208325
2471202,10,40,logT,10,-1.6528,0.2,21.6820673704,447.468052008
2471202,10,45,logT,10,-1.6528,0.3,24.4609011173,315.824294535
2471202,10,50,logT,10,-1.6528,0.6,27.2415704489,136.912950974
2471202,10,55,logT,10,-1.6528,0.6,30.0198311806,150.876164881
2471202,10,60,logT,10,-1.6528,0.8,32.8006538391,93.8542530742
2471202,10,65,logT,10,-1.6528,0.9,35.580619669,71.1612393379
2475263,10,10,logT,10,-1.68776,0,4.99754087925,inf
2475263,10,15,logT,10,-1.69088,0.2,7.77692034245,160.497766971
2475263,10,20,logT,10,-1.69088,0.6,10.5549752712,53.0480727809
2475263,10,25,logT,10,-1.69088,1,13.3337583065,13.3337583065
2494091,10,10,logT,10,-1.68871,0,4.99975297451,inf
2494091,10,15,logT,10,-1.69335,0.1,7.78104526997,340.099300666
2494091,10,20,logT,10,-1.69335,0.1,10.5607078075,461.594710643
2494091,10,25,logT,10,-1.69335,0.8,13.3420770645,38.1763937844
2494091,10,30,logT,10,-1.69335,1,16.1215115547,16.1215115547
2575023,10,10,logT,10,-1.70285,0,4.99570865631,inf
2575023,10,15,logT,10,-1.70706,0,7.77580149174,inf
2575023,10,20,logT,10,-1.70921,0.5,10.5540884972,70.1198461893
2575023,10,25,logT,10,-1.70921,0.7,13.3329475403,50.9982387337
2575023,10,30,logT,10,-1.70921,1,16.1100455761,16.1100455761
2622727,10,10,logT,10,-1.68319,0,4.99357426167,inf
2622727,10,15,logT,10,-1.68713,0.1,7.77052021027,339.639264088
2622727,10,20,logT,10,-1.68713,0.8,10.5470773697,30.178912698
2622727,10,25,logT,10,-1.68713,1,13.3242105961,13.3242105961
2629801,10,10,logT,10,-1.68319,0,4.99737644196,inf
2629801,10,15,logT,10,-1.68856,0,7.77654168606,inf
2629801,10,20,logT,10,-1.69156,0,10.556424284,inf
2629801,10,25,logT,10,-1.6916,0.6,13.3354772568,67.0225509683
2629801,10,30,logT,10,-1.6916,0.5,16.1148228168,107.064565319
2629801,10,35,logT,10,-1.6916,0.9,18.8922271729,37.7844543457
2633193,10,10,logT,21,-1.68909,0,4.99826889946,inf
2633193,10,15,logT,20,-1.68776,0,7.77556436062,inf
2633193,10,20,logT,19,-1.68978,0,10.5539679276,inf
2633193,10,25,logT,10,-1.69036,0,13.3236739397,inf
2633193,10,30,logT,10,-1.68995,0,16.1077127934,inf
2633193,10,35,logT,10,-1.69036,0,18.8756556988,inf
2633193,10,40,logT,10,-1.69036,0,21.6533690453,inf
2633193,10,45,logT,10,-1.69036,0,24.4574792862,inf
2633193,10,50,logT,10,-1.69039,0.2,27.2302555323,561.969907692
2633193,10,55,logT,10,-1.69036,0,30.0049628019,inf
2633193,10,60,logT,10,-1.69036,0,32.7939165115,inf
2633193,10,65,logT,10,-1.69039,0.1,35.5728551626,1554.84292197
2633193,10,70,logT,10,-1.69036,0,38.3526575565,inf
2633193,10,75,logT,10,-1.69039,0.4,41.1335622072,370.825278739
2633193,10,80,logT,10,-1.69039,0.3,43.9120730877,566.966009878
2633193,10,85,logT,10,-1.69039,0.4,46.6892993212,420.911088315
2633193,10,90,logT,10,-1.69039,0.3,49.4686537981,638.70920423
2633193,10,95,logT,10,-1.69039,0.4,52.2498512506,471.04030418
2633193,10,100,logT,10,-1.69039,0.4,55.0296616793,496.100715234
2633193,10,110,logT,10,-1.69039,0.2,60.5584419966,1249.78709871
2633193,10,120,logT,10,-1.69039,0.2,66.1121746063,1364.40337906
2633193,10,130,logT,10,-1.69039,0.2,71.6696233749,1479.09635239
2633193,10,140,logT,10,-1.69039,0.3,77.2277250051,997.117467232
2633193,10,150,logT,10,-1.69039,0.3,82.7842842579,1068.86038454
2633193,10,160,logT,10,-1.69039,0.4,88.3419369936,796.415910807
2633193,10,170,logT,10,-1.69039,0.7,93.901791954,359.172342734
2633193,10,180,logT,10,-1.69039,0.5,99.4558764458,660.770540334
2633193,10,190,logT,10,-1.69039,0.4,105.01577518,946.733081538
2633193,10,200,logT,10,-1.69039,0.5,110.57111218,734.618568066
2633193,10,210,logT,10,-1.69039,0.3,116.127195764,1499.36380113
2633193,10,220,logT,10,-1.69039,0.5,121.682682443,808.442242935
2633193,10,230,logT,10,-1.69039,0.7,127.245911074,486.712884095
2633193,10,240,logT,10,-1.69039,0.7,132.801191974,507.961714537
2633193,10,250,logT,10,-1.69039,0.7,138.354096007,529.201453515
2633193,10,260,logT,10,-1.69039,0.3,143.912347841,1858.10880449
2633193,10,270,logT,10,-1.69039,0.4,149.474833345,1347.53820884
2633193,10,280,logT,10,-1.69039,0.7,155.009817219,592.909230363
2633193,10,290,logT,10,-1.69039,0.7,160.572701597,614.187143947
2633193,10,300,logT,10,-1.69039,0.7,166.132182026,635.452037496
2633193,10,310,logT,10,-1.69039,0.8,171.683401275,491.246835228
2633193,10,320,logT,10,-1.69039,0.3,177.243533444,2288.46082336
2633193,10,330,logT,10,-1.69039,0.4,182.801945353,1647.98715944
2633193,10,340,logT,10,-1.69039,0.6,188.335131359,946.550370683
2633193,10,350,logT,10,-1.69039,0.6,193.910618615,974.572118356
2633193,10,360,logT,10,-1.69039,0.7,199.473460102,762.981711927
2633193,10,370,logT,10,-1.69039,0.7,205.022270346,784.205792246
2633193,10,380,logT,10,-1.69039,0.6,210.578176689,1058.34131829
2633193,10,390,logT,10,-1.69039,0.6,216.135903287,1086.27380297
2633193,10,400,logT,10,-1.69039,0.5,221.679102755,1472.80407898
2633193,10,410,logT,10,-1.69039,0.6,227.231777954,1142.04037293
2633193,10,420,logT,10,-1.69039,0.5,232.799617863,1546.68718211
2633193,10,430,logT,10,-1.69039,0.6,238.365352201,1197.99641658
2633193,10,440,logT,10,-1.69039,0.7,243.928569269,933.021552209
2633193,10,450,logT,10,-1.69039,0.5,249.490977311,1657.5821739
2633193,10,460,logT,10,-1.69039,0.7,255.048735762,975.555950835
2633193,10,470,logT,10,-1.69039,0.5,260.597051668,1731.36933476
2633193,10,480,logT,10,-1.69039,0.5,266.141650772,1768.20685384
2633193,10,490,logT,10,-1.69039,0.6,271.723058271,1365.64835076
2633193,10,500,logT,10,-1.69039,0.7,277.260790515,1060.51658446
2633193,10,510,logT,10,-1.69039,0.8,282.818217063,809.242786696
2633193,10,520,logT,10,-1.69039,0.5,288.372932339,1915.90829148
2633193,10,530,logT,10,-1.69039,0.6,293.930099463,1477.25834577
2633193,10,540,logT,10,-1.69039,0.6,299.475459957,1505.12867986
2633193,10,550,logT,10,-1.69039,0.8,305.021531367,872.77430927
2633193,10,560,logT,10,-1.69039,0.5,310.573080564,2063.40288368
2633193,10,570,logT,10,-1.69039,0.9,316.164225388,632.328450775
2702397,10,10,logT,10,-1.72586,0,4.99704406261,inf
2702397,10,15,logT,10,-1.72814,0,7.77587816715,inf
2702397,10,20,logT,10,-1.72828,0.2,10.5553243876,217.83764257
2702397,10,25,logT,10,-1.72828,0.5,13.3350850821,88.5963875636
2702397,10,30,logT,10,-1.72828,0.8,16.112959671,46.104867365
2702397,10,35,logT,10,-1.72828,1,18.8912218571,18.8912218571
2892506,10,10,logT,10,-1.714,0,5.00046496391,inf
2892506,10,15,logT,10,-1.71593,0.1,7.78075842857,340.086763205
2892506,10,20,logT,10,-1.71593,0.1,10.5614549398,461.627366817
2892506,10,25,logT,10,-1.71593,0.2,13.3419638395,275.347478045
2892506,10,30,logT,10,-1.71593,0.5,16.1217562437,107.11063001
2892506,10,35,logT,10,-1.71593,0.6,18.9004874468,94.9916421315
2892506,10,40,logT,10,-1.71593,0.8,21.6825642109,62.0414726709
2892506,10,45,logT,10,-1.71593,0.8,24.4619243145,69.9942033642
2892506,10,50,logT,10,-1.71593,1,27.2411176443,27.2411176443
3139424,10,10,logT,10,-1.66994,0,4.99567809105,inf
3139424,10,15,logT,10,-1.67627,0,7.77061707973,inf
3139424,10,20,logT,10,-1.67747,0.2,10.5474849939,217.675855498
3139424,10,25,logT,10,-1.67747,0.2,13.3242062569,274.98100234
3139424,10,30,logT,10,-1.67747,0.7,16.1002385616,61.5830676116
3139424,10,35,logT,10,-1.67747,0.5,18.8761051893,125.410128301
3139424,10,40,logT,10,-1.67747,0.9,21.6530160904,43.3060321808
3212296,10,10,logT,10,-1.72428,0,4.99670271873,inf
3212296,10,15,logT,10,-1.7284,0,7.78096306324,inf
3212296,10,20,logT,10,-1.72928,0.3,10.5604593992,136.350235984
3212296,10,25,logT,10,-1.72928,0.9,13.340085268,26.680170536
3240710,10,10,logT,10,-1.68625,0,4.99699902534,inf
3240710,10,15,logT,10,-1.68878,0,7.77444283962,inf
3240710,10,20,logT,10,-1.68967,0,10.5521929979,inf
3240710,10,25,logT,10,-1.69005,0.3,13.3303173304,172.112958824
3240710,10,30,logT,10,-1.69005,0.4,16.1083875656,145.219547944
3240710,10,35,logT,10,-1.69005,0.9,18.8863270521,37.7726541042
3259621,10,10,logT,10,-1.69585,0,4.99803185463,inf
3259621,10,15,logT,10,-1.69826,0.1,7.7771412611,339.928661551
3259621,10,20,logT,10,-1.69815,0,10.557049036,inf
3259621,10,25,logT,10,-1.69826,0.1,13.3359154701,582.895403866
3259621,10,30,logT,10,-1.69826,0.2,16.114284873,332.561814261
3259621,10,35,logT,10,-1.69826,0.5,18.8855423689,125.472827565
3259621,10,40,logT,10,-1.69826,0.9,21.6686739683,43.3373479366
3328448,10,10,logT,10,-1.68595,0,4.99760785103,inf
3328448,10,15,logT,10,-1.68771,0,7.7766720295,inf
3328448,10,20,logT,10,-1.68997,0,10.5554442644,inf
3328448,10,25,logT,10,-1.69081,0.1,13.3343798637,582.828284521
3328448,10,30,logT,10,-1.69081,0.3,16.1134799242,208.047463385
3328448,10,35,logT,10,-1.69081,0.5,18.8913567781,125.511457664
3328448,10,40,logT,10,-1.69081,1,21.6686849594,21.6686849594
3396452,10,10,logT,10,-1.7006,0,4.99950489998,inf
3396452,10,15,logT,10,-1.703,0,7.77990493774,inf
3396452,10,20,logT,10,-1.70352,0.3,10.5607407331,136.353868397
3396452,10,25,logT,10,-1.70352,0.8,13.3401742697,38.1709492165
3396452,10,30,logT,10,-1.70352,0.6,16.1199637651,81.017054902
3396452,10,35,logT,10,-1.70352,0.9,18.9000617504,37.8001235008
3603850,10,10,logT,10,-1.67835,0,4.99632182121,inf
3603850,10,15,logT,10,-1.68239,0,7.77306764126,inf
3603850,10,20,logT,10,-1.68343,0.1,10.5520103455,461.214555963
3603850,10,25,logT,10,-1.68343,0.2,13.3299233913,275.098990859
3603850,10,30,logT,10,-1.68343,0.2,16.1074756145,332.421286812
3603850,10,35,logT,10,-1.68343,0.7,18.8838762522,72.230422149
3603850,10,40,logT,10,-1.68343,0.9,21.6622887135,43.3245774269
3633003,10,10,logT,10,-1.66769,0,4.99565083981,inf
3633003,10,15,logT,10,-1.67045,0,7.77052249908,inf
3633003,10,20,logT,10,-1.67191,0,10.547226572,inf
3633003,10,25,logT,10,-1.6728,0,13.3239962339,inf
3633003,10,30,logT,10,-1.67308,0.1,16.0997647524,703.699637157
3633003,10,35,logT,10,-1.67308,0.1,18.8765764475,825.070440542
3633003,10,40,logT,10,-1.67308,0.2,21.6515866518,446.839000011
3633003,10,45,logT,10,-1.67308,0.5,24.4285345793,162.299670672
3633003,10,50,logT,10,-1.67308,0.8,27.2041242838,77.8406057915
3633003,10,55,logT,10,-1.67308,0.9,29.9806346416,59.9612692833
3713812,10,10,logT,10,-1.73392,0,4.99955339432,inf
3713812,10,15,logT,10,-1.73843,0,7.78090584278,inf
3713812,10,20,logT,10,-1.73963,0.1,10.5616479635,461.63580363
3713812,10,25,logT,10,-1.73963,0.1,13.3415342808,583.140994722
3713812,10,30,logT,10,-1.73963,0.2,16.1221008062,332.723117164
3713812,10,35,logT,10,-1.73963,0.2,18.9014893055,390.083309635
3713812,10,40,logT,10,-1.73963,0.5,21.6816365719,144.049675343
3713812,10,45,logT,10,-1.73963,0.2,24.4612705469,504.824419844
3713812,10,50,logT,10,-1.73963,0.7,27.2412656546,104.197257588
3713812,10,55,logT,10,-1.73963,0.8,30.0202352285,85.8984936186
3713812,10,60,logT,10,-1.73963,0.7,32.8006384373,125.461739393
3713812,10,65,logT,10,-1.73963,0.6,35.5796154737,178.818991297
3713812,10,70,logT,10,-1.73963,0.9,38.3578064442,76.7156128883
3727510,10,10,logT,10,-1.69665,0,4.99452278614,inf
3727510,10,15,logT,10,-1.69772,0.1,7.77572770119,339.866876698
3727510,10,20,logT,10,-1.69772,0.2,10.5588472128,217.910345589
3727510,10,25,logT,10,-1.69772,0.6,13.3390193701,67.040353216
3727510,10,30,logT,10,-1.69772,1,16.1192206144,16.1192206144
3730240,10,10,logT,10,-1.70218,0,4.99813215733,inf
3730240,10,15,logT,10,-1.70635,0,7.77628550529,inf
3730240,10,20,logT,10,-1.70893,0.2,10.552568388,217.780765071
3730240,10,25,logT,10,-1.70893,0.2,13.3358001471,275.220273594
3730240,10,30,logT,10,-1.70893,0.4,16.1147746801,145.277128747
3730240,10,35,logT,10,-1.70893,1,18.8900764942,18.8900764942
3883519,10,10,logT,10,-1.68095,0,4.99837203026,inf
3883519,10,15,logT,10,-1.68642,0.1,7.77739059925,339.939559795
3883519,10,20,logT,10,-1.68625,0,10.5570706606,inf
3883519,10,25,logT,10,-1.68638,0,13.3365052462,inf
3883519,10,30,logT,10,-1.68642,0.8,16.1156590462,46.1125912305
3883519,10,35,logT,10,-1.68642,0.8,18.8937388897,54.0616586477
3883519,10,40,logT,10,-1.68642,1,21.6716706991,21.6716706991
3996225,10,10,logT,10,-1.7102,0,4.99667007923,inf
3996225,10,15,logT,10,-1.71248,0,7.77460000515,inf
3996225,10,20,logT,10,-1.71324,0.3,10.5527068138,136.250139311
3996225,10,25,logT,10,-1.71324,0.3,13.3279370546,172.08222615
3996225,10,30,logT,10,-1.71324,0.6,16.106051302,80.9471324871
3996225,10,35,logT,10,-1.71324,0.8,18.8843435526,54.0347752706
3996225,10,40,logT,10,-1.71324,0.9,21.6647073746,43.3294147491
4030608,10,10,logT,10,-1.69835,0,4.99685301781,inf
4030608,10,15,logT,10,-1.70427,0,7.77483029366,inf
4030608,10,20,logT,10,-1.70557,0,10.5521558523,inf
4030608,10,25,logT,10,-1.70523,0,13.3306646585,inf
4030608,10,30,logT,10,-1.70571,0.1,16.1081207752,704.064867974
4030608,10,35,logT,10,-1.70571,0.1,18.8850620985,825.441337237
4030608,10,40,logT,10,-1.70571,0.1,21.6627107859,946.848724457
4030608,10,45,logT,10,-1.70571,0.4,24.4394509077,220.325342829
4030608,10,50,logT,10,-1.70571,0.8,27.2173001289,77.878306537
4030608,10,55,logT,10,-1.70571,1,29.9964211702,29.9964211702
4043709,10,10,logT,10,-1.66961,0,4.99355704784,inf
4043709,10,15,logT,10,-1.67275,0.4,7.76963713169,70.0444527646
4043709,10,20,logT,10,-1.67275,0.9,10.5479724169,21.0959448338
4068529,10,10,logT,10,-1.66016,0,4.993988204,inf
4068529,10,15,logT,10,-1.66288,0,7.77021026611,inf
4068529,10,20,logT,10,-1.66537,0.2,10.5474909306,217.675978016
4068529,10,25,logT,10,-1.66537,0.1,13.3244361401,582.393657379
4068529,10,30,logT,10,-1.66537,0.7,16.1186558247,61.6535132482
4068529,10,35,logT,10,-1.66537,0.8,18.8985362053,54.0753854616
4068529,10,40,logT,10,-1.66537,0.9,21.680223918,43.3604478359
4087272,10,10,logT,10,-1.73045,0,5.00064072609,inf
4087272,10,15,logT,10,-1.73407,0.2,7.78105535507,160.58310413
4087272,10,20,logT,10,-1.73407,0.8,10.5619277239,30.2214048053
4087272,10,25,logT,10,-1.73407,1,13.3425917149,13.3425917149
4187807,10,10,logT,10,-1.71642,0,4.99376592636,inf
4187807,10,15,logT,10,-1.7184,0,7.77032864094,inf
4187807,10,20,logT,10,-1.72066,0.1,10.5477122784,461.026693078
4187807,10,25,logT,10,-1.72066,1,13.3242203712,13.3242203712
4197361,10,10,logT,30,-1.68752,0,4.99647253354,inf
4197361,10,15,logT,20,-1.68908,0,7.77570971251,inf
4197361,10,20,logT,19,-1.68939,0,10.5537447176,inf
4197361,10,25,logT,10,-1.68921,0,13.3326468706,inf
4197361,10,30,logT,10,-1.68945,0.1,16.1108786821,704.185412475
4197361,10,35,logT,10,-1.68921,0,18.8891952991,inf
4197361,10,40,logT,10,-1.68945,0.3,21.6669540882,279.750547898
4197361,10,45,logT,10,-1.68945,0.5,24.4461323023,162.416587413
4197361,10,50,logT,10,-1.68945,0.2,27.227534914,561.913760382
4197361,10,55,logT,10,-1.68945,0.3,30.0041687012,387.395597886
4197361,10,60,logT,10,-1.68945,0.4,32.781797123,295.53285452
4197361,10,65,logT,10,-1.68945,0.3,35.5588482141,459.114245132
4197361,10,70,logT,10,-1.68945,0.3,38.3402677536,495.026244434
4197361,10,75,logT,10,-1.68945,0.3,41.1075536966,530.755759326
4197361,10,80,logT,10,-1.68945,0.3,43.8957712889,566.755530955
4197361,10,85,logT,10,-1.68945,0.5,46.6704977036,310.072075048
4197361,10,90,logT,10,-1.68945,0.4,49.4502745628,445.801697313
4197361,10,95,logT,10,-1.68945,0.4,52.2327702045,470.886315969
4197361,10,100,logT,10,-1.68945,0.3,55.0068453074,710.214968389
4197361,10,110,logT,10,-1.68945,0.1,60.5577647209,2646.90060486
4197361,10,120,logT,10,-1.68945,0.5,66.109724474,439.223502151
4197361,10,130,logT,10,-1.68945,0.2,71.6574634314,1478.84539909
4197361,10,140,logT,10,-1.68945,0.5,77.2574763536,513.287562479
4197361,10,150,logT,10,-1.68945,0.4,82.783148241,746.302590249
4197361,10,160,logT,10,-1.68945,0.4,88.276530242,795.826259058
4197361,10,170,logT,10,-1.68945,0.4,93.8270697594,845.865211516
4197361,10,180,logT,10,-1.68945,0.6,99.379048419,499.467488834
4197361,10,190,logT,10,-1.68945,0.5,104.931577015,697.150307453
4197361,10,200,logT,10,-1.68945,0.2,110.487470126,2280.20751823
4197361,10,210,logT,10,-1.68945,0.3,116.036323762,1498.19051706
4197361,10,220,logT,10,-1.68945,0.6,121.589807844,611.096171254
4197361,10,230,logT,10,-1.68945,0.4,127.139047337,1146.17772294
4197361,10,240,logT,10,-1.68945,0.6,132.694773769,666.908432817
4197361,10,250,logT,10,-1.68945,0.2,138.247254848,2853.10569171
4197361,10,260,logT,10,-1.68945,0.4,143.818546915,1296.54593198
4197361,10,270,logT,10,-1.68945,0.4,149.354402447,1346.45250609
4197361,10,280,logT,10,-1.68945,0.5,154.96314168,1029.55282804
4197361,10,290,logT,10,-1.68945,0.4,160.455691123,1446.53230095
4197361,10,300,logT,10,-1.68945,0.4,166.028235579,1496.76963125
4197361,10,310,logT,10,-1.68945,0.6,171.563587379,862.258549735
4197361,10,320,logT,10,-1.68945,0.3,177.116586757,2286.82176485
4197361,10,330,logT,10,-1.68945,0.5,182.663053203,1213.58705666
4197361,10,340,logT,10,-1.68945,0.5,188.393788934,1251.66124072
4197361,10,350,logT,10,-1.68945,0.3,193.985119128,2504.61800672
4197361,10,360,logT,10,-1.68945,0.5,199.587301421,1326.02932795
4197361,10,370,logT,10,-1.68945,0.5,205.145777011,1362.9590404
4197361,10,380,logT,10,-1.68945,0.3,210.69453752,2720.35986555
4197361,10,390,logT,10,-1.68945,0.5,216.247680449,1436.71849028
4197361,10,400,logT,10,-1.68945,0.5,221.809296417,1473.66906695
4197361,10,410,logT,10,-1.68945,0.4,227.376399136,2049.83259567
4197361,10,420,logT,10,-1.68945,0.5,232.954064536,1547.7133036
4197361,10,430,logT,10,-1.68945,0.3,238.504492712,3079.42511165
4197361,10,440,logT,10,-1.68945,0.2,243.756542706,5030.57496621
4197361,10,450,logT,10,-1.68945,0.4,249.287594652,2247.36533411
4197361,10,460,logT,10,-1.68945,0.6,254.835620975,1280.77406354
4197361,10,470,logT,10,-1.68945,0.4,260.391158509,2347.46564008
4197361,10,480,logT,10,-1.68945,0.2,266.016071653,5489.96049833
4197361,10,490,logT,10,-1.68945,0.3,271.494953585,3505.3778998
4197361,10,500,logT,10,-1.68945,0.8,277.069912934,792.794858765
4197361,10,510,logT,10,-1.68945,0.2,282.595787597,5832.12774047
4197361,10,520,logT,10,-1.68945,0.3,288.158568954,3720.52837783
4197361,10,530,logT,10,-1.68945,0.3,293.705787277,3792.15069072
4197361,10,540,logT,10,-1.68945,0.3,299.263148713,3863.90396533
4197361,10,550,logT,10,-1.68945,0.3,304.979198503,3937.70612756
4197361,10,560,logT,10,-1.68945,0.4,310.725638771,2801.23858537
4197361,10,570,logT,10,-1.68945,0.5,315.920461655,2098.93011464
4197361,10,580,logT,10,-1.68945,0.3,321.787369108,4154.72301497
4197361,10,590,logT,10,-1.68945,0.4,327.365380144,2951.24836818
4197361,10,600,logT,10,-1.68945,0.2,332.909340143,6870.48386044
4197361,10,610,logT,10,-1.68945,0.7,338.453560662,1294.57761945
4197361,10,620,logT,10,-1.68945,0.5,344.019620466,2285.61688484
4197361,10,630,logT,10,-1.68945,0.1,349.580684471,15279.713996
4197361,10,640,logT,10,-1.68945,0.3,355.118359518,4585.07251362
4197361,10,650,logT,10,-1.68945,0.3,360.694971728,4657.07434253
4197361,10,660,logT,10,-1.68945,0.2,366.261876082,7558.80356867
4197361,10,670,logT,10,-1.68945,0.4,371.807095671,3351.89714897
4197361,10,680,logT,10,-1.68945,0.5,377.367969823,2507.17852213
4197361,10,690,logT,10,-1.68945,0.2,382.913396883,7902.45269808
4197361,10,700,logT,10,-1.68945,0.1,388.489127135,16980.3510802
4197361,10,710,logT,10,-1.68945,0.4,394.052664161,3552.4443103
4197361,10,720,logT,10,-1.68945,0.4,399.388431048,3600.54705505
4197361,10,730,logT,10,-1.68945,0.5,405.172376347,2691.90700052
4197361,10,740,logT,10,-1.68945,0.3,410.721057534,5302.98077019
4197361,10,750,logT,10,-1.68945,0.5,416.203424239,2765.19569634
4197361,10,760,logT,10,-1.68945,0.5,421.834002352,2802.60444758
4197361,10,770,logT,10,-1.68945,0.2,427.364027143,8819.81157318
4197361,10,780,logT,10,-1.68945,0.2,432.911467242,8934.29799058
4197361,10,790,logT,10,-1.68945,0.4,438.459566617,3952.779246
4197361,10,800,logT,10,-1.68945,0.4,444.067244792,4003.33331209
4197361,10,810,logT,10,-1.68945,0.2,449.614462852,9279.00944178
4197361,10,820,logT,10,-1.68945,0.2,455.109725857,9392.41904382
4197361,10,830,logT,10,-1.68945,0.2,460.685550737,9507.49125788
4197361,10,840,logT,10,-1.68945,0.2,466.067449474,9618.56128191
4197361,10,850,logT,10,-1.68945,0.4,471.786011195,4253.22217963
4197361,10,860,logT,10,-1.68945,0.3,477.034598923,6159.18092924
4197361,10,870,logT,10,-1.68945,0.5,482.66975143,3206.78841565
4197361,10,880,logT,10,-1.68945,0.4,488.41240077,4403.11159396
4197361,10,890,logT,10,-1.68945,0.5,494.127941275,3282.91498118
4197361,10,900,logT,10,-1.68945,0.4,499.676083612,4504.65539676
4197361,10,910,logT,10,-1.68945,0.4,505.200941133,4554.46282214
4197361,10,920,logT,10,-1.68945,0.4,510.741477728,4604.41159674
4197361,10,930,logT,10,-1.68945,0.2,516.320683312,10655.6725623
4197361,10,940,logT,10,-1.68945,0.5,521.788504267,3466.68778383
4197361,10,950,logT,10,-1.68945,0.1,527.273978686,23046.4552241
4197361,10,960,logT,10,-1.68945,0.3,532.970691133,6881.39376909
4197361,10,970,logT,10,-1.68945,0.5,538.521953917,3577.86241686
4197361,10,980,logT,10,-1.68945,0.3,544.041485167,7024.33313583
4197361,10,990,logT,10,-1.68945,0.1,549.666685176,24025.2111049
4197361,10,1000,logT,10,-1.68945,0.3,555.146957469,7167.72024731
4490197,10,10,logT,10,-1.72419,0,4.99604802132,inf
4490197,10,15,logT,10,-1.72594,0,7.78095707893,inf
4490197,10,20,logT,10,-1.7264,0.1,10.5621850729,461.659279977
4490197,10,25,logT,10,-1.7264,0.7,13.3425173283,51.0348429677
4490197,10,30,logT,10,-1.7264,0.9,16.1222076893,32.2444153786
4621654,10,10,logT,10,-1.68618,0,4.99611713886,inf
4621654,10,15,logT,10,-1.6901,0,7.77499940395,inf
4621654,10,20,logT,10,-1.69131,0,10.5531581402,inf
4621654,10,25,logT,10,-1.69184,0,13.3304847956,inf
4621654,10,30,logT,10,-1.69278,0.2,16.1091125488,332.455069374
4621654,10,35,logT,10,-1.69278,0.5,18.8868878841,125.481766975
4621654,10,40,logT,10,-1.69278,0.4,21.662738204,195.292858233
4621654,10,45,logT,10,-1.69278,0.6,24.4303670883,122.784171262
4621654,10,50,logT,10,-1.69278,0.6,27.2191245317,136.800140416
4621654,10,55,logT,10,-1.69278,1,29.9989554882,29.9989554882
4911238,10,10,logT,10,-1.73125,0,4.9970053196,inf
4911238,10,15,logT,10,-1.73559,0,7.77032151222,inf
4911238,10,20,logT,10,-1.73559,0,10.547109437,inf
4911238,10,25,logT,10,-1.73575,0.3,13.3241897345,172.033843028
4911238,10,30,logT,10,-1.73575,0.9,16.0999499083,32.1998998165
4931967,10,10,logT,10,-1.71049,0,4.99423322678,inf
4931967,10,15,logT,10,-1.71426,0.1,7.77324345112,339.75829338
4931967,10,20,logT,10,-1.71426,0.4,10.5531936646,95.1386355145
4931967,10,25,logT,10,-1.71426,1,13.3388229847,13.3388229847
4955389,10,10,logT,10,-1.6789,0,4.99481618404,inf
4955389,10,15,logT,10,-1.6799,0,7.78088569641,inf
4955389,10,20,logT,10,-1.6801,0.2,10.5621317148,217.978130164
4955389,10,25,logT,10,-1.6801,0.5,13.3417289257,88.6405283053
4955389,10,30,logT,10,-1.6801,0.9,16.1227015018,32.2454030037
4960753,10,10,logT,10,-1.66729,0,4.9994682312,inf
4960753,10,15,logT,10,-1.67041,0.1,7.7796677351,340.039090421
4960753,10,20,logT,10,-1.67041,0.9,10.5601238728,21.1202477455
5049071,10,10,logT,10,-1.68662,0,4.99524290562,inf
5049071,10,15,logT,10,-1.68966,0,7.77056522369,inf
5049071,10,20,logT,10,-1.69004,0.3,10.5479352713,136.188532053
5049071,10,25,logT,10,-1.69004,0.7,13.3252495289,50.968794005
5049071,10,30,logT,10,-1.69004,0.7,16.1005272388,61.5841717958
5049071,10,35,logT,10,-1.69004,0.9,18.8765414476,37.7530828953
5105258,10,10,logT,10,-1.74341,0,4.99478983879,inf
5105258,10,15,logT,10,-1.74742,0,7.77113127708,inf
5105258,10,20,logT,10,-1.74864,0.3,10.5481107473,136.190797693
5105258,10,25,logT,10,-1.74864,0.7,13.3257163048,50.9705794128
5105258,10,30,logT,10,-1.74864,0.6,16.1197238922,81.0158493287
5105258,10,35,logT,10,-1.74864,1,18.8969002962,18.8969002962
5314052,10,10,logT,10,-1.70843,0,4.99682435989,inf
5314052,10,15,logT,10,-1.71009,0,7.7743360281,inf
5314052,10,20,logT,10,-1.71041,0.5,10.5531570196,70.1136575864
5314052,10,25,logT,10,-1.71041,0.8,13.3318952322,38.1472599668
5314052,10,30,logT,10,-1.71041,1,16.1069750309,16.1069750309
5406329,10,10,logT,10,-1.70848,0,5.0003418684,inf
5406329,10,15,logT,10,-1.71326,0,7.78069982529,inf
5406329,10,20,logT,10,-1.71337,0.2,10.5609470844,217.953682114
5406329,10,25,logT,10,-1.71337,0.1,13.3418361664,583.154189747
5406329,10,30,logT,10,-1.71337,0.5,16.1210125923,107.105689297
5406329,10,35,logT,10,-1.71337,0.9,18.901367116,37.8027342319
5550256,10,10,logT,10,-1.70476,0,4.99877698421,inf
5550256,10,15,logT,10,-1.7049,0.1,7.77799098492,339.965801866
5550256,10,20,logT,10,-1.7049,0.5,10.5490867615,70.0866153767
5550256,10,25,logT,10,-1.7049,1,13.3342486143,13.3342486143
5551067,10,10,logT,10,-1.67185,0,4.99488587379,inf
5551067,10,15,logT,10,-1.67641,0,7.78136491776,inf
5551067,10,20,logT,10,-1.67663,0.2,10.5620906591,217.977282869
5551067,10,25,logT,10,-1.67663,0.8,13.3424215555,38.1773794948
5551067,10,30,logT,10,-1.67663,0.8,16.1227858782,46.1329836135
5551067,10,35,logT,10,-1.67663,0.9,18.9021517754,37.8043035507
5672028,10,10,logT,10,-1.6744,0,4.99672930241,inf
5672028,10,15,logT,10,-1.68293,0.2,7.77515785694,160.461393319
5672028,10,20,logT,10,-1.68293,0.3,10.5536150217,136.26186554
5672028,10,25,logT,10,-1.68293,0.5,13.3329206228,88.5820072077
5672028,10,30,logT,10,-1.68293,0.9,16.1105574369,32.2211148739
5719349,10,10,logT,30,-1.6644,0,4.99635531902,inf
5719349,10,15,logT,20,-1.66498,0,7.77255946398,inf
5719349,10,20,logT,19,-1.66513,0,10.5477517781,inf
5719349,10,25,logT,10,-1.66526,0,13.3287706375,inf
5719349,10,30,logT,10,-1.66526,0,16.1073545218,inf
5719349,10,35,logT,10,-1.66526,0,18.8845127821,inf
5719349,10,40,logT,10,-1.66535,0,21.662994194,inf
5719349,10,45,logT,10,-1.66567,0.2,24.4391105652,504.367088737
5719349,10,50,logT,10,-1.66567,0.2,27.2161160707,561.678101694
5719349,10,55,logT,10,-1.66526,0,29.9942692518,inf
5719349,10,60,logT,10,-1.66567,0.1,32.771945858,1432.41884362
5719349,10,65,logT,10,-1.66567,0.2,35.5480921745,733.630944236
5719349,10,70,logT,10,-1.66567,0.1,38.3254390717,1675.15476055
5719349,10,75,logT,10,-1.66567,0.3,41.0977590322,530.62929657
5719349,10,80,logT,10,-1.66567,0.3,43.8798092127,566.549438325
5719349,10,85,logT,10,-1.66567,0.3,46.6522062063,602.344943997
5719349,10,90,logT,10,-1.66567,0.2,49.422769165,1019.97239771
5719349,10,95,logT,10,-1.66567,0.3,52.2102693796,674.10727901
5719349,10,100,logT,10,-1.66567,0.5,54.9870857,365.326289686
5719349,10,110,logT,10,-1.66567,0.2,60.5446929216,1249.50334939
5719349,10,120,logT,10,-1.66567,0.1,66.0951856136,2888.93402168
5719349,10,130,logT,10,-1.66567,0.3,71.6475735188,925.06994134
5719349,10,140,logT,10,-1.66567,0.4,77.2007360697,695.976301
5719349,10,150,logT,10,-1.66567,0.4,82.7549338579,746.048233321
5719349,10,160,logT,10,-1.66567,0.5,88.3072324038,586.700552608
5719349,10,170,logT,10,-1.66567,0.5,93.8618026495,623.604318516
5719349,10,180,logT,10,-1.66567,0.2,99.4176756859,2051.75239586
5719349,10,190,logT,10,-1.66567,0.3,104.970139551,1355.31066955
5719349,10,200,logT,10,-1.66567,0.4,110.527710962,996.424015492
5719349,10,210,logT,10,-1.66567,0.4,116.076774168,1046.44965878
5719349,10,220,logT,10,-1.66567,0.4,121.629932308,1096.51221851
5719349,10,230,logT,10,-1.66567,0.1,127.185868049,5559.12776204
5719349,10,240,logT,10,-1.66567,0.6,132.742677784,667.149192799
5719349,10,250,logT,10,-1.66567,0.7,138.293672705,528.970335677
5719349,10,260,logT,10,-1.66567,0.5,143.842879152,955.671403011
5719349,10,270,logT,10,-1.66567,0.7,149.394267464,571.429872842
5719349,10,280,logT,10,-1.66567,0.1,154.952710462,6772.7800875
5719349,10,290,logT,10,-1.66567,0.3,160.5076267,2072.37696302
5719349,10,300,logT,10,-1.66567,0.3,166.067995834,2144.16907119
5719349,10,310,logT,10,-1.66567,0.6,171.618085027,862.532448544
5719349,10,320,logT,10,-1.66567,0.6,177.172177076,890.446666409
5719349,10,330,logT,10,-1.66567,0.5,182.728238821,1214.02014054
5719349,10,340,logT,10,-1.66567,0.2,188.247234678,3884.99039129
5719349,10,350,logT,10,-1.66567,0.4,193.824106836,1747.35361071
5719349,10,360,logT,10,-1.66567,0.2,199.393216324,4115.01784253
5719349,10,370,logT,10,-1.66567,0.3,204.95069139,2646.19881387
5719349,10,380,logT,10,-1.66567,0.5,210.498024726,1398.51860451
5719349,10,390,logT,10,-1.66567,0.3,216.040072894,2789.37817073
5719349,10,400,logT,10,-1.66567,0.3,221.605954838,2861.24145696
5719349,10,410,logT,10,-1.66567,0.5,227.161893845,1509.2309545
5719349,10,420,logT,10,-1.66567,0.5,232.709065962,1546.08556831
5719349,10,430,logT,10,-1.66567,0.3,238.266722751,3076.35517036
5719349,10,440,logT,10,-1.66567,0.4,243.826804018,2198.1354814
5719349,10,450,logT,10,-1.66567,0.2,249.374907756,5146.5251116
5719349,10,460,logT,10,-1.66567,0.1,254.934678793,11142.8610122
5719349,10,470,logT,10,-1.66567,0.4,260.483579731,2348.29883136
5719349,10,480,logT,10,-1.66567,0.1,266.036014247,11628.0858494
5719349,10,490,logT,10,-1.66567,0.1,271.587966824,11870.7544271
5719349,10,500,logT,10,-1.66567,0.5,277.141022253,1841.28509614
5719349,10,510,logT,10,-1.66567,0.5,282.699039745,1878.21176506
5719349,10,520,logT,10,-1.66567,0.4,288.248187304,2598.60096396
5719349,10,530,logT,10,-1.66567,0.5,293.805952501,1952.00449612
5719349,10,540,logT,10,-1.66567,0.4,299.36264832,2698.79950947
5719349,10,550,logT,10,-1.66567,0.6,304.928634095,1532.53569609
5719349,10,560,logT,10,-1.66567,0.3,310.472077703,4008.62684671
5719349,10,570,logT,10,-1.66567,0.4,316.030118537,2849.05927199
5719349,10,580,logT,10,-1.66567,0.6,321.553549838,1616.09058064
5719349,10,590,logT,10,-1.66567,0.5,327.132832193,2173.42349205
5719349,10,600,logT,10,-1.66567,0.6,332.69423399,1672.08235784
5719349,10,610,logT,10,-1.66567,0.4,338.252336097,3049.39592116
5719349,10,620,logT,10,-1.66567,0.2,343.806157565,7095.36913459
5719349,10,630,logT,10,-1.66567,0.3,349.364607549,4510.78356376
5719349,10,640,logT,10,-1.66567,0.3,354.817337775,4581.18590375
5719349,10,650,logT,10,-1.66567,0.6,360.445018935,1811.55456139
5719349,10,660,logT,10,-1.66567,0.3,366.022562933,4725.8609635
5719349,10,670,logT,10,-1.66567,0.6,371.556488967,1867.39951184
5719349,10,680,logT,10,-1.66567,0.3,377.106920958,4868.97546025
5719349,10,690,logT,10,-1.66567,0.5,382.627000237,2542.1187639
5719349,10,700,logT,10,-1.66567,0.2,388.240432739,8012.39047831
5719349,10,710,logT,10,-1.66567,0.4,393.757773519,3549.7858266
5719349,10,720,logT,10,-1.66567,0.3,399.22051878,5154.49280069
5719349,10,730,logT,10,-1.66567,0.4,404.853994131,3649.8199321
5719349,10,740,logT,10,-1.66567,0.3,410.450138164,5299.48282386
5719349,10,750,logT,10,-1.66567,0.3,416.018273926,5371.37521002
5719349,10,760,logT,10,-1.66567,0.7,421.554318333,1612.43623742
5719349,10,770,logT,10,-1.66567,0.4,427.105920982,3850.42441502
5719349,10,780,logT,10,-1.66567,0.4,432.66717701,3900.55997843
5719349,10,790,logT,10,-1.66567,0.5,438.21564672,2911.44173692
5719349,10,800,logT,10,-1.66567,0.6,443.770673704,2230.33956895
5719349,10,810,logT,10,-1.66567,0.5,449.318927073,2985.21033482
5719349,10,820,logT,10,-1.66567,0.7,454.872288942,1739.87676129
5719349,10,830,logT,10,-1.66567,0.5,460.388637614,3058.75589972
5719349,10,840,logT,10,-1.66567,0.6,465.903716159,2341.57765495
5719349,10,850,logT,10,-1.66567,0.2,471.497814727,9730.63154346
5719349,10,860,logT,10,-1.66567,0.5,477.07595892,3169.62406266
5719349,10,870,logT,10,-1.66567,0.5,482.630683446,3206.52885359
5719349,10,880,logT,10,-1.66567,0.6,488.185635495,2453.56397877
5719349,10,890,logT,10,-1.66567,0.6,493.725043488,2481.40439628
5719349,10,900,logT,10,-1.66567,0.4,499.297065091,4501.23848752
5719349,10,910,logT,10,-1.66567,0.3,504.853779864,6518.36529261
5719349,10,920,logT,10,-1.66567,0.4,510.404626226,4601.37482955
5719349,10,930,logT,10,-1.66567,0.5,515.960295606,3427.96600364
5719349,10,940,logT,10,-1.66567,0.1,521.48997283,22793.6439014
5719349,10,950,logT,10,-1.66567,0.2,527.076393986,10877.6457174
5719349,10,960,logT,10,-1.66567,0.3,532.601055312,6876.62125594
5719349,10,970,logT,10,-1.66567,0.4,538.15251565,4851.52624552
5719349,10,980,logT,10,-1.66567,0.4,543.693739343,4901.48121441
5719349,10,990,logT,10,-1.66526,0,549.246580625,inf
5719349,10,1000,logT,10,-1.66567,0.7,554.769699812,2121.98221794
5913160,10,10,logT,10,-1.67123,0,4.99570271969,inf
5913160,10,15,logT,10,-1.67485,0,7.77030246258,inf
5913160,10,20,logT,10,-1.67523,0.2,10.5473006964,217.67205202
5913160,10,25,logT,10,-1.67523,0.3,13.3244797707,172.037587799
5913160,10,30,logT,10,-1.67523,0.6,16.1017856359,80.9256937481
5913160,10,35,logT,10,-1.67523,0.6,18.8780087948,94.8786670523
5913160,10,40,logT,10,-1.67523,0.5,21.6528601408,143.858488873
5913160,10,45,logT,10,-1.67523,0.9,24.4285716295,48.857143259
5918224,10,10,logT,10,-1.64547,0,5.00003273487,inf
5918224,10,15,logT,10,-1.6477,0.1,7.78038752079,340.070551311
5918224,10,20,logT,10,-1.64755,0,10.5628494978,inf
5918224,10,25,logT,10,-1.6477,0.3,13.3409832239,172.250670361
5918224,10,30,logT,10,-1.6477,0.7,16.1108833551,61.6237837187
5918224,10,35,logT,10,-1.6477,0.7,18.8822970629,72.2243817838
5918224,10,40,logT,10,-1.6477,1,21.6697412968,21.6697412968
5920270,10,10,logT,10,-1.70561,0,4.99364695549,inf
5920270,10,15,logT,10,-1.70915,0,7.7723897934,inf
5920270,10,20,logT,10,-1.71192,0.5,10.549613452,70.0901146325
5920270,10,25,logT,10,-1.71192,0.9,13.3396976471,26.6793952942
6007986,10,10,logT,10,-1.66646,0,4.99983329773,inf
6007986,10,15,logT,10,-1.67048,0,7.77951552868,inf
6007986,10,20,logT,10,-1.67091,0,10.5591064692,inf
6007986,10,25,logT,10,-1.67094,0.2,13.3397970915,275.302761344
6007986,10,30,logT,10,-1.67094,0.4,16.1192091227,145.317105916
6007986,10,35,logT,10,-1.67094,0.7,18.8996231556,72.2906537173
6007986,10,40,logT,10,-1.67094,0.7,21.677452755,82.9157924304
6007986,10,45,logT,10,-1.67094,1,24.4573694468,24.4573694468
6145844,10,10,logT,10,-1.65959,0,5.00055735111,inf
6145844,10,15,logT,10,-1.66237,0,7.7816767931,inf
6145844,10,20,logT,10,-1.66328,0,10.5621578217,inf
6145844,10,25,logT,10,-1.66564,0,13.3431150436,inf
6145844,10,30,logT,10,-1.66589,0.4,16.1233843088,145.35474585
6145844,10,35,logT,10,-1.66589,0.1,18.9029289484,826.222273852
6145844,10,40,logT,10,-1.66589,0.6,21.6810738087,108.966544385
6145844,10,45,logT,10,-1.66589,0.8,24.462487936,69.9958160844
6145844,10,50,logT,10,-1.66589,0.8,27.240660429,77.9451486044
6145844,10,55,logT,10,-1.66589,0.7,30.0227231026,114.836272744
6145844,10,60,logT,10,-1.66589,1,32.8016863823,32.8016863823
6163735,10,10,logT,10,-1.69451,0,4.99792842865,inf
6163735,10,15,logT,10,-1.69688,0,7.77773888111,inf
6163735,10,20,logT,10,-1.69796,0.1,10.5572468996,461.443438888
6163735,10,25,logT,10,-1.69796,0.6,13.3359756708,67.025055939
6163735,10,30,logT,10,-1.69796,0.8,16.1156337738,46.1125189174
6163735,10,35,logT,10,-1.69796,1,18.893323946,18.893323946
6391497,10,10,logT,10,-1.73111,0,4.99889605045,inf
6391497,10,15,logT,10,-1.73133,0.8,7.77072889805,22.2347993472
6391497,10,20,logT,10,-1.73133,0.9,10.5592924356,21.1185848713
6397791,10,10,logT,10,-1.71468,0,4.99623401165,inf
6397791,10,15,logT,10,-1.71706,0,7.77480239868,inf
6397791,10,20,logT,10,-1.71917,0,10.5533860445,inf
6397791,10,25,logT,10,-1.72007,0.1,13.331205225,582.689525218
6397791,10,30,logT,10,-1.72007,0.3,16.1106200695,208.010538679
6397791,10,35,logT,10,-1.72007,0.6,18.8875108719,94.9264233818
6397791,10,40,logT,10,-1.72007,0.4,21.6645926714,195.309576537
6397791,10,45,logT,10,-1.72007,0.9,24.4399534702,48.8799069405
6582535,10,10,logT,10,-1.69448,0,4.99944968224,inf
6582535,10,15,logT,10,-1.7002,0.1,7.77943525314,340.028928939
6582535,10,20,logT,10,-1.7002,0.3,10.5604899406,136.350630316
6582535,10,25,logT,10,-1.7002,0.7,13.341710186,51.0317556658
6582535,10,30,logT,10,-1.7002,1,16.1216944456,16.1216944456
6616820,10,10,logT,10,-1.68665,0,4.9947707653,inf
6616820,10,15,logT,10,-1.68809,0.3,7.77100241184,100.334462037
6616820,10,20,logT,10,-1.68809,0.3,10.5479224443,136.188366439
6616820,10,25,logT,10,-1.68809,0.9,13.3247062683,26.6494125366
6667235,10,10,logT,10,-1.72921,0,4.99564912319,inf
6667235,10,15,logT,10,-1.7315,0,7.77079656124,inf
6667235,10,20,logT,10,-1.73309,0.1,10.5483082294,461.052741319
6667235,10,25,logT,10,-1.73309,0.2,13.3295120478,275.090501673
6667235,10,30,logT,10,-1.73309,0.1,16.1136448622,704.306318582
6667235,10,35,logT,10,-1.73309,0.6,18.8979004383,94.9786401291
6667235,10,40,logT,10,-1.73309,0.6,21.6756809235,108.939440373
6667235,10,45,logT,10,-1.73309,1,24.4534301281,24.4534301281
6774234,10,10,logT,10,-1.69189,0,4.99798779488,inf
6774234,10,15,logT,10,-1.69408,0.1,7.77291274071,339.743838461
6774234,10,20,logT,10,-1.69385,0,10.5560063839,inf
6774234,10,25,logT,10,-1.69408,0.3,13.3346464872,172.168854267
6774234,10,30,logT,10,-1.69408,0.6,16.1144291639,80.9892386428
6774234,10,35,logT,10,-1.69408,0.8,18.892639637,54.0585132975
6774234,10,40,logT,10,-1.69408,1,21.670795083,21.670795083
6857733,10,10,logT,10,-1.70293,0,4.99946143627,inf
6857733,10,15,logT,10,-1.70718,0,7.78043880463,inf
6857733,10,20,logT,10,-1.70857,0.2,10.5595784903,217.925437475
6857733,10,25,logT,10,-1.70857,0.7,13.3403763533,51.0266537842
6857733,10,30,logT,10,-1.70857,0.9,16.1207979918,32.2415959835
6893474,10,10,logT,29,-1.70837,0,4.99722698639,inf
6893474,10,15,logT,20,-1.71062,0.05,7.773293221,697.895087763
6893474,10,20,logT,19,-1.71062,0.210526,10.5518765951,205.564696853
6893474,10,25,logT,10,-1.71062,0.7,13.328918457,50.9828275765
6893474,10,30,logT,10,-1.71062,0.8,16.1084709167,46.092023454
6893474,10,35,logT,10,-1.71062,1,18.8862775803,18.8862775803
6998119,10,10,logT,19,-1.71304,0,4.99493356755,inf
6998119,10,15,logT,10,-1.71608,0.3,7.76975286007,100.318328584
6998119,10,20,logT,10,-1.71608,0.4,10.5467883587,95.0808907143
6998119,10,25,logT,10,-1.71608,0.9,13.3231946707,26.6463893414
7165636,10,10,logT,19,-1.64789,0,4.99886202812,inf
7165636,10,15,logT,10,-1.65372,0,7.77721004486,inf
7165636,10,20,logT,10,-1.6541,0,10.5570219517,inf
7165636,10,25,logT,10,-1.65415,0.4,13.3355538368,120.222032893
7165636,10,30,logT,10,-1.65415,0.6,16.1133497477,80.9838136227
7165636,10,35,logT,10,-1.65415,1,18.8927669048,18.8927669048
7276912,10,10,logT,19,-1.68899,0,5.00157392652,inf
7276912,10,15,logT,10,-1.68996,0.1,7.78191871643,340.137477868
7276912,10,20,logT,10,-1.68996,0.7,10.5626138926,40.401771875
7276912,10,25,logT,10,-1.68996,0.9,13.3424813747,26.6849627495
7296639,10,10,logT,19,-1.67485,0,4.99763261644,inf
7296639,10,15,logT,10,-1.6752,0,7.77327203751,inf
7296639,10,20,logT,10,-1.67606,0.4,10.5602960348,95.2026644556
7296639,10,25,logT,10,-1.67606,0.5,13.3396654606,88.6268189398
7296639,10,30,logT,10,-1.67606,0.9,16.1184573889,32.2369147778
7308676,10,10,logT,19,-1.70606,0,4.99745370212,inf
7308676,10,15,logT,10,-1.70904,0.4,7.78003880978,70.1382254642
7308676,10,20,logT,10,-1.70904,1,10.5602306128,10.5602306128
7388150,10,10,logT,19,-1.71065,0,5.00256082886,inf
7388150,10,15,logT,10,-1.71296,0,7.78493859768,inf
7388150,10,20,logT,10,-1.7134,0,10.5665853024,inf
7388150,10,25,logT,10,-1.71376,0.2,13.3470732689,275.452924927
7388150,10,30,logT,10,-1.71376,0.1,16.1297085762,705.008442489
7388150,10,35,logT,10,-1.71376,0.4,18.91124506,170.487731778
7388150,10,40,logT,10,-1.71376,0.6,21.6932551622,109.027766445
7388150,10,45,logT,10,-1.71376,0.7,24.4734658003,93.6104824348
7388150,10,50,logT,10,-1.71376,0.8,27.2552066565,77.9867704977
7388150,10,55,logT,10,-1.71376,0.8,29.9994256496,85.8389500652
7388150,10,60,logT,10,-1.71376,0.8,32.7900741577,93.8239808699
7388150,10,65,logT,10,-1.71376,1,35.5729618311,35.5729618311
7408152,10,10,logT,10,-1.69399,0,4.99933097363,inf
7408152,10,15,logT,10,-1.70251,0,7.77877967358,inf
7408152,10,20,logT,10,-1.70466,0,10.5569831848,inf
7408152,10,25,logT,10,-1.70551,0.3,13.3371124268,172.20069298
7408152,10,30,logT,10,-1.70551,0.5,16.1155786514,107.069586975
7408152,10,35,logT,10,-1.70551,0.8,18.8958638191,54.0677388211
7408152,10,40,logT,10,-1.70551,0.9,21.6757790565,43.3515581131
7429274,10,10,logT,10,-1.698,0,4.99928367138,inf
7429274,10,15,logT,10,-1.70107,0.7,7.78183345795,29.7653462803
7429274,10,20,logT,10,-1.70107,0.8,10.5633060217,30.225348602
7429274,10,25,logT,10,-1.70107,1,13.3451290369,13.3451290369
7778359,10,10,logT,10,-1.73268,0,5.0011610508,inf
7778359,10,15,logT,10,-1.73538,0.3,7.77436654568,100.37789769
7778359,10,20,logT,10,-1.73538,0.8,10.5470499277,30.1788341768
7778359,10,25,logT,10,-1.73538,1,13.3238623619,13.3238623619
7923692,10,10,logT,10,-1.65626,0,4.99787385464,inf
7923692,10,15,logT,10,-1.65815,0.2,7.77530324459,160.464393787
7923692,10,20,logT,10,-1.65815,0.9,10.5536526918,21.1073053837
7981098,10,10,logT,10,-1.72703,0,5.0000972271,inf
7981098,10,15,logT,10,-1.73171,0,7.78041305542,inf
7981098,10,20,logT,10,-1.73161,0,10.5604239702,inf
7981098,10,25,logT,10,-1.73222,0.4,13.341242075,120.273313219
7981098,10,30,logT,10,-1.73222,0.5,16.1222640514,107.114003811
7981098,10,35,logT,10,-1.73222,0.7,18.9019743204,72.2996468723
7981098,10,40,logT,10,-1.73222,0.8,21.6805541754,62.0357212495
7981098,10,45,logT,10,-1.73222,1,24.4602940798,24.4602940798
8085727,10,10,logT,10,-1.70147,0,4.99413514137,inf
8085727,10,15,logT,10,-1.70714,0,7.77015018463,inf
8085727,10,20,logT,10,-1.70976,0.1,10.5467289925,460.983714939
8085727,10,25,logT,10,-1.70952,0,13.323630929,inf
8085727,10,30,logT,10,-1.70976,0.5,16.1001105309,106.966819006
8085727,10,35,logT,10,-1.70976,0.7,18.8763426304,72.2016062071
8085727,10,40,logT,10,-1.70976,1,21.6525068521,21.6525068521
8111176,10,10,logT,10,-1.68805,0,4.99669337273,inf
8111176,10,15,logT,10,-1.6918,0,7.77237570286,inf
8111176,10,20,logT,10,-1.69536,0,10.5511679173,inf
8111176,10,25,logT,10,-1.69492,0,13.329255724,inf
8111176,10,30,logT,10,-1.69573,0.1,16.1089075089,704.099255071
8111176,10,35,logT,10,-1.69573,0.2,18.8852450371,389.748065259
8111176,10,40,logT,10,-1.69527,0,21.6620591164,inf
8111176,10,45,logT,10,-1.69573,0.3,24.4421821356,315.582606415
8111176,10,50,logT,10,-1.69573,0.1,27.2196363926,1189.73466679
8111176,10,55,logT,10,-1.69573,0.4,29.995945406,270.417980339
8111176,10,60,logT,10,-1.69573,0.4,32.7731804132,295.45517358
8111176,10,65,logT,10,-1.69573,0.1,35.5508736372,1553.88213827
8111176,10,70,logT,10,-1.69573,0.4,38.330258441,345.553071696
8111176,10,75,logT,10,-1.69573,0.6,41.1009009123,206.568326967
8111176,10,80,logT,10,-1.69573,0.4,43.8811958551,395.595611253
8111176,10,85,logT,10,-1.69573,0.6,46.6581491232,234.49840733
8111176,10,90,logT,10,-1.69573,0.5,49.4342198372,328.433847452
8111176,10,95,logT,10,-1.69573,0.6,52.2112725019,262.407756768
8111176,10,100,logT,10,-1.69573,0.8,54.9877526522,157.339377401
8111176,10,110,logT,20,-1.69573,0.7,60.5280646205,231.518550589
8111176,10,120,logT,10,-1.69573,0.5,66.095315361,439.127770076
8111176,10,130,logT,10,-1.69573,0.7,71.6477581739,274.051140233
8111176,10,140,logT,10,-1.69573,0.8,77.2009173632,220.899085466
8111176,10,150,logT,10,-1.69573,0.6,82.7535009384,415.909429236
8111176,10,160,logT,10,-1.69573,0.5,88.3106096268,586.722990392
8111176,10,170,logT,10,-1.69573,0.7,93.8620702982,359.020408251
8111176,10,180,logT,10,-1.69573,0.6,99.4201593399,499.67410752
8111176,10,190,logT,10,-1.69573,0.9,104.976056194,209.952112389
8397304,10,10,logT,10,-1.7107,0,4.99953064919,inf
8397304,10,15,logT,10,-1.71214,0,7.78026907444,inf
8397304,10,20,logT,10,-1.71318,0.1,10.5622999668,461.66430184
8397304,10,25,logT,10,-1.71318,0.5,13.3427718639,88.647457437
8397304,10,30,logT,10,-1.71318,0.6,16.124213171,81.0384119195
8397304,10,35,logT,10,-1.71318,0.9,18.9047396183,37.8094792366
8421935,10,10,logT,10,-1.67009,0,4.99767501354,inf
8421935,10,15,logT,10,-1.67165,0,7.77671663761,inf
8421935,10,20,logT,10,-1.673,0,10.5558371782,inf
8421935,10,25,logT,10,-1.67226,0,13.3343472958,inf
8421935,10,30,logT,10,-1.67507,0.1,16.1120235205,704.235451859
8421935,10,35,logT,10,-1.67375,0,18.8913532495,inf
8421935,10,40,logT,10,-1.67507,0.1,21.6710931063,947.215104707
8421935,10,45,logT,10,-1.67507,0.3,24.4464501381,315.637712271
8421935,10,50,logT,10,-1.67507,0.1,27.2270366669,1190.05812309
8421935,10,55,logT,10,-1.6745,0,30.0052368402,inf
8421935,10,60,logT,10,-1.67507,0.2,32.7848326921,676.603617614
8421935,10,65,logT,10,-1.67507,0.6,35.5604587317,178.722711749
8421935,10,70,logT,10,-1.67507,0.4,38.3366517067,345.610707953
8421935,10,75,logT,10,-1.67507,0.3,41.119130826,530.905236187
8421935,10,80,logT,10,-1.67507,0.2,43.8982155323,905.958304405
8421935,10,85,logT,10,-1.67507,0.2,46.6759361506,963.284075644
8421935,10,90,logT,10,-1.67507,0.7,49.4555095673,189.166264698
8421935,10,95,logT,10,-1.67507,0.5,52.2319771767,347.021744869
8421935,10,100,logT,10,-1.67507,0.7,55.0113371372,210.41718614
8421935,10,110,logT,20,-1.67507,0.65,60.5417101622,265.573445388
8421935,10,120,logT,10,-1.67507,0.4,66.1234666109,596.11304301
8421935,10,130,logT,10,-1.67507,0.6,71.6811649323,360.261161834
8421935,10,140,logT,10,-1.67507,0.8,77.2310403824,220.985278061
8421935,10,150,logT,10,-1.67507,0.8,82.7894751072,236.889922582
8421935,10,160,logT,10,-1.67507,0.3,88.345577836,1140.66442857
8421935,10,170,logT,10,-1.67507,0.9,93.9012072325,187.802414465
8453239,10,10,logT,10,-1.67706,0,4.99375479221,inf
8453239,10,15,logT,10,-1.67955,0,7.77081689835,inf
8453239,10,20,logT,10,-1.68031,0.1,10.5472711325,461.007411168
8453239,10,25,logT,10,-1.68031,0.5,13.3245273829,88.5262437284
8453239,10,30,logT,10,-1.68031,0.9,16.1010263681,32.2020527363
8453439,10,10,logT,12,-1.70736,0,4.99972379208,inf
8453439,10,15,logT,10,-1.71117,0,7.78123683929,inf
8453439,10,20,logT,10,-1.71345,0,10.5615229845,inf
8453439,10,25,logT,10,-1.71281,0,13.3375562906,inf
8453439,10,30,logT,10,-1.7135,0.1,16.120066452,704.586997867
8453439,10,35,logT,10,-1.71345,0,18.9023667812,inf
8453439,10,40,logT,10,-1.7135,0.3,21.6821183205,279.946339252
8453439,10,45,logT,10,-1.7135,0.5,24.4606800795,162.513240752
8453439,10,50,logT,10,-1.7135,0.7,27.2407748938,104.195380438
8453439,10,55,logT,10,-1.7135,0.7,30.0207733154,114.82881485
8453439,10,60,logT,10,-1.7135,0.6,32.8016491652,164.857257126
8453439,10,65,logT,10,-1.7135,0.5,35.5820380688,236.401943868
8453439,10,70,logT,10,-1.7135,0.9,38.363198328,76.726396656
8458710,10,10,logT,11,-1.67699,0,5.00002273646,inf
8458710,10,15,logT,10,-1.67826,0,7.78333399296,inf
8458710,10,20,logT,10,-1.67936,0,10.5641685724,inf
8458710,10,25,logT,10,-1.67946,0,13.3448096752,inf
8458710,10,30,logT,10,-1.67946,0,16.115283227,inf
8458710,10,35,logT,10,-1.67946,0,18.8807247639,inf
8458710,10,40,logT,10,-1.67951,0.5,21.6599733114,143.905747755
8458710,10,45,logT,10,-1.67951,0.6,24.4535263538,122.900567025
8458710,10,50,logT,10,-1.67951,0.6,27.2292018414,136.850787797
8458710,10,55,logT,10,-1.67951,0.5,29.9971764803,199.296926634
8458710,10,60,logT,10,-1.67951,0.7,32.756771636,125.293949818
8458710,10,65,logT,10,-1.67951,0.8,35.5565001726,101.739702568
8458710,10,70,logT,10,-1.67951,0.8,38.3417693853,109.709341309
8458710,10,75,logT,10,-1.67951,0.6,41.0909565687,206.518347858
8458710,10,80,logT,10,-1.67951,0.9,43.8625638485,87.725127697
8598692,10,10,logT,11,-1.65826,0,4.99619247697,inf
8598692,10,15,logT,10,-1.65938,0.1,7.77460472584,339.817792915
8598692,10,20,logT,10,-1.65938,0.3,10.5478600264,136.187560536
8598692,10,25,logT,10,-1.65927,0,13.3260697126,inf
8598692,10,30,logT,10,-1.65938,0.1,16.1104635954,704.167269576
8598692,10,35,logT,10,-1.65938,0.1,18.9027812243,826.215817023
8598692,10,40,logT,10,-1.65938,0.4,21.6833421946,195.478606321
8598692,10,45,logT,10,-1.65938,0.4,24.4632049084,220.539488734
8598692,10,50,logT,10,-1.65938,0.5,27.2454118013,181.014597839
8598692,10,55,logT,10,-1.65938,0.5,30.0265699863,199.492212861
8598692,10,60,logT,10,-1.65938,0.6,32.8063511133,164.880888568
8598692,10,65,logT,10,-1.65938,0.4,35.5822280645,320.779162615
8598692,10,70,logT,10,-1.65938,0.5,38.3573638678,254.840809356
8598692,10,75,logT,10,-1.65938,0.4,41.14485991,370.927129237
8598692,10,80,logT,10,-1.65938,0.4,43.9264587164,396.003662787
8598692,10,85,logT,10,-1.65938,0.7,46.7042554617,178.642776679
8598692,10,90,logT,10,-1.65938,0.5,49.4812647104,328.746406824
8598692,10,95,logT,10,-1.65938,0.7,52.2622558594,199.902009141
8598692,10,100,logT,10,-1.65938,0.3,55.0398439884,710.641027312
8598692,10,110,logT,20,-1.65938,0.7,60.5742193937,231.695091608
8767273,10,10,logT,10,-1.68863,0,4.99617648125,inf
8767273,10,15,logT,10,-1.69231,0,7.77552199364,inf
8767273,10,20,logT,10,-1.69295,0,10.5546690941,inf
8767273,10,25,logT,10,-1.693,0.2,13.3369672298,275.244359502
8767273,10,30,logT,10,-1.693,0.1,16.1180135012,704.497266073
8767273,10,35,logT,10,-1.693,0.1,18.899292016,826.0633083
8767273,10,40,logT,10,-1.693,0.5,21.677924037,144.025009795
8767273,10,45,logT,10,-1.693,0.6,24.4572546721,122.919305117
8767273,10,50,logT,10,-1.693,0.6,27.2356899261,136.883396153
8767273,10,55,logT,10,-1.693,0.8,30.0180166006,85.8921453407
8767273,10,60,logT,10,-1.693,0.7,32.7958129883,125.443282154
8767273,10,65,logT,10,-1.693,0.7,35.5726489782,136.064620332
8767273,10,70,logT,10,-1.693,0.9,38.3525545359,76.7051090717
8924713,10,10,logT,11,-1.66426,0,4.99668364091,inf
8924713,10,15,logT,10,-1.66879,0,7.77394173145,inf
8924713,10,20,logT,10,-1.66932,0.2,10.553177309,217.793331803
8924713,10,25,logT,10,-1.66932,0.4,13.3324431658,120.193989723
8924713,10,30,logT,10,-1.66932,1,16.1099164963,16.1099164963
8991508,10,10,logT,11,-1.66426,0,4.99793746255,inf
8991508,10,15,logT,10,-1.66604,0.1,7.77796845436,339.964817085
8991508,10,20,logT,10,-1.66604,0.7,10.5568267107,40.3796360284
8991508,10,25,logT,10,-1.66604,1,13.3360727072,13.3360727072
9015879,10,10,logT,11,-1.70942,0,4.99889586189,inf
9015879,10,15,logT,10,-1.71354,0,7.77896995544,inf
9015879,10,20,logT,10,-1.71764,0.2,10.558832407,217.910040031
9015879,10,25,logT,10,-1.71764,0.9,13.3379813194,26.6759626389
9067352,10,10,logT,11,-1.66828,0,4.99460920421,inf
9067352,10,15,logT,10,-1.67862,0,7.77066924572,inf
9067352,10,20,logT,10,-1.67951,0,10.5478049755,inf
9067352,10,25,logT,10,-1.67882,0,13.3240482807,inf
9067352,10,30,logT,10,-1.67964,0.4,16.1020456314,145.162374449
9067352,10,35,logT,10,-1.67964,0.3,18.8783099651,243.745269161
9067352,10,40,logT,10,-1.67964,0.2,21.6541189432,446.891260688
9067352,10,45,logT,10,-1.67964,0.5,24.4302134991,162.310825173
9067352,10,50,logT,10,-1.67964,0.9,27.2052716017,54.4105432034
9175173,10,10,logT,11,-1.66351,0,4.99463467164,inf
9175173,10,15,logT,10,-1.67111,0.1,7.77065091133,339.64497686
9175173,10,20,logT,10,-1.67111,0.2,10.547517848,217.676533531
9175173,10,25,logT,10,-1.67111,0.7,13.3240201473,50.9640916468
9175173,10,30,logT,10,-1.67111,1,16.1004871607,16.1004871607
9181537,10,10,logT,11,-1.66393,0,5.00086797367,inf
9181537,10,15,logT,10,-1.66707,0,7.78149495125,inf
9181537,10,20,logT,10,-1.668,0,10.562667942,inf
9181537,10,25,logT,10,-1.66824,0.1,13.342658329,583.190125399
9181537,10,30,logT,10,-1.66824,0.2,16.1239029408,332.76030908
9181537,10,35,logT,10,-1.66816,0,18.9041944742,inf
9181537,10,40,logT,10,-1.66824,0.2,21.6831604958,447.490611604
9181537,10,45,logT,10,-1.66824,0.4,24.464891243,220.554691296
9181537,10,50,logT,10,-1.66824,0.1,27.2440627098,1190.80230913
9181537,10,55,logT,10,-1.66824,0.4,30.0226241827,270.658493542
9181537,10,60,logT,10,-1.66824,0.2,32.8030422688,676.979421436
9181537,10,65,logT,10,-1.66824,0.4,35.5817769051,320.775095344
9181537,10,70,logT,10,-1.66824,0.4,38.3625950575,345.844591181
9181537,10,75,logT,10,-1.66824,0.2,41.1406930685,849.049376664
9181537,10,80,logT,10,-1.66824,0.4,43.9182410717,395.929579478
9181537,10,85,logT,10,-1.66824,0.7,46.6963417292,178.612506822
9181537,10,90,logT,10,-1.66824,0.3,49.4767392874,638.813599156
9181537,10,95,logT,10,-1.66824,0.4,52.2573685169,471.108073472
9181537,10,100,logT,10,-1.66824,0.6,55.0384648561,276.616895294
9181537,10,110,logT,20,-1.66824,0.35,60.5790536523,647.604260414
9181537,10,120,logT,20,-1.66824,0.35,66.1383093476,707.034004789
9181537,10,130,logT,20,-1.66824,0.5,71.7103638411,476.433344676
9181537,10,140,logT,10,-1.66824,0.5,77.2760046482,513.410661803
9181537,10,150,logT,10,-1.66824,0.6,82.8361316204,416.324721391
9181537,10,160,logT,10,-1.66824,0.7,88.3945600986,338.107298859
9181537,10,170,logT,10,-1.66824,0.6,93.9525271177,472.194426649
9181537,10,180,logT,10,-1.66824,0.5,99.5102137566,661.131549612
9181537,10,190,logT,10,-1.66824,0.8,105.06468482,300.627163307
9181537,10,200,logT,10,-1.66824,0.4,110.625464702,997.305280223
9181537,10,210,logT,10,-1.66824,0.2,116.181005955,2397.70901579
9181537,10,220,logT,10,-1.66824,0.7,121.738563085,465.647396011
9181537,10,230,logT,10,-1.66824,0.7,127.296590471,486.906731705
9181537,10,240,logT,10,-1.66824,0.4,132.853336215,1197.69290063
9181537,10,250,logT,10,-1.66824,0.5,138.415781879,919.614549202
9181537,10,260,logT,10,-1.66824,0.5,143.969492435,956.512603456
9181537,10,270,logT,10,-1.66824,0.5,149.527925062,993.442030469
9181537,10,280,logT,10,-1.66824,0.6,155.086278224,779.445518643
9181537,10,290,logT,10,-1.66824,0.7,160.65142715,614.488267499
9181537,10,300,logT,10,-1.66824,0.8,166.209870839,475.58513186
9181537,10,310,logT,10,-1.66824,0.4,171.763607788,1548.47487836
9181537,10,320,logT,10,-1.66824,0.4,177.317785287,1598.54662777
9181537,10,330,logT,10,-1.66824,0.5,182.866722608,1214.9402069
9181537,10,340,logT,10,-1.66824,0.6,188.437158656,947.06314796
9181537,10,350,logT,10,-1.66824,0.4,193.996885943,1748.91124046
9181537,10,360,logT,10,-1.66824,0.7,199.548109913,763.267245854
9181537,10,370,logT,10,-1.66824,0.5,205.103145003,1362.67579947
9181537,10,380,logT,10,-1.66824,0.4,210.664174414,1899.16936452
9181537,10,390,logT,10,-1.66824,0.5,216.21647656,1436.51117612
9181537,10,400,logT,10,-1.66824,0.4,221.780460191,1999.38436051
9181537,10,410,logT,10,-1.66824,0.3,227.336517692,2935.23100305
9181537,10,420,logT,10,-1.66824,0.5,232.884748626,1547.25277866
9181537,10,430,logT,10,-1.66824,0.6,238.449183202,1198.4177414
9181537,10,440,logT,10,-1.66824,0.6,244.003817105,1226.33468255
9181537,10,450,logT,10,-1.66824,0.5,249.565677238,1658.07846947
9181537,10,460,logT,10,-1.66824,0.6,255.133267999,1282.27000271
9181537,10,470,logT,10,-1.66824,0.5,260.695773435,1732.02522798
9181537,10,480,logT,10,-1.66824,0.5,266.254112029,1768.95403026
9181537,10,490,logT,10,-1.66824,0.5,271.814017582,1805.89324318
9181537,10,500,logT,10,-1.66824,0.5,277.364767599,1842.77162804
9181537,10,510,logT,10,-1.66824,0.5,282.938092828,1879.79999936
9181537,10,520,logT,10,-1.66824,0.3,288.489554,3724.80185566
9181537,10,530,logT,10,-1.66824,0.7,294.054928732,1124.75380339
9181537,10,540,logT,10,-1.66824,0.4,299.610057259,2701.02993843
9181537,10,550,logT,10,-1.66824,0.5,305.173643541,2027.5298006
9181537,10,560,logT,10,-1.66824,0.3,310.718044305,4011.80261804
9181537,10,570,logT,10,-1.66824,0.6,316.288042212,1589.62675438
9181537,10,580,logT,10,-1.66824,0.5,321.84872098,2138.31661705
9181537,10,590,logT,10,-1.66824,0.6,327.399319983,1645.47073854
9181537,10,600,logT,10,-1.66824,0.7,332.946377325,1273.51276115
9181537,10,610,logT,10,-1.66824,0.3,338.512760091,4370.67110219
9181537,10,620,logT,10,-1.66824,0.5,344.064838076,2285.91730413
9181537,10,630,logT,10,-1.66824,0.4,349.631129909,3151.97746675
9181537,10,640,logT,10,-1.66824,0.6,355.184190059,1785.11424998
9181537,10,650,logT,10,-1.66824,0.5,360.753030086,2396.79125191
9181537,10,660,logT,10,-1.66824,0.4,366.298398781,3302.23541412
9181537,10,670,logT,10,-1.66824,0.4,371.856715465,3352.34447891
9181537,10,680,logT,10,-1.66824,0.4,377.409375095,3402.40254451
9181537,10,690,logT,10,-1.66824,0.4,382.979810762,3452.62086376
9181537,10,700,logT,10,-1.66824,0.5,388.531158352,2581.34514134
9181537,10,710,logT,10,-1.66824,0.5,394.062848449,2618.09689483
9181537,10,720,logT,10,-1.66824,0.8,399.612222457,1143.43167798
9181537,10,730,logT,10,-1.66824,0.1,405.195561552,17710.5674541
9181537,10,740,logT,10,-1.66824,0.5,410.74308567,2728.91799214
9181537,10,750,logT,10,-1.66824,0.3,416.320541167,5375.27790101
9181537,10,760,logT,10,-1.66824,0.5,421.874358082,2802.87256525
9181537,10,770,logT,10,-1.66824,0.5,427.416967535,2839.69686537
9181537,10,780,logT,10,-1.66824,0.5,432.992196226,2876.73788302
9181537,10,790,logT,10,-1.66824,0.3,438.560456443,5662.42617567
9181537,10,800,logT,10,-1.66824,0.4,444.131291509,4003.91070292
9181537,10,810,logT,10,-1.66824,0.5,449.67849884,2987.59927793
9181537,10,820,logT,10,-1.66824,0.7,455.2239815,1741.22197779
9181537,10,830,logT,10,-1.66824,0.5,460.772551942,3061.3065713
9181537,10,840,logT,10,-1.66824,0.5,466.353330827,3098.38446364
9181537,10,850,logT,10,-1.66824,0.2,471.914487672,9739.23071567
9181537,10,860,logT,10,-1.66824,0.7,477.457421041,1826.26440776
9181537,10,870,logT,10,-1.66824,0.3,482.986633182,6236.02997956
9181537,10,880,logT,10,-1.66824,0.4,488.562478948,4404.4645714
9181537,10,890,logT,10,-1.66824,0.5,494.154627442,3283.09228024
9181537,10,900,logT,10,-1.66824,0.2,499.722421432,10313.1225747
9181537,10,910,logT,10,-1.66824,0.3,505.268251181,6523.71669445
9181537,10,920,logT,10,-1.66824,0.4,510.801751399,4604.95497299
9181537,10,930,logT,10,-1.66824,0.3,516.388835478,6667.29892282
9181537,10,940,logT,10,-1.66824,0.8,521.925543976,1493.41328165
9181537,10,950,logT,10,-1.66824,0.3,527.490925837,6810.6423687
9181537,10,960,logT,10,-1.66824,0.3,533.073221421,6882.71757788
9181537,10,970,logT,10,-1.66824,0.3,538.632944775,6954.50134813
9181537,10,980,logT,10,-1.66824,0.5,544.182500887,3615.47027688
9181537,10,990,logT,10,-1.66824,0.5,549.733436584,3652.34989538
9181537,10,1000,logT,10,-1.66824,0.3,555.253074765,7169.09036937
9182308,10,10,logT,10,-1.69638,0,4.99500741959,inf
9182308,10,15,logT,10,-1.69881,0.3,7.77116541862,100.336566682
9182308,10,20,logT,10,-1.69881,0.9,10.5481895685,21.096379137
9335413,10,10,logT,10,-1.68478,0,4.99840443134,inf
9335413,10,15,logT,10,-1.68808,0,7.77729952335,inf
9335413,10,20,logT,10,-1.68926,0,10.5567302704,inf
9335413,10,25,logT,10,-1.69022,0.4,13.3358560324,120.224757232
9335413,10,30,logT,10,-1.69022,0.6,16.1142045975,80.988109998
9335413,10,35,logT,10,-1.69022,1,18.8926608562,18.8926608562
9469999,10,10,logT,10,-1.70089,0,4.99587953091,inf
9469999,10,15,logT,10,-1.70786,0,7.77214577198,inf
9469999,10,20,logT,10,-1.70814,0.1,10.5530466318,461.259850683
9469999,10,25,logT,10,-1.70814,0.5,13.3310383558,88.5695016965
9469999,10,30,logT,10,-1.70814,0.6,16.1098300934,80.9661242515
9469999,10,35,logT,10,-1.70814,0.8,18.8878265619,54.0447413902
9469999,10,40,logT,10,-1.70814,1,21.6669044495,21.6669044495
9510406,10,10,logT,10,-1.70132,0,4.99981048107,inf
9510406,10,15,logT,10,-1.70198,0,7.77984614372,inf
9510406,10,20,logT,10,-1.70192,0,10.5602710485,inf
9510406,10,25,logT,10,-1.70199,0.7,13.3388653755,51.0208743267
9510406,10,30,logT,10,-1.70199,0.6,16.1175327778,81.0048370435
9510406,10,35,logT,10,-1.70199,0.9,18.8988466501,37.7976933002
9516964,10,10,logT,10,-1.66473,0,4.99750874043,inf
9516964,10,15,logT,10,-1.66518,0,7.77835264206,inf
9516964,10,20,logT,10,-1.66673,0.1,10.5578903675,461.471564028
9516964,10,25,logT,10,-1.66673,0.4,13.3380084753,120.24416183
9516964,10,30,logT,10,-1.66673,1,16.1177108049,16.1177108049
9692062,10,10,logT,10,-1.71996,0,4.99402983189,inf
9692062,10,15,logT,10,-1.72398,0.1,7.77051441669,339.639010858
9692062,10,20,logT,10,-1.72398,0.1,10.5478901386,461.034467117
9692062,10,25,logT,10,-1.72398,0.1,13.3249419451,582.415765454
9692062,10,30,logT,10,-1.72382,0,16.101146102,inf
9692062,10,35,logT,10,-1.72398,0.4,18.887663722,170.275142454
9692062,10,40,logT,10,-1.72398,0.5,21.6737648487,143.997376746
9692062,10,45,logT,10,-1.72398,0.2,24.4528479815,504.650597445
9692062,10,50,logT,10,-1.72398,0.4,27.2323554993,245.503799741
9692062,10,55,logT,10,-1.72398,0.7,30.0108779907,114.790965445
9692062,10,60,logT,10,-1.72398,0.7,32.7902929068,125.42216796
9692062,10,65,logT,10,-1.72398,0.9,35.5669418573,71.1338837147
9721192,10,10,logT,10,-1.69791,0,5.00241990089,inf
9721192,10,15,logT,10,-1.70144,0.1,7.78527259827,340.284071651
9721192,10,20,logT,10,-1.70144,0.7,10.5561914444,40.3772061484
9721192,10,25,logT,10,-1.70144,0.9,13.3443738937,26.6887477875
9732497,10,10,logT,10,-1.71415,0,4.99818577766,inf
9732497,10,15,logT,10,-1.7198,0,7.77734835148,inf
9732497,10,20,logT,10,-1.72027,0.3,10.5560342789,136.293101518
9732497,10,25,logT,10,-1.72027,1,13.3357248545,13.3357248545
9807541,10,10,logT,10,-1.67866,0,4.99351963997,inf
9807541,10,15,logT,10,-1.68353,0,7.77788331509,inf
9807541,10,20,logT,10,-1.68477,0,10.5577540398,inf
9807541,10,25,logT,10,-1.68495,0,13.3378785849,inf
9807541,10,30,logT,10,-1.68537,0,16.1165341377,inf
9807541,10,35,logT,10,-1.68575,0.3,18.8960676193,243.974545203
9807541,10,40,logT,10,-1.68575,0.4,21.6747158051,195.400838116
9807541,10,45,logT,10,-1.68537,0,24.4548498154,inf
9807541,10,50,logT,10,-1.68575,0.6,27.232976675,136.86975967
9807541,10,55,logT,10,-1.68575,0.6,30.0102056265,150.827787971
9807541,10,60,logT,10,-1.68575,0.3,32.7894847393,423.357906412
9807541,10,65,logT,10,-1.68575,0.5,35.5692746401,236.317145483
9807541,10,70,logT,10,-1.68575,0.7,38.3488196611,146.683413726
9807541,10,75,logT,10,-1.68575,0.8,41.1266718864,117.677930759
9807541,10,80,logT,10,-1.68575,1,43.9069968939,43.9069968939
10016117,10,10,logT,10,-1.66155,0,4.99495985508,inf
10016117,10,15,logT,10,-1.66462,0,7.77054247856,inf
10016117,10,20,logT,10,-1.66535,0.1,10.5468733311,460.99002379
10016117,10,25,logT,10,-1.66462,0,13.3246055841,inf
10016117,10,30,logT,10,-1.66535,0.4,16.0997718573,145.141876031
10016117,10,35,logT,10,-1.66535,0.8,18.8762118578,54.0115076204
10016117,10,40,logT,10,-1.66535,0.6,21.6515633583,108.818228308
10016117,10,45,logT,10,-1.66535,0.7,24.4275939465,93.4350235765
10016117,10,50,logT,10,-1.66535,0.9,27.204712677,54.409425354
10289415,10,10,logT,10,-1.68392,0,4.99891216755,inf
10289415,10,15,logT,10,-1.68948,0.1,7.77932600975,340.024154053
10289415,10,20,logT,10,-1.68917,0,10.5594397068,inf
10289415,10,25,logT,10,-1.68948,0.3,13.3405918837,172.245617614
10289415,10,30,logT,10,-1.68948,0.7,16.1205053568,61.6605876689
10289415,10,35,logT,10,-1.68948,0.9,18.9010999441,37.8021998882
10303962,10,10,logT,10,-1.68643,0,4.99717957973,inf
10303962,10,15,logT,10,-1.6883,0,7.77750632763,inf
10303962,10,20,logT,10,-1.69022,0,10.5565390348,inf
10303962,10,25,logT,10,-1.69064,0,13.3343722582,inf
10303962,10,30,logT,10,-1.69095,0.3,16.1126855612,208.037207052
10303962,10,35,logT,10,-1.69095,0.2,18.8930494547,389.909130507
10303962,10,40,logT,10,-1.69095,0.4,21.6728959799,195.384432117
10303962,10,45,logT,10,-1.69095,0.7,24.4513260841,93.5257984947
10303962,10,50,logT,10,-1.69095,0.9,27.2317215681,54.4634431362
10321011,10,110,logT,10,-1.76596,1,60.6240641594,60.6240641594
10492586,10,10,logT,10,-1.67752,0,5.00173437595,inf
10492586,10,15,logT,10,-1.68071,0,7.78034946918,inf
10492586,10,20,logT,10,-1.68098,0.2,10.5604190111,217.942783895
10492586,10,25,logT,10,-1.68098,0.3,13.3415889025,172.258490515
10492586,10,30,logT,10,-1.68098,0.8,16.1201987028,46.1255807912
10492586,10,35,logT,10,-1.68098,0.9,18.9003397226,37.8006794453
10617787,10,10,logT,23,-1.66413,0,4.99796995909,inf
10617787,10,15,logT,20,-1.66796,0,7.77296904325,inf
10617787,10,20,logT,20,-1.66796,0,10.5521288037,inf
10617787,10,25,logT,10,-1.66809,0,13.3301358223,inf
10617787,10,30,logT,10,-1.6683,0.1,16.1068630695,704.009895306
10617787,10,35,logT,10,-1.66798,0,18.8846989155,inf
10617787,10,40,logT,10,-1.6683,0.2,21.6609438658,447.032111408
10617787,10,45,logT,10,-1.6683,0.5,24.437389183,162.358499386
10617787,10,50,logT,10,-1.6683,0.4,27.2163168907,245.359209261
10617787,10,55,logT,10,-1.6683,0.6,29.9932157516,150.742398844
10617787,10,60,logT,10,-1.6683,0.4,32.769994545,295.426452497
10617787,10,65,logT,10,-1.6683,0.7,35.5468379259,135.96589361
10617787,10,70,logT,10,-1.6683,0.6,38.3255463839,192.619719298
10617787,10,75,logT,10,-1.6683,0.5,41.1027528286,273.080778797
10617787,10,80,logT,10,-1.6683,0.7,43.8776198387,167.830955971
10617787,10,85,logT,10,-1.6683,0.8,46.6543417215,133.494546067
10617787,10,90,logT,10,-1.6683,0.5,49.4311755657,328.41362175
10617787,10,95,logT,10,-1.6683,0.6,52.2094701529,262.398698372
10617787,10,100,logT,10,-1.6683,0.4,54.9888237476,495.73255511
10617787,10,110,logT,10,-1.6683,0.8,60.5459776163,173.243421723
10617787,10,120,logT,10,-1.6683,0.7,66.0974503756,252.821331799
10617787,10,130,logT,10,-1.6683,0.9,71.6557244062,143.311448812
10680741,10,10,logT,10,-1.65092,0,4.9995008707,inf
10680741,10,15,logT,10,-1.65505,0,7.78047692776,inf
10680741,10,20,logT,10,-1.65509,0,10.5608995199,inf
10680741,10,25,logT,10,-1.65509,0,13.3409375429,inf
10680741,10,30,logT,10,-1.65512,0.4,16.1211394548,145.334508152
10680741,10,35,logT,10,-1.65512,0.4,18.8987730503,170.375294727
10680741,10,40,logT,10,-1.65512,0.3,21.6771532774,279.882233632
10680741,10,45,logT,10,-1.65512,0.8,24.4581916094,69.9835227768
10680741,10,50,logT,10,-1.65512,0.3,27.238538003,351.68745451
10680741,10,55,logT,10,-1.65512,0.6,30.0168569803,150.861216898
10680741,10,60,logT,10,-1.65512,0.9,32.7967964172,65.5935928345
10752963,10,10,logT,10,-1.73398,0,4.99389281273,inf
10752963,10,15,logT,10,-1.73913,0,7.77107439041,inf
10752963,10,20,logT,10,-1.74174,0.1,10.5478191376,461.031363754
10752963,10,25,logT,10,-1.74174,0.6,13.3243859768,66.9668074907
10752963,10,30,logT,10,-1.74174,0.9,16.1194704533,32.2389409065
10759243,10,10,logT,10,-1.69496,0,4.99339458942,inf
10759243,10,15,logT,10,-1.69601,0,7.77020397186,inf
10759243,10,20,logT,10,-1.69761,0.1,10.5471884966,461.003799262
10759243,10,25,logT,10,-1.69761,0.5,13.3238963842,88.5220514643
10759243,10,30,logT,10,-1.69761,0.4,16.1005103111,145.148533305
10759243,10,35,logT,10,-1.69761,0.7,18.8759399652,72.2000660215
10759243,10,40,logT,10,-1.69761,0.8,21.6512572289,61.9518923403
10759243,10,45,logT,10,-1.69761,1,24.4282334566,24.4282334566
10785990,10,10,logT,10,-1.68711,0,4.9956227541,inf
10785990,10,15,logT,10,-1.69287,0,7.77024722099,inf
10785990,10,20,logT,10,-1.69339,0.3,10.5477028608,136.18553131
10785990,10,25,logT,10,-1.69339,0.3,13.3243018866,172.035291068
10785990,10,30,logT,10,-1.69339,0.5,16.1005051136,106.969440558
10785990,10,35,logT,10,-1.69339,0.8,18.8764754057,54.0122617239
10785990,10,40,logT,10,-1.69339,1,21.6531393528,21.6531393528
10873220,10,10,logT,10,-1.64877,0,5.00006227493,inf
10873220,10,15,logT,10,-1.6507,0,7.77678852081,inf
10873220,10,20,logT,10,-1.65218,0,10.5576865435,inf
10873220,10,25,logT,10,-1.65267,0.1,13.343048811,583.207192854
10873220,10,30,logT,10,-1.65267,0.3,16.1186648846,208.114408443
10873220,10,35,logT,10,-1.65267,0.4,18.9029240847,170.412716929
10873220,10,40,logT,10,-1.65267,0.7,21.6827863932,82.9361934823
10873220,10,45,logT,10,-1.65267,0.7,24.4614912748,93.5646801314
10873220,10,50,logT,10,-1.65267,0.8,27.2417542219,77.9482783322
10873220,10,55,logT,10,-1.65267,0.9,30.0179985762,60.0359971523
11037872,10,10,logT,10,-1.69171,0,4.99434053898,inf
11037872,10,15,logT,10,-1.69421,0,7.77040221691,inf
11037872,10,20,logT,10,-1.69444,0.4,10.5471968412,95.0845732462
11037872,10,25,logT,10,-1.69444,0.6,13.3237959623,66.9638421469
11037872,10,30,logT,10,-1.69444,1,16.0998771667,16.0998771667
11146941,10,10,logT,10,-1.65032,0,4.99704048634,inf
11146941,10,15,logT,10,-1.65024,0,7.77370784283,inf
11146941,10,20,logT,10,-1.65269,0,10.5515394211,inf
11146941,10,25,logT,10,-1.65302,0.1,13.3243570566,582.390200745
11146941,10,30,logT,10,-1.65292,0,16.1131140947,inf
11146941,10,35,logT,10,-1.65302,0.2,18.8904790401,389.856083057
11146941,10,40,logT,10,-1.65302,0.2,21.6693181276,447.204936931
11146941,10,45,logT,10,-1.65302,0.2,24.4423231363,504.433388824
11146941,10,50,logT,10,-1.65302,0.2,27.2250687599,561.862864628
11146941,10,55,logT,10,-1.65302,0.6,30.0038662195,150.795926852
11146941,10,60,logT,10,-1.65302,0.6,32.7819803953,164.758404186
11146941,10,65,logT,10,-1.65302,0.8,35.5608215332,101.752067507
11146941,10,70,logT,10,-1.65302,0.7,38.336587429,146.6366257
11146941,10,75,logT,10,-1.65302,0.7,41.112825489,157.255676809
11146941,10,80,logT,10,-1.65302,0.9,43.8838979483,87.7677958965
11182766,10,10,logT,10,-1.68524,0,4.99910511971,inf
11182766,10,15,logT,10,-1.68533,0,7.7803378582,inf
11182766,10,20,logT,10,-1.68636,0.1,10.5609115124,461.603614314
11182766,10,25,logT,10,-1.68543,0,13.3393132687,inf
11182766,10,30,logT,10,-1.68636,0.4,16.1190926552,145.316055944
11182766,10,35,logT,10,-1.68636,0.6,18.8982576132,94.9804352483
11182766,10,40,logT,10,-1.68636,0.6,21.6770377159,108.946259454
11182766,10,45,logT,10,-1.68636,0.7,24.4565482616,93.5457732118
11182766,10,50,logT,10,-1.68636,1,27.2352250576,27.2352250576
11251697,10,10,logT,10,-1.70631,0,4.99818446636,inf
11251697,10,15,logT,10,-1.71508,0,7.77695660591,inf
11251697,10,20,logT,10,-1.7161,0.2,10.555210495,217.835292089
11251697,10,25,logT,10,-1.7161,0.6,13.3338578701,67.01441212
11251697,10,30,logT,10,-1.7161,1,16.1134398222,16.1134398222
11371769,10,10,logT,10,-1.69234,0,4.99498002529,inf
11371769,10,15,logT,10,-1.69327,0,7.77253057957,inf
11371769,10,20,logT,10,-1.69363,0,10.5469967127,inf
11371769,10,25,logT,10,-1.69494,0,13.3236354589,inf
11371769,10,30,logT,10,-1.69505,0.3,16.1026752234,207.907959652
11371769,10,35,logT,10,-1.69505,0.2,18.8758406162,389.553979621
11371769,10,40,logT,10,-1.69505,0.5,21.6536612034,143.863811017
11371769,10,45,logT,10,-1.69505,0.6,24.4291105747,122.777856171
11371769,10,50,logT,10,-1.69505,0.7,27.2079607964,104.069867219
11371769,10,55,logT,10,-1.69505,0.8,30.009056139,85.8665062959
11371769,10,60,logT,10,-1.69505,0.7,32.7895637035,125.419378774
11371769,10,65,logT,10,-1.69505,0.8,35.5648195505,101.763507246
11371769,10,70,logT,10,-1.69505,0.7,38.3437682867,146.664092327
11371769,10,75,logT,10,-1.69505,0.9,41.1216572285,82.2433144569
11402525,10,10,logT,10,-1.70464,0,4.99693593979,inf
11402525,10,15,logT,10,-1.70545,0,7.77527163029,inf
11402525,10,20,logT,10,-1.70922,0,10.5535284042,inf
11402525,10,25,logT,10,-1.70928,0.1,13.3291260242,582.598646076
11402525,10,30,logT,10,-1.70928,0.2,16.1093428612,332.459822492
11402525,10,35,logT,10,-1.70928,0.3,18.88646667,243.850583579
11402525,10,40,logT,10,-1.70928,0.6,21.6649804354,108.88566097
11402525,10,45,logT,10,-1.70928,0.5,24.4395573139,162.372904135
11402525,10,50,logT,10,-1.70928,0.8,27.2190644979,77.8833550198
11402525,10,55,logT,10,-1.70928,0.7,30.0028994322,114.76044763
11402525,10,60,logT,10,-1.70928,0.6,32.7793177128,164.745021855
11402525,10,65,logT,10,-1.70928,0.7,35.5583917856,136.010086876
11402525,10,70,logT,10,-1.70928,0.9,38.3355974674,76.6711949348
11412292,10,10,logT,10,-1.69964,0,4.99464547634,inf
11412292,10,15,logT,10,-1.70832,0,7.76980490685,inf
11412292,10,20,logT,10,-1.70851,0,10.5465404272,inf
11412292,10,25,logT,10,-1.70864,0,13.3229641438,inf
11412292,10,30,logT,10,-1.70872,0.2,16.0989978075,332.246324354
11412292,10,35,logT,10,-1.70866,0,18.8745055676,inf
11412292,10,40,logT,10,-1.70872,0.6,21.6513663054,108.817237943
11412292,10,45,logT,10,-1.70872,0.3,24.427286315,315.390280629
11412292,10,50,logT,10,-1.70872,0.9,27.202254343,54.4045086861
11503114,10,10,logT,10,-1.68571,0,4.99744346142,inf
11503114,10,15,logT,10,-1.69117,0,7.77639591694,inf
11503114,10,20,logT,10,-1.69167,0.3,10.550112462,136.216642617
11503114,10,25,logT,10,-1.69167,0.8,13.3299362659,38.1416546726
11503114,10,30,logT,10,-1.69167,1,16.1076052666,16.1076052666
11534681,10,10,logT,10,-1.71058,0,4.99911789894,inf
11534681,10,15,logT,10,-1.71088,0,7.77981836796,inf
11534681,10,20,logT,10,-1.71107,0.4,10.560024786,95.2002191065
11534681,10,25,logT,10,-1.71107,0.8,13.3404300928,38.1716812168
11534681,10,30,logT,10,-1.71107,0.8,16.119709754,46.124181736
11534681,10,35,logT,10,-1.71107,1,18.8994125843,18.8994125843
11605451,10,10,logT,10,-1.67406,0,4.99678072929,inf
11605451,10,15,logT,10,-1.67884,0,7.77660200596,inf
11605451,10,20,logT,10,-1.68252,0,10.5549764395,inf
11605451,10,25,logT,10,-1.68312,0.2,13.3337456226,275.177872931
11605451,10,30,logT,10,-1.68312,0.5,16.1111856699,107.040400638
11605451,10,35,logT,10,-1.68312,0.5,18.8901239872,125.503267178
11605451,10,40,logT,10,-1.68312,0.8,21.6627877474,61.9848852254
11605451,10,45,logT,10,-1.68312,0.7,24.448333931,93.514353573
11605451,10,50,logT,10,-1.68312,1,27.2275527716,27.2275527716
11679033,10,10,logT,10,-1.66146,0,4.99771397114,inf
11679033,10,15,logT,10,-1.66594,0,7.78073475361,inf
11679033,10,20,logT,10,-1.66704,0,10.5607224226,inf
11679033,10,25,logT,10,-1.66707,0.1,13.3409116983,583.113782459
11679033,10,30,logT,10,-1.66707,0.2,16.1205186129,332.690464328
11679033,10,35,logT,10,-1.66707,0.6,18.8982731104,94.9805131354
11679033,10,40,logT,10,-1.66707,1,21.6701799631,21.6701799631
11777311,10,10,logT,10,-1.6935,0,4.99579031467,inf
11777311,10,15,logT,10,-1.69619,0,7.7699431181,inf
11777311,10,20,logT,10,-1.69638,0,10.5475720406,inf
11777311,10,25,logT,10,-1.6965,0.1,13.3236417055,582.358933685
11777311,10,30,logT,10,-1.6965,0.4,16.0992916107,145.137546536
11777311,10,35,logT,10,-1.6965,0.7,18.8758687019,72.1997934409
11777311,10,40,logT,10,-1.6965,0.3,21.6512800217,279.548173873
11777311,10,45,logT,10,-1.6965,0.3,24.4280992508,315.400776763
11777311,10,50,logT,10,-1.6965,0.7,27.2043403864,104.056019228
11777311,10,55,logT,10,-1.6965,0.7,29.9886193991,114.705826809
11777311,10,60,logT,10,-1.6965,0.9,32.766861105,65.5337222099
11802495,10,10,logT,10,-1.68678,0,4.99816663265,inf
11802495,10,15,logT,10,-1.68842,0,7.77408614159,inf
11802495,10,20,logT,10,-1.6898,0.1,10.5511739731,461.177999221
11802495,10,25,logT,10,-1.6898,0.4,13.3290065527,120.163008137
11802495,10,30,logT,10,-1.6898,0.3,16.1069070339,207.962598219
11802495,10,35,logT,10,-1.6898,0.6,18.8832498789,94.9050081287
11802495,10,40,logT,10,-1.6898,0.7,21.661511445,82.8548172614
11802495,10,45,logT,10,-1.6898,0.8,24.4394268751,69.929830246
11802495,10,50,logT,10,-1.6898,1,27.2156464338,27.2156464338
11915411,10,10,logT,10,-1.67345,0,4.99745049477,inf
11915411,10,15,logT,10,-1.6801,0,7.77458004951,inf
11915411,10,20,logT,10,-1.68097,0.1,10.5493824959,461.099696099
11915411,10,25,logT,10,-1.68097,0.1,13.3226494551,582.315563718
11915411,10,30,logT,10,-1.6806,0,16.1103829622,inf
11915411,10,35,logT,10,-1.68097,0.4,18.880520463,170.210744894
11915411,10,40,logT,10,-1.68097,0.5,21.669556427,143.969416597
11915411,10,45,logT,10,-1.68097,0.3,24.4477078438,315.653951003
11915411,10,50,logT,10,-1.68097,0.5,27.2269658804,180.892045793
11915411,10,55,logT,10,-1.68097,0.7,30.0047700167,114.767602575
11915411,10,60,logT,10,-1.68097,0.5,32.7826710939,217.803352265
11915411,10,65,logT,10,-1.68097,0.8,35.5573157787,101.742036305
11915411,10,70,logT,10,-1.68097,0.9,38.3353263855,76.670652771
11960737,10,10,logT,10,-1.68209,0,4.99924354553,inf
11960737,10,15,logT,10,-1.69073,0,7.78100061417,inf
11960737,10,20,logT,10,-1.6913,0.7,10.5607545376,40.3946598821
11960737,10,25,logT,10,-1.6913,0.6,13.3418277502,67.0544678065
11960737,10,30,logT,10,-1.6913,0.9,16.1215953112,32.2431906223
12088959,10,10,logT,10,-1.69389,0,4.9949133873,inf
12088959,10,15,logT,10,-1.69527,0,7.77098867893,inf
12088959,10,20,logT,10,-1.69565,0,10.5476153135,inf
12088959,10,25,logT,10,-1.69581,0,13.3330688715,inf
12088959,10,30,logT,10,-1.69584,0.2,16.1203171968,332.686307565
12088959,10,35,logT,10,-1.69584,0.3,18.8979783297,243.999215134
12088959,10,40,logT,10,-1.69584,0.5,21.6791155577,144.032926087
12088959,10,45,logT,10,-1.69584,0.6,24.4561815262,122.913911611
12088959,10,50,logT,10,-1.69584,0.9,27.2386769533,54.4773539066
12238274,10,10,logT,10,-1.66335,0,4.99511530399,inf
12238274,10,15,logT,10,-1.66565,0,7.77056250572,inf
12238274,10,20,logT,10,-1.66623,0.2,10.5473442316,217.672950487
12238274,10,25,logT,10,-1.66623,0.8,13.3241973639,38.1252336472
12238274,10,30,logT,10,-1.66623,0.9,16.0998543262,32.1997086525
12476934,10,10,logT,10,-1.71499,0.1,4.99805924892,218.458625579
12476934,10,15,logT,10,-1.71499,0.5,7.77438750267,51.6519125313
12476934,10,20,logT,10,-1.71499,0.9,10.558190155,21.1163803101
12520071,10,10,logT,10,-1.68462,0,4.99953830242,inf
12520071,10,15,logT,10,-1.68835,0,7.78027079105,inf
12520071,10,20,logT,10,-1.68949,0.1,10.5603575468,461.579401204
12520071,10,25,logT,10,-1.6894,0,13.3407712221,inf
12520071,10,30,logT,10,-1.68949,0.3,16.1217330933,208.15402329
12520071,10,35,logT,10,-1.68949,0.5,18.9004710913,125.572011849
12520071,10,40,logT,10,-1.68949,0.7,21.6806977272,82.9282043797
12520071,10,45,logT,10,-1.68949,0.9,24.4600045204,48.9200090408
12531925,10,10,logT,10,-1.68231,0,4.99554746151,inf
12531925,10,15,logT,10,-1.68775,0,7.77292490005,inf
12531925,10,20,logT,10,-1.6879,0,10.5506633997,inf
12531925,10,25,logT,10,-1.68796,0.1,13.3298007488,582.628137404
12531925,10,30,logT,10,-1.68796,0.8,16.1089849472,46.0934942766
12531925,10,35,logT,10,-1.68796,1,18.8861107349,18.8861107349
12600313,10,10,logT,10,-1.70245,0,5.00035552979,inf
12600313,10,15,logT,10,-1.70317,0,7.78149216175,inf
12600313,10,20,logT,10,-1.70384,0.2,10.5620644331,217.976741624
12600313,10,25,logT,10,-1.70384,1,13.3418838739,13.3418838739
12876033,10,10,logT,23,-1.68891,0,4.99398319618,inf
12876033,10,15,logT,20,-1.6936,0,7.77010176182,inf
12876033,10,20,logT,20,-1.69373,0,10.5471466064,inf
12876033,10,25,logT,10,-1.69459,0.2,13.3242852688,274.982632964
12876033,10,30,logT,10,-1.69459,0.1,16.102512908,703.81975544
12876033,10,35,logT,10,-1.69459,0.1,18.876907444,825.084907966
12876033,10,40,logT,10,-1.69459,0.3,21.6529715061,279.570013292
12876033,10,45,logT,10,-1.69459,0.1,24.4285022497,1067.73784796
12876033,10,50,logT,10,-1.69459,0.1,27.2063234568,1189.15277579
12876033,10,55,logT,10,-1.69459,0.4,29.9817727089,270.290211333
12876033,10,60,logT,10,-1.69427,0,32.7556905031,inf
12876033,10,65,logT,10,-1.69459,0.4,35.5330933094,320.336205373
12876033,10,70,logT,10,-1.69459,0.6,38.3080834627,192.531952696
12876033,10,75,logT,10,-1.69459,0.7,41.0870553255,157.157106485
12876033,10,80,logT,10,-1.69459,0.6,43.8628118038,220.449368487
12876033,10,85,logT,10,-1.69459,0.6,46.6398872852,234.406625465
12876033,10,90,logT,10,-1.69459,0.8,49.4137860775,141.390290773
12876033,10,95,logT,10,-1.69459,0.6,52.19006598,262.301175266
12876033,10,100,logT,10,-1.69459,0.6,54.9667689323,276.256559956
12876033,10,110,logT,10,-1.69459,0.7,60.5197022676,231.486564768
12876033,10,120,logT,10,-1.69459,0.9,66.067008853,132.134017706
12948253,10,10,logT,10,-1.65651,0,4.99801721573,inf
12948253,10,15,logT,10,-1.66234,0,7.77656664848,inf
12948253,10,20,logT,10,-1.66236,0,10.5555733919,inf
12948253,10,25,logT,10,-1.6636,0.1,13.3362440348,582.909764996
12948253,10,30,logT,10,-1.6636,0.2,16.1108719826,332.491380044
12948253,10,35,logT,10,-1.6636,0.6,18.8931725025,94.954878076
12948253,10,40,logT,10,-1.6636,0.7,21.6737240791,82.9015303252
12948253,10,45,logT,10,-1.6636,0.6,24.4505427122,122.885571591
12948253,10,50,logT,10,-1.6636,0.7,27.2285433769,104.148595148
12948253,10,55,logT,10,-1.6636,0.9,30.0001755476,60.0003510952
13046662,10,10,logT,10,-1.73568,0,4.99472784996,inf
13046662,10,15,logT,10,-1.73802,0,7.77086312771,inf
13046662,10,20,logT,10,-1.73876,0.1,10.5479669094,461.037822667
13046662,10,25,logT,10,-1.73876,0.2,13.3251634836,275.000757301
13046662,10,30,logT,10,-1.73876,0.7,16.1007694244,61.5850981505
13046662,10,35,logT,10,-1.73876,0.8,18.8770731926,54.0139722034
13046662,10,40,logT,10,-1.73876,0.7,21.6540581942,82.8263087365
13046662,10,45,logT,10,-1.73876,0.9,24.4291785479,48.8583570957
13183385,10,10,logT,10,-1.66606,0,4.99682991505,inf
13183385,10,15,logT,10,-1.66908,0.2,7.77524452209,160.463181889
13183385,10,20,logT,10,-1.66908,0.1,10.5551737309,461.352823396
13183385,10,25,logT,10,-1.66908,0.6,13.3337798595,67.0140200481
13183385,10,30,logT,10,-1.66908,1,16.1123546362,16.1123546362
13232651,10,10,logT,10,-1.64548,0,4.99959857464,inf
13232651,10,15,logT,10,-1.65339,0,7.77981014252,inf
13232651,10,20,logT,10,-1.65347,0.1,10.5580514193,461.478603389
13232651,10,25,logT,10,-1.65347,0.3,13.3367729187,172.196309458
13232651,10,30,logT,10,-1.65347,0.5,16.1167631626,107.077456697
13232651,10,35,logT,10,-1.65347,1,18.8963028669,18.8963028669
13392517,10,10,logT,10,-1.69088,0,4.99420912266,inf
13392517,10,15,logT,10,-1.69585,0.1,7.77732026577,339.93648561
13392517,10,20,logT,10,-1.69585,0.2,10.5625113726,217.985965427
13392517,10,25,logT,10,-1.69585,0.8,13.3431336641,38.179417089
13392517,10,30,logT,10,-1.69585,1,16.1227999926,16.1227999926
13414790,10,10,logT,10,-1.71592,0,4.99743368626,inf
13414790,10,15,logT,10,-1.71987,0,7.78243012428,inf
13414790,10,20,logT,10,-1.72062,0.2,10.5622873545,217.981342208
13414790,10,25,logT,10,-1.72062,1,13.3404556513,13.3404556513
13551483,10,10,logT,10,-1.67446,0,4.99898021221,inf
13551483,10,15,logT,10,-1.67897,0.1,7.77604563236,339.880773053
13551483,10,20,logT,10,-1.67897,0.5,10.5602384567,70.1607056362
13551483,10,25,logT,10,-1.67897,0.9,13.3409492016,26.6818984032
13753649,10,10,logT,10,-1.69476,0,4.99666609764,inf
13753649,10,15,logT,10,-1.69868,0,7.7759001255,inf
13753649,10,20,logT,10,-1.69805,0,10.5557533264,inf
13753649,10,25,logT,10,-1.69922,0.1,13.33360672,582.79449142
13753649,10,30,logT,10,-1.69922,0.3,16.1124700546,208.034424563
13753649,10,35,logT,10,-1.69922,0.4,18.8901399136,170.297465694
13753649,10,40,logT,10,-1.69922,0.6,21.6686604738,108.904156414
13753649,10,45,logT,10,-1.69922,0.8,24.4466142178,69.9503957712
13753649,10,50,logT,10,-1.69922,0.9,27.2254753113,54.4509506226
13928994,10,10,logT,10,-1.68726,0,4.99762585163,inf
13928994,10,15,logT,10,-1.68737,0.2,7.77661907673,160.491549538
13928994,10,20,logT,10,-1.68737,0.8,10.5562985897,30.2052978646
13928994,10,25,logT,10,-1.68737,1,13.3344817877,13.3344817877
14030140,10,10,logT,10,-1.66872,0,4.99442126751,inf
14030140,10,15,logT,10,-1.67255,0,7.779906106,inf
14030140,10,20,logT,10,-1.67294,0.1,10.5618791819,461.64590988
14030140,10,25,logT,10,-1.67294,0.1,13.3421895027,583.169633615
14030140,10,30,logT,10,-1.67294,0.3,16.1226927042,208.166413203
14030140,10,35,logT,10,-1.67294,0.5,18.9025196075,125.585621897
14030140,10,40,logT,10,-1.67294,0.8,21.6795609236,62.0328792054
14030140,10,45,logT,10,-1.67294,0.9,24.460517931,48.921035862
14066739,10,10,logT,10,-1.66696,0,4.99685902596,inf
14066739,10,15,logT,10,-1.67454,0,7.78140358925,inf
14066739,10,20,logT,10,-1.67497,0,10.5629042864,inf
14066739,10,25,logT,10,-1.6757,0,13.3431027174,inf
14066739,10,30,logT,10,-1.67601,0.1,16.1221725225,704.679051451
14066739,10,35,logT,10,-1.67601,0.1,18.9012896061,826.150620346
14066739,10,40,logT,10,-1.67601,0.4,21.6817390919,195.464154108
14066739,10,45,logT,10,-1.67601,0.4,24.4604291916,220.514465228
14066739,10,50,logT,10,-1.67601,0.6,27.2341410398,136.875611632
14066739,10,55,logT,10,-1.67601,0.8,30.0159451723,85.8862182529
14066739,10,60,logT,10,-1.67601,1,32.79803617,32.79803617
14106527,10,10,logT,10,-1.70418,0,4.99860072136,inf
14106527,10,15,logT,10,-1.71016,0,7.77967500687,inf
14106527,10,20,logT,10,-1.71179,0,10.5597492933,inf
14106527,10,25,logT,10,-1.71267,0.1,13.3406824589,583.103762703
14106527,10,30,logT,10,-1.71267,0.2,16.120312047,332.686201284
14106527,10,35,logT,10,-1.71267,0.3,18.900062871,244.026129466
14106527,10,40,logT,10,-1.71267,0.6,21.6793951273,108.958107528
14106527,10,45,logT,10,-1.71267,0.4,24.4590242386,220.501799365
14106527,10,50,logT,10,-1.71267,0.8,27.2386053085,77.9392681791
14106527,10,55,logT,10,-1.71267,0.8,30.0186469555,85.8939490086
14106527,10,60,logT,10,-1.71267,0.8,32.7974226475,93.8450074939
14106527,10,65,logT,10,-1.71267,1,35.5778470278,35.5778470278
14207659,10,10,logT,23,-1.63807,0,4.99685105034,inf
14207659,10,15,logT,20,-1.63816,0,7.77610586882,inf
14207659,10,20,logT,20,-1.64093,0,10.5539212942,inf
14207659,10,25,logT,10,-1.64101,0,13.3234246731,inf
14207659,10,30,logT,10,-1.64101,0,16.1003491879,inf
14207659,10,35,logT,10,-1.6417,0.1,18.8843199253,825.408897818
14207659,10,40,logT,10,-1.6417,0.2,21.6622014523,447.058065103
14207659,10,45,logT,10,-1.6417,0.2,24.4410834312,504.40780416
14207659,10,50,logT,10,-1.6417,0.3,27.2200305223,351.448497164
14207659,10,55,logT,10,-1.6417,0.2,29.9989265203,619.108915357
14207659,10,60,logT,10,-1.6417,0.1,32.7768439054,1432.63293086
14207659,10,65,logT,10,-1.6417,0.2,35.5532956362,733.738331729
14207659,10,70,logT,10,-1.64152,0,38.330453229,inf
14207659,10,75,logT,10,-1.6417,0.3,41.1077201128,530.75790799
14207659,10,80,logT,10,-1.6417,0.4,43.8863203764,395.641809587
14207659,10,85,logT,10,-1.6417,0.6,46.6550026417,234.482593481
14207659,10,90,logT,10,-1.6417,0.3,49.4339022875,638.260513838
14207659,10,95,logT,10,-1.6417,0.4,52.2133657932,470.711382269
14207659,10,100,logT,10,-1.6417,0.5,54.9899304152,365.345189564
14207659,10,110,logT,10,-1.6417,0.7,60.5661299944,231.664149829
14207659,10,120,logT,10,-1.6417,0.8,66.1171764374,189.18458883
14207659,10,130,logT,10,-1.6417,0.3,71.6720203161,925.385583536
14207659,10,140,logT,10,-1.6417,0.6,77.2254591227,388.126136803
14207659,10,150,logT,10,-1.6417,0.5,82.782227993,549.993217855
14207659,10,160,logT,10,-1.6417,0.7,88.331015563,337.864242371
14207659,10,170,logT,10,-1.6417,0.6,93.8866692781,471.86343284
14207659,10,180,logT,10,-1.6417,0.8,99.4602051497,284.590767938
14207659,10,190,logT,10,-1.6417,0.5,105.014239049,697.69950212
14207659,10,200,logT,10,-1.6417,0.7,110.553021598,422.862939432
14207659,10,210,logT,10,-1.6417,0.6,116.132204604,583.666894875
14207659,10,220,logT,10,-1.6417,0.7,121.692064953,465.469541653
14207659,10,230,logT,10,-1.6417,0.9,127.230100465,254.46020093
14230092,10,10,logT,10,-1.68336,0,4.99375047684,inf
14230092,10,15,logT,10,-1.68792,0,7.77081885338,inf
14230092,10,20,logT,10,-1.68802,0,10.5479853868,inf
14230092,10,25,logT,10,-1.68828,0.5,13.3241036177,88.5234282934
14230092,10,30,logT,10,-1.68828,0.8,16.1009107351,46.0703911048
14230092,10,35,logT,10,-1.68828,1,18.8770316362,18.8770316362
14265803,10,10,logT,10,-1.65215,0,4.99644887447,inf
14265803,10,15,logT,10,-1.65969,0.1,7.77567420006,339.864538233
14265803,10,20,logT,10,-1.65962,0,10.5553373575,inf
14265803,10,25,logT,10,-1.65969,0.1,13.3342979908,582.824705962
14265803,10,30,logT,10,-1.65969,0.4,16.1124446154,145.256122861
14265803,10,35,logT,10,-1.65969,0.6,18.8859890461,94.9187748632
14265803,10,40,logT,10,-1.65969,0.7,21.6622208595,82.8575307566
14265803,10,45,logT,10,-1.65969,0.8,24.4309417963,69.9055514393
14265803,10,50,logT,10,-1.65969,0.6,27.2069402218,136.738903497
14265803,10,55,logT,10,-1.65969,1,29.9916692734,29.9916692734
14280208,10,10,logT,10,-1.68827,0,4.99833543301,inf
14280208,10,15,logT,10,-1.69189,0,7.77471277714,inf
14280208,10,20,logT,10,-1.69269,0.4,10.5532397985,95.1390514195
14280208,10,25,logT,10,-1.69269,0.8,13.3229470015,38.1216559189
14280208,10,30,logT,10,-1.69269,1,16.1095741987,16.1095741987
14441004,10,10,logT,10,-1.69005,0,4.99652709961,inf
14441004,10,15,logT,10,-1.6957,0,7.77632853985,inf
14441004,10,20,logT,10,-1.69695,0.1,10.554786253,461.335887246
14441004,10,25,logT,10,-1.69695,0.1,13.33379004,582.802504099
14441004,10,30,logT,10,-1.69623,0,16.1117254019,inf
14441004,10,35,logT,10,-1.69695,0.2,18.8831891537,389.70563655
14441004,10,40,logT,10,-1.69695,0.3,21.6581775427,279.637230474
14441004,10,45,logT,10,-1.69695,0.5,24.4454832315,162.41227508
14441004,10,50,logT,10,-1.69695,0.6,27.2269041777,136.839240008
14441004,10,55,logT,10,-1.69695,0.5,30.0010453701,199.322630982
14441004,10,60,logT,10,-1.69695,0.6,32.782785058,164.762448327
14441004,10,65,logT,10,-1.69695,0.7,35.562976408,136.027622959
14441004,10,70,logT,10,-1.69695,1,38.3395301342,38.3395301342
14542852,10,10,logT,10,-1.69084,0,4.99999437332,inf
14542852,10,15,logT,10,-1.69832,0,7.77973840237,inf
14542852,10,20,logT,10,-1.69798,0,10.5590292692,inf
14542852,10,25,logT,10,-1.69818,0,13.3403865099,inf
14542852,10,30,logT,10,-1.69856,0.1,16.1197149992,704.571636324
14542852,10,35,logT,10,-1.69856,0.4,18.898568964,170.373454858
14542852,10,40,logT,10,-1.69856,0.3,21.6785737038,279.900573314
14542852,10,45,logT,10,-1.69856,0.6,24.4583594561,122.924857632
14542852,10,50,logT,10,-1.69856,0.5,27.2372836351,180.960595472
14542852,10,55,logT,10,-1.69856,0.2,30.0152403831,619.445596002
14542852,10,60,logT,10,-1.69856,0.7,32.7955075026,125.442113678
14542852,10,65,logT,10,-1.69856,0.6,35.574634552,178.793957766
14542852,10,70,logT,10,-1.69856,0.6,38.3592672586,192.789196475
14542852,10,75,logT,10,-1.69856,0.8,41.1391488552,117.713631772
14542852,10,80,logT,10,-1.69856,0.8,43.918183732,125.665431877
14542852,10,85,logT,10,-1.69856,0.9,46.6939599276,93.3879198551
14547212,10,10,logT,10,-1.67231,0,4.99749326706,inf
14547212,10,15,logT,10,-1.67492,0.1,7.77420310974,339.800238802
14547212,10,20,logT,10,-1.67492,0.4,10.5537806034,95.143926857
14547212,10,25,logT,10,-1.67492,0.5,13.3324364662,88.5787905409
14547212,10,30,logT,10,-1.67492,1,16.1109805822,16.1109805822
14550708,10,10,logT,10,-1.68144,0,4.99451453686,inf
14550708,10,15,logT,10,-1.68647,0.2,7.77088749409,160.373262842
14550708,10,20,logT,10,-1.68647,0.3,10.5549776793,136.279459346
14550708,10,25,logT,10,-1.68647,0.7,13.342942071,51.0364675994
14550708,10,30,logT,10,-1.68647,1,16.1223242521,16.1223242521
14772102,10,10,logT,10,-1.72066,0,4.9970539093,inf
14772102,10,15,logT,10,-1.72458,0,7.77492339611,inf
14772102,10,20,logT,10,-1.725,0.6,10.5545773268,53.0460727585
14772102,10,25,logT,10,-1.725,0.6,13.3320919991,67.0055370584
14772102,10,30,logT,10,-1.725,0.9,16.1103684902,32.2207369804
15011482,10,10,logT,10,-1.73709,0,4.99967491627,inf
15011482,10,15,logT,10,-1.73888,0.1,7.78065297604,340.082154012
15011482,10,20,logT,10,-1.73888,1,10.5609577656,10.5609577656
15037000,10,10,logT,10,-1.69085,0,5.00029940605,inf
15037000,10,15,logT,10,-1.69878,0,7.78147218227,inf
15037000,10,20,logT,10,-1.70086,0,10.5624394655,inf
15037000,10,25,logT,10,-1.70027,0,13.3426722288,inf
15037000,10,30,logT,10,-1.70124,0.1,16.1234642744,704.735512234
15037000,10,35,logT,10,-1.70124,0.1,18.9026750088,826.211174483
15037000,10,40,logT,10,-1.70124,0.6,21.6816426516,108.969403322
15037000,10,45,logT,10,-1.70124,0.4,24.4626354694,220.534355156
15037000,10,50,logT,10,-1.70124,0.8,27.2415409327,77.9476680363
15037000,10,55,logT,10,-1.70124,0.7,30.0219846487,114.833448174
15037000,10,60,logT,10,-1.70124,0.6,32.800491786,164.851440273
15037000,10,65,logT,10,-1.70124,0.9,35.5809816837,71.1619633675
15345480,10,10,logT,10,-1.74686,0,4.99732146263,inf
15345480,10,15,logT,10,-1.74859,0.2,7.77497289181,160.457576064
15345480,10,20,logT,10,-1.74859,0.5,10.5540937185,70.1198808793
15345480,10,25,logT,10,-1.74859,0.9,13.3315508366,26.6631016731
15446758,10,10,logT,22,-1.70531,0,4.99708271027,inf
15446758,10,15,logT,20,-1.70548,0,7.77537822723,inf
15446758,10,20,logT,20,-1.70623,0.05,10.5539744973,947.547808716
15446758,10,25,logT,10,-1.70612,0,13.3241570473,inf
15446758,10,30,logT,10,-1.70623,0.3,16.1201979399,208.134202322
15446758,10,35,logT,10,-1.70623,0.4,18.8993280888,170.380298482
15446758,10,40,logT,10,-1.70623,0.4,21.6798958778,195.447537255
15446758,10,45,logT,10,-1.70623,0.4,24.4585025072,220.497095877
15446758,10,50,logT,10,-1.70623,0.2,27.235277319,562.07354583
15446758,10,55,logT,10,-1.70623,0.5,30.0161622047,199.423065057
15446758,10,60,logT,10,-1.70623,0.3,32.7781383991,423.21140936
15446758,10,65,logT,10,-1.70623,0.7,35.5691324949,136.051169859
15446758,10,70,logT,10,-1.70623,0.6,38.3503439665,192.744349051
15446758,10,75,logT,10,-1.70623,0.4,41.1301338673,370.794371737
15446758,10,80,logT,10,-1.70623,0.8,43.9078972578,125.635998642
15446758,10,85,logT,10,-1.70623,0.6,46.6810747147,234.613628675
15446758,10,90,logT,10,-1.70623,0.4,49.4682178736,445.96345897
15446758,10,95,logT,10,-1.70623,0.7,52.2319317818,199.786020194
15446758,10,100,logT,10,-1.70623,1,55.02135005,55.02135005
15446758,10,110,logT,10,-1.70623,0.8,60.5754832029,173.327847625
15446758,10,120,logT,10,-1.70623,0.7,66.1749488831,253.11776193
15446758,10,130,logT,10,-1.70623,0.6,71.7448676586,360.581324296
15446758,10,140,logT,10,-1.70623,0.9,77.3089105606,154.617821121
15509635,10,10,logT,10,-1.64824,0,4.99656198025,inf
15509635,10,15,logT,10,-1.64976,0.4,7.77483041286,70.0912709791
15509635,10,20,logT,10,-1.64976,0.9,10.5543478966,21.1086957932
15570002,10,10,logT,10,-1.67221,0,4.99661753178,inf
15570002,10,15,logT,10,-1.67283,0,7.77485029697,inf
15570002,10,20,logT,10,-1.67317,0.1,10.5537953138,461.292574593
15570002,10,25,logT,10,-1.67317,0.5,13.332694459,88.5805046075
15570002,10,30,logT,10,-1.67317,0.9,16.1095335722,32.2190671444
15709809,10,10,logT,10,-1.66622,0,4.99806158543,inf
15709809,10,15,logT,10,-1.66594,0,7.77634553909,inf
15709809,10,20,logT,10,-1.66647,0.4,10.5547674179,95.1528231388
15709809,10,25,logT,10,-1.66647,0.7,13.3339594841,51.0021093971
15709809,10,30,logT,10,-1.66647,1,16.1110668659,16.1110668659
15755754,10,10,logT,10,-1.69598,0,4.99608747959,inf
15755754,10,15,logT,10,-1.69598,0,7.77499039173,inf
15755754,10,20,logT,10,-1.69615,0.5,10.5535269737,70.1161155083
15755754,10,25,logT,10,-1.69615,0.9,13.3317523956,26.6635047913
15763085,10,10,logT,10,-1.65528,0,4.99661011696,inf
15763085,10,15,logT,10,-1.65829,0.3,7.77418937683,100.375610193
15763085,10,20,logT,10,-1.65829,0.9,10.5533601046,21.1067202091
15924209,10,10,logT,10,-1.70671,0,4.99925730228,inf
15924209,10,15,logT,10,-1.70847,0,7.7808151722,inf
15924209,10,20,logT,10,-1.71158,0.1,10.5608157158,461.599427171
15924209,10,25,logT,10,-1.71158,0.6,13.3407005787,67.0488027741
15924209,10,30,logT,10,-1.71158,1,16.1216211796,16.1216211796
15981934,10,10,logT,22,-1.66651,0,4.99793365869,inf
15981934,10,15,logT,20,-1.67128,0,7.77748850584,inf
15981934,10,20,logT,20,-1.67142,0,10.5566821933,inf
15981934,10,25,logT,10,-1.67142,0,13.3246329308,inf
15981934,10,30,logT,10,-1.67142,0,16.1011906385,inf
15981934,10,35,logT,10,-1.67143,0,18.8767395735,inf
15981934,10,40,logT,10,-1.67195,0.1,21.6523745537,946.396941282
15981934,10,45,logT,10,-1.67195,0.1,24.4286273003,1067.74331376
15981934,10,50,logT,10,-1.67143,0,27.2040934801,inf
15981934,10,55,logT,10,-1.67143,0,29.9805361509,inf
15981934,10,60,logT,10,-1.67143,0,32.7571740866,inf
15981934,10,65,logT,10,-1.67195,0.2,35.5347453594,733.355496639
15981934,10,70,logT,10,-1.67195,0.1,38.3098145485,1674.4718331
15981934,10,75,logT,10,-1.67195,0.2,41.0854836702,847.909981538
15981934,10,80,logT,10,-1.67195,0.1,43.8608340263,1917.09962626
15981934,10,85,logT,10,-1.67195,0.2,46.6371172905,962.482943566
15981934,10,90,logT,10,-1.67195,0.2,49.4135002613,1019.78110884
15981934,10,95,logT,10,-1.67195,0.5,52.192701602,346.760803599
15981934,10,100,logT,10,-1.67195,0.2,54.968261528,1134.4186183
15981934,10,110,logT,10,-1.67195,0.2,60.5794155359,1250.21994437
15981934,10,120,logT,10,-1.67195,0.1,66.1303617239,2890.4715234
15981934,10,130,logT,10,-1.67195,0.2,71.6881290913,1479.47826785
15981934,10,140,logT,10,-1.67195,0.2,77.2452874899,1594.16524861
15981934,10,150,logT,10,-1.67195,0.4,82.8047569036,746.497395607
15981934,10,160,logT,10,-1.67195,0.1,88.3662758589,3862.37421572
15981934,10,170,logT,10,-1.67195,0.2,93.9236679316,1938.3686993
15981934,10,180,logT,10,-1.67195,0.1,99.4752267599,4347.93191414
15981934,10,190,logT,10,-1.67195,0.1,105.038190031,4591.08175488
15981934,10,200,logT,10,-1.67195,0.2,110.597938895,2282.4873398
15981934,10,210,logT,10,-1.67195,0.1,116.149008012,5076.72106091
15981934,10,220,logT,10,-1.67195,0.1,121.69969821,5319.33446168
15981934,10,230,logT,10,-1.67143,0,127.257717252,inf
15981934,10,240,logT,10,-1.67195,0.2,132.818422961,2741.06707529
15981934,10,250,logT,10,-1.67195,0.2,138.376437092,2855.77171639
15981934,10,260,logT,10,-1.67195,0.3,143.935326242,1858.40548765
15981934,10,270,logT,10,-1.67195,0.3,149.492005014,1930.14994811
15981934,10,280,logT,10,-1.67195,0.4,155.045263028,1397.75647414
15981934,10,290,logT,10,-1.67195,0.2,160.604260063,3314.50291003
15981934,10,300,logT,10,-1.67195,0.3,166.165872574,2145.43279619
15981934,10,310,logT,10,-1.67195,0.2,171.723951554,3543.98779288
15981934,10,320,logT,10,-1.67195,0.1,177.280862498,7748.71437773
15981934,10,330,logT,10,-1.67195,0.2,182.838639474,3773.36941351
15981934,10,340,logT,10,-1.67195,0.2,188.391441965,3887.96649835
15981934,10,350,logT,10,-1.67195,0.3,193.944959974,2504.09949612
15981934,10,360,logT,10,-1.67195,0.2,199.512827539,4117.48634319
15981934,10,370,logT,10,-1.67195,0.1,205.078153467,8963.6975697
15981934,10,380,logT,10,-1.67195,0.3,210.630599046,2719.53433081
15981934,10,390,logT,10,-1.67143,0,216.177172351,inf
15981934,10,400,logT,10,-1.67143,0,221.740504408,inf
15981934,10,410,logT,10,-1.67195,0.1,227.302634549,9935.10053825
15981934,10,420,logT,10,-1.67195,0.3,232.869187808,3006.66547834
15981934,10,430,logT,10,-1.67195,0.2,238.433838272,4920.72657657
15981934,10,440,logT,10,-1.67195,0.1,243.988271689,10664.4078904
15981934,10,450,logT,10,-1.67195,0.4,249.534424925,2249.59054632
15981934,10,460,logT,10,-1.67143,0,255.097203493,inf
15981934,10,470,logT,10,-1.67195,0.1,260.656344032,11392.9475082
15981934,10,480,logT,10,-1.67195,0.1,266.215036368,11635.910672
15981934,10,490,logT,10,-1.67195,0.2,271.773181558,5608.77401874
15981934,10,500,logT,10,-1.67195,0.4,277.327631068,2500.15049936
15981934,10,510,logT,10,-1.67195,0.2,282.896130323,5838.32612425
15981934,10,520,logT,10,-1.67195,0.5,288.439031839,1916.34744706
15981934,10,530,logT,10,-1.67195,0.3,294.00077908,3795.95944567
15981934,10,540,logT,10,-1.67195,0.2,299.545282483,6181.92637036
15981934,10,550,logT,10,-1.67143,0,305.118413949,inf
15981934,10,560,logT,10,-1.67143,0,310.668470407,inf
15981934,10,570,logT,10,-1.67195,0.3,316.220139337,4082.84232641
15981934,10,580,logT,10,-1.67195,0.2,321.778210735,6640.76292526
15981934,10,590,logT,10,-1.67195,0.2,327.330622768,6755.35195194
15981934,10,600,logT,10,-1.67195,0.2,332.882127213,6869.92224809
15981934,10,610,logT,10,-1.67195,0.1,338.433366394,14792.4793186
15981934,10,620,logT,10,-1.67195,0.1,344.007920122,15036.135763
15981934,10,630,logT,10,-1.67195,0.3,349.570279884,4513.43908
15981934,10,640,logT,10,-1.67195,0.2,355.116384053,7328.78622199
15981934,10,650,logT,10,-1.67195,0.2,360.675878453,7443.52141245
15981934,10,660,logT,10,-1.67143,0,366.231438136,inf
15981934,10,670,logT,10,-1.67195,0.1,371.77703464,16249.8873992
15981934,10,680,logT,10,-1.67195,0.2,377.362165761,7787.88804269
15981934,10,690,logT,10,-1.67195,0.3,382.906545877,4943.85669378
15981934,10,700,logT,10,-1.67195,0.4,388.481235242,3502.21703673
15981934,10,710,logT,10,-1.67195,0.3,394.036213803,5087.55620445
15981934,10,720,logT,10,-1.67143,0,399.588564515,inf
15981934,10,730,logT,10,-1.67195,0.2,405.153220987,8361.43156752
15981934,10,740,logT,10,-1.67195,0.2,410.705164409,8476.01092313
15981934,10,750,logT,10,-1.67195,0.5,416.250533843,2765.50868577
15981934,10,760,logT,10,-1.67195,0.2,421.818154001,8705.3574942
15981934,10,770,logT,10,-1.67195,0.3,427.380564642,5518.07820484
15981934,10,780,logT,10,-1.67143,0,432.923417497,inf
15981934,10,790,logT,10,-1.67195,0.2,438.48446033,9049.31176294
15981934,10,800,logT,10,-1.67195,0.1,444.053809071,19409.0105742
15981934,10,810,logT,10,-1.67143,0,449.610551834,inf
15981934,10,820,logT,10,-1.67195,0.1,455.159137678,19894.4099469
15981934,10,830,logT,10,-1.67143,0,460.717745495,inf
15981934,10,840,logT,10,-1.67195,0.2,466.278873706,9622.92459226
15981934,10,850,logT,10,-1.67195,0.3,471.843017507,6092.15038402
15981934,10,860,logT,10,-1.67195,0.3,477.412921262,6164.06559744
15981934,10,870,logT,10,-1.67195,0.1,482.955341554,21109.3456235
15981934,10,880,logT,10,-1.67195,0.3,488.490098786,6307.08738393
15981934,10,890,logT,10,-1.67195,0.2,494.062864161,10196.3223164
15981934,10,900,logT,10,-1.67195,0.1,499.60517211,21837.0879167
15981934,10,910,logT,10,-1.67195,0.1,505.150036883,22079.4466958
15981934,10,920,logT,10,-1.67195,0.2,510.716841722,10540.0221477
15981934,10,930,logT,10,-1.67195,0.3,516.273956394,6665.81567388
15981934,10,940,logT,10,-1.67195,0.3,521.82598815,6737.50013489
15981934,10,950,logT,10,-1.67195,0.2,527.391804695,10884.1550697
15981934,10,960,logT,10,-1.67195,0.2,532.934648538,10998.546631
15981934,10,970,logT,10,-1.67195,0.2,538.488930535,11113.1742494
15981934,10,980,logT,10,-1.67195,0.2,543.769238639,11222.1476762
15981934,10,990,logT,10,-1.67195,0.1,549.274462485,24008.0675647
15981934,10,1000,logT,10,-1.67195,0.1,554.652787638,24243.147115
16164239,10,10,logT,10,-1.68921,0,4.99617257118,inf
16164239,10,15,logT,10,-1.69433,0.3,7.77374138832,100.369826038
16164239,10,20,logT,10,-1.69433,0.9,10.5537471294,21.1074942589
16173523,10,10,logT,10,-1.70127,0,5.00019338131,inf
16173523,10,15,logT,10,-1.70351,0,7.7813300848,inf
16173523,10,20,logT,10,-1.70466,0,10.5625901222,inf
16173523,10,25,logT,10,-1.70529,0.1,13.3431397438,583.211167409
16173523,10,30,logT,10,-1.70529,0.3,16.1234856129,208.176650758
16173523,10,35,logT,10,-1.70529,0.6,18.9041303635,95.0099510052
16173523,10,40,logT,10,-1.70529,0.9,21.683493185,43.3669863701
16248991,10,10,logT,10,-1.67466,0,4.99605903625,inf
16248991,10,15,logT,10,-1.67747,0.1,7.77480943203,339.826740355
16248991,10,20,logT,10,-1.6773,0,10.5533074379,inf
16248991,10,25,logT,10,-1.6773,0,13.3315025568,inf
16248991,10,30,logT,10,-1.67747,0.2,16.1090210915,332.453181904
16248991,10,35,logT,10,-1.67747,0.5,18.8866978645,125.480504512
16248991,10,40,logT,10,-1.67747,0.7,21.6630823374,82.860825891
16248991,10,45,logT,10,-1.67747,0.6,24.4397382975,122.831269864
16248991,10,50,logT,10,-1.67747,0.6,27.2163556337,136.786224258
16248991,10,55,logT,10,-1.67747,0.9,29.9928382635,59.985676527
16319112,10,10,logT,10,-1.71196,0,4.99715907574,inf
16319112,10,15,logT,10,-1.71383,0,7.77645332813,inf
16319112,10,20,logT,10,-1.71467,0.1,10.5547421932,461.333961452
16319112,10,25,logT,10,-1.71467,0.2,13.3330149174,275.162792853
16319112,10,30,logT,10,-1.71467,0.3,16.1110567093,208.016176306
16319112,10,35,logT,10,-1.71467,0.6,18.889294529,94.9353878339
16319112,10,40,logT,10,-1.71467,0.7,21.6684274435,82.8812708074
16319112,10,45,logT,10,-1.71467,0.9,24.4457657576,48.8915315151
16350340,10,10,logT,10,-1.69921,0,4.99954464436,inf
16350340,10,15,logT,10,-1.70093,0,7.78049666882,inf
16350340,10,20,logT,10,-1.70231,0.1,10.5608067989,461.599037427
16350340,10,25,logT,10,-1.70231,0.4,13.3404264927,120.265960622
16350340,10,30,logT,10,-1.70231,0.6,16.1206585646,81.0205468828
16350340,10,35,logT,10,-1.70231,0.7,18.897734046,72.2834279135
16350340,10,40,logT,10,-1.70231,1,21.6805815458,21.6805815458
16516882,10,10,logT,10,-1.69159,0,4.99420907497,inf
16516882,10,15,logT,10,-1.69274,0,7.77140710354,inf
16516882,10,20,logT,10,-1.69499,0.4,10.5478625774,95.0905749586
16516882,10,25,logT,10,-1.69499,0.8,13.324413681,38.125852607
16516882,10,30,logT,10,-1.69499,1,16.1013255835,16.1013255835
16577430,10,10,logT,10,-1.69172,0,4.99669539928,inf
16577430,10,15,logT,10,-1.69583,0,7.77477695942,inf
16577430,10,20,logT,10,-1.69605,0.4,10.5536522627,95.142769846
16577430,10,25,logT,10,-1.69605,0.9,13.3327433109,26.6654866219
16600400,10,10,logT,10,-1.68308,0,4.99439935684,inf
16600400,10,15,logT,10,-1.6832,0,7.77143185139,inf
16600400,10,20,logT,10,-1.6835,0.4,10.5582852125,95.1845365888
16600400,10,25,logT,10,-1.6835,0.7,13.3422890425,51.0339697794
16600400,10,30,logT,10,-1.6835,1,16.1223845959,16.1223845959
16609733,10,10,logT,10,-1.71118,0,4.99364442825,inf
16609733,10,15,logT,10,-1.71655,0,7.77048668861,inf
16609733,10,20,logT,10,-1.71667,0.4,10.547890377,95.0908255763
16609733,10,25,logT,10,-1.71667,0.3,13.3244692326,172.037451738
16609733,10,30,logT,10,-1.71667,0.8,16.1011385918,46.0710430831
16609733,10,35,logT,10,-1.71667,1,18.8755458593,18.8755458593
16657501,10,10,logT,22,-1.69551,0,4.99750902436,inf
16657501,10,15,logT,20,-1.69551,0,7.77694680691,inf
16657501,10,20,logT,20,-1.69564,0,10.5559731007,inf
16657501,10,25,logT,10,-1.69571,0.1,13.332171464,582.731758259
16657501,10,30,logT,10,-1.69571,0.1,16.1110539436,704.193072925
16657501,10,35,logT,10,-1.69571,0.2,18.8890501738,389.826594538
16657501,10,40,logT,10,-1.69571,0.3,21.6673188686,279.755257721
16657501,10,45,logT,10,-1.6957,0,24.4441797018,inf
16657501,10,50,logT,10,-1.69556,0,27.2231406689,inf
16657501,10,55,logT,10,-1.69571,0.1,29.9997359514,1311.24917839
16657501,10,60,logT,10,-1.69571,0.2,32.7773139238,676.448447512
16657501,10,65,logT,10,-1.69571,0.2,35.5571359396,733.817586768
16657501,10,70,logT,10,-1.6957,0,38.3370524883,inf
16657501,10,75,logT,10,-1.6957,0,41.1171473503,inf
16657501,10,80,logT,10,-1.6957,0,43.8908603668,inf
16657501,10,85,logT,10,-1.69571,0.1,46.6690273762,2039.84208069
16657501,10,90,logT,10,-1.69571,0.4,49.4460444689,445.763562377
16657501,10,95,logT,10,-1.69571,0.2,52.2232302427,1077.76747978
16657501,10,100,logT,10,-1.69571,0.2,55.0002887249,1135.07958606
16657501,10,110,logT,10,-1.69571,0.3,60.5380661964,781.630732136
16657501,10,120,logT,10,-1.69571,0.5,66.0781112671,439.01346855
16657501,10,130,logT,10,-1.69571,0.4,71.6700992584,646.116774445
16657501,10,140,logT,10,-1.69571,0.2,77.2504178524,1594.2711275
16657501,10,150,logT,10,-1.69571,0.2,82.7293700933,1707.34411286
16657501,10,160,logT,10,-1.69571,0.4,88.2838316441,795.892082301
16657501,10,170,logT,10,-1.69571,0.4,93.8595947504,846.158429225
16657501,10,180,logT,10,-1.69571,0.2,99.3830645084,2051.03810068
16657501,10,190,logT,10,-1.69571,0.2,104.928959894,2165.49263873
16657501,10,200,logT,10,-1.69571,0.3,110.509495187,1426.8314642
16657501,10,210,logT,10,-1.69571,0.4,116.126507068,1046.89800838
16657501,10,220,logT,10,-1.69571,0.2,121.610689139,2509.76520103
16657501,10,230,logT,10,-1.69571,0.5,127.167332697,844.881470476
16657501,10,240,logT,10,-1.69571,0.2,132.76501143,2739.96478401
16657501,10,250,logT,10,-1.69571,0.6,138.258386803,694.870502034
16657501,10,260,logT,10,-1.69571,0.4,143.792900157,1296.31472258
16657501,10,270,logT,10,-1.69571,0.5,149.372976255,992.41257288
16657501,10,280,logT,10,-1.69571,0.2,154.943178868,3197.67120154
16657501,10,290,logT,10,-1.69571,0.2,160.458455753,3311.49384409
16657501,10,300,logT,10,-1.69571,0.4,165.997476578,1496.49233421
16657501,10,310,logT,10,-1.69571,0.6,171.545147157,862.165871329
16657501,10,320,logT,10,-1.69571,0.6,177.104915237,890.108616263
16657501,10,330,logT,10,-1.69571,0.3,182.661505866,2358.41439169
16657501,10,340,logT,10,-1.69571,0.2,188.253319216,3885.11596217
16657501,10,350,logT,10,-1.69571,0.5,193.91808424,1288.36386429
16657501,10,360,logT,10,-1.69571,0.7,199.350658369,762.511997929
16657501,10,370,logT,10,-1.69571,0.4,204.889111805,1847.10630246
16657501,10,380,logT,10,-1.69571,0.5,210.413896799,1397.95967066
16657501,10,390,logT,10,-1.69571,0.4,215.956041193,1946.87634315
16657501,10,400,logT,10,-1.69571,0.1,221.561824512,9684.17724826
16657501,10,410,logT,10,-1.69571,0.5,227.057876468,1508.53987801
16657501,10,420,logT,10,-1.69571,0.4,232.61122508,2097.02534256
16657501,10,430,logT,10,-1.69571,0.5,238.165640879,1582.33826734
16657501,10,440,logT,10,-1.69571,0.2,243.725196433,5029.92805115
16657501,10,450,logT,10,-1.69571,0.3,249.282631183,3218.58588756
16657501,10,460,logT,10,-1.69571,0.4,254.8957201,2297.92343244
16657501,10,470,logT,10,-1.69571,0.3,260.37851541,3361.84920364
16657501,10,480,logT,10,-1.69571,0.5,265.932813048,1766.81936604
16657501,10,490,logT,10,-1.69571,0.3,271.48751781,3505.28189359
16657501,10,500,logT,10,-1.69571,0.6,277.028766751,1392.31422181
16657501,10,510,logT,10,-1.69571,0.3,282.587272167,3648.59517844
16657501,10,520,logT,10,-1.69571,0.4,288.172847414,2597.92176347
16657501,10,530,logT,10,-1.69571,0.3,293.733288431,3792.50576892
16657501,10,540,logT,10,-1.69571,0.1,299.236001849,13079.2138372
16657501,10,550,logT,10,-1.69571,0.4,304.91824317,2748.88403651
16657501,10,560,logT,10,-1.69571,0.2,310.435775924,6406.68113207
16657501,10,570,logT,10,-1.69571,0.4,315.934927511,2848.20111051
16657501,10,580,logT,10,-1.69571,0.3,321.437969995,4150.21178588
16657501,10,590,logT,10,-1.69571,0.4,326.984305334,2947.81292119
16657501,10,600,logT,10,-1.69571,0.3,332.543573904,4293.60059659
16657501,10,610,logT,10,-1.69571,0.5,338.102152109,2246.30207607
16657501,10,620,logT,10,-1.69571,0.2,343.6461514,7092.06697498
16657501,10,630,logT,10,-1.69571,0.4,349.217370558,3148.24736368
16657501,10,640,logT,10,-1.69571,0.4,354.769881105,3198.30408527
16657501,10,650,logT,10,-1.69571,0.2,360.30706358,7435.90992088
16657501,10,660,logT,10,-1.69571,0.4,365.855848765,3298.24575886
16657501,10,670,logT,10,-1.69571,0.5,371.428541088,2467.71781177
16657501,10,680,logT,10,-1.69571,0.2,376.98530612,7780.1105256
16657501,10,690,logT,10,-1.69571,0.4,382.520725489,3448.48214065
16657501,10,700,logT,10,-1.69571,0.4,388.088156343,3498.67337106
16657501,10,710,logT,10,-1.69571,0.3,393.651430011,5082.58810989
16657501,10,720,logT,10,-1.69571,0.3,399.180760121,5153.97946105
16657501,10,730,logT,10,-1.69571,0.5,404.741686583,2689.04555966
16657501,10,740,logT,10,-1.69571,0.2,410.289756489,8467.43785814
16657501,10,750,logT,10,-1.69571,0.5,415.854117894,2762.87495521
16657501,10,760,logT,10,-1.69571,0.5,421.380117989,2799.58890515
16657501,10,770,logT,10,-1.69571,0.4,426.957323909,3849.08478995
16657501,10,780,logT,10,-1.69571,0.5,432.500487089,2873.47103823
16657501,10,790,logT,10,-1.69571,0.2,438.045608878,9040.25487731
16657501,10,800,logT,10,-1.69571,0.4,443.585425115,3998.98963489
16657501,10,810,logT,10,-1.69571,0.6,449.144804406,2257.3493221
16657501,10,820,logT,10,-1.69571,0.3,454.699691105,5870.80616858
16657501,10,830,logT,10,-1.69571,0.2,460.236213732,9498.21797451
16657501,10,840,logT,10,-1.69571,0.2,465.84957509,9614.06485523
16657501,10,850,logT,10,-1.69571,0.5,471.341997051,3131.52844461
16657501,10,860,logT,10,-1.69571,0.2,477.035032678,9844.9069992
16657501,10,870,logT,10,-1.69571,0.5,482.432575417,3205.21265233
16657501,10,880,logT,10,-1.69571,0.4,488.141056275,4400.66538233
16657501,10,890,logT,10,-1.69571,0.4,493.616724706,4450.02936063
16657501,10,900,logT,10,-1.69571,0.2,499.143754315,10301.180215
16657501,10,910,logT,10,-1.69571,0.3,504.658615065,6515.84544329
16657501,10,920,logT,10,-1.69571,0.4,510.20115056,4599.54046568
16657501,10,930,logT,10,-1.69571,0.3,515.750303245,6659.05458255
16657501,10,940,logT,10,-1.69571,0.2,521.415526509,10760.8184196
16657501,10,950,logT,10,-1.69571,0.1,527.025257587,23035.5839505
16657501,10,960,logT,10,-1.69571,0.2,532.41939106,10987.9129005
16657501,10,970,logT,10,-1.69571,0.4,537.964271188,4849.82919325
16657501,10,980,logT,10,-1.69571,0.2,543.582242584,11218.2885073
16657501,10,990,logT,10,-1.69571,0.2,549.071497369,11331.5741135
16657501,10,1000,logT,10,-1.69571,0.1,554.733647418,24246.6813901
16678332,10,10,logT,10,-1.7004,0,4.99963679314,inf
16678332,10,15,logT,10,-1.70272,0.3,7.78079240322,100.460864458
16678332,10,20,logT,10,-1.70272,0.6,10.5616962433,53.0818516014
16678332,10,25,logT,10,-1.70272,1,13.3418901682,13.3418901682
16695257,10,10,logT,10,-1.70046,0,4.99686896801,inf
16695257,10,15,logT,10,-1.70207,0,7.77635650635,inf
16695257,10,20,logT,10,-1.70229,0.3,10.5550381184,136.280239699
16695257,10,25,logT,10,-1.70229,0.4,13.3358287811,120.224511557
16695257,10,30,logT,10,-1.70229,0.8,16.1142228603,46.1084817957
16695257,10,35,logT,10,-1.70229,0.8,18.89088943,54.0535053374
16695257,10,40,logT,10,-1.70229,0.9,21.6707103252,43.3414206505
