N,seed,min_energy,average_time,success_probability,TTS,hardware,program_name,average_steps,parameters
1000,110046,-1.48213569,0.0003368203,0,15.5103724656,Intel Xeon Gold 6248,Greedy,333.4818,
1000,228274,-1.46821649,0.000338586,0,15.5916818899,Intel Xeon Gold 6248,Greedy,336.5369,
1000,1010826,-1.5395091,0.0003378414,0,15.5573935072,Intel Xeon Gold 6248,Greedy,335.9233,
1000,1051560,-1.48129393,0.0003372385,0,15.5296303244,Intel Xeon Gold 6248,Greedy,336.2103,
1000,1086364,-1.53306697,0.0003366188,0,15.5010935117,Intel Xeon Gold 6248,Greedy,333.3136,
1000,1153328,-1.50603802,0.0003381399,0,15.5711392529,Intel Xeon Gold 6248,Greedy,333.8564,
1000,1251908,-1.53963947,0.0003407212,0,15.6900065671,Intel Xeon Gold 6248,Greedy,337.4276,
1000,1430748,-1.52564189,0.0003397245,0,15.6441091309,Intel Xeon Gold 6248,Greedy,339.6651,
1000,1494266,-1.53093351,0.0003363546,0,15.4889272604,Intel Xeon Gold 6248,Greedy,334.6094,
1000,1526610,-1.53544376,0.0003385879,0,15.5917693837,Intel Xeon Gold 6248,Greedy,335.8986,
1000,1575578,-1.51946799,0.0003380433,0,15.5666908809,Intel Xeon Gold 6248,Greedy,336.912,
1000,1631660,-1.50549245,0.0003371985,0,15.5277883484,Intel Xeon Gold 6248,Greedy,334.7609,
1000,1730477,-1.49009792,0.0003357884,0,15.4628540906,Intel Xeon Gold 6248,Greedy,333.3913,
1000,1769991,-1.55229053,0.0003362658,0,15.4848380738,Intel Xeon Gold 6248,Greedy,333.8257,
1000,1791529,-1.52409588,0.000339437,0,15.6308699286,Intel Xeon Gold 6248,Greedy,335.6238,
1000,1914710,-1.50064347,0.0003382636,0,15.5768355635,Intel Xeon Gold 6248,Greedy,337.2607,
1000,1958910,-1.54188029,0.0003392495,0,15.6222356663,Intel Xeon Gold 6248,Greedy,334.8083,
1000,2094269,-1.50646597,0.0003404602,0,15.6779876739,Intel Xeon Gold 6248,Greedy,337.43,
1000,2103206,-1.55234566,0.0003406283,0,15.6857285779,Intel Xeon Gold 6248,Greedy,338.8681,
1000,2254005,-1.52617795,0.0003399211,0,15.6531624428,Intel Xeon Gold 6248,Greedy,337.5813,
1000,2261070,-1.50150126,0.0003376262,0,15.5474836765,Intel Xeon Gold 6248,Greedy,335.0348,
1000,2330819,-1.53673477,0.0003389454,0,15.6082320439,Intel Xeon Gold 6248,Greedy,335.6572,
1000,2471202,-1.50421197,0.0003387977,0,15.6014305477,Intel Xeon Gold 6248,Greedy,335.8119,
1000,10016117,-1.49574102,0.0003406905,0,15.6885928506,Intel Xeon Gold 6248,Greedy,335.145,
1000,10289415,-1.51063454,0.0003383704,0,15.5817536394,Intel Xeon Gold 6248,Greedy,337.5662,
1000,10303962,-1.52604441,0.0003357942,0,15.4631211771,Intel Xeon Gold 6248,Greedy,333.2108,
1000,10321011,-1.5918769,0.0003367635,0,15.5077568598,Intel Xeon Gold 6248,Greedy,337.1383,
1000,10492586,-1.5140311,0.0003375938,0,15.5459916759,Intel Xeon Gold 6248,Greedy,336.6692,
1000,10617787,-1.5047189,0.0003365711,0,15.4988969553,Intel Xeon Gold 6248,Greedy,336.0491,
1000,10680741,-1.47990162,0.0003361027,0,15.4773274167,Intel Xeon Gold 6248,Greedy,336.0404,
1000,10752963,-1.56748608,0.0003368458,0,15.5115467253,Intel Xeon Gold 6248,Greedy,335.611,
1000,10759243,-1.53405104,0.0003376849,0,15.5501867762,Intel Xeon Gold 6248,Greedy,339.1612,
1000,10785990,-1.53207751,0.0003364754,0,15.4944900278,Intel Xeon Gold 6248,Greedy,334.7894,
1000,10873220,-1.48676036,0.0003360265,0,15.4738184525,Intel Xeon Gold 6248,Greedy,334.9815,
1000,11037872,-1.52350452,0.0003383935,0,15.5828173805,Intel Xeon Gold 6248,Greedy,339.5058,
1000,11146941,-1.48913118,0.0003371382,0,15.5250115696,Intel Xeon Gold 6248,Greedy,334.8898,
1000,11182766,-1.52775064,0.0003384721,0,15.5864368633,Intel Xeon Gold 6248,Greedy,337.2985,
1000,11251697,-1.5323097,0.0003383572,0,15.5811457873,Intel Xeon Gold 6248,Greedy,333.0111,
1000,11371769,-1.53359867,0.0003366629,0,15.5031242902,Intel Xeon Gold 6248,Greedy,335.804,
1000,11402525,-1.53743638,0.0003385501,0,15.5900287164,Intel Xeon Gold 6248,Greedy,336.787,
1000,11412292,-1.54640777,0.0003377789,0,15.5545154197,Intel Xeon Gold 6248,Greedy,336.4863,
1000,11503114,-1.52457558,0.0003394632,0,15.6320764229,Intel Xeon Gold 6248,Greedy,337.0846,
1000,11534681,-1.54173401,0.0003374257,0,15.5382507719,Intel Xeon Gold 6248,Greedy,336.008,
1000,11605451,-1.50529409,0.0003385945,0,15.5920733098,Intel Xeon Gold 6248,Greedy,336.9155,
1000,11679033,-1.4996631,0.0003366842,0,15.5041051424,Intel Xeon Gold 6248,Greedy,333.3962,
1000,11777311,-1.53893255,0.0003371251,0,15.5244083225,Intel Xeon Gold 6248,Greedy,332.978,
1000,11802495,-1.53678056,0.0003383099,0,15.5789676507,Intel Xeon Gold 6248,Greedy,338.532,
1000,11915411,-1.5141329,0.0003381476,0,15.5714938332,Intel Xeon Gold 6248,Greedy,334.1953,
1000,11960737,-1.51922699,0.0003374091,0,15.5374863519,Intel Xeon Gold 6248,Greedy,335.4212,
1000,12088959,-1.51778809,0.0003390165,0,15.6115061562,Intel Xeon Gold 6248,Greedy,336.8285,
1000,12238274,-1.50016186,0.0003364127,0,15.4916027305,Intel Xeon Gold 6248,Greedy,334.2487,
1000,12476934,-1.52339214,0.0003373377,0,15.5341984248,Intel Xeon Gold 6248,Greedy,336.4551,
1000,12520071,-1.52168966,0.0003375463,0,15.5438043295,Intel Xeon Gold 6248,Greedy,335.2984,
1000,12531925,-1.51234472,0.0003369826,0,15.5178462831,Intel Xeon Gold 6248,Greedy,334.0651,
1000,12600313,-1.53867575,0.0003377461,0,15.5530049994,Intel Xeon Gold 6248,Greedy,335.5477,
1000,12876033,-1.5189391,0.0003365939,0,15.4999468816,Intel Xeon Gold 6248,Greedy,335.7223,
1000,12948253,-1.48978509,0.0003413856,0,15.720601788,Intel Xeon Gold 6248,Greedy,336.4655,
1000,13046662,-1.55708026,0.0003391349,0,15.6169584051,Intel Xeon Gold 6248,Greedy,336.4319,
1000,13183385,-1.4965105,0.0003390806,0,15.6144579227,Intel Xeon Gold 6248,Greedy,336.83,
1000,13232651,-1.48108933,0.0003382096,0,15.574348896,Intel Xeon Gold 6248,Greedy,335.9042,
1000,13392517,-1.51685905,0.0003377182,0,15.5517202212,Intel Xeon Gold 6248,Greedy,335.9708,
1000,13414790,-1.54348637,0.0003376276,0,15.5475481456,Intel Xeon Gold 6248,Greedy,333.4836,
1000,13551483,-1.50399894,0.0003371613,0,15.5260753108,Intel Xeon Gold 6248,Greedy,334.2461,
1000,13753649,-1.52394253,0.0003390613,0,15.6135691693,Intel Xeon Gold 6248,Greedy,338.4533,
1000,13928994,-1.51449306,0.0003379947,0,15.5644528801,Intel Xeon Gold 6248,Greedy,335.1235,
1000,14030140,-1.50326765,0.000338343,0,15.5804918858,Intel Xeon Gold 6248,Greedy,333.4808,
1000,14066739,-1.51007991,0.0003383375,0,15.5802386141,Intel Xeon Gold 6248,Greedy,335.2987,
1000,14106527,-1.54228585,0.0003381262,0,15.5705083761,Intel Xeon Gold 6248,Greedy,334.0687,
1000,14207659,-1.48153222,0.0003387626,0,15.5998142138,Intel Xeon Gold 6248,Greedy,336.5099,
1000,14230092,-1.51424627,0.0003367928,0,15.5091061071,Intel Xeon Gold 6248,Greedy,334.8749,
1000,14265803,-1.48620322,0.0003381049,0,15.5695275239,Intel Xeon Gold 6248,Greedy,336.1813,
1000,14280208,-1.52170147,0.0005395796,0,24.8473164202,Intel Xeon Gold 6248,Greedy,335.1217,
1000,14441004,-1.5279387,0.0003369004,0,15.5140610225,Intel Xeon Gold 6248,Greedy,337.2403,
1000,14542852,-1.52167711,0.0003384993,0,15.5876894069,Intel Xeon Gold 6248,Greedy,335.3779,
1000,14547212,-1.5194212,0.0003382658,0,15.5769368722,Intel Xeon Gold 6248,Greedy,334.6532,
1000,14550708,-1.51876909,0.0003390763,0,15.6142599103,Intel Xeon Gold 6248,Greedy,336.2818,
1000,14772102,-1.54563246,0.0003373851,0,15.5363811663,Intel Xeon Gold 6248,Greedy,336.4261,
1000,15011482,-1.54685734,0.0003376901,0,15.5504262331,Intel Xeon Gold 6248,Greedy,334.8809,
1000,15037000,-1.51700937,0.000336111,0,15.4777096267,Intel Xeon Gold 6248,Greedy,333.3724,
1000,15345480,-1.568778,0.0003381171,0,15.5700893266,Intel Xeon Gold 6248,Greedy,336.8607,
1000,15446758,-1.51992936,0.0003362903,0,15.485966284,Intel Xeon Gold 6248,Greedy,333.7379,
1000,15509635,-1.47004064,0.0003392963,0,15.6243907781,Intel Xeon Gold 6248,Greedy,337.1996,
1000,15570002,-1.50945918,0.0003379756,0,15.5635733366,Intel Xeon Gold 6248,Greedy,335.9244,
1000,15709809,-1.50330714,0.0003377113,0,15.5514024803,Intel Xeon Gold 6248,Greedy,336.119,
1000,15755754,-1.52872336,0.0003407136,0,15.6896565917,Intel Xeon Gold 6248,Greedy,337.7274,
1000,15763085,-1.47940913,0.0003376509,0,15.5486210966,Intel Xeon Gold 6248,Greedy,335.9905,
1000,15924209,-1.56282893,0.0003367116,0,15.5053668959,Intel Xeon Gold 6248,Greedy,335.2914,
1000,15981934,-1.51160046,0.0003391892,0,15.6194588875,Intel Xeon Gold 6248,Greedy,337.2651,
1000,16164239,-1.51051013,0.0003366939,0,15.5045518216,Intel Xeon Gold 6248,Greedy,334.8044,
1000,16173523,-1.53301972,0.0003380218,0,15.5657008188,Intel Xeon Gold 6248,Greedy,335.6041,
1000,16248991,-1.50474821,0.0003397548,0,15.6455044277,Intel Xeon Gold 6248,Greedy,337.2225,
1000,16319112,-1.53045694,0.0003356134,0,15.4547954457,Intel Xeon Gold 6248,Greedy,332.299,
1000,16350340,-1.54095234,0.0003397196,0,15.6438834888,Intel Xeon Gold 6248,Greedy,337.3168,
1000,16516882,-1.52902863,0.0003384744,0,15.5865427769,Intel Xeon Gold 6248,Greedy,336.9734,
1000,16577430,-1.52154308,0.0003377358,0,15.5525306906,Intel Xeon Gold 6248,Greedy,337.0073,
1000,16600400,-1.52762791,0.0003384432,0,15.5851060356,Intel Xeon Gold 6248,Greedy,337.8599,
1000,16609733,-1.5328052,0.0003364016,0,15.4910915822,Intel Xeon Gold 6248,Greedy,334.5817,
1000,16657501,-1.520874,0.0003373973,0,15.536942969,Intel Xeon Gold 6248,Greedy,335.2765,
1000,16678332,-1.53518971,0.0003397794,0,15.6466372429,Intel Xeon Gold 6248,Greedy,337.754,
1000,16695257,-1.51650499,0.0003392268,0,15.6211903449,Intel Xeon Gold 6248,Greedy,337.1807,
2744,502033,-1.47952419,0.0006601054,0,30.3974571027,Intel Xeon Gold 6248,Greedy,920.8558,
2744,3210623,-1.50790197,0.0006606423,0,30.4221810252,Intel Xeon Gold 6248,Greedy,924.1162,
2744,4063355,-1.48921333,0.0006611941,0,30.4475910837,Intel Xeon Gold 6248,Greedy,922.8442,
2744,5105474,-1.49228296,0.0006601806,0,30.4009200175,Intel Xeon Gold 6248,Greedy,918.2595,
2744,7711527,-1.50111655,0.0006633773,0,30.5481261321,Intel Xeon Gold 6248,Greedy,924.4951,
2744,9551411,-1.48969705,0.00066086,0,30.4322059794,Intel Xeon Gold 6248,Greedy,925.8467,
2744,9569658,-1.48433643,0.0006647002,0,30.6090448823,Intel Xeon Gold 6248,Greedy,922.4491,
2744,11086240,-1.47578026,0.0006628859,0,30.5254974573,Intel Xeon Gold 6248,Greedy,921.7182,
2744,14949383,-1.46972933,0.0006605831,0,30.4194549007,Intel Xeon Gold 6248,Greedy,921.514,
2744,16095495,-1.48771485,0.000664705,0,30.6092659194,Intel Xeon Gold 6248,Greedy,920.7261,
1000,110046,-1.44479375,0.0001578469,0,7.26875491633,Intel Xeon Gold 6248,Random,465.8831,
1000,228274,-1.44504805,0.0001553634,0,7.15439123333,Intel Xeon Gold 6248,Random,468.9178,
1000,1010826,-1.50224579,0.0001587266,0,7.30926457284,Intel Xeon Gold 6248,Random,468.8296,
1000,1051560,-1.45582047,0.0001586716,0,7.30673185588,Intel Xeon Gold 6248,Random,470.2546,
1000,1086364,-1.48966841,0.0001578767,0,7.27012718843,Intel Xeon Gold 6248,Random,465.1561,
1000,1153328,-1.47602254,0.0001577453,0,7.26407629737,Intel Xeon Gold 6248,Random,466.0408,
1000,1251908,-1.51011436,0.0001595113,0,7.34539953642,Intel Xeon Gold 6248,Random,470.5558,
1000,1430748,-1.50264892,0.0001579503,0,7.27351642421,Intel Xeon Gold 6248,Random,474.1639,
1000,1494266,-1.52268661,0.0001574803,0,7.25187320657,Intel Xeon Gold 6248,Random,465.2728,
1000,1526610,-1.48611871,0.0001561569,0,7.19093143162,Intel Xeon Gold 6248,Random,467.4215,
1000,1575578,-1.48720941,0.0001571642,0,7.23731699147,Intel Xeon Gold 6248,Random,468.6925,
1000,1631660,-1.47745493,0.0001561387,0,7.19009333255,Intel Xeon Gold 6248,Random,466.3971,
1000,1730477,-1.44897724,0.0001550261,0,7.13885877096,Intel Xeon Gold 6248,Random,466.0281,
1000,1769991,-1.51751459,0.0001549144,0,7.13371505307,Intel Xeon Gold 6248,Random,463.484,
1000,1791529,-1.51905116,0.0001572341,0,7.24053584448,Intel Xeon Gold 6248,Random,467.9349,
1000,1914710,-1.47420584,0.0001572651,0,7.24196337585,Intel Xeon Gold 6248,Random,470.7649,
1000,1958910,-1.52782934,0.0001564817,0,7.20588827649,Intel Xeon Gold 6248,Random,467.1036,
1000,2094269,-1.49863153,0.0001571483,0,7.23658480602,Intel Xeon Gold 6248,Random,471.3134,
1000,2103206,-1.5579475,0.0001564085,0,7.20251746047,Intel Xeon Gold 6248,Random,472.1767,
1000,2254005,-1.48636394,0.0001558633,0,7.177411328,Intel Xeon Gold 6248,Random,472.1222,
1000,2261070,-1.47347236,0.0001573699,0,7.24678935289,Intel Xeon Gold 6248,Random,467.6743,
1000,2330819,-1.51515584,0.0001566118,0,7.21187930333,Intel Xeon Gold 6248,Random,467.7857,
1000,2471202,-1.46687331,0.0001558037,0,7.17466678381,Intel Xeon Gold 6248,Random,467.6711,
1000,10016117,-1.47790732,0.000157729,0,7.26332569216,Intel Xeon Gold 6248,Random,468.2058,
1000,10289415,-1.48121205,0.0001584918,0,7.2984521739,Intel Xeon Gold 6248,Random,471.3283,
1000,10303962,-1.50508515,0.0001591187,0,7.32732054228,Intel Xeon Gold 6248,Random,464.5723,
1000,10321011,-1.55300523,0.0001596694,0,7.35267994644,Intel Xeon Gold 6248,Random,470.9398,
1000,10492586,-1.47521762,0.0001593977,0,7.34016832467,Intel Xeon Gold 6248,Random,469.9347,
1000,10617787,-1.47466658,0.0001587547,0,7.31055856096,Intel Xeon Gold 6248,Random,470.2587,
1000,10680741,-1.46644724,0.000157391,0,7.24776099522,Intel Xeon Gold 6248,Random,467.6947,
1000,10752963,-1.5212223,0.0001584728,0,7.29757723531,Intel Xeon Gold 6248,Random,467.5423,
1000,10759243,-1.50827901,0.0001589043,0,7.31744755108,Intel Xeon Gold 6248,Random,473.2089,
1000,10785990,-1.49505986,0.0001594427,0,7.34224054763,Intel Xeon Gold 6248,Random,467.2747,
1000,10873220,-1.46475129,0.0001571744,0,7.23778669534,Intel Xeon Gold 6248,Random,465.994,
1000,11037872,-1.49702581,0.0001585712,0,7.3021084962,Intel Xeon Gold 6248,Random,473.2267,
1000,11146941,-1.46167962,0.000158765,0,7.31103286977,Intel Xeon Gold 6248,Random,467.9213,
1000,11182766,-1.49376445,0.0001598209,0,7.35965643042,Intel Xeon Gold 6248,Random,470.0067,
1000,11251697,-1.50744079,0.0001573348,0,7.24517301898,Intel Xeon Gold 6248,Random,464.5043,
1000,11371769,-1.49760241,0.0001586616,0,7.30627136189,Intel Xeon Gold 6248,Random,468.4178,
1000,11402525,-1.50425751,0.0001587968,0,7.31249724066,Intel Xeon Gold 6248,Random,469.8071,
1000,11412292,-1.51352887,0.0001581793,0,7.28406173664,Intel Xeon Gold 6248,Random,470.5057,
1000,11503114,-1.4942007,0.0001585537,0,7.30130263171,Intel Xeon Gold 6248,Random,470.8527,
1000,11534681,-1.50982467,0.0001589275,0,7.31851589714,Intel Xeon Gold 6248,Random,469.6803,
1000,11605451,-1.49637736,0.0001595016,0,7.34495285725,Intel Xeon Gold 6248,Random,470.6257,
1000,11679033,-1.47093102,0.0001571969,0,7.23882280683,Intel Xeon Gold 6248,Random,464.4883,
1000,11777311,-1.48698391,0.0001575911,0,7.25697548,Intel Xeon Gold 6248,Random,463.8434,
1000,11802495,-1.50855083,0.000158058,0,7.27847594451,Intel Xeon Gold 6248,Random,470.9959,
1000,11915411,-1.49043055,0.0001585473,0,7.30100791555,Intel Xeon Gold 6248,Random,466.9836,
1000,11960737,-1.50453399,0.0001578521,0,7.26899437321,Intel Xeon Gold 6248,Random,469.987,
1000,12088959,-1.50969369,0.0001581589,0,7.28312232889,Intel Xeon Gold 6248,Random,468.7692,
1000,12238274,-1.48132857,0.0001572188,0,7.23983128867,Intel Xeon Gold 6248,Random,465.7048,
1000,12476934,-1.49905705,0.0001575357,0,7.25442434329,Intel Xeon Gold 6248,Random,469.6924,
1000,12520071,-1.48354226,0.0001579758,0,7.27469068389,Intel Xeon Gold 6248,Random,469.4895,
1000,12531925,-1.48926957,0.0001570067,0,7.23006421109,Intel Xeon Gold 6248,Random,466.1416,
1000,12600313,-1.51689309,0.0001583466,0,7.29176580113,Intel Xeon Gold 6248,Random,468.4553,
1000,12876033,-1.49178531,0.0001570569,0,7.23237589093,Intel Xeon Gold 6248,Random,468.17,
1000,12948253,-1.46833259,0.0001568915,0,7.2247593203,Intel Xeon Gold 6248,Random,466.9722,
1000,13046662,-1.53207138,0.0001572471,0,7.24113448667,Intel Xeon Gold 6248,Random,468.8967,
1000,13183385,-1.45508687,0.0001574511,0,7.25052856411,Intel Xeon Gold 6248,Random,471.369,
1000,13232651,-1.48547995,0.0001578426,0,7.26855690391,Intel Xeon Gold 6248,Random,468.2842,
1000,13392517,-1.49340525,0.0001578011,0,7.26664585384,Intel Xeon Gold 6248,Random,469.0314,
1000,13414790,-1.51028843,0.0001576129,0,7.25797935691,Intel Xeon Gold 6248,Random,464.2794,
1000,13551483,-1.49571419,0.000157992,0,7.27543668416,Intel Xeon Gold 6248,Random,465.373,
1000,13753649,-1.48697377,0.0001572557,0,7.2415305115,Intel Xeon Gold 6248,Random,473.0472,
1000,13928994,-1.4808563,0.0001576589,0,7.26009762927,Intel Xeon Gold 6248,Random,467.5107,
1000,14030140,-1.47975567,0.0001558629,0,7.17739290824,Intel Xeon Gold 6248,Random,464.4666,
1000,14066739,-1.48827884,0.0001577058,0,7.2622573461,Intel Xeon Gold 6248,Random,468.6409,
1000,14106527,-1.51387707,0.0001570988,0,7.23430536076,Intel Xeon Gold 6248,Random,465.8669,
1000,14207659,-1.45067586,0.0001573917,0,7.2477932298,Intel Xeon Gold 6248,Random,472.2449,
1000,14230092,-1.487473,0.0001575675,0,7.25588871418,Intel Xeon Gold 6248,Random,468.4058,
1000,14265803,-1.46272004,0.0001571641,0,7.23731238653,Intel Xeon Gold 6248,Random,469.1833,
1000,14280208,-1.48993073,0.0001563515,0,7.19989264471,Intel Xeon Gold 6248,Random,467.6448,
1000,14441004,-1.49466785,0.0001578401,0,7.26844178041,Intel Xeon Gold 6248,Random,471.0526,
1000,14542852,-1.51544757,0.0001572824,0,7.24276003046,Intel Xeon Gold 6248,Random,468.8717,
1000,14547212,-1.48613124,0.0001552341,0,7.148437046,Intel Xeon Gold 6248,Random,467.0397,
1000,14550708,-1.48630944,0.0001575176,0,7.25359084916,Intel Xeon Gold 6248,Random,470.488,
1000,14772102,-1.52097657,0.0001574614,0,7.25100287292,Intel Xeon Gold 6248,Random,468.3424,
1000,15011482,-1.51488068,0.0001563921,0,7.20176225032,Intel Xeon Gold 6248,Random,467.8434,
1000,15037000,-1.49799838,0.0001563673,0,7.20062022522,Intel Xeon Gold 6248,Random,465.5867,
1000,15345480,-1.54387665,0.0001573445,0,7.24561969815,Intel Xeon Gold 6248,Random,469.485,
1000,15446758,-1.5263133,0.0001567057,0,7.21620334192,Intel Xeon Gold 6248,Random,465.4164,
1000,15509635,-1.4439278,0.0001579423,0,7.27314802902,Intel Xeon Gold 6248,Random,471.8074,
1000,15570002,-1.47951508,0.000156442,0,7.20406011534,Intel Xeon Gold 6248,Random,469.0713,
1000,15709809,-1.46760084,0.0001574291,0,7.24951547733,Intel Xeon Gold 6248,Random,469.1285,
1000,15755754,-1.49272918,0.000156971,0,7.22842024754,Intel Xeon Gold 6248,Random,469.7738,
1000,15763085,-1.45070846,0.0001579829,0,7.27501763463,Intel Xeon Gold 6248,Random,469.5517,
1000,15924209,-1.49994014,0.0001563375,0,7.19924795312,Intel Xeon Gold 6248,Random,467.5366,
1000,15981934,-1.49595759,0.0001575492,0,7.25504601018,Intel Xeon Gold 6248,Random,470.1134,
1000,16164239,-1.49039645,0.0001558736,0,7.17788563682,Intel Xeon Gold 6248,Random,465.8179,
1000,16173523,-1.50011176,0.0001565754,0,7.2102031052,Intel Xeon Gold 6248,Random,467.991,
1000,16248991,-1.48567802,0.0001575728,0,7.256132776,Intel Xeon Gold 6248,Random,471.182,
1000,16319112,-1.51220322,0.0001563652,0,7.20052352148,Intel Xeon Gold 6248,Random,463.5252,
1000,16350340,-1.5124217,0.0001572389,0,7.24075688159,Intel Xeon Gold 6248,Random,470.4949,
1000,16516882,-1.48859392,0.0001571351,0,7.23597695395,Intel Xeon Gold 6248,Random,470.3087,
1000,16577430,-1.48745469,0.0001569096,0,7.22559281443,Intel Xeon Gold 6248,Random,470.3034,
1000,16600400,-1.48388323,0.0001569466,0,7.2272966422,Intel Xeon Gold 6248,Random,471.9324,
1000,16609733,-1.50938467,0.0001557961,0,7.17431680838,Intel Xeon Gold 6248,Random,466.2725,
1000,16657501,-1.49760253,0.0001558638,0,7.1774343527,Intel Xeon Gold 6248,Random,467.8535,
1000,16678332,-1.50142881,0.0001557469,0,7.17205117793,Intel Xeon Gold 6248,Random,471.3448,
1000,16695257,-1.48672714,0.0001587343,0,7.30961915321,Intel Xeon Gold 6248,Random,470.6742,
2744,502033,-1.45288724,0.0002944152,0,13.5576430861,Intel Xeon Gold 6248,Random,1284.8321,
2744,3210623,-1.48595692,0.0002953176,0,13.5991980639,Intel Xeon Gold 6248,Random,1290.4861,
2744,4063355,-1.45989689,0.0002949237,0,13.5810592056,Intel Xeon Gold 6248,Random,1289.5099,
2744,5105474,-1.44538102,0.000294225,0,13.5488844903,Intel Xeon Gold 6248,Random,1279.8512,
2744,7711527,-1.46149419,0.0002951236,0,13.5902644805,Intel Xeon Gold 6248,Random,1288.0511,
2744,9551411,-1.45784259,0.0002975503,0,13.7020125576,Intel Xeon Gold 6248,Random,1292.9317,
2744,9569658,-1.45040349,0.0002945633,0,13.5644630021,Intel Xeon Gold 6248,Random,1285.3805,
2744,11086240,-1.44437804,0.0002956362,0,13.6138694025,Intel Xeon Gold 6248,Random,1286.379,
2744,14949383,-1.4384912,0.0002960703,0,13.6338594467,Intel Xeon Gold 6248,Random,1287.565,
2744,16095495,-1.4608046,0.0002938658,0,13.5323435461,Intel Xeon Gold 6248,Random,1282.5815,
1000,110046,-1.43558086,0.0005799711,0,26.7073207295,Intel Xeon Gold 6248,Reluctant,848.5787,
1000,228274,-1.43401513,0.0005774056,0,26.5891809957,Intel Xeon Gold 6248,Reluctant,845.9035,
1000,1010826,-1.47479705,0.000581131,0,26.7607334277,Intel Xeon Gold 6248,Reluctant,847.8109,
1000,1051560,-1.44247356,0.0005897351,0,27.1569470636,Intel Xeon Gold 6248,Reluctant,863.1769,
1000,1086364,-1.47223782,0.0005830913,0,26.851004065,Intel Xeon Gold 6248,Reluctant,849.7859,
1000,1153328,-1.45213398,0.0005820058,0,26.8010174421,Intel Xeon Gold 6248,Reluctant,850.4804,
1000,1251908,-1.48812004,0.0005815503,0,26.7800419408,Intel Xeon Gold 6248,Reluctant,853.7533,
1000,1430748,-1.4879493,0.000585951,0,26.982691532,Intel Xeon Gold 6248,Reluctant,859.8333,
1000,1494266,-1.49158588,0.0005761565,0,26.5316606912,Intel Xeon Gold 6248,Reluctant,840.1301,
1000,1526610,-1.47248488,0.0005813307,0,26.7699294927,Intel Xeon Gold 6248,Reluctant,850.2331,
1000,1575578,-1.45699782,0.0005784927,0,26.6392412976,Intel Xeon Gold 6248,Reluctant,846.9851,
1000,1631660,-1.47022056,0.0005768347,0,26.5628913937,Intel Xeon Gold 6248,Reluctant,841.7567,
1000,1730477,-1.4363243,0.0005796867,0,26.6942242803,Intel Xeon Gold 6248,Reluctant,845.805,
1000,1769991,-1.52378501,0.0005743745,0,26.4496006617,Intel Xeon Gold 6248,Reluctant,836.9176,
1000,1791529,-1.46853171,0.0005803306,0,26.7238754885,Intel Xeon Gold 6248,Reluctant,846.8928,
1000,1914710,-1.46113243,0.0005838174,0,26.8844405338,Intel Xeon Gold 6248,Reluctant,856.0917,
1000,1958910,-1.49938884,0.0005829982,0,26.8467168659,Intel Xeon Gold 6248,Reluctant,852.7368,
1000,2094269,-1.47690395,0.0005928408,0,27.2999626828,Intel Xeon Gold 6248,Reluctant,866.6722,
1000,2103206,-1.51644581,0.0005854051,0,26.9575531649,Intel Xeon Gold 6248,Reluctant,860.8764,
1000,2254005,-1.46654405,0.000589533,0,27.14764048,Intel Xeon Gold 6248,Reluctant,864.3728,
1000,2261070,-1.44406023,0.0005812987,0,26.7684559119,Intel Xeon Gold 6248,Reluctant,850.919,
1000,2330819,-1.48433847,0.0005814906,0,26.7772927916,Intel Xeon Gold 6248,Reluctant,848.0848,
1000,2471202,-1.43662497,0.000579251,0,26.6741605571,Intel Xeon Gold 6248,Reluctant,843.9706,
1000,10016117,-1.44727436,0.0005819462,0,26.7982728979,Intel Xeon Gold 6248,Reluctant,855.6465,
1000,10289415,-1.47472647,0.0005847207,0,26.9260369561,Intel Xeon Gold 6248,Reluctant,857.3933,
1000,10303962,-1.46855504,0.0005771249,0,26.5762549294,Intel Xeon Gold 6248,Reluctant,841.8487,
1000,10321011,-1.53691225,0.000590316,0,27.1836971596,Intel Xeon Gold 6248,Reluctant,860.8546,
1000,10492586,-1.47901432,0.0005819014,0,26.7962098848,Intel Xeon Gold 6248,Reluctant,852.9413,
1000,10617787,-1.45029877,0.0005887128,0,27.1098707628,Intel Xeon Gold 6248,Reluctant,863.0075,
1000,10680741,-1.44190982,0.0005809621,0,26.7529556841,Intel Xeon Gold 6248,Reluctant,852.2852,
1000,10752963,-1.51242776,0.0005790549,0,26.6651302699,Intel Xeon Gold 6248,Reluctant,848.4,
1000,10759243,-1.483463,0.000588451,0,27.0978150301,Intel Xeon Gold 6248,Reluctant,866.4878,
1000,10785990,-1.4734294,0.000581575,0,26.7811793609,Intel Xeon Gold 6248,Reluctant,853.0818,
1000,10873220,-1.45481697,0.0005778795,0,26.611003806,Intel Xeon Gold 6248,Reluctant,844.8654,
1000,11037872,-1.48395659,0.0005848872,0,26.9337041811,Intel Xeon Gold 6248,Reluctant,857.2788,
1000,11146941,-1.44446047,0.0005878488,0,27.0700840818,Intel Xeon Gold 6248,Reluctant,858.4755,
1000,11182766,-1.47196072,0.0005876403,0,27.0604827821,Intel Xeon Gold 6248,Reluctant,857.9218,
1000,11251697,-1.49656078,0.0005779789,0,26.6155811163,Intel Xeon Gold 6248,Reluctant,845.8303,
1000,11371769,-1.4724983,0.0005801443,0,26.7152964854,Intel Xeon Gold 6248,Reluctant,852.1819,
1000,11402525,-1.49490465,0.0005871671,0,27.0386922064,Intel Xeon Gold 6248,Reluctant,860.2971,
1000,11412292,-1.50136651,0.0005860593,0,26.9876786819,Intel Xeon Gold 6248,Reluctant,860.1277,
1000,11503114,-1.47985234,0.0005866139,0,27.0132176787,Intel Xeon Gold 6248,Reluctant,859.0213,
1000,11534681,-1.48426989,0.0005834767,0,26.8687515034,Intel Xeon Gold 6248,Reluctant,854.8207,
1000,11605451,-1.46017241,0.0005794791,0,26.6846644251,Intel Xeon Gold 6248,Reluctant,849.6261,
1000,11679033,-1.4495324,0.0005911498,0,27.2220931487,Intel Xeon Gold 6248,Reluctant,838.3105,
1000,11777311,-1.47717267,0.000575886,0,26.5192043287,Intel Xeon Gold 6248,Reluctant,841.4369,
1000,11802495,-1.47813885,0.0005787815,0,26.6525403641,Intel Xeon Gold 6248,Reluctant,849.2413,
1000,11915411,-1.48362272,0.0005788066,0,26.6536962041,Intel Xeon Gold 6248,Reluctant,847.7354,
1000,11960737,-1.47700543,0.0005873635,0,27.0477363084,Intel Xeon Gold 6248,Reluctant,863.2113,
1000,12088959,-1.47176802,0.0005849034,0,26.9344501813,Intel Xeon Gold 6248,Reluctant,852.4036,
1000,12238274,-1.46342567,0.000577299,0,26.5842721298,Intel Xeon Gold 6248,Reluctant,846.6659,
1000,12476934,-1.48515437,0.0005848288,0,26.9310148962,Intel Xeon Gold 6248,Reluctant,856.8045,
1000,12520071,-1.4750144,0.0005862761,0,26.9976621917,Intel Xeon Gold 6248,Reluctant,861.4329,
1000,12531925,-1.47069848,0.0005755067,0,26.5017377915,Intel Xeon Gold 6248,Reluctant,844.9585,
1000,12600313,-1.50270435,0.000587374,0,27.0482198271,Intel Xeon Gold 6248,Reluctant,858.565,
1000,12876033,-1.47085787,0.0005812446,0,26.7659646394,Intel Xeon Gold 6248,Reluctant,850.5645,
1000,12948253,-1.4457752,0.0005767963,0,26.5611230968,Intel Xeon Gold 6248,Reluctant,840.8992,
1000,13046662,-1.50512016,0.0005844131,0,26.9118721609,Intel Xeon Gold 6248,Reluctant,854.556,
1000,13183385,-1.43576334,0.000590731,0,27.2028076603,Intel Xeon Gold 6248,Reluctant,866.4463,
1000,13232651,-1.42798848,0.0005776603,0,26.6009097777,Intel Xeon Gold 6248,Reluctant,845.2771,
1000,13392517,-1.48236142,0.0005820908,0,26.804931641,Intel Xeon Gold 6248,Reluctant,852.3426,
1000,13414790,-1.49517637,0.0005746214,0,26.4609702584,Intel Xeon Gold 6248,Reluctant,837.4664,
1000,13551483,-1.45394073,0.000576048,0,26.5266643313,Intel Xeon Gold 6248,Reluctant,842.8253,
1000,13753649,-1.497172,0.0005855607,0,26.9647184515,Intel Xeon Gold 6248,Reluctant,863.3301,
1000,13928994,-1.46492991,0.0005797342,0,26.6964116268,Intel Xeon Gold 6248,Reluctant,850.1434,
1000,14030140,-1.45429666,0.000580629,0,26.7376166292,Intel Xeon Gold 6248,Reluctant,843.287,
1000,14066739,-1.46746906,0.0005862392,0,26.9959629688,Intel Xeon Gold 6248,Reluctant,855.9768,
1000,14106527,-1.4878182,0.0005797098,0,26.6952880215,Intel Xeon Gold 6248,Reluctant,848.2919,
1000,14207659,-1.44908153,0.0005893109,0,27.1374129085,Intel Xeon Gold 6248,Reluctant,865.6464,
1000,14230092,-1.47005017,0.0005854561,0,26.9599016843,Intel Xeon Gold 6248,Reluctant,857.2772,
1000,14265803,-1.44946653,0.000580042,0,26.7105856319,Intel Xeon Gold 6248,Reluctant,850.9525,
1000,14280208,-1.47239343,0.0005828181,0,26.8384233691,Intel Xeon Gold 6248,Reluctant,851.5215,
1000,14441004,-1.47872908,0.0005842735,0,26.9054436648,Intel Xeon Gold 6248,Reluctant,860.3807,
1000,14542852,-1.47375668,0.0005846725,0,26.923817375,Intel Xeon Gold 6248,Reluctant,855.9334,
1000,14547212,-1.44466425,0.0005819926,0,26.80040959,Intel Xeon Gold 6248,Reluctant,849.4032,
1000,14550708,-1.46543194,0.0005881181,0,27.0824851851,Intel Xeon Gold 6248,Reluctant,860.8958,
1000,14772102,-1.49451144,0.000580734,0,26.7424518162,Intel Xeon Gold 6248,Reluctant,850.051,
1000,15011482,-1.49347762,0.0005856484,0,26.9687569838,Intel Xeon Gold 6248,Reluctant,859.3212,
1000,15037000,-1.48252611,0.00057868,0,26.6478663501,Intel Xeon Gold 6248,Reluctant,842.8372,
1000,15345480,-1.51895731,0.0005806223,0,26.7373080983,Intel Xeon Gold 6248,Reluctant,849.6453,
1000,15446758,-1.48280802,0.0005795196,0,26.6865294257,Intel Xeon Gold 6248,Reluctant,845.6344,
1000,15509635,-1.42824251,0.0005888138,0,27.1145217521,Intel Xeon Gold 6248,Reluctant,865.1103,
1000,15570002,-1.4633538,0.0005817295,0,26.7882939931,Intel Xeon Gold 6248,Reluctant,848.6825,
1000,15709809,-1.46787346,0.0005820422,0,26.8026936402,Intel Xeon Gold 6248,Reluctant,851.7982,
1000,15755754,-1.47510462,0.0005771709,0,26.5783732017,Intel Xeon Gold 6248,Reluctant,844.5118,
1000,15763085,-1.45535597,0.000586928,0,27.027681795,Intel Xeon Gold 6248,Reluctant,855.9991,
1000,15924209,-1.48415565,0.0005789331,0,26.6595214531,Intel Xeon Gold 6248,Reluctant,846.5927,
1000,15981934,-1.45641502,0.0005848206,0,26.9306372911,Intel Xeon Gold 6248,Reluctant,856.9153,
1000,16164239,-1.44955204,0.0005729754,0,26.3851729472,Intel Xeon Gold 6248,Reluctant,839.2859,
1000,16173523,-1.48239553,0.0005794552,0,26.6835638444,Intel Xeon Gold 6248,Reluctant,847.6862,
1000,16248991,-1.46886697,0.0005882716,0,27.0895537678,Intel Xeon Gold 6248,Reluctant,860.852,
1000,16319112,-1.47935933,0.0005779634,0,26.6148673506,Intel Xeon Gold 6248,Reluctant,842.8341,
1000,16350340,-1.48767595,0.0005857199,0,26.9720495158,Intel Xeon Gold 6248,Reluctant,856.6798,
1000,16516882,-1.46876287,0.0005851292,0,26.9448481357,Intel Xeon Gold 6248,Reluctant,857.5877,
1000,16577430,-1.48734973,0.0006024626,0,27.7430407924,Intel Xeon Gold 6248,Reluctant,857.7667,
1000,16600400,-1.46640891,0.0005847625,0,26.927961821,Intel Xeon Gold 6248,Reluctant,860.4839,
1000,16609733,-1.48107011,0.0005787464,0,26.6509240302,Intel Xeon Gold 6248,Reluctant,842.2093,
1000,16657501,-1.48232629,0.0005825376,0,26.8255065126,Intel Xeon Gold 6248,Reluctant,851.7106,
1000,16678332,-1.48858583,0.0005823699,0,26.8177840284,Intel Xeon Gold 6248,Reluctant,856.6398,
1000,16695257,-1.47512937,0.0005840648,0,26.8958331551,Intel Xeon Gold 6248,Reluctant,852.3424,
2744,502033,-1.43069515,0.0012124114,0,55.8308165974,Intel Xeon Gold 6248,Reluctant,2339.1154,
2744,3210623,-1.45201932,0.00121814,0,56.0946151858,Intel Xeon Gold 6248,Reluctant,2344.0493,
2744,4063355,-1.44122135,0.00122728,0,56.5155066949,Intel Xeon Gold 6248,Reluctant,2347.7308,
2744,5105474,-1.41720778,0.0012158612,0,55.9896778149,Intel Xeon Gold 6248,Reluctant,2323.8647,
2744,7711527,-1.44371332,0.0012244344,0,56.3844685244,Intel Xeon Gold 6248,Reluctant,2338.9944,
2744,9551411,-1.44049692,0.0012218972,0,56.2676319887,Intel Xeon Gold 6248,Reluctant,2355.551,
2744,9569658,-1.43457572,0.0012130225,0,55.8589573852,Intel Xeon Gold 6248,Reluctant,2333.28,
2744,11086240,-1.42484842,0.0012196904,0,56.1660101744,Intel Xeon Gold 6248,Reluctant,2335.8144,
2744,14949383,-1.43745955,0.0012232348,0,56.3292276651,Intel Xeon Gold 6248,Reluctant,2347.7832,
2744,16095495,-1.43652127,0.001209694,0,55.7056819599,Intel Xeon Gold 6248,Reluctant,2318.9699,
1000,110046,-1.47167684,0.0003359846,0,15.4718889827,Intel Xeon Gold 6248,Greedy,333.5313,
1000,228274,-1.4628719,0.0003383875,0,15.5825410841,Intel Xeon Gold 6248,Greedy,336.7185,
1000,369954,-1.56236902,0.0003406001,0,15.6844299849,Intel Xeon Gold 6248,Greedy,337.8528,
1000,418527,-1.51728681,0.0003382357,0,15.5755507853,Intel Xeon Gold 6248,Greedy,334.966,
1000,492757,-1.48995426,0.0003390759,0,15.6142414905,Intel Xeon Gold 6248,Greedy,337.2165,
1000,554682,-1.53258193,0.0003364524,0,15.4934308916,Intel Xeon Gold 6248,Greedy,334.489,
1000,624355,-1.55326458,0.0003409423,0,15.7001880893,Intel Xeon Gold 6248,Greedy,338.9623,
1000,631654,-1.54551065,0.0003384266,0,15.5843416156,Intel Xeon Gold 6248,Greedy,337.4844,
1000,654105,-1.49845465,0.0003381445,0,15.5713510801,Intel Xeon Gold 6248,Greedy,332.9555,
1000,658180,-1.5445668,0.0003394067,0,15.6294746318,Intel Xeon Gold 6248,Greedy,337.4685,
1000,983552,-1.54613634,0.0003392586,0,15.6226547158,Intel Xeon Gold 6248,Greedy,336.3093,
1000,984673,-1.53010014,0.0003391983,0,15.619877937,Intel Xeon Gold 6248,Greedy,336.0664,
1000,1010826,-1.52849124,0.0003343507,0,15.3966488693,Intel Xeon Gold 6248,Greedy,335.9208,
1000,1051560,-1.48339637,0.0003344304,0,15.4003190064,Intel Xeon Gold 6248,Greedy,335.7892,
1000,1086364,-1.53311824,0.00044805,0,20.6324333279,Intel Xeon Gold 6248,Greedy,333.0104,
1000,1153328,-1.50421157,0.000338988,0,15.6101937484,Intel Xeon Gold 6248,Greedy,333.8666,
1000,1251908,-1.54409831,0.0003389812,0,15.6098806124,Intel Xeon Gold 6248,Greedy,337.2654,
1000,1430748,-1.52536404,0.0003394643,0,15.6321270772,Intel Xeon Gold 6248,Greedy,339.8357,
1000,1494266,-1.52913198,0.000336898,0,15.5139505039,Intel Xeon Gold 6248,Greedy,334.8427,
1000,1526610,-1.51828315,0.0003386795,0,15.5959875087,Intel Xeon Gold 6248,Greedy,335.3781,
1000,1575578,-1.51893959,0.0003384325,0,15.5846133071,Intel Xeon Gold 6248,Greedy,336.9837,
1000,1631660,-1.52482252,0.0003374176,0,15.5378777718,Intel Xeon Gold 6248,Greedy,334.7734,
1000,1730477,-1.47430851,0.0003999139,0,18.4157948413,Intel Xeon Gold 6248,Greedy,333.4964,
1000,1769991,-1.53851905,0.0003361458,0,15.4793121458,Intel Xeon Gold 6248,Greedy,333.8106,
1000,1791529,-1.52762364,0.0003398955,0,15.6519835782,Intel Xeon Gold 6248,Greedy,335.8267,
1000,1914710,-1.51738881,0.0003392721,0,15.6232763827,Intel Xeon Gold 6248,Greedy,337.2682,
1000,1958910,-1.5507183,0.0003389762,0,15.6096503654,Intel Xeon Gold 6248,Greedy,334.8735,
1000,2094269,-1.51800759,0.0003406449,0,15.6864929979,Intel Xeon Gold 6248,Greedy,337.0916,
1000,2103206,-1.55985286,0.0003397676,0,15.64609386,Intel Xeon Gold 6248,Greedy,339.2316,
1000,2254005,-1.51415342,0.000339194,0,15.6196799246,Intel Xeon Gold 6248,Greedy,337.8466,
1000,2261070,-1.50549072,0.0003375515,0,15.5440437863,Intel Xeon Gold 6248,Greedy,335.2802,
1000,2330819,-1.52883153,0.0004187254,0,19.282053115,Intel Xeon Gold 6248,Greedy,336.2163,
1000,2471202,-1.48035314,0.000338563,0,15.5906227537,Intel Xeon Gold 6248,Greedy,335.8703,
1000,2475263,-1.52208905,0.0003368513,0,15.511799997,Intel Xeon Gold 6248,Greedy,336.3018,
1000,2494091,-1.51970757,0.0003386247,0,15.5934640016,Intel Xeon Gold 6248,Greedy,337.4087,
1000,2575023,-1.52167284,0.0003363977,0,15.4909119895,Intel Xeon Gold 6248,Greedy,333.02,
1000,2622727,-1.50168293,0.0003367019,0,15.5049202168,Intel Xeon Gold 6248,Greedy,333.1934,
1000,2629801,-1.523003,0.0003392824,0,15.6237506915,Intel Xeon Gold 6248,Greedy,336.8246,
1000,2633193,-1.52507272,0.0003380265,0,15.565917251,Intel Xeon Gold 6248,Greedy,334.6867,
1000,2702397,-1.57309431,0.000337596,0,15.5460929846,Intel Xeon Gold 6248,Greedy,335.4827,
1000,2892506,-1.54799959,0.0003387064,0,15.5972262375,Intel Xeon Gold 6248,Greedy,338.0622,
1000,3139424,-1.51230476,0.0003383185,0,15.5793636756,Intel Xeon Gold 6248,Greedy,336.6989,
1000,3212296,-1.54856491,0.0003372478,0,15.5300585838,Intel Xeon Gold 6248,Greedy,335.0679,
1000,3240710,-1.51729325,0.0003396455,0,15.6404712283,Intel Xeon Gold 6248,Greedy,337.1808,
1000,3259621,-1.5127895,0.0003394342,0,15.6307409903,Intel Xeon Gold 6248,Greedy,335.9136,
1000,3328448,-1.50616396,0.000337727,0,15.5521254559,Intel Xeon Gold 6248,Greedy,335.2273,
1000,3396452,-1.52138384,0.0003398893,0,15.6516980719,Intel Xeon Gold 6248,Greedy,336.5392,
1000,3603850,-1.5095452,0.0003384492,0,15.585382332,Intel Xeon Gold 6248,Greedy,336.6902,
1000,3633003,-1.5082036,0.0003392071,0,15.6202831717,Intel Xeon Gold 6248,Greedy,336.8765,
1000,3713812,-1.57294204,0.0003417764,0,15.7385978932,Intel Xeon Gold 6248,Greedy,339.8892,
1000,3727510,-1.52770544,0.000340855,0,15.6961679767,Intel Xeon Gold 6248,Greedy,336.9194,
1000,3730240,-1.54086858,0.0003380667,0,15.5677684368,Intel Xeon Gold 6248,Greedy,334.1744,
1000,3883519,-1.5128093,0.0003394644,0,15.6321316821,Intel Xeon Gold 6248,Greedy,334.7409,
1000,3996225,-1.53186596,0.0003378262,0,15.5566935563,Intel Xeon Gold 6248,Greedy,333.9704,
1000,4030608,-1.53122035,0.000338729,0,15.5982669539,Intel Xeon Gold 6248,Greedy,335.369,
1000,4043709,-1.50466784,0.0003372244,0,15.5289810279,Intel Xeon Gold 6248,Greedy,335.2743,
1000,4068529,-1.50259485,0.0003388054,0,15.6017851281,Intel Xeon Gold 6248,Greedy,336.5802,
1000,4087272,-1.56043241,0.0003408681,0,15.6967712239,Intel Xeon Gold 6248,Greedy,338.7931,
1000,4187807,-1.54753766,0.0003372053,0,15.5281014843,Intel Xeon Gold 6248,Greedy,333.584,
1000,4197361,-1.53697668,0.0003393292,0,15.6259058034,Intel Xeon Gold 6248,Greedy,335.3522,
1000,4490197,-1.53926804,0.0003379946,0,15.5644482752,Intel Xeon Gold 6248,Greedy,334.8682,
1000,4621654,-1.51983761,0.0003381131,0,15.569905129,Intel Xeon Gold 6248,Greedy,335.298,
1000,4911238,-1.56048394,0.0003385025,0,15.587836765,Intel Xeon Gold 6248,Greedy,336.4553,
1000,4931967,-1.54474528,0.0003388923,0,15.6057868208,Intel Xeon Gold 6248,Greedy,336.1232,
1000,4955389,-1.50817728,0.0003386787,0,15.5959506692,Intel Xeon Gold 6248,Greedy,337.5441,
1000,4960753,-1.5090404,0.0003386289,0,15.5936574091,Intel Xeon Gold 6248,Greedy,337.9119,
1000,5049071,-1.5185711,0.0003387791,0,15.6005740289,Intel Xeon Gold 6248,Greedy,337.6675,
1000,5105258,-1.56191504,0.000338983,0,15.6099635014,Intel Xeon Gold 6248,Greedy,335.5541,
1000,5314052,-1.52725164,0.0003382273,0,15.5751639704,Intel Xeon Gold 6248,Greedy,336.0574,
1000,5406329,-1.5371475,0.0003396494,0,15.640650821,Intel Xeon Gold 6248,Greedy,338.1066,
1000,5550256,-1.51994352,0.0003370525,0,15.5210651361,Intel Xeon Gold 6248,Greedy,334.3319,
1000,5551067,-1.50171843,0.0003384055,0,15.5833699733,Intel Xeon Gold 6248,Greedy,334.0823,
1000,5672028,-1.50518962,0.0003382539,0,15.5763888844,Intel Xeon Gold 6248,Greedy,334.3904,
1000,5719349,-1.52471951,0.0003363206,0,15.4873615808,Intel Xeon Gold 6248,Greedy,334.4715,
1000,5913160,-1.50738389,0.0003399355,0,15.6538255541,Intel Xeon Gold 6248,Greedy,337.8599,
1000,5918224,-1.47506268,0.0003374868,0,15.5410643902,Intel Xeon Gold 6248,Greedy,336.9867,
1000,5920270,-1.53726336,0.0003388383,0,15.6033001533,Intel Xeon Gold 6248,Greedy,338.7105,
1000,6007986,-1.50237076,0.0003367894,0,15.5089495392,Intel Xeon Gold 6248,Greedy,333.6327,
1000,6145844,-1.49792183,0.0003409185,0,15.6990921136,Intel Xeon Gold 6248,Greedy,339.0309,
1000,6163735,-1.5287876,0.0003381438,0,15.5713188455,Intel Xeon Gold 6248,Greedy,336.35,
1000,6391497,-1.54378426,0.0003399605,0,15.6549767891,Intel Xeon Gold 6248,Greedy,338.1946,
1000,6397791,-1.55630252,0.0003381462,0,15.5714293641,Intel Xeon Gold 6248,Greedy,335.6241,
1000,6582535,-1.52688202,0.0003380008,0,15.5647337814,Intel Xeon Gold 6248,Greedy,336.1626,
1000,6616820,-1.51890832,0.0003378,0,15.5554870621,Intel Xeon Gold 6248,Greedy,337.313,
1000,6667235,-1.55905764,0.0003385857,0,15.591668075,Intel Xeon Gold 6248,Greedy,336.4384,
1000,6774234,-1.52036339,0.0003383225,0,15.5795478732,Intel Xeon Gold 6248,Greedy,334.6645,
1000,6857733,-1.55024526,0.0003391471,0,15.6175202078,Intel Xeon Gold 6248,Greedy,337.2596,
1000,6893474,-1.52872174,0.0003378235,0,15.5565692229,Intel Xeon Gold 6248,Greedy,335.2155,
1000,6998119,-1.54671543,0.0003397459,0,15.645094588,Intel Xeon Gold 6248,Greedy,337.9401,
1000,7165636,-1.49925852,0.0003380384,0,15.5664652388,Intel Xeon Gold 6248,Greedy,335.2327,
1000,7276912,-1.52497345,0.0003357925,0,15.4630428931,Intel Xeon Gold 6248,Greedy,335.0647,
1000,7296639,-1.51029109,0.0003378675,0,15.5585953965,Intel Xeon Gold 6248,Greedy,337.7698,
1000,7308676,-1.5265251,0.0003380013,0,15.5647568061,Intel Xeon Gold 6248,Greedy,337.0491,
1000,7388150,-1.54724144,0.0003376011,0,15.5463278366,Intel Xeon Gold 6248,Greedy,337.407,
1000,7408152,-1.5388036,0.0003377347,0,15.5524800363,Intel Xeon Gold 6248,Greedy,334.164,
1000,7429274,-1.53619635,0.0003367442,0,15.5068681063,Intel Xeon Gold 6248,Greedy,334.6673,
1000,7778359,-1.54870366,0.0003384697,0,15.5863263447,Intel Xeon Gold 6248,Greedy,336.457,
1000,7923692,-1.4769472,0.0003380898,0,15.568832178,Intel Xeon Gold 6248,Greedy,335.3416,
1000,7981098,-1.56152941,0.0003390977,0,15.6152453674,Intel Xeon Gold 6248,Greedy,337.0728,
1000,8085727,-1.52809508,0.0003387372,0,15.598644559,Intel Xeon Gold 6248,Greedy,338.3739,
1000,8111176,-1.52884302,0.0003374825,0,15.5408663778,Intel Xeon Gold 6248,Greedy,333.6167,
1000,8397304,-1.53877331,0.0003375159,0,15.5424044277,Intel Xeon Gold 6248,Greedy,336.6254,
1000,8421935,-1.51326943,0.000338546,0,15.5898399139,Intel Xeon Gold 6248,Greedy,335.8521,
1000,8453239,-1.5174303,0.0003381981,0,15.5738193279,Intel Xeon Gold 6248,Greedy,335.58,
1000,8453439,-1.54599083,0.0003390406,0,15.6126159468,Intel Xeon Gold 6248,Greedy,337.9767,
1000,8458710,-1.50998393,0.0003387727,0,15.6002793127,Intel Xeon Gold 6248,Greedy,332.8531,
1000,8598692,-1.48447336,0.0003378734,0,15.558867088,Intel Xeon Gold 6248,Greedy,334.8691,
1000,8767273,-1.53193322,0.0003382505,0,15.5762323164,Intel Xeon Gold 6248,Greedy,334.894,
1000,8924713,-1.49898758,0.0003373747,0,15.5359022526,Intel Xeon Gold 6248,Greedy,336.127,
1000,8991508,-1.48285567,0.0003373437,0,15.5344747212,Intel Xeon Gold 6248,Greedy,333.5468,
1000,9015879,-1.52526992,0.0003379846,0,15.5639877812,Intel Xeon Gold 6248,Greedy,334.8067,
1000,9067352,-1.50126519,0.0004000806,0,18.4234712761,Intel Xeon Gold 6248,Greedy,333.7379,
1000,9175173,-1.49619348,0.0003376223,0,15.5473040838,Intel Xeon Gold 6248,Greedy,333.1441,
1000,9181537,-1.49105391,0.0003389069,0,15.6064591421,Intel Xeon Gold 6248,Greedy,335.1947,
1000,9182308,-1.53307644,0.0004052915,0,18.6634300906,Intel Xeon Gold 6248,Greedy,338.9016,
1000,9335413,-1.52352593,0.0003384568,0,15.5857323075,Intel Xeon Gold 6248,Greedy,333.6512,
1000,9469999,-1.52561655,0.0003386307,0,15.593740298,Intel Xeon Gold 6248,Greedy,337.2018,
1000,9510406,-1.52769886,0.0003378804,0,15.5591894338,Intel Xeon Gold 6248,Greedy,335.9339,
1000,9516964,-1.4941637,0.0003385318,0,15.5891860124,Intel Xeon Gold 6248,Greedy,336.2354,
1000,9692062,-1.55448188,0.0003390391,0,15.6125468727,Intel Xeon Gold 6248,Greedy,337.0077,
1000,9721192,-1.52658149,0.0003371296,0,15.5246155448,Intel Xeon Gold 6248,Greedy,333.4465,
1000,9732497,-1.53848083,0.0003397479,0,15.6451866868,Intel Xeon Gold 6248,Greedy,336.9577,
1000,9807541,-1.51574229,0.0003370995,0,15.5232294579,Intel Xeon Gold 6248,Greedy,335.1597,
1000,10016117,-1.49073282,0.0003361848,0,15.4811080724,Intel Xeon Gold 6248,Greedy,335.1606,
1000,10289415,-1.52004948,0.0003334316,0,15.3543248664,Intel Xeon Gold 6248,Greedy,337.6148,
1000,10303962,-1.51958405,0.000335579,0,15.4532113464,Intel Xeon Gold 6248,Greedy,333.2424,
1000,10321011,-1.57868854,0.0003350245,0,15.4276769545,Intel Xeon Gold 6248,Greedy,336.82,
1000,10492586,-1.52298167,0.0003349998,0,15.4265395343,Intel Xeon Gold 6248,Greedy,336.7837,
1000,10617787,-1.49720813,0.0003342991,0,15.3942727203,Intel Xeon Gold 6248,Greedy,336.0239,
1000,10680741,-1.48307611,0.0003361734,0,15.4805831093,Intel Xeon Gold 6248,Greedy,336.2027,
1000,10752963,-1.55853575,0.0003350387,0,15.4283308559,Intel Xeon Gold 6248,Greedy,335.8141,
1000,10759243,-1.53089262,0.0003361636,0,15.4801318251,Intel Xeon Gold 6248,Greedy,338.9804,
1000,10785990,-1.52441947,0.0006718987,0,30.9405314827,Intel Xeon Gold 6248,Greedy,334.4561,
1000,10873220,-1.48661729,0.0003356417,0,15.4560986437,Intel Xeon Gold 6248,Greedy,334.8697,
1000,11037872,-1.52810618,0.0003377628,0,15.5537740244,Intel Xeon Gold 6248,Greedy,339.5255,
1000,11146941,-1.49198985,0.000337188,0,15.5273048297,Intel Xeon Gold 6248,Greedy,335.442,
1000,11182766,-1.52275535,0.000338488,0,15.5871690487,Intel Xeon Gold 6248,Greedy,337.3159,
1000,11251697,-1.53798899,0.0003357054,0,15.4590319904,Intel Xeon Gold 6248,Greedy,333.1773,
1000,11371769,-1.52152685,0.0003354602,0,15.4477406777,Intel Xeon Gold 6248,Greedy,336.3223,
1000,11402525,-1.52649685,0.0003368541,0,15.5119289353,Intel Xeon Gold 6248,Greedy,336.3379,
1000,11412292,-1.55483176,0.0003374053,0,15.5373113642,Intel Xeon Gold 6248,Greedy,336.6415,
1000,11503114,-1.52879502,0.0003389757,0,15.6096273407,Intel Xeon Gold 6248,Greedy,336.7067,
1000,11534681,-1.52028599,0.0003404874,0,15.6792402176,Intel Xeon Gold 6248,Greedy,336.1825,
1000,11605451,-1.51774906,0.0003392562,0,15.6225441972,Intel Xeon Gold 6248,Greedy,337.1002,
1000,11679033,-1.49960979,0.0003371085,0,15.5236439025,Intel Xeon Gold 6248,Greedy,332.9213,
1000,11777311,-1.51943583,0.0003348755,0,15.420815594,Intel Xeon Gold 6248,Greedy,332.6099,
1000,11802495,-1.51968198,0.0003386571,0,15.5949560021,Intel Xeon Gold 6248,Greedy,339.0231,
1000,11915411,-1.50841941,0.0003370149,0,15.5193336787,Intel Xeon Gold 6248,Greedy,334.432,
1000,11960737,-1.51906948,0.0003375271,0,15.542920181,Intel Xeon Gold 6248,Greedy,335.5226,
1000,12088959,-1.53112633,0.0003378497,0,15.5577757172,Intel Xeon Gold 6248,Greedy,336.8912,
1000,12238274,-1.498933,0.0004198573,0,19.33417643,Intel Xeon Gold 6248,Greedy,333.988,
1000,12476934,-1.52456292,0.0003373228,0,15.5335122887,Intel Xeon Gold 6248,Greedy,336.4703,
1000,12520071,-1.51250867,0.0003392993,0,15.6245289263,Intel Xeon Gold 6248,Greedy,335.5374,
1000,12531925,-1.5200398,0.0003354875,0,15.4489978263,Intel Xeon Gold 6248,Greedy,334.3496,
1000,12600313,-1.52940596,0.0003391473,0,15.6175294177,Intel Xeon Gold 6248,Greedy,335.7563,
1000,12876033,-1.52680037,0.0003376881,0,15.5503341343,Intel Xeon Gold 6248,Greedy,335.7866,
1000,12948253,-1.50893581,0.0003389667,0,15.6092128961,Intel Xeon Gold 6248,Greedy,336.8428,
1000,13046662,-1.55773159,0.0003387747,0,15.6003714115,Intel Xeon Gold 6248,Greedy,336.1648,
1000,13183385,-1.49043237,0.0003381365,0,15.5709826849,Intel Xeon Gold 6248,Greedy,336.8681,
1000,13232651,-1.47409823,0.0003382698,0,15.5771210698,Intel Xeon Gold 6248,Greedy,336.0683,
1000,13392517,-1.53320163,0.0003373704,0,15.5357042401,Intel Xeon Gold 6248,Greedy,336.3531,
1000,13414790,-1.55094144,0.0003360298,0,15.4739704155,Intel Xeon Gold 6248,Greedy,333.7605,
1000,13551483,-1.51264065,0.0003359263,0,15.4692043027,Intel Xeon Gold 6248,Greedy,334.0521,
1000,13753649,-1.51510272,0.000338021,0,15.5656639793,Intel Xeon Gold 6248,Greedy,338.503,
1000,13928994,-1.50035863,0.000337883,0,15.5593091622,Intel Xeon Gold 6248,Greedy,335.2446,
1000,14030140,-1.49811315,0.0003376426,0,15.5482388866,Intel Xeon Gold 6248,Greedy,333.783,
1000,14066739,-1.50803066,0.0003382149,0,15.5745929578,Intel Xeon Gold 6248,Greedy,335.1837,
1000,14106527,-1.5408561,0.0003391236,0,15.6164380469,Intel Xeon Gold 6248,Greedy,334.4507,
1000,14207659,-1.47878851,0.0003386369,0,15.5940258043,Intel Xeon Gold 6248,Greedy,336.3846,
1000,14230092,-1.52363251,0.0003384533,0,15.5855711346,Intel Xeon Gold 6248,Greedy,335.0366,
1000,14265803,-1.49930766,0.0003385612,0,15.5905398648,Intel Xeon Gold 6248,Greedy,336.4448,
1000,14280208,-1.52326083,0.0003363985,0,15.490948829,Intel Xeon Gold 6248,Greedy,335.3278,
1000,14441004,-1.52626389,0.0003385865,0,15.5917049146,Intel Xeon Gold 6248,Greedy,337.0235,
1000,14542852,-1.53398692,0.000338496,0,15.5875374439,Intel Xeon Gold 6248,Greedy,335.5807,
1000,14547212,-1.49259603,0.0003360941,0,15.4769313919,Intel Xeon Gold 6248,Greedy,334.1772,
1000,14550708,-1.50772707,0.0003382986,0,15.5784472925,Intel Xeon Gold 6248,Greedy,336.2944,
1000,14772102,-1.54767359,0.0003378691,0,15.5586690755,Intel Xeon Gold 6248,Greedy,336.201,
1000,15011482,-1.55897696,0.0003370196,0,15.5195501109,Intel Xeon Gold 6248,Greedy,335.0645,
1000,15037000,-1.52465636,0.0003364563,0,15.4936104843,Intel Xeon Gold 6248,Greedy,333.6688,
1000,15345480,-1.57278809,0.0003371222,0,15.5242747793,Intel Xeon Gold 6248,Greedy,336.7695,
1000,15446758,-1.52346257,0.000335918,0,15.4688220927,Intel Xeon Gold 6248,Greedy,333.6574,
1000,15509635,-1.46446204,0.0003392437,0,7.81059370159,Intel Xeon Gold 6248,Greedy,337.2258,
1000,15570002,-1.50997298,0.0003388383,0,15.6033001533,Intel Xeon Gold 6248,Greedy,336.361,
1000,15709809,-1.49207125,0.0003400881,0,15.6608526925,Intel Xeon Gold 6248,Greedy,336.216,
1000,15755754,-1.52816909,0.0003406774,0,15.6879896034,Intel Xeon Gold 6248,Greedy,338.185,
1000,15763085,-1.47554275,0.0003381216,0,15.5702965489,Intel Xeon Gold 6248,Greedy,335.7746,
1000,15924209,-1.54433298,0.0003369498,0,15.5163358628,Intel Xeon Gold 6248,Greedy,335.1704,
1000,15981934,-1.51061162,0.0003385424,0,15.5896741361,Intel Xeon Gold 6248,Greedy,337.1091,
1000,16164239,-1.51846938,0.000337352,0,15.5348569312,Intel Xeon Gold 6248,Greedy,334.9954,
1000,16173523,-1.5365851,0.0003374313,0,15.5385086486,Intel Xeon Gold 6248,Greedy,335.4062,
1000,16248991,-1.51503662,0.000339111,0,15.6158578245,Intel Xeon Gold 6248,Greedy,337.26,
1000,16319112,-1.54356143,0.0003352193,0,15.4366473774,Intel Xeon Gold 6248,Greedy,332.1337,
1000,16350340,-1.53461476,0.0003399766,0,15.6557181844,Intel Xeon Gold 6248,Greedy,337.5007,
1000,16516882,-1.54181704,0.0003383973,0,15.5829923682,Intel Xeon Gold 6248,Greedy,336.57,
1000,16577430,-1.52130019,0.0003383983,0,15.5830384176,Intel Xeon Gold 6248,Greedy,337.0369,
1000,16600400,-1.5103218,0.0003372966,0,15.5323057945,Intel Xeon Gold 6248,Greedy,337.9104,
1000,16609733,-1.53096593,0.0003988322,0,18.3659832061,Intel Xeon Gold 6248,Greedy,334.5129,
1000,16657501,-1.51592567,0.0003371796,0,15.5269180148,Intel Xeon Gold 6248,Greedy,335.3789,
1000,16678332,-1.52344565,0.0003380329,0,15.5662119671,Intel Xeon Gold 6248,Greedy,337.5378,
1000,16695257,-1.52067229,0.000338676,0,15.5958263358,Intel Xeon Gold 6248,Greedy,337.6838,
2744,502033,-1.47559591,0.0006671696,0,30.7227592688,Intel Xeon Gold 6248,Greedy,921.091,
2744,3210623,-1.50787995,0.0006713822,0,30.916746968,Intel Xeon Gold 6248,Greedy,924.7181,
2744,4063355,-1.4984905,0.000671833,0,30.9375060372,Intel Xeon Gold 6248,Greedy,923.0592,
2744,5105474,-1.47355297,0.0006634713,0,30.5524547756,Intel Xeon Gold 6248,Greedy,918.152,
2744,7711527,-1.50235748,0.000666094,0,30.673228535,Intel Xeon Gold 6248,Greedy,923.6968,
2744,9551411,-1.48842659,0.0006668499,0,30.7080372759,Intel Xeon Gold 6248,Greedy,926.0401,
2744,9569658,-1.48561797,0.0006678263,0,30.7529999093,Intel Xeon Gold 6248,Greedy,922.2723,
2744,11086240,-1.47514337,0.0006656002,0,30.6504893416,Intel Xeon Gold 6248,Greedy,921.7204,
2744,14949383,-1.4655788,0.000670655,0,30.8832598449,Intel Xeon Gold 6248,Greedy,921.693,
2744,16095495,-1.4870181,0.0006675972,0,30.7424499919,Intel Xeon Gold 6248,Greedy,919.8812,
1000,110046,-1.4428165,0.0001641851,0,7.56062521857,Intel Xeon Gold 6248,Random,466.6762,
1000,228274,-1.43435717,0.0001623965,0,7.4782612631,Intel Xeon Gold 6248,Random,468.6147,
1000,369954,-1.51802185,0.0001640112,0,7.55261722804,Intel Xeon Gold 6248,Random,470.5681,
1000,418527,-1.48917039,0.0001629769,0,7.50498833441,Intel Xeon Gold 6248,Random,467.2155,
1000,492757,-1.47279272,0.0001631354,0,7.51228716419,Intel Xeon Gold 6248,Random,469.0283,
1000,554682,-1.51013975,0.0001618289,0,7.45212362409,Intel Xeon Gold 6248,Random,466.5553,
1000,624355,-1.51705966,0.0001632349,0,7.51686907942,Intel Xeon Gold 6248,Random,470.5911,
1000,631654,-1.49624337,0.0001637752,0,7.54174956982,Intel Xeon Gold 6248,Random,468.6462,
1000,654105,-1.45869093,0.0001627918,0,7.49646459061,Intel Xeon Gold 6248,Random,464.0034,
1000,658180,-1.53010908,0.0001635892,0,7.53318438156,Intel Xeon Gold 6248,Random,470.9754,
1000,983552,-1.52455084,0.0001616969,0,7.44604510339,Intel Xeon Gold 6248,Random,469.0079,
1000,984673,-1.50283455,0.000163803,0,7.54302974312,Intel Xeon Gold 6248,Random,469.2956,
1000,1010826,-1.50361308,0.0001633115,0,7.5203964634,Intel Xeon Gold 6248,Random,468.8334,
1000,1051560,-1.45772412,0.0001641532,0,7.55915624273,Intel Xeon Gold 6248,Random,470.1559,
1000,1086364,-1.50459087,0.0001630155,0,7.50676584122,Intel Xeon Gold 6248,Random,464.8237,
1000,1153328,-1.47147365,0.0001635474,0,7.53125951668,Intel Xeon Gold 6248,Random,466.5081,
1000,1251908,-1.51570553,0.0001646739,0,7.58313416492,Intel Xeon Gold 6248,Random,470.433,
1000,1430748,-1.50025799,0.0001646909,0,7.5839170047,Intel Xeon Gold 6248,Random,474.4926,
1000,1494266,-1.50811838,0.0001627291,0,7.49357729328,Intel Xeon Gold 6248,Random,465.2319,
1000,1526610,-1.48500286,0.0001631932,0,7.51494881947,Intel Xeon Gold 6248,Random,468.1576,
1000,1575578,-1.48839425,0.0001632628,0,7.51815385765,Intel Xeon Gold 6248,Random,469.053,
1000,1631660,-1.49246731,0.0001616651,0,7.44458073249,Intel Xeon Gold 6248,Random,466.4238,
1000,1730477,-1.45288785,0.0001623997,0,7.47840862117,Intel Xeon Gold 6248,Random,466.0741,
1000,1769991,-1.51153034,0.0001619939,0,7.45972177496,Intel Xeon Gold 6248,Random,463.5227,
1000,1791529,-1.49705814,0.0001633992,0,7.52443499571,Intel Xeon Gold 6248,Random,467.7302,
1000,1914710,-1.49022542,0.0001625473,0,7.4852055125,Intel Xeon Gold 6248,Random,470.6636,
1000,1958910,-1.52366907,0.0001636934,0,7.53798272897,Intel Xeon Gold 6248,Random,466.9657,
1000,2094269,-1.47446239,0.0001640882,0,7.55616303178,Intel Xeon Gold 6248,Random,471.7886,
1000,2103206,-1.53848371,0.000163984,0,7.55136468438,Intel Xeon Gold 6248,Random,472.6272,
1000,2254005,-1.48898566,0.0001636394,0,7.53549606141,Intel Xeon Gold 6248,Random,472.4827,
1000,2261070,-1.46923649,0.0001629884,0,7.5055179025,Intel Xeon Gold 6248,Random,468.1438,
1000,2330819,-1.51709044,0.0001628255,0,7.49801645537,Intel Xeon Gold 6248,Random,468.4002,
1000,2471202,-1.46085234,0.0001628836,0,7.50069192546,Intel Xeon Gold 6248,Random,467.6367,
1000,2475263,-1.48060227,0.0001619481,0,7.45761271248,Intel Xeon Gold 6248,Random,468.2504,
1000,2494091,-1.49339106,0.0001626915,0,7.49184583587,Intel Xeon Gold 6248,Random,471.313,
1000,2575023,-1.49202182,0.0001616332,0,7.44311175666,Intel Xeon Gold 6248,Random,463.4139,
1000,2622727,-1.48517389,0.0001621182,0,7.46544571529,Intel Xeon Gold 6248,Random,463.657,
1000,2629801,-1.49973217,0.0001629081,0,7.50182013574,Intel Xeon Gold 6248,Random,471.8052,
1000,2633193,-1.49646889,0.0001620156,0,7.46072104693,Intel Xeon Gold 6248,Random,466.4668,
1000,2702397,-1.51947623,0.0001617131,0,7.44679110366,Intel Xeon Gold 6248,Random,467.4406,
1000,2892506,-1.51202919,0.0001624028,0,7.47855137431,Intel Xeon Gold 6248,Random,472.0239,
1000,3139424,-1.48910767,0.0001637816,0,7.54204428598,Intel Xeon Gold 6248,Random,469.0078,
1000,3212296,-1.50607206,0.0001618235,0,7.45187495733,Intel Xeon Gold 6248,Random,466.2273,
1000,3240710,-1.49672749,0.0001630113,0,7.50657243375,Intel Xeon Gold 6248,Random,471.3193,
1000,3259621,-1.49459062,0.0001638399,0,7.54472896595,Intel Xeon Gold 6248,Random,469.2542,
1000,3328448,-1.48933142,0.0001624122,0,7.47898423866,Intel Xeon Gold 6248,Random,467.115,
1000,3396452,-1.49215945,0.0001632747,0,7.51870184551,Intel Xeon Gold 6248,Random,468.8209,
1000,3603850,-1.48615064,0.0001630476,0,7.50824402694,Intel Xeon Gold 6248,Random,469.075,
1000,3633003,-1.48034402,0.0001640252,0,7.55326191963,Intel Xeon Gold 6248,Random,470.7791,
1000,3713812,-1.53303617,0.0001648881,0,7.59299794623,Intel Xeon Gold 6248,Random,475.9181,
1000,3727510,-1.49019564,0.0001635237,0,7.53016814591,Intel Xeon Gold 6248,Random,471.1058,
1000,3730240,-1.51151273,0.0001622667,0,7.47228405107,Intel Xeon Gold 6248,Random,465.8841,
1000,3883519,-1.476221,0.0001622553,0,7.47175908792,Intel Xeon Gold 6248,Random,467.5391,
1000,3996225,-1.51526386,0.0001623908,0,7.47799878152,Intel Xeon Gold 6248,Random,464.3685,
1000,4030608,-1.49493301,0.0001626531,0,7.49007753894,Intel Xeon Gold 6248,Random,468.384,
1000,4043709,-1.4852396,0.0001615596,0,7.43972252087,Intel Xeon Gold 6248,Random,467.803,
1000,4068529,-1.46838986,0.0001617071,0,7.44651480726,Intel Xeon Gold 6248,Random,470.3313,
1000,4087272,-1.54114554,0.0001635887,0,7.53316135687,Intel Xeon Gold 6248,Random,473.1186,
1000,4187807,-1.50839526,0.0001624996,0,7.48300895616,Intel Xeon Gold 6248,Random,466.4205,
1000,4197361,-1.48691326,0.0001629479,0,7.50365290183,Intel Xeon Gold 6248,Random,468.9164,
1000,4490197,-1.52815586,0.0001627735,0,7.49562188661,Intel Xeon Gold 6248,Random,466.4015,
1000,4621654,-1.49888585,0.0001615253,0,7.43814302648,Intel Xeon Gold 6248,Random,466.8653,
1000,4911238,-1.52611351,0.0001628488,0,7.49908940637,Intel Xeon Gold 6248,Random,470.781,
1000,4931967,-1.50700974,0.0001629338,0,7.50300360531,Intel Xeon Gold 6248,Random,467.7499,
1000,4955389,-1.48721589,0.0001635125,0,7.52965239264,Intel Xeon Gold 6248,Random,471.4465,
1000,4960753,-1.47186429,0.0001634585,0,7.52716572508,Intel Xeon Gold 6248,Random,471.893,
1000,5049071,-1.48480333,0.0001632102,0,7.51573165925,Intel Xeon Gold 6248,Random,471.1553,
1000,5105258,-1.54065006,0.0001628245,0,7.49797040597,Intel Xeon Gold 6248,Random,467.6795,
1000,5314052,-1.49987203,0.0001630291,0,7.50739211305,Intel Xeon Gold 6248,Random,469.4565,
1000,5406329,-1.52562985,0.0001637435,0,7.54028980387,Intel Xeon Gold 6248,Random,472.9615,
1000,5550256,-1.49235428,0.0001621754,0,7.46807974092,Intel Xeon Gold 6248,Random,466.7896,
1000,5551067,-1.4774452,0.0001624166,0,7.47918685602,Intel Xeon Gold 6248,Random,466.556,
1000,5672028,-1.4743788,0.0001621206,0,7.46555623385,Intel Xeon Gold 6248,Random,467.2991,
1000,5719349,-1.47469301,0.0001616209,0,7.44254534905,Intel Xeon Gold 6248,Random,465.9755,
1000,5913160,-1.48507928,0.0001636812,0,7.53742092629,Intel Xeon Gold 6248,Random,472.4089,
1000,5918224,-1.45099724,0.0001629717,0,7.50474887754,Intel Xeon Gold 6248,Random,471.3971,
1000,5920270,-1.51031909,0.0001636794,0,7.53733803738,Intel Xeon Gold 6248,Random,471.8882,
1000,6007986,-1.47209911,0.0001613002,0,7.42777730671,Intel Xeon Gold 6248,Random,466.0611,
1000,6145844,-1.46744527,0.0001637505,0,7.54061214966,Intel Xeon Gold 6248,Random,473.039,
1000,6163735,-1.49093256,0.000162619,0,7.48850725443,Intel Xeon Gold 6248,Random,470.3438,
1000,6391497,-1.52361687,0.0001634864,0,7.52845050332,Intel Xeon Gold 6248,Random,472.8511,
1000,6397791,-1.51562277,0.0001627035,0,7.49239842866,Intel Xeon Gold 6248,Random,468.1009,
1000,6582535,-1.49006107,0.0001621147,0,7.46528454239,Intel Xeon Gold 6248,Random,467.8464,
1000,6616820,-1.50905301,0.0001621042,0,7.4648010237,Intel Xeon Gold 6248,Random,470.8732,
1000,6667235,-1.52370621,0.0001632188,0,7.51612768409,Intel Xeon Gold 6248,Random,468.0265,
1000,6774234,-1.48811734,0.000162723,0,7.49329639195,Intel Xeon Gold 6248,Random,468.3699,
1000,6857733,-1.5108533,0.0001619588,0,7.45810544105,Intel Xeon Gold 6248,Random,468.7357,
1000,6893474,-1.50568678,0.0001629936,0,7.50575735938,Intel Xeon Gold 6248,Random,468.3223,
1000,6998119,-1.52369301,0.0001632795,0,7.51892288262,Intel Xeon Gold 6248,Random,472.4749,
1000,7165636,-1.46279096,0.000162519,0,7.4839023145,Intel Xeon Gold 6248,Random,467.6,
1000,7276912,-1.49740369,0.0001614104,0,7.43285195051,Intel Xeon Gold 6248,Random,467.4274,
1000,7296639,-1.49393944,0.0001634337,0,7.52602369998,Intel Xeon Gold 6248,Random,472.0928,
1000,7308676,-1.50776167,0.0001618985,0,7.45532866228,Intel Xeon Gold 6248,Random,469.7892,
1000,7388150,-1.51390205,0.0001614611,0,7.43518665505,Intel Xeon Gold 6248,Random,470.3423,
1000,7408152,-1.49760719,0.0001621885,0,7.46868298805,Intel Xeon Gold 6248,Random,464.8022,
1000,7429274,-1.50058604,0.0001621946,0,7.46896388939,Intel Xeon Gold 6248,Random,468.1583,
1000,7778359,-1.53487721,0.0001619562,0,7.45798571261,Intel Xeon Gold 6248,Random,467,
1000,7923692,-1.45791543,0.0001622973,0,7.47369316269,Intel Xeon Gold 6248,Random,469.3316,
1000,7981098,-1.5261177,0.0001628525,0,7.49925978915,Intel Xeon Gold 6248,Random,468.8578,
1000,8085727,-1.50749587,0.000163409,0,7.52488627982,Intel Xeon Gold 6248,Random,472.1398,
1000,8111176,-1.49524377,0.0001630132,0,7.5066599276,Intel Xeon Gold 6248,Random,465.7145,
1000,8397304,-1.51849785,0.0001618518,0,7.45317815533,Intel Xeon Gold 6248,Random,470.2628,
1000,8421935,-1.48089865,0.000161328,0,7.42905748001,Intel Xeon Gold 6248,Random,468.0122,
1000,8453239,-1.48356016,0.0001626072,0,7.48796387151,Intel Xeon Gold 6248,Random,469.2364,
1000,8453439,-1.52765771,0.0001630935,0,7.51035769436,Intel Xeon Gold 6248,Random,470.4053,
1000,8458710,-1.494694,0.000162637,0,7.48933614361,Intel Xeon Gold 6248,Random,464.0575,
1000,8598692,-1.4642214,0.0001621676,0,7.46772055561,Intel Xeon Gold 6248,Random,468.2515,
1000,8767273,-1.49409669,0.0001612389,0,7.42495447854,Intel Xeon Gold 6248,Random,468.1456,
1000,8924713,-1.4763566,0.0001624509,0,7.48076635041,Intel Xeon Gold 6248,Random,470.3344,
1000,8991508,-1.45631589,0.0001615841,0,7.44085073116,Intel Xeon Gold 6248,Random,465.8823,
1000,9015879,-1.5118062,0.0001623009,0,7.47385894053,Intel Xeon Gold 6248,Random,467.6088,
1000,9067352,-1.48480632,0.0001614013,0,7.43243290098,Intel Xeon Gold 6248,Random,465.0946,
1000,9175173,-1.47227431,0.0001606985,0,7.40006938319,Intel Xeon Gold 6248,Random,465.1726,
1000,9181537,-1.47031306,0.0001637112,0,7.53880240827,Intel Xeon Gold 6248,Random,468.4091,
1000,9182308,-1.51908334,0.0001624625,0,7.48130052345,Intel Xeon Gold 6248,Random,472.0999,
1000,9335413,-1.49912393,0.0001608485,0,7.40697679308,Intel Xeon Gold 6248,Random,464.882,
1000,9469999,-1.49927655,0.0001624118,0,7.4789658189,Intel Xeon Gold 6248,Random,470.4316,
1000,9510406,-1.49649631,0.0001617422,0,7.44813114118,Intel Xeon Gold 6248,Random,469.1361,
1000,9516964,-1.46024985,0.0001611586,0,7.42125671178,Intel Xeon Gold 6248,Random,466.9936,
1000,9692062,-1.52019433,0.0001631714,0,7.51394494256,Intel Xeon Gold 6248,Random,468.5987,
1000,9721192,-1.50304581,0.0001616294,0,7.44293676894,Intel Xeon Gold 6248,Random,466.5523,
1000,9732497,-1.51147224,0.0001624495,0,7.48070188126,Intel Xeon Gold 6248,Random,469.0015,
1000,9807541,-1.48608922,0.0001605684,0,7.39407835635,Intel Xeon Gold 6248,Random,466.6395,
1000,10016117,-1.46935222,0.0001633355,0,7.52150164898,Intel Xeon Gold 6248,Random,468.0705,
1000,10289415,-1.48278069,0.0001652804,0,7.61106312555,Intel Xeon Gold 6248,Random,470.9655,
1000,10303962,-1.4932335,0.0001639153,0,7.54820109066,Intel Xeon Gold 6248,Random,464.5999,
1000,10321011,-1.5391577,0.0001648633,0,7.59185592113,Intel Xeon Gold 6248,Random,470.673,
1000,10492586,-1.48263778,0.0001646605,0,7.58251710297,Intel Xeon Gold 6248,Random,470.0762,
1000,10617787,-1.46998202,0.0001636821,0,7.53746237075,Intel Xeon Gold 6248,Random,470.0357,
1000,10680741,-1.46542437,0.0001629798,0,7.50512187767,Intel Xeon Gold 6248,Random,467.4877,
1000,10752963,-1.53819257,0.0001633974,0,7.52435210679,Intel Xeon Gold 6248,Random,467.5853,
1000,10759243,-1.50318648,0.000164239,0,7.56310728119,Intel Xeon Gold 6248,Random,473.6281,
1000,10785990,-1.50694884,0.0001642085,0,7.56170277451,Intel Xeon Gold 6248,Random,466.9905,
1000,10873220,-1.44806032,0.0001629834,0,7.50528765551,Intel Xeon Gold 6248,Random,465.9671,
1000,11037872,-1.51172412,0.0001651097,0,7.6032024931,Intel Xeon Gold 6248,Random,472.9023,
1000,11146941,-1.46704968,0.0001647496,0,7.58662010444,Intel Xeon Gold 6248,Random,467.6702,
1000,11182766,-1.49159657,0.00016457,0,7.57834963234,Intel Xeon Gold 6248,Random,470.2481,
1000,11251697,-1.5125697,0.0001637782,0,7.54188771802,Intel Xeon Gold 6248,Random,464.3237,
1000,11371769,-1.50646897,0.0001638347,0,7.54448950908,Intel Xeon Gold 6248,Random,468.4228,
1000,11402525,-1.51106056,0.0001649575,0,7.59619377454,Intel Xeon Gold 6248,Random,469.6439,
1000,11412292,-1.53005733,0.0001635174,0,7.5298780347,Intel Xeon Gold 6248,Random,470.6696,
1000,11503114,-1.49617027,0.0001643577,0,7.56857334488,Intel Xeon Gold 6248,Random,471.2378,
1000,11534681,-1.49315007,0.0001638355,0,7.5445263486,Intel Xeon Gold 6248,Random,469.3376,
1000,11605451,-1.4745863,0.0001638834,0,7.54673211482,Intel Xeon Gold 6248,Random,470.2521,
1000,11679033,-1.46586485,0.0001633028,0,7.51999583362,Intel Xeon Gold 6248,Random,464.2838,
1000,11777311,-1.4959212,0.0001632426,0,7.51722365979,Intel Xeon Gold 6248,Random,463.8537,
1000,11802495,-1.50198708,0.0001646717,0,7.58303285624,Intel Xeon Gold 6248,Random,471.7499,
1000,11915411,-1.49104567,0.0001638916,0,7.54710971989,Intel Xeon Gold 6248,Random,467.0528,
1000,11960737,-1.49002883,0.0001631458,0,7.51276607794,Intel Xeon Gold 6248,Random,470.4598,
1000,12088959,-1.49441812,0.0001641917,0,7.5609291446,Intel Xeon Gold 6248,Random,468.5026,
1000,12238274,-1.46868167,0.0001626205,0,7.48857632852,Intel Xeon Gold 6248,Random,465.7948,
1000,12476934,-1.50497661,0.0001643085,0,7.56630771444,Intel Xeon Gold 6248,Random,469.7359,
1000,12520071,-1.49575463,0.0001646393,0,7.5815408557,Intel Xeon Gold 6248,Random,469.416,
1000,12531925,-1.4959346,0.0001645463,0,7.57725826157,Intel Xeon Gold 6248,Random,466.0401,
1000,12600313,-1.49952509,0.0001640638,0,7.55503942644,Intel Xeon Gold 6248,Random,468.6995,
1000,12876033,-1.48955255,0.0001636048,0,7.53390275219,Intel Xeon Gold 6248,Random,468.189,
1000,12948253,-1.47456864,0.0001626678,0,7.49075446511,Intel Xeon Gold 6248,Random,467.06,
1000,13046662,-1.52481486,0.0001626843,0,7.4915142802,Intel Xeon Gold 6248,Random,468.2609,
1000,13183385,-1.45629709,0.0001641719,0,7.5600173665,Intel Xeon Gold 6248,Random,471.2721,
1000,13232651,-1.45319408,0.0001644078,0,7.57088041978,Intel Xeon Gold 6248,Random,468.2288,
1000,13392517,-1.50104795,0.0001635475,0,7.53126412162,Intel Xeon Gold 6248,Random,468.9935,
1000,13414790,-1.50946061,0.0001632517,0,7.51764270932,Intel Xeon Gold 6248,Random,463.4448,
1000,13551483,-1.4762846,0.0001624077,0,7.47877701637,Intel Xeon Gold 6248,Random,465.4218,
1000,13753649,-1.50543491,0.0001635312,0,7.53051351641,Intel Xeon Gold 6248,Random,473.455,
1000,13928994,-1.47568594,0.000163646,0,7.53579998744,Intel Xeon Gold 6248,Random,467.6927,
1000,14030140,-1.46934342,0.0001632417,0,7.51718221533,Intel Xeon Gold 6248,Random,464.3949,
1000,14066739,-1.48361176,0.0001644416,0,7.57243688947,Intel Xeon Gold 6248,Random,468.6768,
1000,14106527,-1.50020962,0.0001631101,0,7.51112211439,Intel Xeon Gold 6248,Random,465.9944,
1000,14207659,-1.45870553,0.0001632191,0,7.51614149891,Intel Xeon Gold 6248,Random,472.0047,
1000,14230092,-1.48784086,0.0001643465,0,7.56805759161,Intel Xeon Gold 6248,Random,468.7104,
1000,14265803,-1.45398367,0.0001635628,0,7.53196867743,Intel Xeon Gold 6248,Random,469.4329,
1000,14280208,-1.49602789,0.000163484,0,7.52833998477,Intel Xeon Gold 6248,Random,467.8067,
1000,14441004,-1.51262058,0.0001634718,0,7.52777818209,Intel Xeon Gold 6248,Random,470.8255,
1000,14542852,-1.49270977,0.0001634362,0,7.52613882348,Intel Xeon Gold 6248,Random,468.7441,
1000,14547212,-1.46692109,0.0001627628,0,7.49512915804,Intel Xeon Gold 6248,Random,466.6946,
1000,14550708,-1.51582361,0.0001637972,0,7.54276265661,Intel Xeon Gold 6248,Random,470.3889,
1000,14772102,-1.51888827,0.0001624881,0,7.48247938807,Intel Xeon Gold 6248,Random,468.2869,
1000,15011482,-1.52815279,0.0001633092,0,7.52029054978,Intel Xeon Gold 6248,Random,468.0644,
1000,15037000,-1.49719403,0.0001619293,0,7.45674698377,Intel Xeon Gold 6248,Random,465.1637,
1000,15345480,-1.54035145,0.0001635644,0,7.53204235646,Intel Xeon Gold 6248,Random,469.2909,
1000,15446758,-1.50700757,0.0001623011,0,7.47386815041,Intel Xeon Gold 6248,Random,465.1619,
1000,15509635,-1.45653107,0.000163949,0,7.54975295541,Intel Xeon Gold 6248,Random,471.5798,
1000,15570002,-1.47697738,0.0001636053,0,7.53392577689,Intel Xeon Gold 6248,Random,469.065,
1000,15709809,-1.46873779,0.0001631109,0,7.51115895391,Intel Xeon Gold 6248,Random,468.9531,
1000,15755754,-1.50185885,0.0001646876,0,7.58376504169,Intel Xeon Gold 6248,Random,470.366,
1000,15763085,-1.45029534,0.0001636716,0,7.53697885206,Intel Xeon Gold 6248,Random,469.4546,
1000,15924209,-1.51789502,0.0001631551,0,7.51319433736,Intel Xeon Gold 6248,Random,468.1085,
1000,15981934,-1.49232207,0.0001637854,0,7.5422192737,Intel Xeon Gold 6248,Random,470.0857,
1000,16164239,-1.47410624,0.0001630008,0,7.50608891505,Intel Xeon Gold 6248,Random,466.0533,
1000,16173523,-1.49923214,0.0001617159,0,7.44692004198,Intel Xeon Gold 6248,Random,468.2473,
1000,16248991,-1.48376386,0.0001640402,0,7.55395266062,Intel Xeon Gold 6248,Random,471.3713,
1000,16319112,-1.5104208,0.0001623695,0,7.47701792932,Intel Xeon Gold 6248,Random,463.3153,
1000,16350340,-1.51304952,0.0001673847,0,7.70796487637,Intel Xeon Gold 6248,Random,470.8618,
1000,16516882,-1.49834977,0.000162534,0,7.48459305549,Intel Xeon Gold 6248,Random,470.5841,
1000,16577430,-1.49678022,0.0001631443,0,7.51269700384,Intel Xeon Gold 6248,Random,470.286,
1000,16600400,-1.48357827,0.0001636951,0,7.53806101294,Intel Xeon Gold 6248,Random,471.8192,
1000,16609733,-1.50478905,0.0001628132,0,7.49745004776,Intel Xeon Gold 6248,Random,465.9075,
1000,16657501,-1.50419629,0.0001624562,0,7.48101041223,Intel Xeon Gold 6248,Random,467.7922,
1000,16678332,-1.49452029,0.0001630876,0,7.51008600291,Intel Xeon Gold 6248,Random,471.274,
1000,16695257,-1.49316314,0.0001625666,0,7.48609426591,Intel Xeon Gold 6248,Random,470.4913,
2744,502033,-1.45875399,0.0003063423,0,14.1068788757,Intel Xeon Gold 6248,Random,1284.835,
2744,3210623,-1.47189009,0.0003061668,0,14.0987972061,Intel Xeon Gold 6248,Random,1290.2828,
2744,4063355,-1.4634793,0.0003067876,0,14.1273846732,Intel Xeon Gold 6248,Random,1289.5766,
2744,5105474,-1.44003288,0.0003036311,0,13.9820297445,Intel Xeon Gold 6248,Random,1279.8339,
2744,7711527,-1.46913323,0.0003047308,0,14.0326702688,Intel Xeon Gold 6248,Random,1288.2675,
2744,9551411,-1.46155766,0.0003074626,0,14.1584680177,Intel Xeon Gold 6248,Random,1292.946,
2744,9569658,-1.45845331,0.0003055312,0,14.069528208,Intel Xeon Gold 6248,Random,1285.6552,
2744,11086240,-1.46674438,0.0003075575,0,14.1628381057,Intel Xeon Gold 6248,Random,1287.8637,
2744,14949383,-1.45208167,0.0003070077,0,14.137520146,Intel Xeon Gold 6248,Random,1287.7175,
2744,16095495,-1.45454315,0.0003050426,0,14.0470284715,Intel Xeon Gold 6248,Random,1282.0219,
1000,110046,-1.42683796,0.0006115635,0,28.1621317699,Intel Xeon Gold 6248,Reluctant,848.643,
1000,228274,-1.43934377,0.0006052444,0,27.8711410112,Intel Xeon Gold 6248,Reluctant,846.9218,
1000,369954,-1.52366223,0.0006134616,0,28.2495381346,Intel Xeon Gold 6248,Reluctant,858.2748,
1000,418527,-1.46557242,0.0006114839,0,28.1584662377,Intel Xeon Gold 6248,Reluctant,851.611,
1000,492757,-1.44776354,0.0006144386,0,28.2945283977,Intel Xeon Gold 6248,Reluctant,855.587,
1000,554682,-1.47464357,0.0006127314,0,28.2159128633,Intel Xeon Gold 6248,Reluctant,853.358,
1000,624355,-1.50718994,0.0006090636,0,28.0470128768,Intel Xeon Gold 6248,Reluctant,849.1197,
1000,631654,-1.48404136,0.0006040566,0,27.8164435348,Intel Xeon Gold 6248,Reluctant,845.5688,
1000,654105,-1.44149123,0.0006085363,0,28.0227310285,Intel Xeon Gold 6248,Reluctant,845.915,
1000,658180,-1.51355978,0.0006078762,0,27.9923338201,Intel Xeon Gold 6248,Reluctant,850.2137,
1000,983552,-1.52554258,0.0006128918,0,28.2232991869,Intel Xeon Gold 6248,Reluctant,852.6078,
1000,984673,-1.48187421,0.0006180957,0,28.4629356556,Intel Xeon Gold 6248,Reluctant,860.7129,
1000,1010826,-1.48721568,0.0006072723,0,27.9645245879,Intel Xeon Gold 6248,Reluctant,848.3596,
1000,1051560,-1.45024647,0.0006174089,0,28.4313089282,Intel Xeon Gold 6248,Reluctant,863.6086,
1000,1086364,-1.48560493,0.0006112377,0,28.1471288756,Intel Xeon Gold 6248,Reluctant,848.9633,
1000,1153328,-1.4647739,0.0006101584,0,28.097427759,Intel Xeon Gold 6248,Reluctant,851.5139,
1000,1251908,-1.49643502,0.0006097244,0,28.0774423198,Intel Xeon Gold 6248,Reluctant,853.5216,
1000,1430748,-1.48524076,0.0006151424,0,28.3269379648,Intel Xeon Gold 6248,Reluctant,860.8347,
1000,1494266,-1.49080017,0.0006044122,0,27.8328187012,Intel Xeon Gold 6248,Reluctant,840.3496,
1000,1526610,-1.46415136,0.0006110414,0,28.1380893786,Intel Xeon Gold 6248,Reluctant,850.9626,
1000,1575578,-1.45899898,0.0006073066,0,27.9661040823,Intel Xeon Gold 6248,Reluctant,845.9341,
1000,1631660,-1.46857624,0.0006029048,0,27.7634038367,Intel Xeon Gold 6248,Reluctant,841.5276,
1000,1730477,-1.43627793,0.0006068196,0,27.9436780249,Intel Xeon Gold 6248,Reluctant,845.9213,
1000,1769991,-1.491467,0.0006024043,0,27.7403561124,Intel Xeon Gold 6248,Reluctant,837.0834,
1000,1791529,-1.48460319,0.0006071233,0,27.9576632274,Intel Xeon Gold 6248,Reluctant,847.1269,
1000,1914710,-1.470504,0.000613559,0,28.2540233461,Intel Xeon Gold 6248,Reluctant,855.8983,
1000,1958910,-1.49924532,0.0006102437,0,28.1013557728,Intel Xeon Gold 6248,Reluctant,852.1986,
1000,2094269,-1.47560652,0.0006182931,0,28.472025807,Intel Xeon Gold 6248,Reluctant,865.805,
1000,2103206,-1.51039862,0.0006136075,0,28.256256742,Intel Xeon Gold 6248,Reluctant,860.4513,
1000,2254005,-1.47663144,0.0006174933,0,28.4351954975,Intel Xeon Gold 6248,Reluctant,864.015,
1000,2261070,-1.45165229,0.0006087753,0,28.033736835,Intel Xeon Gold 6248,Reluctant,850.8705,
1000,2330819,-1.49851962,0.0006090748,0,28.04752863,Intel Xeon Gold 6248,Reluctant,848.336,
1000,2471202,-1.45055675,0.0006044473,0,27.8344350351,Intel Xeon Gold 6248,Reluctant,844.2682,
1000,2475263,-1.45072086,0.0006050835,0,27.8637316629,Intel Xeon Gold 6248,Reluctant,845.4841,
1000,2494091,-1.47957822,0.0006139945,0,28.2740778595,Intel Xeon Gold 6248,Reluctant,858.507,
1000,2575023,-1.47776821,0.0006021531,0,27.7287885033,Intel Xeon Gold 6248,Reluctant,838.9274,
1000,2622727,-1.4476661,0.0006011237,0,27.6813852518,Intel Xeon Gold 6248,Reluctant,835.205,
1000,2629801,-1.4696028,0.0006124255,0,28.2018263521,Intel Xeon Gold 6248,Reluctant,857.7663,
1000,2633193,-1.48547878,0.0006068955,0,27.9471731743,Intel Xeon Gold 6248,Reluctant,847.8275,
1000,2702397,-1.49934683,0.0006109694,0,28.1347738218,Intel Xeon Gold 6248,Reluctant,853.7028,
1000,2892506,-1.50198399,0.0006150985,0,28.3249163962,Intel Xeon Gold 6248,Reluctant,859.0717,
1000,3139424,-1.47491485,0.0006053765,0,27.8772241368,Intel Xeon Gold 6248,Reluctant,846.4138,
1000,3212296,-1.50750949,0.0006042878,0,27.8270901559,Intel Xeon Gold 6248,Reluctant,840.9662,
1000,3240710,-1.46767376,0.0006141323,0,28.2804234667,Intel Xeon Gold 6248,Reluctant,862.2947,
1000,3259621,-1.47142151,0.0006141348,0,28.2805385902,Intel Xeon Gold 6248,Reluctant,857.2017,
1000,3328448,-1.46863565,0.0006049252,0,27.856442043,Intel Xeon Gold 6248,Reluctant,843.9685,
1000,3396452,-1.4872909,0.0006078435,0,27.9908280048,Intel Xeon Gold 6248,Reluctant,849.1841,
1000,3603850,-1.44988263,0.0006091105,0,28.0491725936,Intel Xeon Gold 6248,Reluctant,848.0325,
1000,3633003,-1.45274391,0.0006156542,0,28.3505060474,Intel Xeon Gold 6248,Reluctant,862.5867,
1000,3713812,-1.52795071,0.000623679,0,28.7200432664,Intel Xeon Gold 6248,Reluctant,872.1173,
1000,3727510,-1.46817252,0.0006150494,0,28.3226553707,Intel Xeon Gold 6248,Reluctant,861.7706,
1000,3730240,-1.49008032,0.0006057571,0,27.8947505382,Intel Xeon Gold 6248,Reluctant,846.3306,
1000,3883519,-1.48041691,0.0006108093,0,28.127401313,Intel Xeon Gold 6248,Reluctant,853.2254,
1000,3996225,-1.50524982,0.000606025,0,27.9070871722,Intel Xeon Gold 6248,Reluctant,843.4667,
1000,4030608,-1.4918548,0.0006147628,0,28.3094576129,Intel Xeon Gold 6248,Reluctant,857.7901,
1000,4043709,-1.45569516,0.0006105027,0,28.1132825672,Intel Xeon Gold 6248,Reluctant,852.0638,
1000,4068529,-1.45352195,0.0006153247,0,28.3353327703,Intel Xeon Gold 6248,Reluctant,861.2466,
1000,4087272,-1.51732688,0.000618252,0,28.4701331767,Intel Xeon Gold 6248,Reluctant,865.348,
1000,4187807,-1.49246675,0.0006085149,0,28.0217455714,Intel Xeon Gold 6248,Reluctant,850.7726,
1000,4197361,-1.48359252,0.000614504,0,28.2975400284,Intel Xeon Gold 6248,Reluctant,856.7796,
1000,4490197,-1.48650168,0.0006078895,0,27.9929462771,Intel Xeon Gold 6248,Reluctant,847.2506,
1000,4621654,-1.48040642,0.000608432,0,28.0179280762,Intel Xeon Gold 6248,Reluctant,845.966,
1000,4911238,-1.50846694,0.000614549,0,28.2996122513,Intel Xeon Gold 6248,Reluctant,860.5276,
1000,4931967,-1.48106462,0.0006073821,0,27.9695808119,Intel Xeon Gold 6248,Reluctant,846.2483,
1000,4955389,-1.46152883,0.00060957,0,28.0703322925,Intel Xeon Gold 6248,Reluctant,854.2452,
1000,4960753,-1.44724332,0.0006070418,0,27.9539102014,Intel Xeon Gold 6248,Reluctant,850.8844,
1000,5049071,-1.47717989,0.0006091154,0,28.0493982356,Intel Xeon Gold 6248,Reluctant,853.5823,
1000,5105258,-1.52107986,0.0006095794,0,28.0707651569,Intel Xeon Gold 6248,Reluctant,849.668,
1000,5314052,-1.47177613,0.0006134211,0,28.2476731339,Intel Xeon Gold 6248,Reluctant,856.2365,
1000,5406329,-1.50132574,0.0006171188,0,28.4179499975,Intel Xeon Gold 6248,Reluctant,865.5815,
1000,5550256,-1.46314483,0.0006084564,0,28.0190516815,Intel Xeon Gold 6248,Reluctant,849.6209,
1000,5551067,-1.4529725,0.0006096359,0,28.0733669479,Intel Xeon Gold 6248,Reluctant,850.0737,
1000,5672028,-1.45575806,0.0006082264,0,28.0084603197,Intel Xeon Gold 6248,Reluctant,852.4314,
1000,5719349,-1.44836415,0.0006079878,0,27.9974729331,Intel Xeon Gold 6248,Reluctant,845.5552,
1000,5913160,-1.48381567,0.0006172391,0,28.4234897402,Intel Xeon Gold 6248,Reluctant,864.6189,
1000,5918224,-1.43579328,0.0006164263,0,28.3860607885,Intel Xeon Gold 6248,Reluctant,865.1785,
1000,5920270,-1.4981506,0.0006145726,0,28.3006990172,Intel Xeon Gold 6248,Reluctant,859.702,
1000,6007986,-1.45254233,0.000611679,0,28.1674504755,Intel Xeon Gold 6248,Reluctant,850.8568,
1000,6145844,-1.45868197,0.0006169354,0,28.4095045377,Intel Xeon Gold 6248,Reluctant,865.8312,
1000,6163735,-1.46877213,0.0006156104,0,28.3484890837,Intel Xeon Gold 6248,Reluctant,862.7848,
1000,6391497,-1.53132512,0.0006137454,0,28.2626069541,Intel Xeon Gold 6248,Reluctant,859.2162,
1000,6397791,-1.49185727,0.0006091984,0,28.0532203358,Intel Xeon Gold 6248,Reluctant,850.6434,
1000,6582535,-1.46900744,0.0006034225,0,27.7872436107,Intel Xeon Gold 6248,Reluctant,845.1738,
1000,6616820,-1.47329035,0.0006101274,0,28.0960002277,Intel Xeon Gold 6248,Reluctant,856.0018,
1000,6667235,-1.50509481,0.0006068684,0,27.9459252356,Intel Xeon Gold 6248,Reluctant,847.061,
1000,6774234,-1.47577672,0.000614404,0,28.2929350884,Intel Xeon Gold 6248,Reluctant,858.3905,
1000,6857733,-1.48421101,0.0006070701,0,27.9552133994,Intel Xeon Gold 6248,Reluctant,847.0472,
1000,6893474,-1.48216085,0.000615723,0,28.353674246,Intel Xeon Gold 6248,Reluctant,858.3747,
1000,6998119,-1.49398649,0.0006155219,0,28.3444137119,Intel Xeon Gold 6248,Reluctant,863.461,
1000,7165636,-1.45154522,0.0006118054,0,28.1732711196,Intel Xeon Gold 6248,Reluctant,852.6384,
1000,7276912,-1.49200597,0.0006096237,0,28.0728051453,Intel Xeon Gold 6248,Reluctant,850.3369,
1000,7296639,-1.46980133,0.0006217557,0,28.6314764568,Intel Xeon Gold 6248,Reluctant,868.8196,
1000,7308676,-1.48161399,0.0006078269,0,27.9900635847,Intel Xeon Gold 6248,Reluctant,850.4104,
1000,7388150,-1.49594955,0.0006146907,0,28.3061374512,Intel Xeon Gold 6248,Reluctant,857.3649,
1000,7408152,-1.46704705,0.0006036112,0,27.7959331324,Intel Xeon Gold 6248,Reluctant,839.5092,
1000,7429274,-1.4721655,0.000608174,0,28.0060473312,Intel Xeon Gold 6248,Reluctant,850.1997,
1000,7778359,-1.49798328,0.0006050139,0,27.8605266247,Intel Xeon Gold 6248,Reluctant,844.9577,
1000,7923692,-1.4461862,0.0006180809,0,28.4622541245,Intel Xeon Gold 6248,Reluctant,863.7908,
1000,7981098,-1.5052639,0.0006073459,0,27.9679138237,Intel Xeon Gold 6248,Reluctant,847.8814,
1000,8085727,-1.50206471,0.0006151937,0,28.329300299,Intel Xeon Gold 6248,Reluctant,863.1067,
1000,8111176,-1.49025144,0.0006091655,0,28.0517053105,Intel Xeon Gold 6248,Reluctant,848.0473,
1000,8397304,-1.4890744,0.0006145283,0,28.2986590288,Intel Xeon Gold 6248,Reluctant,858.1184,
1000,8421935,-1.46017144,0.0006095447,0,28.0691672427,Intel Xeon Gold 6248,Reluctant,849.4544,
1000,8453239,-1.47104156,0.0006146311,0,28.303392907,Intel Xeon Gold 6248,Reluctant,859.5761,
1000,8453439,-1.49110095,0.000611749,0,28.1706739335,Intel Xeon Gold 6248,Reluctant,853.829,
1000,8458710,-1.46577807,0.0006084041,0,28.016643298,Intel Xeon Gold 6248,Reluctant,847.8584,
1000,8598692,-1.44023729,0.0006096538,0,28.0741912322,Intel Xeon Gold 6248,Reluctant,848.0666,
1000,8767273,-1.47726002,0.0006130559,0,28.2308558933,Intel Xeon Gold 6248,Reluctant,852.501,
1000,8924713,-1.46916965,0.0006160399,0,28.3682673007,Intel Xeon Gold 6248,Reluctant,862.1385,
1000,8991508,-1.43979592,0.0006054562,0,27.880894274,Intel Xeon Gold 6248,Reluctant,845.8564,
1000,9015879,-1.48823941,0.0006130328,0,28.2297921522,Intel Xeon Gold 6248,Reluctant,852.7097,
1000,9067352,-1.45157818,0.0006068652,0,27.9457778775,Intel Xeon Gold 6248,Reluctant,850.1711,
1000,9175173,-1.469958,0.0006068534,0,27.9452344946,Intel Xeon Gold 6248,Reluctant,846.7061,
1000,9181537,-1.4669243,0.0006111393,0,28.1425976148,Intel Xeon Gold 6248,Reluctant,853.5835,
1000,9182308,-1.48754424,0.000613577,0,28.2548522353,Intel Xeon Gold 6248,Reluctant,858.3561,
1000,9335413,-1.46948025,0.0006071234,0,27.9576678324,Intel Xeon Gold 6248,Reluctant,840.5378,
1000,9469999,-1.4949451,0.0006132378,0,28.2392322791,Intel Xeon Gold 6248,Reluctant,858.2177,
1000,9510406,-1.47760194,0.0006107623,0,28.1252369912,Intel Xeon Gold 6248,Reluctant,853.2885,
1000,9516964,-1.44032857,0.0006068521,0,27.9451746304,Intel Xeon Gold 6248,Reluctant,848.0662,
1000,9692062,-1.49840258,0.0006066503,0,27.9358818616,Intel Xeon Gold 6248,Reluctant,847.274,
1000,9721192,-1.48816681,0.0006068986,0,27.9473159274,Intel Xeon Gold 6248,Reluctant,849.2274,
1000,9732497,-1.4848428,0.0006148885,0,28.3152460224,Intel Xeon Gold 6248,Reluctant,855.8257,
1000,9807541,-1.46783042,0.0006022918,0,27.735175555,Intel Xeon Gold 6248,Reluctant,840.3903,
1000,10016117,-1.44902856,0.0006108201,0,28.1278986465,Intel Xeon Gold 6248,Reluctant,855.9344,
1000,10289415,-1.46105359,0.0006159831,0,28.3656516948,Intel Xeon Gold 6248,Reluctant,858.263,
1000,10303962,-1.4813657,0.0006054024,0,27.8784168163,Intel Xeon Gold 6248,Reluctant,841.8523,
1000,10321011,-1.52552103,0.0006164598,0,28.3876034434,Intel Xeon Gold 6248,Reluctant,859.6392,
1000,10492586,-1.46753957,0.0006108703,0,28.1302103264,Intel Xeon Gold 6248,Reluctant,852.3392,
1000,10617787,-1.44440637,0.0006154062,0,28.3390857964,Intel Xeon Gold 6248,Reluctant,863.5342,
1000,10680741,-1.45648904,0.0006107364,0,28.1240443118,Intel Xeon Gold 6248,Reluctant,852.1589,
1000,10752963,-1.51852877,0.0006085234,0,28.0221369913,Intel Xeon Gold 6248,Reluctant,849.3089,
1000,10759243,-1.48847838,0.0006185017,0,28.4816317117,Intel Xeon Gold 6248,Reluctant,866.1119,
1000,10785990,-1.48035863,0.0006114555,0,28.1571584348,Intel Xeon Gold 6248,Reluctant,853.5155,
1000,10873220,-1.44614501,0.0006076954,0,27.9840080887,Intel Xeon Gold 6248,Reluctant,845.2992,
1000,11037872,-1.48960805,0.0006134843,0,28.250583456,Intel Xeon Gold 6248,Reluctant,856.8006,
1000,11146941,-1.44580317,0.0006162676,0,28.3787527489,Intel Xeon Gold 6248,Reluctant,858.0471,
1000,11182766,-1.46843293,0.0006142596,0,28.2862855552,Intel Xeon Gold 6248,Reluctant,856.8027,
1000,11251697,-1.47781565,0.0006078935,0,27.9931304747,Intel Xeon Gold 6248,Reluctant,845.8253,
1000,11371769,-1.48370028,0.0006109376,0,28.1333094509,Intel Xeon Gold 6248,Reluctant,852.6351,
1000,11402525,-1.49207923,0.0006161206,0,28.3719834872,Intel Xeon Gold 6248,Reluctant,860.9763,
1000,11412292,-1.496521,0.0006142104,0,28.2840199248,Intel Xeon Gold 6248,Reluctant,859.3789,
1000,11503114,-1.47159386,0.0006155756,0,28.3468865646,Intel Xeon Gold 6248,Reluctant,858.5139,
1000,11534681,-1.47626173,0.0006147532,0,28.3090155387,Intel Xeon Gold 6248,Reluctant,855.0764,
1000,11605451,-1.4735161,0.0006088888,0,28.0389634418,Intel Xeon Gold 6248,Reluctant,850.6391,
1000,11679033,-1.44705715,0.0006032454,0,27.7790882621,Intel Xeon Gold 6248,Reluctant,839.0434,
1000,11777311,-1.47257424,0.0006034294,0,27.7875613516,Intel Xeon Gold 6248,Reluctant,841.2085,
1000,11802495,-1.47742453,0.0006069179,0,27.9482046808,Intel Xeon Gold 6248,Reluctant,848.3978,
1000,11915411,-1.46371982,0.00060885,0,28.0371767251,Intel Xeon Gold 6248,Reluctant,848.3291,
1000,11960737,-1.4729226,0.0006155743,0,28.3468267004,Intel Xeon Gold 6248,Reluctant,863.6433,
1000,12088959,-1.48391338,0.0006107459,0,28.1244817811,Intel Xeon Gold 6248,Reluctant,851.8724,
1000,12238274,-1.44739076,0.0006074045,0,27.9706123185,Intel Xeon Gold 6248,Reluctant,846.0766,
1000,12476934,-1.48009974,0.000614192,0,28.2831726158,Intel Xeon Gold 6248,Reluctant,855.1343,
1000,12520071,-1.47957992,0.0006161835,0,28.3748799944,Intel Xeon Gold 6248,Reluctant,861.1052,
1000,12531925,-1.47004085,0.0006073174,0,27.9666014158,Intel Xeon Gold 6248,Reluctant,845.3495,
1000,12600313,-1.47474237,0.0006145406,0,28.2992254364,Intel Xeon Gold 6248,Reluctant,858.6539,
1000,12876033,-1.49881997,0.0006079642,0,27.9963861672,Intel Xeon Gold 6248,Reluctant,849.869,
1000,12948253,-1.45942944,0.0006052327,0,27.8706022332,Intel Xeon Gold 6248,Reluctant,841.7482,
1000,13046662,-1.51953891,0.0006114706,0,28.1578537807,Intel Xeon Gold 6248,Reluctant,855.2552,
1000,13183385,-1.4683658,0.0006205302,0,28.575042918,Intel Xeon Gold 6248,Reluctant,866.2083,
1000,13232651,-1.42466324,0.0006066725,0,27.9369041583,Intel Xeon Gold 6248,Reluctant,845.1377,
1000,13392517,-1.47550159,0.0006119873,0,28.1816475053,Intel Xeon Gold 6248,Reluctant,852.4389,
1000,13414790,-1.48520471,0.0006021883,0,27.7304094422,Intel Xeon Gold 6248,Reluctant,836.5433,
1000,13551483,-1.45766953,0.0006050773,0,27.8634461566,Intel Xeon Gold 6248,Reluctant,843.082,
1000,13753649,-1.47918038,0.0006134125,0,28.2472771091,Intel Xeon Gold 6248,Reluctant,862.1434,
1000,13928994,-1.45674625,0.0006106561,0,28.120346545,Intel Xeon Gold 6248,Reluctant,850.5185,
1000,14030140,-1.44521105,0.0006082944,0,28.0115916789,Intel Xeon Gold 6248,Reluctant,843.3009,
1000,14066739,-1.47166625,0.0006151616,0,28.3278221133,Intel Xeon Gold 6248,Reluctant,856.31,
1000,14106527,-1.49388437,0.0006099067,0,28.0858371253,Intel Xeon Gold 6248,Reluctant,848.3205,
1000,14207659,-1.42854585,0.0006188793,0,28.4990199648,Intel Xeon Gold 6248,Reluctant,865.6252,
1000,14230092,-1.46446068,0.0006144519,0,28.2951408547,Intel Xeon Gold 6248,Reluctant,858.234,
1000,14265803,-1.43696556,0.000606971,0,27.9506499039,Intel Xeon Gold 6248,Reluctant,849.9571,
1000,14280208,-1.4704955,0.0006102986,0,28.1038838848,Intel Xeon Gold 6248,Reluctant,850.9752,
1000,14441004,-1.47210978,0.0006137273,0,28.26177346,Intel Xeon Gold 6248,Reluctant,861.0479,
1000,14542852,-1.47422828,0.0006125975,0,28.2097468487,Intel Xeon Gold 6248,Reluctant,855.5914,
1000,14547212,-1.44246686,0.0006087558,0,28.0328388717,Intel Xeon Gold 6248,Reluctant,848.7857,
1000,14550708,-1.46624671,0.0006130332,0,28.229810572,Intel Xeon Gold 6248,Reluctant,860.0171,
1000,14772102,-1.50484955,0.0006077018,0,27.9843028049,Intel Xeon Gold 6248,Reluctant,850.6519,
1000,15011482,-1.51029473,0.0006163084,0,28.3806315644,Intel Xeon Gold 6248,Reluctant,859.9551,
1000,15037000,-1.46949187,0.0006045972,0,27.84133784,Intel Xeon Gold 6248,Reluctant,842.991,
1000,15345480,-1.52271661,0.0006109032,0,28.1317253516,Intel Xeon Gold 6248,Reluctant,850.7792,
1000,15446758,-1.49420812,0.0006070231,0,27.9530490776,Intel Xeon Gold 6248,Reluctant,845.6621,
1000,15509635,-1.43193255,0.0006173138,0,28.4269296303,Intel Xeon Gold 6248,Reluctant,865.8827,
1000,15570002,-1.47666425,0.0006089647,0,28.0424585912,Intel Xeon Gold 6248,Reluctant,847.8145,
1000,15709809,-1.44475459,0.0006096997,0,28.0763048996,Intel Xeon Gold 6248,Reluctant,851.9265,
1000,15755754,-1.46464091,0.0006034091,0,27.7866265488,Intel Xeon Gold 6248,Reluctant,844.06,
1000,15763085,-1.44124065,0.0006130806,0,28.2319933135,Intel Xeon Gold 6248,Reluctant,855.9626,
1000,15924209,-1.49342929,0.0006075602,0,27.97778221,Intel Xeon Gold 6248,Reluctant,847.6501,
1000,15981934,-1.45353137,0.0006129079,0,28.2240405822,Intel Xeon Gold 6248,Reluctant,856.7435,
1000,16164239,-1.45200973,0.0006034069,0,27.7865252401,Intel Xeon Gold 6248,Reluctant,839.0843,
1000,16173523,-1.47725759,0.0006073156,0,27.9665185269,Intel Xeon Gold 6248,Reluctant,847.5477,
1000,16248991,-1.46054406,0.0006160144,0,28.367093041,Intel Xeon Gold 6248,Reluctant,860.6526,
1000,16319112,-1.48342405,0.0006069433,0,27.9493743356,Intel Xeon Gold 6248,Reluctant,843.9604,
1000,16350340,-1.50104445,0.00061403,0,28.2757126131,Intel Xeon Gold 6248,Reluctant,856.8326,
1000,16516882,-1.48094396,0.0006144704,0,28.2959927686,Intel Xeon Gold 6248,Reluctant,857.9626,
1000,16577430,-1.47909801,0.0006144506,0,28.2950809905,Intel Xeon Gold 6248,Reluctant,857.4509,
1000,16600400,-1.46388713,0.0006126475,0,28.2120493187,Intel Xeon Gold 6248,Reluctant,860.2852,
1000,16609733,-1.49280983,0.0006037074,0,27.8003630846,Intel Xeon Gold 6248,Reluctant,842.7224,
1000,16657501,-1.47848442,0.0006119988,0,28.1821770734,Intel Xeon Gold 6248,Reluctant,851.579,
1000,16678332,-1.49294762,0.0006099252,0,28.0866890391,Intel Xeon Gold 6248,Reluctant,856.1217,
1000,16695257,-1.47603983,0.0006104547,0,28.111072196,Intel Xeon Gold 6248,Reluctant,852.4578,
2744,502033,-1.43782142,0.0012653242,0,58.2674192493,Intel Xeon Gold 6248,Reluctant,2340.3251,
2744,3210623,-1.46252979,0.0012666222,0,58.3271913695,Intel Xeon Gold 6248,Reluctant,2343.7801,
2744,4063355,-1.44055924,0.0012650502,0,58.2548017139,Intel Xeon Gold 6248,Reluctant,2346.8176,
2744,5105474,-1.41429468,0.0012572027,0,57.8934290534,Intel Xeon Gold 6248,Reluctant,2324.2704,
2744,7711527,-1.45211647,0.0012607525,0,58.0568952108,Intel Xeon Gold 6248,Reluctant,2338.0369,
2744,9551411,-1.44754874,0.0012679016,0,58.3861069709,Intel Xeon Gold 6248,Reluctant,2354.6464,
2744,9569658,-1.43905531,0.0012658191,0,58.290209097,Intel Xeon Gold 6248,Reluctant,2334.7688,
2744,11086240,-1.42183999,0.0012640596,0,58.209185179,Intel Xeon Gold 6248,Reluctant,2335.5233,
2744,14949383,-1.41046014,0.0012617148,0,58.1012085477,Intel Xeon Gold 6248,Reluctant,2346.0938,
2744,16095495,-1.43790236,0.0012549872,0,57.7914066094,Intel Xeon Gold 6248,Reluctant,2318.8408,
1000,110046,-1.65216,80.6425801039,1,80.6425801039,NVIDIA Tesla V100-SXM2-32G,Global Annealing,,"global_steps_per_temperature=5, MCS_per_global_steps=15, number_of_temperatures=9, schedule=logT"
1000,228274,-1.64456,95.8555305004,1,95.8555305004,NVIDIA Tesla V100-SXM2-32G,Global Annealing,,"global_steps_per_temperature=5, MCS_per_global_steps=15, number_of_temperatures=11, schedule=logT"
1000,369954,-1.7295,103.602399874,1,103.602399874,NVIDIA Tesla V100-SXM2-32G,Global Annealing,,"global_steps_per_temperature=5, MCS_per_global_steps=15, number_of_temperatures=12, schedule=logT"
1000,418527,-1.68276,126.213620567,1,126.213620567,NVIDIA Tesla V100-SXM2-32G,Global Annealing,,"global_steps_per_temperature=5, MCS_per_global_steps=15, number_of_temperatures=15, schedule=logT"
1000,492757,-1.66257,142.251483583,0.9,284.502967167,NVIDIA Tesla V100-SXM2-32G,Global Annealing,,"global_steps_per_temperature=5, MCS_per_global_steps=15, number_of_temperatures=17, schedule=logT"
1000,554682,-1.70255,111.215482593,0.9,222.430965185,NVIDIA Tesla V100-SXM2-32G,Global Annealing,,"global_steps_per_temperature=5, MCS_per_global_steps=15, number_of_temperatures=13, schedule=logT"
1000,624355,-1.72807,118.562962508,1,118.562962508,NVIDIA Tesla V100-SXM2-32G,Global Annealing,,"global_steps_per_temperature=5, MCS_per_global_steps=15, number_of_temperatures=14, schedule=logT"
1000,631654,-1.69768,179.974483514,1,179.974483514,NVIDIA Tesla V100-SXM2-32G,Global Annealing,,"global_steps_per_temperature=5, MCS_per_global_steps=15, number_of_temperatures=22, schedule=logT"
1000,654105,-1.66439,110.972529149,0.9,221.945058298,NVIDIA Tesla V100-SXM2-32G,Global Annealing,,"global_steps_per_temperature=5, MCS_per_global_steps=15, number_of_temperatures=13, schedule=logT"
1000,658180,-1.72803,103.527679539,1,103.527679539,NVIDIA Tesla V100-SXM2-32G,Global Annealing,,"global_steps_per_temperature=5, MCS_per_global_steps=15, number_of_temperatures=12, schedule=logT"
1000,983552,-1.73856,88.1529388428,1,88.1529388428,NVIDIA Tesla V100-SXM2-32G,Global Annealing,,"global_steps_per_temperature=5, MCS_per_global_steps=15, number_of_temperatures=10, schedule=logT"
1000,984673,-1.70021,126.65703125,0.9,253.3140625,NVIDIA Tesla V100-SXM2-32G,Global Annealing,,"global_steps_per_temperature=5, MCS_per_global_steps=15, number_of_temperatures=15, schedule=logT"
1000,1010826,-1.70137,149.096176672,0.9,298.192353344,NVIDIA Tesla V100-SXM2-32G,Global Annealing,,"global_steps_per_temperature=5, MCS_per_global_steps=15, number_of_temperatures=18, schedule=logT"
1000,1051560,-1.63919,118.558170176,0.9,237.116340351,NVIDIA Tesla V100-SXM2-32G,Global Annealing,,"global_steps_per_temperature=5, MCS_per_global_steps=15, number_of_temperatures=14, schedule=logT"
1000,1086364,-1.70278,95.8666459084,1,95.8666459084,NVIDIA Tesla V100-SXM2-32G,Global Annealing,,"global_steps_per_temperature=5, MCS_per_global_steps=15, number_of_temperatures=11, schedule=logT"
1000,1153328,-1.68096,118.479115319,0.9,236.958230639,NVIDIA Tesla V100-SXM2-32G,Global Annealing,,"global_steps_per_temperature=5, MCS_per_global_steps=15, number_of_temperatures=14, schedule=logT"
1000,1251908,-1.73153,88.357744956,1,88.357744956,NVIDIA Tesla V100-SXM2-32G,Global Annealing,,"global_steps_per_temperature=5, MCS_per_global_steps=15, number_of_temperatures=10, schedule=logT"
1000,1430748,-1.69098,315.456870365,0.9,630.91374073,NVIDIA Tesla V100-SXM2-32G,Global Annealing,,"global_steps_per_temperature=5, MCS_per_global_steps=15, number_of_temperatures=40, schedule=logT"
1000,1494266,-1.71234,186.775630116,1,186.775630116,NVIDIA Tesla V100-SXM2-32G,Global Annealing,,"global_steps_per_temperature=5, MCS_per_global_steps=15, number_of_temperatures=23, schedule=logT"
1000,1526610,-1.69344,103.445350409,0.9,206.890700817,NVIDIA Tesla V100-SXM2-32G,Global Annealing,,"global_steps_per_temperature=5, MCS_per_global_steps=15, number_of_temperatures=12, schedule=logT"
1000,1575578,-1.68794,103.499683642,1,103.499683642,NVIDIA Tesla V100-SXM2-32G,Global Annealing,,"global_steps_per_temperature=5, MCS_per_global_steps=15, number_of_temperatures=12, schedule=logT"
1000,1631660,-1.68455,95.9680405378,1,95.9680405378,NVIDIA Tesla V100-SXM2-32G,Global Annealing,,"global_steps_per_temperature=5, MCS_per_global_steps=15, number_of_temperatures=11, schedule=logT"
1000,1730477,-1.64773,126.11263175,1,126.11263175,NVIDIA Tesla V100-SXM2-32G,Global Annealing,,"global_steps_per_temperature=5, MCS_per_global_steps=15, number_of_temperatures=15, schedule=logT"
1000,1769991,-1.72066,97.7227451563,0.9,195.445490313,NVIDIA Tesla V100-SXM2-32G,Global Annealing,,"global_steps_per_temperature=5, MCS_per_global_steps=15, number_of_temperatures=11, schedule=logT"
1000,1791529,-1.70447,103.467758298,1,103.467758298,NVIDIA Tesla V100-SXM2-32G,Global Annealing,,"global_steps_per_temperature=5, MCS_per_global_steps=15, number_of_temperatures=12, schedule=logT"
1000,1914710,-1.67759,111.099852991,0.9,222.199705982,NVIDIA Tesla V100-SXM2-32G,Global Annealing,,"global_steps_per_temperature=5, MCS_per_global_steps=15, number_of_temperatures=13, schedule=logT"
1000,1958910,-1.72736,119.294877148,0.9,238.589754295,NVIDIA Tesla V100-SXM2-32G,Global Annealing,,"global_steps_per_temperature=5, MCS_per_global_steps=15, number_of_temperatures=14, schedule=logT"
1000,2094269,-1.68269,110.943058276,1,110.943058276,NVIDIA Tesla V100-SXM2-32G,Global Annealing,,"global_steps_per_temperature=5, MCS_per_global_steps=15, number_of_temperatures=13, schedule=logT"
1000,2103206,-1.73526,111.092190313,1,111.092190313,NVIDIA Tesla V100-SXM2-32G,Global Annealing,,"global_steps_per_temperature=5, MCS_per_global_steps=15, number_of_temperatures=13, schedule=logT"
1000,2254005,-1.68656,95.707769084,0.9,191.415538168,NVIDIA Tesla V100-SXM2-32G,Global Annealing,,"global_steps_per_temperature=5, MCS_per_global_steps=15, number_of_temperatures=11, schedule=logT"
1000,2261070,-1.67718,103.439388871,1,103.439388871,NVIDIA Tesla V100-SXM2-32G,Global Annealing,,"global_steps_per_temperature=5, MCS_per_global_steps=15, number_of_temperatures=12, schedule=logT"
1000,2330819,-1.71491,97.1610811234,1,97.1610811234,NVIDIA Tesla V100-SXM2-32G,Global Annealing,,"global_steps_per_temperature=5, MCS_per_global_steps=15, number_of_temperatures=11, schedule=logT"
1000,2471202,-1.6528,179.249614763,0.9,358.499229527,NVIDIA Tesla V100-SXM2-32G,Global Annealing,,"global_steps_per_temperature=5, MCS_per_global_steps=15, number_of_temperatures=22, schedule=logT"
1000,2475263,-1.69088,103.392773747,1,103.392773747,NVIDIA Tesla V100-SXM2-32G,Global Annealing,,"global_steps_per_temperature=5, MCS_per_global_steps=15, number_of_temperatures=12, schedule=logT"
1000,2494091,-1.69335,103.236370564,1,103.236370564,NVIDIA Tesla V100-SXM2-32G,Global Annealing,,"global_steps_per_temperature=5, MCS_per_global_steps=15, number_of_temperatures=12, schedule=logT"
1000,2575023,-1.70921,88.2283890963,1,88.2283890963,NVIDIA Tesla V100-SXM2-32G,Global Annealing,,"global_steps_per_temperature=5, MCS_per_global_steps=15, number_of_temperatures=10, schedule=logT"
1000,2622727,-1.68713,88.0647608519,1,88.0647608519,NVIDIA Tesla V100-SXM2-32G,Global Annealing,,"global_steps_per_temperature=5, MCS_per_global_steps=15, number_of_temperatures=10, schedule=logT"
1000,2629801,-1.6916,111.021275806,1,111.021275806,NVIDIA Tesla V100-SXM2-32G,Global Annealing,,"global_steps_per_temperature=5, MCS_per_global_steps=15, number_of_temperatures=13, schedule=logT"
1000,2633193,-1.69039,195.251921701,1,195.251921701,NVIDIA Tesla V100-SXM2-32G,Global Annealing,,"global_steps_per_temperature=5, MCS_per_global_steps=15, number_of_temperatures=24, schedule=logT"
1000,2702397,-1.72828,111.192970085,0.9,222.38594017,NVIDIA Tesla V100-SXM2-32G,Global Annealing,,"global_steps_per_temperature=5, MCS_per_global_steps=15, number_of_temperatures=13, schedule=logT"
1000,2892506,-1.71593,103.374753737,0.9,206.749507475,NVIDIA Tesla V100-SXM2-32G,Global Annealing,,"global_steps_per_temperature=5, MCS_per_global_steps=15, number_of_temperatures=12, schedule=logT"
1000,3139424,-1.67747,119.259910798,0.9,238.519821596,NVIDIA Tesla V100-SXM2-32G,Global Annealing,,"global_steps_per_temperature=5, MCS_per_global_steps=15, number_of_temperatures=14, schedule=logT"
1000,3212296,-1.72928,88.2625925779,1,88.2625925779,NVIDIA Tesla V100-SXM2-32G,Global Annealing,,"global_steps_per_temperature=5, MCS_per_global_steps=15, number_of_temperatures=10, schedule=logT"
1000,3240710,-1.69005,118.407927108,1,118.407927108,NVIDIA Tesla V100-SXM2-32G,Global Annealing,,"global_steps_per_temperature=5, MCS_per_global_steps=15, number_of_temperatures=14, schedule=logT"
1000,3259621,-1.69826,95.7276046038,1,95.7276046038,NVIDIA Tesla V100-SXM2-32G,Global Annealing,,"global_steps_per_temperature=5, MCS_per_global_steps=15, number_of_temperatures=11, schedule=logT"
1000,3328448,-1.69081,111.350689411,1,111.350689411,NVIDIA Tesla V100-SXM2-32G,Global Annealing,,"global_steps_per_temperature=5, MCS_per_global_steps=15, number_of_temperatures=13, schedule=logT"
1000,3396452,-1.70352,95.7131231785,1,95.7131231785,NVIDIA Tesla V100-SXM2-32G,Global Annealing,,"global_steps_per_temperature=5, MCS_per_global_steps=15, number_of_temperatures=11, schedule=logT"
1000,3603850,-1.68343,103.320227766,1,103.320227766,NVIDIA Tesla V100-SXM2-32G,Global Annealing,,"global_steps_per_temperature=5, MCS_per_global_steps=15, number_of_temperatures=12, schedule=logT"
1000,3633003,-1.67308,126.214818764,0.9,252.429637527,NVIDIA Tesla V100-SXM2-32G,Global Annealing,,"global_steps_per_temperature=5, MCS_per_global_steps=15, number_of_temperatures=15, schedule=logT"
1000,3713812,-1.73963,103.496417999,0.9,206.992835999,NVIDIA Tesla V100-SXM2-32G,Global Annealing,,"global_steps_per_temperature=5, MCS_per_global_steps=15, number_of_temperatures=12, schedule=logT"
1000,3727510,-1.69772,96.9484110117,0.9,193.896822023,NVIDIA Tesla V100-SXM2-32G,Global Annealing,,"global_steps_per_temperature=5, MCS_per_global_steps=15, number_of_temperatures=11, schedule=logT"
1000,3730240,-1.70893,103.334016895,1,103.334016895,NVIDIA Tesla V100-SXM2-32G,Global Annealing,,"global_steps_per_temperature=5, MCS_per_global_steps=15, number_of_temperatures=12, schedule=logT"
1000,3883519,-1.68642,111.248506641,1,111.248506641,NVIDIA Tesla V100-SXM2-32G,Global Annealing,,"global_steps_per_temperature=5, MCS_per_global_steps=15, number_of_temperatures=13, schedule=logT"
1000,3996225,-1.71324,103.577863979,1,103.577863979,NVIDIA Tesla V100-SXM2-32G,Global Annealing,,"global_steps_per_temperature=5, MCS_per_global_steps=15, number_of_temperatures=12, schedule=logT"
1000,4030608,-1.70571,133.737759614,0.9,267.475519228,NVIDIA Tesla V100-SXM2-32G,Global Annealing,,"global_steps_per_temperature=5, MCS_per_global_steps=15, number_of_temperatures=16, schedule=logT"
1000,4043709,-1.67275,88.262812376,1,88.262812376,NVIDIA Tesla V100-SXM2-32G,Global Annealing,,"global_steps_per_temperature=5, MCS_per_global_steps=15, number_of_temperatures=10, schedule=logT"
1000,4068529,-1.66537,118.45513463,1,118.45513463,NVIDIA Tesla V100-SXM2-32G,Global Annealing,,"global_steps_per_temperature=5, MCS_per_global_steps=15, number_of_temperatures=14, schedule=logT"
1000,4087272,-1.73407,88.2370894432,0.9,176.474178886,NVIDIA Tesla V100-SXM2-32G,Global Annealing,,"global_steps_per_temperature=5, MCS_per_global_steps=15, number_of_temperatures=10, schedule=logT"
1000,4187807,-1.72066,111.077363658,1,111.077363658,NVIDIA Tesla V100-SXM2-32G,Global Annealing,,"global_steps_per_temperature=5, MCS_per_global_steps=15, number_of_temperatures=13, schedule=logT"
1000,4197361,-1.68945,141.550223374,1,141.550223374,NVIDIA Tesla V100-SXM2-32G,Global Annealing,,"global_steps_per_temperature=5, MCS_per_global_steps=15, number_of_temperatures=17, schedule=logT"
1000,4490197,-1.7264,96.9878142595,1,96.9878142595,NVIDIA Tesla V100-SXM2-32G,Global Annealing,,"global_steps_per_temperature=5, MCS_per_global_steps=15, number_of_temperatures=11, schedule=logT"
1000,4621654,-1.69278,111.09788835,0.9,222.195776701,NVIDIA Tesla V100-SXM2-32G,Global Annealing,,"global_steps_per_temperature=5, MCS_per_global_steps=15, number_of_temperatures=13, schedule=logT"
1000,4911238,-1.73575,103.300446057,0.9,206.600892115,NVIDIA Tesla V100-SXM2-32G,Global Annealing,,"global_steps_per_temperature=5, MCS_per_global_steps=15, number_of_temperatures=12, schedule=logT"
1000,4931967,-1.71426,97.5965915442,1,97.5965915442,NVIDIA Tesla V100-SXM2-32G,Global Annealing,,"global_steps_per_temperature=5, MCS_per_global_steps=15, number_of_temperatures=11, schedule=logT"
1000,4955389,-1.6801,103.217554784,1,103.217554784,NVIDIA Tesla V100-SXM2-32G,Global Annealing,,"global_steps_per_temperature=5, MCS_per_global_steps=15, number_of_temperatures=12, schedule=logT"
1000,4960753,-1.67041,95.7891159296,1,95.7891159296,NVIDIA Tesla V100-SXM2-32G,Global Annealing,,"global_steps_per_temperature=5, MCS_per_global_steps=15, number_of_temperatures=11, schedule=logT"
1000,5049071,-1.69004,103.453832626,1,103.453832626,NVIDIA Tesla V100-SXM2-32G,Global Annealing,,"global_steps_per_temperature=5, MCS_per_global_steps=15, number_of_temperatures=12, schedule=logT"
1000,5105258,-1.74864,141.872019243,0.9,283.744038486,NVIDIA Tesla V100-SXM2-32G,Global Annealing,,"global_steps_per_temperature=5, MCS_per_global_steps=15, number_of_temperatures=17, schedule=logT"
1000,5314052,-1.71041,95.9107928038,0.9,191.821585608,NVIDIA Tesla V100-SXM2-32G,Global Annealing,,"global_steps_per_temperature=5, MCS_per_global_steps=15, number_of_temperatures=11, schedule=logT"
1000,5406329,-1.71337,118.495958114,1,118.495958114,NVIDIA Tesla V100-SXM2-32G,Global Annealing,,"global_steps_per_temperature=5, MCS_per_global_steps=15, number_of_temperatures=14, schedule=logT"
1000,5550256,-1.7049,95.8756731272,0.9,191.751346254,NVIDIA Tesla V100-SXM2-32G,Global Annealing,,"global_steps_per_temperature=5, MCS_per_global_steps=15, number_of_temperatures=11, schedule=logT"
1000,5551067,-1.67663,95.8588437319,0.9,191.717687464,NVIDIA Tesla V100-SXM2-32G,Global Annealing,,"global_steps_per_temperature=5, MCS_per_global_steps=15, number_of_temperatures=11, schedule=logT"
1000,5672028,-1.68293,88.1759900331,1,88.1759900331,NVIDIA Tesla V100-SXM2-32G,Global Annealing,,"global_steps_per_temperature=5, MCS_per_global_steps=15, number_of_temperatures=10, schedule=logT"
1000,5719349,-1.66567,270.80421474,1,270.80421474,NVIDIA Tesla V100-SXM2-32G,Global Annealing,,"global_steps_per_temperature=5, MCS_per_global_steps=15, number_of_temperatures=34, schedule=logT"
1000,5913160,-1.67523,110.838849306,1,110.838849306,NVIDIA Tesla V100-SXM2-32G,Global Annealing,,"global_steps_per_temperature=5, MCS_per_global_steps=15, number_of_temperatures=13, schedule=logT"
1000,5918224,-1.6477,118.657879376,1,118.657879376,NVIDIA Tesla V100-SXM2-32G,Global Annealing,,"global_steps_per_temperature=5, MCS_per_global_steps=15, number_of_temperatures=14, schedule=logT"
1000,5920270,-1.71192,105.316700697,0.9,210.633401394,NVIDIA Tesla V100-SXM2-32G,Global Annealing,,"global_steps_per_temperature=5, MCS_per_global_steps=15, number_of_temperatures=12, schedule=logT"
1000,6007986,-1.67094,103.256690788,1,103.256690788,NVIDIA Tesla V100-SXM2-32G,Global Annealing,,"global_steps_per_temperature=5, MCS_per_global_steps=15, number_of_temperatures=12, schedule=logT"
1000,6145844,-1.66589,126.224577188,0.9,252.449154377,NVIDIA Tesla V100-SXM2-32G,Global Annealing,,"global_steps_per_temperature=5, MCS_per_global_steps=15, number_of_temperatures=15, schedule=logT"
1000,6163735,-1.69796,104.153462696,0.9,208.306925392,NVIDIA Tesla V100-SXM2-32G,Global Annealing,,"global_steps_per_temperature=5, MCS_per_global_steps=15, number_of_temperatures=12, schedule=logT"
1000,6391497,-1.73133,80.4746795654,1,80.4746795654,NVIDIA Tesla V100-SXM2-32G,Global Annealing,,"global_steps_per_temperature=5, MCS_per_global_steps=15, number_of_temperatures=9, schedule=logT"
1000,6397791,-1.72007,111.043311906,0.9,222.086623812,NVIDIA Tesla V100-SXM2-32G,Global Annealing,,"global_steps_per_temperature=5, MCS_per_global_steps=15, number_of_temperatures=13, schedule=logT"
1000,6582535,-1.7002,95.7243835926,1,95.7243835926,NVIDIA Tesla V100-SXM2-32G,Global Annealing,,"global_steps_per_temperature=5, MCS_per_global_steps=15, number_of_temperatures=11, schedule=logT"
1000,6616820,-1.68809,104.457660174,1,104.457660174,NVIDIA Tesla V100-SXM2-32G,Global Annealing,,"global_steps_per_temperature=5, MCS_per_global_steps=15, number_of_temperatures=12, schedule=logT"
1000,6667235,-1.73309,110.960452414,1,110.960452414,NVIDIA Tesla V100-SXM2-32G,Global Annealing,,"global_steps_per_temperature=5, MCS_per_global_steps=15, number_of_temperatures=13, schedule=logT"
1000,6774234,-1.69408,110.940669751,1,110.940669751,NVIDIA Tesla V100-SXM2-32G,Global Annealing,,"global_steps_per_temperature=5, MCS_per_global_steps=15, number_of_temperatures=13, schedule=logT"
1000,6857733,-1.70857,88.2239256382,0.9,176.447851276,NVIDIA Tesla V100-SXM2-32G,Global Annealing,,"global_steps_per_temperature=5, MCS_per_global_steps=15, number_of_temperatures=10, schedule=logT"
1000,6893474,-1.71062,103.287427926,1,103.287427926,NVIDIA Tesla V100-SXM2-32G,Global Annealing,,"global_steps_per_temperature=5, MCS_per_global_steps=15, number_of_temperatures=12, schedule=logT"
1000,6998119,-1.71608,95.8725557089,1,95.8725557089,NVIDIA Tesla V100-SXM2-32G,Global Annealing,,"global_steps_per_temperature=5, MCS_per_global_steps=15, number_of_temperatures=11, schedule=logT"
1000,7165636,-1.65415,126.219022822,1,126.219022822,NVIDIA Tesla V100-SXM2-32G,Global Annealing,,"global_steps_per_temperature=5, MCS_per_global_steps=15, number_of_temperatures=15, schedule=logT"
1000,7276912,-1.68996,111.066683531,0.9,222.133367062,NVIDIA Tesla V100-SXM2-32G,Global Annealing,,"global_steps_per_temperature=5, MCS_per_global_steps=15, number_of_temperatures=13, schedule=logT"
1000,7296639,-1.67606,111.015513325,0.9,222.031026649,NVIDIA Tesla V100-SXM2-32G,Global Annealing,,"global_steps_per_temperature=5, MCS_per_global_steps=15, number_of_temperatures=13, schedule=logT"
1000,7308676,-1.70904,80.5525367022,0.9,161.105073404,NVIDIA Tesla V100-SXM2-32G,Global Annealing,,"global_steps_per_temperature=5, MCS_per_global_steps=15, number_of_temperatures=9, schedule=logT"
1000,7388150,-1.71376,133.788870049,0.9,267.577740097,NVIDIA Tesla V100-SXM2-32G,Global Annealing,,"global_steps_per_temperature=5, MCS_per_global_steps=15, number_of_temperatures=16, schedule=logT"
1000,7408152,-1.70551,103.330396724,1,103.330396724,NVIDIA Tesla V100-SXM2-32G,Global Annealing,,"global_steps_per_temperature=5, MCS_per_global_steps=15, number_of_temperatures=12, schedule=logT"
1000,7429274,-1.70107,88.3738752842,1,88.3738752842,NVIDIA Tesla V100-SXM2-32G,Global Annealing,,"global_steps_per_temperature=5, MCS_per_global_steps=15, number_of_temperatures=10, schedule=logT"
1000,7778359,-1.73538,95.8032657623,1,95.8032657623,NVIDIA Tesla V100-SXM2-32G,Global Annealing,,"global_steps_per_temperature=5, MCS_per_global_steps=15, number_of_temperatures=11, schedule=logT"
1000,7923692,-1.65815,95.7519306183,1,95.7519306183,NVIDIA Tesla V100-SXM2-32G,Global Annealing,,"global_steps_per_temperature=5, MCS_per_global_steps=15, number_of_temperatures=11, schedule=logT"
1000,7981098,-1.73222,126.102522588,1,126.102522588,NVIDIA Tesla V100-SXM2-32G,Global Annealing,,"global_steps_per_temperature=5, MCS_per_global_steps=15, number_of_temperatures=15, schedule=logT"
1000,8085727,-1.70976,103.280458045,1,103.280458045,NVIDIA Tesla V100-SXM2-32G,Global Annealing,,"global_steps_per_temperature=5, MCS_per_global_steps=15, number_of_temperatures=12, schedule=logT"
1000,8111176,-1.69573,118.41813736,0.9,236.836274719,NVIDIA Tesla V100-SXM2-32G,Global Annealing,,"global_steps_per_temperature=5, MCS_per_global_steps=15, number_of_temperatures=14, schedule=logT"
1000,8397304,-1.71318,95.8528102636,0.9,191.705620527,NVIDIA Tesla V100-SXM2-32G,Global Annealing,,"global_steps_per_temperature=5, MCS_per_global_steps=15, number_of_temperatures=11, schedule=logT"
1000,8421935,-1.67507,133.921161628,1,133.921161628,NVIDIA Tesla V100-SXM2-32G,Global Annealing,,"global_steps_per_temperature=5, MCS_per_global_steps=15, number_of_temperatures=16, schedule=logT"
1000,8453239,-1.68031,110.958449984,1,110.958449984,NVIDIA Tesla V100-SXM2-32G,Global Annealing,,"global_steps_per_temperature=5, MCS_per_global_steps=15, number_of_temperatures=13, schedule=logT"
1000,8453439,-1.7135,103.400691056,1,103.400691056,NVIDIA Tesla V100-SXM2-32G,Global Annealing,,"global_steps_per_temperature=5, MCS_per_global_steps=15, number_of_temperatures=12, schedule=logT"
1000,8458710,-1.67951,126.285814905,1,126.285814905,NVIDIA Tesla V100-SXM2-32G,Global Annealing,,"global_steps_per_temperature=5, MCS_per_global_steps=15, number_of_temperatures=15, schedule=logT"
1000,8598692,-1.65938,110.906706285,0.9,221.813412571,NVIDIA Tesla V100-SXM2-32G,Global Annealing,,"global_steps_per_temperature=5, MCS_per_global_steps=15, number_of_temperatures=13, schedule=logT"
1000,8767273,-1.693,141.508812332,1,141.508812332,NVIDIA Tesla V100-SXM2-32G,Global Annealing,,"global_steps_per_temperature=5, MCS_per_global_steps=15, number_of_temperatures=17, schedule=logT"
1000,8924713,-1.66932,95.7275960922,0.9,191.455192184,NVIDIA Tesla V100-SXM2-32G,Global Annealing,,"global_steps_per_temperature=5, MCS_per_global_steps=15, number_of_temperatures=11, schedule=logT"
1000,8991508,-1.66604,80.6269582987,0.9,161.253916597,NVIDIA Tesla V100-SXM2-32G,Global Annealing,,"global_steps_per_temperature=5, MCS_per_global_steps=15, number_of_temperatures=9, schedule=logT"
1000,9015879,-1.71764,95.9800927401,0.9,191.96018548,NVIDIA Tesla V100-SXM2-32G,Global Annealing,,"global_steps_per_temperature=5, MCS_per_global_steps=15, number_of_temperatures=11, schedule=logT"
1000,9067352,-1.67964,120.059237552,0.9,240.118475103,NVIDIA Tesla V100-SXM2-32G,Global Annealing,,"global_steps_per_temperature=5, MCS_per_global_steps=15, number_of_temperatures=14, schedule=logT"
1000,9175173,-1.67111,110.720789647,1,110.720789647,NVIDIA Tesla V100-SXM2-32G,Global Annealing,,"global_steps_per_temperature=5, MCS_per_global_steps=15, number_of_temperatures=13, schedule=logT"
1000,9181537,-1.66824,126.695600963,0.9,253.391201925,NVIDIA Tesla V100-SXM2-32G,Global Annealing,,"global_steps_per_temperature=5, MCS_per_global_steps=15, number_of_temperatures=15, schedule=logT"
1000,9182308,-1.69881,88.1497785568,1,88.1497785568,NVIDIA Tesla V100-SXM2-32G,Global Annealing,,"global_steps_per_temperature=5, MCS_per_global_steps=15, number_of_temperatures=10, schedule=logT"
1000,9335413,-1.69022,118.666507006,1,118.666507006,NVIDIA Tesla V100-SXM2-32G,Global Annealing,,"global_steps_per_temperature=5, MCS_per_global_steps=15, number_of_temperatures=14, schedule=logT"
1000,9469999,-1.70814,103.352933025,1,103.352933025,NVIDIA Tesla V100-SXM2-32G,Global Annealing,,"global_steps_per_temperature=5, MCS_per_global_steps=15, number_of_temperatures=12, schedule=logT"
1000,9510406,-1.70199,95.6378344536,1,95.6378344536,NVIDIA Tesla V100-SXM2-32G,Global Annealing,,"global_steps_per_temperature=5, MCS_per_global_steps=15, number_of_temperatures=11, schedule=logT"
1000,9516964,-1.66673,103.54974153,1,103.54974153,NVIDIA Tesla V100-SXM2-32G,Global Annealing,,"global_steps_per_temperature=5, MCS_per_global_steps=15, number_of_temperatures=12, schedule=logT"
1000,9692062,-1.72398,110.990408039,0.9,221.980816078,NVIDIA Tesla V100-SXM2-32G,Global Annealing,,"global_steps_per_temperature=5, MCS_per_global_steps=15, number_of_temperatures=13, schedule=logT"
1000,9721192,-1.70144,95.8599045038,1,95.8599045038,NVIDIA Tesla V100-SXM2-32G,Global Annealing,,"global_steps_per_temperature=5, MCS_per_global_steps=15, number_of_temperatures=11, schedule=logT"
1000,9732497,-1.72027,80.6710669994,0.9,161.342133999,NVIDIA Tesla V100-SXM2-32G,Global Annealing,,"global_steps_per_temperature=5, MCS_per_global_steps=15, number_of_temperatures=9, schedule=logT"
1000,9807541,-1.68575,118.751953769,1,118.751953769,NVIDIA Tesla V100-SXM2-32G,Global Annealing,,"global_steps_per_temperature=5, MCS_per_global_steps=15, number_of_temperatures=14, schedule=logT"
1000,10016117,-1.66535,110.927487159,1,110.927487159,NVIDIA Tesla V100-SXM2-32G,Global Annealing,,"global_steps_per_temperature=5, MCS_per_global_steps=15, number_of_temperatures=13, schedule=logT"
1000,10289415,-1.68948,103.398669243,0.9,206.797338486,NVIDIA Tesla V100-SXM2-32G,Global Annealing,,"global_steps_per_temperature=5, MCS_per_global_steps=15, number_of_temperatures=12, schedule=logT"
1000,10303962,-1.69095,118.53620429,0.9,237.072408581,NVIDIA Tesla V100-SXM2-32G,Global Annealing,,"global_steps_per_temperature=5, MCS_per_global_steps=15, number_of_temperatures=14, schedule=logT"
1000,10321011,-1.76596,80.8772530794,1,80.8772530794,NVIDIA Tesla V100-SXM2-32G,Global Annealing,,"global_steps_per_temperature=5, MCS_per_global_steps=15, number_of_temperatures=9, schedule=logT"
1000,10492586,-1.68098,112.627194905,0.9,225.254389811,NVIDIA Tesla V100-SXM2-32G,Global Annealing,,"global_steps_per_temperature=5, MCS_per_global_steps=15, number_of_temperatures=13, schedule=logT"
1000,10617787,-1.6683,133.741247654,1,133.741247654,NVIDIA Tesla V100-SXM2-32G,Global Annealing,,"global_steps_per_temperature=5, MCS_per_global_steps=15, number_of_temperatures=16, schedule=logT"
1000,10680741,-1.65512,103.584718847,1,103.584718847,NVIDIA Tesla V100-SXM2-32G,Global Annealing,,"global_steps_per_temperature=5, MCS_per_global_steps=15, number_of_temperatures=12, schedule=logT"
1000,10752963,-1.74174,118.803592396,1,118.803592396,NVIDIA Tesla V100-SXM2-32G,Global Annealing,,"global_steps_per_temperature=5, MCS_per_global_steps=15, number_of_temperatures=14, schedule=logT"
1000,10759243,-1.69761,103.478011703,1,103.478011703,NVIDIA Tesla V100-SXM2-32G,Global Annealing,,"global_steps_per_temperature=5, MCS_per_global_steps=15, number_of_temperatures=12, schedule=logT"
1000,10785990,-1.69339,118.602913284,1,118.602913284,NVIDIA Tesla V100-SXM2-32G,Global Annealing,,"global_steps_per_temperature=5, MCS_per_global_steps=15, number_of_temperatures=14, schedule=logT"
1000,10873220,-1.65267,118.36980679,1,118.36980679,NVIDIA Tesla V100-SXM2-32G,Global Annealing,,"global_steps_per_temperature=5, MCS_per_global_steps=15, number_of_temperatures=14, schedule=logT"
1000,11037872,-1.69444,110.978031945,1,110.978031945,NVIDIA Tesla V100-SXM2-32G,Global Annealing,,"global_steps_per_temperature=5, MCS_per_global_steps=15, number_of_temperatures=13, schedule=logT"
1000,11146941,-1.65302,133.923591948,1,133.923591948,NVIDIA Tesla V100-SXM2-32G,Global Annealing,,"global_steps_per_temperature=5, MCS_per_global_steps=15, number_of_temperatures=16, schedule=logT"
1000,11182766,-1.68636,103.312283182,1,103.312283182,NVIDIA Tesla V100-SXM2-32G,Global Annealing,,"global_steps_per_temperature=5, MCS_per_global_steps=15, number_of_temperatures=12, schedule=logT"
1000,11251697,-1.7161,103.404603982,1,103.404603982,NVIDIA Tesla V100-SXM2-32G,Global Annealing,,"global_steps_per_temperature=5, MCS_per_global_steps=15, number_of_temperatures=12, schedule=logT"
1000,11371769,-1.69505,126.477944112,0.9,252.955888224,NVIDIA Tesla V100-SXM2-32G,Global Annealing,,"global_steps_per_temperature=5, MCS_per_global_steps=15, number_of_temperatures=15, schedule=logT"
1000,11402525,-1.70928,118.408065557,1,118.408065557,NVIDIA Tesla V100-SXM2-32G,Global Annealing,,"global_steps_per_temperature=5, MCS_per_global_steps=15, number_of_temperatures=14, schedule=logT"
1000,11412292,-1.70872,119.878688145,0.9,239.757376289,NVIDIA Tesla V100-SXM2-32G,Global Annealing,,"global_steps_per_temperature=5, MCS_per_global_steps=15, number_of_temperatures=14, schedule=logT"
1000,11503114,-1.69167,111.150400329,1,111.150400329,NVIDIA Tesla V100-SXM2-32G,Global Annealing,,"global_steps_per_temperature=5, MCS_per_global_steps=15, number_of_temperatures=13, schedule=logT"
1000,11534681,-1.71107,88.4055504799,1,88.4055504799,NVIDIA Tesla V100-SXM2-32G,Global Annealing,,"global_steps_per_temperature=5, MCS_per_global_steps=15, number_of_temperatures=10, schedule=logT"
1000,11605451,-1.68312,118.633185315,1,118.633185315,NVIDIA Tesla V100-SXM2-32G,Global Annealing,,"global_steps_per_temperature=5, MCS_per_global_steps=15, number_of_temperatures=14, schedule=logT"
1000,11679033,-1.66707,119.391033435,1,119.391033435,NVIDIA Tesla V100-SXM2-32G,Global Annealing,,"global_steps_per_temperature=5, MCS_per_global_steps=15, number_of_temperatures=14, schedule=logT"
1000,11777311,-1.6965,111.104805732,1,111.104805732,NVIDIA Tesla V100-SXM2-32G,Global Annealing,,"global_steps_per_temperature=5, MCS_per_global_steps=15, number_of_temperatures=13, schedule=logT"
1000,11802495,-1.6898,133.658132887,1,133.658132887,NVIDIA Tesla V100-SXM2-32G,Global Annealing,,"global_steps_per_temperature=5, MCS_per_global_steps=15, number_of_temperatures=16, schedule=logT"
1000,11915411,-1.68097,110.955025935,1,110.955025935,NVIDIA Tesla V100-SXM2-32G,Global Annealing,,"global_steps_per_temperature=5, MCS_per_global_steps=15, number_of_temperatures=13, schedule=logT"
1000,11960737,-1.6913,95.9210282803,1,95.9210282803,NVIDIA Tesla V100-SXM2-32G,Global Annealing,,"global_steps_per_temperature=5, MCS_per_global_steps=15, number_of_temperatures=11, schedule=logT"
1000,12088959,-1.69584,118.562190032,1,118.562190032,NVIDIA Tesla V100-SXM2-32G,Global Annealing,,"global_steps_per_temperature=5, MCS_per_global_steps=15, number_of_temperatures=14, schedule=logT"
1000,12238274,-1.66623,111.093418002,0.9,222.186836004,NVIDIA Tesla V100-SXM2-32G,Global Annealing,,"global_steps_per_temperature=5, MCS_per_global_steps=15, number_of_temperatures=13, schedule=logT"
1000,12476934,-1.71499,80.6455506086,1,80.6455506086,NVIDIA Tesla V100-SXM2-32G,Global Annealing,,"global_steps_per_temperature=5, MCS_per_global_steps=15, number_of_temperatures=9, schedule=logT"
1000,12520071,-1.68949,118.566163898,0.9,237.132327795,NVIDIA Tesla V100-SXM2-32G,Global Annealing,,"global_steps_per_temperature=5, MCS_per_global_steps=15, number_of_temperatures=14, schedule=logT"
1000,12531925,-1.68796,118.931951809,1,118.931951809,NVIDIA Tesla V100-SXM2-32G,Global Annealing,,"global_steps_per_temperature=5, MCS_per_global_steps=15, number_of_temperatures=14, schedule=logT"
1000,12600313,-1.70384,96.9727757692,1,96.9727757692,NVIDIA Tesla V100-SXM2-32G,Global Annealing,,"global_steps_per_temperature=5, MCS_per_global_steps=15, number_of_temperatures=11, schedule=logT"
1000,12876033,-1.69459,126.129522943,0.9,252.259045887,NVIDIA Tesla V100-SXM2-32G,Global Annealing,,"global_steps_per_temperature=5, MCS_per_global_steps=15, number_of_temperatures=15, schedule=logT"
1000,12948253,-1.6636,141.25856185,1,141.25856185,NVIDIA Tesla V100-SXM2-32G,Global Annealing,,"global_steps_per_temperature=5, MCS_per_global_steps=15, number_of_temperatures=17, schedule=logT"
1000,13046662,-1.73876,103.335862398,0.9,206.671724796,NVIDIA Tesla V100-SXM2-32G,Global Annealing,,"global_steps_per_temperature=5, MCS_per_global_steps=15, number_of_temperatures=12, schedule=logT"
1000,13183385,-1.66908,103.246575475,0.9,206.493150949,NVIDIA Tesla V100-SXM2-32G,Global Annealing,,"global_steps_per_temperature=5, MCS_per_global_steps=15, number_of_temperatures=12, schedule=logT"
1000,13232651,-1.65347,111.01818347,0.9,222.03636694,NVIDIA Tesla V100-SXM2-32G,Global Annealing,,"global_steps_per_temperature=5, MCS_per_global_steps=15, number_of_temperatures=13, schedule=logT"
1000,13392517,-1.69585,118.598392224,0.9,237.196784449,NVIDIA Tesla V100-SXM2-32G,Global Annealing,,"global_steps_per_temperature=5, MCS_per_global_steps=15, number_of_temperatures=14, schedule=logT"
1000,13414790,-1.72062,103.371645474,0.9,206.743290949,NVIDIA Tesla V100-SXM2-32G,Global Annealing,,"global_steps_per_temperature=5, MCS_per_global_steps=15, number_of_temperatures=12, schedule=logT"
1000,13551483,-1.67897,95.8232420206,0.9,191.646484041,NVIDIA Tesla V100-SXM2-32G,Global Annealing,,"global_steps_per_temperature=5, MCS_per_global_steps=15, number_of_temperatures=11, schedule=logT"
1000,13753649,-1.69922,103.503700638,1,103.503700638,NVIDIA Tesla V100-SXM2-32G,Global Annealing,,"global_steps_per_temperature=5, MCS_per_global_steps=15, number_of_temperatures=12, schedule=logT"
1000,13928994,-1.68737,88.164262414,1,88.164262414,NVIDIA Tesla V100-SXM2-32G,Global Annealing,,"global_steps_per_temperature=5, MCS_per_global_steps=15, number_of_temperatures=10, schedule=logT"
1000,14030140,-1.67294,111.309874392,1,111.309874392,NVIDIA Tesla V100-SXM2-32G,Global Annealing,,"global_steps_per_temperature=5, MCS_per_global_steps=15, number_of_temperatures=13, schedule=logT"
1000,14066739,-1.67601,118.571671271,0.9,237.143342543,NVIDIA Tesla V100-SXM2-32G,Global Annealing,,"global_steps_per_temperature=5, MCS_per_global_steps=15, number_of_temperatures=14, schedule=logT"
1000,14106527,-1.71267,148.842337418,0.9,297.684674835,NVIDIA Tesla V100-SXM2-32G,Global Annealing,,"global_steps_per_temperature=5, MCS_per_global_steps=15, number_of_temperatures=18, schedule=logT"
1000,14207659,-1.6417,133.642693496,0.9,267.285386992,NVIDIA Tesla V100-SXM2-32G,Global Annealing,,"global_steps_per_temperature=5, MCS_per_global_steps=15, number_of_temperatures=16, schedule=logT"
1000,14230092,-1.68828,111.030023599,0.9,222.060047197,NVIDIA Tesla V100-SXM2-32G,Global Annealing,,"global_steps_per_temperature=5, MCS_per_global_steps=15, number_of_temperatures=13, schedule=logT"
1000,14265803,-1.65969,118.650457335,1,118.650457335,NVIDIA Tesla V100-SXM2-32G,Global Annealing,,"global_steps_per_temperature=5, MCS_per_global_steps=15, number_of_temperatures=14, schedule=logT"
1000,14280208,-1.69269,88.2865552902,0.9,176.57311058,NVIDIA Tesla V100-SXM2-32G,Global Annealing,,"global_steps_per_temperature=5, MCS_per_global_steps=15, number_of_temperatures=10, schedule=logT"
1000,14441004,-1.69695,134.013927054,1,134.013927054,NVIDIA Tesla V100-SXM2-32G,Global Annealing,,"global_steps_per_temperature=5, MCS_per_global_steps=15, number_of_temperatures=16, schedule=logT"
1000,14542852,-1.69856,143.009200001,1,143.009200001,NVIDIA Tesla V100-SXM2-32G,Global Annealing,,"global_steps_per_temperature=5, MCS_per_global_steps=15, number_of_temperatures=17, schedule=logT"
1000,14547212,-1.67492,103.428572226,1,103.428572226,NVIDIA Tesla V100-SXM2-32G,Global Annealing,,"global_steps_per_temperature=5, MCS_per_global_steps=15, number_of_temperatures=12, schedule=logT"
1000,14550708,-1.68647,88.1531222343,1,88.1531222343,NVIDIA Tesla V100-SXM2-32G,Global Annealing,,"global_steps_per_temperature=5, MCS_per_global_steps=15, number_of_temperatures=10, schedule=logT"
1000,14772102,-1.725,103.295666218,0.9,206.591332436,NVIDIA Tesla V100-SXM2-32G,Global Annealing,,"global_steps_per_temperature=5, MCS_per_global_steps=15, number_of_temperatures=12, schedule=logT"
1000,15011482,-1.73888,88.5871156693,1,88.5871156693,NVIDIA Tesla V100-SXM2-32G,Global Annealing,,"global_steps_per_temperature=5, MCS_per_global_steps=15, number_of_temperatures=10, schedule=logT"
1000,15037000,-1.70124,133.688270164,1,133.688270164,NVIDIA Tesla V100-SXM2-32G,Global Annealing,,"global_steps_per_temperature=5, MCS_per_global_steps=15, number_of_temperatures=16, schedule=logT"
1000,15345480,-1.74859,95.9006042242,1,95.9006042242,NVIDIA Tesla V100-SXM2-32G,Global Annealing,,"global_steps_per_temperature=5, MCS_per_global_steps=15, number_of_temperatures=11, schedule=logT"
1000,15446758,-1.70623,119.215616679,0.9,238.431233358,NVIDIA Tesla V100-SXM2-32G,Global Annealing,,"global_steps_per_temperature=5, MCS_per_global_steps=15, number_of_temperatures=14, schedule=logT"
1000,15509635,-1.64976,88.2911593914,1,88.2911593914,NVIDIA Tesla V100-SXM2-32G,Global Annealing,,"global_steps_per_temperature=5, MCS_per_global_steps=15, number_of_temperatures=10, schedule=logT"
1000,15570002,-1.67317,111.526989841,0.9,223.053979683,NVIDIA Tesla V100-SXM2-32G,Global Annealing,,"global_steps_per_temperature=5, MCS_per_global_steps=15, number_of_temperatures=13, schedule=logT"
1000,15709809,-1.66647,95.6747033358,1,95.6747033358,NVIDIA Tesla V100-SXM2-32G,Global Annealing,,"global_steps_per_temperature=5, MCS_per_global_steps=15, number_of_temperatures=11, schedule=logT"
1000,15755754,-1.69615,95.9388020992,0.9,191.877604198,NVIDIA Tesla V100-SXM2-32G,Global Annealing,,"global_steps_per_temperature=5, MCS_per_global_steps=15, number_of_temperatures=11, schedule=logT"
1000,15763085,-1.65829,88.4112747431,1,88.4112747431,NVIDIA Tesla V100-SXM2-32G,Global Annealing,,"global_steps_per_temperature=5, MCS_per_global_steps=15, number_of_temperatures=10, schedule=logT"
1000,15924209,-1.71158,103.45171237,1,103.45171237,NVIDIA Tesla V100-SXM2-32G,Global Annealing,,"global_steps_per_temperature=5, MCS_per_global_steps=15, number_of_temperatures=12, schedule=logT"
1000,15981934,-1.67195,141.924024677,1,141.924024677,NVIDIA Tesla V100-SXM2-32G,Global Annealing,,"global_steps_per_temperature=5, MCS_per_global_steps=15, number_of_temperatures=17, schedule=logT"
1000,16164239,-1.69433,88.2781365871,1,88.2781365871,NVIDIA Tesla V100-SXM2-32G,Global Annealing,,"global_steps_per_temperature=5, MCS_per_global_steps=15, number_of_temperatures=10, schedule=logT"
1000,16173523,-1.70529,110.947075915,1,110.947075915,NVIDIA Tesla V100-SXM2-32G,Global Annealing,,"global_steps_per_temperature=5, MCS_per_global_steps=15, number_of_temperatures=13, schedule=logT"
1000,16248991,-1.67747,111.122542477,0.9,222.245084953,NVIDIA Tesla V100-SXM2-32G,Global Annealing,,"global_steps_per_temperature=5, MCS_per_global_steps=15, number_of_temperatures=13, schedule=logT"
1000,16319112,-1.71467,103.540392876,1,103.540392876,NVIDIA Tesla V100-SXM2-32G,Global Annealing,,"global_steps_per_temperature=5, MCS_per_global_steps=15, number_of_temperatures=12, schedule=logT"
1000,16350340,-1.70231,133.521310568,1,133.521310568,NVIDIA Tesla V100-SXM2-32G,Global Annealing,,"global_steps_per_temperature=5, MCS_per_global_steps=15, number_of_temperatures=16, schedule=logT"
1000,16516882,-1.69499,110.905696535,1,110.905696535,NVIDIA Tesla V100-SXM2-32G,Global Annealing,,"global_steps_per_temperature=5, MCS_per_global_steps=15, number_of_temperatures=13, schedule=logT"
1000,16577430,-1.69605,103.398532987,1,103.398532987,NVIDIA Tesla V100-SXM2-32G,Global Annealing,,"global_steps_per_temperature=5, MCS_per_global_steps=15, number_of_temperatures=12, schedule=logT"
1000,16600400,-1.6835,103.226487803,1,103.226487803,NVIDIA Tesla V100-SXM2-32G,Global Annealing,,"global_steps_per_temperature=5, MCS_per_global_steps=15, number_of_temperatures=12, schedule=logT"
1000,16609733,-1.71667,103.583821273,1,103.583821273,NVIDIA Tesla V100-SXM2-32G,Global Annealing,,"global_steps_per_temperature=5, MCS_per_global_steps=15, number_of_temperatures=12, schedule=logT"
1000,16657501,-1.69571,133.670337033,0.9,267.340674067,NVIDIA Tesla V100-SXM2-32G,Global Annealing,,"global_steps_per_temperature=5, MCS_per_global_steps=15, number_of_temperatures=16, schedule=logT"
1000,16678332,-1.70272,103.535900521,1,103.535900521,NVIDIA Tesla V100-SXM2-32G,Global Annealing,,"global_steps_per_temperature=5, MCS_per_global_steps=15, number_of_temperatures=12, schedule=logT"
1000,16695257,-1.70229,88.2137032747,1,88.2137032747,NVIDIA Tesla V100-SXM2-32G,Global Annealing,,"global_steps_per_temperature=5, MCS_per_global_steps=15, number_of_temperatures=10, schedule=logT"
1000,110046,-1.65216,21.6619713783,1,21.6619713783,NVIDIA Tesla V100-SXM2-32G,Population Annealing,,"MCS_per_temperature=10, number_of_temperatures=40, schedule=logT"
1000,228274,-1.64456,13.3418563604,0.9,26.6837127209,NVIDIA Tesla V100-SXM2-32G,Population Annealing,,"MCS_per_temperature=10, number_of_temperatures=25, schedule=logT"
1000,369954,-1.7295,21.6820127964,0.9,43.3640255928,NVIDIA Tesla V100-SXM2-32G,Population Annealing,,"MCS_per_temperature=10, number_of_temperatures=40, schedule=logT"
1000,418527,-1.68276,29.9979010582,1,29.9979010582,NVIDIA Tesla V100-SXM2-32G,Population Annealing,,"MCS_per_temperature=10, number_of_temperatures=55, schedule=logT"
1000,492757,-1.66257,160.446439648,1,160.446439648,NVIDIA Tesla V100-SXM2-32G,Population Annealing,,"MCS_per_temperature=10, number_of_temperatures=290, schedule=logT"
1000,554682,-1.70255,21.6726865292,0.9,43.3453730583,NVIDIA Tesla V100-SXM2-32G,Population Annealing,,"MCS_per_temperature=10, number_of_temperatures=40, schedule=logT"
1000,624355,-1.72807,16.1103030205,0.9,32.220606041,NVIDIA Tesla V100-SXM2-32G,Population Annealing,,"MCS_per_temperature=10, number_of_temperatures=30, schedule=logT"
1000,631654,-1.69768,32.7870619535,0.9,65.5741239071,NVIDIA Tesla V100-SXM2-32G,Population Annealing,,"MCS_per_temperature=10, number_of_temperatures=60, schedule=logT"
1000,654105,-1.66439,43.9005008698,1,43.9005008698,NVIDIA Tesla V100-SXM2-32G,Population Annealing,,"MCS_per_temperature=10, number_of_temperatures=80, schedule=logT"
1000,658180,-1.72803,16.1143084526,1,16.1143084526,NVIDIA Tesla V100-SXM2-32G,Population Annealing,,"MCS_per_temperature=10, number_of_temperatures=30, schedule=logT"
1000,983552,-1.73856,13.3247514725,1,13.3247514725,NVIDIA Tesla V100-SXM2-32G,Population Annealing,,"MCS_per_temperature=10, number_of_temperatures=25, schedule=logT"
1000,984673,-1.70021,21.6526973724,1,21.6526973724,NVIDIA Tesla V100-SXM2-32G,Population Annealing,,"MCS_per_temperature=10, number_of_temperatures=40, schedule=logT"
1000,1010826,-1.70137,41.1147939444,0.9,82.2295878887,NVIDIA Tesla V100-SXM2-32G,Population Annealing,,"MCS_per_temperature=10, number_of_temperatures=75, schedule=logT"
1000,1051560,-1.63919,24.4267777681,1,24.4267777681,NVIDIA Tesla V100-SXM2-32G,Population Annealing,,"MCS_per_temperature=10, number_of_temperatures=45, schedule=logT"
1000,1086364,-1.70278,30.0057500124,0.9,60.0115000248,NVIDIA Tesla V100-SXM2-32G,Population Annealing,,"MCS_per_temperature=10, number_of_temperatures=55, schedule=logT"
1000,1153328,-1.68096,18.9038220167,0.8,54.0905100346,NVIDIA Tesla V100-SXM2-32G,Population Annealing,,"MCS_per_temperature=10, number_of_temperatures=35, schedule=logT"
1000,1251908,-1.73153,13.3362312317,1,13.3362312317,NVIDIA Tesla V100-SXM2-32G,Population Annealing,,"MCS_per_temperature=10, number_of_temperatures=25, schedule=logT"
1000,1430748,-1.69098,54.9652848244,0.8,157.275089012,NVIDIA Tesla V100-SXM2-32G,Population Annealing,,"MCS_per_temperature=10, number_of_temperatures=100, schedule=logT"
1000,1494266,-1.71234,88.3736501455,0.9,176.747300291,NVIDIA Tesla V100-SXM2-32G,Population Annealing,,"MCS_per_temperature=10, number_of_temperatures=160, schedule=logT"
1000,1526610,-1.69344,32.796356988,1,32.796356988,NVIDIA Tesla V100-SXM2-32G,Population Annealing,,"MCS_per_temperature=10, number_of_temperatures=60, schedule=logT"
1000,1575578,-1.68794,18.8924622059,0.9,37.7849244118,NVIDIA Tesla V100-SXM2-32G,Population Annealing,,"MCS_per_temperature=10, number_of_temperatures=35, schedule=logT"
1000,1631660,-1.68455,13.3335232019,1,13.3335232019,NVIDIA Tesla V100-SXM2-32G,Population Annealing,,"MCS_per_temperature=10, number_of_temperatures=25, schedule=logT"
1000,1730477,-1.64773,41.1336365461,0.8,117.69785911,NVIDIA Tesla V100-SXM2-32G,Population Annealing,,"MCS_per_temperature=10, number_of_temperatures=75, schedule=logT"
1000,1769991,-1.72066,13.3355471134,1,13.3355471134,NVIDIA Tesla V100-SXM2-32G,Population Annealing,,"MCS_per_temperature=10, number_of_temperatures=25, schedule=logT"
1000,1791529,-1.70447,24.4622478724,0.9,48.9244957447,NVIDIA Tesla V100-SXM2-32G,Population Annealing,,"MCS_per_temperature=10, number_of_temperatures=45, schedule=logT"
1000,1914710,-1.67759,18.9008824348,0.9,37.8017648697,NVIDIA Tesla V100-SXM2-32G,Population Annealing,,"MCS_per_temperature=10, number_of_temperatures=35, schedule=logT"
1000,1958910,-1.72736,27.2039195776,1,27.2039195776,NVIDIA Tesla V100-SXM2-32G,Population Annealing,,"MCS_per_temperature=10, number_of_temperatures=50, schedule=logT"
1000,2094269,-1.68269,16.0992751122,0.9,32.1985502243,NVIDIA Tesla V100-SXM2-32G,Population Annealing,,"MCS_per_temperature=10, number_of_temperatures=30, schedule=logT"
1000,2103206,-1.73526,24.4480445385,0.9,48.896089077,NVIDIA Tesla V100-SXM2-32G,Population Annealing,,"MCS_per_temperature=10, number_of_temperatures=45, schedule=logT"
1000,2254005,-1.68656,13.3350144625,0.9,26.6700289249,NVIDIA Tesla V100-SXM2-32G,Population Annealing,,"MCS_per_temperature=10, number_of_temperatures=25, schedule=logT"
1000,2261070,-1.67718,21.67749753,0.9,43.35499506,NVIDIA Tesla V100-SXM2-32G,Population Annealing,,"MCS_per_temperature=10, number_of_temperatures=40, schedule=logT"
1000,2330819,-1.71491,18.8758827925,1,18.8758827925,NVIDIA Tesla V100-SXM2-32G,Population Annealing,,"MCS_per_temperature=10, number_of_temperatures=35, schedule=logT"
1000,2471202,-1.6528,35.580619669,0.9,71.1612393379,NVIDIA Tesla V100-SXM2-32G,Population Annealing,,"MCS_per_temperature=10, number_of_temperatures=65, schedule=logT"
1000,2475263,-1.69088,13.3337583065,1,13.3337583065,NVIDIA Tesla V100-SXM2-32G,Population Annealing,,"MCS_per_temperature=10, number_of_temperatures=25, schedule=logT"
1000,2494091,-1.69335,16.1215115547,1,16.1215115547,NVIDIA Tesla V100-SXM2-32G,Population Annealing,,"MCS_per_temperature=10, number_of_temperatures=30, schedule=logT"
1000,2575023,-1.70921,16.1100455761,1,16.1100455761,NVIDIA Tesla V100-SXM2-32G,Population Annealing,,"MCS_per_temperature=10, number_of_temperatures=30, schedule=logT"
1000,2622727,-1.68713,13.3242105961,1,13.3242105961,NVIDIA Tesla V100-SXM2-32G,Population Annealing,,"MCS_per_temperature=10, number_of_temperatures=25, schedule=logT"
1000,2629801,-1.6916,18.8922271729,0.9,37.7844543457,NVIDIA Tesla V100-SXM2-32G,Population Annealing,,"MCS_per_temperature=10, number_of_temperatures=35, schedule=logT"
1000,2633193,-1.69039,93.901791954,0.7,359.172342734,NVIDIA Tesla V100-SXM2-32G,Population Annealing,,"MCS_per_temperature=10, number_of_temperatures=170, schedule=logT"
1000,2702397,-1.72828,18.8912218571,1,18.8912218571,NVIDIA Tesla V100-SXM2-32G,Population Annealing,,"MCS_per_temperature=10, number_of_temperatures=35, schedule=logT"
1000,2892506,-1.71593,27.2411176443,1,27.2411176443,NVIDIA Tesla V100-SXM2-32G,Population Annealing,,"MCS_per_temperature=10, number_of_temperatures=50, schedule=logT"
1000,3139424,-1.67747,21.6530160904,0.9,43.3060321808,NVIDIA Tesla V100-SXM2-32G,Population Annealing,,"MCS_per_temperature=10, number_of_temperatures=40, schedule=logT"
1000,3212296,-1.72928,13.340085268,0.9,26.680170536,NVIDIA Tesla V100-SXM2-32G,Population Annealing,,"MCS_per_temperature=10, number_of_temperatures=25, schedule=logT"
1000,3240710,-1.69005,18.8863270521,0.9,37.7726541042,NVIDIA Tesla V100-SXM2-32G,Population Annealing,,"MCS_per_temperature=10, number_of_temperatures=35, schedule=logT"
1000,3259621,-1.69826,21.6686739683,0.9,43.3373479366,NVIDIA Tesla V100-SXM2-32G,Population Annealing,,"MCS_per_temperature=10, number_of_temperatures=40, schedule=logT"
1000,3328448,-1.69081,21.6686849594,1,21.6686849594,NVIDIA Tesla V100-SXM2-32G,Population Annealing,,"MCS_per_temperature=10, number_of_temperatures=40, schedule=logT"
1000,3396452,-1.70352,18.9000617504,0.9,37.8001235008,NVIDIA Tesla V100-SXM2-32G,Population Annealing,,"MCS_per_temperature=10, number_of_temperatures=35, schedule=logT"
1000,3603850,-1.68343,21.6622887135,0.9,43.3245774269,NVIDIA Tesla V100-SXM2-32G,Population Annealing,,"MCS_per_temperature=10, number_of_temperatures=40, schedule=logT"
1000,3633003,-1.67308,29.9806346416,0.9,59.9612692833,NVIDIA Tesla V100-SXM2-32G,Population Annealing,,"MCS_per_temperature=10, number_of_temperatures=55, schedule=logT"
1000,3713812,-1.73963,38.3578064442,0.9,76.7156128883,NVIDIA Tesla V100-SXM2-32G,Population Annealing,,"MCS_per_temperature=10, number_of_temperatures=70, schedule=logT"
1000,3727510,-1.69772,16.1192206144,1,16.1192206144,NVIDIA Tesla V100-SXM2-32G,Population Annealing,,"MCS_per_temperature=10, number_of_temperatures=30, schedule=logT"
1000,3730240,-1.70893,18.8900764942,1,18.8900764942,NVIDIA Tesla V100-SXM2-32G,Population Annealing,,"MCS_per_temperature=10, number_of_temperatures=35, schedule=logT"
1000,3883519,-1.68642,21.6716706991,1,21.6716706991,NVIDIA Tesla V100-SXM2-32G,Population Annealing,,"MCS_per_temperature=10, number_of_temperatures=40, schedule=logT"
1000,3996225,-1.71324,21.6647073746,0.9,43.3294147491,NVIDIA Tesla V100-SXM2-32G,Population Annealing,,"MCS_per_temperature=10, number_of_temperatures=40, schedule=logT"
1000,4030608,-1.70571,29.9964211702,1,29.9964211702,NVIDIA Tesla V100-SXM2-32G,Population Annealing,,"MCS_per_temperature=10, number_of_temperatures=55, schedule=logT"
1000,4043709,-1.67275,10.5479724169,0.9,21.0959448338,NVIDIA Tesla V100-SXM2-32G,Population Annealing,,"MCS_per_temperature=10, number_of_temperatures=20, schedule=logT"
1000,4068529,-1.66537,21.680223918,0.9,43.3604478359,NVIDIA Tesla V100-SXM2-32G,Population Annealing,,"MCS_per_temperature=10, number_of_temperatures=40, schedule=logT"
1000,4087272,-1.73407,13.3425917149,1,13.3425917149,NVIDIA Tesla V100-SXM2-32G,Population Annealing,,"MCS_per_temperature=10, number_of_temperatures=25, schedule=logT"
1000,4187807,-1.72066,13.3242203712,1,13.3242203712,NVIDIA Tesla V100-SXM2-32G,Population Annealing,,"MCS_per_temperature=10, number_of_temperatures=25, schedule=logT"
1000,4197361,-1.68945,24.4461323023,0.5,162.416587413,NVIDIA Tesla V100-SXM2-32G,Population Annealing,,"MCS_per_temperature=10, number_of_temperatures=45, schedule=logT"
1000,4490197,-1.7264,16.1222076893,0.9,32.2444153786,NVIDIA Tesla V100-SXM2-32G,Population Annealing,,"MCS_per_temperature=10, number_of_temperatures=30, schedule=logT"
1000,4621654,-1.69278,29.9989554882,1,29.9989554882,NVIDIA Tesla V100-SXM2-32G,Population Annealing,,"MCS_per_temperature=10, number_of_temperatures=55, schedule=logT"
1000,4911238,-1.73575,16.0999499083,0.9,32.1998998165,NVIDIA Tesla V100-SXM2-32G,Population Annealing,,"MCS_per_temperature=10, number_of_temperatures=30, schedule=logT"
1000,4931967,-1.71426,13.3388229847,1,13.3388229847,NVIDIA Tesla V100-SXM2-32G,Population Annealing,,"MCS_per_temperature=10, number_of_temperatures=25, schedule=logT"
1000,4955389,-1.6801,16.1227015018,0.9,32.2454030037,NVIDIA Tesla V100-SXM2-32G,Population Annealing,,"MCS_per_temperature=10, number_of_temperatures=30, schedule=logT"
1000,4960753,-1.67041,10.5601238728,0.9,21.1202477455,NVIDIA Tesla V100-SXM2-32G,Population Annealing,,"MCS_per_temperature=10, number_of_temperatures=20, schedule=logT"
1000,5049071,-1.69004,18.8765414476,0.9,37.7530828953,NVIDIA Tesla V100-SXM2-32G,Population Annealing,,"MCS_per_temperature=10, number_of_temperatures=35, schedule=logT"
1000,5105258,-1.74864,18.8969002962,1,18.8969002962,NVIDIA Tesla V100-SXM2-32G,Population Annealing,,"MCS_per_temperature=10, number_of_temperatures=35, schedule=logT"
1000,5314052,-1.71041,16.1069750309,1,16.1069750309,NVIDIA Tesla V100-SXM2-32G,Population Annealing,,"MCS_per_temperature=10, number_of_temperatures=30, schedule=logT"
1000,5406329,-1.71337,18.901367116,0.9,37.8027342319,NVIDIA Tesla V100-SXM2-32G,Population Annealing,,"MCS_per_temperature=10, number_of_temperatures=35, schedule=logT"
1000,5550256,-1.7049,13.3342486143,1,13.3342486143,NVIDIA Tesla V100-SXM2-32G,Population Annealing,,"MCS_per_temperature=10, number_of_temperatures=25, schedule=logT"
1000,5551067,-1.67663,18.9021517754,0.9,37.8043035507,NVIDIA Tesla V100-SXM2-32G,Population Annealing,,"MCS_per_temperature=10, number_of_temperatures=35, schedule=logT"
1000,5672028,-1.68293,16.1105574369,0.9,32.2211148739,NVIDIA Tesla V100-SXM2-32G,Population Annealing,,"MCS_per_temperature=10, number_of_temperatures=30, schedule=logT"
1000,5719349,-1.66567,54.9870857,0.5,365.326289686,NVIDIA Tesla V100-SXM2-32G,Population Annealing,,"MCS_per_temperature=10, number_of_temperatures=100, schedule=logT"
1000,5913160,-1.67523,24.4285716295,0.9,48.857143259,NVIDIA Tesla V100-SXM2-32G,Population Annealing,,"MCS_per_temperature=10, number_of_temperatures=45, schedule=logT"
1000,5918224,-1.6477,21.6697412968,1,21.6697412968,NVIDIA Tesla V100-SXM2-32G,Population Annealing,,"MCS_per_temperature=10, number_of_temperatures=40, schedule=logT"
1000,5920270,-1.71192,13.3396976471,0.9,26.6793952942,NVIDIA Tesla V100-SXM2-32G,Population Annealing,,"MCS_per_temperature=10, number_of_temperatures=25, schedule=logT"
1000,6007986,-1.67094,24.4573694468,1,24.4573694468,NVIDIA Tesla V100-SXM2-32G,Population Annealing,,"MCS_per_temperature=10, number_of_temperatures=45, schedule=logT"
1000,6145844,-1.66589,32.8016863823,1,32.8016863823,NVIDIA Tesla V100-SXM2-32G,Population Annealing,,"MCS_per_temperature=10, number_of_temperatures=60, schedule=logT"
1000,6163735,-1.69796,18.893323946,1,18.893323946,NVIDIA Tesla V100-SXM2-32G,Population Annealing,,"MCS_per_temperature=10, number_of_temperatures=35, schedule=logT"
1000,6391497,-1.73133,10.5592924356,0.9,21.1185848713,NVIDIA Tesla V100-SXM2-32G,Population Annealing,,"MCS_per_temperature=10, number_of_temperatures=20, schedule=logT"
1000,6397791,-1.72007,24.4399534702,0.9,48.8799069405,NVIDIA Tesla V100-SXM2-32G,Population Annealing,,"MCS_per_temperature=10, number_of_temperatures=45, schedule=logT"
1000,6582535,-1.7002,16.1216944456,1,16.1216944456,NVIDIA Tesla V100-SXM2-32G,Population Annealing,,"MCS_per_temperature=10, number_of_temperatures=30, schedule=logT"
1000,6616820,-1.68809,13.3247062683,0.9,26.6494125366,NVIDIA Tesla V100-SXM2-32G,Population Annealing,,"MCS_per_temperature=10, number_of_temperatures=25, schedule=logT"
1000,6667235,-1.73309,24.4534301281,1,24.4534301281,NVIDIA Tesla V100-SXM2-32G,Population Annealing,,"MCS_per_temperature=10, number_of_temperatures=45, schedule=logT"
1000,6774234,-1.69408,21.670795083,1,21.670795083,NVIDIA Tesla V100-SXM2-32G,Population Annealing,,"MCS_per_temperature=10, number_of_temperatures=40, schedule=logT"
1000,6857733,-1.70857,16.1207979918,0.9,32.2415959835,NVIDIA Tesla V100-SXM2-32G,Population Annealing,,"MCS_per_temperature=10, number_of_temperatures=30, schedule=logT"
1000,6893474,-1.71062,18.8862775803,1,18.8862775803,NVIDIA Tesla V100-SXM2-32G,Population Annealing,,"MCS_per_temperature=10, number_of_temperatures=35, schedule=logT"
1000,6998119,-1.71608,13.3231946707,0.9,26.6463893414,NVIDIA Tesla V100-SXM2-32G,Population Annealing,,"MCS_per_temperature=10, number_of_temperatures=25, schedule=logT"
1000,7165636,-1.65415,18.8927669048,1,18.8927669048,NVIDIA Tesla V100-SXM2-32G,Population Annealing,,"MCS_per_temperature=10, number_of_temperatures=35, schedule=logT"
1000,7276912,-1.68996,13.3424813747,0.9,26.6849627495,NVIDIA Tesla V100-SXM2-32G,Population Annealing,,"MCS_per_temperature=10, number_of_temperatures=25, schedule=logT"
1000,7296639,-1.67606,16.1184573889,0.9,32.2369147778,NVIDIA Tesla V100-SXM2-32G,Population Annealing,,"MCS_per_temperature=10, number_of_temperatures=30, schedule=logT"
1000,7308676,-1.70904,10.5602306128,1,10.5602306128,NVIDIA Tesla V100-SXM2-32G,Population Annealing,,"MCS_per_temperature=10, number_of_temperatures=20, schedule=logT"
1000,7388150,-1.71376,35.5729618311,1,35.5729618311,NVIDIA Tesla V100-SXM2-32G,Population Annealing,,"MCS_per_temperature=10, number_of_temperatures=65, schedule=logT"
1000,7408152,-1.70551,21.6757790565,0.9,43.3515581131,NVIDIA Tesla V100-SXM2-32G,Population Annealing,,"MCS_per_temperature=10, number_of_temperatures=40, schedule=logT"
1000,7429274,-1.70107,13.3451290369,1,13.3451290369,NVIDIA Tesla V100-SXM2-32G,Population Annealing,,"MCS_per_temperature=10, number_of_temperatures=25, schedule=logT"
1000,7778359,-1.73538,13.3238623619,1,13.3238623619,NVIDIA Tesla V100-SXM2-32G,Population Annealing,,"MCS_per_temperature=10, number_of_temperatures=25, schedule=logT"
1000,7923692,-1.65815,10.5536526918,0.9,21.1073053837,NVIDIA Tesla V100-SXM2-32G,Population Annealing,,"MCS_per_temperature=10, number_of_temperatures=20, schedule=logT"
1000,7981098,-1.73222,24.4602940798,1,24.4602940798,NVIDIA Tesla V100-SXM2-32G,Population Annealing,,"MCS_per_temperature=10, number_of_temperatures=45, schedule=logT"
1000,8085727,-1.70976,21.6525068521,1,21.6525068521,NVIDIA Tesla V100-SXM2-32G,Population Annealing,,"MCS_per_temperature=10, number_of_temperatures=40, schedule=logT"
1000,8111176,-1.69573,54.9877526522,0.8,157.339377401,NVIDIA Tesla V100-SXM2-32G,Population Annealing,,"MCS_per_temperature=10, number_of_temperatures=100, schedule=logT"
1000,8397304,-1.71318,18.9047396183,0.9,37.8094792366,NVIDIA Tesla V100-SXM2-32G,Population Annealing,,"MCS_per_temperature=10, number_of_temperatures=35, schedule=logT"
1000,8421935,-1.67507,35.5604587317,0.6,178.722711749,NVIDIA Tesla V100-SXM2-32G,Population Annealing,,"MCS_per_temperature=10, number_of_temperatures=65, schedule=logT"
1000,8453239,-1.68031,16.1010263681,0.9,32.2020527363,NVIDIA Tesla V100-SXM2-32G,Population Annealing,,"MCS_per_temperature=10, number_of_temperatures=30, schedule=logT"
1000,8453439,-1.7135,38.363198328,0.9,76.726396656,NVIDIA Tesla V100-SXM2-32G,Population Annealing,,"MCS_per_temperature=10, number_of_temperatures=70, schedule=logT"
1000,8458710,-1.67951,43.8625638485,0.9,87.725127697,NVIDIA Tesla V100-SXM2-32G,Population Annealing,,"MCS_per_temperature=10, number_of_temperatures=80, schedule=logT"
1000,8598692,-1.65938,10.5478600264,0.3,136.187560536,NVIDIA Tesla V100-SXM2-32G,Population Annealing,,"MCS_per_temperature=10, number_of_temperatures=20, schedule=logT"
1000,8767273,-1.693,38.3525545359,0.9,76.7051090717,NVIDIA Tesla V100-SXM2-32G,Population Annealing,,"MCS_per_temperature=10, number_of_temperatures=70, schedule=logT"
1000,8924713,-1.66932,16.1099164963,1,16.1099164963,NVIDIA Tesla V100-SXM2-32G,Population Annealing,,"MCS_per_temperature=10, number_of_temperatures=30, schedule=logT"
1000,8991508,-1.66604,13.3360727072,1,13.3360727072,NVIDIA Tesla V100-SXM2-32G,Population Annealing,,"MCS_per_temperature=10, number_of_temperatures=25, schedule=logT"
1000,9015879,-1.71764,13.3379813194,0.9,26.6759626389,NVIDIA Tesla V100-SXM2-32G,Population Annealing,,"MCS_per_temperature=10, number_of_temperatures=25, schedule=logT"
1000,9067352,-1.67964,27.2052716017,0.9,54.4105432034,NVIDIA Tesla V100-SXM2-32G,Population Annealing,,"MCS_per_temperature=10, number_of_temperatures=50, schedule=logT"
1000,9175173,-1.67111,16.1004871607,1,16.1004871607,NVIDIA Tesla V100-SXM2-32G,Population Annealing,,"MCS_per_temperature=10, number_of_temperatures=30, schedule=logT"
1000,9181537,-1.66824,46.6963417292,0.7,178.612506822,NVIDIA Tesla V100-SXM2-32G,Population Annealing,,"MCS_per_temperature=10, number_of_temperatures=85, schedule=logT"
1000,9182308,-1.69881,10.5481895685,0.9,21.096379137,NVIDIA Tesla V100-SXM2-32G,Population Annealing,,"MCS_per_temperature=10, number_of_temperatures=20, schedule=logT"
1000,9335413,-1.69022,18.8926608562,1,18.8926608562,NVIDIA Tesla V100-SXM2-32G,Population Annealing,,"MCS_per_temperature=10, number_of_temperatures=35, schedule=logT"
1000,9469999,-1.70814,21.6669044495,1,21.6669044495,NVIDIA Tesla V100-SXM2-32G,Population Annealing,,"MCS_per_temperature=10, number_of_temperatures=40, schedule=logT"
1000,9510406,-1.70199,18.8988466501,0.9,37.7976933002,NVIDIA Tesla V100-SXM2-32G,Population Annealing,,"MCS_per_temperature=10, number_of_temperatures=35, schedule=logT"
1000,9516964,-1.66673,16.1177108049,1,16.1177108049,NVIDIA Tesla V100-SXM2-32G,Population Annealing,,"MCS_per_temperature=10, number_of_temperatures=30, schedule=logT"
1000,9692062,-1.72398,35.5669418573,0.9,71.1338837147,NVIDIA Tesla V100-SXM2-32G,Population Annealing,,"MCS_per_temperature=10, number_of_temperatures=65, schedule=logT"
1000,9721192,-1.70144,13.3443738937,0.9,26.6887477875,NVIDIA Tesla V100-SXM2-32G,Population Annealing,,"MCS_per_temperature=10, number_of_temperatures=25, schedule=logT"
1000,9732497,-1.72027,13.3357248545,1,13.3357248545,NVIDIA Tesla V100-SXM2-32G,Population Annealing,,"MCS_per_temperature=10, number_of_temperatures=25, schedule=logT"
1000,9807541,-1.68575,43.9069968939,1,43.9069968939,NVIDIA Tesla V100-SXM2-32G,Population Annealing,,"MCS_per_temperature=10, number_of_temperatures=80, schedule=logT"
1000,10016117,-1.66535,18.8762118578,0.8,54.0115076204,NVIDIA Tesla V100-SXM2-32G,Population Annealing,,"MCS_per_temperature=10, number_of_temperatures=35, schedule=logT"
1000,10289415,-1.68948,18.9010999441,0.9,37.8021998882,NVIDIA Tesla V100-SXM2-32G,Population Annealing,,"MCS_per_temperature=10, number_of_temperatures=35, schedule=logT"
1000,10303962,-1.69095,27.2317215681,0.9,54.4634431362,NVIDIA Tesla V100-SXM2-32G,Population Annealing,,"MCS_per_temperature=10, number_of_temperatures=50, schedule=logT"
1000,10321011,-1.76596,60.6240641594,1,60.6240641594,NVIDIA Tesla V100-SXM2-32G,Population Annealing,,"MCS_per_temperature=10, number_of_temperatures=110, schedule=logT"
1000,10492586,-1.68098,18.9003397226,0.9,37.8006794453,NVIDIA Tesla V100-SXM2-32G,Population Annealing,,"MCS_per_temperature=10, number_of_temperatures=35, schedule=logT"
1000,10617787,-1.6683,46.6543417215,0.8,133.494546067,NVIDIA Tesla V100-SXM2-32G,Population Annealing,,"MCS_per_temperature=10, number_of_temperatures=85, schedule=logT"
1000,10680741,-1.65512,32.7967964172,0.9,65.5935928345,NVIDIA Tesla V100-SXM2-32G,Population Annealing,,"MCS_per_temperature=10, number_of_temperatures=60, schedule=logT"
1000,10752963,-1.74174,16.1194704533,0.9,32.2389409065,NVIDIA Tesla V100-SXM2-32G,Population Annealing,,"MCS_per_temperature=10, number_of_temperatures=30, schedule=logT"
1000,10759243,-1.69761,24.4282334566,1,24.4282334566,NVIDIA Tesla V100-SXM2-32G,Population Annealing,,"MCS_per_temperature=10, number_of_temperatures=45, schedule=logT"
1000,10785990,-1.69339,21.6531393528,1,21.6531393528,NVIDIA Tesla V100-SXM2-32G,Population Annealing,,"MCS_per_temperature=10, number_of_temperatures=40, schedule=logT"
1000,10873220,-1.65267,30.0179985762,0.9,60.0359971523,NVIDIA Tesla V100-SXM2-32G,Population Annealing,,"MCS_per_temperature=10, number_of_temperatures=55, schedule=logT"
1000,11037872,-1.69444,16.0998771667,1,16.0998771667,NVIDIA Tesla V100-SXM2-32G,Population Annealing,,"MCS_per_temperature=10, number_of_temperatures=30, schedule=logT"
1000,11146941,-1.65302,43.8838979483,0.9,87.7677958965,NVIDIA Tesla V100-SXM2-32G,Population Annealing,,"MCS_per_temperature=10, number_of_temperatures=80, schedule=logT"
1000,11182766,-1.68636,27.2352250576,1,27.2352250576,NVIDIA Tesla V100-SXM2-32G,Population Annealing,,"MCS_per_temperature=10, number_of_temperatures=50, schedule=logT"
1000,11251697,-1.7161,16.1134398222,1,16.1134398222,NVIDIA Tesla V100-SXM2-32G,Population Annealing,,"MCS_per_temperature=10, number_of_temperatures=30, schedule=logT"
1000,11371769,-1.69505,41.1216572285,0.9,82.2433144569,NVIDIA Tesla V100-SXM2-32G,Population Annealing,,"MCS_per_temperature=10, number_of_temperatures=75, schedule=logT"
1000,11402525,-1.70928,38.3355974674,0.9,76.6711949348,NVIDIA Tesla V100-SXM2-32G,Population Annealing,,"MCS_per_temperature=10, number_of_temperatures=70, schedule=logT"
1000,11412292,-1.70872,27.202254343,0.9,54.4045086861,NVIDIA Tesla V100-SXM2-32G,Population Annealing,,"MCS_per_temperature=10, number_of_temperatures=50, schedule=logT"
1000,11503114,-1.69167,16.1076052666,1,16.1076052666,NVIDIA Tesla V100-SXM2-32G,Population Annealing,,"MCS_per_temperature=10, number_of_temperatures=30, schedule=logT"
1000,11534681,-1.71107,18.8994125843,1,18.8994125843,NVIDIA Tesla V100-SXM2-32G,Population Annealing,,"MCS_per_temperature=10, number_of_temperatures=35, schedule=logT"
1000,11605451,-1.68312,27.2275527716,1,27.2275527716,NVIDIA Tesla V100-SXM2-32G,Population Annealing,,"MCS_per_temperature=10, number_of_temperatures=50, schedule=logT"
1000,11679033,-1.66707,21.6701799631,1,21.6701799631,NVIDIA Tesla V100-SXM2-32G,Population Annealing,,"MCS_per_temperature=10, number_of_temperatures=40, schedule=logT"
1000,11777311,-1.6965,32.766861105,0.9,65.5337222099,NVIDIA Tesla V100-SXM2-32G,Population Annealing,,"MCS_per_temperature=10, number_of_temperatures=60, schedule=logT"
1000,11802495,-1.6898,27.2156464338,1,27.2156464338,NVIDIA Tesla V100-SXM2-32G,Population Annealing,,"MCS_per_temperature=10, number_of_temperatures=50, schedule=logT"
1000,11915411,-1.68097,38.3353263855,0.9,76.670652771,NVIDIA Tesla V100-SXM2-32G,Population Annealing,,"MCS_per_temperature=10, number_of_temperatures=70, schedule=logT"
1000,11960737,-1.6913,16.1215953112,0.9,32.2431906223,NVIDIA Tesla V100-SXM2-32G,Population Annealing,,"MCS_per_temperature=10, number_of_temperatures=30, schedule=logT"
1000,12088959,-1.69584,27.2386769533,0.9,54.4773539066,NVIDIA Tesla V100-SXM2-32G,Population Annealing,,"MCS_per_temperature=10, number_of_temperatures=50, schedule=logT"
1000,12238274,-1.66623,16.0998543262,0.9,32.1997086525,NVIDIA Tesla V100-SXM2-32G,Population Annealing,,"MCS_per_temperature=10, number_of_temperatures=30, schedule=logT"
1000,12476934,-1.71499,10.558190155,0.9,21.1163803101,NVIDIA Tesla V100-SXM2-32G,Population Annealing,,"MCS_per_temperature=10, number_of_temperatures=20, schedule=logT"
1000,12520071,-1.68949,24.4600045204,0.9,48.9200090408,NVIDIA Tesla V100-SXM2-32G,Population Annealing,,"MCS_per_temperature=10, number_of_temperatures=45, schedule=logT"
1000,12531925,-1.68796,18.8861107349,1,18.8861107349,NVIDIA Tesla V100-SXM2-32G,Population Annealing,,"MCS_per_temperature=10, number_of_temperatures=35, schedule=logT"
1000,12600313,-1.70384,13.3418838739,1,13.3418838739,NVIDIA Tesla V100-SXM2-32G,Population Annealing,,"MCS_per_temperature=10, number_of_temperatures=25, schedule=logT"
1000,12876033,-1.69459,66.067008853,0.9,132.134017706,NVIDIA Tesla V100-SXM2-32G,Population Annealing,,"MCS_per_temperature=10, number_of_temperatures=120, schedule=logT"
1000,12948253,-1.6636,30.0001755476,0.9,60.0003510952,NVIDIA Tesla V100-SXM2-32G,Population Annealing,,"MCS_per_temperature=10, number_of_temperatures=55, schedule=logT"
1000,13046662,-1.73876,24.4291785479,0.9,48.8583570957,NVIDIA Tesla V100-SXM2-32G,Population Annealing,,"MCS_per_temperature=10, number_of_temperatures=45, schedule=logT"
1000,13183385,-1.66908,16.1123546362,1,16.1123546362,NVIDIA Tesla V100-SXM2-32G,Population Annealing,,"MCS_per_temperature=10, number_of_temperatures=30, schedule=logT"
1000,13232651,-1.65347,18.8963028669,1,18.8963028669,NVIDIA Tesla V100-SXM2-32G,Population Annealing,,"MCS_per_temperature=10, number_of_temperatures=35, schedule=logT"
1000,13392517,-1.69585,16.1227999926,1,16.1227999926,NVIDIA Tesla V100-SXM2-32G,Population Annealing,,"MCS_per_temperature=10, number_of_temperatures=30, schedule=logT"
1000,13414790,-1.72062,13.3404556513,1,13.3404556513,NVIDIA Tesla V100-SXM2-32G,Population Annealing,,"MCS_per_temperature=10, number_of_temperatures=25, schedule=logT"
1000,13551483,-1.67897,13.3409492016,0.9,26.6818984032,NVIDIA Tesla V100-SXM2-32G,Population Annealing,,"MCS_per_temperature=10, number_of_temperatures=25, schedule=logT"
1000,13753649,-1.69922,27.2254753113,0.9,54.4509506226,NVIDIA Tesla V100-SXM2-32G,Population Annealing,,"MCS_per_temperature=10, number_of_temperatures=50, schedule=logT"
1000,13928994,-1.68737,13.3344817877,1,13.3344817877,NVIDIA Tesla V100-SXM2-32G,Population Annealing,,"MCS_per_temperature=10, number_of_temperatures=25, schedule=logT"
1000,14030140,-1.67294,24.460517931,0.9,48.921035862,NVIDIA Tesla V100-SXM2-32G,Population Annealing,,"MCS_per_temperature=10, number_of_temperatures=45, schedule=logT"
1000,14066739,-1.67601,32.79803617,1,32.79803617,NVIDIA Tesla V100-SXM2-32G,Population Annealing,,"MCS_per_temperature=10, number_of_temperatures=60, schedule=logT"
1000,14106527,-1.71267,35.5778470278,1,35.5778470278,NVIDIA Tesla V100-SXM2-32G,Population Annealing,,"MCS_per_temperature=10, number_of_temperatures=65, schedule=logT"
1000,14207659,-1.6417,66.1171764374,0.8,189.18458883,NVIDIA Tesla V100-SXM2-32G,Population Annealing,,"MCS_per_temperature=10, number_of_temperatures=120, schedule=logT"
1000,14230092,-1.68828,18.8770316362,1,18.8770316362,NVIDIA Tesla V100-SXM2-32G,Population Annealing,,"MCS_per_temperature=10, number_of_temperatures=35, schedule=logT"
1000,14265803,-1.65969,29.9916692734,1,29.9916692734,NVIDIA Tesla V100-SXM2-32G,Population Annealing,,"MCS_per_temperature=10, number_of_temperatures=55, schedule=logT"
1000,14280208,-1.69269,16.1095741987,1,16.1095741987,NVIDIA Tesla V100-SXM2-32G,Population Annealing,,"MCS_per_temperature=10, number_of_temperatures=30, schedule=logT"
1000,14441004,-1.69695,38.3395301342,1,38.3395301342,NVIDIA Tesla V100-SXM2-32G,Population Annealing,,"MCS_per_temperature=10, number_of_temperatures=70, schedule=logT"
1000,14542852,-1.69856,46.6939599276,0.9,93.3879198551,NVIDIA Tesla V100-SXM2-32G,Population Annealing,,"MCS_per_temperature=10, number_of_temperatures=85, schedule=logT"
1000,14547212,-1.67492,16.1109805822,1,16.1109805822,NVIDIA Tesla V100-SXM2-32G,Population Annealing,,"MCS_per_temperature=10, number_of_temperatures=30, schedule=logT"
1000,14550708,-1.68647,16.1223242521,1,16.1223242521,NVIDIA Tesla V100-SXM2-32G,Population Annealing,,"MCS_per_temperature=10, number_of_temperatures=30, schedule=logT"
1000,14772102,-1.725,16.1103684902,0.9,32.2207369804,NVIDIA Tesla V100-SXM2-32G,Population Annealing,,"MCS_per_temperature=10, number_of_temperatures=30, schedule=logT"
1000,15011482,-1.73888,10.5609577656,1,10.5609577656,NVIDIA Tesla V100-SXM2-32G,Population Annealing,,"MCS_per_temperature=10, number_of_temperatures=20, schedule=logT"
1000,15037000,-1.70124,35.5809816837,0.9,71.1619633675,NVIDIA Tesla V100-SXM2-32G,Population Annealing,,"MCS_per_temperature=10, number_of_temperatures=65, schedule=logT"
1000,15345480,-1.74859,13.3315508366,0.9,26.6631016731,NVIDIA Tesla V100-SXM2-32G,Population Annealing,,"MCS_per_temperature=10, number_of_temperatures=25, schedule=logT"
1000,15446758,-1.70623,55.02135005,1,55.02135005,NVIDIA Tesla V100-SXM2-32G,Population Annealing,,"MCS_per_temperature=10, number_of_temperatures=100, schedule=logT"
1000,15509635,-1.64976,10.5543478966,0.9,21.1086957932,NVIDIA Tesla V100-SXM2-32G,Population Annealing,,"MCS_per_temperature=10, number_of_temperatures=20, schedule=logT"
1000,15570002,-1.67317,16.1095335722,0.9,32.2190671444,NVIDIA Tesla V100-SXM2-32G,Population Annealing,,"MCS_per_temperature=10, number_of_temperatures=30, schedule=logT"
1000,15709809,-1.66647,16.1110668659,1,16.1110668659,NVIDIA Tesla V100-SXM2-32G,Population Annealing,,"MCS_per_temperature=10, number_of_temperatures=30, schedule=logT"
1000,15755754,-1.69615,13.3317523956,0.9,26.6635047913,NVIDIA Tesla V100-SXM2-32G,Population Annealing,,"MCS_per_temperature=10, number_of_temperatures=25, schedule=logT"
1000,15763085,-1.65829,10.5533601046,0.9,21.1067202091,NVIDIA Tesla V100-SXM2-32G,Population Annealing,,"MCS_per_temperature=10, number_of_temperatures=20, schedule=logT"
1000,15924209,-1.71158,16.1216211796,1,16.1216211796,NVIDIA Tesla V100-SXM2-32G,Population Annealing,,"MCS_per_temperature=10, number_of_temperatures=30, schedule=logT"
1000,15981934,-1.67195,52.192701602,0.5,346.760803599,NVIDIA Tesla V100-SXM2-32G,Population Annealing,,"MCS_per_temperature=10, number_of_temperatures=95, schedule=logT"
1000,16164239,-1.69433,10.5537471294,0.9,21.1074942589,NVIDIA Tesla V100-SXM2-32G,Population Annealing,,"MCS_per_temperature=10, number_of_temperatures=20, schedule=logT"
1000,16173523,-1.70529,21.683493185,0.9,43.3669863701,NVIDIA Tesla V100-SXM2-32G,Population Annealing,,"MCS_per_temperature=10, number_of_temperatures=40, schedule=logT"
1000,16248991,-1.67747,29.9928382635,0.9,59.985676527,NVIDIA Tesla V100-SXM2-32G,Population Annealing,,"MCS_per_temperature=10, number_of_temperatures=55, schedule=logT"
1000,16319112,-1.71467,24.4457657576,0.9,48.8915315151,NVIDIA Tesla V100-SXM2-32G,Population Annealing,,"MCS_per_temperature=10, number_of_temperatures=45, schedule=logT"
1000,16350340,-1.70231,21.6805815458,1,21.6805815458,NVIDIA Tesla V100-SXM2-32G,Population Annealing,,"MCS_per_temperature=10, number_of_temperatures=40, schedule=logT"
1000,16516882,-1.69499,16.1013255835,1,16.1013255835,NVIDIA Tesla V100-SXM2-32G,Population Annealing,,"MCS_per_temperature=10, number_of_temperatures=30, schedule=logT"
1000,16577430,-1.69605,13.3327433109,0.9,26.6654866219,NVIDIA Tesla V100-SXM2-32G,Population Annealing,,"MCS_per_temperature=10, number_of_temperatures=25, schedule=logT"
1000,16600400,-1.6835,16.1223845959,1,16.1223845959,NVIDIA Tesla V100-SXM2-32G,Population Annealing,,"MCS_per_temperature=10, number_of_temperatures=30, schedule=logT"
1000,16609733,-1.71667,18.8755458593,1,18.8755458593,NVIDIA Tesla V100-SXM2-32G,Population Annealing,,"MCS_per_temperature=10, number_of_temperatures=35, schedule=logT"
1000,16657501,-1.69571,21.6673188686,0.3,279.755257721,NVIDIA Tesla V100-SXM2-32G,Population Annealing,,"MCS_per_temperature=10, number_of_temperatures=40, schedule=logT"
1000,16678332,-1.70272,13.3418901682,1,13.3418901682,NVIDIA Tesla V100-SXM2-32G,Population Annealing,,"MCS_per_temperature=10, number_of_temperatures=25, schedule=logT"
1000,16695257,-1.70229,21.6707103252,0.9,43.3414206505,NVIDIA Tesla V100-SXM2-32G,Population Annealing,,"MCS_per_temperature=10, number_of_temperatures=40, schedule=logT"
2744,502033,-1.69213,1999.32998307,1,1999.32998307,NVIDIA Tesla V100-SXM2-32G,Global Annealing,,"global_steps_per_temperature=5, MCS_per_global_steps=15, number_of_temperatures=49, schedule=logT"
2744,3210623,-1.72202,2036.90183961,0.9,4073.80367923,NVIDIA Tesla V100-SXM2-32G,Global Annealing,,"global_steps_per_temperature=5, MCS_per_global_steps=15, number_of_temperatures=50, schedule=logT"
2744,4063355,-1.70716,2283.9463738,1,2283.9463738,NVIDIA Tesla V100-SXM2-32G,Global Annealing,,"global_steps_per_temperature=5, MCS_per_global_steps=15, number_of_temperatures=56, schedule=logT"
2744,5105474,-1.68596,1833.52663348,0.9,3667.05326695,NVIDIA Tesla V100-SXM2-32G,Global Annealing,,"global_steps_per_temperature=5, MCS_per_global_steps=15, number_of_temperatures=45, schedule=logT"
2744,7711527,-1.7123,1756.95519972,1,1756.95519972,NVIDIA Tesla V100-SXM2-32G,Global Annealing,,"global_steps_per_temperature=5, MCS_per_global_steps=15, number_of_temperatures=43, schedule=logT"
2744,9551411,-1.69631,2161.8080441,0.9,4323.6160882,NVIDIA Tesla V100-SXM2-32G,Global Annealing,,"global_steps_per_temperature=5, MCS_per_global_steps=15, number_of_temperatures=53, schedule=logT"
2744,9569658,-1.70125,1839.25070546,0.9,3678.50141091,NVIDIA Tesla V100-SXM2-32G,Global Annealing,,"global_steps_per_temperature=5, MCS_per_global_steps=15, number_of_temperatures=45, schedule=logT"
2744,11086240,-1.68613,2939.4417671,1,2939.4417671,NVIDIA Tesla V100-SXM2-32G,Global Annealing,,"global_steps_per_temperature=5, MCS_per_global_steps=15, number_of_temperatures=72, schedule=logT"
2744,14949383,-1.67764,1832.12010691,1,1832.12010691,NVIDIA Tesla V100-SXM2-32G,Global Annealing,,"global_steps_per_temperature=5, MCS_per_global_steps=15, number_of_temperatures=45, schedule=logT"
2744,16095495,-1.70227,2039.51484635,0.9,4079.0296927,NVIDIA Tesla V100-SXM2-32G,Global Annealing,,"global_steps_per_temperature=5, MCS_per_global_steps=15, number_of_temperatures=50, schedule=logT"
2744,502033,-1.69213,1636.7420177,0.2,33778.594531,NVIDIA Tesla V100-SXM2-32G,Population Annealing,,"MCS_per_temperature=10, number_of_temperatures=525, schedule=logT"
2744,3210623,-1.72202,2182.96694088,0.9,4365.93388176,NVIDIA Tesla V100-SXM2-32G,Population Annealing,,"MCS_per_temperature=10, number_of_temperatures=700, schedule=logT"
2744,4063355,-1.70702,1013.32932899,0,inf,NVIDIA Tesla V100-SXM2-32G,Population Annealing,,"MCS_per_temperature=10, number_of_temperatures=325, schedule=logT"
2744,5105474,-1.68596,387.251105285,0.1,16926.2387661,NVIDIA Tesla V100-SXM2-32G,Population Annealing,,"MCS_per_temperature=10, number_of_temperatures=125, schedule=logT"
2744,7711527,-1.7123,1868.3309813,0.1,81662.3009002,NVIDIA Tesla V100-SXM2-32G,Population Annealing,,"MCS_per_temperature=10, number_of_temperatures=600, schedule=logT"
2744,9551411,-1.69627,1949.11147401,0,inf,NVIDIA Tesla V100-SXM2-32G,Population Annealing,,"MCS_per_temperature=10, number_of_temperatures=625, schedule=logT"
2744,9569658,-1.70125,387.12275753,0.1,16920.6288538,NVIDIA Tesla V100-SXM2-32G,Population Annealing,,"MCS_per_temperature=10, number_of_temperatures=125, schedule=logT"
2744,11086240,-1.68613,622.188819289,0.1,27195.0586304,NVIDIA Tesla V100-SXM2-32G,Population Annealing,,"MCS_per_temperature=10, number_of_temperatures=200, schedule=logT"
2744,14949383,-1.67764,2179.31424396,0.1,95254.9721262,NVIDIA Tesla V100-SXM2-32G,Population Annealing,,"MCS_per_temperature=10, number_of_temperatures=700, schedule=logT"
2744,16095495,-1.70227,2333.35956759,0.3,30126.9211546,NVIDIA Tesla V100-SXM2-32G,Population Annealing,,"MCS_per_temperature=10, number_of_temperatures=750, schedule=logT"
