# model=ea2d N=2304 meanJ=0 seed=185496313 distribution=gaussian field=0 num_fields=2304 num_couplings=4608
0 0
1 0
2 0
3 0
4 0
5 0
6 0
7 0
8 0
9 0
10 0
11 0
12 0
13 0
14 0
15 0
16 0
17 0
18 0
19 0
20 0
21 0
22 0
23 0
24 0
25 0
26 0
27 0
28 0
29 0
30 0
31 0
32 0
33 0
34 0
35 0
36 0
37 0
38 0
39 0
40 0
41 0
42 0
43 0
44 0
45 0
46 0
47 0
48 0
49 0
50 0
51 0
52 0
53 0
54 0
55 0
56 0
57 0
58 0
59 0
60 0
61 0
62 0
63 0
64 0
65 0
66 0
67 0
68 0
69 0
70 0
71 0
72 0
73 0
74 0
75 0
76 0
77 0
78 0
79 0
80 0
81 0
82 0
83 0
84 0
85 0
86 0
87 0
88 0
89 0
90 0
91 0
92 0
93 0
94 0
95 0
96 0
97 0
98 0
99 0
100 0
101 0
102 0
103 0
104 0
105 0
106 0
107 0
108 0
109 0
110 0
111 0
112 0
113 0
114 0
115 0
116 0
117 0
118 0
119 0
120 0
121 0
122 0
123 0
124 0
125 0
126 0
127 0
128 0
129 0
130 0
131 0
132 0
133 0
134 0
135 0
136 0
137 0
138 0
139 0
140 0
141 0
142 0
143 0
144 0
145 0
146 0
147 0
148 0
149 0
150 0
151 0
152 0
153 0
154 0
155 0
156 0
157 0
158 0
159 0
160 0
161 0
162 0
163 0
164 0
165 0
166 0
167 0
168 0
169 0
170 0
171 0
172 0
173 0
174 0
175 0
176 0
177 0
178 0
179 0
180 0
181 0
182 0
183 0
184 0
185 0
186 0
187 0
188 0
189 0
190 0
191 0
192 0
193 0
194 0
195 0
196 0
197 0
198 0
199 0
200 0
201 0
202 0
203 0
204 0
205 0
206 0
207 0
208 0
209 0
210 0
211 0
212 0
213 0
214 0
215 0
216 0
217 0
218 0
219 0
220 0
221 0
222 0
223 0
224 0
225 0
226 0
227 0
228 0
229 0
230 0
231 0
232 0
233 0
234 0
235 0
236 0
237 0
238 0
239 0
240 0
241 0
242 0
243 0
244 0
245 0
246 0
247 0
248 0
249 0
250 0
251 0
252 0
253 0
254 0
255 0
256 0
257 0
258 0
259 0
260 0
261 0
262 0
263 0
264 0
265 0
266 0
267 0
268 0
269 0
270 0
271 0
272 0
273 0
274 0
275 0
276 0
277 0
278 0
279 0
280 0
281 0
282 0
283 0
284 0
285 0
286 0
287 0
288 0
289 0
290 0
291 0
292 0
293 0
294 0
295 0
296 0
297 0
298 0
299 0
300 0
301 0
302 0
303 0
304 0
305 0
306 0
307 0
308 0
309 0
310 0
311 0
312 0
313 0
314 0
315 0
316 0
317 0
318 0
319 0
320 0
321 0
322 0
323 0
324 0
325 0
326 0
327 0
328 0
329 0
330 0
331 0
332 0
333 0
334 0
335 0
336 0
337 0
338 0
339 0
340 0
341 0
342 0
343 0
344 0
345 0
346 0
347 0
348 0
349 0
350 0
351 0
352 0
353 0
354 0
355 0
356 0
357 0
358 0
359 0
360 0
361 0
362 0
363 0
364 0
365 0
366 0
367 0
368 0
369 0
370 0
371 0
372 0
373 0
374 0
375 0
376 0
377 0
378 0
379 0
380 0
381 0
382 0
383 0
384 0
385 0
386 0
387 0
388 0
389 0
390 0
391 0
392 0
393 0
394 0
395 0
396 0
397 0
398 0
399 0
400 0
401 0
402 0
403 0
404 0
405 0
406 0
407 0
408 0
409 0
410 0
411 0
412 0
413 0
414 0
415 0
416 0
417 0
418 0
419 0
420 0
421 0
422 0
423 0
424 0
425 0
426 0
427 0
428 0
429 0
430 0
431 0
432 0
433 0
434 0
435 0
436 0
437 0
438 0
439 0
440 0
441 0
442 0
443 0
444 0
445 0
446 0
447 0
448 0
449 0
450 0
451 0
452 0
453 0
454 0
455 0
456 0
457 0
458 0
459 0
460 0
461 0
462 0
463 0
464 0
465 0
466 0
467 0
468 0
469 0
470 0
471 0
472 0
473 0
474 0
475 0
476 0
477 0
478 0
479 0
480 0
481 0
482 0
483 0
484 0
485 0
486 0
487 0
488 0
489 0
490 0
491 0
492 0
493 0
494 0
495 0
496 0
497 0
498 0
499 0
500 0
501 0
502 0
503 0
504 0
505 0
506 0
507 0
508 0
509 0
510 0
511 0
512 0
513 0
514 0
515 0
516 0
517 0
518 0
519 0
520 0
521 0
522 0
523 0
524 0
525 0
526 0
527 0
528 0
529 0
530 0
531 0
532 0
533 0
534 0
535 0
536 0
537 0
538 0
539 0
540 0
541 0
542 0
543 0
544 0
545 0
546 0
547 0
548 0
549 0
550 0
551 0
552 0
553 0
554 0
555 0
556 0
557 0
558 0
559 0
560 0
561 0
562 0
563 0
564 0
565 0
566 0
567 0
568 0
569 0
570 0
571 0
572 0
573 0
574 0
575 0
576 0
577 0
578 0
579 0
580 0
581 0
582 0
583 0
584 0
585 0
586 0
587 0
588 0
589 0
590 0
591 0
592 0
593 0
594 0
595 0
596 0
597 0
598 0
599 0
600 0
601 0
602 0
603 0
604 0
605 0
606 0
607 0
608 0
609 0
610 0
611 0
612 0
613 0
614 0
615 0
616 0
617 0
618 0
619 0
620 0
621 0
622 0
623 0
624 0
625 0
626 0
627 0
628 0
629 0
630 0
631 0
632 0
633 0
634 0
635 0
636 0
637 0
638 0
639 0
640 0
641 0
642 0
643 0
644 0
645 0
646 0
647 0
648 0
649 0
650 0
651 0
652 0
653 0
654 0
655 0
656 0
657 0
658 0
659 0
660 0
661 0
662 0
663 0
664 0
665 0
666 0
667 0
668 0
669 0
670 0
671 0
672 0
673 0
674 0
675 0
676 0
677 0
678 0
679 0
680 0
681 0
682 0
683 0
684 0
685 0
686 0
687 0
688 0
689 0
690 0
691 0
692 0
693 0
694 0
695 0
696 0
697 0
698 0
699 0
700 0
701 0
702 0
703 0
704 0
705 0
706 0
707 0
708 0
709 0
710 0
711 0
712 0
713 0
714 0
715 0
716 0
717 0
718 0
719 0
720 0
721 0
722 0
723 0
724 0
725 0
726 0
727 0
728 0
729 0
730 0
731 0
732 0
733 0
734 0
735 0
736 0
737 0
738 0
739 0
740 0
741 0
742 0
743 0
744 0
745 0
746 0
747 0
748 0
749 0
750 0
751 0
752 0
753 0
754 0
755 0
756 0
757 0
758 0
759 0
760 0
761 0
762 0
763 0
764 0
765 0
766 0
767 0
768 0
769 0
770 0
771 0
772 0
773 0
774 0
775 0
776 0
777 0
778 0
779 0
780 0
781 0
782 0
783 0
784 0
785 0
786 0
787 0
788 0
789 0
790 0
791 0
792 0
793 0
794 0
795 0
796 0
797 0
798 0
799 0
800 0
801 0
802 0
803 0
804 0
805 0
806 0
807 0
808 0
809 0
810 0
811 0
812 0
813 0
814 0
815 0
816 0
817 0
818 0
819 0
820 0
821 0
822 0
823 0
824 0
825 0
826 0
827 0
828 0
829 0
830 0
831 0
832 0
833 0
834 0
835 0
836 0
837 0
838 0
839 0
840 0
841 0
842 0
843 0
844 0
845 0
846 0
847 0
848 0
849 0
850 0
851 0
852 0
853 0
854 0
855 0
856 0
857 0
858 0
859 0
860 0
861 0
862 0
863 0
864 0
865 0
866 0
867 0
868 0
869 0
870 0
871 0
872 0
873 0
874 0
875 0
876 0
877 0
878 0
879 0
880 0
881 0
882 0
883 0
884 0
885 0
886 0
887 0
888 0
889 0
890 0
891 0
892 0
893 0
894 0
895 0
896 0
897 0
898 0
899 0
900 0
901 0
902 0
903 0
904 0
905 0
906 0
907 0
908 0
909 0
910 0
911 0
912 0
913 0
914 0
915 0
916 0
917 0
918 0
919 0
920 0
921 0
922 0
923 0
924 0
925 0
926 0
927 0
928 0
929 0
930 0
931 0
932 0
933 0
934 0
935 0
936 0
937 0
938 0
939 0
940 0
941 0
942 0
943 0
944 0
945 0
946 0
947 0
948 0
949 0
950 0
951 0
952 0
953 0
954 0
955 0
956 0
957 0
958 0
959 0
960 0
961 0
962 0
963 0
964 0
965 0
966 0
967 0
968 0
969 0
970 0
971 0
972 0
973 0
974 0
975 0
976 0
977 0
978 0
979 0
980 0
981 0
982 0
983 0
984 0
985 0
986 0
987 0
988 0
989 0
990 0
991 0
992 0
993 0
994 0
995 0
996 0
997 0
998 0
999 0
1000 0
1001 0
1002 0
1003 0
1004 0
1005 0
1006 0
1007 0
1008 0
1009 0
1010 0
1011 0
1012 0
1013 0
1014 0
1015 0
1016 0
1017 0
1018 0
1019 0
1020 0
1021 0
1022 0
1023 0
1024 0
1025 0
1026 0
1027 0
1028 0
1029 0
1030 0
1031 0
1032 0
1033 0
1034 0
1035 0
1036 0
1037 0
1038 0
1039 0
1040 0
1041 0
1042 0
1043 0
1044 0
1045 0
1046 0
1047 0
1048 0
1049 0
1050 0
1051 0
1052 0
1053 0
1054 0
1055 0
1056 0
1057 0
1058 0
1059 0
1060 0
1061 0
1062 0
1063 0
1064 0
1065 0
1066 0
1067 0
1068 0
1069 0
1070 0
1071 0
1072 0
1073 0
1074 0
1075 0
1076 0
1077 0
1078 0
1079 0
1080 0
1081 0
1082 0
1083 0
1084 0
1085 0
1086 0
1087 0
1088 0
1089 0
1090 0
1091 0
1092 0
1093 0
1094 0
1095 0
1096 0
1097 0
1098 0
1099 0
1100 0
1101 0
1102 0
1103 0
1104 0
1105 0
1106 0
1107 0
1108 0
1109 0
1110 0
1111 0
1112 0
1113 0
1114 0
1115 0
1116 0
1117 0
1118 0
1119 0
1120 0
1121 0
1122 0
1123 0
1124 0
1125 0
1126 0
1127 0
1128 0
1129 0
1130 0
1131 0
1132 0
1133 0
1134 0
1135 0
1136 0
1137 0
1138 0
1139 0
1140 0
1141 0
1142 0
1143 0
1144 0
1145 0
1146 0
1147 0
1148 0
1149 0
1150 0
1151 0
1152 0
1153 0
1154 0
1155 0
1156 0
1157 0
1158 0
1159 0
1160 0
1161 0
1162 0
1163 0
1164 0
1165 0
1166 0
1167 0
1168 0
1169 0
1170 0
1171 0
1172 0
1173 0
1174 0
1175 0
1176 0
1177 0
1178 0
1179 0
1180 0
1181 0
1182 0
1183 0
1184 0
1185 0
1186 0
1187 0
1188 0
1189 0
1190 0
1191 0
1192 0
1193 0
1194 0
1195 0
1196 0
1197 0
1198 0
1199 0
1200 0
1201 0
1202 0
1203 0
1204 0
1205 0
1206 0
1207 0
1208 0
1209 0
1210 0
1211 0
1212 0
1213 0
1214 0
1215 0
1216 0
1217 0
1218 0
1219 0
1220 0
1221 0
1222 0
1223 0
1224 0
1225 0
1226 0
1227 0
1228 0
1229 0
1230 0
1231 0
1232 0
1233 0
1234 0
1235 0
1236 0
1237 0
1238 0
1239 0
1240 0
1241 0
1242 0
1243 0
1244 0
1245 0
1246 0
1247 0
1248 0
1249 0
1250 0
1251 0
1252 0
1253 0
1254 0
1255 0
1256 0
1257 0
1258 0
1259 0
1260 0
1261 0
1262 0
1263 0
1264 0
1265 0
1266 0
1267 0
1268 0
1269 0
1270 0
1271 0
1272 0
1273 0
1274 0
1275 0
1276 0
1277 0
1278 0
1279 0
1280 0
1281 0
1282 0
1283 0
1284 0
1285 0
1286 0
1287 0
1288 0
1289 0
1290 0
1291 0
1292 0
1293 0
1294 0
1295 0
1296 0
1297 0
1298 0
1299 0
1300 0
1301 0
1302 0
1303 0
1304 0
1305 0
1306 0
1307 0
1308 0
1309 0
1310 0
1311 0
1312 0
1313 0
1314 0
1315 0
1316 0
1317 0
1318 0
1319 0
1320 0
1321 0
1322 0
1323 0
1324 0
1325 0
1326 0
1327 0
1328 0
1329 0
1330 0
1331 0
1332 0
1333 0
1334 0
1335 0
1336 0
1337 0
1338 0
1339 0
1340 0
1341 0
1342 0
1343 0
1344 0
1345 0
1346 0
1347 0
1348 0
1349 0
1350 0
1351 0
1352 0
1353 0
1354 0
1355 0
1356 0
1357 0
1358 0
1359 0
1360 0
1361 0
1362 0
1363 0
1364 0
1365 0
1366 0
1367 0
1368 0
1369 0
1370 0
1371 0
1372 0
1373 0
1374 0
1375 0
1376 0
1377 0
1378 0
1379 0
1380 0
1381 0
1382 0
1383 0
1384 0
1385 0
1386 0
1387 0
1388 0
1389 0
1390 0
1391 0
1392 0
1393 0
1394 0
1395 0
1396 0
1397 0
1398 0
1399 0
1400 0
1401 0
1402 0
1403 0
1404 0
1405 0
1406 0
1407 0
1408 0
1409 0
1410 0
1411 0
1412 0
1413 0
1414 0
1415 0
1416 0
1417 0
1418 0
1419 0
1420 0
1421 0
1422 0
1423 0
1424 0
1425 0
1426 0
1427 0
1428 0
1429 0
1430 0
1431 0
1432 0
1433 0
1434 0
1435 0
1436 0
1437 0
1438 0
1439 0
1440 0
1441 0
1442 0
1443 0
1444 0
1445 0
1446 0
1447 0
1448 0
1449 0
1450 0
1451 0
1452 0
1453 0
1454 0
1455 0
1456 0
1457 0
1458 0
1459 0
1460 0
1461 0
1462 0
1463 0
1464 0
1465 0
1466 0
1467 0
1468 0
1469 0
1470 0
1471 0
1472 0
1473 0
1474 0
1475 0
1476 0
1477 0
1478 0
1479 0
1480 0
1481 0
1482 0
1483 0
1484 0
1485 0
1486 0
1487 0
1488 0
1489 0
1490 0
1491 0
1492 0
1493 0
1494 0
1495 0
1496 0
1497 0
1498 0
1499 0
1500 0
1501 0
1502 0
1503 0
1504 0
1505 0
1506 0
1507 0
1508 0
1509 0
1510 0
1511 0
1512 0
1513 0
1514 0
1515 0
1516 0
1517 0
1518 0
1519 0
1520 0
1521 0
1522 0
1523 0
1524 0
1525 0
1526 0
1527 0
1528 0
1529 0
1530 0
1531 0
1532 0
1533 0
1534 0
1535 0
1536 0
1537 0
1538 0
1539 0
1540 0
1541 0
1542 0
1543 0
1544 0
1545 0
1546 0
1547 0
1548 0
1549 0
1550 0
1551 0
1552 0
1553 0
1554 0
1555 0
1556 0
1557 0
1558 0
1559 0
1560 0
1561 0
1562 0
1563 0
1564 0
1565 0
1566 0
1567 0
1568 0
1569 0
1570 0
1571 0
1572 0
1573 0
1574 0
1575 0
1576 0
1577 0
1578 0
1579 0
1580 0
1581 0
1582 0
1583 0
1584 0
1585 0
1586 0
1587 0
1588 0
1589 0
1590 0
1591 0
1592 0
1593 0
1594 0
1595 0
1596 0
1597 0
1598 0
1599 0
1600 0
1601 0
1602 0
1603 0
1604 0
1605 0
1606 0
1607 0
1608 0
1609 0
1610 0
1611 0
1612 0
1613 0
1614 0
1615 0
1616 0
1617 0
1618 0
1619 0
1620 0
1621 0
1622 0
1623 0
1624 0
1625 0
1626 0
1627 0
1628 0
1629 0
1630 0
1631 0
1632 0
1633 0
1634 0
1635 0
1636 0
1637 0
1638 0
1639 0
1640 0
1641 0
1642 0
1643 0
1644 0
1645 0
1646 0
1647 0
1648 0
1649 0
1650 0
1651 0
1652 0
1653 0
1654 0
1655 0
1656 0
1657 0
1658 0
1659 0
1660 0
1661 0
1662 0
1663 0
1664 0
1665 0
1666 0
1667 0
1668 0
1669 0
1670 0
1671 0
1672 0
1673 0
1674 0
1675 0
1676 0
1677 0
1678 0
1679 0
1680 0
1681 0
1682 0
1683 0
1684 0
1685 0
1686 0
1687 0
1688 0
1689 0
1690 0
1691 0
1692 0
1693 0
1694 0
1695 0
1696 0
1697 0
1698 0
1699 0
1700 0
1701 0
1702 0
1703 0
1704 0
1705 0
1706 0
1707 0
1708 0
1709 0
1710 0
1711 0
1712 0
1713 0
1714 0
1715 0
1716 0
1717 0
1718 0
1719 0
1720 0
1721 0
1722 0
1723 0
1724 0
1725 0
1726 0
1727 0
1728 0
1729 0
1730 0
1731 0
1732 0
1733 0
1734 0
1735 0
1736 0
1737 0
1738 0
1739 0
1740 0
1741 0
1742 0
1743 0
1744 0
1745 0
1746 0
1747 0
1748 0
1749 0
1750 0
1751 0
1752 0
1753 0
1754 0
1755 0
1756 0
1757 0
1758 0
1759 0
1760 0
1761 0
1762 0
1763 0
1764 0
1765 0
1766 0
1767 0
1768 0
1769 0
1770 0
1771 0
1772 0
1773 0
1774 0
1775 0
1776 0
1777 0
1778 0
1779 0
1780 0
1781 0
1782 0
1783 0
1784 0
1785 0
1786 0
1787 0
1788 0
1789 0
1790 0
1791 0
1792 0
1793 0
1794 0
1795 0
1796 0
1797 0
1798 0
1799 0
1800 0
1801 0
1802 0
1803 0
1804 0
1805 0
1806 0
1807 0
1808 0
1809 0
1810 0
1811 0
1812 0
1813 0
1814 0
1815 0
1816 0
1817 0
1818 0
1819 0
1820 0
1821 0
1822 0
1823 0
1824 0
1825 0
1826 0
1827 0
1828 0
1829 0
1830 0
1831 0
1832 0
1833 0
1834 0
1835 0
1836 0
1837 0
1838 0
1839 0
1840 0
1841 0
1842 0
1843 0
1844 0
1845 0
1846 0
1847 0
1848 0
1849 0
1850 0
1851 0
1852 0
1853 0
1854 0
1855 0
1856 0
1857 0
1858 0
1859 0
1860 0
1861 0
1862 0
1863 0
1864 0
1865 0
1866 0
1867 0
1868 0
1869 0
1870 0
1871 0
1872 0
1873 0
1874 0
1875 0
1876 0
1877 0
1878 0
1879 0
1880 0
1881 0
1882 0
1883 0
1884 0
1885 0
1886 0
1887 0
1888 0
1889 0
1890 0
1891 0
1892 0
1893 0
1894 0
1895 0
1896 0
1897 0
1898 0
1899 0
1900 0
1901 0
1902 0
1903 0
1904 0
1905 0
1906 0
1907 0
1908 0
1909 0
1910 0
1911 0
1912 0
1913 0
1914 0
1915 0
1916 0
1917 0
1918 0
1919 0
1920 0
1921 0
1922 0
1923 0
1924 0
1925 0
1926 0
1927 0
1928 0
1929 0
1930 0
1931 0
1932 0
1933 0
1934 0
1935 0
1936 0
1937 0
1938 0
1939 0
1940 0
1941 0
1942 0
1943 0
1944 0
1945 0
1946 0
1947 0
1948 0
1949 0
1950 0
1951 0
1952 0
1953 0
1954 0
1955 0
1956 0
1957 0
1958 0
1959 0
1960 0
1961 0
1962 0
1963 0
1964 0
1965 0
1966 0
1967 0
1968 0
1969 0
1970 0
1971 0
1972 0
1973 0
1974 0
1975 0
1976 0
1977 0
1978 0
1979 0
1980 0
1981 0
1982 0
1983 0
1984 0
1985 0
1986 0
1987 0
1988 0
1989 0
1990 0
1991 0
1992 0
1993 0
1994 0
1995 0
1996 0
1997 0
1998 0
1999 0
2000 0
2001 0
2002 0
2003 0
2004 0
2005 0
2006 0
2007 0
2008 0
2009 0
2010 0
2011 0
2012 0
2013 0
2014 0
2015 0
2016 0
2017 0
2018 0
2019 0
2020 0
2021 0
2022 0
2023 0
2024 0
2025 0
2026 0
2027 0
2028 0
2029 0
2030 0
2031 0
2032 0
2033 0
2034 0
2035 0
2036 0
2037 0
2038 0
2039 0
2040 0
2041 0
2042 0
2043 0
2044 0
2045 0
2046 0
2047 0
2048 0
2049 0
2050 0
2051 0
2052 0
2053 0
2054 0
2055 0
2056 0
2057 0
2058 0
2059 0
2060 0
2061 0
2062 0
2063 0
2064 0
2065 0
2066 0
2067 0
2068 0
2069 0
2070 0
2071 0
2072 0
2073 0
2074 0
2075 0
2076 0
2077 0
2078 0
2079 0
2080 0
2081 0
2082 0
2083 0
2084 0
2085 0
2086 0
2087 0
2088 0
2089 0
2090 0
2091 0
2092 0
2093 0
2094 0
2095 0
2096 0
2097 0
2098 0
2099 0
2100 0
2101 0
2102 0
2103 0
2104 0
2105 0
2106 0
2107 0
2108 0
2109 0
2110 0
2111 0
2112 0
2113 0
2114 0
2115 0
2116 0
2117 0
2118 0
2119 0
2120 0
2121 0
2122 0
2123 0
2124 0
2125 0
2126 0
2127 0
2128 0
2129 0
2130 0
2131 0
2132 0
2133 0
2134 0
2135 0
2136 0
2137 0
2138 0
2139 0
2140 0
2141 0
2142 0
2143 0
2144 0
2145 0
2146 0
2147 0
2148 0
2149 0
2150 0
2151 0
2152 0
2153 0
2154 0
2155 0
2156 0
2157 0
2158 0
2159 0
2160 0
2161 0
2162 0
2163 0
2164 0
2165 0
2166 0
2167 0
2168 0
2169 0
2170 0
2171 0
2172 0
2173 0
2174 0
2175 0
2176 0
2177 0
2178 0
2179 0
2180 0
2181 0
2182 0
2183 0
2184 0
2185 0
2186 0
2187 0
2188 0
2189 0
2190 0
2191 0
2192 0
2193 0
2194 0
2195 0
2196 0
2197 0
2198 0
2199 0
2200 0
2201 0
2202 0
2203 0
2204 0
2205 0
2206 0
2207 0
2208 0
2209 0
2210 0
2211 0
2212 0
2213 0
2214 0
2215 0
2216 0
2217 0
2218 0
2219 0
2220 0
2221 0
2222 0
2223 0
2224 0
2225 0
2226 0
2227 0
2228 0
2229 0
2230 0
2231 0
2232 0
2233 0
2234 0
2235 0
2236 0
2237 0
2238 0
2239 0
2240 0
2241 0
2242 0
2243 0
2244 0
2245 0
2246 0
2247 0
2248 0
2249 0
2250 0
2251 0
2252 0
2253 0
2254 0
2255 0
2256 0
2257 0
2258 0
2259 0
2260 0
2261 0
2262 0
2263 0
2264 0
2265 0
2266 0
2267 0
2268 0
2269 0
2270 0
2271 0
2272 0
2273 0
2274 0
2275 0
2276 0
2277 0
2278 0
2279 0
2280 0
2281 0
2282 0
2283 0
2284 0
2285 0
2286 0
2287 0
2288 0
2289 0
2290 0
2291 0
2292 0
2293 0
2294 0
2295 0
2296 0
2297 0
2298 0
2299 0
2300 0
2301 0
2302 0
2303 0
0 48 2.5059791218653844
0 1 0.75114104869867671
1 49 0.13627919370140951
1 2 0.25800491509926615
2 50 -1.5244810441516643
2 3 0.81535734685794437
3 51 -0.17121270321920959
3 4 0.61270653112600881
4 52 0.028523815068454993
4 5 0.8399974537099516
5 53 -1.0990499451137139
5 6 0.27944222839857352
6 54 0.95895141172191156
6 7 -0.20908366729628181
7 55 -0.34900410658233316
7 8 0.44153423421467469
8 56 -0.69498579943775951
8 9 -1.5775918433496234
9 57 0.83121956158804045
9 10 2.048090498755629
10 58 -1.5309430278122031
10 11 -0.73450894279161472
11 59 -0.72727584434120396
11 12 0.20195537902637001
12 60 0.54556681401728702
12 13 -1.3816181323612771
13 61 0.25709330995312452
13 14 1.1010379057592938
14 62 -0.71439587175748409
14 15 -1.5492297656739438
15 63 0.33517048042936204
15 16 0.081165149755617519
16 64 -0.30226518633863686
16 17 0.4159595709390248
17 65 -1.6454077611219722
17 18 0.74864568195519776
18 66 0.31598589087752971
18 19 1.1089089421435996
19 67 1.1146994095133451
19 20 -0.8714170336167798
20 68 -2.4635625250949742
20 21 -0.2312901051234143
21 69 0.5004941046494632
21 22 -0.16940077837991219
22 70 -1.4533631583335473
22 23 0.3810287855007588
23 71 0.73195545710918308
23 24 1.2809219096374496
24 72 0.078779501545027053
24 25 0.42650615351818499
25 73 0.2774306883861416
25 26 -2.8337756408344941
26 74 1.273870474801593
26 27 -0.096283227023636481
27 75 -0.79692127154041359
27 28 -0.0054681196700222178
28 76 -0.11685182413669069
28 29 -0.38110440593317313
29 77 1.2567039173229009
29 30 0.078159563920109976
30 78 0.65466495117203283
30 31 -1.8599170104380174
31 79 0.27391973009768494
31 32 1.2562318832774375
32 80 0.69400353735282672
32 33 -0.24510188829532742
33 81 -0.011748237443518862
33 34 0.61581125919860191
34 82 0.93743440119837473
34 35 -0.42746680309077545
35 83 0.15372578767515496
35 36 -0.26074180655949336
36 84 1.3701521198902653
36 37 -0.76584987416424755
37 85 1.2240335677649785
37 38 0.24665603890542162
38 86 -1.6786701529920716
38 39 0.57462233501648619
39 87 0.65647448485649229
39 40 1.8358921465764138
40 88 -1.0053883372113492
40 41 -1.8830231706299745
41 89 2.9469636837445501
41 42 -0.12086146544071161
42 90 0.10677780524565837
42 43 -0.3025293031221698
43 91 -0.067437686324761603
43 44 -1.3091773361905632
44 92 0.084789684730558534
44 45 1.5698399033851138
45 93 -0.65793506641987487
45 46 -0.51262993800848855
46 94 0.6388703501769426
46 47 -1.063288740338544
47 95 0.071727887824305267
0 47 -0.54599917114339236
48 96 0.26060055323241477
48 49 0.35296639755534598
49 97 -0.77236677930504571
49 50 0.33111996240495983
50 98 -0.42307321032956541
50 51 -1.7614818868416993
51 99 -0.61349575113141896
51 52 -0.77763147921713516
52 100 1.1390987578533256
52 53 0.69163203142123308
53 101 -0.51178257902955226
53 54 0.032627489736644172
54 102 -0.70275507177237095
54 55 0.18028626839870604
55 103 1.3152494631316716
55 56 1.7966186893973441
56 104 -1.3217518216519557
56 57 1.2307203073867241
57 105 1.1978268640181793
57 58 -0.013163524566940032
58 106 0.33850150768083526
58 59 1.0869120911012411
59 107 0.29772788422691532
59 60 -2.4172150247158095
60 108 -1.0943852186310119
60 61 -0.57707076566745352
61 109 0.70492396285240921
61 62 -0.53955383489240127
62 110 -0.094770293364919184
62 63 -0.085157850467156501
63 111 -0.14662233895245502
63 64 -1.9252808346645518
64 112 0.41026344549063737
64 65 0.8077506964956167
65 113 0.23608543152973196
65 66 0.14192469705766364
66 114 -0.018121593384210617
66 67 -0.21278336816546842
67 115 -0.060829094686810303
67 68 -1.7982251501310498
68 116 0.66456628243688698
68 69 0.060603363651644322
69 117 0.70671270750006865
69 70 0.48515752915254162
70 118 0.63962850450613817
70 71 1.0814858562486351
71 119 1.8602996580327638
71 72 -1.4500833515963054
72 120 1.4493676375638462
72 73 -1.3143405728722919
73 121 0.39385958120801484
73 74 1.130835980348448
74 122 1.7986058577572348
74 75 -0.20036513215486665
75 123 -0.36089186754683461
75 76 2.1674261812643647
76 124 -0.070491445720682236
76 77 0.90812709510878631
77 125 0.11451174528456178
77 78 -0.79199288578320881
78 126 -1.3193177357573536
78 79 -1.0247602398412792
79 127 0.023269752239961802
79 80 -0.12693266469353592
80 128 -1.4479594232110466
80 81 0.19413560000066113
81 129 0.58760312722069485
81 82 -0.37017743903012579
82 130 -0.36821362690892956
82 83 -2.0782731591190724
83 131 1.2816960611827877
83 84 -1.34541057260068
84 132 -0.23079015568315026
84 85 -0.32403607541424206
85 133 -1.1397135235171401
85 86 -0.731003883398892
86 134 -0.093390815550657924
86 87 0.63094756995280166
87 135 0.93239307688870898
87 88 -0.14217698831488912
88 136 -0.61294149647518814
88 89 0.85646265111196695
89 137 -1.20379627011921
89 90 -0.06572634031537089
90 138 -0.46776799133007491
90 91 -0.38794473061449847
91 139 -0.69496404537639611
91 92 -1.3761936592427217
92 140 -0.20693329048008777
92 93 -0.26044833034499226
93 141 -0.62188860552281566
93 94 1.0419132647733942
94 142 -0.50702944009648188
94 95 -0.17210826030058515
95 143 0.55220726462639613
48 95 -2.1216026834088715
96 144 0.43875075141395231
96 97 -1.3651241816506685
97 145 -1.0641466567150266
97 98 -1.2672842275296088
98 146 0.34665150821419272
98 99 0.41822623687614041
99 147 0.42353834719195016
99 100 0.049509548895993731
100 148 -0.24416812335797514
100 101 1.3770262212385431
101 149 -1.7047470105250941
101 102 -0.44620518157721512
102 150 -0.19295766318576185
102 103 0.84067532427777225
103 151 0.041839553465234679
103 104 -0.20145589947706363
104 152 -0.52948248104912488
104 105 1.002393876277647
105 153 0.39530204325306073
105 106 1.6590980344871791
106 154 -0.75001093096800109
106 107 1.6543913591638968
107 155 0.71658285159543245
107 108 0.22347932699864551
108 156 -0.47385531854072183
108 109 0.60939179564234247
109 157 0.16643761347996697
109 110 0.020245245758398249
110 158 -0.41948195891759632
110 111 -0.73842725500607764
111 159 0.48294604376123584
111 112 -2.7590591708229568
112 160 -0.22485744174313749
112 113 0.56884875695094361
113 161 0.79825438920476066
113 114 0.32791794509702799
114 162 1.7331708080325499
114 115 -0.22610166514850588
115 163 -1.1182758874524621
115 116 -0.26904087164485302
116 164 1.3615250436414406
116 117 -0.83614056435238238
117 165 -0.88271786054160539
117 118 1.9946596319674892
118 166 -0.78705405091488279
118 119 1.2493885534702103
119 167 0.80583884403389516
119 120 -0.64045807763360385
120 168 -0.018594842893452819
120 121 0.84613238750208275
121 169 0.70421343549501025
121 122 -0.6131270563218203
122 170 1.8122795409508941
122 123 0.068338772317778407
123 171 1.1679106389491618
123 124 -0.90087805305564228
124 172 -0.34932724386821978
124 125 0.39975894604889051
125 173 0.19343129591001085
125 126 0.783341363739264
126 174 -0.81882219147960944
126 127 1.5541549373972257
127 175 0.60677041686507094
127 128 1.33595229284418
128 176 -0.11085845802061989
128 129 1.3316909574972162
129 177 -1.0267053396208088
129 130 -0.25135611653350853
130 178 0.86182944297815478
130 131 -0.094826519353173017
131 179 -0.95499286239370196
131 132 -0.35069750596946403
132 180 -1.1009102587378103
132 133 2.5340692410698882
133 181 0.40402261513060966
133 134 -1.4504880912453915
134 182 -1.0145840150623264
134 135 -0.39175339917923274
135 183 -0.68794514414675334
135 136 1.2060592960759833
136 184 0.76295458826617946
136 137 -0.141689267815713
137 185 -0.12433308079141231
137 138 1.3018527372595936
138 186 1.2083751585994276
138 139 -0.82707107314537776
139 187 -1.4415508407876185
139 140 1.5308050302855878
140 188 -1.2532097227827366
140 141 -1.1594199375248204
141 189 0.29662682410896413
141 142 0.065498306075980214
142 190 0.46275257455249319
142 143 -0.043216580182060593
143 191 0.44033164055413532
96 143 0.69256764731725351
144 192 -0.34530993010475691
144 145 -0.38208920073221864
145 193 0.48198253360056487
145 146 0.95710414334867489
146 194 0.10794672087400341
146 147 1.1436464920029927
147 195 0.39981455668998805
147 148 0.89544784783387699
148 196 -2.8305232557494011
148 149 0.36711249921294681
149 197 -1.0295788690969057
149 150 -0.41250919703785149
150 198 0.48204330409059526
150 151 0.87231252100067214
151 199 0.744920445770336
151 152 0.72175778807835955
152 200 -0.93197039990087704
152 153 -0.36895994380655145
153 201 -0.060838221436460109
153 154 -0.93504853476551397
154 202 -1.0968117639960144
154 155 1.9054634622642654
155 203 -0.72031594221993245
155 156 -0.96835428714280281
156 204 0.88944650130939207
156 157 -2.1795232117683585
157 205 1.1273471838567561
157 158 1.3162740229605143
158 206 0.57650183683414502
158 159 0.32998038540144281
159 207 2.3362605959794553
159 160 1.0433609462415527
160 208 0.065231826145099647
160 161 -0.23634205560503269
161 209 -0.68511405654626734
161 162 -0.9369221650923496
162 210 1.6491105252410747
162 163 -0.78149528600607021
163 211 -2.7606194489106279
163 164 0.066195631094255497
164 212 -0.77929134941997658
164 165 0.23561187570515538
165 213 0.49625490554148172
165 166 -0.81400725130615059
166 214 -1.6704372862453427
166 167 -0.22605673020319694
167 215 0.63512354476197008
167 168 -2.6011171979129659
168 216 -0.81188854798645582
168 169 1.7275372811769014
169 217 1.1360946951979136
169 170 0.32508206190408362
170 218 2.005516960657026
170 171 0.49329451091480497
171 219 -0.45468187330943582
171 172 -0.60833973718923029
172 220 -0.67766917522081371
172 173 -0.27115785597043457
173 221 -0.066202007152159126
173 174 0.41674963746535532
174 222 -0.32886617550238129
174 175 1.1282200726709379
175 223 -0.47586158821203894
175 176 1.6995363081101917
176 224 -0.10087136802689149
176 177 -0.78448305565077181
177 225 0.65077760614858038
177 178 -0.65423392868123598
178 226 1.0557976365288044
178 179 0.79699080733646865
179 227 -0.633165048610555
179 180 -0.97963930132015242
180 228 0.10023237523770812
180 181 -0.76178550654754995
181 229 1.0648602410494499
181 182 -1.0707145701200385
182 230 1.0709561265198582
182 183 -0.33916848412830702
183 231 0.25367552615767663
183 184 -0.78297743081983684
184 232 1.8262871767910955
184 185 -0.13597128987777299
185 233 -1.0415711447071765
185 186 0.10842298048310542
186 234 -0.82139989060922169
186 187 -0.88524260575291092
187 235 -0.87865836585727131
187 188 -0.50557834515417355
188 236 -0.70809443503758185
188 189 -1.5018563296989538
189 237 -1.2132058245239936
189 190 0.50678297413587914
190 238 0.81189538783040793
190 191 1.256510735566948
191 239 -1.215604898932662
144 191 -0.10854630587316767
192 240 -0.1062513568806961
192 193 0.079361727911760091
193 241 1.1046936721651821
193 194 1.3330753829245572
194 242 -0.32459477250172281
194 195 0.079582876589264176
195 243 -0.2772385909769276
195 196 -0.61743647111073363
196 244 -0.27727075089547221
196 197 -0.47830607159739091
197 245 -0.44024247199058303
197 198 -0.30664714100327756
198 246 -0.30363004579995539
198 199 -0.26585191879519859
199 247 -0.58577899585158921
199 200 -0.28985499434329276
200 248 -2.820064487241039
200 201 -0.54708630904599931
201 249 -1.5132572158536381
201 202 1.0425574020439325
202 250 0.96067711553185386
202 203 -0.11996517634493754
203 251 1.1437886239428305
203 204 -0.53108582400816384
204 252 -1.0585088138380432
204 205 0.82740045867309642
205 253 1.6650060170032666
205 206 0.12424425538938477
206 254 0.26514691053348932
206 207 -0.032340034619417361
207 255 -0.24325478717346785
207 208 0.30619109586651255
208 256 -0.16601460974352006
208 209 -0.055184419663122854
209 257 0.45887127827519092
209 210 -0.73729642841393883
210 258 0.62784390065334195
210 211 -0.24500062629325334
211 259 1.3649437017622019
211 212 -0.93223966876009079
212 260 0.69712064721347333
212 213 0.89380194104484301
213 261 -0.7059340894995928
213 214 0.90568955551131969
214 262 1.5192495839408398
214 215 -1.0529587425758249
215 263 0.19097058858128346
215 216 1.3669344895042683
216 264 -0.55194906872695748
216 217 -1.8926792887862234
217 265 0.70653765954497905
217 218 -0.82394995809030303
218 266 -1.6310014965948196
218 219 0.31886246399149254
219 267 -1.5021582891913747
219 220 -0.73402978406243502
220 268 0.90451921117498069
220 221 -0.84438331631609098
221 269 -1.0175646514483769
221 222 1.6925373097835159
222 270 -0.20982771358164701
222 223 -0.71708242326972205
223 271 -0.1878252325063659
223 224 -0.41147483638502785
224 272 0.85020171784349174
224 225 1.1351725024563664
225 273 -1.8531648021501355
225 226 1.1092472340255417
226 274 1.18544914221418
226 227 0.15745374746006668
227 275 0.20263377375535432
227 228 -1.559423532382376
228 276 -1.5896717230022432
228 229 -0.80664258428712809
229 277 0.93028069090340726
229 230 -0.49214719625884845
230 278 0.29430677408214351
230 231 1.594807409106803
231 279 2.3021532345860227
231 232 0.92560897820417321
232 280 -0.89517847200008382
232 233 0.54572861617963131
233 281 0.11355455511236642
233 234 -1.0835220991627783
234 282 1.3663304272710759
234 235 -0.39416796856522562
235 283 -0.21933927333872105
235 236 0.019235365716942513
236 284 0.31249571699503187
236 237 1.6009030783968317
237 285 -0.73377488581607653
237 238 -0.3685349480573914
238 286 -0.31600419386687029
238 239 1.1283606253716163
239 287 0.047628000852413081
192 239 0.85708766745951737
240 288 0.71609264243755677
240 241 -0.30868702407543125
241 289 0.46044982274984186
241 242 0.2929332175511743
242 290 -1.4633398672030333
242 243 -1.6745697465541765
243 291 -1.6850073029211745
243 244 0.86852613708124649
244 292 0.39827517570328402
244 245 1.4124040832908784
245 293 -0.3465571146316887
245 246 -1.850460081969197
246 294 1.3022848369905338
246 247 0.68046846320234522
247 295 1.1236507046463073
247 248 2.4121303820964717
248 296 -0.07383454468355144
248 249 2.244230674090657
249 297 0.26170036585654394
249 250 -0.36575797081438527
250 298 0.0041346024185817658
250 251 -0.54969043400195661
251 299 0.59214961282475553
251 252 0.71978184457417238
252 300 0.059171954955908344
252 253 -0.7640596735734585
253 301 0.48872973132458475
253 254 -0.53082928662717355
254 302 0.76293928558302071
254 255 -1.8075775696499201
255 303 1.0721590342303451
255 256 0.48962600946297663
256 304 -0.77608542206850617
256 257 -0.26627803647052761
257 305 1.2062922489284171
257 258 0.88880802712376272
258 306 -0.36253937776177292
258 259 -0.62548007344110412
259 307 1.4969733974423027
259 260 -0.29849305510381652
260 308 0.64786727123638044
260 261 0.83403260008712665
261 309 1.009717228330794
261 262 -1.310477582395126
262 310 -0.63429080084520895
262 263 0.92204480817565582
263 311 -0.46000948649031448
263 264 0.62074522368175966
264 312 2.1662232408837725
264 265 0.98813742681710182
265 313 -1.2276413076848327
265 266 -0.7341149082973738
266 314 0.48401921525888519
266 267 -0.41280652299752552
267 315 0.98371577851995784
267 268 0.3486314126575305
268 316 0.1614848543661776
268 269 1.4326156145886233
269 317 0.57006068633508378
269 270 0.11047172811956651
270 318 1.377570264596192
270 271 -1.874036703481319
271 319 1.3633563970413376
271 272 0.4787600716533264
272 320 0.20142078273950517
272 273 -1.2502170978978182
273 321 0.87735668619770668
273 274 0.49861658257719965
274 322 0.85889320841605499
274 275 1.3854377667416917
275 323 0.50189875136905604
275 276 -0.23799569712818386
276 324 -0.23870419053042866
276 277 0.44514322100683246
277 325 -0.22386323185045007
277 278 -0.58430006035101689
278 326 0.47884435293209299
278 279 -0.20418192185197884
279 327 1.0923678680487632
279 280 -0.29407254301912872
280 328 -0.034998470520348435
280 281 1.2408245197176948
281 329 1.2962881133423594
281 282 -0.377269919431095
282 330 -0.33564159022470624
282 283 0.86783385432924753
283 331 0.044549129568287008
283 284 0.73285877907085473
284 332 -0.55893337993022429
284 285 0.011986627924665443
285 333 0.40137869300394829
285 286 -1.4170216734331214
286 334 -1.2267032419792252
286 287 -0.98419961674172907
287 335 0.66956586746687108
240 287 -0.15206571723758247
288 336 -0.2854436735449708
288 289 0.49752111338366833
289 337 -0.3296579802325989
289 290 -0.11460002167693982
290 338 0.31673788736002018
290 291 -0.60313308951768763
291 339 0.8539911927431304
291 292 0.11049166922252711
292 340 -2.0386776858863005
292 293 0.50457867035936732
293 341 2.8132159073621232
293 294 1.718597495898593
294 342 0.9534028837837073
294 295 -0.19516186408762332
295 343 0.26886606387600304
295 296 -1.4822862681557263
296 344 -0.17456448540121097
296 297 0.14128135552380935
297 345 -0.10862018611684818
297 298 -0.30328464960008106
298 346 -1.5401303634224219
298 299 1.6813962655606407
299 347 -1.4560471946903115
299 300 1.4796395352509293
300 348 -0.51153141105237843
300 301 -1.4842969171291878
301 349 1.1258138591097453
301 302 -0.4056017209542408
302 350 2.6757290281925679
302 303 -0.51035487624769449
303 351 0.39829979318148262
303 304 -1.2189376517972346
304 352 -1.1244818101986804
304 305 0.31907747286071392
305 353 -0.2038070375583656
305 306 -1.5835997437726559
306 354 -0.13883149561019514
306 307 1.6431810922683021
307 355 -1.6771520507469444
307 308 0.25396275099828014
308 356 -0.37888010675702694
308 309 -0.39177989341063674
309 357 0.90978656089075993
309 310 -0.78920264454147582
310 358 -1.1514664317192789
310 311 0.00027268616565996639
311 359 0.40826794004874511
311 312 -1.6302982508424413
312 360 1.1887826397494714
312 313 -0.070414050928257421
313 361 -0.85665379087078142
313 314 1.5401281150673061
314 362 0.26673134326889175
314 315 -0.43358501545856382
315 363 0.79536951405864431
315 316 0.028904235962575592
316 364 0.85301189149594669
316 317 0.4742858684966571
317 365 -2.1937926467029891
317 318 1.7310407640550542
318 366 0.4046879526176354
318 319 -0.45459416224114108
319 367 0.44764127874164139
319 320 -0.90762625830485266
320 368 1.5632540334555267
320 321 0.46996487895539452
321 369 1.3405220732924574
321 322 -0.76543797555824389
322 370 -1.7835185915745229
322 323 -0.78062693037501651
323 371 0.71469519144178306
323 324 0.42755926399400174
324 372 -0.77219626271430863
324 325 -0.44192556153388912
325 373 1.5418019692291558
325 326 1.2154589297258804
326 374 0.76363977250470927
326 327 0.22511414565178173
327 375 0.26377136076863616
327 328 0.32830314251847076
328 376 -0.77909860474692305
328 329 0.24215567315231448
329 377 2.6115584575073503
329 330 -0.21475446539172696
330 378 1.0256397781479745
330 331 -0.9685614779907471
331 379 1.3343679219303042
331 332 -0.20893681979711684
332 380 -0.18908500475848403
332 333 0.60907872324283874
333 381 0.45596942141013708
333 334 0.48828076134375076
334 382 -1.2150052846688859
334 335 -1.1589480730876724
335 383 0.37811498604993055
288 335 -0.49791858527618149
336 384 0.51062020835456889
336 337 0.38794167319015099
337 385 -0.39297625581650691
337 338 0.89040982611940345
338 386 -0.65566655635704174
338 339 1.174394853690695
339 387 1.3623563197005648
339 340 0.4787386251789979
340 388 -1.667857905701962
340 341 0.43316563550616899
341 389 -0.57297725961037338
341 342 -0.31413532839330582
342 390 -0.11351789771670229
342 343 -2.3297079139606565
343 391 -1.6617570837602016
343 344 -0.099584747531956688
344 392 0.19477789895951478
344 345 -0.51304293510485965
345 393 2.9989562952075968
345 346 0.43056583883698618
346 394 0.3424922957375735
346 347 -0.097844979752022609
347 395 0.75869485485394939
347 348 0.1472687027429336
348 396 -0.34637366018580473
348 349 0.91692366406451009
349 397 0.22977738218164287
349 350 -0.095916053630382428
350 398 0.72630394345702465
350 351 0.37379690415172118
351 399 -0.47080141076109738
351 352 -1.2481519106187462
352 400 1.1955110324228784
352 353 1.1557462118722455
353 401 0.22642818493149749
353 354 0.11128026530523151
354 402 -0.27676868508496727
354 355 -0.070477532419342473
355 403 -0.24161876133148097
355 356 -0.027569782237538757
356 404 1.3532154530562037
356 357 -1.1753347820428111
357 405 0.60575958114054196
357 358 -0.077307795587046577
358 406 -1.3634852193111451
358 359 0.10146867192892418
359 407 -1.4223951049220853
359 360 -1.1547695895847017
360 408 0.2318751687979568
360 361 0.36323685401352535
361 409 -1.1142468802557022
361 362 0.81390648492826312
362 410 -2.2330108703006295
362 363 -1.6972397110738484
363 411 0.10652081065136144
363 364 1.9586901437595641
364 412 1.5767252531422948
364 365 0.78802346704779458
365 413 0.49203184246298204
365 366 0.04930188178924752
366 414 -1.2122097451326423
366 367 0.036767371073682657
367 415 1.6615736893139577
367 368 -0.61800635014873739
368 416 -0.12932745706476784
368 369 1.2999387139397085
369 417 -0.25956480628040468
369 370 0.86383679224703358
370 418 2.0752987003483763
370 371 0.33540388284988132
371 419 1.1681979167592005
371 372 0.56964897800413394
372 420 -1.4121432973072285
372 373 -1.3768856962659768
373 421 0.094927430026367277
373 374 1.9892751628442404
374 422 0.67116978619742318
374 375 0.98599880930858363
375 423 1.5113958422502676
375 376 0.38678118135969214
376 424 -0.95750498046568977
376 377 0.034822802541242454
377 425 -0.23100885610103117
377 378 0.80118947201819091
378 426 -0.86756054938733873
378 379 -2.0865730815261134
379 427 1.4095736085918571
379 380 0.12354111291906904
380 428 -0.30813481962279315
380 381 0.96403086089002021
381 429 -0.18035147301259971
381 382 -1.8595392864489706
382 430 0.62998770508605961
382 383 -1.65270117381855
383 431 0.68166091096919568
336 383 0.85670632470047792
384 432 0.43985761207032742
384 385 1.2660556123316526
385 433 0.2882548800888311
385 386 0.27946384356942844
386 434 1.3986500165854914
386 387 0.24659910654684175
387 435 -0.43491044552953245
387 388 0.44857243782935879
388 436 -0.49792462113292651
388 389 1.7601855221705995
389 437 -0.48691928045233596
389 390 -0.80693336505031099
390 438 -1.9092137358305734
390 391 0.82463091589281379
391 439 1.8658236234664418
391 392 -0.040259999150869551
392 440 -1.0342998051264067
392 393 1.2802862509447288
393 441 -0.34251399108557695
393 394 0.9377642568226191
394 442 -0.59917962759193866
394 395 2.1073680044564398
395 443 0.72102780882422246
395 396 -0.25752166640455232
396 444 -0.077860800329440177
396 397 1.582436290026574
397 445 0.24945140522702394
397 398 0.91259930491174834
398 446 1.0019161757429949
398 399 1.2145565753175234
399 447 0.4217601791359662
399 400 -0.36589646777960888
400 448 -0.25698857819350546
400 401 0.16236860915011433
401 449 -0.96132500828423406
401 402 -0.13734975504514924
402 450 1.0687788584505964
402 403 2.5725145472083333
403 451 2.1771853889062389
403 404 0.32536836101692185
404 452 1.2237519281234102
404 405 0.24980095765084034
405 453 -1.1774211625407236
405 406 -0.26143709912849422
406 454 1.1916642950824159
406 407 -0.39860917055839368
407 455 0.82987140899283518
407 408 1.0450334824268293
408 456 -1.559855826159658
408 409 1.3439500524928358
409 457 -0.74873507559469721
409 410 1.7463828906222458
410 458 -1.5601343543341006
410 411 1.2258483116144676
411 459 1.8212686299575052
411 412 1.1097311387362778
412 460 -0.45139870917924424
412 413 -1.026101865381986
413 461 -0.95817413811844221
413 414 0.8995538484761445
414 462 -0.37260796318276429
414 415 0.056110233024062865
415 463 0.75480661695221563
415 416 1.7690451915235144
416 464 -0.24219132987908937
416 417 0.58583732281383505
417 465 -1.0471346793049263
417 418 0.76419915698159635
418 466 0.96272334735712495
418 419 -1.401429353386844
419 467 0.090811454765349728
419 420 0.70706138546304131
420 468 -2.0963743687847938
420 421 0.20437814617484107
421 469 -1.5755240199808922
421 422 -0.59798113081755166
422 470 -0.085029656865981143
422 423 -0.097153070187484786
423 471 -1.1772929109096537
423 424 -1.0677474257515758
424 472 -0.38872534410433779
424 425 -0.37660865402021154
425 473 -0.36348276799092577
425 426 1.1914150980406837
426 474 0.13151403554142221
426 427 0.70957373005322444
427 475 -0.74634038386597046
427 428 -1.4381811819310117
428 476 0.78268566267312445
428 429 -0.65231994236555713
429 477 -0.63567794009722156
429 430 0.43988669809667535
430 478 0.38975733703896492
430 431 -0.24798819005487863
431 479 0.12885523403829643
384 431 -0.20405428819589075
432 480 -0.17421592268988179
432 433 -1.0933123750906331
433 481 0.81397288658891631
433 434 1.5087637436478136
434 482 -0.52647869516736345
434 435 0.19483913375827022
435 483 -0.24633953103839881
435 436 0.51337628059979756
436 484 -0.53640956072913937
436 437 -0.1251570605663363
437 485 0.48181568957213916
437 438 -1.3688031347695597
438 486 -0.13651391421636391
438 439 -0.40659990442087907
439 487 -0.89968023565971034
439 440 -0.26437800581065135
440 488 -0.29488434671475899
440 441 0.60065000910566324
441 489 0.89170087763970252
441 442 -0.31399178870035022
442 490 -0.39803702016165515
442 443 -0.79963688600654503
443 491 -0.97034403505432776
443 444 0.75498904462369743
444 492 1.2146855771578215
444 445 0.89093451622794539
445 493 -0.99112765982821716
445 446 -1.6854676003777631
446 494 0.92387502671977539
446 447 -0.023239431129960641
447 495 0.094540185497182433
447 448 2.3003739561179395
448 496 -0.90255258351761725
448 449 -1.0175043696079502
449 497 -1.0984172647768633
449 450 -0.86620646522044242
450 498 -0.032052604174576553
450 451 1.4554421215528555
451 499 0.09110710972949676
451 452 1.1184842107456998
452 500 2.1023085440032503
452 453 0.017962412165941591
453 501 -0.84427442216791471
453 454 -0.81393898599247061
454 502 -0.27272439934681292
454 455 0.24812181785658935
455 503 -0.17688302331568387
455 456 -1.366090148058305
456 504 -0.8693007858163877
456 457 -1.0882001180226328
457 505 0.65316021619840492
457 458 -0.81754038214175617
458 506 -1.7744397396874985
458 459 1.0849595315328251
459 507 -0.79604695097733613
459 460 0.91680751421276374
460 508 -0.20471924978268274
460 461 -2.6326189867819378
461 509 -0.27638763104935554
461 462 -0.38601684033356415
462 510 -0.22576358959827533
462 463 0.2221476621283984
463 511 1.0708855798381354
463 464 -1.2724318285896392
464 512 0.20999767225593552
464 465 0.014611338807035277
465 513 0.87822883160081189
465 466 0.23655474889737016
466 514 0.17100749774947682
466 467 0.25711947537788366
467 515 0.96496503052570515
467 468 -0.30333547058821841
468 516 0.16712531009629131
468 469 0.28563041633602937
469 517 0.18854458461476128
469 470 0.79581458194253041
470 518 -1.1286612919953023
470 471 1.5322577488367586
471 519 -1.2448714012487725
471 472 0.12920298209930303
472 520 1.1282169179507693
472 473 -0.37239569071313416
473 521 0.022137697235271231
473 474 -0.26649509338409022
474 522 2.3803852148217315
474 475 -0.62347815204920776
475 523 0.31234932919845326
475 476 0.85975837626840035
476 524 -0.36829781177305393
476 477 -0.79993128244436862
477 525 1.5158420433312165
477 478 -0.8719042746118173
478 526 -1.5800463220224423
478 479 0.42920964644848925
479 527 0.81625010583166235
432 479 -1.3875988165648843
480 528 -0.62118934664301739
480 481 1.6424148810085502
481 529 0.47224927148255275
481 482 -0.77748973372843144
482 530 -0.092133015901195797
482 483 -0.62943870094471122
483 531 -1.2069242324202527
483 484 0.66805067929174744
484 532 1.2221899299677508
484 485 1.061096297395981
485 533 -1.1465864578688791
485 486 0.13919562965585738
486 534 0.14107322926069155
486 487 1.7100501489790974
487 535 0.39475076811798432
487 488 1.1256228365150156
488 536 1.0621995089612126
488 489 -0.71072190631667254
489 537 0.24026213293745463
489 490 -0.56502753356797286
490 538 1.0288545142255987
490 491 -1.4655147056868938
491 539 0.19311854229535522
491 492 -0.94865963250051522
492 540 0.23796532122885933
492 493 -0.7751992829531742
493 541 -0.93291607213131011
493 494 -0.6707705132955365
494 542 0.60829842328341388
494 495 -0.44749056789362979
495 543 -0.41252814498494961
495 496 0.12135942257863372
496 544 -0.17454646385928549
496 497 -0.077893991844857499
497 545 0.3088334417037592
497 498 1.5042621530026434
498 546 0.18977152800561492
498 499 -1.2414563504780249
499 547 0.10641694271108644
499 500 0.23381072874836029
500 548 0.073234006210575728
500 501 0.13817926169224601
501 549 1.8415625264878612
501 502 1.4294030190890388
502 550 0.13614993211611381
502 503 0.17982168004036589
503 551 -0.54846259023846577
503 504 -0.46924270545091445
504 552 -1.3615576422678126
504 505 -0.35956404981326479
505 553 -1.1540662891792635
505 506 -1.7982428269372412
506 554 0.43141976012819011
506 507 1.072889027894963
507 555 -0.4259981336472361
507 508 0.28134543278052881
508 556 -0.30957440589141355
508 509 -0.4387804587685637
509 557 0.23489467737251671
509 510 0.21016021731187315
510 558 -0.5722945516871486
510 511 -1.0911452215718012
511 559 1.6982825198786717
511 512 -0.36981120851171917
512 560 -2.3961663628917775
512 513 0.08197316836967386
513 561 -0.76747618854237609
513 514 -0.53213590467553518
514 562 -1.6310283623531978
514 515 0.73705541137875108
515 563 0.054369091844129788
515 516 0.86837860599830907
516 564 -0.22754332820083734
516 517 0.73885472773219463
517 565 0.97071527324818974
517 518 -0.96284354266653582
518 566 0.51775802981027663
518 519 1.9456024144803998
519 567 -0.44587239397605338
519 520 -1.6597146917151002
520 568 -0.23190350038575552
520 521 1.322740684883263
521 569 0.85635235655755659
521 522 -0.58221025165841866
522 570 -0.48479988767208082
522 523 1.188258625005401
523 571 -0.95699447557994299
523 524 0.28237625801746319
524 572 -0.79275053180437438
524 525 -0.88367553627588058
525 573 0.23500190369501314
525 526 0.37767561060560534
526 574 0.17644955321459174
526 527 -1.0663238787731064
527 575 -0.094013424419096617
480 527 0.96816780673189928
528 576 0.16056226831477619
528 529 0.44493072748957213
529 577 1.302605975137751
529 530 -1.7137670288302524
530 578 -1.3103070061582334
530 531 0.47026640060753533
531 579 -0.72708363948269228
531 532 0.049805352338944606
532 580 -0.82951616005400663
532 533 -1.5803480891452182
533 581 -1.4902947515644285
533 534 1.1310594608901934
534 582 1.0894110803616504
534 535 0.06193162106144056
535 583 -0.053263297582935132
535 536 0.77027422960702507
536 584 -0.33060947263283091
536 537 2.0228836708318974
537 585 3.4584425687286284
537 538 -0.21350265994531817
538 586 1.2571828141289292
538 539 0.87460661177869392
539 587 1.4297868039699919
539 540 0.36597003175114212
540 588 1.5188584302537924
540 541 1.53509439122927
541 589 -0.163510088589291
541 542 -2.3429418471838526
542 590 -0.56585761697910752
542 543 -1.4719727999713847
543 591 -0.84373979336610927
543 544 1.4508674176032068
544 592 1.7965473590791299
544 545 0.78745398527824173
545 593 -0.67108731308500846
545 546 1.4941896631967182
546 594 0.95232564208427795
546 547 1.713187394523572
547 595 0.39943850128958175
547 548 2.1445493285988428
548 596 -1.6191233461540315
548 549 1.2263205465841267
549 597 -2.1013674790278518
549 550 -1.308933829646288
550 598 -0.61973409063858431
550 551 0.88411239831593336
551 599 0.38261574092271872
551 552 -0.63929949487044813
552 600 -0.39588888005176398
552 553 0.17744654388736861
553 601 -0.4748591708714397
553 554 -0.52219074104259888
554 602 -1.4134873778470698
554 555 2.8958761082969513
555 603 -0.872965780475637
555 556 -0.044198489935460071
556 604 -1.0919921657368317
556 557 -1.2768783745537737
557 605 -0.43406671851346029
557 558 -1.353799966355671
558 606 -0.87806885352819042
558 559 1.6208356534620638
559 607 0.58284178197763226
559 560 0.96855446601050132
560 608 -1.4443410042368232
560 561 0.61073696389597576
561 609 -0.84064993036288516
561 562 0.76074763852246186
562 610 -2.5490008033795393
562 563 0.17558888263791056
563 611 -0.12208069099534499
563 564 0.0090105484987347204
564 612 -0.030815205522573962
564 565 1.5869052088844611
565 613 -0.49327357652173914
565 566 1.0885913493150259
566 614 0.81006833243182619
566 567 1.3764879702696817
567 615 0.10504934413459489
567 568 0.47886403417525697
568 616 -1.3311013992346885
568 569 -2.3598187388334386
569 617 -0.42544347765249618
569 570 -0.97979597920893802
570 618 -1.0133053803250258
570 571 -0.018404889441898879
571 619 -0.26918292522994791
571 572 1.8916562044743268
572 620 -0.79688287117101519
572 573 0.1838020863640176
573 621 -0.19375652439026406
573 574 -0.74859194424141384
574 622 -0.46957405409282149
574 575 -1.3863407687199762
575 623 1.1213720932126354
528 575 0.65543658503680835
576 624 -0.62114974369667653
576 577 0.73065865122409557
577 625 1.518941091682285
577 578 0.85482389771917833
578 626 0.052191479454777118
578 579 -0.0070372451482076026
579 627 0.87753911791861383
579 580 1.4270239614345293
580 628 -1.97068684253184
580 581 0.77254028217366666
581 629 1.4808093034877894
581 582 0.68249240987348436
582 630 0.086710976728844785
582 583 0.80679945462311786
583 631 1.3231570138056079
583 584 -0.060779301681451597
584 632 -1.5455559590431205
584 585 1.2839959025227417
585 633 1.4705325514849978
585 586 -1.5718328879046255
586 634 -0.82961342144723826
586 587 -0.67166012958330812
587 635 -1.0555306324184428
587 588 -0.40852091537549856
588 636 -0.25047448269863021
588 589 -0.28958369517728261
589 637 0.62045931890045447
589 590 0.90486010023030039
590 638 2.0512400840889122
590 591 0.47660648950765272
591 639 -0.50252250986252378
591 592 0.19806354179809554
592 640 -0.41212877530027386
592 593 0.92838039632721325
593 641 -1.3290695831718122
593 594 -0.72555388640847329
594 642 -1.3772142599158861
594 595 -0.23610959532447454
595 643 -1.3034760431508148
595 596 -1.5300393726533503
596 644 -0.7972402208811753
596 597 -0.1254579528247026
597 645 -0.6012560805112438
597 598 1.2546805011441222
598 646 -0.29728251032268366
598 599 1.3405513316755562
599 647 -0.63267576033989992
599 600 -0.16881536172545658
600 648 -2.4698600295645767
600 601 -0.57420793666837011
601 649 0.86778608737279306
601 602 -0.46391268893830256
602 650 0.0036672046595072846
602 603 0.6989687822317876
603 651 -0.14415331952910007
603 604 0.92499076388602564
604 652 3.1734909759237753
604 605 -0.40644250022515632
605 653 1.5963890788050308
605 606 1.33827197642909
606 654 -1.3388364846037888
606 607 -0.17969091518385563
607 655 -0.6912148487803349
607 608 -0.36892509198855772
608 656 -1.7481514043946544
608 609 1.3224294804832348
609 657 -0.96071654475523316
609 610 -0.66074831308733983
610 658 0.92877923434663134
610 611 -0.68573825535954724
611 659 1.0976912681675566
611 612 -0.74951985057352566
612 660 0.980225636287132
612 613 -0.96928374628884251
613 661 -1.9295921878174618
613 614 -1.6095425156359815
614 662 -1.4310383134625764
614 615 1.33481559381048
615 663 -0.5661044142076298
615 616 1.0813251524022784
616 664 -0.044346535333096959
616 617 -0.85445214910247425
617 665 0.7613483175350283
617 618 -0.30329339691884466
618 666 -1.1084142475295415
618 619 -0.12709316492243797
619 667 1.4502460713338448
619 620 -0.51251263606803532
620 668 -0.79251642561729763
620 621 2.7342531645742527
621 669 0.17109519076788576
621 622 -0.91395435281165471
622 670 0.073401941009140534
622 623 -0.038898784107173075
623 671 -0.58279074944645515
576 623 0.30247405757569856
624 672 -1.4041643880605461
624 625 1.4015283054793939
625 673 -0.68040258391733588
625 626 0.32844135786903056
626 674 0.64738444071471957
626 627 0.25256671034633382
627 675 0.38151683151061372
627 628 0.91692450069428788
628 676 -0.1110979535244075
628 629 -0.30369266025828812
629 677 -0.78118223757391558
629 630 -0.65464825284246286
630 678 0.54162464311613612
630 631 -0.7594554426704837
631 679 -0.20317831399710082
631 632 -0.68397342370995118
632 680 -0.72246275778156455
632 633 1.4351088136802486
633 681 -0.70802813261675568
633 634 1.3163686731342732
634 682 -0.94633078256697234
634 635 1.9381090729084838
635 683 0.75605564381191526
635 636 -0.332825525935741
636 684 0.62636709696522186
636 637 -0.3729392036808048
637 685 0.35584177945089479
637 638 0.44533605123452935
638 686 0.33394771135301859
638 639 -0.66833486505728079
639 687 1.131996222417101
639 640 -0.41544004836292148
640 688 -2.1364595836623246
640 641 -1.5897539021359628
641 689 -0.71213750862685454
641 642 -1.6106432507282853
642 690 0.42416093990512904
642 643 -1.3678984097389482
643 691 0.28389153874677386
643 644 0.41376212176354088
644 692 -0.59432056446846593
644 645 -0.15254375777815163
645 693 0.59796384018576454
645 646 0.78290976275712443
646 694 -0.23056150320953731
646 647 0.82128470970239331
647 695 -0.50571383552437688
647 648 -1.2027529063793001
648 696 -0.2131133275266866
648 649 0.16212628626195022
649 697 -0.0035043460974931609
649 650 -1.0008737861644244
650 698 -0.20478068879014913
650 651 -1.6936522608124229
651 699 1.4435097588321282
651 652 0.70551084814501985
652 700 0.38877048883732446
652 653 -0.59280149446569785
653 701 2.1143961450065225
653 654 -0.14073130558164376
654 702 0.74760871953938968
654 655 -1.7748523976713613
655 703 -0.064441891200590948
655 656 0.2336938054934031
656 704 -0.57165308976258622
656 657 -0.81638444449331049
657 705 -0.14833677200080425
657 658 -0.94674706456030777
658 706 -0.56277801940838268
658 659 -2.1080084452252059
659 707 0.49992546399936455
659 660 1.7633850419662636
660 708 -0.13365282657395436
660 661 -0.72317530640123873
661 709 -1.6469427328119373
661 662 -0.88714499980301542
662 710 0.95808271443222559
662 663 0.53709616974289265
663 711 -2.3115227009574966
663 664 -0.60743931420647479
664 712 1.0923187283695575
664 665 -1.4552726772944278
665 713 -0.08697967729631724
665 666 1.2733061860034158
666 714 -1.5911412771722171
666 667 -0.46435907962125611
667 715 -0.11313161585456848
667 668 0.83134130489801172
668 716 -0.45758669259462836
668 669 0.35036063264569051
669 717 0.41377420787621455
669 670 1.6363406958979445
670 718 0.99251503478105285
670 671 0.85280848335943826
671 719 1.1102340650582216
624 671 1.7011534819892575
672 720 -0.24278572955439476
672 673 -0.89831813154460327
673 721 -0.55389631350165036
673 674 -0.47144516840779599
674 722 0.82587585125851226
674 675 -0.27842709312794922
675 723 2.2662247379209717
675 676 0.097378189267626009
676 724 0.12883602965314969
676 677 0.27562196472926825
677 725 -0.23589084985848027
677 678 -0.89530657855529772
678 726 0.18891714776821755
678 679 0.075630322963705823
679 727 -1.9527776237711201
679 680 0.45729061273261723
680 728 -1.2983304334774746
680 681 -0.35366227058295518
681 729 0.11759241948724859
681 682 1.1296881037423796
682 730 0.39142197462145456
682 683 2.0538352570191041
683 731 1.3879848040420586
683 684 0.68300993007601163
684 732 1.4825360705333277
684 685 1.1762702351933174
685 733 0.96645673805350152
685 686 0.68880031240663087
686 734 -0.31309339159529953
686 687 0.1600789536763641
687 735 0.60334252106226649
687 688 2.2176563275281485
688 736 0.44845857644709652
688 689 0.15656052753867658
689 737 0.29463033211530054
689 690 0.2137140281724236
690 738 0.15308800955854807
690 691 -0.30981560556781951
691 739 0.66702909953893363
691 692 -1.2647059705440098
692 740 -1.9038525858118731
692 693 -0.90812204402946983
693 741 0.62978598707911493
693 694 0.46949078059438804
694 742 -1.9677073168520387
694 695 0.97406801301478907
695 743 -0.093968807170713348
695 696 1.152198984720114
696 744 -2.1562092565676028
696 697 -0.58350075992982497
697 745 0.29723768664181072
697 698 0.96665213603252531
698 746 -0.53029851136978301
698 699 -1.0119885450500765
699 747 -1.7006935147942062
699 700 1.0156715396486335
700 748 -0.36103687069434159
700 701 0.75645632402964635
701 749 0.75897427667075013
701 702 -0.94058472496979018
702 750 -0.076001287428494588
702 703 3.2267207964582085
703 751 1.0163721966374533
703 704 -0.29874621033237103
704 752 1.2470070309256356
704 705 0.39032388049657479
705 753 -0.64683348421810682
705 706 0.87093564119948474
706 754 0.16902651135683272
706 707 -0.10179349676694129
707 755 0.87288423143441518
707 708 0.4203227250478927
708 756 0.62112521929087294
708 709 -0.80253955748229566
709 757 0.3501173471436656
709 710 -0.062229677515229211
710 758 -0.41223876818028782
710 711 0.11022226653373589
711 759 -2.5008834018035295
711 712 -1.0343014888132702
712 760 -1.4584962896234792
712 713 -0.15824967353256936
713 761 2.287691790773875
713 714 0.47236650544957176
714 762 0.63477290330218294
714 715 0.3624170202813895
715 763 0.49251118054152204
715 716 0.45871812515791088
716 764 1.3618529680705878
716 717 1.9149296287666269
717 765 0.0064397234282308168
717 718 0.30411395669240215
718 766 -1.6174001152600304
718 719 -0.0069483053839575143
719 767 -0.72611871270329198
672 719 1.4813288393662818
720 768 -0.84063606836333238
720 721 -0.037875635891878284
721 769 -0.376811668512469
721 722 -0.41110641148639243
722 770 -1.4928013044423984
722 723 3.4258047160743819
723 771 1.1116314236163933
723 724 0.25780587789287723
724 772 -0.37286004556018321
724 725 -2.8352324587968898
725 773 -0.31128605487634953
725 726 1.252942412316532
726 774 -1.5546528794115835
726 727 1.579898654519841
727 775 -0.7527301217574297
727 728 -0.57126912003485486
728 776 -0.97981337626197229
728 729 -0.071467931793754214
729 777 -0.61133240693026047
729 730 1.6666933907112731
730 778 0.33576830189015477
730 731 0.59242298883692646
731 779 -0.2401967390423439
731 732 -1.2822981203642958
732 780 0.61961121080350512
732 733 0.068886926881313079
733 781 1.559522843095914
733 734 1.2274030454341645
734 782 -0.96186859671676361
734 735 0.22644606252878682
735 783 0.49641814116725586
735 736 1.1501152147816043
736 784 -2.0627639183956599
736 737 0.39644729789085065
737 785 -0.061605237651937234
737 738 -0.011284885924438496
738 786 0.48353303046372731
738 739 0.68326066213531012
739 787 -0.33260233775073206
739 740 -0.54943343549120649
740 788 0.85853144713901264
740 741 0.49494318718890357
741 789 -1.0652511544340295
741 742 0.95785522310784654
742 790 -0.21919781208547109
742 743 0.30569933339300898
743 791 0.82201507389732487
743 744 -0.66239683920771986
744 792 0.78526115886713965
744 745 -1.2901997294092717
745 793 0.41386166568351995
745 746 1.334018049473386
746 794 1.8246573275171216
746 747 -2.7717095796969464
747 795 -1.5145310438745343
747 748 0.5099597368260782
748 796 -0.30399213708747491
748 749 -1.2869917486356259
749 797 -0.32159557748056067
749 750 0.17699192339518049
750 798 -0.83218039295299462
750 751 1.5075575856080452
751 799 0.84310686298714554
751 752 -1.6174834102268836
752 800 0.25019352803923595
752 753 1.0511951079726494
753 801 0.51849135097200116
753 754 -0.93346647289671802
754 802 1.1740719106169903
754 755 0.83629397186025856
755 803 0.26071922918621593
755 756 -0.84561109207165408
756 804 0.20831069043686951
756 757 -0.13739581062016828
757 805 -0.9193692680825436
757 758 0.70163389800252696
758 806 -0.67129433326441579
758 759 1.140631784995346
759 807 1.2600319267787059
759 760 0.4034066082148402
760 808 1.0731670979840902
760 761 0.80448489748613372
761 809 -0.38959236680513898
761 762 -0.38944607115632618
762 810 0.69432121287411763
762 763 -0.47951618142855063
763 811 2.569224848118334
763 764 -0.11831236130766425
764 812 0.54046989045909422
764 765 -0.15034063873345932
765 813 -0.65730089937546365
765 766 -1.5864802860823182
766 814 -0.035653455969291516
766 767 0.3537318959537713
767 815 0.6162067685074718
720 767 -1.4194584654401108
768 816 -0.84211765838945585
768 769 0.34827327170713912
769 817 -2.5474501307119919
769 770 -0.91053443102634257
770 818 -1.2710464177751257
770 771 -0.63747116522043756
771 819 0.38714893789429605
771 772 0.66657171663582249
772 820 -0.22637516912859296
772 773 0.057068133263722086
773 821 -0.36544458908809513
773 774 -0.56573439839915407
774 822 -0.76814603826313621
774 775 -0.48689099268710856
775 823 0.041497531018603616
775 776 0.35222358986199881
776 824 0.69842305672416793
776 777 -0.82676736037415799
777 825 -0.70136235898086485
777 778 -0.92873652841351384
778 826 0.052286749867741004
778 779 -0.44038019163675685
779 827 1.9135686704964276
779 780 2.0718194333581392
780 828 0.24632279162285753
780 781 1.291447439676259
781 829 -1.4122031684787821
781 782 -0.91935365275459302
782 830 -0.18182198540515673
782 783 0.98426693852844716
783 831 -0.23857085483830262
783 784 -1.028195170343212
784 832 0.68594713179555145
784 785 -0.42672662146572066
785 833 0.82514322191130818
785 786 -0.013522298205598257
786 834 0.17130700458374667
786 787 -1.2002572428350013
787 835 0.22605393522583023
787 788 -0.80851491909374473
788 836 0.5478258668281637
788 789 1.6435913475343757
789 837 -1.5501553726207191
789 790 0.28676762795964356
790 838 -0.32435867647543593
790 791 -0.17864378300458891
791 839 0.521548270073944
791 792 0.034644713031147939
792 840 -1.5303614960676342
792 793 0.74769701478141226
793 841 -1.6683981977868796
793 794 -0.023950014608795617
794 842 -0.59023086776351719
794 795 0.59550836735133761
795 843 -1.0717148697698289
795 796 0.073270440058603142
796 844 0.59713465420352718
796 797 0.66147821309179611
797 845 1.0997208752943675
797 798 1.9638150770434202
798 846 -0.76088707769933772
798 799 -2.0233114670508137
799 847 1.603300493929763
799 800 0.43460056212636233
800 848 -1.9454953705187636
800 801 0.57253716747028927
801 849 -2.4242180202250521
801 802 -0.29120617034699608
802 850 -1.3499539204727149
802 803 -1.6578948870676344
803 851 -0.16908055455987403
803 804 1.0540525053917751
804 852 -0.3688682951632748
804 805 0.0004520978277483899
805 853 -1.6311108256380513
805 806 1.9363293827434533
806 854 -1.2474369022869496
806 807 -0.93479324161133981
807 855 -0.90662390100720691
807 808 1.0649182728382993
808 856 0.80219656757944124
808 809 -2.1607948668003134
809 857 2.6420168823723325
809 810 -0.70451651539797833
810 858 -0.10164195214685186
810 811 2.1248577766290997
811 859 -0.26927140431717494
811 812 -0.99793447052151807
812 860 -0.57753385318532047
812 813 0.76446855283939441
813 861 -0.62947625530033513
813 814 -0.39265912081599752
814 862 -0.8030257962349524
814 815 0.34673635671889358
815 863 1.2250283664300763
768 815 -0.081408917865247524
816 864 0.055672234528471407
816 817 0.32054554298586108
817 865 -0.15896034437894627
817 818 -0.39589164180535885
818 866 0.31286949108241852
818 819 0.38102334675877414
819 867 0.4568811017399676
819 820 -0.40925661355559667
820 868 1.4538040485491832
820 821 1.2179470850832861
821 869 1.4822627208756691
821 822 1.3113240606579717
822 870 0.59926866225789943
822 823 0.80507131229164042
823 871 1.4460113903855947
823 824 -0.2559386640323319
824 872 0.2416344129031614
824 825 0.076343072815963517
825 873 -0.76028354590575087
825 826 0.46147005164105742
826 874 0.62400874319609367
826 827 -0.90315988803259772
827 875 0.40064256925286906
827 828 0.74033413520378222
828 876 1.2472319518145549
828 829 0.92154391054728291
829 877 -0.17894332874016292
829 830 -0.42236466298555803
830 878 0.065131375499421038
830 831 1.2797679987683781
831 879 -1.4035074606503399
831 832 0.47569664305619397
832 880 0.047165393602472072
832 833 -0.84272536594976344
833 881 0.78777624587377182
833 834 0.94963593298504501
834 882 0.78100609435970769
834 835 0.52954824758974084
835 883 -0.62574209708388329
835 836 -1.2308699398652065
836 884 -0.067137450650016431
836 837 1.3561219417424524
837 885 -0.89944451970736528
837 838 0.88753632861281961
838 886 -0.050872219857096182
838 839 -1.2423292438315123
839 887 0.68081194683756696
839 840 1.830439960296923
840 888 0.30086184780783726
840 841 1.0284468904710551
841 889 -1.6520407530834931
841 842 0.81453060762466334
842 890 -0.78219893615319369
842 843 -0.024119059793942441
843 891 -0.20409541182874502
843 844 -0.53464340013398981
844 892 0.60088399527210301
844 845 -0.16778077570855549
845 893 0.75026526618187828
845 846 3.2815897583104037
846 894 -0.48620159809771635
846 847 -0.58703041396930189
847 895 0.72734712064296003
847 848 -0.3455007434534908
848 896 -1.1291592342129357
848 849 1.9815590373070908
849 897 -0.29213298319224912
849 850 -1.1234144726626094
850 898 1.990258845551788
850 851 -0.31164608534044358
851 899 0.46937085570843617
851 852 0.27554208766389421
852 900 1.0737733434160228
852 853 0.33017118749570212
853 901 0.51790434316138778
853 854 -0.3385731491234813
854 902 0.99659354855378479
854 855 -1.2106608390332754
855 903 0.57163032374265665
855 856 0.81820669692128445
856 904 -0.84529470798761208
856 857 0.38796464185293655
857 905 0.86059317213603082
857 858 -0.94926274505880537
858 906 -0.55224903220951826
858 859 0.62983413643296704
859 907 0.97076026308816954
859 860 -2.0897429194985015
860 908 -1.3418424632554606
860 861 1.357965189839895
861 909 1.6115629521962751
861 862 -0.54688684078451655
862 910 -1.5690894203690731
862 863 -0.95752347931381554
863 911 1.9657600291940998
816 863 -0.44682339635718121
864 912 -0.16989195978746952
864 865 0.29765605359645997
865 913 0.46188366099836681
865 866 -0.1749631652575353
866 914 0.25866291759419929
866 867 1.1188974102814266
867 915 0.30210033054387242
867 868 -0.018572623954811521
868 916 -0.17121155156714787
868 869 -0.79618038035339822
869 917 0.3054575205703024
869 870 0.0026235449234719575
870 918 -1.9397200008918896
870 871 -0.47638313079399203
871 919 -1.1098320212289288
871 872 1.4583708546263208
872 920 -2.1210034694128148
872 873 -0.10350295656565822
873 921 0.54366292602334221
873 874 -0.21701572814307021
874 922 0.12491691110743916
874 875 -0.46994992732275298
875 923 1.6152013873455349
875 876 -1.7428959305549379
876 924 0.40689252995883451
876 877 -0.78962923667399321
877 925 -0.90166630062943154
877 878 -0.60984413340294963
878 926 2.608448230718349
878 879 -1.5838968365189785
879 927 -0.78491316611807704
879 880 -0.54983197732623046
880 928 -1.1295891498258634
880 881 1.8149801886744223
881 929 0.98345468386130541
881 882 0.39794572958261493
882 930 0.18645612056793714
882 883 -0.08294200000573039
883 931 -0.34002401964256579
883 884 -0.46718452692892309
884 932 1.3406314360220128
884 885 -0.069818223278534777
885 933 0.2877140804275074
885 886 -1.0340272687472583
886 934 0.85202133744017949
886 887 0.54088146537130388
887 935 -0.011904637569838727
887 888 0.88188353206626824
888 936 0.19046587783721117
888 889 0.64919160539577903
889 937 1.1091118348429947
889 890 -0.95341241543847044
890 938 -1.0013397299475097
890 891 -0.3125533215455733
891 939 0.67540441847162846
891 892 0.57021806204510783
892 940 0.14756778198523571
892 893 0.14770104270344225
893 941 1.4427124784456116
893 894 1.1944300081874384
894 942 0.20591970318394262
894 895 -0.99067219649296923
895 943 -1.9891578616260857
895 896 0.89434191805187524
896 944 0.23594316812410709
896 897 -0.43425857807145257
897 945 0.76933967782581636
897 898 -1.4347520915667642
898 946 0.80503786044648151
898 899 -0.77027925716599865
899 947 -0.39306065771414606
899 900 0.65378311874913164
900 948 0.65472007549816913
900 901 -0.31958108095611559
901 949 -0.38328704915882228
901 902 1.256080947539576
902 950 -0.20668409452206477
902 903 -0.24995835873580152
903 951 2.1729329302435536
903 904 -0.36313867916687875
904 952 1.3162325595537936
904 905 1.9183953943116085
905 953 -1.9640368798191228
905 906 -0.010905511951585491
906 954 -0.45259999331321404
906 907 -0.1665723397777755
907 955 -0.06715503689635019
907 908 0.44782131159122635
908 956 0.10092219810165846
908 909 -0.24073805095435585
909 957 -1.4781654588588808
909 910 0.83127011738197121
910 958 -1.6396652954541668
910 911 -1.1169760262060018
911 959 -0.70347323406983076
864 911 -0.66930590467361084
912 960 1.6784665019219498
912 913 1.6789096626347229
913 961 -1.3091979979905131
913 914 0.63883525648781059
914 962 1.2029730843377071
914 915 -0.066777226095745074
915 963 2.2208951414838185
915 916 1.6329603724149602
916 964 -0.19185009429849334
916 917 0.80034333789021683
917 965 0.8755902543612567
917 918 -0.015682978538279324
918 966 0.46953208617448028
918 919 -0.037174663144816274
919 967 2.8027566868755085
919 920 1.0861295766763654
920 968 -0.39038143145928206
920 921 -1.4857449013045474
921 969 -0.9501958341232366
921 922 -0.49616780614152717
922 970 -0.68018073317303152
922 923 -0.071537266392305454
923 971 -0.2649353400771966
923 924 1.41879073644267
924 972 -0.055029883577810017
924 925 -0.12121021076596586
925 973 0.92289113426000557
925 926 0.76010650816548242
926 974 0.95782434785220349
926 927 0.044191630754923397
927 975 0.035131063133442372
927 928 0.14994914164840964
928 976 1.6047476763735962
928 929 -1.2471363301120761
929 977 0.49237765281936713
929 930 0.50156345866639396
930 978 -0.36794601938147542
930 931 0.85190785263406965
931 979 0.051085786219409936
931 932 -0.31948349494954559
932 980 0.1119433788939703
932 933 -0.34308977222114223
933 981 -0.5536131326163759
933 934 -0.42050858200950636
934 982 1.8352191685536503
934 935 -1.2440441071811501
935 983 -0.89148437413158821
935 936 -1.0326527624832909
936 984 -0.8517872933576327
936 937 -0.080047814122920086
937 985 -0.83186196192475348
937 938 0.32854070425788257
938 986 -0.4809219446711801
938 939 0.3229330839918898
939 987 0.80824547394547841
939 940 0.47953847992284504
940 988 -0.07515691333054092
940 941 0.40291802767624724
941 989 -1.1921294066696262
941 942 1.7565948143120544
942 990 -0.76133653374070043
942 943 1.0539128820481349
943 991 -0.65480469581919842
943 944 0.39534215829218111
944 992 0.34943118923653516
944 945 0.4970348895687704
945 993 -1.7160693125966897
945 946 1.0724166515198723
946 994 1.1349585414240404
946 947 -0.36486502099427387
947 995 -1.5657082354851968
947 948 -1.3825871336573763
948 996 1.3085149306908137
948 949 0.085464759713215557
949 997 -0.81462695634014359
949 950 1.6524658510980927
950 998 1.9808723934861996
950 951 0.03181178617034347
951 999 -0.27359148780881087
951 952 0.89545139887784664
952 1000 -1.8853602028449612
952 953 -0.54314387952066823
953 1001 -0.230738988398033
953 954 0.11389640536576777
954 1002 -1.3887880094209435
954 955 1.2490285511461685
955 1003 -0.69508934399048661
955 956 0.09855629665922408
956 1004 -0.3598367268092415
956 957 -0.19578822503908597
957 1005 -1.448487982678732
957 958 1.8736243719462033
958 1006 0.5972815036002781
958 959 0.44075038942794592
959 1007 0.71557780815042504
912 959 1.3364878070774195
960 1008 -0.90885408510352939
960 961 0.32074371373186372
961 1009 0.37548352437943849
961 962 -1.2575366409341533
962 1010 -1.4639276176249634
962 963 1.2736404929194383
963 1011 -1.4604288410028596
963 964 0.34737583843717823
964 1012 1.3331938233082483
964 965 -1.5818377110948072
965 1013 -0.065999378662045707
965 966 0.62701772911101483
966 1014 -1.7648333096320461
966 967 0.0024167197692982196
967 1015 -1.630564320769964
967 968 -0.63809853662232263
968 1016 -0.38011445525881715
968 969 0.65119777998677375
969 1017 1.4067810628427835
969 970 -0.53329214977634964
970 1018 0.82159620047509874
970 971 0.48444080543544105
971 1019 -0.42617365286906178
971 972 0.52251143302845748
972 1020 -0.25127100239437494
972 973 -0.30898326748484223
973 1021 -0.59272234650761291
973 974 -0.52227467859964982
974 1022 -0.10589979528762877
974 975 -1.5883866790599057
975 1023 0.20653353803568567
975 976 -0.71667152365554698
976 1024 1.3984203515258968
976 977 -0.43804758966893925
977 1025 -0.35230615546690114
977 978 0.06725272103435935
978 1026 -0.084355326946452897
978 979 -0.33406646777669813
979 1027 0.39630683220001217
979 980 0.94223083863319756
980 1028 -0.60421511280687346
980 981 -0.35909280484357187
981 1029 0.94193438585172196
981 982 0.77130659690009118
982 1030 -0.18057739754340862
982 983 -1.1035417298744872
983 1031 0.82170590795755694
983 984 -0.92347182182585519
984 1032 0.28180220638804004
984 985 1.4000943911771997
985 1033 -0.73307252402051137
985 986 0.24486191172801608
986 1034 0.6946276981702233
986 987 -0.72245266962672317
987 1035 -1.2814041460081986
987 988 -0.99159740051768341
988 1036 -1.976601069751341
988 989 0.10386378832606265
989 1037 0.67741331893312884
989 990 -0.53590049551781305
990 1038 -0.86162919014964834
990 991 1.0109704358892277
991 1039 -0.44998706427100227
991 992 1.0728831234076375
992 1040 -0.69282824496454054
992 993 1.9132189145929046
993 1041 -0.48114940422772823
993 994 0.97690847670639169
994 1042 1.1395057027945932
994 995 -1.4326039423311498
995 1043 -0.19122407273039851
995 996 0.41155969723408647
996 1044 0.23904869544810897
996 997 0.96548027300636496
997 1045 -0.020350429009941193
997 998 -0.77522261814461402
998 1046 1.5857335480590573
998 999 1.2767799833014022
999 1047 0.2637237908593203
999 1000 0.58161378552319498
1000 1048 0.18087857059931281
1000 1001 -2.3240324295316341
1001 1049 -0.57177050433722865
1001 1002 -1.9877274324980794
1002 1050 -0.003841888336555153
1002 1003 -2.0012915636324959
1003 1051 0.747729073222689
1003 1004 -0.83442736792809657
1004 1052 -0.44248300169950638
1004 1005 -0.55128085641750546
1005 1053 -1.1995895258808495
1005 1006 -0.1445703009153565
1006 1054 -0.90151833341610965
1006 1007 -0.53188656587437999
1007 1055 -0.32099289435934369
960 1007 1.0175585565141503
1008 1056 0.081800233436187433
1008 1009 0.54679465842780994
1009 1057 0.61195682974626009
1009 1010 0.052639389284232396
1010 1058 0.56662793791194288
1010 1011 -1.4648186322993499
1011 1059 -0.76616147128358447
1011 1012 1.7236288965963118
1012 1060 0.33144011960204789
1012 1013 0.62973367628790056
1013 1061 0.96435253148159794
1013 1014 -0.26949680133037679
1014 1062 1.5084311140940385
1014 1015 -1.0627598122524475
1015 1063 -2.3256476886884645
1015 1016 0.27533179104528832
1016 1064 0.25494931399316378
1016 1017 -0.26809676918352321
1017 1065 -0.05179018101836854
1017 1018 0.43123464674333439
1018 1066 0.35942059829041756
1018 1019 -1.016995102245428
1019 1067 0.94219427727617677
1019 1020 1.2969646667343173
1020 1068 -2.4058281145730991
1020 1021 -0.0996417064868719
1021 1069 0.17221167283314198
1021 1022 0.039870900858864432
1022 1070 0.68047065467531054
1022 1023 -0.4501429212916932
1023 1071 -0.086877303115106469
1023 1024 -0.053494477690120459
1024 1072 0.79496736022228898
1024 1025 0.20295940728254705
1025 1073 1.9433845700024925
1025 1026 0.96987304442344846
1026 1074 1.3140210435061062
1026 1027 0.45377649251956337
1027 1075 0.149790418099468
1027 1028 0.040495128532981851
1028 1076 0.081170591953309071
1028 1029 -0.48566525551367079
1029 1077 -0.13719333021815616
1029 1030 1.1575460235324966
1030 1078 -0.3561044649407577
1030 1031 0.77374108147926213
1031 1079 -0.27957891273579388
1031 1032 0.87596826159466401
1032 1080 1.4566313878277033
1032 1033 0.60349516341559184
1033 1081 0.2373549302372937
1033 1034 0.55501582406978023
1034 1082 0.47235210571467912
1034 1035 -1.3340150534534587
1035 1083 0.15248400065764467
1035 1036 -1.2225449533658193
1036 1084 -1.325530259576287
1036 1037 -0.16154438008688812
1037 1085 -0.33753810073738882
1037 1038 1.6283162340606281
1038 1086 -0.39521099764886758
1038 1039 3.0859703767988091
1039 1087 0.47698704146692095
1039 1040 -1.2070399879307732
1040 1088 -0.67704095878371628
1040 1041 -0.35466483367832363
1041 1089 -0.92444854819644073
1041 1042 0.16815804526291861
1042 1090 -0.16914382011137802
1042 1043 -1.863293241089669
1043 1091 0.058297278500997314
1043 1044 1.0225604578691465
1044 1092 -2.6322196581289679
1044 1045 0.42802987073222315
1045 1093 -0.46036296265607457
1045 1046 1.4674110415997361
1046 1094 0.32558995777191801
1046 1047 0.42456409877243839
1047 1095 -0.33105759244420324
1047 1048 -0.43533645980268931
1048 1096 -1.7478272346737531
1048 1049 -1.6287415243168855
1049 1097 -0.62831265720466167
1049 1050 -0.49188913798197514
1050 1098 1.0348673974934015
1050 1051 -1.2965028135765126
1051 1099 -0.37944437722576219
1051 1052 0.48072779754805467
1052 1100 -2.9273477699864814
1052 1053 -0.018579475843719669
1053 1101 -1.0139158487807196
1053 1054 -0.92393946686332062
1054 1102 0.39798270159383159
1054 1055 -0.99473501427821698
1055 1103 1.178541518741119
1008 1055 0.43596375852267982
1056 1104 1.484675932501738
1056 1057 -0.31438695862146199
1057 1105 -0.94713819675484101
1057 1058 0.24006391329316715
1058 1106 0.48038370554720983
1058 1059 0.04364863945692983
1059 1107 -0.56607476314222227
1059 1060 0.97329688943111659
1060 1108 0.34225152411785381
1060 1061 0.026868578698173592
1061 1109 0.084048763001044982
1061 1062 -0.72195922107485178
1062 1110 0.3657125868500618
1062 1063 -1.1004446764005285
1063 1111 0.034314194130376202
1063 1064 0.21139620230482237
1064 1112 0.40219750643549618
1064 1065 -1.1418426555055432
1065 1113 1.2599041659864192
1065 1066 0.5042540172761133
1066 1114 -1.1415693733903574
1066 1067 -0.16086119662355272
1067 1115 1.3041344789993046
1067 1068 -0.29055826090322712
1068 1116 -0.61756606358296229
1068 1069 -0.88438267303593299
1069 1117 0.16707501032803265
1069 1070 -0.95293560032579616
1070 1118 -1.4226398840690055
1070 1071 -1.3322728581345722
1071 1119 -0.81563841080803456
1071 1072 -1.9728423547682357
1072 1120 0.17833299118837087
1072 1073 -2.2944511619994361
1073 1121 0.25292380628237382
1073 1074 0.33283652769724603
1074 1122 -1.4906854649907644
1074 1075 -0.63057408203050136
1075 1123 -2.1962550436605137
1075 1076 1.3484482862588656
1076 1124 -0.91613287351839401
1076 1077 -1.017051832939081
1077 1125 1.9314289920055501
1077 1078 0.34088843392588447
1078 1126 1.0072061451886161
1078 1079 0.90787501894759326
1079 1127 1.7872452462663075
1079 1080 -1.0664851115466829
1080 1128 -1.0715221986710022
1080 1081 0.88443690957703425
1081 1129 1.4962650057768916
1081 1082 0.76874298810602282
1082 1130 1.6836349603073437
1082 1083 -0.17164066233804937
1083 1131 -2.0976101393315489
1083 1084 0.049994544773958413
1084 1132 0.30872668713866347
1084 1085 0.02382321068070941
1085 1133 -0.20810347302886723
1085 1086 0.78231678511495506
1086 1134 1.2068826228200202
1086 1087 -2.9596220590028763
1087 1135 0.32397090739937778
1087 1088 -1.5739719874542615
1088 1136 0.048929352351492185
1088 1089 -0.12467117839007127
1089 1137 0.44633927937560119
1089 1090 0.83695749624593274
1090 1138 0.11768461851977266
1090 1091 -0.22320353289786654
1091 1139 -0.092703554896222728
1091 1092 1.2153322623515086
1092 1140 -1.0629427443708694
1092 1093 0.30631035696955478
1093 1141 1.3569780579070609
1093 1094 0.96185127460848108
1094 1142 1.1183393979403329
1094 1095 -0.31155062394136296
1095 1143 0.19018435773357079
1095 1096 0.50164049243952458
1096 1144 0.89249142196599451
1096 1097 0.48695855397671306
1097 1145 0.74726432498180617
1097 1098 0.88186820852709791
1098 1146 0.17741258086933992
1098 1099 -0.47796044750997879
1099 1147 -0.85432288078253749
1099 1100 1.2308606979564316
1100 1148 -0.90713402013632305
1100 1101 -1.396352630171976
1101 1149 0.29874713692549598
1101 1102 1.260019160046054
1102 1150 0.57478450873179343
1102 1103 -1.6205879941226806
1103 1151 -0.92028963465731362
1056 1103 -2.0594285700631447
1104 1152 1.644647838033793
1104 1105 0.72525133842245348
1105 1153 -0.0041613664877856761
1105 1106 0.62716375623088161
1106 1154 1.046605885161346
1106 1107 -0.65823246089696885
1107 1155 0.037786833935153002
1107 1108 -0.26533256477494627
1108 1156 -0.85798121926954973
1108 1109 -0.36067641880958634
1109 1157 -1.2360380444334074
1109 1110 -0.071870153825002045
1110 1158 -0.55222154124118383
1110 1111 -0.031530138797482239
1111 1159 -0.42529916724469541
1111 1112 -0.36683477699070255
1112 1160 0.037530056921593599
1112 1113 0.21368576668302039
1113 1161 -0.31085311035271956
1113 1114 -0.38355345627313536
1114 1162 0.28684378474908412
1114 1115 -0.048848529114994571
1115 1163 -0.46642912229443245
1115 1116 -1.118344864264005
1116 1164 -1.2818712216740034
1116 1117 -1.8348789093082858
1117 1165 -0.40451236819663439
1117 1118 -1.2597881829404645
1118 1166 -0.10619057172351444
1118 1119 -1.1645179678491053
1119 1167 -1.1068496205366345
1119 1120 -1.6536148646195798
1120 1168 0.30442512006434141
1120 1121 0.94225053618615717
1121 1169 -0.82968767934923027
1121 1122 0.78507833905882329
1122 1170 1.0499773043958018
1122 1123 0.48053448221056555
1123 1171 -0.037156474733795651
1123 1124 -0.59899184388173599
1124 1172 0.96899590509395139
1124 1125 -0.085127812778840573
1125 1173 -1.2109373650822433
1125 1126 -0.73174943137416415
1126 1174 0.78162805343112551
1126 1127 -0.046317545315243673
1127 1175 1.0691157912969875
1127 1128 -0.37770207668504513
1128 1176 0.89991702112080396
1128 1129 -2.6658423958414654
1129 1177 -2.7416280177766104
1129 1130 -1.3721570976221449
1130 1178 -0.12028759280979091
1130 1131 -0.92398829867604049
1131 1179 0.037900205295711489
1131 1132 -1.490865565851194
1132 1180 1.2699635414552302
1132 1133 0.84744270513294284
1133 1181 0.51339391299164727
1133 1134 -2.076249034377855
1134 1182 -0.83817387040735825
1134 1135 -0.92230861561055777
1135 1183 -1.3316826920637452
1135 1136 -2.0499494057051613
1136 1184 -2.3988986425627696
1136 1137 -0.34822157990442648
1137 1185 0.45991316662932463
1137 1138 -0.14252406502762011
1138 1186 0.46796578198597144
1138 1139 -0.5508037305883996
1139 1187 2.1550738107321092
1139 1140 -1.366142061807085
1140 1188 1.4329435322784168
1140 1141 0.88110547302920406
1141 1189 -0.98109927486412996
1141 1142 -0.20217533994768055
1142 1190 2.2744934142724555
1142 1143 -0.43008190098332988
1143 1191 1.2454043842023874
1143 1144 0.76346841117968123
1144 1192 0.51243270059906543
1144 1145 -0.40658171562381318
1145 1193 1.2265178634636766
1145 1146 1.5858550555188549
1146 1194 -0.21058667283066465
1146 1147 0.17076741963996514
1147 1195 -0.51472253522604949
1147 1148 -0.54818213892405243
1148 1196 0.55025278649626108
1148 1149 -1.2642682736673276
1149 1197 0.82280896394485492
1149 1150 0.72118424580602225
1150 1198 0.7451780985540013
1150 1151 1.073785771095727
1151 1199 1.4301636134731508
1104 1151 -1.7650445922976605
1152 1200 -0.2938296826793439
1152 1153 -0.88429296500410404
1153 1201 -0.63916155265414709
1153 1154 0.37080144266261261
1154 1202 -0.9549988283187405
1154 1155 -0.38371789173294268
1155 1203 -0.64905898605463441
1155 1156 0.88049036467592223
1156 1204 0.88845726809149239
1156 1157 0.18556645229572832
1157 1205 1.5432962229239231
1157 1158 0.22035830627190237
1158 1206 -1.2009798774479419
1158 1159 1.4546441291444885
1159 1207 1.282752188368397
1159 1160 -0.32844839860369274
1160 1208 0.14073715336763229
1160 1161 -0.34193388802724373
1161 1209 1.5772723918460456
1161 1162 1.5748090463967255
1162 1210 -1.2239167243226305
1162 1163 -0.44227454674988553
1163 1211 0.15698133500214964
1163 1164 1.0955520540505967
1164 1212 -0.69746074793116652
1164 1165 0.61759247644856508
1165 1213 1.1219016301592615
1165 1166 -0.30295447594360192
1166 1214 0.61222515291763857
1166 1167 1.0753097380701666
1167 1215 -0.90755207775540325
1167 1168 1.4069233985094352
1168 1216 0.057549354907273663
1168 1169 -0.069822792652520005
1169 1217 -0.13882435061367146
1169 1170 -0.31697261416813394
1170 1218 0.70354678359716982
1170 1171 -1.1257570097407772
1171 1219 1.7172577806713072
1171 1172 -0.40838844240419991
1172 1220 0.39480610067049665
1172 1173 -1.0936482154801093
1173 1221 1.9482486355356639
1173 1174 -0.66460969444387763
1174 1222 -0.58325685006627626
1174 1175 -1.8417307284538493
1175 1223 -1.1976681715447433
1175 1176 0.56345344734602176
1176 1224 0.71592906926485089
1176 1177 0.34952722993217411
1177 1225 -0.69395068199076437
1177 1178 -0.347819882738435
1178 1226 0.46281872927559309
1178 1179 -1.3810938598621385
1179 1227 0.3666468973151677
1179 1180 -0.32899430292708387
1180 1228 1.3324145239776606
1180 1181 1.5459373137591599
1181 1229 -0.90136968150530794
1181 1182 -0.23813995189660186
1182 1230 -1.979277853798759
1182 1183 1.0908098535586257
1183 1231 -0.63067876804324596
1183 1184 -0.3428905006310527
1184 1232 0.43870607502809128
1184 1185 0.78206878261728707
1185 1233 -0.17644760859737474
1185 1186 0.21097629687281777
1186 1234 -0.12417697249044513
1186 1187 1.6178872994039826
1187 1235 -0.415024739245477
1187 1188 0.94234155496064886
1188 1236 -0.018010855079736664
1188 1189 -1.4288955247223383
1189 1237 0.67147624894329894
1189 1190 1.3462763839287408
1190 1238 -0.58348354661270885
1190 1191 -0.54299631434247231
1191 1239 -0.23328282401151068
1191 1192 -0.51478125456519841
1192 1240 1.2400749580646031
1192 1193 -0.29559961973103444
1193 1241 -1.3803660416382066
1193 1194 -1.4199786296762424
1194 1242 0.63215136481155998
1194 1195 -0.95298108044183594
1195 1243 -0.028010851042785286
1195 1196 -0.56108845211485336
1196 1244 0.48711149939961557
1196 1197 0.15878862486773798
1197 1245 2.3282385366642577
1197 1198 -0.66428819942637196
1198 1246 0.72262462311094522
1198 1199 1.1580632866009672
1199 1247 -0.26201604785641119
1152 1199 -1.1047527312966781
1200 1248 -0.74716521062810537
1200 1201 -3.0243273759998015
1201 1249 -0.98243474523675467
1201 1202 -0.12502656725460165
1202 1250 -2.005379561674975
1202 1203 0.9465341303769792
1203 1251 0.66092573330868309
1203 1204 -1.1495155372434278
1204 1252 -0.49072827066427316
1204 1205 -1.7984114243284912
1205 1253 1.3833021131349728
1205 1206 1.2222798012281757
1206 1254 0.13105537862022837
1206 1207 -0.17935494275520855
1207 1255 0.98359815576396314
1207 1208 0.52732811825401704
1208 1256 -0.28423599708300207
1208 1209 -0.22144720429980808
1209 1257 1.4162208287558886
1209 1210 -0.34686871459558238
1210 1258 -1.5109261515166736
1210 1211 1.3763331699389973
1211 1259 -0.87076465647860302
1211 1212 -0.9752359221230561
1212 1260 -0.004593210423092426
1212 1213 -0.094110191364474308
1213 1261 -1.3080121352690144
1213 1214 0.42425598103512735
1214 1262 1.2695891567914508
1214 1215 1.6761103378188815
1215 1263 0.5628664533663934
1215 1216 1.792370555972874
1216 1264 0.025726265172070745
1216 1217 -0.11014392764570777
1217 1265 -0.3553676011134716
1217 1218 0.26229403457443762
1218 1266 1.5097832906503179
1218 1219 0.07557473144515725
1219 1267 0.1034892079508351
1219 1220 0.038025662069364842
1220 1268 -0.79324767516272421
1220 1221 -1.1752914159260199
1221 1269 0.27770282051745909
1221 1222 0.47763386769275606
1222 1270 1.4070163200204249
1222 1223 0.34606374959106667
1223 1271 1.268436510318405
1223 1224 1.1989069048828702
1224 1272 1.2788295070862856
1224 1225 1.5678171147217961
1225 1273 0.36189083523945748
1225 1226 -1.31808664208351
1226 1274 1.0872049035803908
1226 1227 -0.58228656865848516
1227 1275 -0.20573596025001958
1227 1228 0.37602173317997545
1228 1276 2.3774425306242195
1228 1229 0.032493484391181493
1229 1277 -1.1431515983012566
1229 1230 2.1827037480751978
1230 1278 -0.49353860248383874
1230 1231 -0.73288832412267402
1231 1279 0.92068761392328213
1231 1232 1.5212050415349714
1232 1280 -0.24826715037324992
1232 1233 -2.2020588768906721
1233 1281 1.1332666243180733
1233 1234 -0.50851328316652877
1234 1282 0.039131477770822133
1234 1235 -0.75044274245138953
1235 1283 1.3368700592716423
1235 1236 -0.74513262555476345
1236 1284 -0.22498874954127476
1236 1237 1.2245489460970973
1237 1285 -0.060385677625882123
1237 1238 2.0709361998747533
1238 1286 -0.60148992298196424
1238 1239 -0.30724546601647973
1239 1287 0.25986857777274414
1239 1240 -0.33532583125395621
1240 1288 0.55482609070277078
1240 1241 -0.57481017141901458
1241 1289 -2.0397753067165203
1241 1242 0.6408122029366754
1242 1290 0.29611149773979384
1242 1243 -0.47106388600774479
1243 1291 -0.7661139155228176
1243 1244 0.69733856372957392
1244 1292 -1.6079537899412597
1244 1245 0.34521573318097315
1245 1293 -0.068468475768733064
1245 1246 1.2733008454174337
1246 1294 0.65119697282372824
1246 1247 -0.097594103928734216
1247 1295 -0.58708196611817398
1200 1247 0.99859933819818036
1248 1296 -0.99535491742854287
1248 1249 1.0132071059738039
1249 1297 0.63274568989716728
1249 1250 1.1833781172120454
1250 1298 -0.17646648794112635
1250 1251 0.46764180543060602
1251 1299 -0.44276906665158833
1251 1252 0.11069659688544491
1252 1300 0.37335536512042733
1252 1253 0.14294937246987655
1253 1301 0.025234704003078083
1253 1254 0.91712418102236604
1254 1302 -0.0093532100385033089
1254 1255 -0.17389413056160499
1255 1303 0.41611630524515414
1255 1256 -0.28308292350915465
1256 1304 -0.95448848804728925
1256 1257 0.22077689478151408
1257 1305 -0.32474198020951339
1257 1258 0.18325953457732616
1258 1306 -0.91783331364274778
1258 1259 -0.8806474211827886
1259 1307 0.40006305394833863
1259 1260 -0.99235292467790803
1260 1308 0.30267537707206876
1260 1261 0.022951171568232672
1261 1309 -0.099673181476167425
1261 1262 -1.1792582749346316
1262 1310 0.83791775575997773
1262 1263 0.11968826634586656
1263 1311 -1.6045782972159384
1263 1264 -2.2695158841426366
1264 1312 1.4188469327465458
1264 1265 1.8303154808224498
1265 1313 0.46192329759129797
1265 1266 0.35679961044932446
1266 1314 0.87464653879517906
1266 1267 -0.099336651718421473
1267 1315 1.2759838696295116
1267 1268 -1.5688234540129498
1268 1316 -1.5655192436780829
1268 1269 0.37915302017361535
1269 1317 2.489626022979488
1269 1270 -1.0890183713377457
1270 1318 2.2926768267566859
1270 1271 -0.12431887029891732
1271 1319 -0.3276279754159595
1271 1272 -0.42230823261899592
1272 1320 0.7257410813210543
1272 1273 -0.41462027610745483
1273 1321 0.72193672612806759
1273 1274 0.75799132201940167
1274 1322 0.64399524753969195
1274 1275 -0.051695519739790377
1275 1323 1.4913797766504815
1275 1276 -0.69300105554931724
1276 1324 -0.32047512779359821
1276 1277 -0.2372559065325211
1277 1325 1.5581341001198381
1277 1278 -0.65985941941528237
1278 1326 0.44319681984912057
1278 1279 -1.053903250595619
1279 1327 -0.89810669930992937
1279 1280 -0.09782797864871251
1280 1328 -1.0206808710753212
1280 1281 -0.0042456716566277438
1281 1329 -1.7200125948927196
1281 1282 -1.2461391079574355
1282 1330 1.4954547728718717
1282 1283 -0.61390953347511412
1283 1331 -1.901421142768827
1283 1284 -0.25839687457353211
1284 1332 -0.19957068443119494
1284 1285 -0.37827046098529693
1285 1333 -0.17539013585413454
1285 1286 0.58218943701349168
1286 1334 0.6465298531890814
1286 1287 0.18094481963032577
1287 1335 -0.69066198979389948
1287 1288 -0.71000700214574353
1288 1336 -0.26509503521336508
1288 1289 -1.2041947491911873
1289 1337 1.0594399069955895
1289 1290 2.5232487462972801
1290 1338 -1.6294608968737996
1290 1291 1.2983838129971066
1291 1339 0.34338888064051848
1291 1292 0.24677786559721032
1292 1340 1.4871664178105659
1292 1293 -0.64667026186820331
1293 1341 -0.12164168453794405
1293 1294 0.0099165500388887339
1294 1342 -1.2887867224519893
1294 1295 0.45274297880808845
1295 1343 -2.3011382512550322
1248 1295 1.4661514728835576
1296 1344 -0.38122285818987267
1296 1297 0.39360556856801243
1297 1345 1.0960036910296778
1297 1298 0.46342398799523216
1298 1346 0.89550998340434951
1298 1299 -0.24907231140001326
1299 1347 -1.0438149345733563
1299 1300 1.1749509725780862
1300 1348 0.86162296146015227
1300 1301 -1.5902503709949189
1301 1349 -0.71090117632284155
1301 1302 -0.23718136100306803
1302 1350 1.0647916268812023
1302 1303 0.92814029752398308
1303 1351 1.0793058405049629
1303 1304 0.020023964583282327
1304 1352 -0.18618266547655662
1304 1305 0.46065701617967003
1305 1353 -0.60805034339167174
1305 1306 1.8967785946294293
1306 1354 -0.70991251030540914
1306 1307 -0.29637272313172991
1307 1355 -0.7037268564342446
1307 1308 -0.20103354429001388
1308 1356 -0.064121230879731789
1308 1309 0.068440925363739857
1309 1357 -0.28179345011620999
1309 1310 -1.2175677590750098
1310 1358 -0.433930573865073
1310 1311 -0.92011769552384048
1311 1359 -0.042485979546426487
1311 1312 -0.14290944610578774
1312 1360 -0.34078958789864428
1312 1313 0.43583250307000521
1313 1361 -0.35524605861603509
1313 1314 0.11121018851585134
1314 1362 1.066210868510493
1314 1315 1.099710079280612
1315 1363 -0.92808307431572934
1315 1316 -1.0417215135570441
1316 1364 -0.20347504477490866
1316 1317 -0.90362432576677565
1317 1365 0.46857122992237021
1317 1318 -0.50969759477793064
1318 1366 -0.5437045761098217
1318 1319 1.1717063712735012
1319 1367 -0.47051927254292891
1319 1320 1.2205764849660055
1320 1368 0.69713758242168544
1320 1321 -1.6327043297478365
1321 1369 -0.80072824848820523
1321 1322 0.87921547761818597
1322 1370 -0.32629145451784841
1322 1323 -0.03022109393550779
1323 1371 0.97018261483760593
1323 1324 -0.7411636993696139
1324 1372 -0.76996807948593338
1324 1325 -0.35792867086207603
1325 1373 -0.80623763753861222
1325 1326 0.78952280235861383
1326 1374 -0.91735721974945794
1326 1327 0.034836799684906147
1327 1375 1.1537903502153926
1327 1328 -0.90875182812658706
1328 1376 -0.14406937463255109
1328 1329 -2.5291887907452497
1329 1377 1.492776744072033
1329 1330 0.21006958915130219
1330 1378 0.55654604520126594
1330 1331 -0.22550663704980678
1331 1379 -0.011257033225044091
1331 1332 -0.067113775628907107
1332 1380 0.8623041870295497
1332 1333 0.72653518376484527
1333 1381 0.65097694763026459
1333 1334 -1.1815124207503072
1334 1382 1.8844367321177029
1334 1335 -0.41222758271341275
1335 1383 0.60109437290135503
1335 1336 0.8409343540905726
1336 1384 -0.92664977508249402
1336 1337 0.82466022887642654
1337 1385 0.12913576894186132
1337 1338 -0.74180432247774652
1338 1386 0.8185376431442335
1338 1339 0.1931221149537771
1339 1387 0.57132949099075447
1339 1340 -2.1124295974263068
1340 1388 0.29384488209466192
1340 1341 -0.61128022120748471
1341 1389 1.7217940870709825
1341 1342 -0.2343661230569328
1342 1390 1.5282250999833922
1342 1343 0.40842253989534522
1343 1391 1.035747665795393
1296 1343 0.23681993844790136
1344 1392 -0.62186176513181823
1344 1345 -1.0747057086034009
1345 1393 1.3703317048990178
1345 1346 0.90310591332760437
1346 1394 0.82913556186019532
1346 1347 0.90500844480229359
1347 1395 -0.52621397058677488
1347 1348 -0.71108635188174829
1348 1396 0.056490137446970158
1348 1349 1.2458453626652113
1349 1397 -1.8636020180149346
1349 1350 -0.22971289749452894
1350 1398 0.0023216274220492104
1350 1351 -0.13562087475846502
1351 1399 0.65100845333594304
1351 1352 0.69044316678536555
1352 1400 -0.32535763354461161
1352 1353 -0.88569698424146459
1353 1401 0.81300641651270478
1353 1354 0.27526037082680704
1354 1402 1.2587974718114272
1354 1355 0.64282590266953754
1355 1403 -1.6037017800276039
1355 1356 -0.29413027941215053
1356 1404 0.65390216679799873
1356 1357 0.40010474975950261
1357 1405 1.8794799510103815
1357 1358 -2.2650198389285117
1358 1406 0.39876421138804985
1358 1359 0.44901789032807482
1359 1407 -0.29058745047584783
1359 1360 1.7312930048027602
1360 1408 -0.62223879944741378
1360 1361 0.3039568764472283
1361 1409 -1.1872464874885433
1361 1362 -0.0023893305482488698
1362 1410 0.28311024628122816
1362 1363 -0.35061111930546179
1363 1411 0.73081976747522548
1363 1364 0.25709046366243954
1364 1412 0.40269797275582975
1364 1365 -1.0868243807873212
1365 1413 1.7986251280329584
1365 1366 -0.74290778357680332
1366 1414 -1.1069284006036875
1366 1367 0.5025466143005638
1367 1415 0.20561518607270005
1367 1368 0.33631283747535579
1368 1416 0.37461070929869061
1368 1369 -0.47443640369368933
1369 1417 -0.56920593188375224
1369 1370 -0.8889669676442542
1370 1418 -1.0752165324750718
1370 1371 0.28424750155009254
1371 1419 0.66889901870520529
1371 1372 -1.8324349901921373
1372 1420 0.56650763130584458
1372 1373 -1.125334512120632
1373 1421 -0.3944526793323247
1373 1374 0.63773533128532978
1374 1422 0.81208313047993907
1374 1375 -0.39393717520815713
1375 1423 0.67496539004466571
1375 1376 -0.41451878961927713
1376 1424 -1.2715529297493711
1376 1377 -1.1023023764269404
1377 1425 1.0668271601347519
1377 1378 -1.7798153143999589
1378 1426 0.5198538162459595
1378 1379 1.8458106308118334
1379 1427 1.2084885325126782
1379 1380 -0.66219112030268057
1380 1428 -0.18353200742119274
1380 1381 1.2319100222417303
1381 1429 1.8036831646555789
1381 1382 -0.32197075301280681
1382 1430 -0.73546069788068047
1382 1383 -0.13863041842815399
1383 1431 -1.3339370720033716
1383 1384 -0.08290317100855453
1384 1432 -1.0706298176172311
1384 1385 0.81026072254454606
1385 1433 0.92117214210143206
1385 1386 -0.016884397239634873
1386 1434 -0.084499731049051244
1386 1387 -1.7149232817305331
1387 1435 0.32948074503605201
1387 1388 1.2501569175919305
1388 1436 -0.24271677564830343
1388 1389 0.38835820689725342
1389 1437 -1.5811554238229197
1389 1390 1.6554353074263926
1390 1438 -0.76163656344415409
1390 1391 0.83604856113814008
1391 1439 0.33755387772472073
1344 1391 -1.5097398627597851
1392 1440 0.49250116266751709
1392 1393 0.68714881950142559
1393 1441 0.18682218223893957
1393 1394 -0.79415873083111133
1394 1442 0.21129433573945505
1394 1395 0.2866931648966759
1395 1443 -0.70033975693274997
1395 1396 -1.3591964541672279
1396 1444 -0.025218305048375945
1396 1397 0.37796112935296228
1397 1445 1.0486983806427883
1397 1398 2.2729351105418116
1398 1446 0.62994463387395683
1398 1399 0.15064588381722904
1399 1447 0.32576809477134339
1399 1400 -1.4858296854672841
1400 1448 1.1292065491827137
1400 1401 1.1194379726605082
1401 1449 1.4418038709152612
1401 1402 -0.91889179511828223
1402 1450 0.8613634275223031
1402 1403 -0.76899104326701651
1403 1451 -1.243875588711052
1403 1404 -0.98707683368878818
1404 1452 -1.4121218854895039
1404 1405 -1.4428076482178553
1405 1453 0.23352628696601144
1405 1406 -0.89231436620271898
1406 1454 -0.14485411478693827
1406 1407 1.062902855242797
1407 1455 0.1336334560118391
1407 1408 -0.24260890206271296
1408 1456 -0.895722689492497
1408 1409 -1.2006666037094269
1409 1457 -0.32982665240654713
1409 1410 0.92254960842471112
1410 1458 0.32558139103682204
1410 1411 -1.5566529899129875
1411 1459 -0.81385031819193077
1411 1412 0.86855393316044127
1412 1460 1.2412731491509457
1412 1413 1.6333818559927842
1413 1461 0.9957975687079208
1413 1414 -0.64669604180095497
1414 1462 -0.54012698243650803
1414 1415 -1.1661305150529042
1415 1463 -1.4623415846786292
1415 1416 -0.043356410948012375
1416 1464 -0.29528858072074293
1416 1417 1.2966893915866193
1417 1465 1.3925611657627388
1417 1418 -0.13192142204656879
1418 1466 -0.3002736182792472
1418 1419 -0.57857547241566476
1419 1467 0.57002486400574925
1419 1420 1.4063186397822021
1420 1468 1.6337511606182191
1420 1421 -0.57307337488437837
1421 1469 -0.9275462543322629
1421 1422 0.012529309503543926
1422 1470 -0.15006870742706008
1422 1423 1.7568430711322993
1423 1471 0.99229043566284947
1423 1424 -1.7087574508120753
1424 1472 1.8123131544124855
1424 1425 -0.15943543399419569
1425 1473 -0.79979434421722551
1425 1426 0.60113319309749846
1426 1474 1.2378913310184165
1426 1427 -0.22050081369021413
1427 1475 -3.3788455714184353
1427 1428 0.87659449520614552
1428 1476 -1.8329182056852136
1428 1429 0.13776549614229897
1429 1477 0.14792144413248884
1429 1430 0.16346926940374651
1430 1478 -0.78015788985360812
1430 1431 0.21005889484860391
1431 1479 -1.8625652200559735
1431 1432 -0.46092888457597236
1432 1480 0.51669986429574866
1432 1433 1.5749731273604182
1433 1481 -0.58131041015561147
1433 1434 0.34915760632506887
1434 1482 0.74432960280745331
1434 1435 -0.041047102447933873
1435 1483 0.07957734168402994
1435 1436 1.1950878062415466
1436 1484 -1.1276867743729275
1436 1437 -0.85359443084333997
1437 1485 -0.32843137970274627
1437 1438 0.25662829080674615
1438 1486 -0.80141984451896664
1438 1439 -2.3186373936065161
1439 1487 1.2402384180111723
1392 1439 -0.70005714264956731
1440 1488 1.1279552641281323
1440 1441 0.60262485580272462
1441 1489 1.8046812616298957
1441 1442 0.59326490322733783
1442 1490 0.6005105089938334
1442 1443 0.15563116263925539
1443 1491 0.70358501557579534
1443 1444 1.5098165482845125
1444 1492 -0.33752325567236285
1444 1445 -0.543603568730468
1445 1493 -0.38755533868420317
1445 1446 1.1997643208816478
1446 1494 -0.44269011664861824
1446 1447 0.83618266128467567
1447 1495 0.54264376989737162
1447 1448 -0.083696646344434897
1448 1496 1.0762577135658022
1448 1449 0.089820810704860685
1449 1497 0.33762985228702475
1449 1450 0.095397193015341497
1450 1498 0.6696168901420535
1450 1451 -1.2825254029412256
1451 1499 -1.7412535293635656
1451 1452 -0.9934692228203289
1452 1500 -0.30679374391222441
1452 1453 -0.72329175418125136
1453 1501 -0.24211955821534203
1453 1454 -0.6911043020367581
1454 1502 0.81135423838884924
1454 1455 1.8522389802377155
1455 1503 0.83387669755666227
1455 1456 0.95390745992908965
1456 1504 -3.3324545544016715
1456 1457 0.82847021098124041
1457 1505 -0.042556793330862631
1457 1458 -1.2792074849507822
1458 1506 0.026401160658386935
1458 1459 1.4619067690667751
1459 1507 1.446340023337739
1459 1460 0.35198662520852136
1460 1508 -0.70667367922169666
1460 1461 -0.18787628217460503
1461 1509 1.6102013857051627
1461 1462 -0.83778441639361145
1462 1510 1.0978021837690763
1462 1463 -0.19891848622641578
1463 1511 0.3622259296326355
1463 1464 -2.0554949647237293
1464 1512 0.71290344591185262
1464 1465 -0.794714498552477
1465 1513 0.48701935565773791
1465 1466 -2.0581581694320992
1466 1514 0.74102172170333269
1466 1467 0.78803971350554447
1467 1515 -1.6243313617291626
1467 1468 0.5686170727513179
1468 1516 -0.37917869210918337
1468 1469 0.48045189082621953
1469 1517 -0.51577572046713027
1469 1470 1.1700610794568105
1470 1518 -1.9009572931615175
1470 1471 1.467866372306716
1471 1519 0.20707643016410052
1471 1472 0.6046805872744585
1472 1520 -1.1098417702017722
1472 1473 1.531726157661246
1473 1521 -1.3357027001730895
1473 1474 1.2326770365550022
1474 1522 -0.18583751684653452
1474 1475 0.60242296469329892
1475 1523 0.95716228789699376
1475 1476 -0.65783359623834425
1476 1524 -0.71054925344700526
1476 1477 1.0217533392611164
1477 1525 0.49226698393370555
1477 1478 0.078494287327459791
1478 1526 0.17640533505927189
1478 1479 1.1800152784708218
1479 1527 0.2866645050014488
1479 1480 -1.0403591936647218
1480 1528 -0.85008607527794167
1480 1481 -0.23230621627202327
1481 1529 -0.47032560955273595
1481 1482 0.99189810769990527
1482 1530 0.29417140251338919
1482 1483 0.0056013706567100965
1483 1531 -0.99590235487251288
1483 1484 -2.2037969517661109
1484 1532 0.13851192990848515
1484 1485 2.1547736426024287
1485 1533 1.1448010366686785
1485 1486 -0.10636260804284248
1486 1534 0.60949471027693691
1486 1487 -0.56365357542212191
1487 1535 1.1306451202327956
1440 1487 -0.71922262270920645
1488 1536 -0.64372405562949853
1488 1489 -0.88338439977087324
1489 1537 0.55849150281192461
1489 1490 -1.0668525749740978
1490 1538 -0.50365069811177687
1490 1491 0.17592761426274434
1491 1539 0.63135086733552903
1491 1492 -1.0642547544174121
1492 1540 -0.46892916201102675
1492 1493 -0.34061918156961773
1493 1541 -0.039256682616651543
1493 1494 1.3460103115907889
1494 1542 0.90579709458808122
1494 1495 0.43223125647809868
1495 1543 -0.58748199270243651
1495 1496 -0.21651158878796389
1496 1544 -1.6956865501622747
1496 1497 -0.75539329291470325
1497 1545 -0.099691667365527176
1497 1498 -1.4027390224023835
1498 1546 -0.078378891356258848
1498 1499 -0.24448295286531108
1499 1547 0.50658636941606916
1499 1500 0.20459181108846822
1500 1548 0.35826650170000046
1500 1501 -0.14681412119340845
1501 1549 -0.19945443845917477
1501 1502 1.4642004949833596
1502 1550 0.30620891779866238
1502 1503 -2.109305383680899
1503 1551 0.61940353352271948
1503 1504 -0.36717370605799227
1504 1552 1.0714559483466737
1504 1505 0.46157561052970136
1505 1553 0.6164055979746087
1505 1506 0.58390811146650123
1506 1554 -0.014847222387640299
1506 1507 -0.2782355672589345
1507 1555 -1.2477354533648941
1507 1508 0.93563309948141449
1508 1556 -0.011084615452438915
1508 1509 -0.43059916234624468
1509 1557 -0.0065362865566741023
1509 1510 -0.35470470753773869
1510 1558 2.1766740262893505
1510 1511 0.065687054995687069
1511 1559 -0.023269465435972421
1511 1512 1.994670794543778
1512 1560 -0.32899369560516145
1512 1513 -0.42475587928384873
1513 1561 0.48167240116501758
1513 1514 -0.028357865745881596
1514 1562 1.081408096389793
1514 1515 -0.38681180098541229
1515 1563 1.0982023078421157
1515 1516 0.29795979470248102
1516 1564 0.039807540226528451
1516 1517 1.2486458338578346
1517 1565 0.38547109391614365
1517 1518 0.10510976743737474
1518 1566 2.5919026677966386
1518 1519 2.1585000818323636
1519 1567 0.88312424781151089
1519 1520 0.88481443750915334
1520 1568 0.15012240678003017
1520 1521 -0.51036358011353067
1521 1569 -1.5819780274257202
1521 1522 0.31175951747287162
1522 1570 -1.0098382145484341
1522 1523 0.33112268929698319
1523 1571 -0.38651405248049714
1523 1524 0.93828940247646608
1524 1572 -1.0632375878479723
1524 1525 0.25051803186727478
1525 1573 0.061795296823640405
1525 1526 -2.5589215031127059
1526 1574 0.058872414852034011
1526 1527 0.59181797896700339
1527 1575 -0.09955019549920216
1527 1528 -0.60844359044652585
1528 1576 1.3716684487124282
1528 1529 0.41730805481577965
1529 1577 -1.7353409830452018
1529 1530 1.5472194054552371
1530 1578 -0.73672342717647255
1530 1531 -0.60950548101538515
1531 1579 -0.32494313158039623
1531 1532 -0.46676389964343962
1532 1580 -0.64373527050062462
1532 1533 -0.054120245798075568
1533 1581 -0.53856743465278156
1533 1534 -1.2322984774844576
1534 1582 -2.123374400002918
1534 1535 0.18204902349494809
1535 1583 0.042790433117609876
1488 1535 -0.18628261581803213
1536 1584 0.89787447311227764
1536 1537 0.61545305894360114
1537 1585 -0.49763326094076449
1537 1538 1.869314989494514
1538 1586 -0.4601717854407214
1538 1539 -1.7479123151871445
1539 1587 0.41951810414508178
1539 1540 -0.43509087765417831
1540 1588 -0.7985392496846595
1540 1541 -0.14131658440160502
1541 1589 1.6690988745520561
1541 1542 -1.4458429994390083
1542 1590 0.6033962178111546
1542 1543 -0.99748999344822564
1543 1591 -0.82939364092599022
1543 1544 0.96620632242959281
1544 1592 0.80673641147810848
1544 1545 -0.31317582425649981
1545 1593 0.41587430383888951
1545 1546 1.048871696749992
1546 1594 -0.17396887491750901
1546 1547 0.35849225879962271
1547 1595 1.6818396585271125
1547 1548 1.8626590548821436
1548 1596 0.25827609912675598
1548 1549 0.62131742600997564
1549 1597 0.72890437886703052
1549 1550 -0.66838407808383526
1550 1598 -0.095006510886319881
1550 1551 -2.2215147375829267
1551 1599 -0.31522068770407441
1551 1552 -0.12137677960509777
1552 1600 -0.96527885168995775
1552 1553 0.6139454075568257
1553 1601 1.1327952756844126
1553 1554 0.56129750001074641
1554 1602 0.14183778952535797
1554 1555 0.83555061338429781
1555 1603 0.70504839433897004
1555 1556 -1.4569236519895226
1556 1604 -1.1558656310326247
1556 1557 -0.1654252156711673
1557 1605 -0.5776491046678438
1557 1558 1.1609888780517479
1558 1606 0.82206312538779269
1558 1559 -0.081918668556937635
1559 1607 -0.62841101481676476
1559 1560 0.35393028381493624
1560 1608 0.90845545652873838
1560 1561 0.90688061188492697
1561 1609 -0.34599354651915321
1561 1562 0.042760245281857949
1562 1610 0.39008801692894479
1562 1563 -0.99031815154010583
1563 1611 0.98734713574984301
1563 1564 -0.37708136871891895
1564 1612 -1.6704794302886807
1564 1565 0.68328022669005395
1565 1613 -0.1409169995415849
1565 1566 0.43602927293065363
1566 1614 0.9864917445425091
1566 1567 -0.22602461394545045
1567 1615 -0.36357927471883239
1567 1568 1.8087045562553778
1568 1616 1.498390766884683
1568 1569 0.42185599472012569
1569 1617 0.61318850913696654
1569 1570 0.71711164218952972
1570 1618 1.1378124962058804
1570 1571 -0.57349423923417153
1571 1619 0.84285641566735825
1571 1572 -0.13404086341695204
1572 1620 0.43330785858800036
1572 1573 -0.70724615336938912
1573 1621 0.033102431730911819
1573 1574 -1.3757874995839545
1574 1622 -1.6083917737513214
1574 1575 2.3636818885923785
1575 1623 -0.99183612970019897
1575 1576 0.97359997190004299
1576 1624 0.91478993590536606
1576 1577 1.5917955764939837
1577 1625 -2.3921071962642246
1577 1578 -0.29015748599917973
1578 1626 1.7373244913919064
1578 1579 1.064850813901361
1579 1627 0.51998044497916174
1579 1580 0.7366812932106086
1580 1628 1.2147337465220041
1580 1581 -0.96495439334574507
1581 1629 1.6168176539238628
1581 1582 -0.18548826820117759
1582 1630 -0.27273460423530915
1582 1583 -0.39032969262398565
1583 1631 0.16867895787629364
1536 1583 -1.3188789630902016
1584 1632 1.1110326024907398
1584 1585 -0.51663074322756752
1585 1633 0.98977370318606472
1585 1586 0.035688621753308947
1586 1634 0.29741648765220746
1586 1587 0.93582776669664425
1587 1635 1.0905841026161354
1587 1588 -0.48912403811995092
1588 1636 0.25173049450600032
1588 1589 0.68059179229916211
1589 1637 1.8103316261280376
1589 1590 -0.95975270087872455
1590 1638 1.1337535687019635
1590 1591 -0.43243871545653795
1591 1639 0.43079677618434886
1591 1592 -1.2260245468666853
1592 1640 0.26382192868741988
1592 1593 -0.36683131861668877
1593 1641 0.68871750578711877
1593 1594 0.74712363166107909
1594 1642 0.34249871118006142
1594 1595 -0.79881241448895191
1595 1643 -1.0109043474126564
1595 1596 0.76999688211202744
1596 1644 0.6544438505115141
1596 1597 0.31116946817433411
1597 1645 0.080276818017133586
1597 1598 -1.8312047599621835
1598 1646 0.046910364694881697
1598 1599 -0.48530701190028053
1599 1647 -0.49667524185127132
1599 1600 1.3773012620948464
1600 1648 -0.36284923712752454
1600 1601 -1.800849958444513
1601 1649 -0.095537511758096147
1601 1602 1.080906014919917
1602 1650 0.46024165671334905
1602 1603 -0.32103157407439509
1603 1651 0.88636315343157013
1603 1604 -0.24880823722968812
1604 1652 0.21045387877242019
1604 1605 -0.93736063593708652
1605 1653 -1.1962973085063655
1605 1606 1.1828965910984162
1606 1654 -1.1196111170495713
1606 1607 0.23792046718516072
1607 1655 0.93359889749635661
1607 1608 -0.35909009503660699
1608 1656 0.91424858525401154
1608 1609 -2.0099367225366205
1609 1657 1.502805030456438
1609 1610 0.57002254658094154
1610 1658 0.68213827377823122
1610 1611 0.57622204365793173
1611 1659 0.71288656638015946
1611 1612 0.72120876338912332
1612 1660 -0.35206180867573017
1612 1613 0.022031652099514847
1613 1661 2.0467284710252209
1613 1614 0.10139022970008217
1614 1662 -0.2208914394672071
1614 1615 -0.30045337048795323
1615 1663 1.5117568347298569
1615 1616 2.8602063811375356
1616 1664 2.2454906263561338
1616 1617 0.79471463887324689
1617 1665 0.53771204164514486
1617 1618 0.57826188404721324
1618 1666 -1.9654184231847729
1618 1619 0.81177880272404279
1619 1667 0.80790812652493871
1619 1620 -1.4071678958061768
1620 1668 0.4493757346884118
1620 1621 -0.22951219899998027
1621 1669 -0.25190654274909419
1621 1622 0.21637430736252436
1622 1670 0.81577620361139602
1622 1623 -0.31543563100576794
1623 1671 0.043829387404193836
1623 1624 0.5212145985326222
1624 1672 1.8320136889407461
1624 1625 0.50478341219277911
1625 1673 0.29670425947201839
1625 1626 0.55443984752410569
1626 1674 -0.043381998552302944
1626 1627 1.1230533515149215
1627 1675 -0.80614574204059974
1627 1628 0.59892996306577628
1628 1676 0.0098844138494864637
1628 1629 0.75263247729607885
1629 1677 0.81707704120833102
1629 1630 0.81355044890582084
1630 1678 -0.55584326180862986
1630 1631 -0.089596461647502665
1631 1679 -1.2362527689643064
1584 1631 1.7426219462552051
1632 1680 0.066913649852811313
1632 1633 1.1207266695042752
1633 1681 1.1797224889723965
1633 1634 -0.61899806820744707
1634 1682 0.40758709875615373
1634 1635 -2.1855132166047144
1635 1683 -1.267028816450777
1635 1636 1.1822131161147638
1636 1684 0.74293403324784868
1636 1637 -1.0566203705522399
1637 1685 0.76807977739378808
1637 1638 -0.2604084777623164
1638 1686 0.90820623282829094
1638 1639 0.37996997274021821
1639 1687 0.03023780527985415
1639 1640 0.008963809137569537
1640 1688 0.22070309046879916
1640 1641 -0.58581646882101202
1641 1689 -0.26222057879212579
1641 1642 0.39606533312245468
1642 1690 0.93948375590143496
1642 1643 0.46325614337552162
1643 1691 1.1961563508298074
1643 1644 -0.98612541857690983
1644 1692 -0.33175531796514557
1644 1645 0.46224233419409133
1645 1693 0.03856164471431657
1645 1646 0.56233999588046435
1646 1694 -0.63768806504315279
1646 1647 0.67661481293978865
1647 1695 0.53356029410906736
1647 1648 -0.096725827439118256
1648 1696 0.13342068573685056
1648 1649 -0.73966084611293181
1649 1697 -0.35341701963849242
1649 1650 0.21719119875724124
1650 1698 0.69889780741159346
1650 1651 1.2991756076806114
1651 1699 -0.96455280771212393
1651 1652 -0.15473803368811823
1652 1700 0.89248981214981227
1652 1653 -0.75044327729172977
1653 1701 -1.4870163008567701
1653 1654 -0.26862685854544988
1654 1702 0.037079318051026516
1654 1655 0.26195565718061559
1655 1703 -0.37696003164189662
1655 1656 -0.42270130541567952
1656 1704 -0.024905770201828638
1656 1657 -0.029931023724054893
1657 1705 -0.22271629894452991
1657 1658 0.58203479837759553
1658 1706 -0.32748921057493841
1658 1659 1.0344886217551237
1659 1707 1.2200607207021474
1659 1660 -1.2243308888400037
1660 1708 0.82476117221808265
1660 1661 1.048663894328014
1661 1709 -0.83541705634723429
1661 1662 0.39689061674769183
1662 1710 0.49911414125037618
1662 1663 0.64795171341747959
1663 1711 -0.49273165073804165
1663 1664 0.55300557124132965
1664 1712 0.94627759274396983
1664 1665 0.80911502071323149
1665 1713 0.34586178325848593
1665 1666 -0.46979379965641332
1666 1714 -0.51078335691456522
1666 1667 -1.0125203585322606
1667 1715 0.26705219869218644
1667 1668 1.6574348107537575
1668 1716 0.37170798615857809
1668 1669 0.89973080563473484
1669 1717 -1.724427715098827
1669 1670 0.80701448891596284
1670 1718 -1.0079377486438341
1670 1671 1.3182406415855408
1671 1719 -0.16755690039776813
1671 1672 0.6187848322802213
1672 1720 0.85728474600186766
1672 1673 -0.66570573063494387
1673 1721 -1.0547872328224488
1673 1674 -1.8481479309428763
1674 1722 -1.5821256912397041
1674 1675 -0.64935169317694397
1675 1723 1.3092555598971174
1675 1676 -0.27442360782975328
1676 1724 1.6606784841555178
1676 1677 1.474962926389914
1677 1725 -1.747025456263182
1677 1678 0.22131575638692169
1678 1726 0.21588172333248629
1678 1679 0.6470414768931867
1679 1727 2.0977689083303401
1632 1679 0.5024878259733444
1680 1728 0.61161963414329612
1680 1681 -1.7339383411186735
1681 1729 0.54193106059978435
1681 1682 0.009656348905600045
1682 1730 0.19476477169403697
1682 1683 2.5751397006938523
1683 1731 0.78476407302777407
1683 1684 -1.1570107515301948
1684 1732 0.86731585594051774
1684 1685 -0.34490059007808654
1685 1733 0.78950002606486336
1685 1686 -1.1244106646082093
1686 1734 0.30174369801440221
1686 1687 -0.52039842229167455
1687 1735 -0.70871129568588564
1687 1688 0.64678064887764464
1688 1736 -1.2601496428424266
1688 1689 0.30918165802692871
1689 1737 0.022782255650447274
1689 1690 -0.26284978789338204
1690 1738 2.3397306909709457
1690 1691 0.049496637461982573
1691 1739 1.3845884842472509
1691 1692 1.4628272593951497
1692 1740 0.72493036324130766
1692 1693 -0.11135800981064026
1693 1741 -0.66566153909627213
1693 1694 0.17928642886299662
1694 1742 -0.55427251486996165
1694 1695 -0.98039609228546865
1695 1743 -0.34703918826797647
1695 1696 -1.0275316185302135
1696 1744 -0.96727920874753537
1696 1697 -0.53143471132671505
1697 1745 1.4306263267555495
1697 1698 -0.12853700986612554
1698 1746 0.40119576023015829
1698 1699 1.5207054575193413
1699 1747 -0.6812600267588329
1699 1700 -0.45676814712949704
1700 1748 2.468787430875873
1700 1701 0.044555444640035045
1701 1749 0.49182658731462919
1701 1702 1.207509621499691
1702 1750 -0.63685350808071173
1702 1703 1.2340778727070532
1703 1751 0.9999385466812224
1703 1704 0.5152351349404134
1704 1752 0.088754573706667977
1704 1705 -0.40200652299692147
1705 1753 -0.15977229260101861
1705 1706 0.58892992496255347
1706 1754 0.59272672408073213
1706 1707 -1.1064383746202342
1707 1755 0.4123862700586477
1707 1708 1.7643141568243579
1708 1756 1.186249806224305
1708 1709 1.533790508868202
1709 1757 -1.7563255487753648
1709 1710 -2.9548652511440352
1710 1758 -0.45617951224857406
1710 1711 -0.60235526880594337
1711 1759 -0.81704674946319156
1711 1712 0.43034803192689297
1712 1760 1.6589070432363129
1712 1713 -1.3674193826109766
1713 1761 -0.039692061547398079
1713 1714 1.889594609719689
1714 1762 0.0076262578805378527
1714 1715 0.083271850168802036
1715 1763 0.52096249173830445
1715 1716 0.83047419449596116
1716 1764 -0.063217945272853709
1716 1717 -1.3339841824199929
1717 1765 -0.60138586518623116
1717 1718 -1.1381358159821515
1718 1766 -1.4966989188259954
1718 1719 0.55903616191001149
1719 1767 0.82832555806999153
1719 1720 -0.67679738016280511
1720 1768 1.7353909496790627
1720 1721 0.11196673192256952
1721 1769 0.50880094826654831
1721 1722 0.38776948357957336
1722 1770 -0.11188859914579924
1722 1723 -0.069986011850248497
1723 1771 -1.044066647565987
1723 1724 0.55858028648489499
1724 1772 0.47113906530320304
1724 1725 -1.2884912254617069
1725 1773 0.19573784539594513
1725 1726 -0.44162511221204159
1726 1774 0.71508536481213347
1726 1727 -0.17130883237483033
1727 1775 0.4327921485063928
1680 1727 0.61211676086533373
1728 1776 -1.4700039842966837
1728 1729 -0.34538323438645535
1729 1777 -0.43873142618587663
1729 1730 0.73149841629812862
1730 1778 0.21562611130405798
1730 1731 -0.63313980920130153
1731 1779 0.47050212703726496
1731 1732 -0.58436909709371976
1732 1780 -0.69705740592697962
1732 1733 0.4074866284115814
1733 1781 0.3168642100223148
1733 1734 1.1577594771295237
1734 1782 -0.46194084230967214
1734 1735 0.89509885160598079
1735 1783 -0.22525867027084345
1735 1736 0.15762578055662388
1736 1784 -0.87811277926060627
1736 1737 -1.7183978478456399
1737 1785 0.75355138233046359
1737 1738 -1.8605785806138462
1738 1786 0.97145068500169152
1738 1739 -1.6734617391245337
1739 1787 -1.3268010610563197
1739 1740 0.090709897472843568
1740 1788 0.0094216676475434146
1740 1741 0.57801960391797647
1741 1789 -1.4755153792571429
1741 1742 0.65900761886432635
1742 1790 -0.29760109813958113
1742 1743 1.4064598630144123
1743 1791 -0.059009289893070783
1743 1744 -0.15588834199368246
1744 1792 0.59190560315110297
1744 1745 -0.42580406810003174
1745 1793 1.292241930422837
1745 1746 -0.18871657735675779
1746 1794 -0.34841343177476902
1746 1747 -1.2552559538558921
1747 1795 -0.29256728556633776
1747 1748 -0.48645742471127623
1748 1796 -0.19848630922663843
1748 1749 -0.2598496008282532
1749 1797 2.1491506357809298
1749 1750 0.048369856187179885
1750 1798 -1.4011054847857942
1750 1751 -0.45478688138731027
1751 1799 -0.65705299880301304
1751 1752 -0.74810390178005859
1752 1800 -0.8970211031497517
1752 1753 0.94377884604385498
1753 1801 0.17495754611387732
1753 1754 1.1260383720131042
1754 1802 -0.57384082233077172
1754 1755 0.28008578165713166
1755 1803 -1.617254710150746
1755 1756 0.92207827334685255
1756 1804 -0.8163155541726006
1756 1757 -0.94435800036549777
1757 1805 1.6897797927509168
1757 1758 -0.45646548568321921
1758 1806 -1.8652576802373992
1758 1759 0.56089148188479709
1759 1807 -2.5246722655642628
1759 1760 0.030805285026657615
1760 1808 0.77741100394754203
1760 1761 0.25222201037000747
1761 1809 -1.055975587155167
1761 1762 0.046122007066347101
1762 1810 -0.13660865262388516
1762 1763 0.97673166169283654
1763 1811 0.27894904136006071
1763 1764 -2.3867129442330954
1764 1812 -2.3659593950958913
1764 1765 -0.72510631806632797
1765 1813 0.95920995283305333
1765 1766 -0.73203173299891755
1766 1814 1.2249040716255004
1766 1767 -0.53257189879718236
1767 1815 0.34213266226093864
1767 1768 1.4036192065357282
1768 1816 -0.012757806451248516
1768 1769 -0.72513358053042287
1769 1817 0.28628170715282691
1769 1770 1.2735140450523441
1770 1818 -1.7258170293622261
1770 1771 1.4242635873733065
1771 1819 0.16402995731977946
1771 1772 0.10424443942740315
1772 1820 0.5970241927678327
1772 1773 -0.4389652343832961
1773 1821 0.86686625965059527
1773 1774 -0.23171763345330867
1774 1822 0.1309142913152386
1774 1775 0.14476892938430272
1775 1823 0.26778011502274662
1728 1775 1.6951969760878531
1776 1824 0.62955196531507973
1776 1777 0.33627333246201818
1777 1825 0.060782739381508487
1777 1778 -0.58712794926116185
1778 1826 -0.54862364539120889
1778 1779 -0.29105185321391003
1779 1827 -1.5097808426477202
1779 1780 -1.2532054351098214
1780 1828 0.55823662533819041
1780 1781 0.57186822820274286
1781 1829 1.1202959137861563
1781 1782 0.26508339771462514
1782 1830 0.2298497089176266
1782 1783 0.62027740760703975
1783 1831 0.4334486414850463
1783 1784 -1.0847085631629765
1784 1832 -0.1587365316280793
1784 1785 0.17960086086051849
1785 1833 -0.068285344217156638
1785 1786 0.047246595528952315
1786 1834 0.68576735838514091
1786 1787 -0.8223528180791092
1787 1835 0.69494228250356938
1787 1788 0.00023114948624961039
1788 1836 0.256892347933108
1788 1789 0.61810742722817547
1789 1837 -2.4567726965962753
1789 1790 0.54086914675151565
1790 1838 0.71557235206538816
1790 1791 0.26749770808633239
1791 1839 -0.76843906816236207
1791 1792 -0.41098797394580522
1792 1840 0.61333787829859343
1792 1793 0.063614320820572307
1793 1841 0.19168732584642714
1793 1794 -0.29830060183567381
1794 1842 -0.44630007852875153
1794 1795 -0.59501870141757551
1795 1843 0.65400554250045306
1795 1796 -0.98987153533287831
1796 1844 -0.68307719112488574
1796 1797 0.19494566467080215
1797 1845 -0.83109894654753658
1797 1798 -1.2202118699068691
1798 1846 2.3012328281940109
1798 1799 -1.1300286606691294
1799 1847 0.40062509152077269
1799 1800 -0.86163025741624444
1800 1848 -0.91703690011587158
1800 1801 1.6384234624595233
1801 1849 -0.42625831588715191
1801 1802 0.32520125569593999
1802 1850 -0.78711901939187345
1802 1803 0.87182967156402935
1803 1851 -0.16207184753334589
1803 1804 -1.4435756766217784
1804 1852 -0.87687890536428958
1804 1805 0.86644756041511173
1805 1853 0.014951854904743024
1805 1806 0.50827404345661242
1806 1854 0.25298633782353258
1806 1807 -0.2422593303044209
1807 1855 0.70385187281485306
1807 1808 0.19864549383781235
1808 1856 -0.47178423960034044
1808 1809 0.15322948563824071
1809 1857 -0.31563894006386678
1809 1810 -0.46244620713897283
1810 1858 -0.53701111788170508
1810 1811 -0.003378160959501283
1811 1859 -0.0087574438754746357
1811 1812 0.99906577262276675
1812 1860 0.75468656243180054
1812 1813 0.85699695221828842
1813 1861 -0.020892271885341072
1813 1814 -0.34833893438279917
1814 1862 1.6214527665506255
1814 1815 -1.5749130716309623
1815 1863 0.78138645979551613
1815 1816 -0.45340609724913489
1816 1864 -2.1331825436280911
1816 1817 -0.38302090714577192
1817 1865 -0.49901814438968956
1817 1818 0.68616710519620872
1818 1866 1.3021990857940642
1818 1819 -0.48846152656926944
1819 1867 0.56939638340927257
1819 1820 -0.33233964082087469
1820 1868 -1.7437431654738225
1820 1821 -1.9289461840613324
1821 1869 -0.29557860509951622
1821 1822 -2.4432743310922724
1822 1870 0.76143576748789032
1822 1823 0.59801293099873276
1823 1871 0.5937414497471869
1776 1823 1.682321970271031
1824 1872 0.94867710351858336
1824 1825 -0.46134520940861123
1825 1873 -0.85534035491945737
1825 1826 0.54022923630259911
1826 1874 -0.19980778121896509
1826 1827 -0.83821989084360993
1827 1875 0.59044688740873996
1827 1828 0.27938439589363573
1828 1876 1.4222560068967163
1828 1829 -1.8347115996586043
1829 1877 -0.19067027960209926
1829 1830 -0.24164725723372343
1830 1878 -0.18059379801379127
1830 1831 -1.9150574786246939
1831 1879 -1.0131107543294335
1831 1832 0.50269257339462237
1832 1880 1.1393487642792128
1832 1833 0.818915567324218
1833 1881 -0.66516437536930872
1833 1834 -0.33296734451636822
1834 1882 -1.2124339869581988
1834 1835 0.89051947494177819
1835 1883 -0.19228558532076998
1835 1836 0.74723894921331524
1836 1884 -1.5921012730445023
1836 1837 0.47249419449370567
1837 1885 -0.10942442998592608
1837 1838 -0.32809713473494784
1838 1886 1.4287259336320468
1838 1839 0.97450151353110959
1839 1887 0.5063397417512846
1839 1840 0.48959685981660378
1840 1888 -0.50863462432134876
1840 1841 -2.6104729581584296
1841 1889 -0.63765326929169963
1841 1842 0.61879850835409711
1842 1890 -0.66739563010031766
1842 1843 -1.8633352004119657
1843 1891 1.3789254593045013
1843 1844 -1.2535686220755757
1844 1892 0.70808945971946202
1844 1845 -0.14784003175935939
1845 1893 -0.80312224427562939
1845 1846 0.3229211422341387
1846 1894 0.27260319510255127
1846 1847 1.4661078301838302
1847 1895 -0.90537347164192572
1847 1848 0.48133272436470909
1848 1896 -1.1591840725070159
1848 1849 0.17289025894490942
1849 1897 0.58292619736958862
1849 1850 -1.3423596773222661
1850 1898 -0.17600055873461373
1850 1851 0.12075320656760283
1851 1899 -1.1116883339793153
1851 1852 -1.1545545368459629
1852 1900 0.27813182140229625
1852 1853 -0.1179522115747411
1853 1901 0.20384643177467779
1853 1854 -0.17753028464952517
1854 1902 0.36423907659326826
1854 1855 0.95901344210070893
1855 1903 0.14659018408185059
1855 1856 -0.21848531000170224
1856 1904 1.7230557878290369
1856 1857 -0.53589368103895252
1857 1905 -1.3579574968099888
1857 1858 -1.6495789614852649
1858 1906 -0.31350623383808907
1858 1859 -0.98414659858020792
1859 1907 -0.86656531104767331
1859 1860 -0.61888719403341441
1860 1908 1.1613012487395693
1860 1861 1.3506477809048028
1861 1909 0.72708089202435278
1861 1862 0.52640557160940304
1862 1910 -1.1227718433501193
1862 1863 -0.489671891042124
1863 1911 0.91474003441043805
1863 1864 -1.2512655132386803
1864 1912 0.43432823301051682
1864 1865 -1.7765728308849338
1865 1913 -0.15145874493257414
1865 1866 0.0076563862230949586
1866 1914 1.0206200190471106
1866 1867 -0.68993866040158625
1867 1915 1.1307105030152802
1867 1868 1.8690335228390782
1868 1916 0.52288852264560082
1868 1869 0.99560517055400966
1869 1917 -0.048596517598697722
1869 1870 1.3503564641681256
1870 1918 0.21696083712605044
1870 1871 -0.54008491354111576
1871 1919 0.86443549421149291
1824 1871 -2.367578435557085
1872 1920 -1.7699739858950059
1872 1873 -2.1640108027831713
1873 1921 0.71172325799443414
1873 1874 0.39370693051791711
1874 1922 1.0352647952055969
1874 1875 0.072903077012860695
1875 1923 -0.21238857558825786
1875 1876 -0.21074134643330503
1876 1924 -0.63810134196354773
1876 1877 -0.22318302259675055
1877 1925 0.42467379158789492
1877 1878 0.050365684201392188
1878 1926 0.38670144933737105
1878 1879 -0.86734335438535393
1879 1927 1.7657428699550621
1879 1880 -1.5432281922043725
1880 1928 -1.3880015273913462
1880 1881 1.1144200674589109
1881 1929 -0.005726325512871183
1881 1882 -1.5923890987743232
1882 1930 0.55417082381986682
1882 1883 0.55674600139366714
1883 1931 0.98884371481183986
1883 1884 0.33865289142078309
1884 1932 -0.23232681448421008
1884 1885 0.65887931923419096
1885 1933 -1.6852176553286919
1885 1886 -0.73598553376123399
1886 1934 -1.045398924487394
1886 1887 -0.59953942493200052
1887 1935 -0.5704699060546502
1887 1888 -0.08510730903134775
1888 1936 -0.76406225507463943
1888 1889 0.19113269991121876
1889 1937 -0.86647188467172276
1889 1890 -0.062878309473756291
1890 1938 -1.0064468947267551
1890 1891 -1.1118886553685523
1891 1939 -0.072820012687277516
1891 1892 0.45608283347937112
1892 1940 -0.002664132568464715
1892 1893 0.17038998312780179
1893 1941 -0.007159984542011737
1893 1894 -0.021672079703907752
1894 1942 -1.2730383086517008
1894 1895 0.091402553720331278
1895 1943 2.7642614578743543
1895 1896 -0.70126562778764157
1896 1944 0.77348113616619751
1896 1897 0.98131354323468134
1897 1945 -1.0855206254436101
1897 1898 0.11596821228718038
1898 1946 -0.51261298127996036
1898 1899 0.76214395974087423
1899 1947 2.5949311790273111
1899 1900 1.8860053329590096
1900 1948 -0.3431199410704362
1900 1901 0.21824162515279277
1901 1949 -0.88089563886009037
1901 1902 0.45659376488908782
1902 1950 -0.6033045338976859
1902 1903 -0.5958661919122975
1903 1951 -0.021636586878587969
1903 1904 -1.8321844234738858
1904 1952 1.0963627669174396
1904 1905 0.24636678133099787
1905 1953 -0.58181392161059753
1905 1906 0.33672465604647434
1906 1954 1.4338962288854267
1906 1907 -1.1906135207787545
1907 1955 1.3705432040532242
1907 1908 0.70799611638326287
1908 1956 -0.72530884751826175
1908 1909 -1.9878881793449801
1909 1957 1.5232644048724018
1909 1910 -0.20112555810023466
1910 1958 -0.31820041914308861
1910 1911 0.11107401575279136
1911 1959 0.22866529019906826
1911 1912 0.1495889681054749
1912 1960 0.44024759848699935
1912 1913 -0.35466093099435969
1913 1961 0.89975353045502648
1913 1914 0.20643014576515514
1914 1962 1.1794004580903807
1914 1915 1.9996697701084505
1915 1963 0.57621256615184058
1915 1916 -1.1807554352818947
1916 1964 -1.4030218903877494
1916 1917 -0.37543457991769946
1917 1965 0.15200049882508329
1917 1918 0.58778320165200848
1918 1966 0.66066523894818785
1918 1919 -0.83670956410011232
1919 1967 1.5263326016201877
1872 1919 0.2641081708555586
1920 1968 -0.044958151241295097
1920 1921 0.75080585396535082
1921 1969 -1.3198653930153892
1921 1922 -0.79817512576882366
1922 1970 -1.1431886181075197
1922 1923 1.1664726314525746
1923 1971 0.63343607004036784
1923 1924 -0.60538266959200093
1924 1972 -1.1961720525836856
1924 1925 1.3234114773166763
1925 1973 1.1071521043168913
1925 1926 1.602071347953351
1926 1974 1.8956939565213746
1926 1927 1.3392127071583853
1927 1975 0.66631171356239682
1927 1928 -0.092045214827106675
1928 1976 -3.0104319007715001
1928 1929 2.4394070156677703
1929 1977 -0.40838507724012185
1929 1930 -0.63847137347715732
1930 1978 -1.9517793938266645
1930 1931 -0.19212660901082762
1931 1979 0.42824052772623605
1931 1932 1.3880483871948102
1932 1980 0.3126481492837499
1932 1933 1.229337264005657
1933 1981 1.2242467507726773
1933 1934 -0.92825123433170076
1934 1982 -2.2215053722446116
1934 1935 -0.36206947482000307
1935 1983 -1.6805882182453709
1935 1936 0.063592827661776527
1936 1984 1.271755415325309
1936 1937 -0.47215192044367033
1937 1985 0.040177107422623592
1937 1938 0.78874529001470484
1938 1986 1.0984420830028825
1938 1939 1.2509237213327458
1939 1987 -1.3313569391261988
1939 1940 -0.03756169374683558
1940 1988 -0.83910768712227068
1940 1941 0.42687001070672359
1941 1989 -1.2131888345509187
1941 1942 -0.47189544664860217
1942 1990 0.75513796816265488
1942 1943 1.9179289623212561
1943 1991 -0.93657484749934239
1943 1944 -0.81935731796177558
1944 1992 -0.3880797614589539
1944 1945 -1.5060534099078808
1945 1993 -1.5104419895756525
1945 1946 1.6942787848058063
1946 1994 0.81082129163008232
1946 1947 1.7364152422407402
1947 1995 -0.53065543421784267
1947 1948 1.6375796763550932
1948 1996 -1.0786842085017241
1948 1949 -0.80178552847104234
1949 1997 -0.77277972341219625
1949 1950 0.23664028158572203
1950 1998 -0.24523404719492056
1950 1951 0.62176216800967621
1951 1999 -0.22030860713334813
1951 1952 1.2373181542300962
1952 2000 1.6819353015505667
1952 1953 1.6975413534634578
1953 2001 -0.17365988849479891
1953 1954 -0.62049271200486622
1954 2002 -1.2929134783139706
1954 1955 0.57024918096187183
1955 2003 -0.095107069678343106
1955 1956 0.2870860620443062
1956 2004 0.35109408690902544
1956 1957 0.093854600072026201
1957 2005 0.013929862866405383
1957 1958 -0.64236079205631091
1958 2006 0.8266027338240437
1958 1959 0.73405093212178174
1959 2007 0.41538122867886207
1959 1960 0.66677071578393654
1960 2008 -0.82095004995319154
1960 1961 -0.83821332203075294
1961 2009 -0.70289867423358721
1961 1962 -0.77127078506192182
1962 2010 -1.566608614029616
1962 1963 0.8985466550321265
1963 2011 1.4178410798403254
1963 1964 -2.1558037261396863
1964 2012 0.90139210948603776
1964 1965 0.68978472279732439
1965 2013 -2.431236470902137
1965 1966 0.096583967918149771
1966 2014 0.5299084366775435
1966 1967 -1.7429261163210457
1967 2015 -0.33404512683583393
1920 1967 0.50682764771309985
1968 2016 0.38697284401671866
1968 1969 -1.0877281588462289
1969 2017 0.96065679737694087
1969 1970 -0.77523371145029518
1970 2018 0.6132258972477368
1970 1971 1.0965768803694684
1971 2019 -0.82403759066652371
1971 1972 0.39635735274677109
1972 2020 1.2316050783708441
1972 1973 -0.67411072167932584
1973 2021 0.06625347376017264
1973 1974 -0.068206210741475648
1974 2022 1.4515198574350723
1974 1975 -0.0081927342201434661
1975 2023 0.2034496419591445
1975 1976 0.21383350926718997
1976 2024 0.24652093782007098
1976 1977 -0.86563612165975268
1977 2025 -0.84801754714395683
1977 1978 0.54086894868029323
1978 2026 0.40631331950367972
1978 1979 -1.2411295169156005
1979 2027 0.20433828887433822
1979 1980 -0.16975476510160287
1980 2028 -3.4271357804682152
1980 1981 -0.23312771650759556
1981 2029 0.25353540483262627
1981 1982 0.71721256001455402
1982 2030 1.6254832708605595
1982 1983 0.055387804407317859
1983 2031 -0.41797935736318831
1983 1984 -1.1572175810986358
1984 2032 0.26243425259180331
1984 1985 -0.70174142987046251
1985 2033 -0.40361181456331807
1985 1986 1.3852081479262921
1986 2034 0.93224336899403659
1986 1987 -0.90922337031593958
1987 2035 0.49650672449453115
1987 1988 0.45834925333813559
1988 2036 0.66574445691066908
1988 1989 -1.1113633553153761
1989 2037 0.55612904584209366
1989 1990 0.77572538372419131
1990 2038 0.21826448900154327
1990 1991 -0.53821070865390319
1991 2039 -0.98839536642164993
1991 1992 0.51231429569796549
1992 2040 1.6536689894910224
1992 1993 0.11468184782612457
1993 2041 0.16749509617871783
1993 1994 0.38907048287899126
1994 2042 -0.76770748779135112
1994 1995 0.097512639464382558
1995 2043 0.99130003036955117
1995 1996 0.62903849623554431
1996 2044 -0.79268592016477935
1996 1997 0.57083943674001392
1997 2045 -0.59408603983805264
1997 1998 1.3937873435103147
1998 2046 -1.2350867409839521
1998 1999 0.88182627024558768
1999 2047 -0.084220150629070456
1999 2000 -0.98800811757578877
2000 2048 0.94313674650495138
2000 2001 -0.023298348995058865
2001 2049 0.34605569494722405
2001 2002 0.23667417854855247
2002 2050 -0.4976821816793528
2002 2003 1.962572631205084
2003 2051 -0.91541551836651591
2003 2004 -1.1393374625264729
2004 2052 1.4083893279211737
2004 2005 -0.78215913055791153
2005 2053 0.77302511174934951
2005 2006 -1.4871466535771174
2006 2054 -0.096741932310696069
2006 2007 1.9379373613588959
2007 2055 0.42859260171798602
2007 2008 0.17123661236773913
2008 2056 -0.3181072525882368
2008 2009 0.77534191638057071
2009 2057 1.2385854661026592
2009 2010 1.0716518748128459
2010 2058 -0.68468652182561407
2010 2011 0.2254309748800023
2011 2059 -1.8306236527006978
2011 2012 0.46603509629525702
2012 2060 -1.6100791734280959
2012 2013 0.88787594621291632
2013 2061 -0.10207800361908217
2013 2014 0.12164661157220366
2014 2062 -1.1799357267281299
2014 2015 -0.73268328699166418
2015 2063 0.73208045470570215
1968 2015 -0.75168980200004598
2016 2064 0.7735050880866019
2016 2017 0.17100528709846885
2017 2065 0.50831172536679337
2017 2018 -0.080006496369848384
2018 2066 -1.103776102368353
2018 2019 -0.34411383601504597
2019 2067 0.14890586943537354
2019 2020 0.72734811918812714
2020 2068 -1.5454585242620449
2020 2021 1.030744959435107
2021 2069 -0.64475384364667288
2021 2022 0.70748248029602401
2022 2070 0.37429363697976725
2022 2023 -0.92946483047562711
2023 2071 -0.34612997425626862
2023 2024 1.639631818330791
2024 2072 0.76044216930295372
2024 2025 -0.70672245864402905
2025 2073 0.5411113666391516
2025 2026 0.66086822225931852
2026 2074 -0.2429799553731718
2026 2027 -1.5436113870707204
2027 2075 0.059145553405602527
2027 2028 -0.30471138926205682
2028 2076 -0.57063184518456178
2028 2029 0.57928738563852455
2029 2077 0.45667734325631681
2029 2030 -1.4312462117497573
2030 2078 1.5914164368260495
2030 2031 -0.99973448067631521
2031 2079 -0.68520828758936492
2031 2032 -0.90372333763515222
2032 2080 1.2822396327876548
2032 2033 0.55609120713915661
2033 2081 0.29232684812101689
2033 2034 -1.9757965225076468
2034 2082 1.4803918134592053
2034 2035 -0.87253480116666615
2035 2083 -0.22067076074478131
2035 2036 0.61759202452224649
2036 2084 1.0531051413993258
2036 2037 1.4139138611866919
2037 2085 -0.46613515400691347
2037 2038 0.33905037310004393
2038 2086 1.2556577096572907
2038 2039 0.073200850323053956
2039 2087 -1.8096404971552316
2039 2040 0.50360950181760167
2040 2088 0.58375076381659119
2040 2041 0.65681369019363034
2041 2089 0.25926233769959761
2041 2042 0.74442013855414257
2042 2090 -0.14586031880961539
2042 2043 -0.65466716316461138
2043 2091 0.67981949710183942
2043 2044 0.64979371837503219
2044 2092 -0.044755491899097978
2044 2045 1.6642916011596076
2045 2093 2.1537003204406511
2045 2046 0.7665969498963916
2046 2094 -1.1329690255177531
2046 2047 -0.0013951484194046197
2047 2095 -1.1743523103661397
2047 2048 -1.3882932296653219
2048 2096 -0.25462101174330309
2048 2049 -0.92039812109836561
2049 2097 -0.22788707244088424
2049 2050 1.2971338415541034
2050 2098 -0.91226508835117193
2050 2051 0.45822606249840525
2051 2099 0.083953827064763981
2051 2052 0.5477961280678264
2052 2100 0.2217179728851438
2052 2053 -0.7042685246674093
2053 2101 -0.57518530057203521
2053 2054 1.0229793831470135
2054 2102 -0.48864725448985519
2054 2055 0.87895334339169473
2055 2103 0.36258223680592044
2055 2056 -0.55550875620904205
2056 2104 -0.85962207915294819
2056 2057 1.8406731413756503
2057 2105 0.34894321635020054
2057 2058 -0.13780842514577013
2058 2106 -1.9471571041024076
2058 2059 -0.53622431930510206
2059 2107 -0.31034585606035503
2059 2060 -0.72036293709925703
2060 2108 -1.0181502107585167
2060 2061 0.81728775870826786
2061 2109 0.476129384854524
2061 2062 0.075265745019011732
2062 2110 0.26567008798416358
2062 2063 -0.2733294267042799
2063 2111 0.023075051235885373
2016 2063 1.1011402007001627
2064 2112 1.4815376484904488
2064 2065 0.73537441019701588
2065 2113 0.89050042047838496
2065 2066 -0.43754481628685588
2066 2114 0.068151918662437264
2066 2067 -1.3437535893966253
2067 2115 3.1677148556736192
2067 2068 -1.6871195672985484
2068 2116 0.69884206040680164
2068 2069 -1.0301255390409767
2069 2117 -0.87166542217706078
2069 2070 0.38242449432626502
2070 2118 1.2073514593766672
2070 2071 0.7717035230623891
2071 2119 -0.019751219712583031
2071 2072 1.0176583350961013
2072 2120 0.91420155047758611
2072 2073 -0.27519481676099505
2073 2121 1.0604210754374563
2073 2074 0.22324245029510639
2074 2122 -0.35005995621164776
2074 2075 -2.7622245935250014
2075 2123 -1.4646037144361848
2075 2076 0.4035499596516513
2076 2124 0.72152854881470407
2076 2077 0.073646102217836448
2077 2125 -1.0448718014282121
2077 2078 0.91526729770244186
2078 2126 -0.81195015212266874
2078 2079 -0.89075016734723356
2079 2127 0.37805118451427877
2079 2080 -0.73858813482362407
2080 2128 0.7044651819553307
2080 2081 -1.488861863945905
2081 2129 0.85662038867168866
2081 2082 0.7451277829494064
2082 2130 -0.76707416282188601
2082 2083 0.084857484337432884
2083 2131 -0.3421645252753634
2083 2084 0.8162212899978013
2084 2132 0.81763595617097495
2084 2085 0.83419428532819406
2085 2133 0.039176052304270327
2085 2086 -0.025496881512208785
2086 2134 0.32179452549428939
2086 2087 -0.34732103006961063
2087 2135 -1.1247135304073166
2087 2088 1.5223857698974623
2088 2136 0.11662952065948705
2088 2089 0.24100318406139554
2089 2137 0.30999788329388633
2089 2090 0.51036897927867719
2090 2138 -0.9716351297316469
2090 2091 -0.62843619876485501
2091 2139 -0.79823828844368416
2091 2092 -0.80762488546173061
2092 2140 -1.7367790644631924
2092 2093 0.041622107176637606
2093 2141 0.017050604160377132
2093 2094 -1.2784338473274113
2094 2142 -0.25817717612714819
2094 2095 -0.34468470808953344
2095 2143 0.095526409495540907
2095 2096 0.20125875343293317
2096 2144 -0.68428650697581506
2096 2097 0.59268538548744232
2097 2145 -0.37579250022500671
2097 2098 0.72029464981212266
2098 2146 1.3894496996999897
2098 2099 -0.4007751190716356
2099 2147 0.011556149590007756
2099 2100 -0.60492610321391105
2100 2148 -0.25419246175880061
2100 2101 2.1301277920758399
2101 2149 -2.0904208773644211
2101 2102 -0.82139539394825101
2102 2150 -0.58191653845100344
2102 2103 -1.1767662873038902
2103 2151 0.16795632181634995
2103 2104 0.17171540719401265
2104 2152 1.0420350528704085
2104 2105 -1.0078133363582218
2105 2153 -0.023292661920763243
2105 2106 0.14427979610080294
2106 2154 -0.78008470270305252
2106 2107 -0.43087589698743262
2107 2155 -0.51323961827443443
2107 2108 -1.4006595903156933
2108 2156 0.38181957704169922
2108 2109 -0.23476775197905292
2109 2157 -0.8389386495230079
2109 2110 -0.9094556901165084
2110 2158 0.71034510746224122
2110 2111 0.3182652394450951
2111 2159 -1.4037047111872116
2064 2111 0.65153482086121561
2112 2160 -0.34966657736005025
2112 2113 0.64847507976357854
2113 2161 0.0083427113369607259
2113 2114 -0.651134723835333
2114 2162 -1.0143543019380046
2114 2115 -1.5180156908781615
2115 2163 -0.98162560903554497
2115 2116 -1.5291341513807943
2116 2164 -1.1957721830943384
2116 2117 -0.31477967432106185
2117 2165 1.3556076937652923
2117 2118 0.82100269087915456
2118 2166 1.1735131729119181
2118 2119 -1.1769100741697314
2119 2167 2.3027883879934263
2119 2120 -0.72333990424140138
2120 2168 -1.7280625030603685
2120 2121 1.0065982091138279
2121 2169 0.88871656301872493
2121 2122 -1.4272760261332014
2122 2170 1.1269712413050763
2122 2123 -1.4430943299008292
2123 2171 0.89518288002250868
2123 2124 0.80282696423726263
2124 2172 -0.10299262069840809
2124 2125 0.41804408398350351
2125 2173 0.79582839635041291
2125 2126 0.59522387822360512
2126 2174 -1.0011838353471796
2126 2127 -0.13089004865106577
2127 2175 0.26992092613437146
2127 2128 -0.67831453597576274
2128 2176 -1.0001944036308366
2128 2129 -0.68840039478880366
2129 2177 0.42581635534574808
2129 2130 -0.4118357330251855
2130 2178 0.50171739508433877
2130 2131 -0.52913201484075545
2131 2179 0.38080303340014299
2131 2132 0.931351455087846
2132 2180 -0.65492533088246785
2132 2133 0.44872031513265898
2133 2181 0.71562831874441013
2133 2134 -0.79415925692830902
2134 2182 1.7737618261020556
2134 2135 0.7118249071413113
2135 2183 0.44273390452083267
2135 2136 0.44523042982857414
2136 2184 -0.60065493521203106
2136 2137 -0.49855547847347487
2137 2185 -0.49065066405919616
2137 2138 0.49045940030231372
2138 2186 -0.24067780373039999
2138 2139 -1.0316706166011615
2139 2187 0.49544484351074602
2139 2140 -0.35228584991092632
2140 2188 0.79588340888304676
2140 2141 -0.64966789422741145
2141 2189 -0.74719314420029326
2141 2142 -0.34257191899621847
2142 2190 0.090117313684973846
2142 2143 -0.023465476185846868
2143 2191 -1.2828607990525895
2143 2144 0.8620762783580791
2144 2192 -0.37713557694702404
2144 2145 0.46147479050929008
2145 2193 -0.33858935480609159
2145 2146 -0.31840232221039561
2146 2194 2.0978831738639454
2146 2147 -0.37030837112872433
2147 2195 -0.4855535156501557
2147 2148 0.1787881259446292
2148 2196 0.83797606891065135
2148 2149 0.7564840737753421
2149 2197 1.3993040449479142
2149 2150 0.36559168327698444
2150 2198 -1.2869995033114929
2150 2151 0.70855759580527589
2151 2199 0.0061146464607850443
2151 2152 0.20594373741060126
2152 2200 -1.1968804007018745
2152 2153 0.047107668800735331
2153 2201 -0.56928942252776049
2153 2154 0.72858278314363123
2154 2202 -1.6066296060757801
2154 2155 -0.057569317432707996
2155 2203 -1.3761426060129389
2155 2156 0.47248770358696141
2156 2204 1.2707814533485124
2156 2157 0.34266077579287463
2157 2205 0.32167384275867611
2157 2158 0.78947513253985924
2158 2206 0.44785982557897341
2158 2159 -0.44540128145144947
2159 2207 -1.0638446300053135
2112 2159 0.97084433975650031
2160 2208 1.3769905246073624
2160 2161 -1.0182561191112898
2161 2209 0.14958069379854275
2161 2162 -0.35132200348328735
2162 2210 0.04284980514387713
2162 2163 -0.62322725562767889
2163 2211 0.17169416972081475
2163 2164 -0.27127073736223856
2164 2212 -0.18680331232764899
2164 2165 0.78323653855516706
2165 2213 -0.8265754230736182
2165 2166 -0.9148461922487382
2166 2214 1.2323727127300437
2166 2167 -0.54338161812371044
2167 2215 -1.2386729102224048
2167 2168 -0.29526439711316649
2168 2216 0.16227130968725462
2168 2169 0.65961816797771622
2169 2217 0.55489561221699779
2169 2170 0.059719822883052692
2170 2218 0.8080060767774
2170 2171 0.98790090095154193
2171 2219 0.20522597800132028
2171 2172 0.38422390702996917
2172 2220 1.5015512747377306
2172 2173 1.1597462952585784
2173 2221 1.6516314420633385
2173 2174 0.85747462382942963
2174 2222 -1.1657417354175335
2174 2175 -0.028944578082390676
2175 2223 -0.10189735870117715
2175 2176 0.31024013190516114
2176 2224 0.58765886654587274
2176 2177 -0.83623477988702588
2177 2225 -0.085851577903159421
2177 2178 -0.1116758979903754
2178 2226 0.49058836188168636
2178 2179 0.50915617999649321
2179 2227 -0.50709991602273019
2179 2180 0.29859042075094799
2180 2228 0.66205362710323368
2180 2181 -0.44832105389052623
2181 2229 -0.62154370875368514
2181 2182 0.43382062595434723
2182 2230 0.37832738479991396
2182 2183 -0.081736260443543027
2183 2231 -0.3706109381683822
2183 2184 2.2531236568518063
2184 2232 1.5957378585711857
2184 2185 0.86738653908630825
2185 2233 -0.8949144867322929
2185 2186 -0.2893214351649826
2186 2234 -1.0560266993353764
2186 2187 0.42611921125396474
2187 2235 -0.38699323247268419
2187 2188 0.93841107558317804
2188 2236 -1.4704391821686267
2188 2189 0.54620872278965871
2189 2237 -0.88832449896654853
2189 2190 -1.4632628299129551
2190 2238 -0.095639534478973914
2190 2191 -1.1013273886939865
2191 2239 -0.3869409204563618
2191 2192 0.8041408113566757
2192 2240 1.7786961061415809
2192 2193 -0.3459624795574549
2193 2241 -0.54576229726033432
2193 2194 -0.1787794951816766
2194 2242 0.057178127577025235
2194 2195 0.038592276698774679
2195 2243 -0.031034711558061038
2195 2196 0.66678922723598533
2196 2244 1.4702039481667146
2196 2197 0.6215632898003689
2197 2245 0.55125588574588824
2197 2198 -0.19047319468100893
2198 2246 -0.26969218235165526
2198 2199 -0.77529844028842143
2199 2247 -2.1327067814619105
2199 2200 0.037167414668974004
2200 2248 0.4853181587015552
2200 2201 -1.079352417082279
2201 2249 -2.3389008585946161
2201 2202 0.29507879176953178
2202 2250 0.42405894046087483
2202 2203 1.4567413001143363
2203 2251 -0.3213176100605164
2203 2204 0.38874737780115659
2204 2252 -0.34880285770590336
2204 2205 0.42953598351096389
2205 2253 -0.62105023067724141
2205 2206 2.1537084631197203
2206 2254 0.35869103114074463
2206 2207 0.30347834391606948
2207 2255 0.74489548265971772
2160 2207 1.1001542536233513
2208 2256 1.1617514688566799
2208 2209 1.4650721828636704
2209 2257 0.67534998580505268
2209 2210 -0.61000424381556417
2210 2258 -0.1252348822381312
2210 2211 -1.2073067737834546
2211 2259 0.73029450228898452
2211 2212 -0.2271801060287823
2212 2260 -1.0904499854902963
2212 2213 1.1813324996644436
2213 2261 0.35242224601271954
2213 2214 -0.19786080956993077
2214 2262 -1.0518506714520384
2214 2215 1.0074603888127329
2215 2263 -0.92988041079204486
2215 2216 0.63249925404198182
2216 2264 -0.48709855705828126
2216 2217 1.2164609089011458
2217 2265 1.5019617241738228
2217 2218 0.72175876636388525
2218 2266 -0.50318204295294766
2218 2219 0.46521700223685081
2219 2267 0.68220978517235709
2219 2220 1.3736389162187819
2220 2268 -0.081880071811888291
2220 2221 -1.3499049583461591
2221 2269 2.0388013036022459
2221 2222 -1.1395727109239173
2222 2270 1.834867707071268
2222 2223 -0.17407026208578216
2223 2271 0.27803347908905934
2223 2224 0.63912168290315585
2224 2272 1.6005672677077163
2224 2225 -1.8859611454172776
2225 2273 -1.2062144715587027
2225 2226 -1.3362210590743924
2226 2274 1.3567602463809754
2226 2227 0.28742030825303333
2227 2275 -0.0074450706572383755
2227 2228 -1.8388379216011723
2228 2276 0.50937010390450432
2228 2229 1.6856688217257787
2229 2277 0.9972574551576997
2229 2230 -1.9060834092840888
2230 2278 0.1707651190289742
2230 2231 0.68072001803461624
2231 2279 -0.33192482003773893
2231 2232 -0.87427142467888108
2232 2280 -0.1244713349304068
2232 2233 -0.88320960314006436
2233 2281 -1.596278325627646
2233 2234 0.23293262938157042
2234 2282 -1.1238984940724994
2234 2235 -0.19104388710487052
2235 2283 0.40655590804651881
2235 2236 1.1656083076943344
2236 2284 1.9256419844837229
2236 2237 1.2596663483549864
2237 2285 0.90855428534559735
2237 2238 -2.4269245741027925
2238 2286 0.52205692574863749
2238 2239 1.554206083317569
2239 2287 0.23783952232765548
2239 2240 -0.88199838888446991
2240 2288 0.89545022849822653
2240 2241 -0.27265332698098643
2241 2289 -0.15027230117435425
2241 2242 -1.1278741861625863
2242 2290 0.54704034136139734
2242 2243 -0.19500369576506574
2243 2291 -0.66185213651732444
2243 2244 -0.11558364967154768
2244 2292 1.4408421191913021
2244 2245 -0.7052878547277176
2245 2293 -0.39300310550487771
2245 2246 2.5985127096176672
2246 2294 0.32324870983682247
2246 2247 0.32655039704158018
2247 2295 -0.62666744157703014
2247 2248 1.3983372350860754
2248 2296 0.3244302059938855
2248 2249 -0.38524423043603773
2249 2297 -0.73203205648057901
2249 2250 -2.5266868360309487
2250 2298 0.26639581448154903
2250 2251 -0.74418615723608372
2251 2299 1.0085125761789862
2251 2252 0.27864906183330562
2252 2300 0.15004897342109258
2252 2253 0.37046862899000321
2253 2301 -0.16198827441594282
2253 2254 0.57404478412704929
2254 2302 0.3400133915449759
2254 2255 0.644632186823072
2255 2303 -1.1484341836395395
2208 2255 -0.3593472765582798
0 2256 -0.59478417567804409
2256 2257 0.26605254485273933
1 2257 1.1102165682724066
2257 2258 -0.30259185929643156
2 2258 0.70286097402882275
2258 2259 0.15824772391227798
3 2259 -0.3588164323401728
2259 2260 -1.6591839376916793
4 2260 1.5116415137667647
2260 2261 -0.45219196838953679
5 2261 -0.53407048493886999
2261 2262 1.1285044506476734
6 2262 -0.04410460912757156
2262 2263 1.3275550302436674
7 2263 1.014040445146313
2263 2264 -1.0191639639692509
8 2264 0.43004575823483554
2264 2265 1.5119924121000663
9 2265 -0.61131642749119608
2265 2266 2.1318070267231883
10 2266 0.34492644133807732
2266 2267 -0.96982233180241317
11 2267 1.3377403733062556
2267 2268 -1.7469671859110585
12 2268 -0.33169727004216298
2268 2269 0.16784334705179194
13 2269 -0.32536573516437739
2269 2270 -0.51087858295226063
14 2270 0.34283845862640372
2270 2271 -0.52015381502580904
15 2271 -0.33043386518427847
2271 2272 1.1087079116535075
16 2272 -0.52545589804953319
2272 2273 -0.60712303205958196
17 2273 -1.2816804600266443
2273 2274 -0.11664993946380846
18 2274 0.99816477941619908
2274 2275 1.846249568647071
19 2275 -0.44824701996762301
2275 2276 1.5431874283352893
20 2276 0.93309706354255506
2276 2277 0.44991985404256407
21 2277 0.38685973761482428
2277 2278 0.40428030573339879
22 2278 -0.41228961100479622
2278 2279 0.65131863313162164
23 2279 0.33960418031093415
2279 2280 0.18739413343660508
24 2280 1.416321262987275
2280 2281 0.68372188757371433
25 2281 -1.1829155308389239
2281 2282 -0.73851228354625398
26 2282 0.75914928063921006
2282 2283 -0.23413588227584911
27 2283 1.1271787761636005
2283 2284 -1.4396930887261037
28 2284 -0.91446029927909656
2284 2285 1.1620378490232093
29 2285 -1.5023093628396409
2285 2286 0.56635214977071302
30 2286 -1.6977406919137956
2286 2287 1.1771225983417852
31 2287 1.359789814079543
2287 2288 -0.73053895677382563
32 2288 0.86706651294728809
2288 2289 -0.83501294769761436
33 2289 -1.7891425284611511
2289 2290 -0.19547670818910881
34 2290 -0.25743740241310548
2290 2291 2.1108956232420559
35 2291 0.8905609373731842
2291 2292 -1.2860777801530741
36 2292 -1.9713425064961265
2292 2293 -0.8183692816802034
37 2293 0.66838805305081184
2293 2294 -1.2284840820796943
38 2294 0.49802864396241686
2294 2295 -0.52943459854830954
39 2295 -0.054810882252253071
2295 2296 1.5965032719338175
40 2296 1.89256309808741
2296 2297 0.69273998256230052
41 2297 -0.58048917110377529
2297 2298 1.6342888930424802
42 2298 0.63733893057320035
2298 2299 0.83481381717044367
43 2299 0.58423848529841338
2299 2300 -0.70816414202469335
44 2300 0.61978473814437507
2300 2301 1.0374837458306072
45 2301 0.76382093164253306
2301 2302 -0.77244659819372996
46 2302 -0.72526291690175915
2302 2303 0.55058320790530846
47 2303 1.6917636295945493
2256 2303 -1.1933418992511948
